date,stock_id,close,volume,open,high,low,ret1,mom5,mom10,mom20,mom60,vol20,ma5,ma10,ma20,ma60,vol_ma5,vol_ma20,volume_ratio,vol_dry_ratio,high_20,low_20,high_60,low_60,range_20,ma_max,ma_min,ma_converge_pct,ma20_slope,kd_k,kd_d,kd_cross,macd_diff,macd_signal,macd_hist,macd_cross,trend_score,volume_score,structure_score,confirm_score,raw_score,risk_penalty,entry_score,action,action_label,action_sub,note
2026-09-30,2258,32.0,866835,32.0,32.0,32.0,0.03392568659127626,0.020733652312599604,0.06312292358803973,0.02893890675241151,0.0,0.01945189678649123,30.99,30.915,30.9475,30.954761904761902,433210.0,409703.1,2.11576382995393,1.0573754506617083,32.0,30.05,32.0,30.05,0.06093749999809569,30.99,30.915,0.002343749999926736,0.0,63.1496353955494,51.19090256429918,1,0.03172017368150648,-0.04402467714994455,0.07574485083145102,1,28.0,25.0,22.0,20.0,95.0,0.0,95.0,BUY,🟢 買進,可分批進場,趨勢轉強｜量能回溫｜結構收斂｜KD/MACD確認
2026-09-30,2618,42.85,27537928,42.85,42.85,42.85,0.032530120481927716,0.021454112038140627,0.019024970273484154,0.020238095238095166,0.0,0.01402426011649069,42.34,41.995000000000005,42.155,42.147619047619045,23705818.8,18030740.7,1.5272765804901183,1.3147445906090813,42.85,41.2,42.85,41.2,0.038506417735390715,42.34,41.995000000000005,0.00805134189012713,0.0,66.61627769360548,59.25585191249025,1,0.045001532544070244,0.003302038904591082,0.04169949363947916,1,28.0,20.0,22.0,20.0,90.0,0.0,90.0,BUY,🟢 買進,可分批進場,趨勢轉強｜量能回溫｜結構收斂｜KD/MACD確認
2026-09-30,1423,36.0,19091,36.0,36.0,36.0,0.048034934497816595,0.03597122302158273,0.03299856527977041,0.0,0.0,0.015715401514153488,34.98,35.019999999999996,36.0,36.0,11238.0,11048.736842105263,1.727889827843941,1.0171298457550788,36.0,34.35,36.0,34.35,0.04583333333206015,35.019999999999996,34.98,0.0011111111110802233,0.0,42.93737631037773,32.17211592240634,1,-0.09854119302210052,-0.10502865466685307,0.006487461644752557,1,25.0,25.0,22.0,17.0,89.0,0.0,89.0,BUY,🟢 買進,可分批進場,趨勢轉強｜量能回溫｜結構收斂｜KD/MACD確認
2026-09-30,1597,146.5,3566141,146.5,146.5,146.5,0.0,0.061594202898550776,0.061594202898550776,0.05776173285198549,0.0,0.041493586458124315,139.0,138.15,142.675,142.47619047619048,1665460.8,2602615.8,1.3702141514702242,0.6399180393817634,155.0,133.5,155.0,133.5,0.14675767917988564,142.675,138.15,0.03088737201344108,0.0,59.58097579553778,36.56217085770874,0,-0.23762667479789457,-0.39359485039636233,0.15596817559846776,1,28.0,25.0,25.0,10.0,88.0,0.0,88.0,BUY,🟢 買進,可分批進場,趨勢轉強｜量能回溫｜結構收斂｜KD/MACD確認
2026-09-30,5243,91.5,1599795,91.5,91.5,91.5,0.031567080045095786,0.018930957683741756,0.06025492468134419,0.013289036544850585,0.0,0.02585475364898743,89.06,88.78999999999999,89.76,89.78571428571429,851931.0,894133.75,1.789212184418716,0.9528004059795293,95.4,85.3,95.4,85.3,0.1103825136599959,89.76,88.78999999999999,0.010601092896059146,0.0,74.7564461390871,61.081817420857185,0,-0.2683643691258055,-0.39528294630582683,0.1269185771800213,1,28.0,25.0,25.0,10.0,88.0,0.0,88.0,BUY,🟢 買進,可分批進場,趨勢轉強｜量能回溫｜結構收斂｜KD/MACD確認
2026-09-30,1468,13.5,79041,13.5,13.5,13.5,0.026615969581748944,0.03053435114503822,0.018867924528301883,0.026615969581748944,0.0,0.01499057907372222,13.169999999999998,13.125,13.165000000000001,13.164285714285715,65408.2,74434.9,1.0618809187625555,0.8787302730305155,13.5,12.85,13.5,12.85,0.04814814814458165,13.169999999999998,13.125,0.003333333333086283,0.0,74.25168548615056,58.84233606355752,0,0.017101654870977256,-0.002281348196252389,0.019383003067229645,1,28.0,25.0,22.0,13.0,88.0,0.0,88.0,BUY,🟢 買進,可分批進場,趨勢轉強｜量能回溫｜結構收斂｜KD/MACD確認
2026-09-30,2231,94.7,242159,94.7,94.7,94.7,0.02934782608695663,0.015005359056806,0.055741360089186065,0.03723986856516981,0.0,0.013002482747001437,92.18,91.47,90.885,90.9047619047619,144813.4,139679.2,1.7336797461611912,1.036757083373895,94.7,89.0,94.7,89.0,0.06019007391699908,92.18,90.885,0.013674762407458572,0.0,74.39544783432402,66.27666097872634,1,0.4217791948269962,0.04641442884598717,0.37536476598100904,0,28.0,25.0,22.0,13.0,88.0,0.0,88.0,BUY,🟢 買進,可分批進場,趨勢轉強｜量能回溫｜結構收斂｜KD/MACD確認
2026-09-30,2352,29.65,5731705,29.65,29.65,29.65,0.022413793103448265,0.0016891891891890332,0.03130434782608682,0.04585537918871241,0.0,0.013166781663984054,29.21,29.129999999999995,28.952499999999997,28.923809523809524,3746860.2,4597500.2,1.2467003264078158,0.8149777133234272,29.65,28.3,29.65,28.3,0.045531197300319286,29.21,28.952499999999997,0.008684654299875859,0.0,75.09734469193472,70.7268556794674,1,0.21344855995247158,0.1796082643413752,0.03384029561109639,0,28.0,25.0,22.0,13.0,88.0,0.0,88.0,BUY,🟢 買進,可分批進場,趨勢轉強｜量能回溫｜結構收斂｜KD/MACD確認
2026-09-30,2371,30.45,25702091,30.45,30.45,30.45,0.03747870528109032,0.014999999999999902,0.10126582278481022,0.0855614973262031,0.0,0.020508467424115277,29.419999999999998,29.235000000000003,28.595000000000006,28.56904761904762,12468481.8,10481413.95,2.45215875669141,1.1895801329361675,30.45,27.45,30.45,27.45,0.0985221674844492,29.419999999999998,28.595000000000006,0.02709359605822327,0.0,77.83824162056412,72.91163249762154,1,0.43178953360688865,0.2682331647076354,0.16355636889925323,0,28.0,25.0,22.0,13.0,88.0,0.0,88.0,BUY,🟢 買進,可分批進場,趨勢轉強｜量能回溫｜結構收斂｜KD/MACD確認
2026-09-30,6196,585.0,3126316,585.0,585.0,585.0,0.0753676470588236,0.09345794392523366,0.125,0.2061855670103092,0.0,0.03231540280875616,555.6,540.8,527.0,525.0,1904571.8,1754684.25,1.781697191389276,1.085421379943428,585.0,492.0,585.0,485.0,0.15897435897408724,555.6,527.0,0.04888888888880536,0.0,85.96607330099981,82.17990328154951,1,17.575531121833023,12.949255569264132,4.626275552568892,0,28.0,25.0,22.0,13.0,88.0,0.0,88.0,BUY,🟢 買進,可分批進場,趨勢轉強｜量能回溫｜結構收斂｜KD/MACD確認
2026-09-30,1605,38.4,42069458,38.4,38.4,38.4,0.05639614855570829,0.035040431266846195,0.037837837837837895,-0.020408163265306256,0.0,0.01714246845719384,37.010000000000005,36.95,37.45,37.53333333333334,17792149.8,15710995.35,2.6777080040317114,1.1324648377545348,38.75,36.35,39.2,36.35,0.062499999998372364,37.45,36.95,0.013020833332994251,0.0,48.67847629113602,35.29405719889175,1,-0.4438067465284874,-0.5180378423585431,0.07423109583005572,1,20.0,25.0,25.0,17.0,87.0,0.0,87.0,BUY,🟢 買進,可分批進場,趨勢轉強｜量能回溫｜結構收斂｜KD/MACD確認
2026-09-30,2610,20.45,16977467,20.45,20.45,20.45,0.01741293532338295,0.00987654320987641,0.012376237623762387,0.00987654320987641,0.0,0.010008633951501892,20.36,20.240000000000002,20.325,20.321428571428573,20946338.4,15925784.9,1.0660364375510307,1.3152468485242441,20.6,19.9,20.6,19.9,0.034229828849182055,20.36,20.240000000000002,0.005867970659859632,0.0,68.96739028784415,62.3214617104871,1,0.005494973984827567,-0.0013868739492510409,0.006881847934078608,1,28.0,20.0,18.0,20.0,86.0,0.0,86.0,BUY,🟢 買進,可分批進場,趨勢轉強｜量能回溫｜結構收斂｜KD/MACD確認
2026-09-30,1802,59.9,23784387,59.9,59.9,59.9,0.03993055555555558,-0.0033277870216306127,0.03633217993079585,-0.014802631578947345,0.0,0.02233525930584681,58.46,58.42,59.02,59.10476190476191,16454564.0,20330121.35,1.169908757086686,0.8093687055143918,61.3,56.0,61.3,56.0,0.08848080133408208,59.02,58.42,0.01001669449065083,0.0,64.6662870600617,56.929280934389816,1,-0.4692100503171943,-0.5460408078159371,0.0768307574987428,1,19.0,25.0,25.0,17.0,86.0,0.0,86.0,BUY,🟢 買進,可分批進場,趨勢轉強｜量能回溫｜結構收斂｜KD/MACD確認
2026-09-30,1301,68.1,52831958,68.1,68.1,68.1,0.05417956656346745,0.04447852760736182,0.08267090620031792,0.028700906344410804,0.0,0.021569433211029523,64.9,64.36999999999999,65.075,65.12857142857143,28340843.2,29592995.45,1.7852859163670773,0.9576875462939998,68.1,62.0,68.1,62.0,0.08957415565213539,65.075,64.36999999999999,0.010352422907337153,0.0,75.51146535545328,59.86005332151165,0,-0.19478274115395777,-0.45858802339293614,0.26380528223897837,1,28.0,25.0,22.0,10.0,85.0,0.0,85.0,BUY,🟢 買進,可分批進場,趨勢轉強｜量能回溫｜結構收斂｜KD/MACD確認
2026-09-30,6916,18.7,35000,18.7,18.7,18.7,0.013550135501354976,0.03314917127071815,0.030303030303030276,0.021857923497267784,0.0,0.0133333585167733,18.34,18.240000000000002,18.43,18.423809523809524,25848.8,28783.8,1.215961756265635,0.8980329212959756,19.05,17.95,19.05,17.95,0.05882352940861914,18.43,18.240000000000002,0.010160427806943172,0.0,67.61977470023365,47.042580140132394,0,-0.002856058541532036,-0.02050668469929804,0.017650626157766004,1,28.0,25.0,22.0,10.0,85.0,0.0,85.0,BUY,🟢 買進,可分批進場,趨勢轉強｜量能回溫｜結構收斂｜KD/MACD確認
2026-09-30,1718,10.85,16182557,10.85,10.85,10.85,0.02843601895734582,0.009302325581395321,0.02843601895734582,-0.004587155963302836,0.0,0.021284588698278938,10.639999999999999,10.635,10.6425,10.654761904761905,8607945.8,14567519.25,1.1108656678109416,0.5908999090562382,11.15,10.4,11.15,10.4,0.06912442395676273,10.6425,10.635,0.0006912442395676535,0.0,53.5446919932111,45.41066306510109,1,-0.04095585449455719,-0.061701532759791365,0.02074567826523418,0,25.0,25.0,25.0,10.0,85.0,0.0,85.0,BUY,🟢 買進,可分批進場,趨勢轉強｜量能回溫｜結構收斂｜KD/MACD確認
2026-09-30,1103,13.2,573331,13.2,13.2,13.2,0.01538461538461533,0.0038022813688212143,0.011494252873563093,0.0,0.0,0.008292943522627567,13.1,13.105,13.145000000000001,13.147619047619049,356643.4,363883.3,1.57559030601294,0.9801037860215048,13.35,13.0,13.35,13.0,0.026515151513142765,13.145000000000001,13.1,0.003409090908832774,0.0,32.78276699491913,30.366730750089754,1,-0.0229044964316234,-0.023881920248994756,0.0009774238173713562,1,25.0,25.0,18.0,17.0,85.0,0.0,85.0,BUY,🟢 買進,可分批進場,趨勢轉強｜量能回溫｜結構收斂｜KD/MACD確認
2026-09-30,4763,48.9,11831200,48.9,48.9,48.9,0.04375667022411944,-0.015105740181268867,-0.00911854103343468,0.05615550755939536,0.0,0.03860174022565268,47.26,47.714999999999996,48.63250000000001,48.52142857142857,10661544.6,9653281.1,1.2256143664976251,1.1044477509310278,51.5,44.9,51.5,44.9,0.13496932515061416,48.63250000000001,47.26,0.028067484662002904,0.0,49.34516334227246,45.89747606206001,1,0.0550196799478897,0.23450625538353143,-0.17948657543564173,0,22.0,25.0,25.0,13.0,85.0,0.0,85.0,BUY,🟢 買進,可分批進場,趨勢轉強｜量能回溫｜結構收斂｜KD/MACD確認
2026-09-30,1773,167.5,1291274,167.5,167.5,167.5,0.0,0.037151702786377694,0.07028753993610226,0.021341463414634054,0.0,0.02003989163883259,165.3,163.1,162.775,162.83333333333334,854575.2,758008.2,1.7035092760210224,1.1273957194658302,171.5,156.5,171.5,156.5,0.08955223880543552,165.3,162.775,0.015074626865581678,0.0,92.09661889806145,79.64091194792876,0,0.5757602355204199,-0.23682151570783877,0.8125817512282587,0,28.0,25.0,25.0,6.0,84.0,0.0,84.0,BUY,🟢 買進,可分批進場,趨勢轉強｜量能回溫｜結構收斂｜指標初轉強
2026-09-30,2426,104.0,65671370,104.0,104.0,104.0,0.04208416833667328,0.04208416833667328,0.11468381564844599,0.0633946830265848,0.0,0.053296759247271515,99.46000000000001,98.57000000000001,98.99,98.93333333333332,35769649.8,45841416.8,1.432577232211549,0.7802911056623363,107.5,90.8,107.5,90.8,0.1605769230753791,99.46000000000001,98.57000000000001,0.008557692307610028,0.0,78.8830711276242,68.2304796078463,0,0.4829965090096948,0.021425250284670044,0.4615712587250248,0,28.0,25.0,25.0,6.0,84.0,0.0,84.0,BUY,🟢 買進,可分批進場,趨勢轉強｜量能回溫｜結構收斂｜指標初轉強
2026-09-30,3017,3435.0,3653169,3435.0,3435.0,3435.0,0.010294117647058787,0.005856515373352744,0.03776435045317217,0.0029197080291971655,0.0,0.037197188568387406,3450.0,3357.0,3369.25,3371.904761904762,2955964.6,3018994.0,1.2100616960484185,0.9791223831514734,3570.0,3115.0,3570.0,3115.0,0.13245997088787992,3450.0,3357.0,0.02707423580785238,0.0,74.763565442376,72.10812036589242,0,9.446803882579843,-8.66594099349491,18.112744876074753,0,28.0,25.0,25.0,6.0,84.0,0.0,84.0,BUY,🟢 買進,可分批進場,趨勢轉強｜量能回溫｜結構收斂｜指標初轉強
2026-09-30,5292,230.0,335629,230.0,230.0,230.0,0.05263157894736836,0.05504587155963292,0.06728538283062635,0.04783599088838275,0.0,0.033487585116771836,220.5,217.5,220.175,220.14285714285714,110989.8,182209.95,1.841990516983283,0.6091313893670428,241.0,209.0,241.0,209.0,0.1391304347820038,220.5,217.5,0.013043478260812855,0.0,83.92858832425753,69.4319905458842,0,0.21583623842079191,-0.6943755511868113,0.9102117896076032,0,28.0,25.0,25.0,6.0,84.0,0.0,84.0,BUY,🟢 買進,可分批進場,趨勢轉強｜量能回溫｜結構收斂｜指標初轉強
2026-09-30,6658,180.5,363469,180.5,180.5,180.5,-0.002762430939226568,0.04034582132564846,0.08734939759036142,0.05247813411078717,0.0,0.03181970799175472,178.9,174.2,174.75,174.5952380952381,321861.4,332264.65,1.0939141434395712,0.9686898681517851,188.5,163.0,188.5,163.0,0.14127423822636415,178.9,174.2,0.02603878116329074,0.0,92.90253656012402,81.36426641745726,0,1.6056576944119456,0.4909654905851663,1.1146922038267792,0,28.0,25.0,25.0,6.0,84.0,0.0,84.0,BUY,🟢 買進,可分批進場,趨勢轉強｜量能回溫｜結構收斂｜指標初轉強
2026-09-30,1323,21.45,59437,21.45,21.45,21.45,0.011792452830188704,0.00233644859813098,-0.011520737327188946,0.004683840749414525,0.0,0.007105196501929435,21.330000000000002,21.365,21.354999999999997,21.354761904761904,37127.4,42518.05,1.397923940538162,0.8732150227961801,21.7,21.15,21.7,21.15,0.02564102563983029,21.365,21.330000000000002,0.0016317016316254027,0.0,44.78799848792209,33.580190182104104,1,0.002674656442088974,0.008683494801325653,-0.006008838359236679,0,28.0,25.0,18.0,13.0,84.0,0.0,84.0,BUY,🟢 買進,可分批進場,趨勢轉強｜量能回溫｜結構收斂｜KD/MACD確認
2026-09-30,2430,18.25,64269,18.25,18.25,18.25,0.00828729281767937,0.00828729281767937,0.01671309192200554,0.02528089887640439,0.0,0.005520362932646893,18.17,18.09,17.990000000000002,17.98095238095238,47171.6,48295.55,1.3307437227653205,0.9767276695264682,18.25,17.8,18.25,17.8,0.024657534245224207,18.17,17.990000000000002,0.009863013698089682,0.0,89.57596040407196,88.08506929417932,1,0.09482436069245637,0.07115722866228691,0.023667132030169458,0,28.0,25.0,18.0,13.0,84.0,0.0,84.0,BUY,🟢 買進,可分批進場,趨勢轉強｜量能回溫｜結構收斂｜KD/MACD確認
2026-09-30,6771,42.6,56644,42.6,42.6,42.6,0.019138755980861344,0.004716981132075526,0.021582733812949506,0.020359281437125842,0.0,0.006104113649327324,42.16,42.190000000000005,41.955,41.945238095238096,24956.4,30591.0,1.851655715733325,0.8158085711483504,42.6,41.5,42.6,41.5,0.025821596243525348,42.190000000000005,41.955,0.005516431924753289,0.0,66.04018481132753,68.21378190166591,0,0.1298922750130771,0.09987063469190575,0.030021640321171342,1,28.0,25.0,18.0,13.0,84.0,0.0,84.0,BUY,🟢 買進,可分批進場,趨勢轉強｜量能回溫｜結構收斂｜KD/MACD確認
2026-09-30,7730,179.5,93887,179.5,179.5,179.5,0.02865329512893977,0.05278592375366564,0.06845238095238093,0.037572254335260125,0.0,0.030209318568113323,173.7,172.75,174.35,174.28571428571428,54838.8,94927.7,0.9890369196767541,0.5776901789467082,188.0,168.0,188.0,168.0,0.11142061281274976,174.35,172.75,0.008913649025019949,0.0,72.60513841834597,56.13269037762235,0,0.10061728798427794,-0.30143011189447755,0.4020473998787555,1,28.0,17.0,25.0,13.0,83.0,0.0,83.0,BUY,🟢 買進,可分批進場,趨勢轉強｜量能回溫｜結構收斂｜KD/MACD確認
2026-09-30,2008,31.1,14409,31.1,31.1,31.1,0.01967213114754096,0.016339869281045694,0.01967213114754096,0.018003273322422242,0.0,0.011602738502936492,30.619999999999997,30.655,30.715000000000003,30.70714285714286,15890.8,13885.0,1.037738566798629,1.1444580482534286,31.4,30.5,31.4,30.5,0.028938906751481017,30.715000000000003,30.619999999999997,0.003054662379323193,0.0,38.42044824332392,23.81461856355626,1,0.018185679056728077,0.009619598918411954,0.008566080138316123,1,28.0,17.0,18.0,20.0,83.0,0.0,83.0,BUY,🟢 買進,可分批進場,趨勢轉強｜量能回溫｜結構收斂｜KD/MACD確認
2026-09-30,1608,36.25,2427498,36.25,36.25,36.25,0.029829545454545414,0.01115760111576014,0.00694444444444442,-0.03846153846153855,0.0,0.012433943781185166,35.660000000000004,35.745,36.14,36.214285714285715,1613781.6,1930412.2,1.2575024132151666,0.8359777253790663,37.35,35.2,37.7,35.2,0.059310344825950025,36.14,35.660000000000004,0.013241379309979463,0.0,44.59610653900676,30.217244160759268,1,-0.432755820337583,-0.44328991505396037,0.010534094716377396,1,20.0,25.0,21.0,17.0,83.0,0.0,83.0,BUY,🟢 買進,可分批進場,趨勢轉強｜量能回溫｜結構收斂｜KD/MACD確認
2026-09-30,1903,47.8,78429,47.8,47.8,47.8,0.017021276595744705,0.014861995753715496,0.0063157894736840525,0.0,0.0,0.008992097777633625,47.309999999999995,47.11,47.38,47.4,65327.8,74556.9,1.0519348309814243,0.8762140056788725,47.95,46.15,47.95,46.15,0.03765690376490267,47.38,47.11,0.0056485355647354525,0.0,75.74483025244557,59.811320893345375,0,-0.12457012124406219,-0.1614569400153142,0.036886818771251995,1,25.0,25.0,22.0,10.0,82.0,0.0,82.0,BUY,🟢 買進,可分批進場,趨勢轉強｜量能回溫｜結構收斂｜KD/MACD確認
2026-09-30,3607,14.0,220285,14.0,14.0,14.0,0.021897810218978186,0.014492753623188248,0.03321033210332103,0.0,0.0,0.009374478190967579,13.820000000000002,13.755,13.705000000000002,13.71904761904762,138034.8,157462.55,1.3989675640334711,0.8766198692959001,14.0,13.5,14.0,13.5,0.03571428571173469,13.820000000000002,13.705000000000002,0.008214285713698994,0.0,72.94141983495457,66.71712042480607,1,-0.01426285403684524,-0.05119140084398528,0.03692854680714004,0,25.0,25.0,22.0,10.0,82.0,0.0,82.0,BUY,🟢 買進,可分批進場,趨勢轉強｜量能回溫｜結構收斂｜KD/MACD確認
2026-09-30,3432,14.9,50972,14.9,14.9,14.9,0.006756756756756799,-0.013245033112582738,0.03114186851211076,0.0,0.0,0.027875394286440144,14.790000000000001,14.725,14.592500000000001,14.592500000000001,39869.4,39037.85,1.3057071534420748,1.0213011218599124,15.55,14.1,15.55,14.1,0.09731543623507957,14.790000000000001,14.592500000000001,0.013255033556157366,0.0,48.00972691286115,47.28732953403307,1,0.11290607785749351,0.08166751868143607,0.031238559176057445,0,19.0,25.0,25.0,13.0,82.0,0.0,82.0,BUY,🟢 買進,可分批進場,趨勢轉強｜量能回溫｜結構收斂｜KD/MACD確認
2026-09-30,4912,100.0,999173,100.0,100.0,100.0,0.03305785123966953,0.023541453428863823,0.13250283125707818,0.016260162601625883,0.0,0.029936912796209518,97.88,95.71000000000001,96.53,96.61904761904762,477191.8,632509.6,1.5796961816864097,0.7544419879160715,103.0,87.7,103.0,87.7,0.15299999999846997,97.88,95.71000000000001,0.021699999999782876,0.0,87.09587552335867,75.98368586295965,0,-0.06791170097824306,-0.7043062579814915,0.6363945570032484,0,28.0,25.0,25.0,3.0,81.0,0.0,81.0,BUY,🟢 買進,可分批進場,趨勢轉強｜量能回溫｜結構收斂
2026-09-30,1303,255.5,123417554,255.5,255.5,255.5,0.03441295546558698,0.06680584551148216,0.09188034188034178,0.053608247422680444,0.0,0.0339142777432867,239.9,235.85,234.575,234.95238095238096,79239137.8,76307902.65,1.6173626808494126,1.0384132579746639,255.5,221.0,255.5,221.0,0.13502935420690793,239.9,234.575,0.02084148727976194,0.0,83.5058227118077,69.1980370722027,0,1.1702981821004528,-1.168865008468872,2.339163190569325,0,28.0,25.0,22.0,6.0,81.0,0.0,81.0,BUY,🟢 買進,可分批進場,趨勢轉強｜量能回溫｜結構收斂｜指標初轉強
2026-09-30,1307,31.5,831627,31.5,31.5,31.5,0.021069692058346856,0.021069692058346856,0.03960396039603964,0.03109656301145658,0.0,0.007023080428347617,30.869999999999997,30.685000000000002,30.615000000000002,30.611904761904764,485590.0,451063.4,1.8437031246605202,1.076544893689,31.5,30.15,31.5,30.15,0.042857142855782356,30.869999999999997,30.615000000000002,0.00809523809498096,0.0,87.39282294747173,75.45782387569867,0,0.11337671221620482,0.03460166223697485,0.07877504997922997,0,28.0,25.0,22.0,6.0,81.0,0.0,81.0,BUY,🟢 買進,可分批進場,趨勢轉強｜量能回溫｜結構收斂｜指標初轉強
2026-09-30,1459,16.7,356148,16.7,16.7,16.7,0.043749999999999956,0.060317460317460325,0.09508196721311468,0.07741935483870965,0.0,0.014726755653771184,16.05,15.825,15.647499999999999,15.640476190476189,139543.4,140104.2,2.542022294834826,0.9959972648928369,16.7,15.25,16.7,15.25,0.08682634730019,16.05,15.647499999999999,0.024101796405742507,0.0,97.15058183601815,90.82387142473092,0,0.1737851791264866,0.07412601157221996,0.09965916755426665,0,28.0,25.0,22.0,6.0,81.0,0.0,81.0,BUY,🟢 買進,可分批進場,趨勢轉強｜量能回溫｜結構收斂｜指標初轉強
2026-09-30,1513,168.0,2911349,168.0,168.0,168.0,0.0059880239520957446,0.009009009009008917,0.02752293577981657,0.024390243902439046,0.0,0.009879910262443609,166.5,165.55,165.375,165.3095238095238,1901141.6,1836357.75,1.5853931511983428,1.0352784472415568,168.0,162.0,168.0,162.0,0.03571428571407313,166.5,165.375,0.006696428571388712,0.0,88.7212416796212,78.4346269961242,0,0.6555390169134228,0.38063948303710854,0.2748995338763142,0,28.0,25.0,22.0,6.0,81.0,0.0,81.0,BUY,🟢 買進,可分批進場,趨勢轉強｜量能回溫｜結構收斂｜指標初轉強
2026-09-30,1612,35.7,1257378,35.7,35.7,35.7,0.00990099009900991,0.020000000000000018,0.028818443804034644,0.017094017094017033,0.0,0.006606857759390185,35.220000000000006,35.045,34.92,34.92857142857143,539240.8,475799.6,2.6426630034997873,1.1333359674955568,35.7,34.5,35.7,34.5,0.03361344537720979,35.220000000000006,34.92,0.008403361344302546,0.0,92.89755741235064,81.81350891462115,0,0.08270640501213222,-0.003113803402777702,0.08582020841490992,0,28.0,25.0,22.0,6.0,81.0,0.0,81.0,BUY,🟢 買進,可分批進場,趨勢轉強｜量能回溫｜結構收斂｜指標初轉強
2026-09-30,2329,44.8,3783130,44.8,44.8,44.8,0.022831050228310446,0.018181818181818077,0.0730538922155688,0.029885057471264354,0.0,0.016377083770061956,44.129999999999995,43.59,43.114999999999995,43.13333333333333,2661412.4,2238651.05,1.689915004841866,1.1888464707351327,44.8,41.45,44.8,41.45,0.07477678571261648,44.129999999999995,43.114999999999995,0.022656249999494296,0.0,89.27173121945147,80.14790562128749,0,0.28081553730093844,0.041061215208949293,0.23975432209198916,0,28.0,25.0,22.0,6.0,81.0,0.0,81.0,BUY,🟢 買進,可分批進場,趨勢轉強｜量能回溫｜結構收斂｜指標初轉強
2026-09-30,2401,26.75,4146961,26.75,26.75,26.75,0.026871401151631558,0.01904761904761898,0.10309278350515472,0.05940594059405946,0.0,0.021111053119269484,25.96,25.439999999999998,25.235,25.235714285714288,2549369.4,2254603.6,1.8393304259782066,1.1307395233468087,26.75,23.75,26.75,23.75,0.11214953270608786,25.96,25.235,0.027102803737304622,0.0,86.59366666947406,76.10125051196073,0,0.2437790089040348,0.052174144562288166,0.19160486434174664,0,28.0,25.0,22.0,6.0,81.0,0.0,81.0,BUY,🟢 買進,可分批進場,趨勢轉強｜量能回溫｜結構收斂｜指標初轉強
2026-09-30,2939,21.9,92004,21.9,21.9,21.9,0.08148148148148149,0.10050251256281406,0.12020460358056262,0.10606060606060597,0.0,0.03000448039519379,20.26,20.15,19.97,19.961904761904762,38001.6,64022.6,1.4370550399389992,0.5935653972190977,21.9,19.4,21.9,19.4,0.11415525113633995,20.26,19.97,0.013242009131815557,0.0,56.359261099757,41.60813736813955,0,0.19735750929222107,0.06651846083125476,0.1308390484609663,0,28.0,25.0,22.0,6.0,81.0,0.0,81.0,BUY,🟢 買進,可分批進場,趨勢轉強｜量能回溫｜結構收斂｜指標初轉強
2026-09-30,3025,52.9,156196,52.9,52.9,52.9,0.009541984732824416,0.013409961685823646,0.04752475247524757,0.005703422053231932,0.0,0.010405058412294308,52.28000000000001,51.73,51.5,51.55238095238095,94511.8,138826.4,1.1251174128263708,0.6807912616044163,52.9,50.3,52.9,50.3,0.04914933837336205,52.28000000000001,51.5,0.014744801512008762,0.0,93.70015210137956,82.8488374152519,0,0.06040695032392307,-0.1870314195704778,0.24743836989440088,0,28.0,25.0,22.0,6.0,81.0,0.0,81.0,BUY,🟢 買進,可分批進場,趨勢轉強｜量能回溫｜結構收斂｜指標初轉強
2026-09-30,3038,20.8,540962,20.8,20.8,20.8,0.024630541871921263,0.02970297029702973,0.03740648379052369,0.02970297029702973,0.0,0.00723270739131757,20.390000000000004,20.3,20.19,20.19047619047619,226150.0,198018.05,2.731882270328373,1.1420676044431246,20.8,20.0,20.8,20.0,0.03846153845968938,20.390000000000004,20.19,0.009615384614922473,0.0,79.73473368166933,70.61381527639381,0,0.07660374742284404,0.022009505571771944,0.05459424185107209,0,28.0,25.0,22.0,6.0,81.0,0.0,81.0,BUY,🟢 買進,可分批進場,趨勢轉強｜量能回溫｜結構收斂｜指標初轉強
2026-09-30,3041,24.35,1284122,24.35,24.35,24.35,0.03177966101694918,0.025263157894736876,0.08948545861297541,0.07743362831858414,0.0,0.02039236769873626,23.69,23.19,23.064999999999998,23.04285714285714,681875.6,646659.45,1.9857778309742447,1.0544585716639554,24.35,21.95,24.35,21.95,0.09856262833270799,23.69,23.064999999999998,0.025667351128309493,0.0,88.3314036610694,78.26604919436889,0,0.27648307998635246,0.1355847106033169,0.14089836938303557,0,28.0,25.0,22.0,6.0,81.0,0.0,81.0,BUY,🟢 買進,可分批進場,趨勢轉強｜量能回溫｜結構收斂｜指標初轉強
2026-09-30,3051,23.3,1256851,23.3,23.3,23.3,0.028697571743929506,0.01304347826086949,0.0938967136150235,0.024175824175824312,0.0,0.02012405839777225,22.759999999999998,22.325,22.009999999999998,22.045238095238094,679078.4,567860.95,2.21330767681771,1.195853315851352,23.3,20.9,23.3,20.9,0.10300429184107286,22.759999999999998,22.009999999999998,0.032188841200335244,0.0,84.87197186934284,76.3608073669293,0,0.11328226221824522,-0.07573602028942739,0.1890182825076726,0,28.0,25.0,22.0,6.0,81.0,0.0,81.0,BUY,🟢 買進,可分批進場,趨勢轉強｜量能回溫｜結構收斂｜指標初轉強
2026-09-30,3413,291.0,705048,291.0,291.0,291.0,0.0,0.02645502645502651,0.056261343012704135,0.043010752688172005,0.0,0.01056797308685704,287.7,283.85,282.825,282.64285714285717,600896.8,633250.4,1.113379478323265,0.9489086781469053,291.0,274.0,291.0,274.0,0.05841924398605355,287.7,282.825,0.01675257731953006,0.0,94.48365855962197,84.10624482902982,0,2.28468676911433,1.1196215470704074,1.1650652220439228,0,28.0,25.0,22.0,6.0,81.0,0.0,81.0,BUY,🟢 買進,可分批進場,趨勢轉強｜量能回溫｜結構收斂｜指標初轉強
2026-09-30,3532,471.0,14082552,471.0,471.0,471.0,0.037444933920704804,0.07045454545454555,0.13221153846153855,0.24274406332453835,0.0,0.033940919945561164,451.4,443.3,423.75,421.6190476190476,9117878.0,7630049.05,1.8456699174168478,1.1949959876077074,471.0,381.0,471.0,379.0,0.191082802547365,451.4,423.75,0.05870488322705154,0.0,95.88107553243907,91.87495059762927,0,18.661791714941273,15.0208444708279,3.6409472441133737,0,28.0,25.0,22.0,6.0,81.0,0.0,81.0,BUY,🟢 買進,可分批進場,趨勢轉強｜量能回溫｜結構收斂｜指標初轉強
2026-09-30,3545,51.8,950180,51.8,51.8,51.8,-0.0019267822736031004,0.0019342359767891004,0.05606523955147802,0.06584362139917688,0.0,0.020796589098600275,51.6,51.010000000000005,50.684999999999995,50.58571428571428,611341.4,715822.4,1.3273962927117098,0.8540406111907075,52.5,48.45,52.5,48.45,0.07818532818381876,51.6,50.684999999999995,0.017664092663751782,0.0,86.93380480077445,80.49555142174266,0,0.6524370124225101,0.5240714822448198,0.12836553017769026,0,28.0,25.0,22.0,6.0,81.0,0.0,81.0,BUY,🟢 買進,可分批進場,趨勢轉強｜量能回溫｜結構收斂｜指標初轉強
2026-09-30,3588,53.9,209992,53.9,53.9,53.9,0.003724394785847185,0.015065913370998052,0.050682261208577106,0.026666666666666616,0.0,0.016347493801115436,53.04,52.370000000000005,52.48,52.480952380952374,180648.4,161985.5,1.2963629460661523,1.1152133987301265,54.0,50.6,54.0,50.6,0.06307977736432131,53.04,52.370000000000005,0.012430426715910282,0.0,86.40261703477672,73.03172232363903,0,0.17174834859671506,-0.02927744566119947,0.20102579425791453,0,28.0,25.0,22.0,6.0,81.0,0.0,81.0,BUY,🟢 買進,可分批進場,趨勢轉強｜量能回溫｜結構收斂｜指標初轉強
2026-09-30,3701,45.9,4549945,45.9,45.9,45.9,0.09940119760479038,0.07494145199063218,0.1532663316582914,0.12224938875305624,0.0,0.03670637388836154,42.35,41.56,41.335,41.31428571428572,1363573.6,1263587.6,3.600814854466755,1.0791286650802834,45.9,38.8,45.9,38.8,0.15468409585719647,42.35,41.335,0.022113289759866827,0.0,79.11232162382746,68.23635069764549,0,0.5041318423091354,0.127772927644618,0.37635891466451743,0,28.0,25.0,22.0,6.0,81.0,0.0,81.0,BUY,🟢 買進,可分批進場,趨勢轉強｜量能回溫｜結構收斂｜指標初轉強
2026-09-30,3714,69.9,21400350,69.9,69.9,69.9,0.026431718061674214,0.015988372093023395,0.13658536585365866,0.13474025974025983,0.0,0.030213134734905653,68.4,66.81,65.095,64.92857142857143,18951657.0,17063001.05,1.254196136851319,1.110687208215345,69.9,60.1,69.9,60.1,0.14020028612102722,68.4,65.095,0.047281831186734256,0.0,91.01902743969583,83.29631172637816,0,1.732058807548782,1.2281515422607292,0.5039072652880527,0,28.0,25.0,22.0,6.0,81.0,0.0,81.0,BUY,🟢 買進,可分批進場,趨勢轉強｜量能回溫｜結構收斂｜指標初轉強
2026-09-30,4526,34.05,6948777,34.05,34.05,34.05,0.059097978227060644,0.04447852760736182,0.1312292358803986,0.1163934426229507,0.0,0.022864078886839057,32.22,31.654999999999994,31.494999999999997,31.447619047619046,2273885.6,2986791.25,2.326502396175159,0.7613138681854648,34.05,29.8,34.05,29.8,0.12481644639868372,32.22,31.494999999999997,0.021292217326834343,0.0,80.53747582823985,68.92462567374595,0,0.45965401638945735,0.24668048917564622,0.21297352721381113,0,28.0,25.0,22.0,6.0,81.0,0.0,81.0,BUY,🟢 買進,可分批進場,趨勢轉強｜量能回溫｜結構收斂｜指標初轉強
2026-09-30,4540,62.1,4250729,62.1,62.1,62.1,-0.007987220447284393,0.0281456953642385,0.10301953818827725,0.050761421319796884,0.0,0.02186462578318944,60.839999999999996,60.06,59.370000000000005,59.357142857142854,2630255.8,2440461.55,1.741772575765432,1.0777698177625454,62.6,56.3,62.6,56.3,0.10144927536068526,60.839999999999996,59.370000000000005,0.023671497584159748,0.0,87.47764488472359,80.82378502659918,0,0.5836871633366059,0.18812240475730618,0.3955647585792997,0,28.0,25.0,22.0,6.0,81.0,0.0,81.0,BUY,🟢 買進,可分批進場,趨勢轉強｜量能回溫｜結構收斂｜指標初轉強
2026-09-30,4746,48.95,1019870,48.95,48.95,48.95,0.026205450733752578,0.024058577405857928,0.07819383259911894,0.004102564102564266,0.0,0.018424317581340773,48.31,47.68,46.972500000000004,47.05714285714286,871578.6,742711.15,1.3731717909445664,1.1735095130859403,48.95,45.25,48.95,45.25,0.07558733401275619,48.31,46.972500000000004,0.02732379979515168,0.0,87.05588395485239,82.4665498648527,0,0.10881130555169705,-0.20294385683699334,0.3117551623886904,0,28.0,25.0,22.0,6.0,81.0,0.0,81.0,BUY,🟢 買進,可分批進場,趨勢轉強｜量能回溫｜結構收斂｜指標初轉強
2026-09-30,4968,96.6,669041,96.6,96.6,96.6,0.04094827586206895,0.044324324324324316,0.08539325842696632,0.0638766519823788,0.0,0.01645540226818541,93.35999999999999,92.06,91.19,91.17142857142856,338457.6,297035.6,2.252393315818029,1.139451298093558,96.6,88.0,96.6,88.0,0.08902691511294998,93.35999999999999,91.19,0.022463768115709357,0.0,93.49913837411896,84.59347452314874,0,0.8350253026382148,0.262292280149435,0.5727330224887799,0,28.0,25.0,22.0,6.0,81.0,0.0,81.0,BUY,🟢 買進,可分批進場,趨勢轉強｜量能回溫｜結構收斂｜指標初轉強
2026-09-30,5236,137.5,106889,137.5,137.5,137.5,0.014760147601476037,0.02230483271375472,0.05769230769230771,0.02230483271375472,0.0,0.011713645650656464,136.1,134.25,134.675,134.66666666666666,74946.6,80140.55,1.3337692341766891,0.9351894889665602,137.5,130.0,137.5,130.0,0.05454545454505785,136.1,134.25,0.013454545454447563,0.0,87.96219889144044,76.36494207490387,0,0.3365222422445413,-0.1023978812154627,0.438920123460004,0,28.0,25.0,22.0,6.0,81.0,0.0,81.0,BUY,🟢 買進,可分批進場,趨勢轉強｜量能回溫｜結構收斂｜指標初轉強
2026-09-30,5434,555.0,1043200,555.0,555.0,555.0,0.02777777777777768,0.033519553072625774,0.029684601113172615,0.07766990291262132,0.0,0.017003386126788863,542.6,539.4,536.75,535.7142857142857,540279.2,585293.9,1.7823524215782842,0.9230904337120188,555.0,527.0,555.0,515.0,0.05045045045035955,542.6,536.75,0.01054054054052159,0.0,89.39466114105014,81.50883781123807,0,6.157455326765671,5.131615679465565,1.0258396473001063,0,28.0,25.0,22.0,6.0,81.0,0.0,81.0,BUY,🟢 買進,可分批進場,趨勢轉強｜量能回溫｜結構收斂｜指標初轉強
2026-09-30,6164,12.6,534842,12.6,12.6,12.6,0.016129032258064502,0.016129032258064502,0.1351351351351351,0.02857142857142847,0.0,0.019400778843125525,12.34,12.05,11.8675,11.885714285714286,414899.6,431542.7,1.2393721409260283,0.9614334803948694,12.6,11.05,12.6,11.05,0.12301587300610976,12.34,11.8675,0.037499999997023824,0.0,92.54284391725554,82.131383358872,0,0.08680143010942842,-0.036324720134439076,0.1231261502438675,0,28.0,25.0,22.0,6.0,81.0,0.0,81.0,BUY,🟢 買進,可分批進場,趨勢轉強｜量能回溫｜結構收斂｜指標初轉強
2026-09-30,6213,623.0,23593063,623.0,623.0,623.0,0.004838709677419395,0.14944649446494473,0.20970873786407762,0.13686131386861322,0.0,0.042416996637298116,584.4,553.3,536.85,537.3809523809524,20145546.4,17036062.8,1.3848894123588227,1.1825236051606947,623.0,495.0,623.0,495.0,0.20545746388410038,584.4,536.85,0.07632423756007004,0.0,90.84418064627539,77.16064026662899,0,14.145437601569597,1.6181664247703398,12.527271176799257,0,28.0,25.0,22.0,6.0,81.0,0.0,81.0,BUY,🟢 買進,可分批進場,趨勢轉強｜量能回溫｜結構收斂｜指標初轉強
2026-09-30,6491,413.0,445515,413.0,413.0,413.0,0.01724137931034475,0.014742014742014753,0.08256880733944949,0.03379224030037542,0.0,0.017865349044967987,406.5,401.95,390.975,391.3809523809524,247405.4,350671.65,1.2704619834537485,0.7055186810795777,413.0,366.5,413.0,366.5,0.11259079903120438,406.5,390.975,0.03759079903138592,0.0,92.67954181712886,87.71496037145967,0,3.8928943518338315,0.7293361806564146,3.1635581711774168,0,28.0,25.0,22.0,6.0,81.0,0.0,81.0,BUY,🟢 買進,可分批進場,趨勢轉強｜量能回溫｜結構收斂｜指標初轉強
2026-09-30,6579,159.0,457961,159.0,159.0,159.0,0.00952380952380949,0.03921568627450989,0.06711409395973145,0.0853242320819112,0.0,0.021252932837817547,154.6,152.65,150.6,150.4047619047619,330434.2,287633.25,1.5921698899553456,1.1488039021914151,159.0,142.5,159.0,142.5,0.10377358490500772,154.6,150.6,0.025157232704244296,0.0,92.7873703989357,86.59540531627532,0,2.2684043742105757,1.4109935341276065,0.8574108400829692,0,28.0,25.0,22.0,6.0,81.0,0.0,81.0,BUY,🟢 買進,可分批進場,趨勢轉強｜量能回溫｜結構收斂｜指標初轉強
2026-09-30,6589,53.4,951463,53.4,53.4,53.4,0.0348837209302324,0.03288201160541582,0.11134235171696161,0.10903426791277249,0.0,0.028211842658285368,52.44,51.54,49.6125,49.542857142857144,782505.0,693349.35,1.3722707030734198,1.128586909326444,53.9,45.3,53.9,45.3,0.16104868913556092,52.44,49.6125,0.052949438201255646,0.0,78.29453507115443,79.27939380395837,0,1.226407066342972,0.8163500522781191,0.41005701406485295,0,28.0,25.0,22.0,6.0,81.0,0.0,81.0,BUY,🟢 買進,可分批進場,趨勢轉強｜量能回溫｜結構收斂｜指標初轉強
2026-09-30,6770,75.3,137017155,75.3,75.3,75.3,0.04149377593361003,0.03576341127922955,0.06506364922206509,0.03150684931506853,0.0,0.030550841253187442,72.89999999999999,71.92,71.465,71.53809523809524,102106464.2,123512482.05,1.109338527781614,0.8266894366082412,75.3,66.9,75.3,66.9,0.1115537848590762,72.89999999999999,71.465,0.01905710491342538,0.0,83.51431449629014,75.97229084384213,0,0.2773786922997772,-0.1199816096748893,0.3973603019746665,0,28.0,25.0,22.0,6.0,81.0,0.0,81.0,BUY,🟢 買進,可分批進場,趨勢轉強｜量能回溫｜結構收斂｜指標初轉強
2026-09-30,6789,494.0,2486076,494.0,494.0,494.0,0.03239289446185989,0.07742639040348953,0.1330275229357798,0.056684491978609586,0.0,0.0280595521042447,474.9,458.5,462.65,462.8809523809524,1480663.8,1466906.05,1.6947752039062067,1.0093787533291576,494.0,425.0,494.0,425.0,0.13967611336004115,474.9,458.5,0.033198380566734374,0.0,91.19311828019309,76.3509590412843,0,2.3067287992378738,-2.107576512766801,4.414305312004675,0,28.0,25.0,22.0,6.0,81.0,0.0,81.0,BUY,🟢 買進,可分批進場,趨勢轉強｜量能回溫｜結構收斂｜指標初轉強
2026-09-30,6937,308.0,748880,308.0,308.0,308.0,0.0,0.024958402662229595,0.08641975308641969,0.09219858156028371,0.0,0.02314514569836415,303.6,298.05,292.85,292.3333333333333,736615.2,619140.35,1.2095480451241771,1.189738643265616,308.0,277.5,308.0,277.5,0.09902597402565251,303.6,292.85,0.03490259740248408,0.0,93.36058172610109,85.7983634228109,0,5.665409554907114,3.9040351565242175,1.7613743983828969,0,28.0,25.0,22.0,6.0,81.0,0.0,81.0,BUY,🟢 買進,可分批進場,趨勢轉強｜量能回溫｜結構收斂｜指標初轉強
2026-09-30,6962,32.45,2061933,32.45,32.45,32.45,0.01883830455259039,0.040064102564102644,0.05528455284552858,0.028526148969889142,0.0,0.01288783264535331,31.839999999999996,31.355,31.407500000000006,31.414285714285718,1411718.2,1736554.2,1.187370368284502,0.8129422047408593,32.45,30.4,32.45,30.4,0.06317411401962497,31.839999999999996,31.355,0.014946070877813553,0.0,86.18801171642686,73.19588519986567,0,0.08061114200732789,-0.06329367871776306,0.14390482072509095,0,28.0,25.0,22.0,6.0,81.0,0.0,81.0,BUY,🟢 買進,可分批進場,趨勢轉強｜量能回溫｜結構收斂｜指標初轉強
2026-09-30,8104,32.1,654927,32.1,32.1,32.1,0.022292993630573354,0.028846153846153966,0.08263069139966284,0.04051863857374394,0.0,0.014369686605241872,31.23,30.685000000000002,30.5075,30.523809523809526,354784.0,304162.9,2.153211321959377,1.166427595212956,32.1,28.9,32.1,28.9,0.09968847351714376,31.23,30.5075,0.022507788161292598,0.0,92.3180655005541,80.88403371549681,0,0.1922681782923732,-0.024377430328372134,0.21664560862074533,0,28.0,25.0,22.0,6.0,81.0,0.0,81.0,BUY,🟢 買進,可分批進場,趨勢轉強｜量能回溫｜結構收斂｜指標初轉強
2026-09-30,8213,34.5,1000110,34.5,34.5,34.5,0.051829268292683084,0.03915662650602392,0.05022831050228316,0.04863221884498481,0.0,0.0156928776724956,33.36,33.035,32.935,32.93333333333334,420005.4,353923.05,2.825783740279129,1.1867138916213535,34.5,32.25,34.5,32.25,0.06521739130245748,33.36,32.935,0.012318840579352995,0.0,82.05223052835184,75.25655589203603,0,0.15670425278610622,0.023746367197835856,0.13295788558827037,0,28.0,25.0,22.0,6.0,81.0,0.0,81.0,BUY,🟢 買進,可分批進場,趨勢轉強｜量能回溫｜結構收斂｜指標初轉強
2026-09-30,6573,16.45,186907,16.45,16.45,16.45,0.03459119496855334,-0.00303030303030305,0.03785488958990535,-0.054597701149425304,0.0,0.02351411627339067,16.11,16.215,16.295,16.347619047619048,127496.6,165175.6,1.1315654370258008,0.7718851936968852,17.2,15.55,17.4,15.55,0.10030395136168357,16.295,16.11,0.011246200607219214,0.0,49.15429679573663,48.36762480751231,1,-0.24021387195339727,-0.27119470745387225,0.03098083550047498,1,14.0,25.0,25.0,17.0,81.0,0.0,81.0,TEST,🟠 試單,小倉測試,趨勢修復｜量能回溫｜結構收斂｜KD/MACD確認
2026-09-30,1308,14.45,1215427,14.45,14.45,14.45,0.024822695035460862,0.01403508771929829,0.021201413427561766,0.003472222222222099,0.0,0.01853256769671143,14.24,14.184999999999999,14.265,14.27142857142857,1093468.0,1510578.15,0.8046104731489724,0.723873835987896,14.8,13.9,14.8,13.9,0.06228373701991119,14.265,14.184999999999999,0.005536332179547787,0.0,67.23083901863362,52.79681962763729,0,-0.03156290488012381,-0.04754686698420481,0.015983962104080998,1,28.0,17.0,25.0,10.0,80.0,0.0,80.0,BUY,🟢 買進,可分批進場,趨勢轉強｜量能回溫｜結構收斂｜KD/MACD確認
2026-09-30,1795,179.0,733951,179.0,179.0,179.0,0.008450704225352101,0.00561797752808979,0.03170028818443793,-0.037634408602150504,0.0,0.01143075640290418,177.2,178.05,178.925,179.26190476190476,560983.4,678500.2,1.0817255470226816,0.8267991667504286,186.5,173.5,186.5,173.5,0.07262569832361662,178.925,177.2,0.009636871508326178,0.0,58.25937564417925,54.06494401825665,1,-1.7638257698441464,-1.9596625671421692,0.19583679729802284,0,20.0,25.0,25.0,10.0,80.0,0.0,80.0,BUY,🟢 買進,可分批進場,趨勢轉強｜量能回溫｜結構收斂｜KD/MACD確認
2026-09-30,2337,122.5,31932411,122.5,122.5,122.5,0.03375527426160341,0.02083333333333326,0.056034482758620774,-0.02777777777777779,0.0,0.026651551038916234,119.0,118.6,120.225,120.5,23482679.6,30329037.75,1.052865945277146,0.774263918082927,126.5,114.5,126.5,114.5,0.09795918367266972,120.225,118.6,0.01326530612234069,0.0,67.48959724436892,53.056173237557,0,-1.3918663244586895,-1.65938703315402,0.2675207086953304,1,20.0,25.0,25.0,10.0,80.0,0.0,80.0,BUY,🟢 買進,可分批進場,趨勢轉強｜量能回溫｜結構收斂｜KD/MACD確認
2026-09-30,2543,38.5,832916,38.5,38.5,38.5,0.00917431192660545,0.0026041666666667407,0.02393617021276584,-0.03266331658291455,0.0,0.015499309234671273,38.25,38.415,38.480000000000004,38.542857142857144,564348.8,787207.35,1.0580643079615542,0.7168998104501937,39.45,37.35,39.8,37.35,0.05454545454403782,38.480000000000004,38.25,0.005974025973870908,0.0,37.960620516480226,44.047910752677964,0,-0.2822023225435686,-0.30061663153658214,0.01841430899301355,1,20.0,25.0,25.0,10.0,80.0,0.0,80.0,BUY,🟢 買進,可分批進場,趨勢轉強｜量能回溫｜結構收斂｜KD/MACD確認
2026-09-30,5538,36.25,120054,36.25,36.25,36.25,0.024011299435028333,0.026912181303116123,0.021126760563380254,-0.020270270270270285,0.0,0.009208322389669631,35.54,35.385000000000005,35.989999999999995,36.03809523809524,51217.6,44891.4,2.674320693941319,1.1409223147417737,37.15,35.05,37.15,35.05,0.05793103448116057,35.989999999999995,35.385000000000005,0.01668965517195311,0.0,69.40350967670022,46.107841934191455,0,-0.3496462971578609,-0.3871019738428851,0.0374556766850242,1,20.0,25.0,25.0,10.0,80.0,0.0,80.0,BUY,🟢 買進,可分批進場,趨勢轉強｜量能回溫｜結構收斂｜KD/MACD確認
2026-09-30,2104,11.15,5196783,11.15,11.15,11.15,0.0420560747663552,0.051886792452830344,0.08252427184466016,0.06698564593301448,0.0,0.03447857580627547,11.05,10.790000000000001,10.5875,10.58095238095238,9122072.8,4766287.2,1.090320994504905,1.9138739268586247,11.65,10.05,11.65,10.05,0.14349775783466384,11.05,10.5875,0.04147982062408256,0.0,57.73916248405297,61.55912042265517,0,0.1610517739286763,0.09259071310689487,0.06846106082178144,0,28.0,20.0,25.0,6.0,79.0,0.0,79.0,BUY,🟢 買進,可分批進場,趨勢轉強｜量能回溫｜結構收斂｜指標初轉強
2026-09-30,6205,71.3,1504797,71.3,71.3,71.3,0.002812939521800395,0.01857142857142846,0.17269736842105265,0.002812939521800395,0.0,0.0406869755082489,70.7,67.22999999999999,65.985,66.22857142857143,4308532.0,1413603.6,1.0645112958116398,3.047906782353976,73.6,60.2,73.6,60.2,0.1879382889174201,70.7,65.985,0.0661290322571371,0.0,81.48104448249224,73.3092068999001,0,0.49977086062540366,-0.7146678777678821,1.2144387383932858,0,28.0,20.0,25.0,6.0,79.0,0.0,79.0,BUY,🟢 買進,可分批進場,趨勢轉強｜量能回溫｜結構收斂｜指標初轉強
2026-09-30,6645,12.85,12061,12.85,12.85,12.85,0.028000000000000025,0.032128514056224855,-0.011538461538461608,0.04471544715447151,0.0,0.016678815959604302,12.59,12.58,12.53,12.519047619047617,24938.0,32971.9,0.36579632960186204,0.7563410055228618,13.0,12.2,13.0,12.2,0.06225680933367657,12.59,12.53,0.0046692607000257775,0.0,48.346801429520426,35.8806647214917,1,0.07221195211515763,0.06690475683820746,0.005307195276950172,1,28.0,9.0,22.0,20.0,79.0,0.0,79.0,TEST,🟠 試單,小倉測試,趨勢轉強｜量能正常｜結構收斂｜KD/MACD確認
2026-09-30,4562,30.95,153575,30.95,30.95,30.95,0.03166666666666673,-0.012759170653907526,0.06540447504302915,0.0016181229773462036,0.0,0.017237961456443587,30.4,30.165000000000003,30.135,30.17142857142857,109612.6,127888.7,1.2008488631129943,0.8570937072626366,31.35,29.05,31.35,29.05,0.07431340872134692,30.4,30.135,0.008562197091807264,0.0,60.40869436166527,55.49274769876514,1,-0.05137484125829772,-0.16430857820766123,0.11293373694936351,0,22.0,25.0,22.0,10.0,79.0,0.0,79.0,BUY,🟢 買進,可分批進場,趨勢轉強｜量能回溫｜結構收斂｜KD/MACD確認
2026-09-30,4989,61.0,2282700,61.0,61.0,61.0,0.025210084033613356,0.0016420361247948545,0.016666666666666607,-0.057187017001545604,0.0,0.02341508145664254,60.1,60.19,60.894999999999996,61.07619047619047,1938718.6,2679340.65,0.851963336576855,0.7235804823847238,64.7,58.3,64.7,58.3,0.10491803278516537,60.894999999999996,60.1,0.013032786885032161,0.0,58.66672083386905,51.16915052184436,1,-0.9444894034336357,-1.0185271627490524,0.07403775931541667,1,20.0,17.0,25.0,17.0,79.0,0.0,79.0,BUY,🟢 買進,可分批進場,趨勢轉強｜量能回溫｜結構收斂｜KD/MACD確認
2026-09-30,8482,49.2,6000,49.2,49.2,49.2,0.0456960680127525,0.016528925619834878,0.04016913319238924,0.06263498920086397,0.0,0.022208564825122658,47.7,47.644999999999996,48.057500000000005,47.97380952380953,2621.4,7057.9,0.8501112228848736,0.3714135932784013,50.9,46.9,50.9,46.3,0.08130081300647762,48.057500000000005,47.644999999999996,0.008384146341293178,0.0,38.943249162686904,23.95773975702202,1,0.22476979537003672,0.2711312918850558,-0.046361496515019085,0,28.0,12.0,25.0,13.0,78.0,0.0,78.0,BUY,🟢 買進,可分批進場,趨勢轉強｜量能正常｜結構收斂｜KD/MACD確認
2026-09-30,1587,24.45,185100,24.45,24.45,24.45,0.02515723270440251,0.02087682672233826,0.04042553191489362,0.008247422680412342,0.0,0.009817584070185762,23.8,23.715,23.794999999999998,23.816666666666666,96513.4,115244.65,1.6061483114400399,0.8374653400396388,24.45,23.25,24.45,23.25,0.049079754599219615,23.8,23.715,0.0034764826174447597,0.0,73.4277347967642,59.234217075444896,0,-0.06075036952029578,-0.12706317422173768,0.06631280470144191,0,28.0,25.0,22.0,3.0,78.0,0.0,78.0,BUY,🟢 買進,可分批進場,趨勢轉強｜量能回溫｜結構收斂
2026-09-30,2420,55.0,290433,55.0,55.0,55.0,0.020408163265306145,0.02230483271375472,0.0185185185185186,0.00917431192660545,0.0,0.008984851667113233,54.04,53.79,54.010000000000005,54.03333333333334,193554.4,235934.3,1.2309910004607163,0.8203741465314675,55.1,53.3,55.1,53.3,0.03272727272667777,54.04,53.79,0.004545454545371901,0.0,79.95016653723064,59.44828290650485,0,-0.07490282879828669,-0.17701176370298907,0.10210893490470238,0,28.0,25.0,22.0,3.0,78.0,0.0,78.0,BUY,🟢 買進,可分批進場,趨勢轉強｜量能回溫｜結構收斂
2026-09-30,2483,35.75,1702959,35.75,35.75,35.75,0.10000000000000009,0.08993902439024404,0.1588330632090762,0.015625,0.0,0.03208657670095511,33.160000000000004,32.6,32.584999999999994,32.70952380952381,587899.8,642928.95,2.6487514677943764,0.9144086605526149,35.75,30.1,35.75,30.1,0.15804195803753726,33.160000000000004,32.584999999999994,0.016083916083466463,0.0,86.746451866153,77.08879337260647,0,-0.23599600389135134,-0.6156003286327351,0.3796043247413837,0,28.0,25.0,22.0,3.0,78.0,0.0,78.0,BUY,🟢 買進,可分批進場,趨勢轉強｜量能回溫｜結構收斂
2026-09-30,4560,29.9,367002,29.9,29.9,29.9,0.01873935264054505,0.03103448275862064,0.03103448275862064,0.013559322033898313,0.0,0.011336946388932543,29.330000000000002,29.18,29.225,29.238095238095237,266126.4,272202.4,1.3482687882252273,0.9776783746212342,29.9,28.6,29.9,28.6,0.043478260868111004,29.330000000000002,29.18,0.005016722407859044,0.0,69.90846144589811,50.83377125826142,0,-0.0010575989576473432,-0.07512103243402027,0.07406343347637293,0,28.0,25.0,22.0,3.0,78.0,0.0,78.0,BUY,🟢 買進,可分批進場,趨勢轉強｜量能回溫｜結構收斂
2026-09-30,4739,88.4,4293114,88.4,88.4,88.4,0.0625,0.0767356881851402,0.1435963777490299,0.011441647597254079,0.0,0.027783623518609964,82.22,80.64,80.92999999999999,81.23809523809524,1544717.2,1334409.05,3.2172398710875028,1.157603959595447,88.4,76.0,88.4,76.0,0.14027149321108295,82.22,80.64,0.017873303167218607,0.0,82.490885156036,67.33550130404379,0,-0.6037467309031541,-1.5741420656418472,0.9703953347386931,0,28.0,25.0,22.0,3.0,78.0,0.0,78.0,BUY,🟢 買進,可分批進場,趨勢轉強｜量能回溫｜結構收斂
2026-09-30,6153,18.2,3919781,18.2,18.2,18.2,0.031161473087818692,0.04597701149425282,0.061224489795918435,0.025352112676056304,0.0,0.020262564339250434,17.439999999999998,17.294999999999998,17.41,17.426190476190477,2701337.8,2499973.9,1.5679287691763497,1.080546400904425,18.2,16.9,18.2,16.9,0.07142857142464683,17.439999999999998,17.294999999999998,0.007967032966595195,0.0,74.16899124403747,53.52486857594476,0,-0.03019648999540081,-0.11268204849625343,0.08248555850085262,0,28.0,25.0,22.0,3.0,78.0,0.0,78.0,BUY,🟢 買進,可分批進場,趨勢轉強｜量能回溫｜結構收斂
2026-09-30,8105,16.35,8120178,16.35,16.35,16.35,0.09731543624161088,0.08278145695364247,0.12758620689655187,0.01552795031055898,0.0,0.030616394454305366,15.260000000000002,14.934999999999999,15.025,15.076190476190478,3009925.2,2640816.0,3.074874584219422,1.1397708889979457,16.35,14.15,16.35,14.15,0.1345565749153177,15.260000000000002,14.934999999999999,0.019877675839763007,0.0,76.54645441647477,64.29218255759152,0,-0.11546900148237427,-0.26284458600958127,0.147375584527207,0,28.0,25.0,22.0,3.0,78.0,0.0,78.0,BUY,🟢 買進,可分批進場,趨勢轉強｜量能回溫｜結構收斂
2026-09-30,2451,289.0,2749434,289.0,289.0,289.0,0.010489510489510412,0.010489510489510412,0.054744525547445244,-0.018675721561969394,0.0,0.01614535469750003,285.8,283.05,284.425,284.9047619047619,1853077.0,2316833.15,1.1867207614842696,0.7998318739525975,296.5,273.0,296.5,273.0,0.0813148788924522,285.8,283.05,0.00951557093422313,0.0,90.7400581199065,77.33852985383926,0,-1.547455212881232,-2.6364099038703426,1.0889546909891106,0,25.0,25.0,25.0,3.0,78.0,0.0,78.0,BUY,🟢 買進,可分批進場,趨勢轉強｜量能回溫｜結構收斂
2026-09-30,2497,44.35,240102,44.35,44.35,44.35,0.017201834862385246,0.014874141876430214,0.03019744483159137,-0.014444444444444371,0.0,0.010938679339886386,43.73,43.665,43.910000000000004,43.96190476190476,145984.6,213148.3,1.1264551488329904,0.6848968535052794,45.4,42.95,45.4,42.95,0.055242390077672,43.910000000000004,43.665,0.005524239007767313,0.0,65.0996006910406,51.233758593587055,0,-0.24605228250104005,-0.32897340738179254,0.08292112488075248,0,25.0,25.0,25.0,3.0,78.0,0.0,78.0,BUY,🟢 買進,可分批進場,趨勢轉強｜量能回溫｜結構收斂
2026-09-30,6283,19.5,121498,19.5,19.5,19.5,0.037234042553191404,0.037234042553191404,0.06557377049180313,-0.015151515151515138,0.0,0.018191294968713856,18.97,18.605,19.1575,19.188095238095237,60377.2,106069.3,1.1454586765444748,0.5692240827458975,20.05,17.9,20.05,17.9,0.11025641025075619,19.1575,18.605,0.02833333333188026,0.0,81.347186323155,62.87343290366542,0,-0.2192692335850488,-0.2815854721301886,0.06231623854513979,0,25.0,25.0,25.0,3.0,78.0,0.0,78.0,BUY,🟢 買進,可分批進場,趨勢轉強｜量能回溫｜結構收斂
2026-09-30,6719,186.5,577285,186.5,186.5,186.5,0.013586956521739024,0.0191256830601092,0.021917808219177992,-0.007978723404255317,0.0,0.01823657160032319,185.0,183.3,184.95,185.0952380952381,488752.6,484109.35,1.1924681892634357,1.009591324769908,193.0,179.0,193.0,179.0,0.07506702412828382,185.0,183.3,0.009115281501291546,0.0,68.5258153334193,60.236136013911526,0,-0.784892041477093,-1.1603516797848847,0.3754596383077917,0,25.0,25.0,25.0,3.0,78.0,0.0,78.0,BUY,🟢 買進,可分批進場,趨勢轉強｜量能回溫｜結構收斂
2026-09-30,8940,15.1,42047,15.1,15.1,15.1,0.006666666666666599,0.006666666666666599,0.030716723549488067,-0.013071895424836666,0.0,0.009876777730318562,14.99,14.930000000000001,14.9475,14.964285714285714,24559.2,38997.65,1.0781931731783563,0.6297610240616902,15.5,14.65,15.5,14.65,0.05629139072474889,14.99,14.930000000000001,0.003973509933511603,0.0,79.45450715472604,66.19186585928205,0,-0.04869280320800584,-0.08457302687096131,0.03588022366295547,0,25.0,25.0,25.0,3.0,78.0,0.0,78.0,BUY,🟢 買進,可分批進場,趨勢轉強｜量能回溫｜結構收斂
2026-09-30,1325,25.9,216678,25.9,25.9,25.9,0.013698630136986134,0.013698630136986134,0.015686274509803866,-0.0057581573896353655,0.0,0.011796007107495876,25.75,25.669999999999998,25.725,25.740476190476187,154611.4,166370.05,1.3023858561081079,0.9293223149238645,26.4,25.35,26.4,25.35,0.04054054053897516,25.75,25.669999999999998,0.0030888030886839016,0.0,68.99579589718527,56.02290403660895,0,-0.06076452021839174,-0.07784084048526921,0.01707632026687747,1,25.0,25.0,18.0,10.0,78.0,0.0,78.0,BUY,🟢 買進,可分批進場,趨勢轉強｜量能回溫｜結構收斂｜KD/MACD確認
2026-09-30,1472,88.8,81515,88.8,88.8,88.8,0.007945516458569779,0.01718213058419238,-0.007821229050279377,0.0,0.0,0.008389897243653206,88.02,87.84,88.8,88.8,42209.6,40755.52631578947,2.0000968548016895,1.0356779513272083,90.5,87.1,90.5,87.1,0.03828828828785718,88.02,87.84,0.002027027027004117,0.0,62.800727317256516,40.198048149922634,0,-0.4652805299855629,-0.4871470909411324,0.021866560955569492,1,25.0,25.0,18.0,10.0,78.0,0.0,78.0,BUY,🟢 買進,可分批進場,趨勢轉強｜量能回溫｜結構收斂｜KD/MACD確認
2026-09-30,1732,26.15,181113,26.15,26.15,26.15,0.007707129094412402,0.0038387715930900956,0.007707129094412402,-0.011342155009451793,0.0,0.006087055252702312,26.119999999999997,26.034999999999997,26.035000000000004,26.054761904761904,76657.0,73314.2,2.470367268550943,1.045595532652596,26.2,25.85,26.45,25.85,0.01338432122319746,26.119999999999997,26.034999999999997,0.003250478011348007,0.0,69.14698192045083,65.14421936308452,1,-0.05798063722215829,-0.08432025608888724,0.026339618866728948,0,25.0,25.0,18.0,10.0,78.0,0.0,78.0,BUY,🟢 買進,可分批進場,趨勢轉強｜量能回溫｜結構收斂｜KD/MACD確認
2026-09-30,2105,30.65,5030299,30.65,30.65,30.65,0.018272425249169277,0.019966722129783676,0.016583747927031434,-0.008090614886731351,0.0,0.007065805347916476,30.189999999999998,30.1,30.4,30.423809523809524,3346402.6,3729059.9,1.348945614952444,0.8973850487089251,31.15,29.9,31.15,29.9,0.040783034256418174,30.4,30.1,0.009787928221540268,0.0,73.93579689167868,48.81727846171596,0,-0.1652559342267388,-0.19365396816419866,0.028398033937459877,1,25.0,25.0,18.0,10.0,78.0,0.0,78.0,BUY,🟢 買進,可分批進場,趨勢轉強｜量能回溫｜結構收斂｜KD/MACD確認
2026-09-30,2115,23.9,87805,23.9,23.9,23.9,0.00843881856540074,0.002096436058700135,0.004201680672268893,0.0,0.0,0.006666457076975402,23.759999999999998,23.775,23.832500000000003,23.835714285714285,40857.6,57245.3,1.5338377124409945,0.713728463297411,24.2,23.65,24.2,23.65,0.023012552300292394,23.832500000000003,23.759999999999998,0.003033472803220571,0.0,42.74341357409869,30.95354127733659,1,-0.03091737692758656,-0.02910964108278631,-0.0018077358448002484,0,25.0,25.0,18.0,10.0,78.0,0.0,78.0,BUY,🟢 買進,可分批進場,趨勢轉強｜量能回溫｜結構收斂｜KD/MACD確認
2026-09-30,2642,20.4,37125,20.4,20.4,20.4,0.004926108374384119,0.004926108374384119,0.00990099009900991,-0.00487804878048792,0.0,0.005295115824921007,20.4,20.345,20.335,20.34285714285714,24739.2,31768.15,1.1686232909375847,0.7787422308192079,20.5,20.15,20.5,20.15,0.01715686274425709,20.4,20.335,0.0031862745096476203,0.0,65.2850732459526,63.714329642251954,1,-0.016979929895040158,-0.03340955574478378,0.01642962584974362,0,25.0,25.0,18.0,10.0,78.0,0.0,78.0,BUY,🟢 買進,可分批進場,趨勢轉強｜量能回溫｜結構收斂｜KD/MACD確認
2026-09-30,5007,56.4,86561,56.4,56.4,56.4,0.018050541516245522,0.019891500904159143,0.012567324955116588,0.0,0.0,0.006509846072863815,55.779999999999994,55.660000000000004,55.925,55.94761904761905,52378.8,46461.85,1.8630553884530674,1.1273507189231355,56.6,55.3,56.6,55.3,0.023049645389662317,55.925,55.660000000000004,0.004698581560200264,0.0,54.839156478929596,38.481128066356625,0,-0.1452747668980976,-0.17523997356206186,0.029965206663964267,1,25.0,25.0,18.0,10.0,78.0,0.0,78.0,BUY,🟢 買進,可分批進場,趨勢轉強｜量能回溫｜結構收斂｜KD/MACD確認
2026-09-30,2006,85.4,2294770,85.4,85.4,85.4,0.0,-0.0011695906432748204,0.040194884287454435,0.05693069306930698,0.0,0.019552153386932378,86.1,84.81,83.33500000000001,83.21428571428571,1863592.0,1834733.3,1.250737641269169,1.015729098065642,87.8,80.8,87.8,80.8,0.08196721311379429,86.1,83.33500000000001,0.03237704917994858,0.0,72.23551179580781,72.96800301426256,0,1.3294292332631557,1.0100808727787771,0.31934836048437854,0,22.0,25.0,25.0,6.0,78.0,0.0,78.0,BUY,🟢 買進,可分批進場,趨勢轉強｜量能回溫｜結構收斂｜指標初轉強
2026-09-30,3034,546.0,4490920,546.0,546.0,546.0,0.011111111111111072,-0.0036496350364964014,-0.017985611510791366,0.011111111111111072,0.0,0.01777744644967194,546.2,547.1,544.1,543.9047619047619,3512722.0,3153790.2,1.4239755073118048,1.113809663052412,558.0,524.0,558.0,524.0,0.062271062270948224,547.1,544.1,0.005494505494495432,0.0,29.80816753407246,41.57873699483563,0,1.546365884283091,1.9463926276143368,-0.4000267433312459,0,22.0,25.0,25.0,6.0,78.0,0.0,78.0,BUY,🟢 買進,可分批進場,趨勢轉強｜量能回溫｜結構收斂｜指標初轉強
2026-09-30,6887,38.1,39319,38.1,38.1,38.1,0.0,-0.020565552699228773,-0.002617801047120505,0.04240766073871427,0.0,0.01773685586737972,38.49,38.275,37.9525,37.885714285714286,18885.8,18586.45,2.1154658366712247,1.0161058190240193,39.0,36.9,39.0,36.55,0.055118110234773844,38.49,37.9525,0.01410761154818619,0.0,68.1176492133687,75.18132431213667,0,0.41637121748991035,0.41135271850968097,0.00501849898022938,0,22.0,25.0,25.0,6.0,78.0,0.0,78.0,BUY,🟢 買進,可分批進場,趨勢轉強｜量能回溫｜結構收斂｜指標初轉強
2026-09-30,3266,14.0,38070,14.0,14.0,14.0,0.018181818181818077,0.0,0.010830324909747224,0.014492753623188248,0.0,0.010718915582928234,13.930000000000001,13.895,13.919999999999998,13.914285714285715,27686.2,34052.4,1.1179828734538206,0.8130469511693504,14.05,13.65,14.05,13.65,0.02857142856938778,13.930000000000001,13.895,0.0024999999998215655,0.0,76.31526054941162,72.05419431293971,1,0.022437906235440508,0.02427800960497803,-0.0018401033695375213,0,22.0,25.0,18.0,13.0,78.0,0.0,78.0,BUY,🟢 買進,可分批進場,趨勢轉強｜量能回溫｜結構收斂｜KD/MACD確認
2026-09-30,6191,84.0,1190164,84.0,84.0,84.0,0.010830324909747446,0.009615384615384581,0.024390243902439046,0.0035842293906809264,0.0,0.012883890398978666,83.3,82.88000000000001,82.72,82.76666666666667,1194284.2,1192009.1,0.9984521091323875,1.0019086263687071,84.3,81.0,84.3,81.0,0.03928571428524656,83.3,82.72,0.006904761904679685,0.0,70.54881730079516,67.08691194514503,1,-0.0025413716558517763,-0.1649395266728366,0.16239815501698482,0,28.0,17.0,22.0,10.0,77.0,0.0,77.0,BUY,🟢 買進,可分批進場,趨勢轉強｜量能回溫｜結構收斂｜KD/MACD確認
2026-09-30,2496,55.0,14052,55.0,55.0,55.0,-0.001814882032667886,0.0036496350364965124,0.0018214936247722413,0.00917431192660545,0.0,0.004801047482466977,54.98,54.98,54.9,54.88095238095238,10958.6,10045.65,1.39881441220813,1.0908801321964143,55.3,54.5,55.3,54.5,0.014545454545190031,54.98,54.9,0.0014545454545189774,0.0,57.66426769294113,57.78920417071839,0,0.11148094277425713,0.10622544995228045,0.005255492821976682,0,28.0,25.0,18.0,6.0,77.0,0.0,77.0,BUY,🟢 買進,可分批進場,趨勢轉強｜量能回溫｜結構收斂｜指標初轉強
2026-09-30,3593,11.0,39768,11.0,11.0,11.0,0.06796116504854366,0.21278941565600884,0.08374384236453203,0.0,0.0,0.039506945588748114,9.819999999999999,9.767,10.116,10.116,30252.2,19985.5,1.9898426359109358,1.5137074378923963,11.0,8.8,11.0,8.8,0.1999999999818181,10.116,9.767,0.031727272724388446,0.0,67.77547280912694,39.95734230282709,0,-0.19795759320237138,-0.2820731965056884,0.08411560330331702,1,25.0,20.0,22.0,10.0,77.0,0.0,77.0,BUY,🟢 買進,可分批進場,趨勢轉強｜量能回溫｜結構收斂｜KD/MACD確認
2026-09-30,9905,21.35,89183,21.35,21.35,21.35,0.0070754716981134,0.0070754716981134,0.004705882352941337,-0.006976744186046435,0.0,0.003963726295796263,21.229999999999997,21.240000000000002,21.317500000000003,21.326190476190476,65938.6,106084.55,0.8406784965388376,0.6215664769280671,21.5,21.2,21.5,21.2,0.01405152224758544,21.317500000000003,21.229999999999997,0.00409836065554601,0.0,35.648461045400474,18.174774589881782,1,-0.0598344880537347,-0.06080496328254021,0.0009704752288055077,1,25.0,17.0,18.0,17.0,77.0,0.0,77.0,BUY,🟢 買進,可分批進場,趨勢轉強｜量能回溫｜結構收斂｜KD/MACD確認
2026-09-30,3002,19.3,327819,19.3,19.3,19.3,0.021164021164021385,-0.025252525252525304,0.14880952380952372,0.10601719197707737,0.0,0.035005723265182816,19.1,18.794999999999998,17.9675,17.942857142857143,372291.2,324298.15,1.0108568303581102,1.1479905142844598,20.45,16.65,20.45,16.65,0.19689119169964298,19.1,17.9675,0.0586787564736436,0.0,64.60076665099322,64.11512759036604,1,0.5069751196591348,0.3491680949635585,0.15780702469557628,0,22.0,17.0,25.0,13.0,77.0,0.0,77.0,BUY,🟢 買進,可分批進場,趨勢轉強｜量能回溫｜結構收斂｜KD/MACD確認
2026-09-30,3062,22.9,3202355,22.9,22.9,22.9,0.040909090909090784,-0.010799136069114423,0.12254901960784315,0.106280193236715,0.0,0.02886653254562348,22.28,21.785,21.175,21.152380952380952,3226807.0,1790371.1,1.788654318649356,1.8023118223925745,23.15,20.25,23.15,20.25,0.12663755457962275,22.28,21.175,0.0482532751070632,0.0,73.74849077372996,69.53741947148663,1,0.4640388070430497,0.27282092045205075,0.19121788659099892,0,22.0,20.0,22.0,13.0,77.0,0.0,77.0,BUY,🟢 買進,可分批進場,趨勢轉強｜量能回溫｜結構收斂｜KD/MACD確認
2026-09-30,8215,29.65,4627241,29.65,29.65,29.65,0.05892857142857144,-0.013311148086522562,0.188376753507014,0.15820312499999978,0.0,0.036334660336101623,28.35,27.65,26.497499999999995,26.454761904761902,4339838.0,2466834.95,1.8757805421882798,1.7592737608975413,30.05,24.5,30.05,24.5,0.18718381112353516,28.35,26.497499999999995,0.06247892073988288,0.0,74.4479038668503,69.30166213192376,1,0.8426571580141662,0.5101525264453783,0.33250463156878785,0,22.0,20.0,22.0,13.0,77.0,0.0,77.0,BUY,🟢 買進,可分批進場,趨勢轉強｜量能回溫｜結構收斂｜KD/MACD確認
2026-09-30,2434,65.4,837812,65.4,65.4,65.4,0.0092592592592593,0.07742998352553543,0.06688417618270814,0.05483870967741944,0.0,0.04292452425993398,65.9,63.3,63.4,63.333333333333336,1135580.0,957775.85,0.8747474683142189,1.1856427576452244,68.2,59.3,68.2,59.3,0.13608562690923423,65.9,63.3,0.03975535168134943,0.0,72.74905289144488,67.64423841992058,0,0.6946283364172317,0.26690913851501985,0.4277191979022118,0,28.0,17.0,25.0,6.0,76.0,0.0,76.0,BUY,🟢 買進,可分批進場,趨勢轉強｜量能回溫｜結構收斂｜指標初轉強
2026-09-30,3044,525.0,2375027,525.0,525.0,525.0,0.007677543186180413,0.001908396946564972,0.02941176470588225,0.05740181268882183,0.0,0.022444336959008857,533.2,520.45,509.625,509.0,2652529.8,2837098.4,0.8371324025983728,0.9349445898668862,543.0,484.0,543.0,484.0,0.11238095238073832,533.2,509.625,0.04490476190467646,0.0,72.70922762920034,80.77033975601762,0,8.951085563600486,6.568337911307384,2.3827476522931024,0,28.0,17.0,25.0,6.0,76.0,0.0,76.0,BUY,🟢 買進,可分批進場,趨勢轉強｜量能回溫｜結構收斂｜指標初轉強
2026-09-30,1101,26.3,104957435,26.3,26.3,26.3,0.03952569169960474,0.08902691511387162,0.10041841004184104,0.07786885245901654,0.0,0.01986668518122577,25.41,24.785000000000004,24.677500000000002,24.664285714285718,67189643.0,38404408.1,2.732952809133387,1.7495294505007617,26.3,23.8,26.3,23.8,0.09505703421691798,25.41,24.677500000000002,0.027851711025556898,0.0,82.83332738789127,68.75807935180228,0,0.27095703558553197,0.08717779537883552,0.18377924020669645,0,28.0,20.0,22.0,6.0,76.0,0.0,76.0,BUY,🟢 買進,可分批進場,趨勢轉強｜量能回溫｜結構收斂｜指標初轉強
2026-09-30,1418,18.35,45014,18.35,18.35,18.35,0.002732240437158584,0.04558404558404572,0.054597701149425415,0.03380281690140863,0.0,0.015009082534834822,18.110000000000003,17.88,17.7425,17.742857142857144,51552.0,29799.3,1.5105723959958284,1.7299735228679287,18.35,17.35,18.35,17.35,0.0544959128035697,18.110000000000003,17.7425,0.020027247955312043,0.0,85.83647186317177,69.10119424661588,0,0.12299730009906185,0.031451204876130304,0.09154609522293154,0,28.0,20.0,22.0,6.0,76.0,0.0,76.0,BUY,🟢 買進,可分批進場,趨勢轉強｜量能回溫｜結構收斂｜指標初轉強
2026-09-30,1568,32.8,483918,32.8,32.8,32.8,0.012345679012345734,0.047923322683705916,0.13298791018998268,0.1428571428571428,0.0,0.02209368371898251,31.52,30.82,29.925,29.866666666666667,387387.6,292847.45,1.652457619146072,1.3228307092993252,32.8,28.2,32.8,28.2,0.14024390243474863,31.52,29.925,0.048628048779005215,0.0,93.30120570042556,87.62838497547949,0,0.8150793929923452,0.4958746314807358,0.3192047615116094,0,28.0,20.0,22.0,6.0,76.0,0.0,76.0,BUY,🟢 買進,可分批進場,趨勢轉強｜量能回溫｜結構收斂｜指標初轉強
2026-09-30,1609,38.75,4929151,38.75,38.75,38.75,0.006493506493506551,0.021080368906455815,0.03887399463806984,0.030585106382978733,0.0,0.009028161802488435,38.21,37.915000000000006,37.7025,37.69761904761905,3566696.8,2922590.4,1.6865692161310044,1.2203888714614264,38.75,37.0,38.75,37.0,0.0451612903214152,38.21,37.7025,0.013096774193210415,0.0,88.5396388975476,78.65218125955447,0,0.20268005870894257,0.08992290824331656,0.11275715046562601,0,28.0,20.0,22.0,6.0,76.0,0.0,76.0,BUY,🟢 買進,可分批進場,趨勢轉強｜量能回溫｜結構收斂｜指標初轉強
2026-09-30,1708,53.8,7804224,53.8,53.8,53.8,0.03461538461538449,0.06324110671936745,0.1220020855057351,0.06324110671936745,0.0,0.019163427157388436,51.65999999999999,50.8,50.3975,50.40714285714286,4492560.2,2736173.25,2.8522404420114835,1.6419136470981868,53.8,47.95,53.8,47.95,0.10873605947753269,51.65999999999999,50.3975,0.023466542750492977,0.0,88.98172805716298,77.43721444070067,0,0.44184234249328824,0.024292563641456225,0.41754977885183203,0,28.0,20.0,22.0,6.0,76.0,0.0,76.0,BUY,🟢 買進,可分批進場,趨勢轉強｜量能回溫｜結構收斂｜指標初轉強
2026-09-30,2029,22.45,947984,22.45,22.45,22.45,0.013544018058690765,0.0589622641509433,0.0767386091127098,0.02277904328018221,0.0,0.012109941362924245,21.72,21.28,21.392500000000002,21.41904761904762,487194.2,387544.15,2.4461316213907436,1.257132122881996,22.45,20.6,22.45,20.6,0.08240534520791058,21.72,21.28,0.019599109130530007,0.0,88.11182474686426,69.67046888739853,0,0.005312335287307235,-0.15311111237852,0.15842344766582722,0,28.0,20.0,22.0,6.0,76.0,0.0,76.0,BUY,🟢 買進,可分批進場,趨勢轉強｜量能回溫｜結構收斂｜指標初轉強
2026-09-30,2031,46.5,1042897,46.5,46.5,46.5,0.017505470459518557,0.04143337066069441,0.06773823191733652,0.03333333333333344,0.0,0.011771780987553045,45.86,45.0,44.83,44.83809523809524,1103788.4,657966.45,1.5850306653173554,1.6775755055595893,46.5,43.3,46.5,43.3,0.0688172042995954,45.86,44.83,0.022150537633932273,0.0,90.37118318831287,79.47369090660482,0,0.2609624775140631,0.014676284625542615,0.2462861928885205,0,28.0,20.0,22.0,6.0,76.0,0.0,76.0,BUY,🟢 買進,可分批進場,趨勢轉強｜量能回溫｜結構收斂｜指標初轉強
2026-09-30,2406,31.45,18980568,31.45,31.45,31.45,0.037953795379537913,0.03453947368421062,0.18679245283018875,0.1212121212121211,0.0,0.029398995676686936,30.45,28.919999999999998,28.055,28.054761904761904,15058342.0,6237701.5,3.042878534665373,2.4140850600177,31.45,25.85,31.45,25.85,0.17806041334886924,30.45,28.055,0.07615262320902534,0.0,93.29142891518602,82.42895814644754,0,0.746615829323332,0.2613722264461566,0.48524360287717544,0,28.0,20.0,22.0,6.0,76.0,0.0,76.0,BUY,🟢 買進,可分批進場,趨勢轉強｜量能回溫｜結構收斂｜指標初轉強
2026-09-30,2436,74.5,9601609,74.5,74.5,74.5,-0.01844532279314892,0.06428571428571428,0.09720176730485997,0.1339421613394216,0.0,0.03443662733307972,72.67999999999999,70.32000000000001,68.905,68.75238095238095,8720744.2,6560424.7,1.4635651560789957,1.329295678067915,75.9,65.1,75.9,65.1,0.14496644295107441,72.67999999999999,68.905,0.05067114093891705,0.0,86.28121669183362,78.36495118021917,0,1.8391286416379842,1.1097906266299766,0.7293380150080075,0,28.0,20.0,22.0,6.0,76.0,0.0,76.0,BUY,🟢 買進,可分批進場,趨勢轉強｜量能回溫｜結構收斂｜指標初轉強
2026-09-30,2458,137.5,1489305,137.5,137.5,137.5,0.011029411764705843,0.05363984674329503,0.08695652173913038,0.014760147601476037,0.0,0.02067684289879138,133.9,131.45,131.4,131.5952380952381,1818455.0,1382940.85,1.076911568560578,1.314918855712447,138.0,125.0,138.0,125.0,0.09454545454476695,133.9,131.4,0.018181818181685953,0.0,85.82521536896454,72.4441154115835,0,0.13974764158371045,-0.9661454413379197,1.10589308292163,0,28.0,20.0,22.0,6.0,76.0,0.0,76.0,BUY,🟢 買進,可分批進場,趨勢轉強｜量能回溫｜結構收斂｜指標初轉強
2026-09-30,2482,16.45,131185,16.45,16.45,16.45,0.006116207951070152,0.03134796238244508,0.04444444444444451,0.028124999999999956,0.0,0.013861914890834097,16.34,16.130000000000003,15.9875,15.988095238095237,121275.4,92329.6,1.42083362215366,1.3135050947908218,16.45,15.5,16.45,15.5,0.05775075987490873,16.34,15.9875,0.021428571427268728,0.0,90.629016166462,84.44902056763164,0,0.10199205710553372,0.03638466420717569,0.06560739289835803,0,28.0,20.0,22.0,6.0,76.0,0.0,76.0,BUY,🟢 買進,可分批進場,趨勢轉強｜量能回溫｜結構收斂｜指標初轉強
2026-09-30,2484,78.0,23947173,78.0,78.0,78.0,0.014304291287386084,0.11428571428571432,0.1607142857142856,0.054054054054053946,0.0,0.029397090930188805,74.04,72.03,71.22,71.35238095238095,17737980.8,9122096.1,2.6251831528062937,1.9445071182707665,78.0,66.7,78.0,66.7,0.1448717948699375,74.04,71.22,0.036153846153382733,0.0,92.60670246562594,81.18338414650924,0,0.5047602064742449,-0.5043358903647818,1.0090960968390266,0,28.0,20.0,22.0,6.0,76.0,0.0,76.0,BUY,🟢 買進,可分批進場,趨勢轉強｜量能回溫｜結構收斂｜指標初轉強
2026-09-30,2498,42.9,13288766,42.9,42.9,42.9,-0.0023255813953488857,0.06982543640897743,0.07518796992481214,0.06716417910447747,0.0,0.01568239311442026,41.89,40.84,40.7925,40.76428571428571,11814842.2,6561505.4,2.0252617638629085,1.8006298066903972,43.0,39.25,43.0,39.25,0.08741258741054983,41.89,40.7925,0.025582750582154336,0.0,90.2783406519151,75.69614915399923,0,0.4411428090859104,0.12614798242033565,0.31499482666557477,0,28.0,20.0,22.0,6.0,76.0,0.0,76.0,BUY,🟢 買進,可分批進場,趨勢轉強｜量能回溫｜結構收斂｜指標初轉強
2026-09-30,2527,50.0,1603695,50.0,50.0,50.0,0.03412616339193386,0.06609808102345416,0.14416475972540033,0.16822429906542058,0.0,0.019050033577995465,48.57000000000001,46.485,45.00750000000001,44.90238095238095,893119.0,674818.5,2.376483454439968,1.3234951323948567,50.0,42.5,50.0,42.5,0.149999999997,48.57000000000001,45.00750000000001,0.07124999999857501,0.0,95.52349628669725,88.11964500008979,0,1.5143388034010385,0.9279545734088894,0.5863842299921491,0,28.0,20.0,22.0,6.0,76.0,0.0,76.0,BUY,🟢 買進,可分批進場,趨勢轉強｜量能回溫｜結構收斂｜指標初轉強
2026-09-30,2614,19.2,1808945,19.2,19.2,19.2,0.01856763925729421,0.05785123966942152,0.0786516853932584,0.04632152588555849,0.0,0.011427205263784185,18.57,18.25,18.175,18.183333333333334,1294336.0,748637.2,2.4163172762454197,1.7289229015068959,19.2,17.7,19.2,17.7,0.07812499999593099,18.57,18.175,0.020572916665595138,0.0,93.88069291509352,82.78443309096149,0,0.10515992036449262,-0.02040052236492477,0.12556044272941738,0,28.0,20.0,22.0,6.0,76.0,0.0,76.0,BUY,🟢 買進,可分批進場,趨勢轉強｜量能回溫｜結構收斂｜指標初轉強
2026-09-30,3014,141.5,1815815,141.5,141.5,141.5,-0.013937282229965153,0.014336917562723928,0.08429118773946365,0.10116731517509736,0.0,0.01397047372700267,141.5,137.9,134.45,134.16666666666666,3179874.0,1568975.3,1.1573254212478672,2.026720242186093,143.5,130.0,143.5,128.5,0.09540636042335403,141.5,134.45,0.04982332155441829,0.0,89.086877388662,88.78009516102075,0,3.2990256131173226,2.272690829721522,1.0263347833958005,0,28.0,20.0,22.0,6.0,76.0,0.0,76.0,BUY,🟢 買進,可分批進場,趨勢轉強｜量能回溫｜結構收斂｜指標初轉強
2026-09-30,3015,55.2,529686,55.2,55.2,55.2,0.027932960893854775,0.045454545454545636,0.06153846153846154,0.03370786516853941,0.0,0.014004953703391033,53.720000000000006,52.61,52.620000000000005,52.65714285714286,472500.4,337530.95,1.5692960897363588,1.3998728116636374,55.2,50.6,55.2,50.6,0.0833333333318237,53.720000000000006,52.61,0.020108695651809744,0.0,94.17574067345357,81.70611639952207,0,0.18414652030670453,-0.1608453499923356,0.3449918702990401,0,28.0,20.0,22.0,6.0,76.0,0.0,76.0,BUY,🟢 買進,可分批進場,趨勢轉強｜量能回溫｜結構收斂｜指標初轉強
2026-09-30,3042,210.0,26893773,210.0,210.0,210.0,0.007194244604316502,0.14441416893732972,0.1797752808988764,0.13207547169811318,0.0,0.031874754326480646,200.6,191.6,184.65,184.6904761904762,28632485.2,15037696.25,1.7884237421007887,1.904047317088214,210.0,172.0,210.0,172.0,0.18095238095151928,200.6,184.65,0.07595238095201923,0.0,95.22456372731187,87.36732169754946,0,5.263264009194103,1.6735150784064394,3.589748930787663,0,28.0,20.0,22.0,6.0,76.0,0.0,76.0,BUY,🟢 買進,可分批進場,趨勢轉強｜量能回溫｜結構收斂｜指標初轉強
2026-09-30,3050,11.95,774861,11.95,11.95,11.95,0.025751072961373245,0.02136752136752129,0.06696428571428581,0.02136752136752129,0.0,0.015050205447420329,11.639999999999999,11.48,11.422500000000001,11.435714285714287,511689.2,422031.05,1.8360284154447835,1.2124444398107648,11.95,11.05,11.95,11.05,0.07531380752507823,11.639999999999999,11.422500000000001,0.018200836818560398,0.0,85.72295694627432,74.67244348433823,0,0.024946016457191078,-0.04581758779579881,0.07076360425298989,0,28.0,20.0,22.0,6.0,76.0,0.0,76.0,BUY,🟢 買進,可分批進場,趨勢轉強｜量能回溫｜結構收斂｜指標初轉強
2026-09-30,3054,59.4,151637,59.4,59.4,59.4,0.010204081632653184,0.018867924528301883,0.06451612903225801,0.02590673575129543,0.0,0.01768756475853911,58.71999999999999,57.71,57.125,57.161904761904765,114793.0,89532.6,1.69365125105267,1.2821363391658314,59.4,54.7,59.4,54.7,0.079124579123247,58.71999999999999,57.125,0.026851851851399666,0.0,96.18850574942243,87.62900651480646,0,0.36921290767605086,0.021873081150673275,0.3473398265253776,0,28.0,20.0,22.0,6.0,76.0,0.0,76.0,BUY,🟢 買進,可分批進場,趨勢轉強｜量能回溫｜結構收斂｜指標初轉強
2026-09-30,3060,28.1,2271586,28.1,28.1,28.1,0.023679417122040247,0.03690036900368998,0.0745697896749522,0.060377358490566024,0.0,0.02096472370125564,27.02,26.714999999999996,26.5525,26.549999999999997,1145398.4,889643.0,2.553368036392123,1.2874809333631565,28.1,25.5,28.1,25.5,0.09252669038816635,27.02,26.5525,0.01663701067556456,0.0,85.442284237313,76.15090319683767,0,0.21224711262921758,0.057370997803039996,0.15487611482617758,0,28.0,20.0,22.0,6.0,76.0,0.0,76.0,BUY,🟢 買進,可分批進場,趨勢轉強｜量能回溫｜結構收斂｜指標初轉強
2026-09-30,3149,74.0,18806124,74.0,74.0,74.0,0.09955423476968805,0.13671274961597546,0.21510673234811173,0.154446177847114,0.0,0.03481647304780776,66.38,64.35,62.964999999999996,63.01904761904761,8321056.6,5978491.2,3.1456304560588793,1.3918322067614648,74.0,59.4,74.0,59.4,0.19729729729463114,66.38,62.964999999999996,0.046148648648025,0.0,88.17890744659366,79.31478998212336,0,1.1757904117491051,0.09380728945444511,1.08198312229466,0,28.0,20.0,22.0,6.0,76.0,0.0,76.0,BUY,🟢 買進,可分批進場,趨勢轉強｜量能回溫｜結構收斂｜指標初轉強
2026-09-30,3308,22.35,154833,22.35,22.35,22.35,0.006756756756756799,0.01822323462414599,0.02758620689655178,0.03953488372093039,0.0,0.0106924439395768,21.869999999999997,21.884999999999998,21.817500000000003,21.802380952380954,106843.4,64342.15,2.406400780825596,1.6605506654657691,22.35,21.5,22.35,21.5,0.03803131990881298,21.884999999999998,21.817500000000003,0.0030201342280525866,0.0,69.58144513555786,56.903373486234116,0,0.10634769175550574,0.06940790710059849,0.03693978465490724,0,28.0,20.0,22.0,6.0,76.0,0.0,76.0,BUY,🟢 買進,可分批進場,趨勢轉強｜量能回溫｜結構收斂｜指標初轉強
2026-09-30,3481,54.7,486059149,54.7,54.7,54.7,0.0994974874371859,0.08531746031746046,0.14795383001049323,0.09729187562688058,0.0,0.030595604551878132,50.82,49.675,49.2625,49.290476190476184,282882697.8,204440643.25,2.37750743332197,1.3836910963642255,54.7,46.8,54.7,46.8,0.14442413162441647,50.82,49.2625,0.02847349177278837,0.0,84.0358030370795,73.91687322976667,0,0.45737944775444817,-0.027481797324568513,0.4848612450790167,0,28.0,20.0,22.0,6.0,76.0,0.0,76.0,BUY,🟢 買進,可分批進場,趨勢轉強｜量能回溫｜結構收斂｜指標初轉強
2026-09-30,3533,1770.0,2399430,1770.0,1770.0,1770.0,0.03508771929824572,0.1132075471698113,0.1132075471698113,0.047337278106508895,0.0,0.03248341948272408,1721.0,1636.5,1642.75,1645.0,1831470.4,1065649.0,2.251613805296113,1.7186431930213404,1770.0,1510.0,1770.0,1510.0,0.14689265536714866,1721.0,1636.5,0.04774011299432331,0.0,83.32013744426483,68.60352916611811,0,9.253999257091664,-11.231143990444371,20.485143247536037,0,28.0,20.0,22.0,6.0,76.0,0.0,76.0,BUY,🟢 買進,可分批進場,趨勢轉強｜量能回溫｜結構收斂｜指標初轉強
2026-09-30,3535,92.0,1514606,92.0,92.0,92.0,0.024498886414253906,0.03023516237402024,0.11380145278450371,0.04783599088838275,0.0,0.02650936286500089,88.5,87.33000000000001,87.215,87.24285714285713,1171867.4,891360.6,1.69920680810886,1.314695085243838,92.0,81.1,92.0,81.1,0.11847826086827747,88.5,87.215,0.01396739130419597,0.0,87.59588832074922,74.73122628407872,0,0.4624840186896222,-0.12962754912686603,0.5921115678164882,0,28.0,20.0,22.0,6.0,76.0,0.0,76.0,BUY,🟢 買進,可分批進場,趨勢轉強｜量能回溫｜結構收斂｜指標初轉強
2026-09-30,3686,16.3,569233,16.3,16.3,16.3,0.09764309764309775,0.03821656050955413,0.147887323943662,0.12802768166089984,0.0,0.03321427172692998,15.27,14.86,14.582500000000001,14.576190476190478,269067.4,146862.1,3.8759693617345534,1.8321091690776463,16.3,14.0,16.3,14.0,0.14110429446987094,15.27,14.582500000000001,0.04217791410784173,0.0,70.87381076620474,60.56020267594694,0,0.2615588486668461,0.10377920778618117,0.15777964088066493,0,28.0,20.0,22.0,6.0,76.0,0.0,76.0,BUY,🟢 買進,可分批進場,趨勢轉強｜量能回溫｜結構收斂｜指標初轉強
2026-09-30,4142,18.25,1460885,18.25,18.25,18.25,0.00828729281767937,0.031073446327683607,0.061046511627907085,0.028169014084507005,0.0,0.010414840822978182,17.990000000000002,17.764999999999997,17.66,17.664285714285715,894693.0,672965.0,2.1708186904222324,1.3294792448344246,18.25,17.2,18.25,17.2,0.057534246572189945,17.990000000000002,17.66,0.018082191779831214,0.0,95.66749022044677,85.46777374901777,0,0.09094267284167401,0.006867569353475513,0.0840751034881985,0,28.0,20.0,22.0,6.0,76.0,0.0,76.0,BUY,🟢 買進,可分批進場,趨勢轉強｜量能回溫｜結構收斂｜指標初轉強
2026-09-30,4566,74.1,3316709,74.1,74.1,74.1,0.012295081967212962,0.12443095599393006,0.17806041335453093,0.14175654853620934,0.0,0.028723794412298026,70.84,67.62,65.80499999999999,65.76190476190476,3903040.8,1548949.55,2.14126341300141,2.5197985305589827,74.3,62.7,74.3,62.7,0.15654520917467543,70.84,65.80499999999999,0.06794871794780111,0.0,92.17711098125805,84.45674986488265,0,1.8805306689224324,0.6919680057273372,1.1885626631950952,0,28.0,20.0,22.0,6.0,76.0,0.0,76.0,BUY,🟢 買進,可分批進場,趨勢轉強｜量能回溫｜結構收斂｜指標初轉強
2026-09-30,4906,42.3,17574239,42.3,42.3,42.3,0.05223880597014907,0.09870129870129873,0.19154929577464785,0.16850828729281742,0.0,0.030143276365893253,39.39,37.92,37.2,37.15238095238095,11359514.2,6673599.9,2.63339715645824,1.702156912343516,42.3,35.1,42.3,35.1,0.1702127659534228,39.39,37.2,0.051773049644166076,0.0,90.00162640036335,79.73751644584084,0,0.9404701462426601,0.39573134174579516,0.544738804496865,0,28.0,20.0,22.0,6.0,76.0,0.0,76.0,BUY,🟢 買進,可分批進場,趨勢轉強｜量能回溫｜結構收斂｜指標初轉強
2026-09-30,4934,14.95,945249,14.95,14.95,14.95,0.05653710247349819,0.03460207612456756,0.1074074074074074,0.05653710247349819,0.0,0.02273530780008787,14.419999999999998,14.079999999999998,13.9125,13.923809523809522,567863.2,433064.95,2.1826956903346666,1.3112656658083242,14.95,13.2,14.95,13.2,0.11705685617946109,14.419999999999998,13.9125,0.033946488292043615,0.0,87.19017571717421,79.54885885665503,0,0.11946709230304009,-0.0018128983875488544,0.12127999069058895,0,28.0,20.0,22.0,6.0,76.0,0.0,76.0,BUY,🟢 買進,可分批進場,趨勢轉強｜量能回溫｜結構收斂｜指標初轉強
2026-09-30,4960,24.4,9365650,24.4,24.4,24.4,0.04051172707889128,0.04051172707889128,0.22305764411027562,0.15094339622641506,0.0,0.031364223909595534,23.29,22.43,21.595,21.576190476190476,6821114.0,4494230.0,2.083927613851538,1.5177492028667867,24.4,19.5,24.4,19.5,0.20081967212291718,23.29,21.595,0.0694672131119071,0.0,91.09488690104314,81.67622218546194,0,0.6559321424514479,0.3180640106048136,0.33786813184663433,0,28.0,20.0,22.0,6.0,76.0,0.0,76.0,BUY,🟢 買進,可分批進場,趨勢轉強｜量能回溫｜結構收斂｜指標初轉強
2026-09-30,6116,16.35,154482312,16.35,16.35,16.35,0.09731543624161088,0.10472972972972983,0.180505415162455,0.12758620689655187,0.0,0.032409420809575845,15.319999999999999,14.715,14.467500000000001,14.46904761904762,109426526.6,47997801.35,3.2185289253879543,2.2798237319676726,16.35,13.65,16.35,13.65,0.16513761466879898,15.319999999999999,14.467500000000001,0.05214067277968542,0.0,80.26382157828945,70.05997159333526,0,0.2571019365853875,0.06886807344365399,0.18823386314173352,0,28.0,20.0,22.0,6.0,76.0,0.0,76.0,BUY,🟢 買進,可分批進場,趨勢轉強｜量能回溫｜結構收斂｜指標初轉強
2026-09-30,6155,63.3,3733214,63.3,63.3,63.3,-0.010937500000000044,0.11052631578947358,0.13644524236983835,0.10858143607705761,0.0,0.03092953414156212,59.94,58.1,57.25,57.24285714285714,3244233.4,1552716.7,2.404311101954399,2.089391709382657,64.0,53.8,64.0,53.8,0.1611374407557483,59.94,57.25,0.04249605055225122,0.0,82.30071434919398,68.90889307319468,0,1.0616001361194805,0.23928598781194008,0.8223141483075403,0,28.0,20.0,22.0,6.0,76.0,0.0,76.0,BUY,🟢 買進,可分批進場,趨勢轉強｜量能回溫｜結構收斂｜指標初轉強
2026-09-30,6278,218.0,8876929,218.0,218.0,218.0,0.0092592592592593,0.12082262210796912,0.17520215633423186,0.09273182957393478,0.0,0.03421721157613999,213.7,200.65,196.9,197.02380952380952,12020733.6,5126623.9,1.7315350556532922,2.3447660359871527,218.0,180.5,218.0,180.5,0.17201834862306414,213.7,196.9,0.07706422018313266,0.0,92.66496752331281,80.69736631477386,0,4.142240302386995,0.643689110213441,3.4985511921735535,0,28.0,20.0,22.0,6.0,76.0,0.0,76.0,BUY,🟢 買進,可分批進場,趨勢轉強｜量能回溫｜結構收斂｜指標初轉強
2026-09-30,6438,164.0,1457858,164.0,164.0,164.0,0.012345679012345734,0.0897009966777409,0.13888888888888884,0.10437710437710446,0.0,0.021171064426431185,157.8,152.0,152.45,152.26190476190476,840312.2,572322.0,2.5472688451605867,1.468250739968057,164.0,142.5,164.0,142.5,0.1310975609748104,157.8,152.0,0.03536585365832101,0.0,93.18672450184684,79.66646712247862,0,2.2800807092203,0.6710138041324616,1.6090669050878386,0,28.0,20.0,22.0,6.0,76.0,0.0,76.0,BUY,🟢 買進,可分批進場,趨勢轉強｜量能回溫｜結構收斂｜指標初轉強
2026-09-30,6558,25.0,353873,25.0,25.0,25.0,-0.015748031496062964,0.03734439834024883,0.06837606837606836,0.014198782961460488,0.0,0.017348327139639935,24.830000000000002,24.244999999999997,24.19,24.211904761904762,376137.8,209431.5,1.689683739074582,1.7959943943485015,25.4,23.05,25.4,23.05,0.09399999999623991,24.830000000000002,24.19,0.02559999999897602,0.0,86.36965103141961,81.057517070552,0,0.0945286192133814,-0.08013904738551078,0.17466766659889219,0,28.0,20.0,22.0,6.0,76.0,0.0,76.0,BUY,🟢 買進,可分批進場,趨勢轉強｜量能回溫｜結構收斂｜指標初轉強
2026-09-30,6691,719.0,2580611,719.0,719.0,719.0,0.09938837920489307,0.13765822784810133,0.17292006525285486,0.16910569105691065,0.0,0.032049209904961296,664.2,643.9,630.05,629.3333333333334,1060816.0,660341.9,3.9079922082787655,1.6064647722641836,719.0,603.0,719.0,603.0,0.16133518776055447,664.2,630.05,0.04749652294847371,0.0,86.16364917280163,75.71962104386571,0,15.158665494279148,6.745934187155996,8.412731307123153,0,28.0,20.0,22.0,6.0,76.0,0.0,76.0,BUY,🟢 買進,可分批進場,趨勢轉強｜量能回溫｜結構收斂｜指標初轉強
2026-09-30,6695,55.0,1104717,55.0,55.0,55.0,0.01663585951940849,0.08910891089108919,0.19565217391304346,0.13168724279835398,0.0,0.02952161983493655,51.879999999999995,50.355000000000004,49.235,49.2047619047619,658819.6,455503.85,2.425263804027118,1.4463535269789676,55.0,45.6,55.0,45.6,0.17090909090598347,51.879999999999995,49.235,0.04809090909003464,0.0,93.45387206274765,84.48316889082434,0,1.0929390631083251,0.3873597126960999,0.7055793504122252,0,28.0,20.0,22.0,6.0,76.0,0.0,76.0,BUY,🟢 買進,可分批進場,趨勢轉強｜量能回溫｜結構收斂｜指標初轉強
2026-09-30,6698,33.3,489189,33.3,33.3,33.3,-0.017699115044247815,0.03416149068322971,0.06220095693779881,0.03900156006240252,0.0,0.023823858494667432,32.37,32.14,31.932500000000005,31.93809523809524,219415.2,148562.6,3.2928139383667,1.476920840103758,33.9,31.1,33.9,31.1,0.08408408408155897,32.37,31.932500000000005,0.013138138137743388,0.0,68.18836001983058,60.10746887619523,0,0.1965341348962184,0.0019953358215076406,0.19453879907471078,0,28.0,20.0,22.0,6.0,76.0,0.0,76.0,BUY,🟢 買進,可分批進場,趨勢轉強｜量能回溫｜結構收斂｜指標初轉強
2026-09-30,6743,31.85,553663,31.85,31.85,31.85,0.02411575562700974,0.07966101694915251,0.08888888888888902,0.15398550724637672,0.0,0.00840955476413848,30.75,30.059999999999995,29.442500000000003,29.354761904761908,540866.2,346829.55,1.5963547512027116,1.5594582410870077,31.85,28.0,31.85,27.6,0.12087912087532565,30.75,29.442500000000003,0.04105180533623063,0.0,98.36760930902608,95.58641577089676,0,0.7837550860909417,0.5661264084903443,0.21762867760059734,0,28.0,20.0,22.0,6.0,76.0,0.0,76.0,BUY,🟢 買進,可分批進場,趨勢轉強｜量能回溫｜結構收斂｜指標初轉強
2026-09-30,6799,91.7,363126,91.7,91.7,91.7,0.015503875968992276,0.09427207637231505,0.16518424396442177,0.13209876543209886,0.0,0.01995520769719538,88.32,84.66,82.27000000000001,82.20952380952382,475610.4,231469.75,1.5687838259642932,2.0547410622770275,91.7,77.5,91.7,77.5,0.1548527808052906,88.32,82.27000000000001,0.06597600872338066,0.0,94.83452930015214,85.97690995437502,0,2.204061445225477,0.9344107296881998,1.2696507155372774,0,28.0,20.0,22.0,6.0,76.0,0.0,76.0,BUY,🟢 買進,可分批進場,趨勢轉強｜量能回溫｜結構收斂｜指標初轉強
2026-09-30,6944,775.0,494392,775.0,775.0,775.0,-0.0012886597938144284,0.08848314606741581,0.11671469740634,0.08089260808926091,0.0,0.018059322427197114,752.8,724.6,714.9,715.0,455952.0,355254.5,1.3916558410941977,1.283451722638274,776.0,685.0,776.0,685.0,0.11741935483855817,752.8,714.9,0.048903225806388485,0.0,93.25355647995939,80.46584644936358,0,11.661073498796213,2.4245004598894577,9.236573038906755,0,28.0,20.0,22.0,6.0,76.0,0.0,76.0,BUY,🟢 買進,可分批進場,趨勢轉強｜量能回溫｜結構收斂｜指標初轉強
2026-09-30,7822,998.0,469058,998.0,998.0,998.0,0.02254098360655732,0.1741176470588235,0.23209876543209873,0.09190371991247259,0.0,0.029735694595844128,928.4,880.2,886.65,887.952380952381,279346.4,170896.15,2.744696121006806,1.6345973856052252,998.0,800.0,998.0,800.0,0.19839679358697557,928.4,880.2,0.04829659318632428,0.0,91.33219315416395,75.61890665406355,0,8.14761291651223,-8.472893670078369,16.6205065865906,0,28.0,20.0,22.0,6.0,76.0,0.0,76.0,BUY,🟢 買進,可分批進場,趨勢轉強｜量能回溫｜結構收斂｜指標初轉強
2026-09-30,7827,165.0,205107,165.0,165.0,165.0,0.00917431192660545,0.0185185185185186,0.08552631578947367,0.06796116504854366,0.0,0.020326093269173017,163.4,158.9,155.575,155.52380952380952,318254.0,188474.65,1.0882471462342491,1.688577217148292,165.0,148.5,165.0,148.5,0.09999999999939395,163.4,155.575,0.04742424242395511,0.0,94.79033671142514,83.9743479174989,0,2.668218765033089,1.2994223576638055,1.3687964073692833,0,28.0,20.0,22.0,6.0,76.0,0.0,76.0,BUY,🟢 買進,可分批進場,趨勢轉強｜量能回溫｜結構收斂｜指標初轉強
2026-09-30,8162,66.8,495524,66.8,66.8,66.8,0.021406727828745975,0.10596026490066213,0.10596026490066213,0.06879999999999997,0.0,0.022972945140081302,64.02000000000001,62.010000000000005,61.46,61.50952380952381,613020.6,227371.65,2.1793570130664834,2.6961171280588294,66.8,58.8,66.8,58.8,0.11976047904012334,64.02000000000001,61.46,0.03832335329283961,0.0,90.97293025598785,78.45675900428327,0,0.6933842869622069,-0.061498090082070106,0.754882377044277,0,28.0,20.0,22.0,6.0,76.0,0.0,76.0,BUY,🟢 買進,可分批進場,趨勢轉強｜量能回溫｜結構收斂｜指標初轉強
2026-09-30,1102,35.8,6224968,35.8,35.8,35.8,0.014164305949008416,0.015602836879432536,0.022857142857142687,0.0361794500723589,0.0,0.008127087075909516,35.64,35.405,35.295,35.25952380952381,8212502.4,7412477.2,0.8397959052069663,1.1079295326534022,35.95,34.95,35.95,34.55,0.027932960893074503,35.64,35.295,0.009636871508110672,0.0,70.22509590587623,67.4477523470587,1,0.2280513628096088,0.19467262055629841,0.03337874225331039,0,28.0,17.0,18.0,13.0,76.0,0.0,76.0,BUY,🟢 買進,可分批進場,趨勢轉強｜量能回溫｜結構收斂｜KD/MACD確認
2026-09-30,1218,14.6,490161,14.6,14.6,14.6,0.01038062283737018,0.006896551724137945,0.020979020979020824,0.006896551724137945,0.0,0.008158500772865715,14.459999999999999,14.45,14.434999999999999,14.438095238095238,358901.0,553602.5,0.8854024322505752,0.6483009018203482,14.7,14.25,14.7,14.25,0.03082191780610804,14.459999999999999,14.434999999999999,0.0017123287670060292,0.0,52.266749642351684,47.47197491958069,1,0.004382794866366169,-0.01086979115456212,0.015252586020928289,0,28.0,17.0,18.0,13.0,76.0,0.0,76.0,BUY,🟢 買進,可分批進場,趨勢轉強｜量能回溫｜結構收斂｜KD/MACD確認
2026-09-30,2002,19.2,90608564,19.2,19.2,19.2,0.02127659574468077,0.029490616621983934,0.02127659574468077,0.013192612137203241,0.0,0.007226244987306599,18.79,18.735,18.884999999999998,18.888095238095236,40559510.0,28356244.65,3.1953654342589406,1.43035548256211,19.25,18.65,19.25,18.65,0.031249999998372472,18.884999999999998,18.735,0.007812499999593025,0.0,56.79739363904346,30.52387775709333,0,-0.03770423468893114,-0.05653839838829833,0.01883416369936719,1,28.0,20.0,18.0,10.0,76.0,0.0,76.0,BUY,🟢 買進,可分批進場,趨勢轉強｜量能回溫｜結構收斂｜KD/MACD確認
2026-09-30,2607,53.8,305124,53.8,53.8,53.8,0.013182674199623268,0.003731343283581934,0.015094339622641506,0.020872865275142205,0.0,0.006968965814510568,53.6,53.44,53.364999999999995,53.333333333333336,264775.8,308223.4,0.9899443066295388,0.8590386064133972,53.8,53.0,53.8,52.7,0.014869888475559988,53.6,53.364999999999995,0.004368029739695883,0.0,76.41308142285081,73.21040032317237,1,0.1823200797896476,0.16196444823160291,0.02035563155804468,0,28.0,17.0,18.0,13.0,76.0,0.0,76.0,BUY,🟢 買進,可分批進場,趨勢轉強｜量能回溫｜結構收斂｜KD/MACD確認
2026-09-30,4104,72.7,149094,72.7,72.7,72.7,0.008321775312066793,0.006925207756232732,0.008321775312066793,0.02106741573033699,0.0,0.00718102104631684,72.22,72.17999999999999,71.83,71.8,117849.6,144815.45,1.0295448448352642,0.8137916223717786,72.8,70.8,72.8,70.8,0.02751031636825983,72.22,71.83,0.0053645116918106745,0.0,62.44680393450203,56.0498425958136,1,0.2838163673861658,0.24900870597532537,0.03480766141084041,0,28.0,17.0,18.0,13.0,76.0,0.0,76.0,BUY,🟢 買進,可分批進場,趨勢轉強｜量能回溫｜結構收斂｜KD/MACD確認
2026-09-30,6183,91.8,33475,91.8,91.8,91.8,0.01436464088397793,0.0021834061135370675,-0.004338394793926281,0.00879120879120876,0.0,0.007070174962099903,91.17999999999999,91.17999999999999,91.47,91.44761904761906,29508.4,22885.2,1.4627357418767821,1.2894097495323926,92.6,90.5,92.6,90.5,0.0228758169932148,91.47,91.17999999999999,0.0031590413943011677,0.0,44.85267057082287,30.585834361165915,1,-0.0024608682623039613,0.03692710948716972,-0.03938797774947368,0,28.0,20.0,18.0,10.0,76.0,0.0,76.0,BUY,🟢 買進,可分批進場,趨勢轉強｜量能回溫｜結構收斂｜KD/MACD確認
2026-09-30,2461,17.85,749481,17.85,17.85,17.85,0.02586206896551735,0.00847457627118664,0.02586206896551735,-0.040322580645161255,0.0,0.013721338475307288,17.59,17.575,17.845,17.88095238095238,409047.4,512848.3,1.4614087635661435,0.7975992120866916,18.4,17.35,18.6,17.35,0.058823529408469105,17.845,17.575,0.015126050419320644,0.0,58.3673549976251,40.63003112890428,0,-0.2219517818043535,-0.2396962806494281,0.01774449884507462,1,20.0,25.0,21.0,10.0,76.0,0.0,76.0,BUY,🟢 買進,可分批進場,趨勢轉強｜量能回溫｜結構收斂｜KD/MACD確認
2026-09-30,6947,68.4,193105,68.4,68.4,68.4,0.017857142857142794,0.007363770250368162,0.010339734121122657,-0.027027027027026862,0.0,0.011977282727401388,67.76,67.47999999999999,68.33500000000001,68.42857142857143,144341.0,155929.4,1.238413025381992,0.9256817508436452,70.1,66.6,70.3,66.6,0.051169590642526755,68.33500000000001,67.47999999999999,0.012499999999817516,0.0,54.92177988611884,41.266758609292765,0,-0.5989408575912734,-0.6270091046585257,0.028068247067252305,1,20.0,25.0,21.0,10.0,76.0,0.0,76.0,BUY,🟢 買進,可分批進場,趨勢轉強｜量能回溫｜結構收斂｜KD/MACD確認
2026-09-30,8039,300.5,31798678,300.5,300.5,300.5,0.09872029250457048,0.13396226415094348,0.09671532846715336,-0.08103975535168195,0.0,0.051094408304291614,270.2,268.8,282.15,284.2857142857143,14369745.2,22421952.6,1.4181939712065932,0.6408784041404136,327.0,256.0,327.0,256.0,0.23627287853498746,282.15,268.8,0.044425956738620764,0.0,59.437000642940866,35.01776647671905,0,-11.603191106415863,-13.950153130099963,2.3469620236840996,1,20.0,25.0,21.0,10.0,76.0,0.0,76.0,BUY,🟢 買進,可分批進場,趨勢轉強｜量能回溫｜結構收斂｜KD/MACD確認
2026-09-30,1526,15.05,131514,15.05,15.05,15.05,0.03436426116838498,0.0033333333333334103,0.0033333333333334103,-0.07668711656441718,0.0,0.018322867916557888,14.76,14.795000000000002,15.175,15.22857142857143,81080.0,117369.95,1.1205082731993912,0.6908071444181352,16.2,14.55,16.3,14.55,0.10963455148773182,15.175,14.76,0.027574750828732633,0.0,42.13489300111115,24.94722733090953,1,-0.34248441838868793,-0.34568447096764543,0.003200052578957502,1,13.0,25.0,21.0,17.0,76.0,0.0,76.0,TEST,🟠 試單,小倉測試,趨勢修復｜量能回溫｜結構收斂｜KD/MACD確認
2026-09-30,2466,124.5,3211857,124.5,124.5,124.5,0.09691629955947145,0.13181818181818183,0.2087378640776698,0.25757575757575757,0.0,0.04327746221924586,117.3,111.1,105.975,105.64285714285714,2619712.6,1553275.2,2.0677964857740587,1.6865733773384128,124.5,94.7,124.5,94.7,0.23935742971695292,117.3,105.975,0.09096385542095613,0.0,88.95450204356854,86.50495908441032,1,4.900008164482699,3.003932818720718,1.896075345761981,0,28.0,20.0,14.0,13.0,75.0,0.0,75.0,BUY,🟢 買進,可分批進場,趨勢轉強｜量能回溫｜結構尚可｜KD/MACD確認
2026-09-30,1304,12.65,3275499,12.65,12.65,12.65,0.028455284552845406,0.02429149797570851,0.03265306122448974,0.0,0.0,0.018165982338902098,12.39,12.35,12.397499999999999,12.40952380952381,2251423.2,2692252.5,1.2166388553822491,0.8362600461880895,12.8,12.15,12.8,12.15,0.051383399205424264,12.397499999999999,12.35,0.003754940711165572,0.0,59.633784752183246,42.60611707578808,0,-0.04124208658233641,-0.06836538915291579,0.027123302570579377,0,25.0,25.0,22.0,3.0,75.0,0.0,75.0,BUY,🟢 買進,可分批進場,趨勢轉強｜量能回溫｜結構收斂
2026-09-30,1434,18.15,1720461,18.15,18.15,18.15,0.008333333333333304,0.008333333333333304,0.028328611898017053,0.0,0.0,0.01002697750016278,17.99,17.86,17.95,17.95952380952381,1213660.0,1572823.75,1.0938676377438978,0.7716439938041368,18.35,17.5,18.35,17.5,0.04683195592028482,17.99,17.86,0.007162534434867023,0.0,88.75709282139428,73.67593513941586,0,-0.03023633503560319,-0.06695317892371044,0.03671684388810725,0,25.0,25.0,22.0,3.0,75.0,0.0,75.0,BUY,🟢 買進,可分批進場,趨勢轉強｜量能回溫｜結構收斂
2026-09-30,1810,24.45,2605886,24.45,24.45,24.45,0.03164556962025311,0.023012552301255207,0.027310924369747802,-0.01807228915662651,0.0,0.01240187008296335,23.96,23.84,23.955000000000002,24.0,1356381.2,1636571.8,1.5922833327569241,0.8287941903923794,24.7,23.45,24.9,23.45,0.051124744374187125,23.96,23.84,0.004907975459922005,0.0,73.20283947416542,62.32098331101024,0,-0.16706557267262667,-0.23916225923854123,0.07209668656591456,0,25.0,25.0,22.0,3.0,75.0,0.0,75.0,BUY,🟢 買進,可分批進場,趨勢轉強｜量能回溫｜結構收斂
2026-09-30,2012,14.4,83056,14.4,14.4,14.4,0.0176678445229681,0.014084507042253502,0.032258064516129004,-0.013698630136986245,0.0,0.008708030783414594,14.209999999999999,14.14,14.277499999999998,14.292857142857141,44726.6,56116.55,1.4800624771123407,0.7970304660567907,14.65,13.9,14.65,13.9,0.05208333332971643,14.277499999999998,14.14,0.00954861111044784,0.0,82.9084543925112,65.37763926173457,0,-0.08590769773704565,-0.1090243606255373,0.02311666288849165,0,25.0,25.0,22.0,3.0,75.0,0.0,75.0,BUY,🟢 買進,可分批進場,趨勢轉強｜量能回溫｜結構收斂
2026-09-30,2405,15.25,1249040,15.25,15.25,15.25,0.0066006600660066805,0.00328947368421062,0.03741496598639471,-0.006514657980456029,0.0,0.010913551633592998,15.1,15.02,15.004999999999999,15.02142857142857,958927.4,883391.6,1.4139142821824415,1.085506586207067,15.45,14.65,15.45,14.65,0.05245901639000262,15.1,15.004999999999999,0.006229508196312861,0.0,84.31733281566353,71.97783998115179,0,-0.026717144222816458,-0.07452072397546226,0.047803579752645806,0,25.0,25.0,22.0,3.0,75.0,0.0,75.0,BUY,🟢 買進,可分批進場,趨勢轉強｜量能回溫｜結構收斂
2026-09-30,4755,118.0,261884,118.0,118.0,118.0,0.0,0.02164502164502169,0.058295964125560484,0.0,0.0,0.0134870305924426,116.3,114.85,115.15,115.28571428571429,136040.4,166623.45,1.5717115448035581,0.8164541065498234,120.0,111.0,120.0,111.0,0.0762711864400316,116.3,114.85,0.012288135593116227,0.0,92.56623304234063,79.39124403193989,0,-0.1786015298798418,-0.7603972462260712,0.5817957163462294,0,25.0,25.0,22.0,3.0,75.0,0.0,75.0,BUY,🟢 買進,可分批進場,趨勢轉強｜量能回溫｜結構收斂
2026-09-30,5469,74.0,1291750,74.0,74.0,74.0,0.005434782608695787,0.006802721088435382,0.02351313969571245,0.0,0.0,0.01631653710501102,73.17999999999999,73.14,72.7,72.76190476190476,784033.6,1023735.95,1.2617999787933585,0.765855296964026,74.7,71.1,74.7,71.1,0.04864864864799135,73.17999999999999,72.7,0.006486486486398693,0.0,56.94448731718694,51.466314416055916,0,-0.0022194611624115623,-0.18455911437666517,0.1823396532142536,0,25.0,25.0,22.0,3.0,75.0,0.0,75.0,BUY,🟢 買進,可分批進場,趨勢轉強｜量能回溫｜結構收斂
2026-09-30,2330,2480.0,34282491,2480.0,2480.0,2480.0,0.002020202020202033,0.0,0.04201680672268915,0.031185031185031242,0.0,0.011979420468739106,2478.0,2452.0,2439.0,2437.3809523809523,24112260.2,22663527.1,1.5126723589286328,1.0639235496578994,2500.0,2380.0,2500.0,2380.0,0.048387096774174035,2478.0,2439.0,0.015725806451606563,0.0,80.98774571147007,75.74655507981394,0,17.880063889429948,12.071614296152266,5.8084495932776825,0,22.0,25.0,22.0,6.0,75.0,0.0,75.0,BUY,🟢 買進,可分批進場,趨勢轉強｜量能回溫｜結構收斂｜指標初轉強
2026-09-30,3530,59.2,114627,59.2,59.2,59.2,0.013698630136986356,0.0,0.04778761061946901,0.005093378607810006,0.0,0.015771425859208318,58.64,58.08,57.825,57.87619047619048,98763.2,104024.3,1.1019252232410974,0.9494243172027982,59.9,55.6,59.9,55.6,0.07263513513390814,58.64,57.825,0.013766891891659305,0.0,85.72515847632653,76.89697460585646,0,0.0668448797188006,-0.17305999693247134,0.23990487665127194,0,22.0,25.0,22.0,6.0,75.0,0.0,75.0,BUY,🟢 買進,可分批進場,趨勢轉強｜量能回溫｜結構收斂｜指標初轉強
2026-09-30,4961,181.0,1363490,181.0,181.0,181.0,-0.01897018970189701,-0.0027548209366391463,0.016853932584269593,0.11384615384615393,0.0,0.023908926713918695,181.0,181.05,175.975,175.33333333333334,982009.2,1105879.9,1.2329458198851422,0.8879890121883933,184.5,165.5,184.5,162.5,0.10497237569002778,181.05,175.975,0.028038674032994357,0.0,66.24057387034976,74.67701373059694,0,4.466988266285,4.254474854765972,0.21251341151902814,0,22.0,25.0,22.0,6.0,75.0,0.0,75.0,BUY,🟢 買進,可分批進場,趨勢轉強｜量能回溫｜結構收斂｜指標初轉強
2026-09-30,6239,289.5,14456581,289.5,289.5,289.5,0.030249110320284656,-0.01025641025641022,0.06629834254143652,0.045126353790613694,0.0,0.02048629264871597,287.2,282.95,280.375,280.2142857142857,11094046.0,12124527.45,1.1923418095770817,0.9150085267859243,292.5,268.0,292.5,268.0,0.08462867012060578,287.2,280.375,0.023575129533597285,0.0,74.07632108623133,70.73049533878242,0,2.625724592705069,1.592680529306894,1.033044063398175,0,22.0,25.0,22.0,6.0,75.0,0.0,75.0,BUY,🟢 買進,可分批進場,趨勢轉強｜量能回溫｜結構收斂｜指標初轉強
2026-09-30,3049,12.65,9024072,12.65,12.65,12.65,0.04115226337448563,0.007968127490039834,0.054166666666666696,-0.06642066420664205,0.0,0.02018343316469453,12.459999999999999,12.28,12.445,12.497619047619047,7305865.6,5907568.0,1.5275443295786013,1.2366959804779223,13.3,11.8,13.55,11.8,0.11857707508944054,12.459999999999999,12.28,0.014229249010732843,0.0,57.85452399726658,52.05938039848829,1,-0.22439001647923007,-0.28302931949947574,0.05863930302024567,0,20.0,20.0,25.0,10.0,75.0,0.0,75.0,BUY,🟢 買進,可分批進場,趨勢轉強｜量能回溫｜結構收斂｜KD/MACD確認
2026-09-30,6792,59.6,30112,59.6,59.6,59.6,0.011884550084889645,-0.0016750418760469454,0.0033670033670034627,-0.006666666666666599,0.0,0.011761092129854161,59.04,59.08,59.205,59.24285714285714,23844.2,36151.95,0.832928790839752,0.6595550170875802,60.2,57.6,60.2,57.6,0.04362416107309358,59.205,59.04,0.0027684563757924613,0.0,55.94399461535155,52.9113498248528,1,-0.17045406944707509,-0.21630423477873362,0.04585016533165853,1,19.0,17.0,22.0,17.0,75.0,0.0,75.0,BUY,🟢 買進,可分批進場,趨勢轉強｜量能回溫｜結構收斂｜KD/MACD確認
2026-09-30,9912,13.1,15869,13.1,13.1,13.1,0.01158301158301156,0.01158301158301156,0.0,0.015503875968992276,0.0,0.011690231582650588,12.969999999999999,13.0,12.9225,12.921428571428573,15774.8,54353.75,0.291957776602345,0.29022468550927416,13.1,12.6,13.1,12.6,0.038167938928384125,13.0,12.9225,0.0059160305338995835,0.0,51.97563848186124,47.94108271227078,1,0.031849568879888324,0.026608798728817645,0.005240770151070679,1,28.0,4.0,22.0,20.0,74.0,0.0,74.0,TEST,🟠 試單,小倉測試,趨勢轉強｜結構收斂｜KD/MACD確認
2026-09-30,1603,30.6,256741,30.6,30.6,30.6,0.01830282861896837,0.01661129568106312,0.01661129568106312,0.0016366612111293755,0.0,0.007510286064412983,30.25,30.170000000000005,30.23,30.245238095238093,132426.4,128562.25,1.9970170092698127,1.030056645710533,30.6,29.85,30.6,29.85,0.024509803920767653,30.25,30.170000000000005,0.002614379084881711,0.0,74.89205371732913,63.21527240151207,0,-0.04939032711529023,-0.08918077262151088,0.03979044550622064,0,28.0,25.0,18.0,3.0,74.0,0.0,74.0,TEST,🟠 試單,小倉測試,趨勢轉強｜量能回溫｜結構收斂
2026-09-30,2013,41.6,65633,41.6,41.6,41.6,0.009708737864077666,0.006045949214026569,0.002409638554216942,0.003618817852834688,0.0,0.004763342913934121,41.31,41.305,41.5025,41.5,49473.4,53227.75,1.233059823118557,0.9294663028213493,41.9,41.1,41.9,41.1,0.019230769230306886,41.5025,41.305,0.004747596153731982,0.0,50.149288015031146,33.07536305542834,0,-0.05818641328120577,-0.04452631127918408,-0.013660102002021696,0,28.0,25.0,18.0,3.0,74.0,0.0,74.0,TEST,🟠 試單,小倉測試,趨勢轉強｜量能回溫｜結構收斂
2026-09-30,3013,86.8,2758145,86.8,86.8,86.8,0.033333333333333215,0.044524669073405576,0.048309178743961345,-0.0091324200913242,0.0,0.025243069656708108,84.53999999999999,83.53999999999999,85.165,85.28095238095239,1156692.6,1154274.55,2.3895051658203825,1.0020948655586308,92.4,81.5,92.4,81.5,0.12557603686491278,85.165,83.53999999999999,0.018721198156466508,0.0,79.78295678627524,59.56276943166166,0,-0.7328959379718043,-0.9938003985800643,0.26090446060826,0,25.0,25.0,21.0,3.0,74.0,0.0,74.0,TEST,🟠 試單,小倉測試,趨勢轉強｜量能回溫｜結構收斂
2026-09-30,8081,251.5,457504,251.5,251.5,251.5,-0.015655577299412915,0.003992015968063978,0.020283975659229236,-0.015655577299412915,0.0,0.01165977280131787,252.7,251.15,251.4,251.5952380952381,297319.8,280975.55,1.628269790734455,1.0581696521280908,259.5,246.0,259.5,246.0,0.05367793240535317,252.7,251.15,0.006163021868762704,0.0,73.17822804218028,70.55295032399411,0,-0.4359704130205273,-1.0159853401211016,0.5800149271005743,0,25.0,25.0,21.0,3.0,74.0,0.0,74.0,TEST,🟠 試單,小倉測試,趨勢轉強｜量能回溫｜結構收斂
2026-09-30,1313,12.3,2318981,12.3,12.3,12.3,0.020746887966804906,0.0,0.04680851063829783,0.012345679012345734,0.0,0.014097108486880274,12.17,12.145,12.0375,12.042857142857143,1951316.2,2487064.95,0.9324167428759748,0.784585943362677,12.3,11.75,12.3,11.75,0.044715447150836196,12.17,12.0375,0.010772357722701457,0.0,77.92167153968057,71.9691013431561,1,0.03227365188165621,0.003652036283142648,0.028621615598513558,0,22.0,17.0,22.0,13.0,74.0,0.0,74.0,TEST,🟠 試單,小倉測試,趨勢轉強｜量能回溫｜結構收斂｜KD/MACD確認
2026-09-30,2331,19.2,1099713,19.2,19.2,19.2,0.02673796791443861,-0.010309278350515427,0.02673796791443861,-0.020408163265306256,0.0,0.014964361702000889,18.99,18.955000000000002,19.072499999999998,19.097619047619048,670973.0,1033015.6,1.0645657238864534,0.6495284291931306,19.85,18.5,19.85,18.5,0.07031249999633797,19.072499999999998,18.955000000000002,0.006119791666347728,0.0,53.45174279861796,51.837509286579504,1,-0.12920449551653945,-0.15293299945219505,0.023728503935655593,0,14.0,25.0,25.0,10.0,74.0,0.0,74.0,TEST,🟠 試單,小倉測試,趨勢修復｜量能回溫｜結構收斂｜KD/MACD確認
2026-09-30,2611,14.5,497762,14.5,14.5,14.5,0.03202846975088969,0.0,0.04693140794223827,-0.023569023569023573,0.0,0.011888677830613726,14.2,14.235,14.2375,14.266666666666667,369827.4,436042.7,1.1415441652847276,0.8481449179174406,14.8,13.85,14.85,13.85,0.06551724137479199,14.2375,14.2,0.002586206896373463,0.0,58.837344208614425,53.409176600098576,1,-0.10969805133517418,-0.14595660614936007,0.036258554814185884,0,14.0,25.0,25.0,10.0,74.0,0.0,74.0,TEST,🟠 試單,小倉測試,趨勢修復｜量能回溫｜結構收斂｜KD/MACD確認
2026-09-30,7631,140.5,125692,140.5,140.5,140.5,0.021818181818181737,-0.007067137809187329,0.04850746268656714,-0.02430555555555558,0.0,0.019242146907191088,138.6,137.85,140.1,140.28571428571428,59945.8,56790.9,2.21324191023558,1.0555529142873057,147.0,134.0,147.0,134.0,0.09252669039080053,140.1,137.85,0.016014234875330862,0.0,61.61460703590325,51.2993265129322,0,-1.2884173960931946,-1.4734188780096689,0.18500148191647425,1,14.0,25.0,25.0,10.0,74.0,0.0,74.0,TEST,🟠 試單,小倉測試,趨勢修復｜量能回溫｜結構收斂｜KD/MACD確認
2026-09-30,4958,507.0,30846660,507.0,507.0,507.0,0.01705115346038122,0.0787234042553191,0.035750766087844665,0.014000000000000012,0.0,0.04000117572286224,488.6,483.3,489.45,489.95238095238096,35634638.6,30926503.0,0.9974182984736425,1.1522362744989307,535.0,463.0,535.0,463.0,0.14201183431924652,489.45,483.3,0.01213017751476893,0.0,67.28736823779718,46.57390467616825,0,-2.2654720328050644,-4.106511289745574,1.8410392569405092,0,28.0,17.0,25.0,3.0,73.0,0.0,73.0,TEST,🟠 試單,小倉測試,趨勢轉強｜量能回溫｜結構收斂
2026-09-30,1315,68.8,34262,68.8,68.8,68.8,0.010279001468428861,0.005847953216374213,0.03770739064856721,0.042424242424242475,0.0,0.006007589320386408,68.3,67.7,66.885,66.84285714285714,27423.4,42278.6,0.8103863420264434,0.6486354798881552,68.8,65.7,68.8,65.7,0.04505813953422872,68.3,66.885,0.020566860464817226,0.0,94.10410619580972,91.34361144874191,0,0.647419187532762,0.4332793315390617,0.21413985599370028,0,28.0,17.0,22.0,6.0,73.0,0.0,73.0,TEST,🟠 試單,小倉測試,趨勢轉強｜量能回溫｜結構收斂｜指標初轉強
2026-09-30,2010,23.0,2630914,23.0,23.0,23.0,0.024498886414253906,0.05504587155963292,0.05504587155963292,0.013215859030837107,0.0,0.01121367739441912,22.35,22.060000000000002,22.205000000000002,22.228571428571428,1438707.2,919546.7,2.8610988435932585,1.5645830712023634,23.0,21.55,23.0,21.55,0.06304347825812852,22.35,22.060000000000002,0.012608695651625671,0.0,84.57994197492664,65.00383146361418,0,-0.04376839062087967,-0.14624402767198297,0.1024756370511033,0,28.0,20.0,22.0,3.0,73.0,0.0,73.0,TEST,🟠 試單,小倉測試,趨勢轉強｜量能回溫｜結構收斂
2026-09-30,2014,17.4,6303314,17.4,17.4,17.4,0.03571428571428559,0.051359516616314105,0.05454545454545445,0.02052785923753664,0.0,0.011267640978938119,16.869999999999997,16.66,16.779999999999998,16.79285714285714,3588309.0,2129388.35,2.960152383664538,1.6851360157014095,17.4,16.25,17.4,16.25,0.06609195401919005,16.869999999999997,16.66,0.012068965516547606,0.0,84.41083286511004,67.92407796494696,0,-0.021039575506222263,-0.09064422373653509,0.06960464823031283,0,28.0,20.0,22.0,3.0,73.0,0.0,73.0,TEST,🟠 試單,小倉測試,趨勢轉強｜量能回溫｜結構收斂
2026-09-30,2038,13.2,747233,13.2,13.2,13.2,0.04347826086956519,0.09543568464730279,0.10460251046025104,0.019305019305019266,0.0,0.0171709936045864,12.52,12.265,12.352500000000001,12.380952380952381,603183.4,261830.75,2.85387793450539,2.303714899796902,13.2,11.75,13.2,11.75,0.10984848484016295,12.52,12.265,0.019318181816718245,0.0,88.9828997529097,72.52661500703789,0,-0.04612975117635365,-0.16040973708550577,0.11427998590915212,0,28.0,20.0,22.0,3.0,73.0,0.0,73.0,TEST,🟠 試單,小倉測試,趨勢轉強｜量能回溫｜結構收斂
2026-09-30,2308,1890.0,11094898,1890.0,1890.0,1890.0,0.02997275204359684,0.008000000000000007,0.16666666666666674,0.02717391304347827,0.0,0.03637955451130385,1887.0,1811.0,1782.75,1785.4761904761904,12235177.0,12081974.65,0.9183017115501064,1.0126802409736886,1910.0,1620.0,1910.0,1620.0,0.15343915343907225,1887.0,1782.75,0.05515873015870097,0.0,84.70202369724828,77.6566332355713,0,16.632039982401693,-4.562502592076946,21.19454257447864,0,28.0,17.0,22.0,6.0,73.0,0.0,73.0,TEST,🟠 試單,小倉測試,趨勢轉強｜量能回溫｜結構收斂｜指標初轉強
2026-09-30,2316,166.0,1637974,166.0,166.0,166.0,0.024691358024691468,0.0641025641025641,0.07096774193548394,0.040752351097178785,0.0,0.023017531012438516,161.6,158.95,158.875,158.9047619047619,1545136.8,1666356.3,0.9829674481982029,0.9272547533801739,166.5,153.0,166.5,153.0,0.08132530120432938,161.6,158.875,0.016415662650503485,0.0,86.82136269596275,69.71759265797095,0,0.686733330108865,-0.14389300035615307,0.830626330465018,0,28.0,17.0,22.0,6.0,73.0,0.0,73.0,TEST,🟠 試單,小倉測試,趨勢轉強｜量能回溫｜結構收斂｜指標初轉強
2026-09-30,2323,11.0,14064496,11.0,11.0,11.0,0.028037383177570208,0.01851851851851838,0.04761904761904767,0.004566210045662267,0.0,0.012117158587616153,10.830000000000002,10.735,10.745000000000001,10.754761904761905,6377380.4,4803822.4,2.9277718510159736,1.3275637334136248,11.0,10.4,11.0,10.4,0.054545454540495836,10.830000000000002,10.735,0.008636363635578731,0.0,85.95184209064328,78.22101414324717,0,-0.01379268406888201,-0.047671544431338274,0.03387886036245626,0,28.0,20.0,22.0,3.0,73.0,0.0,73.0,TEST,🟠 試單,小倉測試,趨勢轉強｜量能回溫｜結構收斂
2026-09-30,2332,20.6,8101037,20.6,20.6,20.6,0.02487562189054726,0.0024330900243310083,0.08994708994709,0.035175879396984966,0.0,0.024695566477920292,20.28,19.895000000000003,19.520000000000003,19.538095238095238,10360842.2,9878006.25,0.8201085112696703,1.0488798992205535,20.6,18.65,20.6,18.65,0.09466019417016226,20.28,19.520000000000003,0.03689320388170411,0.0,85.94158753165433,80.32306629331033,0,0.17869096624532332,0.023741649296478685,0.15494931694884465,0,28.0,17.0,22.0,6.0,73.0,0.0,73.0,TEST,🟠 試單,小倉測試,趨勢轉強｜量能回溫｜結構收斂｜指標初轉強
2026-09-30,2347,94.9,3253120,94.9,94.9,94.9,0.004232804232804366,0.056792873051225046,0.05915178571428581,0.09080459770114957,0.0,0.014484925615782723,93.66,91.56,89.88,89.74285714285713,3460223.4,3225008.95,1.0087165804609624,1.072934510770892,94.9,86.0,94.9,86.0,0.09378292939837958,93.66,89.88,0.03983140147481738,0.0,94.18385912031485,87.68000690612061,0,1.7592251426756178,1.132461227589261,0.6267639150863569,0,28.0,17.0,22.0,6.0,73.0,0.0,73.0,TEST,🟠 試單,小倉測試,趨勢轉強｜量能回溫｜結構收斂｜指標初轉強
2026-09-30,2460,30.55,291976,30.55,30.55,30.55,0.02345058626465657,0.013266998341625369,0.03735144312393901,0.07760141093474426,0.0,0.02796140722974512,30.330000000000002,29.839999999999996,29.527499999999996,29.47142857142857,255021.8,323406.35,0.9028146788088705,0.7885491425879524,30.9,28.1,30.9,28.1,0.0916530278202404,30.330000000000002,29.527499999999996,0.026268412437765537,0.0,72.18141467294205,66.32342900847937,0,0.45696534585153614,0.38547401043075835,0.07149133542077779,0,28.0,17.0,22.0,6.0,73.0,0.0,73.0,TEST,🟠 試單,小倉測試,趨勢轉強｜量能回溫｜結構收斂｜指標初轉強
2026-09-30,2477,23.15,138152,23.15,23.15,23.15,0.0021645021645020357,0.0021645021645020357,0.05949656750572063,0.057077625570776336,0.0,0.010703149043746701,23.08,22.64,22.192500000000003,22.178571428571427,162802.0,164337.5,0.8406602266676758,0.9906564235186675,23.2,21.55,23.2,21.55,0.07127429805307664,23.08,22.192500000000003,0.038336933043700165,0.0,92.11527718569577,88.59314032418436,0,0.3354058036698966,0.20358249884968807,0.13182330482020851,0,28.0,17.0,22.0,6.0,73.0,0.0,73.0,TEST,🟠 試單,小倉測試,趨勢轉強｜量能回溫｜結構收斂｜指標初轉強
2026-09-30,2727,236.0,287550,236.0,236.0,236.0,0.004255319148936065,0.0396475770925111,0.03508771929824572,0.002123142250530785,0.0,0.007000989596624493,232.2,229.75,230.175,230.42857142857142,317771.8,216069.65,1.3308208718808898,1.4706915108160659,236.0,227.0,236.0,227.0,0.03813559322017739,232.2,229.75,0.010381355932159353,0.0,83.02783589712178,58.86648523440308,0,-0.3257196022508424,-1.3088576333920194,0.983138031141177,0,28.0,20.0,22.0,3.0,73.0,0.0,73.0,TEST,🟠 試單,小倉測試,趨勢轉強｜量能回溫｜結構收斂
2026-09-30,3338,68.0,394432,68.0,68.0,68.0,0.0014727540500736325,0.0014727540500736325,0.03816793893129766,0.0608424336973481,0.0,0.0216749864912291,67.46000000000001,66.9,66.61,66.49047619047619,241193.6,479299.2,0.8229348181678567,0.503221369866671,68.2,63.1,68.2,63.1,0.07499999999889707,67.46000000000001,66.61,0.0124999999998163,0.0,88.17758916494185,77.81380532492187,0,0.7702401438748012,0.6573213925423945,0.1129187513324067,0,28.0,17.0,22.0,6.0,73.0,0.0,73.0,TEST,🟠 試單,小倉測試,趨勢轉強｜量能回溫｜結構收斂｜指標初轉強
2026-09-30,3528,85.6,162785,85.6,85.6,85.6,0.010625737898465104,0.021479713603818507,0.052890528905289,0.04136253041362514,0.0,0.017661373699346648,84.72,83.49,83.28999999999999,83.23809523809524,212979.0,180807.3,0.9003231617307438,1.1779336343167497,86.0,80.4,86.0,80.4,0.06542056074689923,84.72,83.28999999999999,0.016705607476440437,0.0,93.10767052407496,82.23841230284967,0,0.6226698859499464,0.30179958842780646,0.32087029752213997,0,28.0,17.0,22.0,6.0,73.0,0.0,73.0,TEST,🟠 試單,小倉測試,趨勢轉強｜量能回溫｜結構收斂｜指標初轉強
2026-09-30,3645,75.3,5003116,75.3,75.3,75.3,0.03576341127922955,0.0680851063829786,0.11061946902654873,0.010738255033557076,0.0,0.023933036641323957,72.64,70.65,71.035,71.2,4462284.2,2754358.05,1.8164363198894924,1.620081383391676,75.3,66.8,75.3,66.8,0.11288180610739865,72.64,70.65,0.02642762284161444,0.0,86.79096126387793,70.23391381111288,0,-0.1562964529306896,-0.8393983116003405,0.6831018586696509,0,28.0,20.0,22.0,3.0,73.0,0.0,73.0,TEST,🟠 試單,小倉測試,趨勢轉強｜量能回溫｜結構收斂
2026-09-30,4927,44.5,3204069,44.5,44.5,44.5,0.017142857142857126,0.058263971462544584,0.0814094775212637,0.10285006195786872,0.0,0.028233070330336823,43.84,43.155,42.592499999999994,42.48571428571428,3205443.6,3890230.6,0.8236192990718851,0.8239726457346768,44.5,40.05,44.5,40.05,0.09999999999775289,43.84,42.592499999999994,0.028033707864538782,0.0,88.90086576606694,81.53546171996551,0,0.8065467373349193,0.6406611610640791,0.16588557627084022,0,28.0,17.0,22.0,6.0,73.0,0.0,73.0,TEST,🟠 試單,小倉測試,趨勢轉強｜量能回溫｜結構收斂｜指標初轉強
2026-09-30,6108,25.05,1909273,25.05,25.05,25.05,0.026639344262295195,0.05252100840336138,0.13092550790067725,0.05031446540880502,0.0,0.02570816071957897,24.29,23.905,23.45,23.469047619047622,1351557.4,1970234.7,0.9690586608793355,0.6859880195998981,25.05,22.15,25.05,22.15,0.11576846306923089,24.29,23.45,0.03353293413039788,0.0,92.66281637010749,82.21323451009025,0,0.2368621584192354,0.019473063484419826,0.2173890949348156,0,28.0,17.0,22.0,6.0,73.0,0.0,73.0,TEST,🟠 試單,小倉測試,趨勢轉強｜量能回溫｜結構收斂｜指標初轉強
2026-09-30,6139,756.0,3371103,756.0,756.0,756.0,0.032786885245901676,0.052924791086351064,0.07539118065433859,0.0013245033112583293,0.0,0.0293880698232664,738.4,725.9,729.7,730.9047619047619,3132198.0,2443993.55,1.3793420199492747,1.2815901253094546,770.0,696.0,770.0,696.0,0.09788359788346841,738.4,725.9,0.016534391534369662,0.0,78.57715263864651,63.01427434509396,0,-2.167083373016794,-6.378069705670432,4.210986332653638,0,28.0,20.0,22.0,3.0,73.0,0.0,73.0,TEST,🟠 試單,小倉測試,趨勢轉強｜量能回溫｜結構收斂
2026-09-30,6197,326.0,1635769,326.0,326.0,326.0,0.021943573667711602,0.012422360248447228,0.09764309764309775,0.07768595041322324,0.0,0.026540956209173044,319.8,313.3,309.325,309.0,1289348.4,1793839.6,0.9118814190521823,0.7187645985739188,326.0,292.0,326.0,292.0,0.10429447852728745,319.8,309.325,0.0321319018403923,0.0,90.09896898657831,80.00703937632045,0,4.732822726048369,2.580757007470665,2.1520657185777035,0,28.0,17.0,22.0,6.0,73.0,0.0,73.0,TEST,🟠 試單,小倉測試,趨勢轉強｜量能回溫｜結構收斂｜指標初轉強
2026-09-30,6414,392.0,2337611,392.0,392.0,392.0,-0.015075376884422065,0.045333333333333226,0.05518169582772536,0.006418485237484006,0.0,0.021756220413896674,382.3,376.75,379.45,379.92857142857144,1624608.0,1148011.2,2.0362266500535866,1.4151499567251598,398.0,367.5,398.0,367.5,0.07780612244878111,382.3,376.75,0.014158163265270035,0.0,76.4784032947174,63.63258755790592,0,-0.8111727108562832,-3.177586537938509,2.366413827082226,0,28.0,20.0,22.0,3.0,73.0,0.0,73.0,TEST,🟠 試單,小倉測試,趨勢轉強｜量能回溫｜結構收斂
2026-09-30,6552,25.0,60143,25.0,25.0,25.0,0.008064516129032251,0.020408163265306145,0.07066381156316903,0.012145748987854255,0.0,0.011421629610423655,24.72,24.3,24.0975,24.126190476190477,56884.4,59287.85,1.0144236972667924,0.9594613398866555,25.0,23.3,25.0,23.3,0.06799999999727997,24.72,24.0975,0.024899999999003948,0.0,90.96954845761562,80.33773586811466,0,0.08575527498975433,-0.08005167534904453,0.16580695033879886,0,28.0,17.0,22.0,6.0,73.0,0.0,73.0,TEST,🟠 試單,小倉測試,趨勢轉強｜量能回溫｜結構收斂｜指標初轉強
2026-09-30,6666,45.55,20511,45.55,45.55,45.55,-0.0021905805038335835,0.013348164627363657,0.030542986425339258,0.025900900900900803,0.0,0.007695982442204219,45.239999999999995,44.91,44.7,44.68571428571428,19281.6,24145.0,0.8494926485814517,0.7985752743838973,45.65,44.0,45.65,44.0,0.036223929746734905,45.239999999999995,44.7,0.011855104280749441,0.0,90.26235141875742,84.59134987837646,0,0.23586459792122128,0.12684076585638,0.10902383206484129,0,28.0,17.0,22.0,6.0,73.0,0.0,73.0,TEST,🟠 試單,小倉測試,趨勢轉強｜量能回溫｜結構收斂｜指標初轉強
2026-09-30,9904,24.95,8192793,24.95,24.95,24.95,0.006048387096774244,0.004024144869215096,0.03742203742203731,0.004024144869215096,0.0,0.008140020937557281,24.84,24.73,24.615,24.626190476190477,8486937.6,9661694.55,0.8479664677455568,0.8784108787624628,24.95,24.05,24.95,24.05,0.03607214428713132,24.84,24.615,0.009018036071782901,0.0,90.1854017686299,82.40253840243952,0,0.03436991481476426,-0.027102566872312717,0.061472481687076974,0,28.0,17.0,22.0,6.0,73.0,0.0,73.0,TEST,🟠 試單,小倉測試,趨勢轉強｜量能回溫｜結構收斂｜指標初轉強
2026-09-30,9931,34.2,14641,34.2,34.2,34.2,0.014836795252225476,0.004405286343612591,0.00884955752212413,0.00884955752212413,0.0,0.0049087797660478305,33.910000000000004,33.965,34.00750000000001,34.00238095238095,15057.6,17764.05,0.8241926812860342,0.8476445405185841,34.2,33.7,34.2,33.7,0.01461988304050819,34.00750000000001,33.910000000000004,0.002850877192899205,0.0,41.016798841141174,30.055519513129948,1,-0.0007038651987940625,0.011243242312686905,-0.011947107511480967,0,28.0,17.0,18.0,10.0,73.0,0.0,73.0,TEST,🟠 試單,小倉測試,趨勢轉強｜量能回溫｜結構收斂｜KD/MACD確認
2026-09-30,6257,254.0,21848796,254.0,254.0,254.0,0.07399577167019022,0.013972055888223478,0.20952380952380945,0.21822541966426856,0.0,0.03705126448126228,245.9,236.45,224.825,224.04761904761904,15085197.4,12696072.85,1.7209097851072899,1.1881782326099364,254.0,207.5,254.0,207.5,0.18307086614101153,245.9,224.825,0.0829724409445553,0.0,86.03603767220594,79.85785723125943,0,9.915065801093562,6.888720523967116,3.0263452771264454,0,28.0,25.0,14.0,6.0,73.0,0.0,73.0,TEST,🟠 試單,小倉測試,趨勢轉強｜量能回溫｜結構尚可｜指標初轉強
2026-09-30,1441,10.0,94731,10.0,10.0,10.0,-0.014778325123152691,0.15074798619102414,0.13636363636363624,0.0,0.0,0.04529010038024725,9.245999999999999,8.994000000000002,10.0,10.0,55536.0,46200.8,2.0504190403628932,1.2020571072362123,10.15,8.61,10.15,8.61,0.1539999999846001,9.245999999999999,8.994000000000002,0.02519999999747971,0.0,67.48845227221383,45.91876755484768,0,0.15939919469631647,0.031982644919255,0.12741654977706146,0,25.0,20.0,22.0,6.0,73.0,0.0,73.0,TEST,🟠 試單,小倉測試,趨勢轉強｜量能回溫｜結構收斂｜指標初轉強
2026-09-30,3164,16.55,33172,16.55,16.55,16.55,-0.003012048192771122,0.04746835443037978,0.050793650793650835,0.0,0.0,0.010964151653290292,16.340000000000003,16.07,16.55,16.55,38548.8,23936.21052631579,1.3858501103810428,1.6104804876117431,16.6,15.7,16.6,15.7,0.05438066464928226,16.340000000000003,16.07,0.016314199394784828,0.0,86.91973136533414,74.5514804084609,0,0.11619931504661807,0.03270087267818107,0.083498442368437,0,25.0,20.0,22.0,6.0,73.0,0.0,73.0,TEST,🟠 試單,小倉測試,趨勢轉強｜量能回溫｜結構收斂｜指標初轉強
2026-09-30,2722,21.4,29571,21.4,21.4,21.4,0.00943396226415083,0.011820330969267046,0.007058823529411784,-0.009259259259259411,0.0,0.007891483286830843,21.21,21.165,21.322499999999998,21.335714285714285,32066.8,28552.6,1.0356675048856834,1.1230781084734447,21.85,21.0,21.85,21.0,0.03971962616636831,21.322499999999998,21.165,0.0073598130837681805,0.0,66.44076004788917,46.105416865925804,0,-0.09156118233391197,-0.10089674949360175,0.009335567159689778,1,25.0,17.0,21.0,10.0,73.0,0.0,73.0,TEST,🟠 試單,小倉測試,趨勢轉強｜量能回溫｜結構收斂｜KD/MACD確認
2026-09-30,3380,32.15,5494158,32.15,32.15,32.15,0.01740506329113911,-0.0301659125188537,0.07345575959933215,0.12807017543859645,0.0,0.03331113466469702,31.860000000000003,31.270000000000003,30.580000000000002,30.48095238095238,5932182.0,4226074.05,1.3000619333681573,1.4037099042313277,33.15,28.35,33.15,28.35,0.1493001555163514,31.860000000000003,30.580000000000002,0.03981337480436043,0.0,63.08615690929953,65.05085525325516,0,0.7917958115080523,0.6716924487725777,0.12010336273547462,0,22.0,20.0,25.0,6.0,73.0,0.0,73.0,WATCH,🟡 觀察,觀察等待確認,趨勢轉強｜量能回溫｜結構收斂｜指標初轉強
2026-09-30,6921,68.0,51043,68.0,68.0,68.0,0.014925373134328401,-0.025787965616045794,0.11475409836065564,0.054263565891472965,0.0,0.03225869560881054,66.36,64.53999999999999,63.845000000000006,63.87619047619048,33337.8,19022.05,2.6833595748090935,1.7525871291473973,69.8,59.7,69.8,59.7,0.14852941176252155,66.36,63.845000000000006,0.03698529411710306,0.0,67.78302441702763,58.75549041870894,0,0.6858570991282988,0.09564571592899154,0.5902113831993073,0,22.0,20.0,25.0,6.0,73.0,0.0,73.0,WATCH,🟡 觀察,觀察等待確認,趨勢轉強｜量能回溫｜結構收斂｜指標初轉強
2026-09-30,8011,16.1,893666,16.1,16.1,16.1,0.018987341772152,-0.024242424242424176,0.03536977491961424,0.009404388714733702,0.0,0.016242998290339743,15.95,15.885,15.772499999999999,15.78095238095238,444486.6,357904.95,2.4969366866817504,1.241912412778864,16.5,15.4,16.5,15.4,0.06832298136221593,15.95,15.772499999999999,0.011024844719812134,0.0,49.88977209444221,53.89733623976189,0,0.034561158503027656,-0.008068504983191642,0.0426296634862193,0,22.0,20.0,25.0,6.0,73.0,0.0,73.0,WATCH,🟡 觀察,觀察等待確認,趨勢轉強｜量能回溫｜結構收斂｜指標初轉強
2026-09-30,1582,71.9,409247,71.9,71.9,71.9,0.02567760342368053,0.011251758087201358,0.027142857142857135,-0.06013071895424826,0.0,0.012040244490987952,70.6,70.45,71.53999999999999,71.77619047619048,320715.0,317943.25,1.2871699587898116,1.0087177507306697,75.9,69.1,76.5,69.1,0.09457579972052065,71.53999999999999,70.45,0.015159944366965635,0.0,68.29715039882976,55.022656787286984,0,-1.2284963545823189,-1.4033355524014555,0.1748391978191366,0,20.0,25.0,25.0,3.0,73.0,0.0,73.0,TEST,🟠 試單,小倉測試,趨勢轉強｜量能回溫｜結構收斂
2026-09-30,2009,40.0,2129405,40.0,40.0,40.0,0.02171136653895278,0.012658227848101333,0.03896103896103886,-0.020807833537331732,0.0,0.01688479129778791,39.55,39.305,39.5025,39.56666666666666,1838449.2,1902925.4,1.1190165415838156,0.9661173265121161,40.7,38.2,40.85,38.2,0.06249999999843751,39.55,39.305,0.006124999999846812,0.0,67.1385238312912,57.371622582911584,0,-0.2528639590505435,-0.33248946319581185,0.07962550414526837,0,20.0,25.0,25.0,3.0,73.0,0.0,73.0,TEST,🟠 試單,小倉測試,趨勢轉強｜量能回溫｜結構收斂
2026-09-30,2233,167.0,695280,167.0,167.0,167.0,-0.005952380952380931,0.04049844236760114,0.06369426751592355,-0.023391812865497075,0.0,0.02305382662393422,165.5,162.15,163.95,164.28571428571428,487712.2,447283.05,1.5544519292649217,1.0903882899206643,176.0,156.5,176.0,156.5,0.11676646706516908,165.5,162.15,0.020059880239400807,0.0,84.28259862846076,69.08571154100582,0,-1.090413009869991,-2.040952056393138,0.9505390465231471,0,20.0,25.0,25.0,3.0,73.0,0.0,73.0,TEST,🟠 試單,小倉測試,趨勢轉強｜量能回溫｜結構收斂
2026-09-30,2250,57.0,122177,57.0,57.0,57.0,0.0035211267605634866,0.0035211267605634866,0.036363636363636376,-0.028960817717206155,0.0,0.012619314248687757,56.959999999999994,56.6,56.71999999999999,56.81428571428571,50649.4,51843.75,2.3566389391199065,0.9769625075346406,58.8,54.8,58.8,54.8,0.07017543859526008,56.959999999999994,56.6,0.006315789473573273,0.0,69.3732168259985,65.08371011907249,0,-0.2997516978755783,-0.4700268547147709,0.1702751568391926,0,20.0,25.0,25.0,3.0,73.0,0.0,73.0,TEST,🟠 試單,小倉測試,趨勢轉強｜量能回溫｜結構收斂
2026-09-30,2367,43.55,4608523,43.55,43.55,43.55,0.03076923076923066,0.04186602870813405,0.0914786967418546,-0.020247469066366874,0.0,0.018719735182609325,42.230000000000004,41.370000000000005,41.7825,41.90952380952381,3150087.0,3193744.15,1.4429844043706503,0.9863304172314489,44.65,39.55,44.65,39.55,0.11710677382050276,42.230000000000004,41.370000000000005,0.019747416761888684,0.0,90.24911928870736,75.3203525661996,0,-0.3801731062347429,-0.701262165702694,0.3210890594679511,0,20.0,25.0,25.0,3.0,73.0,0.0,73.0,TEST,🟠 試單,小倉測試,趨勢轉強｜量能回溫｜結構收斂
2026-09-30,2393,64.5,1624941,64.5,64.5,64.5,0.014150943396226356,0.004672897196261738,0.03200000000000003,-0.024205748865355425,0.0,0.013979157121830147,63.46,63.39,63.495000000000005,63.61904761904762,1593508.6,1349341.6,1.204247315876127,1.1809526957443532,66.0,61.7,66.1,61.7,0.06666666666563302,63.495000000000005,63.39,0.0016279069767190088,0.0,74.11447714444415,62.69458184748154,0,-0.42968502071819614,-0.6296609039895483,0.19997588327135218,0,20.0,25.0,25.0,3.0,73.0,0.0,73.0,TEST,🟠 試單,小倉測試,趨勢轉強｜量能回溫｜結構收斂
2026-09-30,2402,58.5,3323935,58.5,58.5,58.5,0.02811950790861162,0.08333333333333326,0.0753676470588236,-0.0201005025125629,0.0,0.022770034393529006,55.58,54.82000000000001,55.6,55.7952380952381,1633106.2,1673517.05,1.9861972723851233,0.9758527407892253,62.2,53.4,62.2,53.4,0.1504273504247791,55.6,54.82000000000001,0.013333333333105312,0.0,81.33860144253491,61.54530054982322,0,-0.7083112662211022,-1.1815014709250806,0.47319020470397843,0,20.0,25.0,25.0,3.0,73.0,0.0,73.0,TEST,🟠 試單,小倉測試,趨勢轉強｜量能回溫｜結構收斂
2026-09-30,2457,22.55,1577143,22.55,22.55,22.55,0.0367816091954023,0.015765765765765938,0.04883720930232571,-0.036324786324786196,0.0,0.018805276132950494,22.119999999999997,21.975,22.235000000000003,22.29047619047619,955272.0,1217960.65,1.2949047245491871,0.7843209056056116,23.05,21.05,23.4,21.05,0.08869179600493605,22.235000000000003,21.975,0.011529933480641756,0.0,79.03493192032458,67.93345991620903,0,-0.2616673771662228,-0.31959816384226797,0.057930786676045176,0,20.0,25.0,25.0,3.0,73.0,0.0,73.0,TEST,🟠 試單,小倉測試,趨勢轉強｜量能回溫｜結構收斂
2026-09-30,2485,41.7,4139983,41.7,41.7,41.7,0.049056603773584895,0.019559902200489088,0.08311688311688314,-0.024561403508771895,0.0,0.024169180268845812,39.92999999999999,39.595000000000006,40.065,40.19285714285714,2112263.4,2099389.4,1.9719938568804807,1.0061322592178463,42.9,37.55,42.9,37.55,0.1282973621072351,40.065,39.595000000000006,0.011270983213158772,0.0,72.39935289673267,60.04593303637409,0,-0.5001015653049379,-0.7325398775577363,0.23243831225279843,0,20.0,25.0,25.0,3.0,73.0,0.0,73.0,TEST,🟠 試單,小倉測試,趨勢轉強｜量能回溫｜結構收斂
2026-09-30,3059,38.75,1575182,38.75,38.75,38.75,0.023778071334213946,0.01572739187418093,0.04026845637583887,-0.020227560050568805,0.0,0.01286467661260362,38.05,38.0,38.2175,38.28095238095238,1037792.2,1213083.15,1.2984946662559766,0.8554996415538368,39.6,37.25,39.6,37.25,0.06064516128875758,38.2175,38.0,0.005612903225661632,0.0,71.96377519042922,60.48178628289785,0,-0.28664607500899564,-0.3731422464809131,0.08649617147191746,0,20.0,25.0,25.0,3.0,73.0,0.0,73.0,TEST,🟠 試單,小倉測試,趨勢轉強｜量能回溫｜結構收斂
2026-09-30,6282,43.7,7065343,43.7,43.7,43.7,0.02102803738317771,0.008073817762399127,0.028235294117647136,-0.026726057906458656,0.0,0.01482068624168841,43.07,42.85,43.2425,43.32142857142857,4361539.4,4180755.25,1.6899680984673757,1.0432419836104971,44.9,41.55,44.9,41.55,0.07665903889984765,43.2425,42.85,0.008981693363638825,0.0,79.69356492557512,67.76845074364122,0,-0.367948048495748,-0.4642895803650577,0.09634153186930966,0,20.0,25.0,25.0,3.0,73.0,0.0,73.0,TEST,🟠 試單,小倉測試,趨勢轉強｜量能回溫｜結構收斂
2026-09-30,8249,39.5,218355,39.5,39.5,39.5,0.011523687580025754,0.003811944091486552,0.051930758988016024,-0.050480769230769273,0.0,0.0173071351471619,39.339999999999996,38.87,39.28,39.39047619047619,177305.8,204465.35,1.06793155906367,0.8671679577982241,41.65,37.1,41.65,37.1,0.11518987341480526,39.339999999999996,38.87,0.011898734176913929,0.0,86.93145949123021,76.15579294347327,0,-0.4598215333338729,-0.6217433844482815,0.1619218511144086,0,20.0,25.0,25.0,3.0,73.0,0.0,73.0,TEST,🟠 試單,小倉測試,趨勢轉強｜量能回溫｜結構收斂
2026-09-30,1309,13.95,1404303,13.95,13.95,13.95,0.0219780219780219,0.01086956521739113,0.014545454545454417,0.037174721189590976,0.0,0.018693544265289776,13.8,13.795000000000002,13.7925,13.776190476190477,1219376.6,2436220.0,0.5764270057712355,0.5005199037853723,14.2,13.5,14.2,13.45,0.05017921146593692,13.8,13.7925,0.0005376344085636308,0.0,37.89088513079072,34.545175885967325,1,0.06903746397003196,0.07710590511700284,-0.008068441146970876,0,28.0,9.0,22.0,13.0,72.0,0.0,72.0,TEST,🟠 試單,小倉測試,趨勢轉強｜量能正常｜結構收斂｜KD/MACD確認
2026-09-30,2636,71.7,323394,71.7,71.7,71.7,0.01846590909090895,0.017021276595744705,0.02869440459110484,0.04215116279069786,0.0,0.012163443525797452,71.1,70.75000000000001,70.23,70.16190476190476,400376.2,423768.85,0.7631377341680476,0.9447985617630911,71.9,68.7,71.9,68.7,0.04463040446241802,71.1,70.23,0.012133891213219753,0.0,76.54227256494853,75.02552631048465,1,0.5695012371071755,0.46776915730990515,0.10173207979727034,0,28.0,9.0,22.0,13.0,72.0,0.0,72.0,TEST,🟠 試單,小倉測試,趨勢轉強｜量能正常｜結構收斂｜KD/MACD確認
2026-09-30,9958,93.0,763092,93.0,93.0,93.0,0.009771986970684043,0.01196953210010876,0.020856201975850697,0.029900332225913706,0.0,0.016811581372123376,92.06,91.78,91.06,91.02380952380952,847481.4,1655263.85,0.46100928259866214,0.5119917286902625,94.0,88.1,94.0,88.1,0.06344086021437166,92.06,91.06,0.01075268817192739,0.0,66.80178985281856,64.02010462312863,1,0.5620361962235023,0.3864311964656823,0.17560499975782,0,28.0,9.0,22.0,13.0,72.0,0.0,72.0,TEST,🟠 試單,小倉測試,趨勢轉強｜量能正常｜結構收斂｜KD/MACD確認
2026-09-30,8033,174.5,2559779,174.5,174.5,174.5,0.03254437869822491,0.020467836257309857,0.002873563218390718,-0.0668449197860963,0.0,0.019764204221628254,170.0,169.7,172.825,173.5,1661781.8,2669079.2,0.9590494729418291,0.6226049043430406,185.5,166.5,187.0,166.5,0.10888252148934738,172.825,169.7,0.01790830945548477,0.0,57.32759854479235,42.00475567802953,0,-3.4449361683089705,-3.894687941238973,0.4497517729300027,1,20.0,17.0,25.0,10.0,72.0,0.0,72.0,TEST,🟠 試單,小倉測試,趨勢轉強｜量能回溫｜結構收斂｜KD/MACD確認
2026-09-30,1535,45.8,46672,45.8,45.8,45.8,0.005488474204171201,-0.0032644178454843686,0.025755879059350395,0.0,0.0,0.00777120646838421,45.71,45.415,45.3925,45.41190476190476,32538.0,41025.6,1.1376311376311101,0.7931145431145239,46.0,44.35,46.0,44.35,0.03602620087257582,45.71,45.3925,0.006932314410329045,0.0,81.17355376997264,72.94167567802546,0,0.013605090112640994,-0.06856884181143215,0.08217393192407314,0,19.0,25.0,22.0,6.0,72.0,0.0,72.0,WATCH,🟡 觀察,觀察等待確認,趨勢轉強｜量能回溫｜結構收斂｜指標初轉強
2026-09-30,9924,38.2,111746,38.2,38.2,38.2,0.01192052980132452,0.0,0.0052631578947368585,-0.005208333333333259,0.0,0.005621846594545497,37.87,37.89,38.1375,38.15,88032.2,95245.0,1.173247939524372,0.9242710903459401,38.65,37.7,38.65,37.7,0.024869109946992846,38.1375,37.87,0.007002617800863947,0.0,45.85254958031989,29.810716412873386,1,-0.12811328937932132,-0.12305542970264871,-0.005057859676672605,0,19.0,25.0,18.0,10.0,72.0,0.0,72.0,TEST,🟠 試單,小倉測試,趨勢轉強｜量能回溫｜結構收斂｜KD/MACD確認
2026-09-30,6235,39.1,231475,39.1,39.1,39.1,0.006435006435006496,0.012953367875647714,0.030303030303030276,0.0038510911424902705,0.0,0.01317710298270242,39.080000000000005,38.485,38.66,38.673809523809524,414265.4,285005.0,0.8121787337064234,1.4535373063630412,39.9,37.55,39.9,37.55,0.060102301788744227,39.080000000000005,38.485,0.015217391303958787,0.0,63.36622707902912,59.12630318703141,0,0.007657837500296694,-0.10388304294548267,0.11154088044577937,0,28.0,12.0,25.0,6.0,71.0,0.0,71.0,TEST,🟠 試單,小倉測試,趨勢轉強｜量能正常｜結構收斂｜指標初轉強
2026-09-30,6901,16.85,5739727,16.85,16.85,16.85,-0.023188405797101352,0.08709677419354844,0.1196013289036546,0.06309148264984232,0.0,0.027027326066620047,16.18,15.765,15.414999999999997,15.435714285714285,2805169.0,1392445.4,4.12204816073937,2.0145630126682152,17.25,14.75,17.25,14.75,0.14836795251344995,16.18,15.414999999999997,0.045400593469115826,0.0,89.2654500953225,87.19147268722091,0,0.20813421704181145,-0.00769188229482342,0.21582609933663488,0,28.0,12.0,25.0,6.0,71.0,0.0,71.0,TEST,🟠 試單,小倉測試,趨勢轉強｜量能正常｜結構收斂｜指標初轉強
2026-09-30,6934,75.3,56001,75.3,75.3,75.3,-0.010512483574244391,0.030095759233926156,0.030095759233926156,0.013458950201884257,0.0,0.02504805192619097,74.88,74.53999999999999,74.92999999999999,74.89999999999999,74542.8,58588.35,0.9558384900752291,1.2723143764929161,77.6,72.3,77.6,72.3,0.07038512616108382,74.92999999999999,74.53999999999999,0.005179282868457122,0.0,61.21690483737834,53.55152686292833,0,0.131850776333863,0.05036081507228472,0.08148996126157827,0,28.0,12.0,25.0,6.0,71.0,0.0,71.0,TEST,🟠 試單,小倉測試,趨勢轉強｜量能正常｜結構收斂｜指標初轉強
2026-09-30,6805,2455.0,2379419,2455.0,2455.0,2455.0,-0.02385685884691846,0.016563146997929712,0.13394919168591235,0.06507592190889366,0.0,0.045523092093127666,2520.0,2347.0,2269.0,2270.714285714286,1787449.0,1377523.2,1.7273168248636381,1.2975817757552097,2600.0,2025.0,2600.0,2025.0,0.23421588594695145,2520.0,2269.0,0.1022403258655388,0.0,81.67396874683779,78.5402478387168,0,62.49506195397771,21.59524440858638,40.89981754539133,0,28.0,20.0,17.0,6.0,71.0,0.0,71.0,TEST,🟠 試單,小倉測試,趨勢轉強｜量能回溫｜結構收斂｜指標初轉強
2026-09-30,8028,282.5,11750104,282.5,282.5,282.5,-0.02249134948096887,0.09708737864077666,0.27539503386004505,0.17219917012448138,0.0,0.03698744919228504,272.4,258.0,247.725,247.4047619047619,11988929.6,6478083.95,1.8138239779989263,1.8506906814629962,289.0,221.5,289.0,221.5,0.23893805309649935,272.4,247.725,0.08734513274305358,0.0,91.31561519122216,84.1914126794672,0,9.377742326183437,4.026231954178074,5.351510372005364,0,28.0,20.0,17.0,6.0,71.0,0.0,71.0,TEST,🟠 試單,小倉測試,趨勢轉強｜量能回溫｜結構收斂｜指標初轉強
2026-09-30,2753,180.0,145323,180.0,180.0,180.0,0.005586592178770999,0.0027855153203342198,0.016949152542372836,-0.01098901098901095,0.0,0.006841608948896512,180.0,179.25,179.175,179.3095238095238,109962.0,110424.6,1.3160382740802201,0.9958107160904273,182.0,176.5,182.0,176.5,0.030555555555385805,180.0,179.175,0.004583333333307808,0.0,68.99645087101186,68.14921262190106,0,-0.33395178686478744,-0.579486498080388,0.24553471121560055,0,25.0,25.0,18.0,3.0,71.0,0.0,71.0,TEST,🟠 試單,小倉測試,趨勢轉強｜量能回溫｜結構收斂
2026-09-30,4557,50.3,56850,50.3,50.3,50.3,0.003992015968063756,0.01309164149043296,-0.003960396039603964,-0.011787819253438192,0.0,0.0076525373880381225,49.92999999999999,49.885,49.975,50.019047619047626,45278.2,43078.4,1.319686896449234,1.0510650349130644,50.5,49.55,50.9,49.55,0.018886679920101717,49.975,49.885,0.0017892644134833828,0.0,58.49881231770067,37.23345356360339,0,-0.1685818089291331,-0.21994117060789245,0.05135936167875935,0,25.0,25.0,18.0,3.0,71.0,0.0,71.0,TEST,🟠 試單,小倉測試,趨勢轉強｜量能回溫｜結構收斂
2026-09-30,1614,31.15,101924,31.15,31.15,31.15,0.0032206119162641045,-0.0016025641025640969,0.004838709677419395,0.017973856209150263,0.0,0.005498878226627892,31.119999999999997,31.079999999999995,30.939999999999998,30.923809523809524,80775.2,70486.55,1.4460063657534459,1.1459661453142316,31.2,30.55,31.2,30.55,0.020866773675092515,31.119999999999997,30.939999999999998,0.005778491171564084,0.0,74.17570078397888,76.06276218418807,0,0.12833866230147706,0.11734516039100845,0.010993501910468606,0,22.0,25.0,18.0,6.0,71.0,0.0,71.0,WATCH,🟡 觀察,觀察等待確認,趨勢轉強｜量能回溫｜結構收斂｜指標初轉強
2026-09-30,1702,33.05,173534,33.05,33.05,33.05,0.003034901365705389,-0.006015037593985029,0.020061728395061706,0.009160305343511421,0.0,0.005627371931721339,33.05,32.879999999999995,32.71,32.71190476190476,154900.0,145382.9,1.193634189440428,1.0654623067774749,33.25,32.2,33.25,32.2,0.03177004538481777,33.05,32.71,0.010287443267464717,0.0,77.04582065650278,76.25324847878059,0,0.09787619753368659,0.04227798057694893,0.05559821695673766,0,22.0,25.0,18.0,6.0,71.0,0.0,71.0,WATCH,🟡 觀察,觀察等待確認,趨勢轉強｜量能回溫｜結構收斂｜指標初轉強
2026-09-30,2107,27.0,272160,27.0,27.0,27.0,0.00746268656716409,-0.001848428835489857,0.015037593984962294,0.003717472118959231,0.0,0.007542901106395698,26.93,26.915,26.857499999999998,26.859523809523807,192154.4,214371.0,1.2695747092657064,0.8963637805486708,27.3,26.5,27.3,26.5,0.029629629628532262,26.93,26.857499999999998,0.002685185185085792,0.0,49.10279255599113,50.76407056277103,0,0.022128122823964702,0.008196967803506983,0.01393115502045772,0,22.0,25.0,18.0,6.0,71.0,0.0,71.0,WATCH,🟡 觀察,觀察等待確認,趨勢轉強｜量能回溫｜結構收斂｜指標初轉強
2026-09-30,6958,17.5,37766,17.5,17.5,17.5,0.02639296187683282,-0.014084507042253502,0.008645533141210304,0.01744186046511631,0.0,0.01131078133832737,17.35,17.43,17.384999999999998,17.376190476190477,30101.4,32374.4,1.1665389937728214,0.9297902046060798,17.75,17.05,17.75,17.05,0.039999999997714246,17.43,17.35,0.0045714285711672496,0.0,44.658845468683495,52.43108800363029,0,0.03523701919210609,0.054436062799489954,-0.019199043607383864,0,22.0,25.0,18.0,6.0,71.0,0.0,71.0,WATCH,🟡 觀察,觀察等待確認,趨勢轉強｜量能回溫｜結構收斂｜指標初轉強
2026-09-30,8487,70.8,11006,70.8,70.8,70.8,0.005681818181818121,-0.009790209790209836,0.009985734664764712,0.004255319148936065,0.0,0.00873052931721474,70.78,70.75999999999999,70.765,70.75238095238095,9683.2,8903.2,1.2361847425643322,1.087608949591036,71.5,70.0,71.5,70.0,0.021186440677666857,70.78,70.75999999999999,0.0002824858757023693,0.0,48.89899625705236,51.95471654450139,0,0.04812329823084838,0.061417278084418096,-0.01329397985356972,0,22.0,25.0,18.0,6.0,71.0,0.0,71.0,WATCH,🟡 觀察,觀察等待確認,趨勢轉強｜量能回溫｜結構收斂｜指標初轉強
2026-09-30,3045,119.5,9996628,119.5,119.5,119.5,-0.012396694214875992,-0.04016064257028118,-0.016460905349794275,0.030172413793103425,0.0,0.009278408302613332,121.8,123.0,120.725,120.5,8480858.6,7969050.05,1.2544315743129257,1.0642245370262167,124.5,115.5,124.5,115.5,0.07531380753075051,123.0,120.725,0.019037656903606426,0.0,27.75469296620199,53.86134057245789,0,1.3313538466287156,1.6444952654845988,-0.3131414188558832,0,15.0,25.0,25.0,6.0,71.0,0.0,71.0,WATCH,🟡 觀察,觀察等待確認,趨勢修復｜量能回溫｜結構收斂｜指標初轉強
2026-09-30,6591,42.85,109515,42.85,42.85,42.85,-0.00810185185185186,-0.05199115044247793,0.02881152460984393,0.003512880562060783,0.0,0.015012420582556894,43.970000000000006,43.515,42.9,42.89047619047619,111911.2,97780.55,1.1200080179544794,1.1445139140657201,45.45,41.5,45.45,41.5,0.09218203033623854,43.970000000000006,42.9,0.024970828470829327,0.0,50.8976444764786,63.285702821783126,0,0.3201481047790935,0.2449135419301915,0.07523456284890201,0,15.0,25.0,25.0,6.0,71.0,0.0,71.0,WATCH,🟡 觀察,觀察等待確認,趨勢修復｜量能回溫｜結構收斂｜指標初轉強
2026-09-30,6906,83.6,51103,83.6,83.6,83.6,-0.0011947431302270495,0.04499999999999993,0.0072289156626506035,0.07179487179487176,0.0,0.03343532824572814,83.0,82.59,82.155,81.95714285714286,43628.4,115258.2,0.4433784320768462,0.3785275147451515,86.5,75.9,86.5,75.9,0.126794258371689,83.0,82.155,0.010107655502271426,0.0,69.48119183822683,58.88747094926657,0,1.0302093589585724,1.0158950732047984,0.014314285753773914,1,28.0,4.0,25.0,13.0,70.0,0.0,70.0,TEST,🟠 試單,小倉測試,趨勢轉強｜結構收斂｜KD/MACD確認
2026-09-30,4935,34.2,91355,34.2,34.2,34.2,0.04747320061255755,0.027027027027027195,0.07378335949764536,0.01183431952662728,0.0,0.026962849381088817,33.2,32.715,32.847500000000004,32.892857142857146,84482.0,111264.0,0.8210652142651638,0.7592932125395387,34.45,30.8,34.45,30.8,0.10672514619570986,33.2,32.715,0.014181286549292928,0.0,67.97644388939004,56.50253357521958,0,-0.057270419385737625,-0.22860813512124456,0.17133771573550693,0,28.0,17.0,22.0,3.0,70.0,0.0,70.0,TEST,🟠 試單,小倉測試,趨勢轉強｜量能回溫｜結構收斂
2026-09-30,6533,333.5,9824741,333.5,333.5,333.5,0.098846787479407,0.2656546489563567,0.4375,0.2777777777777777,0.0,0.0510676800958352,283.7,265.75,259.425,259.5,6781723.0,3065510.6,3.2049280795179755,2.2122653890024058,333.5,224.5,333.5,224.5,0.32683658170816543,283.7,259.425,0.0727886056969331,0.0,88.92342772401835,75.48617379465279,0,9.33102784537806,0.8537031618416666,8.477324683536393,0,28.0,20.0,16.0,6.0,70.0,0.0,70.0,TEST,🟠 試單,小倉測試,趨勢轉強｜量能回溫｜結構收斂｜指標初轉強
2026-09-30,1440,13.65,3288885,13.65,13.65,13.65,0.026315789473684292,0.018656716417910557,0.030188679245283012,-0.017985611510791366,0.0,0.018044971717701596,13.39,13.319999999999999,13.517500000000002,13.535714285714286,3058334.2,3310326.85,0.9935227393029178,0.9238768069080547,14.2,12.9,14.2,12.9,0.09523809523111801,13.517500000000002,13.319999999999999,0.014468864467804723,0.0,78.92615032192685,64.03755784566664,0,-0.11295071560939363,-0.13881776822343514,0.025867052614041514,0,25.0,17.0,25.0,3.0,70.0,0.0,70.0,TEST,🟠 試單,小倉測試,趨勢轉強｜量能回溫｜結構收斂
2026-09-30,2344,179.5,85028121,179.5,179.5,179.5,0.031609195402298784,0.031609195402298784,0.12187499999999996,-0.016438356164383605,0.0,0.03666950088231316,173.7,172.05,174.025,174.42857142857142,70012764.0,103475172.6,0.8217248530590999,0.6766141311080065,188.0,159.5,188.0,159.5,0.1587743732581684,174.025,172.05,0.011002785515259007,0.0,75.00493757687346,61.70223126177348,0,-1.523526525425126,-2.3039111695043424,0.7803846440792164,0,25.0,17.0,25.0,3.0,70.0,0.0,70.0,TEST,🟠 試單,小倉測試,趨勢轉強｜量能回溫｜結構收斂
2026-09-30,4571,153.5,97627,153.5,153.5,153.5,0.006557377049180246,0.013201320132013139,0.030201342281879207,-0.01602564102564108,0.0,0.016295786924065622,152.3,151.05,152.8,152.95238095238096,83370.8,109397.6,0.8924053178497435,0.7620898447497864,161.5,147.5,161.5,147.5,0.0912052117257902,152.8,151.05,0.011400651465723775,0.0,87.65486555489458,73.11242570553955,0,-0.8724131581694223,-1.2106598258256498,0.33824666765622746,0,25.0,17.0,25.0,3.0,70.0,0.0,70.0,TEST,🟠 試單,小倉測試,趨勢轉強｜量能回溫｜結構收斂
2026-09-30,8016,284.0,420563,284.0,284.0,284.0,-0.0035087719298245723,0.008880994671403242,0.025270758122743597,-0.01730103806228378,0.0,0.016375259385189894,283.2,280.6,283.45,283.7142857142857,364340.4,509774.85,0.8249975454850297,0.7147084639424627,297.5,274.0,297.5,274.0,0.08274647887294807,283.45,280.6,0.010035211267570178,0.0,88.47620681442007,76.41770346235776,0,-1.3992020627903798,-2.092292192826931,0.6930901300365511,0,25.0,17.0,25.0,3.0,70.0,0.0,70.0,TEST,🟠 試單,小倉測試,趨勢轉強｜量能回溫｜結構收斂
2026-09-30,3591,27.45,2368305,27.45,27.45,27.45,0.03977272727272729,0.06189555125725321,0.20925110132158586,0.0,0.0,0.047953221060745024,25.49,24.884999999999998,27.45,27.45,2435181.8,2832450.6428571427,0.8361328399392861,0.8597437721080952,27.45,22.3,27.45,22.3,0.18761384334471348,25.49,24.884999999999998,0.02204007285894209,0.0,84.33589981168642,75.99133069950072,0,0.9636163942735436,0.5888240501397979,0.37479234413374574,0,25.0,17.0,22.0,6.0,70.0,0.0,70.0,TEST,🟠 試單,小倉測試,趨勢轉強｜量能回溫｜結構收斂｜指標初轉強
2026-09-30,4439,98.4,37233,98.4,98.4,98.4,0.01968911917098448,0.03252885624344182,0.04792332268370614,-0.006060606060605989,0.0,0.012164946005647683,97.46000000000001,95.91,95.775,95.92857142857143,24774.6,16738.1,2.224446024339547,1.4801321535896261,98.5,93.5,99.0,93.5,0.0508130081295649,97.46000000000001,95.775,0.017123983739663395,0.0,76.60413379272273,65.00730371337323,0,-0.18690772374233688,-0.6349637101059636,0.44805598636362676,0,25.0,20.0,22.0,3.0,70.0,0.0,70.0,TEST,🟠 試單,小倉測試,趨勢轉強｜量能回溫｜結構收斂
2026-09-30,2376,358.5,4868638,358.5,358.5,358.5,-0.00966850828729282,-0.025815217391304324,0.04215116279069764,0.0013966480446927498,0.0,0.016415756394895946,362.7,358.55,356.65,356.7142857142857,5523499.4,5565257.4,0.8748271014382909,0.9924966633169562,368.0,343.0,368.0,343.0,0.06973500697330617,362.7,356.65,0.016875871687540126,0.0,67.40123833344315,70.40669860348358,0,1.2877685825989715,0.3194190294926963,0.9683495531062752,0,22.0,17.0,25.0,6.0,70.0,0.0,70.0,WATCH,🟡 觀察,觀察等待確認,趨勢轉強｜量能回溫｜結構收斂｜指標初轉強
2026-09-30,2855,56.6,5195072,56.6,56.6,56.6,0.01981981981981984,-0.012216404886561838,0.06994328922495274,0.14228052472250252,0.0,0.02273415954187889,56.9,55.07000000000001,53.220000000000006,53.0452380952381,6379798.0,5610916.05,0.9258866027767425,1.1370332300730108,57.8,49.6,57.8,49.55,0.1448763250857795,56.9,53.220000000000006,0.06501766784337412,0.0,83.02827874967164,85.71464136081363,0,1.7833434816619018,1.3889429167743117,0.3944005648875901,0,22.0,17.0,25.0,6.0,70.0,0.0,70.0,WATCH,🟡 觀察,觀察等待確認,趨勢轉強｜量能回溫｜結構收斂｜指標初轉強
2026-09-30,6005,32.05,5523115,32.05,32.05,32.05,0.012638230647709303,-0.006201550387596955,-0.0015576323987540608,0.03387096774193532,0.0,0.015789154377021962,32.129999999999995,31.765000000000004,31.9775,31.93095238095238,6721966.0,6733412.2,0.8202549964192002,0.9983000892177667,32.75,30.85,32.75,30.85,0.059282371293002074,32.129999999999995,31.765000000000004,0.011388455537865926,0.0,67.20733557883982,65.3336549473276,0,0.1660475543898947,0.1706946299430418,-0.004647075553147084,0,22.0,17.0,25.0,6.0,70.0,0.0,70.0,WATCH,🟡 觀察,觀察等待確認,趨勢轉強｜量能回溫｜結構收斂｜指標初轉強
2026-09-30,6206,139.5,858975,139.5,139.5,139.5,-0.02447552447552448,-0.017605633802816878,0.025735294117646967,0.010869565217391353,0.0,0.01969726782113338,140.2,139.8,138.225,138.21428571428572,689762.4,850407.65,1.0100744037286105,0.8110961842829132,143.0,134.0,143.0,134.0,0.06451612903179559,140.2,138.225,0.014157706093088435,0.0,60.46899005766968,68.18572627952051,0,0.7858171703759069,0.4590790632127312,0.32673810716317575,0,22.0,17.0,25.0,6.0,70.0,0.0,70.0,WATCH,🟡 觀察,觀察等待確認,趨勢轉強｜量能回溫｜結構收斂｜指標初轉強
2026-09-30,3027,18.9,249111,18.9,18.9,18.9,0.02717391304347827,-0.010471204188481797,0.06779661016949157,0.038461538461538325,0.0,0.0253677005186767,18.669999999999998,18.285,18.1525,18.154761904761905,361509.4,205411.4,1.2127418439288122,1.7599286115570913,19.1,17.4,19.1,17.4,0.089947089942331,18.669999999999998,18.1525,0.027380952379503564,0.0,71.03154647587681,60.269768650524554,0,0.1367101416380585,0.03332223025647027,0.10338791138158823,0,22.0,20.0,22.0,6.0,70.0,0.0,70.0,WATCH,🟡 觀察,觀察等待確認,趨勢轉強｜量能回溫｜結構收斂｜指標初轉強
2026-09-30,2908,22.05,256712,22.05,22.05,22.05,0.016129032258064502,0.002272727272727204,0.002272727272727204,0.006849315068493178,0.0,0.008669107224403456,22.02,22.035,22.067500000000003,22.05952380952381,275034.4,240952.2,1.065406333704357,1.1414479718383932,22.25,21.7,22.25,21.7,0.024943310656465188,22.067500000000003,22.02,0.002154195011240308,0.0,50.59248435735255,54.05400446175368,0,0.009929838995397233,0.030301678767503448,-0.020371839772106215,0,21.0,25.0,18.0,6.0,70.0,0.0,70.0,TEST,🟠 試單,小倉測試,趨勢轉強｜量能回溫｜結構收斂｜指標初轉強
2026-09-30,2534,16.95,283189,16.95,16.95,16.95,0.002958579881656931,-0.002941176470588225,0.011940298507462588,-0.025862068965517238,0.0,0.008572071169617581,16.9,16.895000000000003,16.93,16.952380952380953,229558.4,241092.6,1.1746067693491995,0.9521586311649509,17.15,16.7,17.4,16.7,0.026548672564805347,16.93,16.895000000000003,0.002064896755040218,0.0,56.990267889836346,53.19685765778996,1,-0.09641720823043443,-0.11276428102475732,0.01634707279432289,0,14.0,25.0,21.0,10.0,70.0,0.0,70.0,TEST,🟠 試單,小倉測試,趨勢修復｜量能回溫｜結構收斂｜KD/MACD確認
2026-09-30,6505,97.3,37924444,97.3,97.3,97.3,0.03181336161187698,0.09943502824858763,0.17512077294686001,0.32380952380952377,0.0,0.03642281531529987,90.66,87.78999999999999,84.365,83.84761904761905,23728219.2,27681472.7,1.3700298539390934,0.8571877463730461,97.3,76.5,97.3,73.5,0.21377183966892319,90.66,84.365,0.06469681397672461,0.0,92.59166767261434,86.32333106761568,0,4.359206792264288,3.3208034984797816,1.0384032937845067,0,28.0,25.0,22.0,6.0,81.0,12.0,69.0,TEST,🟠 試單,小倉測試,趨勢轉強｜量能回溫｜結構收斂｜指標初轉強｜風險扣分12
2026-09-30,1326,69.7,33017994,69.7,69.7,69.7,0.03259259259259273,0.028023598820059004,0.031065088757396664,0.02049780380673516,0.0,0.03080243845017616,67.22,67.22,69.11,69.07142857142857,22634942.6,35243532.25,0.9368525766880248,0.642243871568804,74.3,65.4,74.3,65.4,0.12769010042858395,69.11,67.22,0.027116212338204937,0.0,60.04031865433871,39.463241133347026,0,-0.42293177685644423,-0.36120682383523844,-0.061724953021205786,0,28.0,17.0,21.0,3.0,69.0,0.0,69.0,TEST,🟠 試單,小倉測試,趨勢轉強｜量能回溫｜結構收斂
2026-09-30,6854,93.3,228806,93.3,93.3,93.3,0.025274725274725185,0.004305705059203246,0.04596412556053808,0.001072961373390413,0.0,0.02728817675917975,92.4,91.41,91.985,92.04285714285714,173642.8,234135.3,0.9772383745637631,0.7416344310319686,99.5,87.4,99.5,87.4,0.1296891747038618,92.4,91.41,0.010610932475770612,0.0,74.90197840312544,66.66786526404027,0,-0.20400187112386448,-0.4542161976805755,0.250214326556711,0,28.0,17.0,21.0,3.0,69.0,0.0,69.0,TEST,🟠 試單,小倉測試,趨勢轉強｜量能回溫｜結構收斂
2026-09-30,2317,251.5,27366648,251.5,251.5,251.5,0.003992015968063978,0.006000000000000005,0.012072434607645954,0.006000000000000005,0.0,0.01409260834347443,252.3,250.7,251.225,251.16666666666666,33491206.0,30951185.55,0.8841873910060934,1.082065368575195,256.0,246.5,256.0,246.5,0.037773359840804085,252.3,250.7,0.006361829025819726,0.0,53.15646153277134,57.699160488406235,0,0.2702136058539679,0.1524808405468759,0.11773276530709201,0,28.0,17.0,18.0,6.0,69.0,0.0,69.0,TEST,🟠 試單,小倉測試,趨勢轉強｜量能回溫｜結構收斂｜指標初轉強
2026-09-30,2488,48.85,71337,48.85,48.85,48.85,0.0030800821355236874,0.002051282051282133,0.010341261633919352,0.007216494845360799,0.0,0.00420461294294318,48.92,48.765,48.575,48.57142857142857,66467.4,71272.7,1.0009021687125506,0.9325786731806015,49.1,48.15,49.1,48.15,0.01944728761475037,48.92,48.575,0.007062436028514564,0.0,65.55821377011827,74.99723179042192,0,0.11040292139094987,0.0726640188694112,0.037738902521538664,0,28.0,17.0,18.0,6.0,69.0,0.0,69.0,TEST,🟠 試單,小倉測試,趨勢轉強｜量能回溫｜結構收斂｜指標初轉強
2026-09-30,3705,56.7,167862,56.7,56.7,56.7,0.014311270125223707,0.0017667844522968323,0.01795332136445249,0.016129032258064724,0.0,0.007116147801133223,56.3,56.410000000000004,56.214999999999996,56.19523809523809,170361.6,185597.05,0.9044432548900918,0.9179111413678133,57.4,55.7,57.4,55.7,0.029982363315167786,56.410000000000004,56.214999999999996,0.0034391534390929143,0.0,35.814208136211775,41.15090095877426,0,0.1315844451713346,0.1332430335626676,-0.0016585883913329824,0,28.0,17.0,18.0,6.0,69.0,0.0,69.0,TEST,🟠 試單,小倉測試,趨勢轉強｜量能回溫｜結構收斂｜指標初轉強
2026-09-30,1455,9.94,813294,9.94,9.94,9.94,0.026859504132231482,0.017400204708290623,0.024742268041237248,-0.006000000000000005,0.0,0.0157626910480112,9.748,9.747,9.8505,9.857619047619048,451202.0,937915.0,0.8671297505637495,0.4810691800429671,10.25,9.52,10.25,9.52,0.07344064385579073,9.8505,9.747,0.010412474848047071,0.0,60.587285090211864,48.681724075214944,1,-0.05691046311369341,-0.062048410304795944,0.0051379471911025335,1,25.0,17.0,25.0,17.0,84.0,15.0,69.0,TEST,🟠 試單,小倉測試,趨勢轉強｜量能回溫｜結構收斂｜KD/MACD確認｜風險扣分15
2026-09-30,1563,75.6,236232,75.6,75.6,75.6,-0.006570302233902758,0.02857142857142847,0.010695187165775444,0.0,0.0,0.019716466297636834,74.6,74.42,75.6,75.6,451151.4,633167.0,0.3730958814972979,0.7125314490489859,79.5,72.4,79.5,72.4,0.09391534391410157,74.6,74.42,0.0023809523809207893,0.0,64.90854451547074,41.59712322497494,0,-1.149910189158831,-1.2285899280169372,0.0786797388581062,1,25.0,9.0,25.0,10.0,69.0,0.0,69.0,TEST,🟠 試單,小倉測試,趨勢轉強｜量能正常｜結構收斂｜KD/MACD確認
2026-09-30,8070,50.2,942453,50.2,50.2,50.2,0.010060362173038184,0.006012024048096309,0.0,0.0,0.0,0.013560020549796707,49.81,49.845000000000006,49.872499999999995,49.88809523809524,1201821.2,1489811.7,0.6325987371424183,0.8066933559455864,50.7,49.0,50.7,49.0,0.03386454183199479,49.872499999999995,49.81,0.0012450199202937824,0.0,48.333650559358304,47.891716801824316,1,-0.05626628980504478,-0.08371363133818799,0.02744734153314321,1,25.0,9.0,18.0,17.0,69.0,0.0,69.0,TEST,🟠 試單,小倉測試,趨勢轉強｜量能正常｜結構收斂｜KD/MACD確認
2026-09-30,1598,20.5,104908,20.5,20.5,20.5,0.009852216748768461,-0.016786570743405393,0.004901960784313708,0.012345679012345734,0.0,0.015687810373188164,20.43,20.355,20.3975,20.39047619047619,152348.8,179340.05,0.5849669385059245,0.8494968078797746,21.1,19.9,21.1,19.9,0.058536585362998356,20.43,20.355,0.003658536585187354,0.0,48.54841399718171,45.83463860782213,1,0.034455144185098874,0.03681740249906911,-0.0023622583139702377,0,22.0,9.0,25.0,13.0,69.0,0.0,69.0,TEST,🟠 試單,小倉測試,趨勢轉強｜量能正常｜結構收斂｜KD/MACD確認
2026-09-30,1711,40.9,4703451,40.9,40.9,40.9,0.008631319358816336,0.038071065989847774,0.07773386034255592,-0.056516724336793556,0.0,0.022507989816576274,39.53,39.339999999999996,40.0175,40.17619047619048,3411906.6,3281932.6,1.433134550051393,1.0396028852024564,44.0,37.95,44.0,37.95,0.1479217603875813,40.0175,39.339999999999996,0.016564792175634162,0.0,77.22402118997422,60.77601914258616,0,-0.736753201464218,-0.9727176574050157,0.23596445594079773,0,20.0,25.0,21.0,3.0,69.0,0.0,69.0,TEST,🟠 試單,小倉測試,趨勢轉強｜量能回溫｜結構收斂
2026-09-30,6477,35.6,2304661,35.6,35.6,35.6,0.04398826979472137,-0.048128342245989275,0.04552129221732759,-0.023319615912208547,0.0,0.03152208075774916,34.480000000000004,34.540000000000006,34.5475,34.63809523809524,1427558.4,1106369.9,2.083083605221001,1.2903084221651355,37.4,33.5,37.4,33.5,0.10955056179467551,34.5475,34.480000000000004,0.0018960674156769492,0.0,33.71185454897578,33.446217521970574,1,-0.2875586903776721,-0.41800936368498715,0.13045067330731502,0,14.0,20.0,25.0,10.0,69.0,0.0,69.0,TEST,🟠 試單,小倉測試,趨勢修復｜量能回溫｜結構收斂｜KD/MACD確認
2026-09-30,2023,13.75,1279312,13.75,13.75,13.75,0.014760147601476037,0.011029411764705843,-0.0072202166064981865,-0.028268551236749095,0.0,0.010012694073090357,13.63,13.645,13.770000000000001,13.788095238095238,886460.0,1012191.8,1.2639027504470977,0.8757826332914365,14.1,13.55,14.15,13.55,0.03999999999709083,13.770000000000001,13.63,0.010181818181077728,0.0,37.084343234354904,17.584625897163058,1,-0.11502559615883179,-0.11089986192993927,-0.004125734228892522,0,13.0,25.0,21.0,10.0,69.0,0.0,69.0,TEST,🟠 試單,小倉測試,趨勢修復｜量能回溫｜結構收斂｜KD/MACD確認
2026-09-30,1734,32.1,107102,32.1,32.1,32.1,0.0,0.0031250000000000444,0.03049759229534521,0.04730831973898875,0.0,0.011698237006367365,32.08,31.93,31.43,31.392857142857142,146681.2,200610.05,0.5338815278696131,0.7311757312258249,32.8,30.6,32.8,30.6,0.06853582554303614,32.08,31.43,0.020249221183169762,0.0,58.11448673402569,65.31196774514433,0,0.376985997895833,0.31286372466478196,0.06412227323105102,0,28.0,9.0,25.0,6.0,68.0,0.0,68.0,TEST,🟠 試單,小倉測試,趨勢轉強｜量能正常｜結構收斂｜指標初轉強
2026-09-30,2493,197.5,1606105,197.5,197.5,197.5,0.007653061224489832,0.0792349726775956,0.15835777126099715,0.10027855153203347,0.0,0.04397604835494748,195.2,191.7,185.525,185.23809523809524,2580116.4,2183218.85,0.735659185060627,1.1817946698289081,206.5,170.5,206.5,170.5,0.1822784810117353,195.2,185.525,0.04898734177190378,0.0,63.032702236070975,59.85769549094136,0,4.2277321225809885,2.72478612303291,1.5029459995480785,0,28.0,9.0,25.0,6.0,68.0,0.0,68.0,TEST,🟠 試單,小倉測試,趨勢轉強｜量能正常｜結構收斂｜指標初轉強
2026-09-30,3321,18.25,87626,18.25,18.25,18.25,0.005509641873278293,0.031073446327683607,0.07352941176470584,0.045845272206303855,0.0,0.022992085789842895,18.330000000000002,17.825,17.657500000000002,17.64761904761905,200366.8,176613.85,0.496144554914575,1.1344908680717785,18.7,16.8,18.7,16.8,0.10410958903539118,18.330000000000002,17.657500000000002,0.03684931506647398,0.0,72.90663373617987,68.48715797948422,0,0.204383815148109,0.099705866079604,0.104677949068505,0,28.0,9.0,25.0,6.0,68.0,0.0,68.0,TEST,🟠 試單,小倉測試,趨勢轉強｜量能正常｜結構收斂｜指標初轉強
2026-09-30,4576,236.0,2005719,236.0,236.0,236.0,-0.020746887966805017,0.010706638115631772,0.03508771929824572,0.09006928406466508,0.0,0.03808915769278512,231.5,232.6,235.1,234.21428571428572,1676957.0,3229985.8,0.6209683646287236,0.5191840162269443,247.0,223.5,247.0,216.5,0.09957627118601875,235.1,231.5,0.015254237288070934,0.0,54.65896726657922,41.89237479630008,0,2.5701548586621925,3.197317695224262,-0.6271628365620696,0,28.0,9.0,25.0,6.0,68.0,0.0,68.0,TEST,🟠 試單,小倉測試,趨勢轉強｜量能正常｜結構收斂｜指標初轉強
2026-09-30,6209,81.7,7141009,81.7,81.7,81.7,0.0024539877300613355,0.03286978508217464,0.06797385620915031,0.02767295597484276,0.0,0.027773822860540122,79.64000000000001,79.13,79.66499999999999,79.65714285714286,6984696.0,10661810.7,0.6697745065010392,0.6551134883683499,84.3,75.6,84.3,75.6,0.10648714810151182,79.66499999999999,79.13,0.006548347613138901,0.0,83.25542013642718,67.54153854263816,0,0.12440645248982207,-0.16482634722131512,0.2892327997111372,0,28.0,9.0,25.0,6.0,68.0,0.0,68.0,TEST,🟠 試單,小倉測試,趨勢轉強｜量能正常｜結構收斂｜指標初轉強
2026-09-30,1338,15.6,392221,15.6,15.6,15.6,0.057627118644067776,0.06849315068493156,0.06849315068493156,0.07586206896551717,0.0,0.016531549952283797,14.930000000000001,14.64,14.5375,14.535714285714286,161941.4,94565.3,4.147620744607122,1.7124822741533974,15.6,14.15,15.6,14.15,0.09294871794275965,14.930000000000001,14.5375,0.02516025640864369,0.0,91.01439432677125,80.80741225052137,0,0.13690926255292446,0.03593703296548753,0.10097222958743693,0,28.0,12.0,22.0,6.0,68.0,0.0,68.0,TEST,🟠 試單,小倉測試,趨勢轉強｜量能正常｜結構收斂｜指標初轉強
2026-09-30,2028,17.15,453189,17.15,17.15,17.15,0.033132530120481674,0.07523510971786829,0.09584664536741205,0.09235668789808904,0.0,0.013498833906432701,16.369999999999997,16.029999999999998,15.8875,15.878571428571428,201225.0,110055.15,4.1178354670362625,1.8284014877995094,17.15,15.6,17.15,15.6,0.09037900874108572,16.369999999999997,15.8875,0.028134110785531432,0.0,86.10324538313442,68.66480148391997,0,0.21148038316218454,0.07625129811415712,0.13522908504802741,0,28.0,12.0,22.0,6.0,68.0,0.0,68.0,TEST,🟠 試單,小倉測試,趨勢轉強｜量能正常｜結構收斂｜指標初轉強
2026-09-30,2516,15.35,174965,15.35,15.35,15.35,0.030201342281879207,0.03367003367003374,0.051369863013698724,0.09642857142857131,0.0,0.018325876540457395,15.069999999999999,14.814999999999998,14.5525,14.526190476190477,320298.4,191871.75,0.9118851524520889,1.669335897546139,15.45,13.95,15.45,13.95,0.09771986970047428,15.069999999999999,14.5525,0.033713355046663514,0.0,82.38992153446776,83.66698169224605,0,0.27632213304944564,0.20161645323582056,0.07470567981362508,0,28.0,12.0,22.0,6.0,68.0,0.0,68.0,TEST,🟠 試單,小倉測試,趨勢轉強｜量能正常｜結構收斂｜指標初轉強
2026-09-30,4195,16.1,802116,16.1,16.1,16.1,0.018987341772152,0.2384615384615385,0.1970260223048328,0.12195121951219523,0.0,0.03434191736534609,14.460000000000003,13.820000000000002,13.8475,13.871428571428572,448283.2,179268.2,4.474390884719072,2.5006286669916777,16.1,12.9,16.1,12.9,0.1987577639628101,14.460000000000003,13.820000000000002,0.039751552792562046,0.0,73.45153019148376,45.65219892869973,0,0.159171220125641,-0.1310073483202534,0.2901785684458944,0,28.0,12.0,22.0,6.0,68.0,0.0,68.0,TEST,🟠 試單,小倉測試,趨勢轉強｜量能正常｜結構收斂｜指標初轉強
2026-09-30,6120,14.35,13054101,14.35,14.35,14.35,0.09961685823754785,0.13438735177865602,0.2161016949152541,0.12992125984251968,0.0,0.028222971700007118,13.219999999999999,12.715,12.5,12.50952380952381,7296119.2,2968977.65,4.396833704692925,2.457451709008317,14.35,11.75,14.35,11.75,0.1811846689769209,13.219999999999999,12.5,0.05017421602437803,0.0,88.24915760664419,78.59281364948181,0,0.2020844649351261,0.007181621269078807,0.1949028436660473,0,28.0,12.0,22.0,6.0,68.0,0.0,68.0,TEST,🟠 試單,小倉測試,趨勢轉強｜量能正常｜結構收斂｜指標初轉強
2026-09-30,6189,50.4,409293,50.4,50.4,50.4,0.003984063745019917,0.04455958549222805,0.07120085015940503,0.04781704781704765,0.0,0.01065258462497429,49.38,48.4,47.8925,47.90238095238095,581235.6,391285.7,1.046020848704665,1.4854506566429555,50.4,46.35,50.4,46.35,0.08035714285554842,49.38,47.8925,0.029513888888303384,0.0,95.61913438221657,85.80684563233446,0,0.459726916297555,0.08018290622639032,0.3795440100711647,0,28.0,12.0,22.0,6.0,68.0,0.0,68.0,TEST,🟠 試單,小倉測試,趨勢轉強｜量能正常｜結構收斂｜指標初轉強
2026-09-30,6202,58.6,1071210,58.6,58.6,58.6,0.0034246575342467,0.019130434782608674,0.07129798903107853,0.012089810017271274,0.0,0.019347232962238045,58.4,56.779999999999994,57.03499999999999,57.07619047619047,1355288.6,1057748.5,1.012726560236199,1.2812956955268657,59.0,53.7,59.0,53.7,0.09044368600528249,58.4,56.779999999999994,0.027645051194067568,0.0,86.04266671924516,75.46638606160839,0,0.13819885449841962,-0.22973068299442648,0.36792953749284607,0,28.0,12.0,22.0,6.0,68.0,0.0,68.0,TEST,🟠 試單,小倉測試,趨勢轉強｜量能正常｜結構收斂｜指標初轉強
2026-09-30,6869,71.9,377186,71.9,71.9,71.9,0.014104372355430161,0.03751803751803773,0.1322834645669293,0.07957957957957973,0.0,0.018140265125957206,70.56,68.65,66.72,66.71428571428571,599615.2,432647.05,0.8718099430008807,1.3859223124253328,71.9,63.5,71.9,63.5,0.1168289290665254,70.56,66.72,0.05340751043041162,0.0,93.98136215365886,85.99283434986879,0,1.2766568250762447,0.5345869220511337,0.742069903025111,0,28.0,12.0,22.0,6.0,68.0,0.0,68.0,TEST,🟠 試單,小倉測試,趨勢轉強｜量能正常｜結構收斂｜指標初轉強
2026-09-30,1220,10.85,35150,10.85,10.85,10.85,0.009302325581395321,0.004629629629629539,0.009302325581395321,0.009302325581395321,0.0,0.008238109782843775,10.78,10.790000000000001,10.7875,10.785714285714286,42374.0,74526.6,0.4716436815848237,0.5685755153193548,11.0,10.7,11.0,10.7,0.027649769582705156,10.790000000000001,10.78,0.0009216589860903138,0.0,41.8365143961314,29.88660645279412,1,0.00825625300350552,0.009938891707381731,-0.001682638703876211,0,28.0,9.0,18.0,13.0,68.0,0.0,68.0,TEST,🟠 試單,小倉測試,趨勢轉強｜量能正常｜結構收斂｜KD/MACD確認
2026-09-30,1721,26.45,3916189,26.45,26.45,26.45,0.013409961685823646,0.09297520661157033,0.19683257918552033,0.2871046228710461,0.0,0.04604349335759416,25.1,23.675,22.8475,22.738095238095237,2651031.6,1567383.2,2.498552364220822,1.6913742599767552,26.45,20.0,26.45,20.0,0.24385633269399407,25.1,22.8475,0.08516068052608093,0.0,93.35340658219911,82.72917101156469,0,1.1554023212045514,0.7754358826751866,0.37996643852936485,0,28.0,20.0,14.0,6.0,68.0,0.0,68.0,TEST,🟠 試單,小倉測試,趨勢轉強｜量能回溫｜結構尚可｜指標初轉強
2026-09-30,2069,26.7,2227220,26.7,26.7,26.7,0.007547169811320753,0.10330578512396693,0.11715481171548126,0.25943396226415105,0.0,0.03708282103383698,25.880000000000003,24.875,23.515,23.404761904761905,2918051.8,1790087.8,1.2441959550810853,1.6301165786393261,26.7,20.4,26.7,20.4,0.23595505617093804,25.880000000000003,23.515,0.08857677902289983,0.0,95.09717909194956,90.01280477895673,0,1.231599654169301,0.9195163433972089,0.31208331077209217,0,28.0,20.0,14.0,6.0,68.0,0.0,68.0,TEST,🟠 試單,小倉測試,趨勢轉強｜量能回溫｜結構尚可｜指標初轉強
2026-09-30,2404,1290.0,3585103,1290.0,1290.0,1290.0,0.05737704918032782,0.1415929203539823,0.270935960591133,0.21698113207547176,0.0,0.04199815483094149,1237.0,1154.0,1102.5,1100.4761904761904,3251401.0,1860242.95,1.927223000630105,1.74783675433362,1290.0,1005.0,1290.0,1005.0,0.22093023255796826,1237.0,1102.5,0.10426356589139205,0.0,90.48128361169088,83.49847797555205,0,49.437681663618605,23.80587154461429,25.631810119004314,0,28.0,20.0,14.0,6.0,68.0,0.0,68.0,TEST,🟠 試單,小倉測試,趨勢轉強｜量能回溫｜結構尚可｜指標初轉強
2026-09-30,3035,210.5,5825258,210.5,210.5,210.5,0.0023809523809523725,0.10209424083769636,0.22028985507246368,0.20285714285714285,0.0,0.028308824690532666,206.8,193.8,185.85,185.33333333333334,8113160.2,4411569.85,1.3204501340945558,1.8390642052284403,210.5,169.5,210.5,169.5,0.1947743467924239,206.8,185.85,0.09952494061710448,0.0,97.01468469536573,89.03813598949976,0,8.244101081019977,4.60259559345578,3.6415054875641975,0,28.0,20.0,14.0,6.0,68.0,0.0,68.0,TEST,🟠 試單,小倉測試,趨勢轉強｜量能回溫｜結構尚可｜指標初轉強
2026-09-30,3189,970.0,23925434,970.0,970.0,970.0,0.015706806282722585,0.17291414752116085,0.21553884711779459,0.18437118437118438,0.0,0.04130129676481036,940.4,878.1,848.4,847.0,28675239.6,19700783.8,1.214440716820617,1.4555380075791706,970.0,775.0,970.0,775.0,0.2010309278348443,940.4,848.4,0.0948453608246445,0.0,95.01420680282388,87.14349676075463,0,32.4857144738362,14.821486991452291,17.664227482383907,0,28.0,20.0,14.0,6.0,68.0,0.0,68.0,TEST,🟠 試單,小倉測試,趨勢轉強｜量能回溫｜結構尚可｜指標初轉強
2026-09-30,3563,807.0,1867198,807.0,807.0,807.0,0.016372795969773257,0.22272727272727266,0.25116279069767433,0.18328445747800592,0.0,0.030151640512487456,766.8,710.9,697.6,696.8571428571429,1708750.6,738090.9,2.529766997533769,2.3150950648490554,807.0,642.0,807.0,642.0,0.20446096654249757,766.8,697.6,0.08574969021055041,0.0,90.98389197402219,74.9644128816819,0,23.051180932595912,6.97053740577068,16.08064352682523,0,28.0,20.0,14.0,6.0,68.0,0.0,68.0,TEST,🟠 試單,小倉測試,趨勢轉強｜量能回溫｜結構尚可｜指標初轉強
2026-09-30,3653,6800.0,1303905,6800.0,6800.0,6800.0,-0.013778100072516342,0.17443868739205537,0.16838487972508598,0.1352253756260433,0.0,0.04227348758594882,6571.0,6007.5,5878.0,5883.333333333333,1632395.2,1235515.75,1.05535279497651,1.3212257310358033,6920.0,5240.0,6920.0,5240.0,0.24705882352937542,6571.0,5878.0,0.10191176470586735,0.0,91.17005408635862,81.03179830250428,0,188.8329811765252,26.97848065063857,161.85450052588664,0,28.0,20.0,14.0,6.0,68.0,0.0,68.0,TEST,🟠 試單,小倉測試,趨勢轉強｜量能回溫｜結構尚可｜指標初轉強
2026-09-30,4919,138.5,13131385,138.5,138.5,138.5,0.022140221402213944,0.10358565737051784,0.2256637168141593,0.15416666666666656,0.0,0.036590216120011516,135.5,127.15,122.625,122.5,22412018.0,8543735.55,1.5369606096949004,2.6232106399875628,138.5,111.0,138.5,111.0,0.19855595667726675,135.5,122.625,0.09296028880799308,0.0,94.99757605224696,84.84514726413144,0,4.275375676960351,1.8854431296088365,2.3899325473515147,0,28.0,20.0,14.0,6.0,68.0,0.0,68.0,TEST,🟠 試單,小倉測試,趨勢轉強｜量能回溫｜結構尚可｜指標初轉強
2026-09-30,6166,133.0,2569354,133.0,133.0,133.0,-0.014814814814814836,0.05976095617529875,0.2036199095022624,0.1515151515151516,0.0,0.0329882984383299,130.7,122.4,118.775,118.61904761904762,4146061.8,2195998.0,1.1700165482846518,1.8880080036502758,135.0,109.0,135.0,109.0,0.19548872180304144,130.7,118.775,0.08966165413466408,0.0,91.91083755016344,81.85911440090145,0,4.171801263714244,1.8113208025086807,2.360480461205563,0,28.0,20.0,14.0,6.0,68.0,0.0,68.0,TEST,🟠 試單,小倉測試,趨勢轉強｜量能回溫｜結構尚可｜指標初轉強
2026-09-30,6443,28.75,13159959,28.75,28.75,28.75,0.045454545454545414,0.024955436720142554,0.2312633832976445,0.10576923076923084,0.0,0.036042323295597874,28.119999999999997,26.439999999999998,25.375,25.404761904761905,17104630.0,7428813.6,1.771475192216426,2.302471285589936,28.75,22.7,28.75,22.7,0.2104347826013762,28.119999999999997,25.375,0.09547826086624414,0.0,90.83994542110405,81.37445295153483,0,0.7114419380941435,0.1830928210781923,0.5283491170159511,0,28.0,20.0,14.0,6.0,68.0,0.0,68.0,TEST,🟠 試單,小倉測試,趨勢轉強｜量能回溫｜結構尚可｜指標初轉強
2026-09-30,6742,56.3,1743025,56.3,56.3,56.3,0.03874538745387435,0.042592592592592515,0.2373626373626374,0.2824601366742596,0.0,0.03592753366808035,54.620000000000005,52.379999999999995,48.725,48.49523809523809,2026874.4,1197954.4,1.4550011252515112,1.6919462042962559,56.3,44.0,56.3,43.9,0.2184724689126381,54.620000000000005,48.725,0.10470692717398396,0.0,94.334190676292,89.74454627220692,0,2.9269483319396628,2.070860921557739,0.8560874103819236,0,28.0,20.0,14.0,6.0,68.0,0.0,68.0,TEST,🟠 試單,小倉測試,趨勢轉強｜量能回溫｜結構尚可｜指標初轉強
2026-09-30,8046,1340.0,13649185,1340.0,1340.0,1340.0,0.055118110236220375,0.26415094339622636,0.27014218009478674,0.08943089430894302,0.0,0.045997558261055324,1245.0,1164.0,1129.5,1134.2857142857142,14282197.4,11620593.65,1.1745686503718333,1.2290419775585215,1340.0,1025.0,1340.0,1025.0,0.2350746268654962,1245.0,1129.5,0.08619402985068195,0.0,92.8991556512251,81.2301715470886,0,17.610808765276943,-13.425572539273254,31.036381304550197,0,28.0,20.0,14.0,6.0,68.0,0.0,68.0,TEST,🟠 試單,小倉測試,趨勢轉強｜量能回溫｜結構尚可｜指標初轉強
2026-09-30,8438,80.8,431834,80.8,80.8,80.8,0.010000000000000009,0.17101449275362324,0.1935007385524372,0.1269177126917711,0.0,0.026195192381901572,78.0,73.19,71.065,71.0952380952381,941358.6,352329.9,1.2256524354021578,2.6718101415746927,80.8,67.0,80.8,67.0,0.170792079205807,78.0,71.065,0.08582920791972987,0.0,94.4653467197685,85.44151010826872,0,1.926890017268292,0.45680601752772315,1.4700839997405688,0,28.0,20.0,14.0,6.0,68.0,0.0,68.0,TEST,🟠 試單,小倉測試,趨勢轉強｜量能回溫｜結構尚可｜指標初轉強
2026-09-30,5906,41.0,3000,41.0,41.0,41.0,0.0024449877750611915,0.05128205128205132,-0.013237063778579916,0.0,0.0,0.046978007653893136,41.27,39.75,41.0,41.0,5622.0,3691.3333333333335,0.8127144663172803,1.5230269098785831,42.25,37.3,42.25,37.3,0.12073170731412858,41.27,39.75,0.03707317073080317,0.0,70.9303023183927,66.46318961019027,0,0.7728302490987744,0.5020418693671359,0.2707883797316385,0,25.0,12.0,25.0,6.0,68.0,0.0,68.0,TEST,🟠 試單,小倉測試,趨勢轉強｜量能正常｜結構收斂｜指標初轉強
2026-09-30,2349,10.7,5431197,10.7,10.7,10.7,0.028846153846153744,0.028846153846153744,0.0490196078431373,-0.03603603603603611,0.0,0.013065518625898276,10.43,10.36,10.5375,10.564285714285713,1964084.4,1618115.5,3.356495256364578,1.2138097682149382,11.1,10.1,11.1,10.1,0.09345794391649927,10.5375,10.36,0.01658878504517864,0.0,84.73007807192036,66.50208093954296,0,-0.14152886233697615,-0.1756511757830996,0.03412231344612346,0,20.0,20.0,25.0,3.0,68.0,0.0,68.0,TEST,🟠 試單,小倉測試,趨勢轉強｜量能回溫｜結構收斂
2026-09-30,1714,16.5,12665645,16.5,16.5,16.5,0.04761904761904767,0.034482758620689724,0.10367892976588644,-0.023668639053254337,0.0,0.03873239623362942,15.98,15.834999999999999,16.1875,16.22142857142857,6623586.6,12315216.7,1.0284549032742558,0.5378376005352792,18.55,14.95,18.55,14.95,0.21818181816859514,16.1875,15.834999999999999,0.021363636362341655,0.0,75.20593213817511,61.299923072952495,0,-0.21863675900335622,-0.2728407625413093,0.05420400353795307,1,20.0,17.0,21.0,10.0,68.0,0.0,68.0,TEST,🟠 試單,小倉測試,趨勢轉強｜量能回溫｜結構收斂｜KD/MACD確認
2026-09-30,1470,24.15,60030,24.15,24.15,24.15,0.02985074626865658,-0.014285714285714346,0.014705882352941124,0.0,0.0,0.01735857427913612,23.95,24.065,24.1,24.1,16211.4,16381.1,3.6645890691099092,0.9896405003326401,24.85,23.45,24.85,23.45,0.05797101449035326,24.1,23.95,0.0062111801239664996,0.0,40.00879859071974,41.717166475403786,0,-0.03536512948021553,-0.004614154762612899,-0.03075097471760263,0,19.0,25.0,21.0,3.0,68.0,0.0,68.0,WATCH,🟡 觀察,觀察等待確認,趨勢轉強｜量能回溫｜結構收斂
2026-09-30,4581,48.2,12000,48.2,48.2,48.2,0.01048218029350112,-0.00515995872033026,0.022269353128314018,0.0,0.0,0.008235724946719598,48.089999999999996,48.045,48.2,48.2,3600.0,6098.421052631579,1.9677224475702304,0.5903167342710691,48.45,47.15,48.45,47.15,0.026970954356287,48.089999999999996,48.045,0.0009336099584867425,0.0,65.18897838768876,69.687678480959,0,0.13362290282373124,0.10908942254120653,0.02453348028252471,0,19.0,25.0,18.0,6.0,68.0,0.0,68.0,WATCH,🟡 觀察,觀察等待確認,趨勢轉強｜量能回溫｜結構收斂｜指標初轉強
2026-09-30,5522,61.0,666357,61.0,61.0,61.0,0.0049423393739702615,-0.008130081300813052,-0.0016366612111292644,-0.011345218800648316,0.0,0.011822652796879883,61.04,61.03000000000001,62.025,62.00952380952381,600867.0,564205.45,1.1810538164776658,1.064979078100006,64.0,60.0,64.0,60.0,0.06557377049072831,62.025,61.03000000000001,0.016311475409568506,0.0,39.630643624458216,38.72631008459466,1,-0.3263319741562185,-0.18522772373207097,-0.14110425042414754,0,12.0,25.0,21.0,10.0,68.0,0.0,68.0,TEST,🟠 試單,小倉測試,趨勢修復｜量能回溫｜結構收斂｜KD/MACD確認
2026-09-30,6936,32.0,15333,32.0,32.0,32.0,0.009463722397476282,0.0,0.012658227848101111,-0.010819165378670781,0.0,0.0067356346790776985,31.810000000000002,31.855,32.177499999999995,32.18571428571428,10791.8,14370.35,1.0669886258858645,0.7509768377248465,32.9,31.6,32.9,31.6,0.040624999998730385,32.177499999999995,31.810000000000002,0.011484374999640884,0.0,41.18362996251974,31.373696511017492,1,-0.16231467063672156,-0.13711577081196513,-0.025198899824756427,0,12.0,25.0,21.0,10.0,68.0,0.0,68.0,TEST,🟠 試單,小倉測試,趨勢修復｜量能回溫｜結構收斂｜KD/MACD確認
2026-09-30,9943,50.4,68891,50.4,50.4,50.4,0.003984063745019917,-0.0039525691699605625,-0.00982318271119842,-0.013698630136986356,0.0,0.004691273151744569,50.4,50.489999999999995,50.79,50.80476190476191,58937.8,53691.95,1.2830787483039585,1.097702728248814,51.5,50.2,51.5,50.2,0.025793650793138962,50.79,50.4,0.007738095237941716,0.0,18.488108958160346,15.529296602586324,1,-0.1932842353487203,-0.14762489347774654,-0.04565934187097376,0,12.0,25.0,21.0,10.0,68.0,0.0,68.0,TEST,🟠 試單,小倉測試,趨勢修復｜量能回溫｜結構收斂｜KD/MACD確認
2026-09-30,3311,41.05,4650953,41.05,41.05,41.05,0.07601572739187423,0.08885941644562312,0.17285714285714282,0.2669753086419753,0.0,0.03505900136990695,38.14,37.9,35.235,35.1,1364604.2,1031926.4,4.507058836754244,1.322385201115117,41.05,31.55,41.05,31.55,0.23142509134637204,38.14,35.235,0.0707673568801275,0.0,82.6226929049487,78.46698148847958,1,1.7242795283733727,1.2728940376234874,0.4513854907498853,0,28.0,4.0,22.0,13.0,67.0,0.0,67.0,TEST,🟠 試單,小倉測試,趨勢轉強｜結構收斂｜KD/MACD確認
2026-09-30,1305,12.35,1620362,12.35,12.35,12.35,0.02066115702479343,0.029166666666666563,0.037815126050420034,-0.015936254980079778,0.0,0.016195087654347823,12.129999999999999,12.055,12.165,12.183333333333334,1011793.0,1627812.6,0.9954229375052134,0.6215660205603516,12.6,11.7,12.6,11.7,0.07287449392122476,12.165,12.055,0.008906882590371867,0.0,72.24740982468353,56.36364797819006,0,-0.08385331508461036,-0.11366753841048807,0.029814223325877715,0,25.0,17.0,22.0,3.0,67.0,0.0,67.0,TEST,🟠 試單,小倉測試,趨勢轉強｜量能回溫｜結構收斂
2026-09-30,1447,6.77,2189075,6.77,6.77,6.77,0.041538461538461524,0.04314329738058542,0.05287713841368591,-0.01023391812865504,0.0,0.019315728913766164,6.4959999999999996,6.470000000000001,6.5815,6.593809523809524,1179421.2,1054771.2,2.07540270344886,1.1181772881170806,6.9,6.31,6.9,6.31,0.08714918757944633,6.5815,6.470000000000001,0.01646971934764103,0.0,59.96533574577569,41.86391905269453,0,-0.06976190671807458,-0.08940172356564946,0.019639816847574876,1,25.0,25.0,22.0,10.0,82.0,15.0,67.0,TEST,🟠 試單,小倉測試,趨勢轉強｜量能回溫｜結構收斂｜KD/MACD確認｜風險扣分15
2026-09-30,4108,11.5,171221,11.5,11.5,11.5,0.013215859030837107,0.017699115044247815,0.00877192982456143,-0.0043290043290044045,0.0,0.013207179256825907,11.48,11.41,11.37,11.378571428571428,187393.4,192010.4,0.8917277397474258,0.9759544274685071,11.65,11.1,11.65,11.1,0.04782608695236301,11.48,11.37,0.009565217390472695,0.0,53.8187216776323,61.79600820824348,0,-0.0053366197056163855,-0.028024083447678608,0.022687463742062222,0,25.0,17.0,22.0,3.0,67.0,0.0,67.0,TEST,🟠 試單,小倉測試,趨勢轉強｜量能回溫｜結構收斂
2026-09-30,5515,51.9,329036,51.9,51.9,51.9,-0.015180265654649028,0.04742684157416743,0.04954499494438824,-0.007648183556405286,0.0,0.016233339390821954,51.739999999999995,50.515,51.0675,51.12619047619048,369855.0,342651.2,0.9602651325896394,1.079392104857648,52.9,48.4,52.9,48.4,0.08670520231046812,51.739999999999995,50.515,0.02360308285118288,0.0,82.82713232441562,70.56005150297065,0,-0.10457282587523764,-0.41013992335643784,0.3055670974812002,0,25.0,17.0,22.0,3.0,67.0,0.0,67.0,TEST,🟠 試單,小倉測試,趨勢轉強｜量能回溫｜結構收斂
2026-09-30,8131,62.6,1896520,62.6,62.6,62.6,0.016233766233766156,0.014586709886547755,0.0610169491525423,-0.017268445839874413,0.0,0.01924026652561705,61.68000000000001,60.69000000000001,61.175,61.2952380952381,1597715.6,1983512.8,0.9561420526250192,0.805498003340336,63.5,57.5,63.7,57.5,0.09584664536588104,61.68000000000001,60.69000000000001,0.015814696485370292,0.0,89.81746677846292,75.80610817653019,0,-0.34149131941062905,-0.6336520004471893,0.29216068103656023,0,25.0,17.0,22.0,3.0,67.0,0.0,67.0,TEST,🟠 試單,小倉測試,趨勢轉強｜量能回溫｜結構收斂
2026-09-30,6550,17.85,1576465,17.85,17.85,17.85,0.02586206896551735,0.7903711133400202,0.7246376811594204,0.0,0.0,0.20296807406143602,12.994,11.584,17.85,17.85,1416047.4,1439064.3333333333,1.0954791689878116,0.9840056258777398,17.85,9.9,17.85,9.9,0.4453781512355531,12.994,11.584,0.07899159663423017,0.0,57.05150882905645,29.09034457794919,0,0.8873042814189613,0.15286631384557836,0.734437967573383,0,25.0,25.0,16.0,6.0,72.0,5.0,67.0,TEST,🟠 試單,小倉測試,趨勢轉強｜量能回溫｜結構收斂｜指標初轉強｜風險扣分5
2026-09-30,2892,38.65,29031962,38.65,38.65,38.65,0.0012953367875647714,-0.02767295597484276,-0.03011292346298622,0.094900849858357,0.0,0.013532164539208148,39.3,39.635,38.6175,38.45952380952381,21074432.4,30234709.45,0.9602196458348966,0.6970277797724959,40.75,35.9,40.75,35.3,0.12548512289455413,39.635,38.6175,0.026326002586640942,0.0,21.044400139503892,44.239705395596204,0,0.8642399814044595,1.007052393943157,-0.1428124125386976,0,22.0,17.0,25.0,3.0,67.0,0.0,67.0,WATCH,🟡 觀察,觀察等待確認,趨勢轉強｜量能回溫｜結構收斂
2026-09-30,1449,12.5,288196,12.5,12.5,12.5,0.012145748987854255,-0.003984063745020028,0.016260162601625883,0.004016064257028162,0.0,0.011319240256975057,12.39,12.325,12.2925,12.3,302315.2,292533.95,0.9851711228730854,1.0334362900442802,12.55,12.05,12.55,12.05,0.0399999999968,12.39,12.2925,0.007799999999376011,0.0,73.36537146934833,66.17050579030706,0,0.009008319835549727,-0.020232578091179107,0.029240897926728834,0,22.0,17.0,22.0,6.0,67.0,0.0,67.0,WATCH,🟡 觀察,觀察等待確認,趨勢轉強｜量能回溫｜結構收斂｜指標初轉強
2026-09-30,1474,10.05,80549,10.05,10.05,10.05,0.0,0.0,0.0172064777327936,0.0050000000000001155,0.0,0.00784645298705569,10.016000000000002,9.978,9.975,9.976190476190476,59729.0,83735.65,0.9619439271086931,0.7133043094548055,10.05,9.72,10.05,9.72,0.032835820892255146,10.016000000000002,9.975,0.004079601989644034,0.0,92.03142090409426,84.10096923227421,0,0.01089889250736853,-0.0016410115138104204,0.01253990402117895,0,22.0,17.0,22.0,6.0,67.0,0.0,67.0,WATCH,🟡 觀察,觀察等待確認,趨勢轉強｜量能回溫｜結構收斂｜指標初轉強
2026-09-30,2328,47.55,1592348,47.55,47.55,47.55,0.011702127659574346,-0.004188481675392763,0.04735682819383258,0.01602564102564097,0.0,0.01555400792579146,47.13,46.67999999999999,46.515,46.52857142857143,1145840.4,1612698.7,0.9873809658307526,0.7105111450762621,47.8,44.9,47.8,44.9,0.060988433226898224,47.13,46.515,0.012933753942945705,0.0,79.88308935548534,73.84884032090207,0,0.14719792965073708,-0.013113416112605667,0.16031134576334274,0,22.0,17.0,22.0,6.0,67.0,0.0,67.0,WATCH,🟡 觀察,觀察等待確認,趨勢轉強｜量能回溫｜結構收斂｜指標初轉強
2026-09-30,2369,32.15,5052431,32.15,32.15,32.15,0.01740506329113911,-0.0031007751937984773,0.10102739726027399,0.028799999999999937,0.0,0.020502146328607435,31.6,30.984999999999996,30.732499999999998,30.757142857142856,6119670.0,5467837.9,0.9240272100970658,1.1192120380891317,32.25,28.85,32.25,28.85,0.10575427682408227,31.6,30.732499999999998,0.026982892689674045,0.0,82.68677822024249,73.03911948242077,0,0.1871637608337835,-0.04237023948983124,0.22953400032361473,0,22.0,17.0,22.0,6.0,67.0,0.0,67.0,WATCH,🟡 觀察,觀察等待確認,趨勢轉強｜量能回溫｜結構收斂｜指標初轉強
2026-09-30,2412,143.5,10607859,143.5,143.5,143.5,-0.00347222222222221,-0.00692041522491349,0.007017543859649145,0.05514705882352944,0.0,0.0058373238134262,144.6,144.5,141.65,141.38095238095238,8473435.4,11759389.85,0.9020756293745971,0.7205676066603064,145.5,136.0,145.5,136.0,0.06620209059187317,144.6,141.65,0.02055749128905527,0.0,46.21251057617395,72.6899028141265,0,2.072095811802143,2.010645776400367,0.06145003540177596,0,22.0,17.0,22.0,6.0,67.0,0.0,67.0,WATCH,🟡 觀察,觀察等待確認,趨勢轉強｜量能回溫｜結構收斂｜指標初轉強
2026-09-30,2440,14.4,230906,14.4,14.4,14.4,0.0176678445229681,0.0,0.032258064516129004,0.010526315789473717,0.0,0.010138295508323245,14.330000000000002,14.235,14.217500000000001,14.21904761904762,203823.4,226234.8,1.0206475749972992,0.9009374331446759,14.45,13.8,14.45,13.8,0.045138888885754146,14.330000000000002,14.217500000000001,0.007812499999457515,0.0,84.56736557979643,77.32436934880621,0,0.024873349836322944,0.001473774862754679,0.023399574973568267,0,22.0,17.0,22.0,6.0,67.0,0.0,67.0,WATCH,🟡 觀察,觀察等待確認,趨勢轉強｜量能回溫｜結構收斂｜指標初轉強
2026-09-30,2441,125.5,4050745,125.5,125.5,125.5,0.028688524590164022,-0.015686274509803977,0.10087719298245612,0.08658008658008653,0.0,0.02296983324400349,124.7,122.45,118.85,118.69047619047619,4883801.2,4159713.35,0.9738038800197613,1.174071573946315,127.5,111.5,127.5,111.5,0.1274900398396216,124.7,118.85,0.046613545816361714,0.0,76.59194085667615,77.49892971079214,0,2.4945459765203566,1.7024068254962654,0.7921391510240912,0,22.0,17.0,22.0,6.0,67.0,0.0,67.0,WATCH,🟡 觀察,觀察等待確認,趨勢轉強｜量能回溫｜結構收斂｜指標初轉強
2026-09-30,3036,205.5,7228161,205.5,205.5,205.5,-0.009638554216867434,-0.004842615012106588,0.0703125,0.04846938775510212,0.0,0.020370139215916183,206.2,203.05,197.275,197.21428571428572,6136145.0,8551839.7,0.845217082354806,0.7175233885639833,207.5,187.0,207.5,187.0,0.09975669099708148,206.2,197.275,0.043430656934095146,0.0,93.73002942147093,92.38866504492736,0,3.286397708222495,1.9410152873769668,1.345382420845528,0,22.0,17.0,22.0,6.0,67.0,0.0,67.0,WATCH,🟡 觀察,觀察等待確認,趨勢轉強｜量能回溫｜結構收斂｜指標初轉強
2026-09-30,4916,104.0,2099007,104.0,104.0,104.0,0.024630541871921263,-0.00952380952380949,0.10756123535676254,0.04104104104104089,0.0,0.027151556218391385,103.2,101.57000000000001,99.05999999999999,99.1,2269753.0,2457840.5,0.8540045621349307,0.9234744890891005,105.5,92.3,105.5,92.3,0.12692307692185653,103.2,99.05999999999999,0.03980769230730968,0.0,80.24597969206599,74.95838773330371,0,1.2578140859481124,0.5242900388564204,0.7335240470916919,0,22.0,17.0,22.0,6.0,67.0,0.0,67.0,WATCH,🟡 觀察,觀察等待確認,趨勢轉強｜量能回溫｜結構收斂｜指標初轉強
2026-09-30,5222,106.5,134599,106.5,106.5,106.5,0.019138755980861344,0.0,0.044117647058823595,0.004716981132075526,0.0,0.012962043103807623,105.9,104.7,104.55,104.61904761904762,143995.4,152840.05,0.8806526823303129,0.9421313327233214,107.5,101.0,107.5,101.0,0.061032863849192175,105.9,104.55,0.012676056337909225,0.0,69.4239758181858,65.61748710588341,0,0.05636028111486269,-0.2540740135030547,0.3104342946179174,0,22.0,17.0,22.0,6.0,67.0,0.0,67.0,WATCH,🟡 觀察,觀察等待確認,趨勢轉強｜量能回溫｜結構收斂｜指標初轉強
2026-09-30,5876,49.15,6919056,49.15,49.15,49.15,0.0061412487205732,-0.0020304568527919065,-0.01503006012024044,0.1456876456876457,0.0,0.015742130132417778,49.18,49.410000000000004,48.292500000000004,48.035714285714285,5213908.2,8416601.0,0.8220724731990976,0.6194790747476325,49.95,44.5,49.95,42.9,0.11088504577597393,49.410000000000004,48.292500000000004,0.02273652085406436,0.0,30.58890661703301,49.3540182565362,0,1.3278079016688977,1.4765239076508339,-0.14871600598193613,0,22.0,17.0,22.0,6.0,67.0,0.0,67.0,WATCH,🟡 觀察,觀察等待確認,趨勢轉強｜量能回溫｜結構收斂｜指標初轉強
2026-09-30,6117,62.2,171113,62.2,62.2,62.2,0.008103727714748876,0.014681892332789603,0.018003273322422242,-0.01426307448494446,0.0,0.010303214572170726,61.94,61.45,62.21,62.25238095238095,153746.6,155780.2,1.0984258589987617,0.986945709403371,65.4,60.7,65.4,60.7,0.07556270096341544,62.21,61.45,0.012218649517488415,0.0,70.32064700824843,54.54891772178454,0,-0.351450209027405,-0.42372355190828437,0.07227334288087939,0,18.0,25.0,21.0,3.0,67.0,0.0,67.0,TEST,🟠 試單,小倉測試,趨勢轉強｜量能回溫｜結構收斂
2026-09-30,2520,36.5,1750284,36.5,36.5,36.5,-0.013513513513513487,-0.04823989569752285,-0.002732240437158473,0.00137174211248281,0.0,0.013868300324872573,37.0,37.160000000000004,36.8825,36.86190476190476,1207213.6,1573879.95,1.1120822779399402,0.7670302935112677,38.35,35.85,38.35,35.85,0.06849315068305499,37.160000000000004,36.8825,0.007602739725819197,0.0,31.519341625899667,46.622015262479735,0,0.1495279023149152,0.1838789906469563,-0.03435108833204109,0,15.0,25.0,21.0,6.0,67.0,0.0,67.0,WATCH,🟡 觀察,觀察等待確認,趨勢修復｜量能回溫｜結構收斂｜指標初轉強
2026-09-30,1310,9.25,6433878,9.25,9.25,9.25,0.0393258426966292,0.051136363636363535,0.06936416184971095,0.05714285714285716,0.0,0.022683216882813995,8.924000000000001,8.814,8.777,8.775714285714285,3082197.0,3143053.15,2.047015336027645,0.9806378870812283,9.25,8.45,9.25,8.45,0.08648648647713668,8.924000000000001,8.777,0.015891891890174068,0.0,78.52427774750723,64.32794485701969,0,0.061643540017831455,0.014094380326928344,0.04754915969090311,0,28.0,25.0,22.0,6.0,81.0,15.0,66.0,TEST,🟠 試單,小倉測試,趨勢轉強｜量能回溫｜結構收斂｜指標初轉強｜風險扣分15
2026-09-30,6142,9.44,1277527,9.44,9.44,9.44,0.04194260485651213,0.04194260485651213,0.0751708428246014,0.07272727272727253,0.0,0.017539741521501038,9.14,9.001000000000001,8.849,8.846666666666668,460123.8,385432.65,3.314527194310074,1.1937852177286974,9.44,8.51,9.44,8.51,0.09851694914210624,9.14,8.849,0.030826271183175224,0.0,95.31041395622935,91.36032682367795,0,0.1106605807477603,0.049927301537070756,0.06073327921068955,0,28.0,25.0,22.0,6.0,81.0,15.0,66.0,TEST,🟠 試單,小倉測試,趨勢轉強｜量能回溫｜結構收斂｜指標初轉強｜風險扣分15
2026-09-30,2545,34.45,151207,34.45,34.45,34.45,0.016224188790560534,0.0,0.042360060514372355,0.005839416058394331,0.0,0.014807612680049917,34.17,34.08,34.21,34.21190476190476,112007.8,190413.2,0.794099358657904,0.5882354794730587,35.2,33.05,35.2,33.05,0.06240928882257174,34.21,34.08,0.0037735849055509137,0.0,51.78003449844344,50.29525778288421,1,-0.019092132973668186,-0.04426237517877014,0.02517024220510195,0,22.0,9.0,25.0,10.0,66.0,0.0,66.0,TEST,🟠 試單,小倉測試,趨勢轉強｜量能正常｜結構收斂｜KD/MACD確認
2026-09-30,3296,28.4,64326,28.4,28.4,28.4,0.021582733812949506,-0.0035087719298245723,0.11372549019607847,0.18828451882845187,0.0,0.03621778593603758,28.080000000000002,27.6,25.952500000000004,25.854761904761908,103509.0,122716.0,0.5241859252257202,0.8434841422471329,28.5,23.65,28.5,23.65,0.1707746478813108,28.080000000000002,25.952500000000004,0.07491197182834809,0.0,87.06723998922591,85.12300014859495,1,1.1274812252152415,0.8943220028307431,0.23315922238449838,0,22.0,9.0,22.0,13.0,66.0,0.0,66.0,TEST,🟠 試單,小倉測試,趨勢轉強｜量能正常｜結構收斂｜KD/MACD確認
2026-09-30,7786,119.5,71350,119.5,119.5,119.5,0.00843881856540074,-0.004166666666666652,0.04824561403508776,0.02136752136752129,0.0,0.015446924433817523,118.2,118.8,117.225,117.21428571428571,75482.4,113625.75,0.6279386494698549,0.6643071662893255,120.5,114.0,120.5,114.0,0.05439330543887537,118.8,117.225,0.013179916317881363,0.0,61.439561693675806,61.278157807196294,1,0.5650242018445653,0.3563123724531073,0.20871182939145794,0,22.0,9.0,22.0,13.0,66.0,0.0,66.0,TEST,🟠 試單,小倉測試,趨勢轉強｜量能正常｜結構收斂｜KD/MACD確認
2026-09-30,2923,25.45,152576,25.45,25.45,25.45,0.06485355648535562,-0.030476190476190546,0.045174537987679564,0.051652892561983466,0.0,0.048525008755104564,25.15,25.05,25.36,25.304761904761904,117326.0,169031.05,0.9026507260056607,0.6941091592343497,27.8,23.0,27.8,23.0,0.18860510804759906,25.36,25.05,0.012180746561407387,0.0,45.78149786932772,49.86661316528534,0,0.1162920385869306,0.22772921406427107,-0.11143717547734047,0,22.0,17.0,21.0,6.0,66.0,0.0,66.0,WATCH,🟡 觀察,觀察等待確認,趨勢轉強｜量能回溫｜結構收斂｜指標初轉強
2026-09-30,3138,101.0,589688,101.0,101.0,101.0,0.02956167176350677,-0.014634146341463428,0.15296803652968038,0.05208333333333326,0.0,0.04049551567613398,99.11999999999999,99.22,95.955,95.95714285714286,701673.4,599046.9,0.9843770162236027,1.171316302613366,108.0,86.5,108.0,86.5,0.21287128712660522,99.22,95.955,0.032326732672947264,0.0,54.63189329908488,58.32551375858449,0,1.3809025019363474,0.7693424378848932,0.6115600640514542,0,22.0,17.0,21.0,6.0,66.0,0.0,66.0,WATCH,🟡 觀察,觀察等待確認,趨勢轉強｜量能回溫｜結構收斂｜指標初轉強
2026-09-30,1439,28.9,91000,28.9,28.9,28.9,0.026642984014209503,-0.015332197614991605,0.0,-0.010273972602739767,0.0,0.016648519466943634,28.32,28.439999999999998,28.827499999999997,28.845238095238095,28586.4,22347.4,4.072062074335087,1.2791823657337642,29.5,27.7,29.5,27.7,0.062283737022066334,28.827499999999997,28.32,0.01756055363261025,0.0,45.0334417731133,43.83646096778632,1,-0.19747639269600725,-0.1691759679956042,-0.02830042470040306,0,19.0,12.0,25.0,10.0,66.0,0.0,66.0,TEST,🟠 試單,小倉測試,趨勢轉強｜量能正常｜結構收斂｜KD/MACD確認
2026-09-30,1477,192.0,1246992,192.0,192.0,192.0,0.010526315789473717,0.0026109660574411553,-0.01285347043701801,-0.01285347043701801,0.0,0.009369430663556935,191.2,191.85,193.975,194.0,1124024.6,1210334.85,1.0302867838598542,0.9286889491779892,198.0,190.0,198.0,190.0,0.04166666666644966,193.975,191.2,0.014453124999924754,0.0,25.223282088853892,22.227680799700742,1,-1.0118202652042498,-0.635719892661881,-0.37610037254236883,0,18.0,17.0,21.0,10.0,66.0,0.0,66.0,TEST,🟠 試單,小倉測試,趨勢轉強｜量能回溫｜結構收斂｜KD/MACD確認
2026-09-30,8478,141.0,60602,141.0,141.0,141.0,0.014388489208633004,0.0071428571428571175,-0.007042253521126751,0.0,0.0,0.009657585444707009,139.7,140.7,141.3,141.28571428571428,64863.6,68003.95,0.891154116782909,0.9538210648057803,144.5,139.0,144.5,139.0,0.039007092198304914,141.3,139.7,0.011347517730416137,0.0,18.81975924465595,16.42785217588329,1,-0.37279561176490006,-0.16227144000913318,-0.21052417175576688,0,18.0,17.0,21.0,10.0,66.0,0.0,66.0,TEST,🟠 試單,小倉測試,趨勢轉強｜量能回溫｜結構收斂｜KD/MACD確認
2026-09-30,8442,45.6,66431,45.6,45.6,45.6,0.017857142857143016,-0.012987012987012991,0.0033003300330032292,0.0066225165562914245,0.0,0.010310415041284396,45.230000000000004,45.60000000000001,45.690000000000005,45.67142857142857,54352.2,39882.5,1.6656678994546064,1.3628082492320852,46.65,44.45,46.65,44.45,0.04824561403402961,45.690000000000005,45.230000000000004,0.010087719298024411,0.0,39.55773590190091,39.19584296236348,1,-0.05060040716373493,0.058799775058485125,-0.10940018222222006,0,15.0,20.0,21.0,10.0,66.0,0.0,66.0,TEST,🟠 試單,小倉測試,趨勢修復｜量能回溫｜結構收斂｜KD/MACD確認
2026-09-30,2355,41.8,1399726,41.8,41.8,41.8,0.004807692307692291,0.012106537530266248,0.02325581395348819,-0.04783599088838275,0.0,0.015376306894586876,41.64,41.27,41.825,41.923809523809524,1337162.2,1326820.4,1.0549476025541957,1.0077944234200793,44.2,40.4,44.2,40.4,0.09090909090691617,41.825,41.27,0.01327751196140484,0.0,86.97189259037687,69.26820893766833,0,-0.49114321826370855,-0.5974613483587796,0.10631813009507107,0,13.0,25.0,25.0,3.0,66.0,0.0,66.0,TEST,🟠 試單,小倉測試,趨勢修復｜量能回溫｜結構收斂
2026-09-30,6230,113.0,32198,113.0,113.0,113.0,0.013452914798206317,0.008928571428571397,-0.030042918454935674,0.04629629629629628,0.0,0.033705503150389574,112.0,111.45,110.55,110.42857142857143,34223.8,68517.3,0.4699251138033683,0.49949136933299326,116.5,106.0,116.5,106.0,0.09292035398147858,112.0,110.55,0.012831858406966115,0.0,70.4261255705997,58.68268183354848,0,1.0252218607247414,0.8303466726306246,0.19487518809411686,0,28.0,9.0,25.0,3.0,65.0,0.0,65.0,TEST,🟠 試單,小倉測試,趨勢轉強｜量能正常｜結構收斂
2026-09-30,6924,135.0,25372,135.0,135.0,135.0,0.0,0.011235955056179803,-0.052631578947368474,0.2053571428571428,0.0,0.040211659394931175,135.0,133.8,129.575,128.73809523809524,21373.0,47444.3,0.5347744618426126,0.4504861490210531,142.5,113.5,142.5,112.0,0.21481481481322362,135.0,129.575,0.040185185184887603,0.0,66.56587981602657,61.1780475393719,0,5.172499367197133,5.319277202530536,-0.1467778353334026,0,28.0,9.0,25.0,3.0,65.0,0.0,65.0,TEST,🟠 試單,小倉測試,趨勢轉強｜量能正常｜結構收斂
2026-09-30,1456,14.65,70560,14.65,14.65,14.65,0.0034246575342467,0.010344827586207028,0.02447552447552437,0.05395683453237421,0.0,0.02461953572028231,14.419999999999998,14.235,14.195000000000002,14.180952380952382,144272.2,200719.1,0.35153605212458433,0.7187766385959249,14.7,13.6,14.7,13.6,0.0750853242269566,14.419999999999998,14.195000000000002,0.015358361773695407,0.0,77.94662087863925,66.01377550848338,0,0.1377882093670948,0.08214343720357312,0.05564477216352168,0,28.0,9.0,22.0,6.0,65.0,0.0,65.0,TEST,🟠 試單,小倉測試,趨勢轉強｜量能正常｜結構收斂｜指標初轉強
2026-09-30,1558,112.5,71838,112.5,112.5,112.5,-0.013157894736842146,0.013513513513513598,0.04651162790697683,0.08695652173913038,0.0,0.01067363986828939,112.4,111.2,108.75,108.5,107070.0,144859.35,0.4959155208138067,0.7391307499308761,114.0,103.0,114.0,103.0,0.09777777777690864,112.4,108.75,0.0324444444441561,0.0,88.59425617496987,95.13713581015122,0,2.2087082178950084,1.8130362077106557,0.3956720101843527,0,28.0,9.0,22.0,6.0,65.0,0.0,65.0,TEST,🟠 試單,小倉測試,趨勢轉強｜量能正常｜結構收斂｜指標初轉強
2026-09-30,1736,128.5,270466,128.5,128.5,128.5,0.00390625,0.04471544715447151,0.03629032258064524,0.01984126984126977,0.0,0.019049525710413646,126.9,126.25,125.8,125.80952380952381,313164.4,412789.3,0.6552156269554452,0.7586543546550244,129.0,122.0,129.0,122.0,0.0544747081707823,126.9,125.8,0.008560311283980142,0.0,71.64237746423575,58.32220037474176,0,0.3855313065685948,0.07439974728098588,0.31113155928760894,0,28.0,9.0,22.0,6.0,65.0,0.0,65.0,TEST,🟠 試單,小倉測試,趨勢轉強｜量能正常｜結構收斂｜指標初轉強
2026-09-30,2354,65.7,8525278,65.7,65.7,65.7,0.009216589861751334,0.01232665639445285,0.015455950540958163,0.015455950540958163,0.0,0.015406008640373782,65.64000000000001,65.49000000000001,65.325,65.29523809523809,6996050.6,11627140.45,0.733222242963445,0.6017000164472941,66.3,63.7,66.3,63.7,0.039573820395135774,65.64000000000001,65.325,0.004794520547872411,0.0,55.26939228442869,57.83925896324393,0,0.19857516848540513,0.17368211945504347,0.024893049030361658,0,28.0,9.0,22.0,6.0,65.0,0.0,65.0,TEST,🟠 試單,小倉測試,趨勢轉強｜量能正常｜結構收斂｜指標初轉強
2026-09-30,2379,760.0,2067727,760.0,760.0,760.0,0.0,0.027027027027026973,0.06591865357643756,0.05409153952843271,0.0,0.022544906395427316,757.0,739.0,726.85,726.5714285714286,3313360.6,2882949.85,0.7172261425220419,1.149295260893976,761.0,692.0,761.0,692.0,0.09078947368409107,757.0,726.85,0.03967105263152672,0.0,92.88398947832809,85.86953936902125,0,9.915802137223636,4.512307472118016,5.403494665105621,0,28.0,9.0,22.0,6.0,65.0,0.0,65.0,TEST,🟠 試單,小倉測試,趨勢轉強｜量能正常｜結構收斂｜指標初轉強
2026-09-30,2395,726.0,2193924,726.0,726.0,726.0,-0.005479452054794498,0.028328611898017053,0.08358208955223878,0.07237813884785815,0.0,0.0260410438210374,716.4,704.4,691.25,690.5714285714286,2489016.0,3098914.1,0.7079654127876598,0.8031897366887321,730.0,653.0,730.0,653.0,0.10606060606045997,716.4,691.25,0.03464187327818917,0.0,92.42973333480846,86.97065389036038,0,11.112991166056304,5.917620846602167,5.1953703194541365,0,28.0,9.0,22.0,6.0,65.0,0.0,65.0,TEST,🟠 試單,小倉測試,趨勢轉強｜量能正常｜結構收斂｜指標初轉強
2026-09-30,2414,53.3,84155,53.3,53.3,53.3,0.0037664783427493465,0.007561436672967936,0.011385199240986577,0.02895752895752901,0.0,0.007903380012221179,53.1,52.89,52.67,52.62857142857143,79466.4,116467.65,0.7225611575403065,0.6823044854086032,53.3,51.7,53.3,51.7,0.030018761725515493,53.1,52.67,0.008067542213732312,0.0,84.97935978877123,78.73432209149524,0,0.30324894473260855,0.2587080396905461,0.04454090504206243,0,28.0,9.0,22.0,6.0,65.0,0.0,65.0,TEST,🟠 試單,小倉測試,趨勢轉強｜量能正常｜結構收斂｜指標初轉強
2026-09-30,2481,172.0,28472274,172.0,172.0,172.0,-0.019943019943019946,0.023809523809523725,0.08176100628930816,0.13907284768211925,0.0,0.037542042941471065,173.2,168.75,161.525,161.02380952380952,31325099.2,42112746.0,0.6760963533463241,0.7438389128080131,175.5,148.0,175.5,148.0,0.159883720929303,173.2,161.525,0.06787790697634945,0.0,88.85745143280383,90.8151401622325,0,5.720253363352981,4.25003463060145,1.4702187327515315,0,28.0,9.0,22.0,6.0,65.0,0.0,65.0,TEST,🟠 試單,小倉測試,趨勢轉強｜量能正常｜結構收斂｜指標初轉強
2026-09-30,2731,144.5,107592,144.5,144.5,144.5,0.010489510489510412,0.006968641114982521,0.03214285714285725,0.003472222222222321,0.0,0.007865295130103906,143.9,143.25,142.925,142.97619047619048,166242.0,217403.45,0.4948955501856088,0.7646704778603984,144.5,140.0,144.5,140.0,0.031141868511895213,143.9,142.925,0.006747404844243924,0.0,83.41456548170115,76.14438704554402,0,0.08250141605307704,-0.17270895587301716,0.2552103719260942,0,28.0,9.0,22.0,6.0,65.0,0.0,65.0,TEST,🟠 試單,小倉測試,趨勢轉強｜量能正常｜結構收斂｜指標初轉強
2026-09-30,3419,12.05,1020624,12.05,12.05,12.05,0.021186440677966045,0.09049773755656099,0.09545454545454546,0.008368200836820217,0.0,0.031270984908648304,11.31,11.135000000000002,11.3,11.33095238095238,484490.6,243258.5,4.195635507084011,1.9916697669351657,12.05,10.75,12.05,10.75,0.10788381741843293,11.31,11.135000000000002,0.014522821575558183,0.0,65.40202395049249,44.38615188344163,0,-0.09594780625559274,-0.19676497651669583,0.1008171702611031,0,28.0,12.0,22.0,3.0,65.0,0.0,65.0,TEST,🟠 試單,小倉測試,趨勢轉強｜量能正常｜結構收斂
2026-09-30,3694,51.5,365930,51.5,51.5,51.5,0.021825396825396748,0.007827788649706457,0.04674796747967469,0.021825396825396748,0.0,0.013090709646959103,50.58,50.27,50.160000000000004,50.171428571428564,371550.6,534402.7,0.684745791890646,0.6952633285722533,51.5,48.5,51.5,48.5,0.058252427183334905,50.58,50.160000000000004,0.008155339805666783,0.0,81.06753375044039,71.81028440585624,0,0.12167382038446561,-0.030396669118561405,0.152070489503027,0,28.0,9.0,22.0,6.0,65.0,0.0,65.0,TEST,🟠 試單,小倉測試,趨勢轉強｜量能正常｜結構收斂｜指標初轉強
2026-09-30,6136,25.05,153563,25.05,25.05,25.05,0.004008016032064132,0.014170040485830038,0.0121212121212122,0.022448979591836782,0.0,0.010122230667035477,24.910000000000004,24.835,24.7225,24.711904761904766,136926.0,212079.25,0.7240830962953674,0.6456360063513963,25.05,24.05,25.05,24.05,0.0399201596790451,24.910000000000004,24.7225,0.007485029939821098,0.0,92.44297349193613,85.3227130363376,0,0.10882647495060738,0.07884767593425421,0.02997879901635317,0,28.0,9.0,22.0,6.0,65.0,0.0,65.0,TEST,🟠 試單,小倉測試,趨勢轉強｜量能正常｜結構收斂｜指標初轉強
2026-09-30,6835,31.2,8299,31.2,31.2,31.2,0.009708737864077666,0.003215434083601254,0.03654485049833878,0.006451612903225712,0.0,0.010691931448731495,31.27,31.02,30.9575,30.95952380952381,25454.4,21347.6,0.3887556446626137,1.1923775974816284,31.75,30.1,31.75,30.1,0.05288461538292032,31.27,30.9575,0.010016025640704614,0.0,57.38286386997872,62.27429538907684,0,0.054317404998354135,0.006918892522232383,0.04739851247612175,0,28.0,9.0,22.0,6.0,65.0,0.0,65.0,TEST,🟠 試單,小倉測試,趨勢轉強｜量能正常｜結構收斂｜指標初轉強
2026-09-30,8021,486.0,855758,486.0,486.0,486.0,0.012499999999999956,0.0429184549356223,0.09830508474576272,0.11724137931034484,0.0,0.03981103400273376,480.2,464.85,452.225,451.4047619047619,3560224.8,6151677.5,0.13910969812705556,0.5787404817629012,486.0,413.5,486.0,413.5,0.14917695473220335,480.2,452.225,0.057561728394943217,0.0,97.32596592889874,90.69918882994571,0,11.787288106321341,7.307620539773927,4.479667566547414,0,28.0,9.0,22.0,6.0,65.0,0.0,65.0,TEST,🟠 試單,小倉測試,趨勢轉強｜量能正常｜結構收斂｜指標初轉強
2026-09-30,8045,53.9,75705,53.9,53.9,53.9,0.009363295880149725,0.0018587360594795044,0.12643678160919536,0.030592734225621365,0.0,0.02699231783410575,53.4,53.54,51.44250000000001,51.483333333333334,133181.8,232901.2,0.32505199629714093,0.5718381871797973,54.6,47.2,54.6,47.2,0.13729128014587585,53.54,51.44250000000001,0.03891465677107746,0.0,66.64429563652385,71.48014478438346,0,0.6087695509865583,0.2616402032555052,0.3471293477310531,0,28.0,9.0,22.0,6.0,65.0,0.0,65.0,TEST,🟠 試單,小倉測試,趨勢轉強｜量能正常｜結構收斂｜指標初轉強
2026-09-30,8072,27.85,99285,27.85,27.85,27.85,0.0017985611510791255,0.012727272727272698,0.05692599620493355,0.0650095602294456,0.0,0.016820521308924228,27.689999999999998,27.405,26.752500000000005,26.723809523809525,227490.2,249403.75,0.39808944332232216,0.9121362449441883,28.35,25.9,28.35,25.9,0.08797127468265822,27.689999999999998,26.752500000000005,0.03366247755713933,0.0,75.78765904230656,77.66460291842326,0,0.4461710632283946,0.3007945532706453,0.1453765099577493,0,28.0,9.0,22.0,6.0,65.0,0.0,65.0,TEST,🟠 試單,小倉測試,趨勢轉強｜量能正常｜結構收斂｜指標初轉強
2026-09-30,8476,20.1,171300,20.1,20.1,20.1,0.012594458438287104,0.030769230769230882,0.020304568527918843,0.03608247422680422,0.0,0.01368828025637067,19.69,19.66,19.5775,19.56904761904762,252069.8,240593.95,0.7119879780850653,1.0476979990560815,20.1,18.85,20.1,18.85,0.06218905472327417,19.69,19.5775,0.005597014925094711,0.0,59.53378480154596,44.15482495271368,0,0.09586034536818033,0.06439612802910896,0.03146421733907137,0,28.0,9.0,22.0,6.0,65.0,0.0,65.0,TEST,🟠 試單,小倉測試,趨勢轉強｜量能正常｜結構收斂｜指標初轉強
2026-09-30,9918,43.15,12142,43.15,43.15,43.15,0.01529411764705868,0.001160092807424462,-0.008045977011494232,0.009356725146198785,0.0,0.007505186887707229,42.809999999999995,42.93,43.075,43.05952380952381,18128.6,18625.75,0.6518932123538299,0.9733084573775029,43.5,42.5,43.5,42.5,0.023174971030749135,43.075,42.809999999999995,0.006141367323148699,0.0,37.24047899625026,30.384292653829462,1,-0.011701629032522476,0.03763309510542841,-0.04933472413795088,0,28.0,9.0,18.0,10.0,65.0,0.0,65.0,TEST,🟠 試單,小倉測試,趨勢轉強｜量能正常｜結構收斂｜KD/MACD確認
2026-09-30,3437,22.45,2199034,22.45,22.45,22.45,0.0022321428571427937,0.006726457399103047,0.2612359550561796,0.22343324250681196,0.0,0.04414163533313326,22.009999999999998,21.105,19.667499999999997,19.604761904761904,2576367.6,2414382.4,0.9108060098516289,1.0670917746915316,22.45,17.5,22.45,17.5,0.22048997771846368,22.009999999999998,19.667499999999997,0.10434298440515181,0.0,93.8547004995475,86.51202324657594,0,1.0655750698908584,0.7063604710289184,0.35921459886193996,0,28.0,17.0,14.0,6.0,65.0,0.0,65.0,TEST,🟠 試單,小倉測試,趨勢轉強｜量能回溫｜結構尚可｜指標初轉強
2026-09-30,3711,703.0,14687120,703.0,703.0,703.0,0.02328966521106257,0.0603318250377074,0.14869281045751626,0.20376712328767121,0.0,0.029268929616363362,695.0,658.7,636.1,633.6190476190476,16056693.6,17262036.95,0.8508335396652016,0.9301737475425808,703.0,588.0,703.0,584.0,0.1635846372686151,695.0,636.1,0.08378378378366458,0.0,93.2450133387803,85.20408627490269,0,26.852505707784417,18.819216669942474,8.033289037841943,0,28.0,17.0,14.0,6.0,65.0,0.0,65.0,TEST,🟠 試單,小倉測試,趨勢轉強｜量能回溫｜結構尚可｜指標初轉強
2026-09-30,6933,371.0,2429689,371.0,371.0,371.0,-0.01851851851851849,0.16850393700787403,0.21440261865793775,0.2972027972027973,0.0,0.06351440590838058,360.5,340.8,330.125,328.0238095238095,3031981.4,1863863.3,1.3035768234719782,1.6267187620465504,385.0,286.0,385.0,286.0,0.26684636118526456,360.5,330.125,0.08187331536366071,0.0,84.29232297880654,79.21898923509912,0,18.180174098481643,12.715565775360131,5.464608323121512,0,28.0,20.0,11.0,6.0,65.0,0.0,65.0,TEST,🟠 試單,小倉測試,趨勢轉強｜量能回溫｜結構尚可｜指標初轉強
2026-09-30,6243,39.5,400561,39.5,39.5,39.5,0.012820512820512775,0.02864583333333348,0.07046070460704601,-0.010025062656641603,0.0,0.029596541627119277,39.35,38.385000000000005,38.375,38.44761904761905,867317.6,445434.75,0.8992585333766598,1.9471260381009745,41.25,36.4,41.25,36.4,0.12278481012347385,39.35,38.375,0.024683544303172607,0.0,62.714799589632186,61.71651741364859,0,-0.032988896745351326,-0.320113511714958,0.2871246149696067,0,25.0,12.0,25.0,3.0,65.0,0.0,65.0,TEST,🟠 試單,小倉測試,趨勢轉強｜量能正常｜結構收斂
2026-09-30,2613,22.4,207361,22.4,22.4,22.4,0.020501138952163878,0.004484304932735439,0.013574660633484115,-0.013215859030836996,0.0,0.010361544898636629,22.229999999999997,22.17,22.355,22.371428571428574,140942.6,285604.55,0.7260423547173855,0.493488636648119,22.9,21.8,22.9,21.8,0.049107142854950485,22.355,22.17,0.008258928571059813,0.0,73.08066255640662,63.835218887357414,0,-0.11732132403421502,-0.12271836744828947,0.0053970434140744455,1,25.0,9.0,21.0,10.0,65.0,0.0,65.0,TEST,🟠 試單,小倉測試,趨勢轉強｜量能正常｜結構收斂｜KD/MACD確認
2026-09-30,3047,14.75,706314,14.75,14.75,14.75,0.013745704467353903,-0.02960526315789469,0.09259259259259256,0.07272727272727275,0.0,0.027200047198784907,14.669999999999998,14.325,13.9475,13.938095238095238,1324474.6,867428.5,0.8142619247580627,1.5268977212531045,15.2,13.25,15.2,13.25,0.13220338982154548,14.669999999999998,13.9475,0.04898305084413663,0.0,71.22319956286381,73.31351613686763,0,0.2677602541466868,0.15664802099066044,0.11111223315602636,0,22.0,12.0,25.0,6.0,65.0,0.0,65.0,WATCH,🟡 觀察,觀察等待確認,趨勢轉強｜量能正常｜結構收斂｜指標初轉強
2026-09-30,3028,62.9,562381,62.9,62.9,62.9,0.0031897926634767426,0.0015923566878981443,0.02777777777777768,-0.02782071097372496,0.0,0.012263124987200159,62.419999999999995,61.970000000000006,62.565,62.666666666666664,607923.8,695059.6,0.8091119092520975,0.8746354988838355,66.0,60.7,66.0,60.7,0.08426073131821521,62.565,61.970000000000006,0.00945945945930894,0.0,83.82417596074177,67.50058504912471,0,-0.46923001491611416,-0.6396431775591445,0.1704131626430303,0,20.0,17.0,25.0,3.0,65.0,0.0,65.0,TEST,🟠 試單,小倉測試,趨勢轉強｜量能回溫｜結構收斂
2026-09-30,3033,42.6,3088593,42.6,42.6,42.6,0.014285714285714235,0.01670644391408116,0.02898550724637694,-0.04377104377104368,0.0,0.01201507204602612,41.89,41.705,42.3725,42.476190476190474,2460620.8,3044779.9,1.0143895787015669,0.8081440632211212,44.65,40.8,44.65,40.8,0.09037558685233864,42.3725,41.705,0.01566901408413932,0.0,85.52146931520883,67.63629502932625,0,-0.5664741139840856,-0.6765502368159776,0.11007612283189194,0,20.0,17.0,25.0,3.0,65.0,0.0,65.0,TEST,🟠 試單,小倉測試,趨勢轉強｜量能回溫｜結構收斂
2026-09-30,4564,16.4,570788,16.4,16.4,16.4,0.012345679012345734,0.02499999999999991,0.047923322683705916,-0.023809523809523947,0.0,0.012550243563125469,16.139999999999997,15.985,15.997499999999999,16.035714285714285,427494.6,614555.8,0.9287814060171574,0.6956155974770708,16.65,15.65,16.8,15.65,0.06097560975237943,16.139999999999997,15.985,0.009451219511618682,0.0,92.27646008008304,78.4013100267861,0,-0.10419326386432104,-0.1864924082880693,0.08229914442374825,0,20.0,17.0,25.0,3.0,65.0,0.0,65.0,TEST,🟠 試單,小倉測試,趨勢轉強｜量能回溫｜結構收斂
2026-09-30,1783,37.25,72471,37.25,37.25,37.25,0.016371077762619368,0.020547945205479534,0.02335164835164849,-0.09915356711003631,0.0,0.01181625860607879,36.72,36.55499999999999,37.2375,37.43333333333334,45633.6,64993.7,1.1150465352795562,0.7021234365792269,39.7,36.2,41.35,36.2,0.09395973154110177,37.2375,36.55499999999999,0.018322147650514965,0.0,79.59018444582213,56.76552383001495,0,-0.9400142554102047,-1.0853365997483702,0.1453223443381655,0,20.0,25.0,17.0,3.0,65.0,0.0,65.0,TEST,🟠 試單,小倉測試,趨勢轉強｜量能回溫｜結構收斂
2026-09-30,7812,66.7,248351,66.7,66.7,66.7,-0.0389048991354467,0.0,0.0,0.0,0.0,0.03,69.36,66.7,66.7,66.7,228438.8,228438.8,1.0871664533345426,0.9999999999999957,70.9,66.7,66.7,66.7,0.06296851574118492,69.36,69.36,0.0,0.0,0.0,0.0,0,-0.27856936573867586,-0.04622135905516523,-0.23234800668351063,0,19.0,25.0,18.0,3.0,65.0,0.0,65.0,WATCH,🟡 觀察,觀察等待確認,趨勢轉強｜量能回溫｜結構收斂
2026-09-30,1203,43.7,25825,43.7,43.7,43.7,0.009237875288683695,-0.005688282138794132,0.011574074074074181,-0.009070294784580435,0.0,0.023642156184982714,43.44,43.535000000000004,43.964999999999996,43.97142857142857,19180.2,19985.8,1.2921674388815414,0.9596913808803771,45.95,42.25,45.95,42.25,0.08466819221774222,43.964999999999996,43.44,0.01201372997684176,0.0,35.211108661340404,36.472060478367666,0,-0.17523458435300654,-0.12656891445730023,-0.04866566989570631,0,12.0,25.0,25.0,3.0,65.0,0.0,65.0,WATCH,🟡 觀察,觀察等待確認,趨勢修復｜量能回溫｜結構收斂
2026-09-30,2439,77.3,1996651,77.3,77.3,77.3,-0.010243277848911658,-0.01653944020356235,0.0,-0.019035532994923887,0.0,0.012191160626785982,77.93999999999998,78.03999999999999,77.58500000000001,77.64285714285714,1265133.0,1211819.0,1.6476478748063847,1.043995019058126,79.3,74.9,79.3,74.9,0.056921086674554595,78.03999999999999,77.58500000000001,0.005886157826573065,0.0,40.57148161247208,56.64116643253623,0,-0.0804787802794209,-0.1517826606712575,0.0713038803918366,0,12.0,25.0,25.0,3.0,65.0,0.0,65.0,WATCH,🟡 觀察,觀察等待確認,趨勢修復｜量能回溫｜結構收斂
2026-09-30,3130,209.0,46556,209.0,209.0,209.0,0.0,0.0,0.0023980815347721673,-0.0023866348448687846,0.0,0.0028499833241829196,208.8,208.7,209.175,209.1904761904762,40155.6,35652.5,1.3058270808498338,1.1263053081831254,210.5,208.0,210.5,208.0,0.011961722487981045,209.175,208.7,0.0022727272727165074,0.0,55.274663044122676,46.84770760321993,0,-0.19946380850302603,-0.2043714789396849,0.004907670436658879,1,12.0,25.0,18.0,10.0,65.0,0.0,65.0,TEST,🟠 試單,小倉測試,趨勢修復｜量能回溫｜結構收斂｜KD/MACD確認
2026-09-30,7818,60.1,66255,60.1,60.1,60.1,0.0033388981636059967,-0.0016611295681063787,-0.0016611295681063787,-0.0016611295681063787,0.0,0.004970271188564602,60.040000000000006,60.05,60.245000000000005,60.24285714285714,45550.0,60559.3,1.0940516155239395,0.7521553254413319,60.8,59.9,60.8,59.9,0.014975041597088578,60.245000000000005,60.040000000000006,0.003410981697114598,0.0,35.13187105802589,28.041205904443505,1,-0.07087040619290974,-0.046422924085429945,-0.024447482107479795,0,12.0,25.0,18.0,10.0,65.0,0.0,65.0,TEST,🟠 試單,小倉測試,趨勢修復｜量能回溫｜結構收斂｜KD/MACD確認
2026-09-30,3167,887.0,4139180,887.0,887.0,887.0,-0.017718715393133966,0.10049627791563265,0.09506172839506166,0.11712846347607053,0.0,0.05137063644804909,898.6,856.6,844.0,841.6190476190476,5869843.4,5337487.2,0.7754922578549694,1.0997391056975274,949.0,730.0,949.0,730.0,0.2468996617810069,898.6,844.0,0.061555806087867496,0.0,69.18870575683673,66.20263338202822,0,23.55834634632822,16.184113516435705,7.374232829892517,0,28.0,9.0,21.0,6.0,64.0,0.0,64.0,TEST,🟠 試單,小倉測試,趨勢轉強｜量能正常｜結構收斂｜指標初轉強
2026-09-30,3715,126.5,4275577,126.5,126.5,126.5,0.016064257028112428,0.06751054852320681,0.049792531120331995,0.049792531120331995,0.0,0.04609889180177399,125.6,122.65,123.55,123.4047619047619,7054653.6,6527309.4,0.6550290078175242,1.0807904402386683,135.0,118.0,135.0,118.0,0.13438735177759378,125.6,122.65,0.02332015810258236,0.0,61.242349615994506,48.684277789322095,0,0.7674782691834281,0.4787148286391588,0.2887634405442693,0,28.0,9.0,21.0,6.0,64.0,0.0,64.0,TEST,🟠 試單,小倉測試,趨勢轉強｜量能正常｜結構收斂｜指標初轉強
2026-09-30,9910,68.8,604415,68.8,68.8,68.8,-0.004341534008682979,0.005847953216374213,0.014749262536873253,0.01624815361890697,0.0,0.016141901027466286,69.17999999999999,68.77000000000001,68.74499999999999,68.6952380952381,881482.0,1122981.8,0.5382233265044897,0.78494771687306,71.8,67.5,71.8,67.5,0.062499999999091525,69.17999999999999,68.74499999999999,0.006322674418512785,0.0,61.627476178345745,58.451596502810986,0,0.27185213282608345,0.2405309070195702,0.03132122580651325,0,28.0,9.0,21.0,6.0,64.0,0.0,64.0,TEST,🟠 試單,小倉測試,趨勢轉強｜量能正常｜結構收斂｜指標初轉強
2026-09-30,1312,15.0,15580635,15.0,15.0,15.0,0.03806228373702436,0.027397260273972712,0.03806228373702436,-0.03536977491961424,0.0,0.024117741910110502,14.669999999999998,14.675,14.6775,14.71904761904762,11991319.4,26214011.7,0.5943628612937562,0.4574393090699658,15.65,13.9,15.65,13.9,0.11666666665888889,14.6775,14.669999999999998,0.000499999999966804,0.0,59.22408136873405,52.55793840845848,1,-0.1516295215223682,-0.1991040090591628,0.04747448753679462,0,20.0,9.0,25.0,10.0,64.0,0.0,64.0,TEST,🟠 試單,小倉測試,趨勢轉強｜量能正常｜結構收斂｜KD/MACD確認
2026-09-30,1611,11.55,756518,11.55,11.55,11.55,0.017621145374449476,0.017621145374449476,0.008733624454148492,-0.0334728033472802,0.0,0.013255325341405388,11.43,11.379999999999999,11.525,11.545238095238094,618358.4,1040010.05,0.7274141245077383,0.5945696390145454,11.8,11.1,11.95,11.1,0.060606060600813416,11.525,11.379999999999999,0.012554112553025734,0.0,71.57385501824908,53.98985526643766,0,-0.11942141981013599,-0.12996390475089883,0.010542484940762847,1,20.0,9.0,25.0,10.0,64.0,0.0,64.0,TEST,🟠 試單,小倉測試,趨勢轉強｜量能正常｜結構收斂｜KD/MACD確認
2026-09-30,6216,19.95,94737,19.95,19.95,19.95,0.023076923076922995,0.01526717557251911,0.017857142857142794,-0.03389830508474578,0.0,0.011453010223118103,19.65,19.525,19.8525,19.89047619047619,67122.2,133814.75,0.7079712811928378,0.5016053910349906,20.55,19.3,20.65,19.3,0.06265664160086934,19.8525,19.525,0.016416040099427796,0.0,64.65786918772972,45.72475496124634,0,-0.23131040473072417,-0.2615879548203094,0.030277550089585215,1,20.0,9.0,25.0,10.0,64.0,0.0,64.0,TEST,🟠 試單,小倉測試,趨勢轉強｜量能正常｜結構收斂｜KD/MACD確認
2026-09-30,2368,1120.0,19360258,1120.0,1120.0,1120.0,0.0,0.0717703349282297,0.0980392156862746,-0.03862660944206009,0.0,0.04692515990577608,1105.0,1050.4,1071.95,1076.3809523809523,13285471.6,9049109.6,2.1394655226631354,1.4681523583270555,1225.0,950.0,1225.0,950.0,0.24553571428549506,1105.0,1050.4,0.04874999999995639,0.0,82.3322823343575,68.63018388646805,0,-10.812485688463994,-25.245336198573955,14.432850510109962,0,20.0,20.0,21.0,3.0,64.0,0.0,64.0,TEST,🟠 試單,小倉測試,趨勢轉強｜量能回溫｜結構收斂
2026-09-30,4169,152.0,104867,152.0,152.0,152.0,0.023569023569023573,0.0,0.06666666666666665,0.0,0.0,0.02534283270101441,149.9,149.95,149.575,149.6904761904762,72931.0,109291.8,0.9595138885076376,0.6673053239126753,158.0,142.5,158.0,142.5,0.10197368420985545,149.95,149.575,0.002467105263141664,0.0,45.322790124559454,47.37802880430161,0,-0.20636985576621214,-0.5212286525968948,0.31485879683068263,0,19.0,17.0,25.0,3.0,64.0,0.0,64.0,WATCH,🟡 觀察,觀察等待確認,趨勢轉強｜量能回溫｜結構收斂
2026-09-30,1233,28.1,17097,28.1,28.1,28.1,0.018115942028985588,-0.0035460992907800915,0.005366726296959001,-0.00881834215167554,0.0,0.007606885494578252,27.99,28.015000000000004,28.0825,28.095238095238095,15105.4,18806.3,0.9091102449710518,0.8032095627528646,28.35,27.6,28.35,27.6,0.026690391458124896,28.0825,27.99,0.0032918149465021107,0.0,52.20831024969771,50.348842377700706,1,-0.07981919999685161,-0.07375448690681613,-0.006064713090035478,0,19.0,17.0,18.0,10.0,64.0,0.0,64.0,TEST,🟠 試單,小倉測試,趨勢轉強｜量能回溫｜結構收斂｜KD/MACD確認
2026-09-30,2514,11.7,67416,11.7,11.7,11.7,0.02631578947368407,-0.008474576271186529,0.017391304347825987,0.0,0.0,0.0101907329896697,11.59,11.605,11.642500000000002,11.645238095238096,58534.6,73665.25,0.9151669206308142,0.7946026111361761,11.8,11.4,11.8,11.4,0.03418803418511217,11.642500000000002,11.59,0.004487179486796138,0.0,43.3130397872614,43.23036950547998,1,-0.028911300486415215,-0.02349012830089633,-0.005421172185518883,0,19.0,17.0,18.0,10.0,64.0,0.0,64.0,TEST,🟠 試單,小倉測試,趨勢轉強｜量能回溫｜結構收斂｜KD/MACD確認
2026-09-30,9942,114.5,39570,114.5,114.5,114.5,0.01327433628318575,0.0,0.008810572687224738,-0.012931034482758674,0.0,0.00537636297148068,114.0,114.1,114.075,114.16666666666667,52907.2,48388.85,0.817750370178237,1.093375850015012,115.0,113.0,116.0,113.0,0.01746724890814439,114.1,114.0,0.0008733624454071698,0.0,46.112084210432954,45.052565252887625,1,-0.35945053912337244,-0.4164278775572725,0.05697733843390007,0,19.0,17.0,18.0,10.0,64.0,0.0,64.0,TEST,🟠 試單,小倉測試,趨勢轉強｜量能回溫｜結構收斂｜KD/MACD確認
2026-09-30,4904,103.5,6217738,103.5,103.5,103.5,-0.009569377990430672,-0.02358490566037741,-0.02358490566037741,0.024752475247524774,0.0,0.010094129453360533,104.9,105.55,104.625,104.45238095238095,4003382.2,4753843.45,1.307939158156333,0.8421358932213048,107.0,101.0,107.0,101.0,0.057971014492193516,105.55,104.625,0.008937198067546472,0.0,20.027830838718554,42.004403888474044,0,0.8029255410340994,1.0605049987682587,-0.25757945773415925,0,15.0,25.0,21.0,3.0,64.0,0.0,64.0,WATCH,🟡 觀察,觀察等待確認,趨勢修復｜量能回溫｜結構收斂
2026-09-30,1210,52.0,1146249,52.0,52.0,52.0,0.007751937984496138,-0.00952380952380949,0.0038610038610038533,0.011673151750972721,0.0,0.006276475373137379,51.98,52.02,52.05,52.019047619047626,802536.2,1031902.2,1.1108116641286343,0.7777250596035159,52.7,51.5,52.7,51.4,0.023076923076479346,52.05,51.98,0.0013461538461279642,0.0,39.02257061456106,46.18524674284468,0,0.09892409149399839,0.14498971856501613,-0.046065627071017745,0,15.0,25.0,18.0,6.0,64.0,0.0,64.0,WATCH,🟡 觀察,觀察等待確認,趨勢修復｜量能回溫｜結構收斂｜指標初轉強
2026-09-30,9926,49.1,19672,49.1,49.1,49.1,0.006147540983606703,-0.005065856129685908,-0.008080808080808022,0.0051177072671442225,0.0,0.0044689744865947486,49.03,49.129999999999995,49.2,49.18333333333333,9163.4,11771.0,1.6712258941464895,0.7784725172032301,49.55,48.75,49.55,48.75,0.016293279022071363,49.2,49.03,0.0034623217921902114,0.0,29.769623270736762,35.06998894548802,0,0.014137064465103322,0.06643334151374357,-0.05229627704864025,0,15.0,25.0,18.0,6.0,64.0,0.0,64.0,WATCH,🟡 觀察,觀察等待確認,趨勢修復｜量能回溫｜結構收斂｜指標初轉強
2026-09-30,1437,31.85,297005,31.85,31.85,31.85,0.0,-0.034848484848484795,-0.006240249609984261,-0.004687499999999956,0.0,0.008437168577718977,32.37,32.489999999999995,32.2125,32.20238095238095,117754.2,111825.3,2.6559732010555512,1.0530193077952748,33.1,31.55,33.1,31.55,0.04866562009266358,32.489999999999995,32.2125,0.008712715855299327,0.0,31.562665557615162,56.481715784413495,0,0.08498995650925423,0.12390746482448053,-0.03891750831522631,0,12.0,25.0,21.0,6.0,64.0,0.0,64.0,WATCH,🟡 觀察,觀察等待確認,趨勢修復｜量能回溫｜結構收斂｜指標初轉強
2026-09-30,2302,45.0,2760078,45.0,45.0,45.0,-0.0066225165562913135,0.01925254813137034,0.08173076923076916,0.01925254813137034,0.0,0.030169415577838244,45.160000000000004,44.295,43.355000000000004,43.392857142857146,6304078.0,3931564.05,0.7020305315895844,1.6034529565911557,46.05,40.2,46.05,40.2,0.12999999999711098,45.160000000000004,43.355000000000004,0.04011111111021975,0.0,78.61565142606598,81.82979788551908,0,0.44111575798548586,0.08654589380562697,0.3545698641798589,0,28.0,4.0,25.0,6.0,63.0,0.0,63.0,TEST,🟠 試單,小倉測試,趨勢轉強｜結構收斂｜指標初轉強
2026-09-30,4551,174.5,5389854,174.5,174.5,174.5,-0.027855153203342642,0.10443037974683533,0.11858974358974361,0.09404388714733547,0.0,0.03661788781691973,167.6,162.25,162.95,162.78571428571428,2205449.2,1187446.15,4.539030254129837,1.8573046028234617,179.5,153.5,179.5,153.5,0.14899713466963327,167.6,162.25,0.03065902578778989,0.0,80.8241319196228,67.56178567741742,0,2.2064281546522295,0.4393726493208119,1.7670555053314176,0,28.0,4.0,25.0,6.0,63.0,0.0,63.0,TEST,🟠 試單,小倉測試,趨勢轉強｜結構收斂｜指標初轉強
2026-09-30,5234,308.5,1311283,308.5,308.5,308.5,-0.04192546583850931,0.05470085470085473,0.09203539823008855,0.04399323181049075,0.0,0.02992699963914211,303.1,296.3,294.875,294.9047619047619,487380.4,285677.2,4.590086293200842,1.7060528456593607,322.0,282.5,322.0,282.5,0.12803889789261577,303.1,294.875,0.026661264181437154,0.0,78.42554568161455,73.85334997439708,0,2.6704239854338425,0.17130107133403677,2.499122914099806,0,28.0,4.0,25.0,6.0,63.0,0.0,63.0,TEST,🟠 試單,小倉測試,趨勢轉強｜結構收斂｜指標初轉強
2026-09-30,7749,391.0,200702,391.0,391.0,391.0,0.012953367875647714,0.03576158940397356,0.15339233038348077,0.08011049723756902,0.0,0.02526773123629584,390.9,376.2,367.175,366.92857142857144,320115.8,257832.65,0.778419645456071,1.2415642471967718,402.0,339.0,402.0,339.0,0.16112531969268254,390.9,367.175,0.06067774936045854,0.0,80.38884526724455,81.2048882659088,0,7.636489012240645,3.5201395282654246,4.11634948397522,0,28.0,4.0,25.0,6.0,63.0,0.0,63.0,TEST,🟠 試單,小倉測試,趨勢轉強｜結構收斂｜指標初轉強
2026-09-30,1444,7.12,3209953,7.12,7.12,7.12,0.025936599423631135,0.027417027417027562,0.05794947994056465,0.004231311706629048,0.0,0.017939474191218142,6.928,6.8740000000000006,6.9365,6.943809523809524,1263307.6,1569486.65,2.0452247873532396,0.8049177098766653,7.2,6.66,7.2,6.66,0.07584269661856143,6.9365,6.8740000000000006,0.008778089886407447,0.0,75.1981197581542,59.492163355996595,0,-0.0294151670910745,-0.05302022350724122,0.02360505641616672,0,28.0,25.0,22.0,3.0,78.0,15.0,63.0,TEST,🟠 試單,小倉測試,趨勢轉強｜量能回溫｜結構收斂｜風險扣分15
2026-09-30,2007,7.0,300167,7.0,7.0,7.0,0.014492753623188248,0.013024602026049159,0.035502958579881616,0.0014306151645206988,0.0,0.009781383818451844,6.925999999999999,6.8629999999999995,6.889999999999999,6.894761904761904,178495.6,183565.55,1.635203337445389,0.9723807108686736,7.0,6.65,7.0,6.65,0.04999999999285709,6.925999999999999,6.8629999999999995,0.008999999998714247,0.0,85.63761694616474,74.54613385994597,0,-0.01016012468904659,-0.027391605489186805,0.017231480800140215,0,28.0,25.0,22.0,3.0,78.0,15.0,63.0,TEST,🟠 試單,小倉測試,趨勢轉強｜量能回溫｜結構收斂｜風險扣分15
2026-09-30,1409,24.9,14204556,24.9,24.9,24.9,0.022587268993839782,0.018404907975460016,0.022587268993839782,0.012195121951219301,0.0,0.03234443633105961,24.35,24.335,24.654999999999998,24.652380952380955,7886332.4,20217426.15,0.7025897309880863,0.390075984029253,26.85,23.9,26.85,23.9,0.11847389557757144,24.654999999999998,24.335,0.012851405621973708,0.0,56.585608676222506,35.725106489195056,0,-0.07448694096025221,-0.07475191095751349,0.00026496999726127735,1,28.0,4.0,21.0,10.0,63.0,0.0,63.0,TEST,🟠 試單,小倉測試,趨勢轉強｜結構收斂｜KD/MACD確認
2026-09-30,2913,11.15,883050,11.15,11.15,11.15,0.013636363636363669,0.009049773755656076,0.0182648401826484,0.0,0.0,0.009183020868431986,11.080000000000002,11.035,11.04,11.045238095238094,899529.4,1094657.05,0.8066910088415356,0.8217454041884618,11.15,10.9,11.15,10.9,0.02242152466166623,11.080000000000002,11.035,0.004035874439100074,0.0,72.11201910383295,62.532683226720394,0,-0.01109887246449226,-0.026282313789571878,0.015183441325079618,0,25.0,17.0,18.0,3.0,63.0,0.0,63.0,TEST,🟠 試單,小倉測試,趨勢轉強｜量能回溫｜結構收斂
2026-09-30,1789,18.95,344088,18.95,18.95,18.95,0.02156334231805923,-0.010443864229764954,0.05277777777777781,-0.0026315789473684292,0.0,0.023286379025333648,18.770000000000003,18.785,18.822499999999998,18.83095238095238,263856.6,532579.55,0.6460781304877352,0.4954313397876419,19.6,18.0,19.6,18.0,0.08443271767364478,18.822499999999998,18.770000000000003,0.002770448548666197,0.0,47.17382327035611,47.82748832656417,0,-0.04345884160005298,-0.05464318129000072,0.01118433968994774,1,19.0,9.0,25.0,10.0,63.0,0.0,63.0,TEST,🟠 試單,小倉測試,趨勢轉強｜量能正常｜結構收斂｜KD/MACD確認
2026-09-30,1402,28.25,7103613,28.25,28.25,28.25,0.018018018018018056,0.014362657091561815,0.005338078291814874,-0.003527336860670194,0.0,0.014062922773629064,27.98,27.915,28.3675,28.366666666666667,5748554.0,8506884.4,0.8350428507057176,0.6757531582302915,29.4,27.4,29.4,27.4,0.07079646017448508,28.3675,27.915,0.01601769911447727,0.0,69.28970335508109,53.19220264702758,0,-0.14278746252122687,-0.12072100068969609,-0.022066461831530784,0,18.0,17.0,25.0,3.0,63.0,0.0,63.0,TEST,🟠 試單,小倉測試,趨勢轉強｜量能回溫｜結構收斂
2026-09-30,6214,188.0,1869735,188.0,188.0,188.0,-0.005291005291005346,-0.018276762402088753,0.002666666666666595,0.02452316076294281,0.0,0.007893960933323563,189.6,190.8,188.15,187.92857142857142,2029224.8,1838557.5,1.016957587674032,1.1037048338167281,194.5,182.5,194.5,182.5,0.06382978723370304,190.8,188.15,0.014095744680776118,0.0,23.849072992004285,46.56135969144799,0,1.521335588030638,1.734495697028104,-0.21316010899746596,0,15.0,17.0,25.0,6.0,63.0,0.0,63.0,WATCH,🟡 觀察,觀察等待確認,趨勢修復｜量能回溫｜結構收斂｜指標初轉強
2026-09-30,1529,15.95,1020769,15.95,15.95,15.95,0.032362459546925626,-0.024464831804281495,0.015923566878981,-0.06725146198830423,0.0,0.02530946743230375,15.780000000000001,15.535,15.8875,15.945238095238096,952530.0,888342.2,1.1490718329040306,1.072255714070545,17.0,14.8,17.1,14.8,0.13793103447411087,15.8875,15.535,0.02210031347823817,0.0,58.09380209649287,50.83023327936791,0,-0.2964073074876783,-0.345536489784479,0.04912918229680069,0,14.0,25.0,21.0,3.0,63.0,0.0,63.0,WATCH,🟡 觀察,觀察等待確認,趨勢修復｜量能回溫｜結構收斂
2026-09-30,4441,171.5,83293,171.5,171.5,171.5,0.008823529411764675,0.0,-0.005797101449275366,0.0,0.0,0.007551111330242386,170.7,171.25,172.35,172.3095238095238,76191.6,57752.25,1.4422468388677248,1.3192836642727979,175.0,170.0,175.0,170.0,0.029154518950267324,172.35,170.7,0.00962099125358825,0.0,27.97752253315294,24.933092982744437,1,-0.347930584390042,-0.10849116088761801,-0.23943942350242398,0,12.0,20.0,21.0,10.0,63.0,0.0,63.0,TEST,🟠 試單,小倉測試,趨勢修復｜量能回溫｜結構收斂｜KD/MACD確認
2026-09-30,1615,42.95,96846,42.95,42.95,42.95,0.008215962441314506,-0.0011627906976743319,-0.009227220299884653,-0.02497162315550494,0.0,0.0049600859770444665,42.87,42.92,43.425000000000004,43.45476190476191,75629.8,73746.8,1.3132230822218547,1.0255333112758651,44.3,42.6,44.3,42.6,0.03958090803167438,43.425000000000004,42.87,0.012922002327988005,0.0,27.41832492366162,17.456577675179012,1,-0.324623927987993,-0.26954539988057324,-0.055078528107419755,0,7.0,25.0,21.0,10.0,63.0,0.0,63.0,TEST,🟠 試單,小倉測試,量能回溫｜結構收斂｜KD/MACD確認
2026-09-30,2910,23.6,33005,23.6,23.6,23.6,0.02164502164502169,-0.010482180293501009,0.006396588486140775,-0.022774327122153104,0.0,0.014270441522294074,23.54,23.520000000000003,23.6125,23.638095238095236,16424.8,14481.45,2.2791226016730173,1.1341958160266317,24.1,23.1,24.15,23.1,0.04237288135413674,23.6125,23.520000000000003,0.003919491525257546,0.0,47.9408958989942,48.28134950573839,0,-0.1330396322205054,-0.1344469989422989,0.0014073667217934793,1,7.0,25.0,21.0,10.0,63.0,0.0,63.0,TEST,🟠 試單,小倉測試,量能回溫｜結構收斂｜KD/MACD確認
2026-09-30,6757,54.0,875362,54.0,54.0,54.0,0.011235955056179803,-0.0036900369003690647,0.0018552875695732052,-0.03743315508021394,0.0,0.008713878852646304,53.839999999999996,53.660000000000004,54.36500000000001,54.44761904761905,523271.6,550076.95,1.591344629146883,0.9512698177954902,55.9,52.8,56.1,52.8,0.05740740740634434,54.36500000000001,53.660000000000004,0.013055555555313887,0.0,60.541830035821526,54.093800130147876,0,-0.5411218947417495,-0.5515603750818756,0.010438480340126066,1,7.0,25.0,21.0,10.0,63.0,0.0,63.0,TEST,🟠 試單,小倉測試,量能回溫｜結構收斂｜KD/MACD確認
2026-09-30,9939,126.0,1079093,126.0,126.0,126.0,0.012048192771084265,0.0,0.0,-0.041825095057034245,0.0,0.009451121731320193,125.1,125.6,127.575,127.76190476190476,583438.0,590795.65,1.8265080320073415,0.9875462014657673,132.5,124.5,132.5,124.5,0.06349206349155959,127.575,125.1,0.019642857142701316,0.0,22.313659143308836,12.353176443464282,1,-1.5477499703587512,-1.416046845727536,-0.13170312463121525,0,7.0,25.0,21.0,10.0,63.0,0.0,63.0,TEST,🟠 試單,小倉測試,量能回溫｜結構收斂｜KD/MACD確認
2026-09-30,3257,49.6,120801,49.6,49.6,49.6,0.006085192697768749,0.009155645981688831,0.06666666666666665,0.0010090817356207538,0.0,0.012657333872599975,49.1,48.55,48.455,48.50714285714285,114731.0,186074.4,0.6492080587119956,0.6165866986538685,50.2,46.5,50.2,46.5,0.07459677419204448,49.1,48.455,0.013004032257802401,0.0,92.18972883394176,81.31809213053023,0,-0.012992322010731527,-0.25047999639915713,0.2374876743884256,0,28.0,9.0,22.0,3.0,62.0,0.0,62.0,TEST,🟠 試單,小倉測試,趨勢轉強｜量能正常｜結構收斂
2026-09-30,2342,50.3,14272757,50.3,50.3,50.3,0.003992015968063756,0.2268292682926829,0.2670025188916876,0.2528019925280198,0.0,0.03537217427581445,47.42,43.769999999999996,41.61,41.54047619047619,20258225.4,6925639.05,2.0608577630103317,2.9251055756363735,50.3,37.7,50.3,37.7,0.250497017887664,47.42,41.61,0.11550695824820072,0.0,97.59100402093594,91.05000412610073,0,2.1465488686447287,0.8981742142427644,1.2483746544019643,0,28.0,20.0,8.0,6.0,62.0,0.0,62.0,TEST,🟠 試單,小倉測試,趨勢轉強｜量能回溫｜結構尚可｜指標初轉強
2026-09-30,3031,30.8,3719886,30.8,30.8,30.8,-0.014399999999999968,0.09608540925266906,0.3190578158458244,0.24949290060851936,0.0,0.03626590982133474,29.9,27.994999999999997,26.1,26.030952380952378,5595465.0,2715120.0,1.370063201626447,2.0608536639264554,31.25,23.0,31.25,23.0,0.2678571428484462,29.9,26.1,0.12337662337261755,0.0,94.2894280020925,88.31031961559472,0,1.5347108738124433,0.8428964638192822,0.6918144099931611,0,28.0,20.0,8.0,6.0,62.0,0.0,62.0,TEST,🟠 試單,小倉測試,趨勢轉強｜量能回溫｜結構尚可｜指標初轉強
2026-09-30,3665,2595.0,6154465,2595.0,2595.0,2595.0,0.06134969325153383,0.12826086956521743,0.32736572890025584,0.19585253456221197,0.0,0.04410494022576209,2393.0,2246.0,2146.5,2147.6190476190477,4992769.6,3480576.7,1.7682313968257037,1.4344661906172038,2595.0,1875.0,2595.0,1875.0,0.277456647398737,2393.0,2146.5,0.09499036608859537,0.0,95.76767900155807,86.39119732391404,0,78.99147219865608,18.50060026382417,60.490871934831915,0,28.0,20.0,8.0,6.0,62.0,0.0,62.0,TEST,🟠 試單,小倉測試,趨勢轉強｜量能回溫｜結構尚可｜指標初轉強
2026-09-30,6133,29.6,20089110,29.6,29.6,29.6,0.038596491228070295,0.05714285714285716,0.27311827956989254,0.27861771058315354,0.0,0.044813004858797294,27.46,26.544999999999998,25.025,24.935714285714283,8313016.2,5095736.05,3.9423372409565833,1.6313671113322283,29.6,22.1,29.6,22.1,0.2533783783698183,27.46,25.025,0.08226351351073441,0.0,87.19755260554984,79.9022809971854,0,1.2696246655368135,0.7993460610545977,0.4702786044822158,0,28.0,20.0,8.0,6.0,62.0,0.0,62.0,TEST,🟠 試單,小倉測試,趨勢轉強｜量能回溫｜結構尚可｜指標初轉強
2026-09-30,8150,114.5,78992086,114.5,114.5,114.5,0.09569377990430628,0.11165048543689315,0.3221709006928408,0.28507295173961844,0.0,0.044120699368503484,108.7,99.87,94.93,94.65238095238095,92523175.8,41288765.05,1.9131617500388283,2.240880193145908,114.5,84.4,114.5,84.4,0.262882096067573,108.7,94.93,0.12026200873257409,0.0,89.55962170377991,81.21086282306952,0,5.22423366770559,2.7511533276538724,2.473080340051718,0,28.0,20.0,8.0,6.0,62.0,0.0,62.0,TEST,🟠 試單,小倉測試,趨勢轉強｜量能回溫｜結構尚可｜指標初轉強
2026-09-30,2103,28.15,2618484,28.15,28.15,28.15,0.027372262773722733,0.012589928057553879,0.10609037328094306,-0.008802816901408494,0.0,0.02668787984359376,27.72,27.48,27.240000000000002,27.295238095238098,2693644.8,4567871.9,0.5732393677677343,0.5896935945160807,28.8,25.45,28.8,25.45,0.11900532859257536,27.72,27.240000000000002,0.01705150976848829,0.0,81.9103766210205,73.52799554335529,0,-0.0465500481436294,-0.22290012011541738,0.17635007197178798,0,25.0,9.0,25.0,3.0,62.0,0.0,62.0,TEST,🟠 試單,小倉測試,趨勢轉強｜量能正常｜結構收斂
2026-09-30,6756,98.7,76342,98.7,98.7,98.7,-0.0010121457489877805,0.017525773195876226,0.04444444444444451,-0.017910447761193993,0.0,0.014816960740532289,98.22,97.1,98.22,98.32857142857144,84513.4,119013.85,0.6414547550558137,0.7101139909346624,103.5,93.8,103.5,93.8,0.0982776089149111,98.22,97.1,0.01134751773038153,0.0,87.83334067088572,73.66264180368165,0,-0.5475620656646356,-0.8261824524559673,0.2786203867913317,0,25.0,9.0,25.0,3.0,62.0,0.0,62.0,TEST,🟠 試單,小倉測試,趨勢轉強｜量能正常｜結構收斂
2026-09-30,8261,176.0,1185324,176.0,176.0,176.0,-0.0028328611898017497,0.014409221902017322,0.05705705705705699,-0.014005602240896309,0.0,0.02960484651222583,177.1,174.35,173.725,173.95238095238096,2208159.4,2572058.3,0.4608464745919638,0.8585184091666971,182.0,162.0,182.0,162.0,0.11363636363571798,177.1,173.725,0.01917613636352741,0.0,71.79852269342683,72.00550280779312,0,-0.0955156555471035,-0.9587237418867935,0.86320808633969,0,25.0,9.0,25.0,3.0,62.0,0.0,62.0,TEST,🟠 試單,小倉測試,趨勢轉強｜量能正常｜結構收斂
2026-09-30,1341,59.9,2302,59.9,59.9,59.9,-0.0016666666666667052,0.003350083752093669,-0.0016666666666667052,0.0,0.0,0.011646158537791069,59.94,59.56999999999999,59.9,59.9,1944.4,3102.722222222222,0.741929130333339,0.6266755000087508,60.0,57.9,60.0,57.9,0.03505843071727785,59.94,59.56999999999999,0.0061769616025680735,0.0,93.00285638566017,87.09707853463087,0,0.03575859575307305,-0.02993756501105778,0.06569616076413083,0,25.0,9.0,22.0,6.0,62.0,0.0,62.0,TEST,🟠 試單,小倉測試,趨勢轉強｜量能正常｜結構收斂｜指標初轉強
2026-09-30,2397,63.0,104686,63.0,63.0,63.0,0.0,0.01941747572815533,0.055276381909547645,0.0,0.0,0.013480573524402907,62.56,61.39000000000001,61.185,61.27142857142857,158731.2,209020.2,0.5008415454582834,0.7594060286996149,63.0,59.0,63.0,59.0,0.06349206349105568,62.56,61.185,0.021825396825050393,0.0,92.4593655234759,79.96444977245588,0,0.05785484762636628,-0.32916163497366885,0.3870164826000351,0,25.0,9.0,22.0,6.0,62.0,0.0,62.0,TEST,🟠 試單,小倉測試,趨勢轉強｜量能正常｜結構收斂｜指標初轉強
2026-09-30,6655,125.0,2404,125.0,125.0,125.0,0.004016064257028162,0.016260162601626105,0.020408163265306145,0.0,0.0,0.011550681830451453,124.6,123.9,125.0,125.0,17676.0,14797.842105263158,0.16245611913542482,1.1944984866213684,125.0,114.0,125.0,114.0,0.087999999999296,124.6,123.9,0.005599999999955109,0.0,97.72965035530476,95.29810135565845,0,2.1411162419297227,1.9242499411515244,0.21686630077819835,0,25.0,9.0,22.0,6.0,62.0,0.0,62.0,TEST,🟠 試單,小倉測試,趨勢轉強｜量能正常｜結構收斂｜指標初轉強
2026-09-30,6776,52.9,64252,52.9,52.9,52.9,0.019267822736030782,0.007619047619047636,0.025193798449612448,-0.0018867924528301883,0.0,0.007193791415595198,52.36,52.23,52.364999999999995,52.39523809523809,64485.2,80709.55,0.7960891864717273,0.7989785595384833,53.1,51.6,53.1,51.6,0.028355387523093474,52.364999999999995,52.23,0.002551984877078375,0.0,70.09584264571316,62.01051744949035,1,-0.12577455354728073,-0.18752447008331102,0.06174991653603029,0,25.0,9.0,18.0,10.0,62.0,0.0,62.0,TEST,🟠 試單,小倉測試,趨勢轉強｜量能正常｜結構收斂｜KD/MACD確認
2026-09-30,1776,18.15,27010,18.15,18.15,18.15,-0.0027472527472527375,-0.013586956521739135,0.03418803418803407,0.06140350877192957,0.0,0.01033665803460366,18.139999999999997,18.205000000000002,17.7475,17.71666666666667,24348.2,49351.2,0.5473017880010913,0.4933659161276628,18.55,17.0,18.55,17.0,0.08539944903110751,18.205000000000002,17.7475,0.025206611568859314,0.0,45.70077150062849,63.923458150732415,0,0.2814506833163932,0.26033373786470027,0.02111694545169296,0,22.0,9.0,25.0,6.0,62.0,0.0,62.0,WATCH,🟡 觀察,觀察等待確認,趨勢轉強｜量能正常｜結構收斂｜指標初轉強
2026-09-30,2243,52.6,254061,52.6,52.6,52.6,0.04158415841584162,-0.025925925925925908,0.10504201680672276,0.2523809523809524,0.0,0.04770693220549004,51.44,50.465,48.519999999999996,48.20952380952381,272332.4,391038.05,0.6497091523446359,0.6964345285580248,54.0,42.9,54.0,42.0,0.21102661596556987,51.44,48.519999999999996,0.05551330798373552,0.0,64.25670009309661,66.66091811014911,0,2.202022883872715,2.010695177474222,0.19132770639849284,0,22.0,9.0,25.0,6.0,62.0,0.0,62.0,WATCH,🟡 觀察,觀察等待確認,趨勢轉強｜量能正常｜結構收斂｜指標初轉強
2026-09-30,2303,154.5,102405360,154.5,154.5,154.5,0.006514657980456029,-0.015923566878980888,0.08421052631578951,0.19767441860465107,0.0,0.03579365312846816,156.4,152.3,144.175,143.45238095238096,156472289.0,182529923.7,0.5610332701848382,0.8572418474089354,160.0,125.0,160.0,125.0,0.22653721682701272,156.4,144.175,0.07912621359172084,0.0,78.46548677935583,86.08675985440114,0,6.715822829501008,5.8138167723725385,0.9020060571284692,0,22.0,9.0,25.0,6.0,62.0,0.0,62.0,WATCH,🟡 觀察,觀察等待確認,趨勢轉強｜量能正常｜結構收斂｜指標初轉強
2026-09-30,2413,51.4,1359582,51.4,51.4,51.4,0.007843137254901933,-0.04814814814814816,0.015810276679841806,0.18981481481481466,0.0,0.044712621765229936,51.779999999999994,52.029999999999994,49.51,49.209523809523816,3790193.6,6972093.1,0.1950034201350524,0.5436234923483738,54.0,41.65,54.0,41.65,0.24027237353618153,52.029999999999994,49.51,0.04902723735313169,0.0,48.21183400090486,68.72057597903805,0,2.0497040641014763,2.1426569381637215,-0.09295287406224517,0,22.0,9.0,25.0,6.0,62.0,0.0,62.0,WATCH,🟡 觀察,觀察等待確認,趨勢轉強｜量能正常｜結構收斂｜指標初轉強
2026-09-30,2419,29.7,1515464,29.7,29.7,29.7,0.024137931034482696,-0.030995106035889064,0.11028037383177569,0.18326693227091617,0.0,0.035180808918689695,29.119999999999997,28.6,27.759999999999998,27.633333333333333,2756011.2,2730735.0,0.5549656044984224,1.0092561892677243,30.65,25.4,30.65,25.1,0.176767676761725,29.119999999999997,27.759999999999998,0.04579124578970398,0.0,65.92524361507249,67.57045408138411,0,0.9603213068432339,0.8079027973279034,0.15241850951533054,0,22.0,9.0,25.0,6.0,62.0,0.0,62.0,WATCH,🟡 觀察,觀察等待確認,趨勢轉強｜量能正常｜結構收斂｜指標初轉強
2026-09-30,2471,51.8,153886,51.8,51.8,51.8,0.00974658869395717,-0.026315789473684292,0.017681728880157177,0.025742574257425765,0.0,0.009830521492724802,51.7,52.07000000000001,51.027499999999996,51.00238095238095,278586.8,374049.3,0.4114056623017329,0.7447863156006421,53.2,49.4,53.2,49.4,0.07335907335765725,52.07000000000001,51.027499999999996,0.02012548262509432,0.0,34.84408684234554,52.667786741038746,0,0.40778345267182203,0.3677428137288165,0.040040638943005524,0,22.0,9.0,25.0,6.0,62.0,0.0,62.0,WATCH,🟡 觀察,觀察等待確認,趨勢轉強｜量能正常｜結構收斂｜指標初轉強
2026-09-30,2881,151.0,11350421,151.0,151.0,151.0,-0.0033003300330033403,-0.02265372168284785,-0.01948051948051943,0.04861111111111116,0.0,0.01604969616309564,152.0,152.05,150.15,149.85714285714286,13179696.8,16265719.9,0.6978123974703387,0.8102744225910344,154.5,143.5,154.5,143.5,0.07284768211872286,152.05,150.15,0.012582781456870352,0.0,38.95346506312591,54.96778631589625,0,1.7433347133308246,1.891653716441787,-0.14831900311096247,0,22.0,9.0,25.0,6.0,62.0,0.0,62.0,WATCH,🟡 觀察,觀察等待確認,趨勢轉強｜量能正常｜結構收斂｜指標初轉強
2026-09-30,2883,38.85,34492869,38.85,38.85,38.85,-0.0025673940949936247,-0.0395550061804697,0.0012886597938146505,0.14771048744460846,0.0,0.0167927554979395,39.080000000000005,39.21,38.0,37.80238095238095,34995822.4,47044216.95,0.7332010443846914,0.7438921225364342,40.45,34.95,40.45,33.85,0.14157014156649755,39.21,38.0,0.031145431144629483,0.0,35.421408321672324,58.47914587772948,0,1.1845373969558537,1.2394752263010909,-0.054937829345237166,0,22.0,9.0,25.0,6.0,62.0,0.0,62.0,WATCH,🟡 觀察,觀察等待確認,趨勢轉強｜量能正常｜結構收斂｜指標初轉強
2026-09-30,2890,44.25,18029307,44.25,44.25,44.25,0.007972665148063829,-0.03172866520787754,-0.012276785714285698,0.07664233576642343,0.0,0.013544274841480748,44.75,45.05,44.0125,43.87380952380953,19402133.6,26943309.95,0.6691570944125965,0.720109505328242,45.95,41.5,45.95,41.1,0.10056497174913985,45.05,44.0125,0.02344632768308583,0.0,35.31274656540931,57.240330355619314,0,0.8162573330995855,0.9164581927402192,-0.10020085964063374,0,22.0,9.0,25.0,6.0,62.0,0.0,62.0,WATCH,🟡 觀察,觀察等待確認,趨勢轉強｜量能正常｜結構收斂｜指標初轉強
2026-09-30,2915,58.8,1295830,58.8,58.8,58.8,0.00512820512820511,-0.00843170320404718,0.03703703703703698,0.050000000000000044,0.0,0.012680590161688581,59.339999999999996,58.71,57.855,57.766666666666666,1628432.8,1646038.65,0.7872415389517126,0.9893041089891779,60.1,56.6,60.1,56.0,0.05952380952279722,59.339999999999996,57.855,0.02525510204038681,0.0,74.03295593633567,78.41648662758121,0,0.7796149712397025,0.6529420473471665,0.12667292389253593,0,22.0,9.0,25.0,6.0,62.0,0.0,62.0,WATCH,🟡 觀察,觀察等待確認,趨勢轉強｜量能正常｜結構收斂｜指標初轉強
2026-09-30,3022,92.3,1114495,92.3,92.3,92.3,-0.007526881720430145,-0.0053879310344827624,0.07076566125290018,0.02214839424141757,0.0,0.03449739537798726,92.12,90.45,89.39500000000001,89.43809523809524,1232266.2,1789676.5,0.6227354496748432,0.6885413090019338,95.9,83.2,95.9,83.2,0.13759479956513984,92.12,89.39500000000001,0.029523293607480725,0.0,89.14744687083801,81.23830534218271,0,0.6985485759961847,0.043208949988249395,0.6553396260079353,0,22.0,9.0,25.0,6.0,62.0,0.0,62.0,WATCH,🟡 觀察,觀察等待確認,趨勢轉強｜量能正常｜結構收斂｜指標初轉強
2026-09-30,3026,791.0,6314086,791.0,791.0,791.0,-0.006281407035175879,0.0,0.08207934336525313,0.0660377358490567,0.0,0.05085644902179703,789.0,779.1,755.05,754.4285714285714,8679895.6,9466733.1,0.6669762349167738,0.9168839459517453,810.0,638.0,810.0,638.0,0.21744627054334079,789.0,755.05,0.04292035398224668,0.0,74.33987187514401,75.27443693928512,0,15.028765111499638,10.575401800602458,4.4533633108971795,0,22.0,9.0,25.0,6.0,62.0,0.0,62.0,WATCH,🟡 觀察,觀察等待確認,趨勢轉強｜量能正常｜結構收斂｜指標初轉強
2026-09-30,3029,120.0,1546881,120.0,120.0,120.0,0.02127659574468077,-0.008264462809917328,0.030042918454935563,0.06194690265486735,0.0,0.026149942404615822,119.4,119.7,116.025,115.88095238095238,1835613.2,3771193.45,0.4101834128928071,0.48674596632002515,125.0,109.0,125.0,109.0,0.13333333333222222,119.7,116.025,0.030624999999744766,0.0,43.21552302818775,54.42256733416233,0,1.8952268085661927,1.655063648766081,0.24016315980011171,0,22.0,9.0,25.0,6.0,62.0,0.0,62.0,WATCH,🟡 觀察,觀察等待確認,趨勢轉強｜量能正常｜結構收斂｜指標初轉強
2026-09-30,3652,34.2,54046,34.2,34.2,34.2,0.010339734121122657,-0.02005730659025773,0.03167420814479649,0.041095890410958846,0.0,0.01962366132068546,34.19,34.005,33.3675,33.34285714285714,62079.6,89258.65,0.6054987387776916,0.6955023406694959,34.9,31.8,34.9,31.8,0.09064327485115072,34.19,33.3675,0.024049707601635915,0.0,58.38342309626405,69.61911479819341,0,0.3795798618973052,0.296134403285109,0.08344545861219621,0,22.0,9.0,25.0,6.0,62.0,0.0,62.0,WATCH,🟡 觀察,觀察等待確認,趨勢轉強｜量能正常｜結構收斂｜指標初轉強
2026-09-30,3702,114.0,5939004,114.0,114.0,114.0,-0.008695652173912993,0.0,0.06542056074766345,0.14457831325301207,0.0,0.01755071842490449,114.7,112.6,108.525,108.1,8834981.2,8635893.1,0.6877116160689852,1.0230535623466666,117.5,100.5,117.5,99.6,0.14912280701623576,114.7,108.525,0.05416666666619149,0.0,82.0713970285093,87.07743612883947,0,3.733782097227504,3.141647347368702,0.5921347498588019,0,22.0,9.0,25.0,6.0,62.0,0.0,62.0,WATCH,🟡 觀察,觀察等待確認,趨勢轉強｜量能正常｜結構收斂｜指標初轉強
2026-09-30,4155,14.65,165507,14.65,14.65,14.65,0.0034246575342467,-0.016778523489932917,-0.00340136054421758,0.0068728522336769515,0.0,0.0172391112139628,14.73,14.809999999999999,14.647499999999999,14.642857142857142,197887.8,248827.7,0.6651470073468482,0.7952804289876054,15.15,14.1,15.15,14.1,0.07167235494391319,14.809999999999999,14.647499999999999,0.011092150169891296,0.0,20.316121752473798,35.722536716228056,0,0.060087656418255975,0.07104783578837082,-0.010960179370114842,0,22.0,9.0,25.0,6.0,62.0,0.0,62.0,WATCH,🟡 觀察,觀察等待確認,趨勢轉強｜量能正常｜結構收斂｜指標初轉強
2026-09-30,4736,130.0,151308,130.0,130.0,130.0,0.011673151750972721,-0.02621722846441943,0.011673151750972721,0.019607843137254832,0.0,0.010153497132770306,130.5,131.05,128.825,128.76190476190476,136605.8,215001.95,0.7037517566701107,0.6353700512948806,133.5,124.5,133.5,124.5,0.06923076923023669,131.05,128.825,0.017115384615253134,0.0,38.615774888092865,58.38301948332243,0,0.9030389049391374,0.8967721753958815,0.006266729543255911,0,22.0,9.0,25.0,6.0,62.0,0.0,62.0,WATCH,🟡 觀察,觀察等待確認,趨勢轉強｜量能正常｜結構收斂｜指標初轉強
2026-09-30,4915,63.5,1919020,63.5,63.5,63.5,0.0,-0.023076923076923106,-0.017027863777089647,0.06902356902356899,0.0,0.013782650356882987,64.08,64.6,62.904999999999994,62.73809523809524,1837001.0,3937828.6,0.48732948915044183,0.46650100514786236,65.6,59.6,65.6,59.4,0.09448818897488984,64.6,62.904999999999994,0.026692913385406417,0.0,24.46713953974504,49.841458244705166,0,1.1142836947113466,1.2154437182778128,-0.10116002356646625,0,22.0,9.0,25.0,6.0,62.0,0.0,62.0,WATCH,🟡 觀察,觀察等待確認,趨勢轉強｜量能正常｜結構收斂｜指標初轉強
2026-09-30,5244,35.6,63010,35.6,35.6,35.6,0.0028169014084507005,-0.024657534246575352,0.0626865671641792,0.03488372093023262,0.0,0.015328205884211849,35.629999999999995,35.575,35.0125,34.983333333333334,91557.8,155388.9,0.40549871966401463,0.589217119112108,36.9,33.5,36.9,33.5,0.09550561797484532,35.629999999999995,35.0125,0.017345505617490087,0.0,54.92725067110343,62.70359875135202,0,0.3513568645574736,0.2731318493005312,0.07822501525694242,0,22.0,9.0,25.0,6.0,62.0,0.0,62.0,WATCH,🟡 觀察,觀察等待確認,趨勢轉強｜量能正常｜結構收斂｜指標初轉強
2026-09-30,5269,1460.0,321237,1460.0,1460.0,1460.0,-0.01016949152542368,-0.01016949152542368,0.06959706959706957,0.024561403508772006,0.0,0.02465009955133824,1474.0,1466.5,1437.0,1436.4285714285713,322236.2,499385.75,0.643264250131285,0.6452651081854045,1495.0,1315.0,1495.0,1315.0,0.12328767123279227,1474.0,1437.0,0.0253424657534073,0.0,57.381239880244415,73.35706154190046,0,14.468692986677524,8.708497282708827,5.760195703968698,0,22.0,9.0,25.0,6.0,62.0,0.0,62.0,WATCH,🟡 觀察,觀察等待確認,趨勢轉強｜量能正常｜結構收斂｜指標初轉強
2026-09-30,5285,90.1,789941,90.1,90.1,90.1,-0.0044198895027625085,-0.017448200654307633,0.029714285714285582,0.1123456790123456,0.0,0.0364012301655795,91.24000000000001,89.72999999999999,87.67,87.35238095238095,1284625.6,1577966.75,0.5006068727367035,0.8141018180516156,93.5,81.5,93.5,81.0,0.13318534961006454,91.24000000000001,87.67,0.039622641508994284,0.0,71.8287925201787,74.47663830222544,0,2.291599389106338,2.0502275010361766,0.2413718880701614,0,22.0,9.0,25.0,6.0,62.0,0.0,62.0,WATCH,🟡 觀察,觀察等待確認,趨勢轉強｜量能正常｜結構收斂｜指標初轉強
2026-09-30,6152,15.3,947654,15.3,15.3,15.3,0.013245033112582849,-0.03164556962025311,0.00657894736842124,0.08127208480565384,0.0,0.03059466779117478,15.160000000000002,15.160000000000002,14.690000000000001,14.664285714285715,989854.0,1330270.65,0.7123768385027508,0.7440997063266782,15.8,13.45,15.8,13.45,0.15359477123179127,15.160000000000002,14.690000000000001,0.030718954246358277,0.0,46.96101254405562,55.437834101995776,0,0.29039886825789907,0.2625692986050745,0.02782956965282457,0,22.0,9.0,25.0,6.0,62.0,0.0,62.0,WATCH,🟡 觀察,觀察等待確認,趨勢轉強｜量能正常｜結構收斂｜指標初轉強
2026-09-30,6909,42.85,242662,42.85,42.85,42.85,0.021454112038140627,0.0,0.02511961722488043,0.05024509803921573,0.0,0.030723279689118723,41.93,41.84,41.325,41.3,234778.0,349824.1,0.6936686180283157,0.6711315772698317,43.9,39.6,43.9,39.6,0.10035005834071523,41.93,41.325,0.014119019836309869,0.0,68.0728484154426,55.745019949429896,0,0.3812573023644532,0.27813468413743964,0.10312261822701357,0,22.0,9.0,25.0,6.0,62.0,0.0,62.0,WATCH,🟡 觀察,觀察等待確認,趨勢轉強｜量能正常｜結構收斂｜指標初轉強
2026-09-30,7765,237.0,74827,237.0,237.0,237.0,0.0,-0.012499999999999956,-0.012499999999999956,0.06040268456375841,0.0,0.028755097287886746,239.8,238.8,230.475,230.14285714285714,129653.6,276205.4,0.2709107063076961,0.46941008394477274,243.0,215.0,243.0,215.0,0.11814345991511332,239.8,230.475,0.039345991561015495,0.0,66.93929466328474,75.63206922694297,0,4.484134733026423,3.7408735980712113,0.7432611349552114,0,22.0,9.0,25.0,6.0,62.0,0.0,62.0,WATCH,🟡 觀察,觀察等待確認,趨勢轉強｜量能正常｜結構收斂｜指標初轉強
2026-09-30,1314,9.0,85223275,9.0,9.0,9.0,0.029748283752860427,-0.019607843137254832,0.0948905109489051,0.10024449877750619,0.0,0.02849125359628694,8.870000000000001,8.771,8.466,8.452380952380953,69683037.2,46257541.7,1.8423649824002644,1.5064146221155543,9.18,8.1,9.18,8.1,0.11999999998666668,8.870000000000001,8.466,0.04488888888390142,0.0,73.84090506301403,71.59669883306553,1,0.20352418000309136,0.14747381676620303,0.056050363236888334,0,22.0,20.0,22.0,13.0,77.0,15.0,62.0,TEST,🟠 試單,小倉測試,趨勢轉強｜量能回溫｜結構收斂｜KD/MACD確認｜風險扣分15
2026-09-30,7768,299.5,84548,299.5,299.5,299.5,-0.014802631578947345,0.0,0.17221135029354206,0.027444253859348233,0.0,0.03091715711982903,298.7,285.4,280.9,281.4047619047619,118286.4,81944.45,1.0317721334391647,1.4434949529833754,304.5,252.5,304.5,252.5,0.17362270450693282,298.7,280.9,0.05943238731198858,0.0,88.81468099088366,78.74901195821059,0,3.3982571281895844,-0.8287094512737629,4.2269665794633475,0,22.0,12.0,22.0,6.0,62.0,0.0,62.0,WATCH,🟡 觀察,觀察等待確認,趨勢轉強｜量能正常｜結構收斂｜指標初轉強
2026-09-30,1906,10.9,68443,10.9,10.9,10.9,0.0092592592592593,0.004608294930875667,0.0,-0.03964757709251099,0.0,0.006883714428244971,10.790000000000001,10.81,10.97,10.988095238095237,54925.2,52714.7,1.2983664898026301,1.0419332747791217,11.3,10.7,11.35,10.7,0.05504587155458308,10.97,10.790000000000001,0.016513761466374857,0.0,49.412069965535665,28.678280790561114,0,-0.12876384244820827,-0.12587502182626026,-0.0028888206219480073,0,13.0,25.0,21.0,3.0,62.0,0.0,62.0,TEST,🟠 試單,小倉測試,趨勢修復｜量能回溫｜結構收斂
2026-09-30,3583,707.0,1276364,707.0,707.0,707.0,-0.008415147265077194,0.007122507122507171,0.03513909224011713,-0.023480662983425438,0.0,0.025845797156980727,702.6,694.0,710.75,711.3809523809524,668991.6,848904.2,1.5035430381897021,0.7880648958975573,773.0,664.0,773.0,664.0,0.15417256011293612,710.75,694.0,0.023691654879740183,0.0,80.28198461229516,65.86938255451551,0,-6.142658635847056,-7.435494232150992,1.2928355963039362,0,13.0,25.0,21.0,3.0,62.0,0.0,62.0,TEST,🟠 試單,小倉測試,趨勢修復｜量能回溫｜結構收斂
2026-09-30,4582,22.5,132010,22.5,22.5,22.5,0.013513513513513598,0.0044642857142858094,0.006711409395973034,-0.04458598726114649,0.0,0.009220584324348894,22.439999999999998,22.38,22.7575,22.795238095238094,49502.2,55395.5,2.3830455542417277,0.8936141022285042,23.75,22.15,23.75,22.15,0.07111111110795068,22.7575,22.38,0.016777777777032155,0.0,44.81040600078215,37.183143043863396,0,-0.2782463378207467,-0.27541247924896617,-0.0028338585717805342,0,13.0,25.0,21.0,3.0,62.0,0.0,62.0,TEST,🟠 試單,小倉測試,趨勢修復｜量能回溫｜結構收斂
2026-09-30,1524,26.1,231553,26.1,26.1,26.1,0.009671179883945946,-0.011363636363636243,0.009671179883945946,-0.04570383912248632,0.0,0.00722725130938299,26.04,26.02,26.307499999999997,26.357142857142858,202653.2,239410.7,0.9671789940883971,0.8464667619283481,27.2,25.75,27.35,25.75,0.05555555555342696,26.307499999999997,26.02,0.01101532567007596,0.0,41.888581708162846,39.19921382064775,1,-0.2917922919269955,-0.30541068380715997,0.013618391880164449,1,7.0,17.0,21.0,17.0,62.0,0.0,62.0,TEST,🟠 試單,小倉測試,量能回溫｜結構收斂｜KD/MACD確認
2026-09-30,3021,28.45,3337096,28.45,28.45,28.45,-0.038851351351351426,0.08380952380952378,0.2672605790645879,0.40493827160493834,0.0,0.05807745679878131,26.96,26.580000000000002,24.880000000000003,24.65952380952381,1451030.4,1104603.3,3.0210809618258403,1.3136212792411526,29.6,20.1,29.6,20.1,0.3339191564030257,26.96,24.880000000000003,0.0731107205598203,0.0,81.75685753154224,79.36124988548296,0,1.7108356012184878,1.410036856919981,0.3007987442985067,0,28.0,20.0,19.0,6.0,73.0,12.0,61.0,TEST,🟠 試單,小倉測試,趨勢轉強｜量能回溫｜結構收斂｜指標初轉強｜風險扣分12
2026-09-30,2114,89.9,16450,89.9,89.9,89.9,0.0022296544035673715,0.0022296544035673715,0.012387387387387427,0.006718924972004547,0.0,0.00443127545120193,89.84,89.47,89.39500000000001,89.39047619047619,22508.8,21273.65,0.7732570574395661,1.0580600884191917,90.0,88.6,90.0,88.6,0.015572858731751198,89.84,89.39500000000001,0.004949944382592249,0.0,86.05222627377027,77.22364895722458,0,0.1388600335360053,0.05730394726915924,0.08155608626684605,0,28.0,9.0,18.0,6.0,61.0,0.0,61.0,TEST,🟠 試單,小倉測試,趨勢轉強｜量能正常｜結構收斂｜指標初轉強
2026-09-30,2432,27.65,3000,27.65,27.65,27.65,0.0,0.007285974499089187,0.012820512820512775,0.007285974499089187,0.0,0.010660217325299166,27.419999999999998,27.359999999999996,27.4075,27.40952380952381,17027.0,21035.65,0.14261503685409566,0.8094354108382289,28.0,26.9,28.0,26.9,0.03978300180687951,27.419999999999998,27.359999999999996,0.0021699819167389617,0.0,77.55184180652486,61.25412911339954,0,0.00789779520409084,-0.018976553543890613,0.026874348747981454,0,28.0,9.0,18.0,6.0,61.0,0.0,61.0,TEST,🟠 試單,小倉測試,趨勢轉強｜量能正常｜結構收斂｜指標初轉強
2026-09-30,1727,109.0,29883184,109.0,109.0,109.0,-0.08016877637130804,0.058252427184465994,0.23582766439909286,0.09109109109109093,0.0,0.04747779987039502,113.1,106.52000000000001,98.975,99.01904761904763,27168725.0,10916311.0,2.7374800882825703,2.4888192540502003,118.5,88.2,118.5,88.2,0.2779816513735965,113.1,98.975,0.12958715596211387,0.0,82.7511745474983,84.8338697736848,0,4.2639995569444835,1.9374680282558878,2.3265315286885957,0,28.0,20.0,7.0,6.0,61.0,0.0,61.0,TEST,🟠 試單,小倉測試,趨勢轉強｜量能回溫｜指標初轉強
2026-09-30,6902,159.0,556230,159.0,159.0,159.0,-0.021538461538461506,0.02580645161290329,0.282258064516129,0.24705882352941178,0.0,0.04492190680036162,167.2,151.05,138.15,137.64285714285714,1353925.8,442749.1,1.256309724853193,3.057997859284179,176.5,121.0,176.5,121.0,0.3490566037713896,167.2,138.15,0.1827044025145741,0.0,80.50779675295766,84.97421682563954,0,10.184232984251707,6.295921206445843,3.888311777805864,0,28.0,20.0,7.0,6.0,61.0,0.0,61.0,TEST,🟠 試單,小倉測試,趨勢轉強｜量能回溫｜指標初轉強
2026-09-30,1104,26.7,320855,26.7,26.7,26.7,0.005649717514124131,0.003759398496240518,-0.005586592178770999,0.0018761726078799779,0.0,0.009477503296977096,26.660000000000004,26.689999999999998,27.0125,26.995238095238093,364093.2,568658.75,0.5642311843438608,0.6402665922224873,27.8,26.55,27.8,26.55,0.046816479398995636,27.0125,26.660000000000004,0.013202247190516605,0.0,21.910768802417472,17.695275536902326,1,-0.06488221284329043,-0.009028665552026523,-0.055853547291263905,0,21.0,9.0,21.0,10.0,61.0,0.0,61.0,TEST,🟠 試單,小倉測試,趨勢轉強｜量能正常｜結構收斂｜KD/MACD確認
2026-09-30,1717,74.0,11731553,74.0,74.0,74.0,0.020689655172413834,0.03207810320781035,0.06936416184971095,-0.10303030303030303,0.0,0.022493424582567912,72.0,71.32000000000001,73.075,73.52380952380952,6495681.2,11672167.2,1.0050878126557337,0.5565102939923615,84.7,68.1,84.7,68.1,0.224324324321293,73.075,71.32000000000001,0.023716216215895664,0.0,90.31092012344166,76.56128470283359,0,-2.104534239586755,-2.6023308511243366,0.4977966115375816,0,20.0,17.0,21.0,3.0,61.0,0.0,61.0,TEST,🟠 試單,小倉測試,趨勢轉強｜量能回溫｜結構收斂
2026-09-30,3030,279.0,975680,279.0,279.0,279.0,0.010869565217391353,0.03910614525139655,0.07722007722007729,-0.03958691910499135,0.0,0.019173136486011298,271.5,267.8,272.65,273.5,816493.2,971337.6,1.0044705362996336,0.8405864243286774,297.5,258.5,297.5,258.5,0.1397849462360581,272.65,267.8,0.01738351254474044,0.0,88.71988563965061,72.59244512858837,0,-3.7839105312937704,-5.501713943896511,1.7178034126027404,0,20.0,17.0,21.0,3.0,61.0,0.0,61.0,TEST,🟠 試單,小倉測試,趨勢轉強｜量能回溫｜結構收斂
2026-09-30,2015,64.2,269520,64.2,64.2,64.2,0.017432646592709933,-0.007727975270479082,-0.006191950464396134,0.006269592476489061,0.0,0.008637637017017271,64.03999999999999,64.22999999999999,64.41,64.38095238095238,143492.0,161566.65,1.6681660478817772,0.8881288310427872,65.0,63.1,65.0,63.1,0.02959501557586298,64.41,64.03999999999999,0.0057632398752997084,0.0,43.06619873958449,45.924226335591484,0,-0.004583864642214053,0.08987621697649044,-0.09446008161870449,0,15.0,25.0,18.0,3.0,61.0,0.0,61.0,WATCH,🟡 觀察,觀察等待確認,趨勢修復｜量能回溫｜結構收斂
2026-09-30,1517,10.5,200511,10.5,10.5,10.5,0.01449275362318847,0.004784688995215447,0.0,-0.06666666666666665,0.0,0.013002739187052732,10.370000000000001,10.415,10.6075,10.638095238095238,172521.4,247841.65,0.809028668103199,0.6960952688944707,11.15,10.3,11.25,10.3,0.08095238094467117,10.6075,10.370000000000001,0.02261904761689332,0.0,40.27822716513716,18.581368496264673,0,-0.1948129878189615,-0.1954686373381875,0.0006556495192260037,1,13.0,17.0,21.0,10.0,61.0,0.0,61.0,TEST,🟠 試單,小倉測試,趨勢修復｜量能回溫｜結構收斂｜KD/MACD確認
2026-09-30,1713,42.45,341316,42.45,42.45,42.45,0.01555023923444998,0.022891566265060392,-0.0011764705882352233,-0.03850509626274057,0.0,0.009170014460472883,41.72,41.769999999999996,42.63,42.70238095238095,159774.4,336551.7,1.0141562202775947,0.47473954224566245,45.0,41.35,45.0,41.35,0.085983510009753,42.63,41.72,0.021436984687363173,0.0,50.882837620277584,24.44673994097903,0,-0.582574175550775,-0.5859984176828807,0.0034242421321057925,1,13.0,17.0,21.0,10.0,61.0,0.0,61.0,TEST,🟠 試單,小倉測試,趨勢修復｜量能回溫｜結構收斂｜KD/MACD確認
2026-09-30,1760,54.6,105446,54.6,54.6,54.6,0.012987012987013102,0.011111111111111072,0.012987012987013102,-0.05862068965517242,0.0,0.00932636287269236,53.94,53.910000000000004,54.910000000000004,55.05714285714286,83882.8,121988.6,0.8643922464885991,0.6876281882077449,58.0,53.6,58.0,53.6,0.08058608058460463,54.910000000000004,53.910000000000004,0.018315018314682876,0.0,48.54751055708985,26.493896951362217,0,-0.9063219523433972,-0.9632009837125679,0.05687903136917072,1,13.0,17.0,21.0,10.0,61.0,0.0,61.0,TEST,🟠 試單,小倉測試,趨勢修復｜量能回溫｜結構收斂｜KD/MACD確認
2026-09-30,2433,40.45,32175,40.45,40.45,40.45,0.011249999999999982,0.0024783147459728205,-0.009791921664626613,-0.025301204819277,0.0,0.005954271879722428,40.22,40.3,40.8375,40.86904761904762,22929.2,31024.3,1.037090280844337,0.7390722756032936,41.6,40.0,41.6,40.0,0.039555006179491876,40.8375,40.22,0.015265760197397626,0.0,22.23259283285726,12.368155885950415,1,-0.33504943358124706,-0.2859088395314817,-0.04914059404976534,0,13.0,17.0,21.0,10.0,61.0,0.0,61.0,TEST,🟠 試單,小倉測試,趨勢修復｜量能回溫｜結構收斂｜KD/MACD確認
2026-09-30,4942,31.9,89065,31.9,31.9,31.9,-0.0015649452269170805,0.015923566878981,0.006309148264984188,-0.037707390648567096,0.0,0.006189711934261629,31.639999999999997,31.49,32.085,32.135714285714286,79661.0,92017.5,0.9679137120656292,0.8657157605890089,33.2,31.2,33.2,31.2,0.062695924762925,32.085,31.49,0.01865203761697023,0.0,70.88743038812002,45.28869554407281,0,-0.3639567622498667,-0.3955043784645428,0.031547616214676055,1,13.0,17.0,21.0,10.0,61.0,0.0,61.0,TEST,🟠 試單,小倉測試,趨勢修復｜量能回溫｜結構收斂｜KD/MACD確認
2026-09-30,1446,13.4,226998,13.4,13.4,13.4,0.0037453183520599342,-0.032490974729241784,0.0037453183520599342,-0.014705882352941124,0.0,0.00798364613277688,13.530000000000001,13.544999999999998,13.475,13.480952380952383,136563.8,125551.75,1.808003472671613,1.0877092513644684,13.85,13.3,13.85,13.3,0.04104477611633986,13.544999999999998,13.475,0.005223880596624972,0.0,33.94226256730066,49.08689415722042,0,-0.004626921490007874,-0.00574569524445981,0.0011187737544519367,0,12.0,25.0,21.0,3.0,61.0,0.0,61.0,WATCH,🟡 觀察,觀察等待確認,趨勢修復｜量能回溫｜結構收斂
2026-09-30,1540,19.3,174910,19.3,19.3,19.3,-0.0025839793281654533,-0.015306122448979664,0.005208333333333481,-0.01025641025641022,0.0,0.007361689214337397,19.410000000000004,19.425,19.4675,19.469047619047622,102442.4,114616.2,1.5260495462246915,0.8937863931974633,19.85,19.1,19.85,19.1,0.038860103624929525,19.4675,19.410000000000004,0.0029792746112444644,0.0,40.6302017853391,54.770255573300346,0,-0.027785181854461882,-0.019421514815359427,-0.008363667039102456,0,12.0,25.0,21.0,3.0,61.0,0.0,61.0,WATCH,🟡 觀察,觀察等待確認,趨勢修復｜量能回溫｜結構收斂
2026-09-30,2912,212.5,1661585,212.5,212.5,212.5,0.002358490566037652,-0.011627906976744207,-0.018475750577367167,-0.018475750577367167,0.0,0.005280904331892413,212.8,214.35,215.5,215.54761904761904,1718382.4,1446662.1,1.1485646855613338,1.187825685071862,218.5,212.0,218.5,212.0,0.030588235293973705,215.5,212.8,0.012705882352881332,0.0,6.757113519704122,12.117893796202834,0,-0.9926397772161977,-0.5168153631318013,-0.47582441408439635,0,12.0,25.0,21.0,3.0,61.0,0.0,61.0,WATCH,🟡 觀察,觀察等待確認,趨勢修復｜量能回溫｜結構收斂
2026-09-30,3712,20.65,663198,20.65,20.65,20.65,0.0,-0.019002375296912177,0.0024271844660193054,-0.01666666666666672,0.0,0.014339246049313819,20.68,20.695,20.825,20.833333333333332,404708.0,627624.1,1.0566802645086428,0.6448254616099021,21.6,20.55,21.6,20.55,0.05084745762465633,20.825,20.68,0.007021791767214421,0.0,21.133689760833747,24.962855755680074,0,-0.08312908843331357,-0.07543617643940864,-0.007692911993904927,0,12.0,25.0,21.0,3.0,61.0,0.0,61.0,WATCH,🟡 觀察,觀察等待確認,趨勢修復｜量能回溫｜結構收斂
2026-09-30,4938,89.8,11785297,89.8,89.8,89.8,-0.011013215859030812,-0.011013215859030812,-0.004434589800443534,-0.014270032930845167,0.0,0.01689979287362151,90.64,90.2,90.95500000000001,90.96190476190476,9787670.4,8767198.85,1.3442488532126766,1.1163965329701628,95.4,88.3,95.4,88.3,0.07906458797239359,90.95500000000001,90.2,0.008407572382979978,0.0,65.82339182023888,67.20758765620874,0,-0.21347856293007794,-0.19574597424605727,-0.017732588684020667,0,12.0,25.0,21.0,3.0,61.0,0.0,61.0,WATCH,🟡 觀察,觀察等待確認,趨勢修復｜量能回溫｜結構收斂
2026-09-30,6754,41.5,13201,41.5,41.5,41.5,0.0024154589371980784,-0.017751479289940808,-0.004796163069544446,-0.014251781472684133,0.0,0.010031610756919803,41.64,41.629999999999995,41.88,41.89047619047619,9380.8,11434.3,1.1545088024626646,0.8204087701039136,42.75,40.9,42.75,40.9,0.04457831325193791,41.88,41.629999999999995,0.006024096385397182,0.0,48.34196436088017,51.662792657768605,0,-0.13297076607991443,-0.08969560008388008,-0.04327516599603434,0,12.0,25.0,21.0,3.0,61.0,0.0,61.0,WATCH,🟡 觀察,觀察等待確認,趨勢修復｜量能回溫｜結構收斂
2026-09-30,3004,119.0,165706,119.0,119.0,119.0,0.012765957446808418,0.012765957446808418,0.030303030303030276,0.00421940928270037,0.0,0.01483830355411599,117.8,117.3,118.825,118.80952380952381,142295.0,329573.1,0.5027898211352793,0.4317555043175538,123.0,114.0,123.0,114.0,0.07563025210020478,118.825,117.3,0.012815126050312525,0.0,66.25871849437738,55.06607385386646,0,-0.3409128720768564,-0.32672084032871224,-0.014192031748144152,0,28.0,4.0,25.0,3.0,60.0,0.0,60.0,TEST,🟠 試單,小倉測試,趨勢轉強｜結構收斂
2026-09-30,2850,163.0,1404165,163.0,163.0,163.0,0.012422360248447228,0.015576323987538832,0.044871794871794934,0.02515723270440251,0.0,0.010087931414459668,159.8,158.95,158.7,158.71428571428572,534366.4,285095.0,4.9252529858468055,1.874345042880437,163.0,155.5,163.0,155.5,0.046012269938368024,159.8,158.7,0.00674846625762745,0.0,81.84393316470786,70.35476817187372,0,0.42449613322446567,-0.03395000977866301,0.4584461430031287,0,28.0,4.0,22.0,6.0,60.0,0.0,60.0,TEST,🟠 試單,小倉測試,趨勢轉強｜結構收斂｜指標初轉強
2026-09-30,2901,24.15,35495,24.15,24.15,24.15,0.014705882352941124,0.04094827586206895,0.02765957446808498,0.03205128205128216,0.0,0.022314894573609072,23.73,23.36,23.4525,23.45,286033.8,94156.35,0.37697935402125954,3.037859900049194,24.4,22.7,24.4,22.7,0.07039337473828597,23.73,23.36,0.015320910972450521,0.0,61.10681624397817,51.40062014943931,0,0.06965622297090945,-0.0063824078107914805,0.07603863078170094,0,28.0,4.0,22.0,6.0,60.0,0.0,60.0,TEST,🟠 試單,小倉測試,趨勢轉強｜結構收斂｜指標初轉強
2026-09-30,3550,25.9,8130123,25.9,25.9,25.9,-0.011450381679389388,0.05714285714285716,0.19354838709677424,0.08823529411764697,0.0,0.031521556618141024,24.76,23.835,23.3125,23.335714285714285,3064619.6,1668849.85,4.8716923215111265,1.8363662854390395,26.2,21.2,26.2,21.2,0.19305019304273938,24.76,23.3125,0.05588803088587311,0.0,88.19503282114876,79.81205148420639,0,0.423437833870981,0.03123983311379505,0.3921980007571859,0,28.0,4.0,22.0,6.0,60.0,0.0,60.0,TEST,🟠 試單,小倉測試,趨勢轉強｜結構收斂｜指標初轉強
2026-09-30,4164,27.35,266148,27.35,27.35,27.35,0.016728624535315983,0.04190476190476189,0.07889546351084809,0.06213592233009724,0.0,0.013196058211986446,26.860000000000003,26.32,26.047500000000003,26.033333333333335,482312.8,375719.75,0.7083684049081777,1.2837036115349238,27.35,25.2,27.35,25.2,0.07861060328780224,26.860000000000003,26.047500000000003,0.02970749542852989,0.0,87.30407264175165,79.92691171093371,0,0.300357716645955,0.1345487707264988,0.16580894591945622,0,28.0,4.0,22.0,6.0,60.0,0.0,60.0,TEST,🟠 試單,小倉測試,趨勢轉強｜結構收斂｜指標初轉強
2026-09-30,6838,25.8,135088,25.8,25.8,25.8,0.005847953216374435,0.07949790794979084,0.10256410256410264,0.12173913043478257,0.0,0.02715387656356877,25.419999999999998,24.585,24.229999999999997,24.17142857142857,393119.8,200392.7,0.6741163725025878,1.961747109550388,26.25,23.0,26.25,23.0,0.1259689922431795,25.419999999999998,24.229999999999997,0.04612403100596423,0.0,76.3594817605187,67.69323208655014,0,0.5752504309092608,0.367975099860259,0.20727533104900175,0,28.0,4.0,22.0,6.0,60.0,0.0,60.0,TEST,🟠 試單,小倉測試,趨勢轉強｜結構收斂｜指標初轉強
2026-09-30,9945,29.45,4088023,29.45,29.45,29.45,0.013769363166953541,0.006837606837606813,0.0574506283662477,0.059352517985611364,0.0,0.01413310262573993,29.380000000000003,29.005000000000003,28.547500000000003,28.511904761904763,7640861.4,5481910.7,0.7457295865837433,1.393831789343084,29.9,27.75,29.9,27.75,0.07300509337612882,29.380000000000003,28.547500000000003,0.028268251272384765,0.0,78.38024140967408,79.64765494396461,0,0.4048468321612795,0.2888760101755051,0.11597082198577435,0,28.0,4.0,22.0,6.0,60.0,0.0,60.0,TEST,🟠 試單,小倉測試,趨勢轉強｜結構收斂｜指標初轉強
2026-09-30,3717,27.7,31519820,27.7,27.7,27.7,-0.0053859964093357915,0.11244979919678721,0.3127962085308056,0.22295805739514352,0.0,0.03613875763912705,26.439999999999998,24.805,23.282500000000002,23.252380952380953,20206320.2,7774469.05,4.0542730053057445,2.5990611153053593,27.85,21.0,27.85,21.0,0.2472924187636357,26.439999999999998,23.282500000000002,0.11398916967097496,0.0,94.07738404188652,86.53191429847354,0,1.1739885929737781,0.5518252753677548,0.6221633176060233,0,28.0,12.0,14.0,6.0,60.0,0.0,60.0,TEST,🟠 試單,小倉測試,趨勢轉強｜量能正常｜結構尚可｜指標初轉強
2026-09-30,1340,5.24,190565,5.24,5.24,5.24,0.0057581573896352545,0.0057581573896352545,0.015503875968992276,-0.0019047619047618536,0.0,0.011435516602866692,5.2299999999999995,5.194,5.195,5.197619047619048,107002.4,99001.5,1.924869825204649,1.0808159472331118,5.25,5.07,5.25,5.07,0.03435114503161232,5.2299999999999995,5.194,0.006870229006322396,0.0,84.57152369595218,80.64974289735704,0,-0.0013574447776960596,-0.009607690146108957,0.008250245368412897,0,25.0,25.0,22.0,3.0,75.0,15.0,60.0,TEST,🟠 試單,小倉測試,趨勢轉強｜量能回溫｜結構收斂｜風險扣分15
2026-09-30,2017,9.13,971752,9.13,9.13,9.13,0.02354260089686111,0.02354260089686111,0.053056516724336866,0.0,0.0,0.011543138037905411,8.99,8.887,8.917,8.927142857142858,516077.0,473157.4,2.05376054564506,1.0907089268814119,9.15,8.62,9.15,8.62,0.058050383345230085,8.99,8.887,0.011281489593506928,0.0,90.55319442160733,80.17895340228759,0,-0.02054492758216142,-0.05501138400135699,0.03446645641919557,0,25.0,25.0,22.0,3.0,75.0,15.0,60.0,TEST,🟠 試單,小倉測試,趨勢轉強｜量能回溫｜結構收斂｜風險扣分15
2026-09-30,3006,286.0,8256303,286.0,286.0,286.0,0.0035087719298245723,0.0035087719298245723,0.0573012939001849,-0.022222222222222254,0.0,0.03771547653267258,279.7,279.8,284.425,284.8095238095238,8599848.6,16071843.85,0.5137122459038823,0.5350878642340716,312.0,264.0,312.0,264.0,0.167832167831581,284.425,279.7,0.016520979020921336,0.0,57.894403383649376,47.80635972067485,0,-2.5876167728034147,-2.619799698631965,0.032182925828550424,1,20.0,9.0,21.0,10.0,60.0,0.0,60.0,TEST,🟠 試單,小倉測試,趨勢轉強｜量能正常｜結構收斂｜KD/MACD確認
2026-09-30,2431,10.15,80852,10.15,10.15,10.15,0.015000000000000124,-0.009756097560975618,0.01907630522088355,-0.004901960784313597,0.0,0.011642163207979249,10.11,10.053,10.059500000000002,10.066190476190476,84053.8,117718.3,0.6868260924597052,0.7140249222083507,10.3,9.76,10.3,9.76,0.053201970438108266,10.11,10.053,0.005615763546244615,0.0,65.94196355863068,64.9428747880024,1,-0.013547789422561962,-0.029112288569884986,0.015564499147323024,0,19.0,9.0,22.0,10.0,60.0,0.0,60.0,TEST,🟠 試單,小倉測試,趨勢轉強｜量能正常｜結構收斂｜KD/MACD確認
2026-09-30,3168,42.8,12455,42.8,42.8,42.8,0.01542111506524324,-0.010404624277456698,0.0011695906432747094,0.0,0.0,0.011906491844714644,42.33,42.53,42.535000000000004,42.535000000000004,8145.4,14480.6,0.8601162935236896,0.562504316119459,43.5,41.8,43.5,41.8,0.039719626167296344,42.535000000000004,42.33,0.0047897196260564415,0.0,33.463591797409364,33.941923224305114,0,0.1033980762463429,0.1535125409276832,-0.050114464681340315,0,19.0,17.0,18.0,6.0,60.0,0.0,60.0,WATCH,🟡 觀察,觀察等待確認,趨勢轉強｜量能回溫｜結構收斂｜指標初轉強
2026-09-30,3679,108.0,35968,108.0,108.0,108.0,-0.004608294930875556,-0.004608294930875556,0.0,-0.004608294930875556,0.0,0.009277978203173193,108.6,108.3,107.9,107.92857142857143,37387.6,34395.5,1.0457181898794596,1.0869910308034165,109.0,105.5,109.0,105.5,0.03240740740710734,108.6,107.9,0.006481481481421362,0.0,64.68609687827052,75.48240093854054,0,0.09295759617647548,0.005836499390845429,0.08712109678563004,0,19.0,17.0,18.0,6.0,60.0,0.0,60.0,WATCH,🟡 觀察,觀察等待確認,趨勢轉強｜量能回溫｜結構收斂｜指標初轉強
2026-09-30,2880,45.35,13559866,45.35,45.35,45.35,0.010022271714922093,-0.027867095391211127,-0.02051835853131745,0.09673518742442555,0.0,0.013928494038258122,45.67,46.48,45.4,45.207142857142856,10676235.4,15057063.4,0.9005651128492955,0.7090516335343318,47.9,41.95,47.9,41.35,0.13120176405443867,46.48,45.4,0.023814773979629184,0.0,20.074273995239377,39.13530938114088,0,0.9206524582356934,1.157944692383408,-0.2372922341477146,0,15.0,17.0,25.0,3.0,60.0,0.0,60.0,WATCH,🟡 觀察,觀察等待確認,趨勢修復｜量能回溫｜結構收斂
2026-09-30,2706,12.2,41574,12.2,12.2,12.2,0.008264462809917328,0.008264462809917328,0.00411522633744843,-0.031746031746031744,0.0,0.007290748289626504,12.129999999999999,12.125,12.2425,12.25952380952381,60886.4,102373.0,0.40610317173473076,0.5947505689976791,12.55,12.1,12.6,12.1,0.036885245898616054,12.2425,12.125,0.009631147540194146,0.0,36.86664739616192,18.447474620631546,1,-0.10685020830460878,-0.11185362215260763,0.00500341384799885,1,13.0,9.0,21.0,17.0,60.0,0.0,60.0,TEST,🟠 試單,小倉測試,趨勢修復｜量能正常｜結構收斂｜KD/MACD確認
2026-09-30,2024,12.9,12230,12.9,12.9,12.9,0.0117647058823529,-0.0038610038610037423,-0.011494252873563204,0.0,0.0,0.008388713862168475,12.86,12.885,13.059999999999999,13.059999999999999,9761.8,14082.6,0.8684475878033269,0.6931816567962809,13.4,12.75,13.4,12.75,0.05038759689531882,13.059999999999999,12.86,0.015503875967790341,0.0,30.210465458987898,21.185655324364298,1,-0.1057655583927044,-0.08621848501619103,-0.019547073376513374,0,12.0,17.0,21.0,10.0,60.0,0.0,60.0,TEST,🟠 試單,小倉測試,趨勢修復｜量能回溫｜結構收斂｜KD/MACD確認
2026-09-30,1109,13.35,341349,13.35,13.35,13.35,0.003759398496240518,-0.003731343283582156,-0.003731343283582156,-0.0074349442379182396,0.0,0.0031730031410334048,13.330000000000002,13.37,13.4125,13.414285714285715,233301.8,125764.7,2.7141876854156792,1.8550658491611567,13.55,13.3,13.55,13.3,0.018726591758896884,13.4125,13.330000000000002,0.006179775280435807,0.0,21.513307392519497,18.12794156895303,1,-0.03290219077797474,-0.022204336024579364,-0.010697854753395374,0,12.0,20.0,18.0,10.0,60.0,0.0,60.0,TEST,🟠 試單,小倉測試,趨勢修復｜量能回溫｜結構收斂｜KD/MACD確認
2026-09-30,2360,2135.0,2716984,2135.0,2135.0,2135.0,-0.022883295194508046,-0.1010526315789474,-0.002336448598130869,0.08928571428571419,0.0,0.04307101059590574,2276.0,2230.0,2183.0,2172.3809523809523,2543723.8,2320920.5,1.1706493178030006,1.0959978163836284,2440.0,1975.0,2440.0,1960.0,0.21779859484767317,2276.0,2183.0,0.04355971896953463,0.0,41.72724716205194,55.68582539907558,0,61.65972183629856,68.23004547814836,-6.570323641849797,0,8.0,25.0,21.0,6.0,60.0,0.0,60.0,WATCH,🟡 觀察,觀察等待確認,量能回溫｜結構收斂｜指標初轉強
2026-09-30,2365,28.35,741030,28.35,28.35,28.35,0.008896797153024938,-0.02910958904109584,0.019784172661870603,-0.03898305084745757,0.0,0.016334300043393497,28.35,28.175,28.497500000000002,28.545238095238098,531657.0,695981.8,1.064726117838137,0.7638949754145858,30.15,27.1,30.15,27.1,0.10758377424664597,28.497500000000002,28.175,0.011375661375260172,0.0,52.479635520680304,53.900875820110414,0,-0.25962525662102465,-0.30119417214943855,0.04156891552841391,0,7.0,25.0,25.0,3.0,60.0,0.0,60.0,WATCH,🟡 觀察,觀察等待確認,量能回溫｜結構收斂
2026-09-30,8163,30.25,670760,30.25,30.25,30.25,0.0033167495854062867,-0.004934210526315708,0.0185185185185186,-0.027331189710610992,0.0,0.014011539445365113,30.110000000000003,29.93,30.272499999999997,30.31190476190476,554181.2,557916.8,1.202258114471546,0.9933043780004454,31.75,29.05,31.75,29.05,0.0892561983441568,30.272499999999997,29.93,0.011322314049212405,0.0,74.97106470948023,66.66646424740713,0,-0.22826108905350395,-0.2795346799627302,0.05127359090922623,0,7.0,25.0,25.0,3.0,60.0,0.0,60.0,WATCH,🟡 觀察,觀察等待確認,量能回溫｜結構收斂
2026-09-30,3592,237.5,1755009,237.5,237.5,237.5,0.05555555555555558,0.053215077605321515,0.06981981981981988,0.08447488584474883,0.0,0.018029464251771692,227.7,225.4,223.75,223.52380952380952,567491.8,338968.4,5.177500321563882,1.674173167764306,237.5,218.5,237.5,218.5,0.07999999999966316,227.7,223.75,0.016631578947298345,0.0,76.53891742210494,71.32848653458913,1,2.341451766243921,1.3452701876148092,0.9961815786291117,0,28.0,4.0,22.0,13.0,67.0,8.0,59.0,WATCH,🟡 觀察,觀察等待確認,趨勢轉強｜結構收斂｜KD/MACD確認｜風險扣分8
2026-09-30,2390,10.3,296395,10.3,10.3,10.3,0.009803921568627638,0.004878048780487809,0.035175879396984966,-0.009615384615384581,0.0,0.011284473207535879,10.180000000000001,10.153,10.129,10.141904761904762,225095.0,389559.7,0.7608461552876215,0.5778190095125328,10.3,9.94,10.4,9.94,0.03495145630728638,10.180000000000001,10.129,0.004951456310199075,0.0,79.87386686620354,68.47162859726578,0,-0.026154310447790152,-0.0542428286145531,0.02808851816676295,0,25.0,9.0,22.0,3.0,59.0,0.0,59.0,WATCH,🟡 觀察,觀察等待確認,趨勢轉強｜量能正常｜結構收斂
2026-09-30,2453,53.6,155714,53.6,53.6,53.6,0.0018691588785046953,-0.021897810218978075,-0.030741410488245857,0.0248565965583174,0.0,0.016969254057452022,53.64,54.2,53.29,53.24285714285714,246593.2,471631.15,0.33016055025203417,0.5228518090885207,55.5,51.8,55.5,51.8,0.06902985074498084,54.2,53.29,0.016977611939981832,0.0,19.457517846797643,38.941414764454095,0,0.40814123578842043,0.4600285335581772,-0.05188729776975676,0,22.0,9.0,25.0,3.0,59.0,0.0,59.0,WATCH,🟡 觀察,觀察等待確認,趨勢轉強｜量能正常｜結構收斂
2026-09-30,2530,20.05,541805,20.05,20.05,20.05,-0.0024875621890547706,-0.007425742574257321,-0.02669902912621358,0.0664893617021276,0.0,0.02219608497846027,20.169999999999998,20.195,20.015,19.95714285714286,438609.2,876686.45,0.618014570659783,0.5003033866897333,20.8,19.25,20.8,18.8,0.07730673316322663,20.195,20.015,0.008977556109277912,0.0,36.75448636163735,47.90539256418574,0,0.27867351468911394,0.3179730454832655,-0.03929953079415155,0,22.0,9.0,25.0,3.0,59.0,0.0,59.0,WATCH,🟡 觀察,觀察等待確認,趨勢轉強｜量能正常｜結構收斂
2026-09-30,6416,114.5,596099,114.5,114.5,114.5,-0.012931034482758674,-0.05371900826446285,-0.037815126050420145,0.12254901960784315,0.0,0.02880123684063644,115.7,117.45,111.36500000000001,110.91904761904763,522675.4,1091627.0,0.5460647272374167,0.47880402371872405,121.0,95.5,121.0,95.5,0.22270742357884096,117.45,111.36500000000001,0.05314410480302925,0.0,21.750272321862948,44.893712322917,0,3.6824806870988596,3.808129358370502,-0.12564867127164225,0,22.0,9.0,25.0,3.0,59.0,0.0,59.0,WATCH,🟡 觀察,觀察等待確認,趨勢轉強｜量能正常｜結構收斂
2026-09-30,1710,16.75,4001262,16.75,16.75,16.75,0.012084592145015005,-0.014705882352941124,0.04361370716510904,0.024464831804281273,0.0,0.021568306962583796,16.63,16.455,16.2425,16.247619047619047,4822073.4,5385039.2,0.7430330312173028,0.8954574369672182,17.0,15.65,17.0,15.65,0.08059701492056134,16.63,16.2425,0.023134328356827757,0.0,71.68580072356,68.15268109315053,0,0.1124981547205195,0.04355027705484486,0.06894787766567463,0,22.0,9.0,22.0,6.0,59.0,0.0,59.0,WATCH,🟡 觀察,觀察等待確認,趨勢轉強｜量能正常｜結構收斂｜指標初轉強
2026-09-30,2399,48.95,4266570,48.95,48.95,48.95,-0.005081300813008172,-0.010111223458038388,0.09020044543429862,0.07346491228070184,0.0,0.02616381357781208,48.010000000000005,48.025,46.91,46.84761904761905,5150750.6,5648444.75,0.7553530553697988,0.9118882857090881,49.45,44.4,49.45,44.4,0.10316649642281589,48.025,46.91,0.022778345249790066,0.0,74.53588189480506,71.57813562693815,0,0.7464343918342777,0.5404434667178721,0.2059909251164056,0,22.0,9.0,22.0,6.0,59.0,0.0,59.0,WATCH,🟡 觀察,觀察等待確認,趨勢轉強｜量能正常｜結構收斂｜指標初轉強
2026-09-30,2495,39.05,974342,39.05,39.05,39.05,0.0025673940949935137,-0.0012787723785167016,0.046916890080428875,0.01825293350717061,0.0,0.017313140769550785,38.870000000000005,38.25,37.747499999999995,37.77619047619047,1059817.6,1289479.65,0.7556086674186749,0.8218955607403339,39.1,36.05,39.1,36.05,0.07810499359595134,38.870000000000005,37.747499999999995,0.028745198462772455,0.0,93.2603128906108,87.64075466274714,0,0.2609247556471388,0.02812905479380624,0.23279570085333257,0,22.0,9.0,22.0,6.0,59.0,0.0,59.0,WATCH,🟡 觀察,觀察等待確認,趨勢轉強｜量能正常｜結構收斂｜指標初轉強
2026-09-30,2603,239.5,4735702,239.5,239.5,239.5,0.006302521008403339,-0.010330578512396715,0.010548523206751037,0.025695931477516032,0.0,0.015205705515841546,241.2,240.35,237.325,237.14285714285714,5610806.2,8607475.1,0.5501848039037602,0.6518527366985934,243.0,229.0,243.0,229.0,0.0584551148223029,241.2,237.325,0.016179540709744554,0.0,62.946738163701575,77.09307791907446,0,1.9245112149059764,1.65458103960486,0.2699301753011165,0,22.0,9.0,22.0,6.0,59.0,0.0,59.0,WATCH,🟡 觀察,觀察等待確認,趨勢轉強｜量能正常｜結構收斂｜指標初轉強
2026-09-30,2816,40.3,142682,40.3,40.3,40.3,0.011292346298619638,-0.00982800982801002,0.02937420178799477,0.03201024327784885,0.0,0.014054472419045318,40.22,40.19500000000001,39.6775,39.647619047619045,272906.8,417160.3,0.34203158833666497,0.6542012746658763,40.95,38.65,40.95,38.65,0.057071960296350685,40.22,39.6775,0.013461538461204353,0.0,55.82654434265598,62.33981962042541,0,0.3195877867602164,0.2770995431441243,0.04248824361609205,0,22.0,9.0,22.0,6.0,59.0,0.0,59.0,WATCH,🟡 觀察,觀察等待確認,趨勢轉強｜量能正常｜結構收斂｜指標初轉強
2026-09-30,2849,16.05,174179,16.05,16.05,16.05,0.03548387096774208,-0.00925925925925919,0.0031250000000000444,0.13028169014084523,0.0,0.020061203208321048,15.85,15.939999999999998,15.65,15.58095238095238,148549.6,257864.0,0.6754684639965227,0.5760773120714774,16.25,14.4,16.25,14.2,0.11526479750060653,15.939999999999998,15.65,0.01806853582441924,0.0,45.731223069769186,52.88031699675685,0,0.3540500206749453,0.4028284849643835,-0.04877846428943822,0,22.0,9.0,22.0,6.0,59.0,0.0,59.0,WATCH,🟡 觀察,觀察等待確認,趨勢轉強｜量能正常｜結構收斂｜指標初轉強
2026-09-30,2851,47.2,1080401,47.2,47.2,47.2,0.0031880977683316214,-0.019730010384215957,-0.0063157894736841635,0.02164502164502169,0.0,0.016892922916941368,47.42,47.209999999999994,46.7225,46.69761904761905,1771453.4,2879048.8,0.37526317719935826,0.6152912031223644,48.15,44.95,48.15,44.95,0.06779661016805506,47.42,46.7225,0.014777542372568382,0.0,57.80324092255041,66.62555745315345,0,0.3288741481071682,0.27009319558461964,0.05878095252254856,0,22.0,9.0,22.0,6.0,59.0,0.0,59.0,WATCH,🟡 觀察,觀察等待確認,趨勢轉強｜量能正常｜結構收斂｜指標初轉強
2026-09-30,4532,24.85,731570,24.85,24.85,24.85,-0.007984031936127733,-0.011928429423459175,0.06196581196581219,0.04192872117400426,0.0,0.01618743109575554,25.029999999999998,24.689999999999998,24.185,24.16904761904762,802087.4,920899.4,0.7944081622813514,0.8709826502221623,25.2,23.35,25.2,23.35,0.07444668007748696,25.029999999999998,24.185,0.034004024143500795,0.0,86.11774945792666,82.84689007143271,0,0.33419335985453813,0.21735208846909554,0.11684127138544259,0,22.0,9.0,22.0,6.0,59.0,0.0,59.0,WATCH,🟡 觀察,觀察等待確認,趨勢轉強｜量能正常｜結構收斂｜指標初轉強
2026-09-30,4588,56.0,34489,56.0,56.0,56.0,0.012658227848101333,-0.01754385964912286,0.03512014787430684,0.0748560460652592,0.0,0.021089351855732803,55.260000000000005,55.17999999999999,53.625,53.55238095238095,53046.6,66395.55,0.5194474629700255,0.7989481222762549,57.0,50.6,57.0,50.6,0.11428571428367346,55.260000000000005,53.625,0.0291964285709073,0.0,58.94740615844041,65.74690398208148,0,0.9337394716892078,0.7130965192665399,0.22064295242266785,0,22.0,9.0,22.0,6.0,59.0,0.0,59.0,WATCH,🟡 觀察,觀察等待確認,趨勢轉強｜量能正常｜結構收斂｜指標初轉強
2026-09-30,4720,19.3,230066,19.3,19.3,19.3,0.00783289817232391,-0.012787723785166238,0.05753424657534256,0.015789473684210575,0.0,0.015989357201397453,19.16,18.895,18.7225,18.735714285714284,384364.8,465768.0,0.4939497775716655,0.8252280105116693,19.55,17.9,19.55,17.9,0.08549222797484507,19.16,18.7225,0.02266839378120889,0.0,76.29448792615528,72.40975294802578,0,0.09235229154306879,-0.0066867109861201215,0.0990390025291889,0,22.0,9.0,22.0,6.0,59.0,0.0,59.0,WATCH,🟡 觀察,觀察等待確認,趨勢轉強｜量能正常｜結構收斂｜指標初轉強
2026-09-30,7721,62.2,33227,62.2,62.2,62.2,0.006472491909385258,-0.009554140127388422,0.05602716468590829,0.014681892332789603,0.0,0.019686865928516848,61.96,60.959999999999994,60.875,60.89523809523809,41337.4,58562.35,0.5673781875214953,0.7058698976390001,63.0,57.5,63.0,57.5,0.08842443729761376,61.96,60.875,0.017443729903256544,0.0,80.24140237896273,72.00378476705407,0,0.2246305913824287,-0.022151255217262383,0.24678184659969107,0,22.0,9.0,22.0,6.0,59.0,0.0,59.0,WATCH,🟡 觀察,觀察等待確認,趨勢轉強｜量能正常｜結構收斂｜指標初轉強
2026-09-30,8926,59.2,1978422,59.2,59.2,59.2,0.01543739279588352,-0.005042016806722671,0.03135888501742157,0.05903398926654746,0.0,0.01362478013698518,58.67999999999999,58.739999999999995,58.15,58.042857142857144,1602231.2,2639785.5,0.7494631666095595,0.6069550726754123,59.8,56.3,59.8,55.9,0.05912162162062295,58.739999999999995,58.15,0.009966216216047806,0.0,55.088556560517944,59.1489906812146,0,0.6536148305810912,0.6570648281119701,-0.0034499975308789343,0,22.0,9.0,22.0,6.0,59.0,0.0,59.0,WATCH,🟡 觀察,觀察等待確認,趨勢轉強｜量能正常｜結構收斂｜指標初轉強
2026-09-30,1435,22.4,7893,22.4,22.4,22.4,0.029885057471264354,-0.030303030303030387,-0.01103752759381893,0.0,0.0,0.024058407348693547,22.27,22.395000000000003,22.3725,22.3725,8013.6,12002.35,0.6576212158451755,0.6676692481055236,23.35,21.05,23.35,21.05,0.1026785714239876,22.395000000000003,22.27,0.005580357142608179,0.0,38.18299888937665,46.440777508099,0,0.13010980664703098,0.2064181919930098,-0.07630838534597881,0,19.0,9.0,25.0,6.0,59.0,0.0,59.0,WATCH,🟡 觀察,觀察等待確認,趨勢轉強｜量能正常｜結構收斂｜指標初轉強
2026-09-30,2489,41.8,23864644,41.8,41.8,41.8,0.01703163017031617,-0.027906976744186074,0.06361323155216292,-0.009478672985782088,0.0,0.0375958626288795,41.339999999999996,41.58,40.8525,40.916666666666664,18846722.2,36122884.45,0.6606516717410146,0.5217391270646439,44.15,36.9,44.15,36.9,0.17344497607240564,41.58,40.8525,0.017404306219679304,0.0,49.851364350924,58.67973101790954,0,0.01740860416119716,-0.14463037856317223,0.1620389827243694,0,19.0,9.0,25.0,6.0,59.0,0.0,59.0,WATCH,🟡 觀察,觀察等待確認,趨勢轉強｜量能正常｜結構收斂｜指標初轉強
2026-09-30,2609,59.4,16623183,59.4,59.4,59.4,0.017123287671232834,-0.02782324058919805,0.001686340640809414,-0.001680672268907557,0.0,0.016462398750091055,59.61999999999999,60.11999999999999,59.145,59.161904761904765,19322548.6,32145466.95,0.5171237059911491,0.6010971509623693,62.0,57.3,62.0,57.3,0.07912457912324712,60.11999999999999,59.145,0.016414141413864866,0.0,31.730805289742207,47.156180057170886,0,0.16668714982747446,0.2035478833040758,-0.03686073347660135,0,19.0,9.0,25.0,6.0,59.0,0.0,59.0,WATCH,🟡 觀察,觀察等待確認,趨勢轉強｜量能正常｜結構收斂｜指標初轉強
2026-09-30,3005,116.5,1298870,116.5,116.5,116.5,-0.004273504273504258,-0.021008403361344574,0.0,-0.004273504273504258,0.0,0.013728613867016671,117.2,117.15,116.075,116.11904761904762,1304304.0,1872328.45,0.693719096134014,0.6966213646969897,119.0,112.5,119.0,112.5,0.055793991415830094,117.2,116.075,0.009656652360432132,0.0,52.72701698285019,64.05495383146646,0,0.24861142281727666,0.1262641360965118,0.12234728672076486,0,19.0,9.0,25.0,6.0,59.0,0.0,59.0,WATCH,🟡 觀察,觀察等待確認,趨勢轉強｜量能正常｜結構收斂｜指標初轉強
2026-09-30,3356,66.0,162786,66.0,66.0,66.0,0.0060975609756097615,-0.03790087463556846,0.05769230769230771,0.0,0.0,0.046616216102011644,65.82000000000001,63.83,66.0,66.0,306788.4,437990.21428571426,0.3716658379353868,0.7004457862153788,68.6,59.4,68.6,59.4,0.1393939393918273,65.82000000000001,63.83,0.030151515151058447,0.0,64.39136398178849,53.58442177505475,0,0.8072237659250092,0.36795060038507327,0.43927316553993595,0,19.0,9.0,25.0,6.0,59.0,0.0,59.0,WATCH,🟡 觀察,觀察等待確認,趨勢轉強｜量能正常｜結構收斂｜指標初轉強
2026-09-30,4771,214.5,117834,214.5,214.5,214.5,0.014184397163120588,-0.020547945205479423,0.05147058823529416,-0.0023255813953488857,0.0,0.020187642314651928,214.4,213.55,211.05,211.23809523809524,126911.0,206307.4,0.5711574087987122,0.6151548611440957,219.0,201.5,219.0,201.5,0.08158508158470124,214.4,211.05,0.015617715617642781,0.0,64.72821922223696,69.19167658182315,0,0.3593137233979178,-0.2748269420228917,0.6341406654208095,0,19.0,9.0,25.0,6.0,59.0,0.0,59.0,WATCH,🟡 觀察,觀察等待確認,趨勢轉強｜量能正常｜結構收斂｜指標初轉強
2026-09-30,3010,125.5,343187,125.5,125.5,125.5,0.0040000000000000036,0.0040000000000000036,0.0,-0.01953125,0.0,0.010698378985342065,125.2,124.5,125.75,125.85714285714286,355644.2,419918.25,0.8172709807206503,0.8469367549517058,129.5,122.5,129.5,122.5,0.05577689242983445,125.75,124.5,0.009960159362470437,0.0,77.88700386095998,66.98780617788569,0,-0.6785686235366768,-0.813090705301598,0.1345220817649212,0,18.0,17.0,21.0,3.0,59.0,0.0,59.0,WATCH,🟡 觀察,觀察等待確認,趨勢轉強｜量能回溫｜結構收斂
2026-09-30,2605,35.55,10034189,35.55,35.55,35.55,0.004237288135593209,-0.046916890080428986,-0.016597510373444035,0.005657708628005631,0.0,0.019512769902740874,36.32,36.325,36.154999999999994,36.11666666666667,7644120.6,10745165.85,0.9338328640129829,0.7114008947567801,37.3,34.75,37.3,34.75,0.07172995780388938,36.325,36.154999999999994,0.004781997186926212,0.0,40.23234509479508,59.835084038355824,0,0.16621486953587805,0.2656765624724591,-0.09946169293658103,0,15.0,17.0,21.0,6.0,59.0,0.0,59.0,WATCH,🟡 觀察,觀察等待確認,趨勢修復｜量能回溫｜結構收斂｜指標初轉強
2026-09-30,2882,111.0,22090817,111.0,111.0,111.0,-0.004484304932735439,-0.017699115044247815,-0.013333333333333308,0.004524886877828038,0.0,0.01620753239797542,111.3,111.45,111.7,111.64285714285714,17239914.2,21569555.35,1.0241665459274292,0.7992707276647684,115.0,109.0,115.0,109.0,0.05405405405356708,111.7,111.3,0.00360360360357119,0.0,36.74801754391504,43.88126621445571,0,0.07679892655765741,0.19526445458909408,-0.11846552803143667,0,15.0,17.0,21.0,6.0,59.0,0.0,59.0,WATCH,🟡 觀察,觀察等待確認,趨勢修復｜量能回溫｜結構收斂｜指標初轉強
2026-09-30,3703,19.6,690262,19.6,19.6,19.6,0.00512820512820511,-0.010101010101010055,-0.00254452926208637,0.002557544757033181,0.0,0.01040218981809955,19.7,19.740000000000002,19.759999999999998,19.75,695194.8,839818.4,0.8219181670704037,0.8277918178501438,20.05,19.4,20.05,19.4,0.033163265304430554,19.759999999999998,19.7,0.0030612244896396678,0.0,31.6533330162336,46.11970861750421,0,0.015846825201666803,0.04614945909855214,-0.03030263389688534,0,15.0,17.0,21.0,6.0,59.0,0.0,59.0,WATCH,🟡 觀察,觀察等待確認,趨勢修復｜量能回溫｜結構收斂｜指標初轉強
2026-09-30,6115,44.0,109408,44.0,44.0,44.0,0.0,-0.011235955056179803,0.003420752565564289,0.008018327605956443,0.0,0.009629938058842564,44.1,44.205,44.12,44.09761904761905,81605.4,112440.35,0.9730314784683525,0.7257661506745511,45.4,43.8,45.4,43.65,0.036363636362809953,44.205,44.1,0.00238636363630933,0.0,20.34903727361413,29.008001485237084,0,0.09472337461158986,0.12396913736087858,-0.029245762749288723,0,15.0,17.0,21.0,6.0,59.0,0.0,59.0,WATCH,🟡 觀察,觀察等待確認,趨勢修復｜量能回溫｜結構收斂｜指標初轉強
2026-09-30,4536,161.0,248132,161.0,161.0,161.0,-0.003095975232198178,-0.030120481927710885,0.0031152647975076775,-0.006172839506172867,0.0,0.01049947056134193,163.6,164.15,163.85,163.76190476190476,193567.8,153048.55,1.6212633180778153,1.2647476895403371,166.0,160.5,166.0,160.5,0.03416149068301763,164.15,163.6,0.003416149068301834,0.0,37.07959788996313,59.20525331856893,0,0.17384715564168118,0.47764769043032207,-0.3038005347886409,0,12.0,20.0,21.0,6.0,59.0,0.0,59.0,WATCH,🟡 觀察,觀察等待確認,趨勢修復｜量能回溫｜結構收斂｜指標初轉強
2026-09-30,5288,183.5,377477,183.5,183.5,183.5,-0.01608579088471851,-0.03421052631578947,0.005479452054794498,-0.01608579088471851,0.0,0.01315684417036417,187.1,187.15,186.675,186.66666666666666,166244.2,124299.0,3.036846635934295,1.3374540422690342,191.5,180.5,191.5,180.5,0.05994550408686679,187.15,186.675,0.002588555858296489,0.0,45.5937265794973,62.23546952212363,0,0.030082542333303763,0.09400149462673893,-0.06391895229343517,0,12.0,20.0,21.0,6.0,59.0,0.0,59.0,WATCH,🟡 觀察,觀察等待確認,趨勢修復｜量能回溫｜結構收斂｜指標初轉強
2026-09-30,6541,31.1,434509,31.1,31.1,31.1,0.038397328881469184,-0.00797448165869219,0.011382113821138296,-0.08529411764705874,0.0,0.024993544689066526,30.78,30.939999999999998,31.2725,31.402380952380955,454319.2,428219.1,1.0146885087563797,1.0609503406083451,32.55,29.95,34.0,29.95,0.08360128617094523,31.2725,30.78,0.015836012861227128,0.0,28.582364371197777,29.82008038464666,0,-0.6531726636903876,-0.6710603483095807,0.0178876846191931,1,7.0,17.0,25.0,10.0,59.0,0.0,59.0,WATCH,🟡 觀察,觀察等待確認,量能回溫｜結構收斂｜KD/MACD確認
2026-09-30,6672,369.0,8259557,369.0,369.0,369.0,0.09985096870342769,0.1903225806451614,0.25297113752122247,0.3418181818181818,0.0,0.042915078442314306,330.2,315.15,301.625,300.35714285714283,7998666.2,6142476.6,1.34466234678045,1.3021891202646176,369.0,263.0,369.0,263.0,0.2872628726279478,330.2,301.625,0.07743902439003401,0.0,92.30541367385148,86.02900649597434,0,15.623413199547372,9.371243200305779,6.252169999241593,0,28.0,20.0,16.0,6.0,70.0,12.0,58.0,WATCH,🟡 觀察,觀察等待確認,趨勢轉強｜量能回溫｜結構收斂｜指標初轉強｜風險扣分12
2026-09-30,8996,1605.0,4880876,1605.0,1605.0,1605.0,0.012618296529968376,0.06644518272425248,0.2995951417004048,0.3659574468085107,0.0,0.05865329804657349,1583.0,1467.0,1363.5,1354.5238095238096,4881771.2,4254547.6,1.147213865934888,1.147424276085194,1655.0,1175.0,1655.0,1175.0,0.29906542056056135,1583.0,1363.5,0.13676012461050668,0.0,82.40857956156734,80.35168735253211,0,100.88790388934603,72.30857254793526,28.57933134141078,0,28.0,25.0,11.0,6.0,70.0,12.0,58.0,WATCH,🟡 觀察,觀察等待確認,趨勢轉強｜量能回溫｜結構尚可｜指標初轉強｜風險扣分12
2026-09-30,3605,170.5,17829847,170.5,170.5,170.5,-0.0657534246575342,0.008875739644970349,0.34782608695652173,0.22661870503597115,0.0,0.05633388427681276,177.6,161.85,142.725,142.54761904761904,23303361.8,20314912.4,0.8776728468688845,1.147106191804204,183.5,114.5,183.5,114.5,0.40469208210906343,177.6,142.725,0.20454545454425488,0.0,88.7907872377025,92.5939320244413,0,11.653296344871848,6.477878612489157,5.175417732382691,0,28.0,17.0,7.0,6.0,58.0,0.0,58.0,WATCH,🟡 觀察,觀察等待確認,趨勢轉強｜量能回溫｜指標初轉強
2026-09-30,1514,102.5,669400,102.5,102.5,102.5,0.004901960784313708,0.0,0.02499999999999991,0.004901960784313708,0.0,0.014104344098665756,102.7,101.78999999999999,101.87,101.87619047619049,1166309.2,1087216.9,0.6157005101741884,1.072747489484388,105.0,99.6,105.0,99.6,0.05268292682875437,102.7,101.78999999999999,0.008878048780401295,0.0,55.03470548218316,55.50500074810843,0,0.13895572723740202,-0.01844846338561249,0.1574041906230145,0,22.0,9.0,21.0,6.0,58.0,0.0,58.0,WATCH,🟡 觀察,觀察等待確認,趨勢轉強｜量能正常｜結構收斂｜指標初轉強
2026-09-30,2480,160.0,94728,160.0,160.0,160.0,0.0031347962382444194,-0.027355623100303927,0.015873015873015817,0.019108280254777066,0.0,0.010075254618413522,160.8,161.6,158.975,158.88095238095238,133335.4,221722.85,0.42723607422509485,0.6013606626470812,165.0,155.5,165.0,155.5,0.05937499999962891,161.6,158.975,0.01640624999989746,0.0,31.386531449386403,53.19086149891246,0,1.1346427764733562,1.115901114987592,0.018741661485764283,0,22.0,9.0,21.0,6.0,58.0,0.0,58.0,WATCH,🟡 觀察,觀察等待確認,趨勢轉強｜量能正常｜結構收斂｜指標初轉強
2026-09-30,3018,12.0,36173,12.0,12.0,12.0,0.004184100418409997,0.0,0.05726872246696035,0.004184100418409997,0.0,0.031042522539726912,11.969999999999999,11.864999999999998,11.73,11.74047619047619,44305.8,45655.9,0.7922962859126468,0.9704287945259875,12.8,11.0,12.8,11.0,0.14999999998750005,11.969999999999999,11.73,0.019999999998333202,0.0,95.22378840187531,87.91099926808182,0,0.037856804582173,-0.024976943435995075,0.06283374801816807,0,22.0,9.0,21.0,6.0,58.0,0.0,58.0,WATCH,🟡 觀察,觀察等待確認,趨勢轉強｜量能正常｜結構收斂｜指標初轉強
2026-09-30,4807,29.35,129235,29.35,29.35,29.35,0.006861063464837169,-0.051696284329563746,0.048214285714285765,0.04634581105169344,0.0,0.03507354422500329,29.43,30.119999999999997,29.15,29.097619047619045,108594.8,203801.75,0.6341211495975838,0.5328452773344658,31.4,27.4,31.4,27.4,0.13628620101750302,30.119999999999997,29.15,0.03304940374674444,0.0,28.21194817819277,48.2142788296023,0,0.4002083794358242,0.4647602015625343,-0.06455182212671007,0,22.0,9.0,21.0,6.0,58.0,0.0,58.0,WATCH,🟡 觀察,觀察等待確認,趨勢轉強｜量能正常｜結構收斂｜指標初轉強
2026-09-30,6668,47.05,1721346,47.05,47.05,47.05,-0.012591815320042055,-0.06461232604373757,0.11492890995260652,0.06931818181818183,0.0,0.03863609371141663,47.72,46.885,44.32,44.304761904761904,3296310.8,4022684.7,0.427909748929614,0.8194305658606549,50.3,39.3,50.3,39.3,0.23379383633934553,47.72,44.32,0.0722635494139795,0.0,67.17130102325518,74.19937827987496,0,1.234690378632095,0.7655844888724713,0.46910588975962375,0,22.0,9.0,21.0,6.0,58.0,0.0,58.0,WATCH,🟡 觀察,觀察等待確認,趨勢轉強｜量能正常｜結構收斂｜指標初轉強
2026-09-30,8103,121.5,3891707,121.5,121.5,121.5,0.03846153846153855,-0.054474708171206254,0.0752212389380531,0.021008403361344463,0.0,0.039938470670722113,121.5,123.15,120.775,120.69047619047619,4513181.6,6062178.3,0.6419651167304002,0.7444818308956698,132.0,110.0,132.0,110.0,0.18106995884624633,123.15,120.775,0.019547325102719774,0.0,40.47935919770099,50.97911743142111,0,0.8194648421229971,0.8156103718663777,0.0038544702566193356,0,22.0,9.0,21.0,6.0,58.0,0.0,58.0,WATCH,🟡 觀察,觀察等待確認,趨勢轉強｜量能正常｜結構收斂｜指標初轉強
2026-09-30,2454,4920.0,8292336,4920.0,4920.0,4920.0,0.0020366598778003286,-0.017964071856287456,0.07894736842105265,0.25350318471337574,0.0,0.03943232207675525,5096.0,4866.0,4698.25,4661.428571428572,9686016.0,9295323.95,0.892097579880473,1.0420310310970926,5285.0,4275.0,5285.0,3925.0,0.20528455284548672,5096.0,4698.25,0.08084349593494292,0.0,71.14386495597026,77.48248239951103,0,247.2326309382206,224.89273416067704,22.339896777543572,0,22.0,17.0,13.0,6.0,58.0,0.0,58.0,WATCH,🟡 觀察,觀察等待確認,趨勢轉強｜量能回溫｜結構尚可｜指標初轉強
2026-09-30,2208,19.15,2008362,19.15,19.15,19.15,0.002617801047120283,-0.0026041666666667407,0.002617801047120283,-0.00777202072538874,0.0,0.01022021842585585,19.3,19.145,19.035,19.047619047619047,2594370.2,1960840.95,1.0242350354831171,1.3230905851899917,19.6,18.7,19.6,18.7,0.0469973890314885,19.3,19.035,0.013838120103716055,0.0,60.60366064813141,70.99956537913931,0,0.023412470585252976,-0.015450964077921894,0.03886343466317487,0,19.0,12.0,21.0,6.0,58.0,0.0,58.0,WATCH,🟡 觀察,觀察等待確認,趨勢轉強｜量能正常｜結構收斂｜指標初轉強
2026-09-30,1730,51.2,33165,51.2,51.2,51.2,0.0,-0.0019493177387913674,-0.0019493177387913674,-0.005825242718446533,0.0,0.0028978656508169185,51.220000000000006,51.239999999999995,51.35,51.357142857142854,20500.0,21679.2,1.5298073729657216,0.9456068489611726,51.8,51.2,51.8,51.2,0.011718749999771008,51.35,51.220000000000006,0.00253906249995032,0.0,5.401052480156484,12.011172654219168,0,-0.07432542768536621,-0.06045050287488934,-0.01387492481047687,0,12.0,25.0,18.0,3.0,58.0,0.0,58.0,WATCH,🟡 觀察,觀察等待確認,趨勢修復｜量能回溫｜結構收斂
2026-09-30,2903,22.15,1760740,22.15,22.15,22.15,0.011415525114155223,-0.011160714285714302,0.0045351473922901064,-0.008948545861297674,0.0,0.00738633574134275,22.14,22.1,22.205,22.211904761904762,954857.8,1104074.75,1.5947652095114018,0.8648488700606541,22.5,21.8,22.5,21.8,0.03160270880218495,22.205,22.1,0.004740406320327606,0.0,49.560987844742755,50.97352556114862,0,-0.05787528710562029,-0.04944817919634624,-0.008427107909274048,0,12.0,25.0,18.0,3.0,58.0,0.0,58.0,WATCH,🟡 觀察,觀察等待確認,趨勢修復｜量能回溫｜結構收斂
2026-09-30,6281,51.0,39683,51.0,51.0,51.0,-0.00390625,0.0,-0.005847953216374213,-0.005847953216374213,0.0,0.0031830865297069596,51.04,51.03,51.21,51.214285714285715,38731.6,35834.35,1.1074011388513785,1.0808511944544528,51.6,50.9,51.6,50.9,0.01372549019580936,51.21,51.03,0.003529411764636673,0.0,42.34076259356755,33.05970573584478,0,-0.08078505672354197,-0.06531689287137295,-0.015468163852169023,0,12.0,25.0,18.0,3.0,58.0,0.0,58.0,WATCH,🟡 觀察,觀察等待確認,趨勢修復｜量能回溫｜結構收斂
2026-09-30,6614,35.3,33278,35.3,35.3,35.3,0.00426742532005675,-0.007032348804500654,-0.0042313117066292705,-0.016713091922005652,0.0,0.006737254639139898,35.48,35.535,35.5525,35.56904761904762,24495.6,26374.35,1.2617562138971667,0.9287660169823738,35.85,35.15,35.9,35.15,0.019830028328050225,35.5525,35.48,0.0020538243625481956,0.0,27.31911278462206,37.964694461957436,0,-0.09677203798700162,-0.06987885666408147,-0.02689318132292015,0,12.0,25.0,18.0,3.0,58.0,0.0,58.0,WATCH,🟡 觀察,觀察等待確認,趨勢修復｜量能回溫｜結構收斂
2026-09-30,8341,74.4,159705,74.4,74.4,74.4,0.0013458950201885589,-0.005347593582887611,0.0026954177897573484,-0.01976284584980237,0.0,0.004436043622152505,74.5,74.53999999999999,74.725,74.78095238095239,116329.4,144310.65,1.106675079074198,0.8061040539973953,75.6,74.1,75.9,74.1,0.020161290322309657,74.725,74.5,0.0030241935483463723,0.0,30.708608659814445,35.49447933184895,0,-0.2952889620400896,-0.3043669278592892,0.009077965819199618,0,12.0,25.0,18.0,3.0,58.0,0.0,58.0,WATCH,🟡 觀察,觀察等待確認,趨勢修復｜量能回溫｜結構收斂
2026-09-30,3037,1175.0,10764941,1175.0,1175.0,1175.0,0.008583690987124415,0.1519607843137254,0.21134020618556693,0.1761761761761762,0.0,0.03505792592395956,1161.0,1065.8,1013.2,1012.5238095238095,14419738.6,22117284.35,0.48672073974579066,0.651966958140591,1185.0,902.0,1185.0,902.0,0.24085106382958227,1161.0,1013.2,0.1257872340424461,0.0,92.80789048788233,86.35744719859501,0,45.36570996996852,19.984275643686207,25.381434326282314,0,28.0,9.0,14.0,6.0,57.0,0.0,57.0,WATCH,🟡 觀察,觀察等待確認,趨勢轉強｜量能正常｜結構尚可｜指標初轉強
2026-09-30,1709,48.4,46895616,48.4,48.4,48.4,0.09999999999999987,0.12296983758700697,0.3425797503467407,0.4469357249626307,0.0,0.06176323925358078,46.03,42.995,38.9875,38.72380952380953,58112306.2,28384697.65,1.652144284862587,2.0473110870004283,48.4,33.45,48.4,33.45,0.3088842975142792,46.03,38.9875,0.1455061983441012,0.0,85.09586637862577,83.51220863862645,1,3.2455240053761187,2.3044371791872407,0.9410868261888781,0,28.0,20.0,8.0,13.0,69.0,12.0,57.0,WATCH,🟡 觀察,觀察等待確認,趨勢轉強｜量能回溫｜結構尚可｜KD/MACD確認｜風險扣分12
2026-09-30,3055,209.5,15323703,209.5,209.5,209.5,0.029484029484029506,0.1143617021276595,0.3134796238244515,0.7385892116182573,0.0,0.049715349603809425,204.4,186.35,165.125,163.0,12988519.0,7198646.45,2.1286922626961347,1.804300168123967,209.5,129.5,209.5,120.5,0.3818615751771749,204.4,165.125,0.18747016706354433,0.0,95.35565109595655,94.40525680462049,1,20.444674442138734,15.887867334600735,4.556807107537999,0,28.0,20.0,8.0,13.0,69.0,12.0,57.0,WATCH,🟡 觀察,觀察等待確認,趨勢轉強｜量能回溫｜結構尚可｜KD/MACD確認｜風險扣分12
2026-09-30,1521,25.6,29104,25.6,25.6,25.6,0.001956947162426559,0.028112449799196915,0.04703476482617597,-0.01348747591522148,0.0,0.01640440992466303,25.860000000000003,25.419999999999998,25.3975,25.423809523809524,87806.2,38745.85,0.7511514136352474,2.266209155303026,26.4,24.45,26.4,24.45,0.0761718749970245,25.860000000000003,25.3975,0.018066406249294363,0.0,57.342403557320736,59.16664372511192,0,-0.029046577929808137,-0.11662974128247364,0.0875831633526655,0,25.0,4.0,25.0,3.0,57.0,0.0,57.0,WATCH,🟡 觀察,觀察等待確認,趨勢轉強｜結構收斂
2026-09-30,2427,23.35,674941,23.35,23.35,23.35,0.004301075268817289,-0.018907563025210017,0.02412280701754388,0.044742729306487705,0.0,0.01993396690646382,23.42,23.6,22.915,22.888095238095236,489065.4,1112350.0,0.6067703510585691,0.4396686294781315,24.35,21.8,24.35,21.8,0.1092077087747663,23.6,22.915,0.02933618843557456,0.0,31.289791047717003,48.52010096423652,0,0.30714452431901407,0.28953197416030074,0.017612550158713325,0,22.0,4.0,25.0,6.0,57.0,0.0,57.0,WATCH,🟡 觀察,觀察等待確認,趨勢轉強｜結構收斂｜指標初轉強
2026-09-30,2455,552.0,1395143,552.0,552.0,552.0,0.016574585635359185,-0.034965034965035,0.031775700934579376,0.1572327044025157,0.0,0.03666794698735025,549.6,544.5,534.7,531.952380952381,5225390.2,11760470.55,0.11862986213591596,0.4443181229683024,572.0,500.0,572.0,477.0,0.13043478260845937,549.6,534.7,0.026992753623139465,0.0,64.25907790610187,68.50166188792325,0,15.848156784573916,15.291176404180234,0.5569803803936821,0,22.0,4.0,25.0,6.0,57.0,0.0,57.0,WATCH,🟡 觀察,觀察等待確認,趨勢轉強｜結構收斂｜指標初轉強
2026-09-30,6271,226.5,2695749,226.5,226.5,226.5,-0.0022026431718061845,-0.01521739130434785,0.02954545454545454,0.06839622641509435,0.0,0.03628099703673752,227.8,227.25,226.4,225.71428571428572,2055158.0,4764619.9,0.5657846914504133,0.43133724056351264,237.0,215.5,237.0,212.0,0.09492273730642418,227.8,226.4,0.0061810154525113676,0.0,61.4609267459289,70.2257917031043,0,2.9916411254851596,3.2425136264469163,-0.25087250096175673,0,22.0,4.0,25.0,6.0,57.0,0.0,57.0,WATCH,🟡 觀察,觀察等待確認,趨勢轉強｜結構收斂｜指標初轉強
2026-09-30,8110,49.2,6104836,49.2,49.2,49.2,0.016528925619834878,-0.05566218809980805,0.18554216867469897,0.07776560788609,0.0,0.03877926677449462,49.05,47.025,45.21,45.23095238095238,18076982.6,8786935.25,0.6947628298501458,2.0572568347991407,52.1,40.5,52.1,40.5,0.23577235771878516,49.05,45.21,0.07804878048621845,0.0,71.9145439794612,68.96860106050433,0,1.1528310701443019,0.47158937785367994,0.6812416922906219,0,22.0,4.0,25.0,6.0,57.0,0.0,57.0,WATCH,🟡 觀察,觀察等待確認,趨勢轉強｜結構收斂｜指標初轉強
2026-09-30,1522,26.8,293420,26.8,26.8,26.8,0.009416195856873921,0.013232514177693888,0.06772908366533859,-0.042857142857142816,0.0,0.014372747423362944,26.53,26.105,26.385,26.461904761904766,332756.4,514419.4,0.5703906190163113,0.6468581861415013,27.6,25.05,28.0,25.05,0.09514925372779297,26.53,26.105,0.01585820895463218,0.0,89.78480072912073,74.42603997411949,0,-0.2786703741072891,-0.422857762364405,0.14418738825711586,0,20.0,9.0,25.0,3.0,57.0,0.0,57.0,WATCH,🟡 觀察,觀察等待確認,趨勢轉強｜量能正常｜結構收斂
2026-09-30,2248,61.3,21020,61.3,61.3,61.3,-0.003252032520325243,0.013223140495867813,0.035472972972972805,-0.0207667731629394,0.0,0.010269928101288265,61.48,60.94,60.825,60.909523809523805,30624.8,50951.3,0.4125508083208787,0.6010602281001545,62.2,59.2,62.6,59.2,0.04893964110850017,61.48,60.825,0.010685154975355774,0.0,75.04019139362424,73.29355715655112,0,-0.17380245047149145,-0.3636420047993384,0.18983955432784694,0,20.0,9.0,25.0,3.0,57.0,0.0,57.0,WATCH,🟡 觀察,觀察等待確認,趨勢轉強｜量能正常｜結構收斂
2026-09-30,2408,519.0,40070207,519.0,519.0,519.0,0.025691699604743157,0.005813953488372103,0.09725158562367864,-0.04419889502762431,0.0,0.03959870589868051,508.0,502.7,504.425,506.26190476190476,46214130.4,54606444.4,0.7337999651923868,0.8463127549831829,531.0,465.5,543.0,465.5,0.12620423892075877,508.0,502.7,0.010211946050076685,0.0,72.24360541472018,65.16776467474804,0,-5.4500033621494595,-8.385659328544572,2.935655966395112,0,20.0,9.0,25.0,3.0,57.0,0.0,57.0,WATCH,🟡 觀察,觀察等待確認,趨勢轉強｜量能正常｜結構收斂
2026-09-30,2462,19.95,84776,19.95,19.95,19.95,0.005037783375314797,0.007575757575757569,0.0390625,-0.02919708029197088,0.0,0.01580818960847413,19.990000000000002,19.68,19.66,19.702380952380953,147199.8,184375.55,0.45980066228954736,0.7983694150336051,20.55,18.9,20.55,18.9,0.08270676691314764,19.990000000000002,19.66,0.0165413533826296,0.0,74.7340316994399,75.85474537195111,0,-0.08015514566119464,-0.18207677072349085,0.10192162506229621,0,20.0,9.0,25.0,3.0,57.0,0.0,57.0,WATCH,🟡 觀察,觀察等待確認,趨勢轉強｜量能正常｜結構收斂
2026-09-30,3048,51.7,783996,51.7,51.7,51.7,0.011741682974559797,0.011741682974559797,0.029880478087649376,-0.05828779599271394,0.0,0.01608265618984845,51.120000000000005,50.790000000000006,51.57000000000001,51.72857142857143,1003680.0,1044421.35,0.7506510662578846,0.9609914619229097,54.8,49.4,54.9,49.4,0.10444874274459477,51.57000000000001,50.790000000000006,0.015087040618663715,0.0,74.32618954766839,62.07124563196001,0,-0.7762959194638697,-0.9483545930590087,0.17205867359513904,0,20.0,9.0,25.0,3.0,57.0,0.0,57.0,WATCH,🟡 觀察,觀察等待確認,趨勢轉強｜量能正常｜結構收斂
2026-09-30,4952,49.4,152291,49.4,49.4,49.4,0.00406504065040636,0.016460905349794164,0.0466101694915253,-0.029469548133595258,0.0,0.01496135378684184,49.089999999999996,48.29,48.805,48.904761904761905,171424.8,217042.05,0.7016658753453504,0.789822985914477,51.4,46.15,51.4,46.15,0.10627530364157338,49.089999999999996,48.29,0.01619433198347779,0.0,93.11974386176317,80.16616314680783,0,-0.37370136796853615,-0.6039710195801771,0.23026965161164092,0,20.0,9.0,25.0,3.0,57.0,0.0,57.0,WATCH,🟡 觀察,觀察等待確認,趨勢轉強｜量能正常｜結構收斂
2026-09-30,6285,236.0,2235971,236.0,236.0,236.0,0.01505376344086029,0.008547008547008517,0.06306306306306309,-0.032786885245901676,0.0,0.0240193508193962,234.0,229.9,232.55,233.0952380952381,3099795.2,3149659.75,0.7099087449049057,0.984168274049284,249.0,219.0,249.0,219.0,0.12711864406725798,234.0,229.9,0.017372881355858565,0.0,80.74915501167698,70.5157661701021,0,-2.009283676159896,-3.2674143780385276,1.2581307018786316,0,20.0,9.0,25.0,3.0,57.0,0.0,57.0,WATCH,🟡 觀察,觀察等待確認,趨勢轉強｜量能正常｜結構收斂
2026-09-30,6472,424.0,280635,424.0,424.0,424.0,0.0035502958579882726,0.00832342449464929,0.050805452292441045,-0.020785219399538146,0.0,0.024379508790189474,424.8,423.7,417.55,418.2857142857143,463391.2,605303.6,0.4636268477504504,0.7655517000064087,444.5,399.0,444.5,399.0,0.1073113207544639,424.8,417.55,0.017099056603733256,0.0,46.232633109834694,53.38806241267404,0,-0.22232374938050725,-1.8436952340176367,1.6213714846371294,0,20.0,9.0,25.0,3.0,57.0,0.0,57.0,WATCH,🟡 觀察,觀察等待確認,趨勢轉強｜量能正常｜結構收斂
2026-09-30,6525,135.5,477358,135.5,135.5,135.5,0.014981273408239737,0.02264150943396226,0.05859375,-0.028673835125448077,0.0,0.024039950473208622,133.7,131.95,132.475,132.8095238095238,589683.8,842615.1,0.5665196363084396,0.6998258160813868,143.0,124.5,143.0,124.5,0.13653136531264554,133.7,131.95,0.012915129151196199,0.0,83.42722394396111,71.52590442388743,0,-0.962986363074009,-1.7433357759422874,0.7803494128682784,0,20.0,9.0,25.0,3.0,57.0,0.0,57.0,WATCH,🟡 觀察,觀察等待確認,趨勢轉強｜量能正常｜結構收斂
2026-09-30,1414,17.65,162007,17.65,17.65,17.65,0.008571428571428452,0.023188405797101463,0.0028409090909089496,-0.09020618556701032,0.0,0.015117952911738534,17.419999999999998,17.35,17.630000000000003,17.714285714285715,124204.2,201760.55,0.8029666850134936,0.6156020094116486,18.9,17.2,19.4,17.2,0.09631728044780069,17.630000000000003,17.35,0.015864022661990773,0.0,69.43319961718497,43.751264738749676,0,-0.3942487309092897,-0.46121716699590565,0.06696843608661596,0,20.0,17.0,17.0,3.0,57.0,0.0,57.0,WATCH,🟡 觀察,觀察等待確認,趨勢轉強｜量能回溫｜結構收斂
2026-09-30,1432,15.0,77492,15.0,15.0,15.0,0.0033444816053511683,0.0,0.0033444816053511683,0.0,0.0,0.003061497854499274,15.01,14.985,15.0,15.0,62464.2,78927.5,0.9818124227930571,0.7914123721136385,15.05,14.9,15.05,14.9,0.009999999999333356,15.01,14.985,0.0016666666665555792,0.0,67.43615103606658,65.61135386926651,0,-0.0012345081863589513,-0.0030765742956968822,0.001842066109337931,0,19.0,17.0,18.0,3.0,57.0,0.0,57.0,WATCH,🟡 觀察,觀察等待確認,趨勢轉強｜量能回溫｜結構收斂
2026-09-30,2027,47.45,9157975,47.45,47.45,47.45,0.006362672322375529,0.017148981779206984,0.03715846994535532,-0.027663934426229386,0.0,0.01676576047753677,47.06,46.795,47.760000000000005,47.80952380952381,9611686.6,12473758.4,0.7341792831260864,0.7705525705869049,50.2,45.0,50.2,45.0,0.1095890410935809,47.760000000000005,46.795,0.020337197049097287,0.0,76.92536572831206,63.434126136510564,0,-0.46271238222770705,-0.5089381626410585,0.04622578041335146,1,13.0,9.0,25.0,10.0,57.0,0.0,57.0,WATCH,🟡 觀察,觀察等待確認,趨勢修復｜量能正常｜結構收斂｜KD/MACD確認
2026-09-30,2634,64.0,6006596,64.0,64.0,64.0,0.014263074484944571,0.0047095761381474865,0.0031347962382446415,-0.0433482810164425,0.0,0.018138684831879404,63.160000000000004,63.5,64.335,64.45714285714286,5004928.4,9155046.95,0.6560966899246758,0.5466851701945669,67.0,62.0,67.0,62.0,0.0781249999987793,64.335,63.160000000000004,0.018359374999712977,0.0,43.838185559761335,38.970388506420406,1,-0.8106267282055413,-0.8019113633228586,-0.008715364882682652,0,13.0,9.0,25.0,10.0,57.0,0.0,57.0,WATCH,🟡 觀察,觀察等待確認,趨勢修復｜量能正常｜結構收斂｜KD/MACD確認
2026-09-30,1909,10.3,2014017,10.3,10.3,10.3,0.02487562189054726,0.014778325123152802,0.004878048780487809,-0.072072072072072,0.0,0.013935714214425344,10.14,10.155,10.485000000000001,10.514285714285714,1406202.8,2248719.4,0.8956284185568014,0.6253349350746027,11.35,10.05,11.35,10.05,0.12621359222075584,10.485000000000001,10.14,0.03349514562781607,0.0,35.115318140270205,14.969677260407556,1,-0.23641263017983327,-0.22761351811322145,-0.008799112066611825,0,13.0,17.0,17.0,10.0,57.0,0.0,57.0,WATCH,🟡 觀察,觀察等待確認,趨勢修復｜量能回溫｜結構收斂｜KD/MACD確認
2026-09-30,2415,27.2,97264,27.2,27.2,27.2,-0.0018348623853211565,0.0018416206261511192,0.0,-0.060449050086355816,0.0,0.013221308664757871,27.059999999999995,27.064999999999998,27.564999999999998,27.63095238095238,119406.6,115071.95,0.8452450836194151,1.0376690409782658,28.95,26.85,28.95,26.85,0.07720588235010264,27.564999999999998,27.059999999999995,0.01856617646990575,0.0,59.72260947449227,35.607928765188795,0,-0.42970330209067953,-0.4426605497956598,0.012957247704980246,1,13.0,17.0,17.0,10.0,57.0,0.0,57.0,WATCH,🟡 觀察,觀察等待確認,趨勢修復｜量能回溫｜結構收斂｜KD/MACD確認
2026-09-30,1234,33.0,74514,33.0,33.0,33.0,0.003039513677811634,-0.0030211480362538623,-0.004524886877828038,-0.006024096385542244,0.0,0.0038285508121007022,33.01,33.08,33.2125,33.21190476190476,86354.4,86102.0,0.8654154375043452,1.0029314069359478,33.45,32.9,33.45,32.9,0.016666666666161747,33.2125,33.01,0.006136363636177704,0.0,9.400383474762021,9.235764725330009,1,-0.06693626277415632,-0.03370749879863726,-0.033228763975519056,0,12.0,17.0,18.0,10.0,57.0,0.0,57.0,WATCH,🟡 觀察,觀察等待確認,趨勢修復｜量能回溫｜結構收斂｜KD/MACD確認
2026-09-30,2748,38.8,48387,38.8,38.8,38.8,0.0025839793281652312,-0.0025706940874036244,0.0,0.0,0.0,0.005202894365932278,38.73,38.78,38.875,38.87142857142857,34073.0,60414.05,0.8009229641118117,0.5639913232104028,39.4,38.65,39.4,38.65,0.019329896906718304,38.875,38.73,0.0037371134019656195,0.0,35.553097684635034,28.527785378933824,1,-0.02846233182173563,-0.0072263481136486535,-0.021235983708086978,0,12.0,17.0,18.0,10.0,57.0,0.0,57.0,WATCH,🟡 觀察,觀察等待確認,趨勢修復｜量能回溫｜結構收斂｜KD/MACD確認
2026-09-30,4770,282.0,1405600,282.0,282.0,282.0,-0.015706806282722474,0.09514563106796126,0.25612472160356337,0.32705882352941185,0.0,0.043088535616166664,275.0,256.6,243.2,241.73809523809524,2474185.4,1266039.2,1.1102341854817759,1.9542723479652115,286.5,216.0,286.5,212.5,0.2499999999991135,275.0,243.2,0.11276595744640867,0.0,93.11014664318772,86.40916203334791,0,15.977507486683834,10.803533044009413,5.173974442674421,0,28.0,20.0,14.0,6.0,68.0,12.0,56.0,WATCH,🟡 觀察,觀察等待確認,趨勢轉強｜量能回溫｜結構尚可｜指標初轉強｜風險扣分12
2026-09-30,2425,37.5,379607,37.5,37.5,37.5,0.001335113484646211,-0.015748031496063075,0.03305785123966953,0.002673796791443861,0.0,0.018260773974186226,37.239999999999995,36.97,37.08,37.095238095238095,370743.4,557545.05,0.6808543991198546,0.6649568496751954,38.1,35.6,38.1,35.6,0.0666666666648889,37.239999999999995,36.97,0.007199999999807895,0.0,65.99855527575274,62.454509422391475,0,-0.0015934013680052317,-0.081405396966961,0.07981199559895577,0,22.0,9.0,22.0,3.0,56.0,0.0,56.0,WATCH,🟡 觀察,觀察等待確認,趨勢轉強｜量能正常｜結構收斂
2026-09-30,4956,46.5,30014622,46.5,46.5,46.5,0.010869565217391353,-0.007470651013874119,0.3922155688622755,0.28099173553719026,0.0,0.0598245385887196,44.55,41.825,38.2775,38.18333333333334,24187194.8,10654741.65,2.8170201574056932,2.270087402823136,46.85,32.05,46.85,32.05,0.3182795698856285,44.55,38.2775,0.13489247311537853,0.0,88.2356591273361,79.51815108554996,0,2.5738931087223236,1.4063927404391574,1.1675003682831662,0,22.0,20.0,8.0,6.0,56.0,0.0,56.0,WATCH,🟡 觀察,觀察等待確認,趨勢轉強｜量能回溫｜結構尚可｜指標初轉強
2026-09-30,2476,123.5,596238,123.5,123.5,123.5,-0.008032128514056214,-0.008032128514056214,0.03347280334728042,-0.015936254980079667,0.0,0.01582676379936427,123.2,121.85,121.65,121.83333333333333,788413.8,1066563.25,0.559027324446065,0.7392096061813487,127.5,117.0,127.5,117.0,0.08502024291429133,123.2,121.65,0.012550607287347745,0.0,82.5081640219004,72.62782564568973,0,-0.20989113029239093,-0.7726467691127148,0.5627556388203239,0,19.0,9.0,25.0,3.0,56.0,0.0,56.0,WATCH,🟡 觀察,觀察等待確認,趨勢轉強｜量能正常｜結構收斂
2026-09-30,5608,16.95,1479942,16.95,16.95,16.95,0.014970059880239583,-0.011661807580174877,0.02108433734939741,0.0,0.0,0.01854721227875597,17.0,16.889999999999997,16.942500000000003,16.942857142857143,2098642.8,3959806.6,0.37374098017817325,0.5299861866991179,17.45,16.3,17.45,16.3,0.06784660766561369,17.0,16.889999999999997,0.006489675515841493,0.0,63.83572834265645,67.63025828910432,0,-0.002491132136739793,-0.005951519266918998,0.0034603871301792048,0,19.0,9.0,25.0,3.0,56.0,0.0,56.0,WATCH,🟡 觀察,觀察等待確認,趨勢轉強｜量能正常｜結構收斂
2026-09-30,6862,138.0,78777,138.0,138.0,138.0,0.0,-0.04166666666666663,0.045454545454545414,-0.010752688172043001,0.0,0.02632090848174164,138.6,135.95,136.65,136.78571428571428,144913.0,129172.0,0.6098612702443207,1.1218607747809035,144.0,130.0,144.0,130.0,0.10144927536158371,138.6,135.95,0.019202898550585528,0.0,57.04381790443054,50.913969450115346,0,-0.1358943205018761,-0.733289823171237,0.5973955026693609,0,19.0,9.0,25.0,3.0,56.0,0.0,56.0,WATCH,🟡 觀察,觀察等待確認,趨勢轉強｜量能正常｜結構收斂
2026-09-30,1321,32.4,76006,32.4,32.4,32.4,0.001545595054095683,-0.00613496932515345,0.003095975232198178,0.0046511627906975495,0.0,0.0056833759306305996,32.440000000000005,32.445,32.445,32.43571428571428,87001.2,75453.95,1.0073163830389131,1.1530370510755081,32.75,32.0,32.75,32.0,0.0231481481474337,32.445,32.440000000000005,0.00015432098764941765,0.0,46.102864953811576,57.51143950647108,0,0.03220030069628166,0.037350639832566514,-0.005150339136284855,0,15.0,17.0,18.0,6.0,56.0,0.0,56.0,WATCH,🟡 觀察,觀察等待確認,趨勢修復｜量能回溫｜結構收斂｜指標初轉強
2026-09-30,2450,28.2,67908,28.2,28.2,28.2,0.0,-0.0035335689045936647,-0.0017699115044248481,0.003558718861209842,0.0,0.002427581528970267,28.25,28.264999999999997,28.252499999999998,28.245238095238093,70664.0,80147.1,0.8472920417582064,0.8816788130824336,28.35,28.15,28.35,28.1,0.007092198581308888,28.264999999999997,28.25,0.0005319148935980533,0.0,27.410064995001733,51.89570948006433,0,0.025497373740428486,0.0372608145352502,-0.011763440794821715,0,15.0,17.0,18.0,6.0,56.0,0.0,56.0,WATCH,🟡 觀察,觀察等待確認,趨勢修復｜量能回溫｜結構收斂｜指標初轉強
2026-09-30,2387,36.45,178317,36.45,36.45,36.45,0.0055172413793105335,-0.016194331983805488,0.00969529085872578,-0.004098360655737654,0.0,0.008253317447726831,36.75,36.644999999999996,36.585,36.58571428571428,191760.0,210235.3,0.8481782079412885,0.9121208474504477,37.4,36.1,37.4,36.1,0.03566529492357563,36.75,36.585,0.004526748971069201,0.0,37.04834089776533,50.83180242115111,0,0.016754005111053516,0.021057013739598063,-0.004303008628544547,0,12.0,17.0,21.0,6.0,56.0,0.0,56.0,WATCH,🟡 觀察,觀察等待確認,趨勢修復｜量能回溫｜結構收斂｜指標初轉強
2026-09-30,4994,81.8,12902,81.8,81.8,81.8,-0.0060753341433779084,-0.014457831325301207,0.00987654320987641,-0.0012210012210013277,0.0,0.014824210757100869,82.44,82.16,82.22999999999999,82.21428571428571,11843.8,13495.45,0.9560259198469886,0.8776143070441609,84.5,80.7,84.5,80.7,0.04645476772559343,82.44,82.16,0.0034229828850437425,0.0,59.46318691560529,57.83325221245021,0,0.06153533046156667,0.0775082610692002,-0.015972930607633523,0,12.0,17.0,21.0,6.0,56.0,0.0,56.0,WATCH,🟡 觀察,觀察等待確認,趨勢修復｜量能回溫｜結構收斂｜指標初轉強
2026-09-30,1805,10.05,129495,10.05,10.05,10.05,0.0,-0.019512195121951126,-0.004950495049504844,-0.004950495049504844,0.0,0.00586772554321465,10.120000000000001,10.14,10.1205,10.119523809523809,160080.6,78281.25,1.6542275449101584,2.0449417964071595,10.25,9.96,10.25,9.96,0.028855721390163524,10.14,10.120000000000001,0.0019900497510457237,0.0,22.108328944411138,46.31168193306539,0,0.0017878382535077009,0.010341457100141975,-0.008553618846634274,0,12.0,20.0,18.0,6.0,56.0,0.0,56.0,WATCH,🟡 觀察,觀察等待確認,趨勢修復｜量能回溫｜結構收斂｜指標初轉強
2026-09-30,1342,100.0,135099,100.0,100.0,100.0,-0.00990099009900991,0.0,0.002004008016032177,-0.033816425120772986,0.0,0.008976085169970253,100.7,100.64,101.2,101.30952380952381,117699.6,127691.3,1.0580125662437374,0.9217511294817977,103.5,99.3,103.5,99.3,0.041999999999580026,101.2,100.64,0.005599999999944022,0.0,35.285133449049,41.61579309707305,0,-0.6416731069542294,-0.6672424642701447,0.025569357315915253,0,7.0,25.0,21.0,3.0,56.0,0.0,56.0,WATCH,🟡 觀察,觀察等待確認,量能回溫｜結構收斂
2026-09-30,1533,30.3,127079,30.3,30.3,30.3,-0.003289473684210509,-0.006557377049180357,0.0,-0.028846153846153855,0.0,0.008432771091875818,30.439999999999998,30.395,30.65,30.676190476190477,81204.2,83306.15,1.5254456003548176,0.9747683694421003,31.4,29.95,31.4,29.95,0.04785478547696846,30.65,30.395,0.008415841583880632,0.0,47.092609901704236,49.41730406100115,0,-0.19324611384124069,-0.18188918055399173,-0.01135693328724896,0,7.0,25.0,21.0,3.0,56.0,0.0,56.0,WATCH,🟡 觀察,觀察等待確認,量能回溫｜結構收斂
2026-09-30,1537,115.0,131686,115.0,115.0,115.0,-0.0043290043290042934,-0.008620689655172376,0.0,-0.029535864978902926,0.0,0.007607425650089112,115.1,115.3,115.525,115.66666666666667,80579.8,112592.25,1.169583164027709,0.715678032901903,118.0,114.0,118.5,114.0,0.034782608695349715,115.525,115.1,0.003695652173881006,0.0,30.563173098283063,42.31369710068199,0,-0.6373411209093405,-0.7106943510188307,0.07335323010949024,0,7.0,25.0,21.0,3.0,56.0,0.0,56.0,WATCH,🟡 觀察,觀察等待確認,量能回溫｜結構收斂
2026-09-30,1905,13.05,2106374,13.05,13.05,13.05,0.015564202334630517,-0.011363636363636243,-0.0076045627376425395,-0.04744525547445244,0.0,0.013346432630377778,13.05,13.135,13.2775,13.297619047619047,1924776.4,1721512.25,1.2235602738232034,1.1180730198115052,13.85,12.85,13.85,12.85,0.07662835248454955,13.2775,13.05,0.017432950190234955,0.0,19.42772683912624,21.042576176571078,0,-0.15393806229952745,-0.1337729432076479,-0.02016511909187954,0,7.0,25.0,21.0,3.0,56.0,0.0,56.0,WATCH,🟡 觀察,觀察等待確認,量能回溫｜結構收斂
2026-09-30,2101,29.9,1676417,29.9,29.9,29.9,0.003355704697986406,-0.019672131147541072,-0.008291873963515717,-0.043200000000000016,0.0,0.008658189231472985,29.910000000000004,30.085,30.502499999999998,30.538095238095234,1441058.8,1497582.8,1.1194152336685483,0.9622565109588592,31.65,29.8,31.65,29.8,0.061872909696927256,30.502499999999998,29.910000000000004,0.019816053511042743,0.0,13.57902212399626,19.673250487591886,0,-0.331479184288213,-0.28384995386033346,-0.04762923042787953,0,7.0,25.0,21.0,3.0,56.0,0.0,56.0,WATCH,🟡 觀察,觀察等待確認,量能回溫｜結構收斂
2026-09-30,2429,30.95,509815,30.95,30.95,30.95,0.00978792822185981,-0.0343213728549141,0.014754098360655776,-0.0635400907715582,0.0,0.018171513698374803,30.79,30.95,31.03,31.126190476190477,216955.2,186861.1,2.728309958573493,1.1610506413587358,32.7,30.05,33.05,30.05,0.08562197091807368,31.03,30.79,0.007754442649184089,0.0,36.97736199521778,45.75562730409269,0,-0.41781256893170493,-0.46674108824691346,0.04892851931520853,0,7.0,25.0,21.0,3.0,56.0,0.0,56.0,WATCH,🟡 觀察,觀察等待確認,量能回溫｜結構收斂
2026-09-30,2459,65.0,89452,65.0,65.0,65.0,0.0015408320493064398,-0.007633587786259555,-0.004594180704440953,-0.02840059790732441,0.0,0.0031552863589976833,65.22,65.33000000000001,65.74,65.79523809523809,55996.8,54942.3,1.628108033336762,1.0191928623300988,66.9,64.9,66.9,64.9,0.030769230768757396,65.74,65.22,0.00799999999987686,0.0,14.097144165221604,17.493247938572562,0,-0.413249138218859,-0.3671411557473945,-0.046107982471464526,0,7.0,25.0,21.0,3.0,56.0,0.0,56.0,WATCH,🟡 觀察,觀察等待確認,量能回溫｜結構收斂
2026-09-30,6914,119.0,84330,119.0,119.0,119.0,-0.004184100418409997,-0.016528925619834656,-0.008333333333333304,-0.024590163934426257,0.0,0.00557786386555719,120.0,120.3,120.65,120.71428571428571,41542.2,45596.0,1.8495043424861426,0.9110930783401853,122.0,119.0,122.0,119.0,0.025210084033401595,120.65,120.0,0.005462184873903726,0.0,23.950075070375053,38.731307761206686,0,-0.4824731582706505,-0.37571086558378497,-0.10676229268686555,0,7.0,25.0,21.0,3.0,56.0,0.0,56.0,WATCH,🟡 觀察,觀察等待確認,量能回溫｜結構收斂
2026-09-30,7689,159.5,86269,159.5,159.5,159.5,0.006309148264984188,-0.009316770186335366,0.032362459546925626,-0.08595988538681953,0.0,0.018584194180957355,158.8,158.5,162.45,163.02380952380952,37767.2,43781.35,1.9704508883348284,0.8626321481635248,175.0,153.5,175.0,153.5,0.134796238243669,162.45,158.5,0.024764890281976325,0.0,64.08092852204065,56.244594923604836,0,-3.568284765768766,-3.7920823045727037,0.2237975388039377,0,7.0,25.0,21.0,3.0,56.0,0.0,56.0,WATCH,🟡 觀察,觀察等待確認,量能回溫｜結構收斂
2026-09-30,8454,240.5,417352,240.5,240.5,240.5,0.019067796610169552,-0.024340770791075106,-0.01836734693877551,-0.02631578947368418,0.0,0.017676112671691186,240.2,243.05,242.175,242.4047619047619,350125.8,367330.65,1.1361752687939295,0.9531624981471026,249.0,234.0,249.0,234.0,0.06237006236980304,243.05,240.2,0.011850311850262672,0.0,30.12852229699953,43.38918566684994,0,-1.2218708630784931,-0.8688989549243121,-0.352971908154181,0,7.0,25.0,21.0,3.0,56.0,0.0,56.0,WATCH,🟡 觀察,觀察等待確認,量能回溫｜結構收斂
2026-09-30,1527,32.7,77100,32.7,32.7,32.7,0.0030674846625766694,0.007704160246533087,0.012383900928792713,0.0,0.0,0.0031945537949829694,32.650000000000006,32.489999999999995,32.552499999999995,32.55952380952381,132623.4,125562.35,0.6140375677900213,1.056235408145825,32.8,32.2,32.8,32.2,0.018348623852649716,32.650000000000006,32.489999999999995,0.004892966360706967,0.0,82.98910971789951,68.19351591038429,0,-0.013796741185124972,-0.04445902386760488,0.030662282682479905,0,25.0,9.0,18.0,3.0,55.0,0.0,55.0,WATCH,🟡 觀察,觀察等待確認,趨勢轉強｜量能正常｜結構收斂
2026-09-30,1720,56.3,92624,56.3,56.3,56.3,0.0035650623885916666,0.005357142857142838,0.007155635062611854,-0.007054673721340499,0.0,0.004136728754644409,56.14,56.08,56.09499999999999,56.12380952380952,165279.2,177523.75,0.5217555397517204,0.9310258486540482,56.4,55.9,56.7,55.9,0.008880994671245455,56.14,56.08,0.001065719360549495,0.0,77.90437486513221,60.48436127246917,0,-0.09403034747423789,-0.13446106460116325,0.040430717126925364,0,25.0,9.0,18.0,3.0,55.0,0.0,55.0,WATCH,🟡 觀察,觀察等待確認,趨勢轉強｜量能正常｜結構收斂
2026-09-30,1752,31.5,27600,31.5,31.5,31.5,0.004784688995215225,0.006389776357827559,0.006389776357827559,-0.01253918495297801,0.0,0.00529854215990784,31.389999999999997,31.329999999999995,31.4375,31.45952380952381,32773.2,35188.55,0.7843460443808914,0.931359774699414,31.85,31.2,31.9,31.2,0.020634920634265627,31.4375,31.329999999999995,0.00341269841259024,0.0,77.50733862568373,60.569225022549645,0,-0.10703248224858797,-0.12795793699996594,0.02092545475137797,0,25.0,9.0,18.0,3.0,55.0,0.0,55.0,WATCH,🟡 觀察,觀察等待確認,趨勢轉強｜量能正常｜結構收斂
2026-09-30,4133,20.65,35808,20.65,20.65,20.65,0.009779951100244544,0.0048661800486617945,0.022277227722772297,-0.004819277108433773,0.0,0.00608834972524125,20.520000000000003,20.46,20.447499999999998,20.461904761904762,40576.6,52077.05,0.6875965516479776,0.7791647184316166,20.75,20.2,20.75,20.2,0.026634382565296193,20.520000000000003,20.447499999999998,0.0035108958836074684,0.0,71.84239684744097,61.68319891121994,0,-0.03234874226014739,-0.06438993992003432,0.03204119765988693,0,25.0,9.0,18.0,3.0,55.0,0.0,55.0,WATCH,🟡 觀察,觀察等待確認,趨勢轉強｜量能正常｜結構收斂
2026-09-30,8499,258.0,14215,258.0,258.0,258.0,0.0038910505836575737,0.0117647058823529,0.025844930417495027,0.0,0.0,0.009476262654218425,255.0,253.95,255.025,255.025,14140.8,21159.25,0.671810201212204,0.6683034606613812,260.0,251.0,260.0,251.0,0.03488372093009735,255.025,253.95,0.004166666666650583,0.0,77.82298504229256,57.863355405797556,0,-0.8147384737058303,-1.3489451994994974,0.5342067257936671,0,25.0,9.0,18.0,3.0,55.0,0.0,55.0,WATCH,🟡 觀察,觀察等待確認,趨勢轉強｜量能正常｜結構收斂
2026-09-30,9928,17.75,31338,17.75,17.75,17.75,-0.002808988764045006,0.0028248587570622874,0.008522727272727293,-0.008379888268156388,0.0,0.005811176176018784,17.67,17.68,17.722500000000004,17.73095238095238,32714.0,45110.7,0.6946910599924033,0.7251938010272347,18.0,17.55,18.0,17.55,0.02535211267462801,17.722500000000004,17.67,0.0029577464787067177,0.0,56.0587801735594,39.34622984953206,0,-0.046252460466767786,-0.05539197332098435,0.009139512854216561,0,25.0,9.0,18.0,3.0,55.0,0.0,55.0,WATCH,🟡 觀察,觀察等待確認,趨勢轉強｜量能正常｜結構收斂
2026-09-30,2801,27.6,17386776,27.6,27.6,27.6,0.0036363636363636598,-0.02987697715289972,-0.03327495621716281,0.09741550695825052,0.0,0.01981442676390577,27.810000000000002,28.294999999999998,27.547500000000003,27.433333333333334,19932788.2,31982257.75,0.5436381676337406,0.6232451866222609,29.6,25.2,29.6,25.15,0.15942028984929643,28.294999999999998,27.547500000000003,0.027083333332351876,0.0,15.500725904825094,35.1785259858034,0,0.5928220097713179,0.7237856405544141,-0.13096363078309614,0,22.0,9.0,21.0,3.0,55.0,0.0,55.0,WATCH,🟡 觀察,觀察等待確認,趨勢轉強｜量能正常｜結構收斂
2026-09-30,6112,48.05,1097280,48.05,48.05,48.05,0.014783526927138135,-0.019387755102040827,-0.05039525691699609,0.05837004405286339,0.0,0.03613637943225944,48.02,48.78,47.2675,47.17857142857143,1553354.0,3432920.35,0.3196345641983799,0.4524876319953067,52.1,44.3,52.1,44.3,0.16233090530359365,48.78,47.2675,0.031477627470728936,0.0,21.822578796374902,38.210825858856516,0,0.7409169255956201,0.8069523301256223,-0.06603540453000223,0,22.0,9.0,21.0,3.0,55.0,0.0,55.0,WATCH,🟡 觀察,觀察等待確認,趨勢轉強｜量能正常｜結構收斂
2026-09-30,1463,17.5,34041,17.5,17.5,17.5,-0.002849002849002913,-0.005681818181818232,0.02639296187683282,0.01156069364161838,0.0,0.010958935485547223,17.61,17.595000000000002,17.432499999999997,17.426190476190477,62867.2,77615.95,0.4385825336158298,0.8099778460483855,17.75,17.05,17.75,17.05,0.039999999997714246,17.61,17.432499999999997,0.010142857142277665,0.0,49.97086730445465,63.258560760686066,0,0.0789254939955022,0.06184393410624098,0.017081559889261216,0,22.0,9.0,18.0,6.0,55.0,0.0,55.0,WATCH,🟡 觀察,觀察等待確認,趨勢轉強｜量能正常｜結構收斂｜指標初轉強
2026-09-30,2546,105.0,111421,105.0,105.0,105.0,-0.009433962264150941,0.009615384615384581,0.02941176470588225,-0.014084507042253502,0.0,0.01715373687802517,105.9,105.6,105.05,105.11904761904762,107083.8,168876.55,0.6597778081089373,0.6340951422799636,107.5,101.0,107.5,101.0,0.06190476190417234,105.9,105.05,0.008095238095161078,0.0,69.28244741048299,74.44345323918014,0,-0.06710625977312645,-0.24370716534185047,0.17660090556872401,0,18.0,9.0,25.0,3.0,55.0,0.0,55.0,WATCH,🟡 觀察,觀察等待確認,趨勢轉強｜量能正常｜結構收斂
2026-09-30,6534,90.6,23100,90.6,90.6,90.6,0.008908685968819663,0.0044345898004434225,0.0011049723756906271,-0.01521739130434785,0.0,0.006899030992743033,90.4,90.13,90.815,90.87142857142857,24383.8,33136.4,0.6971185765502379,0.7358614695621511,92.4,89.4,92.4,89.4,0.03311258278109147,90.815,90.13,0.007560706401682578,0.0,57.34993782458979,45.78891654128546,0,-0.4150800131983061,-0.4167093501736817,0.0016293369753755949,1,18.0,9.0,18.0,10.0,55.0,0.0,55.0,WATCH,🟡 觀察,觀察等待確認,趨勢轉強｜量能正常｜結構收斂｜KD/MACD確認
2026-09-30,2905,18.3,770644,18.3,18.3,18.3,0.016666666666666607,-0.02399999999999991,-0.010810810810810811,0.04571428571428582,0.0,0.014619190548341987,18.360000000000003,18.505000000000003,18.307499999999997,18.26904761904762,1222041.2,1594810.6,0.48321976289849056,0.7662610218417154,18.85,17.4,18.85,17.4,0.079234972673266,18.505000000000003,18.307499999999997,0.010792349726186489,0.0,31.16238388155302,43.295483048399106,0,0.17410250209038125,0.2287730043801748,-0.05467050228979356,0,15.0,9.0,25.0,6.0,55.0,0.0,55.0,WATCH,🟡 觀察,觀察等待確認,趨勢修復｜量能正常｜結構收斂｜指標初轉強
2026-09-30,9933,40.7,1377637,40.7,40.7,40.7,0.00867410161090465,-0.01571946795646917,-0.012135922330097082,0.004938271604938427,0.0,0.01612193547228189,40.81,41.475,41.025,41.0,1318557.4,2337750.85,0.5893001814115475,0.564028198300088,42.75,39.1,42.75,39.1,0.0896805896783862,41.475,40.81,0.016339066338664866,0.0,17.877582109826832,32.321196604349055,0,0.09611997616318746,0.206034591952279,-0.10991461578909154,0,15.0,9.0,25.0,6.0,55.0,0.0,55.0,WATCH,🟡 觀察,觀察等待確認,趨勢修復｜量能正常｜結構收斂｜指標初轉強
2026-09-30,1419,66.1,40647,66.1,66.1,66.1,0.007621951219512146,0.0,-0.006015037593985029,0.006088280060882578,0.0,0.010899532117029037,65.86,65.94,66.535,66.4952380952381,43303.4,77907.15,0.5217364516607202,0.5558334504599314,68.3,65.5,68.3,65.5,0.04236006051373127,66.535,65.86,0.010211800302417327,0.0,38.33528384753471,30.17739510317306,1,-0.08111955883923372,0.02554709331119953,-0.10666665215043325,0,15.0,9.0,21.0,10.0,55.0,0.0,55.0,WATCH,🟡 觀察,觀察等待確認,趨勢修復｜量能正常｜結構收斂｜KD/MACD確認
2026-09-30,9929,11.1,13001,11.1,11.1,11.1,0.0183486238532109,0.0,0.013698630136986356,0.009090909090909038,0.0,0.016533267154792804,10.96,11.035,11.1125,11.107142857142858,21318.8,18852.8,0.6896057879996239,1.130802851565755,11.55,10.85,11.55,10.85,0.06306306305738181,11.1125,10.96,0.013738738737501002,0.0,22.003555666960285,19.077711305630146,1,-0.020358647770953198,0.0012009077528929296,-0.021559555523846127,0,15.0,9.0,21.0,10.0,55.0,0.0,55.0,WATCH,🟡 觀察,觀察等待確認,趨勢修復｜量能正常｜結構收斂｜KD/MACD確認
2026-09-30,5283,52.8,59873,52.8,52.8,52.8,0.0038022813688212143,-0.03296703296703307,-0.014925373134328401,0.007633587786259444,0.0,0.018071391154479054,53.220000000000006,53.61,53.614999999999995,53.55714285714286,50581.8,57841.75,1.035117367645325,0.874485989791096,56.3,52.2,56.3,52.2,0.07765151515004438,53.614999999999995,53.220000000000006,0.0074810606059187105,0.0,13.186885631734226,25.099904472953384,0,0.11427930330233238,0.2879529863040832,-0.17367368300175084,0,15.0,17.0,17.0,6.0,55.0,0.0,55.0,WATCH,🟡 觀察,觀察等待確認,趨勢修復｜量能回溫｜結構收斂｜指標初轉強
2026-09-30,6641,17.0,12014,17.0,17.0,17.0,0.002949852507374784,0.0,0.00591715976331364,0.0,0.0,0.008136142792290822,16.919999999999998,16.945,17.044999999999998,17.044999999999998,5425.4,14089.45,0.8526947467785575,0.3850682602940224,17.4,16.75,17.4,16.75,0.03823529411539784,17.044999999999998,16.919999999999998,0.007352941176038063,0.0,53.980789365383195,44.72747533771598,0,-0.10085770749012823,-0.104817021749277,0.0039593142591487634,1,12.0,12.0,21.0,10.0,55.0,0.0,55.0,WATCH,🟡 觀察,觀察等待確認,趨勢修復｜量能正常｜結構收斂｜KD/MACD確認
2026-09-30,1443,23.45,15618,23.45,23.45,23.45,0.019565217391304346,-0.014705882352941235,0.006437768240343367,-0.03696098562628347,0.0,0.011303625078570415,23.2,23.270000000000003,23.479999999999997,23.521428571428572,13716.4,16768.45,0.9313919891223738,0.8179885439619751,23.85,23.0,24.35,23.0,0.03624733475325177,23.479999999999997,23.2,0.011940298506953403,0.0,31.25672922079714,29.62658722431921,1,-0.23896115608524582,-0.2380240618075033,-0.0009370942777425229,0,7.0,17.0,21.0,10.0,55.0,0.0,55.0,WATCH,🟡 觀察,觀察等待確認,量能回溫｜結構收斂｜KD/MACD確認
2026-09-30,4178,16.7,88100,16.7,16.7,16.7,0.009063444108761143,-0.005952380952381042,0.0030030030030030463,-0.029069767441860517,0.0,0.012019437910206725,16.59,16.65,16.725,16.747619047619047,62525.4,85912.8,1.0254583717443613,0.7277774673855266,17.0,16.45,17.2,16.45,0.03293413173455489,16.725,16.59,0.008083832334845373,0.0,30.557746524292728,33.00721404433075,0,-0.12056147262511985,-0.12293590120852942,0.0023744285834095685,1,7.0,17.0,21.0,10.0,55.0,0.0,55.0,WATCH,🟡 觀察,觀察等待確認,量能回溫｜結構收斂｜KD/MACD確認
2026-09-30,4999,17.85,36315,17.85,17.85,17.85,0.00847457627118664,-0.0027932960893852776,-0.0027932960893852776,-0.053050397877984046,0.0,0.006973739120130246,17.86,17.88,18.07,18.107142857142858,47000.2,41348.3,0.8782706906934293,1.136690021113295,18.8,17.7,18.85,17.7,0.061624649856491694,18.07,17.86,0.0117647058816939,0.0,40.37090468650404,31.04963625031023,0,-0.22226063987906386,-0.22290507518311303,0.0006444353040491735,1,7.0,17.0,21.0,10.0,55.0,0.0,55.0,WATCH,🟡 觀察,觀察等待確認,量能回溫｜結構收斂｜KD/MACD確認
2026-09-30,7780,16.25,585103,16.25,16.25,16.25,0.012461059190031154,0.0,0.009316770186335255,-0.02985074626865669,0.0,0.00986141486510136,16.130000000000003,16.175,16.395,16.41190476190476,559791.2,679213.8,0.8614415667055043,0.8241752449670473,17.05,16.05,17.05,16.05,0.06153846153467456,16.395,16.130000000000003,0.016307692306688572,0.0,28.01279516473715,22.61467399556315,1,-0.15335763602117325,-0.14006379951085335,-0.0132938365103199,0,7.0,17.0,21.0,10.0,55.0,0.0,55.0,WATCH,🟡 觀察,觀察等待確認,量能回溫｜結構收斂｜KD/MACD確認
2026-09-30,9907,14.9,1106791,14.9,14.9,14.9,0.013605442176870763,-0.0033444816053510573,-0.006666666666666599,-0.022950819672131084,0.0,0.007310801323321194,14.84,14.885,15.084999999999999,15.092857142857142,1226614.8,1167299.6,0.9481636076976289,1.0508140326613655,15.5,14.7,15.5,14.7,0.05369127516418184,15.084999999999999,14.84,0.01644295301903062,0.0,25.234948709179264,14.095089185290988,1,-0.11612816122414316,-0.0906793138932098,-0.02544884733093336,0,7.0,17.0,21.0,10.0,55.0,0.0,55.0,WATCH,🟡 觀察,觀察等待確認,量能回溫｜結構收斂｜KD/MACD確認
2026-09-30,6405,50.1,470287,50.1,50.1,50.1,0.09989023051591661,0.20432692307692313,0.33244680851063824,0.2846153846153847,0.0,0.04486349189699653,44.12,41.885000000000005,40.6475,40.56904761904762,979522.0,742854.5,0.6330809061532229,1.318591998836917,50.1,37.1,50.1,37.1,0.2594810379189724,44.12,40.6475,0.06931137724412545,0.0,93.56400111462546,83.10210560725626,0,1.581973271484138,0.6258122282969594,0.9561610431871785,0,28.0,4.0,16.0,6.0,54.0,0.0,54.0,WATCH,🟡 觀察,觀察等待確認,趨勢轉強｜結構收斂｜指標初轉強
2026-09-30,1725,34.15,36001,34.15,34.15,34.15,0.004411764705882337,-0.005822416302765698,0.034848484848484906,0.09105431309904155,0.0,0.010812718252401857,33.92,33.735,33.005,32.923809523809524,61948.0,51138.6,0.7039887677800976,1.2113745781073162,34.35,31.35,34.35,31.3,0.08784773059772043,33.92,33.005,0.026793557832304707,0.0,80.51574705469918,82.26056520002074,0,0.6617878121019558,0.586827683386432,0.07496012871552382,0,22.0,4.0,22.0,6.0,54.0,0.0,54.0,WATCH,🟡 觀察,觀察等待確認,趨勢轉強｜結構收斂｜指標初轉強
2026-09-30,2388,73.0,2586687,73.0,73.0,73.0,0.02528089887640439,0.04734576757532283,0.009681881051175623,0.004126547455295615,0.0,0.031791737410774776,71.2,70.6,73.45,73.41428571428571,3675876.8,4521478.6,0.5720887410591747,0.8129811340918431,81.4,69.4,81.4,69.4,0.16438356164158377,73.45,70.6,0.03904109588987626,0.0,62.71877726899942,38.29678811007379,0,-0.7474023338720173,-0.5786530498466429,-0.16874928402537437,0,21.0,9.0,21.0,3.0,54.0,0.0,54.0,WATCH,🟡 觀察,觀察等待確認,趨勢轉強｜量能正常｜結構收斂
2026-09-30,7736,68.5,16073,68.5,68.5,68.5,0.004398826979472137,0.0014619883040933868,0.0014619883040933868,-0.014388489208633115,0.0,0.008996388882790493,68.6,68.71000000000001,69.015,69.03809523809524,23258.2,18163.85,0.8848894920404604,1.280466420940424,69.9,68.2,69.9,68.2,0.024817518247812923,69.015,68.6,0.006058394160495589,0.0,25.583281528878665,30.285695694731444,0,-0.2450485174186241,-0.18700764927748095,-0.05804086814114315,0,18.0,12.0,21.0,3.0,54.0,0.0,54.0,WATCH,🟡 觀察,觀察等待確認,趨勢轉強｜量能正常｜結構收斂
2026-09-30,1337,4.47,431397,4.47,4.47,4.47,0.009029345372460584,0.009029345372460584,-0.0022321428571430157,-0.03455723542116629,0.0,0.009442650396072646,4.448,4.4399999999999995,4.488,4.494761904761905,223252.0,255805.4,1.6864264788780783,0.8727415449400174,4.61,4.39,4.63,4.39,0.04921700222612609,4.488,4.4399999999999995,0.010738255031154961,0.0,57.163832034486305,46.33270343839379,0,-0.04071299763704861,-0.04293772150433454,0.0022247238672859285,1,13.0,25.0,21.0,10.0,69.0,15.0,54.0,WATCH,🟡 觀察,觀察等待確認,趨勢修復｜量能回溫｜結構收斂｜KD/MACD確認｜風險扣分15
2026-09-30,3052,10.4,235038,10.4,10.4,10.4,0.004830917874396157,0.004830917874396157,0.014634146341463428,-0.06726457399103136,0.0,0.012244497921065712,10.379999999999999,10.345,10.4125,10.447619047619048,200639.6,238288.5,0.9863589724220809,0.8420028662734423,10.6,10.2,11.15,10.2,0.03846153845784027,10.4125,10.345,0.006490384614760444,0.0,83.01772266308134,66.97839935681883,0,-0.14886941985601077,-0.17411356850771842,0.025244148651707654,0,13.0,17.0,21.0,3.0,54.0,0.0,54.0,WATCH,🟡 觀察,觀察等待確認,趨勢修復｜量能回溫｜結構收斂
2026-09-30,6269,66.0,4586762,66.0,66.0,66.0,0.016949152542372836,0.010719754977029039,0.020092735703245657,-0.11882510013351144,0.0,0.03270373627276505,64.86,64.57000000000001,66.28,66.69047619047619,2769042.4,5674442.25,0.8083194432016643,0.4879849468905952,75.2,63.3,75.2,63.3,0.1803030303002985,66.28,64.57000000000001,0.02590909090869825,0.0,69.86135718756866,48.06776542620834,0,-2.071362817320278,-2.3308999538216586,0.25953713650138077,0,13.0,17.0,21.0,3.0,54.0,0.0,54.0,WATCH,🟡 觀察,觀察等待確認,趨勢修復｜量能回溫｜結構收斂
2026-09-30,6781,1020.0,310063,1020.0,1020.0,1020.0,0.00990099009900991,0.00990099009900991,0.022044088176352616,-0.09333333333333338,0.0,0.023878415167271565,1013.0,1006.8,1037.8,1041.952380952381,249267.8,347006.35,0.8935369626521219,0.7183378632696471,1155.0,982.0,1155.0,982.0,0.16960784313708863,1037.8,1006.8,0.030392156862715302,0.0,80.00816779466186,62.11895589865243,0,-26.072559191487358,-27.877149385873615,1.8045901943862575,0,13.0,17.0,21.0,3.0,54.0,0.0,54.0,WATCH,🟡 觀察,觀察等待確認,趨勢修復｜量能回溫｜結構收斂
2026-09-30,2467,539.0,1037845,539.0,539.0,539.0,-0.009191176470588203,0.024714828897338448,0.003724394785847407,-0.12071778140293643,0.0,0.022429226510377466,532.4,527.0,558.75,561.3333333333334,801601.6,994421.75,1.0436668345196582,0.8060982173811053,624.0,516.0,624.0,516.0,0.20037105751354292,558.75,527.0,0.058905380333842475,0.0,62.352908449924854,40.68633141274613,0,-20.026110129678614,-20.376257236929504,0.3501471072508906,1,6.0,17.0,21.0,10.0,54.0,0.0,54.0,WATCH,🟡 觀察,觀察等待確認,量能回溫｜結構收斂｜KD/MACD確認
2026-09-30,2206,62.1,760246,62.1,62.1,62.1,-0.006399999999999961,-0.026645768025078342,-0.015847860538827252,-0.015847860538827252,0.0,0.005870852790695434,63.0,63.39,63.42,63.404761904761905,392938.2,595555.05,1.2765335463111238,0.6597848511233333,64.2,62.1,64.2,62.1,0.03381642512022842,63.42,63.0,0.006763285024045707,0.0,19.13658990321392,37.846833742384035,0,-0.09818051586101006,0.06895519270592436,-0.16713570856693444,0,5.0,25.0,21.0,3.0,54.0,0.0,54.0,WATCH,🟡 觀察,觀察等待確認,量能回溫｜結構收斂
2026-09-30,2548,91.6,1628153,91.6,91.6,91.6,-0.006507592190889477,-0.022411953041622246,-0.013993541442411273,-0.013993541442411273,0.0,0.013705860828887813,92.94000000000001,93.2,93.66499999999999,93.62857142857143,982505.6,1054046.95,1.5446683850278193,0.9321269797327331,96.5,91.6,96.5,91.6,0.05349344978107546,93.66499999999999,92.94000000000001,0.007914847161485428,0.0,21.607060703822945,35.37572032513693,0,-0.14613414177529194,0.1018189546895841,-0.24795309646487604,0,5.0,25.0,21.0,3.0,54.0,0.0,54.0,WATCH,🟡 觀察,觀察等待確認,量能回溫｜結構收斂
2026-09-30,2424,8.3,21000,8.3,8.3,8.3,0.022167487684729315,0.0362047440699127,0.040100250626566414,0.0362047440699127,0.0,0.03150326947015549,8.193999999999999,8.169,8.091,8.087142857142856,23232.2,38254.2,0.5489593299559121,0.6073110926381782,8.6,7.88,8.6,7.88,0.08674698794135574,8.193999999999999,8.091,0.0124096385527217,0.0,43.97564884165359,38.9195207324934,0,0.04938345643806841,0.03383928049758092,0.015544175940487487,0,28.0,9.0,25.0,6.0,68.0,15.0,53.0,WATCH,🟡 觀察,觀察等待確認,趨勢轉強｜量能正常｜結構收斂｜指標初轉強｜風險扣分15
2026-09-30,3016,169.0,43282581,169.0,169.0,169.0,-0.020289855072463725,0.4024896265560165,0.5022222222222221,0.6407766990291262,0.0,0.04611706657182139,155.9,135.75,119.74000000000001,118.94285714285715,45844319.8,20907763.4,2.0701679166696523,2.192693638383147,172.5,98.3,172.5,98.3,0.43905325443527193,155.9,119.74000000000001,0.21396449704015405,0.0,97.48695070130461,97.17494883157521,0,14.8548595273015,8.128637312715362,6.726222214586137,0,28.0,20.0,11.0,6.0,65.0,12.0,53.0,WATCH,🟡 觀察,觀察等待確認,趨勢轉強｜量能回溫｜結構尚可｜指標初轉強｜風險扣分12
2026-09-30,3312,52.0,1021388,52.0,52.0,52.0,0.0216110019646365,-0.04936014625228524,0.09704641350210963,0.011673151750972721,0.0,0.03929717342462996,51.779999999999994,50.785,50.8375,50.86428571428572,1986232.4,1366295.1,0.7475603184114465,1.4537360194002003,56.0,46.7,56.0,46.7,0.17884615384271446,51.779999999999994,50.785,0.019134615384247364,0.0,57.04175164330486,56.28125398911418,0,0.09288976394991977,-0.153654305813862,0.24654406976378176,0,22.0,4.0,21.0,6.0,53.0,0.0,53.0,WATCH,🟡 觀察,觀察等待確認,趨勢轉強｜結構收斂｜指標初轉強
2026-09-30,2449,294.5,24039103,294.5,294.5,294.5,0.0,-0.023217247097844118,0.12619502868068833,0.14591439688715946,0.0,0.040450740818747846,304.2,289.75,278.875,277.8333333333333,38213220.6,28273563.3,0.8502325209217615,1.351553046021617,317.0,257.0,317.0,257.0,0.2037351443117021,304.2,278.875,0.08599320882823089,0.0,70.50733510300874,72.07311402371565,0,10.90915190379826,8.220958579232011,2.6881933245662495,0,22.0,12.0,13.0,6.0,53.0,0.0,53.0,WATCH,🟡 觀察,觀察等待確認,趨勢轉強｜量能正常｜結構尚可｜指標初轉強
2026-09-30,2072,131.5,123671,131.5,131.5,131.5,0.0,0.019379844961240345,0.02734375,-0.07067137809187274,0.0,0.015467579981503653,129.1,128.75,131.175,131.66666666666666,180672.6,282542.2,0.4377080662640822,0.6394535046446137,141.5,126.5,141.5,126.5,0.11406844106377136,131.175,128.75,0.01844106463864312,0.0,67.09756755309003,45.43457238791151,0,-2.5469706578143416,-2.999434687846142,0.4524640300318006,0,20.0,9.0,21.0,3.0,53.0,0.0,53.0,WATCH,🟡 觀察,觀察等待確認,趨勢轉強｜量能正常｜結構收斂
2026-09-30,3003,60.4,334494,60.4,60.4,60.4,0.011725293132328174,0.025466893039049143,0.057793345008756436,-0.12463768115942031,0.0,0.026941576675686897,59.42,58.77,60.235,60.65238095238095,409904.4,678492.35,0.4929959785102949,0.6041400466784915,68.0,56.6,69.0,56.6,0.18874172185117977,60.235,58.77,0.024254966887015585,0.0,88.21453947021195,74.20939444291906,0,-1.928021084479795,-2.3743109650510785,0.4462898805712836,0,20.0,9.0,21.0,3.0,53.0,0.0,53.0,WATCH,🟡 觀察,觀察等待確認,趨勢轉強｜量能正常｜結構收斂
2026-09-30,3305,106.0,715550,106.0,106.0,106.0,0.014354066985645897,0.034146341463414664,0.06000000000000005,-0.0535714285714286,0.0,0.021514457768923797,103.7,102.36,104.425,104.78571428571429,638717.4,965783.75,0.7409008486630669,0.6613461864521942,114.5,98.1,114.5,98.1,0.15471698113061594,104.425,102.36,0.019481132075287892,0.0,90.73051880430504,75.68616731089126,0,-1.7326968738248354,-2.303483487074,0.5707866132491648,0,20.0,9.0,21.0,3.0,53.0,0.0,53.0,WATCH,🟡 觀察,觀察等待確認,趨勢轉強｜量能正常｜結構收斂
2026-09-30,6141,51.8,1723520,51.8,51.8,51.8,-0.020793950850661602,0.05714285714285716,0.061475409836065475,-0.12054329371816641,0.0,0.040229682088899606,51.81999999999999,50.57,51.485,51.838095238095235,2304608.8,2647760.15,0.650935093195658,0.8703993826631159,58.0,48.35,58.9,48.35,0.18629343628983988,51.81999999999999,50.57,0.024131274130808143,0.0,75.03773874464956,59.75879084557189,0,-1.373663438551219,-1.826572248520768,0.4529088099695491,0,20.0,9.0,21.0,3.0,53.0,0.0,53.0,WATCH,🟡 觀察,觀察等待確認,趨勢轉強｜量能正常｜結構收斂
2026-09-30,8222,35.8,250901,35.8,35.8,35.8,0.014164305949008416,0.0013986013986013734,0.03170028818443793,-0.0843989769820973,0.0,0.01460607092015983,35.339999999999996,35.19,35.777499999999996,35.93571428571428,154807.0,322533.9,0.7779058263332915,0.4799712526342177,38.5,34.25,39.1,34.25,0.11871508379556664,35.777499999999996,35.19,0.01641061452468123,0.0,74.94484298437334,60.30513310078865,0,-0.7627308776773418,-0.8961477888708422,0.1334169111935004,0,20.0,9.0,21.0,3.0,53.0,0.0,53.0,WATCH,🟡 觀察,觀察等待確認,趨勢轉強｜量能正常｜結構收斂
2026-09-30,5203,58.4,82172,58.4,58.4,58.4,-0.0034129692832765013,-0.0034129692832765013,0.0121317157712304,-0.013513513513513598,0.0,0.012748262989873695,58.4,58.080000000000005,57.825,57.89047619047619,79336.8,107280.4,0.7659553842081055,0.739527443969255,59.0,55.6,59.2,55.6,0.05821917808119486,58.4,57.825,0.009845890410790238,0.0,88.23350155049823,83.1945521176988,0,-0.07110323020954468,-0.2517909335980035,0.1806877033884588,0,19.0,9.0,22.0,3.0,53.0,0.0,53.0,WATCH,🟡 觀察,觀察等待確認,趨勢轉強｜量能正常｜結構收斂
2026-09-30,9937,54.5,22000,54.5,54.5,54.5,0.007393715341959206,0.005535055350553542,-0.005474452554744436,-0.009090909090909038,0.0,0.005949683083487049,54.24000000000001,54.32000000000001,54.779999999999994,54.790476190476184,17794.2,42674.05,0.5155357881428991,0.4169794055169262,55.7,54.1,55.7,54.1,0.029357798164598967,54.779999999999994,54.24000000000001,0.009908256880551866,0.0,39.010302426717594,21.940352028939735,1,-0.22510931030668502,-0.16851305964273444,-0.056596250663950576,0,18.0,4.0,21.0,10.0,53.0,0.0,53.0,WATCH,🟡 觀察,觀察等待確認,趨勢轉強｜結構收斂｜KD/MACD確認
2026-09-30,1536,46.9,461528,46.9,46.9,46.9,0.007518796992481258,0.0032085561497325887,0.0010672358591248265,-0.05443548387096775,0.0,0.010422028566072343,46.62,46.51,47.4925,47.59285714285714,672017.2,1035188.2,0.4458397033505594,0.6491739376472793,49.8,46.0,49.8,46.0,0.08102345415605489,47.4925,46.51,0.02094882729166424,0.0,62.235902744061086,44.54920110477117,0,-0.7078652680634718,-0.7264800204632481,0.01861475239977628,1,13.0,9.0,21.0,10.0,53.0,0.0,53.0,WATCH,🟡 觀察,觀察等待確認,趨勢修復｜量能正常｜結構收斂｜KD/MACD確認
2026-09-30,1616,18.65,193401,18.65,18.65,18.65,0.0191256830601092,0.013586956521739024,0.013586956521739024,-0.04603580562659859,0.0,0.01188247862953781,18.43,18.41,18.665,18.70714285714286,169952.2,332277.3,0.5820469830469894,0.5114770103163818,19.45,18.25,19.55,18.25,0.06434316353542392,18.665,18.41,0.01367292225127754,0.0,48.58600847689097,30.899616296257644,0,-0.24564436043853632,-0.2593910947064863,0.013746734267949978,1,13.0,9.0,21.0,10.0,53.0,0.0,53.0,WATCH,🟡 觀察,觀察等待確認,趨勢修復｜量能正常｜結構收斂｜KD/MACD確認
2026-09-30,1762,34.35,51529,34.35,34.35,34.35,0.01928783382789323,0.013274336283185972,0.025373134328358304,-0.04317548746518096,0.0,0.01089376362225799,33.800000000000004,33.795,34.4075,34.47857142857143,48179.8,72366.15,0.7120594366288561,0.6657781296918427,36.2,33.5,36.2,33.5,0.07860262008504805,34.4075,33.795,0.017831149926700613,0.0,51.19142099023772,31.444917958747702,0,-0.4797375573371383,-0.5110675936699071,0.03133003633276876,1,13.0,9.0,21.0,10.0,53.0,0.0,53.0,WATCH,🟡 觀察,觀察等待確認,趨勢修復｜量能正常｜結構收斂｜KD/MACD確認
2026-09-30,1904,24.6,1196699,24.6,24.6,24.6,0.014432989690721598,0.0020366598778003286,-0.008064516129032251,-0.023809523809523725,0.0,0.01776129946975238,24.72,24.67,24.73,24.75238095238095,1598633.0,1764345.1,0.6782681007247388,0.9060772747916488,25.55,24.25,25.55,24.25,0.052845528453136385,24.73,24.67,0.002439024390144703,0.0,41.86987096037778,41.826093643791594,1,-0.11069699964061996,-0.10267733223056016,-0.0080196674100598,0,13.0,9.0,21.0,10.0,53.0,0.0,53.0,WATCH,🟡 觀察,觀察等待確認,趨勢修復｜量能正常｜結構收斂｜KD/MACD確認
2026-09-30,2380,17.0,84939,17.0,17.0,17.0,0.027190332326283873,0.030303030303030276,0.0,-0.10761154855643051,0.0,0.021435864758912314,16.71,16.744999999999997,17.265,17.35,58147.4,113695.0,0.7470777079027155,0.511433220458239,18.5,16.5,19.05,16.5,0.117647058816609,17.265,16.71,0.03264705882160898,0.0,32.24808053583639,21.469415669872596,0,-0.5183288720901587,-0.5369545464446975,0.01862567435453888,1,13.0,9.0,21.0,10.0,53.0,0.0,53.0,WATCH,🟡 觀察,觀察等待確認,趨勢修復｜量能正常｜結構收斂｜KD/MACD確認
2026-09-30,3150,15.65,23000,15.65,15.65,15.65,0.03300330033003296,0.019543973941368087,0.029605263157894912,-0.07669616519174038,0.0,0.017984145335568042,15.430000000000001,15.294999999999998,15.8,15.854761904761904,22292.2,32218.8,0.7138689212509245,0.691900381143907,17.05,15.0,17.05,15.0,0.1309904153270933,15.8,15.294999999999998,0.03226837060496704,0.0,61.36476845072971,43.49490307998454,0,-0.3682078736716292,-0.3872663867556969,0.019058513084067696,1,13.0,9.0,21.0,10.0,53.0,0.0,53.0,WATCH,🟡 觀察,觀察等待確認,趨勢修復｜量能正常｜結構收斂｜KD/MACD確認
2026-09-30,6409,907.0,261917,907.0,907.0,907.0,0.03420752565564422,0.014541387024608499,0.03775743707093815,-0.1236714975845411,0.0,0.021697514340846026,886.8,886.3,915.35,921.047619047619,222857.8,369319.3,0.7091884989492813,0.6034285237733295,1030.0,861.0,1035.0,861.0,0.1863285556778541,915.35,886.3,0.03202866593160754,0.0,52.52709620596133,39.06625682795203,1,-32.05302639525996,-35.02771593784241,2.9746895425824462,0,13.0,9.0,21.0,10.0,53.0,0.0,53.0,WATCH,🟡 觀察,觀察等待確認,趨勢修復｜量能正常｜結構收斂｜KD/MACD確認
2026-09-30,1339,42.35,56093,42.35,42.35,42.35,0.0011820330969267712,-0.010514018691588634,-0.002355712603062443,-0.010514018691588634,0.0,0.007893168355441377,42.58,42.8,42.875,42.87142857142857,67412.4,63357.5,0.8853411198358382,1.064000315669004,43.45,42.3,43.45,42.3,0.02715466351765882,42.875,42.58,0.006965761511051617,0.0,19.033465368398918,36.704367434860885,0,-0.08927898444134286,-0.010847620787514136,-0.07843136365382872,0,12.0,17.0,21.0,3.0,53.0,0.0,53.0,WATCH,🟡 觀察,觀察等待確認,趨勢修復｜量能回溫｜結構收斂
2026-09-30,2382,333.5,12063193,333.5,333.5,333.5,-0.008915304606240682,-0.03193033381712629,0.003007518796992459,-0.01477104874446089,0.0,0.020005932653249923,338.4,339.7,338.925,338.9047619047619,10914263.2,14479686.0,0.8331115053185545,0.753763803994092,347.5,328.0,347.5,328.0,0.05847076461751583,339.7,338.4,0.0038980509745010893,0.0,37.33869883009975,56.73388910310842,0,-0.157555199752494,0.2914588550311194,-0.4490140547836134,0,12.0,17.0,21.0,3.0,53.0,0.0,53.0,WATCH,🟡 觀察,觀察等待確認,趨勢修復｜量能回溫｜結構收斂
2026-09-30,2385,104.5,2617470,104.5,104.5,104.5,0.0,-0.009478672985781977,-0.009478672985781977,-0.018779342723004744,0.0,0.016384259358003018,104.3,104.95,106.025,106.04761904761905,2066795.8,2766438.6,0.946151488776942,0.7470962124371744,110.5,103.5,110.5,103.5,0.06698564593237334,106.025,104.3,0.01650717703333494,0.0,25.961604341382774,29.815888156036863,0,-0.6300161095525567,-0.46555221352609566,-0.16446389602646105,0,12.0,17.0,21.0,3.0,53.0,0.0,53.0,WATCH,🟡 觀察,觀察等待確認,趨勢修復｜量能回溫｜結構收斂
2026-09-30,6504,36.95,31050,36.95,36.95,36.95,-0.006720430107526876,-0.017287234042553168,-0.008053691275167751,-0.012032085561497263,0.0,0.012569848823497853,36.92999999999999,36.955,37.175,37.18571428571428,19225.8,35423.6,0.8765342878758547,0.542739868336348,37.9,36.55,37.9,36.55,0.036535859268294064,37.175,36.92999999999999,0.006630581867209038,0.0,41.31026048686552,38.38533284597094,0,-0.10518948311406007,-0.102837667041522,-0.0023518160725380655,0,12.0,17.0,21.0,3.0,53.0,0.0,53.0,WATCH,🟡 觀察,觀察等待確認,趨勢修復｜量能回溫｜結構收斂
2026-09-30,7760,32.55,35224,32.55,32.55,32.55,-0.021052631578947434,-0.013636363636363669,-0.013636363636363669,-0.013636363636363669,0.0,0.01054732937931294,32.92,32.864999999999995,32.927499999999995,32.93095238095238,40116.8,37626.4,0.9361512129780969,1.066187570429245,33.3,32.5,33.3,32.5,0.024577572963914586,32.927499999999995,32.864999999999995,0.0019201228878058339,0.0,50.232648923431505,56.85918712957039,0,-0.026853770440879998,-0.031367709743154046,0.004513939302274048,0,12.0,17.0,21.0,3.0,53.0,0.0,53.0,WATCH,🟡 觀察,觀察等待確認,趨勢修復｜量能回溫｜結構收斂
2026-09-30,9917,105.5,321080,105.5,105.5,105.5,0.0,-0.009389671361502372,-0.009389671361502372,-0.004716981132075526,0.0,0.007820957058290159,105.9,106.25,106.175,106.16666666666667,266839.2,325237.3,0.9872176407810513,0.8204446414971445,108.5,105.5,108.5,105.5,0.028436018957076436,106.25,105.9,0.0033175355449921967,0.0,11.759055927419146,26.031083743969365,0,-0.031641694457945846,0.06095712392886288,-0.09259881838680872,0,12.0,17.0,21.0,3.0,53.0,0.0,53.0,WATCH,🟡 觀察,觀察等待確認,趨勢修復｜量能回溫｜結構收斂
2026-09-30,1731,20.9,201621,20.9,20.9,20.9,0.0023980815347719453,0.0,0.0,0.0,0.0,0.004039515239393372,20.919999999999998,20.884999999999998,20.905,20.904761904761905,114219.6,84705.95,2.380246015775723,1.3484247564663245,21.0,20.75,21.0,20.75,0.011961722487465947,20.919999999999998,20.884999999999998,0.0016746411482452394,0.0,61.36482286158794,62.78318035103541,0,-0.0008441485288273043,-0.0022758395556762563,0.001431691026848952,0,12.0,20.0,18.0,3.0,53.0,0.0,53.0,WATCH,🟡 觀察,觀察等待確認,趨勢修復｜量能回溫｜結構收斂
2026-09-30,2020,26.7,5306101,26.7,26.7,26.7,0.09876543209876543,0.24766355140186924,0.25058548009367665,0.22477064220183474,0.0,0.03128022855478147,23.24,22.35,22.04,22.02857142857143,2441767.4,828952.65,6.400969946835918,2.945605397364972,26.7,21.35,26.7,21.35,0.20037453182770126,23.24,22.04,0.04494382022303579,0.0,85.21037803797395,65.21800697688764,0,0.5377186490672656,0.09528479110613847,0.44243385796112716,0,28.0,4.0,22.0,6.0,60.0,8.0,52.0,WATCH,🟡 觀察,觀察等待確認,趨勢轉強｜結構收斂｜指標初轉強｜風險扣分8
2026-09-30,2025,14.65,4961003,14.65,14.65,14.65,0.09737827715355807,0.18145161290322576,0.19105691056910556,0.14453125,0.0,0.026766480531322374,13.26,12.73,12.6425,12.649999999999999,1945768.4,724904.15,6.843667538666998,2.684173348986893,14.65,11.85,14.65,11.85,0.19112627985043512,13.26,12.6425,0.042150170645587,0.0,94.31198964750304,82.13454527553698,0,0.19487205123890305,-0.017461294668378036,0.2123333459072811,0,28.0,4.0,22.0,6.0,60.0,8.0,52.0,WATCH,🟡 觀察,觀察等待確認,趨勢轉強｜結構收斂｜指標初轉強｜風險扣分8
2026-09-30,2032,20.3,8296361,20.3,20.3,20.3,0.0201005025125629,0.1941176470588235,0.21921921921921927,0.1768115942028985,0.0,0.023921576262952614,18.75,17.815000000000005,17.43,17.42142857142857,5189967.2,1501960.25,5.523688792696075,3.4554624198609765,20.3,16.6,20.3,16.6,0.1822660098432381,18.75,17.43,0.06502463053866875,0.0,94.87246448222814,84.0933649682454,0,0.49273762449306346,0.12999415462779718,0.3627434698652663,0,28.0,4.0,22.0,6.0,60.0,8.0,52.0,WATCH,🟡 觀察,觀察等待確認,趨勢轉強｜結構收斂｜指標初轉強｜風險扣分8
2026-09-30,2034,24.8,18962893,24.8,24.8,24.8,0.05982905982905984,0.15617715617715633,0.2216748768472907,0.2068126520681266,0.0,0.01807570304466536,22.990000000000002,22.005000000000003,21.325,21.288095238095238,11203342.4,3732917.9,5.079911615522001,3.0012292528587348,24.8,20.25,24.8,20.25,0.18346774192808601,22.990000000000002,21.325,0.06713709677148652,0.0,97.38473082389976,90.55974414788864,0,0.7170790655499957,0.3365644748123569,0.38051459073763877,0,28.0,4.0,22.0,6.0,60.0,8.0,52.0,WATCH,🟡 觀察,觀察等待確認,趨勢轉強｜結構收斂｜指標初轉強｜風險扣分8
2026-09-30,2340,40.8,34478123,40.8,40.8,40.8,0.0736842105263158,0.18260869565217375,0.2730109204368174,0.2142857142857142,0.0,0.03468801850225705,36.36,34.75,33.805,33.7952380952381,13035873.6,5233743.2,6.587660433931873,2.4907361904955514,40.8,31.15,40.8,31.15,0.23651960783734022,36.36,33.805,0.06262254901807297,0.0,95.73507031010459,86.98431885869212,0,1.0085076091867506,0.24137946252996562,0.767128146656785,0,28.0,4.0,22.0,6.0,60.0,8.0,52.0,WATCH,🟡 觀察,觀察等待確認,趨勢轉強｜結構收斂｜指標初轉強｜風險扣分8
2026-09-30,3576,19.7,86571378,19.7,19.7,19.7,0.09749303621169925,0.11299435028248594,0.1867469879518071,0.08241758241758235,0.0,0.030427122818876908,18.25,17.47,17.2275,17.273809523809526,34299892.2,13982496.95,6.191410469072192,2.453059158364415,19.7,16.05,19.7,16.05,0.1852791878078538,18.25,17.2275,0.05190355329685773,0.0,91.6494849713456,80.57847774637195,0,0.1657786428380632,-0.14151909196109233,0.30729773479915556,0,28.0,4.0,22.0,6.0,60.0,8.0,52.0,WATCH,🟡 觀察,觀察等待確認,趨勢轉強｜結構收斂｜指標初轉強｜風險扣分8
2026-09-30,3673,75.5,37006920,75.5,75.5,75.5,0.09898107714701587,0.1491628614916285,0.1908517350157728,0.10703812316715533,0.0,0.031383105179507244,68.03999999999999,65.97,65.315,65.45238095238095,11970824.8,5533453.05,6.687852895038116,2.163355266925053,75.5,61.5,75.5,61.5,0.1854304635737029,68.03999999999999,65.315,0.036092715231309955,0.0,93.57709975116491,83.18971205339238,0,0.5485007282808994,-0.5358562004898141,1.0843569287707133,0,28.0,4.0,22.0,6.0,60.0,8.0,52.0,WATCH,🟡 觀察,觀察等待確認,趨勢轉強｜結構收斂｜指標初轉強｜風險扣分8
2026-09-30,4545,39.1,931770,39.1,39.1,39.1,0.09985935302391002,0.15000000000000013,0.17241379310344818,0.23538704581358627,0.0,0.030384883988529628,34.95,34.06,33.0575,32.99047619047619,289836.0,150360.95,6.196888221310079,1.9276015481413098,39.1,31.4,39.1,31.4,0.19693094628652358,34.95,33.0575,0.04840153452561647,0.0,83.57129806785632,76.96920314861207,0,1.0392471657073656,0.5404141998192147,0.49883296588815096,0,28.0,4.0,22.0,6.0,60.0,8.0,52.0,WATCH,🟡 觀察,觀察等待確認,趨勢轉強｜結構收斂｜指標初轉強｜風險扣分8
2026-09-30,1809,47.85,19478355,47.85,47.85,47.85,0.06333333333333346,0.226923076923077,0.29324324324324325,0.226923076923077,0.0,0.03265121318787578,44.010000000000005,40.825,39.4,39.38095238095238,13429671.0,4214517.95,4.621727853834385,3.186525994034501,47.85,36.0,47.85,36.0,0.24764890281614113,44.010000000000005,39.4,0.09634273772003478,0.0,94.84915054557658,85.41214187113788,0,1.5771009301112144,0.48955289987181316,1.0875480302394012,0,28.0,4.0,14.0,6.0,52.0,0.0,52.0,WATCH,🟡 觀察,觀察等待確認,趨勢轉強｜結構尚可｜指標初轉強
2026-09-30,2363,59.1,7012027,59.1,59.1,59.1,-0.0016891891891892552,0.0016949152542373724,0.14980544747081725,0.15655577299412915,0.0,0.028271958382449506,59.3,56.44000000000001,53.985,53.84761904761905,15554470.0,8780065.1,0.7986304110660863,1.7715665912317664,60.3,50.1,60.3,50.1,0.1725888324843893,59.3,53.985,0.0899323181033852,0.0,87.49534188082858,86.63721549279585,0,2.1192217756757543,1.381126165444253,0.7380956102315013,0,28.0,4.0,14.0,6.0,52.0,0.0,52.0,WATCH,🟡 觀察,觀察等待確認,趨勢轉強｜結構尚可｜指標初轉強
2026-09-30,6674,18.25,148899,18.25,18.25,18.25,0.0,0.05187319884726227,0.14779874213836486,0.15506329113924044,0.0,0.029145035320392546,18.29,17.18,16.57,16.53333333333333,955558.8,265629.2,0.5605520778589079,3.597340954985357,18.4,15.6,18.4,15.6,0.1534246575258397,18.29,16.57,0.09424657533730149,0.0,90.20373182824537,78.80647826011676,0,0.6227488045412954,0.3610114349584721,0.26173736958282334,0,28.0,4.0,14.0,6.0,52.0,0.0,52.0,WATCH,🟡 觀察,觀察等待確認,趨勢轉強｜結構尚可｜指標初轉強
2026-09-30,6706,150.0,4351935,150.0,150.0,150.0,-0.0066225165562914245,-0.08536585365853655,-0.0066225165562914245,0.2195121951219512,0.0,0.05145190368469412,147.4,148.6,138.525,137.78571428571428,5946774.8,6868602.15,0.6335983515947272,0.8657911275294928,164.0,120.5,164.0,120.5,0.2899999999980667,148.6,138.525,0.06716666666621882,0.0,37.97670988427046,50.41717582666409,0,6.768281006116467,6.13887335502268,0.6294076510937874,0,22.0,9.0,15.0,6.0,52.0,0.0,52.0,WATCH,🟡 觀察,觀察等待確認,趨勢轉強｜量能正常｜結構收斂｜指標初轉強
2026-09-30,3032,78.3,165408,78.3,78.3,78.3,0.005134788189987027,0.0012787723785165905,0.10593220338983045,-0.03571428571428581,0.0,0.028637282412401568,79.02000000000001,76.66,77.16499999999999,77.35714285714286,716891.0,481991.8,0.3431759627445937,1.4873510296233226,82.0,70.5,82.0,70.5,0.1468710089380987,79.02000000000001,76.66,0.030140485312514342,0.0,70.38982734166721,67.90484162432432,0,-0.410394780512064,-0.9632247957937816,0.5528300152817176,0,20.0,4.0,25.0,3.0,52.0,0.0,52.0,WATCH,🟡 觀察,觀察等待確認,趨勢轉強｜結構收斂
2026-09-30,3543,51.2,10696796,51.2,51.2,51.2,0.019920318725099584,0.13651498335183154,0.21759809750297276,-0.039399624765478314,0.0,0.04002146012564488,48.02,45.834999999999994,45.105000000000004,45.49523809523809,3855384.6,2365814.9,4.521400216052404,1.6296222498218262,51.2,42.0,53.3,42.0,0.17968749999649053,48.02,45.105000000000004,0.056933593748888,0.0,90.48169670104167,79.86980592197503,0,-0.5252562450442682,-1.607834847775791,1.082578602731523,0,20.0,4.0,25.0,3.0,52.0,0.0,52.0,WATCH,🟡 觀察,觀察等待確認,趨勢轉強｜結構收斂
2026-09-30,4949,76.3,382077,76.3,76.3,76.3,0.003947368421052699,-0.00909090909090915,0.05096418732782371,-0.0052151238591917615,0.0,0.027218700291685886,75.22,74.47999999999999,76.025,76.05714285714286,458741.0,804314.1,0.4750345667196429,0.570350563293618,82.3,71.5,82.3,71.5,0.14154652686577263,76.025,74.47999999999999,0.020249017037742685,0.0,70.82693197993902,58.48014800818866,0,-0.44095443799294287,-0.5783682019674591,0.1374137639745162,0,19.0,9.0,21.0,3.0,52.0,0.0,52.0,WATCH,🟡 觀察,觀察等待確認,趨勢轉強｜量能正常｜結構收斂
2026-09-30,5533,13.95,48000,13.95,13.95,13.95,0.0072202166064980755,-0.017605633802816878,0.01086956521739113,0.0,0.0,0.006153806739115061,13.969999999999999,13.985,13.9475,13.947619047619046,56218.4,116982.35,0.41031830870212116,0.4805716417904027,14.2,13.8,14.2,13.8,0.028673835123392458,13.985,13.9475,0.002688172042818027,0.0,34.43481715708492,47.74303442518999,0,0.007898570377925296,0.010723348169013585,-0.002824777791088289,0,19.0,9.0,18.0,6.0,52.0,0.0,52.0,WATCH,🟡 觀察,觀察等待確認,趨勢轉強｜量能正常｜結構收斂｜指標初轉強
2026-09-30,6605,137.5,156952,137.5,137.5,137.5,-0.0036231884057971175,-0.017857142857142905,0.011029411764705843,-0.0072202166064981865,0.0,0.00947262743688741,138.5,138.1,137.5,137.54761904761904,149533.6,259514.25,0.6047914517218203,0.5762057382205387,140.0,135.5,140.0,135.5,0.03272727272703471,138.5,137.5,0.007272727272674381,0.0,54.785497566075954,62.13651075424746,0,0.0916629194045413,-0.037104813720457375,0.12876773312499867,0,19.0,9.0,18.0,6.0,52.0,0.0,52.0,WATCH,🟡 觀察,觀察等待確認,趨勢轉強｜量能正常｜結構收斂｜指標初轉強
2026-09-30,2834,17.75,19394771,17.75,17.75,17.75,0.008522727272727293,-0.032697547683923744,-0.032697547683923744,0.0471976401179941,0.0,0.015005484579416636,17.869999999999997,18.1,17.8275,17.785714285714285,24140601.2,48244476.4,0.4020101874294567,0.5003806238842298,18.75,17.0,18.75,16.95,0.0985915492902202,18.1,17.8275,0.015352112675191478,0.0,16.52555058290722,32.242258222375185,0,0.2018374517674033,0.27255410592159957,-0.07071665415419626,0,15.0,9.0,25.0,3.0,52.0,0.0,52.0,WATCH,🟡 觀察,觀察等待確認,趨勢修復｜量能正常｜結構收斂
2026-09-30,2884,44.85,30746754,44.85,44.85,44.85,-0.00111358574610243,-0.02922077922077926,-0.032362459546925515,0.1283018867924528,0.0,0.022512928333645595,45.4,45.9,44.855000000000004,44.61190476190476,24677885.2,48222861.15,0.637597049755311,0.5117465992579331,47.3,39.9,47.3,39.75,0.16499442586031224,45.9,44.855000000000004,0.023299888516760195,0.0,13.54646809541443,34.13560188135616,0,1.1798343599482806,1.4245674811934388,-0.24473312124515822,0,15.0,9.0,25.0,3.0,52.0,0.0,52.0,WATCH,🟡 觀察,觀察等待確認,趨勢修復｜量能正常｜結構收斂
2026-09-30,2887,41.95,34912298,41.95,41.95,41.95,0.0035885167464115852,-0.0422374429223743,-0.036739380022961954,0.08819714656290545,0.0,0.018341661692944166,42.42,43.214999999999996,42.5625,42.37142857142857,38040172.4,58767140.35,0.5940785580525529,0.6473034449769682,44.4,40.3,44.4,38.55,0.09773539928253316,43.214999999999996,42.42,0.018951132299905686,0.0,17.460298746259024,38.2102313268686,0,0.7606623250039135,1.0346789862207615,-0.274016661216848,0,15.0,9.0,25.0,3.0,52.0,0.0,52.0,WATCH,🟡 觀察,觀察等待確認,趨勢修復｜量能正常｜結構收斂
2026-09-30,2889,16.5,6708250,16.5,16.5,16.5,0.0060975609756097615,-0.023668639053254337,-0.032258064516129115,0.034482758620689724,0.0,0.01434381398477747,16.619999999999997,16.86,16.67,16.635714285714286,8005014.2,15812835.65,0.4242281491112569,0.5062352115194468,17.3,15.65,17.3,15.65,0.09999999999393941,16.86,16.619999999999997,0.014545454544573124,0.0,17.13991080600571,34.70347738949861,0,0.1358285203352665,0.2088735449462325,-0.07304502461096601,0,15.0,9.0,25.0,3.0,52.0,0.0,52.0,WATCH,🟡 觀察,觀察等待確認,趨勢修復｜量能正常｜結構收斂
2026-09-30,4440,17.55,30000,17.55,17.55,17.55,0.005730659025787954,0.0,0.0,0.0028571428571428914,0.0,0.004279287112768494,17.509999999999998,17.56,17.5775,17.573809523809523,21204.0,40605.15,0.738822538520342,0.5221997702261777,17.75,17.45,17.75,17.45,0.017094017093043114,17.5775,17.509999999999998,0.0038461538459348375,0.0,23.804655965182587,22.687064826073343,1,-0.006532237994754553,0.008883452061252751,-0.015415690056007304,0,15.0,9.0,18.0,10.0,52.0,0.0,52.0,WATCH,🟡 觀察,觀察等待確認,趨勢修復｜量能正常｜結構收斂｜KD/MACD確認
2026-09-30,2615,114.0,5251682,114.0,114.0,114.0,0.027027027027026973,-0.02564102564102566,0.008849557522123908,0.0,0.0,0.02609643045851099,114.1,115.55,114.525,114.5,8048871.2,16974337.75,0.309389507699645,0.4741788055913993,120.5,110.5,120.5,110.5,0.08771929824484456,115.55,114.1,0.012719298245502487,0.0,32.07520652879623,43.534601978091395,0,0.11258248666987924,0.34624697004711485,-0.2336644833772356,0,12.0,9.0,25.0,6.0,52.0,0.0,52.0,WATCH,🟡 觀察,觀察等待確認,趨勢修復｜量能正常｜結構收斂｜指標初轉強
2026-09-30,1219,11.45,135251,11.45,11.45,11.45,0.008810572687224738,-0.012931034482758674,0.01777777777777767,0.0,0.0,0.009713650944650293,11.45,11.395,11.4625,11.461904761904762,173559.6,199319.7,0.678563132495179,0.8707598897650314,11.75,11.15,11.75,11.15,0.05240174672031423,11.4625,11.395,0.005895196506035423,0.0,61.68529756534306,58.85392743840454,0,-0.010109565745633375,-0.011263878799815257,0.0011543130541818818,1,12.0,9.0,21.0,10.0,52.0,0.0,52.0,WATCH,🟡 觀察,觀察等待確認,趨勢修復｜量能正常｜結構收斂｜KD/MACD確認
2026-09-30,1503,197.5,779812,197.5,197.5,197.5,0.018041237113401998,-0.005037783375314908,0.002538071065989911,-0.012499999999999956,0.0,0.01706784371242366,196.2,196.7,200.6,200.57142857142858,722122.4,1280351.6,0.6090608236050155,0.5640032003708977,208.5,194.0,208.5,194.0,0.07341772151861561,200.6,196.2,0.022278481012545457,0.0,31.558980810140007,25.09868627559077,1,-1.4556614684716465,-0.9283954003829604,-0.527266068088686,0,12.0,9.0,21.0,10.0,52.0,0.0,52.0,WATCH,🟡 觀察,觀察等待確認,趨勢修復｜量能正常｜結構收斂｜KD/MACD確認
2026-09-30,1712,39.8,315842,39.8,39.8,39.8,0.005050505050504972,-0.0025062656641604564,-0.0025062656641604564,-0.003754693366708528,0.0,0.008530273200611083,39.82000000000001,39.83,40.184999999999995,40.173809523809524,432737.2,654652.8,0.48245726589728094,0.6610178708469578,41.05,39.6,41.05,39.6,0.036432160803104616,40.184999999999995,39.82000000000001,0.009170854271126055,0.0,32.94660335672539,31.087885851342623,1,-0.1003497387191814,-0.04164065424176782,-0.05870908447741358,0,12.0,9.0,21.0,10.0,52.0,0.0,52.0,WATCH,🟡 觀察,觀察等待確認,趨勢修復｜量能正常｜結構收斂｜KD/MACD確認
2026-09-30,2633,25.65,3377957,25.65,25.65,25.65,0.007858546168958647,-0.0019455252918287869,-0.013461538461538525,-0.013461538461538525,0.0,0.004860340082552842,25.57,25.714999999999996,25.9075,25.91190476190476,4371251.0,4337014.05,0.7788669718512901,1.0078941293722576,26.25,25.45,26.25,25.45,0.03118908381944685,25.9075,25.57,0.013157894736329072,0.0,13.444248606092424,10.668464895813326,1,-0.12356609504997351,-0.07701876739613492,-0.046547327653838594,0,12.0,9.0,21.0,10.0,52.0,0.0,52.0,WATCH,🟡 觀察,觀察等待確認,趨勢修復｜量能正常｜結構收斂｜KD/MACD確認
2026-09-30,4552,15.8,189447,15.8,15.8,15.8,0.02931596091205213,-0.00940438871473348,0.02931596091205213,-0.059523809523809534,0.0,0.01900193052426594,15.7,15.73,16.005,16.04285714285714,92296.0,172765.85,1.0965535144821672,0.5342259480099769,16.85,15.35,16.85,15.35,0.09493670885475095,16.005,15.7,0.019303797467132653,0.0,38.27227412302463,39.28347043089599,0,-0.25894039441414485,-0.25250219398087986,-0.0064382004332649845,0,7.0,25.0,17.0,3.0,52.0,0.0,52.0,WATCH,🟡 觀察,觀察等待確認,量能回溫｜結構收斂
2026-09-30,6598,27.4,194798,27.4,27.4,27.4,0.007352941176470562,-0.016157989228007263,-0.012612612612612706,-0.04028021015761829,0.0,0.02074070383368417,27.380000000000003,27.575,27.755000000000003,27.79285714285714,125190.0,157632.15,1.2357758236501803,0.7941907789749694,29.25,27.0,29.25,27.0,0.08211678831817093,27.755000000000003,27.380000000000003,0.01368613138636182,0.0,16.624611435300462,23.50809134804819,0,-0.24206453890696267,-0.19413793844787727,-0.047926600459085394,0,7.0,25.0,17.0,3.0,52.0,0.0,52.0,WATCH,🟡 觀察,觀察等待確認,量能回溫｜結構收斂
2026-09-30,3557,23.0,54872,23.0,23.0,23.0,0.00877192982456143,0.0,0.013215859030837107,-0.04958677685950408,0.0,0.01197152288045578,22.93,22.98,23.4725,23.507142857142856,44451.0,38292.8,1.4329586763046465,1.1608187439936186,24.5,22.7,24.5,22.7,0.07826086956181477,23.4725,22.93,0.023586956520713628,0.0,29.501195888113493,26.176756789314208,1,-0.3348529362760253,-0.298329314524452,-0.03652362175157331,0,0.0,25.0,17.0,10.0,52.0,0.0,52.0,WATCH,🟡 觀察,觀察等待確認,量能回溫｜結構收斂｜KD/MACD確認
2026-09-30,6952,38.8,2014,38.8,38.8,38.8,0.0,-0.013977128335451172,0.0,0.0,0.0,0.013715075192914289,38.66,38.82,38.8,38.8,18699.2,14401.684210526315,0.13984475499940557,1.2984036954741234,39.35,37.0,39.35,37.0,0.06056701030771739,38.82,38.66,0.004123711340100001,0.0,35.99637797569939,44.88809523638895,0,0.13254316488160356,0.15609757001706792,-0.023554405135464362,0,19.0,4.0,22.0,6.0,51.0,0.0,51.0,WATCH,🟡 觀察,觀察等待確認,趨勢轉強｜結構收斂｜指標初轉強
2026-09-30,2327,548.0,25009393,548.0,548.0,548.0,0.0,-0.016157989228007152,0.005504587155963359,0.005504587155963359,0.0,0.03924922538683181,564.0,552.9,554.6,554.1428571428571,37485052.2,36790828.2,0.6797724928627727,1.0188694855203069,589.0,511.0,589.0,511.0,0.14233576642309792,564.0,552.9,0.020255474452517824,0.0,57.425101519434364,63.05436864574689,0,2.7168494499078406,2.485809297981041,0.23104015192679972,0,15.0,9.0,21.0,6.0,51.0,0.0,51.0,WATCH,🟡 觀察,觀察等待確認,趨勢修復｜量能正常｜結構收斂｜指標初轉強
2026-09-30,2353,31.65,10089843,31.65,31.65,31.65,0.0079617834394905,-0.015552099533437058,0.0079617834394905,0.004761904761904745,0.0,0.021063362711284003,31.55,31.714999999999996,31.7075,31.697619047619046,11111686.4,16299532.7,0.6190265196989359,0.681718096126768,32.7,30.9,32.7,30.9,0.056872037912895176,31.714999999999996,31.55,0.00521327014201524,0.0,39.55219475505406,47.57961156965818,0,0.014115389953850865,0.03537147204040054,-0.021256082086549673,0,15.0,9.0,21.0,6.0,51.0,0.0,51.0,WATCH,🟡 觀察,觀察等待確認,趨勢修復｜量能正常｜結構收斂｜指標初轉強
2026-09-30,2464,192.5,8431839,192.5,192.5,192.5,0.0026041666666667407,0.0,0.09686609686609682,0.06944444444444442,0.0,0.04797641115965407,193.1,189.35,193.275,192.64285714285714,12140890.0,15158181.25,0.5562566419371716,0.8009463536398866,222.0,175.5,222.0,175.5,0.24155844155718673,193.275,189.35,0.02038961038950453,0.0,76.23409654382615,69.97809588205178,0,1.7956908059823604,1.7389855018038796,0.05670530417848085,0,15.0,9.0,21.0,6.0,51.0,0.0,51.0,WATCH,🟡 觀察,觀察等待確認,趨勢修復｜量能正常｜結構收斂｜指標初轉強
2026-09-30,2836,12.1,594652,12.1,12.1,12.1,0.008333333333333304,-0.01224489795918371,-0.016260162601626105,0.021097046413502074,0.0,0.009475676866174723,12.14,12.235000000000001,12.23,12.211904761904762,1046044.0,1739480.75,0.34185603951064114,0.6013541684781504,12.5,12.0,12.5,11.85,0.04132231404617171,12.235000000000001,12.14,0.007851239668772677,0.0,15.665456829277998,25.74187633388876,0,0.043167137739642314,0.08308457187043633,-0.039917434130794016,0,15.0,9.0,21.0,6.0,51.0,0.0,51.0,WATCH,🟡 觀察,觀察等待確認,趨勢修復｜量能正常｜結構收斂｜指標初轉強
2026-09-30,2891,68.4,26479156,68.4,68.4,68.4,-0.004366812227074246,-0.02840909090909094,0.004405286343612591,0.057187017001545604,0.0,0.014651736598146222,68.82000000000001,69.57000000000001,68.47,68.29047619047618,21813141.0,33498202.45,0.7904649820993604,0.6511734781159877,71.2,66.5,71.2,64.7,0.06871345029139311,69.57000000000001,68.47,0.016081871344794246,0.0,22.685946859584643,44.279769144964334,0,0.8868857973337754,1.0539072388309065,-0.16702144149713116,0,15.0,9.0,21.0,6.0,51.0,0.0,51.0,WATCH,🟡 觀察,觀察等待確認,趨勢修復｜量能正常｜結構收斂｜指標初轉強
2026-09-30,4590,89.1,118271,89.1,89.1,89.1,0.006779661016949046,-0.028353326063249806,0.009060022650056565,0.006779661016949046,0.0,0.017190610071943987,89.53999999999999,89.47,89.67,89.61428571428571,157867.0,262922.0,0.4498330303283847,0.6004328279870053,93.4,86.8,93.4,86.8,0.07407407407324282,89.67,89.47,0.0022446689113104173,0.0,42.74811429427422,50.226755408101724,0,0.15222191835812282,0.27505350969574377,-0.12283159133762095,0,15.0,9.0,21.0,6.0,51.0,0.0,51.0,WATCH,🟡 觀察,觀察等待確認,趨勢修復｜量能正常｜結構收斂｜指標初轉強
2026-09-30,5525,22.0,66276,22.0,22.0,22.0,0.002277904328018332,-0.022222222222222254,0.00686498855835227,0.002277904328018332,0.0,0.007489593640897498,22.14,22.080000000000002,22.07,22.064285714285717,91190.0,87249.65,0.7596133623458574,1.0451617857492719,22.55,21.7,22.55,21.7,0.038636363634607505,22.14,22.07,0.0031818181816735667,0.0,43.486254241001234,53.42186281723777,0,0.03019945474138197,0.039023994439338905,-0.008824539697956935,0,15.0,9.0,21.0,6.0,51.0,0.0,51.0,WATCH,🟡 觀察,觀察等待確認,趨勢修復｜量能正常｜結構收斂｜指標初轉強
2026-09-30,6201,44.6,12416,44.6,44.6,44.6,0.009049773755656076,-0.016538037486218293,-0.007786429365962189,0.001122334455667895,0.0,0.012873647808301162,44.5,44.839999999999996,44.7325,44.72380952380953,26434.4,27944.25,0.44431323080775315,0.9459692065451409,46.4,44.2,46.4,44.2,0.049327354258983595,44.839999999999996,44.5,0.007623318385479215,0.0,17.75361904546396,29.8813434348543,0,0.013025346022224937,0.07497811178147214,-0.0619527657592472,0,15.0,9.0,21.0,6.0,51.0,0.0,51.0,WATCH,🟡 觀察,觀察等待確認,趨勢修復｜量能正常｜結構收斂｜指標初轉強
2026-09-30,8481,40.95,9000,40.95,40.95,40.95,0.006142506142506221,-0.0012195121951218413,0.003676470588235503,0.003676470588235503,0.0,0.006144837218731845,40.93,40.964999999999996,41.0175,41.00714285714285,13650.4,10562.75,0.8520508390333149,1.2923149747933735,41.5,40.6,41.5,40.6,0.02197802197748524,41.0175,40.93,0.0021367521366999227,0.0,37.40494739324319,37.88879001510429,0,0.00521243121542625,0.03433355181068759,-0.02912112059526134,0,15.0,12.0,18.0,6.0,51.0,0.0,51.0,WATCH,🟡 觀察,觀察等待確認,趨勢修復｜量能正常｜結構收斂｜指標初轉強
2026-09-30,5607,52.4,269626,52.4,52.4,52.4,0.009633911368015502,-0.0038022813688213253,0.0057581573896352545,0.015503875968992276,0.0,0.02549732619475899,52.220000000000006,52.470000000000006,53.464999999999996,53.37619047619048,408923.2,891533.9,0.3024293299447163,0.458673753179772,57.2,51.7,57.2,51.6,0.10496183205906562,53.464999999999996,52.220000000000006,0.023759541984279216,0.0,22.532233476983865,19.027418692010208,1,-0.11233251265279875,0.09171862182077897,-0.20405113447357773,0,15.0,9.0,17.0,10.0,51.0,0.0,51.0,WATCH,🟡 觀察,觀察等待確認,趨勢修復｜量能正常｜結構收斂｜KD/MACD確認
2026-09-30,2314,11.2,89891,11.2,11.2,11.2,0.013574660633484115,-0.026086956521739202,-0.013215859030836996,-0.026086956521739202,0.0,0.03174679727598992,11.080000000000002,10.965,11.055,11.076190476190476,91430.2,112752.95,0.7972385644898798,0.8108896485635115,11.5,10.5,11.5,10.5,0.08928571427774235,11.080000000000002,10.965,0.010267857141940548,0.0,58.23211299750023,51.089389130851416,0,-0.08019148325708336,-0.11884613781649583,0.03865465455941247,0,14.0,9.0,25.0,3.0,51.0,0.0,51.0,WATCH,🟡 觀察,觀察等待確認,趨勢修復｜量能正常｜結構收斂
2026-09-30,3704,40.5,926509,40.5,40.5,40.5,0.006211180124223503,-0.039145907473309594,-0.016990291262136026,-0.027611044417767072,0.0,0.020109485977907533,40.57,40.64,40.47,40.52619047619047,2063039.2,2562628.25,0.36154639284882606,0.8050481766132092,42.15,38.9,42.15,38.9,0.08024691357826552,40.64,40.47,0.004197530864093931,0.0,31.320480801750577,44.094177443932026,0,-0.15326506724624522,-0.1971188547297268,0.043853787483481566,0,14.0,9.0,25.0,3.0,51.0,0.0,51.0,WATCH,🟡 觀察,觀察等待確認,趨勢修復｜量能正常｜結構收斂
2026-09-30,3708,98.9,282790,98.9,98.9,98.9,0.013319672131147708,-0.008024072216649913,0.02063983488132104,-0.035121951219512115,0.0,0.0169771195826161,98.46,97.41,98.26,98.46190476190475,320558.6,480489.35,0.5885458231280244,0.6671502708644829,101.0,93.5,102.5,93.5,0.07583417593452138,98.46,97.41,0.010616784630832965,0.0,77.37607031617918,67.40451755125413,0,-0.801341110542154,-1.1068950632711836,0.30555395272902963,0,14.0,9.0,25.0,3.0,51.0,0.0,51.0,WATCH,🟡 觀察,觀察等待確認,趨勢修復｜量能正常｜結構收斂
2026-09-30,6782,242.0,228952,242.0,242.0,242.0,0.031982942430703654,-0.024193548387096753,0.06607929515418509,-0.0491159135559921,0.0,0.029867508108746416,237.5,238.7,235.725,236.61904761904762,214002.2,347859.25,0.6581742471991168,0.6151976697471734,249.5,223.5,254.5,223.5,0.10743801652848167,238.7,235.725,0.012293388429701244,0.0,48.42239892674789,51.87017164887651,0,-2.324157727883943,-3.439828884661549,1.1156711567776059,0,14.0,9.0,25.0,3.0,51.0,0.0,51.0,WATCH,🟡 觀察,觀察等待確認,趨勢修復｜量能正常｜結構收斂
2026-09-30,2108,28.75,340904,28.75,28.75,28.75,0.019503546099290725,-0.0034662045060659397,0.03046594982078865,-0.05737704918032782,0.0,0.016741137268414506,28.6,28.535000000000004,28.98,29.052380952380954,290519.8,639469.9,0.5331040600972765,0.45431348684277323,30.55,27.75,30.55,27.75,0.09739130434443859,28.98,28.535000000000004,0.01547826086902673,0.0,60.182356517350655,54.86369860349164,0,-0.42479271865247625,-0.45171157987801697,0.026918861225540713,1,7.0,9.0,25.0,10.0,51.0,0.0,51.0,WATCH,🟡 觀察,觀察等待確認,量能正常｜結構收斂｜KD/MACD確認
2026-09-30,2478,120.0,985080,120.0,120.0,120.0,0.02127659574468077,0.0,0.008403361344537785,-0.028340080971659964,0.0,0.0322619714694715,119.4,119.25,120.45,120.5952380952381,1329087.0,2414475.65,0.40798920461260385,0.5504661022363176,127.0,114.5,127.0,114.5,0.1041666666657986,120.45,119.25,0.00999999999991669,0.0,58.55449191365149,51.909880888661405,1,-0.9708678713349457,-0.9430849407018246,-0.027782930633121095,0,7.0,9.0,25.0,10.0,51.0,0.0,51.0,WATCH,🟡 觀察,觀察等待確認,量能正常｜結構收斂｜KD/MACD確認
2026-09-30,1451,17.0,83975,17.0,17.0,17.0,0.00591715976331364,-0.005847953216374324,-0.0029325513196480912,-0.02017291066282434,0.0,0.005140257776009394,17.04,17.044999999999998,17.1325,17.142857142857142,93669.0,75916.95,1.1061429628034174,1.233835131680063,17.3,16.9,17.35,16.9,0.023529411763321923,17.1325,17.04,0.005441176470268233,0.0,51.37380508206452,54.191946512104934,0,-0.07773338396815532,-0.06918324491195996,-0.008550139056195366,0,7.0,20.0,21.0,3.0,51.0,0.0,51.0,WATCH,🟡 觀察,觀察等待確認,量能回溫｜結構收斂
2026-09-30,2423,72.1,156525,72.1,72.1,72.1,0.001388888888888884,-0.026990553306342813,-0.009615384615384692,-0.02170963364993228,0.0,0.009345678636832253,72.82,72.94,73.24499999999999,73.26666666666667,102354.4,75143.55,2.083013112901878,1.3621182390238233,74.3,72.0,74.3,72.0,0.03190013869581272,73.24499999999999,72.82,0.005894590845965362,0.0,26.818420552642962,44.025059157558985,0,-0.27544468425459456,-0.16737587022923958,-0.10806881402535498,0,7.0,20.0,21.0,3.0,51.0,0.0,51.0,WATCH,🟡 觀察,觀察等待確認,量能回溫｜結構收斂
2026-09-30,9955,23.1,204353,23.1,23.1,23.1,0.017621145374449476,-0.012820512820512664,-0.010706638115631661,-0.045454545454545414,0.0,0.00897803263253463,23.06,23.240000000000002,23.4775,23.511904761904763,207977.2,162912.0,1.2543765959536362,1.276622962089955,24.1,22.7,24.2,22.7,0.060606060603437054,23.4775,23.06,0.018073593072810683,0.0,24.378102253851957,25.966842207637626,0,-0.26863952099441235,-0.2222492691382637,-0.046390251856148645,0,7.0,20.0,21.0,3.0,51.0,0.0,51.0,WATCH,🟡 觀察,觀察等待確認,量能回溫｜結構收斂
2026-09-30,9914,68.3,1937571,68.3,68.3,68.3,0.017883755588673722,0.01185185185185178,-0.005822416302765698,-0.16605616605616613,0.0,0.024617970825310927,67.04,67.39,72.285,72.74285714285713,1715506.0,1766340.2,1.096941008306327,0.9712206063135511,82.1,66.4,82.1,66.4,0.22986822840073382,72.285,67.04,0.07679355783196481,0.0,44.51006024389022,19.575800080413,0,-3.6346237896391216,-3.461273716240607,-0.1733500733985145,0,6.0,25.0,17.0,3.0,51.0,0.0,51.0,WATCH,🟡 觀察,觀察等待確認,量能回溫｜結構收斂
2026-09-30,2207,509.0,332322,509.0,509.0,509.0,0.005928853754940677,-0.026768642447418722,-0.05390334572490707,-0.007797270955165692,0.0,0.014711000362197323,513.2,520.8,525.15,524.5714285714286,234167.4,255836.75,1.2989611539389814,0.9153000888261718,539.0,506.0,539.0,506.0,0.06483300589378226,525.15,513.2,0.023477406679717986,0.0,10.117386496117115,20.280104592379157,0,-1.548666825662167,1.5745327389612969,-3.123199564623464,0,5.0,25.0,21.0,0.0,51.0,0.0,51.0,WATCH,🟡 觀察,觀察等待確認,量能回溫｜結構收斂
2026-09-30,2929,5.83,81468,5.83,5.83,5.83,0.003442340791738552,0.006908462867012188,0.013913043478260834,0.04107142857142865,0.0,0.011190152047105016,5.818,5.786,5.753,5.7457142857142856,83323.2,151047.2,0.5393545858513065,0.5516368393455784,5.87,5.55,5.87,5.55,0.05488850770928161,5.818,5.753,0.01114922812844773,0.0,80.41068628835151,69.5203210996961,0,0.04895479611870268,0.044479370279959476,0.004475425838743205,0,28.0,9.0,22.0,6.0,65.0,15.0,50.0,WATCH,🟡 觀察,觀察等待確認,趨勢轉強｜量能正常｜結構收斂｜指標初轉強｜風險扣分15
2026-09-30,2030,36.7,19477677,36.7,36.7,36.7,0.0988023952095809,0.4798387096774195,0.5818965517241381,0.6203090507726272,0.0,0.044668395260100024,31.079999999999995,27.355,25.3225,25.195238095238096,16116650.6,6058454.25,3.214958171880228,2.6601918467899623,36.7,22.2,36.7,22.2,0.395095367836646,31.079999999999995,25.3225,0.15688010898755075,0.0,97.14803433109097,91.03543198349423,0,2.431773734620762,1.1300622725807556,1.3017114620400065,0,28.0,20.0,8.0,6.0,62.0,12.0,50.0,WATCH,🟡 觀察,觀察等待確認,趨勢轉強｜量能回溫｜結構尚可｜指標初轉強｜風險扣分12
2026-09-30,2033,42.35,3593142,42.35,42.35,42.35,0.10000000000000009,0.24742268041237114,0.5891181988742966,0.6288461538461538,0.0,0.0559679804661758,38.45,34.45,30.2875,30.083333333333332,3810906.2,2418640.3,1.4856041222830856,1.5756399163612709,42.35,23.9,42.35,23.9,0.4356552538267851,38.45,30.2875,0.1927390790981644,0.0,98.05154901797374,94.85353046632422,0,3.477149834341681,2.135480345903909,1.341669488437772,0,28.0,20.0,8.0,6.0,62.0,12.0,50.0,WATCH,🟡 觀察,觀察等待確認,趨勢轉強｜量能回溫｜結構尚可｜指標初轉強｜風險扣分12
2026-09-30,2254,92.6,2109236,92.6,92.6,92.6,0.008714596949890963,0.1751269035532994,0.307909604519774,0.505691056910569,0.0,0.02007905429080398,88.38,82.0,73.025,72.47619047619048,2256596.8,1628965.35,1.2948317163406813,1.3852945368052172,92.6,61.5,92.6,61.5,0.3358531317458331,88.38,73.025,0.16582073433946187,0.0,99.99999999375481,99.99999999084764,0,7.256966941283707,4.941725443472315,2.3152414978113924,0,28.0,20.0,8.0,6.0,62.0,12.0,50.0,WATCH,🟡 觀察,觀察等待確認,趨勢轉強｜量能回溫｜結構尚可｜指標初轉強｜風險扣分12
2026-09-30,2444,15.9,3239205,15.9,15.9,15.9,0.056478405315614655,0.1480144404332131,0.35897435897435903,0.44545454545454555,0.0,0.0416946682763675,15.05,13.719999999999999,12.522499999999999,12.45,3784358.8,1435557.8,2.256408623881252,2.6361591292248887,15.9,10.8,15.9,10.8,0.3207547169609588,15.05,12.522499999999999,0.15896226414094586,0.0,97.83493631840628,93.66612721860582,0,1.0802119508139718,0.6817209103263744,0.3984910404875974,0,28.0,20.0,8.0,6.0,62.0,12.0,50.0,WATCH,🟡 觀察,觀察等待確認,趨勢轉強｜量能回溫｜結構尚可｜指標初轉強｜風險扣分12
2026-09-30,3094,61.6,38839091,61.6,61.6,61.6,0.031825795644891075,0.08450704225352124,0.40000000000000013,0.5209876543209877,0.0,0.05623400139307786,56.5,52.480000000000004,47.4825,47.15,23224702.8,12553905.9,3.0937854170151136,1.8499981587403802,61.6,40.8,61.6,40.5,0.3376623376568562,56.5,47.4825,0.14638798701061057,0.0,91.95757479407933,84.32386033468941,0,4.489517121500228,2.8669652133945065,1.6225519081057214,0,28.0,20.0,8.0,6.0,62.0,12.0,50.0,WATCH,🟡 觀察,觀察等待確認,趨勢轉強｜量能回溫｜結構尚可｜指標初轉強｜風險扣分12
2026-09-30,7799,539.0,2151874,539.0,539.0,539.0,0.09887869520897041,0.03256704980842917,0.2894736842105263,0.46666666666666656,0.0,0.05097476435896873,513.3,496.7,442.025,438.4761904761905,1660928.6,1058356.75,2.033221784620354,1.5693466309918642,539.0,352.0,539.0,352.0,0.3469387755095604,513.3,442.025,0.13223562152109045,0.0,86.82674256279674,88.01817693411822,0,39.21770395153942,31.43955973547824,7.778144216061179,0,28.0,20.0,8.0,6.0,62.0,12.0,50.0,WATCH,🟡 觀察,觀察等待確認,趨勢轉強｜量能回溫｜結構尚可｜指標初轉強｜風險扣分12
2026-09-30,3716,34.25,252547,34.25,34.25,34.25,0.010324483775811188,0.002928257686676483,0.011816838995568624,-0.015804597701149392,0.0,0.00744264239504876,33.980000000000004,33.89,34.0125,34.050000000000004,146432.6,356952.95,0.7075078102029954,0.410229415389338,34.65,33.5,34.8,33.5,0.03357664233478604,34.0125,33.89,0.0035766423356620625,0.0,73.32191167072756,57.84377073089789,0,-0.15525378683058477,-0.20572238809250393,0.050468601261919155,0,25.0,4.0,18.0,3.0,50.0,0.0,50.0,WATCH,🟡 觀察,觀察等待確認,趨勢轉強｜結構收斂
2026-09-30,6689,64.8,188502,64.8,64.8,64.8,0.006211180124223503,-0.009174311926605672,-0.08085106382978724,0.04854368932038833,0.0,0.03176482497916169,64.24,65.52000000000001,64.00500000000001,63.900000000000006,286504.0,927716.85,0.20318915194867895,0.3088269874585114,70.5,60.1,70.5,60.1,0.16049382715801705,65.52000000000001,64.00500000000001,0.02337962962926884,0.0,22.161005468573343,30.048173953336367,0,0.7113776401395171,0.8552590130368082,-0.14388137289729108,0,22.0,4.0,21.0,3.0,50.0,0.0,50.0,WATCH,🟡 觀察,觀察等待確認,趨勢轉強｜結構收斂
2026-09-30,2472,213.5,1051547,213.5,213.5,213.5,0.0023474178403755097,0.0023474178403755097,0.014251781472684133,-0.046875,0.0,0.029347557638867854,215.8,213.5,215.275,215.6904761904762,2036282.4,2320113.45,0.453230853861909,0.8776650124587653,226.0,207.0,226.0,207.0,0.08899297423845906,215.8,213.5,0.01077283372360299,0.0,63.53021129193313,65.4327833359941,0,-1.8600744765352886,-2.2343206830910263,0.3742462065557377,0,13.0,9.0,25.0,3.0,50.0,0.0,50.0,WATCH,🟡 觀察,觀察等待確認,趨勢修復｜量能正常｜結構收斂
2026-09-30,1465,11.65,33443,11.65,11.65,11.65,0.008658008658008587,0.008658008658008587,-0.021008403361344574,-0.03319502074688796,0.0,0.011141160247512405,11.6,11.645,11.815,11.826190476190476,114501.4,181297.6,0.18446465921225552,0.6315659997705395,12.35,11.55,12.35,11.55,0.06866952789110123,11.815,11.6,0.01845493562073347,0.0,27.839956565673127,17.32882991259642,1,-0.11844551192458752,-0.0998262397068006,-0.01861927221778692,0,13.0,9.0,21.0,7.0,50.0,0.0,50.0,WATCH,🟡 觀察,觀察等待確認,趨勢修復｜量能正常｜結構收斂｜指標初轉強
2026-09-30,1231,79.6,234157,79.6,79.6,79.6,0.0,-0.007481296758104827,-0.0050000000000001155,-0.011180124223602594,0.0,0.006068936928340115,79.66,79.76,80.0,80.02380952380952,167029.2,229544.65,1.0200934763672296,0.7276545107890744,81.0,79.3,81.0,79.3,0.021356783919329724,80.0,79.66,0.00427135678386598,0.0,22.787846169688798,28.56534120213464,0,-0.19205423659042253,-0.15625471662156595,-0.03579951996885658,0,12.0,17.0,18.0,3.0,50.0,0.0,50.0,WATCH,🟡 觀察,觀察等待確認,趨勢修復｜量能回溫｜結構收斂
2026-09-30,1539,15.45,18001,15.45,15.45,15.45,0.0,-0.015923566878980888,-0.012779552715655007,-0.009615384615384692,0.0,0.006678030773334705,15.51,15.564999999999998,15.592499999999998,15.592857142857142,19795.0,20316.5,0.8860285974453825,0.9743312086234847,15.75,15.45,15.75,15.45,0.019417475726898593,15.592499999999998,15.51,0.005339805824896958,0.0,11.779134535159978,24.98126122749362,0,-0.027234851986214892,-0.00822231804594289,-0.019012533940272004,0,12.0,17.0,18.0,3.0,50.0,0.0,50.0,WATCH,🟡 觀察,觀察等待確認,趨勢修復｜量能回溫｜結構收斂
2026-09-30,1806,8.0,151784,8.0,8.0,8.0,0.007556675062972307,-0.0024937655860348684,0.0025062656641603454,-0.0012484394506866447,0.0,0.003858051534468014,7.978,7.986999999999999,8.008500000000002,8.008571428571429,100113.0,131813.95,1.1515017947645059,0.7595023136777196,8.07,7.94,8.07,7.94,0.016249999997968737,8.008500000000002,7.978,0.003812499999523656,0.0,38.62729568680102,32.10893746752255,1,-0.010096651857021577,-0.006479511436815301,-0.0036171404202062756,0,12.0,25.0,18.0,10.0,65.0,15.0,50.0,WATCH,🟡 觀察,觀察等待確認,趨勢修復｜量能回溫｜結構收斂｜KD/MACD確認｜風險扣分15
2026-09-30,1817,39.85,30163,39.85,39.85,39.85,0.0,-0.016049382716049387,-0.011166253101736912,-0.006234413965087282,0.0,0.00473818166391132,40.089999999999996,40.205,40.195,40.19047619047619,31745.2,37003.65,0.8151358041706477,0.8578937483193995,40.5,39.85,40.5,39.85,0.01631116687537484,40.205,40.089999999999996,0.0028858218317971435,0.0,15.791701265047177,33.53723621229325,0,-0.017107781814097223,0.03064833461677856,-0.04775611643087578,0,12.0,17.0,18.0,3.0,50.0,0.0,50.0,WATCH,🟡 觀察,觀察等待確認,趨勢修復｜量能回溫｜結構收斂
2026-09-30,2373,52.9,26281,52.9,52.9,52.9,0.007619047619047636,-0.0037664783427495685,0.0,-0.0037664783427495685,0.0,0.005077150883339355,52.879999999999995,52.86,53.0,53.0047619047619,16668.2,25511.7,1.030154791722973,0.6533551272553121,53.8,52.5,53.8,52.5,0.024574669186680956,53.0,52.86,0.002646502835488735,0.0,52.86024072328952,55.036656820374205,0,-0.07254444540768645,-0.05016709145975888,-0.022377353947927572,0,12.0,17.0,18.0,3.0,50.0,0.0,50.0,WATCH,🟡 觀察,觀察等待確認,趨勢修復｜量能回溫｜結構收斂
2026-09-30,2707,175.5,87939,175.5,175.5,175.5,0.0028571428571428914,-0.011267605633802802,-0.011267605633802802,-0.008474576271186418,0.0,0.004121900904619775,176.5,176.85,177.575,177.54761904761904,108640.8,93950.8,0.9360111888349972,1.156358434414596,179.0,175.0,179.0,175.0,0.022792022791892925,177.575,176.5,0.006125356125321159,0.0,19.708299020509003,26.133338912815613,0,-0.35200542879485397,-0.07676907992756458,-0.27523634886728937,0,12.0,17.0,18.0,3.0,50.0,0.0,50.0,WATCH,🟡 觀察,觀察等待確認,趨勢修復｜量能回溫｜結構收斂
2026-09-30,9911,81.5,180209,81.5,81.5,81.5,-0.001225490196078316,0.0,-0.001225490196078316,-0.01807228915662651,0.0,0.004279123840623904,81.5,81.51,81.69500000000001,81.75714285714287,171910.6,210039.2,0.857977939356078,0.8184691238587806,82.8,81.2,83.0,81.2,0.019631901840249846,81.69500000000001,81.5,0.002392638036780549,0.0,31.48005520882368,32.68770830289323,0,-0.30008517788455435,-0.3257658505318376,0.025680672647283243,0,12.0,17.0,18.0,3.0,50.0,0.0,50.0,WATCH,🟡 觀察,觀察等待確認,趨勢修復｜量能回溫｜結構收斂
2026-09-30,9944,17.2,29624,17.2,17.2,17.2,0.005847953216374213,-0.0028985507246377384,0.00291545189504383,0.0,0.0,0.005935495640057662,17.18,17.21,17.23,17.228571428571428,26860.2,31667.3,0.9354760273215293,0.8481998781076743,17.4,17.1,17.4,17.1,0.017441860464102052,17.23,17.18,0.0029069767440170775,0.0,27.880138764832797,28.779624691993234,0,-0.007425734229634884,0.0031593368249111806,-0.010585071054546064,0,12.0,17.0,18.0,3.0,50.0,0.0,50.0,WATCH,🟡 觀察,觀察等待確認,趨勢修復｜量能回溫｜結構收斂
2026-09-30,1786,43.3,150930,43.3,43.3,43.3,0.015240328253223856,-0.012542759407069615,-0.00574052812858783,-0.09319371727748693,0.0,0.02430677140792881,42.89,43.14,44.125,44.29761904761905,123497.6,198174.35,0.7616020943174495,0.6231765109864086,47.1,42.65,47.75,42.65,0.1027713625842317,44.125,42.89,0.028521939953151908,0.0,25.04346568431596,20.13698376625434,1,-1.068462498710538,-1.0710053325191569,0.0025428338086188607,1,7.0,9.0,17.0,17.0,50.0,0.0,50.0,WATCH,🟡 觀察,觀察等待確認,量能正常｜結構收斂｜KD/MACD確認
2026-09-30,3092,25.0,1373868,25.0,25.0,25.0,0.098901098901099,0.07066381156316903,0.11111111111111116,0.024590163934426368,0.0,0.029928146463184063,23.2,22.860000000000003,23.157500000000002,23.21666666666667,361141.0,224507.85,6.11946531045571,1.6085896328346576,25.0,21.6,25.0,21.6,0.13599999999455994,23.2,22.860000000000003,0.013599999999455853,0.0,74.78034507070132,61.12176431620735,0,-0.17854465674676945,-0.3514298948543774,0.17288523810760797,0,28.0,4.0,22.0,3.0,57.0,8.0,49.0,WATCH,🟡 觀察,觀察等待確認,趨勢轉強｜結構收斂｜風險扣分8
2026-09-30,4426,7.61,45126,7.61,7.61,7.61,0.0,0.0026350461133071157,0.006613756613756738,0.0026350461133071157,0.0,0.01049407643124618,7.714,7.632000000000001,7.608,7.607142857142857,96370.0,85354.05,0.528691960135453,1.1290618312780571,7.81,7.47,7.81,7.47,0.044678055184667775,7.714,7.608,0.01392904073404359,0.0,55.945891766583955,63.074997064528844,0,0.024073728785190873,0.01664719460247321,0.0074265341827176624,0,28.0,9.0,21.0,6.0,64.0,15.0,49.0,WATCH,🟡 觀察,觀察等待確認,趨勢轉強｜量能正常｜結構收斂｜指標初轉強｜風險扣分15
2026-09-30,6885,32.0,1025210,32.0,32.0,32.0,0.032258064516129004,0.015873015873015817,0.1594202898550725,0.3852813852813852,0.0,0.03789888754071218,30.82,30.05,27.695,27.476190476190474,1489471.4,1206455.75,0.8497700806681051,1.2345843600148607,32.0,23.25,32.0,23.1,0.2734374999914551,30.82,27.695,0.09765624999694825,0.0,90.48524823022203,87.71475543322734,1,2.0279898994833196,1.676179993309651,0.3518099061736686,0,28.0,12.0,8.0,13.0,61.0,12.0,49.0,WATCH,🟡 觀察,觀察等待確認,趨勢轉強｜量能正常｜結構尚可｜KD/MACD確認｜風險扣分12
2026-09-30,3229,58.6,2112106,58.6,58.6,58.6,0.02626970227670755,-0.02657807308970106,-0.12406576980568018,0.09737827715355807,0.0,0.05725464291124461,57.36,59.14000000000001,57.709999999999994,57.5047619047619,1999009.0,4077731.2,0.5179610661928867,0.49022579026297747,67.5,48.6,67.5,48.6,0.3225255972641207,59.14000000000001,57.36,0.030375426620642198,0.0,18.033742267492066,24.396833278059887,0,1.0808373105538465,1.5451054029683888,-0.46426809241454237,0,22.0,9.0,15.0,3.0,49.0,0.0,49.0,WATCH,🟡 觀察,觀察等待確認,趨勢轉強｜量能正常｜結構收斂
2026-09-30,1417,8.14,204181,8.14,8.14,8.14,0.012437810945273853,0.014962593516209655,0.007425742574257432,-0.021634615384615308,0.0,0.005545310923800222,8.075999999999999,8.044,8.126999999999999,8.136190476190475,214102.0,163496.2,1.2488424807426641,1.3095227901321174,8.31,7.98,8.32,7.98,0.04054054053556014,8.126999999999999,8.044,0.010196560195307352,0.0,72.53880552278395,53.35051415111869,0,-0.056604327498551044,-0.06451892068201184,0.0079145931834608,0,20.0,20.0,21.0,3.0,64.0,15.0,49.0,WATCH,🟡 觀察,觀察等待確認,趨勢轉強｜量能回溫｜結構收斂｜風險扣分15
2026-09-30,3058,8.2,336204,8.2,8.2,8.2,0.006134969325153339,-0.014423076923077094,0.02244389027431426,-0.0060606060606061,0.0,0.009410274687957616,8.214,8.148,8.1075,8.114285714285714,379285.2,412125.6,0.8157804319848105,0.9203145837094301,8.32,7.94,8.32,7.94,0.046341463408982736,8.214,8.1075,0.012987804876464962,0.0,68.44656710294569,67.4954068215433,0,0.006087386813545592,-0.015751270737984702,0.021838657551530295,0,19.0,17.0,22.0,6.0,64.0,15.0,49.0,WATCH,🟡 觀察,觀察等待確認,趨勢轉強｜量能回溫｜結構收斂｜指標初轉強｜風險扣分15
2026-09-30,2645,173.0,738475,173.0,173.0,173.0,0.005813953488372103,-0.011428571428571455,0.0,0.0,0.0,0.010879911008899061,172.3,172.35,173.0,173.0,717011.2,1069114.85,0.6907349570534909,0.670658722961335,176.0,170.0,176.0,170.0,0.034682080924655016,173.0,172.3,0.00404624277454302,0.0,49.42303600255043,49.73316226095409,0,-0.176917821897689,-0.15061648955535262,-0.026301332342336392,0,19.0,9.0,18.0,3.0,49.0,0.0,49.0,WATCH,🟡 觀察,觀察等待確認,趨勢轉強｜量能正常｜結構收斂
2026-09-30,5521,10.6,799798,10.6,10.6,10.6,0.00952380952380949,-0.0046948356807512415,0.024154589371980784,-0.0046948356807512415,0.0,0.009138513620615017,10.559999999999999,10.559999999999999,10.555,10.55952380952381,1005585.2,1234392.2,0.6479285919013418,0.8146399499283933,10.7,10.35,10.7,10.35,0.03301886792141328,10.559999999999999,10.555,0.0004716981131629535,0.0,56.86781207969597,58.93178248150606,0,-0.01333596173198437,-0.01802146327180463,0.00468550153982026,0,19.0,9.0,18.0,3.0,49.0,0.0,49.0,WATCH,🟡 觀察,觀察等待確認,趨勢轉強｜量能正常｜結構收斂
2026-09-30,8466,15.1,31241,15.1,15.1,15.1,-0.00983606557377048,-0.041269841269841345,0.09818181818181815,-0.03205128205128205,0.0,0.02947364928587884,15.6,14.944999999999999,14.895,14.928571428571429,75537.8,42970.75,0.7270294328118377,1.7578887964487064,16.05,13.6,16.05,13.6,0.162251655618394,15.6,14.895,0.04668874171876234,0.0,69.31951202548484,66.7483587910113,0,0.01313457162672016,-0.12212066641654082,0.13525523804326098,0,14.0,4.0,25.0,6.0,49.0,0.0,49.0,WATCH,🟡 觀察,觀察等待確認,趨勢修復｜結構收斂｜指標初轉強
2026-09-30,8114,179.0,291044,179.0,179.0,179.0,0.0,0.008450704225352101,-0.0027855153203342198,-0.06770833333333337,0.0,0.020338820285428466,177.3,177.45,181.875,182.35714285714286,272734.8,397117.1,0.7328921368533344,0.6867868444849122,198.5,175.0,198.5,175.0,0.13128491620038388,181.875,177.3,0.025558659217734248,0.0,68.20567159153329,44.525513256968694,0,-3.4259541487788567,-3.5821119751846098,0.15615782640575304,1,13.0,9.0,17.0,10.0,49.0,0.0,49.0,WATCH,🟡 觀察,觀察等待確認,趨勢修復｜量能正常｜結構收斂｜KD/MACD確認
2026-09-30,2364,65.0,74242,65.0,65.0,65.0,0.0015408320493064398,-0.03703703703703709,0.006191950464396356,-0.015151515151515138,0.0,0.020419095803772495,65.88,65.45,65.485,65.50952380952381,158718.0,257454.45,0.2883694571991267,0.6164896353510276,67.5,62.0,67.5,62.0,0.08461538461408284,65.88,65.45,0.006615384615282726,0.0,45.80770650220093,57.21439367421919,0,-0.07999479152847755,-0.13275333974648257,0.05275854821800502,0,12.0,9.0,25.0,3.0,49.0,0.0,49.0,WATCH,🟡 觀察,觀察等待確認,趨勢修復｜量能正常｜結構收斂
2026-09-30,2616,13.3,62310,13.3,13.3,13.3,0.007575757575757791,0.0,0.0,-0.011152416356877248,0.0,0.0035095607947482122,13.26,13.27,13.3275,13.333333333333334,80527.2,84151.4,0.7404511392561415,0.9569323861516154,13.45,13.2,13.45,13.2,0.0187969924797897,13.3275,13.26,0.005075187969543277,0.0,33.24332622199593,28.433008617450213,1,-0.04707361550693001,-0.04277424516809819,-0.0042993703388318205,0,12.0,9.0,18.0,10.0,49.0,0.0,49.0,WATCH,🟡 觀察,觀察等待確認,趨勢修復｜量能正常｜結構收斂｜KD/MACD確認
2026-09-30,5706,44.15,52928,44.15,44.15,44.15,0.005694760820045497,-0.00450958286358516,0.0068415051311288,-0.017797552836485098,0.0,0.005177066760609996,44.1,44.045,44.32,44.35,60568.2,79119.45,0.6689631942587989,0.7655285773599189,45.0,43.75,45.0,43.75,0.028312570780785674,44.32,44.045,0.006228765571772816,0.0,46.996691600329406,44.333758796501165,1,-0.2099071727300199,-0.20945060611847596,-0.00045656661154394595,0,12.0,9.0,18.0,10.0,49.0,0.0,49.0,WATCH,🟡 觀察,觀察等待確認,趨勢修復｜量能正常｜結構收斂｜KD/MACD確認
2026-09-30,9908,29.0,99014,29.0,29.0,29.0,0.0034602076124568004,-0.0017211703958691649,0.0017271157167531026,0.0,0.0,0.0021636512767329646,28.96,28.990000000000002,29.014999999999997,29.014285714285712,86636.6,125108.9,0.7914225127069234,0.6924895031448547,29.2,28.9,29.2,28.9,0.010344827585850203,29.014999999999997,28.96,0.0018965517240724004,0.0,32.48584972695659,29.522797553055973,1,-0.013753809776225978,-0.005282137741725503,-0.008471672034500475,0,12.0,9.0,18.0,10.0,49.0,0.0,49.0,WATCH,🟡 觀察,觀察等待確認,趨勢修復｜量能正常｜結構收斂｜KD/MACD確認
2026-09-30,3056,13.85,508737,13.85,13.85,13.85,0.0,-0.03484320557491294,0.0146520146520146,-0.014234875444839923,0.0,0.015779719473055585,14.01,14.054999999999998,14.007499999999999,14.00952380952381,468195.6,592281.2,0.8589450416457574,0.7904954606021586,14.75,13.6,14.75,13.6,0.08303249096873415,14.054999999999998,14.007499999999999,0.0034296028878389767,0.0,29.92533508832472,41.84486532446046,0,-0.004307579346223278,0.0064176652182660575,-0.010725244564489336,0,12.0,17.0,17.0,3.0,49.0,0.0,49.0,WATCH,🟡 觀察,觀察等待確認,趨勢修復｜量能回溫｜結構收斂
2026-09-30,2838,20.6,1921569,20.6,20.6,20.6,0.0024330900243310083,-0.04629629629629628,-0.04629629629629628,0.01728395061728394,0.0,0.012514736431718625,20.97,21.265,21.0875,21.047619047619047,2045037.6,2302938.7,0.8343986750494049,0.8880121733157722,21.8,20.25,21.8,20.25,0.07524271844294941,21.265,20.97,0.01432038834881948,0.0,18.128689999629326,38.789086124318914,0,0.12330786560392681,0.23318112077880643,-0.10987325517487961,0,8.0,17.0,21.0,3.0,49.0,0.0,49.0,WATCH,🟡 觀察,觀察等待確認,量能回溫｜結構收斂
2026-09-30,5880,26.1,17943411,26.1,26.1,26.1,0.0019193857965451588,-0.0404411764705882,-0.0491803278688524,0.021526418786692814,0.0,0.01151427134798493,26.48,26.880000000000003,26.7875,26.728571428571428,15423943.2,20090551.55,0.8931268489739397,0.7677212425758415,27.55,25.6,27.55,25.55,0.07471264367529834,26.880000000000003,26.48,0.015325670497497182,0.0,12.353672316484664,29.901834870256735,0,0.14094930387447846,0.3007155519521488,-0.15976624807767031,0,8.0,17.0,21.0,3.0,49.0,0.0,49.0,WATCH,🟡 觀察,觀察等待確認,量能回溫｜結構收斂
2026-09-30,5534,73.1,710625,73.1,73.1,73.1,-0.0027285129604366354,-0.024032042723631686,-0.006793478260869512,-0.030503978779841012,0.0,0.011080957762799023,73.8,74.07000000000001,74.775,74.8047619047619,446726.4,590866.75,1.2026823306608447,0.7560526971605683,76.6,72.9,76.6,72.9,0.050615595074546826,74.775,73.8,0.013337893296671281,0.0,22.129506653180023,32.51374891687385,0,-0.4676408281792419,-0.3237349686883763,-0.1439058594908656,0,0.0,25.0,21.0,3.0,49.0,0.0,49.0,WATCH,🟡 觀察,觀察等待確認,量能回溫｜結構收斂
2026-09-30,6863,95.3,104641,95.3,95.3,95.3,-0.00935550935550944,-0.030518819938962327,0.02583423035522059,-0.1256880733944954,0.0,0.023334979263947307,96.88,95.72999999999999,98.475,98.97619047619048,66641.8,95375.8,1.0971441392889905,0.6987286083052441,109.0,91.2,109.0,91.2,0.186778593911996,98.475,95.72999999999999,0.028803777544293818,0.0,61.68717018153387,59.97238592584558,0,-2.7688462109922938,-3.056476204490398,0.28762999349810414,0,0.0,25.0,21.0,3.0,49.0,0.0,49.0,WATCH,🟡 觀察,觀察等待確認,量能回溫｜結構收斂
2026-09-30,9930,60.2,207014,60.2,60.2,60.2,0.0,-0.008237232289950547,-0.019543973941367976,-0.0444444444444444,0.0,0.005339521673049226,60.48,60.739999999999995,61.654999999999994,61.719047619047615,132247.8,120884.25,1.7124976992453382,1.094003561257971,63.2,60.2,63.2,60.2,0.049833887042361566,61.654999999999994,60.48,0.019518272424924897,0.0,2.000569410082912,4.562389533233532,0,-0.6727935521001811,-0.5367298124194095,-0.13606373968077157,0,0.0,25.0,21.0,3.0,49.0,0.0,49.0,WATCH,🟡 觀察,觀察等待確認,量能回溫｜結構收斂
2026-09-30,7711,560.0,806691,560.0,560.0,560.0,0.02564102564102555,0.02941176470588225,0.17154811715481166,0.04672897196261672,0.0,0.064434380792154,545.6,538.9,562.2,560.9047619047619,723180.2,1510522.3,0.5340477264056277,0.4787616839552779,660.0,468.0,660.0,468.0,0.34285714285653063,562.2,538.9,0.04160714285706868,0.0,72.355219333176,62.86912428122922,0,-1.4589590164534911,-0.8832925071951327,-0.5756665092583584,0,21.0,9.0,15.0,3.0,48.0,0.0,48.0,WATCH,🟡 觀察,觀察等待確認,趨勢轉強｜量能正常｜結構收斂
2026-09-30,2820,16.85,1915905,16.85,16.85,16.85,0.0,-0.03714285714285703,-0.03160919540229867,0.021212121212121238,0.0,0.009584344346242538,17.05,17.23,17.119999999999997,17.09047619047619,2570892.6,3182872.75,0.6019420663298586,0.8077271075320241,17.5,16.55,17.5,16.5,0.056379821955110945,17.23,17.05,0.010682492580968381,0.0,16.396426821592268,39.684146927207635,0,0.10055760722572771,0.16798898898938291,-0.06743138176365521,0,15.0,9.0,21.0,3.0,48.0,0.0,48.0,WATCH,🟡 觀察,觀察等待確認,趨勢修復｜量能正常｜結構收斂
2026-09-30,2885,68.5,16759201,68.5,68.5,68.5,-0.0029112081513829047,-0.026988636363636465,-0.03248587570621464,0.04740061162079501,0.0,0.014195053203528447,69.32000000000001,69.37,69.32,69.13333333333333,18398302.4,21024481.55,0.7971279082503702,0.875089469209765,70.8,66.7,70.8,65.4,0.05985401459766628,69.37,69.32,0.0007299270072887802,0.0,28.787951902718248,46.99125480828604,0,0.6775594983753734,0.9224194045957688,-0.24485990622039533,0,15.0,9.0,21.0,3.0,48.0,0.0,48.0,WATCH,🟡 觀察,觀察等待確認,趨勢修復｜量能正常｜結構收斂
2026-09-30,2897,10.9,3869500,10.9,10.9,10.9,-0.004566210045662045,-0.03111111111111109,-0.03111111111111109,0.0531400966183575,0.0,0.012725730516931011,11.02,11.105,10.985,10.954761904761906,3475274.8,6507043.9,0.5946632694455926,0.5340788925674835,11.25,10.6,11.25,10.35,0.05963302751746489,11.105,10.985,0.01100917431091668,0.0,20.059250117773363,43.74466283300039,0,0.13468707825922266,0.16980071304492533,-0.035113634785702674,0,15.0,9.0,21.0,3.0,48.0,0.0,48.0,WATCH,🟡 觀察,觀察等待確認,趨勢修復｜量能正常｜結構收斂
2026-09-30,6657,32.7,97680,32.7,32.7,32.7,0.007704160246533087,-0.007587253414264028,-0.033973412112259904,0.09364548494983294,0.0,0.03670054981935889,32.83,33.25,33.065000000000005,32.91428571428572,144922.6,253715.35,0.3849983850011425,0.5712015453538757,37.3,30.0,37.3,29.9,0.22324159020724024,33.25,32.83,0.012844036696854974,0.0,9.194689351301133,14.914113092768217,0,0.54701592254834,0.805709751997293,-0.258693829448953,0,15.0,9.0,21.0,3.0,48.0,0.0,48.0,WATCH,🟡 觀察,觀察等待確認,趨勢修復｜量能正常｜結構收斂
2026-09-30,1457,14.4,53751,14.4,14.4,14.4,0.006993006993006867,-0.006896551724137945,-0.0034602076124566894,0.0034843205574912606,0.0,0.0064136591305217,14.39,14.41,14.419999999999998,14.416666666666666,70584.6,88250.35,0.6090740716608987,0.799822323650832,14.55,14.3,14.55,14.3,0.01736111110990548,14.419999999999998,14.39,0.0020833333331884895,0.0,34.99606006766904,45.80229385940327,0,0.0038889787951870147,0.015141468963350828,-0.011252490168163813,0,15.0,9.0,18.0,6.0,48.0,0.0,48.0,WATCH,🟡 觀察,觀察等待確認,趨勢修復｜量能正常｜結構收斂｜指標初轉強
2026-09-30,1604,23.45,132639,23.45,23.45,23.45,0.006437768240343367,-0.004246284501061681,0.002136752136752129,0.008602150537634357,0.0,0.0036373121004704117,23.46,23.46,23.475,23.464285714285715,119949.6,193844.35,0.6842551768983688,0.6187933772637655,23.65,23.3,23.65,23.25,0.01492537313369179,23.475,23.46,0.0006396588485868192,0.0,51.12449647461628,56.39034741299535,0,0.03130445471618515,0.04746502552600492,-0.016160570809819773,0,15.0,9.0,18.0,6.0,48.0,0.0,48.0,WATCH,🟡 觀察,觀察等待確認,趨勢修復｜量能正常｜結構收斂｜指標初轉強
2026-09-30,2608,28.6,105210,28.6,28.6,28.6,0.0017513134851139256,-0.008665511265164683,-0.005217391304347729,0.0017513134851139256,0.0,0.0049370018532553465,28.689999999999998,28.770000000000003,28.677500000000002,28.67142857142857,128753.2,259324.05,0.4057086105203108,0.4964954079654375,29.1,28.4,29.1,28.4,0.024475524474668785,28.770000000000003,28.677500000000002,0.0032342657341526875,0.0,22.73476164656708,40.271242275990076,0,0.03624277970145329,0.056986594098387605,-0.020743814396934318,0,15.0,9.0,18.0,6.0,48.0,0.0,48.0,WATCH,🟡 觀察,觀察等待確認,趨勢修復｜量能正常｜結構收斂｜指標初轉強
2026-09-30,2704,45.45,56258,45.45,45.45,45.45,0.010000000000000009,-0.003289473684210509,-0.003289473684210509,0.023648648648648685,0.0,0.008291154881215727,45.15,45.345,45.457499999999996,45.40714285714286,55356.2,85371.3,0.658980242774789,0.6484169738542033,46.3,44.95,46.3,44.4,0.029702970296376047,45.457499999999996,45.15,0.00676567656750785,0.0,28.42670600217541,30.767644075516486,0,0.12354322894101699,0.20439158907132518,-0.08084836013030819,0,15.0,9.0,18.0,6.0,48.0,0.0,48.0,WATCH,🟡 觀察,觀察等待確認,趨勢修復｜量能正常｜結構收斂｜指標初轉強
2026-09-30,9925,39.55,401737,39.55,39.55,39.55,0.0025348542458807355,-0.0012626262626264095,0.003807106598984644,0.006361323155216203,0.0,0.005359030244166064,39.61,39.575,39.63,39.614285714285714,359297.8,519653.35,0.7730865200811258,0.6914182310188115,40.05,39.4,40.05,39.3,0.01643489254067165,39.63,39.575,0.0013906447534414433,0.0,43.069693178601455,51.26588790692635,0,0.039550405547004175,0.05369285692674978,-0.014142451379745603,0,15.0,9.0,18.0,6.0,48.0,0.0,48.0,WATCH,🟡 觀察,觀察等待確認,趨勢修復｜量能正常｜結構收斂｜指標初轉強
2026-09-30,2486,240.0,3719747,240.0,240.0,240.0,0.012658227848101333,0.023454157782516027,0.023454157782516027,-0.0874524714828897,0.0,0.03224101087041776,235.3,233.5,243.9,244.8095238095238,2488074.4,5863779.2,0.6343600045513309,0.42431242977225325,288.0,228.0,288.0,228.0,0.24999999999895833,243.9,233.5,0.043333333333152806,0.0,73.26749746316064,50.510697666341954,0,-6.730876226338097,-7.230023956334897,0.4991477299967997,1,13.0,4.0,21.0,10.0,48.0,0.0,48.0,WATCH,🟡 觀察,觀察等待確認,趨勢修復｜結構收斂｜KD/MACD確認
2026-09-30,6796,53.0,26823,53.0,53.0,53.0,0.025145067698259194,0.033138401559454245,0.055776892430278835,-0.1254125412541255,0.0,0.02263263115545576,51.48,51.220000000000006,53.93000000000001,54.24761904761905,32724.8,76699.85,0.3497138521131351,0.42666054757603267,59.7,50.2,60.6,50.2,0.17924528301548595,53.93000000000001,51.220000000000006,0.051132075470733375,0.0,67.66039559195931,43.20153844931532,0,-2.1024491060177866,-2.237038808283496,0.13458970226570965,1,13.0,4.0,21.0,10.0,48.0,0.0,48.0,WATCH,🟡 觀察,觀察等待確認,趨勢修復｜結構收斂｜KD/MACD確認
2026-09-30,2348,70.6,207657,70.6,70.6,70.6,0.0014184397163119478,-0.03287671232876721,0.0014184397163119478,0.0,0.0,0.015522306648803691,71.72,72.01,71.575,71.52857142857142,243450.6,416508.8,0.4985656965711157,0.5845028964574084,74.2,70.2,74.2,70.2,0.056657223795231484,72.01,71.575,0.006161473087731456,0.0,30.85054363738911,45.289244666529626,0,0.2208000028062287,0.3471231829606116,-0.12632318015438293,0,12.0,9.0,21.0,6.0,48.0,0.0,48.0,WATCH,🟡 觀察,觀察等待確認,趨勢修復｜量能正常｜結構收斂｜指標初轉強
2026-09-30,2428,251.5,437048,251.5,251.5,251.5,0.0,-0.027079303675048405,-0.005928853754940677,-0.001984126984126977,0.0,0.019975679584601457,253.5,254.75,253.925,253.83333333333334,717392.0,1050650.05,0.4159786600685924,0.6828077531619585,260.0,244.5,260.0,244.5,0.06163021868762771,254.75,253.5,0.00497017892642159,0.0,19.387095973032505,37.536258232280694,0,0.3137141095856464,0.6569417656347124,-0.343227656049066,0,12.0,9.0,21.0,6.0,48.0,0.0,48.0,WATCH,🟡 觀察,觀察等待確認,趨勢修復｜量能正常｜結構收斂｜指標初轉強
2026-09-30,2504,30.65,1251684,30.65,30.65,30.65,0.003273322422258529,-0.014469453376205865,-0.009693053311793265,-0.017628205128205177,0.0,0.00950831327235496,30.869999999999997,30.895,31.134999999999998,31.138095238095236,1649083.4,1241138.9,1.0084963093171917,1.328685612867342,31.6,30.5,31.6,30.5,0.03588907014564804,31.134999999999998,30.869999999999997,0.00864600326236067,0.0,25.380856002954985,36.718212213212574,0,-0.11906084752128976,-0.06489620760170477,-0.05416463991958499,0,12.0,12.0,21.0,3.0,48.0,0.0,48.0,WATCH,🟡 觀察,觀察等待確認,趨勢修復｜量能正常｜結構收斂
2026-09-30,2524,34.7,54715,34.7,34.7,34.7,0.013138686131386912,-0.015602836879432536,0.020588235294117796,-0.0014388489208632116,0.0,0.030420298321385836,34.839999999999996,34.76,34.7725,34.77142857142857,48091.4,87330.1,0.6265308295765076,0.5506852734624081,37.5,33.25,37.5,33.25,0.12247838616361734,34.839999999999996,34.76,0.0023054755042562773,0.0,35.89907393832783,39.83393712978148,0,0.022267765907692194,0.03337846610917326,-0.011110700201481069,0,12.0,9.0,21.0,6.0,48.0,0.0,48.0,WATCH,🟡 觀察,觀察等待確認,趨勢修復｜量能正常｜結構收斂｜指標初轉強
2026-09-30,8429,5.91,263105,5.91,5.91,5.91,0.010256410256410442,0.0,-0.0016891891891891442,-0.016638935108153063,0.0,0.0051450956862367355,5.88,5.895,5.9375,5.940952380952381,186614.6,136974.9,1.920826370378793,1.3623999725497056,6.04,5.85,6.04,5.85,0.03214890016376506,5.9375,5.88,0.009729272417981528,0.0,33.66084971678574,22.833700060362638,1,-0.031660998412189834,-0.027634131986374915,-0.0040268664258149185,0,12.0,20.0,21.0,10.0,63.0,15.0,48.0,WATCH,🟡 觀察,觀察等待確認,趨勢修復｜量能回溫｜結構收斂｜KD/MACD確認｜風險扣分15
2026-09-30,1216,74.2,6953647,74.2,74.2,74.2,0.004059539918809252,-0.00669344042838016,-0.005361930294906059,-0.026246719160105014,0.0,0.008507554737976514,74.52000000000001,74.68,75.195,75.24285714285713,6503643.2,8348798.65,0.8328919275110317,0.7789915019689688,76.7,73.9,76.7,73.9,0.037735849056095165,75.195,74.52000000000001,0.009097035040308435,0.0,18.14865274117642,21.314066022634037,0,-0.4434290574387916,-0.3539766181471672,-0.08945243929162439,0,7.0,17.0,21.0,3.0,48.0,0.0,48.0,WATCH,🟡 觀察,觀察等待確認,量能回溫｜結構收斂
2026-09-30,1232,153.5,69908,153.5,153.5,153.5,-0.0032467532467532756,-0.006472491909385147,0.0,-0.022292993630573243,0.0,0.005545997668601603,154.2,154.4,155.35,155.42857142857142,60009.2,86365.55,0.8094431170761859,0.6948279724959697,157.5,153.5,157.5,153.5,0.026058631921654342,155.35,154.2,0.0074918566774756605,0.0,18.179736908016018,28.81204260612273,0,-0.7367409950529407,-0.6060116121184456,-0.1307293829344951,0,7.0,17.0,21.0,3.0,48.0,0.0,48.0,WATCH,🟡 觀察,觀察等待確認,量能回溫｜結構收斂
2026-09-30,1453,10.9,25495,10.9,10.9,10.9,0.0092592592592593,-0.009090909090909038,0.0,-0.02678571428571419,0.0,0.008101986249211365,10.870000000000001,10.905,10.98,10.99047619047619,25999.6,29134.95,0.8750658573293973,0.8923852623738535,11.15,10.8,11.2,10.8,0.032110091740173353,10.98,10.870000000000001,0.010091743118340154,0.0,27.21987893487559,31.933460509332345,0,-0.07351973703724646,-0.06665995270502215,-0.006859784332224311,0,7.0,17.0,21.0,3.0,48.0,0.0,48.0,WATCH,🟡 觀察,觀察等待確認,量能回溫｜結構收斂
2026-09-30,1471,9.46,258382,9.46,9.46,9.46,0.017204301075268935,-0.01458333333333317,-0.004210526315789331,-0.03763987792472012,0.0,0.011945600389831912,9.422,9.402,9.553,9.566190476190476,211062.2,194948.45,1.3253862751922298,1.0826564663632818,9.94,9.3,9.94,9.3,0.0676532769484509,9.553,9.402,0.01596194503002533,0.0,35.39931917175508,31.868616896698406,1,-0.10232948114979123,-0.09878474956295864,-0.003544731586832592,0,7.0,25.0,21.0,10.0,63.0,15.0,48.0,WATCH,🟡 觀察,觀察等待確認,量能回溫｜結構收斂｜KD/MACD確認｜風險扣分15
2026-09-30,1504,69.1,4881465,69.1,69.1,69.1,0.008759124087591053,0.0,-0.017069701280227667,-0.04689655172413798,0.0,0.012819061130365513,68.66,69.2,70.235,70.34285714285714,3944941.2,5367942.6,0.9093735465800248,0.7349074857842183,73.5,68.5,73.5,68.5,0.07235890014367063,70.235,68.66,0.022793053545256292,0.0,11.482831557684962,11.485132213465365,0,-0.9125323988418188,-0.8043212183997691,-0.10821118044204969,0,7.0,17.0,21.0,3.0,48.0,0.0,48.0,WATCH,🟡 觀察,觀察等待確認,量能回溫｜結構收斂
2026-09-30,1532,22.3,309452,22.3,22.3,22.3,0.009049773755656076,-0.01978021978021971,-0.011086474501108667,-0.030434782608695587,0.0,0.007503115738291559,22.32,22.425,22.634999999999998,22.652380952380952,315372.2,344524.6,0.898200012422913,0.9153836910339613,23.2,22.1,23.2,22.1,0.0493273542578776,22.634999999999998,22.32,0.014125560537483057,0.0,20.182067556983586,24.91970454633064,0,-0.17113818305475093,-0.13470821916136239,-0.03642996389338854,0,7.0,17.0,21.0,3.0,48.0,0.0,48.0,WATCH,🟡 觀察,觀察等待確認,量能回溫｜結構收斂
2026-09-30,1618,38.95,276774,38.95,38.95,38.95,0.015645371577575062,-0.002560819462227748,0.006459948320413522,-0.02867830423940143,0.0,0.0073563972364207395,38.8,38.835,39.095,39.142857142857146,255759.4,277828.5,0.9962044930595638,0.9205657446950154,39.9,38.35,40.1,38.35,0.03979460847137876,39.095,38.8,0.007573812580036659,0.0,39.70743763848439,39.84839071082217,0,-0.2925004453771791,-0.28844558426563327,-0.004054861111545849,0,7.0,17.0,21.0,3.0,48.0,0.0,48.0,WATCH,🟡 觀察,觀察等待確認,量能回溫｜結構收斂
2026-09-30,2204,52.3,446380,52.3,52.3,52.3,0.005769230769230749,-0.007590132827324569,-0.005703422053232043,-0.031481481481481555,0.0,0.006567072180108175,52.4,52.410000000000004,53.029999999999994,53.07619047619047,389066.2,504258.35,0.8852208396747404,0.7715612443502409,54.8,52.0,54.8,52.0,0.05353728489381377,53.029999999999994,52.4,0.012045889101108024,0.0,39.7125705303749,40.67200681551296,0,-0.42449598534849287,-0.38105009284627095,-0.04344589250222192,0,7.0,17.0,21.0,3.0,48.0,0.0,48.0,WATCH,🟡 觀察,觀察等待確認,量能回溫｜結構收斂
2026-09-30,2904,12.6,29328,12.6,12.6,12.6,0.0,-0.0039525691699605625,-0.0039525691699605625,-0.023255813953488413,0.0,0.00516357905655949,12.58,12.565000000000001,12.6375,12.649999999999999,19252.4,34764.25,0.8436252759659466,0.5537988019301279,12.85,12.5,12.9,12.5,0.027777777775573165,12.6375,12.565000000000001,0.005753968253511432,0.0,53.23755704856755,41.633963912213716,0,-0.06990445068137596,-0.0762273836444716,0.006322932963095634,0,7.0,17.0,21.0,3.0,48.0,0.0,48.0,WATCH,🟡 觀察,觀察等待確認,量能回溫｜結構收斂
2026-09-30,3043,20.35,46179,20.35,20.35,20.35,0.01243781094527363,-0.023980815347721784,0.01750000000000007,-0.030952380952380842,0.0,0.012395105502462742,20.53,20.515,20.642500000000002,20.65952380952381,54305.2,54852.75,0.8418721030394859,0.9900178204374258,21.35,20.0,21.35,20.0,0.0663390663358065,20.642500000000002,20.515,0.006265356265048448,0.0,43.530426464233074,53.65211395920548,0,-0.1272636056616001,-0.1150159539968,-0.012247651664800116,0,7.0,17.0,21.0,3.0,48.0,0.0,48.0,WATCH,🟡 觀察,觀察等待確認,量能回溫｜結構收斂
2026-09-30,4722,190.5,647858,190.5,190.5,190.5,0.002631578947368318,-0.002617801047120394,0.002631578947368318,-0.08413461538461542,0.0,0.02331973929231081,188.6,187.85,191.5,192.28571428571428,581321.4,792172.95,0.8178239360483076,0.7338314190102039,208.0,183.0,208.0,183.0,0.13123359579983604,191.5,187.85,0.019160104986776092,0.0,71.29282266890678,57.629140354213604,0,-4.103465880674207,-4.643213546203376,0.5397476655291689,0,7.0,17.0,21.0,3.0,48.0,0.0,48.0,WATCH,🟡 觀察,觀察等待確認,量能回溫｜結構收斂
2026-09-30,6670,272.0,181000,272.0,272.0,272.0,-0.00366300366300365,-0.0018348623853210455,-0.0018348623853210455,-0.05391304347826087,0.0,0.010537028838766846,272.4,272.4,274.425,275.04761904761904,186466.4,173004.85,1.046213444305168,1.0778102463601391,279.5,270.0,287.5,270.0,0.03492647058810689,274.425,272.4,0.0074448529411492255,0.0,42.50689500246364,38.02467581883808,0,-3.055425202109916,-3.2670467176861724,0.2116215155762564,0,7.0,17.0,21.0,3.0,48.0,0.0,48.0,WATCH,🟡 觀察,觀察等待確認,量能回溫｜結構收斂
2026-09-30,6923,75.2,47949,75.2,75.2,75.2,0.005347593582887722,-0.02083333333333326,-0.006605019815059454,-0.022106631989596948,0.0,0.008139364036487276,75.74000000000001,76.0,76.0,76.04285714285714,62474.0,58842.8,0.8148660498820448,1.0617101837437875,76.9,74.8,76.9,74.8,0.027925531914522378,76.0,75.74000000000001,0.0034574468084645404,0.0,30.10831101707181,44.313214287137576,0,-0.2539576480865122,-0.16643720390014538,-0.08752044418636684,0,7.0,17.0,21.0,3.0,48.0,0.0,48.0,WATCH,🟡 觀察,觀察等待確認,量能回溫｜結構收斂
2026-09-30,6951,69.2,23347,69.2,69.2,69.2,0.0014471780028944004,-0.0014430014430013571,-0.010014306151645225,-0.034867503486750384,0.0,0.004827281352614281,69.22,69.52000000000001,70.255,70.32380952380952,25975.0,24164.85,0.9661553868531787,1.0749083896651097,71.8,69.1,71.8,69.1,0.03901734103989863,70.255,69.22,0.014956647398627744,0.0,4.137811393470946,4.918352310168637,0,-0.6178628989349306,-0.5278782487909531,-0.0899846501439775,0,7.0,17.0,21.0,3.0,48.0,0.0,48.0,WATCH,🟡 觀察,觀察等待確認,量能回溫｜結構收斂
2026-09-30,7823,80.2,37185,80.2,80.2,80.2,0.0024999999999999467,-0.023142509135200884,-0.019559902200488977,-0.03256936067551275,0.0,0.013975504831303411,80.32000000000001,80.49,81.24499999999999,81.32380952380952,39590.0,38410.9,0.9680845801582112,1.0306970156908317,83.8,79.1,83.8,79.1,0.05860349127108976,81.24499999999999,80.32000000000001,0.011533665835267446,0.0,37.2010302596307,42.042802135821624,0,-0.6037591899423234,-0.5748752802568832,-0.02888390968544019,0,7.0,17.0,21.0,3.0,48.0,0.0,48.0,WATCH,🟡 觀察,觀察等待確認,量能回溫｜結構收斂
2026-09-30,1229,39.9,1909872,39.9,39.9,39.9,0.008849557522123908,-0.008695652173913104,-0.01115241635687736,-0.045454545454545414,0.0,0.009283418345227645,39.9,40.135,40.847500000000004,40.892857142857146,2282000.4,1992656.05,0.9584554243568523,1.145205365471878,42.1,39.55,42.1,39.55,0.06390977443448859,40.847500000000004,39.9,0.02374686716732477,0.0,14.29799002490114,12.343157795672315,1,-0.5002517242168523,-0.40121394735740495,-0.09903777685944731,0,0.0,17.0,21.0,10.0,48.0,0.0,48.0,WATCH,🟡 觀察,觀察等待確認,量能回溫｜結構收斂｜KD/MACD確認
2026-09-30,3501,37.65,196299,37.65,37.65,37.65,0.0040000000000000036,-0.015686274509803977,-0.02080624187256186,-0.05163727959697739,0.0,0.005145862828516514,37.81,38.0,38.692499999999995,38.74047619047619,151494.2,123001.95,1.5959015283903906,1.2316406365915238,39.95,37.5,39.95,37.5,0.06507304116693041,38.692499999999995,37.81,0.02343957503257779,0.0,7.7111363488489175,6.768504925835876,1,-0.5019113302065037,-0.4067369813459718,-0.09517434886053189,0,0.0,20.0,21.0,7.0,48.0,0.0,48.0,WATCH,🟡 觀察,觀察等待確認,量能回溫｜結構收斂｜指標初轉強
2026-09-30,2538,8.92,691830,8.92,8.92,8.92,0.02411021814006875,0.040840140023337135,0.028835063437139485,0.009049773755656076,0.0,0.010381764103087427,8.724,8.66,8.736,8.74095238095238,487334.2,1066487.8,0.648699403781271,0.4569524377118984,8.92,8.46,8.92,8.46,0.05156950672067596,8.736,8.66,0.008520179371242189,0.0,82.81317352181398,61.221342057817665,0,-0.025802561015941805,-0.04469400227798378,0.018891441262041973,0,28.0,9.0,22.0,3.0,62.0,15.0,47.0,WATCH,🟡 觀察,觀察等待確認,趨勢轉強｜量能正常｜結構收斂｜風險扣分15
2026-09-30,1213,7.47,5100,7.47,7.47,7.47,0.024691358024691246,0.04915730337078639,-0.002670226969292422,0.0,0.0,0.03010122680320069,7.348000000000001,7.289,7.406499999999999,7.406499999999999,14087.2,12304.55,0.41448082213486764,1.1448773014859428,7.7,7.09,7.7,7.09,0.0816599732153066,7.406499999999999,7.289,0.015729585004587703,0.0,62.977874096448964,48.97121045284788,0,-0.014614207678928182,-0.008733912234966272,-0.0058802954439619096,0,25.0,9.0,25.0,3.0,62.0,15.0,47.0,WATCH,🟡 觀察,觀察等待確認,趨勢轉強｜量能正常｜結構收斂｜風險扣分15
2026-09-30,9110,2.99,8005,2.99,2.99,2.99,0.04912280701754401,0.031034482758620863,0.01013513513513531,0.0,0.0,0.03669012458303978,2.854,2.91,2.99,2.99,21189.6,17931.29411764706,0.44642622821748507,1.1817105815661737,3.07,2.69,3.07,2.69,0.12709030096083931,2.91,2.854,0.018729096983702658,0.0,54.76616572828621,38.0014863128803,0,-0.030664594661545586,-0.025000865329121127,-0.005663729332424459,0,25.0,9.0,25.0,3.0,62.0,15.0,47.0,WATCH,🟡 觀察,觀察等待確認,趨勢轉強｜量能正常｜結構收斂｜風險扣分15
2026-09-30,2338,47.3,2755701,47.3,47.3,47.3,0.00424628450106157,-0.03567787971457692,-0.014583333333333393,0.21126760563380276,0.0,0.04408881779746408,47.06,47.995,44.71,44.44047619047619,5290937.2,16032412.05,0.17188311973306597,0.33001504598929016,50.7,37.75,50.7,37.75,0.27378435517391586,47.995,44.71,0.06945031712326737,0.0,29.22145636069137,43.90352489661154,0,2.1252753570645595,2.1667134211361714,-0.04143806407161188,0,22.0,4.0,15.0,6.0,47.0,0.0,47.0,WATCH,🟡 觀察,觀察等待確認,趨勢轉強｜結構收斂｜指標初轉強
2026-09-30,1541,20.9,5007,20.9,20.9,20.9,-0.004761904761904856,-0.014150943396226467,-0.014150943396226467,0.0,0.0,0.011787087663570343,21.060000000000002,20.985,20.9,20.9,4206.0,10242.842105263158,0.4888291695355458,0.41062821790822956,21.9,20.65,21.9,20.65,0.05980861243732973,21.060000000000002,20.985,0.00358851674623992,0.0,47.92348010137184,45.434426409208896,0,-0.16584551068428866,-0.16128376047709875,-0.004561750207189907,0,19.0,4.0,21.0,3.0,47.0,0.0,47.0,WATCH,🟡 觀察,觀察等待確認,趨勢轉強｜結構收斂
2026-09-30,7732,33.5,1026,33.5,33.5,33.5,0.0,-0.027576197387518264,-0.019033674963396696,0.0,0.0,0.015184287222884675,33.85,33.925,33.5,33.5,7611.8,6138.578947368421,0.16713966030194563,1.2399938267898145,34.85,33.5,34.85,33.5,0.040298507461483675,33.925,33.85,0.0022388059700822966,0.0,18.242467837939518,33.80658892738602,0,-0.22172914703147484,-0.1663434535668319,-0.05538569346464295,0,19.0,4.0,21.0,3.0,47.0,0.0,47.0,WATCH,🟡 觀察,觀察等待確認,趨勢轉強｜結構收斂
2026-09-30,1413,9.22,36968,9.22,9.22,9.22,0.01541850220264318,0.004357298474945592,0.0021739130434783593,-0.008602150537634468,0.0,0.01460318743080471,9.248,9.227,9.2435,9.246190476190476,28389.8,21323.55,1.7336700502495255,1.3313824386651691,9.52,9.08,9.52,9.08,0.04772234272801271,9.248,9.227,0.002277657266564139,0.0,22.249608353460193,24.983075348659256,0,-0.0203609420655404,-0.011390215888534002,-0.008970726177006397,0,18.0,20.0,21.0,3.0,62.0,15.0,47.0,WATCH,🟡 觀察,觀察等待確認,趨勢轉強｜量能回溫｜結構收斂｜風險扣分15
2026-09-30,3231,184.5,20375740,184.5,184.5,184.5,-0.005390835579514808,-0.01072386058981234,0.01933701657458564,0.03651685393258419,0.0,0.022769690093006067,183.0,184.0,185.9,185.52380952380952,35408288.2,52189361.05,0.3904194186335991,0.6784579747216508,198.0,180.0,198.0,178.0,0.09756097560922732,185.9,183.0,0.015718157181486656,0.0,58.608129451221856,46.47579466536629,0,0.6710723730418806,1.0777034223377027,-0.40663104929582206,0,15.0,9.0,17.0,6.0,47.0,0.0,47.0,WATCH,🟡 觀察,觀察等待確認,趨勢修復｜量能正常｜結構收斂｜指標初轉強
2026-09-30,9105,8.53,26440436,8.53,8.53,8.53,-0.01501154734411092,0.017899761336515274,0.017899761336515274,-0.020665901262916342,0.0,0.015868116013543706,8.459999999999999,8.434,8.5335,8.541904761904762,16925910.6,17555121.25,1.5061380450448327,0.964158000332809,8.89,8.33,8.89,8.33,0.06565064477542203,8.5335,8.434,0.011664712777061676,0.0,57.007985071376346,39.42884496497457,0,-0.05544170102466062,-0.06476678883293088,0.009325087808270266,0,13.0,25.0,21.0,3.0,62.0,15.0,47.0,WATCH,🟡 觀察,觀察等待確認,趨勢修復｜量能回溫｜結構收斂｜風險扣分15
2026-09-30,1108,11.15,142436,11.15,11.15,11.15,0.013636363636363669,0.0,0.0045045045045044585,-0.04700854700854695,0.0,0.006665991208166888,11.070000000000002,11.08,11.2925,11.311904761904762,160943.0,281059.6,0.5067821913928559,0.5726294351802943,11.7,11.0,11.7,11.0,0.06278026905266539,11.2925,11.070000000000002,0.019955156948882797,0.0,36.052440431826255,16.8176159861964,1,-0.1549816214050619,-0.14824215028893906,-0.0067394711161228305,0,7.0,9.0,21.0,10.0,47.0,0.0,47.0,WATCH,🟡 觀察,觀察等待確認,量能正常｜結構收斂｜KD/MACD確認
2026-09-30,1316,10.7,1091176,10.7,10.7,10.7,0.02392344497607657,0.0,0.0,-0.022831050228310557,0.0,0.01762346715230164,10.55,10.594999999999999,10.7125,10.723809523809523,1001252.0,1843382.6,0.5919422262095777,0.5431601665329809,11.2,10.4,11.2,10.4,0.0747663551331993,10.7125,10.55,0.015186915886431097,0.0,44.878165787938656,35.662624050961085,1,-0.09053039251263151,-0.07917257990796103,-0.011357812604670475,0,7.0,9.0,21.0,10.0,47.0,0.0,47.0,WATCH,🟡 觀察,觀察等待確認,量能正常｜結構收斂｜KD/MACD確認
2026-09-30,2312,31.25,6465397,31.25,31.25,31.25,0.01791530944625408,-0.0015974440894569453,0.01296596434359798,-0.03400309119010825,0.0,0.018569712094457333,30.85,30.959999999999997,31.415,31.45952380952381,4940589.8,8507170.0,0.7599938639994261,0.5807559740783361,33.15,30.45,33.15,30.45,0.08639999999723517,31.415,30.85,0.018079999999421368,0.0,46.896257337059865,36.44441721977112,1,-0.3607304775348723,-0.356993663983699,-0.003736813551173279,0,7.0,9.0,21.0,10.0,47.0,0.0,47.0,WATCH,🟡 觀察,觀察等待確認,量能正常｜結構收斂｜KD/MACD確認
2026-09-30,2374,67.2,1452171,67.2,67.2,67.2,0.015105740181268867,-0.0014858841010400026,0.009009009009009139,-0.02183406113537123,0.0,0.011849861334714943,66.46000000000001,66.63,67.255,67.32380952380952,1391116.8,2088066.6,0.6954620125622426,0.666222427962786,70.1,65.7,70.1,65.7,0.065476190475216,67.255,66.46000000000001,0.011830357142680908,0.0,50.18811728234756,43.382251217496645,1,-0.4965695837656767,-0.49501918987012017,-0.0015503938955565566,0,7.0,9.0,21.0,10.0,47.0,0.0,47.0,WATCH,🟡 觀察,觀察等待確認,量能正常｜結構收斂｜KD/MACD確認
2026-09-30,8422,25.9,2700362,25.9,25.9,25.9,0.015686274509803866,-0.0038461538461539435,-0.00766283524904221,-0.03358208955223885,0.0,0.011863315593736603,25.660000000000004,25.865,26.0825,26.116666666666667,3382757.2,3991567.75,0.6765166393580566,0.84747583202114,26.75,25.5,26.8,25.5,0.048262548260684844,26.0825,25.660000000000004,0.016312741312111318,0.0,16.733589496009436,13.966737928847966,1,-0.248213261449461,-0.217993703548265,-0.030219557901195987,0,7.0,9.0,21.0,10.0,47.0,0.0,47.0,WATCH,🟡 觀察,觀察等待確認,量能正常｜結構收斂｜KD/MACD確認
2026-09-30,2712,13.55,15156,13.55,13.55,13.55,0.011194029850746245,0.0037037037037037646,-0.03558718861209964,-0.04912280701754379,0.0,0.011419501783763247,13.45,13.525,13.9325,13.947619047619046,7934.4,17017.2,0.8906283054791099,0.466257668711629,14.6,13.35,14.6,13.35,0.0922509225024169,13.9325,13.45,0.03560885608593292,0.0,20.403517096431457,11.431671388234303,1,-0.22831355347824278,-0.17593027598718605,-0.05238327749105673,0,6.0,17.0,17.0,7.0,47.0,0.0,47.0,WATCH,🟡 觀察,觀察等待確認,量能回溫｜結構收斂｜指標初轉強
2026-09-30,3023,307.0,1125085,307.0,307.0,307.0,-0.001626016260162566,-0.04212168486739465,-0.04212168486739465,-0.01759999999999995,0.0,0.022446750707824484,311.6,316.2,321.95,321.5,716192.2,934720.45,1.2036593400732793,0.7662100470787808,340.0,307.0,340.0,307.0,0.1074918566771743,321.95,311.6,0.03371335504875001,0.0,6.613574601784497,15.231954875352066,0,-1.8738908259851428,0.4359636927851641,-2.309854518770307,0,5.0,25.0,17.0,0.0,47.0,0.0,47.0,WATCH,🟡 觀察,觀察等待確認,量能回溫｜結構收斂
2026-09-30,2228,74.8,56671,74.8,74.8,74.8,-0.002666666666666706,0.0108108108108107,-0.001335113484646322,-0.001335113484646322,0.0,0.014248652398665608,74.98,74.91,74.91499999999999,74.91428571428571,65941.4,153421.1,0.36938204718907397,0.42980659114032926,76.9,73.4,76.9,73.4,0.046791443849641824,74.98,74.91,0.0009358288769929353,0.0,43.500936875991854,44.436831949459545,0,-0.001647055365751271,0.006885807942539902,-0.008532863308291172,0,18.0,4.0,21.0,3.0,46.0,0.0,46.0,WATCH,🟡 觀察,觀察等待確認,趨勢轉強｜結構收斂
2026-09-30,2438,19.9,91740,19.9,19.9,19.9,0.010152284263959421,-0.03864734299516914,0.047368421052631504,0.09641873278236912,0.0,0.04469858794803214,19.77,19.869999999999997,20.0025,19.914285714285715,73886.8,206667.1,0.44390229504357276,0.3575160245631726,22.05,18.25,22.05,18.15,0.19095477385975107,20.0025,19.77,0.011683417084840116,0.0,39.470409688311825,42.88084167218346,0,0.26557634574135136,0.3421528464194036,-0.07657650067805222,0,15.0,4.0,21.0,6.0,46.0,0.0,46.0,WATCH,🟡 觀察,觀察等待確認,趨勢修復｜結構收斂｜指標初轉強
2026-09-30,3011,10.15,270226,10.15,10.15,10.15,0.025252525252525304,0.0,0.08208955223880587,-0.033333333333333326,0.0,0.018741590673384673,9.994,9.915000000000001,9.952,9.978095238095237,235345.2,552408.15,0.4891781556807217,0.42603498880311513,10.35,9.38,10.5,9.38,0.09556650245363865,9.994,9.915000000000001,0.007783251230760157,0.0,81.29719853263953,72.65543973726875,0,-0.08680898599496345,-0.130356346588421,0.04354736059345754,0,14.0,4.0,25.0,3.0,46.0,0.0,46.0,WATCH,🟡 觀察,觀察等待確認,趨勢修復｜結構收斂
2026-09-30,1416,11.45,61565,11.45,11.45,11.45,0.008810572687224738,0.008810572687224738,0.01777777777777767,-0.029661016949152685,0.0,0.008164094674957361,11.430000000000001,11.379999999999999,11.459999999999999,11.476190476190476,169323.0,227235.25,0.27093067646854846,0.7451440742578419,11.75,11.25,11.8,11.25,0.04366812226692855,11.459999999999999,11.379999999999999,0.006986899562708575,0.0,66.27160581466356,57.98495412249275,0,-0.08114592073173732,-0.09641246525047073,0.01526654451873341,0,13.0,9.0,21.0,3.0,46.0,0.0,46.0,WATCH,🟡 觀察,觀察等待確認,趨勢修復｜量能正常｜結構收斂
2026-09-30,2106,16.65,533046,16.65,16.65,16.65,0.012158054711246091,0.0030120481927708997,0.0060422960725075026,-0.026315789473684403,0.0,0.011064456977022663,16.57,16.56,16.8,16.814285714285717,626588.0,1236138.5,0.4312186700762088,0.5068914203384164,17.45,16.4,17.45,16.4,0.06306306305927555,16.8,16.56,0.014414414413548805,0.0,63.61640535228106,46.105798780235745,0,-0.14279514385777858,-0.13640974160829517,-0.006385402249483418,0,13.0,9.0,21.0,3.0,46.0,0.0,46.0,WATCH,🟡 觀察,觀察等待確認,趨勢修復｜量能正常｜結構收斂
2026-09-30,2313,226.5,12970500,226.5,226.5,226.5,0.0022123893805310324,0.020270270270270174,0.02488687782805421,-0.08853118712273644,0.0,0.027691155574444834,224.2,223.35,229.35,230.26190476190476,11060583.2,24288572.4,0.5340165649258167,0.455382186233391,252.0,218.5,252.0,218.5,0.1479028697565214,229.35,223.35,0.02649006622504861,0.0,61.29353827791212,47.27806425280164,0,-5.432361621095879,-6.01228571061556,0.5799240895196807,0,13.0,9.0,21.0,3.0,46.0,0.0,46.0,WATCH,🟡 觀察,觀察等待確認,趨勢修復｜量能正常｜結構收斂
2026-09-30,2357,961.0,2057274,961.0,961.0,961.0,-0.0020768431983385627,0.015856236786469413,0.028907922912205564,-0.03803803803803807,0.0,0.024919102837306275,957.6,950.9,965.9,967.4761904761905,1699565.8,3222765.3,0.6383567552995558,0.5273625727570046,1025.0,924.0,1025.0,924.0,0.10509885535889167,965.9,950.9,0.015608740894884903,0.0,80.95225221102672,64.96817184554091,0,-9.947242090243549,-11.602458216127644,1.6552161258840954,0,13.0,9.0,21.0,3.0,46.0,0.0,46.0,WATCH,🟡 觀察,觀察等待確認,趨勢修復｜量能正常｜結構收斂
2026-09-30,3669,33.0,102848,33.0,33.0,33.0,0.016949152542372836,0.010719754977029039,0.020092735703245657,-0.06779661016949146,0.0,0.01632181154977036,32.559999999999995,32.510000000000005,33.1075,33.21666666666666,70198.6,129373.25,0.7949711397062315,0.5426052139835666,35.6,32.0,35.6,32.0,0.10909090908760335,33.1075,32.510000000000005,0.018106060605511835,0.0,71.1119764987618,57.59119910460669,0,-0.6169480102470075,-0.6842516221422884,0.06730361189528089,0,13.0,9.0,21.0,3.0,46.0,0.0,46.0,WATCH,🟡 觀察,觀察等待確認,趨勢修復｜量能正常｜結構收斂
2026-09-30,4306,14.7,707952,14.7,14.7,14.7,0.0034129692832762792,0.0034129692832762792,0.0034129692832762792,-0.023255813953488413,0.0,0.010365280179873926,14.61,14.59,14.8025,14.814285714285715,672751.2,938261.1,0.7545362373011086,0.7170191751528431,15.25,14.4,15.25,14.4,0.05782312924776711,14.8025,14.59,0.014455782311941808,0.0,53.822209696648265,41.56044717544738,0,-0.11396172081648004,-0.10971621362160928,-0.004245507194870754,0,13.0,9.0,21.0,3.0,46.0,0.0,46.0,WATCH,🟡 觀察,觀察等待確認,趨勢修復｜量能正常｜結構收斂
2026-09-30,5215,37.9,14700,37.9,37.9,37.9,0.01608579088471851,0.0053050397877982824,0.010666666666666602,-0.02067183462532307,0.0,0.011121410162430952,37.82,37.714999999999996,38.225,38.24761904761905,19470.2,25193.2,0.5834907832271968,0.7728355270469502,39.6,37.25,39.6,37.25,0.062005277043218905,38.225,37.714999999999996,0.013456464379592314,0.0,56.907950437978855,46.667663360401626,0,-0.26452618778704107,-0.2393086328194802,-0.025217554967560868,0,13.0,9.0,21.0,3.0,46.0,0.0,46.0,WATCH,🟡 觀察,觀察等待確認,趨勢修復｜量能正常｜結構收斂
2026-09-30,6412,74.8,298725,74.8,74.8,74.8,0.009446693657219951,0.009446693657219951,0.013550135501354976,-0.05316455696202538,0.0,0.009467815164107194,74.41999999999999,74.17999999999999,75.12,75.3047619047619,319150.8,521078.75,0.5732818695830514,0.6124809349834346,79.2,73.7,79.2,73.7,0.07352941176372287,75.12,74.17999999999999,0.01256684491961825,0.0,75.83059725463556,61.930076367331374,0,-1.0039456117095682,-1.1411916787054344,0.13724606699586617,0,13.0,9.0,21.0,3.0,46.0,0.0,46.0,WATCH,🟡 觀察,觀察等待確認,趨勢修復｜量能正常｜結構收斂
2026-09-30,8374,77.6,134980,77.6,77.6,77.6,0.021052631578947212,0.0025839793281652312,0.005181347150258864,-0.041975308641975406,0.0,0.01593500649321766,76.3,76.59,78.375,78.5,127395.4,241806.95,0.5582138974913643,0.5268475533891787,82.9,75.3,82.9,75.3,0.09793814432863493,78.375,76.3,0.02673969072130494,0.0,44.95503151245088,25.7033840553459,0,-1.16812877651941,-1.0624472659179744,-0.10568151060143549,0,13.0,9.0,21.0,3.0,46.0,0.0,46.0,WATCH,🟡 觀察,觀察等待確認,趨勢修復｜量能正常｜結構收斂
2026-09-30,9921,93.1,1131060,93.1,93.1,93.1,-0.01062699256110522,0.02872928176795564,0.037904124860646426,-0.08725490196078434,0.0,0.02754971126948048,91.55999999999999,91.09,94.015,94.3952380952381,942787.2,1665944.1,0.6789303434611037,0.5659176679457608,102.5,87.6,102.5,87.6,0.16004296455252376,94.015,91.09,0.03141783028967325,0.0,69.81935908068488,53.72989074989393,0,-2.343137676495175,-2.6372741675475075,0.2941364910523325,0,13.0,9.0,21.0,3.0,46.0,0.0,46.0,WATCH,🟡 觀察,觀察等待確認,趨勢修復｜量能正常｜結構收斂
2026-09-30,1324,9.99,36984,9.99,9.99,9.99,0.0010020040080160886,0.0,-0.005970149253731405,-0.01089108910891079,0.0,0.008472233664379134,9.988,9.99,10.0345,10.037619047619048,29585.4,27512.7,1.3442519272917108,1.07533611750206,10.25,9.94,10.25,9.94,0.03103103102792487,10.0345,9.988,0.004654654654188722,0.0,38.39796652992293,26.754073019447034,0,-0.028656582484272164,-0.026911541414857697,-0.0017450410694144665,0,12.0,25.0,21.0,3.0,61.0,15.0,46.0,WATCH,🟡 觀察,觀察等待確認,趨勢修復｜量能回溫｜結構收斂｜風險扣分15
2026-09-30,3622,46.1,191623,46.1,46.1,46.1,0.03247480403135494,0.005452562704471031,0.03247480403135494,-0.13182674199623357,0.0,0.023139181087097397,44.910000000000004,45.29,47.6725,47.93095238095238,180983.6,317070.0,0.6043555050935105,0.5708001387706167,53.5,44.2,53.5,44.2,0.2017353579131944,47.6725,44.910000000000004,0.05992407808980633,0.0,36.155254793609345,21.08890159534434,1,-1.9443030493000606,-1.9105832275773826,-0.033719821722677956,0,6.0,9.0,21.0,10.0,46.0,0.0,46.0,WATCH,🟡 觀察,觀察等待確認,量能正常｜結構收斂｜KD/MACD確認
2026-09-30,1236,25.45,33518,25.45,25.45,25.45,0.0039447731755424265,-0.00391389432485334,-0.01547388781431347,-0.009727626459143934,0.0,0.004948319829940874,25.360000000000003,25.45,25.767500000000002,25.764285714285712,32824.2,61100.9,0.5485680243662442,0.5372130361418483,26.25,25.25,26.25,25.25,0.039292730843249794,25.767500000000002,25.360000000000003,0.016011787818624248,0.0,34.6142051925421,21.35054335419511,0,-0.12189859972817274,-0.06702601007417217,-0.054872589654000575,0,12.0,9.0,21.0,3.0,45.0,0.0,45.0,WATCH,🟡 觀察,觀察等待確認,趨勢修復｜量能正常｜結構收斂
2026-09-30,1410,24.1,67802,24.1,24.1,24.1,0.0,-0.014314928425357754,-0.004132231404958553,-0.008230452674897082,0.0,0.012230424821996481,24.15,24.240000000000002,24.41,24.404761904761905,161750.2,142442.7,0.4759949088300034,1.1355457317222917,24.9,23.9,24.9,23.9,0.04149377593188822,24.41,24.15,0.010788381742291003,0.0,27.01897121494393,35.93423100641276,0,-0.06917754341284876,-0.026107165381284325,-0.04307037803156444,0,12.0,9.0,21.0,3.0,45.0,0.0,45.0,WATCH,🟡 觀察,觀察等待確認,趨勢修復｜量能正常｜結構收斂
2026-09-30,1445,10.1,57497,10.1,10.1,10.1,0.010000000000000009,-0.014634146341463428,-0.009803921568627416,-0.0049261083743843415,0.0,0.011005459533951628,10.05,10.1,10.192499999999999,10.19047619047619,34864.6,72533.05,0.7927007067812425,0.4806719143893648,10.4,10.0,10.4,10.0,0.039603960392118456,10.192499999999999,10.05,0.014108910889692019,0.0,24.954997988842486,25.63447800817681,0,-0.03554918263792395,-0.014980481181854442,-0.020568701456069507,0,12.0,9.0,21.0,3.0,45.0,0.0,45.0,WATCH,🟡 觀察,觀察等待確認,趨勢修復｜量能正常｜結構收斂
2026-09-30,1454,12.2,20501,12.2,12.2,12.2,0.00411522633744843,-0.02008032128514059,-0.02008032128514059,-0.004081632653061273,0.0,0.015131387631396456,12.309999999999999,12.434999999999999,12.39,12.383333333333335,27727.0,35501.65,0.5774661177719747,0.7810059532444047,12.85,12.1,12.85,12.1,0.06147540983102661,12.434999999999999,12.309999999999999,0.010245901638504435,0.0,12.054927723995707,22.672663324444176,0,0.0035812272580315607,0.04488477262105514,-0.04130354536302358,0,12.0,9.0,21.0,3.0,45.0,0.0,45.0,WATCH,🟡 觀察,觀察等待確認,趨勢修復｜量能正常｜結構收斂
2026-09-30,2362,46.9,457594,46.9,46.9,46.9,0.004282655246252487,-0.02797927461139904,0.005359056806002238,-0.017801047120418856,0.0,0.01777160866714412,47.37,47.4,47.6075,47.614285714285714,379000.0,758888.0,0.6029796228165413,0.4994149334289111,49.3,46.25,49.3,46.25,0.06503198294104404,47.6075,47.37,0.005063965884753525,0.0,39.30676135789218,52.67313943757835,0,-0.1350908195752467,-0.07585881641838037,-0.059232003156866345,0,12.0,9.0,21.0,3.0,45.0,0.0,45.0,WATCH,🟡 觀察,觀察等待確認,趨勢修復｜量能正常｜結構收斂
2026-09-30,2474,206.5,1471237,206.5,206.5,206.5,0.0048661800486617945,-0.021327014218009532,0.0048661800486617945,-0.00959232613908878,0.0,0.011706872559035422,207.5,207.7,207.525,207.57142857142858,1778563.8,2562669.2,0.5741033606678534,0.6940278518975447,213.5,203.5,213.5,203.5,0.04842615012083087,207.7,207.5,0.0009685230024165623,0.0,41.11828993267414,55.22791136080943,0,-0.24092969928770458,-0.2055037457896479,-0.03542595349805669,0,12.0,9.0,21.0,3.0,45.0,0.0,45.0,WATCH,🟡 觀察,觀察等待確認,趨勢修復｜量能正常｜結構收斂
2026-09-30,2515,11.9,3359728,11.9,11.9,11.9,0.008474576271186418,-0.008333333333333304,-0.008333333333333304,-0.012448132780083054,0.0,0.011116371297915864,11.9,11.905,11.9575,11.961904761904762,3780369.8,5099990.3,0.6587714490358931,0.7412503902213303,12.15,11.75,12.15,11.75,0.03361344537532663,11.9575,11.9,0.004831932772703133,0.0,45.255663796125525,51.968029008032694,0,-0.03647302848214373,-0.030404272327087777,-0.006068756155055956,0,12.0,9.0,21.0,3.0,45.0,0.0,45.0,WATCH,🟡 觀察,觀察等待確認,趨勢修復｜量能正常｜結構收斂
2026-09-30,2597,168.0,161609,168.0,168.0,168.0,0.0059880239520957446,-0.01754385964912286,0.0059880239520957446,-0.01754385964912286,0.0,0.011856909643356136,167.9,169.3,169.775,169.83333333333334,163634.6,210965.5,0.7660446850314352,0.7756462549563755,175.0,167.0,175.0,167.0,0.047619047618764176,169.775,167.9,0.011160714285647853,0.0,18.4517602945494,26.875638188749168,0,-0.71359230597389,-0.40392154921771173,-0.3096707567561783,0,12.0,9.0,21.0,3.0,45.0,0.0,45.0,WATCH,🟡 觀察,觀察等待確認,趨勢修復｜量能正常｜結構收斂
2026-09-30,3209,45.35,797503,45.35,45.35,45.35,-0.003296703296703285,-0.010905125408942173,0.014541387024608499,-0.010905125408942173,0.0,0.014000494285624436,45.65,45.485,45.7375,45.74285714285715,625020.2,1057770.5,0.7539470991108178,0.590884506610838,47.5,44.25,47.5,44.25,0.07166482910536572,45.7375,45.485,0.005567805953570671,0.0,53.61263010996297,64.50485719263789,0,-0.09146348727465892,-0.10114160694953277,0.00967811967487385,0,12.0,9.0,21.0,3.0,45.0,0.0,45.0,WATCH,🟡 觀察,觀察等待確認,趨勢修復｜量能正常｜結構收斂
2026-09-30,4766,340.5,84164,340.5,340.5,340.5,-0.0014662756598240456,-0.008733624454148492,0.020989505247376306,-0.013043478260869601,0.0,0.00956966602487909,341.7,340.95,341.725,341.8809523809524,76022.0,113524.7,0.7413717014887443,0.6696516264742327,350.0,333.0,350.0,333.0,0.04992657856079317,341.725,340.95,0.002276064610859789,0.0,59.02187204680297,61.43435495216551,0,-0.7038305653008479,-0.9561809679220956,0.25235040262124775,0,12.0,9.0,21.0,3.0,45.0,0.0,45.0,WATCH,🟡 觀察,觀察等待確認,趨勢修復｜量能正常｜結構收斂
2026-09-30,6176,91.2,1303911,91.2,91.2,91.2,0.011086474501108556,-0.02771855010660973,-0.02564102564102555,0.0,0.0,0.018810333927758792,91.64000000000001,92.57,91.83,91.8,1540808.6,2205840.1,0.5911176426614057,0.6985132784556775,96.1,88.9,96.1,88.9,0.07894736842018685,92.57,91.64000000000001,0.010197368420940581,0.0,24.07146665449593,39.81850069788849,0,0.15563495117784498,0.3108056226737583,-0.1551706714959133,0,12.0,9.0,21.0,3.0,45.0,0.0,45.0,WATCH,🟡 觀察,觀察等待確認,趨勢修復｜量能正常｜結構收斂
2026-09-30,6177,46.45,654604,46.45,46.45,46.45,0.00432432432432428,-0.025183630640083887,-0.008537886872998945,-0.013800424628450103,0.0,0.01570876040286777,46.5,46.970000000000006,47.3925,47.37857142857143,981229.8,1464031.95,0.44712412184720396,0.6702243076047619,49.2,46.2,49.2,46.2,0.06458557588666124,47.3925,46.5,0.019214208826281682,0.0,12.605425513662265,20.480945665913374,0,-0.21790670667880363,-0.05822822213487647,-0.15967848454392716,0,12.0,9.0,21.0,3.0,45.0,0.0,45.0,WATCH,🟡 觀察,觀察等待確認,趨勢修復｜量能正常｜結構收斂
2026-09-30,6215,97.7,254513,97.7,97.7,97.7,0.005144032921810648,-0.005091649694501044,0.015592515592515621,-0.003061224489795844,0.0,0.015151710657763643,97.3,97.44,97.8,97.80952380952381,270096.8,546729.25,0.46551926753507245,0.4940229556037096,100.5,95.6,100.5,95.6,0.05015353121750104,97.8,97.3,0.005117707267091937,0.0,46.31669683933812,45.138062473999796,0,-0.1721751552026518,-0.14261796534497276,-0.02955718985767905,0,12.0,9.0,21.0,3.0,45.0,0.0,45.0,WATCH,🟡 觀察,觀察等待確認,趨勢修復｜量能正常｜結構收斂
2026-09-30,6277,77.0,109764,77.0,77.0,77.0,0.003911342894393766,-0.029003783102143688,0.006535947712418277,-0.014084507042253502,0.0,0.01133423446857198,77.5,77.61,78.0,78.0047619047619,101947.0,151452.55,0.7247418415866836,0.6731283164264936,80.3,76.0,80.3,76.0,0.055844155843430554,78.0,77.5,0.006493506493422162,0.0,41.28303915522277,49.12086943314311,0,-0.21316270388982161,-0.1323396816445626,-0.080823022245259,0,12.0,9.0,21.0,3.0,45.0,0.0,45.0,WATCH,🟡 觀察,觀察等待確認,趨勢修復｜量能正常｜結構收斂
2026-09-30,6581,108.5,11265,108.5,108.5,108.5,0.004629629629629539,-0.0091324200913242,-0.018099547511312264,0.0,0.0,0.007407476392893602,108.6,109.0,109.5,109.45238095238095,7030.0,14831.3,0.7595423192841653,0.4739975592159505,111.5,108.0,111.5,108.0,0.03225806451583172,109.5,108.6,0.008294930875499639,0.0,14.843985436568936,15.599699831771268,0,-0.10216713847356118,0.13625503082176782,-0.238422169295329,0,12.0,9.0,21.0,3.0,45.0,0.0,45.0,WATCH,🟡 觀察,觀察等待確認,趨勢修復｜量能正常｜結構收斂
2026-09-30,6722,32.5,13701,32.5,32.5,32.5,0.006191950464396356,-0.013657056145675361,0.010886469673405896,-0.006116207951070374,0.0,0.009346631632676915,32.5,32.525,32.65,32.65238095238095,18271.2,24974.0,0.5486105549771543,0.731608873228128,33.2,32.0,33.2,32.0,0.03692307692194092,32.65,32.5,0.00461538461524256,0.0,41.32717771876074,47.59762598096343,0,-0.06101675542630147,-0.03943352693375564,-0.021583228492545833,0,12.0,9.0,21.0,3.0,45.0,0.0,45.0,WATCH,🟡 觀察,觀察等待確認,趨勢修復｜量能正常｜結構收斂
2026-09-30,6873,68.4,145527,68.4,68.4,68.4,0.007363770250368162,-0.014409221902017322,0.00588235294117645,-0.008695652173912993,0.0,0.011875160497928316,68.56,68.59,68.545,68.56666666666668,240115.8,223319.25,0.6516545259757023,1.0752131757562275,70.1,67.1,70.1,67.1,0.04385964912216579,68.59,68.545,0.0006578947368325118,0.0,45.31223180595626,51.41571672505956,0,-0.07803924334595536,-0.058988198671182476,-0.01905104467477288,0,12.0,9.0,21.0,3.0,45.0,0.0,45.0,WATCH,🟡 觀察,觀察等待確認,趨勢修復｜量能正常｜結構收斂
2026-09-30,7791,55.3,18558,55.3,55.3,55.3,-0.0018050541516245744,-0.014260249554367332,0.003629764065335772,-0.019503546099290836,0.0,0.010869085496315562,55.56,55.7,55.68499999999999,55.719047619047615,21433.0,29879.6,0.621092651842708,0.7173121460795755,57.2,55.0,57.2,55.0,0.03978300180759892,55.7,55.56,0.0025316455695744834,0.0,20.228985935958278,32.18614378281257,0,-0.16012966456034405,-0.1476302573976613,-0.012499407162682746,0,12.0,9.0,21.0,3.0,45.0,0.0,45.0,WATCH,🟡 觀察,觀察等待確認,趨勢修復｜量能正常｜結構收斂
2026-09-30,9940,20.1,192092,20.1,20.1,20.1,0.01005025125628145,-0.024271844660194164,0.012594458438287104,-0.002481389578163684,0.0,0.010122449428744172,20.14,20.205000000000002,20.225,20.22142857142857,354083.6,324187.1,0.5925343728976243,1.0922198940056496,20.75,19.85,20.75,19.85,0.04477611940075733,20.225,20.14,0.004228855721182686,0.0,30.948876901015176,40.36133024493707,0,-0.011134085928230064,0.012954024525244459,-0.024088110453474525,0,12.0,9.0,21.0,3.0,45.0,0.0,45.0,WATCH,🟡 觀察,觀察等待確認,趨勢修復｜量能正常｜結構收斂
2026-09-30,9946,17.0,181251,17.0,17.0,17.0,0.008902077151335286,-0.031339031339031376,0.00591715976331364,-0.01449275362318836,0.0,0.0173048298998897,17.1,17.009999999999998,17.0925,17.1,196465.8,255852.4,0.7084201672526789,0.7678872662519454,17.6,16.65,17.6,16.65,0.05588235293788944,17.1,17.009999999999998,0.005294117646747605,0.0,42.96239770934038,45.83164302306518,0,-0.04538632898810846,-0.048657101150836116,0.003270772162727656,0,12.0,9.0,21.0,3.0,45.0,0.0,45.0,WATCH,🟡 觀察,觀察等待確認,趨勢修復｜量能正常｜結構收斂
2026-09-30,4572,138.5,14722,138.5,138.5,138.5,-0.003597122302158251,-0.014234875444839812,-0.028070175438596467,-0.03819444444444442,0.0,0.008654387635685792,139.2,140.15,141.1,141.23809523809524,19244.6,16768.85,0.8779373660089466,1.1476398202619054,144.5,138.5,144.5,138.5,0.04332129963867638,141.1,139.2,0.013718411552247563,0.0,7.385028486979981,14.194505173534697,0,-1.12756825400092,-0.8893886712003166,-0.23817958280060336,0,7.0,17.0,21.0,0.0,45.0,0.0,45.0,WATCH,🟡 觀察,觀察等待確認,量能回溫｜結構收斂
2026-09-30,8464,366.5,349317,366.5,366.5,366.5,-0.016107382550335614,-0.009459459459459474,-0.029139072847682135,-0.020053475935828846,0.0,0.014989158980400635,372.2,372.95,372.0,372.0952380952381,333688.0,372066.05,0.9388574958666588,0.8968515133267309,382.0,361.0,382.0,361.0,0.05729877216901146,372.95,372.0,0.0025920873124076304,0.0,19.538443217246794,32.25107601875165,0,-0.5359127627351086,-0.16932226441051781,-0.3665904983245908,0,7.0,17.0,21.0,0.0,45.0,0.0,45.0,WATCH,🟡 觀察,觀察等待確認,量能回溫｜結構收斂
2026-09-30,1319,77.9,1448175,77.9,77.9,77.9,0.0012853470437019787,-0.0298879202988791,-0.005108556832694622,-0.05690072639225163,0.0,0.012230890345548407,78.62,79.16,79.89000000000001,80.01904761904763,1112379.0,1300523.0,1.1135327864251527,0.8553320471840938,83.2,77.8,83.2,77.8,0.06931964056393691,79.89000000000001,78.62,0.016302952503000092,0.0,20.02388401331401,33.6272688234332,0,-0.9419791488356282,-0.8262524045501333,-0.1157267442854949,0,0.0,25.0,17.0,3.0,45.0,0.0,45.0,WATCH,🟡 觀察,觀察等待確認,量能回溫｜結構收斂
2026-09-30,1438,21.15,155431,21.15,21.15,21.15,0.0,-0.036446469248291646,-0.009367681498829161,-0.0558035714285714,0.0,0.021852310869680695,21.44,21.54,21.84,21.866666666666667,66766.0,61610.35,2.5228066388195733,1.0836815567514049,23.3,21.15,23.3,21.15,0.10165484633089113,21.84,21.44,0.01891252954993315,0.0,15.53743529646466,25.681441371370152,0,-0.2523501317029684,-0.2024904652450421,-0.04985966645792628,0,0.0,25.0,17.0,3.0,45.0,0.0,45.0,WATCH,🟡 觀察,觀察等待確認,量能回溫｜結構收斂
2026-09-30,4583,426.5,85489,426.5,426.5,426.5,-0.005827505827505797,-0.017281105990783363,-0.008139534883720878,-0.07282608695652171,0.0,0.01791541758967093,428.8,427.15,441.9,442.76190476190476,41737.4,64591.45,1.3235343067851657,0.6461753064840526,478.5,420.0,478.5,420.0,0.13716295427869366,441.9,427.15,0.034583821805311644,0.0,52.111655194926875,44.895991715701626,0,-8.530067046991746,-7.974131958907251,-0.5559350880844951,0,0.0,25.0,17.0,3.0,45.0,0.0,45.0,WATCH,🟡 觀察,觀察等待確認,量能回溫｜結構收斂
2026-09-30,6834,109.0,2684385,109.0,109.0,109.0,-0.03111111111111109,-0.05217391304347829,0.10997963340122197,0.21245828698553937,0.0,0.04259771385636723,112.5,108.66,102.91499999999999,102.29523809523809,4610552.8,6005430.0,0.4469929713609183,0.7677306704099455,116.0,87.2,116.0,87.2,0.2642201834838145,112.5,102.91499999999999,0.08793577981570708,0.0,76.56359350572714,81.32910791950268,0,5.492001483200951,4.748685620340379,0.7433158628605723,0,22.0,9.0,7.0,6.0,44.0,0.0,44.0,SKIP,❌ 排除,條件不足,趨勢轉強｜量能正常｜指標初轉強
2026-09-30,6807,32.3,7031,32.3,32.3,32.3,0.012539184952978122,-0.035820895522388096,-0.034379671150971736,0.0,0.0,0.01881209137168178,32.4,32.775,32.3,32.3,12788.8,9455.684210526315,0.7435739015239281,1.3524986362977118,34.2,31.9,34.2,31.9,0.07120743033835286,32.775,32.4,0.011609907120383596,0.0,18.094599473003633,21.453502494690728,0,-0.12790080845282148,-0.00047669116012322155,-0.12742411729269826,0,19.0,4.0,21.0,0.0,44.0,0.0,44.0,SKIP,❌ 排除,條件不足,趨勢轉強｜結構收斂
2026-09-30,6184,40.3,31187,40.3,40.3,40.3,0.004987531172069737,-0.004938271604938316,0.012562814070351758,-0.01587301587301604,0.0,0.010052821745154553,40.3,40.135,40.144999999999996,40.18333333333334,77244.6,182871.25,0.1705407492976607,0.4223988188411223,40.8,39.45,40.95,39.45,0.033498759304379545,40.3,40.135,0.004094292803868607,0.0,59.472849578011804,56.07748535465663,0,-0.10460652051752817,-0.16189767015376444,0.05729114963623627,0,19.0,4.0,18.0,3.0,44.0,0.0,44.0,SKIP,❌ 排除,條件不足,趨勢轉強｜結構收斂
2026-09-30,4438,57.0,34204,57.0,57.0,57.0,0.005291005291005346,0.01243339253996445,0.005291005291005346,-0.038785834738617186,0.0,0.013955510963246723,56.68000000000001,56.480000000000004,57.32000000000001,57.41428571428572,31657.0,83920.65,0.4075754894653413,0.3772253908900804,60.8,55.6,60.8,55.6,0.09122807017383804,57.32000000000001,56.480000000000004,0.014736842105004677,0.0,74.32161148002382,53.15278325537905,0,-0.6042934611730004,-0.6517614090620536,0.047467947889053175,1,13.0,4.0,17.0,10.0,44.0,0.0,44.0,SKIP,❌ 排除,條件不足,趨勢修復｜結構收斂｜KD/MACD確認
2026-09-30,4967,275.0,1312927,275.0,275.0,275.0,0.011029411764705843,-0.005424954792043413,0.005484460694698434,-0.0036231884057971175,0.0,0.016076350450492737,272.7,272.9,275.075,275.1190476190476,1200932.0,2996783.5,0.43811206248299206,0.4007403270873587,281.5,266.0,281.5,266.0,0.056363636363431405,275.075,272.7,0.008636363636332231,0.0,57.31644959434979,53.42264494829319,0,-0.8246385023726361,-0.6563782224454121,-0.16826027992722403,0,12.0,4.0,25.0,3.0,44.0,0.0,44.0,SKIP,❌ 排除,條件不足,趨勢修復｜結構收斂
2026-09-30,8463,21.25,30140,21.25,21.25,21.25,0.014319809069212486,0.0,0.007109004739336511,-0.007009345794392496,0.0,0.008112758544947278,21.119999999999997,21.139999999999997,21.2625,21.26904761904762,64055.2,39739.55,0.75843838191422,1.6118753231981335,21.5,20.9,21.5,20.9,0.028235294116318407,21.2625,21.119999999999997,0.006705882352625692,0.0,55.32358391957564,47.25419230720097,1,-0.07227162629394712,-0.062301297076082424,-0.009970329217864699,0,12.0,4.0,18.0,10.0,44.0,0.0,44.0,SKIP,❌ 排除,條件不足,趨勢修復｜結構收斂｜KD/MACD確認
2026-09-30,6955,96.0,5001,96.0,96.0,96.0,0.00734522560335793,0.015873015873015817,-0.030303030303030276,0.0,0.0,0.014404847005963253,95.1,95.38,98.315,98.315,7815.0,7702.85,0.649240216283499,1.0145595461418806,108.0,94.2,108.0,94.2,0.14374999999850258,98.315,95.1,0.03348958333298452,0.0,42.44076394255391,19.68559595011041,0,-2.9044141973940896,-2.915432508667577,0.011018311273487402,1,11.0,9.0,17.0,7.0,44.0,0.0,44.0,SKIP,❌ 排除,條件不足,趨勢修復｜量能正常｜結構收斂｜指標初轉強
2026-09-30,2492,299.5,18146633,299.5,299.5,299.5,-0.008278145695364225,-0.02917341977309562,-0.019639934533551506,0.015254237288135686,0.0,0.04371216819648258,306.0,305.25,306.5,305.95238095238096,21187794.8,26665105.45,0.680538580056506,0.7945888246993601,334.0,271.5,334.0,271.5,0.20868113522467888,306.5,305.25,0.004173622704493577,0.0,41.21508339004282,47.272328837546596,0,1.5538480063750626,2.7393808128528643,-1.1855328064778017,0,8.0,9.0,21.0,6.0,44.0,0.0,44.0,SKIP,❌ 排除,條件不足,量能正常｜結構收斂｜指標初轉強
2026-09-30,2540,48.45,291504,48.45,48.45,48.45,0.017857142857142794,-0.01323828920570258,0.008324661810614087,-0.029058116232464792,0.0,0.019753104900977096,48.839999999999996,48.964999999999996,48.4875,48.554761904761904,312330.2,538197.65,0.541630012691433,0.5803262054377224,50.6,46.9,50.6,46.9,0.07636738905931137,48.964999999999996,48.4875,0.009855521155627319,0.0,37.589873255441304,50.84368155565169,0,-0.12816490155008609,-0.1238069122802323,-0.004357989269853785,0,7.0,9.0,25.0,3.0,44.0,0.0,44.0,SKIP,❌ 排除,條件不足,量能正常｜結構收斂
2026-09-30,3046,53.6,106783,53.6,53.6,53.6,0.0,-0.0037174721189590088,0.032755298651252485,-0.0513274336283186,0.0,0.011313430071761083,53.81999999999999,53.42,53.870000000000005,53.9952380952381,95571.8,205369.2,0.5199562543945221,0.4653657900016143,56.6,51.9,56.6,51.9,0.08768656716254322,53.870000000000005,53.42,0.008395522387903122,0.0,77.26091108052069,71.18474283886013,0,-0.5700591677131115,-0.70535691806323,0.13529775035011848,0,7.0,9.0,25.0,3.0,44.0,0.0,44.0,SKIP,❌ 排除,條件不足,量能正常｜結構收斂
2026-09-30,6585,104.0,132610,104.0,104.0,104.0,0.004830917874396157,-0.018867924528301883,0.004830917874396157,-0.0755555555555556,0.0,0.015581551052875458,104.9,104.6,106.825,107.0952380952381,83599.0,132331.75,1.0021026699941549,0.6317380371679463,114.0,102.5,114.0,102.5,0.11057692307585984,106.825,104.6,0.021394230769025135,0.0,51.75190835168361,56.93994632458057,0,-1.8768594150439526,-1.883684831607599,0.006825416563646325,1,0.0,17.0,17.0,10.0,44.0,0.0,44.0,SKIP,❌ 排除,條件不足,量能回溫｜結構收斂｜KD/MACD確認
2026-09-30,2612,61.8,288104,61.8,61.8,61.8,0.016447368421052655,-0.023696682464455,-0.032863849765258246,0.02148760330578514,0.0,0.015360194931059714,62.019999999999996,62.339999999999996,62.885000000000005,62.77142857142857,267495.8,596575.1,0.48292997813686744,0.4483857941774632,65.0,60.8,65.0,60.5,0.06796116504744405,62.885000000000005,62.019999999999996,0.013996763753818971,0.0,29.869024544584327,35.63134701555721,0,0.13296671915846758,0.4275348714693653,-0.2945681523108977,0,15.0,4.0,21.0,3.0,43.0,0.0,43.0,SKIP,❌ 排除,條件不足,趨勢修復｜結構收斂
2026-09-30,2945,39.85,20699,39.85,39.85,39.85,0.0012562814070353756,-0.020884520884520863,0.0012562814070353756,0.0,0.0,0.00914358774050404,40.03,39.9,39.905,39.905,60928.2,26257.65,0.7883035991415535,2.3203980554237593,40.7,39.05,40.7,39.05,0.04140526976056714,40.03,39.9,0.00326223337507504,0.0,48.805694470372515,58.84630600403578,0,0.004645664896941071,-0.005370516924865662,0.010016181821806733,0,12.0,4.0,21.0,6.0,43.0,0.0,43.0,SKIP,❌ 排除,條件不足,趨勢修復｜結構收斂｜指標初轉強
2026-09-30,7610,1735.0,764301,1735.0,1735.0,1735.0,0.0028901734104045396,-0.08201058201058198,-0.0252808988764045,0.15282392026578062,0.0,0.059896013768949805,1805.0,1801.5,1825.0,1809.7619047619048,597016.8,920812.5,0.8300289146813267,0.648358704948075,2065.0,1520.0,2065.0,1505.0,0.3141210374637959,1825.0,1801.5,0.013544668587888447,0.0,31.954401921129485,45.71942129440941,0,47.49296361802317,71.03748121116283,-23.54451759313966,0,8.0,17.0,15.0,3.0,43.0,0.0,43.0,SKIP,❌ 排除,條件不足,量能回溫｜結構收斂
2026-09-30,6753,133.5,299764,133.5,133.5,133.5,0.007547169811320753,0.0,0.003759398496240518,-0.04982206405693945,0.0,0.012565471380403152,132.7,132.7,134.625,134.9047619047619,324498.4,552695.05,0.5423678030045672,0.5871201488053844,142.5,130.0,142.5,130.0,0.09363295880079676,134.625,132.7,0.014419475655322787,0.0,56.74574907721694,50.11004188351585,0,-1.7397413311769867,-1.804951754919041,0.06521042374205432,1,7.0,9.0,17.0,10.0,43.0,0.0,43.0,SKIP,❌ 排除,條件不足,量能正常｜結構收斂｜KD/MACD確認
2026-09-30,9802,64.8,489032,64.8,64.8,64.8,0.001545595054095683,0.018867924528301883,0.012499999999999956,-0.0937062937062938,0.0,0.019609819036301334,64.17999999999999,64.24000000000001,66.99,67.20476190476191,426272.8,601448.45,0.8130904651928178,0.708743700312137,72.3,63.5,72.3,63.5,0.1358024691337067,66.99,64.17999999999999,0.043364197530195034,0.0,41.029404533256304,25.64035764961156,0,-1.8527616184540534,-1.788050057673464,-0.06471156078058948,0,6.0,17.0,17.0,3.0,43.0,0.0,43.0,SKIP,❌ 排除,條件不足,量能回溫｜結構收斂
2026-09-30,2211,79.7,534048,79.7,79.7,79.7,0.011421319796954377,-0.008706467661691586,-0.011166253101736912,-0.03510895883777232,0.0,0.009067758019335178,79.7,80.03999999999999,81.485,81.53809523809524,847626.0,582608.9,0.9166492307275069,1.454879937467482,84.0,78.8,84.0,78.8,0.06524466750231817,81.485,79.7,0.02239648682531493,0.0,18.05000812616579,11.901100368682908,1,-0.8442132990659701,-0.6123774159814129,-0.23183588308455716,0,0.0,12.0,21.0,10.0,43.0,0.0,43.0,SKIP,❌ 排除,條件不足,量能正常｜結構收斂｜KD/MACD確認
2026-09-30,3443,8040.0,669082,8040.0,8040.0,8040.0,0.014511041009463765,0.055810899540380765,0.2562500000000001,0.31803278688524594,0.0,0.04480261670251891,8250.0,7472.0,6739.25,6708.809523809524,1208549.8,1744697.05,0.3834946588578227,0.6926989416300092,8525.0,5800.0,8525.0,5800.0,0.3389303482586643,8250.0,6739.25,0.18790422885569802,0.0,86.30849024154344,88.59372398771407,0,563.4211717551398,366.38379485185516,197.0373769032846,0,28.0,9.0,11.0,6.0,54.0,12.0,42.0,SKIP,❌ 排除,條件不足,趨勢轉強｜量能正常｜結構尚可｜指標初轉強｜風險扣分12
2026-09-30,2409,38.55,432086519,38.55,38.55,38.55,0.09985734664764623,0.1559220389805096,0.34320557491289194,0.4465290806754221,0.0,0.04638074363196092,35.83,33.015,30.76,30.564285714285717,725087260.0,477802533.45,0.9043202761611477,1.5175458672528728,38.55,26.4,38.55,26.4,0.31517509726808884,35.83,30.76,0.13151750972421478,0.0,86.59534262313582,81.48510976875909,0,2.336677363378424,1.5856214047659247,0.7510559586124994,0,28.0,12.0,8.0,6.0,54.0,12.0,42.0,SKIP,❌ 排除,條件不足,趨勢轉強｜量能正常｜結構尚可｜指標初轉強｜風險扣分12
2026-09-30,3518,41.1,8426466,41.1,41.1,41.1,0.09893048128342263,0.2985781990521328,0.3700000000000001,0.4395796847635727,0.0,0.04083454775440127,35.440000000000005,33.085,31.6675,31.51904761904762,4653025.0,2081130.75,4.048984428296971,2.2358157938899312,41.1,28.95,41.1,28.55,0.2956204379490117,35.440000000000005,31.6675,0.09178832116565003,0.0,97.46193374578982,90.77671572656078,0,1.9348399277556396,0.9687035601856491,0.9661363675699906,0,28.0,12.0,8.0,6.0,54.0,12.0,42.0,SKIP,❌ 排除,條件不足,趨勢轉強｜量能正常｜結構尚可｜指標初轉強｜風險扣分12
2026-09-30,6861,313.5,2023999,313.5,313.5,313.5,0.10000000000000009,0.27439024390243905,0.3312101910828025,0.6675531914893618,0.0,0.054894642071416526,283.6,255.35,226.025,224.21428571428572,3935222.0,2253204.65,0.8982757070024684,1.7465000349613153,313.5,178.5,313.5,178.5,0.4306220095680044,283.6,226.025,0.18365231259909526,0.0,97.9482421860915,93.77943033589247,0,25.904704355818524,16.565245566151567,9.339458789666956,0,28.0,12.0,8.0,6.0,54.0,12.0,42.0,SKIP,❌ 排除,條件不足,趨勢轉強｜量能正常｜結構尚可｜指標初轉強｜風險扣分12
2026-09-30,6957,371.0,302581,371.0,371.0,371.0,0.09925925925925916,0.2793103448275862,0.5458333333333334,0.6902050113895217,0.0,0.03654019879280843,322.8,295.2,259.05,257.1666666666667,562226.8,302012.2,1.001883367625543,1.8616029418679052,371.0,216.0,371.0,216.0,0.41778975741127283,322.8,259.05,0.17183288409657188,0.0,98.60534856329487,97.23437071836786,0,29.72650500728423,18.010148879484447,11.716356127799784,0,28.0,12.0,8.0,6.0,54.0,12.0,42.0,SKIP,❌ 排除,條件不足,趨勢轉強｜量能正常｜結構尚可｜指標初轉強｜風險扣分12
2026-09-30,2321,24.3,3840,24.3,24.3,24.3,-0.028000000000000025,0.609271523178808,0.5986842105263159,0.0,0.0,0.21534614619008202,24.84,19.65,24.3,24.3,7365.8,13645.153846153846,0.28141859324525664,0.5398106963869561,26.0,13.8,26.0,13.8,0.5020576131480634,24.84,19.65,0.213580246904791,0.0,82.32993811914668,69.6225436847084,0,2.4041473882849402,1.2443279321889824,1.1598194560959578,0,25.0,9.0,7.0,6.0,47.0,5.0,42.0,SKIP,❌ 排除,條件不足,趨勢轉強｜量能正常｜指標初轉強｜風險扣分5
2026-09-30,9927,70.1,863826,70.1,70.1,70.1,0.0028612303290413976,-0.002844950213371278,0.007183908045977017,0.004297994269340855,0.0,0.0035502261979732963,70.14,70.0,69.855,69.85238095238095,342875.0,147491.85,5.856771069045471,2.3247047209727025,70.3,69.5,70.3,69.5,0.011412268188139585,70.14,69.855,0.004065620542024693,0.0,73.50837951850717,72.51608700470192,0,0.09530530760186195,0.062093036892262976,0.03321227070959898,0,22.0,4.0,18.0,6.0,50.0,8.0,42.0,SKIP,❌ 排除,條件不足,趨勢轉強｜結構收斂｜指標初轉強｜風險扣分8
2026-09-30,2505,17.0,398504,17.0,17.0,17.0,0.002949852507374784,0.0,-0.02017291066282434,0.0,0.0,0.010109377194269614,17.080000000000002,17.07,17.14,17.133333333333333,350098.2,615874.85,0.6470535369320558,0.568456724608903,17.4,16.7,17.4,16.7,0.041176470585813106,17.14,17.07,0.004117647058581332,0.0,54.42209610420824,53.794552084091535,0,-0.00782881971517213,0.018094645664358016,-0.025923465379530147,0,12.0,9.0,21.0,0.0,42.0,0.0,42.0,SKIP,❌ 排除,條件不足,趨勢修復｜量能正常｜結構收斂
2026-09-30,4148,32.0,12150,32.0,32.0,32.0,0.0015649452269170805,-0.022900763358778664,-0.07246376811594202,-0.012345679012345623,0.0,0.021841380490148093,32.17999999999999,32.58,32.305,32.30952380952381,32005.8,62775.05,0.19354823293649,0.509849056273145,34.5,31.05,34.5,31.05,0.10781249999663085,32.58,32.17999999999999,0.012499999999609554,0.0,11.336403341933494,23.693166970006505,0,-3.3101590716455576e-05,0.08429802046104048,-0.08433112205175694,0,12.0,9.0,21.0,0.0,42.0,0.0,42.0,SKIP,❌ 排除,條件不足,趨勢修復｜量能正常｜結構收斂
2026-09-30,1475,26.0,7010,26.0,26.0,26.0,0.007751937984496138,-0.003831417624521105,-0.0019193857965451588,-0.007633587786259555,0.0,0.008587956317571754,26.110000000000003,26.110000000000003,26.145,26.14761904761905,9832.0,19487.45,0.3597186907471034,0.5045298384344538,26.4,25.8,26.4,25.8,0.02307692307603542,26.145,26.110000000000003,0.00134615384610194,0.0,47.01934137733521,54.69837561714861,0,-0.03422456959383169,-0.02077501949254186,-0.013449550101289828,0,12.0,9.0,18.0,3.0,42.0,0.0,42.0,SKIP,❌ 排除,條件不足,趨勢修復｜量能正常｜結構收斂
2026-09-30,1726,76.5,13203,76.5,76.5,76.5,0.003937007874015741,-0.0026075619295958807,-0.0013054830287205776,-0.012903225806451646,0.0,0.003778080192683854,76.53999999999999,76.65,76.905,76.93333333333332,28257.4,23897.1,0.5524938172413995,1.1824614702201866,77.8,76.2,77.8,76.2,0.02091503267946509,76.905,76.53999999999999,0.004771241830003109,0.0,28.604063424257244,29.903999122998293,0,-0.2444909895104388,-0.19314038097677713,-0.05135060853366166,0,12.0,9.0,18.0,3.0,42.0,0.0,42.0,SKIP,❌ 排除,條件不足,趨勢修復｜量能正常｜結構收斂
2026-09-30,2535,89.2,138514,89.2,89.2,89.2,0.001122334455667895,-0.006681514476614692,-0.005574136008918651,-0.012181616832779518,0.0,0.007332060927345384,89.56,89.5,89.41499999999999,89.45714285714286,246464.2,210484.6,0.6580718969463768,1.17093697116083,90.3,88.6,90.3,88.6,0.019058295963911932,89.56,89.41499999999999,0.0016255605380984827,0.0,46.812840209546046,57.53671029604739,0,-0.11996873401031394,-0.12985728153644333,0.009888547526129388,0,12.0,9.0,18.0,3.0,42.0,0.0,42.0,SKIP,❌ 排除,條件不足,趨勢修復｜量能正常｜結構收斂
2026-09-30,2852,27.85,145286,27.85,27.85,27.85,0.005415162454873723,-0.01415929203539823,-0.003577817531305816,-0.010657193605683735,0.0,0.005844724054540885,27.97,28.014999999999997,28.0625,28.066666666666666,210439.4,267573.15,0.542976752338564,0.7864742781553351,28.35,27.7,28.35,27.7,0.02333931777295019,28.0625,27.97,0.00332136445230448,0.0,35.47392947599549,49.05757678740997,0,-0.05400862830972031,-0.029509672008019024,-0.024498956301701284,0,12.0,9.0,18.0,3.0,42.0,0.0,42.0,SKIP,❌ 排除,條件不足,趨勢修復｜量能正常｜結構收斂
2026-09-30,4106,24.35,86882,24.35,24.35,24.35,0.004123711340206171,-0.008146639511201648,-0.002049180327868716,0.0,0.0,0.0035150096553910695,24.3,24.380000000000003,24.4075,24.404761904761905,75262.6,109214.9,0.7955141651917386,0.6891239199046953,24.55,24.2,24.55,24.2,0.014373716631853294,24.4075,24.3,0.004414784394069132,0.0,26.80173347734649,29.63367938440909,0,-0.01659733901339777,0.002472411537383483,-0.019069750550781254,0,12.0,9.0,18.0,3.0,42.0,0.0,42.0,SKIP,❌ 排除,條件不足,趨勢修復｜量能正常｜結構收斂
2026-09-30,6790,37.8,57248,37.8,37.8,37.8,0.005319148936170137,-0.0013210039630120463,0.0,-0.0039525691699606735,0.0,0.0033617827271094102,37.75,37.775,37.872499999999995,37.87619047619047,94538.2,100236.15,0.5711312734976296,0.9431547400812886,38.15,37.6,38.15,37.6,0.01455026454987955,37.872499999999995,37.75,0.0032407407406548796,0.0,31.8258115891281,32.67380128563108,0,-0.05920868935088208,-0.04393359940014344,-0.01527508995073864,0,12.0,9.0,18.0,3.0,42.0,0.0,42.0,SKIP,❌ 排除,條件不足,趨勢修復｜量能正常｜結構收斂
2026-09-30,7705,29.85,39354,29.85,29.85,29.85,0.003361344537815114,-0.0033388981636058856,0.0,-0.00830564784053156,0.0,0.0046373858763632475,29.889999999999997,29.935000000000002,29.9375,29.945238095238096,30695.0,51914.35,0.7580562984993406,0.5912623388330859,30.35,29.75,30.35,29.75,0.020100502511889478,29.9375,29.889999999999997,0.0015912897821913465,0.0,29.365455196768217,39.73003327349508,0,-0.045724297167272,-0.037827938543228246,-0.007896358624043753,0,12.0,9.0,18.0,3.0,42.0,0.0,42.0,SKIP,❌ 排除,條件不足,趨勢修復｜量能正常｜結構收斂
2026-09-30,1225,24.55,37924,24.55,24.55,24.55,0.006147540983606703,-0.01008064516129037,-0.016032064128256418,-0.04474708171206221,0.0,0.01133254496740367,24.509999999999998,24.62,24.7425,24.788095238095234,30440.2,86608.2,0.4378800159800061,0.3514701841165115,25.35,24.3,25.7,24.3,0.042769857432066426,24.7425,24.509999999999998,0.0094704684313862,0.0,22.69655130116163,31.163944702449093,0,-0.24442322638916636,-0.24567566394131113,0.0012524375521447695,1,7.0,4.0,21.0,10.0,42.0,0.0,42.0,SKIP,❌ 排除,條件不足,結構收斂｜KD/MACD確認
2026-09-30,6582,31.1,24323,31.1,31.1,31.1,0.009740259740259827,0.0,-0.0032051282051280827,-0.04307692307692301,0.0,0.007909604311766086,31.0,31.115,31.45,31.5,55097.6,39590.75,0.6143606776835343,1.3916786117969124,32.15,30.8,32.5,30.8,0.043408360127221525,31.45,31.0,0.014469453375740508,0.0,23.799024181757233,19.869103949732896,1,-0.34482353708038715,-0.3184684131884157,-0.026355123891971477,0,7.0,4.0,21.0,10.0,42.0,0.0,42.0,SKIP,❌ 排除,條件不足,結構收斂｜KD/MACD確認
2026-09-30,1476,274.0,1501297,274.0,274.0,274.0,0.00366300366300365,-0.017921146953404965,-0.04861111111111116,-0.11326860841423947,0.0,0.0121312100702089,275.7,279.25,290.775,291.64285714285717,1469303.6,1264743.4,1.1870368329259509,1.1617404763685655,314.5,273.0,314.5,273.0,0.15145985401404577,290.775,275.7,0.055018248174981646,0.0,10.554514876926595,10.714163381098736,0,-8.676164641582716,-7.323187627572126,-1.3529770140105901,0,0.0,25.0,17.0,0.0,42.0,0.0,42.0,SKIP,❌ 排除,條件不足,量能回溫｜結構收斂
2026-09-30,2345,1775.0,7123574,1775.0,1775.0,1775.0,-0.01933701657458564,-0.03532608695652173,-0.053333333333333344,-0.1277641277641277,0.0,0.03378315795140972,1857.0,1846.0,1939.5,1944.047619047619,4402653.8,3912592.05,1.8206789537386088,1.1252524525269634,2205.0,1775.0,2205.0,1775.0,0.24225352112662407,1939.5,1846.0,0.052676056337998496,0.0,28.193235292484292,35.62137234810031,0,-55.997755320137685,-46.41939723095565,-9.578358089182032,0,0.0,25.0,17.0,0.0,42.0,0.0,42.0,SKIP,❌ 排除,條件不足,量能回溫｜結構收斂
2026-09-30,2351,209.0,6834221,209.0,209.0,209.0,-0.030162412993039456,-0.11627906976744184,-0.1867704280155642,-0.1010752688172043,0.0,0.03943700459290312,221.7,231.2,232.725,232.71428571428572,5168555.2,6447982.2,1.0599007236713525,0.8015771507557821,257.0,209.0,257.0,209.0,0.22966507176923606,232.725,221.7,0.05275119617199644,0.0,6.362060272531805,17.81177079152636,0,-3.5194445137665014,-0.167567697047722,-3.3518768167187796,0,0.0,25.0,17.0,0.0,42.0,0.0,42.0,SKIP,❌ 排除,條件不足,量能回溫｜結構收斂
2026-09-30,2501,21.1,3115570,21.1,21.1,21.1,-0.0023640661938533203,-0.027649769585253337,-0.034324942791762014,-0.055928411633109576,0.0,0.009670307541654979,21.2,21.335,21.8375,21.861904761904764,2270335.2,2193146.9,1.4205933948154585,1.035195225636732,22.55,21.1,22.55,21.1,0.0687203791436625,21.8375,21.2,0.03021327014074815,0.0,7.98660723283452,14.6758142173529,0,-0.31384493469364116,-0.23785079358288533,-0.07599414111075584,0,0.0,25.0,17.0,0.0,42.0,0.0,42.0,SKIP,❌ 排除,條件不足,量能回溫｜結構收斂
2026-09-30,6949,50.6,2970817,50.6,50.6,50.6,0.028455284552845406,-0.059479553903345694,-0.09318996415770597,0.0,0.0,0.05606091137178994,50.239999999999995,51.839999999999996,50.6,50.6,3048430.6,10499802.5625,0.28294027266857946,0.2903321830914665,67.1,49.2,67.1,49.2,0.3537549407044711,51.839999999999996,50.239999999999995,0.03162055335905891,0.0,11.86506256913022,9.971737993154134,1,-4.114232014309074,-3.676251759193304,-0.4379802551157703,0,19.0,4.0,11.0,7.0,41.0,0.0,41.0,SKIP,❌ 排除,條件不足,趨勢轉強｜結構尚可｜指標初轉強
2026-09-30,1464,9.98,294368,9.98,9.98,9.98,0.004024144869215318,0.0030150753768845018,0.0030150753768845018,-0.016748768472906406,0.0,0.0037694871889282677,9.978,9.959999999999999,9.997,10.004285714285714,283377.8,325683.15,0.9038478042232123,0.8701027363558695,10.1,9.91,10.15,9.91,0.019038076150396935,9.997,9.959999999999999,0.0037074148292879153,0.0,62.313036686923446,53.848303214091885,0,-0.03900119373953892,-0.04228222638308229,0.0032810326435433676,0,18.0,17.0,18.0,3.0,56.0,15.0,41.0,SKIP,❌ 排除,條件不足,趨勢轉強｜量能回溫｜結構收斂｜風險扣分15
2026-09-30,3019,136.5,1304111,136.5,136.5,136.5,0.007380073800737907,0.003676470588235281,0.018656716417910557,-0.045454545454545414,0.0,0.03506741523121745,135.4,135.6,138.9,139.0952380952381,2703186.6,6170081.5,0.2113604172003238,0.4381119763166823,157.5,132.0,157.5,132.0,0.18681318681181824,138.9,135.4,0.025641025640837797,0.0,54.963979762103556,46.90086448553825,0,-1.9925616239053738,-1.8956561774375627,-0.09690544646781118,0,13.0,4.0,21.0,3.0,41.0,0.0,41.0,SKIP,❌ 排除,條件不足,趨勢修復｜結構收斂
2026-09-30,6768,62.7,88705,62.7,62.7,62.7,0.0032000000000000917,0.004807692307692291,0.01620745542949753,-0.03538461538461535,0.0,0.007313756935330232,62.660000000000004,62.54999999999999,62.935,63.03333333333334,99293.6,228140.55,0.38881733212267444,0.43522994925715563,64.6,61.5,65.0,61.5,0.04944178628310291,62.935,62.54999999999999,0.0061403508770952455,0.0,71.36089226067011,63.45208035384169,0,-0.5000958792247943,-0.573917161926012,0.0738212827012178,0,13.0,4.0,21.0,3.0,41.0,0.0,41.0,SKIP,❌ 排除,條件不足,趨勢修復｜結構收斂
2026-09-30,7788,294.0,926113,294.0,294.0,294.0,0.022608695652173827,0.010309278350515427,0.042553191489361764,-0.069620253164557,0.0,0.04249409140874016,290.3,289.9,299.525,300.3095238095238,852748.0,2232884.7,0.41476078007968775,0.38190417982621294,335.0,280.5,335.0,280.5,0.18537414965923343,299.525,289.9,0.032738095237983884,0.0,52.2430069920229,42.45586269779875,0,-6.472536322229132,-6.404139933452485,-0.06839638877664722,0,13.0,4.0,21.0,3.0,41.0,0.0,41.0,SKIP,❌ 排除,條件不足,趨勢修復｜結構收斂
2026-09-30,5484,39.6,176593,39.6,39.6,39.6,0.008917197452229297,-0.014925373134328401,0.0038022813688212143,-0.005025125628140614,0.0,0.028405860191194364,39.44,39.485,39.865,39.86190476190476,114821.8,221744.5,0.7963805190207613,0.5178112647664294,43.3,39.0,43.3,39.0,0.10858585858311645,39.865,39.44,0.010732323232052322,0.0,31.86136753618728,29.73886030734509,0,-0.12938870430549798,-0.07285131935461653,-0.05653738495088145,0,12.0,9.0,17.0,3.0,41.0,0.0,41.0,SKIP,❌ 排除,條件不足,趨勢修復｜量能正常｜結構收斂
2026-09-30,2637,96.4,1545010,96.4,96.4,96.4,0.01473684210526316,-0.05951219512195116,-0.045544554455445474,0.02444208289054206,0.0,0.02405637426004191,98.58000000000001,99.88,99.53,99.27142857142856,2184439.6,3669424.3,0.4210496998125836,0.5953085338209593,102.5,95.0,102.5,94.1,0.0778008298747116,99.88,98.58000000000001,0.013485477178283167,0.0,38.152149030030806,58.05733255102519,0,0.692485099289911,1.3472818612566588,-0.6547967619667479,0,8.0,9.0,21.0,3.0,41.0,0.0,41.0,SKIP,❌ 排除,條件不足,量能正常｜結構收斂
2026-09-30,4119,55.5,107841,55.5,55.5,55.5,0.0018050541516245744,-0.03141361256544495,-0.0431034482758621,0.0018050541516245744,0.0,0.02127377685457214,56.36,57.580000000000005,57.025,56.94761904761905,99534.4,219731.35,0.490785679876811,0.452982243999318,59.7,53.8,59.7,53.8,0.10630630630439099,57.580000000000005,56.36,0.02198198198158602,0.0,8.656690071939323,23.5437487054106,0,0.146744229638891,0.48001201263134813,-0.33326778299245713,0,8.0,9.0,21.0,3.0,41.0,0.0,41.0,SKIP,❌ 排除,條件不足,量能正常｜結構收斂
2026-09-30,1467,8.03,150421,8.03,8.03,8.03,0.0,-0.007416563658838138,0.010062893081761004,-0.04176610978520301,0.0,0.011768480588100691,8.065999999999999,8.053,8.105500000000001,8.118571428571428,123072.2,137136.5,1.0968706361909406,0.8974430585584371,8.3,7.9,8.38,7.9,0.049813200491928666,8.105500000000001,8.053,0.0065379825645656585,0.0,49.52874174925681,52.61623093480284,0,-0.06885991333371955,-0.07260016260498973,0.003740249271270188,0,7.0,25.0,21.0,3.0,56.0,15.0,41.0,SKIP,❌ 排除,條件不足,量能回溫｜結構收斂｜風險扣分15
2026-09-30,4414,8.14,272697,8.14,8.14,8.14,0.0036991368680643344,-0.013333333333333308,0.006180469715698411,-0.027479091995220917,0.0,0.011358294522121917,8.209999999999999,8.23,8.214,8.221428571428572,136008.2,139538.4,1.9542792521628318,0.9747008708713806,8.42,8.07,8.42,8.07,0.0429975429922607,8.23,8.209999999999999,0.0024570024567007794,0.0,36.843641435482354,54.34976326622977,0,-0.03244545174869806,-0.03098130194311182,-0.0014641498055862415,0,7.0,25.0,21.0,3.0,56.0,15.0,41.0,SKIP,❌ 排除,條件不足,量能回溫｜結構收斂｜風險扣分15
2026-09-30,1623,200.5,51926,200.5,200.5,200.5,0.012626262626262541,-0.00987654320987652,-0.012315270935960632,-0.00987654320987652,0.0,0.024649159512459867,199.4,201.9,205.175,205.04761904761904,66660.6,83604.4,0.6210917128763483,0.7973336331580541,218.5,197.5,218.5,197.5,0.10473815461294396,205.175,199.4,0.028802992518559615,0.0,12.007247562291813,10.025213098823155,1,-1.310737307890463,-0.3005423307496813,-1.0101949771407817,0,5.0,9.0,17.0,10.0,41.0,0.0,41.0,SKIP,❌ 排除,條件不足,量能正常｜結構收斂｜KD/MACD確認
2026-09-30,1473,19.25,121246,19.25,19.25,19.25,-0.002590673575129543,-0.017857142857142905,-0.025316455696202556,-0.03749999999999998,0.0,0.005059554675573205,19.4,19.544999999999998,19.7875,19.797619047619047,96427.2,56527.45,2.144904820578283,1.7058473361172015,20.15,19.25,20.15,19.25,0.04675324675081794,19.7875,19.4,0.02012987012882457,0.0,4.40987295877912,8.755603248611733,0,-0.17081808620963912,-0.11069514416825443,-0.060122942041384686,0,0.0,20.0,21.0,0.0,41.0,0.0,41.0,SKIP,❌ 排除,條件不足,量能回溫｜結構收斂
2026-09-30,2109,14.4,166561,14.4,14.4,14.4,0.0034843205574912606,-0.023728813559321993,-0.023728813559321993,-0.027027027027027084,0.0,0.011028521770576456,14.679999999999998,14.704999999999998,14.757499999999999,14.75952380952381,224089.6,135490.15,1.229321836310601,1.653918015442439,15.0,14.35,15.0,14.35,0.04513888888575427,14.757499999999999,14.679999999999998,0.005381944444070737,0.0,36.304199781730645,47.05242140146084,0,-0.05175614990364785,-0.01808526786413184,-0.033670882039516015,0,0.0,20.0,21.0,0.0,41.0,0.0,41.0,SKIP,❌ 排除,條件不足,量能回溫｜結構收斂
2026-09-30,2237,26.75,108531,26.75,26.75,26.75,-0.005576208178438624,-0.01291512915129156,-0.001865671641791078,-0.04121863799283154,0.0,0.007177354164161208,26.909999999999997,27.0,27.32,27.347619047619045,93647.2,115711.45,0.9379452076695872,0.8093166233765041,28.0,26.75,28.0,26.75,0.04672897196086995,27.32,26.909999999999997,0.01532710280316548,0.0,17.47093707467796,23.45159848681054,0,-0.2541825231634185,-0.21345446531049178,-0.04072805785292671,0,0.0,17.0,21.0,3.0,41.0,0.0,41.0,SKIP,❌ 排除,條件不足,量能回溫｜結構收斂
2026-09-30,2247,224.5,73412,224.5,224.5,224.5,0.006726457399103047,-0.030237580993520474,-0.02178649237472763,-0.026030368763557465,0.0,0.008155559169239431,227.7,229.15,230.2,230.21428571428572,40875.8,31157.2,2.3561809148446473,1.3119214820330032,234.0,223.0,234.0,223.0,0.04899777282828954,230.2,227.7,0.011135857460974896,0.0,19.866857825038768,29.590362904485605,0,-1.0463304213867275,-0.3078924374557914,-0.7384379839309361,0,0.0,20.0,21.0,0.0,41.0,0.0,41.0,SKIP,❌ 排除,條件不足,量能回溫｜結構收斂
2026-09-30,6606,24.8,64034,24.8,24.8,24.8,0.002020202020202033,-0.023622047244094446,-0.017821782178217838,-0.035019455252918275,0.0,0.012198555290595674,24.979999999999997,25.065,25.315,25.333333333333332,62073.2,79841.9,0.8020099722075652,0.7774514384051384,25.85,24.7,25.85,24.7,0.04637096774006577,25.315,24.979999999999997,0.01350806451558453,0.0,25.35728548343265,35.220505582829894,0,-0.1877138025045646,-0.13580262546679403,-0.05191117703777057,0,0.0,17.0,21.0,3.0,41.0,0.0,41.0,SKIP,❌ 排除,條件不足,量能回溫｜結構收斂
2026-09-30,8101,11.05,9092,11.05,11.05,11.05,0.032710280373831946,-0.01777777777777767,-0.11952191235059761,-0.1088709677419355,0.0,0.03428178073933656,11.1,11.49,11.7425,11.773809523809524,7167.2,5740.25,1.5839031401068622,1.248586734027046,12.55,10.7,12.55,10.7,0.16742081446448692,11.7425,11.1,0.05814479637482853,0.0,13.479397356482728,18.074024142567605,0,-0.3204869118892937,-0.21135311295206888,-0.1091337989372248,0,0.0,20.0,21.0,0.0,41.0,0.0,41.0,SKIP,❌ 排除,條件不足,量能回溫｜結構收斂
2026-09-30,2227,45.0,36377,45.0,45.0,45.0,0.005586592178770999,-0.008810572687224627,-0.03329752953813103,-0.050632911392405,0.0,0.0088151230167953,45.01,45.269999999999996,46.4375,46.483333333333334,37332.4,42100.15,0.8640586791258259,0.8867521849684411,48.3,44.75,48.3,44.75,0.07888888888713574,46.4375,45.01,0.031722222221517334,0.0,8.833083517326978,5.599338801105763,1,-0.6816599325401427,-0.5171055928377968,-0.1645543397023459,0,0.0,17.0,17.0,7.0,41.0,0.0,41.0,SKIP,❌ 排除,條件不足,量能回溫｜結構收斂｜指標初轉強
2026-09-30,2324,37.1,46326977,37.1,37.1,37.1,0.02912621359223322,-0.013297872340425565,-0.02110817941952503,-0.080545229244114,0.0,0.023536722146584716,36.7,37.05,38.14,38.24523809523809,31136164.8,50582235.95,0.9158744395125933,0.6155553271859664,41.6,36.05,41.6,36.05,0.14959568732750428,38.14,36.7,0.03881401617146048,0.0,24.72605599785067,15.479444070774607,1,-0.8890658002027152,-0.7806564155237923,-0.10840938467892292,0,0.0,17.0,17.0,7.0,41.0,0.0,41.0,SKIP,❌ 排除,條件不足,量能回溫｜結構收斂｜指標初轉強
2026-09-30,2630,47.05,816616,47.05,47.05,47.05,0.016198704103671746,-0.0021208907741251393,-0.022845275181723856,-0.0828460038986355,0.0,0.013889860676612036,46.589999999999996,46.775,48.05,48.2047619047619,594019.2,858578.1,0.9511260536461378,0.6918639084784474,51.3,46.25,51.3,46.25,0.1073326248648813,48.05,46.589999999999996,0.0310308182777677,0.0,32.91942909569546,22.696592286706323,1,-1.0970243787222387,-1.054538404683031,-0.04248597403920762,0,0.0,17.0,17.0,7.0,41.0,0.0,41.0,SKIP,❌ 排除,條件不足,量能回溫｜結構收斂｜指標初轉強
2026-09-30,3346,24.15,592546,24.15,24.15,24.15,0.014705882352941124,-0.014285714285714346,0.2448453608247423,0.23214285714285698,0.0,0.04086008020749495,23.85,22.54,20.85,20.79047619047619,1457199.8,893003.35,0.6635428635290106,1.6317965660487146,24.5,18.4,24.5,18.4,0.2525879917079674,23.85,20.85,0.12422360247932822,0.0,88.02565596281265,84.67002561302797,0,1.2140751469038307,0.7732936442007939,0.44078150270303673,0,22.0,4.0,8.0,6.0,40.0,0.0,40.0,SKIP,❌ 排除,條件不足,趨勢轉強｜結構尚可｜指標初轉強
2026-09-30,6165,50.0,3627663,50.0,50.0,50.0,0.023541453428863823,-0.007936507936507908,0.05485232067510548,-0.015748031496062964,0.0,0.01564976515947994,49.080000000000005,48.975,48.715,48.81428571428571,915702.0,461135.3,7.866808288153156,1.9857555906043152,50.4,47.0,50.8,47.0,0.06799999999863998,49.080000000000005,48.715,0.00729999999985404,0.0,66.52286471729346,61.02353056494376,0,-0.19030505006796972,-0.39720439180450756,0.20689934173653785,0,19.0,4.0,22.0,3.0,48.0,8.0,40.0,SKIP,❌ 排除,條件不足,趨勢轉強｜結構收斂｜風險扣分8
2026-09-30,3661,3740.0,1125493,3740.0,3740.0,3740.0,0.014925373134328401,0.02046384720327432,0.04178272980501396,-0.08220858895705518,0.0,0.04128669260325413,3734.0,3587.0,3794.25,3807.6190476190477,1763935.2,2471408.1,0.45540556413973055,0.7137369178323885,4275.0,3295.0,4275.0,3295.0,0.26203208556142726,3794.25,3587.0,0.05541443850265898,0.0,81.10335406631746,64.27629339492054,0,-94.7936628946918,-112.19974731611029,17.406084421418484,0,13.0,9.0,15.0,3.0,40.0,0.0,40.0,SKIP,❌ 排除,條件不足,趨勢修復｜量能正常｜結構收斂
2026-09-30,6671,22.7,7143,22.7,22.7,22.7,-0.006564551422319598,-0.015184381778741929,0.006651884700665134,-0.013043478260869601,0.0,0.007530296692332528,22.82,22.875,22.93,22.933333333333334,6744.2,16804.4,0.42506724429313597,0.4013353645473565,23.2,22.55,23.2,22.55,0.02863436123221869,22.93,22.82,0.004845814977760071,0.0,37.33918841526586,53.949553052426566,0,-0.049579106128053496,-0.030538334692414758,-0.01904077143563874,0,12.0,4.0,21.0,3.0,40.0,0.0,40.0,SKIP,❌ 排除,條件不足,趨勢修復｜結構收斂
2026-09-30,8443,11.15,45352,11.15,11.15,11.15,0.0,-0.008888888888888835,-0.004464285714285587,-0.017621145374449254,0.0,0.005114948515525257,11.2,11.205,11.215,11.221428571428572,16641.6,63181.05,0.7178101661811458,0.26339543264950066,11.4,11.15,11.4,11.15,0.02242152466166623,11.215,11.2,0.0013452914797000247,0.0,26.096768382603877,46.82210298495768,0,-0.033075794843663076,-0.03217853788893889,-0.0008972569547241876,0,12.0,4.0,21.0,3.0,40.0,0.0,40.0,SKIP,❌ 排除,條件不足,趨勢修復｜結構收斂
2026-09-30,9919,13.85,171604,13.85,13.85,13.85,0.010948905109489093,-0.007168458781361964,-0.007168458781361964,-0.007168458781361964,0.0,0.006669752811512741,13.88,13.919999999999998,13.9525,13.952380952380953,333695.8,218749.3,0.7844779389008295,1.525471395794174,14.15,13.7,14.15,13.7,0.032490974726896035,13.9525,13.88,0.005234657039333223,0.0,33.37223994698388,35.75791708563408,0,-0.027513152464443635,-0.005146729250993364,-0.02236642321345027,0,12.0,4.0,21.0,3.0,40.0,0.0,40.0,SKIP,❌ 排除,條件不足,趨勢修復｜結構收斂
2026-09-30,1583,46.8,11000,46.8,46.8,46.8,-0.0031948881789138905,-0.01473684210526327,-0.008474576271186529,-0.026014568158168605,0.0,0.01137166710482524,46.7,46.83,47.597500000000004,47.61904761904762,9130.0,14297.9,0.7693437497813826,0.6385553123185476,49.3,46.3,49.3,46.3,0.0641025641011944,47.597500000000004,46.7,0.019177350426940677,0.0,38.589460994520365,31.268410784564715,0,-0.37489864574812515,-0.2990384601154295,-0.07586018563269564,0,7.0,9.0,21.0,3.0,40.0,0.0,40.0,SKIP,❌ 排除,條件不足,量能正常｜結構收斂
2026-09-30,1735,20.2,31602,20.2,20.2,20.2,0.007481296758104605,-0.017031630170316392,0.025380710659898442,-0.021791767554479424,0.0,0.02041191576375846,20.24,20.110000000000003,20.2325,20.252380952380953,32456.4,63230.8,0.499788077961998,0.5133004801457437,21.65,19.3,21.65,19.3,0.11633663365760699,20.24,20.110000000000003,0.006435643564037615,0.0,68.4664903288876,67.59555071004895,0,-0.08904452329770507,-0.12092472642809891,0.031880203130393844,0,7.0,9.0,21.0,3.0,40.0,0.0,40.0,SKIP,❌ 排除,條件不足,量能正常｜結構收斂
2026-09-30,2417,39.3,300977,39.3,39.3,39.3,0.015503875968992054,0.0,0.03285151116951379,-0.10171428571428576,0.0,0.02035773019762291,39.010000000000005,38.875,39.552499999999995,39.75238095238095,310286.2,450640.4,0.6678872999402613,0.688545012830628,43.6,37.95,43.75,37.95,0.14376590330422986,39.552499999999995,38.875,0.01723918575019735,0.0,79.11499584914905,69.39921069430115,0,-0.9779714747342041,-1.1342726648748263,0.15630119014062216,0,7.0,9.0,21.0,3.0,40.0,0.0,40.0,SKIP,❌ 排除,條件不足,量能正常｜結構收斂
2026-09-30,2537,11.25,395251,11.25,11.25,11.25,0.0,-0.008810572687224627,0.0,-0.021739130434782594,0.0,0.012027952779999941,11.33,11.295,11.379999999999999,11.385714285714286,362929.0,733255.35,0.5390359579374354,0.4949558158696005,11.7,11.05,11.7,11.05,0.05777777777264185,11.379999999999999,11.295,0.007555555554883868,0.0,64.04882168131962,68.65175319279682,0,-0.04898895343527343,-0.047142318109434624,-0.0018466353258388066,0,7.0,9.0,21.0,3.0,40.0,0.0,40.0,SKIP,❌ 排除,條件不足,量能正常｜結構收斂
2026-09-30,2539,34.3,657424,34.3,34.3,34.3,0.008823529411764675,-0.026950354609929117,-0.008670520231213952,-0.051175656984785656,0.0,0.016284620937108918,34.58,34.665,34.925,34.983333333333334,743714.4,839704.35,0.7829231800454519,0.8856860155601184,36.1,33.95,36.15,33.95,0.06268221574161273,34.925,34.58,0.010058309037607599,0.0,24.1457677441786,33.02981276927488,0,-0.35199045787887684,-0.30554402912506906,-0.04644642875380778,0,7.0,9.0,21.0,3.0,40.0,0.0,40.0,SKIP,❌ 排除,條件不足,量能正常｜結構收斂
2026-09-30,2646,20.15,2874381,20.15,20.15,20.15,0.004987531172069737,-0.004938271604938316,0.0024875621890545485,-0.03588516746411485,0.0,0.007726028709418023,20.21,20.24,20.365000000000002,20.39047619047619,3209177.2,4053561.85,0.7091000720761172,0.7916931623974109,20.7,20.05,20.9,20.05,0.03225806451452807,20.365000000000002,20.21,0.007692307691925997,0.0,21.59231040674811,27.577163583030035,0,-0.1571371019106138,-0.15006097852570977,-0.007076123384904043,0,7.0,9.0,21.0,3.0,40.0,0.0,40.0,SKIP,❌ 排除,條件不足,量能正常｜結構收斂
2026-09-30,2739,36.55,46707,36.55,36.55,36.55,0.008275862068965356,-0.016150740242261152,-0.009485094850948506,-0.034346103038309206,0.0,0.005726733841362974,36.58,36.705,37.177499999999995,37.20952380952381,58199.2,71196.5,0.6560294396494117,0.8174446777580243,38.0,36.25,38.0,36.25,0.04787961696175433,37.177499999999995,36.58,0.016347469219798884,0.0,21.755974410876334,23.694612616466795,0,-0.33845195956208585,-0.27022688952657153,-0.06822507003551431,0,7.0,9.0,21.0,3.0,40.0,0.0,40.0,SKIP,❌ 排除,條件不足,量能正常｜結構收斂
2026-09-30,2762,79.2,28650,79.2,79.2,79.2,0.0025316455696202667,-0.008760951188986232,-0.0037735849056603765,-0.0353227771010961,0.0,0.005353421715798562,79.41999999999999,79.55,80.44500000000001,80.52380952380952,40410.6,58743.75,0.48771145866580723,0.6879131822534195,82.3,79.0,82.3,79.0,0.04166666666614053,80.44500000000001,79.41999999999999,0.012941919191756034,0.0,15.846144830546518,20.31771382866406,0,-0.6968645634845672,-0.6065634985360864,-0.09030106494848078,0,7.0,9.0,21.0,3.0,40.0,0.0,40.0,SKIP,❌ 排除,條件不足,量能正常｜結構收斂
2026-09-30,2832,56.9,124358,56.9,56.9,56.9,0.0017605633802817433,-0.027350427350427364,0.005300353356890497,-0.02401372212692965,0.0,0.009101254490447599,57.459999999999994,57.92,57.864999999999995,57.88571428571428,137360.0,216549.2,0.5742713434175671,0.6343131260701926,59.1,56.6,59.1,56.6,0.04393673110643345,57.92,57.459999999999994,0.008084358523583895,0.0,25.279396265474837,42.25224935201651,0,-0.20937160166986502,-0.1065347333698652,-0.10283686829999981,0,7.0,9.0,21.0,3.0,40.0,0.0,40.0,SKIP,❌ 排除,條件不足,量能正常｜結構收斂
2026-09-30,3596,153.0,626621,153.0,153.0,153.0,-0.0032573289902280145,-0.012903225806451646,0.003278688524590123,-0.03164556962025311,0.0,0.013161116817679109,153.3,153.9,155.4,155.52380952380952,787749.4,882655.85,0.7099267511794085,0.8924762692050351,161.0,152.0,161.0,152.0,0.05882352941138024,155.4,153.3,0.013725490195988685,0.0,34.7626536304846,35.24825398257407,0,-1.202721905302468,-1.0611496895339743,-0.14157221576849377,0,7.0,9.0,21.0,3.0,40.0,0.0,40.0,SKIP,❌ 排除,條件不足,量能正常｜結構收斂
2026-09-30,3617,242.0,211371,242.0,242.0,242.0,0.006237006237006293,-0.028112449799196804,0.004149377593360981,-0.047244094488189003,0.0,0.01557952805310968,242.4,242.95,243.825,244.3095238095238,244986.2,347220.15,0.6087521130326088,0.7055644668087359,251.5,236.0,254.0,236.0,0.06404958677659484,243.825,242.4,0.005888429752041713,0.0,39.94425668614996,50.99843767631192,0,-2.260635077146503,-2.412873193511424,0.1522381163649209,0,7.0,9.0,21.0,3.0,40.0,0.0,40.0,SKIP,❌ 排除,條件不足,量能正常｜結構收斂
2026-09-30,5225,55.4,94519,55.4,55.4,55.4,0.001808318264014508,-0.0053859964093357915,0.043314500941619594,-0.08278145695364236,0.0,0.01745719961344663,55.8,55.2,55.85999999999999,56.07619047619047,123698.6,247795.25,0.38143991864250676,0.4991968167267109,61.1,53.0,61.1,53.0,0.14620938627894933,55.85999999999999,55.2,0.01191335740050679,0.0,74.83402617869855,75.22044219339689,0,-0.9697485362089395,-1.2222650099214385,0.25251647371249897,0,7.0,9.0,21.0,3.0,40.0,0.0,40.0,SKIP,❌ 排除,條件不足,量能正常｜結構收斂
2026-09-30,6024,60.4,139673,60.4,60.4,60.4,0.0033222591362125353,-0.01788617886178867,-0.011456628477905073,-0.048818897637795344,0.0,0.008503198732285699,60.720000000000006,60.89,61.45,61.54761904761905,179648.2,270667.95,0.5160308045337451,0.6637217298908104,63.4,60.2,63.5,60.2,0.052980132449453904,61.45,60.720000000000006,0.012086092715031636,0.0,26.29903961234591,37.17914404389926,0,-0.6476528704133742,-0.6063073071726172,-0.041345563240757,0,7.0,9.0,21.0,3.0,40.0,0.0,40.0,SKIP,❌ 排除,條件不足,量能正常｜結構收斂
2026-09-30,6128,19.2,47106,19.2,19.2,19.2,0.005235602094240788,-0.010309278350515427,0.013192612137203241,-0.03759398496240607,0.0,0.009698606347633828,19.15,19.18,19.3125,19.34285714285714,41200.6,86157.7,0.5467416145045592,0.4781998590955831,19.95,18.8,19.95,18.8,0.059895833330213685,19.3125,19.15,0.008463541666225932,0.0,42.97195909832723,48.18403518551562,0,-0.16761773199365848,-0.1837747140478282,0.01615698205416971,0,7.0,9.0,21.0,3.0,40.0,0.0,40.0,SKIP,❌ 排除,條件不足,量能正常｜結構收斂
2026-09-30,6625,74.0,48873,74.0,74.0,74.0,0.0013531799729362692,-0.004037685060565233,0.009549795361528002,-0.03394255874673624,0.0,0.009068997662991815,74.0,74.06,74.665,74.75714285714287,59837.0,65586.65,0.7451668899082246,0.9123350559908013,76.0,73.3,76.6,73.3,0.03648648648599346,74.665,74.0,0.008986486486365132,0.0,33.79346372279678,33.807074733107896,0,-0.5898030784175887,-0.5851620399416293,-0.004641038475959425,0,7.0,9.0,21.0,3.0,40.0,0.0,40.0,SKIP,❌ 排除,條件不足,量能正常｜結構收斂
2026-09-30,7855,41.4,486814,41.4,41.4,41.4,-0.002409638554216942,-0.017793594306049876,-0.014285714285714346,-0.03944315545243626,0.0,0.003604532575042283,41.75,41.915000000000006,42.15,42.195238095238096,634020.8,691364.95,0.7041346252800338,0.9170566138766496,42.95,41.4,43.1,41.4,0.03743961352566582,42.15,41.75,0.00966183574855886,0.0,7.432638550195188,16.318254660874043,0,-0.32009398348944984,-0.27191587019903213,-0.04817811329041771,0,7.0,9.0,21.0,3.0,40.0,0.0,40.0,SKIP,❌ 排除,條件不足,量能正常｜結構收斂
2026-09-30,9103,4.98,369795,4.98,4.98,4.98,0.0040322580645162365,0.0,0.0040322580645162365,-0.029239766081871288,0.0,0.007720429773358258,4.974,4.9719999999999995,5.017,5.022380952380952,418634.8,454317.3,0.8139575578565887,0.9214590771691923,5.15,4.96,5.15,4.96,0.03815261043410598,5.017,4.9719999999999995,0.00903614457649893,0.0,31.991873170838645,27.407068885187744,1,-0.037060523818308155,-0.03672411818152695,-0.0003364056367812021,0,7.0,17.0,21.0,10.0,55.0,15.0,40.0,SKIP,❌ 排除,條件不足,量能回溫｜結構收斂｜KD/MACD確認｜風險扣分15
2026-09-30,9902,13.2,65224,13.2,13.2,13.2,0.011494252873563093,-0.014925373134328401,-0.007518796992481258,-0.03649635036496346,0.0,0.007528121061080998,13.24,13.26,13.4225,13.435714285714285,64404.0,88397.4,0.7378497557620389,0.7285734648304053,13.8,13.05,13.8,13.05,0.05681818181387741,13.4225,13.24,0.013825757574710112,0.0,29.35340624755111,31.65798978924942,0,-0.12283828620464021,-0.10127515763896787,-0.021563128565672343,0,7.0,9.0,21.0,3.0,40.0,0.0,40.0,SKIP,❌ 排除,條件不足,量能正常｜結構收斂
2026-09-30,9906,39.45,21351,39.45,39.45,39.45,0.003816793893129944,-0.05168269230769229,0.023346303501945664,-0.035452322738386166,0.0,0.03064285372364779,39.68,39.32000000000001,40.1375,40.173809523809524,57811.8,87642.7,0.24361412872948637,0.6596305225649066,42.6,36.95,42.6,36.95,0.14321926488863826,40.1375,39.32000000000001,0.020722433459550646,0.0,54.88457343858144,55.20205833300977,0,-0.34343522843324337,-0.3478251931921088,0.004389964758865439,0,7.0,9.0,21.0,3.0,40.0,0.0,40.0,SKIP,❌ 排除,條件不足,量能正常｜結構收斂
2026-09-30,5258,42.4,211970,42.4,42.4,42.4,0.029126213592232997,-0.0185185185185186,0.0023640661938535423,-0.08620689655172409,0.0,0.021103512974111137,41.69,42.05499999999999,43.410000000000004,43.55238095238095,275594.0,293336.4,0.7226174453630687,0.9395151777958652,46.35,41.05,46.4,41.05,0.124999999997052,43.410000000000004,41.69,0.04056603773489246,0.0,28.61915028542741,18.589651124842327,1,-1.118589220823651,-1.038364068151475,-0.080225152672176,0,0.0,9.0,21.0,10.0,40.0,0.0,40.0,SKIP,❌ 排除,條件不足,量能正常｜結構收斂｜KD/MACD確認
2026-09-30,5284,299.5,233706,299.5,299.5,299.5,-0.0016666666666667052,-0.0016666666666667052,0.008417508417508435,-0.0727554179566563,0.0,0.031086253235239367,299.6,297.05,308.0,308.7142857142857,330257.0,389411.5,0.6001517674747648,0.8480925704556727,355.0,290.0,355.0,290.0,0.21702838063366603,308.0,297.05,0.0365609348913637,0.0,66.7890928174121,53.629931219835356,0,-6.371910988861089,-6.451199932904805,0.07928894404371611,1,0.0,9.0,21.0,10.0,40.0,0.0,40.0,SKIP,❌ 排除,條件不足,量能正常｜結構收斂｜KD/MACD確認
2026-09-30,1560,963.0,1307523,963.0,963.0,963.0,0.007322175732217495,0.05361050328227579,0.2788844621513944,0.40995607613469986,0.0,0.04546458362366365,959.0,889.6,810.15,804.0952380952381,2383886.4,2197153.55,0.5950985992763226,1.0849885298185005,971.0,695.0,971.0,683.0,0.2866043613704189,959.0,810.15,0.15456905503618426,0.0,95.7542375902387,92.65596963466479,0,70.56191391894686,51.23417034509655,19.327743573850306,0,28.0,9.0,8.0,6.0,51.0,12.0,39.0,SKIP,❌ 排除,條件不足,趨勢轉強｜量能正常｜結構尚可｜指標初轉強｜風險扣分12
2026-09-30,6225,60.9,195797,60.9,60.9,60.9,0.09927797833935026,0.07029876977152894,-0.09777777777777785,0.014999999999999902,0.0,0.06856406171629421,52.839999999999996,56.519999999999996,60.39,60.37142857142857,856108.6,308375.4,0.6349306721612663,2.7761896701228346,74.9,46.2,74.9,46.2,0.47126436780835373,60.39,52.839999999999996,0.12397372741996768,0.0,49.77079663168241,29.148001600121777,0,-1.7336596264551147,-0.8806600756523892,-0.8529995508027255,0,28.0,4.0,7.0,0.0,39.0,0.0,39.0,SKIP,❌ 排除,條件不足,趨勢轉強
2026-09-30,6988,11.7,352000,11.7,11.7,11.7,0.017391304347825987,-0.02904564315352709,-0.025000000000000022,0.017391304347825987,0.0,0.017573430558947455,11.739999999999998,11.825000000000001,11.805,11.79047619047619,130000.0,64296.1,5.474671092025715,2.021895573759497,12.25,11.3,12.25,11.3,0.08119658118964126,11.825000000000001,11.739999999999998,0.007264957264336553,0.0,28.175701689640228,37.57033604752094,0,0.038697072167401814,0.08074756414859308,-0.04205049198119126,0,15.0,4.0,25.0,3.0,47.0,8.0,39.0,SKIP,❌ 排除,條件不足,趨勢修復｜結構收斂｜風險扣分8
2026-09-30,8467,87.7,7709,87.7,87.7,87.7,-0.003409090909090917,-0.0373216245883643,0.05408653846153855,-0.0488069414316703,0.0,0.022953047413941434,88.28,87.94,88.51,88.68571428571428,5981.0,13461.05,0.5726893518707253,0.4443189795743687,92.4,83.2,92.4,83.2,0.10490307867611287,88.51,87.94,0.00649942987449838,0.0,60.03170497561739,60.586679569655665,0,-0.7857297596477935,-0.9586089626660566,0.1728792030182631,0,7.0,4.0,25.0,3.0,39.0,0.0,39.0,SKIP,❌ 排除,條件不足,結構收斂
2026-09-30,5471,52.3,728369,52.3,52.3,52.3,-0.007590132827324569,0.0019157088122603305,0.023483365949119372,-0.14542483660130723,0.0,0.025943151485044395,52.120000000000005,51.660000000000004,54.29,54.61904761904762,736808.8,1375209.4,0.529642249391256,0.5357793511300895,61.4,49.9,61.4,49.9,0.21988527724244963,54.29,51.660000000000004,0.05028680688240361,0.0,76.08176188244853,62.036474733250664,0,-2.1321811843881022,-2.2722157497834736,0.1400345653953714,0,6.0,9.0,21.0,3.0,39.0,0.0,39.0,SKIP,❌ 排除,條件不足,量能正常｜結構收斂
2026-09-30,6431,17.6,49379,17.6,17.6,17.6,0.002849002849002913,0.01734104046242768,0.002849002849002913,-0.12437810945273631,0.0,0.01817818189135511,17.43,17.375,18.232499999999998,18.321428571428573,34295.0,61951.3,0.7970615628727598,0.5535799894433119,19.85,17.05,20.1,17.05,0.15909090908186987,18.232499999999998,17.375,0.048721590906322526,0.0,64.53189494089354,38.59588630017258,0,-0.6484856902395038,-0.6435238916032601,-0.004961798636243686,0,6.0,9.0,21.0,3.0,39.0,0.0,39.0,SKIP,❌ 排除,條件不足,量能正常｜結構收斂
2026-09-30,6446,1215.0,1685359,1215.0,1215.0,1215.0,0.01673640167364021,0.05652173913043468,0.021008403361344463,-0.12903225806451613,0.0,0.032306747875514845,1180.0,1183.5,1248.75,1255.7142857142858,2174496.6,3796429.9,0.4439326009944236,0.5727740686058762,1405.0,1150.0,1405.0,1150.0,0.2098765432097038,1248.75,1180.0,0.05658436213987113,0.0,55.59181144266718,29.553357183187423,0,-50.67579558137868,-49.429916843826675,-1.2458787375520046,0,6.0,9.0,21.0,3.0,39.0,0.0,39.0,SKIP,❌ 排除,條件不足,量能正常｜結構收斂
2026-09-30,7795,488.0,538793,488.0,488.0,488.0,-0.016129032258064502,0.008264462809917328,-0.006109979633401208,-0.03937007874015752,0.0,0.03609457426030133,494.0,486.6,504.2,504.3809523809524,775916.8,1235311.75,0.4361595362466192,0.6281141582276696,555.0,466.0,555.0,466.0,0.18237704917995415,504.2,486.6,0.03606557377041783,0.0,52.73267283074868,47.66723492886909,0,-5.892130655910762,-4.807456759348327,-1.0846738965624354,0,6.0,9.0,21.0,3.0,39.0,0.0,39.0,SKIP,❌ 排除,條件不足,量能正常｜結構收斂
2026-09-30,8473,39.75,393467,39.75,39.75,39.75,0.006329113924050667,0.02713178294573626,0.03515625,-0.13398692810457513,0.0,0.03154741490063361,39.23,38.735,40.635000000000005,40.885714285714286,296308.4,589712.4,0.6672184610667832,0.5024625563240649,46.3,37.75,46.3,37.75,0.2150943396172303,40.635000000000005,38.735,0.047798742137162446,0.0,86.7989580000804,66.50765273824499,0,-1.537325153480161,-1.7203522560242999,0.1830271025441388,0,6.0,9.0,21.0,3.0,39.0,0.0,39.0,SKIP,❌ 排除,條件不足,量能正常｜結構收斂
2026-09-30,6456,92.0,63213414,92.0,92.0,92.0,0.029082774049216997,0.2795549374130737,0.45339652448657186,0.2849162011173185,0.0,0.04148545780410437,82.97999999999999,74.37,70.715,70.75714285714287,29383607.0,9755298.65,6.479905563936783,3.0120663707204898,92.0,61.6,92.0,61.6,0.33043478260510395,82.97999999999999,70.715,0.1333152173898551,0.0,94.7331550063929,82.89681229382974,0,3.8016625801862887,0.7863796159396117,3.015282964246677,0,28.0,4.0,8.0,6.0,46.0,8.0,38.0,SKIP,❌ 排除,條件不足,趨勢轉強｜結構尚可｜指標初轉強｜風險扣分8
2026-09-30,1516,13.7,16626,13.7,13.7,13.7,0.014814814814814836,0.018587360594795488,-0.021428571428571463,-0.06164383561643838,0.0,0.03362709531022581,13.27,13.565000000000001,13.9,13.933333333333334,30147.4,105242.65,0.15797777802060137,0.2864561088113965,14.75,12.9,14.75,12.9,0.13503649634050827,13.9,13.27,0.045985401456497474,0.0,30.250769601873262,22.58360586099574,0,-0.3031956704298189,-0.2612177483600675,-0.04197792206975137,0,13.0,4.0,21.0,0.0,38.0,0.0,38.0,SKIP,❌ 排除,條件不足,趨勢修復｜結構收斂
2026-09-30,2022,7.33,198729,7.33,7.33,7.33,0.004109589041095818,0.028050490883590573,0.006868131868131844,-0.03298153034300788,0.0,0.0076743201130681175,7.214,7.191,7.330499999999999,7.342380952380952,222762.2,263925.25,0.7529745638206244,0.8440351955714702,7.59,7.13,7.59,7.13,0.06275579808147942,7.330499999999999,7.191,0.019031377896448525,0.0,59.866844488991276,31.37152993741119,0,-0.085929783638516,-0.09349614641030544,0.007566362771789445,1,13.0,9.0,21.0,10.0,53.0,15.0,38.0,SKIP,❌ 排除,條件不足,趨勢修復｜量能正常｜結構收斂｜KD/MACD確認｜風險扣分15
2026-09-30,2547,9.79,1404389,9.79,9.79,9.79,-0.006091370558375719,-0.02100000000000013,0.004102564102564044,-0.01706827309236969,0.0,0.009411272838459375,9.870000000000001,9.870000000000001,9.907499999999999,9.91,1159582.2,1368829.2,1.0259782593766988,0.8471343247207169,10.1,9.69,10.1,9.69,0.04187946884148322,9.907499999999999,9.870000000000001,0.0038304392233061728,0.0,39.29646032148441,46.16374226735441,0,-0.02541411152920503,-0.018510026132927883,-0.006904085396277147,0,12.0,17.0,21.0,3.0,53.0,15.0,38.0,SKIP,❌ 排除,條件不足,趨勢修復｜量能回溫｜結構收斂｜風險扣分15
2026-09-30,6830,533.0,749406,533.0,533.0,533.0,0.0,-0.03616636528028938,-0.04136690647482011,0.02499999999999991,0.0,0.04099586690000853,539.6,538.7,558.8,556.952380952381,992724.2,2058296.95,0.3640903223414871,0.48230368314931404,598.0,512.0,598.0,512.0,0.16135084427737081,558.8,538.7,0.03771106941831557,0.0,45.19567860978532,44.65331726423888,0,-0.6769162017153576,3.1620277340104557,-3.8389439357258133,0,8.0,9.0,21.0,0.0,38.0,0.0,38.0,SKIP,❌ 排除,條件不足,量能正常｜結構收斂
2026-09-30,1525,63.7,7106,63.7,63.7,63.7,0.0,-0.019999999999999907,-0.018489984591679498,0.0,0.0,0.00556589181959882,64.2,64.47,65.44500000000001,65.44500000000001,11592.8,9973.7,0.712473806109998,1.1623369461683062,67.7,63.7,67.7,63.7,0.06279434850764844,65.44500000000001,64.2,0.01954474097300565,0.0,11.934542103077328,18.30059217847888,0,-0.867536762833609,-0.749375495051235,-0.11816126778237401,0,5.0,9.0,21.0,3.0,38.0,0.0,38.0,SKIP,❌ 排除,條件不足,量能正常｜結構收斂
2026-09-30,6531,927.0,2135333,927.0,927.0,927.0,-0.0021528525296017342,-0.022151898734177222,-0.03638253638253641,0.0,0.0,0.04441759615449096,954.0,944.5,952.65,951.4285714285714,3162357.2,3699536.3,0.5771893628939387,0.8547982621497725,1030.0,890.0,1030.0,890.0,0.15102481121882305,954.0,944.5,0.010248112189848708,0.0,43.73366160334624,52.63095460341901,0,3.3208108117836446,5.771659099238183,-2.450848287454538,0,5.0,9.0,21.0,3.0,38.0,0.0,38.0,SKIP,❌ 排除,條件不足,量能正常｜結構收斂
2026-09-30,1256,168.0,59699,168.0,168.0,168.0,-0.0029673590504450953,-0.0117647058823529,-0.023255813953488413,-0.07438016528925617,0.0,0.00928935614337611,167.5,169.15,171.525,172.0,54223.4,57851.3,1.0319387809781106,0.9372892225412232,178.0,166.5,181.5,166.5,0.06845238095197351,171.525,167.5,0.023958333333190758,0.0,18.40617771485568,11.536271035392488,0,-3.017034035814504,-2.8324730595080627,-0.1845609763064413,0,0.0,17.0,21.0,0.0,38.0,0.0,38.0,SKIP,❌ 排除,條件不足,量能回溫｜結構收斂
2026-09-30,6928,46.0,38980,46.0,46.0,46.0,0.01098901098901095,-0.025423728813559365,-0.021276595744680882,-0.03765690376569031,0.0,0.016408128339408093,45.779999999999994,46.235,47.00750000000001,47.0452380952381,31732.2,48556.0,0.8027844138726254,0.6535175879396851,48.5,45.4,48.5,45.4,0.06739130434636109,47.00750000000001,45.779999999999994,0.02668478260811584,0.0,23.097328501256833,26.9083423250568,0,-0.5250837783910285,-0.3838665764763073,-0.1412172019147212,0,0.0,17.0,21.0,0.0,38.0,0.0,38.0,SKIP,❌ 排除,條件不足,量能回溫｜結構收斂
2026-09-30,4585,292.0,78377,292.0,292.0,292.0,0.006896551724137945,-0.02341137123745818,-0.020134228187919434,-0.005110732538330498,0.0,0.0127286668822345,293.5,296.0,295.225,295.14285714285717,90483.8,220775.05,0.3550084124089187,0.40984613071087334,303.0,288.0,303.0,288.0,0.051369863013522706,296.0,293.5,0.008561643835587118,0.0,20.08564084217327,37.224692304880094,0,-0.07141008522035008,0.6230571763957047,-0.6944672616160548,0,12.0,4.0,21.0,0.0,37.0,0.0,37.0,SKIP,❌ 排除,條件不足,趨勢修復｜結構收斂
2026-09-30,4930,15.9,12846,15.9,15.9,15.9,0.003154574132492094,-0.015479876160990558,0.006329113924050667,-0.009345794392523366,0.0,0.007982143218674737,15.9,16.0,16.0375,16.038095238095238,14561.6,63115.95,0.2035301694737986,0.2307118881994135,16.2,15.8,16.2,15.8,0.02515723270282021,16.0375,15.9,0.008647798741594544,0.0,26.15130893292914,38.72803450500618,0,-0.0368894798313697,-0.01927680124017661,-0.017612678591193087,0,12.0,4.0,18.0,3.0,37.0,0.0,37.0,SKIP,❌ 排除,條件不足,趨勢修復｜結構收斂
2026-09-30,6464,76.8,17923,76.8,76.8,76.8,0.013192612137203241,-0.010309278350515427,0.011857707509881354,-0.00903225806451613,0.0,0.010211649029261388,76.9,77.32000000000001,77.275,77.28571428571429,131756.2,43381.4,0.4131494142650903,3.037158782335217,78.0,75.8,78.0,75.8,0.028645833332960377,77.32000000000001,76.9,0.005468749999928814,0.0,44.99871434286901,57.669079284479224,0,-0.16690000733323984,-0.059722624536122884,-0.10717738279711696,0,12.0,4.0,18.0,3.0,37.0,0.0,37.0,SKIP,❌ 排除,條件不足,趨勢修復｜結構收斂
2026-09-30,8367,40.45,12141,40.45,40.45,40.45,0.00998751560549338,-0.004920049200491938,-0.00614250614250611,-0.00614250614250611,0.0,0.008796029222059154,40.37,40.535000000000004,40.66,40.66190476190476,21679.2,16106.0,0.753818452750481,1.3460325344591242,41.2,40.05,41.2,40.05,0.0284301606915099,40.66,40.37,0.007169344870032875,0.0,39.26558198076451,42.10362557084531,0,-0.09552297088422534,-0.052204439931450956,-0.04331853095277439,0,12.0,4.0,18.0,3.0,37.0,0.0,37.0,SKIP,❌ 排除,條件不足,趨勢修復｜結構收斂
2026-09-30,2886,49.15,16038181,49.15,49.15,49.15,0.0010183299389001643,-0.03816046966731901,-0.06380952380952387,0.012358393408856916,0.0,0.015522300813739601,49.67,50.515,50.39,50.30238095238095,17488480.0,24567748.0,0.6528144541371883,0.7118470931890054,52.5,48.5,52.5,48.5,0.08138351983557715,50.515,49.67,0.01719226856526565,0.0,9.796463772558019,24.481470207606435,0,0.15404252421014775,0.44761601338981005,-0.2935734891796623,0,8.0,9.0,17.0,3.0,37.0,0.0,37.0,SKIP,❌ 排除,條件不足,量能正常｜結構收斂
2026-09-30,6224,78.8,897148,78.8,78.8,78.8,-0.029556650246305494,-0.11659192825112119,-0.07294117647058829,0.005102040816326481,0.0,0.04410909090151827,81.24,84.53999999999999,84.575,84.28095238095239,1292475.0,2222697.0,0.4036303643726516,0.5814895147651702,89.2,77.3,89.2,77.3,0.15101522842447956,84.575,81.24,0.04232233502484373,0.0,12.535419359950422,30.57762991727794,0,0.3230534120037589,1.3471884467142814,-1.0241350347105225,0,8.0,9.0,17.0,3.0,37.0,0.0,37.0,SKIP,❌ 排除,條件不足,量能正常｜結構收斂
2026-09-30,3024,14.2,473733,14.2,14.2,14.2,0.0,-0.046979865771812124,-0.03401360544217691,-0.050167224080267525,0.0,0.022641429511773094,14.36,14.540000000000001,14.4725,14.495238095238093,844690.4,1199720.2,0.394869570421503,0.7040728329822232,15.1,13.8,15.1,13.8,0.09154929576820069,14.540000000000001,14.36,0.012676056337135595,0.0,18.355673474228322,36.09119570188285,0,-0.10016507522637674,-0.08249299342272201,-0.017672081803654732,0,7.0,9.0,21.0,0.0,37.0,0.0,37.0,SKIP,❌ 排除,條件不足,量能正常｜結構收斂
2026-09-30,5546,14.35,10700,14.35,14.35,14.35,0.01773049645390068,0.0,-0.027118644067796627,-0.023809523809523836,0.0,0.01606422319121108,14.290000000000001,14.459999999999999,14.557500000000001,14.564285714285715,24213.6,36382.5,0.29409743695457174,0.6655287569573101,14.95,14.1,14.95,14.1,0.05923344947322413,14.557500000000001,14.290000000000001,0.01864111498127937,0.0,20.47137088244026,23.111347376171945,0,-0.10287092741419457,-0.06102511354399277,-0.041845813870201795,0,7.0,9.0,21.0,0.0,37.0,0.0,37.0,SKIP,❌ 排除,條件不足,量能正常｜結構收斂
2026-09-30,6415,409.0,1878392,409.0,409.0,409.0,0.0,-0.04327485380116958,-0.012077294685990392,-0.00848484848484854,0.0,0.02787981405869235,419.9,420.0,417.45,417.2142857142857,1948284.6,2865536.3,0.6555115005871675,0.6799022577379319,437.5,401.0,437.5,401.0,0.08924205378951286,420.0,417.45,0.006234718826390652,0.0,32.017865790642304,49.93515019568699,0,1.1992839248437122,1.8245283493444224,-0.6252444245007103,0,5.0,9.0,17.0,6.0,37.0,0.0,37.0,SKIP,❌ 排除,條件不足,量能正常｜結構收斂｜指標初轉強
2026-09-30,1452,10.8,49014,10.8,10.8,10.8,0.009345794392523477,-0.00917431192660545,-0.027027027027026973,-0.056768558951964976,0.0,0.006976218026125978,10.77,10.82,11.047500000000001,11.066666666666666,41988.8,67119.95,0.7302448824827681,0.6255785351449067,11.4,10.7,11.45,10.7,0.06481481480881354,11.047500000000001,10.77,0.02569444444206548,0.0,20.961542630932385,11.537093837231868,1,-0.16983166554105722,-0.14787304895759434,-0.021958616583462875,0,0.0,9.0,21.0,7.0,37.0,0.0,37.0,SKIP,❌ 排除,條件不足,量能正常｜結構收斂｜指標初轉強
2026-09-30,1442,27.2,597660,27.2,27.2,27.2,0.011152416356877248,-0.139240506329114,-0.08877721943048578,-0.07167235494880553,0.0,0.02720049194262286,28.15,29.48,29.702500000000004,29.683333333333334,777881.2,454255.7,1.3156907001937426,1.712430245784474,31.6,26.9,31.6,26.9,0.1727941176407062,29.702500000000004,28.15,0.05707720588025472,0.0,19.014647729781,39.94689498544474,0,-0.39048635587632674,0.030136233096587944,-0.4206225889729147,0,0.0,20.0,17.0,0.0,37.0,0.0,37.0,SKIP,❌ 排除,條件不足,量能回溫｜結構收斂
2026-09-30,1466,14.85,179670,14.85,14.85,14.85,0.0,-0.01655629139072845,0.0,-0.06896551724137934,0.0,0.01171509712666847,14.87,14.895,15.1925,15.22857142857143,168121.0,223925.85,0.8023638182014233,0.7507887097447626,16.1,14.7,16.1,14.7,0.09427609426974587,15.1925,14.87,0.021717171715709388,0.0,34.8362190675694,36.682026214842764,0,-0.2581133452150475,-0.2529889064238129,-0.005124438791234587,0,0.0,17.0,17.0,3.0,37.0,0.0,37.0,SKIP,❌ 排除,條件不足,量能回溫｜結構收斂
2026-09-30,1519,693.0,1201359,693.0,693.0,693.0,0.007267441860465018,-0.0348189415041783,-0.0057388809182209455,-0.04938271604938271,0.0,0.019356548404268658,699.2,704.0,716.95,717.5238095238095,860831.0,1386839.3,0.8662568186523119,0.6207143105909959,761.0,688.0,761.0,688.0,0.10533910533895334,716.95,699.2,0.025613275613238652,0.0,21.31674245881369,29.552626663010667,0,-8.697337578977454,-6.281604630284284,-2.4157329486931696,0,0.0,17.0,17.0,3.0,37.0,0.0,37.0,SKIP,❌ 排除,條件不足,量能回溫｜結構收斂
2026-09-30,1590,1200.0,1005155,1200.0,1200.0,1200.0,-0.008264462809917328,-0.032258064516129004,-0.055118110236220486,-0.1578947368421053,0.0,0.016204113944483633,1222.0,1233.5,1292.0,1298.3333333333333,1010028.4,821494.95,1.2235680815810235,1.2295004369777305,1445.0,1200.0,1445.0,1200.0,0.20416666666649652,1292.0,1222.0,0.05833333333328472,0.0,5.603995886062143,9.493176092796174,0,-51.12643499578371,-45.35936179812183,-5.76707319766188,0,0.0,20.0,17.0,0.0,37.0,0.0,37.0,SKIP,❌ 排除,條件不足,量能回溫｜結構收斂
2026-09-30,1707,85.7,271255,85.7,85.7,85.7,-0.002328288707799775,-0.01832760595647187,-0.016073478760045834,-0.04138702460850119,0.0,0.010332907533598916,86.52000000000001,86.7,88.55,88.5904761904762,254744.6,333796.25,0.8126364511284929,0.7631739421877844,91.8,85.7,91.8,85.7,0.07117852975412853,88.55,86.52000000000001,0.023687281213259036,0.0,16.340073032892565,21.992064063100624,0,-0.9369270827160108,-0.6618464405485225,-0.2750806421674883,0,0.0,17.0,17.0,3.0,37.0,0.0,37.0,SKIP,❌ 排除,條件不足,量能回溫｜結構收斂
2026-09-30,2059,12055.0,375310,12055.0,12055.0,12055.0,-0.004952538175815091,-0.05820312500000002,0.005421184320266947,-0.14985895627644574,0.0,0.029652269876650858,12316.0,12293.0,12687.5,12758.57142857143,402510.0,452679.85,0.8290848377722119,0.8891714530699768,14150.0,11715.0,14180.0,11715.0,0.20199087515552036,12687.5,12293.0,0.03272501036913872,0.0,37.08753734685824,49.81357665852654,0,-428.38962773895037,-434.65894258382934,6.269314844878977,0,0.0,17.0,17.0,3.0,37.0,0.0,37.0,SKIP,❌ 排除,條件不足,量能回溫｜結構收斂
2026-09-30,2392,41.6,2838358,41.6,41.6,41.6,0.01835985312117505,-0.06621773288439947,0.002409638554216942,-0.07555555555555549,0.0,0.02324788397961853,41.980000000000004,42.155,43.052499999999995,43.14523809523809,2721336.8,2818021.95,1.007216427111222,0.9656904198350899,45.9,40.85,45.9,40.85,0.12139423076631257,43.052499999999995,41.980000000000004,0.02578124999938004,0.0,23.93651375423486,31.45441547370443,0,-0.7722412471724738,-0.6748310188666162,-0.09741022830585755,0,0.0,17.0,17.0,3.0,37.0,0.0,37.0,SKIP,❌ 排除,條件不足,量能回溫｜結構收斂
2026-09-30,5388,71.5,1747043,71.5,71.5,71.5,-0.002789400278940035,-0.019204389574760006,0.007042253521126751,-0.07383419689119175,0.0,0.01372786587043621,72.3,72.58,73.3,73.4857142857143,1598846.4,2152482.35,0.8116410338974437,0.7427918746929558,77.1,71.0,77.2,71.0,0.08531468531349203,73.3,72.3,0.013986013985818377,0.0,28.001592611259145,41.64184798059105,0,-1.0842060839338785,-1.0898732054280527,0.005667121494174143,0,0.0,17.0,17.0,3.0,37.0,0.0,37.0,SKIP,❌ 排除,條件不足,量能回溫｜結構收斂
2026-09-30,5871,107.0,7836885,107.0,107.0,107.0,0.0,-0.03167420814479638,-0.05726872246696035,-0.0854700854700855,0.0,0.013360253749273571,107.4,109.55,111.125,111.4047619047619,8760705.6,6975332.8,1.1235141354115747,1.2559552140651982,115.0,107.0,117.0,107.0,0.07476635513948816,111.125,107.4,0.03481308411182412,0.0,1.54746076176034,4.756838092168807,0,-2.1605767448936035,-1.697735842842889,-0.4628409020507145,0,0.0,20.0,17.0,0.0,37.0,0.0,37.0,SKIP,❌ 排除,條件不足,量能回溫｜結構收斂
2026-09-30,6592,56.9,475961,56.9,56.9,56.9,0.0,-0.03231292517006801,-0.04690117252931325,-0.05481727574750839,0.0,0.006929548361179959,57.52,58.43000000000001,59.425,59.46190476190476,599217.4,431475.5,1.1031008713125054,1.3887634407979101,61.2,56.9,61.2,56.9,0.07557117750306562,59.425,57.52,0.03347978910310219,0.0,0.6052289087000721,2.2711298552929833,0,-0.7778655378395811,-0.45465259093598587,-0.32321294690359526,0,0.0,20.0,17.0,0.0,37.0,0.0,37.0,SKIP,❌ 排除,條件不足,量能回溫｜結構收斂
2026-09-30,6908,26.65,110917,26.65,26.65,26.65,-0.014787430683918745,-0.10570469798657722,-0.13614262560777968,-0.11900826446280999,0.0,0.024320153712013917,28.6,29.32,29.78,29.802380952380954,83070.6,30557.8,3.6297442878740083,2.7184744975095487,30.85,26.65,30.85,26.65,0.15759849905600018,29.78,28.6,0.04427767354430477,0.0,7.374516811680834,11.812258021290601,0,-0.5372370270573121,-0.19906791696931647,-0.33816911008799566,0,0.0,20.0,17.0,0.0,37.0,0.0,37.0,SKIP,❌ 排除,條件不足,量能回溫｜結構收斂
2026-09-30,7803,17.95,144259,17.95,17.95,17.95,0.011267605633802802,-0.050264550264550234,-0.0552631578947369,-0.060209424083769725,0.0,0.021131132425149336,18.0,18.385,18.842499999999998,18.854761904761904,73597.8,55229.2,2.6120059678575354,1.3325885582264214,19.6,17.75,19.6,17.75,0.10306406684662604,18.842499999999998,18.0,0.046935933145017365,0.0,10.34081055209683,16.814164372499437,0,-0.30726597913309917,-0.17555709527379088,-0.1317088838593083,0,0.0,20.0,17.0,0.0,37.0,0.0,37.0,SKIP,❌ 排除,條件不足,量能回溫｜結構收斂
2026-09-30,7821,35.9,197607,35.9,35.9,35.9,-0.005540166204986208,-0.07712082262210795,-0.07235142118863058,-0.08184143222506401,0.0,0.013193701624573468,36.519999999999996,37.654999999999994,38.565,38.59047619047619,247990.0,119529.0,1.653213864417826,2.0747266353771714,40.0,35.9,40.0,35.9,0.11420612813052357,38.565,36.519999999999996,0.056963788299248974,0.0,2.852803010936637,8.154696457585485,0,-0.7233773625269748,-0.367506076484822,-0.35587128604215285,0,0.0,20.0,17.0,0.0,37.0,0.0,37.0,SKIP,❌ 排除,條件不足,量能回溫｜結構收斂
2026-09-30,8112,82.8,5267062,82.8,82.8,82.8,0.0012091898428052694,-0.0036101083032490378,-0.009569377990430561,-0.08810572687224671,0.0,0.011235375333230258,82.75999999999999,82.78999999999999,85.535,85.78571428571429,4304073.8,5941159.2,0.886537765222652,0.724450171272973,91.3,82.2,91.3,82.2,0.10990338164118467,85.535,82.75999999999999,0.033514492753218494,0.0,40.46231459122103,29.73623198448525,0,-1.9911751080971243,-1.913613852082824,-0.0775612560143002,0,0.0,17.0,17.0,3.0,37.0,0.0,37.0,SKIP,❌ 排除,條件不足,量能回溫｜結構收斂
2026-09-30,8210,836.0,4742387,836.0,836.0,836.0,-0.04675028506271384,-0.07111111111111112,-0.05643340857787815,-0.13725490196078427,0.0,0.022093716369054356,880.0,885.0,909.9,912.7142857142857,1754100.4,1369543.85,3.4627492942266844,1.2807917030184894,990.0,836.0,990.0,836.0,0.18421052631556914,909.9,880.0,0.03576555023919164,0.0,30.753878909397805,42.24171229336822,0,-23.124840751915485,-19.468113963016194,-3.6567267888992916,0,0.0,20.0,17.0,0.0,37.0,0.0,37.0,SKIP,❌ 排除,條件不足,量能回溫｜結構收斂
2026-09-30,8411,11.9,347046,11.9,11.9,11.9,0.0,-0.04799999999999993,-0.059288537549407105,-0.08461538461538454,0.0,0.010093893094631217,12.11,12.365,12.6325,12.649999999999999,245183.8,119545.55,2.9030440698126956,2.0509655106358866,13.0,11.9,13.0,11.9,0.09243697478214812,12.6325,12.11,0.04390756302152044,0.0,1.2468366249294425,5.4501950909231045,0,-0.2429556606484926,-0.15057651554542267,-0.09237914510306994,0,0.0,20.0,17.0,0.0,37.0,0.0,37.0,SKIP,❌ 排除,條件不足,量能回溫｜結構收斂
2026-09-30,1528,25.85,6869318,25.85,25.85,25.85,0.013725490196078383,-0.044362292051756014,0.10944206008583701,0.339378238341969,0.0,0.04957670744082546,25.72,25.395000000000003,22.725,22.561904761904763,12332763.2,10561134.15,0.6504337415314433,1.167749886029049,27.05,18.7,27.05,18.7,0.3230174081112953,25.72,22.725,0.11586073500518904,0.0,64.52827358600734,74.24114922952761,0,1.7130374593724795,1.4571219254104824,0.2559155339619972,0,22.0,9.0,11.0,6.0,48.0,12.0,36.0,SKIP,❌ 排除,條件不足,趨勢轉強｜量能正常｜結構尚可｜指標初轉強｜風險扣分12
2026-09-30,6715,442.0,686089,442.0,442.0,442.0,-0.02212389380530977,-0.021040974529346612,0.277456647398844,0.3877551020408163,0.0,0.05484987470296883,454.7,430.25,381.475,378.4761904761905,1194820.0,2006623.25,0.34191221496112917,0.5954381321954679,468.5,307.5,468.5,307.5,0.3642533936643343,454.7,381.475,0.16566742081410477,0.0,84.36612622150568,91.08924671720786,0,35.4304430507994,27.18013028981836,8.250312760981036,0,22.0,9.0,11.0,6.0,48.0,12.0,36.0,SKIP,❌ 排除,條件不足,趨勢轉強｜量能正常｜結構尚可｜指標初轉強｜風險扣分12
2026-09-30,2506,8.43,85550,8.43,8.43,8.43,0.0023781212841853527,0.007168458781362075,-0.0174825174825175,-0.015186915887850594,0.0,0.012903365788680553,8.412,8.440999999999999,8.5185,8.520476190476192,212698.6,258829.35,0.3305266578152735,0.8217715649326446,8.72,8.2,8.72,8.2,0.06168446025365562,8.5185,8.412,0.01263345195579659,0.0,48.22421599359251,42.39536279517864,0,-0.04475555348592586,-0.029658787041874152,-0.015096766444051706,0,18.0,9.0,21.0,3.0,51.0,15.0,36.0,SKIP,❌ 排除,條件不足,趨勢轉強｜量能正常｜結構收斂｜風險扣分15
2026-09-30,2511,8.34,545474,8.34,8.34,8.34,0.0024038461538460343,-0.011848341232227444,-0.0071428571428572285,0.004819277108433662,0.0,0.005976207270287052,8.374,8.376000000000001,8.3965,8.391904761904762,525120.4,701577.1,0.7774968709782563,0.7484856618039546,8.52,8.3,8.52,8.3,0.02637889687933093,8.3965,8.374,0.002697841726295112,0.0,40.74101869528308,49.72834651691524,0,0.007340273138520814,0.018458886177704786,-0.011118613039183971,0,15.0,9.0,21.0,6.0,51.0,15.0,36.0,SKIP,❌ 排除,條件不足,趨勢修復｜量能正常｜結構收斂｜指標初轉強｜風險扣分15
2026-09-30,1515,29.8,463662,29.8,29.8,29.8,0.017064846416382284,-0.011608623548922004,-0.0016750418760469454,-0.10778443113772451,0.0,0.022303750332631024,29.65,29.670000000000005,30.26,30.40952380952381,450753.6,788360.25,0.5881346757399291,0.5717609430460242,32.95,29.15,33.4,29.15,0.12751677851921098,30.26,29.65,0.020469798657031316,0.0,30.338253379087767,30.561208064625188,0,-0.7880413400073287,-0.8291162738752827,0.04107493386795402,0,7.0,9.0,17.0,3.0,36.0,0.0,36.0,SKIP,❌ 排除,條件不足,量能正常｜結構收斂
2026-09-30,2377,151.0,3325440,151.0,151.0,151.0,0.0,-0.013071895424836555,0.0033222591362125353,-0.02580645161290318,0.0,0.026573146106517596,151.6,152.05,152.875,152.97619047619048,3852916.6,8460055.5,0.3930754354980294,0.45542450637587417,161.5,148.0,161.5,148.0,0.0894039735093417,152.875,151.6,0.008443708609215643,0.0,33.17955890949667,44.93077341809493,0,-0.8429187884615033,-0.7230909560692977,-0.11982783239220551,0,7.0,9.0,17.0,3.0,36.0,0.0,36.0,SKIP,❌ 排除,條件不足,量能正常｜結構收斂
2026-09-30,2536,19.15,464468,19.15,19.15,19.15,0.0,-0.017948717948717996,-0.015424164524421635,-0.07932692307692313,0.0,0.020581300229618463,19.279999999999998,19.295,19.325,19.395238095238096,415084.8,915408.45,0.5073888055108072,0.45344217654971347,20.8,18.8,20.8,18.8,0.10443864229219642,19.325,19.279999999999998,0.0023498694515745088,0.0,35.0025513012787,52.6075425063304,0,-0.2874149066781655,-0.32524172712554417,0.03782682044737867,0,7.0,9.0,17.0,3.0,36.0,0.0,36.0,SKIP,❌ 排除,條件不足,量能正常｜結構收斂
2026-09-30,3416,162.5,154921,162.5,162.5,162.5,0.0030864197530864335,-0.006116207951070374,0.009316770186335477,-0.1071428571428571,0.0,0.020959394703363853,161.6,161.6,163.8,164.66666666666666,141279.2,246057.15,0.6296138925448799,0.5741723010284376,177.0,160.0,182.0,160.0,0.10461538461474083,163.8,161.6,0.013538461538378331,0.0,52.069610359109205,45.37209647918226,0,-4.061382136186836,-4.609595514086643,0.5482133778998071,0,7.0,9.0,17.0,3.0,36.0,0.0,36.0,SKIP,❌ 排除,條件不足,量能正常｜結構收斂
2026-09-30,3447,27.55,84450,27.55,27.55,27.55,0.014732965009208288,-0.04999999999999993,0.007312614259597838,-0.08623548922056379,0.0,0.022801327722438706,27.540000000000003,27.68,27.9575,28.06190476190476,73820.0,107113.05,0.7884193382598965,0.6891783960964543,29.75,26.8,30.15,26.8,0.10707803992351801,27.9575,27.540000000000003,0.015154264972226592,0.0,30.518025154697014,38.89352287657781,0,-0.5288303424612941,-0.5595208434972575,0.03069050103596338,0,7.0,9.0,17.0,3.0,36.0,0.0,36.0,SKIP,❌ 排除,條件不足,量能正常｜結構收斂
2026-09-30,2239,18.95,53001,18.95,18.95,18.95,0.007978723404255206,0.013368983957219305,-0.02067183462532307,-0.04534005037783384,0.0,0.011064047753641946,18.909999999999997,19.014999999999997,19.404999999999998,19.426190476190477,70256.2,70419.55,0.7526461046683661,0.9976803316692452,20.1,18.7,20.1,18.7,0.07387862796443924,19.404999999999998,18.909999999999997,0.026121372030283887,0.0,25.3020633066456,20.465339467198426,0,-0.26028736660756735,-0.20861071778032822,-0.05167664882723913,0,6.0,9.0,21.0,0.0,36.0,0.0,36.0,SKIP,❌ 排除,條件不足,量能正常｜結構收斂
2026-09-30,2383,4935.0,1549084,4935.0,4935.0,4935.0,0.0030487804878047697,0.008171603677221695,-0.0767072029934518,-0.10027347310847767,0.0,0.028375007677347214,4957.0,4946.5,5177.5,5192.142857142857,2118990.2,2041856.25,0.7586645729835287,1.0377763860702727,5640.0,4695.0,5640.0,4695.0,0.19148936170208883,5177.5,4946.5,0.046808510638288385,0.0,49.48444588455844,38.483245082465096,0,-141.64156430615367,-125.0042723956085,-16.637291910545173,0,6.0,9.0,21.0,0.0,36.0,0.0,36.0,SKIP,❌ 排除,條件不足,量能正常｜結構收斂
2026-09-30,1723,80.7,381879,80.7,80.7,80.7,0.008750000000000036,0.0,-0.014652014652014711,-0.06271777003484313,0.0,0.009196303049774378,80.52000000000001,80.63,82.46000000000001,82.63333333333333,368176.6,557398.75,0.6851091790213008,0.660526418475103,87.0,80.0,87.0,80.0,0.08674101610797098,82.46000000000001,80.52000000000001,0.024039653035637643,0.0,33.36650381551083,22.411911797390733,1,-1.3941228107511563,-1.3126117504888053,-0.081511060262351,0,0.0,9.0,17.0,10.0,36.0,0.0,36.0,SKIP,❌ 排除,條件不足,量能正常｜結構收斂｜KD/MACD確認
2026-09-30,2359,128.5,1004251,128.5,128.5,128.5,0.0,-0.02651515151515149,0.015810276679841806,-0.11072664359861595,0.0,0.017826801699457457,128.5,129.0,132.825,133.38095238095238,1274753.6,2775342.8,0.3618475526698899,0.45931392691382117,144.5,125.0,144.5,125.0,0.151750972761465,132.825,128.5,0.03365758754837612,0.0,38.872381872168425,42.51406474807353,0,-3.687647030411398,-3.693684716787661,0.006037686376263007,1,0.0,9.0,17.0,10.0,36.0,0.0,36.0,SKIP,❌ 排除,條件不足,量能正常｜結構收斂｜KD/MACD確認
2026-09-30,9938,38.25,497792,38.25,38.25,38.25,0.0013089005235600304,-0.00390625,0.007905138339920903,-0.08602150537634412,0.0,0.009455713256171417,38.239999999999995,38.105000000000004,39.160000000000004,39.28809523809524,712942.8,1069229.7,0.465561328870681,0.6667817027529253,41.6,37.7,41.85,37.7,0.10196078431105982,39.160000000000004,38.105000000000004,0.027581699345684135,0.0,63.20543222260117,47.13531800746237,0,-0.8657099780037143,-0.8858451920589303,0.02013521405521601,1,0.0,9.0,17.0,10.0,36.0,0.0,36.0,SKIP,❌ 排除,條件不足,量能正常｜結構收斂｜KD/MACD確認
2026-09-30,2491,40.8,623561,40.8,40.8,40.8,0.01492537313432818,0.01872659176029967,0.032911392405063244,-0.19685039370078738,0.0,0.04571881493008566,40.15,40.29,41.56,42.0,658071.8,1729519.8,0.360539960282617,0.3804939382596254,50.0,39.5,50.8,39.5,0.25735294117016294,41.56,40.15,0.03455882352856483,0.0,42.41515267046981,32.35477667898262,0,-2.165716677834233,-2.3999916744313188,0.23427499659708584,0,13.0,4.0,15.0,3.0,35.0,0.0,35.0,SKIP,❌ 排除,條件不足,趨勢修復｜結構收斂
2026-09-30,1227,28.1,505728,28.1,28.1,28.1,0.0035714285714285587,-0.0035460992907800915,-0.007067137809187218,-0.025996533795493937,0.0,0.00569398403682784,28.139999999999997,28.175,28.325,28.35,812914.2,663322.75,0.7624161842783158,1.2255183468379438,28.6,28.0,28.85,28.0,0.021352313166499968,28.325,28.139999999999997,0.0065836298930042215,0.0,23.049134397266023,27.8438645893583,0,-0.16243848301422759,-0.14867563475319606,-0.013762848261031524,0,7.0,4.0,21.0,3.0,35.0,0.0,35.0,SKIP,❌ 排除,條件不足,結構收斂
2026-09-30,1531,11.65,56069,11.65,11.65,11.65,0.004310344827586299,-0.008510638297872353,0.008658008658008587,-0.037190082644628086,0.0,0.009913221373585393,11.7,11.694999999999999,11.75,11.766666666666666,414585.4,204950.6,0.2735732415518653,2.0228552636586477,12.05,11.55,12.1,11.55,0.04291845493193833,11.75,11.694999999999999,0.004721030042513345,0.0,37.46587806322767,48.231336707770225,0,-0.08757769741355226,-0.08965259453238839,0.0020748971188361276,0,7.0,4.0,21.0,3.0,35.0,0.0,35.0,SKIP,❌ 排除,條件不足,結構收斂
2026-09-30,1737,30.05,150145,30.05,30.05,30.05,0.0033388981636059967,-0.008250825082508295,-0.013136288998357948,-0.021172638436482094,0.0,0.012849651614574745,30.07,30.145,30.3875,30.402380952380955,194871.6,469090.4,0.32007689775787285,0.41542440433656197,30.7,29.3,30.7,29.3,0.046589018301278186,30.3875,30.07,0.010565723793325566,0.0,54.99131550519763,51.59904092371335,0,-0.17427052529914633,-0.1339584670737407,-0.04031205822540562,0,7.0,4.0,21.0,3.0,35.0,0.0,35.0,SKIP,❌ 排除,條件不足,結構收斂
2026-09-30,2701,10.3,47342,10.3,10.3,10.3,0.004878048780487809,-0.009615384615384581,0.0,-0.032863849765258135,0.0,0.0066235395333084385,10.28,10.32,10.355,10.369047619047619,83617.2,62168.35,0.7615128920101505,1.3450123736595656,10.45,10.25,10.65,10.25,0.01941747572627008,10.355,10.28,0.007281553397351408,0.0,20.71918308485001,23.74423576876451,0,-0.07473394947904488,-0.0727721070212581,-0.001961842457786786,0,7.0,4.0,21.0,3.0,35.0,0.0,35.0,SKIP,❌ 排除,條件不足,結構收斂
2026-09-30,3515,212.0,131882,212.0,212.0,212.0,0.004739336492890933,-0.0046948356807511304,0.044334975369458185,-0.04719101123595504,0.0,0.025901183365924476,211.8,210.7,215.825,216.14285714285714,205793.0,533170.7,0.2473541775645206,0.38597957464654303,231.0,201.0,231.0,201.0,0.14150943396159665,215.825,210.7,0.024174528301772764,0.0,60.15958219113355,58.13113914834633,0,-2.9274770478353958,-2.899326275473035,-0.028150772362360854,0,7.0,4.0,21.0,3.0,35.0,0.0,35.0,SKIP,❌ 排除,條件不足,結構收斂
2026-09-30,6918,74.3,12045,74.3,74.3,74.3,0.004054054054054124,-0.009333333333333416,0.01641586867305067,-0.03756476683937826,0.0,0.012136485725102304,74.47999999999999,74.5,75.365,75.45238095238095,67005.6,39370.5,0.3059397264449193,1.7019240294128424,78.0,72.9,78.0,72.9,0.06864064602868578,75.365,74.47999999999999,0.01191117092850732,0.0,42.62274998073578,49.688143069059805,0,-0.6934616945645473,-0.6594663483434289,-0.03399534622111844,0,7.0,4.0,21.0,3.0,35.0,0.0,35.0,SKIP,❌ 排除,條件不足,結構收斂
2026-09-30,6890,148.0,66816,148.0,148.0,148.0,0.006802721088435382,0.013698630136986356,0.003389830508474523,-0.11377245508982037,0.0,0.01522574050041918,147.7,147.55,154.25,154.85714285714286,101935.0,222945.3,0.2996968314649365,0.457219775433703,169.5,146.0,169.5,146.0,0.15878378378271094,154.25,147.55,0.045270270269964316,0.0,41.215890550084985,29.240686316679653,0,-4.909218369508949,-4.727052493566966,-0.1821658759419824,0,6.0,9.0,17.0,3.0,35.0,0.0,35.0,SKIP,❌ 排除,條件不足,量能正常｜結構收斂
2026-09-30,9935,18.3,94453,18.3,18.3,18.3,0.005494505494505475,0.005494505494505475,0.025210084033613356,-0.06632653061224492,0.0,0.015887984889290642,18.28,18.18,18.717499999999998,18.75952380952381,161184.2,284642.7,0.33183004517593345,0.5662685183916518,19.8,17.85,19.8,17.85,0.10655737704335748,18.717499999999998,18.18,0.02937158469784843,0.0,68.40277249681769,51.87544646014472,0,-0.3452649834397654,-0.34100947065048925,-0.004255512789276161,0,6.0,9.0,17.0,3.0,35.0,0.0,35.0,SKIP,❌ 排除,條件不足,量能正常｜結構收斂
2026-09-30,2812,18.85,14055128,18.85,18.85,18.85,0.0026595744680850686,-0.01822916666666652,-0.03084832904884305,-0.010498687664041939,0.0,0.008766169293499005,19.009999999999998,19.175,19.244999999999997,19.235714285714284,13360690.2,18655773.25,0.7533929476763982,0.7161691997944926,19.5,18.8,19.5,18.8,0.037135278512618775,19.244999999999997,19.009999999999998,0.012466843500664859,0.0,12.137872049783248,25.491827703027653,0,-0.04337000187821616,0.022667171078039394,-0.06603717295625555,0,5.0,9.0,21.0,0.0,35.0,0.0,35.0,SKIP,❌ 排除,條件不足,量能正常｜結構收斂
2026-09-30,7835,20.2,66347,20.2,20.2,20.2,0.010000000000000009,0.0,-0.03117505995203851,-0.2759856630824372,0.0,0.028287847834341774,20.05,20.505000000000003,22.0075,22.288095238095238,58466.2,53328.15,1.24412716360869,1.0963478013019186,28.0,20.0,28.0,20.0,0.39603960394079013,22.0075,20.05,0.09690594058926207,0.0,6.426258873100283,4.170513679382375,1,-1.7423764080857538,-1.7209397692003132,-0.021436638885440562,0,0.0,25.0,3.0,7.0,35.0,0.0,35.0,SKIP,❌ 排除,條件不足,量能回溫｜指標初轉強
2026-09-30,2241,46.15,8099138,46.15,46.15,46.15,0.04886363636363633,0.23560910307898242,0.3796711509715993,0.3338150289017341,0.0,0.03469668102099252,43.69,39.095000000000006,36.7025,36.602380952380955,5801933.8,1779796.3,4.550598290377385,3.259886426328674,46.15,33.35,46.15,33.35,0.27735644636452095,43.69,36.7025,0.15140845070094452,0.0,94.3925067044292,82.50073169235272,0,2.45379827571562,1.1623846770500226,1.2914135986655975,0,28.0,4.0,8.0,6.0,46.0,12.0,34.0,SKIP,❌ 排除,條件不足,趨勢轉強｜結構尚可｜指標初轉強｜風險扣分12
2026-09-30,2305,68.7,6402746,68.7,68.7,68.7,-0.005788712011577268,0.16836734693877564,0.5215946843853823,1.2861896838602331,0.0,0.044882036119840804,64.85999999999999,59.045,46.865,46.06428571428572,5995692.4,18025317.9,0.3552084926058364,0.3326261668871871,69.1,29.55,69.1,29.55,0.5756914119275736,64.85999999999999,46.865,0.26193595341685655,0.0,98.74967482244713,99.1502750429793,0,9.376167122111994,7.0334221009974085,2.3427450211145855,0,28.0,4.0,8.0,6.0,46.0,12.0,34.0,SKIP,❌ 排除,條件不足,趨勢轉強｜結構尚可｜指標初轉強｜風險扣分12
2026-09-30,6168,45.25,6398422,45.25,45.25,45.25,0.0011061946902655162,0.059718969555035084,0.5108514190317195,0.5905096660808435,0.0,0.048227047671742435,43.93,39.795,34.3475,34.06666666666666,22702908.8,13477799.3,0.4747378898868155,1.6844670479697672,45.25,27.6,45.25,27.6,0.39005524861016455,43.93,34.3475,0.2117679557964251,0.0,97.75162451911802,96.1244150441374,0,4.247807699732064,2.8404253819211176,1.4073823178109466,0,28.0,4.0,8.0,6.0,46.0,12.0,34.0,SKIP,❌ 排除,條件不足,趨勢轉強｜結構尚可｜指標初轉強｜風險扣分12
2026-09-30,6226,45.1,2207400,45.1,45.1,45.1,-0.009879253567508184,0.013483146067415852,0.3666666666666667,0.4272151898734178,0.0,0.06261756267135178,44.31,43.18,37.635,37.34761904761905,2852951.4,20939582.05,0.10541757685177866,0.13624681682698628,45.7,29.6,45.7,29.6,0.3569844789277831,44.31,37.635,0.14800443458651885,0.0,90.40978753745009,88.20319945260721,0,3.5458918248632045,2.688662117479642,0.8572297073835626,0,28.0,4.0,8.0,6.0,46.0,12.0,34.0,SKIP,❌ 排除,條件不足,趨勢轉強｜結構尚可｜指標初轉強｜風險扣分12
2026-09-30,6526,840.0,987850,840.0,840.0,840.0,0.03194103194103204,0.16022099447513805,0.33333333333333326,0.38385502471169697,0.0,0.04214888860506727,819.6,739.4,689.9,685.952380952381,3401984.0,1538093.3,0.6422562272392704,2.2118190099391226,840.0,623.0,840.0,607.0,0.25833333333302577,819.6,689.9,0.15440476190457814,0.0,93.01045250452695,84.06686655041032,0,53.54295357883109,32.573659750527895,20.969293828303194,0,28.0,4.0,8.0,6.0,46.0,12.0,34.0,SKIP,❌ 排除,條件不足,趨勢轉強｜結構尚可｜指標初轉強｜風險扣分12
2026-09-30,2049,335.0,1637089,335.0,335.0,335.0,-0.0014903129657227732,0.0029940119760478723,0.03554868624420404,-0.042857142857142816,0.0,0.033870774041122355,330.1,331.55,343.225,343.54761904761904,1704745.8,3801016.4,0.43069769443772976,0.4484973545496935,370.5,323.5,370.5,323.5,0.14029850746226777,343.225,330.1,0.03917910447749499,0.0,58.95658282018196,38.822152984363726,0,-5.624762966019205,-4.6009402608263334,-1.0238227051928712,0,6.0,4.0,21.0,3.0,34.0,0.0,34.0,SKIP,❌ 排除,條件不足,結構收斂
2026-09-30,4569,157.5,28293,157.5,157.5,157.5,0.022727272727272707,0.01941747572815533,0.032786885245901676,-0.07079646017699115,0.0,0.030292514232093105,155.1,155.05,161.25,161.64285714285714,25708.0,108175.05,0.2615482960257447,0.23765184300815909,180.0,152.5,180.0,152.5,0.17460317460206604,161.25,155.05,0.03936507936482936,0.0,55.62356610336583,38.41422833771659,0,-3.8385765038913178,-3.723014068642859,-0.11556243524845877,0,6.0,4.0,21.0,3.0,34.0,0.0,34.0,SKIP,❌ 排除,條件不足,結構收斂
2026-09-30,1733,29.6,106719,29.6,29.6,29.6,0.005093378607810006,-0.02631578947368407,-0.02471169686985175,-0.07355242566510167,0.0,0.01119100413067462,29.9,30.055,30.797499999999996,30.85238095238095,103934.2,119651.85,0.891912661609487,0.8686384706964341,32.35,29.45,32.35,29.45,0.09797297296966315,30.797499999999996,29.9,0.030320945944921497,0.0,22.830774539320284,24.956305666429174,0,-0.545630839528144,-0.4539748378648393,-0.09165600166330468,0,0.0,17.0,17.0,0.0,34.0,0.0,34.0,SKIP,❌ 排除,條件不足,量能回溫｜結構收斂
2026-09-30,1907,28.4,732317,28.4,28.4,28.4,0.017921146953405076,-0.01730103806228378,-0.020689655172413834,-0.048576214405360196,0.0,0.011277165676042545,28.4,28.729999999999997,29.1025,29.138095238095236,781420.6,821940.15,0.890961464773316,0.950702554194486,30.3,27.9,30.3,27.9,0.0845070422505456,29.1025,28.4,0.024735915492086785,0.0,16.696155951529153,16.950701576713282,0,-0.36963702951203814,-0.27502339026181405,-0.09461363925022409,0,0.0,17.0,17.0,0.0,34.0,0.0,34.0,SKIP,❌ 排除,條件不足,量能回溫｜結構收斂
2026-09-30,4764,189.0,1350451,189.0,189.0,189.0,0.032786885245901676,-0.05735660847880297,-0.08915662650602407,-0.2157676348547718,0.0,0.035688481043475065,188.2,196.1,210.65,212.0952380952381,1104168.6,902677.0,1.4960511899605269,1.2232156131152105,247.0,183.0,247.0,183.0,0.338624338622547,210.65,188.2,0.1187830687824404,0.0,8.485792792571264,5.190201815349562,1,-13.004466304855782,-10.702479803264538,-2.3019865015912444,0,0.0,20.0,7.0,7.0,34.0,0.0,34.0,SKIP,❌ 排除,條件不足,量能回溫｜指標初轉強
2026-09-30,3494,7.1,27333,7.1,7.1,7.1,0.0014104372355430161,-0.02472527472527486,0.004243281471004057,-0.004207573632538653,0.0,0.009400038051885173,7.106,7.131,7.108500000000001,7.10952380952381,50088.8,66264.3,0.41248455050456406,0.755894199440713,7.3,7.06,7.3,7.06,0.03380281689664752,7.131,7.106,0.003521126760067497,0.0,22.995703207599494,30.461164169424563,0,0.0014635619011800216,0.0026920129843582634,-0.0012284510831782418,0,12.0,9.0,21.0,6.0,48.0,15.0,33.0,SKIP,❌ 排除,條件不足,趨勢修復｜量能正常｜結構收斂｜指標初轉強｜風險扣分15
2026-09-30,1512,6.11,47461,6.11,6.11,6.11,-0.0016339869281045694,-0.023961661341852958,0.0,-0.04081632653061218,0.0,0.010314166479496673,6.151999999999999,6.178,6.2235,6.230476190476191,48580.6,52525.3,0.9035836063763386,0.9248990486489191,6.38,6.11,6.38,6.11,0.04418985269325854,6.2235,6.151999999999999,0.011702127657659281,0.0,19.870022452824504,32.026866185537635,0,-0.051077927529614264,-0.043904525212471,-0.007173402317143265,0,7.0,17.0,21.0,3.0,48.0,15.0,33.0,SKIP,❌ 排除,條件不足,量能回溫｜結構收斂｜風險扣分15
2026-09-30,2528,19.4,164650,19.4,19.4,19.4,0.005181347150258864,-0.0536585365853659,0.0,-0.030000000000000027,0.0,0.015307215213935974,19.71,19.755,19.855,19.861904761904764,262540.8,294405.45,0.5592627446264987,0.8917661001180485,20.5,19.3,20.5,19.3,0.061855670099904315,19.855,19.71,0.00747422680373842,0.0,22.49057137528926,36.92211373078957,0,-0.09929461443660514,-0.047639084121556444,-0.0516555303150487,0,0.0,9.0,21.0,3.0,33.0,0.0,33.0,SKIP,❌ 排除,條件不足,量能正常｜結構收斂
2026-09-30,2705,15.1,107869,15.1,15.1,15.1,0.0033222591362125353,-0.00983606557377048,-0.016286644951140072,-0.044303797468354444,0.0,0.006524785474030579,15.14,15.2,15.4125,15.430952380952382,90931.6,155701.3,0.6927944724931604,0.5840131071481063,15.85,15.05,15.85,15.05,0.05298013244682244,15.4125,15.14,0.018046357614698857,0.0,15.472364272771143,18.623653293924132,0,-0.16760957873439253,-0.13995429585571348,-0.02765528287867905,0,0.0,9.0,21.0,3.0,33.0,0.0,33.0,SKIP,❌ 排除,條件不足,量能正常｜結構收斂
2026-09-30,3057,16.2,15334,16.2,16.2,16.2,-0.003076923076923088,-0.02114803625377648,0.0,-0.07428571428571429,0.0,0.01951750587770003,16.18,16.17,16.56,16.604761904761904,57073.4,70410.95,0.2177786267618855,0.8105756277965173,17.6,15.65,17.6,15.65,0.12037037036294017,16.56,16.17,0.024074074072587836,0.0,50.161614916943606,46.05890086100742,0,-0.31142534252299114,-0.30412946738301827,-0.007295875139972874,0,0.0,9.0,21.0,3.0,33.0,0.0,33.0,SKIP,❌ 排除,條件不足,量能正常｜結構收斂
2026-09-30,4190,24.95,11798,24.95,24.95,24.95,-0.003992015968063978,-0.009920634920634885,-0.036679536679536606,-0.038535645472061675,0.0,0.007305384524502358,25.05,25.244999999999997,25.5925,25.609523809523807,17810.4,13745.45,0.858320389656151,1.2957305872124014,26.15,24.95,26.15,24.95,0.04809619238284181,25.5925,25.05,0.02174348697307643,0.0,4.545393157229096,8.96837468609127,0,-0.24589309869328702,-0.16859812580159209,-0.07729497289169493,0,0.0,12.0,21.0,0.0,33.0,0.0,33.0,SKIP,❌ 排除,條件不足,量能正常｜結構收斂
2026-09-30,4977,169.0,2213717,169.0,169.0,169.0,0.0029673590504450953,-0.028735632183908066,0.011976047904191711,-0.03428571428571425,0.0,0.035708049923616286,168.6,170.2,172.625,172.73809523809524,1691054.6,3685476.15,0.600659700375486,0.4588429096196972,185.0,160.5,185.0,160.5,0.14497041420032564,172.625,168.6,0.023816568047196385,0.0,43.52273413509689,50.84060796004894,0,-1.628189536833247,-1.2170273442389643,-0.41116219259428277,0,0.0,9.0,21.0,3.0,33.0,0.0,33.0,SKIP,❌ 排除,條件不足,量能正常｜結構收斂
2026-09-30,1530,26.8,16544,26.8,26.8,26.8,0.013232514177693888,-0.005565862708719838,-0.020109689213894,-0.0662020905923344,0.0,0.011353042983592174,26.68,26.890000000000004,27.6025,27.654761904761905,19982.4,23406.5,0.7068122102834381,0.8537115758442804,29.0,26.45,29.0,26.45,0.09514925372779297,27.6025,26.68,0.034421641789760364,0.0,16.9219659459668,7.528352993516077,1,-0.5199908819409416,-0.4361481384258486,-0.08384274351509297,0,0.0,9.0,17.0,7.0,33.0,0.0,33.0,SKIP,❌ 排除,條件不足,量能正常｜結構收斂｜指標初轉強
2026-09-30,1722,41.55,1760588,41.55,41.55,41.55,0.009720534629404476,-0.015402843601895921,-0.02004716981132082,-0.06734006734006737,0.0,0.007227409260247856,41.519999999999996,41.82,42.9825,43.05714285714286,3400459.6,3284419.5,0.5360423660863052,1.0353304746851002,44.8,41.15,44.8,41.15,0.08784596871028046,42.9825,41.519999999999996,0.035198555955831705,0.0,12.296844340939717,7.866972649237166,1,-0.8014033793415933,-0.6555997908817244,-0.14580358845986896,0,0.0,9.0,17.0,7.0,33.0,0.0,33.0,SKIP,❌ 排除,條件不足,量能正常｜結構收斂｜指標初轉強
2026-09-30,3376,174.5,2518660,174.5,174.5,174.5,0.017492711370262315,-0.01412429378531077,-0.035911602209944715,-0.18457943925233644,0.0,0.026393219680381812,175.4,175.8,188.175,189.4047619047619,2323816.6,4851193.95,0.519183530066861,0.47901952054504016,213.0,171.5,214.0,171.5,0.23782234956883772,188.175,175.4,0.07320916905402176,0.0,20.90854978390513,19.172769676046872,1,-9.659937656168836,-8.950539061561212,-0.7093985946076238,0,0.0,9.0,17.0,7.0,33.0,0.0,33.0,SKIP,❌ 排除,條件不足,量能正常｜結構收斂｜指標初轉強
2026-09-30,6449,209.5,802853,209.5,209.5,209.5,0.019464720194647178,-0.02784222737819031,-0.023310023310023298,-0.09698275862068961,0.0,0.03294913888069055,209.2,211.65,218.575,219.21428571428572,677596.4,1108349.95,0.7243677865461169,0.6113560071888843,237.5,205.5,237.5,205.5,0.15274463007086997,218.575,209.2,0.04474940334107518,0.0,17.315848182622656,16.612586468369184,1,-5.644376424404413,-4.784011659654191,-0.8603647647502219,0,0.0,9.0,17.0,7.0,33.0,0.0,33.0,SKIP,❌ 排除,條件不足,量能正常｜結構收斂｜指標初轉強
2026-09-30,6931,38.9,24293,38.9,38.9,38.9,0.003870967741935516,-0.005115089514066584,-0.02750000000000008,-0.0615199034981907,0.0,0.007814963058365732,38.839999999999996,39.059999999999995,39.8,39.87857142857143,38981.6,42003.05,0.5783627617518114,0.928065938068761,41.6,38.75,41.6,38.75,0.0732647814891192,39.8,38.839999999999996,0.024678663238440163,0.0,9.423450832551017,4.2566085428846385,1,-0.6349796057411936,-0.5735856915594922,-0.06139391418170137,0,0.0,9.0,17.0,7.0,33.0,0.0,33.0,SKIP,❌ 排除,條件不足,量能正常｜結構收斂｜指標初轉強
2026-09-30,8404,13.25,313492,13.25,13.25,13.25,0.0076045627376426506,-0.04332129963898912,-0.046762589928057596,-0.18461538461538463,0.0,0.017304941010457667,13.440000000000001,13.55,14.469999999999999,14.554761904761904,286828.4,418893.65,0.7483808837875657,0.684728450765485,16.45,13.15,16.45,13.15,0.2490566037547881,14.469999999999999,13.440000000000001,0.07773584905073673,0.0,9.902896856554118,9.047416307464541,1,-0.7150126305609916,-0.6487397556246307,-0.06627287493636091,0,0.0,9.0,17.0,7.0,33.0,0.0,33.0,SKIP,❌ 排除,條件不足,量能正常｜結構收斂｜指標初轉強
2026-09-30,6426,345.0,2470102,345.0,345.0,345.0,-0.025423728813559365,-0.07754010695187163,0.10576923076923084,0.32183908045977017,0.0,0.056864077657959616,367.1,357.6,324.9,321.85714285714283,3397097.6,3895905.65,0.6340251078719013,0.871966085729001,391.5,257.0,391.5,257.0,0.3898550724626381,367.1,324.9,0.12231884057935573,0.0,63.13191815365521,80.49028583484815,0,25.799563844307045,23.818000910474332,1.9815629338327128,0,22.0,9.0,7.0,6.0,44.0,12.0,32.0,SKIP,❌ 排除,條件不足,趨勢轉強｜量能正常｜指標初轉強｜風險扣分12
2026-09-30,2617,31.45,570281,31.45,31.45,31.45,0.006399999999999961,-0.05555555555555547,-0.04841149773071096,0.016155088852988664,0.0,0.018316424028785944,32.290000000000006,32.565000000000005,32.582499999999996,32.50476190476191,920105.8,2068526.5,0.2756943167032183,0.44481218877302253,33.65,31.2,33.65,30.95,0.07790143084013029,32.582499999999996,32.290000000000006,0.009300476947239723,0.0,24.437567180600844,38.36640474325617,0,0.17737176066933813,0.39061990850891976,-0.21324814783958163,0,8.0,4.0,17.0,3.0,32.0,0.0,32.0,SKIP,❌ 排除,條件不足,結構收斂
2026-09-30,2468,45.5,817306,45.5,45.5,45.5,-0.011943539630835942,-0.022556390977443552,0.15628970775095286,0.3541666666666665,0.0,0.046306532055855026,46.019999999999996,45.11,39.55,39.266666666666666,1620887.6,5889786.45,0.1387666610561067,0.27520311878200604,46.85,32.45,46.85,32.45,0.3164835164765608,46.019999999999996,39.55,0.14219780219467695,0.0,84.48162731756874,88.4723114382569,0,3.3751270085960314,2.747464187141447,0.6276628214545843,0,22.0,4.0,11.0,6.0,43.0,12.0,31.0,SKIP,❌ 排除,條件不足,趨勢轉強｜結構尚可｜指標初轉強｜風險扣分12
2026-09-30,4137,77.3,71880,77.3,77.3,77.3,0.010457516339869244,-0.005148005148005175,0.013106159895150737,-0.08194774346793354,0.0,0.013137445010080654,77.28,77.33,77.85999999999999,78.16190476190476,94191.6,218081.3,0.32960185031912265,0.4319104847595809,83.4,75.2,84.2,75.2,0.10608020698439745,77.85999999999999,77.28,0.007503234152554733,0.0,37.89108087082006,45.08312081859758,0,-1.4022849178186192,-1.5618699813120656,0.15958506349344637,0,7.0,4.0,17.0,3.0,31.0,0.0,31.0,SKIP,❌ 排除,條件不足,結構收斂
2026-09-30,1460,6.26,421176,6.26,6.26,6.26,0.0032051282051281937,-0.012618296529968487,-0.024922118380062308,-0.051515151515151514,0.0,0.008037420925022836,6.266,6.296,6.422,6.43047619047619,230558.6,221180.75,1.9042163479416636,1.042399033369762,6.61,6.24,6.61,6.24,0.05910543130046241,6.422,6.266,0.024920127791546256,0.0,10.768841141295411,14.00707382231553,0,-0.08663829020885938,-0.07103827960974833,-0.01560001059911105,0,0.0,25.0,21.0,0.0,46.0,15.0,31.0,SKIP,❌ 排除,條件不足,量能回溫｜結構收斂｜風險扣分15
2026-09-30,1506,9.53,354064,9.53,9.53,9.53,-0.004179728317659448,-0.027551020408163374,-0.03248730964467006,-0.056435643564356486,0.0,0.004241170830601639,9.634,9.706999999999999,9.857000000000001,9.868571428571428,229005.4,207856.3,1.7034075945737432,1.1017486600117432,10.1,9.53,10.1,9.53,0.059811122763923315,9.857000000000001,9.634,0.02339979013395603,0.0,1.1373181671806316,3.30633732391376,0,-0.12355186882350111,-0.09195888408309896,-0.03159298474040215,0,0.0,25.0,21.0,0.0,46.0,15.0,31.0,SKIP,❌ 排除,條件不足,量能回溫｜結構收斂｜風險扣分15
2026-09-30,4976,35.8,552113,35.8,35.8,35.8,0.008450704225352101,-0.025850340136054473,0.022857142857142687,-0.07493540051679604,0.0,0.03680863524545786,35.540000000000006,35.815000000000005,36.654999999999994,36.75238095238095,616309.4,2437722.75,0.2264871999902367,0.2528217780303358,41.55,34.9,41.55,34.9,0.1857541899389454,36.654999999999994,35.540000000000006,0.03114525139577773,0.0,33.8170881753651,33.53283677156019,1,-0.737802025416002,-0.69880644804265,-0.03899557737335202,0,0.0,4.0,17.0,10.0,31.0,0.0,31.0,SKIP,❌ 排除,條件不足,結構收斂｜KD/MACD確認
2026-09-30,1235,33.15,41618,33.15,33.15,33.15,0.00913242009132409,-0.12532981530343013,-0.10646900269541781,-0.10040705563093633,0.0,0.046513319753162384,36.019999999999996,36.785000000000004,37.445,37.416666666666664,113964.2,38852.85,1.0711698112236023,2.9332262626807832,41.15,32.85,41.15,32.85,0.25037707389893277,37.445,36.019999999999996,0.04298642533806993,0.0,20.85244658647144,36.335167333384845,0,-0.5243266745468773,0.01600251134744199,-0.5403291858943193,0,0.0,20.0,11.0,0.0,31.0,0.0,31.0,SKIP,❌ 排除,條件不足,量能回溫｜結構尚可
2026-09-30,8488,9.95,19078,9.95,9.95,9.95,0.015306122448979442,0.004036326942482349,0.001006036217303885,0.003024193548387011,0.0,0.023519436758545936,9.902000000000001,9.925,10.041500000000001,10.035714285714286,153079.6,115280.3,0.1654922827230657,1.3278903680854288,10.75,9.77,10.75,9.77,0.0984924623016591,10.041500000000001,9.902000000000001,0.014020100501103505,0.0,23.14531719750584,24.500451195760085,0,-0.02831424739353494,-0.0026262011677459264,-0.025688046225789015,0,21.0,4.0,17.0,3.0,45.0,15.0,30.0,SKIP,❌ 排除,條件不足,趨勢轉強｜結構收斂｜風險扣分15
2026-09-30,1538,7.48,15937,7.48,7.48,7.48,-0.09879518072289162,-0.0911300121506683,0.0,0.0,0.0,0.06908703887328745,8.306000000000001,7.48,7.48,7.48,15870.4,22188.85714285714,0.7182433911486781,0.7152418846009901,9.0,7.48,7.48,7.48,0.20320855612256564,8.306000000000001,8.306000000000001,0.0,0.0,41.975308595336095,65.02057605944216,0,-0.2127852655267315,-0.09907640556109834,-0.11370885996563315,0,19.0,9.0,14.0,3.0,45.0,15.0,30.0,SKIP,❌ 排除,條件不足,趨勢轉強｜量能正常｜結構尚可｜風險扣分15
2026-09-30,1626,9.6,36723,9.6,9.6,9.6,0.0,-0.015384615384615441,-0.006211180124223614,-0.014373716632443578,0.0,0.01076024263891908,9.67,9.662,9.672999999999998,9.676190476190476,47327.2,57487.0,0.6388052951101878,0.823267869257383,9.82,9.41,9.82,9.41,0.042708333328884567,9.672999999999998,9.662,0.0011458333332137107,0.0,42.58050022972404,60.45299420087047,0,-0.017709523144098682,-0.012638543103860632,-0.00507098004023805,0,12.0,9.0,21.0,3.0,45.0,15.0,30.0,SKIP,❌ 排除,條件不足,趨勢修復｜量能正常｜結構收斂｜風險扣分15
2026-09-30,1217,9.95,364373,9.95,9.95,9.95,0.005050505050504972,-0.004004004004004136,-0.0010040160642571516,-0.004004004004004136,0.0,0.0033680860461551645,9.936000000000002,9.955,9.959,9.960476190476191,476047.2,359025.9,1.0148933544905785,1.3259411089840556,10.0,9.9,10.0,9.9,0.010050251255271297,9.959,9.936000000000002,0.0023115577887121964,0.0,36.340939682040606,41.71178784938757,0,-0.011259317803178348,-0.007950375725078108,-0.0033089420781002403,0,12.0,12.0,18.0,3.0,45.0,15.0,30.0,SKIP,❌ 排除,條件不足,趨勢修復｜量能正常｜結構收斂｜風險扣分15
2026-09-30,3504,79.1,690793,79.1,79.1,79.1,-0.005031446540880613,0.008928571428571175,0.014102564102564052,-0.12403100775193798,0.0,0.035964221096976466,78.62,78.83,82.18,82.56666666666668,1080925.4,2444338.9,0.282609338664127,0.44221584821973725,94.3,77.0,94.3,77.0,0.21871049304401122,82.18,78.62,0.04500632111194685,0.0,42.00215307024065,33.032427229137106,0,-2.7483234826074323,-2.7345197756157282,-0.013803706991704079,0,6.0,4.0,17.0,3.0,30.0,0.0,30.0,SKIP,❌ 排除,條件不足,結構收斂
2026-09-30,1201,11.65,693645,11.65,11.65,11.65,0.01304347826086949,-0.008510638297872353,-0.029166666666666674,-0.048979591836734615,0.0,0.012428936513168629,11.620000000000001,11.76,11.95,11.964285714285714,841796.4,1224963.55,0.566257665381145,0.6872011824351829,12.25,11.5,12.25,11.5,0.06437768239790749,11.95,11.620000000000001,0.02832618025507915,0.0,16.391192107936497,17.831446870218244,0,-0.16440910599840386,-0.12203881964315927,-0.04237028635524459,0,0.0,9.0,21.0,0.0,30.0,0.0,30.0,SKIP,❌ 排除,條件不足,量能正常｜結構收斂
2026-09-30,2845,13.1,7130250,13.1,13.1,13.1,0.0,-0.03321033210332114,-0.047272727272727244,-0.029629629629629672,0.0,0.018186607536148855,13.27,13.440000000000001,13.5125,13.511904761904763,6329382.8,13662966.0,0.5218669211355718,0.4632510100661891,13.75,13.0,13.75,13.0,0.05725190839257619,13.5125,13.27,0.01851145038026628,0.0,8.123225900683957,22.34533955242092,0,-0.07590391343628156,-0.014263193166601814,-0.06164072026967974,0,0.0,9.0,21.0,0.0,30.0,0.0,30.0,SKIP,❌ 排除,條件不足,量能正常｜結構收斂
2026-09-30,2906,13.4,79256,13.4,13.4,13.4,0.007518796992481258,-0.021897810218978075,-0.02898550724637683,-0.02898550724637683,0.0,0.009100106822381314,13.45,13.569999999999999,13.7,13.704761904761906,84983.2,106580.1,0.7436285010053401,0.7973646112172834,13.9,13.3,13.9,13.3,0.044776119399643544,13.7,13.45,0.018656716416518154,0.0,16.745288598707596,24.991447919050977,0,-0.09702399761031444,-0.05316775826286356,-0.04385623934745088,0,0.0,9.0,21.0,0.0,30.0,0.0,30.0,SKIP,❌ 排除,條件不足,量能正常｜結構收斂
2026-09-30,9941,77.9,838459,77.9,77.9,77.9,-0.005108556832694622,-0.02867830423940143,-0.0453431372549018,-0.10356731875719216,0.0,0.020744790220277837,78.96000000000001,79.73,80.30499999999999,80.61904761904762,879977.6,1093839.9,0.7665280814861475,0.8044848245159089,82.6,77.9,86.9,77.9,0.06033376123157451,80.30499999999999,78.96000000000001,0.017265725288609996,0.0,2.983423246112514,8.36150906580716,0,-1.6460512747840852,-1.5540947195007302,-0.091956555283355,0,0.0,9.0,21.0,0.0,30.0,0.0,30.0,SKIP,❌ 排除,條件不足,量能正常｜結構收斂
2026-09-30,6515,5930.0,478498,5930.0,5930.0,5930.0,0.04493392070484581,0.023295944779982758,-0.10151515151515156,-0.056483691328560015,0.0,0.049866559731887625,5843.0,6008.5,6539.25,6527.142857142857,700065.2,681434.6,0.7021921105855196,1.0273402612664502,7700.0,5675.0,7700.0,5675.0,0.3414839797638547,6539.25,5843.0,0.1174114671163377,0.0,15.91591532214186,12.47032953226701,1,-193.93980799702967,-87.79859249954353,-106.14121549748614,0,6.0,9.0,7.0,7.0,29.0,0.0,29.0,SKIP,❌ 排除,條件不足,量能正常｜指標初轉強
2026-09-30,2062,18.05,51090,18.05,18.05,18.05,0.002777777777777768,0.0,-0.0055096418732780705,-0.05249343832020992,0.0,0.016226697935428913,18.05,18.07,18.517500000000002,18.542857142857144,85869.6,190729.5,0.26786627134239716,0.4502166681084969,19.55,18.0,19.55,18.0,0.08587257617252787,18.517500000000002,18.05,0.025900277006875392,0.0,14.541132863694738,15.311762107524613,0,-0.27330222382521185,-0.24178552237611628,-0.031516701449095574,0,0.0,9.0,17.0,3.0,29.0,0.0,29.0,SKIP,❌ 排除,條件不足,量能正常｜結構收斂
2026-09-30,2301,279.5,12833072,279.5,279.5,279.5,-0.005338078291814985,-0.03119584055459268,0.007207207207207134,-0.08360655737704914,0.0,0.0245962155994549,283.1,281.5,288.275,289.07142857142856,13319008.4,19580480.95,0.6554012658202862,0.6802186541796871,315.0,274.0,315.0,274.0,0.14669051878301723,288.275,281.5,0.02423971377451069,0.0,47.03104042508474,49.88607909835019,0,-5.356173120713834,-5.4870677854415515,0.13089466472771782,0,0.0,9.0,17.0,3.0,29.0,0.0,29.0,SKIP,❌ 排除,條件不足,量能正常｜結構收斂
2026-09-30,2375,118.0,1118973,118.0,118.0,118.0,0.004255319148936065,-0.00421940928270037,-0.012552301255230103,-0.07086614173228345,0.0,0.023892312700123864,117.9,118.3,120.55,120.85714285714286,1453979.4,2412810.3,0.4637633551216188,0.6026082531229245,127.0,117.5,127.0,117.5,0.0805084745755889,120.55,117.9,0.022457627118453675,0.0,11.522857230047503,14.647482397724398,0,-2.125326599242669,-2.0171176897099516,-0.10820890953271745,0,0.0,9.0,17.0,3.0,29.0,0.0,29.0,SKIP,❌ 排除,條件不足,量能正常｜結構收斂
2026-09-30,2421,160.5,2575748,160.5,160.5,160.5,-0.01834862385321101,-0.036036036036036,-0.015337423312883458,-0.1058495821727019,0.0,0.028731043514120976,164.2,163.5,166.1,166.73809523809524,1937818.2,3726921.3,0.69111950391869,0.5199514677167988,178.0,158.0,179.5,158.0,0.12461059189953515,166.1,163.5,0.01619937694693953,0.0,48.01028360868831,59.575268738590076,0,-3.337416426884488,-3.4715532479024356,0.13413682101794766,0,0.0,9.0,17.0,3.0,29.0,0.0,29.0,SKIP,❌ 排除,條件不足,量能正常｜結構收斂
2026-09-30,2509,14.3,30901,14.3,14.3,14.3,0.017793594306049876,-0.03378378378378377,-0.0034843205574912606,-0.0714285714285714,0.0,0.01581094212529493,14.34,14.419999999999998,14.615,14.652380952380952,104130.0,108936.9,0.28365962313963144,0.9558744557629145,15.25,14.05,15.4,14.05,0.0839160839102156,14.615,14.34,0.019230769229424446,0.0,31.40204287878518,38.91178379285819,0,-0.236853220765596,-0.21875287486755682,-0.01810034589803919,0,0.0,9.0,17.0,3.0,29.0,0.0,29.0,SKIP,❌ 排除,條件不足,量能正常｜結構收斂
2026-09-30,2723,77.4,127865,77.4,77.4,77.4,0.010443864229765065,-0.0214917825537293,-0.007692307692307665,-0.056097560975609695,0.0,0.012207253720511752,78.02000000000001,78.21000000000001,79.6,79.71428571428571,187026.0,309323.95,0.41336922019778805,0.604628254617851,83.5,76.6,83.5,76.6,0.08914728682055371,79.6,78.02000000000001,0.020413436692242513,0.0,35.90024012601559,41.48791108340026,0,-1.0742746452451257,-0.926969827596416,-0.14730481764870973,0,0.0,9.0,17.0,3.0,29.0,0.0,29.0,SKIP,❌ 排除,條件不足,量能正常｜結構收斂
2026-09-30,3040,33.85,114291,33.85,33.85,33.85,0.0,-0.04647887323943656,0.0014792899408284654,-0.09370816599732257,0.0,0.016981251564653323,34.58,34.485,34.915,35.03095238095238,109135.8,225890.2,0.5059582044727903,0.4831364972893889,36.25,33.7,37.35,33.7,0.07533234859452481,34.915,34.485,0.012703101919861053,0.0,34.13670460687103,43.53984067656348,0,-0.6232887196840977,-0.633290581883188,0.010001862199090272,0,0.0,9.0,17.0,3.0,29.0,0.0,29.0,SKIP,❌ 排除,條件不足,量能正常｜結構收斂
2026-09-30,3135,158.0,336645,158.0,158.0,158.0,0.009584664536741228,-0.021671826625387025,-0.0062893081761006275,-0.13424657534246576,0.0,0.016804010539321464,158.0,159.7,164.7,165.54761904761904,478497.2,743283.35,0.4529161052780202,0.6437614941865701,176.0,156.5,182.5,156.5,0.12341772151820622,164.7,158.0,0.042405063290870786,0.0,12.337116290210567,12.742610827236994,0,-5.553403220220389,-5.251857347332706,-0.301545872887683,0,0.0,9.0,17.0,3.0,29.0,0.0,29.0,SKIP,❌ 排除,條件不足,量能正常｜結構收斂
2026-09-30,3706,79.3,3956421,79.3,79.3,79.3,0.005069708491761693,-0.006265664160400974,0.007623888182973326,-0.1427027027027027,0.0,0.027630752668594303,78.91999999999999,79.2,83.64500000000001,84.06666666666668,4460397.2,9380302.75,0.4217796701710933,0.4755067420398557,95.7,77.6,95.7,77.6,0.228247162670514,83.64500000000001,78.91999999999999,0.05958385876343555,0.0,37.2150744966731,32.021007503772076,0,-3.363212768629097,-3.2579198430621488,-0.10529292556694836,0,0.0,9.0,17.0,3.0,29.0,0.0,29.0,SKIP,❌ 排除,條件不足,量能正常｜結構收斂
2026-09-30,4555,42.15,76991,42.15,42.15,42.15,0.013221153846153744,-0.026558891454965372,0.005966587112171906,-0.09159482758620685,0.0,0.017153569725798627,41.95,42.2,43.1925,43.345238095238095,86644.8,118266.45,0.6509961193559065,0.7326236646149374,46.5,41.6,46.5,41.6,0.11625148279676745,43.1925,41.95,0.029478054566323176,0.0,23.01519107011241,27.99024620057343,0,-1.0109295086472443,-0.9966994549260948,-0.014230053721149494,0,0.0,9.0,17.0,3.0,29.0,0.0,29.0,SKIP,❌ 排除,條件不足,量能正常｜結構收斂
2026-09-30,5306,88.8,49644,88.8,88.8,88.8,0.0022573363431150906,-0.006711409395973256,-0.0022471910112359383,-0.05128205128205121,0.0,0.013853063879027287,88.83999999999999,89.03,90.725,90.86190476190475,46986.0,93837.6,0.5290416634696483,0.5007161308473309,94.5,88.1,94.5,88.1,0.07207207207126051,90.725,88.83999999999999,0.021227477477238486,0.0,35.045598576393495,28.826314479737434,0,-1.237953939729124,-1.1138745459754569,-0.12407939375366706,0,0.0,9.0,17.0,3.0,29.0,0.0,29.0,SKIP,❌ 排除,條件不足,量能正常｜結構收斂
2026-09-30,5519,25.3,178645,25.3,25.3,25.3,0.01200000000000001,-0.025048169556839972,0.0,-0.08664259927797824,0.0,0.014330274092982646,25.330000000000002,25.455000000000002,26.1,26.176190476190477,257610.0,315160.2,0.5668387061564227,0.8173938206664394,27.7,25.0,27.7,25.0,0.10671936758471462,26.1,25.330000000000002,0.030434782607492678,0.0,18.476050210547257,22.431995879527175,0,-0.5709881389017575,-0.5243750798525365,-0.04661305904922097,0,0.0,9.0,17.0,3.0,29.0,0.0,29.0,SKIP,❌ 排除,條件不足,量能正常｜結構收斂
2026-09-30,6192,109.5,85425,109.5,109.5,109.5,0.0,-0.009049773755656076,-0.004545454545454519,-0.06008583690987124,0.0,0.00973573731946463,110.2,110.25,112.325,112.52380952380952,70023.8,113347.4,0.7536564579337439,0.6177803813761885,117.5,109.5,117.5,109.5,0.0730593607299264,112.325,110.2,0.0194063926938867,0.0,18.666120123329446,25.485853329794086,0,-1.5977335273797877,-1.4663097569752608,-0.1314237704045269,0,0.0,9.0,17.0,3.0,29.0,0.0,29.0,SKIP,❌ 排除,條件不足,量能正常｜結構收斂
2026-09-30,6794,71.8,19022,71.8,71.8,71.8,0.0,-0.0490066225165563,-0.06143790849673203,-0.07830551989730439,0.0,0.01366796870837041,73.14,74.43,75.05999999999999,75.1952380952381,30045.4,20463.45,0.9295597760885418,1.4682470453417449,77.0,71.8,77.9,71.8,0.07242339832768216,75.05999999999999,73.14,0.0267409470748363,0.0,7.948486686625763,18.89093891555032,0,-1.1305383541238,-0.7458333748808346,-0.38470497924296554,0,0.0,12.0,17.0,0.0,29.0,0.0,29.0,SKIP,❌ 排除,條件不足,量能正常｜結構收斂
2026-09-30,6919,79.0,5214982,79.0,79.0,79.0,-0.0062893081761006275,-0.04933814681107096,-0.003783102143757877,-0.16666666666666663,0.0,0.028716676611905505,80.36,81.50999999999999,82.94500000000001,83.50952380952381,5175720.4,7039366.65,0.7408311371307814,0.7352537035416389,91.2,79.0,94.8,79.0,0.15443037974488066,82.94500000000001,80.36,0.032721518986927677,0.0,14.364998603020059,27.061456791779293,0,-3.0177115696232306,-2.9839313330833406,-0.03378023653989004,0,0.0,9.0,17.0,3.0,29.0,0.0,29.0,SKIP,❌ 排除,條件不足,量能正常｜結構收斂
2026-09-30,8271,202.0,700298,202.0,202.0,202.0,0.012531328320801949,-0.009803921568627416,0.0,-0.11208791208791213,0.0,0.019966077029064756,200.7,202.65,209.5,210.35714285714286,881559.2,1525437.1,0.45908022035126816,0.5779059654442648,226.0,199.5,227.5,199.5,0.13118811881123174,209.5,200.7,0.043564356435427956,0.0,13.771742415611115,13.985571613712697,0,-6.2930551474264576,-5.894178577208205,-0.3988765702182526,0,0.0,9.0,17.0,3.0,29.0,0.0,29.0,SKIP,❌ 排除,條件不足,量能正常｜結構收斂
2026-09-30,1110,14.65,229386,14.65,14.65,14.65,0.020905923344947785,-0.04870129870129869,-0.05787781350482313,-0.08150470219435735,0.0,0.012666821400191835,14.74,15.094999999999999,15.545000000000002,15.564285714285715,554996.6,309186.6,0.7419014924967617,1.7950215177501168,16.3,14.35,16.3,14.35,0.13310580203869593,15.545000000000002,14.74,0.054948805457000184,0.0,9.827508588204013,6.6511855700055005,1,-0.3376491318507835,-0.21145274467021755,-0.12619638718056594,0,0.0,4.0,17.0,7.0,28.0,0.0,28.0,SKIP,❌ 排除,條件不足,結構收斂｜指標初轉強
2026-09-30,7769,5505.0,926671,5505.0,5505.0,5505.0,-0.0143240823634736,-0.08250000000000002,-0.126883425852498,-0.060580204778156954,0.0,0.04285085144046366,5778.0,5982.5,6130.0,6117.142857142857,1032031.6,1068620.3,0.8671658211995403,0.9657608039076172,6970.0,5505.0,6970.0,5505.0,0.2661217075385529,6130.0,5778.0,0.06394187102632808,0.0,4.841940989006646,12.825415172941305,0,-71.82403919148601,29.636274782094986,-101.460313973581,0,0.0,17.0,11.0,0.0,28.0,0.0,28.0,SKIP,❌ 排除,條件不足,量能回溫｜結構尚可
2026-09-30,6831,471.5,1088907,471.5,471.5,471.5,-0.04166666666666663,-0.08089668615984402,-0.1284658040665434,-0.23705501618122982,0.0,0.029892770799824636,497.6,509.9,543.5,547.047619047619,817776.8,852361.5,1.277517813744519,0.959424844974813,609.0,471.5,618.0,471.5,0.29162248144158726,543.5,497.6,0.09734888653213707,0.0,2.362334369923792,5.853807933183203,0,-30.268872693682624,-24.906851613376652,-5.362021080305972,0,0.0,25.0,3.0,0.0,28.0,0.0,28.0,SKIP,❌ 排除,條件不足,量能回溫
2026-09-30,2236,109.5,233695,109.5,109.5,109.5,0.02336448598130847,0.004587155963302836,-0.08750000000000002,-0.09876543209876543,0.0,0.02932411974519545,109.5,112.2,117.0,117.21428571428571,584060.4,453028.0,0.5158511173702276,1.2892368683613347,127.0,107.0,127.0,107.0,0.18264840182481598,117.0,109.5,0.06849315068430599,0.0,12.91806543093325,13.234498678774067,0,-3.3740902975610396,-2.212875054017106,-1.1612152435439338,0,6.0,4.0,17.0,0.0,27.0,0.0,27.0,SKIP,❌ 排除,條件不足,結構收斂
2026-09-30,3450,523.0,5074962,523.0,523.0,523.0,-0.003809523809523818,-0.04036697247706422,0.027504911591355707,-0.19040247678018574,0.0,0.04242306509276979,521.4,524.85,539.275,544.3571428571429,6336732.0,7028179.65,0.7220876888085807,0.9016178179224543,625.0,492.5,646.0,492.5,0.2533460803054429,539.275,521.4,0.034177820267621076,0.0,47.910130178283154,51.82298584543372,0,-25.252695588741176,-27.616330124378234,2.3636345356370576,0,0.0,9.0,15.0,3.0,27.0,0.0,27.0,SKIP,❌ 排除,條件不足,量能正常｜結構收斂
2026-09-30,1617,24.05,6232917,24.05,24.05,24.05,0.09817351598173518,0.23969072164948457,0.36260623229461775,0.34733893557422957,0.0,0.04210388698682372,21.130000000000003,19.759999999999998,18.9725,18.91904761904762,2475472.2,1112261.3,5.603824389107123,2.2256210838226576,24.05,17.5,24.05,17.5,0.2723492723379481,21.130000000000003,18.9725,0.08970893970520971,0.0,95.77844563711609,87.44541514946334,0,0.9609408889981523,0.41975377210008524,0.5411871168980671,0,28.0,4.0,8.0,6.0,46.0,20.0,26.0,SKIP,❌ 排除,條件不足,趨勢轉強｜結構尚可｜指標初轉強｜風險扣分20
2026-09-30,8201,16.05,1763068,16.05,16.05,16.05,0.09931506849315075,0.33750000000000013,0.3487394957983194,0.3487394957983194,0.0,0.038987106703200276,13.669999999999998,12.74,12.2575,12.24047619047619,624950.0,178110.2,9.898748078436777,3.508782764827598,16.05,11.55,16.05,11.55,0.28037383175823216,13.669999999999998,12.2575,0.08800623052411162,0.0,93.15936979594827,84.01728913203766,0,0.59567344923299,0.19406288973414615,0.4016105594988439,0,28.0,4.0,8.0,6.0,46.0,20.0,26.0,SKIP,❌ 排除,條件不足,趨勢轉強｜結構尚可｜指標初轉強｜風險扣分20
2026-09-30,2201,29.25,2067671,29.25,29.25,29.25,0.001712328767123239,0.0,-0.03782894736842102,-0.01680672268907568,0.0,0.019310771020300238,29.24,29.514999999999997,30.172500000000003,30.152380952380955,1989587.0,5025541.2,0.41143250402563597,0.39589507295254084,31.95,29.2,31.95,29.2,0.09401709401387975,30.172500000000003,29.24,0.03188034187925211,0.0,3.3771005187299465,7.13476138669254,0,-0.24288543361152293,-0.11086791795982612,-0.1320175156516968,0,5.0,4.0,17.0,0.0,26.0,0.0,26.0,SKIP,❌ 排除,條件不足,結構收斂
2026-09-30,2911,6.08,111425,6.08,6.08,6.08,0.008291873963515828,-0.01935483870967747,-0.031847133757961776,-0.05590062111801242,0.0,0.009892749835257196,6.108,6.212000000000001,6.297,6.303809523809524,101209.4,80529.65,1.3836518599049992,1.256796720214216,6.43,6.03,6.44,6.03,0.0657894736733898,6.297,6.108,0.03108552631067673,0.0,8.342634414435755,13.629325261051024,0,-0.08627334387443852,-0.05523157590839871,-0.031041767966039815,0,0.0,20.0,21.0,0.0,41.0,15.0,26.0,SKIP,❌ 排除,條件不足,量能回溫｜結構收斂｜風險扣分15
2026-09-30,1436,35.7,121863,35.7,35.7,35.7,0.005633802816901401,-0.0454545454545453,-0.020576131687242816,-0.07152145643693109,0.0,0.016997259509973987,36.17,36.59,37.082499999999996,37.147619047619045,144706.2,154561.1,0.788445475608023,0.9362394548175387,38.7,35.5,38.7,35.5,0.08963585433922597,37.082499999999996,36.17,0.02556022408891972,0.0,12.336827500355245,20.582923288338087,0,-0.5553049258494198,-0.43406975205475906,-0.12123517379466076,0,0.0,9.0,17.0,0.0,26.0,0.0,26.0,SKIP,❌ 排除,條件不足,量能正常｜結構收斂
2026-09-30,1808,31.65,690982,31.65,31.65,31.65,0.0015822784810126667,-0.11838440111420612,-0.046686746987951944,-0.07184750733137835,0.0,0.028727139951191916,32.410000000000004,33.464999999999996,34.084999999999994,34.08571428571428,1798905.0,2089213.9,0.33073779568477873,0.861043955336502,35.9,31.6,35.9,31.6,0.1358609794585825,34.084999999999994,32.410000000000004,0.05292259083561035,0.0,14.02206394659077,28.855019546452972,0,-0.5231613615136723,-0.17328989323069532,-0.349871468282977,0,0.0,9.0,17.0,0.0,26.0,0.0,26.0,SKIP,❌ 排除,條件不足,量能正常｜結構收斂
2026-09-30,2102,16.55,224249,16.55,16.55,16.55,0.015337423312883347,-0.029325513196480912,-0.07541899441340771,-0.10540540540540533,0.0,0.014137797384518142,16.5,17.055,17.557499999999997,17.60238095238095,683631.8,755204.35,0.2969381730918257,0.9052275718485985,18.5,16.3,18.5,16.3,0.13293051358713406,17.557499999999997,16.5,0.06389728096290635,0.0,7.431717232464945,9.660544509428979,0,-0.49614905719423064,-0.35656476637412676,-0.13958429082010387,0,0.0,9.0,17.0,0.0,26.0,0.0,26.0,SKIP,❌ 排除,條件不足,量能正常｜結構收斂
2026-09-30,2356,59.5,11590267,59.5,59.5,59.5,0.0050675675675675436,-0.03721682847896435,-0.03565640194489472,-0.1079460269865068,0.0,0.01638705981574108,60.160000000000004,60.8,62.71999999999999,62.909523809523805,10865418.6,14929279.4,0.7763447042192806,0.7277925684745372,67.5,59.2,67.5,59.2,0.13949579831698322,62.71999999999999,60.160000000000004,0.043025210083310304,0.0,12.530699596510964,17.298532547359507,0,-1.6542557023456794,-1.4003296934124518,-0.2539260089332276,0,0.0,9.0,17.0,0.0,26.0,0.0,26.0,SKIP,❌ 排除,條件不足,量能正常｜結構收斂
2026-09-30,2606,73.6,2063214,73.6,73.6,73.6,0.0027247956403269047,-0.04786545924967667,-0.03412073490813661,-0.03285151116951379,0.0,0.018321192113211645,75.41999999999999,75.94000000000001,76.655,76.62857142857143,2798382.2,4525999.35,0.4558582183623159,0.6182904555653548,79.7,73.4,79.7,73.4,0.08559782608579347,76.655,75.41999999999999,0.016779891304120026,0.0,29.965077577408223,43.94135426630277,0,-0.38833893099136674,-0.005857525931819943,-0.3824814050595468,0,0.0,9.0,17.0,0.0,26.0,0.0,26.0,SKIP,❌ 排除,條件不足,量能正常｜結構收斂
2026-09-30,6969,31.35,99500,31.35,31.35,31.35,-0.009478672985781866,-0.045662100456621,-0.039816232771822224,-0.09393063583815031,0.0,0.03194008381226896,31.540000000000003,32.035000000000004,33.11,33.18095238095238,162207.0,172528.95,0.5767148064136449,0.94017264928581,36.95,30.65,36.95,30.65,0.20095693779263307,33.11,31.540000000000003,0.05007974481498938,0.0,21.248299849979972,16.521792661439868,0,-0.7938296447387287,-0.5983476309690914,-0.19548201376963736,0,0.0,9.0,17.0,0.0,26.0,0.0,26.0,SKIP,❌ 排除,條件不足,量能正常｜結構收斂
2026-09-30,7722,259.0,32803,259.0,259.0,259.0,0.003875968992248069,-0.011450381679389277,-0.024482109227871973,-0.09122807017543855,0.0,0.011725125358606939,259.9,261.55,267.275,268.1190476190476,42556.4,53443.85,0.6137843736931263,0.7962824534534696,280.5,258.0,285.0,258.0,0.08687258687225147,267.275,259.9,0.028474903474793534,0.0,8.718073399052026,9.293395895221673,0,-5.871638894950479,-5.473485274283474,-0.39815362066700466,0,0.0,9.0,17.0,0.0,26.0,0.0,26.0,SKIP,❌ 排除,條件不足,量能正常｜結構收斂
2026-09-30,8462,158.5,28747,158.5,158.5,158.5,0.009554140127388644,-0.018575851393188847,-0.021604938271604923,-0.05654761904761907,0.0,0.013493439441080736,158.3,159.55,162.45,162.71428571428572,54481.2,64912.4,0.4428583752873035,0.8393034304693581,171.5,157.0,171.5,157.0,0.09148264984169412,162.45,158.3,0.026182965299519207,0.0,15.771751488655003,15.813931881015936,0,-2.4036475844660004,-2.0270125121151508,-0.3766350723508496,0,0.0,9.0,17.0,0.0,26.0,0.0,26.0,SKIP,❌ 排除,條件不足,量能正常｜結構收斂
2026-09-30,5907,4.81,116501,4.81,4.81,4.81,0.0041753653444676075,-0.008247422680412342,0.010504201680672232,-0.028282828282828354,0.0,0.010797699320879648,4.82,4.842,4.8605,4.864761904761904,281679.0,364561.4,0.3195648250198723,0.7726517398715257,4.96,4.76,4.96,4.76,0.04158004157139712,4.8605,4.82,0.008419958418207859,0.0,24.975344710312257,36.32438734130509,0,-0.030130568022626036,-0.02670707290185554,-0.0034234951207704964,0,7.0,9.0,21.0,3.0,40.0,15.0,25.0,SKIP,❌ 排除,條件不足,量能正常｜結構收斂｜風險扣分15
2026-09-30,1215,105.0,440336,105.0,105.0,105.0,-0.004739336492891044,-0.023255813953488413,-0.023255813953488413,-0.023255813953488413,0.0,0.012680495672541295,105.3,106.2,108.025,108.0,894673.4,707328.95,0.6225335468030814,1.2648618439836214,111.0,105.0,111.0,105.0,0.057142857142312924,108.025,105.3,0.02595238095213387,0.0,10.422671596038777,19.282234677999888,0,-0.75625897262438,-0.33634668672878487,-0.41991228589559515,0,0.0,4.0,21.0,0.0,25.0,0.0,25.0,SKIP,❌ 排除,條件不足,結構收斂
2026-09-30,2465,91.2,1236989,91.2,91.2,91.2,-0.007616974972796564,-0.008695652173912993,0.02934537246049662,-0.029787234042553123,0.0,0.03788890485391233,90.46000000000001,90.5,93.35,93.38095238095238,1084549.2,3181443.4,0.38881376924700267,0.340898473944248,105.0,88.6,105.0,88.6,0.17982456140153705,93.35,90.46000000000001,0.031688596490880454,0.0,57.6781511989492,42.71832112297946,0,-1.1783543017875076,-1.0373574090322908,-0.14099689275521676,0,0.0,4.0,17.0,3.0,24.0,0.0,24.0,SKIP,❌ 排除,條件不足,結構收斂
2026-09-30,3090,161.0,1199853,161.0,161.0,161.0,0.0,-0.021276595744680882,-0.015290519877675823,-0.07999999999999996,0.0,0.030218567460601527,163.3,162.85,165.575,166.02380952380952,1825638.8,4278252.55,0.28045399049665726,0.42672534607616835,176.5,159.0,176.5,159.0,0.10869565217323793,165.575,162.85,0.016925465838404156,0.0,46.2446744311106,51.542460438845424,0,-2.7419804066563245,-2.666182554465898,-0.07579785219042634,0,0.0,4.0,17.0,3.0,24.0,0.0,24.0,SKIP,❌ 排除,條件不足,結構收斂
2026-09-30,4737,55.4,46490,55.4,55.4,55.4,-0.003597122302158362,-0.08429752066115703,0.025925925925925908,-0.03819444444444453,0.0,0.02665462842807121,56.959999999999994,58.21,58.0,57.980952380952374,40951.4,99232.35,0.46849641271218034,0.4126819530122947,60.5,54.0,60.5,54.0,0.11732851985347784,58.21,56.959999999999994,0.02256317689489971,0.0,28.641085822980145,52.61370177519636,0,-0.24494603316863817,0.12073581425904656,-0.3656818474276847,0,0.0,4.0,17.0,3.0,24.0,0.0,24.0,SKIP,❌ 排除,條件不足,結構收斂
2026-09-30,3008,5945.0,1670350,5945.0,5945.0,5945.0,-0.012458471760797396,-0.07109374999999996,-0.008340283569641338,-0.22287581699346404,0.0,0.04609104848272405,6161.0,6193.5,6564.0,6615.714285714285,1759858.0,2128662.95,0.7846944486913718,0.8267433789835066,7810.0,5945.0,7810.0,5945.0,0.3137089991589043,6564.0,6161.0,0.06778805719090533,0.0,19.12247482770456,27.91683625897165,0,-356.74340410757395,-337.00897848450415,-19.734425623069797,0,0.0,9.0,11.0,3.0,23.0,0.0,23.0,SKIP,❌ 排除,條件不足,量能正常｜結構尚可
2026-09-30,6451,420.5,1219243,420.5,420.5,420.5,0.009603841536614643,-0.031105990783410142,0.007185628742514938,-0.07785087719298245,0.0,0.04323614843170332,418.0,420.15,430.9,432.0952380952381,1296339.0,3768382.7,0.3235454297144501,0.3440040736839174,500.0,394.0,500.0,394.0,0.25208085612306286,430.9,418.0,0.030677764565919856,0.0,41.05405389415082,46.256531772279224,0,-8.870144279646468,-8.688927483109863,-0.18121679653660472,0,0.0,4.0,15.0,3.0,22.0,0.0,22.0,SKIP,❌ 排除,條件不足,結構收斂
2026-09-30,6272,25.6,123853,25.6,25.6,25.6,0.007874015748031704,-0.026615969581749055,-0.051851851851851816,-0.021032504780114647,0.0,0.037281538668209206,25.5,26.189999999999998,27.255000000000003,27.202380952380953,197692.2,567775.6,0.2181372359079886,0.348187206354059,29.8,25.15,29.8,25.15,0.18164062499290473,27.255000000000003,25.5,0.06855468749732217,0.0,7.272752521999334,9.992147135246448,0,-0.3645063862643845,-0.05196378434879444,-0.31254260191559,0,0.0,4.0,17.0,0.0,21.0,0.0,21.0,SKIP,❌ 排除,條件不足,結構收斂
2026-09-30,6442,1490.0,1329824,1490.0,1490.0,1490.0,-0.00666666666666671,-0.022950819672131195,-0.06289308176100628,-0.08588957055214719,0.0,0.040477273708361655,1509.0,1524.0,1617.5,1618.095238095238,1128326.8,2533838.95,0.524825778686526,0.4453032818048675,1800.0,1490.0,1800.0,1490.0,0.20805369127502815,1617.5,1509.0,0.07281879194625986,0.0,5.790752790971788,9.881291051841528,0,-41.64466675571066,-27.01459411800353,-14.63007263770713,0,0.0,4.0,17.0,0.0,21.0,0.0,21.0,SKIP,❌ 排除,條件不足,結構收斂
2026-09-30,7750,1915.0,128342,1915.0,1915.0,1915.0,-0.022959183673469385,-0.022959183673469385,-0.022959183673469385,-0.15638766519823788,0.0,0.037320916910584555,1948.0,1933.5,2086.25,2095.0,123058.4,210703.85,0.6091108444387675,0.5840348906771253,2415.0,1890.0,2415.0,1890.0,0.2741514360311884,2086.25,1933.5,0.07976501305478864,0.0,51.529484120429885,44.786416015525695,0,-88.71042831715931,-80.69367639365794,-8.016751923501374,0,0.0,9.0,11.0,0.0,20.0,0.0,20.0,SKIP,❌ 排除,條件不足,量能正常｜結構尚可
2026-09-30,6994,26.5,626298,26.5,26.5,26.5,-0.003759398496240629,-0.06194690265486724,-0.0535714285714286,-0.24929178470254953,0.0,0.033335519178020814,26.9,27.04,30.382500000000004,30.616666666666667,354830.4,710578.05,0.8813922692939911,0.49935457477190504,36.1,26.1,36.1,26.1,0.37735849055179777,30.382500000000004,26.9,0.13141509433466378,0.0,16.87980811003265,19.690507984878522,0,-2.207264287459239,-1.9668335241246595,-0.24043076333457947,0,0.0,17.0,3.0,0.0,20.0,0.0,20.0,SKIP,❌ 排除,條件不足,量能回溫
2026-09-30,2702,12.25,351887,12.25,12.25,12.25,-0.031620553359683834,-0.050387596899224785,-0.039215686274509776,-0.039215686274509776,0.0,0.008800717724210608,12.69,12.72,12.7125,12.714285714285714,89366.4,46719.75,7.53186821419191,1.9128184547219984,12.9,12.25,12.9,12.25,0.053061224485464416,12.72,12.69,0.002448979591636911,0.0,33.88191711540626,53.00607187835933,0,-0.02849768822176557,0.0017801552735331643,-0.030277843495298735,0,0.0,4.0,21.0,0.0,25.0,8.0,17.0,SKIP,❌ 排除,條件不足,結構收斂｜風險扣分8
2026-09-30,2542,38.65,12284297,38.65,38.65,38.65,0.0012953367875647714,-0.16792249730893438,-0.15426695842450777,-0.17148981779206862,0.0,0.03323129016257172,40.35,43.4,45.4825,45.53809523809524,21140356.2,13054294.0,0.941015806752935,1.6194178099558656,48.65,38.6,48.65,38.6,0.2600258732144883,45.4825,40.35,0.13279430788789667,0.0,6.715761773176717,16.094062811550696,0,-1.8320486911164693,-0.8521450783356155,-0.9799036127808538,0,0.0,12.0,3.0,0.0,15.0,0.0,15.0,SKIP,❌ 排除,條件不足,量能正常
2026-09-30,9934,9.87,418919,9.87,9.87,9.87,0.0020304568527917954,-0.0010121457489880026,0.0020304568527917954,-0.10678733031674226,0.0,0.012951159846495081,9.844,9.831,10.2395,10.278095238095238,368782.0,749681.75,0.5587957823436404,0.4919180705679436,11.1,9.75,11.1,9.75,0.13677811548766178,10.2395,9.831,0.041388044575340635,0.0,64.6836393699117,43.535585954204485,0,-0.2991223561377261,-0.29385745965052623,-0.005264896487199855,0,0.0,9.0,17.0,3.0,29.0,15.0,14.0,SKIP,❌ 排除,條件不足,量能正常｜結構收斂｜風險扣分15
2026-09-30,6965,63.7,245983,63.7,63.7,63.7,-0.016975308641975273,-0.09129814550641924,-0.07142857142857129,-0.1380243572395129,0.0,0.014950708141024538,66.67999999999999,68.31,70.535,70.6952380952381,82761.8,45079.2,5.456685123072162,1.835919892100973,74.9,63.7,74.9,63.7,0.17582417582141568,70.535,66.67999999999999,0.06051805337424625,0.0,5.1315489914332675,11.900743384446683,0,-2.008116514247206,-1.3318749094570557,-0.6762416047901503,0,0.0,4.0,17.0,0.0,21.0,8.0,13.0,SKIP,❌ 排除,條件不足,結構收斂｜風險扣分8
2026-09-30,3406,890.0,3631717,890.0,890.0,890.0,0.009070294784580435,-0.06512605042016806,-0.06708595387840666,-0.11442786069651745,0.0,0.05130693000387567,900.2,931.0,980.1,981.2857142857143,3636466.6,5663154.05,0.6412887532169462,0.6421274378012019,1110.0,882.0,1110.0,882.0,0.25617977528061103,980.1,900.2,0.08977528089877551,0.0,6.060893849232661,11.708307310293476,0,-30.611725263720814,-17.853613360474487,-12.758111903246327,0,0.0,9.0,3.0,0.0,12.0,0.0,12.0,SKIP,❌ 排除,條件不足,量能正常
2026-09-30,5531,6.92,533591,6.92,6.92,6.92,0.010218978102189746,-0.004316546762589968,-0.02259887005649719,-0.04683195592286504,0.0,0.017321829074715994,6.970000000000001,7.0120000000000005,7.128,7.134285714285714,574997.8,1109545.1,0.4809096989387809,0.5182284163122342,7.47,6.85,7.47,6.85,0.08959537570959605,7.128,6.970000000000001,0.02283236993889698,0.0,17.976356606878642,22.302650750423176,0,-0.08569064795648451,-0.061400286251268636,-0.024290361705215875,0,0.0,9.0,17.0,0.0,26.0,15.0,11.0,SKIP,❌ 排除,條件不足,量能正常｜結構收斂｜風險扣分15
2026-09-30,2442,14.4,527504,14.4,14.4,14.4,0.0034843205574912606,-0.020408163265306034,-0.013698630136986245,-0.2538860103626943,0.0,0.0417750635057966,14.430000000000001,14.434999999999999,15.915000000000001,16.076190476190476,625494.0,1559199.3,0.33831723757187404,0.40116359723865935,19.45,14.15,19.45,14.15,0.3680555555299961,15.915000000000001,14.430000000000001,0.1031249999928385,0.0,35.413838712807575,28.266908244726878,0,-1.187819788078965,-1.1667498728668624,-0.021069915212102552,0,0.0,4.0,3.0,3.0,10.0,0.0,10.0,SKIP,❌ 排除,條件不足,條件不足
2026-09-30,4943,6.91,8611,6.91,6.91,6.91,-0.01002865329512903,-0.026760563380281654,-0.05986394557823127,-0.13408521303258147,0.0,0.037847162741916504,6.978,7.144,7.273000000000001,7.306666666666667,23686.2,50106.6,0.17185360810751135,0.472716169127411,8.37,6.61,8.37,6.61,0.2547033284725464,7.273000000000001,6.978,0.042691751079205364,0.0,4.949316656480152,14.507038619663255,0,-0.2205214738708916,-0.19980775032907408,-0.020713723541817525,0,0.0,9.0,15.0,0.0,24.0,15.0,9.0,SKIP,❌ 排除,條件不足,量能正常｜結構收斂｜風險扣分15
2026-09-30,7740,104.5,143471,104.5,104.5,104.5,0.02450980392156854,-0.13278008298755184,-0.157258064516129,-0.193050193050193,0.0,0.029108365839397864,109.5,115.95,122.925,123.23809523809524,313872.2,179904.0,0.7974864372109526,1.744664932408386,133.0,102.0,133.0,102.0,0.2966507177005105,122.925,109.5,0.1284688995203017,0.0,5.166977946574264,6.17767190698524,0,-5.758659847148536,-3.2817660538914666,-2.4768937932570694,0,0.0,4.0,3.0,0.0,7.0,0.0,7.0,SKIP,❌ 排除,條件不足,條件不足
2026-09-30,6669,2090.0,1887580,2090.0,2090.0,2090.0,-0.004761904761904745,-0.027906976744186074,-0.07929515418502198,-0.7054263565891472,0.0,0.1515599814202829,2105.0,2143.0,2548.0,2764.5238095238096,3249965.6,4381362.65,0.4308203065546285,0.7417705083143481,7800.0,2090.0,7800.0,2090.0,2.7320574162666356,2548.0,2105.0,0.21196172248793685,0.0,1.2246761761582865,1.9575196105876131,0,-983.0581382358396,-1099.4001878006288,116.34204956478925,0,0.0,9.0,0.0,0.0,9.0,5.0,4.0,SKIP,❌ 排除,條件不足,量能正常｜風險扣分5
2026-09-30,9136,9.14,177001,9.14,9.14,9.14,0.0010952902519167917,-0.05967078189300412,-0.026624068157614533,-0.19115044247787616,0.0,0.02248715579483426,9.186000000000002,9.411,9.955499999999999,10.01952380952381,297129.0,255696.95,0.6922296100911618,1.162035761474663,11.2,9.13,11.3,9.13,0.22647702404524303,9.955499999999999,9.186000000000002,0.08419037198203574,0.0,3.4729547169317057,6.99450500895487,0,-0.5059982698695418,-0.45567904404920884,-0.050319225820332936,0,0.0,9.0,9.0,0.0,18.0,15.0,3.0,SKIP,❌ 排除,條件不足,量能正常｜結構尚可｜風險扣分15
