final_action,signal_date,trade_date,stock_id,stock_name,source,bucket,strategy_type,score,entry_type,execution_flag,allowed,close,suggested_amount,target_weight,priority,reason,system_note,opportunity_score,opportunity_rank,top_opportunity,liquidity_level,liquidity_tag,liquidity_score,volume,turnover,chip_score,chip_label,chip_display,chip_reason,chip_hint,chip_valid_count,chip_missing,chip_confidence,section_opportunity_rank,section_top_opportunity,stock_name_chip_src,foreign_net_buy,trust_net_buy,dealer_net_buy,inst_net_buy,inst_buy_days,inst_valid,margin_balance,short_balance,margin_balance_change,short_balance_change,margin_valid,chip_market,behavior_hint,behavior_confidence,behavior_action_hint,updated_at,refresh_mode,date,name,market,open,high,low,ret1,mom3,mom5,mom10,mom20,mom60,ma5,ma10,ma20,ma60,vol20,vol_ma5,vol_ma20,volume_ratio,vol_dry_ratio,high_20,low_20,high_60,low_60,range_20,ma_max,ma_min,ma_converge_pct,ma20_slope,kd_k,kd_d,kd_cross,macd_diff,macd_signal,macd_hist,macd_cross,obv_proxy,obv_mom5,obv_up_count_3,low_non_down_count_3,obv_up_count_5,low_non_down_count_5,obv_up_count_10,low_non_down_count_10,history_count,has_60d_history,strategy_name,entry_score,action,action_label,action_sub,note,engine,market_regime,price_tier,ref_price,suggested_shares,estimated_total_cost,position_action,position_reason,position_hint,take_profit_hint,risk_flag,avg_price,shares,lots,ma5_status,ma20_status,pnl_pct,price_source,chip_source,position_source,ma10_status,ma5_label,ma10_label,ma20_label,kbar_type,k_structure,kline_structure,tech_reason,kbar_reason,tech_decision_hint,structure_pre_score,structure_pre_grade,structure_pre_type,structure_pre_reason,structure_pre_hint,structure_pre_patch_version,continuation_quality_score,continuation_quality_grade,continuation_quality_type,continuation_quality_reason,continuation_quality_hint,continuation_quality_patch_version,ignition_power_score,ignition_power_grade,ignition_power_type,ignition_power_reason,ignition_power_hint,ignition_power_patch_version,strategy_bucket_v26657_9,structure_weight_v26657_9,continuation_weight_v26657_9,ignition_power_weight_v26657_9,adjusted_signal_score_v26657_9,structure_rank_v26657_9,adjusted_signal_note_v26657_9,chip_signal,chip_adjusted_score_v26658,chip_patch_version,chip_updated_at,evolution_state,ignition_state,evolution_reason,state_today_v26660,state_rank_today_v26660,state_transition_score_v26660,state_transition_label_v26660,state_transition_reason_v26660,ignition_upgrade_flag_v26660,state_patch_version,state_adjusted_score_v26660,absorption_score_v26661,upgrade_persistence_score_v26661,pre_ignition_score_v26661,overheated_penalty_v26661,ts_leader_score_v26661,ts_leader_rank_v26661,ts_leader_reason_v26661,ts_leader_grade_v26661,ts_leader_patch_version,ts_leader_updated_at,trigger_event_score_v26662,trigger_event_reason_v26662,trigger_event_label_v26662,trigger_action_hint_v26662,trigger_adjusted_score_v26662,trigger_rank_v26662,trigger_patch_version,trigger_updated_at,first_trigger_score_v26663,first_trigger_reason_v26663,first_trigger_label_v26663,first_trigger_rank_v26663,turn_event_score_v26664_1,turn_event_label_v26664_1,turn_event_reason_v26664_1,turn_first_rank_v26664_1
SELL,2026-05-08,2026-05-11,2330,台積電,EXIT,POSITION,POSITION,100.0,SELL,SELL,True,2180.0,2180000.0,,0,觸發停損 -6.44% | 損益 -6.44% | 均價 2330.0 | 張數 1.0,持倉風控：必須優先處理出場｜風險 HIGH｜v266.57.9：結構：平台壓縮後轉強，可優先觀察起漲/試單。｜續強：回檔承接尚可，若原策略入選，可優先觀察延續。｜突破：有轉強跡象，但突破品質尚未完全成立。,0.0,,,HIGH,高流動性,98.42,31730352.0,72662506080000.0,4.0,⚠️ 分散,35（⚠️ 分散）,法人偏多,籌碼普通或資料有限，需搭配技術面確認。,1,部分籌碼資料有限,📉 低信心,,,台積電,-21182649.0,596042.0,743518.0,-19843089.0,0.0,1,0.0,0.0,0.0,0.0,0,TWSE,🔻 結構轉弱（優先控風險）,高,先控風險，不急著攤平；等站回關鍵均線再觀察。,2026-05-09 00:25:55,behavior_interpretation,,,,,,,,,,,,,2238.0,,2110.25,,,,,,,,,,,,,,,,,,,,,,,,,,,,,,,,,,,,,,,,,,,,,🟠 停利觀察,獲利已達 340.38%，但短線或籌碼出現轉弱跡象。,建議分批停利，保留部分部位觀察。,高獲利區出現轉弱，不要把獲利全部吐回去，先收一部分。,TAKE_PROFIT_20_WEAK,520.0,1000.0,1.0,MA5：站上｜↑ 強勢,MA20：站上｜↑ 強勢,340.38,price_panel_daily.csv + feature_panel_daily.csv,chip_source_twse.csv,manual_positions.csv,MA10：依出場風控判斷,MA5：站上｜↑ 強勢,MA10：依出場風控判斷,MA20：站上｜↑ 強勢,跌破型K棒,短線轉弱,短線轉弱,MA5：站上｜↑ 強勢｜MA10：依出場風控判斷｜MA20：站上｜↑ 強勢｜K棒：跌破型K棒｜K線：短線轉弱,K棒型態：跌破型K棒｜K線結構：短線轉弱,依原策略執行，技術欄位用於確認節奏與風險。,12.0,A,起漲結構強,20D站上MA20｜MA20走平翻揚｜MA5站上MA10｜接近20日高｜40D平台收斂｜短中均線糾結｜40D低點守住｜接近/站回MA60｜MA60不再下彎｜站回60D區間中上｜5D動能轉正｜10D動能轉正,平台壓縮後轉強，可優先觀察起漲/試單。,v266.57.9,8.7,A,續強品質強,回檔不破前低｜低點墊高確認｜收盤守MA5｜續強確認：收盤未跌破MA5｜MA5仍在MA10上｜仍站MA20｜10D動能維持,回檔承接尚可，若原策略入選，可優先觀察延續。,v266.57.9,2.0,C,突破觀察,MA5加速上彎｜短均多頭,有轉強跡象，但突破品質尚未完全成立。,v266.57.9,GENERIC,0.55,0.5,0.5,11.95,147.0,最後後處理補寫：原分數+結構前置+續強品質+突破品質；不覆蓋原策略,一般,10.519,v266.58.1,2026-05-09 00:25:47,突破中,否,均線轉強,突破中,4,13,準IGNITION,前狀態:nan→今日:突破中｜狀態跳升｜具備點火條件,READY,v266.60.2,15.069,30.0,32.0,10.0,0.0,26.239,59.0,20/40/60結構佳｜續強品質佳｜主力佈局語意｜狀態升級強｜具升級旗標｜升級標籤｜距MA20合理,高優先準點火,v266.61,2026-05-09 00:25:50,32.0,站上MA20且結構成形｜洗盤不破承接｜狀態升級觸發｜狀態轉移轉強,強點火事件,可列入優先追蹤，觀察隔日不破MA5/MA10。,20.148,85,v266.62,2026-05-09 00:25:51,24.0,第一次站上MA20｜trigger事件成立｜狀態剛升級,EARLY_BREAK,4,49,WATCH_TURN,MA20剛站回｜狀態剛升級｜trigger合理｜first trigger合理｜平台收斂｜過熱扣分,13
SELL,2026-05-08,2026-05-11,2409,友達,EXIT,POSITION,POSITION,100.0,SELL,SELL,True,17.3,51900.0,,0,觸發停損 -8.95% | 跌破 MA20 | 5日動能轉弱 | 損益 -8.95% | 均價 19.0 | 張數 3.0,持倉風控：必須優先處理出場｜風險 MEDIUM｜v266.57.9：結構：平台壓縮後轉強，可優先觀察起漲/試單。｜續強：回檔承接尚可，若原策略入選，可優先觀察延續。｜突破：尚未形成乾淨突破，不急著升級。,0.0,,,HIGH,高流動性,97.43,206094211.0,3678781666350.001,0.0,❌ 極度分散,15（❌ 極度分散）,,籌碼偏弱且資料有限，避免重倉追高。,1,部分籌碼資料有限,📉 低信心,,,友達,-19189539.0,-12000.0,1399870.0,-17801669.0,0.0,1,0.0,0.0,0.0,0.0,0,TWSE,🔻 結構轉弱（優先控風險）,高,先控風險，不急著攤平；等站回關鍵均線再觀察。,2026-05-09 00:25:55,behavior_interpretation,,,,,,,,,,,,,17.53,,18.31,,,,,,,,,,,,,,,,,,,,,,,,,,,,,,,,,,,,,,,,,,,,,🟡 觀察,跌破 MA20，中線趨勢開始轉弱。,先觀察或減碼，等待重新站回 MA20。,若有獲利可先停利一部分；若虧損需控風險。,BELOW_MA20,19.0,3000.0,3.0,MA5：貼近｜→ 盤整,MA20：跌破｜↓ 轉弱,-6.05,price_panel_daily.csv + feature_panel_daily.csv,chip_source_twse.csv,manual_positions.csv,MA10：依出場風控判斷,MA5：貼近｜→ 盤整,MA10：依出場風控判斷,MA20：跌破｜↓ 轉弱,跌破型K棒,短線轉弱,短線轉弱,MA5：貼近｜→ 盤整｜MA10：依出場風控判斷｜MA20：跌破｜↓ 轉弱｜K棒：跌破型K棒｜K線：短線轉弱,K棒型態：跌破型K棒｜K線結構：短線轉弱,依原策略執行，技術欄位用於確認節奏與風險。,8.3,A,起漲結構強,MA20走平翻揚｜短中均線糾結｜40D低點守住｜接近/站回MA60｜MA60不再下彎｜站回60D區間中上｜近5日量縮｜5D動能轉正,平台壓縮後轉強，可優先觀察起漲/試單。,v266.57.9,5.5,B,續強品質中,回檔不破前低｜低點墊高確認｜收盤守MA5｜續強確認：收盤未跌破MA5,回檔承接尚可，若原策略入選，可優先觀察延續。,v266.57.9,-1.0,D,突破不足,扣分:收盤位置偏弱,尚未形成乾淨突破，不急著升級。,v266.57.9,GENERIC,0.55,0.5,0.5,6.815,457.0,最後後處理補寫：原分數+結構前置+續強品質+突破品質；不覆蓋原策略,一般,5.588,v266.58.1,2026-05-09 00:25:47,觀察,否,,觀察,0,0,持續觀察,前狀態:nan→今日:觀察,NO,v266.60.2,5.588,30.0,0.0,0.0,0.0,14.059,103.0,20/40/60結構佳｜續強品質佳｜主力佈局語意,主力佈局優先,v266.61,2026-05-09 00:25:50,8.0,洗盤不破承接,無事件,等待下一次確認。,6.312,403,v266.62,2026-05-09 00:25:51,0.0,,NONE,92,12,NONE,平台收斂,87
WATCH,2026-05-08,2026-05-11,6020,大展證,ENTRY,PRE,PRE,52.0,WAIT,BLOCK,False,21.35,0.0,0.0,8,安靜吸籌 | 放量吸收 | 接近突破 | 結構尚可,BLOCK：超出本市場狀態可執行名額｜v266.57.9：結構：平台壓縮後轉強，可優先觀察起漲/試單。｜續強：回檔承接尚可，若原策略入選，可優先觀察延續。｜突破：有轉強跡象，但突破品質尚未完全成立。,93.02,,,HIGH,高流動性,53.53,833704.0,17799580400.000004,13.0,🟡 普通,50（🟡 普通）,爆量不跌｜均線結構,籌碼普通或資料有限，需搭配技術面確認。,1,部分籌碼資料有限,📉 低信心,,,大展證,0.0,0.0,0.0,0.0,0.0,1,0.0,0.0,0.0,0.0,0,TPEX,🟡 洗盤吸籌／整理換手（結構未壞）,中高,不急追；等放量突破或站穩 MA10 / MA20 再提高權重。,2026-05-09 00:25:55,behavior_interpretation,2026-05-08,大展證,TPEX,21.0,21.35,20.9,0.0,0.0,0.0,0.1090909090909091,0.0976863322638452,0.1090909090909091,21.35,21.35,20.282500076293942,19.61000016530356,0.0248207026802987,833704.0,427133.5,1.951858142711817,1.951858142711817,21.35,18.799999237060547,21.35,18.799999237060547,0.119437974839345,21.35,20.282500076293942,0.0499999964241712,0.0242393646086231,99.35435694522316,96.97730341402128,0.0,0.5660942726138245,0.4634853669356179,0.1026089056782065,0.0,29876023.0,0.0,0.0,3.0,0.0,5.0,1.0,10.0,2757.0,True,ALPHA Trend Momentum,114.0,BUY,買進,高流動性強勢買進,ALPHA高流動性強勢延續｜成交量/成交金額優先｜突破/趨勢確認｜高流動性,ALPHA,,,,,,,,,,,,,,MA5：貼近｜→ 盤整,MA20：站上｜↑ 強勢,,,,,MA10：貼近｜→ 盤整,MA5：貼近｜→ 盤整,MA10：貼近｜→ 盤整,MA20：站上｜↑ 強勢,突破確認K,整理後轉強,整理後轉強,MA5：貼近｜→ 盤整｜MA10：貼近｜→ 盤整｜MA20：站上｜↑ 強勢｜K棒：突破確認K｜K線：整理後轉強,K棒型態：突破確認K｜K線結構：整理後轉強,依原策略執行，技術欄位用於確認節奏與風險。,12.0,A,起漲結構強,20D站上MA20｜MA20走平翻揚｜MA5站上MA10｜接近20日高｜40D平台收斂｜短中均線糾結｜40D低點守住｜接近/站回MA60｜MA60不再下彎｜站回60D區間中上｜量縮後溫和放量｜10D動能轉正,平台壓縮後轉強，可優先觀察起漲/試單。,v266.57.9,7.5,A,續強品質強,回檔不破前低｜低點墊高確認｜收盤守MA5｜續強確認：收盤未跌破MA5｜MA5仍在MA10上｜仍站MA20｜10D動能維持｜扣分:回檔量放大,回檔承接尚可，若原策略入選，可優先觀察延續。,v266.57.9,3.8,C,突破觀察,收盤接近高點｜突破近5日高｜短均多頭,有轉強跡象，但突破品質尚未完全成立。,v266.57.9,ALPHA,0.35,0.75,0.25,124.775,49.0,最後後處理補寫：原分數+結構前置+續強品質+突破品質；不覆蓋原策略,一般,104.656,v266.58.1,2026-05-09 00:25:47,突破中,否,法人偏多｜量能放大｜均線轉強,突破中,4,13,準IGNITION,前狀態:nan→今日:突破中｜狀態跳升｜具備點火條件,READY,v266.60.2,109.206,42.0,32.0,21.0,0.0,41.163,14.0,20/40/60結構佳｜籌碼偏多｜續強品質佳｜主力佈局語意｜狀態升級強｜具升級旗標｜升級標籤｜距MA20合理｜距MA60合理｜短均轉強,高優先準點火,v266.61,2026-05-09 00:25:50,60.0,站上MA20且結構成形｜溫和放量不跌｜平台壓縮後放量｜洗盤不破承接｜籌碼偏多未過熱｜狀態升級觸發｜狀態轉移轉強,強點火事件,可列入優先追蹤，觀察隔日不破MA5/MA10。,94.444,22,v266.62,2026-05-09 00:25:51,22.0,第一次站上MA20｜第一次溫和放量｜籌碼剛轉強｜狀態剛升級｜已經強很久,EARLY_BREAK,12,72,EARLY_TURN,MA20剛站回｜溫和放量｜籌碼初升｜狀態剛升級｜first trigger合理｜平台收斂｜風險文字,1
TEST,2026-05-08,2026-05-11,6020,大展證,ENTRY,ALPHA,ALPHA,58.0,WAIT,BLOCK,False,21.35,0.0,0.0,3,ALPHA高流動性強勢延續｜成交量/成交金額優先｜突破/趨勢確認｜高流動性,BLOCK：同股已由高優先桶接管｜v266.57.9：結構：平台壓縮後轉強，可優先觀察起漲/試單。｜續強：回檔承接尚可，若原策略入選，可優先觀察延續。｜突破：有轉強跡象，但突破品質尚未完全成立。,104.32,,,HIGH,高流動性,53.53,833704.0,17799580400.000004,13.0,🟡 普通,50（🟡 普通）,爆量不跌｜均線結構,籌碼普通或資料有限，需搭配技術面確認。,1,部分籌碼資料有限,📉 低信心,,,大展證,0.0,0.0,0.0,0.0,0.0,1,0.0,0.0,0.0,0.0,0,TPEX,🚀 主力拉升（趨勢延續）,高,可續抱；若是試單，可觀察是否進入加碼條件。,2026-05-09 00:25:55,behavior_interpretation,2026-05-08,大展證,TPEX,21.0,21.35,20.9,0.0,0.0,0.0,0.1090909090909091,0.0976863322638452,0.1090909090909091,21.35,21.35,20.282500076293942,19.61000016530356,0.0248207026802987,833704.0,427133.5,1.951858142711817,1.951858142711817,21.35,18.799999237060547,21.35,18.799999237060547,0.119437974839345,21.35,20.282500076293942,0.0499999964241712,0.0242393646086231,99.35435694522316,96.97730341402128,0.0,0.5660942726138245,0.4634853669356179,0.1026089056782065,0.0,29876023.0,0.0,0.0,3.0,0.0,5.0,1.0,10.0,2757.0,True,ALPHA Trend Momentum,114.0,BUY,買進,高流動性強勢買進,ALPHA高流動性強勢延續｜成交量/成交金額優先｜突破/趨勢確認｜高流動性,ALPHA,,,,,,,,,,,,,,MA5：貼近｜→ 盤整,MA20：站上｜↑ 強勢,,,,,MA10：貼近｜→ 盤整,MA5：貼近｜→ 盤整,MA10：貼近｜→ 盤整,MA20：站上｜↑ 強勢,突破確認K,整理後轉強,整理後轉強,MA5：貼近｜→ 盤整｜MA10：貼近｜→ 盤整｜MA20：站上｜↑ 強勢｜K棒：突破確認K｜K線：整理後轉強,K棒型態：突破確認K｜K線結構：整理後轉強,依原策略執行，技術欄位用於確認節奏與風險。,12.0,A,起漲結構強,20D站上MA20｜MA20走平翻揚｜MA5站上MA10｜接近20日高｜40D平台收斂｜短中均線糾結｜40D低點守住｜接近/站回MA60｜MA60不再下彎｜站回60D區間中上｜量縮後溫和放量｜10D動能轉正,平台壓縮後轉強，可優先觀察起漲/試單。,v266.57.9,7.5,A,續強品質強,回檔不破前低｜低點墊高確認｜收盤守MA5｜續強確認：收盤未跌破MA5｜MA5仍在MA10上｜仍站MA20｜10D動能維持｜扣分:回檔量放大,回檔承接尚可，若原策略入選，可優先觀察延續。,v266.57.9,3.8,C,突破觀察,收盤接近高點｜突破近5日高｜短均多頭,有轉強跡象，但突破品質尚未完全成立。,v266.57.9,ALPHA,0.35,0.75,0.25,124.775,49.0,最後後處理補寫：原分數+結構前置+續強品質+突破品質；不覆蓋原策略,一般,104.656,v266.58.1,2026-05-09 00:25:47,突破中,否,法人偏多｜量能放大｜均線轉強,突破中,4,13,準IGNITION,前狀態:nan→今日:突破中｜狀態跳升｜具備點火條件,READY,v266.60.2,109.206,42.0,32.0,21.0,0.0,41.343,13.0,20/40/60結構佳｜籌碼偏多｜續強品質佳｜主力佈局語意｜狀態升級強｜具升級旗標｜升級標籤｜距MA20合理｜距MA60合理｜短均轉強,高優先準點火,v266.61,2026-05-09 00:25:50,60.0,站上MA20且結構成形｜溫和放量不跌｜平台壓縮後放量｜洗盤不破承接｜籌碼偏多未過熱｜狀態升級觸發｜狀態轉移轉強,強點火事件,可列入優先追蹤，觀察隔日不破MA5/MA10。,94.444,21,v266.62,2026-05-09 00:25:51,22.0,第一次站上MA20｜第一次溫和放量｜籌碼剛轉強｜狀態剛升級｜已經強很久,EARLY_BREAK,15,72,EARLY_TURN,MA20剛站回｜溫和放量｜籌碼初升｜狀態剛升級｜first trigger合理｜平台收斂｜風險文字,2
TEST,2026-05-08,2026-05-11,6263,普萊德,ENTRY,ALPHA,ALPHA,58.0,WAIT,BLOCK,False,153.0,0.0,0.0,3,ALPHA高流動性強勢延續｜成交量/成交金額優先｜突破/趨勢確認｜高流動性,BLOCK：超出本市場狀態可執行名額｜v266.57.9：結構：平台壓縮後轉強，可優先觀察起漲/試單。｜續強：回檔承接尚可，若原策略入選，可優先觀察延續。｜突破：有轉強跡象，但突破品質尚未完全成立。,107.81,,,HIGH,高流動性,63.85,778193.0,119063529000.0,5.0,🟡 普通,50（🟡 普通）,均線結構,籌碼普通或資料有限，需搭配技術面確認。,1,部分籌碼資料有限,📉 低信心,,,,0.0,0.0,0.0,0.0,0.0,1,0.0,0.0,0.0,0.0,0,TPEX,🚀 主力拉升（趨勢延續）,高,可續抱；若是試單，可觀察是否進入加碼條件。,2026-05-09 00:25:55,behavior_interpretation,2026-05-08,普萊德,TPEX,142.0,153.0,140.0,0.0,0.0,0.0,0.0736842105263158,0.1999999999999999,0.2338709677419355,153.0,153.0,145.375,130.55,0.0270553885454062,778193.0,529338.85,1.4701225878281907,1.4701225878281907,153.0,128.0,153.0,115.5,0.1633986928093895,153.0,145.375,0.0498366013068638,0.0500180570599494,99.53716845341664,98.10944279648686,0.0,6.703813908646907,6.64804798219929,0.0557659264476173,0.0,29215903.0,0.0,0.0,3.0,0.0,5.0,1.0,10.0,2757.0,True,ALPHA Trend Momentum,120.0,BUY,買進,高流動性強勢買進,ALPHA高流動性強勢延續｜成交量/成交金額優先｜突破/趨勢確認｜高流動性,ALPHA,,,,,,,,,,,,,,MA5：貼近｜→ 盤整,MA20：站上｜↑ 強勢,,,,,MA10：貼近｜→ 盤整,MA5：貼近｜→ 盤整,MA10：貼近｜→ 盤整,MA20：站上｜↑ 強勢,突破確認K,整理後轉強,整理後轉強,MA5：貼近｜→ 盤整｜MA10：貼近｜→ 盤整｜MA20：站上｜↑ 強勢｜K棒：突破確認K｜K線：整理後轉強,K棒型態：突破確認K｜K線結構：整理後轉強,依原策略執行，技術欄位用於確認節奏與風險。,11.8,A,起漲結構強,20D站上MA20｜MA20走平翻揚｜MA5站上MA10｜接近20日高｜40D平台收斂｜短中均線糾結｜40D低點守住｜接近/站回MA60｜MA60不再下彎｜站回60D區間中上｜10D動能轉正,平台壓縮後轉強，可優先觀察起漲/試單。,v266.57.9,8.7,A,續強品質強,回檔不破前低｜低點墊高確認｜收盤守MA5｜續強確認：收盤未跌破MA5｜MA5仍在MA10上｜仍站MA20｜10D動能維持,回檔承接尚可，若原策略入選，可優先觀察延續。,v266.57.9,3.8,C,突破觀察,收盤接近高點｜突破近5日高｜短均多頭,有轉強跡象，但突破品質尚未完全成立。,v266.57.9,ALPHA,0.35,0.75,0.25,131.605,14.0,最後後處理補寫：原分數+結構前置+續強品質+突破品質；不覆蓋原策略,一般,108.816,v266.58.1,2026-05-09 00:25:47,突破中,否,均線轉強,突破中,4,13,準IGNITION,前狀態:nan→今日:突破中｜狀態跳升｜具備點火條件,READY,v266.60.2,113.366,30.0,32.0,21.0,0.0,37.559,23.0,20/40/60結構佳｜續強品質佳｜主力佈局語意｜狀態升級強｜具升級旗標｜升級標籤｜距MA20合理｜距MA60合理｜短均轉強,高優先準點火,v266.61,2026-05-09 00:25:50,52.0,站上MA20且結構成形｜溫和放量不跌｜平台壓縮後放量｜洗盤不破承接｜狀態升級觸發｜狀態轉移轉強,強點火事件,可列入優先追蹤，觀察隔日不破MA5/MA10。,94.956,20,v266.62,2026-05-09 00:25:51,14.0,第一次站上MA20｜第一次溫和放量｜狀態剛升級｜已經強很久,WATCH,21,57,EARLY_TURN,MA20剛站回｜溫和放量｜狀態剛升級｜first trigger合理｜平台收斂｜過熱扣分,3
TEST,2026-05-08,2026-05-11,2385,群光,ENTRY,CORE,CORE,80.0,BREAK,TOP,True,134.13,20000.0,0.02,3,ALPHA高流動性強勢延續｜成交量/成交金額優先｜突破/趨勢確認｜高流動性,TOP + timing 合格：允許分批｜v266.57.9：結構：平台壓縮後轉強，可優先觀察起漲/試單。｜續強：回檔承接尚可，若原策略入選，可優先觀察延續。｜突破：TEST有升級IGNITION條件，可優先觀察隔日延續。,134.34,,,HIGH,高流動性,83.82,4902522.0,656937948000.0,9.0,🟢 偏集中,65（🟢 偏集中）,均線結構｜法人偏多,籌碼偏集中但資料有限，可搭配技術面確認，不宜單獨重倉。,1,部分籌碼資料有限,📉 低信心,,,群光,555361.0,-200340.0,33799.0,388820.0,1.0,1,0.0,0.0,0.0,0.0,0,TWSE,🚀 主力拉升（趨勢延續）,高,可續抱；若是試單，可觀察是否進入加碼條件。,2026-05-09 00:25:55,behavior_interpretation,2026-05-08,群光,TWSE,132.0,134.5,131.0,0.0229007633587785,0.0850202429149797,0.098360655737705,0.072,0.102880658436214,0.1355932203389831,128.1,126.1,125.3,122.94166666666666,0.0158835022320409,4074462.2,4008021.35,1.2231776160573593,1.0165769700802614,134.5,121.5,134.5,115.0,0.0970149253724103,128.1,125.3,0.0208955223879037,0.0147803199026946,71.8176299052279,54.421440415675725,0.0,1.6671187658182731,0.8348005470880362,0.8323182187302369,0.0,221768711.0,0.073815136137183,3.0,3.0,4.0,5.0,5.0,8.0,2754.0,True,ALPHA Trend Momentum,114.0,TEST,試單,強勢試單,ALPHA高流動性強勢延續｜成交量/成交金額優先｜突破/趨勢確認｜高流動性,ALPHA,TREND,100-300,134.13,74.55,10015.0,,,,,,,,,MA5：站上｜↑ 強勢,MA20：站上｜↑ 強勢,,,,,MA10：站上｜↑ 強勢,MA5：站上｜↑ 強勢,MA10：站上｜↑ 強勢,MA20：站上｜↑ 強勢,突破確認K,多頭排列,多頭排列,MA5：站上｜↑ 強勢｜MA10：站上｜↑ 強勢｜MA20：站上｜↑ 強勢｜K棒：突破確認K｜K線：多頭排列,K棒型態：突破確認K｜K線結構：多頭排列,依原策略執行，技術欄位用於確認節奏與風險。,12.0,A,起漲結構強,20D站上MA20｜MA20走平翻揚｜MA5站上MA10｜接近20日高｜40D平台收斂｜短中均線糾結｜40D低點守住｜接近/站回MA60｜MA60不再下彎｜站回60D區間中上｜量縮後溫和放量｜5D動能轉正｜10D動能轉正,平台壓縮後轉強，可優先觀察起漲/試單。,v266.57.9,7.7,A,續強品質強,回檔不破前低｜低點墊高確認｜收盤守MA5｜續強確認：收盤未跌破MA5｜MA5仍在MA10上｜仍站MA20｜10D動能維持｜扣分:接近20日高且短線過熱,回檔承接尚可，若原策略入選，可優先觀察延續。,v266.57.9,7.7,A,突破品質強,紅K實體放大｜收盤接近高點｜量能較前日放大｜突破近5日高｜MA5加速上彎｜短均多頭,TEST有升級IGNITION條件，可優先觀察隔日延續。,v266.57.9,ALPHA,0.35,0.75,0.25,125.9,34.0,最後後處理補寫：原分數+結構前置+續強品質+突破品質；不覆蓋原策略,一般,104.858,v266.58.1,2026-05-09 00:25:47,突破中,否,法人偏多｜均線轉強,突破中,4,12,準IGNITION,前狀態:突破中→今日:突破中｜強狀態維持｜強狀態連續維持｜具備點火條件,READY,v266.60.2,109.058,30.0,32.0,27.0,15.0,33.606,40.0,20/40/60結構佳｜續強品質佳｜主力佈局語意｜狀態升級強｜具升級旗標｜升級標籤｜距MA20合理｜距MA60合理｜短均轉強｜動能初段未過熱｜風險語意扣分｜突破品質輔助,過熱降權,v266.61,2026-05-09 00:25:50,57.0,站上MA20且結構成形｜平台壓縮後放量｜洗盤不破承接｜突破品質成立但未過熱｜籌碼偏多未過熱｜狀態升級觸發｜狀態轉移轉強,強點火事件,可列入優先追蹤，觀察隔日不破MA5/MA10。,93.441,29,v266.62,2026-05-09 00:25:51,12.0,第一次站上MA20｜籌碼剛轉強｜狀態剛升級｜已經強很久,WATCH,35,52,WATCH_TURN,溫和放量｜籌碼初升｜狀態剛升級｜first trigger合理｜平台收斂｜風險文字,4
TEST,2026-05-08,2026-05-11,4766,南寶,ENTRY,ALPHA,ALPHA,58.0,WAIT,BLOCK,False,392.0,0.0,0.0,3,ALPHA高流動性強勢延續｜成交量/成交金額優先｜突破/趨勢確認｜高流動性,BLOCK：超出本市場狀態可執行名額｜v266.57.9：結構：平台壓縮後轉強，可優先觀察起漲/試單。｜續強：回檔承接尚可，若原策略入選，可優先觀察延續。｜突破：TEST有升級IGNITION條件，可優先觀察隔日延續。,115.77,,,HIGH,高流動性,82.49,2736506.0,1072710352000.0,13.0,❌ 極度分散,15（❌ 極度分散）,爆量不跌｜均線結構,籌碼偏弱且資料有限，避免重倉追高。,1,部分籌碼資料有限,📉 低信心,,,,-438763.0,-88000.0,34523.0,-492240.0,0.0,1,0.0,0.0,0.0,0.0,0,TWSE,🚀 主力拉升（趨勢延續）,高,可續抱；若是試單，可觀察是否進入加碼條件。,2026-05-09 00:25:55,behavior_interpretation,2026-05-08,南寶,TWSE,368.0,394.5,352.5,0.0566037735849056,0.0934449093444909,0.1329479768786128,0.1168091168091167,0.2288401253918495,0.2136222910216718,370.0,358.6,352.925,330.575,0.0302572635457232,2423446.2,1396229.4,1.9599257829694736,1.7357077569058486,394.5,320.0,394.5,301.0,0.1900510204076784,370.0,352.925,0.0435586734692766,0.0419219130561903,67.28638529830346,52.66810063780625,0.0,11.483935338082633,8.230402552625929,3.253532785456702,0.0,71527476.0,0.1357751418050137,2.0,1.0,4.0,3.0,5.0,6.0,2133.0,True,CORE Early Entry,96.0,BUY,買進,早期卡位,CORE早期卡位｜剛轉強｜靠近MA20｜量能回溫｜高流動性,CORE,,,,,,,,,,,,,,MA5：站上｜↑ 強勢,MA20：站上｜↑ 強勢,,,,,MA10：站上｜↑ 強勢,MA5：站上｜↑ 強勢,MA10：站上｜↑ 強勢,MA20：站上｜↑ 強勢,突破確認K,多頭排列,多頭排列,MA5：站上｜↑ 強勢｜MA10：站上｜↑ 強勢｜MA20：站上｜↑ 強勢｜K棒：突破確認K｜K線：多頭排列,K棒型態：突破確認K｜K線結構：多頭排列,依原策略執行，技術欄位用於確認節奏與風險。,12.0,A,起漲結構強,20D站上MA20｜MA20走平翻揚｜MA5站上MA10｜接近20日高｜40D平台收斂｜短中均線糾結｜40D低點守住｜接近/站回MA60｜MA60不再下彎｜站回60D區間中上｜5D動能轉正｜10D動能轉正,平台壓縮後轉強，可優先觀察起漲/試單。,v266.57.9,7.7,A,續強品質強,回檔不破前低｜低點墊高確認｜收盤守MA5｜續強確認：收盤未跌破MA5｜MA5仍在MA10上｜仍站MA20｜10D動能維持｜扣分:接近20日高且短線過熱,回檔承接尚可，若原策略入選，可優先觀察延續。,v266.57.9,7.7,A,突破品質強,紅K實體放大｜收盤接近高點｜量能較前日放大｜突破近5日高｜MA5加速上彎｜短均多頭,TEST有升級IGNITION條件，可優先觀察隔日延續。,v266.57.9,ALPHA,0.35,0.75,0.25,107.9,63.0,最後後處理補寫：原分數+結構前置+續強品質+突破品質；不覆蓋原策略,一般,90.818,v266.58.1,2026-05-09 00:25:47,突破中,否,法人偏多｜量能放大｜均線轉強,突破中,4,13,準IGNITION,前狀態:nan→今日:突破中｜狀態跳升｜具備點火條件,READY,v266.60.2,95.368,42.0,32.0,21.0,15.0,34.259,36.0,20/40/60結構佳｜籌碼偏多｜續強品質佳｜主力佈局語意｜狀態升級強｜具升級旗標｜升級標籤｜距MA20合理｜距MA60合理｜短均轉強｜風險語意扣分｜突破品質輔助,過熱降權,v266.61,2026-05-09 00:25:50,67.0,站上MA20且結構成形｜溫和放量不跌｜平台壓縮後放量｜洗盤不破承接｜突破品質成立但未過熱｜籌碼偏多未過熱｜狀態升級觸發｜狀態轉移轉強,強點火事件,可列入優先追蹤，觀察隔日不破MA5/MA10。,86.858,58,v266.62,2026-05-09 00:25:51,12.0,第一次溫和放量｜籌碼剛轉強｜狀態剛升級｜已經強很久,WATCH,33,52,WATCH_TURN,溫和放量｜籌碼初升｜狀態剛升級｜first trigger合理｜平台收斂｜風險文字,5
TEST,2026-05-08,2026-05-11,2385,群光,ENTRY,ALPHA,ALPHA,58.0,BREAK,BLOCK,False,134.0,10000.0,0.01,3,ALPHA高流動性強勢延續｜成交量/成交金額優先｜突破/趨勢確認｜高流動性,BLOCK：同股已由高優先桶接管｜v266.57.9：結構：平台壓縮後轉強，可優先觀察起漲/試單。｜續強：回檔承接尚可，若原策略入選，可優先觀察延續。｜突破：TEST有升級IGNITION條件，可優先觀察隔日延續。,126.24,,,HIGH,高流動性,83.82,4902522.0,656937948000.0,9.0,🟢 偏集中,65（🟢 偏集中）,均線結構｜法人偏多,籌碼偏集中但資料有限，可搭配技術面確認，不宜單獨重倉。,1,部分籌碼資料有限,📉 低信心,,,群光,555361.0,-200340.0,33799.0,388820.0,1.0,1,0.0,0.0,0.0,0.0,0,TWSE,🚀 主力拉升（趨勢延續）,高,可續抱；若是試單，可觀察是否進入加碼條件。,2026-05-09 00:25:55,behavior_interpretation,2026-05-08,群光,TWSE,132.0,134.5,131.0,0.0229007633587785,0.0850202429149797,0.098360655737705,0.072,0.102880658436214,0.1355932203389831,128.1,126.1,125.3,122.94166666666666,0.0158835022320409,4074462.2,4008021.35,1.2231776160573593,1.0165769700802614,134.5,121.5,134.5,115.0,0.0970149253724103,128.1,125.3,0.0208955223879037,0.0147803199026946,71.8176299052279,54.421440415675725,0.0,1.6671187658182731,0.8348005470880362,0.8323182187302369,0.0,221768711.0,0.073815136137183,3.0,3.0,4.0,5.0,5.0,8.0,2754.0,True,ALPHA Trend Momentum,114.0,TEST,試單,強勢試單,ALPHA高流動性強勢延續｜成交量/成交金額優先｜突破/趨勢確認｜高流動性,ALPHA,TREND,100-300,134.13,74.55,10015.0,,,,,,,,,MA5：站上｜↑ 強勢,MA20：站上｜↑ 強勢,,,,,MA10：站上｜↑ 強勢,MA5：站上｜↑ 強勢,MA10：站上｜↑ 強勢,MA20：站上｜↑ 強勢,突破確認K,多頭排列,多頭排列,MA5：站上｜↑ 強勢｜MA10：站上｜↑ 強勢｜MA20：站上｜↑ 強勢｜K棒：突破確認K｜K線：多頭排列,K棒型態：突破確認K｜K線結構：多頭排列,依原策略執行，技術欄位用於確認節奏與風險。,12.0,A,起漲結構強,20D站上MA20｜MA20走平翻揚｜MA5站上MA10｜接近20日高｜40D平台收斂｜短中均線糾結｜40D低點守住｜接近/站回MA60｜MA60不再下彎｜站回60D區間中上｜量縮後溫和放量｜5D動能轉正｜10D動能轉正,平台壓縮後轉強，可優先觀察起漲/試單。,v266.57.9,7.7,A,續強品質強,回檔不破前低｜低點墊高確認｜收盤守MA5｜續強確認：收盤未跌破MA5｜MA5仍在MA10上｜仍站MA20｜10D動能維持｜扣分:接近20日高且短線過熱,回檔承接尚可，若原策略入選，可優先觀察延續。,v266.57.9,7.7,A,突破品質強,紅K實體放大｜收盤接近高點｜量能較前日放大｜突破近5日高｜MA5加速上彎｜短均多頭,TEST有升級IGNITION條件，可優先觀察隔日延續。,v266.57.9,ALPHA,0.35,0.75,0.25,125.9,34.0,最後後處理補寫：原分數+結構前置+續強品質+突破品質；不覆蓋原策略,一般,104.858,v266.58.1,2026-05-09 00:25:47,突破中,否,法人偏多｜均線轉強,突破中,4,12,準IGNITION,前狀態:突破中→今日:突破中｜強狀態維持｜強狀態連續維持｜具備點火條件,READY,v266.60.2,109.058,30.0,32.0,27.0,15.0,32.946,41.0,20/40/60結構佳｜續強品質佳｜主力佈局語意｜狀態升級強｜具升級旗標｜升級標籤｜距MA20合理｜距MA60合理｜短均轉強｜動能初段未過熱｜風險語意扣分｜突破品質輔助,過熱降權,v266.61,2026-05-09 00:25:50,57.0,站上MA20且結構成形｜平台壓縮後放量｜洗盤不破承接｜突破品質成立但未過熱｜籌碼偏多未過熱｜狀態升級觸發｜狀態轉移轉強,強點火事件,可列入優先追蹤，觀察隔日不破MA5/MA10。,93.441,30,v266.62,2026-05-09 00:25:51,12.0,第一次站上MA20｜籌碼剛轉強｜狀態剛升級｜已經強很久,WATCH,34,52,WATCH_TURN,溫和放量｜籌碼初升｜狀態剛升級｜first trigger合理｜平台收斂｜風險文字,6
TEST,2026-05-08,2026-05-11,2497,怡利電,ENTRY,ALPHA,ALPHA,58.0,WAIT,BLOCK,False,60.7,0.0,0.0,3,ALPHA高流動性強勢延續｜成交量/成交金額優先｜突破/趨勢確認｜高流動性,BLOCK：同股已由高優先桶接管｜v266.57.9：結構：平台壓縮後轉強，可優先觀察起漲/試單。｜續強：續強品質不足或有假突破壓力，避免追高。｜突破：尚未形成乾淨突破，不急著升級。,113.5,,,HIGH,高流動性,75.99,2984759.0,181174871300.0,11.0,🟢 偏集中,75（🟢 偏集中）,爆量不跌｜均線結構｜法人偏多｜籌碼風險,籌碼偏集中但資料有限，可搭配技術面確認，不宜單獨重倉。,1,部分籌碼資料有限,📉 低信心,,,,122000.0,0.0,0.0,122000.0,1.0,1,0.0,0.0,0.0,0.0,0,TWSE,🚀 主力拉升（趨勢延續）,高,可續抱；若是試單，可觀察是否進入加碼條件。,2026-05-09 00:25:55,behavior_interpretation,2026-05-08,怡利電,TWSE,61.0,62.7,60.0,0.003305785123967,0.1016333938294011,0.0686619718309859,0.0917266486662351,0.1786407766990292,0.1673076923076923,57.04,58.06999992370605,56.03499977111816,49.07166650136311,0.0444059220522535,1370915.2,1157440.9,2.578757152957009,1.1844364580515503,62.7,49.45000076293945,62.7,39.95000076293945,0.2182866431110751,58.06999992370605,56.03499977111816,0.0335255379333503,0.03304604482363,53.71933725750852,43.443289023556886,0.0,2.552361591447635,2.644797418262019,-0.0924358268143836,0.0,575284434.0,0.0048002473709436,2.0,2.0,2.0,3.0,4.0,6.0,2754.0,True,ALPHA Trend Momentum,118.0,BUY,買進,高流動性強勢買進,ALPHA高流動性強勢延續｜成交量/成交金額優先｜突破/趨勢確認｜高流動性,ALPHA,,,,,,,,,,,,,,MA5：站上｜↑ 強勢,MA20：站上｜↑ 強勢,,,,,MA10：站上｜↑ 強勢,MA5：站上｜↑ 強勢,MA10：站上｜↑ 強勢,MA20：站上｜↑ 強勢,突破確認K,震盪整理,震盪整理,MA5：站上｜↑ 強勢｜MA10：站上｜↑ 強勢｜MA20：站上｜↑ 強勢｜K棒：突破確認K｜K線：震盪整理,K棒型態：突破確認K｜K線結構：震盪整理,依原策略執行，技術欄位用於確認節奏與風險。,9.1,A,起漲結構強,20D站上MA20｜MA20走平翻揚｜接近20日高｜短中均線糾結｜40D低點守住｜接近/站回MA60｜MA60不再下彎｜站回60D區間中上｜5D動能轉正｜10D動能轉正｜扣分:長上影壓力,平台壓縮後轉強，可優先觀察起漲/試單。,v266.57.9,3.5,C,續強觀察,收盤守MA5｜續強確認：收盤未跌破MA5｜仍站MA20｜10D動能維持｜扣分:長上影壓力,續強品質不足或有假突破壓力，避免追高。,v266.57.9,1.7,D,突破不足,量能較前日放大｜突破近5日高｜MA5加速上彎｜扣分:收盤位置偏弱、上影偏長,尚未形成乾淨突破，不急著升級。,v266.57.9,ALPHA,0.35,0.75,0.25,124.235,52.0,最後後處理補寫：原分數+結構前置+續強品質+突破品質；不覆蓋原策略,一般,103.853,v266.58.1,2026-05-09 00:25:47,突破中,否,法人偏多｜均線轉強,突破中,4,13,準IGNITION,前狀態:nan→今日:突破中｜狀態跳升｜具備點火條件,READY,v266.60.2,108.403,22.0,32.0,16.0,15.0,26.713,57.0,20/40/60結構佳｜主力佈局語意｜狀態升級強｜具升級旗標｜升級標籤｜距MA20合理｜動能初段未過熱｜風險語意扣分,過熱降權,v266.61,2026-05-09 00:25:50,40.0,站上MA20且結構成形｜溫和放量不跌｜平台壓縮後放量｜籌碼偏多未過熱｜狀態升級觸發｜狀態轉移轉強｜假突破/出貨風險扣分,強點火事件,可列入優先追蹤，觀察隔日不破MA5/MA10。,87.882,53,v266.62,2026-05-09 00:25:51,22.0,籌碼剛轉強｜trigger事件成立｜狀態剛升級,EARLY_BREAK,10,52,WATCH_TURN,溫和放量｜籌碼初升｜狀態剛升級｜first trigger合理｜平台收斂｜風險文字,7
TEST,2026-05-08,2026-05-11,6165,浪凡,ENTRY,ALPHA,ALPHA,58.0,WAIT,BLOCK,False,52.0,0.0,0.0,3,ALPHA高流動性強勢延續｜成交量/成交金額優先｜突破/趨勢確認｜高流動性,BLOCK：同股已由高優先桶接管｜v266.57.9：結構：平台壓縮後轉強，可優先觀察起漲/試單。｜續強：回檔承接尚可，若原策略入選，可優先觀察延續。｜突破：尚未形成乾淨突破，不急著升級。,114.58,,,HIGH,高流動性,79.09,4250055.0,221002860000.0,17.0,🟢 偏集中,75（🟢 偏集中）,爆量不跌｜均線結構｜法人偏多,籌碼偏集中但資料有限，可搭配技術面確認，不宜單獨重倉。,1,部分籌碼資料有限,📉 低信心,,,浪凡,2067870.0,0.0,0.0,2067870.0,1.0,1,0.0,0.0,0.0,0.0,0,TWSE,🚀 主力拉升（趨勢延續）,高,可續抱；若是試單，可觀察是否進入加碼條件。,2026-05-09 00:25:55,behavior_interpretation,2026-05-08,浪凡,TWSE,51.2,53.8,51.1,0.0116731517509727,-0.0207156308851224,0.0297029702970297,0.0677617902538481,0.1504424584575676,0.2078978146702184,52.06,51.32499969482421,48.51500019073486,45.68333360036214,0.0198490704011345,3591520.2,1523024.9,2.790535466623033,2.358149364465413,55.0,44.400001525878906,55.0,39.5,0.2038461244984086,52.06,48.51500019073486,0.0681730732537878,0.0363131439689985,58.85698583988861,66.07270720578624,0.0,1.7696266142346602,1.4520809888735615,0.3175456253610984,0.0,120636298.0,0.1088215147828854,1.0,0.0,3.0,2.0,7.0,6.0,2754.0,True,ALPHA Trend Momentum,118.0,BUY,買進,高流動性強勢買進,ALPHA高流動性強勢延續｜成交量/成交金額優先｜突破/趨勢確認｜高流動性,ALPHA,,,,,,,,,,,,,,MA5：貼近｜→ 盤整,MA20：站上｜↑ 強勢,,,,,MA10：站上｜↑ 強勢,MA5：貼近｜→ 盤整,MA10：站上｜↑ 強勢,MA20：站上｜↑ 強勢,突破確認K,多頭排列,多頭排列,MA5：貼近｜→ 盤整｜MA10：站上｜↑ 強勢｜MA20：站上｜↑ 強勢｜K棒：突破確認K｜K線：多頭排列,K棒型態：突破確認K｜K線結構：多頭排列,依原策略執行，技術欄位用於確認節奏與風險。,9.1,A,起漲結構強,20D站上MA20｜MA20走平翻揚｜MA5站上MA10｜40D平台收斂｜短中均線糾結｜40D低點守住｜接近/站回MA60｜MA60不再下彎｜站回60D區間中上｜5D動能轉正｜10D動能轉正｜扣分:單日爆量偏高、長上影壓力,平台壓縮後轉強，可優先觀察起漲/試單。,v266.57.9,6.3,B,續強品質中,回檔不破前低｜低點墊高確認｜收盤守MA5｜回測守MA10｜MA5仍在MA10上｜仍站MA20｜10D動能維持｜扣分:回檔量放大、長上影壓力,回檔承接尚可，若原策略入選，可優先觀察延續。,v266.57.9,-0.2,D,突破不足,MA5加速上彎｜短均多頭｜扣分:收盤位置偏弱、上影偏長,尚未形成乾淨突破，不急著升級。,v266.57.9,ALPHA,0.35,0.75,0.25,125.86,39.0,最後後處理補寫：原分數+結構前置+續強品質+突破品質；不覆蓋原策略,主力吸籌,106.265,v266.58.1,2026-05-09 00:25:47,突破中,否,法人偏多｜量能放大｜均線轉強,突破中,4,13,準IGNITION,前狀態:nan→今日:突破中｜狀態跳升｜具備點火條件,READY,v266.60.2,110.815,42.0,32.0,27.0,15.0,36.704,27.0,20/40/60結構佳｜籌碼偏多｜續強品質佳｜主力佈局語意｜狀態升級強｜具升級旗標｜升級標籤｜距MA20合理｜距MA60合理｜短均轉強｜動能初段未過熱｜風險語意扣分,過熱降權,v266.61,2026-05-09 00:25:50,48.0,站上MA20且結構成形｜溫和放量不跌｜平台壓縮後放量｜洗盤不破承接｜籌碼偏多未過熱｜狀態升級觸發｜狀態轉移轉強｜假突破/出貨風險扣分,強點火事件,可列入優先追蹤，觀察隔日不破MA5/MA10。,91.97,37,v266.62,2026-05-09 00:25:51,16.0,第一次站上MA20｜狀態剛升級,WATCH,17,52,WATCH_TURN,溫和放量｜籌碼初升｜狀態剛升級｜first trigger合理｜平台收斂｜風險文字,8
WATCH,2026-05-08,2026-05-11,2357,華碩,ENTRY,PRE,PRE,54.0,WAIT,BLOCK,False,650.0,0.0,0.0,8,安靜吸籌 | 均線收斂 | 放量吸收 | 結構尚可,BLOCK：超出本市場狀態可執行名額｜v266.57.9：結構：平台壓縮後轉強，可優先觀察起漲/試單。｜續強：回檔承接尚可，若原策略入選，可優先觀察延續。｜突破：尚未形成乾淨突破，不急著升級。,109.27,,,HIGH,高流動性,93.06,9024005.0,5865603250000.0,17.0,⚠️ 分散,35（⚠️ 分散）,爆量不跌｜均線結構｜法人偏多,籌碼普通或資料有限，需搭配技術面確認。,1,部分籌碼資料有限,📉 低信心,,,華碩,-1388032.0,30565.0,67154.0,-1290313.0,0.0,1,0.0,0.0,0.0,0.0,0,TWSE,🟡 洗盤吸籌／整理換手（結構未壞）,中高,不急追；等放量突破或站穩 MA10 / MA20 再提高權重。,2026-05-09 00:25:55,behavior_interpretation,2026-05-08,華碩,TWSE,640.0,670.0,638.0,0.0172143974960876,0.1187607573149742,0.1054421768707483,0.0851419031719533,0.1818181818181818,0.2896825396825397,609.8,601.7,592.95,557.975,0.0211231597730247,5660014.6,4312945.05,2.092306972471165,1.312331720989582,670.0,560.0,670.0,490.0,0.1692307692305088,609.8,592.95,0.0259230769230369,0.0229448805313156,52.738208517639,40.70074557660611,0.0,14.320965227151532,10.456620157133395,3.864345070018137,0.0,157606401.0,0.1430139911196786,3.0,3.0,3.0,4.0,5.0,6.0,2754.0,True,ALPHA Trend Momentum,118.0,BUY,買進,高流動性強勢買進,ALPHA高流動性強勢延續｜成交量/成交金額優先｜突破/趨勢確認｜高流動性,ALPHA,,,,,,,,,,,,,,MA5：站上｜↑ 強勢,MA20：站上｜↑ 強勢,,,,,MA10：站上｜↑ 強勢,MA5：站上｜↑ 強勢,MA10：站上｜↑ 強勢,MA20：站上｜↑ 強勢,突破確認K,多頭排列,多頭排列,MA5：站上｜↑ 強勢｜MA10：站上｜↑ 強勢｜MA20：站上｜↑ 強勢｜K棒：突破確認K｜K線：多頭排列,K棒型態：突破確認K｜K線結構：多頭排列,依原策略執行，技術欄位用於確認節奏與風險。,12.0,A,起漲結構強,20D站上MA20｜MA20走平翻揚｜MA5站上MA10｜接近20日高｜40D平台收斂｜短中均線糾結｜40D低點守住｜接近/站回MA60｜MA60不再下彎｜站回60D區間中上｜量縮後溫和放量｜5D動能轉正｜10D動能轉正｜扣分:長上影壓力,平台壓縮後轉強，可優先觀察起漲/試單。,v266.57.9,7.7,A,續強品質強,回檔不破前低｜低點墊高確認｜收盤守MA5｜續強確認：收盤未跌破MA5｜MA5仍在MA10上｜仍站MA20｜10D動能維持｜扣分:長上影壓力,回檔承接尚可，若原策略入選，可優先觀察延續。,v266.57.9,1.3,D,突破不足,紅K實體放大｜MA5加速上彎｜短均多頭｜扣分:收盤位置偏弱、上影偏長,尚未形成乾淨突破，不急著升級。,v266.57.9,ALPHA,0.35,0.75,0.25,128.3,25.0,最後後處理補寫：原分數+結構前置+續強品質+突破品質；不覆蓋原策略,主力吸籌,108.266,v266.58.1,2026-05-09 00:25:47,突破中,否,法人偏多｜量能放大｜均線轉強,突破中,4,13,準IGNITION,前狀態:nan→今日:突破中｜狀態跳升｜具備點火條件,READY,v266.60.2,112.816,42.0,32.0,27.0,15.0,36.784,26.0,20/40/60結構佳｜籌碼偏多｜續強品質佳｜主力佈局語意｜狀態升級強｜具升級旗標｜升級標籤｜距MA20合理｜距MA60合理｜短均轉強｜動能初段未過熱｜風險語意扣分,過熱降權,v266.61,2026-05-09 00:25:50,48.0,站上MA20且結構成形｜溫和放量不跌｜平台壓縮後放量｜洗盤不破承接｜籌碼偏多未過熱｜狀態升級觸發｜狀態轉移轉強｜假突破/出貨風險扣分,強點火事件,可列入優先追蹤，觀察隔日不破MA5/MA10。,93.371,31,v266.62,2026-05-09 00:25:51,16.0,第一次溫和放量｜狀態剛升級,WATCH,19,52,WATCH_TURN,溫和放量｜籌碼初升｜狀態剛升級｜first trigger合理｜平台收斂｜風險文字,9
TEST,2026-05-08,2026-05-11,2357,華碩,ENTRY,ALPHA,ALPHA,58.0,WAIT,BLOCK,False,650.0,0.0,0.0,3,ALPHA高流動性強勢延續｜成交量/成交金額優先｜突破/趨勢確認｜高流動性,BLOCK：同股已由高優先桶接管｜v266.57.9：結構：平台壓縮後轉強，可優先觀察起漲/試單。｜續強：回檔承接尚可，若原策略入選，可優先觀察延續。｜突破：尚未形成乾淨突破，不急著升級。,119.47,,,HIGH,高流動性,93.06,9024005.0,5865603250000.0,17.0,⚠️ 分散,35（⚠️ 分散）,爆量不跌｜均線結構｜法人偏多,籌碼普通或資料有限，需搭配技術面確認。,1,部分籌碼資料有限,📉 低信心,,,華碩,-1388032.0,30565.0,67154.0,-1290313.0,0.0,1,0.0,0.0,0.0,0.0,0,TWSE,🚀 主力拉升（趨勢延續）,高,可續抱；若是試單，可觀察是否進入加碼條件。,2026-05-09 00:25:55,behavior_interpretation,2026-05-08,華碩,TWSE,640.0,670.0,638.0,0.0172143974960876,0.1187607573149742,0.1054421768707483,0.0851419031719533,0.1818181818181818,0.2896825396825397,609.8,601.7,592.95,557.975,0.0211231597730247,5660014.6,4312945.05,2.092306972471165,1.312331720989582,670.0,560.0,670.0,490.0,0.1692307692305088,609.8,592.95,0.0259230769230369,0.0229448805313156,52.738208517639,40.70074557660611,0.0,14.320965227151532,10.456620157133395,3.864345070018137,0.0,157606401.0,0.1430139911196786,3.0,3.0,3.0,4.0,5.0,6.0,2754.0,True,ALPHA Trend Momentum,118.0,BUY,買進,高流動性強勢買進,ALPHA高流動性強勢延續｜成交量/成交金額優先｜突破/趨勢確認｜高流動性,ALPHA,,,,,,,,,,,,,,MA5：站上｜↑ 強勢,MA20：站上｜↑ 強勢,,,,,MA10：站上｜↑ 強勢,MA5：站上｜↑ 強勢,MA10：站上｜↑ 強勢,MA20：站上｜↑ 強勢,突破確認K,多頭排列,多頭排列,MA5：站上｜↑ 強勢｜MA10：站上｜↑ 強勢｜MA20：站上｜↑ 強勢｜K棒：突破確認K｜K線：多頭排列,K棒型態：突破確認K｜K線結構：多頭排列,依原策略執行，技術欄位用於確認節奏與風險。,12.0,A,起漲結構強,20D站上MA20｜MA20走平翻揚｜MA5站上MA10｜接近20日高｜40D平台收斂｜短中均線糾結｜40D低點守住｜接近/站回MA60｜MA60不再下彎｜站回60D區間中上｜量縮後溫和放量｜5D動能轉正｜10D動能轉正｜扣分:長上影壓力,平台壓縮後轉強，可優先觀察起漲/試單。,v266.57.9,7.7,A,續強品質強,回檔不破前低｜低點墊高確認｜收盤守MA5｜續強確認：收盤未跌破MA5｜MA5仍在MA10上｜仍站MA20｜10D動能維持｜扣分:長上影壓力,回檔承接尚可，若原策略入選，可優先觀察延續。,v266.57.9,1.3,D,突破不足,紅K實體放大｜MA5加速上彎｜短均多頭｜扣分:收盤位置偏弱、上影偏長,尚未形成乾淨突破，不急著升級。,v266.57.9,ALPHA,0.35,0.75,0.25,128.3,25.0,最後後處理補寫：原分數+結構前置+續強品質+突破品質；不覆蓋原策略,主力吸籌,108.266,v266.58.1,2026-05-09 00:25:47,突破中,否,法人偏多｜量能放大｜均線轉強,突破中,4,13,準IGNITION,前狀態:nan→今日:突破中｜狀態跳升｜具備點火條件,READY,v266.60.2,112.816,42.0,32.0,27.0,15.0,36.904,25.0,20/40/60結構佳｜籌碼偏多｜續強品質佳｜主力佈局語意｜狀態升級強｜具升級旗標｜升級標籤｜距MA20合理｜距MA60合理｜短均轉強｜動能初段未過熱｜風險語意扣分,過熱降權,v266.61,2026-05-09 00:25:50,48.0,站上MA20且結構成形｜溫和放量不跌｜平台壓縮後放量｜洗盤不破承接｜籌碼偏多未過熱｜狀態升級觸發｜狀態轉移轉強｜假突破/出貨風險扣分,強點火事件,可列入優先追蹤，觀察隔日不破MA5/MA10。,93.371,32,v266.62,2026-05-09 00:25:51,16.0,第一次溫和放量｜狀態剛升級,WATCH,18,52,WATCH_TURN,溫和放量｜籌碼初升｜狀態剛升級｜first trigger合理｜平台收斂｜風險文字,10
TEST,2026-05-08,2026-05-11,6165,浪凡,ENTRY,PRE,PRE,70.0,WAIT,BLOCK,False,52.0,0.0,0.0,3,波動壓縮 | 安靜吸籌 | 放量吸收 | 接近突破 | 結構尚可,BLOCK：超出本市場狀態可執行名額｜v266.57.9：結構：平台壓縮後轉強，可優先觀察起漲/試單。｜續強：回檔承接尚可，若原策略入選，可優先觀察延續。｜突破：尚未形成乾淨突破，不急著升級。,113.18,,,HIGH,高流動性,79.09,4250055.0,221002860000.0,17.0,🟢 偏集中,75（🟢 偏集中）,爆量不跌｜均線結構｜法人偏多,籌碼偏集中但資料有限，可搭配技術面確認，不宜單獨重倉。,1,部分籌碼資料有限,📉 低信心,,,浪凡,2067870.0,0.0,0.0,2067870.0,1.0,1,0.0,0.0,0.0,0.0,0,TWSE,🟡 洗盤吸籌／整理換手（結構未壞）,中高,不急追；等放量突破或站穩 MA10 / MA20 再提高權重。,2026-05-09 00:25:55,behavior_interpretation,2026-05-08,浪凡,TWSE,51.2,53.8,51.1,0.0116731517509727,-0.0207156308851224,0.0297029702970297,0.0677617902538481,0.1504424584575676,0.2078978146702184,52.06,51.32499969482421,48.51500019073486,45.68333360036214,0.0198490704011345,3591520.2,1523024.9,2.790535466623033,2.358149364465413,55.0,44.400001525878906,55.0,39.5,0.2038461244984086,52.06,48.51500019073486,0.0681730732537878,0.0363131439689985,58.85698583988861,66.07270720578624,0.0,1.7696266142346602,1.4520809888735615,0.3175456253610984,0.0,120636298.0,0.1088215147828854,1.0,0.0,3.0,2.0,7.0,6.0,2754.0,True,ALPHA Trend Momentum,118.0,BUY,買進,高流動性強勢買進,ALPHA高流動性強勢延續｜成交量/成交金額優先｜突破/趨勢確認｜高流動性,ALPHA,,,,,,,,,,,,,,MA5：貼近｜→ 盤整,MA20：站上｜↑ 強勢,,,,,MA10：站上｜↑ 強勢,MA5：貼近｜→ 盤整,MA10：站上｜↑ 強勢,MA20：站上｜↑ 強勢,突破確認K,多頭排列,多頭排列,MA5：貼近｜→ 盤整｜MA10：站上｜↑ 強勢｜MA20：站上｜↑ 強勢｜K棒：突破確認K｜K線：多頭排列,K棒型態：突破確認K｜K線結構：多頭排列,依原策略執行，技術欄位用於確認節奏與風險。,9.1,A,起漲結構強,20D站上MA20｜MA20走平翻揚｜MA5站上MA10｜40D平台收斂｜短中均線糾結｜40D低點守住｜接近/站回MA60｜MA60不再下彎｜站回60D區間中上｜5D動能轉正｜10D動能轉正｜扣分:單日爆量偏高、長上影壓力,平台壓縮後轉強，可優先觀察起漲/試單。,v266.57.9,6.3,B,續強品質中,回檔不破前低｜低點墊高確認｜收盤守MA5｜回測守MA10｜MA5仍在MA10上｜仍站MA20｜10D動能維持｜扣分:回檔量放大、長上影壓力,回檔承接尚可，若原策略入選，可優先觀察延續。,v266.57.9,-0.2,D,突破不足,MA5加速上彎｜短均多頭｜扣分:收盤位置偏弱、上影偏長,尚未形成乾淨突破，不急著升級。,v266.57.9,ALPHA,0.35,0.75,0.25,125.86,39.0,最後後處理補寫：原分數+結構前置+續強品質+突破品質；不覆蓋原策略,主力吸籌,106.265,v266.58.1,2026-05-09 00:25:47,突破中,否,法人偏多｜量能放大｜均線轉強,突破中,4,13,準IGNITION,前狀態:nan→今日:突破中｜狀態跳升｜具備點火條件,READY,v266.60.2,110.815,42.0,32.0,27.0,15.0,37.064,24.0,20/40/60結構佳｜籌碼偏多｜續強品質佳｜主力佈局語意｜狀態升級強｜具升級旗標｜升級標籤｜距MA20合理｜距MA60合理｜短均轉強｜動能初段未過熱｜風險語意扣分,過熱降權,v266.61,2026-05-09 00:25:50,48.0,站上MA20且結構成形｜溫和放量不跌｜平台壓縮後放量｜洗盤不破承接｜籌碼偏多未過熱｜狀態升級觸發｜狀態轉移轉強｜假突破/出貨風險扣分,強點火事件,可列入優先追蹤，觀察隔日不破MA5/MA10。,91.97,38,v266.62,2026-05-09 00:25:51,16.0,第一次站上MA20｜狀態剛升級,WATCH,20,52,WATCH_TURN,溫和放量｜籌碼初升｜狀態剛升級｜first trigger合理｜平台收斂｜風險文字,11
TEST,2026-05-08,2026-05-11,2497,怡利電,ENTRY,PRE,PRE,68.0,WAIT,BLOCK,False,60.7,0.0,0.0,3,安靜吸籌 | 均線收斂 | 放量吸收 | 接近突破 | 結構尚可,BLOCK：超出本市場狀態可執行名額｜v266.57.9：結構：平台壓縮後轉強，可優先觀察起漲/試單。｜續強：續強品質不足或有假突破壓力，避免追高。｜突破：尚未形成乾淨突破，不急著升級。,111.0,,,HIGH,高流動性,75.99,2984759.0,181174871300.0,11.0,🟢 偏集中,75（🟢 偏集中）,爆量不跌｜均線結構｜法人偏多｜籌碼風險,籌碼偏集中但資料有限，可搭配技術面確認，不宜單獨重倉。,1,部分籌碼資料有限,📉 低信心,,,,122000.0,0.0,0.0,122000.0,1.0,1,0.0,0.0,0.0,0.0,0,TWSE,🟡 洗盤吸籌／整理換手（結構未壞）,中高,不急追；等放量突破或站穩 MA10 / MA20 再提高權重。,2026-05-09 00:25:55,behavior_interpretation,2026-05-08,怡利電,TWSE,61.0,62.7,60.0,0.003305785123967,0.1016333938294011,0.0686619718309859,0.0917266486662351,0.1786407766990292,0.1673076923076923,57.04,58.06999992370605,56.03499977111816,49.07166650136311,0.0444059220522535,1370915.2,1157440.9,2.578757152957009,1.1844364580515503,62.7,49.45000076293945,62.7,39.95000076293945,0.2182866431110751,58.06999992370605,56.03499977111816,0.0335255379333503,0.03304604482363,53.71933725750852,43.443289023556886,0.0,2.552361591447635,2.644797418262019,-0.0924358268143836,0.0,575284434.0,0.0048002473709436,2.0,2.0,2.0,3.0,4.0,6.0,2754.0,True,ALPHA Trend Momentum,118.0,BUY,買進,高流動性強勢買進,ALPHA高流動性強勢延續｜成交量/成交金額優先｜突破/趨勢確認｜高流動性,ALPHA,,,,,,,,,,,,,,MA5：站上｜↑ 強勢,MA20：站上｜↑ 強勢,,,,,MA10：站上｜↑ 強勢,MA5：站上｜↑ 強勢,MA10：站上｜↑ 強勢,MA20：站上｜↑ 強勢,突破確認K,震盪整理,震盪整理,MA5：站上｜↑ 強勢｜MA10：站上｜↑ 強勢｜MA20：站上｜↑ 強勢｜K棒：突破確認K｜K線：震盪整理,K棒型態：突破確認K｜K線結構：震盪整理,依原策略執行，技術欄位用於確認節奏與風險。,9.1,A,起漲結構強,20D站上MA20｜MA20走平翻揚｜接近20日高｜短中均線糾結｜40D低點守住｜接近/站回MA60｜MA60不再下彎｜站回60D區間中上｜5D動能轉正｜10D動能轉正｜扣分:長上影壓力,平台壓縮後轉強，可優先觀察起漲/試單。,v266.57.9,3.5,C,續強觀察,收盤守MA5｜續強確認：收盤未跌破MA5｜仍站MA20｜10D動能維持｜扣分:長上影壓力,續強品質不足或有假突破壓力，避免追高。,v266.57.9,1.7,D,突破不足,量能較前日放大｜突破近5日高｜MA5加速上彎｜扣分:收盤位置偏弱、上影偏長,尚未形成乾淨突破，不急著升級。,v266.57.9,ALPHA,0.35,0.75,0.25,124.235,52.0,最後後處理補寫：原分數+結構前置+續強品質+突破品質；不覆蓋原策略,一般,103.853,v266.58.1,2026-05-09 00:25:47,突破中,否,法人偏多｜均線轉強,突破中,4,13,準IGNITION,前狀態:nan→今日:突破中｜狀態跳升｜具備點火條件,READY,v266.60.2,108.403,22.0,32.0,16.0,15.0,27.013,56.0,20/40/60結構佳｜主力佈局語意｜狀態升級強｜具升級旗標｜升級標籤｜距MA20合理｜動能初段未過熱｜風險語意扣分,過熱降權,v266.61,2026-05-09 00:25:50,40.0,站上MA20且結構成形｜溫和放量不跌｜平台壓縮後放量｜籌碼偏多未過熱｜狀態升級觸發｜狀態轉移轉強｜假突破/出貨風險扣分,強點火事件,可列入優先追蹤，觀察隔日不破MA5/MA10。,87.882,54,v266.62,2026-05-09 00:25:51,22.0,籌碼剛轉強｜trigger事件成立｜狀態剛升級,EARLY_BREAK,11,52,WATCH_TURN,溫和放量｜籌碼初升｜狀態剛升級｜first trigger合理｜平台收斂｜風險文字,12
WATCH,2026-05-08,2026-05-11,3213,茂訊,ENTRY,PRE,PRE,52.0,WAIT,BLOCK,False,117.5,0.0,0.0,8,安靜吸籌 | 放量吸收 | 接近突破 | 結構尚可,BLOCK：超出本市場狀態可執行名額｜v266.57.9：結構：平台壓縮後轉強，可優先觀察起漲/試單。｜續強：回檔承接尚可，若原策略入選，可優先觀察延續。｜突破：有轉強跡象，但突破品質尚未完全成立。,99.7,,,HIGH,高流動性,70.15,1373535.0,161390362500.0,17.0,🟢 偏集中,64（🟢 偏集中）,爆量不跌｜均線結構｜法人偏多,籌碼偏集中但資料有限，可搭配技術面確認，不宜單獨重倉。,1,部分籌碼資料有限,📉 低信心,,,茂訊,658.0,1000.0,342.0,2000.0,1.0,1,0.0,0.0,0.0,0.0,0,TPEX,🟡 洗盤吸籌／整理換手（結構未壞）,中高,不急追；等放量突破或站穩 MA10 / MA20 再提高權重。,2026-05-09 00:25:55,behavior_interpretation,2026-05-08,茂訊,TPEX,115.5,118.0,114.5,0.0,0.0,0.0,0.119047619047619,0.146341463414634,0.1904762272851581,117.5,117.5,111.7,104.32833315531413,0.0272079828786807,1373535.0,906933.15,1.514483178831867,1.514483178831867,118.0,102.0,118.0,95.5999984741211,0.1361702127647985,117.5,111.7,0.0493617021272394,0.0352177942536124,89.9640651589058,91.4848152962065,0.0,4.02915882848761,3.66478382724624,0.3643750012413713,0.0,138144181.0,0.0,0.0,3.0,0.0,5.0,1.0,10.0,2757.0,True,ALPHA Trend Momentum,120.0,BUY,買進,高流動性強勢買進,ALPHA高流動性強勢延續｜成交量/成交金額優先｜突破/趨勢確認｜高流動性,ALPHA,,,,,,,,,,,,,,MA5：貼近｜→ 盤整,MA20：站上｜↑ 強勢,,,,,MA10：貼近｜→ 盤整,MA5：貼近｜→ 盤整,MA10：貼近｜→ 盤整,MA20：站上｜↑ 強勢,突破確認K,整理後轉強,整理後轉強,MA5：貼近｜→ 盤整｜MA10：貼近｜→ 盤整｜MA20：站上｜↑ 強勢｜K棒：突破確認K｜K線：整理後轉強,K棒型態：突破確認K｜K線結構：整理後轉強,依原策略執行，技術欄位用於確認節奏與風險。,12.0,A,起漲結構強,20D站上MA20｜MA20走平翻揚｜MA5站上MA10｜接近20日高｜40D平台收斂｜短中均線糾結｜40D低點守住｜接近/站回MA60｜MA60不再下彎｜站回60D區間中上｜量縮後溫和放量｜10D動能轉正,平台壓縮後轉強，可優先觀察起漲/試單。,v266.57.9,8.7,A,續強品質強,回檔不破前低｜低點墊高確認｜收盤守MA5｜續強確認：收盤未跌破MA5｜MA5仍在MA10上｜仍站MA20｜10D動能維持,回檔承接尚可，若原策略入選，可優先觀察延續。,v266.57.9,3.8,C,突破觀察,收盤接近高點｜突破近5日高｜短均多頭,有轉強跡象，但突破品質尚未完全成立。,v266.57.9,ALPHA,0.35,0.75,0.25,131.675,12.0,最後後處理補寫：原分數+結構前置+續強品質+突破品質；不覆蓋原策略,主力吸籌,111.034,v266.58.1,2026-05-09 00:25:47,突破中,否,法人偏多｜量能放大｜均線轉強,突破中,4,13,準IGNITION,前狀態:nan→今日:突破中｜狀態跳升｜具備點火條件,READY,v266.60.2,115.584,42.0,32.0,21.0,0.0,41.801,10.0,20/40/60結構佳｜籌碼偏多｜續強品質佳｜主力佈局語意｜狀態升級強｜具升級旗標｜升級標籤｜距MA20合理｜距MA60合理｜短均轉強,高優先準點火,v266.61,2026-05-09 00:25:50,60.0,站上MA20且結構成形｜溫和放量不跌｜平台壓縮後放量｜洗盤不破承接｜籌碼偏多未過熱｜狀態升級觸發｜狀態轉移轉強,強點火事件,可列入優先追蹤，觀察隔日不破MA5/MA10。,98.909,7,v266.62,2026-05-09 00:25:51,14.0,第一次站上MA20｜第一次溫和放量｜狀態剛升級｜已經強很久,WATCH,25,47,EARLY_TURN,MA20剛站回｜溫和放量｜籌碼初升｜狀態剛升級｜first trigger合理｜平台收斂｜過熱扣分｜風險文字,14
TEST,2026-05-08,2026-05-11,3213,茂訊,ENTRY,ALPHA,ALPHA,58.0,WAIT,BLOCK,False,117.5,0.0,0.0,3,ALPHA高流動性強勢延續｜成交量/成交金額優先｜突破/趨勢確認｜高流動性,BLOCK：同股已由高優先桶接管｜v266.57.9：結構：平台壓縮後轉強，可優先觀察起漲/試單。｜續強：回檔承接尚可，若原策略入選，可優先觀察延續。｜突破：有轉強跡象，但突破品質尚未完全成立。,111.0,,,HIGH,高流動性,70.15,1373535.0,161390362500.0,17.0,🟢 偏集中,64（🟢 偏集中）,爆量不跌｜均線結構｜法人偏多,籌碼偏集中但資料有限，可搭配技術面確認，不宜單獨重倉。,1,部分籌碼資料有限,📉 低信心,,,茂訊,658.0,1000.0,342.0,2000.0,1.0,1,0.0,0.0,0.0,0.0,0,TPEX,🚀 主力拉升（趨勢延續）,高,可續抱；若是試單，可觀察是否進入加碼條件。,2026-05-09 00:25:55,behavior_interpretation,2026-05-08,茂訊,TPEX,115.5,118.0,114.5,0.0,0.0,0.0,0.119047619047619,0.146341463414634,0.1904762272851581,117.5,117.5,111.7,104.32833315531413,0.0272079828786807,1373535.0,906933.15,1.514483178831867,1.514483178831867,118.0,102.0,118.0,95.5999984741211,0.1361702127647985,117.5,111.7,0.0493617021272394,0.0352177942536124,89.9640651589058,91.4848152962065,0.0,4.02915882848761,3.66478382724624,0.3643750012413713,0.0,138144181.0,0.0,0.0,3.0,0.0,5.0,1.0,10.0,2757.0,True,ALPHA Trend Momentum,120.0,BUY,買進,高流動性強勢買進,ALPHA高流動性強勢延續｜成交量/成交金額優先｜突破/趨勢確認｜高流動性,ALPHA,,,,,,,,,,,,,,MA5：貼近｜→ 盤整,MA20：站上｜↑ 強勢,,,,,MA10：貼近｜→ 盤整,MA5：貼近｜→ 盤整,MA10：貼近｜→ 盤整,MA20：站上｜↑ 強勢,突破確認K,整理後轉強,整理後轉強,MA5：貼近｜→ 盤整｜MA10：貼近｜→ 盤整｜MA20：站上｜↑ 強勢｜K棒：突破確認K｜K線：整理後轉強,K棒型態：突破確認K｜K線結構：整理後轉強,依原策略執行，技術欄位用於確認節奏與風險。,12.0,A,起漲結構強,20D站上MA20｜MA20走平翻揚｜MA5站上MA10｜接近20日高｜40D平台收斂｜短中均線糾結｜40D低點守住｜接近/站回MA60｜MA60不再下彎｜站回60D區間中上｜量縮後溫和放量｜10D動能轉正,平台壓縮後轉強，可優先觀察起漲/試單。,v266.57.9,8.7,A,續強品質強,回檔不破前低｜低點墊高確認｜收盤守MA5｜續強確認：收盤未跌破MA5｜MA5仍在MA10上｜仍站MA20｜10D動能維持,回檔承接尚可，若原策略入選，可優先觀察延續。,v266.57.9,3.8,C,突破觀察,收盤接近高點｜突破近5日高｜短均多頭,有轉強跡象，但突破品質尚未完全成立。,v266.57.9,ALPHA,0.35,0.75,0.25,131.675,12.0,最後後處理補寫：原分數+結構前置+續強品質+突破品質；不覆蓋原策略,主力吸籌,111.034,v266.58.1,2026-05-09 00:25:47,突破中,否,法人偏多｜量能放大｜均線轉強,突破中,4,13,準IGNITION,前狀態:nan→今日:突破中｜狀態跳升｜具備點火條件,READY,v266.60.2,115.584,42.0,32.0,21.0,0.0,41.981,9.0,20/40/60結構佳｜籌碼偏多｜續強品質佳｜主力佈局語意｜狀態升級強｜具升級旗標｜升級標籤｜距MA20合理｜距MA60合理｜短均轉強,高優先準點火,v266.61,2026-05-09 00:25:50,60.0,站上MA20且結構成形｜溫和放量不跌｜平台壓縮後放量｜洗盤不破承接｜籌碼偏多未過熱｜狀態升級觸發｜狀態轉移轉強,強點火事件,可列入優先追蹤，觀察隔日不破MA5/MA10。,98.909,8,v266.62,2026-05-09 00:25:51,14.0,第一次站上MA20｜第一次溫和放量｜狀態剛升級｜已經強很久,WATCH,24,47,EARLY_TURN,MA20剛站回｜溫和放量｜籌碼初升｜狀態剛升級｜first trigger合理｜平台收斂｜過熱扣分｜風險文字,15
TEST,2026-05-08,2026-05-11,2379,瑞昱,ENTRY,CORE,CORE,80.0,BREAK,BLOCK,False,592.59,30000.0,0.03,3,ALPHA高流動性強勢延續｜成交量/成交金額優先｜突破/趨勢確認｜高流動性,BLOCK：超出本市場狀態可執行名額｜大盤中性 ：BUY 降級 TEST，控制追高｜全清單 TOP5：優先觀察發動機會｜試單清單 TOP5：本區最可能發動｜v266.57.9：結構：平台壓縮後轉強，可優先觀察起漲/試單。｜續強：回檔承接尚可，若原策略入選，可優先觀察延續。｜突破：TEST有升級IGNITION條件，可優先觀察隔日延續。,137.56,5.0,TOP5,HIGH,高流動性,93.03,9246415.0,5473877680000.0,17.0,🟢 偏集中,65（🟢 偏集中）,爆量不跌｜均線結構｜法人偏多,籌碼偏集中但資料有限，可搭配技術面確認，不宜單獨重倉。,1,部分籌碼資料有限,📉 低信心,5.0,試單TOP5,瑞昱,100227.0,-66000.0,51511.0,85738.0,1.0,1,0.0,0.0,0.0,0.0,0,TWSE,🚀 主力拉升（趨勢延續）,高,可續抱；若是試單，可觀察是否進入加碼條件。,2026-05-09 00:25:55,behavior_interpretation,2026-05-08,瑞昱,TWSE,555.0,592.0,551.0,0.0983302411873841,0.1024208566108006,0.0552584670231728,0.074410163339383,0.186372745490982,0.1169811320754716,549.4,551.1,538.5,498.64166666666665,0.0298435191546173,4720365.2,3950181.6,2.3407569414023897,1.194974225995078,592.0,500.0,592.0,438.0,0.1554054054051429,551.1,538.5,0.0212837837837478,0.029587495817543,54.60208879425723,48.24360343995629,1.0,15.954858149734832,15.085935682641011,0.8689224670938192,1.0,779361703.0,0.0029525599752859,2.0,2.0,2.0,2.0,5.0,5.0,2754.0,True,ALPHA Trend Momentum,122.0,BUY,買進,高流動性強勢買進,ALPHA高流動性強勢延續｜成交量/成交金額優先｜突破/趨勢確認｜高流動性,ALPHA,TREND,500-1000,592.59,50.63,30045.0,,,,,,,,,MA5：站上｜↑ 強勢,MA20：站上｜↑ 強勢,,,,,MA10：站上｜↑ 強勢,MA5：站上｜↑ 強勢,MA10：站上｜↑ 強勢,MA20：站上｜↑ 強勢,突破確認K,震盪整理,震盪整理,MA5：站上｜↑ 強勢｜MA10：站上｜↑ 強勢｜MA20：站上｜↑ 強勢｜K棒：突破確認K｜K線：震盪整理,K棒型態：突破確認K｜K線結構：震盪整理,依原策略執行，技術欄位用於確認節奏與風險。,12.0,A,起漲結構強,20D站上MA20｜MA20走平翻揚｜接近20日高｜40D平台收斂｜短中均線糾結｜40D低點守住｜接近/站回MA60｜MA60不再下彎｜站回60D區間中上｜量縮後溫和放量｜5D動能轉正｜10D動能轉正,平台壓縮後轉強，可優先觀察起漲/試單。,v266.57.9,7.5,A,續強品質強,回檔不破前低｜低點墊高確認｜收盤守MA5｜續強確認：收盤未跌破MA5｜仍站MA20｜10D動能維持,回檔承接尚可，若原策略入選，可優先觀察延續。,v266.57.9,6.9,A,突破品質強,紅K實體放大｜收盤接近高點｜量能較前日放大｜突破近5日高｜MA5加速上彎,TEST有升級IGNITION條件，可優先觀察隔日延續。,v266.57.9,ALPHA,0.35,0.75,0.25,133.55,7.0,最後後處理補寫：原分數+結構前置+續強品質+突破品質；不覆蓋原策略,主力吸籌,112.571,v266.58.1,2026-05-09 00:25:47,發動中,準IGNITION,法人偏多｜量能放大｜均線轉強｜主力發動,發動中,5,15,準IGNITION,前狀態:發動中→今日:發動中｜強狀態維持｜強狀態連續維持｜具備點火條件,READY,v266.60.2,117.821,42.0,32.0,22.0,0.0,43.68,5.0,20/40/60結構佳｜籌碼偏多｜續強品質佳｜主力佈局語意｜狀態升級強｜具升級旗標｜升級標籤｜距MA20合理｜距MA60合理｜動能初段未過熱｜突破品質輔助,高優先準點火,v266.61,2026-05-09 00:25:50,67.0,站上MA20且結構成形｜溫和放量不跌｜平台壓縮後放量｜洗盤不破承接｜突破品質成立但未過熱｜籌碼偏多未過熱｜狀態升級觸發｜狀態轉移轉強,強點火事件,可列入優先追蹤，觀察隔日不破MA5/MA10。,102.575,1,v266.62,2026-05-09 00:25:51,4.0,第一次溫和放量｜狀態剛升級｜已經強很久,NONE,43,38,WATCH_TURN,溫和放量｜籌碼初升｜狀態剛升級｜平台收斂｜風險文字,16
TEST,2026-05-08,2026-05-11,3416,融程電,ENTRY,ALPHA,ALPHA,58.0,WAIT,BLOCK,False,175.5,0.0,0.0,3,ALPHA高流動性強勢延續｜成交量/成交金額優先｜突破/趨勢確認｜高流動性,BLOCK：超出本市場狀態可執行名額｜v266.57.9：結構：平台壓縮後轉強，可優先觀察起漲/試單。｜續強：回檔承接尚可，若原策略入選，可優先觀察延續。｜突破：TEST有升級IGNITION條件，可優先觀察隔日延續。,112.21,,,HIGH,高流動性,73.04,1538176.0,269949888000.0,13.0,⚠️ 分散,25（⚠️ 分散）,爆量不跌｜均線結構,籌碼偏弱且資料有限，避免重倉追高。,1,部分籌碼資料有限,📉 低信心,,,融程電,-57000.0,0.0,2003.0,-54997.0,0.0,1,0.0,0.0,0.0,0.0,0,TWSE,🚀 主力拉升（趨勢延續）,高,可續抱；若是試單，可觀察是否進入加碼條件。,2026-05-09 00:25:55,behavior_interpretation,2026-05-08,融程電,TWSE,171.0,178.5,168.5,0.0233236151603497,0.1142857142857143,0.1322580645161291,0.125,0.2145328719723183,0.1699999999999999,164.1,159.95,157.875,150.50833333333333,0.0241093416478806,933246.0,571649.45,2.690767917296164,1.6325494584137157,178.5,145.0,178.5,133.5,0.1908831908821032,164.1,157.875,0.0354700854698833,0.0325376062784006,75.1234115595285,62.98397615967571,0.0,4.271289750275088,2.702535705054418,1.5687540452206696,0.0,67614716.0,0.0741277558287898,3.0,3.0,5.0,5.0,7.0,8.0,2754.0,True,CORE Early Entry,96.0,BUY,買進,早期卡位,CORE早期卡位｜剛轉強｜靠近MA20｜量能回溫｜高流動性,CORE,,,,,,,,,,,,,,MA5：站上｜↑ 強勢,MA20：站上｜↑ 強勢,,,,,MA10：站上｜↑ 強勢,MA5：站上｜↑ 強勢,MA10：站上｜↑ 強勢,MA20：站上｜↑ 強勢,突破確認K,多頭排列,多頭排列,MA5：站上｜↑ 強勢｜MA10：站上｜↑ 強勢｜MA20：站上｜↑ 強勢｜K棒：突破確認K｜K線：多頭排列,K棒型態：突破確認K｜K線結構：多頭排列,依原策略執行，技術欄位用於確認節奏與風險。,12.0,A,起漲結構強,20D站上MA20｜MA20走平翻揚｜MA5站上MA10｜接近20日高｜40D平台收斂｜短中均線糾結｜40D低點守住｜接近/站回MA60｜MA60不再下彎｜站回60D區間中上｜5D動能轉正｜10D動能轉正,平台壓縮後轉強，可優先觀察起漲/試單。,v266.57.9,7.7,A,續強品質強,回檔不破前低｜低點墊高確認｜收盤守MA5｜續強確認：收盤未跌破MA5｜MA5仍在MA10上｜仍站MA20｜10D動能維持｜扣分:接近20日高且短線過熱,回檔承接尚可，若原策略入選，可優先觀察延續。,v266.57.9,6.5,A,突破品質強,紅K實體放大｜收盤接近高點｜突破近5日高｜MA5加速上彎｜短均多頭,TEST有升級IGNITION條件，可優先觀察隔日延續。,v266.57.9,ALPHA,0.35,0.75,0.25,107.6,69.0,最後後處理補寫：原分數+結構前置+續強品質+突破品質；不覆蓋原策略,一般,90.572,v266.58.1,2026-05-09 00:25:47,突破中,否,法人偏多｜量能放大｜均線轉強,突破中,4,13,準IGNITION,前狀態:nan→今日:突破中｜狀態跳升｜具備點火條件,READY,v266.60.2,95.122,42.0,32.0,27.0,15.0,35.735,30.0,20/40/60結構佳｜籌碼偏多｜續強品質佳｜主力佈局語意｜狀態升級強｜具升級旗標｜升級標籤｜距MA20合理｜距MA60合理｜短均轉強｜動能初段未過熱｜風險語意扣分｜突破品質輔助,過熱降權,v266.61,2026-05-09 00:25:50,67.0,站上MA20且結構成形｜溫和放量不跌｜平台壓縮後放量｜洗盤不破承接｜突破品質成立但未過熱｜籌碼偏多未過熱｜狀態升級觸發｜狀態轉移轉強,強點火事件,可列入優先追蹤，觀察隔日不破MA5/MA10。,86.685,59,v266.62,2026-05-09 00:25:51,2.0,籌碼剛轉強｜狀態剛升級｜已經強很久,NONE,55,38,WATCH_TURN,溫和放量｜籌碼初升｜狀態剛升級｜平台收斂｜風險文字,17
TEST,2026-05-08,2026-05-11,6823,濾能,ENTRY,CORE,CORE,80.0,WAIT,BLOCK,False,88.79,12000.0,0.012,3,CORE早期卡位｜剛轉強｜靠近MA20｜量能回溫｜高流動性,BLOCK：超出本市場狀態可執行名額｜大盤中性 ：BUY 降級 TEST，控制追高｜v266.57.9：結構：平台壓縮後轉強，可優先觀察起漲/試單。｜續強：回檔承接尚可，若原策略入選，可優先觀察延續。｜突破：尚未形成乾淨突破，不急著升級。,119.44,,,HIGH,高流動性,70.33,1606658.0,142510564600.0,9.0,🟢 偏集中,62（🟢 偏集中）,均線結構｜法人偏多,籌碼偏集中但資料有限，可搭配技術面確認，不宜單獨重倉。,1,部分籌碼資料有限,📉 低信心,,,濾能,0.0,5.0,5.0,10.0,1.0,1,0.0,0.0,0.0,0.0,0,TPEX,⚪ 行為中性（依策略判斷）,中低,目前訊號不夠明確，依原策略與風控執行。,2026-05-09 00:25:55,behavior_interpretation,2026-05-08,濾能,TPEX,91.0,95.3,88.7,0.0,0.0,0.0,0.1549478707731617,0.3990535940885431,0.4469820734740573,88.7,88.7,82.78499984741211,69.31166661580404,0.0542147502735575,1606658.0,1177761.45,1.364162496573477,1.364162496573477,95.3,65.0,95.3,57.09999847412109,0.3416009019127214,88.7,82.78499984741211,0.0666854583147825,0.0864886143666168,29.39620830442135,49.82120869329955,0.0,5.71969361440901,5.742295744184743,-0.0226021297757323,0.0,9994378.0,0.0,0.0,3.0,0.0,5.0,1.0,10.0,1192.0,True,CORE Early Entry,96.0,BUY,買進,早期卡位,CORE早期卡位｜剛轉強｜靠近MA20｜量能回溫｜高流動性,CORE,TREND,50-100,88.79,135.15,12018.0,,,,,,,,,MA5：貼近｜→ 盤整,MA20：站上｜↑ 強勢,,,,,MA10：貼近｜→ 盤整,MA5：貼近｜→ 盤整,MA10：貼近｜→ 盤整,MA20：站上｜↑ 強勢,突破確認K,整理後轉強,整理後轉強,MA5：貼近｜→ 盤整｜MA10：貼近｜→ 盤整｜MA20：站上｜↑ 強勢｜K棒：突破確認K｜K線：整理後轉強,K棒型態：突破確認K｜K線結構：整理後轉強,依原策略執行，技術欄位用於確認節奏與風險。,8.3,A,起漲結構強,20D站上MA20｜MA20走平翻揚｜MA5站上MA10｜短中均線糾結｜40D低點守住｜接近/站回MA60｜MA60不再下彎｜站回60D區間中上｜10D動能轉正｜扣分:長上影壓力,平台壓縮後轉強，可優先觀察起漲/試單。,v266.57.9,7.7,A,續強品質強,回檔不破前低｜低點墊高確認｜收盤守MA5｜續強確認：收盤未跌破MA5｜MA5仍在MA10上｜仍站MA20｜10D動能維持｜扣分:長上影壓力,回檔承接尚可，若原策略入選，可優先觀察延續。,v266.57.9,-1.4,D,突破不足,短均多頭｜扣分:收盤位置偏弱、上影偏長,尚未形成乾淨突破，不急著升級。,v266.57.9,CORE,0.95,0.55,0.35,107.63,67.0,最後後處理補寫：原分數+結構前置+續強品質+突破品質；不覆蓋原策略,一般,89.877,v266.58.1,2026-05-09 00:25:47,突破中,否,法人偏多｜均線轉強,突破中,4,12,準IGNITION,前狀態:突破中→今日:突破中｜強狀態維持｜強狀態連續維持｜具備點火條件,READY,v266.60.2,94.077,30.0,32.0,15.0,15.0,28.508,51.0,20/40/60結構佳｜續強品質佳｜主力佈局語意｜狀態升級強｜具升級旗標｜升級標籤｜距MA20合理｜短均轉強｜風險語意扣分,過熱降權,v266.61,2026-05-09 00:25:50,38.0,站上MA20且結構成形｜平台壓縮後放量｜洗盤不破承接｜籌碼偏多未過熱｜狀態升級觸發｜狀態轉移轉強｜假突破/出貨風險扣分,強點火事件,可列入優先追蹤，觀察隔日不破MA5/MA10。,77.254,84,v266.62,2026-05-09 00:25:51,42.0,第一次站上MA20｜第一次溫和放量｜籌碼剛轉強｜trigger事件成立｜狀態剛升級,FIRST_IGNITION,1,38,WATCH_TURN,溫和放量｜籌碼初升｜狀態剛升級｜平台收斂｜風險文字,18
TEST,2026-05-08,2026-05-11,7712,博盛半導體,ENTRY,ALPHA,ALPHA,58.0,WAIT,BLOCK,False,134.5,0.0,0.0,3,ALPHA高流動性強勢延續｜成交量/成交金額優先｜突破/趨勢確認｜高流動性,BLOCK：超出本市場狀態可執行名額｜v266.57.9：結構：平台壓縮後轉強，可優先觀察起漲/試單。｜續強：回檔承接尚可，若原策略入選，可優先觀察延續。｜突破：有轉強跡象，但突破品質尚未完全成立。,113.43,,,HIGH,高流動性,75.79,2164604.0,291139238000.0,5.0,🟡 普通,50（🟡 普通）,均線結構,籌碼普通或資料有限，需搭配技術面確認。,1,部分籌碼資料有限,📉 低信心,,,,0.0,0.0,0.0,0.0,0.0,1,0.0,0.0,0.0,0.0,0,TPEX,🚀 主力拉升（趨勢延續）,高,可續抱；若是試單，可觀察是否進入加碼條件。,2026-05-09 00:25:55,behavior_interpretation,2026-05-08,博盛半導體,TPEX,122.5,134.5,120.0,0.0,0.0,0.0,0.1594827586206897,0.2117117117117117,0.5804935653541927,134.5,134.5,125.975,112.57499987284342,0.0481280634634575,2164604.0,1504785.95,1.4384796721420736,1.4384796721420736,134.5,107.0,136.5,81.0999984741211,0.2044609665412307,134.5,125.975,0.0633828996277815,0.0476091476087516,99.1660259611426,96.54487268644188,0.0,5.9828720102594986,5.639171306034751,0.3437007042247479,0.0,13217444.0,0.0,0.0,3.0,0.0,5.0,1.0,10.0,593.0,True,CORE Early Entry,96.0,BUY,買進,早期卡位,CORE早期卡位｜剛轉強｜靠近MA20｜量能回溫｜高流動性,CORE,,,,,,,,,,,,,,MA5：貼近｜→ 盤整,MA20：站上｜↑ 強勢,,,,,MA10：貼近｜→ 盤整,MA5：貼近｜→ 盤整,MA10：貼近｜→ 盤整,MA20：站上｜↑ 強勢,突破確認K,整理後轉強,整理後轉強,MA5：貼近｜→ 盤整｜MA10：貼近｜→ 盤整｜MA20：站上｜↑ 強勢｜K棒：突破確認K｜K線：整理後轉強,K棒型態：突破確認K｜K線結構：整理後轉強,依原策略執行，技術欄位用於確認節奏與風險。,12.0,A,起漲結構強,20D站上MA20｜MA20走平翻揚｜MA5站上MA10｜接近20日高｜40D平台收斂｜短中均線糾結｜40D低點守住｜接近/站回MA60｜MA60不再下彎｜站回60D區間中上｜量縮後溫和放量｜10D動能轉正,平台壓縮後轉強，可優先觀察起漲/試單。,v266.57.9,8.7,A,續強品質強,回檔不破前低｜低點墊高確認｜收盤守MA5｜續強確認：收盤未跌破MA5｜MA5仍在MA10上｜仍站MA20｜10D動能維持,回檔承接尚可，若原策略入選，可優先觀察延續。,v266.57.9,3.8,C,突破觀察,收盤接近高點｜突破近5日高｜短均多頭,有轉強跡象，但突破品質尚未完全成立。,v266.57.9,ALPHA,0.35,0.75,0.25,107.675,64.0,最後後處理補寫：原分數+結構前置+續強品質+突破品質；不覆蓋原策略,一般,89.194,v266.58.1,2026-05-09 00:25:47,突破中,否,均線轉強,突破中,4,13,準IGNITION,前狀態:nan→今日:突破中｜狀態跳升｜具備點火條件,READY,v266.60.2,93.744,30.0,32.0,21.0,0.0,35.597,32.0,20/40/60結構佳｜續強品質佳｜主力佈局語意｜狀態升級強｜具升級旗標｜升級標籤｜距MA20合理｜距MA60合理｜短均轉強,高優先準點火,v266.61,2026-05-09 00:25:50,52.0,站上MA20且結構成形｜溫和放量不跌｜平台壓縮後放量｜洗盤不破承接｜狀態升級觸發｜狀態轉移轉強,強點火事件,可列入優先追蹤，觀察隔日不破MA5/MA10。,81.221,75,v266.62,2026-05-09 00:25:51,14.0,第一次站上MA20｜第一次溫和放量｜狀態剛升級｜已經強很久,WATCH,26,37,WATCH_TURN,溫和放量｜狀態剛升級｜first trigger合理｜平台收斂｜過熱扣分,19
TEST,2026-05-08,2026-05-11,6716,應廣,ENTRY,ALPHA,ALPHA,58.0,WAIT,BLOCK,False,94.7,0.0,0.0,3,ALPHA高流動性強勢延續｜成交量/成交金額優先｜突破/趨勢確認｜高流動性,BLOCK：超出本市場狀態可執行名額｜v266.57.9：結構：平台壓縮後轉強，可優先觀察起漲/試單。｜續強：回檔承接尚可，若原策略入選，可優先觀察延續。｜突破：有轉強跡象，但突破品質尚未完全成立。,110.21,,,HIGH,高流動性,68.19,1293933.0,122535455100.00002,5.0,🟡 普通,50（🟡 普通）,均線結構,籌碼普通或資料有限，需搭配技術面確認。,1,部分籌碼資料有限,📉 低信心,,,應廣,0.0,0.0,0.0,0.0,0.0,1,0.0,0.0,0.0,0.0,0,TPEX,🚀 主力拉升（趨勢延續）,高,可續抱；若是試單，可觀察是否進入加碼條件。,2026-05-09 00:25:55,behavior_interpretation,2026-05-08,應廣,TPEX,94.7,94.7,92.0,0.0,0.0,0.0,0.1273809523809523,0.3171070652330197,0.6940965548303006,94.7,94.7,86.55,78.53833312988282,0.0438771962635634,1293933.0,983921.1,1.315078007779281,1.315078007779281,94.7,71.0,106.0,55.79999923706055,0.2502639915496276,94.7,86.55,0.086061246039218,0.0783031188610938,99.4608136421942,97.64651564097704,0.0,5.699804142728567,5.154289704805924,0.5455144379226429,0.0,37751959.0,0.0,0.0,3.0,0.0,5.0,1.0,10.0,1794.0,True,CORE Early Entry,96.0,BUY,買進,早期卡位,CORE早期卡位｜剛轉強｜靠近MA20｜量能回溫｜高流動性,CORE,,,,,,,,,,,,,,MA5：貼近｜→ 盤整,MA20：站上｜↑ 強勢,,,,,MA10：貼近｜→ 盤整,MA5：貼近｜→ 盤整,MA10：貼近｜→ 盤整,MA20：站上｜↑ 強勢,突破確認K,整理後轉強,整理後轉強,MA5：貼近｜→ 盤整｜MA10：貼近｜→ 盤整｜MA20：站上｜↑ 強勢｜K棒：突破確認K｜K線：整理後轉強,K棒型態：突破確認K｜K線結構：整理後轉強,依原策略執行，技術欄位用於確認節奏與風險。,10.3,A,起漲結構強,20D站上MA20｜MA20走平翻揚｜MA5站上MA10｜接近20日高｜40D平台收斂｜40D低點守住｜接近/站回MA60｜MA60不再下彎｜站回60D區間中上｜10D動能轉正,平台壓縮後轉強，可優先觀察起漲/試單。,v266.57.9,8.7,A,續強品質強,回檔不破前低｜低點墊高確認｜收盤守MA5｜續強確認：收盤未跌破MA5｜MA5仍在MA10上｜仍站MA20｜10D動能維持,回檔承接尚可，若原策略入選，可優先觀察延續。,v266.57.9,3.8,C,突破觀察,收盤接近高點｜突破近5日高｜短均多頭,有轉強跡象，但突破品質尚未完全成立。,v266.57.9,ALPHA,0.35,0.75,0.25,107.08,74.0,最後後處理補寫：原分數+結構前置+續強品質+突破品質；不覆蓋原策略,一般,88.706,v266.58.1,2026-05-09 00:25:47,突破中,否,均線轉強,突破中,4,13,準IGNITION,前狀態:nan→今日:突破中｜狀態跳升｜具備點火條件,READY,v266.60.2,93.256,30.0,32.0,15.0,0.0,34.048,38.0,20/40/60結構佳｜續強品質佳｜主力佈局語意｜狀態升級強｜具升級旗標｜升級標籤｜距MA20合理｜短均轉強,高優先準點火,v266.61,2026-05-09 00:25:50,42.0,站上MA20且結構成形｜平台壓縮後放量｜洗盤不破承接｜狀態升級觸發｜狀態轉移轉強,強點火事件,可列入優先追蹤，觀察隔日不破MA5/MA10。,77.879,83,v266.62,2026-05-09 00:25:51,16.0,第一次溫和放量｜狀態剛升級,WATCH,16,37,WATCH_TURN,溫和放量｜狀態剛升級｜first trigger合理｜平台收斂｜過熱扣分,20
TEST,2026-05-08,2026-05-11,3441,聯一光,ENTRY,ALPHA,ALPHA,58.0,WAIT,BLOCK,False,42.8,0.0,0.0,3,ALPHA高流動性強勢延續｜成交量/成交金額優先｜突破/趨勢確認｜高流動性,BLOCK：超出本市場狀態可執行名額｜v266.57.9：結構：平台壓縮後轉強，可優先觀察起漲/試單。｜續強：回檔承接尚可，若原策略入選，可優先觀察延續。｜突破：有轉強跡象，但突破品質尚未完全成立。,112.9,,,HIGH,高流動性,74.29,3017058.0,129130082399.99998,13.0,🟡 普通,50（🟡 普通）,爆量不跌｜均線結構,籌碼普通或資料有限，需搭配技術面確認。,1,部分籌碼資料有限,📉 低信心,,,聯一光,0.0,0.0,0.0,0.0,0.0,1,0.0,0.0,0.0,0.0,0,TPEX,🚀 主力拉升（趨勢延續）,高,可續抱；若是試單，可觀察是否進入加碼條件。,2026-05-09 00:25:55,behavior_interpretation,2026-05-08,聯一光,TPEX,40.0,43.0,38.0,0.0,0.0,0.0,0.2662722179316281,0.3630573414001623,0.1938633702005838,42.8,42.8,38.13500022888184,34.61333341598511,0.0632224180238482,3017058.0,1776095.6,1.698702479753904,1.698702479753904,43.0,31.049999237060547,43.0,29.14999961853028,0.2792056252958002,42.8,38.13500022888184,0.1089953217525506,0.0884052806620507,96.17927100390978,94.49022849228736,0.0,2.8704949349214743,2.446882411559397,0.4236125233620775,0.0,586329277.0,0.0,0.0,3.0,0.0,5.0,1.0,10.0,2757.0,True,CORE Early Entry,96.0,BUY,買進,早期卡位,CORE早期卡位｜剛轉強｜靠近MA20｜量能回溫｜高流動性,CORE,,,,,,,,,,,,,,MA5：貼近｜→ 盤整,MA20：站上｜↑ 強勢,,,,,MA10：貼近｜→ 盤整,MA5：貼近｜→ 盤整,MA10：貼近｜→ 盤整,MA20：站上｜↑ 強勢,突破確認K,整理後轉強,整理後轉強,MA5：貼近｜→ 盤整｜MA10：貼近｜→ 盤整｜MA20：站上｜↑ 強勢｜K棒：突破確認K｜K線：整理後轉強,K棒型態：突破確認K｜K線結構：整理後轉強,依原策略執行，技術欄位用於確認節奏與風險。,12.0,A,起漲結構強,20D站上MA20｜MA20走平翻揚｜MA5站上MA10｜接近20日高｜40D平台收斂｜40D低點守住｜接近/站回MA60｜MA60不再下彎｜站回60D區間中上｜量縮後溫和放量｜10D動能轉正,平台壓縮後轉強，可優先觀察起漲/試單。,v266.57.9,8.7,A,續強品質強,回檔不破前低｜低點墊高確認｜收盤守MA5｜續強確認：收盤未跌破MA5｜MA5仍在MA10上｜仍站MA20｜10D動能維持,回檔承接尚可，若原策略入選，可優先觀察延續。,v266.57.9,3.8,C,突破觀察,收盤接近高點｜突破近5日高｜短均多頭,有轉強跡象，但突破品質尚未完全成立。,v266.57.9,ALPHA,0.35,0.75,0.25,107.675,64.0,最後後處理補寫：原分數+結構前置+續強品質+突破品質；不覆蓋原策略,一般,90.634,v266.58.1,2026-05-09 00:25:47,突破中,否,法人偏多｜量能放大｜均線轉強,突破中,4,13,準IGNITION,前狀態:nan→今日:突破中｜狀態跳升｜具備點火條件,READY,v266.60.2,95.184,42.0,32.0,5.0,0.0,35.941,28.0,20/40/60結構佳｜籌碼偏多｜續強品質佳｜主力佈局語意｜狀態升級強｜具升級旗標｜升級標籤｜短均轉強,高優先準點火,v266.61,2026-05-09 00:25:50,60.0,站上MA20且結構成形｜溫和放量不跌｜平台壓縮後放量｜洗盤不破承接｜籌碼偏多未過熱｜狀態升級觸發｜狀態轉移轉強,強點火事件,可列入優先追蹤，觀察隔日不破MA5/MA10。,84.629,63,v266.62,2026-05-09 00:25:51,12.0,第一次溫和放量｜籌碼剛轉強｜狀態剛升級｜已經強很久,WATCH,29,27,NONE,溫和放量｜籌碼初升｜狀態剛升級｜first trigger合理｜平台收斂｜過熱扣分｜風險文字,21
TEST,2026-05-08,2026-05-11,3702,大聯大,ENTRY,CORE,CORE,80.0,BREAK,WATCH,False,113.61,30000.0,0.03,3,ALPHA高流動性強勢延續｜成交量/成交金額優先｜突破/趨勢確認｜高流動性,WATCH：保留觀察，不下單｜大盤中性 ：BUY 降級 TEST，控制追高｜全清單 TOP3：優先觀察發動機會｜試單清單 TOP3：本區最可能發動｜v266.57.9：結構：平台壓縮後轉強，可優先觀察起漲/試單。｜續強：回檔承接尚可，若原策略入選，可優先觀察延續。｜突破：TEST有升級IGNITION條件，可優先觀察隔日延續。,138.23,3.0,TOP3,HIGH,高流動性,94.94,25183767.0,2858357554500.0,9.0,🟢 偏集中,65（🟢 偏集中）,均線結構｜法人偏多,籌碼偏集中但資料有限，可搭配技術面確認，不宜單獨重倉。,1,部分籌碼資料有限,📉 低信心,3.0,試單TOP3,大聯大,1586922.0,-854000.0,219445.0,952367.0,1.0,1,0.0,0.0,0.0,0.0,0,TWSE,🚀 主力拉升（趨勢延續）,高,可續抱；若是試單，可觀察是否進入加碼條件。,2026-05-09 00:25:55,behavior_interpretation,2026-05-08,大聯大,TWSE,105.5,113.5,105.5,0.0966183574879226,0.1237623762376238,0.1407035175879396,0.1073170731707318,0.2738496289982073,0.7706708689832968,104.9,101.4199996948242,98.975,83.71666653951009,0.0308534353819215,13226916.8,17163413.25,1.467293634032846,0.7706460601593917,113.5,89.5,113.5,62.0,0.211453744491529,104.9,98.975,0.0522026431713463,0.0416228154124275,86.96477377078477,76.75131236462639,0.0,5.037754112121178,4.544703219088756,0.4930508930324215,1.0,649203805.0,0.0563548985527986,2.0,3.0,3.0,5.0,5.0,7.0,2754.0,True,CORE Early Entry,96.0,BUY,買進,早期卡位,CORE早期卡位｜剛轉強｜靠近MA20｜量能回溫｜高流動性,CORE,TREND,100-300,113.61,264.05,30045.0,,,,,,,,,MA5：站上｜↑ 強勢,MA20：站上｜↑ 強勢,,,,,MA10：站上｜↑ 強勢,MA5：站上｜↑ 強勢,MA10：站上｜↑ 強勢,MA20：站上｜↑ 強勢,突破確認K,多頭排列,多頭排列,MA5：站上｜↑ 強勢｜MA10：站上｜↑ 強勢｜MA20：站上｜↑ 強勢｜K棒：突破確認K｜K線：多頭排列,K棒型態：突破確認K｜K線結構：多頭排列,依原策略執行，技術欄位用於確認節奏與風險。,12.0,A,起漲結構強,20D站上MA20｜MA20走平翻揚｜MA5站上MA10｜接近20日高｜短中均線糾結｜40D低點守住｜接近/站回MA60｜MA60不再下彎｜站回60D區間中上｜近5日量縮｜量縮後溫和放量｜5D動能轉正｜10D動能轉正,平台壓縮後轉強，可優先觀察起漲/試單。,v266.57.9,9.2,A,續強品質強,回檔不破前低｜低點墊高確認｜收盤守MA5｜續強確認：收盤未跌破MA5｜回檔量縮｜MA5仍在MA10上｜仍站MA20｜10D動能維持｜扣分:接近20日高且短線過熱,回檔承接尚可，若原策略入選，可優先觀察延續。,v266.57.9,6.5,A,突破品質強,紅K實體放大｜收盤接近高點｜突破近5日高｜MA5加速上彎｜短均多頭,TEST有升級IGNITION條件，可優先觀察隔日延續。,v266.57.9,CORE,0.95,0.55,0.35,114.735,56.0,最後後處理補寫：原分數+結構前置+續強品質+突破品質；不覆蓋原策略,一般,95.703,v266.58.1,2026-05-09 00:25:47,突破中,否,法人偏多｜均線轉強,突破中,4,12,準IGNITION,前狀態:突破中→今日:突破中｜強狀態維持｜強狀態連續維持｜具備點火條件,READY,v266.60.2,99.903,30.0,32.0,5.0,15.0,27.19,54.0,20/40/60結構佳｜續強品質佳｜主力佈局語意｜狀態升級強｜具升級旗標｜升級標籤｜短均轉強｜風險語意扣分｜突破品質輔助,過熱降權,v266.61,2026-05-09 00:25:50,67.0,站上MA20且結構成形｜溫和放量不跌｜平台壓縮後放量｜洗盤不破承接｜突破品質成立但未過熱｜籌碼偏多未過熱｜狀態升級觸發｜狀態轉移轉強,強點火事件,可列入優先追蹤，觀察隔日不破MA5/MA10。,90.032,43,v266.62,2026-05-09 00:25:51,12.0,第一次溫和放量｜籌碼剛轉強｜狀態剛升級｜已經強很久,WATCH,28,27,NONE,溫和放量｜籌碼初升｜狀態剛升級｜first trigger合理｜平台收斂｜過熱扣分｜風險文字,22
TEST,2026-05-08,2026-05-11,3702,大聯大,ENTRY,ALPHA,ALPHA,58.0,BREAK,BLOCK,False,113.5,30000.0,0.03,3,ALPHA高流動性強勢延續｜成交量/成交金額優先｜突破/趨勢確認｜高流動性,BLOCK：同股已由高優先桶接管｜全清單 TOP3：優先觀察發動機會｜試單清單 TOP3：本區最可能發動｜v266.57.9：結構：平台壓縮後轉強，可優先觀察起漲/試單。｜續強：回檔承接尚可，若原策略入選，可優先觀察延續。｜突破：TEST有升級IGNITION條件，可優先觀察隔日延續。,130.13,3.0,TOP3,HIGH,高流動性,94.94,25183767.0,2858357554500.0,9.0,🟢 偏集中,65（🟢 偏集中）,均線結構｜法人偏多,籌碼偏集中但資料有限，可搭配技術面確認，不宜單獨重倉。,1,部分籌碼資料有限,📉 低信心,3.0,試單TOP3,大聯大,1586922.0,-854000.0,219445.0,952367.0,1.0,1,0.0,0.0,0.0,0.0,0,TWSE,🚀 主力拉升（趨勢延續）,高,可續抱；若是試單，可觀察是否進入加碼條件。,2026-05-09 00:25:55,behavior_interpretation,2026-05-08,大聯大,TWSE,105.5,113.5,105.5,0.0966183574879226,0.1237623762376238,0.1407035175879396,0.1073170731707318,0.2738496289982073,0.7706708689832968,104.9,101.4199996948242,98.975,83.71666653951009,0.0308534353819215,13226916.8,17163413.25,1.467293634032846,0.7706460601593917,113.5,89.5,113.5,62.0,0.211453744491529,104.9,98.975,0.0522026431713463,0.0416228154124275,86.96477377078477,76.75131236462639,0.0,5.037754112121178,4.544703219088756,0.4930508930324215,1.0,649203805.0,0.0563548985527986,2.0,3.0,3.0,5.0,5.0,7.0,2754.0,True,CORE Early Entry,96.0,BUY,買進,早期卡位,CORE早期卡位｜剛轉強｜靠近MA20｜量能回溫｜高流動性,CORE,TREND,100-300,113.61,264.05,30045.0,,,,,,,,,MA5：站上｜↑ 強勢,MA20：站上｜↑ 強勢,,,,,MA10：站上｜↑ 強勢,MA5：站上｜↑ 強勢,MA10：站上｜↑ 強勢,MA20：站上｜↑ 強勢,突破確認K,多頭排列,多頭排列,MA5：站上｜↑ 強勢｜MA10：站上｜↑ 強勢｜MA20：站上｜↑ 強勢｜K棒：突破確認K｜K線：多頭排列,K棒型態：突破確認K｜K線結構：多頭排列,依原策略執行，技術欄位用於確認節奏與風險。,12.0,A,起漲結構強,20D站上MA20｜MA20走平翻揚｜MA5站上MA10｜接近20日高｜短中均線糾結｜40D低點守住｜接近/站回MA60｜MA60不再下彎｜站回60D區間中上｜近5日量縮｜量縮後溫和放量｜5D動能轉正｜10D動能轉正,平台壓縮後轉強，可優先觀察起漲/試單。,v266.57.9,9.2,A,續強品質強,回檔不破前低｜低點墊高確認｜收盤守MA5｜續強確認：收盤未跌破MA5｜回檔量縮｜MA5仍在MA10上｜仍站MA20｜10D動能維持｜扣分:接近20日高且短線過熱,回檔承接尚可，若原策略入選，可優先觀察延續。,v266.57.9,6.5,A,突破品質強,紅K實體放大｜收盤接近高點｜突破近5日高｜MA5加速上彎｜短均多頭,TEST有升級IGNITION條件，可優先觀察隔日延續。,v266.57.9,ALPHA,0.35,0.75,0.25,108.725,61.0,最後後處理補寫：原分數+結構前置+續強品質+突破品質；不覆蓋原策略,一般,90.774,v266.58.1,2026-05-09 00:25:47,突破中,否,法人偏多｜均線轉強,突破中,4,12,準IGNITION,前狀態:突破中→今日:突破中｜強狀態維持｜強狀態連續維持｜具備點火條件,READY,v266.60.2,94.974,30.0,32.0,5.0,15.0,26.037,60.0,20/40/60結構佳｜續強品質佳｜主力佈局語意｜狀態升級強｜具升級旗標｜升級標籤｜短均轉強｜風險語意扣分｜突破品質輔助,過熱降權,v266.61,2026-05-09 00:25:50,67.0,站上MA20且結構成形｜溫和放量不跌｜平台壓縮後放量｜洗盤不破承接｜突破品質成立但未過熱｜籌碼偏多未過熱｜狀態升級觸發｜狀態轉移轉強,強點火事件,可列入優先追蹤，觀察隔日不破MA5/MA10。,86.582,60,v266.62,2026-05-09 00:25:51,12.0,第一次溫和放量｜籌碼剛轉強｜狀態剛升級｜已經強很久,WATCH,27,27,NONE,溫和放量｜籌碼初升｜狀態剛升級｜first trigger合理｜平台收斂｜過熱扣分｜風險文字,23
TEST,2026-05-08,2026-05-11,3374,精材,ENTRY,ALPHA,ALPHA,58.0,WAIT,BLOCK,False,226.5,0.0,0.0,3,ALPHA高流動性強勢延續｜成交量/成交金額優先｜突破/趨勢確認｜高流動性,BLOCK：超出本市場狀態可執行名額｜v266.57.9：結構：平台壓縮後轉強，可優先觀察起漲/試單。｜續強：回檔承接尚可，若原策略入選，可優先觀察延續。｜突破：有轉強跡象，但突破品質尚未完全成立。,120.75,,,HIGH,高流動性,96.7,28439699.0,6441591823500.0,9.0,🔥 高度集中,85（🔥 高度集中）,均線結構｜法人偏多,籌碼偏集中但資料有限，可搭配技術面確認，不宜單獨重倉。,1,部分籌碼資料有限,📉 低信心,,,精材,198466.0,163213.0,-71253.0,290426.0,1.0,1,0.0,0.0,0.0,0.0,0,TPEX,🚀 主力拉升（趨勢延續）,高,可續抱；若是試單，可觀察是否進入加碼條件。,2026-05-09 00:25:55,behavior_interpretation,2026-05-08,精材,TPEX,203.0,226.5,202.5,0.0,0.0,0.0,0.1410579345088161,0.3603603603603604,0.3562874251497006,226.5,226.5,206.175,181.1083333333333,0.0482307579498255,28439699.0,20399203.75,1.3941573087135817,1.3941573087135817,226.5,163.5,226.5,153.0,0.2781456953630104,226.5,206.175,0.0897350993373521,0.0848460931329395,99.57993637288988,98.2091711785786,0.0,14.936510787168288,13.7935666905272,1.142944096641088,0.0,2469962031.0,0.0,0.0,3.0,0.0,5.0,1.0,10.0,2757.0,True,CORE Early Entry,96.0,BUY,買進,早期卡位,CORE早期卡位｜剛轉強｜靠近MA20｜量能回溫｜高流動性,CORE,,,,,,,,,,,,,,MA5：貼近｜→ 盤整,MA20：站上｜↑ 強勢,,,,,MA10：貼近｜→ 盤整,MA5：貼近｜→ 盤整,MA10：貼近｜→ 盤整,MA20：站上｜↑ 強勢,突破確認K,整理後轉強,整理後轉強,MA5：貼近｜→ 盤整｜MA10：貼近｜→ 盤整｜MA20：站上｜↑ 強勢｜K棒：突破確認K｜K線：整理後轉強,K棒型態：突破確認K｜K線結構：整理後轉強,依原策略執行，技術欄位用於確認節奏與風險。,12.0,A,起漲結構強,20D站上MA20｜MA20走平翻揚｜MA5站上MA10｜接近20日高｜40D平台收斂｜40D低點守住｜接近/站回MA60｜MA60不再下彎｜站回60D區間中上｜量縮後溫和放量｜10D動能轉正,平台壓縮後轉強，可優先觀察起漲/試單。,v266.57.9,8.7,A,續強品質強,回檔不破前低｜低點墊高確認｜收盤守MA5｜續強確認：收盤未跌破MA5｜MA5仍在MA10上｜仍站MA20｜10D動能維持,回檔承接尚可，若原策略入選，可優先觀察延續。,v266.57.9,3.8,C,突破觀察,收盤接近高點｜突破近5日高｜短均多頭,有轉強跡象，但突破品質尚未完全成立。,v266.57.9,ALPHA,0.35,0.75,0.25,107.675,64.0,最後後處理補寫：原分數+結構前置+續強品質+突破品質；不覆蓋原策略,一般,89.914,v266.58.1,2026-05-09 00:25:47,突破中,否,法人偏多｜均線轉強,突破中,4,13,準IGNITION,前狀態:nan→今日:突破中｜狀態跳升｜具備點火條件,READY,v266.60.2,94.464,30.0,32.0,15.0,0.0,34.169,37.0,20/40/60結構佳｜續強品質佳｜主力佈局語意｜狀態升級強｜具升級旗標｜升級標籤｜距MA20合理｜短均轉強,高優先準點火,v266.61,2026-05-09 00:25:50,50.0,站上MA20且結構成形｜平台壓縮後放量｜洗盤不破承接｜籌碼偏多未過熱｜狀態升級觸發｜狀態轉移轉強,強點火事件,可列入優先追蹤，觀察隔日不破MA5/MA10。,81.125,76,v266.62,2026-05-09 00:25:51,24.0,第一次溫和放量｜籌碼剛轉強｜狀態剛升級,EARLY_BREAK,8,27,NONE,溫和放量｜籌碼初升｜狀態剛升級｜first trigger合理｜平台收斂｜過熱扣分｜風險文字,24
TEST,2026-05-08,2026-05-11,6237,驊訊,ENTRY,ALPHA,ALPHA,58.0,WAIT,BLOCK,False,43.65,0.0,0.0,3,ALPHA高流動性強勢延續｜成交量/成交金額優先｜突破/趨勢確認｜高流動性,BLOCK：超出本市場狀態可執行名額｜v266.57.9：結構：平台壓縮後轉強，可優先觀察起漲/試單。｜續強：回檔承接尚可，若原策略入選，可優先觀察延續。,108.47,,,HIGH,高流動性,63.52,1213621.0,52974556650.0,9.0,🟢 偏集中,62（🟢 偏集中）,均線結構｜法人偏多,籌碼偏集中但資料有限，可搭配技術面確認，不宜單獨重倉。,1,部分籌碼資料有限,📉 低信心,,,驊訊,1115.0,163.0,-952.0,326.0,1.0,1,0.0,0.0,0.0,0.0,0,TPEX,🚀 主力拉升（趨勢延續）,高,可續抱；若是試單，可觀察是否進入加碼條件。,2026-05-09 00:25:55,behavior_interpretation,2026-05-08,驊訊,TPEX,43.65,43.65,43.65,0.0,0.0,0.0,0.1064638569286455,0.2192737690008954,0.09125,43.65,43.65,41.17250003814697,38.76666653951009,0.0281643848217325,1213621.0,811372.0,1.495763965234194,1.495763965234194,43.65,35.0,43.65,34.70000076293945,0.1981672393998128,43.65,41.17250003814697,0.0567583038212203,0.0504528679247686,43.82296011619992,71.55213737912557,0.0,1.6656867125674708,1.4752217987820224,0.1904649137854484,0.0,1058872250.0,0.0,0.0,3.0,0.0,5.0,1.0,10.0,2757.0,True,CORE Early Entry,96.0,BUY,買進,早期卡位,CORE早期卡位｜剛轉強｜靠近MA20｜量能回溫｜高流動性,CORE,,,,,,,,,,,,,,MA5：貼近｜→ 盤整,MA20：站上｜↑ 強勢,,,,,MA10：貼近｜→ 盤整,MA5：貼近｜→ 盤整,MA10：貼近｜→ 盤整,MA20：站上｜↑ 強勢,突破確認K,整理後轉強,整理後轉強,MA5：貼近｜→ 盤整｜MA10：貼近｜→ 盤整｜MA20：站上｜↑ 強勢｜K棒：突破確認K｜K線：整理後轉強,K棒型態：突破確認K｜K線結構：整理後轉強,依原策略執行，技術欄位用於確認節奏與風險。,11.8,A,起漲結構強,20D站上MA20｜MA20走平翻揚｜MA5站上MA10｜接近20日高｜40D平台收斂｜短中均線糾結｜40D低點守住｜接近/站回MA60｜MA60不再下彎｜站回60D區間中上｜10D動能轉正,平台壓縮後轉強，可優先觀察起漲/試單。,v266.57.9,8.7,A,續強品質強,回檔不破前低｜低點墊高確認｜收盤守MA5｜續強確認：收盤未跌破MA5｜MA5仍在MA10上｜仍站MA20｜10D動能維持,回檔承接尚可，若原策略入選，可優先觀察延續。,v266.57.9,,,,,,,ALPHA,0.35,0.75,0.25,106.655,78.0,最後後處理補寫：原分數+結構前置+續強品質+突破品質；不覆蓋原策略,一般,89.077,v266.58.1,2026-05-09 00:25:47,突破中,否,法人偏多｜均線轉強,突破中,4,13,準IGNITION,前狀態:nan→今日:突破中｜狀態跳升｜具備點火條件,READY,v266.60.2,93.627,30.0,32.0,21.0,0.0,35.585,33.0,20/40/60結構佳｜續強品質佳｜主力佈局語意｜狀態升級強｜具升級旗標｜升級標籤｜距MA20合理｜距MA60合理｜短均轉強,高優先準點火,v266.61,2026-05-09 00:25:50,60.0,站上MA20且結構成形｜溫和放量不跌｜平台壓縮後放量｜洗盤不破承接｜籌碼偏多未過熱｜狀態升級觸發｜狀態轉移轉強,強點火事件,可列入優先追蹤，觀察隔日不破MA5/MA10。,83.539,70,v266.62,2026-05-09 00:25:51,22.0,第一次站上MA20｜第一次溫和放量｜籌碼剛轉強｜狀態剛升級｜已經強很久,EARLY_BREAK,9,27,NONE,溫和放量｜籌碼初升｜狀態剛升級｜first trigger合理｜平台收斂｜過熱扣分｜風險文字,25
TEST,2026-05-08,2026-05-11,6532,瑞耘,ENTRY,CORE,CORE,80.0,BREAK,BLOCK,False,114.11,12000.0,0.012,3,CORE早期卡位｜剛轉強｜靠近MA20｜量能回溫｜高流動性,BLOCK：超出本市場狀態可執行名額｜大盤中性 ：BUY 降級 TEST，控制追高｜v266.57.9：結構：平台壓縮後轉強，可優先觀察起漲/試單。｜續強：回檔承接尚可，若原策略入選，可優先觀察延續。｜突破：有轉強跡象，但突破品質尚未完全成立。,134.43,,,HIGH,高流動性,84.08,5313911.0,605785854000.0,9.0,🟢 偏集中,74（🟢 偏集中）,均線結構｜法人偏多,籌碼偏集中但資料有限，可搭配技術面確認，不宜單獨重倉。,1,部分籌碼資料有限,📉 低信心,,,瑞耘,5606.0,6000.0,394.0,12000.0,1.0,1,0.0,0.0,0.0,0.0,0,TPEX,⚪ 行為中性（依策略判斷）,中低,目前訊號不夠明確，依原策略與風控執行。,2026-05-09 00:25:55,behavior_interpretation,2026-05-08,瑞耘,TPEX,112.0,114.0,109.0,0.0,0.0,0.0,0.0754716981132075,0.3885505739191233,0.9895288223017458,114.0,114.0,101.1650001525879,77.1900000890096,0.0443192505268839,5313911.0,4046871.0,1.3130912747156998,1.3130912747156998,114.0,76.5999984741211,114.0,52.79999923706055,0.3280701888206213,114.0,101.1650001525879,0.1125877179587677,0.1033975012263385,99.79657416934832,99.018265054569,0.0,10.48374940696361,10.400483951703531,0.0832654552600793,0.0,165696122.0,0.0,0.0,3.0,0.0,5.0,1.0,10.0,2666.0,True,CORE Early Entry,96.0,BUY,買進,早期卡位,CORE早期卡位｜剛轉強｜靠近MA20｜量能回溫｜高流動性,CORE,TREND,100-300,114.11,105.16,12018.0,,,,,,,,,MA5：貼近｜→ 盤整,MA20：站上｜↑ 強勢,,,,,MA10：貼近｜→ 盤整,MA5：貼近｜→ 盤整,MA10：貼近｜→ 盤整,MA20：站上｜↑ 強勢,突破確認K,整理後轉強,整理後轉強,MA5：貼近｜→ 盤整｜MA10：貼近｜→ 盤整｜MA20：站上｜↑ 強勢｜K棒：突破確認K｜K線：整理後轉強,K棒型態：突破確認K｜K線結構：整理後轉強,依原策略執行，技術欄位用於確認節奏與風險。,8.8,A,起漲結構強,20D站上MA20｜MA20走平翻揚｜MA5站上MA10｜接近20日高｜40D低點守住｜接近/站回MA60｜MA60不再下彎｜站回60D區間中上｜10D動能轉正,平台壓縮後轉強，可優先觀察起漲/試單。,v266.57.9,8.7,A,續強品質強,回檔不破前低｜低點墊高確認｜收盤守MA5｜續強確認：收盤未跌破MA5｜MA5仍在MA10上｜仍站MA20｜10D動能維持,回檔承接尚可，若原策略入選，可優先觀察延續。,v266.57.9,3.8,C,突破觀察,收盤接近高點｜突破近5日高｜短均多頭,有轉強跡象，但突破品質尚未完全成立。,v266.57.9,CORE,0.95,0.55,0.35,110.475,59.0,最後後處理補寫：原分數+結構前置+續強品質+突破品質；不覆蓋原策略,一般,92.209,v266.58.1,2026-05-09 00:25:47,突破中,否,法人偏多｜均線轉強,突破中,4,12,準IGNITION,前狀態:突破中→今日:突破中｜強狀態維持｜強狀態連續維持｜具備點火條件,READY,v266.60.2,96.409,30.0,32.0,5.0,0.0,32.541,43.0,20/40/60結構佳｜續強品質佳｜主力佈局語意｜狀態升級強｜具升級旗標｜升級標籤｜短均轉強,高優先準點火,v266.61,2026-05-09 00:25:50,50.0,站上MA20且結構成形｜平台壓縮後放量｜洗盤不破承接｜籌碼偏多未過熱｜狀態升級觸發｜狀態轉移轉強,強點火事件,可列入優先追蹤，觀察隔日不破MA5/MA10。,82.486,72,v266.62,2026-05-09 00:25:51,24.0,第一次溫和放量｜籌碼剛轉強｜狀態剛升級,EARLY_BREAK,7,27,NONE,溫和放量｜籌碼初升｜狀態剛升級｜first trigger合理｜平台收斂｜過熱扣分｜風險文字,26
TEST,2026-05-08,2026-05-11,2317,鴻海,ENTRY,ALPHA,ALPHA,58.0,WAIT,BLOCK,False,250.0,0.0,0.0,3,ALPHA高流動性強勢延續｜成交量/成交金額優先｜突破/趨勢確認｜高流動性,BLOCK：超出本市場狀態可執行名額｜v266.57.9：結構：平台壓縮後轉強，可優先觀察起漲/試單。｜續強：回檔承接尚可，若原策略入選，可優先觀察延續。｜突破：尚未形成乾淨突破，不急著升級。,121.71,,,HIGH,高流動性,99.47,102375417.0,25593854250000.0,9.0,🟢 偏集中,65（🟢 偏集中）,均線結構｜法人偏多,籌碼偏集中但資料有限，可搭配技術面確認，不宜單獨重倉。,1,部分籌碼資料有限,📉 低信心,,,鴻海,2786937.0,-131479.0,2074851.0,4730309.0,1.0,1,0.0,0.0,0.0,0.0,0,TWSE,🚀 主力拉升（趨勢延續）,高,可續抱；若是試單，可觀察是否進入加碼條件。,2026-05-09 00:25:55,behavior_interpretation,2026-05-08,鴻海,TWSE,254.0,256.0,245.5,-0.0138067061143983,0.1389521640091116,0.1086474501108647,0.1848341232227488,0.3020833333333332,0.1086474501108647,235.1,229.65,217.25,215.21666666666667,0.0320251642427302,81187282.8,75528457.75,1.3554548848179016,1.0749230848686302,258.0,196.5,258.0,187.5,0.245999999999016,235.1,217.25,0.0713999999997143,0.0512944592303348,77.19132886839886,74.27745063961453,0.0,8.872369912736758,4.790918994435713,4.081450918301045,0.0,6297811630.0,-0.0052736663802529,2.0,2.0,2.0,2.0,5.0,7.0,2754.0,True,ALPHA Trend Momentum,112.0,BUY,買進,高流動性強勢買進,ALPHA高流動性強勢延續｜成交量/成交金額優先｜突破/趨勢確認｜高流動性,ALPHA,,,,,,🟢 抱住,尚未出現明顯下跌或系統賣出訊號，趨勢未完全破壞。,在還沒有明顯下跌、未觸發風控前，以續抱觀察為主。,尚未達明確停利條件，先依趨勢與籌碼續抱觀察。,HOLD_CHECK,229.0,1000.0,1.0,MA5：站上｜↑ 強勢,MA20：站上｜↑ 強勢,9.17,price_panel_daily.csv + feature_panel_daily.csv,chip_source_twse.csv,manual_positions.csv,MA10：站上｜↑ 強勢,MA5：站上｜↑ 強勢,MA10：站上｜↑ 強勢,MA20：站上｜↑ 強勢,突破確認K,多頭排列,多頭排列,MA5：站上｜↑ 強勢｜MA10：站上｜↑ 強勢｜MA20：站上｜↑ 強勢｜K棒：突破確認K｜K線：多頭排列,K棒型態：突破確認K｜K線結構：多頭排列,依原策略執行，技術欄位用於確認節奏與風險。,12.0,A,起漲結構強,20D站上MA20｜MA20走平翻揚｜MA5站上MA10｜接近20日高｜40D平台收斂｜短中均線糾結｜40D低點守住｜接近/站回MA60｜MA60不再下彎｜站回60D區間中上｜量縮後溫和放量｜5D動能轉正｜10D動能轉正,平台壓縮後轉強，可優先觀察起漲/試單。,v266.57.9,8.7,A,續強品質強,回檔不破前低｜低點墊高確認｜收盤守MA5｜續強確認：收盤未跌破MA5｜MA5仍在MA10上｜仍站MA20｜10D動能維持,回檔承接尚可，若原策略入選，可優先觀察延續。,v266.57.9,-0.2,D,突破不足,短均多頭｜扣分:收盤位置偏弱,尚未形成乾淨突破，不急著升級。,v266.57.9,ALPHA,0.35,0.75,0.25,122.675,54.0,最後後處理補寫：原分數+結構前置+續強品質+突破品質；不覆蓋原策略,一般,102.214,v266.58.1,2026-05-09 00:25:47,突破中,否,法人偏多｜均線轉強,突破中,4,13,準IGNITION,首次追蹤:突破中｜狀態跳升｜具備點火條件,READY,v266.60.2,106.764,30.0,32.0,11.0,0.0,34.399,35.0,20/40/60結構佳｜續強品質佳｜主力佈局語意｜狀態升級強｜具升級旗標｜升級標籤｜距MA60合理｜短均轉強,高優先準點火,v266.61,2026-05-09 00:25:50,50.0,站上MA20且結構成形｜平台壓縮後放量｜洗盤不破承接｜籌碼偏多未過熱｜狀態升級觸發｜狀態轉移轉強,強點火事件,可列入優先追蹤，觀察隔日不破MA5/MA10。,89.735,44,v266.62,2026-05-09 00:25:51,24.0,第一次溫和放量｜籌碼剛轉強｜狀態剛升級,EARLY_BREAK,3,27,NONE,溫和放量｜籌碼初升｜狀態剛升級｜first trigger合理｜平台收斂｜過熱扣分｜風險文字,27
TEST,2026-05-08,2026-05-11,4749,新應材,ENTRY,ALPHA,ALPHA,58.0,WAIT,BLOCK,False,1085.0,0.0,0.0,3,ALPHA高流動性強勢延續｜成交量/成交金額優先｜突破/趨勢確認｜高流動性,BLOCK：超出本市場狀態可執行名額｜v266.57.9：結構：平台壓縮後轉強，可優先觀察起漲/試單。｜續強：回檔承接尚可，若原策略入選，可優先觀察延續。｜突破：有轉強跡象，但突破品質尚未完全成立。,119.14,,,HIGH,高流動性,92.1,6656252.0,7222033420000.0,9.0,🔥 高度集中,85（🔥 高度集中）,均線結構｜法人偏多,籌碼偏集中但資料有限，可搭配技術面確認，不宜單獨重倉。,1,部分籌碼資料有限,📉 低信心,,,新應材,119552.0,101775.0,-51168.0,170159.0,1.0,1,0.0,0.0,0.0,0.0,0,TPEX,🚀 主力拉升（趨勢延續）,高,可續抱；若是試單，可觀察是否進入加碼條件。,2026-05-09 00:25:55,behavior_interpretation,2026-05-08,新應材,TPEX,985.0,1085.0,971.0,0.0,0.0,0.0,0.1071428571428572,0.2150055991041433,0.2601626016260163,1085.0,1085.0,1018.55,928.05,0.035826200536808,6656252.0,4818855.7,1.381293073374245,1.381293073374245,1085.0,876.0,1085.0,797.0,0.1926267281104215,1085.0,1018.55,0.06124423963128,0.0612106688892881,99.41611883912432,97.58184658191344,0.0,51.10048335891872,47.91284217160417,3.1876411873145543,0.0,105872931.0,0.0,0.0,3.0,0.0,5.0,1.0,10.0,1025.0,True,CORE Early Entry,96.0,BUY,買進,早期卡位,CORE早期卡位｜剛轉強｜靠近MA20｜量能回溫｜高流動性,CORE,,,,,,,,,,,,,,MA5：貼近｜→ 盤整,MA20：站上｜↑ 強勢,,,,,MA10：貼近｜→ 盤整,MA5：貼近｜→ 盤整,MA10：貼近｜→ 盤整,MA20：站上｜↑ 強勢,突破確認K,整理後轉強,整理後轉強,MA5：貼近｜→ 盤整｜MA10：貼近｜→ 盤整｜MA20：站上｜↑ 強勢｜K棒：突破確認K｜K線：整理後轉強,K棒型態：突破確認K｜K線結構：整理後轉強,依原策略執行，技術欄位用於確認節奏與風險。,11.8,A,起漲結構強,20D站上MA20｜MA20走平翻揚｜MA5站上MA10｜接近20日高｜40D平台收斂｜短中均線糾結｜40D低點守住｜接近/站回MA60｜MA60不再下彎｜站回60D區間中上｜10D動能轉正,平台壓縮後轉強，可優先觀察起漲/試單。,v266.57.9,8.7,A,續強品質強,回檔不破前低｜低點墊高確認｜收盤守MA5｜續強確認：收盤未跌破MA5｜MA5仍在MA10上｜仍站MA20｜10D動能維持,回檔承接尚可，若原策略入選，可優先觀察延續。,v266.57.9,3.8,C,突破觀察,收盤接近高點｜突破近5日高｜短均多頭,有轉強跡象，但突破品質尚未完全成立。,v266.57.9,ALPHA,0.35,0.75,0.25,107.605,68.0,最後後處理補寫：原分數+結構前置+續強品質+突破品質；不覆蓋原策略,一般,89.856,v266.58.1,2026-05-09 00:25:47,突破中,否,法人偏多｜均線轉強,突破中,4,13,準IGNITION,前狀態:nan→今日:突破中｜狀態跳升｜具備點火條件,READY,v266.60.2,94.406,30.0,32.0,21.0,0.0,35.663,31.0,20/40/60結構佳｜續強品質佳｜主力佈局語意｜狀態升級強｜具升級旗標｜升級標籤｜距MA20合理｜距MA60合理｜短均轉強,高優先準點火,v266.61,2026-05-09 00:25:50,50.0,站上MA20且結構成形｜平台壓縮後放量｜洗盤不破承接｜籌碼偏多未過熱｜狀態升級觸發｜狀態轉移轉強,強點火事件,可列入優先追蹤，觀察隔日不破MA5/MA10。,81.084,77,v266.62,2026-05-09 00:25:51,34.0,第一次站上MA20｜第一次溫和放量｜籌碼剛轉強｜狀態剛升級,FIRST_IGNITION,2,27,NONE,溫和放量｜籌碼初升｜狀態剛升級｜first trigger合理｜平台收斂｜過熱扣分｜風險文字,28
TEST,2026-05-08,2026-05-11,3057,喬鼎,ENTRY,ALPHA,ALPHA,58.0,WAIT,BLOCK,False,21.6,0.0,0.0,3,ALPHA高流動性強勢延續｜成交量/成交金額優先｜突破/趨勢確認｜高流動性,BLOCK：超出本市場狀態可執行名額｜v266.57.9：結構：平台壓縮後轉強，可優先觀察起漲/試單。｜續強：回檔承接尚可，若原策略入選，可優先觀察延續。｜突破：有轉強跡象，但突破品質尚未完全成立。,105.17,,,HIGH,高流動性,55.39,934905.0,20193948000.0,9.0,🟢 偏集中,75（🟢 偏集中）,均線結構｜法人偏多,籌碼偏集中但資料有限，可搭配技術面確認，不宜單獨重倉。,1,部分籌碼資料有限,📉 低信心,,,,102000.0,0.0,0.0,102000.0,1.0,1,0.0,0.0,0.0,0.0,0,TWSE,🚀 主力拉升（趨勢延續）,高,可續抱；若是試單，可觀察是否進入加碼條件。,2026-05-09 00:25:55,behavior_interpretation,2026-05-08,喬鼎,TWSE,21.35,22.2,20.75,0.0140845070422535,0.0719602977667495,0.1458885941644563,0.1581769673892463,0.3846153507571257,0.2169014084507043,20.78,19.899999961853027,18.854999952316284,17.129999980926513,0.040712234155438,1358844.2,676758.4,1.3814457271605325,2.007871937755036,22.3,15.649999618530272,22.3,14.5,0.3078703880167527,20.78,18.854999952316284,0.0891203725738239,0.0729833577789709,69.32789105364665,63.72430728540368,0.0,1.0903290427080885,0.8368478969694901,0.2534811457385981,0.0,21662386.0,0.0671552444779937,2.0,3.0,3.0,5.0,5.0,7.0,2754.0,True,CORE Early Entry,96.0,BUY,買進,早期卡位,CORE早期卡位｜剛轉強｜靠近MA20｜量能回溫｜高流動性,CORE,,,,,,,,,,,,,,MA5：站上｜↑ 強勢,MA20：站上｜↑ 強勢,,,,,MA10：站上｜↑ 強勢,MA5：站上｜↑ 強勢,MA10：站上｜↑ 強勢,MA20：站上｜↑ 強勢,突破確認K,多頭排列,多頭排列,MA5：站上｜↑ 強勢｜MA10：站上｜↑ 強勢｜MA20：站上｜↑ 強勢｜K棒：突破確認K｜K線：多頭排列,K棒型態：突破確認K｜K線結構：多頭排列,依原策略執行，技術欄位用於確認節奏與風險。,11.6,A,起漲結構強,20D站上MA20｜MA20走平翻揚｜MA5站上MA10｜接近20日高｜40D低點守住｜接近/站回MA60｜MA60不再下彎｜站回60D區間中上｜量縮後溫和放量｜5D動能轉正｜10D動能轉正,平台壓縮後轉強，可優先觀察起漲/試單。,v266.57.9,7.5,A,續強品質強,回檔不破前低｜低點墊高確認｜收盤守MA5｜續強確認：收盤未跌破MA5｜MA5仍在MA10上｜仍站MA20｜10D動能維持｜扣分:回檔量放大,回檔承接尚可，若原策略入選，可優先觀察延續。,v266.57.9,3.2,C,突破觀察,量能較前日放大｜MA5加速上彎｜短均多頭,有轉強跡象，但突破品質尚未完全成立。,v266.57.9,ALPHA,0.35,0.75,0.25,106.485,80.0,最後後處理補寫：原分數+結構前置+續強品質+突破品質；不覆蓋原策略,一般,88.938,v266.58.1,2026-05-09 00:25:47,突破中,否,法人偏多｜均線轉強,突破中,4,13,準IGNITION,前狀態:nan→今日:突破中｜狀態跳升｜具備點火條件,READY,v266.60.2,93.488,30.0,32.0,5.0,0.0,31.571,44.0,20/40/60結構佳｜續強品質佳｜主力佈局語意｜狀態升級強｜具升級旗標｜升級標籤｜短均轉強,高優先準點火,v266.61,2026-05-09 00:25:50,50.0,站上MA20且結構成形｜平台壓縮後放量｜洗盤不破承接｜籌碼偏多未過熱｜狀態升級觸發｜狀態轉移轉強,強點火事件,可列入優先追蹤，觀察隔日不破MA5/MA10。,80.442,79,v266.62,2026-05-09 00:25:51,24.0,第一次溫和放量｜籌碼剛轉強｜狀態剛升級,EARLY_BREAK,5,27,NONE,溫和放量｜籌碼初升｜狀態剛升級｜first trigger合理｜平台收斂｜過熱扣分｜風險文字,29
TEST,2026-05-08,2026-05-11,6532,瑞耘,ENTRY,ALPHA,ALPHA,58.0,BREAK,BLOCK,False,114.0,12000.0,0.012,3,ALPHA高流動性強勢延續｜成交量/成交金額優先｜突破/趨勢確認｜高流動性,BLOCK：同股已由高優先桶接管｜v266.57.9：結構：平台壓縮後轉強，可優先觀察起漲/試單。｜續強：回檔承接尚可，若原策略入選，可優先觀察延續。｜突破：有轉強跡象，但突破品質尚未完全成立。,126.33,,,HIGH,高流動性,84.08,5313911.0,605785854000.0,9.0,🟢 偏集中,74（🟢 偏集中）,均線結構｜法人偏多,籌碼偏集中但資料有限，可搭配技術面確認，不宜單獨重倉。,1,部分籌碼資料有限,📉 低信心,,,瑞耘,5606.0,6000.0,394.0,12000.0,1.0,1,0.0,0.0,0.0,0.0,0,TPEX,🚀 主力拉升（趨勢延續）,高,可續抱；若是試單，可觀察是否進入加碼條件。,2026-05-09 00:25:55,behavior_interpretation,2026-05-08,瑞耘,TPEX,112.0,114.0,109.0,0.0,0.0,0.0,0.0754716981132075,0.3885505739191233,0.9895288223017458,114.0,114.0,101.1650001525879,77.1900000890096,0.0443192505268839,5313911.0,4046871.0,1.3130912747156998,1.3130912747156998,114.0,76.5999984741211,114.0,52.79999923706055,0.3280701888206213,114.0,101.1650001525879,0.1125877179587677,0.1033975012263385,99.79657416934832,99.018265054569,0.0,10.48374940696361,10.400483951703531,0.0832654552600793,0.0,165696122.0,0.0,0.0,3.0,0.0,5.0,1.0,10.0,2666.0,True,CORE Early Entry,96.0,BUY,買進,早期卡位,CORE早期卡位｜剛轉強｜靠近MA20｜量能回溫｜高流動性,CORE,TREND,100-300,114.11,105.16,12018.0,,,,,,,,,MA5：貼近｜→ 盤整,MA20：站上｜↑ 強勢,,,,,MA10：貼近｜→ 盤整,MA5：貼近｜→ 盤整,MA10：貼近｜→ 盤整,MA20：站上｜↑ 強勢,突破確認K,整理後轉強,整理後轉強,MA5：貼近｜→ 盤整｜MA10：貼近｜→ 盤整｜MA20：站上｜↑ 強勢｜K棒：突破確認K｜K線：整理後轉強,K棒型態：突破確認K｜K線結構：整理後轉強,依原策略執行，技術欄位用於確認節奏與風險。,8.8,A,起漲結構強,20D站上MA20｜MA20走平翻揚｜MA5站上MA10｜接近20日高｜40D低點守住｜接近/站回MA60｜MA60不再下彎｜站回60D區間中上｜10D動能轉正,平台壓縮後轉強，可優先觀察起漲/試單。,v266.57.9,8.7,A,續強品質強,回檔不破前低｜低點墊高確認｜收盤守MA5｜續強確認：收盤未跌破MA5｜MA5仍在MA10上｜仍站MA20｜10D動能維持,回檔承接尚可，若原策略入選，可優先觀察延續。,v266.57.9,3.8,C,突破觀察,收盤接近高點｜突破近5日高｜短均多頭,有轉強跡象，但突破品質尚未完全成立。,v266.57.9,ALPHA,0.35,0.75,0.25,106.555,79.0,最後後處理補寫：原分數+結構前置+續強品質+突破品質；不覆蓋原策略,一般,88.995,v266.58.1,2026-05-09 00:25:47,突破中,否,法人偏多｜均線轉強,突破中,4,12,準IGNITION,前狀態:突破中→今日:突破中｜強狀態維持｜強狀態連續維持｜具備點火條件,READY,v266.60.2,93.195,30.0,32.0,5.0,0.0,31.56,45.0,20/40/60結構佳｜續強品質佳｜主力佈局語意｜狀態升級強｜具升級旗標｜升級標籤｜短均轉強,高優先準點火,v266.61,2026-05-09 00:25:50,50.0,站上MA20且結構成形｜平台壓縮後放量｜洗盤不破承接｜籌碼偏多未過熱｜狀態升級觸發｜狀態轉移轉強,強點火事件,可列入優先追蹤，觀察隔日不破MA5/MA10。,80.236,80,v266.62,2026-05-09 00:25:51,24.0,第一次溫和放量｜籌碼剛轉強｜狀態剛升級,EARLY_BREAK,6,27,NONE,溫和放量｜籌碼初升｜狀態剛升級｜first trigger合理｜平台收斂｜過熱扣分｜風險文字,30
WATCH,2026-05-08,2026-05-11,2832,台產,ENTRY,PRE,PRE,54.0,WAIT,BLOCK,False,53.6,0.0,0.0,8,安靜吸籌 | 均線收斂 | 接近突破 | 結構尚可,BLOCK：超出本市場狀態可執行名額｜v266.57.9：結構：平台壓縮後轉強，可優先觀察起漲/試單。｜續強：回檔承接尚可，若原策略入選，可優先觀察延續。｜突破：TEST有升級IGNITION條件，可優先觀察隔日延續。,89.74,,,HIGH,高流動性,45.78,319750.0,17138600000.0,9.0,🟢 偏集中,75（🟢 偏集中）,均線結構｜法人偏多,籌碼偏集中但資料有限，可搭配技術面確認，不宜單獨重倉。,1,部分籌碼資料有限,📉 低信心,,,,51000.0,0.0,0.0,51000.0,1.0,1,0.0,0.0,0.0,0.0,0,TWSE,🟡 洗盤吸籌／整理換手（結構未壞）,中高,不急追；等放量突破或站穩 MA10 / MA20 再提高權重。,2026-05-09 00:25:55,behavior_interpretation,2026-05-08,台產,TWSE,52.8,53.8,52.7,0.01707779886148,0.0248565965583174,0.0307692307692308,0.0509803921568627,0.1392136210234009,0.080645194534954,52.5,51.920000076293945,50.34499988555908,48.97333348592122,0.0142898788563736,193078.0,248123.65,1.288671998819938,0.7781523446072119,53.8,47.0,53.8,45.45000076293945,0.1268656716394241,52.5,50.34499988555908,0.0402052260149386,0.0289188629476894,85.47134890518714,81.0622245508072,0.0,1.2447172181823092,0.9535354146480792,0.2911818035342298,0.0,24959848.0,0.0129514093665135,2.0,3.0,3.0,4.0,5.0,7.0,2753.0,True,ALPHA Trend Momentum,122.0,BUY,買進,高流動性強勢買進,ALPHA高流動性強勢延續｜成交量/成交金額優先｜突破/趨勢確認｜高流動性,ALPHA,,,,,,,,,,,,,,MA5：站上｜↑ 強勢,MA20：站上｜↑ 強勢,,,,,MA10：站上｜↑ 強勢,MA5：站上｜↑ 強勢,MA10：站上｜↑ 強勢,MA20：站上｜↑ 強勢,突破確認K,多頭排列,多頭排列,MA5：站上｜↑ 強勢｜MA10：站上｜↑ 強勢｜MA20：站上｜↑ 強勢｜K棒：突破確認K｜K線：多頭排列,K棒型態：突破確認K｜K線結構：多頭排列,依原策略執行，技術欄位用於確認節奏與風險。,12.0,A,起漲結構強,20D站上MA20｜MA20走平翻揚｜MA5站上MA10｜接近20日高｜40D平台收斂｜短中均線糾結｜40D低點守住｜接近/站回MA60｜MA60不再下彎｜站回60D區間中上｜近5日量縮｜量縮後溫和放量｜5D動能轉正｜10D動能轉正,平台壓縮後轉強，可優先觀察起漲/試單。,v266.57.9,10.0,A,續強品質強,回檔不破前低｜低點墊高確認｜收盤守MA5｜續強確認：收盤未跌破MA5｜回檔量縮｜MA5仍在MA10上｜仍站MA20｜10D動能維持,回檔承接尚可，若原策略入選，可優先觀察延續。,v266.57.9,6.5,A,突破品質強,紅K實體放大｜收盤接近高點｜量能較前日放大｜突破近5日高｜短均多頭,TEST有升級IGNITION條件，可優先觀察隔日延續。,v266.57.9,ALPHA,0.35,0.75,0.25,135.325,5.0,最後後處理補寫：原分數+結構前置+續強品質+突破品質；不覆蓋原策略,一般,112.586,v266.58.1,2026-05-09 00:25:47,突破中,否,法人偏多｜均線轉強,突破中,4,13,準IGNITION,前狀態:nan→今日:突破中｜狀態跳升｜具備點火條件,READY,v266.60.2,117.136,30.0,32.0,27.0,0.0,39.916,16.0,20/40/60結構佳｜續強品質佳｜主力佈局語意｜狀態升級強｜具升級旗標｜升級標籤｜距MA20合理｜距MA60合理｜短均轉強｜動能初段未過熱｜突破品質輔助,高優先準點火,v266.61,2026-05-09 00:25:50,57.0,站上MA20且結構成形｜平台壓縮後放量｜洗盤不破承接｜突破品質成立但未過熱｜籌碼偏多未過熱｜狀態升級觸發｜狀態轉移轉強,強點火事件,可列入優先追蹤，觀察隔日不破MA5/MA10。,99.095,5,v266.62,2026-05-09 00:25:51,12.0,第一次站上MA20｜籌碼剛轉強｜狀態剛升級｜已經強很久,WATCH,32,27,NONE,溫和放量｜籌碼初升｜狀態剛升級｜first trigger合理｜平台收斂｜過熱扣分｜風險文字,31
TEST,2026-05-08,2026-05-11,2414,精技,ENTRY,ALPHA,ALPHA,58.0,WAIT,BLOCK,False,48.9,0.0,0.0,3,ALPHA高流動性強勢延續｜成交量/成交金額優先｜突破/趨勢確認｜高流動性,BLOCK：同股已由高優先桶接管｜v266.57.9：結構：平台壓縮後轉強，可優先觀察起漲/試單。｜續強：回檔承接尚可，若原策略入選，可優先觀察延續。｜突破：尚未形成乾淨突破，不急著升級。,103.61,,,HIGH,高流動性,53.58,548027.0,26798520300.0,13.0,⚠️ 分散,34（⚠️ 分散）,爆量不跌｜均線結構,籌碼普通或資料有限，需搭配技術面確認。,1,部分籌碼資料有限,📉 低信心,,,,-15000.0,0.0,0.0,-15000.0,0.0,1,0.0,0.0,0.0,0.0,0,TWSE,🚀 主力拉升（趨勢延續）,高,可續抱；若是試單，可觀察是否進入加碼條件。,2026-05-09 00:25:55,behavior_interpretation,2026-05-08,精技,TWSE,48.25,49.9,48.2,0.0124223602484472,0.0700218818380742,0.0711938663745892,0.0818583888187511,0.1465415767999154,0.1926829268292682,46.98,46.44499992370605,45.58000003814697,43.433333435058586,0.0149769379674564,368737.2,295125.55,1.8569283479522467,1.2494248634182936,49.9,43.0,49.9,40.150001525878906,0.141104294475642,46.98,45.58000003814697,0.0286298560700287,0.0230052682286507,73.2248187192296,68.86618016976561,0.0,1.0563863280441763,0.8158467681641204,0.2405395598800561,0.0,66997527.0,0.0244269087004838,3.0,3.0,4.0,4.0,6.0,6.0,2754.0,True,ALPHA Trend Momentum,118.0,BUY,買進,高流動性強勢買進,ALPHA高流動性強勢延續｜成交量/成交金額優先｜突破/趨勢確認｜高流動性,ALPHA,,,,,,,,,,,,,,MA5：站上｜↑ 強勢,MA20：站上｜↑ 強勢,,,,,MA10：站上｜↑ 強勢,MA5：站上｜↑ 強勢,MA10：站上｜↑ 強勢,MA20：站上｜↑ 強勢,突破確認K,多頭排列,多頭排列,MA5：站上｜↑ 強勢｜MA10：站上｜↑ 強勢｜MA20：站上｜↑ 強勢｜K棒：突破確認K｜K線：多頭排列,K棒型態：突破確認K｜K線結構：多頭排列,依原策略執行，技術欄位用於確認節奏與風險。,12.0,A,起漲結構強,20D站上MA20｜MA20走平翻揚｜MA5站上MA10｜接近20日高｜40D平台收斂｜短中均線糾結｜40D低點守住｜接近/站回MA60｜MA60不再下彎｜站回60D區間中上｜量縮後溫和放量｜5D動能轉正｜10D動能轉正,平台壓縮後轉強，可優先觀察起漲/試單。,v266.57.9,8.7,A,續強品質強,回檔不破前低｜低點墊高確認｜收盤守MA5｜續強確認：收盤未跌破MA5｜MA5仍在MA10上｜仍站MA20｜10D動能維持,回檔承接尚可，若原策略入選，可優先觀察延續。,v266.57.9,1.3,D,突破不足,紅K實體放大｜MA5加速上彎｜短均多頭｜扣分:收盤位置偏弱、上影偏長,尚未形成乾淨突破，不急著升級。,v266.57.9,ALPHA,0.35,0.75,0.25,129.05,19.0,最後後處理補寫：原分數+結構前置+續強品質+突破品質；不覆蓋原策略,一般,108.161,v266.58.1,2026-05-09 00:25:47,突破中,否,法人偏多｜量能放大｜均線轉強,突破中,4,13,準IGNITION,前狀態:nan→今日:突破中｜狀態跳升｜具備點火條件,READY,v266.60.2,112.711,42.0,32.0,27.0,0.0,43.194,7.0,20/40/60結構佳｜籌碼偏多｜續強品質佳｜主力佈局語意｜狀態升級強｜具升級旗標｜升級標籤｜距MA20合理｜距MA60合理｜短均轉強｜動能初段未過熱,高優先準點火,v266.61,2026-05-09 00:25:50,60.0,站上MA20且結構成形｜溫和放量不跌｜平台壓縮後放量｜洗盤不破承接｜籌碼偏多未過熱｜狀態升級觸發｜狀態轉移轉強,強點火事件,可列入優先追蹤，觀察隔日不破MA5/MA10。,96.898,13,v266.62,2026-05-09 00:25:51,22.0,第一次站上MA20｜第一次溫和放量｜籌碼剛轉強｜狀態剛升級｜已經強很久,EARLY_BREAK,14,27,NONE,溫和放量｜籌碼初升｜狀態剛升級｜first trigger合理｜平台收斂｜過熱扣分｜風險文字,32
TEST,2026-05-08,2026-05-11,2414,精技,ENTRY,PRE,PRE,68.0,WAIT,BLOCK,False,48.9,0.0,0.0,3,安靜吸籌 | 均線收斂 | 放量吸收 | 接近突破 | 結構尚可,BLOCK：超出本市場狀態可執行名額｜v266.57.9：結構：平台壓縮後轉強，可優先觀察起漲/試單。｜續強：回檔承接尚可，若原策略入選，可優先觀察延續。｜突破：尚未形成乾淨突破，不急著升級。,101.11,,,HIGH,高流動性,53.58,548027.0,26798520300.0,13.0,⚠️ 分散,34（⚠️ 分散）,爆量不跌｜均線結構,籌碼普通或資料有限，需搭配技術面確認。,1,部分籌碼資料有限,📉 低信心,,,,-15000.0,0.0,0.0,-15000.0,0.0,1,0.0,0.0,0.0,0.0,0,TWSE,🟡 洗盤吸籌／整理換手（結構未壞）,中高,不急追；等放量突破或站穩 MA10 / MA20 再提高權重。,2026-05-09 00:25:55,behavior_interpretation,2026-05-08,精技,TWSE,48.25,49.9,48.2,0.0124223602484472,0.0700218818380742,0.0711938663745892,0.0818583888187511,0.1465415767999154,0.1926829268292682,46.98,46.44499992370605,45.58000003814697,43.433333435058586,0.0149769379674564,368737.2,295125.55,1.8569283479522467,1.2494248634182936,49.9,43.0,49.9,40.150001525878906,0.141104294475642,46.98,45.58000003814697,0.0286298560700287,0.0230052682286507,73.2248187192296,68.86618016976561,0.0,1.0563863280441763,0.8158467681641204,0.2405395598800561,0.0,66997527.0,0.0244269087004838,3.0,3.0,4.0,4.0,6.0,6.0,2754.0,True,ALPHA Trend Momentum,118.0,BUY,買進,高流動性強勢買進,ALPHA高流動性強勢延續｜成交量/成交金額優先｜突破/趨勢確認｜高流動性,ALPHA,,,,,,,,,,,,,,MA5：站上｜↑ 強勢,MA20：站上｜↑ 強勢,,,,,MA10：站上｜↑ 強勢,MA5：站上｜↑ 強勢,MA10：站上｜↑ 強勢,MA20：站上｜↑ 強勢,突破確認K,多頭排列,多頭排列,MA5：站上｜↑ 強勢｜MA10：站上｜↑ 強勢｜MA20：站上｜↑ 強勢｜K棒：突破確認K｜K線：多頭排列,K棒型態：突破確認K｜K線結構：多頭排列,依原策略執行，技術欄位用於確認節奏與風險。,12.0,A,起漲結構強,20D站上MA20｜MA20走平翻揚｜MA5站上MA10｜接近20日高｜40D平台收斂｜短中均線糾結｜40D低點守住｜接近/站回MA60｜MA60不再下彎｜站回60D區間中上｜量縮後溫和放量｜5D動能轉正｜10D動能轉正,平台壓縮後轉強，可優先觀察起漲/試單。,v266.57.9,8.7,A,續強品質強,回檔不破前低｜低點墊高確認｜收盤守MA5｜續強確認：收盤未跌破MA5｜MA5仍在MA10上｜仍站MA20｜10D動能維持,回檔承接尚可，若原策略入選，可優先觀察延續。,v266.57.9,1.3,D,突破不足,紅K實體放大｜MA5加速上彎｜短均多頭｜扣分:收盤位置偏弱、上影偏長,尚未形成乾淨突破，不急著升級。,v266.57.9,ALPHA,0.35,0.75,0.25,129.05,19.0,最後後處理補寫：原分數+結構前置+續強品質+突破品質；不覆蓋原策略,一般,108.161,v266.58.1,2026-05-09 00:25:47,突破中,否,法人偏多｜量能放大｜均線轉強,突破中,4,13,準IGNITION,前狀態:nan→今日:突破中｜狀態跳升｜具備點火條件,READY,v266.60.2,112.711,42.0,32.0,27.0,0.0,43.494,6.0,20/40/60結構佳｜籌碼偏多｜續強品質佳｜主力佈局語意｜狀態升級強｜具升級旗標｜升級標籤｜距MA20合理｜距MA60合理｜短均轉強｜動能初段未過熱,高優先準點火,v266.61,2026-05-09 00:25:50,60.0,站上MA20且結構成形｜溫和放量不跌｜平台壓縮後放量｜洗盤不破承接｜籌碼偏多未過熱｜狀態升級觸發｜狀態轉移轉強,強點火事件,可列入優先追蹤，觀察隔日不破MA5/MA10。,96.898,14,v266.62,2026-05-09 00:25:51,22.0,第一次站上MA20｜第一次溫和放量｜籌碼剛轉強｜狀態剛升級｜已經強很久,EARLY_BREAK,13,27,NONE,溫和放量｜籌碼初升｜狀態剛升級｜first trigger合理｜平台收斂｜過熱扣分｜風險文字,33
TEST,2026-05-08,2026-05-11,2832,台產,ENTRY,ALPHA,ALPHA,58.0,WAIT,BLOCK,False,53.6,0.0,0.0,3,ALPHA高流動性強勢延續｜成交量/成交金額優先｜突破/趨勢確認｜高流動性,BLOCK：同股已由高優先桶接管｜v266.57.9：結構：平台壓縮後轉強，可優先觀察起漲/試單。｜續強：回檔承接尚可，若原策略入選，可優先觀察延續。｜突破：TEST有升級IGNITION條件，可優先觀察隔日延續。,99.94,,,HIGH,高流動性,45.78,319750.0,17138600000.0,9.0,🟢 偏集中,75（🟢 偏集中）,均線結構｜法人偏多,籌碼偏集中但資料有限，可搭配技術面確認，不宜單獨重倉。,1,部分籌碼資料有限,📉 低信心,,,,51000.0,0.0,0.0,51000.0,1.0,1,0.0,0.0,0.0,0.0,0,TWSE,🚀 主力拉升（趨勢延續）,高,可續抱；若是試單，可觀察是否進入加碼條件。,2026-05-09 00:25:55,behavior_interpretation,2026-05-08,台產,TWSE,52.8,53.8,52.7,0.01707779886148,0.0248565965583174,0.0307692307692308,0.0509803921568627,0.1392136210234009,0.080645194534954,52.5,51.920000076293945,50.34499988555908,48.97333348592122,0.0142898788563736,193078.0,248123.65,1.288671998819938,0.7781523446072119,53.8,47.0,53.8,45.45000076293945,0.1268656716394241,52.5,50.34499988555908,0.0402052260149386,0.0289188629476894,85.47134890518714,81.0622245508072,0.0,1.2447172181823092,0.9535354146480792,0.2911818035342298,0.0,24959848.0,0.0129514093665135,2.0,3.0,3.0,4.0,5.0,7.0,2753.0,True,ALPHA Trend Momentum,122.0,BUY,買進,高流動性強勢買進,ALPHA高流動性強勢延續｜成交量/成交金額優先｜突破/趨勢確認｜高流動性,ALPHA,,,,,,,,,,,,,,MA5：站上｜↑ 強勢,MA20：站上｜↑ 強勢,,,,,MA10：站上｜↑ 強勢,MA5：站上｜↑ 強勢,MA10：站上｜↑ 強勢,MA20：站上｜↑ 強勢,突破確認K,多頭排列,多頭排列,MA5：站上｜↑ 強勢｜MA10：站上｜↑ 強勢｜MA20：站上｜↑ 強勢｜K棒：突破確認K｜K線：多頭排列,K棒型態：突破確認K｜K線結構：多頭排列,依原策略執行，技術欄位用於確認節奏與風險。,12.0,A,起漲結構強,20D站上MA20｜MA20走平翻揚｜MA5站上MA10｜接近20日高｜40D平台收斂｜短中均線糾結｜40D低點守住｜接近/站回MA60｜MA60不再下彎｜站回60D區間中上｜近5日量縮｜量縮後溫和放量｜5D動能轉正｜10D動能轉正,平台壓縮後轉強，可優先觀察起漲/試單。,v266.57.9,10.0,A,續強品質強,回檔不破前低｜低點墊高確認｜收盤守MA5｜續強確認：收盤未跌破MA5｜回檔量縮｜MA5仍在MA10上｜仍站MA20｜10D動能維持,回檔承接尚可，若原策略入選，可優先觀察延續。,v266.57.9,6.5,A,突破品質強,紅K實體放大｜收盤接近高點｜量能較前日放大｜突破近5日高｜短均多頭,TEST有升級IGNITION條件，可優先觀察隔日延續。,v266.57.9,ALPHA,0.35,0.75,0.25,135.325,5.0,最後後處理補寫：原分數+結構前置+續強品質+突破品質；不覆蓋原策略,一般,112.586,v266.58.1,2026-05-09 00:25:47,突破中,否,法人偏多｜均線轉強,突破中,4,13,準IGNITION,前狀態:nan→今日:突破中｜狀態跳升｜具備點火條件,READY,v266.60.2,117.136,30.0,32.0,27.0,0.0,40.036,15.0,20/40/60結構佳｜續強品質佳｜主力佈局語意｜狀態升級強｜具升級旗標｜升級標籤｜距MA20合理｜距MA60合理｜短均轉強｜動能初段未過熱｜突破品質輔助,高優先準點火,v266.61,2026-05-09 00:25:50,57.0,站上MA20且結構成形｜平台壓縮後放量｜洗盤不破承接｜突破品質成立但未過熱｜籌碼偏多未過熱｜狀態升級觸發｜狀態轉移轉強,強點火事件,可列入優先追蹤，觀察隔日不破MA5/MA10。,99.095,6,v266.62,2026-05-09 00:25:51,12.0,第一次站上MA20｜籌碼剛轉強｜狀態剛升級｜已經強很久,WATCH,30,27,NONE,溫和放量｜籌碼初升｜狀態剛升級｜first trigger合理｜平台收斂｜過熱扣分｜風險文字,34
TEST,2026-05-08,2026-05-11,2108,南帝,ENTRY,ALPHA,ALPHA,58.0,WAIT,BLOCK,False,28.5,0.0,0.0,3,ALPHA高流動性強勢延續｜成交量/成交金額優先｜突破/趨勢確認｜高流動性,BLOCK：超出本市場狀態可執行名額｜v266.57.9：結構：平台壓縮後轉強，可優先觀察起漲/試單。｜續強：回檔承接尚可，若原策略入選，可優先觀察延續。｜突破：TEST有升級IGNITION條件，可優先觀察隔日延續。,113.92,,,HIGH,高流動性,77.21,4856018.0,138396513000.0,13.0,⚠️ 分散,25（⚠️ 分散）,爆量不跌｜均線結構,籌碼偏弱且資料有限，避免重倉追高。,1,部分籌碼資料有限,📉 低信心,,,,-303012.0,0.0,0.0,-303012.0,0.0,1,0.0,0.0,0.0,0.0,0,TWSE,🚀 主力拉升（趨勢延續）,高,可續抱；若是試單，可觀察是否進入加碼條件。,2026-05-09 00:25:55,behavior_interpretation,2026-05-08,南帝,TWSE,27.5,29.25,27.3,0.0634328358208955,0.0674157303370786,0.0555555555555555,0.1111111276356822,0.1132812334108168,0.1825725953893924,27.04,27.00500003814697,26.5249998664856,25.70083333969116,0.0268034675491993,1948306.2,1793398.7,2.7077180328055315,1.0863764984328357,29.25,24.89999961853028,29.25,23.25,0.1526315923269153,27.04,26.5249998664856,0.0180701801226783,0.0109575974420986,51.7338896406628,46.07531855080168,1.0,0.4294765635206481,0.3259452071056503,0.1035313564149978,0.0,860831639.0,0.0055453495778883,2.0,2.0,3.0,2.0,6.0,6.0,2754.0,True,ALPHA Trend Momentum,118.0,BUY,買進,高流動性強勢買進,ALPHA高流動性強勢延續｜成交量/成交金額優先｜突破/趨勢確認｜高流動性,ALPHA,,,,,,,,,,,,,,MA5：站上｜↑ 強勢,MA20：站上｜↑ 強勢,,,,,MA10：站上｜↑ 強勢,MA5：站上｜↑ 強勢,MA10：站上｜↑ 強勢,MA20：站上｜↑ 強勢,突破確認K,多頭排列,多頭排列,MA5：站上｜↑ 強勢｜MA10：站上｜↑ 強勢｜MA20：站上｜↑ 強勢｜K棒：突破確認K｜K線：多頭排列,K棒型態：突破確認K｜K線結構：多頭排列,依原策略執行，技術欄位用於確認節奏與風險。,12.0,A,起漲結構強,20D站上MA20｜MA20走平翻揚｜MA5站上MA10｜接近20日高｜40D平台收斂｜短中均線糾結｜40D低點守住｜接近/站回MA60｜MA60不再下彎｜站回60D區間中上｜5D動能轉正｜10D動能轉正,平台壓縮後轉強，可優先觀察起漲/試單。,v266.57.9,8.7,A,續強品質強,回檔不破前低｜低點墊高確認｜收盤守MA5｜續強確認：收盤未跌破MA5｜MA5仍在MA10上｜仍站MA20｜10D動能維持,回檔承接尚可，若原策略入選，可優先觀察延續。,v266.57.9,6.2,A,突破品質強,紅K實體放大｜量能較前日放大｜突破近5日高｜MA5加速上彎｜短均多頭,TEST有升級IGNITION條件，可優先觀察隔日延續。,v266.57.9,ALPHA,0.35,0.75,0.25,130.275,16.0,最後後處理補寫：原分數+結構前置+續強品質+突破品質；不覆蓋原策略,一般,109.166,v266.58.1,2026-05-09 00:25:47,突破中,否,法人偏多｜量能放大｜均線轉強,突破中,4,13,準IGNITION,前狀態:nan→今日:突破中｜狀態跳升｜具備點火條件,READY,v266.60.2,113.716,42.0,32.0,27.0,0.0,43.894,4.0,20/40/60結構佳｜籌碼偏多｜續強品質佳｜主力佈局語意｜狀態升級強｜具升級旗標｜升級標籤｜距MA20合理｜距MA60合理｜短均轉強｜動能初段未過熱｜突破品質輔助,高優先準點火,v266.61,2026-05-09 00:25:50,67.0,站上MA20且結構成形｜溫和放量不跌｜平台壓縮後放量｜洗盤不破承接｜突破品質成立但未過熱｜籌碼偏多未過熱｜狀態升級觸發｜狀態轉移轉強,強點火事件,可列入優先追蹤，觀察隔日不破MA5/MA10。,99.701,4,v266.62,2026-05-09 00:25:51,12.0,第一次站上MA20｜籌碼剛轉強｜狀態剛升級｜已經強很久,WATCH,31,27,NONE,溫和放量｜籌碼初升｜狀態剛升級｜first trigger合理｜平台收斂｜過熱扣分｜風險文字,35
TEST,2026-05-08,2026-05-11,8481,政伸,ENTRY,PRE,PRE,68.0,WAIT,BLOCK,False,40.9,0.0,0.0,3,波動壓縮 | 洗盤收回 | 均線收斂 | 接近突破 | 結構尚可,BLOCK：超出本市場狀態可執行名額｜v266.57.9：結構：平台壓縮後轉強，可優先觀察起漲/試單。｜續強：回檔承接尚可，若原策略入選，可優先觀察延續。｜突破：尚未形成乾淨突破，不急著升級。,80.21,,,HIGH,高流動性,10.24,21604.0,883603600.0,4.0,🟡 普通,58（🟡 普通）,法人偏多,籌碼普通或資料有限，需搭配技術面確認。,1,部分籌碼資料有限,📉 低信心,,,政伸,1000.0,0.0,0.0,1000.0,1.0,1,0.0,0.0,0.0,0.0,0,TWSE,🟡 洗盤吸籌／整理換手（結構未壞）,中高,不急追；等放量突破或站穩 MA10 / MA20 再提高權重。,2026-05-09 00:25:55,behavior_interpretation,,,,,,,,,,,,,,,,,,,,,,,,,,,,,,,,,,,,,,,,,,,,,,,,,,,,,,,,,,,,,,,,,,,,MA5：依試單節奏判斷,MA20：依試單節奏判斷,,,,,MA10：依試單節奏判斷,MA5：依試單節奏判斷,MA10：依試單節奏判斷,MA20：依試單節奏判斷,突破確認K,整理後轉強,整理後轉強,MA5：依試單節奏判斷｜MA10：依試單節奏判斷｜MA20：依試單節奏判斷｜K棒：突破確認K｜K線：整理後轉強,K棒型態：突破確認K｜K線結構：整理後轉強,依原策略執行，技術欄位用於確認節奏與風險。,7.0,B,起漲結構中,接近20日高｜40D平台收斂｜短中均線糾結｜40D低點守住｜接近/站回MA60｜MA60不再下彎,平台壓縮後轉強，可優先觀察起漲/試單。,v266.57.9,5.0,B,續強品質中,回檔不破前低｜低點墊高確認｜收盤守MA5｜回檔量縮｜扣分:跌破短均,回檔承接尚可，若原策略入選，可優先觀察延續。,v266.57.9,-2.2,D,突破不足,扣分:收盤位置偏弱、上影偏長,尚未形成乾淨突破，不急著升級。,v266.57.9,GENERIC,0.55,0.5,0.5,5.25,501.0,最後後處理補寫：原分數+結構前置+續強品質+突破品質；不覆蓋原策略,一般,5.025,v266.58.1,2026-05-09 00:25:47,觀察,否,,觀察,0,0,持續觀察,前狀態:nan→今日:觀察,NO,v266.60.2,5.025,30.0,0.0,0.0,0.0,13.042,262.0,20/40/60結構佳｜續強品質佳｜主力佈局語意,主力佈局優先,v266.61,2026-05-09 00:25:50,8.0,洗盤不破承接,無事件,等待下一次確認。,5.918,412,v266.62,2026-05-09 00:25:51,0.0,,NONE,275,22,NONE,平台收斂｜洗盤承接,36
WATCH,2026-05-08,2026-05-11,2834,臺企銀,ENTRY,PRE,PRE,50.0,WAIT,BLOCK,False,16.25,0.0,0.0,8,洗盤收回 | 均線收斂 | 接近突破 | 結構尚可,BLOCK：超出本市場狀態可執行名額｜v266.57.9：結構：平台壓縮後轉強，可優先觀察起漲/試單。｜續強：回檔承接尚可，若原策略入選，可優先觀察延續。｜突破：有轉強跡象，但突破品質尚未完全成立。,106.63,,,HIGH,高流動性,91.79,42813107.0,695712988750.0,0.0,❌ 極度分散,15（❌ 極度分散）,,籌碼偏弱且資料有限，避免重倉追高。,1,部分籌碼資料有限,📉 低信心,,,臺企銀,-4458647.0,-31642.0,30000.0,-4460289.0,0.0,1,0.0,0.0,0.0,0.0,0,TWSE,🟡 洗盤吸籌／整理換手（結構未壞）,中高,不急追；等放量突破或站穩 MA10 / MA20 再提高權重。,2026-05-09 00:25:55,behavior_interpretation,,,,,,,,,,,,,,,,,,,,,,,,,,,,,,,,,,,,,,,,,,,,,,,,,,,,,,,,,,,,,,,,,,,,MA5：依試單節奏判斷,MA20：依試單節奏判斷,,,,,MA10：依試單節奏判斷,MA5：依試單節奏判斷,MA10：依試單節奏判斷,MA20：依試單節奏判斷,突破確認K,整理後轉強,整理後轉強,MA5：依試單節奏判斷｜MA10：依試單節奏判斷｜MA20：依試單節奏判斷｜K棒：突破確認K｜K線：整理後轉強,K棒型態：突破確認K｜K線結構：整理後轉強,依原策略執行，技術欄位用於確認節奏與風險。,11.0,A,起漲結構強,20D站上MA20｜MA20走平翻揚｜40D平台收斂｜短中均線糾結｜40D低點守住｜接近/站回MA60｜MA60不再下彎｜站回60D區間中上｜量縮後溫和放量,平台壓縮後轉強，可優先觀察起漲/試單。,v266.57.9,6.3,B,續強品質中,回檔不破前低｜低點墊高確認｜收盤守MA5｜回測守MA10｜仍站MA20,回檔承接尚可，若原策略入選，可優先觀察延續。,v266.57.9,2.7,C,突破觀察,收盤接近高點｜量能較前日放大,有轉強跡象，但突破品質尚未完全成立。,v266.57.9,GENERIC,0.55,0.5,0.5,10.55,240.0,最後後處理補寫：原分數+結構前置+續強品質+突破品質；不覆蓋原策略,一般,8.651,v266.58.1,2026-05-09 00:25:47,觀察,否,,觀察,0,0,持續觀察,前狀態:nan→今日:觀察,NO,v266.60.2,8.651,30.0,0.0,0.0,0.0,12.865,354.0,20/40/60結構佳｜續強品質佳｜主力佈局語意,主力佈局優先,v266.61,2026-05-09 00:25:50,8.0,洗盤不破承接,無事件,等待下一次確認。,8.456,254,v266.62,2026-05-09 00:25:51,0.0,,NONE,412,22,NONE,平台收斂｜洗盤承接,37
WATCH,2026-05-08,2026-05-11,8463,潤泰材,ENTRY,PRE,PRE,62.0,WAIT,BLOCK,False,22.2,0.0,0.0,8,波動壓縮 | 洗盤收回 | 均線收斂 | 接近突破,BLOCK：超出本市場狀態可執行名額｜v266.57.9：結構：平台壓縮後轉強，可優先觀察起漲/試單。｜續強：回檔承接尚可，若原策略入選，可優先觀察延續。｜突破：尚未形成乾淨突破，不急著升級。,82.99,,,HIGH,高流動性,20.6,83032.0,1843310400.0,0.0,⚠️ 分散,38（⚠️ 分散）,,籌碼普通或資料有限，需搭配技術面確認。,1,部分籌碼資料有限,📉 低信心,,,,-7000.0,0.0,0.0,-7000.0,0.0,1,0.0,0.0,0.0,0.0,0,TWSE,🟡 洗盤吸籌／整理換手（結構未壞）,中高,不急追；等放量突破或站穩 MA10 / MA20 再提高權重。,2026-05-09 00:25:55,behavior_interpretation,,,,,,,,,,,,,,,,,,,,,,,,,,,,,,,,,,,,,,,,,,,,,,,,,,,,,,,,,,,,,,,,,,,,MA5：依試單節奏判斷,MA20：依試單節奏判斷,,,,,MA10：依試單節奏判斷,MA5：依試單節奏判斷,MA10：依試單節奏判斷,MA20：依試單節奏判斷,突破確認K,整理後轉強,整理後轉強,MA5：依試單節奏判斷｜MA10：依試單節奏判斷｜MA20：依試單節奏判斷｜K棒：突破確認K｜K線：整理後轉強,K棒型態：突破確認K｜K線結構：整理後轉強,依原策略執行，技術欄位用於確認節奏與風險。,6.0,B,起漲結構中,MA20走平翻揚｜40D平台收斂｜短中均線糾結｜40D低點守住｜近5日量縮,平台壓縮後轉強，可優先觀察起漲/試單。,v266.57.9,5.0,B,續強品質中,回檔不破前低｜低點墊高確認｜收盤守MA5｜回檔量縮｜扣分:跌破短均,回檔承接尚可，若原策略入選，可優先觀察延續。,v266.57.9,-1.0,D,突破不足,扣分:收盤位置偏弱,尚未形成乾淨突破，不急著升級。,v266.57.9,GENERIC,0.55,0.5,0.5,5.3,498.0,最後後處理補寫：原分數+結構前置+續強品質+突破品質；不覆蓋原策略,一般,4.346,v266.58.1,2026-05-09 00:25:47,觀察,否,,觀察,0,0,持續觀察,前狀態:nan→今日:觀察,NO,v266.60.2,4.346,30.0,0.0,0.0,0.0,12.795,374.0,20/40/60結構佳｜續強品質佳｜主力佈局語意,主力佈局優先,v266.61,2026-05-09 00:25:50,8.0,洗盤不破承接,無事件,等待下一次確認。,5.442,418,v266.62,2026-05-09 00:25:51,0.0,,NONE,245,22,NONE,平台收斂｜洗盤承接,38
TEST,2026-05-08,2026-05-11,2379,瑞昱,ENTRY,ALPHA,ALPHA,58.0,BREAK,BLOCK,False,592.0,30000.0,0.03,3,ALPHA高流動性強勢延續｜成交量/成交金額優先｜突破/趨勢確認｜高流動性,BLOCK：同股已由高優先桶接管｜全清單 TOP5：優先觀察發動機會｜試單清單 TOP5：本區最可能發動｜v266.57.9：結構：平台壓縮後轉強，可優先觀察起漲/試單。｜續強：回檔承接尚可，若原策略入選，可優先觀察延續。｜突破：TEST有升級IGNITION條件，可優先觀察隔日延續。,129.46,5.0,TOP5,HIGH,高流動性,93.03,9246415.0,5473877680000.0,17.0,🟢 偏集中,65（🟢 偏集中）,爆量不跌｜均線結構｜法人偏多,籌碼偏集中但資料有限，可搭配技術面確認，不宜單獨重倉。,1,部分籌碼資料有限,📉 低信心,5.0,試單TOP5,瑞昱,100227.0,-66000.0,51511.0,85738.0,1.0,1,0.0,0.0,0.0,0.0,0,TWSE,🚀 主力拉升（趨勢延續）,高,可續抱；若是試單，可觀察是否進入加碼條件。,2026-05-09 00:25:55,behavior_interpretation,2026-05-08,瑞昱,TWSE,555.0,592.0,551.0,0.0983302411873841,0.1024208566108006,0.0552584670231728,0.074410163339383,0.186372745490982,0.1169811320754716,549.4,551.1,538.5,498.64166666666665,0.0298435191546173,4720365.2,3950181.6,2.3407569414023897,1.194974225995078,592.0,500.0,592.0,438.0,0.1554054054051429,551.1,538.5,0.0212837837837478,0.029587495817543,54.60208879425723,48.24360343995629,1.0,15.954858149734832,15.085935682641011,0.8689224670938192,1.0,779361703.0,0.0029525599752859,2.0,2.0,2.0,2.0,5.0,5.0,2754.0,True,ALPHA Trend Momentum,122.0,BUY,買進,高流動性強勢買進,ALPHA高流動性強勢延續｜成交量/成交金額優先｜突破/趨勢確認｜高流動性,ALPHA,TREND,500-1000,592.59,50.63,30045.0,,,,,,,,,MA5：站上｜↑ 強勢,MA20：站上｜↑ 強勢,,,,,MA10：站上｜↑ 強勢,MA5：站上｜↑ 強勢,MA10：站上｜↑ 強勢,MA20：站上｜↑ 強勢,突破確認K,震盪整理,震盪整理,MA5：站上｜↑ 強勢｜MA10：站上｜↑ 強勢｜MA20：站上｜↑ 強勢｜K棒：突破確認K｜K線：震盪整理,K棒型態：突破確認K｜K線結構：震盪整理,依原策略執行，技術欄位用於確認節奏與風險。,12.0,A,起漲結構強,20D站上MA20｜MA20走平翻揚｜接近20日高｜40D平台收斂｜短中均線糾結｜40D低點守住｜接近/站回MA60｜MA60不再下彎｜站回60D區間中上｜量縮後溫和放量｜5D動能轉正｜10D動能轉正,平台壓縮後轉強，可優先觀察起漲/試單。,v266.57.9,7.5,A,續強品質強,回檔不破前低｜低點墊高確認｜收盤守MA5｜續強確認：收盤未跌破MA5｜仍站MA20｜10D動能維持,回檔承接尚可，若原策略入選，可優先觀察延續。,v266.57.9,6.9,A,突破品質強,紅K實體放大｜收盤接近高點｜量能較前日放大｜突破近5日高｜MA5加速上彎,TEST有升級IGNITION條件，可優先觀察隔日延續。,v266.57.9,ALPHA,0.35,0.75,0.25,133.55,7.0,最後後處理補寫：原分數+結構前置+續強品質+突破品質；不覆蓋原策略,主力吸籌,112.571,v266.58.1,2026-05-09 00:25:47,突破中,否,法人偏多｜量能放大｜均線轉強,突破中,4,0,持續觀察,前狀態:發動中→今日:突破中｜狀態降級,NO,v266.60.2,112.571,42.0,0.0,22.0,0.0,33.797,39.0,20/40/60結構佳｜籌碼偏多｜續強品質佳｜主力佈局語意｜距MA20合理｜距MA60合理｜動能初段未過熱｜突破品質輔助,高優先準點火,v266.61,2026-05-09 00:25:50,51.0,站上MA20且結構成形｜溫和放量不跌｜平台壓縮後放量｜洗盤不破承接｜突破品質成立但未過熱｜籌碼偏多未過熱,強點火事件,可列入優先追蹤，觀察隔日不破MA5/MA10。,94.1,23,v266.62,2026-05-09 00:25:51,4.0,第一次溫和放量｜狀態剛升級｜已經強很久,NONE,47,20,NONE,溫和放量｜籌碼初升｜平台收斂｜風險文字,39
TEST,2026-05-08,2026-05-11,2881,富邦金,ENTRY,ALPHA,ALPHA,58.0,BREAK,BLOCK,False,96.7,10000.0,0.01,3,ALPHA高流動性強勢延續｜成交量/成交金額優先｜突破/趨勢確認｜高流動性,BLOCK：同股已由高優先桶接管｜全清單 TOP1：優先觀察發動機會｜試單清單 TOP1：本區最可能發動｜v266.57.9：結構：平台壓縮後轉強，可優先觀察起漲/試單。｜續強：回檔承接尚可，若原策略入選，可優先觀察延續。｜突破：TEST有升級IGNITION條件，可優先觀察隔日延續。,131.06,1.0,TOP1,HIGH,高流動性,97.6,58348270.0,5642277709000.0,8.0,❌ 極度分散,15（❌ 極度分散）,爆量不跌,籌碼偏弱且資料有限，避免重倉追高。,1,部分籌碼資料有限,📉 低信心,1.0,試單TOP1,富邦金,656159.0,-3762837.0,130215.0,-2976463.0,0.0,1,0.0,0.0,0.0,0.0,0,TWSE,🚀 主力拉升（趨勢延續）,高,可續抱；若是試單，可觀察是否進入加碼條件。,2026-05-09 00:25:55,behavior_interpretation,2026-05-08,富邦金,TWSE,94.5,96.9,94.1,0.0232804232804233,0.0744444444444445,0.0914221218961626,0.1026226153356577,0.1026226153356577,0.0465367792544546,92.7,90.44000091552736,89.11499977111816,89.93833338419596,0.0140147532702888,42531293.4,26203658.9,2.2267222383970204,1.6231051381912165,96.9,86.69999694824219,96.9,83.5,0.1054809002239124,92.7,89.11499977111816,0.0370734253241444,0.0158449674676811,82.55314868588206,72.21251881515636,0.0,1.2002563974822775,0.245581653813516,0.9546747436687616,0.0,2239010510.0,0.0720373827591798,3.0,3.0,4.0,5.0,7.0,8.0,2754.0,True,ALPHA Trend Momentum,114.0,TEST,試單,強勢試單,ALPHA高流動性強勢延續｜成交量/成交金額優先｜突破/趨勢確認｜高流動性,ALPHA,TREND,50-100,96.8,103.31,10015.0,,,,,,,,,MA5：站上｜↑ 強勢,MA20：站上｜↑ 強勢,,,,,MA10：站上｜↑ 強勢,MA5：站上｜↑ 強勢,MA10：站上｜↑ 強勢,MA20：站上｜↑ 強勢,突破確認K,多頭排列,多頭排列,MA5：站上｜↑ 強勢｜MA10：站上｜↑ 強勢｜MA20：站上｜↑ 強勢｜K棒：突破確認K｜K線：多頭排列,K棒型態：突破確認K｜K線結構：多頭排列,依原策略執行，技術欄位用於確認節奏與風險。,12.0,A,起漲結構強,20D站上MA20｜MA20走平翻揚｜MA5站上MA10｜接近20日高｜40D平台收斂｜短中均線糾結｜40D低點守住｜接近/站回MA60｜站回60D區間中上｜量縮後溫和放量｜5D動能轉正｜10D動能轉正,平台壓縮後轉強，可優先觀察起漲/試單。,v266.57.9,7.7,A,續強品質強,回檔不破前低｜低點墊高確認｜收盤守MA5｜續強確認：收盤未跌破MA5｜MA5仍在MA10上｜仍站MA20｜10D動能維持｜扣分:接近20日高且短線過熱,回檔承接尚可，若原策略入選，可優先觀察延續。,v266.57.9,7.7,A,突破品質強,紅K實體放大｜收盤接近高點｜量能較前日放大｜突破近5日高｜MA5加速上彎｜短均多頭,TEST有升級IGNITION條件，可優先觀察隔日延續。,v266.57.9,ALPHA,0.35,0.75,0.25,125.9,34.0,最後後處理補寫：原分數+結構前置+續強品質+突破品質；不覆蓋原策略,一般,104.678,v266.58.1,2026-05-09 00:25:47,吸籌中,否,法人偏多,吸籌中,1,0,持續觀察,前狀態:吸籌中→今日:吸籌中,NO,v266.60.2,104.678,30.0,0.0,27.0,15.0,23.758,65.0,20/40/60結構佳｜續強品質佳｜主力佈局語意｜距MA20合理｜距MA60合理｜短均轉強｜動能初段未過熱｜風險語意扣分｜突破品質輔助,過熱降權,v266.61,2026-05-09 00:25:50,51.0,站上MA20且結構成形｜溫和放量不跌｜平台壓縮後放量｜洗盤不破承接｜突破品質成立但未過熱｜籌碼偏多未過熱,強點火事件,可列入優先追蹤，觀察隔日不破MA5/MA10。,88.575,50,v266.62,2026-05-09 00:25:51,6.0,第一次溫和放量｜籌碼剛轉強｜已經強很久,NONE,38,20,NONE,溫和放量｜籌碼初升｜平台收斂｜風險文字,40
TEST,2026-05-08,2026-05-11,2881,富邦金,ENTRY,PRE,PRE,68.0,BREAK,BLOCK,False,96.7,10000.0,0.01,3,安靜吸籌 | 均線收斂 | 放量吸收 | 接近突破 | 結構尚可,BLOCK：同股已由高優先桶接管｜全清單 TOP1：優先觀察發動機會｜試單清單 TOP1：本區最可能發動｜v266.57.9：結構：平台壓縮後轉強，可優先觀察起漲/試單。｜續強：回檔承接尚可，若原策略入選，可優先觀察延續。｜突破：TEST有升級IGNITION條件，可優先觀察隔日延續。,128.56,1.0,TOP1,HIGH,高流動性,97.6,58348270.0,5642277709000.0,8.0,❌ 極度分散,15（❌ 極度分散）,爆量不跌,籌碼偏弱且資料有限，避免重倉追高。,1,部分籌碼資料有限,📉 低信心,1.0,試單TOP1,富邦金,656159.0,-3762837.0,130215.0,-2976463.0,0.0,1,0.0,0.0,0.0,0.0,0,TWSE,🟡 洗盤吸籌／整理換手（結構未壞）,中高,不急追；等放量突破或站穩 MA10 / MA20 再提高權重。,2026-05-09 00:25:55,behavior_interpretation,2026-05-08,富邦金,TWSE,94.5,96.9,94.1,0.0232804232804233,0.0744444444444445,0.0914221218961626,0.1026226153356577,0.1026226153356577,0.0465367792544546,92.7,90.44000091552736,89.11499977111816,89.93833338419596,0.0140147532702888,42531293.4,26203658.9,2.2267222383970204,1.6231051381912165,96.9,86.69999694824219,96.9,83.5,0.1054809002239124,92.7,89.11499977111816,0.0370734253241444,0.0158449674676811,82.55314868588206,72.21251881515636,0.0,1.2002563974822775,0.245581653813516,0.9546747436687616,0.0,2239010510.0,0.0720373827591798,3.0,3.0,4.0,5.0,7.0,8.0,2754.0,True,ALPHA Trend Momentum,114.0,TEST,試單,強勢試單,ALPHA高流動性強勢延續｜成交量/成交金額優先｜突破/趨勢確認｜高流動性,ALPHA,TREND,50-100,96.8,103.31,10015.0,,,,,,,,,MA5：站上｜↑ 強勢,MA20：站上｜↑ 強勢,,,,,MA10：站上｜↑ 強勢,MA5：站上｜↑ 強勢,MA10：站上｜↑ 強勢,MA20：站上｜↑ 強勢,突破確認K,多頭排列,多頭排列,MA5：站上｜↑ 強勢｜MA10：站上｜↑ 強勢｜MA20：站上｜↑ 強勢｜K棒：突破確認K｜K線：多頭排列,K棒型態：突破確認K｜K線結構：多頭排列,依原策略執行，技術欄位用於確認節奏與風險。,12.0,A,起漲結構強,20D站上MA20｜MA20走平翻揚｜MA5站上MA10｜接近20日高｜40D平台收斂｜短中均線糾結｜40D低點守住｜接近/站回MA60｜站回60D區間中上｜量縮後溫和放量｜5D動能轉正｜10D動能轉正,平台壓縮後轉強，可優先觀察起漲/試單。,v266.57.9,7.7,A,續強品質強,回檔不破前低｜低點墊高確認｜收盤守MA5｜續強確認：收盤未跌破MA5｜MA5仍在MA10上｜仍站MA20｜10D動能維持｜扣分:接近20日高且短線過熱,回檔承接尚可，若原策略入選，可優先觀察延續。,v266.57.9,7.7,A,突破品質強,紅K實體放大｜收盤接近高點｜量能較前日放大｜突破近5日高｜MA5加速上彎｜短均多頭,TEST有升級IGNITION條件，可優先觀察隔日延續。,v266.57.9,ALPHA,0.35,0.75,0.25,125.9,34.0,最後後處理補寫：原分數+結構前置+續強品質+突破品質；不覆蓋原策略,一般,104.678,v266.58.1,2026-05-09 00:25:47,吸籌中,否,法人偏多,吸籌中,1,0,持續觀察,前狀態:吸籌中→今日:吸籌中,NO,v266.60.2,104.678,30.0,0.0,27.0,15.0,24.058,64.0,20/40/60結構佳｜續強品質佳｜主力佈局語意｜距MA20合理｜距MA60合理｜短均轉強｜動能初段未過熱｜風險語意扣分｜突破品質輔助,過熱降權,v266.61,2026-05-09 00:25:50,51.0,站上MA20且結構成形｜溫和放量不跌｜平台壓縮後放量｜洗盤不破承接｜突破品質成立但未過熱｜籌碼偏多未過熱,強點火事件,可列入優先追蹤，觀察隔日不破MA5/MA10。,88.575,48,v266.62,2026-05-09 00:25:51,6.0,第一次溫和放量｜籌碼剛轉強｜已經強很久,NONE,36,20,NONE,溫和放量｜籌碼初升｜平台收斂｜風險文字,41
TEST,2026-05-08,2026-05-11,2881,富邦金,ENTRY,CORE,CORE,80.0,BREAK,TOP,True,96.8,20000.0,0.02,3,ALPHA高流動性強勢延續｜成交量/成交金額優先｜突破/趨勢確認｜高流動性,TOP + timing 合格：允許分批｜全清單 TOP1：優先觀察發動機會｜試單清單 TOP1：本區最可能發動｜v266.57.9：結構：平台壓縮後轉強，可優先觀察起漲/試單。｜續強：回檔承接尚可，若原策略入選，可優先觀察延續。｜突破：TEST有升級IGNITION條件，可優先觀察隔日延續。,139.16,1.0,TOP1,HIGH,高流動性,97.6,58348270.0,5642277709000.0,8.0,❌ 極度分散,15（❌ 極度分散）,爆量不跌,籌碼偏弱且資料有限，避免重倉追高。,1,部分籌碼資料有限,📉 低信心,1.0,試單TOP1,富邦金,656159.0,-3762837.0,130215.0,-2976463.0,0.0,1,0.0,0.0,0.0,0.0,0,TWSE,🚀 主力拉升（趨勢延續）,高,可續抱；若是試單，可觀察是否進入加碼條件。,2026-05-09 00:25:55,behavior_interpretation,2026-05-08,富邦金,TWSE,94.5,96.9,94.1,0.0232804232804233,0.0744444444444445,0.0914221218961626,0.1026226153356577,0.1026226153356577,0.0465367792544546,92.7,90.44000091552736,89.11499977111816,89.93833338419596,0.0140147532702888,42531293.4,26203658.9,2.2267222383970204,1.6231051381912165,96.9,86.69999694824219,96.9,83.5,0.1054809002239124,92.7,89.11499977111816,0.0370734253241444,0.0158449674676811,82.55314868588206,72.21251881515636,0.0,1.2002563974822775,0.245581653813516,0.9546747436687616,0.0,2239010510.0,0.0720373827591798,3.0,3.0,4.0,5.0,7.0,8.0,2754.0,True,ALPHA Trend Momentum,114.0,TEST,試單,強勢試單,ALPHA高流動性強勢延續｜成交量/成交金額優先｜突破/趨勢確認｜高流動性,ALPHA,TREND,50-100,96.8,103.31,10015.0,,,,,,,,,MA5：站上｜↑ 強勢,MA20：站上｜↑ 強勢,,,,,MA10：站上｜↑ 強勢,MA5：站上｜↑ 強勢,MA10：站上｜↑ 強勢,MA20：站上｜↑ 強勢,突破確認K,多頭排列,多頭排列,MA5：站上｜↑ 強勢｜MA10：站上｜↑ 強勢｜MA20：站上｜↑ 強勢｜K棒：突破確認K｜K線：多頭排列,K棒型態：突破確認K｜K線結構：多頭排列,依原策略執行，技術欄位用於確認節奏與風險。,12.0,A,起漲結構強,20D站上MA20｜MA20走平翻揚｜MA5站上MA10｜接近20日高｜40D平台收斂｜短中均線糾結｜40D低點守住｜接近/站回MA60｜站回60D區間中上｜量縮後溫和放量｜5D動能轉正｜10D動能轉正,平台壓縮後轉強，可優先觀察起漲/試單。,v266.57.9,7.7,A,續強品質強,回檔不破前低｜低點墊高確認｜收盤守MA5｜續強確認：收盤未跌破MA5｜MA5仍在MA10上｜仍站MA20｜10D動能維持｜扣分:接近20日高且短線過熱,回檔承接尚可，若原策略入選，可優先觀察延續。,v266.57.9,7.7,A,突破品質強,紅K實體放大｜收盤接近高點｜量能較前日放大｜突破近5日高｜MA5加速上彎｜短均多頭,TEST有升級IGNITION條件，可優先觀察隔日延續。,v266.57.9,ALPHA,0.35,0.75,0.25,125.9,34.0,最後後處理補寫：原分數+結構前置+續強品質+突破品質；不覆蓋原策略,一般,104.678,v266.58.1,2026-05-09 00:25:47,吸籌中,否,法人偏多,吸籌中,1,0,持續觀察,前狀態:吸籌中→今日:吸籌中,NO,v266.60.2,104.678,30.0,0.0,27.0,15.0,24.418,62.0,20/40/60結構佳｜續強品質佳｜主力佈局語意｜距MA20合理｜距MA60合理｜短均轉強｜動能初段未過熱｜風險語意扣分｜突破品質輔助,過熱降權,v266.61,2026-05-09 00:25:50,51.0,站上MA20且結構成形｜溫和放量不跌｜平台壓縮後放量｜洗盤不破承接｜突破品質成立但未過熱｜籌碼偏多未過熱,強點火事件,可列入優先追蹤，觀察隔日不破MA5/MA10。,88.575,49,v266.62,2026-05-09 00:25:51,6.0,第一次溫和放量｜籌碼剛轉強｜已經強很久,NONE,37,20,NONE,溫和放量｜籌碼初升｜平台收斂｜風險文字,42
TEST,2026-05-08,2026-05-11,2395,研華,ENTRY,ALPHA,ALPHA,58.0,WAIT,BLOCK,False,476.5,0.0,0.0,3,ALPHA高流動性強勢延續｜成交量/成交金額優先｜突破/趨勢確認｜高流動性,BLOCK：超出本市場狀態可執行名額｜v266.57.9：結構：平台壓縮後轉強，可優先觀察起漲/試單。｜續強：回檔承接尚可，若原策略入選，可優先觀察延續。｜突破：TEST有升級IGNITION條件，可優先觀察隔日延續。,119.62,,,HIGH,高流動性,93.5,10464742.0,4986449563000.0,17.0,🟢 偏集中,70（🟢 偏集中）,爆量不跌｜均線結構｜法人偏多,籌碼偏集中但資料有限，可搭配技術面確認，不宜單獨重倉。,1,部分籌碼資料有限,📉 低信心,,,研華,189452.0,-1000.0,29937.0,218389.0,1.0,1,0.0,0.0,0.0,0.0,0,TWSE,🚀 主力拉升（趨勢延續）,高,可續抱；若是試單，可觀察是否進入加碼條件。,2026-05-09 00:25:55,behavior_interpretation,2026-05-08,研華,TWSE,450.0,488.0,449.5,0.0731981981981981,0.3254520166898469,0.2983651226158037,0.3072702331961592,0.4775193798449613,0.6402753872633391,408.2,384.25,368.425,339.06666666666666,0.04086059349545,6667626.4,3905955.35,2.6791760433206173,1.7070411211945875,488.0,335.0,488.0,283.0,0.3210912906603964,408.2,368.425,0.0834732423922696,0.0610555115557316,82.0842069489845,71.6710366242613,0.0,22.80592972147588,12.463009018608492,10.342920702867383,0.0,87009107.0,0.3567514953539945,3.0,3.0,3.0,3.0,5.0,7.0,2754.0,True,ALPHA Trend Momentum,118.0,BUY,買進,高流動性強勢買進,ALPHA高流動性強勢延續｜成交量/成交金額優先｜突破/趨勢確認｜高流動性,ALPHA,,,,,,,,,,,,,,MA5：站上｜↑ 強勢,MA20：站上｜↑ 強勢,,,,,MA10：站上｜↑ 強勢,MA5：站上｜↑ 強勢,MA10：站上｜↑ 強勢,MA20：站上｜↑ 強勢,突破確認K,多頭排列,多頭排列,MA5：站上｜↑ 強勢｜MA10：站上｜↑ 強勢｜MA20：站上｜↑ 強勢｜K棒：突破確認K｜K線：多頭排列,K棒型態：突破確認K｜K線結構：多頭排列,依原策略執行，技術欄位用於確認節奏與風險。,6.1,B,起漲結構中,20D站上MA20｜MA20走平翻揚｜MA5站上MA10｜接近20日高｜40D低點守住｜接近/站回MA60｜MA60不再下彎｜站回60D區間中上｜5D動能轉正｜10D動能轉正｜扣分:距MA20過遠、20D漲幅過熱,平台壓縮後轉強，可優先觀察起漲/試單。,v266.57.9,7.5,A,續強品質強,回檔不破前低｜低點墊高確認｜收盤守MA5｜續強確認：收盤未跌破MA5｜MA5仍在MA10上｜仍站MA20｜10D動能維持｜扣分:20D漲幅偏熱,回檔承接尚可，若原策略入選，可優先觀察延續。,v266.57.9,7.7,A,突破品質強,紅K實體放大｜收盤接近高點｜量能較前日放大｜突破近5日高｜MA5加速上彎｜短均多頭,TEST有升級IGNITION條件，可優先觀察隔日延續。,v266.57.9,ALPHA,0.35,0.75,0.25,127.685,27.0,最後後處理補寫：原分數+結構前置+續強品質+突破品質；不覆蓋原策略,主力吸籌,107.762,v266.58.1,2026-05-09 00:25:47,突破中,否,法人偏多｜量能放大｜均線轉強,突破中,4,13,準IGNITION,前狀態:nan→今日:突破中｜狀態跳升｜具備點火條件,READY,v266.60.2,112.312,42.0,32.0,5.0,55.0,15.154,80.0,20/40/60結構佳｜籌碼偏多｜續強品質佳｜主力佈局語意｜狀態升級強｜具升級旗標｜升級標籤｜短均轉強｜5日漲幅過熱扣分｜10日漲幅過熱扣分｜20日漲幅過熱扣分｜乖離MA20過大扣分｜風險語意扣分｜突破品質輔助,過熱降權,v266.61,2026-05-09 00:25:50,55.0,站上MA20且結構成形｜溫和放量不跌｜平台壓縮後放量｜洗盤不破承接｜突破品質成立但未過熱｜籌碼偏多未過熱｜狀態升級觸發｜狀態轉移轉強｜遠離MA20過熱扣分,強點火事件,可列入優先追蹤，觀察隔日不破MA5/MA10。,95.118,18,v266.62,2026-05-09 00:25:51,-26.0,狀態剛升級｜乖離過大｜已經強很久,NONE,538,13,NONE,溫和放量｜籌碼初升｜狀態剛升級｜平台收斂｜過熱扣分｜風險文字,43
TEST,2026-05-08,2026-05-11,2351,順德,ENTRY,ALPHA,ALPHA,58.0,WAIT,BLOCK,False,183.0,0.0,0.0,3,ALPHA高流動性強勢延續｜成交量/成交金額優先｜突破/趨勢確認｜高流動性,BLOCK：超出本市場狀態可執行名額｜v266.57.9：結構：平台壓縮後轉強，可優先觀察起漲/試單。｜續強：回檔承接尚可，若原策略入選，可優先觀察延續。｜突破：TEST有升級IGNITION條件，可優先觀察隔日延續。,119.53,,,HIGH,高流動性,93.22,14140300.0,2587674900000.0,9.0,🟢 偏集中,75（🟢 偏集中）,均線結構｜法人偏多,籌碼偏集中但資料有限，可搭配技術面確認，不宜單獨重倉。,1,部分籌碼資料有限,📉 低信心,,,,875904.0,0.0,120559.0,996463.0,1.0,1,0.0,0.0,0.0,0.0,0,TWSE,🚀 主力拉升（趨勢延續）,高,可續抱；若是試單，可觀察是否進入加碼條件。,2026-05-09 00:25:55,behavior_interpretation,2026-05-08,順德,TWSE,179.5,183.0,170.0,0.0990990990990992,0.1883116883116882,0.2491467576791808,0.2119205298013244,0.6788990825688073,1.042410749067762,162.7,157.0,141.925,107.70000012715656,0.0491076104735774,11481313.6,11291951.95,1.2522458528527478,1.0167696117410416,183.0,109.0,183.0,75.0,0.4043715846972439,162.7,141.925,0.1135245901633139,0.1225579378748859,76.90797725402885,67.57641254506966,0.0,16.541282899349397,14.329749614758756,2.21153328459064,0.0,537933995.0,0.1194657469572491,3.0,3.0,5.0,5.0,7.0,8.0,2754.0,True,ALPHA Trend Momentum,116.0,BUY,買進,高流動性強勢買進,ALPHA高流動性強勢延續｜成交量/成交金額優先｜突破/趨勢確認｜高流動性,ALPHA,,,,,,,,,,,,,,MA5：站上｜↑ 強勢,MA20：站上｜↑ 強勢,,,,,MA10：站上｜↑ 強勢,MA5：站上｜↑ 強勢,MA10：站上｜↑ 強勢,MA20：站上｜↑ 強勢,突破確認K,多頭排列,多頭排列,MA5：站上｜↑ 強勢｜MA10：站上｜↑ 強勢｜MA20：站上｜↑ 強勢｜K棒：突破確認K｜K線：多頭排列,K棒型態：突破確認K｜K線結構：多頭排列,依原策略執行，技術欄位用於確認節奏與風險。,8.1,A,起漲結構強,20D站上MA20｜MA20走平翻揚｜MA5站上MA10｜接近20日高｜40D低點守住｜接近/站回MA60｜MA60不再下彎｜站回60D區間中上｜量縮後溫和放量｜5D動能轉正｜10D動能轉正｜扣分:距MA20過遠、20D漲幅過熱,平台壓縮後轉強，可優先觀察起漲/試單。,v266.57.9,6.5,B,續強品質中,回檔不破前低｜低點墊高確認｜收盤守MA5｜續強確認：收盤未跌破MA5｜MA5仍在MA10上｜仍站MA20｜10D動能維持｜扣分:接近20日高且短線過熱、20D漲幅偏熱,回檔承接尚可，若原策略入選，可優先觀察延續。,v266.57.9,6.2,A,突破品質強,收盤接近高點｜量能較前日放大｜突破近5日高｜MA5加速上彎｜短均多頭,TEST有升級IGNITION條件，可優先觀察隔日延續。,v266.57.9,ALPHA,0.35,0.75,0.25,125.26,43.0,最後後處理補寫：原分數+結構前置+續強品質+突破品質；不覆蓋原策略,一般,104.333,v266.58.1,2026-05-09 00:25:47,突破中,否,法人偏多｜均線轉強,突破中,4,13,準IGNITION,前狀態:nan→今日:突破中｜狀態跳升｜具備點火條件,READY,v266.60.2,108.883,30.0,32.0,5.0,47.0,13.971,108.0,20/40/60結構佳｜續強品質佳｜主力佈局語意｜狀態升級強｜具升級旗標｜升級標籤｜短均轉強｜5日漲幅過熱扣分｜20日漲幅過熱扣分｜乖離MA20過大扣分｜風險語意扣分｜突破品質輔助,過熱降權,v266.61,2026-05-09 00:25:50,45.0,站上MA20且結構成形｜平台壓縮後放量｜洗盤不破承接｜突破品質成立但未過熱｜籌碼偏多未過熱｜狀態升級觸發｜狀態轉移轉強｜遠離MA20過熱扣分,強點火事件,可列入優先追蹤，觀察隔日不破MA5/MA10。,89.718,45,v266.62,2026-05-09 00:25:51,-6.0,籌碼剛轉強｜狀態剛升級｜乖離過大,NONE,516,13,NONE,溫和放量｜籌碼初升｜狀態剛升級｜平台收斂｜過熱扣分｜風險文字,44
TEST,2026-05-08,2026-05-11,2327,國巨*,ENTRY,ALPHA,ALPHA,58.0,WAIT,BLOCK,False,389.0,0.0,0.0,3,ALPHA高流動性強勢延續｜成交量/成交金額優先｜突破/趨勢確認｜高流動性,BLOCK：超出本市場狀態可執行名額｜v266.57.9：結構：平台壓縮後轉強，可優先觀察起漲/試單。｜續強：回檔承接尚可，若原策略入選，可優先觀察延續。｜突破：有轉強跡象，但突破品質尚未完全成立。,121.77,,,HIGH,高流動性,99.62,96857168.0,37677438352000.0,17.0,🟢 偏集中,65（🟢 偏集中）,爆量不跌｜均線結構｜法人偏多,籌碼偏集中但資料有限，可搭配技術面確認，不宜單獨重倉。,1,部分籌碼資料有限,📉 低信心,,,國巨,230560.0,-111352.0,501954.0,621162.0,1.0,1,0.0,0.0,0.0,0.0,0,TWSE,🚀 主力拉升（趨勢延續）,高,可續抱；若是試單，可觀察是否進入加碼條件。,2026-05-09 00:25:55,behavior_interpretation,2026-05-08,國巨*,TWSE,390.0,400.0,369.5,0.0471063257065949,0.2271293375394321,0.1914241960183766,0.2043343653250773,0.51953125,0.3186440677966102,348.4,328.1,317.025,282.95,0.0393455777029416,53635207.2,48883747.9,1.9813777003788209,1.0971991613597207,400.0,264.0,400.0,240.0,0.3496143958859907,348.4,317.025,0.0806555269920805,0.0831980866145614,83.99213406926796,73.15654536303279,0.0,21.51506153235533,15.025984172217855,6.489077360137475,0.0,5248195095.0,0.0276153986341227,3.0,2.0,3.0,3.0,6.0,6.0,2754.0,True,ALPHA Trend Momentum,118.0,BUY,買進,高流動性強勢買進,ALPHA高流動性強勢延續｜成交量/成交金額優先｜突破/趨勢確認｜高流動性,ALPHA,,,,,,,,,,,,,,MA5：站上｜↑ 強勢,MA20：站上｜↑ 強勢,,,,,MA10：站上｜↑ 強勢,MA5：站上｜↑ 強勢,MA10：站上｜↑ 強勢,MA20：站上｜↑ 強勢,突破確認K,多頭排列,多頭排列,MA5：站上｜↑ 強勢｜MA10：站上｜↑ 強勢｜MA20：站上｜↑ 強勢｜K棒：突破確認K｜K線：多頭排列,K棒型態：突破確認K｜K線結構：多頭排列,依原策略執行，技術欄位用於確認節奏與風險。,8.1,A,起漲結構強,20D站上MA20｜MA20走平翻揚｜MA5站上MA10｜接近20日高｜40D低點守住｜接近/站回MA60｜MA60不再下彎｜站回60D區間中上｜量縮後溫和放量｜5D動能轉正｜10D動能轉正｜扣分:距MA20過遠、20D漲幅過熱,平台壓縮後轉強，可優先觀察起漲/試單。,v266.57.9,7.5,A,續強品質強,回檔不破前低｜低點墊高確認｜收盤守MA5｜續強確認：收盤未跌破MA5｜MA5仍在MA10上｜仍站MA20｜10D動能維持｜扣分:20D漲幅偏熱,回檔承接尚可，若原策略入選，可優先觀察延續。,v266.57.9,3.5,C,突破觀察,量能較前日放大｜突破近5日高｜短均多頭,有轉強跡象，但突破品質尚未完全成立。,v266.57.9,ALPHA,0.35,0.75,0.25,127.335,29.0,最後後處理補寫：原分數+結構前置+續強品質+突破品質；不覆蓋原策略,主力吸籌,107.475,v266.58.1,2026-05-09 00:25:47,突破中,否,法人偏多｜量能放大｜均線轉強,突破中,4,13,準IGNITION,前狀態:nan→今日:突破中｜狀態跳升｜具備點火條件,READY,v266.60.2,112.025,42.0,32.0,5.0,47.0,17.885,77.0,20/40/60結構佳｜籌碼偏多｜續強品質佳｜主力佈局語意｜狀態升級強｜具升級旗標｜升級標籤｜短均轉強｜5日漲幅過熱扣分｜20日漲幅過熱扣分｜乖離MA20過大扣分｜風險語意扣分,過熱降權,v266.61,2026-05-09 00:25:50,48.0,站上MA20且結構成形｜溫和放量不跌｜平台壓縮後放量｜洗盤不破承接｜籌碼偏多未過熱｜狀態升級觸發｜狀態轉移轉強｜遠離MA20過熱扣分,強點火事件,可列入優先追蹤，觀察隔日不破MA5/MA10。,92.818,35,v266.62,2026-05-09 00:25:51,-4.0,第一次溫和放量｜狀態剛升級｜乖離過大,NONE,515,13,NONE,溫和放量｜籌碼初升｜狀態剛升級｜平台收斂｜過熱扣分｜風險文字,45
TEST,2026-05-08,2026-05-11,2472,立隆電,ENTRY,ALPHA,ALPHA,58.0,WAIT,BLOCK,False,221.5,0.0,0.0,3,ALPHA高流動性強勢延續｜成交量/成交金額優先｜突破/趨勢確認｜高流動性,BLOCK：超出本市場狀態可執行名額｜v266.57.9：結構：平台壓縮後轉強，可優先觀察起漲/試單。｜續強：回檔承接尚可，若原策略入選，可優先觀察延續。｜突破：TEST有升級IGNITION條件，可優先觀察隔日延續。,119.15,,,HIGH,高流動性,92.15,10762892.0,2383980578000.0,13.0,⚠️ 分散,21（⚠️ 分散）,爆量不跌｜均線結構,籌碼偏弱且資料有限，避免重倉追高。,1,部分籌碼資料有限,📉 低信心,,,,-177040.0,-151.0,56909.0,-120282.0,0.0,1,0.0,0.0,0.0,0.0,0,TWSE,🚀 主力拉升（趨勢延續）,高,可續抱；若是試單，可觀察是否進入加碼條件。,2026-05-09 00:25:55,behavior_interpretation,2026-05-08,立隆電,TWSE,198.5,221.5,197.5,0.0992555831265509,0.254957507082153,0.2657142857142858,0.178191489361702,0.73046875,0.8851063829787233,192.2,183.35,176.225,136.76666666666668,0.0477398289734443,6172323.2,5782330.15,1.861341659988058,1.0674456559696783,221.5,133.0,221.5,101.5,0.3995485327295731,192.2,176.225,0.0721218961622025,0.0966085874293926,76.40431724281798,60.53628574579889,0.0,16.089507117974165,14.029154300467988,2.0603528175061783,0.0,879254355.0,0.0296781627525917,3.0,3.0,4.0,5.0,6.0,8.0,2754.0,True,ALPHA Trend Momentum,116.0,BUY,買進,高流動性強勢買進,ALPHA高流動性強勢延續｜成交量/成交金額優先｜突破/趨勢確認｜高流動性,ALPHA,,,,,,,,,,,,,,MA5：站上｜↑ 強勢,MA20：站上｜↑ 強勢,,,,,MA10：站上｜↑ 強勢,MA5：站上｜↑ 強勢,MA10：站上｜↑ 強勢,MA20：站上｜↑ 強勢,突破確認K,多頭排列,多頭排列,MA5：站上｜↑ 強勢｜MA10：站上｜↑ 強勢｜MA20：站上｜↑ 強勢｜K棒：突破確認K｜K線：多頭排列,K棒型態：突破確認K｜K線結構：多頭排列,依原策略執行，技術欄位用於確認節奏與風險。,9.6,A,起漲結構強,20D站上MA20｜MA20走平翻揚｜MA5站上MA10｜接近20日高｜短中均線糾結｜40D低點守住｜接近/站回MA60｜MA60不再下彎｜站回60D區間中上｜量縮後溫和放量｜5D動能轉正｜10D動能轉正｜扣分:距MA20過遠、20D漲幅過熱,平台壓縮後轉強，可優先觀察起漲/試單。,v266.57.9,6.5,B,續強品質中,回檔不破前低｜低點墊高確認｜收盤守MA5｜續強確認：收盤未跌破MA5｜MA5仍在MA10上｜仍站MA20｜10D動能維持｜扣分:接近20日高且短線過熱、20D漲幅偏熱,回檔承接尚可，若原策略入選，可優先觀察延續。,v266.57.9,7.7,A,突破品質強,紅K實體放大｜收盤接近高點｜量能較前日放大｜突破近5日高｜MA5加速上彎｜短均多頭,TEST有升級IGNITION條件，可優先觀察隔日延續。,v266.57.9,ALPHA,0.35,0.75,0.25,126.16,31.0,最後後處理補寫：原分數+結構前置+續強品質+突破品質；不覆蓋原策略,一般,105.791,v266.58.1,2026-05-09 00:25:47,突破中,否,法人偏多｜量能放大｜均線轉強,突破中,4,13,準IGNITION,前狀態:nan→今日:突破中｜狀態跳升｜具備點火條件,READY,v266.60.2,110.341,42.0,32.0,5.0,47.0,18.317,74.0,20/40/60結構佳｜籌碼偏多｜續強品質佳｜主力佈局語意｜狀態升級強｜具升級旗標｜升級標籤｜短均轉強｜5日漲幅過熱扣分｜20日漲幅過熱扣分｜乖離MA20過大扣分｜風險語意扣分｜突破品質輔助,過熱降權,v266.61,2026-05-09 00:25:50,55.0,站上MA20且結構成形｜溫和放量不跌｜平台壓縮後放量｜洗盤不破承接｜突破品質成立但未過熱｜籌碼偏多未過熱｜狀態升級觸發｜狀態轉移轉強｜遠離MA20過熱扣分,強點火事件,可列入優先追蹤，觀察隔日不破MA5/MA10。,93.739,26,v266.62,2026-05-09 00:25:51,-8.0,第一次溫和放量｜籌碼剛轉強｜狀態剛升級｜乖離過大｜已經強很久,NONE,518,13,NONE,溫和放量｜籌碼初升｜狀態剛升級｜平台收斂｜過熱扣分｜風險文字,46
TEST,2026-05-08,2026-05-11,2458,義隆,ENTRY,ALPHA,ALPHA,58.0,WAIT,BLOCK,False,151.5,0.0,0.0,3,ALPHA高流動性強勢延續｜成交量/成交金額優先｜突破/趨勢確認｜高流動性,BLOCK：超出本市場狀態可執行名額｜v266.57.9：結構：平台壓縮後轉強，可優先觀察起漲/試單。｜續強：回檔承接尚可，若原策略入選，可優先觀察延續。｜突破：TEST有升級IGNITION條件，可優先觀察隔日延續。,118.17,,,HIGH,高流動性,89.35,8538310.0,1293553965000.0,17.0,🔥 高度集中,85（🔥 高度集中）,爆量不跌｜均線結構｜法人偏多,籌碼偏集中但資料有限，可搭配技術面確認，不宜單獨重倉。,1,部分籌碼資料有限,📉 低信心,,,義隆,300600.0,5688.0,1000.0,307288.0,1.0,1,0.0,0.0,0.0,0.0,0,TWSE,🚀 主力拉升（趨勢延續）,高,可續抱；若是試單，可觀察是否進入加碼條件。,2026-05-09 00:25:55,behavior_interpretation,2026-05-08,義隆,TWSE,144.5,155.0,144.0,0.0520833333333332,0.1098901098901099,0.1098901098901099,0.1058394160583942,0.2119999999999999,0.2784810126582278,140.7,138.85,136.95,130.29166666666666,0.022974265395545,3945196.0,4065959.9,2.099949387105367,0.9702987970933996,155.0,126.5,155.0,115.5,0.1881188118799464,140.7,136.95,0.0247524752473613,0.0296992481200773,56.765368462698966,43.7705241290516,0.0,3.148568283244856,2.106885521569794,1.041682761675062,0.0,919473277.0,0.0167609897931204,3.0,3.0,4.0,4.0,7.0,7.0,2754.0,True,CORE Early Entry,96.0,BUY,買進,早期卡位,CORE早期卡位｜剛轉強｜靠近MA20｜量能回溫｜高流動性,CORE,,,,,,,,,,,,,,MA5：站上｜↑ 強勢,MA20：站上｜↑ 強勢,,,,,MA10：站上｜↑ 強勢,MA5：站上｜↑ 強勢,MA10：站上｜↑ 強勢,MA20：站上｜↑ 強勢,突破確認K,多頭排列,多頭排列,MA5：站上｜↑ 強勢｜MA10：站上｜↑ 強勢｜MA20：站上｜↑ 強勢｜K棒：突破確認K｜K線：多頭排列,K棒型態：突破確認K｜K線結構：多頭排列,依原策略執行，技術欄位用於確認節奏與風險。,12.0,A,起漲結構強,20D站上MA20｜MA20走平翻揚｜MA5站上MA10｜接近20日高｜40D平台收斂｜短中均線糾結｜40D低點守住｜接近/站回MA60｜MA60不再下彎｜站回60D區間中上｜量縮後溫和放量｜5D動能轉正｜10D動能轉正,平台壓縮後轉強，可優先觀察起漲/試單。,v266.57.9,8.7,A,續強品質強,回檔不破前低｜低點墊高確認｜收盤守MA5｜續強確認：收盤未跌破MA5｜MA5仍在MA10上｜仍站MA20｜10D動能維持,回檔承接尚可，若原策略入選，可優先觀察延續。,v266.57.9,6.2,A,突破品質強,紅K實體放大｜量能較前日放大｜突破近5日高｜MA5加速上彎｜短均多頭,TEST有升級IGNITION條件，可優先觀察隔日延續。,v266.57.9,ALPHA,0.35,0.75,0.25,108.275,62.0,最後後處理補寫：原分數+結構前置+續強品質+突破品質；不覆蓋原策略,主力吸籌,91.846,v266.58.1,2026-05-09 00:25:47,突破中,否,法人偏多｜量能放大｜均線轉強,突破中,4,13,準IGNITION,前狀態:nan→今日:突破中｜狀態跳升｜具備點火條件,READY,v266.60.2,96.396,42.0,32.0,27.0,0.0,42.162,8.0,20/40/60結構佳｜籌碼偏多｜續強品質佳｜主力佈局語意｜狀態升級強｜具升級旗標｜升級標籤｜距MA20合理｜距MA60合理｜短均轉強｜動能初段未過熱｜突破品質輔助,高優先準點火,v266.61,2026-05-09 00:25:50,67.0,站上MA20且結構成形｜溫和放量不跌｜平台壓縮後放量｜洗盤不破承接｜突破品質成立但未過熱｜籌碼偏多未過熱｜狀態升級觸發｜狀態轉移轉強,強點火事件,可列入優先追蹤，觀察隔日不破MA5/MA10。,87.577,55,v266.62,2026-05-09 00:25:51,4.0,第一次溫和放量｜狀態剛升級｜已經強很久,NONE,54,13,NONE,溫和放量｜籌碼初升｜狀態剛升級｜平台收斂｜過熱扣分｜風險文字,47
TEST,2026-05-08,2026-05-11,6278,台表科,ENTRY,ALPHA,ALPHA,58.0,WAIT,BLOCK,False,201.0,0.0,0.0,3,ALPHA高流動性強勢延續｜成交量/成交金額優先｜突破/趨勢確認｜高流動性,BLOCK：超出本市場狀態可執行名額｜v266.57.9：結構：平台壓縮後轉強，可優先觀察起漲/試單。｜續強：回檔承接尚可，若原策略入選，可優先觀察延續。｜突破：TEST有升級IGNITION條件，可優先觀察隔日延續。,120.8,,,HIGH,高流動性,96.85,30433241.0,6117081441000.0,13.0,❌ 極度分散,15（❌ 極度分散）,爆量不跌｜均線結構,籌碼偏弱且資料有限，避免重倉追高。,1,部分籌碼資料有限,📉 低信心,,,,-350856.0,-1326682.0,13000.0,-1664538.0,0.0,1,0.0,0.0,0.0,0.0,0,TWSE,🚀 主力拉升（趨勢延續）,高,可續抱；若是試單，可觀察是否進入加碼條件。,2026-05-09 00:25:55,behavior_interpretation,2026-05-08,台表科,TWSE,181.5,201.0,176.5,0.098360655737705,0.1964285714285714,0.2681388012618297,0.2681388012618297,1.1520342260841154,1.1180189332788153,178.7,164.45,146.55,113.6033332824707,0.051192739992601,16801268.6,13345799.8,2.2803609716968776,1.258918075483194,201.0,93.5,201.0,91.4000015258789,0.5348258706441054,178.7,146.55,0.159950248755423,0.169033185850441,89.82885735457856,80.27063505377299,0.0,20.38335231603793,16.177116500100198,4.206235815937731,0.0,1449635667.0,0.0615147474674466,3.0,2.0,5.0,3.0,8.0,6.0,2754.0,True,ALPHA Trend Momentum,116.0,BUY,買進,高流動性強勢買進,ALPHA高流動性強勢延續｜成交量/成交金額優先｜突破/趨勢確認｜高流動性,ALPHA,,,,,,,,,,,,,,MA5：站上｜↑ 強勢,MA20：站上｜↑ 強勢,,,,,MA10：站上｜↑ 強勢,MA5：站上｜↑ 強勢,MA10：站上｜↑ 強勢,MA20：站上｜↑ 強勢,突破確認K,多頭排列,多頭排列,MA5：站上｜↑ 強勢｜MA10：站上｜↑ 強勢｜MA20：站上｜↑ 強勢｜K棒：突破確認K｜K線：多頭排列,K棒型態：突破確認K｜K線結構：多頭排列,依原策略執行，技術欄位用於確認節奏與風險。,6.1,B,起漲結構中,20D站上MA20｜MA20走平翻揚｜MA5站上MA10｜接近20日高｜40D低點守住｜接近/站回MA60｜MA60不再下彎｜站回60D區間中上｜5D動能轉正｜10D動能轉正｜扣分:距MA20過遠、20D漲幅過熱,平台壓縮後轉強，可優先觀察起漲/試單。,v266.57.9,6.5,B,續強品質中,回檔不破前低｜低點墊高確認｜收盤守MA5｜續強確認：收盤未跌破MA5｜MA5仍在MA10上｜仍站MA20｜10D動能維持｜扣分:接近20日高且短線過熱、20D漲幅偏熱,回檔承接尚可，若原策略入選，可優先觀察延續。,v266.57.9,6.5,A,突破品質強,紅K實體放大｜收盤接近高點｜突破近5日高｜MA5加速上彎｜短均多頭,TEST有升級IGNITION條件，可優先觀察隔日延續。,v266.57.9,ALPHA,0.35,0.75,0.25,124.635,51.0,最後後處理補寫：原分數+結構前置+續強品質+突破品質；不覆蓋原策略,一般,104.541,v266.58.1,2026-05-09 00:25:47,突破中,否,法人偏多｜量能放大｜均線轉強,突破中,4,13,準IGNITION,前狀態:nan→今日:突破中｜狀態跳升｜具備點火條件,READY,v266.60.2,109.091,42.0,32.0,5.0,47.0,18.192,76.0,20/40/60結構佳｜籌碼偏多｜續強品質佳｜主力佈局語意｜狀態升級強｜具升級旗標｜升級標籤｜短均轉強｜5日漲幅過熱扣分｜20日漲幅過熱扣分｜乖離MA20過大扣分｜風險語意扣分｜突破品質輔助,過熱降權,v266.61,2026-05-09 00:25:50,55.0,站上MA20且結構成形｜溫和放量不跌｜平台壓縮後放量｜洗盤不破承接｜突破品質成立但未過熱｜籌碼偏多未過熱｜狀態升級觸發｜狀態轉移轉強｜遠離MA20過熱扣分,強點火事件,可列入優先追蹤，觀察隔日不破MA5/MA10。,92.864,34,v266.62,2026-05-09 00:25:51,-8.0,第一次溫和放量｜籌碼剛轉強｜狀態剛升級｜乖離過大｜已經強很久,NONE,517,13,NONE,溫和放量｜籌碼初升｜狀態剛升級｜平台收斂｜過熱扣分｜風險文字,48
TEST,2026-05-08,2026-05-11,2492,華新科,ENTRY,ALPHA,ALPHA,58.0,WAIT,BLOCK,False,156.0,0.0,0.0,3,ALPHA高流動性強勢延續｜成交量/成交金額優先｜突破/趨勢確認｜高流動性,BLOCK：超出本市場狀態可執行名額｜v266.57.9：結構：平台壓縮後轉強，可優先觀察起漲/試單。｜續強：回檔承接尚可，若原策略入選，可優先觀察延續。｜突破：尚未形成乾淨突破，不急著升級。,120.98,,,HIGH,高流動性,97.36,39690340.0,6191693040000.0,13.0,⚠️ 分散,25（⚠️ 分散）,爆量不跌｜均線結構,籌碼偏弱且資料有限，避免重倉追高。,1,部分籌碼資料有限,📉 低信心,,,華新科,-435752.0,0.0,84293.0,-351459.0,0.0,1,0.0,0.0,0.0,0.0,0,TWSE,🚀 主力拉升（趨勢延續）,高,可續抱；若是試單，可觀察是否進入加碼條件。,2026-05-09 00:25:55,behavior_interpretation,2026-05-08,華新科,TWSE,159.5,164.5,152.5,-0.025,0.1863117870722432,0.0985915492957747,0.0469798657718121,0.368421052631579,0.022950819672131,144.1,139.45,139.25,133.775,0.0547886846675301,22726805.8,15274090.65,2.59854029346094,1.4879318396607786,164.5,117.0,164.5,113.0,0.3044871794852277,144.1,139.25,0.0310897435895442,0.0501508295622161,65.85536707400432,53.38469515083941,0.0,4.253042351988484,2.5645522016540987,1.6884901503343848,0.0,1952205383.0,-0.0045276585388795,2.0,3.0,2.0,4.0,3.0,5.0,2754.0,True,ALPHA Trend Momentum,112.0,BUY,買進,高流動性強勢買進,ALPHA高流動性強勢延續｜成交量/成交金額優先｜突破/趨勢確認｜高流動性,ALPHA,,,,,,,,,,,,,,MA5：站上｜↑ 強勢,MA20：站上｜↑ 強勢,,,,,MA10：站上｜↑ 強勢,MA5：站上｜↑ 強勢,MA10：站上｜↑ 強勢,MA20：站上｜↑ 強勢,突破確認K,多頭排列,多頭排列,MA5：站上｜↑ 強勢｜MA10：站上｜↑ 強勢｜MA20：站上｜↑ 強勢｜K棒：突破確認K｜K線：多頭排列,K棒型態：突破確認K｜K線結構：多頭排列,依原策略執行，技術欄位用於確認節奏與風險。,10.6,A,起漲結構強,20D站上MA20｜MA20走平翻揚｜MA5站上MA10｜40D平台收斂｜短中均線糾結｜40D低點守住｜接近/站回MA60｜站回60D區間中上｜5D動能轉正｜10D動能轉正,平台壓縮後轉強，可優先觀察起漲/試單。,v266.57.9,8.7,A,續強品質強,回檔不破前低｜低點墊高確認｜收盤守MA5｜續強確認：收盤未跌破MA5｜MA5仍在MA10上｜仍站MA20｜10D動能維持,回檔承接尚可，若原策略入選，可優先觀察延續。,v266.57.9,-0.2,D,突破不足,短均多頭｜扣分:收盤位置偏弱,尚未形成乾淨突破，不急著升級。,v266.57.9,ALPHA,0.35,0.75,0.25,122.185,55.0,最後後處理補寫：原分數+結構前置+續強品質+突破品質；不覆蓋原策略,一般,102.532,v266.58.1,2026-05-09 00:25:47,突破中,否,法人偏多｜量能放大｜均線轉強,突破中,4,13,準IGNITION,首次追蹤:突破中｜狀態跳升｜具備點火條件,READY,v266.60.2,107.082,42.0,32.0,11.0,0.0,38.631,19.0,20/40/60結構佳｜籌碼偏多｜續強品質佳｜主力佈局語意｜狀態升級強｜具升級旗標｜升級標籤｜距MA60合理｜短均轉強,高優先準點火,v266.61,2026-05-09 00:25:50,60.0,站上MA20且結構成形｜溫和放量不跌｜平台壓縮後放量｜洗盤不破承接｜籌碼偏多未過熱｜狀態升級觸發｜狀態轉移轉強,強點火事件,可列入優先追蹤，觀察隔日不破MA5/MA10。,92.957,33,v266.62,2026-05-09 00:25:51,2.0,籌碼剛轉強｜狀態剛升級｜已經強很久,NONE,59,13,NONE,溫和放量｜籌碼初升｜狀態剛升級｜平台收斂｜過熱扣分｜風險文字,49
TEST,2026-05-08,2026-05-11,2464,盟立,ENTRY,ALPHA,ALPHA,58.0,WAIT,BLOCK,False,122.0,0.0,0.0,3,ALPHA高流動性強勢延續｜成交量/成交金額優先｜突破/趨勢確認｜高流動性,BLOCK：超出本市場狀態可執行名額｜v266.57.9：結構：平台壓縮後轉強，可優先觀察起漲/試單。｜續強：回檔承接尚可，若原策略入選，可優先觀察延續。｜突破：TEST有升級IGNITION條件，可優先觀察隔日延續。,121.15,,,HIGH,高流動性,97.87,55247054.0,6740140588000.0,17.0,🟢 偏集中,75（🟢 偏集中）,爆量不跌｜均線結構｜法人偏多,籌碼偏集中但資料有限，可搭配技術面確認，不宜單獨重倉。,1,部分籌碼資料有限,📉 低信心,,,盟立,1166087.0,0.0,726537.0,1892624.0,1.0,1,0.0,0.0,0.0,0.0,0,TWSE,🚀 主力拉升（趨勢延續）,高,可續抱；若是試單，可觀察是否進入加碼條件。,2026-05-09 00:25:55,behavior_interpretation,2026-05-08,盟立,TWSE,112.0,122.0,109.0,0.0990990990990992,0.0748898678414096,0.1455399061032865,0.4169570518246792,0.8541032574730381,0.7732557352972813,115.4,105.07999954223632,90.01499977111817,77.37000020345052,0.0551516648822531,35586212.8,20478633.35,2.697790084707972,1.7377240068610338,122.0,67.0,122.0,61.900001525878906,0.4508196721274523,115.4,90.01499977111817,0.2080737723661783,0.1524870348747642,89.85454566847488,87.8669246878037,1.0,11.793690407121671,8.434766258993577,3.3589241481280965,0.0,1256399977.0,0.076642425784362,2.0,2.0,3.0,4.0,7.0,7.0,2754.0,True,ALPHA Trend Momentum,116.0,BUY,買進,高流動性強勢買進,ALPHA高流動性強勢延續｜成交量/成交金額優先｜突破/趨勢確認｜高流動性,ALPHA,,,,,,,,,,,,,,MA5：站上｜↑ 強勢,MA20：站上｜↑ 強勢,,,,,MA10：站上｜↑ 強勢,MA5：站上｜↑ 強勢,MA10：站上｜↑ 強勢,MA20：站上｜↑ 強勢,突破確認K,多頭排列,多頭排列,MA5：站上｜↑ 強勢｜MA10：站上｜↑ 強勢｜MA20：站上｜↑ 強勢｜K棒：突破確認K｜K線：多頭排列,K棒型態：突破確認K｜K線結構：多頭排列,依原策略執行，技術欄位用於確認節奏與風險。,8.1,A,起漲結構強,20D站上MA20｜MA20走平翻揚｜MA5站上MA10｜接近20日高｜40D低點守住｜接近/站回MA60｜MA60不再下彎｜站回60D區間中上｜量縮後溫和放量｜5D動能轉正｜10D動能轉正｜扣分:距MA20過遠、20D漲幅過熱,平台壓縮後轉強，可優先觀察起漲/試單。,v266.57.9,6.5,B,續強品質中,回檔不破前低｜低點墊高確認｜收盤守MA5｜續強確認：收盤未跌破MA5｜MA5仍在MA10上｜仍站MA20｜10D動能維持｜扣分:接近20日高且短線過熱、20D漲幅偏熱,回檔承接尚可，若原策略入選，可優先觀察延續。,v266.57.9,6.5,A,突破品質強,紅K實體放大｜收盤接近高點｜突破近5日高｜MA5加速上彎｜短均多頭,TEST有升級IGNITION條件，可優先觀察隔日延續。,v266.57.9,ALPHA,0.35,0.75,0.25,125.335,42.0,最後後處理補寫：原分數+結構前置+續強品質+突破品質；不覆蓋原策略,主力吸籌,105.835,v266.58.1,2026-05-09 00:25:47,突破中,否,法人偏多｜量能放大｜均線轉強,突破中,4,13,準IGNITION,前狀態:nan→今日:突破中｜狀態跳升｜具備點火條件,READY,v266.60.2,110.385,42.0,32.0,5.0,47.0,18.321,73.0,20/40/60結構佳｜籌碼偏多｜續強品質佳｜主力佈局語意｜狀態升級強｜具升級旗標｜升級標籤｜短均轉強｜10日漲幅過熱扣分｜20日漲幅過熱扣分｜乖離MA20過大扣分｜風險語意扣分｜突破品質輔助,過熱降權,v266.61,2026-05-09 00:25:50,55.0,站上MA20且結構成形｜溫和放量不跌｜平台壓縮後放量｜洗盤不破承接｜突破品質成立但未過熱｜籌碼偏多未過熱｜狀態升級觸發｜狀態轉移轉強｜遠離MA20過熱扣分,強點火事件,可列入優先追蹤，觀察隔日不破MA5/MA10。,93.77,24,v266.62,2026-05-09 00:25:51,-26.0,狀態剛升級｜乖離過大｜已經強很久,NONE,536,13,NONE,溫和放量｜籌碼初升｜狀態剛升級｜平台收斂｜過熱扣分｜風險文字,50
TEST,2026-05-08,2026-05-11,2301,光寶科,ENTRY,ALPHA,ALPHA,58.0,WAIT,BLOCK,False,204.0,0.0,0.0,3,ALPHA高流動性強勢延續｜成交量/成交金額優先｜突破/趨勢確認｜高流動性,BLOCK：超出本市場狀態可執行名額｜v266.57.9：結構：平台壓縮後轉強，可優先觀察起漲/試單。｜續強：回檔承接尚可，若原策略入選，可優先觀察延續。｜突破：有轉強跡象，但突破品質尚未完全成立。,121.65,,,HIGH,高流動性,99.29,98460939.0,20086031556000.0,17.0,🟢 偏集中,65（🟢 偏集中）,爆量不跌｜均線結構｜法人偏多,籌碼偏集中但資料有限，可搭配技術面確認，不宜單獨重倉。,1,部分籌碼資料有限,📉 低信心,,,光寶科,-269031.0,-498643.0,865536.0,97862.0,1.0,1,0.0,0.0,0.0,0.0,0,TWSE,🚀 主力拉升（趨勢延續）,高,可續抱；若是試單，可觀察是否進入加碼條件。,2026-05-09 00:25:55,behavior_interpretation,2026-05-08,光寶科,TWSE,208.0,214.5,198.5,0.0024570024570025,0.2289156626506023,0.1826086956521739,0.1895043731778425,0.431578947368421,0.2035398230088496,183.4,177.15,168.7,165.05833333333334,0.0526125741706575,53726063.4,35206150.6,2.796697091899618,1.5260419694960914,214.5,150.5,214.5,139.5,0.3137254901945406,183.4,168.7,0.0720588235290586,0.0603394091762391,71.81370426386307,64.43036454675132,0.0,8.05310254422622,4.164375516434637,3.888727027791584,0.0,1414127694.0,0.0844807711095176,3.0,3.0,3.0,3.0,7.0,6.0,2754.0,True,ALPHA Trend Momentum,118.0,BUY,買進,高流動性強勢買進,ALPHA高流動性強勢延續｜成交量/成交金額優先｜突破/趨勢確認｜高流動性,ALPHA,,,,,,,,,,,,,,MA5：站上｜↑ 強勢,MA20：站上｜↑ 強勢,,,,,MA10：站上｜↑ 強勢,MA5：站上｜↑ 強勢,MA10：站上｜↑ 強勢,MA20：站上｜↑ 強勢,突破確認K,多頭排列,多頭排列,MA5：站上｜↑ 強勢｜MA10：站上｜↑ 強勢｜MA20：站上｜↑ 強勢｜K棒：突破確認K｜K線：多頭排列,K棒型態：突破確認K｜K線結構：多頭排列,依原策略執行，技術欄位用於確認節奏與風險。,10.1,A,起漲結構強,20D站上MA20｜MA20走平翻揚｜MA5站上MA10｜短中均線糾結｜40D低點守住｜接近/站回MA60｜MA60不再下彎｜站回60D區間中上｜5D動能轉正｜10D動能轉正,平台壓縮後轉強，可優先觀察起漲/試單。,v266.57.9,8.7,A,續強品質強,回檔不破前低｜低點墊高確認｜收盤守MA5｜續強確認：收盤未跌破MA5｜MA5仍在MA10上｜仍站MA20｜10D動能維持,回檔承接尚可，若原策略入選，可優先觀察延續。,v266.57.9,3.7,C,突破觀察,量能較前日放大｜突破近5日高｜MA5加速上彎｜短均多頭｜扣分:收盤位置偏弱,有轉強跡象，但突破品質尚未完全成立。,v266.57.9,ALPHA,0.35,0.75,0.25,128.985,21.0,最後後處理補寫：原分數+結構前置+續強品質+突破品質；不覆蓋原策略,主力吸籌,108.828,v266.58.1,2026-05-09 00:25:47,突破中,否,法人偏多｜量能放大｜均線轉強,突破中,4,13,準IGNITION,前狀態:nan→今日:突破中｜狀態跳升｜具備點火條件,READY,v266.60.2,113.378,42.0,32.0,5.0,20.0,29.36,50.0,20/40/60結構佳｜籌碼偏多｜續強品質佳｜主力佈局語意｜狀態升級強｜具升級旗標｜升級標籤｜短均轉強｜5日漲幅過熱扣分｜乖離MA20過大扣分,過熱降權,v266.61,2026-05-09 00:25:50,48.0,站上MA20且結構成形｜溫和放量不跌｜平台壓縮後放量｜洗盤不破承接｜籌碼偏多未過熱｜狀態升級觸發｜狀態轉移轉強｜遠離MA20過熱扣分,強點火事件,可列入優先追蹤，觀察隔日不破MA5/MA10。,93.765,25,v266.62,2026-05-09 00:25:51,-14.0,狀態剛升級｜乖離過大,NONE,523,13,NONE,溫和放量｜籌碼初升｜狀態剛升級｜平台收斂｜過熱扣分｜風險文字,51
TEST,2026-05-08,2026-05-11,3033,威健,ENTRY,ALPHA,ALPHA,58.0,WAIT,BLOCK,False,43.85,0.0,0.0,3,ALPHA高流動性強勢延續｜成交量/成交金額優先｜突破/趨勢確認｜高流動性,BLOCK：超出本市場狀態可執行名額｜v266.57.9：結構：平台壓縮後轉強，可優先觀察起漲/試單。｜續強：回檔承接尚可，若原策略入選，可優先觀察延續。｜突破：有轉強跡象，但突破品質尚未完全成立。,118.95,,,HIGH,高流動性,91.57,21596063.0,946987362550.0,17.0,🔥 高度集中,85（🔥 高度集中）,爆量不跌｜均線結構｜法人偏多,籌碼偏集中但資料有限，可搭配技術面確認，不宜單獨重倉。,1,部分籌碼資料有限,📉 低信心,,,威健,49000.0,530272.0,56765.0,636037.0,1.0,1,0.0,0.0,0.0,0.0,0,TWSE,🚀 主力拉升（趨勢延續）,高,可續抱；若是試單，可觀察是否進入加碼條件。,2026-05-09 00:25:55,behavior_interpretation,2026-05-08,威健,TWSE,42.4,45.0,41.95,0.0221445221445222,0.2265734265734267,0.2113259668508287,0.2582496964113823,0.3513096754709564,0.4260162601626016,39.25,37.285,35.66999996185303,32.939166666666665,0.0323657844499705,19109361.8,8416218.65,2.5660054589955306,2.2705400839366257,45.3,32.70000076293945,45.3,28.450000762939453,0.2873431981020114,39.25,35.66999996185303,0.0816419620995514,0.0519796535355154,80.06751434195357,76.94075276655799,0.0,2.013712260542136,1.1856136872822556,0.8280985732598798,0.0,1003642537.0,0.0882337708896545,3.0,2.0,3.0,3.0,6.0,6.0,2754.0,True,CORE Early Entry,96.0,BUY,買進,早期卡位,CORE早期卡位｜剛轉強｜靠近MA20｜量能回溫｜高流動性,CORE,,,,,,,,,,,,,,MA5：站上｜↑ 強勢,MA20：站上｜↑ 強勢,,,,,MA10：站上｜↑ 強勢,MA5：站上｜↑ 強勢,MA10：站上｜↑ 強勢,MA20：站上｜↑ 強勢,突破確認K,多頭排列,多頭排列,MA5：站上｜↑ 強勢｜MA10：站上｜↑ 強勢｜MA20：站上｜↑ 強勢｜K棒：突破確認K｜K線：多頭排列,K棒型態：突破確認K｜K線結構：多頭排列,依原策略執行，技術欄位用於確認節奏與風險。,6.1,B,起漲結構中,20D站上MA20｜MA20走平翻揚｜MA5站上MA10｜接近20日高｜40D低點守住｜接近/站回MA60｜MA60不再下彎｜站回60D區間中上｜5D動能轉正｜10D動能轉正｜扣分:單日爆量偏高、距MA20過遠,平台壓縮後轉強，可優先觀察起漲/試單。,v266.57.9,7.5,A,續強品質強,回檔不破前低｜低點墊高確認｜收盤守MA5｜續強確認：收盤未跌破MA5｜MA5仍在MA10上｜仍站MA20｜10D動能維持｜扣分:回檔量放大,回檔承接尚可，若原策略入選，可優先觀察延續。,v266.57.9,3.5,C,突破觀察,紅K實體放大｜MA5加速上彎｜短均多頭,有轉強跡象，但突破品質尚未完全成立。,v266.57.9,ALPHA,0.35,0.75,0.25,104.635,84.0,最後後處理補寫：原分數+結構前置+續強品質+突破品質；不覆蓋原策略,主力吸籌,88.861,v266.58.1,2026-05-09 00:25:47,突破中,否,法人偏多｜量能放大｜均線轉強,突破中,4,13,準IGNITION,前狀態:nan→今日:突破中｜狀態跳升｜具備點火條件,READY,v266.60.2,93.411,42.0,32.0,5.0,20.0,27.364,53.0,20/40/60結構佳｜籌碼偏多｜續強品質佳｜主力佈局語意｜狀態升級強｜具升級旗標｜升級標籤｜短均轉強｜5日漲幅過熱扣分｜乖離MA20過大扣分,過熱降權,v266.61,2026-05-09 00:25:50,48.0,站上MA20且結構成形｜溫和放量不跌｜平台壓縮後放量｜洗盤不破承接｜籌碼偏多未過熱｜狀態升級觸發｜狀態轉移轉強｜遠離MA20過熱扣分,強點火事件,可列入優先追蹤，觀察隔日不破MA5/MA10。,79.788,82,v266.62,2026-05-09 00:25:51,-14.0,狀態剛升級｜乖離過大,NONE,525,13,NONE,溫和放量｜籌碼初升｜狀態剛升級｜平台收斂｜過熱扣分｜風險文字,52
TEST,2026-05-08,2026-05-11,6426,統新,ENTRY,ALPHA,ALPHA,58.0,WAIT,BLOCK,False,262.0,0.0,0.0,3,ALPHA高流動性強勢延續｜成交量/成交金額優先｜突破/趨勢確認｜高流動性,BLOCK：超出本市場狀態可執行名額｜v266.57.9：結構：平台壓縮後轉強，可優先觀察起漲/試單。｜續強：回檔承接尚可，若原策略入選，可優先觀察延續。｜突破：TEST有升級IGNITION條件，可優先觀察隔日延續。,117.9,,,HIGH,高流動性,88.57,6006348.0,1573663176000.0,17.0,🟢 偏集中,75（🟢 偏集中）,爆量不跌｜均線結構｜法人偏多,籌碼偏集中但資料有限，可搭配技術面確認，不宜單獨重倉。,1,部分籌碼資料有限,📉 低信心,,,統新,339800.0,0.0,0.0,339800.0,1.0,1,0.0,0.0,0.0,0.0,0,TWSE,🚀 主力拉升（趨勢延續）,高,可續抱；若是試單，可觀察是否進入加碼條件。,2026-05-09 00:25:55,behavior_interpretation,2026-05-08,統新,TWSE,234.0,262.0,231.0,0.0985324947589099,0.1722595078299775,0.2157772621809743,0.0396825396825397,0.5144508670520231,1.829373696730903,231.3,227.85,218.95,171.2,0.0623837819591299,3636935.0,3927704.7,1.5292259624304236,0.9259695618155812,270.5,171.0,270.5,94.0,0.3797709923649627,231.3,218.95,0.0471374045799728,0.0976312821150638,56.98197411290995,45.80423678150439,0.0,18.319051224249165,17.80632241044903,0.512728813800134,1.0,380420182.0,0.0192665315785041,2.0,2.0,3.0,4.0,4.0,6.0,2754.0,True,ALPHA Trend Momentum,118.0,BUY,買進,高流動性強勢買進,ALPHA高流動性強勢延續｜成交量/成交金額優先｜突破/趨勢確認｜高流動性,ALPHA,,,,,,,,,,,,,,MA5：站上｜↑ 強勢,MA20：站上｜↑ 強勢,,,,,MA10：站上｜↑ 強勢,MA5：站上｜↑ 強勢,MA10：站上｜↑ 強勢,MA20：站上｜↑ 強勢,突破確認K,多頭排列,多頭排列,MA5：站上｜↑ 強勢｜MA10：站上｜↑ 強勢｜MA20：站上｜↑ 強勢｜K棒：突破確認K｜K線：多頭排列,K棒型態：突破確認K｜K線結構：多頭排列,依原策略執行，技術欄位用於確認節奏與風險。,11.6,A,起漲結構強,20D站上MA20｜MA20走平翻揚｜MA5站上MA10｜接近20日高｜短中均線糾結｜40D低點守住｜接近/站回MA60｜MA60不再下彎｜站回60D區間中上｜量縮後溫和放量｜5D動能轉正｜10D動能轉正｜扣分:20D漲幅過熱,平台壓縮後轉強，可優先觀察起漲/試單。,v266.57.9,9.0,A,續強品質強,回檔不破前低｜低點墊高確認｜收盤守MA5｜續強確認：收盤未跌破MA5｜回檔量縮｜MA5仍在MA10上｜仍站MA20｜10D動能維持｜扣分:20D漲幅偏熱,回檔承接尚可，若原策略入選，可優先觀察延續。,v266.57.9,7.7,A,突破品質強,紅K實體放大｜收盤接近高點｜量能較前日放大｜突破近5日高｜MA5加速上彎｜短均多頭,TEST有升級IGNITION條件，可優先觀察隔日延續。,v266.57.9,ALPHA,0.35,0.75,0.25,130.735,15.0,最後後處理補寫：原分數+結構前置+續強品質+突破品質；不覆蓋原策略,主力吸籌,110.263,v266.58.1,2026-05-09 00:25:47,突破中,否,法人偏多｜量能放大｜均線轉強,突破中,4,13,準IGNITION,前狀態:nan→今日:突破中｜狀態跳升｜具備點火條件,READY,v266.60.2,114.813,42.0,32.0,5.0,47.0,18.764,72.0,20/40/60結構佳｜籌碼偏多｜續強品質佳｜主力佈局語意｜狀態升級強｜具升級旗標｜升級標籤｜短均轉強｜5日漲幅過熱扣分｜20日漲幅過熱扣分｜乖離MA20過大扣分｜風險語意扣分｜突破品質輔助,過熱降權,v266.61,2026-05-09 00:25:50,55.0,站上MA20且結構成形｜溫和放量不跌｜平台壓縮後放量｜洗盤不破承接｜突破品質成立但未過熱｜籌碼偏多未過熱｜狀態升級觸發｜狀態轉移轉強｜遠離MA20過熱扣分,強點火事件,可列入優先追蹤，觀察隔日不破MA5/MA10。,96.869,15,v266.62,2026-05-09 00:25:51,-16.0,第一次溫和放量｜狀態剛升級｜乖離過大｜已經強很久,NONE,527,13,NONE,溫和放量｜籌碼初升｜狀態剛升級｜平台收斂｜過熱扣分｜風險文字,53
TEST,2026-05-08,2026-05-11,2451,創見,ENTRY,ALPHA,ALPHA,58.0,WAIT,BLOCK,False,312.5,0.0,0.0,3,ALPHA高流動性強勢延續｜成交量/成交金額優先｜突破/趨勢確認｜高流動性,BLOCK：超出本市場狀態可執行名額｜v266.57.9：結構：平台壓縮後轉強，可優先觀察起漲/試單。｜續強：回檔承接尚可，若原策略入選，可優先觀察延續。｜突破：有轉強跡象，但突破品質尚未完全成立。,120.64,,,HIGH,高流動性,96.39,22628468.0,7071396250000.0,13.0,❌ 極度分散,15（❌ 極度分散）,爆量不跌｜均線結構,籌碼偏弱且資料有限，避免重倉追高。,1,部分籌碼資料有限,📉 低信心,,,,-6978085.0,-162083.0,311789.0,-6828379.0,0.0,1,0.0,0.0,0.0,0.0,0,TWSE,🚀 主力拉升（趨勢延續）,高,可續抱；若是試單，可觀察是否進入加碼條件。,2026-05-09 00:25:55,behavior_interpretation,2026-05-08,創見,TWSE,313.0,330.0,301.5,0.0330578512396693,0.2376237623762376,0.1950286806883365,0.1770244821092279,0.3383297644539613,0.2966804979253112,280.2,269.75,258.55,244.15833333333333,0.0465622928855824,15786073.4,10651894.85,2.124360812667992,1.48199673600796,330.0,228.0,335.0,191.5,0.3263999999989555,280.2,258.55,0.0692799999997782,0.0541229232491932,67.40333752295854,58.35313800004224,0.0,11.717138485039015,6.540674845643478,5.176463639395537,0.0,457087362.0,0.1175919074524205,3.0,3.0,4.0,4.0,7.0,7.0,2754.0,True,CORE Early Entry,96.0,BUY,買進,早期卡位,CORE早期卡位｜剛轉強｜靠近MA20｜量能回溫｜高流動性,CORE,,,,,,,,,,,,,,MA5：站上｜↑ 強勢,MA20：站上｜↑ 強勢,,,,,MA10：站上｜↑ 強勢,MA5：站上｜↑ 強勢,MA10：站上｜↑ 強勢,MA20：站上｜↑ 強勢,突破確認K,多頭排列,多頭排列,MA5：站上｜↑ 強勢｜MA10：站上｜↑ 強勢｜MA20：站上｜↑ 強勢｜K棒：突破確認K｜K線：多頭排列,K棒型態：突破確認K｜K線結構：多頭排列,依原策略執行，技術欄位用於確認節奏與風險。,12.0,A,起漲結構強,20D站上MA20｜MA20走平翻揚｜MA5站上MA10｜短中均線糾結｜40D低點守住｜接近/站回MA60｜MA60不再下彎｜站回60D區間中上｜量縮後溫和放量｜5D動能轉正｜10D動能轉正,平台壓縮後轉強，可優先觀察起漲/試單。,v266.57.9,8.7,A,續強品質強,回檔不破前低｜低點墊高確認｜收盤守MA5｜續強確認：收盤未跌破MA5｜MA5仍在MA10上｜仍站MA20｜10D動能維持,回檔承接尚可，若原策略入選，可優先觀察延續。,v266.57.9,2.5,C,突破觀察,量能較前日放大｜突破近5日高｜MA5加速上彎｜短均多頭｜扣分:收盤位置偏弱、上影偏長,有轉強跡象，但突破品質尚未完全成立。,v266.57.9,ALPHA,0.35,0.75,0.25,107.35,71.0,最後後處理補寫：原分數+結構前置+續強品質+突破品質；不覆蓋原策略,一般,90.367,v266.58.1,2026-05-09 00:25:47,突破中,否,法人偏多｜量能放大｜均線轉強,突破中,4,13,準IGNITION,首次追蹤:突破中｜狀態跳升｜具備點火條件,READY,v266.60.2,94.917,42.0,32.0,5.0,20.0,27.514,52.0,20/40/60結構佳｜籌碼偏多｜續強品質佳｜主力佈局語意｜狀態升級強｜具升級旗標｜升級標籤｜短均轉強｜5日漲幅過熱扣分｜乖離MA20過大扣分,過熱降權,v266.61,2026-05-09 00:25:50,48.0,站上MA20且結構成形｜溫和放量不跌｜平台壓縮後放量｜洗盤不破承接｜籌碼偏多未過熱｜狀態升級觸發｜狀態轉移轉強｜遠離MA20過熱扣分,強點火事件,可列入優先追蹤，觀察隔日不破MA5/MA10。,80.842,78,v266.62,2026-05-09 00:25:51,4.0,第一次溫和放量｜籌碼剛轉強｜狀態剛升級｜乖離過大,NONE,44,13,NONE,溫和放量｜籌碼初升｜狀態剛升級｜平台收斂｜過熱扣分｜風險文字,54
TEST,2026-05-08,2026-05-11,6414,樺漢,ENTRY,ALPHA,ALPHA,58.0,WAIT,BLOCK,False,346.5,0.0,0.0,3,ALPHA高流動性強勢延續｜成交量/成交金額優先｜突破/趨勢確認｜高流動性,BLOCK：超出本市場狀態可執行名額｜v266.57.9：結構：平台壓縮後轉強，可優先觀察起漲/試單。｜續強：回檔承接尚可，若原策略入選，可優先觀察延續。｜突破：尚未形成乾淨突破，不急著升級。,116.01,,,HIGH,高流動性,83.16,3040018.0,1053366237000.0,17.0,🟢 偏集中,65（🟢 偏集中）,爆量不跌｜均線結構｜法人偏多,籌碼偏集中但資料有限，可搭配技術面確認，不宜單獨重倉。,1,部分籌碼資料有限,📉 低信心,,,樺漢,674000.0,-88000.0,1424.0,587424.0,1.0,1,0.0,0.0,0.0,0.0,0,TWSE,🚀 主力拉升（趨勢延續）,高,可續抱；若是試單，可觀察是否進入加碼條件。,2026-05-09 00:25:55,behavior_interpretation,2026-05-08,樺漢,TWSE,351.5,361.0,345.0,-0.0142247510668562,0.076086956521739,0.077760497667185,0.1088,0.2554347826086955,0.1866438356164383,334.7,325.5,310.1,287.39166666666665,0.0186349229198727,1922010.2,1733620.6,1.7535659186329455,1.1086682980116864,361.0,277.0,361.0,256.0,0.2424242424235428,334.7,310.1,0.070995670995466,0.0527030467621058,81.8818596348541,82.15155813797203,0.0,15.591643467851496,11.97123692022226,3.620406547629237,0.0,300845218.0,0.0064333170190524,2.0,2.0,3.0,3.0,5.0,6.0,2754.0,True,CORE Early Entry,96.0,BUY,買進,早期卡位,CORE早期卡位｜剛轉強｜靠近MA20｜量能回溫｜高流動性,CORE,,,,,,,,,,,,,,MA5：站上｜↑ 強勢,MA20：站上｜↑ 強勢,,,,,MA10：站上｜↑ 強勢,MA5：站上｜↑ 強勢,MA10：站上｜↑ 強勢,MA20：站上｜↑ 強勢,突破確認K,多頭排列,多頭排列,MA5：站上｜↑ 強勢｜MA10：站上｜↑ 強勢｜MA20：站上｜↑ 強勢｜K棒：突破確認K｜K線：多頭排列,K棒型態：突破確認K｜K線結構：多頭排列,依原策略執行，技術欄位用於確認節奏與風險。,12.0,A,起漲結構強,20D站上MA20｜MA20走平翻揚｜MA5站上MA10｜40D平台收斂｜短中均線糾結｜40D低點守住｜接近/站回MA60｜MA60不再下彎｜站回60D區間中上｜量縮後溫和放量｜5D動能轉正｜10D動能轉正,平台壓縮後轉強，可優先觀察起漲/試單。,v266.57.9,8.7,A,續強品質強,回檔不破前低｜低點墊高確認｜收盤守MA5｜續強確認：收盤未跌破MA5｜MA5仍在MA10上｜仍站MA20｜10D動能維持,回檔承接尚可，若原策略入選，可優先觀察延續。,v266.57.9,-0.2,D,突破不足,量能較前日放大｜短均多頭｜扣分:收盤位置偏弱、上影偏長,尚未形成乾淨突破，不急著升級。,v266.57.9,ALPHA,0.35,0.75,0.25,106.675,77.0,最後後處理補寫：原分數+結構前置+續強品質+突破品質；不覆蓋原策略,主力吸籌,90.533,v266.58.1,2026-05-09 00:25:47,突破中,否,法人偏多｜量能放大｜均線轉強,突破中,4,13,準IGNITION,前狀態:nan→今日:突破中｜狀態跳升｜具備點火條件,READY,v266.60.2,95.083,42.0,32.0,15.0,0.0,38.431,21.0,20/40/60結構佳｜籌碼偏多｜續強品質佳｜主力佈局語意｜狀態升級強｜具升級旗標｜升級標籤｜距MA20合理｜短均轉強,高優先準點火,v266.61,2026-05-09 00:25:50,60.0,站上MA20且結構成形｜溫和放量不跌｜平台壓縮後放量｜洗盤不破承接｜籌碼偏多未過熱｜狀態升級觸發｜狀態轉移轉強,強點火事件,可列入優先追蹤，觀察隔日不破MA5/MA10。,84.558,66,v266.62,2026-05-09 00:25:51,4.0,第一次溫和放量｜狀態剛升級｜已經強很久,NONE,52,13,NONE,溫和放量｜籌碼初升｜狀態剛升級｜平台收斂｜過熱扣分｜風險文字,55
TEST,2026-05-08,2026-05-11,2417,圓剛,ENTRY,ALPHA,ALPHA,58.0,WAIT,BLOCK,False,50.4,0.0,0.0,3,ALPHA高流動性強勢延續｜成交量/成交金額優先｜突破/趨勢確認｜高流動性,BLOCK：超出本市場狀態可執行名額｜v266.57.9：結構：平台壓縮後轉強，可優先觀察起漲/試單。｜續強：回檔承接尚可，若原策略入選，可優先觀察延續。｜突破：尚未形成乾淨突破，不急著升級。,114.94,,,HIGH,高流動性,80.11,4972850.0,250631640000.0,17.0,🟢 偏集中,60（🟢 偏集中）,爆量不跌｜均線結構｜法人偏多,籌碼偏集中但資料有限，可搭配技術面確認，不宜單獨重倉。,1,部分籌碼資料有限,📉 低信心,,,,4000.0,0.0,0.0,4000.0,1.0,1,0.0,0.0,0.0,0.0,0,TWSE,🚀 主力拉升（趨勢延續）,高,可續抱；若是試單，可觀察是否進入加碼條件。,2026-05-09 00:25:55,behavior_interpretation,2026-05-08,圓剛,TWSE,50.6,53.6,49.85,-0.0232558139534884,0.0689289501590668,0.2923076923076924,0.1943127746163901,0.3404255863118919,0.2057416488016237,48.77,44.56499977111817,42.67500019073486,38.425833511352536,0.0431827133086216,6524512.0,2605723.45,1.9084335292757173,2.503915755142779,53.6,37.5,53.6,33.150001525878906,0.3194444444381063,48.77,42.67500019073486,0.1209325358957182,0.089064688445709,80.85925892223374,73.43345229513085,0.0,3.0941247719211944,2.0272169706912844,1.06690780122991,0.0,1111752299.0,0.0084476160032445,1.0,1.0,3.0,3.0,5.0,5.0,2754.0,True,ALPHA Trend Momentum,118.0,BUY,買進,高流動性強勢買進,ALPHA高流動性強勢延續｜成交量/成交金額優先｜突破/趨勢確認｜高流動性,ALPHA,,,,,,,,,,,,,,MA5：站上｜↑ 強勢,MA20：站上｜↑ 強勢,,,,,MA10：站上｜↑ 強勢,MA5：站上｜↑ 強勢,MA10：站上｜↑ 強勢,MA20：站上｜↑ 強勢,突破確認K,多頭排列,多頭排列,MA5：站上｜↑ 強勢｜MA10：站上｜↑ 強勢｜MA20：站上｜↑ 強勢｜K棒：突破確認K｜K線：多頭排列,K棒型態：突破確認K｜K線結構：多頭排列,依原策略執行，技術欄位用於確認節奏與風險。,7.6,B,起漲結構中,20D站上MA20｜MA20走平翻揚｜MA5站上MA10｜40D低點守住｜接近/站回MA60｜MA60不再下彎｜站回60D區間中上｜5D動能轉正｜10D動能轉正｜扣分:長上影壓力,平台壓縮後轉強，可優先觀察起漲/試單。,v266.57.9,6.5,B,續強品質中,回檔不破前低｜低點墊高確認｜收盤守MA5｜續強確認：收盤未跌破MA5｜MA5仍在MA10上｜仍站MA20｜10D動能維持｜扣分:回檔量放大、長上影壓力,回檔承接尚可，若原策略入選，可優先觀察延續。,v266.57.9,-1.4,D,突破不足,短均多頭｜扣分:收盤位置偏弱、上影偏長,尚未形成乾淨突破，不急著升級。,v266.57.9,ALPHA,0.35,0.75,0.25,125.185,47.0,最後後處理補寫：原分數+結構前置+續強品質+突破品質；不覆蓋原策略,主力吸籌,105.712,v266.58.1,2026-05-09 00:25:47,突破中,否,法人偏多｜量能放大｜均線轉強,突破中,4,13,準IGNITION,首次追蹤:突破中｜狀態跳升｜具備點火條件,READY,v266.60.2,110.262,42.0,32.0,5.0,35.0,22.749,66.0,20/40/60結構佳｜籌碼偏多｜續強品質佳｜主力佈局語意｜狀態升級強｜具升級旗標｜升級標籤｜短均轉強｜5日漲幅過熱扣分｜乖離MA20過大扣分｜風險語意扣分,過熱降權,v266.61,2026-05-09 00:25:50,36.0,站上MA20且結構成形｜溫和放量不跌｜平台壓縮後放量｜洗盤不破承接｜籌碼偏多未過熱｜狀態升級觸發｜狀態轉移轉強｜遠離MA20過熱扣分｜假突破/出貨風險扣分,強點火事件,可列入優先追蹤，觀察隔日不破MA5/MA10。,87.983,52,v266.62,2026-05-09 00:25:51,4.0,第一次溫和放量｜trigger事件成立｜狀態剛升級｜乖離過大,NONE,48,13,NONE,溫和放量｜籌碼初升｜狀態剛升級｜平台收斂｜過熱扣分｜風險文字,56
TEST,2026-05-08,2026-05-11,2855,統一證,ENTRY,ALPHA,ALPHA,58.0,WAIT,BLOCK,False,40.0,0.0,0.0,3,ALPHA高流動性強勢延續｜成交量/成交金額優先｜突破/趨勢確認｜高流動性,BLOCK：超出本市場狀態可執行名額｜v266.57.9：結構：平台壓縮後轉強，可優先觀察起漲/試單。｜續強：回檔承接尚可，若原策略入選，可優先觀察延續。｜突破：有轉強跡象，但突破品質尚未完全成立。,117.35,,,HIGH,高流動性,86.99,11856512.0,474260480000.0,17.0,🔥 高度集中,85（🔥 高度集中）,爆量不跌｜均線結構｜法人偏多,籌碼偏集中但資料有限，可搭配技術面確認，不宜單獨重倉。,1,部分籌碼資料有限,📉 低信心,,,,-300068.0,597132.0,0.0,297064.0,1.0,1,0.0,0.0,0.0,0.0,0,TWSE,🚀 主力拉升（趨勢延續）,高,可續抱；若是試單，可觀察是否進入加碼條件。,2026-05-09 00:25:55,behavior_interpretation,2026-05-08,統一證,TWSE,40.35,40.55,39.05,0.0075566750629723,0.1235955056179773,0.1267605633802817,0.1958146214548832,0.236476101598541,0.3745704287162541,37.59,36.205000152587886,34.30499994277954,31.923333333333336,0.026476992392797,8875287.0,7729417.5,1.5339463808236518,1.1482478466197483,40.55,30.850000381469727,40.55,28.299999237060547,0.2424999904571942,37.59,34.30499994277954,0.0821250014284583,0.0416761588608526,87.92083843629479,83.97595811350007,0.0,1.7837594016733649,1.199923664153644,0.5838357375197207,0.0,897256560.0,0.0427755125977022,3.0,2.0,4.0,3.0,8.0,7.0,2754.0,True,CORE Early Entry,96.0,BUY,買進,早期卡位,CORE早期卡位｜剛轉強｜靠近MA20｜量能回溫｜高流動性,CORE,,,,,,,,,,,,,,MA5：站上｜↑ 強勢,MA20：站上｜↑ 強勢,,,,,MA10：站上｜↑ 強勢,MA5：站上｜↑ 強勢,MA10：站上｜↑ 強勢,MA20：站上｜↑ 強勢,突破確認K,多頭排列,多頭排列,MA5：站上｜↑ 強勢｜MA10：站上｜↑ 強勢｜MA20：站上｜↑ 強勢｜K棒：突破確認K｜K線：多頭排列,K棒型態：突破確認K｜K線結構：多頭排列,依原策略執行，技術欄位用於確認節奏與風險。,12.0,A,起漲結構強,20D站上MA20｜MA20走平翻揚｜MA5站上MA10｜接近20日高｜40D平台收斂｜40D低點守住｜接近/站回MA60｜MA60不再下彎｜站回60D區間中上｜量縮後溫和放量｜5D動能轉正｜10D動能轉正,平台壓縮後轉強，可優先觀察起漲/試單。,v266.57.9,7.7,A,續強品質強,回檔不破前低｜低點墊高確認｜收盤守MA5｜續強確認：收盤未跌破MA5｜MA5仍在MA10上｜仍站MA20｜10D動能維持｜扣分:接近20日高且短線過熱,回檔承接尚可，若原策略入選，可優先觀察延續。,v266.57.9,3.2,C,突破觀察,量能較前日放大｜MA5加速上彎｜短均多頭,有轉強跡象，但突破品質尚未完全成立。,v266.57.9,ALPHA,0.35,0.75,0.25,106.775,75.0,最後後處理補寫：原分數+結構前置+續強品質+突破品質；不覆蓋原策略,主力吸籌,90.616,v266.58.1,2026-05-09 00:25:47,突破中,否,法人偏多｜量能放大｜均線轉強,突破中,4,13,準IGNITION,前狀態:nan→今日:突破中｜狀態跳升｜具備點火條件,READY,v266.60.2,95.166,42.0,32.0,5.0,15.0,29.639,49.0,20/40/60結構佳｜籌碼偏多｜續強品質佳｜主力佈局語意｜狀態升級強｜具升級旗標｜升級標籤｜短均轉強｜風險語意扣分,過熱降權,v266.61,2026-05-09 00:25:50,60.0,站上MA20且結構成形｜溫和放量不跌｜平台壓縮後放量｜洗盤不破承接｜籌碼偏多未過熱｜狀態升級觸發｜狀態轉移轉強,強點火事件,可列入優先追蹤，觀察隔日不破MA5/MA10。,84.616,65,v266.62,2026-05-09 00:25:51,4.0,第一次溫和放量｜狀態剛升級｜已經強很久,NONE,49,13,NONE,溫和放量｜籌碼初升｜狀態剛升級｜平台收斂｜過熱扣分｜風險文字,57
TEST,2026-05-08,2026-05-11,6651,全宇昕,ENTRY,ALPHA,ALPHA,58.0,WAIT,BLOCK,False,121.5,0.0,0.0,3,ALPHA高流動性強勢延續｜成交量/成交金額優先｜突破/趨勢確認｜高流動性,BLOCK：超出本市場狀態可執行名額｜v266.57.9：結構：平台壓縮後轉強，可優先觀察起漲/試單。｜續強：回檔承接尚可，若原策略入選，可優先觀察延續。｜突破：有轉強跡象，但突破品質尚未完全成立。,110.5,,,HIGH,高流動性,69.16,1254915.0,152472172500.0,17.0,🟢 偏集中,64（🟢 偏集中）,爆量不跌｜均線結構｜法人偏多,籌碼偏集中但資料有限，可搭配技術面確認，不宜單獨重倉。,1,部分籌碼資料有限,📉 低信心,,,全宇昕,0.0,1000.0,1000.0,2000.0,1.0,1,0.0,0.0,0.0,0.0,0,TPEX,🚀 主力拉升（趨勢延續）,高,可續抱；若是試單，可觀察是否進入加碼條件。,2026-05-09 00:25:55,behavior_interpretation,2026-05-08,全宇昕,TPEX,117.5,121.5,114.5,0.0,0.0,0.0,0.2762605451138453,0.3220892054695534,0.4160838657162586,121.5,121.5,107.62000045776368,98.81166699727376,0.0618199037437992,1254915.0,678275.25,1.8501559654432296,1.8501559654432296,121.5,90.5,121.5,79.19999694824219,0.2551440329197107,121.5,107.62000045776368,0.1142386793590295,0.0780326526841566,99.62368846330594,98.42513219829463,0.0,8.113964345737315,6.842874174017555,1.2710901717197602,0.0,58403471.0,0.0,0.0,3.0,0.0,5.0,1.0,10.0,2087.0,True,CORE Early Entry,96.0,BUY,買進,早期卡位,CORE早期卡位｜剛轉強｜靠近MA20｜量能回溫｜高流動性,CORE,,,,,,,,,,,,,,MA5：貼近｜→ 盤整,MA20：站上｜↑ 強勢,,,,,MA10：貼近｜→ 盤整,MA5：貼近｜→ 盤整,MA10：貼近｜→ 盤整,MA20：站上｜↑ 強勢,突破確認K,整理後轉強,整理後轉強,MA5：貼近｜→ 盤整｜MA10：貼近｜→ 盤整｜MA20：站上｜↑ 強勢｜K棒：突破確認K｜K線：整理後轉強,K棒型態：突破確認K｜K線結構：整理後轉強,依原策略執行，技術欄位用於確認節奏與風險。,12.0,A,起漲結構強,20D站上MA20｜MA20走平翻揚｜MA5站上MA10｜接近20日高｜40D平台收斂｜40D低點守住｜接近/站回MA60｜MA60不再下彎｜站回60D區間中上｜量縮後溫和放量｜10D動能轉正,平台壓縮後轉強，可優先觀察起漲/試單。,v266.57.9,7.5,A,續強品質強,回檔不破前低｜低點墊高確認｜收盤守MA5｜續強確認：收盤未跌破MA5｜MA5仍在MA10上｜仍站MA20｜10D動能維持｜扣分:回檔量放大,回檔承接尚可，若原策略入選，可優先觀察延續。,v266.57.9,3.8,C,突破觀察,收盤接近高點｜突破近5日高｜短均多頭,有轉強跡象，但突破品質尚未完全成立。,v266.57.9,ALPHA,0.35,0.75,0.25,106.775,75.0,最後後處理補寫：原分數+結構前置+續強品質+突破品質；不覆蓋原策略,主力吸籌,90.616,v266.58.1,2026-05-09 00:25:47,突破中,否,法人偏多｜量能放大｜均線轉強,突破中,4,13,準IGNITION,前狀態:nan→今日:突破中｜狀態跳升｜具備點火條件,READY,v266.60.2,95.166,42.0,32.0,5.0,0.0,35.939,29.0,20/40/60結構佳｜籌碼偏多｜續強品質佳｜主力佈局語意｜狀態升級強｜具升級旗標｜升級標籤｜短均轉強,高優先準點火,v266.61,2026-05-09 00:25:50,60.0,站上MA20且結構成形｜溫和放量不跌｜平台壓縮後放量｜洗盤不破承接｜籌碼偏多未過熱｜狀態升級觸發｜狀態轉移轉強,強點火事件,可列入優先追蹤，觀察隔日不破MA5/MA10。,84.616,64,v266.62,2026-05-09 00:25:51,4.0,第一次溫和放量｜狀態剛升級｜已經強很久,NONE,50,13,NONE,溫和放量｜籌碼初升｜狀態剛升級｜平台收斂｜過熱扣分｜風險文字,58
TEST,2026-05-08,2026-05-11,3481,群創,ENTRY,ALPHA,ALPHA,58.0,WAIT,BLOCK,False,29.4,0.0,0.0,3,ALPHA高流動性強勢延續｜成交量/成交金額優先｜突破/趨勢確認｜高流動性,BLOCK：超出本市場狀態可執行名額｜v266.57.9：結構：平台壓縮後轉強，可優先觀察起漲/試單。｜續強：回檔承接尚可，若原策略入選，可優先觀察延續。｜突破：尚未形成乾淨突破，不急著升級。,121.8,,,HIGH,高流動性,99.72,785095023.0,23081793676200.0,17.0,🟢 偏集中,65（🟢 偏集中）,爆量不跌｜均線結構｜法人偏多,籌碼偏集中但資料有限，可搭配技術面確認，不宜單獨重倉。,1,部分籌碼資料有限,📉 低信心,,,群創,11277994.0,-37000.0,1384842.0,12625836.0,1.0,1,0.0,0.0,0.0,0.0,0,TWSE,🚀 主力拉升（趨勢延續）,高,可續抱；若是試單，可觀察是否進入加碼條件。,2026-05-09 00:25:55,behavior_interpretation,2026-05-08,群創,TWSE,29.85,31.45,28.65,-0.011764705882353,0.2275574112734864,0.2073921971252565,0.1307692307692307,0.2224532612331733,0.2754881116321128,26.37,25.36000003814697,25.960000038146973,25.36166658401489,0.0558529424312047,406894580.6,345332908.95,2.27344398014981,1.178267608022592,31.45,22.95,33.29999923706055,20.25,0.2891156462486695,26.37,25.36000003814697,0.034353740197914,0.0189382811328716,60.86912692139597,43.80072979718482,0.0,0.3156641870568357,-0.0817255665885538,0.3973897536453896,0.0,19727348858.0,0.0048205666080061,2.0,3.0,2.0,3.0,4.0,4.0,2754.0,True,CORE Early Entry,96.0,BUY,買進,早期卡位,CORE早期卡位｜剛轉強｜靠近MA20｜量能回溫｜高流動性,CORE,,,,,,,,,,,,,,MA5：站上｜↑ 強勢,MA20：站上｜↑ 強勢,,,,,MA10：站上｜↑ 強勢,MA5：站上｜↑ 強勢,MA10：站上｜↑ 強勢,MA20：站上｜↑ 強勢,突破確認K,整理後轉強,整理後轉強,MA5：站上｜↑ 強勢｜MA10：站上｜↑ 強勢｜MA20：站上｜↑ 強勢｜K棒：突破確認K｜K線：整理後轉強,K棒型態：突破確認K｜K線結構：整理後轉強,依原策略執行，技術欄位用於確認節奏與風險。,12.0,A,起漲結構強,20D站上MA20｜MA20走平翻揚｜MA5站上MA10｜短中均線糾結｜40D低點守住｜接近/站回MA60｜MA60不再下彎｜站回60D區間中上｜量縮後溫和放量｜5D動能轉正｜10D動能轉正,平台壓縮後轉強，可優先觀察起漲/試單。,v266.57.9,8.7,A,續強品質強,回檔不破前低｜低點墊高確認｜收盤守MA5｜續強確認：收盤未跌破MA5｜MA5仍在MA10上｜仍站MA20｜10D動能維持,回檔承接尚可，若原策略入選，可優先觀察延續。,v266.57.9,-1.4,D,突破不足,短均多頭｜扣分:收盤位置偏弱、上影偏長,尚未形成乾淨突破，不急著升級。,v266.57.9,ALPHA,0.35,0.75,0.25,106.375,81.0,最後後處理補寫：原分數+結構前置+續強品質+突破品質；不覆蓋原策略,主力吸籌,90.288,v266.58.1,2026-05-09 00:25:47,突破中,否,法人偏多｜量能放大｜均線轉強,突破中,4,13,準IGNITION,前狀態:nan→今日:突破中｜狀態跳升｜具備點火條件,READY,v266.60.2,94.838,42.0,32.0,6.0,8.0,32.796,42.0,20/40/60結構佳｜籌碼偏多｜續強品質佳｜主力佈局語意｜狀態升級強｜具升級旗標｜升級標籤｜距MA60合理｜5日漲幅過熱扣分,高優先準點火,v266.61,2026-05-09 00:25:50,60.0,站上MA20且結構成形｜溫和放量不跌｜平台壓縮後放量｜洗盤不破承接｜籌碼偏多未過熱｜狀態升級觸發｜狀態轉移轉強,強點火事件,可列入優先追蹤，觀察隔日不破MA5/MA10。,84.387,67,v266.62,2026-05-09 00:25:51,4.0,第一次溫和放量｜狀態剛升級｜已經強很久,NONE,53,13,NONE,溫和放量｜籌碼初升｜狀態剛升級｜平台收斂｜過熱扣分｜風險文字,59
TEST,2026-05-08,2026-05-11,6727,亞泰金屬,ENTRY,ALPHA,ALPHA,58.0,WAIT,BLOCK,False,504.0,0.0,0.0,3,ALPHA高流動性強勢延續｜成交量/成交金額優先｜突破/趨勢確認｜高流動性,BLOCK：超出本市場狀態可執行名額｜v266.57.9：結構：平台壓縮後轉強，可優先觀察起漲/試單。｜續強：回檔承接尚可，若原策略入選，可優先觀察延續。｜突破：有轉強跡象，但突破品質尚未完全成立。,117.65,,,HIGH,高流動性,87.86,4550420.0,2293411680000.0,17.0,🟢 偏集中,69（🟢 偏集中）,爆量不跌｜均線結構｜法人偏多,籌碼偏集中但資料有限，可搭配技術面確認，不宜單獨重倉。,1,部分籌碼資料有限,📉 低信心,,,,5518.0,3404.0,-2114.0,6808.0,1.0,1,0.0,0.0,0.0,0.0,0,TPEX,🚀 主力拉升（趨勢延續）,高,可續抱；若是試單，可觀察是否進入加碼條件。,2026-05-09 00:25:55,behavior_interpretation,2026-05-08,亞泰金屬,TPEX,494.0,504.0,475.0,0.0,0.0,0.0,0.3090909090909091,0.26,1.9132947976878607,504.0,504.0,454.75,319.30833333333334,0.0817893540700357,4550420.0,2673713.2,1.701910287161689,1.701910287161689,504.0,365.5,504.0,165.5,0.274801587301042,504.0,454.75,0.09771825396806,0.0762039995265028,99.15181654023884,96.62099472574764,0.0,47.95340260779068,49.826630292784735,-1.873227684994056,0.0,38012936.0,0.0,0.0,3.0,0.0,5.0,1.0,10.0,1684.0,True,CORE Early Entry,96.0,BUY,買進,早期卡位,CORE早期卡位｜剛轉強｜靠近MA20｜量能回溫｜高流動性,CORE,,,,,,,,,,,,,,MA5：貼近｜→ 盤整,MA20：站上｜↑ 強勢,,,,,MA10：貼近｜→ 盤整,MA5：貼近｜→ 盤整,MA10：貼近｜→ 盤整,MA20：站上｜↑ 強勢,突破確認K,整理後轉強,整理後轉強,MA5：貼近｜→ 盤整｜MA10：貼近｜→ 盤整｜MA20：站上｜↑ 強勢｜K棒：突破確認K｜K線：整理後轉強,K棒型態：突破確認K｜K線結構：整理後轉強,依原策略執行，技術欄位用於確認節奏與風險。,10.8,A,起漲結構強,20D站上MA20｜MA20走平翻揚｜MA5站上MA10｜接近20日高｜40D低點守住｜接近/站回MA60｜MA60不再下彎｜站回60D區間中上｜量縮後溫和放量｜10D動能轉正,平台壓縮後轉強，可優先觀察起漲/試單。,v266.57.9,8.7,A,續強品質強,回檔不破前低｜低點墊高確認｜收盤守MA5｜續強確認：收盤未跌破MA5｜MA5仍在MA10上｜仍站MA20｜10D動能維持,回檔承接尚可，若原策略入選，可優先觀察延續。,v266.57.9,3.8,C,突破觀察,收盤接近高點｜突破近5日高｜短均多頭,有轉強跡象，但突破品質尚未完全成立。,v266.57.9,ALPHA,0.35,0.75,0.25,107.255,73.0,最後後處理補寫：原分數+結構前置+續強品質+突破品質；不覆蓋原策略,主力吸籌,91.009,v266.58.1,2026-05-09 00:25:47,突破中,否,法人偏多｜量能放大｜均線轉強,突破中,4,13,準IGNITION,前狀態:nan→今日:突破中｜狀態跳升｜具備點火條件,READY,v266.60.2,95.559,42.0,32.0,15.0,8.0,35.118,34.0,20/40/60結構佳｜籌碼偏多｜續強品質佳｜主力佈局語意｜狀態升級強｜具升級旗標｜升級標籤｜距MA20合理｜短均轉強｜10日漲幅過熱扣分,高優先準點火,v266.61,2026-05-09 00:25:50,60.0,站上MA20且結構成形｜溫和放量不跌｜平台壓縮後放量｜洗盤不破承接｜籌碼偏多未過熱｜狀態升級觸發｜狀態轉移轉強,強點火事件,可列入優先追蹤，觀察隔日不破MA5/MA10。,84.891,62,v266.62,2026-05-09 00:25:51,4.0,第一次溫和放量｜狀態剛升級｜已經強很久,NONE,51,13,NONE,溫和放量｜籌碼初升｜狀態剛升級｜平台收斂｜過熱扣分｜風險文字,60
TEST,2026-05-08,2026-05-11,2376,技嘉,ENTRY,ALPHA,ALPHA,58.0,WAIT,BLOCK,False,317.0,0.0,0.0,3,ALPHA高流動性強勢延續｜成交量/成交金額優先｜突破/趨勢確認｜高流動性,BLOCK：超出本市場狀態可執行名額｜v266.57.9：結構：平台壓縮後轉強，可優先觀察起漲/試單。｜續強：回檔承接尚可，若原策略入選，可優先觀察延續。｜突破：有轉強跡象，但突破品質尚未完全成立。,120.59,,,HIGH,高流動性,96.27,21918327.0,6948109659000.0,17.0,🟢 偏集中,65（🟢 偏集中）,爆量不跌｜均線結構｜法人偏多,籌碼偏集中但資料有限，可搭配技術面確認，不宜單獨重倉。,1,部分籌碼資料有限,📉 低信心,,,技嘉,577832.0,-142000.0,93519.0,529351.0,1.0,1,0.0,0.0,0.0,0.0,0,TWSE,🚀 主力拉升（趨勢延續）,高,可續抱；若是試單，可觀察是否進入加碼條件。,2026-05-09 00:25:55,behavior_interpretation,2026-05-08,技嘉,TWSE,316.0,323.5,304.5,0.0258899676375403,0.1611721611721612,0.1261101243339253,0.098786828422877,0.4247191011235955,0.3153526970954357,290.1,285.5,277.475,246.44166666666663,0.0373842497487143,13172420.4,11702709.85,1.8729274912340064,1.1255871989340998,323.5,229.0,323.5,206.5,0.2981072555195643,290.1,277.475,0.0398264984225873,0.060684250764294,63.16862635584229,52.6507234098806,0.0,14.07001116760722,11.796185056673217,2.273826110934003,0.0,1925582010.0,0.0273915431182381,3.0,2.0,4.0,3.0,6.0,7.0,2754.0,True,ALPHA Trend Momentum,118.0,BUY,買進,高流動性強勢買進,ALPHA高流動性強勢延續｜成交量/成交金額優先｜突破/趨勢確認｜高流動性,ALPHA,,,,,,,,,,,,,,MA5：站上｜↑ 強勢,MA20：站上｜↑ 強勢,,,,,MA10：站上｜↑ 強勢,MA5：站上｜↑ 強勢,MA10：站上｜↑ 強勢,MA20：站上｜↑ 強勢,突破確認K,多頭排列,多頭排列,MA5：站上｜↑ 強勢｜MA10：站上｜↑ 強勢｜MA20：站上｜↑ 強勢｜K棒：突破確認K｜K線：多頭排列,K棒型態：突破確認K｜K線結構：多頭排列,依原策略執行，技術欄位用於確認節奏與風險。,12.0,A,起漲結構強,20D站上MA20｜MA20走平翻揚｜MA5站上MA10｜接近20日高｜短中均線糾結｜40D低點守住｜接近/站回MA60｜MA60不再下彎｜站回60D區間中上｜量縮後溫和放量｜5D動能轉正｜10D動能轉正,平台壓縮後轉強，可優先觀察起漲/試單。,v266.57.9,8.7,A,續強品質強,回檔不破前低｜低點墊高確認｜收盤守MA5｜續強確認：收盤未跌破MA5｜MA5仍在MA10上｜仍站MA20｜10D動能維持,回檔承接尚可，若原策略入選，可優先觀察延續。,v266.57.9,3.5,C,突破觀察,突破近5日高｜MA5加速上彎｜短均多頭,有轉強跡象，但突破品質尚未完全成立。,v266.57.9,ALPHA,0.35,0.75,0.25,129.6,17.0,最後後處理補寫：原分數+結構前置+續強品質+突破品質；不覆蓋原策略,主力吸籌,109.332,v266.58.1,2026-05-09 00:25:47,突破中,否,法人偏多｜量能放大｜均線轉強,突破中,4,13,準IGNITION,前狀態:nan→今日:突破中｜狀態跳升｜具備點火條件,READY,v266.60.2,113.882,42.0,32.0,5.0,0.0,37.811,22.0,20/40/60結構佳｜籌碼偏多｜續強品質佳｜主力佈局語意｜狀態升級強｜具升級旗標｜升級標籤｜短均轉強,高優先準點火,v266.61,2026-05-09 00:25:50,60.0,站上MA20且結構成形｜溫和放量不跌｜平台壓縮後放量｜洗盤不破承接｜籌碼偏多未過熱｜狀態升級觸發｜狀態轉移轉強,強點火事件,可列入優先追蹤，觀察隔日不破MA5/MA10。,97.717,12,v266.62,2026-05-09 00:25:51,4.0,第一次溫和放量｜狀態剛升級｜已經強很久,NONE,45,13,NONE,溫和放量｜籌碼初升｜狀態剛升級｜平台收斂｜過熱扣分｜風險文字,61
TEST,2026-05-08,2026-05-11,6166,凌華,ENTRY,ALPHA,ALPHA,58.0,WAIT,BLOCK,False,87.3,0.0,0.0,3,ALPHA高流動性強勢延續｜成交量/成交金額優先｜突破/趨勢確認｜高流動性,BLOCK：超出本市場狀態可執行名額｜v266.57.9：結構：平台壓縮後轉強，可優先觀察起漲/試單。｜續強：回檔承接尚可，若原策略入選，可優先觀察延續。｜突破：有轉強跡象，但突破品質尚未完全成立。,115.35,,,HIGH,高流動性,81.28,4415815.0,385500649500.0,17.0,🟢 偏集中,75（🟢 偏集中）,爆量不跌｜均線結構｜法人偏多,籌碼偏集中但資料有限，可搭配技術面確認，不宜單獨重倉。,1,部分籌碼資料有限,📉 低信心,,,凌華,153000.0,0.0,3326.0,156326.0,1.0,1,0.0,0.0,0.0,0.0,0,TWSE,🚀 主力拉升（趨勢延續）,高,可續抱；若是試單，可觀察是否進入加碼條件。,2026-05-09 00:25:55,behavior_interpretation,2026-05-08,凌華,TWSE,85.0,88.7,84.1,0.0092485549132947,0.1639999999999999,0.1322957198443579,0.1078679773991782,0.5156250401503522,0.3576982248310083,81.11999999999999,78.88000015258788,74.10500041961669,65.44833339691162,0.0428442050470323,3567846.4,2393289.8,1.8450816110944848,1.490770737417591,88.7,58.0,88.7,56.70000076293945,0.3516609392857771,81.11999999999999,74.10500041961669,0.0803550925578802,0.0855489667103068,79.88555636166939,70.75118241464483,0.0,5.297839063937119,4.265732047643299,1.0321070162938195,0.0,187008820.0,0.0930334886041788,3.0,3.0,4.0,3.0,7.0,7.0,2754.0,True,ALPHA Trend Momentum,118.0,BUY,買進,高流動性強勢買進,ALPHA高流動性強勢延續｜成交量/成交金額優先｜突破/趨勢確認｜高流動性,ALPHA,,,,,,,,,,,,,,MA5：站上｜↑ 強勢,MA20：站上｜↑ 強勢,,,,,MA10：站上｜↑ 強勢,MA5：站上｜↑ 強勢,MA10：站上｜↑ 強勢,MA20：站上｜↑ 強勢,突破確認K,多頭排列,多頭排列,MA5：站上｜↑ 強勢｜MA10：站上｜↑ 強勢｜MA20：站上｜↑ 強勢｜K棒：突破確認K｜K線：多頭排列,K棒型態：突破確認K｜K線結構：多頭排列,依原策略執行，技術欄位用於確認節奏與風險。,10.1,A,起漲結構強,20D站上MA20｜MA20走平翻揚｜MA5站上MA10｜接近20日高｜40D低點守住｜接近/站回MA60｜MA60不再下彎｜站回60D區間中上｜量縮後溫和放量｜5D動能轉正｜10D動能轉正｜扣分:20D漲幅過熱,平台壓縮後轉強，可優先觀察起漲/試單。,v266.57.9,6.5,B,續強品質中,回檔不破前低｜低點墊高確認｜收盤守MA5｜續強確認：收盤未跌破MA5｜MA5仍在MA10上｜仍站MA20｜10D動能維持｜扣分:接近20日高且短線過熱、20D漲幅偏熱,回檔承接尚可，若原策略入選，可優先觀察延續。,v266.57.9,2.3,C,突破觀察,突破近5日高｜短均多頭,有轉強跡象，但突破品質尚未完全成立。,v266.57.9,ALPHA,0.35,0.75,0.25,126.985,30.0,最後後處理補寫：原分數+結構前置+續強品質+突破品質；不覆蓋原策略,主力吸籌,107.188,v266.58.1,2026-05-09 00:25:47,突破中,否,法人偏多｜量能放大｜均線轉強,突破中,4,13,準IGNITION,前狀態:nan→今日:突破中｜狀態跳升｜具備點火條件,READY,v266.60.2,111.738,42.0,32.0,5.0,27.0,26.256,58.0,20/40/60結構佳｜籌碼偏多｜續強品質佳｜主力佈局語意｜狀態升級強｜具升級旗標｜升級標籤｜短均轉強｜20日漲幅過熱扣分｜風險語意扣分,過熱降權,v266.61,2026-05-09 00:25:50,60.0,站上MA20且結構成形｜溫和放量不跌｜平台壓縮後放量｜洗盤不破承接｜籌碼偏多未過熱｜狀態升級觸發｜狀態轉移轉強,強點火事件,可列入優先追蹤，觀察隔日不破MA5/MA10。,96.217,16,v266.62,2026-05-09 00:25:51,4.0,第一次溫和放量｜狀態剛升級｜已經強很久,NONE,46,13,NONE,溫和放量｜籌碼初升｜狀態剛升級｜平台收斂｜過熱扣分｜風險文字,62
TEST,2026-05-08,2026-05-11,6669,緯穎,ENTRY,ALPHA,ALPHA,58.0,WAIT,BLOCK,False,5200.0,0.0,0.0,3,ALPHA高流動性強勢延續｜成交量/成交金額優先｜突破/趨勢確認｜高流動性,BLOCK：超出本市場狀態可執行名額｜v266.57.9：結構：平台壓縮後轉強，可優先觀察起漲/試單。｜續強：回檔承接尚可，若原策略入選，可優先觀察延續。｜突破：TEST有升級IGNITION條件，可優先觀察隔日延續。,118.56,,,HIGH,高流動性,90.47,4060772.0,21116014400000.0,17.0,⚠️ 分散,35（⚠️ 分散）,爆量不跌｜均線結構｜法人偏多,籌碼普通或資料有限，需搭配技術面確認。,1,部分籌碼資料有限,📉 低信心,,,緯穎,-205787.0,37923.0,88214.0,-79650.0,0.0,1,0.0,0.0,0.0,0.0,0,TWSE,🚀 主力拉升（趨勢延續）,高,可續抱；若是試單，可觀察是否進入加碼條件。,2026-05-09 00:25:55,behavior_interpretation,2026-05-08,緯穎,TWSE,4920.0,5250.0,4890.0,0.0655737704918033,0.1122994652406417,0.0833333333333332,0.2322274881516588,0.5316642120765833,0.4054054054054055,4892.0,4738.5,4249.5,3935.8333333333335,0.0332297961389924,2605303.2,2508537.45,1.6187806962977564,1.0385745686196548,5250.0,3450.0,5250.0,3290.0,0.3461538461537795,4892.0,4249.5,0.1235576923076685,0.0977074588311016,85.60016630670562,83.35350411371795,1.0,334.9895626525213,239.4702992799859,95.51926337253536,0.0,178945464.0,0.0506696660860739,3.0,2.0,4.0,2.0,7.0,5.0,2056.0,True,ALPHA Trend Momentum,118.0,BUY,買進,高流動性強勢買進,ALPHA高流動性強勢延續｜成交量/成交金額優先｜突破/趨勢確認｜高流動性,ALPHA,,,,,,,,,,,,,,MA5：站上｜↑ 強勢,MA20：站上｜↑ 強勢,,,,,MA10：站上｜↑ 強勢,MA5：站上｜↑ 強勢,MA10：站上｜↑ 強勢,MA20：站上｜↑ 強勢,突破確認K,多頭排列,多頭排列,MA5：站上｜↑ 強勢｜MA10：站上｜↑ 強勢｜MA20：站上｜↑ 強勢｜K棒：突破確認K｜K線：多頭排列,K棒型態：突破確認K｜K線結構：多頭排列,依原策略執行，技術欄位用於確認節奏與風險。,8.1,A,起漲結構強,20D站上MA20｜MA20走平翻揚｜MA5站上MA10｜接近20日高｜40D低點守住｜接近/站回MA60｜MA60不再下彎｜站回60D區間中上｜量縮後溫和放量｜5D動能轉正｜10D動能轉正｜扣分:距MA20過遠、20D漲幅過熱,平台壓縮後轉強，可優先觀察起漲/試單。,v266.57.9,6.5,B,續強品質中,回檔不破前低｜低點墊高確認｜收盤守MA5｜續強確認：收盤未跌破MA5｜MA5仍在MA10上｜仍站MA20｜10D動能維持｜扣分:接近20日高且短線過熱、20D漲幅偏熱,回檔承接尚可，若原策略入選，可優先觀察延續。,v266.57.9,7.7,A,突破品質強,紅K實體放大｜收盤接近高點｜量能較前日放大｜突破近5日高｜MA5加速上彎｜短均多頭,TEST有升級IGNITION條件，可優先觀察隔日延續。,v266.57.9,ALPHA,0.35,0.75,0.25,127.635,28.0,最後後處理補寫：原分數+結構前置+續強品質+突破品質；不覆蓋原策略,主力吸籌,107.721,v266.58.1,2026-05-09 00:25:47,突破中,否,法人偏多｜量能放大｜均線轉強,突破中,4,13,準IGNITION,前狀態:nan→今日:突破中｜狀態跳升｜具備點火條件,READY,v266.60.2,112.271,42.0,32.0,5.0,39.0,21.87,68.0,20/40/60結構佳｜籌碼偏多｜續強品質佳｜主力佈局語意｜狀態升級強｜具升級旗標｜升級標籤｜短均轉強｜20日漲幅過熱扣分｜乖離MA20過大扣分｜風險語意扣分｜突破品質輔助,過熱降權,v266.61,2026-05-09 00:25:50,55.0,站上MA20且結構成形｜溫和放量不跌｜平台壓縮後放量｜洗盤不破承接｜突破品質成立但未過熱｜籌碼偏多未過熱｜狀態升級觸發｜狀態轉移轉強｜遠離MA20過熱扣分,強點火事件,可列入優先追蹤，觀察隔日不破MA5/MA10。,95.09,19,v266.62,2026-05-09 00:25:51,-16.0,第一次溫和放量｜狀態剛升級｜乖離過大｜已經強很久,NONE,528,13,NONE,溫和放量｜籌碼初升｜狀態剛升級｜平台收斂｜過熱扣分｜風險文字,63
TEST,2026-05-08,2026-05-11,3026,禾伸堂,ENTRY,ALPHA,ALPHA,58.0,WAIT,BLOCK,False,330.0,0.0,0.0,3,ALPHA高流動性強勢延續｜成交量/成交金額優先｜突破/趨勢確認｜高流動性,BLOCK：超出本市場狀態可執行名額｜v266.57.9：結構：平台壓縮後轉強，可優先觀察起漲/試單。｜續強：回檔承接尚可，若原策略入選，可優先觀察延續。｜突破：TEST有升級IGNITION條件，可優先觀察隔日延續。,120.66,,,HIGH,高流動性,96.47,22732968.0,7501879440000.0,17.0,⚠️ 分散,35（⚠️ 分散）,爆量不跌｜均線結構｜法人偏多,籌碼普通或資料有限，需搭配技術面確認。,1,部分籌碼資料有限,📉 低信心,,,,-4365635.0,146000.0,284933.0,-3934702.0,0.0,1,0.0,0.0,0.0,0.0,0,TWSE,🚀 主力拉升（趨勢延續）,高,可續抱；若是試單，可觀察是否進入加碼條件。,2026-05-09 00:25:55,behavior_interpretation,2026-05-08,禾伸堂,TWSE,313.5,330.0,297.0,0.1,0.5529411764705883,0.4102564102564103,0.2941176470588236,1.1710526315789471,2.055555555555556,260.9,244.4,230.85,154.75833333333333,0.0932171432255384,16246172.6,10122966.25,2.2456824846175887,1.6048826202497708,330.0,156.0,330.0,100.0,0.5272727272711295,260.9,230.85,0.09106060606033,0.1457997270125534,71.4601515637319,55.91428733232323,0.0,31.890392796374183,26.721904371326776,5.168488425047411,0.0,940490422.0,0.0526161382994867,3.0,2.0,4.0,3.0,6.0,6.0,2754.0,True,ALPHA Trend Momentum,116.0,BUY,買進,高流動性強勢買進,ALPHA高流動性強勢延續｜成交量/成交金額優先｜突破/趨勢確認｜高流動性,ALPHA,,,,,,,,,,,,,,MA5：站上｜↑ 強勢,MA20：站上｜↑ 強勢,,,,,MA10：站上｜↑ 強勢,MA5：站上｜↑ 強勢,MA10：站上｜↑ 強勢,MA20：站上｜↑ 強勢,突破確認K,多頭排列,多頭排列,MA5：站上｜↑ 強勢｜MA10：站上｜↑ 強勢｜MA20：站上｜↑ 強勢｜K棒：突破確認K｜K線：多頭排列,K棒型態：突破確認K｜K線結構：多頭排列,依原策略執行，技術欄位用於確認節奏與風險。,6.1,B,起漲結構中,20D站上MA20｜MA20走平翻揚｜MA5站上MA10｜接近20日高｜40D低點守住｜接近/站回MA60｜MA60不再下彎｜站回60D區間中上｜5D動能轉正｜10D動能轉正｜扣分:距MA20過遠、20D漲幅過熱,平台壓縮後轉強，可優先觀察起漲/試單。,v266.57.9,6.5,B,續強品質中,回檔不破前低｜低點墊高確認｜收盤守MA5｜續強確認：收盤未跌破MA5｜MA5仍在MA10上｜仍站MA20｜10D動能維持｜扣分:接近20日高且短線過熱、20D漲幅偏熱,回檔承接尚可，若原策略入選，可優先觀察延續。,v266.57.9,7.7,A,突破品質強,紅K實體放大｜收盤接近高點｜量能較前日放大｜突破近5日高｜MA5加速上彎｜短均多頭,TEST有升級IGNITION條件，可優先觀察隔日延續。,v266.57.9,ALPHA,0.35,0.75,0.25,124.935,48.0,最後後處理補寫：原分數+結構前置+續強品質+突破品質；不覆蓋原策略,主力吸籌,105.507,v266.58.1,2026-05-09 00:25:47,突破中,否,法人偏多｜量能放大｜均線轉強,突破中,4,13,準IGNITION,前狀態:nan→今日:突破中｜狀態跳升｜具備點火條件,READY,v266.60.2,110.057,42.0,32.0,5.0,47.0,18.288,75.0,20/40/60結構佳｜籌碼偏多｜續強品質佳｜主力佈局語意｜狀態升級強｜具升級旗標｜升級標籤｜短均轉強｜5日漲幅過熱扣分｜20日漲幅過熱扣分｜乖離MA20過大扣分｜風險語意扣分｜突破品質輔助,過熱降權,v266.61,2026-05-09 00:25:50,55.0,站上MA20且結構成形｜溫和放量不跌｜平台壓縮後放量｜洗盤不破承接｜突破品質成立但未過熱｜籌碼偏多未過熱｜狀態升級觸發｜狀態轉移轉強｜遠離MA20過熱扣分,強點火事件,可列入優先追蹤，觀察隔日不破MA5/MA10。,93.54,28,v266.62,2026-05-09 00:25:51,-16.0,第一次溫和放量｜狀態剛升級｜乖離過大｜已經強很久,NONE,526,13,NONE,溫和放量｜籌碼初升｜狀態剛升級｜平台收斂｜過熱扣分｜風險文字,64
TEST,2026-05-08,2026-05-11,2059,川湖,ENTRY,ALPHA,ALPHA,58.0,WAIT,BLOCK,False,5320.0,0.0,0.0,3,ALPHA高流動性強勢延續｜成交量/成交金額優先｜突破/趨勢確認｜高流動性,BLOCK：超出本市場狀態可執行名額｜v266.57.9：結構：平台壓縮後轉強，可優先觀察起漲/試單。｜續強：回檔承接尚可，若原策略入選，可優先觀察延續。｜突破：TEST有升級IGNITION條件，可優先觀察隔日延續。,115.54,,,HIGH,高流動性,82.75,1475214.0,7848138480000.0,17.0,⚠️ 分散,35（⚠️ 分散）,爆量不跌｜均線結構｜法人偏多,籌碼普通或資料有限，需搭配技術面確認。,1,部分籌碼資料有限,📉 低信心,,,川湖,-568295.0,59500.0,68336.0,-440459.0,0.0,1,0.0,0.0,0.0,0.0,0,TWSE,🚀 主力拉升（趨勢延續）,高,可續抱；若是試單，可觀察是否進入加碼條件。,2026-05-09 00:25:55,behavior_interpretation,2026-05-08,川湖,TWSE,5320.0,5320.0,5185.0,0.0991735537190081,0.3606138107416881,0.3366834170854271,0.3800259403372243,0.6755905511811024,0.5243553008595989,4457.0,4154.0,3819.5,3450.9166666666665,0.0568934519280997,974670.0,841259.45,1.753577924146942,1.158584310702244,5320.0,3250.0,5320.0,2875.0,0.3890977443608291,4457.0,3819.5,0.1198308270676466,0.0802517146291224,89.10096653444398,81.93179120695649,0.0,326.5558673252717,187.79331393382148,138.76255339145024,0.0,134586248.0,0.017518883972865,3.0,2.0,4.0,3.0,8.0,6.0,2754.0,True,ALPHA Trend Momentum,116.0,BUY,買進,高流動性強勢買進,ALPHA高流動性強勢延續｜成交量/成交金額優先｜突破/趨勢確認｜高流動性,ALPHA,,,,,,,,,,,,,,MA5：站上｜↑ 強勢,MA20：站上｜↑ 強勢,,,,,MA10：站上｜↑ 強勢,MA5：站上｜↑ 強勢,MA10：站上｜↑ 強勢,MA20：站上｜↑ 強勢,突破確認K,多頭排列,多頭排列,MA5：站上｜↑ 強勢｜MA10：站上｜↑ 強勢｜MA20：站上｜↑ 強勢｜K棒：突破確認K｜K線：多頭排列,K棒型態：突破確認K｜K線結構：多頭排列,依原策略執行，技術欄位用於確認節奏與風險。,8.1,A,起漲結構強,20D站上MA20｜MA20走平翻揚｜MA5站上MA10｜接近20日高｜40D低點守住｜接近/站回MA60｜MA60不再下彎｜站回60D區間中上｜量縮後溫和放量｜5D動能轉正｜10D動能轉正｜扣分:距MA20過遠、20D漲幅過熱,平台壓縮後轉強，可優先觀察起漲/試單。,v266.57.9,6.5,B,續強品質中,回檔不破前低｜低點墊高確認｜收盤守MA5｜續強確認：收盤未跌破MA5｜MA5仍在MA10上｜仍站MA20｜10D動能維持｜扣分:接近20日高且短線過熱、20D漲幅偏熱,回檔承接尚可，若原策略入選，可優先觀察延續。,v266.57.9,6.2,A,突破品質強,收盤接近高點｜量能較前日放大｜突破近5日高｜MA5加速上彎｜短均多頭,TEST有升級IGNITION條件，可優先觀察隔日延續。,v266.57.9,ALPHA,0.35,0.75,0.25,125.26,43.0,最後後處理補寫：原分數+結構前置+續強品質+突破品質；不覆蓋原策略,主力吸籌,105.773,v266.58.1,2026-05-09 00:25:47,突破中,否,法人偏多｜量能放大｜均線轉強,突破中,4,13,準IGNITION,前狀態:nan→今日:突破中｜狀態跳升｜具備點火條件,READY,v266.60.2,110.323,42.0,32.0,5.0,55.0,14.955,82.0,20/40/60結構佳｜籌碼偏多｜續強品質佳｜主力佈局語意｜狀態升級強｜具升級旗標｜升級標籤｜短均轉強｜5日漲幅過熱扣分｜10日漲幅過熱扣分｜20日漲幅過熱扣分｜乖離MA20過大扣分｜風險語意扣分｜突破品質輔助,過熱降權,v266.61,2026-05-09 00:25:50,55.0,站上MA20且結構成形｜溫和放量不跌｜平台壓縮後放量｜洗盤不破承接｜突破品質成立但未過熱｜籌碼偏多未過熱｜狀態升級觸發｜狀態轉移轉強｜遠離MA20過熱扣分,強點火事件,可列入優先追蹤，觀察隔日不破MA5/MA10。,93.726,27,v266.62,2026-05-09 00:25:51,-16.0,第一次溫和放量｜狀態剛升級｜乖離過大｜已經強很久,NONE,529,13,NONE,溫和放量｜籌碼初升｜狀態剛升級｜平台收斂｜過熱扣分｜風險文字,65
WATCH,2026-05-08,2026-05-11,4904,遠傳,ENTRY,PRE,PRE,54.0,WAIT,BLOCK,False,95.9,0.0,0.0,8,安靜吸籌 | 均線收斂 | 接近突破 | 結構尚可,BLOCK：超出本市場狀態可執行名額｜v266.57.9：結構：平台壓縮後轉強，可優先觀察起漲/試單。｜續強：回檔承接尚可，若原策略入選，可優先觀察延續。｜突破：有轉強跡象，但突破品質尚未完全成立。,107.58,,,HIGH,高流動性,88.24,8954831.0,858768292900.0001,0.0,❌ 極度分散,15（❌ 極度分散）,,籌碼偏弱且資料有限，避免重倉追高。,1,部分籌碼資料有限,📉 低信心,,,遠傳,1925271.0,-3631000.0,9000.0,-1696729.0,0.0,1,0.0,0.0,0.0,0.0,0,TWSE,🟡 洗盤吸籌／整理換手（結構未壞）,中高,不急追；等放量突破或站穩 MA10 / MA20 再提高權重。,2026-05-09 00:25:55,behavior_interpretation,,,,,,,,,,,,,,,,,,,,,,,,,,,,,,,,,,,,,,,,,,,,,,,,,,,,,,,,,,,,,,,,,,,,MA5：依試單節奏判斷,MA20：依試單節奏判斷,,,,,MA10：依試單節奏判斷,MA5：依試單節奏判斷,MA10：依試單節奏判斷,MA20：依試單節奏判斷,突破確認K,整理後轉強,整理後轉強,MA5：依試單節奏判斷｜MA10：依試單節奏判斷｜MA20：依試單節奏判斷｜K棒：突破確認K｜K線：整理後轉強,K棒型態：突破確認K｜K線結構：整理後轉強,依原策略執行，技術欄位用於確認節奏與風險。,12.0,A,起漲結構強,20D站上MA20｜MA20走平翻揚｜接近20日高｜40D平台收斂｜短中均線糾結｜40D低點守住｜接近/站回MA60｜MA60不再下彎｜站回60D區間中上｜量縮後溫和放量｜5D動能轉正｜10D動能轉正,平台壓縮後轉強，可優先觀察起漲/試單。,v266.57.9,7.5,A,續強品質強,回檔不破前低｜低點墊高確認｜收盤守MA5｜續強確認：收盤未跌破MA5｜仍站MA20｜10D動能維持,回檔承接尚可，若原策略入選，可優先觀察延續。,v266.57.9,2.4,C,突破觀察,量能較前日放大｜MA5加速上彎,有轉強跡象，但突破品質尚未完全成立。,v266.57.9,GENERIC,0.55,0.5,0.5,11.55,161.0,最後後處理補寫：原分數+結構前置+續強品質+突破品質；不覆蓋原策略,一般,9.471,v266.58.1,2026-05-09 00:25:47,觀察,否,,觀察,0,0,持續觀察,前狀態:nan→今日:觀察,NO,v266.60.2,9.471,30.0,0.0,0.0,0.0,13.067,253.0,20/40/60結構佳｜續強品質佳｜主力佈局語意,主力佈局優先,v266.61,2026-05-09 00:25:50,8.0,洗盤不破承接,無事件,等待下一次確認。,9.03,194,v266.62,2026-05-09 00:25:51,0.0,,NONE,472,12,NONE,平台收斂,66
TEST,2026-05-08,2026-05-11,1456,怡華,ENTRY,PRE,PRE,68.0,WAIT,BLOCK,False,14.2,0.0,0.0,3,安靜吸籌 | 均線收斂 | 放量吸收 | 接近突破 | 結構尚可,BLOCK：超出本市場狀態可執行名額｜v266.57.9：結構：平台壓縮後轉強，可優先觀察起漲/試單。｜續強：回檔承接尚可，若原策略入選，可優先觀察延續。｜突破：有轉強跡象，但突破品質尚未完全成立。,90.54,,,HIGH,高流動性,28.73,186586.0,2649521199.9999995,0.0,⚠️ 分散,38（⚠️ 分散）,,籌碼普通或資料有限，需搭配技術面確認。,1,部分籌碼資料有限,📉 低信心,,,,-7000.0,0.0,0.0,-7000.0,0.0,1,0.0,0.0,0.0,0.0,0,TWSE,🟡 洗盤吸籌／整理換手（結構未壞）,中高,不急追；等放量突破或站穩 MA10 / MA20 再提高權重。,2026-05-09 00:25:55,behavior_interpretation,,,,,,,,,,,,,,,,,,,,,,,,,,,,,,,,,,,,,,,,,,,,,,,,,,,,,,,,,,,,,,,,,,,,MA5：依試單節奏判斷,MA20：依試單節奏判斷,,,,,MA10：依試單節奏判斷,MA5：依試單節奏判斷,MA10：依試單節奏判斷,MA20：依試單節奏判斷,突破確認K,整理後轉強,整理後轉強,MA5：依試單節奏判斷｜MA10：依試單節奏判斷｜MA20：依試單節奏判斷｜K棒：突破確認K｜K線：整理後轉強,K棒型態：突破確認K｜K線結構：整理後轉強,依原策略執行，技術欄位用於確認節奏與風險。,12.0,A,起漲結構強,20D站上MA20｜MA5站上MA10｜40D平台收斂｜短中均線糾結｜40D低點守住｜接近/站回MA60｜MA60不再下彎｜站回60D區間中上｜量縮後溫和放量｜5D動能轉正｜10D動能轉正,平台壓縮後轉強，可優先觀察起漲/試單。,v266.57.9,5.7,B,續強品質中,收盤守MA5｜續強確認：收盤未跌破MA5｜MA5仍在MA10上｜仍站MA20｜10D動能維持,回檔承接尚可，若原策略入選，可優先觀察延續。,v266.57.9,3.8,C,突破觀察,收盤接近高點｜突破近5日高｜短均多頭,有轉強跡象，但突破品質尚未完全成立。,v266.57.9,GENERIC,0.55,0.5,0.5,11.35,173.0,最後後處理補寫：原分數+結構前置+續強品質+突破品質；不覆蓋原策略,一般,9.307,v266.58.1,2026-05-09 00:25:47,觀察,否,,觀察,0,0,持續觀察,前狀態:nan→今日:觀察,NO,v266.60.2,9.307,30.0,0.0,0.0,0.0,13.471,172.0,20/40/60結構佳｜續強品質佳｜主力佈局語意,主力佈局優先,v266.61,2026-05-09 00:25:50,8.0,洗盤不破承接,無事件,等待下一次確認。,8.915,204,v266.62,2026-05-09 00:25:51,0.0,,NONE,488,12,NONE,平台收斂,67
WATCH,2026-05-08,2026-05-11,4767,誠泰科技,ENTRY,PRE,PRE,54.0,WAIT,BLOCK,False,26.85,0.0,0.0,8,波動壓縮 | 均線收斂 | 接近突破 | 結構尚可,BLOCK：超出本市場狀態可執行名額｜v266.57.9：結構：平台壓縮後轉強，可優先觀察起漲/試單。｜續強：回檔承接尚可，若原策略入選，可優先觀察延續。｜突破：有轉強跡象，但突破品質尚未完全成立。,72.52,,,HIGH,高流動性,9.88,26100.0,700785000.0,0.0,🟡 普通,50（🟡 普通）,,籌碼普通或資料有限，需搭配技術面確認。,1,部分籌碼資料有限,📉 低信心,,,,0.0,0.0,0.0,0.0,0.0,1,0.0,0.0,0.0,0.0,0,TPEX,⚪ 盤整觀望（等待方向）,中低,先觀察，不急進場；等突破、量能或均線方向出現。,2026-05-09 00:25:55,behavior_interpretation,,,,,,,,,,,,,,,,,,,,,,,,,,,,,,,,,,,,,,,,,,,,,,,,,,,,,,,,,,,,,,,,,,,,MA5：依試單節奏判斷,MA20：依試單節奏判斷,,,,,MA10：依試單節奏判斷,MA5：依試單節奏判斷,MA10：依試單節奏判斷,MA20：依試單節奏判斷,突破確認K,整理後轉強,整理後轉強,MA5：依試單節奏判斷｜MA10：依試單節奏判斷｜MA20：依試單節奏判斷｜K棒：突破確認K｜K線：整理後轉強,K棒型態：突破確認K｜K線結構：整理後轉強,依原策略執行，技術欄位用於確認節奏與風險。,10.8,A,起漲結構強,MA20走平翻揚｜MA5站上MA10｜接近20日高｜40D平台收斂｜短中均線糾結｜40D低點守住｜接近/站回MA60｜MA60不再下彎｜站回60D區間中上｜10D動能轉正,平台壓縮後轉強，可優先觀察起漲/試單。,v266.57.9,7.7,A,續強品質強,回檔不破前低｜低點墊高確認｜收盤守MA5｜續強確認：收盤未跌破MA5｜MA5仍在MA10上｜10D動能維持,回檔承接尚可，若原策略入選，可優先觀察延續。,v266.57.9,2.3,C,突破觀察,收盤接近高點｜短均多頭,有轉強跡象，但突破品質尚未完全成立。,v266.57.9,GENERIC,0.55,0.5,0.5,10.94,200.0,最後後處理補寫：原分數+結構前置+續強品質+突破品質；不覆蓋原策略,一般,8.971,v266.58.1,2026-05-09 00:25:47,觀察,否,,觀察,0,0,持續觀察,首次追蹤:觀察,NO,v266.60.2,8.971,30.0,0.0,0.0,0.0,13.017,276.0,20/40/60結構佳｜續強品質佳｜主力佈局語意,主力佈局優先,v266.61,2026-05-09 00:25:50,8.0,洗盤不破承接,無事件,等待下一次確認。,8.68,225,v266.62,2026-05-09 00:25:51,0.0,,NONE,514,12,NONE,平台收斂,68
TEST,2026-05-08,2026-05-11,8341,日友,ENTRY,PRE,PRE,72.0,WAIT,BLOCK,False,75.8,0.0,0.0,3,波動壓縮 | 安靜吸籌 | 均線收斂 | 接近突破 | 結構尚可,BLOCK：超出本市場狀態可執行名額｜v266.57.9：結構：平台壓縮後轉強，可優先觀察起漲/試單。｜續強：回檔承接尚可，若原策略入選，可優先觀察延續。｜突破：有轉強跡象，但突破品質尚未完全成立。,100.14,,,HIGH,高流動性,47.51,301182.0,22829595600.0,0.0,⚠️ 分散,38（⚠️ 分散）,,籌碼普通或資料有限，需搭配技術面確認。,1,部分籌碼資料有限,📉 低信心,,,日友,-9000.0,0.0,0.0,-9000.0,0.0,1,0.0,0.0,0.0,0.0,0,TWSE,🟡 洗盤吸籌／整理換手（結構未壞）,中高,不急追；等放量突破或站穩 MA10 / MA20 再提高權重。,2026-05-09 00:25:55,behavior_interpretation,,,,,,,,,,,,,,,,,,,,,,,,,,,,,,,,,,,,,,,,,,,,,,,,,,,,,,,,,,,,,,,,,,,,MA5：依試單節奏判斷,MA20：依試單節奏判斷,,,,,MA10：依試單節奏判斷,MA5：依試單節奏判斷,MA10：依試單節奏判斷,MA20：依試單節奏判斷,突破確認K,整理後轉強,整理後轉強,MA5：依試單節奏判斷｜MA10：依試單節奏判斷｜MA20：依試單節奏判斷｜K棒：突破確認K｜K線：整理後轉強,K棒型態：突破確認K｜K線結構：整理後轉強,依原策略執行，技術欄位用於確認節奏與風險。,10.8,A,起漲結構強,20D站上MA20｜MA5站上MA10｜接近20日高｜40D平台收斂｜短中均線糾結｜40D低點守住｜接近/站回MA60｜量縮後溫和放量｜5D動能轉正,平台壓縮後轉強，可優先觀察起漲/試單。,v266.57.9,7.7,A,續強品質強,回檔不破前低｜低點墊高確認｜收盤守MA5｜續強確認：收盤未跌破MA5｜MA5仍在MA10上｜仍站MA20,回檔承接尚可，若原策略入選，可優先觀察延續。,v266.57.9,3.8,C,突破觀察,收盤接近高點｜突破近5日高｜短均多頭,有轉強跡象，但突破品質尚未完全成立。,v266.57.9,GENERIC,0.55,0.5,0.5,11.69,157.0,最後後處理補寫：原分數+結構前置+續強品質+突破品質；不覆蓋原策略,一般,9.586,v266.58.1,2026-05-09 00:25:47,觀察,否,,觀察,0,0,持續觀察,前狀態:nan→今日:觀察,NO,v266.60.2,9.586,30.0,0.0,0.0,0.0,13.619,142.0,20/40/60結構佳｜續強品質佳｜主力佈局語意,主力佈局優先,v266.61,2026-05-09 00:25:50,8.0,洗盤不破承接,無事件,等待下一次確認。,9.11,185,v266.62,2026-05-09 00:25:51,0.0,,NONE,507,12,NONE,平台收斂,69
TEST,2026-05-08,2026-05-11,6464,台數科,ENTRY,PRE,PRE,72.0,WAIT,BLOCK,False,76.2,0.0,0.0,3,波動壓縮 | 安靜吸籌 | 均線收斂 | 接近突破 | 結構尚可,BLOCK：超出本市場狀態可執行名額｜v266.57.9：結構：平台壓縮後轉強，可優先觀察起漲/試單。｜續強：回檔承接尚可，若原策略入選，可優先觀察延續。｜突破：尚未形成乾淨突破，不急著升級。,87.33,,,HIGH,高流動性,20.35,44768.0,3411321600.0,4.0,🟢 偏集中,60（🟢 偏集中）,法人偏多,籌碼偏集中但資料有限，可搭配技術面確認，不宜單獨重倉。,1,部分籌碼資料有限,📉 低信心,,,台數科,-9000.0,0.0,14000.0,5000.0,1.0,1,0.0,0.0,0.0,0.0,0,TWSE,🟡 洗盤吸籌／整理換手（結構未壞）,中高,不急追；等放量突破或站穩 MA10 / MA20 再提高權重。,2026-05-09 00:25:55,behavior_interpretation,,,,,,,,,,,,,,,,,,,,,,,,,,,,,,,,,,,,,,,,,,,,,,,,,,,,,,,,,,,,,,,,,,,,MA5：依試單節奏判斷,MA20：依試單節奏判斷,,,,,MA10：依試單節奏判斷,MA5：依試單節奏判斷,MA10：依試單節奏判斷,MA20：依試單節奏判斷,突破確認K,整理後轉強,整理後轉強,MA5：依試單節奏判斷｜MA10：依試單節奏判斷｜MA20：依試單節奏判斷｜K棒：突破確認K｜K線：整理後轉強,K棒型態：突破確認K｜K線結構：整理後轉強,依原策略執行，技術欄位用於確認節奏與風險。,11.6,A,起漲結構強,MA20走平翻揚｜接近20日高｜40D平台收斂｜短中均線糾結｜40D低點守住｜接近/站回MA60｜MA60不再下彎｜量縮後溫和放量｜5D動能轉正｜10D動能轉正,平台壓縮後轉強，可優先觀察起漲/試單。,v266.57.9,7.0,A,續強品質強,回檔不破前低｜收盤守MA5｜續強確認：收盤未跌破MA5｜回檔量縮｜10D動能維持,回檔承接尚可，若原策略入選，可優先觀察延續。,v266.57.9,1.7,D,突破不足,量能較前日放大｜突破近5日高｜扣分:收盤位置偏弱,尚未形成乾淨突破，不急著升級。,v266.57.9,GENERIC,0.55,0.5,0.5,10.73,229.0,最後後處理補寫：原分數+結構前置+續強品質+突破品質；不覆蓋原策略,一般,9.519,v266.58.1,2026-05-09 00:25:47,觀察,否,,觀察,0,0,持續觀察,前狀態:nan→今日:觀察,NO,v266.60.2,9.519,30.0,0.0,0.0,0.0,13.612,145.0,20/40/60結構佳｜續強品質佳｜主力佈局語意,主力佈局優先,v266.61,2026-05-09 00:25:50,8.0,洗盤不破承接,無事件,等待下一次確認。,9.063,193,v266.62,2026-05-09 00:25:51,0.0,,NONE,473,12,NONE,平台收斂,70
TEST,2026-05-08,2026-05-11,6606,建德工業,ENTRY,PRE,PRE,68.0,WAIT,BLOCK,False,25.35,0.0,0.0,3,安靜吸籌 | 均線收斂 | 放量吸收 | 接近突破 | 結構尚可,BLOCK：超出本市場狀態可執行名額｜v266.57.9：結構：平台壓縮後轉強，可優先觀察起漲/試單。｜續強：回檔承接尚可，若原策略入選，可優先觀察延續。｜突破：有轉強跡象，但突破品質尚未完全成立。,93.84,,,HIGH,高流動性,36.84,242865.0,6156627750.0,0.0,⚠️ 分散,32（⚠️ 分散）,,籌碼普通或資料有限，需搭配技術面確認。,1,部分籌碼資料有限,📉 低信心,,,建德工業,-20000.0,0.0,0.0,-20000.0,0.0,1,0.0,0.0,0.0,0.0,0,TWSE,🟡 洗盤吸籌／整理換手（結構未壞）,中高,不急追；等放量突破或站穩 MA10 / MA20 再提高權重。,2026-05-09 00:25:55,behavior_interpretation,,,,,,,,,,,,,,,,,,,,,,,,,,,,,,,,,,,,,,,,,,,,,,,,,,,,,,,,,,,,,,,,,,,,MA5：依試單節奏判斷,MA20：依試單節奏判斷,,,,,MA10：依試單節奏判斷,MA5：依試單節奏判斷,MA10：依試單節奏判斷,MA20：依試單節奏判斷,突破確認K,整理後轉強,整理後轉強,MA5：依試單節奏判斷｜MA10：依試單節奏判斷｜MA20：依試單節奏判斷｜K棒：突破確認K｜K線：整理後轉強,K棒型態：突破確認K｜K線結構：整理後轉強,依原策略執行，技術欄位用於確認節奏與風險。,11.6,A,起漲結構強,20D站上MA20｜MA20走平翻揚｜MA5站上MA10｜接近20日高｜40D平台收斂｜短中均線糾結｜40D低點守住｜接近/站回MA60｜站回60D區間中上｜5D動能轉正｜10D動能轉正,平台壓縮後轉強，可優先觀察起漲/試單。,v266.57.9,7.5,A,續強品質強,回檔不破前低｜低點墊高確認｜收盤守MA5｜續強確認：收盤未跌破MA5｜MA5仍在MA10上｜仍站MA20｜10D動能維持｜扣分:回檔量放大,回檔承接尚可，若原策略入選，可優先觀察延續。,v266.57.9,2.3,C,突破觀察,收盤接近高點｜短均多頭,有轉強跡象，但突破品質尚未完全成立。,v266.57.9,GENERIC,0.55,0.5,0.5,11.28,183.0,最後後處理補寫：原分數+結構前置+續強品質+突破品質；不覆蓋原策略,一般,9.25,v266.58.1,2026-05-09 00:25:47,觀察,否,,觀察,0,0,持續觀察,前狀態:nan→今日:觀察,NO,v266.60.2,9.25,30.0,0.0,0.0,0.0,13.465,174.0,20/40/60結構佳｜續強品質佳｜主力佈局語意,主力佈局優先,v266.61,2026-05-09 00:25:50,8.0,洗盤不破承接,無事件,等待下一次確認。,8.875,207,v266.62,2026-05-09 00:25:51,0.0,,NONE,459,12,NONE,平台收斂,71
TEST,2026-05-08,2026-05-11,3032,偉訓,ENTRY,PRE,PRE,68.0,WAIT,BLOCK,False,70.7,0.0,0.0,3,安靜吸籌 | 均線收斂 | 放量吸收 | 接近突破 | 結構尚可,BLOCK：超出本市場狀態可執行名額｜v266.57.9：結構：平台壓縮後轉強，可優先觀察起漲/試單。｜續強：回檔承接尚可，若原策略入選，可優先觀察延續。｜突破：尚未形成乾淨突破，不急著升級。,110.34,,,HIGH,高流動性,74.11,2347838.0,165992146600.0,4.0,🟢 偏集中,75（🟢 偏集中）,法人偏多,籌碼偏集中但資料有限，可搭配技術面確認，不宜單獨重倉。,1,部分籌碼資料有限,📉 低信心,,,偉訓,201000.0,0.0,34308.0,235308.0,1.0,1,0.0,0.0,0.0,0.0,0,TWSE,🟡 洗盤吸籌／整理換手（結構未壞）,中高,不急追；等放量突破或站穩 MA10 / MA20 再提高權重。,2026-05-09 00:25:55,behavior_interpretation,,,,,,,,,,,,,,,,,,,,,,,,,,,,,,,,,,,,,,,,,,,,,,,,,,,,,,,,,,,,,,,,,,,,MA5：依試單節奏判斷,MA20：依試單節奏判斷,,,,,MA10：依試單節奏判斷,MA5：依試單節奏判斷,MA10：依試單節奏判斷,MA20：依試單節奏判斷,突破確認K,整理後轉強,整理後轉強,MA5：依試單節奏判斷｜MA10：依試單節奏判斷｜MA20：依試單節奏判斷｜K棒：突破確認K｜K線：整理後轉強,K棒型態：突破確認K｜K線結構：整理後轉強,依原策略執行，技術欄位用於確認節奏與風險。,11.6,A,起漲結構強,20D站上MA20｜MA20走平翻揚｜MA5站上MA10｜接近20日高｜40D平台收斂｜短中均線糾結｜40D低點守住｜接近/站回MA60｜站回60D區間中上｜5D動能轉正｜10D動能轉正,平台壓縮後轉強，可優先觀察起漲/試單。,v266.57.9,7.5,A,續強品質強,回檔不破前低｜低點墊高確認｜收盤守MA5｜續強確認：收盤未跌破MA5｜MA5仍在MA10上｜仍站MA20｜10D動能維持｜扣分:回檔量放大,回檔承接尚可，若原策略入選，可優先觀察延續。,v266.57.9,0.8,D,突破不足,短均多頭,尚未形成乾淨突破，不急著升級。,v266.57.9,GENERIC,0.55,0.5,0.5,10.53,241.0,最後後處理補寫：原分數+結構前置+續強品質+突破品質；不覆蓋原策略,一般,9.355,v266.58.1,2026-05-09 00:25:47,觀察,否,,觀察,0,0,持續觀察,前狀態:nan→今日:觀察,NO,v266.60.2,9.355,30.0,0.0,0.0,0.0,13.476,171.0,20/40/60結構佳｜續強品質佳｜主力佈局語意,主力佈局優先,v266.61,2026-05-09 00:25:50,8.0,洗盤不破承接,無事件,等待下一次確認。,8.948,199,v266.62,2026-05-09 00:25:51,0.0,,NONE,467,12,NONE,平台收斂,72
WATCH,2026-05-08,2026-05-11,5213,亞昕,ENTRY,PRE,PRE,54.0,WAIT,BLOCK,False,25.95,0.0,0.0,8,波動壓縮 | 均線收斂 | 接近突破 | 結構尚可,BLOCK：超出本市場狀態可執行名額｜v266.57.9：結構：平台壓縮後轉強，可優先觀察起漲/試單。｜續強：回檔承接尚可，若原策略入選，可優先觀察延續。｜突破：尚未形成乾淨突破，不急著升級。,94.86,,,HIGH,高流動性,55.51,856626.0,22229444700.0,0.0,🟡 普通,50（🟡 普通）,,籌碼普通或資料有限，需搭配技術面確認。,1,部分籌碼資料有限,📉 低信心,,,亞昕,0.0,0.0,0.0,0.0,0.0,1,0.0,0.0,0.0,0.0,0,TPEX,⚪ 盤整觀望（等待方向）,中低,先觀察，不急進場；等突破、量能或均線方向出現。,2026-05-09 00:25:55,behavior_interpretation,,,,,,,,,,,,,,,,,,,,,,,,,,,,,,,,,,,,,,,,,,,,,,,,,,,,,,,,,,,,,,,,,,,,MA5：依試單節奏判斷,MA20：依試單節奏判斷,,,,,MA10：依試單節奏判斷,MA5：依試單節奏判斷,MA10：依試單節奏判斷,MA20：依試單節奏判斷,突破確認K,整理後轉強,整理後轉強,MA5：依試單節奏判斷｜MA10：依試單節奏判斷｜MA20：依試單節奏判斷｜K棒：突破確認K｜K線：整理後轉強,K棒型態：突破確認K｜K線結構：整理後轉強,依原策略執行，技術欄位用於確認節奏與風險。,9.0,A,起漲結構強,MA5站上MA10｜接近20日高｜40D平台收斂｜短中均線糾結｜40D低點守住｜接近/站回MA60｜MA60不再下彎｜站回60D區間中上,平台壓縮後轉強，可優先觀察起漲/試單。,v266.57.9,6.7,B,續強品質中,回檔不破前低｜低點墊高確認｜收盤守MA5｜續強確認：收盤未跌破MA5｜MA5仍在MA10上,回檔承接尚可，若原策略入選，可優先觀察延續。,v266.57.9,-0.2,D,突破不足,短均多頭｜扣分:收盤位置偏弱,尚未形成乾淨突破，不急著升級。,v266.57.9,GENERIC,0.55,0.5,0.5,8.2,397.0,最後後處理補寫：原分數+結構前置+續強品質+突破品質；不覆蓋原策略,一般,6.724,v266.58.1,2026-05-09 00:25:47,觀察,否,,觀察,0,0,持續觀察,前狀態:nan→今日:觀察,NO,v266.60.2,6.724,30.0,0.0,0.0,0.0,12.792,375.0,20/40/60結構佳｜續強品質佳｜主力佈局語意,主力佈局優先,v266.61,2026-05-09 00:25:50,8.0,洗盤不破承接,無事件,等待下一次確認。,7.107,368,v266.62,2026-05-09 00:25:51,0.0,,NONE,62,12,NONE,平台收斂,73
TEST,2026-05-08,2026-05-11,8499,鼎炫-KY,ENTRY,PRE,PRE,68.0,WAIT,BLOCK,False,282.0,0.0,0.0,3,安靜吸籌 | 均線收斂 | 放量吸收 | 接近突破 | 結構尚可,BLOCK：超出本市場狀態可執行名額｜v266.57.9：結構：平台壓縮後轉強，可優先觀察起漲/試單。｜續強：尚未看到明確回檔承接，保留觀察。｜突破：尚未形成乾淨突破，不急著升級。,101.05,,,HIGH,高流動性,55.95,327978.0,92489796000.0,0.0,⚠️ 分散,37（⚠️ 分散）,,籌碼普通或資料有限，需搭配技術面確認。,1,部分籌碼資料有限,📉 低信心,,,鼎炫-KY,-12000.0,0.0,1685.0,-10315.0,0.0,1,0.0,0.0,0.0,0.0,0,TWSE,🟡 洗盤吸籌／整理換手（結構未壞）,中高,不急追；等放量突破或站穩 MA10 / MA20 再提高權重。,2026-05-09 00:25:55,behavior_interpretation,,,,,,,,,,,,,,,,,,,,,,,,,,,,,,,,,,,,,,,,,,,,,,,,,,,,,,,,,,,,,,,,,,,,MA5：依試單節奏判斷,MA20：依試單節奏判斷,,,,,MA10：依試單節奏判斷,MA5：依試單節奏判斷,MA10：依試單節奏判斷,MA20：依試單節奏判斷,突破確認K,整理後轉強,整理後轉強,MA5：依試單節奏判斷｜MA10：依試單節奏判斷｜MA20：依試單節奏判斷｜K棒：突破確認K｜K線：整理後轉強,K棒型態：突破確認K｜K線結構：整理後轉強,依原策略執行，技術欄位用於確認節奏與風險。,9.6,A,起漲結構強,20D站上MA20｜MA20走平翻揚｜40D平台收斂｜短中均線糾結｜40D低點守住｜接近/站回MA60｜站回60D區間中上｜5D動能轉正｜10D動能轉正,平台壓縮後轉強，可優先觀察起漲/試單。,v266.57.9,4.5,C,續強觀察,收盤守MA5｜續強確認：收盤未跌破MA5｜仍站MA20｜10D動能維持,尚未看到明確回檔承接，保留觀察。,v266.57.9,1.4,D,突破不足,量能較前日放大｜MA5加速上彎｜扣分:收盤位置偏弱,尚未形成乾淨突破，不急著升級。,v266.57.9,GENERIC,0.55,0.5,0.5,8.23,396.0,最後後處理補寫：原分數+結構前置+續強品質+突破品質；不覆蓋原策略,一般,6.749,v266.58.1,2026-05-09 00:25:47,觀察,否,,觀察,0,0,持續觀察,前狀態:nan→今日:觀察,NO,v266.60.2,6.749,22.0,0.0,0.0,0.0,10.415,411.0,20/40/60結構佳｜主力佈局語意,起漲前優先,v266.61,2026-05-09 00:25:50,8.0,洗盤不破承接,無事件,等待下一次確認。,7.124,366,v266.62,2026-05-09 00:25:51,0.0,,NONE,74,12,NONE,平台收斂,74
WATCH,2026-05-08,2026-05-11,1233,天仁,ENTRY,PRE,PRE,54.0,WAIT,BLOCK,False,28.8,0.0,0.0,8,波動壓縮 | 均線收斂 | 接近突破 | 結構尚可,BLOCK：超出本市場狀態可執行名額｜v266.57.9：結構：平台壓縮後轉強，可優先觀察起漲/試單。｜續強：回檔承接尚可，若原策略入選，可優先觀察延續。｜突破：尚未形成乾淨突破，不急著升級。,70.56,,,HIGH,高流動性,7.3,17023.0,490262400.0,0.0,⚠️ 分散,40（⚠️ 分散）,,籌碼普通或資料有限，需搭配技術面確認。,1,部分籌碼資料有限,📉 低信心,,,天仁,-5000.0,0.0,0.0,-5000.0,0.0,1,0.0,0.0,0.0,0.0,0,TWSE,⚪ 盤整觀望（等待方向）,中低,先觀察，不急進場；等突破、量能或均線方向出現。,2026-05-09 00:25:55,behavior_interpretation,,,,,,,,,,,,,,,,,,,,,,,,,,,,,,,,,,,,,,,,,,,,,,,,,,,,,,,,,,,,,,,,,,,,MA5：依試單節奏判斷,MA20：依試單節奏判斷,,,,,MA10：依試單節奏判斷,MA5：依試單節奏判斷,MA10：依試單節奏判斷,MA20：依試單節奏判斷,突破確認K,整理後轉強,整理後轉強,MA5：依試單節奏判斷｜MA10：依試單節奏判斷｜MA20：依試單節奏判斷｜K棒：突破確認K｜K線：整理後轉強,K棒型態：突破確認K｜K線結構：整理後轉強,依原策略執行，技術欄位用於確認節奏與風險。,7.8,B,起漲結構中,MA20走平翻揚｜MA5站上MA10｜接近20日高｜40D平台收斂｜短中均線糾結｜40D低點守住｜10D動能轉正,平台壓縮後轉強，可優先觀察起漲/試單。,v266.57.9,7.7,A,續強品質強,回檔不破前低｜低點墊高確認｜收盤守MA5｜續強確認：收盤未跌破MA5｜MA5仍在MA10上｜10D動能維持,回檔承接尚可，若原策略入選，可優先觀察延續。,v266.57.9,-0.2,D,突破不足,短均多頭｜扣分:收盤位置偏弱,尚未形成乾淨突破，不急著升級。,v266.57.9,GENERIC,0.55,0.5,0.5,8.04,401.0,最後後處理補寫：原分數+結構前置+續強品質+突破品質；不覆蓋原策略,一般,6.593,v266.58.1,2026-05-09 00:25:47,觀察,否,,觀察,0,0,持續觀察,前狀態:nan→今日:觀察,NO,v266.60.2,6.593,30.0,0.0,0.0,0.0,12.779,377.0,20/40/60結構佳｜續強品質佳｜主力佈局語意,主力佈局優先,v266.61,2026-05-09 00:25:50,8.0,洗盤不破承接,無事件,等待下一次確認。,7.015,372,v266.62,2026-05-09 00:25:51,0.0,,NONE,66,12,NONE,平台收斂,75
TEST,2026-05-08,2026-05-11,9926,新海,ENTRY,PRE,PRE,72.0,WAIT,BLOCK,False,49.35,0.0,0.0,3,波動壓縮 | 安靜吸籌 | 均線收斂 | 接近突破 | 結構尚可,BLOCK：超出本市場狀態可執行名額｜v266.57.9：結構：平台壓縮後轉強，可優先觀察起漲/試單。｜續強：回檔承接尚可，若原策略入選，可優先觀察延續。｜突破：尚未形成乾淨突破，不急著升級。,88.9,,,HIGH,高流動性,22.74,68274.0,3369321900.0,0.0,⚠️ 分散,38（⚠️ 分散）,,籌碼普通或資料有限，需搭配技術面確認。,1,部分籌碼資料有限,📉 低信心,,,新海,-7000.0,0.0,0.0,-7000.0,0.0,1,0.0,0.0,0.0,0.0,0,TWSE,🟡 洗盤吸籌／整理換手（結構未壞）,中高,不急追；等放量突破或站穩 MA10 / MA20 再提高權重。,2026-05-09 00:25:55,behavior_interpretation,,,,,,,,,,,,,,,,,,,,,,,,,,,,,,,,,,,,,,,,,,,,,,,,,,,,,,,,,,,,,,,,,,,,MA5：依試單節奏判斷,MA20：依試單節奏判斷,,,,,MA10：依試單節奏判斷,MA5：依試單節奏判斷,MA10：依試單節奏判斷,MA20：依試單節奏判斷,突破確認K,整理後轉強,整理後轉強,MA5：依試單節奏判斷｜MA10：依試單節奏判斷｜MA20：依試單節奏判斷｜K棒：突破確認K｜K線：整理後轉強,K棒型態：突破確認K｜K線結構：整理後轉強,依原策略執行，技術欄位用於確認節奏與風險。,9.8,A,起漲結構強,接近20日高｜40D平台收斂｜短中均線糾結｜40D低點守住｜接近/站回MA60｜MA60不再下彎｜量縮後溫和放量｜5D動能轉正,平台壓縮後轉強，可優先觀察起漲/試單。,v266.57.9,5.3,B,續強品質中,回檔不破前低｜低點墊高確認｜收盤守MA5｜回測守MA10,回檔承接尚可，若原策略入選，可優先觀察延續。,v266.57.9,0.0,D,突破不足,,尚未形成乾淨突破，不急著升級。,v266.57.9,GENERIC,0.55,0.5,0.5,8.04,401.0,最後後處理補寫：原分數+結構前置+續強品質+突破品質；不覆蓋原策略,一般,6.593,v266.58.1,2026-05-09 00:25:47,觀察,否,,觀察,0,0,持續觀察,前狀態:nan→今日:觀察,NO,v266.60.2,6.593,30.0,0.0,0.0,0.0,13.319,187.0,20/40/60結構佳｜續強品質佳｜主力佈局語意,主力佈局優先,v266.61,2026-05-09 00:25:50,8.0,洗盤不破承接,無事件,等待下一次確認。,7.015,371,v266.62,2026-05-09 00:25:51,0.0,,NONE,65,12,NONE,平台收斂,76
WATCH,2026-05-08,2026-05-11,1413,宏洲,ENTRY,PRE,PRE,54.0,WAIT,BLOCK,False,9.65,0.0,0.0,8,波動壓縮 | 均線收斂 | 接近突破 | 結構尚可,BLOCK：超出本市場狀態可執行名額｜v266.57.9：結構：平台壓縮後轉強，可優先觀察起漲/試單。｜續強：回檔承接尚可，若原策略入選，可優先觀察延續。｜突破：有轉強跡象，但突破品質尚未完全成立。,67.47,,,HIGH,高流動性,3.3,12800.0,123520000.0,0.0,🟡 普通,40（🟡 普通）,,籌碼普通或資料有限，需搭配技術面確認。,1,部分籌碼資料有限,📉 低信心,,,宏洲,-3000.0,0.0,0.0,-3000.0,0.0,1,0.0,0.0,0.0,0.0,0,TWSE,⚪ 盤整觀望（等待方向）,中低,先觀察，不急進場；等突破、量能或均線方向出現。,2026-05-09 00:25:55,behavior_interpretation,,,,,,,,,,,,,,,,,,,,,,,,,,,,,,,,,,,,,,,,,,,,,,,,,,,,,,,,,,,,,,,,,,,,MA5：依試單節奏判斷,MA20：依試單節奏判斷,,,,,MA10：依試單節奏判斷,MA5：依試單節奏判斷,MA10：依試單節奏判斷,MA20：依試單節奏判斷,突破確認K,整理後轉強,整理後轉強,MA5：依試單節奏判斷｜MA10：依試單節奏判斷｜MA20：依試單節奏判斷｜K棒：突破確認K｜K線：整理後轉強,K棒型態：突破確認K｜K線結構：整理後轉強,依原策略執行，技術欄位用於確認節奏與風險。,7.0,B,起漲結構中,接近20日高｜40D平台收斂｜短中均線糾結｜40D低點守住｜接近/站回MA60｜MA60不再下彎,平台壓縮後轉強，可優先觀察起漲/試單。,v266.57.9,5.5,B,續強品質中,回檔不破前低｜低點墊高確認｜收盤守MA5｜續強確認：收盤未跌破MA5,回檔承接尚可，若原策略入選，可優先觀察延續。,v266.57.9,2.7,C,突破觀察,收盤接近高點｜量能較前日放大,有轉強跡象，但突破品質尚未完全成立。,v266.57.9,GENERIC,0.55,0.5,0.5,7.95,408.0,最後後處理補寫：原分數+結構前置+續強品質+突破品質；不覆蓋原策略,一般,6.519,v266.58.1,2026-05-09 00:25:47,觀察,否,,觀察,0,0,持續觀察,前狀態:nan→今日:觀察,NO,v266.60.2,6.519,30.0,0.0,0.0,0.0,12.772,380.0,20/40/60結構佳｜續強品質佳｜主力佈局語意,主力佈局優先,v266.61,2026-05-09 00:25:50,8.0,洗盤不破承接,無事件,等待下一次確認。,6.963,374,v266.62,2026-05-09 00:25:51,0.0,,NONE,68,12,NONE,平台收斂,77
WATCH,2026-05-08,2026-05-11,6662,樂斯科,ENTRY,PRE,PRE,58.0,WAIT,BLOCK,False,29.5,0.0,0.0,8,波動壓縮 | 安靜吸籌 | 均線收斂 | 結構尚可,BLOCK：超出本市場狀態可執行名額｜v266.57.9：結構：平台壓縮後轉強，可優先觀察起漲/試單。｜續強：回檔承接尚可，若原策略入選，可優先觀察延續。｜突破：有轉強跡象，但突破品質尚未完全成立。,74.6,,,HIGH,高流動性,9.88,24171.0,713044500.0,0.0,🟡 普通,50（🟡 普通）,,籌碼普通或資料有限，需搭配技術面確認。,0,法人/融資資料有限,📉 低信心,,,樂斯科,0.0,0.0,0.0,0.0,0.0,0,0.0,0.0,0.0,0.0,0,,🟡 洗盤吸籌／整理換手（結構未壞）,中高,不急追；等放量突破或站穩 MA10 / MA20 再提高權重。,2026-05-09 00:25:55,behavior_interpretation,,,,,,,,,,,,,,,,,,,,,,,,,,,,,,,,,,,,,,,,,,,,,,,,,,,,,,,,,,,,,,,,,,,,MA5：依觀察節奏判斷,MA20：依觀察節奏判斷,,,,,MA10：依觀察節奏判斷,MA5：依觀察節奏判斷,MA10：依觀察節奏判斷,MA20：依觀察節奏判斷,整理觀察K,整理收斂,整理收斂,MA5：依觀察節奏判斷｜MA10：依觀察節奏判斷｜MA20：依觀察節奏判斷｜K棒：整理觀察K｜K線：整理收斂,K棒型態：整理觀察K｜K線結構：整理收斂,依原策略執行，技術欄位用於確認節奏與風險。,6.0,B,起漲結構中,MA5站上MA10｜40D平台收斂｜短中均線糾結｜40D低點守住｜接近/站回MA60,平台壓縮後轉強，可優先觀察起漲/試單。,v266.57.9,6.7,B,續強品質中,回檔不破前低｜低點墊高確認｜收盤守MA5｜續強確認：收盤未跌破MA5｜MA5仍在MA10上,回檔承接尚可，若原策略入選，可優先觀察延續。,v266.57.9,3.8,C,突破觀察,收盤接近高點｜突破近5日高｜短均多頭,有轉強跡象，但突破品質尚未完全成立。,v266.57.9,GENERIC,0.55,0.5,0.5,8.55,367.0,最後後處理補寫：原分數+結構前置+續強品質+突破品質；不覆蓋原策略,一般,7.011,v266.58.1,2026-05-09 00:25:47,觀察,否,,觀察,0,0,持續觀察,前狀態:nan→今日:觀察,NO,v266.60.2,7.011,30.0,0.0,0.0,0.0,12.941,314.0,20/40/60結構佳｜續強品質佳｜主力佈局語意,主力佈局優先,v266.61,2026-05-09 00:25:50,8.0,洗盤不破承接,無事件,等待下一次確認。,7.308,346,v266.62,2026-05-09 00:25:51,0.0,,NONE,72,12,NONE,平台收斂,78
TEST,2026-05-08,2026-05-11,4133,亞諾法,ENTRY,PRE,PRE,66.0,WAIT,BLOCK,False,21.95,0.0,0.0,3,波動壓縮 | 安靜吸籌 | 均線收斂 | 接近突破,BLOCK：超出本市場狀態可執行名額｜v266.57.9：結構：平台壓縮後轉強，可優先觀察起漲/試單。｜續強：回檔承接尚可，若原策略入選，可優先觀察延續。｜突破：尚未形成乾淨突破，不急著升級。,91.33,,,HIGH,高流動性,33.51,211680.0,4646376000.0,0.0,⚠️ 分散,26（⚠️ 分散）,,籌碼偏弱且資料有限，避免重倉追高。,1,部分籌碼資料有限,📉 低信心,,,亞諾法,-32000.0,0.0,0.0,-32000.0,0.0,1,0.0,0.0,0.0,0.0,0,TWSE,🟡 洗盤吸籌／整理換手（結構未壞）,中高,不急追；等放量突破或站穩 MA10 / MA20 再提高權重。,2026-05-09 00:25:55,behavior_interpretation,,,,,,,,,,,,,,,,,,,,,,,,,,,,,,,,,,,,,,,,,,,,,,,,,,,,,,,,,,,,,,,,,,,,MA5：依試單節奏判斷,MA20：依試單節奏判斷,,,,,MA10：依試單節奏判斷,MA5：依試單節奏判斷,MA10：依試單節奏判斷,MA20：依試單節奏判斷,突破確認K,整理後轉強,整理後轉強,MA5：依試單節奏判斷｜MA10：依試單節奏判斷｜MA20：依試單節奏判斷｜K棒：突破確認K｜K線：整理後轉強,K棒型態：突破確認K｜K線結構：整理後轉強,依原策略執行，技術欄位用於確認節奏與風險。,6.8,B,起漲結構中,40D平台收斂｜短中均線糾結｜40D低點守住｜量縮後溫和放量｜5D動能轉正,平台壓縮後轉強，可優先觀察起漲/試單。,v266.57.9,5.5,B,續強品質中,回檔不破前低｜低點墊高確認｜收盤守MA5｜續強確認：收盤未跌破MA5,回檔承接尚可，若原策略入選，可優先觀察延續。,v266.57.9,1.4,D,突破不足,量能較前日放大｜MA5加速上彎｜扣分:收盤位置偏弱,尚未形成乾淨突破，不急著升級。,v266.57.9,GENERIC,0.55,0.5,0.5,7.19,440.0,最後後處理補寫：原分數+結構前置+續強品質+突破品質；不覆蓋原策略,一般,5.896,v266.58.1,2026-05-09 00:25:47,觀察,否,,觀察,0,0,持續觀察,前狀態:nan→今日:觀察,NO,v266.60.2,5.896,30.0,0.0,0.0,0.0,13.07,252.0,20/40/60結構佳｜續強品質佳｜主力佈局語意,主力佈局優先,v266.61,2026-05-09 00:25:50,8.0,洗盤不破承接,無事件,等待下一次確認。,6.527,389,v266.62,2026-05-09 00:25:51,0.0,,NONE,106,12,NONE,平台收斂,79
TEST,2026-05-08,2026-05-11,6101,寬魚國際,ENTRY,PRE,PRE,72.0,WAIT,BLOCK,False,39.2,0.0,0.0,3,波動壓縮 | 安靜吸籌 | 均線收斂 | 接近突破 | 結構尚可,BLOCK：超出本市場狀態可執行名額｜v266.57.9：結構：平台壓縮後轉強，可優先觀察起漲/試單。｜續強：回檔承接尚可，若原策略入選，可優先觀察延續。｜突破：有轉強跡象，但突破品質尚未完全成立。,94.88,,,HIGH,高流動性,34.96,182363.0,7148629600.000001,0.0,🟡 普通,50（🟡 普通）,,籌碼普通或資料有限，需搭配技術面確認。,1,部分籌碼資料有限,📉 低信心,,,寬魚國際,0.0,0.0,0.0,0.0,0.0,1,0.0,0.0,0.0,0.0,0,TPEX,🟡 洗盤吸籌／整理換手（結構未壞）,中高,不急追；等放量突破或站穩 MA10 / MA20 再提高權重。,2026-05-09 00:25:55,behavior_interpretation,,,,,,,,,,,,,,,,,,,,,,,,,,,,,,,,,,,,,,,,,,,,,,,,,,,,,,,,,,,,,,,,,,,,MA5：依試單節奏判斷,MA20：依試單節奏判斷,,,,,MA10：依試單節奏判斷,MA5：依試單節奏判斷,MA10：依試單節奏判斷,MA20：依試單節奏判斷,突破確認K,整理後轉強,整理後轉強,MA5：依試單節奏判斷｜MA10：依試單節奏判斷｜MA20：依試單節奏判斷｜K棒：突破確認K｜K線：整理後轉強,K棒型態：突破確認K｜K線結構：整理後轉強,依原策略執行，技術欄位用於確認節奏與風險。,8.8,A,起漲結構強,MA5站上MA10｜40D平台收斂｜短中均線糾結｜40D低點守住｜接近/站回MA60｜MA60不再下彎｜站回60D區間中上｜10D動能轉正,平台壓縮後轉強，可優先觀察起漲/試單。,v266.57.9,7.7,A,續強品質強,回檔不破前低｜低點墊高確認｜收盤守MA5｜續強確認：收盤未跌破MA5｜MA5仍在MA10上｜10D動能維持,回檔承接尚可，若原策略入選，可優先觀察延續。,v266.57.9,2.3,C,突破觀察,收盤接近高點｜短均多頭,有轉強跡象，但突破品質尚未完全成立。,v266.57.9,GENERIC,0.55,0.5,0.5,9.84,287.0,最後後處理補寫：原分數+結構前置+續強品質+突破品質；不覆蓋原策略,一般,8.069,v266.58.1,2026-05-09 00:25:47,觀察,否,,觀察,0,0,持續觀察,前狀態:nan→今日:觀察,NO,v266.60.2,8.069,30.0,0.0,0.0,0.0,13.467,173.0,20/40/60結構佳｜續強品質佳｜主力佈局語意,主力佈局優先,v266.61,2026-05-09 00:25:50,8.0,洗盤不破承接,無事件,等待下一次確認。,8.048,294,v266.62,2026-05-09 00:25:51,0.0,,NONE,429,12,NONE,平台收斂,80
WATCH,2026-05-08,2026-05-11,6671,三能-KY,ENTRY,PRE,PRE,52.0,WAIT,BLOCK,False,30.05,0.0,0.0,8,波動壓縮 | 安靜吸籌 | 均線收斂,BLOCK：超出本市場狀態可執行名額｜v266.57.9：結構：平台壓縮後轉強，可優先觀察起漲/試單。｜續強：回檔承接尚可，若原策略入選，可優先觀察延續。｜突破：尚未形成乾淨突破，不急著升級。,75.37,,,HIGH,高流動性,16.79,52925.0,1590396250.0,4.0,🟢 偏集中,63（🟢 偏集中）,法人偏多,籌碼偏集中但資料有限，可搭配技術面確認，不宜單獨重倉。,1,部分籌碼資料有限,📉 低信心,,,,-2000.0,0.0,12215.0,10215.0,1.0,1,0.0,0.0,0.0,0.0,0,TWSE,🟡 洗盤吸籌／整理換手（結構未壞）,中高,不急追；等放量突破或站穩 MA10 / MA20 再提高權重。,2026-05-09 00:25:55,behavior_interpretation,,,,,,,,,,,,,,,,,,,,,,,,,,,,,,,,,,,,,,,,,,,,,,,,,,,,,,,,,,,,,,,,,,,,MA5：依觀察節奏判斷,MA20：依觀察節奏判斷,,,,,MA10：依觀察節奏判斷,MA5：依觀察節奏判斷,MA10：依觀察節奏判斷,MA20：依觀察節奏判斷,整理觀察K,整理收斂,整理收斂,MA5：依觀察節奏判斷｜MA10：依觀察節奏判斷｜MA20：依觀察節奏判斷｜K棒：整理觀察K｜K線：整理收斂,K棒型態：整理觀察K｜K線結構：整理收斂,依原策略執行，技術欄位用於確認節奏與風險。,7.0,B,起漲結構中,40D平台收斂｜短中均線糾結｜40D低點守住｜近5日量縮｜量縮後溫和放量,平台壓縮後轉強，可優先觀察起漲/試單。,v266.57.9,7.0,A,續強品質強,回檔不破前低｜低點墊高確認｜收盤守MA5｜續強確認：收盤未跌破MA5｜回檔量縮,回檔承接尚可，若原策略入選，可優先觀察延續。,v266.57.9,0.2,D,突破不足,量能較前日放大｜扣分:收盤位置偏弱,尚未形成乾淨突破，不急著升級。,v266.57.9,GENERIC,0.55,0.5,0.5,7.45,425.0,最後後處理補寫：原分數+結構前置+續強品質+突破品質；不覆蓋原策略,一般,6.829,v266.58.1,2026-05-09 00:25:47,觀察,否,,觀察,0,0,持續觀察,前狀態:nan→今日:觀察,NO,v266.60.2,6.829,30.0,0.0,0.0,0.0,12.743,386.0,20/40/60結構佳｜續強品質佳｜主力佈局語意,主力佈局優先,v266.61,2026-05-09 00:25:50,8.0,洗盤不破承接,無事件,等待下一次確認。,7.18,365,v266.62,2026-05-09 00:25:51,0.0,,NONE,98,12,NONE,平台收斂,81
TEST,2026-05-08,2026-05-11,2731,雄獅,ENTRY,PRE,PRE,72.0,WAIT,BLOCK,False,159.5,0.0,0.0,3,波動壓縮 | 安靜吸籌 | 均線收斂 | 放量吸收 | 結構尚可,BLOCK：超出本市場狀態可執行名額｜v266.57.9：結構：平台壓縮後轉強，可優先觀察起漲/試單。｜續強：回檔承接尚可，若原策略入選，可優先觀察延續。｜突破：尚未形成乾淨突破，不急著升級。,113.69,,,HIGH,高流動性,77.39,2364668.0,377164546000.0,4.0,⚠️ 分散,35（⚠️ 分散）,法人偏多,籌碼普通或資料有限，需搭配技術面確認。,1,部分籌碼資料有限,📉 低信心,,,,-202000.0,74000.0,2999.0,-125001.0,0.0,1,0.0,0.0,0.0,0.0,0,TWSE,🟡 洗盤吸籌／整理換手（結構未壞）,中高,不急追；等放量突破或站穩 MA10 / MA20 再提高權重。,2026-05-09 00:25:55,behavior_interpretation,,,,,,,,,,,,,,,,,,,,,,,,,,,,,,,,,,,,,,,,,,,,,,,,,,,,,,,,,,,,,,,,,,,,MA5：依試單節奏判斷,MA20：依試單節奏判斷,,,,,MA10：依試單節奏判斷,MA5：依試單節奏判斷,MA10：依試單節奏判斷,MA20：依試單節奏判斷,突破確認K,整理後轉強,整理後轉強,MA5：依試單節奏判斷｜MA10：依試單節奏判斷｜MA20：依試單節奏判斷｜K棒：突破確認K｜K線：整理後轉強,K棒型態：突破確認K｜K線結構：整理後轉強,依原策略執行，技術欄位用於確認節奏與風險。,6.0,B,起漲結構中,MA20走平翻揚｜MA5站上MA10｜40D平台收斂｜短中均線糾結｜40D低點守住,平台壓縮後轉強，可優先觀察起漲/試單。,v266.57.9,5.0,B,續強品質中,回檔不破前低｜低點墊高確認｜回測守MA10｜MA5仍在MA10上,回檔承接尚可，若原策略入選，可優先觀察延續。,v266.57.9,1.0,D,突破不足,量能較前日放大｜短均多頭｜扣分:收盤位置偏弱,尚未形成乾淨突破，不急著升級。,v266.57.9,GENERIC,0.55,0.5,0.5,6.3,476.0,最後後處理補寫：原分數+結構前置+續強品質+突破品質；不覆蓋原策略,一般,5.886,v266.58.1,2026-05-09 00:25:47,觀察,否,,觀察,0,0,持續觀察,前狀態:nan→今日:觀察,NO,v266.60.2,5.886,30.0,0.0,0.0,0.0,13.249,197.0,20/40/60結構佳｜續強品質佳｜主力佈局語意,主力佈局優先,v266.61,2026-05-09 00:25:50,8.0,洗盤不破承接,無事件,等待下一次確認。,6.52,390,v266.62,2026-05-09 00:25:51,0.0,,NONE,105,12,NONE,平台收斂,82
WATCH,2026-05-08,2026-05-11,1259,安心,ENTRY,PRE,PRE,54.0,WAIT,BLOCK,False,57.5,0.0,0.0,8,波動壓縮 | 均線收斂 | 接近突破 | 結構尚可,BLOCK：超出本市場狀態可執行名額｜v266.57.9：結構：平台壓縮後轉強，可優先觀察起漲/試單。｜續強：回檔承接尚可，若原策略入選，可優先觀察延續。｜突破：尚未形成乾淨突破，不急著升級。,72.04,,,HIGH,高流動性,9.73,17236.0,991070000.0,0.0,🟡 普通,50（🟡 普通）,,籌碼普通或資料有限，需搭配技術面確認。,1,部分籌碼資料有限,📉 低信心,,,,0.0,0.0,0.0,0.0,0.0,1,0.0,0.0,0.0,0.0,0,TPEX,⚪ 盤整觀望（等待方向）,中低,先觀察，不急進場；等突破、量能或均線方向出現。,2026-05-09 00:25:55,behavior_interpretation,,,,,,,,,,,,,,,,,,,,,,,,,,,,,,,,,,,,,,,,,,,,,,,,,,,,,,,,,,,,,,,,,,,,MA5：依試單節奏判斷,MA20：依試單節奏判斷,,,,,MA10：依試單節奏判斷,MA5：依試單節奏判斷,MA10：依試單節奏判斷,MA20：依試單節奏判斷,突破確認K,整理後轉強,整理後轉強,MA5：依試單節奏判斷｜MA10：依試單節奏判斷｜MA20：依試單節奏判斷｜K棒：突破確認K｜K線：整理後轉強,K棒型態：突破確認K｜K線結構：整理後轉強,依原策略執行，技術欄位用於確認節奏與風險。,6.0,B,起漲結構中,MA5站上MA10｜40D平台收斂｜短中均線糾結｜40D低點守住｜接近/站回MA60,平台壓縮後轉強，可優先觀察起漲/試單。,v266.57.9,6.7,B,續強品質中,回檔不破前低｜低點墊高確認｜收盤守MA5｜續強確認：收盤未跌破MA5｜MA5仍在MA10上,回檔承接尚可，若原策略入選，可優先觀察延續。,v266.57.9,0.8,D,突破不足,短均多頭,尚未形成乾淨突破，不急著升級。,v266.57.9,GENERIC,0.55,0.5,0.5,7.05,449.0,最後後處理補寫：原分數+結構前置+續強品質+突破品質；不覆蓋原策略,一般,5.781,v266.58.1,2026-05-09 00:25:47,觀察,否,,觀察,0,0,持續觀察,前狀態:nan→今日:觀察,NO,v266.60.2,5.781,30.0,0.0,0.0,0.0,12.698,397.0,20/40/60結構佳｜續強品質佳｜主力佈局語意,主力佈局優先,v266.61,2026-05-09 00:25:50,8.0,洗盤不破承接,無事件,等待下一次確認。,6.447,399,v266.62,2026-05-09 00:25:51,0.0,,NONE,96,12,NONE,平台收斂,83
TEST,2026-05-08,2026-05-11,7791,皇家可口,ENTRY,PRE,PRE,72.0,WAIT,BLOCK,False,64.4,0.0,0.0,3,波動壓縮 | 安靜吸籌 | 均線收斂 | 接近突破 | 結構尚可,BLOCK：超出本市場狀態可執行名額｜v266.57.9：結構：平台壓縮後轉強，可優先觀察起漲/試單。｜續強：回檔承接尚可，若原策略入選，可優先觀察延續。｜突破：尚未形成乾淨突破，不急著升級。,89.55,,,HIGH,高流動性,24.47,70242.0,4523584800.000001,0.0,🟡 普通,41（🟡 普通）,,籌碼普通或資料有限，需搭配技術面確認。,1,部分籌碼資料有限,📉 低信心,,,皇家可口,-2000.0,0.0,0.0,-2000.0,0.0,1,0.0,0.0,0.0,0.0,0,TWSE,🟡 洗盤吸籌／整理換手（結構未壞）,中高,不急追；等放量突破或站穩 MA10 / MA20 再提高權重。,2026-05-09 00:25:55,behavior_interpretation,,,,,,,,,,,,,,,,,,,,,,,,,,,,,,,,,,,,,,,,,,,,,,,,,,,,,,,,,,,,,,,,,,,,MA5：依試單節奏判斷,MA20：依試單節奏判斷,,,,,MA10：依試單節奏判斷,MA5：依試單節奏判斷,MA10：依試單節奏判斷,MA20：依試單節奏判斷,突破確認K,整理後轉強,整理後轉強,MA5：依試單節奏判斷｜MA10：依試單節奏判斷｜MA20：依試單節奏判斷｜K棒：突破確認K｜K線：整理後轉強,K棒型態：突破確認K｜K線結構：整理後轉強,依原策略執行，技術欄位用於確認節奏與風險。,8.0,A,起漲結構強,40D平台收斂｜短中均線糾結｜40D低點守住｜接近/站回MA60｜近5日量縮｜量縮後溫和放量,平台壓縮後轉強，可優先觀察起漲/試單。,v266.57.9,5.0,B,續強品質中,回檔不破前低｜低點墊高確認｜收盤守MA5｜回檔量縮｜扣分:跌破短均,回檔承接尚可，若原策略入選，可優先觀察延續。,v266.57.9,0.2,D,突破不足,量能較前日放大｜扣分:收盤位置偏弱,尚未形成乾淨突破，不急著升級。,v266.57.9,GENERIC,0.55,0.5,0.5,7.0,453.0,最後後處理補寫：原分數+結構前置+續強品質+突破品質；不覆蓋原策略,一般,5.74,v266.58.1,2026-05-09 00:25:47,觀察,否,,觀察,0,0,持續觀察,前狀態:nan→今日:觀察,NO,v266.60.2,5.74,30.0,0.0,0.0,0.0,13.234,200.0,20/40/60結構佳｜續強品質佳｜主力佈局語意,主力佈局優先,v266.61,2026-05-09 00:25:50,8.0,洗盤不破承接,無事件,等待下一次確認。,6.418,400,v266.62,2026-05-09 00:25:51,0.0,,NONE,95,12,NONE,平台收斂,84
WATCH,2026-05-08,2026-05-11,4535,至興,ENTRY,PRE,PRE,54.0,WAIT,BLOCK,False,28.0,0.0,0.0,8,波動壓縮 | 均線收斂 | 接近突破 | 結構尚可,BLOCK：超出本市場狀態可執行名額｜v266.57.9：結構：平台壓縮後轉強，可優先觀察起漲/試單。｜續強：回檔承接尚可，若原策略入選，可優先觀察延續。,61.1,,,MEDIUM,中流動性,0.66,1112.0,31136000.0,0.0,🟡 普通,50（🟡 普通）,,籌碼普通或資料有限，需搭配技術面確認。,1,部分籌碼資料有限,📉 低信心,,,至興,0.0,0.0,0.0,0.0,0.0,1,0.0,0.0,0.0,0.0,0,TPEX,⚪ 盤整觀望（等待方向）,中低,先觀察，不急進場；等突破、量能或均線方向出現。,2026-05-09 00:25:55,behavior_interpretation,,,,,,,,,,,,,,,,,,,,,,,,,,,,,,,,,,,,,,,,,,,,,,,,,,,,,,,,,,,,,,,,,,,,MA5：依試單節奏判斷,MA20：依試單節奏判斷,,,,,MA10：依試單節奏判斷,MA5：依試單節奏判斷,MA10：依試單節奏判斷,MA20：依試單節奏判斷,突破確認K,整理後轉強,整理後轉強,MA5：依試單節奏判斷｜MA10：依試單節奏判斷｜MA20：依試單節奏判斷｜K棒：突破確認K｜K線：整理後轉強,K棒型態：突破確認K｜K線結構：整理後轉強,依原策略執行，技術欄位用於確認節奏與風險。,8.0,A,起漲結構強,MA20走平翻揚｜接近20日高｜40D平台收斂｜短中均線糾結｜40D低點守住｜接近/站回MA60｜MA60不再下彎,平台壓縮後轉強，可優先觀察起漲/試單。,v266.57.9,5.0,B,續強品質中,回檔不破前低｜低點墊高確認｜收盤守MA5｜回檔量縮｜扣分:跌破短均,回檔承接尚可，若原策略入選，可優先觀察延續。,v266.57.9,,,,,,,GENERIC,0.55,0.5,0.5,6.9,455.0,最後後處理補寫：原分數+結構前置+續強品質+突破品質；不覆蓋原策略,一般,5.658,v266.58.1,2026-05-09 00:25:47,觀察,否,,觀察,0,0,持續觀察,前狀態:nan→今日:觀察,NO,v266.60.2,5.658,30.0,0.0,0.0,0.0,12.686,400.0,20/40/60結構佳｜續強品質佳｜主力佈局語意,主力佈局優先,v266.61,2026-05-09 00:25:50,8.0,洗盤不破承接,無事件,等待下一次確認。,6.361,402,v266.62,2026-05-09 00:25:51,0.0,,NONE,93,12,NONE,平台收斂,85
WATCH,2026-05-08,2026-05-11,9930,中聯資源,ENTRY,PRE,PRE,54.0,WAIT,BLOCK,False,70.0,0.0,0.0,8,波動壓縮 | 均線收斂 | 接近突破 | 結構尚可,BLOCK：超出本市場狀態可執行名額｜v266.57.9：結構：平台壓縮後轉強，可優先觀察起漲/試單。｜續強：回檔承接尚可，若原策略入選，可優先觀察延續。｜突破：尚未形成乾淨突破，不急著升級。,79.85,,,HIGH,高流動性,25.05,70078.0,4905460000.0,0.0,⚠️ 分散,38（⚠️ 分散）,,籌碼普通或資料有限，需搭配技術面確認。,1,部分籌碼資料有限,📉 低信心,,,中聯資源,-11000.0,0.0,3496.0,-7504.0,0.0,1,0.0,0.0,0.0,0.0,0,TWSE,⚪ 盤整觀望（等待方向）,中低,先觀察，不急進場；等突破、量能或均線方向出現。,2026-05-09 00:25:55,behavior_interpretation,,,,,,,,,,,,,,,,,,,,,,,,,,,,,,,,,,,,,,,,,,,,,,,,,,,,,,,,,,,,,,,,,,,,MA5：依試單節奏判斷,MA20：依試單節奏判斷,,,,,MA10：依試單節奏判斷,MA5：依試單節奏判斷,MA10：依試單節奏判斷,MA20：依試單節奏判斷,突破確認K,整理後轉強,整理後轉強,MA5：依試單節奏判斷｜MA10：依試單節奏判斷｜MA20：依試單節奏判斷｜K棒：突破確認K｜K線：整理後轉強,K棒型態：突破確認K｜K線結構：整理後轉強,依原策略執行，技術欄位用於確認節奏與風險。,7.8,B,起漲結構中,接近20日高｜40D平台收斂｜短中均線糾結｜40D低點守住｜接近/站回MA60｜MA60不再下彎｜5D動能轉正,平台壓縮後轉強，可優先觀察起漲/試單。,v266.57.9,5.5,B,續強品質中,回檔不破前低｜低點墊高確認｜收盤守MA5｜續強確認：收盤未跌破MA5,回檔承接尚可，若原策略入選，可優先觀察延續。,v266.57.9,0.2,D,突破不足,量能較前日放大｜扣分:收盤位置偏弱,尚未形成乾淨突破，不急著升級。,v266.57.9,GENERIC,0.55,0.5,0.5,7.14,442.0,最後後處理補寫：原分數+結構前置+續強品質+突破品質；不覆蓋原策略,一般,5.855,v266.58.1,2026-05-09 00:25:47,觀察,否,,觀察,0,0,持續觀察,前狀態:nan→今日:觀察,NO,v266.60.2,5.855,30.0,0.0,0.0,0.0,12.705,393.0,20/40/60結構佳｜續強品質佳｜主力佈局語意,主力佈局優先,v266.61,2026-05-09 00:25:50,8.0,洗盤不破承接,無事件,等待下一次確認。,6.498,392,v266.62,2026-05-09 00:25:51,0.0,,NONE,103,12,NONE,平台收斂,86
WATCH,2026-05-08,2026-05-11,2755,揚秦,ENTRY,PRE,PRE,54.0,WAIT,BLOCK,False,135.5,0.0,0.0,8,波動壓縮 | 均線收斂 | 接近突破 | 結構尚可,BLOCK：超出本市場狀態可執行名額｜v266.57.9：結構：平台壓縮後轉強，可優先觀察起漲/試單。｜續強：回檔承接尚可，若原策略入選，可優先觀察延續。｜突破：有轉強跡象，但突破品質尚未完全成立。,80.39,,,HIGH,高流動性,27.41,59295.0,8034472500.0,0.0,🟡 普通,50（🟡 普通）,,籌碼普通或資料有限，需搭配技術面確認。,1,部分籌碼資料有限,📉 低信心,,,,0.0,0.0,0.0,0.0,0.0,1,0.0,0.0,0.0,0.0,0,TPEX,⚪ 盤整觀望（等待方向）,中低,先觀察，不急進場；等突破、量能或均線方向出現。,2026-05-09 00:25:55,behavior_interpretation,,,,,,,,,,,,,,,,,,,,,,,,,,,,,,,,,,,,,,,,,,,,,,,,,,,,,,,,,,,,,,,,,,,,MA5：依試單節奏判斷,MA20：依試單節奏判斷,,,,,MA10：依試單節奏判斷,MA5：依試單節奏判斷,MA10：依試單節奏判斷,MA20：依試單節奏判斷,突破確認K,整理後轉強,整理後轉強,MA5：依試單節奏判斷｜MA10：依試單節奏判斷｜MA20：依試單節奏判斷｜K棒：突破確認K｜K線：整理後轉強,K棒型態：突破確認K｜K線結構：整理後轉強,依原策略執行，技術欄位用於確認節奏與風險。,8.8,A,起漲結構強,MA5站上MA10｜40D平台收斂｜短中均線糾結｜40D低點守住｜接近/站回MA60｜MA60不再下彎｜站回60D區間中上｜10D動能轉正,平台壓縮後轉強，可優先觀察起漲/試單。,v266.57.9,7.7,A,續強品質強,回檔不破前低｜低點墊高確認｜收盤守MA5｜續強確認：收盤未跌破MA5｜MA5仍在MA10上｜10D動能維持,回檔承接尚可，若原策略入選，可優先觀察延續。,v266.57.9,3.8,C,突破觀察,收盤接近高點｜突破近5日高｜短均多頭,有轉強跡象，但突破品質尚未完全成立。,v266.57.9,GENERIC,0.55,0.5,0.5,10.59,235.0,最後後處理補寫：原分數+結構前置+續強品質+突破品質；不覆蓋原策略,一般,8.684,v266.58.1,2026-05-09 00:25:47,觀察,否,,觀察,0,0,持續觀察,前狀態:nan→今日:觀察,NO,v266.60.2,8.684,30.0,0.0,0.0,0.0,12.988,297.0,20/40/60結構佳｜續強品質佳｜主力佈局語意,主力佈局優先,v266.61,2026-05-09 00:25:50,8.0,洗盤不破承接,無事件,等待下一次確認。,8.479,250,v266.62,2026-05-09 00:25:51,0.0,,NONE,456,12,NONE,平台收斂,88
TEST,2026-05-08,2026-05-11,4754,國碳科,ENTRY,PRE,PRE,72.0,WAIT,BLOCK,False,37.2,0.0,0.0,3,波動壓縮 | 安靜吸籌 | 均線收斂 | 接近突破 | 結構尚可,BLOCK：超出本市場狀態可執行名額｜v266.57.9：結構：平台壓縮後轉強，可優先觀察起漲/試單。｜續強：回檔承接尚可，若原策略入選，可優先觀察延續。｜突破：有轉強跡象，但突破品質尚未完全成立。,86.52,,,HIGH,高流動性,17.43,50753.0,1888011600.0,0.0,🟡 普通,50（🟡 普通）,,籌碼普通或資料有限，需搭配技術面確認。,0,法人/融資資料有限,📉 低信心,,,,0.0,0.0,0.0,0.0,0.0,0,0.0,0.0,0.0,0.0,0,,🟡 洗盤吸籌／整理換手（結構未壞）,中高,不急追；等放量突破或站穩 MA10 / MA20 再提高權重。,2026-05-09 00:25:55,behavior_interpretation,,,,,,,,,,,,,,,,,,,,,,,,,,,,,,,,,,,,,,,,,,,,,,,,,,,,,,,,,,,,,,,,,,,,MA5：依試單節奏判斷,MA20：依試單節奏判斷,,,,,MA10：依試單節奏判斷,MA5：依試單節奏判斷,MA10：依試單節奏判斷,MA20：依試單節奏判斷,突破確認K,整理後轉強,整理後轉強,MA5：依試單節奏判斷｜MA10：依試單節奏判斷｜MA20：依試單節奏判斷｜K棒：突破確認K｜K線：整理後轉強,K棒型態：突破確認K｜K線結構：整理後轉強,依原策略執行，技術欄位用於確認節奏與風險。,9.0,A,起漲結構強,MA5站上MA10｜接近20日高｜40D平台收斂｜短中均線糾結｜40D低點守住｜接近/站回MA60｜量縮後溫和放量,平台壓縮後轉強，可優先觀察起漲/試單。,v266.57.9,6.7,B,續強品質中,回檔不破前低｜低點墊高確認｜收盤守MA5｜續強確認：收盤未跌破MA5｜MA5仍在MA10上,回檔承接尚可，若原策略入選，可優先觀察延續。,v266.57.9,3.8,C,突破觀察,收盤接近高點｜突破近5日高｜短均多頭,有轉強跡象，但突破品質尚未完全成立。,v266.57.9,GENERIC,0.55,0.5,0.5,10.2,252.0,最後後處理補寫：原分數+結構前置+續強品質+突破品質；不覆蓋原策略,一般,8.364,v266.58.1,2026-05-09 00:25:47,觀察,否,,觀察,0,0,持續觀察,前狀態:nan→今日:觀察,NO,v266.60.2,8.364,30.0,0.0,0.0,0.0,13.496,163.0,20/40/60結構佳｜續強品質佳｜主力佈局語意,主力佈局優先,v266.61,2026-05-09 00:25:50,8.0,洗盤不破承接,無事件,等待下一次確認。,8.255,270,v266.62,2026-05-09 00:25:51,0.0,,NONE,453,12,NONE,平台收斂,89
TEST,2026-05-08,2026-05-11,8916,光隆,ENTRY,PRE,PRE,72.0,WAIT,BLOCK,False,47.7,0.0,0.0,3,波動壓縮 | 安靜吸籌 | 均線收斂 | 接近突破 | 結構尚可,BLOCK：超出本市場狀態可執行名額｜v266.57.9：結構：平台壓縮後轉強，可優先觀察起漲/試單。｜續強：回檔承接尚可，若原策略入選，可優先觀察延續。｜突破：有轉強跡象，但突破品質尚未完全成立。,95.32,,,HIGH,高流動性,36.26,180987.0,8633079900.0,0.0,🟡 普通,50（🟡 普通）,,籌碼普通或資料有限，需搭配技術面確認。,1,部分籌碼資料有限,📉 低信心,,,光隆,0.0,0.0,0.0,0.0,0.0,1,0.0,0.0,0.0,0.0,0,TPEX,🟡 洗盤吸籌／整理換手（結構未壞）,中高,不急追；等放量突破或站穩 MA10 / MA20 再提高權重。,2026-05-09 00:25:55,behavior_interpretation,,,,,,,,,,,,,,,,,,,,,,,,,,,,,,,,,,,,,,,,,,,,,,,,,,,,,,,,,,,,,,,,,,,,MA5：依試單節奏判斷,MA20：依試單節奏判斷,,,,,MA10：依試單節奏判斷,MA5：依試單節奏判斷,MA10：依試單節奏判斷,MA20：依試單節奏判斷,突破確認K,整理後轉強,整理後轉強,MA5：依試單節奏判斷｜MA10：依試單節奏判斷｜MA20：依試單節奏判斷｜K棒：突破確認K｜K線：整理後轉強,K棒型態：突破確認K｜K線結構：整理後轉強,依原策略執行，技術欄位用於確認節奏與風險。,9.0,A,起漲結構強,MA20走平翻揚｜MA5站上MA10｜接近20日高｜40D平台收斂｜短中均線糾結｜40D低點守住｜接近/站回MA60｜站回60D區間中上,平台壓縮後轉強，可優先觀察起漲/試單。,v266.57.9,6.7,B,續強品質中,回檔不破前低｜低點墊高確認｜收盤守MA5｜續強確認：收盤未跌破MA5｜MA5仍在MA10上,回檔承接尚可，若原策略入選，可優先觀察延續。,v266.57.9,3.8,C,突破觀察,收盤接近高點｜突破近5日高｜短均多頭,有轉強跡象，但突破品質尚未完全成立。,v266.57.9,GENERIC,0.55,0.5,0.5,10.2,252.0,最後後處理補寫：原分數+結構前置+續強品質+突破品質；不覆蓋原策略,一般,8.364,v266.58.1,2026-05-09 00:25:47,觀察,否,,觀察,0,0,持續觀察,前狀態:nan→今日:觀察,NO,v266.60.2,8.364,30.0,0.0,0.0,0.0,13.496,163.0,20/40/60結構佳｜續強品質佳｜主力佈局語意,主力佈局優先,v266.61,2026-05-09 00:25:50,8.0,洗盤不破承接,無事件,等待下一次確認。,8.255,271,v266.62,2026-05-09 00:25:51,0.0,,NONE,452,12,NONE,平台收斂,90
WATCH,2026-05-08,2026-05-11,2030,彰源,ENTRY,PRE,PRE,54.0,WAIT,BLOCK,False,16.4,0.0,0.0,8,波動壓縮 | 均線收斂 | 接近突破 | 結構尚可,BLOCK：超出本市場狀態可執行名額｜v266.57.9：結構：平台壓縮後轉強，可優先觀察起漲/試單。｜續強：回檔承接尚可，若原策略入選，可優先觀察延續。｜突破：尚未形成乾淨突破，不急著升級。,91.19,,,HIGH,高流動性,46.93,584131.0,9579748399.999998,0.0,⚠️ 分散,25（⚠️ 分散）,,籌碼偏弱且資料有限，避免重倉追高。,1,部分籌碼資料有限,📉 低信心,,,彰源,-239000.0,0.0,0.0,-239000.0,0.0,1,0.0,0.0,0.0,0.0,0,TWSE,⚪ 盤整觀望（等待方向）,中低,先觀察，不急進場；等突破、量能或均線方向出現。,2026-05-09 00:25:55,behavior_interpretation,,,,,,,,,,,,,,,,,,,,,,,,,,,,,,,,,,,,,,,,,,,,,,,,,,,,,,,,,,,,,,,,,,,,MA5：依試單節奏判斷,MA20：依試單節奏判斷,,,,,MA10：依試單節奏判斷,MA5：依試單節奏判斷,MA10：依試單節奏判斷,MA20：依試單節奏判斷,突破確認K,整理後轉強,整理後轉強,MA5：依試單節奏判斷｜MA10：依試單節奏判斷｜MA20：依試單節奏判斷｜K棒：突破確認K｜K線：整理後轉強,K棒型態：突破確認K｜K線結構：整理後轉強,依原策略執行，技術欄位用於確認節奏與風險。,10.8,A,起漲結構強,20D站上MA20｜MA20走平翻揚｜MA5站上MA10｜接近20日高｜40D平台收斂｜短中均線糾結｜40D低點守住｜接近/站回MA60｜MA60不再下彎｜5D動能轉正,平台壓縮後轉強，可優先觀察起漲/試單。,v266.57.9,7.7,A,續強品質強,回檔不破前低｜低點墊高確認｜收盤守MA5｜續強確認：收盤未跌破MA5｜MA5仍在MA10上｜仍站MA20,回檔承接尚可，若原策略入選，可優先觀察延續。,v266.57.9,0.8,D,突破不足,短均多頭,尚未形成乾淨突破，不急著升級。,v266.57.9,GENERIC,0.55,0.5,0.5,10.19,255.0,最後後處理補寫：原分數+結構前置+續強品質+突破品質；不覆蓋原策略,一般,8.356,v266.58.1,2026-05-09 00:25:47,觀察,否,,觀察,0,0,持續觀察,前狀態:nan→今日:觀察,NO,v266.60.2,8.356,30.0,0.0,0.0,0.0,12.956,310.0,20/40/60結構佳｜續強品質佳｜主力佈局語意,主力佈局優先,v266.61,2026-05-09 00:25:50,8.0,洗盤不破承接,無事件,等待下一次確認。,8.249,274,v266.62,2026-05-09 00:25:51,0.0,,NONE,449,12,NONE,平台收斂,91
TEST,2026-05-08,2026-05-11,6128,上福,ENTRY,PRE,PRE,66.0,WAIT,BLOCK,False,20.5,0.0,0.0,3,波動壓縮 | 安靜吸籌 | 均線收斂 | 接近突破,BLOCK：超出本市場狀態可執行名額｜v266.57.9：結構：平台壓縮後轉強，可優先觀察起漲/試單。｜續強：回檔承接尚可，若原策略入選，可優先觀察延續。｜突破：尚未形成乾淨突破，不急著升級。,89.77,,,HIGH,高流動性,30.03,173685.0,3560542500.0,0.0,⚠️ 分散,32（⚠️ 分散）,,籌碼普通或資料有限，需搭配技術面確認。,1,部分籌碼資料有限,📉 低信心,,,,-21000.0,0.0,0.0,-21000.0,0.0,1,0.0,0.0,0.0,0.0,0,TWSE,🟡 洗盤吸籌／整理換手（結構未壞）,中高,不急追；等放量突破或站穩 MA10 / MA20 再提高權重。,2026-05-09 00:25:55,behavior_interpretation,,,,,,,,,,,,,,,,,,,,,,,,,,,,,,,,,,,,,,,,,,,,,,,,,,,,,,,,,,,,,,,,,,,,MA5：依試單節奏判斷,MA20：依試單節奏判斷,,,,,MA10：依試單節奏判斷,MA5：依試單節奏判斷,MA10：依試單節奏判斷,MA20：依試單節奏判斷,突破確認K,整理後轉強,整理後轉強,MA5：依試單節奏判斷｜MA10：依試單節奏判斷｜MA20：依試單節奏判斷｜K棒：突破確認K｜K線：整理後轉強,K棒型態：突破確認K｜K線結構：整理後轉強,依原策略執行，技術欄位用於確認節奏與風險。,6.0,B,起漲結構中,40D平台收斂｜短中均線糾結｜40D低點守住｜量縮後溫和放量,平台壓縮後轉強，可優先觀察起漲/試單。,v266.57.9,5.5,B,續強品質中,回檔不破前低｜低點墊高確認｜收盤守MA5｜續強確認：收盤未跌破MA5,回檔承接尚可，若原策略入選，可優先觀察延續。,v266.57.9,1.5,D,突破不足,收盤接近高點,尚未形成乾淨突破，不急著升級。,v266.57.9,GENERIC,0.55,0.5,0.5,6.8,459.0,最後後處理補寫：原分數+結構前置+續強品質+突破品質；不覆蓋原策略,一般,5.576,v266.58.1,2026-05-09 00:25:47,觀察,否,,觀察,0,0,持續觀察,前狀態:nan→今日:觀察,NO,v266.60.2,5.576,30.0,0.0,0.0,0.0,13.038,264.0,20/40/60結構佳｜續強品質佳｜主力佈局語意,主力佈局優先,v266.61,2026-05-09 00:25:50,8.0,洗盤不破承接,無事件,等待下一次確認。,6.303,405,v266.62,2026-05-09 00:25:51,0.0,,NONE,90,12,NONE,平台收斂,92
TEST,2026-05-08,2026-05-11,7738,東聯互動,ENTRY,PRE,PRE,72.0,WAIT,BLOCK,False,175.5,0.0,0.0,3,波動壓縮 | 安靜吸籌 | 均線收斂 | 放量吸收 | 結構尚可,BLOCK：超出本市場狀態可執行名額｜v266.57.9：結構：平台壓縮後轉強，可優先觀察起漲/試單。｜續強：回檔承接尚可，若原策略入選，可優先觀察延續。｜突破：尚未形成乾淨突破，不急著升級。,100.83,,,HIGH,高流動性,50.3,254713.0,44702131500.0,0.0,🟡 普通,50（🟡 普通）,,籌碼普通或資料有限，需搭配技術面確認。,1,部分籌碼資料有限,📉 低信心,,,,0.0,0.0,0.0,0.0,0.0,1,0.0,0.0,0.0,0.0,0,TPEX,🟡 洗盤吸籌／整理換手（結構未壞）,中高,不急追；等放量突破或站穩 MA10 / MA20 再提高權重。,2026-05-09 00:25:55,behavior_interpretation,,,,,,,,,,,,,,,,,,,,,,,,,,,,,,,,,,,,,,,,,,,,,,,,,,,,,,,,,,,,,,,,,,,,MA5：依試單節奏判斷,MA20：依試單節奏判斷,,,,,MA10：依試單節奏判斷,MA5：依試單節奏判斷,MA10：依試單節奏判斷,MA20：依試單節奏判斷,突破確認K,整理後轉強,整理後轉強,MA5：依試單節奏判斷｜MA10：依試單節奏判斷｜MA20：依試單節奏判斷｜K棒：突破確認K｜K線：整理後轉強,K棒型態：突破確認K｜K線結構：整理後轉強,依原策略執行，技術欄位用於確認節奏與風險。,9.0,A,起漲結構強,MA5站上MA10｜40D平台收斂｜短中均線糾結｜40D低點守住｜接近/站回MA60｜MA60不再下彎｜量縮後溫和放量,平台壓縮後轉強，可優先觀察起漲/試單。,v266.57.9,6.7,B,續強品質中,回檔不破前低｜低點墊高確認｜收盤守MA5｜續強確認：收盤未跌破MA5｜MA5仍在MA10上,回檔承接尚可，若原策略入選，可優先觀察延續。,v266.57.9,-0.2,D,突破不足,短均多頭｜扣分:收盤位置偏弱,尚未形成乾淨突破，不急著升級。,v266.57.9,GENERIC,0.55,0.5,0.5,8.2,397.0,最後後處理補寫：原分數+結構前置+續強品質+突破品質；不覆蓋原策略,一般,6.724,v266.58.1,2026-05-09 00:25:47,觀察,否,,觀察,0,0,持續觀察,前狀態:nan→今日:觀察,NO,v266.60.2,6.724,30.0,0.0,0.0,0.0,13.332,184.0,20/40/60結構佳｜續強品質佳｜主力佈局語意,主力佈局優先,v266.61,2026-05-09 00:25:50,8.0,洗盤不破承接,無事件,等待下一次確認。,7.107,369,v266.62,2026-05-09 00:25:51,0.0,,NONE,63,12,NONE,平台收斂,93
TEST,2026-05-08,2026-05-11,6637,醫影,ENTRY,PRE,PRE,72.0,WAIT,BLOCK,False,71.3,0.0,0.0,3,波動壓縮 | 安靜吸籌 | 均線收斂 | 接近突破 | 結構尚可,BLOCK：超出本市場狀態可執行名額｜v266.57.9：結構：平台壓縮後轉強，可優先觀察起漲/試單。｜續強：回檔承接尚可，若原策略入選，可優先觀察延續。｜突破：尚未形成乾淨突破，不急著升級。,90.34,,,HIGH,高流動性,26.4,75103.0,5354843899.999999,0.0,🟡 普通,50（🟡 普通）,,籌碼普通或資料有限，需搭配技術面確認。,1,部分籌碼資料有限,📉 低信心,,,醫影,0.0,0.0,0.0,0.0,0.0,1,0.0,0.0,0.0,0.0,0,TPEX,🟡 洗盤吸籌／整理換手（結構未壞）,中高,不急追；等放量突破或站穩 MA10 / MA20 再提高權重。,2026-05-09 00:25:55,behavior_interpretation,,,,,,,,,,,,,,,,,,,,,,,,,,,,,,,,,,,,,,,,,,,,,,,,,,,,,,,,,,,,,,,,,,,,MA5：依試單節奏判斷,MA20：依試單節奏判斷,,,,,MA10：依試單節奏判斷,MA5：依試單節奏判斷,MA10：依試單節奏判斷,MA20：依試單節奏判斷,突破確認K,整理後轉強,整理後轉強,MA5：依試單節奏判斷｜MA10：依試單節奏判斷｜MA20：依試單節奏判斷｜K棒：突破確認K｜K線：整理後轉強,K棒型態：突破確認K｜K線結構：整理後轉強,依原策略執行，技術欄位用於確認節奏與風險。,9.0,A,起漲結構強,MA5站上MA10｜接近20日高｜40D平台收斂｜短中均線糾結｜40D低點守住｜接近/站回MA60｜量縮後溫和放量,平台壓縮後轉強，可優先觀察起漲/試單。,v266.57.9,6.7,B,續強品質中,回檔不破前低｜低點墊高確認｜收盤守MA5｜續強確認：收盤未跌破MA5｜MA5仍在MA10上,回檔承接尚可，若原策略入選，可優先觀察延續。,v266.57.9,-0.2,D,突破不足,短均多頭｜扣分:收盤位置偏弱,尚未形成乾淨突破，不急著升級。,v266.57.9,GENERIC,0.55,0.5,0.5,8.2,397.0,最後後處理補寫：原分數+結構前置+續強品質+突破品質；不覆蓋原策略,一般,6.724,v266.58.1,2026-05-09 00:25:47,觀察,否,,觀察,0,0,持續觀察,前狀態:nan→今日:觀察,NO,v266.60.2,6.724,30.0,0.0,0.0,0.0,13.332,184.0,20/40/60結構佳｜續強品質佳｜主力佈局語意,主力佈局優先,v266.61,2026-05-09 00:25:50,8.0,洗盤不破承接,無事件,等待下一次確認。,7.107,367,v266.62,2026-05-09 00:25:51,0.0,,NONE,67,12,NONE,平台收斂,94
TEST,2026-05-08,2026-05-11,1603,華電,ENTRY,PRE,PRE,66.0,WAIT,BLOCK,False,32.1,0.0,0.0,3,波動壓縮 | 安靜吸籌 | 均線收斂 | 接近突破,BLOCK：超出本市場狀態可執行名額｜v266.57.9：結構：平台壓縮後轉強，可優先觀察起漲/試單。｜續強：回檔承接尚可，若原策略入選，可優先觀察延續。｜突破：尚未形成乾淨突破，不急著升級。,97.29,,,HIGH,高流動性,46.88,443306.0,14230122600.000002,0.0,⚠️ 分散,25（⚠️ 分散）,,籌碼偏弱且資料有限，避免重倉追高。,1,部分籌碼資料有限,📉 低信心,,,,-63000.0,0.0,0.0,-63000.0,0.0,1,0.0,0.0,0.0,0.0,0,TWSE,🟡 洗盤吸籌／整理換手（結構未壞）,中高,不急追；等放量突破或站穩 MA10 / MA20 再提高權重。,2026-05-09 00:25:55,behavior_interpretation,,,,,,,,,,,,,,,,,,,,,,,,,,,,,,,,,,,,,,,,,,,,,,,,,,,,,,,,,,,,,,,,,,,,MA5：依試單節奏判斷,MA20：依試單節奏判斷,,,,,MA10：依試單節奏判斷,MA5：依試單節奏判斷,MA10：依試單節奏判斷,MA20：依試單節奏判斷,突破確認K,整理後轉強,整理後轉強,MA5：依試單節奏判斷｜MA10：依試單節奏判斷｜MA20：依試單節奏判斷｜K棒：突破確認K｜K線：整理後轉強,K棒型態：突破確認K｜K線結構：整理後轉強,依原策略執行，技術欄位用於確認節奏與風險。,9.8,A,起漲結構強,MA20走平翻揚｜MA5站上MA10｜接近20日高｜40D平台收斂｜短中均線糾結｜40D低點守住｜量縮後溫和放量｜5D動能轉正,平台壓縮後轉強，可優先觀察起漲/試單。,v266.57.9,6.5,B,續強品質中,回檔不破前低｜低點墊高確認｜收盤守MA5｜回測守MA10｜MA5仍在MA10上,回檔承接尚可，若原策略入選，可優先觀察延續。,v266.57.9,-0.2,D,突破不足,短均多頭｜扣分:收盤位置偏弱,尚未形成乾淨突破，不急著升級。,v266.57.9,GENERIC,0.55,0.5,0.5,8.54,375.0,最後後處理補寫：原分數+結構前置+續強品質+突破品質；不覆蓋原策略,一般,7.003,v266.58.1,2026-05-09 00:25:47,觀察,否,,觀察,0,0,持續觀察,前狀態:nan→今日:觀察,NO,v266.60.2,7.003,30.0,0.0,0.0,0.0,13.18,212.0,20/40/60結構佳｜續強品質佳｜主力佈局語意,主力佈局優先,v266.61,2026-05-09 00:25:50,8.0,洗盤不破承接,無事件,等待下一次確認。,7.302,353,v266.62,2026-05-09 00:25:51,0.0,,NONE,87,12,NONE,平台收斂,95
TEST,2026-05-08,2026-05-11,3360,尚立,ENTRY,PRE,PRE,72.0,WAIT,BLOCK,False,14.05,0.0,0.0,3,波動壓縮 | 安靜吸籌 | 均線收斂 | 接近突破 | 結構尚可,BLOCK：超出本市場狀態可執行名額｜v266.57.9：結構：平台壓縮後轉強，可優先觀察起漲/試單。｜續強：回檔承接尚可，若原策略入選，可優先觀察延續。｜突破：尚未形成乾淨突破，不急著升級。,105.32,,,HIGH,高流動性,55.56,1173770.0,16491468500.0,0.0,🟡 普通,50（🟡 普通）,,籌碼普通或資料有限，需搭配技術面確認。,1,部分籌碼資料有限,📉 低信心,,,,102.0,0.0,-102.0,0.0,0.0,1,0.0,0.0,0.0,0.0,0,TPEX,🟡 洗盤吸籌／整理換手（結構未壞）,中高,不急追；等放量突破或站穩 MA10 / MA20 再提高權重。,2026-05-09 00:25:55,behavior_interpretation,,,,,,,,,,,,,,,,,,,,,,,,,,,,,,,,,,,,,,,,,,,,,,,,,,,,,,,,,,,,,,,,,,,,MA5：依試單節奏判斷,MA20：依試單節奏判斷,,,,,MA10：依試單節奏判斷,MA5：依試單節奏判斷,MA10：依試單節奏判斷,MA20：依試單節奏判斷,突破確認K,整理後轉強,整理後轉強,MA5：依試單節奏判斷｜MA10：依試單節奏判斷｜MA20：依試單節奏判斷｜K棒：突破確認K｜K線：整理後轉強,K棒型態：突破確認K｜K線結構：整理後轉強,依原策略執行，技術欄位用於確認節奏與風險。,7.8,B,起漲結構中,MA5站上MA10｜40D平台收斂｜短中均線糾結｜40D低點守住｜量縮後溫和放量｜10D動能轉正,平台壓縮後轉強，可優先觀察起漲/試單。,v266.57.9,7.7,A,續強品質強,回檔不破前低｜低點墊高確認｜收盤守MA5｜續強確認：收盤未跌破MA5｜MA5仍在MA10上｜10D動能維持,回檔承接尚可，若原策略入選，可優先觀察延續。,v266.57.9,0.8,D,突破不足,短均多頭,尚未形成乾淨突破，不急著升級。,v266.57.9,GENERIC,0.55,0.5,0.5,8.54,375.0,最後後處理補寫：原分數+結構前置+續強品質+突破品質；不覆蓋原策略,一般,7.003,v266.58.1,2026-05-09 00:25:47,觀察,否,,觀察,0,0,持續觀察,前狀態:nan→今日:觀察,NO,v266.60.2,7.003,30.0,0.0,0.0,0.0,13.36,181.0,20/40/60結構佳｜續強品質佳｜主力佈局語意,主力佈局優先,v266.61,2026-05-09 00:25:50,8.0,洗盤不破承接,無事件,等待下一次確認。,7.302,354,v266.62,2026-05-09 00:25:51,0.0,,NONE,86,12,NONE,平台收斂,96
WATCH,2026-05-08,2026-05-11,3206,志豐,ENTRY,PRE,PRE,58.0,WAIT,BLOCK,False,35.95,0.0,0.0,8,波動壓縮 | 安靜吸籌 | 均線收斂 | 結構尚可,BLOCK：超出本市場狀態可執行名額｜v266.57.9：結構：平台壓縮後轉強，可優先觀察起漲/試單。｜續強：回檔承接尚可，若原策略入選，可優先觀察延續。｜突破：尚未形成乾淨突破，不急著升級。,92.64,,,HIGH,高流動性,46.54,408821.0,14697114950.000002,0.0,🟡 普通,50（🟡 普通）,,籌碼普通或資料有限，需搭配技術面確認。,1,部分籌碼資料有限,📉 低信心,,,,0.0,0.0,0.0,0.0,0.0,1,0.0,0.0,0.0,0.0,0,TPEX,🟡 洗盤吸籌／整理換手（結構未壞）,中高,不急追；等放量突破或站穩 MA10 / MA20 再提高權重。,2026-05-09 00:25:55,behavior_interpretation,,,,,,,,,,,,,,,,,,,,,,,,,,,,,,,,,,,,,,,,,,,,,,,,,,,,,,,,,,,,,,,,,,,,MA5：依觀察節奏判斷,MA20：依觀察節奏判斷,,,,,MA10：依觀察節奏判斷,MA5：依觀察節奏判斷,MA10：依觀察節奏判斷,MA20：依觀察節奏判斷,整理觀察K,整理收斂,整理收斂,MA5：依觀察節奏判斷｜MA10：依觀察節奏判斷｜MA20：依觀察節奏判斷｜K棒：整理觀察K｜K線：整理收斂,K棒型態：整理觀察K｜K線結構：整理收斂,依原策略執行，技術欄位用於確認節奏與風險。,7.8,B,起漲結構中,MA5站上MA10｜40D平台收斂｜短中均線糾結｜40D低點守住｜接近/站回MA60｜MA60不再下彎｜10D動能轉正,平台壓縮後轉強，可優先觀察起漲/試單。,v266.57.9,7.7,A,續強品質強,回檔不破前低｜低點墊高確認｜收盤守MA5｜續強確認：收盤未跌破MA5｜MA5仍在MA10上｜10D動能維持,回檔承接尚可，若原策略入選，可優先觀察延續。,v266.57.9,0.8,D,突破不足,短均多頭,尚未形成乾淨突破，不急著升級。,v266.57.9,GENERIC,0.55,0.5,0.5,8.54,375.0,最後後處理補寫：原分數+結構前置+續強品質+突破品質；不覆蓋原策略,一般,7.003,v266.58.1,2026-05-09 00:25:47,觀察,否,,觀察,0,0,持續觀察,前狀態:nan→今日:觀察,NO,v266.60.2,7.003,30.0,0.0,0.0,0.0,12.94,315.0,20/40/60結構佳｜續強品質佳｜主力佈局語意,主力佈局優先,v266.61,2026-05-09 00:25:50,8.0,洗盤不破承接,無事件,等待下一次確認。,7.302,355,v266.62,2026-05-09 00:25:51,0.0,,NONE,85,12,NONE,平台收斂,97
TEST,2026-05-08,2026-05-11,4552,力達-KY,ENTRY,PRE,PRE,66.0,WAIT,BLOCK,False,20.15,0.0,0.0,3,波動壓縮 | 安靜吸籌 | 均線收斂 | 放量吸收,BLOCK：超出本市場狀態可執行名額｜v266.57.9：結構：平台壓縮後轉強，可優先觀察起漲/試單。｜續強：回檔承接尚可，若原策略入選，可優先觀察延續。｜突破：有轉強跡象，但突破品質尚未完全成立。,90.33,,,HIGH,高流動性,31.22,188945.0,3807241750.0,0.0,⚠️ 分散,36（⚠️ 分散）,,籌碼普通或資料有限，需搭配技術面確認。,1,部分籌碼資料有限,📉 低信心,,,,-11000.0,0.0,0.0,-11000.0,0.0,1,0.0,0.0,0.0,0.0,0,TWSE,🟡 洗盤吸籌／整理換手（結構未壞）,中高,不急追；等放量突破或站穩 MA10 / MA20 再提高權重。,2026-05-09 00:25:55,behavior_interpretation,,,,,,,,,,,,,,,,,,,,,,,,,,,,,,,,,,,,,,,,,,,,,,,,,,,,,,,,,,,,,,,,,,,,MA5：依試單節奏判斷,MA20：依試單節奏判斷,,,,,MA10：依試單節奏判斷,MA5：依試單節奏判斷,MA10：依試單節奏判斷,MA20：依試單節奏判斷,突破確認K,整理後轉強,整理後轉強,MA5：依試單節奏判斷｜MA10：依試單節奏判斷｜MA20：依試單節奏判斷｜K棒：突破確認K｜K線：整理後轉強,K棒型態：突破確認K｜K線結構：整理後轉強,依原策略執行，技術欄位用於確認節奏與風險。,6.8,B,起漲結構中,40D平台收斂｜短中均線糾結｜40D低點守住｜量縮後溫和放量｜5D動能轉正,平台壓縮後轉強，可優先觀察起漲/試單。,v266.57.9,5.5,B,續強品質中,回檔不破前低｜低點墊高確認｜收盤守MA5｜續強確認：收盤未跌破MA5,回檔承接尚可，若原策略入選，可優先觀察延續。,v266.57.9,3.9,C,突破觀察,收盤接近高點｜量能較前日放大｜MA5加速上彎,有轉強跡象，但突破品質尚未完全成立。,v266.57.9,GENERIC,0.55,0.5,0.5,8.44,383.0,最後後處理補寫：原分數+結構前置+續強品質+突破品質；不覆蓋原策略,一般,6.921,v266.58.1,2026-05-09 00:25:47,觀察,否,,觀察,0,0,持續觀察,前狀態:nan→今日:觀察,NO,v266.60.2,6.921,30.0,0.0,0.0,0.0,13.172,218.0,20/40/60結構佳｜續強品質佳｜主力佈局語意,主力佈局優先,v266.61,2026-05-09 00:25:50,8.0,洗盤不破承接,無事件,等待下一次確認。,7.245,358,v266.62,2026-05-09 00:25:51,0.0,,NONE,82,12,NONE,平台收斂,98
WATCH,2026-05-08,2026-05-11,1531,高林股,ENTRY,PRE,PRE,54.0,WAIT,BLOCK,False,13.0,0.0,0.0,8,波動壓縮 | 均線收斂 | 接近突破 | 結構尚可,BLOCK：超出本市場狀態可執行名額｜v266.57.9：結構：平台壓縮後轉強，可優先觀察起漲/試單。｜續強：回檔承接尚可，若原策略入選，可優先觀察延續。｜突破：有轉強跡象，但突破品質尚未完全成立。,83.64,,,HIGH,高流動性,30.39,212302.0,2759926000.0,0.0,⚠️ 分散,34（⚠️ 分散）,,籌碼普通或資料有限，需搭配技術面確認。,1,部分籌碼資料有限,📉 低信心,,,高林股,-17000.0,0.0,0.0,-17000.0,0.0,1,0.0,0.0,0.0,0.0,0,TWSE,⚪ 盤整觀望（等待方向）,中低,先觀察，不急進場；等突破、量能或均線方向出現。,2026-05-09 00:25:55,behavior_interpretation,,,,,,,,,,,,,,,,,,,,,,,,,,,,,,,,,,,,,,,,,,,,,,,,,,,,,,,,,,,,,,,,,,,,MA5：依試單節奏判斷,MA20：依試單節奏判斷,,,,,MA10：依試單節奏判斷,MA5：依試單節奏判斷,MA10：依試單節奏判斷,MA20：依試單節奏判斷,突破確認K,整理後轉強,整理後轉強,MA5：依試單節奏判斷｜MA10：依試單節奏判斷｜MA20：依試單節奏判斷｜K棒：突破確認K｜K線：整理後轉強,K棒型態：突破確認K｜K線結構：整理後轉強,依原策略執行，技術欄位用於確認節奏與風險。,7.8,B,起漲結構中,40D平台收斂｜短中均線糾結｜40D低點守住｜接近/站回MA60｜MA60不再下彎｜站回60D區間中上｜5D動能轉正,平台壓縮後轉強，可優先觀察起漲/試單。,v266.57.9,5.5,B,續強品質中,回檔不破前低｜低點墊高確認｜收盤守MA5｜續強確認：收盤未跌破MA5,回檔承接尚可，若原策略入選，可優先觀察延續。,v266.57.9,2.7,C,突破觀察,收盤接近高點｜量能較前日放大,有轉強跡象，但突破品質尚未完全成立。,v266.57.9,GENERIC,0.55,0.5,0.5,8.39,387.0,最後後處理補寫：原分數+結構前置+續強品質+突破品質；不覆蓋原策略,一般,6.88,v266.58.1,2026-05-09 00:25:47,觀察,否,,觀察,0,0,持續觀察,前狀態:nan→今日:觀察,NO,v266.60.2,6.88,30.0,0.0,0.0,0.0,12.808,369.0,20/40/60結構佳｜續強品質佳｜主力佈局語意,主力佈局優先,v266.61,2026-05-09 00:25:50,8.0,洗盤不破承接,無事件,等待下一次確認。,7.216,360,v266.62,2026-05-09 00:25:51,0.0,,NONE,80,12,NONE,平台收斂,99
WATCH,2026-05-08,2026-05-11,6248,沛波,ENTRY,PRE,PRE,54.0,WAIT,BLOCK,False,19.6,0.0,0.0,8,波動壓縮 | 均線收斂 | 接近突破 | 結構尚可,BLOCK：超出本市場狀態可執行名額｜v266.57.9：結構：平台壓縮後轉強，可優先觀察起漲/試單。｜續強：回檔承接尚可，若原策略入選，可優先觀察延續。｜突破：有轉強跡象，但突破品質尚未完全成立。,83.57,,,HIGH,高流動性,30.82,185995.0,3645502000.000001,0.0,🟡 普通,50（🟡 普通）,,籌碼普通或資料有限，需搭配技術面確認。,1,部分籌碼資料有限,📉 低信心,,,沛波,0.0,0.0,0.0,0.0,0.0,1,0.0,0.0,0.0,0.0,0,TPEX,⚪ 盤整觀望（等待方向）,中低,先觀察，不急進場；等突破、量能或均線方向出現。,2026-05-09 00:25:55,behavior_interpretation,,,,,,,,,,,,,,,,,,,,,,,,,,,,,,,,,,,,,,,,,,,,,,,,,,,,,,,,,,,,,,,,,,,,MA5：依試單節奏判斷,MA20：依試單節奏判斷,,,,,MA10：依試單節奏判斷,MA5：依試單節奏判斷,MA10：依試單節奏判斷,MA20：依試單節奏判斷,突破確認K,整理後轉強,整理後轉強,MA5：依試單節奏判斷｜MA10：依試單節奏判斷｜MA20：依試單節奏判斷｜K棒：突破確認K｜K線：整理後轉強,K棒型態：突破確認K｜K線結構：整理後轉強,依原策略執行，技術欄位用於確認節奏與風險。,7.0,B,起漲結構中,MA5站上MA10｜接近20日高｜40D平台收斂｜短中均線糾結｜40D低點守住｜接近/站回MA60,平台壓縮後轉強，可優先觀察起漲/試單。,v266.57.9,6.7,B,續強品質中,回檔不破前低｜低點墊高確認｜收盤守MA5｜續強確認：收盤未跌破MA5｜MA5仍在MA10上,回檔承接尚可，若原策略入選，可優先觀察延續。,v266.57.9,3.8,C,突破觀察,收盤接近高點｜突破近5日高｜短均多頭,有轉強跡象，但突破品質尚未完全成立。,v266.57.9,GENERIC,0.55,0.5,0.5,9.1,336.0,最後後處理補寫：原分數+結構前置+續強品質+突破品質；不覆蓋原策略,一般,7.462,v266.58.1,2026-05-09 00:25:47,觀察,否,,觀察,0,0,持續觀察,前狀態:nan→今日:觀察,NO,v266.60.2,7.462,30.0,0.0,0.0,0.0,12.866,351.0,20/40/60結構佳｜續強品質佳｜主力佈局語意,主力佈局優先,v266.61,2026-05-09 00:25:50,8.0,洗盤不破承接,無事件,等待下一次確認。,7.623,329,v266.62,2026-05-09 00:25:51,0.0,,NONE,79,12,NONE,平台收斂,100
WATCH,2026-05-08,2026-05-11,8049,晶采,ENTRY,PRE,PRE,54.0,WAIT,BLOCK,False,25.25,0.0,0.0,8,波動壓縮 | 均線收斂 | 接近突破 | 結構尚可,BLOCK：超出本市場狀態可執行名額｜v266.57.9：結構：平台壓縮後轉強，可優先觀察起漲/試單。｜續強：回檔承接尚可，若原策略入選，可優先觀察延續。｜突破：有轉強跡象，但突破品質尚未完全成立。,84.31,,,HIGH,高流動性,32.83,190642.0,4813710500.0,0.0,🟡 普通,50（🟡 普通）,,籌碼普通或資料有限，需搭配技術面確認。,1,部分籌碼資料有限,📉 低信心,,,,0.0,0.0,0.0,0.0,0.0,1,0.0,0.0,0.0,0.0,0,TPEX,⚪ 盤整觀望（等待方向）,中低,先觀察，不急進場；等突破、量能或均線方向出現。,2026-05-09 00:25:55,behavior_interpretation,,,,,,,,,,,,,,,,,,,,,,,,,,,,,,,,,,,,,,,,,,,,,,,,,,,,,,,,,,,,,,,,,,,,MA5：依試單節奏判斷,MA20：依試單節奏判斷,,,,,MA10：依試單節奏判斷,MA5：依試單節奏判斷,MA10：依試單節奏判斷,MA20：依試單節奏判斷,突破確認K,整理後轉強,整理後轉強,MA5：依試單節奏判斷｜MA10：依試單節奏判斷｜MA20：依試單節奏判斷｜K棒：突破確認K｜K線：整理後轉強,K棒型態：突破確認K｜K線結構：整理後轉強,依原策略執行，技術欄位用於確認節奏與風險。,7.0,B,起漲結構中,MA5站上MA10｜接近20日高｜40D平台收斂｜短中均線糾結｜40D低點守住｜接近/站回MA60,平台壓縮後轉強，可優先觀察起漲/試單。,v266.57.9,6.7,B,續強品質中,回檔不破前低｜低點墊高確認｜收盤守MA5｜續強確認：收盤未跌破MA5｜MA5仍在MA10上,回檔承接尚可，若原策略入選，可優先觀察延續。,v266.57.9,3.8,C,突破觀察,收盤接近高點｜突破近5日高｜短均多頭,有轉強跡象，但突破品質尚未完全成立。,v266.57.9,GENERIC,0.55,0.5,0.5,9.1,336.0,最後後處理補寫：原分數+結構前置+續強品質+突破品質；不覆蓋原策略,一般,7.462,v266.58.1,2026-05-09 00:25:47,觀察,否,,觀察,0,0,持續觀察,前狀態:nan→今日:觀察,NO,v266.60.2,7.462,30.0,0.0,0.0,0.0,12.866,351.0,20/40/60結構佳｜續強品質佳｜主力佈局語意,主力佈局優先,v266.61,2026-05-09 00:25:50,8.0,洗盤不破承接,無事件,等待下一次確認。,7.623,330,v266.62,2026-05-09 00:25:51,0.0,,NONE,78,12,NONE,平台收斂,101
TEST,2026-05-08,2026-05-11,2937,集雅社,ENTRY,PRE,PRE,72.0,WAIT,BLOCK,False,43.5,0.0,0.0,3,波動壓縮 | 安靜吸籌 | 均線收斂 | 接近突破 | 結構尚可,BLOCK：超出本市場狀態可執行名額｜v266.57.9：結構：平台壓縮後轉強，可優先觀察起漲/試單。｜續強：回檔承接尚可，若原策略入選，可優先觀察延續。｜突破：有轉強跡象，但突破品質尚未完全成立。,79.22,,,HIGH,高流動性,5.77,11323.0,492550500.0,0.0,🟡 普通,50（🟡 普通）,,籌碼普通或資料有限，需搭配技術面確認。,0,法人/融資資料有限,📉 低信心,,,集雅社,0.0,0.0,0.0,0.0,0.0,0,0.0,0.0,0.0,0.0,0,,🟡 洗盤吸籌／整理換手（結構未壞）,中高,不急追；等放量突破或站穩 MA10 / MA20 再提高權重。,2026-05-09 00:25:55,behavior_interpretation,,,,,,,,,,,,,,,,,,,,,,,,,,,,,,,,,,,,,,,,,,,,,,,,,,,,,,,,,,,,,,,,,,,,MA5：依試單節奏判斷,MA20：依試單節奏判斷,,,,,MA10：依試單節奏判斷,MA5：依試單節奏判斷,MA10：依試單節奏判斷,MA20：依試單節奏判斷,突破確認K,整理後轉強,整理後轉強,MA5：依試單節奏判斷｜MA10：依試單節奏判斷｜MA20：依試單節奏判斷｜K棒：突破確認K｜K線：整理後轉強,K棒型態：突破確認K｜K線結構：整理後轉強,依原策略執行，技術欄位用於確認節奏與風險。,7.0,B,起漲結構中,MA5站上MA10｜40D平台收斂｜短中均線糾結｜40D低點守住｜接近/站回MA60｜MA60不再下彎,平台壓縮後轉強，可優先觀察起漲/試單。,v266.57.9,6.7,B,續強品質中,回檔不破前低｜低點墊高確認｜收盤守MA5｜續強確認：收盤未跌破MA5｜MA5仍在MA10上,回檔承接尚可，若原策略入選，可優先觀察延續。,v266.57.9,3.8,C,突破觀察,收盤接近高點｜突破近5日高｜短均多頭,有轉強跡象，但突破品質尚未完全成立。,v266.57.9,GENERIC,0.55,0.5,0.5,9.1,336.0,最後後處理補寫：原分數+結構前置+續強品質+突破品質；不覆蓋原策略,一般,7.462,v266.58.1,2026-05-09 00:25:47,觀察,否,,觀察,0,0,持續觀察,前狀態:nan→今日:觀察,NO,v266.60.2,7.462,30.0,0.0,0.0,0.0,13.406,176.0,20/40/60結構佳｜續強品質佳｜主力佈局語意,主力佈局優先,v266.61,2026-05-09 00:25:50,8.0,洗盤不破承接,無事件,等待下一次確認。,7.623,331,v266.62,2026-05-09 00:25:51,0.0,,NONE,77,12,NONE,平台收斂,102
WATCH,2026-05-08,2026-05-11,3646,艾恩特,ENTRY,PRE,PRE,54.0,WAIT,BLOCK,False,23.2,0.0,0.0,8,波動壓縮 | 均線收斂 | 接近突破 | 結構尚可,BLOCK：超出本市場狀態可執行名額｜v266.57.9：結構：平台壓縮後轉強，可優先觀察起漲/試單。｜續強：回檔承接尚可，若原策略入選，可優先觀察延續。｜突破：有轉強跡象，但突破品質尚未完全成立。,72.56,,,HIGH,高流動性,9.81,28101.0,651943200.0,0.0,🟡 普通,50（🟡 普通）,,籌碼普通或資料有限，需搭配技術面確認。,1,部分籌碼資料有限,📉 低信心,,,艾恩特,0.0,0.0,0.0,0.0,0.0,1,0.0,0.0,0.0,0.0,0,TPEX,⚪ 盤整觀望（等待方向）,中低,先觀察，不急進場；等突破、量能或均線方向出現。,2026-05-09 00:25:55,behavior_interpretation,,,,,,,,,,,,,,,,,,,,,,,,,,,,,,,,,,,,,,,,,,,,,,,,,,,,,,,,,,,,,,,,,,,,MA5：依試單節奏判斷,MA20：依試單節奏判斷,,,,,MA10：依試單節奏判斷,MA5：依試單節奏判斷,MA10：依試單節奏判斷,MA20：依試單節奏判斷,突破確認K,整理後轉強,整理後轉強,MA5：依試單節奏判斷｜MA10：依試單節奏判斷｜MA20：依試單節奏判斷｜K棒：突破確認K｜K線：整理後轉強,K棒型態：突破確認K｜K線結構：整理後轉強,依原策略執行，技術欄位用於確認節奏與風險。,7.0,B,起漲結構中,MA5站上MA10｜接近20日高｜40D平台收斂｜短中均線糾結｜40D低點守住｜接近/站回MA60,平台壓縮後轉強，可優先觀察起漲/試單。,v266.57.9,6.7,B,續強品質中,回檔不破前低｜低點墊高確認｜收盤守MA5｜續強確認：收盤未跌破MA5｜MA5仍在MA10上,回檔承接尚可，若原策略入選，可優先觀察延續。,v266.57.9,3.8,C,突破觀察,收盤接近高點｜突破近5日高｜短均多頭,有轉強跡象，但突破品質尚未完全成立。,v266.57.9,GENERIC,0.55,0.5,0.5,9.1,336.0,最後後處理補寫：原分數+結構前置+續強品質+突破品質；不覆蓋原策略,一般,7.462,v266.58.1,2026-05-09 00:25:47,觀察,否,,觀察,0,0,持續觀察,前狀態:nan→今日:觀察,NO,v266.60.2,7.462,30.0,0.0,0.0,0.0,12.866,351.0,20/40/60結構佳｜續強品質佳｜主力佈局語意,主力佈局優先,v266.61,2026-05-09 00:25:50,8.0,洗盤不破承接,無事件,等待下一次確認。,7.623,332,v266.62,2026-05-09 00:25:51,0.0,,NONE,76,12,NONE,平台收斂,103
TEST,2026-05-08,2026-05-11,5287,數字,ENTRY,PRE,PRE,72.0,WAIT,BLOCK,False,152.5,0.0,0.0,3,波動壓縮 | 安靜吸籌 | 均線收斂 | 放量吸收 | 結構尚可,BLOCK：超出本市場狀態可執行名額｜v266.57.9：結構：平台壓縮後轉強，可優先觀察起漲/試單。｜續強：回檔承接尚可，若原策略入選，可優先觀察延續。｜突破：有轉強跡象，但突破品質尚未完全成立。,99.68,,,HIGH,高流動性,47.66,224152.0,34183180000.0,0.0,🟡 普通,50（🟡 普通）,,籌碼普通或資料有限，需搭配技術面確認。,1,部分籌碼資料有限,📉 低信心,,,數字,0.0,0.0,0.0,0.0,0.0,1,0.0,0.0,0.0,0.0,0,TPEX,🟡 洗盤吸籌／整理換手（結構未壞）,中高,不急追；等放量突破或站穩 MA10 / MA20 再提高權重。,2026-05-09 00:25:55,behavior_interpretation,,,,,,,,,,,,,,,,,,,,,,,,,,,,,,,,,,,,,,,,,,,,,,,,,,,,,,,,,,,,,,,,,,,,MA5：依試單節奏判斷,MA20：依試單節奏判斷,,,,,MA10：依試單節奏判斷,MA5：依試單節奏判斷,MA10：依試單節奏判斷,MA20：依試單節奏判斷,突破確認K,整理後轉強,整理後轉強,MA5：依試單節奏判斷｜MA10：依試單節奏判斷｜MA20：依試單節奏判斷｜K棒：突破確認K｜K線：整理後轉強,K棒型態：突破確認K｜K線結構：整理後轉強,依原策略執行，技術欄位用於確認節奏與風險。,6.0,B,起漲結構中,MA5站上MA10｜40D平台收斂｜短中均線糾結｜量縮後溫和放量,平台壓縮後轉強，可優先觀察起漲/試單。,v266.57.9,6.7,B,續強品質中,回檔不破前低｜低點墊高確認｜收盤守MA5｜續強確認：收盤未跌破MA5｜MA5仍在MA10上,回檔承接尚可，若原策略入選，可優先觀察延續。,v266.57.9,3.8,C,突破觀察,收盤接近高點｜突破近5日高｜短均多頭,有轉強跡象，但突破品質尚未完全成立。,v266.57.9,GENERIC,0.55,0.5,0.5,8.55,367.0,最後後處理補寫：原分數+結構前置+續強品質+突破品質；不覆蓋原策略,一般,7.011,v266.58.1,2026-05-09 00:25:47,觀察,否,,觀察,0,0,持續觀察,前狀態:nan→今日:觀察,NO,v266.60.2,7.011,30.0,0.0,0.0,0.0,13.361,179.0,20/40/60結構佳｜續強品質佳｜主力佈局語意,主力佈局優先,v266.61,2026-05-09 00:25:50,8.0,洗盤不破承接,無事件,等待下一次確認。,7.308,347,v266.62,2026-05-09 00:25:51,0.0,,NONE,75,12,NONE,平台收斂,104
TEST,2026-05-08,2026-05-11,7708,全家餐飲,ENTRY,PRE,PRE,72.0,WAIT,BLOCK,False,92.0,0.0,0.0,3,波動壓縮 | 安靜吸籌 | 均線收斂 | 接近突破 | 結構尚可,BLOCK：超出本市場狀態可執行名額｜v266.57.9：結構：平台壓縮後轉強，可優先觀察起漲/試單。｜續強：回檔承接尚可，若原策略入選，可優先觀察延續。｜突破：有轉強跡象，但突破品質尚未完全成立。,84.5,,,HIGH,高流動性,15.32,24287.0,2234404000.0,0.0,🟡 普通,50（🟡 普通）,,籌碼普通或資料有限，需搭配技術面確認。,0,法人/融資資料有限,📉 低信心,,,全家餐飲,0.0,0.0,0.0,0.0,0.0,0,0.0,0.0,0.0,0.0,0,,🟡 洗盤吸籌／整理換手（結構未壞）,中高,不急追；等放量突破或站穩 MA10 / MA20 再提高權重。,2026-05-09 00:25:55,behavior_interpretation,,,,,,,,,,,,,,,,,,,,,,,,,,,,,,,,,,,,,,,,,,,,,,,,,,,,,,,,,,,,,,,,,,,,MA5：依試單節奏判斷,MA20：依試單節奏判斷,,,,,MA10：依試單節奏判斷,MA5：依試單節奏判斷,MA10：依試單節奏判斷,MA20：依試單節奏判斷,突破確認K,整理後轉強,整理後轉強,MA5：依試單節奏判斷｜MA10：依試單節奏判斷｜MA20：依試單節奏判斷｜K棒：突破確認K｜K線：整理後轉強,K棒型態：突破確認K｜K線結構：整理後轉強,依原策略執行，技術欄位用於確認節奏與風險。,8.8,A,起漲結構強,MA5站上MA10｜接近20日高｜40D平台收斂｜短中均線糾結｜40D低點守住｜接近/站回MA60｜MA60不再下彎｜10D動能轉正,平台壓縮後轉強，可優先觀察起漲/試單。,v266.57.9,7.7,A,續強品質強,回檔不破前低｜低點墊高確認｜收盤守MA5｜續強確認：收盤未跌破MA5｜MA5仍在MA10上｜10D動能維持,回檔承接尚可，若原策略入選，可優先觀察延續。,v266.57.9,3.8,C,突破觀察,收盤接近高點｜突破近5日高｜短均多頭,有轉強跡象，但突破品質尚未完全成立。,v266.57.9,GENERIC,0.55,0.5,0.5,10.59,235.0,最後後處理補寫：原分數+結構前置+續強品質+突破品質；不覆蓋原策略,一般,8.684,v266.58.1,2026-05-09 00:25:47,觀察,否,,觀察,0,0,持續觀察,前狀態:nan→今日:觀察,NO,v266.60.2,8.684,30.0,0.0,0.0,0.0,13.528,158.0,20/40/60結構佳｜續強品質佳｜主力佈局語意,主力佈局優先,v266.61,2026-05-09 00:25:50,8.0,洗盤不破承接,無事件,等待下一次確認。,8.479,249,v266.62,2026-05-09 00:25:51,0.0,,NONE,442,12,NONE,平台收斂,105
WATCH,2026-05-08,2026-05-11,4139,馬光-KY,ENTRY,PRE,PRE,54.0,WAIT,BLOCK,False,23.9,0.0,0.0,8,波動壓縮 | 均線收斂 | 接近突破 | 結構尚可,BLOCK：超出本市場狀態可執行名額｜v266.57.9：結構：平台壓縮後轉強，可優先觀察起漲/試單。｜續強：回檔承接尚可，若原策略入選，可優先觀察延續。｜突破：有轉強跡象，但突破品質尚未完全成立。,62.57,,,MEDIUM,中流動性,0.86,2006.0,47943399.99999999,0.0,🟡 普通,50（🟡 普通）,,籌碼普通或資料有限，需搭配技術面確認。,0,法人/融資資料有限,📉 低信心,,,,0.0,0.0,0.0,0.0,0.0,0,0.0,0.0,0.0,0.0,0,,⚪ 盤整觀望（等待方向）,中低,先觀察，不急進場；等突破、量能或均線方向出現。,2026-05-09 00:25:55,behavior_interpretation,,,,,,,,,,,,,,,,,,,,,,,,,,,,,,,,,,,,,,,,,,,,,,,,,,,,,,,,,,,,,,,,,,,,MA5：依試單節奏判斷,MA20：依試單節奏判斷,,,,,MA10：依試單節奏判斷,MA5：依試單節奏判斷,MA10：依試單節奏判斷,MA20：依試單節奏判斷,突破確認K,整理後轉強,整理後轉強,MA5：依試單節奏判斷｜MA10：依試單節奏判斷｜MA20：依試單節奏判斷｜K棒：突破確認K｜K線：整理後轉強,K棒型態：突破確認K｜K線結構：整理後轉強,依原策略執行，技術欄位用於確認節奏與風險。,8.8,A,起漲結構強,MA5站上MA10｜40D平台收斂｜短中均線糾結｜40D低點守住｜接近/站回MA60｜MA60不再下彎｜近5日量縮｜10D動能轉正,平台壓縮後轉強，可優先觀察起漲/試單。,v266.57.9,7.7,A,續強品質強,回檔不破前低｜低點墊高確認｜收盤守MA5｜續強確認：收盤未跌破MA5｜MA5仍在MA10上｜10D動能維持,回檔承接尚可，若原策略入選，可優先觀察延續。,v266.57.9,3.8,C,突破觀察,收盤接近高點｜突破近5日高｜短均多頭,有轉強跡象，但突破品質尚未完全成立。,v266.57.9,GENERIC,0.55,0.5,0.5,10.59,235.0,最後後處理補寫：原分數+結構前置+續強品質+突破品質；不覆蓋原策略,一般,8.684,v266.58.1,2026-05-09 00:25:47,觀察,否,,觀察,0,0,持續觀察,前狀態:nan→今日:觀察,NO,v266.60.2,8.684,30.0,0.0,0.0,0.0,12.988,297.0,20/40/60結構佳｜續強品質佳｜主力佈局語意,主力佈局優先,v266.61,2026-05-09 00:25:50,8.0,洗盤不破承接,無事件,等待下一次確認。,8.479,251,v266.62,2026-05-09 00:25:51,0.0,,NONE,440,12,NONE,平台收斂,106
WATCH,2026-05-08,2026-05-11,6767,台微醫,ENTRY,PRE,PRE,54.0,WAIT,BLOCK,False,27.6,0.0,0.0,8,波動壓縮 | 均線收斂 | 接近突破 | 結構尚可,BLOCK：超出本市場狀態可執行名額｜v266.57.9：結構：平台壓縮後轉強，可優先觀察起漲/試單。｜續強：回檔承接尚可，若原策略入選，可優先觀察延續。｜突破：有轉強跡象，但突破品質尚未完全成立。,69.52,,,HIGH,高流動性,5.82,14108.0,389380800.00000006,0.0,🟡 普通,50（🟡 普通）,,籌碼普通或資料有限，需搭配技術面確認。,1,部分籌碼資料有限,📉 低信心,,,,0.0,0.0,0.0,0.0,0.0,1,0.0,0.0,0.0,0.0,0,TPEX,⚪ 盤整觀望（等待方向）,中低,先觀察，不急進場；等突破、量能或均線方向出現。,2026-05-09 00:25:55,behavior_interpretation,,,,,,,,,,,,,,,,,,,,,,,,,,,,,,,,,,,,,,,,,,,,,,,,,,,,,,,,,,,,,,,,,,,,MA5：依試單節奏判斷,MA20：依試單節奏判斷,,,,,MA10：依試單節奏判斷,MA5：依試單節奏判斷,MA10：依試單節奏判斷,MA20：依試單節奏判斷,突破確認K,整理後轉強,整理後轉強,MA5：依試單節奏判斷｜MA10：依試單節奏判斷｜MA20：依試單節奏判斷｜K棒：突破確認K｜K線：整理後轉強,K棒型態：突破確認K｜K線結構：整理後轉強,依原策略執行，技術欄位用於確認節奏與風險。,8.8,A,起漲結構強,MA5站上MA10｜接近20日高｜40D平台收斂｜短中均線糾結｜40D低點守住｜接近/站回MA60｜MA60不再下彎｜10D動能轉正,平台壓縮後轉強，可優先觀察起漲/試單。,v266.57.9,7.7,A,續強品質強,回檔不破前低｜低點墊高確認｜收盤守MA5｜續強確認：收盤未跌破MA5｜MA5仍在MA10上｜10D動能維持,回檔承接尚可，若原策略入選，可優先觀察延續。,v266.57.9,3.8,C,突破觀察,收盤接近高點｜突破近5日高｜短均多頭,有轉強跡象，但突破品質尚未完全成立。,v266.57.9,GENERIC,0.55,0.5,0.5,10.59,235.0,最後後處理補寫：原分數+結構前置+續強品質+突破品質；不覆蓋原策略,一般,8.684,v266.58.1,2026-05-09 00:25:47,觀察,否,,觀察,0,0,持續觀察,前狀態:nan→今日:觀察,NO,v266.60.2,8.684,30.0,0.0,0.0,0.0,12.988,297.0,20/40/60結構佳｜續強品質佳｜主力佈局語意,主力佈局優先,v266.61,2026-05-09 00:25:50,8.0,洗盤不破承接,無事件,等待下一次確認。,8.479,252,v266.62,2026-05-09 00:25:51,0.0,,NONE,439,12,NONE,平台收斂,107
TEST,2026-05-08,2026-05-11,1608,華榮,ENTRY,PRE,PRE,66.0,WAIT,BLOCK,False,34.0,0.0,0.0,3,波動壓縮 | 安靜吸籌 | 均線收斂 | 接近突破,BLOCK：超出本市場狀態可執行名額｜v266.57.9：結構：平台壓縮後轉強，可優先觀察起漲/試單。｜續強：回檔承接尚可，若原策略入選，可優先觀察延續。｜突破：尚未形成乾淨突破，不急著升級。,110.88,,,HIGH,高流動性,78.81,5032660.0,171110440000.0,4.0,🔥 高度集中,85（🔥 高度集中）,法人偏多,籌碼偏集中但資料有限，可搭配技術面確認，不宜單獨重倉。,1,部分籌碼資料有限,📉 低信心,,,,-250000.0,554970.0,3572.0,308542.0,1.0,1,0.0,0.0,0.0,0.0,0,TWSE,🟡 洗盤吸籌／整理換手（結構未壞）,中高,不急追；等放量突破或站穩 MA10 / MA20 再提高權重。,2026-05-09 00:25:55,behavior_interpretation,,,,,,,,,,,,,,,,,,,,,,,,,,,,,,,,,,,,,,,,,,,,,,,,,,,,,,,,,,,,,,,,,,,,MA5：依試單節奏判斷,MA20：依試單節奏判斷,,,,,MA10：依試單節奏判斷,MA5：依試單節奏判斷,MA10：依試單節奏判斷,MA20：依試單節奏判斷,突破確認K,整理後轉強,整理後轉強,MA5：依試單節奏判斷｜MA10：依試單節奏判斷｜MA20：依試單節奏判斷｜K棒：突破確認K｜K線：整理後轉強,K棒型態：突破確認K｜K線結構：整理後轉強,依原策略執行，技術欄位用於確認節奏與風險。,10.8,A,起漲結構強,20D站上MA20｜MA20走平翻揚｜MA5站上MA10｜40D平台收斂｜短中均線糾結｜40D低點守住｜接近/站回MA60｜量縮後溫和放量｜5D動能轉正,平台壓縮後轉強，可優先觀察起漲/試單。,v266.57.9,7.7,A,續強品質強,回檔不破前低｜低點墊高確認｜收盤守MA5｜續強確認：收盤未跌破MA5｜MA5仍在MA10上｜仍站MA20,回檔承接尚可，若原策略入選，可優先觀察延續。,v266.57.9,-0.2,D,突破不足,短均多頭｜扣分:收盤位置偏弱,尚未形成乾淨突破，不急著升級。,v266.57.9,GENERIC,0.55,0.5,0.5,9.69,299.0,最後後處理補寫：原分數+結構前置+續強品質+突破品質；不覆蓋原策略,一般,8.666,v266.58.1,2026-05-09 00:25:47,觀察,否,,觀察,0,0,持續觀察,首次追蹤:觀察,NO,v266.60.2,8.666,30.0,0.0,0.0,0.0,13.347,183.0,20/40/60結構佳｜續強品質佳｜主力佈局語意,主力佈局優先,v266.61,2026-05-09 00:25:50,8.0,洗盤不破承接,無事件,等待下一次確認。,8.466,253,v266.62,2026-05-09 00:25:51,0.0,,NONE,438,12,NONE,平台收斂,108
TEST,2026-05-08,2026-05-11,8923,,ENTRY,PRE,PRE,72.0,WAIT,BLOCK,False,19.1,0.0,0.0,3,波動壓縮 | 安靜吸籌 | 均線收斂 | 接近突破 | 結構尚可,BLOCK：超出本市場狀態可執行名額｜v266.57.9：結構：平台壓縮後轉強，可優先觀察起漲/試單。｜續強：回檔承接尚可，若原策略入選，可優先觀察延續。,74.44,,,HIGH,高流動性,1.5,4223.0,80659300.0,0.0,🟡 普通,50（🟡 普通）,,籌碼普通或資料有限，需搭配技術面確認。,0,法人/融資資料有限,📉 低信心,,,,0.0,0.0,0.0,0.0,0.0,0,0.0,0.0,0.0,0.0,0,,🟡 洗盤吸籌／整理換手（結構未壞）,中高,不急追；等放量突破或站穩 MA10 / MA20 再提高權重。,2026-05-09 00:25:55,behavior_interpretation,,,,,,,,,,,,,,,,,,,,,,,,,,,,,,,,,,,,,,,,,,,,,,,,,,,,,,,,,,,,,,,,,,,,MA5：依試單節奏判斷,MA20：依試單節奏判斷,,,,,MA10：依試單節奏判斷,MA5：依試單節奏判斷,MA10：依試單節奏判斷,MA20：依試單節奏判斷,突破確認K,整理後轉強,整理後轉強,MA5：依試單節奏判斷｜MA10：依試單節奏判斷｜MA20：依試單節奏判斷｜K棒：突破確認K｜K線：整理後轉強,K棒型態：突破確認K｜K線結構：整理後轉強,依原策略執行，技術欄位用於確認節奏與風險。,6.0,B,起漲結構中,MA5站上MA10｜40D平台收斂｜短中均線糾結｜40D低點守住｜接近/站回MA60,平台壓縮後轉強，可優先觀察起漲/試單。,v266.57.9,6.7,B,續強品質中,回檔不破前低｜低點墊高確認｜收盤守MA5｜續強確認：收盤未跌破MA5｜MA5仍在MA10上,回檔承接尚可，若原策略入選，可優先觀察延續。,v266.57.9,,,,,,,GENERIC,0.55,0.5,0.5,6.65,467.0,最後後處理補寫：原分數+結構前置+續強品質+突破品質；不覆蓋原策略,一般,5.453,v266.58.1,2026-05-09 00:25:47,觀察,否,,觀察,0,0,持續觀察,前狀態:nan→今日:觀察,NO,v266.60.2,5.453,30.0,0.0,0.0,0.0,13.205,205.0,20/40/60結構佳｜續強品質佳｜主力佈局語意,主力佈局優先,v266.61,2026-05-09 00:25:50,8.0,洗盤不破承接,無事件,等待下一次確認。,6.217,406,v266.62,2026-05-09 00:25:51,0.0,,NONE,89,12,NONE,平台收斂,109
WATCH,2026-05-08,2026-05-11,2387,精元,ENTRY,PRE,PRE,54.0,WAIT,BLOCK,False,40.75,0.0,0.0,8,波動壓縮 | 均線收斂 | 接近突破 | 結構尚可,BLOCK：超出本市場狀態可執行名額｜v266.57.9：結構：平台壓縮後轉強，可優先觀察起漲/試單。｜續強：回檔承接尚可，若原策略入選，可優先觀察延續。｜突破：尚未形成乾淨突破，不急著升級。,95.59,,,HIGH,高流動性,57.85,815719.0,33240549250.0,0.0,⚠️ 分散,25（⚠️ 分散）,,籌碼偏弱且資料有限，避免重倉追高。,1,部分籌碼資料有限,📉 低信心,,,精元,-58000.0,0.0,0.0,-58000.0,0.0,1,0.0,0.0,0.0,0.0,0,TWSE,⚪ 盤整觀望（等待方向）,中低,先觀察，不急進場；等突破、量能或均線方向出現。,2026-05-09 00:25:55,behavior_interpretation,,,,,,,,,,,,,,,,,,,,,,,,,,,,,,,,,,,,,,,,,,,,,,,,,,,,,,,,,,,,,,,,,,,,MA5：依試單節奏判斷,MA20：依試單節奏判斷,,,,,MA10：依試單節奏判斷,MA5：依試單節奏判斷,MA10：依試單節奏判斷,MA20：依試單節奏判斷,突破確認K,整理後轉強,整理後轉強,MA5：依試單節奏判斷｜MA10：依試單節奏判斷｜MA20：依試單節奏判斷｜K棒：突破確認K｜K線：整理後轉強,K棒型態：突破確認K｜K線結構：整理後轉強,依原策略執行，技術欄位用於確認節奏與風險。,11.8,A,起漲結構強,20D站上MA20｜MA20走平翻揚｜40D平台收斂｜短中均線糾結｜40D低點守住｜接近/站回MA60｜MA60不再下彎｜近5日量縮｜量縮後溫和放量｜5D動能轉正,平台壓縮後轉強，可優先觀察起漲/試單。,v266.57.9,6.0,B,續強品質中,回檔不破前低｜低點墊高確認｜收盤守MA5｜回檔量縮｜仍站MA20｜扣分:跌破短均,回檔承接尚可，若原策略入選，可優先觀察延續。,v266.57.9,-1.0,D,突破不足,扣分:收盤位置偏弱,尚未形成乾淨突破，不急著升級。,v266.57.9,GENERIC,0.55,0.5,0.5,8.99,346.0,最後後處理補寫：原分數+結構前置+續強品質+突破品質；不覆蓋原策略,一般,7.372,v266.58.1,2026-05-09 00:25:47,觀察,否,,觀察,0,0,持續觀察,前狀態:nan→今日:觀察,NO,v266.60.2,7.372,30.0,0.0,0.0,0.0,12.857,355.0,20/40/60結構佳｜續強品質佳｜主力佈局語意,主力佈局優先,v266.61,2026-05-09 00:25:50,8.0,洗盤不破承接,無事件,等待下一次確認。,7.56,333,v266.62,2026-05-09 00:25:51,0.0,,NONE,88,12,NONE,平台收斂,110
TEST,2026-05-08,2026-05-11,3622,洋華,ENTRY,PRE,PRE,66.0,WAIT,BLOCK,False,56.4,0.0,0.0,3,波動壓縮 | 安靜吸籌 | 均線收斂 | 接近突破,BLOCK：超出本市場狀態可執行名額｜v266.57.9：結構：平台壓縮後轉強，可優先觀察起漲/試單。｜續強：回檔承接尚可，若原策略入選，可優先觀察延續。｜突破：尚未形成乾淨突破，不急著升級。,100.39,,,HIGH,高流動性,54.65,550310.0,31037484000.0,0.0,🟡 普通,41（🟡 普通）,,籌碼普通或資料有限，需搭配技術面確認。,1,部分籌碼資料有限,📉 低信心,,,洋華,-2000.0,0.0,515.0,-1485.0,0.0,1,0.0,0.0,0.0,0.0,0,TWSE,🟡 洗盤吸籌／整理換手（結構未壞）,中高,不急追；等放量突破或站穩 MA10 / MA20 再提高權重。,2026-05-09 00:25:55,behavior_interpretation,,,,,,,,,,,,,,,,,,,,,,,,,,,,,,,,,,,,,,,,,,,,,,,,,,,,,,,,,,,,,,,,,,,,MA5：依試單節奏判斷,MA20：依試單節奏判斷,,,,,MA10：依試單節奏判斷,MA5：依試單節奏判斷,MA10：依試單節奏判斷,MA20：依試單節奏判斷,突破確認K,整理後轉強,整理後轉強,MA5：依試單節奏判斷｜MA10：依試單節奏判斷｜MA20：依試單節奏判斷｜K棒：突破確認K｜K線：整理後轉強,K棒型態：突破確認K｜K線結構：整理後轉強,依原策略執行，技術欄位用於確認節奏與風險。,10.8,A,起漲結構強,20D站上MA20｜MA5站上MA10｜接近20日高｜40D平台收斂｜短中均線糾結｜40D低點守住｜接近/站回MA60｜量縮後溫和放量｜5D動能轉正,平台壓縮後轉強，可優先觀察起漲/試單。,v266.57.9,7.7,A,續強品質強,回檔不破前低｜低點墊高確認｜收盤守MA5｜續強確認：收盤未跌破MA5｜MA5仍在MA10上｜仍站MA20,回檔承接尚可，若原策略入選，可優先觀察延續。,v266.57.9,-0.2,D,突破不足,短均多頭｜扣分:收盤位置偏弱,尚未形成乾淨突破，不急著升級。,v266.57.9,GENERIC,0.55,0.5,0.5,9.69,299.0,最後後處理補寫：原分數+結構前置+續強品質+突破品質；不覆蓋原策略,一般,7.946,v266.58.1,2026-05-09 00:25:47,觀察,否,,觀察,0,0,持續觀察,前狀態:nan→今日:觀察,NO,v266.60.2,7.946,30.0,0.0,0.0,0.0,13.275,195.0,20/40/60結構佳｜續強品質佳｜主力佈局語意,主力佈局優先,v266.61,2026-05-09 00:25:50,8.0,洗盤不破承接,無事件,等待下一次確認。,7.962,304,v266.62,2026-05-09 00:25:51,0.0,,NONE,136,12,NONE,平台收斂,111
WATCH,2026-05-08,2026-05-11,5312,寶島科,ENTRY,PRE,PRE,54.0,WAIT,BLOCK,False,97.2,0.0,0.0,8,波動壓縮 | 均線收斂 | 接近突破 | 結構尚可,BLOCK：超出本市場狀態可執行名額｜v266.57.9：結構：平台壓縮後轉強，可優先觀察起漲/試單。｜續強：回檔承接尚可，若原策略入選，可優先觀察延續。｜突破：有轉強跡象，但突破品質尚未完全成立。,77.28,,,HIGH,高流動性,20.5,40036.0,3891499200.0,0.0,🟡 普通,50（🟡 普通）,,籌碼普通或資料有限，需搭配技術面確認。,1,部分籌碼資料有限,📉 低信心,,,寶島科,0.0,0.0,0.0,0.0,0.0,1,0.0,0.0,0.0,0.0,0,TPEX,⚪ 盤整觀望（等待方向）,中低,先觀察，不急進場；等突破、量能或均線方向出現。,2026-05-09 00:25:55,behavior_interpretation,,,,,,,,,,,,,,,,,,,,,,,,,,,,,,,,,,,,,,,,,,,,,,,,,,,,,,,,,,,,,,,,,,,,MA5：依試單節奏判斷,MA20：依試單節奏判斷,,,,,MA10：依試單節奏判斷,MA5：依試單節奏判斷,MA10：依試單節奏判斷,MA20：依試單節奏判斷,突破確認K,整理後轉強,整理後轉強,MA5：依試單節奏判斷｜MA10：依試單節奏判斷｜MA20：依試單節奏判斷｜K棒：突破確認K｜K線：整理後轉強,K棒型態：突破確認K｜K線結構：整理後轉強,依原策略執行，技術欄位用於確認節奏與風險。,8.0,A,起漲結構強,MA5站上MA10｜接近20日高｜40D平台收斂｜短中均線糾結｜40D低點守住｜接近/站回MA60｜MA60不再下彎,平台壓縮後轉強，可優先觀察起漲/試單。,v266.57.9,6.7,B,續強品質中,回檔不破前低｜低點墊高確認｜收盤守MA5｜續強確認：收盤未跌破MA5｜MA5仍在MA10上,回檔承接尚可，若原策略入選，可優先觀察延續。,v266.57.9,3.8,C,突破觀察,收盤接近高點｜突破近5日高｜短均多頭,有轉強跡象，但突破品質尚未完全成立。,v266.57.9,GENERIC,0.55,0.5,0.5,9.65,301.0,最後後處理補寫：原分數+結構前置+續強品質+突破品質；不覆蓋原策略,一般,7.913,v266.58.1,2026-05-09 00:25:47,觀察,否,,觀察,0,0,持續觀察,前狀態:nan→今日:觀察,NO,v266.60.2,7.913,30.0,0.0,0.0,0.0,12.911,332.0,20/40/60結構佳｜續強品質佳｜主力佈局語意,主力佈局優先,v266.61,2026-05-09 00:25:50,8.0,洗盤不破承接,無事件,等待下一次確認。,7.939,306,v266.62,2026-05-09 00:25:51,0.0,,NONE,138,12,NONE,平台收斂,112
WATCH,2026-05-08,2026-05-11,4536,拓凱,ENTRY,PRE,PRE,54.0,WAIT,BLOCK,False,151.0,0.0,0.0,8,波動壓縮 | 均線收斂 | 接近突破 | 結構尚可,BLOCK：超出本市場狀態可執行名額｜v266.57.9：結構：平台壓縮後轉強，可優先觀察起漲/試單。｜續強：回檔承接尚可，若原策略入選，可優先觀察延續。｜突破：尚未形成乾淨突破，不急著升級。,86.44,,,HIGH,高流動性,40.45,139880.0,21121880000.0,0.0,❌ 極度分散,15（❌ 極度分散）,,籌碼偏弱且資料有限，避免重倉追高。,1,部分籌碼資料有限,📉 低信心,,,拓凱,-57000.0,-59000.0,0.0,-116000.0,0.0,1,0.0,0.0,0.0,0.0,0,TWSE,⚪ 盤整觀望（等待方向）,中低,先觀察，不急進場；等突破、量能或均線方向出現。,2026-05-09 00:25:55,behavior_interpretation,,,,,,,,,,,,,,,,,,,,,,,,,,,,,,,,,,,,,,,,,,,,,,,,,,,,,,,,,,,,,,,,,,,,MA5：依試單節奏判斷,MA20：依試單節奏判斷,,,,,MA10：依試單節奏判斷,MA5：依試單節奏判斷,MA10：依試單節奏判斷,MA20：依試單節奏判斷,突破確認K,整理後轉強,整理後轉強,MA5：依試單節奏判斷｜MA10：依試單節奏判斷｜MA20：依試單節奏判斷｜K棒：突破確認K｜K線：整理後轉強,K棒型態：突破確認K｜K線結構：整理後轉強,依原策略執行，技術欄位用於確認節奏與風險。,6.0,B,起漲結構中,MA20走平翻揚｜40D平台收斂｜短中均線糾結｜40D低點守住｜接近/站回MA60,平台壓縮後轉強，可優先觀察起漲/試單。,v266.57.9,5.5,B,續強品質中,回檔不破前低｜低點墊高確認｜收盤守MA5｜續強確認：收盤未跌破MA5,回檔承接尚可，若原策略入選，可優先觀察延續。,v266.57.9,0.0,D,突破不足,,尚未形成乾淨突破，不急著升級。,v266.57.9,GENERIC,0.55,0.5,0.5,6.05,483.0,最後後處理補寫：原分數+結構前置+續強品質+突破品質；不覆蓋原策略,一般,4.961,v266.58.1,2026-05-09 00:25:47,觀察,否,,觀察,0,0,持續觀察,前狀態:nan→今日:觀察,NO,v266.60.2,4.961,30.0,0.0,0.0,0.0,12.616,406.0,20/40/60結構佳｜續強品質佳｜主力佈局語意,主力佈局優先,v266.61,2026-05-09 00:25:50,8.0,洗盤不破承接,無事件,等待下一次確認。,5.873,413,v266.62,2026-05-09 00:25:51,0.0,,NONE,274,12,NONE,平台收斂,113
WATCH,2026-05-08,2026-05-11,1234,黑松,ENTRY,PRE,PRE,54.0,WAIT,BLOCK,False,35.2,0.0,0.0,8,波動壓縮 | 均線收斂 | 接近突破 | 結構尚可,BLOCK：超出本市場狀態可執行名額｜v266.57.9：結構：平台壓縮後轉強，可優先觀察起漲/試單。｜續強：回檔承接尚可，若原策略入選，可優先觀察延續。｜突破：尚未形成乾淨突破，不急著升級。,82.67,,,HIGH,高流動性,29.88,134010.0,4717152000.0,0.0,⚠️ 分散,36（⚠️ 分散）,,籌碼普通或資料有限，需搭配技術面確認。,1,部分籌碼資料有限,📉 低信心,,,黑松,-13000.0,0.0,79.0,-12921.0,0.0,1,0.0,0.0,0.0,0.0,0,TWSE,⚪ 盤整觀望（等待方向）,中低,先觀察，不急進場；等突破、量能或均線方向出現。,2026-05-09 00:25:55,behavior_interpretation,,,,,,,,,,,,,,,,,,,,,,,,,,,,,,,,,,,,,,,,,,,,,,,,,,,,,,,,,,,,,,,,,,,,MA5：依試單節奏判斷,MA20：依試單節奏判斷,,,,,MA10：依試單節奏判斷,MA5：依試單節奏判斷,MA10：依試單節奏判斷,MA20：依試單節奏判斷,突破確認K,整理後轉強,整理後轉強,MA5：依試單節奏判斷｜MA10：依試單節奏判斷｜MA20：依試單節奏判斷｜K棒：突破確認K｜K線：整理後轉強,K棒型態：突破確認K｜K線結構：整理後轉強,依原策略執行，技術欄位用於確認節奏與風險。,6.0,B,起漲結構中,接近20日高｜40D平台收斂｜短中均線糾結｜40D低點守住｜接近/站回MA60,平台壓縮後轉強，可優先觀察起漲/試單。,v266.57.9,5.5,B,續強品質中,回檔不破前低｜低點墊高確認｜收盤守MA5｜續強確認：收盤未跌破MA5,回檔承接尚可，若原策略入選，可優先觀察延續。,v266.57.9,0.5,D,突破不足,突破近5日高｜扣分:收盤位置偏弱,尚未形成乾淨突破，不急著升級。,v266.57.9,GENERIC,0.55,0.5,0.5,6.3,476.0,最後後處理補寫：原分數+結構前置+續強品質+突破品質；不覆蓋原策略,一般,5.166,v266.58.1,2026-05-09 00:25:47,觀察,否,,觀察,0,0,持續觀察,前狀態:nan→今日:觀察,NO,v266.60.2,5.166,30.0,0.0,0.0,0.0,12.637,405.0,20/40/60結構佳｜續強品質佳｜主力佈局語意,主力佈局優先,v266.61,2026-05-09 00:25:50,8.0,洗盤不破承接,無事件,等待下一次確認。,6.016,411,v266.62,2026-05-09 00:25:51,0.0,,NONE,276,12,NONE,平台收斂,114
WATCH,2026-05-08,2026-05-11,3373,熱映,ENTRY,PRE,PRE,54.0,WAIT,BLOCK,False,16.85,0.0,0.0,8,波動壓縮 | 均線收斂 | 接近突破 | 結構尚可,BLOCK：超出本市場狀態可執行名額｜v266.57.9：結構：平台壓縮後轉強，可優先觀察起漲/試單。｜續強：回檔承接尚可，若原策略入選，可優先觀察延續。｜突破：尚未形成乾淨突破，不急著升級。,79.96,,,HIGH,高流動性,23.02,112206.0,1890671100.0,0.0,🟡 普通,50（🟡 普通）,,籌碼普通或資料有限，需搭配技術面確認。,1,部分籌碼資料有限,📉 低信心,,,熱映,0.0,0.0,0.0,0.0,0.0,1,0.0,0.0,0.0,0.0,0,TPEX,⚪ 盤整觀望（等待方向）,中低,先觀察，不急進場；等突破、量能或均線方向出現。,2026-05-09 00:25:55,behavior_interpretation,,,,,,,,,,,,,,,,,,,,,,,,,,,,,,,,,,,,,,,,,,,,,,,,,,,,,,,,,,,,,,,,,,,,MA5：依試單節奏判斷,MA20：依試單節奏判斷,,,,,MA10：依試單節奏判斷,MA5：依試單節奏判斷,MA10：依試單節奏判斷,MA20：依試單節奏判斷,突破確認K,整理後轉強,整理後轉強,MA5：依試單節奏判斷｜MA10：依試單節奏判斷｜MA20：依試單節奏判斷｜K棒：突破確認K｜K線：整理後轉強,K棒型態：突破確認K｜K線結構：整理後轉強,依原策略執行，技術欄位用於確認節奏與風險。,7.0,B,起漲結構中,MA5站上MA10｜接近20日高｜40D平台收斂｜短中均線糾結｜40D低點守住｜接近/站回MA60,平台壓縮後轉強，可優先觀察起漲/試單。,v266.57.9,6.7,B,續強品質中,回檔不破前低｜低點墊高確認｜收盤守MA5｜續強確認：收盤未跌破MA5｜MA5仍在MA10上,回檔承接尚可，若原策略入選，可優先觀察延續。,v266.57.9,-1.4,D,突破不足,短均多頭｜扣分:收盤位置偏弱、上影偏長,尚未形成乾淨突破，不急著升級。,v266.57.9,GENERIC,0.55,0.5,0.5,6.5,471.0,最後後處理補寫：原分數+結構前置+續強品質+突破品質；不覆蓋原策略,一般,5.33,v266.58.1,2026-05-09 00:25:47,觀察,否,,觀察,0,0,持續觀察,前狀態:nan→今日:觀察,NO,v266.60.2,5.33,30.0,0.0,0.0,0.0,12.653,403.0,20/40/60結構佳｜續強品質佳｜主力佈局語意,主力佈局優先,v266.61,2026-05-09 00:25:50,8.0,洗盤不破承接,無事件,等待下一次確認。,6.131,409,v266.62,2026-05-09 00:25:51,0.0,,NONE,278,12,NONE,平台收斂,115
WATCH,2026-05-08,2026-05-11,2614,東森,ENTRY,PRE,PRE,54.0,WAIT,BLOCK,False,20.1,0.0,0.0,8,波動壓縮 | 均線收斂 | 接近突破 | 結構尚可,BLOCK：超出本市場狀態可執行名額｜v266.57.9：結構：平台壓縮後轉強，可優先觀察起漲/試單。｜續強：回檔承接尚可，若原策略入選，可優先觀察延續。｜突破：尚未形成乾淨突破，不急著升級。,92.25,,,HIGH,高流動性,49.44,648900.0,13042890000.0,0.0,⚠️ 分散,32（⚠️ 分散）,,籌碼普通或資料有限，需搭配技術面確認。,1,部分籌碼資料有限,📉 低信心,,,東森,-21000.0,0.0,0.0,-21000.0,0.0,1,0.0,0.0,0.0,0.0,0,TWSE,⚪ 盤整觀望（等待方向）,中低,先觀察，不急進場；等突破、量能或均線方向出現。,2026-05-09 00:25:55,behavior_interpretation,,,,,,,,,,,,,,,,,,,,,,,,,,,,,,,,,,,,,,,,,,,,,,,,,,,,,,,,,,,,,,,,,,,,MA5：依試單節奏判斷,MA20：依試單節奏判斷,,,,,MA10：依試單節奏判斷,MA5：依試單節奏判斷,MA10：依試單節奏判斷,MA20：依試單節奏判斷,突破確認K,整理後轉強,整理後轉強,MA5：依試單節奏判斷｜MA10：依試單節奏判斷｜MA20：依試單節奏判斷｜K棒：突破確認K｜K線：整理後轉強,K棒型態：突破確認K｜K線結構：整理後轉強,依原策略執行，技術欄位用於確認節奏與風險。,6.0,B,起漲結構中,MA5站上MA10｜40D平台收斂｜短中均線糾結｜40D低點守住｜接近/站回MA60,平台壓縮後轉強，可優先觀察起漲/試單。,v266.57.9,6.5,B,續強品質中,回檔不破前低｜低點墊高確認｜收盤守MA5｜回測守MA10｜MA5仍在MA10上,回檔承接尚可，若原策略入選，可優先觀察延續。,v266.57.9,-0.2,D,突破不足,短均多頭｜扣分:收盤位置偏弱,尚未形成乾淨突破，不急著升級。,v266.57.9,GENERIC,0.55,0.5,0.5,6.45,473.0,最後後處理補寫：原分數+結構前置+續強品質+突破品質；不覆蓋原策略,一般,5.289,v266.58.1,2026-05-09 00:25:47,觀察,否,,觀察,0,0,持續觀察,前狀態:nan→今日:觀察,NO,v266.60.2,5.289,30.0,0.0,0.0,0.0,12.649,404.0,20/40/60結構佳｜續強品質佳｜主力佈局語意,主力佈局優先,v266.61,2026-05-09 00:25:50,8.0,洗盤不破承接,無事件,等待下一次確認。,6.102,410,v266.62,2026-05-09 00:25:51,0.0,,NONE,277,12,NONE,平台收斂,116
TEST,2026-05-08,2026-05-11,2645,長榮航太,ENTRY,PRE,PRE,68.0,WAIT,BLOCK,False,164.0,0.0,0.0,3,波動壓縮 | 均線收斂 | 放量吸收 | 接近突破 | 結構尚可,BLOCK：超出本市場狀態可執行名額｜v266.57.9：結構：平台壓縮後轉強，可優先觀察起漲/試單。｜續強：回檔承接尚可，若原策略入選，可優先觀察延續。｜突破：有轉強跡象，但突破品質尚未完全成立。,113.25,,,HIGH,高流動性,82.44,3730569.0,611813316000.0,0.0,❌ 極度分散,15（❌ 極度分散）,,籌碼偏弱且資料有限，避免重倉追高。,1,部分籌碼資料有限,📉 低信心,,,,85518.0,-191000.0,20357.0,-85125.0,0.0,1,0.0,0.0,0.0,0.0,0,TWSE,⚪ 行為中性（依策略判斷）,中低,目前訊號不夠明確，依原策略與風控執行。,2026-05-09 00:25:55,behavior_interpretation,,,,,,,,,,,,,,,,,,,,,,,,,,,,,,,,,,,,,,,,,,,,,,,,,,,,,,,,,,,,,,,,,,,,MA5：依試單節奏判斷,MA20：依試單節奏判斷,,,,,MA10：依試單節奏判斷,MA5：依試單節奏判斷,MA10：依試單節奏判斷,MA20：依試單節奏判斷,突破確認K,整理後轉強,整理後轉強,MA5：依試單節奏判斷｜MA10：依試單節奏判斷｜MA20：依試單節奏判斷｜K棒：突破確認K｜K線：整理後轉強,K棒型態：突破確認K｜K線結構：整理後轉強,依原策略執行，技術欄位用於確認節奏與風險。,10.8,A,起漲結構強,20D站上MA20｜MA20走平翻揚｜接近20日高｜40D平台收斂｜短中均線糾結｜40D低點守住｜接近/站回MA60｜MA60不再下彎｜站回60D區間中上｜5D動能轉正,平台壓縮後轉強，可優先觀察起漲/試單。,v266.57.9,6.5,B,續強品質中,回檔不破前低｜低點墊高確認｜收盤守MA5｜續強確認：收盤未跌破MA5｜仍站MA20,回檔承接尚可，若原策略入選，可優先觀察延續。,v266.57.9,3.2,C,突破觀察,紅K實體放大｜量能較前日放大｜突破近5日高｜MA5加速上彎｜扣分:收盤位置偏弱、上影偏長,有轉強跡象，但突破品質尚未完全成立。,v266.57.9,GENERIC,0.55,0.5,0.5,10.79,213.0,最後後處理補寫：原分數+結構前置+續強品質+突破品質；不覆蓋原策略,一般,8.848,v266.58.1,2026-05-09 00:25:47,觀察,否,,觀察,0,0,持續觀察,前狀態:nan→今日:觀察,NO,v266.60.2,8.848,30.0,0.0,0.0,0.0,13.425,175.0,20/40/60結構佳｜續強品質佳｜主力佈局語意,主力佈局優先,v266.61,2026-05-09 00:25:50,8.0,洗盤不破承接,無事件,等待下一次確認。,8.594,234,v266.62,2026-05-09 00:25:51,0.0,,NONE,400,12,NONE,平台收斂,117
WATCH,2026-05-08,2026-05-11,5007,三星,ENTRY,PRE,PRE,54.0,WAIT,BLOCK,False,58.0,0.0,0.0,8,波動壓縮 | 均線收斂 | 接近突破 | 結構尚可,BLOCK：超出本市場狀態可執行名額｜v266.57.9：結構：平台壓縮後轉強，可優先觀察起漲/試單。｜續強：回檔承接尚可，若原策略入選，可優先觀察延續。｜突破：尚未形成乾淨突破，不急著升級。,76.83,,,HIGH,高流動性,18.57,45413.0,2633954000.0,0.0,⚠️ 分散,36（⚠️ 分散）,,籌碼普通或資料有限，需搭配技術面確認。,1,部分籌碼資料有限,📉 低信心,,,,-11000.0,0.0,0.0,-11000.0,0.0,1,0.0,0.0,0.0,0.0,0,TWSE,⚪ 盤整觀望（等待方向）,中低,先觀察，不急進場；等突破、量能或均線方向出現。,2026-05-09 00:25:55,behavior_interpretation,,,,,,,,,,,,,,,,,,,,,,,,,,,,,,,,,,,,,,,,,,,,,,,,,,,,,,,,,,,,,,,,,,,,MA5：依試單節奏判斷,MA20：依試單節奏判斷,,,,,MA10：依試單節奏判斷,MA5：依試單節奏判斷,MA10：依試單節奏判斷,MA20：依試單節奏判斷,突破確認K,整理後轉強,整理後轉強,MA5：依試單節奏判斷｜MA10：依試單節奏判斷｜MA20：依試單節奏判斷｜K棒：突破確認K｜K線：整理後轉強,K棒型態：突破確認K｜K線結構：整理後轉強,依原策略執行，技術欄位用於確認節奏與風險。,12.0,A,起漲結構強,20D站上MA20｜MA20走平翻揚｜接近20日高｜40D平台收斂｜短中均線糾結｜40D低點守住｜接近/站回MA60｜MA60不再下彎｜近5日量縮｜量縮後溫和放量,平台壓縮後轉強，可優先觀察起漲/試單。,v266.57.9,6.5,B,續強品質中,回檔不破前低｜低點墊高確認｜收盤守MA5｜續強確認：收盤未跌破MA5｜仍站MA20,回檔承接尚可，若原策略入選，可優先觀察延續。,v266.57.9,1.2,D,突破不足,量能較前日放大,尚未形成乾淨突破，不急著升級。,v266.57.9,GENERIC,0.55,0.5,0.5,10.45,244.0,最後後處理補寫：原分數+結構前置+續強品質+突破品質；不覆蓋原策略,一般,8.569,v266.58.1,2026-05-09 00:25:47,觀察,否,,觀察,0,0,持續觀察,前狀態:nan→今日:觀察,NO,v266.60.2,8.569,30.0,0.0,0.0,0.0,12.977,302.0,20/40/60結構佳｜續強品質佳｜主力佈局語意,主力佈局優先,v266.61,2026-05-09 00:25:50,8.0,洗盤不破承接,無事件,等待下一次確認。,8.398,259,v266.62,2026-05-09 00:25:51,0.0,,NONE,407,12,NONE,平台收斂,118
WATCH,2026-05-08,2026-05-11,6277,宏正,ENTRY,PRE,PRE,54.0,WAIT,BLOCK,False,70.5,0.0,0.0,8,波動壓縮 | 均線收斂 | 接近突破 | 結構尚可,BLOCK：超出本市場狀態可執行名額｜v266.57.9：結構：平台壓縮後轉強，可優先觀察起漲/試單。｜續強：回檔承接尚可，若原策略入選，可優先觀察延續。｜突破：尚未形成乾淨突破，不急著升級。,88.23,,,HIGH,高流動性,42.99,235254.0,16585407000.0,0.0,⚠️ 分散,25（⚠️ 分散）,,籌碼偏弱且資料有限，避免重倉追高。,1,部分籌碼資料有限,📉 低信心,,,,-65000.0,0.0,0.0,-65000.0,0.0,1,0.0,0.0,0.0,0.0,0,TWSE,⚪ 盤整觀望（等待方向）,中低,先觀察，不急進場；等突破、量能或均線方向出現。,2026-05-09 00:25:55,behavior_interpretation,,,,,,,,,,,,,,,,,,,,,,,,,,,,,,,,,,,,,,,,,,,,,,,,,,,,,,,,,,,,,,,,,,,,MA5：依試單節奏判斷,MA20：依試單節奏判斷,,,,,MA10：依試單節奏判斷,MA5：依試單節奏判斷,MA10：依試單節奏判斷,MA20：依試單節奏判斷,突破確認K,整理後轉強,整理後轉強,MA5：依試單節奏判斷｜MA10：依試單節奏判斷｜MA20：依試單節奏判斷｜K棒：突破確認K｜K線：整理後轉強,K棒型態：突破確認K｜K線結構：整理後轉強,依原策略執行，技術欄位用於確認節奏與風險。,8.0,A,起漲結構強,40D平台收斂｜短中均線糾結｜40D低點守住｜接近/站回MA60｜MA60不再下彎｜站回60D區間中上｜近5日量縮,平台壓縮後轉強，可優先觀察起漲/試單。,v266.57.9,7.0,A,續強品質強,回檔不破前低｜低點墊高確認｜收盤守MA5｜續強確認：收盤未跌破MA5｜回檔量縮,回檔承接尚可，若原策略入選，可優先觀察延續。,v266.57.9,-1.0,D,突破不足,扣分:收盤位置偏弱,尚未形成乾淨突破，不急著升級。,v266.57.9,GENERIC,0.55,0.5,0.5,7.4,429.0,最後後處理補寫：原分數+結構前置+續強品質+突破品質；不覆蓋原策略,一般,6.068,v266.58.1,2026-05-09 00:25:47,觀察,否,,觀察,0,0,持續觀察,前狀態:nan→今日:觀察,NO,v266.60.2,6.068,30.0,0.0,0.0,0.0,12.727,389.0,20/40/60結構佳｜續強品質佳｜主力佈局語意,主力佈局優先,v266.61,2026-05-09 00:25:50,8.0,洗盤不破承接,無事件,等待下一次確認。,6.648,384,v266.62,2026-05-09 00:25:51,0.0,,NONE,111,12,NONE,平台收斂,119
WATCH,2026-05-08,2026-05-11,1614,三洋電,ENTRY,PRE,PRE,54.0,WAIT,BLOCK,False,32.0,0.0,0.0,8,波動壓縮 | 均線收斂 | 接近突破 | 結構尚可,BLOCK：超出本市場狀態可執行名額｜v266.57.9：結構：平台壓縮後轉強，可優先觀察起漲/試單。｜續強：回檔承接尚可，若原策略入選，可優先觀察延續。｜突破：尚未形成乾淨突破，不急著升級。,78.33,,,HIGH,高流動性,20.55,72268.0,2312576000.0,0.0,⚠️ 分散,38（⚠️ 分散）,,籌碼普通或資料有限，需搭配技術面確認。,1,部分籌碼資料有限,📉 低信心,,,三洋電,-9000.0,0.0,0.0,-9000.0,0.0,1,0.0,0.0,0.0,0.0,0,TWSE,⚪ 盤整觀望（等待方向）,中低,先觀察，不急進場；等突破、量能或均線方向出現。,2026-05-09 00:25:55,behavior_interpretation,,,,,,,,,,,,,,,,,,,,,,,,,,,,,,,,,,,,,,,,,,,,,,,,,,,,,,,,,,,,,,,,,,,,MA5：依試單節奏判斷,MA20：依試單節奏判斷,,,,,MA10：依試單節奏判斷,MA5：依試單節奏判斷,MA10：依試單節奏判斷,MA20：依試單節奏判斷,突破確認K,整理後轉強,整理後轉強,MA5：依試單節奏判斷｜MA10：依試單節奏判斷｜MA20：依試單節奏判斷｜K棒：突破確認K｜K線：整理後轉強,K棒型態：突破確認K｜K線結構：整理後轉強,依原策略執行，技術欄位用於確認節奏與風險。,9.0,A,起漲結構強,MA20走平翻揚｜接近20日高｜40D平台收斂｜短中均線糾結｜40D低點守住｜接近/站回MA60｜量縮後溫和放量,平台壓縮後轉強，可優先觀察起漲/試單。,v266.57.9,5.5,B,續強品質中,回檔不破前低｜低點墊高確認｜收盤守MA5｜續強確認：收盤未跌破MA5,回檔承接尚可，若原策略入選，可優先觀察延續。,v266.57.9,-1.0,D,突破不足,扣分:收盤位置偏弱,尚未形成乾淨突破，不急著升級。,v266.57.9,GENERIC,0.55,0.5,0.5,7.2,437.0,最後後處理補寫：原分數+結構前置+續強品質+突破品質；不覆蓋原策略,一般,5.904,v266.58.1,2026-05-09 00:25:47,觀察,否,,觀察,0,0,持續觀察,前狀態:nan→今日:觀察,NO,v266.60.2,5.904,30.0,0.0,0.0,0.0,12.71,392.0,20/40/60結構佳｜續強品質佳｜主力佈局語意,主力佈局優先,v266.61,2026-05-09 00:25:50,8.0,洗盤不破承接,無事件,等待下一次確認。,6.533,387,v266.62,2026-05-09 00:25:51,0.0,,NONE,108,12,NONE,平台收斂,120
WATCH,2026-05-08,2026-05-11,9908,大台北,ENTRY,PRE,PRE,54.0,WAIT,BLOCK,False,29.45,0.0,0.0,8,波動壓縮 | 均線收斂 | 接近突破 | 結構尚可,BLOCK：超出本市場狀態可執行名額｜v266.57.9：結構：平台壓縮後轉強，可優先觀察起漲/試單。｜續強：回檔承接尚可，若原策略入選，可優先觀察延續。｜突破：尚未形成乾淨突破，不急著升級。,87.12,,,HIGH,高流動性,39.15,268071.0,7894690950.0,0.0,⚠️ 分散,25（⚠️ 分散）,,籌碼偏弱且資料有限，避免重倉追高。,1,部分籌碼資料有限,📉 低信心,,,大台北,-49000.0,0.0,0.0,-49000.0,0.0,1,0.0,0.0,0.0,0.0,0,TWSE,⚪ 盤整觀望（等待方向）,中低,先觀察，不急進場；等突破、量能或均線方向出現。,2026-05-09 00:25:55,behavior_interpretation,,,,,,,,,,,,,,,,,,,,,,,,,,,,,,,,,,,,,,,,,,,,,,,,,,,,,,,,,,,,,,,,,,,,MA5：依試單節奏判斷,MA20：依試單節奏判斷,,,,,MA10：依試單節奏判斷,MA5：依試單節奏判斷,MA10：依試單節奏判斷,MA20：依試單節奏判斷,突破確認K,整理後轉強,整理後轉強,MA5：依試單節奏判斷｜MA10：依試單節奏判斷｜MA20：依試單節奏判斷｜K棒：突破確認K｜K線：整理後轉強,K棒型態：突破確認K｜K線結構：整理後轉強,依原策略執行，技術欄位用於確認節奏與風險。,8.0,A,起漲結構強,接近20日高｜40D平台收斂｜短中均線糾結｜40D低點守住｜接近/站回MA60｜MA60不再下彎｜近5日量縮,平台壓縮後轉強，可優先觀察起漲/試單。,v266.57.9,6.8,B,續強品質中,回檔不破前低｜低點墊高確認｜收盤守MA5｜回測守MA10｜回檔量縮,回檔承接尚可，若原策略入選，可優先觀察延續。,v266.57.9,-1.0,D,突破不足,扣分:收盤位置偏弱,尚未形成乾淨突破，不急著升級。,v266.57.9,GENERIC,0.55,0.5,0.5,7.3,432.0,最後後處理補寫：原分數+結構前置+續強品質+突破品質；不覆蓋原策略,一般,5.986,v266.58.1,2026-05-09 00:25:47,觀察,否,,觀察,0,0,持續觀察,前狀態:nan→今日:觀察,NO,v266.60.2,5.986,30.0,0.0,0.0,0.0,12.719,390.0,20/40/60結構佳｜續強品質佳｜主力佈局語意,主力佈局優先,v266.61,2026-05-09 00:25:50,8.0,洗盤不破承接,無事件,等待下一次確認。,6.59,386,v266.62,2026-05-09 00:25:51,0.0,,NONE,109,12,NONE,平台收斂,121
WATCH,2026-05-08,2026-05-11,4175,杏一,ENTRY,PRE,PRE,54.0,WAIT,BLOCK,False,53.9,0.0,0.0,8,波動壓縮 | 均線收斂 | 接近突破 | 結構尚可,BLOCK：超出本市場狀態可執行名額｜v266.57.9：結構：平台壓縮後轉強，可優先觀察起漲/試單。｜續強：回檔承接尚可，若原策略入選，可優先觀察延續。｜突破：尚未形成乾淨突破，不急著升級。,71.52,,,HIGH,高流動性,8.87,16167.0,871401299.9999999,0.0,🟡 普通,50（🟡 普通）,,籌碼普通或資料有限，需搭配技術面確認。,1,部分籌碼資料有限,📉 低信心,,,杏一,0.0,0.0,0.0,0.0,0.0,1,0.0,0.0,0.0,0.0,0,TPEX,⚪ 盤整觀望（等待方向）,中低,先觀察，不急進場；等突破、量能或均線方向出現。,2026-05-09 00:25:55,behavior_interpretation,,,,,,,,,,,,,,,,,,,,,,,,,,,,,,,,,,,,,,,,,,,,,,,,,,,,,,,,,,,,,,,,,,,,MA5：依試單節奏判斷,MA20：依試單節奏判斷,,,,,MA10：依試單節奏判斷,MA5：依試單節奏判斷,MA10：依試單節奏判斷,MA20：依試單節奏判斷,突破確認K,整理後轉強,整理後轉強,MA5：依試單節奏判斷｜MA10：依試單節奏判斷｜MA20：依試單節奏判斷｜K棒：突破確認K｜K線：整理後轉強,K棒型態：突破確認K｜K線結構：整理後轉強,依原策略執行，技術欄位用於確認節奏與風險。,6.0,B,起漲結構中,MA5站上MA10｜40D平台收斂｜短中均線糾結｜40D低點守住｜接近/站回MA60,平台壓縮後轉強，可優先觀察起漲/試單。,v266.57.9,6.7,B,續強品質中,回檔不破前低｜低點墊高確認｜收盤守MA5｜續強確認：收盤未跌破MA5｜MA5仍在MA10上,回檔承接尚可，若原策略入選，可優先觀察延續。,v266.57.9,1.3,D,突破不足,突破近5日高｜短均多頭｜扣分:收盤位置偏弱,尚未形成乾淨突破，不急著升級。,v266.57.9,GENERIC,0.55,0.5,0.5,7.3,432.0,最後後處理補寫：原分數+結構前置+續強品質+突破品質；不覆蓋原策略,一般,5.986,v266.58.1,2026-05-09 00:25:47,觀察,否,,觀察,0,0,持續觀察,前狀態:nan→今日:觀察,NO,v266.60.2,5.986,30.0,0.0,0.0,0.0,12.719,390.0,20/40/60結構佳｜續強品質佳｜主力佈局語意,主力佈局優先,v266.61,2026-05-09 00:25:50,8.0,洗盤不破承接,無事件,等待下一次確認。,6.59,385,v266.62,2026-05-09 00:25:51,0.0,,NONE,110,12,NONE,平台收斂,122
WATCH,2026-05-08,2026-05-11,1805,寶徠,ENTRY,PRE,PRE,54.0,WAIT,BLOCK,False,10.75,0.0,0.0,8,波動壓縮 | 均線收斂 | 接近突破 | 結構尚可,BLOCK：超出本市場狀態可執行名額｜v266.57.9：結構：平台壓縮後轉強，可優先觀察起漲/試單。｜續強：回檔承接尚可，若原策略入選，可優先觀察延續。｜突破：尚未形成乾淨突破，不急著升級。,78.3,,,HIGH,高流動性,18.88,99728.0,1072076000.0,0.0,⚠️ 分散,37（⚠️ 分散）,,籌碼普通或資料有限，需搭配技術面確認。,1,部分籌碼資料有限,📉 低信心,,,寶徠,-10000.0,0.0,0.0,-10000.0,0.0,1,0.0,0.0,0.0,0.0,0,TWSE,⚪ 盤整觀望（等待方向）,中低,先觀察，不急進場；等突破、量能或均線方向出現。,2026-05-09 00:25:55,behavior_interpretation,,,,,,,,,,,,,,,,,,,,,,,,,,,,,,,,,,,,,,,,,,,,,,,,,,,,,,,,,,,,,,,,,,,,MA5：依試單節奏判斷,MA20：依試單節奏判斷,,,,,MA10：依試單節奏判斷,MA5：依試單節奏判斷,MA10：依試單節奏判斷,MA20：依試單節奏判斷,突破確認K,整理後轉強,整理後轉強,MA5：依試單節奏判斷｜MA10：依試單節奏判斷｜MA20：依試單節奏判斷｜K棒：突破確認K｜K線：整理後轉強,K棒型態：突破確認K｜K線結構：整理後轉強,依原策略執行，技術欄位用於確認節奏與風險。,7.8,B,起漲結構中,MA20走平翻揚｜MA5站上MA10｜40D平台收斂｜短中均線糾結｜40D低點守住｜接近/站回MA60｜5D動能轉正,平台壓縮後轉強，可優先觀察起漲/試單。,v266.57.9,6.7,B,續強品質中,回檔不破前低｜低點墊高確認｜收盤守MA5｜續強確認：收盤未跌破MA5｜MA5仍在MA10上,回檔承接尚可，若原策略入選，可優先觀察延續。,v266.57.9,-0.2,D,突破不足,短均多頭｜扣分:收盤位置偏弱,尚未形成乾淨突破，不急著升級。,v266.57.9,GENERIC,0.55,0.5,0.5,7.54,423.0,最後後處理補寫：原分數+結構前置+續強品質+突破品質；不覆蓋原策略,一般,6.183,v266.58.1,2026-05-09 00:25:47,觀察,否,,觀察,0,0,持續觀察,前狀態:nan→今日:觀察,NO,v266.60.2,6.183,30.0,0.0,0.0,0.0,12.738,388.0,20/40/60結構佳｜續強品質佳｜主力佈局語意,主力佈局優先,v266.61,2026-05-09 00:25:50,8.0,洗盤不破承接,無事件,等待下一次確認。,6.728,382,v266.62,2026-05-09 00:25:51,0.0,,NONE,113,12,NONE,平台收斂,123
WATCH,2026-05-08,2026-05-11,9934,成霖,ENTRY,PRE,PRE,54.0,WAIT,BLOCK,False,9.27,0.0,0.0,8,安靜吸籌 | 均線收斂 | 接近突破 | 結構尚可,BLOCK：超出本市場狀態可執行名額｜v266.57.9：結構：平台壓縮後轉強，可優先觀察起漲/試單。｜續強：尚未看到明確回檔承接，保留觀察。｜突破：有轉強跡象，但突破品質尚未完全成立。,91.97,,,HIGH,高流動性,47.54,808408.0,7493942159.999999,0.0,⚠️ 分散,25（⚠️ 分散）,,籌碼偏弱且資料有限，避免重倉追高。,1,部分籌碼資料有限,📉 低信心,,,成霖,-373000.0,0.0,0.0,-373000.0,0.0,1,0.0,0.0,0.0,0.0,0,TWSE,🟡 洗盤吸籌／整理換手（結構未壞）,中高,不急追；等放量突破或站穩 MA10 / MA20 再提高權重。,2026-05-09 00:25:55,behavior_interpretation,,,,,,,,,,,,,,,,,,,,,,,,,,,,,,,,,,,,,,,,,,,,,,,,,,,,,,,,,,,,,,,,,,,,MA5：依試單節奏判斷,MA20：依試單節奏判斷,,,,,MA10：依試單節奏判斷,MA5：依試單節奏判斷,MA10：依試單節奏判斷,MA20：依試單節奏判斷,突破確認K,整理後轉強,整理後轉強,MA5：依試單節奏判斷｜MA10：依試單節奏判斷｜MA20：依試單節奏判斷｜K棒：突破確認K｜K線：整理後轉強,K棒型態：突破確認K｜K線結構：整理後轉強,依原策略執行，技術欄位用於確認節奏與風險。,7.0,B,起漲結構中,40D平台收斂｜短中均線糾結｜40D低點守住｜接近/站回MA60｜量縮後溫和放量,平台壓縮後轉強，可優先觀察起漲/試單。,v266.57.9,4.5,C,續強觀察,回檔不破前低｜收盤守MA5｜續強確認：收盤未跌破MA5,尚未看到明確回檔承接，保留觀察。,v266.57.9,2.7,C,突破觀察,收盤接近高點｜量能較前日放大,有轉強跡象，但突破品質尚未完全成立。,v266.57.9,GENERIC,0.55,0.5,0.5,7.45,425.0,最後後處理補寫：原分數+結構前置+續強品質+突破品質；不覆蓋原策略,一般,6.109,v266.58.1,2026-05-09 00:25:47,觀察,否,,觀察,0,0,持續觀察,首次追蹤:觀察,NO,v266.60.2,6.109,22.0,0.0,0.0,0.0,9.931,412.0,20/40/60結構佳｜主力佈局語意,起漲前優先,v266.61,2026-05-09 00:25:50,8.0,洗盤不破承接,無事件,等待下一次確認。,6.676,383,v266.62,2026-05-09 00:25:51,0.0,,NONE,112,12,NONE,平台收斂,124
WATCH,2026-05-08,2026-05-11,6754,匯僑設計,ENTRY,PRE,PRE,54.0,WAIT,BLOCK,False,45.95,0.0,0.0,8,波動壓縮 | 均線收斂 | 接近突破 | 結構尚可,BLOCK：超出本市場狀態可執行名額｜v266.57.9：結構：平台壓縮後轉強，可優先觀察起漲/試單。｜續強：回檔承接尚可，若原策略入選，可優先觀察延續。｜突破：尚未形成乾淨突破，不急著升級。,73.11,,,HIGH,高流動性,11.23,23444.0,1077251800.0,0.0,⚠️ 分散,37（⚠️ 分散）,,籌碼普通或資料有限，需搭配技術面確認。,1,部分籌碼資料有限,📉 低信心,,,匯僑設計,-2000.0,-278.0,0.0,-2278.0,0.0,1,0.0,0.0,0.0,0.0,0,TWSE,⚪ 盤整觀望（等待方向）,中低,先觀察，不急進場；等突破、量能或均線方向出現。,2026-05-09 00:25:55,behavior_interpretation,,,,,,,,,,,,,,,,,,,,,,,,,,,,,,,,,,,,,,,,,,,,,,,,,,,,,,,,,,,,,,,,,,,,MA5：依試單節奏判斷,MA20：依試單節奏判斷,,,,,MA10：依試單節奏判斷,MA5：依試單節奏判斷,MA10：依試單節奏判斷,MA20：依試單節奏判斷,突破確認K,整理後轉強,整理後轉強,MA5：依試單節奏判斷｜MA10：依試單節奏判斷｜MA20：依試單節奏判斷｜K棒：突破確認K｜K線：整理後轉強,K棒型態：突破確認K｜K線結構：整理後轉強,依原策略執行，技術欄位用於確認節奏與風險。,11.0,A,起漲結構強,MA20走平翻揚｜40D平台收斂｜短中均線糾結｜40D低點守住｜接近/站回MA60｜MA60不再下彎｜站回60D區間中上｜近5日量縮｜量縮後溫和放量,平台壓縮後轉強，可優先觀察起漲/試單。,v266.57.9,5.0,B,續強品質中,回檔不破前低｜低點墊高確認｜收盤守MA5｜回檔量縮｜扣分:跌破短均,回檔承接尚可，若原策略入選，可優先觀察延續。,v266.57.9,0.0,D,突破不足,,尚未形成乾淨突破，不急著升級。,v266.57.9,GENERIC,0.55,0.5,0.5,8.55,367.0,最後後處理補寫：原分數+結構前置+續強品質+突破品質；不覆蓋原策略,一般,7.011,v266.58.1,2026-05-09 00:25:47,觀察,否,,觀察,0,0,持續觀察,前狀態:nan→今日:觀察,NO,v266.60.2,7.011,30.0,0.0,0.0,0.0,12.821,364.0,20/40/60結構佳｜續強品質佳｜主力佈局語意,主力佈局優先,v266.61,2026-05-09 00:25:50,8.0,洗盤不破承接,無事件,等待下一次確認。,7.308,352,v266.62,2026-05-09 00:25:51,0.0,,NONE,114,12,NONE,平台收斂,125
TEST,2026-05-08,2026-05-11,3541,西柏,ENTRY,PRE,PRE,72.0,WAIT,BLOCK,False,23.15,0.0,0.0,3,波動壓縮 | 安靜吸籌 | 均線收斂 | 接近突破 | 結構尚可,BLOCK：超出本市場狀態可執行名額｜v266.57.9：結構：平台壓縮後轉強，可優先觀察起漲/試單。｜續強：回檔承接尚可，若原策略入選，可優先觀察延續。｜突破：有轉強跡象，但突破品質尚未完全成立。,90.5,,,HIGH,高流動性,24.8,113681.0,2631715150.0,0.0,🟡 普通,50（🟡 普通）,,籌碼普通或資料有限，需搭配技術面確認。,1,部分籌碼資料有限,📉 低信心,,,西柏,0.0,0.0,0.0,0.0,0.0,1,0.0,0.0,0.0,0.0,0,TPEX,🟡 洗盤吸籌／整理換手（結構未壞）,中高,不急追；等放量突破或站穩 MA10 / MA20 再提高權重。,2026-05-09 00:25:55,behavior_interpretation,,,,,,,,,,,,,,,,,,,,,,,,,,,,,,,,,,,,,,,,,,,,,,,,,,,,,,,,,,,,,,,,,,,,MA5：依試單節奏判斷,MA20：依試單節奏判斷,,,,,MA10：依試單節奏判斷,MA5：依試單節奏判斷,MA10：依試單節奏判斷,MA20：依試單節奏判斷,突破確認K,整理後轉強,整理後轉強,MA5：依試單節奏判斷｜MA10：依試單節奏判斷｜MA20：依試單節奏判斷｜K棒：突破確認K｜K線：整理後轉強,K棒型態：突破確認K｜K線結構：整理後轉強,依原策略執行，技術欄位用於確認節奏與風險。,6.0,B,起漲結構中,MA5站上MA10｜接近20日高｜40D平台收斂｜短中均線糾結｜40D低點守住,平台壓縮後轉強，可優先觀察起漲/試單。,v266.57.9,6.7,B,續強品質中,回檔不破前低｜低點墊高確認｜收盤守MA5｜續強確認：收盤未跌破MA5｜MA5仍在MA10上,回檔承接尚可，若原策略入選，可優先觀察延續。,v266.57.9,3.8,C,突破觀察,收盤接近高點｜突破近5日高｜短均多頭,有轉強跡象，但突破品質尚未完全成立。,v266.57.9,GENERIC,0.55,0.5,0.5,8.55,367.0,最後後處理補寫：原分數+結構前置+續強品質+突破品質；不覆蓋原策略,一般,7.011,v266.58.1,2026-05-09 00:25:47,觀察,否,,觀察,0,0,持續觀察,前狀態:nan→今日:觀察,NO,v266.60.2,7.011,30.0,0.0,0.0,0.0,13.361,179.0,20/40/60結構佳｜續強品質佳｜主力佈局語意,主力佈局優先,v266.61,2026-05-09 00:25:50,8.0,洗盤不破承接,無事件,等待下一次確認。,7.308,348,v266.62,2026-05-09 00:25:51,0.0,,NONE,115,12,NONE,平台收斂,126
WATCH,2026-05-08,2026-05-11,8423,保綠-KY,ENTRY,PRE,PRE,54.0,WAIT,BLOCK,False,17.95,0.0,0.0,8,波動壓縮 | 均線收斂 | 接近突破 | 結構尚可,BLOCK：超出本市場狀態可執行名額｜v266.57.9：結構：平台壓縮後轉強，可優先觀察起漲/試單。｜續強：回檔承接尚可，若原策略入選，可優先觀察延續。｜突破：尚未形成乾淨突破，不急著升級。,69.96,,,HIGH,高流動性,6.33,18003.0,323153850.0,0.0,🟡 普通,50（🟡 普通）,,籌碼普通或資料有限，需搭配技術面確認。,1,部分籌碼資料有限,📉 低信心,,,保綠-KY,0.0,0.0,0.0,0.0,0.0,1,0.0,0.0,0.0,0.0,0,TPEX,⚪ 盤整觀望（等待方向）,中低,先觀察，不急進場；等突破、量能或均線方向出現。,2026-05-09 00:25:55,behavior_interpretation,,,,,,,,,,,,,,,,,,,,,,,,,,,,,,,,,,,,,,,,,,,,,,,,,,,,,,,,,,,,,,,,,,,,MA5：依試單節奏判斷,MA20：依試單節奏判斷,,,,,MA10：依試單節奏判斷,MA5：依試單節奏判斷,MA10：依試單節奏判斷,MA20：依試單節奏判斷,突破確認K,整理後轉強,整理後轉強,MA5：依試單節奏判斷｜MA10：依試單節奏判斷｜MA20：依試單節奏判斷｜K棒：突破確認K｜K線：整理後轉強,K棒型態：突破確認K｜K線結構：整理後轉強,依原策略執行，技術欄位用於確認節奏與風險。,6.0,B,起漲結構中,MA5站上MA10｜40D平台收斂｜短中均線糾結｜40D低點守住｜接近/站回MA60,平台壓縮後轉強，可優先觀察起漲/試單。,v266.57.9,6.7,B,續強品質中,回檔不破前低｜低點墊高確認｜收盤守MA5｜續強確認：收盤未跌破MA5｜MA5仍在MA10上,回檔承接尚可，若原策略入選，可優先觀察延續。,v266.57.9,0.8,D,突破不足,短均多頭,尚未形成乾淨突破，不急著升級。,v266.57.9,GENERIC,0.55,0.5,0.5,7.05,449.0,最後後處理補寫：原分數+結構前置+續強品質+突破品質；不覆蓋原策略,一般,5.781,v266.58.1,2026-05-09 00:25:47,觀察,否,,觀察,0,0,持續觀察,前狀態:nan→今日:觀察,NO,v266.60.2,5.781,30.0,0.0,0.0,0.0,12.698,397.0,20/40/60結構佳｜續強品質佳｜主力佈局語意,主力佈局優先,v266.61,2026-05-09 00:25:50,8.0,洗盤不破承接,無事件,等待下一次確認。,6.447,398,v266.62,2026-05-09 00:25:51,0.0,,NONE,97,12,NONE,平台收斂,127
WATCH,2026-05-08,2026-05-11,1294,漢田生技,ENTRY,PRE,PRE,58.0,WAIT,BLOCK,False,78.0,0.0,0.0,8,波動壓縮 | 安靜吸籌 | 均線收斂 | 結構尚可,BLOCK：超出本市場狀態可執行名額｜v266.57.9：結構：平台壓縮後轉強，可優先觀察起漲/試單。｜續強：回檔承接尚可，若原策略入選，可優先觀察延續。｜突破：尚未形成乾淨突破，不急著升級。,81.06,,,HIGH,高流動性,23.22,57200.0,4461600000.0,0.0,🟡 普通,50（🟡 普通）,,籌碼普通或資料有限，需搭配技術面確認。,1,部分籌碼資料有限,📉 低信心,,,漢田生技,0.0,0.0,0.0,0.0,0.0,1,0.0,0.0,0.0,0.0,0,TPEX,🟡 洗盤吸籌／整理換手（結構未壞）,中高,不急追；等放量突破或站穩 MA10 / MA20 再提高權重。,2026-05-09 00:25:55,behavior_interpretation,,,,,,,,,,,,,,,,,,,,,,,,,,,,,,,,,,,,,,,,,,,,,,,,,,,,,,,,,,,,,,,,,,,,MA5：依觀察節奏判斷,MA20：依觀察節奏判斷,,,,,MA10：依觀察節奏判斷,MA5：依觀察節奏判斷,MA10：依觀察節奏判斷,MA20：依觀察節奏判斷,整理觀察K,整理收斂,整理收斂,MA5：依觀察節奏判斷｜MA10：依觀察節奏判斷｜MA20：依觀察節奏判斷｜K棒：整理觀察K｜K線：整理收斂,K棒型態：整理觀察K｜K線結構：整理收斂,依原策略執行，技術欄位用於確認節奏與風險。,6.0,B,起漲結構中,MA5站上MA10｜40D平台收斂｜短中均線糾結｜40D低點守住｜MA60不再下彎,平台壓縮後轉強，可優先觀察起漲/試單。,v266.57.9,6.7,B,續強品質中,回檔不破前低｜低點墊高確認｜收盤守MA5｜續強確認：收盤未跌破MA5｜MA5仍在MA10上,回檔承接尚可，若原策略入選，可優先觀察延續。,v266.57.9,-0.2,D,突破不足,短均多頭｜扣分:收盤位置偏弱,尚未形成乾淨突破，不急著升級。,v266.57.9,GENERIC,0.55,0.5,0.5,6.55,468.0,最後後處理補寫：原分數+結構前置+續強品質+突破品質；不覆蓋原策略,一般,5.371,v266.58.1,2026-05-09 00:25:47,觀察,否,,觀察,0,0,持續觀察,前狀態:nan→今日:觀察,NO,v266.60.2,5.371,30.0,0.0,0.0,0.0,12.777,378.0,20/40/60結構佳｜續強品質佳｜主力佈局語意,主力佈局優先,v266.61,2026-05-09 00:25:50,8.0,洗盤不破承接,無事件,等待下一次確認。,6.16,407,v266.62,2026-05-09 00:25:51,0.0,,NONE,118,12,NONE,平台收斂,128
WATCH,2026-05-08,2026-05-11,9927,泰銘,ENTRY,PRE,PRE,54.0,WAIT,BLOCK,False,69.2,0.0,0.0,8,波動壓縮 | 均線收斂 | 接近突破 | 結構尚可,BLOCK：超出本市場狀態可執行名額｜v266.57.9：結構：平台壓縮後轉強，可優先觀察起漲/試單。｜續強：回檔承接尚可，若原策略入選，可優先觀察延續。｜突破：有轉強跡象，但突破品質尚未完全成立。,82.64,,,HIGH,高流動性,30.97,105904.0,7328556800.000001,0.0,⚠️ 分散,25（⚠️ 分散）,,籌碼偏弱且資料有限，避免重倉追高。,1,部分籌碼資料有限,📉 低信心,,,泰銘,-70000.0,0.0,0.0,-70000.0,0.0,1,0.0,0.0,0.0,0.0,0,TWSE,⚪ 盤整觀望（等待方向）,中低,先觀察，不急進場；等突破、量能或均線方向出現。,2026-05-09 00:25:55,behavior_interpretation,,,,,,,,,,,,,,,,,,,,,,,,,,,,,,,,,,,,,,,,,,,,,,,,,,,,,,,,,,,,,,,,,,,,MA5：依試單節奏判斷,MA20：依試單節奏判斷,,,,,MA10：依試單節奏判斷,MA5：依試單節奏判斷,MA10：依試單節奏判斷,MA20：依試單節奏判斷,突破確認K,整理後轉強,整理後轉強,MA5：依試單節奏判斷｜MA10：依試單節奏判斷｜MA20：依試單節奏判斷｜K棒：突破確認K｜K線：整理後轉強,K棒型態：突破確認K｜K線結構：整理後轉強,依原策略執行，技術欄位用於確認節奏與風險。,9.8,A,起漲結構強,MA20走平翻揚｜接近20日高｜40D平台收斂｜短中均線糾結｜40D低點守住｜接近/站回MA60｜MA60不再下彎｜站回60D區間中上｜5D動能轉正,平台壓縮後轉強，可優先觀察起漲/試單。,v266.57.9,5.5,B,續強品質中,回檔不破前低｜低點墊高確認｜收盤守MA5｜續強確認：收盤未跌破MA5,回檔承接尚可，若原策略入選，可優先觀察延續。,v266.57.9,2.7,C,突破觀察,突破近5日高｜MA5加速上彎,有轉強跡象，但突破品質尚未完全成立。,v266.57.9,GENERIC,0.55,0.5,0.5,9.49,321.0,最後後處理補寫：原分數+結構前置+續強品質+突破品質；不覆蓋原策略,一般,7.782,v266.58.1,2026-05-09 00:25:47,觀察,否,,觀察,0,0,持續觀察,前狀態:nan→今日:觀察,NO,v266.60.2,7.782,30.0,0.0,0.0,0.0,12.898,342.0,20/40/60結構佳｜續強品質佳｜主力佈局語意,主力佈局優先,v266.61,2026-05-09 00:25:50,8.0,洗盤不破承接,無事件,等待下一次確認。,7.847,319,v266.62,2026-05-09 00:25:51,0.0,,NONE,121,12,NONE,平台收斂,129
WATCH,2026-05-08,2026-05-11,2438,翔耀,ENTRY,PRE,PRE,54.0,WAIT,BLOCK,False,22.6,0.0,0.0,8,波動壓縮 | 均線收斂 | 接近突破 | 結構尚可,BLOCK：超出本市場狀態可執行名額｜v266.57.9：結構：平台壓縮後轉強，可優先觀察起漲/試單。｜續強：回檔承接尚可，若原策略入選，可優先觀察延續。｜突破：尚未形成乾淨突破，不急著升級。,86.31,,,HIGH,高流動性,37.02,258530.0,5842778000.0,4.0,🟢 偏集中,64（🟢 偏集中）,法人偏多,籌碼偏集中但資料有限，可搭配技術面確認，不宜單獨重倉。,1,部分籌碼資料有限,📉 低信心,,,,13000.0,0.0,0.0,13000.0,1.0,1,0.0,0.0,0.0,0.0,0,TWSE,⚪ 盤整觀望（等待方向）,中低,先觀察，不急進場；等突破、量能或均線方向出現。,2026-05-09 00:25:55,behavior_interpretation,,,,,,,,,,,,,,,,,,,,,,,,,,,,,,,,,,,,,,,,,,,,,,,,,,,,,,,,,,,,,,,,,,,,MA5：依試單節奏判斷,MA20：依試單節奏判斷,,,,,MA10：依試單節奏判斷,MA5：依試單節奏判斷,MA10：依試單節奏判斷,MA20：依試單節奏判斷,突破確認K,整理後轉強,整理後轉強,MA5：依試單節奏判斷｜MA10：依試單節奏判斷｜MA20：依試單節奏判斷｜K棒：突破確認K｜K線：整理後轉強,K棒型態：突破確認K｜K線結構：整理後轉強,依原策略執行，技術欄位用於確認節奏與風險。,12.0,A,起漲結構強,20D站上MA20｜MA20走平翻揚｜MA5站上MA10｜40D平台收斂｜短中均線糾結｜40D低點守住｜接近/站回MA60｜MA60不再下彎｜站回60D區間中上｜量縮後溫和放量｜5D動能轉正,平台壓縮後轉強，可優先觀察起漲/試單。,v266.57.9,7.5,A,續強品質強,回檔不破前低｜低點墊高確認｜回測守MA10｜回檔量縮｜MA5仍在MA10上｜仍站MA20,回檔承接尚可，若原策略入選，可優先觀察延續。,v266.57.9,1.0,D,突破不足,量能較前日放大｜短均多頭｜扣分:收盤位置偏弱,尚未形成乾淨突破，不急著升級。,v266.57.9,GENERIC,0.55,0.5,0.5,10.85,204.0,最後後處理補寫：原分數+結構前置+續強品質+突破品質；不覆蓋原策略,一般,9.617,v266.58.1,2026-05-09 00:25:47,觀察,否,,觀察,0,0,持續觀察,前狀態:nan→今日:觀察,NO,v266.60.2,9.617,30.0,0.0,0.0,0.0,13.082,245.0,20/40/60結構佳｜續強品質佳｜主力佈局語意,主力佈局優先,v266.61,2026-05-09 00:25:50,8.0,洗盤不破承接,無事件,等待下一次確認。,9.132,181,v266.62,2026-05-09 00:25:51,0.0,,NONE,413,12,NONE,平台收斂,130
WATCH,2026-05-08,2026-05-11,5432,新門,ENTRY,PRE,PRE,54.0,WAIT,BLOCK,False,147.0,0.0,0.0,8,安靜吸籌 | 均線收斂 | 接近突破 | 結構尚可,BLOCK：超出本市場狀態可執行名額｜v266.57.9：結構：平台壓縮後轉強，可優先觀察起漲/試單。｜續強：回檔承接尚可，若原策略入選，可優先觀察延續。｜突破：有轉強跡象，但突破品質尚未完全成立。,94.08,,,HIGH,高流動性,56.55,442451.0,65040297000.0,0.0,🟡 普通,50（🟡 普通）,,籌碼普通或資料有限，需搭配技術面確認。,1,部分籌碼資料有限,📉 低信心,,,達威,106.0,0.0,-106.0,0.0,0.0,1,0.0,0.0,0.0,0.0,0,TPEX,🟡 洗盤吸籌／整理換手（結構未壞）,中高,不急追；等放量突破或站穩 MA10 / MA20 再提高權重。,2026-05-09 00:25:55,behavior_interpretation,,,,,,,,,,,,,,,,,,,,,,,,,,,,,,,,,,,,,,,,,,,,,,,,,,,,,,,,,,,,,,,,,,,,MA5：依試單節奏判斷,MA20：依試單節奏判斷,,,,,MA10：依試單節奏判斷,MA5：依試單節奏判斷,MA10：依試單節奏判斷,MA20：依試單節奏判斷,突破確認K,整理後轉強,整理後轉強,MA5：依試單節奏判斷｜MA10：依試單節奏判斷｜MA20：依試單節奏判斷｜K棒：突破確認K｜K線：整理後轉強,K棒型態：突破確認K｜K線結構：整理後轉強,依原策略執行，技術欄位用於確認節奏與風險。,9.0,A,起漲結構強,20D站上MA20｜MA20走平翻揚｜MA5站上MA10｜40D平台收斂｜短中均線糾結｜40D低點守住｜接近/站回MA60｜站回60D區間中上,平台壓縮後轉強，可優先觀察起漲/試單。,v266.57.9,7.7,A,續強品質強,回檔不破前低｜低點墊高確認｜收盤守MA5｜續強確認：收盤未跌破MA5｜MA5仍在MA10上｜仍站MA20,回檔承接尚可，若原策略入選，可優先觀察延續。,v266.57.9,3.8,C,突破觀察,收盤接近高點｜突破近5日高｜短均多頭,有轉強跡象，但突破品質尚未完全成立。,v266.57.9,GENERIC,0.55,0.5,0.5,10.7,230.0,最後後處理補寫：原分數+結構前置+續強品質+突破品質；不覆蓋原策略,一般,8.774,v266.58.1,2026-05-09 00:25:47,觀察,否,,觀察,0,0,持續觀察,前狀態:nan→今日:觀察,NO,v266.60.2,8.774,30.0,0.0,0.0,0.0,12.997,292.0,20/40/60結構佳｜續強品質佳｜主力佈局語意,主力佈局優先,v266.61,2026-05-09 00:25:50,8.0,洗盤不破承接,無事件,等待下一次確認。,8.542,244,v266.62,2026-05-09 00:25:51,0.0,,NONE,422,12,NONE,平台收斂,131
WATCH,2026-05-08,2026-05-11,4953,緯軟,ENTRY,PRE,PRE,54.0,WAIT,BLOCK,False,121.0,0.0,0.0,8,波動壓縮 | 均線收斂 | 接近突破 | 結構尚可,BLOCK：超出本市場狀態可執行名額｜v266.57.9：結構：平台壓縮後轉強，可優先觀察起漲/試單。｜續強：回檔承接尚可，若原策略入選，可優先觀察延續。｜突破：尚未形成乾淨突破，不急著升級。,95.24,,,HIGH,高流動性,58.79,551383.0,66717343000.0,4.0,🟢 偏集中,66（🟢 偏集中）,法人偏多,籌碼偏集中但資料有限，可搭配技術面確認，不宜單獨重倉。,1,部分籌碼資料有限,📉 低信心,,,,1029.0,2000.0,971.0,4000.0,1.0,1,0.0,0.0,0.0,0.0,0,TPEX,⚪ 盤整觀望（等待方向）,中低,先觀察，不急進場；等突破、量能或均線方向出現。,2026-05-09 00:25:55,behavior_interpretation,,,,,,,,,,,,,,,,,,,,,,,,,,,,,,,,,,,,,,,,,,,,,,,,,,,,,,,,,,,,,,,,,,,,MA5：依試單節奏判斷,MA20：依試單節奏判斷,,,,,MA10：依試單節奏判斷,MA5：依試單節奏判斷,MA10：依試單節奏判斷,MA20：依試單節奏判斷,突破確認K,整理後轉強,整理後轉強,MA5：依試單節奏判斷｜MA10：依試單節奏判斷｜MA20：依試單節奏判斷｜K棒：突破確認K｜K線：整理後轉強,K棒型態：突破確認K｜K線結構：整理後轉強,依原策略執行，技術欄位用於確認節奏與風險。,10.0,A,起漲結構強,20D站上MA20｜MA20走平翻揚｜MA5站上MA10｜接近20日高｜40D平台收斂｜短中均線糾結｜40D低點守住｜接近/站回MA60｜站回60D區間中上,平台壓縮後轉強，可優先觀察起漲/試單。,v266.57.9,7.7,A,續強品質強,回檔不破前低｜低點墊高確認｜收盤守MA5｜續強確認：收盤未跌破MA5｜MA5仍在MA10上｜仍站MA20,回檔承接尚可，若原策略入選，可優先觀察延續。,v266.57.9,0.8,D,突破不足,短均多頭,尚未形成乾淨突破，不急著升級。,v266.57.9,GENERIC,0.55,0.5,0.5,9.75,296.0,最後後處理補寫：原分數+結構前置+續強品質+突破品質；不覆蓋原策略,一般,8.715,v266.58.1,2026-05-09 00:25:47,觀察,否,,觀察,0,0,持續觀察,前狀態:nan→今日:觀察,NO,v266.60.2,8.715,30.0,0.0,0.0,0.0,12.992,294.0,20/40/60結構佳｜續強品質佳｜主力佈局語意,主力佈局優先,v266.61,2026-05-09 00:25:50,8.0,洗盤不破承接,無事件,等待下一次確認。,8.5,247,v266.62,2026-05-09 00:25:51,0.0,,NONE,419,12,NONE,平台收斂,132
WATCH,2026-05-08,2026-05-11,2013,中鋼構,ENTRY,PRE,PRE,54.0,WAIT,BLOCK,False,42.8,0.0,0.0,8,波動壓縮 | 均線收斂 | 接近突破 | 結構尚可,BLOCK：超出本市場狀態可執行名額｜v266.57.9：結構：平台壓縮後轉強，可優先觀察起漲/試單。｜續強：回檔承接尚可，若原策略入選，可優先觀察延續。｜突破：尚未形成乾淨突破，不急著升級。,82.62,,,HIGH,高流動性,30.11,124237.0,5317343600.0,0.0,⚠️ 分散,25（⚠️ 分散）,,籌碼偏弱且資料有限，避免重倉追高。,1,部分籌碼資料有限,📉 低信心,,,中鋼構,-37000.0,0.0,47.0,-36953.0,0.0,1,0.0,0.0,0.0,0.0,0,TWSE,⚪ 盤整觀望（等待方向）,中低,先觀察，不急進場；等突破、量能或均線方向出現。,2026-05-09 00:25:55,behavior_interpretation,,,,,,,,,,,,,,,,,,,,,,,,,,,,,,,,,,,,,,,,,,,,,,,,,,,,,,,,,,,,,,,,,,,,MA5：依試單節奏判斷,MA20：依試單節奏判斷,,,,,MA10：依試單節奏判斷,MA5：依試單節奏判斷,MA10：依試單節奏判斷,MA20：依試單節奏判斷,突破確認K,整理後轉強,整理後轉強,MA5：依試單節奏判斷｜MA10：依試單節奏判斷｜MA20：依試單節奏判斷｜K棒：突破確認K｜K線：整理後轉強,K棒型態：突破確認K｜K線結構：整理後轉強,依原策略執行，技術欄位用於確認節奏與風險。,6.0,B,起漲結構中,40D平台收斂｜短中均線糾結｜40D低點守住｜接近/站回MA60｜MA60不再下彎,平台壓縮後轉強，可優先觀察起漲/試單。,v266.57.9,6.8,B,續強品質中,回檔不破前低｜低點墊高確認｜收盤守MA5｜回測守MA10｜回檔量縮,回檔承接尚可，若原策略入選，可優先觀察延續。,v266.57.9,0.2,D,突破不足,量能較前日放大｜扣分:收盤位置偏弱,尚未形成乾淨突破，不急著升級。,v266.57.9,GENERIC,0.55,0.5,0.5,6.8,459.0,最後後處理補寫：原分數+結構前置+續強品質+突破品質；不覆蓋原策略,一般,5.576,v266.58.1,2026-05-09 00:25:47,觀察,否,,觀察,0,0,持續觀察,前狀態:nan→今日:觀察,NO,v266.60.2,5.576,30.0,0.0,0.0,0.0,12.678,401.0,20/40/60結構佳｜續強品質佳｜主力佈局語意,主力佈局優先,v266.61,2026-05-09 00:25:50,8.0,洗盤不破承接,無事件,等待下一次確認。,6.303,404,v266.62,2026-05-09 00:25:51,0.0,,NONE,91,12,NONE,平台收斂,133
WATCH,2026-05-08,2026-05-11,6720,久昌,ENTRY,PRE,PRE,54.0,WAIT,BLOCK,False,163.0,0.0,0.0,8,波動壓縮 | 均線收斂 | 接近突破 | 結構尚可,BLOCK：超出本市場狀態可執行名額｜v266.57.9：結構：平台壓縮後轉強，可優先觀察起漲/試單。｜續強：回檔承接尚可，若原策略入選，可優先觀察延續。｜突破：有轉強跡象，但突破品質尚未完全成立。,83.69,,,HIGH,高流動性,34.71,91310.0,14883530000.0,4.0,🟢 偏集中,62（🟢 偏集中）,法人偏多,籌碼偏集中但資料有限，可搭配技術面確認，不宜單獨重倉。,1,部分籌碼資料有限,📉 低信心,,,,1050.0,120.0,-930.0,240.0,1.0,1,0.0,0.0,0.0,0.0,0,TPEX,⚪ 盤整觀望（等待方向）,中低,先觀察，不急進場；等突破、量能或均線方向出現。,2026-05-09 00:25:55,behavior_interpretation,,,,,,,,,,,,,,,,,,,,,,,,,,,,,,,,,,,,,,,,,,,,,,,,,,,,,,,,,,,,,,,,,,,,MA5：依試單節奏判斷,MA20：依試單節奏判斷,,,,,MA10：依試單節奏判斷,MA5：依試單節奏判斷,MA10：依試單節奏判斷,MA20：依試單節奏判斷,突破確認K,整理後轉強,整理後轉強,MA5：依試單節奏判斷｜MA10：依試單節奏判斷｜MA20：依試單節奏判斷｜K棒：突破確認K｜K線：整理後轉強,K棒型態：突破確認K｜K線結構：整理後轉強,依原策略執行，技術欄位用於確認節奏與風險。,8.0,A,起漲結構強,MA5站上MA10｜接近20日高｜40D平台收斂｜短中均線糾結｜40D低點守住｜接近/站回MA60｜MA60不再下彎,平台壓縮後轉強，可優先觀察起漲/試單。,v266.57.9,6.7,B,續強品質中,回檔不破前低｜低點墊高確認｜收盤守MA5｜續強確認：收盤未跌破MA5｜MA5仍在MA10上,回檔承接尚可，若原策略入選，可優先觀察延續。,v266.57.9,2.3,C,突破觀察,收盤接近高點｜短均多頭,有轉強跡象，但突破品質尚未完全成立。,v266.57.9,GENERIC,0.55,0.5,0.5,8.9,352.0,最後後處理補寫：原分數+結構前置+續強品質+突破品質；不覆蓋原策略,一般,8.018,v266.58.1,2026-05-09 00:25:47,觀察,否,,觀察,0,0,持續觀察,前狀態:nan→今日:觀察,NO,v266.60.2,8.018,30.0,0.0,0.0,0.0,12.922,328.0,20/40/60結構佳｜續強品質佳｜主力佈局語意,主力佈局優先,v266.61,2026-05-09 00:25:50,8.0,洗盤不破承接,無事件,等待下一次確認。,8.013,303,v266.62,2026-05-09 00:25:51,0.0,,NONE,135,12,NONE,平台收斂,134
WATCH,2026-05-08,2026-05-11,5548,安倉,ENTRY,PRE,PRE,54.0,WAIT,BLOCK,False,23.5,0.0,0.0,8,波動壓縮 | 均線收斂 | 接近突破 | 結構尚可,BLOCK：超出本市場狀態可執行名額｜v266.57.9：結構：平台壓縮後轉強，可優先觀察起漲/試單。｜續強：回檔承接尚可，若原策略入選，可優先觀察延續。｜突破：尚未形成乾淨突破，不急著升級。,73.62,,,HIGH,高流動性,11.36,34208.0,803888000.0,0.0,🟡 普通,50（🟡 普通）,,籌碼普通或資料有限，需搭配技術面確認。,1,部分籌碼資料有限,📉 低信心,,,安倉,0.0,0.0,0.0,0.0,0.0,1,0.0,0.0,0.0,0.0,0,TPEX,⚪ 盤整觀望（等待方向）,中低,先觀察，不急進場；等突破、量能或均線方向出現。,2026-05-09 00:25:55,behavior_interpretation,,,,,,,,,,,,,,,,,,,,,,,,,,,,,,,,,,,,,,,,,,,,,,,,,,,,,,,,,,,,,,,,,,,,MA5：依試單節奏判斷,MA20：依試單節奏判斷,,,,,MA10：依試單節奏判斷,MA5：依試單節奏判斷,MA10：依試單節奏判斷,MA20：依試單節奏判斷,突破確認K,整理後轉強,整理後轉強,MA5：依試單節奏判斷｜MA10：依試單節奏判斷｜MA20：依試單節奏判斷｜K棒：突破確認K｜K線：整理後轉強,K棒型態：突破確認K｜K線結構：整理後轉強,依原策略執行，技術欄位用於確認節奏與風險。,8.0,A,起漲結構強,MA5站上MA10｜40D平台收斂｜短中均線糾結｜40D低點守住｜接近/站回MA60｜MA60不再下彎｜近5日量縮,平台壓縮後轉強，可優先觀察起漲/試單。,v266.57.9,6.7,B,續強品質中,回檔不破前低｜低點墊高確認｜收盤守MA5｜續強確認：收盤未跌破MA5｜MA5仍在MA10上,回檔承接尚可，若原策略入選，可優先觀察延續。,v266.57.9,-0.2,D,突破不足,短均多頭｜扣分:收盤位置偏弱,尚未形成乾淨突破，不急著升級。,v266.57.9,GENERIC,0.55,0.5,0.5,7.65,419.0,最後後處理補寫：原分數+結構前置+續強品質+突破品質；不覆蓋原策略,一般,6.273,v266.58.1,2026-05-09 00:25:47,觀察,否,,觀察,0,0,持續觀察,前狀態:nan→今日:觀察,NO,v266.60.2,6.273,30.0,0.0,0.0,0.0,12.747,385.0,20/40/60結構佳｜續強品質佳｜主力佈局語意,主力佈局優先,v266.61,2026-05-09 00:25:50,8.0,洗盤不破承接,無事件,等待下一次確認。,6.791,378,v266.62,2026-05-09 00:25:51,0.0,,NONE,253,12,NONE,平台收斂,135
TEST,2026-05-08,2026-05-11,1477,聚陽,ENTRY,PRE,PRE,66.0,WAIT,BLOCK,False,221.5,0.0,0.0,3,波動壓縮 | 安靜吸籌 | 均線收斂 | 接近突破,BLOCK：超出本市場狀態可執行名額｜v266.57.9：結構：平台壓縮後轉強，可優先觀察起漲/試單。｜續強：回檔承接尚可，若原策略入選，可優先觀察延續。｜突破：尚未形成乾淨突破，不急著升級。,111.22,,,HIGH,高流動性,79.78,2623338.0,581069367000.0,4.0,🟢 偏集中,80（🟢 偏集中）,法人偏多,籌碼偏集中但資料有限，可搭配技術面確認，不宜單獨重倉。,1,部分籌碼資料有限,📉 低信心,,,聚陽,59593.0,643.0,31263.0,91499.0,1.0,1,0.0,0.0,0.0,0.0,0,TWSE,🟡 洗盤吸籌／整理換手（結構未壞）,中高,不急追；等放量突破或站穩 MA10 / MA20 再提高權重。,2026-05-09 00:25:55,behavior_interpretation,,,,,,,,,,,,,,,,,,,,,,,,,,,,,,,,,,,,,,,,,,,,,,,,,,,,,,,,,,,,,,,,,,,,MA5：依試單節奏判斷,MA20：依試單節奏判斷,,,,,MA10：依試單節奏判斷,MA5：依試單節奏判斷,MA10：依試單節奏判斷,MA20：依試單節奏判斷,突破確認K,整理後轉強,整理後轉強,MA5：依試單節奏判斷｜MA10：依試單節奏判斷｜MA20：依試單節奏判斷｜K棒：突破確認K｜K線：整理後轉強,K棒型態：突破確認K｜K線結構：整理後轉強,依原策略執行，技術欄位用於確認節奏與風險。,7.3,B,起漲結構中,20D站上MA20｜接近20日高｜短中均線糾結｜40D低點守住｜量縮後溫和放量｜5D動能轉正,平台壓縮後轉強，可優先觀察起漲/試單。,v266.57.9,5.5,B,續強品質中,回檔不破前低｜收盤守MA5｜續強確認：收盤未跌破MA5｜仍站MA20,回檔承接尚可，若原策略入選，可優先觀察延續。,v266.57.9,0.0,D,突破不足,,尚未形成乾淨突破，不急著升級。,v266.57.9,GENERIC,0.55,0.5,0.5,6.765,461.0,最後後處理補寫：原分數+結構前置+續強品質+突破品質；不覆蓋原策略,一般,6.267,v266.58.1,2026-05-09 00:25:47,觀察,否,,觀察,0,0,持續觀察,前狀態:nan→今日:觀察,NO,v266.60.2,6.267,30.0,0.0,0.0,0.0,13.107,235.0,20/40/60結構佳｜續強品質佳｜主力佈局語意,主力佈局優先,v266.61,2026-05-09 00:25:50,8.0,洗盤不破承接,無事件,等待下一次確認。,6.787,379,v266.62,2026-05-09 00:25:51,0.0,,NONE,252,12,NONE,平台收斂,136
WATCH,2026-05-08,2026-05-11,2412,中華電,ENTRY,PRE,PRE,54.0,WAIT,BLOCK,False,136.5,0.0,0.0,8,波動壓縮 | 均線收斂 | 接近突破 | 結構尚可,BLOCK：超出本市場狀態可執行名額｜v266.57.9：結構：平台壓縮後轉強，可優先觀察起漲/試單。｜續強：回檔承接尚可，若原策略入選，可優先觀察延續。｜突破：尚未形成乾淨突破，不急著升級。,108.12,,,HIGH,高流動性,89.76,9445587.0,1289322625500.0,0.0,❌ 極度分散,15（❌ 極度分散）,,籌碼偏弱且資料有限，避免重倉追高。,1,部分籌碼資料有限,📉 低信心,,,中華電,-821938.0,-230000.0,75468.0,-976470.0,0.0,1,0.0,0.0,0.0,0.0,0,TWSE,⚪ 盤整觀望（等待方向）,中低,先觀察，不急進場；等突破、量能或均線方向出現。,2026-05-09 00:25:55,behavior_interpretation,,,,,,,,,,,,,,,,,,,,,,,,,,,,,,,,,,,,,,,,,,,,,,,,,,,,,,,,,,,,,,,,,,,,MA5：依試單節奏判斷,MA20：依試單節奏判斷,,,,,MA10：依試單節奏判斷,MA5：依試單節奏判斷,MA10：依試單節奏判斷,MA20：依試單節奏判斷,突破確認K,整理後轉強,整理後轉強,MA5：依試單節奏判斷｜MA10：依試單節奏判斷｜MA20：依試單節奏判斷｜K棒：突破確認K｜K線：整理後轉強,K棒型態：突破確認K｜K線結構：整理後轉強,依原策略執行，技術欄位用於確認節奏與風險。,10.0,A,起漲結構強,20D站上MA20｜MA20走平翻揚｜接近20日高｜40D平台收斂｜短中均線糾結｜40D低點守住｜接近/站回MA60｜MA60不再下彎｜站回60D區間中上,平台壓縮後轉強，可優先觀察起漲/試單。,v266.57.9,6.5,B,續強品質中,回檔不破前低｜低點墊高確認｜收盤守MA5｜續強確認：收盤未跌破MA5｜仍站MA20,回檔承接尚可，若原策略入選，可優先觀察延續。,v266.57.9,1.5,D,突破不足,收盤接近高點,尚未形成乾淨突破，不急著升級。,v266.57.9,GENERIC,0.55,0.5,0.5,9.5,319.0,最後後處理補寫：原分數+結構前置+續強品質+突破品質；不覆蓋原策略,一般,7.79,v266.58.1,2026-05-09 00:25:47,觀察,否,,觀察,0,0,持續觀察,前狀態:nan→今日:觀察,NO,v266.60.2,7.79,30.0,0.0,0.0,0.0,12.899,340.0,20/40/60結構佳｜續強品質佳｜主力佈局語意,主力佈局優先,v266.61,2026-05-09 00:25:50,8.0,洗盤不破承接,無事件,等待下一次確認。,7.853,317,v266.62,2026-05-09 00:25:51,0.0,,NONE,130,12,NONE,平台收斂,137
WATCH,2026-05-08,2026-05-11,5903,全家,ENTRY,PRE,PRE,54.0,WAIT,BLOCK,False,189.5,0.0,0.0,8,波動壓縮 | 均線收斂 | 接近突破 | 結構尚可,BLOCK：超出本市場狀態可執行名額｜v266.57.9：結構：平台壓縮後轉強，可優先觀察起漲/試單。｜續強：回檔承接尚可，若原策略入選，可優先觀察延續。｜突破：有轉強跡象，但突破品質尚未完全成立。,77.25,,,HIGH,高流動性,21.8,30167.0,5716646500.0,4.0,🟢 偏集中,74（🟢 偏集中）,法人偏多,籌碼偏集中但資料有限，可搭配技術面確認，不宜單獨重倉。,1,部分籌碼資料有限,📉 低信心,,,全家,0.0,6000.0,6000.0,12000.0,1.0,1,0.0,0.0,0.0,0.0,0,TPEX,⚪ 盤整觀望（等待方向）,中低,先觀察，不急進場；等突破、量能或均線方向出現。,2026-05-09 00:25:55,behavior_interpretation,,,,,,,,,,,,,,,,,,,,,,,,,,,,,,,,,,,,,,,,,,,,,,,,,,,,,,,,,,,,,,,,,,,,MA5：依試單節奏判斷,MA20：依試單節奏判斷,,,,,MA10：依試單節奏判斷,MA5：依試單節奏判斷,MA10：依試單節奏判斷,MA20：依試單節奏判斷,突破確認K,整理後轉強,整理後轉強,MA5：依試單節奏判斷｜MA10：依試單節奏判斷｜MA20：依試單節奏判斷｜K棒：突破確認K｜K線：整理後轉強,K棒型態：突破確認K｜K線結構：整理後轉強,依原策略執行，技術欄位用於確認節奏與風險。,8.0,A,起漲結構強,MA5站上MA10｜接近20日高｜40D平台收斂｜短中均線糾結｜40D低點守住｜接近/站回MA60｜MA60不再下彎,平台壓縮後轉強，可優先觀察起漲/試單。,v266.57.9,6.7,B,續強品質中,回檔不破前低｜低點墊高確認｜收盤守MA5｜續強確認：收盤未跌破MA5｜MA5仍在MA10上,回檔承接尚可，若原策略入選，可優先觀察延續。,v266.57.9,2.3,C,突破觀察,突破近5日高｜短均多頭,有轉強跡象，但突破品質尚未完全成立。,v266.57.9,GENERIC,0.55,0.5,0.5,8.9,352.0,最後後處理補寫：原分數+結構前置+續強品質+突破品質；不覆蓋原策略,一般,8.018,v266.58.1,2026-05-09 00:25:47,觀察,否,,觀察,0,0,持續觀察,前狀態:nan→今日:觀察,NO,v266.60.2,8.018,30.0,0.0,0.0,0.0,12.922,328.0,20/40/60結構佳｜續強品質佳｜主力佈局語意,主力佈局優先,v266.61,2026-05-09 00:25:50,8.0,洗盤不破承接,無事件,等待下一次確認。,8.013,302,v266.62,2026-05-09 00:25:51,0.0,,NONE,133,12,NONE,平台收斂,138
TEST,2026-05-08,2026-05-11,9951,皇田,ENTRY,PRE,PRE,72.0,WAIT,BLOCK,False,54.8,0.0,0.0,3,波動壓縮 | 安靜吸籌 | 均線收斂 | 接近突破 | 結構尚可,BLOCK：超出本市場狀態可執行名額｜v266.57.9：結構：平台壓縮後轉強，可優先觀察起漲/試單。｜續強：回檔承接尚可，若原策略入選，可優先觀察延續。｜突破：尚未形成乾淨突破，不急著升級。,96.61,,,HIGH,高流動性,39.33,204739.0,11219697200.0,0.0,🟡 普通,50（🟡 普通）,,籌碼普通或資料有限，需搭配技術面確認。,1,部分籌碼資料有限,📉 低信心,,,皇田,0.0,0.0,0.0,0.0,0.0,1,0.0,0.0,0.0,0.0,0,TPEX,🟡 洗盤吸籌／整理換手（結構未壞）,中高,不急追；等放量突破或站穩 MA10 / MA20 再提高權重。,2026-05-09 00:25:55,behavior_interpretation,,,,,,,,,,,,,,,,,,,,,,,,,,,,,,,,,,,,,,,,,,,,,,,,,,,,,,,,,,,,,,,,,,,,MA5：依試單節奏判斷,MA20：依試單節奏判斷,,,,,MA10：依試單節奏判斷,MA5：依試單節奏判斷,MA10：依試單節奏判斷,MA20：依試單節奏判斷,突破確認K,整理後轉強,整理後轉強,MA5：依試單節奏判斷｜MA10：依試單節奏判斷｜MA20：依試單節奏判斷｜K棒：突破確認K｜K線：整理後轉強,K棒型態：突破確認K｜K線結構：整理後轉強,依原策略執行，技術欄位用於確認節奏與風險。,11.8,A,起漲結構強,MA20走平翻揚｜MA5站上MA10｜接近20日高｜40D平台收斂｜短中均線糾結｜40D低點守住｜接近/站回MA60｜站回60D區間中上｜量縮後溫和放量｜10D動能轉正,平台壓縮後轉強，可優先觀察起漲/試單。,v266.57.9,7.7,A,續強品質強,回檔不破前低｜低點墊高確認｜收盤守MA5｜續強確認：收盤未跌破MA5｜MA5仍在MA10上｜10D動能維持,回檔承接尚可，若原策略入選，可優先觀察延續。,v266.57.9,-0.2,D,突破不足,短均多頭｜扣分:收盤位置偏弱,尚未形成乾淨突破，不急著升級。,v266.57.9,GENERIC,0.55,0.5,0.5,10.24,251.0,最後後處理補寫：原分數+結構前置+續強品質+突破品質；不覆蓋原策略,一般,8.397,v266.58.1,2026-05-09 00:25:47,觀察,否,,觀察,0,0,持續觀察,前狀態:nan→今日:觀察,NO,v266.60.2,8.397,30.0,0.0,0.0,0.0,13.5,162.0,20/40/60結構佳｜續強品質佳｜主力佈局語意,主力佈局優先,v266.61,2026-05-09 00:25:50,8.0,洗盤不破承接,無事件,等待下一次確認。,8.278,266,v266.62,2026-05-09 00:25:51,0.0,,NONE,123,12,NONE,平台收斂,139
WATCH,2026-05-08,2026-05-11,2211,長榮鋼,ENTRY,PRE,PRE,54.0,WAIT,BLOCK,False,98.5,0.0,0.0,8,波動壓縮 | 均線收斂 | 接近突破 | 結構尚可,BLOCK：超出本市場狀態可執行名額｜v266.57.9：結構：平台壓縮後轉強，可優先觀察起漲/試單。｜續強：回檔承接尚可，若原策略入選，可優先觀察延續。｜突破：尚未形成乾淨突破，不急著升級。,95.46,,,HIGH,高流動性,58.87,613286.0,60408671000.0,0.0,❌ 極度分散,15（❌ 極度分散）,,籌碼偏弱且資料有限，避免重倉追高。,1,部分籌碼資料有限,📉 低信心,,,長榮鋼,-371000.0,-11070.0,3680.0,-378390.0,0.0,1,0.0,0.0,0.0,0.0,0,TWSE,⚪ 盤整觀望（等待方向）,中低,先觀察，不急進場；等突破、量能或均線方向出現。,2026-05-09 00:25:55,behavior_interpretation,,,,,,,,,,,,,,,,,,,,,,,,,,,,,,,,,,,,,,,,,,,,,,,,,,,,,,,,,,,,,,,,,,,,MA5：依試單節奏判斷,MA20：依試單節奏判斷,,,,,MA10：依試單節奏判斷,MA5：依試單節奏判斷,MA10：依試單節奏判斷,MA20：依試單節奏判斷,突破確認K,整理後轉強,整理後轉強,MA5：依試單節奏判斷｜MA10：依試單節奏判斷｜MA20：依試單節奏判斷｜K棒：突破確認K｜K線：整理後轉強,K棒型態：突破確認K｜K線結構：整理後轉強,依原策略執行，技術欄位用於確認節奏與風險。,7.8,B,起漲結構中,接近20日高｜40D平台收斂｜短中均線糾結｜40D低點守住｜接近/站回MA60｜MA60不再下彎｜5D動能轉正,平台壓縮後轉強，可優先觀察起漲/試單。,v266.57.9,5.5,B,續強品質中,回檔不破前低｜低點墊高確認｜收盤守MA5｜續強確認：收盤未跌破MA5,回檔承接尚可，若原策略入選，可優先觀察延續。,v266.57.9,-1.0,D,突破不足,扣分:收盤位置偏弱,尚未形成乾淨突破，不急著升級。,v266.57.9,GENERIC,0.55,0.5,0.5,6.54,469.0,最後後處理補寫：原分數+結構前置+續強品質+突破品質；不覆蓋原策略,一般,5.363,v266.58.1,2026-05-09 00:25:47,觀察,否,,觀察,0,0,持續觀察,前狀態:nan→今日:觀察,NO,v266.60.2,5.363,30.0,0.0,0.0,0.0,12.656,402.0,20/40/60結構佳｜續強品質佳｜主力佈局語意,主力佈局優先,v266.61,2026-05-09 00:25:50,8.0,洗盤不破承接,無事件,等待下一次確認。,6.154,408,v266.62,2026-05-09 00:25:51,0.0,,NONE,255,12,NONE,平台收斂,140
WATCH,2026-05-08,2026-05-11,7767,仁大資訊,ENTRY,PRE,PRE,54.0,WAIT,BLOCK,False,44.2,0.0,0.0,8,波動壓縮 | 均線收斂 | 接近突破 | 結構尚可,BLOCK：超出本市場狀態可執行名額｜v266.57.9：結構：平台壓縮後轉強，可優先觀察起漲/試單。｜續強：回檔承接尚可，若原策略入選，可優先觀察延續。｜突破：尚未形成乾淨突破，不急著升級。,73.12,,,HIGH,高流動性,11.13,24000.0,1060800000.0,0.0,🟡 普通,50（🟡 普通）,,籌碼普通或資料有限，需搭配技術面確認。,0,法人/融資資料有限,📉 低信心,,,仁大資訊,0.0,0.0,0.0,0.0,0.0,0,0.0,0.0,0.0,0.0,0,,⚪ 盤整觀望（等待方向）,中低,先觀察，不急進場；等突破、量能或均線方向出現。,2026-05-09 00:25:55,behavior_interpretation,,,,,,,,,,,,,,,,,,,,,,,,,,,,,,,,,,,,,,,,,,,,,,,,,,,,,,,,,,,,,,,,,,,,MA5：依試單節奏判斷,MA20：依試單節奏判斷,,,,,MA10：依試單節奏判斷,MA5：依試單節奏判斷,MA10：依試單節奏判斷,MA20：依試單節奏判斷,突破確認K,整理後轉強,整理後轉強,MA5：依試單節奏判斷｜MA10：依試單節奏判斷｜MA20：依試單節奏判斷｜K棒：突破確認K｜K線：整理後轉強,K棒型態：突破確認K｜K線結構：整理後轉強,依原策略執行，技術欄位用於確認節奏與風險。,7.0,B,起漲結構中,MA5站上MA10｜接近20日高｜40D平台收斂｜短中均線糾結｜40D低點守住｜接近/站回MA60,平台壓縮後轉強，可優先觀察起漲/試單。,v266.57.9,6.7,B,續強品質中,回檔不破前低｜低點墊高確認｜收盤守MA5｜續強確認：收盤未跌破MA5｜MA5仍在MA10上,回檔承接尚可，若原策略入選，可優先觀察延續。,v266.57.9,1.3,D,突破不足,突破近5日高｜短均多頭｜扣分:收盤位置偏弱,尚未形成乾淨突破，不急著升級。,v266.57.9,GENERIC,0.55,0.5,0.5,7.85,410.0,最後後處理補寫：原分數+結構前置+續強品質+突破品質；不覆蓋原策略,一般,6.437,v266.58.1,2026-05-09 00:25:47,觀察,否,,觀察,0,0,持續觀察,前狀態:nan→今日:觀察,NO,v266.60.2,6.437,30.0,0.0,0.0,0.0,12.764,381.0,20/40/60結構佳｜續強品質佳｜主力佈局語意,主力佈局優先,v266.61,2026-05-09 00:25:50,8.0,洗盤不破承接,無事件,等待下一次確認。,6.906,377,v266.62,2026-05-09 00:25:51,0.0,,NONE,254,12,NONE,平台收斂,141
WATCH,2026-05-08,2026-05-11,2364,倫飛,ENTRY,PRE,PRE,54.0,WAIT,BLOCK,False,63.9,0.0,0.0,8,波動壓縮 | 均線收斂 | 接近突破 | 結構尚可,BLOCK：超出本市場狀態可執行名額｜v266.57.9：結構：平台壓縮後轉強，可優先觀察起漲/試單。｜續強：回檔承接尚可，若原策略入選，可優先觀察延續。｜突破：尚未形成乾淨突破，不急著升級。,83.16,,,HIGH,高流動性,31.99,116438.0,7440388200.0,4.0,🟡 普通,60（🟡 普通）,法人偏多,籌碼普通或資料有限，需搭配技術面確認。,1,部分籌碼資料有限,📉 低信心,,,,3000.0,0.0,0.0,3000.0,1.0,1,0.0,0.0,0.0,0.0,0,TWSE,⚪ 盤整觀望（等待方向）,中低,先觀察，不急進場；等突破、量能或均線方向出現。,2026-05-09 00:25:55,behavior_interpretation,,,,,,,,,,,,,,,,,,,,,,,,,,,,,,,,,,,,,,,,,,,,,,,,,,,,,,,,,,,,,,,,,,,,MA5：依試單節奏判斷,MA20：依試單節奏判斷,,,,,MA10：依試單節奏判斷,MA5：依試單節奏判斷,MA10：依試單節奏判斷,MA20：依試單節奏判斷,突破確認K,整理後轉強,整理後轉強,MA5：依試單節奏判斷｜MA10：依試單節奏判斷｜MA20：依試單節奏判斷｜K棒：突破確認K｜K線：整理後轉強,K棒型態：突破確認K｜K線結構：整理後轉強,依原策略執行，技術欄位用於確認節奏與風險。,10.8,A,起漲結構強,MA20走平翻揚｜接近20日高｜40D平台收斂｜短中均線糾結｜40D低點守住｜接近/站回MA60｜MA60不再下彎｜站回60D區間中上｜近5日量縮｜10D動能轉正,平台壓縮後轉強，可優先觀察起漲/試單。,v266.57.9,7.8,A,續強品質強,回檔不破前低｜低點墊高確認｜收盤守MA5｜回測守MA10｜回檔量縮｜10D動能維持,回檔承接尚可，若原策略入選，可優先觀察延續。,v266.57.9,-1.0,D,突破不足,扣分:收盤位置偏弱,尚未形成乾淨突破，不急著升級。,v266.57.9,GENERIC,0.55,0.5,0.5,9.34,327.0,最後後處理補寫：原分數+結構前置+續強品質+突破品質；不覆蓋原策略,一般,8.379,v266.58.1,2026-05-09 00:25:47,觀察,否,,觀察,0,0,持續觀察,前狀態:nan→今日:觀察,NO,v266.60.2,8.379,30.0,0.0,0.0,0.0,12.958,307.0,20/40/60結構佳｜續強品質佳｜主力佈局語意,主力佈局優先,v266.61,2026-05-09 00:25:50,8.0,洗盤不破承接,無事件,等待下一次確認。,8.265,267,v266.62,2026-05-09 00:25:51,0.0,,NONE,124,12,NONE,平台收斂,142
WATCH,2026-05-08,2026-05-11,2838,聯邦銀,ENTRY,PRE,PRE,54.0,WAIT,BLOCK,False,20.55,0.0,0.0,8,波動壓縮 | 均線收斂 | 接近突破 | 結構尚可,BLOCK：超出本市場狀態可執行名額｜v266.57.9：結構：平台壓縮後轉強，可優先觀察起漲/試單。｜續強：回檔承接尚可，若原策略入選，可優先觀察延續。｜突破：有轉強跡象，但突破品質尚未完全成立。,99.28,,,HIGH,高流動性,64.51,1801637.0,37023640350.0,0.0,⚠️ 分散,25（⚠️ 分散）,,籌碼偏弱且資料有限，避免重倉追高。,1,部分籌碼資料有限,📉 低信心,,,聯邦銀,-1199998.0,0.0,22000.0,-1177998.0,0.0,1,0.0,0.0,0.0,0.0,0,TWSE,⚪ 盤整觀望（等待方向）,中低,先觀察，不急進場；等突破、量能或均線方向出現。,2026-05-09 00:25:55,behavior_interpretation,,,,,,,,,,,,,,,,,,,,,,,,,,,,,,,,,,,,,,,,,,,,,,,,,,,,,,,,,,,,,,,,,,,,MA5：依試單節奏判斷,MA20：依試單節奏判斷,,,,,MA10：依試單節奏判斷,MA5：依試單節奏判斷,MA10：依試單節奏判斷,MA20：依試單節奏判斷,突破確認K,整理後轉強,整理後轉強,MA5：依試單節奏判斷｜MA10：依試單節奏判斷｜MA20：依試單節奏判斷｜K棒：突破確認K｜K線：整理後轉強,K棒型態：突破確認K｜K線結構：整理後轉強,依原策略執行，技術欄位用於確認節奏與風險。,8.8,A,起漲結構強,MA5站上MA10｜40D平台收斂｜短中均線糾結｜40D低點守住｜接近/站回MA60｜MA60不再下彎｜站回60D區間中上｜5D動能轉正,平台壓縮後轉強，可優先觀察起漲/試單。,v266.57.9,6.7,B,續強品質中,回檔不破前低｜低點墊高確認｜收盤守MA5｜續強確認：收盤未跌破MA5｜MA5仍在MA10上,回檔承接尚可，若原策略入選，可優先觀察延續。,v266.57.9,2.0,C,突破觀察,量能較前日放大｜短均多頭,有轉強跡象，但突破品質尚未完全成立。,v266.57.9,GENERIC,0.55,0.5,0.5,9.19,334.0,最後後處理補寫：原分數+結構前置+續強品質+突破品質；不覆蓋原策略,一般,7.536,v266.58.1,2026-05-09 00:25:47,觀察,否,,觀察,0,0,持續觀察,前狀態:nan→今日:觀察,NO,v266.60.2,7.536,30.0,0.0,0.0,0.0,12.874,348.0,20/40/60結構佳｜續強品質佳｜主力佈局語意,主力佈局優先,v266.61,2026-05-09 00:25:50,8.0,洗盤不破承接,無事件,等待下一次確認。,7.675,326,v266.62,2026-05-09 00:25:51,0.0,,NONE,169,12,NONE,平台收斂,143
WATCH,2026-05-08,2026-05-11,6561,是方,ENTRY,PRE,PRE,58.0,WAIT,BLOCK,False,345.0,0.0,0.0,8,波動壓縮 | 安靜吸籌 | 均線收斂 | 結構尚可,BLOCK：超出本市場狀態可執行名額｜v266.57.9：結構：平台壓縮後轉強，可優先觀察起漲/試單。｜續強：回檔承接尚可，若原策略入選，可優先觀察延續。｜突破：有轉強跡象，但突破品質尚未完全成立。,92.79,,,HIGH,高流動性,50.53,200582.0,69200790000.0,4.0,🟢 偏集中,66（🟢 偏集中）,法人偏多,籌碼偏集中但資料有限，可搭配技術面確認，不宜單獨重倉。,1,部分籌碼資料有限,📉 低信心,,,是方,14570.0,2000.0,-12570.0,4000.0,1.0,1,0.0,0.0,0.0,0.0,0,TPEX,🟡 洗盤吸籌／整理換手（結構未壞）,中高,不急追；等放量突破或站穩 MA10 / MA20 再提高權重。,2026-05-09 00:25:55,behavior_interpretation,,,,,,,,,,,,,,,,,,,,,,,,,,,,,,,,,,,,,,,,,,,,,,,,,,,,,,,,,,,,,,,,,,,,MA5：依觀察節奏判斷,MA20：依觀察節奏判斷,,,,,MA10：依觀察節奏判斷,MA5：依觀察節奏判斷,MA10：依觀察節奏判斷,MA20：依觀察節奏判斷,整理觀察K,整理收斂,整理收斂,MA5：依觀察節奏判斷｜MA10：依觀察節奏判斷｜MA20：依觀察節奏判斷｜K棒：整理觀察K｜K線：整理收斂,K棒型態：整理觀察K｜K線結構：整理收斂,依原策略執行，技術欄位用於確認節奏與風險。,7.0,B,起漲結構中,MA5站上MA10｜40D平台收斂｜短中均線糾結｜40D低點守住｜接近/站回MA60｜MA60不再下彎,平台壓縮後轉強，可優先觀察起漲/試單。,v266.57.9,6.7,B,續強品質中,回檔不破前低｜低點墊高確認｜收盤守MA5｜續強確認：收盤未跌破MA5｜MA5仍在MA10上,回檔承接尚可，若原策略入選，可優先觀察延續。,v266.57.9,2.3,C,突破觀察,收盤接近高點｜短均多頭,有轉強跡象，但突破品質尚未完全成立。,v266.57.9,GENERIC,0.55,0.5,0.5,8.35,389.0,最後後處理補寫：原分數+結構前置+續強品質+突破品質；不覆蓋原策略,一般,7.567,v266.58.1,2026-05-09 00:25:47,觀察,否,,觀察,0,0,持續觀察,首次追蹤:觀察,NO,v266.60.2,7.567,30.0,0.0,0.0,0.0,12.997,292.0,20/40/60結構佳｜續強品質佳｜主力佈局語意,主力佈局優先,v266.61,2026-05-09 00:25:50,8.0,洗盤不破承接,無事件,等待下一次確認。,7.697,325,v266.62,2026-05-09 00:25:51,0.0,,NONE,170,12,NONE,平台收斂,144
WATCH,2026-05-08,2026-05-11,6491,晶碩,ENTRY,PRE,PRE,54.0,WAIT,BLOCK,False,283.0,0.0,0.0,8,波動壓縮 | 均線收斂 | 接近突破 | 結構尚可,BLOCK：超出本市場狀態可執行名額｜v266.57.9：結構：平台壓縮後轉強，可優先觀察起漲/試單。｜續強：回檔承接尚可，若原策略入選，可優先觀察延續。｜突破：有轉強跡象，但突破品質尚未完全成立。,93.93,,,HIGH,高流動性,57.14,361759.0,102377797000.0,4.0,🟢 偏集中,65（🟢 偏集中）,法人偏多,籌碼偏集中但資料有限，可搭配技術面確認，不宜單獨重倉。,1,部分籌碼資料有限,📉 低信心,,,,13000.0,0.0,1000.0,14000.0,1.0,1,0.0,0.0,0.0,0.0,0,TWSE,⚪ 盤整觀望（等待方向）,中低,先觀察，不急進場；等突破、量能或均線方向出現。,2026-05-09 00:25:55,behavior_interpretation,,,,,,,,,,,,,,,,,,,,,,,,,,,,,,,,,,,,,,,,,,,,,,,,,,,,,,,,,,,,,,,,,,,,MA5：依試單節奏判斷,MA20：依試單節奏判斷,,,,,MA10：依試單節奏判斷,MA5：依試單節奏判斷,MA10：依試單節奏判斷,MA20：依試單節奏判斷,突破確認K,整理後轉強,整理後轉強,MA5：依試單節奏判斷｜MA10：依試單節奏判斷｜MA20：依試單節奏判斷｜K棒：突破確認K｜K線：整理後轉強,K棒型態：突破確認K｜K線結構：整理後轉強,依原策略執行，技術欄位用於確認節奏與風險。,6.8,B,起漲結構中,40D平台收斂｜短中均線糾結｜40D低點守住｜接近/站回MA60｜MA60不再下彎｜5D動能轉正,平台壓縮後轉強，可優先觀察起漲/試單。,v266.57.9,7.0,A,續強品質強,回檔不破前低｜低點墊高確認｜收盤守MA5｜續強確認：收盤未跌破MA5｜回檔量縮,回檔承接尚可，若原策略入選，可優先觀察延續。,v266.57.9,2.4,C,突破觀察,量能較前日放大｜MA5加速上彎,有轉強跡象，但突破品質尚未完全成立。,v266.57.9,GENERIC,0.55,0.5,0.5,8.44,383.0,最後後處理補寫：原分數+結構前置+續強品質+突破品質；不覆蓋原策略,一般,7.641,v266.58.1,2026-05-09 00:25:47,觀察,否,,觀察,0,0,持續觀察,前狀態:nan→今日:觀察,NO,v266.60.2,7.641,30.0,0.0,0.0,0.0,12.884,347.0,20/40/60結構佳｜續強品質佳｜主力佈局語意,主力佈局優先,v266.61,2026-05-09 00:25:50,8.0,洗盤不破承接,無事件,等待下一次確認。,7.749,324,v266.62,2026-05-09 00:25:51,0.0,,NONE,171,12,NONE,平台收斂,145
TEST,2026-05-08,2026-05-11,6869,雲豹能源,ENTRY,PRE,PRE,66.0,WAIT,BLOCK,False,87.3,0.0,0.0,3,波動壓縮 | 安靜吸籌 | 均線收斂 | 接近突破,BLOCK：超出本市場狀態可執行名額｜v266.57.9：結構：平台壓縮後轉強，可優先觀察起漲/試單。｜續強：回檔承接尚可，若原策略入選，可優先觀察延續。｜突破：尚未形成乾淨突破，不急著升級。,103.68,,,HIGH,高流動性,62.04,826992.0,72196401600.0,4.0,🟢 偏集中,71（🟢 偏集中）,法人偏多,籌碼偏集中但資料有限，可搭配技術面確認，不宜單獨重倉。,1,部分籌碼資料有限,📉 低信心,,,,26000.0,0.0,0.0,26000.0,1.0,1,0.0,0.0,0.0,0.0,0,TWSE,🟡 洗盤吸籌／整理換手（結構未壞）,中高,不急追；等放量突破或站穩 MA10 / MA20 再提高權重。,2026-05-09 00:25:55,behavior_interpretation,,,,,,,,,,,,,,,,,,,,,,,,,,,,,,,,,,,,,,,,,,,,,,,,,,,,,,,,,,,,,,,,,,,,MA5：依試單節奏判斷,MA20：依試單節奏判斷,,,,,MA10：依試單節奏判斷,MA5：依試單節奏判斷,MA10：依試單節奏判斷,MA20：依試單節奏判斷,突破確認K,整理後轉強,整理後轉強,MA5：依試單節奏判斷｜MA10：依試單節奏判斷｜MA20：依試單節奏判斷｜K棒：突破確認K｜K線：整理後轉強,K棒型態：突破確認K｜K線結構：整理後轉強,依原策略執行，技術欄位用於確認節奏與風險。,9.3,A,起漲結構強,20D站上MA20｜MA20走平翻揚｜MA5站上MA10｜接近20日高｜短中均線糾結｜40D低點守住｜量縮後溫和放量｜5D動能轉正,平台壓縮後轉強，可優先觀察起漲/試單。,v266.57.9,7.7,A,續強品質強,回檔不破前低｜低點墊高確認｜收盤守MA5｜續強確認：收盤未跌破MA5｜MA5仍在MA10上｜仍站MA20,回檔承接尚可，若原策略入選，可優先觀察延續。,v266.57.9,0.8,D,突破不足,短均多頭,尚未形成乾淨突破，不急著升級。,v266.57.9,GENERIC,0.55,0.5,0.5,9.365,326.0,最後後處理補寫：原分數+結構前置+續強品質+突破品質；不覆蓋原策略,一般,8.399,v266.58.1,2026-05-09 00:25:47,觀察,否,,觀察,0,0,持續觀察,前狀態:nan→今日:觀察,NO,v266.60.2,8.399,30.0,0.0,0.0,0.0,13.32,186.0,20/40/60結構佳｜續強品質佳｜主力佈局語意,主力佈局優先,v266.61,2026-05-09 00:25:50,8.0,洗盤不破承接,無事件,等待下一次確認。,8.279,265,v266.62,2026-05-09 00:25:51,0.0,,NONE,186,12,NONE,平台收斂,146
WATCH,2026-05-08,2026-05-11,6185,幃翔,ENTRY,PRE,PRE,54.0,WAIT,BLOCK,False,13.85,0.0,0.0,8,波動壓縮 | 均線收斂 | 接近突破 | 結構尚可,BLOCK：超出本市場狀態可執行名額｜v266.57.9：結構：平台壓縮後轉強，可優先觀察起漲/試單。｜續強：回檔承接尚可，若原策略入選，可優先觀察延續。｜突破：尚未形成乾淨突破，不急著升級。,87.03,,,HIGH,高流動性,37.65,345452.0,4784510200.0,0.0,🟡 普通,50（🟡 普通）,,籌碼普通或資料有限，需搭配技術面確認。,1,部分籌碼資料有限,📉 低信心,,,幃翔,0.0,0.0,0.0,0.0,0.0,1,0.0,0.0,0.0,0.0,0,TPEX,⚪ 盤整觀望（等待方向）,中低,先觀察，不急進場；等突破、量能或均線方向出現。,2026-05-09 00:25:55,behavior_interpretation,,,,,,,,,,,,,,,,,,,,,,,,,,,,,,,,,,,,,,,,,,,,,,,,,,,,,,,,,,,,,,,,,,,,MA5：依試單節奏判斷,MA20：依試單節奏判斷,,,,,MA10：依試單節奏判斷,MA5：依試單節奏判斷,MA10：依試單節奏判斷,MA20：依試單節奏判斷,突破確認K,整理後轉強,整理後轉強,MA5：依試單節奏判斷｜MA10：依試單節奏判斷｜MA20：依試單節奏判斷｜K棒：突破確認K｜K線：整理後轉強,K棒型態：突破確認K｜K線結構：整理後轉強,依原策略執行，技術欄位用於確認節奏與風險。,6.0,B,起漲結構中,MA5站上MA10｜40D平台收斂｜短中均線糾結｜40D低點守住｜接近/站回MA60,平台壓縮後轉強，可優先觀察起漲/試單。,v266.57.9,6.7,B,續強品質中,回檔不破前低｜低點墊高確認｜收盤守MA5｜續強確認：收盤未跌破MA5｜MA5仍在MA10上,回檔承接尚可，若原策略入選，可優先觀察延續。,v266.57.9,0.8,D,突破不足,短均多頭,尚未形成乾淨突破，不急著升級。,v266.57.9,GENERIC,0.55,0.5,0.5,7.05,449.0,最後後處理補寫：原分數+結構前置+續強品質+突破品質；不覆蓋原策略,一般,5.781,v266.58.1,2026-05-09 00:25:47,觀察,否,,觀察,0,0,持續觀察,前狀態:nan→今日:觀察,NO,v266.60.2,5.781,30.0,0.0,0.0,0.0,12.698,397.0,20/40/60結構佳｜續強品質佳｜主力佈局語意,主力佈局優先,v266.61,2026-05-09 00:25:50,8.0,洗盤不破承接,無事件,等待下一次確認。,6.447,397,v266.62,2026-05-09 00:25:51,0.0,,NONE,234,12,NONE,平台收斂,147
WATCH,2026-05-08,2026-05-11,4205,中華食,ENTRY,PRE,PRE,54.0,WAIT,BLOCK,False,74.0,0.0,0.0,8,波動壓縮 | 均線收斂 | 接近突破 | 結構尚可,BLOCK：超出本市場狀態可執行名額｜v266.57.9：結構：平台壓縮後轉強，可優先觀察起漲/試單。｜續強：回檔承接尚可，若原策略入選，可優先觀察延續。｜突破：有轉強跡象，但突破品質尚未完全成立。,77.1,,,HIGH,高流動性,19.64,42703.0,3160022000.0,0.0,🟡 普通,50（🟡 普通）,,籌碼普通或資料有限，需搭配技術面確認。,1,部分籌碼資料有限,📉 低信心,,,中華食,0.0,0.0,0.0,0.0,0.0,1,0.0,0.0,0.0,0.0,0,TPEX,⚪ 盤整觀望（等待方向）,中低,先觀察，不急進場；等突破、量能或均線方向出現。,2026-05-09 00:25:55,behavior_interpretation,,,,,,,,,,,,,,,,,,,,,,,,,,,,,,,,,,,,,,,,,,,,,,,,,,,,,,,,,,,,,,,,,,,,MA5：依試單節奏判斷,MA20：依試單節奏判斷,,,,,MA10：依試單節奏判斷,MA5：依試單節奏判斷,MA10：依試單節奏判斷,MA20：依試單節奏判斷,突破確認K,整理後轉強,整理後轉強,MA5：依試單節奏判斷｜MA10：依試單節奏判斷｜MA20：依試單節奏判斷｜K棒：突破確認K｜K線：整理後轉強,K棒型態：突破確認K｜K線結構：整理後轉強,依原策略執行，技術欄位用於確認節奏與風險。,6.0,B,起漲結構中,MA5站上MA10｜40D平台收斂｜短中均線糾結｜40D低點守住｜接近/站回MA60,平台壓縮後轉強，可優先觀察起漲/試單。,v266.57.9,6.7,B,續強品質中,回檔不破前低｜低點墊高確認｜收盤守MA5｜續強確認：收盤未跌破MA5｜MA5仍在MA10上,回檔承接尚可，若原策略入選，可優先觀察延續。,v266.57.9,3.8,C,突破觀察,收盤接近高點｜突破近5日高｜短均多頭,有轉強跡象，但突破品質尚未完全成立。,v266.57.9,GENERIC,0.55,0.5,0.5,8.55,367.0,最後後處理補寫：原分數+結構前置+續強品質+突破品質；不覆蓋原策略,一般,7.011,v266.58.1,2026-05-09 00:25:47,觀察,否,,觀察,0,0,持續觀察,前狀態:nan→今日:觀察,NO,v266.60.2,7.011,30.0,0.0,0.0,0.0,12.821,364.0,20/40/60結構佳｜續強品質佳｜主力佈局語意,主力佈局優先,v266.61,2026-05-09 00:25:50,8.0,洗盤不破承接,無事件,等待下一次確認。,7.308,351,v266.62,2026-05-09 00:25:51,0.0,,NONE,145,12,NONE,平台收斂,148
WATCH,2026-05-08,2026-05-11,4106,雃博,ENTRY,PRE,PRE,54.0,WAIT,BLOCK,False,22.2,0.0,0.0,8,波動壓縮 | 均線收斂 | 接近突破 | 結構尚可,BLOCK：超出本市場狀態可執行名額｜v266.57.9：結構：平台壓縮後轉強，可優先觀察起漲/試單。｜續強：回檔承接尚可，若原策略入選，可優先觀察延續。｜突破：有轉強跡象，但突破品質尚未完全成立。,78.98,,,HIGH,高流動性,21.44,87999.0,1953577800.0,0.0,⚠️ 分散,33（⚠️ 分散）,,籌碼普通或資料有限，需搭配技術面確認。,1,部分籌碼資料有限,📉 低信心,,,雃博,-18000.0,0.0,0.0,-18000.0,0.0,1,0.0,0.0,0.0,0.0,0,TWSE,⚪ 盤整觀望（等待方向）,中低,先觀察，不急進場；等突破、量能或均線方向出現。,2026-05-09 00:25:55,behavior_interpretation,,,,,,,,,,,,,,,,,,,,,,,,,,,,,,,,,,,,,,,,,,,,,,,,,,,,,,,,,,,,,,,,,,,,MA5：依試單節奏判斷,MA20：依試單節奏判斷,,,,,MA10：依試單節奏判斷,MA5：依試單節奏判斷,MA10：依試單節奏判斷,MA20：依試單節奏判斷,突破確認K,整理後轉強,整理後轉強,MA5：依試單節奏判斷｜MA10：依試單節奏判斷｜MA20：依試單節奏判斷｜K棒：突破確認K｜K線：整理後轉強,K棒型態：突破確認K｜K線結構：整理後轉強,依原策略執行，技術欄位用於確認節奏與風險。,8.0,A,起漲結構強,接近20日高｜40D平台收斂｜短中均線糾結｜40D低點守住｜接近/站回MA60｜量縮後溫和放量,平台壓縮後轉強，可優先觀察起漲/試單。,v266.57.9,5.3,B,續強品質中,回檔不破前低｜低點墊高確認｜收盤守MA5｜回測守MA10,回檔承接尚可，若原策略入選，可優先觀察延續。,v266.57.9,3.0,C,突破觀察,收盤接近高點｜突破近5日高,有轉強跡象，但突破品質尚未完全成立。,v266.57.9,GENERIC,0.55,0.5,0.5,8.55,367.0,最後後處理補寫：原分數+結構前置+續強品質+突破品質；不覆蓋原策略,一般,7.011,v266.58.1,2026-05-09 00:25:47,觀察,否,,觀察,0,0,持續觀察,前狀態:nan→今日:觀察,NO,v266.60.2,7.011,30.0,0.0,0.0,0.0,12.821,364.0,20/40/60結構佳｜續強品質佳｜主力佈局語意,主力佈局優先,v266.61,2026-05-09 00:25:50,8.0,洗盤不破承接,無事件,等待下一次確認。,7.308,350,v266.62,2026-05-09 00:25:51,0.0,,NONE,146,12,NONE,平台收斂,149
WATCH,2026-05-08,2026-05-11,1525,江申,ENTRY,PRE,PRE,54.0,WAIT,BLOCK,False,61.7,0.0,0.0,8,波動壓縮 | 均線收斂 | 接近突破 | 結構尚可,BLOCK：超出本市場狀態可執行名額｜v266.57.9：結構：平台壓縮後轉強，可優先觀察起漲/試單。｜續強：回檔承接尚可，若原策略入選，可優先觀察延續。｜突破：尚未形成乾淨突破，不急著升級。,70.92,,,HIGH,高流動性,8.13,13561.0,836713700.0000001,4.0,🟢 偏集中,61（🟢 偏集中）,法人偏多,籌碼偏集中但資料有限，可搭配技術面確認，不宜單獨重倉。,1,部分籌碼資料有限,📉 低信心,,,江申,-12000.0,0.0,17010.0,5010.0,1.0,1,0.0,0.0,0.0,0.0,0,TWSE,⚪ 盤整觀望（等待方向）,中低,先觀察，不急進場；等突破、量能或均線方向出現。,2026-05-09 00:25:55,behavior_interpretation,,,,,,,,,,,,,,,,,,,,,,,,,,,,,,,,,,,,,,,,,,,,,,,,,,,,,,,,,,,,,,,,,,,,MA5：依試單節奏判斷,MA20：依試單節奏判斷,,,,,MA10：依試單節奏判斷,MA5：依試單節奏判斷,MA10：依試單節奏判斷,MA20：依試單節奏判斷,突破確認K,整理後轉強,整理後轉強,MA5：依試單節奏判斷｜MA10：依試單節奏判斷｜MA20：依試單節奏判斷｜K棒：突破確認K｜K線：整理後轉強,K棒型態：突破確認K｜K線結構：整理後轉強,依原策略執行，技術欄位用於確認節奏與風險。,9.6,A,起漲結構強,20D站上MA20｜MA5站上MA10｜40D平台收斂｜短中均線糾結｜40D低點守住｜接近/站回MA60｜MA60不再下彎｜5D動能轉正｜10D動能轉正,平台壓縮後轉強，可優先觀察起漲/試單。,v266.57.9,7.0,A,續強品質強,回檔不破前低｜低點墊高確認｜回測守MA10｜MA5仍在MA10上｜仍站MA20｜10D動能維持,回檔承接尚可，若原策略入選，可優先觀察延續。,v266.57.9,-0.2,D,突破不足,短均多頭｜扣分:收盤位置偏弱,尚未形成乾淨突破，不急著升級。,v266.57.9,GENERIC,0.55,0.5,0.5,8.68,365.0,最後後處理補寫：原分數+結構前置+續強品質+突破品質；不覆蓋原策略,一般,7.838,v266.58.1,2026-05-09 00:25:47,觀察,否,,觀察,0,0,持續觀察,前狀態:nan→今日:觀察,NO,v266.60.2,7.838,30.0,0.0,0.0,0.0,12.904,337.0,20/40/60結構佳｜續強品質佳｜主力佈局語意,主力佈局優先,v266.61,2026-05-09 00:25:50,8.0,洗盤不破承接,無事件,等待下一次確認。,7.887,314,v266.62,2026-05-09 00:25:51,0.0,,NONE,149,12,NONE,平台收斂,150
WATCH,2026-05-08,2026-05-11,1537,廣隆,ENTRY,PRE,PRE,54.0,WAIT,BLOCK,False,122.5,0.0,0.0,8,安靜吸籌 | 均線收斂 | 接近突破 | 結構尚可,BLOCK：超出本市場狀態可執行名額｜v266.57.9：結構：平台壓縮後轉強，可優先觀察起漲/試單。｜續強：回檔承接尚可，若原策略入選，可優先觀察延續。｜突破：尚未形成乾淨突破，不急著升級。,83.28,,,HIGH,高流動性,33.36,94892.0,11624270000.0,4.0,🟢 偏集中,69（🟢 偏集中）,法人偏多,籌碼偏集中但資料有限，可搭配技術面確認，不宜單獨重倉。,1,部分籌碼資料有限,📉 低信心,,,廣隆,22000.0,0.0,0.0,22000.0,1.0,1,0.0,0.0,0.0,0.0,0,TWSE,🟡 洗盤吸籌／整理換手（結構未壞）,中高,不急追；等放量突破或站穩 MA10 / MA20 再提高權重。,2026-05-09 00:25:55,behavior_interpretation,,,,,,,,,,,,,,,,,,,,,,,,,,,,,,,,,,,,,,,,,,,,,,,,,,,,,,,,,,,,,,,,,,,,MA5：依試單節奏判斷,MA20：依試單節奏判斷,,,,,MA10：依試單節奏判斷,MA5：依試單節奏判斷,MA10：依試單節奏判斷,MA20：依試單節奏判斷,突破確認K,整理後轉強,整理後轉強,MA5：依試單節奏判斷｜MA10：依試單節奏判斷｜MA20：依試單節奏判斷｜K棒：突破確認K｜K線：整理後轉強,K棒型態：突破確認K｜K線結構：整理後轉強,依原策略執行，技術欄位用於確認節奏與風險。,9.0,A,起漲結構強,接近20日高｜40D平台收斂｜短中均線糾結｜40D低點守住｜接近/站回MA60｜MA60不再下彎｜量縮後溫和放量,平台壓縮後轉強，可優先觀察起漲/試單。,v266.57.9,5.3,B,續強品質中,回檔不破前低｜低點墊高確認｜收盤守MA5｜回測守MA10,回檔承接尚可，若原策略入選，可優先觀察延續。,v266.57.9,0.2,D,突破不足,量能較前日放大｜扣分:收盤位置偏弱,尚未形成乾淨突破，不急著升級。,v266.57.9,GENERIC,0.55,0.5,0.5,7.7,416.0,最後後處理補寫：原分數+結構前置+續強品質+突破品質；不覆蓋原策略,一般,7.034,v266.58.1,2026-05-09 00:25:47,觀察,否,,觀察,0,0,持續觀察,首次追蹤:觀察,NO,v266.60.2,7.034,30.0,0.0,0.0,0.0,12.823,363.0,20/40/60結構佳｜續強品質佳｜主力佈局語意,主力佈局優先,v266.61,2026-05-09 00:25:50,8.0,洗盤不破承接,無事件,等待下一次確認。,7.324,344,v266.62,2026-05-09 00:25:51,0.0,,NONE,151,12,NONE,平台收斂,151
WATCH,2026-05-08,2026-05-11,9925,新保,ENTRY,PRE,PRE,54.0,WAIT,BLOCK,False,40.4,0.0,0.0,8,波動壓縮 | 均線收斂 | 接近突破 | 結構尚可,BLOCK：超出本市場狀態可執行名額｜v266.57.9：結構：平台壓縮後轉強，可優先觀察起漲/試單。｜續強：回檔承接尚可，若原策略入選，可優先觀察延續。｜突破：尚未形成乾淨突破，不急著升級。,82.83,,,HIGH,高流動性,30.49,130482.0,5271472800.0,0.0,⚠️ 分散,25（⚠️ 分散）,,籌碼偏弱且資料有限，避免重倉追高。,1,部分籌碼資料有限,📉 低信心,,,新保,-114000.0,0.0,0.0,-114000.0,0.0,1,0.0,0.0,0.0,0.0,0,TWSE,⚪ 盤整觀望（等待方向）,中低,先觀察，不急進場；等突破、量能或均線方向出現。,2026-05-09 00:25:55,behavior_interpretation,,,,,,,,,,,,,,,,,,,,,,,,,,,,,,,,,,,,,,,,,,,,,,,,,,,,,,,,,,,,,,,,,,,,MA5：依試單節奏判斷,MA20：依試單節奏判斷,,,,,MA10：依試單節奏判斷,MA5：依試單節奏判斷,MA10：依試單節奏判斷,MA20：依試單節奏判斷,突破確認K,整理後轉強,整理後轉強,MA5：依試單節奏判斷｜MA10：依試單節奏判斷｜MA20：依試單節奏判斷｜K棒：突破確認K｜K線：整理後轉強,K棒型態：突破確認K｜K線結構：整理後轉強,依原策略執行，技術欄位用於確認節奏與風險。,7.8,B,起漲結構中,接近20日高｜40D平台收斂｜短中均線糾結｜40D低點守住｜接近/站回MA60｜MA60不再下彎｜5D動能轉正,平台壓縮後轉強，可優先觀察起漲/試單。,v266.57.9,7.0,A,續強品質強,回檔不破前低｜低點墊高確認｜收盤守MA5｜續強確認：收盤未跌破MA5｜回檔量縮,回檔承接尚可，若原策略入選，可優先觀察延續。,v266.57.9,1.7,D,突破不足,突破近5日高｜MA5加速上彎｜扣分:收盤位置偏弱,尚未形成乾淨突破，不急著升級。,v266.57.9,GENERIC,0.55,0.5,0.5,8.64,366.0,最後後處理補寫：原分數+結構前置+續強品質+突破品質；不覆蓋原策略,一般,7.085,v266.58.1,2026-05-09 00:25:47,觀察,否,,觀察,0,0,持續觀察,前狀態:nan→今日:觀察,NO,v266.60.2,7.085,30.0,0.0,0.0,0.0,12.828,362.0,20/40/60結構佳｜續強品質佳｜主力佈局語意,主力佈局優先,v266.61,2026-05-09 00:25:50,8.0,洗盤不破承接,無事件,等待下一次確認。,7.359,343,v266.62,2026-05-09 00:25:51,0.0,,NONE,152,12,NONE,平台收斂,152
TEST,2026-05-08,2026-05-11,8931,大汽電,ENTRY,PRE,PRE,72.0,WAIT,BLOCK,False,41.6,0.0,0.0,3,波動壓縮 | 安靜吸籌 | 均線收斂 | 接近突破 | 結構尚可,BLOCK：超出本市場狀態可執行名額｜v266.57.9：結構：平台壓縮後轉強，可優先觀察起漲/試單。｜續強：回檔承接尚可，若原策略入選，可優先觀察延續。｜突破：有轉強跡象，但突破品質尚未完全成立。,86.77,,,HIGH,高流動性,18.17,50401.0,2096681600.0,4.0,🟢 偏集中,72（🟢 偏集中）,法人偏多,籌碼偏集中但資料有限，可搭配技術面確認，不宜單獨重倉。,1,部分籌碼資料有限,📉 低信心,,,,4000.0,5000.0,1000.0,10000.0,1.0,1,0.0,0.0,0.0,0.0,0,TPEX,🟡 洗盤吸籌／整理換手（結構未壞）,中高,不急追；等放量突破或站穩 MA10 / MA20 再提高權重。,2026-05-09 00:25:55,behavior_interpretation,,,,,,,,,,,,,,,,,,,,,,,,,,,,,,,,,,,,,,,,,,,,,,,,,,,,,,,,,,,,,,,,,,,,MA5：依試單節奏判斷,MA20：依試單節奏判斷,,,,,MA10：依試單節奏判斷,MA5：依試單節奏判斷,MA10：依試單節奏判斷,MA20：依試單節奏判斷,突破確認K,整理後轉強,整理後轉強,MA5：依試單節奏判斷｜MA10：依試單節奏判斷｜MA20：依試單節奏判斷｜K棒：突破確認K｜K線：整理後轉強,K棒型態：突破確認K｜K線結構：整理後轉強,依原策略執行，技術欄位用於確認節奏與風險。,6.0,B,起漲結構中,MA5站上MA10｜接近20日高｜40D平台收斂｜短中均線糾結｜40D低點守住,平台壓縮後轉強，可優先觀察起漲/試單。,v266.57.9,6.7,B,續強品質中,回檔不破前低｜低點墊高確認｜收盤守MA5｜續強確認：收盤未跌破MA5｜MA5仍在MA10上,回檔承接尚可，若原策略入選，可優先觀察延續。,v266.57.9,2.3,C,突破觀察,突破近5日高｜短均多頭,有轉強跡象，但突破品質尚未完全成立。,v266.57.9,GENERIC,0.55,0.5,0.5,7.8,414.0,最後後處理補寫：原分數+結構前置+續強品質+突破品質；不覆蓋原策略,一般,7.116,v266.58.1,2026-05-09 00:25:47,觀察,否,,觀察,0,0,持續觀察,前狀態:nan→今日:觀察,NO,v266.60.2,7.116,30.0,0.0,0.0,0.0,13.372,178.0,20/40/60結構佳｜續強品質佳｜主力佈局語意,主力佈局優先,v266.61,2026-05-09 00:25:50,8.0,洗盤不破承接,無事件,等待下一次確認。,7.381,342,v266.62,2026-05-09 00:25:51,0.0,,NONE,153,12,NONE,平台收斂,153
WATCH,2026-05-08,2026-05-11,5460,同協,ENTRY,PRE,PRE,54.0,WAIT,BLOCK,False,15.05,0.0,0.0,8,波動壓縮 | 均線收斂 | 接近突破 | 結構尚可,BLOCK：超出本市場狀態可執行名額｜v266.57.9：結構：平台壓縮後轉強，可優先觀察起漲/試單。｜續強：回檔承接尚可，若原策略入選，可優先觀察延續。｜突破：尚未形成乾淨突破，不急著升級。,75.47,,,HIGH,高流動性,14.1,55797.0,839744850.0000001,0.0,🟡 普通,50（🟡 普通）,,籌碼普通或資料有限，需搭配技術面確認。,1,部分籌碼資料有限,📉 低信心,,,,0.0,0.0,0.0,0.0,0.0,1,0.0,0.0,0.0,0.0,0,TPEX,⚪ 盤整觀望（等待方向）,中低,先觀察，不急進場；等突破、量能或均線方向出現。,2026-05-09 00:25:55,behavior_interpretation,,,,,,,,,,,,,,,,,,,,,,,,,,,,,,,,,,,,,,,,,,,,,,,,,,,,,,,,,,,,,,,,,,,,MA5：依試單節奏判斷,MA20：依試單節奏判斷,,,,,MA10：依試單節奏判斷,MA5：依試單節奏判斷,MA10：依試單節奏判斷,MA20：依試單節奏判斷,突破確認K,整理後轉強,整理後轉強,MA5：依試單節奏判斷｜MA10：依試單節奏判斷｜MA20：依試單節奏判斷｜K棒：突破確認K｜K線：整理後轉強,K棒型態：突破確認K｜K線結構：整理後轉強,依原策略執行，技術欄位用於確認節奏與風險。,9.0,A,起漲結構強,20D站上MA20｜MA20走平翻揚｜MA5站上MA10｜40D平台收斂｜短中均線糾結｜40D低點守住｜接近/站回MA60｜站回60D區間中上,平台壓縮後轉強，可優先觀察起漲/試單。,v266.57.9,7.7,A,續強品質強,回檔不破前低｜低點墊高確認｜收盤守MA5｜續強確認：收盤未跌破MA5｜MA5仍在MA10上｜仍站MA20,回檔承接尚可，若原策略入選，可優先觀察延續。,v266.57.9,-0.2,D,突破不足,短均多頭｜扣分:收盤位置偏弱,尚未形成乾淨突破，不急著升級。,v266.57.9,GENERIC,0.55,0.5,0.5,8.7,364.0,最後後處理補寫：原分數+結構前置+續強品質+突破品質；不覆蓋原策略,一般,7.134,v266.58.1,2026-05-09 00:25:47,觀察,否,,觀察,0,0,持續觀察,前狀態:nan→今日:觀察,NO,v266.60.2,7.134,30.0,0.0,0.0,0.0,12.833,361.0,20/40/60結構佳｜續強品質佳｜主力佈局語意,主力佈局優先,v266.61,2026-05-09 00:25:50,8.0,洗盤不破承接,無事件,等待下一次確認。,7.394,341,v266.62,2026-05-09 00:25:51,0.0,,NONE,154,12,NONE,平台收斂,154
TEST,2026-05-08,2026-05-11,2729,瓦城,ENTRY,PRE,PRE,72.0,WAIT,BLOCK,False,166.0,0.0,0.0,3,波動壓縮 | 安靜吸籌 | 均線收斂 | 接近突破 | 結構尚可,BLOCK：超出本市場狀態可執行名額｜v266.57.9：結構：平台壓縮後轉強，可優先觀察起漲/試單。｜續強：回檔承接尚可，若原策略入選，可優先觀察延續。｜突破：尚未形成乾淨突破，不急著升級。,88.27,,,HIGH,高流動性,23.78,38702.0,6424532000.0,0.0,🟡 普通,50（🟡 普通）,,籌碼普通或資料有限，需搭配技術面確認。,1,部分籌碼資料有限,📉 低信心,,,瓦城,0.0,0.0,0.0,0.0,0.0,1,0.0,0.0,0.0,0.0,0,TPEX,🟡 洗盤吸籌／整理換手（結構未壞）,中高,不急追；等放量突破或站穩 MA10 / MA20 再提高權重。,2026-05-09 00:25:55,behavior_interpretation,,,,,,,,,,,,,,,,,,,,,,,,,,,,,,,,,,,,,,,,,,,,,,,,,,,,,,,,,,,,,,,,,,,,MA5：依試單節奏判斷,MA20：依試單節奏判斷,,,,,MA10：依試單節奏判斷,MA5：依試單節奏判斷,MA10：依試單節奏判斷,MA20：依試單節奏判斷,突破確認K,整理後轉強,整理後轉強,MA5：依試單節奏判斷｜MA10：依試單節奏判斷｜MA20：依試單節奏判斷｜K棒：突破確認K｜K線：整理後轉強,K棒型態：突破確認K｜K線結構：整理後轉強,依原策略執行，技術欄位用於確認節奏與風險。,6.0,B,起漲結構中,MA5站上MA10｜40D平台收斂｜短中均線糾結｜40D低點守住｜接近/站回MA60,平台壓縮後轉強，可優先觀察起漲/試單。,v266.57.9,6.7,B,續強品質中,回檔不破前低｜低點墊高確認｜收盤守MA5｜續強確認：收盤未跌破MA5｜MA5仍在MA10上,回檔承接尚可，若原策略入選，可優先觀察延續。,v266.57.9,0.8,D,突破不足,短均多頭,尚未形成乾淨突破，不急著升級。,v266.57.9,GENERIC,0.55,0.5,0.5,7.05,449.0,最後後處理補寫：原分數+結構前置+續強品質+突破品質；不覆蓋原策略,一般,5.781,v266.58.1,2026-05-09 00:25:47,觀察,否,,觀察,0,0,持續觀察,前狀態:nan→今日:觀察,NO,v266.60.2,5.781,30.0,0.0,0.0,0.0,13.238,199.0,20/40/60結構佳｜續強品質佳｜主力佈局語意,主力佈局優先,v266.61,2026-05-09 00:25:50,8.0,洗盤不破承接,無事件,等待下一次確認。,6.447,396,v266.62,2026-05-09 00:25:51,0.0,,NONE,235,12,NONE,平台收斂,155
WATCH,2026-05-08,2026-05-11,4702,中美實,ENTRY,PRE,PRE,54.0,WAIT,BLOCK,False,9.67,0.0,0.0,8,波動壓縮 | 均線收斂 | 接近突破 | 結構尚可,BLOCK：超出本市場狀態可執行名額｜v266.57.9：結構：平台壓縮後轉強，可優先觀察起漲/試單。｜續強：回檔承接尚可，若原策略入選，可優先觀察延續。｜突破：尚未形成乾淨突破，不急著升級。,79.22,,,HIGH,高流動性,20.73,116490.0,1126458300.0,0.0,🟡 普通,50（🟡 普通）,,籌碼普通或資料有限，需搭配技術面確認。,1,部分籌碼資料有限,📉 低信心,,,中美實,0.0,0.0,0.0,0.0,0.0,1,0.0,0.0,0.0,0.0,0,TPEX,⚪ 盤整觀望（等待方向）,中低,先觀察，不急進場；等突破、量能或均線方向出現。,2026-05-09 00:25:55,behavior_interpretation,,,,,,,,,,,,,,,,,,,,,,,,,,,,,,,,,,,,,,,,,,,,,,,,,,,,,,,,,,,,,,,,,,,,MA5：依試單節奏判斷,MA20：依試單節奏判斷,,,,,MA10：依試單節奏判斷,MA5：依試單節奏判斷,MA10：依試單節奏判斷,MA20：依試單節奏判斷,突破確認K,整理後轉強,整理後轉強,MA5：依試單節奏判斷｜MA10：依試單節奏判斷｜MA20：依試單節奏判斷｜K棒：突破確認K｜K線：整理後轉強,K棒型態：突破確認K｜K線結構：整理後轉強,依原策略執行，技術欄位用於確認節奏與風險。,7.0,B,起漲結構中,MA5站上MA10｜40D平台收斂｜短中均線糾結｜40D低點守住｜接近/站回MA60｜MA60不再下彎,平台壓縮後轉強，可優先觀察起漲/試單。,v266.57.9,6.7,B,續強品質中,回檔不破前低｜低點墊高確認｜收盤守MA5｜續強確認：收盤未跌破MA5｜MA5仍在MA10上,回檔承接尚可，若原策略入選，可優先觀察延續。,v266.57.9,-0.2,D,突破不足,短均多頭｜扣分:收盤位置偏弱,尚未形成乾淨突破，不急著升級。,v266.57.9,GENERIC,0.55,0.5,0.5,7.1,443.0,最後後處理補寫：原分數+結構前置+續強品質+突破品質；不覆蓋原策略,一般,5.822,v266.58.1,2026-05-09 00:25:47,觀察,否,,觀察,0,0,持續觀察,前狀態:nan→今日:觀察,NO,v266.60.2,5.822,30.0,0.0,0.0,0.0,12.702,394.0,20/40/60結構佳｜續強品質佳｜主力佈局語意,主力佈局優先,v266.61,2026-05-09 00:25:50,8.0,洗盤不破承接,無事件,等待下一次確認。,6.475,395,v266.62,2026-05-09 00:25:51,0.0,,NONE,236,12,NONE,平台收斂,156
WATCH,2026-05-08,2026-05-11,5209,新鼎,ENTRY,PRE,PRE,54.0,WAIT,BLOCK,False,164.0,0.0,0.0,8,波動壓縮 | 均線收斂 | 接近突破 | 結構尚可,BLOCK：超出本市場狀態可執行名額｜v266.57.9：結構：平台壓縮後轉強，可優先觀察起漲/試單。｜續強：回檔承接尚可，若原策略入選，可優先觀察延續。｜突破：尚未形成乾淨突破，不急著升級。,82.14,,,HIGH,高流動性,31.43,72587.0,11904268000.0,0.0,🟡 普通,50（🟡 普通）,,籌碼普通或資料有限，需搭配技術面確認。,1,部分籌碼資料有限,📉 低信心,,,新鼎,0.0,0.0,0.0,0.0,0.0,1,0.0,0.0,0.0,0.0,0,TPEX,⚪ 盤整觀望（等待方向）,中低,先觀察，不急進場；等突破、量能或均線方向出現。,2026-05-09 00:25:55,behavior_interpretation,,,,,,,,,,,,,,,,,,,,,,,,,,,,,,,,,,,,,,,,,,,,,,,,,,,,,,,,,,,,,,,,,,,,MA5：依試單節奏判斷,MA20：依試單節奏判斷,,,,,MA10：依試單節奏判斷,MA5：依試單節奏判斷,MA10：依試單節奏判斷,MA20：依試單節奏判斷,突破確認K,整理後轉強,整理後轉強,MA5：依試單節奏判斷｜MA10：依試單節奏判斷｜MA20：依試單節奏判斷｜K棒：突破確認K｜K線：整理後轉強,K棒型態：突破確認K｜K線結構：整理後轉強,依原策略執行，技術欄位用於確認節奏與風險。,7.0,B,起漲結構中,MA5站上MA10｜接近20日高｜40D平台收斂｜短中均線糾結｜40D低點守住｜接近/站回MA60,平台壓縮後轉強，可優先觀察起漲/試單。,v266.57.9,6.7,B,續強品質中,回檔不破前低｜低點墊高確認｜收盤守MA5｜續強確認：收盤未跌破MA5｜MA5仍在MA10上,回檔承接尚可，若原策略入選，可優先觀察延續。,v266.57.9,-0.2,D,突破不足,短均多頭｜扣分:收盤位置偏弱,尚未形成乾淨突破，不急著升級。,v266.57.9,GENERIC,0.55,0.5,0.5,7.1,443.0,最後後處理補寫：原分數+結構前置+續強品質+突破品質；不覆蓋原策略,一般,5.822,v266.58.1,2026-05-09 00:25:47,觀察,否,,觀察,0,0,持續觀察,前狀態:nan→今日:觀察,NO,v266.60.2,5.822,30.0,0.0,0.0,0.0,12.702,394.0,20/40/60結構佳｜續強品質佳｜主力佈局語意,主力佈局優先,v266.61,2026-05-09 00:25:50,8.0,洗盤不破承接,無事件,等待下一次確認。,6.475,394,v266.62,2026-05-09 00:25:51,0.0,,NONE,237,12,NONE,平台收斂,157
WATCH,2026-05-08,2026-05-11,6516,勤崴國際,ENTRY,PRE,PRE,54.0,WAIT,BLOCK,False,58.5,0.0,0.0,8,安靜吸籌 | 均線收斂 | 放量吸收 | 結構尚可,BLOCK：超出本市場狀態可執行名額｜v266.57.9：結構：平台壓縮後轉強，可優先觀察起漲/試單。｜續強：回檔承接尚可，若原策略入選，可優先觀察延續。｜突破：尚未形成乾淨突破，不急著升級。,88.03,,,HIGH,高流動性,42.25,243693.0,14256040500.0,0.0,🟡 普通,50（🟡 普通）,,籌碼普通或資料有限，需搭配技術面確認。,1,部分籌碼資料有限,📉 低信心,,,勤崴國際,0.0,0.0,0.0,0.0,0.0,1,0.0,0.0,0.0,0.0,0,TPEX,🟡 洗盤吸籌／整理換手（結構未壞）,中高,不急追；等放量突破或站穩 MA10 / MA20 再提高權重。,2026-05-09 00:25:55,behavior_interpretation,,,,,,,,,,,,,,,,,,,,,,,,,,,,,,,,,,,,,,,,,,,,,,,,,,,,,,,,,,,,,,,,,,,,MA5：依觀察節奏判斷,MA20：依觀察節奏判斷,,,,,MA10：依觀察節奏判斷,MA5：依觀察節奏判斷,MA10：依觀察節奏判斷,MA20：依觀察節奏判斷,整理觀察K,整理收斂,整理收斂,MA5：依觀察節奏判斷｜MA10：依觀察節奏判斷｜MA20：依觀察節奏判斷｜K棒：整理觀察K｜K線：整理收斂,K棒型態：整理觀察K｜K線結構：整理收斂,依原策略執行，技術欄位用於確認節奏與風險。,7.0,B,起漲結構中,MA5站上MA10｜40D平台收斂｜短中均線糾結｜40D低點守住｜量縮後溫和放量,平台壓縮後轉強，可優先觀察起漲/試單。,v266.57.9,6.7,B,續強品質中,回檔不破前低｜低點墊高確認｜收盤守MA5｜續強確認：收盤未跌破MA5｜MA5仍在MA10上,回檔承接尚可，若原策略入選，可優先觀察延續。,v266.57.9,-0.2,D,突破不足,短均多頭｜扣分:收盤位置偏弱,尚未形成乾淨突破，不急著升級。,v266.57.9,GENERIC,0.55,0.5,0.5,7.1,443.0,最後後處理補寫：原分數+結構前置+續強品質+突破品質；不覆蓋原策略,一般,5.822,v266.58.1,2026-05-09 00:25:47,觀察,否,,觀察,0,0,持續觀察,前狀態:nan→今日:觀察,NO,v266.60.2,5.822,30.0,0.0,0.0,0.0,12.702,394.0,20/40/60結構佳｜續強品質佳｜主力佈局語意,主力佈局優先,v266.61,2026-05-09 00:25:50,8.0,洗盤不破承接,無事件,等待下一次確認。,6.475,393,v266.62,2026-05-09 00:25:51,0.0,,NONE,238,12,NONE,平台收斂,158
WATCH,2026-05-08,2026-05-11,2903,遠百,ENTRY,PRE,PRE,54.0,WAIT,BLOCK,False,22.15,0.0,0.0,8,波動壓縮 | 均線收斂 | 接近突破 | 結構尚可,BLOCK：超出本市場狀態可執行名額｜v266.57.9：結構：平台壓縮後轉強，可優先觀察起漲/試單。｜續強：回檔承接尚可，若原策略入選，可優先觀察延續。｜突破：尚未形成乾淨突破，不急著升級。,99.83,,,HIGH,高流動性,66.08,2017490.0,44687403500.0,0.0,❌ 極度分散,15（❌ 極度分散）,,籌碼偏弱且資料有限，避免重倉追高。,1,部分籌碼資料有限,📉 低信心,,,遠百,-594000.0,-190000.0,5000.0,-779000.0,0.0,1,0.0,0.0,0.0,0.0,0,TWSE,⚪ 盤整觀望（等待方向）,中低,先觀察，不急進場；等突破、量能或均線方向出現。,2026-05-09 00:25:55,behavior_interpretation,,,,,,,,,,,,,,,,,,,,,,,,,,,,,,,,,,,,,,,,,,,,,,,,,,,,,,,,,,,,,,,,,,,,MA5：依試單節奏判斷,MA20：依試單節奏判斷,,,,,MA10：依試單節奏判斷,MA5：依試單節奏判斷,MA10：依試單節奏判斷,MA20：依試單節奏判斷,突破確認K,整理後轉強,整理後轉強,MA5：依試單節奏判斷｜MA10：依試單節奏判斷｜MA20：依試單節奏判斷｜K棒：突破確認K｜K線：整理後轉強,K棒型態：突破確認K｜K線結構：整理後轉強,依原策略執行，技術欄位用於確認節奏與風險。,6.0,B,起漲結構中,40D平台收斂｜短中均線糾結｜40D低點守住｜接近/站回MA60｜MA60不再下彎,平台壓縮後轉強，可優先觀察起漲/試單。,v266.57.9,5.0,B,續強品質中,回檔不破前低｜低點墊高確認｜收盤守MA5｜回檔量縮｜扣分:跌破短均,回檔承接尚可，若原策略入選，可優先觀察延續。,v266.57.9,-1.0,D,突破不足,扣分:收盤位置偏弱,尚未形成乾淨突破，不急著升級。,v266.57.9,GENERIC,0.55,0.5,0.5,5.3,498.0,最後後處理補寫：原分數+結構前置+續強品質+突破品質；不覆蓋原策略,一般,4.346,v266.58.1,2026-05-09 00:25:47,觀察,否,,觀察,0,0,持續觀察,前狀態:nan→今日:觀察,NO,v266.60.2,4.346,30.0,0.0,0.0,0.0,12.555,410.0,20/40/60結構佳｜續強品質佳｜主力佈局語意,主力佈局優先,v266.61,2026-05-09 00:25:50,8.0,洗盤不破承接,無事件,等待下一次確認。,5.442,419,v266.62,2026-05-09 00:25:51,0.0,,NONE,244,12,NONE,平台收斂,159
WATCH,2026-05-08,2026-05-11,1720,生達,ENTRY,PRE,PRE,54.0,WAIT,BLOCK,False,61.1,0.0,0.0,8,波動壓縮 | 均線收斂 | 接近突破 | 結構尚可,BLOCK：超出本市場狀態可執行名額｜v266.57.9：結構：平台壓縮後轉強，可優先觀察起漲/試單。｜續強：回檔承接尚可，若原策略入選，可優先觀察延續。｜突破：尚未形成乾淨突破，不急著升級。,88.06,,,HIGH,高流動性,42.35,241638.0,14764081800.0,0.0,⚠️ 分散,25（⚠️ 分散）,,籌碼偏弱且資料有限，避免重倉追高。,1,部分籌碼資料有限,📉 低信心,,,,-60000.0,0.0,0.0,-60000.0,0.0,1,0.0,0.0,0.0,0.0,0,TWSE,⚪ 盤整觀望（等待方向）,中低,先觀察，不急進場；等突破、量能或均線方向出現。,2026-05-09 00:25:55,behavior_interpretation,,,,,,,,,,,,,,,,,,,,,,,,,,,,,,,,,,,,,,,,,,,,,,,,,,,,,,,,,,,,,,,,,,,,MA5：依試單節奏判斷,MA20：依試單節奏判斷,,,,,MA10：依試單節奏判斷,MA5：依試單節奏判斷,MA10：依試單節奏判斷,MA20：依試單節奏判斷,突破確認K,整理後轉強,整理後轉強,MA5：依試單節奏判斷｜MA10：依試單節奏判斷｜MA20：依試單節奏判斷｜K棒：突破確認K｜K線：整理後轉強,K棒型態：突破確認K｜K線結構：整理後轉強,依原策略執行，技術欄位用於確認節奏與風險。,6.0,B,起漲結構中,40D平台收斂｜短中均線糾結｜40D低點守住｜接近/站回MA60｜MA60不再下彎,平台壓縮後轉強，可優先觀察起漲/試單。,v266.57.9,7.0,A,續強品質強,回檔不破前低｜低點墊高確認｜收盤守MA5｜續強確認：收盤未跌破MA5｜回檔量縮,回檔承接尚可，若原策略入選，可優先觀察延續。,v266.57.9,-2.2,D,突破不足,扣分:收盤位置偏弱、上影偏長,尚未形成乾淨突破，不急著升級。,v266.57.9,GENERIC,0.55,0.5,0.5,5.7,492.0,最後後處理補寫：原分數+結構前置+續強品質+突破品質；不覆蓋原策略,一般,4.674,v266.58.1,2026-05-09 00:25:47,觀察,否,,觀察,0,0,持續觀察,前狀態:nan→今日:觀察,NO,v266.60.2,4.674,30.0,0.0,0.0,0.0,12.587,409.0,20/40/60結構佳｜續強品質佳｜主力佈局語意,主力佈局優先,v266.61,2026-05-09 00:25:50,8.0,洗盤不破承接,無事件,等待下一次確認。,5.672,417,v266.62,2026-05-09 00:25:51,0.0,,NONE,246,12,NONE,平台收斂,160
WATCH,2026-05-08,2026-05-11,2906,高林,ENTRY,PRE,PRE,54.0,WAIT,BLOCK,False,12.4,0.0,0.0,8,波動壓縮 | 均線收斂 | 接近突破 | 結構尚可,BLOCK：超出本市場狀態可執行名額｜v266.57.9：結構：平台壓縮後轉強，可優先觀察起漲/試單。｜續強：回檔承接尚可，若原策略入選，可優先觀察延續。｜突破：尚未形成乾淨突破，不急著升級。,77.56,,,HIGH,高流動性,17.61,83908.0,1040459200.0,0.0,⚠️ 分散,28（⚠️ 分散）,,籌碼偏弱且資料有限，避免重倉追高。,1,部分籌碼資料有限,📉 低信心,,,高林,-29000.0,0.0,0.0,-29000.0,0.0,1,0.0,0.0,0.0,0.0,0,TWSE,⚪ 盤整觀望（等待方向）,中低,先觀察，不急進場；等突破、量能或均線方向出現。,2026-05-09 00:25:55,behavior_interpretation,,,,,,,,,,,,,,,,,,,,,,,,,,,,,,,,,,,,,,,,,,,,,,,,,,,,,,,,,,,,,,,,,,,,MA5：依試單節奏判斷,MA20：依試單節奏判斷,,,,,MA10：依試單節奏判斷,MA5：依試單節奏判斷,MA10：依試單節奏判斷,MA20：依試單節奏判斷,突破確認K,整理後轉強,整理後轉強,MA5：依試單節奏判斷｜MA10：依試單節奏判斷｜MA20：依試單節奏判斷｜K棒：突破確認K｜K線：整理後轉強,K棒型態：突破確認K｜K線結構：整理後轉強,依原策略執行，技術欄位用於確認節奏與風險。,6.8,B,起漲結構中,40D平台收斂｜短中均線糾結｜40D低點守住｜接近/站回MA60｜MA60不再下彎｜5D動能轉正,平台壓縮後轉強，可優先觀察起漲/試單。,v266.57.9,5.0,B,續強品質中,回檔不破前低｜低點墊高確認｜收盤守MA5｜回檔量縮｜扣分:跌破短均,回檔承接尚可，若原策略入選，可優先觀察延續。,v266.57.9,-1.0,D,突破不足,扣分:收盤位置偏弱,尚未形成乾淨突破，不急著升級。,v266.57.9,GENERIC,0.55,0.5,0.5,5.74,491.0,最後後處理補寫：原分數+結構前置+續強品質+突破品質；不覆蓋原策略,一般,4.707,v266.58.1,2026-05-09 00:25:47,觀察,否,,觀察,0,0,持續觀察,前狀態:nan→今日:觀察,NO,v266.60.2,4.707,30.0,0.0,0.0,0.0,12.591,408.0,20/40/60結構佳｜續強品質佳｜主力佈局語意,主力佈局優先,v266.61,2026-05-09 00:25:50,8.0,洗盤不破承接,無事件,等待下一次確認。,5.695,415,v266.62,2026-05-09 00:25:51,0.0,,NONE,248,12,NONE,平台收斂,161
WATCH,2026-05-08,2026-05-11,1108,幸福,ENTRY,PRE,PRE,54.0,WAIT,BLOCK,False,14.55,0.0,0.0,8,波動壓縮 | 均線收斂 | 接近突破 | 結構尚可,BLOCK：超出本市場狀態可執行名額｜v266.57.9：結構：平台壓縮後轉強，可優先觀察起漲/試單。｜續強：回檔承接尚可，若原策略入選，可優先觀察延續。｜突破：尚未形成乾淨突破，不急著升級。,81.15,,,HIGH,高流動性,25.28,141483.0,2058577650.0,0.0,⚠️ 分散,28（⚠️ 分散）,,籌碼偏弱且資料有限，避免重倉追高。,1,部分籌碼資料有限,📉 低信心,,,幸福,-29000.0,0.0,0.0,-29000.0,0.0,1,0.0,0.0,0.0,0.0,0,TWSE,⚪ 盤整觀望（等待方向）,中低,先觀察，不急進場；等突破、量能或均線方向出現。,2026-05-09 00:25:55,behavior_interpretation,,,,,,,,,,,,,,,,,,,,,,,,,,,,,,,,,,,,,,,,,,,,,,,,,,,,,,,,,,,,,,,,,,,,MA5：依試單節奏判斷,MA20：依試單節奏判斷,,,,,MA10：依試單節奏判斷,MA5：依試單節奏判斷,MA10：依試單節奏判斷,MA20：依試單節奏判斷,突破確認K,整理後轉強,整理後轉強,MA5：依試單節奏判斷｜MA10：依試單節奏判斷｜MA20：依試單節奏判斷｜K棒：突破確認K｜K線：整理後轉強,K棒型態：突破確認K｜K線結構：整理後轉強,依原策略執行，技術欄位用於確認節奏與風險。,7.0,B,起漲結構中,接近20日高｜40D平台收斂｜短中均線糾結｜40D低點守住｜接近/站回MA60｜近5日量縮,平台壓縮後轉強，可優先觀察起漲/試單。,v266.57.9,5.3,B,續強品質中,回檔不破前低｜低點墊高確認｜收盤守MA5｜回測守MA10,回檔承接尚可，若原策略入選，可優先觀察延續。,v266.57.9,-1.0,D,突破不足,扣分:收盤位置偏弱,尚未形成乾淨突破，不急著升級。,v266.57.9,GENERIC,0.55,0.5,0.5,6.0,484.0,最後後處理補寫：原分數+結構前置+續強品質+突破品質；不覆蓋原策略,一般,4.92,v266.58.1,2026-05-09 00:25:47,觀察,否,,觀察,0,0,持續觀察,前狀態:nan→今日:觀察,NO,v266.60.2,4.92,30.0,0.0,0.0,0.0,12.612,407.0,20/40/60結構佳｜續強品質佳｜主力佈局語意,主力佈局優先,v266.61,2026-05-09 00:25:50,8.0,洗盤不破承接,無事件,等待下一次確認。,5.844,414,v266.62,2026-05-09 00:25:51,0.0,,NONE,249,12,NONE,平台收斂,162
TEST,2026-05-08,2026-05-11,5468,凱鈺,ENTRY,PRE,PRE,72.0,WAIT,BLOCK,False,17.8,0.0,0.0,3,波動壓縮 | 安靜吸籌 | 均線收斂 | 放量吸收 | 結構尚可,BLOCK：超出本市場狀態可執行名額｜v266.57.9：結構：平台壓縮後轉強，可優先觀察起漲/試單。｜續強：回檔承接尚可，若原策略入選，可優先觀察延續。｜突破：尚未形成乾淨突破，不急著升級。,109.56,,,HIGH,高流動性,65.6,2103099.0,37435162200.0,0.0,🟡 普通,50（🟡 普通）,,籌碼普通或資料有限，需搭配技術面確認。,1,部分籌碼資料有限,📉 低信心,,,,0.0,0.0,0.0,0.0,0.0,1,0.0,0.0,0.0,0.0,0,TPEX,🟡 洗盤吸籌／整理換手（結構未壞）,中高,不急追；等放量突破或站穩 MA10 / MA20 再提高權重。,2026-05-09 00:25:55,behavior_interpretation,,,,,,,,,,,,,,,,,,,,,,,,,,,,,,,,,,,,,,,,,,,,,,,,,,,,,,,,,,,,,,,,,,,,MA5：依試單節奏判斷,MA20：依試單節奏判斷,,,,,MA10：依試單節奏判斷,MA5：依試單節奏判斷,MA10：依試單節奏判斷,MA20：依試單節奏判斷,突破確認K,整理後轉強,整理後轉強,MA5：依試單節奏判斷｜MA10：依試單節奏判斷｜MA20：依試單節奏判斷｜K棒：突破確認K｜K線：整理後轉強,K棒型態：突破確認K｜K線結構：整理後轉強,依原策略執行，技術欄位用於確認節奏與風險。,9.0,A,起漲結構強,MA5站上MA10｜40D平台收斂｜短中均線糾結｜40D低點守住｜接近/站回MA60｜站回60D區間中上｜量縮後溫和放量,平台壓縮後轉強，可優先觀察起漲/試單。,v266.57.9,5.5,B,續強品質中,回檔不破前低｜低點墊高確認｜收盤守MA5｜續強確認：收盤未跌破MA5｜MA5仍在MA10上｜扣分:回檔量放大,回檔承接尚可，若原策略入選，可優先觀察延續。,v266.57.9,-0.2,D,突破不足,短均多頭｜扣分:收盤位置偏弱,尚未形成乾淨突破，不急著升級。,v266.57.9,GENERIC,0.55,0.5,0.5,7.6,421.0,最後後處理補寫：原分數+結構前置+續強品質+突破品質；不覆蓋原策略,一般,6.232,v266.58.1,2026-05-09 00:25:47,觀察,否,,觀察,0,0,持續觀察,前狀態:nan→今日:觀察,NO,v266.60.2,6.232,30.0,0.0,0.0,0.0,13.283,193.0,20/40/60結構佳｜續強品質佳｜主力佈局語意,主力佈局優先,v266.61,2026-05-09 00:25:50,8.0,洗盤不破承接,無事件,等待下一次確認。,6.762,380,v266.62,2026-05-09 00:25:51,0.0,,NONE,251,12,NONE,平台收斂,163
WATCH,2026-05-08,2026-05-11,2820,華票,ENTRY,PRE,PRE,54.0,WAIT,BLOCK,False,16.85,0.0,0.0,8,波動壓縮 | 均線收斂 | 接近突破 | 結構尚可,BLOCK：超出本市場狀態可執行名額｜v266.57.9：結構：平台壓縮後轉強，可優先觀察起漲/試單。｜續強：回檔承接尚可，若原策略入選，可優先觀察延續。｜突破：尚未形成乾淨突破，不急著升級。,95.37,,,HIGH,高流動性,55.77,1088081.0,18334164850.0,0.0,⚠️ 分散,25（⚠️ 分散）,,籌碼偏弱且資料有限，避免重倉追高。,1,部分籌碼資料有限,📉 低信心,,,華票,-512000.0,0.0,0.0,-512000.0,0.0,1,0.0,0.0,0.0,0.0,0,TWSE,⚪ 盤整觀望（等待方向）,中低,先觀察，不急進場；等突破、量能或均線方向出現。,2026-05-09 00:25:55,behavior_interpretation,,,,,,,,,,,,,,,,,,,,,,,,,,,,,,,,,,,,,,,,,,,,,,,,,,,,,,,,,,,,,,,,,,,,MA5：依試單節奏判斷,MA20：依試單節奏判斷,,,,,MA10：依試單節奏判斷,MA5：依試單節奏判斷,MA10：依試單節奏判斷,MA20：依試單節奏判斷,突破確認K,整理後轉強,整理後轉強,MA5：依試單節奏判斷｜MA10：依試單節奏判斷｜MA20：依試單節奏判斷｜K棒：突破確認K｜K線：整理後轉強,K棒型態：突破確認K｜K線結構：整理後轉強,依原策略執行，技術欄位用於確認節奏與風險。,9.0,A,起漲結構強,MA20走平翻揚｜接近20日高｜40D平台收斂｜短中均線糾結｜40D低點守住｜接近/站回MA60｜MA60不再下彎｜站回60D區間中上,平台壓縮後轉強，可優先觀察起漲/試單。,v266.57.9,5.3,B,續強品質中,回檔不破前低｜低點墊高確認｜收盤守MA5｜回測守MA10,回檔承接尚可，若原策略入選，可優先觀察延續。,v266.57.9,0.0,D,突破不足,,尚未形成乾淨突破，不急著升級。,v266.57.9,GENERIC,0.55,0.5,0.5,7.6,421.0,最後後處理補寫：原分數+結構前置+續強品質+突破品質；不覆蓋原策略,一般,6.232,v266.58.1,2026-05-09 00:25:47,觀察,否,,觀察,0,0,持續觀察,前狀態:nan→今日:觀察,NO,v266.60.2,6.232,30.0,0.0,0.0,0.0,12.743,386.0,20/40/60結構佳｜續強品質佳｜主力佈局語意,主力佈局優先,v266.61,2026-05-09 00:25:50,8.0,洗盤不破承接,無事件,等待下一次確認。,6.762,381,v266.62,2026-05-09 00:25:51,0.0,,NONE,250,12,NONE,平台收斂,164
TEST,2026-05-08,2026-05-11,8171,天宇,ENTRY,PRE,PRE,66.0,WAIT,BLOCK,False,23.7,0.0,0.0,3,波動壓縮 | 安靜吸籌 | 均線收斂 | 接近突破,BLOCK：超出本市場狀態可執行名額｜v266.57.9：結構：平台壓縮後轉強，可優先觀察起漲/試單。｜續強：回檔承接尚可，若原策略入選，可優先觀察延續。｜突破：有轉強跡象，但突破品質尚未完全成立。,99.78,,,HIGH,高流動性,51.7,700820.0,16609434000.0,0.0,🟡 普通,50（🟡 普通）,,籌碼普通或資料有限，需搭配技術面確認。,1,部分籌碼資料有限,📉 低信心,,,,0.0,0.0,0.0,0.0,0.0,1,0.0,0.0,0.0,0.0,0,TPEX,🟡 洗盤吸籌／整理換手（結構未壞）,中高,不急追；等放量突破或站穩 MA10 / MA20 再提高權重。,2026-05-09 00:25:55,behavior_interpretation,,,,,,,,,,,,,,,,,,,,,,,,,,,,,,,,,,,,,,,,,,,,,,,,,,,,,,,,,,,,,,,,,,,,MA5：依試單節奏判斷,MA20：依試單節奏判斷,,,,,MA10：依試單節奏判斷,MA5：依試單節奏判斷,MA10：依試單節奏判斷,MA20：依試單節奏判斷,突破確認K,整理後轉強,整理後轉強,MA5：依試單節奏判斷｜MA10：依試單節奏判斷｜MA20：依試單節奏判斷｜K棒：突破確認K｜K線：整理後轉強,K棒型態：突破確認K｜K線結構：整理後轉強,依原策略執行，技術欄位用於確認節奏與風險。,6.8,B,起漲結構中,MA5站上MA10｜40D平台收斂｜短中均線糾結｜量縮後溫和放量｜10D動能轉正,平台壓縮後轉強，可優先觀察起漲/試單。,v266.57.9,7.7,A,續強品質強,回檔不破前低｜低點墊高確認｜收盤守MA5｜續強確認：收盤未跌破MA5｜MA5仍在MA10上｜10D動能維持,回檔承接尚可，若原策略入選，可優先觀察延續。,v266.57.9,2.3,C,突破觀察,收盤接近高點｜短均多頭,有轉強跡象，但突破品質尚未完全成立。,v266.57.9,GENERIC,0.55,0.5,0.5,8.74,360.0,最後後處理補寫：原分數+結構前置+續強品質+突破品質；不覆蓋原策略,一般,7.167,v266.58.1,2026-05-09 00:25:47,觀察,否,,觀察,0,0,持續觀察,首次追蹤:觀察,NO,v266.60.2,7.167,30.0,0.0,0.0,0.0,13.197,207.0,20/40/60結構佳｜續強品質佳｜主力佈局語意,主力佈局優先,v266.61,2026-05-09 00:25:50,8.0,洗盤不破承接,無事件,等待下一次確認。,7.417,340,v266.62,2026-05-09 00:25:51,0.0,,NONE,155,12,NONE,平台收斂,165
WATCH,2026-05-08,2026-05-11,1713,國化,ENTRY,PRE,PRE,54.0,WAIT,BLOCK,False,47.5,0.0,0.0,8,波動壓縮 | 均線收斂 | 接近突破 | 結構尚可,BLOCK：超出本市場狀態可執行名額｜v266.57.9：結構：平台壓縮後轉強，可優先觀察起漲/試單。｜續強：回檔承接尚可，若原策略入選，可優先觀察延續。｜突破：尚未形成乾淨突破，不急著升級。,84.89,,,HIGH,高流動性,35.09,168413.0,7999617500.0,0.0,⚠️ 分散,25（⚠️ 分散）,,籌碼偏弱且資料有限，避免重倉追高。,1,部分籌碼資料有限,📉 低信心,,,國化,-294000.0,0.0,0.0,-294000.0,0.0,1,0.0,0.0,0.0,0.0,0,TWSE,⚪ 盤整觀望（等待方向）,中低,先觀察，不急進場；等突破、量能或均線方向出現。,2026-05-09 00:25:55,behavior_interpretation,,,,,,,,,,,,,,,,,,,,,,,,,,,,,,,,,,,,,,,,,,,,,,,,,,,,,,,,,,,,,,,,,,,,MA5：依試單節奏判斷,MA20：依試單節奏判斷,,,,,MA10：依試單節奏判斷,MA5：依試單節奏判斷,MA10：依試單節奏判斷,MA20：依試單節奏判斷,突破確認K,整理後轉強,整理後轉強,MA5：依試單節奏判斷｜MA10：依試單節奏判斷｜MA20：依試單節奏判斷｜K棒：突破確認K｜K線：整理後轉強,K棒型態：突破確認K｜K線結構：整理後轉強,依原策略執行，技術欄位用於確認節奏與風險。,9.8,A,起漲結構強,20D站上MA20｜MA20走平翻揚｜接近20日高｜40D平台收斂｜短中均線糾結｜40D低點守住｜接近/站回MA60｜站回60D區間中上｜5D動能轉正,平台壓縮後轉強，可優先觀察起漲/試單。,v266.57.9,6.5,B,續強品質中,回檔不破前低｜低點墊高確認｜收盤守MA5｜續強確認：收盤未跌破MA5｜仍站MA20,回檔承接尚可，若原策略入選，可優先觀察延續。,v266.57.9,0.2,D,突破不足,MA5加速上彎｜扣分:收盤位置偏弱,尚未形成乾淨突破，不急著升級。,v266.57.9,GENERIC,0.55,0.5,0.5,8.74,360.0,最後後處理補寫：原分數+結構前置+續強品質+突破品質；不覆蓋原策略,一般,7.167,v266.58.1,2026-05-09 00:25:47,觀察,否,,觀察,0,0,持續觀察,前狀態:nan→今日:觀察,NO,v266.60.2,7.167,30.0,0.0,0.0,0.0,12.837,360.0,20/40/60結構佳｜續強品質佳｜主力佈局語意,主力佈局優先,v266.61,2026-05-09 00:25:50,8.0,洗盤不破承接,無事件,等待下一次確認。,7.417,339,v266.62,2026-05-09 00:25:51,0.0,,NONE,156,12,NONE,平台收斂,166
WATCH,2026-05-08,2026-05-11,1533,車王電,ENTRY,PRE,PRE,54.0,WAIT,BLOCK,False,33.85,0.0,0.0,8,安靜吸籌 | 均線收斂 | 接近突破 | 結構尚可,BLOCK：超出本市場狀態可執行名額｜v266.57.9：結構：平台壓縮後轉強，可優先觀察起漲/試單。｜續強：回檔承接尚可，若原策略入選，可優先觀察延續。｜突破：尚未形成乾淨突破，不急著升級。,96.43,,,HIGH,高流動性,59.35,978234.0,33113220900.000004,0.0,⚠️ 分散,30（⚠️ 分散）,,籌碼偏弱且資料有限，避免重倉追高。,1,部分籌碼資料有限,📉 低信心,,,,-25000.0,0.0,0.0,-25000.0,0.0,1,0.0,0.0,0.0,0.0,0,TWSE,🟡 洗盤吸籌／整理換手（結構未壞）,中高,不急追；等放量突破或站穩 MA10 / MA20 再提高權重。,2026-05-09 00:25:55,behavior_interpretation,,,,,,,,,,,,,,,,,,,,,,,,,,,,,,,,,,,,,,,,,,,,,,,,,,,,,,,,,,,,,,,,,,,,MA5：依試單節奏判斷,MA20：依試單節奏判斷,,,,,MA10：依試單節奏判斷,MA5：依試單節奏判斷,MA10：依試單節奏判斷,MA20：依試單節奏判斷,突破確認K,整理後轉強,整理後轉強,MA5：依試單節奏判斷｜MA10：依試單節奏判斷｜MA20：依試單節奏判斷｜K棒：突破確認K｜K線：整理後轉強,K棒型態：突破確認K｜K線結構：整理後轉強,依原策略執行，技術欄位用於確認節奏與風險。,10.1,A,起漲結構強,20D站上MA20｜MA20走平翻揚｜MA5站上MA10｜40D平台收斂｜短中均線糾結｜40D低點守住｜接近/站回MA60｜MA60不再下彎｜站回60D區間中上｜5D動能轉正｜10D動能轉正｜扣分:單日爆量偏高,平台壓縮後轉強，可優先觀察起漲/試單。,v266.57.9,7.5,A,續強品質強,回檔不破前低｜低點墊高確認｜收盤守MA5｜續強確認：收盤未跌破MA5｜MA5仍在MA10上｜仍站MA20｜10D動能維持｜扣分:回檔量放大,回檔承接尚可，若原策略入選，可優先觀察延續。,v266.57.9,1.0,D,突破不足,量能較前日放大｜短均多頭｜扣分:收盤位置偏弱,尚未形成乾淨突破，不急著升級。,v266.57.9,GENERIC,0.55,0.5,0.5,9.805,290.0,最後後處理補寫：原分數+結構前置+續強品質+突破品質；不覆蓋原策略,一般,8.04,v266.58.1,2026-05-09 00:25:47,觀察,否,,觀察,0,0,持續觀察,首次追蹤:觀察,NO,v266.60.2,8.04,30.0,0.0,0.0,0.0,12.924,324.0,20/40/60結構佳｜續強品質佳｜主力佈局語意,主力佈局優先,v266.61,2026-05-09 00:25:50,8.0,洗盤不破承接,無事件,等待下一次確認。,8.028,297,v266.62,2026-05-09 00:25:51,0.0,,NONE,166,12,NONE,平台收斂,167
WATCH,2026-05-08,2026-05-11,4746,台耀,ENTRY,PRE,PRE,54.0,WAIT,BLOCK,False,54.3,0.0,0.0,8,波動壓縮 | 均線收斂 | 接近突破 | 結構尚可,BLOCK：超出本市場狀態可執行名額｜v266.57.9：結構：平台壓縮後轉強，可優先觀察起漲/試單。｜續強：回檔承接尚可，若原策略入選，可優先觀察延續。｜突破：尚未形成乾淨突破，不急著升級。,96.87,,,HIGH,高流動性,60.92,917961.0,49845282300.0,4.0,🟡 普通,44（🟡 普通）,法人偏多,籌碼普通或資料有限，需搭配技術面確認。,1,部分籌碼資料有限,📉 低信心,,,,-177250.0,156000.0,4447.0,-16803.0,0.0,1,0.0,0.0,0.0,0.0,0,TWSE,⚪ 盤整觀望（等待方向）,中低,先觀察，不急進場；等突破、量能或均線方向出現。,2026-05-09 00:25:55,behavior_interpretation,,,,,,,,,,,,,,,,,,,,,,,,,,,,,,,,,,,,,,,,,,,,,,,,,,,,,,,,,,,,,,,,,,,,MA5：依試單節奏判斷,MA20：依試單節奏判斷,,,,,MA10：依試單節奏判斷,MA5：依試單節奏判斷,MA10：依試單節奏判斷,MA20：依試單節奏判斷,突破確認K,整理後轉強,整理後轉強,MA5：依試單節奏判斷｜MA10：依試單節奏判斷｜MA20：依試單節奏判斷｜K棒：突破確認K｜K線：整理後轉強,K棒型態：突破確認K｜K線結構：整理後轉強,依原策略執行，技術欄位用於確認節奏與風險。,8.8,A,起漲結構強,20D站上MA20｜MA5站上MA10｜接近20日高｜40D平台收斂｜短中均線糾結｜40D低點守住｜接近/站回MA60｜10D動能轉正,平台壓縮後轉強，可優先觀察起漲/試單。,v266.57.9,7.0,A,續強品質強,回檔不破前低｜低點墊高確認｜回測守MA10｜MA5仍在MA10上｜仍站MA20｜10D動能維持,回檔承接尚可，若原策略入選，可優先觀察延續。,v266.57.9,-0.2,D,突破不足,短均多頭｜扣分:收盤位置偏弱,尚未形成乾淨突破，不急著升級。,v266.57.9,GENERIC,0.55,0.5,0.5,8.24,395.0,最後後處理補寫：原分數+結構前置+續強品質+突破品質；不覆蓋原策略,一般,7.477,v266.58.1,2026-05-09 00:25:47,觀察,否,,觀察,0,0,持續觀察,首次追蹤:觀察,NO,v266.60.2,7.477,30.0,0.0,0.0,0.0,12.868,350.0,20/40/60結構佳｜續強品質佳｜主力佈局語意,主力佈局優先,v266.61,2026-05-09 00:25:50,8.0,洗盤不破承接,無事件,等待下一次確認。,7.634,328,v266.62,2026-05-09 00:25:51,0.0,,NONE,167,12,NONE,平台收斂,168
WATCH,2026-05-08,2026-05-11,8083,瑞穎,ENTRY,PRE,PRE,54.0,WAIT,BLOCK,False,174.0,0.0,0.0,8,波動壓縮 | 均線收斂 | 接近突破 | 結構尚可,BLOCK：超出本市場狀態可執行名額｜v266.57.9：結構：平台壓縮後轉強，可優先觀察起漲/試單。｜續強：回檔承接尚可，若原策略入選，可優先觀察延續。｜突破：尚未形成乾淨突破，不急著升級。,84.46,,,HIGH,高流動性,36.41,100884.0,17553816000.0,0.0,🟡 普通,50（🟡 普通）,,籌碼普通或資料有限，需搭配技術面確認。,1,部分籌碼資料有限,📉 低信心,,,瑞穎,0.0,0.0,0.0,0.0,0.0,1,0.0,0.0,0.0,0.0,0,TPEX,⚪ 盤整觀望（等待方向）,中低,先觀察，不急進場；等突破、量能或均線方向出現。,2026-05-09 00:25:55,behavior_interpretation,,,,,,,,,,,,,,,,,,,,,,,,,,,,,,,,,,,,,,,,,,,,,,,,,,,,,,,,,,,,,,,,,,,,MA5：依試單節奏判斷,MA20：依試單節奏判斷,,,,,MA10：依試單節奏判斷,MA5：依試單節奏判斷,MA10：依試單節奏判斷,MA20：依試單節奏判斷,突破確認K,整理後轉強,整理後轉強,MA5：依試單節奏判斷｜MA10：依試單節奏判斷｜MA20：依試單節奏判斷｜K棒：突破確認K｜K線：整理後轉強,K棒型態：突破確認K｜K線結構：整理後轉強,依原策略執行，技術欄位用於確認節奏與風險。,11.0,A,起漲結構強,20D站上MA20｜MA20走平翻揚｜MA5站上MA10｜接近20日高｜40D平台收斂｜短中均線糾結｜40D低點守住｜接近/站回MA60｜MA60不再下彎｜站回60D區間中上,平台壓縮後轉強，可優先觀察起漲/試單。,v266.57.9,7.7,A,續強品質強,回檔不破前低｜低點墊高確認｜收盤守MA5｜續強確認：收盤未跌破MA5｜MA5仍在MA10上｜仍站MA20,回檔承接尚可，若原策略入選，可優先觀察延續。,v266.57.9,-0.2,D,突破不足,短均多頭｜扣分:收盤位置偏弱,尚未形成乾淨突破，不急著升級。,v266.57.9,GENERIC,0.55,0.5,0.5,9.8,291.0,最後後處理補寫：原分數+結構前置+續強品質+突破品質；不覆蓋原策略,一般,8.036,v266.58.1,2026-05-09 00:25:47,觀察,否,,觀察,0,0,持續觀察,前狀態:nan→今日:觀察,NO,v266.60.2,8.036,30.0,0.0,0.0,0.0,12.924,324.0,20/40/60結構佳｜續強品質佳｜主力佈局語意,主力佈局優先,v266.61,2026-05-09 00:25:50,8.0,洗盤不破承接,無事件,等待下一次確認。,8.025,298,v266.62,2026-05-09 00:25:51,0.0,,NONE,165,12,NONE,平台收斂,169
WATCH,2026-05-08,2026-05-11,6556,勝品,ENTRY,PRE,PRE,54.0,WAIT,BLOCK,False,69.3,0.0,0.0,8,波動壓縮 | 均線收斂 | 接近突破 | 結構尚可,BLOCK：超出本市場狀態可執行名額｜v266.57.9：結構：平台壓縮後轉強，可優先觀察起漲/試單。｜續強：回檔承接尚可，若原策略入選，可優先觀察延續。｜突破：尚未形成乾淨突破，不急著升級。,71.08,,,HIGH,高流動性,8.46,13258.0,918779400.0,0.0,🟡 普通,50（🟡 普通）,,籌碼普通或資料有限，需搭配技術面確認。,1,部分籌碼資料有限,📉 低信心,,,,0.0,0.0,0.0,0.0,0.0,1,0.0,0.0,0.0,0.0,0,TPEX,⚪ 盤整觀望（等待方向）,中低,先觀察，不急進場；等突破、量能或均線方向出現。,2026-05-09 00:25:55,behavior_interpretation,,,,,,,,,,,,,,,,,,,,,,,,,,,,,,,,,,,,,,,,,,,,,,,,,,,,,,,,,,,,,,,,,,,,MA5：依試單節奏判斷,MA20：依試單節奏判斷,,,,,MA10：依試單節奏判斷,MA5：依試單節奏判斷,MA10：依試單節奏判斷,MA20：依試單節奏判斷,突破確認K,整理後轉強,整理後轉強,MA5：依試單節奏判斷｜MA10：依試單節奏判斷｜MA20：依試單節奏判斷｜K棒：突破確認K｜K線：整理後轉強,K棒型態：突破確認K｜K線結構：整理後轉強,依原策略執行，技術欄位用於確認節奏與風險。,11.0,A,起漲結構強,20D站上MA20｜MA20走平翻揚｜MA5站上MA10｜接近20日高｜40D平台收斂｜短中均線糾結｜40D低點守住｜接近/站回MA60｜MA60不再下彎｜站回60D區間中上,平台壓縮後轉強，可優先觀察起漲/試單。,v266.57.9,7.7,A,續強品質強,回檔不破前低｜低點墊高確認｜收盤守MA5｜續強確認：收盤未跌破MA5｜MA5仍在MA10上｜仍站MA20,回檔承接尚可，若原策略入選，可優先觀察延續。,v266.57.9,-0.2,D,突破不足,短均多頭｜扣分:收盤位置偏弱,尚未形成乾淨突破，不急著升級。,v266.57.9,GENERIC,0.55,0.5,0.5,9.8,291.0,最後後處理補寫：原分數+結構前置+續強品質+突破品質；不覆蓋原策略,一般,8.036,v266.58.1,2026-05-09 00:25:47,觀察,否,,觀察,0,0,持續觀察,前狀態:nan→今日:觀察,NO,v266.60.2,8.036,30.0,0.0,0.0,0.0,12.924,324.0,20/40/60結構佳｜續強品質佳｜主力佈局語意,主力佈局優先,v266.61,2026-05-09 00:25:50,8.0,洗盤不破承接,無事件,等待下一次確認。,8.025,299,v266.62,2026-05-09 00:25:51,0.0,,NONE,164,12,NONE,平台收斂,170
WATCH,2026-05-08,2026-05-11,1731,美吾華,ENTRY,PRE,PRE,54.0,WAIT,BLOCK,False,21.7,0.0,0.0,8,安靜吸籌 | 均線收斂 | 接近突破 | 結構尚可,BLOCK：超出本市場狀態可執行名額｜v266.57.9：結構：平台壓縮後轉強，可優先觀察起漲/試單。｜續強：回檔承接尚可，若原策略入選，可優先觀察延續。｜突破：有轉強跡象，但突破品質尚未完全成立。,82.28,,,HIGH,高流動性,28.28,148237.0,3216742900.0,0.0,⚠️ 分散,39（⚠️ 分散）,,籌碼普通或資料有限，需搭配技術面確認。,1,部分籌碼資料有限,📉 低信心,,,美吾華,-6000.0,0.0,0.0,-6000.0,0.0,1,0.0,0.0,0.0,0.0,0,TWSE,🟡 洗盤吸籌／整理換手（結構未壞）,中高,不急追；等放量突破或站穩 MA10 / MA20 再提高權重。,2026-05-09 00:25:55,behavior_interpretation,,,,,,,,,,,,,,,,,,,,,,,,,,,,,,,,,,,,,,,,,,,,,,,,,,,,,,,,,,,,,,,,,,,,MA5：依試單節奏判斷,MA20：依試單節奏判斷,,,,,MA10：依試單節奏判斷,MA5：依試單節奏判斷,MA10：依試單節奏判斷,MA20：依試單節奏判斷,突破確認K,整理後轉強,整理後轉強,MA5：依試單節奏判斷｜MA10：依試單節奏判斷｜MA20：依試單節奏判斷｜K棒：突破確認K｜K線：整理後轉強,K棒型態：突破確認K｜K線結構：整理後轉強,依原策略執行，技術欄位用於確認節奏與風險。,9.0,A,起漲結構強,接近20日高｜40D平台收斂｜短中均線糾結｜40D低點守住｜接近/站回MA60｜MA60不再下彎｜量縮後溫和放量,平台壓縮後轉強，可優先觀察起漲/試單。,v266.57.9,7.0,A,續強品質強,回檔不破前低｜低點墊高確認｜收盤守MA5｜續強確認：收盤未跌破MA5｜回檔量縮,回檔承接尚可，若原策略入選，可優先觀察延續。,v266.57.9,2.7,C,突破觀察,量能較前日放大｜突破近5日高,有轉強跡象，但突破品質尚未完全成立。,v266.57.9,GENERIC,0.55,0.5,0.5,9.8,291.0,最後後處理補寫：原分數+結構前置+續強品質+突破品質；不覆蓋原策略,一般,8.036,v266.58.1,2026-05-09 00:25:47,觀察,否,,觀察,0,0,持續觀察,前狀態:nan→今日:觀察,NO,v266.60.2,8.036,30.0,0.0,0.0,0.0,12.924,324.0,20/40/60結構佳｜續強品質佳｜主力佈局語意,主力佈局優先,v266.61,2026-05-09 00:25:50,8.0,洗盤不破承接,無事件,等待下一次確認。,8.025,300,v266.62,2026-05-09 00:25:51,0.0,,NONE,163,12,NONE,平台收斂,171
WATCH,2026-05-08,2026-05-11,6585,鼎基,ENTRY,PRE,PRE,54.0,WAIT,BLOCK,False,94.0,0.0,0.0,8,波動壓縮 | 均線收斂 | 接近突破 | 結構尚可,BLOCK：超出本市場狀態可執行名額｜v266.57.9：結構：平台壓縮後轉強，可優先觀察起漲/試單。｜續強：回檔承接尚可，若原策略入選，可優先觀察延續。｜突破：有轉強跡象，但突破品質尚未完全成立。,98.6,,,HIGH,高流動性,65.22,1040394.0,97797036000.0,0.0,⚠️ 分散,30（⚠️ 分散）,,籌碼普通或資料有限，需搭配技術面確認。,1,部分籌碼資料有限,📉 低信心,,,鼎基,-23000.0,0.0,0.0,-23000.0,0.0,1,0.0,0.0,0.0,0.0,0,TWSE,⚪ 盤整觀望（等待方向）,中低,先觀察，不急進場；等突破、量能或均線方向出現。,2026-05-09 00:25:55,behavior_interpretation,,,,,,,,,,,,,,,,,,,,,,,,,,,,,,,,,,,,,,,,,,,,,,,,,,,,,,,,,,,,,,,,,,,,MA5：依試單節奏判斷,MA20：依試單節奏判斷,,,,,MA10：依試單節奏判斷,MA5：依試單節奏判斷,MA10：依試單節奏判斷,MA20：依試單節奏判斷,突破確認K,整理後轉強,整理後轉強,MA5：依試單節奏判斷｜MA10：依試單節奏判斷｜MA20：依試單節奏判斷｜K棒：突破確認K｜K線：整理後轉強,K棒型態：突破確認K｜K線結構：整理後轉強,依原策略執行，技術欄位用於確認節奏與風險。,8.1,A,起漲結構強,20D站上MA20｜MA5站上MA10｜接近20日高｜40D平台收斂｜短中均線糾結｜40D低點守住｜接近/站回MA60｜站回60D區間中上｜5D動能轉正｜10D動能轉正｜扣分:單日爆量偏高、成交量異常爆量,平台壓縮後轉強，可優先觀察起漲/試單。,v266.57.9,6.5,B,續強品質中,回檔不破前低｜低點墊高確認｜收盤守MA5｜續強確認：收盤未跌破MA5｜MA5仍在MA10上｜仍站MA20｜10D動能維持｜扣分:回檔量放大、異常爆量,回檔承接尚可，若原策略入選，可優先觀察延續。,v266.57.9,2.5,C,突破觀察,突破近5日高｜MA5加速上彎｜短均多頭｜扣分:單日量能過猛,有轉強跡象，但突破品質尚未完全成立。,v266.57.9,GENERIC,0.55,0.5,0.5,8.955,348.0,最後後處理補寫：原分數+結構前置+續強品質+突破品質；不覆蓋原策略,一般,7.343,v266.58.1,2026-05-09 00:25:47,觀察,否,,觀察,0,0,持續觀察,前狀態:nan→今日:觀察,NO,v266.60.2,7.343,30.0,0.0,0.0,0.0,12.854,356.0,20/40/60結構佳｜續強品質佳｜主力佈局語意,主力佈局優先,v266.61,2026-05-09 00:25:50,8.0,洗盤不破承接,無事件,等待下一次確認。,7.54,334,v266.62,2026-05-09 00:25:51,0.0,,NONE,161,12,NONE,平台收斂,172
WATCH,2026-05-08,2026-05-11,2816,旺旺保,ENTRY,PRE,PRE,54.0,WAIT,BLOCK,False,30.4,0.0,0.0,8,波動壓縮 | 均線收斂 | 接近突破 | 結構尚可,BLOCK：超出本市場狀態可執行名額｜v266.57.9：結構：平台壓縮後轉強，可優先觀察起漲/試單。｜續強：回檔承接尚可，若原策略入選，可優先觀察延續。｜突破：尚未形成乾淨突破，不急著升級。,80.99,,,HIGH,高流動性,26.14,108631.0,3302382400.0,0.0,⚠️ 分散,32（⚠️ 分散）,,籌碼普通或資料有限，需搭配技術面確認。,1,部分籌碼資料有限,📉 低信心,,,旺旺保,-20000.0,0.0,0.0,-20000.0,0.0,1,0.0,0.0,0.0,0.0,0,TWSE,⚪ 盤整觀望（等待方向）,中低,先觀察，不急進場；等突破、量能或均線方向出現。,2026-05-09 00:25:55,behavior_interpretation,,,,,,,,,,,,,,,,,,,,,,,,,,,,,,,,,,,,,,,,,,,,,,,,,,,,,,,,,,,,,,,,,,,,MA5：依試單節奏判斷,MA20：依試單節奏判斷,,,,,MA10：依試單節奏判斷,MA5：依試單節奏判斷,MA10：依試單節奏判斷,MA20：依試單節奏判斷,突破確認K,整理後轉強,整理後轉強,MA5：依試單節奏判斷｜MA10：依試單節奏判斷｜MA20：依試單節奏判斷｜K棒：突破確認K｜K線：整理後轉強,K棒型態：突破確認K｜K線結構：整理後轉強,依原策略執行，技術欄位用於確認節奏與風險。,8.8,A,起漲結構強,40D平台收斂｜短中均線糾結｜40D低點守住｜接近/站回MA60｜MA60不再下彎｜站回60D區間中上｜近5日量縮｜5D動能轉正,平台壓縮後轉強，可優先觀察起漲/試單。,v266.57.9,7.0,A,續強品質強,回檔不破前低｜低點墊高確認｜收盤守MA5｜續強確認：收盤未跌破MA5｜回檔量縮,回檔承接尚可，若原策略入選，可優先觀察延續。,v266.57.9,1.2,D,突破不足,MA5加速上彎,尚未形成乾淨突破，不急著升級。,v266.57.9,GENERIC,0.55,0.5,0.5,8.94,351.0,最後後處理補寫：原分數+結構前置+續強品質+突破品質；不覆蓋原策略,一般,7.331,v266.58.1,2026-05-09 00:25:47,觀察,否,,觀察,0,0,持續觀察,前狀態:nan→今日:觀察,NO,v266.60.2,7.331,30.0,0.0,0.0,0.0,12.853,358.0,20/40/60結構佳｜續強品質佳｜主力佈局語意,主力佈局優先,v266.61,2026-05-09 00:25:50,8.0,洗盤不破承接,無事件,等待下一次確認。,7.532,336,v266.62,2026-05-09 00:25:51,0.0,,NONE,159,12,NONE,平台收斂,173
TEST,2026-05-08,2026-05-11,6612,奈米醫材,ENTRY,PRE,PRE,66.0,WAIT,BLOCK,False,68.3,0.0,0.0,3,波動壓縮 | 安靜吸籌 | 均線收斂 | 接近突破,BLOCK：超出本市場狀態可執行名額｜v266.57.9：結構：平台壓縮後轉強，可優先觀察起漲/試單。｜續強：回檔承接尚可，若原策略入選，可優先觀察延續。｜突破：有轉強跡象，但突破品質尚未完全成立。,85.83,,,HIGH,高流動性,23.7,64494.0,4404940200.0,0.0,🟡 普通,50（🟡 普通）,,籌碼普通或資料有限，需搭配技術面確認。,0,法人/融資資料有限,📉 低信心,,,,0.0,0.0,0.0,0.0,0.0,0,0.0,0.0,0.0,0.0,0,,🟡 洗盤吸籌／整理換手（結構未壞）,中高,不急追；等放量突破或站穩 MA10 / MA20 再提高權重。,2026-05-09 00:25:55,behavior_interpretation,,,,,,,,,,,,,,,,,,,,,,,,,,,,,,,,,,,,,,,,,,,,,,,,,,,,,,,,,,,,,,,,,,,,MA5：依試單節奏判斷,MA20：依試單節奏判斷,,,,,MA10：依試單節奏判斷,MA5：依試單節奏判斷,MA10：依試單節奏判斷,MA20：依試單節奏判斷,突破確認K,整理後轉強,整理後轉強,MA5：依試單節奏判斷｜MA10：依試單節奏判斷｜MA20：依試單節奏判斷｜K棒：突破確認K｜K線：整理後轉強,K棒型態：突破確認K｜K線結構：整理後轉強,依原策略執行，技術欄位用於確認節奏與風險。,6.8,B,起漲結構中,MA5站上MA10｜40D平台收斂｜短中均線糾結｜40D低點守住｜接近/站回MA60｜10D動能轉正,平台壓縮後轉強，可優先觀察起漲/試單。,v266.57.9,7.7,A,續強品質強,回檔不破前低｜低點墊高確認｜收盤守MA5｜續強確認：收盤未跌破MA5｜MA5仍在MA10上｜10D動能維持,回檔承接尚可，若原策略入選，可優先觀察延續。,v266.57.9,2.3,C,突破觀察,收盤接近高點｜短均多頭,有轉強跡象，但突破品質尚未完全成立。,v266.57.9,GENERIC,0.55,0.5,0.5,8.74,360.0,最後後處理補寫：原分數+結構前置+續強品質+突破品質；不覆蓋原策略,一般,7.167,v266.58.1,2026-05-09 00:25:47,觀察,否,,觀察,0,0,持續觀察,前狀態:nan→今日:觀察,NO,v266.60.2,7.167,30.0,0.0,0.0,0.0,13.197,207.0,20/40/60結構佳｜續強品質佳｜主力佈局語意,主力佈局優先,v266.61,2026-05-09 00:25:50,8.0,洗盤不破承接,無事件,等待下一次確認。,7.417,338,v266.62,2026-05-09 00:25:51,0.0,,NONE,157,12,NONE,平台收斂,174
TEST,2026-05-08,2026-05-11,6579,研揚,ENTRY,CORE,CORE,80.0,WAIT,BLOCK,False,135.13,10000.0,0.01,3,ALPHA高流動性強勢延續｜成交量/成交金額優先｜突破/趨勢確認｜高流動性,BLOCK：超出本市場狀態可執行名額｜v266.57.9：結構：平台壓縮後轉強，可優先觀察起漲/試單。｜續強：回檔承接尚可，若原策略入選，可優先觀察延續。｜突破：突破品質尚可，可列入試單後續確認。,110.12,,,HIGH,高流動性,51.63,324631.0,43825185000.0,9.0,🟢 偏集中,75（🟢 偏集中）,均線結構｜法人偏多,籌碼偏集中但資料有限，可搭配技術面確認，不宜單獨重倉。,1,部分籌碼資料有限,📉 低信心,,,研揚,107000.0,0.0,0.0,107000.0,1.0,1,0.0,0.0,0.0,0.0,0,TWSE,🚀 主力拉升（趨勢延續）,高,可續抱；若是試單，可觀察是否進入加碼條件。,2026-05-09 00:25:55,behavior_interpretation,2026-05-08,研揚,TWSE,132.5,135.0,131.0,0.0112359550561798,0.1111111111111111,0.1440677966101695,0.139240506329114,0.1894273127753303,0.2107623318385649,126.4,122.2,119.875,115.86666666666666,0.0227953727290051,424965.8,295829.1,1.097359928418127,1.4365246691417397,135.5,114.5,135.5,103.0,0.1555555555544033,126.4,119.875,0.0483333333329753,0.0272065124247882,79.95789939794739,64.8851499693064,0.0,3.585628413222423,1.956667045576632,1.6289613676457912,0.0,49884327.0,0.0360594897454999,3.0,3.0,4.0,5.0,6.0,8.0,2408.0,True,ALPHA Trend Momentum,114.0,TEST,試單,強勢試單,ALPHA高流動性強勢延續｜成交量/成交金額優先｜突破/趨勢確認｜高流動性,ALPHA,TREND,100-300,135.13,74.0,10015.0,,,,,,,,,MA5：站上｜↑ 強勢,MA20：站上｜↑ 強勢,,,,,MA10：站上｜↑ 強勢,MA5：站上｜↑ 強勢,MA10：站上｜↑ 強勢,MA20：站上｜↑ 強勢,突破確認K,多頭排列,多頭排列,MA5：站上｜↑ 強勢｜MA10：站上｜↑ 強勢｜MA20：站上｜↑ 強勢｜K棒：突破確認K｜K線：多頭排列,K棒型態：突破確認K｜K線結構：多頭排列,依原策略執行，技術欄位用於確認節奏與風險。,12.0,A,起漲結構強,20D站上MA20｜MA20走平翻揚｜MA5站上MA10｜接近20日高｜40D平台收斂｜短中均線糾結｜40D低點守住｜接近/站回MA60｜MA60不再下彎｜站回60D區間中上｜量縮後溫和放量｜5D動能轉正｜10D動能轉正,平台壓縮後轉強，可優先觀察起漲/試單。,v266.57.9,7.7,A,續強品質強,回檔不破前低｜低點墊高確認｜收盤守MA5｜續強確認：收盤未跌破MA5｜MA5仍在MA10上｜仍站MA20｜10D動能維持｜扣分:接近20日高且短線過熱,回檔承接尚可，若原策略入選，可優先觀察延續。,v266.57.9,5.0,B,突破品質中,收盤接近高點｜突破近5日高｜MA5加速上彎｜短均多頭,突破品質尚可，可列入試單後續確認。,v266.57.9,ALPHA,0.35,0.75,0.25,125.225,45.0,最後後處理補寫：原分數+結構前置+續強品質+突破品質；不覆蓋原策略,一般,104.304,v266.58.1,2026-05-09 00:25:47,突破中,否,法人偏多｜均線轉強,突破中,4,12,準IGNITION,前狀態:突破中→今日:突破中｜強狀態維持｜強狀態連續維持｜具備點火條件,READY,v266.60.2,108.504,30.0,32.0,17.0,15.0,31.05,46.0,20/40/60結構佳｜續強品質佳｜主力佈局語意｜狀態升級強｜具升級旗標｜升級標籤｜距MA60合理｜短均轉強｜動能初段未過熱｜風險語意扣分｜突破品質輔助,過熱降權,v266.61,2026-05-09 00:25:50,47.0,站上MA20且結構成形｜洗盤不破承接｜突破品質成立但未過熱｜籌碼偏多未過熱｜狀態升級觸發｜狀態轉移轉強,強點火事件,可列入優先追蹤，觀察隔日不破MA5/MA10。,90.053,41,v266.62,2026-05-09 00:25:51,14.0,籌碼剛轉強｜狀態剛升級,WATCH,22,9,NONE,籌碼初升｜狀態剛升級｜first trigger合理｜平台收斂｜過熱扣分｜風險文字,175
TEST,2026-05-08,2026-05-11,6579,研揚,ENTRY,ALPHA,ALPHA,58.0,WAIT,BLOCK,False,135.0,10000.0,0.01,3,ALPHA高流動性強勢延續｜成交量/成交金額優先｜突破/趨勢確認｜高流動性,BLOCK：同股已由高優先桶接管｜v266.57.9：結構：平台壓縮後轉強，可優先觀察起漲/試單。｜續強：回檔承接尚可，若原策略入選，可優先觀察延續。｜突破：突破品質尚可，可列入試單後續確認。,102.02,,,HIGH,高流動性,51.63,324631.0,43825185000.0,9.0,🟢 偏集中,75（🟢 偏集中）,均線結構｜法人偏多,籌碼偏集中但資料有限，可搭配技術面確認，不宜單獨重倉。,1,部分籌碼資料有限,📉 低信心,,,研揚,107000.0,0.0,0.0,107000.0,1.0,1,0.0,0.0,0.0,0.0,0,TWSE,🚀 主力拉升（趨勢延續）,高,可續抱；若是試單，可觀察是否進入加碼條件。,2026-05-09 00:25:55,behavior_interpretation,2026-05-08,研揚,TWSE,132.5,135.0,131.0,0.0112359550561798,0.1111111111111111,0.1440677966101695,0.139240506329114,0.1894273127753303,0.2107623318385649,126.4,122.2,119.875,115.86666666666666,0.0227953727290051,424965.8,295829.1,1.097359928418127,1.4365246691417397,135.5,114.5,135.5,103.0,0.1555555555544033,126.4,119.875,0.0483333333329753,0.0272065124247882,79.95789939794739,64.8851499693064,0.0,3.585628413222423,1.956667045576632,1.6289613676457912,0.0,49884327.0,0.0360594897454999,3.0,3.0,4.0,5.0,6.0,8.0,2408.0,True,ALPHA Trend Momentum,114.0,TEST,試單,強勢試單,ALPHA高流動性強勢延續｜成交量/成交金額優先｜突破/趨勢確認｜高流動性,ALPHA,TREND,100-300,135.13,74.0,10015.0,,,,,,,,,MA5：站上｜↑ 強勢,MA20：站上｜↑ 強勢,,,,,MA10：站上｜↑ 強勢,MA5：站上｜↑ 強勢,MA10：站上｜↑ 強勢,MA20：站上｜↑ 強勢,突破確認K,多頭排列,多頭排列,MA5：站上｜↑ 強勢｜MA10：站上｜↑ 強勢｜MA20：站上｜↑ 強勢｜K棒：突破確認K｜K線：多頭排列,K棒型態：突破確認K｜K線結構：多頭排列,依原策略執行，技術欄位用於確認節奏與風險。,12.0,A,起漲結構強,20D站上MA20｜MA20走平翻揚｜MA5站上MA10｜接近20日高｜40D平台收斂｜短中均線糾結｜40D低點守住｜接近/站回MA60｜MA60不再下彎｜站回60D區間中上｜量縮後溫和放量｜5D動能轉正｜10D動能轉正,平台壓縮後轉強，可優先觀察起漲/試單。,v266.57.9,7.7,A,續強品質強,回檔不破前低｜低點墊高確認｜收盤守MA5｜續強確認：收盤未跌破MA5｜MA5仍在MA10上｜仍站MA20｜10D動能維持｜扣分:接近20日高且短線過熱,回檔承接尚可，若原策略入選，可優先觀察延續。,v266.57.9,5.0,B,突破品質中,收盤接近高點｜突破近5日高｜MA5加速上彎｜短均多頭,突破品質尚可，可列入試單後續確認。,v266.57.9,ALPHA,0.35,0.75,0.25,125.225,45.0,最後後處理補寫：原分數+結構前置+續強品質+突破品質；不覆蓋原策略,一般,104.304,v266.58.1,2026-05-09 00:25:47,突破中,否,法人偏多｜均線轉強,突破中,4,12,準IGNITION,前狀態:突破中→今日:突破中｜強狀態維持｜強狀態連續維持｜具備點火條件,READY,v266.60.2,108.504,30.0,32.0,17.0,15.0,30.39,47.0,20/40/60結構佳｜續強品質佳｜主力佈局語意｜狀態升級強｜具升級旗標｜升級標籤｜距MA60合理｜短均轉強｜動能初段未過熱｜風險語意扣分｜突破品質輔助,過熱降權,v266.61,2026-05-09 00:25:50,47.0,站上MA20且結構成形｜洗盤不破承接｜突破品質成立但未過熱｜籌碼偏多未過熱｜狀態升級觸發｜狀態轉移轉強,強點火事件,可列入優先追蹤，觀察隔日不破MA5/MA10。,90.053,42,v266.62,2026-05-09 00:25:51,14.0,籌碼剛轉強｜狀態剛升級,WATCH,23,9,NONE,籌碼初升｜狀態剛升級｜first trigger合理｜平台收斂｜過熱扣分｜風險文字,176
TEST,2026-05-08,2026-05-11,1762,中化生,ENTRY,CORE,CORE,80.0,BREAK,TOP,True,38.79,20000.0,0.02,3,ALPHA高流動性強勢延續｜成交量/成交金額優先｜突破/趨勢確認｜高流動性,TOP + timing 合格：允許分批｜大盤中性 ：BUY 降級 TEST，控制追高｜v266.57.9：結構：平台壓縮後轉強，可優先觀察起漲/試單。｜續強：回檔承接尚可，若原策略入選，可優先觀察延續。,126.12,,,HIGH,高流動性,62.28,1200197.0,46507633750.0,13.0,⚠️ 分散,33（⚠️ 分散）,爆量不跌｜均線結構,籌碼普通或資料有限，需搭配技術面確認。,1,部分籌碼資料有限,📉 低信心,,,中化生,-18000.0,0.0,0.0,-18000.0,0.0,1,0.0,0.0,0.0,0.0,0,TWSE,🚀 主力拉升（趨勢延續）,高,可續抱；若是試單，可觀察是否進入加碼條件。,2026-05-09 00:25:55,behavior_interpretation,2026-05-08,中化生,TWSE,38.75,38.75,38.75,0.0992907801418438,0.3716814159292034,0.3692579505300353,0.3525305590209233,0.4014466739460929,0.4090909090909091,31.65,29.804999885559084,29.24250009536744,28.34749996821085,0.0658488117957165,357644.2,170157.1,7.053464122272847,2.101847057807156,38.75,27.39999961853028,38.75,25.450000762939453,0.2929032356432727,31.65,29.24250009536744,0.0621290297953661,0.0282173015511895,67.79106615816141,47.33482433233986,0.0,1.1741003372093566,0.303042574945492,0.8710577622638646,0.0,298301503.0,0.0042341503369327,2.0,2.0,2.0,4.0,3.0,6.0,2754.0,True,ALPHA Trend Momentum,122.0,BUY,買進,高流動性強勢買進,ALPHA高流動性強勢延續｜成交量/成交金額優先｜突破/趨勢確認｜高流動性,ALPHA,TREND,50以下,38.79,773.42,30045.0,,,,,,,,,MA5：站上｜↑ 強勢,MA20：站上｜↑ 強勢,,,,,MA10：站上｜↑ 強勢,MA5：站上｜↑ 強勢,MA10：站上｜↑ 強勢,MA20：站上｜↑ 強勢,突破確認K,多頭排列,多頭排列,MA5：站上｜↑ 強勢｜MA10：站上｜↑ 強勢｜MA20：站上｜↑ 強勢｜K棒：突破確認K｜K線：多頭排列,K棒型態：突破確認K｜K線結構：多頭排列,依原策略執行，技術欄位用於確認節奏與風險。,8.1,A,起漲結構強,20D站上MA20｜MA20走平翻揚｜MA5站上MA10｜接近20日高｜40D平台收斂｜短中均線糾結｜40D低點守住｜接近/站回MA60｜MA60不再下彎｜站回60D區間中上｜5D動能轉正｜10D動能轉正｜扣分:單日爆量偏高、距MA20過遠、成交量異常爆量,平台壓縮後轉強，可優先觀察起漲/試單。,v266.57.9,5.5,B,續強品質中,回檔不破前低｜低點墊高確認｜收盤守MA5｜續強確認：收盤未跌破MA5｜MA5仍在MA10上｜仍站MA20｜10D動能維持｜扣分:回檔量放大、接近20日高且短線過熱、異常爆量,回檔承接尚可，若原策略入選，可優先觀察延續。,v266.57.9,,,,,,,ALPHA,0.35,0.75,0.25,128.96,22.0,最後後處理補寫：原分數+結構前置+續強品質+突破品質；不覆蓋原策略,一般,108.087,v266.58.1,2026-05-09 00:25:47,突破中,否,法人偏多｜量能放大｜均線轉強,突破中,4,12,準IGNITION,前狀態:突破中→今日:突破中｜強狀態維持｜強狀態連續維持｜具備點火條件,READY,v266.60.2,112.287,42.0,32.0,5.0,49.0,17.749,78.0,20/40/60結構佳｜籌碼偏多｜續強品質佳｜主力佈局語意｜狀態升級強｜具升級旗標｜升級標籤｜短均轉強｜5日漲幅過熱扣分｜10日漲幅過熱扣分｜乖離MA20過大扣分｜爆量過大扣分｜風險語意扣分,過熱降權,v266.61,2026-05-09 00:25:50,28.0,站上MA20且結構成形｜平台壓縮後放量｜洗盤不破承接｜籌碼偏多未過熱｜狀態升級觸發｜狀態轉移轉強｜爆量過熱扣分｜遠離MA20過熱扣分,強點火事件,可列入優先追蹤，觀察隔日不破MA5/MA10。,87.001,56,v266.62,2026-05-09 00:25:51,-13.0,籌碼剛轉強｜trigger事件成立｜狀態剛升級｜爆量過熱｜乖離過大,NONE,522,5,NONE,籌碼初升｜狀態剛升級｜trigger合理｜平台收斂｜過熱扣分｜風險文字,177
TEST,2026-05-08,2026-05-11,1762,中化生,ENTRY,ALPHA,ALPHA,58.0,BREAK,BLOCK,False,38.75,30000.0,0.03,3,ALPHA高流動性強勢延續｜成交量/成交金額優先｜突破/趨勢確認｜高流動性,BLOCK：同股已由高優先桶接管｜v266.57.9：結構：平台壓縮後轉強，可優先觀察起漲/試單。｜續強：回檔承接尚可，若原策略入選，可優先觀察延續。,118.02,,,HIGH,高流動性,62.28,1200197.0,46507633750.0,13.0,⚠️ 分散,33（⚠️ 分散）,爆量不跌｜均線結構,籌碼普通或資料有限，需搭配技術面確認。,1,部分籌碼資料有限,📉 低信心,,,中化生,-18000.0,0.0,0.0,-18000.0,0.0,1,0.0,0.0,0.0,0.0,0,TWSE,🚀 主力拉升（趨勢延續）,高,可續抱；若是試單，可觀察是否進入加碼條件。,2026-05-09 00:25:55,behavior_interpretation,2026-05-08,中化生,TWSE,38.75,38.75,38.75,0.0992907801418438,0.3716814159292034,0.3692579505300353,0.3525305590209233,0.4014466739460929,0.4090909090909091,31.65,29.804999885559084,29.24250009536744,28.34749996821085,0.0658488117957165,357644.2,170157.1,7.053464122272847,2.101847057807156,38.75,27.39999961853028,38.75,25.450000762939453,0.2929032356432727,31.65,29.24250009536744,0.0621290297953661,0.0282173015511895,67.79106615816141,47.33482433233986,0.0,1.1741003372093566,0.303042574945492,0.8710577622638646,0.0,298301503.0,0.0042341503369327,2.0,2.0,2.0,4.0,3.0,6.0,2754.0,True,ALPHA Trend Momentum,122.0,BUY,買進,高流動性強勢買進,ALPHA高流動性強勢延續｜成交量/成交金額優先｜突破/趨勢確認｜高流動性,ALPHA,TREND,50以下,38.79,773.42,30045.0,,,,,,,,,MA5：站上｜↑ 強勢,MA20：站上｜↑ 強勢,,,,,MA10：站上｜↑ 強勢,MA5：站上｜↑ 強勢,MA10：站上｜↑ 強勢,MA20：站上｜↑ 強勢,突破確認K,多頭排列,多頭排列,MA5：站上｜↑ 強勢｜MA10：站上｜↑ 強勢｜MA20：站上｜↑ 強勢｜K棒：突破確認K｜K線：多頭排列,K棒型態：突破確認K｜K線結構：多頭排列,依原策略執行，技術欄位用於確認節奏與風險。,8.1,A,起漲結構強,20D站上MA20｜MA20走平翻揚｜MA5站上MA10｜接近20日高｜40D平台收斂｜短中均線糾結｜40D低點守住｜接近/站回MA60｜MA60不再下彎｜站回60D區間中上｜5D動能轉正｜10D動能轉正｜扣分:單日爆量偏高、距MA20過遠、成交量異常爆量,平台壓縮後轉強，可優先觀察起漲/試單。,v266.57.9,5.5,B,續強品質中,回檔不破前低｜低點墊高確認｜收盤守MA5｜續強確認：收盤未跌破MA5｜MA5仍在MA10上｜仍站MA20｜10D動能維持｜扣分:回檔量放大、接近20日高且短線過熱、異常爆量,回檔承接尚可，若原策略入選，可優先觀察延續。,v266.57.9,,,,,,,ALPHA,0.35,0.75,0.25,128.96,22.0,最後後處理補寫：原分數+結構前置+續強品質+突破品質；不覆蓋原策略,一般,108.087,v266.58.1,2026-05-09 00:25:47,突破中,否,法人偏多｜量能放大｜均線轉強,突破中,4,12,準IGNITION,前狀態:突破中→今日:突破中｜強狀態維持｜強狀態連續維持｜具備點火條件,READY,v266.60.2,112.287,42.0,32.0,5.0,49.0,17.089,79.0,20/40/60結構佳｜籌碼偏多｜續強品質佳｜主力佈局語意｜狀態升級強｜具升級旗標｜升級標籤｜短均轉強｜5日漲幅過熱扣分｜10日漲幅過熱扣分｜乖離MA20過大扣分｜爆量過大扣分｜風險語意扣分,過熱降權,v266.61,2026-05-09 00:25:50,28.0,站上MA20且結構成形｜平台壓縮後放量｜洗盤不破承接｜籌碼偏多未過熱｜狀態升級觸發｜狀態轉移轉強｜爆量過熱扣分｜遠離MA20過熱扣分,強點火事件,可列入優先追蹤，觀察隔日不破MA5/MA10。,87.001,57,v266.62,2026-05-09 00:25:51,-13.0,籌碼剛轉強｜trigger事件成立｜狀態剛升級｜爆量過熱｜乖離過大,NONE,521,5,NONE,籌碼初升｜狀態剛升級｜trigger合理｜平台收斂｜過熱扣分｜風險文字,178
TEST,2026-05-08,2026-05-11,2114,鑫永銓,ENTRY,PRE,PRE,82.0,WAIT,BLOCK,False,88.2,0.0,0.0,3,安靜吸籌 | 洗盤收回 | 均線收斂 | 放量吸收 | 接近突破 | 結構尚可,BLOCK：超出本市場狀態可執行名額｜大盤中性 ：BUY 降級 TEST，控制追高｜v266.57.9：結構：平台壓縮後轉強，可優先觀察起漲/試單。｜續強：回檔承接尚可，若原策略入選，可優先觀察延續。｜突破：突破品質尚可，可列入試單後續確認。,97.64,,,HIGH,高流動性,30.56,91226.0,8046133200.0,4.0,🟢 偏集中,60（🟢 偏集中）,法人偏多,籌碼偏集中但資料有限，可搭配技術面確認，不宜單獨重倉。,1,部分籌碼資料有限,📉 低信心,,,,5000.0,0.0,0.0,5000.0,1.0,1,0.0,0.0,0.0,0.0,0,TWSE,🟡 洗盤吸籌／整理換手（結構未壞）,中高,不急追；等放量突破或站穩 MA10 / MA20 再提高權重。,2026-05-09 00:25:55,behavior_interpretation,,,,,,,,,,,,,,,,,,,,,,,,,,,,,,,,,,,,,,,,,,,,,,,,,,,,,,,,,,,,,,,,,,,,MA5：依試單節奏判斷,MA20：依試單節奏判斷,,,,,MA10：依試單節奏判斷,MA5：依試單節奏判斷,MA10：依試單節奏判斷,MA20：依試單節奏判斷,突破確認K,整理後轉強,整理後轉強,MA5：依試單節奏判斷｜MA10：依試單節奏判斷｜MA20：依試單節奏判斷｜K棒：突破確認K｜K線：整理後轉強,K棒型態：突破確認K｜K線結構：整理後轉強,依原策略執行，技術欄位用於確認節奏與風險。,9.0,A,起漲結構強,MA20走平翻揚｜接近20日高｜40D平台收斂｜短中均線糾結｜40D低點守住｜接近/站回MA60｜MA60不再下彎｜站回60D區間中上,平台壓縮後轉強，可優先觀察起漲/試單。,v266.57.9,5.3,B,續強品質中,回檔不破前低｜低點墊高確認｜收盤守MA5｜回測守MA10,回檔承接尚可，若原策略入選，可優先觀察延續。,v266.57.9,4.2,B,突破品質中,紅K實體放大｜收盤接近高點｜量能較前日放大,突破品質尚可，可列入試單後續確認。,v266.57.9,GENERIC,0.55,0.5,0.5,9.7,298.0,最後後處理補寫：原分數+結構前置+續強品質+突破品質；不覆蓋原策略,一般,8.674,v266.58.1,2026-05-09 00:25:47,觀察,否,,觀察,0,0,持續觀察,前狀態:nan→今日:觀察,NO,v266.60.2,8.674,30.0,0.0,0.0,0.0,14.427,88.0,20/40/60結構佳｜續強品質佳｜主力佈局語意｜突破品質輔助,主力佈局優先,v266.61,2026-05-09 00:25:50,15.0,洗盤不破承接｜突破品質成立但未過熱,早期轉強事件,偏早期，可列入WATCH等待二次確認。,10.572,118,v266.62,2026-05-09 00:25:51,0.0,,NONE,376,2,NONE,trigger合理｜平台收斂｜洗盤承接｜風險文字,179
WATCH,2026-05-08,2026-05-11,2945,三商家購,ENTRY,PRE,PRE,50.0,WAIT,BLOCK,False,41.45,0.0,0.0,8,洗盤收回 | 均線收斂 | 接近突破 | 結構尚可,BLOCK：超出本市場狀態可執行名額｜v266.57.9：結構：平台壓縮後轉強，可優先觀察起漲/試單。｜續強：回檔承接尚可，若原策略入選，可優先觀察延續。｜突破：突破品質尚可，可列入試單後續確認。,68.67,,,HIGH,高流動性,7.8,15863.0,657521350.0000001,0.0,🟡 普通,41（🟡 普通）,,籌碼普通或資料有限，需搭配技術面確認。,1,部分籌碼資料有限,📉 低信心,,,三商家購,-2000.0,0.0,0.0,-2000.0,0.0,1,0.0,0.0,0.0,0.0,0,TWSE,🟡 洗盤吸籌／整理換手（結構未壞）,中高,不急追；等放量突破或站穩 MA10 / MA20 再提高權重。,2026-05-09 00:25:55,behavior_interpretation,,,,,,,,,,,,,,,,,,,,,,,,,,,,,,,,,,,,,,,,,,,,,,,,,,,,,,,,,,,,,,,,,,,,MA5：依試單節奏判斷,MA20：依試單節奏判斷,,,,,MA10：依試單節奏判斷,MA5：依試單節奏判斷,MA10：依試單節奏判斷,MA20：依試單節奏判斷,突破確認K,整理後轉強,整理後轉強,MA5：依試單節奏判斷｜MA10：依試單節奏判斷｜MA20：依試單節奏判斷｜K棒：突破確認K｜K線：整理後轉強,K棒型態：突破確認K｜K線結構：整理後轉強,依原策略執行，技術欄位用於確認節奏與風險。,10.8,A,起漲結構強,MA20走平翻揚｜接近20日高｜40D平台收斂｜短中均線糾結｜40D低點守住｜接近/站回MA60｜MA60不再下彎｜站回60D區間中上｜近5日量縮｜5D動能轉正,平台壓縮後轉強，可優先觀察起漲/試單。,v266.57.9,7.0,A,續強品質強,回檔不破前低｜低點墊高確認｜收盤守MA5｜續強確認：收盤未跌破MA5｜回檔量縮,回檔承接尚可，若原策略入選，可優先觀察延續。,v266.57.9,4.2,B,突破品質中,紅K實體放大｜收盤接近高點｜MA5加速上彎,突破品質尚可，可列入試單後續確認。,v266.57.9,GENERIC,0.55,0.5,0.5,11.54,162.0,最後後處理補寫：原分數+結構前置+續強品質+突破品質；不覆蓋原策略,一般,9.463,v266.58.1,2026-05-09 00:25:47,觀察,否,,觀察,0,0,持續觀察,前狀態:nan→今日:觀察,NO,v266.60.2,9.463,30.0,0.0,0.0,0.0,13.546,154.0,20/40/60結構佳｜續強品質佳｜主力佈局語意｜突破品質輔助,主力佈局優先,v266.61,2026-05-09 00:25:50,15.0,洗盤不破承接｜突破品質成立但未過熱,早期轉強事件,偏早期，可列入WATCH等待二次確認。,11.124,110,v266.62,2026-05-09 00:25:51,0.0,,NONE,399,2,NONE,trigger合理｜平台收斂｜洗盤承接｜風險文字,180
TEST,2026-05-08,2026-05-11,8443,阿瘦,ENTRY,PRE,PRE,68.0,WAIT,BLOCK,False,11.8,0.0,0.0,3,波動壓縮 | 洗盤收回 | 均線收斂 | 接近突破 | 結構尚可,BLOCK：超出本市場狀態可執行名額｜v266.57.9：結構：平台壓縮後轉強，可優先觀察起漲/試單。｜續強：回檔承接尚可，若原策略入選，可優先觀察延續。｜突破：突破品質尚可，可列入試單後續確認。,80.2,,,HIGH,高流動性,9.5,35930.0,423974000.0,0.0,⚠️ 分散,39（⚠️ 分散）,,籌碼普通或資料有限，需搭配技術面確認。,1,部分籌碼資料有限,📉 低信心,,,阿瘦,-5980.0,0.0,0.0,-5980.0,0.0,1,0.0,0.0,0.0,0.0,0,TWSE,🟡 洗盤吸籌／整理換手（結構未壞）,中高,不急追；等放量突破或站穩 MA10 / MA20 再提高權重。,2026-05-09 00:25:55,behavior_interpretation,,,,,,,,,,,,,,,,,,,,,,,,,,,,,,,,,,,,,,,,,,,,,,,,,,,,,,,,,,,,,,,,,,,,MA5：依試單節奏判斷,MA20：依試單節奏判斷,,,,,MA10：依試單節奏判斷,MA5：依試單節奏判斷,MA10：依試單節奏判斷,MA20：依試單節奏判斷,突破確認K,整理後轉強,整理後轉強,MA5：依試單節奏判斷｜MA10：依試單節奏判斷｜MA20：依試單節奏判斷｜K棒：突破確認K｜K線：整理後轉強,K棒型態：突破確認K｜K線結構：整理後轉強,依原策略執行，技術欄位用於確認節奏與風險。,8.0,A,起漲結構強,接近20日高｜40D平台收斂｜短中均線糾結｜40D低點守住｜接近/站回MA60｜MA60不再下彎｜站回60D區間中上,平台壓縮後轉強，可優先觀察起漲/試單。,v266.57.9,5.0,B,續強品質中,回檔不破前低｜低點墊高確認｜收盤守MA5｜回檔量縮｜扣分:跌破短均,回檔承接尚可，若原策略入選，可優先觀察延續。,v266.57.9,4.2,B,突破品質中,紅K實體放大｜收盤接近高點｜量能較前日放大,突破品質尚可，可列入試單後續確認。,v266.57.9,GENERIC,0.55,0.5,0.5,9.0,345.0,最後後處理補寫：原分數+結構前置+續強品質+突破品質；不覆蓋原策略,一般,7.38,v266.58.1,2026-05-09 00:25:47,觀察,否,,觀察,0,0,持續觀察,首次追蹤:觀察,NO,v266.60.2,7.38,30.0,0.0,0.0,0.0,13.878,115.0,20/40/60結構佳｜續強品質佳｜主力佈局語意｜突破品質輔助,主力佈局優先,v266.61,2026-05-09 00:25:50,15.0,洗盤不破承接｜突破品質成立但未過熱,早期轉強事件,偏早期，可列入WATCH等待二次確認。,9.666,147,v266.62,2026-05-09 00:25:51,0.0,,NONE,289,2,NONE,trigger合理｜平台收斂｜洗盤承接｜風險文字,181
TEST,2026-05-08,2026-05-11,4722,國精化,ENTRY,ALPHA,ALPHA,58.0,BREAK,BLOCK,False,236.5,30000.0,0.03,3,ALPHA高流動性強勢延續｜成交量/成交金額優先｜突破/趨勢確認｜高流動性,BLOCK：同股已由高優先桶接管｜v266.57.9：結構：平台壓縮後轉強，可優先觀察起漲/試單。｜續強：回檔承接尚可，若原策略入選，可優先觀察延續。｜突破：TEST有升級IGNITION條件，可優先觀察隔日延續。,129.14,,,HIGH,高流動性,92.11,10764769.0,2545867868500.0,13.0,⚠️ 分散,25（⚠️ 分散）,爆量不跌｜均線結構,籌碼偏弱且資料有限，避免重倉追高。,1,部分籌碼資料有限,📉 低信心,,,,-203000.0,0.0,88846.0,-114154.0,0.0,1,0.0,0.0,0.0,0.0,0,TWSE,🚀 主力拉升（趨勢延續）,高,可續抱；若是試單，可觀察是否進入加碼條件。,2026-05-09 00:25:55,behavior_interpretation,2026-05-08,國精化,TWSE,216.0,236.5,213.0,0.1,0.2783783783783784,0.303030303030303,0.2222222222222223,0.4077380952380953,0.4553846153846153,201.3,192.95,186.35,178.3,0.0555601472505001,4416760.2,3249870.55,3.31236854957192,1.3590572707580613,236.5,165.5,236.5,150.5,0.3002114164892169,201.3,186.35,0.0632135306551239,0.0525275345944504,66.60117112690803,49.52707933911171,0.0,8.43278146912948,4.123644894082337,4.309136575047144,0.0,314826624.0,0.0560443758744522,2.0,3.0,3.0,5.0,5.0,8.0,2754.0,True,ALPHA Trend Momentum,128.0,BUY,買進,高流動性強勢買進,ALPHA高流動性強勢延續｜成交量/成交金額優先｜突破/趨勢確認｜高流動性,ALPHA,TREND,100-300,236.74,126.72,30045.0,,,,,,,,,MA5：站上｜↑ 強勢,MA20：站上｜↑ 強勢,,,,,MA10：站上｜↑ 強勢,MA5：站上｜↑ 強勢,MA10：站上｜↑ 強勢,MA20：站上｜↑ 強勢,突破確認K,多頭排列,多頭排列,MA5：站上｜↑ 強勢｜MA10：站上｜↑ 強勢｜MA20：站上｜↑ 強勢｜K棒：突破確認K｜K線：多頭排列,K棒型態：突破確認K｜K線結構：多頭排列,依原策略執行，技術欄位用於確認節奏與風險。,9.1,A,起漲結構強,20D站上MA20｜MA20走平翻揚｜MA5站上MA10｜接近20日高｜40D平台收斂｜短中均線糾結｜40D低點守住｜接近/站回MA60｜MA60不再下彎｜站回60D區間中上｜5D動能轉正｜10D動能轉正｜扣分:單日爆量偏高、距MA20過遠,平台壓縮後轉強，可優先觀察起漲/試單。,v266.57.9,7.7,A,續強品質強,回檔不破前低｜低點墊高確認｜收盤守MA5｜續強確認：收盤未跌破MA5｜MA5仍在MA10上｜仍站MA20｜10D動能維持｜扣分:接近20日高且短線過熱,回檔承接尚可，若原策略入選，可優先觀察延續。,v266.57.9,7.7,A,突破品質強,紅K實體放大｜收盤接近高點｜量能較前日放大｜突破近5日高｜MA5加速上彎｜短均多頭,TEST有升級IGNITION條件，可優先觀察隔日延續。,v266.57.9,ALPHA,0.35,0.75,0.25,138.885,1.0,最後後處理補寫：原分數+結構前置+續強品質+突破品質；不覆蓋原策略,一般,116.226,v266.58.1,2026-05-09 00:25:47,突破中,否,法人偏多｜量能放大｜均線轉強,突破中,4,12,準IGNITION,前狀態:突破中→今日:突破中｜強狀態維持｜強狀態連續維持｜具備點火條件,READY,v266.60.2,120.426,42.0,32.0,5.0,35.0,24.383,63.0,20/40/60結構佳｜籌碼偏多｜續強品質佳｜主力佈局語意｜狀態升級強｜具升級旗標｜升級標籤｜短均轉強｜5日漲幅過熱扣分｜乖離MA20過大扣分｜風險語意扣分｜突破品質輔助,過熱降權,v266.61,2026-05-09 00:25:50,55.0,站上MA20且結構成形｜溫和放量不跌｜平台壓縮後放量｜洗盤不破承接｜突破品質成立但未過熱｜籌碼偏多未過熱｜狀態升級觸發｜狀態轉移轉強｜遠離MA20過熱扣分,強點火事件,可列入優先追蹤，觀察隔日不破MA5/MA10。,100.798,2,v266.62,2026-05-09 00:25:51,-18.0,籌碼剛轉強｜狀態剛升級｜乖離過大｜已經強很久,NONE,533,-5,AVOID_CHASE,籌碼初升｜狀態剛升級｜平台收斂｜過熱扣分｜風險文字,182
TEST,2026-05-08,2026-05-11,6695,芯鼎,ENTRY,ALPHA,ALPHA,58.0,BREAK,BLOCK,False,52.9,30000.0,0.03,3,ALPHA高流動性強勢延續｜成交量/成交金額優先｜突破/趨勢確認｜高流動性,BLOCK：同股已由高優先桶接管｜v266.57.9：結構：平台壓縮後轉強，可優先觀察起漲/試單。｜續強：回檔承接尚可，若原策略入選，可優先觀察延續。｜突破：TEST有升級IGNITION條件，可優先觀察隔日延續。,126.3,,,HIGH,高流動性,84.0,7375991.0,390189923900.0,13.0,⚠️ 分散,25（⚠️ 分散）,爆量不跌｜均線結構,籌碼偏弱且資料有限，避免重倉追高。,1,部分籌碼資料有限,📉 低信心,,,,-220000.0,0.0,0.0,-220000.0,0.0,1,0.0,0.0,0.0,0.0,0,TWSE,🚀 主力拉升（趨勢延續）,高,可續抱；若是試單，可觀察是否進入加碼條件。,2026-05-09 00:25:55,behavior_interpretation,2026-05-08,芯鼎,TWSE,48.95,52.9,48.55,0.09865005192108,0.1376344086021506,0.2777777777777777,0.2077625781152903,0.3884514991760857,0.1794872196154888,48.67,45.7850001525879,42.835,41.684166768391925,0.0450463562453949,5450466.2,2233346.0,3.3026638057873687,2.440493412126916,52.9,37.79999923706055,52.9,37.150001525878906,0.2854442488214368,48.67,42.835,0.1103024574648336,0.0627054528431754,79.16869410577807,67.59084485502702,0.0,2.37465984543325,1.2669087248192528,1.1077511206139972,0.0,527121878.0,0.0465093133388507,2.0,2.0,4.0,4.0,6.0,6.0,1777.0,True,CORE Early Entry,96.0,BUY,買進,早期卡位,CORE早期卡位｜剛轉強｜靠近MA20｜量能回溫｜高流動性,CORE,TREND,50-100,52.95,566.54,30045.0,,,,,,,,,MA5：站上｜↑ 強勢,MA20：站上｜↑ 強勢,,,,,MA10：站上｜↑ 強勢,MA5：站上｜↑ 強勢,MA10：站上｜↑ 強勢,MA20：站上｜↑ 強勢,突破確認K,多頭排列,多頭排列,MA5：站上｜↑ 強勢｜MA10：站上｜↑ 強勢｜MA20：站上｜↑ 強勢｜K棒：突破確認K｜K線：多頭排列,K棒型態：突破確認K｜K線結構：多頭排列,依原策略執行，技術欄位用於確認節奏與風險。,7.6,B,起漲結構中,20D站上MA20｜MA20走平翻揚｜MA5站上MA10｜接近20日高｜40D平台收斂｜40D低點守住｜接近/站回MA60｜MA60不再下彎｜站回60D區間中上｜5D動能轉正｜10D動能轉正｜扣分:單日爆量偏高、距MA20過遠,平台壓縮後轉強，可優先觀察起漲/試單。,v266.57.9,6.5,B,續強品質中,回檔不破前低｜低點墊高確認｜收盤守MA5｜續強確認：收盤未跌破MA5｜MA5仍在MA10上｜仍站MA20｜10D動能維持｜扣分:回檔量放大、接近20日高且短線過熱,回檔承接尚可，若原策略入選，可優先觀察延續。,v266.57.9,6.5,A,突破品質強,紅K實體放大｜收盤接近高點｜突破近5日高｜MA5加速上彎｜短均多頭,TEST有升級IGNITION條件，可優先觀察隔日延續。,v266.57.9,ALPHA,0.35,0.75,0.25,105.16,83.0,最後後處理補寫：原分數+結構前置+續強品質+突破品質；不覆蓋原策略,一般,88.571,v266.58.1,2026-05-09 00:25:47,突破中,否,法人偏多｜量能放大｜均線轉強,突破中,4,12,準IGNITION,前狀態:突破中→今日:突破中｜強狀態維持｜強狀態連續維持｜具備點火條件,READY,v266.60.2,92.771,42.0,32.0,5.0,35.0,21.617,69.0,20/40/60結構佳｜籌碼偏多｜續強品質佳｜主力佈局語意｜狀態升級強｜具升級旗標｜升級標籤｜短均轉強｜5日漲幅過熱扣分｜乖離MA20過大扣分｜風險語意扣分｜突破品質輔助,過熱降權,v266.61,2026-05-09 00:25:50,55.0,站上MA20且結構成形｜溫和放量不跌｜平台壓縮後放量｜洗盤不破承接｜突破品質成立但未過熱｜籌碼偏多未過熱｜狀態升級觸發｜狀態轉移轉強｜遠離MA20過熱扣分,強點火事件,可列入優先追蹤，觀察隔日不破MA5/MA10。,81.44,74,v266.62,2026-05-09 00:25:51,-18.0,籌碼剛轉強｜狀態剛升級｜乖離過大｜已經強很久,NONE,530,-5,AVOID_CHASE,籌碼初升｜狀態剛升級｜平台收斂｜過熱扣分｜風險文字,183
TEST,2026-05-08,2026-05-11,4722,國精化,ENTRY,CORE,CORE,80.0,BREAK,WATCH,False,236.74,30000.0,0.03,3,ALPHA高流動性強勢延續｜成交量/成交金額優先｜突破/趨勢確認｜高流動性,WATCH：保留觀察，不下單｜大盤中性 ：BUY 降級 TEST，控制追高｜v266.57.9：結構：平台壓縮後轉強，可優先觀察起漲/試單。｜續強：回檔承接尚可，若原策略入選，可優先觀察延續。｜突破：TEST有升級IGNITION條件，可優先觀察隔日延續。,137.24,,,HIGH,高流動性,92.11,10764769.0,2545867868500.0,13.0,⚠️ 分散,25（⚠️ 分散）,爆量不跌｜均線結構,籌碼偏弱且資料有限，避免重倉追高。,1,部分籌碼資料有限,📉 低信心,,,,-203000.0,0.0,88846.0,-114154.0,0.0,1,0.0,0.0,0.0,0.0,0,TWSE,🚀 主力拉升（趨勢延續）,高,可續抱；若是試單，可觀察是否進入加碼條件。,2026-05-09 00:25:55,behavior_interpretation,2026-05-08,國精化,TWSE,216.0,236.5,213.0,0.1,0.2783783783783784,0.303030303030303,0.2222222222222223,0.4077380952380953,0.4553846153846153,201.3,192.95,186.35,178.3,0.0555601472505001,4416760.2,3249870.55,3.31236854957192,1.3590572707580613,236.5,165.5,236.5,150.5,0.3002114164892169,201.3,186.35,0.0632135306551239,0.0525275345944504,66.60117112690803,49.52707933911171,0.0,8.43278146912948,4.123644894082337,4.309136575047144,0.0,314826624.0,0.0560443758744522,2.0,3.0,3.0,5.0,5.0,8.0,2754.0,True,ALPHA Trend Momentum,128.0,BUY,買進,高流動性強勢買進,ALPHA高流動性強勢延續｜成交量/成交金額優先｜突破/趨勢確認｜高流動性,ALPHA,TREND,100-300,236.74,126.72,30045.0,,,,,,,,,MA5：站上｜↑ 強勢,MA20：站上｜↑ 強勢,,,,,MA10：站上｜↑ 強勢,MA5：站上｜↑ 強勢,MA10：站上｜↑ 強勢,MA20：站上｜↑ 強勢,突破確認K,多頭排列,多頭排列,MA5：站上｜↑ 強勢｜MA10：站上｜↑ 強勢｜MA20：站上｜↑ 強勢｜K棒：突破確認K｜K線：多頭排列,K棒型態：突破確認K｜K線結構：多頭排列,依原策略執行，技術欄位用於確認節奏與風險。,9.1,A,起漲結構強,20D站上MA20｜MA20走平翻揚｜MA5站上MA10｜接近20日高｜40D平台收斂｜短中均線糾結｜40D低點守住｜接近/站回MA60｜MA60不再下彎｜站回60D區間中上｜5D動能轉正｜10D動能轉正｜扣分:單日爆量偏高、距MA20過遠,平台壓縮後轉強，可優先觀察起漲/試單。,v266.57.9,7.7,A,續強品質強,回檔不破前低｜低點墊高確認｜收盤守MA5｜續強確認：收盤未跌破MA5｜MA5仍在MA10上｜仍站MA20｜10D動能維持｜扣分:接近20日高且短線過熱,回檔承接尚可，若原策略入選，可優先觀察延續。,v266.57.9,7.7,A,突破品質強,紅K實體放大｜收盤接近高點｜量能較前日放大｜突破近5日高｜MA5加速上彎｜短均多頭,TEST有升級IGNITION條件，可優先觀察隔日延續。,v266.57.9,ALPHA,0.35,0.75,0.25,138.885,1.0,最後後處理補寫：原分數+結構前置+續強品質+突破品質；不覆蓋原策略,一般,116.226,v266.58.1,2026-05-09 00:25:47,突破中,否,法人偏多｜量能放大｜均線轉強,突破中,4,12,準IGNITION,前狀態:突破中→今日:突破中｜強狀態維持｜強狀態連續維持｜具備點火條件,READY,v266.60.2,120.426,42.0,32.0,5.0,35.0,25.043,61.0,20/40/60結構佳｜籌碼偏多｜續強品質佳｜主力佈局語意｜狀態升級強｜具升級旗標｜升級標籤｜短均轉強｜5日漲幅過熱扣分｜乖離MA20過大扣分｜風險語意扣分｜突破品質輔助,過熱降權,v266.61,2026-05-09 00:25:50,55.0,站上MA20且結構成形｜溫和放量不跌｜平台壓縮後放量｜洗盤不破承接｜突破品質成立但未過熱｜籌碼偏多未過熱｜狀態升級觸發｜狀態轉移轉強｜遠離MA20過熱扣分,強點火事件,可列入優先追蹤，觀察隔日不破MA5/MA10。,100.798,3,v266.62,2026-05-09 00:25:51,-18.0,籌碼剛轉強｜狀態剛升級｜乖離過大｜已經強很久,NONE,531,-5,AVOID_CHASE,籌碼初升｜狀態剛升級｜平台收斂｜過熱扣分｜風險文字,184
TEST,2026-05-08,2026-05-11,6695,芯鼎,ENTRY,CORE,CORE,80.0,BREAK,WATCH,False,52.95,30000.0,0.03,3,ALPHA高流動性強勢延續｜成交量/成交金額優先｜突破/趨勢確認｜高流動性,WATCH：保留觀察，不下單｜大盤中性 ：BUY 降級 TEST，控制追高｜v266.57.9：結構：平台壓縮後轉強，可優先觀察起漲/試單。｜續強：回檔承接尚可，若原策略入選，可優先觀察延續。｜突破：TEST有升級IGNITION條件，可優先觀察隔日延續。,134.4,,,HIGH,高流動性,84.0,7375991.0,390189923900.0,13.0,⚠️ 分散,25（⚠️ 分散）,爆量不跌｜均線結構,籌碼偏弱且資料有限，避免重倉追高。,1,部分籌碼資料有限,📉 低信心,,,,-220000.0,0.0,0.0,-220000.0,0.0,1,0.0,0.0,0.0,0.0,0,TWSE,🚀 主力拉升（趨勢延續）,高,可續抱；若是試單，可觀察是否進入加碼條件。,2026-05-09 00:25:55,behavior_interpretation,2026-05-08,芯鼎,TWSE,48.95,52.9,48.55,0.09865005192108,0.1376344086021506,0.2777777777777777,0.2077625781152903,0.3884514991760857,0.1794872196154888,48.67,45.7850001525879,42.835,41.684166768391925,0.0450463562453949,5450466.2,2233346.0,3.3026638057873687,2.440493412126916,52.9,37.79999923706055,52.9,37.150001525878906,0.2854442488214368,48.67,42.835,0.1103024574648336,0.0627054528431754,79.16869410577807,67.59084485502702,0.0,2.37465984543325,1.2669087248192528,1.1077511206139972,0.0,527121878.0,0.0465093133388507,2.0,2.0,4.0,4.0,6.0,6.0,1777.0,True,CORE Early Entry,96.0,BUY,買進,早期卡位,CORE早期卡位｜剛轉強｜靠近MA20｜量能回溫｜高流動性,CORE,TREND,50-100,52.95,566.54,30045.0,,,,,,,,,MA5：站上｜↑ 強勢,MA20：站上｜↑ 強勢,,,,,MA10：站上｜↑ 強勢,MA5：站上｜↑ 強勢,MA10：站上｜↑ 強勢,MA20：站上｜↑ 強勢,突破確認K,多頭排列,多頭排列,MA5：站上｜↑ 強勢｜MA10：站上｜↑ 強勢｜MA20：站上｜↑ 強勢｜K棒：突破確認K｜K線：多頭排列,K棒型態：突破確認K｜K線結構：多頭排列,依原策略執行，技術欄位用於確認節奏與風險。,7.6,B,起漲結構中,20D站上MA20｜MA20走平翻揚｜MA5站上MA10｜接近20日高｜40D平台收斂｜40D低點守住｜接近/站回MA60｜MA60不再下彎｜站回60D區間中上｜5D動能轉正｜10D動能轉正｜扣分:單日爆量偏高、距MA20過遠,平台壓縮後轉強，可優先觀察起漲/試單。,v266.57.9,6.5,B,續強品質中,回檔不破前低｜低點墊高確認｜收盤守MA5｜續強確認：收盤未跌破MA5｜MA5仍在MA10上｜仍站MA20｜10D動能維持｜扣分:回檔量放大、接近20日高且短線過熱,回檔承接尚可，若原策略入選，可優先觀察延續。,v266.57.9,6.5,A,突破品質強,紅K實體放大｜收盤接近高點｜突破近5日高｜MA5加速上彎｜短均多頭,TEST有升級IGNITION條件，可優先觀察隔日延續。,v266.57.9,CORE,0.95,0.55,0.35,109.07,60.0,最後後處理補寫：原分數+結構前置+續強品質+突破品質；不覆蓋原策略,一般,91.777,v266.58.1,2026-05-09 00:25:47,突破中,否,法人偏多｜量能放大｜均線轉強,突破中,4,12,準IGNITION,前狀態:突破中→今日:突破中｜強狀態維持｜強狀態連續維持｜具備點火條件,READY,v266.60.2,95.977,42.0,32.0,5.0,35.0,22.598,67.0,20/40/60結構佳｜籌碼偏多｜續強品質佳｜主力佈局語意｜狀態升級強｜具升級旗標｜升級標籤｜短均轉強｜5日漲幅過熱扣分｜乖離MA20過大扣分｜風險語意扣分｜突破品質輔助,過熱降權,v266.61,2026-05-09 00:25:50,55.0,站上MA20且結構成形｜溫和放量不跌｜平台壓縮後放量｜洗盤不破承接｜突破品質成立但未過熱｜籌碼偏多未過熱｜狀態升級觸發｜狀態轉移轉強｜遠離MA20過熱扣分,強點火事件,可列入優先追蹤，觀察隔日不破MA5/MA10。,83.684,69,v266.62,2026-05-09 00:25:51,-18.0,籌碼剛轉強｜狀態剛升級｜乖離過大｜已經強很久,NONE,532,-5,AVOID_CHASE,籌碼初升｜狀態剛升級｜平台收斂｜過熱扣分｜風險文字,185
TEST,2026-05-08,2026-05-11,8016,矽創,ENTRY,ALPHA,ALPHA,58.0,WAIT,BLOCK,False,273.0,0.0,0.0,3,ALPHA高流動性強勢延續｜成交量/成交金額優先｜突破/趨勢確認｜高流動性,BLOCK：超出本市場狀態可執行名額｜v266.57.9：結構：平台壓縮後轉強，可優先觀察起漲/試單。｜續強：回檔承接尚可，若原策略入選，可優先觀察延續。｜突破：突破品質尚可，可列入試單後續確認。,118.53,,,HIGH,高流動性,90.37,7424424.0,2026867752000.0,17.0,🟢 偏集中,65（🟢 偏集中）,爆量不跌｜均線結構｜法人偏多,籌碼偏集中但資料有限，可搭配技術面確認，不宜單獨重倉。,1,部分籌碼資料有限,📉 低信心,,,矽創,525000.0,-182641.0,16000.0,358359.0,1.0,1,0.0,0.0,0.0,0.0,0,TWSE,🚀 主力拉升（趨勢延續）,高,可續抱；若是試單，可觀察是否進入加碼條件。,2026-05-09 00:25:55,behavior_interpretation,2026-05-08,矽創,TWSE,271.0,279.5,262.0,0.0282485875706215,0.1869565217391304,0.2325056433408578,0.2465753424657535,0.4072164948453609,0.4108527131782946,246.1,237.0,222.75,204.15833333333333,0.0418896143174839,3341813.0,2013176.35,3.687915368169309,1.6599703250040654,279.5,194.5,279.5,183.0,0.3113553113541709,246.1,222.75,0.0855311355308222,0.0623584118275313,74.83174664527175,64.53905277264995,0.0,13.903019698520126,9.323974005434442,4.579045693085684,0.0,696009725.0,0.0245974514436655,3.0,3.0,5.0,4.0,7.0,6.0,2754.0,True,ALPHA Trend Momentum,118.0,BUY,買進,高流動性強勢買進,ALPHA高流動性強勢延續｜成交量/成交金額優先｜突破/趨勢確認｜高流動性,ALPHA,,,,,,,,,,,,,,MA5：站上｜↑ 強勢,MA20：站上｜↑ 強勢,,,,,MA10：站上｜↑ 強勢,MA5：站上｜↑ 強勢,MA10：站上｜↑ 強勢,MA20：站上｜↑ 強勢,突破確認K,多頭排列,多頭排列,MA5：站上｜↑ 強勢｜MA10：站上｜↑ 強勢｜MA20：站上｜↑ 強勢｜K棒：突破確認K｜K線：多頭排列,K棒型態：突破確認K｜K線結構：多頭排列,依原策略執行，技術欄位用於確認節奏與風險。,7.6,B,起漲結構中,20D站上MA20｜MA20走平翻揚｜MA5站上MA10｜接近20日高｜40D平台收斂｜40D低點守住｜接近/站回MA60｜MA60不再下彎｜站回60D區間中上｜5D動能轉正｜10D動能轉正｜扣分:單日爆量偏高、距MA20過遠,平台壓縮後轉強，可優先觀察起漲/試單。,v266.57.9,8.7,A,續強品質強,回檔不破前低｜低點墊高確認｜收盤守MA5｜續強確認：收盤未跌破MA5｜MA5仍在MA10上｜仍站MA20｜10D動能維持,回檔承接尚可，若原策略入選，可優先觀察延續。,v266.57.9,4.7,B,突破品質中,量能較前日放大｜突破近5日高｜MA5加速上彎｜短均多頭,突破品質尚可，可列入試單後續確認。,v266.57.9,ALPHA,0.35,0.75,0.25,128.36,24.0,最後後處理補寫：原分數+結構前置+續強品質+突破品質；不覆蓋原策略,主力吸籌,108.315,v266.58.1,2026-05-09 00:25:47,突破中,否,法人偏多｜量能放大｜均線轉強,突破中,4,13,準IGNITION,前狀態:nan→今日:突破中｜狀態跳升｜具備點火條件,READY,v266.60.2,112.865,42.0,32.0,5.0,20.0,29.909,48.0,20/40/60結構佳｜籌碼偏多｜續強品質佳｜主力佈局語意｜狀態升級強｜具升級旗標｜升級標籤｜短均轉強｜5日漲幅過熱扣分｜乖離MA20過大扣分｜突破品質輔助,過熱降權,v266.61,2026-05-09 00:25:50,45.0,站上MA20且結構成形｜平台壓縮後放量｜洗盤不破承接｜突破品質成立但未過熱｜籌碼偏多未過熱｜狀態升級觸發｜狀態轉移轉強｜遠離MA20過熱扣分,強點火事件,可列入優先追蹤，觀察隔日不破MA5/MA10。,92.506,36,v266.62,2026-05-09 00:25:51,-14.0,狀態剛升級｜乖離過大,NONE,524,-5,AVOID_CHASE,籌碼初升｜狀態剛升級｜平台收斂｜過熱扣分｜風險文字,186
WATCH,2026-05-08,2026-05-11,8926,台汽電,ENTRY,PRE,PRE,50.0,BREAK,BLOCK,False,49.1,30000.0,0.03,8,均線收斂 | 放量吸收 | 接近突破 | 結構尚可,BLOCK：同股已由高優先桶接管｜觀察清單 TOP1：本區最可能發動｜v266.57.9：結構：平台壓縮後轉強，可優先觀察起漲/試單。｜續強：回檔承接尚可，若原策略入選，可優先觀察延續。｜突破：TEST有升級IGNITION條件，可優先觀察隔日延續。,113.6,,,HIGH,高流動性,83.13,6852068.0,336436538800.0,13.0,⚠️ 分散,25（⚠️ 分散）,爆量不跌｜均線結構,籌碼偏弱且資料有限，避免重倉追高。,1,部分籌碼資料有限,📉 低信心,1.0,觀察TOP1,台汽電,-794000.0,0.0,4000.0,-790000.0,0.0,1,0.0,0.0,0.0,0.0,0,TWSE,⚪ 盤整觀望（等待方向）,中低,先觀察，不急進場；等突破、量能或均線方向出現。,2026-05-09 00:25:55,behavior_interpretation,2026-05-08,台汽電,TWSE,48.0,49.2,47.8,0.0502673796791444,0.105855855855856,0.0732240437158471,0.067391304347826,0.1405342826982254,0.1159090909090909,46.26,45.93500022888183,45.204999923706055,45.02376518249512,0.0167081119937748,3339157.4,1838883.75,3.726210533972034,1.8158610624516085,49.2,42.84999847412109,49.2,42.59999847412109,0.1293279333146555,46.26,45.204999923706055,0.0214867632642048,0.01555742684484,73.43099677801041,60.67179306409243,0.0,0.5958044153968487,0.2802320953753176,0.315572320021531,0.0,420930373.0,0.0252645464189629,3.0,3.0,3.0,3.0,4.0,6.0,2754.0,True,ALPHA Trend Momentum,122.0,BUY,買進,高流動性強勢買進,ALPHA高流動性強勢延續｜成交量/成交金額優先｜突破/趨勢確認｜高流動性,ALPHA,TREND,50以下,49.15,610.39,30045.0,,,,,,,,,MA5：站上｜↑ 強勢,MA20：站上｜↑ 強勢,,,,,MA10：站上｜↑ 強勢,MA5：站上｜↑ 強勢,MA10：站上｜↑ 強勢,MA20：站上｜↑ 強勢,突破確認K,多頭排列,多頭排列,MA5：站上｜↑ 強勢｜MA10：站上｜↑ 強勢｜MA20：站上｜↑ 強勢｜K棒：突破確認K｜K線：多頭排列,K棒型態：突破確認K｜K線結構：多頭排列,依原策略執行，技術欄位用於確認節奏與風險。,11.1,A,起漲結構強,20D站上MA20｜MA20走平翻揚｜MA5站上MA10｜接近20日高｜40D平台收斂｜短中均線糾結｜40D低點守住｜接近/站回MA60｜MA60不再下彎｜站回60D區間中上｜5D動能轉正｜10D動能轉正｜扣分:單日爆量偏高,平台壓縮後轉強，可優先觀察起漲/試單。,v266.57.9,7.5,A,續強品質強,回檔不破前低｜低點墊高確認｜收盤守MA5｜續強確認：收盤未跌破MA5｜MA5仍在MA10上｜仍站MA20｜10D動能維持｜扣分:回檔量放大,回檔承接尚可，若原策略入選，可優先觀察延續。,v266.57.9,7.7,A,突破品質強,紅K實體放大｜收盤接近高點｜量能較前日放大｜突破近5日高｜MA5加速上彎｜短均多頭,TEST有升級IGNITION條件，可優先觀察隔日延續。,v266.57.9,ALPHA,0.35,0.75,0.25,133.435,9.0,最後後處理補寫：原分數+結構前置+續強品質+突破品質；不覆蓋原策略,一般,111.757,v266.58.1,2026-05-09 00:25:47,突破中,否,法人偏多｜量能放大｜均線轉強,突破中,4,12,準IGNITION,前狀態:突破中→今日:突破中｜強狀態維持｜強狀態連續維持｜具備點火條件,READY,v266.60.2,115.957,42.0,32.0,27.0,0.0,43.896,3.0,20/40/60結構佳｜籌碼偏多｜續強品質佳｜主力佈局語意｜狀態升級強｜具升級旗標｜升級標籤｜距MA20合理｜距MA60合理｜短均轉強｜動能初段未過熱｜突破品質輔助,高優先準點火,v266.61,2026-05-09 00:25:50,57.0,站上MA20且結構成形｜平台壓縮後放量｜洗盤不破承接｜突破品質成立但未過熱｜籌碼偏多未過熱｜狀態升級觸發｜狀態轉移轉強,強點火事件,可列入優先追蹤，觀察隔日不破MA5/MA10。,98.27,10,v266.62,2026-05-09 00:25:51,2.0,籌碼剛轉強｜狀態剛升級｜已經強很久,NONE,61,-5,AVOID_CHASE,籌碼初升｜狀態剛升級｜平台收斂｜過熱扣分｜風險文字,187
TEST,2026-05-08,2026-05-11,8926,台汽電,ENTRY,CORE,CORE,80.0,BREAK,BLOCK,False,49.15,30000.0,0.03,3,ALPHA高流動性強勢延續｜成交量/成交金額優先｜突破/趨勢確認｜高流動性,BLOCK：超出本市場狀態可執行名額｜大盤中性 ：BUY 降級 TEST，控制追高｜觀察清單 TOP1：本區最可能發動｜v266.57.9：結構：平台壓縮後轉強，可優先觀察起漲/試單。｜續強：回檔承接尚可，若原策略入選，可優先觀察延續。｜突破：TEST有升級IGNITION條件，可優先觀察隔日延續。,134.1,,,HIGH,高流動性,83.13,6852068.0,336436538800.0,13.0,⚠️ 分散,25（⚠️ 分散）,爆量不跌｜均線結構,籌碼偏弱且資料有限，避免重倉追高。,1,部分籌碼資料有限,📉 低信心,1.0,觀察TOP1,台汽電,-794000.0,0.0,4000.0,-790000.0,0.0,1,0.0,0.0,0.0,0.0,0,TWSE,🚀 主力拉升（趨勢延續）,高,可續抱；若是試單，可觀察是否進入加碼條件。,2026-05-09 00:25:55,behavior_interpretation,2026-05-08,台汽電,TWSE,48.0,49.2,47.8,0.0502673796791444,0.105855855855856,0.0732240437158471,0.067391304347826,0.1405342826982254,0.1159090909090909,46.26,45.93500022888183,45.204999923706055,45.02376518249512,0.0167081119937748,3339157.4,1838883.75,3.726210533972034,1.8158610624516085,49.2,42.84999847412109,49.2,42.59999847412109,0.1293279333146555,46.26,45.204999923706055,0.0214867632642048,0.01555742684484,73.43099677801041,60.67179306409243,0.0,0.5958044153968487,0.2802320953753176,0.315572320021531,0.0,420930373.0,0.0252645464189629,3.0,3.0,3.0,3.0,4.0,6.0,2754.0,True,ALPHA Trend Momentum,122.0,BUY,買進,高流動性強勢買進,ALPHA高流動性強勢延續｜成交量/成交金額優先｜突破/趨勢確認｜高流動性,ALPHA,TREND,50以下,49.15,610.39,30045.0,,,,,,,,,MA5：站上｜↑ 強勢,MA20：站上｜↑ 強勢,,,,,MA10：站上｜↑ 強勢,MA5：站上｜↑ 強勢,MA10：站上｜↑ 強勢,MA20：站上｜↑ 強勢,突破確認K,多頭排列,多頭排列,MA5：站上｜↑ 強勢｜MA10：站上｜↑ 強勢｜MA20：站上｜↑ 強勢｜K棒：突破確認K｜K線：多頭排列,K棒型態：突破確認K｜K線結構：多頭排列,依原策略執行，技術欄位用於確認節奏與風險。,11.1,A,起漲結構強,20D站上MA20｜MA20走平翻揚｜MA5站上MA10｜接近20日高｜40D平台收斂｜短中均線糾結｜40D低點守住｜接近/站回MA60｜MA60不再下彎｜站回60D區間中上｜5D動能轉正｜10D動能轉正｜扣分:單日爆量偏高,平台壓縮後轉強，可優先觀察起漲/試單。,v266.57.9,7.5,A,續強品質強,回檔不破前低｜低點墊高確認｜收盤守MA5｜續強確認：收盤未跌破MA5｜MA5仍在MA10上｜仍站MA20｜10D動能維持｜扣分:回檔量放大,回檔承接尚可，若原策略入選，可優先觀察延續。,v266.57.9,7.7,A,突破品質強,紅K實體放大｜收盤接近高點｜量能較前日放大｜突破近5日高｜MA5加速上彎｜短均多頭,TEST有升級IGNITION條件，可優先觀察隔日延續。,v266.57.9,ALPHA,0.35,0.75,0.25,133.435,9.0,最後後處理補寫：原分數+結構前置+續強品質+突破品質；不覆蓋原策略,一般,111.757,v266.58.1,2026-05-09 00:25:47,突破中,否,法人偏多｜量能放大｜均線轉強,突破中,4,12,準IGNITION,前狀態:突破中→今日:突破中｜強狀態維持｜強狀態連續維持｜具備點火條件,READY,v266.60.2,115.957,42.0,32.0,27.0,0.0,44.796,1.0,20/40/60結構佳｜籌碼偏多｜續強品質佳｜主力佈局語意｜狀態升級強｜具升級旗標｜升級標籤｜距MA20合理｜距MA60合理｜短均轉強｜動能初段未過熱｜突破品質輔助,高優先準點火,v266.61,2026-05-09 00:25:50,57.0,站上MA20且結構成形｜平台壓縮後放量｜洗盤不破承接｜突破品質成立但未過熱｜籌碼偏多未過熱｜狀態升級觸發｜狀態轉移轉強,強點火事件,可列入優先追蹤，觀察隔日不破MA5/MA10。,98.27,11,v266.62,2026-05-09 00:25:51,2.0,籌碼剛轉強｜狀態剛升級｜已經強很久,NONE,60,-5,AVOID_CHASE,籌碼初升｜狀態剛升級｜平台收斂｜過熱扣分｜風險文字,188
TEST,2026-05-08,2026-05-11,3090,日電貿,ENTRY,ALPHA,ALPHA,58.0,WAIT,BLOCK,False,113.5,0.0,0.0,3,ALPHA高流動性強勢延續｜成交量/成交金額優先｜突破/趨勢確認｜高流動性,BLOCK：超出本市場狀態可執行名額｜v266.57.9：結構：平台壓縮後轉強，可優先觀察起漲/試單。｜續強：回檔承接尚可，若原策略入選，可優先觀察延續。｜突破：尚未形成乾淨突破，不急著升級。,120.35,,,HIGH,高流動性,95.58,28382734.0,3221440309000.0,13.0,❌ 極度分散,15（❌ 極度分散）,爆量不跌｜均線結構,籌碼偏弱且資料有限，避免重倉追高。,1,部分籌碼資料有限,📉 低信心,,,,-681700.0,-213416.0,22645.0,-872471.0,0.0,1,0.0,0.0,0.0,0.0,0,TWSE,🚀 主力拉升（趨勢延續）,高,可續抱；若是試單，可觀察是否進入加碼條件。,2026-05-09 00:25:55,behavior_interpretation,2026-05-08,日電貿,TWSE,120.0,123.5,112.0,-0.021551724137931,0.1786085150571132,0.1384152457372116,0.0509259259259258,0.2472527472527472,0.1464646464646464,105.94,102.57000015258788,103.5450003051758,96.99666653951007,0.0407319933958081,11744366.0,8242585.85,3.44342594866634,1.4248399972685757,123.5,92.4000015258789,123.5,84.4000015258789,0.274008797126406,105.94,102.57000015258788,0.029691628611299,0.0357607296898617,61.79647360026208,48.65077354704847,0.0,2.7961796268154018,1.8707842570231523,0.9253953697922492,0.0,804321450.0,-0.0081561988198416,2.0,3.0,2.0,4.0,3.0,5.0,2754.0,True,CORE Early Entry,96.0,BUY,買進,早期卡位,CORE早期卡位｜剛轉強｜靠近MA20｜量能回溫｜高流動性,CORE,,,,,,,,,,,,,,MA5：站上｜↑ 強勢,MA20：站上｜↑ 強勢,,,,,MA10：站上｜↑ 強勢,MA5：站上｜↑ 強勢,MA10：站上｜↑ 強勢,MA20：站上｜↑ 強勢,突破確認K,整理後轉強,整理後轉強,MA5：站上｜↑ 強勢｜MA10：站上｜↑ 強勢｜MA20：站上｜↑ 強勢｜K棒：突破確認K｜K線：整理後轉強,K棒型態：突破確認K｜K線結構：整理後轉強,依原策略執行，技術欄位用於確認節奏與風險。,10.1,A,起漲結構強,20D站上MA20｜MA20走平翻揚｜MA5站上MA10｜40D平台收斂｜短中均線糾結｜40D低點守住｜接近/站回MA60｜MA60不再下彎｜站回60D區間中上｜5D動能轉正｜10D動能轉正｜扣分:單日爆量偏高,平台壓縮後轉強，可優先觀察起漲/試單。,v266.57.9,8.7,A,續強品質強,回檔不破前低｜低點墊高確認｜收盤守MA5｜續強確認：收盤未跌破MA5｜MA5仍在MA10上｜仍站MA20｜10D動能維持,回檔承接尚可，若原策略入選，可優先觀察延續。,v266.57.9,1.0,D,突破不足,量能較前日放大｜短均多頭｜扣分:收盤位置偏弱,尚未形成乾淨突破，不急著升級。,v266.57.9,ALPHA,0.35,0.75,0.25,106.31,82.0,最後後處理補寫：原分數+結構前置+續強品質+突破品質；不覆蓋原策略,一般,89.514,v266.58.1,2026-05-09 00:25:47,突破中,否,法人偏多｜量能放大｜均線轉強,突破中,4,13,準IGNITION,首次追蹤:突破中｜狀態跳升｜具備點火條件,READY,v266.60.2,94.064,42.0,32.0,16.0,0.0,38.579,20.0,20/40/60結構佳｜籌碼偏多｜續強品質佳｜主力佈局語意｜狀態升級強｜具升級旗標｜升級標籤｜距MA20合理｜距MA60合理,高優先準點火,v266.61,2026-05-09 00:25:50,60.0,站上MA20且結構成形｜溫和放量不跌｜平台壓縮後放量｜洗盤不破承接｜籌碼偏多未過熱｜狀態升級觸發｜狀態轉移轉強,強點火事件,可列入優先追蹤，觀察隔日不破MA5/MA10。,83.845,68,v266.62,2026-05-09 00:25:51,2.0,籌碼剛轉強｜狀態剛升級｜已經強很久,NONE,58,-5,AVOID_CHASE,籌碼初升｜狀態剛升級｜平台收斂｜過熱扣分｜風險文字,189
TEST,2026-05-08,2026-05-11,1809,中釉,ENTRY,ALPHA,ALPHA,58.0,WAIT,BLOCK,False,36.0,0.0,0.0,3,ALPHA高流動性強勢延續｜成交量/成交金額優先｜突破/趨勢確認｜高流動性,BLOCK：超出本市場狀態可執行名額｜v266.57.9：結構：平台壓縮後轉強，可優先觀察起漲/試單。｜續強：回檔承接尚可，若原策略入選，可優先觀察延續。｜突破：有轉強跡象，但突破品質尚未完全成立。,118.87,,,HIGH,高流動性,91.34,23648739.0,851354604000.0,13.0,⚠️ 分散,25（⚠️ 分散）,爆量不跌｜均線結構,籌碼偏弱且資料有限，避免重倉追高。,1,部分籌碼資料有限,📉 低信心,,,,-316000.0,0.0,0.0,-316000.0,0.0,1,0.0,0.0,0.0,0.0,0,TWSE,🚀 主力拉升（趨勢延續）,高,可續抱；若是試單，可觀察是否進入加碼條件。,2026-05-09 00:25:55,behavior_interpretation,2026-05-08,中釉,TWSE,34.75,37.25,33.65,0.0434782608695651,0.4007782101167316,0.3636363636363637,0.3138686314306971,0.4574898335232187,0.3483145682141431,30.18,28.385000038146973,27.59499998092652,26.501666736602782,0.0631651032958257,14149327.0,6500822.6,3.637807159973877,2.176544088435824,37.4,24.5,37.4,22.64999961853028,0.3583333333233796,30.18,27.59499998092652,0.07180555608338,0.0428949342778524,67.62925481392162,53.33322048235155,0.0,1.2804866853407049,0.4293155935988808,0.851171091741824,0.0,870001948.0,0.0846901872246999,3.0,3.0,4.0,5.0,6.0,7.0,2754.0,True,ALPHA Trend Momentum,118.0,BUY,買進,高流動性強勢買進,ALPHA高流動性強勢延續｜成交量/成交金額優先｜突破/趨勢確認｜高流動性,ALPHA,,,,,,,,,,,,,,MA5：站上｜↑ 強勢,MA20：站上｜↑ 強勢,,,,,MA10：站上｜↑ 強勢,MA5：站上｜↑ 強勢,MA10：站上｜↑ 強勢,MA20：站上｜↑ 強勢,突破確認K,多頭排列,多頭排列,MA5：站上｜↑ 強勢｜MA10：站上｜↑ 強勢｜MA20：站上｜↑ 強勢｜K棒：突破確認K｜K線：多頭排列,K棒型態：突破確認K｜K線結構：多頭排列,依原策略執行，技術欄位用於確認節奏與風險。,6.1,B,起漲結構中,20D站上MA20｜MA20走平翻揚｜MA5站上MA10｜接近20日高｜短中均線糾結｜40D低點守住｜接近/站回MA60｜MA60不再下彎｜站回60D區間中上｜5D動能轉正｜10D動能轉正｜扣分:單日爆量偏高、距MA20過遠、20D漲幅過熱,平台壓縮後轉強，可優先觀察起漲/試單。,v266.57.9,6.3,B,續強品質中,回檔不破前低｜低點墊高確認｜收盤守MA5｜續強確認：收盤未跌破MA5｜MA5仍在MA10上｜仍站MA20｜10D動能維持｜扣分:回檔量放大、20D漲幅偏熱,回檔承接尚可，若原策略入選，可優先觀察延續。,v266.57.9,2.0,C,突破觀察,MA5加速上彎｜短均多頭,有轉強跡象，但突破品質尚未完全成立。,v266.57.9,ALPHA,0.35,0.75,0.25,125.36,41.0,最後後處理補寫：原分數+結構前置+續強品質+突破品質；不覆蓋原策略,一般,105.135,v266.58.1,2026-05-09 00:25:47,突破中,否,法人偏多｜量能放大｜均線轉強,突破中,4,13,準IGNITION,前狀態:nan→今日:突破中｜狀態跳升｜具備點火條件,READY,v266.60.2,109.685,42.0,32.0,5.0,55.0,14.291,90.0,20/40/60結構佳｜籌碼偏多｜續強品質佳｜主力佈局語意｜狀態升級強｜具升級旗標｜升級標籤｜短均轉強｜5日漲幅過熱扣分｜10日漲幅過熱扣分｜20日漲幅過熱扣分｜乖離MA20過大扣分｜風險語意扣分,過熱降權,v266.61,2026-05-09 00:25:50,38.0,站上MA20且結構成形｜平台壓縮後放量｜洗盤不破承接｜籌碼偏多未過熱｜狀態升級觸發｜狀態轉移轉強｜遠離MA20過熱扣分,強點火事件,可列入優先追蹤，觀察隔日不破MA5/MA10。,88.18,51,v266.62,2026-05-09 00:25:51,2.0,籌碼剛轉強｜trigger事件成立｜狀態剛升級｜乖離過大,NONE,57,-5,AVOID_CHASE,籌碼初升｜狀態剛升級｜平台收斂｜過熱扣分｜風險文字,190
TEST,2026-05-08,2026-05-11,3034,聯詠,ENTRY,ALPHA,ALPHA,58.0,BREAK,BLOCK,False,498.0,30000.0,0.03,3,ALPHA高流動性強勢延續｜成交量/成交金額優先｜突破/趨勢確認｜高流動性,BLOCK：同股已由高優先桶接管｜全清單 TOP2：優先觀察發動機會｜試單清單 TOP2：本區最可能發動｜v266.57.9：結構：平台壓縮後轉強，可優先觀察起漲/試單。｜續強：回檔承接尚可，若原策略入選，可優先觀察延續。｜突破：TEST有升級IGNITION條件，可優先觀察隔日延續。,130.64,2.0,TOP2,HIGH,高流動性,96.39,20155564.0,10037470872000.0,13.0,⚠️ 分散,22（⚠️ 分散）,爆量不跌｜均線結構,籌碼偏弱且資料有限，避免重倉追高。,1,部分籌碼資料有限,📉 低信心,2.0,試單TOP2,聯詠,132341.0,-192911.0,40397.0,-20173.0,0.0,1,0.0,0.0,0.0,0.0,0,TWSE,🚀 主力拉升（趨勢延續）,高,可續抱；若是試單，可觀察是否進入加碼條件。,2026-05-09 00:25:55,behavior_interpretation,2026-05-08,聯詠,TWSE,464.0,498.0,455.5,0.0993377483443709,0.21760391198044,0.2072727272727272,0.1985559566787003,0.2951885565669701,0.2607594936708861,436.8,426.95,415.5,392.0083333333333,0.0346018216779884,7066022.2,4988083.45,4.040743143541433,1.4165805906875917,498.0,385.0,498.0,352.0,0.2269076305216327,436.8,415.5,0.0427710843372635,0.0317213979762077,67.40032306081645,50.53671446185068,0.0,15.53723861370122,9.55377725651022,5.9834613571910005,0.0,896237941.0,0.0348951466271412,3.0,3.0,4.0,4.0,6.0,7.0,2754.0,True,CORE Early Entry,96.0,BUY,買進,早期卡位,CORE早期卡位｜剛轉強｜靠近MA20｜量能回溫｜高流動性,CORE,TREND,300-500,498.5,60.18,30045.0,,,,,,,,,MA5：站上｜↑ 強勢,MA20：站上｜↑ 強勢,,,,,MA10：站上｜↑ 強勢,MA5：站上｜↑ 強勢,MA10：站上｜↑ 強勢,MA20：站上｜↑ 強勢,突破確認K,多頭排列,多頭排列,MA5：站上｜↑ 強勢｜MA10：站上｜↑ 強勢｜MA20：站上｜↑ 強勢｜K棒：突破確認K｜K線：多頭排列,K棒型態：突破確認K｜K線結構：多頭排列,依原策略執行，技術欄位用於確認節奏與風險。,11.1,A,起漲結構強,20D站上MA20｜MA20走平翻揚｜MA5站上MA10｜接近20日高｜40D平台收斂｜短中均線糾結｜40D低點守住｜接近/站回MA60｜MA60不再下彎｜站回60D區間中上｜5D動能轉正｜10D動能轉正｜扣分:單日爆量偏高,平台壓縮後轉強，可優先觀察起漲/試單。,v266.57.9,7.7,A,續強品質強,回檔不破前低｜低點墊高確認｜收盤守MA5｜續強確認：收盤未跌破MA5｜MA5仍在MA10上｜仍站MA20｜10D動能維持｜扣分:接近20日高且短線過熱,回檔承接尚可，若原策略入選，可優先觀察延續。,v266.57.9,7.7,A,突破品質強,紅K實體放大｜收盤接近高點｜量能較前日放大｜突破近5日高｜MA5加速上彎｜短均多頭,TEST有升級IGNITION條件，可優先觀察隔日延續。,v266.57.9,ALPHA,0.35,0.75,0.25,107.585,70.0,最後後處理補寫：原分數+結構前置+續強品質+突破品質；不覆蓋原策略,一般,90.56,v266.58.1,2026-05-09 00:25:47,突破中,否,法人偏多｜量能放大｜均線轉強,突破中,4,12,準IGNITION,前狀態:突破中→今日:突破中｜強狀態維持｜強狀態連續維持｜具備點火條件,READY,v266.60.2,94.76,42.0,32.0,5.0,41.0,19.296,71.0,20/40/60結構佳｜籌碼偏多｜續強品質佳｜主力佈局語意｜狀態升級強｜具升級旗標｜升級標籤｜短均轉強｜5日漲幅過熱扣分｜乖離MA20過大扣分｜爆量過大扣分｜風險語意扣分｜突破品質輔助,過熱降權,v266.61,2026-05-09 00:25:50,45.0,站上MA20且結構成形｜平台壓縮後放量｜洗盤不破承接｜突破品質成立但未過熱｜籌碼偏多未過熱｜狀態升級觸發｜狀態轉移轉強｜遠離MA20過熱扣分,強點火事件,可列入優先追蹤，觀察隔日不破MA5/MA10。,79.832,81,v266.62,2026-05-09 00:25:51,-21.0,籌碼剛轉強｜狀態剛升級｜爆量過熱｜乖離過大,NONE,534,-5,AVOID_CHASE,籌碼初升｜狀態剛升級｜平台收斂｜過熱扣分｜風險文字,191
TEST,2026-05-08,2026-05-11,3034,聯詠,ENTRY,CORE,CORE,80.0,BREAK,WATCH,False,498.5,30000.0,0.03,3,ALPHA高流動性強勢延續｜成交量/成交金額優先｜突破/趨勢確認｜高流動性,WATCH：保留觀察，不下單｜大盤中性 ：BUY 降級 TEST，控制追高｜全清單 TOP2：優先觀察發動機會｜試單清單 TOP2：本區最可能發動｜v266.57.9：結構：平台壓縮後轉強，可優先觀察起漲/試單。｜續強：回檔承接尚可，若原策略入選，可優先觀察延續。｜突破：TEST有升級IGNITION條件，可優先觀察隔日延續。,138.74,2.0,TOP2,HIGH,高流動性,96.39,20155564.0,10037470872000.0,13.0,⚠️ 分散,22（⚠️ 分散）,爆量不跌｜均線結構,籌碼偏弱且資料有限，避免重倉追高。,1,部分籌碼資料有限,📉 低信心,2.0,試單TOP2,聯詠,132341.0,-192911.0,40397.0,-20173.0,0.0,1,0.0,0.0,0.0,0.0,0,TWSE,🚀 主力拉升（趨勢延續）,高,可續抱；若是試單，可觀察是否進入加碼條件。,2026-05-09 00:25:55,behavior_interpretation,2026-05-08,聯詠,TWSE,464.0,498.0,455.5,0.0993377483443709,0.21760391198044,0.2072727272727272,0.1985559566787003,0.2951885565669701,0.2607594936708861,436.8,426.95,415.5,392.0083333333333,0.0346018216779884,7066022.2,4988083.45,4.040743143541433,1.4165805906875917,498.0,385.0,498.0,352.0,0.2269076305216327,436.8,415.5,0.0427710843372635,0.0317213979762077,67.40032306081645,50.53671446185068,0.0,15.53723861370122,9.55377725651022,5.9834613571910005,0.0,896237941.0,0.0348951466271412,3.0,3.0,4.0,4.0,6.0,7.0,2754.0,True,CORE Early Entry,96.0,BUY,買進,早期卡位,CORE早期卡位｜剛轉強｜靠近MA20｜量能回溫｜高流動性,CORE,TREND,300-500,498.5,60.18,30045.0,,,,,,,,,MA5：站上｜↑ 強勢,MA20：站上｜↑ 強勢,,,,,MA10：站上｜↑ 強勢,MA5：站上｜↑ 強勢,MA10：站上｜↑ 強勢,MA20：站上｜↑ 強勢,突破確認K,多頭排列,多頭排列,MA5：站上｜↑ 強勢｜MA10：站上｜↑ 強勢｜MA20：站上｜↑ 強勢｜K棒：突破確認K｜K線：多頭排列,K棒型態：突破確認K｜K線結構：多頭排列,依原策略執行，技術欄位用於確認節奏與風險。,11.1,A,起漲結構強,20D站上MA20｜MA20走平翻揚｜MA5站上MA10｜接近20日高｜40D平台收斂｜短中均線糾結｜40D低點守住｜接近/站回MA60｜MA60不再下彎｜站回60D區間中上｜5D動能轉正｜10D動能轉正｜扣分:單日爆量偏高,平台壓縮後轉強，可優先觀察起漲/試單。,v266.57.9,7.7,A,續強品質強,回檔不破前低｜低點墊高確認｜收盤守MA5｜續強確認：收盤未跌破MA5｜MA5仍在MA10上｜仍站MA20｜10D動能維持｜扣分:接近20日高且短線過熱,回檔承接尚可，若原策略入選，可優先觀察延續。,v266.57.9,7.7,A,突破品質強,紅K實體放大｜收盤接近高點｜量能較前日放大｜突破近5日高｜MA5加速上彎｜短均多頭,TEST有升級IGNITION條件，可優先觀察隔日延續。,v266.57.9,CORE,0.95,0.55,0.35,113.475,57.0,最後後處理補寫：原分數+結構前置+續強品質+突破品質；不覆蓋原策略,一般,95.39,v266.58.1,2026-05-09 00:25:47,突破中,否,法人偏多｜量能放大｜均線轉強,突破中,4,12,準IGNITION,前狀態:突破中→今日:突破中｜強狀態維持｜強狀態連續維持｜具備點火條件,READY,v266.60.2,99.59,42.0,32.0,5.0,41.0,20.439,70.0,20/40/60結構佳｜籌碼偏多｜續強品質佳｜主力佈局語意｜狀態升級強｜具升級旗標｜升級標籤｜短均轉強｜5日漲幅過熱扣分｜乖離MA20過大扣分｜爆量過大扣分｜風險語意扣分｜突破品質輔助,過熱降權,v266.61,2026-05-09 00:25:50,45.0,站上MA20且結構成形｜平台壓縮後放量｜洗盤不破承接｜突破品質成立但未過熱｜籌碼偏多未過熱｜狀態升級觸發｜狀態轉移轉強｜遠離MA20過熱扣分,強點火事件,可列入優先追蹤，觀察隔日不破MA5/MA10。,83.213,71,v266.62,2026-05-09 00:25:51,-21.0,籌碼剛轉強｜狀態剛升級｜爆量過熱｜乖離過大,NONE,535,-5,AVOID_CHASE,籌碼初升｜狀態剛升級｜平台收斂｜過熱扣分｜風險文字,192
TEST,2026-05-08,2026-05-11,3528,安馳,ENTRY,ALPHA,ALPHA,58.0,WAIT,BLOCK,False,91.0,0.0,0.0,3,ALPHA高流動性強勢延續｜成交量/成交金額優先｜突破/趨勢確認｜高流動性,BLOCK：超出本市場狀態可執行名額｜v266.57.9：結構：平台壓縮後轉強，可優先觀察起漲/試單。｜續強：回檔承接尚可，若原策略入選，可優先觀察延續。｜突破：TEST有升級IGNITION條件，可優先觀察隔日延續。,110.96,,,HIGH,高流動性,69.61,1489525.0,135546775000.0,17.0,🟢 偏集中,75（🟢 偏集中）,爆量不跌｜均線結構｜法人偏多,籌碼偏集中但資料有限，可搭配技術面確認，不宜單獨重倉。,1,部分籌碼資料有限,📉 低信心,,,,62000.0,0.0,0.0,62000.0,1.0,1,0.0,0.0,0.0,0.0,0,TWSE,🚀 主力拉升（趨勢延續）,高,可續抱；若是試單，可觀察是否進入加碼條件。,2026-05-09 00:25:55,behavior_interpretation,2026-05-08,安馳,TWSE,89.5,92.6,87.6,0.0282485875706215,0.1389236545682102,0.1562897077509528,0.2414733453113782,0.4086687639234978,0.2962963526493236,83.94,80.17000030517578,75.23500053405762,69.41833347320558,0.0243888251132427,746942.8,494195.2,3.0140418199124497,1.5114327294154184,92.6,65.4000015258789,92.6,60.79999923706055,0.2989010821299141,83.94,75.23500053405762,0.0956593347895243,0.0716473191855958,91.02352063569572,88.80130158482439,0.0,5.004982765692247,3.445983498905181,1.5589992667870662,0.0,153594610.0,0.0201530333727544,3.0,3.0,4.0,5.0,8.0,10.0,2753.0,True,ALPHA Trend Momentum,118.0,BUY,買進,高流動性強勢買進,ALPHA高流動性強勢延續｜成交量/成交金額優先｜突破/趨勢確認｜高流動性,ALPHA,,,,,,,,,,,,,,MA5：站上｜↑ 強勢,MA20：站上｜↑ 強勢,,,,,MA10：站上｜↑ 強勢,MA5：站上｜↑ 強勢,MA10：站上｜↑ 強勢,MA20：站上｜↑ 強勢,突破確認K,多頭排列,多頭排列,MA5：站上｜↑ 強勢｜MA10：站上｜↑ 強勢｜MA20：站上｜↑ 強勢｜K棒：突破確認K｜K線：多頭排列,K棒型態：突破確認K｜K線結構：多頭排列,依原策略執行，技術欄位用於確認節奏與風險。,11.1,A,起漲結構強,20D站上MA20｜MA20走平翻揚｜MA5站上MA10｜接近20日高｜40D平台收斂｜40D低點守住｜接近/站回MA60｜MA60不再下彎｜站回60D區間中上｜5D動能轉正｜10D動能轉正,平台壓縮後轉強，可優先觀察起漲/試單。,v266.57.9,7.7,A,續強品質強,回檔不破前低｜低點墊高確認｜收盤守MA5｜續強確認：收盤未跌破MA5｜MA5仍在MA10上｜仍站MA20｜10D動能維持｜扣分:接近20日高且短線過熱,回檔承接尚可，若原策略入選，可優先觀察延續。,v266.57.9,6.2,A,突破品質強,紅K實體放大｜量能較前日放大｜突破近5日高｜MA5加速上彎｜短均多頭,TEST有升級IGNITION條件，可優先觀察隔日延續。,v266.57.9,ALPHA,0.35,0.75,0.25,129.21,18.0,最後後處理補寫：原分數+結構前置+續強品質+突破品質；不覆蓋原策略,主力吸籌,109.012,v266.58.1,2026-05-09 00:25:47,突破中,否,法人偏多｜量能放大｜均線轉強,突破中,4,13,準IGNITION,前狀態:nan→今日:突破中｜狀態跳升｜具備點火條件,READY,v266.60.2,113.562,42.0,32.0,5.0,27.0,27.039,55.0,20/40/60結構佳｜籌碼偏多｜續強品質佳｜主力佈局語意｜狀態升級強｜具升級旗標｜升級標籤｜短均轉強｜乖離MA20過大扣分｜風險語意扣分｜突破品質輔助,過熱降權,v266.61,2026-05-09 00:25:50,55.0,站上MA20且結構成形｜溫和放量不跌｜平台壓縮後放量｜洗盤不破承接｜突破品質成立但未過熱｜籌碼偏多未過熱｜狀態升級觸發｜狀態轉移轉強｜遠離MA20過熱扣分,強點火事件,可列入優先追蹤，觀察隔日不破MA5/MA10。,95.993,17,v266.62,2026-05-09 00:25:51,-26.0,狀態剛升級｜乖離過大｜已經強很久,NONE,537,-5,AVOID_CHASE,籌碼初升｜狀態剛升級｜平台收斂｜過熱扣分｜風險文字,193
TEST,2026-05-08,2026-05-11,8926,台汽電,ENTRY,ALPHA,ALPHA,58.0,BREAK,BLOCK,False,49.1,30000.0,0.03,3,ALPHA高流動性強勢延續｜成交量/成交金額優先｜突破/趨勢確認｜高流動性,BLOCK：同股已由高優先桶接管｜觀察清單 TOP1：本區最可能發動｜v266.57.9：結構：平台壓縮後轉強，可優先觀察起漲/試單。｜續強：回檔承接尚可，若原策略入選，可優先觀察延續。｜突破：TEST有升級IGNITION條件，可優先觀察隔日延續。,126.0,,,HIGH,高流動性,83.13,6852068.0,336436538800.0,13.0,⚠️ 分散,25（⚠️ 分散）,爆量不跌｜均線結構,籌碼偏弱且資料有限，避免重倉追高。,1,部分籌碼資料有限,📉 低信心,1.0,觀察TOP1,台汽電,-794000.0,0.0,4000.0,-790000.0,0.0,1,0.0,0.0,0.0,0.0,0,TWSE,🚀 主力拉升（趨勢延續）,高,可續抱；若是試單，可觀察是否進入加碼條件。,2026-05-09 00:25:55,behavior_interpretation,2026-05-08,台汽電,TWSE,48.0,49.2,47.8,0.0502673796791444,0.105855855855856,0.0732240437158471,0.067391304347826,0.1405342826982254,0.1159090909090909,46.26,45.93500022888183,45.204999923706055,45.02376518249512,0.0167081119937748,3339157.4,1838883.75,3.726210533972034,1.8158610624516085,49.2,42.84999847412109,49.2,42.59999847412109,0.1293279333146555,46.26,45.204999923706055,0.0214867632642048,0.01555742684484,73.43099677801041,60.67179306409243,0.0,0.5958044153968487,0.2802320953753176,0.315572320021531,0.0,420930373.0,0.0252645464189629,3.0,3.0,3.0,3.0,4.0,6.0,2754.0,True,ALPHA Trend Momentum,122.0,BUY,買進,高流動性強勢買進,ALPHA高流動性強勢延續｜成交量/成交金額優先｜突破/趨勢確認｜高流動性,ALPHA,TREND,50以下,49.15,610.39,30045.0,,,,,,,,,MA5：站上｜↑ 強勢,MA20：站上｜↑ 強勢,,,,,MA10：站上｜↑ 強勢,MA5：站上｜↑ 強勢,MA10：站上｜↑ 強勢,MA20：站上｜↑ 強勢,突破確認K,多頭排列,多頭排列,MA5：站上｜↑ 強勢｜MA10：站上｜↑ 強勢｜MA20：站上｜↑ 強勢｜K棒：突破確認K｜K線：多頭排列,K棒型態：突破確認K｜K線結構：多頭排列,依原策略執行，技術欄位用於確認節奏與風險。,11.1,A,起漲結構強,20D站上MA20｜MA20走平翻揚｜MA5站上MA10｜接近20日高｜40D平台收斂｜短中均線糾結｜40D低點守住｜接近/站回MA60｜MA60不再下彎｜站回60D區間中上｜5D動能轉正｜10D動能轉正｜扣分:單日爆量偏高,平台壓縮後轉強，可優先觀察起漲/試單。,v266.57.9,7.5,A,續強品質強,回檔不破前低｜低點墊高確認｜收盤守MA5｜續強確認：收盤未跌破MA5｜MA5仍在MA10上｜仍站MA20｜10D動能維持｜扣分:回檔量放大,回檔承接尚可，若原策略入選，可優先觀察延續。,v266.57.9,7.7,A,突破品質強,紅K實體放大｜收盤接近高點｜量能較前日放大｜突破近5日高｜MA5加速上彎｜短均多頭,TEST有升級IGNITION條件，可優先觀察隔日延續。,v266.57.9,ALPHA,0.35,0.75,0.25,133.435,9.0,最後後處理補寫：原分數+結構前置+續強品質+突破品質；不覆蓋原策略,一般,111.757,v266.58.1,2026-05-09 00:25:47,突破中,否,法人偏多｜量能放大｜均線轉強,突破中,4,12,準IGNITION,前狀態:突破中→今日:突破中｜強狀態維持｜強狀態連續維持｜具備點火條件,READY,v266.60.2,115.957,42.0,32.0,27.0,0.0,44.136,2.0,20/40/60結構佳｜籌碼偏多｜續強品質佳｜主力佈局語意｜狀態升級強｜具升級旗標｜升級標籤｜距MA20合理｜距MA60合理｜短均轉強｜動能初段未過熱｜突破品質輔助,高優先準點火,v266.61,2026-05-09 00:25:50,57.0,站上MA20且結構成形｜平台壓縮後放量｜洗盤不破承接｜突破品質成立但未過熱｜籌碼偏多未過熱｜狀態升級觸發｜狀態轉移轉強,強點火事件,可列入優先追蹤，觀察隔日不破MA5/MA10。,98.27,9,v266.62,2026-05-09 00:25:51,2.0,籌碼剛轉強｜狀態剛升級｜已經強很久,NONE,56,-5,AVOID_CHASE,籌碼初升｜狀態剛升級｜平台收斂｜過熱扣分｜風險文字,194
TEST,2026-05-08,2026-05-11,6206,飛捷,ENTRY,ALPHA,ALPHA,58.0,WAIT,BLOCK,False,119.0,0.0,0.0,3,ALPHA高流動性強勢延續｜成交量/成交金額優先｜突破/趨勢確認｜高流動性,BLOCK：同股已由高優先桶接管｜v266.57.9：結構：平台壓縮後轉強，可優先觀察起漲/試單。｜續強：回檔承接尚可，若原策略入選，可優先觀察延續。｜突破：有轉強跡象，但突破品質尚未完全成立。,116.53,,,HIGH,高流動性,84.65,5367458.0,638727502000.0,17.0,🔥 高度集中,85（🔥 高度集中）,爆量不跌｜均線結構｜法人偏多,籌碼偏集中但資料有限，可搭配技術面確認，不宜單獨重倉。,1,部分籌碼資料有限,📉 低信心,,,飛捷,62000.0,200095.0,4273.0,266368.0,1.0,1,0.0,0.0,0.0,0.0,0,TWSE,🚀 主力拉升（趨勢延續）,高,可續抱；若是試單，可觀察是否進入加碼條件。,2026-05-09 00:25:55,behavior_interpretation,2026-05-08,飛捷,TWSE,121.0,123.5,117.5,0.017094017094017,0.1018518518518518,0.1333333333333333,0.0769230769230768,0.2142857142857142,0.2673056237086804,112.2,109.6,107.275,100.01499977111816,0.0233044454896035,2358193.6,1408470.5,3.810841618621048,1.6742939237989,123.5,99.4000015258789,123.5,88.69999694824219,0.2025209955791476,112.2,107.275,0.0413865546215009,0.0345742138755972,68.24733711515883,57.7317492985956,0.0,3.503691243710705,2.546876845350683,0.956814398360022,0.0,93440238.0,0.1444099622691053,3.0,3.0,5.0,5.0,7.0,7.0,2754.0,True,CORE Early Entry,96.0,BUY,買進,早期卡位,CORE早期卡位｜剛轉強｜靠近MA20｜量能回溫｜高流動性,CORE,,,,,,,,,,,,,,MA5：站上｜↑ 強勢,MA20：站上｜↑ 強勢,,,,,MA10：站上｜↑ 強勢,MA5：站上｜↑ 強勢,MA10：站上｜↑ 強勢,MA20：站上｜↑ 強勢,突破確認K,多頭排列,多頭排列,MA5：站上｜↑ 強勢｜MA10：站上｜↑ 強勢｜MA20：站上｜↑ 強勢｜K棒：突破確認K｜K線：多頭排列,K棒型態：突破確認K｜K線結構：多頭排列,依原策略執行，技術欄位用於確認節奏與風險。,11.1,A,起漲結構強,20D站上MA20｜MA20走平翻揚｜MA5站上MA10｜接近20日高｜40D平台收斂｜短中均線糾結｜40D低點守住｜接近/站回MA60｜MA60不再下彎｜站回60D區間中上｜5D動能轉正｜10D動能轉正｜扣分:單日爆量偏高,平台壓縮後轉強，可優先觀察起漲/試單。,v266.57.9,8.7,A,續強品質強,回檔不破前低｜低點墊高確認｜收盤守MA5｜續強確認：收盤未跌破MA5｜MA5仍在MA10上｜仍站MA20｜10D動能維持,回檔承接尚可，若原策略入選，可優先觀察延續。,v266.57.9,3.7,C,突破觀察,量能較前日放大｜突破近5日高｜MA5加速上彎｜短均多頭｜扣分:收盤位置偏弱,有轉強跡象，但突破品質尚未完全成立。,v266.57.9,ALPHA,0.35,0.75,0.25,107.335,72.0,最後後處理補寫：原分數+結構前置+續強品質+突破品質；不覆蓋原策略,主力吸籌,91.075,v266.58.1,2026-05-09 00:25:47,突破中,否,法人偏多｜量能放大｜均線轉強,突破中,4,13,準IGNITION,前狀態:nan→今日:突破中｜狀態跳升｜具備點火條件,READY,v266.60.2,95.625,42.0,32.0,27.0,0.0,41.485,12.0,20/40/60結構佳｜籌碼偏多｜續強品質佳｜主力佈局語意｜狀態升級強｜具升級旗標｜升級標籤｜距MA20合理｜距MA60合理｜短均轉強｜動能初段未過熱,高優先準點火,v266.61,2026-05-09 00:25:50,50.0,站上MA20且結構成形｜平台壓縮後放量｜洗盤不破承接｜籌碼偏多未過熱｜狀態升級觸發｜狀態轉移轉強,強點火事件,可列入優先追蹤，觀察隔日不破MA5/MA10。,81.938,73,v266.62,2026-05-09 00:25:51,6.0,狀態剛升級,NONE,40,-5,AVOID_CHASE,籌碼初升｜狀態剛升級｜平台收斂｜過熱扣分｜風險文字,195
WATCH,2026-05-08,2026-05-11,6206,飛捷,ENTRY,PRE,PRE,54.0,WAIT,BLOCK,False,119.0,0.0,0.0,8,安靜吸籌 | 均線收斂 | 放量吸收 | 結構尚可,BLOCK：超出本市場狀態可執行名額｜v266.57.9：結構：平台壓縮後轉強，可優先觀察起漲/試單。｜續強：回檔承接尚可，若原策略入選，可優先觀察延續。｜突破：有轉強跡象，但突破品質尚未完全成立。,106.33,,,HIGH,高流動性,84.65,5367458.0,638727502000.0,17.0,🔥 高度集中,85（🔥 高度集中）,爆量不跌｜均線結構｜法人偏多,籌碼偏集中但資料有限，可搭配技術面確認，不宜單獨重倉。,1,部分籌碼資料有限,📉 低信心,,,飛捷,62000.0,200095.0,4273.0,266368.0,1.0,1,0.0,0.0,0.0,0.0,0,TWSE,🟡 洗盤吸籌／整理換手（結構未壞）,中高,不急追；等放量突破或站穩 MA10 / MA20 再提高權重。,2026-05-09 00:25:55,behavior_interpretation,2026-05-08,飛捷,TWSE,121.0,123.5,117.5,0.017094017094017,0.1018518518518518,0.1333333333333333,0.0769230769230768,0.2142857142857142,0.2673056237086804,112.2,109.6,107.275,100.01499977111816,0.0233044454896035,2358193.6,1408470.5,3.810841618621048,1.6742939237989,123.5,99.4000015258789,123.5,88.69999694824219,0.2025209955791476,112.2,107.275,0.0413865546215009,0.0345742138755972,68.24733711515883,57.7317492985956,0.0,3.503691243710705,2.546876845350683,0.956814398360022,0.0,93440238.0,0.1444099622691053,3.0,3.0,5.0,5.0,7.0,7.0,2754.0,True,CORE Early Entry,96.0,BUY,買進,早期卡位,CORE早期卡位｜剛轉強｜靠近MA20｜量能回溫｜高流動性,CORE,,,,,,,,,,,,,,MA5：站上｜↑ 強勢,MA20：站上｜↑ 強勢,,,,,MA10：站上｜↑ 強勢,MA5：站上｜↑ 強勢,MA10：站上｜↑ 強勢,MA20：站上｜↑ 強勢,突破確認K,多頭排列,多頭排列,MA5：站上｜↑ 強勢｜MA10：站上｜↑ 強勢｜MA20：站上｜↑ 強勢｜K棒：突破確認K｜K線：多頭排列,K棒型態：突破確認K｜K線結構：多頭排列,依原策略執行，技術欄位用於確認節奏與風險。,11.1,A,起漲結構強,20D站上MA20｜MA20走平翻揚｜MA5站上MA10｜接近20日高｜40D平台收斂｜短中均線糾結｜40D低點守住｜接近/站回MA60｜MA60不再下彎｜站回60D區間中上｜5D動能轉正｜10D動能轉正｜扣分:單日爆量偏高,平台壓縮後轉強，可優先觀察起漲/試單。,v266.57.9,8.7,A,續強品質強,回檔不破前低｜低點墊高確認｜收盤守MA5｜續強確認：收盤未跌破MA5｜MA5仍在MA10上｜仍站MA20｜10D動能維持,回檔承接尚可，若原策略入選，可優先觀察延續。,v266.57.9,3.7,C,突破觀察,量能較前日放大｜突破近5日高｜MA5加速上彎｜短均多頭｜扣分:收盤位置偏弱,有轉強跡象，但突破品質尚未完全成立。,v266.57.9,CORE,0.95,0.55,0.35,112.625,58.0,最後後處理補寫：原分數+結構前置+續強品質+突破品質；不覆蓋原策略,主力吸籌,95.412,v266.58.1,2026-05-09 00:25:47,突破中,否,法人偏多｜量能放大｜均線轉強,突破中,4,13,準IGNITION,前狀態:nan→今日:突破中｜狀態跳升｜具備點火條件,READY,v266.60.2,99.962,42.0,32.0,27.0,0.0,41.799,11.0,20/40/60結構佳｜籌碼偏多｜續強品質佳｜主力佈局語意｜狀態升級強｜具升級旗標｜升級標籤｜距MA20合理｜距MA60合理｜短均轉強｜動能初段未過熱,高優先準點火,v266.61,2026-05-09 00:25:50,50.0,站上MA20且結構成形｜平台壓縮後放量｜洗盤不破承接｜籌碼偏多未過熱｜狀態升級觸發｜狀態轉移轉強,強點火事件,可列入優先追蹤，觀察隔日不破MA5/MA10。,84.973,61,v266.62,2026-05-09 00:25:51,6.0,狀態剛升級,NONE,39,-5,AVOID_CHASE,籌碼初升｜狀態剛升級｜平台收斂｜過熱扣分｜風險文字,196
TEST,2026-05-08,2026-05-11,2883,凱基金,ENTRY,ALPHA,ALPHA,58.0,BREAK,BLOCK,False,22.9,10000.0,0.01,3,ALPHA高流動性強勢延續｜成交量/成交金額優先｜突破/趨勢確認｜高流動性,BLOCK：同股已由高優先桶接管｜全清單 TOP4：優先觀察發動機會｜試單清單 TOP4：本區最可能發動｜v266.57.9：結構：平台壓縮後轉強，可優先觀察起漲/試單。｜續強：回檔承接尚可，若原策略入選，可優先觀察延續。｜突破：突破品質尚可，可列入試單後續確認。,130.0,4.0,TOP4,HIGH,高流動性,94.56,60958656.0,1395953222400.0,5.0,⚠️ 分散,25（⚠️ 分散）,均線結構,籌碼偏弱且資料有限，避免重倉追高。,1,部分籌碼資料有限,📉 低信心,4.0,試單TOP4,開發金,-157000.0,0.0,0.0,-157000.0,0.0,1,0.0,0.0,0.0,0.0,0,TWSE,🚀 主力拉升（趨勢延續）,高,可續抱；若是試單，可觀察是否進入加碼條件。,2026-05-09 00:25:55,behavior_interpretation,2026-05-08,凱基金,TWSE,22.6,22.95,22.3,0.0200445434298439,0.0651162790697674,0.0751173708920187,0.1062801524625711,0.1143552725151144,0.26170801549881,21.99,21.304999923706056,21.15499992370605,20.2183331489563,0.0197090090077542,67078149.2,48955341.05,1.2451890783018047,1.3701906219280646,22.95,20.049999237060547,22.95,17.799999237060547,0.1266375878957561,21.99,21.15499992370605,0.0364628854260909,0.0268171396446578,85.60975927669986,73.72979323525465,0.0,0.4967721380758014,0.3253206156360478,0.1714515224397536,0.0,7328566546.0,0.0083520245189447,2.0,3.0,3.0,5.0,7.0,7.0,2754.0,True,ALPHA Trend Momentum,114.0,TEST,試單,強勢試單,ALPHA高流動性強勢延續｜成交量/成交金額優先｜突破/趨勢確認｜高流動性,ALPHA,TREND,50以下,22.92,436.24,10015.0,,,,,,,,,MA5：站上｜↑ 強勢,MA20：站上｜↑ 強勢,,,,,MA10：站上｜↑ 強勢,MA5：站上｜↑ 強勢,MA10：站上｜↑ 強勢,MA20：站上｜↑ 強勢,突破確認K,多頭排列,多頭排列,MA5：站上｜↑ 強勢｜MA10：站上｜↑ 強勢｜MA20：站上｜↑ 強勢｜K棒：突破確認K｜K線：多頭排列,K棒型態：突破確認K｜K線結構：多頭排列,依原策略執行，技術欄位用於確認節奏與風險。,12.0,A,起漲結構強,20D站上MA20｜MA20走平翻揚｜MA5站上MA10｜接近20日高｜40D平台收斂｜短中均線糾結｜40D低點守住｜接近/站回MA60｜MA60不再下彎｜站回60D區間中上｜量縮後溫和放量｜5D動能轉正｜10D動能轉正,平台壓縮後轉強，可優先觀察起漲/試單。,v266.57.9,8.7,A,續強品質強,回檔不破前低｜低點墊高確認｜收盤守MA5｜續強確認：收盤未跌破MA5｜MA5仍在MA10上｜仍站MA20｜10D動能維持,回檔承接尚可，若原策略入選，可優先觀察延續。,v266.57.9,5.3,B,突破品質中,紅K實體放大｜收盤接近高點｜突破近5日高｜短均多頭,突破品質尚可，可列入試單後續確認。,v266.57.9,ALPHA,0.35,0.75,0.25,126.05,32.0,最後後處理補寫：原分數+結構前置+續強品質+突破品質；不覆蓋原策略,一般,104.261,v266.58.1,2026-05-09 00:25:47,突破中,否,均線轉強,突破中,4,12,準IGNITION,前狀態:突破中→今日:突破中｜強狀態維持｜強狀態連續維持｜具備點火條件,READY,v266.60.2,108.461,30.0,32.0,27.0,0.0,39.186,18.0,20/40/60結構佳｜續強品質佳｜主力佈局語意｜狀態升級強｜具升級旗標｜升級標籤｜距MA20合理｜距MA60合理｜短均轉強｜動能初段未過熱｜突破品質輔助,高優先準點火,v266.61,2026-05-09 00:25:50,49.0,站上MA20且結構成形｜平台壓縮後放量｜洗盤不破承接｜突破品質成立但未過熱｜狀態升級觸發｜狀態轉移轉強,強點火事件,可列入優先追蹤，觀察隔日不破MA5/MA10。,90.623,39,v266.62,2026-05-09 00:25:51,6.0,狀態剛升級,NONE,41,-7,AVOID_CHASE,溫和放量｜狀態剛升級｜平台收斂｜過熱扣分｜風險文字,197
TEST,2026-05-08,2026-05-11,6834,天二科技,ENTRY,CORE,CORE,80.0,BREAK,WATCH,False,48.15,30000.0,0.03,3,ALPHA高流動性強勢延續｜成交量/成交金額優先｜突破/趨勢確認｜高流動性,WATCH：保留觀察，不下單｜大盤中性 ：BUY 降級 TEST，控制追高｜v266.57.9：結構：有過熱或假突破壓力，避免追高。｜續強：回檔承接尚可，若原策略入選，可優先觀察延續。｜突破：TEST有升級IGNITION條件，可優先觀察隔日延續。,133.5,,,HIGH,高流動性,81.42,5906614.0,284108133400.0,11.0,🟢 偏集中,75（🟢 偏集中）,爆量不跌｜均線結構｜法人偏多｜籌碼風險,籌碼偏集中但資料有限，可搭配技術面確認，不宜單獨重倉。,1,部分籌碼資料有限,📉 低信心,,,,45000.0,0.0,0.0,45000.0,1.0,1,0.0,0.0,0.0,0.0,0,TWSE,🚀 主力拉升（趨勢延續）,高,可續抱；若是試單，可觀察是否進入加碼條件。,2026-05-09 00:25:55,behavior_interpretation,2026-05-08,天二科技,TWSE,48.0,48.1,45.8,0.0994285714285714,0.2792553191489362,0.2674571805006587,0.28609620421318,0.5392000000000001,0.4167893643321207,41.400000000000006,38.6850001525879,37.510000190734864,32.805833422342936,0.0496064439838621,2436675.2,1382275.9,4.273107850610718,1.7627994526997095,48.1,31.850000381469727,48.1,26.100000381469727,0.3378378299000507,41.400000000000006,37.510000190734864,0.0808731769061178,0.0739388723882208,84.06757497807669,69.61056694195783,0.0,2.6541552510594286,1.801220326244228,0.8529349248152007,0.0,70155082.0,0.1932494020152972,3.0,3.0,4.0,4.0,7.0,6.0,1136.0,True,ALPHA Trend Momentum,128.0,BUY,買進,高流動性強勢買進,ALPHA高流動性強勢延續｜成交量/成交金額優先｜突破/趨勢確認｜高流動性,ALPHA,TREND,50以下,48.15,623.08,30045.0,,,,,,,,,MA5：站上｜↑ 強勢,MA20：站上｜↑ 強勢,,,,,MA10：站上｜↑ 強勢,MA5：站上｜↑ 強勢,MA10：站上｜↑ 強勢,MA20：站上｜↑ 強勢,突破確認K,多頭排列,多頭排列,MA5：站上｜↑ 強勢｜MA10：站上｜↑ 強勢｜MA20：站上｜↑ 強勢｜K棒：突破確認K｜K線：多頭排列,K棒型態：突破確認K｜K線結構：多頭排列,依原策略執行，技術欄位用於確認節奏與風險。,4.6,C,結構觀察,20D站上MA20｜MA20走平翻揚｜MA5站上MA10｜接近20日高｜40D低點守住｜接近/站回MA60｜MA60不再下彎｜站回60D區間中上｜5D動能轉正｜10D動能轉正｜扣分:單日爆量偏高、距MA20過遠、20D漲幅過熱,有過熱或假突破壓力，避免追高。,v266.57.9,6.5,B,續強品質中,回檔不破前低｜低點墊高確認｜收盤守MA5｜續強確認：收盤未跌破MA5｜MA5仍在MA10上｜仍站MA20｜10D動能維持｜扣分:接近20日高且短線過熱、20D漲幅偏熱,回檔承接尚可，若原策略入選，可優先觀察延續。,v266.57.9,6.2,A,突破品質強,收盤接近高點｜量能較前日放大｜突破近5日高｜MA5加速上彎｜短均多頭,TEST有升級IGNITION條件，可優先觀察隔日延續。,v266.57.9,ALPHA,0.35,0.75,0.25,136.035,3.0,最後後處理補寫：原分數+結構前置+續強品質+突破品質；不覆蓋原策略,一般,113.529,v266.58.1,2026-05-09 00:25:47,突破中,否,法人偏多｜均線轉強,突破中,4,12,準IGNITION,前狀態:突破中→今日:突破中｜強狀態維持｜強狀態連續維持｜具備點火條件,READY,v266.60.2,117.729,18.0,32.0,5.0,53.0,8.813,413.0,續強品質佳｜主力佈局語意｜狀態升級強｜具升級旗標｜升級標籤｜短均轉強｜5日漲幅過熱扣分｜20日漲幅過熱扣分｜乖離MA20過大扣分｜爆量過大扣分｜風險語意扣分｜突破品質輔助,過熱降權,v266.61,2026-05-09 00:25:50,23.0,站上MA20且結構成形｜洗盤不破承接｜突破品質成立但未過熱｜籌碼偏多未過熱｜狀態升級觸發｜狀態轉移轉強｜遠離MA20過熱扣分｜假突破/出貨風險扣分,準點火事件,具備起漲條件，可放入TEST/準IGNITION觀察。,89.31,46,v266.62,2026-05-09 00:25:51,-13.0,籌碼剛轉強｜trigger事件成立｜狀態剛升級｜爆量過熱｜乖離過大,NONE,519,-7,AVOID_CHASE,籌碼初升｜狀態剛升級｜trigger合理｜過熱扣分｜風險文字,198
TEST,2026-05-08,2026-05-11,6834,天二科技,ENTRY,ALPHA,ALPHA,58.0,BREAK,BLOCK,False,48.1,30000.0,0.03,3,ALPHA高流動性強勢延續｜成交量/成交金額優先｜突破/趨勢確認｜高流動性,BLOCK：同股已由高優先桶接管｜v266.57.9：結構：有過熱或假突破壓力，避免追高。｜續強：回檔承接尚可，若原策略入選，可優先觀察延續。｜突破：TEST有升級IGNITION條件，可優先觀察隔日延續。,125.4,,,HIGH,高流動性,81.42,5906614.0,284108133400.0,11.0,🟢 偏集中,75（🟢 偏集中）,爆量不跌｜均線結構｜法人偏多｜籌碼風險,籌碼偏集中但資料有限，可搭配技術面確認，不宜單獨重倉。,1,部分籌碼資料有限,📉 低信心,,,,45000.0,0.0,0.0,45000.0,1.0,1,0.0,0.0,0.0,0.0,0,TWSE,🚀 主力拉升（趨勢延續）,高,可續抱；若是試單，可觀察是否進入加碼條件。,2026-05-09 00:25:55,behavior_interpretation,2026-05-08,天二科技,TWSE,48.0,48.1,45.8,0.0994285714285714,0.2792553191489362,0.2674571805006587,0.28609620421318,0.5392000000000001,0.4167893643321207,41.400000000000006,38.6850001525879,37.510000190734864,32.805833422342936,0.0496064439838621,2436675.2,1382275.9,4.273107850610718,1.7627994526997095,48.1,31.850000381469727,48.1,26.100000381469727,0.3378378299000507,41.400000000000006,37.510000190734864,0.0808731769061178,0.0739388723882208,84.06757497807669,69.61056694195783,0.0,2.6541552510594286,1.801220326244228,0.8529349248152007,0.0,70155082.0,0.1932494020152972,3.0,3.0,4.0,4.0,7.0,6.0,1136.0,True,ALPHA Trend Momentum,128.0,BUY,買進,高流動性強勢買進,ALPHA高流動性強勢延續｜成交量/成交金額優先｜突破/趨勢確認｜高流動性,ALPHA,TREND,50以下,48.15,623.08,30045.0,,,,,,,,,MA5：站上｜↑ 強勢,MA20：站上｜↑ 強勢,,,,,MA10：站上｜↑ 強勢,MA5：站上｜↑ 強勢,MA10：站上｜↑ 強勢,MA20：站上｜↑ 強勢,突破確認K,多頭排列,多頭排列,MA5：站上｜↑ 強勢｜MA10：站上｜↑ 強勢｜MA20：站上｜↑ 強勢｜K棒：突破確認K｜K線：多頭排列,K棒型態：突破確認K｜K線結構：多頭排列,依原策略執行，技術欄位用於確認節奏與風險。,4.6,C,結構觀察,20D站上MA20｜MA20走平翻揚｜MA5站上MA10｜接近20日高｜40D低點守住｜接近/站回MA60｜MA60不再下彎｜站回60D區間中上｜5D動能轉正｜10D動能轉正｜扣分:單日爆量偏高、距MA20過遠、20D漲幅過熱,有過熱或假突破壓力，避免追高。,v266.57.9,6.5,B,續強品質中,回檔不破前低｜低點墊高確認｜收盤守MA5｜續強確認：收盤未跌破MA5｜MA5仍在MA10上｜仍站MA20｜10D動能維持｜扣分:接近20日高且短線過熱、20D漲幅偏熱,回檔承接尚可，若原策略入選，可優先觀察延續。,v266.57.9,6.2,A,突破品質強,收盤接近高點｜量能較前日放大｜突破近5日高｜MA5加速上彎｜短均多頭,TEST有升級IGNITION條件，可優先觀察隔日延續。,v266.57.9,ALPHA,0.35,0.75,0.25,136.035,3.0,最後後處理補寫：原分數+結構前置+續強品質+突破品質；不覆蓋原策略,一般,113.529,v266.58.1,2026-05-09 00:25:47,突破中,否,法人偏多｜均線轉強,突破中,4,12,準IGNITION,前狀態:突破中→今日:突破中｜強狀態維持｜強狀態連續維持｜具備點火條件,READY,v266.60.2,117.729,18.0,32.0,5.0,53.0,8.153,414.0,續強品質佳｜主力佈局語意｜狀態升級強｜具升級旗標｜升級標籤｜短均轉強｜5日漲幅過熱扣分｜20日漲幅過熱扣分｜乖離MA20過大扣分｜爆量過大扣分｜風險語意扣分｜突破品質輔助,過熱降權,v266.61,2026-05-09 00:25:50,23.0,站上MA20且結構成形｜洗盤不破承接｜突破品質成立但未過熱｜籌碼偏多未過熱｜狀態升級觸發｜狀態轉移轉強｜遠離MA20過熱扣分｜假突破/出貨風險扣分,準點火事件,具備起漲條件，可放入TEST/準IGNITION觀察。,89.31,47,v266.62,2026-05-09 00:25:51,-13.0,籌碼剛轉強｜trigger事件成立｜狀態剛升級｜爆量過熱｜乖離過大,NONE,520,-7,AVOID_CHASE,籌碼初升｜狀態剛升級｜trigger合理｜過熱扣分｜風險文字,199
TEST,2026-05-08,2026-05-11,2883,凱基金,ENTRY,CORE,CORE,80.0,BREAK,WATCH,False,22.92,10000.0,0.01,3,ALPHA高流動性強勢延續｜成交量/成交金額優先｜突破/趨勢確認｜高流動性,WATCH：保留觀察，不下單｜全清單 TOP4：優先觀察發動機會｜試單清單 TOP4：本區最可能發動｜v266.57.9：結構：平台壓縮後轉強，可優先觀察起漲/試單。｜續強：回檔承接尚可，若原策略入選，可優先觀察延續。｜突破：突破品質尚可，可列入試單後續確認。,138.1,4.0,TOP4,HIGH,高流動性,94.56,60958656.0,1395953222400.0,5.0,⚠️ 分散,25（⚠️ 分散）,均線結構,籌碼偏弱且資料有限，避免重倉追高。,1,部分籌碼資料有限,📉 低信心,4.0,試單TOP4,開發金,-157000.0,0.0,0.0,-157000.0,0.0,1,0.0,0.0,0.0,0.0,0,TWSE,🚀 主力拉升（趨勢延續）,高,可續抱；若是試單，可觀察是否進入加碼條件。,2026-05-09 00:25:55,behavior_interpretation,2026-05-08,凱基金,TWSE,22.6,22.95,22.3,0.0200445434298439,0.0651162790697674,0.0751173708920187,0.1062801524625711,0.1143552725151144,0.26170801549881,21.99,21.304999923706056,21.15499992370605,20.2183331489563,0.0197090090077542,67078149.2,48955341.05,1.2451890783018047,1.3701906219280646,22.95,20.049999237060547,22.95,17.799999237060547,0.1266375878957561,21.99,21.15499992370605,0.0364628854260909,0.0268171396446578,85.60975927669986,73.72979323525465,0.0,0.4967721380758014,0.3253206156360478,0.1714515224397536,0.0,7328566546.0,0.0083520245189447,2.0,3.0,3.0,5.0,7.0,7.0,2754.0,True,ALPHA Trend Momentum,114.0,TEST,試單,強勢試單,ALPHA高流動性強勢延續｜成交量/成交金額優先｜突破/趨勢確認｜高流動性,ALPHA,TREND,50以下,22.92,436.24,10015.0,,,,,,,,,MA5：站上｜↑ 強勢,MA20：站上｜↑ 強勢,,,,,MA10：站上｜↑ 強勢,MA5：站上｜↑ 強勢,MA10：站上｜↑ 強勢,MA20：站上｜↑ 強勢,突破確認K,多頭排列,多頭排列,MA5：站上｜↑ 強勢｜MA10：站上｜↑ 強勢｜MA20：站上｜↑ 強勢｜K棒：突破確認K｜K線：多頭排列,K棒型態：突破確認K｜K線結構：多頭排列,依原策略執行，技術欄位用於確認節奏與風險。,12.0,A,起漲結構強,20D站上MA20｜MA20走平翻揚｜MA5站上MA10｜接近20日高｜40D平台收斂｜短中均線糾結｜40D低點守住｜接近/站回MA60｜MA60不再下彎｜站回60D區間中上｜量縮後溫和放量｜5D動能轉正｜10D動能轉正,平台壓縮後轉強，可優先觀察起漲/試單。,v266.57.9,8.7,A,續強品質強,回檔不破前低｜低點墊高確認｜收盤守MA5｜續強確認：收盤未跌破MA5｜MA5仍在MA10上｜仍站MA20｜10D動能維持,回檔承接尚可，若原策略入選，可優先觀察延續。,v266.57.9,5.3,B,突破品質中,紅K實體放大｜收盤接近高點｜突破近5日高｜短均多頭,突破品質尚可，可列入試單後續確認。,v266.57.9,ALPHA,0.35,0.75,0.25,126.05,32.0,最後後處理補寫：原分數+結構前置+續強品質+突破品質；不覆蓋原策略,一般,104.261,v266.58.1,2026-05-09 00:25:47,突破中,否,均線轉強,突破中,4,12,準IGNITION,前狀態:突破中→今日:突破中｜強狀態維持｜強狀態連續維持｜具備點火條件,READY,v266.60.2,108.461,30.0,32.0,27.0,0.0,39.846,17.0,20/40/60結構佳｜續強品質佳｜主力佈局語意｜狀態升級強｜具升級旗標｜升級標籤｜距MA20合理｜距MA60合理｜短均轉強｜動能初段未過熱｜突破品質輔助,高優先準點火,v266.61,2026-05-09 00:25:50,49.0,站上MA20且結構成形｜平台壓縮後放量｜洗盤不破承接｜突破品質成立但未過熱｜狀態升級觸發｜狀態轉移轉強,強點火事件,可列入優先追蹤，觀察隔日不破MA5/MA10。,90.623,40,v266.62,2026-05-09 00:25:51,6.0,狀態剛升級,NONE,42,-7,AVOID_CHASE,溫和放量｜狀態剛升級｜平台收斂｜過熱扣分｜風險文字,200
WATCH,2026-05-08,2026-05-11,2642,宅配通,ENTRY,PRE,PRE,62.0,WAIT,BLOCK,False,21.5,0.0,0.0,8,安靜吸籌 | 洗盤收回 | 均線收斂 | 放量吸收,BLOCK：超出本市場狀態可執行名額｜v266.57.9：結構：結構證據不足，保留原策略但降低信心。｜續強：續強品質不足或有假突破壓力，避免追高。｜突破：有轉強跡象，但突破品質尚未完全成立。,87.68,,,HIGH,高流動性,30.34,173953.0,3739989500.0,-2.0,🟡 普通,58（🟡 普通）,法人偏多｜籌碼風險,籌碼普通或資料有限，需搭配技術面確認。,1,部分籌碼資料有限,📉 低信心,,,,1000.0,0.0,0.0,1000.0,1.0,1,0.0,0.0,0.0,0.0,0,TWSE,🟡 洗盤吸籌／整理換手（結構未壞）,中高,不急追；等放量突破或站穩 MA10 / MA20 再提高權重。,2026-05-09 00:25:55,behavior_interpretation,,,,,,,,,,,,,,,,,,,,,,,,,,,,,,,,,,,,,,,,,,,,,,,,,,,,,,,,,,,,,,,,,,,,MA5：依觀察節奏判斷,MA20：依觀察節奏判斷,,,,,MA10：依觀察節奏判斷,MA5：依觀察節奏判斷,MA10：依觀察節奏判斷,MA20：依觀察節奏判斷,整理觀察K,整理收斂,整理收斂,MA5：依觀察節奏判斷｜MA10：依觀察節奏判斷｜MA20：依觀察節奏判斷｜K棒：整理觀察K｜K線：整理收斂,K棒型態：整理觀察K｜K線結構：整理收斂,依原策略執行，技術欄位用於確認節奏與風險。,5.0,C,結構觀察,40D平台收斂｜短中均線糾結｜量縮後溫和放量,結構證據不足，保留原策略但降低信心。,v266.57.9,2.0,D,續強偏弱,回檔不破前低｜低點墊高確認｜扣分:跌破短均,續強品質不足或有假突破壓力，避免追高。,v266.57.9,2.7,C,突破觀察,收盤接近高點｜量能較前日放大,有轉強跡象，但突破品質尚未完全成立。,v266.57.9,GENERIC,0.55,0.5,0.5,5.1,504.0,最後後處理補寫：原分數+結構前置+續強品質+突破品質；不覆蓋原策略,一般,3.822,v266.58.1,2026-05-09 00:25:47,觀察,否,,觀察,0,0,持續觀察,前狀態:nan→今日:觀察,NO,v266.60.2,3.822,10.0,0.0,0.0,15.0,-0.558,508.0,主力佈局語意｜風險語意扣分,過熱降權,v266.61,2026-05-09 00:25:50,-4.0,洗盤不破承接｜假突破/出貨風險扣分,無事件,等待下一次確認。,1.475,474,v266.62,2026-05-09 00:25:51,0.0,,NONE,203,-8,AVOID_CHASE,平台收斂｜洗盤承接｜風險文字,201
WATCH,2026-05-08,2026-05-11,4426,利勤,ENTRY,PRE,PRE,62.0,WAIT,BLOCK,False,8.04,0.0,0.0,8,安靜吸籌 | 洗盤收回 | 均線收斂 | 放量吸收,BLOCK：超出本市場狀態可執行名額｜v266.57.9：結構：結構證據不足，保留原策略但降低信心。｜續強：續強品質不足或有假突破壓力，避免追高。｜突破：尚未形成乾淨突破，不急著升級。,90.37,,,HIGH,高流動性,34.55,350251.0,2816018039.9999995,-6.0,⚠️ 分散,25（⚠️ 分散）,籌碼風險,籌碼偏弱且資料有限，避免重倉追高。,1,部分籌碼資料有限,📉 低信心,,,,-46000.0,0.0,0.0,-46000.0,0.0,1,0.0,0.0,0.0,0.0,0,TWSE,🟡 洗盤吸籌／整理換手（結構未壞）,中高,不急追；等放量突破或站穩 MA10 / MA20 再提高權重。,2026-05-09 00:25:55,behavior_interpretation,,,,,,,,,,,,,,,,,,,,,,,,,,,,,,,,,,,,,,,,,,,,,,,,,,,,,,,,,,,,,,,,,,,,MA5：依觀察節奏判斷,MA20：依觀察節奏判斷,,,,,MA10：依觀察節奏判斷,MA5：依觀察節奏判斷,MA10：依觀察節奏判斷,MA20：依觀察節奏判斷,整理觀察K,整理收斂,整理收斂,MA5：依觀察節奏判斷｜MA10：依觀察節奏判斷｜MA20：依觀察節奏判斷｜K棒：整理觀察K｜K線：整理收斂,K棒型態：整理觀察K｜K線結構：整理收斂,依原策略執行，技術欄位用於確認節奏與風險。,5.0,C,結構觀察,40D平台收斂｜短中均線糾結｜量縮後溫和放量,結構證據不足，保留原策略但降低信心。,v266.57.9,-1.0,E,續強不足,扣分:跌破短均,續強品質不足或有假突破壓力，避免追高。,v266.57.9,0.0,D,突破不足,,尚未形成乾淨突破，不急著升級。,v266.57.9,GENERIC,0.55,0.5,0.5,2.25,535.0,最後後處理補寫：原分數+結構前置+續強品質+突破品質；不覆蓋原策略,籌碼風險,0.765,v266.58.1,2026-05-09 00:25:47,出貨疑慮,否,籌碼轉弱,出貨疑慮,-2,-15,降級風險,首次追蹤:出貨疑慮｜狀態降級,RISK,v266.60.2,-4.485,10.0,0.0,0.0,15.0,-1.126,516.0,主力佈局語意｜風險語意扣分,過熱降權,v266.61,2026-05-09 00:25:50,-4.0,洗盤不破承接｜假突破/出貨風險扣分,無事件,等待下一次確認。,-4.34,530,v266.62,2026-05-09 00:25:51,0.0,,NONE,210,-8,AVOID_CHASE,平台收斂｜洗盤承接｜風險文字,202
WATCH,2026-05-08,2026-05-11,3266,昇陽,ENTRY,PRE,PRE,54.0,WAIT,BLOCK,False,13.75,0.0,0.0,8,波動壓縮 | 均線收斂 | 接近突破 | 結構尚可,BLOCK：超出本市場狀態可執行名額｜v266.57.9：結構：平台壓縮後轉強，可優先觀察起漲/試單。｜續強：回檔承接尚可，若原策略入選，可優先觀察延續。｜突破：突破品質尚可，可列入試單後續確認。,77.13,,,HIGH,高流動性,16.84,76437.0,1051008750.0,0.0,⚠️ 分散,38（⚠️ 分散）,,籌碼普通或資料有限，需搭配技術面確認。,1,部分籌碼資料有限,📉 低信心,,,昇陽,-8000.0,0.0,0.0,-8000.0,0.0,1,0.0,0.0,0.0,0.0,0,TWSE,⚪ 盤整觀望（等待方向）,中低,先觀察，不急進場；等突破、量能或均線方向出現。,2026-05-09 00:25:55,behavior_interpretation,,,,,,,,,,,,,,,,,,,,,,,,,,,,,,,,,,,,,,,,,,,,,,,,,,,,,,,,,,,,,,,,,,,,MA5：依試單節奏判斷,MA20：依試單節奏判斷,,,,,MA10：依試單節奏判斷,MA5：依試單節奏判斷,MA10：依試單節奏判斷,MA20：依試單節奏判斷,突破確認K,整理後轉強,整理後轉強,MA5：依試單節奏判斷｜MA10：依試單節奏判斷｜MA20：依試單節奏判斷｜K棒：突破確認K｜K線：整理後轉強,K棒型態：突破確認K｜K線結構：整理後轉強,依原策略執行，技術欄位用於確認節奏與風險。,10.8,A,起漲結構強,20D站上MA20｜MA20走平翻揚｜接近20日高｜40D平台收斂｜短中均線糾結｜40D低點守住｜接近/站回MA60｜MA60不再下彎｜站回60D區間中上｜5D動能轉正,平台壓縮後轉強，可優先觀察起漲/試單。,v266.57.9,6.5,B,續強品質中,回檔不破前低｜低點墊高確認｜收盤守MA5｜續強確認：收盤未跌破MA5｜仍站MA20,回檔承接尚可，若原策略入選，可優先觀察延續。,v266.57.9,4.2,B,突破品質中,收盤接近高點｜突破近5日高｜MA5加速上彎,突破品質尚可，可列入試單後續確認。,v266.57.9,GENERIC,0.55,0.5,0.5,11.29,182.0,最後後處理補寫：原分數+結構前置+續強品質+突破品質；不覆蓋原策略,一般,9.258,v266.58.1,2026-05-09 00:25:47,觀察,否,,觀察,0,0,持續觀察,前狀態:nan→今日:觀察,NO,v266.60.2,9.258,30.0,0.0,0.0,0.0,13.646,136.0,20/40/60結構佳｜續強品質佳｜主力佈局語意｜突破品質輔助,主力佈局優先,v266.61,2026-05-09 00:25:50,15.0,洗盤不破承接｜突破品質成立但未過熱,早期轉強事件,偏早期，可列入WATCH等待二次確認。,10.981,113,v266.62,2026-05-09 00:25:51,0.0,,NONE,381,-8,AVOID_CHASE,trigger合理｜平台收斂｜風險文字,203
TEST,2026-05-08,2026-05-11,3716,中化控股,ENTRY,PRE,PRE,68.0,WAIT,BLOCK,False,35.0,0.0,0.0,3,安靜吸籌 | 均線收斂 | 放量吸收 | 接近突破 | 結構尚可,BLOCK：超出本市場狀態可執行名額｜v266.57.9：結構：平台壓縮後轉強，可優先觀察起漲/試單。｜續強：回檔承接尚可，若原策略入選，可優先觀察延續。｜突破：突破品質尚可，可列入試單後續確認。,103.38,,,HIGH,高流動性,57.8,867830.0,30374050000.0,0.0,⚠️ 分散,26（⚠️ 分散）,,籌碼偏弱且資料有限，避免重倉追高。,1,部分籌碼資料有限,📉 低信心,,,,-31000.0,0.0,0.0,-31000.0,0.0,1,0.0,0.0,0.0,0.0,0,TWSE,🟡 洗盤吸籌／整理換手（結構未壞）,中高,不急追；等放量突破或站穩 MA10 / MA20 再提高權重。,2026-05-09 00:25:55,behavior_interpretation,,,,,,,,,,,,,,,,,,,,,,,,,,,,,,,,,,,,,,,,,,,,,,,,,,,,,,,,,,,,,,,,,,,,MA5：依試單節奏判斷,MA20：依試單節奏判斷,,,,,MA10：依試單節奏判斷,MA5：依試單節奏判斷,MA10：依試單節奏判斷,MA20：依試單節奏判斷,突破確認K,整理後轉強,整理後轉強,MA5：依試單節奏判斷｜MA10：依試單節奏判斷｜MA20：依試單節奏判斷｜K棒：突破確認K｜K線：整理後轉強,K棒型態：突破確認K｜K線結構：整理後轉強,依原策略執行，技術欄位用於確認節奏與風險。,10.1,A,起漲結構強,20D站上MA20｜MA20走平翻揚｜MA5站上MA10｜接近20日高｜40D平台收斂｜短中均線糾結｜40D低點守住｜接近/站回MA60｜站回60D區間中上｜5D動能轉正｜10D動能轉正｜扣分:單日爆量偏高,平台壓縮後轉強，可優先觀察起漲/試單。,v266.57.9,6.5,B,續強品質中,回檔不破前低｜低點墊高確認｜收盤守MA5｜續強確認：收盤未跌破MA5｜MA5仍在MA10上｜仍站MA20｜10D動能維持｜扣分:回檔量放大、接近20日高且短線過熱,回檔承接尚可，若原策略入選，可優先觀察延續。,v266.57.9,5.0,B,突破品質中,紅K實體放大｜收盤接近高點｜MA5加速上彎｜短均多頭,突破品質尚可，可列入試單後續確認。,v266.57.9,GENERIC,0.55,0.5,0.5,11.305,179.0,最後後處理補寫：原分數+結構前置+續強品質+突破品質；不覆蓋原策略,一般,9.27,v266.58.1,2026-05-09 00:25:47,觀察,否,,觀察,0,0,持續觀察,前狀態:nan→今日:觀察,NO,v266.60.2,9.27,30.0,0.0,0.0,15.0,7.767,416.0,20/40/60結構佳｜續強品質佳｜主力佈局語意｜風險語意扣分｜突破品質輔助,過熱降權,v266.61,2026-05-09 00:25:50,15.0,洗盤不破承接｜突破品質成立但未過熱,早期轉強事件,偏早期，可列入WATCH等待二次確認。,10.989,112,v266.62,2026-05-09 00:25:51,0.0,,NONE,382,-8,AVOID_CHASE,trigger合理｜平台收斂｜風險文字,204
TEST,2026-05-08,2026-05-11,9103,美德醫療-DR,ENTRY,PRE,PRE,68.0,WAIT,BLOCK,False,4.86,0.0,0.0,3,波動壓縮 | 均線收斂 | 放量吸收 | 接近突破 | 結構尚可,BLOCK：超出本市場狀態可執行名額｜v266.57.9：結構：平台壓縮後轉強，可優先觀察起漲/試單。｜續強：回檔承接尚可，若原策略入選，可優先觀察延續。｜突破：突破品質尚可，可列入試單後續確認。,104.55,,,HIGH,高流動性,57.57,2197590.0,10680287400.0,0.0,🟡 普通,41（🟡 普通）,,籌碼普通或資料有限，需搭配技術面確認。,1,部分籌碼資料有限,📉 低信心,,,,-2000.0,0.0,0.0,-2000.0,0.0,1,0.0,0.0,0.0,0.0,0,TWSE,⚪ 行為中性（依策略判斷）,中低,目前訊號不夠明確，依原策略與風控執行。,2026-05-09 00:25:55,behavior_interpretation,,,,,,,,,,,,,,,,,,,,,,,,,,,,,,,,,,,,,,,,,,,,,,,,,,,,,,,,,,,,,,,,,,,,MA5：依試單節奏判斷,MA20：依試單節奏判斷,,,,,MA10：依試單節奏判斷,MA5：依試單節奏判斷,MA10：依試單節奏判斷,MA20：依試單節奏判斷,突破確認K,整理後轉強,整理後轉強,MA5：依試單節奏判斷｜MA10：依試單節奏判斷｜MA20：依試單節奏判斷｜K棒：突破確認K｜K線：整理後轉強,K棒型態：突破確認K｜K線結構：整理後轉強,依原策略執行，技術欄位用於確認節奏與風險。,8.6,A,起漲結構強,20D站上MA20｜40D平台收斂｜短中均線糾結｜MA60不再下彎｜量縮後溫和放量｜5D動能轉正｜10D動能轉正,平台壓縮後轉強，可優先觀察起漲/試單。,v266.57.9,7.5,A,續強品質強,回檔不破前低｜低點墊高確認｜收盤守MA5｜續強確認：收盤未跌破MA5｜仍站MA20｜10D動能維持,回檔承接尚可，若原策略入選，可優先觀察延續。,v266.57.9,5.7,B,突破品質中,紅K實體放大｜收盤接近高點｜突破近5日高｜MA5加速上彎,突破品質尚可，可列入試單後續確認。,v266.57.9,GENERIC,0.55,0.5,0.5,11.33,178.0,最後後處理補寫：原分數+結構前置+續強品質+突破品質；不覆蓋原策略,一般,9.291,v266.58.1,2026-05-09 00:25:47,觀察,否,,觀察,0,0,持續觀察,前狀態:nan→今日:觀察,NO,v266.60.2,9.291,30.0,0.0,0.0,0.0,14.069,101.0,20/40/60結構佳｜續強品質佳｜主力佈局語意｜突破品質輔助,主力佈局優先,v266.61,2026-05-09 00:25:50,15.0,洗盤不破承接｜突破品質成立但未過熱,早期轉強事件,偏早期，可列入WATCH等待二次確認。,11.004,111,v266.62,2026-05-09 00:25:51,0.0,,NONE,383,-8,AVOID_CHASE,trigger合理｜平台收斂｜風險文字,205
TEST,2026-05-08,2026-05-11,4915,致伸,ENTRY,PRE,PRE,100.0,WAIT,TOP,True,72.5,10000.0,0.01,3,波動壓縮 | 安靜吸籌 | 洗盤收回 | 均線收斂 | 放量吸收 | 接近突破 | 結構尚可,TOP + timing 合格：允許分批｜大盤中性 ：BUY 降級 TEST，控制追高｜v266.57.9：結構：平台壓縮後轉強，可優先觀察起漲/試單。｜續強：續強品質不足或有假突破壓力，避免追高。｜突破：有轉強跡象，但突破品質尚未完全成立。,131.98,,,HIGH,高流動性,85.65,7556989.0,547881702500.0,-6.0,❌ 極度分散,15（❌ 極度分散）,籌碼風險,籌碼偏弱且資料有限，避免重倉追高。,1,部分籌碼資料有限,📉 低信心,,,致伸,-405000.0,-205317.0,1698.0,-608619.0,0.0,1,0.0,0.0,0.0,0.0,0,TWSE,🟡 洗盤吸籌／整理換手（結構未壞）,中高,不急追；等放量突破或站穩 MA10 / MA20 再提高權重。,2026-05-09 00:25:55,behavior_interpretation,,,,,,,,,,,,,,,,,,,,,,,,,,,,,,,,,,,,,,,,,,,,,,,,,,,,,,,,,,,,,,,,,,,,MA5：依試單節奏判斷,MA20：依試單節奏判斷,,,,,MA10：依試單節奏判斷,MA5：依試單節奏判斷,MA10：依試單節奏判斷,MA20：依試單節奏判斷,突破確認K,整理後轉強,整理後轉強,MA5：依試單節奏判斷｜MA10：依試單節奏判斷｜MA20：依試單節奏判斷｜K棒：突破確認K｜K線：整理後轉強,K棒型態：突破確認K｜K線結構：整理後轉強,依原策略執行，技術欄位用於確認節奏與風險。,7.0,B,起漲結構中,MA20走平翻揚｜MA5站上MA10｜40D平台收斂｜短中均線糾結｜40D低點守住｜接近/站回MA60,平台壓縮後轉強，可優先觀察起漲/試單。,v266.57.9,3.2,C,續強觀察,回檔不破前低｜低點墊高確認｜MA5仍在MA10上｜扣分:跌破短均,續強品質不足或有假突破壓力，避免追高。,v266.57.9,2.0,C,突破觀察,量能較前日放大｜短均多頭,有轉強跡象，但突破品質尚未完全成立。,v266.57.9,GENERIC,0.55,0.5,0.5,6.45,473.0,最後後處理補寫：原分數+結構前置+續強品質+突破品質；不覆蓋原策略,籌碼風險,4.209,v266.58.1,2026-05-09 00:25:47,出貨疑慮,否,籌碼轉弱,出貨疑慮,-2,-15,降級風險,前狀態:nan→今日:出貨疑慮｜狀態降級,RISK,v266.60.2,-1.041,22.0,0.0,0.0,15.0,4.558,470.0,20/40/60結構佳｜主力佈局語意｜風險語意扣分,過熱降權,v266.61,2026-05-09 00:25:50,-4.0,洗盤不破承接｜假突破/出貨風險扣分,無事件,等待下一次確認。,-1.929,492,v266.62,2026-05-09 00:25:51,0.0,,NONE,386,-8,AVOID_CHASE,平台收斂｜洗盤承接｜風險文字,206
TEST,2026-05-08,2026-05-11,9944,新麗,ENTRY,PRE,PRE,68.0,WAIT,BLOCK,False,16.5,0.0,0.0,3,安靜吸籌 | 均線收斂 | 放量吸收 | 接近突破 | 結構尚可,BLOCK：超出本市場狀態可執行名額｜v266.57.9：結構：平台壓縮後轉強，可優先觀察起漲/試單。｜續強：回檔承接尚可，若原策略入選，可優先觀察延續。｜突破：突破品質尚可，可列入試單後續確認。,88.29,,,HIGH,高流動性,24.31,124637.0,2056510500.0,0.0,⚠️ 分散,39（⚠️ 分散）,,籌碼普通或資料有限，需搭配技術面確認。,1,部分籌碼資料有限,📉 低信心,,,新麗,-6000.0,0.0,0.0,-6000.0,0.0,1,0.0,0.0,0.0,0.0,0,TWSE,🟡 洗盤吸籌／整理換手（結構未壞）,中高,不急追；等放量突破或站穩 MA10 / MA20 再提高權重。,2026-05-09 00:25:55,behavior_interpretation,,,,,,,,,,,,,,,,,,,,,,,,,,,,,,,,,,,,,,,,,,,,,,,,,,,,,,,,,,,,,,,,,,,,MA5：依試單節奏判斷,MA20：依試單節奏判斷,,,,,MA10：依試單節奏判斷,MA5：依試單節奏判斷,MA10：依試單節奏判斷,MA20：依試單節奏判斷,突破確認K,整理後轉強,整理後轉強,MA5：依試單節奏判斷｜MA10：依試單節奏判斷｜MA20：依試單節奏判斷｜K棒：突破確認K｜K線：整理後轉強,K棒型態：突破確認K｜K線結構：整理後轉強,依原策略執行，技術欄位用於確認節奏與風險。,10.0,A,起漲結構強,20D站上MA20｜MA20走平翻揚｜接近20日高｜40D平台收斂｜短中均線糾結｜40D低點守住｜接近/站回MA60｜量縮後溫和放量,平台壓縮後轉強，可優先觀察起漲/試單。,v266.57.9,6.5,B,續強品質中,回檔不破前低｜低點墊高確認｜收盤守MA5｜續強確認：收盤未跌破MA5｜仍站MA20,回檔承接尚可，若原策略入選，可優先觀察延續。,v266.57.9,4.5,B,突破品質中,紅K實體放大｜收盤接近高點｜突破近5日高,突破品質尚可，可列入試單後續確認。,v266.57.9,GENERIC,0.55,0.5,0.5,11.0,197.0,最後後處理補寫：原分數+結構前置+續強品質+突破品質；不覆蓋原策略,一般,9.02,v266.58.1,2026-05-09 00:25:47,觀察,否,,觀察,0,0,持續觀察,前狀態:nan→今日:觀察,NO,v266.60.2,9.02,30.0,0.0,0.0,0.0,14.042,104.0,20/40/60結構佳｜續強品質佳｜主力佈局語意｜突破品質輔助,主力佈局優先,v266.61,2026-05-09 00:25:50,15.0,洗盤不破承接｜突破品質成立但未過熱,早期轉強事件,偏早期，可列入WATCH等待二次確認。,10.814,114,v266.62,2026-05-09 00:25:51,0.0,,NONE,380,-8,AVOID_CHASE,trigger合理｜平台收斂｜風險文字,207
WATCH,2026-05-08,2026-05-11,3596,智易,ENTRY,PRE,PRE,54.0,WAIT,BLOCK,False,178.0,0.0,0.0,8,波動壓縮 | 均線收斂 | 接近突破 | 結構尚可,BLOCK：超出本市場狀態可執行名額｜v266.57.9：結構：平台壓縮後轉強，可優先觀察起漲/試單。｜續強：回檔承接尚可，若原策略入選，可優先觀察延續。｜突破：突破品質尚可，可列入試單後續確認。,107.49,,,HIGH,高流動性,87.96,6662872.0,1185991216000.0,0.0,⚠️ 分散,25（⚠️ 分散）,,籌碼偏弱且資料有限，避免重倉追高。,1,部分籌碼資料有限,📉 低信心,,,智易,-430890.0,0.0,1924.0,-428966.0,0.0,1,0.0,0.0,0.0,0.0,0,TWSE,⚪ 盤整觀望（等待方向）,中低,先觀察，不急進場；等突破、量能或均線方向出現。,2026-05-09 00:25:55,behavior_interpretation,,,,,,,,,,,,,,,,,,,,,,,,,,,,,,,,,,,,,,,,,,,,,,,,,,,,,,,,,,,,,,,,,,,,MA5：依試單節奏判斷,MA20：依試單節奏判斷,,,,,MA10：依試單節奏判斷,MA5：依試單節奏判斷,MA10：依試單節奏判斷,MA20：依試單節奏判斷,突破確認K,整理後轉強,整理後轉強,MA5：依試單節奏判斷｜MA10：依試單節奏判斷｜MA20：依試單節奏判斷｜K棒：突破確認K｜K線：整理後轉強,K棒型態：突破確認K｜K線結構：整理後轉強,依原策略執行，技術欄位用於確認節奏與風險。,8.1,A,起漲結構強,20D站上MA20｜MA20走平翻揚｜接近20日高｜40D平台收斂｜短中均線糾結｜40D低點守住｜接近/站回MA60｜5D動能轉正｜10D動能轉正｜扣分:單日爆量偏高,平台壓縮後轉強，可優先觀察起漲/試單。,v266.57.9,6.5,B,續強品質中,回檔不破前低｜低點墊高確認｜收盤守MA5｜續強確認：收盤未跌破MA5｜仍站MA20｜10D動能維持｜扣分:接近20日高且短線過熱,回檔承接尚可，若原策略入選，可優先觀察延續。,v266.57.9,5.7,B,突破品質中,紅K實體放大｜收盤接近高點｜突破近5日高｜MA5加速上彎,突破品質尚可，可列入試單後續確認。,v266.57.9,GENERIC,0.55,0.5,0.5,10.555,239.0,最後後處理補寫：原分數+結構前置+續強品質+突破品質；不覆蓋原策略,一般,8.655,v266.58.1,2026-05-09 00:25:47,觀察,否,,觀察,0,0,持續觀察,前狀態:nan→今日:觀察,NO,v266.60.2,8.655,30.0,0.0,0.0,15.0,7.286,428.0,20/40/60結構佳｜續強品質佳｜主力佈局語意｜風險語意扣分｜突破品質輔助,過熱降權,v266.61,2026-05-09 00:25:50,15.0,洗盤不破承接｜突破品質成立但未過熱,早期轉強事件,偏早期，可列入WATCH等待二次確認。,10.558,119,v266.62,2026-05-09 00:25:51,0.0,,NONE,375,-8,AVOID_CHASE,trigger合理｜平台收斂｜風險文字,208
WATCH,2026-05-08,2026-05-11,4935,茂林-KY,ENTRY,PRE,PRE,54.0,WAIT,BLOCK,False,37.25,0.0,0.0,8,安靜吸籌 | 洗盤收回 | 均線收斂 | 結構尚可,BLOCK：超出本市場狀態可執行名額｜v266.57.9：結構：平台壓縮後轉強，可優先觀察起漲/試單。｜續強：續強品質不足或有假突破壓力，避免追高。｜突破：尚未形成乾淨突破，不急著升級。,83.18,,,HIGH,高流動性,31.07,141503.0,5270986750.0,-6.0,⚠️ 分散,34（⚠️ 分散）,籌碼風險,籌碼普通或資料有限，需搭配技術面確認。,1,部分籌碼資料有限,📉 低信心,,,,-16000.0,0.0,0.0,-16000.0,0.0,1,0.0,0.0,0.0,0.0,0,TWSE,🟡 洗盤吸籌／整理換手（結構未壞）,中高,不急追；等放量突破或站穩 MA10 / MA20 再提高權重。,2026-05-09 00:25:55,behavior_interpretation,,,,,,,,,,,,,,,,,,,,,,,,,,,,,,,,,,,,,,,,,,,,,,,,,,,,,,,,,,,,,,,,,,,,MA5：依觀察節奏判斷,MA20：依觀察節奏判斷,,,,,MA10：依觀察節奏判斷,MA5：依觀察節奏判斷,MA10：依觀察節奏判斷,MA20：依觀察節奏判斷,整理觀察K,整理收斂,整理收斂,MA5：依觀察節奏判斷｜MA10：依觀察節奏判斷｜MA20：依觀察節奏判斷｜K棒：整理觀察K｜K線：整理收斂,K棒型態：整理觀察K｜K線結構：整理收斂,依原策略執行，技術欄位用於確認節奏與風險。,8.0,A,起漲結構強,MA20走平翻揚｜40D平台收斂｜短中均線糾結｜40D低點守住｜接近/站回MA60｜量縮後溫和放量,平台壓縮後轉強，可優先觀察起漲/試單。,v266.57.9,3.5,C,續強觀察,回檔不破前低｜低點墊高確認｜回檔量縮｜扣分:跌破短均,續強品質不足或有假突破壓力，避免追高。,v266.57.9,0.2,D,突破不足,量能較前日放大｜扣分:收盤位置偏弱,尚未形成乾淨突破，不急著升級。,v266.57.9,GENERIC,0.55,0.5,0.5,6.25,478.0,最後後處理補寫：原分數+結構前置+續強品質+突破品質；不覆蓋原策略,籌碼風險,4.045,v266.58.1,2026-05-09 00:25:47,出貨疑慮,否,籌碼轉弱,出貨疑慮,-2,-15,降級風險,前狀態:nan→今日:出貨疑慮｜狀態降級,RISK,v266.60.2,-1.205,22.0,0.0,0.0,15.0,3.162,485.0,20/40/60結構佳｜主力佈局語意｜風險語意扣分,過熱降權,v266.61,2026-05-09 00:25:50,-4.0,洗盤不破承接｜假突破/出貨風險扣分,無事件,等待下一次確認。,-2.043,494,v266.62,2026-05-09 00:25:51,0.0,,NONE,353,-8,AVOID_CHASE,平台收斂｜洗盤承接｜風險文字,209
TEST,2026-05-08,2026-05-11,6184,大豐電,ENTRY,PRE,PRE,100.0,WAIT,WATCH,False,46.7,0.0,0.0,3,波動壓縮 | 安靜吸籌 | 洗盤收回 | 均線收斂 | 放量吸收 | 接近突破 | 結構尚可,WATCH：保留觀察，不下單｜大盤中性 ：BUY 降級 TEST，控制追高｜v266.57.9：結構：平台壓縮後轉強，可優先觀察起漲/試單。｜續強：回檔承接尚可，若原策略入選，可優先觀察延續。｜突破：尚未形成乾淨突破，不急著升級。,106.74,,,HIGH,高流動性,27.72,102089.0,4767556300.000001,0.0,⚠️ 分散,34（⚠️ 分散）,,籌碼普通或資料有限，需搭配技術面確認。,1,部分籌碼資料有限,📉 低信心,,,大豐電,-17000.0,0.0,0.0,-17000.0,0.0,1,0.0,0.0,0.0,0.0,0,TWSE,🟡 洗盤吸籌／整理換手（結構未壞）,中高,不急追；等放量突破或站穩 MA10 / MA20 再提高權重。,2026-05-09 00:25:55,behavior_interpretation,,,,,,,,,,,,,,,,,,,,,,,,,,,,,,,,,,,,,,,,,,,,,,,,,,,,,,,,,,,,,,,,,,,,MA5：依試單節奏判斷,MA20：依試單節奏判斷,,,,,MA10：依試單節奏判斷,MA5：依試單節奏判斷,MA10：依試單節奏判斷,MA20：依試單節奏判斷,突破確認K,整理後轉強,整理後轉強,MA5：依試單節奏判斷｜MA10：依試單節奏判斷｜MA20：依試單節奏判斷｜K棒：突破確認K｜K線：整理後轉強,K棒型態：突破確認K｜K線結構：整理後轉強,依原策略執行，技術欄位用於確認節奏與風險。,8.0,A,起漲結構強,接近20日高｜40D平台收斂｜短中均線糾結｜40D低點守住｜接近/站回MA60｜量縮後溫和放量,平台壓縮後轉強，可優先觀察起漲/試單。,v266.57.9,5.0,B,續強品質中,回檔不破前低｜低點墊高確認｜收盤守MA5｜回檔量縮｜扣分:跌破短均,回檔承接尚可，若原策略入選，可優先觀察延續。,v266.57.9,1.4,D,突破不足,量能較前日放大｜MA5加速上彎｜扣分:收盤位置偏弱,尚未形成乾淨突破，不急著升級。,v266.57.9,WATCH,0.55,0.35,0.75,7.2,437.0,最後後處理補寫：原分數+結構前置+續強品質+突破品質；不覆蓋原策略,一般,5.904,v266.58.1,2026-05-09 00:25:47,觀察,否,,觀察,0,0,持續觀察,前狀態:nan→今日:觀察,NO,v266.60.2,5.904,30.0,0.0,0.0,0.0,14.09,99.0,20/40/60結構佳｜續強品質佳｜主力佈局語意,主力佈局優先,v266.61,2026-05-09 00:25:50,8.0,洗盤不破承接,無事件,等待下一次確認。,6.533,388,v266.62,2026-05-09 00:25:51,0.0,,NONE,107,-8,AVOID_CHASE,平台收斂｜洗盤承接｜風險文字,210
WATCH,2026-05-08,2026-05-11,2505,國揚,ENTRY,PRE,PRE,54.0,WAIT,BLOCK,False,17.75,0.0,0.0,8,波動壓縮 | 洗盤收回 | 均線收斂 | 結構尚可,BLOCK：超出本市場狀態可執行名額｜v266.57.9：結構：平台壓縮後轉強，可優先觀察起漲/試單。｜續強：續強品質不足或有假突破壓力，避免追高。｜突破：尚未形成乾淨突破，不急著升級。,92.06,,,HIGH,高流動性,48.83,656000.0,11644000000.0,-6.0,⚠️ 分散,25（⚠️ 分散）,籌碼風險,籌碼偏弱且資料有限，避免重倉追高。,1,部分籌碼資料有限,📉 低信心,,,,-283000.0,0.0,0.0,-283000.0,0.0,1,0.0,0.0,0.0,0.0,0,TWSE,🟡 洗盤吸籌／整理換手（結構未壞）,中高,不急追；等放量突破或站穩 MA10 / MA20 再提高權重。,2026-05-09 00:25:55,behavior_interpretation,,,,,,,,,,,,,,,,,,,,,,,,,,,,,,,,,,,,,,,,,,,,,,,,,,,,,,,,,,,,,,,,,,,,MA5：依觀察節奏判斷,MA20：依觀察節奏判斷,,,,,MA10：依觀察節奏判斷,MA5：依觀察節奏判斷,MA10：依觀察節奏判斷,MA20：依觀察節奏判斷,整理觀察K,整理收斂,整理收斂,MA5：依觀察節奏判斷｜MA10：依觀察節奏判斷｜MA20：依觀察節奏判斷｜K棒：整理觀察K｜K線：整理收斂,K棒型態：整理觀察K｜K線結構：整理收斂,依原策略執行，技術欄位用於確認節奏與風險。,6.0,B,起漲結構中,40D平台收斂｜短中均線糾結｜40D低點守住｜量縮後溫和放量,平台壓縮後轉強，可優先觀察起漲/試單。,v266.57.9,2.0,D,續強偏弱,回檔不破前低｜低點墊高確認｜扣分:跌破短均,續強品質不足或有假突破壓力，避免追高。,v266.57.9,1.2,D,突破不足,量能較前日放大,尚未形成乾淨突破，不急著升級。,v266.57.9,GENERIC,0.55,0.5,0.5,4.9,506.0,最後後處理補寫：原分數+結構前置+續強品質+突破品質；不覆蓋原策略,籌碼風險,2.938,v266.58.1,2026-05-09 00:25:47,出貨疑慮,否,籌碼轉弱,出貨疑慮,-2,-15,降級風險,前狀態:nan→今日:出貨疑慮｜狀態降級,RISK,v266.60.2,-2.312,22.0,0.0,0.0,15.0,3.051,489.0,20/40/60結構佳｜主力佈局語意｜風險語意扣分,過熱降權,v266.61,2026-05-09 00:25:50,-4.0,洗盤不破承接｜假突破/出貨風險扣分,無事件,等待下一次確認。,-2.818,507,v266.62,2026-05-09 00:25:51,0.0,,NONE,360,-8,AVOID_CHASE,平台收斂｜洗盤承接｜風險文字,211
TEST,2026-05-08,2026-05-11,2892,第一金,ENTRY,PRE,PRE,68.0,WAIT,BLOCK,False,29.5,0.0,0.0,3,安靜吸籌 | 均線收斂 | 放量吸收 | 接近突破 | 結構尚可,BLOCK：超出本市場狀態可執行名額｜v266.57.9：結構：平台壓縮後轉強，可優先觀察起漲/試單。｜續強：回檔承接尚可，若原策略入選，可優先觀察延續。｜突破：突破品質尚可，可列入試單後續確認。,117.11,,,HIGH,高流動性,93.45,39860395.0,1175881652500.0,4.0,🟢 偏集中,65（🟢 偏集中）,法人偏多,籌碼偏集中但資料有限，可搭配技術面確認，不宜單獨重倉。,1,部分籌碼資料有限,📉 低信心,,,第一金,18027422.0,-52000.0,20000.0,17995422.0,1.0,1,0.0,0.0,0.0,0.0,0,TWSE,🟡 洗盤吸籌／整理換手（結構未壞）,中高,不急追；等放量突破或站穩 MA10 / MA20 再提高權重。,2026-05-09 00:25:55,behavior_interpretation,,,,,,,,,,,,,,,,,,,,,,,,,,,,,,,,,,,,,,,,,,,,,,,,,,,,,,,,,,,,,,,,,,,,MA5：依試單節奏判斷,MA20：依試單節奏判斷,,,,,MA10：依試單節奏判斷,MA5：依試單節奏判斷,MA10：依試單節奏判斷,MA20：依試單節奏判斷,突破確認K,整理後轉強,整理後轉強,MA5：依試單節奏判斷｜MA10：依試單節奏判斷｜MA20：依試單節奏判斷｜K棒：突破確認K｜K線：整理後轉強,K棒型態：突破確認K｜K線結構：整理後轉強,依原策略執行，技術欄位用於確認節奏與風險。,12.0,A,起漲結構強,20D站上MA20｜MA20走平翻揚｜MA5站上MA10｜接近20日高｜40D平台收斂｜短中均線糾結｜40D低點守住｜接近/站回MA60｜MA60不再下彎｜站回60D區間中上｜量縮後溫和放量｜5D動能轉正｜10D動能轉正,平台壓縮後轉強，可優先觀察起漲/試單。,v266.57.9,7.5,A,續強品質強,回檔不破前低｜低點墊高確認｜收盤守MA5｜續強確認：收盤未跌破MA5｜MA5仍在MA10上｜仍站MA20｜10D動能維持｜扣分:回檔量放大,回檔承接尚可，若原策略入選，可優先觀察延續。,v266.57.9,5.0,B,突破品質中,收盤接近高點｜突破近5日高｜MA5加速上彎｜短均多頭,突破品質尚可，可列入試單後續確認。,v266.57.9,GENERIC,0.55,0.5,0.5,12.85,109.0,最後後處理補寫：原分數+結構前置+續強品質+突破品質；不覆蓋原策略,一般,11.257,v266.58.1,2026-05-09 00:25:47,觀察,否,,觀察,0,0,持續觀察,前狀態:nan→今日:觀察,NO,v266.60.2,11.257,30.0,0.0,0.0,0.0,14.266,92.0,20/40/60結構佳｜續強品質佳｜主力佈局語意｜突破品質輔助,主力佈局優先,v266.61,2026-05-09 00:25:50,15.0,洗盤不破承接｜突破品質成立但未過熱,早期轉強事件,偏早期，可列入WATCH等待二次確認。,12.38,101,v266.62,2026-05-09 00:25:51,0.0,,NONE,393,-8,AVOID_CHASE,trigger合理｜平台收斂｜風險文字,212
TEST,2026-05-08,2026-05-11,2534,宏盛,ENTRY,PRE,PRE,68.0,WAIT,BLOCK,False,18.75,0.0,0.0,3,安靜吸籌 | 洗盤收回 | 均線收斂 | 放量吸收 | 結構尚可,BLOCK：超出本市場狀態可執行名額｜v266.57.9：結構：結構證據不足，保留原策略但降低信心。｜續強：續強品質不足或有假突破壓力，避免追高。｜突破：尚未形成乾淨突破，不急著升級。,103.78,,,HIGH,高流動性,57.49,1161520.0,21778500000.0,-6.0,⚠️ 分散,25（⚠️ 分散）,籌碼風險,籌碼偏弱且資料有限，避免重倉追高。,1,部分籌碼資料有限,📉 低信心,,,宏盛,-176000.0,0.0,0.0,-176000.0,0.0,1,0.0,0.0,0.0,0.0,0,TWSE,🟡 洗盤吸籌／整理換手（結構未壞）,中高,不急追；等放量突破或站穩 MA10 / MA20 再提高權重。,2026-05-09 00:25:55,behavior_interpretation,,,,,,,,,,,,,,,,,,,,,,,,,,,,,,,,,,,,,,,,,,,,,,,,,,,,,,,,,,,,,,,,,,,,MA5：依試單節奏判斷,MA20：依試單節奏判斷,,,,,MA10：依試單節奏判斷,MA5：依試單節奏判斷,MA10：依試單節奏判斷,MA20：依試單節奏判斷,突破確認K,整理後轉強,整理後轉強,MA5：依試單節奏判斷｜MA10：依試單節奏判斷｜MA20：依試單節奏判斷｜K棒：突破確認K｜K線：整理後轉強,K棒型態：突破確認K｜K線結構：整理後轉強,依原策略執行，技術欄位用於確認節奏與風險。,5.0,C,結構觀察,40D平台收斂｜短中均線糾結｜量縮後溫和放量,結構證據不足，保留原策略但降低信心。,v266.57.9,1.0,D,續強偏弱,回檔不破前低｜扣分:跌破短均,續強品質不足或有假突破壓力，避免追高。,v266.57.9,1.2,D,突破不足,量能較前日放大,尚未形成乾淨突破，不急著升級。,v266.57.9,GENERIC,0.55,0.5,0.5,3.85,523.0,最後後處理補寫：原分數+結構前置+續強品質+突破品質；不覆蓋原策略,籌碼風險,2.077,v266.58.1,2026-05-09 00:25:47,出貨疑慮,否,籌碼轉弱,出貨疑慮,-2,-15,降級風險,前狀態:nan→今日:出貨疑慮｜狀態降級,RISK,v266.60.2,-3.173,10.0,0.0,0.0,15.0,-0.815,511.0,主力佈局語意｜風險語意扣分,過熱降權,v266.61,2026-05-09 00:25:50,-4.0,洗盤不破承接｜假突破/出貨風險扣分,無事件,等待下一次確認。,-3.421,523,v266.62,2026-05-09 00:25:51,0.0,,NONE,365,-8,AVOID_CHASE,平台收斂｜洗盤承接｜風險文字,213
WATCH,2026-05-08,2026-05-11,1539,巨庭,ENTRY,PRE,PRE,62.0,WAIT,BLOCK,False,15.75,0.0,0.0,8,波動壓縮 | 洗盤收回 | 均線收斂 | 接近突破,BLOCK：超出本市場狀態可執行名額｜v266.57.9：結構：平台壓縮後轉強，可優先觀察起漲/試單。｜續強：續強品質不足或有假突破壓力，避免追高。｜突破：尚未形成乾淨突破，不急著升級。,84.15,,,HIGH,高流動性,22.46,111278.0,1752628500.0,-6.0,🟡 普通,42（🟡 普通）,籌碼風險,籌碼普通或資料有限，需搭配技術面確認。,1,部分籌碼資料有限,📉 低信心,,,,-1000.0,0.0,0.0,-1000.0,0.0,1,0.0,0.0,0.0,0.0,0,TWSE,🟡 洗盤吸籌／整理換手（結構未壞）,中高,不急追；等放量突破或站穩 MA10 / MA20 再提高權重。,2026-05-09 00:25:55,behavior_interpretation,,,,,,,,,,,,,,,,,,,,,,,,,,,,,,,,,,,,,,,,,,,,,,,,,,,,,,,,,,,,,,,,,,,,MA5：依試單節奏判斷,MA20：依試單節奏判斷,,,,,MA10：依試單節奏判斷,MA5：依試單節奏判斷,MA10：依試單節奏判斷,MA20：依試單節奏判斷,突破確認K,整理後轉強,整理後轉強,MA5：依試單節奏判斷｜MA10：依試單節奏判斷｜MA20：依試單節奏判斷｜K棒：突破確認K｜K線：整理後轉強,K棒型態：突破確認K｜K線結構：整理後轉強,依原策略執行，技術欄位用於確認節奏與風險。,7.0,B,起漲結構中,40D平台收斂｜短中均線糾結｜40D低點守住｜近5日量縮｜量縮後溫和放量,平台壓縮後轉強，可優先觀察起漲/試單。,v266.57.9,2.5,D,續強偏弱,回檔不破前低｜回檔量縮｜扣分:跌破短均,續強品質不足或有假突破壓力，避免追高。,v266.57.9,1.2,D,突破不足,量能較前日放大,尚未形成乾淨突破，不急著升級。,v266.57.9,GENERIC,0.55,0.5,0.5,5.7,492.0,最後後處理補寫：原分數+結構前置+續強品質+突破品質；不覆蓋原策略,籌碼風險,3.594,v266.58.1,2026-05-09 00:25:47,出貨疑慮,否,籌碼轉弱,出貨疑慮,-2,-15,降級風險,前狀態:nan→今日:出貨疑慮｜狀態降級,RISK,v266.60.2,-1.656,22.0,0.0,0.0,15.0,3.357,478.0,20/40/60結構佳｜主力佈局語意｜風險語意扣分,過熱降權,v266.61,2026-05-09 00:25:50,-4.0,洗盤不破承接｜假突破/出貨風險扣分,無事件,等待下一次確認。,-2.359,499,v266.62,2026-05-09 00:25:51,0.0,,NONE,348,-8,AVOID_CHASE,平台收斂｜洗盤承接｜風險文字,214
TEST,2026-05-08,2026-05-11,2393,億光,ENTRY,PRE,PRE,68.0,WAIT,BLOCK,False,73.7,0.0,0.0,3,安靜吸籌 | 均線收斂 | 放量吸收 | 接近突破 | 結構尚可,BLOCK：超出本市場狀態可執行名額｜v266.57.9：結構：平台壓縮後轉強，可優先觀察起漲/試單。｜續強：回檔承接尚可，若原策略入選，可優先觀察延續。｜突破：TEST有升級IGNITION條件，可優先觀察隔日延續。,113.03,,,HIGH,高流動性,81.81,5034699.0,371057316300.0,0.0,❌ 極度分散,15（❌ 極度分散）,,籌碼偏弱且資料有限，避免重倉追高。,1,部分籌碼資料有限,📉 低信心,,,億光,-673500.0,-71305.0,38854.0,-705951.0,0.0,1,0.0,0.0,0.0,0.0,0,TWSE,🟡 洗盤吸籌／整理換手（結構未壞）,中高,不急追；等放量突破或站穩 MA10 / MA20 再提高權重。,2026-05-09 00:25:55,behavior_interpretation,,,,,,,,,,,,,,,,,,,,,,,,,,,,,,,,,,,,,,,,,,,,,,,,,,,,,,,,,,,,,,,,,,,,MA5：依試單節奏判斷,MA20：依試單節奏判斷,,,,,MA10：依試單節奏判斷,MA5：依試單節奏判斷,MA10：依試單節奏判斷,MA20：依試單節奏判斷,突破確認K,整理後轉強,整理後轉強,MA5：依試單節奏判斷｜MA10：依試單節奏判斷｜MA20：依試單節奏判斷｜K棒：突破確認K｜K線：整理後轉強,K棒型態：突破確認K｜K線結構：整理後轉強,依原策略執行，技術欄位用於確認節奏與風險。,12.0,A,起漲結構強,20D站上MA20｜MA20走平翻揚｜MA5站上MA10｜接近20日高｜40D平台收斂｜短中均線糾結｜40D低點守住｜接近/站回MA60｜MA60不再下彎｜站回60D區間中上｜量縮後溫和放量｜5D動能轉正,平台壓縮後轉強，可優先觀察起漲/試單。,v266.57.9,7.7,A,續強品質強,回檔不破前低｜低點墊高確認｜收盤守MA5｜續強確認：收盤未跌破MA5｜MA5仍在MA10上｜仍站MA20,回檔承接尚可，若原策略入選，可優先觀察延續。,v266.57.9,6.2,A,突破品質強,紅K實體放大｜量能較前日放大｜突破近5日高｜MA5加速上彎｜短均多頭,TEST有升級IGNITION條件，可優先觀察隔日延續。,v266.57.9,GENERIC,0.55,0.5,0.5,13.55,97.0,最後後處理補寫：原分數+結構前置+續強品質+突破品質；不覆蓋原策略,一般,11.111,v266.58.1,2026-05-09 00:25:47,觀察,否,,觀察,0,0,持續觀察,前狀態:nan→今日:觀察,NO,v266.60.2,11.111,30.0,0.0,0.0,0.0,14.251,93.0,20/40/60結構佳｜續強品質佳｜主力佈局語意｜突破品質輔助,主力佈局優先,v266.61,2026-05-09 00:25:50,15.0,洗盤不破承接｜突破品質成立但未過熱,早期轉強事件,偏早期，可列入WATCH等待二次確認。,12.278,103,v266.62,2026-05-09 00:25:51,0.0,,NONE,391,-8,AVOID_CHASE,trigger合理｜平台收斂｜風險文字,215
WATCH,2026-05-08,2026-05-11,1256,鮮活果汁-KY,ENTRY,PRE,PRE,54.0,WAIT,BLOCK,False,176.0,0.0,0.0,8,波動壓縮 | 均線收斂 | 接近突破 | 結構尚可,BLOCK：超出本市場狀態可執行名額｜v266.57.9：結構：平台壓縮後轉強，可優先觀察起漲/試單。｜續強：回檔承接尚可，若原策略入選，可優先觀察延續。｜突破：TEST有升級IGNITION條件，可優先觀察隔日延續。,90.4,,,HIGH,高流動性,49.16,235864.0,41512064000.0,0.0,⚠️ 分散,36（⚠️ 分散）,,籌碼普通或資料有限，需搭配技術面確認。,1,部分籌碼資料有限,📉 低信心,,,鮮活果汁-KY,-12000.0,0.0,0.0,-12000.0,0.0,1,0.0,0.0,0.0,0.0,0,TWSE,⚪ 盤整觀望（等待方向）,中低,先觀察，不急進場；等突破、量能或均線方向出現。,2026-05-09 00:25:55,behavior_interpretation,,,,,,,,,,,,,,,,,,,,,,,,,,,,,,,,,,,,,,,,,,,,,,,,,,,,,,,,,,,,,,,,,,,,MA5：依試單節奏判斷,MA20：依試單節奏判斷,,,,,MA10：依試單節奏判斷,MA5：依試單節奏判斷,MA10：依試單節奏判斷,MA20：依試單節奏判斷,突破確認K,整理後轉強,整理後轉強,MA5：依試單節奏判斷｜MA10：依試單節奏判斷｜MA20：依試單節奏判斷｜K棒：突破確認K｜K線：整理後轉強,K棒型態：突破確認K｜K線結構：整理後轉強,依原策略執行，技術欄位用於確認節奏與風險。,11.1,A,起漲結構強,20D站上MA20｜MA20走平翻揚｜MA5站上MA10｜接近20日高｜40D平台收斂｜短中均線糾結｜40D低點守住｜接近/站回MA60｜MA60不再下彎｜站回60D區間中上｜5D動能轉正｜10D動能轉正｜扣分:單日爆量偏高,平台壓縮後轉強，可優先觀察起漲/試單。,v266.57.9,7.7,A,續強品質強,回檔不破前低｜低點墊高確認｜收盤守MA5｜續強確認：收盤未跌破MA5｜MA5仍在MA10上｜仍站MA20｜10D動能維持｜扣分:接近20日高且短線過熱,回檔承接尚可，若原策略入選，可優先觀察延續。,v266.57.9,7.7,A,突破品質強,紅K實體放大｜收盤接近高點｜量能較前日放大｜突破近5日高｜MA5加速上彎｜短均多頭,TEST有升級IGNITION條件，可優先觀察隔日延續。,v266.57.9,GENERIC,0.55,0.5,0.5,13.805,95.0,最後後處理補寫：原分數+結構前置+續強品質+突破品質；不覆蓋原策略,一般,11.32,v266.58.1,2026-05-09 00:25:47,觀察,否,,觀察,0,0,持續觀察,前狀態:nan→今日:觀察,NO,v266.60.2,11.32,30.0,0.0,0.0,15.0,7.552,422.0,20/40/60結構佳｜續強品質佳｜主力佈局語意｜風險語意扣分｜突破品質輔助,過熱降權,v266.61,2026-05-09 00:25:50,15.0,洗盤不破承接｜突破品質成立但未過熱,早期轉強事件,偏早期，可列入WATCH等待二次確認。,12.424,99,v266.62,2026-05-09 00:25:51,0.0,,NONE,395,-8,AVOID_CHASE,trigger合理｜平台收斂｜風險文字,216
WATCH,2026-05-08,2026-05-11,2948,寶陞,ENTRY,PRE,PRE,54.0,WAIT,BLOCK,False,39.3,0.0,0.0,8,波動壓縮 | 均線收斂 | 接近突破 | 結構尚可,BLOCK：超出本市場狀態可執行名額｜v266.57.9：結構：平台壓縮後轉強，可優先觀察起漲/試單。｜續強：回檔承接尚可，若原策略入選，可優先觀察延續。｜突破：突破品質尚可，可列入試單後續確認。,67.61,,,HIGH,高流動性,3.73,8000.0,314399993.8964844,0.0,🟡 普通,50（🟡 普通）,,籌碼普通或資料有限，需搭配技術面確認。,0,法人/融資資料有限,📉 低信心,,,,0.0,0.0,0.0,0.0,0.0,0,0.0,0.0,0.0,0.0,0,,⚪ 盤整觀望（等待方向）,中低,先觀察，不急進場；等突破、量能或均線方向出現。,2026-05-09 00:25:55,behavior_interpretation,,,,,,,,,,,,,,,,,,,,,,,,,,,,,,,,,,,,,,,,,,,,,,,,,,,,,,,,,,,,,,,,,,,,MA5：依試單節奏判斷,MA20：依試單節奏判斷,,,,,MA10：依試單節奏判斷,MA5：依試單節奏判斷,MA10：依試單節奏判斷,MA20：依試單節奏判斷,突破確認K,整理後轉強,整理後轉強,MA5：依試單節奏判斷｜MA10：依試單節奏判斷｜MA20：依試單節奏判斷｜K棒：突破確認K｜K線：整理後轉強,K棒型態：突破確認K｜K線結構：整理後轉強,依原策略執行，技術欄位用於確認節奏與風險。,9.8,A,起漲結構強,20D站上MA20｜40D平台收斂｜短中均線糾結｜40D低點守住｜接近/站回MA60｜MA60不再下彎｜量縮後溫和放量｜5D動能轉正,平台壓縮後轉強，可優先觀察起漲/試單。,v266.57.9,5.3,B,續強品質中,回檔不破前低｜低點墊高確認｜收盤守MA5｜續強確認：收盤未跌破MA5｜仍站MA20｜扣分:回檔量放大,回檔承接尚可，若原策略入選，可優先觀察延續。,v266.57.9,4.2,B,突破品質中,紅K實體放大｜收盤接近高點｜MA5加速上彎,突破品質尚可，可列入試單後續確認。,v266.57.9,GENERIC,0.55,0.5,0.5,10.14,266.0,最後後處理補寫：原分數+結構前置+續強品質+突破品質；不覆蓋原策略,一般,8.315,v266.58.1,2026-05-09 00:25:47,觀察,否,,觀察,0,0,持續觀察,前狀態:nan→今日:觀察,NO,v266.60.2,8.315,30.0,0.0,0.0,0.0,13.551,152.0,20/40/60結構佳｜續強品質佳｜主力佈局語意｜突破品質輔助,主力佈局優先,v266.61,2026-05-09 00:25:50,15.0,洗盤不破承接｜突破品質成立但未過熱,早期轉強事件,偏早期，可列入WATCH等待二次確認。,10.32,122,v266.62,2026-05-09 00:25:51,0.0,,NONE,339,-8,AVOID_CHASE,trigger合理｜平台收斂｜風險文字,217
WATCH,2026-05-08,2026-05-11,9917,中保科,ENTRY,PRE,PRE,54.0,WAIT,BLOCK,False,114.0,0.0,0.0,8,波動壓縮 | 均線收斂 | 接近突破 | 結構尚可,BLOCK：超出本市場狀態可執行名額｜v266.57.9：結構：平台壓縮後轉強，可優先觀察起漲/試單。｜續強：回檔承接尚可，若原策略入選，可優先觀察延續。｜突破：突破品質尚可，可列入試單後續確認。,91.11,,,HIGH,高流動性,50.03,299167.0,34105038000.0,0.0,⚠️ 分散,25（⚠️ 分散）,,籌碼偏弱且資料有限，避免重倉追高。,1,部分籌碼資料有限,📉 低信心,,,中保科,-215458.0,0.0,2000.0,-213458.0,0.0,1,0.0,0.0,0.0,0.0,0,TWSE,⚪ 盤整觀望（等待方向）,中低,先觀察，不急進場；等突破、量能或均線方向出現。,2026-05-09 00:25:55,behavior_interpretation,,,,,,,,,,,,,,,,,,,,,,,,,,,,,,,,,,,,,,,,,,,,,,,,,,,,,,,,,,,,,,,,,,,,MA5：依試單節奏判斷,MA20：依試單節奏判斷,,,,,MA10：依試單節奏判斷,MA5：依試單節奏判斷,MA10：依試單節奏判斷,MA20：依試單節奏判斷,突破確認K,整理後轉強,整理後轉強,MA5：依試單節奏判斷｜MA10：依試單節奏判斷｜MA20：依試單節奏判斷｜K棒：突破確認K｜K線：整理後轉強,K棒型態：突破確認K｜K線結構：整理後轉強,依原策略執行，技術欄位用於確認節奏與風險。,8.8,A,起漲結構強,接近20日高｜40D平台收斂｜短中均線糾結｜40D低點守住｜接近/站回MA60｜MA60不再下彎｜站回60D區間中上｜5D動能轉正,平台壓縮後轉強，可優先觀察起漲/試單。,v266.57.9,7.0,A,續強品質強,回檔不破前低｜低點墊高確認｜收盤守MA5｜續強確認：收盤未跌破MA5｜回檔量縮,回檔承接尚可，若原策略入選，可優先觀察延續。,v266.57.9,4.2,B,突破品質中,收盤接近高點｜突破近5日高｜MA5加速上彎,突破品質尚可，可列入試單後續確認。,v266.57.9,GENERIC,0.55,0.5,0.5,10.44,245.0,最後後處理補寫：原分數+結構前置+續強品質+突破品質；不覆蓋原策略,一般,8.561,v266.58.1,2026-05-09 00:25:47,觀察,否,,觀察,0,0,持續觀察,前狀態:nan→今日:觀察,NO,v266.60.2,8.561,30.0,0.0,0.0,0.0,13.576,148.0,20/40/60結構佳｜續強品質佳｜主力佈局語意｜突破品質輔助,主力佈局優先,v266.61,2026-05-09 00:25:50,15.0,洗盤不破承接｜突破品質成立但未過熱,早期轉強事件,偏早期，可列入WATCH等待二次確認。,10.493,121,v266.62,2026-05-09 00:25:51,0.0,,NONE,340,-8,AVOID_CHASE,trigger合理｜平台收斂｜風險文字,218
WATCH,2026-05-08,2026-05-11,2015,豐興,ENTRY,PRE,PRE,54.0,WAIT,BLOCK,False,62.5,0.0,0.0,8,波動壓縮 | 均線收斂 | 接近突破 | 結構尚可,BLOCK：超出本市場狀態可執行名額｜v266.57.9：結構：平台壓縮後轉強，可優先觀察起漲/試單。｜續強：回檔承接尚可，若原策略入選，可優先觀察延續。｜突破：突破品質尚可，可列入試單後續確認。,92.94,,,HIGH,高流動性,52.95,474805.0,29675312500.0,0.0,❌ 極度分散,15（❌ 極度分散）,,籌碼偏弱且資料有限，避免重倉追高。,1,部分籌碼資料有限,📉 低信心,,,豐興,-212000.0,-33000.0,2000.0,-243000.0,0.0,1,0.0,0.0,0.0,0.0,0,TWSE,⚪ 盤整觀望（等待方向）,中低,先觀察，不急進場；等突破、量能或均線方向出現。,2026-05-09 00:25:55,behavior_interpretation,,,,,,,,,,,,,,,,,,,,,,,,,,,,,,,,,,,,,,,,,,,,,,,,,,,,,,,,,,,,,,,,,,,,MA5：依試單節奏判斷,MA20：依試單節奏判斷,,,,,MA10：依試單節奏判斷,MA5：依試單節奏判斷,MA10：依試單節奏判斷,MA20：依試單節奏判斷,突破確認K,整理後轉強,整理後轉強,MA5：依試單節奏判斷｜MA10：依試單節奏判斷｜MA20：依試單節奏判斷｜K棒：突破確認K｜K線：整理後轉強,K棒型態：突破確認K｜K線結構：整理後轉強,依原策略執行，技術欄位用於確認節奏與風險。,10.8,A,起漲結構強,20D站上MA20｜MA5站上MA10｜接近20日高｜40D平台收斂｜短中均線糾結｜40D低點守住｜接近/站回MA60｜量縮後溫和放量｜5D動能轉正,平台壓縮後轉強，可優先觀察起漲/試單。,v266.57.9,7.7,A,續強品質強,回檔不破前低｜低點墊高確認｜收盤守MA5｜續強確認：收盤未跌破MA5｜MA5仍在MA10上｜仍站MA20,回檔承接尚可，若原策略入選，可優先觀察延續。,v266.57.9,5.0,B,突破品質中,收盤接近高點｜量能較前日放大｜突破近5日高｜短均多頭,突破品質尚可，可列入試單後續確認。,v266.57.9,GENERIC,0.55,0.5,0.5,12.29,126.0,最後後處理補寫：原分數+結構前置+續強品質+突破品質；不覆蓋原策略,一般,10.078,v266.58.1,2026-05-09 00:25:47,觀察,否,,觀察,0,0,持續觀察,前狀態:nan→今日:觀察,NO,v266.60.2,10.078,30.0,0.0,0.0,0.0,13.728,128.0,20/40/60結構佳｜續強品質佳｜主力佈局語意｜突破品質輔助,主力佈局優先,v266.61,2026-05-09 00:25:50,15.0,洗盤不破承接｜突破品質成立但未過熱,早期轉強事件,偏早期，可列入WATCH等待二次確認。,11.555,107,v266.62,2026-05-09 00:25:51,0.0,,NONE,297,-8,AVOID_CHASE,trigger合理｜平台收斂｜風險文字,219
TEST,2026-05-08,2026-05-11,8487,愛爾達-創,ENTRY,PRE,PRE,82.0,WAIT,BLOCK,False,78.7,0.0,0.0,3,安靜吸籌 | 洗盤收回 | 均線收斂 | 放量吸收 | 接近突破 | 結構尚可,BLOCK：超出本市場狀態可執行名額｜大盤中性 ：BUY 降級 TEST，控制追高｜v266.57.9：結構：平台壓縮後轉強，可優先觀察起漲/試單。｜續強：回檔承接尚可，若原策略入選，可優先觀察延續。｜突破：有轉強跡象，但突破品質尚未完全成立。,98.26,,,HIGH,高流動性,31.63,105013.0,8264523100.000001,4.0,🟢 偏集中,64（🟢 偏集中）,法人偏多,籌碼偏集中但資料有限，可搭配技術面確認，不宜單獨重倉。,1,部分籌碼資料有限,📉 低信心,,,愛爾達-創,4000.0,0.0,9000.0,13000.0,1.0,1,0.0,0.0,0.0,0.0,0,TWSE,🟡 洗盤吸籌／整理換手（結構未壞）,中高,不急追；等放量突破或站穩 MA10 / MA20 再提高權重。,2026-05-09 00:25:55,behavior_interpretation,,,,,,,,,,,,,,,,,,,,,,,,,,,,,,,,,,,,,,,,,,,,,,,,,,,,,,,,,,,,,,,,,,,,MA5：依試單節奏判斷,MA20：依試單節奏判斷,,,,,MA10：依試單節奏判斷,MA5：依試單節奏判斷,MA10：依試單節奏判斷,MA20：依試單節奏判斷,突破確認K,整理後轉強,整理後轉強,MA5：依試單節奏判斷｜MA10：依試單節奏判斷｜MA20：依試單節奏判斷｜K棒：突破確認K｜K線：整理後轉強,K棒型態：突破確認K｜K線結構：整理後轉強,依原策略執行，技術欄位用於確認節奏與風險。,10.6,A,起漲結構強,接近20日高｜40D平台收斂｜短中均線糾結｜40D低點守住｜接近/站回MA60｜MA60不再下彎｜量縮後溫和放量｜5D動能轉正｜10D動能轉正,平台壓縮後轉強，可優先觀察起漲/試單。,v266.57.9,5.3,B,續強品質中,回檔不破前低｜低點墊高確認｜收盤守MA5｜續強確認：收盤未跌破MA5｜10D動能維持｜扣分:回檔量放大,回檔承接尚可，若原策略入選，可優先觀察延續。,v266.57.9,2.7,C,突破觀察,收盤接近高點｜MA5加速上彎,有轉強跡象，但突破品質尚未完全成立。,v266.57.9,GENERIC,0.55,0.5,0.5,9.83,289.0,最後後處理補寫：原分數+結構前置+續強品質+突破品質；不覆蓋原策略,一般,8.781,v266.58.1,2026-05-09 00:25:47,觀察,否,,觀察,0,0,持續觀察,前狀態:nan→今日:觀察,NO,v266.60.2,8.781,30.0,0.0,0.0,0.0,13.838,122.0,20/40/60結構佳｜續強品質佳｜主力佈局語意,主力佈局優先,v266.61,2026-05-09 00:25:50,8.0,洗盤不破承接,無事件,等待下一次確認。,8.547,243,v266.62,2026-05-09 00:25:51,0.0,,NONE,423,-8,AVOID_CHASE,平台收斂｜洗盤承接｜風險文字,220
WATCH,2026-05-08,2026-05-11,2450,神腦,ENTRY,PRE,PRE,54.0,WAIT,BLOCK,False,29.9,0.0,0.0,8,波動壓縮 | 均線收斂 | 接近突破 | 結構尚可,BLOCK：超出本市場狀態可執行名額｜v266.57.9：結構：平台壓縮後轉強，可優先觀察起漲/試單。｜續強：回檔承接尚可，若原策略入選，可優先觀察延續。｜突破：突破品質尚可，可列入試單後續確認。,85.5,,,HIGH,高流動性,35.72,210882.0,6305371800.0,0.0,⚠️ 分散,25（⚠️ 分散）,,籌碼偏弱且資料有限，避免重倉追高。,1,部分籌碼資料有限,📉 低信心,,,神腦,-69000.0,0.0,0.0,-69000.0,0.0,1,0.0,0.0,0.0,0.0,0,TWSE,⚪ 盤整觀望（等待方向）,中低,先觀察，不急進場；等突破、量能或均線方向出現。,2026-05-09 00:25:55,behavior_interpretation,,,,,,,,,,,,,,,,,,,,,,,,,,,,,,,,,,,,,,,,,,,,,,,,,,,,,,,,,,,,,,,,,,,,MA5：依試單節奏判斷,MA20：依試單節奏判斷,,,,,MA10：依試單節奏判斷,MA5：依試單節奏判斷,MA10：依試單節奏判斷,MA20：依試單節奏判斷,突破確認K,整理後轉強,整理後轉強,MA5：依試單節奏判斷｜MA10：依試單節奏判斷｜MA20：依試單節奏判斷｜K棒：突破確認K｜K線：整理後轉強,K棒型態：突破確認K｜K線結構：整理後轉強,依原策略執行，技術欄位用於確認節奏與風險。,9.8,A,起漲結構強,MA20走平翻揚｜接近20日高｜40D平台收斂｜短中均線糾結｜40D低點守住｜接近/站回MA60｜MA60不再下彎｜站回60D區間中上｜5D動能轉正,平台壓縮後轉強，可優先觀察起漲/試單。,v266.57.9,7.0,A,續強品質強,回檔不破前低｜低點墊高確認｜收盤守MA5｜續強確認：收盤未跌破MA5｜回檔量縮,回檔承接尚可，若原策略入選，可優先觀察延續。,v266.57.9,5.4,B,突破品質中,紅K實體放大｜收盤接近高點｜量能較前日放大｜MA5加速上彎,突破品質尚可，可列入試單後續確認。,v266.57.9,GENERIC,0.55,0.5,0.5,11.59,160.0,最後後處理補寫：原分數+結構前置+續強品質+突破品質；不覆蓋原策略,一般,9.504,v266.58.1,2026-05-09 00:25:47,觀察,否,,觀察,0,0,持續觀察,前狀態:nan→今日:觀察,NO,v266.60.2,9.504,30.0,0.0,0.0,0.0,13.67,131.0,20/40/60結構佳｜續強品質佳｜主力佈局語意｜突破品質輔助,主力佈局優先,v266.61,2026-05-09 00:25:50,15.0,洗盤不破承接｜突破品質成立但未過熱,早期轉強事件,偏早期，可列入WATCH等待二次確認。,11.153,109,v266.62,2026-05-09 00:25:51,0.0,,NONE,295,-8,AVOID_CHASE,trigger合理｜平台收斂｜風險文字,221
WATCH,2026-05-08,2026-05-11,6645,金萬林-創,ENTRY,PRE,PRE,62.0,WAIT,BLOCK,False,13.0,0.0,0.0,8,波動壓縮 | 洗盤收回 | 均線收斂 | 接近突破,BLOCK：超出本市場狀態可執行名額｜v266.57.9：結構：結構證據不足，保留原策略但降低信心。｜續強：回檔承接尚可，若原策略入選，可優先觀察延續。｜突破：有轉強跡象，但突破品質尚未完全成立。,77.63,,,HIGH,高流動性,10.57,39775.0,517075000.0,-6.0,🟡 普通,42（🟡 普通）,籌碼風險,籌碼普通或資料有限，需搭配技術面確認。,1,部分籌碼資料有限,📉 低信心,,,,-1000.0,0.0,0.0,-1000.0,0.0,1,0.0,0.0,0.0,0.0,0,TWSE,🟡 洗盤吸籌／整理換手（結構未壞）,中高,不急追；等放量突破或站穩 MA10 / MA20 再提高權重。,2026-05-09 00:25:55,behavior_interpretation,,,,,,,,,,,,,,,,,,,,,,,,,,,,,,,,,,,,,,,,,,,,,,,,,,,,,,,,,,,,,,,,,,,,MA5：依試單節奏判斷,MA20：依試單節奏判斷,,,,,MA10：依試單節奏判斷,MA5：依試單節奏判斷,MA10：依試單節奏判斷,MA20：依試單節奏判斷,突破確認K,整理後轉強,整理後轉強,MA5：依試單節奏判斷｜MA10：依試單節奏判斷｜MA20：依試單節奏判斷｜K棒：突破確認K｜K線：整理後轉強,K棒型態：突破確認K｜K線結構：整理後轉強,依原策略執行，技術欄位用於確認節奏與風險。,4.0,C,結構觀察,40D平台收斂｜短中均線糾結｜40D低點守住,結構證據不足，保留原策略但降低信心。,v266.57.9,7.0,A,續強品質強,回檔不破前低｜低點墊高確認｜收盤守MA5｜續強確認：收盤未跌破MA5｜回檔量縮,回檔承接尚可，若原策略入選，可優先觀察延續。,v266.57.9,3.0,C,突破觀察,紅K實體放大｜收盤接近高點,有轉強跡象，但突破品質尚未完全成立。,v266.57.9,GENERIC,0.55,0.5,0.5,7.2,437.0,最後後處理補寫：原分數+結構前置+續強品質+突破品質；不覆蓋原策略,籌碼風險,4.824,v266.58.1,2026-05-09 00:25:47,出貨疑慮,否,籌碼轉弱,出貨疑慮,-2,-15,降級風險,首次追蹤:出貨疑慮｜狀態降級,RISK,v266.60.2,-0.426,18.0,0.0,0.0,15.0,2.08,502.0,續強品質佳｜主力佈局語意｜風險語意扣分,過熱降權,v266.61,2026-05-09 00:25:50,-4.0,洗盤不破承接｜假突破/出貨風險扣分,無事件,等待下一次確認。,-1.498,485,v266.62,2026-05-09 00:25:51,0.0,,NONE,178,-8,AVOID_CHASE,平台收斂｜洗盤承接｜風險文字,222
TEST,2026-05-08,2026-05-11,2028,威致,ENTRY,PRE,PRE,70.0,WAIT,BLOCK,False,17.15,0.0,0.0,3,波動壓縮 | 安靜吸籌 | 洗盤收回 | 放量吸收 | 結構尚可,BLOCK：超出本市場狀態可執行名額｜v266.57.9：結構：平台壓縮後轉強，可優先觀察起漲/試單。｜續強：續強品質不足或有假突破壓力，避免追高。｜突破：尚未形成乾淨突破，不急著升級。,95.29,,,HIGH,高流動性,36.89,294930.0,5058049500.0,-6.0,⚠️ 分散,25（⚠️ 分散）,籌碼風險,籌碼偏弱且資料有限，避免重倉追高。,1,部分籌碼資料有限,📉 低信心,,,,-120000.0,0.0,0.0,-120000.0,0.0,1,0.0,0.0,0.0,0.0,0,TWSE,🟡 洗盤吸籌／整理換手（結構未壞）,中高,不急追；等放量突破或站穩 MA10 / MA20 再提高權重。,2026-05-09 00:25:55,behavior_interpretation,,,,,,,,,,,,,,,,,,,,,,,,,,,,,,,,,,,,,,,,,,,,,,,,,,,,,,,,,,,,,,,,,,,,MA5：依試單節奏判斷,MA20：依試單節奏判斷,,,,,MA10：依試單節奏判斷,MA5：依試單節奏判斷,MA10：依試單節奏判斷,MA20：依試單節奏判斷,突破確認K,整理後轉強,整理後轉強,MA5：依試單節奏判斷｜MA10：依試單節奏判斷｜MA20：依試單節奏判斷｜K棒：突破確認K｜K線：整理後轉強,K棒型態：突破確認K｜K線結構：整理後轉強,依原策略執行，技術欄位用於確認節奏與風險。,6.0,B,起漲結構中,40D平台收斂｜短中均線糾結｜40D低點守住｜量縮後溫和放量,平台壓縮後轉強，可優先觀察起漲/試單。,v266.57.9,-1.0,E,續強不足,扣分:跌破短均,續強品質不足或有假突破壓力，避免追高。,v266.57.9,1.2,D,突破不足,量能較前日放大,尚未形成乾淨突破，不急著升級。,v266.57.9,GENERIC,0.55,0.5,0.5,3.4,525.0,最後後處理補寫：原分數+結構前置+續強品質+突破品質；不覆蓋原策略,籌碼風險,1.708,v266.58.1,2026-05-09 00:25:47,出貨疑慮,否,籌碼轉弱,出貨疑慮,-2,-15,降級風險,首次追蹤:出貨疑慮｜狀態降級,RISK,v266.60.2,-3.542,22.0,0.0,0.0,15.0,3.408,477.0,20/40/60結構佳｜主力佈局語意｜風險語意扣分,過熱降權,v266.61,2026-05-09 00:25:50,-4.0,洗盤不破承接｜假突破/出貨風險扣分,無事件,等待下一次確認。,-3.679,525,v266.62,2026-05-09 00:25:51,0.0,,NONE,215,-8,AVOID_CHASE,平台收斂｜洗盤承接｜風險文字,223
TEST,2026-05-08,2026-05-11,9941,裕融,ENTRY,PRE,PRE,100.0,WAIT,WATCH,False,75.7,0.0,0.0,3,波動壓縮 | 安靜吸籌 | 洗盤收回 | 均線收斂 | 放量吸收 | 接近突破 | 結構尚可,WATCH：保留觀察，不下單｜大盤中性 ：BUY 降級 TEST，控制追高｜v266.57.9：結構：平台壓縮後轉強，可優先觀察起漲/試單。｜續強：續強品質不足或有假突破壓力，避免追高。｜突破：尚未形成乾淨突破，不急著升級。,129.09,,,HIGH,高流動性,77.39,3108629.0,235323215300.0,-2.0,⚠️ 分散,35（⚠️ 分散）,法人偏多｜籌碼風險,籌碼普通或資料有限，需搭配技術面確認。,1,部分籌碼資料有限,📉 低信心,,,裕融,-917000.0,351490.0,3899.0,-561611.0,0.0,1,0.0,0.0,0.0,0.0,0,TWSE,🟡 洗盤吸籌／整理換手（結構未壞）,中高,不急追；等放量突破或站穩 MA10 / MA20 再提高權重。,2026-05-09 00:25:55,behavior_interpretation,,,,,,,,,,,,,,,,,,,,,,,,,,,,,,,,,,,,,,,,,,,,,,,,,,,,,,,,,,,,,,,,,,,,MA5：依試單節奏判斷,MA20：依試單節奏判斷,,,,,MA10：依試單節奏判斷,MA5：依試單節奏判斷,MA10：依試單節奏判斷,MA20：依試單節奏判斷,突破確認K,整理後轉強,整理後轉強,MA5：依試單節奏判斷｜MA10：依試單節奏判斷｜MA20：依試單節奏判斷｜K棒：突破確認K｜K線：整理後轉強,K棒型態：突破確認K｜K線結構：整理後轉強,依原策略執行，技術欄位用於確認節奏與風險。,8.0,A,起漲結構強,40D平台收斂｜短中均線糾結｜40D低點守住｜接近/站回MA60｜MA60不再下彎｜量縮後溫和放量,平台壓縮後轉強，可優先觀察起漲/試單。,v266.57.9,2.0,D,續強偏弱,回檔不破前低｜低點墊高確認｜扣分:跌破短均,續強品質不足或有假突破壓力，避免追高。,v266.57.9,1.2,D,突破不足,量能較前日放大,尚未形成乾淨突破，不急著升級。,v266.57.9,WATCH,0.55,0.35,0.75,6.0,484.0,最後後處理補寫：原分數+結構前置+續強品質+突破品質；不覆蓋原策略,一般,4.56,v266.58.1,2026-05-09 00:25:47,觀察,否,,觀察,0,0,持續觀察,前狀態:nan→今日:觀察,NO,v266.60.2,4.56,22.0,0.0,0.0,15.0,4.856,469.0,20/40/60結構佳｜主力佈局語意｜風險語意扣分,過熱降權,v266.61,2026-05-09 00:25:50,-4.0,洗盤不破承接｜假突破/出貨風險扣分,無事件,等待下一次確認。,1.992,472,v266.62,2026-05-09 00:25:51,0.0,,NONE,191,-8,AVOID_CHASE,平台收斂｜洗盤承接｜風險文字,224
TEST,2026-05-08,2026-05-11,1527,鑽全,ENTRY,PRE,PRE,100.0,WAIT,TOP,True,32.4,10000.0,0.01,3,波動壓縮 | 安靜吸籌 | 洗盤收回 | 均線收斂 | 放量吸收 | 接近突破 | 結構尚可,TOP + timing 合格：允許分批｜大盤中性 ：BUY 降級 TEST，控制追高｜v266.57.9：結構：平台壓縮後轉強，可優先觀察起漲/試單。｜續強：回檔承接尚可，若原策略入選，可優先觀察延續。｜突破：尚未形成乾淨突破，不急著升級。,114.34,,,HIGH,高流動性,43.47,339718.0,11006863200.0,4.0,🟢 偏集中,72（🟢 偏集中）,法人偏多,籌碼偏集中但資料有限，可搭配技術面確認，不宜單獨重倉。,1,部分籌碼資料有限,📉 低信心,,,鑽全,27000.0,0.0,0.0,27000.0,1.0,1,0.0,0.0,0.0,0.0,0,TWSE,🟡 洗盤吸籌／整理換手（結構未壞）,中高,不急追；等放量突破或站穩 MA10 / MA20 再提高權重。,2026-05-09 00:25:55,behavior_interpretation,,,,,,,,,,,,,,,,,,,,,,,,,,,,,,,,,,,,,,,,,,,,,,,,,,,,,,,,,,,,,,,,,,,,MA5：依試單節奏判斷,MA20：依試單節奏判斷,,,,,MA10：依試單節奏判斷,MA5：依試單節奏判斷,MA10：依試單節奏判斷,MA20：依試單節奏判斷,突破確認K,整理後轉強,整理後轉強,MA5：依試單節奏判斷｜MA10：依試單節奏判斷｜MA20：依試單節奏判斷｜K棒：突破確認K｜K線：整理後轉強,K棒型態：突破確認K｜K線結構：整理後轉強,依原策略執行，技術欄位用於確認節奏與風險。,8.0,A,起漲結構強,接近20日高｜40D平台收斂｜短中均線糾結｜40D低點守住｜接近/站回MA60｜量縮後溫和放量,平台壓縮後轉強，可優先觀察起漲/試單。,v266.57.9,5.3,B,續強品質中,回檔不破前低｜低點墊高確認｜收盤守MA5｜回測守MA10,回檔承接尚可，若原策略入選，可優先觀察延續。,v266.57.9,1.2,D,突破不足,量能較前日放大,尚未形成乾淨突破，不急著升級。,v266.57.9,GENERIC,0.55,0.5,0.5,7.65,419.0,最後後處理補寫：原分數+結構前置+續強品質+突破品質；不覆蓋原策略,一般,6.993,v266.58.1,2026-05-09 00:25:47,觀察,否,,觀察,0,0,持續觀察,前狀態:nan→今日:觀察,NO,v266.60.2,6.993,30.0,0.0,0.0,0.0,14.199,95.0,20/40/60結構佳｜續強品質佳｜主力佈局語意,主力佈局優先,v266.61,2026-05-09 00:25:50,8.0,洗盤不破承接,無事件,等待下一次確認。,7.295,356,v266.62,2026-05-09 00:25:51,0.0,,NONE,84,-8,AVOID_CHASE,平台收斂｜洗盤承接｜風險文字,225
WATCH,2026-05-08,2026-05-11,6965,中傑-KY,ENTRY,PRE,PRE,54.0,WAIT,BLOCK,False,84.7,0.0,0.0,8,波動壓縮 | 洗盤收回 | 均線收斂 | 結構尚可,BLOCK：超出本市場狀態可執行名額｜v266.57.9：結構：平台壓縮後轉強，可優先觀察起漲/試單。｜續強：續強品質不足或有假突破壓力，避免追高。｜突破：尚未形成乾淨突破，不急著升級。,77.97,,,HIGH,高流動性,21.62,47369.0,4012154300.000001,-6.0,⚠️ 分散,38（⚠️ 分散）,籌碼風險,籌碼普通或資料有限，需搭配技術面確認。,1,部分籌碼資料有限,📉 低信心,,,中傑-KY,-7000.0,0.0,0.0,-7000.0,0.0,1,0.0,0.0,0.0,0.0,0,TWSE,🟡 洗盤吸籌／整理換手（結構未壞）,中高,不急追；等放量突破或站穩 MA10 / MA20 再提高權重。,2026-05-09 00:25:55,behavior_interpretation,,,,,,,,,,,,,,,,,,,,,,,,,,,,,,,,,,,,,,,,,,,,,,,,,,,,,,,,,,,,,,,,,,,,MA5：依觀察節奏判斷,MA20：依觀察節奏判斷,,,,,MA10：依觀察節奏判斷,MA5：依觀察節奏判斷,MA10：依觀察節奏判斷,MA20：依觀察節奏判斷,整理觀察K,整理收斂,整理收斂,MA5：依觀察節奏判斷｜MA10：依觀察節奏判斷｜MA20：依觀察節奏判斷｜K棒：整理觀察K｜K線：整理收斂,K棒型態：整理觀察K｜K線結構：整理收斂,依原策略執行，技術欄位用於確認節奏與風險。,7.0,B,起漲結構中,40D平台收斂｜短中均線糾結｜40D低點守住｜接近/站回MA60｜MA60不再下彎｜站回60D區間中上,平台壓縮後轉強，可優先觀察起漲/試單。,v266.57.9,2.0,D,續強偏弱,回檔不破前低｜低點墊高確認｜扣分:跌破短均,續強品質不足或有假突破壓力，避免追高。,v266.57.9,-1.0,D,突破不足,扣分:收盤位置偏弱,尚未形成乾淨突破，不急著升級。,v266.57.9,GENERIC,0.55,0.5,0.5,4.35,513.0,最後後處理補寫：原分數+結構前置+續強品質+突破品質；不覆蓋原策略,籌碼風險,2.487,v266.58.1,2026-05-09 00:25:47,出貨疑慮,否,籌碼轉弱,出貨疑慮,-2,-15,降級風險,前狀態:nan→今日:出貨疑慮｜狀態降級,RISK,v266.60.2,-2.763,22.0,0.0,0.0,15.0,3.006,493.0,20/40/60結構佳｜主力佈局語意｜風險語意扣分,過熱降權,v266.61,2026-05-09 00:25:50,-4.0,洗盤不破承接｜假突破/出貨風險扣分,無事件,等待下一次確認。,-3.134,514,v266.62,2026-05-09 00:25:51,0.0,,NONE,223,-8,AVOID_CHASE,平台收斂｜洗盤承接｜風險文字,226
TEST,2026-05-08,2026-05-11,3257,虹冠電,ENTRY,PRE,PRE,66.0,WAIT,BLOCK,False,54.9,0.0,0.0,3,波動壓縮 | 安靜吸籌 | 均線收斂 | 接近突破,BLOCK：超出本市場狀態可執行名額｜v266.57.9：結構：平台壓縮後轉強，可優先觀察起漲/試單。｜續強：回檔承接尚可，若原策略入選，可優先觀察延續。｜突破：突破品質尚可，可列入試單後續確認。,99.28,,,HIGH,高流動性,52.16,480112.0,26358148800.0,0.0,⚠️ 分散,25（⚠️ 分散）,,籌碼偏弱且資料有限，避免重倉追高。,1,部分籌碼資料有限,📉 低信心,,,虹冠電,-186000.0,0.0,0.0,-186000.0,0.0,1,0.0,0.0,0.0,0.0,0,TWSE,🟡 洗盤吸籌／整理換手（結構未壞）,中高,不急追；等放量突破或站穩 MA10 / MA20 再提高權重。,2026-05-09 00:25:55,behavior_interpretation,,,,,,,,,,,,,,,,,,,,,,,,,,,,,,,,,,,,,,,,,,,,,,,,,,,,,,,,,,,,,,,,,,,,MA5：依試單節奏判斷,MA20：依試單節奏判斷,,,,,MA10：依試單節奏判斷,MA5：依試單節奏判斷,MA10：依試單節奏判斷,MA20：依試單節奏判斷,突破確認K,整理後轉強,整理後轉強,MA5：依試單節奏判斷｜MA10：依試單節奏判斷｜MA20：依試單節奏判斷｜K棒：突破確認K｜K線：整理後轉強,K棒型態：突破確認K｜K線結構：整理後轉強,依原策略執行，技術欄位用於確認節奏與風險。,9.8,A,起漲結構強,20D站上MA20｜MA20走平翻揚｜40D平台收斂｜短中均線糾結｜40D低點守住｜接近/站回MA60｜量縮後溫和放量｜5D動能轉正,平台壓縮後轉強，可優先觀察起漲/試單。,v266.57.9,6.5,B,續強品質中,回檔不破前低｜低點墊高確認｜收盤守MA5｜續強確認：收盤未跌破MA5｜仍站MA20,回檔承接尚可，若原策略入選，可優先觀察延續。,v266.57.9,4.2,B,突破品質中,紅K實體放大｜收盤接近高點｜MA5加速上彎,突破品質尚可，可列入試單後續確認。,v266.57.9,GENERIC,0.55,0.5,0.5,10.74,221.0,最後後處理補寫：原分數+結構前置+續強品質+突破品質；不覆蓋原策略,一般,8.807,v266.58.1,2026-05-09 00:25:47,觀察,否,,觀察,0,0,持續觀察,前狀態:nan→今日:觀察,NO,v266.60.2,8.807,30.0,0.0,0.0,0.0,13.961,109.0,20/40/60結構佳｜續強品質佳｜主力佈局語意｜突破品質輔助,主力佈局優先,v266.61,2026-05-09 00:25:50,15.0,洗盤不破承接｜突破品質成立但未過熱,早期轉強事件,偏早期，可列入WATCH等待二次確認。,10.665,115,v266.62,2026-05-09 00:25:51,0.0,,NONE,379,-8,AVOID_CHASE,trigger合理｜平台收斂｜風險文字,227
WATCH,2026-05-08,2026-05-11,2939,永邑-KY,ENTRY,PRE,PRE,54.0,WAIT,BLOCK,False,24.6,0.0,0.0,8,波動壓縮 | 洗盤收回 | 均線收斂 | 結構尚可,BLOCK：超出本市場狀態可執行名額｜v266.57.9：結構：平台壓縮後轉強，可優先觀察起漲/試單。｜續強：續強品質不足或有假突破壓力，避免追高。｜突破：尚未形成乾淨突破，不急著升級。,67.44,,,HIGH,高流動性,3.28,9302.0,228829200.0,-6.0,🟡 普通,40（🟡 普通）,籌碼風險,籌碼普通或資料有限，需搭配技術面確認。,1,部分籌碼資料有限,📉 低信心,,,永邑-KY,-4000.0,0.0,0.0,-4000.0,0.0,1,0.0,0.0,0.0,0.0,0,TWSE,🟡 洗盤吸籌／整理換手（結構未壞）,中高,不急追；等放量突破或站穩 MA10 / MA20 再提高權重。,2026-05-09 00:25:55,behavior_interpretation,,,,,,,,,,,,,,,,,,,,,,,,,,,,,,,,,,,,,,,,,,,,,,,,,,,,,,,,,,,,,,,,,,,,MA5：依觀察節奏判斷,MA20：依觀察節奏判斷,,,,,MA10：依觀察節奏判斷,MA5：依觀察節奏判斷,MA10：依觀察節奏判斷,MA20：依觀察節奏判斷,整理觀察K,整理收斂,整理收斂,MA5：依觀察節奏判斷｜MA10：依觀察節奏判斷｜MA20：依觀察節奏判斷｜K棒：整理觀察K｜K線：整理收斂,K棒型態：整理觀察K｜K線結構：整理收斂,依原策略執行，技術欄位用於確認節奏與風險。,8.0,A,起漲結構強,40D平台收斂｜短中均線糾結｜40D低點守住｜接近/站回MA60｜MA60不再下彎｜站回60D區間中上｜近5日量縮,平台壓縮後轉強，可優先觀察起漲/試單。,v266.57.9,3.5,C,續強觀察,回檔不破前低｜低點墊高確認｜回檔量縮｜扣分:跌破短均,續強品質不足或有假突破壓力，避免追高。,v266.57.9,1.5,D,突破不足,收盤接近高點,尚未形成乾淨突破，不急著升級。,v266.57.9,GENERIC,0.55,0.5,0.5,6.9,455.0,最後後處理補寫：原分數+結構前置+續強品質+突破品質；不覆蓋原策略,籌碼風險,4.578,v266.58.1,2026-05-09 00:25:47,出貨疑慮,否,籌碼轉弱,出貨疑慮,-2,-15,降級風險,前狀態:nan→今日:出貨疑慮｜狀態降級,RISK,v266.60.2,-0.672,22.0,0.0,0.0,15.0,3.215,481.0,20/40/60結構佳｜主力佈局語意｜風險語意扣分,過熱降權,v266.61,2026-05-09 00:25:50,-4.0,洗盤不破承接｜假突破/出貨風險扣分,無事件,等待下一次確認。,-1.67,486,v266.62,2026-05-09 00:25:51,0.0,,NONE,177,-8,AVOID_CHASE,平台收斂｜洗盤承接｜風險文字,228
TEST,2026-05-08,2026-05-11,4503,金雨,ENTRY,PRE,PRE,72.0,WAIT,BLOCK,False,45.15,0.0,0.0,3,波動壓縮 | 安靜吸籌 | 均線收斂 | 接近突破 | 結構尚可,BLOCK：超出本市場狀態可執行名額｜v266.57.9：結構：平台壓縮後轉強，可優先觀察起漲/試單。｜續強：回檔承接尚可，若原策略入選，可優先觀察延續。｜突破：有轉強跡象，但突破品質尚未完全成立。,103.1,,,HIGH,高流動性,53.0,546752.0,24685852800.0,0.0,🟡 普通,50（🟡 普通）,,籌碼普通或資料有限，需搭配技術面確認。,1,部分籌碼資料有限,📉 低信心,,,,0.0,0.0,0.0,0.0,0.0,1,0.0,0.0,0.0,0.0,0,TPEX,🟡 洗盤吸籌／整理換手（結構未壞）,中高,不急追；等放量突破或站穩 MA10 / MA20 再提高權重。,2026-05-09 00:25:55,behavior_interpretation,,,,,,,,,,,,,,,,,,,,,,,,,,,,,,,,,,,,,,,,,,,,,,,,,,,,,,,,,,,,,,,,,,,,MA5：依試單節奏判斷,MA20：依試單節奏判斷,,,,,MA10：依試單節奏判斷,MA5：依試單節奏判斷,MA10：依試單節奏判斷,MA20：依試單節奏判斷,突破確認K,整理後轉強,整理後轉強,MA5：依試單節奏判斷｜MA10：依試單節奏判斷｜MA20：依試單節奏判斷｜K棒：突破確認K｜K線：整理後轉強,K棒型態：突破確認K｜K線結構：整理後轉強,依原策略執行，技術欄位用於確認節奏與風險。,11.8,A,起漲結構強,20D站上MA20｜MA20走平翻揚｜MA5站上MA10｜接近20日高｜40D平台收斂｜短中均線糾結｜40D低點守住｜接近/站回MA60｜MA60不再下彎｜站回60D區間中上｜10D動能轉正,平台壓縮後轉強，可優先觀察起漲/試單。,v266.57.9,8.7,A,續強品質強,回檔不破前低｜低點墊高確認｜收盤守MA5｜續強確認：收盤未跌破MA5｜MA5仍在MA10上｜仍站MA20｜10D動能維持,回檔承接尚可，若原策略入選，可優先觀察延續。,v266.57.9,2.3,C,突破觀察,收盤接近高點｜短均多頭,有轉強跡象，但突破品質尚未完全成立。,v266.57.9,GENERIC,0.55,0.5,0.5,11.99,139.0,最後後處理補寫：原分數+結構前置+續強品質+突破品質；不覆蓋原策略,一般,9.832,v266.58.1,2026-05-09 00:25:47,觀察,否,,觀察,0,0,持續觀察,前狀態:nan→今日:觀察,NO,v266.60.2,9.832,30.0,0.0,0.0,0.0,13.643,137.0,20/40/60結構佳｜續強品質佳｜主力佈局語意,主力佈局優先,v266.61,2026-05-09 00:25:50,8.0,洗盤不破承接,無事件,等待下一次確認。,9.282,169,v266.62,2026-05-09 00:25:51,0.0,,NONE,465,-13,AVOID_CHASE,平台收斂｜過熱扣分,229
WATCH,2026-05-08,2026-05-11,4502,健信,ENTRY,PRE,PRE,54.0,WAIT,BLOCK,False,16.45,0.0,0.0,8,安靜吸籌 | 均線收斂 | 接近突破 | 結構尚可,BLOCK：超出本市場狀態可執行名額｜v266.57.9：結構：平台壓縮後轉強，可優先觀察起漲/試單。｜續強：回檔承接尚可，若原策略入選，可優先觀察延續。｜突破：有轉強跡象，但突破品質尚未完全成立。,76.74,,,HIGH,高流動性,16.36,67233.0,1105982849.9999998,0.0,🟡 普通,50（🟡 普通）,,籌碼普通或資料有限，需搭配技術面確認。,1,部分籌碼資料有限,📉 低信心,,,,0.0,0.0,0.0,0.0,0.0,1,0.0,0.0,0.0,0.0,0,TPEX,🟡 洗盤吸籌／整理換手（結構未壞）,中高,不急追；等放量突破或站穩 MA10 / MA20 再提高權重。,2026-05-09 00:25:55,behavior_interpretation,,,,,,,,,,,,,,,,,,,,,,,,,,,,,,,,,,,,,,,,,,,,,,,,,,,,,,,,,,,,,,,,,,,,MA5：依試單節奏判斷,MA20：依試單節奏判斷,,,,,MA10：依試單節奏判斷,MA5：依試單節奏判斷,MA10：依試單節奏判斷,MA20：依試單節奏判斷,突破確認K,整理後轉強,整理後轉強,MA5：依試單節奏判斷｜MA10：依試單節奏判斷｜MA20：依試單節奏判斷｜K棒：突破確認K｜K線：整理後轉強,K棒型態：突破確認K｜K線結構：整理後轉強,依原策略執行，技術欄位用於確認節奏與風險。,11.8,A,起漲結構強,20D站上MA20｜MA20走平翻揚｜MA5站上MA10｜接近20日高｜40D平台收斂｜短中均線糾結｜40D低點守住｜接近/站回MA60｜MA60不再下彎｜站回60D區間中上｜10D動能轉正,平台壓縮後轉強，可優先觀察起漲/試單。,v266.57.9,8.7,A,續強品質強,回檔不破前低｜低點墊高確認｜收盤守MA5｜續強確認：收盤未跌破MA5｜MA5仍在MA10上｜仍站MA20｜10D動能維持,回檔承接尚可，若原策略入選，可優先觀察延續。,v266.57.9,2.3,C,突破觀察,收盤接近高點｜短均多頭,有轉強跡象，但突破品質尚未完全成立。,v266.57.9,GENERIC,0.55,0.5,0.5,11.99,139.0,最後後處理補寫：原分數+結構前置+續強品質+突破品質；不覆蓋原策略,一般,9.832,v266.58.1,2026-05-09 00:25:47,觀察,否,,觀察,0,0,持續觀察,前狀態:nan→今日:觀察,NO,v266.60.2,9.832,30.0,0.0,0.0,0.0,13.103,238.0,20/40/60結構佳｜續強品質佳｜主力佈局語意,主力佈局優先,v266.61,2026-05-09 00:25:50,8.0,洗盤不破承接,無事件,等待下一次確認。,9.282,170,v266.62,2026-05-09 00:25:51,0.0,,NONE,464,-13,AVOID_CHASE,平台收斂｜過熱扣分,230
WATCH,2026-05-08,2026-05-11,5530,龍巖,ENTRY,PRE,PRE,54.0,WAIT,BLOCK,False,45.25,0.0,0.0,8,波動壓縮 | 均線收斂 | 接近突破 | 結構尚可,BLOCK：超出本市場狀態可執行名額｜v266.57.9：結構：平台壓縮後轉強，可優先觀察起漲/試單。｜續強：回檔承接尚可，若原策略入選，可優先觀察延續。｜突破：尚未形成乾淨突破，不急著升級。,92.31,,,HIGH,高流動性,51.02,487764.0,22071321000.0,0.0,🟡 普通,50（🟡 普通）,,籌碼普通或資料有限，需搭配技術面確認。,1,部分籌碼資料有限,📉 低信心,,,龍巖,0.0,0.0,0.0,0.0,0.0,1,0.0,0.0,0.0,0.0,0,TPEX,⚪ 盤整觀望（等待方向）,中低,先觀察，不急進場；等突破、量能或均線方向出現。,2026-05-09 00:25:55,behavior_interpretation,,,,,,,,,,,,,,,,,,,,,,,,,,,,,,,,,,,,,,,,,,,,,,,,,,,,,,,,,,,,,,,,,,,,MA5：依試單節奏判斷,MA20：依試單節奏判斷,,,,,MA10：依試單節奏判斷,MA5：依試單節奏判斷,MA10：依試單節奏判斷,MA20：依試單節奏判斷,突破確認K,整理後轉強,整理後轉強,MA5：依試單節奏判斷｜MA10：依試單節奏判斷｜MA20：依試單節奏判斷｜K棒：突破確認K｜K線：整理後轉強,K棒型態：突破確認K｜K線結構：整理後轉強,依原策略執行，技術欄位用於確認節奏與風險。,6.8,B,起漲結構中,20D站上MA20｜MA5站上MA10｜接近20日高｜40D平台收斂｜短中均線糾結｜10D動能轉正,平台壓縮後轉強，可優先觀察起漲/試單。,v266.57.9,8.7,A,續強品質強,回檔不破前低｜低點墊高確認｜收盤守MA5｜續強確認：收盤未跌破MA5｜MA5仍在MA10上｜仍站MA20｜10D動能維持,回檔承接尚可，若原策略入選，可優先觀察延續。,v266.57.9,-0.2,D,突破不足,短均多頭｜扣分:收盤位置偏弱,尚未形成乾淨突破，不急著升級。,v266.57.9,GENERIC,0.55,0.5,0.5,7.99,404.0,最後後處理補寫：原分數+結構前置+續強品質+突破品質；不覆蓋原策略,一般,6.552,v266.58.1,2026-05-09 00:25:47,觀察,否,,觀察,0,0,持續觀察,前狀態:nan→今日:觀察,NO,v266.60.2,6.552,30.0,0.0,0.0,0.0,12.775,379.0,20/40/60結構佳｜續強品質佳｜主力佈局語意,主力佈局優先,v266.61,2026-05-09 00:25:50,8.0,洗盤不破承接,無事件,等待下一次確認。,6.986,373,v266.62,2026-05-09 00:25:51,0.0,,NONE,73,-13,AVOID_CHASE,平台收斂｜過熱扣分,231
WATCH,2026-05-08,2026-05-11,5443,均豪,ENTRY,PRE,PRE,54.0,WAIT,BLOCK,False,121.5,0.0,0.0,8,波動壓縮 | 均線收斂 | 接近突破 | 結構尚可,BLOCK：超出本市場狀態可執行名額｜v266.57.9：結構：平台壓縮後轉強，可優先觀察起漲/試單。｜續強：回檔承接尚可，若原策略入選，可優先觀察延續。｜突破：尚未形成乾淨突破，不急著升級。,106.58,,,HIGH,高流動性,85.37,5757879.0,699582298500.0,4.0,🔥 高度集中,85（🔥 高度集中）,法人偏多,籌碼偏集中但資料有限，可搭配技術面確認，不宜單獨重倉。,1,部分籌碼資料有限,📉 低信心,,,均豪,253673.0,647867.0,394194.0,1295734.0,1.0,1,0.0,0.0,0.0,0.0,0,TPEX,⚪ 盤整觀望（等待方向）,中低,先觀察，不急進場；等突破、量能或均線方向出現。,2026-05-09 00:25:55,behavior_interpretation,,,,,,,,,,,,,,,,,,,,,,,,,,,,,,,,,,,,,,,,,,,,,,,,,,,,,,,,,,,,,,,,,,,,MA5：依試單節奏判斷,MA20：依試單節奏判斷,,,,,MA10：依試單節奏判斷,MA5：依試單節奏判斷,MA10：依試單節奏判斷,MA20：依試單節奏判斷,突破確認K,整理後轉強,整理後轉強,MA5：依試單節奏判斷｜MA10：依試單節奏判斷｜MA20：依試單節奏判斷｜K棒：突破確認K｜K線：整理後轉強,K棒型態：突破確認K｜K線結構：整理後轉強,依原策略執行，技術欄位用於確認節奏與風險。,11.8,A,起漲結構強,20D站上MA20｜MA20走平翻揚｜MA5站上MA10｜40D平台收斂｜短中均線糾結｜40D低點守住｜接近/站回MA60｜MA60不再下彎｜站回60D區間中上｜近5日量縮｜10D動能轉正,平台壓縮後轉強，可優先觀察起漲/試單。,v266.57.9,10.0,A,續強品質強,回檔不破前低｜低點墊高確認｜收盤守MA5｜續強確認：收盤未跌破MA5｜回檔量縮｜MA5仍在MA10上｜仍站MA20｜10D動能維持,回檔承接尚可，若原策略入選，可優先觀察延續。,v266.57.9,-0.2,D,突破不足,短均多頭｜扣分:收盤位置偏弱,尚未形成乾淨突破，不急著升級。,v266.57.9,GENERIC,0.55,0.5,0.5,11.39,169.0,最後後處理補寫：原分數+結構前置+續強品質+突破品質；不覆蓋原策略,一般,10.06,v266.58.1,2026-05-09 00:25:47,觀察,否,,觀察,0,0,持續觀察,首次追蹤:觀察,NO,v266.60.2,10.06,30.0,0.0,0.0,0.0,13.126,230.0,20/40/60結構佳｜續強品質佳｜主力佈局語意,主力佈局優先,v266.61,2026-05-09 00:25:50,8.0,洗盤不破承接,無事件,等待下一次確認。,9.442,156,v266.62,2026-05-09 00:25:51,0.0,,NONE,478,-13,AVOID_CHASE,平台收斂｜過熱扣分,232
WATCH,2026-05-08,2026-05-11,3118,進階,ENTRY,PRE,PRE,54.0,WAIT,BLOCK,False,33.8,0.0,0.0,8,波動壓縮 | 均線收斂 | 接近突破 | 結構尚可,BLOCK：超出本市場狀態可執行名額｜v266.57.9：結構：平台壓縮後轉強，可優先觀察起漲/試單。｜續強：回檔承接尚可，若原策略入選，可優先觀察延續。｜突破：有轉強跡象，但突破品質尚未完全成立。,73.73,,,HIGH,高流動性,11.66,30732.0,1038741600.0,0.0,🟡 普通,50（🟡 普通）,,籌碼普通或資料有限，需搭配技術面確認。,1,部分籌碼資料有限,📉 低信心,,,進階,0.0,0.0,0.0,0.0,0.0,1,0.0,0.0,0.0,0.0,0,TPEX,⚪ 盤整觀望（等待方向）,中低,先觀察，不急進場；等突破、量能或均線方向出現。,2026-05-09 00:25:55,behavior_interpretation,,,,,,,,,,,,,,,,,,,,,,,,,,,,,,,,,,,,,,,,,,,,,,,,,,,,,,,,,,,,,,,,,,,,MA5：依試單節奏判斷,MA20：依試單節奏判斷,,,,,MA10：依試單節奏判斷,MA5：依試單節奏判斷,MA10：依試單節奏判斷,MA20：依試單節奏判斷,突破確認K,整理後轉強,整理後轉強,MA5：依試單節奏判斷｜MA10：依試單節奏判斷｜MA20：依試單節奏判斷｜K棒：突破確認K｜K線：整理後轉強,K棒型態：突破確認K｜K線結構：整理後轉強,依原策略執行，技術欄位用於確認節奏與風險。,11.8,A,起漲結構強,20D站上MA20｜MA20走平翻揚｜MA5站上MA10｜接近20日高｜40D平台收斂｜短中均線糾結｜40D低點守住｜接近/站回MA60｜MA60不再下彎｜站回60D區間中上｜10D動能轉正,平台壓縮後轉強，可優先觀察起漲/試單。,v266.57.9,8.7,A,續強品質強,回檔不破前低｜低點墊高確認｜收盤守MA5｜續強確認：收盤未跌破MA5｜MA5仍在MA10上｜仍站MA20｜10D動能維持,回檔承接尚可，若原策略入選，可優先觀察延續。,v266.57.9,2.3,C,突破觀察,突破近5日高｜短均多頭,有轉強跡象，但突破品質尚未完全成立。,v266.57.9,GENERIC,0.55,0.5,0.5,11.99,139.0,最後後處理補寫：原分數+結構前置+續強品質+突破品質；不覆蓋原策略,一般,9.832,v266.58.1,2026-05-09 00:25:47,觀察,否,,觀察,0,0,持續觀察,前狀態:nan→今日:觀察,NO,v266.60.2,9.832,30.0,0.0,0.0,0.0,13.103,238.0,20/40/60結構佳｜續強品質佳｜主力佈局語意,主力佈局優先,v266.61,2026-05-09 00:25:50,8.0,洗盤不破承接,無事件,等待下一次確認。,9.282,171,v266.62,2026-05-09 00:25:51,0.0,,NONE,463,-13,AVOID_CHASE,平台收斂｜過熱扣分,233
WATCH,2026-05-08,2026-05-11,5609,中菲行,ENTRY,PRE,PRE,54.0,WAIT,BLOCK,False,79.6,0.0,0.0,8,波動壓縮 | 均線收斂 | 接近突破 | 結構尚可,BLOCK：超出本市場狀態可執行名額｜v266.57.9：結構：平台壓縮後轉強，可優先觀察起漲/試單。｜續強：回檔承接尚可，若原策略入選，可優先觀察延續。｜突破：有轉強跡象，但突破品質尚未完全成立。,85.87,,,HIGH,高流動性,38.11,161530.0,12857788000.0,0.0,⚠️ 分散,25（⚠️ 分散）,,籌碼偏弱且資料有限，避免重倉追高。,1,部分籌碼資料有限,📉 低信心,,,中菲行,0.0,0.0,-111000.0,-111000.0,0.0,1,0.0,0.0,0.0,0.0,0,TPEX,⚪ 盤整觀望（等待方向）,中低,先觀察，不急進場；等突破、量能或均線方向出現。,2026-05-09 00:25:55,behavior_interpretation,,,,,,,,,,,,,,,,,,,,,,,,,,,,,,,,,,,,,,,,,,,,,,,,,,,,,,,,,,,,,,,,,,,,MA5：依試單節奏判斷,MA20：依試單節奏判斷,,,,,MA10：依試單節奏判斷,MA5：依試單節奏判斷,MA10：依試單節奏判斷,MA20：依試單節奏判斷,突破確認K,整理後轉強,整理後轉強,MA5：依試單節奏判斷｜MA10：依試單節奏判斷｜MA20：依試單節奏判斷｜K棒：突破確認K｜K線：整理後轉強,K棒型態：突破確認K｜K線結構：整理後轉強,依原策略執行，技術欄位用於確認節奏與風險。,11.8,A,起漲結構強,20D站上MA20｜MA20走平翻揚｜MA5站上MA10｜接近20日高｜40D平台收斂｜短中均線糾結｜40D低點守住｜接近/站回MA60｜MA60不再下彎｜站回60D區間中上｜10D動能轉正,平台壓縮後轉強，可優先觀察起漲/試單。,v266.57.9,8.7,A,續強品質強,回檔不破前低｜低點墊高確認｜收盤守MA5｜續強確認：收盤未跌破MA5｜MA5仍在MA10上｜仍站MA20｜10D動能維持,回檔承接尚可，若原策略入選，可優先觀察延續。,v266.57.9,2.3,C,突破觀察,突破近5日高｜短均多頭,有轉強跡象，但突破品質尚未完全成立。,v266.57.9,GENERIC,0.55,0.5,0.5,11.99,139.0,最後後處理補寫：原分數+結構前置+續強品質+突破品質；不覆蓋原策略,一般,9.832,v266.58.1,2026-05-09 00:25:47,觀察,否,,觀察,0,0,持續觀察,首次追蹤:觀察,NO,v266.60.2,9.832,30.0,0.0,0.0,0.0,13.103,238.0,20/40/60結構佳｜續強品質佳｜主力佈局語意,主力佈局優先,v266.61,2026-05-09 00:25:50,8.0,洗盤不破承接,無事件,等待下一次確認。,9.282,172,v266.62,2026-05-09 00:25:51,0.0,,NONE,462,-13,AVOID_CHASE,平台收斂｜過熱扣分,234
WATCH,2026-05-08,2026-05-11,8091,翔名,ENTRY,PRE,PRE,54.0,WAIT,BLOCK,False,191.0,0.0,0.0,8,波動壓縮 | 均線收斂 | 接近突破 | 結構尚可,BLOCK：超出本市場狀態可執行名額｜v266.57.9：結構：平台壓縮後轉強，可優先觀察起漲/試單。｜續強：回檔承接尚可，若原策略入選，可優先觀察延續。｜突破：尚未形成乾淨突破，不急著升級。,97.69,,,HIGH,高流動性,64.35,735318.0,140445738000.0,4.0,🔥 高度集中,85（🔥 高度集中）,法人偏多,籌碼偏集中但資料有限，可搭配技術面確認，不宜單獨重倉。,1,部分籌碼資料有限,📉 低信心,,,翔名,6524.0,37563.0,25039.0,69126.0,1.0,1,0.0,0.0,0.0,0.0,0,TPEX,⚪ 盤整觀望（等待方向）,中低,先觀察，不急進場；等突破、量能或均線方向出現。,2026-05-09 00:25:55,behavior_interpretation,,,,,,,,,,,,,,,,,,,,,,,,,,,,,,,,,,,,,,,,,,,,,,,,,,,,,,,,,,,,,,,,,,,,MA5：依試單節奏判斷,MA20：依試單節奏判斷,,,,,MA10：依試單節奏判斷,MA5：依試單節奏判斷,MA10：依試單節奏判斷,MA20：依試單節奏判斷,突破確認K,整理後轉強,整理後轉強,MA5：依試單節奏判斷｜MA10：依試單節奏判斷｜MA20：依試單節奏判斷｜K棒：突破確認K｜K線：整理後轉強,K棒型態：突破確認K｜K線結構：整理後轉強,依原策略執行，技術欄位用於確認節奏與風險。,10.3,A,起漲結構強,20D站上MA20｜MA20走平翻揚｜MA5站上MA10｜短中均線糾結｜40D低點守住｜接近/站回MA60｜MA60不再下彎｜站回60D區間中上｜近5日量縮｜10D動能轉正,平台壓縮後轉強，可優先觀察起漲/試單。,v266.57.9,10.0,A,續強品質強,回檔不破前低｜低點墊高確認｜收盤守MA5｜續強確認：收盤未跌破MA5｜回檔量縮｜MA5仍在MA10上｜仍站MA20｜10D動能維持,回檔承接尚可，若原策略入選，可優先觀察延續。,v266.57.9,-1.4,D,突破不足,短均多頭｜扣分:收盤位置偏弱、上影偏長,尚未形成乾淨突破，不急著升級。,v266.57.9,GENERIC,0.55,0.5,0.5,9.965,278.0,最後後處理補寫：原分數+結構前置+續強品質+突破品質；不覆蓋原策略,一般,8.891,v266.58.1,2026-05-09 00:25:47,觀察,否,,觀察,0,0,持續觀察,前狀態:nan→今日:觀察,NO,v266.60.2,8.891,30.0,0.0,0.0,0.0,13.009,282.0,20/40/60結構佳｜續強品質佳｜主力佈局語意,主力佈局優先,v266.61,2026-05-09 00:25:50,8.0,洗盤不破承接,無事件,等待下一次確認。,8.624,232,v266.62,2026-05-09 00:25:51,0.0,,NONE,492,-13,AVOID_CHASE,平台收斂｜過熱扣分,235
WATCH,2026-05-08,2026-05-11,6005,群益證,ENTRY,PRE,PRE,54.0,WAIT,BLOCK,False,30.55,0.0,0.0,8,安靜吸籌 | 均線收斂 | 接近突破 | 結構尚可,BLOCK：超出本市場狀態可執行名額｜v266.57.9：結構：平台壓縮後轉強，可優先觀察起漲/試單。｜續強：回檔承接尚可，若原策略入選，可優先觀察延續。｜突破：尚未形成乾淨突破，不急著升級。,108.67,,,HIGH,高流動性,91.34,26522019.0,810247680450.0,0.0,❌ 極度分散,15（❌ 極度分散）,,籌碼偏弱且資料有限，避免重倉追高。,1,部分籌碼資料有限,📉 低信心,,,群益證,-153000.0,-3891727.0,0.0,-4044727.0,0.0,1,0.0,0.0,0.0,0.0,0,TWSE,🟡 洗盤吸籌／整理換手（結構未壞）,中高,不急追；等放量突破或站穩 MA10 / MA20 再提高權重。,2026-05-09 00:25:55,behavior_interpretation,,,,,,,,,,,,,,,,,,,,,,,,,,,,,,,,,,,,,,,,,,,,,,,,,,,,,,,,,,,,,,,,,,,,MA5：依試單節奏判斷,MA20：依試單節奏判斷,,,,,MA10：依試單節奏判斷,MA5：依試單節奏判斷,MA10：依試單節奏判斷,MA20：依試單節奏判斷,突破確認K,整理後轉強,整理後轉強,MA5：依試單節奏判斷｜MA10：依試單節奏判斷｜MA20：依試單節奏判斷｜K棒：突破確認K｜K線：整理後轉強,K棒型態：突破確認K｜K線結構：整理後轉強,依原策略執行，技術欄位用於確認節奏與風險。,12.0,A,起漲結構強,20D站上MA20｜MA20走平翻揚｜MA5站上MA10｜接近20日高｜40D平台收斂｜短中均線糾結｜40D低點守住｜接近/站回MA60｜MA60不再下彎｜站回60D區間中上｜量縮後溫和放量｜5D動能轉正｜10D動能轉正,平台壓縮後轉強，可優先觀察起漲/試單。,v266.57.9,8.7,A,續強品質強,回檔不破前低｜低點墊高確認｜收盤守MA5｜續強確認：收盤未跌破MA5｜MA5仍在MA10上｜仍站MA20｜10D動能維持,回檔承接尚可，若原策略入選，可優先觀察延續。,v266.57.9,-0.2,D,突破不足,短均多頭｜扣分:收盤位置偏弱,尚未形成乾淨突破，不急著升級。,v266.57.9,GENERIC,0.55,0.5,0.5,10.85,204.0,最後後處理補寫：原分數+結構前置+續強品質+突破品質；不覆蓋原策略,一般,8.897,v266.58.1,2026-05-09 00:25:47,觀察,否,,觀察,0,0,持續觀察,前狀態:nan→今日:觀察,NO,v266.60.2,8.897,30.0,0.0,0.0,0.0,13.01,281.0,20/40/60結構佳｜續強品質佳｜主力佈局語意,主力佈局優先,v266.61,2026-05-09 00:25:50,8.0,洗盤不破承接,無事件,等待下一次確認。,8.628,231,v266.62,2026-05-09 00:25:51,0.0,,NONE,493,-13,AVOID_CHASE,平台收斂｜過熱扣分,236
TEST,2026-05-08,2026-05-11,6023,元大期,ENTRY,PRE,PRE,72.0,WAIT,BLOCK,False,100.0,0.0,0.0,3,波動壓縮 | 安靜吸籌 | 均線收斂 | 接近突破 | 結構尚可,BLOCK：超出本市場狀態可執行名額｜v266.57.9：結構：平台壓縮後轉強，可優先觀察起漲/試單。｜續強：回檔承接尚可，若原策略入選，可優先觀察延續。｜突破：尚未形成乾淨突破，不急著升級。,102.99,,,HIGH,高流動性,53.94,425025.0,42502500000.0,0.0,🟡 普通,50（🟡 普通）,,籌碼普通或資料有限，需搭配技術面確認。,1,部分籌碼資料有限,📉 低信心,,,元大期,0.0,0.0,0.0,0.0,0.0,1,0.0,0.0,0.0,0.0,0,TPEX,🟡 洗盤吸籌／整理換手（結構未壞）,中高,不急追；等放量突破或站穩 MA10 / MA20 再提高權重。,2026-05-09 00:25:55,behavior_interpretation,,,,,,,,,,,,,,,,,,,,,,,,,,,,,,,,,,,,,,,,,,,,,,,,,,,,,,,,,,,,,,,,,,,,MA5：依試單節奏判斷,MA20：依試單節奏判斷,,,,,MA10：依試單節奏判斷,MA5：依試單節奏判斷,MA10：依試單節奏判斷,MA20：依試單節奏判斷,突破確認K,整理後轉強,整理後轉強,MA5：依試單節奏判斷｜MA10：依試單節奏判斷｜MA20：依試單節奏判斷｜K棒：突破確認K｜K線：整理後轉強,K棒型態：突破確認K｜K線結構：整理後轉強,依原策略執行，技術欄位用於確認節奏與風險。,12.0,A,起漲結構強,20D站上MA20｜MA20走平翻揚｜MA5站上MA10｜接近20日高｜40D平台收斂｜短中均線糾結｜40D低點守住｜接近/站回MA60｜MA60不再下彎｜站回60D區間中上｜量縮後溫和放量｜10D動能轉正,平台壓縮後轉強，可優先觀察起漲/試單。,v266.57.9,8.7,A,續強品質強,回檔不破前低｜低點墊高確認｜收盤守MA5｜續強確認：收盤未跌破MA5｜MA5仍在MA10上｜仍站MA20｜10D動能維持,回檔承接尚可，若原策略入選，可優先觀察延續。,v266.57.9,-0.2,D,突破不足,短均多頭｜扣分:收盤位置偏弱,尚未形成乾淨突破，不急著升級。,v266.57.9,GENERIC,0.55,0.5,0.5,10.85,204.0,最後後處理補寫：原分數+結構前置+續強品質+突破品質；不覆蓋原策略,一般,8.897,v266.58.1,2026-05-09 00:25:47,觀察,否,,觀察,0,0,持續觀察,前狀態:nan→今日:觀察,NO,v266.60.2,8.897,30.0,0.0,0.0,0.0,13.55,153.0,20/40/60結構佳｜續強品質佳｜主力佈局語意,主力佈局優先,v266.61,2026-05-09 00:25:50,8.0,洗盤不破承接,無事件,等待下一次確認。,8.628,230,v266.62,2026-05-09 00:25:51,0.0,,NONE,494,-13,AVOID_CHASE,平台收斂｜過熱扣分,237
WATCH,2026-05-08,2026-05-11,5302,太欣,ENTRY,PRE,PRE,54.0,WAIT,BLOCK,False,11.8,0.0,0.0,8,波動壓縮 | 均線收斂 | 接近突破 | 結構尚可,BLOCK：超出本市場狀態可執行名額｜v266.57.9：結構：平台壓縮後轉強，可優先觀察起漲/試單。｜續強：回檔承接尚可，若原策略入選，可優先觀察延續。｜突破：尚未形成乾淨突破，不急著升級。,91.93,,,HIGH,高流動性,47.84,742379.0,8760072200.000002,4.0,🟢 偏集中,64（🟢 偏集中）,法人偏多,籌碼偏集中但資料有限，可搭配技術面確認，不宜單獨重倉。,1,部分籌碼資料有限,📉 低信心,,,,699.0,1000.0,301.0,2000.0,1.0,1,0.0,0.0,0.0,0.0,0,TPEX,⚪ 盤整觀望（等待方向）,中低,先觀察，不急進場；等突破、量能或均線方向出現。,2026-05-09 00:25:55,behavior_interpretation,,,,,,,,,,,,,,,,,,,,,,,,,,,,,,,,,,,,,,,,,,,,,,,,,,,,,,,,,,,,,,,,,,,,MA5：依試單節奏判斷,MA20：依試單節奏判斷,,,,,MA10：依試單節奏判斷,MA5：依試單節奏判斷,MA10：依試單節奏判斷,MA20：依試單節奏判斷,突破確認K,整理後轉強,整理後轉強,MA5：依試單節奏判斷｜MA10：依試單節奏判斷｜MA20：依試單節奏判斷｜K棒：突破確認K｜K線：整理後轉強,K棒型態：突破確認K｜K線結構：整理後轉強,依原策略執行，技術欄位用於確認節奏與風險。,10.0,A,起漲結構強,20D站上MA20｜MA20走平翻揚｜MA5站上MA10｜接近20日高｜40D平台收斂｜短中均線糾結｜40D低點守住｜接近/站回MA60｜站回60D區間中上,平台壓縮後轉強，可優先觀察起漲/試單。,v266.57.9,9.2,A,續強品質強,回檔不破前低｜低點墊高確認｜收盤守MA5｜續強確認：收盤未跌破MA5｜回檔量縮｜MA5仍在MA10上｜仍站MA20,回檔承接尚可，若原策略入選，可優先觀察延續。,v266.57.9,-0.2,D,突破不足,短均多頭｜扣分:收盤位置偏弱,尚未形成乾淨突破，不急著升級。,v266.57.9,GENERIC,0.55,0.5,0.5,10.0,275.0,最後後處理補寫：原分數+結構前置+續強品質+突破品質；不覆蓋原策略,一般,8.92,v266.58.1,2026-05-09 00:25:47,觀察,否,,觀察,0,0,持續觀察,前狀態:nan→今日:觀察,NO,v266.60.2,8.92,30.0,0.0,0.0,0.0,13.012,279.0,20/40/60結構佳｜續強品質佳｜主力佈局語意,主力佈局優先,v266.61,2026-05-09 00:25:50,8.0,洗盤不破承接,無事件,等待下一次確認。,8.644,229,v266.62,2026-05-09 00:25:51,0.0,,NONE,495,-13,AVOID_CHASE,平台收斂｜過熱扣分,238
WATCH,2026-05-08,2026-05-11,6146,耕興,ENTRY,PRE,PRE,54.0,WAIT,BLOCK,False,217.5,0.0,0.0,8,波動壓縮 | 均線收斂 | 接近突破 | 結構尚可,BLOCK：超出本市場狀態可執行名額｜v266.57.9：結構：平台壓縮後轉強，可優先觀察起漲/試單。｜續強：回檔承接尚可，若原策略入選，可優先觀察延續。｜突破：尚未形成乾淨突破，不急著升級。,97.28,,,HIGH,高流動性,63.72,661563.0,143889952500.0,4.0,🟢 偏集中,67（🟢 偏集中）,法人偏多,籌碼偏集中但資料有限，可搭配技術面確認，不宜單獨重倉。,1,部分籌碼資料有限,📉 低信心,,,耕興,0.0,2370.0,2370.0,4740.0,1.0,1,0.0,0.0,0.0,0.0,0,TPEX,⚪ 盤整觀望（等待方向）,中低,先觀察，不急進場；等突破、量能或均線方向出現。,2026-05-09 00:25:55,behavior_interpretation,,,,,,,,,,,,,,,,,,,,,,,,,,,,,,,,,,,,,,,,,,,,,,,,,,,,,,,,,,,,,,,,,,,,MA5：依試單節奏判斷,MA20：依試單節奏判斷,,,,,MA10：依試單節奏判斷,MA5：依試單節奏判斷,MA10：依試單節奏判斷,MA20：依試單節奏判斷,突破確認K,整理後轉強,整理後轉強,MA5：依試單節奏判斷｜MA10：依試單節奏判斷｜MA20：依試單節奏判斷｜K棒：突破確認K｜K線：整理後轉強,K棒型態：突破確認K｜K線結構：整理後轉強,依原策略執行，技術欄位用於確認節奏與風險。,10.0,A,起漲結構強,20D站上MA20｜MA20走平翻揚｜MA5站上MA10｜40D平台收斂｜短中均線糾結｜40D低點守住｜接近/站回MA60｜MA60不再下彎｜站回60D區間中上,平台壓縮後轉強，可優先觀察起漲/試單。,v266.57.9,9.2,A,續強品質強,回檔不破前低｜低點墊高確認｜收盤守MA5｜續強確認：收盤未跌破MA5｜回檔量縮｜MA5仍在MA10上｜仍站MA20,回檔承接尚可，若原策略入選，可優先觀察延續。,v266.57.9,-0.2,D,突破不足,短均多頭｜扣分:收盤位置偏弱,尚未形成乾淨突破，不急著升級。,v266.57.9,GENERIC,0.55,0.5,0.5,10.0,275.0,最後後處理補寫：原分數+結構前置+續強品質+突破品質；不覆蓋原策略,一般,8.92,v266.58.1,2026-05-09 00:25:47,觀察,否,,觀察,0,0,持續觀察,首次追蹤:觀察,NO,v266.60.2,8.92,30.0,0.0,0.0,0.0,13.012,279.0,20/40/60結構佳｜續強品質佳｜主力佈局語意,主力佈局優先,v266.61,2026-05-09 00:25:50,8.0,洗盤不破承接,無事件,等待下一次確認。,8.644,228,v266.62,2026-05-09 00:25:51,0.0,,NONE,496,-13,AVOID_CHASE,平台收斂｜過熱扣分,239
WATCH,2026-05-08,2026-05-11,8080,泰霖,ENTRY,PRE,PRE,54.0,WAIT,BLOCK,False,29.4,0.0,0.0,8,波動壓縮 | 均線收斂 | 接近突破 | 結構尚可,BLOCK：超出本市場狀態可執行名額｜v266.57.9：結構：平台壓縮後轉強，可優先觀察起漲/試單。｜續強：回檔承接尚可，若原策略入選，可優先觀察延續。｜突破：有轉強跡象，但突破品質尚未完全成立。,76.17,,,HIGH,高流動性,16.11,51052.0,1500928799.9999998,0.0,🟡 普通,50（🟡 普通）,,籌碼普通或資料有限，需搭配技術面確認。,0,法人/融資資料有限,📉 低信心,,,泰霖,0.0,0.0,0.0,0.0,0.0,0,0.0,0.0,0.0,0.0,0,,⚪ 盤整觀望（等待方向）,中低,先觀察，不急進場；等突破、量能或均線方向出現。,2026-05-09 00:25:55,behavior_interpretation,,,,,,,,,,,,,,,,,,,,,,,,,,,,,,,,,,,,,,,,,,,,,,,,,,,,,,,,,,,,,,,,,,,,MA5：依試單節奏判斷,MA20：依試單節奏判斷,,,,,MA10：依試單節奏判斷,MA5：依試單節奏判斷,MA10：依試單節奏判斷,MA20：依試單節奏判斷,突破確認K,整理後轉強,整理後轉強,MA5：依試單節奏判斷｜MA10：依試單節奏判斷｜MA20：依試單節奏判斷｜K棒：突破確認K｜K線：整理後轉強,K棒型態：突破確認K｜K線結構：整理後轉強,依原策略執行，技術欄位用於確認節奏與風險。,9.8,A,起漲結構強,20D站上MA20｜MA20走平翻揚｜MA5站上MA10｜接近20日高｜40D平台收斂｜短中均線糾結｜40D低點守住｜接近/站回MA60｜10D動能轉正,平台壓縮後轉強，可優先觀察起漲/試單。,v266.57.9,8.7,A,續強品質強,回檔不破前低｜低點墊高確認｜收盤守MA5｜續強確認：收盤未跌破MA5｜MA5仍在MA10上｜仍站MA20｜10D動能維持,回檔承接尚可，若原策略入選，可優先觀察延續。,v266.57.9,2.3,C,突破觀察,收盤接近高點｜短均多頭,有轉強跡象，但突破品質尚未完全成立。,v266.57.9,GENERIC,0.55,0.5,0.5,10.89,202.0,最後後處理補寫：原分數+結構前置+續強品質+突破品質；不覆蓋原策略,一般,8.93,v266.58.1,2026-05-09 00:25:47,觀察,否,,觀察,0,0,持續觀察,前狀態:nan→今日:觀察,NO,v266.60.2,8.93,30.0,0.0,0.0,0.0,13.013,278.0,20/40/60結構佳｜續強品質佳｜主力佈局語意,主力佈局優先,v266.61,2026-05-09 00:25:50,8.0,洗盤不破承接,無事件,等待下一次確認。,8.651,227,v266.62,2026-05-09 00:25:51,0.0,,NONE,497,-13,AVOID_CHASE,平台收斂｜過熱扣分,240
WATCH,2026-05-08,2026-05-11,2947,振宇五金,ENTRY,PRE,PRE,54.0,WAIT,BLOCK,False,78.7,0.0,0.0,8,波動壓縮 | 均線收斂 | 接近突破 | 結構尚可,BLOCK：超出本市場狀態可執行名額｜v266.57.9：結構：平台壓縮後轉強，可優先觀察起漲/試單。｜續強：回檔承接尚可，若原策略入選，可優先觀察延續。,71.57,,,HIGH,高流動性,9.38,13988.0,1100855600.0,0.0,🟡 普通,50（🟡 普通）,,籌碼普通或資料有限，需搭配技術面確認。,1,部分籌碼資料有限,📉 低信心,,,振宇五金,0.0,0.0,0.0,0.0,0.0,1,0.0,0.0,0.0,0.0,0,TPEX,⚪ 盤整觀望（等待方向）,中低,先觀察，不急進場；等突破、量能或均線方向出現。,2026-05-09 00:25:55,behavior_interpretation,,,,,,,,,,,,,,,,,,,,,,,,,,,,,,,,,,,,,,,,,,,,,,,,,,,,,,,,,,,,,,,,,,,,MA5：依試單節奏判斷,MA20：依試單節奏判斷,,,,,MA10：依試單節奏判斷,MA5：依試單節奏判斷,MA10：依試單節奏判斷,MA20：依試單節奏判斷,突破確認K,整理後轉強,整理後轉強,MA5：依試單節奏判斷｜MA10：依試單節奏判斷｜MA20：依試單節奏判斷｜K棒：突破確認K｜K線：整理後轉強,K棒型態：突破確認K｜K線結構：整理後轉強,依原策略執行，技術欄位用於確認節奏與風險。,10.8,A,起漲結構強,20D站上MA20｜MA20走平翻揚｜MA5站上MA10｜接近20日高｜40D平台收斂｜短中均線糾結｜40D低點守住｜接近/站回MA60｜近5日量縮｜10D動能轉正,平台壓縮後轉強，可優先觀察起漲/試單。,v266.57.9,10.0,A,續強品質強,回檔不破前低｜低點墊高確認｜收盤守MA5｜續強確認：收盤未跌破MA5｜回檔量縮｜MA5仍在MA10上｜仍站MA20｜10D動能維持,回檔承接尚可，若原策略入選，可優先觀察延續。,v266.57.9,,,,,,,GENERIC,0.55,0.5,0.5,10.94,200.0,最後後處理補寫：原分數+結構前置+續強品質+突破品質；不覆蓋原策略,一般,8.971,v266.58.1,2026-05-09 00:25:47,觀察,否,,觀察,0,0,持續觀察,前狀態:nan→今日:觀察,NO,v266.60.2,8.971,30.0,0.0,0.0,0.0,13.017,276.0,20/40/60結構佳｜續強品質佳｜主力佈局語意,主力佈局優先,v266.61,2026-05-09 00:25:50,8.0,洗盤不破承接,無事件,等待下一次確認。,8.68,226,v266.62,2026-05-09 00:25:51,0.0,,NONE,498,-13,AVOID_CHASE,平台收斂｜過熱扣分,241
WATCH,2026-05-08,2026-05-11,6026,福邦證,ENTRY,PRE,PRE,52.0,WAIT,BLOCK,False,16.8,0.0,0.0,8,安靜吸籌 | 放量吸收 | 接近突破 | 結構尚可,BLOCK：超出本市場狀態可執行名額｜v266.57.9：結構：平台壓縮後轉強，可優先觀察起漲/試單。｜續強：回檔承接尚可，若原策略入選，可優先觀察延續。｜突破：尚未形成乾淨突破，不急著升級。,101.83,,,HIGH,高流動性,74.95,5026525.0,84445620000.0,0.0,🟡 普通,50（🟡 普通）,,籌碼普通或資料有限，需搭配技術面確認。,1,部分籌碼資料有限,📉 低信心,,,福邦證,0.0,0.0,0.0,0.0,0.0,1,0.0,0.0,0.0,0.0,0,TPEX,🟡 洗盤吸籌／整理換手（結構未壞）,中高,不急追；等放量突破或站穩 MA10 / MA20 再提高權重。,2026-05-09 00:25:55,behavior_interpretation,,,,,,,,,,,,,,,,,,,,,,,,,,,,,,,,,,,,,,,,,,,,,,,,,,,,,,,,,,,,,,,,,,,,MA5：依試單節奏判斷,MA20：依試單節奏判斷,,,,,MA10：依試單節奏判斷,MA5：依試單節奏判斷,MA10：依試單節奏判斷,MA20：依試單節奏判斷,突破確認K,整理後轉強,整理後轉強,MA5：依試單節奏判斷｜MA10：依試單節奏判斷｜MA20：依試單節奏判斷｜K棒：突破確認K｜K線：整理後轉強,K棒型態：突破確認K｜K線結構：整理後轉強,依原策略執行，技術欄位用於確認節奏與風險。,11.8,A,起漲結構強,20D站上MA20｜MA20走平翻揚｜MA5站上MA10｜接近20日高｜40D平台收斂｜短中均線糾結｜40D低點守住｜接近/站回MA60｜MA60不再下彎｜站回60D區間中上｜10D動能轉正,平台壓縮後轉強，可優先觀察起漲/試單。,v266.57.9,8.7,A,續強品質強,回檔不破前低｜低點墊高確認｜收盤守MA5｜續強確認：收盤未跌破MA5｜MA5仍在MA10上｜仍站MA20｜10D動能維持,回檔承接尚可，若原策略入選，可優先觀察延續。,v266.57.9,0.8,D,突破不足,短均多頭,尚未形成乾淨突破，不急著升級。,v266.57.9,GENERIC,0.55,0.5,0.5,11.24,187.0,最後後處理補寫：原分數+結構前置+續強品質+突破品質；不覆蓋原策略,一般,9.217,v266.58.1,2026-05-09 00:25:47,觀察,否,,觀察,0,0,持續觀察,前狀態:nan→今日:觀察,NO,v266.60.2,9.217,30.0,0.0,0.0,0.0,12.982,300.0,20/40/60結構佳｜續強品質佳｜主力佈局語意,主力佈局優先,v266.61,2026-05-09 00:25:50,8.0,洗盤不破承接,無事件,等待下一次確認。,8.852,210,v266.62,2026-05-09 00:25:51,0.0,,NONE,499,-13,AVOID_CHASE,平台收斂｜過熱扣分,242
TEST,2026-05-08,2026-05-11,6203,海韻電,ENTRY,PRE,PRE,72.0,WAIT,BLOCK,False,68.9,0.0,0.0,3,波動壓縮 | 安靜吸籌 | 均線收斂 | 接近突破 | 結構尚可,BLOCK：超出本市場狀態可執行名額｜v266.57.9：結構：平台壓縮後轉強，可優先觀察起漲/試單。｜續強：回檔承接尚可，若原策略入選，可優先觀察延續。｜突破：尚未形成乾淨突破，不急著升級。,104.81,,,HIGH,高流動性,57.19,629920.0,43401488000.0,4.0,🟢 偏集中,62（🟢 偏集中）,法人偏多,籌碼偏集中但資料有限，可搭配技術面確認，不宜單獨重倉。,1,部分籌碼資料有限,📉 低信心,,,海韻電,2.0,104.0,102.0,208.0,1.0,1,0.0,0.0,0.0,0.0,0,TPEX,🟡 洗盤吸籌／整理換手（結構未壞）,中高,不急追；等放量突破或站穩 MA10 / MA20 再提高權重。,2026-05-09 00:25:55,behavior_interpretation,,,,,,,,,,,,,,,,,,,,,,,,,,,,,,,,,,,,,,,,,,,,,,,,,,,,,,,,,,,,,,,,,,,,MA5：依試單節奏判斷,MA20：依試單節奏判斷,,,,,MA10：依試單節奏判斷,MA5：依試單節奏判斷,MA10：依試單節奏判斷,MA20：依試單節奏判斷,突破確認K,整理後轉強,整理後轉強,MA5：依試單節奏判斷｜MA10：依試單節奏判斷｜MA20：依試單節奏判斷｜K棒：突破確認K｜K線：整理後轉強,K棒型態：突破確認K｜K線結構：整理後轉強,依原策略執行，技術欄位用於確認節奏與風險。,12.0,A,起漲結構強,20D站上MA20｜MA20走平翻揚｜MA5站上MA10｜接近20日高｜40D平台收斂｜短中均線糾結｜40D低點守住｜接近/站回MA60｜MA60不再下彎｜站回60D區間中上｜量縮後溫和放量｜10D動能轉正,平台壓縮後轉強，可優先觀察起漲/試單。,v266.57.9,8.7,A,續強品質強,回檔不破前低｜低點墊高確認｜收盤守MA5｜續強確認：收盤未跌破MA5｜MA5仍在MA10上｜仍站MA20｜10D動能維持,回檔承接尚可，若原策略入選，可優先觀察延續。,v266.57.9,-0.2,D,突破不足,短均多頭｜扣分:收盤位置偏弱,尚未形成乾淨突破，不急著升級。,v266.57.9,GENERIC,0.55,0.5,0.5,10.85,204.0,最後後處理補寫：原分數+結構前置+續強品質+突破品質；不覆蓋原策略,一般,9.617,v266.58.1,2026-05-09 00:25:47,觀察,否,,觀察,0,0,持續觀察,首次追蹤:觀察,NO,v266.60.2,9.617,30.0,0.0,0.0,0.0,13.622,141.0,20/40/60結構佳｜續強品質佳｜主力佈局語意,主力佈局優先,v266.61,2026-05-09 00:25:50,8.0,洗盤不破承接,無事件,等待下一次確認。,9.132,182,v266.62,2026-05-09 00:25:51,0.0,,NONE,484,-13,AVOID_CHASE,平台收斂｜過熱扣分,243
WATCH,2026-05-08,2026-05-11,6922,宸曜,ENTRY,PRE,PRE,58.0,WAIT,BLOCK,False,175.5,0.0,0.0,8,波動壓縮 | 安靜吸籌 | 均線收斂 | 結構尚可,BLOCK：超出本市場狀態可執行名額｜v266.57.9：結構：平台壓縮後轉強，可優先觀察起漲/試單。｜續強：回檔承接尚可，若原策略入選，可優先觀察延續。｜突破：尚未形成乾淨突破，不急著升級。,95.73,,,HIGH,高流動性,55.72,380946.0,66856023000.0,4.0,🟢 偏集中,78（🟢 偏集中）,法人偏多,籌碼偏集中但資料有限，可搭配技術面確認，不宜單獨重倉。,1,部分籌碼資料有限,📉 低信心,,,宸曜,262000.0,10366.0,-251634.0,20732.0,1.0,1,0.0,0.0,0.0,0.0,0,TPEX,🟡 洗盤吸籌／整理換手（結構未壞）,中高,不急追；等放量突破或站穩 MA10 / MA20 再提高權重。,2026-05-09 00:25:55,behavior_interpretation,,,,,,,,,,,,,,,,,,,,,,,,,,,,,,,,,,,,,,,,,,,,,,,,,,,,,,,,,,,,,,,,,,,,MA5：依觀察節奏判斷,MA20：依觀察節奏判斷,,,,,MA10：依觀察節奏判斷,MA5：依觀察節奏判斷,MA10：依觀察節奏判斷,MA20：依觀察節奏判斷,整理觀察K,整理收斂,整理收斂,MA5：依觀察節奏判斷｜MA10：依觀察節奏判斷｜MA20：依觀察節奏判斷｜K棒：整理觀察K｜K線：整理收斂,K棒型態：整理觀察K｜K線結構：整理收斂,依原策略執行，技術欄位用於確認節奏與風險。,12.0,A,起漲結構強,20D站上MA20｜MA20走平翻揚｜MA5站上MA10｜40D平台收斂｜短中均線糾結｜40D低點守住｜接近/站回MA60｜MA60不再下彎｜站回60D區間中上｜量縮後溫和放量｜10D動能轉正,平台壓縮後轉強，可優先觀察起漲/試單。,v266.57.9,8.7,A,續強品質強,回檔不破前低｜低點墊高確認｜收盤守MA5｜續強確認：收盤未跌破MA5｜MA5仍在MA10上｜仍站MA20｜10D動能維持,回檔承接尚可，若原策略入選，可優先觀察延續。,v266.57.9,-0.2,D,突破不足,短均多頭｜扣分:收盤位置偏弱,尚未形成乾淨突破，不急著升級。,v266.57.9,GENERIC,0.55,0.5,0.5,10.85,204.0,最後後處理補寫：原分數+結構前置+續強品質+突破品質；不覆蓋原策略,一般,9.617,v266.58.1,2026-05-09 00:25:47,觀察,否,,觀察,0,0,持續觀察,首次追蹤:觀察,NO,v266.60.2,9.617,30.0,0.0,0.0,0.0,13.202,206.0,20/40/60結構佳｜續強品質佳｜主力佈局語意,主力佈局優先,v266.61,2026-05-09 00:25:50,8.0,洗盤不破承接,無事件,等待下一次確認。,9.132,183,v266.62,2026-05-09 00:25:51,0.0,,NONE,483,-13,AVOID_CHASE,平台收斂｜過熱扣分,244
WATCH,2026-05-08,2026-05-11,3265,台星科,ENTRY,PRE,PRE,54.0,WAIT,BLOCK,False,179.0,0.0,0.0,8,波動壓縮 | 均線收斂 | 接近突破 | 結構尚可,BLOCK：超出本市場狀態可執行名額｜v266.57.9：結構：平台壓縮後轉強，可優先觀察起漲/試單。｜續強：回檔承接尚可，若原策略入選，可優先觀察延續。｜突破：尚未形成乾淨突破，不急著升級。,105.62,,,HIGH,高流動性,82.62,3648652.0,653108708000.0,4.0,🔥 高度集中,85（🔥 高度集中）,法人偏多,籌碼偏集中但資料有限，可搭配技術面確認，不宜單獨重倉。,1,部分籌碼資料有限,📉 低信心,,,,28399.0,174064.0,145665.0,348128.0,1.0,1,0.0,0.0,0.0,0.0,0,TPEX,⚪ 盤整觀望（等待方向）,中低,先觀察，不急進場；等突破、量能或均線方向出現。,2026-05-09 00:25:55,behavior_interpretation,,,,,,,,,,,,,,,,,,,,,,,,,,,,,,,,,,,,,,,,,,,,,,,,,,,,,,,,,,,,,,,,,,,,MA5：依試單節奏判斷,MA20：依試單節奏判斷,,,,,MA10：依試單節奏判斷,MA5：依試單節奏判斷,MA10：依試單節奏判斷,MA20：依試單節奏判斷,突破確認K,整理後轉強,整理後轉強,MA5：依試單節奏判斷｜MA10：依試單節奏判斷｜MA20：依試單節奏判斷｜K棒：突破確認K｜K線：整理後轉強,K棒型態：突破確認K｜K線結構：整理後轉強,依原策略執行，技術欄位用於確認節奏與風險。,10.8,A,起漲結構強,20D站上MA20｜MA20走平翻揚｜MA5站上MA10｜40D平台收斂｜短中均線糾結｜40D低點守住｜接近/站回MA60｜MA60不再下彎｜站回60D區間中上｜10D動能轉正,平台壓縮後轉強，可優先觀察起漲/試單。,v266.57.9,10.0,A,續強品質強,回檔不破前低｜低點墊高確認｜收盤守MA5｜續強確認：收盤未跌破MA5｜回檔量縮｜MA5仍在MA10上｜仍站MA20｜10D動能維持,回檔承接尚可，若原策略入選，可優先觀察延續。,v266.57.9,-0.2,D,突破不足,短均多頭｜扣分:收盤位置偏弱,尚未形成乾淨突破，不急著升級。,v266.57.9,GENERIC,0.55,0.5,0.5,10.84,211.0,最後後處理補寫：原分數+結構前置+續強品質+突破品質；不覆蓋原策略,一般,9.609,v266.58.1,2026-05-09 00:25:47,觀察,否,,觀察,0,0,持續觀察,首次追蹤:觀察,NO,v266.60.2,9.609,30.0,0.0,0.0,0.0,13.081,247.0,20/40/60結構佳｜續強品質佳｜主力佈局語意,主力佈局優先,v266.61,2026-05-09 00:25:50,8.0,洗盤不破承接,無事件,等待下一次確認。,9.126,184,v266.62,2026-05-09 00:25:51,0.0,,NONE,482,-13,AVOID_CHASE,平台收斂｜過熱扣分,245
WATCH,2026-05-08,2026-05-11,2603,長榮,ENTRY,PRE,PRE,54.0,WAIT,BLOCK,False,211.5,0.0,0.0,8,波動壓縮 | 均線收斂 | 接近突破 | 結構尚可,BLOCK：超出本市場狀態可執行名額｜v266.57.9：結構：平台壓縮後轉強，可優先觀察起漲/試單。｜續強：回檔承接尚可，若原策略入選，可優先觀察延續。｜突破：尚未形成乾淨突破，不急著升級。,109.23,,,HIGH,高流動性,92.94,12482776.0,2640107124000.0,4.0,🟢 偏集中,65（🟢 偏集中）,法人偏多,籌碼偏集中但資料有限，可搭配技術面確認，不宜單獨重倉。,1,部分籌碼資料有限,📉 低信心,,,長榮,1614365.0,-89413.0,113000.0,1637952.0,1.0,1,0.0,0.0,0.0,0.0,0,TWSE,⚪ 盤整觀望（等待方向）,中低,先觀察，不急進場；等突破、量能或均線方向出現。,2026-05-09 00:25:55,behavior_interpretation,,,,,,,,,,,,,,,,,,,,,,,,,,,,,,,,,,,,,,,,,,,,,,,,,,,,,,,,,,,,,,,,,,,,MA5：依試單節奏判斷,MA20：依試單節奏判斷,,,,,MA10：依試單節奏判斷,MA5：依試單節奏判斷,MA10：依試單節奏判斷,MA20：依試單節奏判斷,突破確認K,整理後轉強,整理後轉強,MA5：依試單節奏判斷｜MA10：依試單節奏判斷｜MA20：依試單節奏判斷｜K棒：突破確認K｜K線：整理後轉強,K棒型態：突破確認K｜K線結構：整理後轉強,依原策略執行，技術欄位用於確認節奏與風險。,12.0,A,起漲結構強,20D站上MA20｜MA20走平翻揚｜MA5站上MA10｜接近20日高｜40D平台收斂｜短中均線糾結｜40D低點守住｜接近/站回MA60｜MA60不再下彎｜站回60D區間中上｜量縮後溫和放量｜5D動能轉正｜10D動能轉正,平台壓縮後轉強，可優先觀察起漲/試單。,v266.57.9,8.7,A,續強品質強,回檔不破前低｜低點墊高確認｜收盤守MA5｜續強確認：收盤未跌破MA5｜MA5仍在MA10上｜仍站MA20｜10D動能維持,回檔承接尚可，若原策略入選，可優先觀察延續。,v266.57.9,1.0,D,突破不足,量能較前日放大｜短均多頭｜扣分:收盤位置偏弱,尚未形成乾淨突破，不急著升級。,v266.57.9,GENERIC,0.55,0.5,0.5,11.45,166.0,最後後處理補寫：原分數+結構前置+續強品質+突破品質；不覆蓋原策略,一般,10.109,v266.58.1,2026-05-09 00:25:47,觀察,否,,觀察,0,0,持續觀察,前狀態:nan→今日:觀察,NO,v266.60.2,10.109,30.0,0.0,0.0,0.0,13.131,229.0,20/40/60結構佳｜續強品質佳｜主力佈局語意,主力佈局優先,v266.61,2026-05-09 00:25:50,8.0,洗盤不破承接,無事件,等待下一次確認。,9.476,153,v266.62,2026-05-09 00:25:51,0.0,,NONE,481,-13,AVOID_CHASE,平台收斂｜過熱扣分,246
WATCH,2026-05-08,2026-05-11,5011,久陽,ENTRY,PRE,PRE,54.0,WAIT,BLOCK,False,14.6,0.0,0.0,8,波動壓縮 | 均線收斂 | 接近突破 | 結構尚可,BLOCK：超出本市場狀態可執行名額｜v266.57.9：結構：平台壓縮後轉強，可優先觀察起漲/試單。｜續強：回檔承接尚可，若原策略入選，可優先觀察延續。｜突破：尚未形成乾淨突破，不急著升級。,86.35,,,HIGH,高流動性,36.31,305908.0,4466256800.0,4.0,🟢 偏集中,62（🟢 偏集中）,法人偏多,籌碼偏集中但資料有限，可搭配技術面確認，不宜單獨重倉。,1,部分籌碼資料有限,📉 低信心,,,,0.0,237.0,237.0,474.0,1.0,1,0.0,0.0,0.0,0.0,0,TPEX,⚪ 盤整觀望（等待方向）,中低,先觀察，不急進場；等突破、量能或均線方向出現。,2026-05-09 00:25:55,behavior_interpretation,,,,,,,,,,,,,,,,,,,,,,,,,,,,,,,,,,,,,,,,,,,,,,,,,,,,,,,,,,,,,,,,,,,,MA5：依試單節奏判斷,MA20：依試單節奏判斷,,,,,MA10：依試單節奏判斷,MA5：依試單節奏判斷,MA10：依試單節奏判斷,MA20：依試單節奏判斷,突破確認K,整理後轉強,整理後轉強,MA5：依試單節奏判斷｜MA10：依試單節奏判斷｜MA20：依試單節奏判斷｜K棒：突破確認K｜K線：整理後轉強,K棒型態：突破確認K｜K線結構：整理後轉強,依原策略執行，技術欄位用於確認節奏與風險。,11.8,A,起漲結構強,20D站上MA20｜MA20走平翻揚｜MA5站上MA10｜40D平台收斂｜短中均線糾結｜40D低點守住｜接近/站回MA60｜MA60不再下彎｜站回60D區間中上｜近5日量縮｜10D動能轉正,平台壓縮後轉強，可優先觀察起漲/試單。,v266.57.9,10.0,A,續強品質強,回檔不破前低｜低點墊高確認｜收盤守MA5｜續強確認：收盤未跌破MA5｜回檔量縮｜MA5仍在MA10上｜仍站MA20｜10D動能維持,回檔承接尚可，若原策略入選，可優先觀察延續。,v266.57.9,-0.2,D,突破不足,短均多頭｜扣分:收盤位置偏弱,尚未形成乾淨突破，不急著升級。,v266.57.9,GENERIC,0.55,0.5,0.5,11.39,169.0,最後後處理補寫：原分數+結構前置+續強品質+突破品質；不覆蓋原策略,一般,10.06,v266.58.1,2026-05-09 00:25:47,觀察,否,,觀察,0,0,持續觀察,首次追蹤:觀察,NO,v266.60.2,10.06,30.0,0.0,0.0,0.0,13.126,230.0,20/40/60結構佳｜續強品質佳｜主力佈局語意,主力佈局優先,v266.61,2026-05-09 00:25:50,8.0,洗盤不破承接,無事件,等待下一次確認。,9.442,155,v266.62,2026-05-09 00:25:51,0.0,,NONE,479,-13,AVOID_CHASE,平台收斂｜過熱扣分,247
WATCH,2026-05-08,2026-05-11,4523,永彰,ENTRY,PRE,PRE,54.0,WAIT,BLOCK,False,31.0,0.0,0.0,8,波動壓縮 | 均線收斂 | 接近突破 | 結構尚可,BLOCK：超出本市場狀態可執行名額｜v266.57.9：結構：平台壓縮後轉強，可優先觀察起漲/試單。｜續強：回檔承接尚可，若原策略入選，可優先觀察延續。｜突破：尚未形成乾淨突破，不急著升級。,83.5,,,HIGH,高流動性,31.43,158766.0,4921746000.0,0.0,🟡 普通,50（🟡 普通）,,籌碼普通或資料有限，需搭配技術面確認。,1,部分籌碼資料有限,📉 低信心,,,永彰,0.0,0.0,0.0,0.0,0.0,1,0.0,0.0,0.0,0.0,0,TPEX,⚪ 盤整觀望（等待方向）,中低,先觀察，不急進場；等突破、量能或均線方向出現。,2026-05-09 00:25:55,behavior_interpretation,,,,,,,,,,,,,,,,,,,,,,,,,,,,,,,,,,,,,,,,,,,,,,,,,,,,,,,,,,,,,,,,,,,,MA5：依試單節奏判斷,MA20：依試單節奏判斷,,,,,MA10：依試單節奏判斷,MA5：依試單節奏判斷,MA10：依試單節奏判斷,MA20：依試單節奏判斷,突破確認K,整理後轉強,整理後轉強,MA5：依試單節奏判斷｜MA10：依試單節奏判斷｜MA20：依試單節奏判斷｜K棒：突破確認K｜K線：整理後轉強,K棒型態：突破確認K｜K線結構：整理後轉強,依原策略執行，技術欄位用於確認節奏與風險。,11.8,A,起漲結構強,20D站上MA20｜MA20走平翻揚｜MA5站上MA10｜接近20日高｜40D平台收斂｜短中均線糾結｜40D低點守住｜接近/站回MA60｜MA60不再下彎｜近5日量縮｜10D動能轉正,平台壓縮後轉強，可優先觀察起漲/試單。,v266.57.9,10.0,A,續強品質強,回檔不破前低｜低點墊高確認｜收盤守MA5｜續強確認：收盤未跌破MA5｜回檔量縮｜MA5仍在MA10上｜仍站MA20｜10D動能維持,回檔承接尚可，若原策略入選，可優先觀察延續。,v266.57.9,-0.2,D,突破不足,短均多頭｜扣分:收盤位置偏弱,尚未形成乾淨突破，不急著升級。,v266.57.9,GENERIC,0.55,0.5,0.5,11.39,169.0,最後後處理補寫：原分數+結構前置+續強品質+突破品質；不覆蓋原策略,一般,9.34,v266.58.1,2026-05-09 00:25:47,觀察,否,,觀察,0,0,持續觀察,前狀態:nan→今日:觀察,NO,v266.60.2,9.34,30.0,0.0,0.0,0.0,13.054,259.0,20/40/60結構佳｜續強品質佳｜主力佈局語意,主力佈局優先,v266.61,2026-05-09 00:25:50,8.0,洗盤不破承接,無事件,等待下一次確認。,8.938,201,v266.62,2026-05-09 00:25:51,0.0,,NONE,491,-13,AVOID_CHASE,平台收斂｜過熱扣分,248
WATCH,2026-05-08,2026-05-11,2643,捷迅,ENTRY,PRE,PRE,54.0,WAIT,BLOCK,False,67.5,0.0,0.0,8,波動壓縮 | 均線收斂 | 接近突破 | 結構尚可,BLOCK：超出本市場狀態可執行名額｜v266.57.9：結構：平台壓縮後轉強，可優先觀察起漲/試單。｜續強：回檔承接尚可，若原策略入選，可優先觀察延續。｜突破：有轉強跡象，但突破品質尚未完全成立。,72.18,,,HIGH,高流動性,10.26,16643.0,1123402500.0,0.0,🟡 普通,50（🟡 普通）,,籌碼普通或資料有限，需搭配技術面確認。,1,部分籌碼資料有限,📉 低信心,,,捷迅,0.0,0.0,0.0,0.0,0.0,1,0.0,0.0,0.0,0.0,0,TPEX,⚪ 盤整觀望（等待方向）,中低,先觀察，不急進場；等突破、量能或均線方向出現。,2026-05-09 00:25:55,behavior_interpretation,,,,,,,,,,,,,,,,,,,,,,,,,,,,,,,,,,,,,,,,,,,,,,,,,,,,,,,,,,,,,,,,,,,,MA5：依試單節奏判斷,MA20：依試單節奏判斷,,,,,MA10：依試單節奏判斷,MA5：依試單節奏判斷,MA10：依試單節奏判斷,MA20：依試單節奏判斷,突破確認K,整理後轉強,整理後轉強,MA5：依試單節奏判斷｜MA10：依試單節奏判斷｜MA20：依試單節奏判斷｜K棒：突破確認K｜K線：整理後轉強,K棒型態：突破確認K｜K線結構：整理後轉強,依原策略執行，技術欄位用於確認節奏與風險。,7.8,B,起漲結構中,MA5站上MA10｜40D平台收斂｜短中均線糾結｜40D低點守住｜接近/站回MA60｜近5日量縮｜10D動能轉正,平台壓縮後轉強，可優先觀察起漲/試單。,v266.57.9,9.2,A,續強品質強,回檔不破前低｜低點墊高確認｜收盤守MA5｜續強確認：收盤未跌破MA5｜回檔量縮｜MA5仍在MA10上｜10D動能維持,回檔承接尚可，若原策略入選，可優先觀察延續。,v266.57.9,3.8,C,突破觀察,收盤接近高點｜突破近5日高｜短均多頭,有轉強跡象，但突破品質尚未完全成立。,v266.57.9,GENERIC,0.55,0.5,0.5,10.79,213.0,最後後處理補寫：原分數+結構前置+續強品質+突破品質；不覆蓋原策略,一般,8.848,v266.58.1,2026-05-09 00:25:47,觀察,否,,觀察,0,0,持續觀察,前狀態:nan→今日:觀察,NO,v266.60.2,8.848,30.0,0.0,0.0,0.0,13.005,284.0,20/40/60結構佳｜續強品質佳｜主力佈局語意,主力佈局優先,v266.61,2026-05-09 00:25:50,8.0,洗盤不破承接,無事件,等待下一次確認。,8.594,238,v266.62,2026-05-09 00:25:51,0.0,,NONE,486,-13,AVOID_CHASE,平台收斂｜過熱扣分,249
WATCH,2026-05-08,2026-05-11,4938,和碩,ENTRY,PRE,PRE,54.0,WAIT,BLOCK,False,84.4,0.0,0.0,8,波動壓縮 | 均線收斂 | 接近突破 | 結構尚可,BLOCK：超出本市場狀態可執行名額｜v266.57.9：結構：平台壓縮後轉強，可優先觀察起漲/試單。｜續強：回檔承接尚可，若原策略入選，可優先觀察延續。｜突破：尚未形成乾淨突破，不急著升級。,107.99,,,HIGH,高流動性,89.41,10969204.0,925800817600.0,0.0,❌ 極度分散,15（❌ 極度分散）,,籌碼偏弱且資料有限，避免重倉追高。,1,部分籌碼資料有限,📉 低信心,,,和碩,-17248.0,-447258.0,99076.0,-365430.0,0.0,1,0.0,0.0,0.0,0.0,0,TWSE,⚪ 盤整觀望（等待方向）,中低,先觀察，不急進場；等突破、量能或均線方向出現。,2026-05-09 00:25:55,behavior_interpretation,,,,,,,,,,,,,,,,,,,,,,,,,,,,,,,,,,,,,,,,,,,,,,,,,,,,,,,,,,,,,,,,,,,,MA5：依試單節奏判斷,MA20：依試單節奏判斷,,,,,MA10：依試單節奏判斷,MA5：依試單節奏判斷,MA10：依試單節奏判斷,MA20：依試單節奏判斷,突破確認K,整理後轉強,整理後轉強,MA5：依試單節奏判斷｜MA10：依試單節奏判斷｜MA20：依試單節奏判斷｜K棒：突破確認K｜K線：整理後轉強,K棒型態：突破確認K｜K線結構：整理後轉強,依原策略執行，技術欄位用於確認節奏與風險。,12.0,A,起漲結構強,20D站上MA20｜MA20走平翻揚｜接近20日高｜40D平台收斂｜短中均線糾結｜40D低點守住｜接近/站回MA60｜MA60不再下彎｜站回60D區間中上｜近5日量縮｜5D動能轉正｜10D動能轉正,平台壓縮後轉強，可優先觀察起漲/試單。,v266.57.9,9.0,A,續強品質強,回檔不破前低｜低點墊高確認｜收盤守MA5｜續強確認：收盤未跌破MA5｜回檔量縮｜仍站MA20｜10D動能維持,回檔承接尚可，若原策略入選，可優先觀察延續。,v266.57.9,0.5,D,突破不足,突破近5日高｜MA5加速上彎｜扣分:收盤位置偏弱、上影偏長,尚未形成乾淨突破，不急著升級。,v266.57.9,GENERIC,0.55,0.5,0.5,11.35,173.0,最後後處理補寫：原分數+結構前置+續強品質+突破品質；不覆蓋原策略,一般,9.307,v266.58.1,2026-05-09 00:25:47,觀察,否,,觀察,0,0,持續觀察,前狀態:nan→今日:觀察,NO,v266.60.2,9.307,30.0,0.0,0.0,0.0,13.051,260.0,20/40/60結構佳｜續強品質佳｜主力佈局語意,主力佈局優先,v266.61,2026-05-09 00:25:50,8.0,洗盤不破承接,無事件,等待下一次確認。,8.915,203,v266.62,2026-05-09 00:25:51,0.0,,NONE,489,-13,AVOID_CHASE,平台收斂｜過熱扣分,250
WATCH,2026-05-08,2026-05-11,3402,漢科,ENTRY,PRE,PRE,54.0,WAIT,BLOCK,False,139.0,0.0,0.0,8,波動壓縮 | 均線收斂 | 接近突破 | 結構尚可,BLOCK：超出本市場狀態可執行名額｜v266.57.9：結構：平台壓縮後轉強，可優先觀察起漲/試單。｜續強：回檔承接尚可，若原策略入選，可優先觀察延續。｜突破：尚未形成乾淨突破，不急著升級。,102.7,,,HIGH,高流動性,74.29,1888111.0,262447429000.0,4.0,🟢 偏集中,68（🟢 偏集中）,法人偏多,籌碼偏集中但資料有限，可搭配技術面確認，不宜單獨重倉。,1,部分籌碼資料有限,📉 低信心,,,漢科,4930.0,3000.0,-1930.0,6000.0,1.0,1,0.0,0.0,0.0,0.0,0,TPEX,⚪ 盤整觀望（等待方向）,中低,先觀察，不急進場；等突破、量能或均線方向出現。,2026-05-09 00:25:55,behavior_interpretation,,,,,,,,,,,,,,,,,,,,,,,,,,,,,,,,,,,,,,,,,,,,,,,,,,,,,,,,,,,,,,,,,,,,MA5：依試單節奏判斷,MA20：依試單節奏判斷,,,,,MA10：依試單節奏判斷,MA5：依試單節奏判斷,MA10：依試單節奏判斷,MA20：依試單節奏判斷,突破確認K,整理後轉強,整理後轉強,MA5：依試單節奏判斷｜MA10：依試單節奏判斷｜MA20：依試單節奏判斷｜K棒：突破確認K｜K線：整理後轉強,K棒型態：突破確認K｜K線結構：整理後轉強,依原策略執行，技術欄位用於確認節奏與風險。,11.8,A,起漲結構強,20D站上MA20｜MA20走平翻揚｜MA5站上MA10｜接近20日高｜40D平台收斂｜短中均線糾結｜40D低點守住｜接近/站回MA60｜MA60不再下彎｜站回60D區間中上｜10D動能轉正,平台壓縮後轉強，可優先觀察起漲/試單。,v266.57.9,8.7,A,續強品質強,回檔不破前低｜低點墊高確認｜收盤守MA5｜續強確認：收盤未跌破MA5｜MA5仍在MA10上｜仍站MA20｜10D動能維持,回檔承接尚可，若原策略入選，可優先觀察延續。,v266.57.9,-0.2,D,突破不足,短均多頭｜扣分:收盤位置偏弱,尚未形成乾淨突破，不急著升級。,v266.57.9,GENERIC,0.55,0.5,0.5,10.74,221.0,最後後處理補寫：原分數+結構前置+續強品質+突破品質；不覆蓋原策略,一般,9.527,v266.58.1,2026-05-09 00:25:47,觀察,否,,觀察,0,0,持續觀察,首次追蹤:觀察,NO,v266.60.2,9.527,30.0,0.0,0.0,0.0,13.073,249.0,20/40/60結構佳｜續強品質佳｜主力佈局語意,主力佈局優先,v266.61,2026-05-09 00:25:50,8.0,洗盤不破承接,無事件,等待下一次確認。,9.069,190,v266.62,2026-05-09 00:25:51,0.0,,NONE,476,-13,AVOID_CHASE,平台收斂｜過熱扣分,251
TEST,2026-05-08,2026-05-11,4549,桓達,ENTRY,PRE,PRE,72.0,WAIT,BLOCK,False,101.5,0.0,0.0,3,波動壓縮 | 安靜吸籌 | 均線收斂 | 接近突破 | 結構尚可,BLOCK：超出本市場狀態可執行名額｜v266.57.9：結構：平台壓縮後轉強，可優先觀察起漲/試單。｜續強：回檔承接尚可，若原策略入選，可優先觀察延續。｜突破：尚未形成乾淨突破，不急著升級。,105.03,,,HIGH,高流動性,58.23,577515.0,58617772500.0,4.0,🟢 偏集中,64（🟢 偏集中）,法人偏多,籌碼偏集中但資料有限，可搭配技術面確認，不宜單獨重倉。,1,部分籌碼資料有限,📉 低信心,,,桓達,1000.0,934.0,-66.0,1868.0,1.0,1,0.0,0.0,0.0,0.0,0,TPEX,🟡 洗盤吸籌／整理換手（結構未壞）,中高,不急追；等放量突破或站穩 MA10 / MA20 再提高權重。,2026-05-09 00:25:55,behavior_interpretation,,,,,,,,,,,,,,,,,,,,,,,,,,,,,,,,,,,,,,,,,,,,,,,,,,,,,,,,,,,,,,,,,,,,MA5：依試單節奏判斷,MA20：依試單節奏判斷,,,,,MA10：依試單節奏判斷,MA5：依試單節奏判斷,MA10：依試單節奏判斷,MA20：依試單節奏判斷,突破確認K,整理後轉強,整理後轉強,MA5：依試單節奏判斷｜MA10：依試單節奏判斷｜MA20：依試單節奏判斷｜K棒：突破確認K｜K線：整理後轉強,K棒型態：突破確認K｜K線結構：整理後轉強,依原策略執行，技術欄位用於確認節奏與風險。,11.8,A,起漲結構強,20D站上MA20｜MA20走平翻揚｜MA5站上MA10｜40D平台收斂｜短中均線糾結｜40D低點守住｜接近/站回MA60｜站回60D區間中上｜量縮後溫和放量｜10D動能轉正,平台壓縮後轉強，可優先觀察起漲/試單。,v266.57.9,8.7,A,續強品質強,回檔不破前低｜低點墊高確認｜收盤守MA5｜續強確認：收盤未跌破MA5｜MA5仍在MA10上｜仍站MA20｜10D動能維持,回檔承接尚可，若原策略入選，可優先觀察延續。,v266.57.9,-0.2,D,突破不足,短均多頭｜扣分:收盤位置偏弱,尚未形成乾淨突破，不急著升級。,v266.57.9,GENERIC,0.55,0.5,0.5,10.74,221.0,最後後處理補寫：原分數+結構前置+續強品質+突破品質；不覆蓋原策略,一般,9.527,v266.58.1,2026-05-09 00:25:47,觀察,否,,觀察,0,0,持續觀察,前狀態:nan→今日:觀察,NO,v266.60.2,9.527,30.0,0.0,0.0,0.0,13.613,144.0,20/40/60結構佳｜續強品質佳｜主力佈局語意,主力佈局優先,v266.61,2026-05-09 00:25:50,8.0,洗盤不破承接,無事件,等待下一次確認。,9.069,191,v266.62,2026-05-09 00:25:51,0.0,,NONE,475,-13,AVOID_CHASE,平台收斂｜過熱扣分,252
WATCH,2026-05-08,2026-05-11,4304,勝昱,ENTRY,PRE,PRE,54.0,WAIT,BLOCK,False,30.0,0.0,0.0,8,波動壓縮 | 均線收斂 | 接近突破 | 結構尚可,BLOCK：超出本市場狀態可執行名額｜v266.57.9：結構：平台壓縮後轉強，可優先觀察起漲/試單。｜續強：回檔承接尚可，若原策略入選，可優先觀察延續。｜突破：尚未形成乾淨突破，不急著升級。,69.24,,,HIGH,高流動性,5.44,13000.0,390000000.0,4.0,🟢 偏集中,64（🟢 偏集中）,法人偏多,籌碼偏集中但資料有限，可搭配技術面確認，不宜單獨重倉。,1,部分籌碼資料有限,📉 低信心,,,,0.0,1000.0,1000.0,2000.0,1.0,1,0.0,0.0,0.0,0.0,0,TPEX,⚪ 盤整觀望（等待方向）,中低,先觀察，不急進場；等突破、量能或均線方向出現。,2026-05-09 00:25:55,behavior_interpretation,,,,,,,,,,,,,,,,,,,,,,,,,,,,,,,,,,,,,,,,,,,,,,,,,,,,,,,,,,,,,,,,,,,,MA5：依試單節奏判斷,MA20：依試單節奏判斷,,,,,MA10：依試單節奏判斷,MA5：依試單節奏判斷,MA10：依試單節奏判斷,MA20：依試單節奏判斷,突破確認K,整理後轉強,整理後轉強,MA5：依試單節奏判斷｜MA10：依試單節奏判斷｜MA20：依試單節奏判斷｜K棒：突破確認K｜K線：整理後轉強,K棒型態：突破確認K｜K線結構：整理後轉強,依原策略執行，技術欄位用於確認節奏與風險。,11.8,A,起漲結構強,20D站上MA20｜MA20走平翻揚｜MA5站上MA10｜40D平台收斂｜短中均線糾結｜40D低點守住｜接近/站回MA60｜MA60不再下彎｜站回60D區間中上｜近5日量縮｜10D動能轉正,平台壓縮後轉強，可優先觀察起漲/試單。,v266.57.9,8.7,A,續強品質強,回檔不破前低｜低點墊高確認｜收盤守MA5｜續強確認：收盤未跌破MA5｜MA5仍在MA10上｜仍站MA20｜10D動能維持,回檔承接尚可，若原策略入選，可優先觀察延續。,v266.57.9,-0.2,D,突破不足,短均多頭｜扣分:收盤位置偏弱,尚未形成乾淨突破，不急著升級。,v266.57.9,GENERIC,0.55,0.5,0.5,10.74,221.0,最後後處理補寫：原分數+結構前置+續強品質+突破品質；不覆蓋原策略,一般,9.527,v266.58.1,2026-05-09 00:25:47,觀察,否,,觀察,0,0,持續觀察,前狀態:nan→今日:觀察,NO,v266.60.2,9.527,30.0,0.0,0.0,0.0,13.073,249.0,20/40/60結構佳｜續強品質佳｜主力佈局語意,主力佈局優先,v266.61,2026-05-09 00:25:50,8.0,洗盤不破承接,無事件,等待下一次確認。,9.069,192,v266.62,2026-05-09 00:25:51,0.0,,NONE,474,-13,AVOID_CHASE,平台收斂｜過熱扣分,253
WATCH,2026-05-08,2026-05-11,4585,達明,ENTRY,PRE,PRE,54.0,WAIT,BLOCK,False,329.5,0.0,0.0,8,安靜吸籌 | 均線收斂 | 接近突破 | 結構尚可,BLOCK：超出本市場狀態可執行名額｜v266.57.9：結構：平台壓縮後轉強，可優先觀察起漲/試單。｜續強：回檔承接尚可，若原策略入選，可優先觀察延續。｜突破：尚未形成乾淨突破，不急著升級。,97.36,,,HIGH,高流動性,64.53,585354.0,192874143000.0,4.0,🟢 偏集中,75（🟢 偏集中）,法人偏多,籌碼偏集中但資料有限，可搭配技術面確認，不宜單獨重倉。,1,部分籌碼資料有限,📉 低信心,,,,85198.0,0.0,51.0,85249.0,1.0,1,0.0,0.0,0.0,0.0,0,TWSE,🟡 洗盤吸籌／整理換手（結構未壞）,中高,不急追；等放量突破或站穩 MA10 / MA20 再提高權重。,2026-05-09 00:25:55,behavior_interpretation,,,,,,,,,,,,,,,,,,,,,,,,,,,,,,,,,,,,,,,,,,,,,,,,,,,,,,,,,,,,,,,,,,,,MA5：依試單節奏判斷,MA20：依試單節奏判斷,,,,,MA10：依試單節奏判斷,MA5：依試單節奏判斷,MA10：依試單節奏判斷,MA20：依試單節奏判斷,突破確認K,整理後轉強,整理後轉強,MA5：依試單節奏判斷｜MA10：依試單節奏判斷｜MA20：依試單節奏判斷｜K棒：突破確認K｜K線：整理後轉強,K棒型態：突破確認K｜K線結構：整理後轉強,依原策略執行，技術欄位用於確認節奏與風險。,11.6,A,起漲結構強,20D站上MA20｜MA20走平翻揚｜MA5站上MA10｜40D平台收斂｜短中均線糾結｜40D低點守住｜接近/站回MA60｜量縮後溫和放量｜5D動能轉正｜10D動能轉正,平台壓縮後轉強，可優先觀察起漲/試單。,v266.57.9,8.7,A,續強品質強,回檔不破前低｜低點墊高確認｜收盤守MA5｜續強確認：收盤未跌破MA5｜MA5仍在MA10上｜仍站MA20｜10D動能維持,回檔承接尚可，若原策略入選，可優先觀察延續。,v266.57.9,-0.2,D,突破不足,短均多頭｜扣分:收盤位置偏弱,尚未形成乾淨突破，不急著升級。,v266.57.9,GENERIC,0.55,0.5,0.5,10.63,232.0,最後後處理補寫：原分數+結構前置+續強品質+突破品質；不覆蓋原策略,一般,9.437,v266.58.1,2026-05-09 00:25:47,觀察,否,,觀察,0,0,持續觀察,首次追蹤:觀察,NO,v266.60.2,9.437,30.0,0.0,0.0,0.0,13.064,254.0,20/40/60結構佳｜續強品質佳｜主力佈局語意,主力佈局優先,v266.61,2026-05-09 00:25:50,8.0,洗盤不破承接,無事件,等待下一次確認。,9.006,195,v266.62,2026-05-09 00:25:51,0.0,,NONE,471,-13,AVOID_CHASE,平台收斂｜過熱扣分,254
WATCH,2026-05-08,2026-05-11,2615,萬海,ENTRY,PRE,PRE,54.0,WAIT,BLOCK,False,76.5,0.0,0.0,8,波動壓縮 | 均線收斂 | 接近突破 | 結構尚可,BLOCK：超出本市場狀態可執行名額｜v266.57.9：結構：平台壓縮後轉強，可優先觀察起漲/試單。｜續強：回檔承接尚可，若原策略入選，可優先觀察延續。｜突破：尚未形成乾淨突破，不急著升級。,106.85,,,HIGH,高流動性,86.13,7766212.0,594115218000.0,0.0,❌ 極度分散,15（❌ 極度分散）,,籌碼偏弱且資料有限，避免重倉追高。,1,部分籌碼資料有限,📉 低信心,,,萬海,-962148.0,-6737.0,51360.0,-917525.0,0.0,1,0.0,0.0,0.0,0.0,0,TWSE,⚪ 盤整觀望（等待方向）,中低,先觀察，不急進場；等突破、量能或均線方向出現。,2026-05-09 00:25:55,behavior_interpretation,,,,,,,,,,,,,,,,,,,,,,,,,,,,,,,,,,,,,,,,,,,,,,,,,,,,,,,,,,,,,,,,,,,,MA5：依試單節奏判斷,MA20：依試單節奏判斷,,,,,MA10：依試單節奏判斷,MA5：依試單節奏判斷,MA10：依試單節奏判斷,MA20：依試單節奏判斷,突破確認K,整理後轉強,整理後轉強,MA5：依試單節奏判斷｜MA10：依試單節奏判斷｜MA20：依試單節奏判斷｜K棒：突破確認K｜K線：整理後轉強,K棒型態：突破確認K｜K線結構：整理後轉強,依原策略執行，技術欄位用於確認節奏與風險。,9.6,A,起漲結構強,20D站上MA20｜MA5站上MA10｜40D平台收斂｜短中均線糾結｜40D低點守住｜接近/站回MA60｜MA60不再下彎｜5D動能轉正｜10D動能轉正,平台壓縮後轉強，可優先觀察起漲/試單。,v266.57.9,10.0,A,續強品質強,回檔不破前低｜低點墊高確認｜收盤守MA5｜續強確認：收盤未跌破MA5｜回檔量縮｜MA5仍在MA10上｜仍站MA20｜10D動能維持,回檔承接尚可，若原策略入選，可優先觀察延續。,v266.57.9,1.0,D,突破不足,量能較前日放大｜短均多頭｜扣分:收盤位置偏弱,尚未形成乾淨突破，不急著升級。,v266.57.9,GENERIC,0.55,0.5,0.5,10.78,219.0,最後後處理補寫：原分數+結構前置+續強品質+突破品質；不覆蓋原策略,一般,8.84,v266.58.1,2026-05-09 00:25:47,觀察,否,,觀察,0,0,持續觀察,前狀態:nan→今日:觀察,NO,v266.60.2,8.84,30.0,0.0,0.0,0.0,13.004,288.0,20/40/60結構佳｜續強品質佳｜主力佈局語意,主力佈局優先,v266.61,2026-05-09 00:25:50,8.0,洗盤不破承接,無事件,等待下一次確認。,8.588,239,v266.62,2026-05-09 00:25:51,0.0,,NONE,470,-13,AVOID_CHASE,平台收斂｜過熱扣分,255
TEST,2026-05-08,2026-05-11,3717,聯嘉投控,ENTRY,PRE,PRE,68.0,WAIT,BLOCK,False,24.05,0.0,0.0,3,安靜吸籌 | 均線收斂 | 放量吸收 | 接近突破 | 結構尚可,BLOCK：超出本市場狀態可執行名額｜v266.57.9：結構：平台壓縮後轉強，可優先觀察起漲/試單。｜續強：回檔承接尚可，若原策略入選，可優先觀察延續。｜突破：有轉強跡象，但突破品質尚未完全成立。,112.45,,,HIGH,高流動性,80.13,6716856.0,161540386800.0,0.0,⚠️ 分散,25（⚠️ 分散）,,籌碼偏弱且資料有限，避免重倉追高。,1,部分籌碼資料有限,📉 低信心,,,,-48000.0,0.0,0.0,-48000.0,0.0,1,0.0,0.0,0.0,0.0,0,TWSE,🟡 洗盤吸籌／整理換手（結構未壞）,中高,不急追；等放量突破或站穩 MA10 / MA20 再提高權重。,2026-05-09 00:25:55,behavior_interpretation,,,,,,,,,,,,,,,,,,,,,,,,,,,,,,,,,,,,,,,,,,,,,,,,,,,,,,,,,,,,,,,,,,,,MA5：依試單節奏判斷,MA20：依試單節奏判斷,,,,,MA10：依試單節奏判斷,MA5：依試單節奏判斷,MA10：依試單節奏判斷,MA20：依試單節奏判斷,突破確認K,整理後轉強,整理後轉強,MA5：依試單節奏判斷｜MA10：依試單節奏判斷｜MA20：依試單節奏判斷｜K棒：突破確認K｜K線：整理後轉強,K棒型態：突破確認K｜K線結構：整理後轉強,依原策略執行，技術欄位用於確認節奏與風險。,11.1,A,起漲結構強,20D站上MA20｜MA20走平翻揚｜MA5站上MA10｜接近20日高｜40D平台收斂｜短中均線糾結｜40D低點守住｜接近/站回MA60｜MA60不再下彎｜站回60D區間中上｜5D動能轉正｜10D動能轉正｜扣分:單日爆量偏高,平台壓縮後轉強，可優先觀察起漲/試單。,v266.57.9,8.7,A,續強品質強,回檔不破前低｜低點墊高確認｜收盤守MA5｜續強確認：收盤未跌破MA5｜MA5仍在MA10上｜仍站MA20｜10D動能維持,回檔承接尚可，若原策略入選，可優先觀察延續。,v266.57.9,2.0,C,突破觀察,量能較前日放大｜短均多頭,有轉強跡象，但突破品質尚未完全成立。,v266.57.9,GENERIC,0.55,0.5,0.5,11.455,165.0,最後後處理補寫：原分數+結構前置+續強品質+突破品質；不覆蓋原策略,一般,9.393,v266.58.1,2026-05-09 00:25:47,觀察,否,,觀察,0,0,持續觀察,前狀態:nan→今日:觀察,NO,v266.60.2,9.393,30.0,0.0,0.0,0.0,13.479,169.0,20/40/60結構佳｜續強品質佳｜主力佈局語意,主力佈局優先,v266.61,2026-05-09 00:25:50,8.0,洗盤不破承接,無事件,等待下一次確認。,8.975,197,v266.62,2026-05-09 00:25:51,0.0,,NONE,469,-13,AVOID_CHASE,平台收斂｜過熱扣分,256
TEST,2026-05-08,2026-05-11,5215,科嘉-KY,ENTRY,PRE,PRE,68.0,WAIT,BLOCK,False,38.35,0.0,0.0,3,安靜吸籌 | 均線收斂 | 放量吸收 | 接近突破 | 結構尚可,BLOCK：超出本市場狀態可執行名額｜v266.57.9：結構：平台壓縮後轉強，可優先觀察起漲/試單。｜續強：回檔承接尚可，若原策略入選，可優先觀察延續。｜突破：尚未形成乾淨突破，不急著升級。,91.21,,,HIGH,高流動性,31.83,146941.0,5635187350.000001,0.0,⚠️ 分散,36（⚠️ 分散）,,籌碼普通或資料有限，需搭配技術面確認。,1,部分籌碼資料有限,📉 低信心,,,科嘉-KY,-13000.0,0.0,0.0,-13000.0,0.0,1,0.0,0.0,0.0,0.0,0,TWSE,🟡 洗盤吸籌／整理換手（結構未壞）,中高,不急追；等放量突破或站穩 MA10 / MA20 再提高權重。,2026-05-09 00:25:55,behavior_interpretation,,,,,,,,,,,,,,,,,,,,,,,,,,,,,,,,,,,,,,,,,,,,,,,,,,,,,,,,,,,,,,,,,,,,MA5：依試單節奏判斷,MA20：依試單節奏判斷,,,,,MA10：依試單節奏判斷,MA5：依試單節奏判斷,MA10：依試單節奏判斷,MA20：依試單節奏判斷,突破確認K,整理後轉強,整理後轉強,MA5：依試單節奏判斷｜MA10：依試單節奏判斷｜MA20：依試單節奏判斷｜K棒：突破確認K｜K線：整理後轉強,K棒型態：突破確認K｜K線結構：整理後轉強,依原策略執行，技術欄位用於確認節奏與風險。,12.0,A,起漲結構強,20D站上MA20｜MA20走平翻揚｜MA5站上MA10｜40D平台收斂｜短中均線糾結｜40D低點守住｜接近/站回MA60｜MA60不再下彎｜站回60D區間中上｜量縮後溫和放量｜5D動能轉正｜10D動能轉正,平台壓縮後轉強，可優先觀察起漲/試單。,v266.57.9,8.7,A,續強品質強,回檔不破前低｜低點墊高確認｜收盤守MA5｜續強確認：收盤未跌破MA5｜MA5仍在MA10上｜仍站MA20｜10D動能維持,回檔承接尚可，若原策略入選，可優先觀察延續。,v266.57.9,1.0,D,突破不足,量能較前日放大｜短均多頭｜扣分:收盤位置偏弱,尚未形成乾淨突破，不急著升級。,v266.57.9,GENERIC,0.55,0.5,0.5,11.45,166.0,最後後處理補寫：原分數+結構前置+續強品質+突破品質；不覆蓋原策略,一般,9.389,v266.58.1,2026-05-09 00:25:47,觀察,否,,觀察,0,0,持續觀察,前狀態:nan→今日:觀察,NO,v266.60.2,9.389,30.0,0.0,0.0,0.0,13.479,169.0,20/40/60結構佳｜續強品質佳｜主力佈局語意,主力佈局優先,v266.61,2026-05-09 00:25:50,8.0,洗盤不破承接,無事件,等待下一次確認。,8.972,198,v266.62,2026-05-09 00:25:51,0.0,,NONE,468,-13,AVOID_CHASE,平台收斂｜過熱扣分,257
WATCH,2026-05-08,2026-05-11,9911,櫻花,ENTRY,PRE,PRE,54.0,WAIT,BLOCK,False,83.2,0.0,0.0,8,波動壓縮 | 均線收斂 | 接近突破 | 結構尚可,BLOCK：超出本市場狀態可執行名額｜v266.57.9：結構：平台壓縮後轉強，可優先觀察起漲/試單。｜續強：回檔承接尚可，若原策略入選，可優先觀察延續。｜突破：尚未形成乾淨突破，不急著升級。,89.56,,,HIGH,高流動性,46.21,264735.0,22025952000.0,4.0,🟢 偏集中,65（🟢 偏集中）,法人偏多,籌碼偏集中但資料有限，可搭配技術面確認，不宜單獨重倉。,1,部分籌碼資料有限,📉 低信心,,,,91000.0,-35000.0,3000.0,59000.0,1.0,1,0.0,0.0,0.0,0.0,0,TWSE,⚪ 盤整觀望（等待方向）,中低,先觀察，不急進場；等突破、量能或均線方向出現。,2026-05-09 00:25:55,behavior_interpretation,,,,,,,,,,,,,,,,,,,,,,,,,,,,,,,,,,,,,,,,,,,,,,,,,,,,,,,,,,,,,,,,,,,,MA5：依試單節奏判斷,MA20：依試單節奏判斷,,,,,MA10：依試單節奏判斷,MA5：依試單節奏判斷,MA10：依試單節奏判斷,MA20：依試單節奏判斷,突破確認K,整理後轉強,整理後轉強,MA5：依試單節奏判斷｜MA10：依試單節奏判斷｜MA20：依試單節奏判斷｜K棒：突破確認K｜K線：整理後轉強,K棒型態：突破確認K｜K線結構：整理後轉強,依原策略執行，技術欄位用於確認節奏與風險。,9.6,A,起漲結構強,MA5站上MA10｜接近20日高｜40D平台收斂｜短中均線糾結｜40D低點守住｜接近/站回MA60｜MA60不再下彎｜5D動能轉正｜10D動能轉正,平台壓縮後轉強，可優先觀察起漲/試單。,v266.57.9,9.2,A,續強品質強,回檔不破前低｜低點墊高確認｜收盤守MA5｜續強確認：收盤未跌破MA5｜回檔量縮｜MA5仍在MA10上｜10D動能維持,回檔承接尚可，若原策略入選，可優先觀察延續。,v266.57.9,1.3,D,突破不足,突破近5日高｜短均多頭｜扣分:收盤位置偏弱,尚未形成乾淨突破，不急著升級。,v266.57.9,GENERIC,0.55,0.5,0.5,10.53,241.0,最後後處理補寫：原分數+結構前置+續強品質+突破品質；不覆蓋原策略,一般,9.355,v266.58.1,2026-05-09 00:25:47,觀察,否,,觀察,0,0,持續觀察,前狀態:nan→今日:觀察,NO,v266.60.2,9.355,30.0,0.0,0.0,0.0,13.056,258.0,20/40/60結構佳｜續強品質佳｜主力佈局語意,主力佈局優先,v266.61,2026-05-09 00:25:50,8.0,洗盤不破承接,無事件,等待下一次確認。,8.948,200,v266.62,2026-05-09 00:25:51,0.0,,NONE,466,-13,AVOID_CHASE,平台收斂｜過熱扣分,258
WATCH,2026-05-08,2026-05-11,4126,太醫,ENTRY,PRE,PRE,54.0,WAIT,BLOCK,False,79.8,0.0,0.0,8,波動壓縮 | 均線收斂 | 接近突破 | 結構尚可,BLOCK：超出本市場狀態可執行名額｜v266.57.9：結構：平台壓縮後轉強，可優先觀察起漲/試單。｜續強：回檔承接尚可，若原策略入選，可優先觀察延續。｜突破：尚未形成乾淨突破，不急著升級。,73.35,,,HIGH,高流動性,12.73,19854.0,1584349200.0,0.0,🟡 普通,50（🟡 普通）,,籌碼普通或資料有限，需搭配技術面確認。,1,部分籌碼資料有限,📉 低信心,,,太醫,0.0,0.0,0.0,0.0,0.0,1,0.0,0.0,0.0,0.0,0,TPEX,⚪ 盤整觀望（等待方向）,中低,先觀察，不急進場；等突破、量能或均線方向出現。,2026-05-09 00:25:55,behavior_interpretation,,,,,,,,,,,,,,,,,,,,,,,,,,,,,,,,,,,,,,,,,,,,,,,,,,,,,,,,,,,,,,,,,,,,MA5：依試單節奏判斷,MA20：依試單節奏判斷,,,,,MA10：依試單節奏判斷,MA5：依試單節奏判斷,MA10：依試單節奏判斷,MA20：依試單節奏判斷,突破確認K,整理後轉強,整理後轉強,MA5：依試單節奏判斷｜MA10：依試單節奏判斷｜MA20：依試單節奏判斷｜K棒：突破確認K｜K線：整理後轉強,K棒型態：突破確認K｜K線結構：整理後轉強,依原策略執行，技術欄位用於確認節奏與風險。,8.8,A,起漲結構強,MA5站上MA10｜接近20日高｜40D平台收斂｜短中均線糾結｜40D低點守住｜接近/站回MA60｜近5日量縮｜10D動能轉正,平台壓縮後轉強，可優先觀察起漲/試單。,v266.57.9,9.2,A,續強品質強,回檔不破前低｜低點墊高確認｜收盤守MA5｜續強確認：收盤未跌破MA5｜回檔量縮｜MA5仍在MA10上｜10D動能維持,回檔承接尚可，若原策略入選，可優先觀察延續。,v266.57.9,-0.2,D,突破不足,短均多頭｜扣分:收盤位置偏弱,尚未形成乾淨突破，不急著升級。,v266.57.9,GENERIC,0.55,0.5,0.5,9.34,327.0,最後後處理補寫：原分數+結構前置+續強品質+突破品質；不覆蓋原策略,一般,7.659,v266.58.1,2026-05-09 00:25:47,觀察,否,,觀察,0,0,持續觀察,前狀態:nan→今日:觀察,NO,v266.60.2,7.659,30.0,0.0,0.0,0.0,12.886,346.0,20/40/60結構佳｜續強品質佳｜主力佈局語意,主力佈局優先,v266.61,2026-05-09 00:25:50,8.0,洗盤不破承接,無事件,等待下一次確認。,7.761,323,v266.62,2026-05-09 00:25:51,0.0,,NONE,158,-13,AVOID_CHASE,平台收斂｜過熱扣分,259
WATCH,2026-05-08,2026-05-11,6841,長佳智能,ENTRY,PRE,PRE,54.0,WAIT,BLOCK,False,61.6,0.0,0.0,8,波動壓縮 | 均線收斂 | 接近突破 | 結構尚可,BLOCK：超出本市場狀態可執行名額｜v266.57.9：結構：平台壓縮後轉強，可優先觀察起漲/試單。｜續強：回檔承接尚可，若原策略入選，可優先觀察延續。｜突破：尚未形成乾淨突破，不急著升級。,86.88,,,HIGH,高流動性,39.89,201398.0,12406116800.0,4.0,🟢 偏集中,62（🟢 偏集中）,法人偏多,籌碼偏集中但資料有限，可搭配技術面確認，不宜單獨重倉。,1,部分籌碼資料有限,📉 低信心,,,長佳智能,163.0,120.0,-43.0,240.0,1.0,1,0.0,0.0,0.0,0.0,0,TPEX,⚪ 盤整觀望（等待方向）,中低,先觀察，不急進場；等突破、量能或均線方向出現。,2026-05-09 00:25:55,behavior_interpretation,,,,,,,,,,,,,,,,,,,,,,,,,,,,,,,,,,,,,,,,,,,,,,,,,,,,,,,,,,,,,,,,,,,,MA5：依試單節奏判斷,MA20：依試單節奏判斷,,,,,MA10：依試單節奏判斷,MA5：依試單節奏判斷,MA10：依試單節奏判斷,MA20：依試單節奏判斷,突破確認K,整理後轉強,整理後轉強,MA5：依試單節奏判斷｜MA10：依試單節奏判斷｜MA20：依試單節奏判斷｜K棒：突破確認K｜K線：整理後轉強,K棒型態：突破確認K｜K線結構：整理後轉強,依原策略執行，技術欄位用於確認節奏與風險。,9.8,A,起漲結構強,20D站上MA20｜MA20走平翻揚｜MA5站上MA10｜接近20日高｜40D平台收斂｜短中均線糾結｜40D低點守住｜接近/站回MA60｜10D動能轉正,平台壓縮後轉強，可優先觀察起漲/試單。,v266.57.9,10.0,A,續強品質強,回檔不破前低｜低點墊高確認｜收盤守MA5｜續強確認：收盤未跌破MA5｜回檔量縮｜MA5仍在MA10上｜仍站MA20｜10D動能維持,回檔承接尚可，若原策略入選，可優先觀察延續。,v266.57.9,0.8,D,突破不足,短均多頭,尚未形成乾淨突破，不急著升級。,v266.57.9,GENERIC,0.55,0.5,0.5,10.79,213.0,最後後處理補寫：原分數+結構前置+續強品質+突破品質；不覆蓋原策略,一般,9.568,v266.58.1,2026-05-09 00:25:47,觀察,否,,觀察,0,0,持續觀察,前狀態:nan→今日:觀察,NO,v266.60.2,9.568,30.0,0.0,0.0,0.0,13.077,248.0,20/40/60結構佳｜續強品質佳｜主力佈局語意,主力佈局優先,v266.61,2026-05-09 00:25:50,8.0,洗盤不破承接,無事件,等待下一次確認。,9.098,186,v266.62,2026-05-09 00:25:51,0.0,,NONE,506,-13,AVOID_CHASE,平台收斂｜過熱扣分,260
WATCH,2026-05-08,2026-05-11,1319,東陽,ENTRY,PRE,PRE,62.0,WAIT,BLOCK,False,80.2,0.0,0.0,8,安靜吸籌 | 均線收斂 | 放量吸收 | 接近突破,BLOCK：超出本市場狀態可執行名額｜v266.57.9：結構：平台壓縮後轉強，可優先觀察起漲/試單。｜續強：回檔承接尚可，若原策略入選，可優先觀察延續。｜突破：有轉強跡象，但突破品質尚未完全成立。,109.77,,,HIGH,高流動性,81.91,4910456.0,393818571200.0,4.0,⚠️ 分散,35（⚠️ 分散）,法人偏多,籌碼普通或資料有限，需搭配技術面確認。,1,部分籌碼資料有限,📉 低信心,,,東陽,-1016100.0,110302.0,33000.0,-872798.0,0.0,1,0.0,0.0,0.0,0.0,0,TWSE,🟡 洗盤吸籌／整理換手（結構未壞）,中高,不急追；等放量突破或站穩 MA10 / MA20 再提高權重。,2026-05-09 00:25:55,behavior_interpretation,,,,,,,,,,,,,,,,,,,,,,,,,,,,,,,,,,,,,,,,,,,,,,,,,,,,,,,,,,,,,,,,,,,,MA5：依試單節奏判斷,MA20：依試單節奏判斷,,,,,MA10：依試單節奏判斷,MA5：依試單節奏判斷,MA10：依試單節奏判斷,MA20：依試單節奏判斷,突破確認K,整理後轉強,整理後轉強,MA5：依試單節奏判斷｜MA10：依試單節奏判斷｜MA20：依試單節奏判斷｜K棒：突破確認K｜K線：整理後轉強,K棒型態：突破確認K｜K線結構：整理後轉強,依原策略執行，技術欄位用於確認節奏與風險。,9.6,A,起漲結構強,20D站上MA20｜MA5站上MA10｜接近20日高｜40D平台收斂｜短中均線糾結｜量縮後溫和放量｜5D動能轉正｜10D動能轉正,平台壓縮後轉強，可優先觀察起漲/試單。,v266.57.9,8.7,A,續強品質強,回檔不破前低｜低點墊高確認｜收盤守MA5｜續強確認：收盤未跌破MA5｜MA5仍在MA10上｜仍站MA20｜10D動能維持,回檔承接尚可，若原策略入選，可優先觀察延續。,v266.57.9,2.3,C,突破觀察,突破近5日高｜短均多頭,有轉強跡象，但突破品質尚未完全成立。,v266.57.9,GENERIC,0.55,0.5,0.5,10.78,219.0,最後後處理補寫：原分數+結構前置+續強品質+突破品質；不覆蓋原策略,一般,9.56,v266.58.1,2026-05-09 00:25:47,觀察,否,,觀察,0,0,持續觀察,首次追蹤:觀察,NO,v266.60.2,9.56,30.0,0.0,0.0,0.0,13.316,188.0,20/40/60結構佳｜續強品質佳｜主力佈局語意,主力佈局優先,v266.61,2026-05-09 00:25:50,8.0,洗盤不破承接,無事件,等待下一次確認。,9.092,187,v266.62,2026-05-09 00:25:51,0.0,,NONE,505,-13,AVOID_CHASE,平台收斂｜過熱扣分,261
TEST,2026-05-08,2026-05-11,6844,諾貝兒,ENTRY,PRE,PRE,72.0,WAIT,BLOCK,False,64.0,0.0,0.0,3,波動壓縮 | 安靜吸籌 | 均線收斂 | 接近突破 | 結構尚可,BLOCK：超出本市場狀態可執行名額｜v266.57.9：結構：平台壓縮後轉強，可優先觀察起漲/試單。｜續強：回檔承接尚可，若原策略入選，可優先觀察延續。｜突破：有轉強跡象，但突破品質尚未完全成立。,83.7,,,HIGH,高流動性,13.06,24143.0,1545152000.0,0.0,🟡 普通,50（🟡 普通）,,籌碼普通或資料有限，需搭配技術面確認。,0,法人/融資資料有限,📉 低信心,,,諾貝兒,0.0,0.0,0.0,0.0,0.0,0,0.0,0.0,0.0,0.0,0,,🟡 洗盤吸籌／整理換手（結構未壞）,中高,不急追；等放量突破或站穩 MA10 / MA20 再提高權重。,2026-05-09 00:25:55,behavior_interpretation,,,,,,,,,,,,,,,,,,,,,,,,,,,,,,,,,,,,,,,,,,,,,,,,,,,,,,,,,,,,,,,,,,,,MA5：依試單節奏判斷,MA20：依試單節奏判斷,,,,,MA10：依試單節奏判斷,MA5：依試單節奏判斷,MA10：依試單節奏判斷,MA20：依試單節奏判斷,突破確認K,整理後轉強,整理後轉強,MA5：依試單節奏判斷｜MA10：依試單節奏判斷｜MA20：依試單節奏判斷｜K棒：突破確認K｜K線：整理後轉強,K棒型態：突破確認K｜K線結構：整理後轉強,依原策略執行，技術欄位用於確認節奏與風險。,9.8,A,起漲結構強,20D站上MA20｜MA20走平翻揚｜MA5站上MA10｜接近20日高｜40D平台收斂｜短中均線糾結｜40D低點守住｜接近/站回MA60｜10D動能轉正,平台壓縮後轉強，可優先觀察起漲/試單。,v266.57.9,8.7,A,續強品質強,回檔不破前低｜低點墊高確認｜收盤守MA5｜續強確認：收盤未跌破MA5｜MA5仍在MA10上｜仍站MA20｜10D動能維持,回檔承接尚可，若原策略入選，可優先觀察延續。,v266.57.9,3.8,C,突破觀察,收盤接近高點｜突破近5日高｜短均多頭,有轉強跡象，但突破品質尚未完全成立。,v266.57.9,GENERIC,0.55,0.5,0.5,11.64,158.0,最後後處理補寫：原分數+結構前置+續強品質+突破品質；不覆蓋原策略,一般,9.545,v266.58.1,2026-05-09 00:25:47,觀察,否,,觀察,0,0,持續觀察,前狀態:nan→今日:觀察,NO,v266.60.2,9.545,30.0,0.0,0.0,0.0,13.614,143.0,20/40/60結構佳｜續強品質佳｜主力佈局語意,主力佈局優先,v266.61,2026-05-09 00:25:50,8.0,洗盤不破承接,無事件,等待下一次確認。,9.082,188,v266.62,2026-05-09 00:25:51,0.0,,NONE,504,-13,AVOID_CHASE,平台收斂｜過熱扣分,262
WATCH,2026-05-08,2026-05-11,7642,昶瑞機電,ENTRY,PRE,PRE,54.0,WAIT,BLOCK,False,73.4,0.0,0.0,8,安靜吸籌 | 均線收斂 | 接近突破 | 結構尚可,BLOCK：超出本市場狀態可執行名額｜v266.57.9：結構：平台壓縮後轉強，可優先觀察起漲/試單。｜續強：回檔承接尚可，若原策略入選，可優先觀察延續。｜突破：尚未形成乾淨突破，不急著升級。,84.35,,,HIGH,高流動性,34.78,131346.0,9640796400.0,4.0,🟢 偏集中,62（🟢 偏集中）,法人偏多,籌碼偏集中但資料有限，可搭配技術面確認，不宜單獨重倉。,1,部分籌碼資料有限,📉 低信心,,,,0.0,11.0,11.0,22.0,1.0,1,0.0,0.0,0.0,0.0,0,TPEX,🟡 洗盤吸籌／整理換手（結構未壞）,中高,不急追；等放量突破或站穩 MA10 / MA20 再提高權重。,2026-05-09 00:25:55,behavior_interpretation,,,,,,,,,,,,,,,,,,,,,,,,,,,,,,,,,,,,,,,,,,,,,,,,,,,,,,,,,,,,,,,,,,,,MA5：依試單節奏判斷,MA20：依試單節奏判斷,,,,,MA10：依試單節奏判斷,MA5：依試單節奏判斷,MA10：依試單節奏判斷,MA20：依試單節奏判斷,突破確認K,整理後轉強,整理後轉強,MA5：依試單節奏判斷｜MA10：依試單節奏判斷｜MA20：依試單節奏判斷｜K棒：突破確認K｜K線：整理後轉強,K棒型態：突破確認K｜K線結構：整理後轉強,依原策略執行，技術欄位用於確認節奏與風險。,11.8,A,起漲結構強,20D站上MA20｜MA20走平翻揚｜MA5站上MA10｜接近20日高｜40D平台收斂｜短中均線糾結｜40D低點守住｜接近/站回MA60｜量縮後溫和放量｜10D動能轉正,平台壓縮後轉強，可優先觀察起漲/試單。,v266.57.9,8.7,A,續強品質強,回檔不破前低｜低點墊高確認｜收盤守MA5｜續強確認：收盤未跌破MA5｜MA5仍在MA10上｜仍站MA20｜10D動能維持,回檔承接尚可，若原策略入選，可優先觀察延續。,v266.57.9,-0.2,D,突破不足,短均多頭｜扣分:收盤位置偏弱,尚未形成乾淨突破，不急著升級。,v266.57.9,GENERIC,0.55,0.5,0.5,10.74,221.0,最後後處理補寫：原分數+結構前置+續強品質+突破品質；不覆蓋原策略,一般,9.527,v266.58.1,2026-05-09 00:25:47,觀察,否,,觀察,0,0,持續觀察,前狀態:nan→今日:觀察,NO,v266.60.2,9.527,30.0,0.0,0.0,0.0,13.073,249.0,20/40/60結構佳｜續強品質佳｜主力佈局語意,主力佈局優先,v266.61,2026-05-09 00:25:50,8.0,洗盤不破承接,無事件,等待下一次確認。,9.069,189,v266.62,2026-05-09 00:25:51,0.0,,NONE,503,-13,AVOID_CHASE,平台收斂｜過熱扣分,263
WATCH,2026-05-08,2026-05-11,2204,中華,ENTRY,PRE,PRE,54.0,WAIT,BLOCK,False,54.4,0.0,0.0,8,波動壓縮 | 均線收斂 | 接近突破 | 結構尚可,BLOCK：超出本市場狀態可執行名額｜v266.57.9：結構：平台壓縮後轉強，可優先觀察起漲/試單。｜續強：回檔承接尚可，若原策略入選，可優先觀察延續。｜突破：尚未形成乾淨突破，不急著升級。,97.11,,,HIGH,高流動性,61.41,951391.0,51755670400.0,4.0,⚠️ 分散,35（⚠️ 分散）,法人偏多,籌碼普通或資料有限，需搭配技術面確認。,1,部分籌碼資料有限,📉 低信心,,,中華,-265000.0,217524.0,0.0,-47476.0,0.0,1,0.0,0.0,0.0,0.0,0,TWSE,⚪ 盤整觀望（等待方向）,中低,先觀察，不急進場；等突破、量能或均線方向出現。,2026-05-09 00:25:55,behavior_interpretation,,,,,,,,,,,,,,,,,,,,,,,,,,,,,,,,,,,,,,,,,,,,,,,,,,,,,,,,,,,,,,,,,,,,MA5：依試單節奏判斷,MA20：依試單節奏判斷,,,,,MA10：依試單節奏判斷,MA5：依試單節奏判斷,MA10：依試單節奏判斷,MA20：依試單節奏判斷,突破確認K,整理後轉強,整理後轉強,MA5：依試單節奏判斷｜MA10：依試單節奏判斷｜MA20：依試單節奏判斷｜K棒：突破確認K｜K線：整理後轉強,K棒型態：突破確認K｜K線結構：整理後轉強,依原策略執行，技術欄位用於確認節奏與風險。,9.6,A,起漲結構強,20D站上MA20｜MA5站上MA10｜接近20日高｜40D平台收斂｜短中均線糾結｜40D低點守住｜接近/站回MA60｜5D動能轉正｜10D動能轉正,平台壓縮後轉強，可優先觀察起漲/試單。,v266.57.9,10.0,A,續強品質強,回檔不破前低｜低點墊高確認｜收盤守MA5｜回測守MA10｜回檔量縮｜MA5仍在MA10上｜仍站MA20｜10D動能維持,回檔承接尚可，若原策略入選，可優先觀察延續。,v266.57.9,-0.2,D,突破不足,短均多頭｜扣分:收盤位置偏弱,尚未形成乾淨突破，不急著升級。,v266.57.9,GENERIC,0.55,0.5,0.5,10.18,264.0,最後後處理補寫：原分數+結構前置+續強品質+突破品質；不覆蓋原策略,一般,9.068,v266.58.1,2026-05-09 00:25:47,觀察,否,,觀察,0,0,持續觀察,前狀態:nan→今日:觀察,NO,v266.60.2,9.068,30.0,0.0,0.0,0.0,13.027,272.0,20/40/60結構佳｜續強品質佳｜主力佈局語意,主力佈局優先,v266.61,2026-05-09 00:25:50,8.0,洗盤不破承接,無事件,等待下一次確認。,8.748,222,v266.62,2026-05-09 00:25:51,0.0,,NONE,502,-13,AVOID_CHASE,平台收斂｜過熱扣分,264
WATCH,2026-05-08,2026-05-11,1788,杏昌,ENTRY,PRE,PRE,54.0,WAIT,BLOCK,False,135.5,0.0,0.0,8,波動壓縮 | 均線收斂 | 接近突破 | 結構尚可,BLOCK：超出本市場狀態可執行名額｜v266.57.9：結構：平台壓縮後轉強，可優先觀察起漲/試單。｜續強：回檔承接尚可，若原策略入選，可優先觀察延續。｜突破：有轉強跡象，但突破品質尚未完全成立。,73.79,,,HIGH,高流動性,14.56,17749.0,2404989500.0,0.0,🟡 普通,50（🟡 普通）,,籌碼普通或資料有限，需搭配技術面確認。,1,部分籌碼資料有限,📉 低信心,,,杏昌,0.0,0.0,0.0,0.0,0.0,1,0.0,0.0,0.0,0.0,0,TPEX,⚪ 盤整觀望（等待方向）,中低,先觀察，不急進場；等突破、量能或均線方向出現。,2026-05-09 00:25:55,behavior_interpretation,,,,,,,,,,,,,,,,,,,,,,,,,,,,,,,,,,,,,,,,,,,,,,,,,,,,,,,,,,,,,,,,,,,,MA5：依試單節奏判斷,MA20：依試單節奏判斷,,,,,MA10：依試單節奏判斷,MA5：依試單節奏判斷,MA10：依試單節奏判斷,MA20：依試單節奏判斷,突破確認K,整理後轉強,整理後轉強,MA5：依試單節奏判斷｜MA10：依試單節奏判斷｜MA20：依試單節奏判斷｜K棒：突破確認K｜K線：整理後轉強,K棒型態：突破確認K｜K線結構：整理後轉強,依原策略執行，技術欄位用於確認節奏與風險。,9.0,A,起漲結構強,MA5站上MA10｜接近20日高｜40D平台收斂｜短中均線糾結｜40D低點守住｜接近/站回MA60｜MA60不再下彎｜近5日量縮,平台壓縮後轉強，可優先觀察起漲/試單。,v266.57.9,8.2,A,續強品質強,回檔不破前低｜低點墊高確認｜收盤守MA5｜續強確認：收盤未跌破MA5｜回檔量縮｜MA5仍在MA10上,回檔承接尚可，若原策略入選，可優先觀察延續。,v266.57.9,3.8,C,突破觀察,收盤接近高點｜突破近5日高｜短均多頭,有轉強跡象，但突破品質尚未完全成立。,v266.57.9,GENERIC,0.55,0.5,0.5,10.95,198.0,最後後處理補寫：原分數+結構前置+續強品質+突破品質；不覆蓋原策略,一般,8.979,v266.58.1,2026-05-09 00:25:47,觀察,否,,觀察,0,0,持續觀察,前狀態:nan→今日:觀察,NO,v266.60.2,8.979,30.0,0.0,0.0,0.0,13.018,274.0,20/40/60結構佳｜續強品質佳｜主力佈局語意,主力佈局優先,v266.61,2026-05-09 00:25:50,8.0,洗盤不破承接,無事件,等待下一次確認。,8.685,223,v266.62,2026-05-09 00:25:51,0.0,,NONE,501,-13,AVOID_CHASE,平台收斂｜過熱扣分,265
WATCH,2026-05-08,2026-05-11,1704,,ENTRY,PRE,PRE,54.0,WAIT,BLOCK,False,53.1,0.0,0.0,8,波動壓縮 | 均線收斂 | 接近突破 | 結構尚可,BLOCK：超出本市場狀態可執行名額｜v266.57.9：結構：平台壓縮後轉強，可優先觀察起漲/試單。｜續強：回檔承接尚可，若原策略入選，可優先觀察延續。,33.79,,,BLOCK,流動性不足,0.25,0.0,0.0,0.0,🟡 普通,50（🟡 普通）,,籌碼普通或資料有限，需搭配技術面確認。,0,法人/融資資料有限,📉 低信心,,,,0.0,0.0,0.0,0.0,0.0,0,0.0,0.0,0.0,0.0,0,,⚪ 盤整觀望（等待方向）,中低,先觀察，不急進場；等突破、量能或均線方向出現。,2026-05-09 00:25:55,behavior_interpretation,,,,,,,,,,,,,,,,,,,,,,,,,,,,,,,,,,,,,,,,,,,,,,,,,,,,,,,,,,,,,,,,,,,,MA5：依試單節奏判斷,MA20：依試單節奏判斷,,,,,MA10：依試單節奏判斷,MA5：依試單節奏判斷,MA10：依試單節奏判斷,MA20：依試單節奏判斷,突破確認K,整理後轉強,整理後轉強,MA5：依試單節奏判斷｜MA10：依試單節奏判斷｜MA20：依試單節奏判斷｜K棒：突破確認K｜K線：整理後轉強,K棒型態：突破確認K｜K線結構：整理後轉強,依原策略執行，技術欄位用於確認節奏與風險。,12.0,A,起漲結構強,20D站上MA20｜MA20走平翻揚｜MA5站上MA10｜接近20日高｜40D平台收斂｜短中均線糾結｜40D低點守住｜接近/站回MA60｜MA60不再下彎｜站回60D區間中上｜5D動能轉正｜10D動能轉正,平台壓縮後轉強，可優先觀察起漲/試單。,v266.57.9,8.7,A,續強品質強,回檔不破前低｜低點墊高確認｜收盤守MA5｜續強確認：收盤未跌破MA5｜MA5仍在MA10上｜仍站MA20｜10D動能維持,回檔承接尚可，若原策略入選，可優先觀察延續。,v266.57.9,,,,,,,GENERIC,0.55,0.5,0.5,10.95,198.0,最後後處理補寫：原分數+結構前置+續強品質+突破品質；不覆蓋原策略,一般,8.979,v266.58.1,2026-05-09 00:25:47,觀察,否,,觀察,0,0,持續觀察,前狀態:nan→今日:觀察,NO,v266.60.2,8.979,30.0,0.0,0.0,0.0,13.018,274.0,20/40/60結構佳｜續強品質佳｜主力佈局語意,主力佈局優先,v266.61,2026-05-09 00:25:50,8.0,洗盤不破承接,無事件,等待下一次確認。,8.685,224,v266.62,2026-05-09 00:25:51,0.0,,NONE,500,-13,AVOID_CHASE,平台收斂｜過熱扣分,266
WATCH,2026-05-08,2026-05-11,8411,福貞-KY,ENTRY,PRE,PRE,54.0,WAIT,BLOCK,False,12.25,0.0,0.0,8,波動壓縮 | 均線收斂 | 接近突破 | 結構尚可,BLOCK：超出本市場狀態可執行名額｜v266.57.9：結構：平台壓縮後轉強，可優先觀察起漲/試單。｜續強：回檔承接尚可，若原策略入選，可優先觀察延續。｜突破：尚未形成乾淨突破，不急著升級。,75.72,,,HIGH,高流動性,14.41,63145.0,773526250.0,0.0,⚠️ 分散,36（⚠️ 分散）,,籌碼普通或資料有限，需搭配技術面確認。,1,部分籌碼資料有限,📉 低信心,,,福貞-KY,-11000.0,0.0,0.0,-11000.0,0.0,1,0.0,0.0,0.0,0.0,0,TWSE,⚪ 盤整觀望（等待方向）,中低,先觀察，不急進場；等突破、量能或均線方向出現。,2026-05-09 00:25:55,behavior_interpretation,,,,,,,,,,,,,,,,,,,,,,,,,,,,,,,,,,,,,,,,,,,,,,,,,,,,,,,,,,,,,,,,,,,,MA5：依試單節奏判斷,MA20：依試單節奏判斷,,,,,MA10：依試單節奏判斷,MA5：依試單節奏判斷,MA10：依試單節奏判斷,MA20：依試單節奏判斷,突破確認K,整理後轉強,整理後轉強,MA5：依試單節奏判斷｜MA10：依試單節奏判斷｜MA20：依試單節奏判斷｜K棒：突破確認K｜K線：整理後轉強,K棒型態：突破確認K｜K線結構：整理後轉強,依原策略執行，技術欄位用於確認節奏與風險。,10.0,A,起漲結構強,MA20走平翻揚｜MA5站上MA10｜接近20日高｜40D平台收斂｜短中均線糾結｜40D低點守住｜接近/站回MA60｜MA60不再下彎｜站回60D區間中上,平台壓縮後轉強，可優先觀察起漲/試單。,v266.57.9,8.0,A,續強品質強,回檔不破前低｜低點墊高確認｜收盤守MA5｜回測守MA10｜回檔量縮｜MA5仍在MA10上,回檔承接尚可，若原策略入選，可優先觀察延續。,v266.57.9,0.8,D,突破不足,短均多頭,尚未形成乾淨突破，不急著升級。,v266.57.9,GENERIC,0.55,0.5,0.5,9.9,280.0,最後後處理補寫：原分數+結構前置+續強品質+突破品質；不覆蓋原策略,一般,8.118,v266.58.1,2026-05-09 00:25:47,觀察,否,,觀察,0,0,持續觀察,前狀態:nan→今日:觀察,NO,v266.60.2,8.118,30.0,0.0,0.0,0.0,12.932,316.0,20/40/60結構佳｜續強品質佳｜主力佈局語意,主力佈局優先,v266.61,2026-05-09 00:25:50,8.0,洗盤不破承接,無事件,等待下一次確認。,8.083,286,v266.62,2026-05-09 00:25:51,0.0,,NONE,437,-13,AVOID_CHASE,平台收斂｜過熱扣分,267
WATCH,2026-05-08,2026-05-11,5601,台聯櫃,ENTRY,PRE,PRE,54.0,WAIT,BLOCK,False,35.35,0.0,0.0,8,波動壓縮 | 均線收斂 | 接近突破 | 結構尚可,BLOCK：超出本市場狀態可執行名額｜v266.57.9：結構：平台壓縮後轉強，可優先觀察起漲/試單。｜續強：回檔承接尚可，若原策略入選，可優先觀察延續。｜突破：有轉強跡象，但突破品質尚未完全成立。,64.15,,,HIGH,高流動性,1.4,3000.0,106050000.0,0.0,🟡 普通,42（🟡 普通）,,籌碼普通或資料有限，需搭配技術面確認。,1,部分籌碼資料有限,📉 低信心,,,,0.0,0.0,-12.0,-12.0,0.0,1,0.0,0.0,0.0,0.0,0,TPEX,⚪ 盤整觀望（等待方向）,中低,先觀察，不急進場；等突破、量能或均線方向出現。,2026-05-09 00:25:55,behavior_interpretation,,,,,,,,,,,,,,,,,,,,,,,,,,,,,,,,,,,,,,,,,,,,,,,,,,,,,,,,,,,,,,,,,,,,MA5：依試單節奏判斷,MA20：依試單節奏判斷,,,,,MA10：依試單節奏判斷,MA5：依試單節奏判斷,MA10：依試單節奏判斷,MA20：依試單節奏判斷,突破確認K,整理後轉強,整理後轉強,MA5：依試單節奏判斷｜MA10：依試單節奏判斷｜MA20：依試單節奏判斷｜K棒：突破確認K｜K線：整理後轉強,K棒型態：突破確認K｜K線結構：整理後轉強,依原策略執行，技術欄位用於確認節奏與風險。,7.8,B,起漲結構中,MA5站上MA10｜40D平台收斂｜短中均線糾結｜40D低點守住｜接近/站回MA60｜近5日量縮｜10D動能轉正,平台壓縮後轉強，可優先觀察起漲/試單。,v266.57.9,9.2,A,續強品質強,回檔不破前低｜低點墊高確認｜收盤守MA5｜續強確認：收盤未跌破MA5｜回檔量縮｜MA5仍在MA10上｜10D動能維持,回檔承接尚可，若原策略入選，可優先觀察延續。,v266.57.9,3.8,C,突破觀察,收盤接近高點｜突破近5日高｜短均多頭,有轉強跡象，但突破品質尚未完全成立。,v266.57.9,GENERIC,0.55,0.5,0.5,10.79,213.0,最後後處理補寫：原分數+結構前置+續強品質+突破品質；不覆蓋原策略,一般,8.848,v266.58.1,2026-05-09 00:25:47,觀察,否,,觀察,0,0,持續觀察,前狀態:nan→今日:觀察,NO,v266.60.2,8.848,30.0,0.0,0.0,0.0,13.005,284.0,20/40/60結構佳｜續強品質佳｜主力佈局語意,主力佈局優先,v266.61,2026-05-09 00:25:50,8.0,洗盤不破承接,無事件,等待下一次確認。,8.594,235,v266.62,2026-05-09 00:25:51,0.0,,NONE,441,-13,AVOID_CHASE,平台收斂｜過熱扣分,268
WATCH,2026-05-08,2026-05-11,4538,大詠城,ENTRY,PRE,PRE,54.0,WAIT,BLOCK,False,18.4,0.0,0.0,8,波動壓縮 | 均線收斂 | 接近突破 | 結構尚可,BLOCK：超出本市場狀態可執行名額｜v266.57.9：結構：平台壓縮後轉強，可優先觀察起漲/試單。｜續強：回檔承接尚可，若原策略入選，可優先觀察延續。｜突破：尚未形成乾淨突破，不急著升級。,70.3,,,HIGH,高流動性,6.81,19072.0,350924800.0,0.0,🟡 普通,50（🟡 普通）,,籌碼普通或資料有限，需搭配技術面確認。,1,部分籌碼資料有限,📉 低信心,,,大詠城,0.0,0.0,0.0,0.0,0.0,1,0.0,0.0,0.0,0.0,0,TPEX,⚪ 盤整觀望（等待方向）,中低,先觀察，不急進場；等突破、量能或均線方向出現。,2026-05-09 00:25:55,behavior_interpretation,,,,,,,,,,,,,,,,,,,,,,,,,,,,,,,,,,,,,,,,,,,,,,,,,,,,,,,,,,,,,,,,,,,,MA5：依試單節奏判斷,MA20：依試單節奏判斷,,,,,MA10：依試單節奏判斷,MA5：依試單節奏判斷,MA10：依試單節奏判斷,MA20：依試單節奏判斷,突破確認K,整理後轉強,整理後轉強,MA5：依試單節奏判斷｜MA10：依試單節奏判斷｜MA20：依試單節奏判斷｜K棒：突破確認K｜K線：整理後轉強,K棒型態：突破確認K｜K線結構：整理後轉強,依原策略執行，技術欄位用於確認節奏與風險。,8.0,A,起漲結構強,MA5站上MA10｜接近20日高｜40D平台收斂｜短中均線糾結｜40D低點守住｜接近/站回MA60｜MA60不再下彎,平台壓縮後轉強，可優先觀察起漲/試單。,v266.57.9,8.2,A,續強品質強,回檔不破前低｜低點墊高確認｜收盤守MA5｜續強確認：收盤未跌破MA5｜回檔量縮｜MA5仍在MA10上,回檔承接尚可，若原策略入選，可優先觀察延續。,v266.57.9,-0.2,D,突破不足,短均多頭｜扣分:收盤位置偏弱,尚未形成乾淨突破，不急著升級。,v266.57.9,GENERIC,0.55,0.5,0.5,8.4,386.0,最後後處理補寫：原分數+結構前置+續強品質+突破品質；不覆蓋原策略,一般,6.888,v266.58.1,2026-05-09 00:25:47,觀察,否,,觀察,0,0,持續觀察,前狀態:nan→今日:觀察,NO,v266.60.2,6.888,30.0,0.0,0.0,0.0,12.809,368.0,20/40/60結構佳｜續強品質佳｜主力佈局語意,主力佈局優先,v266.61,2026-05-09 00:25:50,8.0,洗盤不破承接,無事件,等待下一次確認。,7.222,359,v266.62,2026-05-09 00:25:51,0.0,,NONE,81,-13,AVOID_CHASE,平台收斂｜過熱扣分,269
WATCH,2026-05-08,2026-05-11,8089,康全電訊,ENTRY,PRE,PRE,52.0,WAIT,BLOCK,False,21.75,0.0,0.0,8,波動壓縮 | 安靜吸籌 | 均線收斂,BLOCK：超出本市場狀態可執行名額｜v266.57.9：結構：平台壓縮後轉強，可優先觀察起漲/試單。｜續強：回檔承接尚可，若原策略入選，可優先觀察延續。｜突破：尚未形成乾淨突破，不急著升級。,90.77,,,HIGH,高流動性,48.83,588968.0,12810054000.0,0.0,🟡 普通,50（🟡 普通）,,籌碼普通或資料有限，需搭配技術面確認。,1,部分籌碼資料有限,📉 低信心,,,,0.0,0.0,0.0,0.0,0.0,1,0.0,0.0,0.0,0.0,0,TPEX,🟡 洗盤吸籌／整理換手（結構未壞）,中高,不急追；等放量突破或站穩 MA10 / MA20 再提高權重。,2026-05-09 00:25:55,behavior_interpretation,,,,,,,,,,,,,,,,,,,,,,,,,,,,,,,,,,,,,,,,,,,,,,,,,,,,,,,,,,,,,,,,,,,,MA5：依觀察節奏判斷,MA20：依觀察節奏判斷,,,,,MA10：依觀察節奏判斷,MA5：依觀察節奏判斷,MA10：依觀察節奏判斷,MA20：依觀察節奏判斷,整理觀察K,整理收斂,整理收斂,MA5：依觀察節奏判斷｜MA10：依觀察節奏判斷｜MA20：依觀察節奏判斷｜K棒：整理觀察K｜K線：整理收斂,K棒型態：整理觀察K｜K線結構：整理收斂,依原策略執行，技術欄位用於確認節奏與風險。,6.8,B,起漲結構中,20D站上MA20｜MA5站上MA10｜40D平台收斂｜短中均線糾結｜40D低點守住｜10D動能轉正,平台壓縮後轉強，可優先觀察起漲/試單。,v266.57.9,8.7,A,續強品質強,回檔不破前低｜低點墊高確認｜收盤守MA5｜續強確認：收盤未跌破MA5｜MA5仍在MA10上｜仍站MA20｜10D動能維持,回檔承接尚可，若原策略入選，可優先觀察延續。,v266.57.9,0.8,D,突破不足,短均多頭,尚未形成乾淨突破，不急著升級。,v266.57.9,GENERIC,0.55,0.5,0.5,8.49,382.0,最後後處理補寫：原分數+結構前置+續強品質+突破品質；不覆蓋原策略,一般,6.962,v266.58.1,2026-05-09 00:25:47,觀察,否,,觀察,0,0,持續觀察,前狀態:nan→今日:觀察,NO,v266.60.2,6.962,30.0,0.0,0.0,0.0,12.756,384.0,20/40/60結構佳｜續強品質佳｜主力佈局語意,主力佈局優先,v266.61,2026-05-09 00:25:50,8.0,洗盤不破承接,無事件,等待下一次確認。,7.273,357,v266.62,2026-05-09 00:25:51,0.0,,NONE,83,-13,AVOID_CHASE,平台收斂｜過熱扣分,270
WATCH,2026-05-08,2026-05-11,5220,萬達光電,ENTRY,PRE,PRE,54.0,WAIT,BLOCK,False,20.25,0.0,0.0,8,波動壓縮 | 均線收斂 | 接近突破 | 結構尚可,BLOCK：超出本市場狀態可執行名額｜v266.57.9：結構：平台壓縮後轉強，可優先觀察起漲/試單。｜續強：回檔承接尚可，若原策略入選，可優先觀察延續。｜突破：尚未形成乾淨突破，不急著升級。,75.11,,,HIGH,高流動性,13.59,47129.0,954362250.0,0.0,🟡 普通,50（🟡 普通）,,籌碼普通或資料有限，需搭配技術面確認。,1,部分籌碼資料有限,📉 低信心,,,萬達光電,0.0,0.0,0.0,0.0,0.0,1,0.0,0.0,0.0,0.0,0,TPEX,⚪ 盤整觀望（等待方向）,中低,先觀察，不急進場；等突破、量能或均線方向出現。,2026-05-09 00:25:55,behavior_interpretation,,,,,,,,,,,,,,,,,,,,,,,,,,,,,,,,,,,,,,,,,,,,,,,,,,,,,,,,,,,,,,,,,,,,MA5：依試單節奏判斷,MA20：依試單節奏判斷,,,,,MA10：依試單節奏判斷,MA5：依試單節奏判斷,MA10：依試單節奏判斷,MA20：依試單節奏判斷,突破確認K,整理後轉強,整理後轉強,MA5：依試單節奏判斷｜MA10：依試單節奏判斷｜MA20：依試單節奏判斷｜K棒：突破確認K｜K線：整理後轉強,K棒型態：突破確認K｜K線結構：整理後轉強,依原策略執行，技術欄位用於確認節奏與風險。,10.0,A,起漲結構強,MA20走平翻揚｜MA5站上MA10｜40D平台收斂｜短中均線糾結｜40D低點守住｜接近/站回MA60｜MA60不再下彎｜站回60D區間中上｜近5日量縮,平台壓縮後轉強，可優先觀察起漲/試單。,v266.57.9,8.2,A,續強品質強,回檔不破前低｜低點墊高確認｜收盤守MA5｜續強確認：收盤未跌破MA5｜回檔量縮｜MA5仍在MA10上,回檔承接尚可，若原策略入選，可優先觀察延續。,v266.57.9,-0.2,D,突破不足,短均多頭｜扣分:收盤位置偏弱,尚未形成乾淨突破，不急著升級。,v266.57.9,GENERIC,0.55,0.5,0.5,9.5,319.0,最後後處理補寫：原分數+結構前置+續強品質+突破品質；不覆蓋原策略,一般,7.79,v266.58.1,2026-05-09 00:25:47,觀察,否,,觀察,0,0,持續觀察,前狀態:nan→今日:觀察,NO,v266.60.2,7.79,30.0,0.0,0.0,0.0,12.899,340.0,20/40/60結構佳｜續強品質佳｜主力佈局語意,主力佈局優先,v266.61,2026-05-09 00:25:50,8.0,洗盤不破承接,無事件,等待下一次確認。,7.853,318,v266.62,2026-05-09 00:25:51,0.0,,NONE,125,-13,AVOID_CHASE,平台收斂｜過熱扣分,271
TEST,2026-05-08,2026-05-11,6485,點序,ENTRY,PRE,PRE,66.0,WAIT,BLOCK,False,82.6,0.0,0.0,3,波動壓縮 | 安靜吸籌 | 均線收斂 | 接近突破,BLOCK：超出本市場狀態可執行名額｜v266.57.9：結構：平台壓縮後轉強，可優先觀察起漲/試單。｜續強：回檔承接尚可，若原策略入選，可優先觀察延續。｜突破：尚未形成乾淨突破，不急著升級。,105.98,,,HIGH,高流動性,66.67,1220671.0,100827424600.0,4.0,🔥 高度集中,85（🔥 高度集中）,法人偏多,籌碼偏集中但資料有限，可搭配技術面確認，不宜單獨重倉。,1,部分籌碼資料有限,📉 低信心,,,點序,3.0,34030.0,34027.0,68060.0,1.0,1,0.0,0.0,0.0,0.0,0,TPEX,🟡 洗盤吸籌／整理換手（結構未壞）,中高,不急追；等放量突破或站穩 MA10 / MA20 再提高權重。,2026-05-09 00:25:55,behavior_interpretation,,,,,,,,,,,,,,,,,,,,,,,,,,,,,,,,,,,,,,,,,,,,,,,,,,,,,,,,,,,,,,,,,,,,MA5：依試單節奏判斷,MA20：依試單節奏判斷,,,,,MA10：依試單節奏判斷,MA5：依試單節奏判斷,MA10：依試單節奏判斷,MA20：依試單節奏判斷,突破確認K,整理後轉強,整理後轉強,MA5：依試單節奏判斷｜MA10：依試單節奏判斷｜MA20：依試單節奏判斷｜K棒：突破確認K｜K線：整理後轉強,K棒型態：突破確認K｜K線結構：整理後轉強,依原策略執行，技術欄位用於確認節奏與風險。,8.8,A,起漲結構強,20D站上MA20｜MA20走平翻揚｜MA5站上MA10｜40D平台收斂｜短中均線糾結｜40D低點守住｜接近/站回MA60｜10D動能轉正,平台壓縮後轉強，可優先觀察起漲/試單。,v266.57.9,8.7,A,續強品質強,回檔不破前低｜低點墊高確認｜收盤守MA5｜續強確認：收盤未跌破MA5｜MA5仍在MA10上｜仍站MA20｜10D動能維持,回檔承接尚可，若原策略入選，可優先觀察延續。,v266.57.9,-0.2,D,突破不足,短均多頭｜扣分:收盤位置偏弱,尚未形成乾淨突破，不急著升級。,v266.57.9,GENERIC,0.55,0.5,0.5,9.09,340.0,最後後處理補寫：原分數+結構前置+續強品質+突破品質；不覆蓋原策略,一般,8.174,v266.58.1,2026-05-09 00:25:47,觀察,否,,觀察,0,0,持續觀察,首次追蹤:觀察,NO,v266.60.2,8.174,30.0,0.0,0.0,0.0,13.297,190.0,20/40/60結構佳｜續強品質佳｜主力佈局語意,主力佈局優先,v266.61,2026-05-09 00:25:50,8.0,洗盤不破承接,無事件,等待下一次確認。,8.122,285,v266.62,2026-05-09 00:25:51,0.0,,NONE,126,-13,AVOID_CHASE,平台收斂｜過熱扣分,272
WATCH,2026-05-08,2026-05-11,6794,向榮生技,ENTRY,PRE,PRE,54.0,WAIT,BLOCK,False,83.3,0.0,0.0,8,波動壓縮 | 均線收斂 | 接近突破 | 結構尚可,BLOCK：超出本市場狀態可執行名額｜v266.57.9：結構：平台壓縮後轉強，可優先觀察起漲/試單。｜續強：回檔承接尚可，若原策略入選，可優先觀察延續。｜突破：尚未形成乾淨突破，不急著升級。,77.56,,,HIGH,高流動性,20.76,44604.0,3715513200.0,0.0,🟡 普通,40（🟡 普通）,,籌碼普通或資料有限，需搭配技術面確認。,1,部分籌碼資料有限,📉 低信心,,,向榮生技,-4000.0,0.0,0.0,-4000.0,0.0,1,0.0,0.0,0.0,0.0,0,TWSE,⚪ 盤整觀望（等待方向）,中低,先觀察，不急進場；等突破、量能或均線方向出現。,2026-05-09 00:25:55,behavior_interpretation,,,,,,,,,,,,,,,,,,,,,,,,,,,,,,,,,,,,,,,,,,,,,,,,,,,,,,,,,,,,,,,,,,,,MA5：依試單節奏判斷,MA20：依試單節奏判斷,,,,,MA10：依試單節奏判斷,MA5：依試單節奏判斷,MA10：依試單節奏判斷,MA20：依試單節奏判斷,突破確認K,整理後轉強,整理後轉強,MA5：依試單節奏判斷｜MA10：依試單節奏判斷｜MA20：依試單節奏判斷｜K棒：突破確認K｜K線：整理後轉強,K棒型態：突破確認K｜K線結構：整理後轉強,依原策略執行，技術欄位用於確認節奏與風險。,11.6,A,起漲結構強,20D站上MA20｜MA20走平翻揚｜MA5站上MA10｜40D平台收斂｜短中均線糾結｜40D低點守住｜接近/站回MA60｜量縮後溫和放量｜5D動能轉正｜10D動能轉正,平台壓縮後轉強，可優先觀察起漲/試單。,v266.57.9,8.7,A,續強品質強,回檔不破前低｜低點墊高確認｜收盤守MA5｜續強確認：收盤未跌破MA5｜MA5仍在MA10上｜仍站MA20｜10D動能維持,回檔承接尚可，若原策略入選，可優先觀察延續。,v266.57.9,-1.4,D,突破不足,短均多頭｜扣分:收盤位置偏弱、上影偏長,尚未形成乾淨突破，不急著升級。,v266.57.9,GENERIC,0.55,0.5,0.5,10.03,274.0,最後後處理補寫：原分數+結構前置+續強品質+突破品質；不覆蓋原策略,一般,8.225,v266.58.1,2026-05-09 00:25:47,觀察,否,,觀察,0,0,持續觀察,首次追蹤:觀察,NO,v266.60.2,8.225,30.0,0.0,0.0,0.0,12.942,313.0,20/40/60結構佳｜續強品質佳｜主力佈局語意,主力佈局優先,v266.61,2026-05-09 00:25:50,8.0,洗盤不破承接,無事件,等待下一次確認。,8.157,283,v266.62,2026-05-09 00:25:51,0.0,,NONE,128,-13,AVOID_CHASE,平台收斂｜過熱扣分,273
WATCH,2026-05-08,2026-05-11,6843,進典,ENTRY,PRE,PRE,54.0,WAIT,BLOCK,False,46.25,0.0,0.0,8,波動壓縮 | 均線收斂 | 接近突破 | 結構尚可,BLOCK：超出本市場狀態可執行名額｜v266.57.9：結構：平台壓縮後轉強，可優先觀察起漲/試單。｜續強：回檔承接尚可，若原策略入選，可優先觀察延續。｜突破：尚未形成乾淨突破，不急著升級。,67.63,,,HIGH,高流動性,3.96,7400.0,342250000.0,0.0,🟡 普通,50（🟡 普通）,,籌碼普通或資料有限，需搭配技術面確認。,0,法人/融資資料有限,📉 低信心,,,,0.0,0.0,0.0,0.0,0.0,0,0.0,0.0,0.0,0.0,0,,⚪ 盤整觀望（等待方向）,中低,先觀察，不急進場；等突破、量能或均線方向出現。,2026-05-09 00:25:55,behavior_interpretation,,,,,,,,,,,,,,,,,,,,,,,,,,,,,,,,,,,,,,,,,,,,,,,,,,,,,,,,,,,,,,,,,,,,MA5：依試單節奏判斷,MA20：依試單節奏判斷,,,,,MA10：依試單節奏判斷,MA5：依試單節奏判斷,MA10：依試單節奏判斷,MA20：依試單節奏判斷,突破確認K,整理後轉強,整理後轉強,MA5：依試單節奏判斷｜MA10：依試單節奏判斷｜MA20：依試單節奏判斷｜K棒：突破確認K｜K線：整理後轉強,K棒型態：突破確認K｜K線結構：整理後轉強,依原策略執行，技術欄位用於確認節奏與風險。,8.8,A,起漲結構強,MA5站上MA10｜40D平台收斂｜短中均線糾結｜40D低點守住｜接近/站回MA60｜站回60D區間中上｜近5日量縮｜10D動能轉正,平台壓縮後轉強，可優先觀察起漲/試單。,v266.57.9,9.2,A,續強品質強,回檔不破前低｜低點墊高確認｜收盤守MA5｜續強確認：收盤未跌破MA5｜回檔量縮｜MA5仍在MA10上｜10D動能維持,回檔承接尚可，若原策略入選，可優先觀察延續。,v266.57.9,1.3,D,突破不足,突破近5日高｜短均多頭｜扣分:收盤位置偏弱,尚未形成乾淨突破，不急著升級。,v266.57.9,GENERIC,0.55,0.5,0.5,10.09,272.0,最後後處理補寫：原分數+結構前置+續強品質+突破品質；不覆蓋原策略,一般,8.274,v266.58.1,2026-05-09 00:25:47,觀察,否,,觀察,0,0,持續觀察,前狀態:nan→今日:觀察,NO,v266.60.2,8.274,30.0,0.0,0.0,0.0,12.947,312.0,20/40/60結構佳｜續強品質佳｜主力佈局語意,主力佈局優先,v266.61,2026-05-09 00:25:50,8.0,洗盤不破承接,無事件,等待下一次確認。,8.192,282,v266.62,2026-05-09 00:25:51,0.0,,NONE,129,-13,AVOID_CHASE,平台收斂｜過熱扣分,274
WATCH,2026-05-08,2026-05-11,6670,復盛應用,ENTRY,PRE,PRE,54.0,WAIT,BLOCK,False,254.0,0.0,0.0,8,波動壓縮 | 均線收斂 | 接近突破 | 結構尚可,BLOCK：超出本市場狀態可執行名額｜v266.57.9：結構：平台壓縮後轉強，可優先觀察起漲/試單。｜續強：回檔承接尚可，若原策略入選，可優先觀察延續。｜突破：尚未形成乾淨突破，不急著升級。,95.77,,,HIGH,高流動性,60.8,499223.0,126802642000.0,4.0,🟢 偏集中,72（🟢 偏集中）,法人偏多,籌碼偏集中但資料有限，可搭配技術面確認，不宜單獨重倉。,1,部分籌碼資料有限,📉 低信心,,,復盛應用,7000.0,3786.0,1000.0,11786.0,1.0,1,0.0,0.0,0.0,0.0,0,TWSE,⚪ 盤整觀望（等待方向）,中低,先觀察，不急進場；等突破、量能或均線方向出現。,2026-05-09 00:25:55,behavior_interpretation,,,,,,,,,,,,,,,,,,,,,,,,,,,,,,,,,,,,,,,,,,,,,,,,,,,,,,,,,,,,,,,,,,,,MA5：依試單節奏判斷,MA20：依試單節奏判斷,,,,,MA10：依試單節奏判斷,MA5：依試單節奏判斷,MA10：依試單節奏判斷,MA20：依試單節奏判斷,突破確認K,整理後轉強,整理後轉強,MA5：依試單節奏判斷｜MA10：依試單節奏判斷｜MA20：依試單節奏判斷｜K棒：突破確認K｜K線：整理後轉強,K棒型態：突破確認K｜K線結構：整理後轉強,依原策略執行，技術欄位用於確認節奏與風險。,8.8,A,起漲結構強,MA5站上MA10｜40D平台收斂｜短中均線糾結｜40D低點守住｜近5日量縮｜量縮後溫和放量｜5D動能轉正,平台壓縮後轉強，可優先觀察起漲/試單。,v266.57.9,8.0,A,續強品質強,回檔不破前低｜低點墊高確認｜收盤守MA5｜回測守MA10｜回檔量縮｜MA5仍在MA10上,回檔承接尚可，若原策略入選，可優先觀察延續。,v266.57.9,1.0,D,突破不足,量能較前日放大｜短均多頭｜扣分:收盤位置偏弱,尚未形成乾淨突破，不急著升級。,v266.57.9,GENERIC,0.55,0.5,0.5,9.34,327.0,最後後處理補寫：原分數+結構前置+續強品質+突破品質；不覆蓋原策略,一般,8.379,v266.58.1,2026-05-09 00:25:47,觀察,否,,觀察,0,0,持續觀察,前狀態:nan→今日:觀察,NO,v266.60.2,8.379,30.0,0.0,0.0,0.0,12.958,307.0,20/40/60結構佳｜續強品質佳｜主力佈局語意,主力佈局優先,v266.61,2026-05-09 00:25:50,8.0,洗盤不破承接,無事件,等待下一次確認。,8.265,268,v266.62,2026-05-09 00:25:51,0.0,,NONE,131,-13,AVOID_CHASE,平台收斂｜過熱扣分,275
WATCH,2026-05-08,2026-05-11,6122,擎邦,ENTRY,PRE,PRE,54.0,WAIT,BLOCK,False,49.25,0.0,0.0,8,波動壓縮 | 均線收斂 | 接近突破 | 結構尚可,BLOCK：超出本市場狀態可執行名額｜v266.57.9：結構：平台壓縮後轉強，可優先觀察起漲/試單。｜續強：回檔承接尚可，若原策略入選，可優先觀察延續。｜突破：尚未形成乾淨突破，不急著升級。,84.97,,,HIGH,高流動性,35.32,168381.0,8292764250.0,4.0,🟢 偏集中,62（🟢 偏集中）,法人偏多,籌碼偏集中但資料有限，可搭配技術面確認，不宜單獨重倉。,1,部分籌碼資料有限,📉 低信心,,,,2034.0,1.0,-2033.0,2.0,1.0,1,0.0,0.0,0.0,0.0,0,TPEX,⚪ 盤整觀望（等待方向）,中低,先觀察，不急進場；等突破、量能或均線方向出現。,2026-05-09 00:25:55,behavior_interpretation,,,,,,,,,,,,,,,,,,,,,,,,,,,,,,,,,,,,,,,,,,,,,,,,,,,,,,,,,,,,,,,,,,,,MA5：依試單節奏判斷,MA20：依試單節奏判斷,,,,,MA10：依試單節奏判斷,MA5：依試單節奏判斷,MA10：依試單節奏判斷,MA20：依試單節奏判斷,突破確認K,整理後轉強,整理後轉強,MA5：依試單節奏判斷｜MA10：依試單節奏判斷｜MA20：依試單節奏判斷｜K棒：突破確認K｜K線：整理後轉強,K棒型態：突破確認K｜K線結構：整理後轉強,依原策略執行，技術欄位用於確認節奏與風險。,8.8,A,起漲結構強,MA5站上MA10｜接近20日高｜40D平台收斂｜短中均線糾結｜40D低點守住｜接近/站回MA60｜近5日量縮｜10D動能轉正,平台壓縮後轉強，可優先觀察起漲/試單。,v266.57.9,9.2,A,續強品質強,回檔不破前低｜低點墊高確認｜收盤守MA5｜續強確認：收盤未跌破MA5｜回檔量縮｜MA5仍在MA10上｜10D動能維持,回檔承接尚可，若原策略入選，可優先觀察延續。,v266.57.9,-0.2,D,突破不足,短均多頭｜扣分:收盤位置偏弱,尚未形成乾淨突破，不急著升級。,v266.57.9,GENERIC,0.55,0.5,0.5,9.34,327.0,最後後處理補寫：原分數+結構前置+續強品質+突破品質；不覆蓋原策略,一般,8.379,v266.58.1,2026-05-09 00:25:47,觀察,否,,觀察,0,0,持續觀察,前狀態:nan→今日:觀察,NO,v266.60.2,8.379,30.0,0.0,0.0,0.0,12.958,307.0,20/40/60結構佳｜續強品質佳｜主力佈局語意,主力佈局優先,v266.61,2026-05-09 00:25:50,8.0,洗盤不破承接,無事件,等待下一次確認。,8.265,269,v266.62,2026-05-09 00:25:51,0.0,,NONE,132,-13,AVOID_CHASE,平台收斂｜過熱扣分,276
WATCH,2026-05-08,2026-05-11,5438,東友,ENTRY,PRE,PRE,54.0,WAIT,BLOCK,False,19.5,0.0,0.0,8,波動壓縮 | 均線收斂 | 接近突破 | 結構尚可,BLOCK：超出本市場狀態可執行名額｜v266.57.9：結構：平台壓縮後轉強，可優先觀察起漲/試單。｜續強：回檔承接尚可，若原策略入選，可優先觀察延續。｜突破：尚未形成乾淨突破，不急著升級。,81.32,,,HIGH,高流動性,26.04,133860.0,2610270000.0,0.0,🟡 普通,50（🟡 普通）,,籌碼普通或資料有限，需搭配技術面確認。,1,部分籌碼資料有限,📉 低信心,,,,0.0,0.0,0.0,0.0,0.0,1,0.0,0.0,0.0,0.0,0,TPEX,⚪ 盤整觀望（等待方向）,中低,先觀察，不急進場；等突破、量能或均線方向出現。,2026-05-09 00:25:55,behavior_interpretation,,,,,,,,,,,,,,,,,,,,,,,,,,,,,,,,,,,,,,,,,,,,,,,,,,,,,,,,,,,,,,,,,,,,MA5：依試單節奏判斷,MA20：依試單節奏判斷,,,,,MA10：依試單節奏判斷,MA5：依試單節奏判斷,MA10：依試單節奏判斷,MA20：依試單節奏判斷,突破確認K,整理後轉強,整理後轉強,MA5：依試單節奏判斷｜MA10：依試單節奏判斷｜MA20：依試單節奏判斷｜K棒：突破確認K｜K線：整理後轉強,K棒型態：突破確認K｜K線結構：整理後轉強,依原策略執行，技術欄位用於確認節奏與風險。,9.8,A,起漲結構強,20D站上MA20｜MA20走平翻揚｜MA5站上MA10｜接近20日高｜40D平台收斂｜短中均線糾結｜40D低點守住｜接近/站回MA60｜10D動能轉正,平台壓縮後轉強，可優先觀察起漲/試單。,v266.57.9,8.7,A,續強品質強,回檔不破前低｜低點墊高確認｜收盤守MA5｜續強確認：收盤未跌破MA5｜MA5仍在MA10上｜仍站MA20｜10D動能維持,回檔承接尚可，若原策略入選，可優先觀察延續。,v266.57.9,-0.2,D,突破不足,短均多頭｜扣分:收盤位置偏弱,尚未形成乾淨突破，不急著升級。,v266.57.9,GENERIC,0.55,0.5,0.5,9.64,303.0,最後後處理補寫：原分數+結構前置+續強品質+突破品質；不覆蓋原策略,一般,7.905,v266.58.1,2026-05-09 00:25:47,觀察,否,,觀察,0,0,持續觀察,前狀態:nan→今日:觀察,NO,v266.60.2,7.905,30.0,0.0,0.0,0.0,12.91,333.0,20/40/60結構佳｜續強品質佳｜主力佈局語意,主力佈局優先,v266.61,2026-05-09 00:25:50,8.0,洗盤不破承接,無事件,等待下一次確認。,7.934,308,v266.62,2026-05-09 00:25:51,0.0,,NONE,140,-13,AVOID_CHASE,平台收斂｜過熱扣分,277
WATCH,2026-05-08,2026-05-11,8076,伍豐,ENTRY,PRE,PRE,54.0,WAIT,BLOCK,False,23.4,0.0,0.0,8,波動壓縮 | 均線收斂 | 接近突破 | 結構尚可,BLOCK：超出本市場狀態可執行名額｜v266.57.9：結構：平台壓縮後轉強，可優先觀察起漲/試單。｜續強：回檔承接尚可，若原策略入選，可優先觀察延續。｜突破：尚未形成乾淨突破，不急著升級。,96.51,,,HIGH,高流動性,58.84,1131757.0,26483113800.0,0.0,🟡 普通,50（🟡 普通）,,籌碼普通或資料有限，需搭配技術面確認。,1,部分籌碼資料有限,📉 低信心,,,,362.0,0.0,-362.0,0.0,0.0,1,0.0,0.0,0.0,0.0,0,TPEX,⚪ 盤整觀望（等待方向）,中低,先觀察，不急進場；等突破、量能或均線方向出現。,2026-05-09 00:25:55,behavior_interpretation,,,,,,,,,,,,,,,,,,,,,,,,,,,,,,,,,,,,,,,,,,,,,,,,,,,,,,,,,,,,,,,,,,,,MA5：依試單節奏判斷,MA20：依試單節奏判斷,,,,,MA10：依試單節奏判斷,MA5：依試單節奏判斷,MA10：依試單節奏判斷,MA20：依試單節奏判斷,突破確認K,整理後轉強,整理後轉強,MA5：依試單節奏判斷｜MA10：依試單節奏判斷｜MA20：依試單節奏判斷｜K棒：突破確認K｜K線：整理後轉強,K棒型態：突破確認K｜K線結構：整理後轉強,依原策略執行，技術欄位用於確認節奏與風險。,9.8,A,起漲結構強,20D站上MA20｜MA5站上MA10｜接近20日高｜40D平台收斂｜短中均線糾結｜40D低點守住｜接近/站回MA60｜MA60不再下彎｜10D動能轉正,平台壓縮後轉強，可優先觀察起漲/試單。,v266.57.9,8.7,A,續強品質強,回檔不破前低｜低點墊高確認｜收盤守MA5｜續強確認：收盤未跌破MA5｜MA5仍在MA10上｜仍站MA20｜10D動能維持,回檔承接尚可，若原策略入選，可優先觀察延續。,v266.57.9,-0.2,D,突破不足,短均多頭｜扣分:收盤位置偏弱,尚未形成乾淨突破，不急著升級。,v266.57.9,GENERIC,0.55,0.5,0.5,9.64,303.0,最後後處理補寫：原分數+結構前置+續強品質+突破品質；不覆蓋原策略,一般,7.905,v266.58.1,2026-05-09 00:25:47,觀察,否,,觀察,0,0,持續觀察,前狀態:nan→今日:觀察,NO,v266.60.2,7.905,30.0,0.0,0.0,0.0,12.91,333.0,20/40/60結構佳｜續強品質佳｜主力佈局語意,主力佈局優先,v266.61,2026-05-09 00:25:50,8.0,洗盤不破承接,無事件,等待下一次確認。,7.934,310,v266.62,2026-05-09 00:25:51,0.0,,NONE,142,-13,AVOID_CHASE,平台收斂｜過熱扣分,278
WATCH,2026-05-08,2026-05-11,2754,亞洲藏壽司,ENTRY,PRE,PRE,54.0,WAIT,BLOCK,False,69.2,0.0,0.0,8,波動壓縮 | 均線收斂 | 接近突破 | 結構尚可,BLOCK：超出本市場狀態可執行名額｜v266.57.9：結構：平台壓縮後轉強，可優先觀察起漲/試單。｜續強：回檔承接尚可，若原策略入選，可優先觀察延續。｜突破：尚未形成乾淨突破，不急著升級。,76.23,,,HIGH,高流動性,17.68,38409.0,2657902800.0000005,0.0,🟡 普通,50（🟡 普通）,,籌碼普通或資料有限，需搭配技術面確認。,1,部分籌碼資料有限,📉 低信心,,,,0.0,0.0,0.0,0.0,0.0,1,0.0,0.0,0.0,0.0,0,TPEX,⚪ 盤整觀望（等待方向）,中低,先觀察，不急進場；等突破、量能或均線方向出現。,2026-05-09 00:25:55,behavior_interpretation,,,,,,,,,,,,,,,,,,,,,,,,,,,,,,,,,,,,,,,,,,,,,,,,,,,,,,,,,,,,,,,,,,,,MA5：依試單節奏判斷,MA20：依試單節奏判斷,,,,,MA10：依試單節奏判斷,MA5：依試單節奏判斷,MA10：依試單節奏判斷,MA20：依試單節奏判斷,突破確認K,整理後轉強,整理後轉強,MA5：依試單節奏判斷｜MA10：依試單節奏判斷｜MA20：依試單節奏判斷｜K棒：突破確認K｜K線：整理後轉強,K棒型態：突破確認K｜K線結構：整理後轉強,依原策略執行，技術欄位用於確認節奏與風險。,9.8,A,起漲結構強,20D站上MA20｜MA20走平翻揚｜MA5站上MA10｜接近20日高｜40D平台收斂｜短中均線糾結｜40D低點守住｜接近/站回MA60｜10D動能轉正,平台壓縮後轉強，可優先觀察起漲/試單。,v266.57.9,8.7,A,續強品質強,回檔不破前低｜低點墊高確認｜收盤守MA5｜續強確認：收盤未跌破MA5｜MA5仍在MA10上｜仍站MA20｜10D動能維持,回檔承接尚可，若原策略入選，可優先觀察延續。,v266.57.9,-0.2,D,突破不足,短均多頭｜扣分:收盤位置偏弱,尚未形成乾淨突破，不急著升級。,v266.57.9,GENERIC,0.55,0.5,0.5,9.64,303.0,最後後處理補寫：原分數+結構前置+續強品質+突破品質；不覆蓋原策略,一般,7.905,v266.58.1,2026-05-09 00:25:47,觀察,否,,觀察,0,0,持續觀察,前狀態:nan→今日:觀察,NO,v266.60.2,7.905,30.0,0.0,0.0,0.0,12.91,333.0,20/40/60結構佳｜續強品質佳｜主力佈局語意,主力佈局優先,v266.61,2026-05-09 00:25:50,8.0,洗盤不破承接,無事件,等待下一次確認。,7.934,309,v266.62,2026-05-09 00:25:51,0.0,,NONE,143,-13,AVOID_CHASE,平台收斂｜過熱扣分,279
TEST,2026-05-08,2026-05-11,8034,榮群,ENTRY,PRE,PRE,72.0,WAIT,BLOCK,False,25.35,0.0,0.0,3,波動壓縮 | 安靜吸籌 | 均線收斂 | 接近突破 | 結構尚可,BLOCK：超出本市場狀態可執行名額｜v266.57.9：結構：平台壓縮後轉強，可優先觀察起漲/試單。｜續強：回檔承接尚可，若原策略入選，可優先觀察延續。｜突破：尚未形成乾淨突破，不急著升級。,111.06,,,HIGH,高流動性,69.89,2572043.0,65201290050.00001,0.0,🟡 普通,50（🟡 普通）,,籌碼普通或資料有限，需搭配技術面確認。,1,部分籌碼資料有限,📉 低信心,,,,0.0,0.0,0.0,0.0,0.0,1,0.0,0.0,0.0,0.0,0,TPEX,🟡 洗盤吸籌／整理換手（結構未壞）,中高,不急追；等放量突破或站穩 MA10 / MA20 再提高權重。,2026-05-09 00:25:55,behavior_interpretation,,,,,,,,,,,,,,,,,,,,,,,,,,,,,,,,,,,,,,,,,,,,,,,,,,,,,,,,,,,,,,,,,,,,MA5：依試單節奏判斷,MA20：依試單節奏判斷,,,,,MA10：依試單節奏判斷,MA5：依試單節奏判斷,MA10：依試單節奏判斷,MA20：依試單節奏判斷,突破確認K,整理後轉強,整理後轉強,MA5：依試單節奏判斷｜MA10：依試單節奏判斷｜MA20：依試單節奏判斷｜K棒：突破確認K｜K線：整理後轉強,K棒型態：突破確認K｜K線結構：整理後轉強,依原策略執行，技術欄位用於確認節奏與風險。,9.8,A,起漲結構強,20D站上MA20｜MA20走平翻揚｜MA5站上MA10｜40D平台收斂｜短中均線糾結｜40D低點守住｜接近/站回MA60｜MA60不再下彎｜10D動能轉正,平台壓縮後轉強，可優先觀察起漲/試單。,v266.57.9,8.7,A,續強品質強,回檔不破前低｜低點墊高確認｜收盤守MA5｜續強確認：收盤未跌破MA5｜MA5仍在MA10上｜仍站MA20｜10D動能維持,回檔承接尚可，若原策略入選，可優先觀察延續。,v266.57.9,0.8,D,突破不足,短均多頭,尚未形成乾淨突破，不急著升級。,v266.57.9,GENERIC,0.55,0.5,0.5,10.14,266.0,最後後處理補寫：原分數+結構前置+續強品質+突破品質；不覆蓋原策略,一般,8.315,v266.58.1,2026-05-09 00:25:47,觀察,否,,觀察,0,0,持續觀察,前狀態:nan→今日:觀察,NO,v266.60.2,8.315,30.0,0.0,0.0,0.0,13.491,167.0,20/40/60結構佳｜續強品質佳｜主力佈局語意,主力佈局優先,v266.61,2026-05-09 00:25:50,8.0,洗盤不破承接,無事件,等待下一次確認。,8.22,281,v266.62,2026-05-09 00:25:51,0.0,,NONE,144,-13,AVOID_CHASE,平台收斂｜過熱扣分,280
WATCH,2026-05-08,2026-05-11,8940,新天地,ENTRY,PRE,PRE,54.0,WAIT,BLOCK,False,18.3,0.0,0.0,8,安靜吸籌 | 均線收斂 | 接近突破 | 結構尚可,BLOCK：超出本市場狀態可執行名額｜v266.57.9：結構：平台壓縮後轉強，可優先觀察起漲/試單。｜續強：回檔承接尚可，若原策略入選，可優先觀察延續。｜突破：有轉強跡象，但突破品質尚未完全成立。,84.93,,,HIGH,高流動性,33.64,231499.0,4236431700.0,0.0,🟡 普通,42（🟡 普通）,,籌碼普通或資料有限，需搭配技術面確認。,1,部分籌碼資料有限,📉 低信心,,,,-1000.0,0.0,0.0,-1000.0,0.0,1,0.0,0.0,0.0,0.0,0,TWSE,🟡 洗盤吸籌／整理換手（結構未壞）,中高,不急追；等放量突破或站穩 MA10 / MA20 再提高權重。,2026-05-09 00:25:55,behavior_interpretation,,,,,,,,,,,,,,,,,,,,,,,,,,,,,,,,,,,,,,,,,,,,,,,,,,,,,,,,,,,,,,,,,,,,MA5：依試單節奏判斷,MA20：依試單節奏判斷,,,,,MA10：依試單節奏判斷,MA5：依試單節奏判斷,MA10：依試單節奏判斷,MA20：依試單節奏判斷,突破確認K,整理後轉強,整理後轉強,MA5：依試單節奏判斷｜MA10：依試單節奏判斷｜MA20：依試單節奏判斷｜K棒：突破確認K｜K線：整理後轉強,K棒型態：突破確認K｜K線結構：整理後轉強,依原策略執行，技術欄位用於確認節奏與風險。,7.6,B,起漲結構中,20D站上MA20｜MA5站上MA10｜40D平台收斂｜短中均線糾結｜接近/站回MA60｜5D動能轉正｜10D動能轉正,平台壓縮後轉強，可優先觀察起漲/試單。,v266.57.9,8.7,A,續強品質強,回檔不破前低｜低點墊高確認｜收盤守MA5｜續強確認：收盤未跌破MA5｜MA5仍在MA10上｜仍站MA20｜10D動能維持,回檔承接尚可，若原策略入選，可優先觀察延續。,v266.57.9,2.0,C,突破觀察,量能較前日放大｜短均多頭,有轉強跡象，但突破品質尚未完全成立。,v266.57.9,GENERIC,0.55,0.5,0.5,9.53,317.0,最後後處理補寫：原分數+結構前置+續強品質+突破品質；不覆蓋原策略,一般,7.815,v266.58.1,2026-05-09 00:25:47,觀察,否,,觀察,0,0,持續觀察,前狀態:nan→今日:觀察,NO,v266.60.2,7.815,30.0,0.0,0.0,0.0,12.902,338.0,20/40/60結構佳｜續強品質佳｜主力佈局語意,主力佈局優先,v266.61,2026-05-09 00:25:50,8.0,洗盤不破承接,無事件,等待下一次確認。,7.87,316,v266.62,2026-05-09 00:25:51,0.0,,NONE,147,-13,AVOID_CHASE,平台收斂｜過熱扣分,281
WATCH,2026-05-08,2026-05-11,1402,遠東新,ENTRY,PRE,PRE,54.0,WAIT,BLOCK,False,26.1,0.0,0.0,8,波動壓縮 | 均線收斂 | 接近突破 | 結構尚可,BLOCK：超出本市場狀態可執行名額｜v266.57.9：結構：平台壓縮後轉強，可優先觀察起漲/試單。｜續強：回檔承接尚可，若原策略入選，可優先觀察延續。｜突破：有轉強跡象，但突破品質尚未完全成立。,106.15,,,HIGH,高流動性,84.15,10420581.0,271977164100.00003,0.0,❌ 極度分散,15（❌ 極度分散）,,籌碼偏弱且資料有限，避免重倉追高。,1,部分籌碼資料有限,📉 低信心,,,遠東新,-5963725.0,-440000.0,339096.0,-6064629.0,0.0,1,0.0,0.0,0.0,0.0,0,TWSE,⚪ 盤整觀望（等待方向）,中低,先觀察，不急進場；等突破、量能或均線方向出現。,2026-05-09 00:25:55,behavior_interpretation,,,,,,,,,,,,,,,,,,,,,,,,,,,,,,,,,,,,,,,,,,,,,,,,,,,,,,,,,,,,,,,,,,,,MA5：依試單節奏判斷,MA20：依試單節奏判斷,,,,,MA10：依試單節奏判斷,MA5：依試單節奏判斷,MA10：依試單節奏判斷,MA20：依試單節奏判斷,突破確認K,整理後轉強,整理後轉強,MA5：依試單節奏判斷｜MA10：依試單節奏判斷｜MA20：依試單節奏判斷｜K棒：突破確認K｜K線：整理後轉強,K棒型態：突破確認K｜K線結構：整理後轉強,依原策略執行，技術欄位用於確認節奏與風險。,7.6,B,起漲結構中,接近20日高｜40D平台收斂｜短中均線糾結｜40D低點守住｜接近/站回MA60｜5D動能轉正｜10D動能轉正,平台壓縮後轉強，可優先觀察起漲/試單。,v266.57.9,8.0,A,續強品質強,回檔不破前低｜低點墊高確認｜收盤守MA5｜續強確認：收盤未跌破MA5｜回檔量縮｜10D動能維持,回檔承接尚可，若原策略入選，可優先觀察延續。,v266.57.9,2.7,C,突破觀察,突破近5日高｜MA5加速上彎,有轉強跡象，但突破品質尚未完全成立。,v266.57.9,GENERIC,0.55,0.5,0.5,9.53,317.0,最後後處理補寫：原分數+結構前置+續強品質+突破品質；不覆蓋原策略,一般,7.815,v266.58.1,2026-05-09 00:25:47,觀察,否,,觀察,0,0,持續觀察,前狀態:nan→今日:觀察,NO,v266.60.2,7.815,30.0,0.0,0.0,0.0,12.902,338.0,20/40/60結構佳｜續強品質佳｜主力佈局語意,主力佈局優先,v266.61,2026-05-09 00:25:50,8.0,洗盤不破承接,無事件,等待下一次確認。,7.87,315,v266.62,2026-05-09 00:25:51,0.0,,NONE,148,-13,AVOID_CHASE,平台收斂｜過熱扣分,282
WATCH,2026-05-08,2026-05-11,4729,熒茂,ENTRY,PRE,PRE,58.0,WAIT,BLOCK,False,20.7,0.0,0.0,8,波動壓縮 | 安靜吸籌 | 均線收斂 | 結構尚可,BLOCK：超出本市場狀態可執行名額｜v266.57.9：結構：平台壓縮後轉強，可優先觀察起漲/試單。｜續強：回檔承接尚可，若原策略入選，可優先觀察延續。｜突破：尚未形成乾淨突破，不急著升級。,102.09,,,HIGH,高流動性,66.26,2060465.0,42651625500.0,0.0,🟡 普通,50（🟡 普通）,,籌碼普通或資料有限，需搭配技術面確認。,1,部分籌碼資料有限,📉 低信心,,,,0.0,0.0,0.0,0.0,0.0,1,0.0,0.0,0.0,0.0,0,TPEX,🟡 洗盤吸籌／整理換手（結構未壞）,中高,不急追；等放量突破或站穩 MA10 / MA20 再提高權重。,2026-05-09 00:25:55,behavior_interpretation,,,,,,,,,,,,,,,,,,,,,,,,,,,,,,,,,,,,,,,,,,,,,,,,,,,,,,,,,,,,,,,,,,,,MA5：依觀察節奏判斷,MA20：依觀察節奏判斷,,,,,MA10：依觀察節奏判斷,MA5：依觀察節奏判斷,MA10：依觀察節奏判斷,MA20：依觀察節奏判斷,整理觀察K,整理收斂,整理收斂,MA5：依觀察節奏判斷｜MA10：依觀察節奏判斷｜MA20：依觀察節奏判斷｜K棒：整理觀察K｜K線：整理收斂,K棒型態：整理觀察K｜K線結構：整理收斂,依原策略執行，技術欄位用於確認節奏與風險。,10.8,A,起漲結構強,20D站上MA20｜MA20走平翻揚｜MA5站上MA10｜40D平台收斂｜短中均線糾結｜40D低點守住｜接近/站回MA60｜量縮後溫和放量｜10D動能轉正,平台壓縮後轉強，可優先觀察起漲/試單。,v266.57.9,8.7,A,續強品質強,回檔不破前低｜低點墊高確認｜收盤守MA5｜續強確認：收盤未跌破MA5｜MA5仍在MA10上｜仍站MA20｜10D動能維持,回檔承接尚可，若原策略入選，可優先觀察延續。,v266.57.9,-1.4,D,突破不足,短均多頭｜扣分:收盤位置偏弱、上影偏長,尚未形成乾淨突破，不急著升級。,v266.57.9,GENERIC,0.55,0.5,0.5,9.59,314.0,最後後處理補寫：原分數+結構前置+續強品質+突破品質；不覆蓋原策略,一般,7.864,v266.58.1,2026-05-09 00:25:47,觀察,否,,觀察,0,0,持續觀察,首次追蹤:觀察,NO,v266.60.2,7.864,30.0,0.0,0.0,0.0,13.026,273.0,20/40/60結構佳｜續強品質佳｜主力佈局語意,主力佈局優先,v266.61,2026-05-09 00:25:50,8.0,洗盤不破承接,無事件,等待下一次確認。,7.905,313,v266.62,2026-05-09 00:25:51,0.0,,NONE,150,-13,AVOID_CHASE,平台收斂｜過熱扣分,283
TEST,2026-05-08,2026-05-11,4192,杏國,ENTRY,PRE,PRE,66.0,WAIT,BLOCK,False,20.5,0.0,0.0,3,波動壓縮 | 安靜吸籌 | 均線收斂 | 接近突破,BLOCK：超出本市場狀態可執行名額｜v266.57.9：結構：平台壓縮後轉強，可優先觀察起漲/試單。｜續強：回檔承接尚可，若原策略入選，可優先觀察延續。｜突破：尚未形成乾淨突破，不急著升級。,77.63,,,HIGH,高流動性,7.88,21133.0,433226500.0,0.0,🟡 普通,50（🟡 普通）,,籌碼普通或資料有限，需搭配技術面確認。,0,法人/融資資料有限,📉 低信心,,,,0.0,0.0,0.0,0.0,0.0,0,0.0,0.0,0.0,0.0,0,,🟡 洗盤吸籌／整理換手（結構未壞）,中高,不急追；等放量突破或站穩 MA10 / MA20 再提高權重。,2026-05-09 00:25:55,behavior_interpretation,,,,,,,,,,,,,,,,,,,,,,,,,,,,,,,,,,,,,,,,,,,,,,,,,,,,,,,,,,,,,,,,,,,,MA5：依試單節奏判斷,MA20：依試單節奏判斷,,,,,MA10：依試單節奏判斷,MA5：依試單節奏判斷,MA10：依試單節奏判斷,MA20：依試單節奏判斷,突破確認K,整理後轉強,整理後轉強,MA5：依試單節奏判斷｜MA10：依試單節奏判斷｜MA20：依試單節奏判斷｜K棒：突破確認K｜K線：整理後轉強,K棒型態：突破確認K｜K線結構：整理後轉強,依原策略執行，技術欄位用於確認節奏與風險。,9.8,A,起漲結構強,20D站上MA20｜MA20走平翻揚｜MA5站上MA10｜接近20日高｜40D平台收斂｜短中均線糾結｜40D低點守住｜接近/站回MA60｜10D動能轉正,平台壓縮後轉強，可優先觀察起漲/試單。,v266.57.9,8.7,A,續強品質強,回檔不破前低｜低點墊高確認｜收盤守MA5｜續強確認：收盤未跌破MA5｜MA5仍在MA10上｜仍站MA20｜10D動能維持,回檔承接尚可，若原策略入選，可優先觀察延續。,v266.57.9,0.8,D,突破不足,短均多頭,尚未形成乾淨突破，不急著升級。,v266.57.9,GENERIC,0.55,0.5,0.5,10.14,266.0,最後後處理補寫：原分數+結構前置+續強品質+突破品質；不覆蓋原策略,一般,8.315,v266.58.1,2026-05-09 00:25:47,觀察,否,,觀察,0,0,持續觀察,首次追蹤:觀察,NO,v266.60.2,8.315,30.0,0.0,0.0,0.0,13.311,189.0,20/40/60結構佳｜續強品質佳｜主力佈局語意,主力佈局優先,v266.61,2026-05-09 00:25:50,8.0,洗盤不破承接,無事件,等待下一次確認。,8.22,280,v266.62,2026-05-09 00:25:51,0.0,,NONE,443,-13,AVOID_CHASE,平台收斂｜過熱扣分,284
TEST,2026-05-08,2026-05-11,6690,安碁資訊,ENTRY,PRE,PRE,72.0,WAIT,BLOCK,False,170.0,0.0,0.0,3,波動壓縮 | 安靜吸籌 | 均線收斂 | 接近突破 | 結構尚可,BLOCK：超出本市場狀態可執行名額｜v266.57.9：結構：平台壓縮後轉強，可優先觀察起漲/試單。｜續強：回檔承接尚可，若原策略入選，可優先觀察延續。｜突破：尚未形成乾淨突破，不急著升級。,96.16,,,HIGH,高流動性,40.29,130090.0,22115300000.0,0.0,🟡 普通,50（🟡 普通）,,籌碼普通或資料有限，需搭配技術面確認。,1,部分籌碼資料有限,📉 低信心,,,,0.0,0.0,0.0,0.0,0.0,1,0.0,0.0,0.0,0.0,0,TPEX,🟡 洗盤吸籌／整理換手（結構未壞）,中高,不急追；等放量突破或站穩 MA10 / MA20 再提高權重。,2026-05-09 00:25:55,behavior_interpretation,,,,,,,,,,,,,,,,,,,,,,,,,,,,,,,,,,,,,,,,,,,,,,,,,,,,,,,,,,,,,,,,,,,,MA5：依試單節奏判斷,MA20：依試單節奏判斷,,,,,MA10：依試單節奏判斷,MA5：依試單節奏判斷,MA10：依試單節奏判斷,MA20：依試單節奏判斷,突破確認K,整理後轉強,整理後轉強,MA5：依試單節奏判斷｜MA10：依試單節奏判斷｜MA20：依試單節奏判斷｜K棒：突破確認K｜K線：整理後轉強,K棒型態：突破確認K｜K線結構：整理後轉強,依原策略執行，技術欄位用於確認節奏與風險。,11.8,A,起漲結構強,20D站上MA20｜MA20走平翻揚｜MA5站上MA10｜接近20日高｜40D平台收斂｜短中均線糾結｜40D低點守住｜接近/站回MA60｜MA60不再下彎｜站回60D區間中上｜10D動能轉正,平台壓縮後轉強，可優先觀察起漲/試單。,v266.57.9,8.7,A,續強品質強,回檔不破前低｜低點墊高確認｜收盤守MA5｜續強確認：收盤未跌破MA5｜MA5仍在MA10上｜仍站MA20｜10D動能維持,回檔承接尚可，若原策略入選，可優先觀察延續。,v266.57.9,-1.4,D,突破不足,短均多頭｜扣分:收盤位置偏弱、上影偏長,尚未形成乾淨突破，不急著升級。,v266.57.9,GENERIC,0.55,0.5,0.5,10.14,266.0,最後後處理補寫：原分數+結構前置+續強品質+突破品質；不覆蓋原策略,一般,8.315,v266.58.1,2026-05-09 00:25:47,觀察,否,,觀察,0,0,持續觀察,前狀態:nan→今日:觀察,NO,v266.60.2,8.315,30.0,0.0,0.0,0.0,13.491,167.0,20/40/60結構佳｜續強品質佳｜主力佈局語意,主力佈局優先,v266.61,2026-05-09 00:25:50,8.0,洗盤不破承接,無事件,等待下一次確認。,8.22,279,v266.62,2026-05-09 00:25:51,0.0,,NONE,444,-13,AVOID_CHASE,平台收斂｜過熱扣分,285
WATCH,2026-05-08,2026-05-11,4736,泰博,ENTRY,PRE,PRE,54.0,WAIT,BLOCK,False,126.0,0.0,0.0,8,安靜吸籌 | 均線收斂 | 接近突破 | 結構尚可,BLOCK：超出本市場狀態可執行名額｜v266.57.9：結構：平台壓縮後轉強，可優先觀察起漲/試單。｜續強：回檔承接尚可，若原策略入選，可優先觀察延續。｜突破：尚未形成乾淨突破，不急著升級。,91.73,,,HIGH,高流動性,51.47,319724.0,40285224000.0,0.0,⚠️ 分散,25（⚠️ 分散）,,籌碼偏弱且資料有限，避免重倉追高。,1,部分籌碼資料有限,📉 低信心,,,泰博,-43000.0,0.0,0.0,-43000.0,0.0,1,0.0,0.0,0.0,0.0,0,TWSE,🟡 洗盤吸籌／整理換手（結構未壞）,中高,不急追；等放量突破或站穩 MA10 / MA20 再提高權重。,2026-05-09 00:25:55,behavior_interpretation,,,,,,,,,,,,,,,,,,,,,,,,,,,,,,,,,,,,,,,,,,,,,,,,,,,,,,,,,,,,,,,,,,,,MA5：依試單節奏判斷,MA20：依試單節奏判斷,,,,,MA10：依試單節奏判斷,MA5：依試單節奏判斷,MA10：依試單節奏判斷,MA20：依試單節奏判斷,突破確認K,整理後轉強,整理後轉強,MA5：依試單節奏判斷｜MA10：依試單節奏判斷｜MA20：依試單節奏判斷｜K棒：突破確認K｜K線：整理後轉強,K棒型態：突破確認K｜K線結構：整理後轉強,依原策略執行，技術欄位用於確認節奏與風險。,11.0,A,起漲結構強,20D站上MA20｜MA20走平翻揚｜接近20日高｜40D平台收斂｜短中均線糾結｜40D低點守住｜接近/站回MA60｜MA60不再下彎｜量縮後溫和放量,平台壓縮後轉強，可優先觀察起漲/試單。,v266.57.9,8.0,A,續強品質強,回檔不破前低｜低點墊高確認｜收盤守MA5｜續強確認：收盤未跌破MA5｜回檔量縮｜仍站MA20,回檔承接尚可，若原策略入選，可優先觀察延續。,v266.57.9,0.2,D,突破不足,量能較前日放大｜扣分:收盤位置偏弱,尚未形成乾淨突破，不急著升級。,v266.57.9,GENERIC,0.55,0.5,0.5,10.15,265.0,最後後處理補寫：原分數+結構前置+續強品質+突破品質；不覆蓋原策略,一般,8.323,v266.58.1,2026-05-09 00:25:47,觀察,否,,觀察,0,0,持續觀察,前狀態:nan→今日:觀察,NO,v266.60.2,8.323,30.0,0.0,0.0,0.0,12.952,311.0,20/40/60結構佳｜續強品質佳｜主力佈局語意,主力佈局優先,v266.61,2026-05-09 00:25:50,8.0,洗盤不破承接,無事件,等待下一次確認。,8.226,278,v266.62,2026-05-09 00:25:51,0.0,,NONE,445,-13,AVOID_CHASE,平台收斂｜過熱扣分,286
TEST,2026-05-08,2026-05-11,8071,能率網通,ENTRY,PRE,PRE,72.0,WAIT,BLOCK,False,16.75,0.0,0.0,3,波動壓縮 | 安靜吸籌 | 均線收斂 | 接近突破 | 結構尚可,BLOCK：超出本市場狀態可執行名額｜v266.57.9：結構：平台壓縮後轉強，可優先觀察起漲/試單。｜續強：回檔承接尚可，若原策略入選，可優先觀察延續。｜突破：尚未形成乾淨突破，不急著升級。,95.88,,,HIGH,高流動性,35.72,277764.0,4652547000.0,0.0,🟡 普通,50（🟡 普通）,,籌碼普通或資料有限，需搭配技術面確認。,1,部分籌碼資料有限,📉 低信心,,,能率網通,0.0,0.0,0.0,0.0,0.0,1,0.0,0.0,0.0,0.0,0,TPEX,🟡 洗盤吸籌／整理換手（結構未壞）,中高,不急追；等放量突破或站穩 MA10 / MA20 再提高權重。,2026-05-09 00:25:55,behavior_interpretation,,,,,,,,,,,,,,,,,,,,,,,,,,,,,,,,,,,,,,,,,,,,,,,,,,,,,,,,,,,,,,,,,,,,MA5：依試單節奏判斷,MA20：依試單節奏判斷,,,,,MA10：依試單節奏判斷,MA5：依試單節奏判斷,MA10：依試單節奏判斷,MA20：依試單節奏判斷,突破確認K,整理後轉強,整理後轉強,MA5：依試單節奏判斷｜MA10：依試單節奏判斷｜MA20：依試單節奏判斷｜K棒：突破確認K｜K線：整理後轉強,K棒型態：突破確認K｜K線結構：整理後轉強,依原策略執行，技術欄位用於確認節奏與風險。,10.8,A,起漲結構強,20D站上MA20｜MA20走平翻揚｜MA5站上MA10｜接近20日高｜40D平台收斂｜短中均線糾結｜40D低點守住｜接近/站回MA60｜站回60D區間中上｜10D動能轉正,平台壓縮後轉強，可優先觀察起漲/試單。,v266.57.9,8.7,A,續強品質強,回檔不破前低｜低點墊高確認｜收盤守MA5｜續強確認：收盤未跌破MA5｜MA5仍在MA10上｜仍站MA20｜10D動能維持,回檔承接尚可，若原策略入選，可優先觀察延續。,v266.57.9,-0.2,D,突破不足,短均多頭｜扣分:收盤位置偏弱,尚未形成乾淨突破，不急著升級。,v266.57.9,GENERIC,0.55,0.5,0.5,10.19,255.0,最後後處理補寫：原分數+結構前置+續強品質+突破品質；不覆蓋原策略,一般,8.356,v266.58.1,2026-05-09 00:25:47,觀察,否,,觀察,0,0,持續觀察,首次追蹤:觀察,NO,v266.60.2,8.356,30.0,0.0,0.0,0.0,13.496,163.0,20/40/60結構佳｜續強品質佳｜主力佈局語意,主力佈局優先,v266.61,2026-05-09 00:25:50,8.0,洗盤不破承接,無事件,等待下一次確認。,8.249,276,v266.62,2026-05-09 00:25:51,0.0,,NONE,447,-13,AVOID_CHASE,平台收斂｜過熱扣分,287
TEST,2026-05-08,2026-05-11,6961,旅天下,ENTRY,PRE,PRE,72.0,WAIT,BLOCK,False,60.9,0.0,0.0,3,波動壓縮 | 安靜吸籌 | 均線收斂 | 接近突破 | 結構尚可,BLOCK：超出本市場狀態可執行名額｜v266.57.9：結構：平台壓縮後轉強，可優先觀察起漲/試單。｜續強：回檔承接尚可，若原策略入選，可優先觀察延續。｜突破：尚未形成乾淨突破，不急著升級。,94.43,,,HIGH,高流動性,34.78,145891.0,8884761900.0,0.0,🟡 普通,50（🟡 普通）,,籌碼普通或資料有限，需搭配技術面確認。,1,部分籌碼資料有限,📉 低信心,,,旅天下,0.0,0.0,0.0,0.0,0.0,1,0.0,0.0,0.0,0.0,0,TPEX,🟡 洗盤吸籌／整理換手（結構未壞）,中高,不急追；等放量突破或站穩 MA10 / MA20 再提高權重。,2026-05-09 00:25:55,behavior_interpretation,,,,,,,,,,,,,,,,,,,,,,,,,,,,,,,,,,,,,,,,,,,,,,,,,,,,,,,,,,,,,,,,,,,,MA5：依試單節奏判斷,MA20：依試單節奏判斷,,,,,MA10：依試單節奏判斷,MA5：依試單節奏判斷,MA10：依試單節奏判斷,MA20：依試單節奏判斷,突破確認K,整理後轉強,整理後轉強,MA5：依試單節奏判斷｜MA10：依試單節奏判斷｜MA20：依試單節奏判斷｜K棒：突破確認K｜K線：整理後轉強,K棒型態：突破確認K｜K線結構：整理後轉強,依原策略執行，技術欄位用於確認節奏與風險。,10.8,A,起漲結構強,20D站上MA20｜MA20走平翻揚｜MA5站上MA10｜接近20日高｜40D平台收斂｜短中均線糾結｜40D低點守住｜接近/站回MA60｜站回60D區間中上｜10D動能轉正,平台壓縮後轉強，可優先觀察起漲/試單。,v266.57.9,8.7,A,續強品質強,回檔不破前低｜低點墊高確認｜收盤守MA5｜續強確認：收盤未跌破MA5｜MA5仍在MA10上｜仍站MA20｜10D動能維持,回檔承接尚可，若原策略入選，可優先觀察延續。,v266.57.9,-0.2,D,突破不足,短均多頭｜扣分:收盤位置偏弱,尚未形成乾淨突破，不急著升級。,v266.57.9,GENERIC,0.55,0.5,0.5,10.19,255.0,最後後處理補寫：原分數+結構前置+續強品質+突破品質；不覆蓋原策略,一般,8.356,v266.58.1,2026-05-09 00:25:47,觀察,否,,觀察,0,0,持續觀察,前狀態:nan→今日:觀察,NO,v266.60.2,8.356,30.0,0.0,0.0,0.0,13.496,163.0,20/40/60結構佳｜續強品質佳｜主力佈局語意,主力佈局優先,v266.61,2026-05-09 00:25:50,8.0,洗盤不破承接,無事件,等待下一次確認。,8.249,277,v266.62,2026-05-09 00:25:51,0.0,,NONE,446,-13,AVOID_CHASE,平台收斂｜過熱扣分,288
TEST,2026-05-08,2026-05-11,4745,合富-KY,ENTRY,PRE,PRE,68.0,WAIT,BLOCK,False,20.05,0.0,0.0,3,安靜吸籌 | 均線收斂 | 放量吸收 | 接近突破 | 結構尚可,BLOCK：超出本市場狀態可執行名額｜v266.57.9：結構：平台壓縮後轉強，可優先觀察起漲/試單。｜續強：回檔承接尚可，若原策略入選，可優先觀察延續。｜突破：尚未形成乾淨突破，不急著升級。,105.06,,,HIGH,高流動性,60.44,1339821.0,26863411050.0,0.0,🟡 普通,50（🟡 普通）,,籌碼普通或資料有限，需搭配技術面確認。,1,部分籌碼資料有限,📉 低信心,,,,0.0,0.0,0.0,0.0,0.0,1,0.0,0.0,0.0,0.0,0,TPEX,🟡 洗盤吸籌／整理換手（結構未壞）,中高,不急追；等放量突破或站穩 MA10 / MA20 再提高權重。,2026-05-09 00:25:55,behavior_interpretation,,,,,,,,,,,,,,,,,,,,,,,,,,,,,,,,,,,,,,,,,,,,,,,,,,,,,,,,,,,,,,,,,,,,MA5：依試單節奏判斷,MA20：依試單節奏判斷,,,,,MA10：依試單節奏判斷,MA5：依試單節奏判斷,MA10：依試單節奏判斷,MA20：依試單節奏判斷,突破確認K,整理後轉強,整理後轉強,MA5：依試單節奏判斷｜MA10：依試單節奏判斷｜MA20：依試單節奏判斷｜K棒：突破確認K｜K線：整理後轉強,K棒型態：突破確認K｜K線結構：整理後轉強,依原策略執行，技術欄位用於確認節奏與風險。,10.8,A,起漲結構強,20D站上MA20｜MA20走平翻揚｜MA5站上MA10｜接近20日高｜40D平台收斂｜短中均線糾結｜40D低點守住｜接近/站回MA60｜站回60D區間中上｜10D動能轉正,平台壓縮後轉強，可優先觀察起漲/試單。,v266.57.9,8.7,A,續強品質強,回檔不破前低｜低點墊高確認｜收盤守MA5｜續強確認：收盤未跌破MA5｜MA5仍在MA10上｜仍站MA20｜10D動能維持,回檔承接尚可，若原策略入選，可優先觀察延續。,v266.57.9,-0.2,D,突破不足,短均多頭｜扣分:收盤位置偏弱,尚未形成乾淨突破，不急著升級。,v266.57.9,GENERIC,0.55,0.5,0.5,10.19,255.0,最後後處理補寫：原分數+結構前置+續強品質+突破品質；不覆蓋原策略,一般,8.356,v266.58.1,2026-05-09 00:25:47,觀察,否,,觀察,0,0,持續觀察,前狀態:nan→今日:觀察,NO,v266.60.2,8.356,30.0,0.0,0.0,0.0,13.376,177.0,20/40/60結構佳｜續強品質佳｜主力佈局語意,主力佈局優先,v266.61,2026-05-09 00:25:50,8.0,洗盤不破承接,無事件,等待下一次確認。,8.249,275,v266.62,2026-05-09 00:25:51,0.0,,NONE,448,-13,AVOID_CHASE,平台收斂｜過熱扣分,289
WATCH,2026-05-08,2026-05-11,5245,智晶,ENTRY,PRE,PRE,52.0,WAIT,BLOCK,False,25.7,0.0,0.0,8,波動壓縮 | 安靜吸籌 | 均線收斂,BLOCK：超出本市場狀態可執行名額｜v266.57.9：結構：平台壓縮後轉強，可優先觀察起漲/試單。｜續強：回檔承接尚可，若原策略入選，可優先觀察延續。｜突破：尚未形成乾淨突破，不急著升級。,91.7,,,HIGH,高流動性,51.02,645773.0,16596366100.0,0.0,🟡 普通,50（🟡 普通）,,籌碼普通或資料有限，需搭配技術面確認。,1,部分籌碼資料有限,📉 低信心,,,,0.0,0.0,0.0,0.0,0.0,1,0.0,0.0,0.0,0.0,0,TPEX,🟡 洗盤吸籌／整理換手（結構未壞）,中高,不急追；等放量突破或站穩 MA10 / MA20 再提高權重。,2026-05-09 00:25:55,behavior_interpretation,,,,,,,,,,,,,,,,,,,,,,,,,,,,,,,,,,,,,,,,,,,,,,,,,,,,,,,,,,,,,,,,,,,,MA5：依觀察節奏判斷,MA20：依觀察節奏判斷,,,,,MA10：依觀察節奏判斷,MA5：依觀察節奏判斷,MA10：依觀察節奏判斷,MA20：依觀察節奏判斷,整理觀察K,整理收斂,整理收斂,MA5：依觀察節奏判斷｜MA10：依觀察節奏判斷｜MA20：依觀察節奏判斷｜K棒：整理觀察K｜K線：整理收斂,K棒型態：整理觀察K｜K線結構：整理收斂,依原策略執行，技術欄位用於確認節奏與風險。,10.8,A,起漲結構強,20D站上MA20｜MA20走平翻揚｜MA5站上MA10｜40D平台收斂｜短中均線糾結｜40D低點守住｜接近/站回MA60｜量縮後溫和放量｜10D動能轉正,平台壓縮後轉強，可優先觀察起漲/試單。,v266.57.9,8.7,A,續強品質強,回檔不破前低｜低點墊高確認｜收盤守MA5｜續強確認：收盤未跌破MA5｜MA5仍在MA10上｜仍站MA20｜10D動能維持,回檔承接尚可，若原策略入選，可優先觀察延續。,v266.57.9,-0.2,D,突破不足,短均多頭｜扣分:收盤位置偏弱,尚未形成乾淨突破，不急著升級。,v266.57.9,GENERIC,0.55,0.5,0.5,10.19,255.0,最後後處理補寫：原分數+結構前置+續強品質+突破品質；不覆蓋原策略,一般,8.356,v266.58.1,2026-05-09 00:25:47,觀察,否,,觀察,0,0,持續觀察,首次追蹤:觀察,NO,v266.60.2,8.356,30.0,0.0,0.0,0.0,12.896,343.0,20/40/60結構佳｜續強品質佳｜主力佈局語意,主力佈局優先,v266.61,2026-05-09 00:25:50,8.0,洗盤不破承接,無事件,等待下一次確認。,8.249,273,v266.62,2026-05-09 00:25:51,0.0,,NONE,450,-13,AVOID_CHASE,平台收斂｜過熱扣分,290
WATCH,2026-05-08,2026-05-11,6598,ABC-KY,ENTRY,PRE,PRE,54.0,WAIT,BLOCK,False,22.5,0.0,0.0,8,波動壓縮 | 均線收斂 | 接近突破 | 結構尚可,BLOCK：超出本市場狀態可執行名額｜v266.57.9：結構：平台壓縮後轉強，可優先觀察起漲/試單。｜續強：回檔承接尚可，若原策略入選，可優先觀察延續。｜突破：有轉強跡象，但突破品質尚未完全成立。,82.79,,,HIGH,高流動性,29.4,158135.0,3558037500.0,0.0,⚠️ 分散,25（⚠️ 分散）,,籌碼偏弱且資料有限，避免重倉追高。,1,部分籌碼資料有限,📉 低信心,,,,-36000.0,0.0,0.0,-36000.0,0.0,1,0.0,0.0,0.0,0.0,0,TWSE,⚪ 盤整觀望（等待方向）,中低,先觀察，不急進場；等突破、量能或均線方向出現。,2026-05-09 00:25:55,behavior_interpretation,,,,,,,,,,,,,,,,,,,,,,,,,,,,,,,,,,,,,,,,,,,,,,,,,,,,,,,,,,,,,,,,,,,,MA5：依試單節奏判斷,MA20：依試單節奏判斷,,,,,MA10：依試單節奏判斷,MA5：依試單節奏判斷,MA10：依試單節奏判斷,MA20：依試單節奏判斷,突破確認K,整理後轉強,整理後轉強,MA5：依試單節奏判斷｜MA10：依試單節奏判斷｜MA20：依試單節奏判斷｜K棒：突破確認K｜K線：整理後轉強,K棒型態：突破確認K｜K線結構：整理後轉強,依原策略執行，技術欄位用於確認節奏與風險。,9.6,A,起漲結構強,20D站上MA20｜MA5站上MA10｜接近20日高｜40D平台收斂｜短中均線糾結｜量縮後溫和放量｜5D動能轉正｜10D動能轉正,平台壓縮後轉強，可優先觀察起漲/試單。,v266.57.9,10.0,A,續強品質強,回檔不破前低｜低點墊高確認｜收盤守MA5｜續強確認：收盤未跌破MA5｜回檔量縮｜MA5仍在MA10上｜仍站MA20｜10D動能維持,回檔承接尚可，若原策略入選，可優先觀察延續。,v266.57.9,2.0,C,突破觀察,量能較前日放大｜短均多頭,有轉強跡象，但突破品質尚未完全成立。,v266.57.9,GENERIC,0.55,0.5,0.5,11.28,183.0,最後後處理補寫：原分數+結構前置+續強品質+突破品質；不覆蓋原策略,一般,9.25,v266.58.1,2026-05-09 00:25:47,觀察,否,,觀察,0,0,持續觀察,前狀態:nan→今日:觀察,NO,v266.60.2,9.25,30.0,0.0,0.0,0.0,13.045,261.0,20/40/60結構佳｜續強品質佳｜主力佈局語意,主力佈局優先,v266.61,2026-05-09 00:25:50,8.0,洗盤不破承接,無事件,等待下一次確認。,8.875,208,v266.62,2026-05-09 00:25:51,0.0,,NONE,458,-13,AVOID_CHASE,平台收斂｜過熱扣分,291
WATCH,2026-05-08,2026-05-11,1580,新麥,ENTRY,PRE,PRE,54.0,WAIT,BLOCK,False,124.5,0.0,0.0,8,波動壓縮 | 均線收斂 | 接近突破 | 結構尚可,BLOCK：超出本市場狀態可執行名額｜v266.57.9：結構：平台壓縮後轉強，可優先觀察起漲/試單。｜續強：回檔承接尚可，若原策略入選，可優先觀察延續。｜突破：有轉強跡象，但突破品質尚未完全成立。,78.92,,,HIGH,高流動性,24.34,47312.0,5890344000.0,0.0,🟡 普通,50（🟡 普通）,,籌碼普通或資料有限，需搭配技術面確認。,1,部分籌碼資料有限,📉 低信心,,,新麥,0.0,0.0,0.0,0.0,0.0,1,0.0,0.0,0.0,0.0,0,TPEX,⚪ 盤整觀望（等待方向）,中低,先觀察，不急進場；等突破、量能或均線方向出現。,2026-05-09 00:25:55,behavior_interpretation,,,,,,,,,,,,,,,,,,,,,,,,,,,,,,,,,,,,,,,,,,,,,,,,,,,,,,,,,,,,,,,,,,,,MA5：依試單節奏判斷,MA20：依試單節奏判斷,,,,,MA10：依試單節奏判斷,MA5：依試單節奏判斷,MA10：依試單節奏判斷,MA20：依試單節奏判斷,突破確認K,整理後轉強,整理後轉強,MA5：依試單節奏判斷｜MA10：依試單節奏判斷｜MA20：依試單節奏判斷｜K棒：突破確認K｜K線：整理後轉強,K棒型態：突破確認K｜K線結構：整理後轉強,依原策略執行，技術欄位用於確認節奏與風險。,7.8,B,起漲結構中,MA5站上MA10｜接近20日高｜40D平台收斂｜短中均線糾結｜接近/站回MA60｜近5日量縮｜10D動能轉正,平台壓縮後轉強，可優先觀察起漲/試單。,v266.57.9,9.2,A,續強品質強,回檔不破前低｜低點墊高確認｜收盤守MA5｜續強確認：收盤未跌破MA5｜回檔量縮｜MA5仍在MA10上｜10D動能維持,回檔承接尚可，若原策略入選，可優先觀察延續。,v266.57.9,3.8,C,突破觀察,收盤接近高點｜突破近5日高｜短均多頭,有轉強跡象，但突破品質尚未完全成立。,v266.57.9,GENERIC,0.55,0.5,0.5,10.79,213.0,最後後處理補寫：原分數+結構前置+續強品質+突破品質；不覆蓋原策略,一般,8.848,v266.58.1,2026-05-09 00:25:47,觀察,否,,觀察,0,0,持續觀察,首次追蹤:觀察,NO,v266.60.2,8.848,30.0,0.0,0.0,0.0,13.005,284.0,20/40/60結構佳｜續強品質佳｜主力佈局語意,主力佈局優先,v266.61,2026-05-09 00:25:50,8.0,洗盤不破承接,無事件,等待下一次確認。,8.594,237,v266.62,2026-05-09 00:25:51,0.0,,NONE,454,-13,AVOID_CHASE,平台收斂｜過熱扣分,292
WATCH,2026-05-08,2026-05-11,7718,友鋮,ENTRY,PRE,PRE,54.0,WAIT,BLOCK,False,49.15,0.0,0.0,8,波動壓縮 | 均線收斂 | 接近突破 | 結構尚可,BLOCK：超出本市場狀態可執行名額｜v266.57.9：結構：平台壓縮後轉強，可優先觀察起漲/試單。｜續強：回檔承接尚可，若原策略入選，可優先觀察延續。｜突破：尚未形成乾淨突破，不急著升級。,71.5,,,HIGH,高流動性,8.87,16576.0,814710400.0,0.0,🟡 普通,50（🟡 普通）,,籌碼普通或資料有限，需搭配技術面確認。,0,法人/融資資料有限,📉 低信心,,,友鋮,0.0,0.0,0.0,0.0,0.0,0,0.0,0.0,0.0,0.0,0,,⚪ 盤整觀望（等待方向）,中低,先觀察，不急進場；等突破、量能或均線方向出現。,2026-05-09 00:25:55,behavior_interpretation,,,,,,,,,,,,,,,,,,,,,,,,,,,,,,,,,,,,,,,,,,,,,,,,,,,,,,,,,,,,,,,,,,,,MA5：依試單節奏判斷,MA20：依試單節奏判斷,,,,,MA10：依試單節奏判斷,MA5：依試單節奏判斷,MA10：依試單節奏判斷,MA20：依試單節奏判斷,突破確認K,整理後轉強,整理後轉強,MA5：依試單節奏判斷｜MA10：依試單節奏判斷｜MA20：依試單節奏判斷｜K棒：突破確認K｜K線：整理後轉強,K棒型態：突破確認K｜K線結構：整理後轉強,依原策略執行，技術欄位用於確認節奏與風險。,11.8,A,起漲結構強,20D站上MA20｜MA20走平翻揚｜MA5站上MA10｜接近20日高｜40D平台收斂｜短中均線糾結｜40D低點守住｜接近/站回MA60｜MA60不再下彎｜近5日量縮｜10D動能轉正,平台壓縮後轉強，可優先觀察起漲/試單。,v266.57.9,10.0,A,續強品質強,回檔不破前低｜低點墊高確認｜收盤守MA5｜續強確認：收盤未跌破MA5｜回檔量縮｜MA5仍在MA10上｜仍站MA20｜10D動能維持,回檔承接尚可，若原策略入選，可優先觀察延續。,v266.57.9,-1.4,D,突破不足,短均多頭｜扣分:收盤位置偏弱、上影偏長,尚未形成乾淨突破，不急著升級。,v266.57.9,GENERIC,0.55,0.5,0.5,10.79,213.0,最後後處理補寫：原分數+結構前置+續強品質+突破品質；不覆蓋原策略,一般,8.848,v266.58.1,2026-05-09 00:25:47,觀察,否,,觀察,0,0,持續觀察,前狀態:nan→今日:觀察,NO,v266.60.2,8.848,30.0,0.0,0.0,0.0,13.005,284.0,20/40/60結構佳｜續強品質佳｜主力佈局語意,主力佈局優先,v266.61,2026-05-09 00:25:50,8.0,洗盤不破承接,無事件,等待下一次確認。,8.594,236,v266.62,2026-05-09 00:25:51,0.0,,NONE,455,-13,AVOID_CHASE,平台收斂｜過熱扣分,293
WATCH,2026-05-08,2026-05-11,6201,亞弘電,ENTRY,PRE,PRE,54.0,WAIT,BLOCK,False,50.6,0.0,0.0,8,安靜吸籌 | 均線收斂 | 接近突破 | 結構尚可,BLOCK：超出本市場狀態可執行名額｜v266.57.9：結構：平台壓縮後轉強，可優先觀察起漲/試單。｜續強：回檔承接尚可，若原策略入選，可優先觀察延續。｜突破：有轉強跡象，但突破品質尚未完全成立。,77.42,,,HIGH,高流動性,19.54,52577.0,2660396200.0,0.0,⚠️ 分散,38（⚠️ 分散）,,籌碼普通或資料有限，需搭配技術面確認。,1,部分籌碼資料有限,📉 低信心,,,,-9000.0,0.0,0.0,-9000.0,0.0,1,0.0,0.0,0.0,0.0,0,TWSE,🟡 洗盤吸籌／整理換手（結構未壞）,中高,不急追；等放量突破或站穩 MA10 / MA20 再提高權重。,2026-05-09 00:25:55,behavior_interpretation,,,,,,,,,,,,,,,,,,,,,,,,,,,,,,,,,,,,,,,,,,,,,,,,,,,,,,,,,,,,,,,,,,,,MA5：依試單節奏判斷,MA20：依試單節奏判斷,,,,,MA10：依試單節奏判斷,MA5：依試單節奏判斷,MA10：依試單節奏判斷,MA20：依試單節奏判斷,突破確認K,整理後轉強,整理後轉強,MA5：依試單節奏判斷｜MA10：依試單節奏判斷｜MA20：依試單節奏判斷｜K棒：突破確認K｜K線：整理後轉強,K棒型態：突破確認K｜K線結構：整理後轉強,依原策略執行，技術欄位用於確認節奏與風險。,10.0,A,起漲結構強,MA20走平翻揚｜MA5站上MA10｜接近20日高｜40D平台收斂｜短中均線糾結｜40D低點守住｜接近/站回MA60｜量縮後溫和放量,平台壓縮後轉強，可優先觀察起漲/試單。,v266.57.9,8.0,A,續強品質強,回檔不破前低｜低點墊高確認｜收盤守MA5｜回測守MA10｜回檔量縮｜MA5仍在MA10上,回檔承接尚可，若原策略入選，可優先觀察延續。,v266.57.9,3.5,C,突破觀察,收盤接近高點｜量能較前日放大｜短均多頭,有轉強跡象，但突破品質尚未完全成立。,v266.57.9,GENERIC,0.55,0.5,0.5,11.25,186.0,最後後處理補寫：原分數+結構前置+續強品質+突破品質；不覆蓋原策略,一般,9.225,v266.58.1,2026-05-09 00:25:47,觀察,否,,觀察,0,0,持續觀察,前狀態:nan→今日:觀察,NO,v266.60.2,9.225,30.0,0.0,0.0,0.0,13.042,262.0,20/40/60結構佳｜續強品質佳｜主力佈局語意,主力佈局優先,v266.61,2026-05-09 00:25:50,8.0,洗盤不破承接,無事件,等待下一次確認。,8.858,209,v266.62,2026-05-09 00:25:51,0.0,,NONE,457,-13,AVOID_CHASE,平台收斂｜過熱扣分,294
WATCH,2026-05-08,2026-05-11,4433,興采,ENTRY,PRE,PRE,54.0,WAIT,BLOCK,False,19.95,0.0,0.0,8,波動壓縮 | 均線收斂 | 接近突破 | 結構尚可,BLOCK：超出本市場狀態可執行名額｜v266.57.9：結構：平台壓縮後轉強，可優先觀察起漲/試單。｜續強：回檔承接尚可，若原策略入選，可優先觀察延續。｜突破：尚未形成乾淨突破，不急著升級。,69.25,,,HIGH,高流動性,5.28,15251.0,304257450.0,0.0,🟡 普通,50（🟡 普通）,,籌碼普通或資料有限，需搭配技術面確認。,1,部分籌碼資料有限,📉 低信心,,,,0.0,0.0,0.0,0.0,0.0,1,0.0,0.0,0.0,0.0,0,TPEX,⚪ 盤整觀望（等待方向）,中低,先觀察，不急進場；等突破、量能或均線方向出現。,2026-05-09 00:25:55,behavior_interpretation,,,,,,,,,,,,,,,,,,,,,,,,,,,,,,,,,,,,,,,,,,,,,,,,,,,,,,,,,,,,,,,,,,,,MA5：依試單節奏判斷,MA20：依試單節奏判斷,,,,,MA10：依試單節奏判斷,MA5：依試單節奏判斷,MA10：依試單節奏判斷,MA20：依試單節奏判斷,突破確認K,整理後轉強,整理後轉強,MA5：依試單節奏判斷｜MA10：依試單節奏判斷｜MA20：依試單節奏判斷｜K棒：突破確認K｜K線：整理後轉強,K棒型態：突破確認K｜K線結構：整理後轉強,依原策略執行，技術欄位用於確認節奏與風險。,6.0,B,起漲結構中,MA5站上MA10｜40D平台收斂｜短中均線糾結｜40D低點守住｜近5日量縮,平台壓縮後轉強，可優先觀察起漲/試單。,v266.57.9,8.2,A,續強品質強,回檔不破前低｜低點墊高確認｜收盤守MA5｜續強確認：收盤未跌破MA5｜回檔量縮｜MA5仍在MA10上,回檔承接尚可，若原策略入選，可優先觀察延續。,v266.57.9,1.3,D,突破不足,突破近5日高｜短均多頭｜扣分:收盤位置偏弱,尚未形成乾淨突破，不急著升級。,v266.57.9,GENERIC,0.55,0.5,0.5,8.05,400.0,最後後處理補寫：原分數+結構前置+續強品質+突破品質；不覆蓋原策略,一般,6.601,v266.58.1,2026-05-09 00:25:47,觀察,否,,觀察,0,0,持續觀察,前狀態:nan→今日:觀察,NO,v266.60.2,6.601,30.0,0.0,0.0,0.0,12.78,376.0,20/40/60結構佳｜續強品質佳｜主力佈局語意,主力佈局優先,v266.61,2026-05-09 00:25:50,8.0,洗盤不破承接,無事件,等待下一次確認。,7.021,370,v266.62,2026-05-09 00:25:51,0.0,,NONE,64,-13,AVOID_CHASE,平台收斂｜過熱扣分,295
WATCH,2026-05-08,2026-05-11,5489,彩富,ENTRY,PRE,PRE,54.0,WAIT,BLOCK,False,40.5,0.0,0.0,8,波動壓縮 | 均線收斂 | 接近突破 | 結構尚可,BLOCK：超出本市場狀態可執行名額｜v266.57.9：結構：平台壓縮後轉強，可優先觀察起漲/試單。｜續強：回檔承接尚可，若原策略入選，可優先觀察延續。｜突破：有轉強跡象，但突破品質尚未完全成立。,75.88,,,HIGH,高流動性,16.11,43251.0,1751665500.0,0.0,🟡 普通,50（🟡 普通）,,籌碼普通或資料有限，需搭配技術面確認。,1,部分籌碼資料有限,📉 低信心,,,,114.0,0.0,-114.0,0.0,0.0,1,0.0,0.0,0.0,0.0,0,TPEX,⚪ 盤整觀望（等待方向）,中低,先觀察，不急進場；等突破、量能或均線方向出現。,2026-05-09 00:25:55,behavior_interpretation,,,,,,,,,,,,,,,,,,,,,,,,,,,,,,,,,,,,,,,,,,,,,,,,,,,,,,,,,,,,,,,,,,,,MA5：依試單節奏判斷,MA20：依試單節奏判斷,,,,,MA10：依試單節奏判斷,MA5：依試單節奏判斷,MA10：依試單節奏判斷,MA20：依試單節奏判斷,突破確認K,整理後轉強,整理後轉強,MA5：依試單節奏判斷｜MA10：依試單節奏判斷｜MA20：依試單節奏判斷｜K棒：突破確認K｜K線：整理後轉強,K棒型態：突破確認K｜K線結構：整理後轉強,依原策略執行，技術欄位用於確認節奏與風險。,6.0,B,起漲結構中,MA5站上MA10｜40D平台收斂｜短中均線糾結｜40D低點守住｜接近/站回MA60,平台壓縮後轉強，可優先觀察起漲/試單。,v266.57.9,8.2,A,續強品質強,回檔不破前低｜低點墊高確認｜收盤守MA5｜續強確認：收盤未跌破MA5｜回檔量縮｜MA5仍在MA10上,回檔承接尚可，若原策略入選，可優先觀察延續。,v266.57.9,2.3,C,突破觀察,突破近5日高｜短均多頭,有轉強跡象，但突破品質尚未完全成立。,v266.57.9,GENERIC,0.55,0.5,0.5,8.55,367.0,最後後處理補寫：原分數+結構前置+續強品質+突破品質；不覆蓋原策略,一般,7.011,v266.58.1,2026-05-09 00:25:47,觀察,否,,觀察,0,0,持續觀察,前狀態:nan→今日:觀察,NO,v266.60.2,7.011,30.0,0.0,0.0,0.0,12.821,364.0,20/40/60結構佳｜續強品質佳｜主力佈局語意,主力佈局優先,v266.61,2026-05-09 00:25:50,8.0,洗盤不破承接,無事件,等待下一次確認。,7.308,345,v266.62,2026-05-09 00:25:51,0.0,,NONE,71,-13,AVOID_CHASE,平台收斂｜過熱扣分,296
WATCH,2026-05-08,2026-05-11,6194,育富,ENTRY,PRE,PRE,54.0,WAIT,BLOCK,False,32.3,0.0,0.0,8,波動壓縮 | 均線收斂 | 接近突破 | 結構尚可,BLOCK：超出本市場狀態可執行名額｜v266.57.9：結構：平台壓縮後轉強，可優先觀察起漲/試單。｜續強：回檔承接尚可，若原策略入選，可優先觀察延續。｜突破：尚未形成乾淨突破，不急著升級。,74.1,,,HIGH,高流動性,12.3,33409.0,1079110700.0,0.0,🟡 普通,50（🟡 普通）,,籌碼普通或資料有限，需搭配技術面確認。,1,部分籌碼資料有限,📉 低信心,,,育富,0.0,0.0,0.0,0.0,0.0,1,0.0,0.0,0.0,0.0,0,TPEX,⚪ 盤整觀望（等待方向）,中低,先觀察，不急進場；等突破、量能或均線方向出現。,2026-05-09 00:25:55,behavior_interpretation,,,,,,,,,,,,,,,,,,,,,,,,,,,,,,,,,,,,,,,,,,,,,,,,,,,,,,,,,,,,,,,,,,,,MA5：依試單節奏判斷,MA20：依試單節奏判斷,,,,,MA10：依試單節奏判斷,MA5：依試單節奏判斷,MA10：依試單節奏判斷,MA20：依試單節奏判斷,突破確認K,整理後轉強,整理後轉強,MA5：依試單節奏判斷｜MA10：依試單節奏判斷｜MA20：依試單節奏判斷｜K棒：突破確認K｜K線：整理後轉強,K棒型態：突破確認K｜K線結構：整理後轉強,依原策略執行，技術欄位用於確認節奏與風險。,7.0,B,起漲結構中,MA5站上MA10｜40D平台收斂｜短中均線糾結｜40D低點守住｜接近/站回MA60｜近5日量縮,平台壓縮後轉強，可優先觀察起漲/試單。,v266.57.9,8.2,A,續強品質強,回檔不破前低｜低點墊高確認｜收盤守MA5｜續強確認：收盤未跌破MA5｜回檔量縮｜MA5仍在MA10上,回檔承接尚可，若原策略入選，可優先觀察延續。,v266.57.9,-0.2,D,突破不足,短均多頭｜扣分:收盤位置偏弱,尚未形成乾淨突破，不急著升級。,v266.57.9,GENERIC,0.55,0.5,0.5,7.85,410.0,最後後處理補寫：原分數+結構前置+續強品質+突破品質；不覆蓋原策略,一般,6.437,v266.58.1,2026-05-09 00:25:47,觀察,否,,觀察,0,0,持續觀察,前狀態:nan→今日:觀察,NO,v266.60.2,6.437,30.0,0.0,0.0,0.0,12.764,381.0,20/40/60結構佳｜續強品質佳｜主力佈局語意,主力佈局優先,v266.61,2026-05-09 00:25:50,8.0,洗盤不破承接,無事件,等待下一次確認。,6.906,376,v266.62,2026-05-09 00:25:51,0.0,,NONE,70,-13,AVOID_CHASE,平台收斂｜過熱扣分,297
WATCH,2026-05-08,2026-05-11,3484,崧騰,ENTRY,PRE,PRE,54.0,WAIT,BLOCK,False,44.85,0.0,0.0,8,波動壓縮 | 均線收斂 | 接近突破 | 結構尚可,BLOCK：超出本市場狀態可執行名額｜v266.57.9：結構：平台壓縮後轉強，可優先觀察起漲/試單。｜續強：回檔承接尚可，若原策略入選，可優先觀察延續。｜突破：尚未形成乾淨突破，不急著升級。,86.93,,,HIGH,高流動性,39.48,225885.0,10130942250.0,0.0,🟡 普通,50（🟡 普通）,,籌碼普通或資料有限，需搭配技術面確認。,1,部分籌碼資料有限,📉 低信心,,,,46.0,0.0,-46.0,0.0,0.0,1,0.0,0.0,0.0,0.0,0,TPEX,⚪ 盤整觀望（等待方向）,中低,先觀察，不急進場；等突破、量能或均線方向出現。,2026-05-09 00:25:55,behavior_interpretation,,,,,,,,,,,,,,,,,,,,,,,,,,,,,,,,,,,,,,,,,,,,,,,,,,,,,,,,,,,,,,,,,,,,MA5：依試單節奏判斷,MA20：依試單節奏判斷,,,,,MA10：依試單節奏判斷,MA5：依試單節奏判斷,MA10：依試單節奏判斷,MA20：依試單節奏判斷,突破確認K,整理後轉強,整理後轉強,MA5：依試單節奏判斷｜MA10：依試單節奏判斷｜MA20：依試單節奏判斷｜K棒：突破確認K｜K線：整理後轉強,K棒型態：突破確認K｜K線結構：整理後轉強,依原策略執行，技術欄位用於確認節奏與風險。,7.0,B,起漲結構中,MA5站上MA10｜接近20日高｜40D平台收斂｜短中均線糾結｜40D低點守住｜接近/站回MA60,平台壓縮後轉強，可優先觀察起漲/試單。,v266.57.9,8.2,A,續強品質強,回檔不破前低｜低點墊高確認｜收盤守MA5｜續強確認：收盤未跌破MA5｜回檔量縮｜MA5仍在MA10上,回檔承接尚可，若原策略入選，可優先觀察延續。,v266.57.9,-0.2,D,突破不足,短均多頭｜扣分:收盤位置偏弱,尚未形成乾淨突破，不急著升級。,v266.57.9,GENERIC,0.55,0.5,0.5,7.85,410.0,最後後處理補寫：原分數+結構前置+續強品質+突破品質；不覆蓋原策略,一般,6.437,v266.58.1,2026-05-09 00:25:47,觀察,否,,觀察,0,0,持續觀察,前狀態:nan→今日:觀察,NO,v266.60.2,6.437,30.0,0.0,0.0,0.0,12.764,381.0,20/40/60結構佳｜續強品質佳｜主力佈局語意,主力佈局優先,v266.61,2026-05-09 00:25:50,8.0,洗盤不破承接,無事件,等待下一次確認。,6.906,375,v266.62,2026-05-09 00:25:51,0.0,,NONE,69,-13,AVOID_CHASE,平台收斂｜過熱扣分,298
WATCH,2026-05-08,2026-05-11,2073,,ENTRY,PRE,PRE,54.0,WAIT,BLOCK,False,26.9,0.0,0.0,8,波動壓縮 | 均線收斂 | 接近突破 | 結構尚可,BLOCK：超出本市場狀態可執行名額｜v266.57.9：結構：平台壓縮後轉強，可優先觀察起漲/試單。｜續強：回檔承接尚可，若原策略入選，可優先觀察延續。,62.71,,,MEDIUM,中流動性,0.94,2013.0,54149700.0,0.0,🟡 普通,50（🟡 普通）,,籌碼普通或資料有限，需搭配技術面確認。,0,法人/融資資料有限,📉 低信心,,,,0.0,0.0,0.0,0.0,0.0,0,0.0,0.0,0.0,0.0,0,,⚪ 盤整觀望（等待方向）,中低,先觀察，不急進場；等突破、量能或均線方向出現。,2026-05-09 00:25:55,behavior_interpretation,,,,,,,,,,,,,,,,,,,,,,,,,,,,,,,,,,,,,,,,,,,,,,,,,,,,,,,,,,,,,,,,,,,,MA5：依試單節奏判斷,MA20：依試單節奏判斷,,,,,MA10：依試單節奏判斷,MA5：依試單節奏判斷,MA10：依試單節奏判斷,MA20：依試單節奏判斷,突破確認K,整理後轉強,整理後轉強,MA5：依試單節奏判斷｜MA10：依試單節奏判斷｜MA20：依試單節奏判斷｜K棒：突破確認K｜K線：整理後轉強,K棒型態：突破確認K｜K線結構：整理後轉強,依原策略執行，技術欄位用於確認節奏與風險。,11.8,A,起漲結構強,20D站上MA20｜MA20走平翻揚｜MA5站上MA10｜接近20日高｜40D平台收斂｜短中均線糾結｜40D低點守住｜接近/站回MA60｜MA60不再下彎｜站回60D區間中上｜10D動能轉正,平台壓縮後轉強，可優先觀察起漲/試單。,v266.57.9,10.0,A,續強品質強,回檔不破前低｜低點墊高確認｜收盤守MA5｜續強確認：收盤未跌破MA5｜回檔量縮｜MA5仍在MA10上｜仍站MA20｜10D動能維持,回檔承接尚可，若原策略入選，可優先觀察延續。,v266.57.9,,,,,,,GENERIC,0.55,0.5,0.5,11.49,163.0,最後後處理補寫：原分數+結構前置+續強品質+突破品質；不覆蓋原策略,一般,9.422,v266.58.1,2026-05-09 00:25:47,觀察,否,,觀察,0,0,持續觀察,首次追蹤:觀察,NO,v266.60.2,9.422,30.0,0.0,0.0,0.0,13.062,257.0,20/40/60結構佳｜續強品質佳｜主力佈局語意,主力佈局優先,v266.61,2026-05-09 00:25:50,8.0,洗盤不破承接,無事件,等待下一次確認。,8.995,196,v266.62,2026-05-09 00:25:51,0.0,,NONE,485,-13,AVOID_CHASE,平台收斂｜過熱扣分,299
TEST,2026-05-08,2026-05-11,6134,萬旭,ENTRY,PRE,PRE,72.0,WAIT,BLOCK,False,33.25,0.0,0.0,3,波動壓縮 | 安靜吸籌 | 均線收斂 | 接近突破 | 結構尚可,BLOCK：超出本市場狀態可執行名額｜v266.57.9：結構：平台壓縮後轉強，可優先觀察起漲/試單。｜續強：回檔承接尚可，若原策略入選，可優先觀察延續。｜突破：尚未形成乾淨突破，不急著升級。,112.7,,,HIGH,高流動性,74.57,3458570.0,114997452500.0,4.0,🟢 偏集中,62（🟢 偏集中）,法人偏多,籌碼偏集中但資料有限，可搭配技術面確認，不宜單獨重倉。,1,部分籌碼資料有限,📉 低信心,,,,1.0,91.0,90.0,182.0,1.0,1,0.0,0.0,0.0,0.0,0,TPEX,🟡 洗盤吸籌／整理換手（結構未壞）,中高,不急追；等放量突破或站穩 MA10 / MA20 再提高權重。,2026-05-09 00:25:55,behavior_interpretation,,,,,,,,,,,,,,,,,,,,,,,,,,,,,,,,,,,,,,,,,,,,,,,,,,,,,,,,,,,,,,,,,,,,MA5：依試單節奏判斷,MA20：依試單節奏判斷,,,,,MA10：依試單節奏判斷,MA5：依試單節奏判斷,MA10：依試單節奏判斷,MA20：依試單節奏判斷,突破確認K,整理後轉強,整理後轉強,MA5：依試單節奏判斷｜MA10：依試單節奏判斷｜MA20：依試單節奏判斷｜K棒：突破確認K｜K線：整理後轉強,K棒型態：突破確認K｜K線結構：整理後轉強,依原策略執行，技術欄位用於確認節奏與風險。,12.0,A,起漲結構強,20D站上MA20｜MA20走平翻揚｜MA5站上MA10｜接近20日高｜40D平台收斂｜短中均線糾結｜40D低點守住｜接近/站回MA60｜MA60不再下彎｜站回60D區間中上｜量縮後溫和放量｜10D動能轉正,平台壓縮後轉強，可優先觀察起漲/試單。,v266.57.9,8.7,A,續強品質強,回檔不破前低｜低點墊高確認｜收盤守MA5｜續強確認：收盤未跌破MA5｜MA5仍在MA10上｜仍站MA20｜10D動能維持,回檔承接尚可，若原策略入選，可優先觀察延續。,v266.57.9,0.8,D,突破不足,短均多頭,尚未形成乾淨突破，不急著升級。,v266.57.9,GENERIC,0.55,0.5,0.5,11.35,173.0,最後後處理補寫：原分數+結構前置+續強品質+突破品質；不覆蓋原策略,一般,10.027,v266.58.1,2026-05-09 00:25:47,觀察,否,,觀察,0,0,持續觀察,前狀態:nan→今日:觀察,NO,v266.60.2,10.027,30.0,0.0,0.0,0.0,13.663,133.0,20/40/60結構佳｜續強品質佳｜主力佈局語意,主力佈局優先,v266.61,2026-05-09 00:25:50,8.0,洗盤不破承接,無事件,等待下一次確認。,9.419,157,v266.62,2026-05-09 00:25:51,0.0,,NONE,477,-13,AVOID_CHASE,平台收斂｜過熱扣分,300
TEST,2026-05-08,2026-05-11,4111,濟生,ENTRY,PRE,PRE,68.0,WAIT,BLOCK,False,30.4,0.0,0.0,3,安靜吸籌 | 均線收斂 | 放量吸收 | 接近突破 | 結構尚可,BLOCK：超出本市場狀態可執行名額｜v266.57.9：結構：平台壓縮後轉強，可優先觀察起漲/試單。｜續強：回檔承接尚可，若原策略入選，可優先觀察延續。｜突破：有轉強跡象，但突破品質尚未完全成立。,94.71,,,HIGH,高流動性,39.0,259495.0,7888648000.0,0.0,🟡 普通,50（🟡 普通）,,籌碼普通或資料有限，需搭配技術面確認。,0,法人/融資資料有限,📉 低信心,,,濟生,0.0,0.0,0.0,0.0,0.0,0,0.0,0.0,0.0,0.0,0,,🟡 洗盤吸籌／整理換手（結構未壞）,中高,不急追；等放量突破或站穩 MA10 / MA20 再提高權重。,2026-05-09 00:25:55,behavior_interpretation,,,,,,,,,,,,,,,,,,,,,,,,,,,,,,,,,,,,,,,,,,,,,,,,,,,,,,,,,,,,,,,,,,,,MA5：依試單節奏判斷,MA20：依試單節奏判斷,,,,,MA10：依試單節奏判斷,MA5：依試單節奏判斷,MA10：依試單節奏判斷,MA20：依試單節奏判斷,突破確認K,整理後轉強,整理後轉強,MA5：依試單節奏判斷｜MA10：依試單節奏判斷｜MA20：依試單節奏判斷｜K棒：突破確認K｜K線：整理後轉強,K棒型態：突破確認K｜K線結構：整理後轉強,依原策略執行，技術欄位用於確認節奏與風險。,11.8,A,起漲結構強,20D站上MA20｜MA20走平翻揚｜MA5站上MA10｜接近20日高｜40D平台收斂｜短中均線糾結｜40D低點守住｜接近/站回MA60｜MA60不再下彎｜站回60D區間中上｜10D動能轉正,平台壓縮後轉強，可優先觀察起漲/試單。,v266.57.9,8.7,A,續強品質強,回檔不破前低｜低點墊高確認｜收盤守MA5｜續強確認：收盤未跌破MA5｜MA5仍在MA10上｜仍站MA20｜10D動能維持,回檔承接尚可，若原策略入選，可優先觀察延續。,v266.57.9,3.8,C,突破觀察,收盤接近高點｜突破近5日高｜短均多頭,有轉強跡象，但突破品質尚未完全成立。,v266.57.9,GENERIC,0.55,0.5,0.5,12.74,116.0,最後後處理補寫：原分數+結構前置+續強品質+突破品質；不覆蓋原策略,一般,10.447,v266.58.1,2026-05-09 00:25:47,觀察,否,,觀察,0,0,持續觀察,前狀態:nan→今日:觀察,NO,v266.60.2,10.447,30.0,0.0,0.0,0.0,13.585,147.0,20/40/60結構佳｜續強品質佳｜主力佈局語意,主力佈局優先,v266.61,2026-05-09 00:25:50,8.0,洗盤不破承接,無事件,等待下一次確認。,9.713,142,v266.62,2026-05-09 00:25:51,0.0,,NONE,294,-13,AVOID_CHASE,平台收斂｜過熱扣分,301
WATCH,2026-05-08,2026-05-11,1777,生泰,ENTRY,PRE,PRE,54.0,WAIT,BLOCK,False,71.9,0.0,0.0,8,波動壓縮 | 均線收斂 | 接近突破 | 結構尚可,BLOCK：超出本市場狀態可執行名額｜v266.57.9：結構：平台壓縮後轉強，可優先觀察起漲/試單。｜續強：回檔承接尚可，若原策略入選，可優先觀察延續。｜突破：有轉強跡象，但突破品質尚未完全成立。,75.88,,,HIGH,高流動性,17.12,35301.0,2538141900.0000005,0.0,🟡 普通,50（🟡 普通）,,籌碼普通或資料有限，需搭配技術面確認。,1,部分籌碼資料有限,📉 低信心,,,生泰,0.0,0.0,0.0,0.0,0.0,1,0.0,0.0,0.0,0.0,0,TPEX,⚪ 盤整觀望（等待方向）,中低,先觀察，不急進場；等突破、量能或均線方向出現。,2026-05-09 00:25:55,behavior_interpretation,,,,,,,,,,,,,,,,,,,,,,,,,,,,,,,,,,,,,,,,,,,,,,,,,,,,,,,,,,,,,,,,,,,,MA5：依試單節奏判斷,MA20：依試單節奏判斷,,,,,MA10：依試單節奏判斷,MA5：依試單節奏判斷,MA10：依試單節奏判斷,MA20：依試單節奏判斷,突破確認K,整理後轉強,整理後轉強,MA5：依試單節奏判斷｜MA10：依試單節奏判斷｜MA20：依試單節奏判斷｜K棒：突破確認K｜K線：整理後轉強,K棒型態：突破確認K｜K線結構：整理後轉強,依原策略執行，技術欄位用於確認節奏與風險。,11.8,A,起漲結構強,20D站上MA20｜MA20走平翻揚｜MA5站上MA10｜接近20日高｜40D平台收斂｜短中均線糾結｜40D低點守住｜接近/站回MA60｜MA60不再下彎｜站回60D區間中上｜10D動能轉正,平台壓縮後轉強，可優先觀察起漲/試單。,v266.57.9,8.7,A,續強品質強,回檔不破前低｜低點墊高確認｜收盤守MA5｜續強確認：收盤未跌破MA5｜MA5仍在MA10上｜仍站MA20｜10D動能維持,回檔承接尚可，若原策略入選，可優先觀察延續。,v266.57.9,3.8,C,突破觀察,收盤接近高點｜突破近5日高｜短均多頭,有轉強跡象，但突破品質尚未完全成立。,v266.57.9,GENERIC,0.55,0.5,0.5,12.74,116.0,最後後處理補寫：原分數+結構前置+續強品質+突破品質；不覆蓋原策略,一般,10.447,v266.58.1,2026-05-09 00:25:47,觀察,否,,觀察,0,0,持續觀察,首次追蹤:觀察,NO,v266.60.2,10.447,30.0,0.0,0.0,0.0,13.165,222.0,20/40/60結構佳｜續強品質佳｜主力佈局語意,主力佈局優先,v266.61,2026-05-09 00:25:50,8.0,洗盤不破承接,無事件,等待下一次確認。,9.713,143,v266.62,2026-05-09 00:25:51,0.0,,NONE,293,-13,AVOID_CHASE,平台收斂｜過熱扣分,302
WATCH,2026-05-08,2026-05-11,6971,惠民實業,ENTRY,PRE,PRE,54.0,WAIT,BLOCK,False,29.3,0.0,0.0,8,波動壓縮 | 均線收斂 | 接近突破 | 結構尚可,BLOCK：超出本市場狀態可執行名額｜v266.57.9：結構：平台壓縮後轉強，可優先觀察起漲/試單。｜續強：回檔承接尚可，若原策略入選，可優先觀察延續。｜突破：有轉強跡象，但突破品質尚未完全成立。,74.37,,,HIGH,高流動性,12.63,36408.0,1066754400.0,0.0,🟡 普通,50（🟡 普通）,,籌碼普通或資料有限，需搭配技術面確認。,0,法人/融資資料有限,📉 低信心,,,,0.0,0.0,0.0,0.0,0.0,0,0.0,0.0,0.0,0.0,0,,⚪ 盤整觀望（等待方向）,中低,先觀察，不急進場；等突破、量能或均線方向出現。,2026-05-09 00:25:55,behavior_interpretation,,,,,,,,,,,,,,,,,,,,,,,,,,,,,,,,,,,,,,,,,,,,,,,,,,,,,,,,,,,,,,,,,,,,MA5：依試單節奏判斷,MA20：依試單節奏判斷,,,,,MA10：依試單節奏判斷,MA5：依試單節奏判斷,MA10：依試單節奏判斷,MA20：依試單節奏判斷,突破確認K,整理後轉強,整理後轉強,MA5：依試單節奏判斷｜MA10：依試單節奏判斷｜MA20：依試單節奏判斷｜K棒：突破確認K｜K線：整理後轉強,K棒型態：突破確認K｜K線結構：整理後轉強,依原策略執行，技術欄位用於確認節奏與風險。,7.0,B,起漲結構中,MA5站上MA10｜接近20日高｜40D平台收斂｜短中均線糾結｜40D低點守住｜接近/站回MA60,平台壓縮後轉強，可優先觀察起漲/試單。,v266.57.9,8.2,A,續強品質強,回檔不破前低｜低點墊高確認｜收盤守MA5｜續強確認：收盤未跌破MA5｜回檔量縮｜MA5仍在MA10上,回檔承接尚可，若原策略入選，可優先觀察延續。,v266.57.9,3.8,C,突破觀察,收盤接近高點｜突破近5日高｜短均多頭,有轉強跡象，但突破品質尚未完全成立。,v266.57.9,GENERIC,0.55,0.5,0.5,9.85,283.0,最後後處理補寫：原分數+結構前置+續強品質+突破品質；不覆蓋原策略,一般,8.077,v266.58.1,2026-05-09 00:25:47,觀察,否,,觀察,0,0,持續觀察,首次追蹤:觀察,NO,v266.60.2,8.077,30.0,0.0,0.0,0.0,12.928,318.0,20/40/60結構佳｜續強品質佳｜主力佈局語意,主力佈局優先,v266.61,2026-05-09 00:25:50,8.0,洗盤不破承接,無事件,等待下一次確認。,8.054,291,v266.62,2026-05-09 00:25:51,0.0,,NONE,432,-13,AVOID_CHASE,平台收斂｜過熱扣分,303
TEST,2026-05-08,2026-05-11,6116,彩晶,ENTRY,PRE,PRE,68.0,WAIT,BLOCK,False,9.2,0.0,0.0,3,安靜吸籌 | 均線收斂 | 放量吸收 | 接近突破 | 結構尚可,BLOCK：超出本市場狀態可執行名額｜v266.57.9：結構：平台壓縮後轉強，可優先觀察起漲/試單。｜續強：回檔承接尚可，若原策略入選，可優先觀察延續。｜突破：尚未形成乾淨突破，不急著升級。,116.84,,,HIGH,高流動性,92.68,84005911.0,772854381199.9999,0.0,⚠️ 分散,25（⚠️ 分散）,,籌碼偏弱且資料有限，避免重倉追高。,1,部分籌碼資料有限,📉 低信心,,,彩晶,-3630000.0,0.0,64945.0,-3565055.0,0.0,1,0.0,0.0,0.0,0.0,0,TWSE,🟡 洗盤吸籌／整理換手（結構未壞）,中高,不急追；等放量突破或站穩 MA10 / MA20 再提高權重。,2026-05-09 00:25:55,behavior_interpretation,,,,,,,,,,,,,,,,,,,,,,,,,,,,,,,,,,,,,,,,,,,,,,,,,,,,,,,,,,,,,,,,,,,,MA5：依試單節奏判斷,MA20：依試單節奏判斷,,,,,MA10：依試單節奏判斷,MA5：依試單節奏判斷,MA10：依試單節奏判斷,MA20：依試單節奏判斷,突破確認K,整理後轉強,整理後轉強,MA5：依試單節奏判斷｜MA10：依試單節奏判斷｜MA20：依試單節奏判斷｜K棒：突破確認K｜K線：整理後轉強,K棒型態：突破確認K｜K線結構：整理後轉強,依原策略執行，技術欄位用於確認節奏與風險。,9.1,A,起漲結構強,20D站上MA20｜MA20走平翻揚｜MA5站上MA10｜40D平台收斂｜短中均線糾結｜40D低點守住｜接近/站回MA60｜站回60D區間中上｜5D動能轉正｜10D動能轉正｜扣分:單日爆量偏高,平台壓縮後轉強，可優先觀察起漲/試單。,v266.57.9,8.7,A,續強品質強,回檔不破前低｜低點墊高確認｜收盤守MA5｜續強確認：收盤未跌破MA5｜MA5仍在MA10上｜仍站MA20｜10D動能維持,回檔承接尚可，若原策略入選，可優先觀察延續。,v266.57.9,1.0,D,突破不足,量能較前日放大｜短均多頭｜扣分:收盤位置偏弱,尚未形成乾淨突破，不急著升級。,v266.57.9,GENERIC,0.55,0.5,0.5,9.855,282.0,最後後處理補寫：原分數+結構前置+續強品質+突破品質；不覆蓋原策略,一般,8.081,v266.58.1,2026-05-09 00:25:47,觀察,否,,觀察,0,0,持續觀察,前狀態:nan→今日:觀察,NO,v266.60.2,8.081,30.0,0.0,0.0,0.0,13.348,182.0,20/40/60結構佳｜續強品質佳｜主力佈局語意,主力佈局優先,v266.61,2026-05-09 00:25:50,8.0,洗盤不破承接,無事件,等待下一次確認。,8.057,288,v266.62,2026-05-09 00:25:51,0.0,,NONE,435,-13,AVOID_CHASE,平台收斂｜過熱扣分,304
WATCH,2026-05-08,2026-05-11,6266,泰詠,ENTRY,PRE,PRE,54.0,WAIT,BLOCK,False,27.95,0.0,0.0,8,波動壓縮 | 均線收斂 | 接近突破 | 結構尚可,BLOCK：超出本市場狀態可執行名額｜v266.57.9：結構：平台壓縮後轉強，可優先觀察起漲/試單。｜續強：回檔承接尚可，若原策略入選，可優先觀察延續。｜突破：有轉強跡象，但突破品質尚未完全成立。,85.77,,,HIGH,高流動性,36.18,224611.0,6277877450.0,0.0,🟡 普通,50（🟡 普通）,,籌碼普通或資料有限，需搭配技術面確認。,1,部分籌碼資料有限,📉 低信心,,,泰詠,0.0,0.0,0.0,0.0,0.0,1,0.0,0.0,0.0,0.0,0,TPEX,⚪ 盤整觀望（等待方向）,中低,先觀察，不急進場；等突破、量能或均線方向出現。,2026-05-09 00:25:55,behavior_interpretation,,,,,,,,,,,,,,,,,,,,,,,,,,,,,,,,,,,,,,,,,,,,,,,,,,,,,,,,,,,,,,,,,,,,MA5：依試單節奏判斷,MA20：依試單節奏判斷,,,,,MA10：依試單節奏判斷,MA5：依試單節奏判斷,MA10：依試單節奏判斷,MA20：依試單節奏判斷,突破確認K,整理後轉強,整理後轉強,MA5：依試單節奏判斷｜MA10：依試單節奏判斷｜MA20：依試單節奏判斷｜K棒：突破確認K｜K線：整理後轉強,K棒型態：突破確認K｜K線結構：整理後轉強,依原策略執行，技術欄位用於確認節奏與風險。,7.0,B,起漲結構中,MA5站上MA10｜接近20日高｜40D平台收斂｜短中均線糾結｜40D低點守住｜接近/站回MA60,平台壓縮後轉強，可優先觀察起漲/試單。,v266.57.9,8.2,A,續強品質強,回檔不破前低｜低點墊高確認｜收盤守MA5｜續強確認：收盤未跌破MA5｜回檔量縮｜MA5仍在MA10上,回檔承接尚可，若原策略入選，可優先觀察延續。,v266.57.9,3.8,C,突破觀察,收盤接近高點｜突破近5日高｜短均多頭,有轉強跡象，但突破品質尚未完全成立。,v266.57.9,GENERIC,0.55,0.5,0.5,9.85,283.0,最後後處理補寫：原分數+結構前置+續強品質+突破品質；不覆蓋原策略,一般,8.077,v266.58.1,2026-05-09 00:25:47,觀察,否,,觀察,0,0,持續觀察,前狀態:nan→今日:觀察,NO,v266.60.2,8.077,30.0,0.0,0.0,0.0,12.928,318.0,20/40/60結構佳｜續強品質佳｜主力佈局語意,主力佈局優先,v266.61,2026-05-09 00:25:50,8.0,洗盤不破承接,無事件,等待下一次確認。,8.054,289,v266.62,2026-05-09 00:25:51,0.0,,NONE,434,-13,AVOID_CHASE,平台收斂｜過熱扣分,305
WATCH,2026-05-08,2026-05-11,2836,高雄銀,ENTRY,PRE,PRE,54.0,WAIT,BLOCK,False,11.9,0.0,0.0,8,波動壓縮 | 均線收斂 | 接近突破 | 結構尚可,BLOCK：超出本市場狀態可執行名額｜v266.57.9：結構：平台壓縮後轉強，可優先觀察起漲/試單。｜續強：回檔承接尚可，若原策略入選，可優先觀察延續。｜突破：尚未形成乾淨突破，不急著升級。,92.81,,,HIGH,高流動性,49.77,835414.0,9941426600.0,0.0,⚠️ 分散,25（⚠️ 分散）,,籌碼偏弱且資料有限，避免重倉追高。,1,部分籌碼資料有限,📉 低信心,,,高雄銀,-425000.0,0.0,0.0,-425000.0,0.0,1,0.0,0.0,0.0,0.0,0,TWSE,⚪ 盤整觀望（等待方向）,中低,先觀察，不急進場；等突破、量能或均線方向出現。,2026-05-09 00:25:55,behavior_interpretation,,,,,,,,,,,,,,,,,,,,,,,,,,,,,,,,,,,,,,,,,,,,,,,,,,,,,,,,,,,,,,,,,,,,MA5：依試單節奏判斷,MA20：依試單節奏判斷,,,,,MA10：依試單節奏判斷,MA5：依試單節奏判斷,MA10：依試單節奏判斷,MA20：依試單節奏判斷,突破確認K,整理後轉強,整理後轉強,MA5：依試單節奏判斷｜MA10：依試單節奏判斷｜MA20：依試單節奏判斷｜K棒：突破確認K｜K線：整理後轉強,K棒型態：突破確認K｜K線結構：整理後轉強,依原策略執行，技術欄位用於確認節奏與風險。,9.8,A,起漲結構強,MA5站上MA10｜接近20日高｜40D平台收斂｜短中均線糾結｜40D低點守住｜接近/站回MA60｜MA60不再下彎｜近5日量縮｜5D動能轉正,平台壓縮後轉強，可優先觀察起漲/試單。,v266.57.9,8.2,A,續強品質強,回檔不破前低｜低點墊高確認｜收盤守MA5｜續強確認：收盤未跌破MA5｜回檔量縮｜MA5仍在MA10上,回檔承接尚可，若原策略入選，可優先觀察延續。,v266.57.9,0.8,D,突破不足,短均多頭,尚未形成乾淨突破，不急著升級。,v266.57.9,GENERIC,0.55,0.5,0.5,9.89,281.0,最後後處理補寫：原分數+結構前置+續強品質+突破品質；不覆蓋原策略,一般,8.11,v266.58.1,2026-05-09 00:25:47,觀察,否,,觀察,0,0,持續觀察,前狀態:nan→今日:觀察,NO,v266.60.2,8.11,30.0,0.0,0.0,0.0,12.931,317.0,20/40/60結構佳｜續強品質佳｜主力佈局語意,主力佈局優先,v266.61,2026-05-09 00:25:50,8.0,洗盤不破承接,無事件,等待下一次確認。,8.077,287,v266.62,2026-05-09 00:25:51,0.0,,NONE,436,-13,AVOID_CHASE,平台收斂｜過熱扣分,306
WATCH,2026-05-08,2026-05-11,6654,天正國際,ENTRY,PRE,PRE,54.0,WAIT,BLOCK,False,89.6,0.0,0.0,8,波動壓縮 | 均線收斂 | 接近突破 | 結構尚可,BLOCK：超出本市場狀態可執行名額｜v266.57.9：結構：平台壓縮後轉強，可優先觀察起漲/試單。｜續強：回檔承接尚可，若原策略入選，可優先觀察延續。｜突破：尚未形成乾淨突破，不急著升級。,74.12,,,HIGH,高流動性,14.43,22020.0,1972992000.0,0.0,🟡 普通,50（🟡 普通）,,籌碼普通或資料有限，需搭配技術面確認。,1,部分籌碼資料有限,📉 低信心,,,天正國際,0.0,0.0,0.0,0.0,0.0,1,0.0,0.0,0.0,0.0,0,TPEX,⚪ 盤整觀望（等待方向）,中低,先觀察，不急進場；等突破、量能或均線方向出現。,2026-05-09 00:25:55,behavior_interpretation,,,,,,,,,,,,,,,,,,,,,,,,,,,,,,,,,,,,,,,,,,,,,,,,,,,,,,,,,,,,,,,,,,,,MA5：依試單節奏判斷,MA20：依試單節奏判斷,,,,,MA10：依試單節奏判斷,MA5：依試單節奏判斷,MA10：依試單節奏判斷,MA20：依試單節奏判斷,突破確認K,整理後轉強,整理後轉強,MA5：依試單節奏判斷｜MA10：依試單節奏判斷｜MA20：依試單節奏判斷｜K棒：突破確認K｜K線：整理後轉強,K棒型態：突破確認K｜K線結構：整理後轉強,依原策略執行，技術欄位用於確認節奏與風險。,7.0,B,起漲結構中,20D站上MA20｜MA5站上MA10｜40D平台收斂｜短中均線糾結｜40D低點守住｜接近/站回MA60,平台壓縮後轉強，可優先觀察起漲/試單。,v266.57.9,9.2,A,續強品質強,回檔不破前低｜低點墊高確認｜收盤守MA5｜續強確認：收盤未跌破MA5｜回檔量縮｜MA5仍在MA10上｜仍站MA20,回檔承接尚可，若原策略入選，可優先觀察延續。,v266.57.9,-0.2,D,突破不足,短均多頭｜扣分:收盤位置偏弱,尚未形成乾淨突破，不急著升級。,v266.57.9,GENERIC,0.55,0.5,0.5,8.35,389.0,最後後處理補寫：原分數+結構前置+續強品質+突破品質；不覆蓋原策略,一般,6.847,v266.58.1,2026-05-09 00:25:47,觀察,否,,觀察,0,0,持續觀察,前狀態:nan→今日:觀察,NO,v266.60.2,6.847,30.0,0.0,0.0,0.0,12.805,370.0,20/40/60結構佳｜續強品質佳｜主力佈局語意,主力佈局優先,v266.61,2026-05-09 00:25:50,8.0,洗盤不破承接,無事件,等待下一次確認。,7.193,362,v266.62,2026-05-09 00:25:51,0.0,,NONE,101,-13,AVOID_CHASE,平台收斂｜過熱扣分,307
WATCH,2026-05-08,2026-05-11,6509,聚和,ENTRY,PRE,PRE,58.0,WAIT,BLOCK,False,44.65,0.0,0.0,8,波動壓縮 | 安靜吸籌 | 均線收斂 | 結構尚可,BLOCK：超出本市場狀態可執行名額｜v266.57.9：結構：平台壓縮後轉強，可優先觀察起漲/試單。｜續強：回檔承接尚可，若原策略入選，可優先觀察延續。｜突破：有轉強跡象，但突破品質尚未完全成立。,108.72,,,HIGH,高流動性,85.21,9060123.0,404534491950.0,4.0,🟢 偏集中,74（🟢 偏集中）,法人偏多,籌碼偏集中但資料有限，可搭配技術面確認，不宜單獨重倉。,1,部分籌碼資料有限,📉 低信心,,,,21395.0,16295.0,-25100.0,12590.0,1.0,1,0.0,0.0,0.0,0.0,0,TPEX,🟡 洗盤吸籌／整理換手（結構未壞）,中高,不急追；等放量突破或站穩 MA10 / MA20 再提高權重。,2026-05-09 00:25:55,behavior_interpretation,,,,,,,,,,,,,,,,,,,,,,,,,,,,,,,,,,,,,,,,,,,,,,,,,,,,,,,,,,,,,,,,,,,,MA5：依觀察節奏判斷,MA20：依觀察節奏判斷,,,,,MA10：依觀察節奏判斷,MA5：依觀察節奏判斷,MA10：依觀察節奏判斷,MA20：依觀察節奏判斷,整理觀察K,整理收斂,整理收斂,MA5：依觀察節奏判斷｜MA10：依觀察節奏判斷｜MA20：依觀察節奏判斷｜K棒：整理觀察K｜K線：整理收斂,K棒型態：整理觀察K｜K線結構：整理收斂,依原策略執行，技術欄位用於確認節奏與風險。,9.8,A,起漲結構強,20D站上MA20｜MA5站上MA10｜40D平台收斂｜短中均線糾結｜40D低點守住｜接近/站回MA60｜MA60不再下彎｜站回60D區間中上｜10D動能轉正,平台壓縮後轉強，可優先觀察起漲/試單。,v266.57.9,8.7,A,續強品質強,回檔不破前低｜低點墊高確認｜收盤守MA5｜續強確認：收盤未跌破MA5｜MA5仍在MA10上｜仍站MA20｜10D動能維持,回檔承接尚可，若原策略入選，可優先觀察延續。,v266.57.9,3.8,C,突破觀察,收盤接近高點｜突破近5日高｜短均多頭,有轉強跡象，但突破品質尚未完全成立。,v266.57.9,GENERIC,0.55,0.5,0.5,11.64,158.0,最後後處理補寫：原分數+結構前置+續強品質+突破品質；不覆蓋原策略,一般,10.265,v266.58.1,2026-05-09 00:25:47,觀察,否,,觀察,0,0,持續觀察,首次追蹤:觀察,NO,v266.60.2,10.265,30.0,0.0,0.0,0.0,13.266,196.0,20/40/60結構佳｜續強品質佳｜主力佈局語意,主力佈局優先,v266.61,2026-05-09 00:25:50,8.0,洗盤不破承接,無事件,等待下一次確認。,9.586,151,v266.62,2026-05-09 00:25:51,0.0,,NONE,285,-13,AVOID_CHASE,平台收斂｜過熱扣分,308
WATCH,2026-05-08,2026-05-11,6763,綠界科技*,ENTRY,PRE,PRE,54.0,WAIT,BLOCK,False,47.45,0.0,0.0,8,波動壓縮 | 均線收斂 | 接近突破 | 結構尚可,BLOCK：超出本市場狀態可執行名額｜v266.57.9：結構：平台壓縮後轉強，可優先觀察起漲/試單。｜續強：回檔承接尚可，若原策略入選，可優先觀察延續。｜突破：尚未形成乾淨突破，不急著升級。,90.0,,,HIGH,高流動性,46.11,347552.0,16491342400.0,4.0,🟢 偏集中,69（🟢 偏集中）,法人偏多,籌碼偏集中但資料有限，可搭配技術面確認，不宜單獨重倉。,1,部分籌碼資料有限,📉 低信心,,,綠界科技*,2815.0,4125.0,-1690.0,5250.0,1.0,1,0.0,0.0,0.0,0.0,0,TPEX,⚪ 盤整觀望（等待方向）,中低,先觀察，不急進場；等突破、量能或均線方向出現。,2026-05-09 00:25:55,behavior_interpretation,,,,,,,,,,,,,,,,,,,,,,,,,,,,,,,,,,,,,,,,,,,,,,,,,,,,,,,,,,,,,,,,,,,,MA5：依試單節奏判斷,MA20：依試單節奏判斷,,,,,MA10：依試單節奏判斷,MA5：依試單節奏判斷,MA10：依試單節奏判斷,MA20：依試單節奏判斷,突破確認K,整理後轉強,整理後轉強,MA5：依試單節奏判斷｜MA10：依試單節奏判斷｜MA20：依試單節奏判斷｜K棒：突破確認K｜K線：整理後轉強,K棒型態：突破確認K｜K線結構：整理後轉強,依原策略執行，技術欄位用於確認節奏與風險。,7.8,B,起漲結構中,MA20走平翻揚｜MA5站上MA10｜40D平台收斂｜短中均線糾結｜40D低點守住｜接近/站回MA60｜10D動能轉正,平台壓縮後轉強，可優先觀察起漲/試單。,v266.57.9,9.2,A,續強品質強,回檔不破前低｜低點墊高確認｜收盤守MA5｜續強確認：收盤未跌破MA5｜回檔量縮｜MA5仍在MA10上｜10D動能維持,回檔承接尚可，若原策略入選，可優先觀察延續。,v266.57.9,-0.2,D,突破不足,短均多頭｜扣分:收盤位置偏弱,尚未形成乾淨突破，不急著升級。,v266.57.9,GENERIC,0.55,0.5,0.5,8.79,356.0,最後後處理補寫：原分數+結構前置+續強品質+突破品質；不覆蓋原策略,一般,7.928,v266.58.1,2026-05-09 00:25:47,觀察,否,,觀察,0,0,持續觀察,首次追蹤:觀察,NO,v266.60.2,7.928,30.0,0.0,0.0,0.0,12.913,331.0,20/40/60結構佳｜續強品質佳｜主力佈局語意,主力佈局優先,v266.61,2026-05-09 00:25:50,8.0,洗盤不破承接,無事件,等待下一次確認。,7.95,305,v266.62,2026-05-09 00:25:51,0.0,,NONE,137,-13,AVOID_CHASE,平台收斂｜過熱扣分,309
WATCH,2026-05-08,2026-05-11,5455,昇益,ENTRY,PRE,PRE,54.0,WAIT,BLOCK,False,25.8,0.0,0.0,8,安靜吸籌 | 均線收斂 | 接近突破 | 結構尚可,BLOCK：超出本市場狀態可執行名額｜v266.57.9：結構：平台壓縮後轉強，可優先觀察起漲/試單。｜續強：回檔承接尚可，若原策略入選，可優先觀察延續。｜突破：尚未形成乾淨突破，不急著升級。,78.64,,,HIGH,高流動性,20.93,80150.0,2067870000.0,0.0,🟡 普通,50（🟡 普通）,,籌碼普通或資料有限，需搭配技術面確認。,1,部分籌碼資料有限,📉 低信心,,,,0.0,0.0,0.0,0.0,0.0,1,0.0,0.0,0.0,0.0,0,TPEX,🟡 洗盤吸籌／整理換手（結構未壞）,中高,不急追；等放量突破或站穩 MA10 / MA20 再提高權重。,2026-05-09 00:25:55,behavior_interpretation,,,,,,,,,,,,,,,,,,,,,,,,,,,,,,,,,,,,,,,,,,,,,,,,,,,,,,,,,,,,,,,,,,,,MA5：依試單節奏判斷,MA20：依試單節奏判斷,,,,,MA10：依試單節奏判斷,MA5：依試單節奏判斷,MA10：依試單節奏判斷,MA20：依試單節奏判斷,突破確認K,整理後轉強,整理後轉強,MA5：依試單節奏判斷｜MA10：依試單節奏判斷｜MA20：依試單節奏判斷｜K棒：突破確認K｜K線：整理後轉強,K棒型態：突破確認K｜K線結構：整理後轉強,依原策略執行，技術欄位用於確認節奏與風險。,9.8,A,起漲結構強,20D站上MA20｜MA20走平翻揚｜MA5站上MA10｜40D平台收斂｜短中均線糾結｜40D低點守住｜接近/站回MA60｜站回60D區間中上｜10D動能轉正,平台壓縮後轉強，可優先觀察起漲/試單。,v266.57.9,8.7,A,續強品質強,回檔不破前低｜低點墊高確認｜收盤守MA5｜續強確認：收盤未跌破MA5｜MA5仍在MA10上｜仍站MA20｜10D動能維持,回檔承接尚可，若原策略入選，可優先觀察延續。,v266.57.9,-0.2,D,突破不足,短均多頭｜扣分:收盤位置偏弱,尚未形成乾淨突破，不急著升級。,v266.57.9,GENERIC,0.55,0.5,0.5,9.64,303.0,最後後處理補寫：原分數+結構前置+續強品質+突破品質；不覆蓋原策略,一般,7.905,v266.58.1,2026-05-09 00:25:47,觀察,否,,觀察,0,0,持續觀察,前狀態:nan→今日:觀察,NO,v266.60.2,7.905,30.0,0.0,0.0,0.0,12.91,333.0,20/40/60結構佳｜續強品質佳｜主力佈局語意,主力佈局優先,v266.61,2026-05-09 00:25:50,8.0,洗盤不破承接,無事件,等待下一次確認。,7.934,312,v266.62,2026-05-09 00:25:51,0.0,,NONE,134,-13,AVOID_CHASE,平台收斂｜過熱扣分,310
WATCH,2026-05-08,2026-05-11,1742,台蠟,ENTRY,PRE,PRE,54.0,WAIT,BLOCK,False,15.5,0.0,0.0,8,波動壓縮 | 均線收斂 | 接近突破 | 結構尚可,BLOCK：超出本市場狀態可執行名額｜v266.57.9：結構：平台壓縮後轉強，可優先觀察起漲/試單。｜續強：回檔承接尚可，若原策略入選，可優先觀察延續。｜突破：尚未形成乾淨突破，不急著升級。,70.26,,,HIGH,高流動性,6.68,20262.0,314061000.0,0.0,🟡 普通,50（🟡 普通）,,籌碼普通或資料有限，需搭配技術面確認。,0,法人/融資資料有限,📉 低信心,,,台蠟,0.0,0.0,0.0,0.0,0.0,0,0.0,0.0,0.0,0.0,0,,⚪ 盤整觀望（等待方向）,中低,先觀察，不急進場；等突破、量能或均線方向出現。,2026-05-09 00:25:55,behavior_interpretation,,,,,,,,,,,,,,,,,,,,,,,,,,,,,,,,,,,,,,,,,,,,,,,,,,,,,,,,,,,,,,,,,,,,MA5：依試單節奏判斷,MA20：依試單節奏判斷,,,,,MA10：依試單節奏判斷,MA5：依試單節奏判斷,MA10：依試單節奏判斷,MA20：依試單節奏判斷,突破確認K,整理後轉強,整理後轉強,MA5：依試單節奏判斷｜MA10：依試單節奏判斷｜MA20：依試單節奏判斷｜K棒：突破確認K｜K線：整理後轉強,K棒型態：突破確認K｜K線結構：整理後轉強,依原策略執行，技術欄位用於確認節奏與風險。,7.0,B,起漲結構中,MA5站上MA10｜40D平台收斂｜短中均線糾結｜40D低點守住｜MA60不再下彎｜近5日量縮,平台壓縮後轉強，可優先觀察起漲/試單。,v266.57.9,8.2,A,續強品質強,回檔不破前低｜低點墊高確認｜收盤守MA5｜續強確認：收盤未跌破MA5｜回檔量縮｜MA5仍在MA10上,回檔承接尚可，若原策略入選，可優先觀察延續。,v266.57.9,0.8,D,突破不足,短均多頭,尚未形成乾淨突破，不急著升級。,v266.57.9,GENERIC,0.55,0.5,0.5,8.35,389.0,最後後處理補寫：原分數+結構前置+續強品質+突破品質；不覆蓋原策略,一般,6.847,v266.58.1,2026-05-09 00:25:47,觀察,否,,觀察,0,0,持續觀察,前狀態:nan→今日:觀察,NO,v266.60.2,6.847,30.0,0.0,0.0,0.0,12.805,370.0,20/40/60結構佳｜續強品質佳｜主力佈局語意,主力佈局優先,v266.61,2026-05-09 00:25:50,8.0,洗盤不破承接,無事件,等待下一次確認。,7.193,363,v266.62,2026-05-09 00:25:51,0.0,,NONE,100,-13,AVOID_CHASE,平台收斂｜過熱扣分,311
WATCH,2026-05-08,2026-05-11,4107,邦特,ENTRY,PRE,PRE,54.0,WAIT,BLOCK,False,117.0,0.0,0.0,8,波動壓縮 | 均線收斂 | 接近突破 | 結構尚可,BLOCK：超出本市場狀態可執行名額｜v266.57.9：結構：平台壓縮後轉強，可優先觀察起漲/試單。｜續強：回檔承接尚可，若原策略入選，可優先觀察延續。｜突破：有轉強跡象，但突破品質尚未完全成立。,78.02,,,HIGH,高流動性,22.33,42221.0,4939857000.0,0.0,🟡 普通,50（🟡 普通）,,籌碼普通或資料有限，需搭配技術面確認。,1,部分籌碼資料有限,📉 低信心,,,邦特,0.0,0.0,0.0,0.0,0.0,1,0.0,0.0,0.0,0.0,0,TPEX,⚪ 盤整觀望（等待方向）,中低,先觀察，不急進場；等突破、量能或均線方向出現。,2026-05-09 00:25:55,behavior_interpretation,,,,,,,,,,,,,,,,,,,,,,,,,,,,,,,,,,,,,,,,,,,,,,,,,,,,,,,,,,,,,,,,,,,,MA5：依試單節奏判斷,MA20：依試單節奏判斷,,,,,MA10：依試單節奏判斷,MA5：依試單節奏判斷,MA10：依試單節奏判斷,MA20：依試單節奏判斷,突破確認K,整理後轉強,整理後轉強,MA5：依試單節奏判斷｜MA10：依試單節奏判斷｜MA20：依試單節奏判斷｜K棒：突破確認K｜K線：整理後轉強,K棒型態：突破確認K｜K線結構：整理後轉強,依原策略執行，技術欄位用於確認節奏與風險。,7.0,B,起漲結構中,MA5站上MA10｜接近20日高｜40D平台收斂｜短中均線糾結｜40D低點守住｜接近/站回MA60,平台壓縮後轉強，可優先觀察起漲/試單。,v266.57.9,8.2,A,續強品質強,回檔不破前低｜低點墊高確認｜收盤守MA5｜續強確認：收盤未跌破MA5｜回檔量縮｜MA5仍在MA10上,回檔承接尚可，若原策略入選，可優先觀察延續。,v266.57.9,3.8,C,突破觀察,收盤接近高點｜突破近5日高｜短均多頭,有轉強跡象，但突破品質尚未完全成立。,v266.57.9,GENERIC,0.55,0.5,0.5,9.85,283.0,最後後處理補寫：原分數+結構前置+續強品質+突破品質；不覆蓋原策略,一般,8.077,v266.58.1,2026-05-09 00:25:47,觀察,否,,觀察,0,0,持續觀察,前狀態:nan→今日:觀察,NO,v266.60.2,8.077,30.0,0.0,0.0,0.0,12.928,318.0,20/40/60結構佳｜續強品質佳｜主力佈局語意,主力佈局優先,v266.61,2026-05-09 00:25:50,8.0,洗盤不破承接,無事件,等待下一次確認。,8.054,292,v266.62,2026-05-09 00:25:51,0.0,,NONE,431,-13,AVOID_CHASE,平台收斂｜過熱扣分,312
WATCH,2026-05-08,2026-05-11,8093,保銳,ENTRY,PRE,PRE,54.0,WAIT,BLOCK,False,19.6,0.0,0.0,8,波動壓縮 | 均線收斂 | 接近突破 | 結構尚可,BLOCK：超出本市場狀態可執行名額｜v266.57.9：結構：平台壓縮後轉強，可優先觀察起漲/試單。｜續強：回檔承接尚可，若原策略入選，可優先觀察延續。｜突破：尚未形成乾淨突破，不急著升級。,71.63,,,HIGH,高流動性,8.64,24400.0,478240000.00000006,0.0,🟡 普通,50（🟡 普通）,,籌碼普通或資料有限，需搭配技術面確認。,0,法人/融資資料有限,📉 低信心,,,,0.0,0.0,0.0,0.0,0.0,0,0.0,0.0,0.0,0.0,0,,⚪ 盤整觀望（等待方向）,中低,先觀察，不急進場；等突破、量能或均線方向出現。,2026-05-09 00:25:55,behavior_interpretation,,,,,,,,,,,,,,,,,,,,,,,,,,,,,,,,,,,,,,,,,,,,,,,,,,,,,,,,,,,,,,,,,,,,MA5：依試單節奏判斷,MA20：依試單節奏判斷,,,,,MA10：依試單節奏判斷,MA5：依試單節奏判斷,MA10：依試單節奏判斷,MA20：依試單節奏判斷,突破確認K,整理後轉強,整理後轉強,MA5：依試單節奏判斷｜MA10：依試單節奏判斷｜MA20：依試單節奏判斷｜K棒：突破確認K｜K線：整理後轉強,K棒型態：突破確認K｜K線結構：整理後轉強,依原策略執行，技術欄位用於確認節奏與風險。,8.8,A,起漲結構強,MA5站上MA10｜40D平台收斂｜短中均線糾結｜40D低點守住｜接近/站回MA60｜MA60不再下彎｜站回60D區間中上｜10D動能轉正,平台壓縮後轉強，可優先觀察起漲/試單。,v266.57.9,9.2,A,續強品質強,回檔不破前低｜低點墊高確認｜收盤守MA5｜續強確認：收盤未跌破MA5｜回檔量縮｜MA5仍在MA10上｜10D動能維持,回檔承接尚可，若原策略入選，可優先觀察延續。,v266.57.9,0.8,D,突破不足,短均多頭,尚未形成乾淨突破，不急著升級。,v266.57.9,GENERIC,0.55,0.5,0.5,9.84,287.0,最後後處理補寫：原分數+結構前置+續強品質+突破品質；不覆蓋原策略,一般,8.069,v266.58.1,2026-05-09 00:25:47,觀察,否,,觀察,0,0,持續觀察,前狀態:nan→今日:觀察,NO,v266.60.2,8.069,30.0,0.0,0.0,0.0,12.927,322.0,20/40/60結構佳｜續強品質佳｜主力佈局語意,主力佈局優先,v266.61,2026-05-09 00:25:50,8.0,洗盤不破承接,無事件,等待下一次確認。,8.048,293,v266.62,2026-05-09 00:25:51,0.0,,NONE,430,-13,AVOID_CHASE,平台收斂｜過熱扣分,313
WATCH,2026-05-08,2026-05-11,6846,綠茵,ENTRY,PRE,PRE,54.0,WAIT,BLOCK,False,69.3,0.0,0.0,8,波動壓縮 | 均線收斂 | 接近突破 | 結構尚可,BLOCK：超出本市場狀態可執行名額｜v266.57.9：結構：平台壓縮後轉強，可優先觀察起漲/試單。｜續強：回檔承接尚可，若原策略入選，可優先觀察延續。｜突破：有轉強跡象，但突破品質尚未完全成立。,70.25,,,HIGH,高流動性,7.34,11201.0,776229299.9999999,0.0,🟡 普通,50（🟡 普通）,,籌碼普通或資料有限，需搭配技術面確認。,0,法人/融資資料有限,📉 低信心,,,綠茵,0.0,0.0,0.0,0.0,0.0,0,0.0,0.0,0.0,0.0,0,,⚪ 盤整觀望（等待方向）,中低,先觀察，不急進場；等突破、量能或均線方向出現。,2026-05-09 00:25:55,behavior_interpretation,,,,,,,,,,,,,,,,,,,,,,,,,,,,,,,,,,,,,,,,,,,,,,,,,,,,,,,,,,,,,,,,,,,,MA5：依試單節奏判斷,MA20：依試單節奏判斷,,,,,MA10：依試單節奏判斷,MA5：依試單節奏判斷,MA10：依試單節奏判斷,MA20：依試單節奏判斷,突破確認K,整理後轉強,整理後轉強,MA5：依試單節奏判斷｜MA10：依試單節奏判斷｜MA20：依試單節奏判斷｜K棒：突破確認K｜K線：整理後轉強,K棒型態：突破確認K｜K線結構：整理後轉強,依原策略執行，技術欄位用於確認節奏與風險。,7.0,B,起漲結構中,MA5站上MA10｜40D平台收斂｜短中均線糾結｜40D低點守住｜接近/站回MA60｜近5日量縮,平台壓縮後轉強，可優先觀察起漲/試單。,v266.57.9,8.2,A,續強品質強,回檔不破前低｜低點墊高確認｜收盤守MA5｜續強確認：收盤未跌破MA5｜回檔量縮｜MA5仍在MA10上,回檔承接尚可，若原策略入選，可優先觀察延續。,v266.57.9,3.8,C,突破觀察,收盤接近高點｜突破近5日高｜短均多頭,有轉強跡象，但突破品質尚未完全成立。,v266.57.9,GENERIC,0.55,0.5,0.5,9.85,283.0,最後後處理補寫：原分數+結構前置+續強品質+突破品質；不覆蓋原策略,一般,8.077,v266.58.1,2026-05-09 00:25:47,觀察,否,,觀察,0,0,持續觀察,前狀態:nan→今日:觀察,NO,v266.60.2,8.077,30.0,0.0,0.0,0.0,12.928,318.0,20/40/60結構佳｜續強品質佳｜主力佈局語意,主力佈局優先,v266.61,2026-05-09 00:25:50,8.0,洗盤不破承接,無事件,等待下一次確認。,8.054,290,v266.62,2026-05-09 00:25:51,0.0,,NONE,433,-13,AVOID_CHASE,平台收斂｜過熱扣分,314
WATCH,2026-05-08,2026-05-11,8284,三竹,ENTRY,PRE,PRE,54.0,WAIT,BLOCK,False,64.2,0.0,0.0,8,波動壓縮 | 均線收斂 | 接近突破 | 結構尚可,BLOCK：超出本市場狀態可執行名額｜v266.57.9：結構：平台壓縮後轉強，可優先觀察起漲/試單。｜續強：回檔承接尚可，若原策略入選，可優先觀察延續。｜突破：尚未形成乾淨突破，不急著升級。,71.79,,,HIGH,高流動性,9.35,16024.0,1028740800.0,0.0,🟡 普通,50（🟡 普通）,,籌碼普通或資料有限，需搭配技術面確認。,1,部分籌碼資料有限,📉 低信心,,,三竹,0.0,0.0,0.0,0.0,0.0,1,0.0,0.0,0.0,0.0,0,TPEX,⚪ 盤整觀望（等待方向）,中低,先觀察，不急進場；等突破、量能或均線方向出現。,2026-05-09 00:25:55,behavior_interpretation,,,,,,,,,,,,,,,,,,,,,,,,,,,,,,,,,,,,,,,,,,,,,,,,,,,,,,,,,,,,,,,,,,,,MA5：依試單節奏判斷,MA20：依試單節奏判斷,,,,,MA10：依試單節奏判斷,MA5：依試單節奏判斷,MA10：依試單節奏判斷,MA20：依試單節奏判斷,突破確認K,整理後轉強,整理後轉強,MA5：依試單節奏判斷｜MA10：依試單節奏判斷｜MA20：依試單節奏判斷｜K棒：突破確認K｜K線：整理後轉強,K棒型態：突破確認K｜K線結構：整理後轉強,依原策略執行，技術欄位用於確認節奏與風險。,11.8,A,起漲結構強,20D站上MA20｜MA20走平翻揚｜MA5站上MA10｜接近20日高｜40D平台收斂｜短中均線糾結｜40D低點守住｜接近/站回MA60｜MA60不再下彎｜站回60D區間中上｜10D動能轉正,平台壓縮後轉強，可優先觀察起漲/試單。,v266.57.9,8.7,A,續強品質強,回檔不破前低｜低點墊高確認｜收盤守MA5｜續強確認：收盤未跌破MA5｜MA5仍在MA10上｜仍站MA20｜10D動能維持,回檔承接尚可，若原策略入選，可優先觀察延續。,v266.57.9,-0.2,D,突破不足,短均多頭｜扣分:收盤位置偏弱,尚未形成乾淨突破，不急著升級。,v266.57.9,GENERIC,0.55,0.5,0.5,10.74,221.0,最後後處理補寫：原分數+結構前置+續強品質+突破品質；不覆蓋原策略,一般,8.807,v266.58.1,2026-05-09 00:25:47,觀察,否,,觀察,0,0,持續觀察,前狀態:nan→今日:觀察,NO,v266.60.2,8.807,30.0,0.0,0.0,0.0,13.001,289.0,20/40/60結構佳｜續強品質佳｜主力佈局語意,主力佈局優先,v266.61,2026-05-09 00:25:50,8.0,洗盤不破承接,無事件,等待下一次確認。,8.565,241,v266.62,2026-05-09 00:25:51,0.0,,NONE,425,-13,AVOID_CHASE,平台收斂｜過熱扣分,315
WATCH,2026-05-08,2026-05-11,4127,天良,ENTRY,PRE,PRE,54.0,WAIT,BLOCK,False,39.8,0.0,0.0,8,安靜吸籌 | 均線收斂 | 接近突破 | 結構尚可,BLOCK：超出本市場狀態可執行名額｜v266.57.9：結構：平台壓縮後轉強，可優先觀察起漲/試單。｜續強：回檔承接尚可，若原策略入選，可優先觀察延續。｜突破：尚未形成乾淨突破，不急著升級。,88.7,,,HIGH,高流動性,43.06,303157.0,12065648600.0,0.0,🟡 普通,50（🟡 普通）,,籌碼普通或資料有限，需搭配技術面確認。,1,部分籌碼資料有限,📉 低信心,,,,0.0,0.0,0.0,0.0,0.0,1,0.0,0.0,0.0,0.0,0,TPEX,🟡 洗盤吸籌／整理換手（結構未壞）,中高,不急追；等放量突破或站穩 MA10 / MA20 再提高權重。,2026-05-09 00:25:55,behavior_interpretation,,,,,,,,,,,,,,,,,,,,,,,,,,,,,,,,,,,,,,,,,,,,,,,,,,,,,,,,,,,,,,,,,,,,MA5：依試單節奏判斷,MA20：依試單節奏判斷,,,,,MA10：依試單節奏判斷,MA5：依試單節奏判斷,MA10：依試單節奏判斷,MA20：依試單節奏判斷,突破確認K,整理後轉強,整理後轉強,MA5：依試單節奏判斷｜MA10：依試單節奏判斷｜MA20：依試單節奏判斷｜K棒：突破確認K｜K線：整理後轉強,K棒型態：突破確認K｜K線結構：整理後轉強,依原策略執行，技術欄位用於確認節奏與風險。,11.8,A,起漲結構強,20D站上MA20｜MA20走平翻揚｜MA5站上MA10｜接近20日高｜40D平台收斂｜短中均線糾結｜40D低點守住｜接近/站回MA60｜MA60不再下彎｜站回60D區間中上｜10D動能轉正,平台壓縮後轉強，可優先觀察起漲/試單。,v266.57.9,8.7,A,續強品質強,回檔不破前低｜低點墊高確認｜收盤守MA5｜續強確認：收盤未跌破MA5｜MA5仍在MA10上｜仍站MA20｜10D動能維持,回檔承接尚可，若原策略入選，可優先觀察延續。,v266.57.9,-0.2,D,突破不足,短均多頭｜扣分:收盤位置偏弱,尚未形成乾淨突破，不急著升級。,v266.57.9,GENERIC,0.55,0.5,0.5,10.74,221.0,最後後處理補寫：原分數+結構前置+續強品質+突破品質；不覆蓋原策略,一般,8.807,v266.58.1,2026-05-09 00:25:47,觀察,否,,觀察,0,0,持續觀察,前狀態:nan→今日:觀察,NO,v266.60.2,8.807,30.0,0.0,0.0,0.0,13.001,289.0,20/40/60結構佳｜續強品質佳｜主力佈局語意,主力佈局優先,v266.61,2026-05-09 00:25:50,8.0,洗盤不破承接,無事件,等待下一次確認。,8.565,240,v266.62,2026-05-09 00:25:51,0.0,,NONE,426,-13,AVOID_CHASE,平台收斂｜過熱扣分,316
WATCH,2026-05-08,2026-05-11,4131,浩泰,ENTRY,PRE,PRE,54.0,WAIT,BLOCK,False,35.4,0.0,0.0,8,波動壓縮 | 均線收斂 | 接近突破 | 結構尚可,BLOCK：超出本市場狀態可執行名額｜v266.57.9：結構：平台壓縮後轉強，可優先觀察起漲/試單。｜續強：回檔承接尚可，若原策略入選，可優先觀察延續。｜突破：尚未形成乾淨突破，不急著升級。,76.67,,,HIGH,高流動性,17.43,52020.0,1841508000.0,0.0,🟡 普通,50（🟡 普通）,,籌碼普通或資料有限，需搭配技術面確認。,1,部分籌碼資料有限,📉 低信心,,,,0.0,0.0,0.0,0.0,0.0,1,0.0,0.0,0.0,0.0,0,TPEX,⚪ 盤整觀望（等待方向）,中低,先觀察，不急進場；等突破、量能或均線方向出現。,2026-05-09 00:25:55,behavior_interpretation,,,,,,,,,,,,,,,,,,,,,,,,,,,,,,,,,,,,,,,,,,,,,,,,,,,,,,,,,,,,,,,,,,,,MA5：依試單節奏判斷,MA20：依試單節奏判斷,,,,,MA10：依試單節奏判斷,MA5：依試單節奏判斷,MA10：依試單節奏判斷,MA20：依試單節奏判斷,突破確認K,整理後轉強,整理後轉強,MA5：依試單節奏判斷｜MA10：依試單節奏判斷｜MA20：依試單節奏判斷｜K棒：突破確認K｜K線：整理後轉強,K棒型態：突破確認K｜K線結構：整理後轉強,依原策略執行，技術欄位用於確認節奏與風險。,7.0,B,起漲結構中,MA5站上MA10｜40D平台收斂｜短中均線糾結｜40D低點守住｜接近/站回MA60｜近5日量縮,平台壓縮後轉強，可優先觀察起漲/試單。,v266.57.9,8.2,A,續強品質強,回檔不破前低｜低點墊高確認｜收盤守MA5｜續強確認：收盤未跌破MA5｜回檔量縮｜MA5仍在MA10上,回檔承接尚可，若原策略入選，可優先觀察延續。,v266.57.9,0.8,D,突破不足,短均多頭,尚未形成乾淨突破，不急著升級。,v266.57.9,GENERIC,0.55,0.5,0.5,8.35,389.0,最後後處理補寫：原分數+結構前置+續強品質+突破品質；不覆蓋原策略,一般,6.847,v266.58.1,2026-05-09 00:25:47,觀察,否,,觀察,0,0,持續觀察,前狀態:nan→今日:觀察,NO,v266.60.2,6.847,30.0,0.0,0.0,0.0,12.805,370.0,20/40/60結構佳｜續強品質佳｜主力佈局語意,主力佈局優先,v266.61,2026-05-09 00:25:50,8.0,洗盤不破承接,無事件,等待下一次確認。,7.193,364,v266.62,2026-05-09 00:25:51,0.0,,NONE,99,-13,AVOID_CHASE,平台收斂｜過熱扣分,317
WATCH,2026-05-08,2026-05-11,6246,臺龍,ENTRY,PRE,PRE,54.0,WAIT,BLOCK,False,16.95,0.0,0.0,8,安靜吸籌 | 均線收斂 | 接近突破 | 結構尚可,BLOCK：超出本市場狀態可執行名額｜v266.57.9：結構：平台壓縮後轉強，可優先觀察起漲/試單。｜續強：回檔承接尚可，若原策略入選，可優先觀察延續。｜突破：尚未形成乾淨突破，不急著升級。,83.25,,,HIGH,高流動性,29.93,186014.0,3152937300.0,0.0,🟡 普通,50（🟡 普通）,,籌碼普通或資料有限，需搭配技術面確認。,1,部分籌碼資料有限,📉 低信心,,,臺龍,0.0,0.0,0.0,0.0,0.0,1,0.0,0.0,0.0,0.0,0,TPEX,🟡 洗盤吸籌／整理換手（結構未壞）,中高,不急追；等放量突破或站穩 MA10 / MA20 再提高權重。,2026-05-09 00:25:55,behavior_interpretation,,,,,,,,,,,,,,,,,,,,,,,,,,,,,,,,,,,,,,,,,,,,,,,,,,,,,,,,,,,,,,,,,,,,MA5：依試單節奏判斷,MA20：依試單節奏判斷,,,,,MA10：依試單節奏判斷,MA5：依試單節奏判斷,MA10：依試單節奏判斷,MA20：依試單節奏判斷,突破確認K,整理後轉強,整理後轉強,MA5：依試單節奏判斷｜MA10：依試單節奏判斷｜MA20：依試單節奏判斷｜K棒：突破確認K｜K線：整理後轉強,K棒型態：突破確認K｜K線結構：整理後轉強,依原策略執行，技術欄位用於確認節奏與風險。,11.8,A,起漲結構強,20D站上MA20｜MA5站上MA10｜40D平台收斂｜短中均線糾結｜40D低點守住｜接近/站回MA60｜MA60不再下彎｜站回60D區間中上｜量縮後溫和放量｜10D動能轉正,平台壓縮後轉強，可優先觀察起漲/試單。,v266.57.9,8.7,A,續強品質強,回檔不破前低｜低點墊高確認｜收盤守MA5｜續強確認：收盤未跌破MA5｜MA5仍在MA10上｜仍站MA20｜10D動能維持,回檔承接尚可，若原策略入選，可優先觀察延續。,v266.57.9,-0.2,D,突破不足,短均多頭｜扣分:收盤位置偏弱,尚未形成乾淨突破，不急著升級。,v266.57.9,GENERIC,0.55,0.5,0.5,10.74,221.0,最後後處理補寫：原分數+結構前置+續強品質+突破品質；不覆蓋原策略,一般,8.807,v266.58.1,2026-05-09 00:25:47,觀察,否,,觀察,0,0,持續觀察,首次追蹤:觀察,NO,v266.60.2,8.807,30.0,0.0,0.0,0.0,13.001,289.0,20/40/60結構佳｜續強品質佳｜主力佈局語意,主力佈局優先,v266.61,2026-05-09 00:25:50,8.0,洗盤不破承接,無事件,等待下一次確認。,8.565,242,v266.62,2026-05-09 00:25:51,0.0,,NONE,424,-13,AVOID_CHASE,平台收斂｜過熱扣分,318
WATCH,2026-05-08,2026-05-11,2910,統領,ENTRY,PRE,PRE,54.0,WAIT,BLOCK,False,22.85,0.0,0.0,8,波動壓縮 | 均線收斂 | 接近突破 | 結構尚可,BLOCK：超出本市場狀態可執行名額｜v266.57.9：結構：平台壓縮後轉強，可優先觀察起漲/試單。｜續強：回檔承接尚可，若原策略入選，可優先觀察延續。｜突破：尚未形成乾淨突破，不急著升級。,68.48,,,HIGH,高流動性,4.24,12461.0,284733850.00000006,0.0,⚠️ 分散,39（⚠️ 分散）,,籌碼普通或資料有限，需搭配技術面確認。,1,部分籌碼資料有限,📉 低信心,,,,-6000.0,0.0,0.0,-6000.0,0.0,1,0.0,0.0,0.0,0.0,0,TWSE,⚪ 盤整觀望（等待方向）,中低,先觀察，不急進場；等突破、量能或均線方向出現。,2026-05-09 00:25:55,behavior_interpretation,,,,,,,,,,,,,,,,,,,,,,,,,,,,,,,,,,,,,,,,,,,,,,,,,,,,,,,,,,,,,,,,,,,,MA5：依試單節奏判斷,MA20：依試單節奏判斷,,,,,MA10：依試單節奏判斷,MA5：依試單節奏判斷,MA10：依試單節奏判斷,MA20：依試單節奏判斷,突破確認K,整理後轉強,整理後轉強,MA5：依試單節奏判斷｜MA10：依試單節奏判斷｜MA20：依試單節奏判斷｜K棒：突破確認K｜K線：整理後轉強,K棒型態：突破確認K｜K線結構：整理後轉強,依原策略執行，技術欄位用於確認節奏與風險。,12.0,A,起漲結構強,20D站上MA20｜MA20走平翻揚｜接近20日高｜40D平台收斂｜短中均線糾結｜40D低點守住｜接近/站回MA60｜MA60不再下彎｜站回60D區間中上｜近5日量縮｜5D動能轉正｜10D動能轉正,平台壓縮後轉強，可優先觀察起漲/試單。,v266.57.9,9.0,A,續強品質強,回檔不破前低｜低點墊高確認｜收盤守MA5｜續強確認：收盤未跌破MA5｜回檔量縮｜仍站MA20｜10D動能維持,回檔承接尚可，若原策略入選，可優先觀察延續。,v266.57.9,-1.0,D,突破不足,扣分:收盤位置偏弱,尚未形成乾淨突破，不急著升級。,v266.57.9,GENERIC,0.55,0.5,0.5,10.6,234.0,最後後處理補寫：原分數+結構前置+續強品質+突破品質；不覆蓋原策略,一般,8.692,v266.58.1,2026-05-09 00:25:47,觀察,否,,觀察,0,0,持續觀察,前狀態:nan→今日:觀察,NO,v266.60.2,8.692,30.0,0.0,0.0,0.0,12.989,296.0,20/40/60結構佳｜續強品質佳｜主力佈局語意,主力佈局優先,v266.61,2026-05-09 00:25:50,8.0,洗盤不破承接,無事件,等待下一次確認。,8.484,248,v266.62,2026-05-09 00:25:51,0.0,,NONE,418,-13,AVOID_CHASE,平台收斂｜過熱扣分,319
WATCH,2026-05-08,2026-05-11,1432,大魯閣,ENTRY,PRE,PRE,54.0,WAIT,BLOCK,False,16.85,0.0,0.0,8,波動壓縮 | 均線收斂 | 接近突破 | 結構尚可,BLOCK：超出本市場狀態可執行名額｜v266.57.9：結構：平台壓縮後轉強，可優先觀察起漲/試單。｜續強：回檔承接尚可，若原策略入選，可優先觀察延續。｜突破：有轉強跡象，但突破品質尚未完全成立。,85.47,,,HIGH,高流動性,34.68,255315.0,4302057750.0,0.0,⚠️ 分散,25（⚠️ 分散）,,籌碼偏弱且資料有限，避免重倉追高。,1,部分籌碼資料有限,📉 低信心,,,大魯閣,-74000.0,0.0,0.0,-74000.0,0.0,1,0.0,0.0,0.0,0.0,0,TWSE,⚪ 盤整觀望（等待方向）,中低,先觀察，不急進場；等突破、量能或均線方向出現。,2026-05-09 00:25:55,behavior_interpretation,,,,,,,,,,,,,,,,,,,,,,,,,,,,,,,,,,,,,,,,,,,,,,,,,,,,,,,,,,,,,,,,,,,,MA5：依試單節奏判斷,MA20：依試單節奏判斷,,,,,MA10：依試單節奏判斷,MA5：依試單節奏判斷,MA10：依試單節奏判斷,MA20：依試單節奏判斷,突破確認K,整理後轉強,整理後轉強,MA5：依試單節奏判斷｜MA10：依試單節奏判斷｜MA20：依試單節奏判斷｜K棒：突破確認K｜K線：整理後轉強,K棒型態：突破確認K｜K線結構：整理後轉強,依原策略執行，技術欄位用於確認節奏與風險。,8.6,A,起漲結構強,MA5站上MA10｜接近20日高｜40D平台收斂｜短中均線糾結｜40D低點守住｜近5日量縮｜5D動能轉正｜10D動能轉正,平台壓縮後轉強，可優先觀察起漲/試單。,v266.57.9,9.2,A,續強品質強,回檔不破前低｜低點墊高確認｜收盤守MA5｜續強確認：收盤未跌破MA5｜回檔量縮｜MA5仍在MA10上｜10D動能維持,回檔承接尚可，若原策略入選，可優先觀察延續。,v266.57.9,3.5,C,突破觀察,收盤接近高點｜MA5加速上彎｜短均多頭,有轉強跡象，但突破品質尚未完全成立。,v266.57.9,GENERIC,0.55,0.5,0.5,11.08,196.0,最後後處理補寫：原分數+結構前置+續強品質+突破品質；不覆蓋原策略,一般,9.086,v266.58.1,2026-05-09 00:25:47,觀察,否,,觀察,0,0,持續觀察,前狀態:nan→今日:觀察,NO,v266.60.2,9.086,30.0,0.0,0.0,0.0,13.029,265.0,20/40/60結構佳｜續強品質佳｜主力佈局語意,主力佈局優先,v266.61,2026-05-09 00:25:50,8.0,洗盤不破承接,無事件,等待下一次確認。,8.76,217,v266.62,2026-05-09 00:25:51,0.0,,NONE,417,-13,AVOID_CHASE,平台收斂｜過熱扣分,320
TEST,2026-05-08,2026-05-11,3684,榮昌,ENTRY,PRE,PRE,72.0,WAIT,BLOCK,False,59.5,0.0,0.0,3,波動壓縮 | 安靜吸籌 | 均線收斂 | 接近突破 | 結構尚可,BLOCK：超出本市場狀態可執行名額｜v266.57.9：結構：平台壓縮後轉強，可優先觀察起漲/試單。｜續強：回檔承接尚可，若原策略入選，可優先觀察延續。｜突破：尚未形成乾淨突破，不急著升級。,94.78,,,HIGH,高流動性,35.52,153791.0,9150564500.0,0.0,🟡 普通,50（🟡 普通）,,籌碼普通或資料有限，需搭配技術面確認。,1,部分籌碼資料有限,📉 低信心,,,榮昌,0.0,0.0,0.0,0.0,0.0,1,0.0,0.0,0.0,0.0,0,TPEX,🟡 洗盤吸籌／整理換手（結構未壞）,中高,不急追；等放量突破或站穩 MA10 / MA20 再提高權重。,2026-05-09 00:25:55,behavior_interpretation,,,,,,,,,,,,,,,,,,,,,,,,,,,,,,,,,,,,,,,,,,,,,,,,,,,,,,,,,,,,,,,,,,,,MA5：依試單節奏判斷,MA20：依試單節奏判斷,,,,,MA10：依試單節奏判斷,MA5：依試單節奏判斷,MA10：依試單節奏判斷,MA20：依試單節奏判斷,突破確認K,整理後轉強,整理後轉強,MA5：依試單節奏判斷｜MA10：依試單節奏判斷｜MA20：依試單節奏判斷｜K棒：突破確認K｜K線：整理後轉強,K棒型態：突破確認K｜K線結構：整理後轉強,依原策略執行，技術欄位用於確認節奏與風險。,10.8,A,起漲結構強,20D站上MA20｜MA20走平翻揚｜MA5站上MA10｜接近20日高｜40D平台收斂｜短中均線糾結｜40D低點守住｜接近/站回MA60｜MA60不再下彎｜10D動能轉正,平台壓縮後轉強，可優先觀察起漲/試單。,v266.57.9,8.7,A,續強品質強,回檔不破前低｜低點墊高確認｜收盤守MA5｜續強確認：收盤未跌破MA5｜MA5仍在MA10上｜仍站MA20｜10D動能維持,回檔承接尚可，若原策略入選，可優先觀察延續。,v266.57.9,0.8,D,突破不足,短均多頭,尚未形成乾淨突破，不急著升級。,v266.57.9,GENERIC,0.55,0.5,0.5,10.69,231.0,最後後處理補寫：原分數+結構前置+續強品質+突破品質；不覆蓋原策略,一般,8.766,v266.58.1,2026-05-09 00:25:47,觀察,否,,觀察,0,0,持續觀察,前狀態:nan→今日:觀察,NO,v266.60.2,8.766,30.0,0.0,0.0,0.0,13.537,155.0,20/40/60結構佳｜續強品質佳｜主力佈局語意,主力佈局優先,v266.61,2026-05-09 00:25:50,8.0,洗盤不破承接,無事件,等待下一次確認。,8.536,245,v266.62,2026-05-09 00:25:51,0.0,,NONE,421,-13,AVOID_CHASE,平台收斂｜過熱扣分,321
WATCH,2026-05-08,2026-05-11,2032,新鋼,ENTRY,PRE,PRE,54.0,WAIT,BLOCK,False,16.55,0.0,0.0,8,安靜吸籌 | 均線收斂 | 接近突破 | 結構尚可,BLOCK：超出本市場狀態可執行名額｜v266.57.9：結構：平台壓縮後轉強，可優先觀察起漲/試單。｜續強：回檔承接尚可，若原策略入選，可優先觀察延續。｜突破：尚未形成乾淨突破，不急著升級。,93.18,,,HIGH,高流動性,51.07,794740.0,13152947000.0,0.0,⚠️ 分散,25（⚠️ 分散）,,籌碼偏弱且資料有限，避免重倉追高。,1,部分籌碼資料有限,📉 低信心,,,,-157000.0,0.0,0.0,-157000.0,0.0,1,0.0,0.0,0.0,0.0,0,TWSE,🟡 洗盤吸籌／整理換手（結構未壞）,中高,不急追；等放量突破或站穩 MA10 / MA20 再提高權重。,2026-05-09 00:25:55,behavior_interpretation,,,,,,,,,,,,,,,,,,,,,,,,,,,,,,,,,,,,,,,,,,,,,,,,,,,,,,,,,,,,,,,,,,,,MA5：依試單節奏判斷,MA20：依試單節奏判斷,,,,,MA10：依試單節奏判斷,MA5：依試單節奏判斷,MA10：依試單節奏判斷,MA20：依試單節奏判斷,突破確認K,整理後轉強,整理後轉強,MA5：依試單節奏判斷｜MA10：依試單節奏判斷｜MA20：依試單節奏判斷｜K棒：突破確認K｜K線：整理後轉強,K棒型態：突破確認K｜K線結構：整理後轉強,依原策略執行，技術欄位用於確認節奏與風險。,11.6,A,起漲結構強,20D站上MA20｜MA5站上MA10｜40D平台收斂｜短中均線糾結｜40D低點守住｜接近/站回MA60｜MA60不再下彎｜量縮後溫和放量｜5D動能轉正｜10D動能轉正,平台壓縮後轉強，可優先觀察起漲/試單。,v266.57.9,8.7,A,續強品質強,回檔不破前低｜低點墊高確認｜收盤守MA5｜續強確認：收盤未跌破MA5｜MA5仍在MA10上｜仍站MA20｜10D動能維持,回檔承接尚可，若原策略入選，可優先觀察延續。,v266.57.9,-0.2,D,突破不足,短均多頭｜扣分:收盤位置偏弱,尚未形成乾淨突破，不急著升級。,v266.57.9,GENERIC,0.55,0.5,0.5,10.63,232.0,最後後處理補寫：原分數+結構前置+續強品質+突破品質；不覆蓋原策略,一般,8.717,v266.58.1,2026-05-09 00:25:47,觀察,否,,觀察,0,0,持續觀察,前狀態:nan→今日:觀察,NO,v266.60.2,8.717,30.0,0.0,0.0,0.0,12.992,294.0,20/40/60結構佳｜續強品質佳｜主力佈局語意,主力佈局優先,v266.61,2026-05-09 00:25:50,8.0,洗盤不破承接,無事件,等待下一次確認。,8.502,246,v266.62,2026-05-09 00:25:51,0.0,,NONE,420,-13,AVOID_CHASE,平台收斂｜過熱扣分,322
WATCH,2026-05-08,2026-05-11,4541,晟田,ENTRY,PRE,PRE,54.0,WAIT,BLOCK,False,47.95,0.0,0.0,8,波動壓縮 | 均線收斂 | 接近突破 | 結構尚可,BLOCK：超出本市場狀態可執行名額｜v266.57.9：結構：平台壓縮後轉強，可優先觀察起漲/試單。｜續強：回檔承接尚可，若原策略入選，可優先觀察延續。｜突破：尚未形成乾淨突破，不急著升級。,101.64,,,HIGH,高流動性,71.27,2200541.0,105515940950.0,4.0,🟢 偏集中,74（🟢 偏集中）,法人偏多,籌碼偏集中但資料有限，可搭配技術面確認，不宜單獨重倉。,1,部分籌碼資料有限,📉 低信心,,,晟田,2506.0,6407.0,3901.0,12814.0,1.0,1,0.0,0.0,0.0,0.0,0,TPEX,⚪ 盤整觀望（等待方向）,中低,先觀察，不急進場；等突破、量能或均線方向出現。,2026-05-09 00:25:55,behavior_interpretation,,,,,,,,,,,,,,,,,,,,,,,,,,,,,,,,,,,,,,,,,,,,,,,,,,,,,,,,,,,,,,,,,,,,MA5：依試單節奏判斷,MA20：依試單節奏判斷,,,,,MA10：依試單節奏判斷,MA5：依試單節奏判斷,MA10：依試單節奏判斷,MA20：依試單節奏判斷,突破確認K,整理後轉強,整理後轉強,MA5：依試單節奏判斷｜MA10：依試單節奏判斷｜MA20：依試單節奏判斷｜K棒：突破確認K｜K線：整理後轉強,K棒型態：突破確認K｜K線結構：整理後轉強,依原策略執行，技術欄位用於確認節奏與風險。,10.8,A,起漲結構強,20D站上MA20｜MA20走平翻揚｜MA5站上MA10｜40D平台收斂｜短中均線糾結｜40D低點守住｜接近/站回MA60｜MA60不再下彎｜站回60D區間中上｜10D動能轉正,平台壓縮後轉強，可優先觀察起漲/試單。,v266.57.9,8.7,A,續強品質強,回檔不破前低｜低點墊高確認｜收盤守MA5｜續強確認：收盤未跌破MA5｜MA5仍在MA10上｜仍站MA20｜10D動能維持,回檔承接尚可，若原策略入選，可優先觀察延續。,v266.57.9,-0.2,D,突破不足,短均多頭｜扣分:收盤位置偏弱,尚未形成乾淨突破，不急著升級。,v266.57.9,GENERIC,0.55,0.5,0.5,10.19,255.0,最後後處理補寫：原分數+結構前置+續強品質+突破品質；不覆蓋原策略,一般,9.076,v266.58.1,2026-05-09 00:25:47,觀察,否,,觀察,0,0,持續觀察,首次追蹤:觀察,NO,v266.60.2,9.076,30.0,0.0,0.0,0.0,13.028,269.0,20/40/60結構佳｜續強品質佳｜主力佈局語意,主力佈局優先,v266.61,2026-05-09 00:25:50,8.0,洗盤不破承接,無事件,等待下一次確認。,8.753,219,v266.62,2026-05-09 00:25:51,0.0,,NONE,415,-13,AVOID_CHASE,平台收斂｜過熱扣分,323
WATCH,2026-05-08,2026-05-11,4933,友輝,ENTRY,PRE,PRE,56.0,WAIT,BLOCK,False,69.1,0.0,0.0,8,波動壓縮 | 安靜吸籌 | 接近突破 | 結構尚可,BLOCK：超出本市場狀態可執行名額｜v266.57.9：結構：平台壓縮後轉強，可優先觀察起漲/試單。｜續強：回檔承接尚可，若原策略入選，可優先觀察延續。｜突破：尚未形成乾淨突破，不急著升級。,98.07,,,HIGH,高流動性,61.46,872012.0,60256029199.99999,4.0,🟢 偏集中,78（🟢 偏集中）,法人偏多,籌碼偏集中但資料有限，可搭配技術面確認，不宜單獨重倉。,1,部分籌碼資料有限,📉 低信心,,,友輝,34345.0,10393.0,-23952.0,20786.0,1.0,1,0.0,0.0,0.0,0.0,0,TPEX,🟡 洗盤吸籌／整理換手（結構未壞）,中高,不急追；等放量突破或站穩 MA10 / MA20 再提高權重。,2026-05-09 00:25:55,behavior_interpretation,,,,,,,,,,,,,,,,,,,,,,,,,,,,,,,,,,,,,,,,,,,,,,,,,,,,,,,,,,,,,,,,,,,,MA5：依試單節奏判斷,MA20：依試單節奏判斷,,,,,MA10：依試單節奏判斷,MA5：依試單節奏判斷,MA10：依試單節奏判斷,MA20：依試單節奏判斷,突破確認K,整理後轉強,整理後轉強,MA5：依試單節奏判斷｜MA10：依試單節奏判斷｜MA20：依試單節奏判斷｜K棒：突破確認K｜K線：整理後轉強,K棒型態：突破確認K｜K線結構：整理後轉強,依原策略執行，技術欄位用於確認節奏與風險。,10.8,A,起漲結構強,20D站上MA20｜MA20走平翻揚｜MA5站上MA10｜40D平台收斂｜短中均線糾結｜40D低點守住｜接近/站回MA60｜MA60不再下彎｜站回60D區間中上｜10D動能轉正,平台壓縮後轉強，可優先觀察起漲/試單。,v266.57.9,8.7,A,續強品質強,回檔不破前低｜低點墊高確認｜收盤守MA5｜續強確認：收盤未跌破MA5｜MA5仍在MA10上｜仍站MA20｜10D動能維持,回檔承接尚可，若原策略入選，可優先觀察延續。,v266.57.9,-0.2,D,突破不足,短均多頭｜扣分:收盤位置偏弱,尚未形成乾淨突破，不急著升級。,v266.57.9,GENERIC,0.55,0.5,0.5,10.19,255.0,最後後處理補寫：原分數+結構前置+續強品質+突破品質；不覆蓋原策略,一般,9.076,v266.58.1,2026-05-09 00:25:47,觀察,否,,觀察,0,0,持續觀察,首次追蹤:觀察,NO,v266.60.2,9.076,30.0,0.0,0.0,0.0,13.088,242.0,20/40/60結構佳｜續強品質佳｜主力佈局語意,主力佈局優先,v266.61,2026-05-09 00:25:50,8.0,洗盤不破承接,無事件,等待下一次確認。,8.753,218,v266.62,2026-05-09 00:25:51,0.0,,NONE,416,-13,AVOID_CHASE,平台收斂｜過熱扣分,324
WATCH,2026-05-08,2026-05-11,8936,國統,ENTRY,PRE,PRE,54.0,WAIT,BLOCK,False,52.0,0.0,0.0,8,波動壓縮 | 均線收斂 | 接近突破 | 結構尚可,BLOCK：超出本市場狀態可執行名額｜v266.57.9：結構：平台壓縮後轉強，可優先觀察起漲/試單。｜續強：回檔承接尚可，若原策略入選，可優先觀察延續。｜突破：尚未形成乾淨突破，不急著升級。,103.28,,,HIGH,高流動性,75.94,3169864.0,164832928000.0,4.0,🔥 高度集中,81（🔥 高度集中）,法人偏多,籌碼偏集中但資料有限，可搭配技術面確認，不宜單獨重倉。,1,部分籌碼資料有限,📉 低信心,,,國統,6152.0,13000.0,6848.0,26000.0,1.0,1,0.0,0.0,0.0,0.0,0,TPEX,⚪ 盤整觀望（等待方向）,中低,先觀察，不急進場；等突破、量能或均線方向出現。,2026-05-09 00:25:55,behavior_interpretation,,,,,,,,,,,,,,,,,,,,,,,,,,,,,,,,,,,,,,,,,,,,,,,,,,,,,,,,,,,,,,,,,,,,MA5：依試單節奏判斷,MA20：依試單節奏判斷,,,,,MA10：依試單節奏判斷,MA5：依試單節奏判斷,MA10：依試單節奏判斷,MA20：依試單節奏判斷,突破確認K,整理後轉強,整理後轉強,MA5：依試單節奏判斷｜MA10：依試單節奏判斷｜MA20：依試單節奏判斷｜K棒：突破確認K｜K線：整理後轉強,K棒型態：突破確認K｜K線結構：整理後轉強,依原策略執行，技術欄位用於確認節奏與風險。,10.8,A,起漲結構強,20D站上MA20｜MA20走平翻揚｜MA5站上MA10｜接近20日高｜40D平台收斂｜短中均線糾結｜40D低點守住｜接近/站回MA60｜MA60不再下彎｜10D動能轉正,平台壓縮後轉強，可優先觀察起漲/試單。,v266.57.9,8.7,A,續強品質強,回檔不破前低｜低點墊高確認｜收盤守MA5｜續強確認：收盤未跌破MA5｜MA5仍在MA10上｜仍站MA20｜10D動能維持,回檔承接尚可，若原策略入選，可優先觀察延續。,v266.57.9,-0.2,D,突破不足,短均多頭｜扣分:收盤位置偏弱,尚未形成乾淨突破，不急著升級。,v266.57.9,GENERIC,0.55,0.5,0.5,10.19,255.0,最後後處理補寫：原分數+結構前置+續強品質+突破品質；不覆蓋原策略,一般,9.076,v266.58.1,2026-05-09 00:25:47,觀察,否,,觀察,0,0,持續觀察,前狀態:nan→今日:觀察,NO,v266.60.2,9.076,30.0,0.0,0.0,0.0,13.028,269.0,20/40/60結構佳｜續強品質佳｜主力佈局語意,主力佈局優先,v266.61,2026-05-09 00:25:50,8.0,洗盤不破承接,無事件,等待下一次確認。,8.753,220,v266.62,2026-05-09 00:25:51,0.0,,NONE,414,-13,AVOID_CHASE,平台收斂｜過熱扣分,325
TEST,2026-05-08,2026-05-11,3218,大學光,ENTRY,PRE,PRE,72.0,WAIT,BLOCK,False,132.5,0.0,0.0,3,波動壓縮 | 安靜吸籌 | 均線收斂 | 接近突破 | 結構尚可,BLOCK：超出本市場狀態可執行名額｜v266.57.9：結構：平台壓縮後轉強，可優先觀察起漲/試單。｜續強：回檔承接尚可，若原策略入選，可優先觀察延續。｜突破：尚未形成乾淨突破，不急著升級。,103.63,,,HIGH,高流動性,55.67,432489.0,57304792500.0,4.0,🔥 高度集中,80（🔥 高度集中）,法人偏多,籌碼偏集中但資料有限，可搭配技術面確認，不宜單獨重倉。,1,部分籌碼資料有限,📉 低信心,,,大學光,26080.0,12187.0,-13893.0,24374.0,1.0,1,0.0,0.0,0.0,0.0,0,TPEX,🟡 洗盤吸籌／整理換手（結構未壞）,中高,不急追；等放量突破或站穩 MA10 / MA20 再提高權重。,2026-05-09 00:25:55,behavior_interpretation,,,,,,,,,,,,,,,,,,,,,,,,,,,,,,,,,,,,,,,,,,,,,,,,,,,,,,,,,,,,,,,,,,,,MA5：依試單節奏判斷,MA20：依試單節奏判斷,,,,,MA10：依試單節奏判斷,MA5：依試單節奏判斷,MA10：依試單節奏判斷,MA20：依試單節奏判斷,突破確認K,整理後轉強,整理後轉強,MA5：依試單節奏判斷｜MA10：依試單節奏判斷｜MA20：依試單節奏判斷｜K棒：突破確認K｜K線：整理後轉強,K棒型態：突破確認K｜K線結構：整理後轉強,依原策略執行，技術欄位用於確認節奏與風險。,9.8,A,起漲結構強,20D站上MA20｜MA20走平翻揚｜MA5站上MA10｜接近20日高｜40D平台收斂｜短中均線糾結｜40D低點守住｜接近/站回MA60｜10D動能轉正,平台壓縮後轉強，可優先觀察起漲/試單。,v266.57.9,8.7,A,續強品質強,回檔不破前低｜低點墊高確認｜收盤守MA5｜續強確認：收盤未跌破MA5｜MA5仍在MA10上｜仍站MA20｜10D動能維持,回檔承接尚可，若原策略入選，可優先觀察延續。,v266.57.9,-0.2,D,突破不足,短均多頭｜扣分:收盤位置偏弱,尚未形成乾淨突破，不急著升級。,v266.57.9,GENERIC,0.55,0.5,0.5,9.64,303.0,最後後處理補寫：原分數+結構前置+續強品質+突破品質；不覆蓋原策略,一般,8.625,v266.58.1,2026-05-09 00:25:47,觀察,否,,觀察,0,0,持續觀察,前狀態:nan→今日:觀察,NO,v266.60.2,8.625,30.0,0.0,0.0,0.0,13.522,159.0,20/40/60結構佳｜續強品質佳｜主力佈局語意,主力佈局優先,v266.61,2026-05-09 00:25:50,8.0,洗盤不破承接,無事件,等待下一次確認。,8.438,255,v266.62,2026-05-09 00:25:51,0.0,,NONE,411,-13,AVOID_CHASE,平台收斂｜過熱扣分,326
WATCH,2026-05-08,2026-05-11,8272,全景軟體,ENTRY,PRE,PRE,54.0,WAIT,BLOCK,False,76.1,0.0,0.0,8,安靜吸籌 | 均線收斂 | 接近突破 | 結構尚可,BLOCK：超出本市場狀態可執行名額｜v266.57.9：結構：平台壓縮後轉強，可優先觀察起漲/試單。｜續強：回檔承接尚可，若原策略入選，可優先觀察延續。｜突破：有轉強跡象，但突破品質尚未完全成立。,82.03,,,HIGH,高流動性,29.83,93798.0,7138027800.0,0.0,🟡 普通,50（🟡 普通）,,籌碼普通或資料有限，需搭配技術面確認。,1,部分籌碼資料有限,📉 低信心,,,,0.0,0.0,0.0,0.0,0.0,1,0.0,0.0,0.0,0.0,0,TPEX,🟡 洗盤吸籌／整理換手（結構未壞）,中高,不急追；等放量突破或站穩 MA10 / MA20 再提高權重。,2026-05-09 00:25:55,behavior_interpretation,,,,,,,,,,,,,,,,,,,,,,,,,,,,,,,,,,,,,,,,,,,,,,,,,,,,,,,,,,,,,,,,,,,,MA5：依試單節奏判斷,MA20：依試單節奏判斷,,,,,MA10：依試單節奏判斷,MA5：依試單節奏判斷,MA10：依試單節奏判斷,MA20：依試單節奏判斷,突破確認K,整理後轉強,整理後轉強,MA5：依試單節奏判斷｜MA10：依試單節奏判斷｜MA20：依試單節奏判斷｜K棒：突破確認K｜K線：整理後轉強,K棒型態：突破確認K｜K線結構：整理後轉強,依原策略執行，技術欄位用於確認節奏與風險。,12.0,A,起漲結構強,20D站上MA20｜MA20走平翻揚｜MA5站上MA10｜接近20日高｜40D平台收斂｜短中均線糾結｜40D低點守住｜接近/站回MA60｜站回60D區間中上｜量縮後溫和放量｜10D動能轉正,平台壓縮後轉強，可優先觀察起漲/試單。,v266.57.9,8.7,A,續強品質強,回檔不破前低｜低點墊高確認｜收盤守MA5｜續強確認：收盤未跌破MA5｜MA5仍在MA10上｜仍站MA20｜10D動能維持,回檔承接尚可，若原策略入選，可優先觀察延續。,v266.57.9,3.8,C,突破觀察,收盤接近高點｜突破近5日高｜短均多頭,有轉強跡象，但突破品質尚未完全成立。,v266.57.9,GENERIC,0.55,0.5,0.5,12.85,109.0,最後後處理補寫：原分數+結構前置+續強品質+突破品質；不覆蓋原策略,一般,10.537,v266.58.1,2026-05-09 00:25:47,觀察,否,,觀察,0,0,持續觀察,前狀態:nan→今日:觀察,NO,v266.60.2,10.537,30.0,0.0,0.0,0.0,13.174,215.0,20/40/60結構佳｜續強品質佳｜主力佈局語意,主力佈局優先,v266.61,2026-05-09 00:25:50,8.0,洗盤不破承接,無事件,等待下一次確認。,9.776,135,v266.62,2026-05-09 00:25:51,0.0,,NONE,301,-13,AVOID_CHASE,平台收斂｜過熱扣分,327
WATCH,2026-05-08,2026-05-11,4506,崇友,ENTRY,PRE,PRE,54.0,WAIT,BLOCK,False,118.5,0.0,0.0,8,波動壓縮 | 均線收斂 | 接近突破 | 結構尚可,BLOCK：超出本市場狀態可執行名額｜v266.57.9：結構：平台壓縮後轉強，可優先觀察起漲/試單。｜續強：回檔承接尚可，若原策略入選，可優先觀察延續。｜突破：尚未形成乾淨突破，不急著升級。,77.04,,,HIGH,高流動性,20.38,35536.0,4211016000.0,4.0,🟢 偏集中,66（🟢 偏集中）,法人偏多,籌碼偏集中但資料有限，可搭配技術面確認，不宜單獨重倉。,1,部分籌碼資料有限,📉 低信心,,,崇友,2000.0,2000.0,0.0,4000.0,1.0,1,0.0,0.0,0.0,0.0,0,TPEX,⚪ 盤整觀望（等待方向）,中低,先觀察，不急進場；等突破、量能或均線方向出現。,2026-05-09 00:25:55,behavior_interpretation,,,,,,,,,,,,,,,,,,,,,,,,,,,,,,,,,,,,,,,,,,,,,,,,,,,,,,,,,,,,,,,,,,,,MA5：依試單節奏判斷,MA20：依試單節奏判斷,,,,,MA10：依試單節奏判斷,MA5：依試單節奏判斷,MA10：依試單節奏判斷,MA20：依試單節奏判斷,突破確認K,整理後轉強,整理後轉強,MA5：依試單節奏判斷｜MA10：依試單節奏判斷｜MA20：依試單節奏判斷｜K棒：突破確認K｜K線：整理後轉強,K棒型態：突破確認K｜K線結構：整理後轉強,依原策略執行，技術欄位用於確認節奏與風險。,9.0,A,起漲結構強,MA5站上MA10｜接近20日高｜40D平台收斂｜短中均線糾結｜40D低點守住｜接近/站回MA60｜MA60不再下彎｜站回60D區間中上,平台壓縮後轉強，可優先觀察起漲/試單。,v266.57.9,8.2,A,續強品質強,回檔不破前低｜低點墊高確認｜收盤守MA5｜續強確認：收盤未跌破MA5｜回檔量縮｜MA5仍在MA10上,回檔承接尚可，若原策略入選，可優先觀察延續。,v266.57.9,-0.2,D,突破不足,短均多頭｜扣分:收盤位置偏弱,尚未形成乾淨突破，不急著升級。,v266.57.9,GENERIC,0.55,0.5,0.5,8.95,349.0,最後後處理補寫：原分數+結構前置+續強品質+突破品質；不覆蓋原策略,一般,8.059,v266.58.1,2026-05-09 00:25:47,觀察,否,,觀察,0,0,持續觀察,前狀態:nan→今日:觀察,NO,v266.60.2,8.059,30.0,0.0,0.0,0.0,12.926,323.0,20/40/60結構佳｜續強品質佳｜主力佈局語意,主力佈局優先,v266.61,2026-05-09 00:25:50,8.0,洗盤不破承接,無事件,等待下一次確認。,8.041,296,v266.62,2026-05-09 00:25:51,0.0,,NONE,122,-13,AVOID_CHASE,平台收斂｜過熱扣分,328
WATCH,2026-05-08,2026-05-11,6527,明達醫,ENTRY,PRE,PRE,54.0,WAIT,BLOCK,False,71.8,0.0,0.0,8,波動壓縮 | 均線收斂 | 接近突破 | 結構尚可,BLOCK：超出本市場狀態可執行名額｜v266.57.9：結構：平台壓縮後轉強，可優先觀察起漲/試單。｜續強：回檔承接尚可，若原策略入選，可優先觀察延續。｜突破：有轉強跡象，但突破品質尚未完全成立。,74.91,,,HIGH,高流動性,15.35,28785.0,2066763000.0,0.0,🟡 普通,50（🟡 普通）,,籌碼普通或資料有限，需搭配技術面確認。,0,法人/融資資料有限,📉 低信心,,,,0.0,0.0,0.0,0.0,0.0,0,0.0,0.0,0.0,0.0,0,,⚪ 盤整觀望（等待方向）,中低,先觀察，不急進場；等突破、量能或均線方向出現。,2026-05-09 00:25:55,behavior_interpretation,,,,,,,,,,,,,,,,,,,,,,,,,,,,,,,,,,,,,,,,,,,,,,,,,,,,,,,,,,,,,,,,,,,,MA5：依試單節奏判斷,MA20：依試單節奏判斷,,,,,MA10：依試單節奏判斷,MA5：依試單節奏判斷,MA10：依試單節奏判斷,MA20：依試單節奏判斷,突破確認K,整理後轉強,整理後轉強,MA5：依試單節奏判斷｜MA10：依試單節奏判斷｜MA20：依試單節奏判斷｜K棒：突破確認K｜K線：整理後轉強,K棒型態：突破確認K｜K線結構：整理後轉強,依原策略執行，技術欄位用於確認節奏與風險。,10.8,A,起漲結構強,20D站上MA20｜MA20走平翻揚｜MA5站上MA10｜接近20日高｜40D平台收斂｜短中均線糾結｜40D低點守住｜接近/站回MA60｜近5日量縮｜10D動能轉正,平台壓縮後轉強，可優先觀察起漲/試單。,v266.57.9,10.0,A,續強品質強,回檔不破前低｜低點墊高確認｜收盤守MA5｜續強確認：收盤未跌破MA5｜回檔量縮｜MA5仍在MA10上｜仍站MA20｜10D動能維持,回檔承接尚可，若原策略入選，可優先觀察延續。,v266.57.9,3.8,C,突破觀察,收盤接近高點｜突破近5日高｜短均多頭,有轉強跡象，但突破品質尚未完全成立。,v266.57.9,GENERIC,0.55,0.5,0.5,12.84,112.0,最後後處理補寫：原分數+結構前置+續強品質+突破品質；不覆蓋原策略,一般,10.529,v266.58.1,2026-05-09 00:25:47,觀察,否,,觀察,0,0,持續觀察,首次追蹤:觀察,NO,v266.60.2,10.529,30.0,0.0,0.0,0.0,13.173,216.0,20/40/60結構佳｜續強品質佳｜主力佈局語意,主力佈局優先,v266.61,2026-05-09 00:25:50,8.0,洗盤不破承接,無事件,等待下一次確認。,9.77,136,v266.62,2026-05-09 00:25:51,0.0,,NONE,300,-13,AVOID_CHASE,平台收斂｜過熱扣分,329
WATCH,2026-05-08,2026-05-11,3551,世禾,ENTRY,PRE,PRE,54.0,WAIT,BLOCK,False,210.0,0.0,0.0,8,安靜吸籌 | 均線收斂 | 接近突破 | 結構尚可,BLOCK：超出本市場狀態可執行名額｜v266.57.9：結構：平台壓縮後轉強，可優先觀察起漲/試單。｜續強：回檔承接尚可，若原策略入選，可優先觀察延續。｜突破：尚未形成乾淨突破，不急著升級。,107.83,,,HIGH,高流動性,88.95,6787704.0,1425417840000.0,4.0,🟢 偏集中,73（🟢 偏集中）,法人偏多,籌碼偏集中但資料有限，可搭配技術面確認，不宜單獨重倉。,1,部分籌碼資料有限,📉 低信心,,,世禾,6625.0,5562.0,-1063.0,11124.0,1.0,1,0.0,0.0,0.0,0.0,0,TPEX,🟡 洗盤吸籌／整理換手（結構未壞）,中高,不急追；等放量突破或站穩 MA10 / MA20 再提高權重。,2026-05-09 00:25:55,behavior_interpretation,,,,,,,,,,,,,,,,,,,,,,,,,,,,,,,,,,,,,,,,,,,,,,,,,,,,,,,,,,,,,,,,,,,,MA5：依試單節奏判斷,MA20：依試單節奏判斷,,,,,MA10：依試單節奏判斷,MA5：依試單節奏判斷,MA10：依試單節奏判斷,MA20：依試單節奏判斷,突破確認K,整理後轉強,整理後轉強,MA5：依試單節奏判斷｜MA10：依試單節奏判斷｜MA20：依試單節奏判斷｜K棒：突破確認K｜K線：整理後轉強,K棒型態：突破確認K｜K線結構：整理後轉強,依原策略執行，技術欄位用於確認節奏與風險。,10.8,A,起漲結構強,20D站上MA20｜MA20走平翻揚｜MA5站上MA10｜40D平台收斂｜短中均線糾結｜40D低點守住｜接近/站回MA60｜MA60不再下彎｜站回60D區間中上｜10D動能轉正,平台壓縮後轉強，可優先觀察起漲/試單。,v266.57.9,8.7,A,續強品質強,回檔不破前低｜低點墊高確認｜收盤守MA5｜續強確認：收盤未跌破MA5｜MA5仍在MA10上｜仍站MA20｜10D動能維持,回檔承接尚可，若原策略入選，可優先觀察延續。,v266.57.9,-0.2,D,突破不足,短均多頭｜扣分:收盤位置偏弱,尚未形成乾淨突破，不急著升級。,v266.57.9,GENERIC,0.55,0.5,0.5,10.19,255.0,最後後處理補寫：原分數+結構前置+續強品質+突破品質；不覆蓋原策略,一般,9.076,v266.58.1,2026-05-09 00:25:47,觀察,否,,觀察,0,0,持續觀察,前狀態:nan→今日:觀察,NO,v266.60.2,9.076,30.0,0.0,0.0,0.0,13.028,269.0,20/40/60結構佳｜續強品質佳｜主力佈局語意,主力佈局優先,v266.61,2026-05-09 00:25:50,8.0,洗盤不破承接,無事件,等待下一次確認。,8.753,221,v266.62,2026-05-09 00:25:51,0.0,,NONE,427,-13,AVOID_CHASE,平台收斂｜過熱扣分,330
WATCH,2026-05-08,2026-05-11,5519,隆大,ENTRY,PRE,PRE,54.0,WAIT,BLOCK,False,33.1,0.0,0.0,8,波動壓縮 | 均線收斂 | 接近突破 | 結構尚可,BLOCK：超出本市場狀態可執行名額｜v266.57.9：結構：平台壓縮後轉強，可優先觀察起漲/試單。｜續強：回檔承接尚可，若原策略入選，可優先觀察延續。｜突破：有轉強跡象，但突破品質尚未完全成立。,89.18,,,HIGH,高流動性,43.78,346930.0,11483383000.0,0.0,⚠️ 分散,25（⚠️ 分散）,,籌碼偏弱且資料有限，避免重倉追高。,1,部分籌碼資料有限,📉 低信心,,,隆大,-60000.0,0.0,0.0,-60000.0,0.0,1,0.0,0.0,0.0,0.0,0,TWSE,⚪ 盤整觀望（等待方向）,中低,先觀察，不急進場；等突破、量能或均線方向出現。,2026-05-09 00:25:55,behavior_interpretation,,,,,,,,,,,,,,,,,,,,,,,,,,,,,,,,,,,,,,,,,,,,,,,,,,,,,,,,,,,,,,,,,,,,MA5：依試單節奏判斷,MA20：依試單節奏判斷,,,,,MA10：依試單節奏判斷,MA5：依試單節奏判斷,MA10：依試單節奏判斷,MA20：依試單節奏判斷,突破確認K,整理後轉強,整理後轉強,MA5：依試單節奏判斷｜MA10：依試單節奏判斷｜MA20：依試單節奏判斷｜K棒：突破確認K｜K線：整理後轉強,K棒型態：突破確認K｜K線結構：整理後轉強,依原策略執行，技術欄位用於確認節奏與風險。,12.0,A,起漲結構強,20D站上MA20｜MA5站上MA10｜接近20日高｜40D平台收斂｜短中均線糾結｜40D低點守住｜接近/站回MA60｜MA60不再下彎｜站回60D區間中上｜近5日量縮｜5D動能轉正｜10D動能轉正,平台壓縮後轉強，可優先觀察起漲/試單。,v266.57.9,10.0,A,續強品質強,回檔不破前低｜低點墊高確認｜收盤守MA5｜續強確認：收盤未跌破MA5｜回檔量縮｜MA5仍在MA10上｜仍站MA20｜10D動能維持,回檔承接尚可，若原策略入選，可優先觀察延續。,v266.57.9,2.3,C,突破觀察,突破近5日高｜短均多頭,有轉強跡象，但突破品質尚未完全成立。,v266.57.9,GENERIC,0.55,0.5,0.5,12.75,115.0,最後後處理補寫：原分數+結構前置+續強品質+突破品質；不覆蓋原策略,一般,10.455,v266.58.1,2026-05-09 00:25:47,觀察,否,,觀察,0,0,持續觀察,前狀態:nan→今日:觀察,NO,v266.60.2,10.455,30.0,0.0,0.0,0.0,13.166,220.0,20/40/60結構佳｜續強品質佳｜主力佈局語意,主力佈局優先,v266.61,2026-05-09 00:25:50,8.0,洗盤不破承接,無事件,等待下一次確認。,9.718,140,v266.62,2026-05-09 00:25:51,0.0,,NONE,321,-13,AVOID_CHASE,平台收斂｜過熱扣分,331
WATCH,2026-05-08,2026-05-11,6790,永豐實,ENTRY,PRE,PRE,54.0,WAIT,BLOCK,False,40.05,0.0,0.0,8,波動壓縮 | 均線收斂 | 接近突破 | 結構尚可,BLOCK：超出本市場狀態可執行名額｜v266.57.9：結構：平台壓縮後轉強，可優先觀察起漲/試單。｜續強：回檔承接尚可，若原策略入選，可優先觀察延續。｜突破：尚未形成乾淨突破，不急著升級。,82.04,,,HIGH,高流動性,28.76,116925.0,4682846250.0,4.0,🟢 偏集中,62（🟢 偏集中）,法人偏多,籌碼偏集中但資料有限，可搭配技術面確認，不宜單獨重倉。,1,部分籌碼資料有限,📉 低信心,,,永豐實,9000.0,0.0,0.0,9000.0,1.0,1,0.0,0.0,0.0,0.0,0,TWSE,⚪ 盤整觀望（等待方向）,中低,先觀察，不急進場；等突破、量能或均線方向出現。,2026-05-09 00:25:55,behavior_interpretation,,,,,,,,,,,,,,,,,,,,,,,,,,,,,,,,,,,,,,,,,,,,,,,,,,,,,,,,,,,,,,,,,,,,MA5：依試單節奏判斷,MA20：依試單節奏判斷,,,,,MA10：依試單節奏判斷,MA5：依試單節奏判斷,MA10：依試單節奏判斷,MA20：依試單節奏判斷,突破確認K,整理後轉強,整理後轉強,MA5：依試單節奏判斷｜MA10：依試單節奏判斷｜MA20：依試單節奏判斷｜K棒：突破確認K｜K線：整理後轉強,K棒型態：突破確認K｜K線結構：整理後轉強,依原策略執行，技術欄位用於確認節奏與風險。,11.6,A,起漲結構強,20D站上MA20｜MA5站上MA10｜接近20日高｜40D平台收斂｜短中均線糾結｜40D低點守住｜接近/站回MA60｜MA60不再下彎｜站回60D區間中上｜5D動能轉正｜10D動能轉正,平台壓縮後轉強，可優先觀察起漲/試單。,v266.57.9,10.0,A,續強品質強,回檔不破前低｜低點墊高確認｜收盤守MA5｜續強確認：收盤未跌破MA5｜回檔量縮｜MA5仍在MA10上｜仍站MA20｜10D動能維持,回檔承接尚可，若原策略入選，可優先觀察延續。,v266.57.9,1.0,D,突破不足,MA5加速上彎｜短均多頭｜扣分:收盤位置偏弱,尚未形成乾淨突破，不急著升級。,v266.57.9,GENERIC,0.55,0.5,0.5,11.88,151.0,最後後處理補寫：原分數+結構前置+續強品質+突破品質；不覆蓋原策略,一般,10.462,v266.58.1,2026-05-09 00:25:47,觀察,否,,觀察,0,0,持續觀察,前狀態:nan→今日:觀察,NO,v266.60.2,10.462,30.0,0.0,0.0,0.0,13.166,220.0,20/40/60結構佳｜續強品質佳｜主力佈局語意,主力佈局優先,v266.61,2026-05-09 00:25:50,8.0,洗盤不破承接,無事件,等待下一次確認。,9.723,139,v266.62,2026-05-09 00:25:51,0.0,,NONE,322,-13,AVOID_CHASE,平台收斂｜過熱扣分,332
WATCH,2026-05-08,2026-05-11,4572,駐龍,ENTRY,PRE,PRE,54.0,WAIT,BLOCK,False,148.0,0.0,0.0,8,波動壓縮 | 均線收斂 | 接近突破 | 結構尚可,BLOCK：超出本市場狀態可執行名額｜v266.57.9：結構：平台壓縮後轉強，可優先觀察起漲/試單。｜續強：回檔承接尚可，若原策略入選，可優先觀察延續。｜突破：有轉強跡象，但突破品質尚未完全成立。,77.89,,,HIGH,高流動性,22.56,37465.0,5544820000.0,4.0,🟢 偏集中,63（🟢 偏集中）,法人偏多,籌碼偏集中但資料有限，可搭配技術面確認，不宜單獨重倉。,1,部分籌碼資料有限,📉 低信心,,,駐龍,10000.0,0.0,0.0,10000.0,1.0,1,0.0,0.0,0.0,0.0,0,TWSE,⚪ 盤整觀望（等待方向）,中低,先觀察，不急進場；等突破、量能或均線方向出現。,2026-05-09 00:25:55,behavior_interpretation,,,,,,,,,,,,,,,,,,,,,,,,,,,,,,,,,,,,,,,,,,,,,,,,,,,,,,,,,,,,,,,,,,,,MA5：依試單節奏判斷,MA20：依試單節奏判斷,,,,,MA10：依試單節奏判斷,MA5：依試單節奏判斷,MA10：依試單節奏判斷,MA20：依試單節奏判斷,突破確認K,整理後轉強,整理後轉強,MA5：依試單節奏判斷｜MA10：依試單節奏判斷｜MA20：依試單節奏判斷｜K棒：突破確認K｜K線：整理後轉強,K棒型態：突破確認K｜K線結構：整理後轉強,依原策略執行，技術欄位用於確認節奏與風險。,12.0,A,起漲結構強,20D站上MA20｜MA20走平翻揚｜MA5站上MA10｜接近20日高｜40D平台收斂｜短中均線糾結｜40D低點守住｜接近/站回MA60｜MA60不再下彎｜站回60D區間中上｜5D動能轉正｜10D動能轉正,平台壓縮後轉強，可優先觀察起漲/試單。,v266.57.9,8.7,A,續強品質強,回檔不破前低｜低點墊高確認｜收盤守MA5｜續強確認：收盤未跌破MA5｜MA5仍在MA10上｜仍站MA20｜10D動能維持,回檔承接尚可，若原策略入選，可優先觀察延續。,v266.57.9,2.0,C,突破觀察,MA5加速上彎｜短均多頭,有轉強跡象，但突破品質尚未完全成立。,v266.57.9,GENERIC,0.55,0.5,0.5,11.95,147.0,最後後處理補寫：原分數+結構前置+續強品質+突破品質；不覆蓋原策略,一般,10.519,v266.58.1,2026-05-09 00:25:47,觀察,否,,觀察,0,0,持續觀察,前狀態:nan→今日:觀察,NO,v266.60.2,10.519,30.0,0.0,0.0,0.0,13.172,218.0,20/40/60結構佳｜續強品質佳｜主力佈局語意,主力佈局優先,v266.61,2026-05-09 00:25:50,8.0,洗盤不破承接,無事件,等待下一次確認。,9.763,138,v266.62,2026-05-09 00:25:51,0.0,,NONE,323,-13,AVOID_CHASE,平台收斂｜過熱扣分,333
WATCH,2026-05-08,2026-05-11,5511,德昌,ENTRY,PRE,PRE,54.0,WAIT,BLOCK,False,70.8,0.0,0.0,8,波動壓縮 | 均線收斂 | 接近突破 | 結構尚可,BLOCK：超出本市場狀態可執行名額｜v266.57.9：結構：平台壓縮後轉強，可優先觀察起漲/試單。｜續強：回檔承接尚可，若原策略入選，可優先觀察延續。｜突破：有轉強跡象，但突破品質尚未完全成立。,85.46,,,HIGH,高流動性,37.04,157935.0,11181798000.0,0.0,🟡 普通,50（🟡 普通）,,籌碼普通或資料有限，需搭配技術面確認。,1,部分籌碼資料有限,📉 低信心,,,,0.0,0.0,0.0,0.0,0.0,1,0.0,0.0,0.0,0.0,0,TPEX,⚪ 盤整觀望（等待方向）,中低,先觀察，不急進場；等突破、量能或均線方向出現。,2026-05-09 00:25:55,behavior_interpretation,,,,,,,,,,,,,,,,,,,,,,,,,,,,,,,,,,,,,,,,,,,,,,,,,,,,,,,,,,,,,,,,,,,,MA5：依試單節奏判斷,MA20：依試單節奏判斷,,,,,MA10：依試單節奏判斷,MA5：依試單節奏判斷,MA10：依試單節奏判斷,MA20：依試單節奏判斷,突破確認K,整理後轉強,整理後轉強,MA5：依試單節奏判斷｜MA10：依試單節奏判斷｜MA20：依試單節奏判斷｜K棒：突破確認K｜K線：整理後轉強,K棒型態：突破確認K｜K線結構：整理後轉強,依原策略執行，技術欄位用於確認節奏與風險。,10.8,A,起漲結構強,20D站上MA20｜MA5站上MA10｜接近20日高｜40D平台收斂｜短中均線糾結｜40D低點守住｜接近/站回MA60｜MA60不再下彎｜站回60D區間中上｜10D動能轉正,平台壓縮後轉強，可優先觀察起漲/試單。,v266.57.9,10.0,A,續強品質強,回檔不破前低｜低點墊高確認｜收盤守MA5｜續強確認：收盤未跌破MA5｜回檔量縮｜MA5仍在MA10上｜仍站MA20｜10D動能維持,回檔承接尚可，若原策略入選，可優先觀察延續。,v266.57.9,3.8,C,突破觀察,收盤接近高點｜突破近5日高｜短均多頭,有轉強跡象，但突破品質尚未完全成立。,v266.57.9,GENERIC,0.55,0.5,0.5,12.84,112.0,最後後處理補寫：原分數+結構前置+續強品質+突破品質；不覆蓋原策略,一般,10.529,v266.58.1,2026-05-09 00:25:47,觀察,否,,觀察,0,0,持續觀察,前狀態:nan→今日:觀察,NO,v266.60.2,10.529,30.0,0.0,0.0,0.0,13.173,216.0,20/40/60結構佳｜續強品質佳｜主力佈局語意,主力佈局優先,v266.61,2026-05-09 00:25:50,8.0,洗盤不破承接,無事件,等待下一次確認。,9.77,137,v266.62,2026-05-09 00:25:51,0.0,,NONE,324,-13,AVOID_CHASE,平台收斂｜過熱扣分,334
TEST,2026-05-08,2026-05-11,2732,六角,ENTRY,PRE,PRE,72.0,WAIT,BLOCK,False,66.9,0.0,0.0,3,波動壓縮 | 安靜吸籌 | 均線收斂 | 接近突破 | 結構尚可,BLOCK：超出本市場狀態可執行名額｜v266.57.9：結構：平台壓縮後轉強，可優先觀察起漲/試單。｜續強：回檔承接尚可，若原策略入選，可優先觀察延續。｜突破：有轉強跡象，但突破品質尚未完全成立。,95.88,,,HIGH,高流動性,38.06,174104.0,11647557600.000002,0.0,🟡 普通,50（🟡 普通）,,籌碼普通或資料有限，需搭配技術面確認。,1,部分籌碼資料有限,📉 低信心,,,,0.0,0.0,0.0,0.0,0.0,1,0.0,0.0,0.0,0.0,0,TPEX,🟡 洗盤吸籌／整理換手（結構未壞）,中高,不急追；等放量突破或站穩 MA10 / MA20 再提高權重。,2026-05-09 00:25:55,behavior_interpretation,,,,,,,,,,,,,,,,,,,,,,,,,,,,,,,,,,,,,,,,,,,,,,,,,,,,,,,,,,,,,,,,,,,,MA5：依試單節奏判斷,MA20：依試單節奏判斷,,,,,MA10：依試單節奏判斷,MA5：依試單節奏判斷,MA10：依試單節奏判斷,MA20：依試單節奏判斷,突破確認K,整理後轉強,整理後轉強,MA5：依試單節奏判斷｜MA10：依試單節奏判斷｜MA20：依試單節奏判斷｜K棒：突破確認K｜K線：整理後轉強,K棒型態：突破確認K｜K線結構：整理後轉強,依原策略執行，技術欄位用於確認節奏與風險。,11.8,A,起漲結構強,20D站上MA20｜MA20走平翻揚｜MA5站上MA10｜接近20日高｜40D平台收斂｜短中均線糾結｜40D低點守住｜接近/站回MA60｜MA60不再下彎｜站回60D區間中上｜10D動能轉正,平台壓縮後轉強，可優先觀察起漲/試單。,v266.57.9,8.7,A,續強品質強,回檔不破前低｜低點墊高確認｜收盤守MA5｜續強確認：收盤未跌破MA5｜MA5仍在MA10上｜仍站MA20｜10D動能維持,回檔承接尚可，若原策略入選，可優先觀察延續。,v266.57.9,2.3,C,突破觀察,收盤接近高點｜短均多頭,有轉強跡象，但突破品質尚未完全成立。,v266.57.9,GENERIC,0.55,0.5,0.5,11.99,139.0,最後後處理補寫：原分數+結構前置+續強品質+突破品質；不覆蓋原策略,一般,9.832,v266.58.1,2026-05-09 00:25:47,觀察,否,,觀察,0,0,持續觀察,前狀態:nan→今日:觀察,NO,v266.60.2,9.832,30.0,0.0,0.0,0.0,13.643,137.0,20/40/60結構佳｜續強品質佳｜主力佈局語意,主力佈局優先,v266.61,2026-05-09 00:25:50,8.0,洗盤不破承接,無事件,等待下一次確認。,9.282,168,v266.62,2026-05-09 00:25:51,0.0,,NONE,325,-13,AVOID_CHASE,平台收斂｜過熱扣分,335
TEST,2026-05-08,2026-05-11,4137,麗豐-KY,ENTRY,PRE,PRE,72.0,WAIT,BLOCK,False,107.5,0.0,0.0,3,波動壓縮 | 安靜吸籌 | 均線收斂 | 接近突破 | 結構尚可,BLOCK：超出本市場狀態可執行名額｜v266.57.9：結構：平台壓縮後轉強，可優先觀察起漲/試單。｜續強：回檔承接尚可，若原策略入選，可優先觀察延續。｜突破：有轉強跡象，但突破品質尚未完全成立。,98.08,,,HIGH,高流動性,43.6,202153.0,21731447500.0,0.0,⚠️ 分散,28（⚠️ 分散）,,籌碼偏弱且資料有限，避免重倉追高。,1,部分籌碼資料有限,📉 低信心,,,麗豐-KY,-28000.0,0.0,0.0,-28000.0,0.0,1,0.0,0.0,0.0,0.0,0,TWSE,🟡 洗盤吸籌／整理換手（結構未壞）,中高,不急追；等放量突破或站穩 MA10 / MA20 再提高權重。,2026-05-09 00:25:55,behavior_interpretation,,,,,,,,,,,,,,,,,,,,,,,,,,,,,,,,,,,,,,,,,,,,,,,,,,,,,,,,,,,,,,,,,,,,MA5：依試單節奏判斷,MA20：依試單節奏判斷,,,,,MA10：依試單節奏判斷,MA5：依試單節奏判斷,MA10：依試單節奏判斷,MA20：依試單節奏判斷,突破確認K,整理後轉強,整理後轉強,MA5：依試單節奏判斷｜MA10：依試單節奏判斷｜MA20：依試單節奏判斷｜K棒：突破確認K｜K線：整理後轉強,K棒型態：突破確認K｜K線結構：整理後轉強,依原策略執行，技術欄位用於確認節奏與風險。,11.8,A,起漲結構強,MA20走平翻揚｜MA5站上MA10｜接近20日高｜40D平台收斂｜短中均線糾結｜40D低點守住｜接近/站回MA60｜MA60不再下彎｜量縮後溫和放量｜5D動能轉正,平台壓縮後轉強，可優先觀察起漲/試單。,v266.57.9,8.2,A,續強品質強,回檔不破前低｜低點墊高確認｜收盤守MA5｜續強確認：收盤未跌破MA5｜回檔量縮｜MA5仍在MA10上,回檔承接尚可，若原策略入選，可優先觀察延續。,v266.57.9,3.8,C,突破觀察,收盤接近高點｜突破近5日高｜短均多頭,有轉強跡象，但突破品質尚未完全成立。,v266.57.9,GENERIC,0.55,0.5,0.5,12.49,124.0,最後後處理補寫：原分數+結構前置+續強品質+突破品質；不覆蓋原策略,一般,10.242,v266.58.1,2026-05-09 00:25:47,觀察,否,,觀察,0,0,持續觀察,前狀態:nan→今日:觀察,NO,v266.60.2,10.242,30.0,0.0,0.0,0.0,13.684,130.0,20/40/60結構佳｜續強品質佳｜主力佈局語意,主力佈局優先,v266.61,2026-05-09 00:25:50,8.0,洗盤不破承接,無事件,等待下一次確認。,9.569,152,v266.62,2026-05-09 00:25:51,0.0,,NONE,326,-13,AVOID_CHASE,平台收斂｜過熱扣分,336
WATCH,2026-05-08,2026-05-11,3023,信邦,ENTRY,PRE,PRE,54.0,WAIT,BLOCK,False,302.5,0.0,0.0,8,波動壓縮 | 均線收斂 | 接近突破 | 結構尚可,BLOCK：超出本市場狀態可執行名額｜v266.57.9：結構：平台壓縮後轉強，可優先觀察起漲/試單。｜續強：回檔承接尚可，若原策略入選，可優先觀察延續。｜突破：尚未形成乾淨突破，不急著升級。,104.49,,,HIGH,高流動性,79.4,2192440.0,663213100000.0,4.0,🟢 偏集中,67（🟢 偏集中）,法人偏多,籌碼偏集中但資料有限，可搭配技術面確認，不宜單獨重倉。,1,部分籌碼資料有限,📉 低信心,,,信邦,139000.0,-4000.0,28726.0,163726.0,1.0,1,0.0,0.0,0.0,0.0,0,TWSE,⚪ 盤整觀望（等待方向）,中低,先觀察，不急進場；等突破、量能或均線方向出現。,2026-05-09 00:25:55,behavior_interpretation,,,,,,,,,,,,,,,,,,,,,,,,,,,,,,,,,,,,,,,,,,,,,,,,,,,,,,,,,,,,,,,,,,,,MA5：依試單節奏判斷,MA20：依試單節奏判斷,,,,,MA10：依試單節奏判斷,MA5：依試單節奏判斷,MA10：依試單節奏判斷,MA20：依試單節奏判斷,突破確認K,整理後轉強,整理後轉強,MA5：依試單節奏判斷｜MA10：依試單節奏判斷｜MA20：依試單節奏判斷｜K棒：突破確認K｜K線：整理後轉強,K棒型態：突破確認K｜K線結構：整理後轉強,依原策略執行，技術欄位用於確認節奏與風險。,11.6,A,起漲結構強,20D站上MA20｜MA20走平翻揚｜MA5站上MA10｜40D平台收斂｜短中均線糾結｜40D低點守住｜接近/站回MA60｜MA60不再下彎｜站回60D區間中上｜5D動能轉正｜10D動能轉正,平台壓縮後轉強，可優先觀察起漲/試單。,v266.57.9,8.7,A,續強品質強,回檔不破前低｜低點墊高確認｜收盤守MA5｜續強確認：收盤未跌破MA5｜MA5仍在MA10上｜仍站MA20｜10D動能維持,回檔承接尚可，若原策略入選，可優先觀察延續。,v266.57.9,0.8,D,突破不足,短均多頭,尚未形成乾淨突破，不急著升級。,v266.57.9,GENERIC,0.55,0.5,0.5,11.13,190.0,最後後處理補寫：原分數+結構前置+續強品質+突破品質；不覆蓋原策略,一般,9.847,v266.58.1,2026-05-09 00:25:47,觀察,否,,觀察,0,0,持續觀察,首次追蹤:觀察,NO,v266.60.2,9.847,30.0,0.0,0.0,0.0,13.105,236.0,20/40/60結構佳｜續強品質佳｜主力佈局語意,主力佈局優先,v266.61,2026-05-09 00:25:50,8.0,洗盤不破承接,無事件,等待下一次確認。,9.293,166,v266.62,2026-05-09 00:25:51,0.0,,NONE,327,-13,AVOID_CHASE,平台收斂｜過熱扣分,337
TEST,2026-05-08,2026-05-11,2434,統懋,ENTRY,PRE,PRE,68.0,WAIT,BLOCK,False,31.95,0.0,0.0,3,安靜吸籌 | 均線收斂 | 放量吸收 | 接近突破 | 結構尚可,BLOCK：超出本市場狀態可執行名額｜v266.57.9：結構：平台壓縮後轉強，可優先觀察起漲/試單。｜續強：回檔承接尚可，若原策略入選，可優先觀察延續。｜突破：有轉強跡象，但突破品質尚未完全成立。,82.98,,,HIGH,高流動性,14.53,42067.0,1344040650.0,0.0,🟡 普通,42（🟡 普通）,,籌碼普通或資料有限，需搭配技術面確認。,1,部分籌碼資料有限,📉 低信心,,,,-1000.0,0.0,0.0,-1000.0,0.0,1,0.0,0.0,0.0,0.0,0,TWSE,🟡 洗盤吸籌／整理換手（結構未壞）,中高,不急追；等放量突破或站穩 MA10 / MA20 再提高權重。,2026-05-09 00:25:55,behavior_interpretation,,,,,,,,,,,,,,,,,,,,,,,,,,,,,,,,,,,,,,,,,,,,,,,,,,,,,,,,,,,,,,,,,,,,MA5：依試單節奏判斷,MA20：依試單節奏判斷,,,,,MA10：依試單節奏判斷,MA5：依試單節奏判斷,MA10：依試單節奏判斷,MA20：依試單節奏判斷,突破確認K,整理後轉強,整理後轉強,MA5：依試單節奏判斷｜MA10：依試單節奏判斷｜MA20：依試單節奏判斷｜K棒：突破確認K｜K線：整理後轉強,K棒型態：突破確認K｜K線結構：整理後轉強,依原策略執行，技術欄位用於確認節奏與風險。,12.0,A,起漲結構強,20D站上MA20｜MA20走平翻揚｜MA5站上MA10｜接近20日高｜40D平台收斂｜短中均線糾結｜40D低點守住｜接近/站回MA60｜MA60不再下彎｜站回60D區間中上｜量縮後溫和放量｜5D動能轉正｜10D動能轉正,平台壓縮後轉強，可優先觀察起漲/試單。,v266.57.9,8.7,A,續強品質強,回檔不破前低｜低點墊高確認｜收盤守MA5｜續強確認：收盤未跌破MA5｜MA5仍在MA10上｜仍站MA20｜10D動能維持,回檔承接尚可，若原策略入選，可優先觀察延續。,v266.57.9,2.3,C,突破觀察,收盤接近高點｜短均多頭,有轉強跡象，但突破品質尚未完全成立。,v266.57.9,GENERIC,0.55,0.5,0.5,12.1,129.0,最後後處理補寫：原分數+結構前置+續強品質+突破品質；不覆蓋原策略,一般,9.922,v266.58.1,2026-05-09 00:25:47,觀察,否,,觀察,0,0,持續觀察,首次追蹤:觀察,NO,v266.60.2,9.922,30.0,0.0,0.0,0.0,13.532,156.0,20/40/60結構佳｜續強品質佳｜主力佈局語意,主力佈局優先,v266.61,2026-05-09 00:25:50,8.0,洗盤不破承接,無事件,等待下一次確認。,9.345,165,v266.62,2026-05-09 00:25:51,0.0,,NONE,328,-13,AVOID_CHASE,平台收斂｜過熱扣分,338
TEST,2026-05-08,2026-05-11,2362,藍天,ENTRY,PRE,PRE,68.0,WAIT,BLOCK,False,39.9,0.0,0.0,3,安靜吸籌 | 均線收斂 | 放量吸收 | 接近突破 | 結構尚可,BLOCK：超出本市場狀態可執行名額｜v266.57.9：結構：平台壓縮後轉強，可優先觀察起漲/試單。｜續強：回檔承接尚可，若原策略入選，可優先觀察延續。｜突破：有轉強跡象，但突破品質尚未完全成立。,104.52,,,HIGH,高流動性,60.39,990677.0,39528012300.0,0.0,⚠️ 分散,25（⚠️ 分散）,,籌碼偏弱且資料有限，避免重倉追高。,1,部分籌碼資料有限,📉 低信心,,,藍天,-113000.0,0.0,0.0,-113000.0,0.0,1,0.0,0.0,0.0,0.0,0,TWSE,🟡 洗盤吸籌／整理換手（結構未壞）,中高,不急追；等放量突破或站穩 MA10 / MA20 再提高權重。,2026-05-09 00:25:55,behavior_interpretation,,,,,,,,,,,,,,,,,,,,,,,,,,,,,,,,,,,,,,,,,,,,,,,,,,,,,,,,,,,,,,,,,,,,MA5：依試單節奏判斷,MA20：依試單節奏判斷,,,,,MA10：依試單節奏判斷,MA5：依試單節奏判斷,MA10：依試單節奏判斷,MA20：依試單節奏判斷,突破確認K,整理後轉強,整理後轉強,MA5：依試單節奏判斷｜MA10：依試單節奏判斷｜MA20：依試單節奏判斷｜K棒：突破確認K｜K線：整理後轉強,K棒型態：突破確認K｜K線結構：整理後轉強,依原策略執行，技術欄位用於確認節奏與風險。,12.0,A,起漲結構強,20D站上MA20｜MA20走平翻揚｜MA5站上MA10｜接近20日高｜40D平台收斂｜短中均線糾結｜40D低點守住｜接近/站回MA60｜MA60不再下彎｜站回60D區間中上｜量縮後溫和放量｜5D動能轉正｜10D動能轉正,平台壓縮後轉強，可優先觀察起漲/試單。,v266.57.9,8.7,A,續強品質強,回檔不破前低｜低點墊高確認｜收盤守MA5｜續強確認：收盤未跌破MA5｜MA5仍在MA10上｜仍站MA20｜10D動能維持,回檔承接尚可，若原策略入選，可優先觀察延續。,v266.57.9,2.3,C,突破觀察,突破近5日高｜短均多頭,有轉強跡象，但突破品質尚未完全成立。,v266.57.9,GENERIC,0.55,0.5,0.5,12.1,129.0,最後後處理補寫：原分數+結構前置+續強品質+突破品質；不覆蓋原策略,一般,9.922,v266.58.1,2026-05-09 00:25:47,觀察,否,,觀察,0,0,持續觀察,前狀態:nan→今日:觀察,NO,v266.60.2,9.922,30.0,0.0,0.0,0.0,13.532,156.0,20/40/60結構佳｜續強品質佳｜主力佈局語意,主力佈局優先,v266.61,2026-05-09 00:25:50,8.0,洗盤不破承接,無事件,等待下一次確認。,9.345,164,v266.62,2026-05-09 00:25:51,0.0,,NONE,329,-13,AVOID_CHASE,平台收斂｜過熱扣分,339
WATCH,2026-05-08,2026-05-11,4554,橙的,ENTRY,PRE,PRE,54.0,WAIT,BLOCK,False,30.45,0.0,0.0,8,波動壓縮 | 均線收斂 | 接近突破 | 結構尚可,BLOCK：超出本市場狀態可執行名額｜v266.57.9：結構：平台壓縮後轉強，可優先觀察起漲/試單。｜續強：回檔承接尚可，若原策略入選，可優先觀察延續。｜突破：尚未形成乾淨突破，不急著升級。,78.98,,,HIGH,高流動性,21.85,81049.0,2467942050.0,4.0,🟢 偏集中,62（🟢 偏集中）,法人偏多,籌碼偏集中但資料有限，可搭配技術面確認，不宜單獨重倉。,1,部分籌碼資料有限,📉 低信心,,,橙的,0.0,5.0,5.0,10.0,1.0,1,0.0,0.0,0.0,0.0,0,TPEX,⚪ 盤整觀望（等待方向）,中低,先觀察，不急進場；等突破、量能或均線方向出現。,2026-05-09 00:25:55,behavior_interpretation,,,,,,,,,,,,,,,,,,,,,,,,,,,,,,,,,,,,,,,,,,,,,,,,,,,,,,,,,,,,,,,,,,,,MA5：依試單節奏判斷,MA20：依試單節奏判斷,,,,,MA10：依試單節奏判斷,MA5：依試單節奏判斷,MA10：依試單節奏判斷,MA20：依試單節奏判斷,突破確認K,整理後轉強,整理後轉強,MA5：依試單節奏判斷｜MA10：依試單節奏判斷｜MA20：依試單節奏判斷｜K棒：突破確認K｜K線：整理後轉強,K棒型態：突破確認K｜K線結構：整理後轉強,依原策略執行，技術欄位用於確認節奏與風險。,11.8,A,起漲結構強,20D站上MA20｜MA20走平翻揚｜MA5站上MA10｜接近20日高｜40D平台收斂｜短中均線糾結｜40D低點守住｜接近/站回MA60｜MA60不再下彎｜站回60D區間中上｜10D動能轉正,平台壓縮後轉強，可優先觀察起漲/試單。,v266.57.9,8.7,A,續強品質強,回檔不破前低｜低點墊高確認｜收盤守MA5｜續強確認：收盤未跌破MA5｜MA5仍在MA10上｜仍站MA20｜10D動能維持,回檔承接尚可，若原策略入選，可優先觀察延續。,v266.57.9,0.8,D,突破不足,短均多頭,尚未形成乾淨突破，不急著升級。,v266.57.9,GENERIC,0.55,0.5,0.5,11.24,187.0,最後後處理補寫：原分數+結構前置+續強品質+突破品質；不覆蓋原策略,一般,9.937,v266.58.1,2026-05-09 00:25:47,觀察,否,,觀察,0,0,持續觀察,前狀態:nan→今日:觀察,NO,v266.60.2,9.937,30.0,0.0,0.0,0.0,13.114,234.0,20/40/60結構佳｜續強品質佳｜主力佈局語意,主力佈局優先,v266.61,2026-05-09 00:25:50,8.0,洗盤不破承接,無事件,等待下一次確認。,9.356,163,v266.62,2026-05-09 00:25:51,0.0,,NONE,330,-13,AVOID_CHASE,平台收斂｜過熱扣分,340
WATCH,2026-05-08,2026-05-11,8096,擎亞,ENTRY,PRE,PRE,54.0,WAIT,BLOCK,False,95.9,0.0,0.0,8,波動壓縮 | 均線收斂 | 接近突破 | 結構尚可,BLOCK：超出本市場狀態可執行名額｜v266.57.9：結構：平台壓縮後轉強，可優先觀察起漲/試單。｜續強：回檔承接尚可，若原策略入選，可優先觀察延續。｜突破：有轉強跡象，但突破品質尚未完全成立。,107.72,,,HIGH,高流動性,88.64,9180117.0,880373220300.0001,4.0,🔥 高度集中,85（🔥 高度集中）,法人偏多,籌碼偏集中但資料有限，可搭配技術面確認，不宜單獨重倉。,1,部分籌碼資料有限,📉 低信心,,,擎亞,225647.0,38053.0,-222594.0,41106.0,1.0,1,0.0,0.0,0.0,0.0,0,TPEX,⚪ 盤整觀望（等待方向）,中低,先觀察，不急進場；等突破、量能或均線方向出現。,2026-05-09 00:25:55,behavior_interpretation,,,,,,,,,,,,,,,,,,,,,,,,,,,,,,,,,,,,,,,,,,,,,,,,,,,,,,,,,,,,,,,,,,,,MA5：依試單節奏判斷,MA20：依試單節奏判斷,,,,,MA10：依試單節奏判斷,MA5：依試單節奏判斷,MA10：依試單節奏判斷,MA20：依試單節奏判斷,突破確認K,整理後轉強,整理後轉強,MA5：依試單節奏判斷｜MA10：依試單節奏判斷｜MA20：依試單節奏判斷｜K棒：突破確認K｜K線：整理後轉強,K棒型態：突破確認K｜K線結構：整理後轉強,依原策略執行，技術欄位用於確認節奏與風險。,9.3,A,起漲結構強,20D站上MA20｜MA5站上MA10｜接近20日高｜短中均線糾結｜40D低點守住｜接近/站回MA60｜MA60不再下彎｜站回60D區間中上｜10D動能轉正,平台壓縮後轉強，可優先觀察起漲/試單。,v266.57.9,10.0,A,續強品質強,回檔不破前低｜低點墊高確認｜收盤守MA5｜續強確認：收盤未跌破MA5｜回檔量縮｜MA5仍在MA10上｜仍站MA20｜10D動能維持,回檔承接尚可，若原策略入選，可優先觀察延續。,v266.57.9,2.3,C,突破觀察,收盤接近高點｜短均多頭,有轉強跡象，但突破品質尚未完全成立。,v266.57.9,GENERIC,0.55,0.5,0.5,11.265,185.0,最後後處理補寫：原分數+結構前置+續強品質+突破品質；不覆蓋原策略,一般,9.957,v266.58.1,2026-05-09 00:25:47,觀察,否,,觀察,0,0,持續觀察,前狀態:nan→今日:觀察,NO,v266.60.2,9.957,30.0,0.0,0.0,0.0,13.116,233.0,20/40/60結構佳｜續強品質佳｜主力佈局語意,主力佈局優先,v266.61,2026-05-09 00:25:50,8.0,洗盤不破承接,無事件,等待下一次確認。,9.37,162,v266.62,2026-05-09 00:25:51,0.0,,NONE,331,-13,AVOID_CHASE,平台收斂｜過熱扣分,341
TEST,2026-05-08,2026-05-11,6703,軒郁,ENTRY,PRE,PRE,72.0,WAIT,BLOCK,False,117.0,0.0,0.0,3,波動壓縮 | 安靜吸籌 | 均線收斂 | 接近突破 | 結構尚可,BLOCK：超出本市場狀態可執行名額｜v266.57.9：結構：平台壓縮後轉強，可優先觀察起漲/試單。｜續強：回檔承接尚可，若原策略入選，可優先觀察延續。｜突破：有轉強跡象，但突破品質尚未完全成立。,97.06,,,HIGH,高流動性,41.49,171819.0,20102823000.0,0.0,🟡 普通,50（🟡 普通）,,籌碼普通或資料有限，需搭配技術面確認。,1,部分籌碼資料有限,📉 低信心,,,,0.0,0.0,0.0,0.0,0.0,1,0.0,0.0,0.0,0.0,0,TPEX,🟡 洗盤吸籌／整理換手（結構未壞）,中高,不急追；等放量突破或站穩 MA10 / MA20 再提高權重。,2026-05-09 00:25:55,behavior_interpretation,,,,,,,,,,,,,,,,,,,,,,,,,,,,,,,,,,,,,,,,,,,,,,,,,,,,,,,,,,,,,,,,,,,,MA5：依試單節奏判斷,MA20：依試單節奏判斷,,,,,MA10：依試單節奏判斷,MA5：依試單節奏判斷,MA10：依試單節奏判斷,MA20：依試單節奏判斷,突破確認K,整理後轉強,整理後轉強,MA5：依試單節奏判斷｜MA10：依試單節奏判斷｜MA20：依試單節奏判斷｜K棒：突破確認K｜K線：整理後轉強,K棒型態：突破確認K｜K線結構：整理後轉強,依原策略執行，技術欄位用於確認節奏與風險。,10.8,A,起漲結構強,20D站上MA20｜MA5站上MA10｜接近20日高｜40D平台收斂｜短中均線糾結｜40D低點守住｜接近/站回MA60｜MA60不再下彎｜站回60D區間中上｜10D動能轉正,平台壓縮後轉強，可優先觀察起漲/試單。,v266.57.9,8.7,A,續強品質強,回檔不破前低｜低點墊高確認｜收盤守MA5｜續強確認：收盤未跌破MA5｜MA5仍在MA10上｜仍站MA20｜10D動能維持,回檔承接尚可，若原策略入選，可優先觀察延續。,v266.57.9,3.8,C,突破觀察,收盤接近高點｜突破近5日高｜短均多頭,有轉強跡象，但突破品質尚未完全成立。,v266.57.9,GENERIC,0.55,0.5,0.5,12.19,128.0,最後後處理補寫：原分數+結構前置+續強品質+突破品質；不覆蓋原策略,一般,9.996,v266.58.1,2026-05-09 00:25:47,觀察,否,,觀察,0,0,持續觀察,前狀態:nan→今日:觀察,NO,v266.60.2,9.996,30.0,0.0,0.0,0.0,13.66,134.0,20/40/60結構佳｜續強品質佳｜主力佈局語意,主力佈局優先,v266.61,2026-05-09 00:25:50,8.0,洗盤不破承接,無事件,等待下一次確認。,9.397,161,v266.62,2026-05-09 00:25:51,0.0,,NONE,332,-13,AVOID_CHASE,平台收斂｜過熱扣分,342
WATCH,2026-05-08,2026-05-11,6161,捷波,ENTRY,PRE,PRE,54.0,WAIT,BLOCK,False,44.3,0.0,0.0,8,安靜吸籌 | 均線收斂 | 接近突破 | 結構尚可,BLOCK：超出本市場狀態可執行名額｜v266.57.9：結構：平台壓縮後轉強，可優先觀察起漲/試單。｜續強：回檔承接尚可，若原策略入選，可優先觀察延續。｜突破：有轉強跡象，但突破品質尚未完全成立。,85.59,,,HIGH,高流動性,36.53,189139.0,8378857699.999999,4.0,🟢 偏集中,62（🟢 偏集中）,法人偏多,籌碼偏集中但資料有限，可搭配技術面確認，不宜單獨重倉。,1,部分籌碼資料有限,📉 低信心,,,捷波,0.0,27.0,27.0,54.0,1.0,1,0.0,0.0,0.0,0.0,0,TPEX,🟡 洗盤吸籌／整理換手（結構未壞）,中高,不急追；等放量突破或站穩 MA10 / MA20 再提高權重。,2026-05-09 00:25:55,behavior_interpretation,,,,,,,,,,,,,,,,,,,,,,,,,,,,,,,,,,,,,,,,,,,,,,,,,,,,,,,,,,,,,,,,,,,,MA5：依試單節奏判斷,MA20：依試單節奏判斷,,,,,MA10：依試單節奏判斷,MA5：依試單節奏判斷,MA10：依試單節奏判斷,MA20：依試單節奏判斷,突破確認K,整理後轉強,整理後轉強,MA5：依試單節奏判斷｜MA10：依試單節奏判斷｜MA20：依試單節奏判斷｜K棒：突破確認K｜K線：整理後轉強,K棒型態：突破確認K｜K線結構：整理後轉強,依原策略執行，技術欄位用於確認節奏與風險。,11.8,A,起漲結構強,20D站上MA20｜MA20走平翻揚｜MA5站上MA10｜接近20日高｜40D平台收斂｜短中均線糾結｜40D低點守住｜接近/站回MA60｜MA60不再下彎｜站回60D區間中上｜10D動能轉正,平台壓縮後轉強，可優先觀察起漲/試單。,v266.57.9,8.7,A,續強品質強,回檔不破前低｜低點墊高確認｜收盤守MA5｜續強確認：收盤未跌破MA5｜MA5仍在MA10上｜仍站MA20｜10D動能維持,回檔承接尚可，若原策略入選，可優先觀察延續。,v266.57.9,2.3,C,突破觀察,收盤接近高點｜短均多頭,有轉強跡象，但突破品質尚未完全成立。,v266.57.9,GENERIC,0.55,0.5,0.5,11.99,139.0,最後後處理補寫：原分數+結構前置+續強品質+突破品質；不覆蓋原策略,一般,10.552,v266.58.1,2026-05-09 00:25:47,觀察,否,,觀察,0,0,持續觀察,前狀態:nan→今日:觀察,NO,v266.60.2,10.552,30.0,0.0,0.0,0.0,13.175,214.0,20/40/60結構佳｜續強品質佳｜主力佈局語意,主力佈局優先,v266.61,2026-05-09 00:25:50,8.0,洗盤不破承接,無事件,等待下一次確認。,9.786,134,v266.62,2026-05-09 00:25:51,0.0,,NONE,302,-13,AVOID_CHASE,平台收斂｜過熱扣分,343
WATCH,2026-05-08,2026-05-11,4974,亞泰,ENTRY,PRE,PRE,54.0,WAIT,BLOCK,False,73.5,0.0,0.0,8,波動壓縮 | 均線收斂 | 接近突破 | 結構尚可,BLOCK：超出本市場狀態可執行名額｜v266.57.9：結構：平台壓縮後轉強，可優先觀察起漲/試單。｜續強：回檔承接尚可，若原策略入選，可優先觀察延續。｜突破：尚未形成乾淨突破，不急著升級。,85.2,,,HIGH,高流動性,36.59,149072.0,10956792000.0,4.0,🟢 偏集中,62（🟢 偏集中）,法人偏多,籌碼偏集中但資料有限，可搭配技術面確認，不宜單獨重倉。,1,部分籌碼資料有限,📉 低信心,,,亞泰,100.0,2.0,-98.0,4.0,1.0,1,0.0,0.0,0.0,0.0,0,TPEX,⚪ 盤整觀望（等待方向）,中低,先觀察，不急進場；等突破、量能或均線方向出現。,2026-05-09 00:25:55,behavior_interpretation,,,,,,,,,,,,,,,,,,,,,,,,,,,,,,,,,,,,,,,,,,,,,,,,,,,,,,,,,,,,,,,,,,,,MA5：依試單節奏判斷,MA20：依試單節奏判斷,,,,,MA10：依試單節奏判斷,MA5：依試單節奏判斷,MA10：依試單節奏判斷,MA20：依試單節奏判斷,突破確認K,整理後轉強,整理後轉強,MA5：依試單節奏判斷｜MA10：依試單節奏判斷｜MA20：依試單節奏判斷｜K棒：突破確認K｜K線：整理後轉強,K棒型態：突破確認K｜K線結構：整理後轉強,依原策略執行，技術欄位用於確認節奏與風險。,12.0,A,起漲結構強,20D站上MA20｜MA20走平翻揚｜MA5站上MA10｜接近20日高｜40D平台收斂｜短中均線糾結｜40D低點守住｜接近/站回MA60｜MA60不再下彎｜站回60D區間中上｜近5日量縮｜10D動能轉正,平台壓縮後轉強，可優先觀察起漲/試單。,v266.57.9,10.0,A,續強品質強,回檔不破前低｜低點墊高確認｜收盤守MA5｜續強確認：收盤未跌破MA5｜回檔量縮｜MA5仍在MA10上｜仍站MA20｜10D動能維持,回檔承接尚可，若原策略入選，可優先觀察延續。,v266.57.9,0.8,D,突破不足,短均多頭,尚未形成乾淨突破，不急著升級。,v266.57.9,GENERIC,0.55,0.5,0.5,12.0,137.0,最後後處理補寫：原分數+結構前置+續強品質+突破品質；不覆蓋原策略,一般,10.56,v266.58.1,2026-05-09 00:25:47,觀察,否,,觀察,0,0,持續觀察,前狀態:nan→今日:觀察,NO,v266.60.2,10.56,30.0,0.0,0.0,0.0,13.176,213.0,20/40/60結構佳｜續強品質佳｜主力佈局語意,主力佈局優先,v266.61,2026-05-09 00:25:50,8.0,洗盤不破承接,無事件,等待下一次確認。,9.792,133,v266.62,2026-05-09 00:25:51,0.0,,NONE,303,-13,AVOID_CHASE,平台收斂｜過熱扣分,344
TEST,2026-05-08,2026-05-11,4995,晶達,ENTRY,PRE,PRE,68.0,WAIT,BLOCK,False,44.2,0.0,0.0,3,安靜吸籌 | 均線收斂 | 放量吸收 | 接近突破 | 結構尚可,BLOCK：超出本市場狀態可執行名額｜v266.57.9：結構：平台壓縮後轉強，可優先觀察起漲/試單。｜續強：回檔承接尚可，若原策略入選，可優先觀察延續。｜突破：有轉強跡象，但突破品質尚未完全成立。,93.54,,,HIGH,高流動性,37.07,195584.0,8644812800.0,4.0,🟢 偏集中,75（🟢 偏集中）,法人偏多,籌碼偏集中但資料有限，可搭配技術面確認，不宜單獨重倉。,1,部分籌碼資料有限,📉 低信心,,,,7000.0,7000.0,0.0,14000.0,1.0,1,0.0,0.0,0.0,0.0,0,TPEX,🟡 洗盤吸籌／整理換手（結構未壞）,中高,不急追；等放量突破或站穩 MA10 / MA20 再提高權重。,2026-05-09 00:25:55,behavior_interpretation,,,,,,,,,,,,,,,,,,,,,,,,,,,,,,,,,,,,,,,,,,,,,,,,,,,,,,,,,,,,,,,,,,,,MA5：依試單節奏判斷,MA20：依試單節奏判斷,,,,,MA10：依試單節奏判斷,MA5：依試單節奏判斷,MA10：依試單節奏判斷,MA20：依試單節奏判斷,突破確認K,整理後轉強,整理後轉強,MA5：依試單節奏判斷｜MA10：依試單節奏判斷｜MA20：依試單節奏判斷｜K棒：突破確認K｜K線：整理後轉強,K棒型態：突破確認K｜K線結構：整理後轉強,依原策略執行，技術欄位用於確認節奏與風險。,12.0,A,起漲結構強,20D站上MA20｜MA20走平翻揚｜MA5站上MA10｜接近20日高｜40D平台收斂｜短中均線糾結｜40D低點守住｜接近/站回MA60｜MA60不再下彎｜站回60D區間中上｜量縮後溫和放量｜10D動能轉正,平台壓縮後轉強，可優先觀察起漲/試單。,v266.57.9,8.7,A,續強品質強,回檔不破前低｜低點墊高確認｜收盤守MA5｜續強確認：收盤未跌破MA5｜MA5仍在MA10上｜仍站MA20｜10D動能維持,回檔承接尚可，若原策略入選，可優先觀察延續。,v266.57.9,2.3,C,突破觀察,收盤接近高點｜短均多頭,有轉強跡象，但突破品質尚未完全成立。,v266.57.9,GENERIC,0.55,0.5,0.5,12.1,129.0,最後後處理補寫：原分數+結構前置+續強品質+突破品質；不覆蓋原策略,一般,10.642,v266.58.1,2026-05-09 00:25:47,觀察,否,,觀察,0,0,持續觀察,前狀態:nan→今日:觀察,NO,v266.60.2,10.642,30.0,0.0,0.0,0.0,13.604,146.0,20/40/60結構佳｜續強品質佳｜主力佈局語意,主力佈局優先,v266.61,2026-05-09 00:25:50,8.0,洗盤不破承接,無事件,等待下一次確認。,9.849,132,v266.62,2026-05-09 00:25:51,0.0,,NONE,304,-13,AVOID_CHASE,平台收斂｜過熱扣分,345
WATCH,2026-05-08,2026-05-11,6189,豐藝,ENTRY,PRE,PRE,54.0,WAIT,BLOCK,False,49.0,0.0,0.0,8,波動壓縮 | 均線收斂 | 接近突破 | 結構尚可,BLOCK：超出本市場狀態可執行名額｜v266.57.9：結構：平台壓縮後轉強，可優先觀察起漲/試單。｜續強：回檔承接尚可，若原策略入選，可優先觀察延續。｜突破：有轉強跡象，但突破品質尚未完全成立。,95.35,,,HIGH,高流動性,57.6,745446.0,36526854000.0,4.0,⚠️ 分散,39（⚠️ 分散）,法人偏多,籌碼普通或資料有限，需搭配技術面確認。,1,部分籌碼資料有限,📉 低信心,,,豐藝,-274000.0,248000.0,0.0,-26000.0,0.0,1,0.0,0.0,0.0,0.0,0,TWSE,⚪ 盤整觀望（等待方向）,中低,先觀察，不急進場；等突破、量能或均線方向出現。,2026-05-09 00:25:55,behavior_interpretation,,,,,,,,,,,,,,,,,,,,,,,,,,,,,,,,,,,,,,,,,,,,,,,,,,,,,,,,,,,,,,,,,,,,MA5：依試單節奏判斷,MA20：依試單節奏判斷,,,,,MA10：依試單節奏判斷,MA5：依試單節奏判斷,MA10：依試單節奏判斷,MA20：依試單節奏判斷,突破確認K,整理後轉強,整理後轉強,MA5：依試單節奏判斷｜MA10：依試單節奏判斷｜MA20：依試單節奏判斷｜K棒：突破確認K｜K線：整理後轉強,K棒型態：突破確認K｜K線結構：整理後轉強,依原策略執行，技術欄位用於確認節奏與風險。,12.0,A,起漲結構強,20D站上MA20｜MA20走平翻揚｜MA5站上MA10｜接近20日高｜40D平台收斂｜短中均線糾結｜40D低點守住｜接近/站回MA60｜MA60不再下彎｜站回60D區間中上｜5D動能轉正｜10D動能轉正,平台壓縮後轉強，可優先觀察起漲/試單。,v266.57.9,8.7,A,續強品質強,回檔不破前低｜低點墊高確認｜收盤守MA5｜續強確認：收盤未跌破MA5｜MA5仍在MA10上｜仍站MA20｜10D動能維持,回檔承接尚可，若原策略入選，可優先觀察延續。,v266.57.9,2.3,C,突破觀察,收盤接近高點｜短均多頭,有轉強跡象，但突破品質尚未完全成立。,v266.57.9,GENERIC,0.55,0.5,0.5,12.1,129.0,最後後處理補寫：原分數+結構前置+續強品質+突破品質；不覆蓋原策略,一般,10.642,v266.58.1,2026-05-09 00:25:47,觀察,否,,觀察,0,0,持續觀察,前狀態:nan→今日:觀察,NO,v266.60.2,10.642,30.0,0.0,0.0,0.0,13.184,209.0,20/40/60結構佳｜續強品質佳｜主力佈局語意,主力佈局優先,v266.61,2026-05-09 00:25:50,8.0,洗盤不破承接,無事件,等待下一次確認。,9.849,131,v266.62,2026-05-09 00:25:51,0.0,,NONE,305,-13,AVOID_CHASE,平台收斂｜過熱扣分,346
WATCH,2026-05-08,2026-05-11,8069,元太,ENTRY,PRE,PRE,54.0,WAIT,BLOCK,False,162.0,0.0,0.0,8,安靜吸籌 | 均線收斂 | 接近突破 | 結構尚可,BLOCK：超出本市場狀態可執行名額｜觀察清單 TOP4：本區最可能發動｜v266.57.9：結構：平台壓縮後轉強，可優先觀察起漲/試單。｜續強：回檔承接尚可，若原策略入選，可優先觀察延續。｜突破：有轉強跡象，但突破品質尚未完全成立。,110.07,,,HIGH,高流動性,95.35,22979337.0,3722652594000.0,4.0,🔥 高度集中,85（🔥 高度集中）,法人偏多,籌碼偏集中但資料有限，可搭配技術面確認，不宜單獨重倉。,1,部分籌碼資料有限,📉 低信心,4.0,觀察TOP4,元太,99101.0,126065.0,-5224.0,219942.0,1.0,1,0.0,0.0,0.0,0.0,0,TPEX,🟡 洗盤吸籌／整理換手（結構未壞）,中高,不急追；等放量突破或站穩 MA10 / MA20 再提高權重。,2026-05-09 00:25:55,behavior_interpretation,,,,,,,,,,,,,,,,,,,,,,,,,,,,,,,,,,,,,,,,,,,,,,,,,,,,,,,,,,,,,,,,,,,,MA5：依試單節奏判斷,MA20：依試單節奏判斷,,,,,MA10：依試單節奏判斷,MA5：依試單節奏判斷,MA10：依試單節奏判斷,MA20：依試單節奏判斷,突破確認K,整理後轉強,整理後轉強,MA5：依試單節奏判斷｜MA10：依試單節奏判斷｜MA20：依試單節奏判斷｜K棒：突破確認K｜K線：整理後轉強,K棒型態：突破確認K｜K線結構：整理後轉強,依原策略執行，技術欄位用於確認節奏與風險。,12.0,A,起漲結構強,20D站上MA20｜MA20走平翻揚｜MA5站上MA10｜接近20日高｜40D平台收斂｜短中均線糾結｜40D低點守住｜接近/站回MA60｜站回60D區間中上｜量縮後溫和放量｜10D動能轉正,平台壓縮後轉強，可優先觀察起漲/試單。,v266.57.9,8.7,A,續強品質強,回檔不破前低｜低點墊高確認｜收盤守MA5｜續強確認：收盤未跌破MA5｜MA5仍在MA10上｜仍站MA20｜10D動能維持,回檔承接尚可，若原策略入選，可優先觀察延續。,v266.57.9,2.3,C,突破觀察,收盤接近高點｜短均多頭,有轉強跡象，但突破品質尚未完全成立。,v266.57.9,GENERIC,0.55,0.5,0.5,12.1,129.0,最後後處理補寫：原分數+結構前置+續強品質+突破品質；不覆蓋原策略,一般,10.642,v266.58.1,2026-05-09 00:25:47,觀察,否,,觀察,0,0,持續觀察,前狀態:nan→今日:觀察,NO,v266.60.2,10.642,30.0,0.0,0.0,0.0,13.184,209.0,20/40/60結構佳｜續強品質佳｜主力佈局語意,主力佈局優先,v266.61,2026-05-09 00:25:50,8.0,洗盤不破承接,無事件,等待下一次確認。,9.849,130,v266.62,2026-05-09 00:25:51,0.0,,NONE,306,-13,AVOID_CHASE,平台收斂｜過熱扣分,347
WATCH,2026-05-08,2026-05-11,6024,群益期,ENTRY,PRE,PRE,54.0,WAIT,BLOCK,False,58.2,0.0,0.0,8,波動壓縮 | 均線收斂 | 接近突破 | 結構尚可,BLOCK：超出本市場狀態可執行名額｜v266.57.9：結構：平台壓縮後轉強，可優先觀察起漲/試單。｜續強：回檔承接尚可，若原策略入選，可優先觀察延續。｜突破：有轉強跡象，但突破品質尚未完全成立。,88.49,,,HIGH,高流動性,43.27,258284.0,15032128800.0,4.0,🟢 偏集中,75（🟢 偏集中）,法人偏多,籌碼偏集中但資料有限，可搭配技術面確認，不宜單獨重倉。,1,部分籌碼資料有限,📉 低信心,,,群益期,85000.0,0.0,0.0,85000.0,1.0,1,0.0,0.0,0.0,0.0,0,TWSE,⚪ 盤整觀望（等待方向）,中低,先觀察，不急進場；等突破、量能或均線方向出現。,2026-05-09 00:25:55,behavior_interpretation,,,,,,,,,,,,,,,,,,,,,,,,,,,,,,,,,,,,,,,,,,,,,,,,,,,,,,,,,,,,,,,,,,,,MA5：依試單節奏判斷,MA20：依試單節奏判斷,,,,,MA10：依試單節奏判斷,MA5：依試單節奏判斷,MA10：依試單節奏判斷,MA20：依試單節奏判斷,突破確認K,整理後轉強,整理後轉強,MA5：依試單節奏判斷｜MA10：依試單節奏判斷｜MA20：依試單節奏判斷｜K棒：突破確認K｜K線：整理後轉強,K棒型態：突破確認K｜K線結構：整理後轉強,依原策略執行，技術欄位用於確認節奏與風險。,12.0,A,起漲結構強,20D站上MA20｜MA20走平翻揚｜MA5站上MA10｜接近20日高｜40D平台收斂｜短中均線糾結｜40D低點守住｜接近/站回MA60｜MA60不再下彎｜站回60D區間中上｜5D動能轉正｜10D動能轉正,平台壓縮後轉強，可優先觀察起漲/試單。,v266.57.9,8.7,A,續強品質強,回檔不破前低｜低點墊高確認｜收盤守MA5｜續強確認：收盤未跌破MA5｜MA5仍在MA10上｜仍站MA20｜10D動能維持,回檔承接尚可，若原策略入選，可優先觀察延續。,v266.57.9,2.3,C,突破觀察,突破近5日高｜短均多頭,有轉強跡象，但突破品質尚未完全成立。,v266.57.9,GENERIC,0.55,0.5,0.5,12.1,129.0,最後後處理補寫：原分數+結構前置+續強品質+突破品質；不覆蓋原策略,一般,10.642,v266.58.1,2026-05-09 00:25:47,觀察,否,,觀察,0,0,持續觀察,前狀態:nan→今日:觀察,NO,v266.60.2,10.642,30.0,0.0,0.0,0.0,13.184,209.0,20/40/60結構佳｜續強品質佳｜主力佈局語意,主力佈局優先,v266.61,2026-05-09 00:25:50,8.0,洗盤不破承接,無事件,等待下一次確認。,9.849,129,v266.62,2026-05-09 00:25:51,0.0,,NONE,307,-13,AVOID_CHASE,平台收斂｜過熱扣分,348
WATCH,2026-05-08,2026-05-11,4760,勤凱,ENTRY,PRE,PRE,52.0,WAIT,BLOCK,False,287.5,0.0,0.0,8,安靜吸籌 | 放量吸收 | 接近突破 | 結構尚可,BLOCK：超出本市場狀態可執行名額｜v266.57.9：結構：平台壓縮後轉強，可優先觀察起漲/試單。｜續強：回檔承接尚可，若原策略入選，可優先觀察延續。｜突破：有轉強跡象，但突破品質尚未完全成立。,106.33,,,HIGH,高流動性,87.8,5229524.0,1503488150000.0,4.0,🔥 高度集中,85（🔥 高度集中）,法人偏多,籌碼偏集中但資料有限，可搭配技術面確認，不宜單獨重倉。,1,部分籌碼資料有限,📉 低信心,,,勤凱,13122.0,92320.0,73198.0,178640.0,1.0,1,0.0,0.0,0.0,0.0,0,TPEX,🟡 洗盤吸籌／整理換手（結構未壞）,中高,不急追；等放量突破或站穩 MA10 / MA20 再提高權重。,2026-05-09 00:25:55,behavior_interpretation,,,,,,,,,,,,,,,,,,,,,,,,,,,,,,,,,,,,,,,,,,,,,,,,,,,,,,,,,,,,,,,,,,,,MA5：依試單節奏判斷,MA20：依試單節奏判斷,,,,,MA10：依試單節奏判斷,MA5：依試單節奏判斷,MA10：依試單節奏判斷,MA20：依試單節奏判斷,突破確認K,整理後轉強,整理後轉強,MA5：依試單節奏判斷｜MA10：依試單節奏判斷｜MA20：依試單節奏判斷｜K棒：突破確認K｜K線：整理後轉強,K棒型態：突破確認K｜K線結構：整理後轉強,依原策略執行，技術欄位用於確認節奏與風險。,12.0,A,起漲結構強,20D站上MA20｜MA20走平翻揚｜MA5站上MA10｜接近20日高｜短中均線糾結｜40D低點守住｜接近/站回MA60｜MA60不再下彎｜站回60D區間中上｜量縮後溫和放量｜10D動能轉正,平台壓縮後轉強，可優先觀察起漲/試單。,v266.57.9,8.7,A,續強品質強,回檔不破前低｜低點墊高確認｜收盤守MA5｜續強確認：收盤未跌破MA5｜MA5仍在MA10上｜仍站MA20｜10D動能維持,回檔承接尚可，若原策略入選，可優先觀察延續。,v266.57.9,2.3,C,突破觀察,收盤接近高點｜短均多頭,有轉強跡象，但突破品質尚未完全成立。,v266.57.9,GENERIC,0.55,0.5,0.5,12.1,129.0,最後後處理補寫：原分數+結構前置+續強品質+突破品質；不覆蓋原策略,一般,10.642,v266.58.1,2026-05-09 00:25:47,觀察,否,,觀察,0,0,持續觀察,前狀態:nan→今日:觀察,NO,v266.60.2,10.642,30.0,0.0,0.0,0.0,13.124,232.0,20/40/60結構佳｜續強品質佳｜主力佈局語意,主力佈局優先,v266.61,2026-05-09 00:25:50,8.0,洗盤不破承接,無事件,等待下一次確認。,9.849,128,v266.62,2026-05-09 00:25:51,0.0,,NONE,308,-13,AVOID_CHASE,平台收斂｜過熱扣分,349
WATCH,2026-05-08,2026-05-11,3285,微端,ENTRY,PRE,PRE,54.0,WAIT,BLOCK,False,29.25,0.0,0.0,8,波動壓縮 | 均線收斂 | 接近突破 | 結構尚可,BLOCK：超出本市場狀態可執行名額｜v266.57.9：結構：平台壓縮後轉強，可優先觀察起漲/試單。｜續強：回檔承接尚可，若原策略入選，可優先觀察延續。｜突破：有轉強跡象，但突破品質尚未完全成立。,70.36,,,HIGH,高流動性,7.01,16300.0,476775000.0,0.0,🟡 普通,50（🟡 普通）,,籌碼普通或資料有限，需搭配技術面確認。,1,部分籌碼資料有限,📉 低信心,,,微端,0.0,0.0,0.0,0.0,0.0,1,0.0,0.0,0.0,0.0,0,TPEX,⚪ 盤整觀望（等待方向）,中低,先觀察，不急進場；等突破、量能或均線方向出現。,2026-05-09 00:25:55,behavior_interpretation,,,,,,,,,,,,,,,,,,,,,,,,,,,,,,,,,,,,,,,,,,,,,,,,,,,,,,,,,,,,,,,,,,,,MA5：依試單節奏判斷,MA20：依試單節奏判斷,,,,,MA10：依試單節奏判斷,MA5：依試單節奏判斷,MA10：依試單節奏判斷,MA20：依試單節奏判斷,突破確認K,整理後轉強,整理後轉強,MA5：依試單節奏判斷｜MA10：依試單節奏判斷｜MA20：依試單節奏判斷｜K棒：突破確認K｜K線：整理後轉強,K棒型態：突破確認K｜K線結構：整理後轉強,依原策略執行，技術欄位用於確認節奏與風險。,11.8,A,起漲結構強,20D站上MA20｜MA20走平翻揚｜MA5站上MA10｜接近20日高｜40D平台收斂｜短中均線糾結｜40D低點守住｜接近/站回MA60｜MA60不再下彎｜站回60D區間中上｜10D動能轉正,平台壓縮後轉強，可優先觀察起漲/試單。,v266.57.9,10.0,A,續強品質強,回檔不破前低｜低點墊高確認｜收盤守MA5｜續強確認：收盤未跌破MA5｜回檔量縮｜MA5仍在MA10上｜仍站MA20｜10D動能維持,回檔承接尚可，若原策略入選，可優先觀察延續。,v266.57.9,3.8,C,突破觀察,收盤接近高點｜突破近5日高｜短均多頭,有轉強跡象，但突破品質尚未完全成立。,v266.57.9,GENERIC,0.55,0.5,0.5,13.39,101.0,最後後處理補寫：原分數+結構前置+續強品質+突破品質；不覆蓋原策略,一般,10.98,v266.58.1,2026-05-09 00:25:47,觀察,否,,觀察,0,0,持續觀察,前狀態:nan→今日:觀察,NO,v266.60.2,10.98,30.0,0.0,0.0,0.0,13.218,201.0,20/40/60結構佳｜續強品質佳｜主力佈局語意,主力佈局優先,v266.61,2026-05-09 00:25:50,8.0,洗盤不破承接,無事件,等待下一次確認。,10.086,127,v266.62,2026-05-09 00:25:51,0.0,,NONE,309,-13,AVOID_CHASE,平台收斂｜過熱扣分,350
WATCH,2026-05-08,2026-05-11,7713,威力德生醫,ENTRY,PRE,PRE,54.0,WAIT,BLOCK,False,68.9,0.0,0.0,8,波動壓縮 | 均線收斂 | 接近突破 | 結構尚可,BLOCK：超出本市場狀態可執行名額｜v266.57.9：結構：平台壓縮後轉強，可優先觀察起漲/試單。｜續強：回檔承接尚可，若原策略入選，可優先觀察延續。｜突破：有轉強跡象，但突破品質尚未完全成立。,68.37,,,HIGH,高流動性,5.18,7300.0,502970000.00000006,0.0,🟡 普通,50（🟡 普通）,,籌碼普通或資料有限，需搭配技術面確認。,1,部分籌碼資料有限,📉 低信心,,,威力德生醫,0.0,0.0,0.0,0.0,0.0,1,0.0,0.0,0.0,0.0,0,TPEX,⚪ 盤整觀望（等待方向）,中低,先觀察，不急進場；等突破、量能或均線方向出現。,2026-05-09 00:25:55,behavior_interpretation,,,,,,,,,,,,,,,,,,,,,,,,,,,,,,,,,,,,,,,,,,,,,,,,,,,,,,,,,,,,,,,,,,,,MA5：依試單節奏判斷,MA20：依試單節奏判斷,,,,,MA10：依試單節奏判斷,MA5：依試單節奏判斷,MA10：依試單節奏判斷,MA20：依試單節奏判斷,突破確認K,整理後轉強,整理後轉強,MA5：依試單節奏判斷｜MA10：依試單節奏判斷｜MA20：依試單節奏判斷｜K棒：突破確認K｜K線：整理後轉強,K棒型態：突破確認K｜K線結構：整理後轉強,依原策略執行，技術欄位用於確認節奏與風險。,11.8,A,起漲結構強,20D站上MA20｜MA20走平翻揚｜MA5站上MA10｜接近20日高｜40D平台收斂｜短中均線糾結｜40D低點守住｜接近/站回MA60｜MA60不再下彎｜近5日量縮｜10D動能轉正,平台壓縮後轉強，可優先觀察起漲/試單。,v266.57.9,10.0,A,續強品質強,回檔不破前低｜低點墊高確認｜收盤守MA5｜續強確認：收盤未跌破MA5｜回檔量縮｜MA5仍在MA10上｜仍站MA20｜10D動能維持,回檔承接尚可，若原策略入選，可優先觀察延續。,v266.57.9,3.8,C,突破觀察,收盤接近高點｜突破近5日高｜短均多頭,有轉強跡象，但突破品質尚未完全成立。,v266.57.9,GENERIC,0.55,0.5,0.5,13.39,101.0,最後後處理補寫：原分數+結構前置+續強品質+突破品質；不覆蓋原策略,一般,10.98,v266.58.1,2026-05-09 00:25:47,觀察,否,,觀察,0,0,持續觀察,首次追蹤:觀察,NO,v266.60.2,10.98,30.0,0.0,0.0,0.0,13.218,201.0,20/40/60結構佳｜續強品質佳｜主力佈局語意,主力佈局優先,v266.61,2026-05-09 00:25:50,8.0,洗盤不破承接,無事件,等待下一次確認。,10.086,126,v266.62,2026-05-09 00:25:51,0.0,,NONE,310,-13,AVOID_CHASE,平台收斂｜過熱扣分,351
WATCH,2026-05-08,2026-05-11,3706,神達,ENTRY,PRE,PRE,54.0,WAIT,BLOCK,False,86.2,0.0,0.0,8,安靜吸籌 | 均線收斂 | 接近突破 | 結構尚可,BLOCK：超出本市場狀態可執行名額｜v266.57.9：結構：平台壓縮後轉強，可優先觀察起漲/試單。｜續強：回檔承接尚可，若原策略入選，可優先觀察延續。｜突破：尚未形成乾淨突破，不急著升級。,108.9,,,HIGH,高流動性,92.0,16332332.0,1407847018400.0,4.0,🟢 偏集中,70（🟢 偏集中）,法人偏多,籌碼偏集中但資料有限，可搭配技術面確認，不宜單獨重倉。,1,部分籌碼資料有限,📉 低信心,,,神達,1416200.0,-872.0,14196.0,1429524.0,1.0,1,0.0,0.0,0.0,0.0,0,TWSE,🟡 洗盤吸籌／整理換手（結構未壞）,中高,不急追；等放量突破或站穩 MA10 / MA20 再提高權重。,2026-05-09 00:25:55,behavior_interpretation,,,,,,,,,,,,,,,,,,,,,,,,,,,,,,,,,,,,,,,,,,,,,,,,,,,,,,,,,,,,,,,,,,,,MA5：依試單節奏判斷,MA20：依試單節奏判斷,,,,,MA10：依試單節奏判斷,MA5：依試單節奏判斷,MA10：依試單節奏判斷,MA20：依試單節奏判斷,突破確認K,整理後轉強,整理後轉強,MA5：依試單節奏判斷｜MA10：依試單節奏判斷｜MA20：依試單節奏判斷｜K棒：突破確認K｜K線：整理後轉強,K棒型態：突破確認K｜K線結構：整理後轉強,依原策略執行，技術欄位用於確認節奏與風險。,12.0,A,起漲結構強,20D站上MA20｜MA20走平翻揚｜MA5站上MA10｜接近20日高｜40D平台收斂｜短中均線糾結｜40D低點守住｜接近/站回MA60｜MA60不再下彎｜站回60D區間中上｜量縮後溫和放量｜5D動能轉正｜10D動能轉正,平台壓縮後轉強，可優先觀察起漲/試單。,v266.57.9,8.7,A,續強品質強,回檔不破前低｜低點墊高確認｜收盤守MA5｜續強確認：收盤未跌破MA5｜MA5仍在MA10上｜仍站MA20｜10D動能維持,回檔承接尚可，若原策略入選，可優先觀察延續。,v266.57.9,-0.2,D,突破不足,短均多頭｜扣分:收盤位置偏弱,尚未形成乾淨突破，不急著升級。,v266.57.9,GENERIC,0.55,0.5,0.5,10.85,204.0,最後後處理補寫：原分數+結構前置+續強品質+突破品質；不覆蓋原策略,一般,9.617,v266.58.1,2026-05-09 00:25:47,觀察,否,,觀察,0,0,持續觀察,首次追蹤:觀察,NO,v266.60.2,9.617,30.0,0.0,0.0,0.0,13.082,245.0,20/40/60結構佳｜續強品質佳｜主力佈局語意,主力佈局優先,v266.61,2026-05-09 00:25:50,8.0,洗盤不破承接,無事件,等待下一次確認。,9.132,180,v266.62,2026-05-09 00:25:51,0.0,,NONE,313,-13,AVOID_CHASE,平台收斂｜過熱扣分,352
WATCH,2026-05-08,2026-05-11,4207,環泰,ENTRY,PRE,PRE,54.0,WAIT,BLOCK,False,17.9,0.0,0.0,8,波動壓縮 | 均線收斂 | 接近突破 | 結構尚可,BLOCK：超出本市場狀態可執行名額｜v266.57.9：結構：平台壓縮後轉強，可優先觀察起漲/試單。｜續強：回檔承接尚可，若原策略入選，可優先觀察延續。｜突破：有轉強跡象，但突破品質尚未完全成立。,79.33,,,HIGH,高流動性,21.75,101036.0,1808544400.0,0.0,🟡 普通,50（🟡 普通）,,籌碼普通或資料有限，需搭配技術面確認。,1,部分籌碼資料有限,📉 低信心,,,,0.0,0.0,0.0,0.0,0.0,1,0.0,0.0,0.0,0.0,0,TPEX,⚪ 盤整觀望（等待方向）,中低,先觀察，不急進場；等突破、量能或均線方向出現。,2026-05-09 00:25:55,behavior_interpretation,,,,,,,,,,,,,,,,,,,,,,,,,,,,,,,,,,,,,,,,,,,,,,,,,,,,,,,,,,,,,,,,,,,,MA5：依試單節奏判斷,MA20：依試單節奏判斷,,,,,MA10：依試單節奏判斷,MA5：依試單節奏判斷,MA10：依試單節奏判斷,MA20：依試單節奏判斷,突破確認K,整理後轉強,整理後轉強,MA5：依試單節奏判斷｜MA10：依試單節奏判斷｜MA20：依試單節奏判斷｜K棒：突破確認K｜K線：整理後轉強,K棒型態：突破確認K｜K線結構：整理後轉強,依原策略執行，技術欄位用於確認節奏與風險。,8.8,A,起漲結構強,20D站上MA20｜MA5站上MA10｜接近20日高｜40D平台收斂｜短中均線糾結｜40D低點守住｜近5日量縮｜10D動能轉正,平台壓縮後轉強，可優先觀察起漲/試單。,v266.57.9,10.0,A,續強品質強,回檔不破前低｜低點墊高確認｜收盤守MA5｜續強確認：收盤未跌破MA5｜回檔量縮｜MA5仍在MA10上｜仍站MA20｜10D動能維持,回檔承接尚可，若原策略入選，可優先觀察延續。,v266.57.9,3.8,C,突破觀察,收盤接近高點｜突破近5日高｜短均多頭,有轉強跡象，但突破品質尚未完全成立。,v266.57.9,GENERIC,0.55,0.5,0.5,11.74,153.0,最後後處理補寫：原分數+結構前置+續強品質+突破品質；不覆蓋原策略,一般,9.627,v266.58.1,2026-05-09 00:25:47,觀察,否,,觀察,0,0,持續觀察,首次追蹤:觀察,NO,v266.60.2,9.627,30.0,0.0,0.0,0.0,13.083,243.0,20/40/60結構佳｜續強品質佳｜主力佈局語意,主力佈局優先,v266.61,2026-05-09 00:25:50,8.0,洗盤不破承接,無事件,等待下一次確認。,9.139,178,v266.62,2026-05-09 00:25:51,0.0,,NONE,315,-13,AVOID_CHASE,平台收斂｜過熱扣分,353
WATCH,2026-05-08,2026-05-11,4806,桂田文創,ENTRY,PRE,PRE,54.0,WAIT,BLOCK,False,10.5,0.0,0.0,8,波動壓縮 | 均線收斂 | 接近突破 | 結構尚可,BLOCK：超出本市場狀態可執行名額｜v266.57.9：結構：平台壓縮後轉強，可優先觀察起漲/試單。｜續強：回檔承接尚可，若原策略入選，可優先觀察延續。｜突破：有轉強跡象，但突破品質尚未完全成立。,67.47,,,HIGH,高流動性,3.23,12555.0,131827500.0,0.0,🟡 普通,50（🟡 普通）,,籌碼普通或資料有限，需搭配技術面確認。,0,法人/融資資料有限,📉 低信心,,,,0.0,0.0,0.0,0.0,0.0,0,0.0,0.0,0.0,0.0,0,,⚪ 盤整觀望（等待方向）,中低,先觀察，不急進場；等突破、量能或均線方向出現。,2026-05-09 00:25:55,behavior_interpretation,,,,,,,,,,,,,,,,,,,,,,,,,,,,,,,,,,,,,,,,,,,,,,,,,,,,,,,,,,,,,,,,,,,,MA5：依試單節奏判斷,MA20：依試單節奏判斷,,,,,MA10：依試單節奏判斷,MA5：依試單節奏判斷,MA10：依試單節奏判斷,MA20：依試單節奏判斷,突破確認K,整理後轉強,整理後轉強,MA5：依試單節奏判斷｜MA10：依試單節奏判斷｜MA20：依試單節奏判斷｜K棒：突破確認K｜K線：整理後轉強,K棒型態：突破確認K｜K線結構：整理後轉強,依原策略執行，技術欄位用於確認節奏與風險。,8.8,A,起漲結構強,20D站上MA20｜MA5站上MA10｜40D平台收斂｜短中均線糾結｜40D低點守住｜MA60不再下彎｜近5日量縮｜10D動能轉正,平台壓縮後轉強，可優先觀察起漲/試單。,v266.57.9,10.0,A,續強品質強,回檔不破前低｜低點墊高確認｜收盤守MA5｜續強確認：收盤未跌破MA5｜回檔量縮｜MA5仍在MA10上｜仍站MA20｜10D動能維持,回檔承接尚可，若原策略入選，可優先觀察延續。,v266.57.9,3.8,C,突破觀察,收盤接近高點｜突破近5日高｜短均多頭,有轉強跡象，但突破品質尚未完全成立。,v266.57.9,GENERIC,0.55,0.5,0.5,11.74,153.0,最後後處理補寫：原分數+結構前置+續強品質+突破品質；不覆蓋原策略,一般,9.627,v266.58.1,2026-05-09 00:25:47,觀察,否,,觀察,0,0,持續觀察,前狀態:nan→今日:觀察,NO,v266.60.2,9.627,30.0,0.0,0.0,0.0,13.083,243.0,20/40/60結構佳｜續強品質佳｜主力佈局語意,主力佈局優先,v266.61,2026-05-09 00:25:50,8.0,洗盤不破承接,無事件,等待下一次確認。,9.139,177,v266.62,2026-05-09 00:25:51,0.0,,NONE,316,-13,AVOID_CHASE,平台收斂｜過熱扣分,354
TEST,2026-05-08,2026-05-11,6546,正基,ENTRY,PRE,PRE,72.0,WAIT,BLOCK,False,70.0,0.0,0.0,3,波動壓縮 | 安靜吸籌 | 均線收斂 | 接近突破 | 結構尚可,BLOCK：超出本市場狀態可執行名額｜v266.57.9：結構：平台壓縮後轉強，可優先觀察起漲/試單。｜續強：回檔承接尚可，若原策略入選，可優先觀察延續。｜突破：有轉強跡象，但突破品質尚未完全成立。,109.97,,,HIGH,高流動性,67.81,1442772.0,100994040000.0,4.0,🟢 偏集中,64（🟢 偏集中）,法人偏多,籌碼偏集中但資料有限，可搭配技術面確認，不宜單獨重倉。,1,部分籌碼資料有限,📉 低信心,,,,3578.0,1000.0,-2578.0,2000.0,1.0,1,0.0,0.0,0.0,0.0,0,TPEX,🟡 洗盤吸籌／整理換手（結構未壞）,中高,不急追；等放量突破或站穩 MA10 / MA20 再提高權重。,2026-05-09 00:25:55,behavior_interpretation,,,,,,,,,,,,,,,,,,,,,,,,,,,,,,,,,,,,,,,,,,,,,,,,,,,,,,,,,,,,,,,,,,,,MA5：依試單節奏判斷,MA20：依試單節奏判斷,,,,,MA10：依試單節奏判斷,MA5：依試單節奏判斷,MA10：依試單節奏判斷,MA20：依試單節奏判斷,突破確認K,整理後轉強,整理後轉強,MA5：依試單節奏判斷｜MA10：依試單節奏判斷｜MA20：依試單節奏判斷｜K棒：突破確認K｜K線：整理後轉強,K棒型態：突破確認K｜K線結構：整理後轉強,依原策略執行，技術欄位用於確認節奏與風險。,9.8,A,起漲結構強,20D站上MA20｜MA20走平翻揚｜MA5站上MA10｜40D平台收斂｜短中均線糾結｜40D低點守住｜接近/站回MA60｜MA60不再下彎｜10D動能轉正,平台壓縮後轉強，可優先觀察起漲/試單。,v266.57.9,8.7,A,續強品質強,回檔不破前低｜低點墊高確認｜收盤守MA5｜續強確認：收盤未跌破MA5｜MA5仍在MA10上｜仍站MA20｜10D動能維持,回檔承接尚可，若原策略入選，可優先觀察延續。,v266.57.9,2.3,C,突破觀察,收盤接近高點｜短均多頭,有轉強跡象，但突破品質尚未完全成立。,v266.57.9,GENERIC,0.55,0.5,0.5,10.89,202.0,最後後處理補寫：原分數+結構前置+續強品質+突破品質；不覆蓋原策略,一般,9.65,v266.58.1,2026-05-09 00:25:47,觀察,否,,觀察,0,0,持續觀察,前狀態:nan→今日:觀察,NO,v266.60.2,9.65,30.0,0.0,0.0,0.0,13.625,140.0,20/40/60結構佳｜續強品質佳｜主力佈局語意,主力佈局優先,v266.61,2026-05-09 00:25:50,8.0,洗盤不破承接,無事件,等待下一次確認。,9.155,176,v266.62,2026-05-09 00:25:51,0.0,,NONE,317,-13,AVOID_CHASE,平台收斂｜過熱扣分,355
TEST,2026-05-08,2026-05-11,8222,寶一,ENTRY,PRE,PRE,68.0,WAIT,BLOCK,False,37.95,0.0,0.0,3,安靜吸籌 | 均線收斂 | 放量吸收 | 接近突破 | 結構尚可,BLOCK：超出本市場狀態可執行名額｜v266.57.9：結構：平台壓縮後轉強，可優先觀察起漲/試單。｜續強：回檔承接尚可，若原策略入選，可優先觀察延續。｜突破：尚未形成乾淨突破，不急著升級。,102.44,,,HIGH,高流動性,55.92,736620.0,27954729000.000004,4.0,🟢 偏集中,67（🟢 偏集中）,法人偏多,籌碼偏集中但資料有限，可搭配技術面確認，不宜單獨重倉。,1,部分籌碼資料有限,📉 低信心,,,,18000.0,0.0,0.0,18000.0,1.0,1,0.0,0.0,0.0,0.0,0,TWSE,🟡 洗盤吸籌／整理換手（結構未壞）,中高,不急追；等放量突破或站穩 MA10 / MA20 再提高權重。,2026-05-09 00:25:55,behavior_interpretation,,,,,,,,,,,,,,,,,,,,,,,,,,,,,,,,,,,,,,,,,,,,,,,,,,,,,,,,,,,,,,,,,,,,MA5：依試單節奏判斷,MA20：依試單節奏判斷,,,,,MA10：依試單節奏判斷,MA5：依試單節奏判斷,MA10：依試單節奏判斷,MA20：依試單節奏判斷,突破確認K,整理後轉強,整理後轉強,MA5：依試單節奏判斷｜MA10：依試單節奏判斷｜MA20：依試單節奏判斷｜K棒：突破確認K｜K線：整理後轉強,K棒型態：突破確認K｜K線結構：整理後轉強,依原策略執行，技術欄位用於確認節奏與風險。,11.6,A,起漲結構強,20D站上MA20｜MA20走平翻揚｜接近20日高｜40D平台收斂｜短中均線糾結｜40D低點守住｜接近/站回MA60｜量縮後溫和放量｜5D動能轉正｜10D動能轉正,平台壓縮後轉強，可優先觀察起漲/試單。,v266.57.9,9.0,A,續強品質強,回檔不破前低｜低點墊高確認｜收盤守MA5｜續強確認：收盤未跌破MA5｜回檔量縮｜仍站MA20｜10D動能維持,回檔承接尚可，若原策略入選，可優先觀察延續。,v266.57.9,1.7,D,突破不足,量能較前日放大｜突破近5日高｜MA5加速上彎｜扣分:收盤位置偏弱、上影偏長,尚未形成乾淨突破，不急著升級。,v266.57.9,GENERIC,0.55,0.5,0.5,11.73,155.0,最後後處理補寫：原分數+結構前置+續強品質+突破品質；不覆蓋原策略,一般,10.339,v266.58.1,2026-05-09 00:25:47,觀察,否,,觀察,0,0,持續觀察,前狀態:nan→今日:觀察,NO,v266.60.2,10.339,30.0,0.0,0.0,0.0,13.574,149.0,20/40/60結構佳｜續強品質佳｜主力佈局語意,主力佈局優先,v266.61,2026-05-09 00:25:50,8.0,洗盤不破承接,無事件,等待下一次確認。,9.637,150,v266.62,2026-05-09 00:25:51,0.0,,NONE,286,-13,AVOID_CHASE,平台收斂｜過熱扣分,356
WATCH,2026-05-08,2026-05-11,6416,瑞祺電通,ENTRY,PRE,PRE,54.0,WAIT,BLOCK,False,84.5,0.0,0.0,8,波動壓縮 | 均線收斂 | 接近突破 | 結構尚可,BLOCK：超出本市場狀態可執行名額｜v266.57.9：結構：平台壓縮後轉強，可優先觀察起漲/試單。｜續強：回檔承接尚可，若原策略入選，可優先觀察延續。｜突破：有轉強跡象，但突破品質尚未完全成立。,88.31,,,HIGH,高流動性,43.5,222318.0,18785871000.0,4.0,🟢 偏集中,68（🟢 偏集中）,法人偏多,籌碼偏集中但資料有限，可搭配技術面確認，不宜單獨重倉。,1,部分籌碼資料有限,📉 低信心,,,瑞祺電通,21000.0,0.0,0.0,21000.0,1.0,1,0.0,0.0,0.0,0.0,0,TWSE,⚪ 盤整觀望（等待方向）,中低,先觀察，不急進場；等突破、量能或均線方向出現。,2026-05-09 00:25:55,behavior_interpretation,,,,,,,,,,,,,,,,,,,,,,,,,,,,,,,,,,,,,,,,,,,,,,,,,,,,,,,,,,,,,,,,,,,,MA5：依試單節奏判斷,MA20：依試單節奏判斷,,,,,MA10：依試單節奏判斷,MA5：依試單節奏判斷,MA10：依試單節奏判斷,MA20：依試單節奏判斷,突破確認K,整理後轉強,整理後轉強,MA5：依試單節奏判斷｜MA10：依試單節奏判斷｜MA20：依試單節奏判斷｜K棒：突破確認K｜K線：整理後轉強,K棒型態：突破確認K｜K線結構：整理後轉強,依原策略執行，技術欄位用於確認節奏與風險。,11.6,A,起漲結構強,20D站上MA20｜MA20走平翻揚｜MA5站上MA10｜接近20日高｜40D平台收斂｜短中均線糾結｜40D低點守住｜接近/站回MA60｜站回60D區間中上｜5D動能轉正｜10D動能轉正,平台壓縮後轉強，可優先觀察起漲/試單。,v266.57.9,8.7,A,續強品質強,回檔不破前低｜低點墊高確認｜收盤守MA5｜續強確認：收盤未跌破MA5｜MA5仍在MA10上｜仍站MA20｜10D動能維持,回檔承接尚可，若原策略入選，可優先觀察延續。,v266.57.9,2.0,C,突破觀察,MA5加速上彎｜短均多頭,有轉強跡象，但突破品質尚未完全成立。,v266.57.9,GENERIC,0.55,0.5,0.5,11.73,155.0,最後後處理補寫：原分數+結構前置+續強品質+突破品質；不覆蓋原策略,一般,10.339,v266.58.1,2026-05-09 00:25:47,觀察,否,,觀察,0,0,持續觀察,首次追蹤:觀察,NO,v266.60.2,10.339,30.0,0.0,0.0,0.0,13.154,228.0,20/40/60結構佳｜續強品質佳｜主力佈局語意,主力佈局優先,v266.61,2026-05-09 00:25:50,8.0,洗盤不破承接,無事件,等待下一次確認。,9.637,149,v266.62,2026-05-09 00:25:51,0.0,,NONE,287,-13,AVOID_CHASE,平台收斂｜過熱扣分,357
WATCH,2026-05-08,2026-05-11,1459,聯發,ENTRY,PRE,PRE,54.0,WAIT,BLOCK,False,11.9,0.0,0.0,8,波動壓縮 | 均線收斂 | 接近突破 | 結構尚可,BLOCK：超出本市場狀態可執行名額｜v266.57.9：結構：平台壓縮後轉強，可優先觀察起漲/試單。｜續強：回檔承接尚可，若原策略入選，可優先觀察延續。｜突破：有轉強跡象，但突破品質尚未完全成立。,78.89,,,HIGH,高流動性,20.25,106055.0,1262054500.0,0.0,⚠️ 分散,32（⚠️ 分散）,,籌碼普通或資料有限，需搭配技術面確認。,1,部分籌碼資料有限,📉 低信心,,,聯發,-20000.0,0.0,0.0,-20000.0,0.0,1,0.0,0.0,0.0,0.0,0,TWSE,⚪ 盤整觀望（等待方向）,中低,先觀察，不急進場；等突破、量能或均線方向出現。,2026-05-09 00:25:55,behavior_interpretation,,,,,,,,,,,,,,,,,,,,,,,,,,,,,,,,,,,,,,,,,,,,,,,,,,,,,,,,,,,,,,,,,,,,MA5：依試單節奏判斷,MA20：依試單節奏判斷,,,,,MA10：依試單節奏判斷,MA5：依試單節奏判斷,MA10：依試單節奏判斷,MA20：依試單節奏判斷,突破確認K,整理後轉強,整理後轉強,MA5：依試單節奏判斷｜MA10：依試單節奏判斷｜MA20：依試單節奏判斷｜K棒：突破確認K｜K線：整理後轉強,K棒型態：突破確認K｜K線結構：整理後轉強,依原策略執行，技術欄位用於確認節奏與風險。,11.6,A,起漲結構強,20D站上MA20｜MA20走平翻揚｜MA5站上MA10｜接近20日高｜40D平台收斂｜短中均線糾結｜40D低點守住｜接近/站回MA60｜MA60不再下彎｜5D動能轉正｜10D動能轉正,平台壓縮後轉強，可優先觀察起漲/試單。,v266.57.9,8.7,A,續強品質強,回檔不破前低｜低點墊高確認｜收盤守MA5｜續強確認：收盤未跌破MA5｜MA5仍在MA10上｜仍站MA20｜10D動能維持,回檔承接尚可，若原策略入選，可優先觀察延續。,v266.57.9,3.8,C,突破觀察,收盤接近高點｜突破近5日高｜短均多頭,有轉強跡象，但突破品質尚未完全成立。,v266.57.9,GENERIC,0.55,0.5,0.5,12.63,123.0,最後後處理補寫：原分數+結構前置+續強品質+突破品質；不覆蓋原策略,一般,10.357,v266.58.1,2026-05-09 00:25:47,觀察,否,,觀察,0,0,持續觀察,前狀態:nan→今日:觀察,NO,v266.60.2,10.357,30.0,0.0,0.0,0.0,13.156,227.0,20/40/60結構佳｜續強品質佳｜主力佈局語意,主力佈局優先,v266.61,2026-05-09 00:25:50,8.0,洗盤不破承接,無事件,等待下一次確認。,9.65,148,v266.62,2026-05-09 00:25:51,0.0,,NONE,288,-13,AVOID_CHASE,平台收斂｜過熱扣分,358
WATCH,2026-05-08,2026-05-11,5522,遠雄,ENTRY,PRE,PRE,54.0,WAIT,BLOCK,False,70.0,0.0,0.0,8,波動壓縮 | 均線收斂 | 接近突破 | 結構尚可,BLOCK：超出本市場狀態可執行名額｜v266.57.9：結構：平台壓縮後轉強，可優先觀察起漲/試單。｜續強：回檔承接尚可，若原策略入選，可優先觀察延續。｜突破：有轉強跡象，但突破品質尚未完全成立。,99.0,,,HIGH,高流動性,65.65,1202130.0,84149100000.0,0.0,⚠️ 分散,25（⚠️ 分散）,,籌碼偏弱且資料有限，避免重倉追高。,1,部分籌碼資料有限,📉 低信心,,,遠雄,-734000.0,0.0,4000.0,-730000.0,0.0,1,0.0,0.0,0.0,0.0,0,TWSE,⚪ 盤整觀望（等待方向）,中低,先觀察，不急進場；等突破、量能或均線方向出現。,2026-05-09 00:25:55,behavior_interpretation,,,,,,,,,,,,,,,,,,,,,,,,,,,,,,,,,,,,,,,,,,,,,,,,,,,,,,,,,,,,,,,,,,,,MA5：依試單節奏判斷,MA20：依試單節奏判斷,,,,,MA10：依試單節奏判斷,MA5：依試單節奏判斷,MA10：依試單節奏判斷,MA20：依試單節奏判斷,突破確認K,整理後轉強,整理後轉強,MA5：依試單節奏判斷｜MA10：依試單節奏判斷｜MA20：依試單節奏判斷｜K棒：突破確認K｜K線：整理後轉強,K棒型態：突破確認K｜K線結構：整理後轉強,依原策略執行，技術欄位用於確認節奏與風險。,11.6,A,起漲結構強,MA5站上MA10｜40D平台收斂｜短中均線糾結｜40D低點守住｜接近/站回MA60｜MA60不再下彎｜站回60D區間中上｜量縮後溫和放量｜5D動能轉正｜10D動能轉正,平台壓縮後轉強，可優先觀察起漲/試單。,v266.57.9,9.2,A,續強品質強,回檔不破前低｜低點墊高確認｜收盤守MA5｜續強確認：收盤未跌破MA5｜回檔量縮｜MA5仍在MA10上｜10D動能維持,回檔承接尚可，若原策略入選，可優先觀察延續。,v266.57.9,3.5,C,突破觀察,突破近5日高｜MA5加速上彎｜短均多頭,有轉強跡象，但突破品質尚未完全成立。,v266.57.9,GENERIC,0.55,0.5,0.5,12.73,121.0,最後後處理補寫：原分數+結構前置+續強品質+突破品質；不覆蓋原策略,一般,10.439,v266.58.1,2026-05-09 00:25:47,觀察,否,,觀察,0,0,持續觀察,前狀態:nan→今日:觀察,NO,v266.60.2,10.439,30.0,0.0,0.0,0.0,13.164,225.0,20/40/60結構佳｜續強品質佳｜主力佈局語意,主力佈局優先,v266.61,2026-05-09 00:25:50,8.0,洗盤不破承接,無事件,等待下一次確認。,9.707,145,v266.62,2026-05-09 00:25:51,0.0,,NONE,291,-13,AVOID_CHASE,平台收斂｜過熱扣分,359
WATCH,2026-05-08,2026-05-11,3332,幸康,ENTRY,PRE,PRE,54.0,WAIT,BLOCK,False,65.2,0.0,0.0,8,波動壓縮 | 均線收斂 | 接近突破 | 結構尚可,BLOCK：超出本市場狀態可執行名額｜v266.57.9：結構：平台壓縮後轉強，可優先觀察起漲/試單。｜續強：回檔承接尚可，若原策略入選，可優先觀察延續。｜突破：有轉強跡象，但突破品質尚未完全成立。,75.98,,,HIGH,高流動性,17.12,37302.0,2432090400.0,0.0,🟡 普通,50（🟡 普通）,,籌碼普通或資料有限，需搭配技術面確認。,1,部分籌碼資料有限,📉 低信心,,,幸康,0.0,0.0,0.0,0.0,0.0,1,0.0,0.0,0.0,0.0,0,TPEX,⚪ 盤整觀望（等待方向）,中低,先觀察，不急進場；等突破、量能或均線方向出現。,2026-05-09 00:25:55,behavior_interpretation,,,,,,,,,,,,,,,,,,,,,,,,,,,,,,,,,,,,,,,,,,,,,,,,,,,,,,,,,,,,,,,,,,,,MA5：依試單節奏判斷,MA20：依試單節奏判斷,,,,,MA10：依試單節奏判斷,MA5：依試單節奏判斷,MA10：依試單節奏判斷,MA20：依試單節奏判斷,突破確認K,整理後轉強,整理後轉強,MA5：依試單節奏判斷｜MA10：依試單節奏判斷｜MA20：依試單節奏判斷｜K棒：突破確認K｜K線：整理後轉強,K棒型態：突破確認K｜K線結構：整理後轉強,依原策略執行，技術欄位用於確認節奏與風險。,11.8,A,起漲結構強,20D站上MA20｜MA20走平翻揚｜MA5站上MA10｜接近20日高｜40D平台收斂｜短中均線糾結｜40D低點守住｜接近/站回MA60｜MA60不再下彎｜站回60D區間中上｜10D動能轉正,平台壓縮後轉強，可優先觀察起漲/試單。,v266.57.9,8.7,A,續強品質強,回檔不破前低｜低點墊高確認｜收盤守MA5｜續強確認：收盤未跌破MA5｜MA5仍在MA10上｜仍站MA20｜10D動能維持,回檔承接尚可，若原策略入選，可優先觀察延續。,v266.57.9,3.8,C,突破觀察,收盤接近高點｜突破近5日高｜短均多頭,有轉強跡象，但突破品質尚未完全成立。,v266.57.9,GENERIC,0.55,0.5,0.5,12.74,116.0,最後後處理補寫：原分數+結構前置+續強品質+突破品質；不覆蓋原策略,一般,10.447,v266.58.1,2026-05-09 00:25:47,觀察,否,,觀察,0,0,持續觀察,前狀態:nan→今日:觀察,NO,v266.60.2,10.447,30.0,0.0,0.0,0.0,13.165,222.0,20/40/60結構佳｜續強品質佳｜主力佈局語意,主力佈局優先,v266.61,2026-05-09 00:25:50,8.0,洗盤不破承接,無事件,等待下一次確認。,9.713,144,v266.62,2026-05-09 00:25:51,0.0,,NONE,292,-13,AVOID_CHASE,平台收斂｜過熱扣分,360
WATCH,2026-05-08,2026-05-11,4527,方土霖,ENTRY,PRE,PRE,54.0,WAIT,BLOCK,False,42.95,0.0,0.0,8,波動壓縮 | 均線收斂 | 接近突破 | 結構尚可,BLOCK：超出本市場狀態可執行名額｜v266.57.9：結構：平台壓縮後轉強，可優先觀察起漲/試單。｜續強：回檔承接尚可，若原策略入選，可優先觀察延續。｜突破：有轉強跡象，但突破品質尚未完全成立。,73.59,,,HIGH,高流動性,11.99,26448.0,1135941600.0,0.0,🟡 普通,50（🟡 普通）,,籌碼普通或資料有限，需搭配技術面確認。,1,部分籌碼資料有限,📉 低信心,,,方土霖,0.0,0.0,0.0,0.0,0.0,1,0.0,0.0,0.0,0.0,0,TPEX,⚪ 盤整觀望（等待方向）,中低,先觀察，不急進場；等突破、量能或均線方向出現。,2026-05-09 00:25:55,behavior_interpretation,,,,,,,,,,,,,,,,,,,,,,,,,,,,,,,,,,,,,,,,,,,,,,,,,,,,,,,,,,,,,,,,,,,,MA5：依試單節奏判斷,MA20：依試單節奏判斷,,,,,MA10：依試單節奏判斷,MA5：依試單節奏判斷,MA10：依試單節奏判斷,MA20：依試單節奏判斷,突破確認K,整理後轉強,整理後轉強,MA5：依試單節奏判斷｜MA10：依試單節奏判斷｜MA20：依試單節奏判斷｜K棒：突破確認K｜K線：整理後轉強,K棒型態：突破確認K｜K線結構：整理後轉強,依原策略執行，技術欄位用於確認節奏與風險。,9.8,A,起漲結構強,MA5站上MA10｜接近20日高｜40D平台收斂｜短中均線糾結｜40D低點守住｜接近/站回MA60｜MA60不再下彎｜站回60D區間中上｜10D動能轉正,平台壓縮後轉強，可優先觀察起漲/試單。,v266.57.9,9.2,A,續強品質強,回檔不破前低｜低點墊高確認｜收盤守MA5｜續強確認：收盤未跌破MA5｜回檔量縮｜MA5仍在MA10上｜10D動能維持,回檔承接尚可，若原策略入選，可優先觀察延續。,v266.57.9,3.8,C,突破觀察,收盤接近高點｜突破近5日高｜短均多頭,有轉強跡象，但突破品質尚未完全成立。,v266.57.9,GENERIC,0.55,0.5,0.5,11.89,150.0,最後後處理補寫：原分數+結構前置+續強品質+突破品質；不覆蓋原策略,一般,9.75,v266.58.1,2026-05-09 00:25:47,觀察,否,,觀察,0,0,持續觀察,前狀態:nan→今日:觀察,NO,v266.60.2,9.75,30.0,0.0,0.0,0.0,13.095,241.0,20/40/60結構佳｜續強品質佳｜主力佈局語意,主力佈局優先,v266.61,2026-05-09 00:25:50,8.0,洗盤不破承接,無事件,等待下一次確認。,9.225,175,v266.62,2026-05-09 00:25:51,0.0,,NONE,318,-13,AVOID_CHASE,平台收斂｜過熱扣分,361
WATCH,2026-05-08,2026-05-11,2027,大成鋼,ENTRY,PRE,PRE,54.0,WAIT,BLOCK,False,39.6,0.0,0.0,8,安靜吸籌 | 均線收斂 | 接近突破 | 結構尚可,BLOCK：超出本市場狀態可執行名額｜v266.57.9：結構：平台壓縮後轉強，可優先觀察起漲/試單。｜續強：回檔承接尚可，若原策略入選，可優先觀察延續。｜突破：有轉強跡象，但突破品質尚未完全成立。,109.41,,,HIGH,高流動性,93.47,33348864.0,1320615014400.0,4.0,🟢 偏集中,65（🟢 偏集中）,法人偏多,籌碼偏集中但資料有限，可搭配技術面確認，不宜單獨重倉。,1,部分籌碼資料有限,📉 低信心,,,大成鋼,1111000.0,-259000.0,414704.0,1266704.0,1.0,1,0.0,0.0,0.0,0.0,0,TWSE,🟡 洗盤吸籌／整理換手（結構未壞）,中高,不急追；等放量突破或站穩 MA10 / MA20 再提高權重。,2026-05-09 00:25:55,behavior_interpretation,,,,,,,,,,,,,,,,,,,,,,,,,,,,,,,,,,,,,,,,,,,,,,,,,,,,,,,,,,,,,,,,,,,,MA5：依試單節奏判斷,MA20：依試單節奏判斷,,,,,MA10：依試單節奏判斷,MA5：依試單節奏判斷,MA10：依試單節奏判斷,MA20：依試單節奏判斷,突破確認K,整理後轉強,整理後轉強,MA5：依試單節奏判斷｜MA10：依試單節奏判斷｜MA20：依試單節奏判斷｜K棒：突破確認K｜K線：整理後轉強,K棒型態：突破確認K｜K線結構：整理後轉強,依原策略執行，技術欄位用於確認節奏與風險。,12.0,A,起漲結構強,20D站上MA20｜MA20走平翻揚｜MA5站上MA10｜接近20日高｜40D平台收斂｜短中均線糾結｜40D低點守住｜接近/站回MA60｜MA60不再下彎｜站回60D區間中上｜量縮後溫和放量｜5D動能轉正｜10D動能轉正,平台壓縮後轉強，可優先觀察起漲/試單。,v266.57.9,8.7,A,續強品質強,回檔不破前低｜低點墊高確認｜收盤守MA5｜續強確認：收盤未跌破MA5｜MA5仍在MA10上｜仍站MA20｜10D動能維持,回檔承接尚可，若原策略入選，可優先觀察延續。,v266.57.9,3.8,C,突破觀察,收盤接近高點｜突破近5日高｜短均多頭,有轉強跡象，但突破品質尚未完全成立。,v266.57.9,GENERIC,0.55,0.5,0.5,12.85,109.0,最後後處理補寫：原分數+結構前置+續強品質+突破品質；不覆蓋原策略,一般,11.257,v266.58.1,2026-05-09 00:25:47,觀察,否,,觀察,0,0,持續觀察,前狀態:nan→今日:觀察,NO,v266.60.2,11.257,30.0,0.0,0.0,0.0,13.246,198.0,20/40/60結構佳｜續強品質佳｜主力佈局語意,主力佈局優先,v266.61,2026-05-09 00:25:50,8.0,洗盤不破承接,無事件,等待下一次確認。,10.28,123,v266.62,2026-05-09 00:25:51,0.0,,NONE,338,-13,AVOID_CHASE,平台收斂｜過熱扣分,362
WATCH,2026-05-08,2026-05-11,3426,台興,ENTRY,PRE,PRE,54.0,WAIT,BLOCK,False,47.7,0.0,0.0,8,波動壓縮 | 均線收斂 | 接近突破 | 結構尚可,BLOCK：超出本市場狀態可執行名額｜v266.57.9：結構：平台壓縮後轉強，可優先觀察起漲/試單。｜續強：回檔承接尚可，若原策略入選，可優先觀察延續。,77.91,,,HIGH,高流動性,20.45,58100.0,2771370000.0,0.0,🟡 普通,50（🟡 普通）,,籌碼普通或資料有限，需搭配技術面確認。,0,法人/融資資料有限,📉 低信心,,,台興,0.0,0.0,0.0,0.0,0.0,0,0.0,0.0,0.0,0.0,0,,⚪ 盤整觀望（等待方向）,中低,先觀察，不急進場；等突破、量能或均線方向出現。,2026-05-09 00:25:55,behavior_interpretation,,,,,,,,,,,,,,,,,,,,,,,,,,,,,,,,,,,,,,,,,,,,,,,,,,,,,,,,,,,,,,,,,,,,MA5：依試單節奏判斷,MA20：依試單節奏判斷,,,,,MA10：依試單節奏判斷,MA5：依試單節奏判斷,MA10：依試單節奏判斷,MA20：依試單節奏判斷,突破確認K,整理後轉強,整理後轉強,MA5：依試單節奏判斷｜MA10：依試單節奏判斷｜MA20：依試單節奏判斷｜K棒：突破確認K｜K線：整理後轉強,K棒型態：突破確認K｜K線結構：整理後轉強,依原策略執行，技術欄位用於確認節奏與風險。,11.8,A,起漲結構強,20D站上MA20｜MA20走平翻揚｜MA5站上MA10｜接近20日高｜40D平台收斂｜短中均線糾結｜40D低點守住｜接近/站回MA60｜MA60不再下彎｜站回60D區間中上｜10D動能轉正,平台壓縮後轉強，可優先觀察起漲/試單。,v266.57.9,8.7,A,續強品質強,回檔不破前低｜低點墊高確認｜收盤守MA5｜續強確認：收盤未跌破MA5｜MA5仍在MA10上｜仍站MA20｜10D動能維持,回檔承接尚可，若原策略入選，可優先觀察延續。,v266.57.9,,,,,,,GENERIC,0.55,0.5,0.5,10.84,211.0,最後後處理補寫：原分數+結構前置+續強品質+突破品質；不覆蓋原策略,一般,8.889,v266.58.1,2026-05-09 00:25:47,觀察,否,,觀察,0,0,持續觀察,前狀態:nan→今日:觀察,NO,v266.60.2,8.889,30.0,0.0,0.0,0.0,13.009,282.0,20/40/60結構佳｜續強品質佳｜主力佈局語意,主力佈局優先,v266.61,2026-05-09 00:25:50,8.0,洗盤不破承接,無事件,等待下一次確認。,8.622,233,v266.62,2026-05-09 00:25:51,0.0,,NONE,401,-13,AVOID_CHASE,平台收斂｜過熱扣分,363
WATCH,2026-05-08,2026-05-11,4923,力士,ENTRY,PRE,PRE,54.0,WAIT,BLOCK,False,35.6,0.0,0.0,8,波動壓縮 | 均線收斂 | 接近突破 | 結構尚可,BLOCK：超出本市場狀態可執行名額｜v266.57.9：結構：平台壓縮後轉強，可優先觀察起漲/試單。｜續強：回檔承接尚可，若原策略入選，可優先觀察延續。｜突破：尚未形成乾淨突破，不急著升級。,79.08,,,HIGH,高流動性,22.33,77950.0,2775020000.0,4.0,🟢 偏集中,62（🟢 偏集中）,法人偏多,籌碼偏集中但資料有限，可搭配技術面確認，不宜單獨重倉。,1,部分籌碼資料有限,📉 低信心,,,,0.0,17.0,17.0,34.0,1.0,1,0.0,0.0,0.0,0.0,0,TPEX,⚪ 盤整觀望（等待方向）,中低,先觀察，不急進場；等突破、量能或均線方向出現。,2026-05-09 00:25:55,behavior_interpretation,,,,,,,,,,,,,,,,,,,,,,,,,,,,,,,,,,,,,,,,,,,,,,,,,,,,,,,,,,,,,,,,,,,,MA5：依試單節奏判斷,MA20：依試單節奏判斷,,,,,MA10：依試單節奏判斷,MA5：依試單節奏判斷,MA10：依試單節奏判斷,MA20：依試單節奏判斷,突破確認K,整理後轉強,整理後轉強,MA5：依試單節奏判斷｜MA10：依試單節奏判斷｜MA20：依試單節奏判斷｜K棒：突破確認K｜K線：整理後轉強,K棒型態：突破確認K｜K線結構：整理後轉強,依原策略執行，技術欄位用於確認節奏與風險。,9.8,A,起漲結構強,20D站上MA20｜MA5站上MA10｜40D平台收斂｜短中均線糾結｜40D低點守住｜接近/站回MA60｜MA60不再下彎｜站回60D區間中上｜10D動能轉正,平台壓縮後轉強，可優先觀察起漲/試單。,v266.57.9,8.7,A,續強品質強,回檔不破前低｜低點墊高確認｜收盤守MA5｜續強確認：收盤未跌破MA5｜MA5仍在MA10上｜仍站MA20｜10D動能維持,回檔承接尚可，若原策略入選，可優先觀察延續。,v266.57.9,-0.2,D,突破不足,短均多頭｜扣分:收盤位置偏弱,尚未形成乾淨突破，不急著升級。,v266.57.9,GENERIC,0.55,0.5,0.5,9.64,303.0,最後後處理補寫：原分數+結構前置+續強品質+突破品質；不覆蓋原策略,一般,8.625,v266.58.1,2026-05-09 00:25:47,觀察,否,,觀察,0,0,持續觀察,首次追蹤:觀察,NO,v266.60.2,8.625,30.0,0.0,0.0,0.0,12.982,300.0,20/40/60結構佳｜續強品質佳｜主力佈局語意,主力佈局優先,v266.61,2026-05-09 00:25:50,8.0,洗盤不破承接,無事件,等待下一次確認。,8.438,257,v266.62,2026-05-09 00:25:51,0.0,,NONE,409,-13,AVOID_CHASE,平台收斂｜過熱扣分,364
WATCH,2026-05-08,2026-05-11,6125,廣運,ENTRY,PRE,PRE,62.0,WAIT,BLOCK,False,59.1,0.0,0.0,8,安靜吸籌 | 均線收斂 | 放量吸收 | 接近突破,BLOCK：超出本市場狀態可執行名額｜v266.57.9：結構：平台壓縮後轉強，可優先觀察起漲/試單。｜續強：回檔承接尚可，若原策略入選，可優先觀察延續。｜突破：尚未形成乾淨突破，不急著升級。,109.66,,,HIGH,高流動性,81.61,5312474.0,313967213400.00006,4.0,🟢 偏集中,79（🟢 偏集中）,法人偏多,籌碼偏集中但資料有限，可搭配技術面確認，不宜單獨重倉。,1,部分籌碼資料有限,📉 低信心,,,廣運,7369.0,11244.0,3875.0,22488.0,1.0,1,0.0,0.0,0.0,0.0,0,TPEX,🟡 洗盤吸籌／整理換手（結構未壞）,中高,不急追；等放量突破或站穩 MA10 / MA20 再提高權重。,2026-05-09 00:25:55,behavior_interpretation,,,,,,,,,,,,,,,,,,,,,,,,,,,,,,,,,,,,,,,,,,,,,,,,,,,,,,,,,,,,,,,,,,,,MA5：依試單節奏判斷,MA20：依試單節奏判斷,,,,,MA10：依試單節奏判斷,MA5：依試單節奏判斷,MA10：依試單節奏判斷,MA20：依試單節奏判斷,突破確認K,整理後轉強,整理後轉強,MA5：依試單節奏判斷｜MA10：依試單節奏判斷｜MA20：依試單節奏判斷｜K棒：突破確認K｜K線：整理後轉強,K棒型態：突破確認K｜K線結構：整理後轉強,依原策略執行，技術欄位用於確認節奏與風險。,10.8,A,起漲結構強,20D站上MA20｜MA20走平翻揚｜MA5站上MA10｜40D平台收斂｜短中均線糾結｜40D低點守住｜接近/站回MA60｜量縮後溫和放量｜10D動能轉正,平台壓縮後轉強，可優先觀察起漲/試單。,v266.57.9,8.7,A,續強品質強,回檔不破前低｜低點墊高確認｜收盤守MA5｜續強確認：收盤未跌破MA5｜MA5仍在MA10上｜仍站MA20｜10D動能維持,回檔承接尚可，若原策略入選，可優先觀察延續。,v266.57.9,-1.4,D,突破不足,短均多頭｜扣分:收盤位置偏弱、上影偏長,尚未形成乾淨突破，不急著升級。,v266.57.9,GENERIC,0.55,0.5,0.5,9.59,314.0,最後後處理補寫：原分數+結構前置+續強品質+突破品質；不覆蓋原策略,一般,8.584,v266.58.1,2026-05-09 00:25:47,觀察,否,,觀察,0,0,持續觀察,前狀態:nan→今日:觀察,NO,v266.60.2,8.584,30.0,0.0,0.0,0.0,13.218,201.0,20/40/60結構佳｜續強品質佳｜主力佈局語意,主力佈局優先,v266.61,2026-05-09 00:25:50,8.0,洗盤不破承接,無事件,等待下一次確認。,8.409,258,v266.62,2026-05-09 00:25:51,0.0,,NONE,408,-13,AVOID_CHASE,平台收斂｜過熱扣分,365
WATCH,2026-05-08,2026-05-11,6240,松崗,ENTRY,PRE,PRE,54.0,WAIT,BLOCK,False,18.5,0.0,0.0,8,波動壓縮 | 均線收斂 | 接近突破 | 結構尚可,BLOCK：超出本市場狀態可執行名額｜v266.57.9：結構：平台壓縮後轉強，可優先觀察起漲/試單。｜續強：回檔承接尚可，若原策略入選，可優先觀察延續。｜突破：有轉強跡象，但突破品質尚未完全成立。,66.76,,,HIGH,高流動性,2.72,8500.0,157250000.0,0.0,🟡 普通,50（🟡 普通）,,籌碼普通或資料有限，需搭配技術面確認。,1,部分籌碼資料有限,📉 低信心,,,松崗,0.0,0.0,0.0,0.0,0.0,1,0.0,0.0,0.0,0.0,0,TPEX,⚪ 盤整觀望（等待方向）,中低,先觀察，不急進場；等突破、量能或均線方向出現。,2026-05-09 00:25:55,behavior_interpretation,,,,,,,,,,,,,,,,,,,,,,,,,,,,,,,,,,,,,,,,,,,,,,,,,,,,,,,,,,,,,,,,,,,,MA5：依試單節奏判斷,MA20：依試單節奏判斷,,,,,MA10：依試單節奏判斷,MA5：依試單節奏判斷,MA10：依試單節奏判斷,MA20：依試單節奏判斷,突破確認K,整理後轉強,整理後轉強,MA5：依試單節奏判斷｜MA10：依試單節奏判斷｜MA20：依試單節奏判斷｜K棒：突破確認K｜K線：整理後轉強,K棒型態：突破確認K｜K線結構：整理後轉強,依原策略執行，技術欄位用於確認節奏與風險。,8.0,A,起漲結構強,MA5站上MA10｜40D平台收斂｜短中均線糾結｜40D低點守住｜接近/站回MA60｜MA60不再下彎｜近5日量縮,平台壓縮後轉強，可優先觀察起漲/試單。,v266.57.9,8.2,A,續強品質強,回檔不破前低｜低點墊高確認｜收盤守MA5｜續強確認：收盤未跌破MA5｜回檔量縮｜MA5仍在MA10上,回檔承接尚可，若原策略入選，可優先觀察延續。,v266.57.9,3.8,C,突破觀察,收盤接近高點｜突破近5日高｜短均多頭,有轉強跡象，但突破品質尚未完全成立。,v266.57.9,GENERIC,0.55,0.5,0.5,10.4,246.0,最後後處理補寫：原分數+結構前置+續強品質+突破品質；不覆蓋原策略,一般,8.528,v266.58.1,2026-05-09 00:25:47,觀察,否,,觀察,0,0,持續觀察,前狀態:nan→今日:觀察,NO,v266.60.2,8.528,30.0,0.0,0.0,0.0,12.973,303.0,20/40/60結構佳｜續強品質佳｜主力佈局語意,主力佈局優先,v266.61,2026-05-09 00:25:50,8.0,洗盤不破承接,無事件,等待下一次確認。,8.37,260,v266.62,2026-05-09 00:25:51,0.0,,NONE,406,-13,AVOID_CHASE,平台收斂｜過熱扣分,366
WATCH,2026-05-08,2026-05-11,6899,創為精密,ENTRY,PRE,PRE,54.0,WAIT,BLOCK,False,53.5,0.0,0.0,8,波動壓縮 | 均線收斂 | 接近突破 | 結構尚可,BLOCK：超出本市場狀態可執行名額｜v266.57.9：結構：平台壓縮後轉強，可優先觀察起漲/試單。｜續強：回檔承接尚可，若原策略入選，可優先觀察延續。｜突破：有轉強跡象，但突破品質尚未完全成立。,70.45,,,HIGH,高流動性,7.39,13131.0,702508500.0,0.0,🟡 普通,50（🟡 普通）,,籌碼普通或資料有限，需搭配技術面確認。,1,部分籌碼資料有限,📉 低信心,,,,0.0,0.0,0.0,0.0,0.0,1,0.0,0.0,0.0,0.0,0,TPEX,⚪ 盤整觀望（等待方向）,中低,先觀察，不急進場；等突破、量能或均線方向出現。,2026-05-09 00:25:55,behavior_interpretation,,,,,,,,,,,,,,,,,,,,,,,,,,,,,,,,,,,,,,,,,,,,,,,,,,,,,,,,,,,,,,,,,,,,MA5：依試單節奏判斷,MA20：依試單節奏判斷,,,,,MA10：依試單節奏判斷,MA5：依試單節奏判斷,MA10：依試單節奏判斷,MA20：依試單節奏判斷,突破確認K,整理後轉強,整理後轉強,MA5：依試單節奏判斷｜MA10：依試單節奏判斷｜MA20：依試單節奏判斷｜K棒：突破確認K｜K線：整理後轉強,K棒型態：突破確認K｜K線結構：整理後轉強,依原策略執行，技術欄位用於確認節奏與風險。,8.0,A,起漲結構強,MA5站上MA10｜40D平台收斂｜短中均線糾結｜40D低點守住｜接近/站回MA60｜MA60不再下彎｜近5日量縮,平台壓縮後轉強，可優先觀察起漲/試單。,v266.57.9,8.2,A,續強品質強,回檔不破前低｜低點墊高確認｜收盤守MA5｜續強確認：收盤未跌破MA5｜回檔量縮｜MA5仍在MA10上,回檔承接尚可，若原策略入選，可優先觀察延續。,v266.57.9,3.8,C,突破觀察,收盤接近高點｜突破近5日高｜短均多頭,有轉強跡象，但突破品質尚未完全成立。,v266.57.9,GENERIC,0.55,0.5,0.5,10.4,246.0,最後後處理補寫：原分數+結構前置+續強品質+突破品質；不覆蓋原策略,一般,8.528,v266.58.1,2026-05-09 00:25:47,觀察,否,,觀察,0,0,持續觀察,前狀態:nan→今日:觀察,NO,v266.60.2,8.528,30.0,0.0,0.0,0.0,12.973,303.0,20/40/60結構佳｜續強品質佳｜主力佈局語意,主力佈局優先,v266.61,2026-05-09 00:25:50,8.0,洗盤不破承接,無事件,等待下一次確認。,8.37,261,v266.62,2026-05-09 00:25:51,0.0,,NONE,405,-13,AVOID_CHASE,平台收斂｜過熱扣分,367
WATCH,2026-05-08,2026-05-11,2852,第一保,ENTRY,PRE,PRE,54.0,WAIT,BLOCK,False,26.15,0.0,0.0,8,波動壓縮 | 均線收斂 | 接近突破 | 結構尚可,BLOCK：超出本市場狀態可執行名額｜v266.57.9：結構：平台壓縮後轉強，可優先觀察起漲/試單。｜續強：回檔承接尚可，若原策略入選，可優先觀察延續。｜突破：尚未形成乾淨突破，不急著升級。,84.26,,,HIGH,高流動性,32.77,187394.0,4900353100.0,4.0,🟡 普通,57（🟡 普通）,法人偏多,籌碼普通或資料有限，需搭配技術面確認。,1,部分籌碼資料有限,📉 低信心,,,第一保,20000.0,-4507.0,0.0,15493.0,1.0,1,0.0,0.0,0.0,0.0,0,TWSE,⚪ 盤整觀望（等待方向）,中低,先觀察，不急進場；等突破、量能或均線方向出現。,2026-05-09 00:25:55,behavior_interpretation,,,,,,,,,,,,,,,,,,,,,,,,,,,,,,,,,,,,,,,,,,,,,,,,,,,,,,,,,,,,,,,,,,,,MA5：依試單節奏判斷,MA20：依試單節奏判斷,,,,,MA10：依試單節奏判斷,MA5：依試單節奏判斷,MA10：依試單節奏判斷,MA20：依試單節奏判斷,突破確認K,整理後轉強,整理後轉強,MA5：依試單節奏判斷｜MA10：依試單節奏判斷｜MA20：依試單節奏判斷｜K棒：突破確認K｜K線：整理後轉強,K棒型態：突破確認K｜K線結構：整理後轉強,依原策略執行，技術欄位用於確認節奏與風險。,9.8,A,起漲結構強,20D站上MA20｜MA20走平翻揚｜接近20日高｜40D平台收斂｜短中均線糾結｜40D低點守住｜接近/站回MA60｜近5日量縮｜5D動能轉正,平台壓縮後轉強，可優先觀察起漲/試單。,v266.57.9,8.0,A,續強品質強,回檔不破前低｜低點墊高確認｜收盤守MA5｜續強確認：收盤未跌破MA5｜回檔量縮｜仍站MA20,回檔承接尚可，若原策略入選，可優先觀察延續。,v266.57.9,0.2,D,突破不足,MA5加速上彎｜扣分:收盤位置偏弱,尚未形成乾淨突破，不急著升級。,v266.57.9,GENERIC,0.55,0.5,0.5,9.49,321.0,最後後處理補寫：原分數+結構前置+續強品質+突破品質；不覆蓋原策略,一般,8.502,v266.58.1,2026-05-09 00:25:47,觀察,否,,觀察,0,0,持續觀察,前狀態:nan→今日:觀察,NO,v266.60.2,8.502,30.0,0.0,0.0,0.0,12.97,305.0,20/40/60結構佳｜續強品質佳｜主力佈局語意,主力佈局優先,v266.61,2026-05-09 00:25:50,8.0,洗盤不破承接,無事件,等待下一次確認。,8.351,262,v266.62,2026-05-09 00:25:51,0.0,,NONE,404,-13,AVOID_CHASE,平台收斂｜過熱扣分,368
TEST,2026-05-08,2026-05-11,6560,欣普羅,ENTRY,PRE,PRE,72.0,WAIT,BLOCK,False,39.8,0.0,0.0,3,波動壓縮 | 安靜吸籌 | 均線收斂 | 接近突破 | 結構尚可,BLOCK：超出本市場狀態可執行名額｜v266.57.9：結構：平台壓縮後轉強，可優先觀察起漲/試單。｜續強：回檔承接尚可，若原策略入選，可優先觀察延續。｜突破：有轉強跡象，但突破品質尚未完全成立。,95.99,,,HIGH,高流動性,37.45,209530.0,8339293999.999999,0.0,🟡 普通,50（🟡 普通）,,籌碼普通或資料有限，需搭配技術面確認。,1,部分籌碼資料有限,📉 低信心,,,,0.0,0.0,0.0,0.0,0.0,1,0.0,0.0,0.0,0.0,0,TPEX,🟡 洗盤吸籌／整理換手（結構未壞）,中高,不急追；等放量突破或站穩 MA10 / MA20 再提高權重。,2026-05-09 00:25:55,behavior_interpretation,,,,,,,,,,,,,,,,,,,,,,,,,,,,,,,,,,,,,,,,,,,,,,,,,,,,,,,,,,,,,,,,,,,,MA5：依試單節奏判斷,MA20：依試單節奏判斷,,,,,MA10：依試單節奏判斷,MA5：依試單節奏判斷,MA10：依試單節奏判斷,MA20：依試單節奏判斷,突破確認K,整理後轉強,整理後轉強,MA5：依試單節奏判斷｜MA10：依試單節奏判斷｜MA20：依試單節奏判斷｜K棒：突破確認K｜K線：整理後轉強,K棒型態：突破確認K｜K線結構：整理後轉強,依原策略執行，技術欄位用於確認節奏與風險。,8.8,A,起漲結構強,20D站上MA20｜MA20走平翻揚｜MA5站上MA10｜40D平台收斂｜短中均線糾結｜40D低點守住｜接近/站回MA60｜10D動能轉正,平台壓縮後轉強，可優先觀察起漲/試單。,v266.57.9,8.7,A,續強品質強,回檔不破前低｜低點墊高確認｜收盤守MA5｜續強確認：收盤未跌破MA5｜MA5仍在MA10上｜仍站MA20｜10D動能維持,回檔承接尚可，若原策略入選，可優先觀察延續。,v266.57.9,2.3,C,突破觀察,收盤接近高點｜短均多頭,有轉強跡象，但突破品質尚未完全成立。,v266.57.9,GENERIC,0.55,0.5,0.5,10.34,248.0,最後後處理補寫：原分數+結構前置+續強品質+突破品質；不覆蓋原策略,一般,8.479,v266.58.1,2026-05-09 00:25:47,觀察,否,,觀察,0,0,持續觀察,前狀態:nan→今日:觀察,NO,v266.60.2,8.479,30.0,0.0,0.0,0.0,13.508,161.0,20/40/60結構佳｜續強品質佳｜主力佈局語意,主力佈局優先,v266.61,2026-05-09 00:25:50,8.0,洗盤不破承接,無事件,等待下一次確認。,8.335,263,v266.62,2026-05-09 00:25:51,0.0,,NONE,403,-13,AVOID_CHASE,平台收斂｜過熱扣分,369
WATCH,2026-05-08,2026-05-11,2375,凱美,ENTRY,PRE,PRE,54.0,WAIT,BLOCK,False,90.4,0.0,0.0,8,安靜吸籌 | 均線收斂 | 放量吸收 | 結構尚可,BLOCK：超出本市場狀態可執行名額｜v266.57.9：結構：平台壓縮後轉強，可優先觀察起漲/試單。｜續強：回檔承接尚可，若原策略入選，可優先觀察延續。｜突破：尚未形成乾淨突破，不急著升級。,107.55,,,HIGH,高流動性,88.14,9064706.0,819449422400.0001,0.0,⚠️ 分散,21（⚠️ 分散）,,籌碼偏弱且資料有限，避免重倉追高。,1,部分籌碼資料有限,📉 低信心,,,,-286800.0,-129.0,49449.0,-237480.0,0.0,1,0.0,0.0,0.0,0.0,0,TWSE,🟡 洗盤吸籌／整理換手（結構未壞）,中高,不急追；等放量突破或站穩 MA10 / MA20 再提高權重。,2026-05-09 00:25:55,behavior_interpretation,,,,,,,,,,,,,,,,,,,,,,,,,,,,,,,,,,,,,,,,,,,,,,,,,,,,,,,,,,,,,,,,,,,,MA5：依觀察節奏判斷,MA20：依觀察節奏判斷,,,,,MA10：依觀察節奏判斷,MA5：依觀察節奏判斷,MA10：依觀察節奏判斷,MA20：依觀察節奏判斷,整理觀察K,整理收斂,整理收斂,MA5：依觀察節奏判斷｜MA10：依觀察節奏判斷｜MA20：依觀察節奏判斷｜K棒：整理觀察K｜K線：整理收斂,K棒型態：整理觀察K｜K線結構：整理收斂,依原策略執行，技術欄位用於確認節奏與風險。,12.0,A,起漲結構強,20D站上MA20｜MA20走平翻揚｜MA5站上MA10｜40D平台收斂｜短中均線糾結｜40D低點守住｜接近/站回MA60｜站回60D區間中上｜量縮後溫和放量｜5D動能轉正｜10D動能轉正,平台壓縮後轉強，可優先觀察起漲/試單。,v266.57.9,8.7,A,續強品質強,回檔不破前低｜低點墊高確認｜收盤守MA5｜續強確認：收盤未跌破MA5｜MA5仍在MA10上｜仍站MA20｜10D動能維持,回檔承接尚可，若原策略入選，可優先觀察延續。,v266.57.9,-1.4,D,突破不足,短均多頭｜扣分:收盤位置偏弱、上影偏長,尚未形成乾淨突破，不急著升級。,v266.57.9,GENERIC,0.55,0.5,0.5,10.25,250.0,最後後處理補寫：原分數+結構前置+續強品質+突破品質；不覆蓋原策略,一般,8.405,v266.58.1,2026-05-09 00:25:47,觀察,否,,觀察,0,0,持續觀察,前狀態:nan→今日:觀察,NO,v266.60.2,8.405,30.0,0.0,0.0,0.0,12.96,306.0,20/40/60結構佳｜續強品質佳｜主力佈局語意,主力佈局優先,v266.61,2026-05-09 00:25:50,8.0,洗盤不破承接,無事件,等待下一次確認。,8.283,264,v266.62,2026-05-09 00:25:51,0.0,,NONE,402,-13,AVOID_CHASE,平台收斂｜過熱扣分,370
TEST,2026-05-08,2026-05-11,6244,茂迪,ENTRY,PRE,PRE,72.0,WAIT,BLOCK,False,29.7,0.0,0.0,3,波動壓縮 | 安靜吸籌 | 均線收斂 | 接近突破 | 結構尚可,BLOCK：超出本市場狀態可執行名額｜v266.57.9：結構：平台壓縮後轉強，可優先觀察起漲/試單。｜續強：回檔承接尚可，若原策略入選，可優先觀察延續。｜突破：尚未形成乾淨突破，不急著升級。,117.74,,,HIGH,高流動性,88.97,19131357.0,568201302900.0,4.0,🔥 高度集中,85（🔥 高度集中）,法人偏多,籌碼偏集中但資料有限，可搭配技術面確認，不宜單獨重倉。,1,部分籌碼資料有限,📉 低信心,,,茂迪,150618.0,499273.0,348655.0,998546.0,1.0,1,0.0,0.0,0.0,0.0,0,TPEX,🟡 洗盤吸籌／整理換手（結構未壞）,中高,不急追；等放量突破或站穩 MA10 / MA20 再提高權重。,2026-05-09 00:25:55,behavior_interpretation,,,,,,,,,,,,,,,,,,,,,,,,,,,,,,,,,,,,,,,,,,,,,,,,,,,,,,,,,,,,,,,,,,,,MA5：依試單節奏判斷,MA20：依試單節奏判斷,,,,,MA10：依試單節奏判斷,MA5：依試單節奏判斷,MA10：依試單節奏判斷,MA20：依試單節奏判斷,突破確認K,整理後轉強,整理後轉強,MA5：依試單節奏判斷｜MA10：依試單節奏判斷｜MA20：依試單節奏判斷｜K棒：突破確認K｜K線：整理後轉強,K棒型態：突破確認K｜K線結構：整理後轉強,依原策略執行，技術欄位用於確認節奏與風險。,9.8,A,起漲結構強,20D站上MA20｜MA20走平翻揚｜MA5站上MA10｜40D平台收斂｜短中均線糾結｜40D低點守住｜接近/站回MA60｜MA60不再下彎｜10D動能轉正,平台壓縮後轉強，可優先觀察起漲/試單。,v266.57.9,8.7,A,續強品質強,回檔不破前低｜低點墊高確認｜收盤守MA5｜續強確認：收盤未跌破MA5｜MA5仍在MA10上｜仍站MA20｜10D動能維持,回檔承接尚可，若原策略入選，可優先觀察延續。,v266.57.9,-0.2,D,突破不足,短均多頭｜扣分:收盤位置偏弱,尚未形成乾淨突破，不急著升級。,v266.57.9,GENERIC,0.55,0.5,0.5,9.64,303.0,最後後處理補寫：原分數+結構前置+續強品質+突破品質；不覆蓋原策略,一般,8.625,v266.58.1,2026-05-09 00:25:47,觀察,否,,觀察,0,0,持續觀察,前狀態:nan→今日:觀察,NO,v266.60.2,8.625,30.0,0.0,0.0,0.0,13.522,159.0,20/40/60結構佳｜續強品質佳｜主力佈局語意,主力佈局優先,v266.61,2026-05-09 00:25:50,8.0,洗盤不破承接,無事件,等待下一次確認。,8.438,256,v266.62,2026-05-09 00:25:51,0.0,,NONE,410,-13,AVOID_CHASE,平台收斂｜過熱扣分,371
TEST,2026-05-08,2026-05-11,6874,倍力,ENTRY,PRE,PRE,72.0,WAIT,BLOCK,False,93.4,0.0,0.0,3,波動壓縮 | 安靜吸籌 | 均線收斂 | 接近突破 | 結構尚可,BLOCK：超出本市場狀態可執行名額｜v266.57.9：結構：平台壓縮後轉強，可優先觀察起漲/試單。｜續強：回檔承接尚可，若原策略入選，可優先觀察延續。｜突破：有轉強跡象，但突破品質尚未完全成立。,97.71,,,HIGH,高流動性,42.56,200869.0,18761164600.0,4.0,🟢 偏集中,66（🟢 偏集中）,法人偏多,籌碼偏集中但資料有限，可搭配技術面確認，不宜單獨重倉。,1,部分籌碼資料有限,📉 低信心,,,,0.0,2000.0,2000.0,4000.0,1.0,1,0.0,0.0,0.0,0.0,0,TPEX,🟡 洗盤吸籌／整理換手（結構未壞）,中高,不急追；等放量突破或站穩 MA10 / MA20 再提高權重。,2026-05-09 00:25:55,behavior_interpretation,,,,,,,,,,,,,,,,,,,,,,,,,,,,,,,,,,,,,,,,,,,,,,,,,,,,,,,,,,,,,,,,,,,,MA5：依試單節奏判斷,MA20：依試單節奏判斷,,,,,MA10：依試單節奏判斷,MA5：依試單節奏判斷,MA10：依試單節奏判斷,MA20：依試單節奏判斷,突破確認K,整理後轉強,整理後轉強,MA5：依試單節奏判斷｜MA10：依試單節奏判斷｜MA20：依試單節奏判斷｜K棒：突破確認K｜K線：整理後轉強,K棒型態：突破確認K｜K線結構：整理後轉強,依原策略執行，技術欄位用於確認節奏與風險。,11.8,A,起漲結構強,20D站上MA20｜MA20走平翻揚｜MA5站上MA10｜接近20日高｜40D平台收斂｜短中均線糾結｜40D低點守住｜接近/站回MA60｜MA60不再下彎｜站回60D區間中上｜10D動能轉正,平台壓縮後轉強，可優先觀察起漲/試單。,v266.57.9,8.7,A,續強品質強,回檔不破前低｜低點墊高確認｜收盤守MA5｜續強確認：收盤未跌破MA5｜MA5仍在MA10上｜仍站MA20｜10D動能維持,回檔承接尚可，若原策略入選，可優先觀察延續。,v266.57.9,3.8,C,突破觀察,收盤接近高點｜突破近5日高｜短均多頭,有轉強跡象，但突破品質尚未完全成立。,v266.57.9,GENERIC,0.55,0.5,0.5,12.74,116.0,最後後處理補寫：原分數+結構前置+續強品質+突破品質；不覆蓋原策略,一般,11.167,v266.58.1,2026-05-09 00:25:47,觀察,否,,觀察,0,0,持續觀察,前狀態:nan→今日:觀察,NO,v266.60.2,11.167,30.0,0.0,0.0,0.0,13.777,126.0,20/40/60結構佳｜續強品質佳｜主力佈局語意,主力佈局優先,v266.61,2026-05-09 00:25:50,8.0,洗盤不破承接,無事件,等待下一次確認。,10.217,124,v266.62,2026-05-09 00:25:51,0.0,,NONE,337,-13,AVOID_CHASE,平台收斂｜過熱扣分,372
WATCH,2026-05-08,2026-05-11,8081,致新,ENTRY,PRE,PRE,52.0,WAIT,BLOCK,False,253.5,0.0,0.0,8,安靜吸籌 | 放量吸收 | 接近突破 | 結構尚可,BLOCK：超出本市場狀態可執行名額｜v266.57.9：結構：平台壓縮後轉強，可優先觀察起漲/試單。｜續強：回檔承接尚可，若原策略入選，可優先觀察延續。｜突破：尚未形成乾淨突破，不急著升級。,101.31,,,HIGH,高流動性,74.29,1507275.0,382094212500.0,4.0,🟢 偏集中,65（🟢 偏集中）,法人偏多,籌碼偏集中但資料有限，可搭配技術面確認，不宜單獨重倉。,1,部分籌碼資料有限,📉 低信心,,,致新,166606.0,-14000.0,73.0,152679.0,1.0,1,0.0,0.0,0.0,0.0,0,TWSE,🟡 洗盤吸籌／整理換手（結構未壞）,中高,不急追；等放量突破或站穩 MA10 / MA20 再提高權重。,2026-05-09 00:25:55,behavior_interpretation,,,,,,,,,,,,,,,,,,,,,,,,,,,,,,,,,,,,,,,,,,,,,,,,,,,,,,,,,,,,,,,,,,,,MA5：依試單節奏判斷,MA20：依試單節奏判斷,,,,,MA10：依試單節奏判斷,MA5：依試單節奏判斷,MA10：依試單節奏判斷,MA20：依試單節奏判斷,突破確認K,整理後轉強,整理後轉強,MA5：依試單節奏判斷｜MA10：依試單節奏判斷｜MA20：依試單節奏判斷｜K棒：突破確認K｜K線：整理後轉強,K棒型態：突破確認K｜K線結構：整理後轉強,依原策略執行，技術欄位用於確認節奏與風險。,12.0,A,起漲結構強,20D站上MA20｜MA20走平翻揚｜MA5站上MA10｜40D平台收斂｜短中均線糾結｜40D低點守住｜接近/站回MA60｜MA60不再下彎｜站回60D區間中上｜量縮後溫和放量｜5D動能轉正｜10D動能轉正,平台壓縮後轉強，可優先觀察起漲/試單。,v266.57.9,8.5,A,續強品質強,回檔不破前低｜低點墊高確認｜收盤守MA5｜回測守MA10｜MA5仍在MA10上｜仍站MA20｜10D動能維持,回檔承接尚可，若原策略入選，可優先觀察延續。,v266.57.9,1.0,D,突破不足,MA5加速上彎｜短均多頭｜扣分:收盤位置偏弱,尚未形成乾淨突破，不急著升級。,v266.57.9,GENERIC,0.55,0.5,0.5,11.35,173.0,最後後處理補寫：原分數+結構前置+續強品質+突破品質；不覆蓋原策略,一般,10.027,v266.58.1,2026-05-09 00:25:47,觀察,否,,觀察,0,0,持續觀察,首次追蹤:觀察,NO,v266.60.2,10.027,30.0,0.0,0.0,0.0,13.063,255.0,20/40/60結構佳｜續強品質佳｜主力佈局語意,主力佈局優先,v266.61,2026-05-09 00:25:50,8.0,洗盤不破承接,無事件,等待下一次確認。,9.419,158,v266.62,2026-05-09 00:25:51,0.0,,NONE,335,-13,AVOID_CHASE,平台收斂｜過熱扣分,373
WATCH,2026-05-08,2026-05-11,6170,統振,ENTRY,PRE,PRE,54.0,WAIT,BLOCK,False,51.9,0.0,0.0,8,波動壓縮 | 均線收斂 | 接近突破 | 結構尚可,BLOCK：超出本市場狀態可執行名額｜v266.57.9：結構：平台壓縮後轉強，可優先觀察起漲/試單。｜續強：回檔承接尚可，若原策略入選，可優先觀察延續。｜突破：有轉強跡象，但突破品質尚未完全成立。,87.3,,,HIGH,高流動性,40.52,226630.0,11762097000.0,0.0,🟡 普通,50（🟡 普通）,,籌碼普通或資料有限，需搭配技術面確認。,1,部分籌碼資料有限,📉 低信心,,,統振,0.0,0.0,0.0,0.0,0.0,1,0.0,0.0,0.0,0.0,0,TPEX,⚪ 盤整觀望（等待方向）,中低,先觀察，不急進場；等突破、量能或均線方向出現。,2026-05-09 00:25:55,behavior_interpretation,,,,,,,,,,,,,,,,,,,,,,,,,,,,,,,,,,,,,,,,,,,,,,,,,,,,,,,,,,,,,,,,,,,,MA5：依試單節奏判斷,MA20：依試單節奏判斷,,,,,MA10：依試單節奏判斷,MA5：依試單節奏判斷,MA10：依試單節奏判斷,MA20：依試單節奏判斷,突破確認K,整理後轉強,整理後轉強,MA5：依試單節奏判斷｜MA10：依試單節奏判斷｜MA20：依試單節奏判斷｜K棒：突破確認K｜K線：整理後轉強,K棒型態：突破確認K｜K線結構：整理後轉強,依原策略執行，技術欄位用於確認節奏與風險。,11.8,A,起漲結構強,20D站上MA20｜MA20走平翻揚｜MA5站上MA10｜接近20日高｜40D平台收斂｜短中均線糾結｜40D低點守住｜接近/站回MA60｜MA60不再下彎｜站回60D區間中上｜10D動能轉正,平台壓縮後轉強，可優先觀察起漲/試單。,v266.57.9,10.0,A,續強品質強,回檔不破前低｜低點墊高確認｜收盤守MA5｜續強確認：收盤未跌破MA5｜回檔量縮｜MA5仍在MA10上｜仍站MA20｜10D動能維持,回檔承接尚可，若原策略入選，可優先觀察延續。,v266.57.9,3.8,C,突破觀察,收盤接近高點｜突破近5日高｜短均多頭,有轉強跡象，但突破品質尚未完全成立。,v266.57.9,GENERIC,0.55,0.5,0.5,13.39,101.0,最後後處理補寫：原分數+結構前置+續強品質+突破品質；不覆蓋原策略,一般,10.98,v266.58.1,2026-05-09 00:25:47,觀察,否,,觀察,0,0,持續觀察,前狀態:nan→今日:觀察,NO,v266.60.2,10.98,30.0,0.0,0.0,0.0,13.218,201.0,20/40/60結構佳｜續強品質佳｜主力佈局語意,主力佈局優先,v266.61,2026-05-09 00:25:50,8.0,洗盤不破承接,無事件,等待下一次確認。,10.086,125,v266.62,2026-05-09 00:25:51,0.0,,NONE,336,-13,AVOID_CHASE,平台收斂｜過熱扣分,374
WATCH,2026-05-08,2026-05-11,5009,榮剛,ENTRY,PRE,PRE,52.0,WAIT,BLOCK,False,36.5,0.0,0.0,8,安靜吸籌 | 放量吸收 | 接近突破 | 結構尚可,BLOCK：超出本市場狀態可執行名額｜v266.57.9：結構：平台壓縮後轉強，可優先觀察起漲/試單。｜續強：回檔承接尚可，若原策略入選，可優先觀察延續。｜突破：尚未形成乾淨突破，不急著升級。,105.75,,,HIGH,高流動性,86.15,11176435.0,407939877500.0,4.0,🔥 高度集中,85（🔥 高度集中）,法人偏多,籌碼偏集中但資料有限，可搭配技術面確認，不宜單獨重倉。,1,部分籌碼資料有限,📉 低信心,,,榮剛,81980.0,40448.0,-42532.0,79896.0,1.0,1,0.0,0.0,0.0,0.0,0,TPEX,🟡 洗盤吸籌／整理換手（結構未壞）,中高,不急追；等放量突破或站穩 MA10 / MA20 再提高權重。,2026-05-09 00:25:55,behavior_interpretation,,,,,,,,,,,,,,,,,,,,,,,,,,,,,,,,,,,,,,,,,,,,,,,,,,,,,,,,,,,,,,,,,,,,MA5：依試單節奏判斷,MA20：依試單節奏判斷,,,,,MA10：依試單節奏判斷,MA5：依試單節奏判斷,MA10：依試單節奏判斷,MA20：依試單節奏判斷,突破確認K,整理後轉強,整理後轉強,MA5：依試單節奏判斷｜MA10：依試單節奏判斷｜MA20：依試單節奏判斷｜K棒：突破確認K｜K線：整理後轉強,K棒型態：突破確認K｜K線結構：整理後轉強,依原策略執行，技術欄位用於確認節奏與風險。,12.0,A,起漲結構強,20D站上MA20｜MA20走平翻揚｜MA5站上MA10｜接近20日高｜40D平台收斂｜短中均線糾結｜40D低點守住｜接近/站回MA60｜MA60不再下彎｜站回60D區間中上｜量縮後溫和放量｜10D動能轉正,平台壓縮後轉強，可優先觀察起漲/試單。,v266.57.9,8.7,A,續強品質強,回檔不破前低｜低點墊高確認｜收盤守MA5｜續強確認：收盤未跌破MA5｜MA5仍在MA10上｜仍站MA20｜10D動能維持,回檔承接尚可，若原策略入選，可優先觀察延續。,v266.57.9,0.8,D,突破不足,短均多頭,尚未形成乾淨突破，不急著升級。,v266.57.9,GENERIC,0.55,0.5,0.5,11.35,173.0,最後後處理補寫：原分數+結構前置+續強品質+突破品質；不覆蓋原策略,一般,10.027,v266.58.1,2026-05-09 00:25:47,觀察,否,,觀察,0,0,持續觀察,前狀態:nan→今日:觀察,NO,v266.60.2,10.027,30.0,0.0,0.0,0.0,13.063,255.0,20/40/60結構佳｜續強品質佳｜主力佈局語意,主力佈局優先,v266.61,2026-05-09 00:25:50,8.0,洗盤不破承接,無事件,等待下一次確認。,9.419,159,v266.62,2026-05-09 00:25:51,0.0,,NONE,334,-13,AVOID_CHASE,平台收斂｜過熱扣分,375
WATCH,2026-05-08,2026-05-11,6512,啟發電,ENTRY,PRE,PRE,54.0,WAIT,BLOCK,False,19.3,0.0,0.0,8,波動壓縮 | 均線收斂 | 接近突破 | 結構尚可,BLOCK：超出本市場狀態可執行名額｜v266.57.9：結構：平台壓縮後轉強，可優先觀察起漲/試單。｜續強：回檔承接尚可，若原策略入選，可優先觀察延續。,64.75,,,HIGH,高流動性,1.6,4497.0,86792100.0,0.0,🟡 普通,50（🟡 普通）,,籌碼普通或資料有限，需搭配技術面確認。,0,法人/融資資料有限,📉 低信心,,,啟發電,0.0,0.0,0.0,0.0,0.0,0,0.0,0.0,0.0,0.0,0,,⚪ 盤整觀望（等待方向）,中低,先觀察，不急進場；等突破、量能或均線方向出現。,2026-05-09 00:25:55,behavior_interpretation,,,,,,,,,,,,,,,,,,,,,,,,,,,,,,,,,,,,,,,,,,,,,,,,,,,,,,,,,,,,,,,,,,,,MA5：依試單節奏判斷,MA20：依試單節奏判斷,,,,,MA10：依試單節奏判斷,MA5：依試單節奏判斷,MA10：依試單節奏判斷,MA20：依試單節奏判斷,突破確認K,整理後轉強,整理後轉強,MA5：依試單節奏判斷｜MA10：依試單節奏判斷｜MA20：依試單節奏判斷｜K棒：突破確認K｜K線：整理後轉強,K棒型態：突破確認K｜K線結構：整理後轉強,依原策略執行，技術欄位用於確認節奏與風險。,8.8,A,起漲結構強,MA5站上MA10｜接近20日高｜40D平台收斂｜短中均線糾結｜40D低點守住｜接近/站回MA60｜近5日量縮｜10D動能轉正,平台壓縮後轉強，可優先觀察起漲/試單。,v266.57.9,9.2,A,續強品質強,回檔不破前低｜低點墊高確認｜收盤守MA5｜續強確認：收盤未跌破MA5｜回檔量縮｜MA5仍在MA10上｜10D動能維持,回檔承接尚可，若原策略入選，可優先觀察延續。,v266.57.9,,,,,,,GENERIC,0.55,0.5,0.5,9.44,324.0,最後後處理補寫：原分數+結構前置+續強品質+突破品質；不覆蓋原策略,一般,7.741,v266.58.1,2026-05-09 00:25:47,觀察,否,,觀察,0,0,持續觀察,前狀態:nan→今日:觀察,NO,v266.60.2,7.741,30.0,0.0,0.0,0.0,12.894,344.0,20/40/60結構佳｜續強品質佳｜主力佈局語意,主力佈局優先,v266.61,2026-05-09 00:25:50,8.0,洗盤不破承接,無事件,等待下一次確認。,7.819,321,v266.62,2026-05-09 00:25:51,0.0,,NONE,119,-13,AVOID_CHASE,平台收斂｜過熱扣分,376
WATCH,2026-05-08,2026-05-11,1109,信大,ENTRY,PRE,PRE,54.0,WAIT,BLOCK,False,15.4,0.0,0.0,8,波動壓縮 | 均線收斂 | 接近突破 | 結構尚可,BLOCK：超出本市場狀態可執行名額｜v266.57.9：結構：平台壓縮後轉強，可優先觀察起漲/試單。｜續強：回檔承接尚可，若原策略入選，可優先觀察延續。｜突破：尚未形成乾淨突破，不急著升級。,80.31,,,HIGH,高流動性,23.6,122570.0,1887578000.0,0.0,⚠️ 分散,34（⚠️ 分散）,,籌碼普通或資料有限，需搭配技術面確認。,1,部分籌碼資料有限,📉 低信心,,,信大,-15000.0,0.0,0.0,-15000.0,0.0,1,0.0,0.0,0.0,0.0,0,TWSE,⚪ 盤整觀望（等待方向）,中低,先觀察，不急進場；等突破、量能或均線方向出現。,2026-05-09 00:25:55,behavior_interpretation,,,,,,,,,,,,,,,,,,,,,,,,,,,,,,,,,,,,,,,,,,,,,,,,,,,,,,,,,,,,,,,,,,,,MA5：依試單節奏判斷,MA20：依試單節奏判斷,,,,,MA10：依試單節奏判斷,MA5：依試單節奏判斷,MA10：依試單節奏判斷,MA20：依試單節奏判斷,突破確認K,整理後轉強,整理後轉強,MA5：依試單節奏判斷｜MA10：依試單節奏判斷｜MA20：依試單節奏判斷｜K棒：突破確認K｜K線：整理後轉強,K棒型態：突破確認K｜K線結構：整理後轉強,依原策略執行，技術欄位用於確認節奏與風險。,10.0,A,起漲結構強,MA20走平翻揚｜MA5站上MA10｜接近20日高｜40D平台收斂｜短中均線糾結｜40D低點守住｜接近/站回MA60｜MA60不再下彎｜近5日量縮,平台壓縮後轉強，可優先觀察起漲/試單。,v266.57.9,8.0,A,續強品質強,回檔不破前低｜低點墊高確認｜收盤守MA5｜回測守MA10｜回檔量縮｜MA5仍在MA10上,回檔承接尚可，若原策略入選，可優先觀察延續。,v266.57.9,-0.2,D,突破不足,短均多頭｜扣分:收盤位置偏弱,尚未形成乾淨突破，不急著升級。,v266.57.9,GENERIC,0.55,0.5,0.5,9.4,325.0,最後後處理補寫：原分數+結構前置+續強品質+突破品質；不覆蓋原策略,一般,7.708,v266.58.1,2026-05-09 00:25:47,觀察,否,,觀察,0,0,持續觀察,前狀態:nan→今日:觀察,NO,v266.60.2,7.708,30.0,0.0,0.0,0.0,12.891,345.0,20/40/60結構佳｜續強品質佳｜主力佈局語意,主力佈局優先,v266.61,2026-05-09 00:25:50,8.0,洗盤不破承接,無事件,等待下一次確認。,7.796,322,v266.62,2026-05-09 00:25:51,0.0,,NONE,117,-13,AVOID_CHASE,平台收斂｜過熱扣分,377
WATCH,2026-05-08,2026-05-11,6884,海柏特,ENTRY,PRE,PRE,54.0,WAIT,BLOCK,False,34.4,0.0,0.0,8,波動壓縮 | 均線收斂 | 接近突破 | 結構尚可,BLOCK：超出本市場狀態可執行名額｜v266.57.9：結構：平台壓縮後轉強，可優先觀察起漲/試單。｜續強：回檔承接尚可，若原策略入選，可優先觀察延續。｜突破：尚未形成乾淨突破，不急著升級。,69.55,,,HIGH,高流動性,5.95,13077.0,449848800.0,0.0,🟡 普通,50（🟡 普通）,,籌碼普通或資料有限，需搭配技術面確認。,0,法人/融資資料有限,📉 低信心,,,海柏特,0.0,0.0,0.0,0.0,0.0,0,0.0,0.0,0.0,0.0,0,,⚪ 盤整觀望（等待方向）,中低,先觀察，不急進場；等突破、量能或均線方向出現。,2026-05-09 00:25:55,behavior_interpretation,,,,,,,,,,,,,,,,,,,,,,,,,,,,,,,,,,,,,,,,,,,,,,,,,,,,,,,,,,,,,,,,,,,,MA5：依試單節奏判斷,MA20：依試單節奏判斷,,,,,MA10：依試單節奏判斷,MA5：依試單節奏判斷,MA10：依試單節奏判斷,MA20：依試單節奏判斷,突破確認K,整理後轉強,整理後轉強,MA5：依試單節奏判斷｜MA10：依試單節奏判斷｜MA20：依試單節奏判斷｜K棒：突破確認K｜K線：整理後轉強,K棒型態：突破確認K｜K線結構：整理後轉強,依原策略執行，技術欄位用於確認節奏與風險。,7.0,B,起漲結構中,MA20走平翻揚｜MA5站上MA10｜40D平台收斂｜短中均線糾結｜40D低點守住｜接近/站回MA60,平台壓縮後轉強，可優先觀察起漲/試單。,v266.57.9,8.2,A,續強品質強,回檔不破前低｜低點墊高確認｜收盤守MA5｜續強確認：收盤未跌破MA5｜回檔量縮｜MA5仍在MA10上,回檔承接尚可，若原策略入選，可優先觀察延續。,v266.57.9,0.8,D,突破不足,短均多頭,尚未形成乾淨突破，不急著升級。,v266.57.9,GENERIC,0.55,0.5,0.5,8.35,389.0,最後後處理補寫：原分數+結構前置+續強品質+突破品質；不覆蓋原策略,一般,6.847,v266.58.1,2026-05-09 00:25:47,觀察,否,,觀察,0,0,持續觀察,前狀態:nan→今日:觀察,NO,v266.60.2,6.847,30.0,0.0,0.0,0.0,12.805,370.0,20/40/60結構佳｜續強品質佳｜主力佈局語意,主力佈局優先,v266.61,2026-05-09 00:25:50,8.0,洗盤不破承接,無事件,等待下一次確認。,7.193,361,v266.62,2026-05-09 00:25:51,0.0,,NONE,116,-13,AVOID_CHASE,平台收斂｜過熱扣分,378
WATCH,2026-05-08,2026-05-11,8421,旭源,ENTRY,PRE,PRE,54.0,WAIT,BLOCK,False,13.65,0.0,0.0,8,波動壓縮 | 均線收斂 | 接近突破 | 結構尚可,BLOCK：超出本市場狀態可執行名額｜v266.57.9：結構：平台壓縮後轉強，可優先觀察起漲/試單。｜續強：回檔承接尚可，若原策略入選，可優先觀察延續。｜突破：有轉強跡象，但突破品質尚未完全成立。,77.83,,,HIGH,高流動性,18.39,83963.0,1146094950.0,0.0,🟡 普通,50（🟡 普通）,,籌碼普通或資料有限，需搭配技術面確認。,1,部分籌碼資料有限,📉 低信心,,,旭源,0.0,0.0,0.0,0.0,0.0,1,0.0,0.0,0.0,0.0,0,TPEX,⚪ 盤整觀望（等待方向）,中低,先觀察，不急進場；等突破、量能或均線方向出現。,2026-05-09 00:25:55,behavior_interpretation,,,,,,,,,,,,,,,,,,,,,,,,,,,,,,,,,,,,,,,,,,,,,,,,,,,,,,,,,,,,,,,,,,,,MA5：依試單節奏判斷,MA20：依試單節奏判斷,,,,,MA10：依試單節奏判斷,MA5：依試單節奏判斷,MA10：依試單節奏判斷,MA20：依試單節奏判斷,突破確認K,整理後轉強,整理後轉強,MA5：依試單節奏判斷｜MA10：依試單節奏判斷｜MA20：依試單節奏判斷｜K棒：突破確認K｜K線：整理後轉強,K棒型態：突破確認K｜K線結構：整理後轉強,依原策略執行，技術欄位用於確認節奏與風險。,11.8,A,起漲結構強,20D站上MA20｜MA20走平翻揚｜MA5站上MA10｜接近20日高｜40D平台收斂｜短中均線糾結｜40D低點守住｜接近/站回MA60｜MA60不再下彎｜站回60D區間中上｜10D動能轉正,平台壓縮後轉強，可優先觀察起漲/試單。,v266.57.9,8.7,A,續強品質強,回檔不破前低｜低點墊高確認｜收盤守MA5｜續強確認：收盤未跌破MA5｜MA5仍在MA10上｜仍站MA20｜10D動能維持,回檔承接尚可，若原策略入選，可優先觀察延續。,v266.57.9,3.8,C,突破觀察,收盤接近高點｜突破近5日高｜短均多頭,有轉強跡象，但突破品質尚未完全成立。,v266.57.9,GENERIC,0.55,0.5,0.5,12.74,116.0,最後後處理補寫：原分數+結構前置+續強品質+突破品質；不覆蓋原策略,一般,10.447,v266.58.1,2026-05-09 00:25:47,觀察,否,,觀察,0,0,持續觀察,前狀態:nan→今日:觀察,NO,v266.60.2,10.447,30.0,0.0,0.0,0.0,13.165,222.0,20/40/60結構佳｜續強品質佳｜主力佈局語意,主力佈局優先,v266.61,2026-05-09 00:25:50,8.0,洗盤不破承接,無事件,等待下一次確認。,9.713,141,v266.62,2026-05-09 00:25:51,0.0,,NONE,320,-13,AVOID_CHASE,平台收斂｜過熱扣分,379
WATCH,2026-05-08,2026-05-11,8416,實威,ENTRY,PRE,PRE,54.0,WAIT,BLOCK,False,172.5,0.0,0.0,8,波動壓縮 | 均線收斂 | 接近突破 | 結構尚可,BLOCK：超出本市場狀態可執行名額｜v266.57.9：結構：平台壓縮後轉強，可優先觀察起漲/試單。｜續強：回檔承接尚可，若原策略入選，可優先觀察延續。｜突破：有轉強跡象，但突破品質尚未完全成立。,70.7,,,HIGH,高流動性,9.43,8429.0,1454002500.0,0.0,🟡 普通,50（🟡 普通）,,籌碼普通或資料有限，需搭配技術面確認。,0,法人/融資資料有限,📉 低信心,,,,0.0,0.0,0.0,0.0,0.0,0,0.0,0.0,0.0,0.0,0,,⚪ 盤整觀望（等待方向）,中低,先觀察，不急進場；等突破、量能或均線方向出現。,2026-05-09 00:25:55,behavior_interpretation,,,,,,,,,,,,,,,,,,,,,,,,,,,,,,,,,,,,,,,,,,,,,,,,,,,,,,,,,,,,,,,,,,,,MA5：依試單節奏判斷,MA20：依試單節奏判斷,,,,,MA10：依試單節奏判斷,MA5：依試單節奏判斷,MA10：依試單節奏判斷,MA20：依試單節奏判斷,突破確認K,整理後轉強,整理後轉強,MA5：依試單節奏判斷｜MA10：依試單節奏判斷｜MA20：依試單節奏判斷｜K棒：突破確認K｜K線：整理後轉強,K棒型態：突破確認K｜K線結構：整理後轉強,依原策略執行，技術欄位用於確認節奏與風險。,10.0,A,起漲結構強,20D站上MA20｜MA20走平翻揚｜MA5站上MA10｜接近20日高｜40D平台收斂｜短中均線糾結｜40D低點守住｜接近/站回MA60｜近5日量縮,平台壓縮後轉強，可優先觀察起漲/試單。,v266.57.9,9.2,A,續強品質強,回檔不破前低｜低點墊高確認｜收盤守MA5｜續強確認：收盤未跌破MA5｜回檔量縮｜MA5仍在MA10上｜仍站MA20,回檔承接尚可，若原策略入選，可優先觀察延續。,v266.57.9,3.8,C,突破觀察,收盤接近高點｜突破近5日高｜短均多頭,有轉強跡象，但突破品質尚未完全成立。,v266.57.9,GENERIC,0.55,0.5,0.5,12.0,137.0,最後後處理補寫：原分數+結構前置+續強品質+突破品質；不覆蓋原策略,一般,9.84,v266.58.1,2026-05-09 00:25:47,觀察,否,,觀察,0,0,持續觀察,前狀態:nan→今日:觀察,NO,v266.60.2,9.84,30.0,0.0,0.0,0.0,13.104,237.0,20/40/60結構佳｜續強品質佳｜主力佈局語意,主力佈局優先,v266.61,2026-05-09 00:25:50,8.0,洗盤不破承接,無事件,等待下一次確認。,9.288,167,v266.62,2026-05-09 00:25:51,0.0,,NONE,341,-13,AVOID_CHASE,平台收斂｜過熱扣分,380
TEST,2026-05-08,2026-05-11,2483,百容,ENTRY,PRE,PRE,72.0,WAIT,BLOCK,False,23.8,0.0,0.0,3,波動壓縮 | 安靜吸籌 | 均線收斂 | 接近突破 | 結構尚可,BLOCK：超出本市場狀態可執行名額｜v266.57.9：結構：平台壓縮後轉強，可優先觀察起漲/試單。｜續強：回檔承接尚可，若原策略入選，可優先觀察延續。｜突破：有轉強跡象，但突破品質尚未完全成立。,100.16,,,HIGH,高流動性,45.53,453504.0,10793395200.000002,0.0,⚠️ 分散,25（⚠️ 分散）,,籌碼偏弱且資料有限，避免重倉追高。,1,部分籌碼資料有限,📉 低信心,,,,-59000.0,0.0,0.0,-59000.0,0.0,1,0.0,0.0,0.0,0.0,0,TWSE,🟡 洗盤吸籌／整理換手（結構未壞）,中高,不急追；等放量突破或站穩 MA10 / MA20 再提高權重。,2026-05-09 00:25:55,behavior_interpretation,,,,,,,,,,,,,,,,,,,,,,,,,,,,,,,,,,,,,,,,,,,,,,,,,,,,,,,,,,,,,,,,,,,,MA5：依試單節奏判斷,MA20：依試單節奏判斷,,,,,MA10：依試單節奏判斷,MA5：依試單節奏判斷,MA10：依試單節奏判斷,MA20：依試單節奏判斷,突破確認K,整理後轉強,整理後轉強,MA5：依試單節奏判斷｜MA10：依試單節奏判斷｜MA20：依試單節奏判斷｜K棒：突破確認K｜K線：整理後轉強,K棒型態：突破確認K｜K線結構：整理後轉強,依原策略執行，技術欄位用於確認節奏與風險。,12.0,A,起漲結構強,20D站上MA20｜MA20走平翻揚｜MA5站上MA10｜40D平台收斂｜短中均線糾結｜40D低點守住｜接近/站回MA60｜MA60不再下彎｜站回60D區間中上｜量縮後溫和放量｜5D動能轉正｜10D動能轉正,平台壓縮後轉強，可優先觀察起漲/試單。,v266.57.9,8.7,A,續強品質強,回檔不破前低｜低點墊高確認｜收盤守MA5｜續強確認：收盤未跌破MA5｜MA5仍在MA10上｜仍站MA20｜10D動能維持,回檔承接尚可，若原策略入選，可優先觀察延續。,v266.57.9,2.0,C,突破觀察,量能較前日放大｜短均多頭,有轉強跡象，但突破品質尚未完全成立。,v266.57.9,GENERIC,0.55,0.5,0.5,11.95,147.0,最後後處理補寫：原分數+結構前置+續強品質+突破品質；不覆蓋原策略,一般,9.799,v266.58.1,2026-05-09 00:25:47,觀察,否,,觀察,0,0,持續觀察,前狀態:nan→今日:觀察,NO,v266.60.2,9.799,30.0,0.0,0.0,0.0,13.64,139.0,20/40/60結構佳｜續強品質佳｜主力佈局語意,主力佈局優先,v266.61,2026-05-09 00:25:50,8.0,洗盤不破承接,無事件,等待下一次確認。,9.259,174,v266.62,2026-05-09 00:25:51,0.0,,NONE,319,-13,AVOID_CHASE,平台收斂｜過熱扣分,381
WATCH,2026-05-08,2026-05-11,6411,晶焱,ENTRY,PRE,PRE,58.0,WAIT,BLOCK,False,79.8,0.0,0.0,8,波動壓縮 | 安靜吸籌 | 均線收斂 | 結構尚可,BLOCK：超出本市場狀態可執行名額｜v266.57.9：結構：平台壓縮後轉強，可優先觀察起漲/試單。｜續強：回檔承接尚可，若原策略入選，可優先觀察延續。｜突破：有轉強跡象，但突破品質尚未完全成立。,100.02,,,HIGH,高流動性,63.44,952035.0,75972393000.0,4.0,🟢 偏集中,76（🟢 偏集中）,法人偏多,籌碼偏集中但資料有限，可搭配技術面確認，不宜單獨重倉。,1,部分籌碼資料有限,📉 低信心,,,晶焱,1.0,8350.0,8349.0,16700.0,1.0,1,0.0,0.0,0.0,0.0,0,TPEX,🟡 洗盤吸籌／整理換手（結構未壞）,中高,不急追；等放量突破或站穩 MA10 / MA20 再提高權重。,2026-05-09 00:25:55,behavior_interpretation,,,,,,,,,,,,,,,,,,,,,,,,,,,,,,,,,,,,,,,,,,,,,,,,,,,,,,,,,,,,,,,,,,,,MA5：依觀察節奏判斷,MA20：依觀察節奏判斷,,,,,MA10：依觀察節奏判斷,MA5：依觀察節奏判斷,MA10：依觀察節奏判斷,MA20：依觀察節奏判斷,整理觀察K,整理收斂,整理收斂,MA5：依觀察節奏判斷｜MA10：依觀察節奏判斷｜MA20：依觀察節奏判斷｜K棒：整理觀察K｜K線：整理收斂,K棒型態：整理觀察K｜K線結構：整理收斂,依原策略執行，技術欄位用於確認節奏與風險。,8.8,A,起漲結構強,20D站上MA20｜MA20走平翻揚｜MA5站上MA10｜40D平台收斂｜短中均線糾結｜40D低點守住｜接近/站回MA60｜10D動能轉正,平台壓縮後轉強，可優先觀察起漲/試單。,v266.57.9,8.7,A,續強品質強,回檔不破前低｜低點墊高確認｜收盤守MA5｜續強確認：收盤未跌破MA5｜MA5仍在MA10上｜仍站MA20｜10D動能維持,回檔承接尚可，若原策略入選，可優先觀察延續。,v266.57.9,2.3,C,突破觀察,收盤接近高點｜短均多頭,有轉強跡象，但突破品質尚未完全成立。,v266.57.9,GENERIC,0.55,0.5,0.5,10.34,248.0,最後後處理補寫：原分數+結構前置+續強品質+突破品質；不覆蓋原策略,一般,9.199,v266.58.1,2026-05-09 00:25:47,觀察,否,,觀察,0,0,持續觀察,前狀態:nan→今日:觀察,NO,v266.60.2,9.199,30.0,0.0,0.0,0.0,13.16,226.0,20/40/60結構佳｜續強品質佳｜主力佈局語意,主力佈局優先,v266.61,2026-05-09 00:25:50,8.0,洗盤不破承接,無事件,等待下一次確認。,8.839,211,v266.62,2026-05-09 00:25:51,0.0,,NONE,513,-13,AVOID_CHASE,平台收斂｜過熱扣分,382
WATCH,2026-05-08,2026-05-11,8415,大國鋼,ENTRY,PRE,PRE,54.0,WAIT,BLOCK,False,34.35,0.0,0.0,8,波動壓縮 | 均線收斂 | 接近突破 | 結構尚可,BLOCK：超出本市場狀態可執行名額｜v266.57.9：結構：平台壓縮後轉強，可優先觀察起漲/試單。｜續強：回檔承接尚可，若原策略入選，可優先觀察延續。｜突破：有轉強跡象，但突破品質尚未完全成立。,91.11,,,HIGH,高流動性,47.94,455376.0,15642165600.000002,4.0,🔥 高度集中,85（🔥 高度集中）,法人偏多,籌碼偏集中但資料有限，可搭配技術面確認，不宜單獨重倉。,1,部分籌碼資料有限,📉 低信心,,,,224.0,138000.0,109776.0,248000.0,1.0,1,0.0,0.0,0.0,0.0,0,TPEX,⚪ 盤整觀望（等待方向）,中低,先觀察，不急進場；等突破、量能或均線方向出現。,2026-05-09 00:25:55,behavior_interpretation,,,,,,,,,,,,,,,,,,,,,,,,,,,,,,,,,,,,,,,,,,,,,,,,,,,,,,,,,,,,,,,,,,,,MA5：依試單節奏判斷,MA20：依試單節奏判斷,,,,,MA10：依試單節奏判斷,MA5：依試單節奏判斷,MA10：依試單節奏判斷,MA20：依試單節奏判斷,突破確認K,整理後轉強,整理後轉強,MA5：依試單節奏判斷｜MA10：依試單節奏判斷｜MA20：依試單節奏判斷｜K棒：突破確認K｜K線：整理後轉強,K棒型態：突破確認K｜K線結構：整理後轉強,依原策略執行，技術欄位用於確認節奏與風險。,11.8,A,起漲結構強,20D站上MA20｜MA20走平翻揚｜MA5站上MA10｜接近20日高｜40D平台收斂｜短中均線糾結｜40D低點守住｜接近/站回MA60｜MA60不再下彎｜站回60D區間中上｜10D動能轉正,平台壓縮後轉強，可優先觀察起漲/試單。,v266.57.9,10.0,A,續強品質強,回檔不破前低｜低點墊高確認｜收盤守MA5｜續強確認：收盤未跌破MA5｜回檔量縮｜MA5仍在MA10上｜仍站MA20｜10D動能維持,回檔承接尚可，若原策略入選，可優先觀察延續。,v266.57.9,3.8,C,突破觀察,收盤接近高點｜突破近5日高｜短均多頭,有轉強跡象，但突破品質尚未完全成立。,v266.57.9,GENERIC,0.55,0.5,0.5,13.39,101.0,最後後處理補寫：原分數+結構前置+續強品質+突破品質；不覆蓋原策略,一般,11.7,v266.58.1,2026-05-09 00:25:47,觀察,否,,觀察,0,0,持續觀察,首次追蹤:觀察,NO,v266.60.2,11.7,30.0,0.0,0.0,0.0,13.29,191.0,20/40/60結構佳｜續強品質佳｜主力佈局語意,主力佈局優先,v266.61,2026-05-09 00:25:50,8.0,洗盤不破承接,無事件,等待下一次確認。,10.59,116,v266.62,2026-05-09 00:25:51,0.0,,NONE,378,-13,AVOID_CHASE,平台收斂｜過熱扣分,383
WATCH,2026-05-08,2026-05-11,8435,鉅邁,ENTRY,PRE,PRE,54.0,WAIT,BLOCK,False,56.0,0.0,0.0,8,波動壓縮 | 均線收斂 | 接近突破 | 結構尚可,BLOCK：超出本市場狀態可執行名額｜v266.57.9：結構：平台壓縮後轉強，可優先觀察起漲/試單。｜續強：回檔承接尚可，若原策略入選，可優先觀察延續。｜突破：尚未形成乾淨突破，不急著升級。,73.05,,,HIGH,高流動性,11.61,21022.0,1177232000.0,0.0,🟡 普通,50（🟡 普通）,,籌碼普通或資料有限，需搭配技術面確認。,1,部分籌碼資料有限,📉 低信心,,,鉅邁,68.0,0.0,-68.0,0.0,0.0,1,0.0,0.0,0.0,0.0,0,TPEX,⚪ 盤整觀望（等待方向）,中低,先觀察，不急進場；等突破、量能或均線方向出現。,2026-05-09 00:25:55,behavior_interpretation,,,,,,,,,,,,,,,,,,,,,,,,,,,,,,,,,,,,,,,,,,,,,,,,,,,,,,,,,,,,,,,,,,,,MA5：依試單節奏判斷,MA20：依試單節奏判斷,,,,,MA10：依試單節奏判斷,MA5：依試單節奏判斷,MA10：依試單節奏判斷,MA20：依試單節奏判斷,突破確認K,整理後轉強,整理後轉強,MA5：依試單節奏判斷｜MA10：依試單節奏判斷｜MA20：依試單節奏判斷｜K棒：突破確認K｜K線：整理後轉強,K棒型態：突破確認K｜K線結構：整理後轉強,依原策略執行，技術欄位用於確認節奏與風險。,9.0,A,起漲結構強,MA5站上MA10｜接近20日高｜40D平台收斂｜短中均線糾結｜40D低點守住｜接近/站回MA60｜MA60不再下彎｜近5日量縮,平台壓縮後轉強，可優先觀察起漲/試單。,v266.57.9,8.2,A,續強品質強,回檔不破前低｜低點墊高確認｜收盤守MA5｜續強確認：收盤未跌破MA5｜回檔量縮｜MA5仍在MA10上,回檔承接尚可，若原策略入選，可優先觀察延續。,v266.57.9,-0.2,D,突破不足,短均多頭｜扣分:收盤位置偏弱,尚未形成乾淨突破，不急著升級。,v266.57.9,GENERIC,0.55,0.5,0.5,8.95,349.0,最後後處理補寫：原分數+結構前置+續強品質+突破品質；不覆蓋原策略,一般,7.339,v266.58.1,2026-05-09 00:25:47,觀察,否,,觀察,0,0,持續觀察,前狀態:nan→今日:觀察,NO,v266.60.2,7.339,30.0,0.0,0.0,0.0,12.854,356.0,20/40/60結構佳｜續強品質佳｜主力佈局語意,主力佈局優先,v266.61,2026-05-09 00:25:50,8.0,洗盤不破承接,無事件,等待下一次確認。,7.537,335,v266.62,2026-05-09 00:25:51,0.0,,NONE,160,-13,AVOID_CHASE,平台收斂｜過熱扣分,384
WATCH,2026-05-08,2026-05-11,7732,金興精密,ENTRY,PRE,PRE,54.0,WAIT,BLOCK,False,35.85,0.0,0.0,8,波動壓縮 | 均線收斂 | 接近突破 | 結構尚可,BLOCK：超出本市場狀態可執行名額｜v266.57.9：結構：平台壓縮後轉強，可優先觀察起漲/試單。｜續強：回檔承接尚可，若原策略入選，可優先觀察延續。｜突破：有轉強跡象，但突破品質尚未完全成立。,67.94,,,HIGH,高流動性,4.01,9000.0,322650000.0,4.0,🟡 普通,58（🟡 普通）,法人偏多,籌碼普通或資料有限，需搭配技術面確認。,1,部分籌碼資料有限,📉 低信心,,,,1000.0,0.0,0.0,1000.0,1.0,1,0.0,0.0,0.0,0.0,0,TWSE,⚪ 盤整觀望（等待方向）,中低,先觀察，不急進場；等突破、量能或均線方向出現。,2026-05-09 00:25:55,behavior_interpretation,,,,,,,,,,,,,,,,,,,,,,,,,,,,,,,,,,,,,,,,,,,,,,,,,,,,,,,,,,,,,,,,,,,,MA5：依試單節奏判斷,MA20：依試單節奏判斷,,,,,MA10：依試單節奏判斷,MA5：依試單節奏判斷,MA10：依試單節奏判斷,MA20：依試單節奏判斷,突破確認K,整理後轉強,整理後轉強,MA5：依試單節奏判斷｜MA10：依試單節奏判斷｜MA20：依試單節奏判斷｜K棒：突破確認K｜K線：整理後轉強,K棒型態：突破確認K｜K線結構：整理後轉強,依原策略執行，技術欄位用於確認節奏與風險。,11.6,A,起漲結構強,20D站上MA20｜MA20走平翻揚｜MA5站上MA10｜接近20日高｜40D平台收斂｜短中均線糾結｜40D低點守住｜接近/站回MA60｜近5日量縮｜5D動能轉正｜10D動能轉正,平台壓縮後轉強，可優先觀察起漲/試單。,v266.57.9,10.0,A,續強品質強,回檔不破前低｜低點墊高確認｜收盤守MA5｜回測守MA10｜回檔量縮｜MA5仍在MA10上｜仍站MA20｜10D動能維持,回檔承接尚可，若原策略入選，可優先觀察延續。,v266.57.9,3.8,C,突破觀察,紅K實體放大｜收盤接近高點｜短均多頭,有轉強跡象，但突破品質尚未完全成立。,v266.57.9,GENERIC,0.55,0.5,0.5,13.28,107.0,最後後處理補寫：原分數+結構前置+續強品質+突破品質；不覆蓋原策略,一般,11.61,v266.58.1,2026-05-09 00:25:47,觀察,否,,觀察,0,0,持續觀察,前狀態:nan→今日:觀察,NO,v266.60.2,11.61,30.0,0.0,0.0,0.0,13.281,194.0,20/40/60結構佳｜續強品質佳｜主力佈局語意,主力佈局優先,v266.61,2026-05-09 00:25:50,8.0,洗盤不破承接,無事件,等待下一次確認。,10.527,120,v266.62,2026-05-09 00:25:51,0.0,,NONE,374,-13,AVOID_CHASE,平台收斂｜過熱扣分,385
WATCH,2026-05-08,2026-05-11,6111,光聚晶電,ENTRY,PRE,PRE,54.0,WAIT,BLOCK,False,48.45,0.0,0.0,8,波動壓縮 | 均線收斂 | 接近突破 | 結構尚可,BLOCK：超出本市場狀態可執行名額｜v266.57.9：結構：平台壓縮後轉強，可優先觀察起漲/試單。｜續強：回檔承接尚可，若原策略入選，可優先觀察延續。｜突破：有轉強跡象，但突破品質尚未完全成立。,92.33,,,HIGH,高流動性,51.22,474187.0,22974360150.000004,4.0,🟢 偏集中,63（🟢 偏集中）,法人偏多,籌碼偏集中但資料有限，可搭配技術面確認，不宜單獨重倉。,1,部分籌碼資料有限,📉 低信心,,,,42072.0,374.0,-41698.0,748.0,1.0,1,0.0,0.0,0.0,0.0,0,TPEX,⚪ 盤整觀望（等待方向）,中低,先觀察，不急進場；等突破、量能或均線方向出現。,2026-05-09 00:25:55,behavior_interpretation,,,,,,,,,,,,,,,,,,,,,,,,,,,,,,,,,,,,,,,,,,,,,,,,,,,,,,,,,,,,,,,,,,,,MA5：依試單節奏判斷,MA20：依試單節奏判斷,,,,,MA10：依試單節奏判斷,MA5：依試單節奏判斷,MA10：依試單節奏判斷,MA20：依試單節奏判斷,突破確認K,整理後轉強,整理後轉強,MA5：依試單節奏判斷｜MA10：依試單節奏判斷｜MA20：依試單節奏判斷｜K棒：突破確認K｜K線：整理後轉強,K棒型態：突破確認K｜K線結構：整理後轉強,依原策略執行，技術欄位用於確認節奏與風險。,11.8,A,起漲結構強,20D站上MA20｜MA20走平翻揚｜MA5站上MA10｜40D平台收斂｜短中均線糾結｜40D低點守住｜接近/站回MA60｜MA60不再下彎｜站回60D區間中上｜近5日量縮｜10D動能轉正,平台壓縮後轉強，可優先觀察起漲/試單。,v266.57.9,10.0,A,續強品質強,回檔不破前低｜低點墊高確認｜收盤守MA5｜續強確認：收盤未跌破MA5｜回檔量縮｜MA5仍在MA10上｜仍站MA20｜10D動能維持,回檔承接尚可，若原策略入選，可優先觀察延續。,v266.57.9,3.8,C,突破觀察,收盤接近高點｜突破近5日高｜短均多頭,有轉強跡象，但突破品質尚未完全成立。,v266.57.9,GENERIC,0.55,0.5,0.5,13.39,101.0,最後後處理補寫：原分數+結構前置+續強品質+突破品質；不覆蓋原策略,一般,11.7,v266.58.1,2026-05-09 00:25:47,觀察,否,,觀察,0,0,持續觀察,首次追蹤:觀察,NO,v266.60.2,11.7,30.0,0.0,0.0,0.0,13.29,191.0,20/40/60結構佳｜續強品質佳｜主力佈局語意,主力佈局優先,v266.61,2026-05-09 00:25:50,8.0,洗盤不破承接,無事件,等待下一次確認。,10.59,117,v266.62,2026-05-09 00:25:51,0.0,,NONE,377,-13,AVOID_CHASE,平台收斂｜過熱扣分,386
TEST,2026-05-08,2026-05-11,6803,崑鼎,ENTRY,PRE,PRE,72.0,WAIT,BLOCK,False,289.5,0.0,0.0,3,波動壓縮 | 安靜吸籌 | 均線收斂 | 接近突破 | 結構尚可,BLOCK：超出本市場狀態可執行名額｜v266.57.9：結構：平台壓縮後轉強，可優先觀察起漲/試單。｜續強：回檔承接尚可，若原策略入選，可優先觀察延續。｜突破：有轉強跡象，但突破品質尚未完全成立。,97.47,,,HIGH,高流動性,43.98,131646.0,38111517000.0,0.0,🟡 普通,50（🟡 普通）,,籌碼普通或資料有限，需搭配技術面確認。,1,部分籌碼資料有限,📉 低信心,,,崑鼎,0.0,0.0,0.0,0.0,0.0,1,0.0,0.0,0.0,0.0,0,TPEX,🟡 洗盤吸籌／整理換手（結構未壞）,中高,不急追；等放量突破或站穩 MA10 / MA20 再提高權重。,2026-05-09 00:25:55,behavior_interpretation,,,,,,,,,,,,,,,,,,,,,,,,,,,,,,,,,,,,,,,,,,,,,,,,,,,,,,,,,,,,,,,,,,,,MA5：依試單節奏判斷,MA20：依試單節奏判斷,,,,,MA10：依試單節奏判斷,MA5：依試單節奏判斷,MA10：依試單節奏判斷,MA20：依試單節奏判斷,突破確認K,整理後轉強,整理後轉強,MA5：依試單節奏判斷｜MA10：依試單節奏判斷｜MA20：依試單節奏判斷｜K棒：突破確認K｜K線：整理後轉強,K棒型態：突破確認K｜K線結構：整理後轉強,依原策略執行，技術欄位用於確認節奏與風險。,8.8,A,起漲結構強,20D站上MA20｜MA5站上MA10｜接近20日高｜40D平台收斂｜短中均線糾結｜40D低點守住｜接近/站回MA60｜10D動能轉正,平台壓縮後轉強，可優先觀察起漲/試單。,v266.57.9,8.7,A,續強品質強,回檔不破前低｜低點墊高確認｜收盤守MA5｜續強確認：收盤未跌破MA5｜MA5仍在MA10上｜仍站MA20｜10D動能維持,回檔承接尚可，若原策略入選，可優先觀察延續。,v266.57.9,3.8,C,突破觀察,收盤接近高點｜突破近5日高｜短均多頭,有轉強跡象，但突破品質尚未完全成立。,v266.57.9,GENERIC,0.55,0.5,0.5,11.09,192.0,最後後處理補寫：原分數+結構前置+續強品質+突破品質；不覆蓋原策略,一般,9.094,v266.58.1,2026-05-09 00:25:47,觀察,否,,觀察,0,0,持續觀察,前狀態:nan→今日:觀察,NO,v266.60.2,9.094,30.0,0.0,0.0,0.0,13.569,151.0,20/40/60結構佳｜續強品質佳｜主力佈局語意,主力佈局優先,v266.61,2026-05-09 00:25:50,8.0,洗盤不破承接,無事件,等待下一次確認。,8.766,216,v266.62,2026-05-09 00:25:51,0.0,,NONE,508,-13,AVOID_CHASE,平台收斂｜過熱扣分,387
WATCH,2026-05-08,2026-05-11,7584,樂意,ENTRY,PRE,PRE,54.0,WAIT,BLOCK,False,33.25,0.0,0.0,8,波動壓縮 | 均線收斂 | 接近突破 | 結構尚可,BLOCK：超出本市場狀態可執行名額｜v266.57.9：結構：平台壓縮後轉強，可優先觀察起漲/試單。｜續強：回檔承接尚可，若原策略入選，可優先觀察延續。｜突破：有轉強跡象，但突破品質尚未完全成立。,67.82,,,HIGH,高流動性,3.79,9071.0,301610750.0,0.0,🟡 普通,50（🟡 普通）,,籌碼普通或資料有限，需搭配技術面確認。,1,部分籌碼資料有限,📉 低信心,,,,0.0,0.0,0.0,0.0,0.0,1,0.0,0.0,0.0,0.0,0,TPEX,⚪ 盤整觀望（等待方向）,中低,先觀察，不急進場；等突破、量能或均線方向出現。,2026-05-09 00:25:55,behavior_interpretation,,,,,,,,,,,,,,,,,,,,,,,,,,,,,,,,,,,,,,,,,,,,,,,,,,,,,,,,,,,,,,,,,,,,MA5：依試單節奏判斷,MA20：依試單節奏判斷,,,,,MA10：依試單節奏判斷,MA5：依試單節奏判斷,MA10：依試單節奏判斷,MA20：依試單節奏判斷,突破確認K,整理後轉強,整理後轉強,MA5：依試單節奏判斷｜MA10：依試單節奏判斷｜MA20：依試單節奏判斷｜K棒：突破確認K｜K線：整理後轉強,K棒型態：突破確認K｜K線結構：整理後轉強,依原策略執行，技術欄位用於確認節奏與風險。,8.8,A,起漲結構強,20D站上MA20｜MA5站上MA10｜接近20日高｜40D平台收斂｜短中均線糾結｜40D低點守住｜近5日量縮｜10D動能轉正,平台壓縮後轉強，可優先觀察起漲/試單。,v266.57.9,8.7,A,續強品質強,回檔不破前低｜低點墊高確認｜收盤守MA5｜續強確認：收盤未跌破MA5｜MA5仍在MA10上｜仍站MA20｜10D動能維持,回檔承接尚可，若原策略入選，可優先觀察延續。,v266.57.9,3.8,C,突破觀察,收盤接近高點｜突破近5日高｜短均多頭,有轉強跡象，但突破品質尚未完全成立。,v266.57.9,GENERIC,0.55,0.5,0.5,11.09,192.0,最後後處理補寫：原分數+結構前置+續強品質+突破品質；不覆蓋原策略,一般,9.094,v266.58.1,2026-05-09 00:25:47,觀察,否,,觀察,0,0,持續觀察,前狀態:nan→今日:觀察,NO,v266.60.2,9.094,30.0,0.0,0.0,0.0,13.029,265.0,20/40/60結構佳｜續強品質佳｜主力佈局語意,主力佈局優先,v266.61,2026-05-09 00:25:50,8.0,洗盤不破承接,無事件,等待下一次確認。,8.766,213,v266.62,2026-05-09 00:25:51,0.0,,NONE,511,-13,AVOID_CHASE,平台收斂｜過熱扣分,388
WATCH,2026-05-08,2026-05-11,6870,騰雲,ENTRY,PRE,PRE,54.0,WAIT,BLOCK,False,188.0,0.0,0.0,8,波動壓縮 | 均線收斂 | 接近突破 | 結構尚可,BLOCK：超出本市場狀態可執行名額｜v266.57.9：結構：平台壓縮後轉強，可優先觀察起漲/試單。｜續強：回檔承接尚可，若原策略入選，可優先觀察延續。｜突破：有轉強跡象，但突破品質尚未完全成立。,85.27,,,HIGH,高流動性,38.34,109025.0,20496700000.0,0.0,🟡 普通,50（🟡 普通）,,籌碼普通或資料有限，需搭配技術面確認。,1,部分籌碼資料有限,📉 低信心,,,,0.0,0.0,0.0,0.0,0.0,1,0.0,0.0,0.0,0.0,0,TPEX,⚪ 盤整觀望（等待方向）,中低,先觀察，不急進場；等突破、量能或均線方向出現。,2026-05-09 00:25:55,behavior_interpretation,,,,,,,,,,,,,,,,,,,,,,,,,,,,,,,,,,,,,,,,,,,,,,,,,,,,,,,,,,,,,,,,,,,,MA5：依試單節奏判斷,MA20：依試單節奏判斷,,,,,MA10：依試單節奏判斷,MA5：依試單節奏判斷,MA10：依試單節奏判斷,MA20：依試單節奏判斷,突破確認K,整理後轉強,整理後轉強,MA5：依試單節奏判斷｜MA10：依試單節奏判斷｜MA20：依試單節奏判斷｜K棒：突破確認K｜K線：整理後轉強,K棒型態：突破確認K｜K線結構：整理後轉強,依原策略執行，技術欄位用於確認節奏與風險。,8.8,A,起漲結構強,20D站上MA20｜MA20走平翻揚｜MA5站上MA10｜40D平台收斂｜短中均線糾結｜40D低點守住｜接近/站回MA60｜10D動能轉正,平台壓縮後轉強，可優先觀察起漲/試單。,v266.57.9,8.7,A,續強品質強,回檔不破前低｜低點墊高確認｜收盤守MA5｜續強確認：收盤未跌破MA5｜MA5仍在MA10上｜仍站MA20｜10D動能維持,回檔承接尚可，若原策略入選，可優先觀察延續。,v266.57.9,3.8,C,突破觀察,收盤接近高點｜突破近5日高｜短均多頭,有轉強跡象，但突破品質尚未完全成立。,v266.57.9,GENERIC,0.55,0.5,0.5,11.09,192.0,最後後處理補寫：原分數+結構前置+續強品質+突破品質；不覆蓋原策略,一般,9.094,v266.58.1,2026-05-09 00:25:47,觀察,否,,觀察,0,0,持續觀察,前狀態:nan→今日:觀察,NO,v266.60.2,9.094,30.0,0.0,0.0,0.0,13.029,265.0,20/40/60結構佳｜續強品質佳｜主力佈局語意,主力佈局優先,v266.61,2026-05-09 00:25:50,8.0,洗盤不破承接,無事件,等待下一次確認。,8.766,214,v266.62,2026-05-09 00:25:51,0.0,,NONE,510,-13,AVOID_CHASE,平台收斂｜過熱扣分,389
WATCH,2026-05-08,2026-05-11,3570,大塚,ENTRY,PRE,PRE,54.0,WAIT,BLOCK,False,166.5,0.0,0.0,8,波動壓縮 | 均線收斂 | 接近突破 | 結構尚可,BLOCK：超出本市場狀態可執行名額｜v266.57.9：結構：平台壓縮後轉強，可優先觀察起漲/試單。｜續強：回檔承接尚可，若原策略入選，可優先觀察延續。｜突破：有轉強跡象，但突破品質尚未完全成立。,80.53,,,HIGH,高流動性,28.18,55029.0,9162328500.0,0.0,🟡 普通,50（🟡 普通）,,籌碼普通或資料有限，需搭配技術面確認。,0,法人/融資資料有限,📉 低信心,,,大塚,0.0,0.0,0.0,0.0,0.0,0,0.0,0.0,0.0,0.0,0,,⚪ 盤整觀望（等待方向）,中低,先觀察，不急進場；等突破、量能或均線方向出現。,2026-05-09 00:25:55,behavior_interpretation,,,,,,,,,,,,,,,,,,,,,,,,,,,,,,,,,,,,,,,,,,,,,,,,,,,,,,,,,,,,,,,,,,,,MA5：依試單節奏判斷,MA20：依試單節奏判斷,,,,,MA10：依試單節奏判斷,MA5：依試單節奏判斷,MA10：依試單節奏判斷,MA20：依試單節奏判斷,突破確認K,整理後轉強,整理後轉強,MA5：依試單節奏判斷｜MA10：依試單節奏判斷｜MA20：依試單節奏判斷｜K棒：突破確認K｜K線：整理後轉強,K棒型態：突破確認K｜K線結構：整理後轉強,依原策略執行，技術欄位用於確認節奏與風險。,8.8,A,起漲結構強,20D站上MA20｜MA5站上MA10｜接近20日高｜40D平台收斂｜短中均線糾結｜40D低點守住｜接近/站回MA60｜10D動能轉正,平台壓縮後轉強，可優先觀察起漲/試單。,v266.57.9,8.7,A,續強品質強,回檔不破前低｜低點墊高確認｜收盤守MA5｜續強確認：收盤未跌破MA5｜MA5仍在MA10上｜仍站MA20｜10D動能維持,回檔承接尚可，若原策略入選，可優先觀察延續。,v266.57.9,3.8,C,突破觀察,收盤接近高點｜突破近5日高｜短均多頭,有轉強跡象，但突破品質尚未完全成立。,v266.57.9,GENERIC,0.55,0.5,0.5,11.09,192.0,最後後處理補寫：原分數+結構前置+續強品質+突破品質；不覆蓋原策略,一般,9.094,v266.58.1,2026-05-09 00:25:47,觀察,否,,觀察,0,0,持續觀察,前狀態:nan→今日:觀察,NO,v266.60.2,9.094,30.0,0.0,0.0,0.0,13.029,265.0,20/40/60結構佳｜續強品質佳｜主力佈局語意,主力佈局優先,v266.61,2026-05-09 00:25:50,8.0,洗盤不破承接,無事件,等待下一次確認。,8.766,215,v266.62,2026-05-09 00:25:51,0.0,,NONE,509,-13,AVOID_CHASE,平台收斂｜過熱扣分,390
TEST,2026-05-08,2026-05-11,2636,台驊控股,ENTRY,PRE,PRE,72.0,WAIT,BLOCK,False,67.7,0.0,0.0,3,波動壓縮 | 安靜吸籌 | 均線收斂 | 接近突破 | 結構尚可,BLOCK：超出本市場狀態可執行名額｜v266.57.9：結構：平台壓縮後轉強，可優先觀察起漲/試單。｜續強：回檔承接尚可，若原策略入選，可優先觀察延續。｜突破：尚未形成乾淨突破，不急著升級。,101.86,,,HIGH,高流動性,50.99,400439.0,27109720300.0,0.0,⚠️ 分散,34（⚠️ 分散）,,籌碼普通或資料有限，需搭配技術面確認。,1,部分籌碼資料有限,📉 低信心,,,台驊控股,-15000.0,0.0,0.0,-15000.0,0.0,1,0.0,0.0,0.0,0.0,0,TWSE,🟡 洗盤吸籌／整理換手（結構未壞）,中高,不急追；等放量突破或站穩 MA10 / MA20 再提高權重。,2026-05-09 00:25:55,behavior_interpretation,,,,,,,,,,,,,,,,,,,,,,,,,,,,,,,,,,,,,,,,,,,,,,,,,,,,,,,,,,,,,,,,,,,,MA5：依試單節奏判斷,MA20：依試單節奏判斷,,,,,MA10：依試單節奏判斷,MA5：依試單節奏判斷,MA10：依試單節奏判斷,MA20：依試單節奏判斷,突破確認K,整理後轉強,整理後轉強,MA5：依試單節奏判斷｜MA10：依試單節奏判斷｜MA20：依試單節奏判斷｜K棒：突破確認K｜K線：整理後轉強,K棒型態：突破確認K｜K線結構：整理後轉強,依原策略執行，技術欄位用於確認節奏與風險。,12.0,A,起漲結構強,20D站上MA20｜MA5站上MA10｜接近20日高｜40D平台收斂｜短中均線糾結｜40D低點守住｜接近/站回MA60｜MA60不再下彎｜站回60D區間中上｜量縮後溫和放量｜5D動能轉正,平台壓縮後轉強，可優先觀察起漲/試單。,v266.57.9,9.2,A,續強品質強,回檔不破前低｜低點墊高確認｜收盤守MA5｜續強確認：收盤未跌破MA5｜回檔量縮｜MA5仍在MA10上｜仍站MA20,回檔承接尚可，若原策略入選，可優先觀察延續。,v266.57.9,-0.2,D,突破不足,短均多頭｜扣分:收盤位置偏弱,尚未形成乾淨突破，不急著升級。,v266.57.9,GENERIC,0.55,0.5,0.5,11.1,191.0,最後後處理補寫：原分數+結構前置+續強品質+突破品質；不覆蓋原策略,一般,9.102,v266.58.1,2026-05-09 00:25:47,觀察,否,,觀察,0,0,持續觀察,前狀態:nan→今日:觀察,NO,v266.60.2,9.102,30.0,0.0,0.0,0.0,13.57,150.0,20/40/60結構佳｜續強品質佳｜主力佈局語意,主力佈局優先,v266.61,2026-05-09 00:25:50,8.0,洗盤不破承接,無事件,等待下一次確認。,8.771,212,v266.62,2026-05-09 00:25:51,0.0,,NONE,512,-13,AVOID_CHASE,平台收斂｜過熱扣分,391
WATCH,2026-05-08,2026-05-11,6856,,ENTRY,PRE,PRE,54.0,WAIT,BLOCK,False,50.9,0.0,0.0,8,波動壓縮 | 均線收斂 | 接近突破 | 結構尚可,BLOCK：超出本市場狀態可執行名額｜v266.57.9：結構：平台壓縮後轉強，可優先觀察起漲/試單。｜續強：回檔承接尚可，若原策略入選，可優先觀察延續。,63.5,,,HIGH,高流動性,1.27,2105.0,107144500.0,0.0,🟡 普通,50（🟡 普通）,,籌碼普通或資料有限，需搭配技術面確認。,0,法人/融資資料有限,📉 低信心,,,,0.0,0.0,0.0,0.0,0.0,0,0.0,0.0,0.0,0.0,0,,⚪ 盤整觀望（等待方向）,中低,先觀察，不急進場；等突破、量能或均線方向出現。,2026-05-09 00:25:55,behavior_interpretation,,,,,,,,,,,,,,,,,,,,,,,,,,,,,,,,,,,,,,,,,,,,,,,,,,,,,,,,,,,,,,,,,,,,MA5：依試單節奏判斷,MA20：依試單節奏判斷,,,,,MA10：依試單節奏判斷,MA5：依試單節奏判斷,MA10：依試單節奏判斷,MA20：依試單節奏判斷,突破確認K,整理後轉強,整理後轉強,MA5：依試單節奏判斷｜MA10：依試單節奏判斷｜MA20：依試單節奏判斷｜K棒：突破確認K｜K線：整理後轉強,K棒型態：突破確認K｜K線結構：整理後轉強,依原策略執行，技術欄位用於確認節奏與風險。,7.8,B,起漲結構中,MA5站上MA10｜接近20日高｜40D平台收斂｜短中均線糾結｜40D低點守住｜接近/站回MA60｜10D動能轉正,平台壓縮後轉強，可優先觀察起漲/試單。,v266.57.9,9.2,A,續強品質強,回檔不破前低｜低點墊高確認｜收盤守MA5｜續強確認：收盤未跌破MA5｜回檔量縮｜MA5仍在MA10上｜10D動能維持,回檔承接尚可，若原策略入選，可優先觀察延續。,v266.57.9,,,,,,,GENERIC,0.55,0.5,0.5,8.89,355.0,最後後處理補寫：原分數+結構前置+續強品質+突破品質；不覆蓋原策略,一般,7.29,v266.58.1,2026-05-09 00:25:47,觀察,否,,觀察,0,0,持續觀察,前狀態:nan→今日:觀察,NO,v266.60.2,7.29,30.0,0.0,0.0,0.0,12.849,359.0,20/40/60結構佳｜續強品質佳｜主力佈局語意,主力佈局優先,v266.61,2026-05-09 00:25:50,8.0,洗盤不破承接,無事件,等待下一次確認。,7.503,337,v266.62,2026-05-09 00:25:51,0.0,,NONE,172,-13,AVOID_CHASE,平台收斂｜過熱扣分,392
WATCH,2026-05-08,2026-05-11,4550,長佳,ENTRY,PRE,PRE,54.0,WAIT,BLOCK,False,24.45,0.0,0.0,8,波動壓縮 | 均線收斂 | 接近突破 | 結構尚可,BLOCK：超出本市場狀態可執行名額｜v266.57.9：結構：平台壓縮後轉強，可優先觀察起漲/試單。｜續強：回檔承接尚可，若原策略入選，可優先觀察延續。｜突破：尚未形成乾淨突破，不急著升級。,69.02,,,HIGH,高流動性,5.06,13475.0,329463750.0,0.0,🟡 普通,50（🟡 普通）,,籌碼普通或資料有限，需搭配技術面確認。,1,部分籌碼資料有限,📉 低信心,,,,0.0,0.0,0.0,0.0,0.0,1,0.0,0.0,0.0,0.0,0,TPEX,⚪ 盤整觀望（等待方向）,中低,先觀察，不急進場；等突破、量能或均線方向出現。,2026-05-09 00:25:55,behavior_interpretation,,,,,,,,,,,,,,,,,,,,,,,,,,,,,,,,,,,,,,,,,,,,,,,,,,,,,,,,,,,,,,,,,,,,MA5：依試單節奏判斷,MA20：依試單節奏判斷,,,,,MA10：依試單節奏判斷,MA5：依試單節奏判斷,MA10：依試單節奏判斷,MA20：依試單節奏判斷,突破確認K,整理後轉強,整理後轉強,MA5：依試單節奏判斷｜MA10：依試單節奏判斷｜MA20：依試單節奏判斷｜K棒：突破確認K｜K線：整理後轉強,K棒型態：突破確認K｜K線結構：整理後轉強,依原策略執行，技術欄位用於確認節奏與風險。,8.0,A,起漲結構強,MA5站上MA10｜接近20日高｜40D平台收斂｜短中均線糾結｜40D低點守住｜接近/站回MA60｜近5日量縮,平台壓縮後轉強，可優先觀察起漲/試單。,v266.57.9,8.2,A,續強品質強,回檔不破前低｜低點墊高確認｜收盤守MA5｜續強確認：收盤未跌破MA5｜回檔量縮｜MA5仍在MA10上,回檔承接尚可，若原策略入選，可優先觀察延續。,v266.57.9,1.3,D,突破不足,突破近5日高｜短均多頭｜扣分:收盤位置偏弱,尚未形成乾淨突破，不急著升級。,v266.57.9,GENERIC,0.55,0.5,0.5,9.15,335.0,最後後處理補寫：原分數+結構前置+續強品質+突破品質；不覆蓋原策略,一般,7.503,v266.58.1,2026-05-09 00:25:47,觀察,否,,觀察,0,0,持續觀察,前狀態:nan→今日:觀察,NO,v266.60.2,7.503,30.0,0.0,0.0,0.0,12.87,349.0,20/40/60結構佳｜續強品質佳｜主力佈局語意,主力佈局優先,v266.61,2026-05-09 00:25:50,8.0,洗盤不破承接,無事件,等待下一次確認。,7.652,327,v266.62,2026-05-09 00:25:51,0.0,,NONE,168,-13,AVOID_CHASE,平台收斂｜過熱扣分,393
WATCH,2026-05-08,2026-05-11,9943,好樂迪,ENTRY,PRE,PRE,54.0,WAIT,BLOCK,False,56.5,0.0,0.0,8,波動壓縮 | 均線收斂 | 接近突破 | 結構尚可,BLOCK：超出本市場狀態可執行名額｜v266.57.9：結構：平台壓縮後轉強，可優先觀察起漲/試單。｜續強：回檔承接尚可，若原策略入選，可優先觀察延續。｜突破：尚未形成乾淨突破，不急著升級。,78.63,,,HIGH,高流動性,22.18,61800.0,3491700000.0,0.0,⚠️ 分散,40（⚠️ 分散）,,籌碼普通或資料有限，需搭配技術面確認。,1,部分籌碼資料有限,📉 低信心,,,好樂迪,-5000.0,0.0,0.0,-5000.0,0.0,1,0.0,0.0,0.0,0.0,0,TWSE,⚪ 盤整觀望（等待方向）,中低,先觀察，不急進場；等突破、量能或均線方向出現。,2026-05-09 00:25:55,behavior_interpretation,,,,,,,,,,,,,,,,,,,,,,,,,,,,,,,,,,,,,,,,,,,,,,,,,,,,,,,,,,,,,,,,,,,,MA5：依試單節奏判斷,MA20：依試單節奏判斷,,,,,MA10：依試單節奏判斷,MA5：依試單節奏判斷,MA10：依試單節奏判斷,MA20：依試單節奏判斷,突破確認K,整理後轉強,整理後轉強,MA5：依試單節奏判斷｜MA10：依試單節奏判斷｜MA20：依試單節奏判斷｜K棒：突破確認K｜K線：整理後轉強,K棒型態：突破確認K｜K線結構：整理後轉強,依原策略執行，技術欄位用於確認節奏與風險。,9.6,A,起漲結構強,MA5站上MA10｜接近20日高｜40D平台收斂｜短中均線糾結｜40D低點守住｜接近/站回MA60｜近5日量縮｜5D動能轉正｜10D動能轉正,平台壓縮後轉強，可優先觀察起漲/試單。,v266.57.9,9.2,A,續強品質強,回檔不破前低｜低點墊高確認｜收盤守MA5｜續強確認：收盤未跌破MA5｜回檔量縮｜MA5仍在MA10上｜10D動能維持,回檔承接尚可，若原策略入選，可優先觀察延續。,v266.57.9,-0.2,D,突破不足,短均多頭｜扣分:收盤位置偏弱,尚未形成乾淨突破，不急著升級。,v266.57.9,GENERIC,0.55,0.5,0.5,9.78,294.0,最後後處理補寫：原分數+結構前置+續強品質+突破品質；不覆蓋原策略,一般,8.02,v266.58.1,2026-05-09 00:25:47,觀察,否,,觀察,0,0,持續觀察,前狀態:nan→今日:觀察,NO,v266.60.2,8.02,30.0,0.0,0.0,0.0,12.922,328.0,20/40/60結構佳｜續強品質佳｜主力佈局語意,主力佈局優先,v266.61,2026-05-09 00:25:50,8.0,洗盤不破承接,無事件,等待下一次確認。,8.014,301,v266.62,2026-05-09 00:25:51,0.0,,NONE,162,-13,AVOID_CHASE,平台收斂｜過熱扣分,394
TEST,2026-05-08,2026-05-11,2258,鴻華先進-創,ENTRY,PRE,PRE,66.0,WAIT,BLOCK,False,28.7,0.0,0.0,3,波動壓縮 | 安靜吸籌 | 均線收斂 | 放量吸收,BLOCK：超出本市場狀態可執行名額｜v266.57.9：結構：平台壓縮後轉強，可優先觀察起漲/試單。｜續強：回檔承接尚可，若原策略入選，可優先觀察延續。｜突破：尚未形成乾淨突破，不急著升級。,104.5,,,HIGH,高流動性,62.14,1295807.0,37189660900.0,0.0,⚠️ 分散,25（⚠️ 分散）,,籌碼偏弱且資料有限，避免重倉追高。,1,部分籌碼資料有限,📉 低信心,,,,-130000.0,0.0,23646.0,-106354.0,0.0,1,0.0,0.0,0.0,0.0,0,TWSE,🟡 洗盤吸籌／整理換手（結構未壞）,中高,不急追；等放量突破或站穩 MA10 / MA20 再提高權重。,2026-05-09 00:25:55,behavior_interpretation,,,,,,,,,,,,,,,,,,,,,,,,,,,,,,,,,,,,,,,,,,,,,,,,,,,,,,,,,,,,,,,,,,,,MA5：依試單節奏判斷,MA20：依試單節奏判斷,,,,,MA10：依試單節奏判斷,MA5：依試單節奏判斷,MA10：依試單節奏判斷,MA20：依試單節奏判斷,突破確認K,整理後轉強,整理後轉強,MA5：依試單節奏判斷｜MA10：依試單節奏判斷｜MA20：依試單節奏判斷｜K棒：突破確認K｜K線：整理後轉強,K棒型態：突破確認K｜K線結構：整理後轉強,依原策略執行，技術欄位用於確認節奏與風險。,7.8,B,起漲結構中,20D站上MA20｜MA20走平翻揚｜40D平台收斂｜短中均線糾結｜40D低點守住｜量縮後溫和放量｜5D動能轉正｜扣分:長上影壓力,平台壓縮後轉強，可優先觀察起漲/試單。,v266.57.9,7.0,A,續強品質強,回檔不破前低｜低點墊高確認｜收盤守MA5｜續強確認：收盤未跌破MA5｜回檔量縮｜仍站MA20｜扣分:長上影壓力,回檔承接尚可，若原策略入選，可優先觀察延續。,v266.57.9,0.2,D,突破不足,量能較前日放大｜MA5加速上彎｜扣分:收盤位置偏弱、上影偏長,尚未形成乾淨突破，不急著升級。,v266.57.9,GENERIC,0.55,0.5,0.5,7.89,409.0,最後後處理補寫：原分數+結構前置+續強品質+突破品質；不覆蓋原策略,一般,6.47,v266.58.1,2026-05-09 00:25:47,觀察,否,,觀察,0,0,持續觀察,前狀態:nan→今日:觀察,NO,v266.60.2,6.47,30.0,0.0,0.0,15.0,6.827,442.0,20/40/60結構佳｜續強品質佳｜主力佈局語意｜風險語意扣分,過熱降權,v266.61,2026-05-09 00:25:50,-4.0,洗盤不破承接｜假突破/出貨風險扣分,無事件,等待下一次確認。,3.329,458,v266.62,2026-05-09 00:25:51,0.0,,NONE,173,-18,AVOID_CHASE,平台收斂｜風險文字,395
TEST,2026-05-08,2026-05-11,2468,華經,ENTRY,PRE,PRE,66.0,WAIT,BLOCK,False,35.8,0.0,0.0,3,波動壓縮 | 安靜吸籌 | 均線收斂 | 放量吸收,BLOCK：超出本市場狀態可執行名額｜v266.57.9：結構：平台壓縮後轉強，可優先觀察起漲/試單。｜續強：回檔承接尚可，若原策略入選，可優先觀察延續。｜突破：尚未形成乾淨突破，不急著升級。,103.93,,,HIGH,高流動性,61.23,1120561.0,40116083800.0,4.0,🟢 偏集中,66（🟢 偏集中）,法人偏多,籌碼偏集中但資料有限，可搭配技術面確認，不宜單獨重倉。,1,部分籌碼資料有限,📉 低信心,,,,17000.0,0.0,0.0,17000.0,1.0,1,0.0,0.0,0.0,0.0,0,TWSE,🟡 洗盤吸籌／整理換手（結構未壞）,中高,不急追；等放量突破或站穩 MA10 / MA20 再提高權重。,2026-05-09 00:25:55,behavior_interpretation,,,,,,,,,,,,,,,,,,,,,,,,,,,,,,,,,,,,,,,,,,,,,,,,,,,,,,,,,,,,,,,,,,,,MA5：依試單節奏判斷,MA20：依試單節奏判斷,,,,,MA10：依試單節奏判斷,MA5：依試單節奏判斷,MA10：依試單節奏判斷,MA20：依試單節奏判斷,突破確認K,整理後轉強,整理後轉強,MA5：依試單節奏判斷｜MA10：依試單節奏判斷｜MA20：依試單節奏判斷｜K棒：突破確認K｜K線：整理後轉強,K棒型態：突破確認K｜K線結構：整理後轉強,依原策略執行，技術欄位用於確認節奏與風險。,7.1,B,起漲結構中,20D站上MA20｜MA20走平翻揚｜MA5站上MA10｜40D平台收斂｜短中均線糾結｜40D低點守住｜接近/站回MA60｜5D動能轉正｜10D動能轉正｜扣分:單日爆量偏高、長上影壓力,平台壓縮後轉強，可優先觀察起漲/試單。,v266.57.9,7.7,A,續強品質強,回檔不破前低｜低點墊高確認｜收盤守MA5｜續強確認：收盤未跌破MA5｜MA5仍在MA10上｜仍站MA20｜10D動能維持｜扣分:長上影壓力,回檔承接尚可，若原策略入選，可優先觀察延續。,v266.57.9,-1.4,D,突破不足,短均多頭｜扣分:收盤位置偏弱、上影偏長,尚未形成乾淨突破，不急著升級。,v266.57.9,GENERIC,0.55,0.5,0.5,7.055,447.0,最後後處理補寫：原分數+結構前置+續強品質+突破品質；不覆蓋原策略,一般,6.505,v266.58.1,2026-05-09 00:25:47,觀察,否,,觀察,0,0,持續觀察,前狀態:nan→今日:觀察,NO,v266.60.2,6.505,30.0,0.0,0.0,15.0,6.831,441.0,20/40/60結構佳｜續強品質佳｜主力佈局語意｜風險語意扣分,過熱降權,v266.61,2026-05-09 00:25:50,-4.0,洗盤不破承接｜假突破/出貨風險扣分,無事件,等待下一次確認。,3.353,457,v266.62,2026-05-09 00:25:51,0.0,,NONE,174,-18,AVOID_CHASE,平台收斂｜風險文字,396
WATCH,2026-05-08,2026-05-11,4771,望隼,ENTRY,PRE,PRE,54.0,WAIT,BLOCK,False,187.5,0.0,0.0,8,安靜吸籌 | 均線收斂 | 放量吸收 | 結構尚可,BLOCK：超出本市場狀態可執行名額｜v266.57.9：結構：平台壓縮後轉強，可優先觀察起漲/試單。｜續強：續強品質不足或有假突破壓力，避免追高。｜突破：尚未形成乾淨突破，不急著升級。,92.12,,,HIGH,高流動性,52.85,302515.0,56721562500.0,-6.0,⚠️ 分散,38（⚠️ 分散）,籌碼風險,籌碼普通或資料有限，需搭配技術面確認。,1,部分籌碼資料有限,📉 低信心,,,,-7000.0,0.0,0.0,-7000.0,0.0,1,0.0,0.0,0.0,0.0,0,TWSE,🟡 洗盤吸籌／整理換手（結構未壞）,中高,不急追；等放量突破或站穩 MA10 / MA20 再提高權重。,2026-05-09 00:25:55,behavior_interpretation,,,,,,,,,,,,,,,,,,,,,,,,,,,,,,,,,,,,,,,,,,,,,,,,,,,,,,,,,,,,,,,,,,,,MA5：依觀察節奏判斷,MA20：依觀察節奏判斷,,,,,MA10：依觀察節奏判斷,MA5：依觀察節奏判斷,MA10：依觀察節奏判斷,MA20：依觀察節奏判斷,整理觀察K,整理收斂,整理收斂,MA5：依觀察節奏判斷｜MA10：依觀察節奏判斷｜MA20：依觀察節奏判斷｜K棒：整理觀察K｜K線：整理收斂,K棒型態：整理觀察K｜K線結構：整理收斂,依原策略執行，技術欄位用於確認節奏與風險。,10.0,A,起漲結構強,MA20走平翻揚｜40D平台收斂｜短中均線糾結｜40D低點守住｜接近/站回MA60｜MA60不再下彎｜站回60D區間中上｜量縮後溫和放量,平台壓縮後轉強，可優先觀察起漲/試單。,v266.57.9,3.5,C,續強觀察,回檔不破前低｜低點墊高確認｜收盤守MA5｜扣分:跌破短均,續強品質不足或有假突破壓力，避免追高。,v266.57.9,-1.0,D,突破不足,扣分:收盤位置偏弱,尚未形成乾淨突破，不急著升級。,v266.57.9,GENERIC,0.55,0.5,0.5,6.75,462.0,最後後處理補寫：原分數+結構前置+續強品質+突破品質；不覆蓋原策略,籌碼風險,4.455,v266.58.1,2026-05-09 00:25:47,出貨疑慮,否,籌碼轉弱,出貨疑慮,-2,-15,降級風險,前狀態:nan→今日:出貨疑慮｜狀態降級,RISK,v266.60.2,-0.795,22.0,0.0,0.0,15.0,3.203,482.0,20/40/60結構佳｜主力佈局語意｜風險語意扣分,過熱降權,v266.61,2026-05-09 00:25:50,-4.0,洗盤不破承接｜假突破/出貨風險扣分,無事件,等待下一次確認。,-1.756,488,v266.62,2026-05-09 00:25:51,0.0,,NONE,175,-18,AVOID_CHASE,平台收斂｜風險文字,397
TEST,2026-05-08,2026-05-11,3629,地心引力,ENTRY,PRE,PRE,66.0,WAIT,BLOCK,False,16.6,0.0,0.0,3,波動壓縮 | 安靜吸籌 | 均線收斂 | 放量吸收,BLOCK：超出本市場狀態可執行名額｜v266.57.9：結構：結構證據不足，保留原策略但降低信心。｜續強：回檔承接尚可，若原策略入選，可優先觀察延續。｜突破：有轉強跡象，但突破品質尚未完全成立。,77.57,,,HIGH,高流動性,7.6,22975.0,381385000.00000006,-6.0,🟡 普通,50（🟡 普通）,籌碼風險,籌碼普通或資料有限，需搭配技術面確認。,0,法人/融資資料有限,📉 低信心,,,,0.0,0.0,0.0,0.0,0.0,0,0.0,0.0,0.0,0.0,0,,🟡 洗盤吸籌／整理換手（結構未壞）,中高,不急追；等放量突破或站穩 MA10 / MA20 再提高權重。,2026-05-09 00:25:55,behavior_interpretation,,,,,,,,,,,,,,,,,,,,,,,,,,,,,,,,,,,,,,,,,,,,,,,,,,,,,,,,,,,,,,,,,,,,MA5：依試單節奏判斷,MA20：依試單節奏判斷,,,,,MA10：依試單節奏判斷,MA5：依試單節奏判斷,MA10：依試單節奏判斷,MA20：依試單節奏判斷,突破確認K,整理後轉強,整理後轉強,MA5：依試單節奏判斷｜MA10：依試單節奏判斷｜MA20：依試單節奏判斷｜K棒：突破確認K｜K線：整理後轉強,K棒型態：突破確認K｜K線結構：整理後轉強,依原策略執行，技術欄位用於確認節奏與風險。,3.3,D,結構偏弱,MA5站上MA10｜短中均線糾結｜10D動能轉正,結構證據不足，保留原策略但降低信心。,v266.57.9,7.7,A,續強品質強,回檔不破前低｜低點墊高確認｜收盤守MA5｜續強確認：收盤未跌破MA5｜MA5仍在MA10上｜10D動能維持,回檔承接尚可，若原策略入選，可優先觀察延續。,v266.57.9,2.3,C,突破觀察,突破近5日高｜短均多頭,有轉強跡象，但突破品質尚未完全成立。,v266.57.9,GENERIC,0.55,0.5,0.5,6.815,457.0,最後後處理補寫：原分數+結構前置+續強品質+突破品質；不覆蓋原策略,籌碼風險,4.508,v266.58.1,2026-05-09 00:25:47,出貨疑慮,否,籌碼轉弱,出貨疑慮,-2,-15,降級風險,前狀態:nan→今日:出貨疑慮｜狀態降級,RISK,v266.60.2,-0.742,18.0,0.0,0.0,15.0,2.168,500.0,續強品質佳｜主力佈局語意｜風險語意扣分,過熱降權,v266.61,2026-05-09 00:25:50,-4.0,洗盤不破承接｜假突破/出貨風險扣分,無事件,等待下一次確認。,-1.719,487,v266.62,2026-05-09 00:25:51,0.0,,NONE,176,-18,AVOID_CHASE,平台收斂｜風險文字,398
WATCH,2026-05-08,2026-05-11,2427,三商電,ENTRY,PRE,PRE,52.0,WAIT,BLOCK,False,21.55,0.0,0.0,8,波動壓縮 | 安靜吸籌 | 均線收斂,BLOCK：超出本市場狀態可執行名額｜v266.57.9：結構：有過熱或假突破壓力，避免追高。｜續強：回檔承接尚可，若原策略入選，可優先觀察延續。｜突破：有轉強跡象，但突破品質尚未完全成立。,93.16,,,HIGH,高流動性,53.86,843956.0,18187251800.0,-6.0,⚠️ 分散,25（⚠️ 分散）,籌碼風險,籌碼偏弱且資料有限，避免重倉追高。,1,部分籌碼資料有限,📉 低信心,,,,-40000.0,0.0,0.0,-40000.0,0.0,1,0.0,0.0,0.0,0.0,0,TWSE,🟡 洗盤吸籌／整理換手（結構未壞）,中高,不急追；等放量突破或站穩 MA10 / MA20 再提高權重。,2026-05-09 00:25:55,behavior_interpretation,,,,,,,,,,,,,,,,,,,,,,,,,,,,,,,,,,,,,,,,,,,,,,,,,,,,,,,,,,,,,,,,,,,,MA5：依觀察節奏判斷,MA20：依觀察節奏判斷,,,,,MA10：依觀察節奏判斷,MA5：依觀察節奏判斷,MA10：依觀察節奏判斷,MA20：依觀察節奏判斷,整理觀察K,整理收斂,整理收斂,MA5：依觀察節奏判斷｜MA10：依觀察節奏判斷｜MA20：依觀察節奏判斷｜K棒：整理觀察K｜K線：整理收斂,K棒型態：整理觀察K｜K線結構：整理收斂,依原策略執行，技術欄位用於確認節奏與風險。,4.8,C,結構觀察,40D平台收斂｜短中均線糾結｜量縮後溫和放量｜5D動能轉正｜扣分:長上影壓力,有過熱或假突破壓力，避免追高。,v266.57.9,6.0,B,續強品質中,回檔不破前低｜低點墊高確認｜收盤守MA5｜續強確認：收盤未跌破MA5｜回檔量縮｜扣分:長上影壓力,回檔承接尚可，若原策略入選，可優先觀察延續。,v266.57.9,3.2,C,突破觀察,紅K實體放大｜量能較前日放大｜突破近5日高｜MA5加速上彎｜扣分:收盤位置偏弱、上影偏長,有轉強跡象，但突破品質尚未完全成立。,v266.57.9,GENERIC,0.55,0.5,0.5,7.24,436.0,最後後處理補寫：原分數+結構前置+續強品質+突破品質；不覆蓋原策略,籌碼風險,4.857,v266.58.1,2026-05-09 00:25:47,出貨疑慮,否,籌碼轉弱,出貨疑慮,-2,-15,降級風險,前狀態:nan→今日:出貨疑慮｜狀態降級,RISK,v266.60.2,-0.393,18.0,0.0,0.0,15.0,1.783,506.0,續強品質佳｜主力佈局語意｜風險語意扣分,過熱降權,v266.61,2026-05-09 00:25:50,-4.0,洗盤不破承接｜假突破/出貨風險扣分,無事件,等待下一次確認。,-1.475,484,v266.62,2026-05-09 00:25:51,0.0,,NONE,179,-18,AVOID_CHASE,平台收斂｜風險文字,399
TEST,2026-05-08,2026-05-11,6661,威健生技,ENTRY,PRE,PRE,72.0,WAIT,BLOCK,False,17.8,0.0,0.0,3,波動壓縮 | 安靜吸籌 | 均線收斂 | 接近突破 | 結構尚可,BLOCK：超出本市場狀態可執行名額｜v266.57.9：結構：結構證據不足，保留原策略但降低信心。｜續強：回檔承接尚可，若原策略入選，可優先觀察延續。｜突破：有轉強跡象，但突破品質尚未完全成立。,78.94,,,HIGH,高流動性,4.95,15302.0,272375600.00000006,-6.0,🟡 普通,50（🟡 普通）,籌碼風險,籌碼普通或資料有限，需搭配技術面確認。,0,法人/融資資料有限,📉 低信心,,,威健生技,0.0,0.0,0.0,0.0,0.0,0,0.0,0.0,0.0,0.0,0,,🟡 洗盤吸籌／整理換手（結構未壞）,中高,不急追；等放量突破或站穩 MA10 / MA20 再提高權重。,2026-05-09 00:25:55,behavior_interpretation,,,,,,,,,,,,,,,,,,,,,,,,,,,,,,,,,,,,,,,,,,,,,,,,,,,,,,,,,,,,,,,,,,,,MA5：依試單節奏判斷,MA20：依試單節奏判斷,,,,,MA10：依試單節奏判斷,MA5：依試單節奏判斷,MA10：依試單節奏判斷,MA20：依試單節奏判斷,突破確認K,整理後轉強,整理後轉強,MA5：依試單節奏判斷｜MA10：依試單節奏判斷｜MA20：依試單節奏判斷｜K棒：突破確認K｜K線：整理後轉強,K棒型態：突破確認K｜K線結構：整理後轉強,依原策略執行，技術欄位用於確認節奏與風險。,5.0,C,結構觀察,MA5站上MA10｜40D平台收斂｜短中均線糾結｜40D低點守住,結構證據不足，保留原策略但降低信心。,v266.57.9,6.7,B,續強品質中,回檔不破前低｜低點墊高確認｜收盤守MA5｜續強確認：收盤未跌破MA5｜MA5仍在MA10上,回檔承接尚可，若原策略入選，可優先觀察延續。,v266.57.9,2.3,C,突破觀察,收盤接近高點｜短均多頭,有轉強跡象，但突破品質尚未完全成立。,v266.57.9,GENERIC,0.55,0.5,0.5,7.25,435.0,最後後處理補寫：原分數+結構前置+續強品質+突破品質；不覆蓋原策略,籌碼風險,4.865,v266.58.1,2026-05-09 00:25:47,出貨疑慮,否,籌碼轉弱,出貨疑慮,-2,-15,降級風險,前狀態:nan→今日:出貨疑慮｜狀態降級,RISK,v266.60.2,-0.385,18.0,0.0,0.0,15.0,2.384,498.0,續強品質佳｜主力佈局語意｜風險語意扣分,過熱降權,v266.61,2026-05-09 00:25:50,-4.0,洗盤不破承接｜假突破/出貨風險扣分,無事件,等待下一次確認。,-1.47,483,v266.62,2026-05-09 00:25:51,0.0,,NONE,180,-18,AVOID_CHASE,平台收斂｜風險文字,400
WATCH,2026-05-08,2026-05-11,3310,佳穎,ENTRY,PRE,PRE,54.0,WAIT,BLOCK,False,68.9,0.0,0.0,8,波動壓縮 | 均線收斂 | 接近突破 | 結構尚可,BLOCK：超出本市場狀態可執行名額｜v266.57.9：結構：結構證據不足，保留原策略但降低信心。｜續強：回檔承接尚可，若原策略入選，可優先觀察延續。｜突破：尚未形成乾淨突破，不急著升級。,71.33,,,HIGH,高流動性,8.77,14060.0,968734000.0,-6.0,🟡 普通,50（🟡 普通）,籌碼風險,籌碼普通或資料有限，需搭配技術面確認。,1,部分籌碼資料有限,📉 低信心,,,佳穎,0.0,0.0,0.0,0.0,0.0,1,0.0,0.0,0.0,0.0,0,TPEX,⚪ 盤整觀望（等待方向）,中低,先觀察，不急進場；等突破、量能或均線方向出現。,2026-05-09 00:25:55,behavior_interpretation,,,,,,,,,,,,,,,,,,,,,,,,,,,,,,,,,,,,,,,,,,,,,,,,,,,,,,,,,,,,,,,,,,,,MA5：依試單節奏判斷,MA20：依試單節奏判斷,,,,,MA10：依試單節奏判斷,MA5：依試單節奏判斷,MA10：依試單節奏判斷,MA20：依試單節奏判斷,突破確認K,整理後轉強,整理後轉強,MA5：依試單節奏判斷｜MA10：依試單節奏判斷｜MA20：依試單節奏判斷｜K棒：突破確認K｜K線：整理後轉強,K棒型態：突破確認K｜K線結構：整理後轉強,依原策略執行，技術欄位用於確認節奏與風險。,5.8,C,結構觀察,MA5站上MA10｜40D平台收斂｜短中均線糾結｜近5日量縮｜10D動能轉正,結構證據不足，保留原策略但降低信心。,v266.57.9,7.7,A,續強品質強,回檔不破前低｜低點墊高確認｜收盤守MA5｜續強確認：收盤未跌破MA5｜MA5仍在MA10上｜10D動能維持,回檔承接尚可，若原策略入選，可優先觀察延續。,v266.57.9,0.8,D,突破不足,短均多頭,尚未形成乾淨突破，不急著升級。,v266.57.9,GENERIC,0.55,0.5,0.5,7.44,428.0,最後後處理補寫：原分數+結構前置+續強品質+突破品質；不覆蓋原策略,籌碼風險,5.021,v266.58.1,2026-05-09 00:25:47,出貨疑慮,否,籌碼轉弱,出貨疑慮,-2,-15,降級風險,前狀態:nan→今日:出貨疑慮｜狀態降級,RISK,v266.60.2,-0.229,8.0,0.0,0.0,15.0,-1.64,527.0,續強品質佳｜風險語意扣分,過熱降權,v266.61,2026-05-09 00:25:50,-4.0,洗盤不破承接｜假突破/出貨風險扣分,無事件,等待下一次確認。,-1.36,482,v266.62,2026-05-09 00:25:51,0.0,,NONE,181,-18,AVOID_CHASE,平台收斂｜風險文字,401
WATCH,2026-05-08,2026-05-11,6496,科懋,ENTRY,PRE,PRE,58.0,WAIT,BLOCK,False,24.45,0.0,0.0,8,波動壓縮 | 安靜吸籌 | 均線收斂 | 結構尚可,BLOCK：超出本市場狀態可執行名額｜v266.57.9：結構：結構證據不足，保留原策略但降低信心。｜續強：回檔承接尚可，若原策略入選，可優先觀察延續。｜突破：有轉強跡象，但突破品質尚未完全成立。,72.21,,,HIGH,高流動性,6.45,16303.0,398608350.0,-6.0,🟡 普通,50（🟡 普通）,籌碼風險,籌碼普通或資料有限，需搭配技術面確認。,1,部分籌碼資料有限,📉 低信心,,,科懋,0.0,0.0,0.0,0.0,0.0,1,0.0,0.0,0.0,0.0,0,TPEX,🟡 洗盤吸籌／整理換手（結構未壞）,中高,不急追；等放量突破或站穩 MA10 / MA20 再提高權重。,2026-05-09 00:25:55,behavior_interpretation,,,,,,,,,,,,,,,,,,,,,,,,,,,,,,,,,,,,,,,,,,,,,,,,,,,,,,,,,,,,,,,,,,,,MA5：依觀察節奏判斷,MA20：依觀察節奏判斷,,,,,MA10：依觀察節奏判斷,MA5：依觀察節奏判斷,MA10：依觀察節奏判斷,MA20：依觀察節奏判斷,整理觀察K,整理收斂,整理收斂,MA5：依觀察節奏判斷｜MA10：依觀察節奏判斷｜MA20：依觀察節奏判斷｜K棒：整理觀察K｜K線：整理收斂,K棒型態：整理觀察K｜K線結構：整理收斂,依原策略執行，技術欄位用於確認節奏與風險。,4.0,C,結構觀察,MA5站上MA10｜40D平台收斂｜短中均線糾結,結構證據不足，保留原策略但降低信心。,v266.57.9,6.7,B,續強品質中,回檔不破前低｜低點墊高確認｜收盤守MA5｜續強確認：收盤未跌破MA5｜MA5仍在MA10上,回檔承接尚可，若原策略入選，可優先觀察延續。,v266.57.9,3.8,C,突破觀察,收盤接近高點｜突破近5日高｜短均多頭,有轉強跡象，但突破品質尚未完全成立。,v266.57.9,GENERIC,0.55,0.5,0.5,7.45,425.0,最後後處理補寫：原分數+結構前置+續強品質+突破品質；不覆蓋原策略,籌碼風險,5.029,v266.58.1,2026-05-09 00:25:47,出貨疑慮,否,籌碼轉弱,出貨疑慮,-2,-15,降級風險,前狀態:nan→今日:出貨疑慮｜狀態降級,RISK,v266.60.2,-0.221,18.0,0.0,0.0,15.0,1.98,504.0,續強品質佳｜主力佈局語意｜風險語意扣分,過熱降權,v266.61,2026-05-09 00:25:50,-4.0,洗盤不破承接｜假突破/出貨風險扣分,無事件,等待下一次確認。,-1.355,481,v266.62,2026-05-09 00:25:51,0.0,,NONE,182,-18,AVOID_CHASE,平台收斂｜風險文字,402
WATCH,2026-05-08,2026-05-11,1439,雋揚,ENTRY,PRE,PRE,54.0,WAIT,BLOCK,False,26.85,0.0,0.0,8,波動壓縮 | 均線收斂 | 接近突破 | 結構尚可,BLOCK：超出本市場狀態可執行名額｜v266.57.9：結構：結構證據不足，保留原策略但降低信心。｜續強：回檔承接尚可，若原策略入選，可優先觀察延續。｜突破：有轉強跡象，但突破品質尚未完全成立。,70.31,,,HIGH,高流動性,6.91,16658.0,447267300.00000006,-6.0,⚠️ 分散,38（⚠️ 分散）,籌碼風險,籌碼普通或資料有限，需搭配技術面確認。,1,部分籌碼資料有限,📉 低信心,,,,-9000.0,0.0,0.0,-9000.0,0.0,1,0.0,0.0,0.0,0.0,0,TWSE,⚪ 盤整觀望（等待方向）,中低,先觀察，不急進場；等突破、量能或均線方向出現。,2026-05-09 00:25:55,behavior_interpretation,,,,,,,,,,,,,,,,,,,,,,,,,,,,,,,,,,,,,,,,,,,,,,,,,,,,,,,,,,,,,,,,,,,,MA5：依試單節奏判斷,MA20：依試單節奏判斷,,,,,MA10：依試單節奏判斷,MA5：依試單節奏判斷,MA10：依試單節奏判斷,MA20：依試單節奏判斷,突破確認K,整理後轉強,整理後轉強,MA5：依試單節奏判斷｜MA10：依試單節奏判斷｜MA20：依試單節奏判斷｜K棒：突破確認K｜K線：整理後轉強,K棒型態：突破確認K｜K線結構：整理後轉強,依原策略執行，技術欄位用於確認節奏與風險。,5.8,C,結構觀察,MA5站上MA10｜40D平台收斂｜短中均線糾結｜40D低點守住｜5D動能轉正,結構證據不足，保留原策略但降低信心。,v266.57.9,6.7,B,續強品質中,回檔不破前低｜低點墊高確認｜收盤守MA5｜續強確認：收盤未跌破MA5｜MA5仍在MA10上,回檔承接尚可，若原策略入選，可優先觀察延續。,v266.57.9,2.0,C,突破觀察,MA5加速上彎｜短均多頭,有轉強跡象，但突破品質尚未完全成立。,v266.57.9,GENERIC,0.55,0.5,0.5,7.54,423.0,最後後處理補寫：原分數+結構前置+續強品質+突破品質；不覆蓋原策略,籌碼風險,5.103,v266.58.1,2026-05-09 00:25:47,出貨疑慮,否,籌碼轉弱,出貨疑慮,-2,-15,降級風險,前狀態:nan→今日:出貨疑慮｜狀態降級,RISK,v266.60.2,-0.147,8.0,0.0,0.0,15.0,-1.632,526.0,續強品質佳｜風險語意扣分,過熱降權,v266.61,2026-05-09 00:25:50,-4.0,洗盤不破承接｜假突破/出貨風險扣分,無事件,等待下一次確認。,-1.303,480,v266.62,2026-05-09 00:25:51,0.0,,NONE,183,-18,AVOID_CHASE,平台收斂｜風險文字,403
TEST,2026-05-08,2026-05-11,7715,裕山,ENTRY,PRE,PRE,80.0,WAIT,BLOCK,False,28.2,0.0,0.0,3,波動壓縮 | 安靜吸籌 | 均線收斂 | 放量吸收 | 接近突破,BLOCK：超出本市場狀態可執行名額｜大盤中性 ：BUY 降級 TEST，控制追高｜v266.57.9：結構：結構證據不足，保留原策略但降低信心。｜續強：回檔承接尚可，若原策略入選，可優先觀察延續。｜突破：有轉強跡象，但突破品質尚未完全成立。,92.76,,,HIGH,高流動性,20.73,75017.0,2115479400.0,-6.0,🟡 普通,50（🟡 普通）,籌碼風險,籌碼普通或資料有限，需搭配技術面確認。,0,法人/融資資料有限,📉 低信心,,,,0.0,0.0,0.0,0.0,0.0,0,0.0,0.0,0.0,0.0,0,,🟡 洗盤吸籌／整理換手（結構未壞）,中高,不急追；等放量突破或站穩 MA10 / MA20 再提高權重。,2026-05-09 00:25:55,behavior_interpretation,,,,,,,,,,,,,,,,,,,,,,,,,,,,,,,,,,,,,,,,,,,,,,,,,,,,,,,,,,,,,,,,,,,,MA5：依試單節奏判斷,MA20：依試單節奏判斷,,,,,MA10：依試單節奏判斷,MA5：依試單節奏判斷,MA10：依試單節奏判斷,MA20：依試單節奏判斷,突破確認K,整理後轉強,整理後轉強,MA5：依試單節奏判斷｜MA10：依試單節奏判斷｜MA20：依試單節奏判斷｜K棒：突破確認K｜K線：整理後轉強,K棒型態：突破確認K｜K線結構：整理後轉強,依原策略執行，技術欄位用於確認節奏與風險。,5.0,C,結構觀察,MA5站上MA10｜40D平台收斂｜短中均線糾結｜40D低點守住,結構證據不足，保留原策略但降低信心。,v266.57.9,6.7,B,續強品質中,回檔不破前低｜低點墊高確認｜收盤守MA5｜續強確認：收盤未跌破MA5｜MA5仍在MA10上,回檔承接尚可，若原策略入選，可優先觀察延續。,v266.57.9,3.8,C,突破觀察,收盤接近高點｜突破近5日高｜短均多頭,有轉強跡象，但突破品質尚未完全成立。,v266.57.9,GENERIC,0.55,0.5,0.5,8.0,403.0,最後後處理補寫：原分數+結構前置+續強品質+突破品質；不覆蓋原策略,籌碼風險,5.48,v266.58.1,2026-05-09 00:25:47,出貨疑慮,否,籌碼轉弱,出貨疑慮,-2,-15,降級風險,前狀態:nan→今日:出貨疑慮｜狀態降級,RISK,v266.60.2,0.23,18.0,0.0,0.0,15.0,2.686,497.0,續強品質佳｜主力佈局語意｜風險語意扣分,過熱降權,v266.61,2026-05-09 00:25:50,-4.0,洗盤不破承接｜假突破/出貨風險扣分,無事件,等待下一次確認。,-1.039,478,v266.62,2026-05-09 00:25:51,0.0,,NONE,185,-18,AVOID_CHASE,平台收斂｜風險文字,404
WATCH,2026-05-08,2026-05-11,9931,欣高,ENTRY,PRE,PRE,54.0,WAIT,BLOCK,False,34.6,0.0,0.0,8,波動壓縮 | 均線收斂 | 接近突破 | 結構尚可,BLOCK：超出本市場狀態可執行名額｜v266.57.9：結構：結構證據不足，保留原策略但降低信心。｜續強：續強品質不足或有假突破壓力，避免追高。｜突破：尚未形成乾淨突破，不急著升級。,79.41,,,HIGH,高流動性,22.99,82492.0,2854223200.0,-6.0,⚠️ 分散,32（⚠️ 分散）,籌碼風險,籌碼普通或資料有限，需搭配技術面確認。,1,部分籌碼資料有限,📉 低信心,,,,-19000.0,0.0,0.0,-19000.0,0.0,1,0.0,0.0,0.0,0.0,0,TWSE,⚪ 盤整觀望（等待方向）,中低,先觀察，不急進場；等突破、量能或均線方向出現。,2026-05-09 00:25:55,behavior_interpretation,,,,,,,,,,,,,,,,,,,,,,,,,,,,,,,,,,,,,,,,,,,,,,,,,,,,,,,,,,,,,,,,,,,,MA5：依試單節奏判斷,MA20：依試單節奏判斷,,,,,MA10：依試單節奏判斷,MA5：依試單節奏判斷,MA10：依試單節奏判斷,MA20：依試單節奏判斷,突破確認K,整理後轉強,整理後轉強,MA5：依試單節奏判斷｜MA10：依試單節奏判斷｜MA20：依試單節奏判斷｜K棒：突破確認K｜K線：整理後轉強,K棒型態：突破確認K｜K線結構：整理後轉強,依原策略執行，技術欄位用於確認節奏與風險。,3.5,D,結構偏弱,短中均線糾結｜MA60不再下彎｜近5日量縮,結構證據不足，保留原策略但降低信心。,v266.57.9,2.5,D,續強偏弱,回檔不破前低｜收盤守MA5｜扣分:跌破短均,續強品質不足或有假突破壓力，避免追高。,v266.57.9,1.5,D,突破不足,收盤接近高點,尚未形成乾淨突破，不急著升級。,v266.57.9,GENERIC,0.55,0.5,0.5,3.925,522.0,最後後處理補寫：原分數+結構前置+續強品質+突破品質；不覆蓋原策略,籌碼風險,2.138,v266.58.1,2026-05-09 00:25:47,出貨疑慮,否,籌碼轉弱,出貨疑慮,-2,-15,降級風險,前狀態:nan→今日:出貨疑慮｜狀態降級,RISK,v266.60.2,-3.112,0.0,0.0,0.0,15.0,-4.729,536.0,風險語意扣分,過熱降權,v266.61,2026-05-09 00:25:50,-4.0,洗盤不破承接｜假突破/出貨風險扣分,無事件,等待下一次確認。,-3.378,522,v266.62,2026-05-09 00:25:51,0.0,,NONE,366,-18,AVOID_CHASE,平台收斂｜風險文字,405
WATCH,2026-05-08,2026-05-11,1532,勤美,ENTRY,PRE,PRE,52.0,WAIT,BLOCK,False,20.65,0.0,0.0,8,波動壓縮 | 安靜吸籌 | 均線收斂,BLOCK：超出本市場狀態可執行名額｜v266.57.9：結構：結構證據不足，保留原策略但降低信心。｜續強：續強品質不足或有假突破壓力，避免追高。｜突破：尚未形成乾淨突破，不急著升級。,94.07,,,HIGH,高流動性,55.74,977300.0,20181245000.0,-6.0,❌ 極度分散,15（❌ 極度分散）,籌碼風險,籌碼偏弱且資料有限，避免重倉追高。,1,部分籌碼資料有限,📉 低信心,,,勤美,9000.0,-255338.0,0.0,-246338.0,0.0,1,0.0,0.0,0.0,0.0,0,TWSE,🟡 洗盤吸籌／整理換手（結構未壞）,中高,不急追；等放量突破或站穩 MA10 / MA20 再提高權重。,2026-05-09 00:25:55,behavior_interpretation,,,,,,,,,,,,,,,,,,,,,,,,,,,,,,,,,,,,,,,,,,,,,,,,,,,,,,,,,,,,,,,,,,,,MA5：依觀察節奏判斷,MA20：依觀察節奏判斷,,,,,MA10：依觀察節奏判斷,MA5：依觀察節奏判斷,MA10：依觀察節奏判斷,MA20：依觀察節奏判斷,整理觀察K,整理收斂,整理收斂,MA5：依觀察節奏判斷｜MA10：依觀察節奏判斷｜MA20：依觀察節奏判斷｜K棒：整理觀察K｜K線：整理收斂,K棒型態：整理觀察K｜K線結構：整理收斂,依原策略執行，技術欄位用於確認節奏與風險。,5.0,C,結構觀察,40D平台收斂｜短中均線糾結｜量縮後溫和放量,結構證據不足，保留原策略但降低信心。,v266.57.9,3.5,C,續強觀察,回檔不破前低｜低點墊高確認｜收盤守MA5｜扣分:跌破短均,續強品質不足或有假突破壓力，避免追高。,v266.57.9,-1.0,D,突破不足,扣分:收盤位置偏弱,尚未形成乾淨突破，不急著升級。,v266.57.9,GENERIC,0.55,0.5,0.5,4.0,518.0,最後後處理補寫：原分數+結構前置+續強品質+突破品質；不覆蓋原策略,籌碼風險,2.2,v266.58.1,2026-05-09 00:25:47,出貨疑慮,否,籌碼轉弱,出貨疑慮,-2,-15,降級風險,首次追蹤:出貨疑慮｜狀態降級,RISK,v266.60.2,-3.05,10.0,0.0,0.0,15.0,-1.282,519.0,主力佈局語意｜風險語意扣分,過熱降權,v266.61,2026-05-09 00:25:50,-4.0,洗盤不破承接｜假突破/出貨風險扣分,無事件,等待下一次確認。,-3.335,521,v266.62,2026-05-09 00:25:51,0.0,,NONE,367,-18,AVOID_CHASE,平台收斂｜風險文字,406
WATCH,2026-05-08,2026-05-11,2390,云辰,ENTRY,PRE,PRE,52.0,WAIT,BLOCK,False,9.46,0.0,0.0,8,波動壓縮 | 安靜吸籌 | 均線收斂,BLOCK：超出本市場狀態可執行名額｜v266.57.9：結構：有過熱或假突破壓力，避免追高。｜續強：續強品質不足或有假突破壓力，避免追高。｜突破：尚未形成乾淨突破，不急著升級。,90.8,,,HIGH,高流動性,47.41,799013.0,7558662980.0,-6.0,⚠️ 分散,25（⚠️ 分散）,籌碼風險,籌碼偏弱且資料有限，避免重倉追高。,1,部分籌碼資料有限,📉 低信心,,,,-185000.0,0.0,0.0,-185000.0,0.0,1,0.0,0.0,0.0,0.0,0,TWSE,🟡 洗盤吸籌／整理換手（結構未壞）,中高,不急追；等放量突破或站穩 MA10 / MA20 再提高權重。,2026-05-09 00:25:55,behavior_interpretation,,,,,,,,,,,,,,,,,,,,,,,,,,,,,,,,,,,,,,,,,,,,,,,,,,,,,,,,,,,,,,,,,,,,MA5：依觀察節奏判斷,MA20：依觀察節奏判斷,,,,,MA10：依觀察節奏判斷,MA5：依觀察節奏判斷,MA10：依觀察節奏判斷,MA20：依觀察節奏判斷,整理觀察K,整理收斂,整理收斂,MA5：依觀察節奏判斷｜MA10：依觀察節奏判斷｜MA20：依觀察節奏判斷｜K棒：整理觀察K｜K線：整理收斂,K棒型態：整理觀察K｜K線結構：整理收斂,依原策略執行，技術欄位用於確認節奏與風險。,5.0,C,結構觀察,40D平台收斂｜短中均線糾結｜40D低點守住｜量縮後溫和放量｜扣分:長上影壓力,有過熱或假突破壓力，避免追高。,v266.57.9,-2.0,E,續強不足,扣分:跌破短均、長上影壓力,續強品質不足或有假突破壓力，避免追高。,v266.57.9,-1.0,D,突破不足,量能較前日放大｜扣分:收盤位置偏弱、上影偏長,尚未形成乾淨突破，不急著升級。,v266.57.9,GENERIC,0.55,0.5,0.5,1.25,538.0,最後後處理補寫：原分數+結構前置+續強品質+突破品質；不覆蓋原策略,籌碼風險,-0.055,v266.58.1,2026-05-09 00:25:47,出貨疑慮,否,籌碼轉弱,出貨疑慮,-2,-15,降級風險,前狀態:nan→今日:出貨疑慮｜狀態降級,RISK,v266.60.2,-5.305,10.0,0.0,0.0,15.0,-1.508,524.0,主力佈局語意｜風險語意扣分,過熱降權,v266.61,2026-05-09 00:25:50,-12.0,假突破/出貨風險扣分,過熱/風險事件,避免追高，等回檔不破再評估。,-7.313,538,v266.62,2026-05-09 00:25:51,0.0,,NONE,369,-18,AVOID_CHASE,平台收斂｜風險文字,407
WATCH,2026-05-08,2026-05-11,9110,越南控-DR,ENTRY,PRE,PRE,54.0,WAIT,BLOCK,False,2.92,0.0,0.0,8,安靜吸籌 | 均線收斂 | 放量吸收 | 結構尚可,BLOCK：超出本市場狀態可執行名額｜v266.57.9：結構：有過熱或假突破壓力，避免追高。｜續強：續強品質不足或有假突破壓力，避免追高。｜突破：有轉強跡象，但突破品質尚未完全成立。,78.54,,,HIGH,高流動性,19.39,154000.0,449680000.0,-6.0,🟡 普通,50（🟡 普通）,籌碼風險,籌碼普通或資料有限，需搭配技術面確認。,0,法人/融資資料有限,📉 低信心,,,,0.0,0.0,0.0,0.0,0.0,0,0.0,0.0,0.0,0.0,0,,🟡 洗盤吸籌／整理換手（結構未壞）,中高,不急追；等放量突破或站穩 MA10 / MA20 再提高權重。,2026-05-09 00:25:55,behavior_interpretation,,,,,,,,,,,,,,,,,,,,,,,,,,,,,,,,,,,,,,,,,,,,,,,,,,,,,,,,,,,,,,,,,,,,MA5：依觀察節奏判斷,MA20：依觀察節奏判斷,,,,,MA10：依觀察節奏判斷,MA5：依觀察節奏判斷,MA10：依觀察節奏判斷,MA20：依觀察節奏判斷,整理觀察K,整理收斂,整理收斂,MA5：依觀察節奏判斷｜MA10：依觀察節奏判斷｜MA20：依觀察節奏判斷｜K棒：整理觀察K｜K線：整理收斂,K棒型態：整理觀察K｜K線結構：整理收斂,依原策略執行，技術欄位用於確認節奏與風險。,1.5,E,結構不足,40D平台收斂｜短中均線糾結｜扣分:單日爆量偏高,有過熱或假突破壓力，避免追高。,v266.57.9,2.0,D,續強偏弱,回檔不破前低｜低點墊高確認｜扣分:跌破短均,續強品質不足或有假突破壓力，避免追高。,v266.57.9,2.7,C,突破觀察,收盤接近高點｜量能較前日放大,有轉強跡象，但突破品質尚未完全成立。,v266.57.9,GENERIC,0.55,0.5,0.5,3.175,527.0,最後後處理補寫：原分數+結構前置+續強品質+突破品質；不覆蓋原策略,籌碼風險,1.523,v266.58.1,2026-05-09 00:25:47,出貨疑慮,否,籌碼轉弱,出貨疑慮,-2,-15,降級風險,前狀態:nan→今日:出貨疑慮｜狀態降級,RISK,v266.60.2,-3.727,10.0,0.0,0.0,15.0,-1.29,520.0,主力佈局語意｜風險語意扣分,過熱降權,v266.61,2026-05-09 00:25:50,-4.0,洗盤不破承接｜假突破/出貨風險扣分,無事件,等待下一次確認。,-3.809,526,v266.62,2026-05-09 00:25:51,0.0,,NONE,368,-18,AVOID_CHASE,平台收斂｜風險文字,408
WATCH,2026-05-08,2026-05-11,2801,彰銀,ENTRY,PRE,PRE,54.0,WAIT,BLOCK,False,20.95,0.0,0.0,8,波動壓縮 | 均線收斂 | 接近突破 | 結構尚可,BLOCK：超出本市場狀態可執行名額｜v266.57.9：結構：平台壓縮後轉強，可優先觀察起漲/試單。｜續強：續強品質不足或有假突破壓力，避免追高。｜突破：尚未形成乾淨突破，不急著升級。,107.34,,,HIGH,高流動性,87.53,18931502.0,396614966900.0,-6.0,❌ 極度分散,15（❌ 極度分散）,籌碼風險,籌碼偏弱且資料有限，避免重倉追高。,1,部分籌碼資料有限,📉 低信心,,,彰銀,-4608289.0,-38122.0,329000.0,-4317411.0,0.0,1,0.0,0.0,0.0,0.0,0,TWSE,⚪ 盤整觀望（等待方向）,中低,先觀察，不急進場；等突破、量能或均線方向出現。,2026-05-09 00:25:55,behavior_interpretation,,,,,,,,,,,,,,,,,,,,,,,,,,,,,,,,,,,,,,,,,,,,,,,,,,,,,,,,,,,,,,,,,,,,MA5：依試單節奏判斷,MA20：依試單節奏判斷,,,,,MA10：依試單節奏判斷,MA5：依試單節奏判斷,MA10：依試單節奏判斷,MA20：依試單節奏判斷,突破確認K,整理後轉強,整理後轉強,MA5：依試單節奏判斷｜MA10：依試單節奏判斷｜MA20：依試單節奏判斷｜K棒：突破確認K｜K線：整理後轉強,K棒型態：突破確認K｜K線結構：整理後轉強,依原策略執行，技術欄位用於確認節奏與風險。,9.0,A,起漲結構強,MA20走平翻揚｜接近20日高｜40D平台收斂｜短中均線糾結｜40D低點守住｜接近/站回MA60｜MA60不再下彎｜站回60D區間中上,平台壓縮後轉強，可優先觀察起漲/試單。,v266.57.9,3.5,C,續強觀察,回檔不破前低｜低點墊高確認｜收盤守MA5｜扣分:跌破短均,續強品質不足或有假突破壓力，避免追高。,v266.57.9,0.0,D,突破不足,,尚未形成乾淨突破，不急著升級。,v266.57.9,GENERIC,0.55,0.5,0.5,6.7,463.0,最後後處理補寫：原分數+結構前置+續強品質+突破品質；不覆蓋原策略,籌碼風險,4.414,v266.58.1,2026-05-09 00:25:47,出貨疑慮,否,籌碼轉弱,出貨疑慮,-2,-15,降級風險,前狀態:nan→今日:出貨疑慮｜狀態降級,RISK,v266.60.2,-0.836,22.0,0.0,0.0,15.0,3.199,483.0,20/40/60結構佳｜主力佈局語意｜風險語意扣分,過熱降權,v266.61,2026-05-09 00:25:50,-4.0,洗盤不破承接｜假突破/出貨風險扣分,無事件,等待下一次確認。,-1.785,490,v266.62,2026-05-09 00:25:51,0.0,,NONE,388,-18,AVOID_CHASE,平台收斂｜風險文字,409
WATCH,2026-05-08,2026-05-11,2752,豆府,ENTRY,PRE,PRE,58.0,WAIT,BLOCK,False,184.0,0.0,0.0,8,波動壓縮 | 安靜吸籌 | 均線收斂 | 結構尚可,BLOCK：超出本市場狀態可執行名額｜v266.57.9：結構：結構證據不足，保留原策略但降低信心。｜續強：回檔承接尚可，若原策略入選，可優先觀察延續。｜突破：有轉強跡象，但突破品質尚未完全成立。,81.49,,,HIGH,高流動性,25.76,44054.0,8105936000.0,-6.0,🟡 普通,50（🟡 普通）,籌碼風險,籌碼普通或資料有限，需搭配技術面確認。,1,部分籌碼資料有限,📉 低信心,,,,0.0,0.0,0.0,0.0,0.0,1,0.0,0.0,0.0,0.0,0,TPEX,🟡 洗盤吸籌／整理換手（結構未壞）,中高,不急追；等放量突破或站穩 MA10 / MA20 再提高權重。,2026-05-09 00:25:55,behavior_interpretation,,,,,,,,,,,,,,,,,,,,,,,,,,,,,,,,,,,,,,,,,,,,,,,,,,,,,,,,,,,,,,,,,,,,MA5：依觀察節奏判斷,MA20：依觀察節奏判斷,,,,,MA10：依觀察節奏判斷,MA5：依觀察節奏判斷,MA10：依觀察節奏判斷,MA20：依觀察節奏判斷,整理觀察K,整理收斂,整理收斂,MA5：依觀察節奏判斷｜MA10：依觀察節奏判斷｜MA20：依觀察節奏判斷｜K棒：整理觀察K｜K線：整理收斂,K棒型態：整理觀察K｜K線結構：整理收斂,依原策略執行，技術欄位用於確認節奏與風險。,4.0,C,結構觀察,MA5站上MA10｜40D平台收斂｜短中均線糾結,結構證據不足，保留原策略但降低信心。,v266.57.9,6.7,B,續強品質中,回檔不破前低｜低點墊高確認｜收盤守MA5｜續強確認：收盤未跌破MA5｜MA5仍在MA10上,回檔承接尚可，若原策略入選，可優先觀察延續。,v266.57.9,2.3,C,突破觀察,收盤接近高點｜短均多頭,有轉強跡象，但突破品質尚未完全成立。,v266.57.9,GENERIC,0.55,0.5,0.5,6.7,463.0,最後後處理補寫：原分數+結構前置+續強品質+突破品質；不覆蓋原策略,籌碼風險,4.414,v266.58.1,2026-05-09 00:25:47,出貨疑慮,否,籌碼轉弱,出貨疑慮,-2,-15,降級風險,前狀態:nan→今日:出貨疑慮｜狀態降級,RISK,v266.60.2,-0.836,18.0,0.0,0.0,15.0,1.919,505.0,續強品質佳｜主力佈局語意｜風險語意扣分,過熱降權,v266.61,2026-05-09 00:25:50,-4.0,洗盤不破承接｜假突破/出貨風險扣分,無事件,等待下一次確認。,-1.785,489,v266.62,2026-05-09 00:25:51,0.0,,NONE,389,-18,AVOID_CHASE,平台收斂｜風險文字,410
WATCH,2026-05-08,2026-05-11,1240,茂生農經,ENTRY,PRE,PRE,54.0,WAIT,BLOCK,False,59.0,0.0,0.0,8,波動壓縮 | 均線收斂 | 接近突破 | 結構尚可,BLOCK：超出本市場狀態可執行名額｜v266.57.9：結構：平台壓縮後轉強，可優先觀察起漲/試單。｜續強：回檔承接尚可，若原策略入選，可優先觀察延續。｜突破：尚未形成乾淨突破，不急著升級。,75.5,,,HIGH,高流動性,16.08,35010.0,2065590000.0,0.0,🟡 普通,50（🟡 普通）,,籌碼普通或資料有限，需搭配技術面確認。,1,部分籌碼資料有限,📉 低信心,,,茂生農經,0.0,0.0,0.0,0.0,0.0,1,0.0,0.0,0.0,0.0,0,TPEX,⚪ 盤整觀望（等待方向）,中低,先觀察，不急進場；等突破、量能或均線方向出現。,2026-05-09 00:25:55,behavior_interpretation,,,,,,,,,,,,,,,,,,,,,,,,,,,,,,,,,,,,,,,,,,,,,,,,,,,,,,,,,,,,,,,,,,,,MA5：依試單節奏判斷,MA20：依試單節奏判斷,,,,,MA10：依試單節奏判斷,MA5：依試單節奏判斷,MA10：依試單節奏判斷,MA20：依試單節奏判斷,突破確認K,整理後轉強,整理後轉強,MA5：依試單節奏判斷｜MA10：依試單節奏判斷｜MA20：依試單節奏判斷｜K棒：突破確認K｜K線：整理後轉強,K棒型態：突破確認K｜K線結構：整理後轉強,依原策略執行，技術欄位用於確認節奏與風險。,7.0,B,起漲結構中,MA5站上MA10｜接近20日高｜40D平台收斂｜短中均線糾結｜40D低點守住｜接近/站回MA60｜MA60不再下彎｜扣分:長上影壓力,平台壓縮後轉強，可優先觀察起漲/試單。,v266.57.9,5.7,B,續強品質中,回檔不破前低｜低點墊高確認｜收盤守MA5｜續強確認：收盤未跌破MA5｜MA5仍在MA10上｜扣分:長上影壓力,回檔承接尚可，若原策略入選，可優先觀察延續。,v266.57.9,-1.4,D,突破不足,短均多頭｜扣分:收盤位置偏弱、上影偏長,尚未形成乾淨突破，不急著升級。,v266.57.9,GENERIC,0.55,0.5,0.5,6.0,484.0,最後後處理補寫：原分數+結構前置+續強品質+突破品質；不覆蓋原策略,一般,4.92,v266.58.1,2026-05-09 00:25:47,觀察,否,,觀察,0,0,持續觀察,前狀態:nan→今日:觀察,NO,v266.60.2,4.92,30.0,0.0,0.0,15.0,6.312,467.0,20/40/60結構佳｜續強品質佳｜主力佈局語意｜風險語意扣分,過熱降權,v266.61,2026-05-09 00:25:50,-4.0,洗盤不破承接｜假突破/出貨風險扣分,無事件,等待下一次確認。,2.244,468,v266.62,2026-05-09 00:25:51,0.0,,NONE,195,-18,AVOID_CHASE,平台收斂｜風險文字,411
TEST,2026-05-08,2026-05-11,6641,基士德-KY,ENTRY,PRE,PRE,66.0,WAIT,BLOCK,False,19.2,0.0,0.0,3,波動壓縮 | 安靜吸籌 | 均線收斂 | 放量吸收,BLOCK：超出本市場狀態可執行名額｜v266.57.9：結構：平台壓縮後轉強，可優先觀察起漲/試單。｜續強：回檔承接尚可，若原策略入選，可優先觀察延續。｜突破：尚未形成乾淨突破，不急著升級。,87.56,,,HIGH,高流動性,25.25,127307.0,2444294400.0,0.0,🟡 普通,40（🟡 普通）,,籌碼普通或資料有限，需搭配技術面確認。,1,部分籌碼資料有限,📉 低信心,,,,-3000.0,0.0,0.0,-3000.0,0.0,1,0.0,0.0,0.0,0.0,0,TWSE,🟡 洗盤吸籌／整理換手（結構未壞）,中高,不急追；等放量突破或站穩 MA10 / MA20 再提高權重。,2026-05-09 00:25:55,behavior_interpretation,,,,,,,,,,,,,,,,,,,,,,,,,,,,,,,,,,,,,,,,,,,,,,,,,,,,,,,,,,,,,,,,,,,,MA5：依試單節奏判斷,MA20：依試單節奏判斷,,,,,MA10：依試單節奏判斷,MA5：依試單節奏判斷,MA10：依試單節奏判斷,MA20：依試單節奏判斷,突破確認K,整理後轉強,整理後轉強,MA5：依試單節奏判斷｜MA10：依試單節奏判斷｜MA20：依試單節奏判斷｜K棒：突破確認K｜K線：整理後轉強,K棒型態：突破確認K｜K線結構：整理後轉強,依原策略執行，技術欄位用於確認節奏與風險。,7.1,B,起漲結構中,20D站上MA20｜MA20走平翻揚｜MA5站上MA10｜40D平台收斂｜短中均線糾結｜40D低點守住｜接近/站回MA60｜5D動能轉正｜10D動能轉正｜扣分:單日爆量偏高、長上影壓力,平台壓縮後轉強，可優先觀察起漲/試單。,v266.57.9,7.7,A,續強品質強,回檔不破前低｜低點墊高確認｜收盤守MA5｜續強確認：收盤未跌破MA5｜MA5仍在MA10上｜仍站MA20｜10D動能維持｜扣分:長上影壓力,回檔承接尚可，若原策略入選，可優先觀察延續。,v266.57.9,-1.4,D,突破不足,短均多頭｜扣分:收盤位置偏弱、上影偏長,尚未形成乾淨突破，不急著升級。,v266.57.9,GENERIC,0.55,0.5,0.5,7.055,447.0,最後後處理補寫：原分數+結構前置+續強品質+突破品質；不覆蓋原策略,一般,5.785,v266.58.1,2026-05-09 00:25:47,觀察,否,,觀察,0,0,持續觀察,首次追蹤:觀察,NO,v266.60.2,5.785,30.0,0.0,0.0,15.0,6.758,444.0,20/40/60結構佳｜續強品質佳｜主力佈局語意｜風險語意扣分,過熱降權,v266.61,2026-05-09 00:25:50,-4.0,洗盤不破承接｜假突破/出貨風險扣分,無事件,等待下一次確認。,2.85,467,v266.62,2026-05-09 00:25:51,0.0,,NONE,196,-18,AVOID_CHASE,平台收斂｜風險文字,412
WATCH,2026-05-08,2026-05-11,5880,合庫金,ENTRY,PRE,PRE,54.0,WAIT,BLOCK,False,23.05,0.0,0.0,8,波動壓縮 | 均線收斂 | 接近突破 | 結構尚可,BLOCK：超出本市場狀態可執行名額｜v266.57.9：結構：結構證據不足，保留原策略但降低信心。｜續強：回檔承接尚可，若原策略入選，可優先觀察延續。｜突破：尚未形成乾淨突破，不急著升級。,106.99,,,HIGH,高流動性,86.53,15616976.0,359971296800.0,-6.0,❌ 極度分散,15（❌ 極度分散）,籌碼風險,籌碼偏弱且資料有限，避免重倉追高。,1,部分籌碼資料有限,📉 低信心,,,合庫金,-8202865.0,-45244.0,16000.0,-8232109.0,0.0,1,0.0,0.0,0.0,0.0,0,TWSE,⚪ 盤整觀望（等待方向）,中低,先觀察，不急進場；等突破、量能或均線方向出現。,2026-05-09 00:25:55,behavior_interpretation,,,,,,,,,,,,,,,,,,,,,,,,,,,,,,,,,,,,,,,,,,,,,,,,,,,,,,,,,,,,,,,,,,,,MA5：依試單節奏判斷,MA20：依試單節奏判斷,,,,,MA10：依試單節奏判斷,MA5：依試單節奏判斷,MA10：依試單節奏判斷,MA20：依試單節奏判斷,突破確認K,整理後轉強,整理後轉強,MA5：依試單節奏判斷｜MA10：依試單節奏判斷｜MA20：依試單節奏判斷｜K棒：突破確認K｜K線：整理後轉強,K棒型態：突破確認K｜K線結構：整理後轉強,依原策略執行，技術欄位用於確認節奏與風險。,5.8,C,結構觀察,40D平台收斂｜短中均線糾結｜40D低點守住｜接近/站回MA60｜5D動能轉正,結構證據不足，保留原策略但降低信心。,v266.57.9,5.5,B,續強品質中,回檔不破前低｜低點墊高確認｜收盤守MA5｜續強確認：收盤未跌破MA5,回檔承接尚可，若原策略入選，可優先觀察延續。,v266.57.9,1.5,D,突破不足,突破近5日高,尚未形成乾淨突破，不急著升級。,v266.57.9,GENERIC,0.55,0.5,0.5,6.69,465.0,最後後處理補寫：原分數+結構前置+續強品質+突破品質；不覆蓋原策略,籌碼風險,4.406,v266.58.1,2026-05-09 00:25:47,出貨疑慮,否,籌碼轉弱,出貨疑慮,-2,-15,降級風險,前狀態:nan→今日:出貨疑慮｜狀態降級,RISK,v266.60.2,-0.844,8.0,0.0,0.0,15.0,-1.702,528.0,續強品質佳｜風險語意扣分,過熱降權,v266.61,2026-05-09 00:25:50,-4.0,洗盤不破承接｜假突破/出貨風險扣分,無事件,等待下一次確認。,-1.791,491,v266.62,2026-05-09 00:25:51,0.0,,NONE,387,-18,AVOID_CHASE,平台收斂｜風險文字,413
WATCH,2026-05-08,2026-05-11,2889,國票金,ENTRY,PRE,PRE,54.0,WAIT,BLOCK,False,14.65,0.0,0.0,8,波動壓縮 | 均線收斂 | 接近突破 | 結構尚可,BLOCK：超出本市場狀態可執行名額｜v266.57.9：結構：結構證據不足，保留原策略但降低信心。｜續強：回檔承接尚可，若原策略入選，可優先觀察延續。｜突破：尚未形成乾淨突破，不急著升級。,99.33,,,HIGH,高流動性,64.66,2112276.0,30944843400.000004,-6.0,⚠️ 分散,25（⚠️ 分散）,籌碼風險,籌碼偏弱且資料有限，避免重倉追高。,1,部分籌碼資料有限,📉 低信心,,,國票金,-2888505.0,0.0,0.0,-2888505.0,0.0,1,0.0,0.0,0.0,0.0,0,TWSE,⚪ 盤整觀望（等待方向）,中低,先觀察，不急進場；等突破、量能或均線方向出現。,2026-05-09 00:25:55,behavior_interpretation,,,,,,,,,,,,,,,,,,,,,,,,,,,,,,,,,,,,,,,,,,,,,,,,,,,,,,,,,,,,,,,,,,,,MA5：依試單節奏判斷,MA20：依試單節奏判斷,,,,,MA10：依試單節奏判斷,MA5：依試單節奏判斷,MA10：依試單節奏判斷,MA20：依試單節奏判斷,突破確認K,整理後轉強,整理後轉強,MA5：依試單節奏判斷｜MA10：依試單節奏判斷｜MA20：依試單節奏判斷｜K棒：突破確認K｜K線：整理後轉強,K棒型態：突破確認K｜K線結構：整理後轉強,依原策略執行，技術欄位用於確認節奏與風險。,4.0,C,結構觀察,40D平台收斂｜短中均線糾結｜40D低點守住,結構證據不足，保留原策略但降低信心。,v266.57.9,7.0,A,續強品質強,回檔不破前低｜低點墊高確認｜收盤守MA5｜續強確認：收盤未跌破MA5｜回檔量縮,回檔承接尚可，若原策略入選，可優先觀察延續。,v266.57.9,1.5,D,突破不足,收盤接近高點,尚未形成乾淨突破，不急著升級。,v266.57.9,GENERIC,0.55,0.5,0.5,6.45,473.0,最後後處理補寫：原分數+結構前置+續強品質+突破品質；不覆蓋原策略,籌碼風險,4.209,v266.58.1,2026-05-09 00:25:47,出貨疑慮,否,籌碼轉弱,出貨疑慮,-2,-15,降級風險,首次追蹤:出貨疑慮｜狀態降級,RISK,v266.60.2,-1.041,8.0,0.0,0.0,15.0,-1.722,529.0,續強品質佳｜風險語意扣分,過熱降權,v266.61,2026-05-09 00:25:50,-4.0,洗盤不破承接｜假突破/出貨風險扣分,無事件,等待下一次確認。,-1.929,493,v266.62,2026-05-09 00:25:51,0.0,,NONE,385,-18,AVOID_CHASE,平台收斂｜風險文字,414
WATCH,2026-05-08,2026-05-11,2890,永豐金,ENTRY,PRE,PRE,58.0,WAIT,BLOCK,False,31.0,0.0,0.0,8,波動壓縮 | 安靜吸籌 | 均線收斂 | 結構尚可,BLOCK：超出本市場狀態可執行名額｜觀察清單 TOP2：本區最可能發動｜v266.57.9：結構：平台壓縮後轉強，可優先觀察起漲/試單。｜續強：續強品質不足或有假突破壓力，避免追高。｜突破：尚未形成乾淨突破，不急著升級。,111.42,,,HIGH,高流動性,92.91,35823012.0,1110513372000.0,-6.0,❌ 極度分散,15（❌ 極度分散）,籌碼風險,籌碼偏弱且資料有限，避免重倉追高。,1,部分籌碼資料有限,📉 低信心,2.0,觀察TOP2,永豐金,-17768767.0,-710338.0,465548.0,-18013557.0,0.0,1,0.0,0.0,0.0,0.0,0,TWSE,🟡 洗盤吸籌／整理換手（結構未壞）,中高,不急追；等放量突破或站穩 MA10 / MA20 再提高權重。,2026-05-09 00:25:55,behavior_interpretation,,,,,,,,,,,,,,,,,,,,,,,,,,,,,,,,,,,,,,,,,,,,,,,,,,,,,,,,,,,,,,,,,,,,MA5：依觀察節奏判斷,MA20：依觀察節奏判斷,,,,,MA10：依觀察節奏判斷,MA5：依觀察節奏判斷,MA10：依觀察節奏判斷,MA20：依觀察節奏判斷,整理觀察K,整理收斂,整理收斂,MA5：依觀察節奏判斷｜MA10：依觀察節奏判斷｜MA20：依觀察節奏判斷｜K棒：整理觀察K｜K線：整理收斂,K棒型態：整理觀察K｜K線結構：整理收斂,依原策略執行，技術欄位用於確認節奏與風險。,9.0,A,起漲結構強,40D平台收斂｜短中均線糾結｜40D低點守住｜接近/站回MA60｜MA60不再下彎｜站回60D區間中上｜量縮後溫和放量,平台壓縮後轉強，可優先觀察起漲/試單。,v266.57.9,2.5,D,續強偏弱,回檔不破前低｜收盤守MA5｜扣分:跌破短均,續強品質不足或有假突破壓力，避免追高。,v266.57.9,0.0,D,突破不足,,尚未形成乾淨突破，不急著升級。,v266.57.9,GENERIC,0.55,0.5,0.5,6.2,480.0,最後後處理補寫：原分數+結構前置+續強品質+突破品質；不覆蓋原策略,籌碼風險,4.004,v266.58.1,2026-05-09 00:25:47,出貨疑慮,否,籌碼轉弱,出貨疑慮,-2,-15,降級風險,前狀態:nan→今日:出貨疑慮｜狀態降級,RISK,v266.60.2,-1.246,22.0,0.0,0.0,15.0,3.278,480.0,20/40/60結構佳｜主力佈局語意｜風險語意扣分,過熱降權,v266.61,2026-05-09 00:25:50,-4.0,洗盤不破承接｜假突破/出貨風險扣分,無事件,等待下一次確認。,-2.072,495,v266.62,2026-05-09 00:25:51,0.0,,NONE,352,-18,AVOID_CHASE,平台收斂｜風險文字,415
WATCH,2026-05-08,2026-05-11,5315,光聯,ENTRY,PRE,PRE,54.0,WAIT,BLOCK,False,22.1,0.0,0.0,8,波動壓縮 | 均線收斂 | 接近突破 | 結構尚可,BLOCK：超出本市場狀態可執行名額｜v266.57.9：結構：結構證據不足，保留原策略但降低信心。｜續強：回檔承接尚可，若原策略入選，可優先觀察延續。｜突破：尚未形成乾淨突破，不急著升級。,90.5,,,HIGH,高流動性,45.91,481182.0,10634122200.000002,-6.0,🟡 普通,50（🟡 普通）,籌碼風險,籌碼普通或資料有限，需搭配技術面確認。,1,部分籌碼資料有限,📉 低信心,,,光聯,27.0,0.0,-27.0,0.0,0.0,1,0.0,0.0,0.0,0.0,0,TPEX,⚪ 盤整觀望（等待方向）,中低,先觀察，不急進場；等突破、量能或均線方向出現。,2026-05-09 00:25:55,behavior_interpretation,,,,,,,,,,,,,,,,,,,,,,,,,,,,,,,,,,,,,,,,,,,,,,,,,,,,,,,,,,,,,,,,,,,,MA5：依試單節奏判斷,MA20：依試單節奏判斷,,,,,MA10：依試單節奏判斷,MA5：依試單節奏判斷,MA10：依試單節奏判斷,MA20：依試單節奏判斷,突破確認K,整理後轉強,整理後轉強,MA5：依試單節奏判斷｜MA10：依試單節奏判斷｜MA20：依試單節奏判斷｜K棒：突破確認K｜K線：整理後轉強,K棒型態：突破確認K｜K線結構：整理後轉強,依原策略執行，技術欄位用於確認節奏與風險。,5.0,C,結構觀察,MA5站上MA10｜40D平台收斂｜短中均線糾結｜40D低點守住,結構證據不足，保留原策略但降低信心。,v266.57.9,6.7,B,續強品質中,回檔不破前低｜低點墊高確認｜收盤守MA5｜續強確認：收盤未跌破MA5｜MA5仍在MA10上,回檔承接尚可，若原策略入選，可優先觀察延續。,v266.57.9,-0.2,D,突破不足,短均多頭｜扣分:收盤位置偏弱,尚未形成乾淨突破，不急著升級。,v266.57.9,GENERIC,0.55,0.5,0.5,6.0,484.0,最後後處理補寫：原分數+結構前置+續強品質+突破品質；不覆蓋原策略,籌碼風險,3.84,v266.58.1,2026-05-09 00:25:47,出貨疑慮,否,籌碼轉弱,出貨疑慮,-2,-15,降級風險,前狀態:nan→今日:出貨疑慮｜狀態降級,RISK,v266.60.2,-1.41,8.0,0.0,0.0,15.0,-1.758,530.0,續強品質佳｜風險語意扣分,過熱降權,v266.61,2026-05-09 00:25:50,-4.0,洗盤不破承接｜假突破/出貨風險扣分,無事件,等待下一次確認。,-2.187,497,v266.62,2026-05-09 00:25:51,0.0,,NONE,350,-18,AVOID_CHASE,平台收斂｜風險文字,416
TEST,2026-05-08,2026-05-11,6771,平和環保-創,ENTRY,PRE,PRE,72.0,WAIT,BLOCK,False,43.8,0.0,0.0,3,波動壓縮 | 安靜吸籌 | 均線收斂 | 放量吸收 | 結構尚可,BLOCK：超出本市場狀態可執行名額｜v266.57.9：結構：平台壓縮後轉強，可優先觀察起漲/試單。｜續強：續強品質不足或有假突破壓力，避免追高。｜突破：尚未形成乾淨突破，不急著升級。,89.15,,,HIGH,高流動性,23.07,73754.0,3230425199.9999995,-6.0,🟡 普通,42（🟡 普通）,籌碼風險,籌碼普通或資料有限，需搭配技術面確認。,1,部分籌碼資料有限,📉 低信心,,,平和環保-創,-2000.0,0.0,1000.0,-1000.0,0.0,1,0.0,0.0,0.0,0.0,0,TWSE,🟡 洗盤吸籌／整理換手（結構未壞）,中高,不急追；等放量突破或站穩 MA10 / MA20 再提高權重。,2026-05-09 00:25:55,behavior_interpretation,,,,,,,,,,,,,,,,,,,,,,,,,,,,,,,,,,,,,,,,,,,,,,,,,,,,,,,,,,,,,,,,,,,,MA5：依試單節奏判斷,MA20：依試單節奏判斷,,,,,MA10：依試單節奏判斷,MA5：依試單節奏判斷,MA10：依試單節奏判斷,MA20：依試單節奏判斷,突破確認K,整理後轉強,整理後轉強,MA5：依試單節奏判斷｜MA10：依試單節奏判斷｜MA20：依試單節奏判斷｜K棒：突破確認K｜K線：整理後轉強,K棒型態：突破確認K｜K線結構：整理後轉強,依原策略執行，技術欄位用於確認節奏與風險。,9.0,A,起漲結構強,MA20走平翻揚｜40D平台收斂｜短中均線糾結｜40D低點守住｜接近/站回MA60｜MA60不再下彎｜量縮後溫和放量,平台壓縮後轉強，可優先觀察起漲/試單。,v266.57.9,3.5,C,續強觀察,回檔不破前低｜低點墊高確認｜回檔量縮｜扣分:跌破短均,續強品質不足或有假突破壓力，避免追高。,v266.57.9,-1.0,D,突破不足,扣分:收盤位置偏弱,尚未形成乾淨突破，不急著升級。,v266.57.9,GENERIC,0.55,0.5,0.5,6.2,480.0,最後後處理補寫：原分數+結構前置+續強品質+突破品質；不覆蓋原策略,籌碼風險,4.004,v266.58.1,2026-05-09 00:25:47,出貨疑慮,否,籌碼轉弱,出貨疑慮,-2,-15,降級風險,前狀態:nan→今日:出貨疑慮｜狀態降級,RISK,v266.60.2,-1.246,22.0,0.0,0.0,15.0,3.698,475.0,20/40/60結構佳｜主力佈局語意｜風險語意扣分,過熱降權,v266.61,2026-05-09 00:25:50,-4.0,洗盤不破承接｜假突破/出貨風險扣分,無事件,等待下一次確認。,-2.072,496,v266.62,2026-05-09 00:25:51,0.0,,NONE,351,-18,AVOID_CHASE,平台收斂｜風險文字,417
WATCH,2026-05-08,2026-05-11,1423,利華,ENTRY,PRE,PRE,54.0,WAIT,BLOCK,False,40.85,0.0,0.0,8,波動壓縮 | 均線收斂 | 接近突破 | 結構尚可,BLOCK：超出本市場狀態可執行名額｜v266.57.9：結構：平台壓縮後轉強，可優先觀察起漲/試單。｜續強：續強品質不足或有假突破壓力，避免追高。｜突破：尚未形成乾淨突破，不急著升級。,71.56,,,HIGH,高流動性,8.99,17733.0,724393050.0,-6.0,⚠️ 分散,34（⚠️ 分散）,籌碼風險,籌碼普通或資料有限，需搭配技術面確認。,1,部分籌碼資料有限,📉 低信心,,,利華,-17000.0,0.0,0.0,-17000.0,0.0,1,0.0,0.0,0.0,0.0,0,TWSE,⚪ 盤整觀望（等待方向）,中低,先觀察，不急進場；等突破、量能或均線方向出現。,2026-05-09 00:25:55,behavior_interpretation,,,,,,,,,,,,,,,,,,,,,,,,,,,,,,,,,,,,,,,,,,,,,,,,,,,,,,,,,,,,,,,,,,,,MA5：依試單節奏判斷,MA20：依試單節奏判斷,,,,,MA10：依試單節奏判斷,MA5：依試單節奏判斷,MA10：依試單節奏判斷,MA20：依試單節奏判斷,突破確認K,整理後轉強,整理後轉強,MA5：依試單節奏判斷｜MA10：依試單節奏判斷｜MA20：依試單節奏判斷｜K棒：突破確認K｜K線：整理後轉強,K棒型態：突破確認K｜K線結構：整理後轉強,依原策略執行，技術欄位用於確認節奏與風險。,8.0,A,起漲結構強,MA20走平翻揚｜40D平台收斂｜短中均線糾結｜40D低點守住｜接近/站回MA60｜MA60不再下彎｜站回60D區間中上,平台壓縮後轉強，可優先觀察起漲/試單。,v266.57.9,3.5,C,續強觀察,回檔不破前低｜低點墊高確認｜回檔量縮｜扣分:跌破短均,續強品質不足或有假突破壓力，避免追高。,v266.57.9,-1.0,D,突破不足,扣分:收盤位置偏弱,尚未形成乾淨突破，不急著升級。,v266.57.9,GENERIC,0.55,0.5,0.5,5.65,496.0,最後後處理補寫：原分數+結構前置+續強品質+突破品質；不覆蓋原策略,籌碼風險,3.553,v266.58.1,2026-05-09 00:25:47,出貨疑慮,否,籌碼轉弱,出貨疑慮,-2,-15,降級風險,前狀態:nan→今日:出貨疑慮｜狀態降級,RISK,v266.60.2,-1.697,22.0,0.0,0.0,15.0,3.113,486.0,20/40/60結構佳｜主力佈局語意｜風險語意扣分,過熱降權,v266.61,2026-05-09 00:25:50,-4.0,洗盤不破承接｜假突破/出貨風險扣分,無事件,等待下一次確認。,-2.388,502,v266.62,2026-05-09 00:25:51,0.0,,NONE,345,-18,AVOID_CHASE,平台收斂｜風險文字,418
TEST,2026-05-08,2026-05-11,9940,信義,ENTRY,PRE,PRE,86.0,WAIT,BLOCK,False,19.6,0.0,0.0,3,波動壓縮 | 安靜吸籌 | 均線收斂 | 放量吸收 | 接近突破 | 結構尚可,BLOCK：超出本市場狀態可執行名額｜大盤中性 ：BUY 降級 TEST，控制追高｜v266.57.9：結構：平台壓縮後轉強，可優先觀察起漲/試單。｜續強：續強品質不足或有假突破壓力，避免追高。｜突破：尚未形成乾淨突破，不急著升級。,110.64,,,HIGH,高流動性,51.02,741327.0,14530009200.000002,-2.0,🟢 偏集中,75（🟢 偏集中）,法人偏多｜籌碼風險,籌碼偏集中但資料有限，可搭配技術面確認，不宜單獨重倉。,1,部分籌碼資料有限,📉 低信心,,,信義,95000.0,0.0,0.0,95000.0,1.0,1,0.0,0.0,0.0,0.0,0,TWSE,🟡 洗盤吸籌／整理換手（結構未壞）,中高,不急追；等放量突破或站穩 MA10 / MA20 再提高權重。,2026-05-09 00:25:55,behavior_interpretation,,,,,,,,,,,,,,,,,,,,,,,,,,,,,,,,,,,,,,,,,,,,,,,,,,,,,,,,,,,,,,,,,,,,MA5：依試單節奏判斷,MA20：依試單節奏判斷,,,,,MA10：依試單節奏判斷,MA5：依試單節奏判斷,MA10：依試單節奏判斷,MA20：依試單節奏判斷,突破確認K,整理後轉強,整理後轉強,MA5：依試單節奏判斷｜MA10：依試單節奏判斷｜MA20：依試單節奏判斷｜K棒：突破確認K｜K線：整理後轉強,K棒型態：突破確認K｜K線結構：整理後轉強,依原策略執行，技術欄位用於確認節奏與風險。,6.0,B,起漲結構中,接近20日高｜40D平台收斂｜短中均線糾結｜40D低點守住｜量縮後溫和放量｜扣分:長上影壓力,平台壓縮後轉強，可優先觀察起漲/試單。,v266.57.9,1.0,D,續強偏弱,回檔不破前低｜低點墊高確認｜扣分:跌破短均、長上影壓力,續強品質不足或有假突破壓力，避免追高。,v266.57.9,-1.0,D,突破不足,量能較前日放大｜扣分:收盤位置偏弱、上影偏長,尚未形成乾淨突破，不急著升級。,v266.57.9,GENERIC,0.55,0.5,0.5,3.3,526.0,最後後處理補寫：原分數+結構前置+續強品質+突破品質；不覆蓋原策略,一般,2.346,v266.58.1,2026-05-09 00:25:47,觀察,否,,觀察,0,0,持續觀察,前狀態:nan→今日:觀察,NO,v266.60.2,2.346,22.0,0.0,0.0,15.0,4.215,471.0,20/40/60結構佳｜主力佈局語意｜風險語意扣分,過熱降權,v266.61,2026-05-09 00:25:50,-4.0,洗盤不破承接｜假突破/出貨風險扣分,無事件,等待下一次確認。,0.442,477,v266.62,2026-05-09 00:25:51,0.0,,NONE,363,-18,AVOID_CHASE,平台收斂｜風險文字,419
TEST,2026-05-08,2026-05-11,1437,勤益控,ENTRY,PRE,PRE,72.0,WAIT,BLOCK,False,29.0,0.0,0.0,3,波動壓縮 | 安靜吸籌 | 均線收斂 | 接近突破 | 結構尚可,BLOCK：超出本市場狀態可執行名額｜v266.57.9：結構：平台壓縮後轉強，可優先觀察起漲/試單。｜續強：續強品質不足或有假突破壓力，避免追高。｜突破：尚未形成乾淨突破，不急著升級。,92.39,,,HIGH,高流動性,29.17,139343.0,4040947000.0,-6.0,⚠️ 分散,30（⚠️ 分散）,籌碼風險,籌碼普通或資料有限，需搭配技術面確認。,1,部分籌碼資料有限,📉 低信心,,,勤益控,-23000.0,0.0,0.0,-23000.0,0.0,1,0.0,0.0,0.0,0.0,0,TWSE,🟡 洗盤吸籌／整理換手（結構未壞）,中高,不急追；等放量突破或站穩 MA10 / MA20 再提高權重。,2026-05-09 00:25:55,behavior_interpretation,,,,,,,,,,,,,,,,,,,,,,,,,,,,,,,,,,,,,,,,,,,,,,,,,,,,,,,,,,,,,,,,,,,,MA5：依試單節奏判斷,MA20：依試單節奏判斷,,,,,MA10：依試單節奏判斷,MA5：依試單節奏判斷,MA10：依試單節奏判斷,MA20：依試單節奏判斷,突破確認K,整理後轉強,整理後轉強,MA5：依試單節奏判斷｜MA10：依試單節奏判斷｜MA20：依試單節奏判斷｜K棒：突破確認K｜K線：整理後轉強,K棒型態：突破確認K｜K線結構：整理後轉強,依原策略執行，技術欄位用於確認節奏與風險。,6.0,B,起漲結構中,40D平台收斂｜短中均線糾結｜40D低點守住｜量縮後溫和放量,平台壓縮後轉強，可優先觀察起漲/試單。,v266.57.9,1.0,D,續強偏弱,回檔不破前低｜扣分:跌破短均,續強品質不足或有假突破壓力，避免追高。,v266.57.9,0.0,D,突破不足,,尚未形成乾淨突破，不急著升級。,v266.57.9,GENERIC,0.55,0.5,0.5,3.8,524.0,最後後處理補寫：原分數+結構前置+續強品質+突破品質；不覆蓋原策略,籌碼風險,2.036,v266.58.1,2026-05-09 00:25:47,出貨疑慮,否,籌碼轉弱,出貨疑慮,-2,-15,降級風險,前狀態:nan→今日:出貨疑慮｜狀態降級,RISK,v266.60.2,-3.214,22.0,0.0,0.0,15.0,3.501,476.0,20/40/60結構佳｜主力佈局語意｜風險語意扣分,過熱降權,v266.61,2026-05-09 00:25:50,-4.0,洗盤不破承接｜假突破/出貨風險扣分,無事件,等待下一次確認。,-3.45,524,v266.62,2026-05-09 00:25:51,0.0,,NONE,364,-18,AVOID_CHASE,平台收斂｜風險文字,420
TEST,2026-05-08,2026-05-11,6590,普鴻,ENTRY,PRE,PRE,86.0,WAIT,BLOCK,False,69.5,0.0,0.0,3,波動壓縮 | 安靜吸籌 | 均線收斂 | 放量吸收 | 接近突破 | 結構尚可,BLOCK：超出本市場狀態可執行名額｜大盤中性 ：BUY 降級 TEST，控制追高｜v266.57.9：結構：平台壓縮後轉強，可優先觀察起漲/試單。｜續強：回檔承接尚可，若原策略入選，可優先觀察延續。｜突破：有轉強跡象，但突破品質尚未完全成立。,95.72,,,HIGH,高流動性,21.57,52110.0,3621645000.0,0.0,🟡 普通,50（🟡 普通）,,籌碼普通或資料有限，需搭配技術面確認。,1,部分籌碼資料有限,📉 低信心,,,普鴻,0.0,0.0,0.0,0.0,0.0,1,0.0,0.0,0.0,0.0,0,TPEX,🟡 洗盤吸籌／整理換手（結構未壞）,中高,不急追；等放量突破或站穩 MA10 / MA20 再提高權重。,2026-05-09 00:25:55,behavior_interpretation,,,,,,,,,,,,,,,,,,,,,,,,,,,,,,,,,,,,,,,,,,,,,,,,,,,,,,,,,,,,,,,,,,,,MA5：依試單節奏判斷,MA20：依試單節奏判斷,,,,,MA10：依試單節奏判斷,MA5：依試單節奏判斷,MA10：依試單節奏判斷,MA20：依試單節奏判斷,突破確認K,整理後轉強,整理後轉強,MA5：依試單節奏判斷｜MA10：依試單節奏判斷｜MA20：依試單節奏判斷｜K棒：突破確認K｜K線：整理後轉強,K棒型態：突破確認K｜K線結構：整理後轉強,依原策略執行，技術欄位用於確認節奏與風險。,9.0,A,起漲結構強,MA5站上MA10｜接近20日高｜40D平台收斂｜短中均線糾結｜40D低點守住｜接近/站回MA60｜量縮後溫和放量,平台壓縮後轉強，可優先觀察起漲/試單。,v266.57.9,6.7,B,續強品質中,回檔不破前低｜低點墊高確認｜收盤守MA5｜續強確認：收盤未跌破MA5｜MA5仍在MA10上,回檔承接尚可，若原策略入選，可優先觀察延續。,v266.57.9,2.3,C,突破觀察,收盤接近高點｜短均多頭,有轉強跡象，但突破品質尚未完全成立。,v266.57.9,GENERIC,0.55,0.5,0.5,9.45,323.0,最後後處理補寫：原分數+結構前置+續強品質+突破品質；不覆蓋原策略,一般,7.749,v266.58.1,2026-05-09 00:25:47,觀察,否,,觀察,0,0,持續觀察,前狀態:nan→今日:觀察,NO,v266.60.2,7.749,30.0,0.0,0.0,0.0,13.855,120.0,20/40/60結構佳｜續強品質佳｜主力佈局語意,主力佈局優先,v266.61,2026-05-09 00:25:50,8.0,洗盤不破承接,無事件,等待下一次確認。,7.824,320,v266.62,2026-05-09 00:25:51,0.0,,NONE,120,-18,AVOID_CHASE,平台收斂｜風險文字,421
WATCH,2026-05-08,2026-05-11,6235,華孚,ENTRY,PRE,PRE,52.0,WAIT,BLOCK,False,43.0,0.0,0.0,8,波動壓縮 | 安靜吸籌 | 均線收斂,BLOCK：超出本市場狀態可執行名額｜v266.57.9：結構：平台壓縮後轉強，可優先觀察起漲/試單。｜續強：續強品質不足或有假突破壓力，避免追高。｜突破：尚未形成乾淨突破，不急著升級。,95.51,,,HIGH,高流動性,60.06,939003.0,40377129000.0,-6.0,⚠️ 分散,25（⚠️ 分散）,籌碼風險,籌碼偏弱且資料有限，避免重倉追高。,1,部分籌碼資料有限,📉 低信心,,,,-66000.0,0.0,0.0,-66000.0,0.0,1,0.0,0.0,0.0,0.0,0,TWSE,🟡 洗盤吸籌／整理換手（結構未壞）,中高,不急追；等放量突破或站穩 MA10 / MA20 再提高權重。,2026-05-09 00:25:55,behavior_interpretation,,,,,,,,,,,,,,,,,,,,,,,,,,,,,,,,,,,,,,,,,,,,,,,,,,,,,,,,,,,,,,,,,,,,MA5：依觀察節奏判斷,MA20：依觀察節奏判斷,,,,,MA10：依觀察節奏判斷,MA5：依觀察節奏判斷,MA10：依觀察節奏判斷,MA20：依觀察節奏判斷,整理觀察K,整理收斂,整理收斂,MA5：依觀察節奏判斷｜MA10：依觀察節奏判斷｜MA20：依觀察節奏判斷｜K棒：整理觀察K｜K線：整理收斂,K棒型態：整理觀察K｜K線結構：整理收斂,依原策略執行，技術欄位用於確認節奏與風險。,6.0,B,起漲結構中,40D平台收斂｜短中均線糾結｜40D低點守住｜量縮後溫和放量,平台壓縮後轉強，可優先觀察起漲/試單。,v266.57.9,3.5,C,續強觀察,回檔不破前低｜低點墊高確認｜收盤守MA5｜扣分:跌破短均,續強品質不足或有假突破壓力，避免追高。,v266.57.9,0.2,D,突破不足,量能較前日放大｜扣分:收盤位置偏弱,尚未形成乾淨突破，不急著升級。,v266.57.9,GENERIC,0.55,0.5,0.5,5.15,502.0,最後後處理補寫：原分數+結構前置+續強品質+突破品質；不覆蓋原策略,籌碼風險,3.143,v266.58.1,2026-05-09 00:25:47,出貨疑慮,否,籌碼轉弱,出貨疑慮,-2,-15,降級風險,前狀態:nan→今日:出貨疑慮｜狀態降級,RISK,v266.60.2,-2.107,22.0,0.0,0.0,15.0,3.012,492.0,20/40/60結構佳｜主力佈局語意｜風險語意扣分,過熱降權,v266.61,2026-05-09 00:25:50,-4.0,洗盤不破承接｜假突破/出貨風險扣分,無事件,等待下一次確認。,-2.675,504,v266.62,2026-05-09 00:25:51,0.0,,NONE,343,-18,AVOID_CHASE,平台收斂｜風險文字,422
TEST,2026-05-08,2026-05-11,9919,康那香,ENTRY,PRE,PRE,66.0,WAIT,BLOCK,False,14.55,0.0,0.0,3,波動壓縮 | 安靜吸籌 | 均線收斂 | 放量吸收,BLOCK：超出本市場狀態可執行名額｜v266.57.9：結構：有過熱或假突破壓力，避免追高。｜續強：回檔承接尚可，若原策略入選，可優先觀察延續。｜突破：尚未形成乾淨突破，不急著升級。,105.03,,,HIGH,高流動性,62.12,1768687.0,25734395850.0,-6.0,⚠️ 分散,25（⚠️ 分散）,籌碼風險,籌碼偏弱且資料有限，避免重倉追高。,1,部分籌碼資料有限,📉 低信心,,,,-69000.0,0.0,0.0,-69000.0,0.0,1,0.0,0.0,0.0,0.0,0,TWSE,🟡 洗盤吸籌／整理換手（結構未壞）,中高,不急追；等放量突破或站穩 MA10 / MA20 再提高權重。,2026-05-09 00:25:55,behavior_interpretation,,,,,,,,,,,,,,,,,,,,,,,,,,,,,,,,,,,,,,,,,,,,,,,,,,,,,,,,,,,,,,,,,,,,MA5：依試單節奏判斷,MA20：依試單節奏判斷,,,,,MA10：依試單節奏判斷,MA5：依試單節奏判斷,MA10：依試單節奏判斷,MA20：依試單節奏判斷,突破確認K,整理後轉強,整理後轉強,MA5：依試單節奏判斷｜MA10：依試單節奏判斷｜MA20：依試單節奏判斷｜K棒：突破確認K｜K線：整理後轉強,K棒型態：突破確認K｜K線結構：整理後轉強,依原策略執行，技術欄位用於確認節奏與風險。,2.3,D,結構偏弱,MA5站上MA10｜40D平台收斂｜短中均線糾結｜5D動能轉正｜扣分:單日爆量偏高、長上影壓力,有過熱或假突破壓力，避免追高。,v266.57.9,5.7,B,續強品質中,回檔不破前低｜低點墊高確認｜收盤守MA5｜續強確認：收盤未跌破MA5｜MA5仍在MA10上｜扣分:長上影壓力,回檔承接尚可，若原策略入選，可優先觀察延續。,v266.57.9,1.3,D,突破不足,突破近5日高｜MA5加速上彎｜短均多頭｜扣分:收盤位置偏弱、上影偏長,尚未形成乾淨突破，不急著升級。,v266.57.9,GENERIC,0.55,0.5,0.5,4.765,508.0,最後後處理補寫：原分數+結構前置+續強品質+突破品質；不覆蓋原策略,籌碼風險,2.827,v266.58.1,2026-05-09 00:25:47,出貨疑慮,否,籌碼轉弱,出貨疑慮,-2,-15,降級風險,前狀態:nan→今日:出貨疑慮｜狀態降級,RISK,v266.60.2,-2.423,18.0,0.0,0.0,15.0,2.0,503.0,續強品質佳｜主力佈局語意｜風險語意扣分,過熱降權,v266.61,2026-05-09 00:25:50,-4.0,洗盤不破承接｜假突破/出貨風險扣分,無事件,等待下一次確認。,-2.896,509,v266.62,2026-05-09 00:25:51,0.0,,NONE,358,-18,AVOID_CHASE,平台收斂｜風險文字,423
WATCH,2026-05-08,2026-05-11,2608,嘉里大榮,ENTRY,PRE,PRE,54.0,WAIT,BLOCK,False,30.0,0.0,0.0,8,波動壓縮 | 均線收斂 | 接近突破 | 結構尚可,BLOCK：超出本市場狀態可執行名額｜v266.57.9：結構：平台壓縮後轉強，可優先觀察起漲/試單。｜續強：續強品質不足或有假突破壓力，避免追高。｜突破：尚未形成乾淨突破，不急著升級。,89.16,,,HIGH,高流動性,43.57,357470.0,10724100000.0,-6.0,⚠️ 分散,25（⚠️ 分散）,籌碼風險,籌碼偏弱且資料有限，避免重倉追高。,1,部分籌碼資料有限,📉 低信心,,,嘉里大榮,-90000.0,0.0,15000.0,-75000.0,0.0,1,0.0,0.0,0.0,0.0,0,TWSE,⚪ 盤整觀望（等待方向）,中低,先觀察，不急進場；等突破、量能或均線方向出現。,2026-05-09 00:25:55,behavior_interpretation,,,,,,,,,,,,,,,,,,,,,,,,,,,,,,,,,,,,,,,,,,,,,,,,,,,,,,,,,,,,,,,,,,,,MA5：依試單節奏判斷,MA20：依試單節奏判斷,,,,,MA10：依試單節奏判斷,MA5：依試單節奏判斷,MA10：依試單節奏判斷,MA20：依試單節奏判斷,突破確認K,整理後轉強,整理後轉強,MA5：依試單節奏判斷｜MA10：依試單節奏判斷｜MA20：依試單節奏判斷｜K棒：突破確認K｜K線：整理後轉強,K棒型態：突破確認K｜K線結構：整理後轉強,依原策略執行，技術欄位用於確認節奏與風險。,7.0,B,起漲結構中,接近20日高｜40D平台收斂｜短中均線糾結｜40D低點守住｜量縮後溫和放量,平台壓縮後轉強，可優先觀察起漲/試單。,v266.57.9,3.5,C,續強觀察,回檔不破前低｜低點墊高確認｜收盤守MA5｜扣分:跌破短均,續強品質不足或有假突破壓力，避免追高。,v266.57.9,-1.0,D,突破不足,扣分:收盤位置偏弱,尚未形成乾淨突破，不急著升級。,v266.57.9,GENERIC,0.55,0.5,0.5,5.1,504.0,最後後處理補寫：原分數+結構前置+續強品質+突破品質；不覆蓋原策略,籌碼風險,3.102,v266.58.1,2026-05-09 00:25:47,出貨疑慮,否,籌碼轉弱,出貨疑慮,-2,-15,降級風險,前狀態:nan→今日:出貨疑慮｜狀態降級,RISK,v266.60.2,-2.148,22.0,0.0,0.0,15.0,3.068,488.0,20/40/60結構佳｜主力佈局語意｜風險語意扣分,過熱降權,v266.61,2026-05-09 00:25:50,-4.0,洗盤不破承接｜假突破/出貨風險扣分,無事件,等待下一次確認。,-2.704,506,v266.62,2026-05-09 00:25:51,0.0,,NONE,361,-18,AVOID_CHASE,平台收斂｜風險文字,424
WATCH,2026-05-08,2026-05-11,2617,台航,ENTRY,PRE,PRE,58.0,WAIT,BLOCK,False,29.4,0.0,0.0,8,波動壓縮 | 安靜吸籌 | 均線收斂 | 結構尚可,BLOCK：超出本市場狀態可執行名額｜v266.57.9：結構：平台壓縮後轉強，可優先觀察起漲/試單。｜續強：續強品質不足或有假突破壓力，避免追高。｜突破：尚未形成乾淨突破，不急著升級。,99.33,,,HIGH,高流動性,60.52,1156747.0,34008361800.0,-6.0,⚠️ 分散,25（⚠️ 分散）,籌碼風險,籌碼偏弱且資料有限，避免重倉追高。,1,部分籌碼資料有限,📉 低信心,,,,-234000.0,0.0,2144.0,-231856.0,0.0,1,0.0,0.0,0.0,0.0,0,TWSE,🟡 洗盤吸籌／整理換手（結構未壞）,中高,不急追；等放量突破或站穩 MA10 / MA20 再提高權重。,2026-05-09 00:25:55,behavior_interpretation,,,,,,,,,,,,,,,,,,,,,,,,,,,,,,,,,,,,,,,,,,,,,,,,,,,,,,,,,,,,,,,,,,,,MA5：依觀察節奏判斷,MA20：依觀察節奏判斷,,,,,MA10：依觀察節奏判斷,MA5：依觀察節奏判斷,MA10：依觀察節奏判斷,MA20：依觀察節奏判斷,整理觀察K,整理收斂,整理收斂,MA5：依觀察節奏判斷｜MA10：依觀察節奏判斷｜MA20：依觀察節奏判斷｜K棒：整理觀察K｜K線：整理收斂,K棒型態：整理觀察K｜K線結構：整理收斂,依原策略執行，技術欄位用於確認節奏與風險。,6.0,B,起漲結構中,40D平台收斂｜短中均線糾結｜40D低點守住｜量縮後溫和放量,平台壓縮後轉強，可優先觀察起漲/試單。,v266.57.9,3.5,C,續強觀察,回檔不破前低｜低點墊高確認｜收盤守MA5｜扣分:跌破短均,續強品質不足或有假突破壓力，避免追高。,v266.57.9,0.2,D,突破不足,量能較前日放大｜扣分:收盤位置偏弱,尚未形成乾淨突破，不急著升級。,v266.57.9,GENERIC,0.55,0.5,0.5,5.15,502.0,最後後處理補寫：原分數+結構前置+續強品質+突破品質；不覆蓋原策略,籌碼風險,3.143,v266.58.1,2026-05-09 00:25:47,出貨疑慮,否,籌碼轉弱,出貨疑慮,-2,-15,降級風險,前狀態:nan→今日:出貨疑慮｜狀態降級,RISK,v266.60.2,-2.107,22.0,0.0,0.0,15.0,3.192,484.0,20/40/60結構佳｜主力佈局語意｜風險語意扣分,過熱降權,v266.61,2026-05-09 00:25:50,-4.0,洗盤不破承接｜假突破/出貨風險扣分,無事件,等待下一次確認。,-2.675,505,v266.62,2026-05-09 00:25:51,0.0,,NONE,362,-18,AVOID_CHASE,平台收斂｜風險文字,425
TEST,2026-05-08,2026-05-11,1529,樂事綠能,ENTRY,PRE,PRE,72.0,WAIT,BLOCK,False,22.9,0.0,0.0,3,波動壓縮 | 安靜吸籌 | 均線收斂 | 放量吸收 | 結構尚可,BLOCK：超出本市場狀態可執行名額｜v266.57.9：結構：有過熱或假突破壓力，避免追高。｜續強：續強品質不足或有假突破壓力，避免追高。｜突破：尚未形成乾淨突破，不急著升級。,108.24,,,HIGH,高流動性,62.7,1494283.0,34219080700.0,-6.0,⚠️ 分散,32（⚠️ 分散）,籌碼風險,籌碼普通或資料有限，需搭配技術面確認。,1,部分籌碼資料有限,📉 低信心,,,,-19000.0,0.0,0.0,-19000.0,0.0,1,0.0,0.0,0.0,0.0,0,TWSE,🟡 洗盤吸籌／整理換手（結構未壞）,中高,不急追；等放量突破或站穩 MA10 / MA20 再提高權重。,2026-05-09 00:25:55,behavior_interpretation,,,,,,,,,,,,,,,,,,,,,,,,,,,,,,,,,,,,,,,,,,,,,,,,,,,,,,,,,,,,,,,,,,,,MA5：依試單節奏判斷,MA20：依試單節奏判斷,,,,,MA10：依試單節奏判斷,MA5：依試單節奏判斷,MA10：依試單節奏判斷,MA20：依試單節奏判斷,突破確認K,整理後轉強,整理後轉強,MA5：依試單節奏判斷｜MA10：依試單節奏判斷｜MA20：依試單節奏判斷｜K棒：突破確認K｜K線：整理後轉強,K棒型態：突破確認K｜K線結構：整理後轉強,依原策略執行，技術欄位用於確認節奏與風險。,4.3,C,結構觀察,短中均線糾結｜40D低點守住｜量縮後溫和放量｜5D動能轉正｜扣分:長上影壓力,有過熱或假突破壓力，避免追高。,v266.57.9,4.5,C,續強觀察,回檔不破前低｜低點墊高確認｜收盤守MA5｜續強確認：收盤未跌破MA5｜扣分:長上影壓力,續強品質不足或有假突破壓力，避免追高。,v266.57.9,0.2,D,突破不足,量能較前日放大｜MA5加速上彎｜扣分:收盤位置偏弱、上影偏長,尚未形成乾淨突破，不急著升級。,v266.57.9,GENERIC,0.55,0.5,0.5,4.715,509.0,最後後處理補寫：原分數+結構前置+續強品質+突破品質；不覆蓋原策略,籌碼風險,2.786,v266.58.1,2026-05-09 00:25:47,出貨疑慮,否,籌碼轉弱,出貨疑慮,-2,-15,降級風險,前狀態:nan→今日:出貨疑慮｜狀態降級,RISK,v266.60.2,-2.464,10.0,0.0,0.0,15.0,-0.624,509.0,主力佈局語意｜風險語意扣分,過熱降權,v266.61,2026-05-09 00:25:50,-4.0,洗盤不破承接｜假突破/出貨風險扣分,無事件,等待下一次確認。,-2.925,510,v266.62,2026-05-09 00:25:51,0.0,,NONE,357,-18,AVOID_CHASE,平台收斂｜風險文字,426
WATCH,2026-05-08,2026-05-11,1417,嘉裕,ENTRY,PRE,PRE,54.0,WAIT,BLOCK,False,8.71,0.0,0.0,8,波動壓縮 | 均線收斂 | 接近突破 | 結構尚可,BLOCK：超出本市場狀態可執行名額｜v266.57.9：結構：平台壓縮後轉強，可優先觀察起漲/試單。｜續強：續強品質不足或有假突破壓力，避免追高。｜突破：尚未形成乾淨突破，不急著升級。,76.07,,,HIGH,高流動性,14.99,74714.0,650758940.0000001,-6.0,⚠️ 分散,32（⚠️ 分散）,籌碼風險,籌碼普通或資料有限，需搭配技術面確認。,1,部分籌碼資料有限,📉 低信心,,,嘉裕,-20000.0,0.0,0.0,-20000.0,0.0,1,0.0,0.0,0.0,0.0,0,TWSE,⚪ 盤整觀望（等待方向）,中低,先觀察，不急進場；等突破、量能或均線方向出現。,2026-05-09 00:25:55,behavior_interpretation,,,,,,,,,,,,,,,,,,,,,,,,,,,,,,,,,,,,,,,,,,,,,,,,,,,,,,,,,,,,,,,,,,,,MA5：依試單節奏判斷,MA20：依試單節奏判斷,,,,,MA10：依試單節奏判斷,MA5：依試單節奏判斷,MA10：依試單節奏判斷,MA20：依試單節奏判斷,突破確認K,整理後轉強,整理後轉強,MA5：依試單節奏判斷｜MA10：依試單節奏判斷｜MA20：依試單節奏判斷｜K棒：突破確認K｜K線：整理後轉強,K棒型態：突破確認K｜K線結構：整理後轉強,依原策略執行，技術欄位用於確認節奏與風險。,6.0,B,起漲結構中,40D平台收斂｜短中均線糾結｜40D低點守住｜接近/站回MA60｜MA60不再下彎,平台壓縮後轉強，可優先觀察起漲/試單。,v266.57.9,2.5,D,續強偏弱,回檔不破前低｜回檔量縮｜扣分:跌破短均,續強品質不足或有假突破壓力，避免追高。,v266.57.9,1.5,D,突破不足,收盤接近高點,尚未形成乾淨突破，不急著升級。,v266.57.9,GENERIC,0.55,0.5,0.5,5.3,498.0,最後後處理補寫：原分數+結構前置+續強品質+突破品質；不覆蓋原策略,籌碼風險,3.266,v266.58.1,2026-05-09 00:25:47,出貨疑慮,否,籌碼轉弱,出貨疑慮,-2,-15,降級風險,前狀態:nan→今日:出貨疑慮｜狀態降級,RISK,v266.60.2,-1.984,22.0,0.0,0.0,15.0,3.084,487.0,20/40/60結構佳｜主力佈局語意｜風險語意扣分,過熱降權,v266.61,2026-05-09 00:25:50,-4.0,洗盤不破承接｜假突破/出貨風險扣分,無事件,等待下一次確認。,-2.589,503,v266.62,2026-05-09 00:25:51,0.0,,NONE,344,-18,AVOID_CHASE,平台收斂｜風險文字,427
WATCH,2026-05-08,2026-05-11,6732,昇佳電子,ENTRY,PRE,PRE,54.0,WAIT,BLOCK,False,164.0,0.0,0.0,8,安靜吸籌 | 均線收斂 | 接近突破 | 結構尚可,BLOCK：超出本市場狀態可執行名額｜v266.57.9：結構：平台壓縮後轉強，可優先觀察起漲/試單。｜續強：回檔承接尚可，若原策略入選，可優先觀察延續。｜突破：尚未形成乾淨突破，不急著升級。,95.83,,,HIGH,高流動性,60.34,566619.0,92925516000.0,4.0,🟢 偏集中,68（🟢 偏集中）,法人偏多,籌碼偏集中但資料有限，可搭配技術面確認，不宜單獨重倉。,1,部分籌碼資料有限,📉 低信心,,,昇佳電子,4019.0,2906.0,-1113.0,5812.0,1.0,1,0.0,0.0,0.0,0.0,0,TPEX,🟡 洗盤吸籌／整理換手（結構未壞）,中高,不急追；等放量突破或站穩 MA10 / MA20 再提高權重。,2026-05-09 00:25:55,behavior_interpretation,,,,,,,,,,,,,,,,,,,,,,,,,,,,,,,,,,,,,,,,,,,,,,,,,,,,,,,,,,,,,,,,,,,,MA5：依試單節奏判斷,MA20：依試單節奏判斷,,,,,MA10：依試單節奏判斷,MA5：依試單節奏判斷,MA10：依試單節奏判斷,MA20：依試單節奏判斷,突破確認K,整理後轉強,整理後轉強,MA5：依試單節奏判斷｜MA10：依試單節奏判斷｜MA20：依試單節奏判斷｜K棒：突破確認K｜K線：整理後轉強,K棒型態：突破確認K｜K線結構：整理後轉強,依原策略執行，技術欄位用於確認節奏與風險。,8.8,A,起漲結構強,20D站上MA20｜MA20走平翻揚｜MA5站上MA10｜40D平台收斂｜短中均線糾結｜40D低點守住｜接近/站回MA60｜站回60D區間中上｜10D動能轉正｜扣分:長上影壓力,平台壓縮後轉強，可優先觀察起漲/試單。,v266.57.9,7.7,A,續強品質強,回檔不破前低｜低點墊高確認｜收盤守MA5｜續強確認：收盤未跌破MA5｜MA5仍在MA10上｜仍站MA20｜10D動能維持｜扣分:長上影壓力,回檔承接尚可，若原策略入選，可優先觀察延續。,v266.57.9,-1.4,D,突破不足,短均多頭｜扣分:收盤位置偏弱、上影偏長,尚未形成乾淨突破，不急著升級。,v266.57.9,GENERIC,0.55,0.5,0.5,7.99,404.0,最後後處理補寫：原分數+結構前置+續強品質+突破品質；不覆蓋原策略,一般,7.272,v266.58.1,2026-05-09 00:25:47,觀察,否,,觀察,0,0,持續觀察,前狀態:nan→今日:觀察,NO,v266.60.2,7.272,30.0,0.0,0.0,15.0,6.547,458.0,20/40/60結構佳｜續強品質佳｜主力佈局語意｜風險語意扣分,過熱降權,v266.61,2026-05-09 00:25:50,-4.0,洗盤不破承接｜假突破/出貨風險扣分,無事件,等待下一次確認。,3.89,447,v266.62,2026-05-09 00:25:51,0.0,,NONE,272,-18,AVOID_CHASE,平台收斂｜風險文字,428
WATCH,2026-05-08,2026-05-11,6113,亞矽,ENTRY,PRE,PRE,54.0,WAIT,BLOCK,False,24.55,0.0,0.0,8,安靜吸籌 | 均線收斂 | 放量吸收 | 結構尚可,BLOCK：超出本市場狀態可執行名額｜v266.57.9：結構：平台壓縮後轉強，可優先觀察起漲/試單。｜續強：回檔承接尚可，若原策略入選，可優先觀察延續。｜突破：尚未形成乾淨突破，不急著升級。,101.31,,,HIGH,高流動性,70.3,2701578.0,66323739900.0,0.0,🟡 普通,50（🟡 普通）,,籌碼普通或資料有限，需搭配技術面確認。,1,部分籌碼資料有限,📉 低信心,,,亞矽,0.0,0.0,0.0,0.0,0.0,1,0.0,0.0,0.0,0.0,0,TPEX,🟡 洗盤吸籌／整理換手（結構未壞）,中高,不急追；等放量突破或站穩 MA10 / MA20 再提高權重。,2026-05-09 00:25:55,behavior_interpretation,,,,,,,,,,,,,,,,,,,,,,,,,,,,,,,,,,,,,,,,,,,,,,,,,,,,,,,,,,,,,,,,,,,,MA5：依觀察節奏判斷,MA20：依觀察節奏判斷,,,,,MA10：依觀察節奏判斷,MA5：依觀察節奏判斷,MA10：依觀察節奏判斷,MA20：依觀察節奏判斷,整理觀察K,整理收斂,整理收斂,MA5：依觀察節奏判斷｜MA10：依觀察節奏判斷｜MA20：依觀察節奏判斷｜K棒：整理觀察K｜K線：整理收斂,K棒型態：整理觀察K｜K線結構：整理收斂,依原策略執行，技術欄位用於確認節奏與風險。,11.8,A,起漲結構強,20D站上MA20｜MA20走平翻揚｜MA5站上MA10｜40D平台收斂｜短中均線糾結｜40D低點守住｜接近/站回MA60｜MA60不再下彎｜站回60D區間中上｜量縮後溫和放量｜10D動能轉正｜扣分:長上影壓力,平台壓縮後轉強，可優先觀察起漲/試單。,v266.57.9,7.7,A,續強品質強,回檔不破前低｜低點墊高確認｜收盤守MA5｜續強確認：收盤未跌破MA5｜MA5仍在MA10上｜仍站MA20｜10D動能維持｜扣分:長上影壓力,回檔承接尚可，若原策略入選，可優先觀察延續。,v266.57.9,-1.4,D,突破不足,短均多頭｜扣分:收盤位置偏弱、上影偏長,尚未形成乾淨突破，不急著升級。,v266.57.9,GENERIC,0.55,0.5,0.5,9.64,303.0,最後後處理補寫：原分數+結構前置+續強品質+突破品質；不覆蓋原策略,一般,7.905,v266.58.1,2026-05-09 00:25:47,觀察,否,,觀察,0,0,持續觀察,前狀態:nan→今日:觀察,NO,v266.60.2,7.905,30.0,0.0,0.0,15.0,6.611,452.0,20/40/60結構佳｜續強品質佳｜主力佈局語意｜風險語意扣分,過熱降權,v266.61,2026-05-09 00:25:50,-4.0,洗盤不破承接｜假突破/出貨風險扣分,無事件,等待下一次確認。,4.334,438,v266.62,2026-05-09 00:25:51,0.0,,NONE,281,-18,AVOID_CHASE,平台收斂｜風險文字,429
WATCH,2026-05-08,2026-05-11,2103,台橡,ENTRY,PRE,PRE,50.0,WAIT,BLOCK,False,20.3,0.0,0.0,8,均線收斂 | 放量吸收 | 接近突破 | 結構尚可,BLOCK：超出本市場狀態可執行名額｜v266.57.9：結構：平台壓縮後轉強，可優先觀察起漲/試單。｜續強：回檔承接尚可，若原策略入選，可優先觀察延續。｜突破：尚未形成乾淨突破，不急著升級。,105.63,,,HIGH,高流動性,88.95,23456135.0,476159540500.0,4.0,🟢 偏集中,75（🟢 偏集中）,法人偏多,籌碼偏集中但資料有限，可搭配技術面確認，不宜單獨重倉。,1,部分籌碼資料有限,📉 低信心,,,台橡,300000.0,0.0,205321.0,505321.0,1.0,1,0.0,0.0,0.0,0.0,0,TWSE,⚪ 盤整觀望（等待方向）,中低,先觀察，不急進場；等突破、量能或均線方向出現。,2026-05-09 00:25:55,behavior_interpretation,,,,,,,,,,,,,,,,,,,,,,,,,,,,,,,,,,,,,,,,,,,,,,,,,,,,,,,,,,,,,,,,,,,,MA5：依試單節奏判斷,MA20：依試單節奏判斷,,,,,MA10：依試單節奏判斷,MA5：依試單節奏判斷,MA10：依試單節奏判斷,MA20：依試單節奏判斷,突破確認K,整理後轉強,整理後轉強,MA5：依試單節奏判斷｜MA10：依試單節奏判斷｜MA20：依試單節奏判斷｜K棒：突破確認K｜K線：整理後轉強,K棒型態：突破確認K｜K線結構：整理後轉強,依原策略執行，技術欄位用於確認節奏與風險。,9.1,A,起漲結構強,20D站上MA20｜MA20走平翻揚｜MA5站上MA10｜40D平台收斂｜短中均線糾結｜40D低點守住｜接近/站回MA60｜MA60不再下彎｜站回60D區間中上｜5D動能轉正｜10D動能轉正｜扣分:單日爆量偏高、長上影壓力,平台壓縮後轉強，可優先觀察起漲/試單。,v266.57.9,7.7,A,續強品質強,回檔不破前低｜低點墊高確認｜收盤守MA5｜續強確認：收盤未跌破MA5｜MA5仍在MA10上｜仍站MA20｜10D動能維持｜扣分:長上影壓力,回檔承接尚可，若原策略入選，可優先觀察延續。,v266.57.9,-0.2,D,突破不足,MA5加速上彎｜短均多頭｜扣分:收盤位置偏弱、上影偏長,尚未形成乾淨突破，不急著升級。,v266.57.9,GENERIC,0.55,0.5,0.5,8.755,358.0,最後後處理補寫：原分數+結構前置+續強品質+突破品質；不覆蓋原策略,一般,7.899,v266.58.1,2026-05-09 00:25:47,觀察,否,,觀察,0,0,持續觀察,前狀態:nan→今日:觀察,NO,v266.60.2,7.899,30.0,0.0,0.0,15.0,6.49,462.0,20/40/60結構佳｜續強品質佳｜主力佈局語意｜風險語意扣分,過熱降權,v266.61,2026-05-09 00:25:50,-4.0,洗盤不破承接｜假突破/出貨風險扣分,無事件,等待下一次確認。,4.329,439,v266.62,2026-05-09 00:25:51,0.0,,NONE,280,-18,AVOID_CHASE,平台收斂｜風險文字,430
TEST,2026-05-08,2026-05-11,2606,裕民,ENTRY,PRE,PRE,68.0,WAIT,BLOCK,False,65.0,0.0,0.0,3,安靜吸籌 | 均線收斂 | 放量吸收 | 接近突破 | 結構尚可,BLOCK：超出本市場狀態可執行名額｜v266.57.9：結構：平台壓縮後轉強，可優先觀察起漲/試單。｜續強：回檔承接尚可，若原策略入選，可優先觀察延續。｜突破：尚未形成乾淨突破，不急著升級。,114.02,,,HIGH,高流動性,84.63,6973994.0,453309610000.0,0.0,❌ 極度分散,15（❌ 極度分散）,,籌碼偏弱且資料有限，避免重倉追高。,1,部分籌碼資料有限,📉 低信心,,,裕民,249194.0,-689577.0,6164.0,-434219.0,0.0,1,0.0,0.0,0.0,0.0,0,TWSE,🟡 洗盤吸籌／整理換手（結構未壞）,中高,不急追；等放量突破或站穩 MA10 / MA20 再提高權重。,2026-05-09 00:25:55,behavior_interpretation,,,,,,,,,,,,,,,,,,,,,,,,,,,,,,,,,,,,,,,,,,,,,,,,,,,,,,,,,,,,,,,,,,,,MA5：依試單節奏判斷,MA20：依試單節奏判斷,,,,,MA10：依試單節奏判斷,MA5：依試單節奏判斷,MA10：依試單節奏判斷,MA20：依試單節奏判斷,突破確認K,整理後轉強,整理後轉強,MA5：依試單節奏判斷｜MA10：依試單節奏判斷｜MA20：依試單節奏判斷｜K棒：突破確認K｜K線：整理後轉強,K棒型態：突破確認K｜K線結構：整理後轉強,依原策略執行，技術欄位用於確認節奏與風險。,12.0,A,起漲結構強,20D站上MA20｜MA20走平翻揚｜MA5站上MA10｜接近20日高｜40D平台收斂｜短中均線糾結｜40D低點守住｜接近/站回MA60｜MA60不再下彎｜站回60D區間中上｜量縮後溫和放量｜5D動能轉正｜10D動能轉正｜扣分:長上影壓力,平台壓縮後轉強，可優先觀察起漲/試單。,v266.57.9,7.7,A,續強品質強,回檔不破前低｜低點墊高確認｜收盤守MA5｜續強確認：收盤未跌破MA5｜MA5仍在MA10上｜仍站MA20｜10D動能維持｜扣分:長上影壓力,回檔承接尚可，若原策略入選，可優先觀察延續。,v266.57.9,-1.4,D,突破不足,短均多頭｜扣分:收盤位置偏弱、上影偏長,尚未形成乾淨突破，不急著升級。,v266.57.9,GENERIC,0.55,0.5,0.5,9.75,296.0,最後後處理補寫：原分數+結構前置+續強品質+突破品質；不覆蓋原策略,一般,7.995,v266.58.1,2026-05-09 00:25:47,觀察,否,,觀察,0,0,持續觀察,前狀態:nan→今日:觀察,NO,v266.60.2,7.995,30.0,0.0,0.0,15.0,7.04,435.0,20/40/60結構佳｜續強品質佳｜主力佈局語意｜風險語意扣分,過熱降權,v266.61,2026-05-09 00:25:50,-4.0,洗盤不破承接｜假突破/出貨風險扣分,無事件,等待下一次確認。,4.396,436,v266.62,2026-05-09 00:25:51,0.0,,NONE,283,-18,AVOID_CHASE,平台收斂｜風險文字,431
TEST,2026-05-08,2026-05-11,2887,台新新光金,ENTRY,PRE,PRE,86.0,WAIT,BLOCK,False,23.8,0.0,0.0,3,波動壓縮 | 安靜吸籌 | 均線收斂 | 放量吸收 | 接近突破 | 結構尚可,BLOCK：超出本市場狀態可執行名額｜大盤中性 ：BUY 降級 TEST，控制追高｜v266.57.9：結構：平台壓縮後轉強，可優先觀察起漲/試單。｜續強：回檔承接尚可，若原策略入選，可優先觀察延續。｜突破：尚未形成乾淨突破，不急著升級。,128.13,,,HIGH,高流動性,96.65,110828395.0,2637715801000.0,0.0,❌ 極度分散,15（❌ 極度分散）,,籌碼偏弱且資料有限，避免重倉追高。,1,部分籌碼資料有限,📉 低信心,,,台新金,7664006.0,-16873000.0,652203.0,-8556791.0,0.0,1,0.0,0.0,0.0,0.0,0,TWSE,🟡 洗盤吸籌／整理換手（結構未壞）,中高,不急追；等放量突破或站穩 MA10 / MA20 再提高權重。,2026-05-09 00:25:55,behavior_interpretation,,,,,,,,,,,,,,,,,,,,,,,,,,,,,,,,,,,,,,,,,,,,,,,,,,,,,,,,,,,,,,,,,,,,MA5：依試單節奏判斷,MA20：依試單節奏判斷,,,,,MA10：依試單節奏判斷,MA5：依試單節奏判斷,MA10：依試單節奏判斷,MA20：依試單節奏判斷,突破確認K,整理後轉強,整理後轉強,MA5：依試單節奏判斷｜MA10：依試單節奏判斷｜MA20：依試單節奏判斷｜K棒：突破確認K｜K線：整理後轉強,K棒型態：突破確認K｜K線結構：整理後轉強,依原策略執行，技術欄位用於確認節奏與風險。,8.0,A,起漲結構強,40D平台收斂｜短中均線糾結｜40D低點守住｜接近/站回MA60｜MA60不再下彎｜量縮後溫和放量,平台壓縮後轉強，可優先觀察起漲/試單。,v266.57.9,5.3,B,續強品質中,回檔不破前低｜低點墊高確認｜收盤守MA5｜回測守MA10,回檔承接尚可，若原策略入選，可優先觀察延續。,v266.57.9,0.2,D,突破不足,量能較前日放大｜扣分:收盤位置偏弱,尚未形成乾淨突破，不急著升級。,v266.57.9,GENERIC,0.55,0.5,0.5,7.15,441.0,最後後處理補寫：原分數+結構前置+續強品質+突破品質；不覆蓋原策略,一般,5.863,v266.58.1,2026-05-09 00:25:47,觀察,否,,觀察,0,0,持續觀察,前狀態:nan→今日:觀察,NO,v266.60.2,5.863,30.0,0.0,0.0,0.0,13.666,132.0,20/40/60結構佳｜續強品質佳｜主力佈局語意,主力佈局優先,v266.61,2026-05-09 00:25:50,8.0,洗盤不破承接,無事件,等待下一次確認。,6.504,391,v266.62,2026-05-09 00:25:51,0.0,,NONE,104,-18,AVOID_CHASE,平台收斂｜風險文字,432
TEST,2026-05-08,2026-05-11,2751,王座,ENTRY,PRE,PRE,86.0,WAIT,BLOCK,False,55.4,0.0,0.0,3,波動壓縮 | 安靜吸籌 | 均線收斂 | 放量吸收 | 接近突破 | 結構尚可,BLOCK：超出本市場狀態可執行名額｜大盤中性 ：BUY 降級 TEST，控制追高｜v266.57.9：結構：平台壓縮後轉強，可優先觀察起漲/試單。｜續強：回檔承接尚可，若原策略入選，可優先觀察延續。｜突破：有轉強跡象，但突破品質尚未完全成立。,100.37,,,HIGH,高流動性,30.95,114860.0,6363244000.0,0.0,🟡 普通,50（🟡 普通）,,籌碼普通或資料有限，需搭配技術面確認。,1,部分籌碼資料有限,📉 低信心,,,,0.0,0.0,0.0,0.0,0.0,1,0.0,0.0,0.0,0.0,0,TPEX,🟡 洗盤吸籌／整理換手（結構未壞）,中高,不急追；等放量突破或站穩 MA10 / MA20 再提高權重。,2026-05-09 00:25:55,behavior_interpretation,,,,,,,,,,,,,,,,,,,,,,,,,,,,,,,,,,,,,,,,,,,,,,,,,,,,,,,,,,,,,,,,,,,,MA5：依試單節奏判斷,MA20：依試單節奏判斷,,,,,MA10：依試單節奏判斷,MA5：依試單節奏判斷,MA10：依試單節奏判斷,MA20：依試單節奏判斷,突破確認K,整理後轉強,整理後轉強,MA5：依試單節奏判斷｜MA10：依試單節奏判斷｜MA20：依試單節奏判斷｜K棒：突破確認K｜K線：整理後轉強,K棒型態：突破確認K｜K線結構：整理後轉強,依原策略執行，技術欄位用於確認節奏與風險。,6.0,B,起漲結構中,MA5站上MA10｜40D平台收斂｜短中均線糾結｜量縮後溫和放量,平台壓縮後轉強，可優先觀察起漲/試單。,v266.57.9,6.7,B,續強品質中,回檔不破前低｜低點墊高確認｜收盤守MA5｜續強確認：收盤未跌破MA5｜MA5仍在MA10上,回檔承接尚可，若原策略入選，可優先觀察延續。,v266.57.9,3.8,C,突破觀察,收盤接近高點｜突破近5日高｜短均多頭,有轉強跡象，但突破品質尚未完全成立。,v266.57.9,GENERIC,0.55,0.5,0.5,8.55,367.0,最後後處理補寫：原分數+結構前置+續強品質+突破品質；不覆蓋原策略,一般,7.011,v266.58.1,2026-05-09 00:25:47,觀察,否,,觀察,0,0,持續觀察,前狀態:nan→今日:觀察,NO,v266.60.2,7.011,30.0,0.0,0.0,0.0,13.781,125.0,20/40/60結構佳｜續強品質佳｜主力佈局語意,主力佈局優先,v266.61,2026-05-09 00:25:50,8.0,洗盤不破承接,無事件,等待下一次確認。,7.308,349,v266.62,2026-05-09 00:25:51,0.0,,NONE,102,-18,AVOID_CHASE,平台收斂｜風險文字,433
TEST,2026-05-08,2026-05-11,4991,環宇-KY,ENTRY,PRE,PRE,72.0,WAIT,BLOCK,False,644.0,0.0,0.0,3,波動壓縮 | 安靜吸籌 | 均線收斂 | 放量吸收 | 結構尚可,BLOCK：超出本市場狀態可執行名額｜v266.57.9：結構：平台壓縮後轉強，可優先觀察起漲/試單。｜續強：回檔承接尚可，若原策略入選，可優先觀察延續。｜突破：尚未形成乾淨突破，不急著升級。,118.43,,,HIGH,高流動性,90.93,6358985.0,4095186340000.0,4.0,🔥 高度集中,85（🔥 高度集中）,法人偏多,籌碼偏集中但資料有限，可搭配技術面確認，不宜單獨重倉。,1,部分籌碼資料有限,📉 低信心,,,環宇-KY,67833.0,104160.0,-40726.0,131267.0,1.0,1,0.0,0.0,0.0,0.0,0,TPEX,🟡 洗盤吸籌／整理換手（結構未壞）,中高,不急追；等放量突破或站穩 MA10 / MA20 再提高權重。,2026-05-09 00:25:55,behavior_interpretation,,,,,,,,,,,,,,,,,,,,,,,,,,,,,,,,,,,,,,,,,,,,,,,,,,,,,,,,,,,,,,,,,,,,MA5：依試單節奏判斷,MA20：依試單節奏判斷,,,,,MA10：依試單節奏判斷,MA5：依試單節奏判斷,MA10：依試單節奏判斷,MA20：依試單節奏判斷,突破確認K,整理後轉強,整理後轉強,MA5：依試單節奏判斷｜MA10：依試單節奏判斷｜MA20：依試單節奏判斷｜K棒：突破確認K｜K線：整理後轉強,K棒型態：突破確認K｜K線結構：整理後轉強,依原策略執行，技術欄位用於確認節奏與風險。,8.3,A,起漲結構強,20D站上MA20｜MA20走平翻揚｜MA5站上MA10｜短中均線糾結｜40D低點守住｜接近/站回MA60｜MA60不再下彎｜站回60D區間中上｜10D動能轉正｜扣分:長上影壓力,平台壓縮後轉強，可優先觀察起漲/試單。,v266.57.9,7.7,A,續強品質強,回檔不破前低｜低點墊高確認｜收盤守MA5｜續強確認：收盤未跌破MA5｜MA5仍在MA10上｜仍站MA20｜10D動能維持｜扣分:長上影壓力,回檔承接尚可，若原策略入選，可優先觀察延續。,v266.57.9,-1.4,D,突破不足,短均多頭｜扣分:收盤位置偏弱、上影偏長,尚未形成乾淨突破，不急著升級。,v266.57.9,GENERIC,0.55,0.5,0.5,7.715,415.0,最後後處理補寫：原分數+結構前置+續強品質+突破品質；不覆蓋原策略,一般,7.046,v266.58.1,2026-05-09 00:25:47,觀察,否,,觀察,0,0,持續觀察,前狀態:nan→今日:觀察,NO,v266.60.2,7.046,30.0,0.0,0.0,15.0,7.065,434.0,20/40/60結構佳｜續強品質佳｜主力佈局語意｜風險語意扣分,過熱降權,v266.61,2026-05-09 00:25:50,-4.0,洗盤不破承接｜假突破/出貨風險扣分,無事件,等待下一次確認。,3.732,450,v266.62,2026-05-09 00:25:51,0.0,,NONE,269,-18,AVOID_CHASE,平台收斂｜風險文字,434
WATCH,2026-05-08,2026-05-11,2024,志聯,ENTRY,PRE,PRE,54.0,WAIT,BLOCK,False,14.3,0.0,0.0,8,波動壓縮 | 均線收斂 | 接近突破 | 結構尚可,BLOCK：超出本市場狀態可執行名額｜v266.57.9：結構：結構證據不足，保留原策略但降低信心。｜續強：回檔承接尚可，若原策略入選，可優先觀察延續。｜突破：突破品質尚可，可列入試單後續確認。,65.36,,,HIGH,高流動性,1.85,6086.0,87029800.0,-6.0,⚠️ 分散,38（⚠️ 分散）,籌碼風險,籌碼普通或資料有限，需搭配技術面確認。,1,部分籌碼資料有限,📉 低信心,,,志聯,-7000.0,0.0,0.0,-7000.0,0.0,1,0.0,0.0,0.0,0.0,0,TWSE,⚪ 盤整觀望（等待方向）,中低,先觀察，不急進場；等突破、量能或均線方向出現。,2026-05-09 00:25:55,behavior_interpretation,,,,,,,,,,,,,,,,,,,,,,,,,,,,,,,,,,,,,,,,,,,,,,,,,,,,,,,,,,,,,,,,,,,,MA5：依試單節奏判斷,MA20：依試單節奏判斷,,,,,MA10：依試單節奏判斷,MA5：依試單節奏判斷,MA10：依試單節奏判斷,MA20：依試單節奏判斷,突破確認K,整理後轉強,整理後轉強,MA5：依試單節奏判斷｜MA10：依試單節奏判斷｜MA20：依試單節奏判斷｜K棒：突破確認K｜K線：整理後轉強,K棒型態：突破確認K｜K線結構：整理後轉強,依原策略執行，技術欄位用於確認節奏與風險。,3.8,D,結構偏弱,40D平台收斂｜短中均線糾結｜5D動能轉正,結構證據不足，保留原策略但降低信心。,v266.57.9,7.0,A,續強品質強,回檔不破前低｜低點墊高確認｜收盤守MA5｜續強確認：收盤未跌破MA5｜回檔量縮,回檔承接尚可，若原策略入選，可優先觀察延續。,v266.57.9,4.2,B,突破品質中,收盤接近高點｜突破近5日高｜MA5加速上彎,突破品質尚可，可列入試單後續確認。,v266.57.9,GENERIC,0.55,0.5,0.5,7.69,417.0,最後後處理補寫：原分數+結構前置+續強品質+突破品質；不覆蓋原策略,籌碼風險,5.226,v266.58.1,2026-05-09 00:25:47,出貨疑慮,否,籌碼轉弱,出貨疑慮,-2,-15,降級風險,前狀態:nan→今日:出貨疑慮｜狀態降級,RISK,v266.60.2,-0.024,8.0,0.0,0.0,15.0,-1.02,515.0,續強品質佳｜風險語意扣分｜突破品質輔助,過熱降權,v266.61,2026-05-09 00:25:50,3.0,洗盤不破承接｜突破品質成立但未過熱｜假突破/出貨風險扣分,無事件,等待下一次確認。,0.883,476,v266.62,2026-05-09 00:25:51,0.0,,NONE,298,-18,AVOID_CHASE,平台收斂｜風險文字,435
TEST,2026-05-08,2026-05-11,1817,凱撒衛,ENTRY,PRE,PRE,86.0,WAIT,WATCH,False,38.5,0.0,0.0,3,波動壓縮 | 安靜吸籌 | 均線收斂 | 放量吸收 | 接近突破 | 結構尚可,WATCH：保留觀察，不下單｜大盤中性 ：BUY 降級 TEST，控制追高｜v266.57.9：結構：平台壓縮後轉強，可優先觀察起漲/試單。｜續強：回檔承接尚可，若原策略入選，可優先觀察延續。｜突破：尚未形成乾淨突破，不急著升級。,96.43,,,HIGH,高流動性,21.93,73197.0,2818084500.0,0.0,⚠️ 分散,39（⚠️ 分散）,,籌碼普通或資料有限，需搭配技術面確認。,1,部分籌碼資料有限,📉 低信心,,,凱撒衛,-6000.0,0.0,0.0,-6000.0,0.0,1,0.0,0.0,0.0,0.0,0,TWSE,🟡 洗盤吸籌／整理換手（結構未壞）,中高,不急追；等放量突破或站穩 MA10 / MA20 再提高權重。,2026-05-09 00:25:55,behavior_interpretation,,,,,,,,,,,,,,,,,,,,,,,,,,,,,,,,,,,,,,,,,,,,,,,,,,,,,,,,,,,,,,,,,,,,MA5：依試單節奏判斷,MA20：依試單節奏判斷,,,,,MA10：依試單節奏判斷,MA5：依試單節奏判斷,MA10：依試單節奏判斷,MA20：依試單節奏判斷,突破確認K,整理後轉強,整理後轉強,MA5：依試單節奏判斷｜MA10：依試單節奏判斷｜MA20：依試單節奏判斷｜K棒：突破確認K｜K線：整理後轉強,K棒型態：突破確認K｜K線結構：整理後轉強,依原策略執行，技術欄位用於確認節奏與風險。,9.0,A,起漲結構強,接近20日高｜40D平台收斂｜短中均線糾結｜40D低點守住｜接近/站回MA60｜MA60不再下彎｜量縮後溫和放量,平台壓縮後轉強，可優先觀察起漲/試單。,v266.57.9,5.3,B,續強品質中,回檔不破前低｜低點墊高確認｜收盤守MA5｜回測守MA10,回檔承接尚可，若原策略入選，可優先觀察延續。,v266.57.9,0.2,D,突破不足,量能較前日放大｜扣分:收盤位置偏弱,尚未形成乾淨突破，不急著升級。,v266.57.9,WATCH,0.55,0.35,0.75,6.955,454.0,最後後處理補寫：原分數+結構前置+續強品質+突破品質；不覆蓋原策略,一般,5.703,v266.58.1,2026-05-09 00:25:47,觀察,否,,觀察,0,0,持續觀察,前狀態:nan→今日:觀察,NO,v266.60.2,5.703,30.0,0.0,0.0,0.0,13.65,135.0,20/40/60結構佳｜續強品質佳｜主力佈局語意,主力佈局優先,v266.61,2026-05-09 00:25:50,8.0,洗盤不破承接,無事件,等待下一次確認。,6.392,401,v266.62,2026-05-09 00:25:51,0.0,,NONE,94,-18,AVOID_CHASE,平台收斂｜風險文字,436
WATCH,2026-05-08,2026-05-11,6494,九齊,ENTRY,PRE,PRE,58.0,WAIT,BLOCK,False,55.8,0.0,0.0,8,波動壓縮 | 安靜吸籌 | 均線收斂 | 結構尚可,BLOCK：超出本市場狀態可執行名額｜v266.57.9：結構：平台壓縮後轉強，可優先觀察起漲/試單。｜續強：回檔承接尚可，若原策略入選，可優先觀察延續。｜突破：尚未形成乾淨突破，不急著升級。,100.38,,,HIGH,高流動性,63.64,1123477.0,62690016599.99999,0.0,🟡 普通,50（🟡 普通）,,籌碼普通或資料有限，需搭配技術面確認。,1,部分籌碼資料有限,📉 低信心,,,九齊,0.0,0.0,0.0,0.0,0.0,1,0.0,0.0,0.0,0.0,0,TPEX,🟡 洗盤吸籌／整理換手（結構未壞）,中高,不急追；等放量突破或站穩 MA10 / MA20 再提高權重。,2026-05-09 00:25:55,behavior_interpretation,,,,,,,,,,,,,,,,,,,,,,,,,,,,,,,,,,,,,,,,,,,,,,,,,,,,,,,,,,,,,,,,,,,,MA5：依觀察節奏判斷,MA20：依觀察節奏判斷,,,,,MA10：依觀察節奏判斷,MA5：依觀察節奏判斷,MA10：依觀察節奏判斷,MA20：依觀察節奏判斷,整理觀察K,整理收斂,整理收斂,MA5：依觀察節奏判斷｜MA10：依觀察節奏判斷｜MA20：依觀察節奏判斷｜K棒：整理觀察K｜K線：整理收斂,K棒型態：整理觀察K｜K線結構：整理收斂,依原策略執行，技術欄位用於確認節奏與風險。,9.8,A,起漲結構強,20D站上MA20｜MA20走平翻揚｜MA5站上MA10｜40D平台收斂｜短中均線糾結｜40D低點守住｜接近/站回MA60｜MA60不再下彎｜站回60D區間中上｜10D動能轉正｜扣分:長上影壓力,平台壓縮後轉強，可優先觀察起漲/試單。,v266.57.9,7.7,A,續強品質強,回檔不破前低｜低點墊高確認｜收盤守MA5｜續強確認：收盤未跌破MA5｜MA5仍在MA10上｜仍站MA20｜10D動能維持｜扣分:長上影壓力,回檔承接尚可，若原策略入選，可優先觀察延續。,v266.57.9,-1.4,D,突破不足,短均多頭｜扣分:收盤位置偏弱、上影偏長,尚未形成乾淨突破，不急著升級。,v266.57.9,GENERIC,0.55,0.5,0.5,8.54,375.0,最後後處理補寫：原分數+結構前置+續強品質+突破品質；不覆蓋原策略,一般,7.003,v266.58.1,2026-05-09 00:25:47,觀察,否,,觀察,0,0,持續觀察,首次追蹤:觀察,NO,v266.60.2,7.003,30.0,0.0,0.0,15.0,6.64,449.0,20/40/60結構佳｜續強品質佳｜主力佈局語意｜風險語意扣分,過熱降權,v266.61,2026-05-09 00:25:50,-4.0,洗盤不破承接｜假突破/出貨風險扣分,無事件,等待下一次確認。,3.702,451,v266.62,2026-05-09 00:25:51,0.0,,NONE,268,-18,AVOID_CHASE,平台收斂｜風險文字,437
TEST,2026-05-08,2026-05-11,5310,天剛,ENTRY,PRE,PRE,68.0,WAIT,BLOCK,False,26.0,0.0,0.0,3,安靜吸籌 | 均線收斂 | 放量吸收 | 接近突破 | 結構尚可,BLOCK：超出本市場狀態可執行名額｜v266.57.9：結構：平台壓縮後轉強，可優先觀察起漲/試單。｜續強：回檔承接尚可，若原策略入選，可優先觀察延續。｜突破：尚未形成乾淨突破，不急著升級。,85.25,,,HIGH,高流動性,18.65,67524.0,1755624000.0,0.0,🟡 普通,50（🟡 普通）,,籌碼普通或資料有限，需搭配技術面確認。,0,法人/融資資料有限,📉 低信心,,,,0.0,0.0,0.0,0.0,0.0,0,0.0,0.0,0.0,0.0,0,,🟡 洗盤吸籌／整理換手（結構未壞）,中高,不急追；等放量突破或站穩 MA10 / MA20 再提高權重。,2026-05-09 00:25:55,behavior_interpretation,,,,,,,,,,,,,,,,,,,,,,,,,,,,,,,,,,,,,,,,,,,,,,,,,,,,,,,,,,,,,,,,,,,,MA5：依試單節奏判斷,MA20：依試單節奏判斷,,,,,MA10：依試單節奏判斷,MA5：依試單節奏判斷,MA10：依試單節奏判斷,MA20：依試單節奏判斷,突破確認K,整理後轉強,整理後轉強,MA5：依試單節奏判斷｜MA10：依試單節奏判斷｜MA20：依試單節奏判斷｜K棒：突破確認K｜K線：整理後轉強,K棒型態：突破確認K｜K線結構：整理後轉強,依原策略執行，技術欄位用於確認節奏與風險。,9.8,A,起漲結構強,20D站上MA20｜MA20走平翻揚｜MA5站上MA10｜40D平台收斂｜短中均線糾結｜接近/站回MA60｜MA60不再下彎｜量縮後溫和放量｜10D動能轉正｜扣分:長上影壓力,平台壓縮後轉強，可優先觀察起漲/試單。,v266.57.9,7.7,A,續強品質強,回檔不破前低｜低點墊高確認｜收盤守MA5｜續強確認：收盤未跌破MA5｜MA5仍在MA10上｜仍站MA20｜10D動能維持｜扣分:長上影壓力,回檔承接尚可，若原策略入選，可優先觀察延續。,v266.57.9,-1.4,D,突破不足,短均多頭｜扣分:收盤位置偏弱、上影偏長,尚未形成乾淨突破，不急著升級。,v266.57.9,GENERIC,0.55,0.5,0.5,8.54,375.0,最後後處理補寫：原分數+結構前置+續強品質+突破品質；不覆蓋原策略,一般,7.003,v266.58.1,2026-05-09 00:25:47,觀察,否,,觀察,0,0,持續觀察,前狀態:nan→今日:觀察,NO,v266.60.2,7.003,30.0,0.0,0.0,15.0,6.94,439.0,20/40/60結構佳｜續強品質佳｜主力佈局語意｜風險語意扣分,過熱降權,v266.61,2026-05-09 00:25:50,-4.0,洗盤不破承接｜假突破/出貨風險扣分,無事件,等待下一次確認。,3.702,452,v266.62,2026-05-09 00:25:51,0.0,,NONE,267,-18,AVOID_CHASE,平台收斂｜風險文字,438
TEST,2026-05-08,2026-05-11,2420,新巨,ENTRY,PRE,PRE,86.0,WAIT,BLOCK,False,55.5,0.0,0.0,3,波動壓縮 | 安靜吸籌 | 均線收斂 | 放量吸收 | 接近突破 | 結構尚可,BLOCK：超出本市場狀態可執行名額｜大盤中性 ：BUY 降級 TEST，控制追高｜v266.57.9：結構：平台壓縮後轉強，可優先觀察起漲/試單。｜續強：回檔承接尚可，若原策略入選，可優先觀察延續。｜突破：有轉強跡象，但突破品質尚未完全成立。,112.72,,,HIGH,高流動性,57.29,695633.0,38607631500.0,4.0,🟢 偏集中,70（🟢 偏集中）,法人偏多,籌碼偏集中但資料有限，可搭配技術面確認，不宜單獨重倉。,1,部分籌碼資料有限,📉 低信心,,,新巨,24000.0,0.0,0.0,24000.0,1.0,1,0.0,0.0,0.0,0.0,0,TWSE,🟡 洗盤吸籌／整理換手（結構未壞）,中高,不急追；等放量突破或站穩 MA10 / MA20 再提高權重。,2026-05-09 00:25:55,behavior_interpretation,,,,,,,,,,,,,,,,,,,,,,,,,,,,,,,,,,,,,,,,,,,,,,,,,,,,,,,,,,,,,,,,,,,,MA5：依試單節奏判斷,MA20：依試單節奏判斷,,,,,MA10：依試單節奏判斷,MA5：依試單節奏判斷,MA10：依試單節奏判斷,MA20：依試單節奏判斷,突破確認K,整理後轉強,整理後轉強,MA5：依試單節奏判斷｜MA10：依試單節奏判斷｜MA20：依試單節奏判斷｜K棒：突破確認K｜K線：整理後轉強,K棒型態：突破確認K｜K線結構：整理後轉強,依原策略執行，技術欄位用於確認節奏與風險。,12.0,A,起漲結構強,20D站上MA20｜MA20走平翻揚｜接近20日高｜40D平台收斂｜短中均線糾結｜40D低點守住｜接近/站回MA60｜MA60不再下彎｜站回60D區間中上｜量縮後溫和放量｜5D動能轉正,平台壓縮後轉強，可優先觀察起漲/試單。,v266.57.9,6.5,B,續強品質中,回檔不破前低｜低點墊高確認｜收盤守MA5｜續強確認：收盤未跌破MA5｜仍站MA20,回檔承接尚可，若原策略入選，可優先觀察延續。,v266.57.9,3.9,C,突破觀察,紅K實體放大｜量能較前日放大｜MA5加速上彎,有轉強跡象，但突破品質尚未完全成立。,v266.57.9,GENERIC,0.55,0.5,0.5,11.8,152.0,最後後處理補寫：原分數+結構前置+續強品質+突破品質；不覆蓋原策略,一般,10.396,v266.58.1,2026-05-09 00:25:47,觀察,否,,觀察,0,0,持續觀察,前狀態:nan→今日:觀察,NO,v266.60.2,10.396,30.0,0.0,0.0,0.0,14.12,97.0,20/40/60結構佳｜續強品質佳｜主力佈局語意,主力佈局優先,v266.61,2026-05-09 00:25:50,8.0,洗盤不破承接,無事件,等待下一次確認。,9.677,146,v266.62,2026-05-09 00:25:51,0.0,,NONE,290,-18,AVOID_CHASE,平台收斂｜風險文字,439
TEST,2026-05-08,2026-05-11,1796,金穎生技,ENTRY,PRE,PRE,66.0,WAIT,BLOCK,False,37.55,0.0,0.0,3,波動壓縮 | 安靜吸籌 | 均線收斂 | 放量吸收,BLOCK：超出本市場狀態可執行名額｜v266.57.9：結構：結構證據不足，保留原策略但降低信心。｜續強：回檔承接尚可，若原策略入選，可優先觀察延續。｜突破：尚未形成乾淨突破，不急著升級。,83.29,,,HIGH,高流動性,17.61,51000.0,1915050000.0,-6.0,🟡 普通,50（🟡 普通）,籌碼風險,籌碼普通或資料有限，需搭配技術面確認。,1,部分籌碼資料有限,📉 低信心,,,,0.0,0.0,0.0,0.0,0.0,1,0.0,0.0,0.0,0.0,0,TPEX,🟡 洗盤吸籌／整理換手（結構未壞）,中高,不急追；等放量突破或站穩 MA10 / MA20 再提高權重。,2026-05-09 00:25:55,behavior_interpretation,,,,,,,,,,,,,,,,,,,,,,,,,,,,,,,,,,,,,,,,,,,,,,,,,,,,,,,,,,,,,,,,,,,,MA5：依試單節奏判斷,MA20：依試單節奏判斷,,,,,MA10：依試單節奏判斷,MA5：依試單節奏判斷,MA10：依試單節奏判斷,MA20：依試單節奏判斷,突破確認K,整理後轉強,整理後轉強,MA5：依試單節奏判斷｜MA10：依試單節奏判斷｜MA20：依試單節奏判斷｜K棒：突破確認K｜K線：整理後轉強,K棒型態：突破確認K｜K線結構：整理後轉強,依原策略執行，技術欄位用於確認節奏與風險。,5.0,C,結構觀察,MA5站上MA10｜40D平台收斂｜短中均線糾結｜40D低點守住,結構證據不足，保留原策略但降低信心。,v266.57.9,6.7,B,續強品質中,回檔不破前低｜低點墊高確認｜收盤守MA5｜續強確認：收盤未跌破MA5｜MA5仍在MA10上,回檔承接尚可，若原策略入選，可優先觀察延續。,v266.57.9,-0.2,D,突破不足,短均多頭｜扣分:收盤位置偏弱,尚未形成乾淨突破，不急著升級。,v266.57.9,GENERIC,0.55,0.5,0.5,6.0,484.0,最後後處理補寫：原分數+結構前置+續強品質+突破品質；不覆蓋原策略,籌碼風險,3.84,v266.58.1,2026-05-09 00:25:47,出貨疑慮,否,籌碼轉弱,出貨疑慮,-2,-15,降級風險,前狀態:nan→今日:出貨疑慮｜狀態降級,RISK,v266.60.2,-1.41,18.0,0.0,0.0,15.0,2.102,501.0,續強品質佳｜主力佈局語意｜風險語意扣分,過熱降權,v266.61,2026-05-09 00:25:50,-4.0,洗盤不破承接｜假突破/出貨風險扣分,無事件,等待下一次確認。,-2.187,498,v266.62,2026-05-09 00:25:51,0.0,,NONE,349,-18,AVOID_CHASE,平台收斂｜風險文字,440
TEST,2026-05-08,2026-05-11,8367,建新國際,ENTRY,PRE,PRE,86.0,WAIT,BLOCK,False,42.05,0.0,0.0,3,波動壓縮 | 安靜吸籌 | 均線收斂 | 放量吸收 | 接近突破 | 結構尚可,BLOCK：超出本市場狀態可執行名額｜大盤中性 ：BUY 降級 TEST，控制追高｜v266.57.9：結構：平台壓縮後轉強，可優先觀察起漲/試單。｜續強：續強品質不足或有假突破壓力，避免追高。｜突破：尚未形成乾淨突破，不急著升級。,100.42,,,HIGH,高流動性,30.51,128665.0,5410363250.0,-6.0,🟡 普通,50（🟡 普通）,籌碼風險,籌碼普通或資料有限，需搭配技術面確認。,1,部分籌碼資料有限,📉 低信心,,,建新國際,0.0,0.0,0.0,0.0,0.0,1,0.0,0.0,0.0,0.0,0,TWSE,🟡 洗盤吸籌／整理換手（結構未壞）,中高,不急追；等放量突破或站穩 MA10 / MA20 再提高權重。,2026-05-09 00:25:55,behavior_interpretation,,,,,,,,,,,,,,,,,,,,,,,,,,,,,,,,,,,,,,,,,,,,,,,,,,,,,,,,,,,,,,,,,,,,MA5：依試單節奏判斷,MA20：依試單節奏判斷,,,,,MA10：依試單節奏判斷,MA5：依試單節奏判斷,MA10：依試單節奏判斷,MA20：依試單節奏判斷,突破確認K,整理後轉強,整理後轉強,MA5：依試單節奏判斷｜MA10：依試單節奏判斷｜MA20：依試單節奏判斷｜K棒：突破確認K｜K線：整理後轉強,K棒型態：突破確認K｜K線結構：整理後轉強,依原策略執行，技術欄位用於確認節奏與風險。,7.0,B,起漲結構中,40D平台收斂｜短中均線糾結｜40D低點守住｜MA60不再下彎｜量縮後溫和放量,平台壓縮後轉強，可優先觀察起漲/試單。,v266.57.9,3.5,C,續強觀察,回檔不破前低｜低點墊高確認｜收盤守MA5｜扣分:跌破短均,續強品質不足或有假突破壓力，避免追高。,v266.57.9,0.2,D,突破不足,量能較前日放大｜扣分:收盤位置偏弱,尚未形成乾淨突破，不急著升級。,v266.57.9,GENERIC,0.55,0.5,0.5,5.7,492.0,最後後處理補寫：原分數+結構前置+續強品質+突破品質；不覆蓋原策略,籌碼風險,3.594,v266.58.1,2026-05-09 00:25:47,出貨疑慮,否,籌碼轉弱,出貨疑慮,-2,-15,降級風險,前狀態:nan→今日:出貨疑慮｜狀態降級,RISK,v266.60.2,-1.656,22.0,0.0,0.0,15.0,4.077,472.0,20/40/60結構佳｜主力佈局語意｜風險語意扣分,過熱降權,v266.61,2026-05-09 00:25:50,-4.0,洗盤不破承接｜假突破/出貨風險扣分,無事件,等待下一次確認。,-2.359,500,v266.62,2026-05-09 00:25:51,0.0,,NONE,347,-18,AVOID_CHASE,平台收斂｜風險文字,441
WATCH,2026-05-08,2026-05-11,2609,陽明,ENTRY,PRE,PRE,54.0,WAIT,BLOCK,False,49.9,0.0,0.0,8,波動壓縮 | 均線收斂 | 接近突破 | 結構尚可,BLOCK：超出本市場狀態可執行名額｜v266.57.9：結構：結構證據不足，保留原策略但降低信心。｜續強：回檔承接尚可，若原策略入選，可優先觀察延續。｜突破：尚未形成乾淨突破，不急著升級。,108.36,,,HIGH,高流動性,90.47,17222047.0,859380145300.0,-6.0,❌ 極度分散,15（❌ 極度分散）,籌碼風險,籌碼偏弱且資料有限，避免重倉追高。,1,部分籌碼資料有限,📉 低信心,,,陽明,-1969366.0,-133850.0,62530.0,-2040686.0,0.0,1,0.0,0.0,0.0,0.0,0,TWSE,⚪ 盤整觀望（等待方向）,中低,先觀察，不急進場；等突破、量能或均線方向出現。,2026-05-09 00:25:55,behavior_interpretation,,,,,,,,,,,,,,,,,,,,,,,,,,,,,,,,,,,,,,,,,,,,,,,,,,,,,,,,,,,,,,,,,,,,MA5：依試單節奏判斷,MA20：依試單節奏判斷,,,,,MA10：依試單節奏判斷,MA5：依試單節奏判斷,MA10：依試單節奏判斷,MA20：依試單節奏判斷,突破確認K,整理後轉強,整理後轉強,MA5：依試單節奏判斷｜MA10：依試單節奏判斷｜MA20：依試單節奏判斷｜K棒：突破確認K｜K線：整理後轉強,K棒型態：突破確認K｜K線結構：整理後轉強,依原策略執行，技術欄位用於確認節奏與風險。,3.8,D,結構偏弱,40D平台收斂｜短中均線糾結｜5D動能轉正,結構證據不足，保留原策略但降低信心。,v266.57.9,7.0,A,續強品質強,回檔不破前低｜低點墊高確認｜收盤守MA5｜續強確認：收盤未跌破MA5｜回檔量縮,回檔承接尚可，若原策略入選，可優先觀察延續。,v266.57.9,0.2,D,突破不足,量能較前日放大｜扣分:收盤位置偏弱,尚未形成乾淨突破，不急著升級。,v266.57.9,GENERIC,0.55,0.5,0.5,5.69,495.0,最後後處理補寫：原分數+結構前置+續強品質+突破品質；不覆蓋原策略,籌碼風險,3.586,v266.58.1,2026-05-09 00:25:47,出貨疑慮,否,籌碼轉弱,出貨疑慮,-2,-15,降級風險,前狀態:nan→今日:出貨疑慮｜狀態降級,RISK,v266.60.2,-1.664,8.0,0.0,0.0,15.0,-1.784,531.0,續強品質佳｜風險語意扣分,過熱降權,v266.61,2026-05-09 00:25:50,-4.0,洗盤不破承接｜假突破/出貨風險扣分,無事件,等待下一次確認。,-2.365,501,v266.62,2026-05-09 00:25:51,0.0,,NONE,346,-18,AVOID_CHASE,平台收斂｜風險文字,442
TEST,2026-05-08,2026-05-11,6282,康舒,ENTRY,PRE,PRE,72.0,WAIT,BLOCK,False,50.4,0.0,0.0,3,波動壓縮 | 安靜吸籌 | 均線收斂 | 放量吸收 | 結構尚可,BLOCK：超出本市場狀態可執行名額｜v266.57.9：結構：平台壓縮後轉強，可優先觀察起漲/試單。｜續強：回檔承接尚可，若原策略入選，可優先觀察延續。｜突破：尚未形成乾淨突破，不急著升級。,120.27,,,HIGH,高流動性,96.21,53598042.0,2701341316799.9995,0.0,❌ 極度分散,17（❌ 極度分散）,,籌碼偏弱且資料有限，避免重倉追高。,1,部分籌碼資料有限,📉 低信心,,,,-5263997.0,-4000.0,439484.0,-4828513.0,0.0,1,0.0,0.0,0.0,0.0,0,TWSE,🟡 洗盤吸籌／整理換手（結構未壞）,中高,不急追；等放量突破或站穩 MA10 / MA20 再提高權重。,2026-05-09 00:25:55,behavior_interpretation,,,,,,,,,,,,,,,,,,,,,,,,,,,,,,,,,,,,,,,,,,,,,,,,,,,,,,,,,,,,,,,,,,,,MA5：依試單節奏判斷,MA20：依試單節奏判斷,,,,,MA10：依試單節奏判斷,MA5：依試單節奏判斷,MA10：依試單節奏判斷,MA20：依試單節奏判斷,突破確認K,整理後轉強,整理後轉強,MA5：依試單節奏判斷｜MA10：依試單節奏判斷｜MA20：依試單節奏判斷｜K棒：突破確認K｜K線：整理後轉強,K棒型態：突破確認K｜K線結構：整理後轉強,依原策略執行，技術欄位用於確認節奏與風險。,11.6,A,起漲結構強,20D站上MA20｜MA20走平翻揚｜MA5站上MA10｜40D平台收斂｜短中均線糾結｜40D低點守住｜接近/站回MA60｜站回60D區間中上｜量縮後溫和放量｜5D動能轉正｜10D動能轉正｜扣分:長上影壓力,平台壓縮後轉強，可優先觀察起漲/試單。,v266.57.9,7.7,A,續強品質強,回檔不破前低｜低點墊高確認｜收盤守MA5｜續強確認：收盤未跌破MA5｜MA5仍在MA10上｜仍站MA20｜10D動能維持｜扣分:長上影壓力,回檔承接尚可，若原策略入選，可優先觀察延續。,v266.57.9,-0.2,D,突破不足,量能較前日放大｜短均多頭｜扣分:收盤位置偏弱、上影偏長,尚未形成乾淨突破，不急著升級。,v266.57.9,GENERIC,0.55,0.5,0.5,10.13,270.0,最後後處理補寫：原分數+結構前置+續強品質+突破品質；不覆蓋原策略,一般,8.307,v266.58.1,2026-05-09 00:25:47,觀察,否,,觀察,0,0,持續觀察,前狀態:nan→今日:觀察,NO,v266.60.2,8.307,30.0,0.0,0.0,15.0,7.191,429.0,20/40/60結構佳｜續強品質佳｜主力佈局語意｜風險語意扣分,過熱降權,v266.61,2026-05-09 00:25:50,-4.0,洗盤不破承接｜假突破/出貨風險扣分,無事件,等待下一次確認。,4.615,429,v266.62,2026-05-09 00:25:51,0.0,,NONE,258,-18,AVOID_CHASE,平台收斂｜風險文字,443
TEST,2026-05-08,2026-05-11,6472,保瑞,ENTRY,PRE,PRE,80.0,WAIT,BLOCK,False,419.0,0.0,0.0,3,波動壓縮 | 安靜吸籌 | 均線收斂 | 放量吸收 | 接近突破,BLOCK：超出本市場狀態可執行名額｜大盤中性 ：BUY 降級 TEST，控制追高｜v266.57.9：結構：平台壓縮後轉強，可優先觀察起漲/試單。｜續強：回檔承接尚可，若原策略入選，可優先觀察延續。｜突破：有轉強跡象，但突破品質尚未完全成立。,118.94,,,HIGH,高流動性,79.83,2043556.0,856249964000.0,4.0,🟢 偏集中,65（🟢 偏集中）,法人偏多,籌碼偏集中但資料有限，可搭配技術面確認，不宜單獨重倉。,1,部分籌碼資料有限,📉 低信心,,,保瑞,-1738.0,0.0,16300.0,14562.0,1.0,1,0.0,0.0,0.0,0.0,0,TWSE,🟡 洗盤吸籌／整理換手（結構未壞）,中高,不急追；等放量突破或站穩 MA10 / MA20 再提高權重。,2026-05-09 00:25:55,behavior_interpretation,,,,,,,,,,,,,,,,,,,,,,,,,,,,,,,,,,,,,,,,,,,,,,,,,,,,,,,,,,,,,,,,,,,,MA5：依試單節奏判斷,MA20：依試單節奏判斷,,,,,MA10：依試單節奏判斷,MA5：依試單節奏判斷,MA10：依試單節奏判斷,MA20：依試單節奏判斷,突破確認K,整理後轉強,整理後轉強,MA5：依試單節奏判斷｜MA10：依試單節奏判斷｜MA20：依試單節奏判斷｜K棒：突破確認K｜K線：整理後轉強,K棒型態：突破確認K｜K線結構：整理後轉強,依原策略執行，技術欄位用於確認節奏與風險。,7.6,B,起漲結構中,20D站上MA20｜MA5站上MA10｜40D平台收斂｜短中均線糾結｜量縮後溫和放量｜5D動能轉正｜10D動能轉正｜扣分:長上影壓力,平台壓縮後轉強，可優先觀察起漲/試單。,v266.57.9,7.7,A,續強品質強,回檔不破前低｜低點墊高確認｜收盤守MA5｜續強確認：收盤未跌破MA5｜MA5仍在MA10上｜仍站MA20｜10D動能維持｜扣分:長上影壓力,回檔承接尚可，若原策略入選，可優先觀察延續。,v266.57.9,2.5,C,突破觀察,量能較前日放大｜突破近5日高｜MA5加速上彎｜短均多頭｜扣分:收盤位置偏弱、上影偏長,有轉強跡象，但突破品質尚未完全成立。,v266.57.9,GENERIC,0.55,0.5,0.5,9.28,332.0,最後後處理補寫：原分數+結構前置+續強品質+突破品質；不覆蓋原策略,一般,8.33,v266.58.1,2026-05-09 00:25:47,觀察,否,,觀察,0,0,持續觀察,前狀態:nan→今日:觀察,NO,v266.60.2,8.33,30.0,0.0,0.0,15.0,7.433,423.0,20/40/60結構佳｜續強品質佳｜主力佈局語意｜風險語意扣分,過熱降權,v266.61,2026-05-09 00:25:50,-4.0,洗盤不破承接｜假突破/出貨風險扣分,無事件,等待下一次確認。,4.631,428,v266.62,2026-05-09 00:25:51,0.0,,NONE,259,-18,AVOID_CHASE,平台收斂｜風險文字,444
TEST,2026-05-08,2026-05-11,1513,中興電,ENTRY,PRE,PRE,86.0,WAIT,BLOCK,False,158.0,0.0,0.0,3,波動壓縮 | 安靜吸籌 | 均線收斂 | 放量吸收 | 接近突破 | 結構尚可,BLOCK：超出本市場狀態可執行名額｜大盤中性 ：BUY 降級 TEST，控制追高｜v266.57.9：結構：平台壓縮後轉強，可優先觀察起漲/試單。｜續強：回檔承接尚可，若原策略入選，可優先觀察延續。｜突破：有轉強跡象，但突破品質尚未完全成立。,127.22,,,HIGH,高流動性,94.05,17757265.0,2805647870000.0,4.0,🟢 偏集中,65（🟢 偏集中）,法人偏多,籌碼偏集中但資料有限，可搭配技術面確認，不宜單獨重倉。,1,部分籌碼資料有限,📉 低信心,,,中興電,-11042.0,-6160.0,51875.0,34673.0,1.0,1,0.0,0.0,0.0,0.0,0,TWSE,🟡 洗盤吸籌／整理換手（結構未壞）,中高,不急追；等放量突破或站穩 MA10 / MA20 再提高權重。,2026-05-09 00:25:55,behavior_interpretation,,,,,,,,,,,,,,,,,,,,,,,,,,,,,,,,,,,,,,,,,,,,,,,,,,,,,,,,,,,,,,,,,,,,MA5：依試單節奏判斷,MA20：依試單節奏判斷,,,,,MA10：依試單節奏判斷,MA5：依試單節奏判斷,MA10：依試單節奏判斷,MA20：依試單節奏判斷,突破確認K,整理後轉強,整理後轉強,MA5：依試單節奏判斷｜MA10：依試單節奏判斷｜MA20：依試單節奏判斷｜K棒：突破確認K｜K線：整理後轉強,K棒型態：突破確認K｜K線結構：整理後轉強,依原策略執行，技術欄位用於確認節奏與風險。,8.1,A,起漲結構強,20D站上MA20｜MA20走平翻揚｜MA5站上MA10｜接近20日高｜40D平台收斂｜短中均線糾結｜40D低點守住｜接近/站回MA60｜5D動能轉正｜10D動能轉正｜扣分:單日爆量偏高、長上影壓力,平台壓縮後轉強，可優先觀察起漲/試單。,v266.57.9,7.7,A,續強品質強,回檔不破前低｜低點墊高確認｜收盤守MA5｜續強確認：收盤未跌破MA5｜MA5仍在MA10上｜仍站MA20｜10D動能維持｜扣分:長上影壓力,回檔承接尚可，若原策略入選，可優先觀察延續。,v266.57.9,2.5,C,突破觀察,量能較前日放大｜突破近5日高｜MA5加速上彎｜短均多頭｜扣分:收盤位置偏弱、上影偏長,有轉強跡象，但突破品質尚未完全成立。,v266.57.9,GENERIC,0.55,0.5,0.5,9.555,316.0,最後後處理補寫：原分數+結構前置+續強品質+突破品質；不覆蓋原策略,一般,8.555,v266.58.1,2026-05-09 00:25:47,觀察,否,,觀察,0,0,持續觀察,前狀態:nan→今日:觀察,NO,v266.60.2,8.555,30.0,0.0,0.0,15.0,7.635,419.0,20/40/60結構佳｜續強品質佳｜主力佈局語意｜風險語意扣分,過熱降權,v266.61,2026-05-09 00:25:50,-4.0,洗盤不破承接｜假突破/出貨風險扣分,無事件,等待下一次確認。,4.788,427,v266.62,2026-05-09 00:25:51,0.0,,NONE,260,-18,AVOID_CHASE,平台收斂｜風險文字,445
TEST,2026-05-08,2026-05-11,3130,一零四,ENTRY,PRE,PRE,68.0,WAIT,BLOCK,False,222.0,0.0,0.0,3,安靜吸籌 | 均線收斂 | 放量吸收 | 接近突破 | 結構尚可,BLOCK：超出本市場狀態可執行名額｜v266.57.9：結構：平台壓縮後轉強，可優先觀察起漲/試單。｜續強：回檔承接尚可，若原策略入選，可優先觀察延續。｜突破：突破品質尚可，可列入試單後續確認。,89.6,,,HIGH,高流動性,31.4,63638.0,14127636000.0,0.0,⚠️ 分散,39（⚠️ 分散）,,籌碼普通或資料有限，需搭配技術面確認。,1,部分籌碼資料有限,📉 低信心,,,一零四,-6100.0,0.0,1000.0,-5100.0,0.0,1,0.0,0.0,0.0,0.0,0,TWSE,🟡 洗盤吸籌／整理換手（結構未壞）,中高,不急追；等放量突破或站穩 MA10 / MA20 再提高權重。,2026-05-09 00:25:55,behavior_interpretation,,,,,,,,,,,,,,,,,,,,,,,,,,,,,,,,,,,,,,,,,,,,,,,,,,,,,,,,,,,,,,,,,,,,MA5：依試單節奏判斷,MA20：依試單節奏判斷,,,,,MA10：依試單節奏判斷,MA5：依試單節奏判斷,MA10：依試單節奏判斷,MA20：依試單節奏判斷,突破確認K,整理後轉強,整理後轉強,MA5：依試單節奏判斷｜MA10：依試單節奏判斷｜MA20：依試單節奏判斷｜K棒：突破確認K｜K線：整理後轉強,K棒型態：突破確認K｜K線結構：整理後轉強,依原策略執行，技術欄位用於確認節奏與風險。,12.0,A,起漲結構強,20D站上MA20｜MA20走平翻揚｜MA5站上MA10｜接近20日高｜40D平台收斂｜短中均線糾結｜40D低點守住｜接近/站回MA60｜MA60不再下彎｜量縮後溫和放量｜5D動能轉正｜10D動能轉正｜扣分:長上影壓力,平台壓縮後轉強，可優先觀察起漲/試單。,v266.57.9,7.7,A,續強品質強,回檔不破前低｜低點墊高確認｜收盤守MA5｜續強確認：收盤未跌破MA5｜MA5仍在MA10上｜仍站MA20｜10D動能維持｜扣分:長上影壓力,回檔承接尚可，若原策略入選，可優先觀察延續。,v266.57.9,4.0,B,突破品質中,紅K實體放大｜量能較前日放大｜突破近5日高｜MA5加速上彎｜短均多頭｜扣分:收盤位置偏弱、上影偏長,突破品質尚可，可列入試單後續確認。,v266.57.9,GENERIC,0.55,0.5,0.5,12.45,125.0,最後後處理補寫：原分數+結構前置+續強品質+突破品質；不覆蓋原策略,一般,10.209,v266.58.1,2026-05-09 00:25:47,觀察,否,,觀察,0,0,持續觀察,前狀態:nan→今日:觀察,NO,v266.60.2,10.209,30.0,0.0,0.0,15.0,7.861,415.0,20/40/60結構佳｜續強品質佳｜主力佈局語意｜風險語意扣分｜突破品質輔助,過熱降權,v266.61,2026-05-09 00:25:50,3.0,洗盤不破承接｜突破品質成立但未過熱｜假突破/出貨風險扣分,無事件,等待下一次確認。,8.046,295,v266.62,2026-05-09 00:25:51,0.0,,NONE,428,-18,AVOID_CHASE,平台收斂｜風險文字,446
TEST,2026-05-08,2026-05-11,1503,士電,ENTRY,PRE,PRE,86.0,WAIT,BLOCK,False,202.5,0.0,0.0,3,波動壓縮 | 安靜吸籌 | 均線收斂 | 放量吸收 | 接近突破 | 結構尚可,BLOCK：超出本市場狀態可執行名額｜大盤中性 ：BUY 降級 TEST，控制追高｜v266.57.9：結構：平台壓縮後轉強，可優先觀察起漲/試單。｜續強：回檔承接尚可，若原策略入選，可優先觀察延續。｜突破：尚未形成乾淨突破，不急著升級。,125.09,,,HIGH,高流動性,87.96,6374753.0,1290887482500.0,4.0,🟢 偏集中,75（🟢 偏集中）,法人偏多,籌碼偏集中但資料有限，可搭配技術面確認，不宜單獨重倉。,1,部分籌碼資料有限,📉 低信心,,,,156005.0,0.0,40000.0,196005.0,1.0,1,0.0,0.0,0.0,0.0,0,TWSE,🟡 洗盤吸籌／整理換手（結構未壞）,中高,不急追；等放量突破或站穩 MA10 / MA20 再提高權重。,2026-05-09 00:25:55,behavior_interpretation,,,,,,,,,,,,,,,,,,,,,,,,,,,,,,,,,,,,,,,,,,,,,,,,,,,,,,,,,,,,,,,,,,,,MA5：依試單節奏判斷,MA20：依試單節奏判斷,,,,,MA10：依試單節奏判斷,MA5：依試單節奏判斷,MA10：依試單節奏判斷,MA20：依試單節奏判斷,突破確認K,整理後轉強,整理後轉強,MA5：依試單節奏判斷｜MA10：依試單節奏判斷｜MA20：依試單節奏判斷｜K棒：突破確認K｜K線：整理後轉強,K棒型態：突破確認K｜K線結構：整理後轉強,依原策略執行，技術欄位用於確認節奏與風險。,9.6,A,起漲結構強,20D站上MA20｜MA20走平翻揚｜MA5站上MA10｜接近20日高｜40D平台收斂｜短中均線糾結｜40D低點守住｜接近/站回MA60｜5D動能轉正｜10D動能轉正｜扣分:長上影壓力,平台壓縮後轉強，可優先觀察起漲/試單。,v266.57.9,7.7,A,續強品質強,回檔不破前低｜低點墊高確認｜收盤守MA5｜續強確認：收盤未跌破MA5｜MA5仍在MA10上｜仍站MA20｜10D動能維持｜扣分:長上影壓力,回檔承接尚可，若原策略入選，可優先觀察延續。,v266.57.9,1.0,D,突破不足,量能較前日放大｜MA5加速上彎｜短均多頭｜扣分:收盤位置偏弱、上影偏長,尚未形成乾淨突破，不急著升級。,v266.57.9,GENERIC,0.55,0.5,0.5,9.63,313.0,最後後處理補寫：原分數+結構前置+續強品質+突破品質；不覆蓋原策略,一般,8.617,v266.58.1,2026-05-09 00:25:47,觀察,否,,觀察,0,0,持續觀察,前狀態:nan→今日:觀察,NO,v266.60.2,8.617,30.0,0.0,0.0,15.0,7.642,418.0,20/40/60結構佳｜續強品質佳｜主力佈局語意｜風險語意扣分,過熱降權,v266.61,2026-05-09 00:25:50,-4.0,洗盤不破承接｜假突破/出貨風險扣分,無事件,等待下一次確認。,4.832,426,v266.62,2026-05-09 00:25:51,0.0,,NONE,261,-18,AVOID_CHASE,平台收斂｜風險文字,447
WATCH,2026-05-08,2026-05-11,3078,僑威,ENTRY,PRE,PRE,54.0,WAIT,BLOCK,False,57.5,0.0,0.0,8,波動壓縮 | 均線收斂 | 接近突破 | 結構尚可,BLOCK：超出本市場狀態可執行名額｜v266.57.9：結構：平台壓縮後轉強，可優先觀察起漲/試單。｜續強：回檔承接尚可，若原策略入選，可優先觀察延續。｜突破：尚未形成乾淨突破，不急著升級。,100.17,,,HIGH,高流動性,67.78,1535700.0,88302750000.0,4.0,🟡 普通,56（🟡 普通）,法人偏多,籌碼普通或資料有限，需搭配技術面確認。,1,部分籌碼資料有限,📉 低信心,,,,405.0,2000.0,-2405.0,0.0,0.0,1,0.0,0.0,0.0,0.0,0,TPEX,⚪ 盤整觀望（等待方向）,中低,先觀察，不急進場；等突破、量能或均線方向出現。,2026-05-09 00:25:55,behavior_interpretation,,,,,,,,,,,,,,,,,,,,,,,,,,,,,,,,,,,,,,,,,,,,,,,,,,,,,,,,,,,,,,,,,,,,MA5：依試單節奏判斷,MA20：依試單節奏判斷,,,,,MA10：依試單節奏判斷,MA5：依試單節奏判斷,MA10：依試單節奏判斷,MA20：依試單節奏判斷,突破確認K,整理後轉強,整理後轉強,MA5：依試單節奏判斷｜MA10：依試單節奏判斷｜MA20：依試單節奏判斷｜K棒：突破確認K｜K線：整理後轉強,K棒型態：突破確認K｜K線結構：整理後轉強,依原策略執行，技術欄位用於確認節奏與風險。,8.8,A,起漲結構強,20D站上MA20｜MA20走平翻揚｜MA5站上MA10｜接近20日高｜40D平台收斂｜短中均線糾結｜40D低點守住｜接近/站回MA60｜10D動能轉正｜扣分:長上影壓力,平台壓縮後轉強，可優先觀察起漲/試單。,v266.57.9,7.7,A,續強品質強,回檔不破前低｜低點墊高確認｜收盤守MA5｜續強確認：收盤未跌破MA5｜MA5仍在MA10上｜仍站MA20｜10D動能維持｜扣分:長上影壓力,回檔承接尚可，若原策略入選，可優先觀察延續。,v266.57.9,-1.4,D,突破不足,短均多頭｜扣分:收盤位置偏弱、上影偏長,尚未形成乾淨突破，不急著升級。,v266.57.9,GENERIC,0.55,0.5,0.5,7.99,404.0,最後後處理補寫：原分數+結構前置+續強品質+突破品質；不覆蓋原策略,一般,7.272,v266.58.1,2026-05-09 00:25:47,觀察,否,,觀察,0,0,持續觀察,前狀態:nan→今日:觀察,NO,v266.60.2,7.272,30.0,0.0,0.0,15.0,6.547,458.0,20/40/60結構佳｜續強品質佳｜主力佈局語意｜風險語意扣分,過熱降權,v266.61,2026-05-09 00:25:50,-4.0,洗盤不破承接｜假突破/出貨風險扣分,無事件,等待下一次確認。,3.89,449,v266.62,2026-05-09 00:25:51,0.0,,NONE,284,-18,AVOID_CHASE,平台收斂｜風險文字,448
WATCH,2026-05-08,2026-05-11,5309,系統電,ENTRY,PRE,PRE,58.0,WAIT,BLOCK,False,63.8,0.0,0.0,8,波動壓縮 | 安靜吸籌 | 均線收斂 | 結構尚可,BLOCK：超出本市場狀態可執行名額｜觀察清單 TOP3：本區最可能發動｜v266.57.9：結構：平台壓縮後轉強，可優先觀察起漲/試單。｜續強：回檔承接尚可，若原策略入選，可優先觀察延續。｜突破：尚未形成乾淨突破，不急著升級。,110.26,,,HIGH,高流動性,89.61,13171708.0,840354970400.0,4.0,🔥 高度集中,85（🔥 高度集中）,法人偏多,籌碼偏集中但資料有限，可搭配技術面確認，不宜單獨重倉。,1,部分籌碼資料有限,📉 低信心,3.0,觀察TOP3,系統電,133266.0,37238.0,-96028.0,74476.0,1.0,1,0.0,0.0,0.0,0.0,0,TPEX,🟡 洗盤吸籌／整理換手（結構未壞）,中高,不急追；等放量突破或站穩 MA10 / MA20 再提高權重。,2026-05-09 00:25:55,behavior_interpretation,,,,,,,,,,,,,,,,,,,,,,,,,,,,,,,,,,,,,,,,,,,,,,,,,,,,,,,,,,,,,,,,,,,,MA5：依觀察節奏判斷,MA20：依觀察節奏判斷,,,,,MA10：依觀察節奏判斷,MA5：依觀察節奏判斷,MA10：依觀察節奏判斷,MA20：依觀察節奏判斷,整理觀察K,整理收斂,整理收斂,MA5：依觀察節奏判斷｜MA10：依觀察節奏判斷｜MA20：依觀察節奏判斷｜K棒：整理觀察K｜K線：整理收斂,K棒型態：整理觀察K｜K線結構：整理收斂,依原策略執行，技術欄位用於確認節奏與風險。,8.8,A,起漲結構強,20D站上MA20｜MA20走平翻揚｜MA5站上MA10｜40D平台收斂｜短中均線糾結｜40D低點守住｜接近/站回MA60｜站回60D區間中上｜10D動能轉正｜扣分:長上影壓力,平台壓縮後轉強，可優先觀察起漲/試單。,v266.57.9,7.7,A,續強品質強,回檔不破前低｜低點墊高確認｜收盤守MA5｜續強確認：收盤未跌破MA5｜MA5仍在MA10上｜仍站MA20｜10D動能維持｜扣分:長上影壓力,回檔承接尚可，若原策略入選，可優先觀察延續。,v266.57.9,-1.4,D,突破不足,短均多頭｜扣分:收盤位置偏弱、上影偏長,尚未形成乾淨突破，不急著升級。,v266.57.9,GENERIC,0.55,0.5,0.5,7.99,404.0,最後後處理補寫：原分數+結構前置+續強品質+突破品質；不覆蓋原策略,一般,7.272,v266.58.1,2026-05-09 00:25:47,觀察,否,,觀察,0,0,持續觀察,前狀態:nan→今日:觀察,NO,v266.60.2,7.272,30.0,0.0,0.0,15.0,6.667,447.0,20/40/60結構佳｜續強品質佳｜主力佈局語意｜風險語意扣分,過熱降權,v266.61,2026-05-09 00:25:50,-4.0,洗盤不破承接｜假突破/出貨風險扣分,無事件,等待下一次確認。,3.89,448,v266.62,2026-05-09 00:25:51,0.0,,NONE,271,-18,AVOID_CHASE,平台收斂｜風險文字,449
TEST,2026-05-08,2026-05-11,1519,華城,ENTRY,PRE,PRE,86.0,WAIT,BLOCK,False,896.0,0.0,0.0,3,波動壓縮 | 安靜吸籌 | 均線收斂 | 放量吸收 | 接近突破 | 結構尚可,BLOCK：超出本市場狀態可執行名額｜大盤中性 ：BUY 降級 TEST，控制追高｜v266.57.9：結構：平台壓縮後轉強，可優先觀察起漲/試單。｜續強：回檔承接尚可，若原策略入選，可優先觀察延續。｜突破：尚未形成乾淨突破，不急著升級。,125.77,,,HIGH,高流動性,89.91,5195517.0,4655183232000.0,4.0,🟢 偏集中,65（🟢 偏集中）,法人偏多,籌碼偏集中但資料有限，可搭配技術面確認，不宜單獨重倉。,1,部分籌碼資料有限,📉 低信心,,,華城,498979.0,-104651.0,8711.0,403039.0,1.0,1,0.0,0.0,0.0,0.0,0,TWSE,🟡 洗盤吸籌／整理換手（結構未壞）,中高,不急追；等放量突破或站穩 MA10 / MA20 再提高權重。,2026-05-09 00:25:55,behavior_interpretation,,,,,,,,,,,,,,,,,,,,,,,,,,,,,,,,,,,,,,,,,,,,,,,,,,,,,,,,,,,,,,,,,,,,MA5：依試單節奏判斷,MA20：依試單節奏判斷,,,,,MA10：依試單節奏判斷,MA5：依試單節奏判斷,MA10：依試單節奏判斷,MA20：依試單節奏判斷,突破確認K,整理後轉強,整理後轉強,MA5：依試單節奏判斷｜MA10：依試單節奏判斷｜MA20：依試單節奏判斷｜K棒：突破確認K｜K線：整理後轉強,K棒型態：突破確認K｜K線結構：整理後轉強,依原策略執行，技術欄位用於確認節奏與風險。,9.8,A,起漲結構強,20D站上MA20｜MA20走平翻揚｜MA5站上MA10｜40D平台收斂｜短中均線糾結｜40D低點守住｜接近/站回MA60｜量縮後溫和放量｜5D動能轉正｜扣分:長上影壓力,平台壓縮後轉強，可優先觀察起漲/試單。,v266.57.9,6.7,B,續強品質中,回檔不破前低｜低點墊高確認｜收盤守MA5｜續強確認：收盤未跌破MA5｜MA5仍在MA10上｜仍站MA20｜扣分:長上影壓力,回檔承接尚可，若原策略入選，可優先觀察延續。,v266.57.9,1.0,D,突破不足,量能較前日放大｜MA5加速上彎｜短均多頭｜扣分:收盤位置偏弱、上影偏長,尚未形成乾淨突破，不急著升級。,v266.57.9,GENERIC,0.55,0.5,0.5,9.24,333.0,最後後處理補寫：原分數+結構前置+續強品質+突破品質；不覆蓋原策略,一般,8.297,v266.58.1,2026-05-09 00:25:47,觀察,否,,觀察,0,0,持續觀察,前狀態:nan→今日:觀察,NO,v266.60.2,8.297,30.0,0.0,0.0,15.0,7.61,420.0,20/40/60結構佳｜續強品質佳｜主力佈局語意｜風險語意扣分,過熱降權,v266.61,2026-05-09 00:25:50,-4.0,洗盤不破承接｜假突破/出貨風險扣分,無事件,等待下一次確認。,4.608,430,v266.62,2026-05-09 00:25:51,0.0,,NONE,233,-18,AVOID_CHASE,平台收斂｜風險文字,450
TEST,2026-05-08,2026-05-11,1810,和成,ENTRY,PRE,PRE,68.0,WAIT,BLOCK,False,18.5,0.0,0.0,3,安靜吸籌 | 均線收斂 | 放量吸收 | 接近突破 | 結構尚可,BLOCK：超出本市場狀態可執行名額｜v266.57.9：結構：平台壓縮後轉強，可優先觀察起漲/試單。｜續強：回檔承接尚可，若原策略入選，可優先觀察延續。｜突破：尚未形成乾淨突破，不急著升級。,109.22,,,HIGH,高流動性,70.91,3210929.0,59402186500.0,4.0,🟢 偏集中,65（🟢 偏集中）,法人偏多,籌碼偏集中但資料有限，可搭配技術面確認，不宜單獨重倉。,1,部分籌碼資料有限,📉 低信心,,,,85000.0,-31198.0,0.0,53802.0,1.0,1,0.0,0.0,0.0,0.0,0,TWSE,🟡 洗盤吸籌／整理換手（結構未壞）,中高,不急追；等放量突破或站穩 MA10 / MA20 再提高權重。,2026-05-09 00:25:55,behavior_interpretation,,,,,,,,,,,,,,,,,,,,,,,,,,,,,,,,,,,,,,,,,,,,,,,,,,,,,,,,,,,,,,,,,,,,MA5：依試單節奏判斷,MA20：依試單節奏判斷,,,,,MA10：依試單節奏判斷,MA5：依試單節奏判斷,MA10：依試單節奏判斷,MA20：依試單節奏判斷,突破確認K,整理後轉強,整理後轉強,MA5：依試單節奏判斷｜MA10：依試單節奏判斷｜MA20：依試單節奏判斷｜K棒：突破確認K｜K線：整理後轉強,K棒型態：突破確認K｜K線結構：整理後轉強,依原策略執行，技術欄位用於確認節奏與風險。,7.8,B,起漲結構中,20D站上MA20｜MA20走平翻揚｜40D平台收斂｜短中均線糾結｜40D低點守住｜接近/站回MA60｜站回60D區間中上｜5D動能轉正｜扣分:長上影壓力,平台壓縮後轉強，可優先觀察起漲/試單。,v266.57.9,5.5,B,續強品質中,回檔不破前低｜低點墊高確認｜收盤守MA5｜續強確認：收盤未跌破MA5｜仍站MA20｜扣分:長上影壓力,回檔承接尚可，若原策略入選，可優先觀察延續。,v266.57.9,-1.0,D,突破不足,量能較前日放大｜扣分:收盤位置偏弱、上影偏長,尚未形成乾淨突破，不急著升級。,v266.57.9,GENERIC,0.55,0.5,0.5,6.54,469.0,最後後處理補寫：原分數+結構前置+續強品質+突破品質；不覆蓋原策略,一般,6.083,v266.58.1,2026-05-09 00:25:47,觀察,否,,觀察,0,0,持續觀察,前狀態:nan→今日:觀察,NO,v266.60.2,6.083,30.0,0.0,0.0,15.0,6.848,440.0,20/40/60結構佳｜續強品質佳｜主力佈局語意｜風險語意扣分,過熱降權,v266.61,2026-05-09 00:25:50,-4.0,洗盤不破承接｜假突破/出貨風險扣分,無事件,等待下一次確認。,3.058,461,v266.62,2026-05-09 00:25:51,0.0,,NONE,226,-18,AVOID_CHASE,平台收斂｜風險文字,451
WATCH,2026-05-08,2026-05-11,1535,中宇,ENTRY,PRE,PRE,54.0,WAIT,BLOCK,False,50.3,0.0,0.0,8,波動壓縮 | 均線收斂 | 接近突破 | 結構尚可,BLOCK：超出本市場狀態可執行名額｜v266.57.9：結構：平台壓縮後轉強，可優先觀察起漲/試單。｜續強：續強品質不足或有假突破壓力，避免追高。｜突破：尚未形成乾淨突破，不急著升級。,77.86,,,HIGH,高流動性,20.45,56418.0,2837825400.0,-6.0,⚠️ 分散,36（⚠️ 分散）,籌碼風險,籌碼普通或資料有限，需搭配技術面確認。,1,部分籌碼資料有限,📉 低信心,,,中宇,-11000.0,0.0,0.0,-11000.0,0.0,1,0.0,0.0,0.0,0.0,0,TWSE,⚪ 盤整觀望（等待方向）,中低,先觀察，不急進場；等突破、量能或均線方向出現。,2026-05-09 00:25:55,behavior_interpretation,,,,,,,,,,,,,,,,,,,,,,,,,,,,,,,,,,,,,,,,,,,,,,,,,,,,,,,,,,,,,,,,,,,,MA5：依試單節奏判斷,MA20：依試單節奏判斷,,,,,MA10：依試單節奏判斷,MA5：依試單節奏判斷,MA10：依試單節奏判斷,MA20：依試單節奏判斷,突破確認K,整理後轉強,整理後轉強,MA5：依試單節奏判斷｜MA10：依試單節奏判斷｜MA20：依試單節奏判斷｜K棒：突破確認K｜K線：整理後轉強,K棒型態：突破確認K｜K線結構：整理後轉強,依原策略執行，技術欄位用於確認節奏與風險。,6.0,B,起漲結構中,40D平台收斂｜短中均線糾結｜40D低點守住｜接近/站回MA60｜站回60D區間中上,平台壓縮後轉強，可優先觀察起漲/試單。,v266.57.9,3.5,C,續強觀察,回檔不破前低｜低點墊高確認｜回檔量縮｜扣分:跌破短均,續強品質不足或有假突破壓力，避免追高。,v266.57.9,-1.0,D,突破不足,扣分:收盤位置偏弱,尚未形成乾淨突破，不急著升級。,v266.57.9,GENERIC,0.55,0.5,0.5,4.55,510.0,最後後處理補寫：原分數+結構前置+續強品質+突破品質；不覆蓋原策略,籌碼風險,2.651,v266.58.1,2026-05-09 00:25:47,出貨疑慮,否,籌碼轉弱,出貨疑慮,-2,-15,降級風險,前狀態:nan→今日:出貨疑慮｜狀態降級,RISK,v266.60.2,-2.599,22.0,0.0,0.0,15.0,3.023,490.0,20/40/60結構佳｜主力佈局語意｜風險語意扣分,過熱降權,v266.61,2026-05-09 00:25:50,-4.0,洗盤不破承接｜假突破/出貨風險扣分,無事件,等待下一次確認。,-3.019,512,v266.62,2026-05-09 00:25:51,0.0,,NONE,225,-18,AVOID_CHASE,平台收斂｜風險文字,452
TEST,2026-05-08,2026-05-11,2634,漢翔,ENTRY,PRE,PRE,86.0,WAIT,BLOCK,False,50.1,0.0,0.0,3,波動壓縮 | 安靜吸籌 | 均線收斂 | 放量吸收 | 接近突破 | 結構尚可,BLOCK：超出本市場狀態可執行名額｜大盤中性 ：BUY 降級 TEST，控制追高｜v266.57.9：結構：平台壓縮後轉強，可優先觀察起漲/試單。｜續強：回檔承接尚可，若原策略入選，可優先觀察延續。｜突破：尚未形成乾淨突破，不急著升級。,124.84,,,HIGH,高流動性,87.27,11067177.0,554465567700.0,0.0,❌ 極度分散,15（❌ 極度分散）,,籌碼偏弱且資料有限，避免重倉追高。,1,部分籌碼資料有限,📉 低信心,,,漢翔,-1971820.0,-9000.0,41340.0,-1939480.0,0.0,1,0.0,0.0,0.0,0.0,0,TWSE,🟡 洗盤吸籌／整理換手（結構未壞）,中高,不急追；等放量突破或站穩 MA10 / MA20 再提高權重。,2026-05-09 00:25:55,behavior_interpretation,,,,,,,,,,,,,,,,,,,,,,,,,,,,,,,,,,,,,,,,,,,,,,,,,,,,,,,,,,,,,,,,,,,,MA5：依試單節奏判斷,MA20：依試單節奏判斷,,,,,MA10：依試單節奏判斷,MA5：依試單節奏判斷,MA10：依試單節奏判斷,MA20：依試單節奏判斷,突破確認K,整理後轉強,整理後轉強,MA5：依試單節奏判斷｜MA10：依試單節奏判斷｜MA20：依試單節奏判斷｜K棒：突破確認K｜K線：整理後轉強,K棒型態：突破確認K｜K線結構：整理後轉強,依原策略執行，技術欄位用於確認節奏與風險。,10.6,A,起漲結構強,20D站上MA20｜MA20走平翻揚｜接近20日高｜40D平台收斂｜短中均線糾結｜40D低點守住｜接近/站回MA60｜量縮後溫和放量｜5D動能轉正｜10D動能轉正｜扣分:長上影壓力,平台壓縮後轉強，可優先觀察起漲/試單。,v266.57.9,6.5,B,續強品質中,回檔不破前低｜低點墊高確認｜收盤守MA5｜續強確認：收盤未跌破MA5｜仍站MA20｜10D動能維持｜扣分:長上影壓力,回檔承接尚可，若原策略入選，可優先觀察延續。,v266.57.9,1.7,D,突破不足,量能較前日放大｜突破近5日高｜MA5加速上彎｜扣分:收盤位置偏弱、上影偏長,尚未形成乾淨突破，不急著升級。,v266.57.9,GENERIC,0.55,0.5,0.5,9.93,279.0,最後後處理補寫：原分數+結構前置+續強品質+突破品質；不覆蓋原策略,一般,8.143,v266.58.1,2026-05-09 00:25:47,觀察,否,,觀察,0,0,持續觀察,前狀態:nan→今日:觀察,NO,v266.60.2,8.143,30.0,0.0,0.0,15.0,7.594,421.0,20/40/60結構佳｜續強品質佳｜主力佈局語意｜風險語意扣分,過熱降權,v266.61,2026-05-09 00:25:50,-4.0,洗盤不破承接｜假突破/出貨風險扣分,無事件,等待下一次確認。,4.5,432,v266.62,2026-05-09 00:25:51,0.0,,NONE,231,-18,AVOID_CHASE,平台收斂｜風險文字,453
WATCH,2026-05-08,2026-05-11,6859,伯特光,ENTRY,PRE,PRE,54.0,WAIT,BLOCK,False,122.0,0.0,0.0,8,波動壓縮 | 均線收斂 | 接近突破 | 結構尚可,BLOCK：超出本市場狀態可執行名額｜v266.57.9：結構：平台壓縮後轉強，可優先觀察起漲/試單。｜續強：回檔承接尚可，若原策略入選，可優先觀察延續。｜突破：尚未形成乾淨突破，不急著升級。,82.81,,,HIGH,高流動性,32.39,87963.0,10731486000.0,4.0,🟢 偏集中,62（🟢 偏集中）,法人偏多,籌碼偏集中但資料有限，可搭配技術面確認，不宜單獨重倉。,1,部分籌碼資料有限,📉 低信心,,,伯特光,4074.0,11.0,-4063.0,22.0,1.0,1,0.0,0.0,0.0,0.0,0,TPEX,⚪ 盤整觀望（等待方向）,中低,先觀察，不急進場；等突破、量能或均線方向出現。,2026-05-09 00:25:55,behavior_interpretation,,,,,,,,,,,,,,,,,,,,,,,,,,,,,,,,,,,,,,,,,,,,,,,,,,,,,,,,,,,,,,,,,,,,MA5：依試單節奏判斷,MA20：依試單節奏判斷,,,,,MA10：依試單節奏判斷,MA5：依試單節奏判斷,MA10：依試單節奏判斷,MA20：依試單節奏判斷,突破確認K,整理後轉強,整理後轉強,MA5：依試單節奏判斷｜MA10：依試單節奏判斷｜MA20：依試單節奏判斷｜K棒：突破確認K｜K線：整理後轉強,K棒型態：突破確認K｜K線結構：整理後轉強,依原策略執行，技術欄位用於確認節奏與風險。,10.8,A,起漲結構強,20D站上MA20｜MA20走平翻揚｜MA5站上MA10｜接近20日高｜40D平台收斂｜短中均線糾結｜40D低點守住｜接近/站回MA60｜MA60不再下彎｜站回60D區間中上｜10D動能轉正｜扣分:長上影壓力,平台壓縮後轉強，可優先觀察起漲/試單。,v266.57.9,7.7,A,續強品質強,回檔不破前低｜低點墊高確認｜收盤守MA5｜續強確認：收盤未跌破MA5｜MA5仍在MA10上｜仍站MA20｜10D動能維持｜扣分:長上影壓力,回檔承接尚可，若原策略入選，可優先觀察延續。,v266.57.9,-1.4,D,突破不足,短均多頭｜扣分:收盤位置偏弱、上影偏長,尚未形成乾淨突破，不急著升級。,v266.57.9,GENERIC,0.55,0.5,0.5,9.09,340.0,最後後處理補寫：原分數+結構前置+續強品質+突破品質；不覆蓋原策略,一般,8.174,v266.58.1,2026-05-09 00:25:47,觀察,否,,觀察,0,0,持續觀察,前狀態:nan→今日:觀察,NO,v266.60.2,8.174,30.0,0.0,0.0,15.0,6.637,450.0,20/40/60結構佳｜續強品質佳｜主力佈局語意｜風險語意扣分,過熱降權,v266.61,2026-05-09 00:25:50,-4.0,洗盤不破承接｜假突破/出貨風險扣分,無事件,等待下一次確認。,4.522,431,v266.62,2026-05-09 00:25:51,0.0,,NONE,232,-18,AVOID_CHASE,平台收斂｜風險文字,454
TEST,2026-05-08,2026-05-11,2421,建準,ENTRY,PRE,PRE,72.0,WAIT,BLOCK,False,149.0,0.0,0.0,3,波動壓縮 | 安靜吸籌 | 均線收斂 | 放量吸收 | 結構尚可,BLOCK：超出本市場狀態可執行名額｜v266.57.9：結構：平台壓縮後轉強，可優先觀察起漲/試單。｜續強：回檔承接尚可，若原策略入選，可優先觀察延續。｜突破：尚未形成乾淨突破，不急著升級。,119.08,,,HIGH,高流動性,92.81,14241433.0,2121973517000.0,4.0,🟢 偏集中,75（🟢 偏集中）,法人偏多,籌碼偏集中但資料有限，可搭配技術面確認，不宜單獨重倉。,1,部分籌碼資料有限,📉 低信心,,,建準,81536.0,0.0,35246.0,116782.0,1.0,1,0.0,0.0,0.0,0.0,0,TWSE,🟡 洗盤吸籌／整理換手（結構未壞）,中高,不急追；等放量突破或站穩 MA10 / MA20 再提高權重。,2026-05-09 00:25:55,behavior_interpretation,,,,,,,,,,,,,,,,,,,,,,,,,,,,,,,,,,,,,,,,,,,,,,,,,,,,,,,,,,,,,,,,,,,,MA5：依試單節奏判斷,MA20：依試單節奏判斷,,,,,MA10：依試單節奏判斷,MA5：依試單節奏判斷,MA10：依試單節奏判斷,MA20：依試單節奏判斷,突破確認K,整理後轉強,整理後轉強,MA5：依試單節奏判斷｜MA10：依試單節奏判斷｜MA20：依試單節奏判斷｜K棒：突破確認K｜K線：整理後轉強,K棒型態：突破確認K｜K線結構：整理後轉強,依原策略執行，技術欄位用於確認節奏與風險。,9.6,A,起漲結構強,20D站上MA20｜MA20走平翻揚｜MA5站上MA10｜40D平台收斂｜短中均線糾結｜40D低點守住｜接近/站回MA60｜站回60D區間中上｜5D動能轉正｜10D動能轉正｜扣分:長上影壓力,平台壓縮後轉強，可優先觀察起漲/試單。,v266.57.9,7.7,A,續強品質強,回檔不破前低｜低點墊高確認｜收盤守MA5｜續強確認：收盤未跌破MA5｜MA5仍在MA10上｜仍站MA20｜10D動能維持｜扣分:長上影壓力,回檔承接尚可，若原策略入選，可優先觀察延續。,v266.57.9,-0.2,D,突破不足,量能較前日放大｜短均多頭｜扣分:收盤位置偏弱、上影偏長,尚未形成乾淨突破，不急著升級。,v266.57.9,GENERIC,0.55,0.5,0.5,9.03,343.0,最後後處理補寫：原分數+結構前置+續強品質+突破品質；不覆蓋原策略,一般,8.125,v266.58.1,2026-05-09 00:25:47,觀察,否,,觀察,0,0,持續觀察,前狀態:nan→今日:觀察,NO,v266.60.2,8.125,30.0,0.0,0.0,15.0,7.172,431.0,20/40/60結構佳｜續強品質佳｜主力佈局語意｜風險語意扣分,過熱降權,v266.61,2026-05-09 00:25:50,-4.0,洗盤不破承接｜假突破/出貨風險扣分,無事件,等待下一次確認。,4.488,434,v266.62,2026-05-09 00:25:51,0.0,,NONE,229,-18,AVOID_CHASE,平台收斂｜風險文字,455
WATCH,2026-05-08,2026-05-11,2029,盛餘,ENTRY,PRE,PRE,54.0,WAIT,BLOCK,False,20.1,0.0,0.0,8,波動壓縮 | 均線收斂 | 接近突破 | 結構尚可,BLOCK：超出本市場狀態可執行名額｜v266.57.9：結構：平台壓縮後轉強，可優先觀察起漲/試單。｜續強：續強品質不足或有假突破壓力，避免追高。｜突破：尚未形成乾淨突破，不急著升級。,83.23,,,HIGH,高流動性,30.11,176664.0,3550946400.0000005,-6.0,⚠️ 分散,30（⚠️ 分散）,籌碼風險,籌碼普通或資料有限，需搭配技術面確認。,1,部分籌碼資料有限,📉 低信心,,,盛餘,-23000.0,0.0,0.0,-23000.0,0.0,1,0.0,0.0,0.0,0.0,0,TWSE,⚪ 盤整觀望（等待方向）,中低,先觀察，不急進場；等突破、量能或均線方向出現。,2026-05-09 00:25:55,behavior_interpretation,,,,,,,,,,,,,,,,,,,,,,,,,,,,,,,,,,,,,,,,,,,,,,,,,,,,,,,,,,,,,,,,,,,,MA5：依試單節奏判斷,MA20：依試單節奏判斷,,,,,MA10：依試單節奏判斷,MA5：依試單節奏判斷,MA10：依試單節奏判斷,MA20：依試單節奏判斷,突破確認K,整理後轉強,整理後轉強,MA5：依試單節奏判斷｜MA10：依試單節奏判斷｜MA20：依試單節奏判斷｜K棒：突破確認K｜K線：整理後轉強,K棒型態：突破確認K｜K線結構：整理後轉強,依原策略執行，技術欄位用於確認節奏與風險。,6.0,B,起漲結構中,接近20日高｜40D平台收斂｜短中均線糾結｜40D低點守住｜接近/站回MA60,平台壓縮後轉強，可優先觀察起漲/試單。,v266.57.9,3.5,C,續強觀察,回檔不破前低｜低點墊高確認｜收盤守MA5｜扣分:跌破短均,續強品質不足或有假突破壓力，避免追高。,v266.57.9,-1.0,D,突破不足,扣分:收盤位置偏弱,尚未形成乾淨突破，不急著升級。,v266.57.9,GENERIC,0.55,0.5,0.5,4.55,510.0,最後後處理補寫：原分數+結構前置+續強品質+突破品質；不覆蓋原策略,籌碼風險,2.651,v266.58.1,2026-05-09 00:25:47,出貨疑慮,否,籌碼轉弱,出貨疑慮,-2,-15,降級風險,前狀態:nan→今日:出貨疑慮｜狀態降級,RISK,v266.60.2,-2.599,22.0,0.0,0.0,15.0,3.023,490.0,20/40/60結構佳｜主力佈局語意｜風險語意扣分,過熱降權,v266.61,2026-05-09 00:25:50,-4.0,洗盤不破承接｜假突破/出貨風險扣分,無事件,等待下一次確認。,-3.019,511,v266.62,2026-05-09 00:25:51,0.0,,NONE,228,-18,AVOID_CHASE,平台收斂｜風險文字,456
TEST,2026-05-08,2026-05-11,1558,伸興,ENTRY,PRE,PRE,72.0,WAIT,BLOCK,False,91.3,0.0,0.0,3,波動壓縮 | 安靜吸籌 | 均線收斂 | 接近突破 | 結構尚可,BLOCK：超出本市場狀態可執行名額｜v266.57.9：結構：平台壓縮後轉強，可優先觀察起漲/試單。｜續強：回檔承接尚可，若原策略入選，可優先觀察延續。｜突破：尚未形成乾淨突破，不急著升級。,90.97,,,HIGH,高流動性,28.12,76239.0,6960620700.0,4.0,🟡 普通,58（🟡 普通）,法人偏多,籌碼普通或資料有限，需搭配技術面確認。,1,部分籌碼資料有限,📉 低信心,,,伸興,5000.0,-767.0,5010.0,9243.0,1.0,1,0.0,0.0,0.0,0.0,0,TWSE,🟡 洗盤吸籌／整理換手（結構未壞）,中高,不急追；等放量突破或站穩 MA10 / MA20 再提高權重。,2026-05-09 00:25:55,behavior_interpretation,,,,,,,,,,,,,,,,,,,,,,,,,,,,,,,,,,,,,,,,,,,,,,,,,,,,,,,,,,,,,,,,,,,,MA5：依試單節奏判斷,MA20：依試單節奏判斷,,,,,MA10：依試單節奏判斷,MA5：依試單節奏判斷,MA10：依試單節奏判斷,MA20：依試單節奏判斷,突破確認K,整理後轉強,整理後轉強,MA5：依試單節奏判斷｜MA10：依試單節奏判斷｜MA20：依試單節奏判斷｜K棒：突破確認K｜K線：整理後轉強,K棒型態：突破確認K｜K線結構：整理後轉強,依原策略執行，技術欄位用於確認節奏與風險。,7.8,B,起漲結構中,接近20日高｜40D平台收斂｜短中均線糾結｜40D低點守住｜接近/站回MA60｜量縮後溫和放量｜5D動能轉正｜扣分:長上影壓力,平台壓縮後轉強，可優先觀察起漲/試單。,v266.57.9,5.8,B,續強品質中,回檔不破前低｜低點墊高確認｜收盤守MA5｜回測守MA10｜回檔量縮｜扣分:長上影壓力,回檔承接尚可，若原策略入選，可優先觀察延續。,v266.57.9,-1.0,D,突破不足,量能較前日放大｜扣分:收盤位置偏弱、上影偏長,尚未形成乾淨突破，不急著升級。,v266.57.9,GENERIC,0.55,0.5,0.5,6.69,465.0,最後後處理補寫：原分數+結構前置+續強品質+突破品質；不覆蓋原策略,一般,6.206,v266.58.1,2026-05-09 00:25:47,觀察,否,,觀察,0,0,持續觀察,前狀態:nan→今日:觀察,NO,v266.60.2,6.206,30.0,0.0,0.0,15.0,6.981,437.0,20/40/60結構佳｜續強品質佳｜主力佈局語意｜風險語意扣分,過熱降權,v266.61,2026-05-09 00:25:50,-4.0,洗盤不破承接｜假突破/出貨風險扣分,無事件,等待下一次確認。,3.144,460,v266.62,2026-05-09 00:25:51,0.0,,NONE,227,-18,AVOID_CHASE,平台收斂｜風險文字,457
WATCH,2026-05-08,2026-05-11,2753,八方雲集,ENTRY,PRE,PRE,54.0,WAIT,BLOCK,False,180.5,0.0,0.0,8,波動壓縮 | 均線收斂 | 接近突破 | 結構尚可,BLOCK：超出本市場狀態可執行名額｜v266.57.9：結構：平台壓縮後轉強，可優先觀察起漲/試單。｜續強：回檔承接尚可，若原策略入選，可優先觀察延續。｜突破：尚未形成乾淨突破，不急著升級。,88.68,,,HIGH,高流動性,45.55,181811.0,32816885500.0,4.0,⚠️ 分散,35（⚠️ 分散）,法人偏多,籌碼普通或資料有限，需搭配技術面確認。,1,部分籌碼資料有限,📉 低信心,,,八方雲集,-188000.0,70000.0,465.0,-117535.0,0.0,1,0.0,0.0,0.0,0.0,0,TWSE,⚪ 盤整觀望（等待方向）,中低,先觀察，不急進場；等突破、量能或均線方向出現。,2026-05-09 00:25:55,behavior_interpretation,,,,,,,,,,,,,,,,,,,,,,,,,,,,,,,,,,,,,,,,,,,,,,,,,,,,,,,,,,,,,,,,,,,,MA5：依試單節奏判斷,MA20：依試單節奏判斷,,,,,MA10：依試單節奏判斷,MA5：依試單節奏判斷,MA10：依試單節奏判斷,MA20：依試單節奏判斷,突破確認K,整理後轉強,整理後轉強,MA5：依試單節奏判斷｜MA10：依試單節奏判斷｜MA20：依試單節奏判斷｜K棒：突破確認K｜K線：整理後轉強,K棒型態：突破確認K｜K線結構：整理後轉強,依原策略執行，技術欄位用於確認節奏與風險。,9.6,A,起漲結構強,20D站上MA20｜MA5站上MA10｜接近20日高｜40D平台收斂｜短中均線糾結｜40D低點守住｜接近/站回MA60｜MA60不再下彎｜5D動能轉正｜10D動能轉正｜扣分:長上影壓力,平台壓縮後轉強，可優先觀察起漲/試單。,v266.57.9,7.7,A,續強品質強,回檔不破前低｜低點墊高確認｜收盤守MA5｜續強確認：收盤未跌破MA5｜MA5仍在MA10上｜仍站MA20｜10D動能維持｜扣分:長上影壓力,回檔承接尚可，若原策略入選，可優先觀察延續。,v266.57.9,-0.2,D,突破不足,MA5加速上彎｜短均多頭｜扣分:收盤位置偏弱、上影偏長,尚未形成乾淨突破，不急著升級。,v266.57.9,GENERIC,0.55,0.5,0.5,9.03,343.0,最後後處理補寫：原分數+結構前置+續強品質+突破品質；不覆蓋原策略,一般,8.125,v266.58.1,2026-05-09 00:25:47,觀察,否,,觀察,0,0,持續觀察,前狀態:nan→今日:觀察,NO,v266.60.2,8.125,30.0,0.0,0.0,15.0,6.632,451.0,20/40/60結構佳｜續強品質佳｜主力佈局語意｜風險語意扣分,過熱降權,v266.61,2026-05-09 00:25:50,-4.0,洗盤不破承接｜假突破/出貨風險扣分,無事件,等待下一次確認。,4.488,433,v266.62,2026-05-09 00:25:51,0.0,,NONE,230,-18,AVOID_CHASE,平台收斂｜風險文字,458
TEST,2026-05-08,2026-05-11,8424,惠普,ENTRY,PRE,PRE,86.0,WAIT,BLOCK,False,74.1,0.0,0.0,3,波動壓縮 | 安靜吸籌 | 均線收斂 | 放量吸收 | 接近突破 | 結構尚可,BLOCK：超出本市場狀態可執行名額｜大盤中性 ：BUY 降級 TEST，控制追高｜v266.57.9：結構：平台壓縮後轉強，可優先觀察起漲/試單。｜續強：回檔承接尚可，若原策略入選，可優先觀察延續。｜突破：有轉強跡象，但突破品質尚未完全成立。,94.51,,,HIGH,高流動性,19.26,41414.0,3068777400.0,0.0,🟡 普通,50（🟡 普通）,,籌碼普通或資料有限，需搭配技術面確認。,0,法人/融資資料有限,📉 低信心,,,惠普,0.0,0.0,0.0,0.0,0.0,0,0.0,0.0,0.0,0.0,0,,🟡 洗盤吸籌／整理換手（結構未壞）,中高,不急追；等放量突破或站穩 MA10 / MA20 再提高權重。,2026-05-09 00:25:55,behavior_interpretation,,,,,,,,,,,,,,,,,,,,,,,,,,,,,,,,,,,,,,,,,,,,,,,,,,,,,,,,,,,,,,,,,,,,MA5：依試單節奏判斷,MA20：依試單節奏判斷,,,,,MA10：依試單節奏判斷,MA5：依試單節奏判斷,MA10：依試單節奏判斷,MA20：依試單節奏判斷,突破確認K,整理後轉強,整理後轉強,MA5：依試單節奏判斷｜MA10：依試單節奏判斷｜MA20：依試單節奏判斷｜K棒：突破確認K｜K線：整理後轉強,K棒型態：突破確認K｜K線結構：整理後轉強,依原策略執行，技術欄位用於確認節奏與風險。,11.0,A,起漲結構強,MA5站上MA10｜接近20日高｜40D平台收斂｜短中均線糾結｜40D低點守住｜接近/站回MA60｜MA60不再下彎｜站回60D區間中上｜量縮後溫和放量,平台壓縮後轉強，可優先觀察起漲/試單。,v266.57.9,6.7,B,續強品質中,回檔不破前低｜低點墊高確認｜收盤守MA5｜續強確認：收盤未跌破MA5｜MA5仍在MA10上,回檔承接尚可，若原策略入選，可優先觀察延續。,v266.57.9,3.8,C,突破觀察,收盤接近高點｜突破近5日高｜短均多頭,有轉強跡象，但突破品質尚未完全成立。,v266.57.9,GENERIC,0.55,0.5,0.5,11.3,180.0,最後後處理補寫：原分數+結構前置+續強品質+突破品質；不覆蓋原策略,一般,9.266,v266.58.1,2026-05-09 00:25:47,觀察,否,,觀察,0,0,持續觀察,前狀態:nan→今日:觀察,NO,v266.60.2,9.266,30.0,0.0,0.0,0.0,14.007,106.0,20/40/60結構佳｜續強品質佳｜主力佈局語意,主力佈局優先,v266.61,2026-05-09 00:25:50,8.0,洗盤不破承接,無事件,等待下一次確認。,8.886,206,v266.62,2026-05-09 00:25:51,0.0,,NONE,460,-18,AVOID_CHASE,平台收斂｜風險文字,459
WATCH,2026-05-08,2026-05-11,1104,環泥,ENTRY,PRE,PRE,54.0,WAIT,BLOCK,False,28.3,0.0,0.0,8,波動壓縮 | 均線收斂 | 接近突破 | 結構尚可,BLOCK：超出本市場狀態可執行名額｜v266.57.9：結構：結構證據不足，保留原策略但降低信心。｜續強：續強品質不足或有假突破壓力，避免追高。｜突破：尚未形成乾淨突破，不急著升級。,92.26,,,HIGH,高流動性,50.08,571469.0,16172572700.000002,-6.0,⚠️ 分散,25（⚠️ 分散）,籌碼風險,籌碼偏弱且資料有限，避免重倉追高。,1,部分籌碼資料有限,📉 低信心,,,環泥,-333900.0,0.0,0.0,-333900.0,0.0,1,0.0,0.0,0.0,0.0,0,TWSE,⚪ 盤整觀望（等待方向）,中低,先觀察，不急進場；等突破、量能或均線方向出現。,2026-05-09 00:25:55,behavior_interpretation,,,,,,,,,,,,,,,,,,,,,,,,,,,,,,,,,,,,,,,,,,,,,,,,,,,,,,,,,,,,,,,,,,,,MA5：依試單節奏判斷,MA20：依試單節奏判斷,,,,,MA10：依試單節奏判斷,MA5：依試單節奏判斷,MA10：依試單節奏判斷,MA20：依試單節奏判斷,突破確認K,整理後轉強,整理後轉強,MA5：依試單節奏判斷｜MA10：依試單節奏判斷｜MA20：依試單節奏判斷｜K棒：突破確認K｜K線：整理後轉強,K棒型態：突破確認K｜K線結構：整理後轉強,依原策略執行，技術欄位用於確認節奏與風險。,5.0,C,結構觀察,40D平台收斂｜短中均線糾結｜40D低點守住｜接近/站回MA60,結構證據不足，保留原策略但降低信心。,v266.57.9,3.5,C,續強觀察,回檔不破前低｜低點墊高確認｜收盤守MA5｜扣分:跌破短均,續強品質不足或有假突破壓力，避免追高。,v266.57.9,-1.0,D,突破不足,扣分:收盤位置偏弱,尚未形成乾淨突破，不急著升級。,v266.57.9,GENERIC,0.55,0.5,0.5,4.0,518.0,最後後處理補寫：原分數+結構前置+續強品質+突破品質；不覆蓋原策略,籌碼風險,2.2,v266.58.1,2026-05-09 00:25:47,出貨疑慮,否,籌碼轉弱,出貨疑慮,-2,-15,降級風險,前狀態:nan→今日:出貨疑慮｜狀態降級,RISK,v266.60.2,-3.05,0.0,0.0,0.0,15.0,-4.722,534.0,風險語意扣分,過熱降權,v266.61,2026-05-09 00:25:50,-4.0,洗盤不破承接｜假突破/出貨風險扣分,無事件,等待下一次確認。,-3.335,518,v266.62,2026-05-09 00:25:51,0.0,,NONE,219,-18,AVOID_CHASE,平台收斂｜風險文字,460
TEST,2026-05-08,2026-05-11,3346,麗清,ENTRY,PRE,PRE,66.0,WAIT,BLOCK,False,17.45,0.0,0.0,3,波動壓縮 | 安靜吸籌 | 均線收斂 | 放量吸收,BLOCK：超出本市場狀態可執行名額｜v266.57.9：結構：有過熱或假突破壓力，避免追高。｜續強：續強品質不足或有假突破壓力，避免追高。｜突破：尚未形成乾淨突破，不急著升級。,101.4,,,HIGH,高流動性,54.67,981798.0,17132375099.999998,-6.0,⚠️ 分散,28（⚠️ 分散）,籌碼風險,籌碼偏弱且資料有限，避免重倉追高。,1,部分籌碼資料有限,📉 低信心,,,,-28000.0,0.0,0.0,-28000.0,0.0,1,0.0,0.0,0.0,0.0,0,TWSE,🟡 洗盤吸籌／整理換手（結構未壞）,中高,不急追；等放量突破或站穩 MA10 / MA20 再提高權重。,2026-05-09 00:25:55,behavior_interpretation,,,,,,,,,,,,,,,,,,,,,,,,,,,,,,,,,,,,,,,,,,,,,,,,,,,,,,,,,,,,,,,,,,,,MA5：依試單節奏判斷,MA20：依試單節奏判斷,,,,,MA10：依試單節奏判斷,MA5：依試單節奏判斷,MA10：依試單節奏判斷,MA20：依試單節奏判斷,突破確認K,整理後轉強,整理後轉強,MA5：依試單節奏判斷｜MA10：依試單節奏判斷｜MA20：依試單節奏判斷｜K棒：突破確認K｜K線：整理後轉強,K棒型態：突破確認K｜K線結構：整理後轉強,依原策略執行，技術欄位用於確認節奏與風險。,4.0,C,結構觀察,40D平台收斂｜短中均線糾結｜量縮後溫和放量｜扣分:長上影壓力,有過熱或假突破壓力，避免追高。,v266.57.9,3.5,C,續強觀察,回檔不破前低｜收盤守MA5｜續強確認：收盤未跌破MA5｜扣分:長上影壓力,續強品質不足或有假突破壓力，避免追高。,v266.57.9,0.5,D,突破不足,紅K實體放大｜量能較前日放大｜扣分:收盤位置偏弱、上影偏長,尚未形成乾淨突破，不急著升級。,v266.57.9,GENERIC,0.55,0.5,0.5,4.2,517.0,最後後處理補寫：原分數+結構前置+續強品質+突破品質；不覆蓋原策略,籌碼風險,2.364,v266.58.1,2026-05-09 00:25:47,出貨疑慮,否,籌碼轉弱,出貨疑慮,-2,-15,降級風險,前狀態:nan→今日:出貨疑慮｜狀態降級,RISK,v266.60.2,-2.886,10.0,0.0,0.0,15.0,-0.846,512.0,主力佈局語意｜風險語意扣分,過熱降權,v266.61,2026-05-09 00:25:50,-4.0,洗盤不破承接｜假突破/出貨風險扣分,無事件,等待下一次確認。,-3.22,517,v266.62,2026-05-09 00:25:51,0.0,,NONE,220,-18,AVOID_CHASE,平台收斂｜風險文字,461
WATCH,2026-05-08,2026-05-11,1712,興農,ENTRY,PRE,PRE,54.0,WAIT,BLOCK,False,41.95,0.0,0.0,8,波動壓縮 | 均線收斂 | 接近突破 | 結構尚可,BLOCK：超出本市場狀態可執行名額｜v266.57.9：結構：結構證據不足，保留原策略但降低信心。｜續強：續強品質不足或有假突破壓力，避免追高。｜突破：尚未形成乾淨突破，不急著升級。,94.62,,,HIGH,高流動性,55.82,700589.0,29389708550.0,-6.0,⚠️ 分散,25（⚠️ 分散）,籌碼風險,籌碼偏弱且資料有限，避免重倉追高。,1,部分籌碼資料有限,📉 低信心,,,興農,-209000.0,0.0,0.0,-209000.0,0.0,1,0.0,0.0,0.0,0.0,0,TWSE,⚪ 盤整觀望（等待方向）,中低,先觀察，不急進場；等突破、量能或均線方向出現。,2026-05-09 00:25:55,behavior_interpretation,,,,,,,,,,,,,,,,,,,,,,,,,,,,,,,,,,,,,,,,,,,,,,,,,,,,,,,,,,,,,,,,,,,,MA5：依試單節奏判斷,MA20：依試單節奏判斷,,,,,MA10：依試單節奏判斷,MA5：依試單節奏判斷,MA10：依試單節奏判斷,MA20：依試單節奏判斷,突破確認K,整理後轉強,整理後轉強,MA5：依試單節奏判斷｜MA10：依試單節奏判斷｜MA20：依試單節奏判斷｜K棒：突破確認K｜K線：整理後轉強,K棒型態：突破確認K｜K線結構：整理後轉強,依原策略執行，技術欄位用於確認節奏與風險。,5.0,C,結構觀察,MA5站上MA10｜接近20日高｜40D平台收斂｜短中均線糾結,結構證據不足，保留原策略但降低信心。,v266.57.9,3.2,C,續強觀察,回檔不破前低｜低點墊高確認｜MA5仍在MA10上｜扣分:跌破短均,續強品質不足或有假突破壓力，避免追高。,v266.57.9,-0.2,D,突破不足,短均多頭｜扣分:收盤位置偏弱,尚未形成乾淨突破，不急著升級。,v266.57.9,GENERIC,0.55,0.5,0.5,4.25,516.0,最後後處理補寫：原分數+結構前置+續強品質+突破品質；不覆蓋原策略,籌碼風險,2.405,v266.58.1,2026-05-09 00:25:47,出貨疑慮,否,籌碼轉弱,出貨疑慮,-2,-15,降級風險,前狀態:nan→今日:出貨疑慮｜狀態降級,RISK,v266.60.2,-2.845,0.0,0.0,0.0,15.0,-4.702,533.0,風險語意扣分,過熱降權,v266.61,2026-05-09 00:25:50,-4.0,洗盤不破承接｜假突破/出貨風險扣分,無事件,等待下一次確認。,-3.192,516,v266.62,2026-05-09 00:25:51,0.0,,NONE,221,-18,AVOID_CHASE,平台收斂｜風險文字,462
TEST,2026-05-08,2026-05-11,1232,大統益,ENTRY,PRE,PRE,86.0,WAIT,WATCH,False,148.0,0.0,0.0,3,波動壓縮 | 安靜吸籌 | 均線收斂 | 放量吸收 | 接近突破 | 結構尚可,WATCH：保留觀察，不下單｜大盤中性 ：BUY 降級 TEST，控制追高｜v266.57.9：結構：平台壓縮後轉強，可優先觀察起漲/試單。｜續強：續強品質不足或有假突破壓力，避免追高。｜突破：尚未形成乾淨突破，不急著升級。,104.77,,,HIGH,高流動性,42.02,154961.0,22934228000.0,-6.0,🟡 普通,41（🟡 普通）,籌碼風險,籌碼普通或資料有限，需搭配技術面確認。,1,部分籌碼資料有限,📉 低信心,,,大統益,-3020.0,0.0,2000.0,-1020.0,0.0,1,0.0,0.0,0.0,0.0,0,TWSE,🟡 洗盤吸籌／整理換手（結構未壞）,中高,不急追；等放量突破或站穩 MA10 / MA20 再提高權重。,2026-05-09 00:25:55,behavior_interpretation,,,,,,,,,,,,,,,,,,,,,,,,,,,,,,,,,,,,,,,,,,,,,,,,,,,,,,,,,,,,,,,,,,,,MA5：依試單節奏判斷,MA20：依試單節奏判斷,,,,,MA10：依試單節奏判斷,MA5：依試單節奏判斷,MA10：依試單節奏判斷,MA20：依試單節奏判斷,突破確認K,整理後轉強,整理後轉強,MA5：依試單節奏判斷｜MA10：依試單節奏判斷｜MA20：依試單節奏判斷｜K棒：突破確認K｜K線：整理後轉強,K棒型態：突破確認K｜K線結構：整理後轉強,依原策略執行，技術欄位用於確認節奏與風險。,8.0,A,起漲結構強,接近20日高｜40D平台收斂｜短中均線糾結｜40D低點守住｜接近/站回MA60｜MA60不再下彎｜量縮後溫和放量｜扣分:長上影壓力,平台壓縮後轉強，可優先觀察起漲/試單。,v266.57.9,2.5,D,續強偏弱,回檔不破前低｜低點墊高確認｜收盤守MA5｜扣分:跌破短均、長上影壓力,續強品質不足或有假突破壓力，避免追高。,v266.57.9,-1.0,D,突破不足,量能較前日放大｜扣分:收盤位置偏弱、上影偏長,尚未形成乾淨突破，不急著升級。,v266.57.9,WATCH,0.55,0.35,0.75,4.525,512.0,最後後處理補寫：原分數+結構前置+續強品質+突破品質；不覆蓋原策略,籌碼風險,2.63,v266.58.1,2026-05-09 00:25:47,出貨疑慮,否,籌碼轉弱,出貨疑慮,-2,-15,降級風險,前狀態:nan→今日:出貨疑慮｜狀態降級,RISK,v266.60.2,-2.62,22.0,0.0,0.0,15.0,3.98,473.0,20/40/60結構佳｜主力佈局語意｜風險語意扣分,過熱降權,v266.61,2026-05-09 00:25:50,-4.0,洗盤不破承接｜假突破/出貨風險扣分,無事件,等待下一次確認。,-3.034,513,v266.62,2026-05-09 00:25:51,0.0,,NONE,224,-18,AVOID_CHASE,平台收斂｜風險文字,463
WATCH,2026-05-08,2026-05-11,3492,長盛,ENTRY,PRE,PRE,54.0,WAIT,BLOCK,False,22.75,0.0,0.0,8,波動壓縮 | 均線收斂 | 接近突破 | 結構尚可,BLOCK：超出本市場狀態可執行名額｜v266.57.9：結構：有過熱或假突破壓力，避免追高。｜續強：回檔承接尚可，若原策略入選，可優先觀察延續。｜突破：尚未形成乾淨突破，不急著升級。,78.7,,,HIGH,高流動性,20.88,83780.0,1905995000.0,-6.0,🟡 普通,50（🟡 普通）,籌碼風險,籌碼普通或資料有限，需搭配技術面確認。,1,部分籌碼資料有限,📉 低信心,,,,0.0,0.0,0.0,0.0,0.0,1,0.0,0.0,0.0,0.0,0,TPEX,⚪ 盤整觀望（等待方向）,中低,先觀察，不急進場；等突破、量能或均線方向出現。,2026-05-09 00:25:55,behavior_interpretation,,,,,,,,,,,,,,,,,,,,,,,,,,,,,,,,,,,,,,,,,,,,,,,,,,,,,,,,,,,,,,,,,,,,MA5：依試單節奏判斷,MA20：依試單節奏判斷,,,,,MA10：依試單節奏判斷,MA5：依試單節奏判斷,MA10：依試單節奏判斷,MA20：依試單節奏判斷,突破確認K,整理後轉強,整理後轉強,MA5：依試單節奏判斷｜MA10：依試單節奏判斷｜MA20：依試單節奏判斷｜K棒：突破確認K｜K線：整理後轉強,K棒型態：突破確認K｜K線結構：整理後轉強,依原策略執行，技術欄位用於確認節奏與風險。,4.0,C,結構觀察,MA5站上MA10｜40D平台收斂｜短中均線糾結｜40D低點守住｜扣分:長上影壓力,有過熱或假突破壓力，避免追高。,v266.57.9,5.7,B,續強品質中,回檔不破前低｜低點墊高確認｜收盤守MA5｜續強確認：收盤未跌破MA5｜MA5仍在MA10上｜扣分:長上影壓力,回檔承接尚可，若原策略入選，可優先觀察延續。,v266.57.9,-1.4,D,突破不足,短均多頭｜扣分:收盤位置偏弱、上影偏長,尚未形成乾淨突破，不急著升級。,v266.57.9,GENERIC,0.55,0.5,0.5,4.35,513.0,最後後處理補寫：原分數+結構前置+續強品質+突破品質；不覆蓋原策略,籌碼風險,2.487,v266.58.1,2026-05-09 00:25:47,出貨疑慮,否,籌碼轉弱,出貨疑慮,-2,-15,降級風險,前狀態:nan→今日:出貨疑慮｜狀態降級,RISK,v266.60.2,-2.763,8.0,0.0,0.0,15.0,-1.894,532.0,續強品質佳｜風險語意扣分,過熱降權,v266.61,2026-05-09 00:25:50,-4.0,洗盤不破承接｜假突破/出貨風險扣分,無事件,等待下一次確認。,-3.134,515,v266.62,2026-05-09 00:25:51,0.0,,NONE,222,-18,AVOID_CHASE,平台收斂｜風險文字,464
TEST,2026-05-08,2026-05-11,4120,友華,ENTRY,PRE,PRE,86.0,WAIT,BLOCK,False,46.55,0.0,0.0,3,波動壓縮 | 安靜吸籌 | 均線收斂 | 放量吸收 | 接近突破 | 結構尚可,BLOCK：超出本市場狀態可執行名額｜大盤中性 ：BUY 降級 TEST，控制追高｜v266.57.9：結構：平台壓縮後轉強，可優先觀察起漲/試單。｜續強：回檔承接尚可，若原策略入選，可優先觀察延續。｜突破：有轉強跡象，但突破品質尚未完全成立。,97.88,,,HIGH,高流動性,25.33,84883.0,3951303650.0,0.0,🟡 普通,42（🟡 普通）,,籌碼普通或資料有限，需搭配技術面確認。,1,部分籌碼資料有限,📉 低信心,,,友華,0.0,0.0,-1000.0,-1000.0,0.0,1,0.0,0.0,0.0,0.0,0,TPEX,🟡 洗盤吸籌／整理換手（結構未壞）,中高,不急追；等放量突破或站穩 MA10 / MA20 再提高權重。,2026-05-09 00:25:55,behavior_interpretation,,,,,,,,,,,,,,,,,,,,,,,,,,,,,,,,,,,,,,,,,,,,,,,,,,,,,,,,,,,,,,,,,,,,MA5：依試單節奏判斷,MA20：依試單節奏判斷,,,,,MA10：依試單節奏判斷,MA5：依試單節奏判斷,MA10：依試單節奏判斷,MA20：依試單節奏判斷,突破確認K,整理後轉強,整理後轉強,MA5：依試單節奏判斷｜MA10：依試單節奏判斷｜MA20：依試單節奏判斷｜K棒：突破確認K｜K線：整理後轉強,K棒型態：突破確認K｜K線結構：整理後轉強,依原策略執行，技術欄位用於確認節奏與風險。,9.0,A,起漲結構強,MA5站上MA10｜接近20日高｜40D平台收斂｜短中均線糾結｜40D低點守住｜接近/站回MA60｜MA60不再下彎｜站回60D區間中上,平台壓縮後轉強，可優先觀察起漲/試單。,v266.57.9,6.7,B,續強品質中,回檔不破前低｜低點墊高確認｜收盤守MA5｜續強確認：收盤未跌破MA5｜MA5仍在MA10上,回檔承接尚可，若原策略入選，可優先觀察延續。,v266.57.9,3.8,C,突破觀察,收盤接近高點｜突破近5日高｜短均多頭,有轉強跡象，但突破品質尚未完全成立。,v266.57.9,GENERIC,0.55,0.5,0.5,10.2,252.0,最後後處理補寫：原分數+結構前置+續強品質+突破品質；不覆蓋原策略,一般,8.364,v266.58.1,2026-05-09 00:25:47,觀察,否,,觀察,0,0,持續觀察,前狀態:nan→今日:觀察,NO,v266.60.2,8.364,30.0,0.0,0.0,0.0,13.916,111.0,20/40/60結構佳｜續強品質佳｜主力佈局語意,主力佈局優先,v266.61,2026-05-09 00:25:50,8.0,洗盤不破承接,無事件,等待下一次確認。,8.255,272,v266.62,2026-05-09 00:25:51,0.0,,NONE,451,-18,AVOID_CHASE,平台收斂｜風險文字,465
WATCH,2026-05-08,2026-05-11,4942,嘉彰,ENTRY,PRE,PRE,54.0,WAIT,BLOCK,False,38.05,0.0,0.0,8,波動壓縮 | 均線收斂 | 接近突破 | 結構尚可,BLOCK：超出本市場狀態可執行名額｜v266.57.9：結構：平台壓縮後轉強，可優先觀察起漲/試單。｜續強：回檔承接尚可，若原策略入選，可優先觀察延續。｜突破：尚未形成乾淨突破，不急著升級。,80.96,,,HIGH,高流動性,26.37,101501.0,3862113050.0,0.0,⚠️ 分散,25（⚠️ 分散）,,籌碼偏弱且資料有限，避免重倉追高。,1,部分籌碼資料有限,📉 低信心,,,,-50000.0,0.0,0.0,-50000.0,0.0,1,0.0,0.0,0.0,0.0,0,TWSE,⚪ 盤整觀望（等待方向）,中低,先觀察，不急進場；等突破、量能或均線方向出現。,2026-05-09 00:25:55,behavior_interpretation,,,,,,,,,,,,,,,,,,,,,,,,,,,,,,,,,,,,,,,,,,,,,,,,,,,,,,,,,,,,,,,,,,,,MA5：依試單節奏判斷,MA20：依試單節奏判斷,,,,,MA10：依試單節奏判斷,MA5：依試單節奏判斷,MA10：依試單節奏判斷,MA20：依試單節奏判斷,突破確認K,整理後轉強,整理後轉強,MA5：依試單節奏判斷｜MA10：依試單節奏判斷｜MA20：依試單節奏判斷｜K棒：突破確認K｜K線：整理後轉強,K棒型態：突破確認K｜K線結構：整理後轉強,依原策略執行，技術欄位用於確認節奏與風險。,7.8,B,起漲結構中,接近20日高｜40D平台收斂｜短中均線糾結｜40D低點守住｜接近/站回MA60｜MA60不再下彎｜站回60D區間中上｜5D動能轉正｜扣分:長上影壓力,平台壓縮後轉強，可優先觀察起漲/試單。,v266.57.9,6.0,B,續強品質中,回檔不破前低｜低點墊高確認｜收盤守MA5｜續強確認：收盤未跌破MA5｜回檔量縮｜扣分:長上影壓力,回檔承接尚可，若原策略入選，可優先觀察延續。,v266.57.9,0.2,D,突破不足,量能較前日放大｜MA5加速上彎｜扣分:收盤位置偏弱、上影偏長,尚未形成乾淨突破，不急著升級。,v266.57.9,GENERIC,0.55,0.5,0.5,7.39,430.0,最後後處理補寫：原分數+結構前置+續強品質+突破品質；不覆蓋原策略,一般,6.06,v266.58.1,2026-05-09 00:25:47,觀察,否,,觀察,0,0,持續觀察,前狀態:nan→今日:觀察,NO,v266.60.2,6.06,30.0,0.0,0.0,15.0,6.426,463.0,20/40/60結構佳｜續強品質佳｜主力佈局語意｜風險語意扣分,過熱降權,v266.61,2026-05-09 00:25:50,-4.0,洗盤不破承接｜假突破/出貨風險扣分,無事件,等待下一次確認。,3.042,462,v266.62,2026-05-09 00:25:51,0.0,,NONE,257,-18,AVOID_CHASE,平台收斂｜風險文字,466
TEST,2026-05-08,2026-05-11,3046,建碁,ENTRY,PRE,PRE,86.0,WAIT,BLOCK,False,50.6,0.0,0.0,3,波動壓縮 | 安靜吸籌 | 均線收斂 | 放量吸收 | 接近突破 | 結構尚可,BLOCK：超出本市場狀態可執行名額｜大盤中性 ：BUY 降級 TEST，控制追高｜v266.57.9：結構：平台壓縮後轉強，可優先觀察起漲/試單。｜續強：回檔承接尚可，若原策略入選，可優先觀察延續。｜突破：有轉強跡象，但突破品質尚未完全成立。,113.49,,,HIGH,高流動性,58.77,804968.0,40731380800.00001,4.0,🟢 偏集中,68（🟢 偏集中）,法人偏多,籌碼偏集中但資料有限，可搭配技術面確認，不宜單獨重倉。,1,部分籌碼資料有限,📉 低信心,,,,19000.0,0.0,0.0,19000.0,1.0,1,0.0,0.0,0.0,0.0,0,TWSE,🟡 洗盤吸籌／整理換手（結構未壞）,中高,不急追；等放量突破或站穩 MA10 / MA20 再提高權重。,2026-05-09 00:25:55,behavior_interpretation,,,,,,,,,,,,,,,,,,,,,,,,,,,,,,,,,,,,,,,,,,,,,,,,,,,,,,,,,,,,,,,,,,,,MA5：依試單節奏判斷,MA20：依試單節奏判斷,,,,,MA10：依試單節奏判斷,MA5：依試單節奏判斷,MA10：依試單節奏判斷,MA20：依試單節奏判斷,突破確認K,整理後轉強,整理後轉強,MA5：依試單節奏判斷｜MA10：依試單節奏判斷｜MA20：依試單節奏判斷｜K棒：突破確認K｜K線：整理後轉強,K棒型態：突破確認K｜K線結構：整理後轉強,依原策略執行，技術欄位用於確認節奏與風險。,9.1,A,起漲結構強,20D站上MA20｜MA20走平翻揚｜MA5站上MA10｜接近20日高｜40D平台收斂｜短中均線糾結｜40D低點守住｜接近/站回MA60｜站回60D區間中上｜5D動能轉正｜10D動能轉正｜扣分:單日爆量偏高、長上影壓力,平台壓縮後轉強，可優先觀察起漲/試單。,v266.57.9,7.7,A,續強品質強,回檔不破前低｜低點墊高確認｜收盤守MA5｜續強確認：收盤未跌破MA5｜MA5仍在MA10上｜仍站MA20｜10D動能維持｜扣分:長上影壓力,回檔承接尚可，若原策略入選，可優先觀察延續。,v266.57.9,2.5,C,突破觀察,量能較前日放大｜突破近5日高｜MA5加速上彎｜短均多頭｜扣分:收盤位置偏弱、上影偏長,有轉強跡象，但突破品質尚未完全成立。,v266.57.9,GENERIC,0.55,0.5,0.5,10.105,271.0,最後後處理補寫：原分數+結構前置+續強品質+突破品質；不覆蓋原策略,一般,9.006,v266.58.1,2026-05-09 00:25:47,觀察,否,,觀察,0,0,持續觀察,前狀態:nan→今日:觀察,NO,v266.60.2,9.006,30.0,0.0,0.0,15.0,7.681,417.0,20/40/60結構佳｜續強品質佳｜主力佈局語意｜風險語意扣分,過熱降權,v266.61,2026-05-09 00:25:50,-4.0,洗盤不破承接｜假突破/出貨風險扣分,無事件,等待下一次確認。,5.104,423,v266.62,2026-05-09 00:25:51,0.0,,NONE,240,-18,AVOID_CHASE,平台收斂｜風險文字,467
WATCH,2026-05-08,2026-05-11,1325,恆大,ENTRY,PRE,PRE,62.0,WAIT,BLOCK,False,27.3,0.0,0.0,8,波動壓縮 | 均線收斂 | 放量吸收 | 接近突破,BLOCK：超出本市場狀態可執行名額｜v266.57.9：結構：平台壓縮後轉強，可優先觀察起漲/試單。｜續強：回檔承接尚可，若原策略入選，可優先觀察延續。｜突破：尚未形成乾淨突破，不急著升級。,101.97,,,HIGH,高流動性,61.38,1253091.0,34209384300.000004,0.0,⚠️ 分散,25（⚠️ 分散）,,籌碼偏弱且資料有限，避免重倉追高。,1,部分籌碼資料有限,📉 低信心,,,,-50000.0,0.0,0.0,-50000.0,0.0,1,0.0,0.0,0.0,0.0,0,TWSE,⚪ 盤整觀望（等待方向）,中低,先觀察，不急進場；等突破、量能或均線方向出現。,2026-05-09 00:25:55,behavior_interpretation,,,,,,,,,,,,,,,,,,,,,,,,,,,,,,,,,,,,,,,,,,,,,,,,,,,,,,,,,,,,,,,,,,,,MA5：依試單節奏判斷,MA20：依試單節奏判斷,,,,,MA10：依試單節奏判斷,MA5：依試單節奏判斷,MA10：依試單節奏判斷,MA20：依試單節奏判斷,突破確認K,整理後轉強,整理後轉強,MA5：依試單節奏判斷｜MA10：依試單節奏判斷｜MA20：依試單節奏判斷｜K棒：突破確認K｜K線：整理後轉強,K棒型態：突破確認K｜K線結構：整理後轉強,依原策略執行，技術欄位用於確認節奏與風險。,6.1,B,起漲結構中,20D站上MA20｜MA5站上MA10｜接近20日高｜40D平台收斂｜短中均線糾結｜接近/站回MA60｜5D動能轉正｜10D動能轉正｜扣分:單日爆量偏高、長上影壓力,平台壓縮後轉強，可優先觀察起漲/試單。,v266.57.9,7.7,A,續強品質強,回檔不破前低｜低點墊高確認｜收盤守MA5｜續強確認：收盤未跌破MA5｜MA5仍在MA10上｜仍站MA20｜10D動能維持｜扣分:長上影壓力,回檔承接尚可，若原策略入選，可優先觀察延續。,v266.57.9,0.3,D,突破不足,突破近5日高｜MA5加速上彎｜短均多頭｜扣分:收盤位置偏弱、單日量能過猛、上影偏長,尚未形成乾淨突破，不急著升級。,v266.57.9,GENERIC,0.55,0.5,0.5,7.355,431.0,最後後處理補寫：原分數+結構前置+續強品質+突破品質；不覆蓋原策略,一般,6.031,v266.58.1,2026-05-09 00:25:47,觀察,否,,觀察,0,0,持續觀察,首次追蹤:觀察,NO,v266.60.2,6.031,30.0,0.0,0.0,15.0,6.663,448.0,20/40/60結構佳｜續強品質佳｜主力佈局語意｜風險語意扣分,過熱降權,v266.61,2026-05-09 00:25:50,-4.0,洗盤不破承接｜假突破/出貨風險扣分,無事件,等待下一次確認。,3.022,463,v266.62,2026-05-09 00:25:51,0.0,,NONE,242,-18,AVOID_CHASE,平台收斂｜風險文字,468
TEST,2026-05-08,2026-05-11,2069,運錩,ENTRY,PRE,PRE,68.0,WAIT,BLOCK,False,19.6,0.0,0.0,3,波動壓縮 | 均線收斂 | 放量吸收 | 接近突破 | 結構尚可,BLOCK：超出本市場狀態可執行名額｜v266.57.9：結構：平台壓縮後轉強，可優先觀察起漲/試單。｜續強：回檔承接尚可，若原策略入選，可優先觀察延續。｜突破：有轉強跡象，但突破品質尚未完全成立。,102.18,,,HIGH,高流動性,54.14,908234.0,17801386400.000004,0.0,⚠️ 分散,25（⚠️ 分散）,,籌碼偏弱且資料有限，避免重倉追高。,1,部分籌碼資料有限,📉 低信心,,,運錩,-120000.0,0.0,0.0,-120000.0,0.0,1,0.0,0.0,0.0,0.0,0,TWSE,⚪ 行為中性（依策略判斷）,中低,目前訊號不夠明確，依原策略與風控執行。,2026-05-09 00:25:55,behavior_interpretation,,,,,,,,,,,,,,,,,,,,,,,,,,,,,,,,,,,,,,,,,,,,,,,,,,,,,,,,,,,,,,,,,,,,MA5：依試單節奏判斷,MA20：依試單節奏判斷,,,,,MA10：依試單節奏判斷,MA5：依試單節奏判斷,MA10：依試單節奏判斷,MA20：依試單節奏判斷,突破確認K,整理後轉強,整理後轉強,MA5：依試單節奏判斷｜MA10：依試單節奏判斷｜MA20：依試單節奏判斷｜K棒：突破確認K｜K線：整理後轉強,K棒型態：突破確認K｜K線結構：整理後轉強,依原策略執行，技術欄位用於確認節奏與風險。,11.6,A,起漲結構強,20D站上MA20｜MA20走平翻揚｜MA5站上MA10｜接近20日高｜40D平台收斂｜短中均線糾結｜40D低點守住｜接近/站回MA60｜MA60不再下彎｜站回60D區間中上｜5D動能轉正｜10D動能轉正｜扣分:長上影壓力,平台壓縮後轉強，可優先觀察起漲/試單。,v266.57.9,7.7,A,續強品質強,回檔不破前低｜低點墊高確認｜收盤守MA5｜續強確認：收盤未跌破MA5｜MA5仍在MA10上｜仍站MA20｜10D動能維持｜扣分:長上影壓力,回檔承接尚可，若原策略入選，可優先觀察延續。,v266.57.9,2.5,C,突破觀察,量能較前日放大｜突破近5日高｜MA5加速上彎｜短均多頭｜扣分:收盤位置偏弱、上影偏長,有轉強跡象，但突破品質尚未完全成立。,v266.57.9,GENERIC,0.55,0.5,0.5,11.48,164.0,最後後處理補寫：原分數+結構前置+續強品質+突破品質；不覆蓋原策略,一般,9.414,v266.58.1,2026-05-09 00:25:47,觀察,否,,觀察,0,0,持續觀察,前狀態:nan→今日:觀察,NO,v266.60.2,9.414,30.0,0.0,0.0,15.0,7.181,430.0,20/40/60結構佳｜續強品質佳｜主力佈局語意｜風險語意扣分,過熱降權,v266.61,2026-05-09 00:25:50,-4.0,洗盤不破承接｜假突破/出貨風險扣分,無事件,等待下一次確認。,5.39,420,v266.62,2026-05-09 00:25:51,0.0,,NONE,243,-18,AVOID_CHASE,平台收斂｜風險文字,469
TEST,2026-05-08,2026-05-11,4735,豪展,ENTRY,PRE,PRE,86.0,WAIT,BLOCK,False,30.15,0.0,0.0,3,波動壓縮 | 安靜吸籌 | 均線收斂 | 放量吸收 | 接近突破 | 結構尚可,BLOCK：超出本市場狀態可執行名額｜大盤中性 ：BUY 降級 TEST，控制追高｜v266.57.9：結構：平台壓縮後轉強，可優先觀察起漲/試單。｜續強：回檔承接尚可，若原策略入選，可優先觀察延續。｜突破：尚未形成乾淨突破，不急著升級。,96.05,,,HIGH,高流動性,20.78,74190.0,2236828500.0,0.0,🟡 普通,50（🟡 普通）,,籌碼普通或資料有限，需搭配技術面確認。,1,部分籌碼資料有限,📉 低信心,,,,0.0,0.0,0.0,0.0,0.0,1,0.0,0.0,0.0,0.0,0,TPEX,🟡 洗盤吸籌／整理換手（結構未壞）,中高,不急追；等放量突破或站穩 MA10 / MA20 再提高權重。,2026-05-09 00:25:55,behavior_interpretation,,,,,,,,,,,,,,,,,,,,,,,,,,,,,,,,,,,,,,,,,,,,,,,,,,,,,,,,,,,,,,,,,,,,MA5：依試單節奏判斷,MA20：依試單節奏判斷,,,,,MA10：依試單節奏判斷,MA5：依試單節奏判斷,MA10：依試單節奏判斷,MA20：依試單節奏判斷,突破確認K,整理後轉強,整理後轉強,MA5：依試單節奏判斷｜MA10：依試單節奏判斷｜MA20：依試單節奏判斷｜K棒：突破確認K｜K線：整理後轉強,K棒型態：突破確認K｜K線結構：整理後轉強,依原策略執行，技術欄位用於確認節奏與風險。,9.8,A,起漲結構強,MA5站上MA10｜接近20日高｜40D平台收斂｜短中均線糾結｜40D低點守住｜接近/站回MA60｜量縮後溫和放量｜10D動能轉正,平台壓縮後轉強，可優先觀察起漲/試單。,v266.57.9,7.7,A,續強品質強,回檔不破前低｜低點墊高確認｜收盤守MA5｜續強確認：收盤未跌破MA5｜MA5仍在MA10上｜10D動能維持,回檔承接尚可，若原策略入選，可優先觀察延續。,v266.57.9,0.8,D,突破不足,短均多頭,尚未形成乾淨突破，不急著升級。,v266.57.9,GENERIC,0.55,0.5,0.5,9.64,303.0,最後後處理補寫：原分數+結構前置+續強品質+突破品質；不覆蓋原策略,一般,7.905,v266.58.1,2026-05-09 00:25:47,觀察,否,,觀察,0,0,持續觀察,前狀態:nan→今日:觀察,NO,v266.60.2,7.905,30.0,0.0,0.0,0.0,13.871,117.0,20/40/60結構佳｜續強品質佳｜主力佈局語意,主力佈局優先,v266.61,2026-05-09 00:25:50,8.0,洗盤不破承接,無事件,等待下一次確認。,7.934,311,v266.62,2026-05-09 00:25:51,0.0,,NONE,141,-18,AVOID_CHASE,平台收斂｜風險文字,470
TEST,2026-05-08,2026-05-11,1732,毛寶,ENTRY,PRE,PRE,80.0,WAIT,BLOCK,False,26.5,0.0,0.0,3,波動壓縮 | 安靜吸籌 | 均線收斂 | 放量吸收 | 接近突破,BLOCK：超出本市場狀態可執行名額｜大盤中性 ：BUY 降級 TEST，控制追高｜v266.57.9：結構：平台壓縮後轉強，可優先觀察起漲/試單。｜續強：回檔承接尚可，若原策略入選，可優先觀察延續。｜突破：尚未形成乾淨突破，不急著升級。,108.18,,,HIGH,高流動性,53.38,747810.0,19816965000.0,0.0,⚠️ 分散,32（⚠️ 分散）,,籌碼普通或資料有限，需搭配技術面確認。,1,部分籌碼資料有限,📉 低信心,,,毛寶,-21000.0,0.0,0.0,-21000.0,0.0,1,0.0,0.0,0.0,0.0,0,TWSE,🟡 洗盤吸籌／整理換手（結構未壞）,中高,不急追；等放量突破或站穩 MA10 / MA20 再提高權重。,2026-05-09 00:25:55,behavior_interpretation,,,,,,,,,,,,,,,,,,,,,,,,,,,,,,,,,,,,,,,,,,,,,,,,,,,,,,,,,,,,,,,,,,,,MA5：依試單節奏判斷,MA20：依試單節奏判斷,,,,,MA10：依試單節奏判斷,MA5：依試單節奏判斷,MA10：依試單節奏判斷,MA20：依試單節奏判斷,突破確認K,整理後轉強,整理後轉強,MA5：依試單節奏判斷｜MA10：依試單節奏判斷｜MA20：依試單節奏判斷｜K棒：突破確認K｜K線：整理後轉強,K棒型態：突破確認K｜K線結構：整理後轉強,依原策略執行，技術欄位用於確認節奏與風險。,7.1,B,起漲結構中,20D站上MA20｜MA20走平翻揚｜MA5站上MA10｜40D平台收斂｜短中均線糾結｜40D低點守住｜接近/站回MA60｜5D動能轉正｜10D動能轉正｜扣分:單日爆量偏高、長上影壓力,平台壓縮後轉強，可優先觀察起漲/試單。,v266.57.9,7.7,A,續強品質強,回檔不破前低｜低點墊高確認｜收盤守MA5｜續強確認：收盤未跌破MA5｜MA5仍在MA10上｜仍站MA20｜10D動能維持｜扣分:長上影壓力,回檔承接尚可，若原策略入選，可優先觀察延續。,v266.57.9,1.3,D,突破不足,突破近5日高｜MA5加速上彎｜短均多頭｜扣分:收盤位置偏弱、上影偏長,尚未形成乾淨突破，不急著升級。,v266.57.9,GENERIC,0.55,0.5,0.5,8.405,385.0,最後後處理補寫：原分數+結構前置+續強品質+突破品質；不覆蓋原策略,一般,6.892,v266.58.1,2026-05-09 00:25:47,觀察,否,,觀察,0,0,持續觀察,前狀態:nan→今日:觀察,NO,v266.60.2,6.892,30.0,0.0,0.0,15.0,7.289,427.0,20/40/60結構佳｜續強品質佳｜主力佈局語意｜風險語意扣分,過熱降權,v266.61,2026-05-09 00:25:50,-4.0,洗盤不破承接｜假突破/出貨風險扣分,無事件,等待下一次確認。,3.624,453,v266.62,2026-05-09 00:25:51,0.0,,NONE,266,-18,AVOID_CHASE,平台收斂｜風險文字,471
TEST,2026-05-08,2026-05-11,6115,鎰勝,ENTRY,PRE,PRE,86.0,WAIT,BLOCK,False,47.85,0.0,0.0,3,波動壓縮 | 安靜吸籌 | 均線收斂 | 放量吸收 | 接近突破 | 結構尚可,BLOCK：超出本市場狀態可執行名額｜大盤中性 ：BUY 降級 TEST，控制追高｜v266.57.9：結構：平台壓縮後轉強，可優先觀察起漲/試單。｜續強：回檔承接尚可，若原策略入選，可優先觀察延續。｜突破：尚未形成乾淨突破，不急著升級。,106.05,,,HIGH,高流動性,42.84,274966.0,13157123100.0,0.0,⚠️ 分散,25（⚠️ 分散）,,籌碼偏弱且資料有限，避免重倉追高。,1,部分籌碼資料有限,📉 低信心,,,鎰勝,-39000.0,0.0,0.0,-39000.0,0.0,1,0.0,0.0,0.0,0.0,0,TWSE,🟡 洗盤吸籌／整理換手（結構未壞）,中高,不急追；等放量突破或站穩 MA10 / MA20 再提高權重。,2026-05-09 00:25:55,behavior_interpretation,,,,,,,,,,,,,,,,,,,,,,,,,,,,,,,,,,,,,,,,,,,,,,,,,,,,,,,,,,,,,,,,,,,,MA5：依試單節奏判斷,MA20：依試單節奏判斷,,,,,MA10：依試單節奏判斷,MA5：依試單節奏判斷,MA10：依試單節奏判斷,MA20：依試單節奏判斷,突破確認K,整理後轉強,整理後轉強,MA5：依試單節奏判斷｜MA10：依試單節奏判斷｜MA20：依試單節奏判斷｜K棒：突破確認K｜K線：整理後轉強,K棒型態：突破確認K｜K線結構：整理後轉強,依原策略執行，技術欄位用於確認節奏與風險。,12.0,A,起漲結構強,20D站上MA20｜MA20走平翻揚｜接近20日高｜40D平台收斂｜短中均線糾結｜40D低點守住｜接近/站回MA60｜MA60不再下彎｜站回60D區間中上｜量縮後溫和放量｜5D動能轉正｜10D動能轉正,平台壓縮後轉強，可優先觀察起漲/試單。,v266.57.9,7.5,A,續強品質強,回檔不破前低｜低點墊高確認｜收盤守MA5｜續強確認：收盤未跌破MA5｜仍站MA20｜10D動能維持,回檔承接尚可，若原策略入選，可優先觀察延續。,v266.57.9,-0.7,D,突破不足,突破近5日高｜扣分:收盤位置偏弱、上影偏長,尚未形成乾淨突破，不急著升級。,v266.57.9,GENERIC,0.55,0.5,0.5,10.0,275.0,最後後處理補寫：原分數+結構前置+續強品質+突破品質；不覆蓋原策略,一般,8.2,v266.58.1,2026-05-09 00:25:47,觀察,否,,觀察,0,0,持續觀察,前狀態:nan→今日:觀察,NO,v266.60.2,8.2,30.0,0.0,0.0,0.0,13.9,112.0,20/40/60結構佳｜續強品質佳｜主力佈局語意,主力佈局優先,v266.61,2026-05-09 00:25:50,8.0,洗盤不破承接,無事件,等待下一次確認。,8.14,284,v266.62,2026-05-09 00:25:51,0.0,,NONE,127,-18,AVOID_CHASE,平台收斂｜風險文字,472
WATCH,2026-05-08,2026-05-11,3284,太普高,ENTRY,PRE,PRE,52.0,WAIT,BLOCK,False,17.7,0.0,0.0,8,波動壓縮 | 安靜吸籌 | 均線收斂,BLOCK：超出本市場狀態可執行名額｜v266.57.9：結構：結構證據不足，保留原策略但降低信心。｜續強：回檔承接尚可，若原策略入選，可優先觀察延續。｜突破：有轉強跡象，但突破品質尚未完全成立。,89.99,,,HIGH,高流動性,46.82,564214.0,9986587799.999998,-2.0,🟢 偏集中,68（🟢 偏集中）,法人偏多｜籌碼風險,籌碼偏集中但資料有限，可搭配技術面確認，不宜單獨重倉。,1,部分籌碼資料有限,📉 低信心,,,,3293.0,3000.0,-293.0,6000.0,1.0,1,0.0,0.0,0.0,0.0,0,TPEX,🟡 洗盤吸籌／整理換手（結構未壞）,中高,不急追；等放量突破或站穩 MA10 / MA20 再提高權重。,2026-05-09 00:25:55,behavior_interpretation,,,,,,,,,,,,,,,,,,,,,,,,,,,,,,,,,,,,,,,,,,,,,,,,,,,,,,,,,,,,,,,,,,,,MA5：依觀察節奏判斷,MA20：依觀察節奏判斷,,,,,MA10：依觀察節奏判斷,MA5：依觀察節奏判斷,MA10：依觀察節奏判斷,MA20：依觀察節奏判斷,整理觀察K,整理收斂,整理收斂,MA5：依觀察節奏判斷｜MA10：依觀察節奏判斷｜MA20：依觀察節奏判斷｜K棒：整理觀察K｜K線：整理收斂,K棒型態：整理觀察K｜K線結構：整理收斂,依原策略執行，技術欄位用於確認節奏與風險。,4.8,C,結構觀察,MA5站上MA10｜40D平台收斂｜短中均線糾結｜10D動能轉正,結構證據不足，保留原策略但降低信心。,v266.57.9,7.7,A,續強品質強,回檔不破前低｜低點墊高確認｜收盤守MA5｜續強確認：收盤未跌破MA5｜MA5仍在MA10上｜10D動能維持,回檔承接尚可，若原策略入選，可優先觀察延續。,v266.57.9,3.8,C,突破觀察,收盤接近高點｜突破近5日高｜短均多頭,有轉強跡象，但突破品質尚未完全成立。,v266.57.9,GENERIC,0.55,0.5,0.5,8.39,387.0,最後後處理補寫：原分數+結構前置+續強品質+突破品質；不覆蓋原策略,一般,6.52,v266.58.1,2026-05-09 00:25:47,觀察,否,,觀察,0,0,持續觀察,首次追蹤:觀察,NO,v266.60.2,6.52,18.0,0.0,0.0,15.0,2.212,499.0,續強品質佳｜主力佈局語意｜風險語意扣分,過熱降權,v266.61,2026-05-09 00:25:50,-4.0,洗盤不破承接｜假突破/出貨風險扣分,無事件,等待下一次確認。,3.364,456,v266.62,2026-05-09 00:25:51,0.0,,NONE,263,-18,AVOID_CHASE,平台收斂｜風險文字,473
TEST,2026-05-08,2026-05-11,3537,堡達,ENTRY,PRE,PRE,68.0,WAIT,BLOCK,False,46.7,0.0,0.0,3,安靜吸籌 | 均線收斂 | 放量吸收 | 接近突破 | 結構尚可,BLOCK：超出本市場狀態可執行名額｜v266.57.9：結構：平台壓縮後轉強，可優先觀察起漲/試單。｜續強：回檔承接尚可，若原策略入選，可優先觀察延續。｜突破：尚未形成乾淨突破，不急著升級。,105.01,,,HIGH,高流動性,61.61,1029138.0,48060744600.0,4.0,🟢 偏集中,62（🟢 偏集中）,法人偏多,籌碼偏集中但資料有限，可搭配技術面確認，不宜單獨重倉。,1,部分籌碼資料有限,📉 低信心,,,,0.0,4.0,4.0,8.0,1.0,1,0.0,0.0,0.0,0.0,0,TPEX,🟡 洗盤吸籌／整理換手（結構未壞）,中高,不急追；等放量突破或站穩 MA10 / MA20 再提高權重。,2026-05-09 00:25:55,behavior_interpretation,,,,,,,,,,,,,,,,,,,,,,,,,,,,,,,,,,,,,,,,,,,,,,,,,,,,,,,,,,,,,,,,,,,,MA5：依試單節奏判斷,MA20：依試單節奏判斷,,,,,MA10：依試單節奏判斷,MA5：依試單節奏判斷,MA10：依試單節奏判斷,MA20：依試單節奏判斷,突破確認K,整理後轉強,整理後轉強,MA5：依試單節奏判斷｜MA10：依試單節奏判斷｜MA20：依試單節奏判斷｜K棒：突破確認K｜K線：整理後轉強,K棒型態：突破確認K｜K線結構：整理後轉強,依原策略執行，技術欄位用於確認節奏與風險。,11.8,A,起漲結構強,20D站上MA20｜MA20走平翻揚｜MA5站上MA10｜接近20日高｜40D平台收斂｜短中均線糾結｜40D低點守住｜接近/站回MA60｜站回60D區間中上｜量縮後溫和放量｜10D動能轉正｜扣分:長上影壓力,平台壓縮後轉強，可優先觀察起漲/試單。,v266.57.9,7.7,A,續強品質強,回檔不破前低｜低點墊高確認｜收盤守MA5｜續強確認：收盤未跌破MA5｜MA5仍在MA10上｜仍站MA20｜10D動能維持｜扣分:長上影壓力,回檔承接尚可，若原策略入選，可優先觀察延續。,v266.57.9,-1.4,D,突破不足,短均多頭｜扣分:收盤位置偏弱、上影偏長,尚未形成乾淨突破，不急著升級。,v266.57.9,GENERIC,0.55,0.5,0.5,9.64,303.0,最後後處理補寫：原分數+結構前置+續強品質+突破品質；不覆蓋原策略,一般,8.625,v266.58.1,2026-05-09 00:25:47,觀察,否,,觀察,0,0,持續觀察,前狀態:nan→今日:觀察,NO,v266.60.2,8.625,30.0,0.0,0.0,15.0,7.102,433.0,20/40/60結構佳｜續強品質佳｜主力佈局語意｜風險語意扣分,過熱降權,v266.61,2026-05-09 00:25:50,-4.0,洗盤不破承接｜假突破/出貨風險扣分,無事件,等待下一次確認。,4.837,425,v266.62,2026-05-09 00:25:51,0.0,,NONE,262,-18,AVOID_CHASE,平台收斂｜風險文字,474
WATCH,2026-05-08,2026-05-11,3158,嘉實,ENTRY,PRE,PRE,54.0,WAIT,BLOCK,False,89.0,0.0,0.0,8,波動壓縮 | 均線收斂 | 接近突破 | 結構尚可,BLOCK：超出本市場狀態可執行名額｜v266.57.9：結構：平台壓縮後轉強，可優先觀察起漲/試單。｜續強：回檔承接尚可，若原策略入選，可優先觀察延續。｜突破：尚未形成乾淨突破，不急著升級。,71.17,,,HIGH,高流動性,8.87,12313.0,1095857000.0,0.0,🟡 普通,50（🟡 普通）,,籌碼普通或資料有限，需搭配技術面確認。,0,法人/融資資料有限,📉 低信心,,,嘉實,0.0,0.0,0.0,0.0,0.0,0,0.0,0.0,0.0,0.0,0,,⚪ 盤整觀望（等待方向）,中低,先觀察，不急進場；等突破、量能或均線方向出現。,2026-05-09 00:25:55,behavior_interpretation,,,,,,,,,,,,,,,,,,,,,,,,,,,,,,,,,,,,,,,,,,,,,,,,,,,,,,,,,,,,,,,,,,,,MA5：依試單節奏判斷,MA20：依試單節奏判斷,,,,,MA10：依試單節奏判斷,MA5：依試單節奏判斷,MA10：依試單節奏判斷,MA20：依試單節奏判斷,突破確認K,整理後轉強,整理後轉強,MA5：依試單節奏判斷｜MA10：依試單節奏判斷｜MA20：依試單節奏判斷｜K棒：突破確認K｜K線：整理後轉強,K棒型態：突破確認K｜K線結構：整理後轉強,依原策略執行，技術欄位用於確認節奏與風險。,8.0,A,起漲結構強,MA5站上MA10｜接近20日高｜40D平台收斂｜短中均線糾結｜40D低點守住｜接近/站回MA60｜MA60不再下彎｜近5日量縮｜扣分:長上影壓力,平台壓縮後轉強，可優先觀察起漲/試單。,v266.57.9,7.2,A,續強品質強,回檔不破前低｜低點墊高確認｜收盤守MA5｜續強確認：收盤未跌破MA5｜回檔量縮｜MA5仍在MA10上｜扣分:長上影壓力,回檔承接尚可，若原策略入選，可優先觀察延續。,v266.57.9,-1.4,D,突破不足,短均多頭｜扣分:收盤位置偏弱、上影偏長,尚未形成乾淨突破，不急著升級。,v266.57.9,GENERIC,0.55,0.5,0.5,7.3,432.0,最後後處理補寫：原分數+結構前置+續強品質+突破品質；不覆蓋原策略,一般,5.986,v266.58.1,2026-05-09 00:25:47,觀察,否,,觀察,0,0,持續觀察,前狀態:nan→今日:觀察,NO,v266.60.2,5.986,30.0,0.0,0.0,15.0,6.419,464.0,20/40/60結構佳｜續強品質佳｜主力佈局語意｜風險語意扣分,過熱降權,v266.61,2026-05-09 00:25:50,-4.0,洗盤不破承接｜假突破/出貨風險扣分,無事件,等待下一次確認。,2.99,464,v266.62,2026-05-09 00:25:51,0.0,,NONE,199,-18,AVOID_CHASE,平台收斂｜風險文字,475
WATCH,2026-05-08,2026-05-11,8462,柏文,ENTRY,PRE,PRE,54.0,WAIT,BLOCK,False,148.0,0.0,0.0,8,波動壓縮 | 均線收斂 | 接近突破 | 結構尚可,BLOCK：超出本市場狀態可執行名額｜v266.57.9：結構：平台壓縮後轉強，可優先觀察起漲/試單。｜續強：回檔承接尚可，若原策略入選，可優先觀察延續。｜突破：尚未形成乾淨突破，不急著升級。,84.04,,,HIGH,高流動性,35.24,100617.0,14891316000.0,0.0,🟡 普通,40（🟡 普通）,,籌碼普通或資料有限，需搭配技術面確認。,1,部分籌碼資料有限,📉 低信心,,,柏文,-4000.0,0.0,0.0,-4000.0,0.0,1,0.0,0.0,0.0,0.0,0,TWSE,⚪ 盤整觀望（等待方向）,中低,先觀察，不急進場；等突破、量能或均線方向出現。,2026-05-09 00:25:55,behavior_interpretation,,,,,,,,,,,,,,,,,,,,,,,,,,,,,,,,,,,,,,,,,,,,,,,,,,,,,,,,,,,,,,,,,,,,MA5：依試單節奏判斷,MA20：依試單節奏判斷,,,,,MA10：依試單節奏判斷,MA5：依試單節奏判斷,MA10：依試單節奏判斷,MA20：依試單節奏判斷,突破確認K,整理後轉強,整理後轉強,MA5：依試單節奏判斷｜MA10：依試單節奏判斷｜MA20：依試單節奏判斷｜K棒：突破確認K｜K線：整理後轉強,K棒型態：突破確認K｜K線結構：整理後轉強,依原策略執行，技術欄位用於確認節奏與風險。,10.8,A,起漲結構強,20D站上MA20｜MA20走平翻揚｜MA5站上MA10｜接近20日高｜40D平台收斂｜短中均線糾結｜40D低點守住｜接近/站回MA60｜MA60不再下彎｜站回60D區間中上｜10D動能轉正｜扣分:長上影壓力,平台壓縮後轉強，可優先觀察起漲/試單。,v266.57.9,7.5,A,續強品質強,回檔不破前低｜低點墊高確認｜收盤守MA5｜回測守MA10｜MA5仍在MA10上｜仍站MA20｜10D動能維持｜扣分:長上影壓力,回檔承接尚可，若原策略入選，可優先觀察延續。,v266.57.9,-1.4,D,突破不足,短均多頭｜扣分:收盤位置偏弱、上影偏長,尚未形成乾淨突破，不急著升級。,v266.57.9,GENERIC,0.55,0.5,0.5,8.99,346.0,最後後處理補寫：原分數+結構前置+續強品質+突破品質；不覆蓋原策略,一般,7.372,v266.58.1,2026-05-09 00:25:47,觀察,否,,觀察,0,0,持續觀察,前狀態:nan→今日:觀察,NO,v266.60.2,7.372,30.0,0.0,0.0,15.0,6.557,456.0,20/40/60結構佳｜續強品質佳｜主力佈局語意｜風險語意扣分,過熱降權,v266.61,2026-05-09 00:25:50,-4.0,洗盤不破承接｜假突破/出貨風險扣分,無事件,等待下一次確認。,3.96,445,v266.62,2026-05-09 00:25:51,0.0,,NONE,200,-18,AVOID_CHASE,平台收斂｜風險文字,476
TEST,2026-05-08,2026-05-11,2630,亞航,ENTRY,PRE,PRE,68.0,WAIT,BLOCK,False,50.4,0.0,0.0,3,安靜吸籌 | 均線收斂 | 放量吸收 | 接近突破 | 結構尚可,BLOCK：超出本市場狀態可執行名額｜v266.57.9：結構：平台壓縮後轉強，可優先觀察起漲/試單。｜續強：回檔承接尚可，若原策略入選，可優先觀察延續。｜突破：尚未形成乾淨突破，不急著升級。,110.28,,,HIGH,高流動性,73.93,2732916.0,137738966400.0,0.0,⚠️ 分散,25（⚠️ 分散）,,籌碼偏弱且資料有限，避免重倉追高。,1,部分籌碼資料有限,📉 低信心,,,,-199000.0,0.0,13664.0,-185336.0,0.0,1,0.0,0.0,0.0,0.0,0,TWSE,🟡 洗盤吸籌／整理換手（結構未壞）,中高,不急追；等放量突破或站穩 MA10 / MA20 再提高權重。,2026-05-09 00:25:55,behavior_interpretation,,,,,,,,,,,,,,,,,,,,,,,,,,,,,,,,,,,,,,,,,,,,,,,,,,,,,,,,,,,,,,,,,,,,MA5：依試單節奏判斷,MA20：依試單節奏判斷,,,,,MA10：依試單節奏判斷,MA5：依試單節奏判斷,MA10：依試單節奏判斷,MA20：依試單節奏判斷,突破確認K,整理後轉強,整理後轉強,MA5：依試單節奏判斷｜MA10：依試單節奏判斷｜MA20：依試單節奏判斷｜K棒：突破確認K｜K線：整理後轉強,K棒型態：突破確認K｜K線結構：整理後轉強,依原策略執行，技術欄位用於確認節奏與風險。,10.6,A,起漲結構強,20D站上MA20｜MA20走平翻揚｜40D平台收斂｜短中均線糾結｜40D低點守住｜接近/站回MA60｜站回60D區間中上｜量縮後溫和放量｜5D動能轉正｜10D動能轉正｜扣分:長上影壓力,平台壓縮後轉強，可優先觀察起漲/試單。,v266.57.9,6.5,B,續強品質中,回檔不破前低｜低點墊高確認｜收盤守MA5｜續強確認：收盤未跌破MA5｜仍站MA20｜10D動能維持｜扣分:長上影壓力,回檔承接尚可，若原策略入選，可優先觀察延續。,v266.57.9,0.5,D,突破不足,突破近5日高｜MA5加速上彎｜扣分:收盤位置偏弱、上影偏長,尚未形成乾淨突破，不急著升級。,v266.57.9,GENERIC,0.55,0.5,0.5,9.33,331.0,最後後處理補寫：原分數+結構前置+續強品質+突破品質；不覆蓋原策略,一般,7.651,v266.58.1,2026-05-09 00:25:47,觀察,否,,觀察,0,0,持續觀察,前狀態:nan→今日:觀察,NO,v266.60.2,7.651,30.0,0.0,0.0,15.0,7.005,436.0,20/40/60結構佳｜續強品質佳｜主力佈局語意｜風險語意扣分,過熱降權,v266.61,2026-05-09 00:25:50,-4.0,洗盤不破承接｜假突破/出貨風險扣分,無事件,等待下一次確認。,4.156,443,v266.62,2026-05-09 00:25:51,0.0,,NONE,188,-18,AVOID_CHASE,平台收斂｜風險文字,477
WATCH,2026-05-08,2026-05-11,3176,基亞,ENTRY,PRE,PRE,54.0,WAIT,BLOCK,False,33.05,0.0,0.0,8,波動壓縮 | 均線收斂 | 接近突破 | 結構尚可,BLOCK：超出本市場狀態可執行名額｜v266.57.9：結構：平台壓縮後轉強，可優先觀察起漲/試單。｜續強：回檔承接尚可，若原策略入選，可優先觀察延續。｜突破：尚未形成乾淨突破，不急著升級。,90.25,,,HIGH,高流動性,46.04,406828.0,13445665399.999998,4.0,🟢 偏集中,64（🟢 偏集中）,法人偏多,籌碼偏集中但資料有限，可搭配技術面確認，不宜單獨重倉。,1,部分籌碼資料有限,📉 低信心,,,基亞,1174.0,1000.0,-174.0,2000.0,1.0,1,0.0,0.0,0.0,0.0,0,TPEX,⚪ 盤整觀望（等待方向）,中低,先觀察，不急進場；等突破、量能或均線方向出現。,2026-05-09 00:25:55,behavior_interpretation,,,,,,,,,,,,,,,,,,,,,,,,,,,,,,,,,,,,,,,,,,,,,,,,,,,,,,,,,,,,,,,,,,,,MA5：依試單節奏判斷,MA20：依試單節奏判斷,,,,,MA10：依試單節奏判斷,MA5：依試單節奏判斷,MA10：依試單節奏判斷,MA20：依試單節奏判斷,突破確認K,整理後轉強,整理後轉強,MA5：依試單節奏判斷｜MA10：依試單節奏判斷｜MA20：依試單節奏判斷｜K棒：突破確認K｜K線：整理後轉強,K棒型態：突破確認K｜K線結構：整理後轉強,依原策略執行，技術欄位用於確認節奏與風險。,9.8,A,起漲結構強,20D站上MA20｜MA20走平翻揚｜MA5站上MA10｜40D平台收斂｜短中均線糾結｜40D低點守住｜接近/站回MA60｜MA60不再下彎｜站回60D區間中上｜10D動能轉正｜扣分:長上影壓力,平台壓縮後轉強，可優先觀察起漲/試單。,v266.57.9,7.7,A,續強品質強,回檔不破前低｜低點墊高確認｜收盤守MA5｜續強確認：收盤未跌破MA5｜MA5仍在MA10上｜仍站MA20｜10D動能維持｜扣分:長上影壓力,回檔承接尚可，若原策略入選，可優先觀察延續。,v266.57.9,-1.4,D,突破不足,短均多頭｜扣分:收盤位置偏弱、上影偏長,尚未形成乾淨突破，不急著升級。,v266.57.9,GENERIC,0.55,0.5,0.5,8.54,375.0,最後後處理補寫：原分數+結構前置+續強品質+突破品質；不覆蓋原策略,一般,7.723,v266.58.1,2026-05-09 00:25:47,觀察,否,,觀察,0,0,持續觀察,前狀態:nan→今日:觀察,NO,v266.60.2,7.723,30.0,0.0,0.0,15.0,6.592,454.0,20/40/60結構佳｜續強品質佳｜主力佈局語意｜風險語意扣分,過熱降權,v266.61,2026-05-09 00:25:50,-4.0,洗盤不破承接｜假突破/出貨風險扣分,無事件,等待下一次確認。,4.206,442,v266.62,2026-05-09 00:25:51,0.0,,NONE,189,-18,AVOID_CHASE,平台收斂｜風險文字,478
TEST,2026-05-08,2026-05-11,6569,醫揚,ENTRY,PRE,PRE,72.0,WAIT,BLOCK,False,100.5,0.0,0.0,3,波動壓縮 | 安靜吸籌 | 均線收斂 | 接近突破 | 結構尚可,BLOCK：超出本市場狀態可執行名額｜v266.57.9：結構：平台壓縮後轉強，可優先觀察起漲/試單。｜續強：回檔承接尚可，若原策略入選，可優先觀察延續。｜突破：尚未形成乾淨突破，不急著升級。,94.52,,,HIGH,高流動性,35.87,123363.0,12397981500.0,4.0,🟢 偏集中,75（🟢 偏集中）,法人偏多,籌碼偏集中但資料有限，可搭配技術面確認，不宜單獨重倉。,1,部分籌碼資料有限,📉 低信心,,,,0.0,7000.0,7000.0,14000.0,1.0,1,0.0,0.0,0.0,0.0,0,TPEX,🟡 洗盤吸籌／整理換手（結構未壞）,中高,不急追；等放量突破或站穩 MA10 / MA20 再提高權重。,2026-05-09 00:25:55,behavior_interpretation,,,,,,,,,,,,,,,,,,,,,,,,,,,,,,,,,,,,,,,,,,,,,,,,,,,,,,,,,,,,,,,,,,,,MA5：依試單節奏判斷,MA20：依試單節奏判斷,,,,,MA10：依試單節奏判斷,MA5：依試單節奏判斷,MA10：依試單節奏判斷,MA20：依試單節奏判斷,突破確認K,整理後轉強,整理後轉強,MA5：依試單節奏判斷｜MA10：依試單節奏判斷｜MA20：依試單節奏判斷｜K棒：突破確認K｜K線：整理後轉強,K棒型態：突破確認K｜K線結構：整理後轉強,依原策略執行，技術欄位用於確認節奏與風險。,9.8,A,起漲結構強,20D站上MA20｜MA20走平翻揚｜MA5站上MA10｜接近20日高｜40D平台收斂｜短中均線糾結｜40D低點守住｜接近/站回MA60｜站回60D區間中上｜10D動能轉正｜扣分:長上影壓力,平台壓縮後轉強，可優先觀察起漲/試單。,v266.57.9,7.7,A,續強品質強,回檔不破前低｜低點墊高確認｜收盤守MA5｜續強確認：收盤未跌破MA5｜MA5仍在MA10上｜仍站MA20｜10D動能維持｜扣分:長上影壓力,回檔承接尚可，若原策略入選，可優先觀察延續。,v266.57.9,-1.4,D,突破不足,短均多頭｜扣分:收盤位置偏弱、上影偏長,尚未形成乾淨突破，不急著升級。,v266.57.9,GENERIC,0.55,0.5,0.5,8.54,375.0,最後後處理補寫：原分數+結構前置+續強品質+突破品質；不覆蓋原策略,一般,7.723,v266.58.1,2026-05-09 00:25:47,觀察,否,,觀察,0,0,持續觀察,首次追蹤:觀察,NO,v266.60.2,7.723,30.0,0.0,0.0,15.0,7.132,432.0,20/40/60結構佳｜續強品質佳｜主力佈局語意｜風險語意扣分,過熱降權,v266.61,2026-05-09 00:25:50,-4.0,洗盤不破承接｜假突破/出貨風險扣分,無事件,等待下一次確認。,4.206,441,v266.62,2026-05-09 00:25:51,0.0,,NONE,190,-18,AVOID_CHASE,平台收斂｜風險文字,479
WATCH,2026-05-08,2026-05-11,1446,宏和,ENTRY,PRE,PRE,54.0,WAIT,BLOCK,False,15.8,0.0,0.0,8,波動壓縮 | 均線收斂 | 接近突破 | 結構尚可,BLOCK：超出本市場狀態可執行名額｜v266.57.9：結構：結構證據不足，保留原策略但降低信心。｜續強：回檔承接尚可，若原策略入選，可優先觀察延續。｜突破：尚未形成乾淨突破，不急著升級。,80.48,,,HIGH,高流動性,24.01,124124.0,1961159200.0,-2.0,🟢 偏集中,72（🟢 偏集中）,法人偏多｜籌碼風險,籌碼偏集中但資料有限，可搭配技術面確認，不宜單獨重倉。,1,部分籌碼資料有限,📉 低信心,,,宏和,29000.0,0.0,0.0,29000.0,1.0,1,0.0,0.0,0.0,0.0,0,TWSE,⚪ 盤整觀望（等待方向）,中低,先觀察，不急進場；等突破、量能或均線方向出現。,2026-05-09 00:25:55,behavior_interpretation,,,,,,,,,,,,,,,,,,,,,,,,,,,,,,,,,,,,,,,,,,,,,,,,,,,,,,,,,,,,,,,,,,,,MA5：依試單節奏判斷,MA20：依試單節奏判斷,,,,,MA10：依試單節奏判斷,MA5：依試單節奏判斷,MA10：依試單節奏判斷,MA20：依試單節奏判斷,突破確認K,整理後轉強,整理後轉強,MA5：依試單節奏判斷｜MA10：依試單節奏判斷｜MA20：依試單節奏判斷｜K棒：突破確認K｜K線：整理後轉強,K棒型態：突破確認K｜K線結構：整理後轉強,依原策略執行，技術欄位用於確認節奏與風險。,5.0,C,結構觀察,40D平台收斂｜短中均線糾結｜40D低點守住｜接近/站回MA60,結構證據不足，保留原策略但降低信心。,v266.57.9,7.0,A,續強品質強,回檔不破前低｜低點墊高確認｜收盤守MA5｜續強確認：收盤未跌破MA5｜回檔量縮,回檔承接尚可，若原策略入選，可優先觀察延續。,v266.57.9,0.0,D,突破不足,,尚未形成乾淨突破，不急著升級。,v266.57.9,GENERIC,0.55,0.5,0.5,6.25,478.0,最後後處理補寫：原分數+結構前置+續強品質+突破品質；不覆蓋原策略,一般,4.765,v266.58.1,2026-05-09 00:25:47,觀察,否,,觀察,0,0,持續觀察,前狀態:nan→今日:觀察,NO,v266.60.2,4.765,8.0,0.0,0.0,15.0,-1.404,522.0,續強品質佳｜風險語意扣分,過熱降權,v266.61,2026-05-09 00:25:50,-4.0,洗盤不破承接｜假突破/出貨風險扣分,無事件,等待下一次確認。,2.135,471,v266.62,2026-05-09 00:25:51,0.0,,NONE,192,-18,AVOID_CHASE,平台收斂｜風險文字,480
WATCH,2026-05-08,2026-05-11,5878,台名,ENTRY,PRE,PRE,54.0,WAIT,BLOCK,False,40.7,0.0,0.0,8,波動壓縮 | 均線收斂 | 接近突破 | 結構尚可,BLOCK：超出本市場狀態可執行名額｜v266.57.9：結構：平台壓縮後轉強，可優先觀察起漲/試單。｜續強：回檔承接尚可，若原策略入選，可優先觀察延續。｜突破：尚未形成乾淨突破，不急著升級。,68.39,,,HIGH,高流動性,4.67,9375.0,381562500.0,0.0,🟡 普通,50（🟡 普通）,,籌碼普通或資料有限，需搭配技術面確認。,0,法人/融資資料有限,📉 低信心,,,台名,0.0,0.0,0.0,0.0,0.0,0,0.0,0.0,0.0,0.0,0,,⚪ 盤整觀望（等待方向）,中低,先觀察，不急進場；等突破、量能或均線方向出現。,2026-05-09 00:25:55,behavior_interpretation,,,,,,,,,,,,,,,,,,,,,,,,,,,,,,,,,,,,,,,,,,,,,,,,,,,,,,,,,,,,,,,,,,,,MA5：依試單節奏判斷,MA20：依試單節奏判斷,,,,,MA10：依試單節奏判斷,MA5：依試單節奏判斷,MA10：依試單節奏判斷,MA20：依試單節奏判斷,突破確認K,整理後轉強,整理後轉強,MA5：依試單節奏判斷｜MA10：依試單節奏判斷｜MA20：依試單節奏判斷｜K棒：突破確認K｜K線：整理後轉強,K棒型態：突破確認K｜K線結構：整理後轉強,依原策略執行，技術欄位用於確認節奏與風險。,7.0,B,起漲結構中,MA5站上MA10｜接近20日高｜40D平台收斂｜短中均線糾結｜40D低點守住｜接近/站回MA60｜MA60不再下彎｜扣分:長上影壓力,平台壓縮後轉強，可優先觀察起漲/試單。,v266.57.9,5.7,B,續強品質中,回檔不破前低｜低點墊高確認｜收盤守MA5｜續強確認：收盤未跌破MA5｜MA5仍在MA10上｜扣分:長上影壓力,回檔承接尚可，若原策略入選，可優先觀察延續。,v266.57.9,-1.4,D,突破不足,短均多頭｜扣分:收盤位置偏弱、上影偏長,尚未形成乾淨突破，不急著升級。,v266.57.9,GENERIC,0.55,0.5,0.5,6.0,484.0,最後後處理補寫：原分數+結構前置+續強品質+突破品質；不覆蓋原策略,一般,4.92,v266.58.1,2026-05-09 00:25:47,觀察,否,,觀察,0,0,持續觀察,前狀態:nan→今日:觀察,NO,v266.60.2,4.92,30.0,0.0,0.0,15.0,6.312,467.0,20/40/60結構佳｜續強品質佳｜主力佈局語意｜風險語意扣分,過熱降權,v266.61,2026-05-09 00:25:50,-4.0,洗盤不破承接｜假突破/出貨風險扣分,無事件,等待下一次確認。,2.244,470,v266.62,2026-05-09 00:25:51,0.0,,NONE,193,-18,AVOID_CHASE,平台收斂｜風險文字,481
WATCH,2026-05-08,2026-05-11,1702,南僑,ENTRY,PRE,PRE,54.0,WAIT,BLOCK,False,34.35,0.0,0.0,8,安靜吸籌 | 均線收斂 | 放量吸收 | 結構尚可,BLOCK：超出本市場狀態可執行名額｜v266.57.9：結構：平台壓縮後轉強，可優先觀察起漲/試單。｜續強：續強品質不足或有假突破壓力，避免追高。｜突破：尚未形成乾淨突破，不急著升級。,93.9,,,HIGH,高流動性,53.96,675274.0,23195661900.000004,-6.0,❌ 極度分散,15（❌ 極度分散）,籌碼風險,籌碼偏弱且資料有限，避免重倉追高。,1,部分籌碼資料有限,📉 低信心,,,南僑,-126000.0,-150000.0,0.0,-276000.0,0.0,1,0.0,0.0,0.0,0.0,0,TWSE,🟡 洗盤吸籌／整理換手（結構未壞）,中高,不急追；等放量突破或站穩 MA10 / MA20 再提高權重。,2026-05-09 00:25:55,behavior_interpretation,,,,,,,,,,,,,,,,,,,,,,,,,,,,,,,,,,,,,,,,,,,,,,,,,,,,,,,,,,,,,,,,,,,,MA5：依觀察節奏判斷,MA20：依觀察節奏判斷,,,,,MA10：依觀察節奏判斷,MA5：依觀察節奏判斷,MA10：依觀察節奏判斷,MA20：依觀察節奏判斷,整理觀察K,整理收斂,整理收斂,MA5：依觀察節奏判斷｜MA10：依觀察節奏判斷｜MA20：依觀察節奏判斷｜K棒：整理觀察K｜K線：整理收斂,K棒型態：整理觀察K｜K線結構：整理收斂,依原策略執行，技術欄位用於確認節奏與風險。,6.0,B,起漲結構中,40D平台收斂｜短中均線糾結｜40D低點守住｜量縮後溫和放量,平台壓縮後轉強，可優先觀察起漲/試單。,v266.57.9,-1.0,E,續強不足,扣分:跌破短均,續強品質不足或有假突破壓力，避免追高。,v266.57.9,0.2,D,突破不足,量能較前日放大｜扣分:收盤位置偏弱,尚未形成乾淨突破，不急著升級。,v266.57.9,GENERIC,0.55,0.5,0.5,2.9,528.0,最後後處理補寫：原分數+結構前置+續強品質+突破品質；不覆蓋原策略,籌碼風險,1.298,v266.58.1,2026-05-09 00:25:47,出貨疑慮,否,籌碼轉弱,出貨疑慮,-2,-15,降級風險,前狀態:nan→今日:出貨疑慮｜狀態降級,RISK,v266.60.2,-3.952,22.0,0.0,0.0,15.0,2.887,494.0,20/40/60結構佳｜主力佈局語意｜風險語意扣分,過熱降權,v266.61,2026-05-09 00:25:50,-12.0,假突破/出貨風險扣分,過熱/風險事件,避免追高，等回檔不破再評估。,-6.366,532,v266.62,2026-05-09 00:25:51,0.0,,NONE,208,-18,AVOID_CHASE,平台收斂｜風險文字,482
WATCH,2026-05-08,2026-05-11,9924,福興,ENTRY,PRE,PRE,54.0,WAIT,BLOCK,False,43.3,0.0,0.0,8,波動壓縮 | 均線收斂 | 接近突破 | 結構尚可,BLOCK：超出本市場狀態可執行名額｜v266.57.9：結構：結構證據不足，保留原策略但降低信心。｜續強：續強品質不足或有假突破壓力，避免追高。｜突破：尚未形成乾淨突破，不急著升級。,80.86,,,HIGH,高流動性,26.37,95959.0,4155024700.0,-6.0,⚠️ 分散,22（⚠️ 分散）,籌碼風險,籌碼偏弱且資料有限，避免重倉追高。,1,部分籌碼資料有限,📉 低信心,,,,-26000.0,-1767.0,0.0,-27767.0,0.0,1,0.0,0.0,0.0,0.0,0,TWSE,⚪ 盤整觀望（等待方向）,中低,先觀察，不急進場；等突破、量能或均線方向出現。,2026-05-09 00:25:55,behavior_interpretation,,,,,,,,,,,,,,,,,,,,,,,,,,,,,,,,,,,,,,,,,,,,,,,,,,,,,,,,,,,,,,,,,,,,MA5：依試單節奏判斷,MA20：依試單節奏判斷,,,,,MA10：依試單節奏判斷,MA5：依試單節奏判斷,MA10：依試單節奏判斷,MA20：依試單節奏判斷,突破確認K,整理後轉強,整理後轉強,MA5：依試單節奏判斷｜MA10：依試單節奏判斷｜MA20：依試單節奏判斷｜K棒：突破確認K｜K線：整理後轉強,K棒型態：突破確認K｜K線結構：整理後轉強,依原策略執行，技術欄位用於確認節奏與風險。,4.0,C,結構觀察,40D平台收斂｜短中均線糾結｜40D低點守住,結構證據不足，保留原策略但降低信心。,v266.57.9,2.0,D,續強偏弱,回檔不破前低｜低點墊高確認｜扣分:跌破短均,續強品質不足或有假突破壓力，避免追高。,v266.57.9,-1.0,D,突破不足,扣分:收盤位置偏弱,尚未形成乾淨突破，不急著升級。,v266.57.9,GENERIC,0.55,0.5,0.5,2.7,530.0,最後後處理補寫：原分數+結構前置+續強品質+突破品質；不覆蓋原策略,籌碼風險,1.134,v266.58.1,2026-05-09 00:25:47,出貨疑慮,否,籌碼轉弱,出貨疑慮,-2,-15,降級風險,前狀態:nan→今日:出貨疑慮｜狀態降級,RISK,v266.60.2,-4.116,0.0,0.0,0.0,15.0,-4.829,537.0,風險語意扣分,過熱降權,v266.61,2026-05-09 00:25:50,-4.0,洗盤不破承接｜假突破/出貨風險扣分,無事件,等待下一次確認。,-4.081,527,v266.62,2026-05-09 00:25:51,0.0,,NONE,213,-18,AVOID_CHASE,平台收斂｜風險文字,483
TEST,2026-05-08,2026-05-11,1268,漢來美食,ENTRY,PRE,PRE,86.0,WAIT,WATCH,False,158.5,0.0,0.0,3,波動壓縮 | 安靜吸籌 | 均線收斂 | 放量吸收 | 接近突破 | 結構尚可,WATCH：保留觀察，不下單｜大盤中性 ：BUY 降級 TEST，控制追高｜v266.57.9：結構：平台壓縮後轉強，可優先觀察起漲/試單。｜續強：回檔承接尚可，若原策略入選，可優先觀察延續。｜突破：尚未形成乾淨突破，不急著升級。,103.11,,,HIGH,高流動性,38.57,119366.0,18919511000.0,0.0,🟡 普通,50（🟡 普通）,,籌碼普通或資料有限，需搭配技術面確認。,1,部分籌碼資料有限,📉 低信心,,,漢來美食,0.0,0.0,0.0,0.0,0.0,1,0.0,0.0,0.0,0.0,0,TPEX,🟡 洗盤吸籌／整理換手（結構未壞）,中高,不急追；等放量突破或站穩 MA10 / MA20 再提高權重。,2026-05-09 00:25:55,behavior_interpretation,,,,,,,,,,,,,,,,,,,,,,,,,,,,,,,,,,,,,,,,,,,,,,,,,,,,,,,,,,,,,,,,,,,,MA5：依試單節奏判斷,MA20：依試單節奏判斷,,,,,MA10：依試單節奏判斷,MA5：依試單節奏判斷,MA10：依試單節奏判斷,MA20：依試單節奏判斷,突破確認K,整理後轉強,整理後轉強,MA5：依試單節奏判斷｜MA10：依試單節奏判斷｜MA20：依試單節奏判斷｜K棒：突破確認K｜K線：整理後轉強,K棒型態：突破確認K｜K線結構：整理後轉強,依原策略執行，技術欄位用於確認節奏與風險。,12.0,A,起漲結構強,20D站上MA20｜MA20走平翻揚｜MA5站上MA10｜接近20日高｜40D平台收斂｜短中均線糾結｜40D低點守住｜接近/站回MA60｜MA60不再下彎｜站回60D區間中上｜量縮後溫和放量｜10D動能轉正｜扣分:長上影壓力,平台壓縮後轉強，可優先觀察起漲/試單。,v266.57.9,6.5,B,續強品質中,回檔不破前低｜低點墊高確認｜收盤守MA5｜續強確認：收盤未跌破MA5｜MA5仍在MA10上｜仍站MA20｜10D動能維持｜扣分:回檔量放大、長上影壓力,回檔承接尚可，若原策略入選，可優先觀察延續。,v266.57.9,-1.4,D,突破不足,短均多頭｜扣分:收盤位置偏弱、上影偏長,尚未形成乾淨突破，不急著升級。,v266.57.9,WATCH,0.55,0.35,0.75,7.825,413.0,最後後處理補寫：原分數+結構前置+續強品質+突破品質；不覆蓋原策略,一般,6.416,v266.58.1,2026-05-09 00:25:47,觀察,否,,觀察,0,0,持續觀察,前狀態:nan→今日:觀察,NO,v266.60.2,6.416,30.0,0.0,0.0,15.0,7.422,424.0,20/40/60結構佳｜續強品質佳｜主力佈局語意｜風險語意扣分,過熱降權,v266.61,2026-05-09 00:25:50,-4.0,洗盤不破承接｜假突破/出貨風險扣分,無事件,等待下一次確認。,3.291,459,v266.62,2026-05-09 00:25:51,0.0,,NONE,214,-18,AVOID_CHASE,平台收斂｜風險文字,484
WATCH,2026-05-08,2026-05-11,2432,倚天酷碁-創,ENTRY,PRE,PRE,58.0,WAIT,BLOCK,False,27.6,0.0,0.0,8,波動壓縮 | 安靜吸籌 | 均線收斂 | 結構尚可,BLOCK：超出本市場狀態可執行名額｜v266.57.9：結構：平台壓縮後轉強，可優先觀察起漲/試單。｜續強：續強品質不足或有假突破壓力，避免追高。｜突破：尚未形成乾淨突破，不急著升級。,83.87,,,HIGH,高流動性,27.39,124483.0,3435730800.0000005,-6.0,⚠️ 分散,40（⚠️ 分散）,籌碼風險,籌碼普通或資料有限，需搭配技術面確認。,1,部分籌碼資料有限,📉 低信心,,,倚天酷碁-創,-5000.0,0.0,0.0,-5000.0,0.0,1,0.0,0.0,0.0,0.0,0,TWSE,🟡 洗盤吸籌／整理換手（結構未壞）,中高,不急追；等放量突破或站穩 MA10 / MA20 再提高權重。,2026-05-09 00:25:55,behavior_interpretation,,,,,,,,,,,,,,,,,,,,,,,,,,,,,,,,,,,,,,,,,,,,,,,,,,,,,,,,,,,,,,,,,,,,MA5：依觀察節奏判斷,MA20：依觀察節奏判斷,,,,,MA10：依觀察節奏判斷,MA5：依觀察節奏判斷,MA10：依觀察節奏判斷,MA20：依觀察節奏判斷,整理觀察K,整理收斂,整理收斂,MA5：依觀察節奏判斷｜MA10：依觀察節奏判斷｜MA20：依觀察節奏判斷｜K棒：整理觀察K｜K線：整理收斂,K棒型態：整理觀察K｜K線結構：整理收斂,依原策略執行，技術欄位用於確認節奏與風險。,10.0,A,起漲結構強,MA20走平翻揚｜40D平台收斂｜短中均線糾結｜40D低點守住｜接近/站回MA60｜MA60不再下彎｜站回60D區間中上｜量縮後溫和放量,平台壓縮後轉強，可優先觀察起漲/試單。,v266.57.9,0.5,E,續強不足,收盤守MA5｜扣分:跌破短均,續強品質不足或有假突破壓力，避免追高。,v266.57.9,1.5,D,突破不足,收盤接近高點,尚未形成乾淨突破，不急著升級。,v266.57.9,GENERIC,0.55,0.5,0.5,6.5,471.0,最後後處理補寫：原分數+結構前置+續強品質+突破品質；不覆蓋原策略,籌碼風險,4.25,v266.58.1,2026-05-09 00:25:47,出貨疑慮,否,籌碼轉弱,出貨疑慮,-2,-15,降級風險,首次追蹤:出貨疑慮｜狀態降級,RISK,v266.60.2,-1.0,22.0,0.0,0.0,15.0,3.302,479.0,20/40/60結構佳｜主力佈局語意｜風險語意扣分,過熱降權,v266.61,2026-05-09 00:25:50,-12.0,假突破/出貨風險扣分,過熱/風險事件,避免追高，等回檔不破再評估。,-4.3,529,v266.62,2026-05-09 00:25:51,0.0,,NONE,211,-18,AVOID_CHASE,平台收斂｜風險文字,485
TEST,2026-05-08,2026-05-11,1615,大山,ENTRY,PRE,PRE,72.0,WAIT,BLOCK,False,44.7,0.0,0.0,3,波動壓縮 | 安靜吸籌 | 均線收斂 | 放量吸收 | 結構尚可,BLOCK：超出本市場狀態可執行名額｜v266.57.9：結構：有過熱或假突破壓力，避免追高。｜續強：續強品質不足或有假突破壓力，避免追高。｜突破：尚未形成乾淨突破，不急著升級。,101.65,,,HIGH,高流動性,49.77,455009.0,20338902300.0,-6.0,⚠️ 分散,34（⚠️ 分散）,籌碼風險,籌碼普通或資料有限，需搭配技術面確認。,1,部分籌碼資料有限,📉 低信心,,,大山,-15000.0,0.0,0.0,-15000.0,0.0,1,0.0,0.0,0.0,0.0,0,TWSE,🟡 洗盤吸籌／整理換手（結構未壞）,中高,不急追；等放量突破或站穩 MA10 / MA20 再提高權重。,2026-05-09 00:25:55,behavior_interpretation,,,,,,,,,,,,,,,,,,,,,,,,,,,,,,,,,,,,,,,,,,,,,,,,,,,,,,,,,,,,,,,,,,,,MA5：依試單節奏判斷,MA20：依試單節奏判斷,,,,,MA10：依試單節奏判斷,MA5：依試單節奏判斷,MA10：依試單節奏判斷,MA20：依試單節奏判斷,突破確認K,整理後轉強,整理後轉強,MA5：依試單節奏判斷｜MA10：依試單節奏判斷｜MA20：依試單節奏判斷｜K棒：突破確認K｜K線：整理後轉強,K棒型態：突破確認K｜K線結構：整理後轉強,依原策略執行，技術欄位用於確認節奏與風險。,3.5,D,結構偏弱,MA20走平翻揚｜40D平台收斂｜短中均線糾結｜40D低點守住｜扣分:單日爆量偏高,有過熱或假突破壓力，避免追高。,v266.57.9,1.0,D,續強偏弱,回檔不破前低｜扣分:跌破短均,續強品質不足或有假突破壓力，避免追高。,v266.57.9,0.2,D,突破不足,量能較前日放大｜扣分:收盤位置偏弱,尚未形成乾淨突破，不急著升級。,v266.57.9,GENERIC,0.55,0.5,0.5,2.525,531.0,最後後處理補寫：原分數+結構前置+續強品質+突破品質；不覆蓋原策略,籌碼風險,0.99,v266.58.1,2026-05-09 00:25:47,出貨疑慮,否,籌碼轉弱,出貨疑慮,-2,-15,降級風險,前狀態:nan→今日:出貨疑慮｜狀態降級,RISK,v266.60.2,-4.26,10.0,0.0,0.0,15.0,-0.803,510.0,主力佈局語意｜風險語意扣分,過熱降權,v266.61,2026-05-09 00:25:50,-4.0,洗盤不破承接｜假突破/出貨風險扣分,無事件,等待下一次確認。,-4.182,528,v266.62,2026-05-09 00:25:51,0.0,,NONE,212,-18,AVOID_CHASE,平台收斂｜風險文字,486
WATCH,2026-05-08,2026-05-11,3557,嘉威,ENTRY,PRE,PRE,52.0,WAIT,BLOCK,False,29.45,0.0,0.0,8,波動壓縮 | 安靜吸籌 | 均線收斂,BLOCK：超出本市場狀態可執行名額｜v266.57.9：結構：平台壓縮後轉強，可優先觀察起漲/試單。｜續強：續強品質不足或有假突破壓力，避免追高。｜突破：尚未形成乾淨突破，不急著升級。,81.14,,,HIGH,高流動性,28.71,132761.0,3909811450.0,-6.0,⚠️ 分散,31（⚠️ 分散）,籌碼風險,籌碼普通或資料有限，需搭配技術面確認。,1,部分籌碼資料有限,📉 低信心,,,,-22900.0,0.0,0.0,-22900.0,0.0,1,0.0,0.0,0.0,0.0,0,TWSE,🟡 洗盤吸籌／整理換手（結構未壞）,中高,不急追；等放量突破或站穩 MA10 / MA20 再提高權重。,2026-05-09 00:25:55,behavior_interpretation,,,,,,,,,,,,,,,,,,,,,,,,,,,,,,,,,,,,,,,,,,,,,,,,,,,,,,,,,,,,,,,,,,,,MA5：依觀察節奏判斷,MA20：依觀察節奏判斷,,,,,MA10：依觀察節奏判斷,MA5：依觀察節奏判斷,MA10：依觀察節奏判斷,MA20：依觀察節奏判斷,整理觀察K,整理收斂,整理收斂,MA5：依觀察節奏判斷｜MA10：依觀察節奏判斷｜MA20：依觀察節奏判斷｜K棒：整理觀察K｜K線：整理收斂,K棒型態：整理觀察K｜K線結構：整理收斂,依原策略執行，技術欄位用於確認節奏與風險。,6.0,B,起漲結構中,40D平台收斂｜短中均線糾結｜40D低點守住｜量縮後溫和放量,平台壓縮後轉強，可優先觀察起漲/試單。,v266.57.9,-1.0,E,續強不足,扣分:跌破短均,續強品質不足或有假突破壓力，避免追高。,v266.57.9,-1.0,D,突破不足,扣分:收盤位置偏弱,尚未形成乾淨突破，不急著升級。,v266.57.9,GENERIC,0.55,0.5,0.5,2.3,533.0,最後後處理補寫：原分數+結構前置+續強品質+突破品質；不覆蓋原策略,籌碼風險,0.806,v266.58.1,2026-05-09 00:25:47,出貨疑慮,否,籌碼轉弱,出貨疑慮,-2,-15,降級風險,前狀態:nan→今日:出貨疑慮｜狀態降級,RISK,v266.60.2,-4.444,22.0,0.0,0.0,15.0,2.778,496.0,20/40/60結構佳｜主力佈局語意｜風險語意扣分,過熱降權,v266.61,2026-05-09 00:25:50,-12.0,假突破/出貨風險扣分,過熱/風險事件,避免追高，等回檔不破再評估。,-6.711,536,v266.62,2026-05-09 00:25:51,0.0,,NONE,216,-18,AVOID_CHASE,平台收斂｜風險文字,487
WATCH,2026-05-08,2026-05-11,2845,遠東銀,ENTRY,PRE,PRE,54.0,WAIT,BLOCK,False,12.2,0.0,0.0,8,波動壓縮 | 均線收斂 | 接近突破 | 結構尚可,BLOCK：超出本市場狀態可執行名額｜v266.57.9：結構：結構證據不足，保留原策略但降低信心。｜續強：續強品質不足或有假突破壓力，避免追高。｜突破：尚未形成乾淨突破，不急著升級。,103.46,,,HIGH,高流動性,76.45,6699191.0,81730130199.99998,-6.0,❌ 極度分散,15（❌ 極度分散）,籌碼風險,籌碼偏弱且資料有限，避免重倉追高。,1,部分籌碼資料有限,📉 低信心,,,遠東銀,-4519000.0,-12000.0,32000.0,-4499000.0,0.0,1,0.0,0.0,0.0,0.0,0,TWSE,⚪ 盤整觀望（等待方向）,中低,先觀察，不急進場；等突破、量能或均線方向出現。,2026-05-09 00:25:55,behavior_interpretation,,,,,,,,,,,,,,,,,,,,,,,,,,,,,,,,,,,,,,,,,,,,,,,,,,,,,,,,,,,,,,,,,,,,MA5：依試單節奏判斷,MA20：依試單節奏判斷,,,,,MA10：依試單節奏判斷,MA5：依試單節奏判斷,MA10：依試單節奏判斷,MA20：依試單節奏判斷,突破確認K,整理後轉強,整理後轉強,MA5：依試單節奏判斷｜MA10：依試單節奏判斷｜MA20：依試單節奏判斷｜K棒：突破確認K｜K線：整理後轉強,K棒型態：突破確認K｜K線結構：整理後轉強,依原策略執行，技術欄位用於確認節奏與風險。,5.0,C,結構觀察,40D平台收斂｜短中均線糾結｜40D低點守住｜接近/站回MA60,結構證據不足，保留原策略但降低信心。,v266.57.9,3.5,C,續強觀察,回檔不破前低｜低點墊高確認｜收盤守MA5｜扣分:跌破短均,續強品質不足或有假突破壓力，避免追高。,v266.57.9,-1.0,D,突破不足,扣分:收盤位置偏弱,尚未形成乾淨突破，不急著升級。,v266.57.9,GENERIC,0.55,0.5,0.5,4.0,518.0,最後後處理補寫：原分數+結構前置+續強品質+突破品質；不覆蓋原策略,籌碼風險,2.2,v266.58.1,2026-05-09 00:25:47,出貨疑慮,否,籌碼轉弱,出貨疑慮,-2,-15,降級風險,前狀態:nan→今日:出貨疑慮｜狀態降級,RISK,v266.60.2,-3.05,0.0,0.0,0.0,15.0,-4.722,534.0,風險語意扣分,過熱降權,v266.61,2026-05-09 00:25:50,-4.0,洗盤不破承接｜假突破/出貨風險扣分,無事件,等待下一次確認。,-3.335,520,v266.62,2026-05-09 00:25:51,0.0,,NONE,217,-18,AVOID_CHASE,平台收斂｜風險文字,488
WATCH,2026-05-08,2026-05-11,4580,捷流閥業,ENTRY,PRE,PRE,54.0,WAIT,BLOCK,False,82.1,0.0,0.0,8,波動壓縮 | 均線收斂 | 接近突破 | 結構尚可,BLOCK：超出本市場狀態可執行名額｜v266.57.9：結構：平台壓縮後轉強，可優先觀察起漲/試單。｜續強：回檔承接尚可，若原策略入選，可優先觀察延續。｜突破：尚未形成乾淨突破，不急著升級。,80.63,,,HIGH,高流動性,27.06,73106.0,6002002600.0,0.0,🟡 普通,50（🟡 普通）,,籌碼普通或資料有限，需搭配技術面確認。,1,部分籌碼資料有限,📉 低信心,,,捷流閥業,0.0,0.0,0.0,0.0,0.0,1,0.0,0.0,0.0,0.0,0,TPEX,⚪ 盤整觀望（等待方向）,中低,先觀察，不急進場；等突破、量能或均線方向出現。,2026-05-09 00:25:55,behavior_interpretation,,,,,,,,,,,,,,,,,,,,,,,,,,,,,,,,,,,,,,,,,,,,,,,,,,,,,,,,,,,,,,,,,,,,MA5：依試單節奏判斷,MA20：依試單節奏判斷,,,,,MA10：依試單節奏判斷,MA5：依試單節奏判斷,MA10：依試單節奏判斷,MA20：依試單節奏判斷,突破確認K,整理後轉強,整理後轉強,MA5：依試單節奏判斷｜MA10：依試單節奏判斷｜MA20：依試單節奏判斷｜K棒：突破確認K｜K線：整理後轉強,K棒型態：突破確認K｜K線結構：整理後轉強,依原策略執行，技術欄位用於確認節奏與風險。,10.8,A,起漲結構強,20D站上MA20｜MA20走平翻揚｜MA5站上MA10｜接近20日高｜40D平台收斂｜短中均線糾結｜40D低點守住｜接近/站回MA60｜MA60不再下彎｜站回60D區間中上｜10D動能轉正｜扣分:長上影壓力,平台壓縮後轉強，可優先觀察起漲/試單。,v266.57.9,7.7,A,續強品質強,回檔不破前低｜低點墊高確認｜收盤守MA5｜續強確認：收盤未跌破MA5｜MA5仍在MA10上｜仍站MA20｜10D動能維持｜扣分:長上影壓力,回檔承接尚可，若原策略入選，可優先觀察延續。,v266.57.9,-1.4,D,突破不足,短均多頭｜扣分:收盤位置偏弱、上影偏長,尚未形成乾淨突破，不急著升級。,v266.57.9,GENERIC,0.55,0.5,0.5,9.09,340.0,最後後處理補寫：原分數+結構前置+續強品質+突破品質；不覆蓋原策略,一般,7.454,v266.58.1,2026-05-09 00:25:47,觀察,否,,觀察,0,0,持續觀察,前狀態:nan→今日:觀察,NO,v266.60.2,7.454,30.0,0.0,0.0,15.0,6.565,455.0,20/40/60結構佳｜續強品質佳｜主力佈局語意｜風險語意扣分,過熱降權,v266.61,2026-05-09 00:25:50,-4.0,洗盤不破承接｜假突破/出貨風險扣分,無事件,等待下一次確認。,4.018,444,v266.62,2026-05-09 00:25:51,0.0,,NONE,187,-18,AVOID_CHASE,平台收斂｜風險文字,489
TEST,2026-05-08,2026-05-11,1616,億泰,ENTRY,PRE,PRE,66.0,WAIT,BLOCK,False,22.15,0.0,0.0,3,波動壓縮 | 安靜吸籌 | 均線收斂 | 放量吸收,BLOCK：超出本市場狀態可執行名額｜v266.57.9：結構：結構證據不足，保留原策略但降低信心。｜續強：續強品質不足或有假突破壓力，避免追高。｜突破：尚未形成乾淨突破，不急著升級。,101.63,,,HIGH,高流動性,55.59,929892.0,20597107800.0,-6.0,⚠️ 分散,25（⚠️ 分散）,籌碼風險,籌碼偏弱且資料有限，避免重倉追高。,1,部分籌碼資料有限,📉 低信心,,,,-79000.0,0.0,1.0,-78999.0,0.0,1,0.0,0.0,0.0,0.0,0,TWSE,🟡 洗盤吸籌／整理換手（結構未壞）,中高,不急追；等放量突破或站穩 MA10 / MA20 再提高權重。,2026-05-09 00:25:55,behavior_interpretation,,,,,,,,,,,,,,,,,,,,,,,,,,,,,,,,,,,,,,,,,,,,,,,,,,,,,,,,,,,,,,,,,,,,MA5：依試單節奏判斷,MA20：依試單節奏判斷,,,,,MA10：依試單節奏判斷,MA5：依試單節奏判斷,MA10：依試單節奏判斷,MA20：依試單節奏判斷,突破確認K,整理後轉強,整理後轉強,MA5：依試單節奏判斷｜MA10：依試單節奏判斷｜MA20：依試單節奏判斷｜K棒：突破確認K｜K線：整理後轉強,K棒型態：突破確認K｜K線結構：整理後轉強,依原策略執行，技術欄位用於確認節奏與風險。,5.0,C,結構觀察,40D平台收斂｜短中均線糾結｜量縮後溫和放量,結構證據不足，保留原策略但降低信心。,v266.57.9,3.5,C,續強觀察,回檔不破前低｜低點墊高確認｜收盤守MA5｜扣分:跌破短均,續強品質不足或有假突破壓力，避免追高。,v266.57.9,-1.0,D,突破不足,扣分:收盤位置偏弱,尚未形成乾淨突破，不急著升級。,v266.57.9,GENERIC,0.55,0.5,0.5,4.0,518.0,最後後處理補寫：原分數+結構前置+續強品質+突破品質；不覆蓋原策略,籌碼風險,2.2,v266.58.1,2026-05-09 00:25:47,出貨疑慮,否,籌碼轉弱,出貨疑慮,-2,-15,降級風險,前狀態:nan→今日:出貨疑慮｜狀態降級,RISK,v266.60.2,-3.05,10.0,0.0,0.0,15.0,-0.862,513.0,主力佈局語意｜風險語意扣分,過熱降權,v266.61,2026-05-09 00:25:50,-4.0,洗盤不破承接｜假突破/出貨風險扣分,無事件,等待下一次確認。,-3.335,519,v266.62,2026-05-09 00:25:51,0.0,,NONE,218,-18,AVOID_CHASE,平台收斂｜風險文字,490
TEST,2026-05-08,2026-05-11,6988,威力暘-創,ENTRY,PRE,PRE,80.0,WAIT,BLOCK,False,14.5,0.0,0.0,3,波動壓縮 | 安靜吸籌 | 均線收斂 | 放量吸收 | 接近突破,BLOCK：超出本市場狀態可執行名額｜大盤中性 ：BUY 降級 TEST，控制追高｜v266.57.9：結構：有過熱或假突破壓力，避免追高。｜續強：回檔承接尚可，若原策略入選，可優先觀察延續。｜突破：尚未形成乾淨突破，不急著升級。,94.1,,,HIGH,高流動性,22.48,114320.0,1657640000.0,-2.0,🟢 偏集中,61（🟢 偏集中）,法人偏多｜籌碼風險,籌碼偏集中但資料有限，可搭配技術面確認，不宜單獨重倉。,1,部分籌碼資料有限,📉 低信心,,,,0.0,0.0,6000.0,6000.0,1.0,1,0.0,0.0,0.0,0.0,0,TWSE,🟡 洗盤吸籌／整理換手（結構未壞）,中高,不急追；等放量突破或站穩 MA10 / MA20 再提高權重。,2026-05-09 00:25:55,behavior_interpretation,,,,,,,,,,,,,,,,,,,,,,,,,,,,,,,,,,,,,,,,,,,,,,,,,,,,,,,,,,,,,,,,,,,,MA5：依試單節奏判斷,MA20：依試單節奏判斷,,,,,MA10：依試單節奏判斷,MA5：依試單節奏判斷,MA10：依試單節奏判斷,MA20：依試單節奏判斷,突破確認K,整理後轉強,整理後轉強,MA5：依試單節奏判斷｜MA10：依試單節奏判斷｜MA20：依試單節奏判斷｜K棒：突破確認K｜K線：整理後轉強,K棒型態：突破確認K｜K線結構：整理後轉強,依原策略執行，技術欄位用於確認節奏與風險。,4.8,C,結構觀察,20D站上MA20｜40D平台收斂｜短中均線糾結｜40D低點守住｜5D動能轉正｜扣分:長上影壓力,有過熱或假突破壓力，避免追高。,v266.57.9,5.5,B,續強品質中,回檔不破前低｜低點墊高確認｜收盤守MA5｜續強確認：收盤未跌破MA5｜仍站MA20｜扣分:長上影壓力,回檔承接尚可，若原策略入選，可優先觀察延續。,v266.57.9,0.5,D,突破不足,紅K實體放大｜量能較前日放大｜扣分:收盤位置偏弱、上影偏長,尚未形成乾淨突破，不急著升級。,v266.57.9,GENERIC,0.55,0.5,0.5,5.64,497.0,最後後處理補寫：原分數+結構前置+續強品質+突破品質；不覆蓋原策略,一般,4.265,v266.58.1,2026-05-09 00:25:47,觀察,否,,觀察,0,0,持續觀察,前狀態:nan→今日:觀察,NO,v266.60.2,4.265,18.0,0.0,0.0,15.0,2.827,495.0,續強品質佳｜主力佈局語意｜風險語意扣分,過熱降權,v266.61,2026-05-09 00:25:50,-4.0,洗盤不破承接｜假突破/出貨風險扣分,無事件,等待下一次確認。,1.785,473,v266.62,2026-05-09 00:25:51,0.0,,NONE,204,-18,AVOID_CHASE,平台收斂｜風險文字,491
WATCH,2026-05-08,2026-05-11,1213,大飲,ENTRY,PRE,PRE,52.0,WAIT,BLOCK,False,8.75,0.0,0.0,8,波動壓縮 | 安靜吸籌 | 均線收斂,BLOCK：超出本市場狀態可執行名額｜v266.57.9：結構：有過熱或假突破壓力，避免追高。｜續強：續強品質不足或有假突破壓力，避免追高。｜突破：尚未形成乾淨突破，不急著升級。,70.32,,,HIGH,高流動性,7.75,33156.0,290115000.0,-6.0,🟡 普通,50（🟡 普通）,籌碼風險,籌碼普通或資料有限，需搭配技術面確認。,0,法人/融資資料有限,📉 低信心,,,,0.0,0.0,0.0,0.0,0.0,0,0.0,0.0,0.0,0.0,0,,🟡 洗盤吸籌／整理換手（結構未壞）,中高,不急追；等放量突破或站穩 MA10 / MA20 再提高權重。,2026-05-09 00:25:55,behavior_interpretation,,,,,,,,,,,,,,,,,,,,,,,,,,,,,,,,,,,,,,,,,,,,,,,,,,,,,,,,,,,,,,,,,,,,MA5：依觀察節奏判斷,MA20：依觀察節奏判斷,,,,,MA10：依觀察節奏判斷,MA5：依觀察節奏判斷,MA10：依觀察節奏判斷,MA20：依觀察節奏判斷,整理觀察K,整理收斂,整理收斂,MA5：依觀察節奏判斷｜MA10：依觀察節奏判斷｜MA20：依觀察節奏判斷｜K棒：整理觀察K｜K線：整理收斂,K棒型態：整理觀察K｜K線結構：整理收斂,依原策略執行，技術欄位用於確認節奏與風險。,4.0,C,結構觀察,40D平台收斂｜短中均線糾結｜量縮後溫和放量｜扣分:長上影壓力,有過熱或假突破壓力，避免追高。,v266.57.9,1.0,D,續強偏弱,回檔不破前低｜低點墊高確認｜扣分:跌破短均、長上影壓力,續強品質不足或有假突破壓力，避免追高。,v266.57.9,-1.0,D,突破不足,量能較前日放大｜扣分:收盤位置偏弱、上影偏長,尚未形成乾淨突破，不急著升級。,v266.57.9,GENERIC,0.55,0.5,0.5,2.2,536.0,最後後處理補寫：原分數+結構前置+續強品質+突破品質；不覆蓋原策略,籌碼風險,0.724,v266.58.1,2026-05-09 00:25:47,出貨疑慮,否,籌碼轉弱,出貨疑慮,-2,-15,降級風險,前狀態:nan→今日:出貨疑慮｜狀態降級,RISK,v266.60.2,-4.526,10.0,0.0,0.0,15.0,-1.43,523.0,主力佈局語意｜風險語意扣分,過熱降權,v266.61,2026-05-09 00:25:50,-4.0,洗盤不破承接｜假突破/出貨風險扣分,無事件,等待下一次確認。,-4.368,531,v266.62,2026-05-09 00:25:51,0.0,,NONE,209,-18,AVOID_CHASE,平台收斂｜風險文字,492
WATCH,2026-05-08,2026-05-11,4114,健喬,ENTRY,PRE,PRE,54.0,WAIT,BLOCK,False,30.95,0.0,0.0,8,波動壓縮 | 均線收斂 | 接近突破 | 結構尚可,BLOCK：超出本市場狀態可執行名額｜v266.57.9：結構：平台壓縮後轉強，可優先觀察起漲/試單。｜續強：回檔承接尚可，若原策略入選，可優先觀察延續。｜突破：尚未形成乾淨突破，不急著升級。,96.07,,,HIGH,高流動性,58.43,953806.0,29520295700.0,4.0,🟢 偏集中,64（🟢 偏集中）,法人偏多,籌碼偏集中但資料有限，可搭配技術面確認，不宜單獨重倉。,1,部分籌碼資料有限,📉 低信心,,,健喬,1827.0,1000.0,-827.0,2000.0,1.0,1,0.0,0.0,0.0,0.0,0,TPEX,⚪ 盤整觀望（等待方向）,中低,先觀察，不急進場；等突破、量能或均線方向出現。,2026-05-09 00:25:55,behavior_interpretation,,,,,,,,,,,,,,,,,,,,,,,,,,,,,,,,,,,,,,,,,,,,,,,,,,,,,,,,,,,,,,,,,,,,MA5：依試單節奏判斷,MA20：依試單節奏判斷,,,,,MA10：依試單節奏判斷,MA5：依試單節奏判斷,MA10：依試單節奏判斷,MA20：依試單節奏判斷,突破確認K,整理後轉強,整理後轉強,MA5：依試單節奏判斷｜MA10：依試單節奏判斷｜MA20：依試單節奏判斷｜K棒：突破確認K｜K線：整理後轉強,K棒型態：突破確認K｜K線結構：整理後轉強,依原策略執行，技術欄位用於確認節奏與風險。,6.0,B,起漲結構中,MA5站上MA10｜接近20日高｜40D平台收斂｜短中均線糾結｜40D低點守住｜接近/站回MA60｜扣分:長上影壓力,平台壓縮後轉強，可優先觀察起漲/試單。,v266.57.9,7.2,A,續強品質強,回檔不破前低｜低點墊高確認｜收盤守MA5｜續強確認：收盤未跌破MA5｜回檔量縮｜MA5仍在MA10上｜扣分:長上影壓力,回檔承接尚可，若原策略入選，可優先觀察延續。,v266.57.9,-1.4,D,突破不足,短均多頭｜扣分:收盤位置偏弱、上影偏長,尚未形成乾淨突破，不急著升級。,v266.57.9,GENERIC,0.55,0.5,0.5,6.2,480.0,最後後處理補寫：原分數+結構前置+續強品質+突破品質；不覆蓋原策略,一般,5.804,v266.58.1,2026-05-09 00:25:47,觀察,否,,觀察,0,0,持續觀察,前狀態:nan→今日:觀察,NO,v266.60.2,5.804,30.0,0.0,0.0,15.0,6.4,465.0,20/40/60結構佳｜續強品質佳｜主力佈局語意｜風險語意扣分,過熱降權,v266.61,2026-05-09 00:25:50,-4.0,洗盤不破承接｜假突破/出貨風險扣分,無事件,等待下一次確認。,2.863,466,v266.62,2026-05-09 00:25:51,0.0,,NONE,197,-18,AVOID_CHASE,平台收斂｜風險文字,493
TEST,2026-05-08,2026-05-11,5487,通泰,ENTRY,PRE,PRE,86.0,WAIT,BLOCK,False,28.3,0.0,0.0,3,波動壓縮 | 安靜吸籌 | 均線收斂 | 放量吸收 | 接近突破 | 結構尚可,BLOCK：超出本市場狀態可執行名額｜大盤中性 ：BUY 降級 TEST，控制追高｜v266.57.9：結構：平台壓縮後轉強，可優先觀察起漲/試單。｜續強：回檔承接尚可，若原策略入選，可優先觀察延續。｜突破：尚未形成乾淨突破，不急著升級。,101.88,,,HIGH,高流動性,32.95,182799.0,5173211700.0,0.0,🟡 普通,50（🟡 普通）,,籌碼普通或資料有限，需搭配技術面確認。,1,部分籌碼資料有限,📉 低信心,,,通泰,0.0,0.0,0.0,0.0,0.0,1,0.0,0.0,0.0,0.0,0,TPEX,🟡 洗盤吸籌／整理換手（結構未壞）,中高,不急追；等放量突破或站穩 MA10 / MA20 再提高權重。,2026-05-09 00:25:55,behavior_interpretation,,,,,,,,,,,,,,,,,,,,,,,,,,,,,,,,,,,,,,,,,,,,,,,,,,,,,,,,,,,,,,,,,,,,MA5：依試單節奏判斷,MA20：依試單節奏判斷,,,,,MA10：依試單節奏判斷,MA5：依試單節奏判斷,MA10：依試單節奏判斷,MA20：依試單節奏判斷,突破確認K,整理後轉強,整理後轉強,MA5：依試單節奏判斷｜MA10：依試單節奏判斷｜MA20：依試單節奏判斷｜K棒：突破確認K｜K線：整理後轉強,K棒型態：突破確認K｜K線結構：整理後轉強,依原策略執行，技術欄位用於確認節奏與風險。,9.0,A,起漲結構強,MA20走平翻揚｜MA5站上MA10｜40D平台收斂｜短中均線糾結｜40D低點守住｜接近/站回MA60｜MA60不再下彎｜量縮後溫和放量｜扣分:長上影壓力,平台壓縮後轉強，可優先觀察起漲/試單。,v266.57.9,5.7,B,續強品質中,回檔不破前低｜低點墊高確認｜收盤守MA5｜續強確認：收盤未跌破MA5｜MA5仍在MA10上｜扣分:長上影壓力,回檔承接尚可，若原策略入選，可優先觀察延續。,v266.57.9,-1.4,D,突破不足,短均多頭｜扣分:收盤位置偏弱、上影偏長,尚未形成乾淨突破，不急著升級。,v266.57.9,GENERIC,0.55,0.5,0.5,7.1,443.0,最後後處理補寫：原分數+結構前置+續強品質+突破品質；不覆蓋原策略,一般,5.822,v266.58.1,2026-05-09 00:25:47,觀察,否,,觀察,0,0,持續觀察,前狀態:nan→今日:觀察,NO,v266.60.2,5.822,30.0,0.0,0.0,15.0,7.362,425.0,20/40/60結構佳｜續強品質佳｜主力佈局語意｜風險語意扣分,過熱降權,v266.61,2026-05-09 00:25:50,-4.0,洗盤不破承接｜假突破/出貨風險扣分,無事件,等待下一次確認。,2.875,465,v266.62,2026-05-09 00:25:51,0.0,,NONE,198,-18,AVOID_CHASE,平台收斂｜風險文字,494
WATCH,2026-05-08,2026-05-11,2109,華豐,ENTRY,PRE,PRE,54.0,WAIT,BLOCK,False,14.0,0.0,0.0,8,波動壓縮 | 均線收斂 | 接近突破 | 結構尚可,BLOCK：超出本市場狀態可執行名額｜v266.57.9：結構：結構證據不足，保留原策略但降低信心。｜續強：續強品質不足或有假突破壓力，避免追高。｜突破：尚未形成乾淨突破，不急著升級。,79.28,,,HIGH,高流動性,21.27,108031.0,1512434000.0,-6.0,⚠️ 分散,37（⚠️ 分散）,籌碼風險,籌碼普通或資料有限，需搭配技術面確認。,1,部分籌碼資料有限,📉 低信心,,,華豐,-10000.0,0.0,0.0,-10000.0,0.0,1,0.0,0.0,0.0,0.0,0,TWSE,⚪ 盤整觀望（等待方向）,中低,先觀察，不急進場；等突破、量能或均線方向出現。,2026-05-09 00:25:55,behavior_interpretation,,,,,,,,,,,,,,,,,,,,,,,,,,,,,,,,,,,,,,,,,,,,,,,,,,,,,,,,,,,,,,,,,,,,MA5：依試單節奏判斷,MA20：依試單節奏判斷,,,,,MA10：依試單節奏判斷,MA5：依試單節奏判斷,MA10：依試單節奏判斷,MA20：依試單節奏判斷,突破確認K,整理後轉強,整理後轉強,MA5：依試單節奏判斷｜MA10：依試單節奏判斷｜MA20：依試單節奏判斷｜K棒：突破確認K｜K線：整理後轉強,K棒型態：突破確認K｜K線結構：整理後轉強,依原策略執行，技術欄位用於確認節奏與風險。,3.0,D,結構偏弱,40D平台收斂｜短中均線糾結,結構證據不足，保留原策略但降低信心。,v266.57.9,-1.0,E,續強不足,扣分:跌破短均,續強品質不足或有假突破壓力，避免追高。,v266.57.9,1.5,D,突破不足,收盤接近高點,尚未形成乾淨突破，不急著升級。,v266.57.9,GENERIC,0.55,0.5,0.5,1.9,537.0,最後後處理補寫：原分數+結構前置+續強品質+突破品質；不覆蓋原策略,籌碼風險,0.478,v266.58.1,2026-05-09 00:25:47,出貨疑慮,否,籌碼轉弱,出貨疑慮,-2,-15,降級風險,前狀態:nan→今日:出貨疑慮｜狀態降級,RISK,v266.60.2,-4.772,0.0,0.0,0.0,15.0,-4.895,538.0,風險語意扣分,過熱降權,v266.61,2026-05-09 00:25:50,-12.0,假突破/出貨風險扣分,過熱/風險事件,避免追高，等回檔不破再評估。,-6.94,537,v266.62,2026-05-09 00:25:51,0.0,,NONE,201,-18,AVOID_CHASE,平台收斂｜風險文字,495
TEST,2026-05-08,2026-05-11,6112,邁達特,ENTRY,PRE,PRE,72.0,WAIT,BLOCK,False,44.35,0.0,0.0,3,波動壓縮 | 安靜吸籌 | 均線收斂 | 放量吸收 | 結構尚可,BLOCK：超出本市場狀態可執行名額｜v266.57.9：結構：平台壓縮後轉強，可優先觀察起漲/試單。｜續強：續強品質不足或有假突破壓力，避免追高。｜突破：尚未形成乾淨突破，不急著升級。,106.43,,,HIGH,高流動性,59.93,919656.0,40786743600.0,-2.0,🟢 偏集中,75（🟢 偏集中）,法人偏多｜籌碼風險,籌碼偏集中但資料有限，可搭配技術面確認，不宜單獨重倉。,1,部分籌碼資料有限,📉 低信心,,,,125000.0,0.0,700.0,125700.0,1.0,1,0.0,0.0,0.0,0.0,0,TWSE,🟡 洗盤吸籌／整理換手（結構未壞）,中高,不急追；等放量突破或站穩 MA10 / MA20 再提高權重。,2026-05-09 00:25:55,behavior_interpretation,,,,,,,,,,,,,,,,,,,,,,,,,,,,,,,,,,,,,,,,,,,,,,,,,,,,,,,,,,,,,,,,,,,,MA5：依試單節奏判斷,MA20：依試單節奏判斷,,,,,MA10：依試單節奏判斷,MA5：依試單節奏判斷,MA10：依試單節奏判斷,MA20：依試單節奏判斷,突破確認K,整理後轉強,整理後轉強,MA5：依試單節奏判斷｜MA10：依試單節奏判斷｜MA20：依試單節奏判斷｜K棒：突破確認K｜K線：整理後轉強,K棒型態：突破確認K｜K線結構：整理後轉強,依原策略執行，技術欄位用於確認節奏與風險。,8.0,A,起漲結構強,MA20走平翻揚｜40D平台收斂｜短中均線糾結｜40D低點守住｜接近/站回MA60｜量縮後溫和放量,平台壓縮後轉強，可優先觀察起漲/試單。,v266.57.9,2.0,D,續強偏弱,回檔不破前低｜低點墊高確認｜扣分:跌破短均,續強品質不足或有假突破壓力，避免追高。,v266.57.9,-2.2,D,突破不足,扣分:收盤位置偏弱、上影偏長,尚未形成乾淨突破，不急著升級。,v266.57.9,GENERIC,0.55,0.5,0.5,4.3,515.0,最後後處理補寫：原分數+結構前置+續強品質+突破品質；不覆蓋原策略,一般,3.166,v266.58.1,2026-05-09 00:25:47,觀察,否,,觀察,0,0,持續觀察,前狀態:nan→今日:觀察,NO,v266.60.2,3.166,22.0,0.0,0.0,15.0,3.877,474.0,20/40/60結構佳｜主力佈局語意｜風險語意扣分,過熱降權,v266.61,2026-05-09 00:25:50,-4.0,洗盤不破承接｜假突破/出貨風險扣分,無事件,等待下一次確認。,1.016,475,v266.62,2026-05-09 00:25:51,0.0,,NONE,202,-18,AVOID_CHASE,平台收斂｜風險文字,496
WATCH,2026-05-08,2026-05-11,6542,隆中,ENTRY,PRE,PRE,56.0,WAIT,BLOCK,False,47.75,0.0,0.0,8,波動壓縮 | 安靜吸籌 | 放量吸收 | 結構尚可,BLOCK：超出本市場狀態可執行名額｜v266.57.9：結構：平台壓縮後轉強，可優先觀察起漲/試單。｜續強：回檔承接尚可，若原策略入選，可優先觀察延續。｜突破：尚未形成乾淨突破，不急著升級。,79.95,,,HIGH,高流動性,22.38,67618.0,3228759500.0,0.0,🟡 普通,50（🟡 普通）,,籌碼普通或資料有限，需搭配技術面確認。,1,部分籌碼資料有限,📉 低信心,,,,0.0,0.0,0.0,0.0,0.0,1,0.0,0.0,0.0,0.0,0,TPEX,🟡 洗盤吸籌／整理換手（結構未壞）,中高,不急追；等放量突破或站穩 MA10 / MA20 再提高權重。,2026-05-09 00:25:55,behavior_interpretation,,,,,,,,,,,,,,,,,,,,,,,,,,,,,,,,,,,,,,,,,,,,,,,,,,,,,,,,,,,,,,,,,,,,MA5：依觀察節奏判斷,MA20：依觀察節奏判斷,,,,,MA10：依觀察節奏判斷,MA5：依觀察節奏判斷,MA10：依觀察節奏判斷,MA20：依觀察節奏判斷,整理觀察K,整理收斂,整理收斂,MA5：依觀察節奏判斷｜MA10：依觀察節奏判斷｜MA20：依觀察節奏判斷｜K棒：整理觀察K｜K線：整理收斂,K棒型態：整理觀察K｜K線結構：整理收斂,依原策略執行，技術欄位用於確認節奏與風險。,7.0,B,起漲結構中,MA5站上MA10｜40D平台收斂｜短中均線糾結｜40D低點守住｜MA60不再下彎｜量縮後溫和放量｜扣分:長上影壓力,平台壓縮後轉強，可優先觀察起漲/試單。,v266.57.9,5.7,B,續強品質中,回檔不破前低｜低點墊高確認｜收盤守MA5｜續強確認：收盤未跌破MA5｜MA5仍在MA10上｜扣分:長上影壓力,回檔承接尚可，若原策略入選，可優先觀察延續。,v266.57.9,-1.4,D,突破不足,短均多頭｜扣分:收盤位置偏弱、上影偏長,尚未形成乾淨突破，不急著升級。,v266.57.9,GENERIC,0.55,0.5,0.5,6.0,484.0,最後後處理補寫：原分數+結構前置+續強品質+突破品質；不覆蓋原策略,一般,4.92,v266.58.1,2026-05-09 00:25:47,觀察,否,,觀察,0,0,持續觀察,前狀態:nan→今日:觀察,NO,v266.60.2,4.92,30.0,0.0,0.0,15.0,6.372,466.0,20/40/60結構佳｜續強品質佳｜主力佈局語意｜風險語意扣分,過熱降權,v266.61,2026-05-09 00:25:50,-4.0,洗盤不破承接｜假突破/出貨風險扣分,無事件,等待下一次確認。,2.244,469,v266.62,2026-05-09 00:25:51,0.0,,NONE,194,-18,AVOID_CHASE,平台收斂｜風險文字,497
TEST,2026-05-08,2026-05-11,2035,唐榮,ENTRY,PRE,PRE,86.0,WAIT,BLOCK,False,27.85,0.0,0.0,3,波動壓縮 | 安靜吸籌 | 均線收斂 | 放量吸收 | 接近突破 | 結構尚可,BLOCK：超出本市場狀態可執行名額｜大盤中性 ：BUY 降級 TEST，控制追高｜v266.57.9：結構：平台壓縮後轉強，可優先觀察起漲/試單。｜續強：回檔承接尚可，若原策略入選，可優先觀察延續。｜突破：有轉強跡象，但突破品質尚未完全成立。,85.18,,,HIGH,高流動性,3.43,9208.0,256442800.00000003,0.0,🟡 普通,50（🟡 普通）,,籌碼普通或資料有限，需搭配技術面確認。,1,部分籌碼資料有限,📉 低信心,,,唐榮,0.0,0.0,0.0,0.0,0.0,1,0.0,0.0,0.0,0.0,0,TPEX,🟡 洗盤吸籌／整理換手（結構未壞）,中高,不急追；等放量突破或站穩 MA10 / MA20 再提高權重。,2026-05-09 00:25:55,behavior_interpretation,,,,,,,,,,,,,,,,,,,,,,,,,,,,,,,,,,,,,,,,,,,,,,,,,,,,,,,,,,,,,,,,,,,,MA5：依試單節奏判斷,MA20：依試單節奏判斷,,,,,MA10：依試單節奏判斷,MA5：依試單節奏判斷,MA10：依試單節奏判斷,MA20：依試單節奏判斷,突破確認K,整理後轉強,整理後轉強,MA5：依試單節奏判斷｜MA10：依試單節奏判斷｜MA20：依試單節奏判斷｜K棒：突破確認K｜K線：整理後轉強,K棒型態：突破確認K｜K線結構：整理後轉強,依原策略執行，技術欄位用於確認節奏與風險。,8.0,A,起漲結構強,MA5站上MA10｜接近20日高｜40D平台收斂｜短中均線糾結｜40D低點守住｜接近/站回MA60｜MA60不再下彎,平台壓縮後轉強，可優先觀察起漲/試單。,v266.57.9,6.7,B,續強品質中,回檔不破前低｜低點墊高確認｜收盤守MA5｜續強確認：收盤未跌破MA5｜MA5仍在MA10上,回檔承接尚可，若原策略入選，可優先觀察延續。,v266.57.9,3.8,C,突破觀察,收盤接近高點｜突破近5日高｜短均多頭,有轉強跡象，但突破品質尚未完全成立。,v266.57.9,GENERIC,0.55,0.5,0.5,9.65,301.0,最後後處理補寫：原分數+結構前置+續強品質+突破品質；不覆蓋原策略,一般,7.913,v266.58.1,2026-05-09 00:25:47,觀察,否,,觀察,0,0,持續觀察,前狀態:nan→今日:觀察,NO,v266.60.2,7.913,30.0,0.0,0.0,0.0,13.871,117.0,20/40/60結構佳｜續強品質佳｜主力佈局語意,主力佈局優先,v266.61,2026-05-09 00:25:50,8.0,洗盤不破承接,無事件,等待下一次確認。,7.939,307,v266.62,2026-05-09 00:25:51,0.0,,NONE,139,-18,AVOID_CHASE,平台收斂｜風險文字,498
TEST,2026-05-08,2026-05-11,5523,豐謙,ENTRY,PRE,PRE,86.0,WAIT,BLOCK,False,30.35,0.0,0.0,3,波動壓縮 | 安靜吸籌 | 均線收斂 | 放量吸收 | 接近突破 | 結構尚可,BLOCK：超出本市場狀態可執行名額｜大盤中性 ：BUY 降級 TEST，控制追高｜v266.57.9：結構：平台壓縮後轉強，可優先觀察起漲/試單。｜續強：回檔承接尚可，若原策略入選，可優先觀察延續。｜突破：有轉強跡象，但突破品質尚未完全成立。,100.78,,,HIGH,高流動性,30.69,153306.0,4652837100.000001,0.0,🟡 普通,50（🟡 普通）,,籌碼普通或資料有限，需搭配技術面確認。,1,部分籌碼資料有限,📉 低信心,,,,0.0,0.0,0.0,0.0,0.0,1,0.0,0.0,0.0,0.0,0,TPEX,🟡 洗盤吸籌／整理換手（結構未壞）,中高,不急追；等放量突破或站穩 MA10 / MA20 再提高權重。,2026-05-09 00:25:55,behavior_interpretation,,,,,,,,,,,,,,,,,,,,,,,,,,,,,,,,,,,,,,,,,,,,,,,,,,,,,,,,,,,,,,,,,,,,MA5：依試單節奏判斷,MA20：依試單節奏判斷,,,,,MA10：依試單節奏判斷,MA5：依試單節奏判斷,MA10：依試單節奏判斷,MA20：依試單節奏判斷,突破確認K,整理後轉強,整理後轉強,MA5：依試單節奏判斷｜MA10：依試單節奏判斷｜MA20：依試單節奏判斷｜K棒：突破確認K｜K線：整理後轉強,K棒型態：突破確認K｜K線結構：整理後轉強,依原策略執行，技術欄位用於確認節奏與風險。,11.0,A,起漲結構強,MA5站上MA10｜接近20日高｜40D平台收斂｜短中均線糾結｜40D低點守住｜接近/站回MA60｜MA60不再下彎｜站回60D區間中上｜量縮後溫和放量,平台壓縮後轉強，可優先觀察起漲/試單。,v266.57.9,6.7,B,續強品質中,回檔不破前低｜低點墊高確認｜收盤守MA5｜續強確認：收盤未跌破MA5｜MA5仍在MA10上,回檔承接尚可，若原策略入選，可優先觀察延續。,v266.57.9,3.8,C,突破觀察,收盤接近高點｜突破近5日高｜短均多頭,有轉強跡象，但突破品質尚未完全成立。,v266.57.9,GENERIC,0.55,0.5,0.5,11.3,180.0,最後後處理補寫：原分數+結構前置+續強品質+突破品質；不覆蓋原策略,一般,9.266,v266.58.1,2026-05-09 00:25:47,觀察,否,,觀察,0,0,持續觀察,前狀態:nan→今日:觀察,NO,v266.60.2,9.266,30.0,0.0,0.0,0.0,14.007,106.0,20/40/60結構佳｜續強品質佳｜主力佈局語意,主力佈局優先,v266.61,2026-05-09 00:25:50,8.0,洗盤不破承接,無事件,等待下一次確認。,8.886,205,v266.62,2026-05-09 00:25:51,0.0,,NONE,487,-18,AVOID_CHASE,平台收斂｜風險文字,499
WATCH,2026-05-08,2026-05-11,1215,卜蜂,ENTRY,PRE,PRE,54.0,WAIT,BLOCK,False,134.0,0.0,0.0,8,波動壓縮 | 均線收斂 | 放量吸收 | 結構尚可,BLOCK：超出本市場狀態可執行名額｜v266.57.9：結構：結構證據不足，保留原策略但降低信心。｜續強：續強品質不足或有假突破壓力，避免追高。｜突破：尚未形成乾淨突破，不急著升級。,105.07,,,HIGH,高流動性,81.05,3515991.0,471142794000.0,-6.0,❌ 極度分散,15（❌ 極度分散）,籌碼風險,籌碼偏弱且資料有限，避免重倉追高。,1,部分籌碼資料有限,📉 低信心,,,卜蜂,-839908.0,-115000.0,3000.0,-951908.0,0.0,1,0.0,0.0,0.0,0.0,0,TWSE,⚪ 盤整觀望（等待方向）,中低,先觀察，不急進場；等突破、量能或均線方向出現。,2026-05-09 00:25:55,behavior_interpretation,,,,,,,,,,,,,,,,,,,,,,,,,,,,,,,,,,,,,,,,,,,,,,,,,,,,,,,,,,,,,,,,,,,,MA5：依觀察節奏判斷,MA20：依觀察節奏判斷,,,,,MA10：依觀察節奏判斷,MA5：依觀察節奏判斷,MA10：依觀察節奏判斷,MA20：依觀察節奏判斷,整理觀察K,整理收斂,整理收斂,MA5：依觀察節奏判斷｜MA10：依觀察節奏判斷｜MA20：依觀察節奏判斷｜K棒：整理觀察K｜K線：整理收斂,K棒型態：整理觀察K｜K線結構：整理收斂,依原策略執行，技術欄位用於確認節奏與風險。,4.0,C,結構觀察,40D平台收斂｜短中均線糾結｜40D低點守住,結構證據不足，保留原策略但降低信心。,v266.57.9,-1.0,E,續強不足,扣分:跌破短均,續強品質不足或有假突破壓力，避免追高。,v266.57.9,1.2,D,突破不足,量能較前日放大,尚未形成乾淨突破，不急著升級。,v266.57.9,GENERIC,0.55,0.5,0.5,2.3,533.0,最後後處理補寫：原分數+結構前置+續強品質+突破品質；不覆蓋原策略,籌碼風險,0.806,v266.58.1,2026-05-09 00:25:47,出貨疑慮,否,籌碼轉弱,出貨疑慮,-2,-15,降級風險,前狀態:nan→今日:出貨疑慮｜狀態降級,RISK,v266.60.2,-4.444,10.0,0.0,0.0,15.0,-1.362,521.0,主力佈局語意｜風險語意扣分,過熱降權,v266.61,2026-05-09 00:25:50,-12.0,假突破/出貨風險扣分,過熱/風險事件,避免追高，等回檔不破再評估。,-6.711,535,v266.62,2026-05-09 00:25:51,0.0,,NONE,205,-18,AVOID_CHASE,平台收斂｜風險文字,500
TEST,2026-05-08,2026-05-11,2511,太子,ENTRY,PRE,PRE,68.0,WAIT,BLOCK,False,7.81,0.0,0.0,3,安靜吸籌 | 均線收斂 | 放量吸收 | 接近突破 | 結構尚可,BLOCK：超出本市場狀態可執行名額｜v266.57.9：結構：結構證據不足，保留原策略但降低信心。｜續強：續強品質不足或有假突破壓力，避免追高。｜突破：尚未形成乾淨突破，不急著升級。,106.79,,,HIGH,高流動性,63.97,2789036.0,21782371160.0,-6.0,⚠️ 分散,25（⚠️ 分散）,籌碼風險,籌碼偏弱且資料有限，避免重倉追高。,1,部分籌碼資料有限,📉 低信心,,,太子,-395000.0,0.0,0.0,-395000.0,0.0,1,0.0,0.0,0.0,0.0,0,TWSE,🟡 洗盤吸籌／整理換手（結構未壞）,中高,不急追；等放量突破或站穩 MA10 / MA20 再提高權重。,2026-05-09 00:25:55,behavior_interpretation,,,,,,,,,,,,,,,,,,,,,,,,,,,,,,,,,,,,,,,,,,,,,,,,,,,,,,,,,,,,,,,,,,,,MA5：依試單節奏判斷,MA20：依試單節奏判斷,,,,,MA10：依試單節奏判斷,MA5：依試單節奏判斷,MA10：依試單節奏判斷,MA20：依試單節奏判斷,突破確認K,整理後轉強,整理後轉強,MA5：依試單節奏判斷｜MA10：依試單節奏判斷｜MA20：依試單節奏判斷｜K棒：突破確認K｜K線：整理後轉強,K棒型態：突破確認K｜K線結構：整理後轉強,依原策略執行，技術欄位用於確認節奏與風險。,5.0,C,結構觀察,40D平台收斂｜短中均線糾結｜量縮後溫和放量,結構證據不足，保留原策略但降低信心。,v266.57.9,-1.0,E,續強不足,扣分:跌破短均,續強品質不足或有假突破壓力，避免追高。,v266.57.9,1.2,D,突破不足,量能較前日放大,尚未形成乾淨突破，不急著升級。,v266.57.9,GENERIC,0.55,0.5,0.5,2.85,529.0,最後後處理補寫：原分數+結構前置+續強品質+突破品質；不覆蓋原策略,籌碼風險,1.257,v266.58.1,2026-05-09 00:25:47,出貨疑慮,否,籌碼轉弱,出貨疑慮,-2,-15,降級風險,前狀態:nan→今日:出貨疑慮｜狀態降級,RISK,v266.60.2,-3.993,10.0,0.0,0.0,15.0,-0.897,514.0,主力佈局語意｜風險語意扣分,過熱降權,v266.61,2026-05-09 00:25:50,-12.0,假突破/出貨風險扣分,過熱/風險事件,避免追高，等回檔不破再評估。,-6.395,533,v266.62,2026-05-09 00:25:51,0.0,,NONE,207,-18,AVOID_CHASE,平台收斂｜風險文字,501
WATCH,2026-05-08,2026-05-11,8473,山林水,ENTRY,PRE,PRE,58.0,WAIT,BLOCK,False,34.6,0.0,0.0,8,波動壓縮 | 安靜吸籌 | 均線收斂 | 結構尚可,BLOCK：超出本市場狀態可執行名額｜v266.57.9：結構：結構證據不足，保留原策略但降低信心。｜續強：續強品質不足或有假突破壓力，避免追高。｜突破：尚未形成乾淨突破，不急著升級。,98.11,,,HIGH,高流動性,58.23,905425.0,31327705000.0,-6.0,⚠️ 分散,25（⚠️ 分散）,籌碼風險,籌碼偏弱且資料有限，避免重倉追高。,1,部分籌碼資料有限,📉 低信心,,,山林水,-173000.0,0.0,0.0,-173000.0,0.0,1,0.0,0.0,0.0,0.0,0,TWSE,🟡 洗盤吸籌／整理換手（結構未壞）,中高,不急追；等放量突破或站穩 MA10 / MA20 再提高權重。,2026-05-09 00:25:55,behavior_interpretation,,,,,,,,,,,,,,,,,,,,,,,,,,,,,,,,,,,,,,,,,,,,,,,,,,,,,,,,,,,,,,,,,,,,MA5：依觀察節奏判斷,MA20：依觀察節奏判斷,,,,,MA10：依觀察節奏判斷,MA5：依觀察節奏判斷,MA10：依觀察節奏判斷,MA20：依觀察節奏判斷,整理觀察K,整理收斂,整理收斂,MA5：依觀察節奏判斷｜MA10：依觀察節奏判斷｜MA20：依觀察節奏判斷｜K棒：整理觀察K｜K線：整理收斂,K棒型態：整理觀察K｜K線結構：整理收斂,依原策略執行，技術欄位用於確認節奏與風險。,5.0,C,結構觀察,40D平台收斂｜短中均線糾結｜量縮後溫和放量,結構證據不足，保留原策略但降低信心。,v266.57.9,-1.0,E,續強不足,扣分:跌破短均,續強品質不足或有假突破壓力，避免追高。,v266.57.9,0.2,D,突破不足,量能較前日放大｜扣分:收盤位置偏弱,尚未形成乾淨突破，不急著升級。,v266.57.9,GENERIC,0.55,0.5,0.5,2.35,532.0,最後後處理補寫：原分數+結構前置+續強品質+突破品質；不覆蓋原策略,籌碼風險,0.847,v266.58.1,2026-05-09 00:25:47,出貨疑慮,否,籌碼轉弱,出貨疑慮,-2,-15,降級風險,前狀態:nan→今日:出貨疑慮｜狀態降級,RISK,v266.60.2,-4.403,10.0,0.0,0.0,15.0,-1.238,518.0,主力佈局語意｜風險語意扣分,過熱降權,v266.61,2026-05-09 00:25:50,-12.0,假突破/出貨風險扣分,過熱/風險事件,避免追高，等回檔不破再評估。,-6.682,534,v266.62,2026-05-09 00:25:51,0.0,,NONE,206,-18,AVOID_CHASE,平台收斂｜風險文字,502
WATCH,2026-05-08,2026-05-11,8279,生展,ENTRY,PRE,PRE,50.0,WAIT,BLOCK,False,99.1,0.0,0.0,8,波動壓縮 | 安靜吸籌 | 放量吸收,BLOCK：超出本市場狀態可執行名額｜v266.57.9：結構：有過熱或假突破壓力，避免追高。｜續強：回檔承接尚可，若原策略入選，可優先觀察延續。｜突破：尚未形成乾淨突破，不急著升級。,77.6,,,HIGH,高流動性,25.69,59744.0,5920630399.999999,-6.0,🟡 普通,50（🟡 普通）,籌碼風險,籌碼普通或資料有限，需搭配技術面確認。,1,部分籌碼資料有限,📉 低信心,,,生展,0.0,0.0,0.0,0.0,0.0,1,0.0,0.0,0.0,0.0,0,TPEX,🟡 洗盤吸籌／整理換手（結構未壞）,中高,不急追；等放量突破或站穩 MA10 / MA20 再提高權重。,2026-05-09 00:25:55,behavior_interpretation,,,,,,,,,,,,,,,,,,,,,,,,,,,,,,,,,,,,,,,,,,,,,,,,,,,,,,,,,,,,,,,,,,,,MA5：依觀察節奏判斷,MA20：依觀察節奏判斷,,,,,MA10：依觀察節奏判斷,MA5：依觀察節奏判斷,MA10：依觀察節奏判斷,MA20：依觀察節奏判斷,整理觀察K,整理收斂,整理收斂,MA5：依觀察節奏判斷｜MA10：依觀察節奏判斷｜MA20：依觀察節奏判斷｜K棒：整理觀察K｜K線：整理收斂,K棒型態：整理觀察K｜K線結構：整理收斂,依原策略執行，技術欄位用於確認節奏與風險。,5.0,C,結構觀察,MA5站上MA10｜40D平台收斂｜短中均線糾結｜量縮後溫和放量｜扣分:長上影壓力,有過熱或假突破壓力，避免追高。,v266.57.9,5.7,B,續強品質中,回檔不破前低｜低點墊高確認｜收盤守MA5｜續強確認：收盤未跌破MA5｜MA5仍在MA10上｜扣分:長上影壓力,回檔承接尚可，若原策略入選，可優先觀察延續。,v266.57.9,-1.4,D,突破不足,短均多頭｜扣分:收盤位置偏弱、上影偏長,尚未形成乾淨突破，不急著升級。,v266.57.9,GENERIC,0.55,0.5,0.5,4.9,506.0,最後後處理補寫：原分數+結構前置+續強品質+突破品質；不覆蓋原策略,籌碼風險,2.938,v266.58.1,2026-05-09 00:25:47,出貨疑慮,否,籌碼轉弱,出貨疑慮,-2,-15,降級風險,首次追蹤:出貨疑慮｜狀態降級,RISK,v266.60.2,-2.312,18.0,0.0,0.0,15.0,1.531,507.0,續強品質佳｜主力佈局語意｜風險語意扣分,過熱降權,v266.61,2026-05-09 00:25:50,-4.0,洗盤不破承接｜假突破/出貨風險扣分,無事件,等待下一次確認。,-2.818,508,v266.62,2026-05-09 00:25:51,0.0,,NONE,359,-30,AVOID_CHASE,風險文字,503
TEST,2026-05-08,2026-05-11,2496,卓越,ENTRY,PRE,PRE,86.0,WAIT,BLOCK,False,65.9,0.0,0.0,3,波動壓縮 | 安靜吸籌 | 均線收斂 | 放量吸收 | 接近突破 | 結構尚可,BLOCK：超出本市場狀態可執行名額｜大盤中性 ：BUY 降級 TEST，控制追高｜v266.57.9：結構：平台壓縮後轉強，可優先觀察起漲/試單。｜續強：回檔承接尚可，若原策略入選，可優先觀察延續。｜突破：TEST有升級IGNITION條件，可優先觀察隔日延續。,94.6,,,HIGH,高流動性,19.18,44336.0,2921742400.0000005,0.0,🟡 普通,41（🟡 普通）,,籌碼普通或資料有限，需搭配技術面確認。,1,部分籌碼資料有限,📉 低信心,,,卓越,-2000.0,0.0,0.0,-2000.0,0.0,1,0.0,0.0,0.0,0.0,0,TWSE,🟡 洗盤吸籌／整理換手（結構未壞）,中高,不急追；等放量突破或站穩 MA10 / MA20 再提高權重。,2026-05-09 00:25:55,behavior_interpretation,,,,,,,,,,,,,,,,,,,,,,,,,,,,,,,,,,,,,,,,,,,,,,,,,,,,,,,,,,,,,,,,,,,,MA5：依試單節奏判斷,MA20：依試單節奏判斷,,,,,MA10：依試單節奏判斷,MA5：依試單節奏判斷,MA10：依試單節奏判斷,MA20：依試單節奏判斷,突破確認K,整理後轉強,整理後轉強,MA5：依試單節奏判斷｜MA10：依試單節奏判斷｜MA20：依試單節奏判斷｜K棒：突破確認K｜K線：整理後轉強,K棒型態：突破確認K｜K線結構：整理後轉強,依原策略執行，技術欄位用於確認節奏與風險。,11.6,A,起漲結構強,20D站上MA20｜MA5站上MA10｜接近20日高｜40D平台收斂｜短中均線糾結｜40D低點守住｜接近/站回MA60｜量縮後溫和放量｜5D動能轉正｜10D動能轉正,平台壓縮後轉強，可優先觀察起漲/試單。,v266.57.9,10.0,A,續強品質強,回檔不破前低｜低點墊高確認｜收盤守MA5｜續強確認：收盤未跌破MA5｜回檔量縮｜MA5仍在MA10上｜仍站MA20｜10D動能維持,回檔承接尚可，若原策略入選，可優先觀察延續。,v266.57.9,7.7,A,突破品質強,紅K實體放大｜收盤接近高點｜量能較前日放大｜突破近5日高｜MA5加速上彎｜短均多頭,TEST有升級IGNITION條件，可優先觀察隔日延續。,v266.57.9,GENERIC,0.55,0.5,0.5,15.23,85.0,最後後處理補寫：原分數+結構前置+續強品質+突破品質；不覆蓋原策略,一般,12.489,v266.58.1,2026-05-09 00:25:47,觀察,否,,觀察,0,0,持續觀察,前狀態:nan→今日:觀察,NO,v266.60.2,12.489,30.0,0.0,0.0,0.0,14.929,83.0,20/40/60結構佳｜續強品質佳｜主力佈局語意｜突破品質輔助,主力佈局優先,v266.61,2026-05-09 00:25:50,15.0,洗盤不破承接｜突破品質成立但未過熱,早期轉強事件,偏早期，可列入WATCH等待二次確認。,13.242,87,v266.62,2026-05-09 00:25:51,0.0,,NONE,370,-33,AVOID_CHASE,trigger合理｜平台收斂｜過熱扣分｜風險文字,504
WATCH,2026-05-08,2026-05-11,2908,特力,ENTRY,PRE,PRE,54.0,WAIT,BLOCK,False,20.9,0.0,0.0,8,安靜吸籌 | 均線收斂 | 接近突破 | 結構尚可,BLOCK：超出本市場狀態可執行名額｜v266.57.9：結構：平台壓縮後轉強，可優先觀察起漲/試單。｜續強：回檔承接尚可，若原策略入選，可優先觀察延續。｜突破：TEST有升級IGNITION條件，可優先觀察隔日延續。,86.91,,,HIGH,高流動性,38.21,287561.0,6010024899.999999,0.0,⚠️ 分散,35（⚠️ 分散）,,籌碼普通或資料有限，需搭配技術面確認。,1,部分籌碼資料有限,📉 低信心,,,,-14000.0,0.0,0.0,-14000.0,0.0,1,0.0,0.0,0.0,0.0,0,TWSE,🟡 洗盤吸籌／整理換手（結構未壞）,中高,不急追；等放量突破或站穩 MA10 / MA20 再提高權重。,2026-05-09 00:25:55,behavior_interpretation,,,,,,,,,,,,,,,,,,,,,,,,,,,,,,,,,,,,,,,,,,,,,,,,,,,,,,,,,,,,,,,,,,,,MA5：依試單節奏判斷,MA20：依試單節奏判斷,,,,,MA10：依試單節奏判斷,MA5：依試單節奏判斷,MA10：依試單節奏判斷,MA20：依試單節奏判斷,突破確認K,整理後轉強,整理後轉強,MA5：依試單節奏判斷｜MA10：依試單節奏判斷｜MA20：依試單節奏判斷｜K棒：突破確認K｜K線：整理後轉強,K棒型態：突破確認K｜K線結構：整理後轉強,依原策略執行，技術欄位用於確認節奏與風險。,12.0,A,起漲結構強,20D站上MA20｜MA20走平翻揚｜MA5站上MA10｜接近20日高｜40D平台收斂｜短中均線糾結｜40D低點守住｜接近/站回MA60｜MA60不再下彎｜站回60D區間中上｜量縮後溫和放量｜5D動能轉正｜10D動能轉正,平台壓縮後轉強，可優先觀察起漲/試單。,v266.57.9,8.7,A,續強品質強,回檔不破前低｜低點墊高確認｜收盤守MA5｜續強確認：收盤未跌破MA5｜MA5仍在MA10上｜仍站MA20｜10D動能維持,回檔承接尚可，若原策略入選，可優先觀察延續。,v266.57.9,6.2,A,突破品質強,收盤接近高點｜量能較前日放大｜突破近5日高｜MA5加速上彎｜短均多頭,TEST有升級IGNITION條件，可優先觀察隔日延續。,v266.57.9,GENERIC,0.55,0.5,0.5,14.05,92.0,最後後處理補寫：原分數+結構前置+續強品質+突破品質；不覆蓋原策略,一般,11.521,v266.58.1,2026-05-09 00:25:47,觀察,否,,觀察,0,0,持續觀察,前狀態:nan→今日:觀察,NO,v266.60.2,11.521,30.0,0.0,0.0,0.0,13.872,116.0,20/40/60結構佳｜續強品質佳｜主力佈局語意｜突破品質輔助,主力佈局優先,v266.61,2026-05-09 00:25:50,15.0,洗盤不破承接｜突破品質成立但未過熱,早期轉強事件,偏早期，可列入WATCH等待二次確認。,12.565,95,v266.62,2026-05-09 00:25:51,0.0,,NONE,384,-33,AVOID_CHASE,trigger合理｜平台收斂｜過熱扣分｜風險文字,505
TEST,2026-05-08,2026-05-11,4440,宜新實業,ENTRY,PRE,PRE,86.0,WAIT,BLOCK,False,18.1,0.0,0.0,3,波動壓縮 | 安靜吸籌 | 均線收斂 | 放量吸收 | 接近突破 | 結構尚可,BLOCK：超出本市場狀態可執行名額｜大盤中性 ：BUY 降級 TEST，控制追高｜v266.57.9：結構：平台壓縮後轉強，可優先觀察起漲/試單。｜續強：回檔承接尚可，若原策略入選，可優先觀察延續。｜突破：TEST有升級IGNITION條件，可優先觀察隔日延續。,97.24,,,HIGH,高流動性,22.43,105070.0,1901767000.0,0.0,🟡 普通,40（🟡 普通）,,籌碼普通或資料有限，需搭配技術面確認。,1,部分籌碼資料有限,📉 低信心,,,宜新實業,-4000.0,0.0,0.0,-4000.0,0.0,1,0.0,0.0,0.0,0.0,0,TWSE,🟡 洗盤吸籌／整理換手（結構未壞）,中高,不急追；等放量突破或站穩 MA10 / MA20 再提高權重。,2026-05-09 00:25:55,behavior_interpretation,,,,,,,,,,,,,,,,,,,,,,,,,,,,,,,,,,,,,,,,,,,,,,,,,,,,,,,,,,,,,,,,,,,,MA5：依試單節奏判斷,MA20：依試單節奏判斷,,,,,MA10：依試單節奏判斷,MA5：依試單節奏判斷,MA10：依試單節奏判斷,MA20：依試單節奏判斷,突破確認K,整理後轉強,整理後轉強,MA5：依試單節奏判斷｜MA10：依試單節奏判斷｜MA20：依試單節奏判斷｜K棒：突破確認K｜K線：整理後轉強,K棒型態：突破確認K｜K線結構：整理後轉強,依原策略執行，技術欄位用於確認節奏與風險。,12.0,A,起漲結構強,20D站上MA20｜MA20走平翻揚｜接近20日高｜40D平台收斂｜短中均線糾結｜40D低點守住｜接近/站回MA60｜MA60不再下彎｜站回60D區間中上｜量縮後溫和放量｜5D動能轉正｜10D動能轉正,平台壓縮後轉強，可優先觀察起漲/試單。,v266.57.9,9.0,A,續強品質強,回檔不破前低｜低點墊高確認｜收盤守MA5｜續強確認：收盤未跌破MA5｜回檔量縮｜仍站MA20｜10D動能維持,回檔承接尚可，若原策略入選，可優先觀察延續。,v266.57.9,6.9,A,突破品質強,紅K實體放大｜收盤接近高點｜量能較前日放大｜突破近5日高｜MA5加速上彎,TEST有升級IGNITION條件，可優先觀察隔日延續。,v266.57.9,GENERIC,0.55,0.5,0.5,14.55,90.0,最後後處理補寫：原分數+結構前置+續強品質+突破品質；不覆蓋原策略,一般,11.931,v266.58.1,2026-05-09 00:25:47,觀察,否,,觀察,0,0,持續觀察,前狀態:nan→今日:觀察,NO,v266.60.2,11.931,30.0,0.0,0.0,0.0,14.873,86.0,20/40/60結構佳｜續強品質佳｜主力佈局語意｜突破品質輔助,主力佈局優先,v266.61,2026-05-09 00:25:50,15.0,洗盤不破承接｜突破品質成立但未過熱,早期轉強事件,偏早期，可列入WATCH等待二次確認。,12.852,91,v266.62,2026-05-09 00:25:51,0.0,,NONE,371,-33,AVOID_CHASE,trigger合理｜平台收斂｜過熱扣分｜風險文字,506
TEST,2026-05-08,2026-05-11,1726,永記,ENTRY,PRE,PRE,86.0,WAIT,WATCH,False,76.6,0.0,0.0,3,波動壓縮 | 安靜吸籌 | 均線收斂 | 放量吸收 | 接近突破 | 結構尚可,WATCH：保留觀察，不下單｜大盤中性 ：BUY 降級 TEST，控制追高｜v266.57.9：結構：平台壓縮後轉強，可優先觀察起漲/試單。｜續強：回檔承接尚可，若原策略入選，可優先觀察延續。｜突破：TEST有升級IGNITION條件，可優先觀察隔日延續。,94.62,,,HIGH,高流動性,19.54,41775.0,3199964999.9999995,0.0,⚠️ 分散,40（⚠️ 分散）,,籌碼普通或資料有限，需搭配技術面確認。,1,部分籌碼資料有限,📉 低信心,,,永記,-4473.0,0.0,0.0,-4473.0,0.0,1,0.0,0.0,0.0,0.0,0,TWSE,🟡 洗盤吸籌／整理換手（結構未壞）,中高,不急追；等放量突破或站穩 MA10 / MA20 再提高權重。,2026-05-09 00:25:55,behavior_interpretation,,,,,,,,,,,,,,,,,,,,,,,,,,,,,,,,,,,,,,,,,,,,,,,,,,,,,,,,,,,,,,,,,,,,MA5：依試單節奏判斷,MA20：依試單節奏判斷,,,,,MA10：依試單節奏判斷,MA5：依試單節奏判斷,MA10：依試單節奏判斷,MA20：依試單節奏判斷,突破確認K,整理後轉強,整理後轉強,MA5：依試單節奏判斷｜MA10：依試單節奏判斷｜MA20：依試單節奏判斷｜K棒：突破確認K｜K線：整理後轉強,K棒型態：突破確認K｜K線結構：整理後轉強,依原策略執行，技術欄位用於確認節奏與風險。,12.0,A,起漲結構強,20D站上MA20｜MA20走平翻揚｜接近20日高｜40D平台收斂｜短中均線糾結｜40D低點守住｜接近/站回MA60｜MA60不再下彎｜站回60D區間中上｜近5日量縮｜量縮後溫和放量｜5D動能轉正,平台壓縮後轉強，可優先觀察起漲/試單。,v266.57.9,8.0,A,續強品質強,回檔不破前低｜低點墊高確認｜收盤守MA5｜續強確認：收盤未跌破MA5｜回檔量縮｜仍站MA20,回檔承接尚可，若原策略入選，可優先觀察延續。,v266.57.9,6.9,A,突破品質強,紅K實體放大｜收盤接近高點｜量能較前日放大｜突破近5日高｜MA5加速上彎,TEST有升級IGNITION條件，可優先觀察隔日延續。,v266.57.9,WATCH,0.55,0.35,0.75,14.575,89.0,最後後處理補寫：原分數+結構前置+續強品質+突破品質；不覆蓋原策略,一般,11.952,v266.58.1,2026-05-09 00:25:47,觀察,否,,觀察,0,0,持續觀察,前狀態:nan→今日:觀察,NO,v266.60.2,11.952,30.0,0.0,0.0,0.0,14.875,85.0,20/40/60結構佳｜續強品質佳｜主力佈局語意｜突破品質輔助,主力佈局優先,v266.61,2026-05-09 00:25:50,15.0,洗盤不破承接｜突破品質成立但未過熱,早期轉強事件,偏早期，可列入WATCH等待二次確認。,12.866,90,v266.62,2026-05-09 00:25:51,0.0,,NONE,372,-33,AVOID_CHASE,trigger合理｜平台收斂｜過熱扣分｜風險文字,507
TEST,2026-05-08,2026-05-11,2727,王品,ENTRY,PRE,PRE,86.0,WAIT,BLOCK,False,234.5,0.0,0.0,3,波動壓縮 | 安靜吸籌 | 均線收斂 | 放量吸收 | 接近突破 | 結構尚可,BLOCK：超出本市場狀態可執行名額｜大盤中性 ：BUY 降級 TEST，控制追高｜v266.57.9：結構：平台壓縮後轉強，可優先觀察起漲/試單。｜續強：回檔承接尚可，若原策略入選，可優先觀察延續。｜突破：突破品質尚可，可列入試單後續確認。,120.11,,,HIGH,高流動性,74.39,1561030.0,366061535000.0,4.0,🔥 高度集中,85（🔥 高度集中）,法人偏多,籌碼偏集中但資料有限，可搭配技術面確認，不宜單獨重倉。,1,部分籌碼資料有限,📉 低信心,,,王品,36900.0,38514.0,0.0,75414.0,1.0,1,0.0,0.0,0.0,0.0,0,TWSE,🟡 洗盤吸籌／整理換手（結構未壞）,中高,不急追；等放量突破或站穩 MA10 / MA20 再提高權重。,2026-05-09 00:25:55,behavior_interpretation,,,,,,,,,,,,,,,,,,,,,,,,,,,,,,,,,,,,,,,,,,,,,,,,,,,,,,,,,,,,,,,,,,,,MA5：依試單節奏判斷,MA20：依試單節奏判斷,,,,,MA10：依試單節奏判斷,MA5：依試單節奏判斷,MA10：依試單節奏判斷,MA20：依試單節奏判斷,突破確認K,整理後轉強,整理後轉強,MA5：依試單節奏判斷｜MA10：依試單節奏判斷｜MA20：依試單節奏判斷｜K棒：突破確認K｜K線：整理後轉強,K棒型態：突破確認K｜K線結構：整理後轉強,依原策略執行，技術欄位用於確認節奏與風險。,11.1,A,起漲結構強,20D站上MA20｜MA20走平翻揚｜MA5站上MA10｜接近20日高｜40D平台收斂｜短中均線糾結｜40D低點守住｜接近/站回MA60｜MA60不再下彎｜站回60D區間中上｜5D動能轉正｜10D動能轉正｜扣分:單日爆量偏高,平台壓縮後轉強，可優先觀察起漲/試單。,v266.57.9,8.7,A,續強品質強,回檔不破前低｜低點墊高確認｜收盤守MA5｜續強確認：收盤未跌破MA5｜MA5仍在MA10上｜仍站MA20｜10D動能維持,回檔承接尚可，若原策略入選，可優先觀察延續。,v266.57.9,4.7,B,突破品質中,量能較前日放大｜突破近5日高｜MA5加速上彎｜短均多頭,突破品質尚可，可列入試單後續確認。,v266.57.9,GENERIC,0.55,0.5,0.5,12.805,114.0,最後後處理補寫：原分數+結構前置+續強品質+突破品質；不覆蓋原策略,一般,11.22,v266.58.1,2026-05-09 00:25:47,觀察,否,,觀察,0,0,持續觀察,前狀態:nan→今日:觀察,NO,v266.60.2,11.22,30.0,0.0,0.0,0.0,14.802,87.0,20/40/60結構佳｜續強品質佳｜主力佈局語意｜突破品質輔助,主力佈局優先,v266.61,2026-05-09 00:25:50,15.0,洗盤不破承接｜突破品質成立但未過熱,早期轉強事件,偏早期，可列入WATCH等待二次確認。,12.354,102,v266.62,2026-05-09 00:25:51,0.0,,NONE,392,-33,AVOID_CHASE,trigger合理｜平台收斂｜過熱扣分｜風險文字,508
TEST,2026-05-08,2026-05-11,2208,台船,ENTRY,PRE,PRE,68.0,WAIT,BLOCK,False,21.7,0.0,0.0,3,波動壓縮 | 均線收斂 | 放量吸收 | 接近突破 | 結構尚可,BLOCK：超出本市場狀態可執行名額｜v266.57.9：結構：平台壓縮後轉強，可優先觀察起漲/試單。｜續強：回檔承接尚可，若原策略入選，可優先觀察延續。｜突破：TEST有升級IGNITION條件，可優先觀察隔日延續。,113.57,,,HIGH,高流動性,83.33,10171002.0,220710743400.0,0.0,❌ 極度分散,15（❌ 極度分散）,,籌碼偏弱且資料有限，避免重倉追高。,1,部分籌碼資料有限,📉 低信心,,,台船,-1247000.0,-10000.0,15000.0,-1242000.0,0.0,1,0.0,0.0,0.0,0.0,0,TWSE,⚪ 行為中性（依策略判斷）,中低,目前訊號不夠明確，依原策略與風控執行。,2026-05-09 00:25:55,behavior_interpretation,,,,,,,,,,,,,,,,,,,,,,,,,,,,,,,,,,,,,,,,,,,,,,,,,,,,,,,,,,,,,,,,,,,,MA5：依試單節奏判斷,MA20：依試單節奏判斷,,,,,MA10：依試單節奏判斷,MA5：依試單節奏判斷,MA10：依試單節奏判斷,MA20：依試單節奏判斷,突破確認K,整理後轉強,整理後轉強,MA5：依試單節奏判斷｜MA10：依試單節奏判斷｜MA20：依試單節奏判斷｜K棒：突破確認K｜K線：整理後轉強,K棒型態：突破確認K｜K線結構：整理後轉強,依原策略執行，技術欄位用於確認節奏與風險。,10.6,A,起漲結構強,20D站上MA20｜MA20走平翻揚｜MA5站上MA10｜接近20日高｜40D平台收斂｜短中均線糾結｜40D低點守住｜接近/站回MA60｜5D動能轉正｜10D動能轉正,平台壓縮後轉強，可優先觀察起漲/試單。,v266.57.9,8.7,A,續強品質強,回檔不破前低｜低點墊高確認｜收盤守MA5｜續強確認：收盤未跌破MA5｜MA5仍在MA10上｜仍站MA20｜10D動能維持,回檔承接尚可，若原策略入選，可優先觀察延續。,v266.57.9,7.7,A,突破品質強,紅K實體放大｜收盤接近高點｜量能較前日放大｜突破近5日高｜MA5加速上彎｜短均多頭,TEST有升級IGNITION條件，可優先觀察隔日延續。,v266.57.9,GENERIC,0.55,0.5,0.5,14.03,93.0,最後後處理補寫：原分數+結構前置+續強品質+突破品質；不覆蓋原策略,一般,11.505,v266.58.1,2026-05-09 00:25:47,觀察,否,,觀察,0,0,持續觀察,前狀態:nan→今日:觀察,NO,v266.60.2,11.505,30.0,0.0,0.0,0.0,14.291,90.0,20/40/60結構佳｜續強品質佳｜主力佈局語意｜突破品質輔助,主力佈局優先,v266.61,2026-05-09 00:25:50,15.0,洗盤不破承接｜突破品質成立但未過熱,早期轉強事件,偏早期，可列入WATCH等待二次確認。,12.554,97,v266.62,2026-05-09 00:25:51,0.0,,NONE,397,-33,AVOID_CHASE,trigger合理｜平台收斂｜過熱扣分｜風險文字,509
WATCH,2026-05-08,2026-05-11,2723,美食-KY,ENTRY,PRE,PRE,54.0,WAIT,BLOCK,False,66.8,0.0,0.0,8,波動壓縮 | 均線收斂 | 接近突破 | 結構尚可,BLOCK：超出本市場狀態可執行名額｜v266.57.9：結構：平台壓縮後轉強，可優先觀察起漲/試單。｜續強：回檔承接尚可，若原策略入選，可優先觀察延續。｜突破：TEST有升級IGNITION條件，可優先觀察隔日延續。,89.26,,,HIGH,高流動性,45.15,275602.0,18410213600.0,4.0,🟢 偏集中,68（🟢 偏集中）,法人偏多,籌碼偏集中但資料有限，可搭配技術面確認，不宜單獨重倉。,1,部分籌碼資料有限,📉 低信心,,,,21000.0,0.0,0.0,21000.0,1.0,1,0.0,0.0,0.0,0.0,0,TWSE,⚪ 盤整觀望（等待方向）,中低,先觀察，不急進場；等突破、量能或均線方向出現。,2026-05-09 00:25:55,behavior_interpretation,,,,,,,,,,,,,,,,,,,,,,,,,,,,,,,,,,,,,,,,,,,,,,,,,,,,,,,,,,,,,,,,,,,,MA5：依試單節奏判斷,MA20：依試單節奏判斷,,,,,MA10：依試單節奏判斷,MA5：依試單節奏判斷,MA10：依試單節奏判斷,MA20：依試單節奏判斷,突破確認K,整理後轉強,整理後轉強,MA5：依試單節奏判斷｜MA10：依試單節奏判斷｜MA20：依試單節奏判斷｜K棒：突破確認K｜K線：整理後轉強,K棒型態：突破確認K｜K線結構：整理後轉強,依原策略執行，技術欄位用於確認節奏與風險。,7.6,B,起漲結構中,20D站上MA20｜MA5站上MA10｜40D平台收斂｜短中均線糾結｜近5日量縮｜5D動能轉正｜10D動能轉正,平台壓縮後轉強，可優先觀察起漲/試單。,v266.57.9,10.0,A,續強品質強,回檔不破前低｜低點墊高確認｜收盤守MA5｜續強確認：收盤未跌破MA5｜回檔量縮｜MA5仍在MA10上｜仍站MA20｜10D動能維持,回檔承接尚可，若原策略入選，可優先觀察延續。,v266.57.9,7.7,A,突破品質強,紅K實體放大｜收盤接近高點｜量能較前日放大｜突破近5日高｜MA5加速上彎｜短均多頭,TEST有升級IGNITION條件，可優先觀察隔日延續。,v266.57.9,GENERIC,0.55,0.5,0.5,13.03,108.0,最後後處理補寫：原分數+結構前置+續強品質+突破品質；不覆蓋原策略,一般,11.405,v266.58.1,2026-05-09 00:25:47,觀察,否,,觀察,0,0,持續觀察,前狀態:nan→今日:觀察,NO,v266.60.2,11.405,30.0,0.0,0.0,0.0,13.86,119.0,20/40/60結構佳｜續強品質佳｜主力佈局語意｜突破品質輔助,主力佈局優先,v266.61,2026-05-09 00:25:50,15.0,洗盤不破承接｜突破品質成立但未過熱,早期轉強事件,偏早期，可列入WATCH等待二次確認。,12.484,98,v266.62,2026-05-09 00:25:51,0.0,,NONE,396,-33,AVOID_CHASE,trigger合理｜平台收斂｜過熱扣分｜風險文字,510
WATCH,2026-05-08,2026-05-11,2618,長榮航,ENTRY,PRE,PRE,54.0,WAIT,BLOCK,False,35.65,0.0,0.0,8,安靜吸籌 | 均線收斂 | 接近突破 | 結構尚可,BLOCK：超出本市場狀態可執行名額｜v266.57.9：結構：平台壓縮後轉強，可優先觀察起漲/試單。｜續強：回檔承接尚可，若原策略入選，可優先觀察延續。｜突破：突破品質尚可，可列入試單後續確認。,109.29,,,HIGH,高流動性,93.11,34415959.0,1226928938350.0,0.0,❌ 極度分散,15（❌ 極度分散）,,籌碼偏弱且資料有限，避免重倉追高。,1,部分籌碼資料有限,📉 低信心,,,長榮航,-5704683.0,-741221.0,232805.0,-6213099.0,0.0,1,0.0,0.0,0.0,0.0,0,TWSE,🟡 洗盤吸籌／整理換手（結構未壞）,中高,不急追；等放量突破或站穩 MA10 / MA20 再提高權重。,2026-05-09 00:25:55,behavior_interpretation,,,,,,,,,,,,,,,,,,,,,,,,,,,,,,,,,,,,,,,,,,,,,,,,,,,,,,,,,,,,,,,,,,,,MA5：依試單節奏判斷,MA20：依試單節奏判斷,,,,,MA10：依試單節奏判斷,MA5：依試單節奏判斷,MA10：依試單節奏判斷,MA20：依試單節奏判斷,突破確認K,整理後轉強,整理後轉強,MA5：依試單節奏判斷｜MA10：依試單節奏判斷｜MA20：依試單節奏判斷｜K棒：突破確認K｜K線：整理後轉強,K棒型態：突破確認K｜K線結構：整理後轉強,依原策略執行，技術欄位用於確認節奏與風險。,12.0,A,起漲結構強,20D站上MA20｜MA20走平翻揚｜MA5站上MA10｜接近20日高｜40D平台收斂｜短中均線糾結｜40D低點守住｜接近/站回MA60｜站回60D區間中上｜量縮後溫和放量｜5D動能轉正｜10D動能轉正,平台壓縮後轉強，可優先觀察起漲/試單。,v266.57.9,8.7,A,續強品質強,回檔不破前低｜低點墊高確認｜收盤守MA5｜續強確認：收盤未跌破MA5｜MA5仍在MA10上｜仍站MA20｜10D動能維持,回檔承接尚可，若原策略入選，可優先觀察延續。,v266.57.9,5.0,B,突破品質中,收盤接近高點｜突破近5日高｜MA5加速上彎｜短均多頭,突破品質尚可，可列入試單後續確認。,v266.57.9,GENERIC,0.55,0.5,0.5,13.45,98.0,最後後處理補寫：原分數+結構前置+續強品質+突破品質；不覆蓋原策略,一般,11.029,v266.58.1,2026-05-09 00:25:47,觀察,否,,觀察,0,0,持續觀察,前狀態:nan→今日:觀察,NO,v266.60.2,11.029,30.0,0.0,0.0,0.0,13.823,124.0,20/40/60結構佳｜續強品質佳｜主力佈局語意｜突破品質輔助,主力佈局優先,v266.61,2026-05-09 00:25:50,15.0,洗盤不破承接｜突破品質成立但未過熱,早期轉強事件,偏早期，可列入WATCH等待二次確認。,12.22,104,v266.62,2026-05-09 00:25:51,0.0,,NONE,390,-33,AVOID_CHASE,trigger合理｜平台收斂｜過熱扣分｜風險文字,511
WATCH,2026-05-08,2026-05-11,6177,達麗,ENTRY,PRE,PRE,54.0,WAIT,BLOCK,False,46.8,0.0,0.0,8,安靜吸籌 | 均線收斂 | 接近突破 | 結構尚可,BLOCK：超出本市場狀態可執行名額｜v266.57.9：結構：平台壓縮後轉強，可優先觀察起漲/試單。｜續強：回檔承接尚可，若原策略入選，可優先觀察延續。｜突破：TEST有升級IGNITION條件，可優先觀察隔日延續。,99.92,,,HIGH,高流動性,67.0,1554038.0,72728978399.99998,0.0,⚠️ 分散,25（⚠️ 分散）,,籌碼偏弱且資料有限，避免重倉追高。,1,部分籌碼資料有限,📉 低信心,,,,-109000.0,0.0,2010.0,-106990.0,0.0,1,0.0,0.0,0.0,0.0,0,TWSE,🟡 洗盤吸籌／整理換手（結構未壞）,中高,不急追；等放量突破或站穩 MA10 / MA20 再提高權重。,2026-05-09 00:25:55,behavior_interpretation,,,,,,,,,,,,,,,,,,,,,,,,,,,,,,,,,,,,,,,,,,,,,,,,,,,,,,,,,,,,,,,,,,,,MA5：依試單節奏判斷,MA20：依試單節奏判斷,,,,,MA10：依試單節奏判斷,MA5：依試單節奏判斷,MA10：依試單節奏判斷,MA20：依試單節奏判斷,突破確認K,整理後轉強,整理後轉強,MA5：依試單節奏判斷｜MA10：依試單節奏判斷｜MA20：依試單節奏判斷｜K棒：突破確認K｜K線：整理後轉強,K棒型態：突破確認K｜K線結構：整理後轉強,依原策略執行，技術欄位用於確認節奏與風險。,12.0,A,起漲結構強,20D站上MA20｜MA5站上MA10｜接近20日高｜40D平台收斂｜短中均線糾結｜40D低點守住｜接近/站回MA60｜站回60D區間中上｜量縮後溫和放量｜5D動能轉正｜10D動能轉正,平台壓縮後轉強，可優先觀察起漲/試單。,v266.57.9,10.0,A,續強品質強,回檔不破前低｜低點墊高確認｜收盤守MA5｜續強確認：收盤未跌破MA5｜回檔量縮｜MA5仍在MA10上｜仍站MA20｜10D動能維持,回檔承接尚可，若原策略入選，可優先觀察延續。,v266.57.9,6.2,A,突破品質強,紅K實體放大｜量能較前日放大｜突破近5日高｜MA5加速上彎｜短均多頭,TEST有升級IGNITION條件，可優先觀察隔日延續。,v266.57.9,GENERIC,0.55,0.5,0.5,14.7,88.0,最後後處理補寫：原分數+結構前置+續強品質+突破品質；不覆蓋原策略,一般,12.054,v266.58.1,2026-05-09 00:25:47,觀察,否,,觀察,0,0,持續觀察,前狀態:nan→今日:觀察,NO,v266.60.2,12.054,30.0,0.0,0.0,0.0,13.925,110.0,20/40/60結構佳｜續強品質佳｜主力佈局語意｜突破品質輔助,主力佈局優先,v266.61,2026-05-09 00:25:50,15.0,洗盤不破承接｜突破品質成立但未過熱,早期轉強事件,偏早期，可列入WATCH等待二次確認。,12.938,89,v266.62,2026-05-09 00:25:51,0.0,,NONE,373,-33,AVOID_CHASE,trigger合理｜平台收斂｜過熱扣分｜風險文字,512
TEST,2026-05-08,2026-05-11,2008,高興昌,ENTRY,PRE,PRE,68.0,WAIT,BLOCK,False,28.15,0.0,0.0,3,安靜吸籌 | 均線收斂 | 放量吸收 | 接近突破 | 結構尚可,BLOCK：超出本市場狀態可執行名額｜v266.57.9：結構：平台壓縮後轉強，可優先觀察起漲/試單。｜續強：回檔承接尚可，若原策略入選，可優先觀察延續。｜突破：突破品質尚可，可列入試單後續確認。,84.5,,,HIGH,高流動性,17.33,57202.0,1610236299.9999998,0.0,⚠️ 分散,38（⚠️ 分散）,,籌碼普通或資料有限，需搭配技術面確認。,1,部分籌碼資料有限,📉 低信心,,,,-7000.0,0.0,0.0,-7000.0,0.0,1,0.0,0.0,0.0,0.0,0,TWSE,🟡 洗盤吸籌／整理換手（結構未壞）,中高,不急追；等放量突破或站穩 MA10 / MA20 再提高權重。,2026-05-09 00:25:55,behavior_interpretation,,,,,,,,,,,,,,,,,,,,,,,,,,,,,,,,,,,,,,,,,,,,,,,,,,,,,,,,,,,,,,,,,,,,MA5：依試單節奏判斷,MA20：依試單節奏判斷,,,,,MA10：依試單節奏判斷,MA5：依試單節奏判斷,MA10：依試單節奏判斷,MA20：依試單節奏判斷,突破確認K,整理後轉強,整理後轉強,MA5：依試單節奏判斷｜MA10：依試單節奏判斷｜MA20：依試單節奏判斷｜K棒：突破確認K｜K線：整理後轉強,K棒型態：突破確認K｜K線結構：整理後轉強,依原策略執行，技術欄位用於確認節奏與風險。,12.0,A,起漲結構強,20D站上MA20｜MA20走平翻揚｜MA5站上MA10｜接近20日高｜40D平台收斂｜短中均線糾結｜40D低點守住｜接近/站回MA60｜量縮後溫和放量｜5D動能轉正｜10D動能轉正,平台壓縮後轉強，可優先觀察起漲/試單。,v266.57.9,8.7,A,續強品質強,回檔不破前低｜低點墊高確認｜收盤守MA5｜續強確認：收盤未跌破MA5｜MA5仍在MA10上｜仍站MA20｜10D動能維持,回檔承接尚可，若原策略入選，可優先觀察延續。,v266.57.9,4.7,B,突破品質中,收盤接近高點｜量能較前日放大｜MA5加速上彎｜短均多頭,突破品質尚可，可列入試單後續確認。,v266.57.9,GENERIC,0.55,0.5,0.5,13.3,106.0,最後後處理補寫：原分數+結構前置+續強品質+突破品質；不覆蓋原策略,一般,10.906,v266.58.1,2026-05-09 00:25:47,觀察,否,,觀察,0,0,持續觀察,前狀態:nan→今日:觀察,NO,v266.60.2,10.906,30.0,0.0,0.0,0.0,14.231,94.0,20/40/60結構佳｜續強品質佳｜主力佈局語意｜突破品質輔助,主力佈局優先,v266.61,2026-05-09 00:25:50,15.0,洗盤不破承接｜突破品質成立但未過熱,早期轉強事件,偏早期，可列入WATCH等待二次確認。,12.134,105,v266.62,2026-05-09 00:25:51,0.0,,NONE,299,-33,AVOID_CHASE,trigger合理｜平台收斂｜過熱扣分｜風險文字,513
TEST,2026-05-08,2026-05-11,6192,巨路,ENTRY,PRE,PRE,68.0,WAIT,BLOCK,False,124.0,0.0,0.0,3,安靜吸籌 | 均線收斂 | 放量吸收 | 接近突破 | 結構尚可,BLOCK：超出本市場狀態可執行名額｜v266.57.9：結構：平台壓縮後轉強，可優先觀察起漲/試單。｜續強：回檔承接尚可，若原策略入選，可優先觀察延續。｜突破：突破品質尚可，可列入試單後續確認。,104.98,,,HIGH,高流動性,62.83,788416.0,97763584000.0,0.0,⚠️ 分散,30（⚠️ 分散）,,籌碼偏弱且資料有限，避免重倉追高。,1,部分籌碼資料有限,📉 低信心,,,,-24000.0,0.0,0.0,-24000.0,0.0,1,0.0,0.0,0.0,0.0,0,TWSE,🟡 洗盤吸籌／整理換手（結構未壞）,中高,不急追；等放量突破或站穩 MA10 / MA20 再提高權重。,2026-05-09 00:25:55,behavior_interpretation,,,,,,,,,,,,,,,,,,,,,,,,,,,,,,,,,,,,,,,,,,,,,,,,,,,,,,,,,,,,,,,,,,,,MA5：依試單節奏判斷,MA20：依試單節奏判斷,,,,,MA10：依試單節奏判斷,MA5：依試單節奏判斷,MA10：依試單節奏判斷,MA20：依試單節奏判斷,突破確認K,整理後轉強,整理後轉強,MA5：依試單節奏判斷｜MA10：依試單節奏判斷｜MA20：依試單節奏判斷｜K棒：突破確認K｜K線：整理後轉強,K棒型態：突破確認K｜K線結構：整理後轉強,依原策略執行，技術欄位用於確認節奏與風險。,10.8,A,起漲結構強,20D站上MA20｜MA20走平翻揚｜接近20日高｜40D平台收斂｜短中均線糾結｜40D低點守住｜接近/站回MA60｜MA60不再下彎｜站回60D區間中上｜5D動能轉正,平台壓縮後轉強，可優先觀察起漲/試單。,v266.57.9,8.0,A,續強品質強,回檔不破前低｜低點墊高確認｜收盤守MA5｜續強確認：收盤未跌破MA5｜回檔量縮｜仍站MA20,回檔承接尚可，若原策略入選，可優先觀察延續。,v266.57.9,5.4,B,突破品質中,紅K實體放大｜量能較前日放大｜突破近5日高｜MA5加速上彎,突破品質尚可，可列入試單後續確認。,v266.57.9,GENERIC,0.55,0.5,0.5,12.64,122.0,最後後處理補寫：原分數+結構前置+續強品質+突破品質；不覆蓋原策略,一般,10.365,v266.58.1,2026-05-09 00:25:47,觀察,否,,觀察,0,0,持續觀察,前狀態:nan→今日:觀察,NO,v266.60.2,10.365,30.0,0.0,0.0,0.0,14.176,96.0,20/40/60結構佳｜續強品質佳｜主力佈局語意｜突破品質輔助,主力佈局優先,v266.61,2026-05-09 00:25:50,15.0,洗盤不破承接｜突破品質成立但未過熱,早期轉強事件,偏早期，可列入WATCH等待二次確認。,11.756,106,v266.62,2026-05-09 00:25:51,0.0,,NONE,312,-33,AVOID_CHASE,trigger合理｜平台收斂｜過熱扣分｜風險文字,514
WATCH,2026-05-08,2026-05-11,1563,巧新,ENTRY,PRE,PRE,54.0,WAIT,BLOCK,False,43.9,0.0,0.0,8,安靜吸籌 | 均線收斂 | 接近突破 | 結構尚可,BLOCK：超出本市場狀態可執行名額｜v266.57.9：結構：平台壓縮後轉強，可優先觀察起漲/試單。｜續強：回檔承接尚可，若原策略入選，可優先觀察延續。｜突破：突破品質尚可，可列入試單後續確認。,97.09,,,HIGH,高流動性,61.03,1017603.0,44672771699.99999,4.0,🟢 偏集中,67（🟢 偏集中）,法人偏多,籌碼偏集中但資料有限，可搭配技術面確認，不宜單獨重倉。,1,部分籌碼資料有限,📉 低信心,,,,18000.0,0.0,0.0,18000.0,1.0,1,0.0,0.0,0.0,0.0,0,TWSE,🟡 洗盤吸籌／整理換手（結構未壞）,中高,不急追；等放量突破或站穩 MA10 / MA20 再提高權重。,2026-05-09 00:25:55,behavior_interpretation,,,,,,,,,,,,,,,,,,,,,,,,,,,,,,,,,,,,,,,,,,,,,,,,,,,,,,,,,,,,,,,,,,,,MA5：依試單節奏判斷,MA20：依試單節奏判斷,,,,,MA10：依試單節奏判斷,MA5：依試單節奏判斷,MA10：依試單節奏判斷,MA20：依試單節奏判斷,突破確認K,整理後轉強,整理後轉強,MA5：依試單節奏判斷｜MA10：依試單節奏判斷｜MA20：依試單節奏判斷｜K棒：突破確認K｜K線：整理後轉強,K棒型態：突破確認K｜K線結構：整理後轉強,依原策略執行，技術欄位用於確認節奏與風險。,12.0,A,起漲結構強,20D站上MA20｜MA20走平翻揚｜MA5站上MA10｜接近20日高｜40D平台收斂｜短中均線糾結｜40D低點守住｜接近/站回MA60｜站回60D區間中上｜量縮後溫和放量｜5D動能轉正｜10D動能轉正,平台壓縮後轉強，可優先觀察起漲/試單。,v266.57.9,8.7,A,續強品質強,回檔不破前低｜低點墊高確認｜收盤守MA5｜續強確認：收盤未跌破MA5｜MA5仍在MA10上｜仍站MA20｜10D動能維持,回檔承接尚可，若原策略入選，可優先觀察延續。,v266.57.9,5.0,B,突破品質中,收盤接近高點｜突破近5日高｜MA5加速上彎｜短均多頭,突破品質尚可，可列入試單後續確認。,v266.57.9,GENERIC,0.55,0.5,0.5,13.45,98.0,最後後處理補寫：原分數+結構前置+續強品質+突破品質；不覆蓋原策略,一般,11.749,v266.58.1,2026-05-09 00:25:47,觀察,否,,觀察,0,0,持續觀察,前狀態:nan→今日:觀察,NO,v266.60.2,11.749,30.0,0.0,0.0,0.0,13.895,113.0,20/40/60結構佳｜續強品質佳｜主力佈局語意｜突破品質輔助,主力佈局優先,v266.61,2026-05-09 00:25:50,15.0,洗盤不破承接｜突破品質成立但未過熱,早期轉強事件,偏早期，可列入WATCH等待二次確認。,12.724,93,v266.62,2026-05-09 00:25:51,0.0,,NONE,311,-33,AVOID_CHASE,trigger合理｜平台收斂｜過熱扣分｜風險文字,515
WATCH,2026-05-08,2026-05-11,9937,全國,ENTRY,PRE,PRE,54.0,WAIT,BLOCK,False,57.1,0.0,0.0,8,波動壓縮 | 均線收斂 | 接近突破 | 結構尚可,BLOCK：超出本市場狀態可執行名額｜v266.57.9：結構：平台壓縮後轉強，可優先觀察起漲/試單。｜續強：回檔承接尚可，若原策略入選，可優先觀察延續。｜突破：突破品質尚可，可列入試單後續確認。,77.03,,,HIGH,高流動性,18.95,47123.0,2690723300.0000005,0.0,⚠️ 分散,38（⚠️ 分散）,,籌碼普通或資料有限，需搭配技術面確認。,1,部分籌碼資料有限,📉 低信心,,,全國,-7000.0,0.0,0.0,-7000.0,0.0,1,0.0,0.0,0.0,0.0,0,TWSE,⚪ 盤整觀望（等待方向）,中低,先觀察，不急進場；等突破、量能或均線方向出現。,2026-05-09 00:25:55,behavior_interpretation,,,,,,,,,,,,,,,,,,,,,,,,,,,,,,,,,,,,,,,,,,,,,,,,,,,,,,,,,,,,,,,,,,,,MA5：依試單節奏判斷,MA20：依試單節奏判斷,,,,,MA10：依試單節奏判斷,MA5：依試單節奏判斷,MA10：依試單節奏判斷,MA20：依試單節奏判斷,突破確認K,整理後轉強,整理後轉強,MA5：依試單節奏判斷｜MA10：依試單節奏判斷｜MA20：依試單節奏判斷｜K棒：突破確認K｜K線：整理後轉強,K棒型態：突破確認K｜K線結構：整理後轉強,依原策略執行，技術欄位用於確認節奏與風險。,9.8,A,起漲結構強,20D站上MA20｜MA20走平翻揚｜接近20日高｜40D平台收斂｜短中均線糾結｜40D低點守住｜接近/站回MA60｜MA60不再下彎｜5D動能轉正,平台壓縮後轉強，可優先觀察起漲/試單。,v266.57.9,8.0,A,續強品質強,回檔不破前低｜低點墊高確認｜收盤守MA5｜續強確認：收盤未跌破MA5｜回檔量縮｜仍站MA20,回檔承接尚可，若原策略入選，可優先觀察延續。,v266.57.9,5.4,B,突破品質中,收盤接近高點｜量能較前日放大｜突破近5日高｜MA5加速上彎,突破品質尚可，可列入試單後續確認。,v266.57.9,GENERIC,0.55,0.5,0.5,12.09,136.0,最後後處理補寫：原分數+結構前置+續強品質+突破品質；不覆蓋原策略,一般,9.914,v266.58.1,2026-05-09 00:25:47,觀察,否,,觀察,0,0,持續觀察,前狀態:nan→今日:觀察,NO,v266.60.2,9.914,30.0,0.0,0.0,0.0,13.711,129.0,20/40/60結構佳｜續強品質佳｜主力佈局語意｜突破品質輔助,主力佈局優先,v266.61,2026-05-09 00:25:50,15.0,洗盤不破承接｜突破品質成立但未過熱,早期轉強事件,偏早期，可列入WATCH等待二次確認。,11.44,108,v266.62,2026-05-09 00:25:51,0.0,,NONE,296,-33,AVOID_CHASE,trigger合理｜平台收斂｜過熱扣分｜風險文字,516
WATCH,2026-05-08,2026-05-11,8112,至上,ENTRY,PRE,PRE,54.0,WAIT,BLOCK,False,89.3,0.0,0.0,8,波動壓縮 | 均線收斂 | 接近突破 | 結構尚可,BLOCK：超出本市場狀態可執行名額｜觀察清單 TOP5：本區最可能發動｜v266.57.9：結構：平台壓縮後轉強，可優先觀察起漲/試單。｜續強：回檔承接尚可，若原策略入選，可優先觀察延續。｜突破：突破品質尚可，可列入試單後續確認。,110.06,,,HIGH,高流動性,95.3,30008808.0,2679786554400.0,0.0,❌ 極度分散,15（❌ 極度分散）,,籌碼偏弱且資料有限，避免重倉追高。,1,部分籌碼資料有限,📉 低信心,5.0,觀察TOP5,至上,-6235124.0,-362428.0,541036.0,-6056516.0,0.0,1,0.0,0.0,0.0,0.0,0,TWSE,⚪ 盤整觀望（等待方向）,中低,先觀察，不急進場；等突破、量能或均線方向出現。,2026-05-09 00:25:55,behavior_interpretation,,,,,,,,,,,,,,,,,,,,,,,,,,,,,,,,,,,,,,,,,,,,,,,,,,,,,,,,,,,,,,,,,,,,MA5：依試單節奏判斷,MA20：依試單節奏判斷,,,,,MA10：依試單節奏判斷,MA5：依試單節奏判斷,MA10：依試單節奏判斷,MA20：依試單節奏判斷,突破確認K,整理後轉強,整理後轉強,MA5：依試單節奏判斷｜MA10：依試單節奏判斷｜MA20：依試單節奏判斷｜K棒：突破確認K｜K線：整理後轉強,K棒型態：突破確認K｜K線結構：整理後轉強,依原策略執行，技術欄位用於確認節奏與風險。,12.0,A,起漲結構強,20D站上MA20｜MA20走平翻揚｜接近20日高｜短中均線糾結｜40D低點守住｜接近/站回MA60｜MA60不再下彎｜站回60D區間中上｜量縮後溫和放量｜5D動能轉正｜10D動能轉正,平台壓縮後轉強，可優先觀察起漲/試單。,v266.57.9,9.0,A,續強品質強,回檔不破前低｜低點墊高確認｜收盤守MA5｜續強確認：收盤未跌破MA5｜回檔量縮｜仍站MA20｜10D動能維持,回檔承接尚可，若原策略入選，可優先觀察延續。,v266.57.9,5.4,B,突破品質中,收盤接近高點｜量能較前日放大｜突破近5日高｜MA5加速上彎,突破品質尚可，可列入試單後續確認。,v266.57.9,GENERIC,0.55,0.5,0.5,13.8,96.0,最後後處理補寫：原分數+結構前置+續強品質+突破品質；不覆蓋原策略,一般,11.316,v266.58.1,2026-05-09 00:25:47,觀察,否,,觀察,0,0,持續觀察,前狀態:nan→今日:觀察,NO,v266.60.2,11.316,30.0,0.0,0.0,0.0,13.852,121.0,20/40/60結構佳｜續強品質佳｜主力佈局語意｜突破品質輔助,主力佈局優先,v266.61,2026-05-09 00:25:50,15.0,洗盤不破承接｜突破品質成立但未過熱,早期轉強事件,偏早期，可列入WATCH等待二次確認。,12.421,100,v266.62,2026-05-09 00:25:51,0.0,,NONE,394,-33,AVOID_CHASE,trigger合理｜平台收斂｜過熱扣分｜風險文字,517
TEST,2026-05-08,2026-05-11,1307,三芳,ENTRY,PRE,PRE,86.0,WAIT,BLOCK,False,32.2,0.0,0.0,3,波動壓縮 | 安靜吸籌 | 均線收斂 | 放量吸收 | 接近突破 | 結構尚可,BLOCK：超出本市場狀態可執行名額｜大盤中性 ：BUY 降級 TEST，控制追高｜v266.57.9：結構：平台壓縮後轉強，可優先觀察起漲/試單。｜續強：回檔承接尚可，若原策略入選，可優先觀察延續。｜突破：TEST有升級IGNITION條件，可優先觀察隔日延續。,116.43,,,HIGH,高流動性,64.18,1464570.0,47159154000.00001,4.0,🔥 高度集中,85（🔥 高度集中）,法人偏多,籌碼偏集中但資料有限，可搭配技術面確認，不宜單獨重倉。,1,部分籌碼資料有限,📉 低信心,,,三芳,-259000.0,300000.0,100.0,41100.0,1.0,1,0.0,0.0,0.0,0.0,0,TWSE,🟡 洗盤吸籌／整理換手（結構未壞）,中高,不急追；等放量突破或站穩 MA10 / MA20 再提高權重。,2026-05-09 00:25:55,behavior_interpretation,,,,,,,,,,,,,,,,,,,,,,,,,,,,,,,,,,,,,,,,,,,,,,,,,,,,,,,,,,,,,,,,,,,,MA5：依試單節奏判斷,MA20：依試單節奏判斷,,,,,MA10：依試單節奏判斷,MA5：依試單節奏判斷,MA10：依試單節奏判斷,MA20：依試單節奏判斷,突破確認K,整理後轉強,整理後轉強,MA5：依試單節奏判斷｜MA10：依試單節奏判斷｜MA20：依試單節奏判斷｜K棒：突破確認K｜K線：整理後轉強,K棒型態：突破確認K｜K線結構：整理後轉強,依原策略執行，技術欄位用於確認節奏與風險。,12.0,A,起漲結構強,20D站上MA20｜MA20走平翻揚｜MA5站上MA10｜接近20日高｜40D平台收斂｜短中均線糾結｜40D低點守住｜接近/站回MA60｜MA60不再下彎｜量縮後溫和放量｜5D動能轉正｜10D動能轉正,平台壓縮後轉強，可優先觀察起漲/試單。,v266.57.9,8.7,A,續強品質強,回檔不破前低｜低點墊高確認｜收盤守MA5｜續強確認：收盤未跌破MA5｜MA5仍在MA10上｜仍站MA20｜10D動能維持,回檔承接尚可，若原策略入選，可優先觀察延續。,v266.57.9,7.7,A,突破品質強,紅K實體放大｜收盤接近高點｜量能較前日放大｜突破近5日高｜MA5加速上彎｜短均多頭,TEST有升級IGNITION條件，可優先觀察隔日延續。,v266.57.9,GENERIC,0.55,0.5,0.5,14.8,86.0,最後後處理補寫：原分數+結構前置+續強品質+突破品質；不覆蓋原策略,一般,12.856,v266.58.1,2026-05-09 00:25:47,觀察,否,,觀察,0,0,持續觀察,前狀態:nan→今日:觀察,NO,v266.60.2,12.856,30.0,0.0,0.0,0.0,14.966,81.0,20/40/60結構佳｜續強品質佳｜主力佈局語意｜突破品質輔助,主力佈局優先,v266.61,2026-05-09 00:25:50,15.0,洗盤不破承接｜突破品質成立但未過熱,早期轉強事件,偏早期，可列入WATCH等待二次確認。,13.499,86,v266.62,2026-05-09 00:25:51,0.0,,NONE,356,-33,AVOID_CHASE,trigger合理｜平台收斂｜過熱扣分｜風險文字,518
TEST,2026-05-08,2026-05-11,6242,立康,ENTRY,PRE,PRE,68.0,WAIT,BLOCK,False,38.4,0.0,0.0,3,安靜吸籌 | 均線收斂 | 放量吸收 | 接近突破 | 結構尚可,BLOCK：超出本市場狀態可執行名額｜v266.57.9：結構：平台壓縮後轉強，可優先觀察起漲/試單。｜續強：回檔承接尚可，若原策略入選，可優先觀察延續。｜突破：突破品質尚可，可列入試單後續確認。,76.64,,,HIGH,高流動性,5.21,11000.0,422400016.784668,4.0,🟢 偏集中,62（🟢 偏集中）,法人偏多,籌碼偏集中但資料有限，可搭配技術面確認，不宜單獨重倉。,1,部分籌碼資料有限,📉 低信心,,,,0.0,86.0,86.0,172.0,1.0,1,0.0,0.0,0.0,0.0,0,TPEX,🟡 洗盤吸籌／整理換手（結構未壞）,中高,不急追；等放量突破或站穩 MA10 / MA20 再提高權重。,2026-05-09 00:25:55,behavior_interpretation,,,,,,,,,,,,,,,,,,,,,,,,,,,,,,,,,,,,,,,,,,,,,,,,,,,,,,,,,,,,,,,,,,,,MA5：依試單節奏判斷,MA20：依試單節奏判斷,,,,,MA10：依試單節奏判斷,MA5：依試單節奏判斷,MA10：依試單節奏判斷,MA20：依試單節奏判斷,突破確認K,整理後轉強,整理後轉強,MA5：依試單節奏判斷｜MA10：依試單節奏判斷｜MA20：依試單節奏判斷｜K棒：突破確認K｜K線：整理後轉強,K棒型態：突破確認K｜K線結構：整理後轉強,依原策略執行，技術欄位用於確認節奏與風險。,12.0,A,起漲結構強,20D站上MA20｜MA20走平翻揚｜MA5站上MA10｜接近20日高｜40D平台收斂｜短中均線糾結｜40D低點守住｜接近/站回MA60｜MA60不再下彎｜站回60D區間中上｜量縮後溫和放量｜5D動能轉正｜10D動能轉正,平台壓縮後轉強，可優先觀察起漲/試單。,v266.57.9,8.7,A,續強品質強,回檔不破前低｜低點墊高確認｜收盤守MA5｜續強確認：收盤未跌破MA5｜MA5仍在MA10上｜仍站MA20｜10D動能維持,回檔承接尚可，若原策略入選，可優先觀察延續。,v266.57.9,5.0,B,突破品質中,收盤接近高點｜突破近5日高｜MA5加速上彎｜短均多頭,突破品質尚可，可列入試單後續確認。,v266.57.9,GENERIC,0.55,0.5,0.5,13.45,98.0,最後後處理補寫：原分數+結構前置+續強品質+突破品質；不覆蓋原策略,一般,11.749,v266.58.1,2026-05-09 00:25:47,觀察,否,,觀察,0,0,持續觀察,前狀態:nan→今日:觀察,NO,v266.60.2,11.749,30.0,0.0,0.0,0.0,14.315,89.0,20/40/60結構佳｜續強品質佳｜主力佈局語意｜突破品質輔助,主力佈局優先,v266.61,2026-05-09 00:25:50,15.0,洗盤不破承接｜突破品質成立但未過熱,早期轉強事件,偏早期，可列入WATCH等待二次確認。,12.724,92,v266.62,2026-05-09 00:25:51,0.0,,NONE,355,-33,AVOID_CHASE,trigger合理｜平台收斂｜過熱扣分｜風險文字,519
TEST,2026-05-08,2026-05-11,9942,茂順,ENTRY,PRE,PRE,86.0,WAIT,BLOCK,False,121.5,0.0,0.0,3,波動壓縮 | 安靜吸籌 | 均線收斂 | 放量吸收 | 接近突破 | 結構尚可,BLOCK：超出本市場狀態可執行名額｜大盤中性 ：BUY 降級 TEST，控制追高｜v266.57.9：結構：平台壓縮後轉強，可優先觀察起漲/試單。｜續強：回檔承接尚可，若原策略入選，可優先觀察延續。｜突破：TEST有升級IGNITION條件，可優先觀察隔日延續。,106.46,,,HIGH,高流動性,45.35,209940.0,25507710000.0,0.0,🟡 普通,41（🟡 普通）,,籌碼普通或資料有限，需搭配技術面確認。,1,部分籌碼資料有限,📉 低信心,,,茂順,-1900.0,0.0,0.0,-1900.0,0.0,1,0.0,0.0,0.0,0.0,0,TWSE,🟡 洗盤吸籌／整理換手（結構未壞）,中高,不急追；等放量突破或站穩 MA10 / MA20 再提高權重。,2026-05-09 00:25:55,behavior_interpretation,,,,,,,,,,,,,,,,,,,,,,,,,,,,,,,,,,,,,,,,,,,,,,,,,,,,,,,,,,,,,,,,,,,,MA5：依試單節奏判斷,MA20：依試單節奏判斷,,,,,MA10：依試單節奏判斷,MA5：依試單節奏判斷,MA10：依試單節奏判斷,MA20：依試單節奏判斷,突破確認K,整理後轉強,整理後轉強,MA5：依試單節奏判斷｜MA10：依試單節奏判斷｜MA20：依試單節奏判斷｜K棒：突破確認K｜K線：整理後轉強,K棒型態：突破確認K｜K線結構：整理後轉強,依原策略執行，技術欄位用於確認節奏與風險。,12.0,A,起漲結構強,20D站上MA20｜MA20走平翻揚｜MA5站上MA10｜接近20日高｜40D平台收斂｜短中均線糾結｜40D低點守住｜接近/站回MA60｜MA60不再下彎｜站回60D區間中上｜量縮後溫和放量｜5D動能轉正｜10D動能轉正,平台壓縮後轉強，可優先觀察起漲/試單。,v266.57.9,8.7,A,續強品質強,回檔不破前低｜低點墊高確認｜收盤守MA5｜續強確認：收盤未跌破MA5｜MA5仍在MA10上｜仍站MA20｜10D動能維持,回檔承接尚可，若原策略入選，可優先觀察延續。,v266.57.9,7.7,A,突破品質強,紅K實體放大｜收盤接近高點｜量能較前日放大｜突破近5日高｜MA5加速上彎｜短均多頭,TEST有升級IGNITION條件，可優先觀察隔日延續。,v266.57.9,GENERIC,0.55,0.5,0.5,14.8,86.0,最後後處理補寫：原分數+結構前置+續強品質+突破品質；不覆蓋原策略,一般,12.136,v266.58.1,2026-05-09 00:25:47,觀察,否,,觀察,0,0,持續觀察,前狀態:nan→今日:觀察,NO,v266.60.2,12.136,30.0,0.0,0.0,0.0,14.894,84.0,20/40/60結構佳｜續強品質佳｜主力佈局語意｜突破品質輔助,主力佈局優先,v266.61,2026-05-09 00:25:50,15.0,洗盤不破承接｜突破品質成立但未過熱,早期轉強事件,偏早期，可列入WATCH等待二次確認。,12.995,88,v266.62,2026-05-09 00:25:51,0.0,,NONE,354,-33,AVOID_CHASE,trigger合理｜平台收斂｜過熱扣分｜風險文字,520
WATCH,2026-05-08,2026-05-11,2023,燁輝,ENTRY,PRE,PRE,50.0,WAIT,BLOCK,False,14.4,0.0,0.0,8,均線收斂 | 放量吸收 | 接近突破 | 結構尚可,BLOCK：超出本市場狀態可執行名額｜v266.57.9：結構：平台壓縮後轉強，可優先觀察起漲/試單。｜續強：回檔承接尚可，若原策略入選，可優先觀察延續。｜突破：TEST有升級IGNITION條件，可優先觀察隔日延續。,99.6,,,HIGH,高流動性,71.72,3877161.0,55831118400.0,0.0,⚠️ 分散,25（⚠️ 分散）,,籌碼偏弱且資料有限，避免重倉追高。,1,部分籌碼資料有限,📉 低信心,,,燁輝,-1127000.0,0.0,23000.0,-1104000.0,0.0,1,0.0,0.0,0.0,0.0,0,TWSE,⚪ 盤整觀望（等待方向）,中低,先觀察，不急進場；等突破、量能或均線方向出現。,2026-05-09 00:25:55,behavior_interpretation,,,,,,,,,,,,,,,,,,,,,,,,,,,,,,,,,,,,,,,,,,,,,,,,,,,,,,,,,,,,,,,,,,,,MA5：依試單節奏判斷,MA20：依試單節奏判斷,,,,,MA10：依試單節奏判斷,MA5：依試單節奏判斷,MA10：依試單節奏判斷,MA20：依試單節奏判斷,突破確認K,整理後轉強,整理後轉強,MA5：依試單節奏判斷｜MA10：依試單節奏判斷｜MA20：依試單節奏判斷｜K棒：突破確認K｜K線：整理後轉強,K棒型態：突破確認K｜K線結構：整理後轉強,依原策略執行，技術欄位用於確認節奏與風險。,10.6,A,起漲結構強,20D站上MA20｜MA5站上MA10｜接近20日高｜40D平台收斂｜短中均線糾結｜接近/站回MA60｜量縮後溫和放量｜5D動能轉正｜10D動能轉正,平台壓縮後轉強，可優先觀察起漲/試單。,v266.57.9,8.7,A,續強品質強,回檔不破前低｜低點墊高確認｜收盤守MA5｜續強確認：收盤未跌破MA5｜MA5仍在MA10上｜仍站MA20｜10D動能維持,回檔承接尚可，若原策略入選，可優先觀察延續。,v266.57.9,7.7,A,突破品質強,紅K實體放大｜收盤接近高點｜量能較前日放大｜突破近5日高｜MA5加速上彎｜短均多頭,TEST有升級IGNITION條件，可優先觀察隔日延續。,v266.57.9,GENERIC,0.55,0.5,0.5,14.03,93.0,最後後處理補寫：原分數+結構前置+續強品質+突破品質；不覆蓋原策略,一般,11.505,v266.58.1,2026-05-09 00:25:47,觀察,否,,觀察,0,0,持續觀察,前狀態:nan→今日:觀察,NO,v266.60.2,11.505,30.0,0.0,0.0,0.0,13.75,127.0,20/40/60結構佳｜續強品質佳｜主力佈局語意｜突破品質輔助,主力佈局優先,v266.61,2026-05-09 00:25:50,15.0,洗盤不破承接｜突破品質成立但未過熱,早期轉強事件,偏早期，可列入WATCH等待二次確認。,12.554,96,v266.62,2026-05-09 00:25:51,0.0,,NONE,398,-33,AVOID_CHASE,trigger合理｜平台收斂｜過熱扣分｜風險文字,521
WATCH,2026-05-08,2026-05-11,2849,安泰銀,ENTRY,PRE,PRE,54.0,WAIT,BLOCK,False,14.1,0.0,0.0,8,安靜吸籌 | 均線收斂 | 接近突破 | 結構尚可,BLOCK：超出本市場狀態可執行名額｜v266.57.9：結構：平台壓縮後轉強，可優先觀察起漲/試單。｜續強：回檔承接尚可，若原策略入選，可優先觀察延續。｜突破：TEST有升級IGNITION條件，可優先觀察隔日延續。,82.55,,,HIGH,高流動性,28.07,180683.0,2547630300.0,0.0,⚠️ 分散,25（⚠️ 分散）,,籌碼偏弱且資料有限，避免重倉追高。,1,部分籌碼資料有限,📉 低信心,,,,-55000.0,0.0,0.0,-55000.0,0.0,1,0.0,0.0,0.0,0.0,0,TWSE,🟡 洗盤吸籌／整理換手（結構未壞）,中高,不急追；等放量突破或站穩 MA10 / MA20 再提高權重。,2026-05-09 00:25:55,behavior_interpretation,,,,,,,,,,,,,,,,,,,,,,,,,,,,,,,,,,,,,,,,,,,,,,,,,,,,,,,,,,,,,,,,,,,,MA5：依試單節奏判斷,MA20：依試單節奏判斷,,,,,MA10：依試單節奏判斷,MA5：依試單節奏判斷,MA10：依試單節奏判斷,MA20：依試單節奏判斷,突破確認K,整理後轉強,整理後轉強,MA5：依試單節奏判斷｜MA10：依試單節奏判斷｜MA20：依試單節奏判斷｜K棒：突破確認K｜K線：整理後轉強,K棒型態：突破確認K｜K線結構：整理後轉強,依原策略執行，技術欄位用於確認節奏與風險。,12.0,A,起漲結構強,20D站上MA20｜MA20走平翻揚｜MA5站上MA10｜接近20日高｜40D平台收斂｜短中均線糾結｜40D低點守住｜接近/站回MA60｜MA60不再下彎｜站回60D區間中上｜近5日量縮｜量縮後溫和放量｜5D動能轉正,平台壓縮後轉強，可優先觀察起漲/試單。,v266.57.9,9.2,A,續強品質強,回檔不破前低｜低點墊高確認｜收盤守MA5｜續強確認：收盤未跌破MA5｜回檔量縮｜MA5仍在MA10上｜仍站MA20,回檔承接尚可，若原策略入選，可優先觀察延續。,v266.57.9,6.2,A,突破品質強,收盤接近高點｜量能較前日放大｜突破近5日高｜MA5加速上彎｜短均多頭,TEST有升級IGNITION條件，可優先觀察隔日延續。,v266.57.9,GENERIC,0.55,0.5,0.5,14.3,91.0,最後後處理補寫：原分數+結構前置+續強品質+突破品質；不覆蓋原策略,一般,11.726,v266.58.1,2026-05-09 00:25:47,觀察,否,,觀察,0,0,持續觀察,前狀態:nan→今日:觀察,NO,v266.60.2,11.726,30.0,0.0,0.0,0.0,13.893,114.0,20/40/60結構佳｜續強品質佳｜主力佈局語意｜突破品質輔助,主力佈局優先,v266.61,2026-05-09 00:25:50,15.0,洗盤不破承接｜突破品質成立但未過熱,早期轉強事件,偏早期，可列入WATCH等待二次確認。,12.708,94,v266.62,2026-05-09 00:25:51,0.0,,NONE,342,-33,AVOID_CHASE,trigger合理｜平台收斂｜過熱扣分｜風險文字,522
WATCH,2026-05-08,2026-05-11,2646,星宇航空,ENTRY,PRE,PRE,54.0,WAIT,BLOCK,False,20.6,0.0,0.0,8,波動壓縮 | 均線收斂 | 接近突破 | 結構尚可,BLOCK：超出本市場狀態可執行名額｜v266.57.9：結構：結構證據不足，保留原策略但降低信心。｜續強：回檔承接尚可，若原策略入選，可優先觀察延續。｜突破：尚未形成乾淨突破，不急著升級。,102.55,,,HIGH,高流動性,73.86,4015737.0,82724182200.0,-6.0,⚠️ 分散,25（⚠️ 分散）,籌碼風險,籌碼偏弱且資料有限，避免重倉追高。,1,部分籌碼資料有限,📉 低信心,,,,-348966.0,0.0,41000.0,-307966.0,0.0,1,0.0,0.0,0.0,0.0,0,TWSE,⚪ 盤整觀望（等待方向）,中低,先觀察，不急進場；等突破、量能或均線方向出現。,2026-05-09 00:25:55,behavior_interpretation,,,,,,,,,,,,,,,,,,,,,,,,,,,,,,,,,,,,,,,,,,,,,,,,,,,,,,,,,,,,,,,,,,,,MA5：依試單節奏判斷,MA20：依試單節奏判斷,,,,,MA10：依試單節奏判斷,MA5：依試單節奏判斷,MA10：依試單節奏判斷,MA20：依試單節奏判斷,突破確認K,整理後轉強,整理後轉強,MA5：依試單節奏判斷｜MA10：依試單節奏判斷｜MA20：依試單節奏判斷｜K棒：突破確認K｜K線：整理後轉強,K棒型態：突破確認K｜K線結構：整理後轉強,依原策略執行，技術欄位用於確認節奏與風險。,5.8,C,結構觀察,MA5站上MA10｜接近20日高｜40D平台收斂｜短中均線糾結｜5D動能轉正,結構證據不足，保留原策略但降低信心。,v266.57.9,8.2,A,續強品質強,回檔不破前低｜低點墊高確認｜收盤守MA5｜續強確認：收盤未跌破MA5｜回檔量縮｜MA5仍在MA10上,回檔承接尚可，若原策略入選，可優先觀察延續。,v266.57.9,0.8,D,突破不足,短均多頭,尚未形成乾淨突破，不急著升級。,v266.57.9,GENERIC,0.55,0.5,0.5,7.69,417.0,最後後處理補寫：原分數+結構前置+續強品質+突破品質；不覆蓋原策略,籌碼風險,5.226,v266.58.1,2026-05-09 00:25:47,出貨疑慮,否,籌碼轉弱,出貨疑慮,-2,-15,降級風險,首次追蹤:出貨疑慮｜狀態降級,RISK,v266.60.2,-0.024,8.0,0.0,0.0,15.0,-1.62,525.0,續強品質佳｜風險語意扣分,過熱降權,v266.61,2026-05-09 00:25:50,-4.0,洗盤不破承接｜假突破/出貨風險扣分,無事件,等待下一次確認。,-1.217,479,v266.62,2026-05-09 00:25:51,0.0,,NONE,184,-43,AVOID_CHASE,平台收斂｜過熱扣分｜風險文字,523
WATCH,2026-05-08,2026-05-11,8477,創業家,ENTRY,PRE,PRE,54.0,WAIT,BLOCK,False,13.65,0.0,0.0,8,波動壓縮 | 均線收斂 | 接近突破 | 結構尚可,BLOCK：超出本市場狀態可執行名額｜v266.57.9：結構：平台壓縮後轉強，可優先觀察起漲/試單。｜續強：回檔承接尚可，若原策略入選，可優先觀察延續。｜突破：尚未形成乾淨突破，不急著升級。,70.61,,,HIGH,高流動性,7.01,23119.0,315574350.00000006,0.0,🟡 普通,50（🟡 普通）,,籌碼普通或資料有限，需搭配技術面確認。,1,部分籌碼資料有限,📉 低信心,,,創業家,0.0,0.0,0.0,0.0,0.0,1,0.0,0.0,0.0,0.0,0,TPEX,⚪ 盤整觀望（等待方向）,中低,先觀察，不急進場；等突破、量能或均線方向出現。,2026-05-09 00:25:55,behavior_interpretation,,,,,,,,,,,,,,,,,,,,,,,,,,,,,,,,,,,,,,,,,,,,,,,,,,,,,,,,,,,,,,,,,,,,MA5：依試單節奏判斷,MA20：依試單節奏判斷,,,,,MA10：依試單節奏判斷,MA5：依試單節奏判斷,MA10：依試單節奏判斷,MA20：依試單節奏判斷,突破確認K,整理後轉強,整理後轉強,MA5：依試單節奏判斷｜MA10：依試單節奏判斷｜MA20：依試單節奏判斷｜K棒：突破確認K｜K線：整理後轉強,K棒型態：突破確認K｜K線結構：整理後轉強,依原策略執行，技術欄位用於確認節奏與風險。,10.0,A,起漲結構強,20D站上MA20｜MA5站上MA10｜接近20日高｜40D平台收斂｜短中均線糾結｜40D低點守住｜接近/站回MA60｜MA60不再下彎｜站回60D區間中上｜近5日量縮｜扣分:長上影壓力,平台壓縮後轉強，可優先觀察起漲/試單。,v266.57.9,8.2,A,續強品質強,回檔不破前低｜低點墊高確認｜收盤守MA5｜續強確認：收盤未跌破MA5｜回檔量縮｜MA5仍在MA10上｜仍站MA20｜扣分:長上影壓力,回檔承接尚可，若原策略入選，可優先觀察延續。,v266.57.9,-1.4,D,突破不足,短均多頭｜扣分:收盤位置偏弱、上影偏長,尚未形成乾淨突破，不急著升級。,v266.57.9,GENERIC,0.55,0.5,0.5,8.9,352.0,最後後處理補寫：原分數+結構前置+續強品質+突破品質；不覆蓋原策略,一般,7.298,v266.58.1,2026-05-09 00:25:47,觀察,否,,觀察,0,0,持續觀察,前狀態:nan→今日:觀察,NO,v266.60.2,7.298,30.0,0.0,0.0,15.0,6.55,457.0,20/40/60結構佳｜續強品質佳｜主力佈局語意｜風險語意扣分,過熱降權,v266.61,2026-05-09 00:25:50,-4.0,洗盤不破承接｜假突破/出貨風險扣分,無事件,等待下一次確認。,3.909,446,v266.62,2026-05-09 00:25:51,0.0,,NONE,273,-43,AVOID_CHASE,平台收斂｜過熱扣分｜風險文字,524
WATCH,2026-05-08,2026-05-11,8917,欣泰,ENTRY,PRE,PRE,54.0,WAIT,BLOCK,False,53.6,0.0,0.0,8,波動壓縮 | 均線收斂 | 接近突破 | 結構尚可,BLOCK：超出本市場狀態可執行名額｜v266.57.9：結構：平台壓縮後轉強，可優先觀察起漲/試單。｜續強：回檔承接尚可，若原策略入選，可優先觀察延續。｜突破：尚未形成乾淨突破，不急著升級。,72.28,,,HIGH,高流動性,10.09,18386.0,985489600.0,4.0,🔥 高度集中,84（🔥 高度集中）,法人偏多,籌碼偏集中但資料有限，可搭配技術面確認，不宜單獨重倉。,1,部分籌碼資料有限,📉 低信心,,,欣泰,16000.0,16000.0,0.0,32000.0,1.0,1,0.0,0.0,0.0,0.0,0,TPEX,⚪ 盤整觀望（等待方向）,中低,先觀察，不急進場；等突破、量能或均線方向出現。,2026-05-09 00:25:55,behavior_interpretation,,,,,,,,,,,,,,,,,,,,,,,,,,,,,,,,,,,,,,,,,,,,,,,,,,,,,,,,,,,,,,,,,,,,MA5：依試單節奏判斷,MA20：依試單節奏判斷,,,,,MA10：依試單節奏判斷,MA5：依試單節奏判斷,MA10：依試單節奏判斷,MA20：依試單節奏判斷,突破確認K,整理後轉強,整理後轉強,MA5：依試單節奏判斷｜MA10：依試單節奏判斷｜MA20：依試單節奏判斷｜K棒：突破確認K｜K線：整理後轉強,K棒型態：突破確認K｜K線結構：整理後轉強,依原策略執行，技術欄位用於確認節奏與風險。,8.8,A,起漲結構強,20D站上MA20｜MA20走平翻揚｜MA5站上MA10｜接近20日高｜40D平台收斂｜短中均線糾結｜40D低點守住｜接近/站回MA60｜10D動能轉正｜扣分:長上影壓力,平台壓縮後轉強，可優先觀察起漲/試單。,v266.57.9,9.2,A,續強品質強,回檔不破前低｜低點墊高確認｜收盤守MA5｜續強確認：收盤未跌破MA5｜回檔量縮｜MA5仍在MA10上｜仍站MA20｜10D動能維持｜扣分:長上影壓力,回檔承接尚可，若原策略入選，可優先觀察延續。,v266.57.9,-1.4,D,突破不足,短均多頭｜扣分:收盤位置偏弱、上影偏長,尚未形成乾淨突破，不急著升級。,v266.57.9,GENERIC,0.55,0.5,0.5,8.74,360.0,最後後處理補寫：原分數+結構前置+續強品質+突破品質；不覆蓋原策略,一般,7.887,v266.58.1,2026-05-09 00:25:47,觀察,否,,觀察,0,0,持續觀察,前狀態:nan→今日:觀察,NO,v266.60.2,7.887,30.0,0.0,0.0,15.0,6.609,453.0,20/40/60結構佳｜續強品質佳｜主力佈局語意｜風險語意扣分,過熱降權,v266.61,2026-05-09 00:25:50,-4.0,洗盤不破承接｜假突破/出貨風險扣分,無事件,等待下一次確認。,4.321,440,v266.62,2026-05-09 00:25:51,0.0,,NONE,279,-43,AVOID_CHASE,平台收斂｜過熱扣分｜風險文字,525
WATCH,2026-05-08,2026-05-11,6753,龍德造船,ENTRY,PRE,PRE,50.0,WAIT,BLOCK,False,145.0,0.0,0.0,8,均線收斂 | 放量吸收 | 接近突破 | 結構尚可,BLOCK：超出本市場狀態可執行名額｜v266.57.9：結構：平台壓縮後轉強，可優先觀察起漲/試單。｜續強：回檔承接尚可，若原策略入選，可優先觀察延續。｜突破：尚未形成乾淨突破，不急著升級。,103.14,,,HIGH,高流動性,81.83,3707074.0,537525730000.0,0.0,⚠️ 分散,25（⚠️ 分散）,,籌碼偏弱且資料有限，避免重倉追高。,1,部分籌碼資料有限,📉 低信心,,,,-51000.0,0.0,6626.0,-44374.0,0.0,1,0.0,0.0,0.0,0.0,0,TWSE,⚪ 盤整觀望（等待方向）,中低,先觀察，不急進場；等突破、量能或均線方向出現。,2026-05-09 00:25:55,behavior_interpretation,,,,,,,,,,,,,,,,,,,,,,,,,,,,,,,,,,,,,,,,,,,,,,,,,,,,,,,,,,,,,,,,,,,,MA5：依試單節奏判斷,MA20：依試單節奏判斷,,,,,MA10：依試單節奏判斷,MA5：依試單節奏判斷,MA10：依試單節奏判斷,MA20：依試單節奏判斷,突破確認K,整理後轉強,整理後轉強,MA5：依試單節奏判斷｜MA10：依試單節奏判斷｜MA20：依試單節奏判斷｜K棒：突破確認K｜K線：整理後轉強,K棒型態：突破確認K｜K線結構：整理後轉強,依原策略執行，技術欄位用於確認節奏與風險。,9.6,A,起漲結構強,20D站上MA20｜MA20走平翻揚｜接近20日高｜40D平台收斂｜短中均線糾結｜40D低點守住｜接近/站回MA60｜站回60D區間中上｜5D動能轉正｜10D動能轉正｜扣分:長上影壓力,平台壓縮後轉強，可優先觀察起漲/試單。,v266.57.9,8.0,A,續強品質強,回檔不破前低｜低點墊高確認｜收盤守MA5｜續強確認：收盤未跌破MA5｜回檔量縮｜仍站MA20｜10D動能維持｜扣分:長上影壓力,回檔承接尚可，若原策略入選，可優先觀察延續。,v266.57.9,1.0,D,突破不足,紅K實體放大｜突破近5日高｜MA5加速上彎｜扣分:收盤位置偏弱、單日量能過猛、上影偏長,尚未形成乾淨突破，不急著升級。,v266.57.9,GENERIC,0.55,0.5,0.5,9.78,294.0,最後後處理補寫：原分數+結構前置+續強品質+突破品質；不覆蓋原策略,一般,8.02,v266.58.1,2026-05-09 00:25:47,觀察,否,,觀察,0,0,持續觀察,前狀態:nan→今日:觀察,NO,v266.60.2,8.02,30.0,0.0,0.0,15.0,6.502,461.0,20/40/60結構佳｜續強品質佳｜主力佈局語意｜風險語意扣分,過熱降權,v266.61,2026-05-09 00:25:50,-4.0,洗盤不破承接｜假突破/出貨風險扣分,無事件,等待下一次確認。,4.414,435,v266.62,2026-05-09 00:25:51,0.0,,NONE,270,-43,AVOID_CHASE,平台收斂｜過熱扣分｜風險文字,526
TEST,2026-05-08,2026-05-11,1612,宏泰,ENTRY,PRE,PRE,86.0,WAIT,BLOCK,False,36.7,0.0,0.0,3,波動壓縮 | 安靜吸籌 | 均線收斂 | 放量吸收 | 接近突破 | 結構尚可,BLOCK：超出本市場狀態可執行名額｜大盤中性 ：BUY 降級 TEST，控制追高｜v266.57.9：結構：平台壓縮後轉強，可優先觀察起漲/試單。｜續強：回檔承接尚可，若原策略入選，可優先觀察延續。｜突破：尚未形成乾淨突破，不急著升級。,115.78,,,HIGH,高流動性,63.08,1257492.0,46149956400.00001,4.0,🔥 高度集中,85（🔥 高度集中）,法人偏多,籌碼偏集中但資料有限，可搭配技術面確認，不宜單獨重倉。,1,部分籌碼資料有限,📉 低信心,,,宏泰,-75000.0,250000.0,0.0,175000.0,1.0,1,0.0,0.0,0.0,0.0,0,TWSE,🟡 洗盤吸籌／整理換手（結構未壞）,中高,不急追；等放量突破或站穩 MA10 / MA20 再提高權重。,2026-05-09 00:25:55,behavior_interpretation,,,,,,,,,,,,,,,,,,,,,,,,,,,,,,,,,,,,,,,,,,,,,,,,,,,,,,,,,,,,,,,,,,,,MA5：依試單節奏判斷,MA20：依試單節奏判斷,,,,,MA10：依試單節奏判斷,MA5：依試單節奏判斷,MA10：依試單節奏判斷,MA20：依試單節奏判斷,突破確認K,整理後轉強,整理後轉強,MA5：依試單節奏判斷｜MA10：依試單節奏判斷｜MA20：依試單節奏判斷｜K棒：突破確認K｜K線：整理後轉強,K棒型態：突破確認K｜K線結構：整理後轉強,依原策略執行，技術欄位用於確認節奏與風險。,12.0,A,起漲結構強,20D站上MA20｜MA20走平翻揚｜MA5站上MA10｜接近20日高｜40D平台收斂｜短中均線糾結｜40D低點守住｜接近/站回MA60｜站回60D區間中上｜量縮後溫和放量｜5D動能轉正｜10D動能轉正,平台壓縮後轉強，可優先觀察起漲/試單。,v266.57.9,8.7,A,續強品質強,回檔不破前低｜低點墊高確認｜收盤守MA5｜續強確認：收盤未跌破MA5｜MA5仍在MA10上｜仍站MA20｜10D動能維持,回檔承接尚可，若原策略入選，可優先觀察延續。,v266.57.9,-0.2,D,突破不足,短均多頭｜扣分:收盤位置偏弱,尚未形成乾淨突破，不急著升級。,v266.57.9,GENERIC,0.55,0.5,0.5,10.85,204.0,最後後處理補寫：原分數+結構前置+續強品質+突破品質；不覆蓋原策略,一般,9.617,v266.58.1,2026-05-09 00:25:47,觀察,否,,觀察,0,0,持續觀察,前狀態:nan→今日:觀察,NO,v266.60.2,9.617,30.0,0.0,0.0,0.0,14.042,104.0,20/40/60結構佳｜續強品質佳｜主力佈局語意,主力佈局優先,v266.61,2026-05-09 00:25:50,8.0,洗盤不破承接,無事件,等待下一次確認。,9.132,179,v266.62,2026-05-09 00:25:51,0.0,,NONE,314,-43,AVOID_CHASE,平台收斂｜過熱扣分｜風險文字,527
TEST,2026-05-08,2026-05-11,1341,富林-KY,ENTRY,PRE,PRE,86.0,WAIT,BLOCK,False,62.1,0.0,0.0,3,波動壓縮 | 安靜吸籌 | 均線收斂 | 放量吸收 | 接近突破 | 結構尚可,BLOCK：超出本市場狀態可執行名額｜大盤中性 ：BUY 降級 TEST，控制追高｜v266.57.9：結構：平台壓縮後轉強，可優先觀察起漲/試單。｜續強：回檔承接尚可，若原策略入選，可優先觀察延續。｜突破：有轉強跡象，但突破品質尚未完全成立。,92.12,,,HIGH,高流動性,14.3,28404.0,1763888400.0000002,0.0,🟡 普通,41（🟡 普通）,,籌碼普通或資料有限，需搭配技術面確認。,1,部分籌碼資料有限,📉 低信心,,,富林-KY,-2000.0,0.0,0.0,-2000.0,0.0,1,0.0,0.0,0.0,0.0,0,TWSE,🟡 洗盤吸籌／整理換手（結構未壞）,中高,不急追；等放量突破或站穩 MA10 / MA20 再提高權重。,2026-05-09 00:25:55,behavior_interpretation,,,,,,,,,,,,,,,,,,,,,,,,,,,,,,,,,,,,,,,,,,,,,,,,,,,,,,,,,,,,,,,,,,,,MA5：依試單節奏判斷,MA20：依試單節奏判斷,,,,,MA10：依試單節奏判斷,MA5：依試單節奏判斷,MA10：依試單節奏判斷,MA20：依試單節奏判斷,突破確認K,整理後轉強,整理後轉強,MA5：依試單節奏判斷｜MA10：依試單節奏判斷｜MA20：依試單節奏判斷｜K棒：突破確認K｜K線：整理後轉強,K棒型態：突破確認K｜K線結構：整理後轉強,依原策略執行，技術欄位用於確認節奏與風險。,12.0,A,起漲結構強,20D站上MA20｜MA20走平翻揚｜MA5站上MA10｜接近20日高｜40D平台收斂｜短中均線糾結｜40D低點守住｜接近/站回MA60｜MA60不再下彎｜站回60D區間中上｜5D動能轉正｜10D動能轉正,平台壓縮後轉強，可優先觀察起漲/試單。,v266.57.9,8.7,A,續強品質強,回檔不破前低｜低點墊高確認｜收盤守MA5｜續強確認：收盤未跌破MA5｜MA5仍在MA10上｜仍站MA20｜10D動能維持,回檔承接尚可，若原策略入選，可優先觀察延續。,v266.57.9,2.5,C,突破觀察,量能較前日放大｜突破近5日高｜短均多頭｜扣分:收盤位置偏弱,有轉強跡象，但突破品質尚未完全成立。,v266.57.9,GENERIC,0.55,0.5,0.5,12.2,127.0,最後後處理補寫：原分數+結構前置+續強品質+突破品質；不覆蓋原策略,一般,10.004,v266.58.1,2026-05-09 00:25:47,觀察,否,,觀察,0,0,持續觀察,前狀態:nan→今日:觀察,NO,v266.60.2,10.004,30.0,0.0,0.0,0.0,14.08,100.0,20/40/60結構佳｜續強品質佳｜主力佈局語意,主力佈局優先,v266.61,2026-05-09 00:25:50,8.0,洗盤不破承接,無事件,等待下一次確認。,9.403,160,v266.62,2026-05-09 00:25:51,0.0,,NONE,333,-43,AVOID_CHASE,平台收斂｜過熱扣分｜風險文字,528
TEST,2026-05-08,2026-05-11,3025,星通,ENTRY,PRE,PRE,66.0,WAIT,BLOCK,False,63.3,0.0,0.0,3,波動壓縮 | 安靜吸籌 | 均線收斂 | 接近突破,BLOCK：超出本市場狀態可執行名額｜v266.57.9：結構：平台壓縮後轉強，可優先觀察起漲/試單。｜續強：回檔承接尚可，若原策略入選，可優先觀察延續。｜突破：尚未形成乾淨突破，不急著升級。,104.98,,,HIGH,高流動性,64.25,1119876.0,70888150800.0,4.0,🟢 偏集中,72（🟢 偏集中）,法人偏多,籌碼偏集中但資料有限，可搭配技術面確認，不宜單獨重倉。,1,部分籌碼資料有限,📉 低信心,,,,28000.0,0.0,0.0,28000.0,1.0,1,0.0,0.0,0.0,0.0,0,TWSE,🟡 洗盤吸籌／整理換手（結構未壞）,中高,不急追；等放量突破或站穩 MA10 / MA20 再提高權重。,2026-05-09 00:25:55,behavior_interpretation,,,,,,,,,,,,,,,,,,,,,,,,,,,,,,,,,,,,,,,,,,,,,,,,,,,,,,,,,,,,,,,,,,,,MA5：依試單節奏判斷,MA20：依試單節奏判斷,,,,,MA10：依試單節奏判斷,MA5：依試單節奏判斷,MA10：依試單節奏判斷,MA20：依試單節奏判斷,突破確認K,整理後轉強,整理後轉強,MA5：依試單節奏判斷｜MA10：依試單節奏判斷｜MA20：依試單節奏判斷｜K棒：突破確認K｜K線：整理後轉強,K棒型態：突破確認K｜K線結構：整理後轉強,依原策略執行，技術欄位用於確認節奏與風險。,9.8,A,起漲結構強,20D站上MA20｜MA20走平翻揚｜MA5站上MA10｜40D平台收斂｜短中均線糾結｜40D低點守住｜接近/站回MA60｜量縮後溫和放量｜5D動能轉正｜扣分:長上影壓力,平台壓縮後轉強，可優先觀察起漲/試單。,v266.57.9,8.2,A,續強品質強,回檔不破前低｜低點墊高確認｜收盤守MA5｜續強確認：收盤未跌破MA5｜回檔量縮｜MA5仍在MA10上｜仍站MA20｜扣分:長上影壓力,回檔承接尚可，若原策略入選，可優先觀察延續。,v266.57.9,-1.4,D,突破不足,短均多頭｜扣分:收盤位置偏弱、上影偏長,尚未形成乾淨突破，不急著升級。,v266.57.9,GENERIC,0.55,0.5,0.5,8.79,356.0,最後後處理補寫：原分數+結構前置+續強品質+突破品質；不覆蓋原策略,一般,7.928,v266.58.1,2026-05-09 00:25:47,觀察,否,,觀察,0,0,持續觀察,前狀態:nan→今日:觀察,NO,v266.60.2,7.928,30.0,0.0,0.0,15.0,6.973,438.0,20/40/60結構佳｜續強品質佳｜主力佈局語意｜風險語意扣分,過熱降權,v266.61,2026-05-09 00:25:50,-4.0,洗盤不破承接｜假突破/出貨風險扣分,無事件,等待下一次確認。,4.35,437,v266.62,2026-05-09 00:25:51,0.0,,NONE,282,-43,AVOID_CHASE,平台收斂｜過熱扣分｜風險文字,529
TEST,2026-05-08,2026-05-11,2353,宏碁,ENTRY,PRE,PRE,72.0,WAIT,BLOCK,False,27.8,0.0,0.0,3,波動壓縮 | 安靜吸籌 | 均線收斂 | 接近突破 | 結構尚可,BLOCK：超出本市場狀態可執行名額｜v266.57.9：結構：平台壓縮後轉強，可優先觀察起漲/試單。｜續強：回檔承接尚可，若原策略入選，可優先觀察延續。｜突破：尚未形成乾淨突破，不急著升級。,118.66,,,HIGH,高流動性,91.59,29518900.0,820625420000.0,4.0,🟢 偏集中,65（🟢 偏集中）,法人偏多,籌碼偏集中但資料有限，可搭配技術面確認，不宜單獨重倉。,1,部分籌碼資料有限,📉 低信心,,,宏碁,2575000.0,-1869369.0,174086.0,879717.0,1.0,1,0.0,0.0,0.0,0.0,0,TWSE,🟡 洗盤吸籌／整理換手（結構未壞）,中高,不急追；等放量突破或站穩 MA10 / MA20 再提高權重。,2026-05-09 00:25:55,behavior_interpretation,,,,,,,,,,,,,,,,,,,,,,,,,,,,,,,,,,,,,,,,,,,,,,,,,,,,,,,,,,,,,,,,,,,,MA5：依試單節奏判斷,MA20：依試單節奏判斷,,,,,MA10：依試單節奏判斷,MA5：依試單節奏判斷,MA10：依試單節奏判斷,MA20：依試單節奏判斷,突破確認K,整理後轉強,整理後轉強,MA5：依試單節奏判斷｜MA10：依試單節奏判斷｜MA20：依試單節奏判斷｜K棒：突破確認K｜K線：整理後轉強,K棒型態：突破確認K｜K線結構：整理後轉強,依原策略執行，技術欄位用於確認節奏與風險。,11.8,A,起漲結構強,20D站上MA20｜MA20走平翻揚｜MA5站上MA10｜40D平台收斂｜短中均線糾結｜40D低點守住｜接近/站回MA60｜MA60不再下彎｜站回60D區間中上｜量縮後溫和放量｜5D動能轉正｜扣分:長上影壓力,平台壓縮後轉強，可優先觀察起漲/試單。,v266.57.9,8.2,A,續強品質強,回檔不破前低｜低點墊高確認｜收盤守MA5｜續強確認：收盤未跌破MA5｜回檔量縮｜MA5仍在MA10上｜仍站MA20｜扣分:長上影壓力,回檔承接尚可，若原策略入選，可優先觀察延續。,v266.57.9,-0.2,D,突破不足,量能較前日放大｜短均多頭｜扣分:收盤位置偏弱、上影偏長,尚未形成乾淨突破，不急著升級。,v266.57.9,GENERIC,0.55,0.5,0.5,10.49,243.0,最後後處理補寫：原分數+結構前置+續強品質+突破品質；不覆蓋原策略,一般,9.322,v266.58.1,2026-05-09 00:25:47,觀察,否,,觀察,0,0,持續觀察,前狀態:nan→今日:觀察,NO,v266.60.2,9.322,30.0,0.0,0.0,15.0,7.292,426.0,20/40/60結構佳｜續強品質佳｜主力佈局語意｜風險語意扣分,過熱降權,v266.61,2026-05-09 00:25:50,-4.0,洗盤不破承接｜假突破/出貨風險扣分,無事件,等待下一次確認。,5.325,421,v266.62,2026-05-09 00:25:51,0.0,,NONE,256,-43,AVOID_CHASE,平台收斂｜過熱扣分｜風險文字,530
TEST,2026-05-08,2026-05-11,2762,世界健身-KY,ENTRY,PRE,PRE,86.0,WAIT,BLOCK,False,74.0,0.0,0.0,3,波動壓縮 | 安靜吸籌 | 均線收斂 | 放量吸收 | 接近突破 | 結構尚可,BLOCK：超出本市場狀態可執行名額｜大盤中性 ：BUY 降級 TEST，控制追高｜v266.57.9：結構：平台壓縮後轉強，可優先觀察起漲/試單。｜續強：回檔承接尚可，若原策略入選，可優先觀察延續。｜突破：有轉強跡象，但突破品質尚未完全成立。,104.06,,,HIGH,高流動性,39.2,181448.0,13427152000.0,0.0,⚠️ 分散,31（⚠️ 分散）,,籌碼普通或資料有限，需搭配技術面確認。,1,部分籌碼資料有限,📉 低信心,,,世界健身-KY,-22000.0,0.0,0.0,-22000.0,0.0,1,0.0,0.0,0.0,0.0,0,TWSE,🟡 洗盤吸籌／整理換手（結構未壞）,中高,不急追；等放量突破或站穩 MA10 / MA20 再提高權重。,2026-05-09 00:25:55,behavior_interpretation,,,,,,,,,,,,,,,,,,,,,,,,,,,,,,,,,,,,,,,,,,,,,,,,,,,,,,,,,,,,,,,,,,,,MA5：依試單節奏判斷,MA20：依試單節奏判斷,,,,,MA10：依試單節奏判斷,MA5：依試單節奏判斷,MA10：依試單節奏判斷,MA20：依試單節奏判斷,突破確認K,整理後轉強,整理後轉強,MA5：依試單節奏判斷｜MA10：依試單節奏判斷｜MA20：依試單節奏判斷｜K棒：突破確認K｜K線：整理後轉強,K棒型態：突破確認K｜K線結構：整理後轉強,依原策略執行，技術欄位用於確認節奏與風險。,11.6,A,起漲結構強,20D站上MA20｜MA20走平翻揚｜MA5站上MA10｜接近20日高｜40D平台收斂｜短中均線糾結｜40D低點守住｜接近/站回MA60｜MA60不再下彎｜5D動能轉正｜10D動能轉正,平台壓縮後轉強，可優先觀察起漲/試單。,v266.57.9,8.7,A,續強品質強,回檔不破前低｜低點墊高確認｜收盤守MA5｜續強確認：收盤未跌破MA5｜MA5仍在MA10上｜仍站MA20｜10D動能維持,回檔承接尚可，若原策略入選，可優先觀察延續。,v266.57.9,2.5,C,突破觀察,量能較前日放大｜突破近5日高｜短均多頭｜扣分:收盤位置偏弱,有轉強跡象，但突破品質尚未完全成立。,v266.57.9,GENERIC,0.55,0.5,0.5,11.98,145.0,最後後處理補寫：原分數+結構前置+續強品質+突破品質；不覆蓋原策略,一般,9.824,v266.58.1,2026-05-09 00:25:47,觀察,否,,觀察,0,0,持續觀察,前狀態:nan→今日:觀察,NO,v266.60.2,9.824,30.0,0.0,0.0,0.0,14.062,102.0,20/40/60結構佳｜續強品質佳｜主力佈局語意,主力佈局優先,v266.61,2026-05-09 00:25:50,8.0,洗盤不破承接,無事件,等待下一次確認。,9.277,173,v266.62,2026-05-09 00:25:51,0.0,,NONE,461,-43,AVOID_CHASE,平台收斂｜過熱扣分｜風險文字,531
WATCH,2026-05-08,2026-05-11,4987,科誠,ENTRY,PRE,PRE,54.0,WAIT,BLOCK,False,81.5,0.0,0.0,8,波動壓縮 | 均線收斂 | 接近突破 | 結構尚可,BLOCK：超出本市場狀態可執行名額｜v266.57.9：結構：平台壓縮後轉強，可優先觀察起漲/試單。｜續強：回檔承接尚可，若原策略入選，可優先觀察延續。｜突破：尚未形成乾淨突破，不急著升級。,69.86,,,HIGH,高流動性,7.06,9510.0,775065000.0,0.0,🟡 普通,50（🟡 普通）,,籌碼普通或資料有限，需搭配技術面確認。,0,法人/融資資料有限,📉 低信心,,,科誠,0.0,0.0,0.0,0.0,0.0,0,0.0,0.0,0.0,0.0,0,,⚪ 盤整觀望（等待方向）,中低,先觀察，不急進場；等突破、量能或均線方向出現。,2026-05-09 00:25:55,behavior_interpretation,,,,,,,,,,,,,,,,,,,,,,,,,,,,,,,,,,,,,,,,,,,,,,,,,,,,,,,,,,,,,,,,,,,,MA5：依試單節奏判斷,MA20：依試單節奏判斷,,,,,MA10：依試單節奏判斷,MA5：依試單節奏判斷,MA10：依試單節奏判斷,MA20：依試單節奏判斷,突破確認K,整理後轉強,整理後轉強,MA5：依試單節奏判斷｜MA10：依試單節奏判斷｜MA20：依試單節奏判斷｜K棒：突破確認K｜K線：整理後轉強,K棒型態：突破確認K｜K線結構：整理後轉強,依原策略執行，技術欄位用於確認節奏與風險。,11.8,A,起漲結構強,20D站上MA20｜MA20走平翻揚｜MA5站上MA10｜接近20日高｜40D平台收斂｜短中均線糾結｜40D低點守住｜接近/站回MA60｜MA60不再下彎｜站回60D區間中上｜近5日量縮｜10D動能轉正｜扣分:長上影壓力,平台壓縮後轉強，可優先觀察起漲/試單。,v266.57.9,9.2,A,續強品質強,回檔不破前低｜低點墊高確認｜收盤守MA5｜續強確認：收盤未跌破MA5｜回檔量縮｜MA5仍在MA10上｜仍站MA20｜10D動能維持｜扣分:長上影壓力,回檔承接尚可，若原策略入選，可優先觀察延續。,v266.57.9,0.1,D,突破不足,突破近5日高｜短均多頭｜扣分:收盤位置偏弱、上影偏長,尚未形成乾淨突破，不急著升級。,v266.57.9,GENERIC,0.55,0.5,0.5,11.14,189.0,最後後處理補寫：原分數+結構前置+續強品質+突破品質；不覆蓋原策略,一般,9.135,v266.58.1,2026-05-09 00:25:47,觀察,否,,觀察,0,0,持續觀察,前狀態:nan→今日:觀察,NO,v266.60.2,9.135,30.0,0.0,0.0,15.0,6.733,445.0,20/40/60結構佳｜續強品質佳｜主力佈局語意｜風險語意扣分,過熱降權,v266.61,2026-05-09 00:25:50,-4.0,洗盤不破承接｜假突破/出貨風險扣分,無事件,等待下一次確認。,5.194,422,v266.62,2026-05-09 00:25:51,0.0,,NONE,241,-43,AVOID_CHASE,平台收斂｜過熱扣分｜風險文字,532
WATCH,2026-05-08,2026-05-11,5478,智冠,ENTRY,PRE,PRE,54.0,WAIT,BLOCK,False,96.3,0.0,0.0,8,波動壓縮 | 均線收斂 | 接近突破 | 結構尚可,BLOCK：超出本市場狀態可執行名額｜v266.57.9：結構：結構證據不足，保留原策略但降低信心。｜續強：回檔承接尚可，若原策略入選，可優先觀察延續。｜突破：有轉強跡象，但突破品質尚未完全成立。,83.49,,,HIGH,高流動性,33.38,106099.0,10217333700.0,-2.0,🟢 偏集中,66（🟢 偏集中）,法人偏多｜籌碼風險,籌碼偏集中但資料有限，可搭配技術面確認，不宜單獨重倉。,1,部分籌碼資料有限,📉 低信心,,,智冠,3032.0,2000.0,-1032.0,4000.0,1.0,1,0.0,0.0,0.0,0.0,0,TPEX,⚪ 盤整觀望（等待方向）,中低,先觀察，不急進場；等突破、量能或均線方向出現。,2026-05-09 00:25:55,behavior_interpretation,,,,,,,,,,,,,,,,,,,,,,,,,,,,,,,,,,,,,,,,,,,,,,,,,,,,,,,,,,,,,,,,,,,,MA5：依試單節奏判斷,MA20：依試單節奏判斷,,,,,MA10：依試單節奏判斷,MA5：依試單節奏判斷,MA10：依試單節奏判斷,MA20：依試單節奏判斷,突破確認K,整理後轉強,整理後轉強,MA5：依試單節奏判斷｜MA10：依試單節奏判斷｜MA20：依試單節奏判斷｜K棒：突破確認K｜K線：整理後轉強,K棒型態：突破確認K｜K線結構：整理後轉強,依原策略執行，技術欄位用於確認節奏與風險。,5.0,C,結構觀察,MA5站上MA10｜40D平台收斂｜短中均線糾結｜40D低點守住,結構證據不足，保留原策略但降低信心。,v266.57.9,8.2,A,續強品質強,回檔不破前低｜低點墊高確認｜收盤守MA5｜續強確認：收盤未跌破MA5｜回檔量縮｜MA5仍在MA10上,回檔承接尚可，若原策略入選，可優先觀察延續。,v266.57.9,3.8,C,突破觀察,收盤接近高點｜突破近5日高｜短均多頭,有轉強跡象，但突破品質尚未完全成立。,v266.57.9,GENERIC,0.55,0.5,0.5,8.75,359.0,最後後處理補寫：原分數+結構前置+續強品質+突破品質；不覆蓋原策略,一般,6.815,v266.58.1,2026-05-09 00:25:47,觀察,否,,觀察,0,0,持續觀察,前狀態:nan→今日:觀察,NO,v266.60.2,6.815,8.0,0.0,0.0,15.0,-1.199,517.0,續強品質佳｜風險語意扣分,過熱降權,v266.61,2026-05-09 00:25:50,-4.0,洗盤不破承接｜假突破/出貨風險扣分,無事件,等待下一次確認。,3.57,455,v266.62,2026-05-09 00:25:51,0.0,,NONE,264,-43,AVOID_CHASE,平台收斂｜過熱扣分｜風險文字,533
WATCH,2026-05-08,2026-05-11,5543,桓鼎-KY,ENTRY,PRE,PRE,54.0,WAIT,BLOCK,False,29.3,0.0,0.0,8,波動壓縮 | 均線收斂 | 接近突破 | 結構尚可,BLOCK：超出本市場狀態可執行名額｜v266.57.9：結構：平台壓縮後轉強，可優先觀察起漲/試單。｜續強：回檔承接尚可，若原策略入選，可優先觀察延續。｜突破：尚未形成乾淨突破，不急著升級。,70.98,,,HIGH,高流動性,8.0,18108.0,530564400.0,0.0,🟡 普通,50（🟡 普通）,,籌碼普通或資料有限，需搭配技術面確認。,1,部分籌碼資料有限,📉 低信心,,,桓鼎-KY,0.0,0.0,0.0,0.0,0.0,1,0.0,0.0,0.0,0.0,0,TPEX,⚪ 盤整觀望（等待方向）,中低,先觀察，不急進場；等突破、量能或均線方向出現。,2026-05-09 00:25:55,behavior_interpretation,,,,,,,,,,,,,,,,,,,,,,,,,,,,,,,,,,,,,,,,,,,,,,,,,,,,,,,,,,,,,,,,,,,,MA5：依試單節奏判斷,MA20：依試單節奏判斷,,,,,MA10：依試單節奏判斷,MA5：依試單節奏判斷,MA10：依試單節奏判斷,MA20：依試單節奏判斷,突破確認K,整理後轉強,整理後轉強,MA5：依試單節奏判斷｜MA10：依試單節奏判斷｜MA20：依試單節奏判斷｜K棒：突破確認K｜K線：整理後轉強,K棒型態：突破確認K｜K線結構：整理後轉強,依原策略執行，技術欄位用於確認節奏與風險。,9.0,A,起漲結構強,20D站上MA20｜MA20走平翻揚｜MA5站上MA10｜40D平台收斂｜短中均線糾結｜40D低點守住｜接近/站回MA60｜站回60D區間中上｜近5日量縮｜扣分:長上影壓力,平台壓縮後轉強，可優先觀察起漲/試單。,v266.57.9,8.2,A,續強品質強,回檔不破前低｜低點墊高確認｜收盤守MA5｜續強確認：收盤未跌破MA5｜回檔量縮｜MA5仍在MA10上｜仍站MA20｜扣分:長上影壓力,回檔承接尚可，若原策略入選，可優先觀察延續。,v266.57.9,-1.4,D,突破不足,短均多頭｜扣分:收盤位置偏弱、上影偏長,尚未形成乾淨突破，不急著升級。,v266.57.9,GENERIC,0.55,0.5,0.5,8.35,389.0,最後後處理補寫：原分數+結構前置+續強品質+突破品質；不覆蓋原策略,一般,6.847,v266.58.1,2026-05-09 00:25:47,觀察,否,,觀察,0,0,持續觀察,前狀態:nan→今日:觀察,NO,v266.60.2,6.847,30.0,0.0,0.0,15.0,6.505,460.0,20/40/60結構佳｜續強品質佳｜主力佈局語意｜風險語意扣分,過熱降權,v266.61,2026-05-09 00:25:50,-4.0,洗盤不破承接｜假突破/出貨風險扣分,無事件,等待下一次確認。,3.593,454,v266.62,2026-05-09 00:25:51,0.0,,NONE,265,-43,AVOID_CHASE,平台收斂｜過熱扣分｜風險文字,534
WATCH,2026-05-08,2026-05-11,2471,資通,ENTRY,PRE,PRE,54.0,WAIT,BLOCK,False,53.1,0.0,0.0,8,波動壓縮 | 均線收斂 | 接近突破 | 結構尚可,BLOCK：超出本市場狀態可執行名額｜v266.57.9：結構：平台壓縮後轉強，可優先觀察起漲/試單。｜續強：回檔承接尚可，若原策略入選，可優先觀察延續。｜突破：尚未形成乾淨突破，不急著升級。,86.15,,,HIGH,高流動性,38.06,191080.0,10146348000.0,4.0,🟡 普通,59（🟡 普通）,法人偏多,籌碼普通或資料有限，需搭配技術面確認。,1,部分籌碼資料有限,📉 低信心,,,,2000.0,0.0,0.0,2000.0,1.0,1,0.0,0.0,0.0,0.0,0,TWSE,⚪ 盤整觀望（等待方向）,中低,先觀察，不急進場；等突破、量能或均線方向出現。,2026-05-09 00:25:55,behavior_interpretation,,,,,,,,,,,,,,,,,,,,,,,,,,,,,,,,,,,,,,,,,,,,,,,,,,,,,,,,,,,,,,,,,,,,MA5：依試單節奏判斷,MA20：依試單節奏判斷,,,,,MA10：依試單節奏判斷,MA5：依試單節奏判斷,MA10：依試單節奏判斷,MA20：依試單節奏判斷,突破確認K,整理後轉強,整理後轉強,MA5：依試單節奏判斷｜MA10：依試單節奏判斷｜MA20：依試單節奏判斷｜K棒：突破確認K｜K線：整理後轉強,K棒型態：突破確認K｜K線結構：整理後轉強,依原策略執行，技術欄位用於確認節奏與風險。,10.8,A,起漲結構強,20D站上MA20｜MA20走平翻揚｜MA5站上MA10｜接近20日高｜40D平台收斂｜短中均線糾結｜40D低點守住｜接近/站回MA60｜MA60不再下彎｜站回60D區間中上｜5D動能轉正｜扣分:長上影壓力,平台壓縮後轉強，可優先觀察起漲/試單。,v266.57.9,8.2,A,續強品質強,回檔不破前低｜低點墊高確認｜收盤守MA5｜續強確認：收盤未跌破MA5｜回檔量縮｜MA5仍在MA10上｜仍站MA20｜扣分:長上影壓力,回檔承接尚可，若原策略入選，可優先觀察延續。,v266.57.9,0.1,D,突破不足,紅K實體放大｜短均多頭｜扣分:收盤位置偏弱、上影偏長,尚未形成乾淨突破，不急著升級。,v266.57.9,GENERIC,0.55,0.5,0.5,10.09,272.0,最後後處理補寫：原分數+結構前置+續強品質+突破品質；不覆蓋原策略,一般,8.994,v266.58.1,2026-05-09 00:25:47,觀察,否,,觀察,0,0,持續觀察,前狀態:nan→今日:觀察,NO,v266.60.2,8.994,30.0,0.0,0.0,15.0,6.719,446.0,20/40/60結構佳｜續強品質佳｜主力佈局語意｜風險語意扣分,過熱降權,v266.61,2026-05-09 00:25:50,-4.0,洗盤不破承接｜假突破/出貨風險扣分,無事件,等待下一次確認。,5.096,424,v266.62,2026-05-09 00:25:51,0.0,,NONE,239,-43,AVOID_CHASE,平台收斂｜過熱扣分｜風險文字,535
WATCH,2026-05-08,2026-05-11,2404,漢唐,ENTRY,PRE,PRE,54.0,WAIT,BLOCK,False,1015.0,0.0,0.0,8,安靜吸籌 | 均線收斂 | 放量吸收 | 結構尚可,BLOCK：超出本市場狀態可執行名額｜v266.57.9：結構：平台壓縮後轉強，可優先觀察起漲/試單。｜續強：回檔承接尚可，若原策略入選，可優先觀察延續。｜突破：有轉強跡象，但突破品質尚未完全成立。,109.02,,,HIGH,高流動性,92.33,6940987.0,7045101805000.0,0.0,❌ 極度分散,15（❌ 極度分散）,,籌碼偏弱且資料有限，避免重倉追高。,1,部分籌碼資料有限,📉 低信心,,,,-210140.0,-337000.0,105744.0,-441396.0,0.0,1,0.0,0.0,0.0,0.0,0,TWSE,🟡 洗盤吸籌／整理換手（結構未壞）,中高,不急追；等放量突破或站穩 MA10 / MA20 再提高權重。,2026-05-09 00:25:55,behavior_interpretation,,,,,,,,,,,,,,,,,,,,,,,,,,,,,,,,,,,,,,,,,,,,,,,,,,,,,,,,,,,,,,,,,,,,MA5：依觀察節奏判斷,MA20：依觀察節奏判斷,,,,,MA10：依觀察節奏判斷,MA5：依觀察節奏判斷,MA10：依觀察節奏判斷,MA20：依觀察節奏判斷,整理觀察K,整理收斂,整理收斂,MA5：依觀察節奏判斷｜MA10：依觀察節奏判斷｜MA20：依觀察節奏判斷｜K棒：整理觀察K｜K線：整理收斂,K棒型態：整理觀察K｜K線結構：整理收斂,依原策略執行，技術欄位用於確認節奏與風險。,11.6,A,起漲結構強,20D站上MA20｜MA20走平翻揚｜接近20日高｜40D平台收斂｜短中均線糾結｜40D低點守住｜接近/站回MA60｜站回60D區間中上｜量縮後溫和放量｜5D動能轉正｜10D動能轉正｜扣分:長上影壓力,平台壓縮後轉強，可優先觀察起漲/試單。,v266.57.9,8.0,A,續強品質強,回檔不破前低｜低點墊高確認｜收盤守MA5｜續強確認：收盤未跌破MA5｜回檔量縮｜仍站MA20｜10D動能維持｜扣分:長上影壓力,回檔承接尚可，若原策略入選，可優先觀察延續。,v266.57.9,3.2,C,突破觀察,紅K實體放大｜量能較前日放大｜突破近5日高｜MA5加速上彎｜扣分:收盤位置偏弱、上影偏長,有轉強跡象，但突破品質尚未完全成立。,v266.57.9,GENERIC,0.55,0.5,0.5,11.98,145.0,最後後處理補寫：原分數+結構前置+續強品質+突破品質；不覆蓋原策略,一般,9.824,v266.58.1,2026-05-09 00:25:47,觀察,否,,觀察,0,0,持續觀察,前狀態:nan→今日:觀察,NO,v266.60.2,9.824,30.0,0.0,0.0,15.0,6.802,443.0,20/40/60結構佳｜續強品質佳｜主力佈局語意｜風險語意扣分,過熱降權,v266.61,2026-05-09 00:25:50,-4.0,洗盤不破承接｜假突破/出貨風險扣分,無事件,等待下一次確認。,5.677,416,v266.62,2026-05-09 00:25:51,0.0,,NONE,247,-43,AVOID_CHASE,平台收斂｜過熱扣分｜風險文字,536
TEST,2026-05-08,2026-05-11,1795,美時,ENTRY,PRE,PRE,80.0,WAIT,BLOCK,False,236.5,0.0,0.0,3,波動壓縮 | 安靜吸籌 | 均線收斂 | 放量吸收 | 接近突破,BLOCK：超出本市場狀態可執行名額｜大盤中性 ：BUY 降級 TEST，控制追高｜v266.57.9：結構：平台壓縮後轉強，可優先觀察起漲/試單。｜續強：回檔承接尚可，若原策略入選，可優先觀察延續。｜突破：尚未形成乾淨突破，不急著升級。,121.9,,,HIGH,高流動性,88.29,6067935.0,1435066627500.0,0.0,⚠️ 分散,26（⚠️ 分散）,,籌碼偏弱且資料有限，避免重倉追高。,1,部分籌碼資料有限,📉 低信心,,,,-46900.0,-1894.0,28787.0,-20007.0,0.0,1,0.0,0.0,0.0,0.0,0,TWSE,🟡 洗盤吸籌／整理換手（結構未壞）,中高,不急追；等放量突破或站穩 MA10 / MA20 再提高權重。,2026-05-09 00:25:55,behavior_interpretation,,,,,,,,,,,,,,,,,,,,,,,,,,,,,,,,,,,,,,,,,,,,,,,,,,,,,,,,,,,,,,,,,,,,MA5：依試單節奏判斷,MA20：依試單節奏判斷,,,,,MA10：依試單節奏判斷,MA5：依試單節奏判斷,MA10：依試單節奏判斷,MA20：依試單節奏判斷,突破確認K,整理後轉強,整理後轉強,MA5：依試單節奏判斷｜MA10：依試單節奏判斷｜MA20：依試單節奏判斷｜K棒：突破確認K｜K線：整理後轉強,K棒型態：突破確認K｜K線結構：整理後轉強,依原策略執行，技術欄位用於確認節奏與風險。,11.6,A,起漲結構強,20D站上MA20｜MA20走平翻揚｜MA5站上MA10｜接近20日高｜40D平台收斂｜短中均線糾結｜40D低點守住｜量縮後溫和放量｜5D動能轉正｜10D動能轉正,平台壓縮後轉強，可優先觀察起漲/試單。,v266.57.9,8.7,A,續強品質強,回檔不破前低｜低點墊高確認｜收盤守MA5｜續強確認：收盤未跌破MA5｜MA5仍在MA10上｜仍站MA20｜10D動能維持,回檔承接尚可，若原策略入選，可優先觀察延續。,v266.57.9,1.3,D,突破不足,量能較前日放大｜突破近5日高｜短均多頭｜扣分:收盤位置偏弱、上影偏長,尚未形成乾淨突破，不急著升級。,v266.57.9,GENERIC,0.55,0.5,0.5,11.38,172.0,最後後處理補寫：原分數+結構前置+續強品質+突破品質；不覆蓋原策略,一般,9.332,v266.58.1,2026-05-09 00:25:47,觀察,否,,觀察,0,0,持續觀察,前狀態:nan→今日:觀察,NO,v266.60.2,9.332,30.0,0.0,0.0,0.0,13.833,123.0,20/40/60結構佳｜續強品質佳｜主力佈局語意,主力佈局優先,v266.61,2026-05-09 00:25:50,8.0,洗盤不破承接,無事件,等待下一次確認。,8.932,202,v266.62,2026-05-09 00:25:51,0.0,,NONE,490,-43,AVOID_CHASE,平台收斂｜過熱扣分｜風險文字,537
TEST,2026-05-08,2026-05-11,6581,鋼聯,ENTRY,PRE,PRE,86.0,WAIT,BLOCK,False,110.0,0.0,0.0,3,波動壓縮 | 安靜吸籌 | 均線收斂 | 放量吸收 | 接近突破 | 結構尚可,BLOCK：超出本市場狀態可執行名額｜大盤中性 ：BUY 降級 TEST，控制追高｜v266.57.9：結構：平台壓縮後轉強，可優先觀察起漲/試單。｜續強：回檔承接尚可，若原策略入選，可優先觀察延續。｜突破：尚未形成乾淨突破，不急著升級。,95.3,,,HIGH,高流動性,21.52,41294.0,4542340000.0,4.0,🟡 普通,58（🟡 普通）,法人偏多,籌碼普通或資料有限，需搭配技術面確認。,1,部分籌碼資料有限,📉 低信心,,,鋼聯,1000.0,0.0,0.0,1000.0,1.0,1,0.0,0.0,0.0,0.0,0,TWSE,🟡 洗盤吸籌／整理換手（結構未壞）,中高,不急追；等放量突破或站穩 MA10 / MA20 再提高權重。,2026-05-09 00:25:55,behavior_interpretation,,,,,,,,,,,,,,,,,,,,,,,,,,,,,,,,,,,,,,,,,,,,,,,,,,,,,,,,,,,,,,,,,,,,MA5：依試單節奏判斷,MA20：依試單節奏判斷,,,,,MA10：依試單節奏判斷,MA5：依試單節奏判斷,MA10：依試單節奏判斷,MA20：依試單節奏判斷,突破確認K,整理後轉強,整理後轉強,MA5：依試單節奏判斷｜MA10：依試單節奏判斷｜MA20：依試單節奏判斷｜K棒：突破確認K｜K線：整理後轉強,K棒型態：突破確認K｜K線結構：整理後轉強,依原策略執行，技術欄位用於確認節奏與風險。,12.0,A,起漲結構強,20D站上MA20｜MA20走平翻揚｜MA5站上MA10｜接近20日高｜40D平台收斂｜短中均線糾結｜40D低點守住｜接近/站回MA60｜MA60不再下彎｜站回60D區間中上｜量縮後溫和放量｜5D動能轉正｜10D動能轉正,平台壓縮後轉強，可優先觀察起漲/試單。,v266.57.9,8.7,A,續強品質強,回檔不破前低｜低點墊高確認｜收盤守MA5｜續強確認：收盤未跌破MA5｜MA5仍在MA10上｜仍站MA20｜10D動能維持,回檔承接尚可，若原策略入選，可優先觀察延續。,v266.57.9,1.0,D,突破不足,量能較前日放大｜短均多頭｜扣分:收盤位置偏弱,尚未形成乾淨突破，不急著升級。,v266.57.9,GENERIC,0.55,0.5,0.5,11.45,166.0,最後後處理補寫：原分數+結構前置+續強品質+突破品質；不覆蓋原策略,一般,10.109,v266.58.1,2026-05-09 00:25:47,觀察,否,,觀察,0,0,持續觀察,前狀態:nan→今日:觀察,NO,v266.60.2,10.109,30.0,0.0,0.0,0.0,14.091,98.0,20/40/60結構佳｜續強品質佳｜主力佈局語意,主力佈局優先,v266.61,2026-05-09 00:25:50,8.0,洗盤不破承接,無事件,等待下一次確認。,9.476,154,v266.62,2026-05-09 00:25:51,0.0,,NONE,480,-43,AVOID_CHASE,平台收斂｜過熱扣分｜風險文字,538
