return,mdd,sharpe_daily
-9.992007221626409e-16,-9.992007221626409e-16,0.0
