stock_id,stock_name,action,final_action,state_today_v26660,state_rank_today_v26660,state_transition_score_v26660,state_transition_label_v26660,state_transition_reason_v26660,ignition_upgrade_flag_v26660,chip_score,chip_signal,chip_reason,state_adjusted_score_v26660,memory_updated_at
2330,台積電,WATCH,SELL,觀察,0,0,持續觀察,前狀態:nan→今日:觀察,NO,4.0,一般,法人偏多,80.063,2026-10-09 02:34:55
2409,友達,,SELL,出貨疑慮,-2,-15,降級風險,前狀態:nan→今日:出貨疑慮｜狀態降級,RISK,-6.0,籌碼風險,籌碼風險,-1.533,2026-10-09 02:34:55
6415,矽力*-KY,WATCH,EVOLUTION,試盤中,3,11,升級觀察,前狀態:nan→今日:試盤中｜狀態跳升｜狀態轉強,WATCH_UP,12.0,一般,爆量不跌｜法人偏多,96.128,2026-10-09 02:34:55
9945,潤泰新,WATCH,EVOLUTION,突破中,4,13,準IGNITION,前狀態:nan→今日:突破中｜狀態跳升｜具備點火條件,READY,13.0,一般,爆量不跌｜均線結構,95.388,2026-10-09 02:34:55
2103,台橡,WATCH,EVOLUTION,發動中,5,16,準IGNITION,前狀態:nan→今日:發動中｜狀態跳升｜具備點火條件,READY,17.0,主力吸籌,爆量不跌｜均線結構｜法人偏多,113.866,2026-10-09 02:34:55
2329,華泰,,EVOLUTION,試盤中,3,11,升級觀察,前狀態:nan→今日:試盤中｜狀態跳升｜狀態轉強,WATCH_UP,12.0,一般,爆量不跌｜法人偏多,18.023,2026-10-09 02:34:55
2355,敬鵬,TEST,EVOLUTION,發動中,5,16,準IGNITION,前狀態:nan→今日:發動中｜狀態跳升｜具備點火條件,READY,17.0,主力吸籌,爆量不跌｜均線結構｜法人偏多,112.378,2026-10-09 02:34:55
1313,聯成,TEST,EVOLUTION,發動中,5,16,準IGNITION,前狀態:nan→今日:發動中｜狀態跳升｜具備點火條件,READY,17.0,主力吸籌,爆量不跌｜均線結構｜法人偏多,109.385,2026-10-09 02:34:55
1303,南亞,WATCH,EVOLUTION,突破中,4,13,準IGNITION,前狀態:nan→今日:突破中｜狀態跳升｜具備點火條件,READY,5.0,一般,均線結構,98.426,2026-10-09 02:34:55
4958,臻鼎-KY,WATCH,EVOLUTION,突破中,4,13,準IGNITION,前狀態:nan→今日:突破中｜狀態跳升｜具備點火條件,READY,9.0,一般,均線結構｜法人偏多,88.67,2026-10-09 02:34:55
1326,台化,TEST,EVOLUTION,突破中,4,13,準IGNITION,前狀態:nan→今日:突破中｜狀態跳升｜具備點火條件,READY,17.0,主力吸籌,爆量不跌｜均線結構｜法人偏多,113.513,2026-10-09 02:34:55
6257,矽格,WATCH,EVOLUTION,突破中,4,13,準IGNITION,前狀態:nan→今日:突破中｜狀態跳升｜具備點火條件,READY,9.0,一般,均線結構｜法人偏多,112.02,2026-10-09 02:34:55
6505,台塑化,WATCH,EVOLUTION,突破中,4,13,準IGNITION,前狀態:nan→今日:突破中｜狀態跳升｜具備點火條件,READY,9.0,一般,均線結構｜法人偏多,112.881,2026-10-09 02:34:55
3026,禾伸堂,TEST,EVOLUTION,突破中,4,13,準IGNITION,前狀態:nan→今日:突破中｜狀態跳升｜具備點火條件,READY,9.0,一般,均線結構｜法人偏多,107.891,2026-10-09 02:34:55
3711,日月光投控,WATCH,EVOLUTION,突破中,4,13,準IGNITION,前狀態:nan→今日:突破中｜狀態跳升｜具備點火條件,READY,9.0,一般,均線結構｜法人偏多,102.057,2026-10-09 02:34:55
2484,希華,WATCH,EVOLUTION,突破中,4,13,準IGNITION,前狀態:nan→今日:突破中｜狀態跳升｜具備點火條件,READY,13.0,一般,爆量不跌｜均線結構,111.305,2026-10-09 02:34:55
6278,台表科,WATCH,EVOLUTION,突破中,4,13,準IGNITION,前狀態:nan→今日:突破中｜狀態跳升｜具備點火條件,READY,13.0,一般,爆量不跌｜均線結構,110.751,2026-10-09 02:34:55
1714,和桐,WATCH,EVOLUTION,突破中,4,13,準IGNITION,前狀態:nan→今日:突破中｜狀態跳升｜具備點火條件,READY,7.0,一般,爆量不跌｜均線結構｜籌碼風險,108.134,2026-10-09 02:34:55
6239,力成,WATCH,EVOLUTION,突破中,4,13,準IGNITION,前狀態:nan→今日:突破中｜狀態跳升｜具備點火條件,READY,9.0,一般,均線結構｜法人偏多,95.796,2026-10-09 02:34:55
6834,天二科技,WATCH,EVOLUTION,突破中,4,13,準IGNITION,前狀態:nan→今日:突破中｜狀態跳升｜具備點火條件,READY,17.0,主力吸籌,爆量不跌｜均線結構｜法人偏多,108.314,2026-10-09 02:34:55
8021,尖點,WATCH,EVOLUTION,突破中,4,13,準IGNITION,前狀態:nan→今日:突破中｜狀態跳升｜具備點火條件,READY,17.0,主力吸籌,爆量不跌｜均線結構｜法人偏多,113.05,2026-10-09 02:34:55
3661,世芯-KY,WATCH,EVOLUTION,突破中,4,13,準IGNITION,前狀態:nan→今日:突破中｜狀態跳升｜具備點火條件,READY,17.0,主力吸籌,爆量不跌｜均線結構｜法人偏多,109.516,2026-10-09 02:34:55
1326,台化,TEST,EVOLUTION,突破中,4,13,準IGNITION,前狀態:nan→今日:突破中｜狀態跳升｜具備點火條件,READY,17.0,主力吸籌,爆量不跌｜均線結構｜法人偏多,113.513,2026-10-09 02:34:55
6209,今國光,WATCH,EVOLUTION,突破中,4,13,準IGNITION,前狀態:nan→今日:突破中｜狀態跳升｜具備點火條件,READY,5.0,一般,均線結構,110.964,2026-10-09 02:34:55
4927,泰鼎-KY,WATCH,EVOLUTION,突破中,4,13,準IGNITION,前狀態:nan→今日:突破中｜狀態跳升｜具備點火條件,READY,13.0,一般,爆量不跌｜均線結構,109.788,2026-10-09 02:34:55
6442,光聖,WATCH,EVOLUTION,突破中,4,13,準IGNITION,前狀態:nan→今日:突破中｜狀態跳升｜具備點火條件,READY,17.0,主力吸籌,爆量不跌｜均線結構｜法人偏多,95.596,2026-10-09 02:34:55
3715,定穎投控,WATCH,EVOLUTION,突破中,4,13,準IGNITION,前狀態:nan→今日:突破中｜狀態跳升｜具備點火條件,READY,9.0,一般,均線結構｜法人偏多,90.568,2026-10-09 02:34:55
6197,佳必琪,TEST,EVOLUTION,突破中,4,13,準IGNITION,前狀態:nan→今日:突破中｜狀態跳升｜具備點火條件,READY,17.0,主力吸籌,爆量不跌｜均線結構｜法人偏多,112.845,2026-10-09 02:34:55
6415,矽力*-KY,WATCH,EVOLUTION,試盤中,3,11,升級觀察,前狀態:nan→今日:試盤中｜狀態跳升｜狀態轉強,WATCH_UP,12.0,一般,爆量不跌｜法人偏多,96.128,2026-10-09 02:34:55
1312,國喬,TEST,EVOLUTION,突破中,4,13,準IGNITION,前狀態:nan→今日:突破中｜狀態跳升｜具備點火條件,READY,5.0,一般,均線結構,98.397,2026-10-09 02:34:55
8131,福懋科,WATCH,EVOLUTION,吸籌中,1,5,持續觀察,前狀態:nan→今日:吸籌中｜狀態升級,NO,8.0,一般,爆量不跌,90.323,2026-10-09 02:34:55
1312,國喬,TEST,EVOLUTION,突破中,4,13,準IGNITION,前狀態:nan→今日:突破中｜狀態跳升｜具備點火條件,READY,5.0,一般,均線結構,98.397,2026-10-09 02:34:55
3013,晟銘電,TEST,EVOLUTION,突破中,4,13,準IGNITION,前狀態:nan→今日:突破中｜狀態跳升｜具備點火條件,READY,13.0,一般,爆量不跌｜均線結構,107.574,2026-10-09 02:34:55
2302,麗正,TEST,EVOLUTION,突破中,4,13,準IGNITION,前狀態:nan→今日:突破中｜狀態跳升｜具備點火條件,READY,9.0,一般,均線結構｜法人偏多,112.688,2026-10-09 02:34:55
3533,嘉澤,TEST,EVOLUTION,試盤中,3,11,升級觀察,前狀態:nan→今日:試盤中｜狀態跳升｜狀態轉強,WATCH_UP,12.0,一般,爆量不跌｜法人偏多,96.436,2026-10-09 02:34:55
2428,興勤,TEST,EVOLUTION,突破中,4,13,準IGNITION,前狀態:nan→今日:突破中｜狀態跳升｜具備點火條件,READY,13.0,一般,爆量不跌｜均線結構,108.373,2026-10-09 02:34:55
6271,同欣電,WATCH,EVOLUTION,突破中,4,13,準IGNITION,前狀態:nan→今日:突破中｜狀態跳升｜具備點火條件,READY,9.0,一般,均線結構｜法人偏多,104.496,2026-10-09 02:34:55
9945,潤泰新,WATCH,EVOLUTION,突破中,4,13,準IGNITION,前狀態:nan→今日:突破中｜狀態跳升｜具備點火條件,READY,13.0,一般,爆量不跌｜均線結構,95.388,2026-10-09 02:34:55
6155,鈞寶,WATCH,EVOLUTION,突破中,4,13,準IGNITION,前狀態:nan→今日:突破中｜狀態跳升｜具備點火條件,READY,13.0,一般,爆量不跌｜均線結構,99.415,2026-10-09 02:34:55
3653,健策,WATCH,EVOLUTION,突破中,4,13,準IGNITION,首次追蹤:突破中｜狀態跳升｜具備點火條件,READY,9.0,一般,均線結構｜法人偏多,113.68,2026-10-09 02:34:55
1710,東聯,TEST,EVOLUTION,突破中,4,13,準IGNITION,前狀態:nan→今日:突破中｜狀態跳升｜具備點火條件,READY,13.0,一般,爆量不跌｜均線結構,114.023,2026-10-09 02:34:55
2439,美律,TEST,EVOLUTION,吸籌中,1,5,持續觀察,前狀態:nan→今日:吸籌中｜狀態升級,NO,8.0,一般,爆量不跌,77.613,2026-10-09 02:34:55
1708,東鹼,TEST,EVOLUTION,突破中,4,13,準IGNITION,前狀態:nan→今日:突破中｜狀態跳升｜具備點火條件,READY,9.0,一般,均線結構｜法人偏多,105.952,2026-10-09 02:34:55
8131,福懋科,WATCH,EVOLUTION,吸籌中,1,5,持續觀察,前狀態:nan→今日:吸籌中｜狀態升級,NO,8.0,一般,爆量不跌,90.323,2026-10-09 02:34:55
3543,州巧,WATCH,EVOLUTION,突破中,4,13,準IGNITION,前狀態:nan→今日:突破中｜狀態跳升｜具備點火條件,READY,13.0,一般,爆量不跌｜均線結構,112.986,2026-10-09 02:34:55
1440,南紡,TEST,EVOLUTION,突破中,4,13,準IGNITION,前狀態:nan→今日:突破中｜狀態跳升｜具備點火條件,READY,13.0,一般,爆量不跌｜均線結構,94.343,2026-10-09 02:34:55
2103,台橡,WATCH,EVOLUTION,突破中,4,13,準IGNITION,前狀態:nan→今日:突破中｜狀態跳升｜具備點火條件,READY,17.0,主力吸籌,爆量不跌｜均線結構｜法人偏多,112.816,2026-10-09 02:34:55
3030,德律,TEST,EVOLUTION,吸籌中,1,5,持續觀察,前狀態:nan→今日:吸籌中｜狀態升級,NO,8.0,一般,爆量不跌,95.838,2026-10-09 02:34:55
3031,佰鴻,WATCH,EVOLUTION,突破中,4,13,準IGNITION,前狀態:nan→今日:突破中｜狀態跳升｜具備點火條件,READY,5.0,一般,均線結構,98.303,2026-10-09 02:34:55
6442,光聖,WATCH,EVOLUTION,突破中,4,13,準IGNITION,前狀態:nan→今日:突破中｜狀態跳升｜具備點火條件,READY,17.0,主力吸籌,爆量不跌｜均線結構｜法人偏多,99.639,2026-10-09 02:34:55
2476,鉅祥,WATCH,EVOLUTION,突破中,4,13,準IGNITION,前狀態:nan→今日:突破中｜狀態跳升｜具備點火條件,READY,13.0,一般,爆量不跌｜均線結構,107.615,2026-10-09 02:34:55
4770,上品,WATCH,EVOLUTION,突破中,4,13,準IGNITION,首次追蹤:突破中｜狀態跳升｜具備點火條件,READY,5.0,一般,均線結構,112.05,2026-10-09 02:34:55
2355,敬鵬,TEST,EVOLUTION,突破中,4,13,準IGNITION,前狀態:nan→今日:突破中｜狀態跳升｜具備點火條件,READY,17.0,主力吸籌,爆量不跌｜均線結構｜法人偏多,111.328,2026-10-09 02:34:55
3014,聯陽,WATCH,EVOLUTION,突破中,4,13,準IGNITION,前狀態:nan→今日:突破中｜狀態跳升｜具備點火條件,READY,9.0,一般,均線結構｜法人偏多,95.16,2026-10-09 02:34:55
1313,聯成,TEST,EVOLUTION,突破中,4,13,準IGNITION,前狀態:nan→今日:突破中｜狀態跳升｜具備點火條件,READY,17.0,主力吸籌,爆量不跌｜均線結構｜法人偏多,108.335,2026-10-09 02:34:55
8926,台汽電,WATCH,EVOLUTION,觀察,0,0,持續觀察,前狀態:nan→今日:觀察,NO,0.0,一般,,82.779,2026-10-09 02:34:55
4949,有成精密,WATCH,EVOLUTION,突破中,4,13,準IGNITION,前狀態:nan→今日:突破中｜狀態跳升｜具備點火條件,READY,17.0,主力吸籌,爆量不跌｜均線結構｜法人偏多,107.658,2026-10-09 02:34:55
3030,德律,TEST,EVOLUTION,吸籌中,1,5,持續觀察,前狀態:nan→今日:吸籌中｜狀態升級,NO,8.0,一般,爆量不跌,95.838,2026-10-09 02:34:55
1304,台聚,TEST,EVOLUTION,突破中,4,13,準IGNITION,前狀態:nan→今日:突破中｜狀態跳升｜具備點火條件,READY,17.0,主力吸籌,爆量不跌｜均線結構｜法人偏多,94.202,2026-10-09 02:34:55
2402,毅嘉,WATCH,EVOLUTION,突破中,4,13,準IGNITION,前狀態:nan→今日:突破中｜狀態跳升｜具備點火條件,READY,5.0,一般,均線結構,105.552,2026-10-09 02:34:55
4736,泰博,WATCH,EVOLUTION,吸籌中,1,5,持續觀察,前狀態:nan→今日:吸籌中｜狀態升級,NO,8.0,一般,爆量不跌,84.964,2026-10-09 02:34:55
2476,鉅祥,WATCH,EVOLUTION,突破中,4,13,準IGNITION,前狀態:nan→今日:突破中｜狀態跳升｜具備點火條件,READY,13.0,一般,爆量不跌｜均線結構,107.615,2026-10-09 02:34:55
6191,精成科,TEST,EVOLUTION,觀察,0,0,持續觀察,前狀態:nan→今日:觀察,NO,0.0,一般,,90.179,2026-10-09 02:34:55
2439,美律,TEST,EVOLUTION,吸籌中,1,5,持續觀察,前狀態:nan→今日:吸籌中｜狀態升級,NO,8.0,一般,爆量不跌,81.771,2026-10-09 02:34:55
6191,精成科,TEST,EVOLUTION,觀察,0,0,持續觀察,前狀態:nan→今日:觀察,NO,0.0,一般,,90.179,2026-10-09 02:34:55
2393,億光,WATCH,EVOLUTION,觀察,0,0,持續觀察,前狀態:nan→今日:觀察,NO,0.0,一般,,82.615,2026-10-09 02:34:55
3591,艾笛森,WATCH,EVOLUTION,突破中,4,13,準IGNITION,首次追蹤:突破中｜狀態跳升｜具備點火條件,READY,5.0,一般,均線結構,95.937,2026-10-09 02:34:55
4949,有成精密,WATCH,EVOLUTION,突破中,4,13,準IGNITION,前狀態:nan→今日:突破中｜狀態跳升｜具備點火條件,READY,17.0,主力吸籌,爆量不跌｜均線結構｜法人偏多,107.658,2026-10-09 02:34:55
5469,瀚宇博,WATCH,EVOLUTION,突破中,4,13,準IGNITION,前狀態:nan→今日:突破中｜狀態跳升｜具備點火條件,READY,5.0,一般,均線結構,94.03,2026-10-09 02:34:55
2108,南帝,WATCH,EVOLUTION,吸籌中,1,5,持續觀察,前狀態:nan→今日:吸籌中｜狀態升級,NO,8.0,一般,爆量不跌,81.57,2026-10-09 02:34:55
1305,華夏,TEST,EVOLUTION,突破中,4,13,準IGNITION,前狀態:nan→今日:突破中｜狀態跳升｜具備點火條件,READY,17.0,主力吸籌,爆量不跌｜均線結構｜法人偏多,99.122,2026-10-09 02:34:55
1304,台聚,TEST,EVOLUTION,突破中,4,13,準IGNITION,前狀態:nan→今日:突破中｜狀態跳升｜具備點火條件,READY,17.0,主力吸籌,爆量不跌｜均線結構｜法人偏多,94.202,2026-10-09 02:34:55
1309,台達化,WATCH,EVOLUTION,突破中,4,13,準IGNITION,前狀態:nan→今日:突破中｜狀態跳升｜具備點火條件,READY,9.0,一般,均線結構｜法人偏多,80.524,2026-10-09 02:34:55
5234,達興材料,TEST,EVOLUTION,吸籌中,1,5,持續觀察,前狀態:nan→今日:吸籌中｜狀態升級,NO,8.0,一般,爆量不跌,92.209,2026-10-09 02:34:55
8476,台境*,TEST,EVOLUTION,吸籌中,1,5,持續觀察,前狀態:nan→今日:吸籌中｜狀態升級,NO,8.0,一般,爆量不跌,93.369,2026-10-09 02:34:55
4912,聯德控股-KY,WATCH,EVOLUTION,突破中,4,13,準IGNITION,前狀態:nan→今日:突破中｜狀態跳升｜具備點火條件,READY,5.0,一般,均線結構,111.21,2026-10-09 02:34:55
1773,勝一,WATCH,EVOLUTION,突破中,4,13,準IGNITION,前狀態:nan→今日:突破中｜狀態跳升｜具備點火條件,READY,-1.0,一般,均線結構｜籌碼風險,90.839,2026-10-09 02:34:55
2108,南帝,WATCH,EVOLUTION,吸籌中,1,5,持續觀察,前狀態:nan→今日:吸籌中｜狀態升級,NO,8.0,一般,爆量不跌,81.57,2026-10-09 02:34:55
1305,華夏,TEST,EVOLUTION,突破中,4,13,準IGNITION,前狀態:nan→今日:突破中｜狀態跳升｜具備點火條件,READY,17.0,主力吸籌,爆量不跌｜均線結構｜法人偏多,99.122,2026-10-09 02:34:55
3305,昇貿,WATCH,EVOLUTION,觀察,0,0,持續觀察,前狀態:nan→今日:觀察,NO,0.0,一般,,74.403,2026-10-09 02:34:55
6209,今國光,WATCH,EVOLUTION,突破中,4,13,準IGNITION,前狀態:nan→今日:突破中｜狀態跳升｜具備點火條件,READY,5.0,一般,均線結構,110.964,2026-10-09 02:34:55
5292,華懋,WATCH,EVOLUTION,突破中,4,13,準IGNITION,前狀態:nan→今日:突破中｜狀態跳升｜具備點火條件,READY,17.0,主力吸籌,爆量不跌｜均線結構｜法人偏多,111.287,2026-10-09 02:34:55
3013,晟銘電,TEST,EVOLUTION,突破中,4,13,準IGNITION,前狀態:nan→今日:突破中｜狀態跳升｜具備點火條件,READY,13.0,一般,爆量不跌｜均線結構,107.574,2026-10-09 02:34:55
6136,富爾特,TEST,EVOLUTION,突破中,4,13,準IGNITION,前狀態:nan→今日:突破中｜狀態跳升｜具備點火條件,READY,13.0,一般,爆量不跌｜均線結構,116.594,2026-10-09 02:34:55
8011,台通,WATCH,EVOLUTION,吸籌中,1,5,持續觀察,前狀態:nan→今日:吸籌中｜狀態升級,NO,8.0,一般,爆量不跌,76.896,2026-10-09 02:34:55
6743,安普新,WATCH,EVOLUTION,突破中,4,13,準IGNITION,前狀態:nan→今日:突破中｜狀態跳升｜具備點火條件,READY,5.0,一般,均線結構,111.197,2026-10-09 02:34:55
3010,華立,WATCH,EVOLUTION,突破中,4,13,準IGNITION,前狀態:nan→今日:突破中｜狀態跳升｜具備點火條件,READY,5.0,一般,均線結構,98.664,2026-10-09 02:34:55
5292,華懋,WATCH,EVOLUTION,突破中,4,13,準IGNITION,前狀態:nan→今日:突破中｜狀態跳升｜具備點火條件,READY,17.0,主力吸籌,爆量不跌｜均線結構｜法人偏多,111.287,2026-10-09 02:34:55
2428,興勤,TEST,EVOLUTION,突破中,4,13,準IGNITION,前狀態:nan→今日:突破中｜狀態跳升｜具備點火條件,READY,13.0,一般,爆量不跌｜均線結構,108.373,2026-10-09 02:34:55
6271,同欣電,WATCH,EVOLUTION,突破中,4,13,準IGNITION,前狀態:nan→今日:突破中｜狀態跳升｜具備點火條件,READY,9.0,一般,均線結構｜法人偏多,104.496,2026-10-09 02:34:55
4736,泰博,WATCH,EVOLUTION,吸籌中,1,5,持續觀察,前狀態:nan→今日:吸籌中｜狀態升級,NO,8.0,一般,爆量不跌,84.964,2026-10-09 02:34:55
7827,,TEST,EVOLUTION,突破中,4,13,準IGNITION,首次追蹤:突破中｜狀態跳升｜具備點火條件,READY,13.0,一般,爆量不跌｜均線結構,108.796,2026-10-09 02:34:55
1416,廣豐,WATCH,EVOLUTION,突破中,4,13,準IGNITION,前狀態:nan→今日:突破中｜狀態跳升｜具備點火條件,READY,17.0,主力吸籌,爆量不跌｜均線結構｜法人偏多,98.003,2026-10-09 02:34:55
2607,榮運,TEST,EVOLUTION,突破中,4,13,準IGNITION,前狀態:nan→今日:突破中｜狀態跳升｜具備點火條件,READY,13.0,一般,爆量不跌｜均線結構,111.83,2026-10-09 02:34:55
1449,佳和,TEST,EVOLUTION,吸籌中,1,5,持續觀察,前狀態:nan→今日:吸籌中｜狀態升級,NO,8.0,一般,爆量不跌,98.175,2026-10-09 02:34:55
6862,三集瑞-KY,WATCH,EVOLUTION,吸籌中,1,5,持續觀察,前狀態:nan→今日:吸籌中｜狀態升級,NO,8.0,一般,爆量不跌,82.861,2026-10-09 02:34:55
8011,台通,WATCH,EVOLUTION,吸籌中,1,5,持續觀察,前狀態:nan→今日:吸籌中｜狀態升級,NO,8.0,一般,爆量不跌,76.896,2026-10-09 02:34:55
2402,毅嘉,WATCH,EVOLUTION,突破中,4,13,準IGNITION,前狀態:nan→今日:突破中｜狀態跳升｜具備點火條件,READY,5.0,一般,均線結構,105.552,2026-10-09 02:34:55
8926,台汽電,WATCH,EVOLUTION,觀察,0,0,持續觀察,前狀態:nan→今日:觀察,NO,0.0,一般,,87.371,2026-10-09 02:34:55
8476,台境*,TEST,EVOLUTION,吸籌中,1,5,持續觀察,前狀態:nan→今日:吸籌中｜狀態升級,NO,8.0,一般,爆量不跌,93.369,2026-10-09 02:34:55
4935,茂林-KY,WATCH,EVOLUTION,吸籌中,1,5,持續觀察,首次追蹤:吸籌中｜狀態升級,NO,8.0,一般,爆量不跌,70.705,2026-10-09 02:34:55
7730,暉盛-創,WATCH,EVOLUTION,突破中,4,13,準IGNITION,前狀態:nan→今日:突破中｜狀態跳升｜具備點火條件,READY,13.0,一般,爆量不跌｜均線結構,112.916,2026-10-09 02:34:55
1416,廣豐,WATCH,EVOLUTION,突破中,4,13,準IGNITION,前狀態:nan→今日:突破中｜狀態跳升｜具備點火條件,READY,17.0,主力吸籌,爆量不跌｜均線結構｜法人偏多,98.003,2026-10-09 02:34:55
1440,南紡,TEST,EVOLUTION,突破中,4,13,準IGNITION,前狀態:nan→今日:突破中｜狀態跳升｜具備點火條件,READY,13.0,一般,爆量不跌｜均線結構,94.343,2026-10-09 02:34:55
2397,友通,WATCH,EVOLUTION,突破中,4,13,準IGNITION,前狀態:nan→今日:突破中｜狀態跳升｜具備點火條件,READY,13.0,一般,爆量不跌｜均線結構,113.716,2026-10-09 02:34:55
2107,厚生,TEST,EVOLUTION,突破中,4,13,準IGNITION,前狀態:nan→今日:突破中｜狀態跳升｜具備點火條件,READY,9.0,一般,均線結構｜法人偏多,97.682,2026-10-09 02:34:55
2393,億光,WATCH,EVOLUTION,觀察,0,0,持續觀察,前狀態:nan→今日:觀察,NO,0.0,一般,,82.615,2026-10-09 02:34:55
2607,榮運,TEST,EVOLUTION,突破中,4,13,準IGNITION,前狀態:nan→今日:突破中｜狀態跳升｜具備點火條件,READY,13.0,一般,爆量不跌｜均線結構,111.83,2026-10-09 02:34:55
5203,訊連,WATCH,EVOLUTION,試盤中,3,11,升級觀察,前狀態:nan→今日:試盤中｜狀態跳升｜狀態轉強,WATCH_UP,12.0,一般,爆量不跌｜法人偏多,75.616,2026-10-09 02:34:55
5234,達興材料,TEST,EVOLUTION,吸籌中,1,5,持續觀察,前狀態:nan→今日:吸籌中｜狀態升級,NO,8.0,一般,爆量不跌,92.209,2026-10-09 02:34:55
6862,三集瑞-KY,WATCH,EVOLUTION,吸籌中,1,5,持續觀察,前狀態:nan→今日:吸籌中｜狀態升級,NO,8.0,一般,爆量不跌,82.861,2026-10-09 02:34:55
6216,居易,WATCH,EVOLUTION,吸籌中,1,5,持續觀察,前狀態:nan→今日:吸籌中｜狀態升級,NO,8.0,一般,爆量不跌,77.429,2026-10-09 02:34:55
5203,訊連,WATCH,EVOLUTION,試盤中,3,11,升級觀察,前狀態:nan→今日:試盤中｜狀態跳升｜狀態轉強,WATCH_UP,12.0,一般,爆量不跌｜法人偏多,75.616,2026-10-09 02:34:55
4746,台耀,,EVOLUTION,觀察,0,0,持續觀察,前狀態:nan→今日:觀察,NO,4.0,一般,法人偏多,13.254,2026-10-09 02:34:55
1776,展宇,WATCH,EVOLUTION,突破中,4,13,準IGNITION,首次追蹤:突破中｜狀態跳升｜具備點火條件,READY,17.0,主力吸籌,爆量不跌｜均線結構｜法人偏多,108.519,2026-10-09 02:34:55
1315,達新,TEST,EVOLUTION,突破中,4,13,準IGNITION,前狀態:nan→今日:突破中｜狀態跳升｜具備點火條件,READY,17.0,主力吸籌,爆量不跌｜均線結構｜法人偏多,112.865,2026-10-09 02:34:55
3010,華立,WATCH,EVOLUTION,突破中,4,13,準IGNITION,前狀態:nan→今日:突破中｜狀態跳升｜具備點火條件,READY,5.0,一般,均線結構,98.664,2026-10-09 02:34:55
1725,元禎,WATCH,EVOLUTION,突破中,4,13,準IGNITION,前狀態:nan→今日:突破中｜狀態跳升｜具備點火條件,READY,13.0,一般,爆量不跌｜均線結構,112.978,2026-10-09 02:34:55
1315,達新,TEST,EVOLUTION,突破中,4,13,準IGNITION,前狀態:nan→今日:突破中｜狀態跳升｜具備點火條件,READY,17.0,主力吸籌,爆量不跌｜均線結構｜法人偏多,112.865,2026-10-09 02:34:55
1725,元禎,WATCH,EVOLUTION,突破中,4,13,準IGNITION,前狀態:nan→今日:突破中｜狀態跳升｜具備點火條件,READY,13.0,一般,爆量不跌｜均線結構,112.978,2026-10-09 02:34:55
6988,威力暘-創,WATCH,EVOLUTION,觀察,0,0,持續觀察,前狀態:nan→今日:觀察,NO,4.0,一般,法人偏多,79.994,2026-10-09 02:34:55
1449,佳和,TEST,EVOLUTION,吸籌中,1,5,持續觀察,前狀態:nan→今日:吸籌中｜狀態升級,NO,8.0,一般,爆量不跌,98.175,2026-10-09 02:34:55
2397,友通,WATCH,EVOLUTION,突破中,4,13,準IGNITION,前狀態:nan→今日:突破中｜狀態跳升｜具備點火條件,READY,13.0,一般,爆量不跌｜均線結構,113.716,2026-10-09 02:34:55
2107,厚生,TEST,EVOLUTION,突破中,4,13,準IGNITION,前狀態:nan→今日:突破中｜狀態跳升｜具備點火條件,READY,9.0,一般,均線結構｜法人偏多,97.682,2026-10-09 02:34:55
7730,暉盛-創,WATCH,EVOLUTION,突破中,4,13,準IGNITION,前狀態:nan→今日:突破中｜狀態跳升｜具備點火條件,READY,13.0,一般,爆量不跌｜均線結構,112.916,2026-10-09 02:34:55
3528,安馳,,EVOLUTION,觀察,0,0,持續觀察,前狀態:nan→今日:觀察,NO,4.0,一般,法人偏多,12.626,2026-10-09 02:34:55
4935,茂林-KY,WATCH,EVOLUTION,吸籌中,1,5,持續觀察,首次追蹤:吸籌中｜狀態升級,NO,8.0,一般,爆量不跌,70.705,2026-10-09 02:34:55
6655,科定,,EVOLUTION,突破中,4,13,準IGNITION,前狀態:nan→今日:突破中｜狀態跳升｜具備點火條件,READY,13.0,一般,爆量不跌｜均線結構,15.836,2026-10-09 02:34:55
3164,景岳,TEST,EVOLUTION,突破中,4,13,準IGNITION,前狀態:nan→今日:突破中｜狀態跳升｜具備點火條件,READY,17.0,主力吸籌,爆量不跌｜均線結構｜法人偏多,108.183,2026-10-09 02:34:55
3164,景岳,TEST,EVOLUTION,突破中,4,13,準IGNITION,前狀態:nan→今日:突破中｜狀態跳升｜具備點火條件,READY,17.0,主力吸籌,爆量不跌｜均線結構｜法人偏多,108.183,2026-10-09 02:34:55
6988,威力暘-創,WATCH,EVOLUTION,觀察,0,0,持續觀察,前狀態:nan→今日:觀察,NO,4.0,一般,法人偏多,79.994,2026-10-09 02:34:55
1504,東元,WATCH,IGNITION,突破中,4,13,準IGNITION,前狀態:nan→今日:突破中｜狀態跳升｜具備點火條件,READY,13.0,一般,爆量不跌｜均線結構,96.906,2026-10-09 02:34:55
2313,華通,WATCH,IGNITION,突破中,4,13,準IGNITION,前狀態:nan→今日:突破中｜狀態跳升｜具備點火條件,READY,9.0,一般,均線結構｜法人偏多,94.996,2026-10-09 02:34:55
2368,金像電,WATCH,IGNITION,突破中,4,13,準IGNITION,前狀態:nan→今日:突破中｜狀態跳升｜具備點火條件,READY,9.0,一般,均線結構｜法人偏多,100.089,2026-10-09 02:34:55
1711,永光,WATCH,IGNITION,突破中,4,13,準IGNITION,首次追蹤:突破中｜狀態跳升｜具備點火條件,READY,17.0,主力吸籌,爆量不跌｜均線結構｜法人偏多,100.381,2026-10-09 02:34:55
1605,華新,WATCH,IGNITION,突破中,4,13,準IGNITION,前狀態:nan→今日:突破中｜狀態跳升｜具備點火條件,READY,5.0,一般,均線結構,83.084,2026-10-09 02:34:55
1504,東元,WATCH,IGNITION,突破中,4,13,準IGNITION,前狀態:nan→今日:突破中｜狀態跳升｜具備點火條件,READY,13.0,一般,爆量不跌｜均線結構,96.906,2026-10-09 02:34:55
1409,新纖,WATCH,IGNITION,突破中,4,13,準IGNITION,前狀態:nan→今日:突破中｜狀態跳升｜具備點火條件,READY,5.0,一般,均線結構,83.994,2026-10-09 02:34:55
9904,寶成,WATCH,IGNITION,突破中,4,13,準IGNITION,前狀態:nan→今日:突破中｜狀態跳升｜具備點火條件,READY,5.0,一般,均線結構,89.5,2026-10-09 02:34:55
1476,儒鴻,TEST,IGNITION,吸籌中,1,5,持續觀察,前狀態:nan→今日:吸籌中｜狀態升級,NO,8.0,一般,爆量不跌,77.572,2026-10-09 02:34:55
1102,亞泥,WATCH,IGNITION,突破中,4,13,準IGNITION,前狀態:nan→今日:突破中｜狀態跳升｜具備點火條件,READY,5.0,一般,均線結構,98.622,2026-10-09 02:34:55
9904,寶成,WATCH,IGNITION,突破中,4,13,準IGNITION,前狀態:nan→今日:突破中｜狀態跳升｜具備點火條件,READY,5.0,一般,均線結構,89.5,2026-10-09 02:34:55
1102,亞泥,WATCH,IGNITION,突破中,4,13,準IGNITION,前狀態:nan→今日:突破中｜狀態跳升｜具備點火條件,READY,5.0,一般,均線結構,98.622,2026-10-09 02:34:55
4904,遠傳,,IGNITION,突破中,4,13,準IGNITION,前狀態:nan→今日:突破中｜狀態跳升｜具備點火條件,READY,5.0,一般,均線結構,23.502,2026-10-09 02:34:55
2316,楠梓電,WATCH,IGNITION,突破中,4,13,準IGNITION,前狀態:nan→今日:突破中｜狀態跳升｜具備點火條件,READY,17.0,主力吸籌,爆量不跌｜均線結構｜法人偏多,101.5,2026-10-09 02:34:55
2493,揚博,WATCH,IGNITION,觀察,0,0,持續觀察,前狀態:nan→今日:觀察,NO,4.0,一般,法人偏多,78.804,2026-10-09 02:34:55
6668,中揚光,WATCH,IGNITION,突破中,4,13,準IGNITION,首次追蹤:突破中｜狀態跳升｜具備點火條件,READY,5.0,一般,均線結構,90.41,2026-10-09 02:34:55
1720,生達,WATCH,IGNITION,吸籌中,1,5,持續觀察,首次追蹤:吸籌中｜狀態升級,NO,8.0,一般,爆量不跌,66.543,2026-10-09 02:34:55
2727,王品,WATCH,IGNITION,發動中,5,16,準IGNITION,前狀態:nan→今日:發動中｜狀態跳升｜具備點火條件,READY,17.0,主力吸籌,爆量不跌｜均線結構｜法人偏多,102.673,2026-10-09 02:34:55
4551,智伸科,WATCH,IGNITION,觀察,0,0,持續觀察,前狀態:nan→今日:觀察,NO,4.0,一般,法人偏多,77.234,2026-10-09 02:34:55
1721,三晃,WATCH,IGNITION,突破中,4,13,準IGNITION,前狀態:nan→今日:突破中｜狀態跳升｜具備點火條件,READY,9.0,一般,均線結構｜法人偏多,105.706,2026-10-09 02:34:55
2504,國產,WATCH,IGNITION,吸籌中,1,5,持續觀察,前狀態:nan→今日:吸籌中｜狀態升級,NO,8.0,一般,爆量不跌,84.083,2026-10-09 02:34:55
1477,聚陽,WATCH,IGNITION,觀察,0,0,持續觀察,前狀態:nan→今日:觀察,NO,4.0,一般,法人偏多,69.272,2026-10-09 02:34:55
6944,兆聯實業,WATCH,IGNITION,試盤中,3,11,升級觀察,前狀態:nan→今日:試盤中｜狀態跳升｜狀態轉強,WATCH_UP,12.0,一般,爆量不跌｜法人偏多,94.865,2026-10-09 02:34:55
6691,洋基工程,WATCH,IGNITION,突破中,4,13,準IGNITION,前狀態:nan→今日:突破中｜狀態跳升｜具備點火條件,READY,5.0,一般,均線結構,95.322,2026-10-09 02:34:55
6277,宏正,WATCH,IGNITION,吸籌中,1,5,持續觀察,前狀態:nan→今日:吸籌中｜狀態升級,NO,8.0,一般,爆量不跌,69.803,2026-10-09 02:34:55
2535,達欣工,WATCH,IGNITION,突破中,4,13,準IGNITION,前狀態:nan→今日:突破中｜狀態跳升｜具備點火條件,READY,13.0,一般,爆量不跌｜均線結構,90.161,2026-10-09 02:34:55
2504,國產,WATCH,IGNITION,吸籌中,1,5,持續觀察,前狀態:nan→今日:吸籌中｜狀態升級,NO,8.0,一般,爆量不跌,84.083,2026-10-09 02:34:55
8039,台虹,,IGNITION,突破中,4,13,準IGNITION,前狀態:nan→今日:突破中｜狀態跳升｜具備點火條件,READY,13.0,一般,爆量不跌｜均線結構,17.607,2026-10-09 02:34:55
2520,冠德,,IGNITION,突破中,4,13,準IGNITION,首次追蹤:突破中｜狀態跳升｜具備點火條件,READY,13.0,一般,爆量不跌｜均線結構,23.438,2026-10-09 02:34:55
3231,緯創,,IGNITION,突破中,4,13,準IGNITION,前狀態:nan→今日:突破中｜狀態跳升｜具備點火條件,READY,5.0,一般,均線結構,23.982,2026-10-09 02:34:55
1308,亞聚,WATCH,IGNITION,突破中,4,13,準IGNITION,前狀態:nan→今日:突破中｜狀態跳升｜具備點火條件,READY,5.0,一般,均線結構,75.908,2026-10-09 02:34:55
3705,永信,TEST,IGNITION,突破中,4,13,準IGNITION,前狀態:nan→今日:突破中｜狀態跳升｜具備點火條件,READY,13.0,一般,爆量不跌｜均線結構,98.697,2026-10-09 02:34:55
2543,皇昌,TEST,IGNITION,觀察,0,0,持續觀察,前狀態:nan→今日:觀察,NO,0.0,一般,,84.952,2026-10-09 02:34:55
2543,皇昌,TEST,IGNITION,觀察,0,0,持續觀察,前狀態:nan→今日:觀察,NO,0.0,一般,,84.952,2026-10-09 02:34:55
1605,華新,WATCH,IGNITION,突破中,4,13,準IGNITION,前狀態:nan→今日:突破中｜狀態跳升｜具備點火條件,READY,5.0,一般,均線結構,83.084,2026-10-09 02:34:55
1524,耿鼎,TEST,IGNITION,吸籌中,1,5,持續觀察,前狀態:nan→今日:吸籌中｜狀態升級,NO,8.0,一般,爆量不跌,75.051,2026-10-09 02:34:55
1720,生達,WATCH,IGNITION,吸籌中,1,5,持續觀察,首次追蹤:吸籌中｜狀態升級,NO,8.0,一般,爆量不跌,66.543,2026-10-09 02:34:55
2727,王品,WATCH,IGNITION,突破中,4,13,準IGNITION,前狀態:nan→今日:突破中｜狀態跳升｜具備點火條件,READY,17.0,主力吸籌,爆量不跌｜均線結構｜法人偏多,101.623,2026-10-09 02:34:55
1563,巧新,WATCH,IGNITION,突破中,4,13,準IGNITION,前狀態:nan→今日:突破中｜狀態跳升｜具備點火條件,READY,9.0,一般,均線結構｜法人偏多,85.894,2026-10-09 02:34:55
2441,超豐,,IGNITION,突破中,4,13,準IGNITION,前狀態:nan→今日:突破中｜狀態跳升｜具備點火條件,READY,5.0,一般,均線結構,23.416,2026-10-09 02:34:55
6277,宏正,WATCH,IGNITION,吸籌中,1,5,持續觀察,前狀態:nan→今日:吸籌中｜狀態升級,NO,8.0,一般,爆量不跌,69.803,2026-10-09 02:34:55
2535,達欣工,WATCH,IGNITION,突破中,4,13,準IGNITION,前狀態:nan→今日:突破中｜狀態跳升｜具備點火條件,READY,13.0,一般,爆量不跌｜均線結構,90.161,2026-10-09 02:34:55
1218,泰山,,IGNITION,觀察,0,0,持續觀察,首次追蹤:觀察,NO,0.0,一般,,19.614,2026-10-09 02:34:55
1477,聚陽,WATCH,IGNITION,觀察,0,0,持續觀察,前狀態:nan→今日:觀察,NO,4.0,一般,法人偏多,69.272,2026-10-09 02:34:55
9955,佳龍,WATCH,IGNITION,吸籌中,1,5,持續觀察,前狀態:nan→今日:吸籌中｜狀態升級,NO,8.0,一般,爆量不跌,68.286,2026-10-09 02:34:55
1319,東陽,,IGNITION,突破中,4,13,準IGNITION,前狀態:nan→今日:突破中｜狀態跳升｜具備點火條件,READY,9.0,一般,均線結構｜法人偏多,23.878,2026-10-09 02:34:55
9955,佳龍,WATCH,IGNITION,吸籌中,1,5,持續觀察,前狀態:nan→今日:吸籌中｜狀態升級,NO,8.0,一般,爆量不跌,68.286,2026-10-09 02:34:55
1702,南僑,,IGNITION,吸籌中,1,5,持續觀察,前狀態:nan→今日:吸籌中｜狀態升級,NO,8.0,一般,爆量不跌,20.078,2026-10-09 02:34:55
3705,永信,TEST,IGNITION,突破中,4,13,準IGNITION,前狀態:nan→今日:突破中｜狀態跳升｜具備點火條件,READY,13.0,一般,爆量不跌｜均線結構,98.697,2026-10-09 02:34:55
5269,祥碩,,IGNITION,突破中,4,13,準IGNITION,首次追蹤:突破中｜狀態跳升｜具備點火條件,READY,9.0,一般,均線結構｜法人偏多,26.047,2026-10-09 02:34:55
1563,巧新,WATCH,IGNITION,突破中,4,13,準IGNITION,前狀態:nan→今日:突破中｜狀態跳升｜具備點火條件,READY,9.0,一般,均線結構｜法人偏多,85.894,2026-10-09 02:34:55
2432,倚天酷碁-創,WATCH,IGNITION,吸籌中,1,5,持續觀察,前狀態:nan→今日:吸籌中｜狀態升級,NO,8.0,一般,爆量不跌,86.838,2026-10-09 02:34:55
7736,虎山,WATCH,IGNITION,觀察,0,0,持續觀察,前狀態:nan→今日:觀察,NO,4.0,一般,法人偏多,84.052,2026-10-09 02:34:55
2432,倚天酷碁-創,WATCH,IGNITION,吸籌中,1,5,持續觀察,前狀態:nan→今日:吸籌中｜狀態升級,NO,8.0,一般,爆量不跌,86.838,2026-10-09 02:34:55
2753,八方雲集,,IGNITION,觀察,0,0,持續觀察,前狀態:nan→今日:觀察,NO,4.0,一般,法人偏多,18.772,2026-10-09 02:34:55
6771,平和環保-創,,IGNITION,突破中,4,13,準IGNITION,前狀態:nan→今日:突破中｜狀態跳升｜具備點火條件,READY,5.0,一般,均線結構,22.9,2026-10-09 02:34:55
7736,虎山,WATCH,IGNITION,觀察,0,0,持續觀察,前狀態:nan→今日:觀察,NO,4.0,一般,法人偏多,84.052,2026-10-09 02:34:55
4557,永新-KY,,IGNITION,觀察,0,0,持續觀察,前狀態:nan→今日:觀察,NO,0.0,一般,,15.346,2026-10-09 02:34:55
6722,輝創,,IGNITION,觀察,0,0,持續觀察,前狀態:nan→今日:觀察,NO,4.0,一般,法人偏多,17.419,2026-10-09 02:34:55
2408,南亞科,TEST,TEST,突破中,4,13,準IGNITION,前狀態:nan→今日:突破中｜狀態跳升｜具備點火條件,READY,5.0,一般,均線結構,97.208,2026-10-09 02:34:55
2492,華新科,WATCH,TEST,突破中,4,13,準IGNITION,前狀態:nan→今日:突破中｜狀態跳升｜具備點火條件,READY,13.0,一般,爆量不跌｜均線結構,106.959,2026-10-09 02:34:55
2327,國巨*,WATCH,TEST,觀察,0,0,持續觀察,前狀態:nan→今日:觀察,NO,4.0,一般,法人偏多,78.3,2026-10-09 02:34:55
2301,光寶科,WATCH,TEST,突破中,4,13,準IGNITION,前狀態:nan→今日:突破中｜狀態跳升｜具備點火條件,READY,9.0,一般,均線結構｜法人偏多,80.614,2026-10-09 02:34:55
4919,新唐,WATCH,TEST,突破中,4,13,準IGNITION,前狀態:nan→今日:突破中｜狀態跳升｜具備點火條件,READY,5.0,一般,均線結構,87.909,2026-10-09 02:34:55
6449,鈺邦,WATCH,TEST,試盤中,3,11,升級觀察,前狀態:nan→今日:試盤中｜狀態跳升｜狀態轉強,WATCH_UP,12.0,一般,爆量不跌｜法人偏多,94.476,2026-10-09 02:34:55
2345,智邦,WATCH,TEST,觀察,0,0,持續觀察,前狀態:nan→今日:觀察,NO,4.0,一般,法人偏多,63.438,2026-10-09 02:34:55
3717,聯嘉投控,WATCH,TEST,突破中,4,13,準IGNITION,首次追蹤:突破中｜狀態跳升｜具備點火條件,READY,5.0,一般,均線結構,86.556,2026-10-09 02:34:55
4720,德淵,TEST,TEST,突破中,4,13,準IGNITION,首次追蹤:突破中｜狀態跳升｜具備點火條件,READY,13.0,一般,爆量不跌｜均線結構,119.074,2026-10-09 02:34:55
1612,宏泰,,TEST,觀察,0,0,持續觀察,前狀態:nan→今日:觀察,NO,-2.0,一般,法人偏多｜籌碼風險,7.824,2026-10-09 02:34:55
6658,聯策,WATCH,TEST,突破中,4,13,準IGNITION,前狀態:nan→今日:突破中｜狀態跳升｜具備點火條件,READY,17.0,主力吸籌,爆量不跌｜均線結構｜法人偏多,112.722,2026-10-09 02:34:55
8070,長華*,,TEST,突破中,4,13,準IGNITION,前狀態:nan→今日:突破中｜狀態跳升｜具備點火條件,READY,9.0,一般,均線結構｜法人偏多,16.764,2026-10-09 02:34:55
6670,復盛應用,WATCH,TEST,發動中,5,16,準IGNITION,前狀態:nan→今日:發動中｜狀態跳升｜具備點火條件,READY,17.0,主力吸籌,爆量不跌｜均線結構｜法人偏多,95.867,2026-10-09 02:34:55
1723,中碳,TEST,TEST,試盤中,3,11,升級觀察,前狀態:nan→今日:試盤中｜狀態跳升｜狀態轉強,WATCH_UP,12.0,一般,爆量不跌｜法人偏多,81.848,2026-10-09 02:34:55
2408,南亞科,TEST,TEST,突破中,4,13,準IGNITION,前狀態:nan→今日:突破中｜狀態跳升｜具備點火條件,READY,5.0,一般,均線結構,97.208,2026-10-09 02:34:55
1815,富喬,,TEST,突破中,4,13,準IGNITION,前狀態:nan→今日:突破中｜狀態跳升｜具備點火條件,READY,9.0,一般,均線結構｜法人偏多,16.149,2026-10-09 02:34:55
6147,頎邦,,TEST,突破中,4,13,準IGNITION,前狀態:nan→今日:突破中｜狀態跳升｜具備點火條件,READY,9.0,一般,均線結構｜法人偏多,14.755,2026-10-09 02:34:55
6182,合晶,,TEST,突破中,4,13,準IGNITION,前狀態:nan→今日:突破中｜狀態跳升｜具備點火條件,READY,9.0,一般,均線結構｜法人偏多,16.477,2026-10-09 02:34:55
6488,環球晶,,TEST,突破中,4,13,準IGNITION,前狀態:nan→今日:突破中｜狀態跳升｜具備點火條件,READY,9.0,一般,均線結構｜法人偏多,15.083,2026-10-09 02:34:55
3023,信邦,WATCH,TEST,突破中,4,13,準IGNITION,前狀態:nan→今日:突破中｜狀態跳升｜具備點火條件,READY,9.0,一般,均線結構｜法人偏多,81.188,2026-10-09 02:34:55
3624,光頡,,TEST,突破中,4,13,準IGNITION,前狀態:nan→今日:突破中｜狀態跳升｜具備點火條件,READY,9.0,一般,均線結構｜法人偏多,18.363,2026-10-09 02:34:55
8086,宏捷科,,TEST,突破中,4,13,準IGNITION,前狀態:nan→今日:突破中｜狀態跳升｜具備點火條件,READY,9.0,一般,均線結構｜法人偏多,18.691,2026-10-09 02:34:55
3105,穩懋,,TEST,突破中,4,13,準IGNITION,前狀態:nan→今日:突破中｜狀態跳升｜具備點火條件,READY,9.0,一般,均線結構｜法人偏多,16.149,2026-10-09 02:34:55
5483,中美晶,,TEST,突破中,4,13,準IGNITION,前狀態:nan→今日:突破中｜狀態跳升｜具備點火條件,READY,9.0,一般,均線結構｜法人偏多,17.133,2026-10-09 02:34:55
3707,漢磊,,TEST,突破中,4,13,準IGNITION,前狀態:nan→今日:突破中｜狀態跳升｜具備點火條件,READY,9.0,一般,均線結構｜法人偏多,14.099,2026-10-09 02:34:55
8042,金山電,,TEST,突破中,4,13,準IGNITION,前狀態:nan→今日:突破中｜狀態跳升｜具備點火條件,READY,9.0,一般,均線結構｜法人偏多,18.691,2026-10-09 02:34:55
3264,欣銓,,TEST,突破中,4,13,準IGNITION,首次追蹤:突破中｜狀態跳升｜具備點火條件,READY,9.0,一般,均線結構｜法人偏多,19.347,2026-10-09 02:34:55
5475,德宏,,TEST,突破中,4,13,準IGNITION,前狀態:nan→今日:突破中｜狀態跳升｜具備點火條件,READY,9.0,一般,均線結構｜法人偏多,19.347,2026-10-09 02:34:55
6127,九豪,,TEST,突破中,4,13,準IGNITION,前狀態:nan→今日:突破中｜狀態跳升｜具備點火條件,READY,9.0,一般,均線結構｜法人偏多,18.691,2026-10-09 02:34:55
6274,台燿,,TEST,突破中,4,13,準IGNITION,首次追蹤:突破中｜狀態跳升｜具備點火條件,READY,9.0,一般,均線結構｜法人偏多,18.24,2026-10-09 02:34:55
2301,光寶科,WATCH,TEST,突破中,4,13,準IGNITION,前狀態:nan→今日:突破中｜狀態跳升｜具備點火條件,READY,9.0,一般,均線結構｜法人偏多,80.614,2026-10-09 02:34:55
1723,中碳,TEST,TEST,試盤中,3,11,升級觀察,前狀態:nan→今日:試盤中｜狀態跳升｜狀態轉強,WATCH_UP,12.0,一般,爆量不跌｜法人偏多,81.848,2026-10-09 02:34:55
2881,富邦金,,TEST,突破中,4,13,準IGNITION,前狀態:nan→今日:突破中｜狀態跳升｜具備點火條件,READY,5.0,一般,均線結構,17.619,2026-10-09 02:34:55
3374,精材,,TEST,突破中,4,13,準IGNITION,前狀態:nan→今日:突破中｜狀態跳升｜具備點火條件,READY,9.0,一般,均線結構｜法人偏多,16.149,2026-10-09 02:34:55
8111,立碁,,TEST,突破中,4,13,準IGNITION,前狀態:nan→今日:突破中｜狀態跳升｜具備點火條件,READY,9.0,一般,均線結構｜法人偏多,13.46,2026-10-09 02:34:55
3324,雙鴻,,TEST,突破中,4,13,準IGNITION,首次追蹤:突破中｜狀態跳升｜具備點火條件,READY,9.0,一般,均線結構｜法人偏多,17.256,2026-10-09 02:34:55
3236,千如,,TEST,突破中,4,13,準IGNITION,前狀態:nan→今日:突破中｜狀態跳升｜具備點火條件,READY,9.0,一般,均線結構｜法人偏多,15.821,2026-10-09 02:34:55
5347,世界,,TEST,突破中,4,13,準IGNITION,前狀態:nan→今日:突破中｜狀態跳升｜具備點火條件,READY,9.0,一般,均線結構｜法人偏多,16.395,2026-10-09 02:34:55
1795,美時,WATCH,TEST,觀察,0,0,持續觀察,前狀態:nan→今日:觀察,NO,0.0,一般,,53.698,2026-10-09 02:34:55
5309,系統電,,TEST,突破中,4,13,準IGNITION,前狀態:nan→今日:突破中｜狀態跳升｜具備點火條件,READY,9.0,一般,均線結構｜法人偏多,16.395,2026-10-09 02:34:55
5340,建榮,,TEST,突破中,4,13,準IGNITION,前狀態:nan→今日:突破中｜狀態跳升｜具備點火條件,READY,9.0,一般,均線結構｜法人偏多,17.133,2026-10-09 02:34:55
5351,鈺創,,TEST,突破中,4,13,準IGNITION,前狀態:nan→今日:突破中｜狀態跳升｜具備點火條件,READY,9.0,一般,均線結構｜法人偏多,13.788,2026-10-09 02:34:55
4908,前鼎,,TEST,突破中,4,13,準IGNITION,前狀態:nan→今日:突破中｜狀態跳升｜具備點火條件,READY,9.0,一般,均線結構｜法人偏多,14.755,2026-10-09 02:34:55
2002,中鋼,,TEST,觀察,0,0,持續觀察,前狀態:nan→今日:觀察,NO,0.0,一般,,10.053,2026-10-09 02:34:55
6199,天品,,TEST,突破中,4,13,準IGNITION,前狀態:nan→今日:突破中｜狀態跳升｜具備點火條件,READY,5.0,一般,均線結構,17.643,2026-10-09 02:34:55
1216,統一,,TEST,觀察,0,0,持續觀察,前狀態:nan→今日:觀察,NO,0.0,一般,,10.709,2026-10-09 02:34:55
3081,聯亞,,TEST,突破中,4,13,準IGNITION,前狀態:nan→今日:突破中｜狀態跳升｜具備點火條件,READY,9.0,一般,均線結構｜法人偏多,15.739,2026-10-09 02:34:55
5425,台半,,TEST,突破中,4,13,準IGNITION,前狀態:nan→今日:突破中｜狀態跳升｜具備點火條件,READY,9.0,一般,均線結構｜法人偏多,15.739,2026-10-09 02:34:55
6187,萬潤,,TEST,突破中,4,13,準IGNITION,前狀態:nan→今日:突破中｜狀態跳升｜具備點火條件,READY,9.0,一般,均線結構｜法人偏多,13.788,2026-10-09 02:34:55
4979,華星光,,TEST,突破中,4,13,準IGNITION,前狀態:nan→今日:突破中｜狀態跳升｜具備點火條件,READY,9.0,一般,均線結構｜法人偏多,16.395,2026-10-09 02:34:55
8358,金居,,TEST,突破中,4,13,準IGNITION,前狀態:nan→今日:突破中｜狀態跳升｜具備點火條件,READY,9.0,一般,均線結構｜法人偏多,17.01,2026-10-09 02:34:55
3265,台星科,,TEST,突破中,4,13,準IGNITION,前狀態:nan→今日:突破中｜狀態跳升｜具備點火條件,READY,9.0,一般,均線結構｜法人偏多,16.543,2026-10-09 02:34:55
4931,新盛力,,TEST,突破中,4,13,準IGNITION,前狀態:nan→今日:突破中｜狀態跳升｜具備點火條件,READY,9.0,一般,均線結構｜法人偏多,16.395,2026-10-09 02:34:55
2527,宏璟,WATCH,TEST,突破中,4,13,準IGNITION,前狀態:nan→今日:突破中｜狀態跳升｜具備點火條件,READY,5.0,一般,均線結構,100.066,2026-10-09 02:34:55
3008,大立光,,TEST,突破中,4,13,準IGNITION,前狀態:nan→今日:突破中｜狀態跳升｜具備點火條件,READY,5.0,一般,均線結構,14.757,2026-10-09 02:34:55
6179,亞通,,TEST,突破中,4,13,準IGNITION,前狀態:nan→今日:突破中｜狀態跳升｜具備點火條件,READY,9.0,一般,均線結構｜法人偏多,14.403,2026-10-09 02:34:55
3025,星通,WATCH,TEST,試盤中,3,11,升級觀察,前狀態:nan→今日:試盤中｜狀態跳升｜狀態轉強,WATCH_UP,12.0,一般,爆量不跌｜法人偏多,85.718,2026-10-09 02:34:55
8299,群聯,,TEST,突破中,4,13,準IGNITION,首次追蹤:突破中｜狀態跳升｜具備點火條件,READY,9.0,一般,均線結構｜法人偏多,16.395,2026-10-09 02:34:55
3234,光環,,TEST,觀察,0,0,持續觀察,前狀態:nan→今日:觀察,NO,4.0,一般,法人偏多,8.239,2026-10-09 02:34:55
1717,長興,,TEST,突破中,4,13,準IGNITION,前狀態:nan→今日:突破中｜狀態跳升｜具備點火條件,READY,5.0,一般,均線結構,15.101,2026-10-09 02:34:55
3709,鑫聯大投控,,TEST,觀察,0,0,持續觀察,前狀態:nan→今日:觀察,NO,4.0,一般,法人偏多,11.929,2026-10-09 02:34:55
3211,順達,,TEST,突破中,4,13,準IGNITION,前狀態:nan→今日:突破中｜狀態跳升｜具備點火條件,READY,9.0,一般,均線結構｜法人偏多,16.477,2026-10-09 02:34:55
3362,先進光,,TEST,突破中,4,13,準IGNITION,前狀態:nan→今日:突破中｜狀態跳升｜具備點火條件,READY,9.0,一般,均線結構｜法人偏多,14.403,2026-10-09 02:34:55
6207,雷科,,TEST,突破中,4,13,準IGNITION,前狀態:nan→今日:突破中｜狀態跳升｜具備點火條件,READY,9.0,一般,均線結構｜法人偏多,17.133,2026-10-09 02:34:55
4991,環宇-KY,,TEST,突破中,4,13,準IGNITION,首次追蹤:突破中｜狀態跳升｜具備點火條件,READY,9.0,一般,均線結構｜法人偏多,18.24,2026-10-09 02:34:55
4167,松瑞藥,,TEST,突破中,4,13,準IGNITION,前狀態:nan→今日:突破中｜狀態跳升｜具備點火條件,READY,5.0,一般,均線結構,17.52,2026-10-09 02:34:55
8043,蜜望實,,TEST,突破中,4,13,準IGNITION,前狀態:nan→今日:突破中｜狀態跳升｜具備點火條件,READY,9.0,一般,均線結構｜法人偏多,17.584,2026-10-09 02:34:55
3147,大綜,,TEST,突破中,4,13,準IGNITION,前狀態:nan→今日:突破中｜狀態跳升｜具備點火條件,READY,9.0,一般,均線結構｜法人偏多,17.133,2026-10-09 02:34:55
8289,泰藝,,TEST,突破中,4,13,準IGNITION,前狀態:nan→今日:突破中｜狀態跳升｜具備點火條件,READY,9.0,一般,均線結構｜法人偏多,18.691,2026-10-09 02:34:55
1569,濱川,,TEST,突破中,4,13,準IGNITION,前狀態:nan→今日:突破中｜狀態跳升｜具備點火條件,READY,9.0,一般,均線結構｜法人偏多,15.411,2026-10-09 02:34:55
5876,上海商銀,,TEST,突破中,4,13,準IGNITION,首次追蹤:突破中｜狀態跳升｜具備點火條件,READY,5.0,一般,均線結構,20.784,2026-10-09 02:34:55
3163,波若威,,TEST,觀察,0,0,持續觀察,前狀態:nan→今日:觀察,NO,4.0,一般,法人偏多,10.371,2026-10-09 02:34:55
5274,信驊,,TEST,觀察,0,0,持續觀察,首次追蹤:觀察,NO,4.0,一般,法人偏多,11.068,2026-10-09 02:34:55
3363,上詮,,TEST,觀察,0,0,持續觀察,前狀態:nan→今日:觀察,NO,4.0,一般,法人偏多,8.239,2026-10-09 02:34:55
6217,中探針,,TEST,突破中,4,13,準IGNITION,前狀態:nan→今日:突破中｜狀態跳升｜具備點火條件,READY,9.0,一般,均線結構｜法人偏多,16.477,2026-10-09 02:34:55
5328,華容,,TEST,觀察,0,0,持續觀察,前狀態:nan→今日:觀察,NO,4.0,一般,法人偏多,9.715,2026-10-09 02:34:55
6547,高端疫苗,,TEST,突破中,4,13,準IGNITION,前狀態:nan→今日:突破中｜狀態跳升｜具備點火條件,READY,9.0,一般,均線結構｜法人偏多,14.444,2026-10-09 02:34:55
6811,宏碁資訊,,TEST,突破中,4,13,準IGNITION,前狀態:nan→今日:突破中｜狀態跳升｜具備點火條件,READY,5.0,一般,均線結構,16.413,2026-10-09 02:34:55
6670,復盛應用,WATCH,TEST,突破中,4,13,準IGNITION,前狀態:nan→今日:突破中｜狀態跳升｜具備點火條件,READY,17.0,主力吸籌,爆量不跌｜均線結構｜法人偏多,94.817,2026-10-09 02:34:55
6548,長科*,,TEST,突破中,4,13,準IGNITION,前狀態:nan→今日:突破中｜狀態跳升｜具備點火條件,READY,9.0,一般,均線結構｜法人偏多,16.477,2026-10-09 02:34:55
5439,高技,,TEST,突破中,4,13,準IGNITION,前狀態:nan→今日:突破中｜狀態跳升｜具備點火條件,READY,9.0,一般,均線結構｜法人偏多,15.739,2026-10-09 02:34:55
4807,日成-KY,TEST,TEST,吸籌中,1,5,持續觀察,首次追蹤:吸籌中｜狀態升級,NO,8.0,一般,爆量不跌,92.906,2026-10-09 02:34:55
6190,萬泰科,,TEST,突破中,4,13,準IGNITION,前狀態:nan→今日:突破中｜狀態跳升｜具備點火條件,READY,9.0,一般,均線結構｜法人偏多,17.133,2026-10-09 02:34:55
8081,致新,WATCH,TEST,觀察,0,0,持續觀察,前狀態:nan→今日:觀察,NO,4.0,一般,法人偏多,73.319,2026-10-09 02:34:55
3221,台嘉碩,,TEST,突破中,4,13,準IGNITION,前狀態:nan→今日:突破中｜狀態跳升｜具備點火條件,READY,9.0,一般,均線結構｜法人偏多,18.24,2026-10-09 02:34:55
1760,寶齡富錦,WATCH,TEST,吸籌中,1,5,持續觀察,首次追蹤:吸籌中｜狀態升級,NO,8.0,一般,爆量不跌,76.998,2026-10-09 02:34:55
6620,漢達,,TEST,突破中,4,13,準IGNITION,前狀態:nan→今日:突破中｜狀態跳升｜具備點火條件,READY,9.0,一般,均線結構｜法人偏多,12.804,2026-10-09 02:34:55
3564,其陽,,TEST,突破中,4,13,準IGNITION,前狀態:nan→今日:突破中｜狀態跳升｜具備點火條件,READY,9.0,一般,均線結構｜法人偏多,19.347,2026-10-09 02:34:55
5230,雷笛克光學,,TEST,突破中,4,13,準IGNITION,前狀態:nan→今日:突破中｜狀態跳升｜具備點火條件,READY,9.0,一般,均線結構｜法人偏多,19.347,2026-10-09 02:34:55
3491,昇達科,,TEST,突破中,4,13,準IGNITION,前狀態:nan→今日:突破中｜狀態跳升｜具備點火條件,READY,9.0,一般,均線結構｜法人偏多,14.444,2026-10-09 02:34:55
2243,宏旭-KY,WATCH,TEST,突破中,4,13,準IGNITION,前狀態:nan→今日:突破中｜狀態跳升｜具備點火條件,READY,5.0,一般,均線結構,98.672,2026-10-09 02:34:55
6290,良維,,TEST,突破中,4,13,準IGNITION,前狀態:nan→今日:突破中｜狀態跳升｜具備點火條件,READY,9.0,一般,均線結構｜法人偏多,16.125,2026-10-09 02:34:55
1609,大亞,,TEST,突破中,4,13,準IGNITION,前狀態:nan→今日:突破中｜狀態跳升｜具備點火條件,READY,9.0,一般,均線結構｜法人偏多,15.977,2026-10-09 02:34:55
4749,新應材,,TEST,觀察,0,0,持續觀察,前狀態:nan→今日:觀察,NO,4.0,一般,法人偏多,9.633,2026-10-09 02:34:55
8932,智通*,,TEST,觀察,0,0,持續觀察,前狀態:nan→今日:觀察,NO,4.0,一般,法人偏多,10.371,2026-10-09 02:34:55
4760,勤凱,,TEST,突破中,4,13,準IGNITION,前狀態:nan→今日:突破中｜狀態跳升｜具備點火條件,READY,9.0,一般,均線結構｜法人偏多,19.347,2026-10-09 02:34:55
3498,陽程,,TEST,突破中,4,13,準IGNITION,前狀態:nan→今日:突破中｜狀態跳升｜具備點火條件,READY,9.0,一般,均線結構｜法人偏多,17.01,2026-10-09 02:34:55
3680,家登,,TEST,突破中,4,13,準IGNITION,前狀態:nan→今日:突破中｜狀態跳升｜具備點火條件,READY,9.0,一般,均線結構｜法人偏多,18.24,2026-10-09 02:34:55
4971,IET-KY,,TEST,突破中,4,13,準IGNITION,前狀態:nan→今日:突破中｜狀態跳升｜具備點火條件,READY,9.0,一般,均線結構｜法人偏多,17.133,2026-10-09 02:34:55
3529,力旺,,TEST,突破中,4,13,準IGNITION,首次追蹤:突破中｜狀態跳升｜具備點火條件,READY,9.0,一般,均線結構｜法人偏多,16.395,2026-10-09 02:34:55
6603,富強鑫,,TEST,突破中,4,13,準IGNITION,前狀態:nan→今日:突破中｜狀態跳升｜具備點火條件,READY,9.0,一般,均線結構｜法人偏多,18.24,2026-10-09 02:34:55
8121,越峰,,TEST,突破中,4,13,準IGNITION,前狀態:nan→今日:突破中｜狀態跳升｜具備點火條件,READY,9.0,一般,均線結構｜法人偏多,16.477,2026-10-09 02:34:55
4114,健喬,,TEST,突破中,4,13,準IGNITION,前狀態:nan→今日:突破中｜狀態跳升｜具備點火條件,READY,9.0,一般,均線結構｜法人偏多,18.691,2026-10-09 02:34:55
1513,中興電,,TEST,突破中,4,13,準IGNITION,前狀態:nan→今日:突破中｜狀態跳升｜具備點火條件,READY,9.0,一般,均線結構｜法人偏多,18.741,2026-10-09 02:34:55
3675,德微,,TEST,突破中,4,13,準IGNITION,前狀態:nan→今日:突破中｜狀態跳升｜具備點火條件,READY,9.0,一般,均線結構｜法人偏多,14.427,2026-10-09 02:34:55
1731,美吾華,,TEST,突破中,4,13,準IGNITION,前狀態:nan→今日:突破中｜狀態跳升｜具備點火條件,READY,13.0,一般,爆量不跌｜均線結構,21.798,2026-10-09 02:34:55
6244,茂迪,,TEST,觀察,0,0,持續觀察,首次追蹤:觀察,NO,4.0,一般,法人偏多,8.977,2026-10-09 02:34:55
4714,永捷,,TEST,突破中,4,13,準IGNITION,前狀態:nan→今日:突破中｜狀態跳升｜具備點火條件,READY,5.0,一般,均線結構,16.413,2026-10-09 02:34:55
8936,國統,,TEST,突破中,4,13,準IGNITION,前狀態:nan→今日:突破中｜狀態跳升｜具備點火條件,READY,9.0,一般,均線結構｜法人偏多,18.24,2026-10-09 02:34:55
1595,川寶,,TEST,突破中,4,13,準IGNITION,首次追蹤:突破中｜狀態跳升｜具備點火條件,READY,9.0,一般,均線結構｜法人偏多,13.788,2026-10-09 02:34:55
6122,擎邦,,TEST,突破中,4,13,準IGNITION,前狀態:nan→今日:突破中｜狀態跳升｜具備點火條件,READY,9.0,一般,均線結構｜法人偏多,18.24,2026-10-09 02:34:55
5515,建國,WATCH,TEST,突破中,4,13,準IGNITION,前狀態:nan→今日:突破中｜狀態跳升｜具備點火條件,READY,5.0,一般,均線結構,80.099,2026-10-09 02:34:55
7792,安葆,,TEST,突破中,4,13,準IGNITION,首次追蹤:突破中｜狀態跳升｜具備點火條件,READY,9.0,一般,均線結構｜法人偏多,17.256,2026-10-09 02:34:55
5498,凱崴,,TEST,突破中,4,13,準IGNITION,前狀態:nan→今日:突破中｜狀態跳升｜具備點火條件,READY,9.0,一般,均線結構｜法人偏多,15.083,2026-10-09 02:34:55
6683,雍智科技,,TEST,突破中,4,13,準IGNITION,首次追蹤:突破中｜狀態跳升｜具備點火條件,READY,9.0,一般,均線結構｜法人偏多,13.788,2026-10-09 02:34:55
1608,華榮,,TEST,突破中,4,13,準IGNITION,前狀態:nan→今日:突破中｜狀態跳升｜具備點火條件,READY,9.0,一般,均線結構｜法人偏多,17.461,2026-10-09 02:34:55
6223,旺矽,,TEST,觀察,0,0,持續觀察,前狀態:nan→今日:觀察,NO,4.0,一般,法人偏多,9.305,2026-10-09 02:34:55
6727,亞泰金屬,,TEST,突破中,4,13,準IGNITION,前狀態:nan→今日:突破中｜狀態跳升｜具備點火條件,READY,9.0,一般,均線結構｜法人偏多,18.24,2026-10-09 02:34:55
6667,信紘科,,TEST,突破中,4,13,準IGNITION,前狀態:nan→今日:突破中｜狀態跳升｜具備點火條件,READY,9.0,一般,均線結構｜法人偏多,18.24,2026-10-09 02:34:55
2915,潤泰全,,TEST,突破中,4,13,準IGNITION,前狀態:nan→今日:突破中｜狀態跳升｜具備點火條件,READY,9.0,一般,均線結構｜法人偏多,19.634,2026-10-09 02:34:55
5452,佶優,,TEST,突破中,4,13,準IGNITION,前狀態:nan→今日:突破中｜狀態跳升｜具備點火條件,READY,9.0,一般,均線結構｜法人偏多,16.395,2026-10-09 02:34:55
3162,精確,,TEST,突破中,4,13,準IGNITION,前狀態:nan→今日:突破中｜狀態跳升｜具備點火條件,READY,9.0,一般,均線結構｜法人偏多,16.395,2026-10-09 02:34:55
5443,均豪,,TEST,突破中,4,13,準IGNITION,前狀態:nan→今日:突破中｜狀態跳升｜具備點火條件,READY,9.0,一般,均線結構｜法人偏多,16.395,2026-10-09 02:34:55
1604,聲寶,,TEST,突破中,4,13,準IGNITION,前狀態:nan→今日:突破中｜狀態跳升｜具備點火條件,READY,13.0,一般,爆量不跌｜均線結構,20.387,2026-10-09 02:34:55
3455,由田,,TEST,突破中,4,13,準IGNITION,前狀態:nan→今日:突破中｜狀態跳升｜具備點火條件,READY,9.0,一般,均線結構｜法人偏多,19.306,2026-10-09 02:34:55
6416,瑞祺電通,,TEST,突破中,4,13,準IGNITION,首次追蹤:突破中｜狀態跳升｜具備點火條件,READY,9.0,一般,均線結構｜法人偏多,18.88,2026-10-09 02:34:55
3689,湧德,,TEST,突破中,4,13,準IGNITION,前狀態:nan→今日:突破中｜狀態跳升｜具備點火條件,READY,9.0,一般,均線結構｜法人偏多,14.444,2026-10-09 02:34:55
8040,九暘,,TEST,突破中,4,13,準IGNITION,前狀態:nan→今日:突破中｜狀態跳升｜具備點火條件,READY,9.0,一般,均線結構｜法人偏多,16.395,2026-10-09 02:34:55
6469,大樹,,TEST,觀察,0,0,持續觀察,前狀態:nan→今日:觀察,NO,4.0,一般,法人偏多,10.371,2026-10-09 02:34:55
4123,晟德,,TEST,觀察,0,0,持續觀察,前狀態:nan→今日:觀察,NO,4.0,一般,法人偏多,12.585,2026-10-09 02:34:55
4556,旭然,,TEST,突破中,4,13,準IGNITION,前狀態:nan→今日:突破中｜狀態跳升｜具備點火條件,READY,9.0,一般,均線結構｜法人偏多,18.978,2026-10-09 02:34:55
5011,久陽,,TEST,突破中,4,13,準IGNITION,前狀態:nan→今日:突破中｜狀態跳升｜具備點火條件,READY,9.0,一般,均線結構｜法人偏多,17.133,2026-10-09 02:34:55
4105,東洋,,TEST,突破中,4,13,準IGNITION,前狀態:nan→今日:突破中｜狀態跳升｜具備點火條件,READY,9.0,一般,均線結構｜法人偏多,19.347,2026-10-09 02:34:55
7717,萊德光電-KY,,TEST,突破中,4,13,準IGNITION,前狀態:nan→今日:突破中｜狀態跳升｜具備點火條件,READY,9.0,一般,均線結構｜法人偏多,17.01,2026-10-09 02:34:55
5263,智崴,,TEST,突破中,4,13,準IGNITION,前狀態:nan→今日:突破中｜狀態跳升｜具備點火條件,READY,9.0,一般,均線結構｜法人偏多,17.584,2026-10-09 02:34:55
3023,信邦,WATCH,TEST,突破中,4,13,準IGNITION,前狀態:nan→今日:突破中｜狀態跳升｜具備點火條件,READY,9.0,一般,均線結構｜法人偏多,81.188,2026-10-09 02:34:55
4772,台特化,,TEST,突破中,4,13,準IGNITION,前狀態:nan→今日:突破中｜狀態跳升｜具備點火條件,READY,9.0,一般,均線結構｜法人偏多,15.739,2026-10-09 02:34:55
6530,創威,,TEST,突破中,4,13,準IGNITION,前狀態:nan→今日:突破中｜狀態跳升｜具備點火條件,READY,9.0,一般,均線結構｜法人偏多,16.395,2026-10-09 02:34:55
4766,南寶,WATCH,TEST,突破中,4,13,準IGNITION,前狀態:nan→今日:突破中｜狀態跳升｜具備點火條件,READY,5.0,一般,均線結構,84.724,2026-10-09 02:34:55
4128,中天,,TEST,突破中,4,13,準IGNITION,前狀態:nan→今日:突破中｜狀態跳升｜具備點火條件,READY,9.0,一般,均線結構｜法人偏多,16.477,2026-10-09 02:34:55
2608,嘉里大榮,,TEST,觀察,0,0,持續觀察,首次追蹤:觀察,NO,0.0,一般,,10.89,2026-10-09 02:34:55
6121,新普,,TEST,觀察,0,0,持續觀察,前狀態:nan→今日:觀察,NO,4.0,一般,法人偏多,7.911,2026-10-09 02:34:55
3227,原相,,TEST,觀察,0,0,持續觀察,前狀態:nan→今日:觀察,NO,4.0,一般,法人偏多,10.371,2026-10-09 02:34:55
5392,能率,,TEST,觀察,0,0,持續觀察,前狀態:nan→今日:觀察,NO,4.0,一般,法人偏多,7.911,2026-10-09 02:34:55
8050,廣積,,TEST,突破中,4,13,準IGNITION,前狀態:nan→今日:突破中｜狀態跳升｜具備點火條件,READY,5.0,一般,均線結構,13.068,2026-10-09 02:34:55
4966,譜瑞-KY,,TEST,觀察,0,0,持續觀察,前狀態:nan→今日:觀察,NO,4.0,一般,法人偏多,8.977,2026-10-09 02:34:55
1795,美時,WATCH,TEST,觀察,0,0,持續觀察,前狀態:nan→今日:觀察,NO,0.0,一般,,53.698,2026-10-09 02:34:55
3066,李洲,,TEST,突破中,4,13,準IGNITION,首次追蹤:突破中｜狀態跳升｜具備點火條件,READY,5.0,一般,均線結構,15.675,2026-10-09 02:34:55
6693,廣閎科,,TEST,突破中,4,13,準IGNITION,前狀態:nan→今日:突破中｜狀態跳升｜具備點火條件,READY,9.0,一般,均線結構｜法人偏多,13.788,2026-10-09 02:34:55
6138,茂達,,TEST,觀察,0,0,持續觀察,前狀態:nan→今日:觀察,NO,4.0,一般,法人偏多,7.682,2026-10-09 02:34:55
2707,晶華,,TEST,觀察,0,0,持續觀察,前狀態:nan→今日:觀察,NO,0.0,一般,,12.366,2026-10-09 02:34:55
3587,閎康,,TEST,觀察,0,0,持續觀察,前狀態:nan→今日:觀察,NO,4.0,一般,法人偏多,9.633,2026-10-09 02:34:55
8155,博智,,TEST,突破中,4,13,準IGNITION,前狀態:nan→今日:突破中｜狀態跳升｜具備點火條件,READY,9.0,一般,均線結構｜法人偏多,16.395,2026-10-09 02:34:55
6180,橘子,,TEST,觀察,0,0,持續觀察,前狀態:nan→今日:觀察,NO,4.0,一般,法人偏多,8.649,2026-10-09 02:34:55
6643,M31,,TEST,突破中,4,13,準IGNITION,前狀態:nan→今日:突破中｜狀態跳升｜具備點火條件,READY,9.0,一般,均線結構｜法人偏多,16.395,2026-10-09 02:34:55
6284,佳邦,,TEST,觀察,0,0,持續觀察,前狀態:nan→今日:觀察,NO,4.0,一般,法人偏多,9.633,2026-10-09 02:34:55
6509,聚和,,TEST,突破中,4,13,準IGNITION,前狀態:nan→今日:突破中｜狀態跳升｜具備點火條件,READY,9.0,一般,均線結構｜法人偏多,17.133,2026-10-09 02:34:55
6188,廣明,,TEST,觀察,0,0,持續觀察,前狀態:nan→今日:觀察,NO,4.0,一般,法人偏多,8.567,2026-10-09 02:34:55
8054,安國,,TEST,觀察,0,0,持續觀察,首次追蹤:觀察,NO,4.0,一般,法人偏多,7.682,2026-10-09 02:34:55
2546,根基,WATCH,TEST,突破中,4,13,準IGNITION,前狀態:nan→今日:突破中｜狀態跳升｜具備點火條件,READY,5.0,一般,均線結構,70.763,2026-10-09 02:34:55
4768,晶呈科技,,TEST,突破中,4,13,準IGNITION,前狀態:nan→今日:突破中｜狀態跳升｜具備點火條件,READY,9.0,一般,均線結構｜法人偏多,17.133,2026-10-09 02:34:55
3615,安可,,TEST,突破中,4,13,準IGNITION,前狀態:nan→今日:突破中｜狀態跳升｜具備點火條件,READY,9.0,一般,均線結構｜法人偏多,14.427,2026-10-09 02:34:55
3388,崇越電,,TEST,突破中,4,13,準IGNITION,前狀態:nan→今日:突破中｜狀態跳升｜具備點火條件,READY,9.0,一般,均線結構｜法人偏多,14.854,2026-10-09 02:34:55
3338,泰碩,,TEST,突破中,4,13,準IGNITION,前狀態:nan→今日:突破中｜狀態跳升｜具備點火條件,READY,9.0,一般,均線結構｜法人偏多,17.65,2026-10-09 02:34:55
2023,燁輝,,TEST,觀察,0,0,持續觀察,前狀態:nan→今日:觀察,NO,0.0,一般,,15.441,2026-10-09 02:34:55
4162,智擎,,TEST,觀察,0,0,持續觀察,前狀態:nan→今日:觀察,NO,4.0,一般,法人偏多,9.715,2026-10-09 02:34:55
8038,長園科,,TEST,突破中,4,13,準IGNITION,前狀態:nan→今日:突破中｜狀態跳升｜具備點火條件,READY,5.0,一般,均線結構,16.208,2026-10-09 02:34:55
3088,艾訊,,TEST,觀察,0,0,持續觀察,前狀態:nan→今日:觀察,NO,4.0,一般,法人偏多,8.338,2026-10-09 02:34:55
1451,年興,,TEST,吸籌中,1,5,持續觀察,首次追蹤:吸籌中｜狀態升級,NO,8.0,一般,爆量不跌,18.286,2026-10-09 02:34:55
6588,東典光電,,TEST,觀察,0,0,持續觀察,首次追蹤:觀察,NO,4.0,一般,法人偏多,10.248,2026-10-09 02:34:55
7777,能率亞洲,,TEST,觀察,0,0,持續觀察,前狀態:nan→今日:觀察,NO,4.0,一般,法人偏多,7.682,2026-10-09 02:34:55
5426,振發,,TEST,突破中,4,13,準IGNITION,前狀態:nan→今日:突破中｜狀態跳升｜具備點火條件,READY,9.0,一般,均線結構｜法人偏多,16.395,2026-10-09 02:34:55
3551,世禾,,TEST,突破中,4,13,準IGNITION,前狀態:nan→今日:突破中｜狀態跳升｜具備點火條件,READY,9.0,一般,均線結構｜法人偏多,18.24,2026-10-09 02:34:55
4577,達航科技,,TEST,突破中,4,13,準IGNITION,前狀態:nan→今日:突破中｜狀態跳升｜具備點火條件,READY,9.0,一般,均線結構｜法人偏多,17.133,2026-10-09 02:34:55
2642,宅配通,,TEST,試盤中,3,11,升級觀察,前狀態:nan→今日:試盤中｜狀態跳升｜狀態轉強,WATCH_UP,12.0,一般,爆量不跌｜法人偏多,17.055,2026-10-09 02:34:55
6143,振曜,,TEST,觀察,0,0,持續觀察,前狀態:nan→今日:觀察,NO,4.0,一般,法人偏多,7.911,2026-10-09 02:34:55
1584,精剛,,TEST,觀察,0,0,持續觀察,前狀態:nan→今日:觀察,NO,0.0,一般,,7.847,2026-10-09 02:34:55
3630,新鉅科,,TEST,突破中,4,13,準IGNITION,前狀態:nan→今日:突破中｜狀態跳升｜具備點火條件,READY,9.0,一般,均線結構｜法人偏多,16.395,2026-10-09 02:34:55
8234,新漢,,TEST,觀察,0,0,持續觀察,前狀態:nan→今日:觀察,NO,4.0,一般,法人偏多,11.519,2026-10-09 02:34:55
3592,瑞鼎,,TEST,觀察,0,0,持續觀察,前狀態:nan→今日:觀察,NO,4.0,一般,法人偏多,14.045,2026-10-09 02:34:55
4106,雃博,,TEST,觀察,0,0,持續觀察,前狀態:nan→今日:觀察,NO,0.0,一般,,14.932,2026-10-09 02:34:55
6245,立端,,TEST,突破中,4,13,準IGNITION,前狀態:nan→今日:突破中｜狀態跳升｜具備點火條件,READY,9.0,一般,均線結構｜法人偏多,18.24,2026-10-09 02:34:55
6104,創惟,,TEST,觀察,0,0,持續觀察,前狀態:nan→今日:觀察,NO,4.0,一般,法人偏多,5.96,2026-10-09 02:34:55
6419,京晨科,,TEST,突破中,4,13,準IGNITION,前狀態:nan→今日:突破中｜狀態跳升｜具備點火條件,READY,5.0,一般,均線結構,15.675,2026-10-09 02:34:55
6261,久元,,TEST,觀察,0,0,持續觀察,前狀態:nan→今日:觀察,NO,4.0,一般,法人偏多,9.633,2026-10-09 02:34:55
3479,安勤,,TEST,觀察,0,0,持續觀察,前狀態:nan→今日:觀察,NO,0.0,一般,,9.569,2026-10-09 02:34:55
3580,友威科,,TEST,突破中,4,13,準IGNITION,前狀態:nan→今日:突破中｜狀態跳升｜具備點火條件,READY,9.0,一般,均線結構｜法人偏多,19.347,2026-10-09 02:34:55
7751,竑騰,,TEST,突破中,4,13,準IGNITION,前狀態:nan→今日:突破中｜狀態跳升｜具備點火條件,READY,9.0,一般,均線結構｜法人偏多,17.133,2026-10-09 02:34:55
4721,美琪瑪,,TEST,突破中,4,13,準IGNITION,前狀態:nan→今日:突破中｜狀態跳升｜具備點火條件,READY,9.0,一般,均線結構｜法人偏多,16.395,2026-10-09 02:34:55
6204,艾華,,TEST,突破中,4,13,準IGNITION,前狀態:nan→今日:突破中｜狀態跳升｜具備點火條件,READY,9.0,一般,均線結構｜法人偏多,18.24,2026-10-09 02:34:55
4923,力士,,TEST,突破中,4,13,準IGNITION,首次追蹤:突破中｜狀態跳升｜具備點火條件,READY,9.0,一般,均線結構｜法人偏多,16.395,2026-10-09 02:34:55
9944,新麗,,TEST,吸籌中,1,5,持續觀察,前狀態:nan→今日:吸籌中｜狀態升級,NO,8.0,一般,爆量不跌,20.312,2026-10-09 02:34:55
2641,正德,,TEST,觀察,0,0,持續觀察,前狀態:nan→今日:觀察,NO,0.0,一般,,6.511,2026-10-09 02:34:55
3537,堡達,,TEST,突破中,4,13,準IGNITION,前狀態:nan→今日:突破中｜狀態跳升｜具備點火條件,READY,9.0,一般,均線結構｜法人偏多,16.477,2026-10-09 02:34:55
8081,致新,WATCH,TEST,觀察,0,0,持續觀察,前狀態:nan→今日:觀察,NO,4.0,一般,法人偏多,77.583,2026-10-09 02:34:55
5291,邑昇,,TEST,突破中,4,13,準IGNITION,前狀態:nan→今日:突破中｜狀態跳升｜具備點火條件,READY,9.0,一般,均線結構｜法人偏多,15.083,2026-10-09 02:34:55
3483,力致,,TEST,突破中,4,13,準IGNITION,前狀態:nan→今日:突破中｜狀態跳升｜具備點火條件,READY,9.0,一般,均線結構｜法人偏多,13.788,2026-10-09 02:34:55
6582,申豐,WATCH,TEST,吸籌中,1,5,持續觀察,前狀態:nan→今日:吸籌中｜狀態升級,NO,8.0,一般,爆量不跌,73.534,2026-10-09 02:34:55
3228,金麗科,,TEST,觀察,0,0,持續觀察,前狀態:nan→今日:觀察,NO,4.0,一般,法人偏多,10.617,2026-10-09 02:34:55
8088,品安,,TEST,觀察,0,0,持續觀察,前狀態:nan→今日:觀察,NO,4.0,一般,法人偏多,9.633,2026-10-09 02:34:55
3663,鑫科,,TEST,觀察,0,0,持續觀察,前狀態:nan→今日:觀察,NO,4.0,一般,法人偏多,9.633,2026-10-09 02:34:55
4147,中裕,,TEST,觀察,0,0,持續觀察,首次追蹤:觀察,NO,4.0,一般,法人偏多,8.297,2026-10-09 02:34:55
6756,威鋒電子,,TEST,觀察,0,0,持續觀察,前狀態:nan→今日:觀察,NO,4.0,一般,法人偏多,11.282,2026-10-09 02:34:55
8436,大江,,TEST,觀察,0,0,持續觀察,前狀態:nan→今日:觀察,NO,4.0,一般,法人偏多,9.756,2026-10-09 02:34:55
6150,撼訊,,TEST,突破中,4,13,準IGNITION,前狀態:nan→今日:突破中｜狀態跳升｜具備點火條件,READY,9.0,一般,均線結構｜法人偏多,17.748,2026-10-09 02:34:55
6664,群翊,,TEST,突破中,4,13,準IGNITION,前狀態:nan→今日:突破中｜狀態跳升｜具備點火條件,READY,9.0,一般,均線結構｜法人偏多,17.133,2026-10-09 02:34:55
8240,華宏,,TEST,突破中,4,13,準IGNITION,前狀態:nan→今日:突破中｜狀態跳升｜具備點火條件,READY,9.0,一般,均線結構｜法人偏多,16.395,2026-10-09 02:34:55
8390,金益鼎,,TEST,觀察,0,0,持續觀察,前狀態:nan→今日:觀察,NO,4.0,一般,法人偏多,6.616,2026-10-09 02:34:55
6425,易發,,TEST,突破中,4,13,準IGNITION,首次追蹤:突破中｜狀態跳升｜具備點火條件,READY,9.0,一般,均線結構｜法人偏多,16.395,2026-10-09 02:34:55
6517,保勝光學,,TEST,觀察,0,0,持續觀察,前狀態:nan→今日:觀察,NO,0.0,一般,,9.569,2026-10-09 02:34:55
6840,東研信超,,TEST,突破中,4,13,準IGNITION,首次追蹤:突破中｜狀態跳升｜具備點火條件,READY,9.0,一般,均線結構｜法人偏多,17.133,2026-10-09 02:34:55
6613,朋億*,,TEST,突破中,4,13,準IGNITION,前狀態:nan→今日:突破中｜狀態跳升｜具備點火條件,READY,9.0,一般,均線結構｜法人偏多,15.083,2026-10-09 02:34:55
5202,力新,,TEST,突破中,4,13,準IGNITION,首次追蹤:突破中｜狀態跳升｜具備點火條件,READY,5.0,一般,均線結構,15.019,2026-10-09 02:34:55
3217,優群,,TEST,觀察,0,0,持續觀察,前狀態:nan→今日:觀察,NO,4.0,一般,法人偏多,8.977,2026-10-09 02:34:55
3078,僑威,,TEST,觀察,0,0,持續觀察,前狀態:nan→今日:觀察,NO,4.0,一般,法人偏多,12.585,2026-10-09 02:34:55
5465,富驊,,TEST,突破中,4,13,準IGNITION,前狀態:nan→今日:突破中｜狀態跳升｜具備點火條件,READY,5.0,一般,均線結構,15.675,2026-10-09 02:34:55
1760,寶齡富錦,WATCH,TEST,吸籌中,1,5,持續觀察,首次追蹤:吸籌中｜狀態升級,NO,8.0,一般,爆量不跌,76.998,2026-10-09 02:34:55
3691,碩禾,,TEST,觀察,0,0,持續觀察,首次追蹤:觀察,NO,4.0,一般,法人偏多,7.026,2026-10-09 02:34:55
6651,全宇昕,,TEST,突破中,4,13,準IGNITION,首次追蹤:突破中｜狀態跳升｜具備點火條件,READY,9.0,一般,均線結構｜法人偏多,13.788,2026-10-09 02:34:55
6499,益安,,TEST,突破中,4,13,準IGNITION,前狀態:nan→今日:突破中｜狀態跳升｜具備點火條件,READY,9.0,一般,均線結構｜法人偏多,16.477,2026-10-09 02:34:55
6582,申豐,WATCH,TEST,吸籌中,1,5,持續觀察,前狀態:nan→今日:吸籌中｜狀態升級,NO,8.0,一般,爆量不跌,73.534,2026-10-09 02:34:55
5515,建國,WATCH,TEST,突破中,4,13,準IGNITION,前狀態:nan→今日:突破中｜狀態跳升｜具備點火條件,READY,5.0,一般,均線結構,80.099,2026-10-09 02:34:55
3402,漢科,,TEST,突破中,4,13,準IGNITION,前狀態:nan→今日:突破中｜狀態跳升｜具備點火條件,READY,9.0,一般,均線結構｜法人偏多,13.788,2026-10-09 02:34:55
3526,凡甲,,TEST,觀察,0,0,持續觀察,前狀態:nan→今日:觀察,NO,4.0,一般,法人偏多,10.371,2026-10-09 02:34:55
4510,高鋒,,TEST,觀察,0,0,持續觀察,前狀態:nan→今日:觀察,NO,4.0,一般,法人偏多,9.838,2026-10-09 02:34:55
6712,長聖,,TEST,突破中,4,13,準IGNITION,前狀態:nan→今日:突破中｜狀態跳升｜具備點火條件,READY,9.0,一般,均線結構｜法人偏多,19.347,2026-10-09 02:34:55
3297,杭特,,TEST,突破中,4,13,準IGNITION,首次追蹤:突破中｜狀態跳升｜具備點火條件,READY,5.0,一般,均線結構,15.675,2026-10-09 02:34:55
6679,鈺太,,TEST,觀察,0,0,持續觀察,前狀態:nan→今日:觀察,NO,4.0,一般,法人偏多,9.633,2026-10-09 02:34:55
6279,胡連,,TEST,觀察,0,0,持續觀察,前狀態:nan→今日:觀察,NO,4.0,一般,法人偏多,8.953,2026-10-09 02:34:55
4953,緯軟,,TEST,觀察,0,0,持續觀察,前狀態:nan→今日:觀察,NO,4.0,一般,法人偏多,8.567,2026-10-09 02:34:55
6671,三能-KY,,TEST,試盤中,3,11,升級觀察,前狀態:nan→今日:試盤中｜狀態跳升｜狀態轉強,WATCH_UP,12.0,一般,爆量不跌｜法人偏多,15.235,2026-10-09 02:34:55
4533,協易機,,TEST,觀察,0,0,持續觀察,前狀態:nan→今日:觀察,NO,4.0,一般,法人偏多,12.134,2026-10-09 02:34:55
8085,福華,,TEST,突破中,4,13,準IGNITION,前狀態:nan→今日:突破中｜狀態跳升｜具備點火條件,READY,9.0,一般,均線結構｜法人偏多,14.526,2026-10-09 02:34:55
8076,伍豐,,TEST,觀察,0,0,持續觀察,前狀態:nan→今日:觀察,NO,0.0,一般,,8.585,2026-10-09 02:34:55
4561,健椿,,TEST,突破中,4,13,準IGNITION,前狀態:nan→今日:突破中｜狀態跳升｜具備點火條件,READY,9.0,一般,均線結構｜法人偏多,19.347,2026-10-09 02:34:55
7744,崴寶,,TEST,突破中,4,13,準IGNITION,前狀態:nan→今日:突破中｜狀態跳升｜具備點火條件,READY,9.0,一般,均線結構｜法人偏多,15.739,2026-10-09 02:34:55
6411,晶焱,,TEST,觀察,0,0,持續觀察,前狀態:nan→今日:觀察,NO,4.0,一般,法人偏多,9.633,2026-10-09 02:34:55
7714,創泓科技,,TEST,觀察,0,0,持續觀察,前狀態:nan→今日:觀察,NO,0.0,一般,,10.512,2026-10-09 02:34:55
6561,是方,,TEST,觀察,0,0,持續觀察,前狀態:nan→今日:觀察,NO,4.0,一般,法人偏多,10.33,2026-10-09 02:34:55
4766,南寶,WATCH,TEST,突破中,4,13,準IGNITION,前狀態:nan→今日:突破中｜狀態跳升｜具備點火條件,READY,5.0,一般,均線結構,84.724,2026-10-09 02:34:55
7556,意德士,,TEST,突破中,4,13,準IGNITION,首次追蹤:突破中｜狀態跳升｜具備點火條件,READY,5.0,一般,均線結構,15.019,2026-10-09 02:34:55
8109,博大,,TEST,突破中,4,13,準IGNITION,前狀態:nan→今日:突破中｜狀態跳升｜具備點火條件,READY,9.0,一般,均線結構｜法人偏多,18.691,2026-10-09 02:34:55
4581,光隆精密-KY,,TEST,吸籌中,1,5,持續觀察,前狀態:nan→今日:吸籌中｜狀態升級,NO,8.0,一般,爆量不跌,13.752,2026-10-09 02:34:55
4563,百德,,TEST,突破中,4,13,準IGNITION,前狀態:nan→今日:突破中｜狀態跳升｜具備點火條件,READY,9.0,一般,均線結構｜法人偏多,17.133,2026-10-09 02:34:55
8147,正淩,,TEST,突破中,4,13,準IGNITION,前狀態:nan→今日:突破中｜狀態跳升｜具備點火條件,READY,9.0,一般,均線結構｜法人偏多,15.739,2026-10-09 02:34:55
9911,櫻花,,TEST,觀察,0,0,持續觀察,前狀態:nan→今日:觀察,NO,-2.0,一般,法人偏多｜籌碼風險,4.248,2026-10-09 02:34:55
7810,捷創科技,,TEST,突破中,4,13,準IGNITION,前狀態:nan→今日:突破中｜狀態跳升｜具備點火條件,READY,9.0,一般,均線結構｜法人偏多,16.395,2026-10-09 02:34:55
2939,永邑-KY,WATCH,TEST,突破中,4,13,準IGNITION,前狀態:nan→今日:突破中｜狀態跳升｜具備點火條件,READY,5.0,一般,均線結構,99.729,2026-10-09 02:34:55
3169,亞信,,TEST,突破中,4,13,準IGNITION,前狀態:nan→今日:突破中｜狀態跳升｜具備點火條件,READY,9.0,一般,均線結構｜法人偏多,16.395,2026-10-09 02:34:55
4951,精拓科,,TEST,突破中,4,13,準IGNITION,首次追蹤:突破中｜狀態跳升｜具備點火條件,READY,9.0,一般,均線結構｜法人偏多,17.01,2026-10-09 02:34:55
6134,萬旭,,TEST,觀察,0,0,持續觀察,前狀態:nan→今日:觀察,NO,4.0,一般,法人偏多,9.223,2026-10-09 02:34:55
5508,永信建,,TEST,突破中,4,13,準IGNITION,前狀態:nan→今日:突破中｜狀態跳升｜具備點火條件,READY,9.0,一般,均線結構｜法人偏多,17.133,2026-10-09 02:34:55
5251,天鉞電,,TEST,突破中,4,13,準IGNITION,前狀態:nan→今日:突破中｜狀態跳升｜具備點火條件,READY,9.0,一般,均線結構｜法人偏多,15.739,2026-10-09 02:34:55
3218,大學光,,TEST,觀察,0,0,持續觀察,前狀態:nan→今日:觀察,NO,4.0,一般,法人偏多,9.838,2026-10-09 02:34:55
2546,根基,WATCH,TEST,突破中,4,13,準IGNITION,前狀態:nan→今日:突破中｜狀態跳升｜具備點火條件,READY,5.0,一般,均線結構,70.763,2026-10-09 02:34:55
6140,訊達,,TEST,突破中,4,13,準IGNITION,首次追蹤:突破中｜狀態跳升｜具備點火條件,READY,9.0,一般,均線結構｜法人偏多,19.347,2026-10-09 02:34:55
6894,衛司特,,TEST,突破中,4,13,準IGNITION,前狀態:nan→今日:突破中｜狀態跳升｜具備點火條件,READY,9.0,一般,均線結構｜法人偏多,14.444,2026-10-09 02:34:55
3508,位速,,TEST,突破中,4,13,準IGNITION,前狀態:nan→今日:突破中｜狀態跳升｜具備點火條件,READY,9.0,一般,均線結構｜法人偏多,16.395,2026-10-09 02:34:55
3071,協禧,,TEST,觀察,0,0,持續觀察,前狀態:nan→今日:觀察,NO,4.0,一般,法人偏多,11.519,2026-10-09 02:34:55
6275,元山,,TEST,突破中,4,13,準IGNITION,前狀態:nan→今日:突破中｜狀態跳升｜具備點火條件,READY,9.0,一般,均線結構｜法人偏多,16.395,2026-10-09 02:34:55
6761,穩得,,TEST,觀察,0,0,持續觀察,前狀態:nan→今日:觀察,NO,4.0,一般,法人偏多,11.642,2026-10-09 02:34:55
3213,茂訊,,TEST,觀察,0,0,持續觀察,前狀態:nan→今日:觀察,NO,4.0,一般,法人偏多,12.134,2026-10-09 02:34:55
2230,泰茂,,TEST,觀察,0,0,持續觀察,前狀態:nan→今日:觀察,NO,4.0,一般,法人偏多,7.026,2026-10-09 02:34:55
3546,宇峻,,TEST,觀察,0,0,持續觀察,前狀態:nan→今日:觀察,NO,0.0,一般,,13.177,2026-10-09 02:34:55
3093,港建*,,TEST,觀察,0,0,持續觀察,前狀態:nan→今日:觀察,NO,4.0,一般,法人偏多,9.633,2026-10-09 02:34:55
3360,尚立,,TEST,觀察,0,0,持續觀察,前狀態:nan→今日:觀察,NO,0.0,一般,,12.48,2026-10-09 02:34:55
6953,家碩,,TEST,突破中,4,13,準IGNITION,前狀態:nan→今日:突破中｜狀態跳升｜具備點火條件,READY,9.0,一般,均線結構｜法人偏多,16.395,2026-10-09 02:34:55
5278,尚凡*,,TEST,觀察,0,0,持續觀察,前狀態:nan→今日:觀察,NO,4.0,一般,法人偏多,9.223,2026-10-09 02:34:55
6596,寬宏藝術,,TEST,突破中,4,13,準IGNITION,前狀態:nan→今日:突破中｜狀態跳升｜具備點火條件,READY,9.0,一般,均線結構｜法人偏多,18.24,2026-10-09 02:34:55
3207,耀勝,,TEST,觀察,0,0,持續觀察,前狀態:nan→今日:觀察,NO,4.0,一般,法人偏多,9.363,2026-10-09 02:34:55
4726,永昕,,TEST,觀察,0,0,持續觀察,前狀態:nan→今日:觀察,NO,0.0,一般,,10.758,2026-10-09 02:34:55
3152,璟德,,TEST,突破中,4,13,準IGNITION,前狀態:nan→今日:突破中｜狀態跳升｜具備點火條件,READY,9.0,一般,均線結構｜法人偏多,18.691,2026-10-09 02:34:55
4129,聯合,,TEST,觀察,0,0,持續觀察,前狀態:nan→今日:觀察,NO,4.0,一般,法人偏多,12.585,2026-10-09 02:34:55
9908,大台北,,TEST,觀察,0,0,持續觀察,前狀態:nan→今日:觀察,NO,0.0,一般,,7.126,2026-10-09 02:34:55
6220,岳豐,,TEST,觀察,0,0,持續觀察,前狀態:nan→今日:觀察,NO,4.0,一般,法人偏多,8.567,2026-10-09 02:34:55
6129,普誠,,TEST,觀察,0,0,持續觀察,前狀態:nan→今日:觀察,NO,4.0,一般,法人偏多,8.977,2026-10-09 02:34:55
6922,宸曜,,TEST,突破中,4,13,準IGNITION,前狀態:nan→今日:突破中｜狀態跳升｜具備點火條件,READY,9.0,一般,均線結構｜法人偏多,16.395,2026-10-09 02:34:55
1591,駿吉-KY,,TEST,突破中,4,13,準IGNITION,前狀態:nan→今日:突破中｜狀態跳升｜具備點火條件,READY,9.0,一般,均線結構｜法人偏多,17.748,2026-10-09 02:34:55
1537,廣隆,,TEST,觀察,0,0,持續觀察,前狀態:nan→今日:觀察,NO,-2.0,一般,法人偏多｜籌碼風險,6.061,2026-10-09 02:34:55
3540,曜越,,TEST,突破中,4,13,準IGNITION,前狀態:nan→今日:突破中｜狀態跳升｜具備點火條件,READY,9.0,一般,均線結構｜法人偏多,16.395,2026-10-09 02:34:55
5493,三聯,,TEST,突破中,4,13,準IGNITION,前狀態:nan→今日:突破中｜狀態跳升｜具備點火條件,READY,9.0,一般,均線結構｜法人偏多,18.24,2026-10-09 02:34:55
5474,聰泰,,TEST,突破中,4,13,準IGNITION,前狀態:nan→今日:突破中｜狀態跳升｜具備點火條件,READY,9.0,一般,均線結構｜法人偏多,15.059,2026-10-09 02:34:55
6763,綠界科技*,,TEST,觀察,0,0,持續觀察,前狀態:nan→今日:觀察,NO,4.0,一般,法人偏多,10.084,2026-10-09 02:34:55
1321,大洋,,TEST,突破中,4,13,準IGNITION,前狀態:nan→今日:突破中｜狀態跳升｜具備點火條件,READY,5.0,一般,均線結構,17.873,2026-10-09 02:34:55
1539,巨庭,,TEST,觀察,0,0,持續觀察,前狀態:nan→今日:觀察,NO,0.0,一般,,10.881,2026-10-09 02:34:55
6546,正基,,TEST,觀察,0,0,持續觀察,前狀態:nan→今日:觀察,NO,4.0,一般,法人偏多,9.404,2026-10-09 02:34:55
3188,鑫龍騰,,TEST,觀察,0,0,持續觀察,前狀態:nan→今日:觀察,NO,0.0,一般,,9.692,2026-10-09 02:34:55
8432,東生華,,TEST,突破中,4,13,準IGNITION,前狀態:nan→今日:突破中｜狀態跳升｜具備點火條件,READY,9.0,一般,均線結構｜法人偏多,16.395,2026-10-09 02:34:55
6103,合邦,,TEST,突破中,4,13,準IGNITION,前狀態:nan→今日:突破中｜狀態跳升｜具備點火條件,READY,9.0,一般,均線結構｜法人偏多,14.755,2026-10-09 02:34:55
6111,光聚晶電,,TEST,觀察,0,0,持續觀察,前狀態:nan→今日:觀察,NO,4.0,一般,法人偏多,10.248,2026-10-09 02:34:55
6492,生華科,,TEST,觀察,0,0,持續觀察,前狀態:nan→今日:觀察,NO,0.0,一般,,8.913,2026-10-09 02:34:55
6203,海韻電,,TEST,觀察,0,0,持續觀察,前狀態:nan→今日:觀察,NO,4.0,一般,法人偏多,11.929,2026-10-09 02:34:55
3390,旭軟,,TEST,觀察,0,0,持續觀察,前狀態:nan→今日:觀察,NO,0.0,一般,,10.758,2026-10-09 02:34:55
6570,維田,,TEST,觀察,0,0,持續觀察,前狀態:nan→今日:觀察,NO,4.0,一般,法人偏多,11.519,2026-10-09 02:34:55
6535,順藥,,TEST,觀察,0,0,持續觀察,前狀態:nan→今日:觀察,NO,4.0,一般,法人偏多,12.093,2026-10-09 02:34:55
2488,漢平,,TEST,觀察,0,0,持續觀察,前狀態:nan→今日:觀察,NO,4.0,一般,法人偏多,12.749,2026-10-09 02:34:55
5478,智冠,,TEST,觀察,0,0,持續觀察,前狀態:nan→今日:觀察,NO,4.0,一般,法人偏多,8.338,2026-10-09 02:34:55
1295,生合,,TEST,突破中,4,13,準IGNITION,前狀態:nan→今日:突破中｜狀態跳升｜具備點火條件,READY,5.0,一般,均線結構,15.675,2026-10-09 02:34:55
8097,常珵,,TEST,觀察,0,0,持續觀察,前狀態:nan→今日:觀察,NO,4.0,一般,法人偏多,10.412,2026-10-09 02:34:55
6423,億而得,,TEST,突破中,4,13,準IGNITION,前狀態:nan→今日:突破中｜狀態跳升｜具備點火條件,READY,9.0,一般,均線結構｜法人偏多,17.133,2026-10-09 02:34:55
2065,世豐,,TEST,突破中,4,13,準IGNITION,前狀態:nan→今日:突破中｜狀態跳升｜具備點火條件,READY,9.0,一般,均線結構｜法人偏多,17.748,2026-10-09 02:34:55
1784,訊聯,,TEST,觀察,0,0,持續觀察,前狀態:nan→今日:觀察,NO,0.0,一般,,6.962,2026-10-09 02:34:55
6732,昇佳電子,,TEST,觀察,0,0,持續觀察,前狀態:nan→今日:觀察,NO,4.0,一般,法人偏多,10.248,2026-10-09 02:34:55
4506,崇友,,TEST,觀察,0,0,持續觀察,前狀態:nan→今日:觀察,NO,4.0,一般,法人偏多,12.175,2026-10-09 02:34:55
8099,大世科,,TEST,觀察,0,0,持續觀察,前狀態:nan→今日:觀察,NO,4.0,一般,法人偏多,9.838,2026-10-09 02:34:55
6486,互動,,TEST,觀察,0,0,持續觀察,前狀態:nan→今日:觀察,NO,4.0,一般,法人偏多,10.617,2026-10-09 02:34:55
6735,美達科技,,TEST,觀察,0,0,持續觀察,首次追蹤:觀察,NO,4.0,一般,法人偏多,10.371,2026-10-09 02:34:55
6996,力領科技,,TEST,觀察,0,0,持續觀察,前狀態:nan→今日:觀察,NO,0.0,一般,,8.913,2026-10-09 02:34:55
8938,明安,,TEST,觀察,0,0,持續觀察,前狀態:nan→今日:觀察,NO,4.0,一般,法人偏多,13.241,2026-10-09 02:34:55
2070,精湛,,TEST,突破中,4,13,準IGNITION,前狀態:nan→今日:突破中｜狀態跳升｜具備點火條件,READY,5.0,一般,均線結構,15.675,2026-10-09 02:34:55
6609,瀧澤科,,TEST,觀察,0,0,持續觀察,前狀態:nan→今日:觀察,NO,4.0,一般,法人偏多,9.961,2026-10-09 02:34:55
4905,台聯電,,TEST,突破中,4,13,準IGNITION,前狀態:nan→今日:突破中｜狀態跳升｜具備點火條件,READY,9.0,一般,均線結構｜法人偏多,13.788,2026-10-09 02:34:55
4933,友輝,,TEST,觀察,0,0,持續觀察,前狀態:nan→今日:觀察,NO,4.0,一般,法人偏多,12.585,2026-10-09 02:34:55
6418,詠昇,,TEST,觀察,0,0,持續觀察,前狀態:nan→今日:觀察,NO,4.0,一般,法人偏多,9.035,2026-10-09 02:34:55
8435,鉅邁,,TEST,觀察,0,0,持續觀察,前狀態:nan→今日:觀察,NO,0.0,一般,,10.348,2026-10-09 02:34:55
3379,彬台,,TEST,觀察,0,0,持續觀察,前狀態:nan→今日:觀察,NO,4.0,一般,法人偏多,9.633,2026-10-09 02:34:55
3073,天方能源,,TEST,突破中,4,13,準IGNITION,前狀態:nan→今日:突破中｜狀態跳升｜具備點火條件,READY,9.0,一般,均線結構｜法人偏多,19.347,2026-10-09 02:34:55
6569,醫揚,,TEST,觀察,0,0,持續觀察,前狀態:nan→今日:觀察,NO,4.0,一般,法人偏多,9.633,2026-10-09 02:34:55
6823,濾能,,TEST,觀察,0,0,持續觀察,前狀態:nan→今日:觀察,NO,4.0,一般,法人偏多,8.321,2026-10-09 02:34:55
8354,冠好,,TEST,觀察,0,0,持續觀察,前狀態:nan→今日:觀察,NO,4.0,一般,法人偏多,12.831,2026-10-09 02:34:55
6219,富旺,,TEST,觀察,0,0,持續觀察,前狀態:nan→今日:觀察,NO,4.0,一般,法人偏多,11.478,2026-10-09 02:34:55
8931,大汽電,,TEST,突破中,4,13,準IGNITION,前狀態:nan→今日:突破中｜狀態跳升｜具備點火條件,READY,9.0,一般,均線結構｜法人偏多,15.059,2026-10-09 02:34:55
2743,山富,,TEST,觀察,0,0,持續觀察,首次追蹤:觀察,NO,4.0,一般,法人偏多,11.519,2026-10-09 02:34:55
7705,三商餐飲,,TEST,出貨疑慮,-2,-15,降級風險,前狀態:nan→今日:出貨疑慮｜狀態降級,RISK,-6.0,籌碼風險,籌碼風險,-2.911,2026-10-09 02:34:55
4163,鐿鈦,,TEST,觀察,0,0,持續觀察,前狀態:nan→今日:觀察,NO,4.0,一般,法人偏多,14.512,2026-10-09 02:34:55
4741,泓瀚,,TEST,觀察,0,0,持續觀察,前狀態:nan→今日:觀察,NO,4.0,一般,法人偏多,9.592,2026-10-09 02:34:55
6791,虎門科技,,TEST,觀察,0,0,持續觀察,前狀態:nan→今日:觀察,NO,4.0,一般,法人偏多,11.478,2026-10-09 02:34:55
2114,鑫永銓,,TEST,突破中,4,13,準IGNITION,前狀態:nan→今日:突破中｜狀態跳升｜具備點火條件,READY,9.0,一般,均線結構｜法人偏多,20.192,2026-10-09 02:34:55
4549,桓達,,TEST,突破中,4,13,準IGNITION,前狀態:nan→今日:突破中｜狀態跳升｜具備點火條件,READY,9.0,一般,均線結構｜法人偏多,18.24,2026-10-09 02:34:55
3122,笙泉,,TEST,觀察,0,0,持續觀察,前狀態:nan→今日:觀察,NO,4.0,一般,法人偏多,9.305,2026-10-09 02:34:55
6859,伯特光,,TEST,突破中,4,13,準IGNITION,前狀態:nan→今日:突破中｜狀態跳升｜具備點火條件,READY,9.0,一般,均線結構｜法人偏多,19.962,2026-10-09 02:34:55
4439,冠星-KY,,TEST,觀察,0,0,持續觀察,前狀態:nan→今日:觀察,NO,0.0,一般,,12.489,2026-10-09 02:34:55
6470,宇智,,TEST,觀察,0,0,持續觀察,前狀態:nan→今日:觀察,NO,4.0,一般,法人偏多,11.519,2026-10-09 02:34:55
8440,綠電,,TEST,突破中,4,13,準IGNITION,前狀態:nan→今日:突破中｜狀態跳升｜具備點火條件,READY,9.0,一般,均線結構｜法人偏多,15.51,2026-10-09 02:34:55
8277,商丞,,TEST,觀察,0,0,持續觀察,前狀態:nan→今日:觀察,NO,4.0,一般,法人偏多,12.257,2026-10-09 02:34:55
3499,環天科,,TEST,觀察,0,0,持續觀察,前狀態:nan→今日:觀察,NO,4.0,一般,法人偏多,8.567,2026-10-09 02:34:55
5489,彩富,,TEST,觀察,0,0,持續觀察,前狀態:nan→今日:觀察,NO,0.0,一般,,11.865,2026-10-09 02:34:55
5903,全家,,TEST,觀察,0,0,持續觀察,前狀態:nan→今日:觀察,NO,4.0,一般,法人偏多,13.897,2026-10-09 02:34:55
6593,台灣銘板,,TEST,觀察,0,0,持續觀察,前狀態:nan→今日:觀察,NO,0.0,一般,,12.521,2026-10-09 02:34:55
6123,上奇,,TEST,觀察,0,0,持續觀察,前狀態:nan→今日:觀察,NO,4.0,一般,法人偏多,9.633,2026-10-09 02:34:55
3205,佰研,,TEST,觀察,0,0,持續觀察,前狀態:nan→今日:觀察,NO,0.0,一般,,10.717,2026-10-09 02:34:55
5272,笙科,,TEST,觀察,0,0,持續觀察,前狀態:nan→今日:觀察,NO,4.0,一般,法人偏多,9.633,2026-10-09 02:34:55
6895,宏碩系統,,TEST,突破中,4,13,準IGNITION,前狀態:nan→今日:突破中｜狀態跳升｜具備點火條件,READY,5.0,一般,均線結構,18.627,2026-10-09 02:34:55
9960,邁達康,,TEST,突破中,4,13,準IGNITION,前狀態:nan→今日:突破中｜狀態跳升｜具備點火條件,READY,9.0,一般,均線結構｜法人偏多,16.125,2026-10-09 02:34:55
6874,倍力,,TEST,觀察,0,0,持續觀察,前狀態:nan→今日:觀察,NO,4.0,一般,法人偏多,12.585,2026-10-09 02:34:55
3531,先益,,TEST,觀察,0,0,持續觀察,前狀態:nan→今日:觀察,NO,4.0,一般,法人偏多,13.241,2026-10-09 02:34:55
4554,橙的,,TEST,觀察,0,0,持續觀察,前狀態:nan→今日:觀察,NO,4.0,一般,法人偏多,9.182,2026-10-09 02:34:55
8917,欣泰,,TEST,觀察,0,0,持續觀察,首次追蹤:觀察,NO,4.0,一般,法人偏多,12.175,2026-10-09 02:34:55
4558,寶緯,,TEST,觀察,0,0,持續觀察,前狀態:nan→今日:觀察,NO,0.0,一般,,11.455,2026-10-09 02:34:55
6276,安鈦克,,TEST,觀察,0,0,持續觀察,前狀態:nan→今日:觀察,NO,4.0,一般,法人偏多,8.526,2026-10-09 02:34:55
8112,至上,WATCH,BLOCK,吸籌中,1,5,持續觀察,首次追蹤:吸籌中｜狀態升級,NO,8.0,一般,爆量不跌,77.695,2026-10-09 02:34:55
2375,凱美,WATCH,BLOCK,吸籌中,1,5,持續觀察,前狀態:nan→今日:吸籌中｜狀態升級,NO,8.0,一般,爆量不跌,81.529,2026-10-09 02:34:55
2332,友訊,WATCH,BLOCK,吸籌中,1,5,持續觀察,前狀態:nan→今日:吸籌中｜狀態升級,NO,8.0,一般,爆量不跌,84.596,2026-10-09 02:34:55
1301,台塑,WATCH,BLOCK,突破中,4,13,準IGNITION,前狀態:nan→今日:突破中｜狀態跳升｜具備點火條件,READY,17.0,主力吸籌,爆量不跌｜均線結構｜法人偏多,107.638,2026-10-09 02:34:55
1802,台玻,WATCH,BLOCK,突破中,4,13,準IGNITION,前狀態:nan→今日:突破中｜狀態跳升｜具備點火條件,READY,17.0,主力吸籌,爆量不跌｜均線結構｜法人偏多,97.039,2026-10-09 02:34:55
8150,南茂,WATCH,BLOCK,突破中,4,13,準IGNITION,前狀態:nan→今日:突破中｜狀態跳升｜具備點火條件,READY,9.0,一般,均線結構｜法人偏多,100.027,2026-10-09 02:34:55
1718,中纖,WATCH,BLOCK,吸籌中,1,5,持續觀察,前狀態:nan→今日:吸籌中｜狀態升級,NO,8.0,一般,爆量不跌,91.779,2026-10-09 02:34:55
3532,台勝科,TEST,BLOCK,突破中,4,13,準IGNITION,前狀態:nan→今日:突破中｜狀態跳升｜具備點火條件,READY,13.0,一般,爆量不跌｜均線結構,103.322,2026-10-09 02:34:55
3037,欣興,WATCH,BLOCK,突破中,4,13,準IGNITION,前狀態:nan→今日:突破中｜狀態跳升｜具備點火條件,READY,9.0,一般,均線結構｜法人偏多,93.262,2026-10-09 02:34:55
4989,榮科,WATCH,BLOCK,吸籌中,1,5,持續觀察,前狀態:nan→今日:吸籌中｜狀態升級,NO,8.0,一般,爆量不跌,90.59,2026-10-09 02:34:55
6719,力智,WATCH,BLOCK,吸籌中,1,5,持續觀察,首次追蹤:吸籌中｜狀態升級,NO,8.0,一般,爆量不跌,73.985,2026-10-09 02:34:55
3189,景碩,WATCH,BLOCK,突破中,4,13,準IGNITION,前狀態:nan→今日:突破中｜狀態跳升｜具備點火條件,READY,9.0,一般,均線結構｜法人偏多,95.312,2026-10-09 02:34:55
8112,至上,WATCH,BLOCK,吸籌中,1,5,持續觀察,首次追蹤:吸籌中｜狀態升級,NO,8.0,一般,爆量不跌,77.695,2026-10-09 02:34:55
2101,南港,,BLOCK,觀察,0,0,持續觀察,首次追蹤:觀察,NO,2.0,一般,爆量不跌｜籌碼風險,8.035,2026-10-09 02:34:55
1314,中石化,WATCH,BLOCK,突破中,4,13,準IGNITION,首次追蹤:突破中｜狀態跳升｜具備點火條件,READY,9.0,一般,均線結構｜法人偏多,96.001,2026-10-09 02:34:55
2472,立隆電,TEST,BLOCK,吸籌中,1,5,持續觀察,前狀態:nan→今日:吸籌中｜狀態升級,NO,8.0,一般,爆量不跌,92.414,2026-10-09 02:34:55
3048,益登,WATCH,BLOCK,試盤中,3,11,升級觀察,前狀態:nan→今日:試盤中｜狀態跳升｜狀態轉強,WATCH_UP,12.0,一般,爆量不跌｜法人偏多,89.494,2026-10-09 02:34:55
5243,乙盛-KY,WATCH,BLOCK,突破中,4,13,準IGNITION,前狀態:nan→今日:突破中｜狀態跳升｜具備點火條件,READY,17.0,主力吸籌,爆量不跌｜均線結構｜法人偏多,112.599,2026-10-09 02:34:55
3036,文曄,WATCH,BLOCK,突破中,4,13,準IGNITION,前狀態:nan→今日:突破中｜狀態跳升｜具備點火條件,READY,9.0,一般,均線結構｜法人偏多,85.423,2026-10-09 02:34:55
2478,大毅,WATCH,BLOCK,吸籌中,1,5,持續觀察,前狀態:nan→今日:吸籌中｜狀態升級,NO,8.0,一般,爆量不跌,91.963,2026-10-09 02:34:55
2485,兆赫,WATCH,BLOCK,吸籌中,1,5,持續觀察,前狀態:nan→今日:吸籌中｜狀態升級,NO,8.0,一般,爆量不跌,79.561,2026-10-09 02:34:55
3406,玉晶光,WATCH,BLOCK,突破中,4,13,準IGNITION,前狀態:nan→今日:突破中｜狀態跳升｜具備點火條件,READY,9.0,一般,均線結構｜法人偏多,84.673,2026-10-09 02:34:55
2375,凱美,WATCH,BLOCK,吸籌中,1,5,持續觀察,前狀態:nan→今日:吸籌中｜狀態升級,NO,8.0,一般,爆量不跌,81.529,2026-10-09 02:34:55
6669,緯穎,WATCH,BLOCK,觀察,0,0,持續觀察,前狀態:觀察→今日:觀察,NO,-2.0,一般,法人偏多｜籌碼風險,61.538,2026-10-09 02:34:55
2332,友訊,WATCH,BLOCK,吸籌中,1,5,持續觀察,前狀態:nan→今日:吸籌中｜狀態升級,NO,8.0,一般,爆量不跌,84.596,2026-10-09 02:34:55
2383,台光電,WATCH,BLOCK,觀察,0,0,持續觀察,前狀態:nan→今日:觀察,NO,4.0,一般,法人偏多,83.507,2026-10-09 02:34:55
3090,日電貿,WATCH,BLOCK,突破中,4,13,準IGNITION,前狀態:nan→今日:突破中｜狀態跳升｜具備點火條件,READY,5.0,一般,均線結構,80.316,2026-10-09 02:34:55
6285,啟碁,WATCH,BLOCK,觀察,0,0,持續觀察,前狀態:nan→今日:觀察,NO,4.0,一般,法人偏多,82.359,2026-10-09 02:34:55
2367,燿華,WATCH,BLOCK,突破中,4,13,準IGNITION,前狀態:nan→今日:突破中｜狀態跳升｜具備點火條件,READY,5.0,一般,均線結構,87.602,2026-10-09 02:34:55
3149,正達,WATCH,BLOCK,觀察,0,0,持續觀察,前狀態:nan→今日:觀察,NO,0.0,一般,,76.268,2026-10-09 02:34:55
1590,亞德客-KY,,BLOCK,觀察,0,0,持續觀察,首次追蹤:觀察,NO,-2.0,一般,法人偏多｜籌碼風險,2.912,2026-10-09 02:34:55
2867,三商壽,,BLOCK,突破中,4,13,準IGNITION,前狀態:nan→今日:突破中｜狀態跳升｜具備點火條件,READY,13.0,一般,爆量不跌｜均線結構,17.46,2026-10-09 02:34:55
8028,昇陽半導體,WATCH,BLOCK,觀察,0,0,持續觀察,前狀態:nan→今日:觀察,NO,4.0,一般,法人偏多,79.366,2026-10-09 02:34:55
2357,華碩,WATCH,BLOCK,突破中,4,13,準IGNITION,前狀態:nan→今日:突破中｜狀態跳升｜具備點火條件,READY,9.0,一般,均線結構｜法人偏多,86.579,2026-10-09 02:34:55
3044,健鼎,WATCH,BLOCK,突破中,4,13,準IGNITION,前狀態:nan→今日:突破中｜狀態跳升｜具備點火條件,READY,5.0,一般,均線結構,100.796,2026-10-09 02:34:55
1434,福懋,TEST,BLOCK,吸籌中,1,5,持續觀察,前狀態:nan→今日:吸籌中｜狀態升級,NO,8.0,一般,爆量不跌,91.758,2026-10-09 02:34:55
4906,正文,WATCH,BLOCK,突破中,4,12,準IGNITION,前狀態:突破中→今日:突破中｜強狀態維持｜強狀態連續維持｜具備點火條件,READY,9.0,一般,均線結構｜法人偏多,92.441,2026-10-09 02:34:55
2451,創見,,BLOCK,突破中,4,13,準IGNITION,前狀態:nan→今日:突破中｜狀態跳升｜具備點火條件,READY,-1.0,一般,均線結構｜籌碼風險,11.012,2026-10-09 02:34:55
8213,志超,WATCH,BLOCK,突破中,4,13,準IGNITION,前狀態:nan→今日:突破中｜狀態跳升｜具備點火條件,READY,17.0,主力吸籌,爆量不跌｜均線結構｜法人偏多,107.515,2026-10-09 02:34:55
2603,長榮,,BLOCK,觀察,0,0,持續觀察,前狀態:nan→今日:觀察,NO,-2.0,一般,法人偏多｜籌碼風險,3.633,2026-10-09 02:34:55
2413,環科,WATCH,BLOCK,突破中,4,13,準IGNITION,前狀態:nan→今日:突破中｜狀態跳升｜具備點火條件,READY,5.0,一般,均線結構,99.574,2026-10-09 02:34:55
1310,台苯,TEST,BLOCK,突破中,4,13,準IGNITION,前狀態:nan→今日:突破中｜狀態跳升｜具備點火條件,READY,17.0,主力吸籌,爆量不跌｜均線結構｜法人偏多,103.866,2026-10-09 02:34:55
1455,集盛,WATCH,BLOCK,突破中,4,13,準IGNITION,前狀態:nan→今日:突破中｜狀態跳升｜具備點火條件,READY,13.0,一般,爆量不跌｜均線結構,100.132,2026-10-09 02:34:55
3416,融程電,WATCH,BLOCK,吸籌中,1,5,持續觀察,前狀態:nan→今日:吸籌中｜狀態升級,NO,8.0,一般,爆量不跌,86.654,2026-10-09 02:34:55
4142,國光生,WATCH,BLOCK,突破中,4,13,準IGNITION,前狀態:nan→今日:突破中｜狀態跳升｜具備點火條件,READY,13.0,一般,爆量不跌｜均線結構,113.027,2026-10-09 02:34:55
6719,力智,WATCH,BLOCK,吸籌中,1,5,持續觀察,首次追蹤:吸籌中｜狀態升級,NO,8.0,一般,爆量不跌,73.985,2026-10-09 02:34:55
1402,遠東新,WATCH,BLOCK,突破中,4,12,準IGNITION,前狀態:突破中→今日:突破中｜強狀態維持｜強狀態連續維持｜具備點火條件,READY,5.0,一般,均線結構,66.526,2026-10-09 02:34:55
4722,國精化,WATCH,BLOCK,觀察,0,0,持續觀察,前狀態:nan→今日:觀察,NO,0.0,一般,,75.305,2026-10-09 02:34:55
1325,恆大,WATCH,BLOCK,吸籌中,1,5,持續觀察,前狀態:nan→今日:吸籌中｜狀態升級,NO,8.0,一般,爆量不跌,104.53,2026-10-09 02:34:55
9919,康那香,WATCH,BLOCK,突破中,4,13,準IGNITION,前狀態:nan→今日:突破中｜狀態跳升｜具備點火條件,READY,13.0,一般,爆量不跌｜均線結構,106.59,2026-10-09 02:34:55
8996,高力,WATCH,BLOCK,突破中,4,13,準IGNITION,前狀態:nan→今日:突破中｜狀態跳升｜具備點火條件,READY,9.0,一般,均線結構｜法人偏多,101.884,2026-10-09 02:34:55
2104,國際中橡,WATCH,BLOCK,突破中,4,13,準IGNITION,首次追蹤:突破中｜狀態跳升｜具備點火條件,READY,5.0,一般,均線結構,105.182,2026-10-09 02:34:55
5244,弘凱,WATCH,BLOCK,突破中,4,13,準IGNITION,前狀態:nan→今日:突破中｜狀態跳升｜具備點火條件,READY,13.0,一般,爆量不跌｜均線結構,105.298,2026-10-09 02:34:55
4934,太極,WATCH,BLOCK,吸籌中,1,5,持續觀察,前狀態:nan→今日:吸籌中｜狀態升級,NO,8.0,一般,爆量不跌,99.979,2026-10-09 02:34:55
3167,大量,WATCH,BLOCK,突破中,4,13,準IGNITION,前狀態:nan→今日:突破中｜狀態跳升｜具備點火條件,READY,5.0,一般,均線結構,107.794,2026-10-09 02:34:55
6196,帆宣,WATCH,BLOCK,突破中,4,13,準IGNITION,前狀態:nan→今日:突破中｜狀態跳升｜具備點火條件,READY,5.0,一般,均線結構,99.123,2026-10-09 02:34:55
1732,毛寶,WATCH,BLOCK,吸籌中,1,5,持續觀察,前狀態:nan→今日:吸籌中｜狀態升級,NO,8.0,一般,爆量不跌,73.226,2026-10-09 02:34:55
9103,美德醫療-DR,WATCH,BLOCK,吸籌中,1,5,持續觀察,前狀態:nan→今日:吸籌中｜狀態升級,NO,8.0,一般,爆量不跌,105.432,2026-10-09 02:34:55
2323,中環,,BLOCK,突破中,4,13,準IGNITION,前狀態:nan→今日:突破中｜狀態跳升｜具備點火條件,READY,13.0,一般,爆量不跌｜均線結構,21.986,2026-10-09 02:34:55
6901,鑽石投資,WATCH,BLOCK,吸籌中,1,5,持續觀察,前狀態:nan→今日:吸籌中｜狀態升級,NO,8.0,一般,爆量不跌,91.246,2026-10-09 02:34:55
2472,立隆電,TEST,BLOCK,吸籌中,1,5,持續觀察,前狀態:nan→今日:吸籌中｜狀態升級,NO,8.0,一般,爆量不跌,92.414,2026-10-09 02:34:55
6024,群益期,,BLOCK,觀察,0,0,持續觀察,前狀態:nan→今日:觀察,NO,-2.0,一般,法人偏多｜籌碼風險,3.658,2026-10-09 02:34:55
2478,大毅,WATCH,BLOCK,吸籌中,1,5,持續觀察,前狀態:nan→今日:吸籌中｜狀態升級,NO,8.0,一般,爆量不跌,91.963,2026-10-09 02:34:55
4564,元翎,,BLOCK,出貨疑慮,-2,-15,降級風險,首次追蹤:出貨疑慮｜狀態降級,RISK,-6.0,籌碼風險,籌碼風險,1.69,2026-10-09 02:34:55
2034,允強,WATCH,BLOCK,突破中,4,13,準IGNITION,首次追蹤:突破中｜狀態跳升｜具備點火條件,READY,9.0,一般,均線結構｜法人偏多,101.249,2026-10-09 02:34:55
4133,亞諾法,WATCH,BLOCK,吸籌中,1,5,持續觀察,前狀態:nan→今日:吸籌中｜狀態升級,NO,8.0,一般,爆量不跌,83.21,2026-10-09 02:34:55
1615,大山,WATCH,BLOCK,吸籌中,1,5,持續觀察,前狀態:nan→今日:吸籌中｜狀態升級,NO,8.0,一般,爆量不跌,76.24,2026-10-09 02:34:55
7780,大研生醫*,WATCH,BLOCK,吸籌中,1,5,持續觀察,首次追蹤:吸籌中｜狀態升級,NO,8.0,一般,爆量不跌,68.183,2026-10-09 02:34:55
2449,京元電子,,BLOCK,突破中,4,13,準IGNITION,首次追蹤:突破中｜狀態跳升｜具備點火條件,READY,17.0,主力吸籌,爆量不跌｜均線結構｜法人偏多,22.452,2026-10-09 02:34:55
7711,永擎,WATCH,BLOCK,突破中,4,13,準IGNITION,前狀態:nan→今日:突破中｜狀態跳升｜具備點火條件,READY,5.0,一般,均線結構,89.18,2026-10-09 02:34:55
6742,澤米,WATCH,BLOCK,突破中,4,13,準IGNITION,前狀態:nan→今日:突破中｜狀態跳升｜具備點火條件,READY,9.0,一般,均線結構｜法人偏多,88.301,2026-10-09 02:34:55
6108,競國,WATCH,BLOCK,突破中,4,13,準IGNITION,前狀態:nan→今日:突破中｜狀態跳升｜具備點火條件,READY,5.0,一般,均線結構,99.873,2026-10-09 02:34:55
2450,神腦,,BLOCK,觀察,0,0,持續觀察,前狀態:nan→今日:觀察,NO,0.0,一般,,10.07,2026-10-09 02:34:55
2483,百容,WATCH,BLOCK,觀察,0,0,持續觀察,前狀態:nan→今日:觀察,NO,0.0,一般,,75.018,2026-10-09 02:34:55
4989,榮科,WATCH,BLOCK,吸籌中,1,5,持續觀察,前狀態:nan→今日:吸籌中｜狀態升級,NO,8.0,一般,爆量不跌,90.59,2026-10-09 02:34:55
1802,台玻,WATCH,BLOCK,突破中,4,13,準IGNITION,前狀態:nan→今日:突破中｜狀態跳升｜具備點火條件,READY,17.0,主力吸籌,爆量不跌｜均線結構｜法人偏多,97.039,2026-10-09 02:34:55
4178,永笙-KY,WATCH,BLOCK,吸籌中,1,5,持續觀察,前狀態:nan→今日:吸籌中｜狀態升級,NO,8.0,一般,爆量不跌,92.148,2026-10-09 02:34:55
5434,崇越,WATCH,BLOCK,突破中,4,13,準IGNITION,前狀態:nan→今日:突破中｜狀態跳升｜具備點火條件,READY,5.0,一般,均線結構,92.973,2026-10-09 02:34:55
4755,三福化,WATCH,BLOCK,吸籌中,1,5,持續觀察,前狀態:nan→今日:吸籌中｜狀態升級,NO,8.0,一般,爆量不跌,90.016,2026-10-09 02:34:55
4133,亞諾法,WATCH,BLOCK,吸籌中,1,5,持續觀察,前狀態:nan→今日:吸籌中｜狀態升級,NO,8.0,一般,爆量不跌,83.21,2026-10-09 02:34:55
2882,國泰金,,BLOCK,出貨疑慮,-2,-15,降級風險,前狀態:nan→今日:出貨疑慮｜狀態降級,RISK,-6.0,籌碼風險,籌碼風險,1.353,2026-10-09 02:34:55
3535,晶彩科,WATCH,BLOCK,突破中,4,12,準IGNITION,前狀態:突破中→今日:突破中｜強狀態維持｜強狀態連續維持｜具備點火條件,READY,5.0,一般,均線結構,73.332,2026-10-09 02:34:55
2885,元大金,,BLOCK,觀察,0,0,持續觀察,前狀態:nan→今日:觀察,NO,0.0,一般,,8.052,2026-10-09 02:34:55
4906,正文,WATCH,BLOCK,突破中,4,12,準IGNITION,前狀態:突破中→今日:突破中｜強狀態維持｜強狀態連續維持｜具備點火條件,READY,9.0,一般,均線結構｜法人偏多,92.441,2026-10-09 02:34:55
7780,大研生醫*,WATCH,BLOCK,吸籌中,1,5,持續觀察,首次追蹤:吸籌中｜狀態升級,NO,8.0,一般,爆量不跌,68.183,2026-10-09 02:34:55
2609,陽明,,BLOCK,突破中,4,13,準IGNITION,首次追蹤:突破中｜狀態跳升｜具備點火條件,READY,5.0,一般,均線結構,19.816,2026-10-09 02:34:55
2337,旺宏,,BLOCK,出貨疑慮,-2,-15,降級風險,首次追蹤:出貨疑慮｜狀態降級,RISK,-6.0,籌碼風險,籌碼風險,-0.811,2026-10-09 02:34:55
4108,懷特,,BLOCK,突破中,4,13,準IGNITION,前狀態:nan→今日:突破中｜狀態跳升｜具備點火條件,READY,13.0,一般,爆量不跌｜均線結構,20.904,2026-10-09 02:34:55
3048,益登,WATCH,BLOCK,試盤中,3,11,升級觀察,前狀態:nan→今日:試盤中｜狀態跳升｜狀態轉強,WATCH_UP,12.0,一般,爆量不跌｜法人偏多,89.494,2026-10-09 02:34:55
2892,第一金,,BLOCK,觀察,0,0,持續觀察,前狀態:nan→今日:觀察,NO,4.0,一般,法人偏多,6.804,2026-10-09 02:34:55
9938,百和,WATCH,BLOCK,觀察,0,0,持續觀察,前狀態:nan→今日:觀察,NO,4.0,一般,法人偏多,55.689,2026-10-09 02:34:55
2615,萬海,,BLOCK,出貨疑慮,-2,-15,降級風險,首次追蹤:出貨疑慮｜狀態降級,RISK,-6.0,籌碼風險,籌碼風險,0.255,2026-10-09 02:34:55
6174,安碁,,BLOCK,突破中,4,13,準IGNITION,前狀態:nan→今日:突破中｜狀態跳升｜具備點火條件,READY,5.0,一般,均線結構,17.643,2026-10-09 02:34:55
2027,大成鋼,,BLOCK,突破中,4,13,準IGNITION,前狀態:nan→今日:突破中｜狀態跳升｜具備點火條件,READY,9.0,一般,均線結構｜法人偏多,21.832,2026-10-09 02:34:55
1402,遠東新,WATCH,BLOCK,突破中,4,12,準IGNITION,前狀態:突破中→今日:突破中｜強狀態維持｜強狀態連續維持｜具備點火條件,READY,5.0,一般,均線結構,66.526,2026-10-09 02:34:55
2618,長榮航,,BLOCK,出貨疑慮,-2,-15,降級風險,前狀態:nan→今日:出貨疑慮｜狀態降級,RISK,-6.0,籌碼風險,籌碼風險,-0.155,2026-10-09 02:34:55
2880,華南金,,BLOCK,觀察,0,0,持續觀察,前狀態:nan→今日:觀察,NO,0.0,一般,,10.299,2026-10-09 02:34:55
5521,工信,WATCH,BLOCK,突破中,4,12,準IGNITION,前狀態:突破中→今日:突破中｜強狀態維持｜強狀態連續維持｜具備點火條件,READY,9.0,一般,均線結構｜法人偏多,85.298,2026-10-09 02:34:55
1618,合機,,BLOCK,出貨疑慮,-2,-15,降級風險,前狀態:nan→今日:出貨疑慮｜狀態降級,RISK,-6.0,籌碼風險,籌碼風險,-1.328,2026-10-09 02:34:55
5880,合庫金,,BLOCK,觀察,0,0,持續觀察,前狀態:nan→今日:觀察,NO,0.0,一般,,9.012,2026-10-09 02:34:55
4938,和碩,,BLOCK,觀察,0,0,持續觀察,前狀態:nan→今日:觀察,NO,0.0,一般,,7.38,2026-10-09 02:34:55
2353,宏碁,,BLOCK,觀察,0,0,持續觀察,首次追蹤:觀察,NO,4.0,一般,法人偏多,8.182,2026-10-09 02:34:55
9105,泰金寶-DR,,BLOCK,突破中,4,13,準IGNITION,前狀態:nan→今日:突破中｜狀態跳升｜具備點火條件,READY,5.0,一般,均線結構,16.479,2026-10-09 02:34:55
3022,威強電,,BLOCK,觀察,0,0,持續觀察,前狀態:nan→今日:觀察,NO,-2.0,一般,法人偏多｜籌碼風險,6.881,2026-10-09 02:34:55
3447,展達,WATCH,BLOCK,吸籌中,1,5,持續觀察,首次追蹤:吸籌中｜狀態升級,NO,8.0,一般,爆量不跌,95.305,2026-10-09 02:34:55
3028,增你強,WATCH,BLOCK,觀察,0,0,持續觀察,前狀態:nan→今日:觀察,NO,0.0,一般,,54.989,2026-10-09 02:34:55
2357,華碩,WATCH,BLOCK,突破中,4,13,準IGNITION,前狀態:nan→今日:突破中｜狀態跳升｜具備點火條件,READY,9.0,一般,均線結構｜法人偏多,86.579,2026-10-09 02:34:55
6504,南六,WATCH,BLOCK,吸籌中,1,5,持續觀察,前狀態:nan→今日:吸籌中｜狀態升級,NO,8.0,一般,爆量不跌,95.879,2026-10-09 02:34:55
6541,泰福-KY,TEST,BLOCK,觀察,0,0,持續觀察,前狀態:nan→今日:觀察,NO,4.0,一般,法人偏多,80.444,2026-10-09 02:34:55
6117,迎廣,WATCH,BLOCK,觀察,0,0,持續觀察,前狀態:nan→今日:觀察,NO,0.0,一般,,78.339,2026-10-09 02:34:55
8069,元太,,BLOCK,觀察,0,0,持續觀察,前狀態:nan→今日:觀察,NO,4.0,一般,法人偏多,6.616,2026-10-09 02:34:55
2377,微星,,BLOCK,突破中,4,13,準IGNITION,前狀態:nan→今日:突破中｜狀態跳升｜具備點火條件,READY,5.0,一般,均線結構,17.012,2026-10-09 02:34:55
2395,研華,,BLOCK,突破中,4,13,準IGNITION,首次追蹤:突破中｜狀態跳升｜具備點火條件,READY,9.0,一般,均線結構｜法人偏多,20.11,2026-10-09 02:34:55
9902,台火,,BLOCK,吸籌中,1,5,持續觀察,前狀態:nan→今日:吸籌中｜狀態升級,NO,8.0,一般,爆量不跌,12.046,2026-10-09 02:34:55
5228,鈺鎧,,BLOCK,突破中,4,13,準IGNITION,前狀態:nan→今日:突破中｜狀態跳升｜具備點火條件,READY,5.0,一般,均線結構,17.643,2026-10-09 02:34:55
9939,宏全,WATCH,BLOCK,觀察,0,0,持續觀察,前狀態:觀察→今日:觀察,NO,4.0,一般,法人偏多,56.058,2026-10-09 02:34:55
2610,華航,,BLOCK,觀察,0,0,持續觀察,前狀態:nan→今日:觀察,NO,0.0,一般,,5.904,2026-10-09 02:34:55
6016,康和證,,BLOCK,突破中,4,13,準IGNITION,前狀態:nan→今日:突破中｜狀態跳升｜具備點火條件,READY,5.0,一般,均線結構,15.019,2026-10-09 02:34:55
3714,富采,,BLOCK,突破中,4,13,準IGNITION,首次追蹤:突破中｜狀態跳升｜具備點火條件,READY,-1.0,一般,均線結構｜籌碼風險,12.119,2026-10-09 02:34:55
6005,群益證,,BLOCK,出貨疑慮,-2,-15,降級風險,前狀態:nan→今日:出貨疑慮｜狀態降級,RISK,-6.0,籌碼風險,籌碼風險,1.903,2026-10-09 02:34:55
8016,矽創,WATCH,BLOCK,觀察,0,0,持續觀察,前狀態:觀察→今日:觀察,NO,4.0,一般,法人偏多,67.148,2026-10-09 02:34:55
2634,漢翔,,BLOCK,出貨疑慮,-2,-15,降級風險,首次追蹤:出貨疑慮｜狀態降級,RISK,-6.0,籌碼風險,籌碼風險,0.361,2026-10-09 02:34:55
4716,大立,,BLOCK,突破中,4,13,準IGNITION,首次追蹤:突破中｜狀態跳升｜具備點火條件,READY,5.0,一般,均線結構,12.412,2026-10-09 02:34:55
3441,聯一光,,BLOCK,突破中,4,13,準IGNITION,首次追蹤:突破中｜狀態跳升｜具備點火條件,READY,5.0,一般,均線結構,18.914,2026-10-09 02:34:55
3060,銘異,WATCH,BLOCK,觀察,0,0,持續觀察,前狀態:nan→今日:觀察,NO,0.0,一般,,76.822,2026-10-09 02:34:55
2312,金寶,,BLOCK,出貨疑慮,-2,-15,降級風險,前狀態:nan→今日:出貨疑慮｜狀態降級,RISK,-6.0,籌碼風險,籌碼風險,-2.353,2026-10-09 02:34:55
2912,統一超,,BLOCK,觀察,0,0,持續觀察,前狀態:nan→今日:觀察,NO,0.0,一般,,10.242,2026-10-09 02:34:55
8213,志超,WATCH,BLOCK,突破中,4,13,準IGNITION,前狀態:nan→今日:突破中｜狀態跳升｜具備點火條件,READY,17.0,主力吸籌,爆量不跌｜均線結構｜法人偏多,107.515,2026-10-09 02:34:55
2511,太子,,BLOCK,出貨疑慮,-2,-15,降級風險,前狀態:nan→今日:出貨疑慮｜狀態降級,RISK,-6.0,籌碼風險,籌碼風險,2.346,2026-10-09 02:34:55
6412,群電,,BLOCK,出貨疑慮,-2,-15,降級風險,首次追蹤:出貨疑慮｜狀態降級,RISK,-6.0,籌碼風險,籌碼風險,-1.426,2026-10-09 02:34:55
1402,遠東新,WATCH,BLOCK,突破中,4,12,準IGNITION,前狀態:突破中→今日:突破中｜強狀態維持｜強狀態連續維持｜具備點火條件,READY,5.0,一般,均線結構,66.526,2026-10-09 02:34:55
6669,緯穎,WATCH,BLOCK,觀察,0,0,持續觀察,前狀態:觀察→今日:觀察,NO,-2.0,一般,法人偏多｜籌碼風險,61.538,2026-10-09 02:34:55
2352,佳世達,,BLOCK,出貨疑慮,-2,-15,降級風險,前狀態:nan→今日:出貨疑慮｜狀態降級,RISK,-6.0,籌碼風險,籌碼風險,-2.082,2026-10-09 02:34:55
2633,台灣高鐵,,BLOCK,觀察,0,0,持續觀察,前狀態:nan→今日:觀察,NO,0.0,一般,,12.333,2026-10-09 02:34:55
4157,太景*-KY,,BLOCK,突破中,4,13,準IGNITION,前狀態:nan→今日:突破中｜狀態跳升｜具備點火條件,READY,9.0,一般,均線結構｜法人偏多,18.24,2026-10-09 02:34:55
6790,永豐實,,BLOCK,觀察,0,0,持續觀察,前狀態:nan→今日:觀察,NO,-2.0,一般,法人偏多｜籌碼風險,7.43,2026-10-09 02:34:55
2421,建準,,BLOCK,突破中,4,13,準IGNITION,前狀態:nan→今日:突破中｜狀態跳升｜具備點火條件,READY,9.0,一般,均線結構｜法人偏多,15.846,2026-10-09 02:34:55
5289,宜鼎,,BLOCK,觀察,0,0,持續觀察,首次追蹤:觀察,NO,4.0,一般,法人偏多,7.911,2026-10-09 02:34:55
4441,振大環球,,BLOCK,吸籌中,1,5,持續觀察,前狀態:nan→今日:吸籌中｜狀態升級,NO,8.0,一般,爆量不跌,17.204,2026-10-09 02:34:55
3224,三顧,,BLOCK,觀察,0,0,持續觀察,前狀態:nan→今日:觀察,NO,0.0,一般,,8.585,2026-10-09 02:34:55
2385,群光,,BLOCK,觀察,0,0,持續觀察,前狀態:nan→今日:觀察,NO,-2.0,一般,法人偏多｜籌碼風險,4.101,2026-10-09 02:34:55
8064,東捷,,BLOCK,突破中,4,13,準IGNITION,前狀態:nan→今日:突破中｜狀態跳升｜具備點火條件,READY,9.0,一般,均線結構｜法人偏多,17.666,2026-10-09 02:34:55
2379,瑞昱,,BLOCK,突破中,4,13,準IGNITION,首次追蹤:突破中｜狀態跳升｜具備點火條件,READY,9.0,一般,均線結構｜法人偏多,16.748,2026-10-09 02:34:55
2247,汎德永業,,BLOCK,觀察,0,0,持續觀察,前狀態:nan→今日:觀察,NO,0.0,一般,,7.815,2026-10-09 02:34:55
2906,高林,WATCH,BLOCK,突破中,4,13,準IGNITION,前狀態:nan→今日:突破中｜狀態跳升｜具備點火條件,READY,13.0,一般,爆量不跌｜均線結構,93.06,2026-10-09 02:34:55
1310,台苯,TEST,BLOCK,突破中,4,13,準IGNITION,前狀態:nan→今日:突破中｜狀態跳升｜具備點火條件,READY,17.0,主力吸籌,爆量不跌｜均線結構｜法人偏多,103.866,2026-10-09 02:34:55
2399,映泰,,BLOCK,突破中,4,13,準IGNITION,前狀態:nan→今日:突破中｜狀態跳升｜具備點火條件,READY,5.0,一般,均線結構,15.257,2026-10-09 02:34:55
2515,中工,,BLOCK,觀察,0,0,持續觀察,前狀態:nan→今日:觀察,NO,0.0,一般,,10.504,2026-10-09 02:34:55
2812,台中銀,,BLOCK,觀察,0,0,持續觀察,前狀態:nan→今日:觀察,NO,0.0,一般,,6.724,2026-10-09 02:34:55
8096,擎亞,,BLOCK,觀察,0,0,持續觀察,前狀態:nan→今日:觀察,NO,4.0,一般,法人偏多,9.756,2026-10-09 02:34:55
5460,同協,,BLOCK,突破中,4,13,準IGNITION,前狀態:nan→今日:突破中｜狀態跳升｜具備點火條件,READY,5.0,一般,均線結構,17.52,2026-10-09 02:34:55
6831,邁科,,BLOCK,出貨疑慮,-2,-15,降級風險,首次追蹤:出貨疑慮｜狀態降級,RISK,-6.0,籌碼風險,籌碼風險,-4.313,2026-10-09 02:34:55
3019,亞光,,BLOCK,觀察,0,0,持續觀察,前狀態:nan→今日:觀察,NO,4.0,一般,法人偏多,7.493,2026-10-09 02:34:55
2105,正新,,BLOCK,觀察,0,0,持續觀察,前狀態:nan→今日:觀察,NO,0.0,一般,,7.183,2026-10-09 02:34:55
6907,雅特力-KY,,BLOCK,觀察,0,0,持續觀察,前狀態:nan→今日:觀察,NO,0.0,一般,,6.962,2026-10-09 02:34:55
3685,元創精密,,BLOCK,突破中,4,13,準IGNITION,前狀態:nan→今日:突破中｜狀態跳升｜具備點火條件,READY,5.0,一般,均線結構,17.52,2026-10-09 02:34:55
4977,眾達-KY,,BLOCK,突破中,4,13,準IGNITION,前狀態:nan→今日:突破中｜狀態跳升｜具備點火條件,READY,5.0,一般,均線結構,15.126,2026-10-09 02:34:55
2359,所羅門,,BLOCK,觀察,0,0,持續觀察,首次追蹤:觀察,NO,-2.0,一般,法人偏多｜籌碼風險,3.478,2026-10-09 02:34:55
2415,錩新,WATCH,BLOCK,吸籌中,1,5,持續觀察,前狀態:nan→今日:吸籌中｜狀態升級,NO,8.0,一般,爆量不跌,79.991,2026-10-09 02:34:55
1316,上曜,,BLOCK,出貨疑慮,-2,-15,降級風險,首次追蹤:出貨疑慮｜狀態降級,RISK,-6.0,籌碼風險,籌碼風險,-0.631,2026-10-09 02:34:55
3354,律勝,,BLOCK,突破中,4,13,準IGNITION,前狀態:nan→今日:突破中｜狀態跳升｜具備點火條件,READY,5.0,一般,均線結構,16.536,2026-10-09 02:34:55
8422,可寧衛*,,BLOCK,觀察,0,0,持續觀察,前狀態:nan→今日:觀察,NO,0.0,一般,,7.913,2026-10-09 02:34:55
6015,宏遠證,,BLOCK,突破中,4,13,準IGNITION,前狀態:nan→今日:突破中｜狀態跳升｜具備點火條件,READY,5.0,一般,均線結構,16.413,2026-10-09 02:34:55
1455,集盛,WATCH,BLOCK,突破中,4,13,準IGNITION,前狀態:nan→今日:突破中｜狀態跳升｜具備點火條件,READY,13.0,一般,爆量不跌｜均線結構,100.132,2026-10-09 02:34:55
3058,立德,WATCH,BLOCK,觀察,0,0,持續觀察,前狀態:nan→今日:觀察,NO,0.0,一般,,71.369,2026-10-09 02:34:55
1735,日勝化,WATCH,BLOCK,突破中,4,13,準IGNITION,前狀態:nan→今日:突破中｜狀態跳升｜具備點火條件,READY,13.0,一般,爆量不跌｜均線結構,109.624,2026-10-09 02:34:55
1762,中化生,WATCH,BLOCK,吸籌中,1,5,持續觀察,前狀態:nan→今日:吸籌中｜狀態升級,NO,8.0,一般,爆量不跌,77.572,2026-10-09 02:34:55
2851,中再保,,BLOCK,突破中,4,13,準IGNITION,前狀態:nan→今日:突破中｜狀態跳升｜具備點火條件,READY,5.0,一般,均線結構,19.005,2026-10-09 02:34:55
6214,精誠,,BLOCK,突破中,4,13,準IGNITION,前狀態:nan→今日:突破中｜狀態跳升｜具備點火條件,READY,5.0,一般,均線結構,21.465,2026-10-09 02:34:55
6951,青新-創,,BLOCK,觀察,0,0,持續觀察,前狀態:nan→今日:觀察,NO,-2.0,一般,法人偏多｜籌碼風險,-0.032,2026-10-09 02:34:55
4171,瑞基,,BLOCK,突破中,4,13,準IGNITION,首次追蹤:突破中｜狀態跳升｜具備點火條件,READY,5.0,一般,均線結構,17.52,2026-10-09 02:34:55
3058,立德,WATCH,BLOCK,觀察,0,0,持續觀察,前狀態:nan→今日:觀察,NO,0.0,一般,,71.369,2026-10-09 02:34:55
2646,星宇航空,,BLOCK,觀察,0,0,持續觀察,首次追蹤:觀察,NO,0.0,一般,,9.676,2026-10-09 02:34:55
2495,普安,,BLOCK,出貨疑慮,-2,-15,降級風險,首次追蹤:出貨疑慮｜狀態降級,RISK,-6.0,籌碼風險,籌碼風險,-0.959,2026-10-09 02:34:55
5864,致和證,,BLOCK,突破中,4,13,準IGNITION,前狀態:nan→今日:突破中｜狀態跳升｜具備點火條件,READY,5.0,一般,均線結構,18.135,2026-10-09 02:34:55
8442,威宏-KY,WATCH,BLOCK,突破中,4,13,準IGNITION,前狀態:nan→今日:突破中｜狀態跳升｜具備點火條件,READY,13.0,一般,爆量不跌｜均線結構,92.588,2026-10-09 02:34:55
1752,南光,WATCH,BLOCK,試盤中,3,11,升級觀察,前狀態:nan→今日:試盤中｜狀態跳升｜狀態轉強,WATCH_UP,12.0,一般,爆量不跌｜法人偏多,93.656,2026-10-09 02:34:55
1810,和成,,BLOCK,觀察,0,0,持續觀察,前狀態:nan→今日:觀察,NO,-2.0,一般,法人偏多｜籌碼風險,5.462,2026-10-09 02:34:55
6235,華孚,,BLOCK,出貨疑慮,-2,-15,降級風險,前狀態:nan→今日:出貨疑慮｜狀態降級,RISK,-6.0,籌碼風險,籌碼風險,-3.542,2026-10-09 02:34:55
1229,聯華,,BLOCK,出貨疑慮,-2,-15,降級風險,前狀態:nan→今日:出貨疑慮｜狀態降級,RISK,-6.0,籌碼風險,籌碼風險,1.813,2026-10-09 02:34:55
6225,天瀚,WATCH,BLOCK,突破中,4,13,準IGNITION,前狀態:nan→今日:突破中｜狀態跳升｜具備點火條件,READY,9.0,一般,均線結構｜法人偏多,95.64,2026-10-09 02:34:55
4930,燦星網,,BLOCK,出貨疑慮,-2,-15,降級風險,前狀態:nan→今日:出貨疑慮｜狀態降級,RISK,-6.0,籌碼風險,籌碼風險,-4.075,2026-10-09 02:34:55
3005,神基,,BLOCK,突破中,4,13,準IGNITION,前狀態:nan→今日:突破中｜狀態跳升｜具備點火條件,READY,9.0,一般,均線結構｜法人偏多,21.504,2026-10-09 02:34:55
1732,毛寶,WATCH,BLOCK,吸籌中,1,5,持續觀察,前狀態:nan→今日:吸籌中｜狀態升級,NO,8.0,一般,爆量不跌,73.226,2026-10-09 02:34:55
3718,,,BLOCK,觀察,0,0,持續觀察,首次追蹤:觀察,NO,0.0,一般,,8.872,2026-10-09 02:34:55
3373,熱映,,BLOCK,突破中,4,13,準IGNITION,首次追蹤:突破中｜狀態跳升｜具備點火條件,READY,5.0,一般,均線結構,17.52,2026-10-09 02:34:55
3490,單井,,BLOCK,突破中,4,13,準IGNITION,前狀態:nan→今日:突破中｜狀態跳升｜具備點火條件,READY,5.0,一般,均線結構,14.339,2026-10-09 02:34:55
3631,晟楠,,BLOCK,突破中,4,13,準IGNITION,前狀態:nan→今日:突破中｜狀態跳升｜具備點火條件,READY,5.0,一般,均線結構,18.627,2026-10-09 02:34:55
4174,浩鼎,,BLOCK,突破中,4,13,準IGNITION,前狀態:nan→今日:突破中｜狀態跳升｜具備點火條件,READY,5.0,一般,均線結構,16.536,2026-10-09 02:34:55
6534,正瀚-創,WATCH,BLOCK,吸籌中,1,5,持續觀察,前狀態:nan→今日:吸籌中｜狀態升級,NO,8.0,一般,爆量不跌,86.039,2026-10-09 02:34:55
3583,辛耘,,BLOCK,觀察,0,0,持續觀察,前狀態:nan→今日:觀察,NO,4.0,一般,法人偏多,10.396,2026-10-09 02:34:55
6830,汎銓,,BLOCK,觀察,0,0,持續觀察,首次追蹤:觀察,NO,-2.0,一般,法人偏多｜籌碼風險,6.421,2026-10-09 02:34:55
6945,,,BLOCK,突破中,4,13,準IGNITION,前狀態:nan→今日:突破中｜狀態跳升｜具備點火條件,READY,5.0,一般,均線結構,15.019,2026-10-09 02:34:55
1503,士電,,BLOCK,觀察,0,0,持續觀察,前狀態:nan→今日:觀察,NO,4.0,一般,法人偏多,9.182,2026-10-09 02:34:55
7712,博盛半導體,,BLOCK,突破中,4,13,準IGNITION,前狀態:nan→今日:突破中｜狀態跳升｜具備點火條件,READY,5.0,一般,均線結構,13.068,2026-10-09 02:34:55
1324,地球,,BLOCK,出貨疑慮,-2,-15,降級風險,前狀態:nan→今日:出貨疑慮｜狀態降級,RISK,-6.0,籌碼風險,籌碼風險,-1.303,2026-10-09 02:34:55
5521,工信,WATCH,BLOCK,突破中,4,12,準IGNITION,前狀態:突破中→今日:突破中｜強狀態維持｜強狀態連續維持｜具備點火條件,READY,9.0,一般,均線結構｜法人偏多,85.298,2026-10-09 02:34:55
2611,志信,WATCH,BLOCK,觀察,0,0,持續觀察,前狀態:觀察→今日:觀察,NO,0.0,一般,,77.539,2026-10-09 02:34:55
6176,瑞儀,,BLOCK,出貨疑慮,-2,-15,降級風險,前狀態:nan→今日:出貨疑慮｜狀態降級,RISK,-6.0,籌碼風險,籌碼風險,0.82,2026-10-09 02:34:55
1514,亞力,,BLOCK,觀察,0,0,持續觀察,前狀態:nan→今日:觀察,NO,4.0,一般,法人偏多,11.667,2026-10-09 02:34:55
6792,詠業,WATCH,BLOCK,突破中,4,13,準IGNITION,前狀態:nan→今日:突破中｜狀態跳升｜具備點火條件,READY,13.0,一般,爆量不跌｜均線結構,86.479,2026-10-09 02:34:55
2903,遠百,,BLOCK,觀察,0,0,持續觀察,前狀態:nan→今日:觀察,NO,0.0,一般,,13.53,2026-10-09 02:34:55
1210,大成,,BLOCK,出貨疑慮,-2,-15,降級風險,前狀態:nan→今日:出貨疑慮｜狀態降級,RISK,-6.0,籌碼風險,籌碼風險,-1.615,2026-10-09 02:34:55
2374,佳能,,BLOCK,觀察,0,0,持續觀察,首次追蹤:觀察,NO,4.0,一般,法人偏多,9.1,2026-10-09 02:34:55
3339,泰谷,,BLOCK,突破中,4,13,準IGNITION,前狀態:nan→今日:突破中｜狀態跳升｜具備點火條件,READY,5.0,一般,均線結構,16.413,2026-10-09 02:34:55
3504,揚明光,,BLOCK,突破中,4,13,準IGNITION,前狀態:nan→今日:突破中｜狀態跳升｜具備點火條件,READY,5.0,一般,均線結構,13.789,2026-10-09 02:34:55
6265,方土昶,,BLOCK,觀察,0,0,持續觀察,前狀態:nan→今日:觀察,NO,4.0,一般,法人偏多,9.609,2026-10-09 02:34:55
4711,永純,,BLOCK,突破中,4,13,準IGNITION,前狀態:nan→今日:突破中｜狀態跳升｜具備點火條件,READY,5.0,一般,均線結構,12.412,2026-10-09 02:34:55
2006,東和鋼鐵,,BLOCK,突破中,4,13,準IGNITION,前狀態:nan→今日:突破中｜狀態跳升｜具備點火條件,READY,9.0,一般,均線結構｜法人偏多,17.724,2026-10-09 02:34:55
2328,廣宇,,BLOCK,突破中,4,13,準IGNITION,前狀態:nan→今日:突破中｜狀態跳升｜具備點火條件,READY,5.0,一般,均線結構,17.135,2026-10-09 02:34:55
8045,達運光電,WATCH,BLOCK,觀察,0,0,持續觀察,前狀態:nan→今日:觀察,NO,0.0,一般,,79.015,2026-10-09 02:34:55
2221,大甲,,BLOCK,突破中,4,13,準IGNITION,前狀態:nan→今日:突破中｜狀態跳升｜具備點火條件,READY,5.0,一般,均線結構,16.7,2026-10-09 02:34:55
1531,高林股,,BLOCK,觀察,0,0,持續觀察,前狀態:nan→今日:觀察,NO,2.0,一般,爆量不跌｜籌碼風險,10.2,2026-10-09 02:34:55
8383,千附,,BLOCK,觀察,0,0,持續觀察,前狀態:nan→今日:觀察,NO,4.0,一般,法人偏多,10.289,2026-10-09 02:34:55
9939,宏全,WATCH,BLOCK,觀察,0,0,持續觀察,前狀態:觀察→今日:觀察,NO,4.0,一般,法人偏多,56.058,2026-10-09 02:34:55
4416,三圓,,BLOCK,突破中,4,13,準IGNITION,首次追蹤:突破中｜狀態跳升｜具備點火條件,READY,5.0,一般,均線結構,15.019,2026-10-09 02:34:55
3287,廣寰科,,BLOCK,突破中,4,13,準IGNITION,首次追蹤:突破中｜狀態跳升｜具備點火條件,READY,5.0,一般,均線結構,18.627,2026-10-09 02:34:55
4583,台灣精銳,,BLOCK,觀察,0,0,持續觀察,首次追蹤:觀察,NO,-2.0,一般,法人偏多｜籌碼風險,2.551,2026-10-09 02:34:55
8016,矽創,WATCH,BLOCK,觀察,0,0,持續觀察,前狀態:觀察→今日:觀察,NO,4.0,一般,法人偏多,71.65,2026-10-09 02:34:55
8462,柏文,,BLOCK,出貨疑慮,-2,-15,降級風險,前狀態:nan→今日:出貨疑慮｜狀態降級,RISK,-6.0,籌碼風險,籌碼風險,-3.009,2026-10-09 02:34:55
4924,欣厚-KY,,BLOCK,突破中,4,13,準IGNITION,首次追蹤:突破中｜狀態跳升｜具備點火條件,READY,5.0,一般,均線結構,16.536,2026-10-09 02:34:55
6227,茂綸,,BLOCK,突破中,4,13,準IGNITION,前狀態:nan→今日:突破中｜狀態跳升｜具備點火條件,READY,9.0,一般,均線結構｜法人偏多,17.666,2026-10-09 02:34:55
4976,佳凌,,BLOCK,觀察,0,0,持續觀察,前狀態:nan→今日:觀察,NO,0.0,一般,,11.029,2026-10-09 02:34:55
6263,普萊德,,BLOCK,突破中,4,13,準IGNITION,前狀態:nan→今日:突破中｜狀態跳升｜具備點火條件,READY,5.0,一般,均線結構,15.757,2026-10-09 02:34:55
4560,強信-KY,WATCH,BLOCK,觀察,0,0,持續觀察,前狀態:觀察→今日:觀察,NO,4.0,一般,法人偏多,77.685,2026-10-09 02:34:55
3597,映興,,BLOCK,突破中,4,13,準IGNITION,前狀態:nan→今日:突破中｜狀態跳升｜具備點火條件,READY,5.0,一般,均線結構,14.839,2026-10-09 02:34:55
1906,寶隆,,BLOCK,觀察,0,0,持續觀察,前狀態:nan→今日:觀察,NO,0.0,一般,,9.717,2026-10-09 02:34:55
6781,AES-KY,,BLOCK,觀察,0,0,持續觀察,前狀態:nan→今日:觀察,NO,0.0,一般,,10.037,2026-10-09 02:34:55
6534,正瀚-創,WATCH,BLOCK,吸籌中,1,5,持續觀察,前狀態:nan→今日:吸籌中｜狀態升級,NO,8.0,一般,爆量不跌,86.039,2026-10-09 02:34:55
2836,高雄銀,,BLOCK,觀察,0,0,持續觀察,前狀態:nan→今日:觀察,NO,0.0,一般,,6.724,2026-10-09 02:34:55
6148,驊宏資,,BLOCK,突破中,4,13,準IGNITION,首次追蹤:突破中｜狀態跳升｜具備點火條件,READY,5.0,一般,均線結構,17.028,2026-10-09 02:34:55
6645,金萬林-創,WATCH,BLOCK,吸籌中,1,5,持續觀察,首次追蹤:吸籌中｜狀態升級,NO,8.0,一般,爆量不跌,93.378,2026-10-09 02:34:55
7723,築間,,BLOCK,突破中,4,13,準IGNITION,前狀態:nan→今日:突破中｜狀態跳升｜具備點火條件,READY,5.0,一般,均線結構,17.52,2026-10-09 02:34:55
5521,工信,WATCH,BLOCK,突破中,4,12,準IGNITION,前狀態:突破中→今日:突破中｜強狀態維持｜強狀態連續維持｜具備點火條件,READY,9.0,一般,均線結構｜法人偏多,85.298,2026-10-09 02:34:55
6156,松上,,BLOCK,突破中,4,13,準IGNITION,前狀態:nan→今日:突破中｜狀態跳升｜具備點火條件,READY,5.0,一般,均線結構,16.208,2026-10-09 02:34:55
5013,強新,,BLOCK,突破中,4,13,準IGNITION,前狀態:nan→今日:突破中｜狀態跳升｜具備點火條件,READY,5.0,一般,均線結構,16.536,2026-10-09 02:34:55
4541,晟田,,BLOCK,觀察,0,0,持續觀察,前狀態:nan→今日:觀察,NO,4.0,一般,法人偏多,13.2,2026-10-09 02:34:55
3131,弘塑,,BLOCK,觀察,0,0,持續觀察,首次追蹤:觀察,NO,4.0,一般,法人偏多,12.585,2026-10-09 02:34:55
3028,增你強,WATCH,BLOCK,觀察,0,0,持續觀察,前狀態:nan→今日:觀察,NO,0.0,一般,,54.989,2026-10-09 02:34:55
5209,新鼎,,BLOCK,突破中,4,13,準IGNITION,前狀態:nan→今日:突破中｜狀態跳升｜具備點火條件,READY,5.0,一般,均線結構,17.52,2026-10-09 02:34:55
6716,應廣,,BLOCK,突破中,4,13,準IGNITION,前狀態:nan→今日:突破中｜狀態跳升｜具備點火條件,READY,5.0,一般,均線結構,15.823,2026-10-09 02:34:55
1909,榮成,,BLOCK,觀察,0,0,持續觀察,首次追蹤:觀察,NO,0.0,一般,,7.741,2026-10-09 02:34:55
2009,第一銅,,BLOCK,突破中,4,13,準IGNITION,前狀態:nan→今日:突破中｜狀態跳升｜具備點火條件,READY,5.0,一般,均線結構,17.086,2026-10-09 02:34:55
2538,基泰,WATCH,BLOCK,觀察,0,0,持續觀察,首次追蹤:觀察,NO,0.0,一般,,49.085,2026-10-09 02:34:55
4534,慶騰,,BLOCK,觀察,0,0,持續觀察,首次追蹤:觀察,NO,0.0,一般,,10.758,2026-10-09 02:34:55
3466,德晉,,BLOCK,突破中,4,13,準IGNITION,前狀態:nan→今日:突破中｜狀態跳升｜具備點火條件,READY,5.0,一般,均線結構,16.864,2026-10-09 02:34:55
1907,永豐餘,,BLOCK,出貨疑慮,-2,-15,降級風險,前狀態:nan→今日:出貨疑慮｜狀態降級,RISK,-6.0,籌碼風險,籌碼風險,3.649,2026-10-09 02:34:55
9939,宏全,WATCH,BLOCK,觀察,0,0,持續觀察,前狀態:觀察→今日:觀察,NO,4.0,一般,法人偏多,56.058,2026-10-09 02:34:55
6708,天擎,,BLOCK,突破中,4,13,準IGNITION,前狀態:nan→今日:突破中｜狀態跳升｜具備點火條件,READY,5.0,一般,均線結構,16.536,2026-10-09 02:34:55
6142,友勁,,BLOCK,出貨疑慮,-2,-15,降級風險,前狀態:nan→今日:出貨疑慮｜狀態降級,RISK,-6.0,籌碼風險,籌碼風險,0.066,2026-10-09 02:34:55
8016,矽創,WATCH,BLOCK,觀察,0,0,持續觀察,前狀態:觀察→今日:觀察,NO,4.0,一般,法人偏多,71.65,2026-10-09 02:34:55
3535,晶彩科,WATCH,BLOCK,突破中,4,12,準IGNITION,前狀態:突破中→今日:突破中｜強狀態維持｜強狀態連續維持｜具備點火條件,READY,5.0,一般,均線結構,73.332,2026-10-09 02:34:55
1730,花仙子,,BLOCK,吸籌中,1,5,持續觀察,前狀態:nan→今日:吸籌中｜狀態升級,NO,8.0,一般,爆量不跌,14.408,2026-10-09 02:34:55
2206,三陽工業,,BLOCK,突破中,4,13,準IGNITION,前狀態:nan→今日:突破中｜狀態跳升｜具備點火條件,READY,5.0,一般,均線結構,21.104,2026-10-09 02:34:55
6925,意藍,,BLOCK,突破中,4,13,準IGNITION,前狀態:nan→今日:突破中｜狀態跳升｜具備點火條件,READY,5.0,一般,均線結構,12.084,2026-10-09 02:34:55
4706,大恭,,BLOCK,突破中,4,13,準IGNITION,前狀態:nan→今日:突破中｜狀態跳升｜具備點火條件,READY,5.0,一般,均線結構,15.019,2026-10-09 02:34:55
5706,鳳凰,,BLOCK,觀察,0,0,持續觀察,前狀態:nan→今日:觀察,NO,0.0,一般,,10.373,2026-10-09 02:34:55
9110,越南控-DR,WATCH,BLOCK,吸籌中,1,5,持續觀察,前狀態:nan→今日:吸籌中｜狀態升級,NO,8.0,一般,爆量不跌,96.678,2026-10-09 02:34:55
1565,精華,,BLOCK,突破中,4,13,準IGNITION,前狀態:nan→今日:突破中｜狀態跳升｜具備點火條件,READY,5.0,一般,均線結構,17.52,2026-10-09 02:34:55
1783,和康生,WATCH,BLOCK,吸籌中,1,5,持續觀察,前狀態:nan→今日:吸籌中｜狀態升級,NO,8.0,一般,爆量不跌,77.429,2026-10-09 02:34:55
3176,基亞,,BLOCK,突破中,4,13,準IGNITION,前狀態:nan→今日:突破中｜狀態跳升｜具備點火條件,READY,9.0,一般,均線結構｜法人偏多,15.059,2026-10-09 02:34:55
9907,統一實,,BLOCK,觀察,0,0,持續觀察,前狀態:nan→今日:觀察,NO,4.0,一般,法人偏多,6.091,2026-10-09 02:34:55
2207,和泰車,,BLOCK,觀察,0,0,持續觀察,前狀態:nan→今日:觀察,NO,0.0,一般,,5.765,2026-10-09 02:34:55
1453,大將,,BLOCK,出貨疑慮,-2,-15,降級風險,前狀態:nan→今日:出貨疑慮｜狀態降級,RISK,-6.0,籌碼風險,籌碼風險,0.968,2026-10-09 02:34:55
2331,精英,,BLOCK,出貨疑慮,-2,-15,降級風險,前狀態:nan→今日:出貨疑慮｜狀態降級,RISK,-6.0,籌碼風險,籌碼風險,-1.738,2026-10-09 02:34:55
7734,印能科技,,BLOCK,觀察,0,0,持續觀察,前狀態:nan→今日:觀察,NO,4.0,一般,法人偏多,13.856,2026-10-09 02:34:55
8114,振樺電,,BLOCK,觀察,0,0,持續觀察,前狀態:nan→今日:觀察,NO,4.0,一般,法人偏多,10.117,2026-10-09 02:34:55
5464,霖宏,,BLOCK,突破中,4,13,準IGNITION,前狀態:nan→今日:突破中｜狀態跳升｜具備點火條件,READY,5.0,一般,均線結構,19.242,2026-10-09 02:34:55
1806,冠軍,,BLOCK,觀察,0,0,持續觀察,前狀態:nan→今日:觀察,NO,0.0,一般,,7.503,2026-10-09 02:34:55
5283,禾聯碩,,BLOCK,出貨疑慮,-2,-15,降級風險,前狀態:nan→今日:出貨疑慮｜狀態降級,RISK,-6.0,籌碼風險,籌碼風險,1.28,2026-10-09 02:34:55
6598,ABC-KY,,BLOCK,吸籌中,1,5,持續觀察,前狀態:nan→今日:吸籌中｜狀態升級,NO,8.0,一般,爆量不跌,13.448,2026-10-09 02:34:55
1712,興農,,BLOCK,突破中,4,13,準IGNITION,前狀態:nan→今日:突破中｜狀態跳升｜具備點火條件,READY,5.0,一般,均線結構,18.677,2026-10-09 02:34:55
8464,億豐,,BLOCK,觀察,0,0,持續觀察,前狀態:nan→今日:觀察,NO,4.0,一般,法人偏多,11.806,2026-10-09 02:34:55
2106,建大,,BLOCK,觀察,0,0,持續觀察,前狀態:nan→今日:觀察,NO,0.0,一般,,13.989,2026-10-09 02:34:55
1781,合世,,BLOCK,觀察,0,0,持續觀察,前狀態:nan→今日:觀察,NO,0.0,一般,,11.865,2026-10-09 02:34:55
6913,鴻呈,,BLOCK,觀察,0,0,持續觀察,前狀態:nan→今日:觀察,NO,4.0,一般,法人偏多,10.289,2026-10-09 02:34:55
2204,中華,,BLOCK,觀察,0,0,持續觀察,前狀態:nan→今日:觀察,NO,-2.0,一般,法人偏多｜籌碼風險,2.731,2026-10-09 02:34:55
2362,藍天,,BLOCK,觀察,0,0,持續觀察,前狀態:nan→今日:觀察,NO,0.0,一般,,11.972,2026-10-09 02:34:55
8341,日友,,BLOCK,觀察,0,0,持續觀察,前狀態:nan→今日:觀察,NO,0.0,一般,,7.872,2026-10-09 02:34:55
3467,台灣精材,,BLOCK,突破中,4,13,準IGNITION,首次追蹤:突破中｜狀態跳升｜具備點火條件,READY,5.0,一般,均線結構,12.74,2026-10-09 02:34:55
3041,揚智,,BLOCK,突破中,4,13,準IGNITION,首次追蹤:突破中｜狀態跳升｜具備點火條件,READY,9.0,一般,均線結構｜法人偏多,15.936,2026-10-09 02:34:55
2405,輔信,,BLOCK,出貨疑慮,-2,-15,降級風險,首次追蹤:出貨疑慮｜狀態降級,RISK,-6.0,籌碼風險,籌碼風險,-2.583,2026-10-09 02:34:55
1713,國化,WATCH,BLOCK,觀察,0,0,持續觀察,前狀態:nan→今日:觀察,NO,0.0,一般,,68.15,2026-10-09 02:34:55
3617,碩天,,BLOCK,出貨疑慮,-2,-15,降級風險,前狀態:nan→今日:出貨疑慮｜狀態降級,RISK,-6.0,籌碼風險,籌碼風險,-1.254,2026-10-09 02:34:55
4430,耀億,,BLOCK,突破中,4,13,準IGNITION,前狀態:nan→今日:突破中｜狀態跳升｜具備點火條件,READY,5.0,一般,均線結構,18.627,2026-10-09 02:34:55
4195,,WATCH,BLOCK,觀察,0,0,持續觀察,首次追蹤:觀察,NO,0.0,一般,,77.765,2026-10-09 02:34:55
6431,光麗-KY,,BLOCK,出貨疑慮,-2,-15,降級風險,前狀態:nan→今日:出貨疑慮｜狀態降級,RISK,-6.0,籌碼風險,籌碼風險,-0.918,2026-10-09 02:34:55
2616,山隆,,BLOCK,觀察,0,0,持續觀察,前狀態:nan→今日:觀察,NO,0.0,一般,,9.184,2026-10-09 02:34:55
8374,羅昇,,BLOCK,觀察,0,0,持續觀察,首次追蹤:觀察,NO,-2.0,一般,法人偏多｜籌碼風險,3.888,2026-10-09 02:34:55
6292,迅德,,BLOCK,突破中,4,13,準IGNITION,前狀態:nan→今日:突破中｜狀態跳升｜具備點火條件,READY,5.0,一般,均線結構,15.675,2026-10-09 02:34:55
1762,中化生,WATCH,BLOCK,吸籌中,1,5,持續觀察,前狀態:nan→今日:吸籌中｜狀態升級,NO,8.0,一般,爆量不跌,77.572,2026-10-09 02:34:55
1783,和康生,WATCH,BLOCK,吸籌中,1,5,持續觀察,前狀態:nan→今日:吸籌中｜狀態升級,NO,8.0,一般,爆量不跌,77.429,2026-10-09 02:34:55
6751,智聯服務,,BLOCK,突破中,4,13,準IGNITION,前狀態:nan→今日:突破中｜狀態跳升｜具備點火條件,READY,5.0,一般,均線結構,13.724,2026-10-09 02:34:55
1227,佳格,,BLOCK,觀察,0,0,持續觀察,前狀態:nan→今日:觀察,NO,0.0,一般,,6.191,2026-10-09 02:34:55
6869,雲豹能源,,BLOCK,突破中,4,13,準IGNITION,前狀態:nan→今日:突破中｜狀態跳升｜具備點火條件,READY,9.0,一般,均線結構｜法人偏多,19.241,2026-10-09 02:34:55
1445,大宇,WATCH,BLOCK,觀察,0,0,持續觀察,前狀態:nan→今日:觀察,NO,0.0,一般,,74.997,2026-10-09 02:34:55
1464,得力,,BLOCK,觀察,0,0,持續觀察,前狀態:nan→今日:觀察,NO,0.0,一般,,8.487,2026-10-09 02:34:55
3713,新晶投控,,BLOCK,突破中,4,13,準IGNITION,前狀態:nan→今日:突破中｜狀態跳升｜具備點火條件,READY,5.0,一般,均線結構,17.971,2026-10-09 02:34:55
6021,美好證,,BLOCK,突破中,4,13,準IGNITION,首次追蹤:突破中｜狀態跳升｜具備點火條件,READY,5.0,一般,均線結構,13.724,2026-10-09 02:34:55
1582,信錦,,BLOCK,觀察,0,0,持續觀察,前狀態:nan→今日:觀察,NO,0.0,一般,,9.381,2026-10-09 02:34:55
6026,福邦證,,BLOCK,突破中,4,13,準IGNITION,前狀態:nan→今日:突破中｜狀態跳升｜具備點火條件,READY,5.0,一般,均線結構,15.675,2026-10-09 02:34:55
4306,炎洲,,BLOCK,出貨疑慮,-2,-15,降級風險,前狀態:nan→今日:出貨疑慮｜狀態降級,RISK,-6.0,籌碼風險,籌碼風險,1.23,2026-10-09 02:34:55
1533,車王電,,BLOCK,出貨疑慮,-2,-15,降級風險,前狀態:nan→今日:出貨疑慮｜狀態降級,RISK,-6.0,籌碼風險,籌碼風險,-2.312,2026-10-09 02:34:55
3268,海德威,,BLOCK,突破中,4,13,準IGNITION,前狀態:nan→今日:突破中｜狀態跳升｜具備點火條件,READY,5.0,一般,均線結構,16.413,2026-10-09 02:34:55
2440,太空梭,,BLOCK,出貨疑慮,-2,-15,降級風險,首次追蹤:出貨疑慮｜狀態降級,RISK,-6.0,籌碼風險,籌碼風險,-0.467,2026-10-09 02:34:55
5206,坤悅,,BLOCK,突破中,4,13,準IGNITION,前狀態:nan→今日:突破中｜狀態跳升｜具備點火條件,READY,5.0,一般,均線結構,15.675,2026-10-09 02:34:55
2530,華建,,BLOCK,觀察,0,0,持續觀察,前狀態:nan→今日:觀察,NO,4.0,一般,法人偏多,11.487,2026-10-09 02:34:55
1735,日勝化,WATCH,BLOCK,突破中,4,13,準IGNITION,前狀態:nan→今日:突破中｜狀態跳升｜具備點火條件,READY,13.0,一般,爆量不跌｜均線結構,109.624,2026-10-09 02:34:55
1234,黑松,,BLOCK,出貨疑慮,-2,-15,降級風險,前狀態:nan→今日:出貨疑慮｜狀態降級,RISK,-6.0,籌碼風險,籌碼風險,0.394,2026-10-09 02:34:55
6221,晉泰,,BLOCK,突破中,4,13,準IGNITION,首次追蹤:突破中｜狀態跳升｜具備點火條件,READY,5.0,一般,均線結構,13.724,2026-10-09 02:34:55
1231,聯華食,,BLOCK,出貨疑慮,-2,-15,降級風險,前狀態:nan→今日:出貨疑慮｜狀態降級,RISK,-6.0,籌碼風險,籌碼風險,-2.64,2026-10-09 02:34:55
1307,三芳,,BLOCK,觀察,0,0,持續觀察,前狀態:nan→今日:觀察,NO,4.0,一般,法人偏多,10.568,2026-10-09 02:34:55
3712,永崴投控,,BLOCK,出貨疑慮,-2,-15,降級風險,前狀態:nan→今日:出貨疑慮｜狀態降級,RISK,-6.0,籌碼風險,籌碼風險,-0.155,2026-10-09 02:34:55
3716,中化控股,,BLOCK,觀察,0,0,持續觀察,前狀態:nan→今日:觀察,NO,0.0,一般,,16.392,2026-10-09 02:34:55
6642,富致,,BLOCK,觀察,0,0,持續觀察,前狀態:nan→今日:觀察,NO,0.0,一般,,7.618,2026-10-09 02:34:55
6233,旺玖,,BLOCK,突破中,4,13,準IGNITION,前狀態:nan→今日:突破中｜狀態跳升｜具備點火條件,READY,5.0,一般,均線結構,16.413,2026-10-09 02:34:55
1414,東和,WATCH,BLOCK,觀察,0,0,持續觀察,前狀態:nan→今日:觀察,NO,0.0,一般,,72.845,2026-10-09 02:34:55
2850,新產,,BLOCK,突破中,4,13,準IGNITION,前狀態:nan→今日:突破中｜狀態跳升｜具備點火條件,READY,9.0,一般,均線結構｜法人偏多,21.832,2026-10-09 02:34:55
5530,龍巖,,BLOCK,觀察,0,0,持續觀察,前狀態:nan→今日:觀察,NO,0.0,一般,,11.455,2026-10-09 02:34:55
3527,聚積,,BLOCK,觀察,0,0,持續觀察,前狀態:nan→今日:觀察,NO,0.0,一般,,9.651,2026-10-09 02:34:55
5607,遠雄港,,BLOCK,突破中,4,13,準IGNITION,首次追蹤:突破中｜狀態跳升｜具備點火條件,READY,5.0,一般,均線結構,21.957,2026-10-09 02:34:55
6185,幃翔,,BLOCK,觀察,0,0,持續觀察,前狀態:nan→今日:觀察,NO,0.0,一般,,7.847,2026-10-09 02:34:55
6023,元大期,,BLOCK,觀察,0,0,持續觀察,前狀態:nan→今日:觀察,NO,0.0,一般,,5.896,2026-10-09 02:34:55
6417,韋僑,,BLOCK,觀察,0,0,持續觀察,前狀態:nan→今日:觀察,NO,0.0,一般,,8.913,2026-10-09 02:34:55
8454,富邦媒,,BLOCK,觀察,0,0,持續觀察,前狀態:nan→今日:觀察,NO,-2.0,一般,法人偏多｜籌碼風險,5.364,2026-10-09 02:34:55
4560,強信-KY,WATCH,BLOCK,觀察,0,0,持續觀察,前狀態:觀察→今日:觀察,NO,4.0,一般,法人偏多,77.685,2026-10-09 02:34:55
3303,岱稜,,BLOCK,觀察,0,0,持續觀察,前狀態:nan→今日:觀察,NO,0.0,一般,,11.865,2026-10-09 02:34:55
5529,鉅陞,,BLOCK,突破中,4,13,準IGNITION,前狀態:nan→今日:突破中｜狀態跳升｜具備點火條件,READY,5.0,一般,均線結構,17.52,2026-10-09 02:34:55
8473,山林水,,BLOCK,觀察,0,0,持續觀察,首次追蹤:觀察,NO,0.0,一般,,10.709,2026-10-09 02:34:55
2424,隴華,TEST,BLOCK,吸籌中,1,5,持續觀察,前狀態:nan→今日:吸籌中｜狀態升級,NO,8.0,一般,爆量不跌,106.006,2026-10-09 02:34:55
2380,虹光,,BLOCK,出貨疑慮,-2,-15,降級風險,首次追蹤:出貨疑慮｜狀態降級,RISK,-6.0,籌碼風險,籌碼風險,-2.107,2026-10-09 02:34:55
5299,杰力,,BLOCK,觀察,0,0,持續觀察,前狀態:nan→今日:觀察,NO,0.0,一般,,8.257,2026-10-09 02:34:55
4999,鑫禾,,BLOCK,觀察,0,0,持續觀察,前狀態:nan→今日:觀察,NO,0.0,一般,,8.11,2026-10-09 02:34:55
8442,威宏-KY,WATCH,BLOCK,突破中,4,13,準IGNITION,前狀態:nan→今日:突破中｜狀態跳升｜具備點火條件,READY,13.0,一般,爆量不跌｜均線結構,92.588,2026-10-09 02:34:55
1220,台榮,,BLOCK,吸籌中,1,5,持續觀察,首次追蹤:吸籌中｜狀態升級,NO,8.0,一般,爆量不跌,18.098,2026-10-09 02:34:55
5511,德昌,,BLOCK,觀察,0,0,持續觀察,前狀態:nan→今日:觀察,NO,0.0,一般,,11.414,2026-10-09 02:34:55
6757,台灣虎航,,BLOCK,觀察,0,0,持續觀察,前狀態:nan→今日:觀察,NO,4.0,一般,法人偏多,7.444,2026-10-09 02:34:55
2613,中櫃,,BLOCK,觀察,0,0,持續觀察,前狀態:nan→今日:觀察,NO,0.0,一般,,9.496,2026-10-09 02:34:55
2612,中航,,BLOCK,觀察,0,0,持續觀察,首次追蹤:觀察,NO,0.0,一般,,12.374,2026-10-09 02:34:55
6281,全國電,,BLOCK,觀察,0,0,持續觀察,前狀態:nan→今日:觀察,NO,0.0,一般,,10.988,2026-10-09 02:34:55
2031,新光鋼,,BLOCK,突破中,4,13,準IGNITION,前狀態:nan→今日:突破中｜狀態跳升｜具備點火條件,READY,9.0,一般,均線結構｜法人偏多,19.839,2026-10-09 02:34:55
2723,美食-KY,,BLOCK,突破中,4,13,準IGNITION,前狀態:nan→今日:突破中｜狀態跳升｜具備點火條件,READY,9.0,一般,均線結構｜法人偏多,15.862,2026-10-09 02:34:55
3003,健和興,,BLOCK,出貨疑慮,-2,-15,降級風險,前狀態:nan→今日:出貨疑慮｜狀態降級,RISK,-6.0,籌碼風險,籌碼風險,-3.895,2026-10-09 02:34:55
2816,旺旺保,,BLOCK,突破中,4,13,準IGNITION,前狀態:nan→今日:突破中｜狀態跳升｜具備點火條件,READY,5.0,一般,均線結構,20.112,2026-10-09 02:34:55
2480,敦陽科,,BLOCK,突破中,4,13,準IGNITION,前狀態:nan→今日:突破中｜狀態跳升｜具備點火條件,READY,9.0,一般,均線結構｜法人偏多,17.379,2026-10-09 02:34:55
1516,川飛,WATCH,BLOCK,觀察,0,0,持續觀察,前狀態:觀察→今日:觀察,NO,4.0,一般,法人偏多,62.843,2026-10-09 02:34:55
2611,志信,WATCH,BLOCK,觀察,0,0,持續觀察,前狀態:觀察→今日:觀察,NO,0.0,一般,,77.539,2026-10-09 02:34:55
2429,銘旺科,,BLOCK,出貨疑慮,-2,-15,降級風險,首次追蹤:出貨疑慮｜狀態降級,RISK,-6.0,籌碼風險,籌碼風險,-0.688,2026-10-09 02:34:55
6792,詠業,WATCH,BLOCK,突破中,4,13,準IGNITION,前狀態:nan→今日:突破中｜狀態跳升｜具備點火條件,READY,13.0,一般,爆量不跌｜均線結構,86.479,2026-10-09 02:34:55
8044,網家,,BLOCK,觀察,0,0,持續觀察,前狀態:nan→今日:觀察,NO,0.0,一般,,9.651,2026-10-09 02:34:55
3050,鈺德,,BLOCK,觀察,0,0,持續觀察,前狀態:nan→今日:觀察,NO,0.0,一般,,6.412,2026-10-09 02:34:55
6725,矽科宏晟,,BLOCK,觀察,0,0,持續觀察,前狀態:nan→今日:觀察,NO,4.0,一般,法人偏多,9.633,2026-10-09 02:34:55
5609,中菲行,,BLOCK,突破中,4,13,準IGNITION,前狀態:nan→今日:突破中｜狀態跳升｜具備點火條件,READY,5.0,一般,均線結構,18.627,2026-10-09 02:34:55
6170,統振,,BLOCK,突破中,4,13,準IGNITION,前狀態:nan→今日:突破中｜狀態跳升｜具備點火條件,READY,5.0,一般,均線結構,18.627,2026-10-09 02:34:55
1104,環泥,,BLOCK,突破中,4,13,準IGNITION,前狀態:nan→今日:突破中｜狀態跳升｜具備點火條件,READY,5.0,一般,均線結構,19.193,2026-10-09 02:34:55
3666,光耀,,BLOCK,突破中,4,13,準IGNITION,前狀態:nan→今日:突破中｜狀態跳升｜具備點火條件,READY,5.0,一般,均線結構,16.413,2026-10-09 02:34:55
8411,福貞-KY,,BLOCK,出貨疑慮,-2,-15,降級風險,首次追蹤:出貨疑慮｜狀態降級,RISK,-6.0,籌碼風險,籌碼風險,1.419,2026-10-09 02:34:55
3046,建碁,,BLOCK,觀察,0,0,持續觀察,前狀態:nan→今日:觀察,NO,-2.0,一般,法人偏多｜籌碼風險,4.929,2026-10-09 02:34:55
6230,尼得科超眾,WATCH,BLOCK,突破中,4,13,準IGNITION,前狀態:nan→今日:突破中｜狀態跳升｜具備點火條件,READY,5.0,一般,均線結構,81.362,2026-10-09 02:34:55
5488,松普,,BLOCK,觀察,0,0,持續觀察,前狀態:nan→今日:觀察,NO,0.0,一般,,11.865,2026-10-09 02:34:55
6768,志強-KY,,BLOCK,觀察,0,0,持續觀察,前狀態:nan→今日:觀察,NO,4.0,一般,法人偏多,11.011,2026-10-09 02:34:55
1337,再生-KY,,BLOCK,觀察,0,0,持續觀察,前狀態:nan→今日:觀察,NO,4.0,一般,法人偏多,6.706,2026-10-09 02:34:55
8222,寶一,,BLOCK,觀察,0,0,持續觀察,首次追蹤:觀察,NO,-2.0,一般,法人偏多｜籌碼風險,4.314,2026-10-09 02:34:55
3594,磐儀,,BLOCK,觀察,0,0,持續觀察,前狀態:nan→今日:觀察,NO,4.0,一般,法人偏多,10.986,2026-10-09 02:34:55
3520,華盈,,BLOCK,突破中,4,13,準IGNITION,前狀態:nan→今日:突破中｜狀態跳升｜具備點火條件,READY,5.0,一般,均線結構,17.52,2026-10-09 02:34:55
4207,環泰,,BLOCK,觀察,0,0,持續觀察,前狀態:nan→今日:觀察,NO,0.0,一般,,11.455,2026-10-09 02:34:55
1517,利奇,,BLOCK,出貨疑慮,-2,-15,降級風險,前狀態:nan→今日:出貨疑慮｜狀態降級,RISK,-6.0,籌碼風險,籌碼風險,2.132,2026-10-09 02:34:55
6208,日揚,,BLOCK,觀察,0,0,持續觀察,前狀態:nan→今日:觀察,NO,0.0,一般,,8.913,2026-10-09 02:34:55
2017,官田鋼,,BLOCK,觀察,0,0,持續觀察,前狀態:nan→今日:觀察,NO,0.0,一般,,11.455,2026-10-09 02:34:55
6690,安碁資訊,,BLOCK,突破中,4,13,準IGNITION,前狀態:nan→今日:突破中｜狀態跳升｜具備點火條件,READY,5.0,一般,均線結構,14.339,2026-10-09 02:34:55
4585,達明,,BLOCK,觀察,0,0,持續觀察,前狀態:nan→今日:觀察,NO,4.0,一般,法人偏多,8.412,2026-10-09 02:34:55
6101,寬魚國際,,BLOCK,突破中,4,13,準IGNITION,前狀態:nan→今日:突破中｜狀態跳升｜具備點火條件,READY,5.0,一般,均線結構,15.675,2026-10-09 02:34:55
4560,強信-KY,WATCH,BLOCK,觀察,0,0,持續觀察,前狀態:觀察→今日:觀察,NO,4.0,一般,法人偏多,77.685,2026-10-09 02:34:55
8403,盛弘,,BLOCK,觀察,0,0,持續觀察,前狀態:nan→今日:觀察,NO,0.0,一般,,8.684,2026-10-09 02:34:55
3552,同致,,BLOCK,觀察,0,0,持續觀察,前狀態:nan→今日:觀察,NO,0.0,一般,,8.913,2026-10-09 02:34:55
8092,建暐,,BLOCK,觀察,0,0,持續觀察,首次追蹤:觀察,NO,0.0,一般,,8.585,2026-10-09 02:34:55
6461,益得,,BLOCK,突破中,4,13,準IGNITION,前狀態:nan→今日:突破中｜狀態跳升｜具備點火條件,READY,5.0,一般,均線結構,14.691,2026-10-09 02:34:55
2024,志聯,,BLOCK,出貨疑慮,-2,-15,降級風險,首次追蹤:出貨疑慮｜狀態降級,RISK,-6.0,籌碼風險,籌碼風險,-3.796,2026-10-09 02:34:55
5487,通泰,,BLOCK,觀察,0,0,持續觀察,前狀態:nan→今日:觀察,NO,0.0,一般,,7.847,2026-10-09 02:34:55
2072,世紀風電,,BLOCK,觀察,0,0,持續觀察,前狀態:nan→今日:觀察,NO,4.0,一般,法人偏多,10.527,2026-10-09 02:34:55
6605,帝寶,,BLOCK,觀察,0,0,持續觀察,前狀態:nan→今日:觀察,NO,0.0,一般,,5.428,2026-10-09 02:34:55
9925,新保,,BLOCK,出貨疑慮,-2,-15,降級風險,前狀態:nan→今日:出貨疑慮｜狀態降級,RISK,-6.0,籌碼風險,籌碼風險,-2.296,2026-10-09 02:34:55
5213,亞昕,,BLOCK,觀察,0,0,持續觀察,前狀態:nan→今日:觀察,NO,0.0,一般,,7.847,2026-10-09 02:34:55
8071,能率網通,,BLOCK,觀察,0,0,持續觀察,前狀態:nan→今日:觀察,NO,0.0,一般,,9.692,2026-10-09 02:34:55
2852,第一保,,BLOCK,觀察,0,0,持續觀察,前狀態:nan→今日:觀察,NO,4.0,一般,法人偏多,11.191,2026-10-09 02:34:55
7805,威聯通,,BLOCK,觀察,0,0,持續觀察,前狀態:nan→今日:觀察,NO,4.0,一般,法人偏多,10.494,2026-10-09 02:34:55
2611,志信,WATCH,BLOCK,觀察,0,0,持續觀察,前狀態:觀察→今日:觀察,NO,0.0,一般,,77.539,2026-10-09 02:34:55
6189,豐藝,,BLOCK,突破中,4,13,準IGNITION,前狀態:nan→今日:突破中｜狀態跳升｜具備點火條件,READY,9.0,一般,均線結構｜法人偏多,16.125,2026-10-09 02:34:55
6465,威潤,,BLOCK,觀察,0,0,持續觀察,前狀態:nan→今日:觀察,NO,0.0,一般,,10.102,2026-10-09 02:34:55
6266,泰詠,,BLOCK,突破中,4,13,準IGNITION,前狀態:nan→今日:突破中｜狀態跳升｜具備點火條件,READY,5.0,一般,均線結構,18.627,2026-10-09 02:34:55
4952,凌通,,BLOCK,觀察,0,0,持續觀察,前狀態:nan→今日:觀察,NO,-2.0,一般,法人偏多｜籌碼風險,5.806,2026-10-09 02:34:55
5302,太欣,,BLOCK,觀察,0,0,持續觀察,前狀態:nan→今日:觀察,NO,4.0,一般,法人偏多,12.585,2026-10-09 02:34:55
2012,春雨,,BLOCK,觀察,0,0,持續觀察,前狀態:nan→今日:觀察,NO,-2.0,一般,法人偏多｜籌碼風險,6.553,2026-10-09 02:34:55
8942,森鉅,,BLOCK,觀察,0,0,持續觀察,前狀態:nan→今日:觀察,NO,0.0,一般,,8.503,2026-10-09 02:34:55
2364,倫飛,,BLOCK,觀察,0,0,持續觀察,前狀態:nan→今日:觀察,NO,-2.0,一般,法人偏多｜籌碼風險,4.708,2026-10-09 02:34:55
6918,愛派司,,BLOCK,突破中,4,13,準IGNITION,前狀態:nan→今日:突破中｜狀態跳升｜具備點火條件,READY,13.0,一般,爆量不跌｜均線結構,19.034,2026-10-09 02:34:55
6870,騰雲,,BLOCK,突破中,4,13,準IGNITION,前狀態:nan→今日:突破中｜狀態跳升｜具備點火條件,READY,5.0,一般,均線結構,14.339,2026-10-09 02:34:55
6983,,,BLOCK,突破中,4,13,準IGNITION,首次追蹤:突破中｜狀態跳升｜具備點火條件,READY,5.0,一般,均線結構,16.413,2026-10-09 02:34:55
6186,新潤,,BLOCK,觀察,0,0,持續觀察,前狀態:nan→今日:觀察,NO,4.0,一般,法人偏多,10.822,2026-10-09 02:34:55
4513,福裕,,BLOCK,觀察,0,0,持續觀察,前狀態:nan→今日:觀察,NO,0.0,一般,,9.651,2026-10-09 02:34:55
2022,聚亨,,BLOCK,出貨疑慮,-2,-15,降級風險,前狀態:nan→今日:出貨疑慮｜狀態降級,RISK,-6.0,籌碼風險,籌碼風險,0.0,2026-10-09 02:34:55
3557,嘉威,WATCH,BLOCK,觀察,0,0,持續觀察,前狀態:觀察→今日:觀察,NO,0.0,一般,,62.615,2026-10-09 02:34:55
2115,六暉-KY,WATCH,BLOCK,突破中,4,12,準IGNITION,前狀態:突破中→今日:突破中｜強狀態維持｜強狀態連續維持｜具備點火條件,READY,5.0,一般,均線結構,90.052,2026-10-09 02:34:55
4139,馬光-KY,,BLOCK,突破中,4,13,準IGNITION,前狀態:nan→今日:突破中｜狀態跳升｜具備點火條件,READY,5.0,一般,均線結構,17.52,2026-10-09 02:34:55
5205,中茂,,BLOCK,突破中,4,13,準IGNITION,前狀態:nan→今日:突破中｜狀態跳升｜具備點火條件,READY,5.0,一般,均線結構,17.643,2026-10-09 02:34:55
1805,寶徠,,BLOCK,觀察,0,0,持續觀察,前狀態:nan→今日:觀察,NO,0.0,一般,,10.537,2026-10-09 02:34:55
1471,首利,,BLOCK,觀察,0,0,持續觀察,前狀態:nan→今日:觀察,NO,-2.0,一般,法人偏多｜籌碼風險,3.002,2026-10-09 02:34:55
5227,立凱-KY,,BLOCK,觀察,0,0,持續觀察,首次追蹤:觀察,NO,0.0,一般,,7.847,2026-10-09 02:34:55
1799,易威,,BLOCK,觀察,0,0,持續觀察,前狀態:nan→今日:觀察,NO,0.0,一般,,7.929,2026-10-09 02:34:55
2734,易飛網,,BLOCK,觀察,0,0,持續觀察,前狀態:nan→今日:觀察,NO,0.0,一般,,12.521,2026-10-09 02:34:55
4503,金雨,,BLOCK,觀察,0,0,持續觀察,前狀態:nan→今日:觀察,NO,0.0,一般,,10.758,2026-10-09 02:34:55
1336,台翰,,BLOCK,突破中,4,13,準IGNITION,前狀態:nan→今日:突破中｜狀態跳升｜具備點火條件,READY,5.0,一般,均線結構,16.946,2026-10-09 02:34:55
2705,六福,,BLOCK,觀察,0,0,持續觀察,前狀態:nan→今日:觀察,NO,0.0,一般,,8.266,2026-10-09 02:34:55
3623,富晶通,,BLOCK,突破中,4,13,準IGNITION,前狀態:nan→今日:突破中｜狀態跳升｜具備點火條件,READY,9.0,一般,均線結構｜法人偏多,17.666,2026-10-09 02:34:55
5288,豐祥-KY,,BLOCK,觀察,0,0,持續觀察,前狀態:nan→今日:觀察,NO,0.0,一般,,12.464,2026-10-09 02:34:55
4571,鈞興-KY,,BLOCK,觀察,0,0,持續觀察,前狀態:nan→今日:觀察,NO,0.0,一般,,7.536,2026-10-09 02:34:55
7747,昕奇雲端,,BLOCK,觀察,0,0,持續觀察,前狀態:nan→今日:觀察,NO,0.0,一般,,10.799,2026-10-09 02:34:55
2636,台驊控股,,BLOCK,出貨疑慮,-2,-15,降級風險,前狀態:nan→今日:出貨疑慮｜狀態降級,RISK,-6.0,籌碼風險,籌碼風險,0.927,2026-10-09 02:34:55
3530,晶相光,,BLOCK,出貨疑慮,-2,-15,降級風險,前狀態:nan→今日:出貨疑慮｜狀態降級,RISK,-6.0,籌碼風險,籌碼風險,0.082,2026-10-09 02:34:55
5512,力麒,,BLOCK,觀察,0,0,持續觀察,前狀態:nan→今日:觀察,NO,0.0,一般,,7.618,2026-10-09 02:34:55
1586,和勤,,BLOCK,觀察,0,0,持續觀察,前狀態:nan→今日:觀察,NO,0.0,一般,,6.962,2026-10-09 02:34:55
1616,億泰,,BLOCK,觀察,0,0,持續觀察,首次追蹤:觀察,NO,0.0,一般,,14.088,2026-10-09 02:34:55
8927,北基,,BLOCK,觀察,0,0,持續觀察,前狀態:nan→今日:觀察,NO,0.0,一般,,7.191,2026-10-09 02:34:55
5410,國眾,,BLOCK,觀察,0,0,持續觀察,前狀態:nan→今日:觀察,NO,4.0,一般,法人偏多,13.856,2026-10-09 02:34:55
1452,宏益,,BLOCK,出貨疑慮,-2,-15,降級風險,前狀態:nan→今日:出貨疑慮｜狀態降級,RISK,-6.0,籌碼風險,籌碼風險,1.419,2026-10-09 02:34:55
5210,寶碩,,BLOCK,突破中,4,13,準IGNITION,前狀態:nan→今日:突破中｜狀態跳升｜具備點火條件,READY,5.0,一般,均線結構,15.446,2026-10-09 02:34:55
7743,金利食安,,BLOCK,突破中,4,13,準IGNITION,前狀態:nan→今日:突破中｜狀態跳升｜具備點火條件,READY,5.0,一般,均線結構,18.627,2026-10-09 02:34:55
4555,氣立,,BLOCK,觀察,0,0,持續觀察,前狀態:nan→今日:觀察,NO,-2.0,一般,法人偏多｜籌碼風險,4.166,2026-10-09 02:34:55
6494,九齊,,BLOCK,觀察,0,0,持續觀察,前狀態:nan→今日:觀察,NO,0.0,一般,,8.913,2026-10-09 02:34:55
7704,明遠精密,,BLOCK,突破中,4,13,準IGNITION,前狀態:nan→今日:突破中｜狀態跳升｜具備點火條件,READY,5.0,一般,均線結構,17.52,2026-10-09 02:34:55
2756,聯發國際,,BLOCK,觀察,0,0,持續觀察,前狀態:nan→今日:觀察,NO,0.0,一般,,12.111,2026-10-09 02:34:55
1580,新麥,,BLOCK,觀察,0,0,持續觀察,前狀態:nan→今日:觀察,NO,0.0,一般,,10.799,2026-10-09 02:34:55
6803,崑鼎,,BLOCK,觀察,0,0,持續觀察,前狀態:nan→今日:觀察,NO,0.0,一般,,11.455,2026-10-09 02:34:55
8478,東哥遊艇,,BLOCK,觀察,0,0,持續觀察,前狀態:nan→今日:觀察,NO,0.0,一般,,11.045,2026-10-09 02:34:55
8443,阿瘦,,BLOCK,觀察,0,0,持續觀察,首次追蹤:觀察,NO,0.0,一般,,12.808,2026-10-09 02:34:55
2534,宏盛,,BLOCK,觀察,0,0,持續觀察,前狀態:nan→今日:觀察,NO,0.0,一般,,6.806,2026-10-09 02:34:55
1527,鑽全,,BLOCK,觀察,0,0,持續觀察,前狀態:nan→今日:觀察,NO,-2.0,一般,法人偏多｜籌碼風險,4.396,2026-10-09 02:34:55
8083,瑞穎,,BLOCK,突破中,4,13,準IGNITION,首次追蹤:突破中｜狀態跳升｜具備點火條件,READY,5.0,一般,均線結構,18.627,2026-10-09 02:34:55
2477,美隆電,,BLOCK,出貨疑慮,-2,-15,降級風險,前狀態:nan→今日:出貨疑慮｜狀態降級,RISK,-6.0,籌碼風險,籌碼風險,0.271,2026-10-09 02:34:55
6637,醫影,,BLOCK,觀察,0,0,持續觀察,前狀態:nan→今日:觀察,NO,0.0,一般,,10.758,2026-10-09 02:34:55
8171,天宇,,BLOCK,突破中,4,13,準IGNITION,前狀態:nan→今日:突破中｜狀態跳升｜具備點火條件,READY,5.0,一般,均線結構,18.627,2026-10-09 02:34:55
1532,勤美,,BLOCK,出貨疑慮,-2,-15,降級風險,前狀態:nan→今日:出貨疑慮｜狀態降級,RISK,-6.0,籌碼風險,籌碼風險,-2.025,2026-10-09 02:34:55
6028,公勝保經,,BLOCK,突破中,4,13,準IGNITION,前狀態:nan→今日:突破中｜狀態跳升｜具備點火條件,READY,5.0,一般,均線結構,18.627,2026-10-09 02:34:55
4735,豪展,,BLOCK,突破中,4,13,準IGNITION,前狀態:nan→今日:突破中｜狀態跳升｜具備點火條件,READY,5.0,一般,均線結構,13.724,2026-10-09 02:34:55
6192,巨路,,BLOCK,觀察,0,0,持續觀察,前狀態:nan→今日:觀察,NO,0.0,一般,,8.831,2026-10-09 02:34:55
1109,信大,,BLOCK,出貨疑慮,-2,-15,降級風險,前狀態:nan→今日:出貨疑慮｜狀態降級,RISK,-6.0,籌碼風險,籌碼風險,1.157,2026-10-09 02:34:55
3672,康聯訊,,BLOCK,觀察,0,0,持續觀察,首次追蹤:觀察,NO,0.0,一般,,7.847,2026-10-09 02:34:55
9962,有益,,BLOCK,突破中,4,13,準IGNITION,前狀態:nan→今日:突破中｜狀態跳升｜具備點火條件,READY,5.0,一般,均線結構,18.627,2026-10-09 02:34:55
6754,匯僑設計,,BLOCK,觀察,0,0,持續觀察,首次追蹤:觀察,NO,0.0,一般,,10.496,2026-10-09 02:34:55
5701,劍湖山,,BLOCK,觀察,0,0,持續觀察,前狀態:nan→今日:觀察,NO,4.0,一般,法人偏多,5.96,2026-10-09 02:34:55
7738,東聯互動,,BLOCK,觀察,0,0,持續觀察,前狀態:nan→今日:觀察,NO,0.0,一般,,9.692,2026-10-09 02:34:55
5016,松和,,BLOCK,突破中,4,13,準IGNITION,前狀態:nan→今日:突破中｜狀態跳升｜具備點火條件,READY,5.0,一般,均線結構,15.675,2026-10-09 02:34:55
8415,大國鋼,,BLOCK,觀察,0,0,持續觀察,前狀態:nan→今日:觀察,NO,4.0,一般,法人偏多,8.543,2026-10-09 02:34:55
3438,類比科,,BLOCK,觀察,0,0,持續觀察,前狀態:nan→今日:觀察,NO,0.0,一般,,11.455,2026-10-09 02:34:55
6194,育富,,BLOCK,突破中,4,13,準IGNITION,前狀態:nan→今日:突破中｜狀態跳升｜具備點火條件,READY,5.0,一般,均線結構,17.52,2026-10-09 02:34:55
5905,南仁湖,,BLOCK,觀察,0,0,持續觀察,前狀態:nan→今日:觀察,NO,4.0,一般,法人偏多,12.134,2026-10-09 02:34:55
1603,華電,,BLOCK,突破中,4,13,準IGNITION,前狀態:nan→今日:突破中｜狀態跳升｜具備點火條件,READY,5.0,一般,均線結構,17.061,2026-10-09 02:34:55
8421,旭源,,BLOCK,觀察,0,0,持續觀察,前狀態:nan→今日:觀察,NO,0.0,一般,,11.865,2026-10-09 02:34:55
3710,連展投控,,BLOCK,觀察,0,0,持續觀察,前狀態:nan→今日:觀察,NO,0.0,一般,,11.537,2026-10-09 02:34:55
5450,南良,,BLOCK,觀察,0,0,持續觀察,前狀態:nan→今日:觀察,NO,0.0,一般,,12.521,2026-10-09 02:34:55
7703,銳澤,,BLOCK,突破中,4,13,準IGNITION,前狀態:nan→今日:突破中｜狀態跳升｜具備點火條件,READY,5.0,一般,均線結構,15.675,2026-10-09 02:34:55
1558,伸興,,BLOCK,觀察,0,0,持續觀察,前狀態:nan→今日:觀察,NO,-2.0,一般,法人偏多｜籌碼風險,7.127,2026-10-09 02:34:55
6506,雙邦,,BLOCK,突破中,4,13,準IGNITION,前狀態:nan→今日:突破中｜狀態跳升｜具備點火條件,READY,5.0,一般,均線結構,18.627,2026-10-09 02:34:55
8024,佑華,,BLOCK,觀察,0,0,持續觀察,前狀態:nan→今日:觀察,NO,0.0,一般,,7.929,2026-10-09 02:34:55
8176,智捷,,BLOCK,觀察,0,0,持續觀察,前狀態:nan→今日:觀察,NO,0.0,一般,,8.503,2026-10-09 02:34:55
5220,萬達光電,,BLOCK,突破中,4,13,準IGNITION,前狀態:nan→今日:突破中｜狀態跳升｜具備點火條件,READY,5.0,一般,均線結構,17.52,2026-10-09 02:34:55
1516,川飛,WATCH,BLOCK,觀察,0,0,持續觀察,前狀態:觀察→今日:觀察,NO,4.0,一般,法人偏多,62.843,2026-10-09 02:34:55
4109,加捷生醫,,BLOCK,觀察,0,0,持續觀察,前狀態:nan→今日:觀察,NO,0.0,一般,,9.692,2026-10-09 02:34:55
6971,惠民實業,,BLOCK,觀察,0,0,持續觀察,前狀態:nan→今日:觀察,NO,0.0,一般,,8.585,2026-10-09 02:34:55
1445,大宇,WATCH,BLOCK,觀察,0,0,持續觀察,前狀態:nan→今日:觀察,NO,0.0,一般,,74.997,2026-10-09 02:34:55
4414,如興,,BLOCK,出貨疑慮,-2,-15,降級風險,前狀態:nan→今日:出貨疑慮｜狀態降級,RISK,-6.0,籌碼風險,籌碼風險,-3.485,2026-10-09 02:34:55
6151,晉倫,,BLOCK,觀察,0,0,持續觀察,前狀態:nan→今日:觀察,NO,0.0,一般,,8.913,2026-10-09 02:34:55
1788,杏昌,,BLOCK,觀察,0,0,持續觀察,前狀態:nan→今日:觀察,NO,0.0,一般,,10.348,2026-10-09 02:34:55
3501,維熹,,BLOCK,出貨疑慮,-2,-15,降級風險,前狀態:nan→今日:出貨疑慮｜狀態降級,RISK,-6.0,籌碼風險,籌碼風險,2.485,2026-10-09 02:34:55
5287,數字,,BLOCK,觀察,0,0,持續觀察,前狀態:nan→今日:觀察,NO,0.0,一般,,8.069,2026-10-09 02:34:55
5490,同亨,,BLOCK,觀察,0,0,持續觀察,前狀態:nan→今日:觀察,NO,4.0,一般,法人偏多,10.248,2026-10-09 02:34:55
5355,佳總,,BLOCK,突破中,4,13,準IGNITION,前狀態:nan→今日:突破中｜狀態跳升｜具備點火條件,READY,5.0,一般,均線結構,18.627,2026-10-09 02:34:55
2471,資通,,BLOCK,觀察,0,0,持續觀察,前狀態:nan→今日:觀察,NO,-2.0,一般,法人偏多｜籌碼風險,6.471,2026-10-09 02:34:55
4166,友霖,,BLOCK,觀察,0,0,持續觀察,前狀態:nan→今日:觀察,NO,0.0,一般,,9.651,2026-10-09 02:34:55
6574,霈方,,BLOCK,觀察,0,0,持續觀察,前狀態:nan→今日:觀察,NO,0.0,一般,,12.521,2026-10-09 02:34:55
8089,康全電訊,,BLOCK,突破中,4,13,準IGNITION,前狀態:nan→今日:突破中｜狀態跳升｜具備點火條件,READY,5.0,一般,均線結構,18.627,2026-10-09 02:34:55
3052,夆典,,BLOCK,觀察,0,0,持續觀察,前狀態:nan→今日:觀察,NO,0.0,一般,,9.315,2026-10-09 02:34:55
1726,永記,,BLOCK,觀察,0,0,持續觀察,前狀態:nan→今日:觀察,NO,0.0,一般,,8.979,2026-10-09 02:34:55
3285,微端,,BLOCK,突破中,4,13,準IGNITION,前狀態:nan→今日:突破中｜狀態跳升｜具備點火條件,READY,5.0,一般,均線結構,18.627,2026-10-09 02:34:55
7760,享溫馨,WATCH,BLOCK,觀察,0,0,持續觀察,前狀態:nan→今日:觀察,NO,0.0,一般,,55.092,2026-10-09 02:34:55
8935,邦泰,,BLOCK,突破中,4,13,準IGNITION,前狀態:nan→今日:突破中｜狀態跳升｜具備點火條件,READY,5.0,一般,均線結構,16.864,2026-10-09 02:34:55
1232,大統益,,BLOCK,觀察,0,0,持續觀察,前狀態:nan→今日:觀察,NO,0.0,一般,,11.045,2026-10-09 02:34:55
3057,喬鼎,,BLOCK,觀察,0,0,持續觀察,前狀態:nan→今日:觀察,NO,-2.0,一般,法人偏多｜籌碼風險,6.159,2026-10-09 02:34:55
5538,東明-KY,,BLOCK,突破中,4,13,準IGNITION,前狀態:nan→今日:突破中｜狀態跳升｜具備點火條件,READY,5.0,一般,均線結構,17.135,2026-10-09 02:34:55
1468,昶和,,BLOCK,出貨疑慮,-2,-15,降級風險,前狀態:nan→今日:出貨疑慮｜狀態降級,RISK,-6.0,籌碼風險,籌碼風險,2.214,2026-10-09 02:34:55
4562,穎漢,,BLOCK,出貨疑慮,-2,-15,降級風險,前狀態:nan→今日:出貨疑慮｜狀態降級,RISK,-6.0,籌碼風險,籌碼風險,-2.353,2026-10-09 02:34:55
8908,欣雄,,BLOCK,觀察,0,0,持續觀察,前狀態:nan→今日:觀察,NO,0.0,一般,,10.348,2026-10-09 02:34:55
3178,公準,,BLOCK,突破中,4,13,準IGNITION,首次追蹤:突破中｜狀態跳升｜具備點火條件,READY,5.0,一般,均線結構,18.627,2026-10-09 02:34:55
1414,東和,WATCH,BLOCK,觀察,0,0,持續觀察,前狀態:nan→今日:觀察,NO,0.0,一般,,72.845,2026-10-09 02:34:55
7547,碩網,,BLOCK,突破中,4,13,準IGNITION,前狀態:nan→今日:突破中｜狀態跳升｜具備點火條件,READY,5.0,一般,均線結構,15.675,2026-10-09 02:34:55
3611,鼎翰,,BLOCK,觀察,0,0,持續觀察,前狀態:nan→今日:觀察,NO,0.0,一般,,12.521,2026-10-09 02:34:55
4401,東隆興,,BLOCK,觀察,0,0,持續觀察,前狀態:nan→今日:觀察,NO,0.0,一般,,11.865,2026-10-09 02:34:55
1526,日馳,,BLOCK,觀察,0,0,持續觀察,前狀態:nan→今日:觀察,NO,4.0,一般,法人偏多,9.609,2026-10-09 02:34:55
1339,昭輝,,BLOCK,觀察,0,0,持續觀察,前狀態:nan→今日:觀察,NO,0.0,一般,,8.102,2026-10-09 02:34:55
6863,永道-KY,,BLOCK,觀察,0,0,持續觀察,首次追蹤:觀察,NO,-2.0,一般,法人偏多｜籌碼風險,2.461,2026-10-09 02:34:55
2431,聯昌,,BLOCK,觀察,0,0,持續觀察,前狀態:nan→今日:觀察,NO,4.0,一般,法人偏多,10.33,2026-10-09 02:34:55
1506,正道,,BLOCK,觀察,0,0,持續觀察,前狀態:nan→今日:觀察,NO,0.0,一般,,8.602,2026-10-09 02:34:55
3541,西柏,,BLOCK,突破中,4,13,準IGNITION,前狀態:nan→今日:突破中｜狀態跳升｜具備點火條件,READY,5.0,一般,均線結構,16.413,2026-10-09 02:34:55
3310,佳穎,,BLOCK,突破中,4,13,準IGNITION,前狀態:nan→今日:突破中｜狀態跳升｜具備點火條件,READY,5.0,一般,均線結構,18.627,2026-10-09 02:34:55
1219,福壽,,BLOCK,出貨疑慮,-2,-15,降級風險,前狀態:nan→今日:出貨疑慮｜狀態降級,RISK,-6.0,籌碼風險,籌碼風險,0.107,2026-10-09 02:34:55
1473,台南,,BLOCK,出貨疑慮,-2,-15,降級風險,前狀態:nan→今日:出貨疑慮｜狀態降級,RISK,-6.0,籌碼風險,籌碼風險,-2.886,2026-10-09 02:34:55
2433,互盛電,,BLOCK,出貨疑慮,-2,-15,降級風險,前狀態:nan→今日:出貨疑慮｜狀態降級,RISK,-6.0,籌碼風險,籌碼風險,-2.23,2026-10-09 02:34:55
2745,五福,,BLOCK,觀察,0,0,持續觀察,前狀態:nan→今日:觀察,NO,0.0,一般,,12.48,2026-10-09 02:34:55
4173,久裕,,BLOCK,觀察,0,0,持續觀察,前狀態:nan→今日:觀察,NO,0.0,一般,,13.177,2026-10-09 02:34:55
5014,建錩,,BLOCK,觀察,0,0,持續觀察,前狀態:nan→今日:觀察,NO,0.0,一般,,11.373,2026-10-09 02:34:55
9951,皇田,,BLOCK,觀察,0,0,持續觀察,前狀態:nan→今日:觀察,NO,0.0,一般,,9.487,2026-10-09 02:34:55
9942,茂順,,BLOCK,出貨疑慮,-2,-15,降級風險,前狀態:nan→今日:出貨疑慮｜狀態降級,RISK,-6.0,籌碼風險,籌碼風險,-2.763,2026-10-09 02:34:55
1264,德麥,,BLOCK,觀察,0,0,持續觀察,前狀態:nan→今日:觀察,NO,0.0,一般,,11.414,2026-10-09 02:34:55
3313,斐成,,BLOCK,觀察,0,0,持續觀察,前狀態:nan→今日:觀察,NO,4.0,一般,法人偏多,9.756,2026-10-09 02:34:55
5356,協益,,BLOCK,觀察,0,0,持續觀察,前狀態:nan→今日:觀察,NO,0.0,一般,,9.159,2026-10-09 02:34:55
1465,偉全,,BLOCK,觀察,0,0,持續觀察,前狀態:nan→今日:觀察,NO,0.0,一般,,12.849,2026-10-09 02:34:55
6776,展碁國際,,BLOCK,觀察,0,0,持續觀察,前狀態:nan→今日:觀察,NO,0.0,一般,,15.851,2026-10-09 02:34:55
3652,精聯,,BLOCK,突破中,4,13,準IGNITION,前狀態:nan→今日:突破中｜狀態跳升｜具備點火條件,READY,5.0,一般,均線結構,18.324,2026-10-09 02:34:55
6666,羅麗芬-KY,,BLOCK,出貨疑慮,-2,-15,降級風險,前狀態:nan→今日:出貨疑慮｜狀態降級,RISK,-6.0,籌碼風險,籌碼風險,1.296,2026-10-09 02:34:55
3038,全台,,BLOCK,觀察,0,0,持續觀察,前狀態:nan→今日:觀察,NO,0.0,一般,,10.037,2026-10-09 02:34:55
5704,老爺知,,BLOCK,突破中,4,13,準IGNITION,前狀態:nan→今日:突破中｜狀態跳升｜具備點火條件,READY,5.0,一般,均線結構,15.757,2026-10-09 02:34:55
8049,晶采,,BLOCK,觀察,0,0,持續觀察,前狀態:nan→今日:觀察,NO,0.0,一般,,9.364,2026-10-09 02:34:55
6576,逸達,,BLOCK,觀察,0,0,持續觀察,前狀態:nan→今日:觀察,NO,0.0,一般,,6.511,2026-10-09 02:34:55
8933,愛地雅,,BLOCK,觀察,0,0,持續觀察,前狀態:nan→今日:觀察,NO,0.0,一般,,8.913,2026-10-09 02:34:55
3669,圓展,,BLOCK,出貨疑慮,-2,-15,降級風險,前狀態:nan→今日:出貨疑慮｜狀態降級,RISK,-6.0,籌碼風險,籌碼風險,-5.576,2026-10-09 02:34:55
8924,大田,,BLOCK,觀察,0,0,持續觀察,前狀態:nan→今日:觀察,NO,0.0,一般,,7.847,2026-10-09 02:34:55
5603,陸海,,BLOCK,觀察,0,0,持續觀察,首次追蹤:觀察,NO,0.0,一般,,9.299,2026-10-09 02:34:55
9905,大華,,BLOCK,突破中,4,13,準IGNITION,前狀態:nan→今日:突破中｜狀態跳升｜具備點火條件,READY,5.0,一般,均線結構,21.202,2026-10-09 02:34:55
3054,立萬利,,BLOCK,突破中,4,13,準IGNITION,前狀態:nan→今日:突破中｜狀態跳升｜具備點火條件,READY,-1.0,一般,均線結構｜籌碼風險,12.504,2026-10-09 02:34:55
2482,連宇,,BLOCK,觀察,0,0,持續觀察,前狀態:nan→今日:觀察,NO,0.0,一般,,9.02,2026-10-09 02:34:55
3557,嘉威,WATCH,BLOCK,觀察,0,0,持續觀察,前狀態:觀察→今日:觀察,NO,0.0,一般,,62.615,2026-10-09 02:34:55
1410,南染,,BLOCK,出貨疑慮,-2,-15,降級風險,前狀態:nan→今日:出貨疑慮｜狀態降級,RISK,-6.0,籌碼風險,籌碼風險,-2.082,2026-10-09 02:34:55
2115,六暉-KY,WATCH,BLOCK,突破中,4,12,準IGNITION,前狀態:突破中→今日:突破中｜強狀態維持｜強狀態連續維持｜具備點火條件,READY,5.0,一般,均線結構,90.052,2026-10-09 02:34:55
6241,易通展,,BLOCK,觀察,0,0,持續觀察,前狀態:nan→今日:觀察,NO,0.0,一般,,13.136,2026-10-09 02:34:55
6804,明係,,BLOCK,觀察,0,0,持續觀察,前狀態:nan→今日:觀察,NO,0.0,一般,,8.913,2026-10-09 02:34:55
2706,第一店,,BLOCK,觀察,0,0,持續觀察,首次追蹤:觀察,NO,0.0,一般,,11.513,2026-10-09 02:34:55
5481,新華,,BLOCK,觀察,0,0,持續觀察,首次追蹤:觀察,NO,0.0,一般,,12.726,2026-10-09 02:34:55
8928,鉅明,,BLOCK,觀察,0,0,持續觀察,前狀態:nan→今日:觀察,NO,0.0,一般,,7.847,2026-10-09 02:34:55
2459,敦吉,,BLOCK,觀察,0,0,持續觀察,前狀態:nan→今日:觀察,NO,4.0,一般,法人偏多,10.084,2026-10-09 02:34:55
6474,華豫寧,,BLOCK,觀察,0,0,持續觀察,前狀態:nan→今日:觀察,NO,0.0,一般,,11.414,2026-10-09 02:34:55
5703,,,BLOCK,出貨疑慮,-2,-15,降級風險,前狀態:nan→今日:出貨疑慮｜狀態降級,RISK,-6.0,籌碼風險,籌碼風險,1.87,2026-10-09 02:34:55
3325,旭品,,BLOCK,觀察,0,0,持續觀察,首次追蹤:觀察,NO,0.0,一般,,9.528,2026-10-09 02:34:55
5310,天剛,,BLOCK,觀察,0,0,持續觀察,前狀態:nan→今日:觀察,NO,0.0,一般,,8.913,2026-10-09 02:34:55
5514,三豐,,BLOCK,觀察,0,0,持續觀察,前狀態:nan→今日:觀察,NO,0.0,一般,,11.455,2026-10-09 02:34:55
4111,濟生,,BLOCK,觀察,0,0,持續觀察,前狀態:nan→今日:觀察,NO,0.0,一般,,11.414,2026-10-09 02:34:55
6968,萬達寵物,,BLOCK,觀察,0,0,持續觀察,前狀態:nan→今日:觀察,NO,0.0,一般,,11.455,2026-10-09 02:34:55
4440,宜新實業,,BLOCK,觀察,0,0,持續觀察,前狀態:nan→今日:觀察,NO,0.0,一般,,8.159,2026-10-09 02:34:55
9943,好樂迪,,BLOCK,觀察,0,0,持續觀察,前狀態:nan→今日:觀察,NO,0.0,一般,,4.485,2026-10-09 02:34:55
8467,波力-KY,WATCH,BLOCK,觀察,0,0,持續觀察,首次追蹤:觀察,NO,0.0,一般,,53.739,2026-10-09 02:34:55
8446,華研,,BLOCK,突破中,4,13,準IGNITION,首次追蹤:突破中｜狀態跳升｜具備點火條件,READY,5.0,一般,均線結構,13.724,2026-10-09 02:34:55
3444,利機,,BLOCK,觀察,0,0,持續觀察,前狀態:nan→今日:觀察,NO,0.0,一般,,11.414,2026-10-09 02:34:55
4205,中華食,,BLOCK,觀察,0,0,持續觀察,前狀態:nan→今日:觀察,NO,0.0,一般,,10.799,2026-10-09 02:34:55
1472,三洋實業,,BLOCK,觀察,0,0,持續觀察,首次追蹤:觀察,NO,0.0,一般,,12.677,2026-10-09 02:34:55
5907,大洋-KY,,BLOCK,出貨疑慮,-2,-15,降級風險,前狀態:nan→今日:出貨疑慮｜狀態降級,RISK,-6.0,籌碼風險,籌碼風險,-2.148,2026-10-09 02:34:55
2755,揚秦,,BLOCK,觀察,0,0,持續觀察,前狀態:nan→今日:觀察,NO,0.0,一般,,10.799,2026-10-09 02:34:55
6703,軒郁,,BLOCK,觀察,0,0,持續觀察,前狀態:nan→今日:觀察,NO,0.0,一般,,9.692,2026-10-09 02:34:55
6248,沛波,,BLOCK,觀察,0,0,持續觀察,前狀態:nan→今日:觀察,NO,0.0,一般,,13.136,2026-10-09 02:34:55
2832,台產,,BLOCK,觀察,0,0,持續觀察,前狀態:nan→今日:觀察,NO,4.0,一般,法人偏多,7.567,2026-10-09 02:34:55
3489,森寶,,BLOCK,觀察,0,0,持續觀察,前狀態:nan→今日:觀察,NO,0.0,一般,,13.177,2026-10-09 02:34:55
1780,,,BLOCK,突破中,4,13,準IGNITION,前狀態:nan→今日:突破中｜狀態跳升｜具備點火條件,READY,5.0,一般,均線結構,14.831,2026-10-09 02:34:55
6654,天正國際,,BLOCK,突破中,4,13,準IGNITION,首次追蹤:突破中｜狀態跳升｜具備點火條件,READY,5.0,一般,均線結構,16.413,2026-10-09 02:34:55
1417,嘉裕,,BLOCK,觀察,0,0,持續觀察,前狀態:nan→今日:觀察,NO,0.0,一般,,15.851,2026-10-09 02:34:55
8093,保銳,,BLOCK,突破中,4,13,準IGNITION,前狀態:nan→今日:突破中｜狀態跳升｜具備點火條件,READY,5.0,一般,均線結構,18.627,2026-10-09 02:34:55
4580,捷流閥業,,BLOCK,突破中,4,13,準IGNITION,前狀態:nan→今日:突破中｜狀態跳升｜具備點火條件,READY,5.0,一般,均線結構,17.397,2026-10-09 02:34:55
5547,久舜,,BLOCK,突破中,4,13,準IGNITION,前狀態:nan→今日:突破中｜狀態跳升｜具備點火條件,READY,5.0,一般,均線結構,18.627,2026-10-09 02:34:55
4907,富宇,,BLOCK,觀察,0,0,持續觀察,前狀態:nan→今日:觀察,NO,0.0,一般,,7.167,2026-10-09 02:34:55
5403,中菲,,BLOCK,觀察,0,0,持續觀察,前狀態:nan→今日:觀察,NO,0.0,一般,,11.455,2026-10-09 02:34:55
3043,科風,,BLOCK,觀察,0,0,持續觀察,前狀態:nan→今日:觀察,NO,4.0,一般,法人偏多,9.461,2026-10-09 02:34:55
6884,海柏特,,BLOCK,突破中,4,13,準IGNITION,前狀態:nan→今日:突破中｜狀態跳升｜具備點火條件,READY,5.0,一般,均線結構,18.627,2026-10-09 02:34:55
1443,立益物流,,BLOCK,出貨疑慮,-2,-15,降級風險,首次追蹤:出貨疑慮｜狀態降級,RISK,-6.0,籌碼風險,籌碼風險,-4.116,2026-10-09 02:34:55
6844,諾貝兒,,BLOCK,觀察,0,0,持續觀察,前狀態:nan→今日:觀察,NO,0.0,一般,,7.191,2026-10-09 02:34:55
1614,三洋電,,BLOCK,突破中,4,13,準IGNITION,首次追蹤:突破中｜狀態跳升｜具備點火條件,READY,5.0,一般,均線結構,17.561,2026-10-09 02:34:55
4126,太醫,,BLOCK,觀察,0,0,持續觀察,前狀態:nan→今日:觀察,NO,0.0,一般,,8.315,2026-10-09 02:34:55
6614,資拓宏宇,,BLOCK,觀察,0,0,持續觀察,首次追蹤:觀察,NO,0.0,一般,,9.43,2026-10-09 02:34:55
8916,光隆,,BLOCK,觀察,0,0,持續觀察,前狀態:nan→今日:觀察,NO,0.0,一般,,10.348,2026-10-09 02:34:55
4102,永日,,BLOCK,觀察,0,0,持續觀察,前狀態:nan→今日:觀察,NO,0.0,一般,,11.414,2026-10-09 02:34:55
2013,中鋼構,,BLOCK,觀察,0,0,持續觀察,前狀態:nan→今日:觀察,NO,0.0,一般,,8.774,2026-10-09 02:34:55
3288,點晶,,BLOCK,觀察,0,0,持續觀察,前狀態:nan→今日:觀察,NO,0.0,一般,,10.307,2026-10-09 02:34:55
4417,金洲,,BLOCK,觀察,0,0,持續觀察,前狀態:nan→今日:觀察,NO,0.0,一般,,12.767,2026-10-09 02:34:55
4523,永彰,,BLOCK,觀察,0,0,持續觀察,前狀態:nan→今日:觀察,NO,0.0,一般,,12.07,2026-10-09 02:34:55
3306,鼎天,,BLOCK,突破中,4,13,準IGNITION,前狀態:nan→今日:突破中｜狀態跳升｜具備點火條件,READY,5.0,一般,均線結構,19.898,2026-10-09 02:34:55
6183,關貿,,BLOCK,觀察,0,0,持續觀察,前狀態:nan→今日:觀察,NO,0.0,一般,,10.545,2026-10-09 02:34:55
7818,,WATCH,BLOCK,觀察,0,0,持續觀察,首次追蹤:觀察,NO,0.0,一般,,48.163,2026-10-09 02:34:55
8034,榮群,,BLOCK,觀察,0,0,持續觀察,首次追蹤:觀察,NO,0.0,一般,,10.799,2026-10-09 02:34:55
4527,方土霖,,BLOCK,突破中,4,13,準IGNITION,前狀態:nan→今日:突破中｜狀態跳升｜具備點火條件,READY,5.0,一般,均線結構,18.627,2026-10-09 02:34:55
3521,台鋼建設,,BLOCK,觀察,0,0,持續觀察,前狀態:nan→今日:觀察,NO,0.0,一般,,7.929,2026-10-09 02:34:55
4107,邦特,,BLOCK,觀察,0,0,持續觀察,前狀態:nan→今日:觀察,NO,0.0,一般,,10.307,2026-10-09 02:34:55
6161,捷波,,BLOCK,觀察,0,0,持續觀察,前狀態:nan→今日:觀察,NO,4.0,一般,法人偏多,13.856,2026-10-09 02:34:55
6578,達邦蛋白,,BLOCK,觀察,0,0,持續觀察,前狀態:nan→今日:觀察,NO,0.0,一般,,8.585,2026-10-09 02:34:55
1432,大魯閣,,BLOCK,觀察,0,0,持續觀察,前狀態:nan→今日:觀察,NO,0.0,一般,,11.628,2026-10-09 02:34:55
8489,三貝德,,BLOCK,觀察,0,0,持續觀察,首次追蹤:觀察,NO,0.0,一般,,11.865,2026-10-09 02:34:55
3130,一零四,,BLOCK,觀察,0,0,持續觀察,前狀態:nan→今日:觀察,NO,0.0,一般,,5.248,2026-10-09 02:34:55
3687,歐買尬,,BLOCK,觀察,0,0,持續觀察,前狀態:nan→今日:觀察,NO,0.0,一般,,5.896,2026-10-09 02:34:55
5324,士開,,BLOCK,突破中,4,13,準IGNITION,前狀態:nan→今日:突破中｜狀態跳升｜具備點火條件,READY,5.0,一般,均線結構,17.028,2026-10-09 02:34:55
1340,勝悅-KY,,BLOCK,出貨疑慮,-2,-15,降級風險,前狀態:nan→今日:出貨疑慮｜狀態降級,RISK,-6.0,籌碼風險,籌碼風險,-2.312,2026-10-09 02:34:55
2063,世鎧,,BLOCK,觀察,0,0,持續觀察,前狀態:nan→今日:觀察,NO,0.0,一般,,11.455,2026-10-09 02:34:55
2739,寒舍,,BLOCK,觀察,0,0,持續觀察,前狀態:nan→今日:觀察,NO,4.0,一般,法人偏多,7.51,2026-10-09 02:34:55
8279,生展,,BLOCK,觀察,0,0,持續觀察,前狀態:nan→今日:觀察,NO,0.0,一般,,11.865,2026-10-09 02:34:55
8429,金麗-KY,,BLOCK,觀察,0,0,持續觀察,前狀態:nan→今日:觀察,NO,0.0,一般,,11.242,2026-10-09 02:34:55
7718,友鋮,,BLOCK,觀察,0,0,持續觀察,前狀態:nan→今日:觀察,NO,0.0,一般,,9.61,2026-10-09 02:34:55
1268,漢來美食,,BLOCK,觀察,0,0,持續觀察,前狀態:nan→今日:觀察,NO,0.0,一般,,11.414,2026-10-09 02:34:55
8905,裕國,,BLOCK,觀察,0,0,持續觀察,前狀態:nan→今日:觀察,NO,0.0,一般,,9.651,2026-10-09 02:34:55
1437,勤益控,,BLOCK,觀察,0,0,持續觀察,前狀態:nan→今日:觀察,NO,0.0,一般,,7.298,2026-10-09 02:34:55
2751,王座,,BLOCK,突破中,4,13,準IGNITION,前狀態:nan→今日:突破中｜狀態跳升｜具備點火條件,READY,5.0,一般,均線結構,16.413,2026-10-09 02:34:55
8059,凱碩,,BLOCK,觀察,0,0,持續觀察,前狀態:nan→今日:觀察,NO,0.0,一般,,7.618,2026-10-09 02:34:55
4413,飛寶企業,,BLOCK,突破中,4,13,準IGNITION,前狀態:nan→今日:突破中｜狀態跳升｜具備點火條件,READY,5.0,一般,均線結構,18.135,2026-10-09 02:34:55
5902,德記,,BLOCK,觀察,0,0,持續觀察,前狀態:nan→今日:觀察,NO,0.0,一般,,9.241,2026-10-09 02:34:55
6158,禾昌,,BLOCK,突破中,4,13,準IGNITION,前狀態:nan→今日:突破中｜狀態跳升｜具備點火條件,READY,5.0,一般,均線結構,18.627,2026-10-09 02:34:55
6982,大井泵浦,,BLOCK,觀察,0,0,持續觀察,前狀態:nan→今日:觀察,NO,0.0,一般,,6.962,2026-10-09 02:34:55
8930,青鋼,,BLOCK,觀察,0,0,持續觀察,前狀態:nan→今日:觀察,NO,0.0,一般,,8.503,2026-10-09 02:34:55
4702,中美實,,BLOCK,觀察,0,0,持續觀察,前狀態:nan→今日:觀察,NO,0.0,一般,,13.136,2026-10-09 02:34:55
7819,,,BLOCK,觀察,0,0,持續觀察,前狀態:nan→今日:觀察,NO,0.0,一般,,8.298,2026-10-09 02:34:55
6697,東捷資訊,,BLOCK,突破中,4,13,準IGNITION,前狀態:nan→今日:突破中｜狀態跳升｜具備點火條件,READY,5.0,一般,均線結構,15.675,2026-10-09 02:34:55
6527,明達醫,,BLOCK,觀察,0,0,持續觀察,前狀態:nan→今日:觀察,NO,0.0,一般,,8.503,2026-10-09 02:34:55
6721,信實,,BLOCK,觀察,0,0,持續觀察,前狀態:nan→今日:觀察,NO,0.0,一般,,7.003,2026-10-09 02:34:55
6523,達爾膚,,BLOCK,觀察,0,0,持續觀察,前狀態:nan→今日:觀察,NO,0.0,一般,,9.61,2026-10-09 02:34:55
1256,鮮活果汁-KY,,BLOCK,出貨疑慮,-2,-15,降級風險,首次追蹤:出貨疑慮｜狀態降級,RISK,-6.0,籌碼風險,籌碼風險,-0.18,2026-10-09 02:34:55
8401,白紗科,,BLOCK,觀察,0,0,持續觀察,前狀態:nan→今日:觀察,NO,0.0,一般,,13.136,2026-10-09 02:34:55
3128,昇銳,,BLOCK,觀察,0,0,持續觀察,前狀態:nan→今日:觀察,NO,0.0,一般,,10.758,2026-10-09 02:34:55
6109,亞元,,BLOCK,觀察,0,0,持續觀察,前狀態:nan→今日:觀察,NO,0.0,一般,,11.414,2026-10-09 02:34:55
1599,宏佳騰,,BLOCK,觀察,0,0,持續觀察,前狀態:nan→今日:觀察,NO,0.0,一般,,7.847,2026-10-09 02:34:55
6612,奈米醫材,,BLOCK,觀察,0,0,持續觀察,前狀態:nan→今日:觀察,NO,0.0,一般,,9.774,2026-10-09 02:34:55
3679,新至陞,,BLOCK,觀察,0,0,持續觀察,前狀態:nan→今日:觀察,NO,0.0,一般,,10.25,2026-10-09 02:34:55
1813,寶利徠,,BLOCK,觀察,0,0,持續觀察,前狀態:nan→今日:觀察,NO,0.0,一般,,5.896,2026-10-09 02:34:55
4153,鈺緯,,BLOCK,觀察,0,0,持續觀察,前狀態:nan→今日:觀察,NO,0.0,一般,,7.847,2026-10-09 02:34:55
5348,,,BLOCK,突破中,4,13,準IGNITION,前狀態:nan→今日:突破中｜狀態跳升｜具備點火條件,READY,5.0,一般,均線結構,13.068,2026-10-09 02:34:55
6516,勤崴國際,,BLOCK,觀察,0,0,持續觀察,前狀態:nan→今日:觀察,NO,0.0,一般,,11.455,2026-10-09 02:34:55
2066,世德,,BLOCK,觀察,0,0,持續觀察,前狀態:nan→今日:觀察,NO,0.0,一般,,11.865,2026-10-09 02:34:55
6843,進典,,BLOCK,觀察,0,0,持續觀察,前狀態:nan→今日:觀察,NO,0.0,一般,,8.503,2026-10-09 02:34:55
4192,杏國,,BLOCK,觀察,0,0,持續觀察,前狀態:nan→今日:觀察,NO,0.0,一般,,9.692,2026-10-09 02:34:55
6752,叡揚,,BLOCK,觀察,0,0,持續觀察,前狀態:nan→今日:觀察,NO,0.0,一般,,12.521,2026-10-09 02:34:55
3308,聯德,,BLOCK,突破中,4,13,準IGNITION,前狀態:nan→今日:突破中｜狀態跳升｜具備點火條件,READY,5.0,一般,均線結構,16.61,2026-10-09 02:34:55
7770,君曜,,BLOCK,突破中,4,13,準IGNITION,前狀態:nan→今日:突破中｜狀態跳升｜具備點火條件,READY,5.0,一般,均線結構,18.627,2026-10-09 02:34:55
3516,亞帝歐,,BLOCK,觀察,0,0,持續觀察,前狀態:nan→今日:觀察,NO,0.0,一般,,12.521,2026-10-09 02:34:55
5344,立衛,,BLOCK,突破中,4,13,準IGNITION,前狀態:nan→今日:突破中｜狀態跳升｜具備點火條件,READY,5.0,一般,均線結構,15.019,2026-10-09 02:34:55
6246,臺龍,,BLOCK,觀察,0,0,持續觀察,前狀態:nan→今日:觀察,NO,0.0,一般,,5.896,2026-10-09 02:34:55
2640,大車隊,,BLOCK,突破中,4,13,準IGNITION,前狀態:nan→今日:突破中｜狀態跳升｜具備點火條件,READY,5.0,一般,均線結構,13.724,2026-10-09 02:34:55
3252,海灣,,BLOCK,觀察,0,0,持續觀察,前狀態:nan→今日:觀察,NO,0.0,一般,,11.865,2026-10-09 02:34:55
3276,宇環,,BLOCK,觀察,0,0,持續觀察,前狀態:nan→今日:觀察,NO,0.0,一般,,11.373,2026-10-09 02:34:55
1777,生泰,,BLOCK,突破中,4,13,準IGNITION,前狀態:nan→今日:突破中｜狀態跳升｜具備點火條件,READY,5.0,一般,均線結構,19.242,2026-10-09 02:34:55
2726,雅茗-KY,,BLOCK,觀察,0,0,持續觀察,前狀態:nan→今日:觀察,NO,0.0,一般,,10.799,2026-10-09 02:34:55
6552,易華電,,BLOCK,觀察,0,0,持續觀察,首次追蹤:觀察,NO,-2.0,一般,法人偏多｜籌碼風險,6.315,2026-10-09 02:34:55
6597,立誠,,BLOCK,觀察,0,0,持續觀察,前狀態:nan→今日:觀察,NO,0.0,一般,,11.865,2026-10-09 02:34:55
2748,雲品,,BLOCK,觀察,0,0,持續觀察,前狀態:nan→今日:觀察,NO,0.0,一般,,11.66,2026-10-09 02:34:55
4138,曜亞,,BLOCK,突破中,4,13,準IGNITION,前狀態:nan→今日:突破中｜狀態跳升｜具備點火條件,READY,5.0,一般,均線結構,13.724,2026-10-09 02:34:55
7708,全家餐飲,,BLOCK,觀察,0,0,持續觀察,前狀態:nan→今日:觀察,NO,0.0,一般,,8.651,2026-10-09 02:34:55
6855,數泓科,,BLOCK,觀察,0,0,持續觀察,前狀態:nan→今日:觀察,NO,0.0,一般,,7.659,2026-10-09 02:34:55
3567,逸昌,,BLOCK,突破中,4,13,準IGNITION,前狀態:nan→今日:突破中｜狀態跳升｜具備點火條件,READY,5.0,一般,均線結構,17.971,2026-10-09 02:34:55
3570,大塚,,BLOCK,突破中,4,13,準IGNITION,前狀態:nan→今日:突破中｜狀態跳升｜具備點火條件,READY,5.0,一般,均線結構,19.898,2026-10-09 02:34:55
6228,全譜,,BLOCK,觀察,0,0,持續觀察,首次追蹤:觀察,NO,0.0,一般,,8.257,2026-10-09 02:34:55
5516,雙喜,,BLOCK,突破中,4,13,準IGNITION,前狀態:nan→今日:突破中｜狀態跳升｜具備點火條件,READY,5.0,一般,均線結構,18.627,2026-10-09 02:34:55
2736,富野,,BLOCK,觀察,0,0,持續觀察,前狀態:nan→今日:觀察,NO,0.0,一般,,9.241,2026-10-09 02:34:55
8941,關中,,BLOCK,觀察,0,0,持續觀察,前狀態:nan→今日:觀察,NO,0.0,一般,,8.257,2026-10-09 02:34:55
8424,惠普,,BLOCK,突破中,4,13,準IGNITION,前狀態:nan→今日:突破中｜狀態跳升｜具備點火條件,READY,5.0,一般,均線結構,18.627,2026-10-09 02:34:55
6728,上洋,,BLOCK,突破中,4,13,準IGNITION,前狀態:nan→今日:突破中｜狀態跳升｜具備點火條件,READY,5.0,一般,均線結構,14.831,2026-10-09 02:34:55
4160,訊聯基因,,BLOCK,觀察,0,0,持續觀察,前狀態:nan→今日:觀察,NO,0.0,一般,,6.552,2026-10-09 02:34:55
6577,勁豐,,BLOCK,觀察,0,0,持續觀察,前狀態:nan→今日:觀察,NO,0.0,一般,,11.414,2026-10-09 02:34:55
5211,蒙恬,,BLOCK,突破中,4,13,準IGNITION,前狀態:nan→今日:突破中｜狀態跳升｜具備點火條件,READY,5.0,一般,均線結構,15.675,2026-10-09 02:34:55
4972,湯石照明,,BLOCK,觀察,0,0,持續觀察,前狀態:nan→今日:觀察,NO,0.0,一般,,10.799,2026-10-09 02:34:55
6733,博晟生醫,,BLOCK,觀察,0,0,持續觀察,前狀態:nan→今日:觀察,NO,0.0,一般,,12.07,2026-10-09 02:34:55
8482,商億-KY,WATCH,BLOCK,觀察,0,0,持續觀察,首次追蹤:觀察,NO,0.0,一般,,63.099,2026-10-09 02:34:55
3083,網龍,,BLOCK,觀察,0,0,持續觀察,前狀態:nan→今日:觀察,NO,0.0,一般,,9.528,2026-10-09 02:34:55
4946,辣椒,,BLOCK,突破中,4,13,準IGNITION,前狀態:nan→今日:突破中｜狀態跳升｜具備點火條件,READY,5.0,一般,均線結構,18.627,2026-10-09 02:34:55
5312,寶島科,,BLOCK,觀察,0,0,持續觀察,前狀態:nan→今日:觀察,NO,0.0,一般,,9.692,2026-10-09 02:34:55
3206,志豐,,BLOCK,觀察,0,0,持續觀察,前狀態:nan→今日:觀察,NO,0.0,一般,,9.241,2026-10-09 02:34:55
2729,瓦城,,BLOCK,觀察,0,0,持續觀察,前狀態:nan→今日:觀察,NO,0.0,一般,,12.521,2026-10-09 02:34:55
6496,科懋,,BLOCK,觀察,0,0,持續觀察,前狀態:nan→今日:觀察,NO,0.0,一般,,11.209,2026-10-09 02:34:55
1294,漢田生技,,BLOCK,觀察,0,0,持續觀察,前狀態:nan→今日:觀察,NO,0.0,一般,,9.487,2026-10-09 02:34:55
2732,六角,,BLOCK,觀察,0,0,持續觀察,首次追蹤:觀察,NO,0.0,一般,,11.865,2026-10-09 02:34:55
1475,業旺,,BLOCK,觀察,0,0,持續觀察,首次追蹤:觀察,NO,0.0,一般,,6.847,2026-10-09 02:34:55
5223,安力-KY,,BLOCK,觀察,0,0,持續觀察,前狀態:nan→今日:觀察,NO,0.0,一般,,5.896,2026-10-09 02:34:55
6615,慧智,,BLOCK,觀察,0,0,持續觀察,前狀態:nan→今日:觀察,NO,0.0,一般,,9.364,2026-10-09 02:34:55
6936,永鴻生技,,BLOCK,觀察,0,0,持續觀察,前狀態:nan→今日:觀察,NO,0.0,一般,,16.236,2026-10-09 02:34:55
2704,國賓,,BLOCK,觀察,0,0,持續觀察,前狀態:nan→今日:觀察,NO,0.0,一般,,6.724,2026-10-09 02:34:55
4754,國碳科,,BLOCK,突破中,4,13,準IGNITION,前狀態:nan→今日:突破中｜狀態跳升｜具備點火條件,READY,5.0,一般,均線結構,18.586,2026-10-09 02:34:55
3593,力銘,WATCH,BLOCK,觀察,0,0,持續觀察,首次追蹤:觀察,NO,0.0,一般,,53.78,2026-10-09 02:34:55
6154,順發,,BLOCK,突破中,4,13,準IGNITION,前狀態:nan→今日:突破中｜狀態跳升｜具備點火條件,READY,5.0,一般,均線結構,18.627,2026-10-09 02:34:55
3492,長盛,,BLOCK,觀察,0,0,持續觀察,前狀態:nan→今日:觀察,NO,0.0,一般,,9.528,2026-10-09 02:34:55
9928,中視,,BLOCK,觀察,0,0,持續觀察,前狀態:nan→今日:觀察,NO,0.0,一般,,10.504,2026-10-09 02:34:55
1570,力肯,,BLOCK,觀察,0,0,持續觀察,前狀態:nan→今日:觀察,NO,0.0,一般,,11.824,2026-10-09 02:34:55
5548,安倉,,BLOCK,觀察,0,0,持續觀察,前狀態:nan→今日:觀察,NO,0.0,一般,,10.799,2026-10-09 02:34:55
3118,進階,,BLOCK,觀察,0,0,持續觀察,前狀態:nan→今日:觀察,NO,0.0,一般,,10.348,2026-10-09 02:34:55
4728,,,BLOCK,觀察,0,0,持續觀察,前狀態:nan→今日:觀察,NO,0.0,一般,,9.569,2026-10-09 02:34:55
4528,江興鍛,,BLOCK,觀察,0,0,持續觀察,前狀態:nan→今日:觀察,NO,0.0,一般,,11.455,2026-10-09 02:34:55
8107,大億金茂,,BLOCK,觀察,0,0,持續觀察,前狀態:nan→今日:觀察,NO,4.0,一般,法人偏多,12.175,2026-10-09 02:34:55
8929,富堡,,BLOCK,觀察,0,0,持續觀察,前狀態:nan→今日:觀察,NO,0.0,一般,,8.954,2026-10-09 02:34:55
6692,進能服,,BLOCK,觀察,0,0,持續觀察,前狀態:nan→今日:觀察,NO,0.0,一般,,7.929,2026-10-09 02:34:55
1259,安心,,BLOCK,觀察,0,0,持續觀察,前狀態:nan→今日:觀察,NO,0.0,一般,,9.159,2026-10-09 02:34:55
8284,三竹,,BLOCK,觀察,0,0,持續觀察,前狀態:nan→今日:觀察,NO,0.0,一般,,13.382,2026-10-09 02:34:55
5015,華祺,,BLOCK,突破中,4,13,準IGNITION,前狀態:nan→今日:突破中｜狀態跳升｜具備點火條件,READY,5.0,一般,均線結構,18.627,2026-10-09 02:34:55
5525,順天,,BLOCK,觀察,0,0,持續觀察,前狀態:nan→今日:觀察,NO,0.0,一般,,11.742,2026-10-09 02:34:55
8499,鼎炫-KY,,BLOCK,出貨疑慮,-2,-15,降級風險,前狀態:nan→今日:出貨疑慮｜狀態降級,RISK,-6.0,籌碼風險,籌碼風險,1.042,2026-10-09 02:34:55
1512,瑞利,,BLOCK,觀察,0,0,持續觀察,前狀態:nan→今日:觀察,NO,0.0,一般,,12.218,2026-10-09 02:34:55
1535,中宇,,BLOCK,觀察,0,0,持續觀察,前狀態:nan→今日:觀察,NO,0.0,一般,,10.291,2026-10-09 02:34:55
7782,光速火箭,,BLOCK,觀察,0,0,持續觀察,前狀態:nan→今日:觀察,NO,0.0,一般,,9.61,2026-10-09 02:34:55
4161,聿新科,,BLOCK,觀察,0,0,持續觀察,前狀態:nan→今日:觀察,NO,0.0,一般,,8.585,2026-10-09 02:34:55
7757,金色三麥,,BLOCK,觀察,0,0,持續觀察,前狀態:nan→今日:觀察,NO,0.0,一般,,13.136,2026-10-09 02:34:55
5301,,,BLOCK,突破中,4,13,準IGNITION,首次追蹤:突破中｜狀態跳升｜具備點火條件,READY,5.0,一般,均線結構,15.675,2026-10-09 02:34:55
8102,傑霖科技,,BLOCK,觀察,0,0,持續觀察,前狀態:nan→今日:觀察,NO,0.0,一般,,9.692,2026-10-09 02:34:55
1240,茂生農經,,BLOCK,觀察,0,0,持續觀察,前狀態:nan→今日:觀察,NO,0.0,一般,,8.503,2026-10-09 02:34:55
6649,台生材,,BLOCK,突破中,4,13,準IGNITION,前狀態:nan→今日:突破中｜狀態跳升｜具備點火條件,READY,5.0,一般,均線結構,18.586,2026-10-09 02:34:55
8066,來思達,,BLOCK,觀察,0,0,持續觀察,首次追蹤:觀察,NO,0.0,一般,,12.521,2026-10-09 02:34:55
6916,華凌,,BLOCK,觀察,0,0,持續觀察,前狀態:nan→今日:觀察,NO,0.0,一般,,12.177,2026-10-09 02:34:55
4911,德英,,BLOCK,觀察,0,0,持續觀察,前狀態:nan→今日:觀察,NO,0.0,一般,,10.799,2026-10-09 02:34:55
6624,萬年清,,BLOCK,觀察,0,0,持續觀察,前狀態:nan→今日:觀察,NO,0.0,一般,,10.799,2026-10-09 02:34:55
8450,霹靂,,BLOCK,觀察,0,0,持續觀察,前狀態:nan→今日:觀察,NO,0.0,一般,,11.414,2026-10-09 02:34:55
4806,桂田文創,,BLOCK,突破中,4,13,準IGNITION,前狀態:nan→今日:突破中｜狀態跳升｜具備點火條件,READY,5.0,一般,均線結構,18.627,2026-10-09 02:34:55
3115,富榮綱,,BLOCK,觀察,0,0,持續觀察,前狀態:nan→今日:觀察,NO,0.0,一般,,8.257,2026-10-09 02:34:55
3512,皇龍,,BLOCK,觀察,0,0,持續觀察,前狀態:nan→今日:觀察,NO,0.0,一般,,10.799,2026-10-09 02:34:55
6169,昱泉,,BLOCK,觀察,0,0,持續觀察,前狀態:nan→今日:觀察,NO,0.0,一般,,11.209,2026-10-09 02:34:55
1323,永裕,,BLOCK,突破中,4,13,準IGNITION,前狀態:nan→今日:突破中｜狀態跳升｜具備點火條件,READY,5.0,一般,均線結構,18.012,2026-10-09 02:34:55
4432,銘旺實,,BLOCK,觀察,0,0,持續觀察,前狀態:nan→今日:觀察,NO,0.0,一般,,5.896,2026-10-09 02:34:55
6210,慶生,,BLOCK,觀察,0,0,持續觀察,前狀態:nan→今日:觀察,NO,0.0,一般,,11.865,2026-10-09 02:34:55
6114,久威,,BLOCK,觀察,0,0,持續觀察,前狀態:nan→今日:觀察,NO,0.0,一般,,5.855,2026-10-09 02:34:55
1419,新紡,,BLOCK,觀察,0,0,持續觀察,前狀態:nan→今日:觀察,NO,0.0,一般,,10.635,2026-10-09 02:34:55
4538,大詠城,,BLOCK,突破中,4,13,準IGNITION,前狀態:nan→今日:突破中｜狀態跳升｜具備點火條件,READY,5.0,一般,均線結構,15.675,2026-10-09 02:34:55
8426,紅木-KY,,BLOCK,觀察,0,0,持續觀察,前狀態:nan→今日:觀察,NO,0.0,一般,,10.184,2026-10-09 02:34:55
6856,,,BLOCK,觀察,0,0,持續觀察,前狀態:nan→今日:觀察,NO,0.0,一般,,12.521,2026-10-09 02:34:55
4305,世坤,,BLOCK,觀察,0,0,持續觀察,前狀態:nan→今日:觀察,NO,0.0,一般,,8.257,2026-10-09 02:34:55
6846,綠茵,,BLOCK,觀察,0,0,持續觀察,前狀態:nan→今日:觀察,NO,0.0,一般,,11.865,2026-10-09 02:34:55
2754,亞洲藏壽司,,BLOCK,觀察,0,0,持續觀察,前狀態:nan→今日:觀察,NO,0.0,一般,,9.266,2026-10-09 02:34:55
6294,智基,,BLOCK,觀察,0,0,持續觀察,前狀態:nan→今日:觀察,NO,0.0,一般,,12.111,2026-10-09 02:34:55
5345,馥鴻,,BLOCK,觀察,0,0,持續觀察,前狀態:nan→今日:觀察,NO,0.0,一般,,10.143,2026-10-09 02:34:55
4433,興采,,BLOCK,觀察,0,0,持續觀察,前狀態:nan→今日:觀察,NO,0.0,一般,,8.544,2026-10-09 02:34:55
2916,滿心,,BLOCK,突破中,4,13,準IGNITION,前狀態:nan→今日:突破中｜狀態跳升｜具備點火條件,READY,5.0,一般,均線結構,19.242,2026-10-09 02:34:55
4175,杏一,,BLOCK,突破中,4,13,準IGNITION,首次追蹤:突破中｜狀態跳升｜具備點火條件,READY,5.0,一般,均線結構,16.29,2026-10-09 02:34:55
6952,大武山,,BLOCK,突破中,4,13,準IGNITION,前狀態:nan→今日:突破中｜狀態跳升｜具備點火條件,READY,5.0,一般,均線結構,19.611,2026-10-09 02:34:55
6881,潤德,,BLOCK,突破中,4,13,準IGNITION,前狀態:nan→今日:突破中｜狀態跳升｜具備點火條件,READY,5.0,一般,均線結構,15.823,2026-10-09 02:34:55
5212,凌網,,BLOCK,突破中,4,13,準IGNITION,前狀態:nan→今日:突破中｜狀態跳升｜具備點火條件,READY,5.0,一般,均線結構,17.397,2026-10-09 02:34:55
5215,科嘉-KY,,BLOCK,觀察,0,0,持續觀察,前狀態:nan→今日:觀察,NO,0.0,一般,,8.913,2026-10-09 02:34:55
1742,台蠟,,BLOCK,觀察,0,0,持續觀察,前狀態:nan→今日:觀察,NO,0.0,一般,,13.136,2026-10-09 02:34:55
7753,星亞,,BLOCK,觀察,0,0,持續觀察,前狀態:nan→今日:觀察,NO,0.0,一般,,10.143,2026-10-09 02:34:55
6767,台微醫,,BLOCK,觀察,0,0,持續觀察,前狀態:nan→今日:觀察,NO,0.0,一般,,11.455,2026-10-09 02:34:55
6629,泰金-KY,,BLOCK,觀察,0,0,持續觀察,前狀態:nan→今日:觀察,NO,0.0,一般,,8.651,2026-10-09 02:34:55
6124,業強,,BLOCK,突破中,4,13,準IGNITION,前狀態:nan→今日:突破中｜狀態跳升｜具備點火條件,READY,5.0,一般,均線結構,17.971,2026-10-09 02:34:55
2722,夏都,,BLOCK,觀察,0,0,持續觀察,前狀態:nan→今日:觀察,NO,0.0,一般,,9.717,2026-10-09 02:34:55
4950,金耘國際,,BLOCK,觀察,0,0,持續觀察,前狀態:nan→今日:觀察,NO,0.0,一般,,12.521,2026-10-09 02:34:55
6512,啟發電,,BLOCK,觀察,0,0,持續觀察,前狀態:nan→今日:觀察,NO,0.0,一般,,10.266,2026-10-09 02:34:55
6240,松崗,,BLOCK,突破中,4,13,準IGNITION,前狀態:nan→今日:突破中｜狀態跳升｜具備點火條件,READY,5.0,一般,均線結構,14.79,2026-10-09 02:34:55
5523,豐謙,,BLOCK,觀察,0,0,持續觀察,前狀態:nan→今日:觀察,NO,0.0,一般,,12.521,2026-10-09 02:34:55
1796,金穎生技,,BLOCK,觀察,0,0,持續觀察,前狀態:nan→今日:觀察,NO,0.0,一般,,8.913,2026-10-09 02:34:55
4120,友華,,BLOCK,觀察,0,0,持續觀察,前狀態:nan→今日:觀察,NO,0.0,一般,,7.618,2026-10-09 02:34:55
5364,力麗店,,BLOCK,觀察,0,0,持續觀察,前狀態:nan→今日:觀察,NO,0.0,一般,,11.455,2026-10-09 02:34:55
5601,台聯櫃,,BLOCK,觀察,0,0,持續觀察,首次追蹤:觀察,NO,0.0,一般,,10.799,2026-10-09 02:34:55
4987,科誠,,BLOCK,突破中,4,13,準IGNITION,前狀態:nan→今日:突破中｜狀態跳升｜具備點火條件,READY,5.0,一般,均線結構,20.579,2026-10-09 02:34:55
4568,,,BLOCK,觀察,0,0,持續觀察,首次追蹤:觀察,NO,0.0,一般,,7.413,2026-10-09 02:34:55
2752,豆府,,BLOCK,突破中,4,13,準IGNITION,前狀態:nan→今日:突破中｜狀態跳升｜具備點火條件,READY,5.0,一般,均線結構,19.242,2026-10-09 02:34:55
6997,博弘,,BLOCK,觀察,0,0,持續觀察,前狀態:nan→今日:觀察,NO,0.0,一般,,8.257,2026-10-09 02:34:55
7811,民盛,,BLOCK,觀察,0,0,持續觀察,前狀態:nan→今日:觀察,NO,0.0,一般,,9.307,2026-10-09 02:34:55
4744,皇將,,BLOCK,觀察,0,0,持續觀察,前狀態:nan→今日:觀察,NO,0.0,一般,,12.07,2026-10-09 02:34:55
8272,全景軟體,,BLOCK,觀察,0,0,持續觀察,首次追蹤:觀察,NO,0.0,一般,,10.143,2026-10-09 02:34:55
2643,捷迅,,BLOCK,觀察,0,0,持續觀察,前狀態:nan→今日:觀察,NO,0.0,一般,,12.521,2026-10-09 02:34:55
4406,新昕纖,,BLOCK,突破中,4,13,準IGNITION,前狀態:nan→今日:突破中｜狀態跳升｜具備點火條件,READY,5.0,一般,均線結構,17.094,2026-10-09 02:34:55
3266,昇陽,,BLOCK,突破中,4,13,準IGNITION,前狀態:nan→今日:突破中｜狀態跳升｜具備點火條件,READY,5.0,一般,均線結構,19.513,2026-10-09 02:34:55
1525,江申,,BLOCK,觀察,0,0,持續觀察,前狀態:nan→今日:觀察,NO,-2.0,一般,法人偏多｜籌碼風險,1.009,2026-10-09 02:34:55
6264,富裔,,BLOCK,突破中,4,13,準IGNITION,前狀態:nan→今日:突破中｜狀態跳升｜具備點火條件,READY,5.0,一般,均線結構,19.242,2026-10-09 02:34:55
1236,宏亞,,BLOCK,突破中,4,13,準IGNITION,前狀態:nan→今日:突破中｜狀態跳升｜具備點火條件,READY,5.0,一般,均線結構,17.274,2026-10-09 02:34:55
1413,宏洲,,BLOCK,觀察,0,0,持續觀察,前狀態:nan→今日:觀察,NO,0.0,一般,,9.61,2026-10-09 02:34:55
6195,詩肯,,BLOCK,觀察,0,0,持續觀察,前狀態:nan→今日:觀察,NO,0.0,一般,,12.521,2026-10-09 02:34:55
8342,益張,,BLOCK,觀察,0,0,持續觀察,前狀態:nan→今日:觀察,NO,0.0,一般,,9.364,2026-10-09 02:34:55
4116,明基醫,,BLOCK,突破中,4,13,準IGNITION,前狀態:nan→今日:突破中｜狀態跳升｜具備點火條件,READY,5.0,一般,均線結構,18.627,2026-10-09 02:34:55
6899,創為精密,,BLOCK,觀察,0,0,持續觀察,前狀態:nan→今日:觀察,NO,0.0,一般,,11.865,2026-10-09 02:34:55
3523,迎輝,,BLOCK,觀察,0,0,持續觀察,首次追蹤:觀察,NO,0.0,一般,,11.824,2026-10-09 02:34:55
3465,進泰電子,,BLOCK,觀察,0,0,持續觀察,前狀態:nan→今日:觀察,NO,0.0,一般,,8.913,2026-10-09 02:34:55
8433,弘帆,,BLOCK,觀察,0,0,持續觀察,前狀態:nan→今日:觀察,NO,0.0,一般,,12.07,2026-10-09 02:34:55
5604,中連,,BLOCK,突破中,4,13,準IGNITION,前狀態:nan→今日:突破中｜狀態跳升｜具備點火條件,READY,5.0,一般,均線結構,17.52,2026-10-09 02:34:55
9926,新海,,BLOCK,觀察,0,0,持續觀察,前狀態:nan→今日:觀察,NO,0.0,一般,,9.471,2026-10-09 02:34:55
3272,東碩,,BLOCK,觀察,0,0,持續觀察,前狀態:nan→今日:觀察,NO,0.0,一般,,10.799,2026-10-09 02:34:55
2719,燦星旅,,BLOCK,觀察,0,0,持續觀察,前狀態:nan→今日:觀察,NO,0.0,一般,,10.758,2026-10-09 02:34:55
2941,米斯特,,BLOCK,觀察,0,0,持續觀察,前狀態:nan→今日:觀察,NO,0.0,一般,,10.307,2026-10-09 02:34:55
7814,,,BLOCK,觀察,0,0,持續觀察,前狀態:nan→今日:觀察,NO,0.0,一般,,12.07,2026-10-09 02:34:55
3232,昱捷,,BLOCK,突破中,4,13,準IGNITION,首次追蹤:突破中｜狀態跳升｜具備點火條件,READY,5.0,一般,均線結構,15.47,2026-10-09 02:34:55
3226,,,BLOCK,突破中,4,13,準IGNITION,前狀態:nan→今日:突破中｜狀態跳升｜具備點火條件,READY,5.0,一般,均線結構,17.094,2026-10-09 02:34:55
2926,誠品生活,,BLOCK,觀察,0,0,持續觀察,前狀態:nan→今日:觀察,NO,0.0,一般,,11.865,2026-10-09 02:34:55
8906,花王,,BLOCK,突破中,4,13,準IGNITION,前狀態:nan→今日:突破中｜狀態跳升｜具備點火條件,READY,5.0,一般,均線結構,18.627,2026-10-09 02:34:55
3067,全域,,BLOCK,觀察,0,0,持續觀察,首次追蹤:觀察,NO,0.0,一般,,8.503,2026-10-09 02:34:55
1541,錩泰,,BLOCK,出貨疑慮,-2,-15,降級風險,前狀態:nan→今日:出貨疑慮｜狀態降級,RISK,-6.0,籌碼風險,籌碼風險,-1.123,2026-10-09 02:34:55
3426,台興,,BLOCK,突破中,4,13,準IGNITION,前狀態:nan→今日:突破中｜狀態跳升｜具備點火條件,READY,5.0,一般,均線結構,17.438,2026-10-09 02:34:55
3259,鑫創,,BLOCK,觀察,0,0,持續觀察,前狀態:nan→今日:觀察,NO,0.0,一般,,10.225,2026-10-09 02:34:55
6865,偉康科技,,BLOCK,突破中,4,13,準IGNITION,前狀態:nan→今日:突破中｜狀態跳升｜具備點火條件,READY,5.0,一般,均線結構,13.724,2026-10-09 02:34:55
8416,實威,,BLOCK,突破中,4,13,準IGNITION,前狀態:nan→今日:突破中｜狀態跳升｜具備點火條件,READY,5.0,一般,均線結構,15.823,2026-10-09 02:34:55
1593,祺驊,,BLOCK,觀察,0,0,持續觀察,前狀態:nan→今日:觀察,NO,0.0,一般,,10.02,2026-10-09 02:34:55
7767,仁大資訊,,BLOCK,觀察,0,0,持續觀察,前狀態:nan→今日:觀察,NO,0.0,一般,,10.881,2026-10-09 02:34:55
6641,基士德-KY,,BLOCK,觀察,0,0,持續觀察,前狀態:nan→今日:觀察,NO,0.0,一般,,11.71,2026-10-09 02:34:55
8940,新天地,,BLOCK,觀察,0,0,持續觀察,前狀態:nan→今日:觀察,NO,0.0,一般,,11.792,2026-10-09 02:34:55
4530,宏易,,BLOCK,觀察,0,0,持續觀察,前狀態:nan→今日:觀察,NO,0.0,一般,,12.07,2026-10-09 02:34:55
6144,得利影,,BLOCK,觀察,0,0,持續觀察,首次追蹤:觀察,NO,0.0,一般,,12.521,2026-10-09 02:34:55
3171,炎洲流通,,BLOCK,觀察,0,0,持續觀察,首次追蹤:觀察,NO,0.0,一般,,11.414,2026-10-09 02:34:55
2910,統領,,BLOCK,觀察,0,0,持續觀察,前狀態:nan→今日:觀察,NO,0.0,一般,,12.259,2026-10-09 02:34:55
4745,合富-KY,,BLOCK,觀察,0,0,持續觀察,前狀態:nan→今日:觀察,NO,0.0,一般,,12.48,2026-10-09 02:34:55
6616,特昇-KY,,BLOCK,突破中,4,13,準IGNITION,首次追蹤:突破中｜狀態跳升｜具備點火條件,READY,5.0,一般,均線結構,18.627,2026-10-09 02:34:55
4767,誠泰科技,,BLOCK,突破中,4,13,準IGNITION,前狀態:nan→今日:突破中｜狀態跳升｜具備點火條件,READY,5.0,一般,均線結構,19.242,2026-10-09 02:34:55
8409,商之器,,BLOCK,觀察,0,0,持續觀察,前狀態:nan→今日:觀察,NO,0.0,一般,,7.995,2026-10-09 02:34:55
3191,雲嘉南,,BLOCK,觀察,0,0,持續觀察,前狀態:nan→今日:觀察,NO,0.0,一般,,8.725,2026-10-09 02:34:55
6910,德鴻,,BLOCK,突破中,4,13,準IGNITION,前狀態:nan→今日:突破中｜狀態跳升｜具備點火條件,READY,5.0,一般,均線結構,19.242,2026-10-09 02:34:55
4572,駐龍,,BLOCK,觀察,0,0,持續觀察,前狀態:nan→今日:觀察,NO,-2.0,一般,法人偏多｜籌碼風險,4.97,2026-10-09 02:34:55
5520,,,BLOCK,出貨疑慮,-2,-15,降級風險,前狀態:nan→今日:出貨疑慮｜狀態降級,RISK,-6.0,籌碼風險,籌碼風險,0.23,2026-10-09 02:34:55
8481,政伸,,BLOCK,觀察,0,0,持續觀察,前狀態:nan→今日:觀察,NO,4.0,一般,法人偏多,8.018,2026-10-09 02:34:55
4190,佐登-KY,,BLOCK,觀察,0,0,持續觀察,前狀態:nan→今日:觀察,NO,-2.0,一般,法人偏多｜籌碼風險,5.011,2026-10-09 02:34:55
4584,君帆,,BLOCK,觀察,0,0,持續觀察,前狀態:nan→今日:觀察,NO,0.0,一般,,12.521,2026-10-09 02:34:55
6020,大展證,,BLOCK,觀察,0,0,持續觀察,前狀態:nan→今日:觀察,NO,0.0,一般,,8.643,2026-10-09 02:34:55
7713,威力德生醫,,BLOCK,觀察,0,0,持續觀察,前狀態:nan→今日:觀察,NO,0.0,一般,,12.111,2026-10-09 02:34:55
2496,卓越,,BLOCK,觀察,0,0,持續觀察,前狀態:nan→今日:觀察,NO,0.0,一般,,5.371,2026-10-09 02:34:55
2937,集雅社,,BLOCK,觀察,0,0,持續觀察,前狀態:nan→今日:觀察,NO,0.0,一般,,9.717,2026-10-09 02:34:55
3158,嘉實,,BLOCK,突破中,4,13,準IGNITION,前狀態:nan→今日:突破中｜狀態跳升｜具備點火條件,READY,5.0,一般,均線結構,16.438,2026-10-09 02:34:55
6556,勝品,,BLOCK,觀察,0,0,持續觀察,前狀態:nan→今日:觀察,NO,0.0,一般,,10.988,2026-10-09 02:34:55
4131,浩泰,,BLOCK,觀察,0,0,持續觀察,前狀態:nan→今日:觀察,NO,0.0,一般,,9.118,2026-10-09 02:34:55
7584,樂意,,BLOCK,突破中,4,13,準IGNITION,前狀態:nan→今日:突破中｜狀態跳升｜具備點火條件,READY,5.0,一般,均線結構,15.487,2026-10-09 02:34:55
4198,欣大健康,,BLOCK,觀察,0,0,持續觀察,前狀態:nan→今日:觀察,NO,0.0,一般,,12.111,2026-10-09 02:34:55
4419,皇家美食,,BLOCK,觀察,0,0,持續觀察,前狀態:nan→今日:觀察,NO,0.0,一般,,12.521,2026-10-09 02:34:55
2948,寶陞,,BLOCK,觀察,0,0,持續觀察,前狀態:nan→今日:觀察,NO,0.0,一般,,11.455,2026-10-09 02:34:55
5878,台名,,BLOCK,觀察,0,0,持續觀察,前狀態:nan→今日:觀察,NO,0.0,一般,,8.651,2026-10-09 02:34:55
8077,,,BLOCK,觀察,0,0,持續觀察,首次追蹤:觀察,NO,0.0,一般,,11.414,2026-10-09 02:34:55
3168,眾福科,,BLOCK,觀察,0,0,持續觀察,首次追蹤:觀察,NO,-2.0,一般,法人偏多｜籌碼風險,4.847,2026-10-09 02:34:55
3664,安瑞-KY,,BLOCK,突破中,4,13,準IGNITION,首次追蹤:突破中｜狀態跳升｜具備點火條件,READY,5.0,一般,均線結構,18.627,2026-10-09 02:34:55
2035,唐榮,,BLOCK,突破中,4,13,準IGNITION,前狀態:nan→今日:突破中｜狀態跳升｜具備點火條件,READY,5.0,一般,均線結構,19.242,2026-10-09 02:34:55
9950,萬國通,,BLOCK,觀察,0,0,持續觀察,前狀態:nan→今日:觀察,NO,0.0,一般,,12.726,2026-10-09 02:34:55
4535,至興,,BLOCK,觀察,0,0,持續觀察,前狀態:nan→今日:觀察,NO,0.0,一般,,9.774,2026-10-09 02:34:55
5455,昇益,,BLOCK,觀察,0,0,持續觀察,前狀態:nan→今日:觀察,NO,0.0,一般,,9.717,2026-10-09 02:34:55
4502,健信,,BLOCK,觀察,0,0,持續觀察,前狀態:nan→今日:觀察,NO,0.0,一般,,12.767,2026-10-09 02:34:55
1470,大統新創,,BLOCK,突破中,4,13,準IGNITION,前狀態:nan→今日:突破中｜狀態跳升｜具備點火條件,READY,5.0,一般,均線結構,18.709,2026-10-09 02:34:55
2724,藝舍-KY,,BLOCK,觀察,0,0,持續觀察,前狀態:nan→今日:觀察,NO,0.0,一般,,12.521,2026-10-09 02:34:55
1583,程泰,,BLOCK,觀察,0,0,持續觀察,前狀態:nan→今日:觀察,NO,0.0,一般,,6.995,2026-10-09 02:34:55
4154,樂威科-KY,,BLOCK,觀察,0,0,持續觀察,前狀態:nan→今日:觀察,NO,0.0,一般,,12.521,2026-10-09 02:34:55
6929,佑全,,BLOCK,觀察,0,0,持續觀察,前狀態:nan→今日:觀察,NO,0.0,一般,,9.717,2026-10-09 02:34:55
2248,華勝-KY,,BLOCK,出貨疑慮,-2,-15,降級風險,前狀態:nan→今日:出貨疑慮｜狀態降級,RISK,-6.0,籌碼風險,籌碼風險,-0.262,2026-10-09 02:34:55
2235,謚源,,BLOCK,觀察,0,0,持續觀察,前狀態:nan→今日:觀察,NO,0.0,一般,,12.111,2026-10-09 02:34:55
3646,艾恩特,,BLOCK,突破中,4,13,準IGNITION,前狀態:nan→今日:突破中｜狀態跳升｜具備點火條件,READY,5.0,一般,均線結構,17.094,2026-10-09 02:34:55
8921,,,BLOCK,觀察,0,0,持續觀察,首次追蹤:觀察,NO,0.0,一般,,12.521,2026-10-09 02:34:55
2740,華軒,,BLOCK,觀察,0,0,持續觀察,前狀態:nan→今日:觀察,NO,0.0,一般,,10.373,2026-10-09 02:34:55
8923,,,BLOCK,觀察,0,0,持續觀察,首次追蹤:觀察,NO,0.0,一般,,10.373,2026-10-09 02:34:55
6222,立軒,,BLOCK,觀察,0,0,持續觀察,首次追蹤:觀察,NO,0.0,一般,,10.373,2026-10-09 02:34:55
2924,,,BLOCK,突破中,4,13,準IGNITION,前狀態:nan→今日:突破中｜狀態跳升｜具備點火條件,READY,5.0,一般,均線結構,15.823,2026-10-09 02:34:55
4609,唐鋒,,BLOCK,觀察,0,0,持續觀察,前狀態:nan→今日:觀察,NO,0.0,一般,,10.373,2026-10-09 02:34:55
1704,,,BLOCK,突破中,4,13,準IGNITION,前狀態:nan→今日:突破中｜狀態跳升｜具備點火條件,READY,5.0,一般,均線結構,16.889,2026-10-09 02:34:55
