rank,bucket,bucket_rank,priority,stock_id,action,score,timing_score,entry_type,execution_flag,allowed,close,price_tier,target_weight,suggested_amount,execution,reason,entry_note,risk_note,system_note
1,CORE,1,1,2352,TEST,40.0,100.0,BREAK,TOP,True,29.65,50以下,0.02,20000,可分批下單,CORE早期卡位｜剛轉強｜靠近MA20｜量能回溫｜高流動性,突破型：可分批追，但避免開盤急拉直接追,CORE 是主倉來源，但受市場與 timing 限制。,TOP + timing 合格：允許分批
2,CORE,2,1,8476,TEST,52.0,50.0,PULLBACK,TOP,True,20.1,50以下,0.02,20000,可分批下單,ALPHA高流動性強勢延續｜成交量/成交金額優先｜突破/趨勢確認｜高流動性,回檔型：接近 MA20，適合分批低接,CORE 是主倉來源，但受市場與 timing 限制。,TOP + timing 合格：允許分批
3,CORE,3,1,2538,TEST,52.0,35.0,PULLBACK,WATCH,False,8.92,50以下,0.0,0,只觀察,ALPHA高流動性強勢延續｜成交量/成交金額優先｜突破/趨勢確認｜高流動性,回檔型：接近 MA20，適合分批低接,CORE 是主倉來源，但受市場與 timing 限制。,WATCH：保留觀察，不下單
4,CORE,4,1,6209,TEST,52.0,35.0,PULLBACK,WATCH,False,81.7,50-100,0.0,0,只觀察,ALPHA高流動性強勢延續｜成交量/成交金額優先｜突破/趨勢確認｜高流動性,回檔型：接近 MA20，適合分批低接,CORE 是主倉來源，但受市場與 timing 限制。,WATCH：保留觀察，不下單
5,CORE,5,1,2430,TEST,40.0,55.0,PULLBACK,WATCH,False,18.25,50以下,0.0,0,只觀察,ALPHA高流動性強勢延續｜成交量/成交金額優先｜突破/趨勢確認｜高流動性,回檔型：接近 MA20，適合分批低接,CORE 是主倉來源，但受市場與 timing 限制。,WATCH：保留觀察，不下單
6,CORE,6,1,2395,TEST,52.0,15.0,WAIT,WATCH,False,726.0,500-1000,0.0,0,只觀察,ALPHA高流動性強勢延續｜成交量/成交金額優先｜突破/趨勢確認｜高流動性,CORE 尚未到理想進場點，等待突破或回檔,CORE 是主倉來源，但受市場與 timing 限制。,WATCH：保留觀察，不下單
7,CORE,7,1,4164,TEST,52.0,15.0,WAIT,WATCH,False,27.35,50以下,0.0,0,只觀察,ALPHA高流動性強勢延續｜成交量/成交金額優先｜突破/趨勢確認｜高流動性,CORE 尚未到理想進場點，等待突破或回檔,CORE 是主倉來源，但受市場與 timing 限制。,WATCH：保留觀察，不下單
8,CORE,8,1,1315,TEST,40.0,50.0,PULLBACK,BLOCK,False,68.8,50-100,0.0,0,不可下單,ALPHA高流動性強勢延續｜成交量/成交金額優先｜突破/趨勢確認｜高流動性,回檔型：接近 MA20，適合分批低接,CORE 是主倉來源，但受市場與 timing 限制。,BLOCK：超出本市場狀態可執行名額
9,CORE,9,1,1423,TEST,40.0,40.0,PULLBACK,BLOCK,False,36.0,50以下,0.0,0,不可下單,ALPHA高流動性強勢延續｜成交量/成交金額優先｜突破/趨勢確認｜高流動性,回檔型：接近 MA20，適合分批低接,CORE 是主倉來源，但受市場與 timing 限制。,BLOCK：超出本市場狀態可執行名額
10,CORE,10,1,1325,TEST,40.0,5.0,PULLBACK,BLOCK,False,25.9,50以下,0.0,0,不可下單,CORE早期卡位｜剛轉強｜靠近MA20｜量能回溫｜高流動性,回檔型：接近 MA20，適合分批低接,CORE 是主倉來源，但受市場與 timing 限制。,BLOCK：超出本市場狀態可執行名額
11,CORE,11,1,2105,TEST,40.0,5.0,PULLBACK,BLOCK,False,30.65,50以下,0.0,0,不可下單,ALPHA高流動性強勢延續｜成交量/成交金額優先｜突破/趨勢確認｜高流動性,回檔型：接近 MA20，適合分批低接,CORE 是主倉來源，但受市場與 timing 限制。,BLOCK：超出本市場狀態可執行名額
12,CORE,12,1,8131,TEST,40.0,0.0,PULLBACK,BLOCK,False,62.6,50-100,0.0,0,不可下單,ALPHA高流動性強勢延續｜成交量/成交金額優先｜突破/趨勢確認｜高流動性,回檔型：接近 MA20，適合分批低接,CORE 是主倉來源，但受市場與 timing 限制。,BLOCK：超出本市場狀態可執行名額
13,PRE,1,2,1109,BUY,100.0,80.0,WAIT,WATCH,False,13.35,50以下,0.0,0,只觀察,波動壓縮 | 安靜吸籌 | 洗盤收回 | 均線收斂 | 放量吸收 | 接近突破 | 結構尚可,PRE 佈局型：等待突破確認，小倉觀察，不主動重倉,PRE 是主升段前卡位，只能小倉。,WATCH：保留觀察，不下單
14,PRE,2,2,2459,BUY,100.0,80.0,WAIT,WATCH,False,65.0,50-100,0.0,0,只觀察,波動壓縮 | 安靜吸籌 | 洗盤收回 | 均線收斂 | 放量吸收 | 接近突破 | 結構尚可,PRE 佈局型：等待突破確認，小倉觀察，不主動重倉,PRE 是主升段前卡位，只能小倉。,WATCH：保留觀察，不下單
15,PRE,3,2,9926,BUY,100.0,80.0,WAIT,WATCH,False,49.1,50以下,0.0,0,只觀察,波動壓縮 | 安靜吸籌 | 洗盤收回 | 均線收斂 | 放量吸收 | 接近突破 | 結構尚可,PRE 佈局型：等待突破確認，小倉觀察，不主動重倉,PRE 是主升段前卡位，只能小倉。,WATCH：保留觀察，不下單
16,PRE,4,2,9939,BUY,100.0,80.0,WAIT,WATCH,False,126.0,100-500,0.0,0,只觀察,波動壓縮 | 安靜吸籌 | 洗盤收回 | 均線收斂 | 放量吸收 | 接近突破 | 結構尚可,PRE 佈局型：等待突破確認，小倉觀察，不主動重倉,PRE 是主升段前卡位，只能小倉。,WATCH：保留觀察，不下單
17,PRE,5,2,1340,BUY,86.0,80.0,WAIT,WATCH,False,5.24,50以下,0.0,0,只觀察,波動壓縮 | 安靜吸籌 | 均線收斂 | 放量吸收 | 接近突破 | 結構尚可,PRE 佈局型：等待突破確認，小倉觀察，不主動重倉,PRE 是主升段前卡位，只能小倉。,WATCH：保留觀察，不下單
18,PRE,6,2,1413,BUY,86.0,80.0,WAIT,BLOCK,False,9.22,50以下,0.0,0,不可下單,波動壓縮 | 安靜吸籌 | 均線收斂 | 放量吸收 | 接近突破 | 結構尚可,PRE 佈局型：等待突破確認，小倉觀察，不主動重倉,PRE 是主升段前卡位，只能小倉。,BLOCK：超出本市場狀態可執行名額
19,PRE,7,2,1473,BUY,86.0,80.0,WAIT,BLOCK,False,19.25,50以下,0.0,0,不可下單,波動壓縮 | 安靜吸籌 | 均線收斂 | 放量吸收 | 接近突破 | 結構尚可,PRE 佈局型：等待突破確認，小倉觀察，不主動重倉,PRE 是主升段前卡位，只能小倉。,BLOCK：超出本市場狀態可執行名額
20,PRE,8,2,1506,BUY,86.0,80.0,WAIT,BLOCK,False,9.53,50以下,0.0,0,不可下單,波動壓縮 | 安靜吸籌 | 均線收斂 | 放量吸收 | 接近突破 | 結構尚可,PRE 佈局型：等待突破確認，小倉觀察，不主動重倉,PRE 是主升段前卡位，只能小倉。,BLOCK：超出本市場狀態可執行名額
21,PRE,9,2,1513,BUY,86.0,80.0,WAIT,BLOCK,False,168.0,100-500,0.0,0,不可下單,波動壓縮 | 安靜吸籌 | 均線收斂 | 放量吸收 | 接近突破 | 結構尚可,PRE 佈局型：等待突破確認，小倉觀察，不主動重倉,PRE 是主升段前卡位，只能小倉。,BLOCK：超出本市場狀態可執行名額
22,PRE,10,2,1603,BUY,86.0,80.0,WAIT,BLOCK,False,30.6,50以下,0.0,0,不可下單,波動壓縮 | 安靜吸籌 | 均線收斂 | 放量吸收 | 接近突破 | 結構尚可,PRE 佈局型：等待突破確認，小倉觀察，不主動重倉,PRE 是主升段前卡位，只能小倉。,BLOCK：超出本市場狀態可執行名額
23,PRE,11,2,1612,BUY,86.0,80.0,WAIT,BLOCK,False,35.7,50以下,0.0,0,不可下單,波動壓縮 | 安靜吸籌 | 均線收斂 | 放量吸收 | 接近突破 | 結構尚可,PRE 佈局型：等待突破確認，小倉觀察，不主動重倉,PRE 是主升段前卡位，只能小倉。,BLOCK：超出本市場狀態可執行名額
24,PRE,12,2,1730,BUY,86.0,80.0,WAIT,BLOCK,False,51.2,50-100,0.0,0,不可下單,波動壓縮 | 安靜吸籌 | 均線收斂 | 放量吸收 | 接近突破 | 結構尚可,PRE 佈局型：等待突破確認，小倉觀察，不主動重倉,PRE 是主升段前卡位，只能小倉。,BLOCK：超出本市場狀態可執行名額
25,PRE,13,2,1731,BUY,86.0,80.0,WAIT,BLOCK,False,20.9,50以下,0.0,0,不可下單,波動壓縮 | 安靜吸籌 | 均線收斂 | 放量吸收 | 接近突破 | 結構尚可,PRE 佈局型：等待突破確認，小倉觀察，不主動重倉,PRE 是主升段前卡位，只能小倉。,BLOCK：超出本市場狀態可執行名額
26,PRE,14,2,1732,BUY,86.0,80.0,WAIT,BLOCK,False,26.15,50以下,0.0,0,不可下單,波動壓縮 | 安靜吸籌 | 均線收斂 | 放量吸收 | 接近突破 | 結構尚可,PRE 佈局型：等待突破確認，小倉觀察，不主動重倉,PRE 是主升段前卡位，只能小倉。,BLOCK：超出本市場狀態可執行名額
27,PRE,15,2,1805,BUY,86.0,80.0,WAIT,BLOCK,False,10.05,50以下,0.0,0,不可下單,波動壓縮 | 安靜吸籌 | 均線收斂 | 放量吸收 | 接近突破 | 結構尚可,PRE 佈局型：等待突破確認，小倉觀察，不主動重倉,PRE 是主升段前卡位，只能小倉。,BLOCK：超出本市場狀態可執行名額
28,PRE,16,2,2002,BUY,86.0,80.0,WAIT,BLOCK,False,19.2,50以下,0.0,0,不可下單,波動壓縮 | 安靜吸籌 | 均線收斂 | 放量吸收 | 接近突破 | 結構尚可,PRE 佈局型：等待突破確認，小倉觀察，不主動重倉,PRE 是主升段前卡位，只能小倉。,BLOCK：超出本市場狀態可執行名額
29,PRE,17,2,2015,BUY,86.0,80.0,WAIT,BLOCK,False,64.2,50-100,0.0,0,不可下單,波動壓縮 | 安靜吸籌 | 均線收斂 | 放量吸收 | 接近突破 | 結構尚可,PRE 佈局型：等待突破確認，小倉觀察，不主動重倉,PRE 是主升段前卡位，只能小倉。,BLOCK：超出本市場狀態可執行名額
30,PRE,18,2,2017,BUY,86.0,80.0,WAIT,BLOCK,False,9.13,50以下,0.0,0,不可下單,波動壓縮 | 安靜吸籌 | 均線收斂 | 放量吸收 | 接近突破 | 結構尚可,PRE 佈局型：等待突破確認，小倉觀察，不主動重倉,PRE 是主升段前卡位，只能小倉。,BLOCK：超出本市場狀態可執行名額
31,PRE,19,2,2115,BUY,86.0,80.0,WAIT,BLOCK,False,23.9,50以下,0.0,0,不可下單,波動壓縮 | 安靜吸籌 | 均線收斂 | 放量吸收 | 接近突破 | 結構尚可,PRE 佈局型：等待突破確認，小倉觀察，不主動重倉,PRE 是主升段前卡位，只能小倉。,BLOCK：超出本市場狀態可執行名額
32,PRE,20,2,2423,BUY,86.0,80.0,WAIT,BLOCK,False,72.1,50-100,0.0,0,不可下單,波動壓縮 | 安靜吸籌 | 均線收斂 | 放量吸收 | 接近突破 | 結構尚可,PRE 佈局型：等待突破確認，小倉觀察，不主動重倉,PRE 是主升段前卡位，只能小倉。,BLOCK：超出本市場狀態可執行名額
33,PRE,21,2,2850,BUY,86.0,80.0,WAIT,BLOCK,False,163.0,100-500,0.0,0,不可下單,波動壓縮 | 安靜吸籌 | 均線收斂 | 放量吸收 | 接近突破 | 結構尚可,PRE 佈局型：等待突破確認，小倉觀察，不主動重倉,PRE 是主升段前卡位，只能小倉。,BLOCK：超出本市場狀態可執行名額
34,PRE,22,2,2903,BUY,86.0,80.0,WAIT,BLOCK,False,22.15,50以下,0.0,0,不可下單,波動壓縮 | 安靜吸籌 | 均線收斂 | 放量吸收 | 接近突破 | 結構尚可,PRE 佈局型：等待突破確認，小倉觀察，不主動重倉,PRE 是主升段前卡位，只能小倉。,BLOCK：超出本市場狀態可執行名額
35,PRE,23,2,2910,BUY,86.0,80.0,WAIT,BLOCK,False,23.6,50以下,0.0,0,不可下單,波動壓縮 | 安靜吸籌 | 均線收斂 | 放量吸收 | 接近突破 | 結構尚可,PRE 佈局型：等待突破確認，小倉觀察，不主動重倉,PRE 是主升段前卡位，只能小倉。,BLOCK：超出本市場狀態可執行名額
36,PRE,24,2,3038,BUY,86.0,80.0,WAIT,BLOCK,False,20.8,50以下,0.0,0,不可下單,波動壓縮 | 安靜吸籌 | 均線收斂 | 放量吸收 | 接近突破 | 結構尚可,PRE 佈局型：等待突破確認，小倉觀察，不主動重倉,PRE 是主升段前卡位，只能小倉。,BLOCK：超出本市場狀態可執行名額
37,PRE,25,2,3308,BUY,86.0,80.0,WAIT,BLOCK,False,22.35,50以下,0.0,0,不可下單,波動壓縮 | 安靜吸籌 | 均線收斂 | 放量吸收 | 接近突破 | 結構尚可,PRE 佈局型：等待突破確認，小倉觀察，不主動重倉,PRE 是主升段前卡位，只能小倉。,BLOCK：超出本市場狀態可執行名額
38,PRE,26,2,4142,BUY,86.0,80.0,WAIT,BLOCK,False,18.25,50以下,0.0,0,不可下單,波動壓縮 | 安靜吸籌 | 均線收斂 | 放量吸收 | 接近突破 | 結構尚可,PRE 佈局型：等待突破確認，小倉觀察，不主動重倉,PRE 是主升段前卡位，只能小倉。,BLOCK：超出本市場狀態可執行名額
39,PRE,27,2,4439,BUY,86.0,80.0,WAIT,BLOCK,False,98.4,50-100,0.0,0,不可下單,波動壓縮 | 安靜吸籌 | 均線收斂 | 放量吸收 | 接近突破 | 結構尚可,PRE 佈局型：等待突破確認，小倉觀察，不主動重倉,PRE 是主升段前卡位，只能小倉。,BLOCK：超出本市場狀態可執行名額
40,PRE,28,2,4581,BUY,86.0,80.0,WAIT,BLOCK,False,48.2,50以下,0.0,0,不可下單,波動壓縮 | 安靜吸籌 | 均線收斂 | 放量吸收 | 接近突破 | 結構尚可,PRE 佈局型：等待突破確認，小倉觀察，不主動重倉,PRE 是主升段前卡位，只能小倉。,BLOCK：超出本市場狀態可執行名額
41,PRE,29,2,4755,BUY,86.0,80.0,WAIT,BLOCK,False,118.0,100-500,0.0,0,不可下單,波動壓縮 | 安靜吸籌 | 均線收斂 | 放量吸收 | 接近突破 | 結構尚可,PRE 佈局型：等待突破確認，小倉觀察，不主動重倉,PRE 是主升段前卡位，只能小倉。,BLOCK：超出本市場狀態可執行名額
42,PRE,30,2,5538,BUY,86.0,80.0,WAIT,BLOCK,False,36.25,50以下,0.0,0,不可下單,波動壓縮 | 安靜吸籌 | 均線收斂 | 放量吸收 | 接近突破 | 結構尚可,PRE 佈局型：等待突破確認，小倉觀察，不主動重倉,PRE 是主升段前卡位，只能小倉。,BLOCK：超出本市場狀態可執行名額
43,PRE,31,2,6165,BUY,86.0,80.0,WAIT,BLOCK,False,50.0,50-100,0.0,0,不可下單,波動壓縮 | 安靜吸籌 | 均線收斂 | 放量吸收 | 接近突破 | 結構尚可,PRE 佈局型：等待突破確認，小倉觀察，不主動重倉,PRE 是主升段前卡位，只能小倉。,BLOCK：超出本市場狀態可執行名額
44,PRE,32,2,6414,BUY,86.0,80.0,WAIT,BLOCK,False,392.0,100-500,0.0,0,不可下單,波動壓縮 | 安靜吸籌 | 均線收斂 | 放量吸收 | 接近突破 | 結構尚可,PRE 佈局型：等待突破確認，小倉觀察，不主動重倉,PRE 是主升段前卡位，只能小倉。,BLOCK：超出本市場狀態可執行名額
45,PRE,33,2,6757,BUY,86.0,80.0,WAIT,BLOCK,False,54.0,50-100,0.0,0,不可下單,波動壓縮 | 安靜吸籌 | 均線收斂 | 放量吸收 | 接近突破 | 結構尚可,PRE 佈局型：等待突破確認，小倉觀察，不主動重倉,PRE 是主升段前卡位，只能小倉。,BLOCK：超出本市場狀態可執行名額
46,PRE,34,2,6771,BUY,86.0,80.0,WAIT,BLOCK,False,42.6,50以下,0.0,0,不可下單,波動壓縮 | 安靜吸籌 | 均線收斂 | 放量吸收 | 接近突破 | 結構尚可,PRE 佈局型：等待突破確認，小倉觀察，不主動重倉,PRE 是主升段前卡位，只能小倉。,BLOCK：超出本市場狀態可執行名額
47,PRE,35,2,8429,BUY,86.0,80.0,WAIT,BLOCK,False,5.91,50以下,0.0,0,不可下單,波動壓縮 | 安靜吸籌 | 均線收斂 | 放量吸收 | 接近突破 | 結構尚可,PRE 佈局型：等待突破確認，小倉觀察，不主動重倉,PRE 是主升段前卡位，只能小倉。,BLOCK：超出本市場狀態可執行名額
48,PRE,36,2,8442,BUY,86.0,80.0,WAIT,BLOCK,False,45.6,50以下,0.0,0,不可下單,波動壓縮 | 安靜吸籌 | 均線收斂 | 放量吸收 | 接近突破 | 結構尚可,PRE 佈局型：等待突破確認，小倉觀察，不主動重倉,PRE 是主升段前卡位，只能小倉。,BLOCK：超出本市場狀態可執行名額
49,PRE,37,2,9927,BUY,86.0,80.0,WAIT,BLOCK,False,70.1,50-100,0.0,0,不可下單,波動壓縮 | 安靜吸籌 | 均線收斂 | 放量吸收 | 接近突破 | 結構尚可,PRE 佈局型：等待突破確認，小倉觀察，不主動重倉,PRE 是主升段前卡位，只能小倉。,BLOCK：超出本市場狀態可執行名額
50,PRE,38,2,9930,BUY,86.0,80.0,WAIT,BLOCK,False,60.2,50-100,0.0,0,不可下單,波動壓縮 | 安靜吸籌 | 均線收斂 | 放量吸收 | 接近突破 | 結構尚可,PRE 佈局型：等待突破確認，小倉觀察，不主動重倉,PRE 是主升段前卡位，只能小倉。,BLOCK：超出本市場狀態可執行名額
51,PRE,39,2,2010,BUY,86.0,70.0,WAIT,BLOCK,False,23.0,50以下,0.0,0,不可下單,波動壓縮 | 安靜吸籌 | 均線收斂 | 放量吸收 | 接近突破 | 結構尚可,PRE 佈局型：等待突破確認，小倉觀察，不主動重倉,PRE 是主升段前卡位，只能小倉。,BLOCK：超出本市場狀態可執行名額
52,PRE,40,2,2247,BUY,82.0,80.0,WAIT,BLOCK,False,224.5,100-500,0.0,0,不可下單,安靜吸籌 | 洗盤收回 | 均線收斂 | 放量吸收 | 接近突破 | 結構尚可,PRE 佈局型：等待突破確認，小倉觀察，不主動重倉,PRE 是主升段前卡位，只能小倉。,BLOCK：超出本市場狀態可執行名額
53,PRE,41,2,1609,BUY,86.0,65.0,WAIT,BLOCK,False,38.75,50以下,0.0,0,不可下單,波動壓縮 | 安靜吸籌 | 均線收斂 | 放量吸收 | 接近突破 | 結構尚可,PRE 條件未完整，僅保留觀察,PRE 是主升段前卡位，只能小倉。,BLOCK：超出本市場狀態可執行名額
54,PRE,42,2,2330,BUY,86.0,65.0,WAIT,BLOCK,False,2480.0,1000以上,0.0,0,不可下單,波動壓縮 | 安靜吸籌 | 均線收斂 | 放量吸收 | 接近突破 | 結構尚可,PRE 條件未完整，僅保留觀察,PRE 是主升段前卡位，只能小倉。,BLOCK：超出本市場狀態可執行名額
55,PRE,43,2,1337,BUY,80.0,80.0,WAIT,BLOCK,False,4.47,50以下,0.0,0,不可下單,波動壓縮 | 安靜吸籌 | 均線收斂 | 放量吸收 | 接近突破,PRE 佈局型：等待突破確認，小倉觀察，不主動重倉,PRE 是主升段前卡位，只能小倉。,BLOCK：超出本市場狀態可執行名額
56,PRE,44,2,1446,BUY,80.0,80.0,WAIT,BLOCK,False,13.4,50以下,0.0,0,不可下單,波動壓縮 | 安靜吸籌 | 均線收斂 | 放量吸收 | 接近突破,PRE 佈局型：等待突破確認，小倉觀察，不主動重倉,PRE 是主升段前卡位，只能小倉。,BLOCK：超出本市場狀態可執行名額
57,PRE,45,2,1460,BUY,80.0,80.0,WAIT,BLOCK,False,6.26,50以下,0.0,0,不可下單,波動壓縮 | 安靜吸籌 | 均線收斂 | 放量吸收 | 接近突破,PRE 佈局型：等待突破確認，小倉觀察，不主動重倉,PRE 是主升段前卡位，只能小倉。,BLOCK：超出本市場狀態可執行名額
58,PRE,46,2,1533,BUY,80.0,80.0,WAIT,BLOCK,False,30.3,50以下,0.0,0,不可下單,波動壓縮 | 安靜吸籌 | 均線收斂 | 放量吸收 | 接近突破,PRE 佈局型：等待突破確認，小倉觀察，不主動重倉,PRE 是主升段前卡位，只能小倉。,BLOCK：超出本市場狀態可執行名額
59,PRE,47,2,1540,BUY,80.0,80.0,WAIT,BLOCK,False,19.3,50以下,0.0,0,不可下單,波動壓縮 | 安靜吸籌 | 均線收斂 | 放量吸收 | 接近突破,PRE 佈局型：等待突破確認，小倉觀察，不主動重倉,PRE 是主升段前卡位，只能小倉。,BLOCK：超出本市場狀態可執行名額
60,PRE,48,2,2233,BUY,80.0,80.0,WAIT,BLOCK,False,167.0,100-500,0.0,0,不可下單,波動壓縮 | 安靜吸籌 | 均線收斂 | 放量吸收 | 接近突破,PRE 佈局型：等待突破確認，小倉觀察，不主動重倉,PRE 是主升段前卡位，只能小倉。,BLOCK：超出本市場狀態可執行名額
61,PRE,49,2,2250,BUY,80.0,80.0,WAIT,BLOCK,False,57.0,50-100,0.0,0,不可下單,波動壓縮 | 安靜吸籌 | 均線收斂 | 放量吸收 | 接近突破,PRE 佈局型：等待突破確認，小倉觀察，不主動重倉,PRE 是主升段前卡位，只能小倉。,BLOCK：超出本市場狀態可執行名額
62,PRE,50,2,2439,BUY,80.0,80.0,WAIT,BLOCK,False,77.3,50-100,0.0,0,不可下單,波動壓縮 | 安靜吸籌 | 均線收斂 | 放量吸收 | 接近突破,PRE 佈局型：等待突破確認，小倉觀察，不主動重倉,PRE 是主升段前卡位，只能小倉。,BLOCK：超出本市場狀態可執行名額
63,PRE,51,2,4414,BUY,80.0,80.0,WAIT,BLOCK,False,8.14,50以下,0.0,0,不可下單,波動壓縮 | 安靜吸籌 | 均線收斂 | 放量吸收 | 接近突破,PRE 佈局型：等待突破確認，小倉觀察，不主動重倉,PRE 是主升段前卡位，只能小倉。,BLOCK：超出本市場狀態可執行名額
64,PRE,52,2,6282,BUY,80.0,80.0,WAIT,BLOCK,False,43.7,50以下,0.0,0,不可下單,波動壓縮 | 安靜吸籌 | 均線收斂 | 放量吸收 | 接近突破,PRE 佈局型：等待突破確認，小倉觀察，不主動重倉,PRE 是主升段前卡位，只能小倉。,BLOCK：超出本市場狀態可執行名額
65,PRE,53,2,6558,BUY,80.0,80.0,WAIT,BLOCK,False,25.0,50以下,0.0,0,不可下單,波動壓縮 | 安靜吸籌 | 均線收斂 | 放量吸收 | 接近突破,PRE 佈局型：等待突破確認，小倉觀察，不主動重倉,PRE 是主升段前卡位，只能小倉。,BLOCK：超出本市場狀態可執行名額
66,PRE,54,2,6914,BUY,80.0,80.0,WAIT,BLOCK,False,119.0,100-500,0.0,0,不可下單,波動壓縮 | 安靜吸籌 | 均線收斂 | 放量吸收 | 接近突破,PRE 佈局型：等待突破確認，小倉觀察，不主動重倉,PRE 是主升段前卡位，只能小倉。,BLOCK：超出本市場狀態可執行名額
67,PRE,55,2,1323,TEST,72.0,100.0,WAIT,BLOCK,False,21.45,50以下,0.0,0,不可下單,波動壓縮 | 安靜吸籌 | 均線收斂 | 接近突破 | 結構尚可,PRE 佈局型：等待突破確認，小倉觀察，不主動重倉,PRE 是主升段前卡位，只能小倉。,BLOCK：超出本市場狀態可執行名額
68,PRE,56,2,1586,TEST,72.0,100.0,WAIT,BLOCK,False,17.9,50以下,0.0,0,不可下單,波動壓縮 | 安靜吸籌 | 均線收斂 | 接近突破 | 結構尚可,PRE 佈局型：等待突破確認，小倉觀察，不主動重倉,PRE 是主升段前卡位，只能小倉。,BLOCK：超出本市場狀態可執行名額
69,PRE,57,2,1614,TEST,72.0,100.0,WAIT,BLOCK,False,31.15,50以下,0.0,0,不可下單,波動壓縮 | 安靜吸籌 | 均線收斂 | 接近突破 | 結構尚可,PRE 佈局型：等待突破確認，小倉觀察，不主動重倉,PRE 是主升段前卡位，只能小倉。,BLOCK：超出本市場狀態可執行名額
70,PRE,58,2,1615,TEST,72.0,100.0,WAIT,BLOCK,False,42.95,50以下,0.0,0,不可下單,波動壓縮 | 安靜吸籌 | 均線收斂 | 接近突破 | 結構尚可,PRE 佈局型：等待突破確認，小倉觀察，不主動重倉,PRE 是主升段前卡位，只能小倉。,BLOCK：超出本市場狀態可執行名額
71,PRE,59,2,1906,TEST,72.0,100.0,WAIT,BLOCK,False,10.9,50以下,0.0,0,不可下單,波動壓縮 | 安靜吸籌 | 均線收斂 | 接近突破 | 結構尚可,PRE 佈局型：等待突破確認，小倉觀察，不主動重倉,PRE 是主升段前卡位，只能小倉。,BLOCK：超出本市場狀態可執行名額
72,PRE,60,2,2006,TEST,72.0,100.0,WAIT,BLOCK,False,85.4,50-100,0.0,0,不可下單,波動壓縮 | 安靜吸籌 | 均線收斂 | 接近突破 | 結構尚可,PRE 佈局型：等待突破確認，小倉觀察，不主動重倉,PRE 是主升段前卡位，只能小倉。,BLOCK：超出本市場狀態可執行名額
73,PRE,61,2,2012,TEST,72.0,100.0,WAIT,BLOCK,False,14.4,50以下,0.0,0,不可下單,波動壓縮 | 安靜吸籌 | 均線收斂 | 接近突破 | 結構尚可,PRE 佈局型：等待突破確認，小倉觀察，不主動重倉,PRE 是主升段前卡位，只能小倉。,BLOCK：超出本市場狀態可執行名額
74,PRE,62,2,2206,TEST,72.0,100.0,WAIT,BLOCK,False,62.1,50-100,0.0,0,不可下單,波動壓縮 | 安靜吸籌 | 均線收斂 | 接近突破 | 結構尚可,PRE 佈局型：等待突破確認，小倉觀察，不主動重倉,PRE 是主升段前卡位，只能小倉。,BLOCK：超出本市場狀態可執行名額
75,PRE,63,2,2482,TEST,72.0,100.0,WAIT,BLOCK,False,16.45,50以下,0.0,0,不可下單,波動壓縮 | 安靜吸籌 | 均線收斂 | 接近突破 | 結構尚可,PRE 佈局型：等待突破確認，小倉觀察，不主動重倉,PRE 是主升段前卡位，只能小倉。,BLOCK：超出本市場狀態可執行名額
76,PRE,64,2,2727,TEST,72.0,100.0,WAIT,BLOCK,False,236.0,100-500,0.0,0,不可下單,波動壓縮 | 安靜吸籌 | 均線收斂 | 接近突破 | 結構尚可,PRE 佈局型：等待突破確認，小倉觀察，不主動重倉,PRE 是主升段前卡位，只能小倉。,BLOCK：超出本市場狀態可執行名額
77,PRE,65,2,2753,TEST,72.0,100.0,WAIT,BLOCK,False,180.0,100-500,0.0,0,不可下單,波動壓縮 | 安靜吸籌 | 均線收斂 | 接近突破 | 結構尚可,PRE 佈局型：等待突破確認，小倉觀察，不主動重倉,PRE 是主升段前卡位，只能小倉。,BLOCK：超出本市場狀態可執行名額
78,PRE,66,2,3034,TEST,72.0,100.0,WAIT,BLOCK,False,546.0,500-1000,0.0,0,不可下單,波動壓縮 | 安靜吸籌 | 均線收斂 | 接近突破 | 結構尚可,PRE 佈局型：等待突破確認，小倉觀察，不主動重倉,PRE 是主升段前卡位，只能小倉。,BLOCK：超出本市場狀態可執行名額
79,PRE,67,2,3045,TEST,72.0,100.0,WAIT,BLOCK,False,119.5,100-500,0.0,0,不可下單,波動壓縮 | 安靜吸籌 | 均線收斂 | 接近突破 | 結構尚可,PRE 佈局型：等待突破確認，小倉觀察，不主動重倉,PRE 是主升段前卡位，只能小倉。,BLOCK：超出本市場狀態可執行名額
80,PRE,68,2,3130,TEST,72.0,100.0,WAIT,BLOCK,False,209.0,100-500,0.0,0,不可下單,波動壓縮 | 安靜吸籌 | 均線收斂 | 接近突破 | 結構尚可,PRE 佈局型：等待突破確認，小倉觀察，不主動重倉,PRE 是主升段前卡位，只能小倉。,BLOCK：超出本市場狀態可執行名額
81,PRE,69,2,4441,TEST,72.0,100.0,WAIT,BLOCK,False,171.5,100-500,0.0,0,不可下單,波動壓縮 | 安靜吸籌 | 均線收斂 | 接近突破 | 結構尚可,PRE 佈局型：等待突破確認，小倉觀察，不主動重倉,PRE 是主升段前卡位，只能小倉。,BLOCK：超出本市場狀態可執行名額
82,PRE,70,2,4557,TEST,72.0,100.0,WAIT,BLOCK,False,50.3,50-100,0.0,0,不可下單,波動壓縮 | 安靜吸籌 | 均線收斂 | 接近突破 | 結構尚可,PRE 佈局型：等待突破確認，小倉觀察，不主動重倉,PRE 是主升段前卡位，只能小倉。,BLOCK：超出本市場狀態可執行名額
83,PRE,71,2,4904,TEST,72.0,100.0,WAIT,BLOCK,False,103.5,100-500,0.0,0,不可下單,波動壓縮 | 安靜吸籌 | 均線收斂 | 接近突破 | 結構尚可,PRE 佈局型：等待突破確認，小倉觀察，不主動重倉,PRE 是主升段前卡位，只能小倉。,BLOCK：超出本市場狀態可執行名額
84,PRE,72,2,6183,TEST,72.0,100.0,WAIT,BLOCK,False,91.8,50-100,0.0,0,不可下單,波動壓縮 | 安靜吸籌 | 均線收斂 | 接近突破 | 結構尚可,PRE 佈局型：等待突破確認，小倉觀察，不主動重倉,PRE 是主升段前卡位，只能小倉。,BLOCK：超出本市場狀態可執行名額
85,PRE,73,2,9943,TEST,72.0,100.0,WAIT,BLOCK,False,50.4,50-100,0.0,0,不可下單,波動壓縮 | 安靜吸籌 | 均線收斂 | 接近突破 | 結構尚可,PRE 佈局型：等待突破確認，小倉觀察，不主動重倉,PRE 是主升段前卡位，只能小倉。,BLOCK：超出本市場狀態可執行名額
86,PRE,74,2,9949,TEST,72.0,100.0,WAIT,BLOCK,False,24.3,50以下,0.0,0,不可下單,波動壓縮 | 安靜吸籌 | 均線收斂 | 接近突破 | 結構尚可,PRE 佈局型：等待突破確認，小倉觀察，不主動重倉,PRE 是主升段前卡位，只能小倉。,BLOCK：超出本市場狀態可執行名額
87,PRE,75,2,2031,BUY,86.0,55.0,WAIT,BLOCK,False,46.5,50以下,0.0,0,不可下單,波動壓縮 | 安靜吸籌 | 均線收斂 | 放量吸收 | 接近突破 | 結構尚可,PRE 條件未完整，僅保留觀察,PRE 是主升段前卡位，只能小倉。,BLOCK：超出本市場狀態可執行名額
88,PRE,76,2,6579,BUY,86.0,55.0,WAIT,BLOCK,False,159.0,100-500,0.0,0,不可下單,波動壓縮 | 安靜吸籌 | 均線收斂 | 放量吸收 | 接近突破 | 結構尚可,PRE 條件未完整，僅保留觀察,PRE 是主升段前卡位，只能小倉。,BLOCK：超出本市場狀態可執行名額
89,PRE,77,2,6743,BUY,86.0,55.0,WAIT,BLOCK,False,31.85,50以下,0.0,0,不可下單,波動壓縮 | 安靜吸籌 | 均線收斂 | 放量吸收 | 接近突破 | 結構尚可,PRE 條件未完整，僅保留觀察,PRE 是主升段前卡位，只能小倉。,BLOCK：超出本市場狀態可執行名額
90,PRE,78,2,6901,BUY,86.0,55.0,WAIT,BLOCK,False,16.85,50以下,0.0,0,不可下單,波動壓縮 | 安靜吸籌 | 均線收斂 | 放量吸收 | 接近突破 | 結構尚可,PRE 條件未完整，僅保留觀察,PRE 是主升段前卡位，只能小倉。,BLOCK：超出本市場狀態可執行名額
91,PRE,79,2,2329,BUY,80.0,70.0,WAIT,BLOCK,False,44.8,50以下,0.0,0,不可下單,波動壓縮 | 安靜吸籌 | 均線收斂 | 放量吸收 | 接近突破,PRE 佈局型：等待突破確認，小倉觀察，不主動重倉,PRE 是主升段前卡位，只能小倉。,BLOCK：超出本市場狀態可執行名額
92,PRE,80,2,3060,BUY,80.0,70.0,WAIT,BLOCK,False,28.1,50以下,0.0,0,不可下單,波動壓縮 | 安靜吸籌 | 均線收斂 | 放量吸收 | 接近突破,PRE 佈局型：等待突破確認，小倉觀察，不主動重倉,PRE 是主升段前卡位，只能小倉。,BLOCK：超出本市場狀態可執行名額
93,PRE,81,2,1307,BUY,80.0,65.0,WAIT,BLOCK,False,31.5,50以下,0.0,0,不可下單,波動壓縮 | 安靜吸籌 | 均線收斂 | 放量吸收 | 接近突破,PRE 條件未完整，僅保留觀察,PRE 是主升段前卡位，只能小倉。,BLOCK：超出本市場狀態可執行名額
94,PRE,82,2,1216,TEST,68.0,100.0,WAIT,BLOCK,False,74.2,50-100,0.0,0,不可下單,波動壓縮 | 洗盤收回 | 均線收斂 | 接近突破 | 結構尚可,PRE 佈局型：等待突破確認，小倉觀察，不主動重倉,PRE 是主升段前卡位，只能小倉。,BLOCK：超出本市場狀態可執行名額
95,PRE,83,2,2504,TEST,68.0,100.0,WAIT,BLOCK,False,30.65,50以下,0.0,0,不可下單,波動壓縮 | 洗盤收回 | 均線收斂 | 接近突破 | 結構尚可,PRE 佈局型：等待突破確認，小倉觀察，不主動重倉,PRE 是主升段前卡位，只能小倉。,BLOCK：超出本市場狀態可執行名額
96,PRE,84,2,2892,TEST,68.0,100.0,WAIT,BLOCK,False,38.65,50以下,0.0,0,不可下單,波動壓縮 | 洗盤收回 | 均線收斂 | 接近突破 | 結構尚可,PRE 佈局型：等待突破確認，小倉觀察，不主動重倉,PRE 是主升段前卡位，只能小倉。,BLOCK：超出本市場狀態可執行名額
97,PRE,85,2,6214,TEST,68.0,100.0,WAIT,BLOCK,False,188.0,100-500,0.0,0,不可下單,波動壓縮 | 洗盤收回 | 均線收斂 | 接近突破 | 結構尚可,PRE 佈局型：等待突破確認，小倉觀察，不主動重倉,PRE 是主升段前卡位，只能小倉。,BLOCK：超出本市場狀態可執行名額
98,PRE,86,2,7705,TEST,68.0,100.0,WAIT,BLOCK,False,29.85,50以下,0.0,0,不可下單,波動壓縮 | 洗盤收回 | 均線收斂 | 接近突破 | 結構尚可,PRE 佈局型：等待突破確認，小倉觀察，不主動重倉,PRE 是主升段前卡位，只能小倉。,BLOCK：超出本市場狀態可執行名額
99,PRE,87,2,8481,TEST,68.0,100.0,WAIT,BLOCK,False,40.95,50以下,0.0,0,不可下單,波動壓縮 | 洗盤收回 | 均線收斂 | 接近突破 | 結構尚可,PRE 佈局型：等待突破確認，小倉觀察，不主動重倉,PRE 是主升段前卡位，只能小倉。,BLOCK：超出本市場狀態可執行名額
100,PRE,88,2,3054,BUY,86.0,45.0,WAIT,BLOCK,False,59.4,50-100,0.0,0,不可下單,波動壓縮 | 安靜吸籌 | 均線收斂 | 放量吸收 | 接近突破 | 結構尚可,PRE 條件未完整，僅保留觀察,PRE 是主升段前卡位，只能小倉。,BLOCK：超出本市場狀態可執行名額
101,PRE,89,2,6438,BUY,86.0,45.0,WAIT,BLOCK,False,164.0,100-500,0.0,0,不可下單,波動壓縮 | 安靜吸籌 | 均線收斂 | 放量吸收 | 接近突破 | 結構尚可,PRE 條件未完整，僅保留觀察,PRE 是主升段前卡位，只能小倉。,BLOCK：超出本市場狀態可執行名額
102,PRE,90,2,3545,TEST,72.0,85.0,WAIT,BLOCK,False,51.8,50-100,0.0,0,不可下單,波動壓縮 | 安靜吸籌 | 均線收斂 | 接近突破 | 結構尚可,PRE 佈局型：等待突破確認，小倉觀察，不主動重倉,PRE 是主升段前卡位，只能小倉。,BLOCK：超出本市場狀態可執行名額
103,PRE,91,2,1471,TEST,66.0,100.0,WAIT,BLOCK,False,9.46,50以下,0.0,0,不可下單,波動壓縮 | 安靜吸籌 | 均線收斂 | 接近突破,PRE 佈局型：等待突破確認，小倉觀察，不主動重倉,PRE 是主升段前卡位，只能小倉。,BLOCK：超出本市場狀態可執行名額
104,PRE,92,2,2405,TEST,66.0,100.0,WAIT,BLOCK,False,15.25,50以下,0.0,0,不可下單,波動壓縮 | 安靜吸籌 | 均線收斂 | 接近突破,PRE 佈局型：等待突破確認，小倉觀察，不主動重倉,PRE 是主升段前卡位，只能小倉。,BLOCK：超出本市場狀態可執行名額
105,PRE,93,2,2496,TEST,66.0,100.0,WAIT,BLOCK,False,55.0,50-100,0.0,0,不可下單,波動壓縮 | 安靜吸籌 | 均線收斂 | 接近突破,PRE 佈局型：等待突破確認，小倉觀察，不主動重倉,PRE 是主升段前卡位，只能小倉。,BLOCK：超出本市場狀態可執行名額
106,PRE,94,2,3059,TEST,66.0,100.0,WAIT,BLOCK,False,38.75,50以下,0.0,0,不可下單,波動壓縮 | 安靜吸籌 | 均線收斂 | 接近突破,PRE 佈局型：等待突破確認，小倉觀察，不主動重倉,PRE 是主升段前卡位，只能小倉。,BLOCK：超出本市場狀態可執行名額
107,PRE,95,2,3588,TEST,66.0,100.0,WAIT,BLOCK,False,53.9,50-100,0.0,0,不可下單,波動壓縮 | 安靜吸籌 | 均線收斂 | 接近突破,PRE 佈局型：等待突破確認，小倉觀察，不主動重倉,PRE 是主升段前卡位，只能小倉。,BLOCK：超出本市場狀態可執行名額
108,PRE,96,2,3607,TEST,66.0,100.0,WAIT,BLOCK,False,14.0,50以下,0.0,0,不可下單,波動壓縮 | 安靜吸籌 | 均線收斂 | 接近突破,PRE 佈局型：等待突破確認，小倉觀察，不主動重倉,PRE 是主升段前卡位，只能小倉。,BLOCK：超出本市場狀態可執行名額
109,PRE,97,2,4560,TEST,66.0,100.0,WAIT,BLOCK,False,29.9,50以下,0.0,0,不可下單,波動壓縮 | 安靜吸籌 | 均線收斂 | 接近突破,PRE 佈局型：等待突破確認，小倉觀察，不主動重倉,PRE 是主升段前卡位，只能小倉。,BLOCK：超出本市場狀態可執行名額
110,PRE,98,2,5236,TEST,66.0,100.0,WAIT,BLOCK,False,137.5,100-500,0.0,0,不可下單,波動壓縮 | 安靜吸籌 | 均線收斂 | 接近突破,PRE 佈局型：等待突破確認，小倉觀察，不主動重倉,PRE 是主升段前卡位，只能小倉。,BLOCK：超出本市場狀態可執行名額
111,PRE,99,2,5469,TEST,66.0,100.0,WAIT,BLOCK,False,74.0,50-100,0.0,0,不可下單,波動壓縮 | 安靜吸籌 | 均線收斂 | 接近突破,PRE 佈局型：等待突破確認，小倉觀察，不主動重倉,PRE 是主升段前卡位，只能小倉。,BLOCK：超出本市場狀態可執行名額
112,PRE,100,2,6614,TEST,66.0,100.0,WAIT,BLOCK,False,35.3,50以下,0.0,0,不可下單,波動壓縮 | 安靜吸籌 | 均線收斂 | 接近突破,PRE 佈局型：等待突破確認，小倉觀察，不主動重倉,PRE 是主升段前卡位，只能小倉。,BLOCK：超出本市場狀態可執行名額
113,PRE,101,2,9955,TEST,66.0,100.0,WAIT,BLOCK,False,23.1,50以下,0.0,0,不可下單,波動壓縮 | 安靜吸籌 | 均線收斂 | 接近突破,PRE 佈局型：等待突破確認，小倉觀察，不主動重倉,PRE 是主升段前卡位，只能小倉。,BLOCK：超出本市場狀態可執行名額
114,PRE,102,2,1437,TEST,72.0,80.0,WAIT,BLOCK,False,31.85,50以下,0.0,0,不可下單,波動壓縮 | 安靜吸籌 | 均線收斂 | 接近突破 | 結構尚可,PRE 佈局型：等待突破確認，小倉觀察，不主動重倉,PRE 是主升段前卡位，只能小倉。,BLOCK：超出本市場狀態可執行名額
115,PRE,103,2,3501,TEST,72.0,80.0,WAIT,BLOCK,False,37.65,50以下,0.0,0,不可下單,波動壓縮 | 安靜吸籌 | 均線收斂 | 放量吸收 | 結構尚可,PRE 佈局型：等待突破確認，小倉觀察，不主動重倉,PRE 是主升段前卡位，只能小倉。,BLOCK：超出本市場狀態可執行名額
116,PRE,104,2,5288,TEST,72.0,80.0,WAIT,BLOCK,False,183.5,100-500,0.0,0,不可下單,波動壓縮 | 安靜吸籌 | 均線收斂 | 接近突破 | 結構尚可,PRE 佈局型：等待突破確認，小倉觀察，不主動重倉,PRE 是主升段前卡位，只能小倉。,BLOCK：超出本市場狀態可執行名額
117,PRE,105,2,6887,TEST,72.0,80.0,WAIT,BLOCK,False,38.1,50以下,0.0,0,不可下單,波動壓縮 | 安靜吸籌 | 均線收斂 | 接近突破 | 結構尚可,PRE 佈局型：等待突破確認，小倉觀察，不主動重倉,PRE 是主升段前卡位，只能小倉。,BLOCK：超出本市場狀態可執行名額
118,PRE,106,2,9105,TEST,72.0,80.0,WAIT,BLOCK,False,8.53,50以下,0.0,0,不可下單,波動壓縮 | 安靜吸籌 | 均線收斂 | 接近突破 | 結構尚可,PRE 佈局型：等待突破確認，小倉觀察，不主動重倉,PRE 是主升段前卡位，只能小倉。,BLOCK：超出本市場狀態可執行名額
119,PRE,107,2,8104,BUY,80.0,55.0,WAIT,BLOCK,False,32.1,50以下,0.0,0,不可下單,波動壓縮 | 安靜吸籌 | 均線收斂 | 放量吸收 | 接近突破,PRE 條件未完整，僅保留觀察,PRE 是主升段前卡位，只能小倉。,BLOCK：超出本市場狀態可執行名額
120,PRE,108,2,3290,TEST,72.0,75.0,WAIT,BLOCK,False,52.2,50-100,0.0,0,不可下單,波動壓縮 | 安靜吸籌 | 均線收斂 | 接近突破 | 結構尚可,PRE 佈局型：等待突破確認，小倉觀察，不主動重倉,PRE 是主升段前卡位，只能小倉。,BLOCK：超出本市場狀態可執行名額
121,PRE,109,2,6491,TEST,72.0,75.0,WAIT,BLOCK,False,413.0,100-500,0.0,0,不可下單,波動壓縮 | 安靜吸籌 | 均線收斂 | 接近突破 | 結構尚可,PRE 佈局型：等待突破確認，小倉觀察，不主動重倉,PRE 是主升段前卡位，只能小倉。,BLOCK：超出本市場狀態可執行名額
122,PRE,110,2,4540,BUY,86.0,30.0,WAIT,BLOCK,False,62.1,50-100,0.0,0,不可下單,波動壓縮 | 安靜吸籌 | 均線收斂 | 放量吸收 | 接近突破 | 結構尚可,PRE 條件未完整，僅保留觀察,PRE 是主升段前卡位，只能小倉。,BLOCK：超出本市場狀態可執行名額
123,PRE,111,2,8162,BUY,80.0,45.0,WAIT,BLOCK,False,66.8,50-100,0.0,0,不可下單,波動壓縮 | 安靜吸籌 | 均線收斂 | 放量吸收 | 接近突破,PRE 條件未完整，僅保留觀察,PRE 是主升段前卡位，只能小倉。,BLOCK：超出本市場狀態可執行名額
124,PRE,112,2,1103,TEST,68.0,80.0,WAIT,BLOCK,False,13.2,50以下,0.0,0,不可下單,安靜吸籌 | 均線收斂 | 放量吸收 | 接近突破 | 結構尚可,PRE 佈局型：等待突破確認，小倉觀察，不主動重倉,PRE 是主升段前卡位，只能小倉。,BLOCK：超出本市場狀態可執行名額
125,PRE,113,2,1418,TEST,68.0,80.0,WAIT,BLOCK,False,18.35,50以下,0.0,0,不可下單,安靜吸籌 | 均線收斂 | 放量吸收 | 接近突破 | 結構尚可,PRE 佈局型：等待突破確認，小倉觀察，不主動重倉,PRE 是主升段前卡位，只能小倉。,BLOCK：超出本市場狀態可執行名額
126,PRE,114,2,1438,TEST,68.0,80.0,WAIT,BLOCK,False,21.15,50以下,0.0,0,不可下單,安靜吸籌 | 洗盤收回 | 均線收斂 | 放量吸收 | 結構尚可,PRE 佈局型：等待突破確認，小倉觀察，不主動重倉,PRE 是主升段前卡位，只能小倉。,BLOCK：超出本市場狀態可執行名額
127,PRE,115,2,1439,TEST,68.0,80.0,WAIT,BLOCK,False,28.9,50以下,0.0,0,不可下單,波動壓縮 | 均線收斂 | 放量吸收 | 接近突破 | 結構尚可,PRE 佈局型：等待突破確認，小倉觀察，不主動重倉,PRE 是主升段前卡位，只能小倉。,BLOCK：超出本市場狀態可執行名額
128,PRE,116,2,1472,TEST,68.0,80.0,WAIT,BLOCK,False,88.8,50-100,0.0,0,不可下單,安靜吸籌 | 均線收斂 | 放量吸收 | 接近突破 | 結構尚可,PRE 佈局型：等待突破確認，小倉觀察，不主動重倉,PRE 是主升段前卡位，只能小倉。,BLOCK：超出本市場狀態可執行名額
129,PRE,117,2,1773,TEST,68.0,80.0,WAIT,BLOCK,False,167.5,100-500,0.0,0,不可下單,安靜吸籌 | 均線收斂 | 放量吸收 | 接近突破 | 結構尚可,PRE 佈局型：等待突破確認，小倉觀察，不主動重倉,PRE 是主升段前卡位，只能小倉。,BLOCK：超出本市場狀態可執行名額
130,PRE,118,2,1810,TEST,68.0,80.0,WAIT,BLOCK,False,24.45,50以下,0.0,0,不可下單,波動壓縮 | 均線收斂 | 放量吸收 | 接近突破 | 結構尚可,PRE 佈局型：等待突破確認，小倉觀察，不主動重倉,PRE 是主升段前卡位，只能小倉。,BLOCK：超出本市場狀態可執行名額
131,PRE,119,2,2007,TEST,68.0,80.0,WAIT,BLOCK,False,7.0,50以下,0.0,0,不可下單,安靜吸籌 | 均線收斂 | 放量吸收 | 接近突破 | 結構尚可,PRE 佈局型：等待突破確認，小倉觀察，不主動重倉,PRE 是主升段前卡位，只能小倉。,BLOCK：超出本市場狀態可執行名額
132,PRE,120,2,2323,TEST,68.0,80.0,WAIT,BLOCK,False,11.0,50以下,0.0,0,不可下單,波動壓縮 | 均線收斂 | 放量吸收 | 接近突破 | 結構尚可,PRE 佈局型：等待突破確認，小倉觀察，不主動重倉,PRE 是主升段前卡位，只能小倉。,BLOCK：超出本市場狀態可執行名額
133,PRE,121,2,2618,TEST,68.0,80.0,WAIT,BLOCK,False,42.85,50以下,0.0,0,不可下單,波動壓縮 | 均線收斂 | 放量吸收 | 接近突破 | 結構尚可,PRE 佈局型：等待突破確認，小倉觀察，不主動重倉,PRE 是主升段前卡位，只能小倉。,BLOCK：超出本市場狀態可執行名額
134,PRE,122,2,2867,TEST,68.0,80.0,WAIT,BLOCK,False,9.7,50以下,0.0,0,不可下單,安靜吸籌 | 均線收斂 | 放量吸收 | 接近突破 | 結構尚可,PRE 佈局型：等待突破確認，小倉觀察，不主動重倉,PRE 是主升段前卡位，只能小倉。,BLOCK：超出本市場狀態可執行名額
135,PRE,123,2,4536,TEST,68.0,80.0,WAIT,BLOCK,False,161.0,100-500,0.0,0,不可下單,安靜吸籌 | 均線收斂 | 放量吸收 | 接近突破 | 結構尚可,PRE 佈局型：等待突破確認，小倉觀察，不主動重倉,PRE 是主升段前卡位，只能小倉。,BLOCK：超出本市場狀態可執行名額
136,PRE,124,2,4987,TEST,68.0,80.0,WAIT,BLOCK,False,81.5,50-100,0.0,0,不可下單,波動壓縮 | 洗盤收回 | 均線收斂 | 接近突破 | 結構尚可,PRE 佈局型：等待突破確認，小倉觀察，不主動重倉,PRE 是主升段前卡位，只能小倉。,BLOCK：超出本市場狀態可執行名額
137,PRE,125,2,5007,TEST,68.0,80.0,WAIT,BLOCK,False,56.4,50-100,0.0,0,不可下單,安靜吸籌 | 均線收斂 | 放量吸收 | 接近突破 | 結構尚可,PRE 佈局型：等待突破確認，小倉觀察，不主動重倉,PRE 是主升段前卡位，只能小倉。,BLOCK：超出本市場狀態可執行名額
138,PRE,126,2,8011,TEST,68.0,80.0,WAIT,BLOCK,False,16.1,50以下,0.0,0,不可下單,安靜吸籌 | 均線收斂 | 放量吸收 | 接近突破 | 結構尚可,PRE 佈局型：等待突破確認，小倉觀察，不主動重倉,PRE 是主升段前卡位，只能小倉。,BLOCK：超出本市場狀態可執行名額
139,PRE,127,2,1595,TEST,72.0,65.0,WAIT,BLOCK,False,85.3,50-100,0.0,0,不可下單,波動壓縮 | 安靜吸籌 | 均線收斂 | 接近突破 | 結構尚可,PRE 條件未完整，僅保留觀察,PRE 是主升段前卡位，只能小倉。,BLOCK：超出本市場狀態可執行名額
140,PRE,128,2,3162,TEST,72.0,65.0,WAIT,BLOCK,False,85.4,50-100,0.0,0,不可下單,波動壓縮 | 安靜吸籌 | 均線收斂 | 接近突破 | 結構尚可,PRE 條件未完整，僅保留觀察,PRE 是主升段前卡位，只能小倉。,BLOCK：超出本市場狀態可執行名額
141,PRE,129,2,3580,TEST,72.0,65.0,WAIT,BLOCK,False,110.5,100-500,0.0,0,不可下單,波動壓縮 | 安靜吸籌 | 均線收斂 | 接近突破 | 結構尚可,PRE 條件未完整，僅保留觀察,PRE 是主升段前卡位，只能小倉。,BLOCK：超出本市場狀態可執行名額
142,PRE,130,2,5013,TEST,72.0,65.0,WAIT,BLOCK,False,38.75,50以下,0.0,0,不可下單,波動壓縮 | 安靜吸籌 | 均線收斂 | 接近突破 | 結構尚可,PRE 條件未完整，僅保留觀察,PRE 是主升段前卡位，只能小倉。,BLOCK：超出本市場狀態可執行名額
143,PRE,131,2,6425,TEST,72.0,65.0,WAIT,BLOCK,False,79.0,50-100,0.0,0,不可下單,波動壓縮 | 安靜吸籌 | 均線收斂 | 接近突破 | 結構尚可,PRE 條件未完整，僅保留觀察,PRE 是主升段前卡位，只能小倉。,BLOCK：超出本市場狀態可執行名額
144,PRE,132,2,2429,TEST,66.0,80.0,WAIT,BLOCK,False,30.95,50以下,0.0,0,不可下單,波動壓縮 | 安靜吸籌 | 均線收斂 | 放量吸收,PRE 佈局型：等待突破確認，小倉觀察，不主動重倉,PRE 是主升段前卡位，只能小倉。,BLOCK：超出本市場狀態可執行名額
145,PRE,133,2,4582,TEST,66.0,80.0,WAIT,BLOCK,False,22.5,50以下,0.0,0,不可下單,波動壓縮 | 安靜吸籌 | 均線收斂 | 放量吸收,PRE 佈局型：等待突破確認，小倉觀察，不主動重倉,PRE 是主升段前卡位，只能小倉。,BLOCK：超出本市場狀態可執行名額
146,PRE,134,2,8081,TEST,66.0,80.0,WAIT,BLOCK,False,251.5,100-500,0.0,0,不可下單,波動壓縮 | 安靜吸籌 | 均線收斂 | 接近突破,PRE 佈局型：等待突破確認，小倉觀察，不主動重倉,PRE 是主升段前卡位，只能小倉。,BLOCK：超出本市場狀態可執行名額
147,PRE,135,2,2029,TEST,68.0,70.0,WAIT,BLOCK,False,22.45,50以下,0.0,0,不可下單,安靜吸籌 | 均線收斂 | 放量吸收 | 接近突破 | 結構尚可,PRE 佈局型：等待突破確認，小倉觀察，不主動重倉,PRE 是主升段前卡位，只能小倉。,BLOCK：超出本市場狀態可執行名額
148,PRE,136,2,6153,TEST,68.0,70.0,WAIT,BLOCK,False,18.2,50以下,0.0,0,不可下單,波動壓縮 | 均線收斂 | 放量吸收 | 接近突破 | 結構尚可,PRE 佈局型：等待突破確認，小倉觀察，不主動重倉,PRE 是主升段前卡位，只能小倉。,BLOCK：超出本市場狀態可執行名額
149,PRE,137,2,8411,TEST,68.0,70.0,WAIT,BLOCK,False,11.9,50以下,0.0,0,不可下單,安靜吸籌 | 洗盤收回 | 均線收斂 | 放量吸收 | 結構尚可,PRE 佈局型：等待突破確認，小倉觀察，不主動重倉,PRE 是主升段前卡位，只能小倉。,BLOCK：超出本市場狀態可執行名額
150,PRE,138,2,2207,WATCH,58.0,100.0,WAIT,BLOCK,False,509.0,500-1000,0.0,0,不可下單,波動壓縮 | 安靜吸籌 | 均線收斂 | 結構尚可,PRE 佈局型：等待突破確認，小倉觀察，不主動重倉,PRE 是主升段前卡位，只能小倉。,BLOCK：超出本市場狀態可執行名額
151,PRE,139,2,4938,WATCH,58.0,100.0,WAIT,BLOCK,False,89.8,50-100,0.0,0,不可下單,波動壓縮 | 安靜吸籌 | 均線收斂 | 結構尚可,PRE 佈局型：等待突破確認，小倉觀察，不主動重倉,PRE 是主升段前卡位，只能小倉。,BLOCK：超出本市場狀態可執行名額
152,PRE,140,2,6944,TEST,66.0,75.0,WAIT,BLOCK,False,775.0,500-1000,0.0,0,不可下單,波動壓縮 | 安靜吸籌 | 均線收斂 | 接近突破,PRE 佈局型：等待突破確認，小倉觀察，不主動重倉,PRE 是主升段前卡位，只能小倉。,BLOCK：超出本市場狀態可執行名額
153,PRE,141,2,2430,TEST,72.0,55.0,PULLBACK,BLOCK,False,18.25,50以下,0.0,0,不可下單,波動壓縮 | 安靜吸籌 | 均線收斂 | 接近突破 | 結構尚可,回檔型：接近 MA20，適合分批低接,PRE 是主升段前卡位，只能小倉。,BLOCK：同股已由高優先桶接管
154,PRE,142,2,2498,TEST,72.0,55.0,WAIT,BLOCK,False,42.9,50以下,0.0,0,不可下單,波動壓縮 | 安靜吸籌 | 均線收斂 | 接近突破 | 結構尚可,PRE 條件未完整，僅保留觀察,PRE 是主升段前卡位，只能小倉。,BLOCK：超出本市場狀態可執行名額
155,PRE,143,2,2484,BUY,80.0,30.0,WAIT,BLOCK,False,78.0,50-100,0.0,0,不可下單,波動壓縮 | 安靜吸籌 | 均線收斂 | 放量吸收 | 接近突破,PRE 條件未完整，僅保留觀察,PRE 是主升段前卡位，只能小倉。,BLOCK：超出本市場狀態可執行名額
156,PRE,144,2,3535,BUY,80.0,30.0,WAIT,BLOCK,False,92.0,50-100,0.0,0,不可下單,波動壓縮 | 安靜吸籌 | 均線收斂 | 放量吸收 | 接近突破,PRE 條件未完整，僅保留觀察,PRE 是主升段前卡位，只能小倉。,BLOCK：超出本市場狀態可執行名額
157,PRE,145,2,7822,BUY,80.0,30.0,WAIT,BLOCK,False,998.0,500-1000,0.0,0,不可下單,波動壓縮 | 安靜吸籌 | 均線收斂 | 放量吸收 | 接近突破,PRE 條件未完整，僅保留觀察,PRE 是主升段前卡位，只能小倉。,BLOCK：超出本市場狀態可執行名額
158,PRE,146,2,5434,TEST,68.0,65.0,WAIT,BLOCK,False,555.0,500-1000,0.0,0,不可下單,波動壓縮 | 均線收斂 | 放量吸收 | 接近突破 | 結構尚可,PRE 條件未完整，僅保留觀察,PRE 是主升段前卡位，只能小倉。,BLOCK：超出本市場狀態可執行名額
159,PRE,147,2,1444,WATCH,62.0,80.0,WAIT,BLOCK,False,7.12,50以下,0.0,0,不可下單,波動壓縮 | 均線收斂 | 放量吸收 | 接近突破,PRE 佈局型：等待突破確認，小倉觀察，不主動重倉,PRE 是主升段前卡位，只能小倉。,BLOCK：超出本市場狀態可執行名額
160,PRE,148,2,2349,WATCH,62.0,80.0,WAIT,BLOCK,False,10.7,50以下,0.0,0,不可下單,波動壓縮 | 均線收斂 | 放量吸收 | 接近突破,PRE 佈局型：等待突破確認，小倉觀察，不主動重倉,PRE 是主升段前卡位，只能小倉。,BLOCK：超出本市場狀態可執行名額
161,PRE,149,2,6988,WATCH,62.0,80.0,WAIT,BLOCK,False,11.7,50以下,0.0,0,不可下單,安靜吸籌 | 洗盤收回 | 均線收斂 | 放量吸收,PRE 佈局型：等待突破確認，小倉觀察，不主動重倉,PRE 是主升段前卡位，只能小倉。,BLOCK：超出本市場狀態可執行名額
162,PRE,150,2,1102,WATCH,54.0,100.0,WAIT,BLOCK,False,35.8,50以下,0.0,0,不可下單,波動壓縮 | 均線收斂 | 接近突破 | 結構尚可,PRE 佈局型：等待突破確認，小倉觀察，不主動重倉,PRE 是主升段前卡位，只能小倉。,BLOCK：超出本市場狀態可執行名額
163,PRE,151,2,1210,WATCH,54.0,100.0,WAIT,BLOCK,False,52.0,50-100,0.0,0,不可下單,波動壓縮 | 均線收斂 | 接近突破 | 結構尚可,PRE 佈局型：等待突破確認，小倉觀察，不主動重倉,PRE 是主升段前卡位，只能小倉。,BLOCK：超出本市場狀態可執行名額
164,PRE,152,2,1217,WATCH,54.0,100.0,WAIT,BLOCK,False,9.95,50以下,0.0,0,不可下單,波動壓縮 | 均線收斂 | 接近突破 | 結構尚可,PRE 佈局型：等待突破確認，小倉觀察，不主動重倉,PRE 是主升段前卡位，只能小倉。,BLOCK：超出本市場狀態可執行名額
165,PRE,153,2,1227,WATCH,54.0,100.0,WAIT,BLOCK,False,28.1,50以下,0.0,0,不可下單,波動壓縮 | 均線收斂 | 接近突破 | 結構尚可,PRE 佈局型：等待突破確認，小倉觀察，不主動重倉,PRE 是主升段前卡位，只能小倉。,BLOCK：超出本市場狀態可執行名額
166,PRE,154,2,1229,WATCH,54.0,100.0,WAIT,BLOCK,False,39.9,50以下,0.0,0,不可下單,波動壓縮 | 均線收斂 | 接近突破 | 結構尚可,PRE 佈局型：等待突破確認，小倉觀察，不主動重倉,PRE 是主升段前卡位，只能小倉。,BLOCK：超出本市場狀態可執行名額
167,PRE,155,2,1231,WATCH,54.0,100.0,WAIT,BLOCK,False,79.6,50-100,0.0,0,不可下單,波動壓縮 | 均線收斂 | 接近突破 | 結構尚可,PRE 佈局型：等待突破確認，小倉觀察，不主動重倉,PRE 是主升段前卡位，只能小倉。,BLOCK：超出本市場狀態可執行名額
168,PRE,156,2,1232,WATCH,54.0,100.0,WAIT,BLOCK,False,153.5,100-500,0.0,0,不可下單,波動壓縮 | 均線收斂 | 接近突破 | 結構尚可,PRE 佈局型：等待突破確認，小倉觀察，不主動重倉,PRE 是主升段前卡位，只能小倉。,BLOCK：超出本市場狀態可執行名額
169,PRE,157,2,1233,WATCH,54.0,100.0,WAIT,BLOCK,False,28.1,50以下,0.0,0,不可下單,波動壓縮 | 均線收斂 | 接近突破 | 結構尚可,PRE 佈局型：等待突破確認，小倉觀察，不主動重倉,PRE 是主升段前卡位，只能小倉。,BLOCK：超出本市場狀態可執行名額
170,PRE,158,2,1234,WATCH,54.0,100.0,WAIT,BLOCK,False,33.0,50以下,0.0,0,不可下單,波動壓縮 | 均線收斂 | 接近突破 | 結構尚可,PRE 佈局型：等待突破確認，小倉觀察，不主動重倉,PRE 是主升段前卡位，只能小倉。,BLOCK：超出本市場狀態可執行名額
171,PRE,159,2,1240,WATCH,54.0,100.0,WAIT,BLOCK,False,54.3,50-100,0.0,0,不可下單,波動壓縮 | 均線收斂 | 接近突破 | 結構尚可,PRE 佈局型：等待突破確認，小倉觀察，不主動重倉,PRE 是主升段前卡位，只能小倉。,BLOCK：超出本市場狀態可執行名額
172,PRE,160,2,1259,WATCH,54.0,100.0,WAIT,BLOCK,False,68.1,50-100,0.0,0,不可下單,波動壓縮 | 均線收斂 | 接近突破 | 結構尚可,PRE 佈局型：等待突破確認，小倉觀察，不主動重倉,PRE 是主升段前卡位，只能小倉。,BLOCK：超出本市場狀態可執行名額
173,PRE,161,2,1264,WATCH,54.0,100.0,WAIT,BLOCK,False,245.0,100-500,0.0,0,不可下單,波動壓縮 | 均線收斂 | 接近突破 | 結構尚可,PRE 佈局型：等待突破確認，小倉觀察，不主動重倉,PRE 是主升段前卡位，只能小倉。,BLOCK：超出本市場狀態可執行名額
174,PRE,162,2,1319,WATCH,54.0,100.0,WAIT,BLOCK,False,77.9,50-100,0.0,0,不可下單,波動壓縮 | 洗盤收回 | 均線收斂 | 結構尚可,PRE 佈局型：等待突破確認，小倉觀察，不主動重倉,PRE 是主升段前卡位，只能小倉。,BLOCK：超出本市場狀態可執行名額
175,PRE,163,2,1321,WATCH,54.0,100.0,WAIT,BLOCK,False,32.4,50以下,0.0,0,不可下單,波動壓縮 | 均線收斂 | 接近突破 | 結構尚可,PRE 佈局型：等待突破確認，小倉觀察，不主動重倉,PRE 是主升段前卡位，只能小倉。,BLOCK：超出本市場狀態可執行名額
176,PRE,164,2,1324,WATCH,54.0,100.0,WAIT,BLOCK,False,9.99,50以下,0.0,0,不可下單,安靜吸籌 | 均線收斂 | 接近突破 | 結構尚可,PRE 佈局型：等待突破確認，小倉觀察，不主動重倉,PRE 是主升段前卡位，只能小倉。,BLOCK：超出本市場狀態可執行名額
177,PRE,165,2,1336,WATCH,54.0,100.0,WAIT,BLOCK,False,17.35,50以下,0.0,0,不可下單,波動壓縮 | 均線收斂 | 接近突破 | 結構尚可,PRE 佈局型：等待突破確認，小倉觀察，不主動重倉,PRE 是主升段前卡位，只能小倉。,BLOCK：超出本市場狀態可執行名額
178,PRE,166,2,1339,WATCH,54.0,100.0,WAIT,BLOCK,False,42.35,50以下,0.0,0,不可下單,波動壓縮 | 均線收斂 | 接近突破 | 結構尚可,PRE 佈局型：等待突破確認，小倉觀察，不主動重倉,PRE 是主升段前卡位，只能小倉。,BLOCK：超出本市場狀態可執行名額
179,PRE,167,2,1417,WATCH,54.0,100.0,WAIT,BLOCK,False,8.14,50以下,0.0,0,不可下單,波動壓縮 | 均線收斂 | 接近突破 | 結構尚可,PRE 佈局型：等待突破確認，小倉觀察，不主動重倉,PRE 是主升段前卡位，只能小倉。,BLOCK：超出本市場狀態可執行名額
180,PRE,168,2,1432,WATCH,54.0,100.0,WAIT,BLOCK,False,15.0,50以下,0.0,0,不可下單,波動壓縮 | 均線收斂 | 接近突破 | 結構尚可,PRE 佈局型：等待突破確認，小倉觀察，不主動重倉,PRE 是主升段前卡位，只能小倉。,BLOCK：超出本市場狀態可執行名額
181,PRE,169,2,1434,WATCH,54.0,100.0,WAIT,BLOCK,False,18.15,50以下,0.0,0,不可下單,波動壓縮 | 均線收斂 | 接近突破 | 結構尚可,PRE 佈局型：等待突破確認，小倉觀察，不主動重倉,PRE 是主升段前卡位，只能小倉。,BLOCK：超出本市場狀態可執行名額
182,PRE,170,2,1453,WATCH,54.0,100.0,WAIT,BLOCK,False,10.9,50以下,0.0,0,不可下單,波動壓縮 | 均線收斂 | 接近突破 | 結構尚可,PRE 佈局型：等待突破確認，小倉觀察，不主動重倉,PRE 是主升段前卡位，只能小倉。,BLOCK：超出本市場狀態可執行名額
183,PRE,171,2,1464,WATCH,54.0,100.0,WAIT,BLOCK,False,9.98,50以下,0.0,0,不可下單,波動壓縮 | 均線收斂 | 接近突破 | 結構尚可,PRE 佈局型：等待突破確認，小倉觀察，不主動重倉,PRE 是主升段前卡位，只能小倉。,BLOCK：超出本市場狀態可執行名額
184,PRE,172,2,1468,WATCH,54.0,100.0,WAIT,BLOCK,False,13.5,50以下,0.0,0,不可下單,波動壓縮 | 均線收斂 | 接近突破 | 結構尚可,PRE 佈局型：等待突破確認，小倉觀察，不主動重倉,PRE 是主升段前卡位，只能小倉。,BLOCK：超出本市場狀態可執行名額
185,PRE,173,2,1474,WATCH,54.0,100.0,WAIT,BLOCK,False,10.05,50以下,0.0,0,不可下單,波動壓縮 | 均線收斂 | 接近突破 | 結構尚可,PRE 佈局型：等待突破確認，小倉觀察，不主動重倉,PRE 是主升段前卡位，只能小倉。,BLOCK：超出本市場狀態可執行名額
186,PRE,174,2,1524,WATCH,54.0,100.0,WAIT,BLOCK,False,26.1,50以下,0.0,0,不可下單,波動壓縮 | 均線收斂 | 接近突破 | 結構尚可,PRE 佈局型：等待突破確認，小倉觀察，不主動重倉,PRE 是主升段前卡位，只能小倉。,BLOCK：超出本市場狀態可執行名額
187,PRE,175,2,1532,WATCH,54.0,100.0,WAIT,BLOCK,False,22.3,50以下,0.0,0,不可下單,波動壓縮 | 均線收斂 | 接近突破 | 結構尚可,PRE 佈局型：等待突破確認，小倉觀察，不主動重倉,PRE 是主升段前卡位，只能小倉。,BLOCK：超出本市場狀態可執行名額
188,PRE,176,2,1535,WATCH,54.0,100.0,WAIT,BLOCK,False,45.8,50以下,0.0,0,不可下單,波動壓縮 | 均線收斂 | 接近突破 | 結構尚可,PRE 佈局型：等待突破確認，小倉觀察，不主動重倉,PRE 是主升段前卡位，只能小倉。,BLOCK：超出本市場狀態可執行名額
189,PRE,177,2,1537,WATCH,54.0,100.0,WAIT,BLOCK,False,115.0,100-500,0.0,0,不可下單,波動壓縮 | 均線收斂 | 接近突破 | 結構尚可,PRE 佈局型：等待突破確認，小倉觀察，不主動重倉,PRE 是主升段前卡位，只能小倉。,BLOCK：超出本市場狀態可執行名額
190,PRE,178,2,1539,WATCH,54.0,100.0,WAIT,BLOCK,False,15.45,50以下,0.0,0,不可下單,波動壓縮 | 均線收斂 | 接近突破 | 結構尚可,PRE 佈局型：等待突破確認，小倉觀察，不主動重倉,PRE 是主升段前卡位，只能小倉。,BLOCK：超出本市場狀態可執行名額
191,PRE,179,2,1570,WATCH,54.0,100.0,WAIT,BLOCK,False,33.2,50以下,0.0,0,不可下單,波動壓縮 | 均線收斂 | 接近突破 | 結構尚可,PRE 佈局型：等待突破確認，小倉觀察，不主動重倉,PRE 是主升段前卡位，只能小倉。,BLOCK：超出本市場狀態可執行名額
192,PRE,180,2,1580,WATCH,54.0,100.0,WAIT,BLOCK,False,97.1,50-100,0.0,0,不可下單,波動壓縮 | 均線收斂 | 接近突破 | 結構尚可,PRE 佈局型：等待突破確認，小倉觀察，不主動重倉,PRE 是主升段前卡位，只能小倉。,BLOCK：超出本市場狀態可執行名額
193,PRE,181,2,1583,WATCH,54.0,100.0,WAIT,BLOCK,False,46.8,50以下,0.0,0,不可下單,波動壓縮 | 均線收斂 | 接近突破 | 結構尚可,PRE 佈局型：等待突破確認，小倉觀察，不主動重倉,PRE 是主升段前卡位，只能小倉。,BLOCK：超出本市場狀態可執行名額
194,PRE,182,2,1593,WATCH,54.0,100.0,WAIT,BLOCK,False,31.7,50以下,0.0,0,不可下單,波動壓縮 | 均線收斂 | 接近突破 | 結構尚可,PRE 佈局型：等待突破確認，小倉觀察，不主動重倉,PRE 是主升段前卡位，只能小倉。,BLOCK：超出本市場狀態可執行名額
195,PRE,183,2,1599,WATCH,54.0,100.0,WAIT,BLOCK,False,23.05,50以下,0.0,0,不可下單,波動壓縮 | 均線收斂 | 接近突破 | 結構尚可,PRE 佈局型：等待突破確認，小倉觀察，不主動重倉,PRE 是主升段前卡位，只能小倉。,BLOCK：超出本市場狀態可執行名額
196,PRE,184,2,1608,WATCH,54.0,100.0,WAIT,BLOCK,False,36.25,50以下,0.0,0,不可下單,波動壓縮 | 均線收斂 | 接近突破 | 結構尚可,PRE 佈局型：等待突破確認，小倉觀察，不主動重倉,PRE 是主升段前卡位，只能小倉。,BLOCK：超出本市場狀態可執行名額
197,PRE,185,2,1618,WATCH,54.0,100.0,WAIT,BLOCK,False,38.95,50以下,0.0,0,不可下單,波動壓縮 | 均線收斂 | 接近突破 | 結構尚可,PRE 佈局型：等待突破確認，小倉觀察，不主動重倉,PRE 是主升段前卡位，只能小倉。,BLOCK：超出本市場狀態可執行名額
198,PRE,186,2,1702,WATCH,54.0,100.0,WAIT,BLOCK,False,33.05,50以下,0.0,0,不可下單,波動壓縮 | 均線收斂 | 接近突破 | 結構尚可,PRE 佈局型：等待突破確認，小倉觀察，不主動重倉,PRE 是主升段前卡位，只能小倉。,BLOCK：超出本市場狀態可執行名額
199,PRE,187,2,1742,WATCH,54.0,100.0,WAIT,BLOCK,False,17.6,50以下,0.0,0,不可下單,波動壓縮 | 均線收斂 | 接近突破 | 結構尚可,PRE 佈局型：等待突破確認，小倉觀察，不主動重倉,PRE 是主升段前卡位，只能小倉。,BLOCK：超出本市場狀態可執行名額
200,PRE,188,2,1780,WATCH,54.0,100.0,WAIT,BLOCK,False,25.3,50以下,0.0,0,不可下單,波動壓縮 | 均線收斂 | 接近突破 | 結構尚可,PRE 佈局型：等待突破確認，小倉觀察，不主動重倉,PRE 是主升段前卡位，只能小倉。,BLOCK：超出本市場狀態可執行名額
201,PRE,189,2,1781,WATCH,54.0,100.0,WAIT,BLOCK,False,9.99,50以下,0.0,0,不可下單,波動壓縮 | 均線收斂 | 接近突破 | 結構尚可,PRE 佈局型：等待突破確認，小倉觀察，不主動重倉,PRE 是主升段前卡位，只能小倉。,BLOCK：超出本市場狀態可執行名額
202,PRE,190,2,1784,WATCH,54.0,100.0,WAIT,BLOCK,False,61.2,50-100,0.0,0,不可下單,波動壓縮 | 均線收斂 | 接近突破 | 結構尚可,PRE 佈局型：等待突破確認，小倉觀察，不主動重倉,PRE 是主升段前卡位，只能小倉。,BLOCK：超出本市場狀態可執行名額
203,PRE,191,2,1795,WATCH,54.0,100.0,WAIT,BLOCK,False,179.0,100-500,0.0,0,不可下單,波動壓縮 | 均線收斂 | 接近突破 | 結構尚可,PRE 佈局型：等待突破確認，小倉觀察，不主動重倉,PRE 是主升段前卡位，只能小倉。,BLOCK：超出本市場狀態可執行名額
204,PRE,192,2,1796,WATCH,54.0,100.0,WAIT,BLOCK,False,29.15,50以下,0.0,0,不可下單,波動壓縮 | 均線收斂 | 接近突破 | 結構尚可,PRE 佈局型：等待突破確認，小倉觀察，不主動重倉,PRE 是主升段前卡位，只能小倉。,BLOCK：超出本市場狀態可執行名額
205,PRE,193,2,1799,WATCH,54.0,100.0,WAIT,BLOCK,False,29.0,50以下,0.0,0,不可下單,波動壓縮 | 均線收斂 | 接近突破 | 結構尚可,PRE 佈局型：等待突破確認，小倉觀察，不主動重倉,PRE 是主升段前卡位，只能小倉。,BLOCK：超出本市場狀態可執行名額
206,PRE,194,2,1806,WATCH,54.0,100.0,WAIT,BLOCK,False,8.0,50以下,0.0,0,不可下單,波動壓縮 | 均線收斂 | 接近突破 | 結構尚可,PRE 佈局型：等待突破確認，小倉觀察，不主動重倉,PRE 是主升段前卡位，只能小倉。,BLOCK：超出本市場狀態可執行名額
207,PRE,195,2,1813,WATCH,54.0,100.0,WAIT,BLOCK,False,11.3,50以下,0.0,0,不可下單,波動壓縮 | 均線收斂 | 接近突破 | 結構尚可,PRE 佈局型：等待突破確認，小倉觀察，不主動重倉,PRE 是主升段前卡位，只能小倉。,BLOCK：超出本市場狀態可執行名額
208,PRE,196,2,2009,WATCH,54.0,100.0,WAIT,BLOCK,False,40.0,50以下,0.0,0,不可下單,波動壓縮 | 均線收斂 | 接近突破 | 結構尚可,PRE 佈局型：等待突破確認，小倉觀察，不主動重倉,PRE 是主升段前卡位，只能小倉。,BLOCK：超出本市場狀態可執行名額
209,PRE,197,2,2013,WATCH,54.0,100.0,WAIT,BLOCK,False,41.6,50以下,0.0,0,不可下單,波動壓縮 | 均線收斂 | 接近突破 | 結構尚可,PRE 佈局型：等待突破確認，小倉觀察，不主動重倉,PRE 是主升段前卡位，只能小倉。,BLOCK：超出本市場狀態可執行名額
210,PRE,198,2,2022,WATCH,54.0,100.0,WAIT,BLOCK,False,7.33,50以下,0.0,0,不可下單,波動壓縮 | 均線收斂 | 接近突破 | 結構尚可,PRE 佈局型：等待突破確認，小倉觀察，不主動重倉,PRE 是主升段前卡位，只能小倉。,BLOCK：超出本市場狀態可執行名額
211,PRE,199,2,2023,WATCH,54.0,100.0,WAIT,BLOCK,False,13.75,50以下,0.0,0,不可下單,安靜吸籌 | 均線收斂 | 接近突破 | 結構尚可,PRE 佈局型：等待突破確認，小倉觀察，不主動重倉,PRE 是主升段前卡位，只能小倉。,BLOCK：超出本市場狀態可執行名額
212,PRE,200,2,2024,WATCH,54.0,100.0,WAIT,BLOCK,False,12.9,50以下,0.0,0,不可下單,波動壓縮 | 均線收斂 | 接近突破 | 結構尚可,PRE 佈局型：等待突破確認，小倉觀察，不主動重倉,PRE 是主升段前卡位，只能小倉。,BLOCK：超出本市場狀態可執行名額
213,PRE,201,2,2035,WATCH,54.0,100.0,WAIT,BLOCK,False,26.5,50以下,0.0,0,不可下單,波動壓縮 | 均線收斂 | 接近突破 | 結構尚可,PRE 佈局型：等待突破確認，小倉觀察，不主動重倉,PRE 是主升段前卡位，只能小倉。,BLOCK：超出本市場狀態可執行名額
214,PRE,202,2,2063,WATCH,54.0,100.0,WAIT,BLOCK,False,23.5,50以下,0.0,0,不可下單,波動壓縮 | 均線收斂 | 接近突破 | 結構尚可,PRE 佈局型：等待突破確認，小倉觀察，不主動重倉,PRE 是主升段前卡位，只能小倉。,BLOCK：超出本市場狀態可執行名額
215,PRE,203,2,2065,WATCH,54.0,100.0,WAIT,BLOCK,False,35.55,50以下,0.0,0,不可下單,波動壓縮 | 均線收斂 | 接近突破 | 結構尚可,PRE 佈局型：等待突破確認，小倉觀察，不主動重倉,PRE 是主升段前卡位，只能小倉。,BLOCK：超出本市場狀態可執行名額
216,PRE,204,2,2066,WATCH,54.0,100.0,WAIT,BLOCK,False,52.2,50-100,0.0,0,不可下單,波動壓縮 | 均線收斂 | 接近突破 | 結構尚可,PRE 佈局型：等待突破確認，小倉觀察，不主動重倉,PRE 是主升段前卡位，只能小倉。,BLOCK：超出本市場狀態可執行名額
217,PRE,205,2,2070,WATCH,54.0,100.0,WAIT,BLOCK,False,63.3,50-100,0.0,0,不可下單,波動壓縮 | 均線收斂 | 接近突破 | 結構尚可,PRE 佈局型：等待突破確認，小倉觀察，不主動重倉,PRE 是主升段前卡位，只能小倉。,BLOCK：超出本市場狀態可執行名額
218,PRE,206,2,2073,WATCH,54.0,100.0,WAIT,BLOCK,False,25.2,50以下,0.0,0,不可下單,波動壓縮 | 均線收斂 | 接近突破 | 結構尚可,PRE 佈局型：等待突破確認，小倉觀察，不主動重倉,PRE 是主升段前卡位，只能小倉。,BLOCK：超出本市場狀態可執行名額
219,PRE,207,2,2101,WATCH,54.0,100.0,WAIT,BLOCK,False,29.9,50以下,0.0,0,不可下單,波動壓縮 | 洗盤收回 | 均線收斂 | 結構尚可,PRE 佈局型：等待突破確認，小倉觀察，不主動重倉,PRE 是主升段前卡位，只能小倉。,BLOCK：超出本市場狀態可執行名額
220,PRE,208,2,2107,WATCH,54.0,100.0,WAIT,BLOCK,False,27.0,50以下,0.0,0,不可下單,安靜吸籌 | 均線收斂 | 接近突破 | 結構尚可,PRE 佈局型：等待突破確認，小倉觀察，不主動重倉,PRE 是主升段前卡位，只能小倉。,BLOCK：超出本市場狀態可執行名額
221,PRE,209,2,2114,WATCH,54.0,100.0,WAIT,BLOCK,False,89.9,50-100,0.0,0,不可下單,波動壓縮 | 均線收斂 | 接近突破 | 結構尚可,PRE 佈局型：等待突破確認，小倉觀察，不主動重倉,PRE 是主升段前卡位，只能小倉。,BLOCK：超出本市場狀態可執行名額
222,PRE,210,2,2204,WATCH,54.0,100.0,WAIT,BLOCK,False,52.3,50-100,0.0,0,不可下單,波動壓縮 | 均線收斂 | 接近突破 | 結構尚可,PRE 佈局型：等待突破確認，小倉觀察，不主動重倉,PRE 是主升段前卡位，只能小倉。,BLOCK：超出本市場狀態可執行名額
223,PRE,211,2,2208,WATCH,54.0,100.0,WAIT,BLOCK,False,19.15,50以下,0.0,0,不可下單,波動壓縮 | 均線收斂 | 接近突破 | 結構尚可,PRE 佈局型：等待突破確認，小倉觀察，不主動重倉,PRE 是主升段前卡位，只能小倉。,BLOCK：超出本市場狀態可執行名額
224,PRE,212,2,2230,WATCH,54.0,100.0,WAIT,BLOCK,False,21.8,50以下,0.0,0,不可下單,波動壓縮 | 均線收斂 | 接近突破 | 結構尚可,PRE 佈局型：等待突破確認，小倉觀察，不主動重倉,PRE 是主升段前卡位，只能小倉。,BLOCK：超出本市場狀態可執行名額
225,PRE,213,2,2235,WATCH,54.0,100.0,WAIT,BLOCK,False,28.0,50以下,0.0,0,不可下單,波動壓縮 | 均線收斂 | 接近突破 | 結構尚可,PRE 佈局型：等待突破確認，小倉觀察，不主動重倉,PRE 是主升段前卡位，只能小倉。,BLOCK：超出本市場狀態可執行名額
226,PRE,214,2,2317,WATCH,54.0,100.0,WAIT,BLOCK,False,251.5,100-500,0.0,0,不可下單,波動壓縮 | 均線收斂 | 接近突破 | 結構尚可,PRE 佈局型：等待突破確認，小倉觀察，不主動重倉,PRE 是主升段前卡位，只能小倉。,BLOCK：超出本市場狀態可執行名額
227,PRE,215,2,2328,WATCH,54.0,100.0,WAIT,BLOCK,False,47.55,50以下,0.0,0,不可下單,波動壓縮 | 均線收斂 | 接近突破 | 結構尚可,PRE 佈局型：等待突破確認，小倉觀察，不主動重倉,PRE 是主升段前卡位，只能小倉。,BLOCK：超出本市場狀態可執行名額
228,PRE,216,2,2331,WATCH,54.0,100.0,WAIT,BLOCK,False,19.2,50以下,0.0,0,不可下單,波動壓縮 | 均線收斂 | 接近突破 | 結構尚可,PRE 佈局型：等待突破確認，小倉觀察，不主動重倉,PRE 是主升段前卡位，只能小倉。,BLOCK：超出本市場狀態可執行名額
229,PRE,217,2,2352,WATCH,54.0,100.0,BREAK,BLOCK,False,29.65,50以下,0.0,0,不可下單,波動壓縮 | 均線收斂 | 接近突破 | 結構尚可,突破型：可分批追，但避免開盤急拉直接追,PRE 是主升段前卡位，只能小倉。,BLOCK：同股已由高優先桶接管
230,PRE,218,2,2373,WATCH,54.0,100.0,WAIT,BLOCK,False,52.9,50-100,0.0,0,不可下單,波動壓縮 | 均線收斂 | 接近突破 | 結構尚可,PRE 佈局型：等待突破確認，小倉觀察，不主動重倉,PRE 是主升段前卡位，只能小倉。,BLOCK：超出本市場狀態可執行名額
231,PRE,219,2,2376,WATCH,54.0,100.0,WAIT,BLOCK,False,358.5,100-500,0.0,0,不可下單,波動壓縮 | 均線收斂 | 接近突破 | 結構尚可,PRE 佈局型：等待突破確認，小倉觀察，不主動重倉,PRE 是主升段前卡位，只能小倉。,BLOCK：超出本市場狀態可執行名額
232,PRE,220,2,2382,WATCH,54.0,100.0,WAIT,BLOCK,False,333.5,100-500,0.0,0,不可下單,波動壓縮 | 均線收斂 | 接近突破 | 結構尚可,PRE 佈局型：等待突破確認，小倉觀察，不主動重倉,PRE 是主升段前卡位，只能小倉。,BLOCK：超出本市場狀態可執行名額
233,PRE,221,2,2393,WATCH,54.0,100.0,WAIT,BLOCK,False,64.5,50-100,0.0,0,不可下單,波動壓縮 | 均線收斂 | 接近突破 | 結構尚可,PRE 佈局型：等待突破確認，小倉觀察，不主動重倉,PRE 是主升段前卡位，只能小倉。,BLOCK：超出本市場狀態可執行名額
234,PRE,222,2,2412,WATCH,54.0,100.0,WAIT,BLOCK,False,143.5,100-500,0.0,0,不可下單,波動壓縮 | 均線收斂 | 接近突破 | 結構尚可,PRE 佈局型：等待突破確認，小倉觀察，不主動重倉,PRE 是主升段前卡位，只能小倉。,BLOCK：超出本市場狀態可執行名額
235,PRE,223,2,2420,WATCH,54.0,100.0,WAIT,BLOCK,False,55.0,50-100,0.0,0,不可下單,波動壓縮 | 均線收斂 | 接近突破 | 結構尚可,PRE 佈局型：等待突破確認，小倉觀察，不主動重倉,PRE 是主升段前卡位，只能小倉。,BLOCK：超出本市場狀態可執行名額
236,PRE,224,2,2450,WATCH,54.0,100.0,WAIT,BLOCK,False,28.2,50以下,0.0,0,不可下單,波動壓縮 | 均線收斂 | 接近突破 | 結構尚可,PRE 佈局型：等待突破確認，小倉觀察，不主動重倉,PRE 是主升段前卡位，只能小倉。,BLOCK：超出本市場狀態可執行名額
237,PRE,225,2,2451,WATCH,54.0,100.0,WAIT,BLOCK,False,289.0,100-500,0.0,0,不可下單,波動壓縮 | 均線收斂 | 接近突破 | 結構尚可,PRE 佈局型：等待突破確認，小倉觀察，不主動重倉,PRE 是主升段前卡位，只能小倉。,BLOCK：超出本市場狀態可執行名額
238,PRE,226,2,2461,WATCH,54.0,100.0,WAIT,BLOCK,False,17.85,50以下,0.0,0,不可下單,波動壓縮 | 均線收斂 | 接近突破 | 結構尚可,PRE 佈局型：等待突破確認，小倉觀察，不主動重倉,PRE 是主升段前卡位，只能小倉。,BLOCK：超出本市場狀態可執行名額
239,PRE,227,2,2488,WATCH,54.0,100.0,WAIT,BLOCK,False,48.85,50以下,0.0,0,不可下單,波動壓縮 | 均線收斂 | 接近突破 | 結構尚可,PRE 佈局型：等待突破確認，小倉觀察，不主動重倉,PRE 是主升段前卡位，只能小倉。,BLOCK：超出本市場狀態可執行名額
240,PRE,228,2,2511,WATCH,54.0,100.0,WAIT,BLOCK,False,8.34,50以下,0.0,0,不可下單,波動壓縮 | 均線收斂 | 接近突破 | 結構尚可,PRE 佈局型：等待突破確認，小倉觀察，不主動重倉,PRE 是主升段前卡位，只能小倉。,BLOCK：超出本市場狀態可執行名額
241,PRE,229,2,2534,WATCH,54.0,100.0,WAIT,BLOCK,False,16.95,50以下,0.0,0,不可下單,波動壓縮 | 均線收斂 | 接近突破 | 結構尚可,PRE 佈局型：等待突破確認，小倉觀察，不主動重倉,PRE 是主升段前卡位，只能小倉。,BLOCK：超出本市場狀態可執行名額
242,PRE,230,2,2543,WATCH,54.0,100.0,WAIT,BLOCK,False,38.5,50以下,0.0,0,不可下單,波動壓縮 | 均線收斂 | 接近突破 | 結構尚可,PRE 佈局型：等待突破確認，小倉觀察，不主動重倉,PRE 是主升段前卡位，只能小倉。,BLOCK：超出本市場狀態可執行名額
243,PRE,231,2,2607,WATCH,54.0,100.0,WAIT,BLOCK,False,53.8,50-100,0.0,0,不可下單,波動壓縮 | 均線收斂 | 接近突破 | 結構尚可,PRE 佈局型：等待突破確認，小倉觀察，不主動重倉,PRE 是主升段前卡位，只能小倉。,BLOCK：超出本市場狀態可執行名額
244,PRE,232,2,2610,WATCH,54.0,100.0,WAIT,BLOCK,False,20.45,50以下,0.0,0,不可下單,波動壓縮 | 均線收斂 | 接近突破 | 結構尚可,PRE 佈局型：等待突破確認，小倉觀察，不主動重倉,PRE 是主升段前卡位，只能小倉。,BLOCK：超出本市場狀態可執行名額
245,PRE,233,2,2611,WATCH,54.0,100.0,WAIT,BLOCK,False,14.5,50以下,0.0,0,不可下單,波動壓縮 | 均線收斂 | 接近突破 | 結構尚可,PRE 佈局型：等待突破確認，小倉觀察，不主動重倉,PRE 是主升段前卡位，只能小倉。,BLOCK：超出本市場狀態可執行名額
246,PRE,234,2,2633,WATCH,54.0,100.0,WAIT,BLOCK,False,25.65,50以下,0.0,0,不可下單,波動壓縮 | 均線收斂 | 接近突破 | 結構尚可,PRE 佈局型：等待突破確認，小倉觀察，不主動重倉,PRE 是主升段前卡位，只能小倉。,BLOCK：超出本市場狀態可執行名額
247,PRE,235,2,2636,WATCH,54.0,100.0,WAIT,BLOCK,False,71.7,50-100,0.0,0,不可下單,波動壓縮 | 均線收斂 | 接近突破 | 結構尚可,PRE 佈局型：等待突破確認，小倉觀察，不主動重倉,PRE 是主升段前卡位，只能小倉。,BLOCK：超出本市場狀態可執行名額
248,PRE,236,2,2641,WATCH,54.0,100.0,WAIT,BLOCK,False,17.5,50以下,0.0,0,不可下單,波動壓縮 | 均線收斂 | 接近突破 | 結構尚可,PRE 佈局型：等待突破確認，小倉觀察，不主動重倉,PRE 是主升段前卡位，只能小倉。,BLOCK：超出本市場狀態可執行名額
249,PRE,237,2,2642,WATCH,54.0,100.0,WAIT,BLOCK,False,20.4,50以下,0.0,0,不可下單,波動壓縮 | 均線收斂 | 接近突破 | 結構尚可,PRE 佈局型：等待突破確認，小倉觀察，不主動重倉,PRE 是主升段前卡位，只能小倉。,BLOCK：超出本市場狀態可執行名額
250,PRE,238,2,2643,WATCH,54.0,100.0,WAIT,BLOCK,False,62.6,50-100,0.0,0,不可下單,波動壓縮 | 均線收斂 | 接近突破 | 結構尚可,PRE 佈局型：等待突破確認，小倉觀察，不主動重倉,PRE 是主升段前卡位，只能小倉。,BLOCK：超出本市場狀態可執行名額
251,PRE,239,2,2707,WATCH,54.0,100.0,WAIT,BLOCK,False,175.5,100-500,0.0,0,不可下單,波動壓縮 | 均線收斂 | 接近突破 | 結構尚可,PRE 佈局型：等待突破確認，小倉觀察，不主動重倉,PRE 是主升段前卡位，只能小倉。,BLOCK：超出本市場狀態可執行名額
252,PRE,240,2,2718,WATCH,54.0,100.0,WAIT,BLOCK,False,40.45,50以下,0.0,0,不可下單,波動壓縮 | 均線收斂 | 接近突破 | 結構尚可,PRE 佈局型：等待突破確認，小倉觀察，不主動重倉,PRE 是主升段前卡位，只能小倉。,BLOCK：超出本市場狀態可執行名額
253,PRE,241,2,2722,WATCH,54.0,100.0,WAIT,BLOCK,False,21.4,50以下,0.0,0,不可下單,波動壓縮 | 均線收斂 | 接近突破 | 結構尚可,PRE 佈局型：等待突破確認，小倉觀察，不主動重倉,PRE 是主升段前卡位，只能小倉。,BLOCK：超出本市場狀態可執行名額
254,PRE,242,2,2726,WATCH,54.0,100.0,WAIT,BLOCK,False,8.0,50以下,0.0,0,不可下單,波動壓縮 | 均線收斂 | 接近突破 | 結構尚可,PRE 佈局型：等待突破確認，小倉觀察，不主動重倉,PRE 是主升段前卡位，只能小倉。,BLOCK：超出本市場狀態可執行名額
255,PRE,243,2,2729,WATCH,54.0,100.0,WAIT,BLOCK,False,156.0,100-500,0.0,0,不可下單,波動壓縮 | 均線收斂 | 接近突破 | 結構尚可,PRE 佈局型：等待突破確認，小倉觀察，不主動重倉,PRE 是主升段前卡位，只能小倉。,BLOCK：超出本市場狀態可執行名額
256,PRE,244,2,2732,WATCH,54.0,100.0,WAIT,BLOCK,False,63.1,50-100,0.0,0,不可下單,波動壓縮 | 均線收斂 | 接近突破 | 結構尚可,PRE 佈局型：等待突破確認，小倉觀察，不主動重倉,PRE 是主升段前卡位，只能小倉。,BLOCK：超出本市場狀態可執行名額
257,PRE,245,2,2734,WATCH,54.0,100.0,WAIT,BLOCK,False,14.45,50以下,0.0,0,不可下單,波動壓縮 | 均線收斂 | 接近突破 | 結構尚可,PRE 佈局型：等待突破確認，小倉觀察，不主動重倉,PRE 是主升段前卡位，只能小倉。,BLOCK：超出本市場狀態可執行名額
258,PRE,246,2,2736,WATCH,54.0,100.0,WAIT,BLOCK,False,11.35,50以下,0.0,0,不可下單,波動壓縮 | 均線收斂 | 接近突破 | 結構尚可,PRE 佈局型：等待突破確認，小倉觀察，不主動重倉,PRE 是主升段前卡位，只能小倉。,BLOCK：超出本市場狀態可執行名額
259,PRE,247,2,2748,WATCH,54.0,100.0,WAIT,BLOCK,False,38.8,50以下,0.0,0,不可下單,波動壓縮 | 均線收斂 | 接近突破 | 結構尚可,PRE 佈局型：等待突破確認，小倉觀察，不主動重倉,PRE 是主升段前卡位，只能小倉。,BLOCK：超出本市場狀態可執行名額
260,PRE,248,2,2755,WATCH,54.0,100.0,WAIT,BLOCK,False,98.9,50-100,0.0,0,不可下單,波動壓縮 | 均線收斂 | 接近突破 | 結構尚可,PRE 佈局型：等待突破確認，小倉觀察，不主動重倉,PRE 是主升段前卡位，只能小倉。,BLOCK：超出本市場狀態可執行名額
261,PRE,249,2,2812,WATCH,54.0,100.0,WAIT,BLOCK,False,18.85,50以下,0.0,0,不可下單,波動壓縮 | 均線收斂 | 接近突破 | 結構尚可,PRE 佈局型：等待突破確認，小倉觀察，不主動重倉,PRE 是主升段前卡位，只能小倉。,BLOCK：超出本市場狀態可執行名額
262,PRE,250,2,2838,WATCH,54.0,100.0,WAIT,BLOCK,False,20.6,50以下,0.0,0,不可下單,波動壓縮 | 均線收斂 | 接近突破 | 結構尚可,PRE 佈局型：等待突破確認，小倉觀察，不主動重倉,PRE 是主升段前卡位，只能小倉。,BLOCK：超出本市場狀態可執行名額
263,PRE,251,2,2882,WATCH,54.0,100.0,WAIT,BLOCK,False,111.0,100-500,0.0,0,不可下單,波動壓縮 | 均線收斂 | 接近突破 | 結構尚可,PRE 佈局型：等待突破確認，小倉觀察，不主動重倉,PRE 是主升段前卡位，只能小倉。,BLOCK：超出本市場狀態可執行名額
264,PRE,252,2,2885,WATCH,54.0,100.0,WAIT,BLOCK,False,68.5,50-100,0.0,0,不可下單,波動壓縮 | 均線收斂 | 接近突破 | 結構尚可,PRE 佈局型：等待突破確認，小倉觀察，不主動重倉,PRE 是主升段前卡位，只能小倉。,BLOCK：超出本市場狀態可執行名額
265,PRE,253,2,2912,WATCH,54.0,100.0,WAIT,BLOCK,False,212.5,100-500,0.0,0,不可下單,波動壓縮 | 均線收斂 | 接近突破 | 結構尚可,PRE 佈局型：等待突破確認，小倉觀察，不主動重倉,PRE 是主升段前卡位，只能小倉。,BLOCK：超出本市場狀態可執行名額
266,PRE,254,2,2913,WATCH,54.0,100.0,WAIT,BLOCK,False,11.15,50以下,0.0,0,不可下單,波動壓縮 | 均線收斂 | 接近突破 | 結構尚可,PRE 佈局型：等待突破確認，小倉觀察，不主動重倉,PRE 是主升段前卡位，只能小倉。,BLOCK：超出本市場狀態可執行名額
267,PRE,255,2,2915,WATCH,54.0,100.0,WAIT,BLOCK,False,58.8,50-100,0.0,0,不可下單,波動壓縮 | 均線收斂 | 接近突破 | 結構尚可,PRE 佈局型：等待突破確認，小倉觀察，不主動重倉,PRE 是主升段前卡位，只能小倉。,BLOCK：超出本市場狀態可執行名額
268,PRE,256,2,2926,WATCH,54.0,100.0,WAIT,BLOCK,False,30.2,50以下,0.0,0,不可下單,波動壓縮 | 均線收斂 | 接近突破 | 結構尚可,PRE 佈局型：等待突破確認，小倉觀察，不主動重倉,PRE 是主升段前卡位，只能小倉。,BLOCK：超出本市場狀態可執行名額
269,PRE,257,2,2947,WATCH,54.0,100.0,WAIT,BLOCK,False,60.5,50-100,0.0,0,不可下單,波動壓縮 | 均線收斂 | 接近突破 | 結構尚可,PRE 佈局型：等待突破確認，小倉觀察，不主動重倉,PRE 是主升段前卡位，只能小倉。,BLOCK：超出本市場狀態可執行名額
270,PRE,258,2,2948,WATCH,54.0,100.0,WAIT,BLOCK,False,37.4,50以下,0.0,0,不可下單,波動壓縮 | 均線收斂 | 接近突破 | 結構尚可,PRE 佈局型：等待突破確認，小倉觀察，不主動重倉,PRE 是主升段前卡位，只能小倉。,BLOCK：超出本市場狀態可執行名額
271,PRE,259,2,3010,WATCH,54.0,100.0,WAIT,BLOCK,False,125.5,100-500,0.0,0,不可下單,波動壓縮 | 均線收斂 | 接近突破 | 結構尚可,PRE 佈局型：等待突破確認，小倉觀察，不主動重倉,PRE 是主升段前卡位，只能小倉。,BLOCK：超出本市場狀態可執行名額
272,PRE,260,2,3043,WATCH,54.0,100.0,WAIT,BLOCK,False,20.35,50以下,0.0,0,不可下單,波動壓縮 | 均線收斂 | 接近突破 | 結構尚可,PRE 佈局型：等待突破確認，小倉觀察，不主動重倉,PRE 是主升段前卡位，只能小倉。,BLOCK：超出本市場狀態可執行名額
273,PRE,261,2,3078,WATCH,54.0,100.0,WAIT,BLOCK,False,46.15,50以下,0.0,0,不可下單,波動壓縮 | 均線收斂 | 接近突破 | 結構尚可,PRE 佈局型：等待突破確認，小倉觀察，不主動重倉,PRE 是主升段前卡位，只能小倉。,BLOCK：超出本市場狀態可執行名額
274,PRE,262,2,3083,WATCH,54.0,100.0,WAIT,BLOCK,False,22.6,50以下,0.0,0,不可下單,波動壓縮 | 均線收斂 | 接近突破 | 結構尚可,PRE 佈局型：等待突破確認，小倉觀察，不主動重倉,PRE 是主升段前卡位，只能小倉。,BLOCK：超出本市場狀態可執行名額
275,PRE,263,2,3093,WATCH,54.0,100.0,WAIT,BLOCK,False,44.7,50以下,0.0,0,不可下單,波動壓縮 | 均線收斂 | 接近突破 | 結構尚可,PRE 佈局型：等待突破確認，小倉觀察，不主動重倉,PRE 是主升段前卡位，只能小倉。,BLOCK：超出本市場狀態可執行名額
276,PRE,264,2,3118,WATCH,54.0,100.0,WAIT,BLOCK,False,31.3,50以下,0.0,0,不可下單,波動壓縮 | 均線收斂 | 接近突破 | 結構尚可,PRE 佈局型：等待突破確認，小倉觀察，不主動重倉,PRE 是主升段前卡位，只能小倉。,BLOCK：超出本市場狀態可執行名額
277,PRE,265,2,3128,WATCH,54.0,100.0,WAIT,BLOCK,False,20.35,50以下,0.0,0,不可下單,波動壓縮 | 均線收斂 | 接近突破 | 結構尚可,PRE 佈局型：等待突破確認，小倉觀察，不主動重倉,PRE 是主升段前卡位，只能小倉。,BLOCK：超出本市場狀態可執行名額
278,PRE,266,2,3168,WATCH,54.0,100.0,WAIT,BLOCK,False,42.8,50以下,0.0,0,不可下單,波動壓縮 | 均線收斂 | 接近突破 | 結構尚可,PRE 佈局型：等待突破確認，小倉觀察，不主動重倉,PRE 是主升段前卡位，只能小倉。,BLOCK：超出本市場狀態可執行名額
279,PRE,267,2,3191,WATCH,54.0,100.0,WAIT,BLOCK,False,16.75,50以下,0.0,0,不可下單,波動壓縮 | 均線收斂 | 接近突破 | 結構尚可,PRE 佈局型：等待突破確認，小倉觀察，不主動重倉,PRE 是主升段前卡位，只能小倉。,BLOCK：超出本市場狀態可執行名額
280,PRE,268,2,3205,WATCH,54.0,100.0,WAIT,BLOCK,False,46.8,50以下,0.0,0,不可下單,波動壓縮 | 均線收斂 | 接近突破 | 結構尚可,PRE 佈局型：等待突破確認，小倉觀察，不主動重倉,PRE 是主升段前卡位，只能小倉。,BLOCK：超出本市場狀態可執行名額
281,PRE,269,2,3206,WATCH,54.0,100.0,WAIT,BLOCK,False,34.95,50以下,0.0,0,不可下單,波動壓縮 | 均線收斂 | 接近突破 | 結構尚可,PRE 佈局型：等待突破確認，小倉觀察，不主動重倉,PRE 是主升段前卡位，只能小倉。,BLOCK：超出本市場狀態可執行名額
282,PRE,270,2,3207,WATCH,54.0,100.0,WAIT,BLOCK,False,38.8,50以下,0.0,0,不可下單,波動壓縮 | 均線收斂 | 接近突破 | 結構尚可,PRE 佈局型：等待突破確認，小倉觀察，不主動重倉,PRE 是主升段前卡位，只能小倉。,BLOCK：超出本市場狀態可執行名額
283,PRE,271,2,3213,WATCH,54.0,100.0,WAIT,BLOCK,False,124.5,100-500,0.0,0,不可下單,波動壓縮 | 均線收斂 | 接近突破 | 結構尚可,PRE 佈局型：等待突破確認，小倉觀察，不主動重倉,PRE 是主升段前卡位，只能小倉。,BLOCK：超出本市場狀態可執行名額
284,PRE,272,2,3217,WATCH,54.0,100.0,WAIT,BLOCK,False,130.0,100-500,0.0,0,不可下單,波動壓縮 | 均線收斂 | 接近突破 | 結構尚可,PRE 佈局型：等待突破確認，小倉觀察，不主動重倉,PRE 是主升段前卡位，只能小倉。,BLOCK：超出本市場狀態可執行名額
285,PRE,273,2,3227,WATCH,54.0,100.0,WAIT,BLOCK,False,185.0,100-500,0.0,0,不可下單,波動壓縮 | 均線收斂 | 接近突破 | 結構尚可,PRE 佈局型：等待突破確認，小倉觀察，不主動重倉,PRE 是主升段前卡位，只能小倉。,BLOCK：超出本市場狀態可執行名額
286,PRE,274,2,3230,WATCH,54.0,100.0,WAIT,BLOCK,False,41.4,50以下,0.0,0,不可下單,波動壓縮 | 均線收斂 | 接近突破 | 結構尚可,PRE 佈局型：等待突破確認，小倉觀察，不主動重倉,PRE 是主升段前卡位，只能小倉。,BLOCK：超出本市場狀態可執行名額
287,PRE,275,2,3252,WATCH,54.0,100.0,WAIT,BLOCK,False,15.3,50以下,0.0,0,不可下單,波動壓縮 | 均線收斂 | 接近突破 | 結構尚可,PRE 佈局型：等待突破確認，小倉觀察，不主動重倉,PRE 是主升段前卡位，只能小倉。,BLOCK：超出本市場狀態可執行名額
288,PRE,276,2,3276,WATCH,54.0,100.0,WAIT,BLOCK,False,14.05,50以下,0.0,0,不可下單,波動壓縮 | 均線收斂 | 接近突破 | 結構尚可,PRE 佈局型：等待突破確認，小倉觀察，不主動重倉,PRE 是主升段前卡位，只能小倉。,BLOCK：超出本市場狀態可執行名額
289,PRE,277,2,3284,WATCH,54.0,100.0,WAIT,BLOCK,False,19.9,50以下,0.0,0,不可下單,波動壓縮 | 均線收斂 | 接近突破 | 結構尚可,PRE 佈局型：等待突破確認，小倉觀察，不主動重倉,PRE 是主升段前卡位，只能小倉。,BLOCK：超出本市場狀態可執行名額
290,PRE,278,2,3285,WATCH,54.0,100.0,WAIT,BLOCK,False,41.5,50以下,0.0,0,不可下單,波動壓縮 | 均線收斂 | 接近突破 | 結構尚可,PRE 佈局型：等待突破確認，小倉觀察，不主動重倉,PRE 是主升段前卡位，只能小倉。,BLOCK：超出本市場狀態可執行名額
291,PRE,279,2,3289,WATCH,54.0,100.0,WAIT,BLOCK,False,139.5,100-500,0.0,0,不可下單,波動壓縮 | 均線收斂 | 接近突破 | 結構尚可,PRE 佈局型：等待突破確認，小倉觀察，不主動重倉,PRE 是主升段前卡位，只能小倉。,BLOCK：超出本市場狀態可執行名額
292,PRE,280,2,3303,WATCH,54.0,100.0,WAIT,BLOCK,False,48.65,50以下,0.0,0,不可下單,波動壓縮 | 均線收斂 | 接近突破 | 結構尚可,PRE 佈局型：等待突破確認，小倉觀察，不主動重倉,PRE 是主升段前卡位，只能小倉。,BLOCK：超出本市場狀態可執行名額
293,PRE,281,2,3310,WATCH,54.0,100.0,WAIT,BLOCK,False,68.8,50-100,0.0,0,不可下單,波動壓縮 | 均線收斂 | 接近突破 | 結構尚可,PRE 佈局型：等待突破確認，小倉觀察，不主動重倉,PRE 是主升段前卡位，只能小倉。,BLOCK：超出本市場狀態可執行名額
294,PRE,282,2,3322,WATCH,54.0,100.0,WAIT,BLOCK,False,11.3,50以下,0.0,0,不可下單,波動壓縮 | 均線收斂 | 接近突破 | 結構尚可,PRE 佈局型：等待突破確認，小倉觀察，不主動重倉,PRE 是主升段前卡位，只能小倉。,BLOCK：超出本市場狀態可執行名額
295,PRE,283,2,3338,WATCH,54.0,100.0,WAIT,BLOCK,False,68.0,50-100,0.0,0,不可下單,波動壓縮 | 均線收斂 | 接近突破 | 結構尚可,PRE 佈局型：等待突破確認，小倉觀察，不主動重倉,PRE 是主升段前卡位，只能小倉。,BLOCK：超出本市場狀態可執行名額
296,PRE,284,2,3360,WATCH,54.0,100.0,WAIT,BLOCK,False,15.35,50以下,0.0,0,不可下單,波動壓縮 | 均線收斂 | 接近突破 | 結構尚可,PRE 佈局型：等待突破確認，小倉觀察，不主動重倉,PRE 是主升段前卡位，只能小倉。,BLOCK：超出本市場狀態可執行名額
297,PRE,285,2,3373,WATCH,54.0,100.0,WAIT,BLOCK,False,16.0,50以下,0.0,0,不可下單,波動壓縮 | 均線收斂 | 接近突破 | 結構尚可,PRE 佈局型：等待突破確認，小倉觀察，不主動重倉,PRE 是主升段前卡位，只能小倉。,BLOCK：超出本市場狀態可執行名額
298,PRE,286,2,3379,WATCH,54.0,100.0,WAIT,BLOCK,False,27.7,50以下,0.0,0,不可下單,波動壓縮 | 均線收斂 | 接近突破 | 結構尚可,PRE 佈局型：等待突破確認，小倉觀察，不主動重倉,PRE 是主升段前卡位，只能小倉。,BLOCK：超出本市場狀態可執行名額
299,PRE,287,2,3390,WATCH,54.0,100.0,WAIT,BLOCK,False,22.6,50以下,0.0,0,不可下單,波動壓縮 | 均線收斂 | 接近突破 | 結構尚可,PRE 佈局型：等待突破確認，小倉觀察，不主動重倉,PRE 是主升段前卡位，只能小倉。,BLOCK：超出本市場狀態可執行名額
300,PRE,288,2,3413,WATCH,54.0,100.0,WAIT,BLOCK,False,291.0,100-500,0.0,0,不可下單,波動壓縮 | 均線收斂 | 接近突破 | 結構尚可,PRE 佈局型：等待突破確認，小倉觀察，不主動重倉,PRE 是主升段前卡位，只能小倉。,BLOCK：超出本市場狀態可執行名額
301,PRE,289,2,3438,WATCH,54.0,100.0,WAIT,BLOCK,False,61.9,50-100,0.0,0,不可下單,波動壓縮 | 均線收斂 | 接近突破 | 結構尚可,PRE 佈局型：等待突破確認，小倉觀察，不主動重倉,PRE 是主升段前卡位，只能小倉。,BLOCK：超出本市場狀態可執行名額
302,PRE,290,2,3444,WATCH,54.0,100.0,WAIT,BLOCK,False,81.3,50-100,0.0,0,不可下單,波動壓縮 | 均線收斂 | 接近突破 | 結構尚可,PRE 佈局型：等待突破確認，小倉觀察，不主動重倉,PRE 是主升段前卡位，只能小倉。,BLOCK：超出本市場狀態可執行名額
303,PRE,291,2,3465,WATCH,54.0,100.0,WAIT,BLOCK,False,29.7,50以下,0.0,0,不可下單,波動壓縮 | 均線收斂 | 接近突破 | 結構尚可,PRE 佈局型：等待突破確認，小倉觀察，不主動重倉,PRE 是主升段前卡位，只能小倉。,BLOCK：超出本市場狀態可執行名額
304,PRE,292,2,3466,WATCH,54.0,100.0,WAIT,BLOCK,False,23.9,50以下,0.0,0,不可下單,波動壓縮 | 均線收斂 | 接近突破 | 結構尚可,PRE 佈局型：等待突破確認，小倉觀察，不主動重倉,PRE 是主升段前卡位，只能小倉。,BLOCK：超出本市場狀態可執行名額
305,PRE,293,2,3483,WATCH,54.0,100.0,WAIT,BLOCK,False,79.1,50-100,0.0,0,不可下單,波動壓縮 | 均線收斂 | 接近突破 | 結構尚可,PRE 佈局型：等待突破確認，小倉觀察，不主動重倉,PRE 是主升段前卡位，只能小倉。,BLOCK：超出本市場狀態可執行名額
306,PRE,294,2,3484,WATCH,54.0,100.0,WAIT,BLOCK,False,46.55,50以下,0.0,0,不可下單,波動壓縮 | 均線收斂 | 接近突破 | 結構尚可,PRE 佈局型：等待突破確認，小倉觀察，不主動重倉,PRE 是主升段前卡位，只能小倉。,BLOCK：超出本市場狀態可執行名額
307,PRE,295,2,3492,WATCH,54.0,100.0,WAIT,BLOCK,False,19.15,50以下,0.0,0,不可下單,波動壓縮 | 均線收斂 | 接近突破 | 結構尚可,PRE 佈局型：等待突破確認，小倉觀察，不主動重倉,PRE 是主升段前卡位，只能小倉。,BLOCK：超出本市場狀態可執行名額
308,PRE,296,2,3511,WATCH,54.0,100.0,WAIT,BLOCK,False,19.75,50以下,0.0,0,不可下單,波動壓縮 | 均線收斂 | 接近突破 | 結構尚可,PRE 佈局型：等待突破確認，小倉觀察，不主動重倉,PRE 是主升段前卡位，只能小倉。,BLOCK：超出本市場狀態可執行名額
309,PRE,297,2,3512,WATCH,54.0,100.0,WAIT,BLOCK,False,19.2,50以下,0.0,0,不可下單,波動壓縮 | 均線收斂 | 接近突破 | 結構尚可,PRE 佈局型：等待突破確認，小倉觀察，不主動重倉,PRE 是主升段前卡位，只能小倉。,BLOCK：超出本市場狀態可執行名額
310,PRE,298,2,3520,WATCH,54.0,100.0,WAIT,BLOCK,False,17.35,50以下,0.0,0,不可下單,波動壓縮 | 均線收斂 | 接近突破 | 結構尚可,PRE 佈局型：等待突破確認，小倉觀察，不主動重倉,PRE 是主升段前卡位，只能小倉。,BLOCK：超出本市場狀態可執行名額
311,PRE,299,2,3521,WATCH,54.0,100.0,WAIT,BLOCK,False,11.85,50以下,0.0,0,不可下單,波動壓縮 | 均線收斂 | 接近突破 | 結構尚可,PRE 佈局型：等待突破確認，小倉觀察，不主動重倉,PRE 是主升段前卡位，只能小倉。,BLOCK：超出本市場狀態可執行名額
312,PRE,300,2,3526,WATCH,54.0,100.0,WAIT,BLOCK,False,272.0,100-500,0.0,0,不可下單,波動壓縮 | 均線收斂 | 接近突破 | 結構尚可,PRE 佈局型：等待突破確認，小倉觀察，不主動重倉,PRE 是主升段前卡位，只能小倉。,BLOCK：超出本市場狀態可執行名額
313,PRE,301,2,3531,WATCH,54.0,100.0,WAIT,BLOCK,False,20.9,50以下,0.0,0,不可下單,波動壓縮 | 均線收斂 | 接近突破 | 結構尚可,PRE 佈局型：等待突破確認，小倉觀察，不主動重倉,PRE 是主升段前卡位，只能小倉。,BLOCK：超出本市場狀態可執行名額
314,PRE,302,2,3540,WATCH,54.0,100.0,WAIT,BLOCK,False,23.05,50以下,0.0,0,不可下單,波動壓縮 | 均線收斂 | 接近突破 | 結構尚可,PRE 佈局型：等待突破確認，小倉觀察，不主動重倉,PRE 是主升段前卡位，只能小倉。,BLOCK：超出本市場狀態可執行名額
315,PRE,303,2,3546,WATCH,54.0,100.0,WAIT,BLOCK,False,72.6,50-100,0.0,0,不可下單,波動壓縮 | 均線收斂 | 接近突破 | 結構尚可,PRE 佈局型：等待突破確認，小倉觀察，不主動重倉,PRE 是主升段前卡位，只能小倉。,BLOCK：超出本市場狀態可執行名額
316,PRE,304,2,3556,WATCH,54.0,100.0,WAIT,BLOCK,False,58.1,50-100,0.0,0,不可下單,波動壓縮 | 均線收斂 | 接近突破 | 結構尚可,PRE 佈局型：等待突破確認，小倉觀察，不主動重倉,PRE 是主升段前卡位，只能小倉。,BLOCK：超出本市場狀態可執行名額
317,PRE,305,2,3558,WATCH,54.0,100.0,WAIT,BLOCK,False,125.0,100-500,0.0,0,不可下單,波動壓縮 | 均線收斂 | 接近突破 | 結構尚可,PRE 佈局型：等待突破確認，小倉觀察，不主動重倉,PRE 是主升段前卡位，只能小倉。,BLOCK：超出本市場狀態可執行名額
318,PRE,306,2,3564,WATCH,54.0,100.0,WAIT,BLOCK,False,50.6,50-100,0.0,0,不可下單,波動壓縮 | 均線收斂 | 接近突破 | 結構尚可,PRE 佈局型：等待突破確認，小倉觀察，不主動重倉,PRE 是主升段前卡位，只能小倉。,BLOCK：超出本市場狀態可執行名額
319,PRE,307,2,3567,WATCH,54.0,100.0,WAIT,BLOCK,False,26.2,50以下,0.0,0,不可下單,波動壓縮 | 均線收斂 | 接近突破 | 結構尚可,PRE 佈局型：等待突破確認，小倉觀察，不主動重倉,PRE 是主升段前卡位，只能小倉。,BLOCK：超出本市場狀態可執行名額
320,PRE,308,2,3570,WATCH,54.0,100.0,WAIT,BLOCK,False,167.0,100-500,0.0,0,不可下單,波動壓縮 | 均線收斂 | 接近突破 | 結構尚可,PRE 佈局型：等待突破確認，小倉觀察，不主動重倉,PRE 是主升段前卡位，只能小倉。,BLOCK：超出本市場狀態可執行名額
321,PRE,309,2,3594,WATCH,54.0,100.0,WAIT,BLOCK,False,47.9,50以下,0.0,0,不可下單,波動壓縮 | 均線收斂 | 接近突破 | 結構尚可,PRE 佈局型：等待突破確認，小倉觀察，不主動重倉,PRE 是主升段前卡位，只能小倉。,BLOCK：超出本市場狀態可執行名額
322,PRE,310,2,3611,WATCH,54.0,100.0,WAIT,BLOCK,False,183.0,100-500,0.0,0,不可下單,波動壓縮 | 均線收斂 | 接近突破 | 結構尚可,PRE 佈局型：等待突破確認，小倉觀察，不主動重倉,PRE 是主升段前卡位，只能小倉。,BLOCK：超出本市場狀態可執行名額
323,PRE,311,2,3631,WATCH,54.0,100.0,WAIT,BLOCK,False,40.5,50以下,0.0,0,不可下單,波動壓縮 | 均線收斂 | 接近突破 | 結構尚可,PRE 佈局型：等待突破確認，小倉觀察，不主動重倉,PRE 是主升段前卡位，只能小倉。,BLOCK：超出本市場狀態可執行名額
324,PRE,312,2,3632,WATCH,54.0,100.0,WAIT,BLOCK,False,7.15,50以下,0.0,0,不可下單,波動壓縮 | 均線收斂 | 接近突破 | 結構尚可,PRE 佈局型：等待突破確認，小倉觀察，不主動重倉,PRE 是主升段前卡位，只能小倉。,BLOCK：超出本市場狀態可執行名額
325,PRE,313,2,3646,WATCH,54.0,100.0,WAIT,BLOCK,False,24.95,50以下,0.0,0,不可下單,波動壓縮 | 均線收斂 | 接近突破 | 結構尚可,PRE 佈局型：等待突破確認，小倉觀察，不主動重倉,PRE 是主升段前卡位，只能小倉。,BLOCK：超出本市場狀態可執行名額
326,PRE,314,2,3666,WATCH,54.0,100.0,WAIT,BLOCK,False,25.3,50以下,0.0,0,不可下單,波動壓縮 | 均線收斂 | 接近突破 | 結構尚可,PRE 佈局型：等待突破確認，小倉觀察，不主動重倉,PRE 是主升段前卡位，只能小倉。,BLOCK：超出本市場狀態可執行名額
327,PRE,315,2,3679,WATCH,54.0,100.0,WAIT,BLOCK,False,108.0,100-500,0.0,0,不可下單,波動壓縮 | 均線收斂 | 接近突破 | 結構尚可,PRE 佈局型：等待突破確認，小倉觀察，不主動重倉,PRE 是主升段前卡位，只能小倉。,BLOCK：超出本市場狀態可執行名額
328,PRE,316,2,3687,WATCH,54.0,100.0,WAIT,BLOCK,False,60.3,50-100,0.0,0,不可下單,波動壓縮 | 均線收斂 | 接近突破 | 結構尚可,PRE 佈局型：等待突破確認，小倉觀察，不主動重倉,PRE 是主升段前卡位，只能小倉。,BLOCK：超出本市場狀態可執行名額
329,PRE,317,2,3689,WATCH,54.0,100.0,WAIT,BLOCK,False,110.5,100-500,0.0,0,不可下單,波動壓縮 | 均線收斂 | 接近突破 | 結構尚可,PRE 佈局型：等待突破確認，小倉觀察，不主動重倉,PRE 是主升段前卡位，只能小倉。,BLOCK：超出本市場狀態可執行名額
330,PRE,318,2,3709,WATCH,54.0,100.0,WAIT,BLOCK,False,65.2,50-100,0.0,0,不可下單,波動壓縮 | 均線收斂 | 接近突破 | 結構尚可,PRE 佈局型：等待突破確認，小倉觀察，不主動重倉,PRE 是主升段前卡位，只能小倉。,BLOCK：超出本市場狀態可執行名額
331,PRE,319,2,3712,WATCH,54.0,100.0,WAIT,BLOCK,False,20.65,50以下,0.0,0,不可下單,波動壓縮 | 洗盤收回 | 均線收斂 | 結構尚可,PRE 佈局型：等待突破確認，小倉觀察，不主動重倉,PRE 是主升段前卡位，只能小倉。,BLOCK：超出本市場狀態可執行名額
332,PRE,320,2,3713,WATCH,54.0,100.0,WAIT,BLOCK,False,13.9,50以下,0.0,0,不可下單,波動壓縮 | 均線收斂 | 接近突破 | 結構尚可,PRE 佈局型：等待突破確認，小倉觀察，不主動重倉,PRE 是主升段前卡位，只能小倉。,BLOCK：超出本市場狀態可執行名額
333,PRE,321,2,4102,WATCH,54.0,100.0,WAIT,BLOCK,False,18.45,50以下,0.0,0,不可下單,波動壓縮 | 均線收斂 | 接近突破 | 結構尚可,PRE 佈局型：等待突破確認，小倉觀察，不主動重倉,PRE 是主升段前卡位，只能小倉。,BLOCK：超出本市場狀態可執行名額
334,PRE,322,2,4106,WATCH,54.0,100.0,WAIT,BLOCK,False,24.35,50以下,0.0,0,不可下單,波動壓縮 | 均線收斂 | 接近突破 | 結構尚可,PRE 佈局型：等待突破確認，小倉觀察，不主動重倉,PRE 是主升段前卡位，只能小倉。,BLOCK：超出本市場狀態可執行名額
335,PRE,323,2,4107,WATCH,54.0,100.0,WAIT,BLOCK,False,110.5,100-500,0.0,0,不可下單,波動壓縮 | 均線收斂 | 接近突破 | 結構尚可,PRE 佈局型：等待突破確認，小倉觀察，不主動重倉,PRE 是主升段前卡位，只能小倉。,BLOCK：超出本市場狀態可執行名額
336,PRE,324,2,4108,WATCH,54.0,100.0,WAIT,BLOCK,False,11.5,50以下,0.0,0,不可下單,波動壓縮 | 均線收斂 | 接近突破 | 結構尚可,PRE 佈局型：等待突破確認，小倉觀察，不主動重倉,PRE 是主升段前卡位，只能小倉。,BLOCK：超出本市場狀態可執行名額
337,PRE,325,2,4111,WATCH,54.0,100.0,WAIT,BLOCK,False,28.9,50以下,0.0,0,不可下單,波動壓縮 | 均線收斂 | 接近突破 | 結構尚可,PRE 佈局型：等待突破確認，小倉觀察，不主動重倉,PRE 是主升段前卡位，只能小倉。,BLOCK：超出本市場狀態可執行名額
338,PRE,326,2,4114,WATCH,54.0,100.0,WAIT,BLOCK,False,29.55,50以下,0.0,0,不可下單,波動壓縮 | 均線收斂 | 接近突破 | 結構尚可,PRE 佈局型：等待突破確認，小倉觀察，不主動重倉,PRE 是主升段前卡位，只能小倉。,BLOCK：超出本市場狀態可執行名額
339,PRE,327,2,4116,WATCH,54.0,100.0,WAIT,BLOCK,False,39.8,50以下,0.0,0,不可下單,波動壓縮 | 均線收斂 | 接近突破 | 結構尚可,PRE 佈局型：等待突破確認，小倉觀察，不主動重倉,PRE 是主升段前卡位，只能小倉。,BLOCK：超出本市場狀態可執行名額
340,PRE,328,2,4120,WATCH,54.0,100.0,WAIT,BLOCK,False,45.9,50以下,0.0,0,不可下單,波動壓縮 | 均線收斂 | 接近突破 | 結構尚可,PRE 佈局型：等待突破確認，小倉觀察，不主動重倉,PRE 是主升段前卡位，只能小倉。,BLOCK：超出本市場狀態可執行名額
341,PRE,329,2,4121,WATCH,54.0,100.0,WAIT,BLOCK,False,12.75,50以下,0.0,0,不可下單,波動壓縮 | 均線收斂 | 接近突破 | 結構尚可,PRE 佈局型：等待突破確認，小倉觀察，不主動重倉,PRE 是主升段前卡位，只能小倉。,BLOCK：超出本市場狀態可執行名額
342,PRE,330,2,4123,WATCH,54.0,100.0,WAIT,BLOCK,False,31.25,50以下,0.0,0,不可下單,波動壓縮 | 均線收斂 | 接近突破 | 結構尚可,PRE 佈局型：等待突破確認，小倉觀察，不主動重倉,PRE 是主升段前卡位，只能小倉。,BLOCK：超出本市場狀態可執行名額
343,PRE,331,2,4126,WATCH,54.0,100.0,WAIT,BLOCK,False,78.1,50-100,0.0,0,不可下單,波動壓縮 | 均線收斂 | 接近突破 | 結構尚可,PRE 佈局型：等待突破確認，小倉觀察，不主動重倉,PRE 是主升段前卡位，只能小倉。,BLOCK：超出本市場狀態可執行名額
344,PRE,332,2,4129,WATCH,54.0,100.0,WAIT,BLOCK,False,83.4,50-100,0.0,0,不可下單,波動壓縮 | 均線收斂 | 接近突破 | 結構尚可,PRE 佈局型：等待突破確認，小倉觀察，不主動重倉,PRE 是主升段前卡位，只能小倉。,BLOCK：超出本市場狀態可執行名額
345,PRE,333,2,4138,WATCH,54.0,100.0,WAIT,BLOCK,False,54.3,50-100,0.0,0,不可下單,波動壓縮 | 均線收斂 | 接近突破 | 結構尚可,PRE 佈局型：等待突破確認，小倉觀察，不主動重倉,PRE 是主升段前卡位，只能小倉。,BLOCK：超出本市場狀態可執行名額
346,PRE,334,2,4139,WATCH,54.0,100.0,WAIT,BLOCK,False,41.8,50以下,0.0,0,不可下單,波動壓縮 | 均線收斂 | 接近突破 | 結構尚可,PRE 佈局型：等待突破確認，小倉觀察，不主動重倉,PRE 是主升段前卡位，只能小倉。,BLOCK：超出本市場狀態可執行名額
347,PRE,335,2,4147,WATCH,54.0,100.0,WAIT,BLOCK,False,63.7,50-100,0.0,0,不可下單,波動壓縮 | 均線收斂 | 接近突破 | 結構尚可,PRE 佈局型：等待突破確認，小倉觀察，不主動重倉,PRE 是主升段前卡位，只能小倉。,BLOCK：超出本市場狀態可執行名額
348,PRE,336,2,4153,WATCH,54.0,100.0,WAIT,BLOCK,False,31.45,50以下,0.0,0,不可下單,波動壓縮 | 均線收斂 | 接近突破 | 結構尚可,PRE 佈局型：等待突破確認，小倉觀察，不主動重倉,PRE 是主升段前卡位，只能小倉。,BLOCK：超出本市場狀態可執行名額
349,PRE,337,2,4157,WATCH,54.0,100.0,WAIT,BLOCK,False,8.89,50以下,0.0,0,不可下單,波動壓縮 | 均線收斂 | 接近突破 | 結構尚可,PRE 佈局型：等待突破確認，小倉觀察，不主動重倉,PRE 是主升段前卡位，只能小倉。,BLOCK：超出本市場狀態可執行名額
350,PRE,338,2,4160,WATCH,54.0,100.0,WAIT,BLOCK,False,39.1,50以下,0.0,0,不可下單,波動壓縮 | 均線收斂 | 接近突破 | 結構尚可,PRE 佈局型：等待突破確認，小倉觀察，不主動重倉,PRE 是主升段前卡位，只能小倉。,BLOCK：超出本市場狀態可執行名額
351,PRE,339,2,4161,WATCH,54.0,100.0,WAIT,BLOCK,False,21.75,50以下,0.0,0,不可下單,波動壓縮 | 均線收斂 | 接近突破 | 結構尚可,PRE 佈局型：等待突破確認，小倉觀察，不主動重倉,PRE 是主升段前卡位，只能小倉。,BLOCK：超出本市場狀態可執行名額
352,PRE,340,2,4162,WATCH,54.0,100.0,WAIT,BLOCK,False,55.6,50-100,0.0,0,不可下單,波動壓縮 | 均線收斂 | 接近突破 | 結構尚可,PRE 佈局型：等待突破確認，小倉觀察，不主動重倉,PRE 是主升段前卡位，只能小倉。,BLOCK：超出本市場狀態可執行名額
353,PRE,341,2,4163,WATCH,54.0,100.0,WAIT,BLOCK,False,136.0,100-500,0.0,0,不可下單,波動壓縮 | 均線收斂 | 接近突破 | 結構尚可,PRE 佈局型：等待突破確認，小倉觀察，不主動重倉,PRE 是主升段前卡位，只能小倉。,BLOCK：超出本市場狀態可執行名額
354,PRE,342,2,4166,WATCH,54.0,100.0,WAIT,BLOCK,False,24.1,50以下,0.0,0,不可下單,波動壓縮 | 均線收斂 | 接近突破 | 結構尚可,PRE 佈局型：等待突破確認，小倉觀察，不主動重倉,PRE 是主升段前卡位，只能小倉。,BLOCK：超出本市場狀態可執行名額
355,PRE,343,2,4167,WATCH,54.0,100.0,WAIT,BLOCK,False,19.85,50以下,0.0,0,不可下單,波動壓縮 | 均線收斂 | 接近突破 | 結構尚可,PRE 佈局型：等待突破確認，小倉觀察，不主動重倉,PRE 是主升段前卡位，只能小倉。,BLOCK：超出本市場狀態可執行名額
356,PRE,344,2,4171,WATCH,54.0,100.0,WAIT,BLOCK,False,16.45,50以下,0.0,0,不可下單,波動壓縮 | 均線收斂 | 接近突破 | 結構尚可,PRE 佈局型：等待突破確認，小倉觀察，不主動重倉,PRE 是主升段前卡位，只能小倉。,BLOCK：超出本市場狀態可執行名額
357,PRE,345,2,4173,WATCH,54.0,100.0,WAIT,BLOCK,False,17.3,50以下,0.0,0,不可下單,波動壓縮 | 均線收斂 | 接近突破 | 結構尚可,PRE 佈局型：等待突破確認，小倉觀察，不主動重倉,PRE 是主升段前卡位，只能小倉。,BLOCK：超出本市場狀態可執行名額
358,PRE,346,2,4175,WATCH,54.0,100.0,WAIT,BLOCK,False,51.0,50-100,0.0,0,不可下單,波動壓縮 | 均線收斂 | 接近突破 | 結構尚可,PRE 佈局型：等待突破確認，小倉觀察，不主動重倉,PRE 是主升段前卡位，只能小倉。,BLOCK：超出本市場狀態可執行名額
359,PRE,347,2,4178,WATCH,54.0,100.0,WAIT,BLOCK,False,16.7,50以下,0.0,0,不可下單,波動壓縮 | 均線收斂 | 接近突破 | 結構尚可,PRE 佈局型：等待突破確認，小倉觀察，不主動重倉,PRE 是主升段前卡位，只能小倉。,BLOCK：超出本市場狀態可執行名額
360,PRE,348,2,4183,WATCH,54.0,100.0,WAIT,BLOCK,False,13.55,50以下,0.0,0,不可下單,波動壓縮 | 均線收斂 | 接近突破 | 結構尚可,PRE 佈局型：等待突破確認，小倉觀察，不主動重倉,PRE 是主升段前卡位，只能小倉。,BLOCK：超出本市場狀態可執行名額
361,PRE,349,2,4192,WATCH,54.0,100.0,WAIT,BLOCK,False,18.65,50以下,0.0,0,不可下單,波動壓縮 | 均線收斂 | 接近突破 | 結構尚可,PRE 佈局型：等待突破確認，小倉觀察，不主動重倉,PRE 是主升段前卡位，只能小倉。,BLOCK：超出本市場狀態可執行名額
362,PRE,350,2,4198,WATCH,54.0,100.0,WAIT,BLOCK,False,49.5,50以下,0.0,0,不可下單,波動壓縮 | 均線收斂 | 接近突破 | 結構尚可,PRE 佈局型：等待突破確認，小倉觀察，不主動重倉,PRE 是主升段前卡位，只能小倉。,BLOCK：超出本市場狀態可執行名額
363,PRE,351,2,4205,WATCH,54.0,100.0,WAIT,BLOCK,False,68.5,50-100,0.0,0,不可下單,波動壓縮 | 均線收斂 | 接近突破 | 結構尚可,PRE 佈局型：等待突破確認，小倉觀察，不主動重倉,PRE 是主升段前卡位，只能小倉。,BLOCK：超出本市場狀態可執行名額
364,PRE,352,2,4306,WATCH,54.0,100.0,WAIT,BLOCK,False,14.7,50以下,0.0,0,不可下單,波動壓縮 | 均線收斂 | 接近突破 | 結構尚可,PRE 佈局型：等待突破確認，小倉觀察，不主動重倉,PRE 是主升段前卡位，只能小倉。,BLOCK：超出本市場狀態可執行名額
365,PRE,353,2,4406,WATCH,54.0,100.0,WAIT,BLOCK,False,10.3,50以下,0.0,0,不可下單,波動壓縮 | 均線收斂 | 接近突破 | 結構尚可,PRE 佈局型：等待突破確認，小倉觀察，不主動重倉,PRE 是主升段前卡位，只能小倉。,BLOCK：超出本市場狀態可執行名額
366,PRE,354,2,4430,WATCH,54.0,100.0,WAIT,BLOCK,False,17.75,50以下,0.0,0,不可下單,波動壓縮 | 均線收斂 | 接近突破 | 結構尚可,PRE 佈局型：等待突破確認，小倉觀察，不主動重倉,PRE 是主升段前卡位，只能小倉。,BLOCK：超出本市場狀態可執行名額
367,PRE,355,2,4432,WATCH,54.0,100.0,WAIT,BLOCK,False,15.4,50以下,0.0,0,不可下單,波動壓縮 | 均線收斂 | 接近突破 | 結構尚可,PRE 佈局型：等待突破確認，小倉觀察，不主動重倉,PRE 是主升段前卡位，只能小倉。,BLOCK：超出本市場狀態可執行名額
368,PRE,356,2,4433,WATCH,54.0,100.0,WAIT,BLOCK,False,18.05,50以下,0.0,0,不可下單,波動壓縮 | 均線收斂 | 接近突破 | 結構尚可,PRE 佈局型：等待突破確認，小倉觀察，不主動重倉,PRE 是主升段前卡位，只能小倉。,BLOCK：超出本市場狀態可執行名額
369,PRE,357,2,4503,WATCH,54.0,100.0,WAIT,BLOCK,False,24.15,50以下,0.0,0,不可下單,波動壓縮 | 均線收斂 | 接近突破 | 結構尚可,PRE 佈局型：等待突破確認，小倉觀察，不主動重倉,PRE 是主升段前卡位，只能小倉。,BLOCK：超出本市場狀態可執行名額
370,PRE,358,2,4513,WATCH,54.0,100.0,WAIT,BLOCK,False,16.2,50以下,0.0,0,不可下單,波動壓縮 | 均線收斂 | 接近突破 | 結構尚可,PRE 佈局型：等待突破確認，小倉觀察，不主動重倉,PRE 是主升段前卡位，只能小倉。,BLOCK：超出本市場狀態可執行名額
371,PRE,359,2,4523,WATCH,54.0,100.0,WAIT,BLOCK,False,23.9,50以下,0.0,0,不可下單,波動壓縮 | 均線收斂 | 接近突破 | 結構尚可,PRE 佈局型：等待突破確認，小倉觀察，不主動重倉,PRE 是主升段前卡位，只能小倉。,BLOCK：超出本市場狀態可執行名額
372,PRE,360,2,4533,WATCH,54.0,100.0,WAIT,BLOCK,False,25.65,50以下,0.0,0,不可下單,波動壓縮 | 均線收斂 | 接近突破 | 結構尚可,PRE 佈局型：等待突破確認，小倉觀察，不主動重倉,PRE 是主升段前卡位，只能小倉。,BLOCK：超出本市場狀態可執行名額
373,PRE,361,2,4535,WATCH,54.0,100.0,WAIT,BLOCK,False,27.0,50以下,0.0,0,不可下單,波動壓縮 | 均線收斂 | 接近突破 | 結構尚可,PRE 佈局型：等待突破確認，小倉觀察，不主動重倉,PRE 是主升段前卡位，只能小倉。,BLOCK：超出本市場狀態可執行名額
374,PRE,362,2,4538,WATCH,54.0,100.0,WAIT,BLOCK,False,17.35,50以下,0.0,0,不可下單,波動壓縮 | 均線收斂 | 接近突破 | 結構尚可,PRE 佈局型：等待突破確認，小倉觀察，不主動重倉,PRE 是主升段前卡位，只能小倉。,BLOCK：超出本市場狀態可執行名額
375,PRE,363,2,4543,WATCH,54.0,100.0,WAIT,BLOCK,False,29.45,50以下,0.0,0,不可下單,波動壓縮 | 均線收斂 | 接近突破 | 結構尚可,PRE 佈局型：等待突破確認，小倉觀察，不主動重倉,PRE 是主升段前卡位，只能小倉。,BLOCK：超出本市場狀態可執行名額
376,PRE,364,2,4554,WATCH,54.0,100.0,WAIT,BLOCK,False,28.25,50以下,0.0,0,不可下單,波動壓縮 | 均線收斂 | 接近突破 | 結構尚可,PRE 佈局型：等待突破確認，小倉觀察，不主動重倉,PRE 是主升段前卡位，只能小倉。,BLOCK：超出本市場狀態可執行名額
377,PRE,365,2,4558,WATCH,54.0,100.0,WAIT,BLOCK,False,16.95,50以下,0.0,0,不可下單,波動壓縮 | 均線收斂 | 接近突破 | 結構尚可,PRE 佈局型：等待突破確認，小倉觀察，不主動重倉,PRE 是主升段前卡位，只能小倉。,BLOCK：超出本市場狀態可執行名額
378,PRE,366,2,4564,WATCH,54.0,100.0,WAIT,BLOCK,False,16.4,50以下,0.0,0,不可下單,波動壓縮 | 均線收斂 | 接近突破 | 結構尚可,PRE 佈局型：等待突破確認，小倉觀察，不主動重倉,PRE 是主升段前卡位，只能小倉。,BLOCK：超出本市場狀態可執行名額
379,PRE,367,2,4568,WATCH,54.0,100.0,WAIT,BLOCK,False,39.45,50以下,0.0,0,不可下單,波動壓縮 | 均線收斂 | 接近突破 | 結構尚可,PRE 佈局型：等待突破確認，小倉觀察，不主動重倉,PRE 是主升段前卡位，只能小倉。,BLOCK：超出本市場狀態可執行名額
380,PRE,368,2,4572,WATCH,54.0,100.0,WAIT,BLOCK,False,138.5,100-500,0.0,0,不可下單,波動壓縮 | 均線收斂 | 接近突破 | 結構尚可,PRE 佈局型：等待突破確認，小倉觀察，不主動重倉,PRE 是主升段前卡位，只能小倉。,BLOCK：超出本市場狀態可執行名額
381,PRE,369,2,4580,WATCH,54.0,100.0,WAIT,BLOCK,False,81.8,50-100,0.0,0,不可下單,波動壓縮 | 均線收斂 | 接近突破 | 結構尚可,PRE 佈局型：等待突破確認，小倉觀察，不主動重倉,PRE 是主升段前卡位，只能小倉。,BLOCK：超出本市場狀態可執行名額
382,PRE,370,2,4584,WATCH,54.0,100.0,WAIT,BLOCK,False,37.0,50以下,0.0,0,不可下單,波動壓縮 | 均線收斂 | 接近突破 | 結構尚可,PRE 佈局型：等待突破確認，小倉觀察，不主動重倉,PRE 是主升段前卡位，只能小倉。,BLOCK：超出本市場狀態可執行名額
383,PRE,371,2,4609,WATCH,54.0,100.0,WAIT,BLOCK,False,4.15,50以下,0.0,0,不可下單,波動壓縮 | 均線收斂 | 接近突破 | 結構尚可,PRE 佈局型：等待突破確認，小倉觀察，不主動重倉,PRE 是主升段前卡位，只能小倉。,BLOCK：超出本市場狀態可執行名額
384,PRE,372,2,4702,WATCH,54.0,100.0,WAIT,BLOCK,False,9.31,50以下,0.0,0,不可下單,波動壓縮 | 均線收斂 | 接近突破 | 結構尚可,PRE 佈局型：等待突破確認，小倉觀察，不主動重倉,PRE 是主升段前卡位，只能小倉。,BLOCK：超出本市場狀態可執行名額
385,PRE,373,2,4711,WATCH,54.0,100.0,WAIT,BLOCK,False,16.35,50以下,0.0,0,不可下單,波動壓縮 | 均線收斂 | 接近突破 | 結構尚可,PRE 佈局型：等待突破確認，小倉觀察，不主動重倉,PRE 是主升段前卡位，只能小倉。,BLOCK：超出本市場狀態可執行名額
386,PRE,374,2,4716,WATCH,54.0,100.0,WAIT,BLOCK,False,16.85,50以下,0.0,0,不可下單,波動壓縮 | 均線收斂 | 接近突破 | 結構尚可,PRE 佈局型：等待突破確認，小倉觀察，不主動重倉,PRE 是主升段前卡位，只能小倉。,BLOCK：超出本市場狀態可執行名額
387,PRE,375,2,4745,WATCH,54.0,100.0,WAIT,BLOCK,False,12.2,50以下,0.0,0,不可下單,波動壓縮 | 均線收斂 | 接近突破 | 結構尚可,PRE 佈局型：等待突破確認，小倉觀察，不主動重倉,PRE 是主升段前卡位，只能小倉。,BLOCK：超出本市場狀態可執行名額
388,PRE,376,2,4754,WATCH,54.0,100.0,WAIT,BLOCK,False,37.9,50以下,0.0,0,不可下單,波動壓縮 | 均線收斂 | 接近突破 | 結構尚可,PRE 佈局型：等待突破確認，小倉觀察，不主動重倉,PRE 是主升段前卡位，只能小倉。,BLOCK：超出本市場狀態可執行名額
389,PRE,377,2,4909,WATCH,54.0,100.0,WAIT,BLOCK,False,36.4,50以下,0.0,0,不可下單,波動壓縮 | 均線收斂 | 接近突破 | 結構尚可,PRE 佈局型：等待突破確認，小倉觀察，不主動重倉,PRE 是主升段前卡位，只能小倉。,BLOCK：超出本市場狀態可執行名額
390,PRE,378,2,4911,WATCH,54.0,100.0,WAIT,BLOCK,False,28.2,50以下,0.0,0,不可下單,波動壓縮 | 均線收斂 | 接近突破 | 結構尚可,PRE 佈局型：等待突破確認，小倉觀察，不主動重倉,PRE 是主升段前卡位，只能小倉。,BLOCK：超出本市場狀態可執行名額
391,PRE,379,2,4933,WATCH,54.0,100.0,WAIT,BLOCK,False,54.4,50-100,0.0,0,不可下單,波動壓縮 | 均線收斂 | 接近突破 | 結構尚可,PRE 佈局型：等待突破確認，小倉觀察，不主動重倉,PRE 是主升段前卡位，只能小倉。,BLOCK：超出本市場狀態可執行名額
392,PRE,380,2,4950,WATCH,54.0,100.0,WAIT,BLOCK,False,15.65,50以下,0.0,0,不可下單,波動壓縮 | 均線收斂 | 接近突破 | 結構尚可,PRE 佈局型：等待突破確認，小倉觀察，不主動重倉,PRE 是主升段前卡位，只能小倉。,BLOCK：超出本市場狀態可執行名額
393,PRE,381,2,4953,WATCH,54.0,100.0,WAIT,BLOCK,False,117.0,100-500,0.0,0,不可下單,波動壓縮 | 均線收斂 | 接近突破 | 結構尚可,PRE 佈局型：等待突破確認，小倉觀察，不主動重倉,PRE 是主升段前卡位，只能小倉。,BLOCK：超出本市場狀態可執行名額
394,PRE,382,2,4966,WATCH,54.0,100.0,WAIT,BLOCK,False,571.0,500-1000,0.0,0,不可下單,波動壓縮 | 均線收斂 | 接近突破 | 結構尚可,PRE 佈局型：等待突破確認，小倉觀察，不主動重倉,PRE 是主升段前卡位，只能小倉。,BLOCK：超出本市場狀態可執行名額
395,PRE,383,2,4972,WATCH,54.0,100.0,WAIT,BLOCK,False,16.3,50以下,0.0,0,不可下單,波動壓縮 | 均線收斂 | 接近突破 | 結構尚可,PRE 佈局型：等待突破確認，小倉觀察，不主動重倉,PRE 是主升段前卡位，只能小倉。,BLOCK：超出本市場狀態可執行名額
396,PRE,384,2,4974,WATCH,54.0,100.0,WAIT,BLOCK,False,71.0,50-100,0.0,0,不可下單,波動壓縮 | 均線收斂 | 接近突破 | 結構尚可,PRE 佈局型：等待突破確認，小倉觀察，不主動重倉,PRE 是主升段前卡位，只能小倉。,BLOCK：超出本市場狀態可執行名額
397,PRE,385,2,4995,WATCH,54.0,100.0,WAIT,BLOCK,False,50.5,50-100,0.0,0,不可下單,波動壓縮 | 均線收斂 | 接近突破 | 結構尚可,PRE 佈局型：等待突破確認，小倉觀察，不主動重倉,PRE 是主升段前卡位，只能小倉。,BLOCK：超出本市場狀態可執行名額
398,PRE,386,2,5011,WATCH,54.0,100.0,WAIT,BLOCK,False,18.8,50以下,0.0,0,不可下單,波動壓縮 | 均線收斂 | 接近突破 | 結構尚可,PRE 佈局型：等待突破確認，小倉觀察，不主動重倉,PRE 是主升段前卡位，只能小倉。,BLOCK：超出本市場狀態可執行名額
399,PRE,387,2,5014,WATCH,54.0,100.0,WAIT,BLOCK,False,10.25,50以下,0.0,0,不可下單,波動壓縮 | 均線收斂 | 接近突破 | 結構尚可,PRE 佈局型：等待突破確認，小倉觀察，不主動重倉,PRE 是主升段前卡位，只能小倉。,BLOCK：超出本市場狀態可執行名額
400,PRE,388,2,5015,WATCH,54.0,100.0,WAIT,BLOCK,False,21.9,50以下,0.0,0,不可下單,波動壓縮 | 均線收斂 | 接近突破 | 結構尚可,PRE 佈局型：等待突破確認，小倉觀察，不主動重倉,PRE 是主升段前卡位，只能小倉。,BLOCK：超出本市場狀態可執行名額
401,PRE,389,2,5206,WATCH,54.0,100.0,WAIT,BLOCK,False,22.7,50以下,0.0,0,不可下單,波動壓縮 | 均線收斂 | 接近突破 | 結構尚可,PRE 佈局型：等待突破確認，小倉觀察，不主動重倉,PRE 是主升段前卡位，只能小倉。,BLOCK：超出本市場狀態可執行名額
402,PRE,390,2,5211,WATCH,54.0,100.0,WAIT,BLOCK,False,20.65,50以下,0.0,0,不可下單,波動壓縮 | 均線收斂 | 接近突破 | 結構尚可,PRE 佈局型：等待突破確認，小倉觀察，不主動重倉,PRE 是主升段前卡位，只能小倉。,BLOCK：超出本市場狀態可執行名額
403,PRE,391,2,5312,WATCH,54.0,100.0,WAIT,BLOCK,False,89.9,50-100,0.0,0,不可下單,波動壓縮 | 均線收斂 | 接近突破 | 結構尚可,PRE 佈局型：等待突破確認，小倉觀察，不主動重倉,PRE 是主升段前卡位，只能小倉。,BLOCK：超出本市場狀態可執行名額
404,PRE,392,2,5315,WATCH,54.0,100.0,WAIT,BLOCK,False,18.75,50以下,0.0,0,不可下單,波動壓縮 | 均線收斂 | 接近突破 | 結構尚可,PRE 佈局型：等待突破確認，小倉觀察，不主動重倉,PRE 是主升段前卡位，只能小倉。,BLOCK：超出本市場狀態可執行名額
405,PRE,393,2,5324,WATCH,54.0,100.0,WAIT,BLOCK,False,12.45,50以下,0.0,0,不可下單,波動壓縮 | 均線收斂 | 接近突破 | 結構尚可,PRE 佈局型：等待突破確認，小倉觀察，不主動重倉,PRE 是主升段前卡位，只能小倉。,BLOCK：超出本市場狀態可執行名額
406,PRE,394,2,5356,WATCH,54.0,100.0,WAIT,BLOCK,False,25.7,50以下,0.0,0,不可下單,波動壓縮 | 均線收斂 | 接近突破 | 結構尚可,PRE 佈局型：等待突破確認，小倉觀察，不主動重倉,PRE 是主升段前卡位，只能小倉。,BLOCK：超出本市場狀態可執行名額
407,PRE,395,2,5381,WATCH,54.0,100.0,WAIT,BLOCK,False,23.65,50以下,0.0,0,不可下單,波動壓縮 | 均線收斂 | 接近突破 | 結構尚可,PRE 佈局型：等待突破確認，小倉觀察，不主動重倉,PRE 是主升段前卡位，只能小倉。,BLOCK：超出本市場狀態可執行名額
408,PRE,396,2,5403,WATCH,54.0,100.0,WAIT,BLOCK,False,92.8,50-100,0.0,0,不可下單,波動壓縮 | 均線收斂 | 接近突破 | 結構尚可,PRE 佈局型：等待突破確認，小倉觀察，不主動重倉,PRE 是主升段前卡位，只能小倉。,BLOCK：超出本市場狀態可執行名額
409,PRE,397,2,5426,WATCH,54.0,100.0,WAIT,BLOCK,False,28.45,50以下,0.0,0,不可下單,波動壓縮 | 均線收斂 | 接近突破 | 結構尚可,PRE 佈局型：等待突破確認，小倉觀察，不主動重倉,PRE 是主升段前卡位，只能小倉。,BLOCK：超出本市場狀態可執行名額
410,PRE,398,2,5450,WATCH,54.0,100.0,WAIT,BLOCK,False,14.8,50以下,0.0,0,不可下單,波動壓縮 | 均線收斂 | 接近突破 | 結構尚可,PRE 佈局型：等待突破確認，小倉觀察，不主動重倉,PRE 是主升段前卡位，只能小倉。,BLOCK：超出本市場狀態可執行名額
411,PRE,399,2,5452,WATCH,54.0,100.0,WAIT,BLOCK,False,27.4,50以下,0.0,0,不可下單,波動壓縮 | 均線收斂 | 接近突破 | 結構尚可,PRE 佈局型：等待突破確認，小倉觀察，不主動重倉,PRE 是主升段前卡位，只能小倉。,BLOCK：超出本市場狀態可執行名額
412,PRE,400,2,5478,WATCH,54.0,100.0,WAIT,BLOCK,False,97.1,50-100,0.0,0,不可下單,波動壓縮 | 均線收斂 | 接近突破 | 結構尚可,PRE 佈局型：等待突破確認，小倉觀察，不主動重倉,PRE 是主升段前卡位，只能小倉。,BLOCK：超出本市場狀態可執行名額
413,PRE,401,2,5488,WATCH,54.0,100.0,WAIT,BLOCK,False,12.1,50以下,0.0,0,不可下單,波動壓縮 | 均線收斂 | 接近突破 | 結構尚可,PRE 佈局型：等待突破確認，小倉觀察，不主動重倉,PRE 是主升段前卡位，只能小倉。,BLOCK：超出本市場狀態可執行名額
414,PRE,402,2,5489,WATCH,54.0,100.0,WAIT,BLOCK,False,42.55,50以下,0.0,0,不可下單,波動壓縮 | 均線收斂 | 接近突破 | 結構尚可,PRE 佈局型：等待突破確認，小倉觀察，不主動重倉,PRE 是主升段前卡位，只能小倉。,BLOCK：超出本市場狀態可執行名額
415,PRE,403,2,5493,WATCH,54.0,100.0,WAIT,BLOCK,False,90.6,50-100,0.0,0,不可下單,波動壓縮 | 均線收斂 | 接近突破 | 結構尚可,PRE 佈局型：等待突破確認，小倉觀察，不主動重倉,PRE 是主升段前卡位，只能小倉。,BLOCK：超出本市場狀態可執行名額
416,PRE,404,2,5511,WATCH,54.0,100.0,WAIT,BLOCK,False,69.6,50-100,0.0,0,不可下單,波動壓縮 | 均線收斂 | 接近突破 | 結構尚可,PRE 佈局型：等待突破確認，小倉觀察，不主動重倉,PRE 是主升段前卡位，只能小倉。,BLOCK：超出本市場狀態可執行名額
417,PRE,405,2,5514,WATCH,54.0,100.0,WAIT,BLOCK,False,15.05,50以下,0.0,0,不可下單,波動壓縮 | 均線收斂 | 接近突破 | 結構尚可,PRE 佈局型：等待突破確認，小倉觀察，不主動重倉,PRE 是主升段前卡位，只能小倉。,BLOCK：超出本市場狀態可執行名額
418,PRE,406,2,5515,WATCH,54.0,100.0,WAIT,BLOCK,False,51.9,50-100,0.0,0,不可下單,波動壓縮 | 均線收斂 | 接近突破 | 結構尚可,PRE 佈局型：等待突破確認，小倉觀察，不主動重倉,PRE 是主升段前卡位，只能小倉。,BLOCK：超出本市場狀態可執行名額
419,PRE,407,2,5523,WATCH,54.0,100.0,WAIT,BLOCK,False,30.35,50以下,0.0,0,不可下單,波動壓縮 | 均線收斂 | 接近突破 | 結構尚可,PRE 佈局型：等待突破確認，小倉觀察，不主動重倉,PRE 是主升段前卡位，只能小倉。,BLOCK：超出本市場狀態可執行名額
420,PRE,408,2,5525,WATCH,54.0,100.0,WAIT,BLOCK,False,22.0,50以下,0.0,0,不可下單,波動壓縮 | 均線收斂 | 接近突破 | 結構尚可,PRE 佈局型：等待突破確認，小倉觀察，不主動重倉,PRE 是主升段前卡位，只能小倉。,BLOCK：超出本市場狀態可執行名額
421,PRE,409,2,5529,WATCH,54.0,100.0,WAIT,BLOCK,False,26.45,50以下,0.0,0,不可下單,波動壓縮 | 均線收斂 | 接近突破 | 結構尚可,PRE 佈局型：等待突破確認，小倉觀察，不主動重倉,PRE 是主升段前卡位，只能小倉。,BLOCK：超出本市場狀態可執行名額
422,PRE,410,2,5530,WATCH,54.0,100.0,WAIT,BLOCK,False,48.85,50以下,0.0,0,不可下單,波動壓縮 | 均線收斂 | 接近突破 | 結構尚可,PRE 佈局型：等待突破確認，小倉觀察，不主動重倉,PRE 是主升段前卡位，只能小倉。,BLOCK：超出本市場狀態可執行名額
423,PRE,411,2,5548,WATCH,54.0,100.0,WAIT,BLOCK,False,20.15,50以下,0.0,0,不可下單,波動壓縮 | 均線收斂 | 接近突破 | 結構尚可,PRE 佈局型：等待突破確認，小倉觀察，不主動重倉,PRE 是主升段前卡位，只能小倉。,BLOCK：超出本市場狀態可執行名額
424,PRE,412,2,5603,WATCH,54.0,100.0,WAIT,BLOCK,False,13.35,50以下,0.0,0,不可下單,波動壓縮 | 均線收斂 | 接近突破 | 結構尚可,PRE 佈局型：等待突破確認，小倉觀察，不主動重倉,PRE 是主升段前卡位，只能小倉。,BLOCK：超出本市場狀態可執行名額
425,PRE,413,2,5604,WATCH,54.0,100.0,WAIT,BLOCK,False,31.2,50以下,0.0,0,不可下單,波動壓縮 | 均線收斂 | 接近突破 | 結構尚可,PRE 佈局型：等待突破確認，小倉觀察，不主動重倉,PRE 是主升段前卡位，只能小倉。,BLOCK：超出本市場狀態可執行名額
426,PRE,414,2,5704,WATCH,54.0,100.0,WAIT,BLOCK,False,22.65,50以下,0.0,0,不可下單,波動壓縮 | 均線收斂 | 接近突破 | 結構尚可,PRE 佈局型：等待突破確認，小倉觀察，不主動重倉,PRE 是主升段前卡位，只能小倉。,BLOCK：超出本市場狀態可執行名額
427,PRE,415,2,5878,WATCH,54.0,100.0,WAIT,BLOCK,False,37.85,50以下,0.0,0,不可下單,波動壓縮 | 均線收斂 | 接近突破 | 結構尚可,PRE 佈局型：等待突破確認，小倉觀察，不主動重倉,PRE 是主升段前卡位，只能小倉。,BLOCK：超出本市場狀態可執行名額
428,PRE,416,2,5880,WATCH,54.0,100.0,WAIT,BLOCK,False,26.1,50以下,0.0,0,不可下單,波動壓縮 | 均線收斂 | 接近突破 | 結構尚可,PRE 佈局型：等待突破確認，小倉觀察，不主動重倉,PRE 是主升段前卡位，只能小倉。,BLOCK：超出本市場狀態可執行名額
429,PRE,417,2,5902,WATCH,54.0,100.0,WAIT,BLOCK,False,34.5,50以下,0.0,0,不可下單,波動壓縮 | 均線收斂 | 接近突破 | 結構尚可,PRE 佈局型：等待突破確認，小倉觀察，不主動重倉,PRE 是主升段前卡位，只能小倉。,BLOCK：超出本市場狀態可執行名額
430,PRE,418,2,5903,WATCH,54.0,100.0,WAIT,BLOCK,False,186.0,100-500,0.0,0,不可下單,波動壓縮 | 均線收斂 | 接近突破 | 結構尚可,PRE 佈局型：等待突破確認，小倉觀察，不主動重倉,PRE 是主升段前卡位，只能小倉。,BLOCK：超出本市場狀態可執行名額
431,PRE,419,2,5905,WATCH,54.0,100.0,WAIT,BLOCK,False,7.32,50以下,0.0,0,不可下單,波動壓縮 | 均線收斂 | 接近突破 | 結構尚可,PRE 佈局型：等待突破確認，小倉觀察，不主動重倉,PRE 是主升段前卡位，只能小倉。,BLOCK：超出本市場狀態可執行名額
432,PRE,420,2,6020,WATCH,54.0,100.0,WAIT,BLOCK,False,20.75,50以下,0.0,0,不可下單,波動壓縮 | 均線收斂 | 接近突破 | 結構尚可,PRE 佈局型：等待突破確認，小倉觀察，不主動重倉,PRE 是主升段前卡位，只能小倉。,BLOCK：超出本市場狀態可執行名額
433,PRE,421,2,6023,WATCH,54.0,100.0,WAIT,BLOCK,False,85.0,50-100,0.0,0,不可下單,波動壓縮 | 均線收斂 | 接近突破 | 結構尚可,PRE 佈局型：等待突破確認，小倉觀察，不主動重倉,PRE 是主升段前卡位，只能小倉。,BLOCK：超出本市場狀態可執行名額
434,PRE,422,2,6026,WATCH,54.0,100.0,WAIT,BLOCK,False,16.1,50以下,0.0,0,不可下單,波動壓縮 | 均線收斂 | 接近突破 | 結構尚可,PRE 佈局型：等待突破確認，小倉觀察，不主動重倉,PRE 是主升段前卡位，只能小倉。,BLOCK：超出本市場狀態可執行名額
435,PRE,423,2,6028,WATCH,54.0,100.0,WAIT,BLOCK,False,99.0,50-100,0.0,0,不可下單,波動壓縮 | 均線收斂 | 接近突破 | 結構尚可,PRE 佈局型：等待突破確認，小倉觀察，不主動重倉,PRE 是主升段前卡位，只能小倉。,BLOCK：超出本市場狀態可執行名額
436,PRE,424,2,6101,WATCH,54.0,100.0,WAIT,BLOCK,False,37.4,50以下,0.0,0,不可下單,波動壓縮 | 均線收斂 | 接近突破 | 結構尚可,PRE 佈局型：等待突破確認，小倉觀察，不主動重倉,PRE 是主升段前卡位，只能小倉。,BLOCK：超出本市場狀態可執行名額
437,PRE,425,2,6109,WATCH,54.0,100.0,WAIT,BLOCK,False,10.55,50以下,0.0,0,不可下單,波動壓縮 | 均線收斂 | 接近突破 | 結構尚可,PRE 佈局型：等待突破確認，小倉觀察，不主動重倉,PRE 是主升段前卡位，只能小倉。,BLOCK：超出本市場狀態可執行名額
438,PRE,426,2,6113,WATCH,54.0,100.0,WAIT,BLOCK,False,22.65,50以下,0.0,0,不可下單,波動壓縮 | 均線收斂 | 接近突破 | 結構尚可,PRE 佈局型：等待突破確認，小倉觀察，不主動重倉,PRE 是主升段前卡位，只能小倉。,BLOCK：超出本市場狀態可執行名額
439,PRE,427,2,6121,WATCH,54.0,100.0,WAIT,BLOCK,False,377.0,100-500,0.0,0,不可下單,波動壓縮 | 均線收斂 | 接近突破 | 結構尚可,PRE 佈局型：等待突破確認，小倉觀察，不主動重倉,PRE 是主升段前卡位，只能小倉。,BLOCK：超出本市場狀態可執行名額
440,PRE,428,2,6123,WATCH,54.0,100.0,WAIT,BLOCK,False,43.05,50以下,0.0,0,不可下單,波動壓縮 | 均線收斂 | 接近突破 | 結構尚可,PRE 佈局型：等待突破確認，小倉觀察，不主動重倉,PRE 是主升段前卡位，只能小倉。,BLOCK：超出本市場狀態可執行名額
441,PRE,429,2,6124,WATCH,54.0,100.0,WAIT,BLOCK,False,27.2,50以下,0.0,0,不可下單,波動壓縮 | 均線收斂 | 接近突破 | 結構尚可,PRE 佈局型：等待突破確認，小倉觀察，不主動重倉,PRE 是主升段前卡位，只能小倉。,BLOCK：超出本市場狀態可執行名額
442,PRE,430,2,6125,WATCH,54.0,100.0,WAIT,BLOCK,False,49.9,50以下,0.0,0,不可下單,波動壓縮 | 均線收斂 | 接近突破 | 結構尚可,PRE 佈局型：等待突破確認，小倉觀察，不主動重倉,PRE 是主升段前卡位，只能小倉。,BLOCK：超出本市場狀態可執行名額
443,PRE,431,2,6134,WATCH,54.0,100.0,WAIT,BLOCK,False,29.2,50以下,0.0,0,不可下單,波動壓縮 | 均線收斂 | 接近突破 | 結構尚可,PRE 佈局型：等待突破確認，小倉觀察，不主動重倉,PRE 是主升段前卡位，只能小倉。,BLOCK：超出本市場狀態可執行名額
444,PRE,432,2,6144,WATCH,54.0,100.0,WAIT,BLOCK,False,12.55,50以下,0.0,0,不可下單,波動壓縮 | 均線收斂 | 接近突破 | 結構尚可,PRE 佈局型：等待突破確認，小倉觀察，不主動重倉,PRE 是主升段前卡位，只能小倉。,BLOCK：超出本市場狀態可執行名額
445,PRE,433,2,6146,WATCH,54.0,100.0,WAIT,BLOCK,False,181.5,100-500,0.0,0,不可下單,波動壓縮 | 均線收斂 | 接近突破 | 結構尚可,PRE 佈局型：等待突破確認，小倉觀察，不主動重倉,PRE 是主升段前卡位，只能小倉。,BLOCK：超出本市場狀態可執行名額
446,PRE,434,2,6151,WATCH,54.0,100.0,WAIT,BLOCK,False,34.75,50以下,0.0,0,不可下單,波動壓縮 | 均線收斂 | 接近突破 | 結構尚可,PRE 佈局型：等待突破確認，小倉觀察，不主動重倉,PRE 是主升段前卡位，只能小倉。,BLOCK：超出本市場狀態可執行名額
447,PRE,435,2,6154,WATCH,54.0,100.0,WAIT,BLOCK,False,14.2,50以下,0.0,0,不可下單,波動壓縮 | 均線收斂 | 接近突破 | 結構尚可,PRE 佈局型：等待突破確認，小倉觀察，不主動重倉,PRE 是主升段前卡位，只能小倉。,BLOCK：超出本市場狀態可執行名額
448,PRE,436,2,6158,WATCH,54.0,100.0,WAIT,BLOCK,False,17.2,50以下,0.0,0,不可下單,波動壓縮 | 均線收斂 | 接近突破 | 結構尚可,PRE 佈局型：等待突破確認，小倉觀察，不主動重倉,PRE 是主升段前卡位，只能小倉。,BLOCK：超出本市場狀態可執行名額
449,PRE,437,2,6163,WATCH,54.0,100.0,WAIT,BLOCK,False,41.7,50以下,0.0,0,不可下單,波動壓縮 | 均線收斂 | 接近突破 | 結構尚可,PRE 佈局型：等待突破確認，小倉觀察，不主動重倉,PRE 是主升段前卡位，只能小倉。,BLOCK：超出本市場狀態可執行名額
450,PRE,438,2,6167,WATCH,54.0,100.0,WAIT,BLOCK,False,10.3,50以下,0.0,0,不可下單,波動壓縮 | 均線收斂 | 接近突破 | 結構尚可,PRE 佈局型：等待突破確認，小倉觀察，不主動重倉,PRE 是主升段前卡位，只能小倉。,BLOCK：超出本市場狀態可執行名額
451,PRE,439,2,6170,WATCH,54.0,100.0,WAIT,BLOCK,False,48.65,50以下,0.0,0,不可下單,波動壓縮 | 均線收斂 | 接近突破 | 結構尚可,PRE 佈局型：等待突破確認，小倉觀察，不主動重倉,PRE 是主升段前卡位，只能小倉。,BLOCK：超出本市場狀態可執行名額
452,PRE,440,2,6171,WATCH,54.0,100.0,WAIT,BLOCK,False,26.75,50以下,0.0,0,不可下單,波動壓縮 | 均線收斂 | 接近突破 | 結構尚可,PRE 佈局型：等待突破確認，小倉觀察，不主動重倉,PRE 是主升段前卡位，只能小倉。,BLOCK：超出本市場狀態可執行名額
453,PRE,441,2,6175,WATCH,54.0,100.0,WAIT,BLOCK,False,70.4,50-100,0.0,0,不可下單,波動壓縮 | 均線收斂 | 接近突破 | 結構尚可,PRE 佈局型：等待突破確認，小倉觀察，不主動重倉,PRE 是主升段前卡位，只能小倉。,BLOCK：超出本市場狀態可執行名額
454,PRE,442,2,6180,WATCH,54.0,100.0,WAIT,BLOCK,False,41.4,50以下,0.0,0,不可下單,波動壓縮 | 均線收斂 | 接近突破 | 結構尚可,PRE 佈局型：等待突破確認，小倉觀察，不主動重倉,PRE 是主升段前卡位，只能小倉。,BLOCK：超出本市場狀態可執行名額
455,PRE,443,2,6185,WATCH,54.0,100.0,WAIT,BLOCK,False,12.5,50以下,0.0,0,不可下單,波動壓縮 | 均線收斂 | 接近突破 | 結構尚可,PRE 佈局型：等待突破確認，小倉觀察，不主動重倉,PRE 是主升段前卡位，只能小倉。,BLOCK：超出本市場狀態可執行名額
456,PRE,444,2,6190,WATCH,54.0,100.0,WAIT,BLOCK,False,70.4,50-100,0.0,0,不可下單,波動壓縮 | 均線收斂 | 接近突破 | 結構尚可,PRE 佈局型：等待突破確認，小倉觀察，不主動重倉,PRE 是主升段前卡位，只能小倉。,BLOCK：超出本市場狀態可執行名額
457,PRE,445,2,6194,WATCH,54.0,100.0,WAIT,BLOCK,False,29.85,50以下,0.0,0,不可下單,波動壓縮 | 均線收斂 | 接近突破 | 結構尚可,PRE 佈局型：等待突破確認，小倉觀察，不主動重倉,PRE 是主升段前卡位，只能小倉。,BLOCK：超出本市場狀態可執行名額
458,PRE,446,2,6195,WATCH,54.0,100.0,WAIT,BLOCK,False,28.25,50以下,0.0,0,不可下單,波動壓縮 | 均線收斂 | 接近突破 | 結構尚可,PRE 佈局型：等待突破確認，小倉觀察，不主動重倉,PRE 是主升段前卡位，只能小倉。,BLOCK：超出本市場狀態可執行名額
459,PRE,447,2,6203,WATCH,54.0,100.0,WAIT,BLOCK,False,60.0,50-100,0.0,0,不可下單,波動壓縮 | 均線收斂 | 接近突破 | 結構尚可,PRE 佈局型：等待突破確認，小倉觀察，不主動重倉,PRE 是主升段前卡位，只能小倉。,BLOCK：超出本市場狀態可執行名額
460,PRE,448,2,6206,WATCH,54.0,100.0,WAIT,BLOCK,False,139.5,100-500,0.0,0,不可下單,波動壓縮 | 均線收斂 | 接近突破 | 結構尚可,PRE 佈局型：等待突破確認，小倉觀察，不主動重倉,PRE 是主升段前卡位，只能小倉。,BLOCK：超出本市場狀態可執行名額
461,PRE,449,2,6208,WATCH,54.0,100.0,WAIT,BLOCK,False,76.0,50-100,0.0,0,不可下單,波動壓縮 | 均線收斂 | 接近突破 | 結構尚可,PRE 佈局型：等待突破確認，小倉觀察，不主動重倉,PRE 是主升段前卡位，只能小倉。,BLOCK：超出本市場狀態可執行名額
462,PRE,450,2,6210,WATCH,54.0,100.0,WAIT,BLOCK,False,17.9,50以下,0.0,0,不可下單,波動壓縮 | 均線收斂 | 接近突破 | 結構尚可,PRE 佈局型：等待突破確認，小倉觀察，不主動重倉,PRE 是主升段前卡位，只能小倉。,BLOCK：超出本市場狀態可執行名額
463,PRE,451,2,6219,WATCH,54.0,100.0,WAIT,BLOCK,False,12.2,50以下,0.0,0,不可下單,波動壓縮 | 均線收斂 | 接近突破 | 結構尚可,PRE 佈局型：等待突破確認，小倉觀察，不主動重倉,PRE 是主升段前卡位，只能小倉。,BLOCK：超出本市場狀態可執行名額
464,PRE,452,2,6220,WATCH,54.0,100.0,WAIT,BLOCK,False,25.2,50以下,0.0,0,不可下單,波動壓縮 | 均線收斂 | 接近突破 | 結構尚可,PRE 佈局型：等待突破確認，小倉觀察，不主動重倉,PRE 是主升段前卡位，只能小倉。,BLOCK：超出本市場狀態可執行名額
465,PRE,453,2,6229,WATCH,54.0,100.0,WAIT,BLOCK,False,24.2,50以下,0.0,0,不可下單,波動壓縮 | 均線收斂 | 接近突破 | 結構尚可,PRE 佈局型：等待突破確認，小倉觀察，不主動重倉,PRE 是主升段前卡位，只能小倉。,BLOCK：超出本市場狀態可執行名額
466,PRE,454,2,6235,WATCH,54.0,100.0,WAIT,BLOCK,False,39.1,50以下,0.0,0,不可下單,波動壓縮 | 均線收斂 | 接近突破 | 結構尚可,PRE 佈局型：等待突破確認，小倉觀察，不主動重倉,PRE 是主升段前卡位，只能小倉。,BLOCK：超出本市場狀態可執行名額
467,PRE,455,2,6242,WATCH,54.0,100.0,WAIT,BLOCK,False,34.05,50以下,0.0,0,不可下單,波動壓縮 | 均線收斂 | 接近突破 | 結構尚可,PRE 佈局型：等待突破確認，小倉觀察，不主動重倉,PRE 是主升段前卡位，只能小倉。,BLOCK：超出本市場狀態可執行名額
468,PRE,456,2,6243,WATCH,54.0,100.0,WAIT,BLOCK,False,39.5,50以下,0.0,0,不可下單,波動壓縮 | 均線收斂 | 接近突破 | 結構尚可,PRE 佈局型：等待突破確認，小倉觀察，不主動重倉,PRE 是主升段前卡位，只能小倉。,BLOCK：超出本市場狀態可執行名額
469,PRE,457,2,6246,WATCH,54.0,100.0,WAIT,BLOCK,False,12.85,50以下,0.0,0,不可下單,波動壓縮 | 均線收斂 | 接近突破 | 結構尚可,PRE 佈局型：等待突破確認，小倉觀察，不主動重倉,PRE 是主升段前卡位，只能小倉。,BLOCK：超出本市場狀態可執行名額
470,PRE,458,2,6248,WATCH,54.0,100.0,WAIT,BLOCK,False,17.15,50以下,0.0,0,不可下單,波動壓縮 | 均線收斂 | 接近突破 | 結構尚可,PRE 佈局型：等待突破確認，小倉觀察，不主動重倉,PRE 是主升段前卡位，只能小倉。,BLOCK：超出本市場狀態可執行名額
471,PRE,459,2,6261,WATCH,54.0,100.0,WAIT,BLOCK,False,79.1,50-100,0.0,0,不可下單,波動壓縮 | 均線收斂 | 接近突破 | 結構尚可,PRE 佈局型：等待突破確認，小倉觀察，不主動重倉,PRE 是主升段前卡位，只能小倉。,BLOCK：超出本市場狀態可執行名額
472,PRE,460,2,6264,WATCH,54.0,100.0,WAIT,BLOCK,False,6.03,50以下,0.0,0,不可下單,波動壓縮 | 均線收斂 | 接近突破 | 結構尚可,PRE 佈局型：等待突破確認，小倉觀察，不主動重倉,PRE 是主升段前卡位，只能小倉。,BLOCK：超出本市場狀態可執行名額
473,PRE,461,2,6266,WATCH,54.0,100.0,WAIT,BLOCK,False,25.0,50以下,0.0,0,不可下單,波動壓縮 | 均線收斂 | 接近突破 | 結構尚可,PRE 佈局型：等待突破確認，小倉觀察，不主動重倉,PRE 是主升段前卡位，只能小倉。,BLOCK：超出本市場狀態可執行名額
474,PRE,462,2,6270,WATCH,54.0,100.0,WAIT,BLOCK,False,30.0,50以下,0.0,0,不可下單,波動壓縮 | 均線收斂 | 接近突破 | 結構尚可,PRE 佈局型：等待突破確認，小倉觀察，不主動重倉,PRE 是主升段前卡位，只能小倉。,BLOCK：超出本市場狀態可執行名額
475,PRE,463,2,6275,WATCH,54.0,100.0,WAIT,BLOCK,False,47.15,50以下,0.0,0,不可下單,波動壓縮 | 均線收斂 | 接近突破 | 結構尚可,PRE 佈局型：等待突破確認，小倉觀察，不主動重倉,PRE 是主升段前卡位，只能小倉。,BLOCK：超出本市場狀態可執行名額
476,PRE,464,2,6279,WATCH,54.0,100.0,WAIT,BLOCK,False,112.5,100-500,0.0,0,不可下單,波動壓縮 | 均線收斂 | 接近突破 | 結構尚可,PRE 佈局型：等待突破確認，小倉觀察，不主動重倉,PRE 是主升段前卡位，只能小倉。,BLOCK：超出本市場狀態可執行名額
477,PRE,465,2,6281,WATCH,54.0,100.0,WAIT,BLOCK,False,51.0,50-100,0.0,0,不可下單,波動壓縮 | 均線收斂 | 接近突破 | 結構尚可,PRE 佈局型：等待突破確認，小倉觀察，不主動重倉,PRE 是主升段前卡位，只能小倉。,BLOCK：超出本市場狀態可執行名額
478,PRE,466,2,6294,WATCH,54.0,100.0,WAIT,BLOCK,False,28.25,50以下,0.0,0,不可下單,波動壓縮 | 均線收斂 | 接近突破 | 結構尚可,PRE 佈局型：等待突破確認，小倉觀察，不主動重倉,PRE 是主升段前卡位，只能小倉。,BLOCK：超出本市場狀態可執行名額
479,PRE,467,2,6411,WATCH,54.0,100.0,WAIT,BLOCK,False,77.6,50-100,0.0,0,不可下單,波動壓縮 | 均線收斂 | 接近突破 | 結構尚可,PRE 佈局型：等待突破確認，小倉觀察，不主動重倉,PRE 是主升段前卡位，只能小倉。,BLOCK：超出本市場狀態可執行名額
480,PRE,468,2,6417,WATCH,54.0,100.0,WAIT,BLOCK,False,102.0,100-500,0.0,0,不可下單,波動壓縮 | 均線收斂 | 接近突破 | 結構尚可,PRE 佈局型：等待突破確認，小倉觀察，不主動重倉,PRE 是主升段前卡位，只能小倉。,BLOCK：超出本市場狀態可執行名額
481,PRE,469,2,6418,WATCH,54.0,100.0,WAIT,BLOCK,False,34.65,50以下,0.0,0,不可下單,波動壓縮 | 均線收斂 | 接近突破 | 結構尚可,PRE 佈局型：等待突破確認，小倉觀察，不主動重倉,PRE 是主升段前卡位，只能小倉。,BLOCK：超出本市場狀態可執行名額
482,PRE,470,2,6423,WATCH,54.0,100.0,WAIT,BLOCK,False,85.9,50-100,0.0,0,不可下單,波動壓縮 | 均線收斂 | 接近突破 | 結構尚可,PRE 佈局型：等待突破確認，小倉觀察，不主動重倉,PRE 是主升段前卡位，只能小倉。,BLOCK：超出本市場狀態可執行名額
483,PRE,471,2,6461,WATCH,54.0,100.0,WAIT,BLOCK,False,24.45,50以下,0.0,0,不可下單,波動壓縮 | 均線收斂 | 接近突破 | 結構尚可,PRE 佈局型：等待突破確認，小倉觀察，不主動重倉,PRE 是主升段前卡位，只能小倉。,BLOCK：超出本市場狀態可執行名額
484,PRE,472,2,6469,WATCH,54.0,100.0,WAIT,BLOCK,False,64.4,50-100,0.0,0,不可下單,波動壓縮 | 均線收斂 | 接近突破 | 結構尚可,PRE 佈局型：等待突破確認，小倉觀察，不主動重倉,PRE 是主升段前卡位，只能小倉。,BLOCK：超出本市場狀態可執行名額
485,PRE,473,2,6470,WATCH,54.0,100.0,WAIT,BLOCK,False,42.7,50以下,0.0,0,不可下單,波動壓縮 | 均線收斂 | 接近突破 | 結構尚可,PRE 佈局型：等待突破確認，小倉觀察，不主動重倉,PRE 是主升段前卡位，只能小倉。,BLOCK：超出本市場狀態可執行名額
486,PRE,474,2,6474,WATCH,54.0,100.0,WAIT,BLOCK,False,35.7,50以下,0.0,0,不可下單,波動壓縮 | 均線收斂 | 接近突破 | 結構尚可,PRE 佈局型：等待突破確認，小倉觀察，不主動重倉,PRE 是主升段前卡位，只能小倉。,BLOCK：超出本市場狀態可執行名額
487,PRE,475,2,6486,WATCH,54.0,100.0,WAIT,BLOCK,False,80.6,50-100,0.0,0,不可下單,波動壓縮 | 均線收斂 | 接近突破 | 結構尚可,PRE 佈局型：等待突破確認，小倉觀察，不主動重倉,PRE 是主升段前卡位，只能小倉。,BLOCK：超出本市場狀態可執行名額
488,PRE,476,2,6492,WATCH,54.0,100.0,WAIT,BLOCK,False,34.35,50以下,0.0,0,不可下單,波動壓縮 | 均線收斂 | 接近突破 | 結構尚可,PRE 佈局型：等待突破確認，小倉觀察，不主動重倉,PRE 是主升段前卡位，只能小倉。,BLOCK：超出本市場狀態可執行名額
489,PRE,477,2,6506,WATCH,54.0,100.0,WAIT,BLOCK,False,18.6,50以下,0.0,0,不可下單,波動壓縮 | 均線收斂 | 接近突破 | 結構尚可,PRE 佈局型：等待突破確認，小倉觀察，不主動重倉,PRE 是主升段前卡位，只能小倉。,BLOCK：超出本市場狀態可執行名額
490,PRE,478,2,6512,WATCH,54.0,100.0,WAIT,BLOCK,False,20.25,50以下,0.0,0,不可下單,波動壓縮 | 均線收斂 | 接近突破 | 結構尚可,PRE 佈局型：等待突破確認，小倉觀察，不主動重倉,PRE 是主升段前卡位，只能小倉。,BLOCK：超出本市場狀態可執行名額
491,PRE,479,2,6523,WATCH,54.0,100.0,WAIT,BLOCK,False,91.0,50-100,0.0,0,不可下單,安靜吸籌 | 均線收斂 | 接近突破 | 結構尚可,PRE 佈局型：等待突破確認，小倉觀察，不主動重倉,PRE 是主升段前卡位，只能小倉。,BLOCK：超出本市場狀態可執行名額
492,PRE,480,2,6527,WATCH,54.0,100.0,WAIT,BLOCK,False,75.0,50-100,0.0,0,不可下單,波動壓縮 | 均線收斂 | 接近突破 | 結構尚可,PRE 佈局型：等待突破確認，小倉觀察，不主動重倉,PRE 是主升段前卡位，只能小倉。,BLOCK：超出本市場狀態可執行名額
493,PRE,481,2,6546,WATCH,54.0,100.0,WAIT,BLOCK,False,59.4,50-100,0.0,0,不可下單,波動壓縮 | 均線收斂 | 接近突破 | 結構尚可,PRE 佈局型：等待突破確認，小倉觀察，不主動重倉,PRE 是主升段前卡位，只能小倉。,BLOCK：超出本市場狀態可執行名額
494,PRE,482,2,6556,WATCH,54.0,100.0,WAIT,BLOCK,False,62.1,50-100,0.0,0,不可下單,波動壓縮 | 均線收斂 | 接近突破 | 結構尚可,PRE 佈局型：等待突破確認，小倉觀察，不主動重倉,PRE 是主升段前卡位，只能小倉。,BLOCK：超出本市場狀態可執行名額
495,PRE,483,2,6561,WATCH,54.0,100.0,WAIT,BLOCK,False,307.0,100-500,0.0,0,不可下單,波動壓縮 | 均線收斂 | 接近突破 | 結構尚可,PRE 佈局型：等待突破確認，小倉觀察，不主動重倉,PRE 是主升段前卡位，只能小倉。,BLOCK：超出本市場狀態可執行名額
496,PRE,484,2,6574,WATCH,54.0,100.0,WAIT,BLOCK,False,118.5,100-500,0.0,0,不可下單,波動壓縮 | 均線收斂 | 接近突破 | 結構尚可,PRE 佈局型：等待突破確認，小倉觀察，不主動重倉,PRE 是主升段前卡位，只能小倉。,BLOCK：超出本市場狀態可執行名額
497,PRE,485,2,6577,WATCH,54.0,100.0,WAIT,BLOCK,False,80.0,50-100,0.0,0,不可下單,波動壓縮 | 均線收斂 | 接近突破 | 結構尚可,PRE 佈局型：等待突破確認，小倉觀察，不主動重倉,PRE 是主升段前卡位，只能小倉。,BLOCK：超出本市場狀態可執行名額
498,PRE,486,2,6593,WATCH,54.0,100.0,WAIT,BLOCK,False,32.25,50以下,0.0,0,不可下單,波動壓縮 | 均線收斂 | 接近突破 | 結構尚可,PRE 佈局型：等待突破確認，小倉觀察，不主動重倉,PRE 是主升段前卡位，只能小倉。,BLOCK：超出本市場狀態可執行名額
499,PRE,487,2,6596,WATCH,54.0,100.0,WAIT,BLOCK,False,97.3,50-100,0.0,0,不可下單,波動壓縮 | 均線收斂 | 接近突破 | 結構尚可,PRE 佈局型：等待突破確認，小倉觀察，不主動重倉,PRE 是主升段前卡位，只能小倉。,BLOCK：超出本市場狀態可執行名額
500,PRE,488,2,6598,WATCH,54.0,100.0,WAIT,BLOCK,False,27.4,50以下,0.0,0,不可下單,波動壓縮 | 洗盤收回 | 均線收斂 | 結構尚可,PRE 佈局型：等待突破確認，小倉觀察，不主動重倉,PRE 是主升段前卡位，只能小倉。,BLOCK：超出本市場狀態可執行名額
501,PRE,489,2,6609,WATCH,54.0,100.0,WAIT,BLOCK,False,39.95,50以下,0.0,0,不可下單,波動壓縮 | 均線收斂 | 接近突破 | 結構尚可,PRE 佈局型：等待突破確認，小倉觀察，不主動重倉,PRE 是主升段前卡位，只能小倉。,BLOCK：超出本市場狀態可執行名額
502,PRE,490,2,6613,WATCH,54.0,100.0,WAIT,BLOCK,False,274.0,100-500,0.0,0,不可下單,波動壓縮 | 均線收斂 | 接近突破 | 結構尚可,PRE 佈局型：等待突破確認，小倉觀察，不主動重倉,PRE 是主升段前卡位，只能小倉。,BLOCK：超出本市場狀態可執行名額
503,PRE,491,2,6615,WATCH,54.0,100.0,WAIT,BLOCK,False,33.5,50以下,0.0,0,不可下單,波動壓縮 | 均線收斂 | 接近突破 | 結構尚可,PRE 佈局型：等待突破確認，小倉觀察，不主動重倉,PRE 是主升段前卡位，只能小倉。,BLOCK：超出本市場狀態可執行名額
504,PRE,492,2,6616,WATCH,54.0,100.0,WAIT,BLOCK,False,8.18,50以下,0.0,0,不可下單,波動壓縮 | 均線收斂 | 接近突破 | 結構尚可,PRE 佈局型：等待突破確認，小倉觀察，不主動重倉,PRE 是主升段前卡位，只能小倉。,BLOCK：超出本市場狀態可執行名額
505,PRE,493,2,6637,WATCH,54.0,100.0,WAIT,BLOCK,False,53.8,50-100,0.0,0,不可下單,波動壓縮 | 均線收斂 | 接近突破 | 結構尚可,PRE 佈局型：等待突破確認，小倉觀察，不主動重倉,PRE 是主升段前卡位，只能小倉。,BLOCK：超出本市場狀態可執行名額
506,PRE,494,2,6641,WATCH,54.0,100.0,WAIT,BLOCK,False,17.0,50以下,0.0,0,不可下單,波動壓縮 | 均線收斂 | 接近突破 | 結構尚可,PRE 佈局型：等待突破確認，小倉觀察，不主動重倉,PRE 是主升段前卡位，只能小倉。,BLOCK：超出本市場狀態可執行名額
507,PRE,495,2,6642,WATCH,54.0,100.0,WAIT,BLOCK,False,81.7,50-100,0.0,0,不可下單,波動壓縮 | 均線收斂 | 接近突破 | 結構尚可,PRE 佈局型：等待突破確認，小倉觀察，不主動重倉,PRE 是主升段前卡位，只能小倉。,BLOCK：超出本市場狀態可執行名額
508,PRE,496,2,6666,WATCH,54.0,100.0,WAIT,BLOCK,False,45.55,50以下,0.0,0,不可下單,波動壓縮 | 均線收斂 | 接近突破 | 結構尚可,PRE 佈局型：等待突破確認，小倉觀察，不主動重倉,PRE 是主升段前卡位，只能小倉。,BLOCK：超出本市場狀態可執行名額
509,PRE,497,2,6670,WATCH,54.0,100.0,WAIT,BLOCK,False,272.0,100-500,0.0,0,不可下單,波動壓縮 | 均線收斂 | 接近突破 | 結構尚可,PRE 佈局型：等待突破確認，小倉觀察，不主動重倉,PRE 是主升段前卡位，只能小倉。,BLOCK：超出本市場狀態可執行名額
510,PRE,498,2,6679,WATCH,54.0,100.0,WAIT,BLOCK,False,206.0,100-500,0.0,0,不可下單,波動壓縮 | 均線收斂 | 接近突破 | 結構尚可,PRE 佈局型：等待突破確認，小倉觀察，不主動重倉,PRE 是主升段前卡位，只能小倉。,BLOCK：超出本市場狀態可執行名額
511,PRE,499,2,6697,WATCH,54.0,100.0,WAIT,BLOCK,False,41.3,50以下,0.0,0,不可下單,波動壓縮 | 均線收斂 | 接近突破 | 結構尚可,PRE 佈局型：等待突破確認，小倉觀察，不主動重倉,PRE 是主升段前卡位，只能小倉。,BLOCK：超出本市場狀態可執行名額
512,PRE,500,2,6703,WATCH,54.0,100.0,WAIT,BLOCK,False,100.5,100-500,0.0,0,不可下單,波動壓縮 | 均線收斂 | 接近突破 | 結構尚可,PRE 佈局型：等待突破確認，小倉觀察，不主動重倉,PRE 是主升段前卡位，只能小倉。,BLOCK：超出本市場狀態可執行名額
513,PRE,501,2,6712,WATCH,54.0,100.0,WAIT,BLOCK,False,162.0,100-500,0.0,0,不可下單,波動壓縮 | 均線收斂 | 接近突破 | 結構尚可,PRE 佈局型：等待突破確認，小倉觀察，不主動重倉,PRE 是主升段前卡位，只能小倉。,BLOCK：超出本市場狀態可執行名額
514,PRE,502,2,6720,WATCH,54.0,100.0,WAIT,BLOCK,False,127.5,100-500,0.0,0,不可下單,波動壓縮 | 均線收斂 | 接近突破 | 結構尚可,PRE 佈局型：等待突破確認，小倉觀察，不主動重倉,PRE 是主升段前卡位，只能小倉。,BLOCK：超出本市場狀態可執行名額
515,PRE,503,2,6721,WATCH,54.0,100.0,WAIT,BLOCK,False,50.0,50-100,0.0,0,不可下單,波動壓縮 | 均線收斂 | 接近突破 | 結構尚可,PRE 佈局型：等待突破確認，小倉觀察，不主動重倉,PRE 是主升段前卡位，只能小倉。,BLOCK：超出本市場狀態可執行名額
516,PRE,504,2,6728,WATCH,54.0,100.0,WAIT,BLOCK,False,109.0,100-500,0.0,0,不可下單,波動壓縮 | 均線收斂 | 接近突破 | 結構尚可,PRE 佈局型：等待突破確認，小倉觀察，不主動重倉,PRE 是主升段前卡位，只能小倉。,BLOCK：超出本市場狀態可執行名額
517,PRE,505,2,6730,WATCH,54.0,100.0,WAIT,BLOCK,False,32.0,50以下,0.0,0,不可下單,波動壓縮 | 均線收斂 | 接近突破 | 結構尚可,PRE 佈局型：等待突破確認，小倉觀察，不主動重倉,PRE 是主升段前卡位，只能小倉。,BLOCK：超出本市場狀態可執行名額
518,PRE,506,2,6732,WATCH,54.0,100.0,WAIT,BLOCK,False,151.5,100-500,0.0,0,不可下單,波動壓縮 | 均線收斂 | 接近突破 | 結構尚可,PRE 佈局型：等待突破確認，小倉觀察，不主動重倉,PRE 是主升段前卡位，只能小倉。,BLOCK：超出本市場狀態可執行名額
519,PRE,507,2,6733,WATCH,54.0,100.0,WAIT,BLOCK,False,24.95,50以下,0.0,0,不可下單,波動壓縮 | 均線收斂 | 接近突破 | 結構尚可,PRE 佈局型：等待突破確認，小倉觀察，不主動重倉,PRE 是主升段前卡位，只能小倉。,BLOCK：超出本市場狀態可執行名額
520,PRE,508,2,6751,WATCH,54.0,100.0,WAIT,BLOCK,False,44.5,50以下,0.0,0,不可下單,波動壓縮 | 均線收斂 | 接近突破 | 結構尚可,PRE 佈局型：等待突破確認，小倉觀察，不主動重倉,PRE 是主升段前卡位，只能小倉。,BLOCK：超出本市場狀態可執行名額
521,PRE,509,2,6752,WATCH,54.0,100.0,WAIT,BLOCK,False,96.0,50-100,0.0,0,不可下單,波動壓縮 | 均線收斂 | 接近突破 | 結構尚可,PRE 佈局型：等待突破確認，小倉觀察，不主動重倉,PRE 是主升段前卡位，只能小倉。,BLOCK：超出本市場狀態可執行名額
522,PRE,510,2,6754,WATCH,54.0,100.0,WAIT,BLOCK,False,41.5,50以下,0.0,0,不可下單,波動壓縮 | 均線收斂 | 接近突破 | 結構尚可,PRE 佈局型：等待突破確認，小倉觀察，不主動重倉,PRE 是主升段前卡位，只能小倉。,BLOCK：超出本市場狀態可執行名額
523,PRE,511,2,6762,WATCH,54.0,100.0,WAIT,BLOCK,False,158.0,100-500,0.0,0,不可下單,波動壓縮 | 均線收斂 | 接近突破 | 結構尚可,PRE 佈局型：等待突破確認，小倉觀察，不主動重倉,PRE 是主升段前卡位，只能小倉。,BLOCK：超出本市場狀態可執行名額
524,PRE,512,2,6763,WATCH,54.0,100.0,WAIT,BLOCK,False,41.3,50以下,0.0,0,不可下單,波動壓縮 | 均線收斂 | 接近突破 | 結構尚可,PRE 佈局型：等待突破確認，小倉觀察，不主動重倉,PRE 是主升段前卡位，只能小倉。,BLOCK：超出本市場狀態可執行名額
525,PRE,513,2,6776,WATCH,54.0,100.0,WAIT,BLOCK,False,52.9,50-100,0.0,0,不可下單,波動壓縮 | 均線收斂 | 接近突破 | 結構尚可,PRE 佈局型：等待突破確認，小倉觀察，不主動重倉,PRE 是主升段前卡位，只能小倉。,BLOCK：超出本市場狀態可執行名額
526,PRE,514,2,6788,WATCH,54.0,100.0,WAIT,BLOCK,False,349.0,100-500,0.0,0,不可下單,波動壓縮 | 均線收斂 | 接近突破 | 結構尚可,PRE 佈局型：等待突破確認，小倉觀察，不主動重倉,PRE 是主升段前卡位，只能小倉。,BLOCK：超出本市場狀態可執行名額
527,PRE,515,2,6792,WATCH,54.0,100.0,WAIT,BLOCK,False,59.6,50-100,0.0,0,不可下單,波動壓縮 | 均線收斂 | 接近突破 | 結構尚可,PRE 佈局型：等待突破確認，小倉觀察，不主動重倉,PRE 是主升段前卡位，只能小倉。,BLOCK：超出本市場狀態可執行名額
528,PRE,516,2,6803,WATCH,54.0,100.0,WAIT,BLOCK,False,267.0,100-500,0.0,0,不可下單,波動壓縮 | 均線收斂 | 接近突破 | 結構尚可,PRE 佈局型：等待突破確認，小倉觀察，不主動重倉,PRE 是主升段前卡位，只能小倉。,BLOCK：超出本市場狀態可執行名額
529,PRE,517,2,6804,WATCH,54.0,100.0,WAIT,BLOCK,False,18.35,50以下,0.0,0,不可下單,波動壓縮 | 均線收斂 | 接近突破 | 結構尚可,PRE 佈局型：等待突破確認，小倉觀察，不主動重倉,PRE 是主升段前卡位，只能小倉。,BLOCK：超出本市場狀態可執行名額
530,PRE,518,2,6843,WATCH,54.0,100.0,WAIT,BLOCK,False,38.55,50以下,0.0,0,不可下單,波動壓縮 | 均線收斂 | 接近突破 | 結構尚可,PRE 佈局型：等待突破確認，小倉觀察，不主動重倉,PRE 是主升段前卡位，只能小倉。,BLOCK：超出本市場狀態可執行名額
531,PRE,519,2,6844,WATCH,54.0,100.0,WAIT,BLOCK,False,57.5,50-100,0.0,0,不可下單,波動壓縮 | 均線收斂 | 接近突破 | 結構尚可,PRE 佈局型：等待突破確認，小倉觀察，不主動重倉,PRE 是主升段前卡位，只能小倉。,BLOCK：超出本市場狀態可執行名額
532,PRE,520,2,6846,WATCH,54.0,100.0,WAIT,BLOCK,False,58.5,50-100,0.0,0,不可下單,波動壓縮 | 均線收斂 | 接近突破 | 結構尚可,PRE 佈局型：等待突破確認，小倉觀察，不主動重倉,PRE 是主升段前卡位，只能小倉。,BLOCK：超出本市場狀態可執行名額
533,PRE,521,2,6856,WATCH,54.0,100.0,WAIT,BLOCK,False,42.0,50以下,0.0,0,不可下單,波動壓縮 | 均線收斂 | 接近突破 | 結構尚可,PRE 佈局型：等待突破確認，小倉觀察，不主動重倉,PRE 是主升段前卡位，只能小倉。,BLOCK：超出本市場狀態可執行名額
534,PRE,522,2,6859,WATCH,54.0,100.0,WAIT,BLOCK,False,120.5,100-500,0.0,0,不可下單,波動壓縮 | 均線收斂 | 接近突破 | 結構尚可,PRE 佈局型：等待突破確認，小倉觀察，不主動重倉,PRE 是主升段前卡位，只能小倉。,BLOCK：超出本市場狀態可執行名額
535,PRE,523,2,6874,WATCH,54.0,100.0,WAIT,BLOCK,False,69.8,50-100,0.0,0,不可下單,波動壓縮 | 均線收斂 | 接近突破 | 結構尚可,PRE 佈局型：等待突破確認，小倉觀察，不主動重倉,PRE 是主升段前卡位，只能小倉。,BLOCK：超出本市場狀態可執行名額
536,PRE,524,2,6881,WATCH,54.0,100.0,WAIT,BLOCK,False,214.5,100-500,0.0,0,不可下單,波動壓縮 | 均線收斂 | 接近突破 | 結構尚可,PRE 佈局型：等待突破確認，小倉觀察，不主動重倉,PRE 是主升段前卡位，只能小倉。,BLOCK：超出本市場狀態可執行名額
537,PRE,525,2,6894,WATCH,54.0,100.0,WAIT,BLOCK,False,361.0,100-500,0.0,0,不可下單,波動壓縮 | 均線收斂 | 接近突破 | 結構尚可,PRE 佈局型：等待突破確認，小倉觀察，不主動重倉,PRE 是主升段前卡位，只能小倉。,BLOCK：超出本市場狀態可執行名額
538,PRE,526,2,6899,WATCH,54.0,100.0,WAIT,BLOCK,False,49.8,50以下,0.0,0,不可下單,波動壓縮 | 均線收斂 | 接近突破 | 結構尚可,PRE 佈局型：等待突破確認，小倉觀察，不主動重倉,PRE 是主升段前卡位，只能小倉。,BLOCK：超出本市場狀態可執行名額
539,PRE,527,2,6923,WATCH,54.0,100.0,WAIT,BLOCK,False,75.2,50-100,0.0,0,不可下單,波動壓縮 | 均線收斂 | 接近突破 | 結構尚可,PRE 佈局型：等待突破確認，小倉觀察，不主動重倉,PRE 是主升段前卡位，只能小倉。,BLOCK：超出本市場狀態可執行名額
540,PRE,528,2,6929,WATCH,54.0,100.0,WAIT,BLOCK,False,21.8,50以下,0.0,0,不可下單,波動壓縮 | 均線收斂 | 接近突破 | 結構尚可,PRE 佈局型：等待突破確認，小倉觀察，不主動重倉,PRE 是主升段前卡位，只能小倉。,BLOCK：超出本市場狀態可執行名額
541,PRE,529,2,6936,WATCH,54.0,100.0,WAIT,BLOCK,False,32.0,50以下,0.0,0,不可下單,波動壓縮 | 均線收斂 | 接近突破 | 結構尚可,PRE 佈局型：等待突破確認，小倉觀察，不主動重倉,PRE 是主升段前卡位，只能小倉。,BLOCK：超出本市場狀態可執行名額
542,PRE,530,2,6953,WATCH,54.0,100.0,WAIT,BLOCK,False,245.0,100-500,0.0,0,不可下單,波動壓縮 | 均線收斂 | 接近突破 | 結構尚可,PRE 佈局型：等待突破確認，小倉觀察，不主動重倉,PRE 是主升段前卡位，只能小倉。,BLOCK：超出本市場狀態可執行名額
543,PRE,531,2,6958,WATCH,54.0,100.0,WAIT,BLOCK,False,17.5,50以下,0.0,0,不可下單,波動壓縮 | 均線收斂 | 接近突破 | 結構尚可,PRE 佈局型：等待突破確認，小倉觀察，不主動重倉,PRE 是主升段前卡位，只能小倉。,BLOCK：超出本市場狀態可執行名額
544,PRE,532,2,6961,WATCH,54.0,100.0,WAIT,BLOCK,False,48.1,50以下,0.0,0,不可下單,波動壓縮 | 均線收斂 | 接近突破 | 結構尚可,PRE 佈局型：等待突破確認，小倉觀察，不主動重倉,PRE 是主升段前卡位，只能小倉。,BLOCK：超出本市場狀態可執行名額
545,PRE,533,2,6983,WATCH,54.0,100.0,WAIT,BLOCK,False,348.0,100-500,0.0,0,不可下單,波動壓縮 | 均線收斂 | 接近突破 | 結構尚可,PRE 佈局型：等待突破確認，小倉觀察，不主動重倉,PRE 是主升段前卡位，只能小倉。,BLOCK：超出本市場狀態可執行名額
546,PRE,534,2,7402,WATCH,54.0,100.0,WAIT,BLOCK,False,101.0,100-500,0.0,0,不可下單,波動壓縮 | 均線收斂 | 接近突破 | 結構尚可,PRE 佈局型：等待突破確認，小倉觀察，不主動重倉,PRE 是主升段前卡位，只能小倉。,BLOCK：超出本市場狀態可執行名額
547,PRE,535,2,7704,WATCH,54.0,100.0,WAIT,BLOCK,False,61.4,50-100,0.0,0,不可下單,波動壓縮 | 均線收斂 | 接近突破 | 結構尚可,PRE 佈局型：等待突破確認，小倉觀察，不主動重倉,PRE 是主升段前卡位，只能小倉。,BLOCK：超出本市場狀態可執行名額
548,PRE,536,2,7708,WATCH,54.0,100.0,WAIT,BLOCK,False,92.2,50-100,0.0,0,不可下單,波動壓縮 | 均線收斂 | 接近突破 | 結構尚可,PRE 佈局型：等待突破確認，小倉觀察，不主動重倉,PRE 是主升段前卡位，只能小倉。,BLOCK：超出本市場狀態可執行名額
549,PRE,537,2,7713,WATCH,54.0,100.0,WAIT,BLOCK,False,74.3,50-100,0.0,0,不可下單,波動壓縮 | 均線收斂 | 接近突破 | 結構尚可,PRE 佈局型：等待突破確認，小倉觀察，不主動重倉,PRE 是主升段前卡位，只能小倉。,BLOCK：超出本市場狀態可執行名額
550,PRE,538,2,7718,WATCH,54.0,100.0,WAIT,BLOCK,False,45.8,50以下,0.0,0,不可下單,波動壓縮 | 均線收斂 | 接近突破 | 結構尚可,PRE 佈局型：等待突破確認，小倉觀察，不主動重倉,PRE 是主升段前卡位，只能小倉。,BLOCK：超出本市場狀態可執行名額
551,PRE,539,2,7747,WATCH,54.0,100.0,WAIT,BLOCK,False,111.5,100-500,0.0,0,不可下單,波動壓縮 | 均線收斂 | 接近突破 | 結構尚可,PRE 佈局型：等待突破確認，小倉觀察，不主動重倉,PRE 是主升段前卡位，只能小倉。,BLOCK：超出本市場狀態可執行名額
552,PRE,540,2,7753,WATCH,54.0,100.0,WAIT,BLOCK,False,35.6,50以下,0.0,0,不可下單,波動壓縮 | 均線收斂 | 接近突破 | 結構尚可,PRE 佈局型：等待突破確認，小倉觀察，不主動重倉,PRE 是主升段前卡位，只能小倉。,BLOCK：超出本市場狀態可執行名額
553,PRE,541,2,7757,WATCH,54.0,100.0,WAIT,BLOCK,False,90.2,50-100,0.0,0,不可下單,波動壓縮 | 均線收斂 | 接近突破 | 結構尚可,PRE 佈局型：等待突破確認，小倉觀察，不主動重倉,PRE 是主升段前卡位，只能小倉。,BLOCK：超出本市場狀態可執行名額
554,PRE,542,2,7782,WATCH,54.0,100.0,WAIT,BLOCK,False,25.25,50以下,0.0,0,不可下單,波動壓縮 | 均線收斂 | 接近突破 | 結構尚可,PRE 佈局型：等待突破確認，小倉觀察，不主動重倉,PRE 是主升段前卡位，只能小倉。,BLOCK：超出本市場狀態可執行名額
555,PRE,543,2,7805,WATCH,54.0,100.0,WAIT,BLOCK,False,494.0,100-500,0.0,0,不可下單,波動壓縮 | 均線收斂 | 接近突破 | 結構尚可,PRE 佈局型：等待突破確認，小倉觀察，不主動重倉,PRE 是主升段前卡位，只能小倉。,BLOCK：超出本市場狀態可執行名額
556,PRE,544,2,7814,WATCH,54.0,100.0,WAIT,BLOCK,False,28.25,50以下,0.0,0,不可下單,波動壓縮 | 均線收斂 | 接近突破 | 結構尚可,PRE 佈局型：等待突破確認，小倉觀察，不主動重倉,PRE 是主升段前卡位，只能小倉。,BLOCK：超出本市場狀態可執行名額
557,PRE,545,2,7819,WATCH,54.0,100.0,WAIT,BLOCK,False,33.7,50以下,0.0,0,不可下單,波動壓縮 | 均線收斂 | 接近突破 | 結構尚可,PRE 佈局型：等待突破確認，小倉觀察，不主動重倉,PRE 是主升段前卡位，只能小倉。,BLOCK：超出本市場狀態可執行名額
558,PRE,546,2,7839,WATCH,54.0,100.0,WAIT,BLOCK,False,43.2,50以下,0.0,0,不可下單,波動壓縮 | 均線收斂 | 接近突破 | 結構尚可,PRE 佈局型：等待突破確認，小倉觀察，不主動重倉,PRE 是主升段前卡位，只能小倉。,BLOCK：超出本市場狀態可執行名額
559,PRE,547,2,8032,WATCH,54.0,100.0,WAIT,BLOCK,False,36.2,50以下,0.0,0,不可下單,波動壓縮 | 均線收斂 | 接近突破 | 結構尚可,PRE 佈局型：等待突破確認，小倉觀察，不主動重倉,PRE 是主升段前卡位，只能小倉。,BLOCK：超出本市場狀態可執行名額
560,PRE,548,2,8034,WATCH,54.0,100.0,WAIT,BLOCK,False,20.35,50以下,0.0,0,不可下單,波動壓縮 | 均線收斂 | 接近突破 | 結構尚可,PRE 佈局型：等待突破確認，小倉觀察，不主動重倉,PRE 是主升段前卡位，只能小倉。,BLOCK：超出本市場狀態可執行名額
561,PRE,549,2,8048,WATCH,54.0,100.0,WAIT,BLOCK,False,50.6,50-100,0.0,0,不可下單,波動壓縮 | 均線收斂 | 接近突破 | 結構尚可,PRE 佈局型：等待突破確認，小倉觀察，不主動重倉,PRE 是主升段前卡位，只能小倉。,BLOCK：超出本市場狀態可執行名額
562,PRE,550,2,8049,WATCH,54.0,100.0,WAIT,BLOCK,False,24.6,50以下,0.0,0,不可下單,波動壓縮 | 均線收斂 | 接近突破 | 結構尚可,PRE 佈局型：等待突破確認，小倉觀察，不主動重倉,PRE 是主升段前卡位，只能小倉。,BLOCK：超出本市場狀態可執行名額
563,PRE,551,2,8069,WATCH,54.0,100.0,WAIT,BLOCK,False,144.0,100-500,0.0,0,不可下單,波動壓縮 | 均線收斂 | 接近突破 | 結構尚可,PRE 佈局型：等待突破確認，小倉觀察，不主動重倉,PRE 是主升段前卡位，只能小倉。,BLOCK：超出本市場狀態可執行名額
564,PRE,552,2,8071,WATCH,54.0,100.0,WAIT,BLOCK,False,22.05,50以下,0.0,0,不可下單,波動壓縮 | 均線收斂 | 接近突破 | 結構尚可,PRE 佈局型：等待突破確認，小倉觀察，不主動重倉,PRE 是主升段前卡位，只能小倉。,BLOCK：超出本市場狀態可執行名額
565,PRE,553,2,8076,WATCH,54.0,100.0,WAIT,BLOCK,False,21.8,50以下,0.0,0,不可下單,波動壓縮 | 均線收斂 | 接近突破 | 結構尚可,PRE 佈局型：等待突破確認，小倉觀察，不主動重倉,PRE 是主升段前卡位，只能小倉。,BLOCK：超出本市場狀態可執行名額
566,PRE,554,2,8077,WATCH,54.0,100.0,WAIT,BLOCK,False,42.15,50以下,0.0,0,不可下單,波動壓縮 | 均線收斂 | 接近突破 | 結構尚可,PRE 佈局型：等待突破確認，小倉觀察，不主動重倉,PRE 是主升段前卡位，只能小倉。,BLOCK：超出本市場狀態可執行名額
567,PRE,555,2,8092,WATCH,54.0,100.0,WAIT,BLOCK,False,12.6,50以下,0.0,0,不可下單,波動壓縮 | 均線收斂 | 接近突破 | 結構尚可,PRE 佈局型：等待突破確認，小倉觀察，不主動重倉,PRE 是主升段前卡位，只能小倉。,BLOCK：超出本市場狀態可執行名額
568,PRE,556,2,8097,WATCH,54.0,100.0,WAIT,BLOCK,False,48.5,50以下,0.0,0,不可下單,波動壓縮 | 均線收斂 | 接近突破 | 結構尚可,PRE 佈局型：等待突破確認，小倉觀察，不主動重倉,PRE 是主升段前卡位，只能小倉。,BLOCK：超出本市場狀態可執行名額
569,PRE,557,2,8107,WATCH,54.0,100.0,WAIT,BLOCK,False,12.0,50以下,0.0,0,不可下單,波動壓縮 | 均線收斂 | 接近突破 | 結構尚可,PRE 佈局型：等待突破確認，小倉觀察，不主動重倉,PRE 是主升段前卡位，只能小倉。,BLOCK：超出本市場狀態可執行名額
570,PRE,558,2,8109,WATCH,54.0,100.0,WAIT,BLOCK,False,135.0,100-500,0.0,0,不可下單,波動壓縮 | 均線收斂 | 接近突破 | 結構尚可,PRE 佈局型：等待突破確認，小倉觀察，不主動重倉,PRE 是主升段前卡位，只能小倉。,BLOCK：超出本市場狀態可執行名額
571,PRE,559,2,8176,WATCH,54.0,100.0,WAIT,BLOCK,False,9.76,50以下,0.0,0,不可下單,波動壓縮 | 均線收斂 | 接近突破 | 結構尚可,PRE 佈局型：等待突破確認，小倉觀察，不主動重倉,PRE 是主升段前卡位，只能小倉。,BLOCK：超出本市場狀態可執行名額
572,PRE,560,2,8279,WATCH,54.0,100.0,WAIT,BLOCK,False,78.0,50-100,0.0,0,不可下單,波動壓縮 | 均線收斂 | 接近突破 | 結構尚可,PRE 佈局型：等待突破確認，小倉觀察，不主動重倉,PRE 是主升段前卡位，只能小倉。,BLOCK：超出本市場狀態可執行名額
573,PRE,561,2,8284,WATCH,54.0,100.0,WAIT,BLOCK,False,68.0,50-100,0.0,0,不可下單,波動壓縮 | 均線收斂 | 接近突破 | 結構尚可,PRE 佈局型：等待突破確認，小倉觀察，不主動重倉,PRE 是主升段前卡位，只能小倉。,BLOCK：超出本市場狀態可執行名額
574,PRE,562,2,8341,WATCH,54.0,100.0,WAIT,BLOCK,False,74.4,50-100,0.0,0,不可下單,波動壓縮 | 均線收斂 | 接近突破 | 結構尚可,PRE 佈局型：等待突破確認，小倉觀察，不主動重倉,PRE 是主升段前卡位，只能小倉。,BLOCK：超出本市場狀態可執行名額
575,PRE,563,2,8342,WATCH,54.0,100.0,WAIT,BLOCK,False,83.5,50-100,0.0,0,不可下單,波動壓縮 | 均線收斂 | 接近突破 | 結構尚可,PRE 佈局型：等待突破確認，小倉觀察，不主動重倉,PRE 是主升段前卡位，只能小倉。,BLOCK：超出本市場狀態可執行名額
576,PRE,564,2,8383,WATCH,54.0,100.0,WAIT,BLOCK,False,68.4,50-100,0.0,0,不可下單,波動壓縮 | 均線收斂 | 接近突破 | 結構尚可,PRE 佈局型：等待突破確認，小倉觀察，不主動重倉,PRE 是主升段前卡位，只能小倉。,BLOCK：超出本市場狀態可執行名額
577,PRE,565,2,8403,WATCH,54.0,100.0,WAIT,BLOCK,False,18.95,50以下,0.0,0,不可下單,波動壓縮 | 均線收斂 | 接近突破 | 結構尚可,PRE 佈局型：等待突破確認，小倉觀察，不主動重倉,PRE 是主升段前卡位，只能小倉。,BLOCK：超出本市場狀態可執行名額
578,PRE,566,2,8409,WATCH,54.0,100.0,WAIT,BLOCK,False,18.0,50以下,0.0,0,不可下單,波動壓縮 | 均線收斂 | 接近突破 | 結構尚可,PRE 佈局型：等待突破確認，小倉觀察，不主動重倉,PRE 是主升段前卡位，只能小倉。,BLOCK：超出本市場狀態可執行名額
579,PRE,567,2,8426,WATCH,54.0,100.0,WAIT,BLOCK,False,20.65,50以下,0.0,0,不可下單,波動壓縮 | 均線收斂 | 接近突破 | 結構尚可,PRE 佈局型：等待突破確認，小倉觀察，不主動重倉,PRE 是主升段前卡位，只能小倉。,BLOCK：超出本市場狀態可執行名額
580,PRE,568,2,8435,WATCH,54.0,100.0,WAIT,BLOCK,False,53.4,50-100,0.0,0,不可下單,波動壓縮 | 均線收斂 | 接近突破 | 結構尚可,PRE 佈局型：等待突破確認，小倉觀察，不主動重倉,PRE 是主升段前卡位，只能小倉。,BLOCK：超出本市場狀態可執行名額
581,PRE,569,2,8436,WATCH,54.0,100.0,WAIT,BLOCK,False,106.5,100-500,0.0,0,不可下單,波動壓縮 | 均線收斂 | 接近突破 | 結構尚可,PRE 佈局型：等待突破確認，小倉觀察，不主動重倉,PRE 是主升段前卡位，只能小倉。,BLOCK：超出本市場狀態可執行名額
582,PRE,570,2,8440,WATCH,54.0,100.0,WAIT,BLOCK,False,20.35,50以下,0.0,0,不可下單,波動壓縮 | 均線收斂 | 接近突破 | 結構尚可,PRE 佈局型：等待突破確認，小倉觀察，不主動重倉,PRE 是主升段前卡位，只能小倉。,BLOCK：超出本市場狀態可執行名額
583,PRE,571,2,8446,WATCH,54.0,100.0,WAIT,BLOCK,False,84.8,50-100,0.0,0,不可下單,波動壓縮 | 均線收斂 | 接近突破 | 結構尚可,PRE 佈局型：等待突破確認，小倉觀察，不主動重倉,PRE 是主升段前卡位，只能小倉。,BLOCK：超出本市場狀態可執行名額
584,PRE,572,2,8450,WATCH,54.0,100.0,WAIT,BLOCK,False,14.3,50以下,0.0,0,不可下單,波動壓縮 | 均線收斂 | 接近突破 | 結構尚可,PRE 佈局型：等待突破確認，小倉觀察，不主動重倉,PRE 是主升段前卡位，只能小倉。,BLOCK：超出本市場狀態可執行名額
585,PRE,573,2,8464,WATCH,54.0,100.0,WAIT,BLOCK,False,366.5,100-500,0.0,0,不可下單,波動壓縮 | 均線收斂 | 接近突破 | 結構尚可,PRE 佈局型：等待突破確認，小倉觀察，不主動重倉,PRE 是主升段前卡位，只能小倉。,BLOCK：超出本市場狀態可執行名額
586,PRE,574,2,8478,WATCH,54.0,100.0,WAIT,BLOCK,False,141.0,100-500,0.0,0,不可下單,波動壓縮 | 均線收斂 | 接近突破 | 結構尚可,PRE 佈局型：等待突破確認，小倉觀察，不主動重倉,PRE 是主升段前卡位，只能小倉。,BLOCK：超出本市場狀態可執行名額
587,PRE,575,2,8905,WATCH,54.0,100.0,WAIT,BLOCK,False,34.65,50以下,0.0,0,不可下單,波動壓縮 | 均線收斂 | 接近突破 | 結構尚可,PRE 佈局型：等待突破確認，小倉觀察，不主動重倉,PRE 是主升段前卡位，只能小倉。,BLOCK：超出本市場狀態可執行名額
588,PRE,576,2,8908,WATCH,54.0,100.0,WAIT,BLOCK,False,40.35,50以下,0.0,0,不可下單,波動壓縮 | 均線收斂 | 接近突破 | 結構尚可,PRE 佈局型：等待突破確認，小倉觀察，不主動重倉,PRE 是主升段前卡位，只能小倉。,BLOCK：超出本市場狀態可執行名額
589,PRE,577,2,8921,WATCH,54.0,100.0,WAIT,BLOCK,False,16.8,50以下,0.0,0,不可下單,波動壓縮 | 均線收斂 | 接近突破 | 結構尚可,PRE 佈局型：等待突破確認，小倉觀察，不主動重倉,PRE 是主升段前卡位，只能小倉。,BLOCK：超出本市場狀態可執行名額
590,PRE,578,2,8927,WATCH,54.0,100.0,WAIT,BLOCK,False,18.75,50以下,0.0,0,不可下單,波動壓縮 | 均線收斂 | 接近突破 | 結構尚可,PRE 佈局型：等待突破確認，小倉觀察，不主動重倉,PRE 是主升段前卡位，只能小倉。,BLOCK：超出本市場狀態可執行名額
591,PRE,579,2,8929,WATCH,54.0,100.0,WAIT,BLOCK,False,13.2,50以下,0.0,0,不可下單,波動壓縮 | 均線收斂 | 接近突破 | 結構尚可,PRE 佈局型：等待突破確認，小倉觀察，不主動重倉,PRE 是主升段前卡位，只能小倉。,BLOCK：超出本市場狀態可執行名額
592,PRE,580,2,8930,WATCH,54.0,100.0,WAIT,BLOCK,False,28.75,50以下,0.0,0,不可下單,波動壓縮 | 均線收斂 | 接近突破 | 結構尚可,PRE 佈局型：等待突破確認，小倉觀察，不主動重倉,PRE 是主升段前卡位，只能小倉。,BLOCK：超出本市場狀態可執行名額
593,PRE,581,2,8932,WATCH,54.0,100.0,WAIT,BLOCK,False,92.6,50-100,0.0,0,不可下單,波動壓縮 | 均線收斂 | 接近突破 | 結構尚可,PRE 佈局型：等待突破確認，小倉觀察，不主動重倉,PRE 是主升段前卡位，只能小倉。,BLOCK：超出本市場狀態可執行名額
594,PRE,582,2,8938,WATCH,54.0,100.0,WAIT,BLOCK,False,52.6,50-100,0.0,0,不可下單,波動壓縮 | 均線收斂 | 接近突破 | 結構尚可,PRE 佈局型：等待突破確認，小倉觀察，不主動重倉,PRE 是主升段前卡位，只能小倉。,BLOCK：超出本市場狀態可執行名額
595,PRE,583,2,8942,WATCH,54.0,100.0,WAIT,BLOCK,False,40.2,50以下,0.0,0,不可下單,波動壓縮 | 均線收斂 | 接近突破 | 結構尚可,PRE 佈局型：等待突破確認，小倉觀察，不主動重倉,PRE 是主升段前卡位，只能小倉。,BLOCK：超出本市場狀態可執行名額
596,PRE,584,2,9103,WATCH,54.0,100.0,WAIT,BLOCK,False,4.98,50以下,0.0,0,不可下單,波動壓縮 | 均線收斂 | 接近突破 | 結構尚可,PRE 佈局型：等待突破確認，小倉觀察，不主動重倉,PRE 是主升段前卡位，只能小倉。,BLOCK：超出本市場狀態可執行名額
597,PRE,585,2,9904,WATCH,54.0,100.0,WAIT,BLOCK,False,24.95,50以下,0.0,0,不可下單,波動壓縮 | 均線收斂 | 接近突破 | 結構尚可,PRE 佈局型：等待突破確認，小倉觀察，不主動重倉,PRE 是主升段前卡位，只能小倉。,BLOCK：超出本市場狀態可執行名額
598,PRE,586,2,9905,WATCH,54.0,100.0,WAIT,BLOCK,False,21.35,50以下,0.0,0,不可下單,波動壓縮 | 均線收斂 | 接近突破 | 結構尚可,PRE 佈局型：等待突破確認，小倉觀察，不主動重倉,PRE 是主升段前卡位，只能小倉。,BLOCK：超出本市場狀態可執行名額
599,PRE,587,2,9907,WATCH,54.0,100.0,WAIT,BLOCK,False,14.9,50以下,0.0,0,不可下單,波動壓縮 | 均線收斂 | 接近突破 | 結構尚可,PRE 佈局型：等待突破確認，小倉觀察，不主動重倉,PRE 是主升段前卡位，只能小倉。,BLOCK：超出本市場狀態可執行名額
600,PRE,588,2,9908,WATCH,54.0,100.0,WAIT,BLOCK,False,29.0,50以下,0.0,0,不可下單,波動壓縮 | 均線收斂 | 接近突破 | 結構尚可,PRE 佈局型：等待突破確認，小倉觀察，不主動重倉,PRE 是主升段前卡位，只能小倉。,BLOCK：超出本市場狀態可執行名額
601,PRE,589,2,9917,WATCH,54.0,100.0,WAIT,BLOCK,False,105.5,100-500,0.0,0,不可下單,波動壓縮 | 均線收斂 | 接近突破 | 結構尚可,PRE 佈局型：等待突破確認，小倉觀察，不主動重倉,PRE 是主升段前卡位，只能小倉。,BLOCK：超出本市場狀態可執行名額
602,PRE,590,2,9919,WATCH,54.0,100.0,WAIT,BLOCK,False,13.85,50以下,0.0,0,不可下單,波動壓縮 | 均線收斂 | 接近突破 | 結構尚可,PRE 佈局型：等待突破確認，小倉觀察，不主動重倉,PRE 是主升段前卡位，只能小倉。,BLOCK：超出本市場狀態可執行名額
603,PRE,591,2,9925,WATCH,54.0,100.0,WAIT,BLOCK,False,39.55,50以下,0.0,0,不可下單,波動壓縮 | 均線收斂 | 接近突破 | 結構尚可,PRE 佈局型：等待突破確認，小倉觀察，不主動重倉,PRE 是主升段前卡位，只能小倉。,BLOCK：超出本市場狀態可執行名額
604,PRE,592,2,9942,WATCH,54.0,100.0,WAIT,BLOCK,False,114.5,100-500,0.0,0,不可下單,波動壓縮 | 均線收斂 | 接近突破 | 結構尚可,PRE 佈局型：等待突破確認，小倉觀察，不主動重倉,PRE 是主升段前卡位，只能小倉。,BLOCK：超出本市場狀態可執行名額
605,PRE,593,2,9944,WATCH,54.0,100.0,WAIT,BLOCK,False,17.2,50以下,0.0,0,不可下單,波動壓縮 | 均線收斂 | 接近突破 | 結構尚可,PRE 佈局型：等待突破確認，小倉觀察，不主動重倉,PRE 是主升段前卡位，只能小倉。,BLOCK：超出本市場狀態可執行名額
606,PRE,594,2,9962,WATCH,54.0,100.0,WAIT,BLOCK,False,10.35,50以下,0.0,0,不可下單,波動壓縮 | 均線收斂 | 接近突破 | 結構尚可,PRE 佈局型：等待突破確認，小倉觀察，不主動重倉,PRE 是主升段前卡位，只能小倉。,BLOCK：超出本市場狀態可執行名額
607,PRE,595,2,1441,TEST,68.0,55.0,WAIT,BLOCK,False,10.0,50以下,0.0,0,不可下單,安靜吸籌 | 均線收斂 | 放量吸收 | 接近突破 | 結構尚可,PRE 條件未完整，僅保留觀察,PRE 是主升段前卡位，只能小倉。,BLOCK：超出本市場狀態可執行名額
608,PRE,596,2,2614,TEST,68.0,55.0,WAIT,BLOCK,False,19.2,50以下,0.0,0,不可下單,安靜吸籌 | 均線收斂 | 放量吸收 | 接近突破 | 結構尚可,PRE 條件未完整，僅保留觀察,PRE 是主升段前卡位，只能小倉。,BLOCK：超出本市場狀態可執行名額
609,PRE,597,2,6695,TEST,68.0,55.0,WAIT,BLOCK,False,55.0,50-100,0.0,0,不可下單,安靜吸籌 | 均線收斂 | 放量吸收 | 接近突破 | 結構尚可,PRE 條件未完整，僅保留觀察,PRE 是主升段前卡位，只能小倉。,BLOCK：超出本市場狀態可執行名額
610,PRE,598,2,6921,TEST,68.0,55.0,WAIT,BLOCK,False,68.0,50-100,0.0,0,不可下單,安靜吸籌 | 均線收斂 | 放量吸收 | 接近突破 | 結構尚可,PRE 條件未完整，僅保留觀察,PRE 是主升段前卡位，只能小倉。,BLOCK：超出本市場狀態可執行名額
611,PRE,599,2,3051,WATCH,62.0,70.0,WAIT,BLOCK,False,23.3,50以下,0.0,0,不可下單,波動壓縮 | 均線收斂 | 放量吸收 | 接近突破,PRE 佈局型：等待突破確認，小倉觀察，不主動重倉,PRE 是主升段前卡位，只能小倉。,BLOCK：超出本市場狀態可執行名額
612,PRE,600,2,2501,WATCH,52.0,100.0,WAIT,BLOCK,False,21.1,50以下,0.0,0,不可下單,波動壓縮 | 安靜吸籌 | 均線收斂,PRE 佈局型：等待突破確認，小倉觀察，不主動重倉,PRE 是主升段前卡位，只能小倉。,BLOCK：超出本市場狀態可執行名額
613,PRE,601,2,2911,WATCH,52.0,100.0,WAIT,BLOCK,False,6.08,50以下,0.0,0,不可下單,波動壓縮 | 安靜吸籌 | 均線收斂,PRE 佈局型：等待突破確認，小倉觀察，不主動重倉,PRE 是主升段前卡位，只能小倉。,BLOCK：超出本市場狀態可執行名額
614,PRE,602,2,3557,WATCH,52.0,100.0,WAIT,BLOCK,False,23.0,50以下,0.0,0,不可下單,波動壓縮 | 安靜吸籌 | 均線收斂,PRE 佈局型：等待突破確認，小倉觀察，不主動重倉,PRE 是主升段前卡位，只能小倉。,BLOCK：超出本市場狀態可執行名額
615,PRE,603,2,4583,WATCH,52.0,100.0,WAIT,BLOCK,False,426.5,100-500,0.0,0,不可下單,波動壓縮 | 安靜吸籌 | 均線收斂,PRE 佈局型：等待突破確認，小倉觀察，不主動重倉,PRE 是主升段前卡位，只能小倉。,BLOCK：超出本市場狀態可執行名額
616,PRE,604,2,3583,TEST,66.0,55.0,WAIT,BLOCK,False,707.0,500-1000,0.0,0,不可下單,波動壓縮 | 安靜吸籌 | 均線收斂 | 放量吸收,PRE 條件未完整，僅保留觀察,PRE 是主升段前卡位，只能小倉。,BLOCK：超出本市場狀態可執行名額
617,PRE,605,2,1442,WATCH,54.0,90.0,WAIT,BLOCK,False,27.2,50以下,0.0,0,不可下單,安靜吸籌 | 洗盤收回 | 均線收斂 | 結構尚可,PRE 佈局型：等待突破確認，小倉觀察，不主動重倉,PRE 是主升段前卡位，只能小倉。,BLOCK：超出本市場狀態可執行名額
618,PRE,606,2,2332,WATCH,54.0,90.0,WAIT,BLOCK,False,20.6,50以下,0.0,0,不可下單,波動壓縮 | 均線收斂 | 接近突破 | 結構尚可,PRE 佈局型：等待突破確認，小倉觀察，不主動重倉,PRE 是主升段前卡位，只能小倉。,BLOCK：超出本市場狀態可執行名額
619,PRE,607,2,2347,WATCH,54.0,90.0,WAIT,BLOCK,False,94.9,50-100,0.0,0,不可下單,波動壓縮 | 均線收斂 | 接近突破 | 結構尚可,PRE 佈局型：等待突破確認，小倉觀察，不主動重倉,PRE 是主升段前卡位，只能小倉。,BLOCK：超出本市場狀態可執行名額
620,PRE,608,2,2477,WATCH,54.0,90.0,WAIT,BLOCK,False,23.15,50以下,0.0,0,不可下單,波動壓縮 | 均線收斂 | 接近突破 | 結構尚可,PRE 佈局型：等待突破確認，小倉觀察，不主動重倉,PRE 是主升段前卡位，只能小倉。,BLOCK：超出本市場狀態可執行名額
621,PRE,609,2,4916,WATCH,54.0,90.0,WAIT,BLOCK,False,104.0,100-500,0.0,0,不可下單,波動壓縮 | 均線收斂 | 接近突破 | 結構尚可,PRE 佈局型：等待突破確認，小倉觀察，不主動重倉,PRE 是主升段前卡位，只能小倉。,BLOCK：超出本市場狀態可執行名額
622,PRE,610,2,5871,WATCH,54.0,90.0,WAIT,BLOCK,False,107.0,100-500,0.0,0,不可下單,波動壓縮 | 洗盤收回 | 均線收斂 | 結構尚可,PRE 佈局型：等待突破確認，小倉觀察，不主動重倉,PRE 是主升段前卡位，只能小倉。,BLOCK：超出本市場狀態可執行名額
623,PRE,611,2,6189,WATCH,54.0,90.0,WAIT,BLOCK,False,50.4,50-100,0.0,0,不可下單,波動壓縮 | 均線收斂 | 接近突破 | 結構尚可,PRE 佈局型：等待突破確認，小倉觀察，不主動重倉,PRE 是主升段前卡位，只能小倉。,BLOCK：超出本市場狀態可執行名額
624,PRE,612,2,7827,WATCH,54.0,90.0,WAIT,BLOCK,False,165.0,100-500,0.0,0,不可下單,波動壓縮 | 均線收斂 | 接近突破 | 結構尚可,PRE 佈局型：等待突破確認，小倉觀察，不主動重倉,PRE 是主升段前卡位，只能小倉。,BLOCK：超出本市場狀態可執行名額
625,PRE,613,2,4566,TEST,70.0,40.0,WAIT,BLOCK,False,74.1,50-100,0.0,0,不可下單,波動壓縮 | 安靜吸籌 | 放量吸收 | 接近突破 | 結構尚可,PRE 條件未完整，僅保留觀察,PRE 是主升段前卡位，只能小倉。,BLOCK：超出本市場狀態可執行名額
626,PRE,614,2,1451,WATCH,50.0,100.0,WAIT,BLOCK,False,17.0,50以下,0.0,0,不可下單,洗盤收回 | 均線收斂 | 接近突破 | 結構尚可,PRE 佈局型：等待突破確認，小倉觀察，不主動重倉,PRE 是主升段前卡位，只能小倉。,BLOCK：超出本市場狀態可執行名額
627,PRE,615,2,2109,WATCH,50.0,100.0,WAIT,BLOCK,False,14.4,50以下,0.0,0,不可下單,洗盤收回 | 均線收斂 | 接近突破 | 結構尚可,PRE 佈局型：等待突破確認，小倉觀察，不主動重倉,PRE 是主升段前卡位，只能小倉。,BLOCK：超出本市場狀態可執行名額
628,PRE,616,2,2433,WATCH,50.0,100.0,WAIT,BLOCK,False,40.45,50以下,0.0,0,不可下單,洗盤收回 | 均線收斂 | 接近突破 | 結構尚可,PRE 佈局型：等待突破確認，小倉觀察，不主動重倉,PRE 是主升段前卡位，只能小倉。,BLOCK：超出本市場狀態可執行名額
629,PRE,617,2,3703,WATCH,50.0,100.0,WAIT,BLOCK,False,19.6,50以下,0.0,0,不可下單,洗盤收回 | 均線收斂 | 接近突破 | 結構尚可,PRE 佈局型：等待突破確認，小倉觀察，不主動重倉,PRE 是主升段前卡位，只能小倉。,BLOCK：超出本市場狀態可執行名額
630,PRE,618,2,1303,TEST,68.0,45.0,WAIT,BLOCK,False,255.5,100-500,0.0,0,不可下單,波動壓縮 | 均線收斂 | 放量吸收 | 接近突破 | 結構尚可,PRE 條件未完整，僅保留觀察,PRE 是主升段前卡位，只能小倉。,BLOCK：超出本市場狀態可執行名額
631,PRE,619,2,6789,TEST,68.0,45.0,WAIT,BLOCK,False,494.0,100-500,0.0,0,不可下單,波動壓縮 | 均線收斂 | 放量吸收 | 接近突破 | 結構尚可,PRE 條件未完整，僅保留觀察,PRE 是主升段前卡位，只能小倉。,BLOCK：超出本市場狀態可執行名額
632,PRE,620,2,1711,WATCH,58.0,75.0,WAIT,BLOCK,False,40.9,50以下,0.0,0,不可下單,波動壓縮 | 安靜吸籌 | 均線收斂 | 結構尚可,PRE 佈局型：等待突破確認，小倉觀察，不主動重倉,PRE 是主升段前卡位，只能小倉。,BLOCK：超出本市場狀態可執行名額
633,PRE,621,2,6114,WATCH,58.0,75.0,WAIT,BLOCK,False,23.45,50以下,0.0,0,不可下單,波動壓縮 | 安靜吸籌 | 均線收斂 | 結構尚可,PRE 佈局型：等待突破確認，小倉觀察，不主動重倉,PRE 是主升段前卡位，只能小倉。,BLOCK：超出本市場狀態可執行名額
634,PRE,622,2,1219,WATCH,54.0,80.0,WAIT,BLOCK,False,11.45,50以下,0.0,0,不可下單,波動壓縮 | 均線收斂 | 接近突破 | 結構尚可,PRE 佈局型：等待突破確認，小倉觀察，不主動重倉,PRE 是主升段前卡位，只能小倉。,BLOCK：超出本市場狀態可執行名額
635,PRE,623,2,1236,WATCH,54.0,80.0,WAIT,BLOCK,False,25.45,50以下,0.0,0,不可下單,波動壓縮 | 均線收斂 | 接近突破 | 結構尚可,PRE 佈局型：等待突破確認，小倉觀察，不主動重倉,PRE 是主升段前卡位，只能小倉。,BLOCK：超出本市場狀態可執行名額
636,PRE,624,2,1268,WATCH,54.0,80.0,WAIT,BLOCK,False,175.0,100-500,0.0,0,不可下單,波動壓縮 | 均線收斂 | 接近突破 | 結構尚可,PRE 佈局型：等待突破確認，小倉觀察，不主動重倉,PRE 是主升段前卡位，只能小倉。,BLOCK：超出本市場狀態可執行名額
637,PRE,625,2,1316,WATCH,54.0,80.0,WAIT,BLOCK,False,10.7,50以下,0.0,0,不可下單,波動壓縮 | 均線收斂 | 接近突破 | 結構尚可,PRE 佈局型：等待突破確認，小倉觀察，不主動重倉,PRE 是主升段前卡位，只能小倉。,BLOCK：超出本市場狀態可執行名額
638,PRE,626,2,1341,WATCH,54.0,80.0,WAIT,BLOCK,False,59.9,50-100,0.0,0,不可下單,波動壓縮 | 均線收斂 | 接近突破 | 結構尚可,PRE 佈局型：等待突破確認，小倉觀察，不主動重倉,PRE 是主升段前卡位，只能小倉。,BLOCK：超出本市場狀態可執行名額
639,PRE,627,2,1410,WATCH,54.0,80.0,WAIT,BLOCK,False,24.1,50以下,0.0,0,不可下單,波動壓縮 | 均線收斂 | 接近突破 | 結構尚可,PRE 佈局型：等待突破確認，小倉觀察，不主動重倉,PRE 是主升段前卡位，只能小倉。,BLOCK：超出本市場狀態可執行名額
640,PRE,628,2,1416,WATCH,54.0,80.0,WAIT,BLOCK,False,11.45,50以下,0.0,0,不可下單,波動壓縮 | 均線收斂 | 接近突破 | 結構尚可,PRE 佈局型：等待突破確認，小倉觀察，不主動重倉,PRE 是主升段前卡位，只能小倉。,BLOCK：超出本市場狀態可執行名額
641,PRE,629,2,1419,WATCH,54.0,80.0,WAIT,BLOCK,False,66.1,50-100,0.0,0,不可下單,波動壓縮 | 均線收斂 | 接近突破 | 結構尚可,PRE 佈局型：等待突破確認，小倉觀察，不主動重倉,PRE 是主升段前卡位，只能小倉。,BLOCK：超出本市場狀態可執行名額
642,PRE,630,2,1452,WATCH,54.0,80.0,WAIT,BLOCK,False,10.8,50以下,0.0,0,不可下單,波動壓縮 | 均線收斂 | 接近突破 | 結構尚可,PRE 佈局型：等待突破確認，小倉觀察，不主動重倉,PRE 是主升段前卡位，只能小倉。,BLOCK：超出本市場狀態可執行名額
643,PRE,631,2,1457,WATCH,54.0,80.0,WAIT,BLOCK,False,14.4,50以下,0.0,0,不可下單,波動壓縮 | 均線收斂 | 接近突破 | 結構尚可,PRE 佈局型：等待突破確認，小倉觀察，不主動重倉,PRE 是主升段前卡位，只能小倉。,BLOCK：超出本市場狀態可執行名額
644,PRE,632,2,1475,WATCH,54.0,80.0,WAIT,BLOCK,False,26.0,50以下,0.0,0,不可下單,波動壓縮 | 均線收斂 | 接近突破 | 結構尚可,PRE 佈局型：等待突破確認，小倉觀察，不主動重倉,PRE 是主升段前卡位，只能小倉。,BLOCK：超出本市場狀態可執行名額
645,PRE,633,2,1527,WATCH,54.0,80.0,WAIT,BLOCK,False,32.7,50以下,0.0,0,不可下單,波動壓縮 | 均線收斂 | 接近突破 | 結構尚可,PRE 佈局型：等待突破確認，小倉觀察，不主動重倉,PRE 是主升段前卡位，只能小倉。,BLOCK：超出本市場狀態可執行名額
646,PRE,634,2,1530,WATCH,54.0,80.0,WAIT,BLOCK,False,26.8,50以下,0.0,0,不可下單,波動壓縮 | 洗盤收回 | 均線收斂 | 結構尚可,PRE 佈局型：等待突破確認，小倉觀察，不主動重倉,PRE 是主升段前卡位，只能小倉。,BLOCK：超出本市場狀態可執行名額
647,PRE,635,2,1531,WATCH,54.0,80.0,WAIT,BLOCK,False,11.65,50以下,0.0,0,不可下單,波動壓縮 | 均線收斂 | 接近突破 | 結構尚可,PRE 佈局型：等待突破確認，小倉觀察，不主動重倉,PRE 是主升段前卡位，只能小倉。,BLOCK：超出本市場狀態可執行名額
648,PRE,636,2,1558,WATCH,54.0,80.0,WAIT,BLOCK,False,112.5,100-500,0.0,0,不可下單,波動壓縮 | 均線收斂 | 接近突破 | 結構尚可,PRE 佈局型：等待突破確認，小倉觀察，不主動重倉,PRE 是主升段前卡位，只能小倉。,BLOCK：超出本市場狀態可執行名額
649,PRE,637,2,1604,WATCH,54.0,80.0,WAIT,BLOCK,False,23.45,50以下,0.0,0,不可下單,波動壓縮 | 均線收斂 | 接近突破 | 結構尚可,PRE 佈局型：等待突破確認，小倉觀察，不主動重倉,PRE 是主升段前卡位，只能小倉。,BLOCK：超出本市場狀態可執行名額
650,PRE,638,2,1605,WATCH,54.0,80.0,WAIT,BLOCK,False,38.4,50以下,0.0,0,不可下單,波動壓縮 | 均線收斂 | 接近突破 | 結構尚可,PRE 佈局型：等待突破確認，小倉觀察，不主動重倉,PRE 是主升段前卡位，只能小倉。,BLOCK：超出本市場狀態可執行名額
651,PRE,639,2,1704,WATCH,54.0,80.0,WAIT,BLOCK,False,53.1,50-100,0.0,0,不可下單,波動壓縮 | 均線收斂 | 接近突破 | 結構尚可,PRE 佈局型：等待突破確認，小倉觀察，不主動重倉,PRE 是主升段前卡位，只能小倉。,BLOCK：超出本市場狀態可執行名額
652,PRE,640,2,1720,WATCH,54.0,80.0,WAIT,BLOCK,False,56.3,50-100,0.0,0,不可下單,波動壓縮 | 均線收斂 | 接近突破 | 結構尚可,PRE 佈局型：等待突破確認，小倉觀察，不主動重倉,PRE 是主升段前卡位，只能小倉。,BLOCK：超出本市場狀態可執行名額
653,PRE,641,2,1725,WATCH,54.0,80.0,WAIT,BLOCK,False,34.15,50以下,0.0,0,不可下單,波動壓縮 | 均線收斂 | 接近突破 | 結構尚可,PRE 佈局型：等待突破確認，小倉觀察，不主動重倉,PRE 是主升段前卡位，只能小倉。,BLOCK：超出本市場狀態可執行名額
654,PRE,642,2,1726,WATCH,54.0,80.0,WAIT,BLOCK,False,76.5,50-100,0.0,0,不可下單,波動壓縮 | 均線收斂 | 接近突破 | 結構尚可,PRE 佈局型：等待突破確認，小倉觀察，不主動重倉,PRE 是主升段前卡位，只能小倉。,BLOCK：超出本市場狀態可執行名額
655,PRE,643,2,1736,WATCH,54.0,80.0,WAIT,BLOCK,False,128.5,100-500,0.0,0,不可下單,波動壓縮 | 均線收斂 | 接近突破 | 結構尚可,PRE 佈局型：等待突破確認，小倉觀察，不主動重倉,PRE 是主升段前卡位，只能小倉。,BLOCK：超出本市場狀態可執行名額
656,PRE,644,2,1762,WATCH,54.0,80.0,WAIT,BLOCK,False,34.35,50以下,0.0,0,不可下單,波動壓縮 | 均線收斂 | 接近突破 | 結構尚可,PRE 佈局型：等待突破確認，小倉觀察，不主動重倉,PRE 是主升段前卡位，只能小倉。,BLOCK：超出本市場狀態可執行名額
657,PRE,645,2,1788,WATCH,54.0,80.0,WAIT,BLOCK,False,128.0,100-500,0.0,0,不可下單,波動壓縮 | 均線收斂 | 接近突破 | 結構尚可,PRE 佈局型：等待突破確認，小倉觀察，不主動重倉,PRE 是主升段前卡位，只能小倉。,BLOCK：超出本市場狀態可執行名額
658,PRE,646,2,2103,WATCH,54.0,80.0,WAIT,BLOCK,False,28.15,50以下,0.0,0,不可下單,波動壓縮 | 均線收斂 | 接近突破 | 結構尚可,PRE 佈局型：等待突破確認，小倉觀察，不主動重倉,PRE 是主升段前卡位，只能小倉。,BLOCK：超出本市場狀態可執行名額
659,PRE,647,2,2248,WATCH,54.0,80.0,WAIT,BLOCK,False,61.3,50-100,0.0,0,不可下單,波動壓縮 | 均線收斂 | 接近突破 | 結構尚可,PRE 佈局型：等待突破確認，小倉觀察，不主動重倉,PRE 是主升段前卡位，只能小倉。,BLOCK：超出本市場狀態可執行名額
660,PRE,648,2,2354,WATCH,54.0,80.0,WAIT,BLOCK,False,65.7,50-100,0.0,0,不可下單,波動壓縮 | 均線收斂 | 接近突破 | 結構尚可,PRE 佈局型：等待突破確認，小倉觀察，不主動重倉,PRE 是主升段前卡位，只能小倉。,BLOCK：超出本市場狀態可執行名額
661,PRE,649,2,2364,WATCH,54.0,80.0,WAIT,BLOCK,False,65.0,50-100,0.0,0,不可下單,波動壓縮 | 均線收斂 | 接近突破 | 結構尚可,PRE 佈局型：等待突破確認，小倉觀察，不主動重倉,PRE 是主升段前卡位，只能小倉。,BLOCK：超出本市場狀態可執行名額
662,PRE,650,2,2397,WATCH,54.0,80.0,WAIT,BLOCK,False,63.0,50-100,0.0,0,不可下單,波動壓縮 | 均線收斂 | 接近突破 | 結構尚可,PRE 佈局型：等待突破確認，小倉觀察，不主動重倉,PRE 是主升段前卡位，只能小倉。,BLOCK：超出本市場狀態可執行名額
663,PRE,651,2,2425,WATCH,54.0,80.0,WAIT,BLOCK,False,37.5,50以下,0.0,0,不可下單,波動壓縮 | 均線收斂 | 接近突破 | 結構尚可,PRE 佈局型：等待突破確認，小倉觀察，不主動重倉,PRE 是主升段前卡位，只能小倉。,BLOCK：超出本市場狀態可執行名額
664,PRE,652,2,2471,WATCH,54.0,80.0,WAIT,BLOCK,False,51.8,50-100,0.0,0,不可下單,波動壓縮 | 均線收斂 | 接近突破 | 結構尚可,PRE 佈局型：等待突破確認，小倉觀察，不主動重倉,PRE 是主升段前卡位，只能小倉。,BLOCK：超出本市場狀態可執行名額
665,PRE,653,2,2474,WATCH,54.0,80.0,WAIT,BLOCK,False,206.5,100-500,0.0,0,不可下單,波動壓縮 | 均線收斂 | 接近突破 | 結構尚可,PRE 佈局型：等待突破確認，小倉觀察，不主動重倉,PRE 是主升段前卡位，只能小倉。,BLOCK：超出本市場狀態可執行名額
666,PRE,654,2,2476,WATCH,54.0,80.0,WAIT,BLOCK,False,123.5,100-500,0.0,0,不可下單,波動壓縮 | 均線收斂 | 接近突破 | 結構尚可,PRE 佈局型：等待突破確認，小倉觀察，不主動重倉,PRE 是主升段前卡位，只能小倉。,BLOCK：超出本市場狀態可執行名額
667,PRE,655,2,2480,WATCH,54.0,80.0,WAIT,BLOCK,False,160.0,100-500,0.0,0,不可下單,波動壓縮 | 均線收斂 | 接近突破 | 結構尚可,PRE 佈局型：等待突破確認，小倉觀察，不主動重倉,PRE 是主升段前卡位，只能小倉。,BLOCK：超出本市場狀態可執行名額
668,PRE,656,2,2535,WATCH,54.0,80.0,WAIT,BLOCK,False,89.2,50-100,0.0,0,不可下單,波動壓縮 | 均線收斂 | 接近突破 | 結構尚可,PRE 佈局型：等待突破確認，小倉觀察，不主動重倉,PRE 是主升段前卡位，只能小倉。,BLOCK：超出本市場狀態可執行名額
669,PRE,657,2,2546,WATCH,54.0,80.0,WAIT,BLOCK,False,105.0,100-500,0.0,0,不可下單,波動壓縮 | 均線收斂 | 接近突破 | 結構尚可,PRE 佈局型：等待突破確認，小倉觀察，不主動重倉,PRE 是主升段前卡位，只能小倉。,BLOCK：超出本市場狀態可執行名額
670,PRE,658,2,2548,WATCH,54.0,80.0,WAIT,BLOCK,False,91.6,50-100,0.0,0,不可下單,安靜吸籌 | 均線收斂 | 放量吸收 | 結構尚可,PRE 佈局型：等待突破確認，小倉觀察，不主動重倉,PRE 是主升段前卡位，只能小倉。,BLOCK：超出本市場狀態可執行名額
671,PRE,659,2,2603,WATCH,54.0,80.0,WAIT,BLOCK,False,239.5,100-500,0.0,0,不可下單,波動壓縮 | 均線收斂 | 接近突破 | 結構尚可,PRE 佈局型：等待突破確認，小倉觀察，不主動重倉,PRE 是主升段前卡位，只能小倉。,BLOCK：超出本市場狀態可執行名額
672,PRE,660,2,2609,WATCH,54.0,80.0,WAIT,BLOCK,False,59.4,50-100,0.0,0,不可下單,波動壓縮 | 均線收斂 | 接近突破 | 結構尚可,PRE 佈局型：等待突破確認，小倉觀察，不主動重倉,PRE 是主升段前卡位，只能小倉。,BLOCK：超出本市場狀態可執行名額
673,PRE,661,2,2613,WATCH,54.0,80.0,WAIT,BLOCK,False,22.4,50以下,0.0,0,不可下單,波動壓縮 | 均線收斂 | 接近突破 | 結構尚可,PRE 佈局型：等待突破確認，小倉觀察，不主動重倉,PRE 是主升段前卡位，只能小倉。,BLOCK：超出本市場狀態可執行名額
674,PRE,662,2,2616,WATCH,54.0,80.0,WAIT,BLOCK,False,13.3,50以下,0.0,0,不可下單,波動壓縮 | 均線收斂 | 接近突破 | 結構尚可,PRE 佈局型：等待突破確認，小倉觀察，不主動重倉,PRE 是主升段前卡位，只能小倉。,BLOCK：超出本市場狀態可執行名額
675,PRE,663,2,2634,WATCH,54.0,80.0,WAIT,BLOCK,False,64.0,50-100,0.0,0,不可下單,波動壓縮 | 均線收斂 | 接近突破 | 結構尚可,PRE 佈局型：等待突破確認，小倉觀察，不主動重倉,PRE 是主升段前卡位，只能小倉。,BLOCK：超出本市場狀態可執行名額
676,PRE,664,2,2704,WATCH,54.0,80.0,WAIT,BLOCK,False,45.45,50以下,0.0,0,不可下單,波動壓縮 | 均線收斂 | 接近突破 | 結構尚可,PRE 佈局型：等待突破確認，小倉觀察，不主動重倉,PRE 是主升段前卡位，只能小倉。,BLOCK：超出本市場狀態可執行名額
677,PRE,665,2,2705,WATCH,54.0,80.0,WAIT,BLOCK,False,15.1,50以下,0.0,0,不可下單,波動壓縮 | 均線收斂 | 接近突破 | 結構尚可,PRE 佈局型：等待突破確認，小倉觀察，不主動重倉,PRE 是主升段前卡位，只能小倉。,BLOCK：超出本市場狀態可執行名額
678,PRE,666,2,2719,WATCH,54.0,80.0,WAIT,BLOCK,False,19.75,50以下,0.0,0,不可下單,波動壓縮 | 均線收斂 | 接近突破 | 結構尚可,PRE 佈局型：等待突破確認，小倉觀察，不主動重倉,PRE 是主升段前卡位，只能小倉。,BLOCK：超出本市場狀態可執行名額
679,PRE,667,2,2739,WATCH,54.0,80.0,WAIT,BLOCK,False,36.55,50以下,0.0,0,不可下單,波動壓縮 | 均線收斂 | 接近突破 | 結構尚可,PRE 佈局型：等待突破確認，小倉觀察，不主動重倉,PRE 是主升段前卡位，只能小倉。,BLOCK：超出本市場狀態可執行名額
680,PRE,668,2,2745,WATCH,54.0,80.0,WAIT,BLOCK,False,84.9,50-100,0.0,0,不可下單,波動壓縮 | 均線收斂 | 接近突破 | 結構尚可,PRE 佈局型：等待突破確認，小倉觀察，不主動重倉,PRE 是主升段前卡位，只能小倉。,BLOCK：超出本市場狀態可執行名額
681,PRE,669,2,2756,WATCH,54.0,80.0,WAIT,BLOCK,False,62.8,50-100,0.0,0,不可下單,波動壓縮 | 均線收斂 | 接近突破 | 結構尚可,PRE 佈局型：等待突破確認，小倉觀察，不主動重倉,PRE 是主升段前卡位，只能小倉。,BLOCK：超出本市場狀態可執行名額
682,PRE,670,2,2762,WATCH,54.0,80.0,WAIT,BLOCK,False,79.2,50-100,0.0,0,不可下單,波動壓縮 | 均線收斂 | 接近突破 | 結構尚可,PRE 佈局型：等待突破確認，小倉觀察，不主動重倉,PRE 是主升段前卡位，只能小倉。,BLOCK：超出本市場狀態可執行名額
683,PRE,671,2,2832,WATCH,54.0,80.0,WAIT,BLOCK,False,56.9,50-100,0.0,0,不可下單,波動壓縮 | 均線收斂 | 接近突破 | 結構尚可,PRE 佈局型：等待突破確認，小倉觀察，不主動重倉,PRE 是主升段前卡位，只能小倉。,BLOCK：超出本市場狀態可執行名額
684,PRE,672,2,2836,WATCH,54.0,80.0,WAIT,BLOCK,False,12.1,50以下,0.0,0,不可下單,波動壓縮 | 均線收斂 | 接近突破 | 結構尚可,PRE 佈局型：等待突破確認，小倉觀察，不主動重倉,PRE 是主升段前卡位，只能小倉。,BLOCK：超出本市場狀態可執行名額
685,PRE,673,2,2851,WATCH,54.0,80.0,WAIT,BLOCK,False,47.2,50以下,0.0,0,不可下單,波動壓縮 | 均線收斂 | 接近突破 | 結構尚可,PRE 佈局型：等待突破確認，小倉觀察，不主動重倉,PRE 是主升段前卡位，只能小倉。,BLOCK：超出本市場狀態可執行名額
686,PRE,674,2,2852,WATCH,54.0,80.0,WAIT,BLOCK,False,27.85,50以下,0.0,0,不可下單,波動壓縮 | 均線收斂 | 接近突破 | 結構尚可,PRE 佈局型：等待突破確認，小倉觀察，不主動重倉,PRE 是主升段前卡位，只能小倉。,BLOCK：超出本市場狀態可執行名額
687,PRE,675,2,2881,WATCH,54.0,80.0,WAIT,BLOCK,False,151.0,100-500,0.0,0,不可下單,波動壓縮 | 均線收斂 | 接近突破 | 結構尚可,PRE 佈局型：等待突破確認，小倉觀察，不主動重倉,PRE 是主升段前卡位，只能小倉。,BLOCK：超出本市場狀態可執行名額
688,PRE,676,2,2890,WATCH,54.0,80.0,WAIT,BLOCK,False,44.25,50以下,0.0,0,不可下單,波動壓縮 | 均線收斂 | 接近突破 | 結構尚可,PRE 佈局型：等待突破確認，小倉觀察，不主動重倉,PRE 是主升段前卡位，只能小倉。,BLOCK：超出本市場狀態可執行名額
689,PRE,677,2,2905,WATCH,54.0,80.0,WAIT,BLOCK,False,18.3,50以下,0.0,0,不可下單,波動壓縮 | 均線收斂 | 接近突破 | 結構尚可,PRE 佈局型：等待突破確認，小倉觀察，不主動重倉,PRE 是主升段前卡位，只能小倉。,BLOCK：超出本市場狀態可執行名額
690,PRE,678,2,2906,WATCH,54.0,80.0,WAIT,BLOCK,False,13.4,50以下,0.0,0,不可下單,波動壓縮 | 均線收斂 | 接近突破 | 結構尚可,PRE 佈局型：等待突破確認，小倉觀察，不主動重倉,PRE 是主升段前卡位，只能小倉。,BLOCK：超出本市場狀態可執行名額
691,PRE,679,2,2916,WATCH,54.0,80.0,WAIT,BLOCK,False,40.55,50以下,0.0,0,不可下單,波動壓縮 | 均線收斂 | 接近突破 | 結構尚可,PRE 佈局型：等待突破確認，小倉觀察，不主動重倉,PRE 是主升段前卡位，只能小倉。,BLOCK：超出本市場狀態可執行名額
692,PRE,680,2,2929,WATCH,54.0,80.0,WAIT,BLOCK,False,5.83,50以下,0.0,0,不可下單,波動壓縮 | 均線收斂 | 接近突破 | 結構尚可,PRE 佈局型：等待突破確認，小倉觀察，不主動重倉,PRE 是主升段前卡位，只能小倉。,BLOCK：超出本市場狀態可執行名額
693,PRE,681,2,2937,WATCH,54.0,80.0,WAIT,BLOCK,False,44.7,50以下,0.0,0,不可下單,波動壓縮 | 均線收斂 | 接近突破 | 結構尚可,PRE 佈局型：等待突破確認，小倉觀察，不主動重倉,PRE 是主升段前卡位，只能小倉。,BLOCK：超出本市場狀態可執行名額
694,PRE,682,2,3005,WATCH,54.0,80.0,WAIT,BLOCK,False,116.5,100-500,0.0,0,不可下單,波動壓縮 | 均線收斂 | 接近突破 | 結構尚可,PRE 佈局型：等待突破確認，小倉觀察，不主動重倉,PRE 是主升段前卡位，只能小倉。,BLOCK：超出本市場狀態可執行名額
695,PRE,683,2,3218,WATCH,54.0,80.0,WAIT,BLOCK,False,135.0,100-500,0.0,0,不可下單,波動壓縮 | 均線收斂 | 接近突破 | 結構尚可,PRE 佈局型：等待突破確認，小倉觀察，不主動重倉,PRE 是主升段前卡位，只能小倉。,BLOCK：超出本市場狀態可執行名額
696,PRE,684,2,3426,WATCH,54.0,80.0,WAIT,BLOCK,False,47.7,50以下,0.0,0,不可下單,波動壓縮 | 均線收斂 | 接近突破 | 結構尚可,PRE 佈局型：等待突破確認，小倉觀察，不主動重倉,PRE 是主升段前卡位，只能小倉。,BLOCK：超出本市場狀態可執行名額
697,PRE,685,2,3630,WATCH,54.0,80.0,WAIT,BLOCK,False,26.95,50以下,0.0,0,不可下單,波動壓縮 | 均線收斂 | 接近突破 | 結構尚可,PRE 佈局型：等待突破確認，小倉觀察，不主動重倉,PRE 是主升段前卡位，只能小倉。,BLOCK：超出本市場狀態可執行名額
698,PRE,686,2,3652,WATCH,54.0,80.0,WAIT,BLOCK,False,34.2,50以下,0.0,0,不可下單,波動壓縮 | 均線收斂 | 接近突破 | 結構尚可,PRE 佈局型：等待突破確認，小倉觀察，不主動重倉,PRE 是主升段前卡位，只能小倉。,BLOCK：超出本市場狀態可執行名額
699,PRE,687,2,3708,WATCH,54.0,80.0,WAIT,BLOCK,False,98.9,50-100,0.0,0,不可下單,波動壓縮 | 均線收斂 | 接近突破 | 結構尚可,PRE 佈局型：等待突破確認，小倉觀察，不主動重倉,PRE 是主升段前卡位，只能小倉。,BLOCK：超出本市場狀態可執行名額
700,PRE,688,2,3716,WATCH,54.0,80.0,WAIT,BLOCK,False,34.25,50以下,0.0,0,不可下單,波動壓縮 | 均線收斂 | 接近突破 | 結構尚可,PRE 佈局型：等待突破確認，小倉觀察，不主動重倉,PRE 是主升段前卡位，只能小倉。,BLOCK：超出本市場狀態可執行名額
701,PRE,689,2,4109,WATCH,54.0,80.0,WAIT,BLOCK,False,11.05,50以下,0.0,0,不可下單,波動壓縮 | 均線收斂 | 接近突破 | 結構尚可,PRE 佈局型：等待突破確認，小倉觀察，不主動重倉,PRE 是主升段前卡位，只能小倉。,BLOCK：超出本市場狀態可執行名額
702,PRE,690,2,4133,WATCH,54.0,80.0,WAIT,BLOCK,False,20.65,50以下,0.0,0,不可下單,波動壓縮 | 均線收斂 | 接近突破 | 結構尚可,PRE 佈局型：等待突破確認，小倉觀察，不主動重倉,PRE 是主升段前卡位，只能小倉。,BLOCK：超出本市場狀態可執行名額
703,PRE,691,2,4305,WATCH,54.0,80.0,WAIT,BLOCK,False,41.95,50以下,0.0,0,不可下單,安靜吸籌 | 均線收斂 | 放量吸收 | 結構尚可,PRE 佈局型：等待突破確認，小倉觀察，不主動重倉,PRE 是主升段前卡位，只能小倉。,BLOCK：超出本市場狀態可執行名額
704,PRE,692,2,4401,WATCH,54.0,80.0,WAIT,BLOCK,False,13.9,50以下,0.0,0,不可下單,波動壓縮 | 均線收斂 | 接近突破 | 結構尚可,PRE 佈局型：等待突破確認，小倉觀察，不主動重倉,PRE 是主升段前卡位，只能小倉。,BLOCK：超出本市場狀態可執行名額
705,PRE,693,2,4417,WATCH,54.0,80.0,WAIT,BLOCK,False,49.55,50以下,0.0,0,不可下單,波動壓縮 | 均線收斂 | 接近突破 | 結構尚可,PRE 佈局型：等待突破確認，小倉觀察，不主動重倉,PRE 是主升段前卡位，只能小倉。,BLOCK：超出本市場狀態可執行名額
706,PRE,694,2,4440,WATCH,54.0,80.0,WAIT,BLOCK,False,17.55,50以下,0.0,0,不可下單,波動壓縮 | 均線收斂 | 接近突破 | 結構尚可,PRE 佈局型：等待突破確認，小倉觀察，不主動重倉,PRE 是主升段前卡位，只能小倉。,BLOCK：超出本市場狀態可執行名額
707,PRE,695,2,4506,WATCH,54.0,80.0,WAIT,BLOCK,False,118.0,100-500,0.0,0,不可下單,波動壓縮 | 均線收斂 | 接近突破 | 結構尚可,PRE 佈局型：等待突破確認，小倉觀察，不主動重倉,PRE 是主升段前卡位，只能小倉。,BLOCK：超出本市場狀態可執行名額
708,PRE,696,2,4528,WATCH,54.0,80.0,WAIT,BLOCK,False,14.95,50以下,0.0,0,不可下單,波動壓縮 | 均線收斂 | 接近突破 | 結構尚可,PRE 佈局型：等待突破確認，小倉觀察，不主動重倉,PRE 是主升段前卡位，只能小倉。,BLOCK：超出本市場狀態可執行名額
709,PRE,697,2,4726,WATCH,54.0,80.0,WAIT,BLOCK,False,22.95,50以下,0.0,0,不可下單,波動壓縮 | 均線收斂 | 接近突破 | 結構尚可,PRE 佈局型：等待突破確認，小倉觀察，不主動重倉,PRE 是主升段前卡位，只能小倉。,BLOCK：超出本市場狀態可執行名額
710,PRE,698,2,4728,WATCH,54.0,80.0,WAIT,BLOCK,False,399.0,100-500,0.0,0,不可下單,波動壓縮 | 均線收斂 | 接近突破 | 結構尚可,PRE 佈局型：等待突破確認，小倉觀察，不主動重倉,PRE 是主升段前卡位，只能小倉。,BLOCK：超出本市場狀態可執行名額
711,PRE,699,2,4735,WATCH,54.0,80.0,WAIT,BLOCK,False,36.1,50以下,0.0,0,不可下單,波動壓縮 | 均線收斂 | 接近突破 | 結構尚可,PRE 佈局型：等待突破確認，小倉觀察，不主動重倉,PRE 是主升段前卡位，只能小倉。,BLOCK：超出本市場狀態可執行名額
712,PRE,700,2,4736,WATCH,54.0,80.0,WAIT,BLOCK,False,130.0,100-500,0.0,0,不可下單,波動壓縮 | 均線收斂 | 接近突破 | 結構尚可,PRE 佈局型：等待突破確認，小倉觀察，不主動重倉,PRE 是主升段前卡位，只能小倉。,BLOCK：超出本市場狀態可執行名額
713,PRE,701,2,4766,WATCH,54.0,80.0,WAIT,BLOCK,False,340.5,100-500,0.0,0,不可下單,波動壓縮 | 均線收斂 | 接近突破 | 結構尚可,PRE 佈局型：等待突破確認，小倉觀察，不主動重倉,PRE 是主升段前卡位，只能小倉。,BLOCK：超出本市場狀態可執行名額
714,PRE,702,2,4767,WATCH,54.0,80.0,WAIT,BLOCK,False,28.2,50以下,0.0,0,不可下單,波動壓縮 | 均線收斂 | 接近突破 | 結構尚可,PRE 佈局型：等待突破確認，小倉觀察，不主動重倉,PRE 是主升段前卡位，只能小倉。,BLOCK：超出本市場狀態可執行名額
715,PRE,703,2,4907,WATCH,54.0,80.0,WAIT,BLOCK,False,45.0,50以下,0.0,0,不可下單,波動壓縮 | 均線收斂 | 接近突破 | 結構尚可,PRE 佈局型：等待突破確認，小倉觀察，不主動重倉,PRE 是主升段前卡位，只能小倉。,BLOCK：超出本市場狀態可執行名額
716,PRE,704,2,4930,WATCH,54.0,80.0,WAIT,BLOCK,False,15.9,50以下,0.0,0,不可下單,波動壓縮 | 均線收斂 | 接近突破 | 結構尚可,PRE 佈局型：等待突破確認，小倉觀察，不主動重倉,PRE 是主升段前卡位，只能小倉。,BLOCK：超出本市場狀態可執行名額
717,PRE,705,2,4967,WATCH,54.0,80.0,WAIT,BLOCK,False,275.0,100-500,0.0,0,不可下單,波動壓縮 | 均線收斂 | 接近突破 | 結構尚可,PRE 佈局型：等待突破確認，小倉觀察，不主動重倉,PRE 是主升段前卡位，只能小倉。,BLOCK：超出本市場狀態可執行名額
718,PRE,706,2,5213,WATCH,54.0,80.0,WAIT,BLOCK,False,20.9,50以下,0.0,0,不可下單,波動壓縮 | 均線收斂 | 接近突破 | 結構尚可,PRE 佈局型：等待突破確認，小倉觀察，不主動重倉,PRE 是主升段前卡位，只能小倉。,BLOCK：超出本市場狀態可執行名額
719,PRE,707,2,5223,WATCH,54.0,80.0,WAIT,BLOCK,False,23.1,50以下,0.0,0,不可下單,波動壓縮 | 均線收斂 | 接近突破 | 結構尚可,PRE 佈局型：等待突破確認，小倉觀察，不主動重倉,PRE 是主升段前卡位，只能小倉。,BLOCK：超出本市場狀態可執行名額
720,PRE,708,2,5243,WATCH,54.0,80.0,WAIT,BLOCK,False,91.5,50-100,0.0,0,不可下單,波動壓縮 | 均線收斂 | 放量吸收 | 結構尚可,PRE 佈局型：等待突破確認，小倉觀察，不主動重倉,PRE 是主升段前卡位，只能小倉。,BLOCK：超出本市場狀態可執行名額
721,PRE,709,2,5244,WATCH,54.0,80.0,WAIT,BLOCK,False,35.6,50以下,0.0,0,不可下單,波動壓縮 | 均線收斂 | 接近突破 | 結構尚可,PRE 佈局型：等待突破確認，小倉觀察，不主動重倉,PRE 是主升段前卡位，只能小倉。,BLOCK：超出本市場狀態可執行名額
722,PRE,710,2,5287,WATCH,54.0,80.0,WAIT,BLOCK,False,137.5,100-500,0.0,0,不可下單,波動壓縮 | 均線收斂 | 接近突破 | 結構尚可,PRE 佈局型：等待突破確認，小倉觀察，不主動重倉,PRE 是主升段前卡位，只能小倉。,BLOCK：超出本市場狀態可執行名額
723,PRE,711,2,5364,WATCH,54.0,80.0,WAIT,BLOCK,False,8.39,50以下,0.0,0,不可下單,波動壓縮 | 均線收斂 | 接近突破 | 結構尚可,PRE 佈局型：等待突破確認，小倉觀察，不主動重倉,PRE 是主升段前卡位，只能小倉。,BLOCK：超出本市場狀態可執行名額
724,PRE,712,2,5398,WATCH,54.0,80.0,WAIT,BLOCK,False,13.85,50以下,0.0,0,不可下單,波動壓縮 | 均線收斂 | 接近突破 | 結構尚可,PRE 佈局型：等待突破確認，小倉觀察，不主動重倉,PRE 是主升段前卡位，只能小倉。,BLOCK：超出本市場狀態可執行名額
725,PRE,713,2,5490,WATCH,54.0,80.0,WAIT,BLOCK,False,25.65,50以下,0.0,0,不可下單,波動壓縮 | 均線收斂 | 接近突破 | 結構尚可,PRE 佈局型：等待突破確認，小倉觀察，不主動重倉,PRE 是主升段前卡位，只能小倉。,BLOCK：超出本市場狀態可執行名額
726,PRE,714,2,5516,WATCH,54.0,80.0,WAIT,BLOCK,False,12.0,50以下,0.0,0,不可下單,波動壓縮 | 均線收斂 | 接近突破 | 結構尚可,PRE 佈局型：等待突破確認，小倉觀察，不主動重倉,PRE 是主升段前卡位，只能小倉。,BLOCK：超出本市場狀態可執行名額
727,PRE,715,2,5520,WATCH,54.0,80.0,WAIT,BLOCK,False,83.2,50-100,0.0,0,不可下單,波動壓縮 | 均線收斂 | 接近突破 | 結構尚可,PRE 佈局型：等待突破確認，小倉觀察，不主動重倉,PRE 是主升段前卡位，只能小倉。,BLOCK：超出本市場狀態可執行名額
728,PRE,716,2,5521,WATCH,54.0,80.0,WAIT,BLOCK,False,10.6,50以下,0.0,0,不可下單,波動壓縮 | 均線收斂 | 接近突破 | 結構尚可,PRE 佈局型：等待突破確認，小倉觀察，不主動重倉,PRE 是主升段前卡位，只能小倉。,BLOCK：超出本市場狀態可執行名額
729,PRE,717,2,5533,WATCH,54.0,80.0,WAIT,BLOCK,False,13.95,50以下,0.0,0,不可下單,波動壓縮 | 均線收斂 | 接近突破 | 結構尚可,PRE 佈局型：等待突破確認，小倉觀察，不主動重倉,PRE 是主升段前卡位，只能小倉。,BLOCK：超出本市場狀態可執行名額
730,PRE,718,2,5608,WATCH,54.0,80.0,WAIT,BLOCK,False,16.95,50以下,0.0,0,不可下單,波動壓縮 | 均線收斂 | 接近突破 | 結構尚可,PRE 佈局型：等待突破確認，小倉觀察，不主動重倉,PRE 是主升段前卡位，只能小倉。,BLOCK：超出本市場狀態可執行名額
731,PRE,719,2,5703,WATCH,54.0,80.0,WAIT,BLOCK,False,13.35,50以下,0.0,0,不可下單,波動壓縮 | 均線收斂 | 接近突破 | 結構尚可,PRE 佈局型：等待突破確認，小倉觀察，不主動重倉,PRE 是主升段前卡位，只能小倉。,BLOCK：超出本市場狀態可執行名額
732,PRE,720,2,5706,WATCH,54.0,80.0,WAIT,BLOCK,False,44.15,50以下,0.0,0,不可下單,波動壓縮 | 均線收斂 | 接近突破 | 結構尚可,PRE 佈局型：等待突破確認，小倉觀察，不主動重倉,PRE 是主升段前卡位，只能小倉。,BLOCK：超出本市場狀態可執行名額
733,PRE,721,2,5907,WATCH,54.0,80.0,WAIT,BLOCK,False,4.81,50以下,0.0,0,不可下單,波動壓縮 | 均線收斂 | 接近突破 | 結構尚可,PRE 佈局型：等待突破確認，小倉觀察，不主動重倉,PRE 是主升段前卡位，只能小倉。,BLOCK：超出本市場狀態可執行名額
734,PRE,722,2,6024,WATCH,54.0,80.0,WAIT,BLOCK,False,60.4,50-100,0.0,0,不可下單,波動壓縮 | 均線收斂 | 接近突破 | 結構尚可,PRE 佈局型：等待突破確認，小倉觀察，不主動重倉,PRE 是主升段前卡位，只能小倉。,BLOCK：超出本市場狀態可執行名額
735,PRE,723,2,6169,WATCH,54.0,80.0,WAIT,BLOCK,False,12.0,50以下,0.0,0,不可下單,波動壓縮 | 均線收斂 | 接近突破 | 結構尚可,PRE 佈局型：等待突破確認，小倉觀察，不主動重倉,PRE 是主升段前卡位，只能小倉。,BLOCK：超出本市場狀態可執行名額
736,PRE,724,2,6176,WATCH,54.0,80.0,WAIT,BLOCK,False,91.2,50-100,0.0,0,不可下單,波動壓縮 | 均線收斂 | 接近突破 | 結構尚可,PRE 佈局型：等待突破確認，小倉觀察，不主動重倉,PRE 是主升段前卡位，只能小倉。,BLOCK：超出本市場狀態可執行名額
737,PRE,725,2,6277,WATCH,54.0,80.0,WAIT,BLOCK,False,77.0,50-100,0.0,0,不可下單,波動壓縮 | 均線收斂 | 接近突破 | 結構尚可,PRE 佈局型：等待突破確認，小倉觀察，不主動重倉,PRE 是主升段前卡位，只能小倉。,BLOCK：超出本市場狀態可執行名額
738,PRE,726,2,6292,WATCH,54.0,80.0,WAIT,BLOCK,False,66.6,50-100,0.0,0,不可下單,波動壓縮 | 均線收斂 | 接近突破 | 結構尚可,PRE 佈局型：等待突破確認，小倉觀察，不主動重倉,PRE 是主升段前卡位，只能小倉。,BLOCK：超出本市場狀態可執行名額
739,PRE,727,2,6472,WATCH,54.0,80.0,WAIT,BLOCK,False,424.0,100-500,0.0,0,不可下單,波動壓縮 | 均線收斂 | 接近突破 | 結構尚可,PRE 佈局型：等待突破確認，小倉觀察，不主動重倉,PRE 是主升段前卡位，只能小倉。,BLOCK：超出本市場狀態可執行名額
740,PRE,728,2,6477,WATCH,54.0,80.0,WAIT,BLOCK,False,35.6,50以下,0.0,0,不可下單,波動壓縮 | 均線收斂 | 接近突破 | 結構尚可,PRE 佈局型：等待突破確認，小倉觀察，不主動重倉,PRE 是主升段前卡位，只能小倉。,BLOCK：超出本市場狀態可執行名額
741,PRE,729,2,6482,WATCH,54.0,80.0,WAIT,BLOCK,False,23.5,50以下,0.0,0,不可下單,波動壓縮 | 均線收斂 | 接近突破 | 結構尚可,PRE 佈局型：等待突破確認，小倉觀察，不主動重倉,PRE 是主升段前卡位，只能小倉。,BLOCK：超出本市場狀態可執行名額
742,PRE,730,2,6534,WATCH,54.0,80.0,WAIT,BLOCK,False,90.6,50-100,0.0,0,不可下單,波動壓縮 | 均線收斂 | 接近突破 | 結構尚可,PRE 佈局型：等待突破確認，小倉觀察，不主動重倉,PRE 是主升段前卡位，只能小倉。,BLOCK：超出本市場狀態可執行名額
743,PRE,731,2,6569,WATCH,54.0,80.0,WAIT,BLOCK,False,92.2,50-100,0.0,0,不可下單,波動壓縮 | 均線收斂 | 接近突破 | 結構尚可,PRE 佈局型：等待突破確認，小倉觀察，不主動重倉,PRE 是主升段前卡位，只能小倉。,BLOCK：超出本市場狀態可執行名額
744,PRE,732,2,6582,WATCH,54.0,80.0,WAIT,BLOCK,False,31.1,50以下,0.0,0,不可下單,波動壓縮 | 均線收斂 | 接近突破 | 結構尚可,PRE 佈局型：等待突破確認，小倉觀察，不主動重倉,PRE 是主升段前卡位，只能小倉。,BLOCK：超出本市場狀態可執行名額
745,PRE,733,2,6605,WATCH,54.0,80.0,WAIT,BLOCK,False,137.5,100-500,0.0,0,不可下單,波動壓縮 | 均線收斂 | 接近突破 | 結構尚可,PRE 佈局型：等待突破確認，小倉觀察，不主動重倉,PRE 是主升段前卡位，只能小倉。,BLOCK：超出本市場狀態可執行名額
746,PRE,734,2,6625,WATCH,54.0,80.0,WAIT,BLOCK,False,74.0,50-100,0.0,0,不可下單,波動壓縮 | 均線收斂 | 接近突破 | 結構尚可,PRE 佈局型：等待突破確認，小倉觀察，不主動重倉,PRE 是主升段前卡位，只能小倉。,BLOCK：超出本市場狀態可執行名額
747,PRE,735,2,6629,WATCH,54.0,80.0,WAIT,BLOCK,False,103.5,100-500,0.0,0,不可下單,波動壓縮 | 均線收斂 | 接近突破 | 結構尚可,PRE 佈局型：等待突破確認，小倉觀察，不主動重倉,PRE 是主升段前卡位，只能小倉。,BLOCK：超出本市場狀態可執行名額
748,PRE,736,2,6649,WATCH,54.0,80.0,WAIT,BLOCK,False,36.5,50以下,0.0,0,不可下單,波動壓縮 | 均線收斂 | 接近突破 | 結構尚可,PRE 佈局型：等待突破確認，小倉觀察，不主動重倉,PRE 是主升段前卡位，只能小倉。,BLOCK：超出本市場狀態可執行名額
749,PRE,737,2,6667,WATCH,54.0,80.0,WAIT,BLOCK,False,262.0,100-500,0.0,0,不可下單,波動壓縮 | 均線收斂 | 接近突破 | 結構尚可,PRE 佈局型：等待突破確認，小倉觀察，不主動重倉,PRE 是主升段前卡位，只能小倉。,BLOCK：超出本市場狀態可執行名額
750,PRE,738,2,6671,WATCH,54.0,80.0,WAIT,BLOCK,False,22.7,50以下,0.0,0,不可下單,波動壓縮 | 均線收斂 | 接近突破 | 結構尚可,PRE 佈局型：等待突破確認，小倉觀察，不主動重倉,PRE 是主升段前卡位，只能小倉。,BLOCK：超出本市場狀態可執行名額
751,PRE,739,2,6722,WATCH,54.0,80.0,WAIT,BLOCK,False,32.5,50以下,0.0,0,不可下單,波動壓縮 | 均線收斂 | 接近突破 | 結構尚可,PRE 佈局型：等待突破確認，小倉觀察，不主動重倉,PRE 是主升段前卡位，只能小倉。,BLOCK：超出本市場狀態可執行名額
752,PRE,740,2,6767,WATCH,54.0,80.0,WAIT,BLOCK,False,24.5,50以下,0.0,0,不可下單,波動壓縮 | 均線收斂 | 接近突破 | 結構尚可,PRE 佈局型：等待突破確認，小倉觀察，不主動重倉,PRE 是主升段前卡位，只能小倉。,BLOCK：超出本市場狀態可執行名額
753,PRE,741,2,6790,WATCH,54.0,80.0,WAIT,BLOCK,False,37.8,50以下,0.0,0,不可下單,波動壓縮 | 均線收斂 | 接近突破 | 結構尚可,PRE 佈局型：等待突破確認，小倉觀察，不主動重倉,PRE 是主升段前卡位，只能小倉。,BLOCK：超出本市場狀態可執行名額
754,PRE,742,2,6791,WATCH,54.0,80.0,WAIT,BLOCK,False,99.5,50-100,0.0,0,不可下單,波動壓縮 | 均線收斂 | 接近突破 | 結構尚可,PRE 佈局型：等待突破確認，小倉觀察，不主動重倉,PRE 是主升段前卡位，只能小倉。,BLOCK：超出本市場狀態可執行名額
755,PRE,743,2,6835,WATCH,54.0,80.0,WAIT,BLOCK,False,31.2,50以下,0.0,0,不可下單,波動壓縮 | 均線收斂 | 接近突破 | 結構尚可,PRE 佈局型：等待突破確認，小倉觀察，不主動重倉,PRE 是主升段前卡位，只能小倉。,BLOCK：超出本市場狀態可執行名額
756,PRE,744,2,6952,WATCH,54.0,80.0,WAIT,BLOCK,False,38.8,50以下,0.0,0,不可下單,波動壓縮 | 均線收斂 | 接近突破 | 結構尚可,PRE 佈局型：等待突破確認，小倉觀察，不主動重倉,PRE 是主升段前卡位，只能小倉。,BLOCK：超出本市場狀態可執行名額
757,PRE,745,2,6968,WATCH,54.0,80.0,WAIT,BLOCK,False,41.45,50以下,0.0,0,不可下單,波動壓縮 | 均線收斂 | 接近突破 | 結構尚可,PRE 佈局型：等待突破確認，小倉觀察，不主動重倉,PRE 是主升段前卡位，只能小倉。,BLOCK：超出本市場狀態可執行名額
758,PRE,746,2,6997,WATCH,54.0,80.0,WAIT,BLOCK,False,67.0,50-100,0.0,0,不可下單,波動壓縮 | 均線收斂 | 接近突破 | 結構尚可,PRE 佈局型：等待突破確認，小倉觀察，不主動重倉,PRE 是主升段前卡位，只能小倉。,BLOCK：超出本市場狀態可執行名額
759,PRE,747,2,7703,WATCH,54.0,80.0,WAIT,BLOCK,False,201.5,100-500,0.0,0,不可下單,波動壓縮 | 均線收斂 | 接近突破 | 結構尚可,PRE 佈局型：等待突破確認，小倉觀察，不主動重倉,PRE 是主升段前卡位，只能小倉。,BLOCK：超出本市場狀態可執行名額
760,PRE,748,2,7716,WATCH,54.0,80.0,WAIT,BLOCK,False,23.9,50以下,0.0,0,不可下單,波動壓縮 | 均線收斂 | 接近突破 | 結構尚可,PRE 佈局型：等待突破確認，小倉觀察，不主動重倉,PRE 是主升段前卡位，只能小倉。,BLOCK：超出本市場狀態可執行名額
761,PRE,749,2,7786,WATCH,54.0,80.0,WAIT,BLOCK,False,119.5,100-500,0.0,0,不可下單,波動壓縮 | 均線收斂 | 接近突破 | 結構尚可,PRE 佈局型：等待突破確認，小倉觀察，不主動重倉,PRE 是主升段前卡位，只能小倉。,BLOCK：超出本市場狀態可執行名額
762,PRE,750,2,7794,WATCH,54.0,80.0,WAIT,BLOCK,False,30.6,50以下,0.0,0,不可下單,波動壓縮 | 均線收斂 | 接近突破 | 結構尚可,PRE 佈局型：等待突破確認，小倉觀察，不主動重倉,PRE 是主升段前卡位，只能小倉。,BLOCK：超出本市場狀態可執行名額
763,PRE,751,2,7811,WATCH,54.0,80.0,WAIT,BLOCK,False,73.5,50-100,0.0,0,不可下單,波動壓縮 | 均線收斂 | 接近突破 | 結構尚可,PRE 佈局型：等待突破確認，小倉觀察，不主動重倉,PRE 是主升段前卡位，只能小倉。,BLOCK：超出本市場狀態可執行名額
764,PRE,752,2,8044,WATCH,54.0,80.0,WAIT,BLOCK,False,24.3,50以下,0.0,0,不可下單,波動壓縮 | 均線收斂 | 接近突破 | 結構尚可,PRE 佈局型：等待突破確認，小倉觀察，不主動重倉,PRE 是主升段前卡位，只能小倉。,BLOCK：超出本市場狀態可執行名額
765,PRE,753,2,8070,WATCH,54.0,80.0,WAIT,BLOCK,False,50.2,50-100,0.0,0,不可下單,波動壓縮 | 均線收斂 | 接近突破 | 結構尚可,PRE 佈局型：等待突破確認，小倉觀察，不主動重倉,PRE 是主升段前卡位，只能小倉。,BLOCK：超出本市場狀態可執行名額
766,PRE,754,2,8099,WATCH,54.0,80.0,WAIT,BLOCK,False,59.6,50-100,0.0,0,不可下單,波動壓縮 | 均線收斂 | 接近突破 | 結構尚可,PRE 佈局型：等待突破確認，小倉觀察，不主動重倉,PRE 是主升段前卡位，只能小倉。,BLOCK：超出本市場狀態可執行名額
767,PRE,755,2,8272,WATCH,54.0,80.0,WAIT,BLOCK,False,64.5,50-100,0.0,0,不可下單,波動壓縮 | 均線收斂 | 接近突破 | 結構尚可,PRE 佈局型：等待突破確認，小倉觀察，不主動重倉,PRE 是主升段前卡位，只能小倉。,BLOCK：超出本市場狀態可執行名額
768,PRE,756,2,8401,WATCH,54.0,80.0,WAIT,BLOCK,False,22.75,50以下,0.0,0,不可下單,波動壓縮 | 均線收斂 | 接近突破 | 結構尚可,PRE 佈局型：等待突破確認，小倉觀察，不主動重倉,PRE 是主升段前卡位，只能小倉。,BLOCK：超出本市場狀態可執行名額
769,PRE,757,2,8416,WATCH,54.0,80.0,WAIT,BLOCK,False,169.0,100-500,0.0,0,不可下單,波動壓縮 | 均線收斂 | 接近突破 | 結構尚可,PRE 佈局型：等待突破確認，小倉觀察，不主動重倉,PRE 是主升段前卡位，只能小倉。,BLOCK：超出本市場狀態可執行名額
770,PRE,758,2,8421,WATCH,54.0,80.0,WAIT,BLOCK,False,12.95,50以下,0.0,0,不可下單,波動壓縮 | 均線收斂 | 接近突破 | 結構尚可,PRE 佈局型：等待突破確認，小倉觀察，不主動重倉,PRE 是主升段前卡位，只能小倉。,BLOCK：超出本市場狀態可執行名額
771,PRE,759,2,8422,WATCH,54.0,80.0,WAIT,BLOCK,False,25.9,50以下,0.0,0,不可下單,波動壓縮 | 均線收斂 | 接近突破 | 結構尚可,PRE 佈局型：等待突破確認，小倉觀察，不主動重倉,PRE 是主升段前卡位，只能小倉。,BLOCK：超出本市場狀態可執行名額
772,PRE,760,2,8423,WATCH,54.0,80.0,WAIT,BLOCK,False,18.2,50以下,0.0,0,不可下單,波動壓縮 | 均線收斂 | 接近突破 | 結構尚可,PRE 佈局型：等待突破確認，小倉觀察，不主動重倉,PRE 是主升段前卡位，只能小倉。,BLOCK：超出本市場狀態可執行名額
773,PRE,761,2,8433,WATCH,54.0,80.0,WAIT,BLOCK,False,52.8,50-100,0.0,0,不可下單,波動壓縮 | 均線收斂 | 接近突破 | 結構尚可,PRE 佈局型：等待突破確認，小倉觀察，不主動重倉,PRE 是主升段前卡位，只能小倉。,BLOCK：超出本市場狀態可執行名額
774,PRE,762,2,8916,WATCH,54.0,80.0,WAIT,BLOCK,False,41.05,50以下,0.0,0,不可下單,波動壓縮 | 均線收斂 | 接近突破 | 結構尚可,PRE 佈局型：等待突破確認，小倉觀察，不主動重倉,PRE 是主升段前卡位，只能小倉。,BLOCK：超出本市場狀態可執行名額
775,PRE,763,2,8923,WATCH,54.0,80.0,WAIT,BLOCK,False,18.0,50以下,0.0,0,不可下單,波動壓縮 | 均線收斂 | 接近突破 | 結構尚可,PRE 佈局型：等待突破確認，小倉觀察，不主動重倉,PRE 是主升段前卡位，只能小倉。,BLOCK：超出本市場狀態可執行名額
776,PRE,764,2,8924,WATCH,54.0,80.0,WAIT,BLOCK,False,49.45,50以下,0.0,0,不可下單,波動壓縮 | 均線收斂 | 接近突破 | 結構尚可,PRE 佈局型：等待突破確認，小倉觀察，不主動重倉,PRE 是主升段前卡位，只能小倉。,BLOCK：超出本市場狀態可執行名額
777,PRE,765,2,9902,WATCH,54.0,80.0,WAIT,BLOCK,False,13.2,50以下,0.0,0,不可下單,波動壓縮 | 均線收斂 | 接近突破 | 結構尚可,PRE 佈局型：等待突破確認，小倉觀察，不主動重倉,PRE 是主升段前卡位，只能小倉。,BLOCK：超出本市場狀態可執行名額
778,PRE,766,2,9912,WATCH,54.0,80.0,WAIT,BLOCK,False,13.1,50以下,0.0,0,不可下單,波動壓縮 | 均線收斂 | 接近突破 | 結構尚可,PRE 佈局型：等待突破確認，小倉觀察，不主動重倉,PRE 是主升段前卡位，只能小倉。,BLOCK：超出本市場狀態可執行名額
779,PRE,767,2,9928,WATCH,54.0,80.0,WAIT,BLOCK,False,17.75,50以下,0.0,0,不可下單,波動壓縮 | 均線收斂 | 接近突破 | 結構尚可,PRE 佈局型：等待突破確認，小倉觀察，不主動重倉,PRE 是主升段前卡位，只能小倉。,BLOCK：超出本市場狀態可執行名額
780,PRE,768,2,9933,WATCH,54.0,80.0,WAIT,BLOCK,False,40.7,50以下,0.0,0,不可下單,波動壓縮 | 均線收斂 | 接近突破 | 結構尚可,PRE 佈局型：等待突破確認，小倉觀察，不主動重倉,PRE 是主升段前卡位，只能小倉。,BLOCK：超出本市場狀態可執行名額
781,PRE,769,2,9937,WATCH,54.0,80.0,WAIT,BLOCK,False,54.5,50-100,0.0,0,不可下單,波動壓縮 | 均線收斂 | 接近突破 | 結構尚可,PRE 佈局型：等待突破確認，小倉觀察，不主動重倉,PRE 是主升段前卡位，只能小倉。,BLOCK：超出本市場狀態可執行名額
782,PRE,770,2,9945,WATCH,54.0,80.0,WAIT,BLOCK,False,29.45,50以下,0.0,0,不可下單,波動壓縮 | 均線收斂 | 接近突破 | 結構尚可,PRE 佈局型：等待突破確認，小倉觀察，不主動重倉,PRE 是主升段前卡位，只能小倉。,BLOCK：超出本市場狀態可執行名額
783,PRE,771,2,2231,WATCH,62.0,55.0,WAIT,BLOCK,False,94.7,50-100,0.0,0,不可下單,波動壓縮 | 均線收斂 | 放量吸收 | 接近突破,PRE 條件未完整，僅保留觀察,PRE 是主升段前卡位，只能小倉。,BLOCK：超出本市場狀態可執行名額
784,PRE,772,2,2401,WATCH,62.0,55.0,WAIT,BLOCK,False,26.75,50以下,0.0,0,不可下單,波動壓縮 | 均線收斂 | 放量吸收 | 接近突破,PRE 條件未完整，僅保留觀察,PRE 是主升段前卡位，只能小倉。,BLOCK：超出本市場狀態可執行名額
785,PRE,773,2,3015,WATCH,62.0,55.0,WAIT,BLOCK,False,55.2,50-100,0.0,0,不可下單,波動壓縮 | 均線收斂 | 放量吸收 | 接近突破,PRE 條件未完整，僅保留觀察,PRE 是主升段前卡位，只能小倉。,BLOCK：超出本市場狀態可執行名額
786,PRE,774,2,3041,WATCH,62.0,55.0,WAIT,BLOCK,False,24.35,50以下,0.0,0,不可下單,波動壓縮 | 均線收斂 | 放量吸收 | 接近突破,PRE 條件未完整，僅保留觀察,PRE 是主升段前卡位，只能小倉。,BLOCK：超出本市場狀態可執行名額
787,PRE,775,2,6698,WATCH,62.0,55.0,WAIT,BLOCK,False,33.3,50以下,0.0,0,不可下單,安靜吸籌 | 均線收斂 | 放量吸收 | 接近突破,PRE 條件未完整，僅保留觀察,PRE 是主升段前卡位，只能小倉。,BLOCK：超出本市場狀態可執行名額
788,PRE,776,2,1584,WATCH,54.0,75.0,WAIT,BLOCK,False,18.85,50以下,0.0,0,不可下單,安靜吸籌 | 均線收斂 | 接近突破 | 結構尚可,PRE 佈局型：等待突破確認，小倉觀察，不主動重倉,PRE 是主升段前卡位，只能小倉。,BLOCK：超出本市場狀態可執行名額
789,PRE,777,2,1785,WATCH,54.0,75.0,WAIT,BLOCK,False,100.5,100-500,0.0,0,不可下單,波動壓縮 | 均線收斂 | 接近突破 | 結構尚可,PRE 佈局型：等待突破確認，小倉觀察，不主動重倉,PRE 是主升段前卡位，只能小倉。,BLOCK：超出本市場狀態可執行名額
790,PRE,778,2,2924,WATCH,54.0,75.0,WAIT,BLOCK,False,18.3,50以下,0.0,0,不可下單,安靜吸籌 | 均線收斂 | 接近突破 | 結構尚可,PRE 佈局型：等待突破確認，小倉觀察，不主動重倉,PRE 是主升段前卡位，只能小倉。,BLOCK：超出本市場狀態可執行名額
791,PRE,779,2,2949,WATCH,54.0,75.0,WAIT,BLOCK,False,68.9,50-100,0.0,0,不可下單,波動壓縮 | 均線收斂 | 接近突破 | 結構尚可,PRE 佈局型：等待突破確認，小倉觀察，不主動重倉,PRE 是主升段前卡位，只能小倉。,BLOCK：超出本市場狀態可執行名額
792,PRE,780,2,3017,WATCH,54.0,75.0,WAIT,BLOCK,False,3435.0,1000以上,0.0,0,不可下單,波動壓縮 | 均線收斂 | 接近突破 | 結構尚可,PRE 佈局型：等待突破確認，小倉觀察，不主動重倉,PRE 是主升段前卡位，只能小倉。,BLOCK：超出本市場狀態可執行名額
793,PRE,781,2,3044,WATCH,54.0,75.0,WAIT,BLOCK,False,525.0,500-1000,0.0,0,不可下單,波動壓縮 | 均線收斂 | 接近突破 | 結構尚可,PRE 佈局型：等待突破確認，小倉觀察，不主動重倉,PRE 是主升段前卡位，只能小倉。,BLOCK：超出本市場狀態可執行名額
794,PRE,782,2,3066,WATCH,54.0,75.0,WAIT,BLOCK,False,29.2,50以下,0.0,0,不可下單,波動壓縮 | 均線收斂 | 接近突破 | 結構尚可,PRE 佈局型：等待突破確認，小倉觀察，不主動重倉,PRE 是主升段前卡位，只能小倉。,BLOCK：超出本市場狀態可執行名額
795,PRE,783,2,3122,WATCH,54.0,75.0,WAIT,BLOCK,False,24.2,50以下,0.0,0,不可下單,波動壓縮 | 均線收斂 | 接近突破 | 結構尚可,PRE 佈局型：等待突破確認，小倉觀察，不主動重倉,PRE 是主升段前卡位，只能小倉。,BLOCK：超出本市場狀態可執行名額
796,PRE,784,2,3131,WATCH,54.0,75.0,WAIT,BLOCK,False,2525.0,1000以上,0.0,0,不可下單,波動壓縮 | 均線收斂 | 接近突破 | 結構尚可,PRE 佈局型：等待突破確認，小倉觀察，不主動重倉,PRE 是主升段前卡位，只能小倉。,BLOCK：超出本市場狀態可執行名額
797,PRE,785,2,3147,WATCH,54.0,75.0,WAIT,BLOCK,False,243.5,100-500,0.0,0,不可下單,波動壓縮 | 均線收斂 | 接近突破 | 結構尚可,PRE 佈局型：等待突破確認，小倉觀察，不主動重倉,PRE 是主升段前卡位，只能小倉。,BLOCK：超出本市場狀態可執行名額
798,PRE,786,2,3152,WATCH,54.0,75.0,WAIT,BLOCK,False,231.0,100-500,0.0,0,不可下單,波動壓縮 | 均線收斂 | 接近突破 | 結構尚可,PRE 佈局型：等待突破確認，小倉觀察，不主動重倉,PRE 是主升段前卡位，只能小倉。,BLOCK：超出本市場狀態可執行名額
799,PRE,787,2,3164,WATCH,54.0,75.0,WAIT,BLOCK,False,16.55,50以下,0.0,0,不可下單,安靜吸籌 | 均線收斂 | 接近突破 | 結構尚可,PRE 佈局型：等待突破確認，小倉觀察，不主動重倉,PRE 是主升段前卡位，只能小倉。,BLOCK：超出本市場狀態可執行名額
800,PRE,788,2,3169,WATCH,54.0,75.0,WAIT,BLOCK,False,115.0,100-500,0.0,0,不可下單,波動壓縮 | 均線收斂 | 接近突破 | 結構尚可,PRE 佈局型：等待突破確認，小倉觀察，不主動重倉,PRE 是主升段前卡位，只能小倉。,BLOCK：超出本市場狀態可執行名額
801,PRE,789,2,3211,WATCH,54.0,75.0,WAIT,BLOCK,False,398.5,100-500,0.0,0,不可下單,波動壓縮 | 均線收斂 | 接近突破 | 結構尚可,PRE 佈局型：等待突破確認，小倉觀察，不主動重倉,PRE 是主升段前卡位，只能小倉。,BLOCK：超出本市場狀態可執行名額
802,PRE,790,2,3226,WATCH,54.0,75.0,WAIT,BLOCK,False,60.4,50-100,0.0,0,不可下單,波動壓縮 | 均線收斂 | 接近突破 | 結構尚可,PRE 佈局型：等待突破確認，小倉觀察，不主動重倉,PRE 是主升段前卡位，只能小倉。,BLOCK：超出本市場狀態可執行名額
803,PRE,791,2,3228,WATCH,54.0,75.0,WAIT,BLOCK,False,182.0,100-500,0.0,0,不可下單,波動壓縮 | 均線收斂 | 接近突破 | 結構尚可,PRE 佈局型：等待突破確認，小倉觀察，不主動重倉,PRE 是主升段前卡位，只能小倉。,BLOCK：超出本市場狀態可執行名額
804,PRE,792,2,3265,WATCH,54.0,75.0,WAIT,BLOCK,False,186.0,100-500,0.0,0,不可下單,波動壓縮 | 均線收斂 | 接近突破 | 結構尚可,PRE 佈局型：等待突破確認，小倉觀察，不主動重倉,PRE 是主升段前卡位，只能小倉。,BLOCK：超出本市場狀態可執行名額
805,PRE,793,2,3272,WATCH,54.0,75.0,WAIT,BLOCK,False,13.95,50以下,0.0,0,不可下單,波動壓縮 | 均線收斂 | 接近突破 | 結構尚可,PRE 佈局型：等待突破確認，小倉觀察，不主動重倉,PRE 是主升段前卡位，只能小倉。,BLOCK：超出本市場狀態可執行名額
806,PRE,794,2,3287,WATCH,54.0,75.0,WAIT,BLOCK,False,42.15,50以下,0.0,0,不可下單,波動壓縮 | 均線收斂 | 接近突破 | 結構尚可,PRE 佈局型：等待突破確認，小倉觀察，不主動重倉,PRE 是主升段前卡位，只能小倉。,BLOCK：超出本市場狀態可執行名額
807,PRE,795,2,3288,WATCH,54.0,75.0,WAIT,BLOCK,False,21.2,50以下,0.0,0,不可下單,波動壓縮 | 均線收斂 | 接近突破 | 結構尚可,PRE 佈局型：等待突破確認，小倉觀察，不主動重倉,PRE 是主升段前卡位，只能小倉。,BLOCK：超出本市場狀態可執行名額
808,PRE,796,2,3354,WATCH,54.0,75.0,WAIT,BLOCK,False,32.15,50以下,0.0,0,不可下單,波動壓縮 | 均線收斂 | 接近突破 | 結構尚可,PRE 佈局型：等待突破確認，小倉觀察，不主動重倉,PRE 是主升段前卡位，只能小倉。,BLOCK：超出本市場狀態可執行名額
809,PRE,797,2,3455,WATCH,54.0,75.0,WAIT,BLOCK,False,267.0,100-500,0.0,0,不可下單,波動壓縮 | 均線收斂 | 接近突破 | 結構尚可,PRE 佈局型：等待突破確認，小倉觀察，不主動重倉,PRE 是主升段前卡位，只能小倉。,BLOCK：超出本市場狀態可執行名額
810,PRE,798,2,3479,WATCH,54.0,75.0,WAIT,BLOCK,False,136.0,100-500,0.0,0,不可下單,波動壓縮 | 均線收斂 | 接近突破 | 結構尚可,PRE 佈局型：等待突破確認，小倉觀察，不主動重倉,PRE 是主升段前卡位，只能小倉。,BLOCK：超出本市場狀態可執行名額
811,PRE,799,2,3485,WATCH,54.0,75.0,WAIT,BLOCK,False,209.0,100-500,0.0,0,不可下單,波動壓縮 | 均線收斂 | 接近突破 | 結構尚可,PRE 佈局型：等待突破確認，小倉觀察，不主動重倉,PRE 是主升段前卡位，只能小倉。,BLOCK：超出本市場狀態可執行名額
812,PRE,800,2,3489,WATCH,54.0,75.0,WAIT,BLOCK,False,23.35,50以下,0.0,0,不可下單,波動壓縮 | 均線收斂 | 接近突破 | 結構尚可,PRE 佈局型：等待突破確認，小倉觀察，不主動重倉,PRE 是主升段前卡位，只能小倉。,BLOCK：超出本市場狀態可執行名額
813,PRE,801,2,3491,WATCH,54.0,75.0,WAIT,BLOCK,False,1500.0,1000以上,0.0,0,不可下單,波動壓縮 | 均線收斂 | 接近突破 | 結構尚可,PRE 佈局型：等待突破確認，小倉觀察，不主動重倉,PRE 是主升段前卡位，只能小倉。,BLOCK：超出本市場狀態可執行名額
814,PRE,802,2,3508,WATCH,54.0,75.0,WAIT,BLOCK,False,25.9,50以下,0.0,0,不可下單,波動壓縮 | 均線收斂 | 接近突破 | 結構尚可,PRE 佈局型：等待突破確認，小倉觀察，不主動重倉,PRE 是主升段前卡位，只能小倉。,BLOCK：超出本市場狀態可執行名額
815,PRE,803,2,3527,WATCH,54.0,75.0,WAIT,BLOCK,False,53.1,50-100,0.0,0,不可下單,波動壓縮 | 均線收斂 | 接近突破 | 結構尚可,PRE 佈局型：等待突破確認，小倉觀察，不主動重倉,PRE 是主升段前卡位，只能小倉。,BLOCK：超出本市場狀態可執行名額
816,PRE,804,2,3577,WATCH,54.0,75.0,WAIT,BLOCK,False,117.5,100-500,0.0,0,不可下單,波動壓縮 | 均線收斂 | 接近突破 | 結構尚可,PRE 佈局型：等待突破確認，小倉觀察，不主動重倉,PRE 是主升段前卡位，只能小倉。,BLOCK：超出本市場狀態可執行名額
817,PRE,805,2,3623,WATCH,54.0,75.0,WAIT,BLOCK,False,29.8,50以下,0.0,0,不可下單,波動壓縮 | 均線收斂 | 接近突破 | 結構尚可,PRE 佈局型：等待突破確認，小倉觀察，不主動重倉,PRE 是主升段前卡位，只能小倉。,BLOCK：超出本市場狀態可執行名額
818,PRE,806,2,3624,WATCH,54.0,75.0,WAIT,BLOCK,False,137.5,100-500,0.0,0,不可下單,波動壓縮 | 均線收斂 | 接近突破 | 結構尚可,PRE 佈局型：等待突破確認，小倉觀察，不主動重倉,PRE 是主升段前卡位，只能小倉。,BLOCK：超出本市場狀態可執行名額
819,PRE,807,2,3663,WATCH,54.0,75.0,WAIT,BLOCK,False,67.8,50-100,0.0,0,不可下單,安靜吸籌 | 均線收斂 | 接近突破 | 結構尚可,PRE 佈局型：等待突破確認，小倉觀察，不主動重倉,PRE 是主升段前卡位，只能小倉。,BLOCK：超出本市場狀態可執行名額
820,PRE,808,2,3675,WATCH,54.0,75.0,WAIT,BLOCK,False,330.0,100-500,0.0,0,不可下單,波動壓縮 | 均線收斂 | 接近突破 | 結構尚可,PRE 佈局型：等待突破確認，小倉觀察，不主動重倉,PRE 是主升段前卡位，只能小倉。,BLOCK：超出本市場狀態可執行名額
821,PRE,809,2,3680,WATCH,54.0,75.0,WAIT,BLOCK,False,555.0,500-1000,0.0,0,不可下單,波動壓縮 | 均線收斂 | 接近突破 | 結構尚可,PRE 佈局型：等待突破確認，小倉觀察，不主動重倉,PRE 是主升段前卡位，只能小倉。,BLOCK：超出本市場狀態可執行名額
822,PRE,810,2,3684,WATCH,54.0,75.0,WAIT,BLOCK,False,52.9,50-100,0.0,0,不可下單,波動壓縮 | 均線收斂 | 接近突破 | 結構尚可,PRE 佈局型：等待突破確認，小倉觀察，不主動重倉,PRE 是主升段前卡位，只能小倉。,BLOCK：超出本市場狀態可執行名額
823,PRE,811,2,3710,WATCH,54.0,75.0,WAIT,BLOCK,False,8.32,50以下,0.0,0,不可下單,波動壓縮 | 均線收斂 | 接近突破 | 結構尚可,PRE 佈局型：等待突破確認，小倉觀察，不主動重倉,PRE 是主升段前卡位，只能小倉。,BLOCK：超出本市場狀態可執行名額
824,PRE,812,2,4131,WATCH,54.0,75.0,WAIT,BLOCK,False,30.65,50以下,0.0,0,不可下單,波動壓縮 | 均線收斂 | 接近突破 | 結構尚可,PRE 佈局型：等待突破確認，小倉觀察，不主動重倉,PRE 是主升段前卡位，只能小倉。,BLOCK：超出本市場狀態可執行名額
825,PRE,813,2,4168,WATCH,54.0,75.0,WAIT,BLOCK,False,22.35,50以下,0.0,0,不可下單,波動壓縮 | 均線收斂 | 接近突破 | 結構尚可,PRE 佈局型：等待突破確認，小倉觀察，不主動重倉,PRE 是主升段前卡位，只能小倉。,BLOCK：超出本市場狀態可執行名額
826,PRE,814,2,4413,WATCH,54.0,75.0,WAIT,BLOCK,False,20.3,50以下,0.0,0,不可下單,波動壓縮 | 均線收斂 | 接近突破 | 結構尚可,PRE 佈局型：等待突破確認，小倉觀察，不主動重倉,PRE 是主升段前卡位，只能小倉。,BLOCK：超出本市場狀態可執行名額
827,PRE,815,2,4416,WATCH,54.0,75.0,WAIT,BLOCK,False,13.35,50以下,0.0,0,不可下單,波動壓縮 | 均線收斂 | 接近突破 | 結構尚可,PRE 佈局型：等待突破確認，小倉觀察，不主動重倉,PRE 是主升段前卡位，只能小倉。,BLOCK：超出本市場狀態可執行名額
828,PRE,816,2,4534,WATCH,54.0,75.0,WAIT,BLOCK,False,30.95,50以下,0.0,0,不可下單,波動壓縮 | 均線收斂 | 接近突破 | 結構尚可,PRE 佈局型：等待突破確認，小倉觀察，不主動重倉,PRE 是主升段前卡位，只能小倉。,BLOCK：超出本市場狀態可執行名額
829,PRE,817,2,4541,WATCH,54.0,75.0,WAIT,BLOCK,False,61.6,50-100,0.0,0,不可下單,波動壓縮 | 均線收斂 | 接近突破 | 結構尚可,PRE 佈局型：等待突破確認，小倉觀察，不主動重倉,PRE 是主升段前卡位，只能小倉。,BLOCK：超出本市場狀態可執行名額
830,PRE,818,2,4561,WATCH,54.0,75.0,WAIT,BLOCK,False,43.2,50以下,0.0,0,不可下單,波動壓縮 | 均線收斂 | 接近突破 | 結構尚可,PRE 佈局型：等待突破確認，小倉觀察，不主動重倉,PRE 是主升段前卡位，只能小倉。,BLOCK：超出本市場狀態可執行名額
831,PRE,819,2,4563,WATCH,54.0,75.0,WAIT,BLOCK,False,51.7,50-100,0.0,0,不可下單,波動壓縮 | 均線收斂 | 接近突破 | 結構尚可,PRE 佈局型：等待突破確認，小倉觀察，不主動重倉,PRE 是主升段前卡位，只能小倉。,BLOCK：超出本市場狀態可執行名額
832,PRE,820,2,4577,WATCH,54.0,75.0,WAIT,BLOCK,False,92.4,50-100,0.0,0,不可下單,波動壓縮 | 均線收斂 | 接近突破 | 結構尚可,PRE 佈局型：等待突破確認，小倉觀察，不主動重倉,PRE 是主升段前卡位，只能小倉。,BLOCK：超出本市場狀態可執行名額
833,PRE,821,2,4707,WATCH,54.0,75.0,WAIT,BLOCK,False,30.35,50以下,0.0,0,不可下單,波動壓縮 | 均線收斂 | 接近突破 | 結構尚可,PRE 佈局型：等待突破確認，小倉觀察，不主動重倉,PRE 是主升段前卡位，只能小倉。,BLOCK：超出本市場狀態可執行名額
834,PRE,822,2,4729,WATCH,54.0,75.0,WAIT,BLOCK,False,20.65,50以下,0.0,0,不可下單,安靜吸籌 | 均線收斂 | 接近突破 | 結構尚可,PRE 佈局型：等待突破確認，小倉觀察，不主動重倉,PRE 是主升段前卡位，只能小倉。,BLOCK：超出本市場狀態可執行名額
835,PRE,823,2,4741,WATCH,54.0,75.0,WAIT,BLOCK,False,40.8,50以下,0.0,0,不可下單,波動壓縮 | 均線收斂 | 接近突破 | 結構尚可,PRE 佈局型：等待突破確認，小倉觀察，不主動重倉,PRE 是主升段前卡位，只能小倉。,BLOCK：超出本市場狀態可執行名額
836,PRE,824,2,4772,WATCH,54.0,75.0,WAIT,BLOCK,False,269.0,100-500,0.0,0,不可下單,安靜吸籌 | 均線收斂 | 接近突破 | 結構尚可,PRE 佈局型：等待突破確認，小倉觀察，不主動重倉,PRE 是主升段前卡位，只能小倉。,BLOCK：超出本市場狀態可執行名額
837,PRE,825,2,4931,WATCH,54.0,75.0,WAIT,BLOCK,False,252.0,100-500,0.0,0,不可下單,波動壓縮 | 均線收斂 | 接近突破 | 結構尚可,PRE 佈局型：等待突破確認，小倉觀察，不主動重倉,PRE 是主升段前卡位，只能小倉。,BLOCK：超出本市場狀態可執行名額
838,PRE,826,2,4946,WATCH,54.0,75.0,WAIT,BLOCK,False,101.5,100-500,0.0,0,不可下單,波動壓縮 | 均線收斂 | 接近突破 | 結構尚可,PRE 佈局型：等待突破確認，小倉觀察，不主動重倉,PRE 是主升段前卡位，只能小倉。,BLOCK：超出本市場狀態可執行名額
839,PRE,827,2,4951,WATCH,54.0,75.0,WAIT,BLOCK,False,91.5,50-100,0.0,0,不可下單,波動壓縮 | 均線收斂 | 接近突破 | 結構尚可,PRE 佈局型：等待突破確認，小倉觀察，不主動重倉,PRE 是主升段前卡位，只能小倉。,BLOCK：超出本市場狀態可執行名額
840,PRE,828,2,5016,WATCH,54.0,75.0,WAIT,BLOCK,False,25.55,50以下,0.0,0,不可下單,安靜吸籌 | 均線收斂 | 接近突破 | 結構尚可,PRE 佈局型：等待突破確認，小倉觀察，不主動重倉,PRE 是主升段前卡位，只能小倉。,BLOCK：超出本市場狀態可執行名額
841,PRE,829,2,5201,WATCH,54.0,75.0,WAIT,BLOCK,False,29.95,50以下,0.0,0,不可下單,波動壓縮 | 均線收斂 | 接近突破 | 結構尚可,PRE 佈局型：等待突破確認，小倉觀察，不主動重倉,PRE 是主升段前卡位，只能小倉。,BLOCK：超出本市場狀態可執行名額
842,PRE,830,2,5227,WATCH,54.0,75.0,WAIT,BLOCK,False,31.5,50以下,0.0,0,不可下單,波動壓縮 | 均線收斂 | 接近突破 | 結構尚可,PRE 佈局型：等待突破確認，小倉觀察，不主動重倉,PRE 是主升段前卡位，只能小倉。,BLOCK：超出本市場狀態可執行名額
843,PRE,831,2,5272,WATCH,54.0,75.0,WAIT,BLOCK,False,18.0,50以下,0.0,0,不可下單,安靜吸籌 | 均線收斂 | 接近突破 | 結構尚可,PRE 佈局型：等待突破確認，小倉觀察，不主動重倉,PRE 是主升段前卡位，只能小倉。,BLOCK：超出本市場狀態可執行名額
844,PRE,832,2,5344,WATCH,54.0,75.0,WAIT,BLOCK,False,13.85,50以下,0.0,0,不可下單,波動壓縮 | 均線收斂 | 接近突破 | 結構尚可,PRE 佈局型：等待突破確認，小倉觀察，不主動重倉,PRE 是主升段前卡位，只能小倉。,BLOCK：超出本市場狀態可執行名額
845,PRE,833,2,5345,WATCH,54.0,75.0,WAIT,BLOCK,False,21.5,50以下,0.0,0,不可下單,波動壓縮 | 均線收斂 | 接近突破 | 結構尚可,PRE 佈局型：等待突破確認，小倉觀察，不主動重倉,PRE 是主升段前卡位，只能小倉。,BLOCK：超出本市場狀態可執行名額
846,PRE,834,2,5355,WATCH,54.0,75.0,WAIT,BLOCK,False,7.05,50以下,0.0,0,不可下單,波動壓縮 | 均線收斂 | 接近突破 | 結構尚可,PRE 佈局型：等待突破確認，小倉觀察，不主動重倉,PRE 是主升段前卡位，只能小倉。,BLOCK：超出本市場狀態可執行名額
847,PRE,835,2,5425,WATCH,54.0,75.0,WAIT,BLOCK,False,96.0,50-100,0.0,0,不可下單,波動壓縮 | 均線收斂 | 接近突破 | 結構尚可,PRE 佈局型：等待突破確認，小倉觀察，不主動重倉,PRE 是主升段前卡位，只能小倉。,BLOCK：超出本市場狀態可執行名額
848,PRE,836,2,5438,WATCH,54.0,75.0,WAIT,BLOCK,False,17.35,50以下,0.0,0,不可下單,安靜吸籌 | 均線收斂 | 接近突破 | 結構尚可,PRE 佈局型：等待突破確認，小倉觀察，不主動重倉,PRE 是主升段前卡位，只能小倉。,BLOCK：超出本市場狀態可執行名額
849,PRE,837,2,5439,WATCH,54.0,75.0,WAIT,BLOCK,False,254.0,100-500,0.0,0,不可下單,波動壓縮 | 均線收斂 | 接近突破 | 結構尚可,PRE 佈局型：等待突破確認，小倉觀察，不主動重倉,PRE 是主升段前卡位，只能小倉。,BLOCK：超出本市場狀態可執行名額
850,PRE,838,2,5460,WATCH,54.0,75.0,WAIT,BLOCK,False,17.15,50以下,0.0,0,不可下單,波動壓縮 | 均線收斂 | 接近突破 | 結構尚可,PRE 佈局型：等待突破確認，小倉觀察，不主動重倉,PRE 是主升段前卡位，只能小倉。,BLOCK：超出本市場狀態可執行名額
851,PRE,839,2,5468,WATCH,54.0,75.0,WAIT,BLOCK,False,25.85,50以下,0.0,0,不可下單,波動壓縮 | 均線收斂 | 接近突破 | 結構尚可,PRE 佈局型：等待突破確認，小倉觀察，不主動重倉,PRE 是主升段前卡位，只能小倉。,BLOCK：超出本市場狀態可執行名額
852,PRE,840,2,5474,WATCH,54.0,75.0,WAIT,BLOCK,False,164.0,100-500,0.0,0,不可下單,波動壓縮 | 均線收斂 | 接近突破 | 結構尚可,PRE 佈局型：等待突破確認，小倉觀察，不主動重倉,PRE 是主升段前卡位，只能小倉。,BLOCK：超出本市場狀態可執行名額
853,PRE,841,2,5536,WATCH,54.0,75.0,WAIT,BLOCK,False,919.0,500-1000,0.0,0,不可下單,波動壓縮 | 均線收斂 | 接近突破 | 結構尚可,PRE 佈局型：等待突破確認，小倉觀察，不主動重倉,PRE 是主升段前卡位，只能小倉。,BLOCK：超出本市場狀態可執行名額
854,PRE,842,2,5864,WATCH,54.0,75.0,WAIT,BLOCK,False,39.2,50以下,0.0,0,不可下單,波動壓縮 | 均線收斂 | 接近突破 | 結構尚可,PRE 佈局型：等待突破確認，小倉觀察，不主動重倉,PRE 是主升段前卡位，只能小倉。,BLOCK：超出本市場狀態可執行名額
855,PRE,843,2,6015,WATCH,54.0,75.0,WAIT,BLOCK,False,17.95,50以下,0.0,0,不可下單,波動壓縮 | 均線收斂 | 接近突破 | 結構尚可,PRE 佈局型：等待突破確認，小倉觀察，不主動重倉,PRE 是主升段前卡位，只能小倉。,BLOCK：超出本市場狀態可執行名額
856,PRE,844,2,6016,WATCH,54.0,75.0,WAIT,BLOCK,False,24.3,50以下,0.0,0,不可下單,波動壓縮 | 均線收斂 | 接近突破 | 結構尚可,PRE 佈局型：等待突破確認，小倉觀察，不主動重倉,PRE 是主升段前卡位，只能小倉。,BLOCK：超出本市場狀態可執行名額
857,PRE,845,2,6127,WATCH,54.0,75.0,WAIT,BLOCK,False,51.7,50-100,0.0,0,不可下單,波動壓縮 | 均線收斂 | 接近突破 | 結構尚可,PRE 佈局型：等待突破確認，小倉觀察，不主動重倉,PRE 是主升段前卡位，只能小倉。,BLOCK：超出本市場狀態可執行名額
858,PRE,846,2,6129,WATCH,54.0,75.0,WAIT,BLOCK,False,14.9,50以下,0.0,0,不可下單,波動壓縮 | 均線收斂 | 接近突破 | 結構尚可,PRE 佈局型：等待突破確認，小倉觀察，不主動重倉,PRE 是主升段前卡位，只能小倉。,BLOCK：超出本市場狀態可執行名額
859,PRE,847,2,6150,WATCH,54.0,75.0,WAIT,BLOCK,False,63.6,50-100,0.0,0,不可下單,波動壓縮 | 均線收斂 | 接近突破 | 結構尚可,PRE 佈局型：等待突破確認，小倉觀察，不主動重倉,PRE 是主升段前卡位，只能小倉。,BLOCK：超出本市場狀態可執行名額
860,PRE,848,2,6156,WATCH,54.0,75.0,WAIT,BLOCK,False,21.85,50以下,0.0,0,不可下單,波動壓縮 | 均線收斂 | 接近突破 | 結構尚可,PRE 佈局型：等待突破確認，小倉觀察，不主動重倉,PRE 是主升段前卡位，只能小倉。,BLOCK：超出本市場狀態可執行名額
861,PRE,849,2,6174,WATCH,54.0,75.0,WAIT,BLOCK,False,45.5,50以下,0.0,0,不可下單,波動壓縮 | 均線收斂 | 接近突破 | 結構尚可,PRE 佈局型：等待突破確認，小倉觀察，不主動重倉,PRE 是主升段前卡位，只能小倉。,BLOCK：超出本市場狀態可執行名額
862,PRE,850,2,6244,WATCH,54.0,75.0,WAIT,BLOCK,False,25.05,50以下,0.0,0,不可下單,安靜吸籌 | 均線收斂 | 接近突破 | 結構尚可,PRE 佈局型：等待突破確認，小倉觀察，不主動重倉,PRE 是主升段前卡位，只能小倉。,BLOCK：超出本市場狀態可執行名額
863,PRE,851,2,6245,WATCH,54.0,75.0,WAIT,BLOCK,False,87.8,50-100,0.0,0,不可下單,波動壓縮 | 均線收斂 | 接近突破 | 結構尚可,PRE 佈局型：等待突破確認，小倉觀察，不主動重倉,PRE 是主升段前卡位，只能小倉。,BLOCK：超出本市場狀態可執行名額
864,PRE,852,2,6259,WATCH,54.0,75.0,WAIT,BLOCK,False,30.25,50以下,0.0,0,不可下單,波動壓縮 | 均線收斂 | 接近突破 | 結構尚可,PRE 佈局型：等待突破確認，小倉觀察，不主動重倉,PRE 是主升段前卡位，只能小倉。,BLOCK：超出本市場狀態可執行名額
865,PRE,853,2,6274,WATCH,54.0,75.0,WAIT,BLOCK,False,1520.0,1000以上,0.0,0,不可下單,波動壓縮 | 均線收斂 | 接近突破 | 結構尚可,PRE 佈局型：等待突破確認，小倉觀察，不主動重倉,PRE 是主升段前卡位，只能小倉。,BLOCK：超出本市場狀態可執行名額
866,PRE,854,2,6290,WATCH,54.0,75.0,WAIT,BLOCK,False,280.0,100-500,0.0,0,不可下單,波動壓縮 | 均線收斂 | 接近突破 | 結構尚可,PRE 佈局型：等待突破確認，小倉觀察，不主動重倉,PRE 是主升段前卡位，只能小倉。,BLOCK：超出本市場狀態可執行名額
867,PRE,855,2,6291,WATCH,54.0,75.0,WAIT,BLOCK,False,500.0,500-1000,0.0,0,不可下單,波動壓縮 | 均線收斂 | 接近突破 | 結構尚可,PRE 佈局型：等待突破確認，小倉觀察，不主動重倉,PRE 是主升段前卡位，只能小倉。,BLOCK：超出本市場狀態可執行名額
868,PRE,856,2,6419,WATCH,54.0,75.0,WAIT,BLOCK,False,156.0,100-500,0.0,0,不可下單,波動壓縮 | 均線收斂 | 接近突破 | 結構尚可,PRE 佈局型：等待突破確認，小倉觀察，不主動重倉,PRE 是主升段前卡位，只能小倉。,BLOCK：超出本市場狀態可執行名額
869,PRE,857,2,6435,WATCH,54.0,75.0,WAIT,BLOCK,False,252.0,100-500,0.0,0,不可下單,波動壓縮 | 均線收斂 | 接近突破 | 結構尚可,PRE 佈局型：等待突破確認，小倉觀察，不主動重倉,PRE 是主升段前卡位，只能小倉。,BLOCK：超出本市場狀態可執行名額
870,PRE,858,2,6488,WATCH,54.0,75.0,WAIT,BLOCK,False,1035.0,1000以上,0.0,0,不可下單,波動壓縮 | 均線收斂 | 接近突破 | 結構尚可,PRE 佈局型：等待突破確認，小倉觀察，不主動重倉,PRE 是主升段前卡位，只能小倉。,BLOCK：超出本市場狀態可執行名額
871,PRE,859,2,6496,WATCH,54.0,75.0,WAIT,BLOCK,False,23.65,50以下,0.0,0,不可下單,波動壓縮 | 均線收斂 | 接近突破 | 結構尚可,PRE 佈局型：等待突破確認，小倉觀察，不主動重倉,PRE 是主升段前卡位，只能小倉。,BLOCK：超出本市場狀態可執行名額
872,PRE,860,2,6499,WATCH,54.0,75.0,WAIT,BLOCK,False,77.7,50-100,0.0,0,不可下單,波動壓縮 | 均線收斂 | 接近突破 | 結構尚可,PRE 佈局型：等待突破確認，小倉觀察，不主動重倉,PRE 是主升段前卡位，只能小倉。,BLOCK：超出本市場狀態可執行名額
873,PRE,861,2,6530,WATCH,54.0,75.0,WAIT,BLOCK,False,104.5,100-500,0.0,0,不可下單,波動壓縮 | 均線收斂 | 接近突破 | 結構尚可,PRE 佈局型：等待突破確認，小倉觀察，不主動重倉,PRE 是主升段前卡位，只能小倉。,BLOCK：超出本市場狀態可執行名額
874,PRE,862,2,6535,WATCH,54.0,75.0,WAIT,BLOCK,False,82.2,50-100,0.0,0,不可下單,波動壓縮 | 均線收斂 | 接近突破 | 結構尚可,PRE 佈局型：等待突破確認，小倉觀察，不主動重倉,PRE 是主升段前卡位，只能小倉。,BLOCK：超出本市場狀態可執行名額
875,PRE,863,2,6547,WATCH,54.0,75.0,WAIT,BLOCK,False,62.4,50-100,0.0,0,不可下單,波動壓縮 | 均線收斂 | 接近突破 | 結構尚可,PRE 佈局型：等待突破確認，小倉觀察，不主動重倉,PRE 是主升段前卡位，只能小倉。,BLOCK：超出本市場狀態可執行名額
876,PRE,864,2,6568,WATCH,54.0,75.0,WAIT,BLOCK,False,142.5,100-500,0.0,0,不可下單,波動壓縮 | 均線收斂 | 接近突破 | 結構尚可,PRE 佈局型：等待突破確認，小倉觀察，不主動重倉,PRE 是主升段前卡位，只能小倉。,BLOCK：超出本市場狀態可執行名額
877,PRE,865,2,6597,WATCH,54.0,75.0,WAIT,BLOCK,False,68.7,50-100,0.0,0,不可下單,波動壓縮 | 均線收斂 | 接近突破 | 結構尚可,PRE 佈局型：等待突破確認，小倉觀察，不主動重倉,PRE 是主升段前卡位，只能小倉。,BLOCK：超出本市場狀態可執行名額
878,PRE,866,2,6617,WATCH,54.0,75.0,WAIT,BLOCK,False,138.5,100-500,0.0,0,不可下單,波動壓縮 | 均線收斂 | 接近突破 | 結構尚可,PRE 佈局型：等待突破確認，小倉觀察，不主動重倉,PRE 是主升段前卡位，只能小倉。,BLOCK：超出本市場狀態可執行名額
879,PRE,867,2,6654,WATCH,54.0,75.0,WAIT,BLOCK,False,216.0,100-500,0.0,0,不可下單,波動壓縮 | 均線收斂 | 接近突破 | 結構尚可,PRE 佈局型：等待突破確認，小倉觀察，不主動重倉,PRE 是主升段前卡位，只能小倉。,BLOCK：超出本市場狀態可執行名額
880,PRE,868,2,6683,WATCH,54.0,75.0,WAIT,BLOCK,False,1590.0,1000以上,0.0,0,不可下單,波動壓縮 | 均線收斂 | 接近突破 | 結構尚可,PRE 佈局型：等待突破確認，小倉觀察，不主動重倉,PRE 是主升段前卡位，只能小倉。,BLOCK：超出本市場狀態可執行名額
881,PRE,869,2,6821,WATCH,54.0,75.0,WAIT,BLOCK,False,42.8,50以下,0.0,0,不可下單,波動壓縮 | 均線收斂 | 接近突破 | 結構尚可,PRE 佈局型：等待突破確認，小倉觀察，不主動重倉,PRE 是主升段前卡位，只能小倉。,BLOCK：超出本市場狀態可執行名額
882,PRE,870,2,6823,WATCH,54.0,75.0,WAIT,BLOCK,False,60.8,50-100,0.0,0,不可下單,波動壓縮 | 均線收斂 | 接近突破 | 結構尚可,PRE 佈局型：等待突破確認，小倉觀察，不主動重倉,PRE 是主升段前卡位，只能小倉。,BLOCK：超出本市場狀態可執行名額
883,PRE,871,2,6841,WATCH,54.0,75.0,WAIT,BLOCK,False,58.8,50-100,0.0,0,不可下單,安靜吸籌 | 均線收斂 | 接近突破 | 結構尚可,PRE 佈局型：等待突破確認，小倉觀察，不主動重倉,PRE 是主升段前卡位，只能小倉。,BLOCK：超出本市場狀態可執行名額
884,PRE,872,2,6870,WATCH,54.0,75.0,WAIT,BLOCK,False,323.5,100-500,0.0,0,不可下單,波動壓縮 | 均線收斂 | 接近突破 | 結構尚可,PRE 佈局型：等待突破確認，小倉觀察，不主動重倉,PRE 是主升段前卡位，只能小倉。,BLOCK：超出本市場狀態可執行名額
885,PRE,873,2,6895,WATCH,54.0,75.0,WAIT,BLOCK,False,151.5,100-500,0.0,0,不可下單,波動壓縮 | 均線收斂 | 接近突破 | 結構尚可,PRE 佈局型：等待突破確認，小倉觀察，不主動重倉,PRE 是主升段前卡位，只能小倉。,BLOCK：超出本市場狀態可執行名額
886,PRE,874,2,6903,WATCH,54.0,75.0,WAIT,BLOCK,False,315.5,100-500,0.0,0,不可下單,波動壓縮 | 均線收斂 | 接近突破 | 結構尚可,PRE 佈局型：等待突破確認，小倉觀察，不主動重倉,PRE 是主升段前卡位，只能小倉。,BLOCK：超出本市場狀態可執行名額
887,PRE,875,2,6907,WATCH,54.0,75.0,WAIT,BLOCK,False,188.0,100-500,0.0,0,不可下單,波動壓縮 | 均線收斂 | 接近突破 | 結構尚可,PRE 佈局型：等待突破確認，小倉觀察，不主動重倉,PRE 是主升段前卡位，只能小倉。,BLOCK：超出本市場狀態可執行名額
888,PRE,876,2,6922,WATCH,54.0,75.0,WAIT,BLOCK,False,221.0,100-500,0.0,0,不可下單,波動壓縮 | 均線收斂 | 接近突破 | 結構尚可,PRE 佈局型：等待突破確認，小倉觀察，不主動重倉,PRE 是主升段前卡位，只能小倉。,BLOCK：超出本市場狀態可執行名額
889,PRE,877,2,7556,WATCH,54.0,75.0,WAIT,BLOCK,False,264.5,100-500,0.0,0,不可下單,波動壓縮 | 均線收斂 | 接近突破 | 結構尚可,PRE 佈局型：等待突破確認，小倉觀察，不主動重倉,PRE 是主升段前卡位，只能小倉。,BLOCK：超出本市場狀態可執行名額
890,PRE,878,2,7709,WATCH,54.0,75.0,WAIT,BLOCK,False,86.3,50-100,0.0,0,不可下單,波動壓縮 | 均線收斂 | 接近突破 | 結構尚可,PRE 佈局型：等待突破確認，小倉觀察，不主動重倉,PRE 是主升段前卡位，只能小倉。,BLOCK：超出本市場狀態可執行名額
891,PRE,879,2,7712,WATCH,54.0,75.0,WAIT,BLOCK,False,161.0,100-500,0.0,0,不可下單,波動壓縮 | 均線收斂 | 接近突破 | 結構尚可,PRE 佈局型：等待突破確認，小倉觀察，不主動重倉,PRE 是主升段前卡位，只能小倉。,BLOCK：超出本市場狀態可執行名額
892,PRE,880,2,7717,WATCH,54.0,75.0,WAIT,BLOCK,False,604.0,500-1000,0.0,0,不可下單,波動壓縮 | 均線收斂 | 接近突破 | 結構尚可,PRE 佈局型：等待突破確認，小倉觀察，不主動重倉,PRE 是主升段前卡位，只能小倉。,BLOCK：超出本市場狀態可執行名額
893,PRE,881,2,7743,WATCH,54.0,75.0,WAIT,BLOCK,False,25.0,50以下,0.0,0,不可下單,波動壓縮 | 均線收斂 | 接近突破 | 結構尚可,PRE 佈局型：等待突破確認，小倉觀察，不主動重倉,PRE 是主升段前卡位，只能小倉。,BLOCK：超出本市場狀態可執行名額
894,PRE,882,2,7751,WATCH,54.0,75.0,WAIT,BLOCK,False,1625.0,1000以上,0.0,0,不可下單,波動壓縮 | 均線收斂 | 接近突破 | 結構尚可,PRE 佈局型：等待突破確認，小倉觀察，不主動重倉,PRE 是主升段前卡位，只能小倉。,BLOCK：超出本市場狀態可執行名額
895,PRE,883,2,7810,WATCH,54.0,75.0,WAIT,BLOCK,False,235.0,100-500,0.0,0,不可下單,波動壓縮 | 均線收斂 | 接近突破 | 結構尚可,PRE 佈局型：等待突破確認，小倉觀察，不主動重倉,PRE 是主升段前卡位，只能小倉。,BLOCK：超出本市場狀態可執行名額
896,PRE,884,2,8024,WATCH,54.0,75.0,WAIT,BLOCK,False,12.55,50以下,0.0,0,不可下單,波動壓縮 | 均線收斂 | 接近突破 | 結構尚可,PRE 佈局型：等待突破確認，小倉觀察，不主動重倉,PRE 是主升段前卡位，只能小倉。,BLOCK：超出本市場狀態可執行名額
897,PRE,885,2,8047,WATCH,54.0,75.0,WAIT,BLOCK,False,50.8,50-100,0.0,0,不可下單,安靜吸籌 | 均線收斂 | 接近突破 | 結構尚可,PRE 佈局型：等待突破確認，小倉觀察，不主動重倉,PRE 是主升段前卡位，只能小倉。,BLOCK：超出本市場狀態可執行名額
898,PRE,886,2,8086,WATCH,54.0,75.0,WAIT,BLOCK,False,114.5,100-500,0.0,0,不可下單,波動壓縮 | 均線收斂 | 接近突破 | 結構尚可,PRE 佈局型：等待突破確認，小倉觀察，不主動重倉,PRE 是主升段前卡位，只能小倉。,BLOCK：超出本市場狀態可執行名額
899,PRE,887,2,8088,WATCH,54.0,75.0,WAIT,BLOCK,False,44.4,50以下,0.0,0,不可下單,波動壓縮 | 均線收斂 | 接近突破 | 結構尚可,PRE 佈局型：等待突破確認，小倉觀察，不主動重倉,PRE 是主升段前卡位，只能小倉。,BLOCK：超出本市場狀態可執行名額
900,PRE,888,2,8091,WATCH,54.0,75.0,WAIT,BLOCK,False,217.0,100-500,0.0,0,不可下單,波動壓縮 | 均線收斂 | 接近突破 | 結構尚可,PRE 佈局型：等待突破確認，小倉觀察，不主動重倉,PRE 是主升段前卡位，只能小倉。,BLOCK：超出本市場狀態可執行名額
901,PRE,889,2,8111,WATCH,54.0,75.0,WAIT,BLOCK,False,79.3,50-100,0.0,0,不可下單,波動壓縮 | 均線收斂 | 接近突破 | 結構尚可,PRE 佈局型：等待突破確認，小倉觀察，不主動重倉,PRE 是主升段前卡位，只能小倉。,BLOCK：超出本市場狀態可執行名額
902,PRE,890,2,8121,WATCH,54.0,75.0,WAIT,BLOCK,False,31.5,50以下,0.0,0,不可下單,波動壓縮 | 均線收斂 | 接近突破 | 結構尚可,PRE 佈局型：等待突破確認，小倉觀察，不主動重倉,PRE 是主升段前卡位，只能小倉。,BLOCK：超出本市場狀態可執行名額
903,PRE,891,2,8182,WATCH,54.0,75.0,WAIT,BLOCK,False,41.4,50以下,0.0,0,不可下單,波動壓縮 | 均線收斂 | 接近突破 | 結構尚可,PRE 佈局型：等待突破確認，小倉觀察，不主動重倉,PRE 是主升段前卡位，只能小倉。,BLOCK：超出本市場狀態可執行名額
904,PRE,892,2,8240,WATCH,54.0,75.0,WAIT,BLOCK,False,57.3,50-100,0.0,0,不可下單,波動壓縮 | 均線收斂 | 接近突破 | 結構尚可,PRE 佈局型：等待突破確認，小倉觀察，不主動重倉,PRE 是主升段前卡位，只能小倉。,BLOCK：超出本市場狀態可執行名額
905,PRE,893,2,8255,WATCH,54.0,75.0,WAIT,BLOCK,False,147.0,100-500,0.0,0,不可下單,波動壓縮 | 均線收斂 | 接近突破 | 結構尚可,PRE 佈局型：等待突破確認，小倉觀察，不主動重倉,PRE 是主升段前卡位，只能小倉。,BLOCK：超出本市場狀態可執行名額
906,PRE,894,2,8277,WATCH,54.0,75.0,WAIT,BLOCK,False,15.5,50以下,0.0,0,不可下單,波動壓縮 | 均線收斂 | 接近突破 | 結構尚可,PRE 佈局型：等待突破確認，小倉觀察，不主動重倉,PRE 是主升段前卡位，只能小倉。,BLOCK：超出本市場狀態可執行名額
907,PRE,895,2,8289,WATCH,54.0,75.0,WAIT,BLOCK,False,46.4,50以下,0.0,0,不可下單,波動壓縮 | 均線收斂 | 接近突破 | 結構尚可,PRE 佈局型：等待突破確認，小倉觀察，不主動重倉,PRE 是主升段前卡位，只能小倉。,BLOCK：超出本市場狀態可執行名額
908,PRE,896,2,8299,WATCH,54.0,75.0,WAIT,BLOCK,False,2150.0,1000以上,0.0,0,不可下單,波動壓縮 | 均線收斂 | 接近突破 | 結構尚可,PRE 佈局型：等待突破確認，小倉觀察，不主動重倉,PRE 是主升段前卡位，只能小倉。,BLOCK：超出本市場狀態可執行名額
909,PRE,897,2,8431,WATCH,54.0,75.0,WAIT,BLOCK,False,66.8,50-100,0.0,0,不可下單,波動壓縮 | 均線收斂 | 接近突破 | 結構尚可,PRE 佈局型：等待突破確認，小倉觀察，不主動重倉,PRE 是主升段前卡位，只能小倉。,BLOCK：超出本市場狀態可執行名額
910,PRE,898,2,9950,WATCH,54.0,75.0,WAIT,BLOCK,False,10.2,50以下,0.0,0,不可下單,波動壓縮 | 均線收斂 | 接近突破 | 結構尚可,PRE 佈局型：等待突破確認，小倉觀察，不主動重倉,PRE 是主升段前卡位，只能小倉。,BLOCK：超出本市場狀態可執行名額
911,PRE,899,2,6799,TEST,70.0,25.0,WAIT,BLOCK,False,91.7,50-100,0.0,0,不可下單,波動壓縮 | 安靜吸籌 | 放量吸收 | 接近突破 | 結構尚可,PRE 條件未完整，僅保留觀察,PRE 是主升段前卡位，只能小倉。,BLOCK：超出本市場狀態可執行名額
912,PRE,900,2,3050,WATCH,54.0,70.0,WAIT,BLOCK,False,11.95,50以下,0.0,0,不可下單,波動壓縮 | 均線收斂 | 接近突破 | 結構尚可,PRE 佈局型：等待突破確認，小倉觀察，不主動重倉,PRE 是主升段前卡位，只能小倉。,BLOCK：超出本市場狀態可執行名額
913,PRE,901,2,6142,WATCH,54.0,70.0,WAIT,BLOCK,False,9.44,50以下,0.0,0,不可下單,波動壓縮 | 均線收斂 | 接近突破 | 結構尚可,PRE 佈局型：等待突破確認，小倉觀察，不主動重倉,PRE 是主升段前卡位，只能小倉。,BLOCK：超出本市場狀態可執行名額
914,PRE,902,2,1470,WATCH,50.0,80.0,WAIT,BLOCK,False,24.15,50以下,0.0,0,不可下單,均線收斂 | 放量吸收 | 接近突破 | 結構尚可,PRE 佈局型：等待突破確認，小倉觀察，不主動重倉,PRE 是主升段前卡位，只能小倉。,BLOCK：超出本市場狀態可執行名額
915,PRE,903,2,8443,WATCH,50.0,80.0,WAIT,BLOCK,False,11.15,50以下,0.0,0,不可下單,洗盤收回 | 均線收斂 | 接近突破 | 結構尚可,PRE 佈局型：等待突破確認，小倉觀察，不主動重倉,PRE 是主升段前卡位，只能小倉。,BLOCK：超出本市場狀態可執行名額
916,PRE,904,2,6155,TEST,66.0,30.0,WAIT,BLOCK,False,63.3,50-100,0.0,0,不可下單,波動壓縮 | 安靜吸籌 | 均線收斂 | 接近突破,PRE 條件未完整，僅保留觀察,PRE 是主升段前卡位，只能小倉。,BLOCK：超出本市場狀態可執行名額
917,PRE,905,2,2399,WATCH,54.0,65.0,WAIT,BLOCK,False,48.95,50以下,0.0,0,不可下單,波動壓縮 | 均線收斂 | 接近突破 | 結構尚可,PRE 條件未完整，僅保留觀察,PRE 是主升段前卡位，只能小倉。,BLOCK：超出本市場狀態可執行名額
918,PRE,906,2,2436,WATCH,54.0,65.0,WAIT,BLOCK,False,74.5,50-100,0.0,0,不可下單,安靜吸籌 | 均線收斂 | 接近突破 | 結構尚可,PRE 條件未完整，僅保留觀察,PRE 是主升段前卡位，只能小倉。,BLOCK：超出本市場狀態可執行名額
919,PRE,907,2,3105,WATCH,54.0,65.0,WAIT,BLOCK,False,542.0,500-1000,0.0,0,不可下單,波動壓縮 | 均線收斂 | 接近突破 | 結構尚可,PRE 條件未完整，僅保留觀察,PRE 是主升段前卡位，只能小倉。,BLOCK：超出本市場狀態可執行名額
920,PRE,908,2,3380,WATCH,54.0,65.0,WAIT,BLOCK,False,32.15,50以下,0.0,0,不可下單,安靜吸籌 | 均線收斂 | 接近突破 | 結構尚可,PRE 條件未完整，僅保留觀察,PRE 是主升段前卡位，只能小倉。,BLOCK：超出本市場狀態可執行名額
921,PRE,909,2,3498,WATCH,54.0,65.0,WAIT,BLOCK,False,229.0,100-500,0.0,0,不可下單,波動壓縮 | 均線收斂 | 接近突破 | 結構尚可,PRE 條件未完整，僅保留觀察,PRE 是主升段前卡位，只能小倉。,BLOCK：超出本市場狀態可執行名額
922,PRE,910,2,4768,WATCH,54.0,65.0,WAIT,BLOCK,False,380.0,100-500,0.0,0,不可下單,安靜吸籌 | 均線收斂 | 接近突破 | 結構尚可,PRE 條件未完整，僅保留觀察,PRE 是主升段前卡位，只能小倉。,BLOCK：超出本市場狀態可執行名額
923,PRE,911,2,4924,WATCH,54.0,65.0,WAIT,BLOCK,False,16.5,50以下,0.0,0,不可下單,波動壓縮 | 均線收斂 | 接近突破 | 結構尚可,PRE 條件未完整，僅保留觀察,PRE 是主升段前卡位，只能小倉。,BLOCK：超出本市場狀態可執行名額
924,PRE,912,2,4927,WATCH,54.0,65.0,WAIT,BLOCK,False,44.5,50以下,0.0,0,不可下單,波動壓縮 | 均線收斂 | 接近突破 | 結構尚可,PRE 條件未完整，僅保留觀察,PRE 是主升段前卡位，只能小倉。,BLOCK：超出本市場狀態可執行名額
925,PRE,913,2,5220,WATCH,54.0,65.0,WAIT,BLOCK,False,24.2,50以下,0.0,0,不可下單,安靜吸籌 | 均線收斂 | 接近突破 | 結構尚可,PRE 條件未完整，僅保留觀察,PRE 是主升段前卡位，只能小倉。,BLOCK：超出本市場狀態可執行名額
926,PRE,914,2,5309,WATCH,54.0,65.0,WAIT,BLOCK,False,62.7,50-100,0.0,0,不可下單,安靜吸籌 | 均線收斂 | 接近突破 | 結構尚可,PRE 條件未完整，僅保留觀察,PRE 是主升段前卡位，只能小倉。,BLOCK：超出本市場狀態可執行名額
927,PRE,915,2,6108,WATCH,54.0,65.0,WAIT,BLOCK,False,25.05,50以下,0.0,0,不可下單,波動壓縮 | 均線收斂 | 接近突破 | 結構尚可,PRE 條件未完整，僅保留觀察,PRE 是主升段前卡位，只能小倉。,BLOCK：超出本市場狀態可執行名額
928,PRE,916,2,6485,WATCH,54.0,65.0,WAIT,BLOCK,False,77.0,50-100,0.0,0,不可下單,安靜吸籌 | 均線收斂 | 接近突破 | 結構尚可,PRE 條件未完整，僅保留觀察,PRE 是主升段前卡位，只能小倉。,BLOCK：超出本市場狀態可執行名額
929,PRE,917,2,6532,WATCH,54.0,65.0,WAIT,BLOCK,False,118.5,100-500,0.0,0,不可下單,波動壓縮 | 均線收斂 | 接近突破 | 結構尚可,PRE 條件未完整，僅保留觀察,PRE 是主升段前卡位，只能小倉。,BLOCK：超出本市場狀態可執行名額
930,PRE,918,2,6708,WATCH,54.0,65.0,WAIT,BLOCK,False,51.7,50-100,0.0,0,不可下單,安靜吸籌 | 均線收斂 | 接近突破 | 結構尚可,PRE 條件未完整，僅保留觀察,PRE 是主升段前卡位，只能小倉。,BLOCK：超出本市場狀態可執行名額
931,PRE,919,2,6770,WATCH,54.0,65.0,WAIT,BLOCK,False,75.3,50-100,0.0,0,不可下單,波動壓縮 | 均線收斂 | 接近突破 | 結構尚可,PRE 條件未完整，僅保留觀察,PRE 是主升段前卡位，只能小倉。,BLOCK：超出本市場狀態可執行名額
932,PRE,920,2,7547,WATCH,54.0,65.0,WAIT,BLOCK,False,64.8,50-100,0.0,0,不可下單,安靜吸籌 | 均線收斂 | 接近突破 | 結構尚可,PRE 條件未完整，僅保留觀察,PRE 是主升段前卡位，只能小倉。,BLOCK：超出本市場狀態可執行名額
933,PRE,921,2,8040,WATCH,54.0,65.0,WAIT,BLOCK,False,98.5,50-100,0.0,0,不可下單,波動壓縮 | 均線收斂 | 接近突破 | 結構尚可,PRE 條件未完整，僅保留觀察,PRE 是主升段前卡位，只能小倉。,BLOCK：超出本市場狀態可執行名額
934,PRE,922,2,8147,WATCH,54.0,65.0,WAIT,BLOCK,False,158.5,100-500,0.0,0,不可下單,波動壓縮 | 均線收斂 | 接近突破 | 結構尚可,PRE 條件未完整，僅保留觀察,PRE 是主升段前卡位，只能小倉。,BLOCK：超出本市場狀態可執行名額
935,PRE,923,2,1325,TEST,72.0,5.0,PULLBACK,BLOCK,False,25.9,50以下,0.0,0,不可下單,波動壓縮 | 安靜吸籌 | 均線收斂 | 接近突破 | 結構尚可,回檔型：接近 MA20，適合分批低接,PRE 是主升段前卡位，只能小倉。,BLOCK：同股已由高優先桶接管
936,PRE,924,2,2105,TEST,72.0,5.0,PULLBACK,BLOCK,False,30.65,50以下,0.0,0,不可下單,波動壓縮 | 安靜吸籌 | 均線收斂 | 接近突破 | 結構尚可,回檔型：接近 MA20，適合分批低接,PRE 是主升段前卡位，只能小倉。,BLOCK：同股已由高優先桶接管
937,PRE,925,2,2702,WATCH,50.0,70.0,WAIT,BLOCK,False,12.25,50以下,0.0,0,不可下單,均線收斂 | 放量吸收 | 接近突破 | 結構尚可,PRE 佈局型：等待突破確認，小倉觀察，不主動重倉,PRE 是主升段前卡位，只能小倉。,BLOCK：超出本市場狀態可執行名額
938,PRE,926,2,1568,WATCH,64.0,25.0,WAIT,BLOCK,False,32.8,50以下,0.0,0,不可下單,波動壓縮 | 安靜吸籌 | 放量吸收 | 接近突破,PRE 條件未完整，僅保留觀察,PRE 是主升段前卡位，只能小倉。,BLOCK：超出本市場狀態可執行名額
939,PRE,927,2,1459,WATCH,54.0,55.0,WAIT,BLOCK,False,16.7,50以下,0.0,0,不可下單,波動壓縮 | 均線收斂 | 接近突破 | 結構尚可,PRE 條件未完整，僅保留觀察,PRE 是主升段前卡位，只能小倉。,BLOCK：超出本市場狀態可執行名額
940,PRE,928,2,1710,WATCH,54.0,55.0,WAIT,BLOCK,False,16.75,50以下,0.0,0,不可下單,波動壓縮 | 均線收斂 | 接近突破 | 結構尚可,PRE 條件未完整，僅保留觀察,PRE 是主升段前卡位，只能小倉。,BLOCK：超出本市場狀態可執行名額
941,PRE,929,2,2408,WATCH,54.0,55.0,WAIT,BLOCK,False,519.0,500-1000,0.0,0,不可下單,波動壓縮 | 均線收斂 | 接近突破 | 結構尚可,PRE 條件未完整，僅保留觀察,PRE 是主升段前卡位，只能小倉。,BLOCK：超出本市場狀態可執行名額
942,PRE,930,2,2596,WATCH,54.0,55.0,WAIT,BLOCK,False,35.1,50以下,0.0,0,不可下單,波動壓縮 | 均線收斂 | 接近突破 | 結構尚可,PRE 條件未完整，僅保留觀察,PRE 是主升段前卡位，只能小倉。,BLOCK：超出本市場狀態可執行名額
943,PRE,931,2,3176,WATCH,54.0,55.0,WAIT,BLOCK,False,37.7,50以下,0.0,0,不可下單,波動壓縮 | 均線收斂 | 接近突破 | 結構尚可,PRE 條件未完整，僅保留觀察,PRE 是主升段前卡位，只能小倉。,BLOCK：超出本市場狀態可執行名額
944,PRE,932,2,3430,WATCH,54.0,55.0,WAIT,BLOCK,False,111.5,100-500,0.0,0,不可下單,波動壓縮 | 均線收斂 | 接近突破 | 結構尚可,PRE 條件未完整，僅保留觀察,PRE 是主升段前卡位，只能小倉。,BLOCK：超出本市場狀態可執行名額
945,PRE,933,2,3441,WATCH,54.0,55.0,WAIT,BLOCK,False,184.5,100-500,0.0,0,不可下單,波動壓縮 | 均線收斂 | 接近突破 | 結構尚可,PRE 條件未完整，僅保留觀察,PRE 是主升段前卡位，只能小倉。,BLOCK：超出本市場狀態可執行名額
946,PRE,934,2,3664,WATCH,54.0,55.0,WAIT,BLOCK,False,8.86,50以下,0.0,0,不可下單,波動壓縮 | 均線收斂 | 接近突破 | 結構尚可,PRE 條件未完整，僅保留觀察,PRE 是主升段前卡位，只能小倉。,BLOCK：超出本市場狀態可執行名額
947,PRE,935,2,3672,WATCH,54.0,55.0,WAIT,BLOCK,False,12.35,50以下,0.0,0,不可下單,波動壓縮 | 均線收斂 | 接近突破 | 結構尚可,PRE 條件未完整，僅保留觀察,PRE 是主升段前卡位，只能小倉。,BLOCK：超出本市場狀態可執行名額
948,PRE,936,2,4714,WATCH,54.0,55.0,WAIT,BLOCK,False,12.05,50以下,0.0,0,不可下單,波動壓縮 | 均線收斂 | 接近突破 | 結構尚可,PRE 條件未完整，僅保留觀察,PRE 是主升段前卡位，只能小倉。,BLOCK：超出本市場狀態可執行名額
949,PRE,937,2,4906,WATCH,54.0,55.0,WAIT,BLOCK,False,42.3,50以下,0.0,0,不可下單,波動壓縮 | 均線收斂 | 接近突破 | 結構尚可,PRE 條件未完整，僅保留觀察,PRE 是主升段前卡位，只能小倉。,BLOCK：超出本市場狀態可執行名額
950,PRE,938,2,5432,WATCH,54.0,55.0,WAIT,BLOCK,False,160.0,100-500,0.0,0,不可下單,波動壓縮 | 均線收斂 | 接近突破 | 結構尚可,PRE 條件未完整，僅保留觀察,PRE 是主升段前卡位，只能小倉。,BLOCK：超出本市場狀態可執行名額
951,PRE,939,2,6227,WATCH,54.0,55.0,WAIT,BLOCK,False,132.0,100-500,0.0,0,不可下單,波動壓縮 | 均線收斂 | 接近突破 | 結構尚可,PRE 條件未完整，僅保留觀察,PRE 是主升段前卡位，只能小倉。,BLOCK：超出本市場狀態可執行名額
952,PRE,940,2,6240,WATCH,54.0,55.0,WAIT,BLOCK,False,25.55,50以下,0.0,0,不可下單,波動壓縮 | 均線收斂 | 接近突破 | 結構尚可,PRE 條件未完整，僅保留觀察,PRE 是主升段前卡位，只能小倉。,BLOCK：超出本市場狀態可執行名額
953,PRE,941,2,8213,WATCH,54.0,55.0,WAIT,BLOCK,False,34.5,50以下,0.0,0,不可下單,波動壓縮 | 均線收斂 | 接近突破 | 結構尚可,PRE 條件未完整，僅保留觀察,PRE 是主升段前卡位，只能小倉。,BLOCK：超出本市場狀態可執行名額
954,PRE,942,2,3533,WATCH,62.0,30.0,WAIT,BLOCK,False,1770.0,1000以上,0.0,0,不可下單,波動壓縮 | 均線收斂 | 放量吸收 | 接近突破,PRE 條件未完整，僅保留觀察,PRE 是主升段前卡位，只能小倉。,BLOCK：超出本市場狀態可執行名額
955,PRE,943,2,1315,WATCH,54.0,50.0,PULLBACK,BLOCK,False,68.8,50-100,0.0,0,不可下單,波動壓縮 | 均線收斂 | 接近突破 | 結構尚可,回檔型：接近 MA20，適合分批低接,PRE 是主升段前卡位，只能小倉。,BLOCK：同股已由高優先桶接管
956,PRE,944,2,6937,WATCH,54.0,50.0,WAIT,BLOCK,False,308.0,100-500,0.0,0,不可下單,波動壓縮 | 均線收斂 | 接近突破 | 結構尚可,PRE 條件未完整，僅保留觀察,PRE 是主升段前卡位，只能小倉。,BLOCK：超出本市場狀態可執行名額
957,PRE,945,2,6278,TEST,70.0,0.0,WAIT,BLOCK,False,218.0,100-500,0.0,0,不可下單,波動壓縮 | 安靜吸籌 | 放量吸收 | 接近突破 | 結構尚可,PRE 條件未完整，僅保留觀察,PRE 是主升段前卡位，只能小倉。,BLOCK：超出本市場狀態可執行名額
958,PRE,946,2,3042,WATCH,64.0,15.0,WAIT,BLOCK,False,210.0,100-500,0.0,0,不可下單,波動壓縮 | 安靜吸籌 | 放量吸收 | 接近突破,PRE 條件未完整，僅保留觀察,PRE 是主升段前卡位，只能小倉。,BLOCK：超出本市場狀態可執行名額
959,PRE,947,2,1301,WATCH,54.0,45.0,WAIT,BLOCK,False,68.1,50-100,0.0,0,不可下單,波動壓縮 | 均線收斂 | 接近突破 | 結構尚可,PRE 條件未完整，僅保留觀察,PRE 是主升段前卡位，只能小倉。,BLOCK：超出本市場狀態可執行名額
960,PRE,948,2,2379,WATCH,54.0,45.0,WAIT,BLOCK,False,760.0,500-1000,0.0,0,不可下單,波動壓縮 | 均線收斂 | 接近突破 | 結構尚可,PRE 條件未完整，僅保留觀察,PRE 是主升段前卡位，只能小倉。,BLOCK：超出本市場狀態可執行名額
961,PRE,949,2,1708,WATCH,50.0,55.0,WAIT,BLOCK,False,53.8,50-100,0.0,0,不可下單,均線收斂 | 放量吸收 | 接近突破 | 結構尚可,PRE 條件未完整，僅保留觀察,PRE 是主升段前卡位，只能小倉。,BLOCK：超出本市場狀態可執行名額
962,PRE,950,2,3219,WATCH,56.0,35.0,WAIT,BLOCK,False,131.5,100-500,0.0,0,不可下單,波動壓縮 | 安靜吸籌 | 接近突破 | 結構尚可,PRE 條件未完整，僅保留觀察,PRE 是主升段前卡位，只能小倉。,BLOCK：超出本市場狀態可執行名額
963,PRE,951,2,6213,WATCH,56.0,35.0,WAIT,BLOCK,False,623.0,500-1000,0.0,0,不可下單,波動壓縮 | 安靜吸籌 | 接近突破 | 結構尚可,PRE 條件未完整，僅保留觀察,PRE 是主升段前卡位，只能小倉。,BLOCK：超出本市場狀態可執行名額
964,PRE,952,2,3543,WATCH,56.0,15.0,WAIT,BLOCK,False,51.2,50-100,0.0,0,不可下單,波動壓縮 | 安靜吸籌 | 接近突破 | 結構尚可,PRE 條件未完整，僅保留觀察,PRE 是主升段前卡位，只能小倉。,BLOCK：超出本市場狀態可執行名額
965,PRE,953,2,2032,WATCH,52.0,25.0,WAIT,BLOCK,False,20.3,50以下,0.0,0,不可下單,安靜吸籌 | 放量吸收 | 接近突破 | 結構尚可,PRE 條件未完整，僅保留觀察,PRE 是主升段前卡位，只能小倉。,BLOCK：超出本市場狀態可執行名額
966,PRE,954,2,2527,WATCH,52.0,25.0,WAIT,BLOCK,False,50.0,50-100,0.0,0,不可下單,波動壓縮 | 放量吸收 | 接近突破 | 結構尚可,PRE 條件未完整，僅保留觀察,PRE 是主升段前卡位，只能小倉。,BLOCK：超出本市場狀態可執行名額
967,PRE,955,2,2395,WATCH,54.0,15.0,WAIT,BLOCK,False,726.0,500-1000,0.0,0,不可下單,波動壓縮 | 均線收斂 | 接近突破 | 結構尚可,CORE 尚未到理想進場點，等待突破或回檔,PRE 是主升段前卡位，只能小倉。,BLOCK：同股已由高優先桶接管
968,PRE,956,2,3563,WATCH,56.0,0.0,WAIT,BLOCK,False,807.0,500-1000,0.0,0,不可下單,波動壓縮 | 安靜吸籌 | 放量吸收 | 結構尚可,PRE 條件未完整，僅保留觀察,PRE 是主升段前卡位，只能小倉。,BLOCK：超出本市場狀態可執行名額
969,PRE,957,2,8028,WATCH,50.0,0.0,WAIT,BLOCK,False,282.5,100-500,0.0,0,不可下單,波動壓縮 | 安靜吸籌 | 接近突破,PRE 條件未完整，僅保留觀察,PRE 是主升段前卡位，只能小倉。,BLOCK：超出本市場狀態可執行名額
970,ALPHA,1,3,2012,TEST,58.0,100.0,WAIT,BLOCK,False,14.4,50以下,0.0,0,不可下單,ALPHA高流動性強勢延續｜成交量/成交金額優先｜突破/趨勢確認｜高流動性,PRE 佈局型：等待突破確認，小倉觀察，不主動重倉,ALPHA 是短線/反轉補位，不可重倉。,BLOCK：同股已由高優先桶接管
971,ALPHA,2,3,2352,TEST,58.0,100.0,BREAK,BLOCK,False,29.65,50以下,0.0,0,不可下單,ALPHA高流動性強勢延續｜成交量/成交金額優先｜突破/趨勢確認｜高流動性,突破型：可分批追，但避免開盤急拉直接追,ALPHA 是短線/反轉補位，不可重倉。,BLOCK：同股已由高優先桶接管
972,ALPHA,3,3,2420,TEST,58.0,100.0,WAIT,BLOCK,False,55.0,50-100,0.0,0,不可下單,ALPHA高流動性強勢延續｜成交量/成交金額優先｜突破/趨勢確認｜高流動性,PRE 佈局型：等待突破確認，小倉觀察，不主動重倉,ALPHA 是短線/反轉補位，不可重倉。,BLOCK：同股已由高優先桶接管
973,ALPHA,4,3,2482,TEST,58.0,100.0,WAIT,BLOCK,False,16.45,50以下,0.0,0,不可下單,ALPHA高流動性強勢延續｜成交量/成交金額優先｜突破/趨勢確認｜高流動性,PRE 佈局型：等待突破確認，小倉觀察，不主動重倉,ALPHA 是短線/反轉補位，不可重倉。,BLOCK：同股已由高優先桶接管
974,ALPHA,5,3,2636,TEST,58.0,100.0,WAIT,BLOCK,False,71.7,50-100,0.0,0,不可下單,ALPHA高流動性強勢延續｜成交量/成交金額優先｜突破/趨勢確認｜高流動性,PRE 佈局型：等待突破確認，小倉觀察，不主動重倉,ALPHA 是短線/反轉補位，不可重倉。,BLOCK：同股已由高優先桶接管
975,ALPHA,6,3,2727,TEST,58.0,100.0,WAIT,BLOCK,False,236.0,100-500,0.0,0,不可下單,ALPHA高流動性強勢延續｜成交量/成交金額優先｜突破/趨勢確認｜高流動性,PRE 佈局型：等待突破確認，小倉觀察，不主動重倉,ALPHA 是短線/反轉補位，不可重倉。,BLOCK：同股已由高優先桶接管
976,ALPHA,7,3,3059,TEST,58.0,100.0,WAIT,BLOCK,False,38.75,50以下,0.0,0,不可下單,ALPHA高流動性強勢延續｜成交量/成交金額優先｜突破/趨勢確認｜高流動性,PRE 佈局型：等待突破確認，小倉觀察，不主動重倉,ALPHA 是短線/反轉補位，不可重倉。,BLOCK：同股已由高優先桶接管
977,ALPHA,8,3,3413,TEST,58.0,100.0,WAIT,BLOCK,False,291.0,100-500,0.0,0,不可下單,ALPHA高流動性強勢延續｜成交量/成交金額優先｜突破/趨勢確認｜高流動性,PRE 佈局型：等待突破確認，小倉觀察，不主動重倉,ALPHA 是短線/反轉補位，不可重倉。,BLOCK：同股已由高優先桶接管
978,ALPHA,9,3,3588,TEST,58.0,100.0,WAIT,BLOCK,False,53.9,50-100,0.0,0,不可下單,ALPHA高流動性強勢延續｜成交量/成交金額優先｜突破/趨勢確認｜高流動性,PRE 佈局型：等待突破確認，小倉觀察，不主動重倉,ALPHA 是短線/反轉補位，不可重倉。,BLOCK：同股已由高優先桶接管
979,ALPHA,10,3,3607,TEST,58.0,100.0,WAIT,BLOCK,False,14.0,50以下,0.0,0,不可下單,ALPHA高流動性強勢延續｜成交量/成交金額優先｜突破/趨勢確認｜高流動性,PRE 佈局型：等待突破確認，小倉觀察，不主動重倉,ALPHA 是短線/反轉補位，不可重倉。,BLOCK：同股已由高優先桶接管
980,ALPHA,11,3,4560,TEST,58.0,100.0,WAIT,BLOCK,False,29.9,50以下,0.0,0,不可下單,ALPHA高流動性強勢延續｜成交量/成交金額優先｜突破/趨勢確認｜高流動性,PRE 佈局型：等待突破確認，小倉觀察，不主動重倉,ALPHA 是短線/反轉補位，不可重倉。,BLOCK：同股已由高優先桶接管
981,ALPHA,12,3,4564,TEST,58.0,100.0,WAIT,BLOCK,False,16.4,50以下,0.0,0,不可下單,ALPHA高流動性強勢延續｜成交量/成交金額優先｜突破/趨勢確認｜高流動性,PRE 佈局型：等待突破確認，小倉觀察，不主動重倉,ALPHA 是短線/反轉補位，不可重倉。,BLOCK：同股已由高優先桶接管
982,ALPHA,13,3,5236,TEST,58.0,100.0,WAIT,BLOCK,False,137.5,100-500,0.0,0,不可下單,ALPHA高流動性強勢延續｜成交量/成交金額優先｜突破/趨勢確認｜高流動性,PRE 佈局型：等待突破確認，小倉觀察，不主動重倉,ALPHA 是短線/反轉補位，不可重倉。,BLOCK：同股已由高優先桶接管
983,ALPHA,14,3,5515,TEST,58.0,100.0,WAIT,BLOCK,False,51.9,50-100,0.0,0,不可下單,ALPHA高流動性強勢延續｜成交量/成交金額優先｜突破/趨勢確認｜高流動性,PRE 佈局型：等待突破確認，小倉觀察，不主動重倉,ALPHA 是短線/反轉補位，不可重倉。,BLOCK：同股已由高優先桶接管
984,ALPHA,15,3,6666,TEST,58.0,100.0,WAIT,BLOCK,False,45.55,50以下,0.0,0,不可下單,ALPHA高流動性強勢延續｜成交量/成交金額優先｜突破/趨勢確認｜高流動性,PRE 佈局型：等待突破確認，小倉觀察，不主動重倉,ALPHA 是短線/反轉補位，不可重倉。,BLOCK：同股已由高優先桶接管
985,ALPHA,16,3,2347,TEST,58.0,90.0,WAIT,BLOCK,False,94.9,50-100,0.0,0,不可下單,ALPHA高流動性強勢延續｜成交量/成交金額優先｜突破/趨勢確認｜高流動性,PRE 佈局型：等待突破確認，小倉觀察，不主動重倉,ALPHA 是短線/反轉補位，不可重倉。,BLOCK：同股已由高優先桶接管
986,ALPHA,17,3,2477,TEST,58.0,90.0,WAIT,BLOCK,False,23.15,50以下,0.0,0,不可下單,ALPHA高流動性強勢延續｜成交量/成交金額優先｜突破/趨勢確認｜高流動性,PRE 佈局型：等待突破確認，小倉觀察，不主動重倉,ALPHA 是短線/反轉補位，不可重倉。,BLOCK：同股已由高優先桶接管
987,ALPHA,18,3,6189,TEST,58.0,90.0,WAIT,BLOCK,False,50.4,50-100,0.0,0,不可下單,ALPHA高流動性強勢延續｜成交量/成交金額優先｜突破/趨勢確認｜高流動性,PRE 佈局型：等待突破確認，小倉觀察，不主動重倉,ALPHA 是短線/反轉補位，不可重倉。,BLOCK：同股已由高優先桶接管
988,ALPHA,19,3,7827,TEST,58.0,90.0,WAIT,BLOCK,False,165.0,100-500,0.0,0,不可下單,ALPHA高流動性強勢延續｜成交量/成交金額優先｜突破/趨勢確認｜高流動性,PRE 佈局型：等待突破確認，小倉觀察，不主動重倉,ALPHA 是短線/反轉補位，不可重倉。,BLOCK：同股已由高優先桶接管
989,ALPHA,20,3,1418,TEST,58.0,80.0,WAIT,BLOCK,False,18.35,50以下,0.0,0,不可下單,ALPHA高流動性強勢延續｜成交量/成交金額優先｜突破/趨勢確認｜高流動性,PRE 佈局型：等待突破確認，小倉觀察，不主動重倉,ALPHA 是短線/反轉補位，不可重倉。,BLOCK：同股已由高優先桶接管
990,ALPHA,21,3,1444,TEST,58.0,80.0,WAIT,BLOCK,False,7.12,50以下,0.0,0,不可下單,ALPHA高流動性強勢延續｜成交量/成交金額優先｜突破/趨勢確認｜高流動性,PRE 佈局型：等待突破確認，小倉觀察，不主動重倉,ALPHA 是短線/反轉補位，不可重倉。,BLOCK：同股已由高優先桶接管
991,ALPHA,22,3,1558,TEST,58.0,80.0,WAIT,BLOCK,False,112.5,100-500,0.0,0,不可下單,ALPHA高流動性強勢延續｜成交量/成交金額優先｜突破/趨勢確認｜高流動性,PRE 佈局型：等待突破確認，小倉觀察，不主動重倉,ALPHA 是短線/反轉補位，不可重倉。,BLOCK：同股已由高優先桶接管
992,ALPHA,23,3,1603,TEST,58.0,80.0,WAIT,BLOCK,False,30.6,50以下,0.0,0,不可下單,ALPHA高流動性強勢延續｜成交量/成交金額優先｜突破/趨勢確認｜高流動性,PRE 佈局型：等待突破確認，小倉觀察，不主動重倉,ALPHA 是短線/反轉補位，不可重倉。,BLOCK：同股已由高優先桶接管
993,ALPHA,24,3,1605,TEST,58.0,80.0,WAIT,BLOCK,False,38.4,50以下,0.0,0,不可下單,ALPHA高流動性強勢延續｜成交量/成交金額優先｜突破/趨勢確認｜高流動性,PRE 佈局型：等待突破確認，小倉觀察，不主動重倉,ALPHA 是短線/反轉補位，不可重倉。,BLOCK：同股已由高優先桶接管
994,ALPHA,25,3,1612,TEST,58.0,80.0,WAIT,BLOCK,False,35.7,50以下,0.0,0,不可下單,ALPHA高流動性強勢延續｜成交量/成交金額優先｜突破/趨勢確認｜高流動性,PRE 佈局型：等待突破確認，小倉觀察，不主動重倉,ALPHA 是短線/反轉補位，不可重倉。,BLOCK：同股已由高優先桶接管
995,ALPHA,26,3,1773,TEST,58.0,80.0,WAIT,BLOCK,False,167.5,100-500,0.0,0,不可下單,ALPHA高流動性強勢延續｜成交量/成交金額優先｜突破/趨勢確認｜高流動性,PRE 佈局型：等待突破確認，小倉觀察，不主動重倉,ALPHA 是短線/反轉補位，不可重倉。,BLOCK：同股已由高優先桶接管
996,ALPHA,27,3,2002,TEST,58.0,80.0,WAIT,BLOCK,False,19.2,50以下,0.0,0,不可下單,ALPHA高流動性強勢延續｜成交量/成交金額優先｜突破/趨勢確認｜高流動性,PRE 佈局型：等待突破確認，小倉觀察，不主動重倉,ALPHA 是短線/反轉補位，不可重倉。,BLOCK：同股已由高優先桶接管
997,ALPHA,28,3,2007,TEST,58.0,80.0,WAIT,BLOCK,False,7.0,50以下,0.0,0,不可下單,ALPHA高流動性強勢延續｜成交量/成交金額優先｜突破/趨勢確認｜高流動性,PRE 佈局型：等待突破確認，小倉觀察，不主動重倉,ALPHA 是短線/反轉補位，不可重倉。,BLOCK：同股已由高優先桶接管
998,ALPHA,29,3,2017,TEST,58.0,80.0,WAIT,BLOCK,False,9.13,50以下,0.0,0,不可下單,ALPHA高流動性強勢延續｜成交量/成交金額優先｜突破/趨勢確認｜高流動性,PRE 佈局型：等待突破確認，小倉觀察，不主動重倉,ALPHA 是短線/反轉補位，不可重倉。,BLOCK：同股已由高優先桶接管
999,ALPHA,30,3,2233,TEST,58.0,80.0,WAIT,BLOCK,False,167.0,100-500,0.0,0,不可下單,ALPHA高流動性強勢延續｜成交量/成交金額優先｜突破/趨勢確認｜高流動性,PRE 佈局型：等待突破確認，小倉觀察，不主動重倉,ALPHA 是短線/反轉補位，不可重倉。,BLOCK：同股已由高優先桶接管
1000,ALPHA,31,3,2323,TEST,58.0,80.0,WAIT,BLOCK,False,11.0,50以下,0.0,0,不可下單,ALPHA高流動性強勢延續｜成交量/成交金額優先｜突破/趨勢確認｜高流動性,PRE 佈局型：等待突破確認，小倉觀察，不主動重倉,ALPHA 是短線/反轉補位，不可重倉。,BLOCK：同股已由高優先桶接管
1001,ALPHA,32,3,2349,TEST,58.0,80.0,WAIT,BLOCK,False,10.7,50以下,0.0,0,不可下單,ALPHA高流動性強勢延續｜成交量/成交金額優先｜突破/趨勢確認｜高流動性,PRE 佈局型：等待突破確認，小倉觀察，不主動重倉,ALPHA 是短線/反轉補位，不可重倉。,BLOCK：同股已由高優先桶接管
1002,ALPHA,33,3,2397,TEST,58.0,80.0,WAIT,BLOCK,False,63.0,50-100,0.0,0,不可下單,ALPHA高流動性強勢延續｜成交量/成交金額優先｜突破/趨勢確認｜高流動性,PRE 佈局型：等待突破確認，小倉觀察，不主動重倉,ALPHA 是短線/反轉補位，不可重倉。,BLOCK：同股已由高優先桶接管
1003,ALPHA,34,3,2618,TEST,58.0,80.0,WAIT,BLOCK,False,42.85,50以下,0.0,0,不可下單,ALPHA高流動性強勢延續｜成交量/成交金額優先｜突破/趨勢確認｜高流動性,PRE 佈局型：等待突破確認，小倉觀察，不主動重倉,ALPHA 是短線/反轉補位，不可重倉。,BLOCK：同股已由高優先桶接管
1004,ALPHA,35,3,3038,TEST,58.0,80.0,WAIT,BLOCK,False,20.8,50以下,0.0,0,不可下單,ALPHA高流動性強勢延續｜成交量/成交金額優先｜突破/趨勢確認｜高流動性,PRE 佈局型：等待突破確認，小倉觀察，不主動重倉,ALPHA 是短線/反轉補位，不可重倉。,BLOCK：同股已由高優先桶接管
1005,ALPHA,36,3,3308,TEST,58.0,80.0,WAIT,BLOCK,False,22.35,50以下,0.0,0,不可下單,ALPHA高流動性強勢延續｜成交量/成交金額優先｜突破/趨勢確認｜高流動性,PRE 佈局型：等待突破確認，小倉觀察，不主動重倉,ALPHA 是短線/反轉補位，不可重倉。,BLOCK：同股已由高優先桶接管
1006,ALPHA,37,3,4142,TEST,58.0,80.0,WAIT,BLOCK,False,18.25,50以下,0.0,0,不可下單,ALPHA高流動性強勢延續｜成交量/成交金額優先｜突破/趨勢確認｜高流動性,PRE 佈局型：等待突破確認，小倉觀察，不主動重倉,ALPHA 是短線/反轉補位，不可重倉。,BLOCK：同股已由高優先桶接管
1007,ALPHA,38,3,4439,TEST,58.0,80.0,WAIT,BLOCK,False,98.4,50-100,0.0,0,不可下單,ALPHA高流動性強勢延續｜成交量/成交金額優先｜突破/趨勢確認｜高流動性,PRE 佈局型：等待突破確認，小倉觀察，不主動重倉,ALPHA 是短線/反轉補位，不可重倉。,BLOCK：同股已由高優先桶接管
1008,ALPHA,39,3,4755,TEST,58.0,80.0,WAIT,BLOCK,False,118.0,100-500,0.0,0,不可下單,ALPHA高流動性強勢延續｜成交量/成交金額優先｜突破/趨勢確認｜高流動性,PRE 佈局型：等待突破確認，小倉觀察，不主動重倉,ALPHA 是短線/反轉補位，不可重倉。,BLOCK：同股已由高優先桶接管
1009,ALPHA,40,3,5243,TEST,58.0,80.0,WAIT,BLOCK,False,91.5,50-100,0.0,0,不可下單,ALPHA高流動性強勢延續｜成交量/成交金額優先｜突破/趨勢確認｜高流動性,PRE 佈局型：等待突破確認，小倉觀察，不主動重倉,ALPHA 是短線/反轉補位，不可重倉。,BLOCK：同股已由高優先桶接管
1010,ALPHA,41,3,5538,TEST,58.0,80.0,WAIT,BLOCK,False,36.25,50以下,0.0,0,不可下單,ALPHA高流動性強勢延續｜成交量/成交金額優先｜突破/趨勢確認｜高流動性,PRE 佈局型：等待突破確認，小倉觀察，不主動重倉,ALPHA 是短線/反轉補位，不可重倉。,BLOCK：同股已由高優先桶接管
1011,ALPHA,42,3,6414,TEST,58.0,80.0,WAIT,BLOCK,False,392.0,100-500,0.0,0,不可下單,ALPHA高流動性強勢延續｜成交量/成交金額優先｜突破/趨勢確認｜高流動性,PRE 佈局型：等待突破確認，小倉觀察，不主動重倉,ALPHA 是短線/反轉補位，不可重倉。,BLOCK：同股已由高優先桶接管
1012,ALPHA,43,3,6558,TEST,58.0,80.0,WAIT,BLOCK,False,25.0,50以下,0.0,0,不可下單,ALPHA高流動性強勢延續｜成交量/成交金額優先｜突破/趨勢確認｜高流動性,PRE 佈局型：等待突破確認，小倉觀察，不主動重倉,ALPHA 是短線/反轉補位，不可重倉。,BLOCK：同股已由高優先桶接管
1013,ALPHA,44,3,1711,TEST,58.0,75.0,WAIT,BLOCK,False,40.9,50以下,0.0,0,不可下單,ALPHA高流動性強勢延續｜成交量/成交金額優先｜突破/趨勢確認｜高流動性,PRE 佈局型：等待突破確認，小倉觀察，不主動重倉,ALPHA 是短線/反轉補位，不可重倉。,BLOCK：同股已由高優先桶接管
1014,ALPHA,45,3,3164,TEST,58.0,75.0,WAIT,BLOCK,False,16.55,50以下,0.0,0,不可下單,ALPHA高流動性強勢延續｜成交量/成交金額優先｜突破/趨勢確認｜高流動性,PRE 佈局型：等待突破確認，小倉觀察，不主動重倉,ALPHA 是短線/反轉補位，不可重倉。,BLOCK：同股已由高優先桶接管
1015,ALPHA,46,3,6491,TEST,58.0,75.0,WAIT,BLOCK,False,413.0,100-500,0.0,0,不可下單,ALPHA高流動性強勢延續｜成交量/成交金額優先｜突破/趨勢確認｜高流動性,PRE 佈局型：等待突破確認，小倉觀察，不主動重倉,ALPHA 是短線/反轉補位，不可重倉。,BLOCK：同股已由高優先桶接管
1016,ALPHA,47,3,6944,TEST,58.0,75.0,WAIT,BLOCK,False,775.0,500-1000,0.0,0,不可下單,ALPHA高流動性強勢延續｜成交量/成交金額優先｜突破/趨勢確認｜高流動性,PRE 佈局型：等待突破確認，小倉觀察，不主動重倉,ALPHA 是短線/反轉補位，不可重倉。,BLOCK：同股已由高優先桶接管
1017,ALPHA,48,3,2010,TEST,58.0,70.0,WAIT,BLOCK,False,23.0,50以下,0.0,0,不可下單,ALPHA高流動性強勢延續｜成交量/成交金額優先｜突破/趨勢確認｜高流動性,PRE 佈局型：等待突破確認，小倉觀察，不主動重倉,ALPHA 是短線/反轉補位，不可重倉。,BLOCK：同股已由高優先桶接管
1018,ALPHA,49,3,2029,TEST,58.0,70.0,WAIT,BLOCK,False,22.45,50以下,0.0,0,不可下單,ALPHA高流動性強勢延續｜成交量/成交金額優先｜突破/趨勢確認｜高流動性,PRE 佈局型：等待突破確認，小倉觀察，不主動重倉,ALPHA 是短線/反轉補位，不可重倉。,BLOCK：同股已由高優先桶接管
1019,ALPHA,50,3,2329,TEST,58.0,70.0,WAIT,BLOCK,False,44.8,50以下,0.0,0,不可下單,ALPHA高流動性強勢延續｜成交量/成交金額優先｜突破/趨勢確認｜高流動性,PRE 佈局型：等待突破確認，小倉觀察，不主動重倉,ALPHA 是短線/反轉補位，不可重倉。,BLOCK：同股已由高優先桶接管
1020,ALPHA,51,3,3050,TEST,58.0,70.0,WAIT,BLOCK,False,11.95,50以下,0.0,0,不可下單,ALPHA高流動性強勢延續｜成交量/成交金額優先｜突破/趨勢確認｜高流動性,PRE 佈局型：等待突破確認，小倉觀察，不主動重倉,ALPHA 是短線/反轉補位，不可重倉。,BLOCK：同股已由高優先桶接管
1021,ALPHA,52,3,3051,TEST,58.0,70.0,WAIT,BLOCK,False,23.3,50以下,0.0,0,不可下單,ALPHA高流動性強勢延續｜成交量/成交金額優先｜突破/趨勢確認｜高流動性,PRE 佈局型：等待突破確認，小倉觀察，不主動重倉,ALPHA 是短線/反轉補位，不可重倉。,BLOCK：同股已由高優先桶接管
1022,ALPHA,53,3,3060,TEST,58.0,70.0,WAIT,BLOCK,False,28.1,50以下,0.0,0,不可下單,ALPHA高流動性強勢延續｜成交量/成交金額優先｜突破/趨勢確認｜高流動性,PRE 佈局型：等待突破確認，小倉觀察，不主動重倉,ALPHA 是短線/反轉補位，不可重倉。,BLOCK：同股已由高優先桶接管
1023,ALPHA,54,3,6142,TEST,58.0,70.0,WAIT,BLOCK,False,9.44,50以下,0.0,0,不可下單,ALPHA高流動性強勢延續｜成交量/成交金額優先｜突破/趨勢確認｜高流動性,PRE 佈局型：等待突破確認，小倉觀察，不主動重倉,ALPHA 是短線/反轉補位，不可重倉。,BLOCK：同股已由高優先桶接管
1024,ALPHA,55,3,6153,TEST,58.0,70.0,WAIT,BLOCK,False,18.2,50以下,0.0,0,不可下單,ALPHA高流動性強勢延續｜成交量/成交金額優先｜突破/趨勢確認｜高流動性,PRE 佈局型：等待突破確認，小倉觀察，不主動重倉,ALPHA 是短線/反轉補位，不可重倉。,BLOCK：同股已由高優先桶接管
1025,ALPHA,56,3,1307,TEST,58.0,65.0,WAIT,BLOCK,False,31.5,50以下,0.0,0,不可下單,ALPHA高流動性強勢延續｜成交量/成交金額優先｜突破/趨勢確認｜高流動性,PRE 條件未完整，僅保留觀察,ALPHA 是短線/反轉補位，不可重倉。,BLOCK：同股已由高優先桶接管
1026,ALPHA,57,3,1609,TEST,58.0,65.0,WAIT,BLOCK,False,38.75,50以下,0.0,0,不可下單,ALPHA高流動性強勢延續｜成交量/成交金額優先｜突破/趨勢確認｜高流動性,PRE 條件未完整，僅保留觀察,ALPHA 是短線/反轉補位，不可重倉。,BLOCK：同股已由高優先桶接管
1027,ALPHA,58,3,2330,TEST,58.0,65.0,WAIT,BLOCK,False,2480.0,1000以上,0.0,0,不可下單,ALPHA高流動性強勢延續｜成交量/成交金額優先｜突破/趨勢確認｜高流動性,PRE 條件未完整，僅保留觀察,ALPHA 是短線/反轉補位，不可重倉。,BLOCK：同股已由高優先桶接管
1028,ALPHA,59,3,2436,TEST,58.0,65.0,WAIT,BLOCK,False,74.5,50-100,0.0,0,不可下單,ALPHA高流動性強勢延續｜成交量/成交金額優先｜突破/趨勢確認｜高流動性,PRE 條件未完整，僅保留觀察,ALPHA 是短線/反轉補位，不可重倉。,BLOCK：同股已由高優先桶接管
1029,ALPHA,60,3,4927,TEST,58.0,65.0,WAIT,BLOCK,False,44.5,50以下,0.0,0,不可下單,ALPHA高流動性強勢延續｜成交量/成交金額優先｜突破/趨勢確認｜高流動性,PRE 條件未完整，僅保留觀察,ALPHA 是短線/反轉補位，不可重倉。,BLOCK：同股已由高優先桶接管
1030,ALPHA,61,3,5434,TEST,58.0,65.0,WAIT,BLOCK,False,555.0,500-1000,0.0,0,不可下單,ALPHA高流動性強勢延續｜成交量/成交金額優先｜突破/趨勢確認｜高流動性,PRE 條件未完整，僅保留觀察,ALPHA 是短線/反轉補位，不可重倉。,BLOCK：同股已由高優先桶接管
1031,ALPHA,62,3,6108,TEST,58.0,65.0,WAIT,BLOCK,False,25.05,50以下,0.0,0,不可下單,ALPHA高流動性強勢延續｜成交量/成交金額優先｜突破/趨勢確認｜高流動性,PRE 條件未完整，僅保留觀察,ALPHA 是短線/反轉補位，不可重倉。,BLOCK：同股已由高優先桶接管
1032,ALPHA,63,3,6770,TEST,58.0,65.0,WAIT,BLOCK,False,75.3,50-100,0.0,0,不可下單,ALPHA高流動性強勢延續｜成交量/成交金額優先｜突破/趨勢確認｜高流動性,PRE 條件未完整，僅保留觀察,ALPHA 是短線/反轉補位，不可重倉。,BLOCK：同股已由高優先桶接管
1033,ALPHA,64,3,1441,TEST,58.0,55.0,WAIT,BLOCK,False,10.0,50以下,0.0,0,不可下單,ALPHA高流動性強勢延續｜成交量/成交金額優先｜突破/趨勢確認｜高流動性,PRE 條件未完整，僅保留觀察,ALPHA 是短線/反轉補位，不可重倉。,BLOCK：同股已由高優先桶接管
1034,ALPHA,65,3,1459,TEST,58.0,55.0,WAIT,BLOCK,False,16.7,50以下,0.0,0,不可下單,ALPHA高流動性強勢延續｜成交量/成交金額優先｜突破/趨勢確認｜高流動性,PRE 條件未完整，僅保留觀察,ALPHA 是短線/反轉補位，不可重倉。,BLOCK：同股已由高優先桶接管
1035,ALPHA,66,3,1708,TEST,58.0,55.0,WAIT,BLOCK,False,53.8,50-100,0.0,0,不可下單,ALPHA高流動性強勢延續｜成交量/成交金額優先｜突破/趨勢確認｜高流動性,PRE 條件未完整，僅保留觀察,ALPHA 是短線/反轉補位，不可重倉。,BLOCK：同股已由高優先桶接管
1036,ALPHA,67,3,2031,TEST,58.0,55.0,WAIT,BLOCK,False,46.5,50以下,0.0,0,不可下單,ALPHA高流動性強勢延續｜成交量/成交金額優先｜突破/趨勢確認｜高流動性,PRE 條件未完整，僅保留觀察,ALPHA 是短線/反轉補位，不可重倉。,BLOCK：同股已由高優先桶接管
1037,ALPHA,68,3,2231,TEST,58.0,55.0,WAIT,BLOCK,False,94.7,50-100,0.0,0,不可下單,ALPHA高流動性強勢延續｜成交量/成交金額優先｜突破/趨勢確認｜高流動性,PRE 條件未完整，僅保留觀察,ALPHA 是短線/反轉補位，不可重倉。,BLOCK：同股已由高優先桶接管
1038,ALPHA,69,3,2401,TEST,58.0,55.0,WAIT,BLOCK,False,26.75,50以下,0.0,0,不可下單,ALPHA高流動性強勢延續｜成交量/成交金額優先｜突破/趨勢確認｜高流動性,PRE 條件未完整，僅保留觀察,ALPHA 是短線/反轉補位，不可重倉。,BLOCK：同股已由高優先桶接管
1039,ALPHA,70,3,2430,TEST,58.0,55.0,PULLBACK,BLOCK,False,18.25,50以下,0.0,0,不可下單,ALPHA高流動性強勢延續｜成交量/成交金額優先｜突破/趨勢確認｜高流動性,回檔型：接近 MA20，適合分批低接,ALPHA 是短線/反轉補位，不可重倉。,BLOCK：同股已由高優先桶接管
1040,ALPHA,71,3,2498,TEST,58.0,55.0,WAIT,BLOCK,False,42.9,50以下,0.0,0,不可下單,ALPHA高流動性強勢延續｜成交量/成交金額優先｜突破/趨勢確認｜高流動性,PRE 條件未完整，僅保留觀察,ALPHA 是短線/反轉補位，不可重倉。,BLOCK：同股已由高優先桶接管
1041,ALPHA,72,3,2614,TEST,58.0,55.0,WAIT,BLOCK,False,19.2,50以下,0.0,0,不可下單,ALPHA高流動性強勢延續｜成交量/成交金額優先｜突破/趨勢確認｜高流動性,PRE 條件未完整，僅保留觀察,ALPHA 是短線/反轉補位，不可重倉。,BLOCK：同股已由高優先桶接管
1042,ALPHA,73,3,3015,TEST,58.0,55.0,WAIT,BLOCK,False,55.2,50-100,0.0,0,不可下單,ALPHA高流動性強勢延續｜成交量/成交金額優先｜突破/趨勢確認｜高流動性,PRE 條件未完整，僅保留觀察,ALPHA 是短線/反轉補位，不可重倉。,BLOCK：同股已由高優先桶接管
1043,ALPHA,74,3,3041,TEST,58.0,55.0,WAIT,BLOCK,False,24.35,50以下,0.0,0,不可下單,ALPHA高流動性強勢延續｜成交量/成交金額優先｜突破/趨勢確認｜高流動性,PRE 條件未完整，僅保留觀察,ALPHA 是短線/反轉補位，不可重倉。,BLOCK：同股已由高優先桶接管
1044,ALPHA,75,3,4906,TEST,58.0,55.0,WAIT,BLOCK,False,42.3,50以下,0.0,0,不可下單,ALPHA高流動性強勢延續｜成交量/成交金額優先｜突破/趨勢確認｜高流動性,PRE 條件未完整，僅保留觀察,ALPHA 是短線/反轉補位，不可重倉。,BLOCK：同股已由高優先桶接管
1045,ALPHA,76,3,6579,TEST,58.0,55.0,WAIT,BLOCK,False,159.0,100-500,0.0,0,不可下單,ALPHA高流動性強勢延續｜成交量/成交金額優先｜突破/趨勢確認｜高流動性,PRE 條件未完整，僅保留觀察,ALPHA 是短線/反轉補位，不可重倉。,BLOCK：同股已由高優先桶接管
1046,ALPHA,77,3,6695,TEST,58.0,55.0,WAIT,BLOCK,False,55.0,50-100,0.0,0,不可下單,ALPHA高流動性強勢延續｜成交量/成交金額優先｜突破/趨勢確認｜高流動性,PRE 條件未完整，僅保留觀察,ALPHA 是短線/反轉補位，不可重倉。,BLOCK：同股已由高優先桶接管
1047,ALPHA,78,3,6698,TEST,58.0,55.0,WAIT,BLOCK,False,33.3,50以下,0.0,0,不可下單,ALPHA高流動性強勢延續｜成交量/成交金額優先｜突破/趨勢確認｜高流動性,PRE 條件未完整，僅保留觀察,ALPHA 是短線/反轉補位，不可重倉。,BLOCK：同股已由高優先桶接管
1048,ALPHA,79,3,6743,TEST,58.0,55.0,WAIT,BLOCK,False,31.85,50以下,0.0,0,不可下單,ALPHA高流動性強勢延續｜成交量/成交金額優先｜突破/趨勢確認｜高流動性,PRE 條件未完整，僅保留觀察,ALPHA 是短線/反轉補位，不可重倉。,BLOCK：同股已由高優先桶接管
1049,ALPHA,80,3,6901,TEST,58.0,55.0,WAIT,BLOCK,False,16.85,50以下,0.0,0,不可下單,ALPHA高流動性強勢延續｜成交量/成交金額優先｜突破/趨勢確認｜高流動性,PRE 條件未完整，僅保留觀察,ALPHA 是短線/反轉補位，不可重倉。,BLOCK：同股已由高優先桶接管
1050,ALPHA,81,3,8104,TEST,58.0,55.0,WAIT,BLOCK,False,32.1,50以下,0.0,0,不可下單,ALPHA高流動性強勢延續｜成交量/成交金額優先｜突破/趨勢確認｜高流動性,PRE 條件未完整，僅保留觀察,ALPHA 是短線/反轉補位，不可重倉。,BLOCK：同股已由高優先桶接管
1051,ALPHA,82,3,8213,TEST,58.0,55.0,WAIT,BLOCK,False,34.5,50以下,0.0,0,不可下單,ALPHA高流動性強勢延續｜成交量/成交金額優先｜突破/趨勢確認｜高流動性,PRE 條件未完整，僅保留觀察,ALPHA 是短線/反轉補位，不可重倉。,BLOCK：同股已由高優先桶接管
1052,ALPHA,83,3,1304,TEST,58.0,50.0,PULLBACK,BLOCK,False,12.65,50以下,0.0,0,不可下單,ALPHA高流動性強勢延續｜成交量/成交金額優先｜突破/趨勢確認｜高流動性,回檔型：可觀察是否轉強，不追高,ALPHA 是短線/反轉補位，不可重倉。,BLOCK：超出本市場狀態可執行名額
1053,ALPHA,84,3,1315,TEST,58.0,50.0,PULLBACK,BLOCK,False,68.8,50-100,0.0,0,不可下單,ALPHA高流動性強勢延續｜成交量/成交金額優先｜突破/趨勢確認｜高流動性,回檔型：接近 MA20，適合分批低接,ALPHA 是短線/反轉補位，不可重倉。,BLOCK：同股已由高優先桶接管
1054,ALPHA,85,3,1447,TEST,58.0,50.0,PULLBACK,BLOCK,False,6.77,50以下,0.0,0,不可下單,ALPHA高流動性強勢延續｜成交量/成交金額優先｜突破/趨勢確認｜高流動性,回檔型：可觀察是否轉強，不追高,ALPHA 是短線/反轉補位，不可重倉。,BLOCK：超出本市場狀態可執行名額
1055,ALPHA,86,3,1587,TEST,58.0,50.0,PULLBACK,BLOCK,False,24.45,50以下,0.0,0,不可下單,ALPHA高流動性強勢延續｜成交量/成交金額優先｜突破/趨勢確認｜高流動性,回檔型：可觀察是否轉強，不追高,ALPHA 是短線/反轉補位，不可重倉。,BLOCK：超出本市場狀態可執行名額
1056,ALPHA,87,3,1597,TEST,58.0,50.0,PULLBACK,BLOCK,False,146.5,100-500,0.0,0,不可下單,ALPHA高流動性強勢延續｜成交量/成交金額優先｜突破/趨勢確認｜高流動性,回檔型：可觀察是否轉強，不追高,ALPHA 是短線/反轉補位，不可重倉。,BLOCK：超出本市場狀態可執行名額
1057,ALPHA,88,3,2008,TEST,58.0,50.0,PULLBACK,BLOCK,False,31.1,50以下,0.0,0,不可下單,ALPHA高流動性強勢延續｜成交量/成交金額優先｜突破/趨勢確認｜高流動性,回檔型：可觀察是否轉強，不追高,ALPHA 是短線/反轉補位，不可重倉。,BLOCK：超出本市場狀態可執行名額
1058,ALPHA,89,3,2258,TEST,58.0,50.0,PULLBACK,BLOCK,False,32.0,50以下,0.0,0,不可下單,ALPHA高流動性強勢延續｜成交量/成交金額優先｜突破/趨勢確認｜高流動性,回檔型：可觀察是否轉強，不追高,ALPHA 是短線/反轉補位，不可重倉。,BLOCK：超出本市場狀態可執行名額
1059,ALPHA,90,3,2457,TEST,58.0,50.0,PULLBACK,BLOCK,False,22.55,50以下,0.0,0,不可下單,ALPHA高流動性強勢延續｜成交量/成交金額優先｜突破/趨勢確認｜高流動性,回檔型：可觀察是否轉強，不追高,ALPHA 是短線/反轉補位，不可重倉。,BLOCK：超出本市場狀態可執行名額
1060,ALPHA,91,3,3013,TEST,58.0,50.0,PULLBACK,BLOCK,False,86.8,50-100,0.0,0,不可下單,ALPHA高流動性強勢延續｜成交量/成交金額優先｜突破/趨勢確認｜高流動性,回檔型：可觀察是否轉強，不追高,ALPHA 是短線/反轉補位，不可重倉。,BLOCK：超出本市場狀態可執行名額
1061,ALPHA,92,3,3025,TEST,58.0,50.0,PULLBACK,BLOCK,False,52.9,50-100,0.0,0,不可下單,ALPHA高流動性強勢延續｜成交量/成交金額優先｜突破/趨勢確認｜高流動性,回檔型：可觀察是否轉強，不追高,ALPHA 是短線/反轉補位，不可重倉。,BLOCK：超出本市場狀態可執行名額
1062,ALPHA,93,3,3049,TEST,58.0,50.0,PULLBACK,BLOCK,False,12.65,50以下,0.0,0,不可下單,ALPHA高流動性強勢延續｜成交量/成交金額優先｜突破/趨勢確認｜高流動性,回檔型：可觀察是否轉強，不追高,ALPHA 是短線/反轉補位，不可重倉。,BLOCK：超出本市場狀態可執行名額
1063,ALPHA,94,3,6283,TEST,58.0,50.0,PULLBACK,BLOCK,False,19.5,50以下,0.0,0,不可下單,ALPHA高流動性強勢延續｜成交量/成交金額優先｜突破/趨勢確認｜高流動性,回檔型：可觀察是否轉強，不追高,ALPHA 是短線/反轉補位，不可重倉。,BLOCK：超出本市場狀態可執行名額
1064,ALPHA,95,3,6937,TEST,58.0,50.0,WAIT,BLOCK,False,308.0,100-500,0.0,0,不可下單,ALPHA高流動性強勢延續｜成交量/成交金額優先｜突破/趨勢確認｜高流動性,PRE 條件未完整，僅保留觀察,ALPHA 是短線/反轉補位，不可重倉。,BLOCK：同股已由高優先桶接管
1065,ALPHA,96,3,6962,TEST,58.0,50.0,PULLBACK,BLOCK,False,32.45,50以下,0.0,0,不可下單,ALPHA高流動性強勢延續｜成交量/成交金額優先｜突破/趨勢確認｜高流動性,回檔型：可觀察是否轉強，不追高,ALPHA 是短線/反轉補位，不可重倉。,BLOCK：超出本市場狀態可執行名額
1066,ALPHA,97,3,8476,TEST,58.0,50.0,PULLBACK,BLOCK,False,20.1,50以下,0.0,0,不可下單,ALPHA高流動性強勢延續｜成交量/成交金額優先｜突破/趨勢確認｜高流動性,回檔型：接近 MA20，適合分批低接,ALPHA 是短線/反轉補位，不可重倉。,BLOCK：同股已由高優先桶接管
1067,ALPHA,98,3,1301,TEST,58.0,45.0,WAIT,BLOCK,False,68.1,50-100,0.0,0,不可下單,ALPHA高流動性強勢延續｜成交量/成交金額優先｜突破/趨勢確認｜高流動性,PRE 條件未完整，僅保留觀察,ALPHA 是短線/反轉補位，不可重倉。,BLOCK：同股已由高優先桶接管
1068,ALPHA,99,3,1303,TEST,58.0,45.0,WAIT,BLOCK,False,255.5,100-500,0.0,0,不可下單,ALPHA高流動性強勢延續｜成交量/成交金額優先｜突破/趨勢確認｜高流動性,PRE 條件未完整，僅保留觀察,ALPHA 是短線/反轉補位，不可重倉。,BLOCK：同股已由高優先桶接管
1069,ALPHA,100,3,3054,TEST,58.0,45.0,WAIT,BLOCK,False,59.4,50-100,0.0,0,不可下單,ALPHA高流動性強勢延續｜成交量/成交金額優先｜突破/趨勢確認｜高流動性,PRE 條件未完整，僅保留觀察,ALPHA 是短線/反轉補位，不可重倉。,BLOCK：同股已由高優先桶接管
1070,ALPHA,101,3,6438,TEST,58.0,45.0,WAIT,BLOCK,False,164.0,100-500,0.0,0,不可下單,ALPHA高流動性強勢延續｜成交量/成交金額優先｜突破/趨勢確認｜高流動性,PRE 條件未完整，僅保留觀察,ALPHA 是短線/反轉補位，不可重倉。,BLOCK：同股已由高優先桶接管
1071,ALPHA,102,3,6789,TEST,58.0,45.0,WAIT,BLOCK,False,494.0,100-500,0.0,0,不可下單,ALPHA高流動性強勢延續｜成交量/成交金額優先｜突破/趨勢確認｜高流動性,PRE 條件未完整，僅保留觀察,ALPHA 是短線/反轉補位，不可重倉。,BLOCK：同股已由高優先桶接管
1072,ALPHA,103,3,8162,TEST,58.0,45.0,WAIT,BLOCK,False,66.8,50-100,0.0,0,不可下單,ALPHA高流動性強勢延續｜成交量/成交金額優先｜突破/趨勢確認｜高流動性,PRE 條件未完整，僅保留觀察,ALPHA 是短線/反轉補位，不可重倉。,BLOCK：同股已由高優先桶接管
1073,ALPHA,104,3,1305,TEST,58.0,40.0,PULLBACK,BLOCK,False,12.35,50以下,0.0,0,不可下單,ALPHA高流動性強勢延續｜成交量/成交金額優先｜突破/趨勢確認｜高流動性,回檔型：可觀察是否轉強，不追高,ALPHA 是短線/反轉補位，不可重倉。,BLOCK：超出本市場狀態可執行名額
1074,ALPHA,105,3,1423,TEST,58.0,40.0,PULLBACK,BLOCK,False,36.0,50以下,0.0,0,不可下單,ALPHA高流動性強勢延續｜成交量/成交金額優先｜突破/趨勢確認｜高流動性,回檔型：接近 MA20，適合分批低接,ALPHA 是短線/反轉補位，不可重倉。,BLOCK：同股已由高優先桶接管
1075,ALPHA,106,3,3528,TEST,58.0,40.0,PULLBACK,BLOCK,False,85.6,50-100,0.0,0,不可下單,ALPHA高流動性強勢延續｜成交量/成交金額優先｜突破/趨勢確認｜高流動性,回檔型：可觀察是否轉強，不追高,ALPHA 是短線/反轉補位，不可重倉。,BLOCK：超出本市場狀態可執行名額
1076,ALPHA,107,3,4566,TEST,58.0,40.0,WAIT,BLOCK,False,74.1,50-100,0.0,0,不可下單,ALPHA高流動性強勢延續｜成交量/成交金額優先｜突破/趨勢確認｜高流動性,PRE 條件未完整，僅保留觀察,ALPHA 是短線/反轉補位，不可重倉。,BLOCK：同股已由高優先桶接管
1077,ALPHA,108,3,8482,TEST,58.0,40.0,PULLBACK,BLOCK,False,49.2,50以下,0.0,0,不可下單,ALPHA高流動性強勢延續｜成交量/成交金額優先｜突破/趨勢確認｜高流動性,回檔型：可觀察是否轉強，不追高,ALPHA 是短線/反轉補位，不可重倉。,BLOCK：超出本市場狀態可執行名額
1078,ALPHA,109,3,2538,TEST,58.0,35.0,PULLBACK,BLOCK,False,8.92,50以下,0.0,0,不可下單,ALPHA高流動性強勢延續｜成交量/成交金額優先｜突破/趨勢確認｜高流動性,回檔型：接近 MA20，適合分批低接,ALPHA 是短線/反轉補位，不可重倉。,BLOCK：同股已由高優先桶接管
1079,ALPHA,110,3,6209,TEST,58.0,35.0,PULLBACK,BLOCK,False,81.7,50-100,0.0,0,不可下單,ALPHA高流動性強勢延續｜成交量/成交金額優先｜突破/趨勢確認｜高流動性,回檔型：接近 MA20，適合分批低接,ALPHA 是短線/反轉補位，不可重倉。,BLOCK：同股已由高優先桶接管
1080,ALPHA,111,3,6213,TEST,58.0,35.0,WAIT,BLOCK,False,623.0,500-1000,0.0,0,不可下單,ALPHA高流動性強勢延續｜成交量/成交金額優先｜突破/趨勢確認｜高流動性,PRE 條件未完整，僅保留觀察,ALPHA 是短線/反轉補位，不可重倉。,BLOCK：同股已由高優先桶接管
1081,ALPHA,112,3,2484,TEST,58.0,30.0,WAIT,BLOCK,False,78.0,50-100,0.0,0,不可下單,ALPHA高流動性強勢延續｜成交量/成交金額優先｜突破/趨勢確認｜高流動性,PRE 條件未完整，僅保留觀察,ALPHA 是短線/反轉補位，不可重倉。,BLOCK：同股已由高優先桶接管
1082,ALPHA,113,3,3533,TEST,58.0,30.0,WAIT,BLOCK,False,1770.0,1000以上,0.0,0,不可下單,ALPHA高流動性強勢延續｜成交量/成交金額優先｜突破/趨勢確認｜高流動性,PRE 條件未完整，僅保留觀察,ALPHA 是短線/反轉補位，不可重倉。,BLOCK：同股已由高優先桶接管
1083,ALPHA,114,3,3535,TEST,58.0,30.0,WAIT,BLOCK,False,92.0,50-100,0.0,0,不可下單,ALPHA高流動性強勢延續｜成交量/成交金額優先｜突破/趨勢確認｜高流動性,PRE 條件未完整，僅保留觀察,ALPHA 是短線/反轉補位，不可重倉。,BLOCK：同股已由高優先桶接管
1084,ALPHA,115,3,4540,TEST,58.0,30.0,WAIT,BLOCK,False,62.1,50-100,0.0,0,不可下單,ALPHA高流動性強勢延續｜成交量/成交金額優先｜突破/趨勢確認｜高流動性,PRE 條件未完整，僅保留觀察,ALPHA 是短線/反轉補位，不可重倉。,BLOCK：同股已由高優先桶接管
1085,ALPHA,116,3,6155,TEST,58.0,30.0,WAIT,BLOCK,False,63.3,50-100,0.0,0,不可下單,ALPHA高流動性強勢延續｜成交量/成交金額優先｜突破/趨勢確認｜高流動性,PRE 條件未完整，僅保留觀察,ALPHA 是短線/反轉補位，不可重倉。,BLOCK：同股已由高優先桶接管
1086,ALPHA,117,3,7822,TEST,58.0,30.0,WAIT,BLOCK,False,998.0,500-1000,0.0,0,不可下單,ALPHA高流動性強勢延續｜成交量/成交金額優先｜突破/趨勢確認｜高流動性,PRE 條件未完整，僅保留觀察,ALPHA 是短線/反轉補位，不可重倉。,BLOCK：同股已由高優先桶接管
1087,ALPHA,118,3,1101,TEST,58.0,25.0,WAIT,BLOCK,False,26.3,50以下,0.0,0,不可下單,ALPHA高流動性強勢延續｜成交量/成交金額優先｜突破/趨勢確認｜高流動性,ALPHA 時機未明，先觀察,ALPHA 是短線/反轉補位，不可重倉。,BLOCK：超出本市場狀態可執行名額
1088,ALPHA,119,3,1310,TEST,58.0,25.0,WAIT,BLOCK,False,9.25,50以下,0.0,0,不可下單,ALPHA高流動性強勢延續｜成交量/成交金額優先｜突破/趨勢確認｜高流動性,ALPHA 時機未明，先觀察,ALPHA 是短線/反轉補位，不可重倉。,BLOCK：超出本市場狀態可執行名額
1089,ALPHA,120,3,1338,TEST,58.0,25.0,WAIT,BLOCK,False,15.6,50以下,0.0,0,不可下單,ALPHA高流動性強勢延續｜成交量/成交金額優先｜突破/趨勢確認｜高流動性,ALPHA 時機未明，先觀察,ALPHA 是短線/反轉補位，不可重倉。,BLOCK：超出本市場狀態可執行名額
1090,ALPHA,121,3,1568,TEST,58.0,25.0,WAIT,BLOCK,False,32.8,50以下,0.0,0,不可下單,ALPHA高流動性強勢延續｜成交量/成交金額優先｜突破/趨勢確認｜高流動性,PRE 條件未完整，僅保留觀察,ALPHA 是短線/反轉補位，不可重倉。,BLOCK：同股已由高優先桶接管
1091,ALPHA,122,3,1617,TEST,58.0,25.0,WAIT,BLOCK,False,24.05,50以下,0.0,0,不可下單,ALPHA高流動性強勢延續｜成交量/成交金額優先｜突破/趨勢確認｜高流動性,ALPHA 時機未明，先觀察,ALPHA 是短線/反轉補位，不可重倉。,BLOCK：超出本市場狀態可執行名額
1092,ALPHA,123,3,1721,TEST,58.0,25.0,WAIT,BLOCK,False,26.45,50以下,0.0,0,不可下單,ALPHA高流動性強勢延續｜成交量/成交金額優先｜突破/趨勢確認｜高流動性,ALPHA 時機未明，先觀察,ALPHA 是短線/反轉補位，不可重倉。,BLOCK：超出本市場狀態可執行名額
1093,ALPHA,124,3,1727,TEST,58.0,25.0,WAIT,BLOCK,False,109.0,100-500,0.0,0,不可下單,ALPHA高流動性強勢延續｜成交量/成交金額優先｜突破/趨勢確認｜高流動性,ALPHA 時機未明，先觀察,ALPHA 是短線/反轉補位，不可重倉。,BLOCK：超出本市場狀態可執行名額
1094,ALPHA,125,3,1809,TEST,58.0,25.0,WAIT,BLOCK,False,47.85,50以下,0.0,0,不可下單,ALPHA高流動性強勢延續｜成交量/成交金額優先｜突破/趨勢確認｜高流動性,ALPHA 時機未明，先觀察,ALPHA 是短線/反轉補位，不可重倉。,BLOCK：超出本市場狀態可執行名額
1095,ALPHA,126,3,2014,TEST,58.0,25.0,WAIT,BLOCK,False,17.4,50以下,0.0,0,不可下單,ALPHA高流動性強勢延續｜成交量/成交金額優先｜突破/趨勢確認｜高流動性,ALPHA 時機未明，先觀察,ALPHA 是短線/反轉補位，不可重倉。,BLOCK：超出本市場狀態可執行名額
1096,ALPHA,127,3,2020,TEST,58.0,25.0,WAIT,BLOCK,False,26.7,50以下,0.0,0,不可下單,ALPHA高流動性強勢延續｜成交量/成交金額優先｜突破/趨勢確認｜高流動性,ALPHA 時機未明，先觀察,ALPHA 是短線/反轉補位，不可重倉。,BLOCK：超出本市場狀態可執行名額
1097,ALPHA,128,3,2025,TEST,58.0,25.0,WAIT,BLOCK,False,14.65,50以下,0.0,0,不可下單,ALPHA高流動性強勢延續｜成交量/成交金額優先｜突破/趨勢確認｜高流動性,ALPHA 時機未明，先觀察,ALPHA 是短線/反轉補位，不可重倉。,BLOCK：超出本市場狀態可執行名額
1098,ALPHA,129,3,2028,TEST,58.0,25.0,WAIT,BLOCK,False,17.15,50以下,0.0,0,不可下單,ALPHA高流動性強勢延續｜成交量/成交金額優先｜突破/趨勢確認｜高流動性,ALPHA 時機未明，先觀察,ALPHA 是短線/反轉補位，不可重倉。,BLOCK：超出本市場狀態可執行名額
1099,ALPHA,130,3,2032,TEST,58.0,25.0,WAIT,BLOCK,False,20.3,50以下,0.0,0,不可下單,ALPHA高流動性強勢延續｜成交量/成交金額優先｜突破/趨勢確認｜高流動性,PRE 條件未完整，僅保留觀察,ALPHA 是短線/反轉補位，不可重倉。,BLOCK：同股已由高優先桶接管
1100,ALPHA,131,3,2034,TEST,58.0,25.0,WAIT,BLOCK,False,24.8,50以下,0.0,0,不可下單,ALPHA高流動性強勢延續｜成交量/成交金額優先｜突破/趨勢確認｜高流動性,ALPHA 時機未明，先觀察,ALPHA 是短線/反轉補位，不可重倉。,BLOCK：超出本市場狀態可執行名額
1101,ALPHA,132,3,2038,TEST,58.0,25.0,WAIT,BLOCK,False,13.2,50以下,0.0,0,不可下單,ALPHA高流動性強勢延續｜成交量/成交金額優先｜突破/趨勢確認｜高流動性,ALPHA 時機未明，先觀察,ALPHA 是短線/反轉補位，不可重倉。,BLOCK：超出本市場狀態可執行名額
1102,ALPHA,133,3,2069,TEST,58.0,25.0,WAIT,BLOCK,False,26.7,50以下,0.0,0,不可下單,ALPHA高流動性強勢延續｜成交量/成交金額優先｜突破/趨勢確認｜高流動性,ALPHA 時機未明，先觀察,ALPHA 是短線/反轉補位，不可重倉。,BLOCK：超出本市場狀態可執行名額
1103,ALPHA,134,3,2104,TEST,58.0,25.0,WAIT,BLOCK,False,11.15,50以下,0.0,0,不可下單,ALPHA高流動性強勢延續｜成交量/成交金額優先｜突破/趨勢確認｜高流動性,ALPHA 時機未明，先觀察,ALPHA 是短線/反轉補位，不可重倉。,BLOCK：超出本市場狀態可執行名額
1104,ALPHA,135,3,2241,TEST,58.0,25.0,WAIT,BLOCK,False,46.15,50以下,0.0,0,不可下單,ALPHA高流動性強勢延續｜成交量/成交金額優先｜突破/趨勢確認｜高流動性,ALPHA 時機未明，先觀察,ALPHA 是短線/反轉補位，不可重倉。,BLOCK：超出本市場狀態可執行名額
1105,ALPHA,136,3,2254,TEST,58.0,25.0,WAIT,BLOCK,False,92.6,50-100,0.0,0,不可下單,ALPHA高流動性強勢延續｜成交量/成交金額優先｜突破/趨勢確認｜高流動性,ALPHA 時機未明，先觀察,ALPHA 是短線/反轉補位，不可重倉。,BLOCK：超出本市場狀態可執行名額
1106,ALPHA,137,3,2340,TEST,58.0,25.0,WAIT,BLOCK,False,40.8,50以下,0.0,0,不可下單,ALPHA高流動性強勢延續｜成交量/成交金額優先｜突破/趨勢確認｜高流動性,ALPHA 時機未明，先觀察,ALPHA 是短線/反轉補位，不可重倉。,BLOCK：超出本市場狀態可執行名額
1107,ALPHA,138,3,2342,TEST,58.0,25.0,WAIT,BLOCK,False,50.3,50-100,0.0,0,不可下單,ALPHA高流動性強勢延續｜成交量/成交金額優先｜突破/趨勢確認｜高流動性,ALPHA 時機未明，先觀察,ALPHA 是短線/反轉補位，不可重倉。,BLOCK：超出本市場狀態可執行名額
1108,ALPHA,139,3,2367,TEST,58.0,25.0,WAIT,BLOCK,False,43.55,50以下,0.0,0,不可下單,ALPHA高流動性強勢延續｜成交量/成交金額優先｜突破/趨勢確認｜高流動性,ALPHA 時機未明，先觀察,ALPHA 是短線/反轉補位，不可重倉。,BLOCK：超出本市場狀態可執行名額
1109,ALPHA,140,3,2368,TEST,58.0,25.0,WAIT,BLOCK,False,1120.0,1000以上,0.0,0,不可下單,ALPHA高流動性強勢延續｜成交量/成交金額優先｜突破/趨勢確認｜高流動性,ALPHA 時機未明，先觀察,ALPHA 是短線/反轉補位，不可重倉。,BLOCK：超出本市場狀態可執行名額
1110,ALPHA,141,3,2371,TEST,58.0,25.0,WAIT,BLOCK,False,30.45,50以下,0.0,0,不可下單,ALPHA高流動性強勢延續｜成交量/成交金額優先｜突破/趨勢確認｜高流動性,ALPHA 時機未明，先觀察,ALPHA 是短線/反轉補位，不可重倉。,BLOCK：超出本市場狀態可執行名額
1111,ALPHA,142,3,2402,TEST,58.0,25.0,WAIT,BLOCK,False,58.5,50-100,0.0,0,不可下單,ALPHA高流動性強勢延續｜成交量/成交金額優先｜突破/趨勢確認｜高流動性,ALPHA 時機未明，先觀察,ALPHA 是短線/反轉補位，不可重倉。,BLOCK：超出本市場狀態可執行名額
1112,ALPHA,143,3,2404,TEST,58.0,25.0,WAIT,BLOCK,False,1290.0,1000以上,0.0,0,不可下單,ALPHA高流動性強勢延續｜成交量/成交金額優先｜突破/趨勢確認｜高流動性,ALPHA 時機未明，先觀察,ALPHA 是短線/反轉補位，不可重倉。,BLOCK：超出本市場狀態可執行名額
1113,ALPHA,144,3,2406,TEST,58.0,25.0,WAIT,BLOCK,False,31.45,50以下,0.0,0,不可下單,ALPHA高流動性強勢延續｜成交量/成交金額優先｜突破/趨勢確認｜高流動性,ALPHA 時機未明，先觀察,ALPHA 是短線/反轉補位，不可重倉。,BLOCK：超出本市場狀態可執行名額
1114,ALPHA,145,3,2426,TEST,58.0,25.0,WAIT,BLOCK,False,104.0,100-500,0.0,0,不可下單,ALPHA高流動性強勢延續｜成交量/成交金額優先｜突破/趨勢確認｜高流動性,ALPHA 時機未明，先觀察,ALPHA 是短線/反轉補位，不可重倉。,BLOCK：超出本市場狀態可執行名額
1115,ALPHA,146,3,2458,TEST,58.0,25.0,WAIT,BLOCK,False,137.5,100-500,0.0,0,不可下單,ALPHA高流動性強勢延續｜成交量/成交金額優先｜突破/趨勢確認｜高流動性,ALPHA 時機未明，先觀察,ALPHA 是短線/反轉補位，不可重倉。,BLOCK：超出本市場狀態可執行名額
1116,ALPHA,147,3,2466,TEST,58.0,25.0,WAIT,BLOCK,False,124.5,100-500,0.0,0,不可下單,ALPHA高流動性強勢延續｜成交量/成交金額優先｜突破/趨勢確認｜高流動性,ALPHA 時機未明，先觀察,ALPHA 是短線/反轉補位，不可重倉。,BLOCK：超出本市場狀態可執行名額
1117,ALPHA,148,3,2483,TEST,58.0,25.0,WAIT,BLOCK,False,35.75,50以下,0.0,0,不可下單,ALPHA高流動性強勢延續｜成交量/成交金額優先｜突破/趨勢確認｜高流動性,ALPHA 時機未明，先觀察,ALPHA 是短線/反轉補位，不可重倉。,BLOCK：超出本市場狀態可執行名額
1118,ALPHA,149,3,2485,TEST,58.0,25.0,WAIT,BLOCK,False,41.7,50以下,0.0,0,不可下單,ALPHA高流動性強勢延續｜成交量/成交金額優先｜突破/趨勢確認｜高流動性,ALPHA 時機未明，先觀察,ALPHA 是短線/反轉補位，不可重倉。,BLOCK：超出本市場狀態可執行名額
1119,ALPHA,150,3,2527,TEST,58.0,25.0,WAIT,BLOCK,False,50.0,50-100,0.0,0,不可下單,ALPHA高流動性強勢延續｜成交量/成交金額優先｜突破/趨勢確認｜高流動性,PRE 條件未完整，僅保留觀察,ALPHA 是短線/反轉補位，不可重倉。,BLOCK：同股已由高優先桶接管
1120,ALPHA,151,3,2939,TEST,58.0,25.0,WAIT,BLOCK,False,21.9,50以下,0.0,0,不可下單,ALPHA高流動性強勢延續｜成交量/成交金額優先｜突破/趨勢確認｜高流動性,ALPHA 時機未明，先觀察,ALPHA 是短線/反轉補位，不可重倉。,BLOCK：超出本市場狀態可執行名額
1121,ALPHA,152,3,3014,TEST,58.0,25.0,WAIT,BLOCK,False,141.5,100-500,0.0,0,不可下單,ALPHA高流動性強勢延續｜成交量/成交金額優先｜突破/趨勢確認｜高流動性,ALPHA 時機未明，先觀察,ALPHA 是短線/反轉補位，不可重倉。,BLOCK：超出本市場狀態可執行名額
1122,ALPHA,153,3,3031,TEST,58.0,25.0,WAIT,BLOCK,False,30.8,50以下,0.0,0,不可下單,ALPHA高流動性強勢延續｜成交量/成交金額優先｜突破/趨勢確認｜高流動性,ALPHA 時機未明，先觀察,ALPHA 是短線/反轉補位，不可重倉。,BLOCK：超出本市場狀態可執行名額
1123,ALPHA,154,3,3035,TEST,58.0,25.0,WAIT,BLOCK,False,210.5,100-500,0.0,0,不可下單,ALPHA高流動性強勢延續｜成交量/成交金額優先｜突破/趨勢確認｜高流動性,ALPHA 時機未明，先觀察,ALPHA 是短線/反轉補位，不可重倉。,BLOCK：超出本市場狀態可執行名額
1124,ALPHA,155,3,3092,TEST,58.0,25.0,WAIT,BLOCK,False,25.0,50以下,0.0,0,不可下單,ALPHA高流動性強勢延續｜成交量/成交金額優先｜突破/趨勢確認｜高流動性,ALPHA 時機未明，先觀察,ALPHA 是短線/反轉補位，不可重倉。,BLOCK：超出本市場狀態可執行名額
1125,ALPHA,156,3,3149,TEST,58.0,25.0,WAIT,BLOCK,False,74.0,50-100,0.0,0,不可下單,ALPHA高流動性強勢延續｜成交量/成交金額優先｜突破/趨勢確認｜高流動性,ALPHA 時機未明，先觀察,ALPHA 是短線/反轉補位，不可重倉。,BLOCK：超出本市場狀態可執行名額
1126,ALPHA,157,3,3189,TEST,58.0,25.0,WAIT,BLOCK,False,970.0,500-1000,0.0,0,不可下單,ALPHA高流動性強勢延續｜成交量/成交金額優先｜突破/趨勢確認｜高流動性,ALPHA 時機未明，先觀察,ALPHA 是短線/反轉補位，不可重倉。,BLOCK：超出本市場狀態可執行名額
1127,ALPHA,158,3,3311,TEST,58.0,25.0,WAIT,BLOCK,False,41.05,50以下,0.0,0,不可下單,ALPHA高流動性強勢延續｜成交量/成交金額優先｜突破/趨勢確認｜高流動性,ALPHA 時機未明，先觀察,ALPHA 是短線/反轉補位，不可重倉。,BLOCK：超出本市場狀態可執行名額
1128,ALPHA,159,3,3419,TEST,58.0,25.0,WAIT,BLOCK,False,12.05,50以下,0.0,0,不可下單,ALPHA高流動性強勢延續｜成交量/成交金額優先｜突破/趨勢確認｜高流動性,ALPHA 時機未明，先觀察,ALPHA 是短線/反轉補位，不可重倉。,BLOCK：超出本市場狀態可執行名額
1129,ALPHA,160,3,3481,TEST,58.0,25.0,WAIT,BLOCK,False,54.7,50-100,0.0,0,不可下單,ALPHA高流動性強勢延續｜成交量/成交金額優先｜突破/趨勢確認｜高流動性,ALPHA 時機未明，先觀察,ALPHA 是短線/反轉補位，不可重倉。,BLOCK：超出本市場狀態可執行名額
1130,ALPHA,161,3,3518,TEST,58.0,25.0,WAIT,BLOCK,False,41.1,50以下,0.0,0,不可下單,ALPHA高流動性強勢延續｜成交量/成交金額優先｜突破/趨勢確認｜高流動性,ALPHA 時機未明，先觀察,ALPHA 是短線/反轉補位，不可重倉。,BLOCK：超出本市場狀態可執行名額
1131,ALPHA,162,3,3532,TEST,58.0,25.0,WAIT,BLOCK,False,471.0,100-500,0.0,0,不可下單,ALPHA高流動性強勢延續｜成交量/成交金額優先｜突破/趨勢確認｜高流動性,ALPHA 時機未明，先觀察,ALPHA 是短線/反轉補位，不可重倉。,BLOCK：超出本市場狀態可執行名額
1132,ALPHA,163,3,3550,TEST,58.0,25.0,WAIT,BLOCK,False,25.9,50以下,0.0,0,不可下單,ALPHA高流動性強勢延續｜成交量/成交金額優先｜突破/趨勢確認｜高流動性,ALPHA 時機未明，先觀察,ALPHA 是短線/反轉補位，不可重倉。,BLOCK：超出本市場狀態可執行名額
1133,ALPHA,164,3,3576,TEST,58.0,25.0,WAIT,BLOCK,False,19.7,50以下,0.0,0,不可下單,ALPHA高流動性強勢延續｜成交量/成交金額優先｜突破/趨勢確認｜高流動性,ALPHA 時機未明，先觀察,ALPHA 是短線/反轉補位，不可重倉。,BLOCK：超出本市場狀態可執行名額
1134,ALPHA,165,3,3591,TEST,58.0,25.0,WAIT,BLOCK,False,27.45,50以下,0.0,0,不可下單,ALPHA高流動性強勢延續｜成交量/成交金額優先｜突破/趨勢確認｜高流動性,ALPHA 時機未明，先觀察,ALPHA 是短線/反轉補位，不可重倉。,BLOCK：超出本市場狀態可執行名額
1135,ALPHA,166,3,3592,TEST,58.0,25.0,WAIT,BLOCK,False,237.5,100-500,0.0,0,不可下單,ALPHA高流動性強勢延續｜成交量/成交金額優先｜突破/趨勢確認｜高流動性,ALPHA 時機未明，先觀察,ALPHA 是短線/反轉補位，不可重倉。,BLOCK：超出本市場狀態可執行名額
1136,ALPHA,167,3,3593,TEST,58.0,25.0,WAIT,BLOCK,False,11.0,50以下,0.0,0,不可下單,ALPHA高流動性強勢延續｜成交量/成交金額優先｜突破/趨勢確認｜高流動性,ALPHA 時機未明，先觀察,ALPHA 是短線/反轉補位，不可重倉。,BLOCK：超出本市場狀態可執行名額
1137,ALPHA,168,3,3645,TEST,58.0,25.0,WAIT,BLOCK,False,75.3,50-100,0.0,0,不可下單,ALPHA高流動性強勢延續｜成交量/成交金額優先｜突破/趨勢確認｜高流動性,ALPHA 時機未明，先觀察,ALPHA 是短線/反轉補位，不可重倉。,BLOCK：超出本市場狀態可執行名額
1138,ALPHA,169,3,3653,TEST,58.0,25.0,WAIT,BLOCK,False,6800.0,1000以上,0.0,0,不可下單,ALPHA高流動性強勢延續｜成交量/成交金額優先｜突破/趨勢確認｜高流動性,ALPHA 時機未明，先觀察,ALPHA 是短線/反轉補位，不可重倉。,BLOCK：超出本市場狀態可執行名額
1139,ALPHA,170,3,3665,TEST,58.0,25.0,WAIT,BLOCK,False,2595.0,1000以上,0.0,0,不可下單,ALPHA高流動性強勢延續｜成交量/成交金額優先｜突破/趨勢確認｜高流動性,ALPHA 時機未明，先觀察,ALPHA 是短線/反轉補位，不可重倉。,BLOCK：超出本市場狀態可執行名額
1140,ALPHA,171,3,3673,TEST,58.0,25.0,WAIT,BLOCK,False,75.5,50-100,0.0,0,不可下單,ALPHA高流動性強勢延續｜成交量/成交金額優先｜突破/趨勢確認｜高流動性,ALPHA 時機未明，先觀察,ALPHA 是短線/反轉補位，不可重倉。,BLOCK：超出本市場狀態可執行名額
1141,ALPHA,172,3,3686,TEST,58.0,25.0,WAIT,BLOCK,False,16.3,50以下,0.0,0,不可下單,ALPHA高流動性強勢延續｜成交量/成交金額優先｜突破/趨勢確認｜高流動性,ALPHA 時機未明，先觀察,ALPHA 是短線/反轉補位，不可重倉。,BLOCK：超出本市場狀態可執行名額
1142,ALPHA,173,3,3701,TEST,58.0,25.0,WAIT,BLOCK,False,45.9,50以下,0.0,0,不可下單,ALPHA高流動性強勢延續｜成交量/成交金額優先｜突破/趨勢確認｜高流動性,ALPHA 時機未明，先觀察,ALPHA 是短線/反轉補位，不可重倉。,BLOCK：超出本市場狀態可執行名額
1143,ALPHA,174,3,3714,TEST,58.0,25.0,WAIT,BLOCK,False,69.9,50-100,0.0,0,不可下單,ALPHA高流動性強勢延續｜成交量/成交金額優先｜突破/趨勢確認｜高流動性,ALPHA 時機未明，先觀察,ALPHA 是短線/反轉補位，不可重倉。,BLOCK：超出本市場狀態可執行名額
1144,ALPHA,175,3,3717,TEST,58.0,25.0,WAIT,BLOCK,False,27.7,50以下,0.0,0,不可下單,ALPHA高流動性強勢延續｜成交量/成交金額優先｜突破/趨勢確認｜高流動性,ALPHA 時機未明，先觀察,ALPHA 是短線/反轉補位，不可重倉。,BLOCK：超出本市場狀態可執行名額
1145,ALPHA,176,3,4195,TEST,58.0,25.0,WAIT,BLOCK,False,16.1,50以下,0.0,0,不可下單,ALPHA高流動性強勢延續｜成交量/成交金額優先｜突破/趨勢確認｜高流動性,ALPHA 時機未明，先觀察,ALPHA 是短線/反轉補位，不可重倉。,BLOCK：超出本市場狀態可執行名額
1146,ALPHA,177,3,4526,TEST,58.0,25.0,WAIT,BLOCK,False,34.05,50以下,0.0,0,不可下單,ALPHA高流動性強勢延續｜成交量/成交金額優先｜突破/趨勢確認｜高流動性,ALPHA 時機未明，先觀察,ALPHA 是短線/反轉補位，不可重倉。,BLOCK：超出本市場狀態可執行名額
1147,ALPHA,178,3,4545,TEST,58.0,25.0,WAIT,BLOCK,False,39.1,50以下,0.0,0,不可下單,ALPHA高流動性強勢延續｜成交量/成交金額優先｜突破/趨勢確認｜高流動性,ALPHA 時機未明，先觀察,ALPHA 是短線/反轉補位，不可重倉。,BLOCK：超出本市場狀態可執行名額
1148,ALPHA,179,3,4551,TEST,58.0,25.0,WAIT,BLOCK,False,174.5,100-500,0.0,0,不可下單,ALPHA高流動性強勢延續｜成交量/成交金額優先｜突破/趨勢確認｜高流動性,ALPHA 時機未明，先觀察,ALPHA 是短線/反轉補位，不可重倉。,BLOCK：超出本市場狀態可執行名額
1149,ALPHA,180,3,4739,TEST,58.0,25.0,WAIT,BLOCK,False,88.4,50-100,0.0,0,不可下單,ALPHA高流動性強勢延續｜成交量/成交金額優先｜突破/趨勢確認｜高流動性,ALPHA 時機未明，先觀察,ALPHA 是短線/反轉補位，不可重倉。,BLOCK：超出本市場狀態可執行名額
1150,ALPHA,181,3,4746,TEST,58.0,25.0,WAIT,BLOCK,False,48.95,50以下,0.0,0,不可下單,ALPHA高流動性強勢延續｜成交量/成交金額優先｜突破/趨勢確認｜高流動性,ALPHA 時機未明，先觀察,ALPHA 是短線/反轉補位，不可重倉。,BLOCK：超出本市場狀態可執行名額
1151,ALPHA,182,3,4770,TEST,58.0,25.0,WAIT,BLOCK,False,282.0,100-500,0.0,0,不可下單,ALPHA高流動性強勢延續｜成交量/成交金額優先｜突破/趨勢確認｜高流動性,ALPHA 時機未明，先觀察,ALPHA 是短線/反轉補位，不可重倉。,BLOCK：超出本市場狀態可執行名額
1152,ALPHA,183,3,4912,TEST,58.0,25.0,WAIT,BLOCK,False,100.0,100-500,0.0,0,不可下單,ALPHA高流動性強勢延續｜成交量/成交金額優先｜突破/趨勢確認｜高流動性,ALPHA 時機未明，先觀察,ALPHA 是短線/反轉補位，不可重倉。,BLOCK：超出本市場狀態可執行名額
1153,ALPHA,184,3,4919,TEST,58.0,25.0,WAIT,BLOCK,False,138.5,100-500,0.0,0,不可下單,ALPHA高流動性強勢延續｜成交量/成交金額優先｜突破/趨勢確認｜高流動性,ALPHA 時機未明，先觀察,ALPHA 是短線/反轉補位，不可重倉。,BLOCK：超出本市場狀態可執行名額
1154,ALPHA,185,3,4934,TEST,58.0,25.0,WAIT,BLOCK,False,14.95,50以下,0.0,0,不可下單,ALPHA高流動性強勢延續｜成交量/成交金額優先｜突破/趨勢確認｜高流動性,ALPHA 時機未明，先觀察,ALPHA 是短線/反轉補位，不可重倉。,BLOCK：超出本市場狀態可執行名額
1155,ALPHA,186,3,4960,TEST,58.0,25.0,WAIT,BLOCK,False,24.4,50以下,0.0,0,不可下單,ALPHA高流動性強勢延續｜成交量/成交金額優先｜突破/趨勢確認｜高流動性,ALPHA 時機未明，先觀察,ALPHA 是短線/反轉補位，不可重倉。,BLOCK：超出本市場狀態可執行名額
1156,ALPHA,187,3,4968,TEST,58.0,25.0,WAIT,BLOCK,False,96.6,50-100,0.0,0,不可下單,ALPHA高流動性強勢延續｜成交量/成交金額優先｜突破/趨勢確認｜高流動性,ALPHA 時機未明，先觀察,ALPHA 是短線/反轉補位，不可重倉。,BLOCK：超出本市場狀態可執行名額
1157,ALPHA,188,3,5234,TEST,58.0,25.0,WAIT,BLOCK,False,308.5,100-500,0.0,0,不可下單,ALPHA高流動性強勢延續｜成交量/成交金額優先｜突破/趨勢確認｜高流動性,ALPHA 時機未明，先觀察,ALPHA 是短線/反轉補位，不可重倉。,BLOCK：超出本市場狀態可執行名額
1158,ALPHA,189,3,5292,TEST,58.0,25.0,WAIT,BLOCK,False,230.0,100-500,0.0,0,不可下單,ALPHA高流動性強勢延續｜成交量/成交金額優先｜突破/趨勢確認｜高流動性,ALPHA 時機未明，先觀察,ALPHA 是短線/反轉補位，不可重倉。,BLOCK：超出本市場狀態可執行名額
1159,ALPHA,190,3,6116,TEST,58.0,25.0,WAIT,BLOCK,False,16.35,50以下,0.0,0,不可下單,ALPHA高流動性強勢延續｜成交量/成交金額優先｜突破/趨勢確認｜高流動性,ALPHA 時機未明，先觀察,ALPHA 是短線/反轉補位，不可重倉。,BLOCK：超出本市場狀態可執行名額
1160,ALPHA,191,3,6120,TEST,58.0,25.0,WAIT,BLOCK,False,14.35,50以下,0.0,0,不可下單,ALPHA高流動性強勢延續｜成交量/成交金額優先｜突破/趨勢確認｜高流動性,ALPHA 時機未明，先觀察,ALPHA 是短線/反轉補位，不可重倉。,BLOCK：超出本市場狀態可執行名額
1161,ALPHA,192,3,6133,TEST,58.0,25.0,WAIT,BLOCK,False,29.6,50以下,0.0,0,不可下單,ALPHA高流動性強勢延續｜成交量/成交金額優先｜突破/趨勢確認｜高流動性,ALPHA 時機未明，先觀察,ALPHA 是短線/反轉補位，不可重倉。,BLOCK：超出本市場狀態可執行名額
1162,ALPHA,193,3,6139,TEST,58.0,25.0,WAIT,BLOCK,False,756.0,500-1000,0.0,0,不可下單,ALPHA高流動性強勢延續｜成交量/成交金額優先｜突破/趨勢確認｜高流動性,ALPHA 時機未明，先觀察,ALPHA 是短線/反轉補位，不可重倉。,BLOCK：超出本市場狀態可執行名額
1163,ALPHA,194,3,6164,TEST,58.0,25.0,WAIT,BLOCK,False,12.6,50以下,0.0,0,不可下單,ALPHA高流動性強勢延續｜成交量/成交金額優先｜突破/趨勢確認｜高流動性,ALPHA 時機未明，先觀察,ALPHA 是短線/反轉補位，不可重倉。,BLOCK：超出本市場狀態可執行名額
1164,ALPHA,195,3,6166,TEST,58.0,25.0,WAIT,BLOCK,False,133.0,100-500,0.0,0,不可下單,ALPHA高流動性強勢延續｜成交量/成交金額優先｜突破/趨勢確認｜高流動性,ALPHA 時機未明，先觀察,ALPHA 是短線/反轉補位，不可重倉。,BLOCK：超出本市場狀態可執行名額
1165,ALPHA,196,3,6196,TEST,58.0,25.0,WAIT,BLOCK,False,585.0,500-1000,0.0,0,不可下單,ALPHA高流動性強勢延續｜成交量/成交金額優先｜突破/趨勢確認｜高流動性,ALPHA 時機未明，先觀察,ALPHA 是短線/反轉補位，不可重倉。,BLOCK：超出本市場狀態可執行名額
1166,ALPHA,197,3,6443,TEST,58.0,25.0,WAIT,BLOCK,False,28.75,50以下,0.0,0,不可下單,ALPHA高流動性強勢延續｜成交量/成交金額優先｜突破/趨勢確認｜高流動性,ALPHA 時機未明，先觀察,ALPHA 是短線/反轉補位，不可重倉。,BLOCK：超出本市場狀態可執行名額
1167,ALPHA,198,3,6456,TEST,58.0,25.0,WAIT,BLOCK,False,92.0,50-100,0.0,0,不可下單,ALPHA高流動性強勢延續｜成交量/成交金額優先｜突破/趨勢確認｜高流動性,ALPHA 時機未明，先觀察,ALPHA 是短線/反轉補位，不可重倉。,BLOCK：超出本市場狀態可執行名額
1168,ALPHA,199,3,6505,TEST,58.0,25.0,WAIT,BLOCK,False,97.3,50-100,0.0,0,不可下單,ALPHA高流動性強勢延續｜成交量/成交金額優先｜突破/趨勢確認｜高流動性,ALPHA 時機未明，先觀察,ALPHA 是短線/反轉補位，不可重倉。,BLOCK：超出本市場狀態可執行名額
1169,ALPHA,200,3,6533,TEST,58.0,25.0,WAIT,BLOCK,False,333.5,100-500,0.0,0,不可下單,ALPHA高流動性強勢延續｜成交量/成交金額優先｜突破/趨勢確認｜高流動性,ALPHA 時機未明，先觀察,ALPHA 是短線/反轉補位，不可重倉。,BLOCK：超出本市場狀態可執行名額
1170,ALPHA,201,3,6552,TEST,58.0,25.0,WAIT,BLOCK,False,25.0,50以下,0.0,0,不可下單,ALPHA高流動性強勢延續｜成交量/成交金額優先｜突破/趨勢確認｜高流動性,ALPHA 時機未明，先觀察,ALPHA 是短線/反轉補位，不可重倉。,BLOCK：超出本市場狀態可執行名額
1171,ALPHA,202,3,6589,TEST,58.0,25.0,WAIT,BLOCK,False,53.4,50-100,0.0,0,不可下單,ALPHA高流動性強勢延續｜成交量/成交金額優先｜突破/趨勢確認｜高流動性,ALPHA 時機未明，先觀察,ALPHA 是短線/反轉補位，不可重倉。,BLOCK：超出本市場狀態可執行名額
1172,ALPHA,203,3,6672,TEST,58.0,25.0,WAIT,BLOCK,False,369.0,100-500,0.0,0,不可下單,ALPHA高流動性強勢延續｜成交量/成交金額優先｜突破/趨勢確認｜高流動性,ALPHA 時機未明，先觀察,ALPHA 是短線/反轉補位，不可重倉。,BLOCK：超出本市場狀態可執行名額
1173,ALPHA,204,3,6691,TEST,58.0,25.0,WAIT,BLOCK,False,719.0,500-1000,0.0,0,不可下單,ALPHA高流動性強勢延續｜成交量/成交金額優先｜突破/趨勢確認｜高流動性,ALPHA 時機未明，先觀察,ALPHA 是短線/反轉補位，不可重倉。,BLOCK：超出本市場狀態可執行名額
1174,ALPHA,205,3,6742,TEST,58.0,25.0,WAIT,BLOCK,False,56.3,50-100,0.0,0,不可下單,ALPHA高流動性強勢延續｜成交量/成交金額優先｜突破/趨勢確認｜高流動性,ALPHA 時機未明，先觀察,ALPHA 是短線/反轉補位，不可重倉。,BLOCK：超出本市場狀態可執行名額
1175,ALPHA,206,3,6799,TEST,58.0,25.0,WAIT,BLOCK,False,91.7,50-100,0.0,0,不可下單,ALPHA高流動性強勢延續｜成交量/成交金額優先｜突破/趨勢確認｜高流動性,PRE 條件未完整，僅保留觀察,ALPHA 是短線/反轉補位，不可重倉。,BLOCK：同股已由高優先桶接管
1176,ALPHA,207,3,6902,TEST,58.0,25.0,WAIT,BLOCK,False,159.0,100-500,0.0,0,不可下單,ALPHA高流動性強勢延續｜成交量/成交金額優先｜突破/趨勢確認｜高流動性,ALPHA 時機未明，先觀察,ALPHA 是短線/反轉補位，不可重倉。,BLOCK：超出本市場狀態可執行名額
1177,ALPHA,208,3,6933,TEST,58.0,25.0,WAIT,BLOCK,False,371.0,100-500,0.0,0,不可下單,ALPHA高流動性強勢延續｜成交量/成交金額優先｜突破/趨勢確認｜高流動性,ALPHA 時機未明，先觀察,ALPHA 是短線/反轉補位，不可重倉。,BLOCK：超出本市場狀態可執行名額
1178,ALPHA,209,3,8039,TEST,58.0,25.0,WAIT,BLOCK,False,300.5,100-500,0.0,0,不可下單,ALPHA高流動性強勢延續｜成交量/成交金額優先｜突破/趨勢確認｜高流動性,ALPHA 時機未明，先觀察,ALPHA 是短線/反轉補位，不可重倉。,BLOCK：超出本市場狀態可執行名額
1179,ALPHA,210,3,8046,TEST,58.0,25.0,WAIT,BLOCK,False,1340.0,1000以上,0.0,0,不可下單,ALPHA高流動性強勢延續｜成交量/成交金額優先｜突破/趨勢確認｜高流動性,ALPHA 時機未明，先觀察,ALPHA 是短線/反轉補位，不可重倉。,BLOCK：超出本市場狀態可執行名額
1180,ALPHA,211,3,8105,TEST,58.0,25.0,WAIT,BLOCK,False,16.35,50以下,0.0,0,不可下單,ALPHA高流動性強勢延續｜成交量/成交金額優先｜突破/趨勢確認｜高流動性,ALPHA 時機未明，先觀察,ALPHA 是短線/反轉補位，不可重倉。,BLOCK：超出本市場狀態可執行名額
1181,ALPHA,212,3,8150,TEST,58.0,25.0,WAIT,BLOCK,False,114.5,100-500,0.0,0,不可下單,ALPHA高流動性強勢延續｜成交量/成交金額優先｜突破/趨勢確認｜高流動性,ALPHA 時機未明，先觀察,ALPHA 是短線/反轉補位，不可重倉。,BLOCK：超出本市場狀態可執行名額
1182,ALPHA,213,3,8201,TEST,58.0,25.0,WAIT,BLOCK,False,16.05,50以下,0.0,0,不可下單,ALPHA高流動性強勢延續｜成交量/成交金額優先｜突破/趨勢確認｜高流動性,ALPHA 時機未明，先觀察,ALPHA 是短線/反轉補位，不可重倉。,BLOCK：超出本市場狀態可執行名額
1183,ALPHA,214,3,8438,TEST,58.0,25.0,WAIT,BLOCK,False,80.8,50-100,0.0,0,不可下單,ALPHA高流動性強勢延續｜成交量/成交金額優先｜突破/趨勢確認｜高流動性,ALPHA 時機未明，先觀察,ALPHA 是短線/反轉補位，不可重倉。,BLOCK：超出本市場狀態可執行名額
1184,ALPHA,215,3,8996,TEST,58.0,25.0,WAIT,BLOCK,False,1605.0,1000以上,0.0,0,不可下單,ALPHA高流動性強勢延續｜成交量/成交金額優先｜突破/趨勢確認｜高流動性,ALPHA 時機未明，先觀察,ALPHA 是短線/反轉補位，不可重倉。,BLOCK：超出本市場狀態可執行名額
1185,ALPHA,216,3,1560,TEST,58.0,15.0,WAIT,BLOCK,False,963.0,500-1000,0.0,0,不可下單,ALPHA高流動性強勢延續｜成交量/成交金額優先｜突破/趨勢確認｜高流動性,ALPHA 時機未明，先觀察,ALPHA 是短線/反轉補位，不可重倉。,BLOCK：超出本市場狀態可執行名額
1186,ALPHA,217,3,2316,TEST,58.0,15.0,WAIT,BLOCK,False,166.0,100-500,0.0,0,不可下單,ALPHA高流動性強勢延續｜成交量/成交金額優先｜突破/趨勢確認｜高流動性,ALPHA 時機未明，先觀察,ALPHA 是短線/反轉補位，不可重倉。,BLOCK：超出本市場狀態可執行名額
1187,ALPHA,218,3,2395,TEST,58.0,15.0,WAIT,BLOCK,False,726.0,500-1000,0.0,0,不可下單,ALPHA高流動性強勢延續｜成交量/成交金額優先｜突破/趨勢確認｜高流動性,CORE 尚未到理想進場點，等待突破或回檔,ALPHA 是短線/反轉補位，不可重倉。,BLOCK：同股已由高優先桶接管
1188,ALPHA,219,3,2493,TEST,58.0,15.0,WAIT,BLOCK,False,197.5,100-500,0.0,0,不可下單,ALPHA高流動性強勢延續｜成交量/成交金額優先｜突破/趨勢確認｜高流動性,ALPHA 時機未明，先觀察,ALPHA 是短線/反轉補位，不可重倉。,BLOCK：超出本市場狀態可執行名額
1189,ALPHA,220,3,2516,TEST,58.0,15.0,WAIT,BLOCK,False,15.35,50以下,0.0,0,不可下單,ALPHA高流動性強勢延續｜成交量/成交金額優先｜突破/趨勢確認｜高流動性,ALPHA 時機未明，先觀察,ALPHA 是短線/反轉補位，不可重倉。,BLOCK：超出本市場狀態可執行名額
1190,ALPHA,221,3,3037,TEST,58.0,15.0,WAIT,BLOCK,False,1175.0,1000以上,0.0,0,不可下單,ALPHA高流動性強勢延續｜成交量/成交金額優先｜突破/趨勢確認｜高流動性,ALPHA 時機未明，先觀察,ALPHA 是短線/反轉補位，不可重倉。,BLOCK：超出本市場狀態可執行名額
1191,ALPHA,222,3,3042,TEST,58.0,15.0,WAIT,BLOCK,False,210.0,100-500,0.0,0,不可下單,ALPHA高流動性強勢延續｜成交量/成交金額優先｜突破/趨勢確認｜高流動性,PRE 條件未完整，僅保留觀察,ALPHA 是短線/反轉補位，不可重倉。,BLOCK：同股已由高優先桶接管
1192,ALPHA,223,3,3543,TEST,58.0,15.0,WAIT,BLOCK,False,51.2,50-100,0.0,0,不可下單,ALPHA高流動性強勢延續｜成交量/成交金額優先｜突破/趨勢確認｜高流動性,PRE 條件未完整，僅保留觀察,ALPHA 是短線/反轉補位，不可重倉。,BLOCK：同股已由高優先桶接管
1193,ALPHA,224,3,4164,TEST,58.0,15.0,WAIT,BLOCK,False,27.35,50以下,0.0,0,不可下單,ALPHA高流動性強勢延續｜成交量/成交金額優先｜突破/趨勢確認｜高流動性,CORE 尚未到理想進場點，等待突破或回檔,ALPHA 是短線/反轉補位，不可重倉。,BLOCK：同股已由高優先桶接管
1194,ALPHA,225,3,6197,TEST,58.0,15.0,WAIT,BLOCK,False,326.0,100-500,0.0,0,不可下單,ALPHA高流動性強勢延續｜成交量/成交金額優先｜突破/趨勢確認｜高流動性,ALPHA 時機未明，先觀察,ALPHA 是短線/反轉補位，不可重倉。,BLOCK：超出本市場狀態可執行名額
1195,ALPHA,226,3,6405,TEST,58.0,15.0,WAIT,BLOCK,False,50.1,50-100,0.0,0,不可下單,ALPHA高流動性強勢延續｜成交量/成交金額優先｜突破/趨勢確認｜高流動性,ALPHA 時機未明，先觀察,ALPHA 是短線/反轉補位，不可重倉。,BLOCK：超出本市場狀態可執行名額
1196,ALPHA,227,3,6526,TEST,58.0,15.0,WAIT,BLOCK,False,840.0,500-1000,0.0,0,不可下單,ALPHA高流動性強勢延續｜成交量/成交金額優先｜突破/趨勢確認｜高流動性,ALPHA 時機未明，先觀察,ALPHA 是短線/反轉補位，不可重倉。,BLOCK：超出本市場狀態可執行名額
1197,ALPHA,228,3,6674,TEST,58.0,15.0,WAIT,BLOCK,False,18.25,50以下,0.0,0,不可下單,ALPHA高流動性強勢延續｜成交量/成交金額優先｜突破/趨勢確認｜高流動性,ALPHA 時機未明，先觀察,ALPHA 是短線/反轉補位，不可重倉。,BLOCK：超出本市場狀態可執行名額
1198,ALPHA,229,3,6869,TEST,58.0,15.0,WAIT,BLOCK,False,71.9,50-100,0.0,0,不可下單,ALPHA高流動性強勢延續｜成交量/成交金額優先｜突破/趨勢確認｜高流動性,ALPHA 時機未明，先觀察,ALPHA 是短線/反轉補位，不可重倉。,BLOCK：超出本市場狀態可執行名額
1199,ALPHA,230,3,6885,TEST,58.0,15.0,WAIT,BLOCK,False,32.0,50以下,0.0,0,不可下單,ALPHA高流動性強勢延續｜成交量/成交金額優先｜突破/趨勢確認｜高流動性,ALPHA 時機未明，先觀察,ALPHA 是短線/反轉補位，不可重倉。,BLOCK：超出本市場狀態可執行名額
1200,ALPHA,231,3,8021,TEST,58.0,15.0,WAIT,BLOCK,False,486.0,100-500,0.0,0,不可下單,ALPHA高流動性強勢延續｜成交量/成交金額優先｜突破/趨勢確認｜高流動性,ALPHA 時機未明，先觀察,ALPHA 是短線/反轉補位，不可重倉。,BLOCK：超出本市場狀態可執行名額
1201,ALPHA,232,3,3062,TEST,58.0,10.0,WAIT,BLOCK,False,22.9,50以下,0.0,0,不可下單,ALPHA高流動性強勢延續｜成交量/成交金額優先｜突破/趨勢確認｜高流動性,ALPHA 時機未明，先觀察,ALPHA 是短線/反轉補位，不可重倉。,BLOCK：超出本市場狀態可執行名額
1202,ALPHA,233,3,4956,TEST,58.0,10.0,WAIT,BLOCK,False,46.5,50以下,0.0,0,不可下單,ALPHA高流動性強勢延續｜成交量/成交金額優先｜突破/趨勢確認｜高流動性,ALPHA 時機未明，先觀察,ALPHA 是短線/反轉補位，不可重倉。,BLOCK：超出本市場狀態可執行名額
1203,ALPHA,234,3,8215,TEST,58.0,10.0,WAIT,BLOCK,False,29.65,50以下,0.0,0,不可下單,ALPHA高流動性強勢延續｜成交量/成交金額優先｜突破/趨勢確認｜高流動性,ALPHA 時機未明，先觀察,ALPHA 是短線/反轉補位，不可重倉。,BLOCK：超出本市場狀態可執行名額
1204,ALPHA,235,3,1325,TEST,58.0,5.0,PULLBACK,BLOCK,False,25.9,50以下,0.0,0,不可下單,ALPHA高流動性強勢延續｜成交量/成交金額優先｜突破/趨勢確認｜高流動性,回檔型：接近 MA20，適合分批低接,ALPHA 是短線/反轉補位，不可重倉。,BLOCK：同股已由高優先桶接管
1205,ALPHA,236,3,2105,TEST,58.0,5.0,PULLBACK,BLOCK,False,30.65,50以下,0.0,0,不可下單,ALPHA高流動性強勢延續｜成交量/成交金額優先｜突破/趨勢確認｜高流動性,回檔型：接近 MA20，適合分批低接,ALPHA 是短線/反轉補位，不可重倉。,BLOCK：同股已由高優先桶接管
1206,ALPHA,237,3,3563,TEST,58.0,0.0,WAIT,BLOCK,False,807.0,500-1000,0.0,0,不可下單,ALPHA高流動性強勢延續｜成交量/成交金額優先｜突破/趨勢確認｜高流動性,PRE 條件未完整，僅保留觀察,ALPHA 是短線/反轉補位，不可重倉。,BLOCK：同股已由高優先桶接管
1207,ALPHA,238,3,6278,TEST,58.0,0.0,WAIT,BLOCK,False,218.0,100-500,0.0,0,不可下單,ALPHA高流動性強勢延續｜成交量/成交金額優先｜突破/趨勢確認｜高流動性,PRE 條件未完整，僅保留觀察,ALPHA 是短線/反轉補位，不可重倉。,BLOCK：同股已由高優先桶接管
1208,ALPHA,239,3,8028,TEST,58.0,0.0,WAIT,BLOCK,False,282.5,100-500,0.0,0,不可下單,ALPHA高流動性強勢延續｜成交量/成交金額優先｜突破/趨勢確認｜高流動性,PRE 條件未完整，僅保留觀察,ALPHA 是短線/反轉補位，不可重倉。,BLOCK：同股已由高優先桶接管
1209,ALPHA,240,3,8131,TEST,58.0,0.0,PULLBACK,BLOCK,False,62.6,50-100,0.0,0,不可下單,ALPHA高流動性強勢延續｜成交量/成交金額優先｜突破/趨勢確認｜高流動性,回檔型：接近 MA20，適合分批低接,ALPHA 是短線/反轉補位，不可重倉。,BLOCK：同股已由高優先桶接管
