return,sharpe,mdd
0.028985280174437467,3.396448396379436,-0.005930609607678106
