days,avg_count,avg_ret,win_rate
48,7.729166666666667,-0.004238605928166334,0.375
