date,stock_id,action,pre_score,close,price_tier,target_weight,suggested_amount,setup_type,signal_tags,vol_squeeze,quiet_accumulation,shakeout,ma_compress,volume_absorb,near_breakout,structure_pre_score,structure_pre_grade,structure_pre_type,structure_pre_reason,structure_pre_hint,structure_pre_patch_version,adjusted_signal_score,adjusted_signal_note,structure_rank,continuation_quality_score,continuation_quality_grade,continuation_quality_type,continuation_quality_reason,continuation_quality_hint,continuation_quality_patch_version,adjusted_signal_score_v26657_7,structure_weight_v26657_7,continuation_weight_v26657_7,strategy_bucket_v26657_7,adjusted_signal_note_v26657_7,structure_rank_v26657_7,ignition_power_score,ignition_power_grade,ignition_power_type,ignition_power_reason,ignition_power_hint,ignition_power_patch_version,strategy_bucket_v26657_9,structure_weight_v26657_9,continuation_weight_v26657_9,ignition_power_weight_v26657_9,adjusted_signal_score_v26657_9,structure_rank_v26657_9,adjusted_signal_note_v26657_9,chip_score,chip_reason,chip_signal,chip_adjusted_score_v26658,chip_patch_version,chip_updated_at,state_today_v26660,state_rank_today_v26660,state_transition_score_v26660,state_transition_label_v26660,state_transition_reason_v26660,ignition_upgrade_flag_v26660,state_patch_version,state_adjusted_score_v26660,absorption_score_v26661,upgrade_persistence_score_v26661,pre_ignition_score_v26661,overheated_penalty_v26661,ts_leader_score_v26661,ts_leader_rank_v26661,ts_leader_reason_v26661,ts_leader_grade_v26661,ts_leader_patch_version,ts_leader_updated_at,trigger_event_score_v26662,trigger_event_reason_v26662,trigger_event_label_v26662,trigger_action_hint_v26662,trigger_adjusted_score_v26662,trigger_rank_v26662,trigger_patch_version,trigger_updated_at,compression_score_v26668,first_volume_trigger_v26668,accumulation_score_v26668,fake_breakout_risk_v26668,ignition_score_v26668,ignition_reason_v26668,ignition_patch_version,ignition_updated_at,ignition_phase_v26668,ignition_hint_v26668,ignition_suggested_mode_v26668,ignition_rank_v26668
2026-09-30,6695,TEST,68,55.0,50-100,0.005,5000,佈局高機率,安靜吸籌 | 均線收斂 | 放量吸收 | 接近突破 | 結構尚可,False,True,False,True,True,True,11.6,A,起漲結構強,20D站上MA20｜MA20走平翻揚｜MA5站上MA10｜接近20日高｜40D平台收斂｜短中均線糾結｜40D低點守住｜接近/站回MA60｜站回60D區間中上｜5D動能轉正｜10D動能轉正,平台壓縮後轉強，可優先觀察起漲/試單。,v266.57.9,11.6,無原分數欄位｜僅顯示結構前置分數,97.0,7.7,A,續強品質強,回檔不破前低｜低點墊高確認｜收盤守MA5｜續強確認：收盤未跌破MA5｜MA5仍在MA10上｜仍站MA20｜10D動能維持｜扣分:接近20日高且短線過熱,回檔承接尚可，若原策略入選，可優先觀察延續。,v266.57.9,9.23,0.55,0.5,GENERIC,測試排序分=原分數+結構前置分*策略權重+續強品質*策略權重；不覆蓋原策略,161.0,3.5,C,突破觀察,突破近5日高｜MA5加速上彎｜短均多頭,有轉強跡象，但突破品質尚未完全成立。,v266.57.9,TEST,0.8,0.5,0.9,16.28,31.0,最後後處理補寫：原分數+結構前置+續強品質+突破品質；不覆蓋原策略,0.0,,一般,13.35,v266.58.1,2026-10-01 01:22:38,突破中,4,17,準IGNITION,前狀態:突破中→今日:突破中｜強狀態維持｜連續升級｜強狀態連續維持｜具備點火條件,READY,v266.60.2,19.3,30.0,32.0,0.0,15.0,14.792,401.0,20/40/60結構佳｜續強品質佳｜主力佈局語意｜狀態升級強｜具升級旗標｜升級標籤｜風險語意扣分,過熱降權,v266.61,2026-10-01 01:22:44,24.0,洗盤不破承接｜狀態升級觸發｜狀態轉移轉強,準點火事件,具備起漲條件，可放入TEST/準IGNITION觀察。,20.71,69,v266.62,2026-10-01 01:22:46,24.0,0.0,40.0,0.0,2.56,量能安靜｜洗盤整理不破｜主力吸籌文字確認｜狀態轉移剛加速｜狀態剛升級,v266.68,2026-10-01 01:22:50,NOISE,雜訊：條件不足。,WATCH,1
2026-09-30,5469,TEST,66,74.0,50-100,0.005,5000,佈局高機率,波動壓縮 | 安靜吸籌 | 均線收斂 | 接近突破,True,True,False,True,False,True,12.0,A,起漲結構強,20D站上MA20｜MA5站上MA10｜接近20日高｜40D平台收斂｜短中均線糾結｜40D低點守住｜接近/站回MA60｜近5日量縮｜量縮後溫和放量｜5D動能轉正｜10D動能轉正,平台壓縮後轉強，可優先觀察起漲/試單。,v266.57.9,12.0,無原分數欄位｜僅顯示結構前置分數,1.0,10.0,A,續強品質強,回檔不破前低｜低點墊高確認｜收盤守MA5｜續強確認：收盤未跌破MA5｜回檔量縮｜MA5仍在MA10上｜仍站MA20｜10D動能維持,回檔承接尚可，若原策略入選，可優先觀察延續。,v266.57.9,10.7,0.55,0.5,GENERIC,測試排序分=原分數+結構前置分*策略權重+續強品質*策略權重；不覆蓋原策略,1.0,3.5,C,突破觀察,量能較前日放大｜突破近5日高｜短均多頭,有轉強跡象，但突破品質尚未完全成立。,v266.57.9,TEST,0.8,0.5,0.9,17.75,22.0,最後後處理補寫：原分數+結構前置+續強品質+突破品質；不覆蓋原策略,0.0,,一般,14.555,v266.58.1,2026-10-01 01:22:38,突破中,4,13,準IGNITION,前狀態:觀察→今日:突破中｜狀態跳升｜具備點火條件,READY,v266.60.2,19.105,30.0,32.0,0.0,0.0,21.143,139.0,20/40/60結構佳｜續強品質佳｜主力佈局語意｜狀態升級強｜具升級旗標｜升級標籤,高優先準點火,v266.61,2026-10-01 01:22:44,24.0,洗盤不破承接｜狀態升級觸發｜狀態轉移轉強,準點火事件,具備起漲條件，可放入TEST/準IGNITION觀察。,20.574,72,v266.62,2026-10-01 01:22:46,24.0,0.0,40.0,0.0,2.56,量能安靜｜洗盤整理不破｜主力吸籌文字確認｜狀態轉移剛加速｜狀態剛升級,v266.68,2026-10-01 01:22:50,NOISE,雜訊：條件不足。,WATCH,2
2026-09-30,2007,TEST,68,7.0,50以下,0.005,5000,佈局高機率,安靜吸籌 | 均線收斂 | 放量吸收 | 接近突破 | 結構尚可,False,True,False,True,True,True,10.6,A,起漲結構強,20D站上MA20｜MA5站上MA10｜接近20日高｜40D平台收斂｜短中均線糾結｜接近/站回MA60｜量縮後溫和放量｜5D動能轉正｜10D動能轉正,平台壓縮後轉強，可優先觀察起漲/試單。,v266.57.9,10.6,無原分數欄位｜僅顯示結構前置分數,215.0,8.7,A,續強品質強,回檔不破前低｜低點墊高確認｜收盤守MA5｜續強確認：收盤未跌破MA5｜MA5仍在MA10上｜仍站MA20｜10D動能維持,回檔承接尚可，若原策略入選，可優先觀察延續。,v266.57.9,9.18,0.55,0.5,GENERIC,測試排序分=原分數+結構前置分*策略權重+續強品質*策略權重；不覆蓋原策略,165.0,3.5,C,突破觀察,突破近5日高｜MA5加速上彎｜短均多頭,有轉強跡象，但突破品質尚未完全成立。,v266.57.9,TEST,0.8,0.5,0.9,15.98,34.0,最後後處理補寫：原分數+結構前置+續強品質+突破品質；不覆蓋原策略,0.0,,一般,13.104,v266.58.1,2026-10-01 01:22:38,突破中,4,17,準IGNITION,前狀態:突破中→今日:突破中｜強狀態維持｜連續升級｜強狀態連續維持｜具備點火條件,READY,v266.60.2,19.054,30.0,32.0,0.0,0.0,21.068,147.0,20/40/60結構佳｜續強品質佳｜主力佈局語意｜狀態升級強｜具升級旗標｜升級標籤,高優先準點火,v266.61,2026-10-01 01:22:44,24.0,洗盤不破承接｜狀態升級觸發｜狀態轉移轉強,準點火事件,具備起漲條件，可放入TEST/準IGNITION觀察。,20.538,74,v266.62,2026-10-01 01:22:46,24.0,0.0,40.0,0.0,2.56,量能安靜｜洗盤整理不破｜主力吸籌文字確認｜狀態轉移剛加速｜狀態剛升級,v266.68,2026-10-01 01:22:50,NOISE,雜訊：條件不足。,WATCH,3
2026-09-30,1614,TEST,72,31.15,50以下,0.005,5000,佈局高機率,波動壓縮 | 安靜吸籌 | 均線收斂 | 接近突破 | 結構尚可,True,True,False,True,False,True,12.0,A,起漲結構強,20D站上MA20｜MA20走平翻揚｜MA5站上MA10｜接近20日高｜40D平台收斂｜短中均線糾結｜40D低點守住｜接近/站回MA60｜MA60不再下彎｜量縮後溫和放量｜10D動能轉正,平台壓縮後轉強，可優先觀察起漲/試單。,v266.57.9,12.0,無原分數欄位｜僅顯示結構前置分數,1.0,8.7,A,續強品質強,回檔不破前低｜低點墊高確認｜收盤守MA5｜續強確認：收盤未跌破MA5｜MA5仍在MA10上｜仍站MA20｜10D動能維持,回檔承接尚可，若原策略入選，可優先觀察延續。,v266.57.9,9.95,0.55,0.5,GENERIC,測試排序分=原分數+結構前置分*策略權重+續強品質*策略權重；不覆蓋原策略,51.0,3.8,C,突破觀察,紅K實體放大｜收盤接近高點｜短均多頭,有轉強跡象，但突破品質尚未完全成立。,v266.57.9,TEST,0.8,0.5,0.9,17.37,25.0,最後後處理補寫：原分數+結構前置+續強品質+突破品質；不覆蓋原策略,0.0,,一般,14.243,v266.58.1,2026-10-01 01:22:38,突破中,4,13,準IGNITION,前狀態:觀察→今日:突破中｜狀態跳升｜具備點火條件,READY,v266.60.2,18.793,30.0,32.0,0.0,0.0,21.112,144.0,20/40/60結構佳｜續強品質佳｜主力佈局語意｜狀態升級強｜具升級旗標｜升級標籤,高優先準點火,v266.61,2026-10-01 01:22:44,24.0,洗盤不破承接｜狀態升級觸發｜狀態轉移轉強,準點火事件,具備起漲條件，可放入TEST/準IGNITION觀察。,20.355,80,v266.62,2026-10-01 01:22:46,24.0,0.0,40.0,0.0,2.56,量能安靜｜洗盤整理不破｜主力吸籌文字確認｜狀態轉移剛加速｜狀態剛升級,v266.68,2026-10-01 01:22:50,NOISE,雜訊：條件不足。,WATCH,4
2026-09-30,6491,TEST,72,413.0,100-500,0.005,5000,佈局高機率,波動壓縮 | 安靜吸籌 | 均線收斂 | 接近突破 | 結構尚可,True,True,False,True,False,True,12.0,A,起漲結構強,20D站上MA20｜MA20走平翻揚｜MA5站上MA10｜接近20日高｜40D平台收斂｜短中均線糾結｜40D低點守住｜接近/站回MA60｜MA60不再下彎｜站回60D區間中上｜近5日量縮｜量縮後溫和放量｜5D動能轉正｜10D動能轉正,平台壓縮後轉強，可優先觀察起漲/試單。,v266.57.9,12.0,無原分數欄位｜僅顯示結構前置分數,1.0,10.0,A,續強品質強,回檔不破前低｜低點墊高確認｜收盤守MA5｜續強確認：收盤未跌破MA5｜回檔量縮｜MA5仍在MA10上｜仍站MA20｜10D動能維持,回檔承接尚可，若原策略入選，可優先觀察延續。,v266.57.9,9.95,0.55,0.5,GENERIC,測試排序分=原分數+結構前置分*策略權重+續強品質*策略權重；不覆蓋原策略,51.0,3.5,C,突破觀察,量能較前日放大｜突破近5日高｜短均多頭,有轉強跡象，但突破品質尚未完全成立。,v266.57.9,TEST,0.8,0.5,0.9,17.75,22.0,最後後處理補寫：原分數+結構前置+續強品質+突破品質；不覆蓋原策略,0.0,,一般,14.555,v266.58.1,2026-10-01 01:22:38,突破中,4,12,準IGNITION,前狀態:突破中→今日:突破中｜強狀態維持｜強狀態連續維持｜具備點火條件,READY,v266.60.2,18.755,30.0,32.0,0.0,0.0,21.126,142.0,20/40/60結構佳｜續強品質佳｜主力佈局語意｜狀態升級強｜具升級旗標｜升級標籤,高優先準點火,v266.61,2026-10-01 01:22:44,24.0,洗盤不破承接｜狀態升級觸發｜狀態轉移轉強,準點火事件,具備起漲條件，可放入TEST/準IGNITION觀察。,20.328,81,v266.62,2026-10-01 01:22:46,24.0,0.0,40.0,0.0,2.56,量能安靜｜洗盤整理不破｜主力吸籌文字確認｜狀態轉移剛加速｜狀態剛升級,v266.68,2026-10-01 01:22:50,NOISE,雜訊：條件不足。,WATCH,5
2026-09-30,3545,TEST,72,51.8,50-100,0.005,5000,佈局高機率,波動壓縮 | 安靜吸籌 | 均線收斂 | 接近突破 | 結構尚可,True,True,False,True,False,True,12.0,A,起漲結構強,20D站上MA20｜MA20走平翻揚｜MA5站上MA10｜接近20日高｜40D平台收斂｜短中均線糾結｜40D低點守住｜接近/站回MA60｜站回60D區間中上｜量縮後溫和放量｜5D動能轉正｜10D動能轉正,平台壓縮後轉強，可優先觀察起漲/試單。,v266.57.9,12.0,無原分數欄位｜僅顯示結構前置分數,1.0,10.0,A,續強品質強,回檔不破前低｜低點墊高確認｜收盤守MA5｜續強確認：收盤未跌破MA5｜回檔量縮｜MA5仍在MA10上｜仍站MA20｜10D動能維持,回檔承接尚可，若原策略入選，可優先觀察延續。,v266.57.9,10.7,0.55,0.5,GENERIC,測試排序分=原分數+結構前置分*策略權重+續強品質*策略權重；不覆蓋原策略,1.0,3.5,C,突破觀察,收盤接近高點｜量能較前日放大｜短均多頭,有轉強跡象，但突破品質尚未完全成立。,v266.57.9,TEST,0.8,0.5,0.9,17.75,22.0,最後後處理補寫：原分數+結構前置+續強品質+突破品質；不覆蓋原策略,0.0,,一般,14.555,v266.58.1,2026-10-01 01:22:38,突破中,4,12,準IGNITION,前狀態:突破中→今日:突破中｜強狀態維持｜強狀態連續維持｜具備點火條件,READY,v266.60.2,18.755,30.0,32.0,0.0,0.0,21.126,142.0,20/40/60結構佳｜續強品質佳｜主力佈局語意｜狀態升級強｜具升級旗標｜升級標籤,高優先準點火,v266.61,2026-10-01 01:22:44,24.0,洗盤不破承接｜狀態升級觸發｜狀態轉移轉強,準點火事件,具備起漲條件，可放入TEST/準IGNITION觀察。,20.328,82,v266.62,2026-10-01 01:22:46,24.0,0.0,40.0,0.0,2.56,量能安靜｜洗盤整理不破｜主力吸籌文字確認｜狀態轉移剛加速｜狀態剛升級,v266.68,2026-10-01 01:22:50,NOISE,雜訊：條件不足。,WATCH,6
2026-09-30,4557,TEST,72,50.3,50-100,0.005,5000,佈局高機率,波動壓縮 | 安靜吸籌 | 均線收斂 | 接近突破 | 結構尚可,True,True,False,True,False,True,11.8,A,起漲結構強,20D站上MA20｜MA5站上MA10｜接近20日高｜40D平台收斂｜短中均線糾結｜40D低點守住｜接近/站回MA60｜MA60不再下彎｜量縮後溫和放量｜5D動能轉正,平台壓縮後轉強，可優先觀察起漲/試單。,v266.57.9,11.8,無原分數欄位｜僅顯示結構前置分數,85.0,7.7,A,續強品質強,回檔不破前低｜低點墊高確認｜收盤守MA5｜續強確認：收盤未跌破MA5｜MA5仍在MA10上｜仍站MA20,回檔承接尚可，若原策略入選，可優先觀察延續。,v266.57.9,9.34,0.55,0.5,GENERIC,測試排序分=原分數+結構前置分*策略權重+續強品質*策略權重；不覆蓋原策略,157.0,3.7,C,突破觀察,量能較前日放大｜突破近5日高｜MA5加速上彎｜短均多頭｜扣分:收盤位置偏弱,有轉強跡象，但突破品質尚未完全成立。,v266.57.9,TEST,0.8,0.5,0.9,16.62,28.0,最後後處理補寫：原分數+結構前置+續強品質+突破品質；不覆蓋原策略,0.0,,一般,13.628,v266.58.1,2026-10-01 01:22:38,突破中,4,13,準IGNITION,前狀態:觀察→今日:突破中｜狀態跳升｜具備點火條件,READY,v266.60.2,18.178,30.0,32.0,0.0,0.0,21.05,148.0,20/40/60結構佳｜續強品質佳｜主力佈局語意｜狀態升級強｜具升級旗標｜升級標籤,高優先準點火,v266.61,2026-10-01 01:22:44,24.0,洗盤不破承接｜狀態升級觸發｜狀態轉移轉強,準點火事件,具備起漲條件，可放入TEST/準IGNITION觀察。,19.925,102,v266.62,2026-10-01 01:22:46,24.0,0.0,40.0,0.0,2.56,量能安靜｜洗盤整理不破｜主力吸籌文字確認｜狀態轉移剛加速｜狀態剛升級,v266.68,2026-10-01 01:22:50,NOISE,雜訊：條件不足。,WATCH,7
2026-09-30,6183,TEST,72,91.8,50-100,0.005,5000,佈局高機率,波動壓縮 | 安靜吸籌 | 均線收斂 | 接近突破 | 結構尚可,True,True,False,True,False,True,12.0,A,起漲結構強,20D站上MA20｜MA5站上MA10｜接近20日高｜40D平台收斂｜短中均線糾結｜40D低點守住｜接近/站回MA60｜MA60不再下彎｜站回60D區間中上｜量縮後溫和放量｜5D動能轉正,平台壓縮後轉強，可優先觀察起漲/試單。,v266.57.9,12.0,無原分數欄位｜僅顯示結構前置分數,1.0,7.7,A,續強品質強,回檔不破前低｜低點墊高確認｜收盤守MA5｜續強確認：收盤未跌破MA5｜MA5仍在MA10上｜仍站MA20,回檔承接尚可，若原策略入選，可優先觀察延續。,v266.57.9,9.45,0.55,0.5,GENERIC,測試排序分=原分數+結構前置分*策略權重+續強品質*策略權重；不覆蓋原策略,143.0,3.5,C,突破觀察,收盤接近高點｜MA5加速上彎｜短均多頭,有轉強跡象，但突破品質尚未完全成立。,v266.57.9,TEST,0.8,0.5,0.9,16.6,29.0,最後後處理補寫：原分數+結構前置+續強品質+突破品質；不覆蓋原策略,0.0,,一般,13.612,v266.58.1,2026-10-01 01:22:38,突破中,4,13,準IGNITION,前狀態:觀察→今日:突破中｜狀態跳升｜具備點火條件,READY,v266.60.2,18.162,30.0,32.0,0.0,0.0,21.049,150.0,20/40/60結構佳｜續強品質佳｜主力佈局語意｜狀態升級強｜具升級旗標｜升級標籤,高優先準點火,v266.61,2026-10-01 01:22:44,24.0,洗盤不破承接｜狀態升級觸發｜狀態轉移轉強,準點火事件,具備起漲條件，可放入TEST/準IGNITION觀察。,19.913,104,v266.62,2026-10-01 01:22:46,24.0,0.0,40.0,0.0,2.56,量能安靜｜洗盤整理不破｜主力吸籌文字確認｜狀態轉移剛加速｜狀態剛升級,v266.68,2026-10-01 01:22:50,NOISE,雜訊：條件不足。,WATCH,8
2026-09-30,2496,TEST,66,55.0,50-100,0.005,5000,佈局高機率,波動壓縮 | 安靜吸籌 | 均線收斂 | 接近突破,True,True,False,True,False,True,11.6,A,起漲結構強,20D站上MA20｜MA20走平翻揚｜MA5站上MA10｜接近20日高｜40D平台收斂｜短中均線糾結｜40D低點守住｜量縮後溫和放量｜5D動能轉正｜10D動能轉正,平台壓縮後轉強，可優先觀察起漲/試單。,v266.57.9,11.6,無原分數欄位｜僅顯示結構前置分數,97.0,8.7,A,續強品質強,回檔不破前低｜低點墊高確認｜收盤守MA5｜續強確認：收盤未跌破MA5｜MA5仍在MA10上｜仍站MA20｜10D動能維持,回檔承接尚可，若原策略入選，可優先觀察延續。,v266.57.9,9.73,0.55,0.5,GENERIC,測試排序分=原分數+結構前置分*策略權重+續強品質*策略權重；不覆蓋原策略,102.0,3.2,C,突破觀察,量能較前日放大｜MA5加速上彎｜短均多頭,有轉強跡象，但突破品質尚未完全成立。,v266.57.9,TEST,0.8,0.5,0.9,16.51,30.0,最後後處理補寫：原分數+結構前置+續強品質+突破品質；不覆蓋原策略,0.0,,一般,13.538,v266.58.1,2026-10-01 01:22:38,突破中,4,13,準IGNITION,前狀態:觀察→今日:突破中｜狀態跳升｜具備點火條件,READY,v266.60.2,18.088,30.0,32.0,0.0,0.0,21.041,152.0,20/40/60結構佳｜續強品質佳｜主力佈局語意｜狀態升級強｜具升級旗標｜升級標籤,高優先準點火,v266.61,2026-10-01 01:22:44,24.0,洗盤不破承接｜狀態升級觸發｜狀態轉移轉強,準點火事件,具備起漲條件，可放入TEST/準IGNITION觀察。,19.862,106,v266.62,2026-10-01 01:22:46,24.0,0.0,40.0,0.0,2.56,量能安靜｜洗盤整理不破｜主力吸籌文字確認｜狀態轉移剛加速｜狀態剛升級,v266.68,2026-10-01 01:22:50,NOISE,雜訊：條件不足。,WATCH,9
2026-09-30,2482,TEST,72,16.45,50以下,0.005,5000,佈局高機率,波動壓縮 | 安靜吸籌 | 均線收斂 | 接近突破 | 結構尚可,True,True,False,True,False,True,12.0,A,起漲結構強,20D站上MA20｜MA20走平翻揚｜MA5站上MA10｜接近20日高｜40D平台收斂｜短中均線糾結｜40D低點守住｜接近/站回MA60｜量縮後溫和放量｜5D動能轉正｜10D動能轉正,平台壓縮後轉強，可優先觀察起漲/試單。,v266.57.9,10.6,無原分數欄位｜僅顯示結構前置分數,215.0,8.7,A,續強品質強,回檔不破前低｜低點墊高確認｜收盤守MA5｜續強確認：收盤未跌破MA5｜MA5仍在MA10上｜仍站MA20｜10D動能維持,回檔承接尚可，若原策略入選，可優先觀察延續。,v266.57.9,8.43,0.55,0.5,GENERIC,測試排序分=原分數+結構前置分*策略權重+續強品質*策略權重；不覆蓋原策略,305.0,3.2,C,突破觀察,量能較前日放大｜MA5加速上彎｜短均多頭,有轉強跡象，但突破品質尚未完全成立。,v266.57.9,TEST,0.8,0.5,0.9,16.83,26.0,最後後處理補寫：原分數+結構前置+續強品質+突破品質；不覆蓋原策略,0.0,,一般,13.801,v266.58.1,2026-10-01 01:22:38,突破中,4,12,準IGNITION,前狀態:突破中→今日:突破中｜強狀態維持｜強狀態連續維持｜具備點火條件,READY,v266.60.2,18.001,30.0,32.0,0.0,0.0,21.05,148.0,20/40/60結構佳｜續強品質佳｜主力佈局語意｜狀態升級強｜具升級旗標｜升級標籤,高優先準點火,v266.61,2026-10-01 01:22:44,24.0,洗盤不破承接｜狀態升級觸發｜狀態轉移轉強,準點火事件,具備起漲條件，可放入TEST/準IGNITION觀察。,19.801,108,v266.62,2026-10-01 01:22:46,24.0,0.0,40.0,0.0,2.56,量能安靜｜洗盤整理不破｜主力吸籌文字確認｜狀態轉移剛加速｜狀態剛升級,v266.68,2026-10-01 01:22:50,NOISE,雜訊：條件不足。,WATCH,10
2026-09-30,2012,TEST,72,14.4,50以下,0.005,5000,佈局高機率,波動壓縮 | 安靜吸籌 | 均線收斂 | 接近突破 | 結構尚可,True,True,False,True,False,True,10.6,A,起漲結構強,20D站上MA20｜MA5站上MA10｜接近20日高｜40D平台收斂｜短中均線糾結｜近5日量縮｜量縮後溫和放量｜5D動能轉正｜10D動能轉正,平台壓縮後轉強，可優先觀察起漲/試單。,v266.57.9,10.6,無原分數欄位｜僅顯示結構前置分數,215.0,10.0,A,續強品質強,回檔不破前低｜低點墊高確認｜收盤守MA5｜續強確認：收盤未跌破MA5｜回檔量縮｜MA5仍在MA10上｜仍站MA20｜10D動能維持,回檔承接尚可，若原策略入選，可優先觀察延續。,v266.57.9,9.93,0.55,0.5,GENERIC,測試排序分=原分數+結構前置分*策略權重+續強品質*策略權重；不覆蓋原策略,94.0,3.5,C,突破觀察,突破近5日高｜MA5加速上彎｜短均多頭,有轉強跡象，但突破品質尚未完全成立。,v266.57.9,TEST,0.8,0.5,0.9,16.63,27.0,最後後處理補寫：原分數+結構前置+續強品質+突破品質；不覆蓋原策略,0.0,,一般,13.637,v266.58.1,2026-10-01 01:22:38,突破中,4,12,準IGNITION,前狀態:突破中→今日:突破中｜強狀態維持｜強狀態連續維持｜具備點火條件,READY,v266.60.2,17.837,30.0,32.0,0.0,0.0,21.034,153.0,20/40/60結構佳｜續強品質佳｜主力佈局語意｜狀態升級強｜具升級旗標｜升級標籤,高優先準點火,v266.61,2026-10-01 01:22:44,24.0,洗盤不破承接｜狀態升級觸發｜狀態轉移轉強,準點火事件,具備起漲條件，可放入TEST/準IGNITION觀察。,19.686,112,v266.62,2026-10-01 01:22:46,24.0,0.0,40.0,0.0,2.56,量能安靜｜洗盤整理不破｜主力吸籌文字確認｜狀態轉移剛加速｜狀態剛升級,v266.68,2026-10-01 01:22:50,NOISE,雜訊：條件不足。,WATCH,11
2026-09-30,5013,TEST,72,38.75,50以下,0.005,5000,佈局高機率,波動壓縮 | 安靜吸籌 | 均線收斂 | 接近突破 | 結構尚可,True,True,False,True,False,True,11.0,A,起漲結構強,20D站上MA20｜MA20走平翻揚｜MA5站上MA10｜接近20日高｜40D平台收斂｜短中均線糾結｜40D低點守住｜接近/站回MA60｜MA60不再下彎｜站回60D區間中上,平台壓縮後轉強，可優先觀察起漲/試單。,v266.57.9,11.0,無原分數欄位｜僅顯示結構前置分數,137.0,7.7,A,續強品質強,回檔不破前低｜低點墊高確認｜收盤守MA5｜續強確認：收盤未跌破MA5｜MA5仍在MA10上｜仍站MA20,回檔承接尚可，若原策略入選，可優先觀察延續。,v266.57.9,8.9,0.55,0.5,GENERIC,測試排序分=原分數+結構前置分*策略權重+續強品質*策略權重；不覆蓋原策略,216.0,3.8,C,突破觀察,收盤接近高點｜突破近5日高｜短均多頭,有轉強跡象，但突破品質尚未完全成立。,v266.57.9,TEST,0.8,0.5,0.9,16.07,32.0,最後後處理補寫：原分數+結構前置+續強品質+突破品質；不覆蓋原策略,0.0,,一般,13.177,v266.58.1,2026-10-01 01:22:38,突破中,4,12,準IGNITION,前狀態:突破中→今日:突破中｜強狀態維持｜強狀態連續維持｜具備點火條件,READY,v266.60.2,17.377,30.0,32.0,0.0,0.0,20.988,156.0,20/40/60結構佳｜續強品質佳｜主力佈局語意｜狀態升級強｜具升級旗標｜升級標籤,高優先準點火,v266.61,2026-10-01 01:22:44,24.0,洗盤不破承接｜狀態升級觸發｜狀態轉移轉強,準點火事件,具備起漲條件，可放入TEST/準IGNITION觀察。,19.364,123,v266.62,2026-10-01 01:22:46,24.0,0.0,40.0,0.0,2.56,量能安靜｜洗盤整理不破｜主力吸籌文字確認｜狀態轉移剛加速｜狀態剛升級,v266.68,2026-10-01 01:22:50,NOISE,雜訊：條件不足。,WATCH,12
2026-09-30,1595,TEST,72,85.3,50-100,0.005,5000,佈局高機率,波動壓縮 | 安靜吸籌 | 均線收斂 | 接近突破 | 結構尚可,True,True,False,True,False,True,11.0,A,起漲結構強,20D站上MA20｜MA20走平翻揚｜MA5站上MA10｜接近20日高｜40D平台收斂｜短中均線糾結｜40D低點守住｜接近/站回MA60｜MA60不再下彎｜站回60D區間中上,平台壓縮後轉強，可優先觀察起漲/試單。,v266.57.9,11.0,無原分數欄位｜僅顯示結構前置分數,137.0,7.7,A,續強品質強,回檔不破前低｜低點墊高確認｜收盤守MA5｜續強確認：收盤未跌破MA5｜MA5仍在MA10上｜仍站MA20,回檔承接尚可，若原策略入選，可優先觀察延續。,v266.57.9,8.9,0.55,0.5,GENERIC,測試排序分=原分數+結構前置分*策略權重+續強品質*策略權重；不覆蓋原策略,216.0,3.8,C,突破觀察,收盤接近高點｜突破近5日高｜短均多頭,有轉強跡象，但突破品質尚未完全成立。,v266.57.9,TEST,0.8,0.5,0.9,16.07,32.0,最後後處理補寫：原分數+結構前置+續強品質+突破品質；不覆蓋原策略,0.0,,一般,13.177,v266.58.1,2026-10-01 01:22:38,突破中,4,12,準IGNITION,前狀態:突破中→今日:突破中｜強狀態維持｜強狀態連續維持｜具備點火條件,READY,v266.60.2,17.377,30.0,32.0,0.0,0.0,20.988,156.0,20/40/60結構佳｜續強品質佳｜主力佈局語意｜狀態升級強｜具升級旗標｜升級標籤,高優先準點火,v266.61,2026-10-01 01:22:44,24.0,洗盤不破承接｜狀態升級觸發｜狀態轉移轉強,準點火事件,具備起漲條件，可放入TEST/準IGNITION觀察。,19.364,124,v266.62,2026-10-01 01:22:46,24.0,0.0,40.0,0.0,2.56,量能安靜｜洗盤整理不破｜主力吸籌文字確認｜狀態轉移剛加速｜狀態剛升級,v266.68,2026-10-01 01:22:50,NOISE,雜訊：條件不足。,WATCH,13
2026-09-30,2405,TEST,66,15.25,50以下,0.005,5000,佈局高機率,波動壓縮 | 安靜吸籌 | 均線收斂 | 接近突破,True,True,False,True,False,True,11.6,A,起漲結構強,20D站上MA20｜MA5站上MA10｜接近20日高｜40D平台收斂｜短中均線糾結｜40D低點守住｜接近/站回MA60｜量縮後溫和放量｜5D動能轉正｜10D動能轉正,平台壓縮後轉強，可優先觀察起漲/試單。,v266.57.9,9.6,無原分數欄位｜僅顯示結構前置分數,365.0,8.7,A,續強品質強,回檔不破前低｜低點墊高確認｜收盤守MA5｜續強確認：收盤未跌破MA5｜MA5仍在MA10上｜仍站MA20｜10D動能維持,回檔承接尚可，若原策略入選，可優先觀察延續。,v266.57.9,7.88,0.55,0.5,GENERIC,測試排序分=原分數+結構前置分*策略權重+續強品質*策略權重；不覆蓋原策略,414.0,2.2,C,突破觀察,量能較前日放大｜MA5加速上彎｜短均多頭｜扣分:收盤位置偏弱,有轉強跡象，但突破品質尚未完全成立。,v266.57.9,TEST,0.8,0.5,0.9,15.61,40.0,最後後處理補寫：原分數+結構前置+續強品質+突破品質；不覆蓋原策略,0.0,,一般,12.8,v266.58.1,2026-10-01 01:22:38,突破中,4,13,準IGNITION,前狀態:觀察→今日:突破中｜狀態跳升｜具備點火條件,READY,v266.60.2,17.35,30.0,32.0,0.0,0.0,20.968,158.0,20/40/60結構佳｜續強品質佳｜主力佈局語意｜狀態升級強｜具升級旗標｜升級標籤,高優先準點火,v266.61,2026-10-01 01:22:44,24.0,洗盤不破承接｜狀態升級觸發｜狀態轉移轉強,準點火事件,具備起漲條件，可放入TEST/準IGNITION觀察。,19.345,125,v266.62,2026-10-01 01:22:46,24.0,0.0,40.0,0.0,2.56,量能安靜｜洗盤整理不破｜主力吸籌文字確認｜狀態轉移剛加速｜狀態剛升級,v266.68,2026-10-01 01:22:50,NOISE,雜訊：條件不足。,WATCH,14
2026-09-30,4581,BUY,86,48.2,50以下,0.01,10000,主力佈局完成,波動壓縮 | 安靜吸籌 | 均線收斂 | 放量吸收 | 接近突破 | 結構尚可,True,True,False,True,True,True,11.8,A,起漲結構強,20D站上MA20｜MA5站上MA10｜接近20日高｜40D平台收斂｜短中均線糾結｜40D低點守住｜接近/站回MA60｜近5日量縮｜量縮後溫和放量｜10D動能轉正,平台壓縮後轉強，可優先觀察起漲/試單。,v266.57.9,11.8,無原分數欄位｜僅顯示結構前置分數,85.0,10.0,A,續強品質強,回檔不破前低｜低點墊高確認｜收盤守MA5｜續強確認：收盤未跌破MA5｜回檔量縮｜MA5仍在MA10上｜仍站MA20｜10D動能維持,回檔承接尚可，若原策略入選，可優先觀察延續。,v266.57.9,10.59,0.55,0.5,GENERIC,測試排序分=原分數+結構前置分*策略權重+續強品質*策略權重；不覆蓋原策略,26.0,2.8,C,突破觀察,紅K實體放大｜收盤接近高點｜短均多頭｜扣分:單日量能過猛,有轉強跡象，但突破品質尚未完全成立。,v266.57.9,GENERIC,0.55,0.5,0.5,12.89,130.0,最後後處理補寫：原分數+結構前置+續強品質+突破品質；不覆蓋原策略,0.0,,一般,10.57,v266.58.1,2026-10-01 01:22:38,突破中,4,18,IGNITION,前狀態:吸籌中→今日:突破中｜狀態跳升｜連續升級｜連續狀態達IGNITION,YES,v266.60.2,16.87,30.0,32.0,0.0,0.0,20.832,162.0,20/40/60結構佳｜續強品質佳｜主力佈局語意｜狀態升級強｜具升級旗標｜升級標籤,高優先準點火,v266.61,2026-10-01 01:22:44,24.0,洗盤不破承接｜狀態升級觸發｜狀態轉移轉強,準點火事件,具備起漲條件，可放入TEST/準IGNITION觀察。,19.009,137,v266.62,2026-10-01 01:22:46,24.0,0.0,40.0,0.0,2.56,量能安靜｜洗盤整理不破｜主力吸籌文字確認｜狀態轉移剛加速｜狀態剛升級,v266.68,2026-10-01 01:22:50,NOISE,雜訊：條件不足。,WATCH,15
2026-09-30,6921,TEST,68,68.0,50-100,0.005,5000,佈局高機率,安靜吸籌 | 均線收斂 | 放量吸收 | 接近突破 | 結構尚可,False,True,False,True,True,True,9.3,A,起漲結構強,20D站上MA20｜MA20走平翻揚｜MA5站上MA10｜接近20日高｜40D平台收斂｜短中均線糾結｜40D低點守住｜接近/站回MA60｜站回60D區間中上｜10D動能轉正｜扣分:單日爆量偏高,平台壓縮後轉強，可優先觀察起漲/試單。,v266.57.9,9.3,無原分數欄位｜僅顯示結構前置分數,385.0,8.7,A,續強品質強,回檔不破前低｜低點墊高確認｜收盤守MA5｜續強確認：收盤未跌破MA5｜MA5仍在MA10上｜仍站MA20｜10D動能維持,回檔承接尚可，若原策略入選，可優先觀察延續。,v266.57.9,8.465,0.55,0.5,GENERIC,測試排序分=原分數+結構前置分*策略權重+續強品質*策略權重；不覆蓋原策略,302.0,3.5,C,突破觀察,收盤接近高點｜量能較前日放大｜短均多頭,有轉強跡象，但突破品質尚未完全成立。,v266.57.9,TEST,0.8,0.5,0.9,14.94,49.0,最後後處理補寫：原分數+結構前置+續強品質+突破品質；不覆蓋原策略,0.0,,一般,12.251,v266.58.1,2026-10-01 01:22:38,突破中,4,12,準IGNITION,前狀態:突破中→今日:突破中｜強狀態維持｜強狀態連續維持｜具備點火條件,READY,v266.60.2,16.451,30.0,32.0,0.0,0.0,20.895,159.0,20/40/60結構佳｜續強品質佳｜主力佈局語意｜狀態升級強｜具升級旗標｜升級標籤,高優先準點火,v266.61,2026-10-01 01:22:44,24.0,洗盤不破承接｜狀態升級觸發｜狀態轉移轉強,準點火事件,具備起漲條件，可放入TEST/準IGNITION觀察。,18.716,145,v266.62,2026-10-01 01:22:46,24.0,0.0,40.0,0.0,2.56,量能安靜｜洗盤整理不破｜主力吸籌文字確認｜狀態轉移剛加速｜狀態剛升級,v266.68,2026-10-01 01:22:50,NOISE,雜訊：條件不足。,WATCH,16
2026-09-30,9949,TEST,72,24.3,50以下,0.005,5000,佈局高機率,波動壓縮 | 安靜吸籌 | 均線收斂 | 接近突破 | 結構尚可,True,True,False,True,False,True,9.0,A,起漲結構強,20D站上MA20｜MA20走平翻揚｜MA5站上MA10｜接近20日高｜40D平台收斂｜短中均線糾結｜40D低點守住｜接近/站回MA60,平台壓縮後轉強，可優先觀察起漲/試單。,v266.57.9,9.0,無原分數欄位｜僅顯示結構前置分數,391.0,7.7,A,續強品質強,回檔不破前低｜低點墊高確認｜收盤守MA5｜續強確認：收盤未跌破MA5｜MA5仍在MA10上｜仍站MA20,回檔承接尚可，若原策略入選，可優先觀察延續。,v266.57.9,7.8,0.55,0.5,GENERIC,測試排序分=原分數+結構前置分*策略權重+續強品質*策略權重；不覆蓋原策略,424.0,3.8,C,突破觀察,收盤接近高點｜突破近5日高｜短均多頭,有轉強跡象，但突破品質尚未完全成立。,v266.57.9,TEST,0.8,0.5,0.9,14.47,70.0,最後後處理補寫：原分數+結構前置+續強品質+突破品質；不覆蓋原策略,0.0,,一般,11.865,v266.58.1,2026-10-01 01:22:38,突破中,4,13,準IGNITION,前狀態:觀察→今日:突破中｜狀態跳升｜具備點火條件,READY,v266.60.2,16.415,30.0,32.0,0.0,0.0,20.874,161.0,20/40/60結構佳｜續強品質佳｜主力佈局語意｜狀態升級強｜具升級旗標｜升級標籤,高優先準點火,v266.61,2026-10-01 01:22:44,24.0,洗盤不破承接｜狀態升級觸發｜狀態轉移轉強,準點火事件,具備起漲條件，可放入TEST/準IGNITION觀察。,18.69,147,v266.62,2026-10-01 01:22:46,24.0,0.0,40.0,0.0,2.56,量能安靜｜洗盤整理不破｜主力吸籌文字確認｜狀態轉移剛加速｜狀態剛升級,v266.68,2026-10-01 01:22:50,NOISE,雜訊：條件不足。,WATCH,17
2026-09-30,6425,TEST,72,79.0,50-100,0.005,5000,佈局高機率,波動壓縮 | 安靜吸籌 | 均線收斂 | 接近突破 | 結構尚可,True,True,False,True,False,True,11.0,A,起漲結構強,20D站上MA20｜MA20走平翻揚｜MA5站上MA10｜接近20日高｜40D平台收斂｜短中均線糾結｜40D低點守住｜接近/站回MA60｜MA60不再下彎｜站回60D區間中上,平台壓縮後轉強，可優先觀察起漲/試單。,v266.57.9,11.0,無原分數欄位｜僅顯示結構前置分數,137.0,7.7,A,續強品質強,回檔不破前低｜低點墊高確認｜收盤守MA5｜續強確認：收盤未跌破MA5｜MA5仍在MA10上｜仍站MA20,回檔承接尚可，若原策略入選，可優先觀察延續。,v266.57.9,8.9,0.55,0.5,GENERIC,測試排序分=原分數+結構前置分*策略權重+續強品質*策略權重；不覆蓋原策略,216.0,2.3,C,突破觀察,收盤接近高點｜短均多頭,有轉強跡象，但突破品質尚未完全成立。,v266.57.9,TEST,0.8,0.5,0.9,14.72,57.0,最後後處理補寫：原分數+結構前置+續強品質+突破品質；不覆蓋原策略,0.0,,一般,12.07,v266.58.1,2026-10-01 01:22:38,突破中,4,12,準IGNITION,前狀態:突破中→今日:突破中｜強狀態維持｜強狀態連續維持｜具備點火條件,READY,v266.60.2,16.27,30.0,32.0,0.0,0.0,20.877,160.0,20/40/60結構佳｜續強品質佳｜主力佈局語意｜狀態升級強｜具升級旗標｜升級標籤,高優先準點火,v266.61,2026-10-01 01:22:44,24.0,洗盤不破承接｜狀態升級觸發｜狀態轉移轉強,準點火事件,具備起漲條件，可放入TEST/準IGNITION觀察。,18.589,151,v266.62,2026-10-01 01:22:46,24.0,0.0,40.0,0.0,2.56,量能安靜｜洗盤整理不破｜主力吸籌文字確認｜狀態轉移剛加速｜狀態剛升級,v266.68,2026-10-01 01:22:50,NOISE,雜訊：條件不足。,WATCH,18
2026-09-30,4916,WATCH,54,104.0,100-500,0.0,0,佈局觀察,波動壓縮 | 均線收斂 | 接近突破 | 結構尚可,True,False,False,True,False,True,12.0,A,起漲結構強,20D站上MA20｜MA20走平翻揚｜MA5站上MA10｜接近20日高｜40D平台收斂｜短中均線糾結｜40D低點守住｜接近/站回MA60｜MA60不再下彎｜站回60D區間中上｜量縮後溫和放量｜10D動能轉正,平台壓縮後轉強，可優先觀察起漲/試單。,v266.57.9,12.0,無原分數欄位｜僅顯示結構前置分數,1.0,10.0,A,續強品質強,回檔不破前低｜低點墊高確認｜收盤守MA5｜續強確認：收盤未跌破MA5｜回檔量縮｜MA5仍在MA10上｜仍站MA20｜10D動能維持,回檔承接尚可，若原策略入選，可優先觀察延續。,v266.57.9,10.7,0.55,0.5,GENERIC,測試排序分=原分數+結構前置分*策略權重+續強品質*策略權重；不覆蓋原策略,1.0,3.5,C,突破觀察,紅K實體放大｜量能較前日放大｜短均多頭,有轉強跡象，但突破品質尚未完全成立。,v266.57.9,WATCH,0.55,0.35,0.75,12.725,133.0,最後後處理補寫：原分數+結構前置+續強品質+突破品質；不覆蓋原策略,0.0,,一般,10.434,v266.58.1,2026-10-01 01:22:38,突破中,4,13,準IGNITION,前狀態:觀察→今日:突破中｜狀態跳升｜具備點火條件,READY,v266.60.2,14.984,30.0,32.0,0.0,0.0,20.731,164.0,20/40/60結構佳｜續強品質佳｜主力佈局語意｜狀態升級強｜具升級旗標｜升級標籤,高優先準點火,v266.61,2026-10-01 01:22:44,24.0,洗盤不破承接｜狀態升級觸發｜狀態轉移轉強,準點火事件,具備起漲條件，可放入TEST/準IGNITION觀察。,17.689,163,v266.62,2026-10-01 01:22:46,24.0,0.0,40.0,0.0,2.56,量能安靜｜洗盤整理不破｜主力吸籌文字確認｜狀態轉移剛加速｜狀態剛升級,v266.68,2026-10-01 01:22:50,NOISE,雜訊：條件不足。,WATCH,19
2026-09-30,6666,WATCH,54,45.55,50以下,0.0,0,佈局觀察,波動壓縮 | 均線收斂 | 接近突破 | 結構尚可,True,False,False,True,False,True,12.0,A,起漲結構強,20D站上MA20｜MA20走平翻揚｜MA5站上MA10｜接近20日高｜40D平台收斂｜短中均線糾結｜40D低點守住｜接近/站回MA60｜MA60不再下彎｜站回60D區間中上｜近5日量縮｜5D動能轉正｜10D動能轉正,平台壓縮後轉強，可優先觀察起漲/試單。,v266.57.9,12.0,無原分數欄位｜僅顯示結構前置分數,1.0,10.0,A,續強品質強,回檔不破前低｜低點墊高確認｜收盤守MA5｜續強確認：收盤未跌破MA5｜回檔量縮｜MA5仍在MA10上｜仍站MA20｜10D動能維持,回檔承接尚可，若原策略入選，可優先觀察延續。,v266.57.9,10.7,0.55,0.5,GENERIC,測試排序分=原分數+結構前置分*策略權重+續強品質*策略權重；不覆蓋原策略,1.0,3.8,C,突破觀察,紅K實體放大｜收盤接近高點｜短均多頭,有轉強跡象，但突破品質尚未完全成立。,v266.57.9,WATCH,0.55,0.35,0.75,12.95,126.0,最後後處理補寫：原分數+結構前置+續強品質+突破品質；不覆蓋原策略,0.0,,一般,10.619,v266.58.1,2026-10-01 01:22:38,突破中,4,12,準IGNITION,前狀態:突破中→今日:突破中｜強狀態維持｜強狀態連續維持｜具備點火條件,READY,v266.60.2,14.819,30.0,32.0,0.0,0.0,20.732,163.0,20/40/60結構佳｜續強品質佳｜主力佈局語意｜狀態升級強｜具升級旗標｜升級標籤,高優先準點火,v266.61,2026-10-01 01:22:44,24.0,洗盤不破承接｜狀態升級觸發｜狀態轉移轉強,準點火事件,具備起漲條件，可放入TEST/準IGNITION觀察。,17.573,166,v266.62,2026-10-01 01:22:46,24.0,0.0,40.0,0.0,2.56,量能安靜｜洗盤整理不破｜主力吸籌文字確認｜狀態轉移剛加速｜狀態剛升級,v266.68,2026-10-01 01:22:50,NOISE,雜訊：條件不足。,WATCH,20
2026-09-30,1604,WATCH,54,23.45,50以下,0.0,0,佈局觀察,波動壓縮 | 均線收斂 | 接近突破 | 結構尚可,True,False,False,True,False,True,11.8,A,起漲結構強,MA20走平翻揚｜MA5站上MA10｜接近20日高｜40D平台收斂｜短中均線糾結｜40D低點守住｜接近/站回MA60｜MA60不再下彎｜站回60D區間中上｜近5日量縮｜10D動能轉正,平台壓縮後轉強，可優先觀察起漲/試單。,v266.57.9,11.8,無原分數欄位｜僅顯示結構前置分數,85.0,9.0,A,續強品質強,回檔不破前低｜低點墊高確認｜收盤守MA5｜回測守MA10｜回檔量縮｜MA5仍在MA10上｜10D動能維持,回檔承接尚可，若原策略入選，可優先觀察延續。,v266.57.9,10.09,0.55,0.5,GENERIC,測試排序分=原分數+結構前置分*策略權重+續強品質*策略權重；不覆蓋原策略,47.0,3.8,C,突破觀察,紅K實體放大｜收盤接近高點｜短均多頭,有轉強跡象，但突破品質尚未完全成立。,v266.57.9,WATCH,0.55,0.35,0.75,12.49,147.0,最後後處理補寫：原分數+結構前置+續強品質+突破品質；不覆蓋原策略,0.0,,一般,10.242,v266.58.1,2026-10-01 01:22:38,突破中,4,13,準IGNITION,前狀態:觀察→今日:突破中｜狀態跳升｜具備點火條件,READY,v266.60.2,14.792,30.0,32.0,0.0,0.0,20.712,166.0,20/40/60結構佳｜續強品質佳｜主力佈局語意｜狀態升級強｜具升級旗標｜升級標籤,高優先準點火,v266.61,2026-10-01 01:22:44,24.0,洗盤不破承接｜狀態升級觸發｜狀態轉移轉強,準點火事件,具備起漲條件，可放入TEST/準IGNITION觀察。,17.554,167,v266.62,2026-10-01 01:22:46,24.0,0.0,40.0,0.0,2.56,量能安靜｜洗盤整理不破｜主力吸籌文字確認｜狀態轉移剛加速｜狀態剛升級,v266.68,2026-10-01 01:22:50,NOISE,雜訊：條件不足。,WATCH,21
2026-09-30,2107,WATCH,54,27.0,50以下,0.0,0,佈局觀察,安靜吸籌 | 均線收斂 | 接近突破 | 結構尚可,False,True,False,True,False,True,12.0,A,起漲結構強,20D站上MA20｜MA5站上MA10｜接近20日高｜40D平台收斂｜短中均線糾結｜40D低點守住｜接近/站回MA60｜MA60不再下彎｜站回60D區間中上｜量縮後溫和放量｜10D動能轉正,平台壓縮後轉強，可優先觀察起漲/試單。,v266.57.9,12.0,無原分數欄位｜僅顯示結構前置分數,1.0,10.0,A,續強品質強,回檔不破前低｜低點墊高確認｜收盤守MA5｜續強確認：收盤未跌破MA5｜回檔量縮｜MA5仍在MA10上｜仍站MA20｜10D動能維持,回檔承接尚可，若原策略入選，可優先觀察延續。,v266.57.9,10.7,0.55,0.5,GENERIC,測試排序分=原分數+結構前置分*策略權重+續強品質*策略權重；不覆蓋原策略,1.0,3.5,C,突破觀察,收盤接近高點｜量能較前日放大｜短均多頭,有轉強跡象，但突破品質尚未完全成立。,v266.57.9,WATCH,0.55,0.35,0.75,12.725,133.0,最後後處理補寫：原分數+結構前置+續強品質+突破品質；不覆蓋原策略,0.0,,一般,10.434,v266.58.1,2026-10-01 01:22:38,突破中,4,12,準IGNITION,前狀態:突破中→今日:突破中｜強狀態維持｜強狀態連續維持｜具備點火條件,READY,v266.60.2,14.634,30.0,32.0,0.0,0.0,20.713,165.0,20/40/60結構佳｜續強品質佳｜主力佈局語意｜狀態升級強｜具升級旗標｜升級標籤,高優先準點火,v266.61,2026-10-01 01:22:44,24.0,洗盤不破承接｜狀態升級觸發｜狀態轉移轉強,準點火事件,具備起漲條件，可放入TEST/準IGNITION觀察。,17.444,168,v266.62,2026-10-01 01:22:46,24.0,0.0,40.0,0.0,2.56,量能安靜｜洗盤整理不破｜主力吸籌文字確認｜狀態轉移剛加速｜狀態剛升級,v266.68,2026-10-01 01:22:50,NOISE,雜訊：條件不足。,WATCH,22
2026-09-30,1609,BUY,86,38.75,50以下,0.01,10000,主力佈局完成,波動壓縮 | 安靜吸籌 | 均線收斂 | 放量吸收 | 接近突破 | 結構尚可,True,True,False,True,True,True,12.0,A,起漲結構強,20D站上MA20｜MA20走平翻揚｜MA5站上MA10｜接近20日高｜40D平台收斂｜短中均線糾結｜40D低點守住｜接近/站回MA60｜MA60不再下彎｜站回60D區間中上｜量縮後溫和放量｜5D動能轉正｜10D動能轉正,平台壓縮後轉強，可優先觀察起漲/試單。,v266.57.9,12.0,無原分數欄位｜僅顯示結構前置分數,1.0,8.7,A,續強品質強,回檔不破前低｜低點墊高確認｜收盤守MA5｜續強確認：收盤未跌破MA5｜MA5仍在MA10上｜仍站MA20｜10D動能維持,回檔承接尚可，若原策略入選，可優先觀察延續。,v266.57.9,9.95,0.55,0.5,GENERIC,測試排序分=原分數+結構前置分*策略權重+續強品質*策略權重；不覆蓋原策略,51.0,3.5,C,突破觀察,突破近5日高｜MA5加速上彎｜短均多頭,有轉強跡象，但突破品質尚未完全成立。,v266.57.9,GENERIC,0.55,0.5,0.5,12.7,135.0,最後後處理補寫：原分數+結構前置+續強品質+突破品質；不覆蓋原策略,0.0,,一般,10.414,v266.58.1,2026-10-01 01:22:38,突破中,4,12,準IGNITION,前狀態:突破中→今日:突破中｜強狀態維持｜強狀態連續維持｜具備點火條件,READY,v266.60.2,14.614,30.0,32.0,0.0,0.0,20.711,167.0,20/40/60結構佳｜續強品質佳｜主力佈局語意｜狀態升級強｜具升級旗標｜升級標籤,高優先準點火,v266.61,2026-10-01 01:22:44,24.0,洗盤不破承接｜狀態升級觸發｜狀態轉移轉強,準點火事件,具備起漲條件，可放入TEST/準IGNITION觀察。,17.43,169,v266.62,2026-10-01 01:22:46,24.0,0.0,40.0,0.0,2.56,量能安靜｜洗盤整理不破｜主力吸籌文字確認｜狀態轉移剛加速｜狀態剛升級,v266.68,2026-10-01 01:22:50,NOISE,雜訊：條件不足。,WATCH,23
2026-09-30,3716,WATCH,54,34.25,50以下,0.0,0,佈局觀察,波動壓縮 | 均線收斂 | 接近突破 | 結構尚可,True,False,False,True,False,True,12.0,A,起漲結構強,20D站上MA20｜MA5站上MA10｜接近20日高｜40D平台收斂｜短中均線糾結｜40D低點守住｜接近/站回MA60｜MA60不再下彎｜近5日量縮｜量縮後溫和放量｜5D動能轉正｜10D動能轉正,平台壓縮後轉強，可優先觀察起漲/試單。,v266.57.9,12.0,無原分數欄位｜僅顯示結構前置分數,1.0,8.7,A,續強品質強,回檔不破前低｜低點墊高確認｜收盤守MA5｜續強確認：收盤未跌破MA5｜MA5仍在MA10上｜仍站MA20｜10D動能維持,回檔承接尚可，若原策略入選，可優先觀察延續。,v266.57.9,9.95,0.55,0.5,GENERIC,測試排序分=原分數+結構前置分*策略權重+續強品質*策略權重；不覆蓋原策略,51.0,3.5,C,突破觀察,量能較前日放大｜突破近5日高｜短均多頭,有轉強跡象，但突破品質尚未完全成立。,v266.57.9,WATCH,0.55,0.35,0.75,12.27,150.0,最後後處理補寫：原分數+結構前置+續強品質+突破品質；不覆蓋原策略,0.0,,一般,10.061,v266.58.1,2026-10-01 01:22:38,突破中,4,13,準IGNITION,前狀態:觀察→今日:突破中｜狀態跳升｜具備點火條件,READY,v266.60.2,14.611,30.0,32.0,0.0,0.0,20.694,172.0,20/40/60結構佳｜續強品質佳｜主力佈局語意｜狀態升級強｜具升級旗標｜升級標籤,高優先準點火,v266.61,2026-10-01 01:22:44,24.0,洗盤不破承接｜狀態升級觸發｜狀態轉移轉強,準點火事件,具備起漲條件，可放入TEST/準IGNITION觀察。,17.428,170,v266.62,2026-10-01 01:22:46,24.0,0.0,40.0,0.0,2.56,量能安靜｜洗盤整理不破｜主力吸籌文字確認｜狀態轉移剛加速｜狀態剛升級,v266.68,2026-10-01 01:22:50,NOISE,雜訊：條件不足。,WATCH,24
2026-09-30,4406,WATCH,54,10.3,50以下,0.0,0,佈局觀察,波動壓縮 | 均線收斂 | 接近突破 | 結構尚可,True,False,False,True,False,True,12.0,A,起漲結構強,20D站上MA20｜MA20走平翻揚｜MA5站上MA10｜接近20日高｜40D平台收斂｜短中均線糾結｜40D低點守住｜接近/站回MA60｜MA60不再下彎｜站回60D區間中上｜近5日量縮,平台壓縮後轉強，可優先觀察起漲/試單。,v266.57.9,12.0,無原分數欄位｜僅顯示結構前置分數,1.0,9.2,A,續強品質強,回檔不破前低｜低點墊高確認｜收盤守MA5｜續強確認：收盤未跌破MA5｜回檔量縮｜MA5仍在MA10上｜仍站MA20,回檔承接尚可，若原策略入選，可優先觀察延續。,v266.57.9,10.2,0.55,0.5,GENERIC,測試排序分=原分數+結構前置分*策略權重+續強品質*策略權重；不覆蓋原策略,39.0,3.8,C,突破觀察,收盤接近高點｜突破近5日高｜短均多頭,有轉強跡象，但突破品質尚未完全成立。,v266.57.9,WATCH,0.55,0.35,0.75,12.67,137.0,最後後處理補寫：原分數+結構前置+續強品質+突破品質；不覆蓋原策略,0.0,,一般,10.389,v266.58.1,2026-10-01 01:22:38,突破中,4,12,準IGNITION,前狀態:突破中→今日:突破中｜強狀態維持｜強狀態連續維持｜具備點火條件,READY,v266.60.2,14.589,30.0,32.0,0.0,0.0,20.709,168.0,20/40/60結構佳｜續強品質佳｜主力佈局語意｜狀態升級強｜具升級旗標｜升級標籤,高優先準點火,v266.61,2026-10-01 01:22:44,24.0,洗盤不破承接｜狀態升級觸發｜狀態轉移轉強,準點火事件,具備起漲條件，可放入TEST/準IGNITION觀察。,17.412,171,v266.62,2026-10-01 01:22:46,24.0,0.0,40.0,0.0,2.56,量能安靜｜洗盤整理不破｜主力吸籌文字確認｜狀態轉移剛加速｜狀態剛升級,v266.68,2026-10-01 01:22:50,NOISE,雜訊：條件不足。,WATCH,25
2026-09-30,8423,WATCH,54,18.2,50以下,0.0,0,佈局觀察,波動壓縮 | 均線收斂 | 接近突破 | 結構尚可,True,False,False,True,False,True,12.0,A,起漲結構強,20D站上MA20｜MA20走平翻揚｜MA5站上MA10｜接近20日高｜40D平台收斂｜短中均線糾結｜40D低點守住｜接近/站回MA60｜MA60不再下彎｜站回60D區間中上｜近5日量縮,平台壓縮後轉強，可優先觀察起漲/試單。,v266.57.9,12.0,無原分數欄位｜僅顯示結構前置分數,1.0,9.2,A,續強品質強,回檔不破前低｜低點墊高確認｜收盤守MA5｜續強確認：收盤未跌破MA5｜回檔量縮｜MA5仍在MA10上｜仍站MA20,回檔承接尚可，若原策略入選，可優先觀察延續。,v266.57.9,10.2,0.55,0.5,GENERIC,測試排序分=原分數+結構前置分*策略權重+續強品質*策略權重；不覆蓋原策略,39.0,3.8,C,突破觀察,收盤接近高點｜突破近5日高｜短均多頭,有轉強跡象，但突破品質尚未完全成立。,v266.57.9,WATCH,0.55,0.35,0.75,12.67,137.0,最後後處理補寫：原分數+結構前置+續強品質+突破品質；不覆蓋原策略,0.0,,一般,10.389,v266.58.1,2026-10-01 01:22:38,突破中,4,12,準IGNITION,前狀態:突破中→今日:突破中｜強狀態維持｜強狀態連續維持｜具備點火條件,READY,v266.60.2,14.589,30.0,32.0,0.0,0.0,20.709,168.0,20/40/60結構佳｜續強品質佳｜主力佈局語意｜狀態升級強｜具升級旗標｜升級標籤,高優先準點火,v266.61,2026-10-01 01:22:44,24.0,洗盤不破承接｜狀態升級觸發｜狀態轉移轉強,準點火事件,具備起漲條件，可放入TEST/準IGNITION觀察。,17.412,172,v266.62,2026-10-01 01:22:46,24.0,0.0,40.0,0.0,2.56,量能安靜｜洗盤整理不破｜主力吸籌文字確認｜狀態轉移剛加速｜狀態剛升級,v266.68,2026-10-01 01:22:50,NOISE,雜訊：條件不足。,WATCH,26
2026-09-30,8481,TEST,68,40.95,50以下,0.005,5000,佈局高機率,波動壓縮 | 洗盤收回 | 均線收斂 | 接近突破 | 結構尚可,True,False,True,True,False,True,7.8,B,起漲結構中,接近20日高｜40D平台收斂｜短中均線糾結｜40D低點守住｜接近/站回MA60｜MA60不再下彎｜10D動能轉正,平台壓縮後轉強，可優先觀察起漲/試單。,v266.57.9,7.8,無原分數欄位｜僅顯示結構前置分數,678.0,6.5,B,續強品質中,回檔不破前低｜低點墊高確認｜收盤守MA5｜續強確認：收盤未跌破MA5｜10D動能維持,回檔承接尚可，若原策略入選，可優先觀察延續。,v266.57.9,6.54,0.55,0.5,GENERIC,測試排序分=原分數+結構前置分*策略權重+續強品質*策略權重；不覆蓋原策略,678.0,3.0,C,突破觀察,紅K實體放大｜收盤接近高點,有轉強跡象，但突破品質尚未完全成立。,v266.57.9,TEST,0.8,0.5,0.9,12.19,151.0,最後後處理補寫：原分數+結構前置+續強品質+突破品質；不覆蓋原策略,0.0,,一般,9.996,v266.58.1,2026-10-01 01:22:38,突破中,4,13,準IGNITION,前狀態:觀察→今日:突破中｜狀態跳升｜具備點火條件,READY,v266.60.2,14.546,30.0,32.0,0.0,0.0,20.687,173.0,20/40/60結構佳｜續強品質佳｜主力佈局語意｜狀態升級強｜具升級旗標｜升級標籤,高優先準點火,v266.61,2026-10-01 01:22:44,24.0,洗盤不破承接｜狀態升級觸發｜狀態轉移轉強,準點火事件,具備起漲條件，可放入TEST/準IGNITION觀察。,17.382,173,v266.62,2026-10-01 01:22:46,24.0,0.0,40.0,0.0,2.56,量能安靜｜洗盤整理不破｜主力吸籌文字確認｜狀態轉移剛加速｜狀態剛升級,v266.68,2026-10-01 01:22:50,NOISE,雜訊：條件不足。,WATCH,27
2026-09-30,2916,WATCH,54,40.55,50以下,0.0,0,佈局觀察,波動壓縮 | 均線收斂 | 接近突破 | 結構尚可,True,False,False,True,False,True,12.0,A,起漲結構強,20D站上MA20｜MA20走平翻揚｜MA5站上MA10｜接近20日高｜40D平台收斂｜短中均線糾結｜40D低點守住｜接近/站回MA60｜MA60不再下彎｜站回60D區間中上｜近5日量縮,平台壓縮後轉強，可優先觀察起漲/試單。,v266.57.9,12.0,無原分數欄位｜僅顯示結構前置分數,1.0,9.0,A,續強品質強,回檔不破前低｜低點墊高確認｜收盤守MA5｜回測守MA10｜回檔量縮｜MA5仍在MA10上｜仍站MA20,回檔承接尚可，若原策略入選，可優先觀察延續。,v266.57.9,10.2,0.55,0.5,GENERIC,測試排序分=原分數+結構前置分*策略權重+續強品質*策略權重；不覆蓋原策略,39.0,3.8,C,突破觀察,收盤接近高點｜突破近5日高｜短均多頭,有轉強跡象，但突破品質尚未完全成立。,v266.57.9,WATCH,0.55,0.35,0.75,12.6,140.0,最後後處理補寫：原分數+結構前置+續強品質+突破品質；不覆蓋原策略,0.0,,一般,10.332,v266.58.1,2026-10-01 01:22:38,突破中,4,12,準IGNITION,前狀態:突破中→今日:突破中｜強狀態維持｜強狀態連續維持｜具備點火條件,READY,v266.60.2,14.532,30.0,32.0,0.0,0.0,20.703,170.0,20/40/60結構佳｜續強品質佳｜主力佈局語意｜狀態升級強｜具升級旗標｜升級標籤,高優先準點火,v266.61,2026-10-01 01:22:44,24.0,洗盤不破承接｜狀態升級觸發｜狀態轉移轉強,準點火事件,具備起漲條件，可放入TEST/準IGNITION觀察。,17.372,174,v266.62,2026-10-01 01:22:46,24.0,0.0,40.0,0.0,2.56,量能安靜｜洗盤整理不破｜主力吸籌文字確認｜狀態轉移剛加速｜狀態剛升級,v266.68,2026-10-01 01:22:50,NOISE,雜訊：條件不足。,WATCH,28
2026-09-30,6767,WATCH,54,24.5,50以下,0.0,0,佈局觀察,波動壓縮 | 均線收斂 | 接近突破 | 結構尚可,True,False,False,True,False,True,11.0,A,起漲結構強,20D站上MA20｜MA20走平翻揚｜MA5站上MA10｜接近20日高｜40D平台收斂｜短中均線糾結｜40D低點守住｜接近/站回MA60｜MA60不再下彎｜近5日量縮,平台壓縮後轉強，可優先觀察起漲/試單。,v266.57.9,11.0,無原分數欄位｜僅顯示結構前置分數,137.0,9.2,A,續強品質強,回檔不破前低｜低點墊高確認｜收盤守MA5｜續強確認：收盤未跌破MA5｜回檔量縮｜MA5仍在MA10上｜仍站MA20,回檔承接尚可，若原策略入選，可優先觀察延續。,v266.57.9,9.65,0.55,0.5,GENERIC,測試排序分=原分數+結構前置分*策略權重+續強品質*策略權重；不覆蓋原策略,124.0,3.8,C,突破觀察,收盤接近高點｜突破近5日高｜短均多頭,有轉強跡象，但突破品質尚未完全成立。,v266.57.9,WATCH,0.55,0.35,0.75,12.12,153.0,最後後處理補寫：原分數+結構前置+續強品質+突破品質；不覆蓋原策略,0.0,,一般,9.938,v266.58.1,2026-10-01 01:22:38,突破中,4,13,準IGNITION,前狀態:觀察→今日:突破中｜狀態跳升｜具備點火條件,READY,v266.60.2,14.488,30.0,32.0,0.0,0.0,20.681,174.0,20/40/60結構佳｜續強品質佳｜主力佈局語意｜狀態升級強｜具升級旗標｜升級標籤,高優先準點火,v266.61,2026-10-01 01:22:44,24.0,洗盤不破承接｜狀態升級觸發｜狀態轉移轉強,準點火事件,具備起漲條件，可放入TEST/準IGNITION觀察。,17.342,175,v266.62,2026-10-01 01:22:46,24.0,0.0,40.0,0.0,2.56,量能安靜｜洗盤整理不破｜主力吸籌文字確認｜狀態轉移剛加速｜狀態剛升級,v266.68,2026-10-01 01:22:50,NOISE,雜訊：條件不足。,WATCH,29
2026-09-30,8440,WATCH,54,20.35,50以下,0.0,0,佈局觀察,波動壓縮 | 均線收斂 | 接近突破 | 結構尚可,True,False,False,True,False,True,11.0,A,起漲結構強,20D站上MA20｜MA20走平翻揚｜MA5站上MA10｜接近20日高｜40D平台收斂｜短中均線糾結｜40D低點守住｜接近/站回MA60｜MA60不再下彎｜站回60D區間中上,平台壓縮後轉強，可優先觀察起漲/試單。,v266.57.9,11.0,無原分數欄位｜僅顯示結構前置分數,137.0,9.2,A,續強品質強,回檔不破前低｜低點墊高確認｜收盤守MA5｜續強確認：收盤未跌破MA5｜回檔量縮｜MA5仍在MA10上｜仍站MA20,回檔承接尚可，若原策略入選，可優先觀察延續。,v266.57.9,9.65,0.55,0.5,GENERIC,測試排序分=原分數+結構前置分*策略權重+續強品質*策略權重；不覆蓋原策略,124.0,3.8,C,突破觀察,收盤接近高點｜突破近5日高｜短均多頭,有轉強跡象，但突破品質尚未完全成立。,v266.57.9,WATCH,0.55,0.35,0.75,12.12,153.0,最後後處理補寫：原分數+結構前置+續強品質+突破品質；不覆蓋原策略,0.0,,一般,9.938,v266.58.1,2026-10-01 01:22:38,突破中,4,13,準IGNITION,前狀態:觀察→今日:突破中｜狀態跳升｜具備點火條件,READY,v266.60.2,14.488,30.0,32.0,0.0,0.0,20.681,174.0,20/40/60結構佳｜續強品質佳｜主力佈局語意｜狀態升級強｜具升級旗標｜升級標籤,高優先準點火,v266.61,2026-10-01 01:22:44,24.0,洗盤不破承接｜狀態升級觸發｜狀態轉移轉強,準點火事件,具備起漲條件，可放入TEST/準IGNITION觀察。,17.342,176,v266.62,2026-10-01 01:22:46,24.0,0.0,40.0,0.0,2.56,量能安靜｜洗盤整理不破｜主力吸籌文字確認｜狀態轉移剛加速｜狀態剛升級,v266.68,2026-10-01 01:22:50,NOISE,雜訊：條件不足。,WATCH,30
2026-09-30,4126,WATCH,54,78.1,50-100,0.0,0,佈局觀察,波動壓縮 | 均線收斂 | 接近突破 | 結構尚可,True,False,False,True,False,True,11.0,A,起漲結構強,20D站上MA20｜MA20走平翻揚｜MA5站上MA10｜接近20日高｜40D平台收斂｜短中均線糾結｜40D低點守住｜接近/站回MA60｜MA60不再下彎｜站回60D區間中上,平台壓縮後轉強，可優先觀察起漲/試單。,v266.57.9,11.0,無原分數欄位｜僅顯示結構前置分數,137.0,9.2,A,續強品質強,回檔不破前低｜低點墊高確認｜收盤守MA5｜續強確認：收盤未跌破MA5｜回檔量縮｜MA5仍在MA10上｜仍站MA20,回檔承接尚可，若原策略入選，可優先觀察延續。,v266.57.9,9.65,0.55,0.5,GENERIC,測試排序分=原分數+結構前置分*策略權重+續強品質*策略權重；不覆蓋原策略,124.0,3.8,C,突破觀察,收盤接近高點｜突破近5日高｜短均多頭,有轉強跡象，但突破品質尚未完全成立。,v266.57.9,WATCH,0.55,0.35,0.75,12.12,153.0,最後後處理補寫：原分數+結構前置+續強品質+突破品質；不覆蓋原策略,0.0,,一般,9.938,v266.58.1,2026-10-01 01:22:38,突破中,4,13,準IGNITION,前狀態:觀察→今日:突破中｜狀態跳升｜具備點火條件,READY,v266.60.2,14.488,30.0,32.0,0.0,0.0,20.681,174.0,20/40/60結構佳｜續強品質佳｜主力佈局語意｜狀態升級強｜具升級旗標｜升級標籤,高優先準點火,v266.61,2026-10-01 01:22:44,24.0,洗盤不破承接｜狀態升級觸發｜狀態轉移轉強,準點火事件,具備起漲條件，可放入TEST/準IGNITION觀察。,17.342,177,v266.62,2026-10-01 01:22:46,24.0,0.0,40.0,0.0,2.56,量能安靜｜洗盤整理不破｜主力吸籌文字確認｜狀態轉移剛加速｜狀態剛升級,v266.68,2026-10-01 01:22:50,NOISE,雜訊：條件不足。,WATCH,31
2026-09-30,3041,WATCH,62,24.35,50以下,0.0,0,佈局觀察,波動壓縮 | 均線收斂 | 放量吸收 | 接近突破,True,False,False,True,True,True,12.0,A,起漲結構強,20D站上MA20｜MA20走平翻揚｜MA5站上MA10｜接近20日高｜40D平台收斂｜短中均線糾結｜40D低點守住｜接近/站回MA60｜量縮後溫和放量｜5D動能轉正｜10D動能轉正,平台壓縮後轉強，可優先觀察起漲/試單。,v266.57.9,12.0,無原分數欄位｜僅顯示結構前置分數,1.0,8.7,A,續強品質強,回檔不破前低｜低點墊高確認｜收盤守MA5｜續強確認：收盤未跌破MA5｜MA5仍在MA10上｜仍站MA20｜10D動能維持,回檔承接尚可，若原策略入選，可優先觀察延續。,v266.57.9,9.95,0.55,0.5,GENERIC,測試排序分=原分數+結構前置分*策略權重+續強品質*策略權重；不覆蓋原策略,51.0,3.8,C,突破觀察,收盤接近高點｜突破近5日高｜短均多頭,有轉強跡象，但突破品質尚未完全成立。,v266.57.9,WATCH,0.55,0.35,0.75,12.495,144.0,最後後處理補寫：原分數+結構前置+續強品質+突破品質；不覆蓋原策略,0.0,,一般,10.246,v266.58.1,2026-10-01 01:22:38,突破中,4,12,準IGNITION,前狀態:突破中→今日:突破中｜強狀態維持｜強狀態連續維持｜具備點火條件,READY,v266.60.2,14.446,30.0,32.0,0.0,0.0,20.695,171.0,20/40/60結構佳｜續強品質佳｜主力佈局語意｜狀態升級強｜具升級旗標｜升級標籤,高優先準點火,v266.61,2026-10-01 01:22:44,24.0,洗盤不破承接｜狀態升級觸發｜狀態轉移轉強,準點火事件,具備起漲條件，可放入TEST/準IGNITION觀察。,17.312,178,v266.62,2026-10-01 01:22:46,24.0,0.0,40.0,0.0,2.56,量能安靜｜洗盤整理不破｜主力吸籌文字確認｜狀態轉移剛加速｜狀態剛升級,v266.68,2026-10-01 01:22:50,NOISE,雜訊：條件不足。,WATCH,32
2026-09-30,2488,WATCH,54,48.85,50以下,0.0,0,佈局觀察,波動壓縮 | 均線收斂 | 接近突破 | 結構尚可,True,False,False,True,False,True,12.0,A,起漲結構強,20D站上MA20｜MA20走平翻揚｜MA5站上MA10｜接近20日高｜40D平台收斂｜短中均線糾結｜40D低點守住｜接近/站回MA60｜量縮後溫和放量｜5D動能轉正｜10D動能轉正,平台壓縮後轉強，可優先觀察起漲/試單。,v266.57.9,12.0,無原分數欄位｜僅顯示結構前置分數,1.0,10.0,A,續強品質強,回檔不破前低｜低點墊高確認｜收盤守MA5｜回測守MA10｜回檔量縮｜MA5仍在MA10上｜仍站MA20｜10D動能維持,回檔承接尚可，若原策略入選，可優先觀察延續。,v266.57.9,10.7,0.55,0.5,GENERIC,測試排序分=原分數+結構前置分*策略權重+續強品質*策略權重；不覆蓋原策略,1.0,2.2,C,突破觀察,量能較前日放大｜MA5加速上彎｜短均多頭｜扣分:收盤位置偏弱,有轉強跡象，但突破品質尚未完全成立。,v266.57.9,WATCH,0.55,0.35,0.75,11.75,174.0,最後後處理補寫：原分數+結構前置+續強品質+突破品質；不覆蓋原策略,0.0,,一般,9.635,v266.58.1,2026-10-01 01:22:38,突破中,4,13,準IGNITION,前狀態:觀察→今日:突破中｜狀態跳升｜具備點火條件,READY,v266.60.2,14.185,30.0,32.0,0.0,0.0,20.651,180.0,20/40/60結構佳｜續強品質佳｜主力佈局語意｜狀態升級強｜具升級旗標｜升級標籤,高優先準點火,v266.61,2026-10-01 01:22:44,24.0,洗盤不破承接｜狀態升級觸發｜狀態轉移轉強,準點火事件,具備起漲條件，可放入TEST/準IGNITION觀察。,17.13,179,v266.62,2026-10-01 01:22:46,24.0,0.0,40.0,0.0,2.56,量能安靜｜洗盤整理不破｜主力吸籌文字確認｜狀態轉移剛加速｜狀態剛升級,v266.68,2026-10-01 01:22:50,NOISE,雜訊：條件不足。,WATCH,33
2026-09-30,2903,BUY,86,22.15,50以下,0.01,10000,主力佈局完成,波動壓縮 | 安靜吸籌 | 均線收斂 | 放量吸收 | 接近突破 | 結構尚可,True,True,False,True,True,True,9.8,A,起漲結構強,MA5站上MA10｜接近20日高｜40D平台收斂｜短中均線糾結｜40D低點守住｜接近/站回MA60｜量縮後溫和放量｜10D動能轉正,平台壓縮後轉強，可優先觀察起漲/試單。,v266.57.9,9.8,無原分數欄位｜僅顯示結構前置分數,346.0,9.2,A,續強品質強,回檔不破前低｜低點墊高確認｜收盤守MA5｜續強確認：收盤未跌破MA5｜回檔量縮｜MA5仍在MA10上｜10D動能維持,回檔承接尚可，若原策略入選，可優先觀察延續。,v266.57.9,8.99,0.55,0.5,GENERIC,測試排序分=原分數+結構前置分*策略權重+續強品質*策略權重；不覆蓋原策略,204.0,3.5,C,突破觀察,收盤接近高點｜量能較前日放大｜短均多頭,有轉強跡象，但突破品質尚未完全成立。,v266.57.9,GENERIC,0.55,0.5,0.5,11.74,175.0,最後後處理補寫：原分數+結構前置+續強品質+突破品質；不覆蓋原策略,0.0,,一般,9.627,v266.58.1,2026-10-01 01:22:38,突破中,4,13,準IGNITION,前狀態:觀察→今日:突破中｜狀態跳升｜具備點火條件,READY,v266.60.2,14.177,30.0,32.0,0.0,0.0,20.65,181.0,20/40/60結構佳｜續強品質佳｜主力佈局語意｜狀態升級強｜具升級旗標｜升級標籤,高優先準點火,v266.61,2026-10-01 01:22:44,24.0,洗盤不破承接｜狀態升級觸發｜狀態轉移轉強,準點火事件,具備起漲條件，可放入TEST/準IGNITION觀察。,17.124,180,v266.62,2026-10-01 01:22:46,24.0,0.0,40.0,0.0,2.56,量能安靜｜洗盤整理不破｜主力吸籌文字確認｜狀態轉移剛加速｜狀態剛升級,v266.68,2026-10-01 01:22:50,NOISE,雜訊：條件不足。,WATCH,34
2026-09-30,7705,TEST,68,29.85,50以下,0.005,5000,佈局高機率,波動壓縮 | 洗盤收回 | 均線收斂 | 接近突破 | 結構尚可,True,False,True,True,False,True,7.0,B,起漲結構中,接近20日高｜40D平台收斂｜短中均線糾結｜40D低點守住｜接近/站回MA60｜近5日量縮,平台壓縮後轉強，可優先觀察起漲/試單。,v266.57.9,7.0,無原分數欄位｜僅顯示結構前置分數,710.0,6.8,B,續強品質中,回檔不破前低｜低點墊高確認｜收盤守MA5｜回測守MA10｜回檔量縮,回檔承接尚可，若原策略入選，可優先觀察延續。,v266.57.9,6.35,0.55,0.5,GENERIC,測試排序分=原分數+結構前置分*策略權重+續強品質*策略權重；不覆蓋原策略,693.0,3.0,C,突破觀察,紅K實體放大｜收盤接近高點,有轉強跡象，但突破品質尚未完全成立。,v266.57.9,TEST,0.8,0.5,0.9,11.7,177.0,最後後處理補寫：原分數+結構前置+續強品質+突破品質；不覆蓋原策略,0.0,,一般,9.594,v266.58.1,2026-10-01 01:22:38,突破中,4,13,準IGNITION,前狀態:觀察→今日:突破中｜狀態跳升｜具備點火條件,READY,v266.60.2,14.144,30.0,32.0,0.0,0.0,20.647,182.0,20/40/60結構佳｜續強品質佳｜主力佈局語意｜狀態升級強｜具升級旗標｜升級標籤,高優先準點火,v266.61,2026-10-01 01:22:44,24.0,洗盤不破承接｜狀態升級觸發｜狀態轉移轉強,準點火事件,具備起漲條件，可放入TEST/準IGNITION觀察。,17.101,181,v266.62,2026-10-01 01:22:46,24.0,0.0,40.0,0.0,2.56,量能安靜｜洗盤整理不破｜主力吸籌文字確認｜狀態轉移剛加速｜狀態剛升級,v266.68,2026-10-01 01:22:50,NOISE,雜訊：條件不足。,WATCH,35
2026-09-30,6642,WATCH,54,81.7,50-100,0.0,0,佈局觀察,波動壓縮 | 均線收斂 | 接近突破 | 結構尚可,True,False,False,True,False,True,11.0,A,起漲結構強,20D站上MA20｜MA20走平翻揚｜MA5站上MA10｜接近20日高｜40D平台收斂｜短中均線糾結｜40D低點守住｜接近/站回MA60｜MA60不再下彎｜站回60D區間中上,平台壓縮後轉強，可優先觀察起漲/試單。,v266.57.9,11.0,無原分數欄位｜僅顯示結構前置分數,137.0,9.2,A,續強品質強,回檔不破前低｜低點墊高確認｜收盤守MA5｜續強確認：收盤未跌破MA5｜回檔量縮｜MA5仍在MA10上｜仍站MA20,回檔承接尚可，若原策略入選，可優先觀察延續。,v266.57.9,9.65,0.55,0.5,GENERIC,測試排序分=原分數+結構前置分*策略權重+續強品質*策略權重；不覆蓋原策略,124.0,3.8,C,突破觀察,收盤接近高點｜突破近5日高｜短均多頭,有轉強跡象，但突破品質尚未完全成立。,v266.57.9,WATCH,0.55,0.35,0.75,12.12,153.0,最後後處理補寫：原分數+結構前置+續強品質+突破品質；不覆蓋原策略,0.0,,一般,9.938,v266.58.1,2026-10-01 01:22:38,突破中,4,12,準IGNITION,前狀態:突破中→今日:突破中｜強狀態維持｜強狀態連續維持｜具備點火條件,READY,v266.60.2,14.138,30.0,32.0,0.0,0.0,20.664,177.0,20/40/60結構佳｜續強品質佳｜主力佈局語意｜狀態升級強｜具升級旗標｜升級標籤,高優先準點火,v266.61,2026-10-01 01:22:44,24.0,洗盤不破承接｜狀態升級觸發｜狀態轉移轉強,準點火事件,具備起漲條件，可放入TEST/準IGNITION觀察。,17.097,182,v266.62,2026-10-01 01:22:46,24.0,0.0,40.0,0.0,2.56,量能安靜｜洗盤整理不破｜主力吸籌文字確認｜狀態轉移剛加速｜狀態剛升級,v266.68,2026-10-01 01:22:50,NOISE,雜訊：條件不足。,WATCH,36
2026-09-30,6534,WATCH,54,90.6,50-100,0.0,0,佈局觀察,波動壓縮 | 均線收斂 | 接近突破 | 結構尚可,True,False,False,True,False,True,10.6,A,起漲結構強,MA5站上MA10｜接近20日高｜40D平台收斂｜短中均線糾結｜40D低點守住｜接近/站回MA60｜MA60不再下彎｜近5日量縮｜5D動能轉正｜10D動能轉正,平台壓縮後轉強，可優先觀察起漲/試單。,v266.57.9,10.6,無原分數欄位｜僅顯示結構前置分數,215.0,9.2,A,續強品質強,回檔不破前低｜低點墊高確認｜收盤守MA5｜續強確認：收盤未跌破MA5｜回檔量縮｜MA5仍在MA10上｜10D動能維持,回檔承接尚可，若原策略入選，可優先觀察延續。,v266.57.9,9.43,0.55,0.5,GENERIC,測試排序分=原分數+結構前置分*策略權重+續強品質*策略權重；不覆蓋原策略,151.0,3.5,C,突破觀察,紅K實體放大｜量能較前日放大｜短均多頭,有轉強跡象，但突破品質尚未完全成立。,v266.57.9,WATCH,0.55,0.35,0.75,11.675,179.0,最後後處理補寫：原分數+結構前置+續強品質+突破品質；不覆蓋原策略,0.0,,一般,9.574,v266.58.1,2026-10-01 01:22:38,突破中,4,13,準IGNITION,前狀態:觀察→今日:突破中｜狀態跳升｜具備點火條件,READY,v266.60.2,14.124,30.0,32.0,0.0,0.0,20.645,183.0,20/40/60結構佳｜續強品質佳｜主力佈局語意｜狀態升級強｜具升級旗標｜升級標籤,高優先準點火,v266.61,2026-10-01 01:22:44,24.0,洗盤不破承接｜狀態升級觸發｜狀態轉移轉強,準點火事件,具備起漲條件，可放入TEST/準IGNITION觀察。,17.087,183,v266.62,2026-10-01 01:22:46,24.0,0.0,40.0,0.0,2.56,量能安靜｜洗盤整理不破｜主力吸籌文字確認｜狀態轉移剛加速｜狀態剛升級,v266.68,2026-10-01 01:22:50,NOISE,雜訊：條件不足。,WATCH,37
2026-09-30,5521,WATCH,54,10.6,50以下,0.0,0,佈局觀察,波動壓縮 | 均線收斂 | 接近突破 | 結構尚可,True,False,False,True,False,True,10.8,A,起漲結構強,20D站上MA20｜MA5站上MA10｜接近20日高｜40D平台收斂｜短中均線糾結｜40D低點守住｜接近/站回MA60｜MA60不再下彎｜站回60D區間中上｜10D動能轉正,平台壓縮後轉強，可優先觀察起漲/試單。,v266.57.9,10.8,無原分數欄位｜僅顯示結構前置分數,197.0,10.0,A,續強品質強,回檔不破前低｜低點墊高確認｜收盤守MA5｜續強確認：收盤未跌破MA5｜回檔量縮｜MA5仍在MA10上｜仍站MA20｜10D動能維持,回檔承接尚可，若原策略入選，可優先觀察延續。,v266.57.9,10.04,0.55,0.5,GENERIC,測試排序分=原分數+結構前置分*策略權重+續強品質*策略權重；不覆蓋原策略,49.0,3.5,C,突破觀察,收盤接近高點｜量能較前日放大｜短均多頭,有轉強跡象，但突破品質尚未完全成立。,v266.57.9,WATCH,0.55,0.35,0.75,12.065,159.0,最後後處理補寫：原分數+結構前置+續強品質+突破品質；不覆蓋原策略,0.0,,一般,9.893,v266.58.1,2026-10-01 01:22:38,突破中,4,12,準IGNITION,前狀態:突破中→今日:突破中｜強狀態維持｜強狀態連續維持｜具備點火條件,READY,v266.60.2,14.093,30.0,32.0,0.0,0.0,20.659,178.0,20/40/60結構佳｜續強品質佳｜主力佈局語意｜狀態升級強｜具升級旗標｜升級標籤,高優先準點火,v266.61,2026-10-01 01:22:44,24.0,洗盤不破承接｜狀態升級觸發｜狀態轉移轉強,準點火事件,具備起漲條件，可放入TEST/準IGNITION觀察。,17.065,184,v266.62,2026-10-01 01:22:46,24.0,0.0,40.0,0.0,2.56,量能安靜｜洗盤整理不破｜主力吸籌文字確認｜狀態轉移剛加速｜狀態剛升級,v266.68,2026-10-01 01:22:50,NOISE,雜訊：條件不足。,WATCH,38
2026-09-30,5220,WATCH,54,24.2,50以下,0.0,0,佈局觀察,安靜吸籌 | 均線收斂 | 接近突破 | 結構尚可,False,True,False,True,False,True,11.0,A,起漲結構強,20D站上MA20｜MA20走平翻揚｜MA5站上MA10｜接近20日高｜40D平台收斂｜短中均線糾結｜40D低點守住｜接近/站回MA60｜MA60不再下彎｜站回60D區間中上,平台壓縮後轉強，可優先觀察起漲/試單。,v266.57.9,11.0,無原分數欄位｜僅顯示結構前置分數,137.0,7.7,A,續強品質強,回檔不破前低｜低點墊高確認｜收盤守MA5｜續強確認：收盤未跌破MA5｜MA5仍在MA10上｜仍站MA20,回檔承接尚可，若原策略入選，可優先觀察延續。,v266.57.9,8.9,0.55,0.5,GENERIC,測試排序分=原分數+結構前置分*策略權重+續強品質*策略權重；不覆蓋原策略,216.0,3.8,C,突破觀察,收盤接近高點｜突破近5日高｜短均多頭,有轉強跡象，但突破品質尚未完全成立。,v266.57.9,WATCH,0.55,0.35,0.75,11.595,180.0,最後後處理補寫：原分數+結構前置+續強品質+突破品質；不覆蓋原策略,0.0,,一般,9.508,v266.58.1,2026-10-01 01:22:38,突破中,4,13,準IGNITION,前狀態:觀察→今日:突破中｜狀態跳升｜具備點火條件,READY,v266.60.2,14.058,30.0,32.0,0.0,0.0,20.638,184.0,20/40/60結構佳｜續強品質佳｜主力佈局語意｜狀態升級強｜具升級旗標｜升級標籤,高優先準點火,v266.61,2026-10-01 01:22:44,24.0,洗盤不破承接｜狀態升級觸發｜狀態轉移轉強,準點火事件,具備起漲條件，可放入TEST/準IGNITION觀察。,17.041,185,v266.62,2026-10-01 01:22:46,24.0,0.0,40.0,0.0,2.56,量能安靜｜洗盤整理不破｜主力吸籌文字確認｜狀態轉移剛加速｜狀態剛升級,v266.68,2026-10-01 01:22:50,NOISE,雜訊：條件不足。,WATCH,39
2026-09-30,6728,WATCH,54,109.0,100-500,0.0,0,佈局觀察,波動壓縮 | 均線收斂 | 接近突破 | 結構尚可,True,False,False,True,False,True,11.0,A,起漲結構強,20D站上MA20｜MA20走平翻揚｜MA5站上MA10｜接近20日高｜40D平台收斂｜短中均線糾結｜40D低點守住｜接近/站回MA60｜MA60不再下彎｜站回60D區間中上,平台壓縮後轉強，可優先觀察起漲/試單。,v266.57.9,11.0,無原分數欄位｜僅顯示結構前置分數,137.0,7.7,A,續強品質強,回檔不破前低｜低點墊高確認｜收盤守MA5｜續強確認：收盤未跌破MA5｜MA5仍在MA10上｜仍站MA20,回檔承接尚可，若原策略入選，可優先觀察延續。,v266.57.9,8.9,0.55,0.5,GENERIC,測試排序分=原分數+結構前置分*策略權重+續強品質*策略權重；不覆蓋原策略,216.0,3.8,C,突破觀察,收盤接近高點｜突破近5日高｜短均多頭,有轉強跡象，但突破品質尚未完全成立。,v266.57.9,WATCH,0.55,0.35,0.75,11.595,180.0,最後後處理補寫：原分數+結構前置+續強品質+突破品質；不覆蓋原策略,0.0,,一般,9.508,v266.58.1,2026-10-01 01:22:38,突破中,4,13,準IGNITION,前狀態:觀察→今日:突破中｜狀態跳升｜具備點火條件,READY,v266.60.2,14.058,30.0,32.0,0.0,0.0,20.638,184.0,20/40/60結構佳｜續強品質佳｜主力佈局語意｜狀態升級強｜具升級旗標｜升級標籤,高優先準點火,v266.61,2026-10-01 01:22:44,24.0,洗盤不破承接｜狀態升級觸發｜狀態轉移轉強,準點火事件,具備起漲條件，可放入TEST/準IGNITION觀察。,17.041,186,v266.62,2026-10-01 01:22:46,24.0,0.0,40.0,0.0,2.56,量能安靜｜洗盤整理不破｜主力吸籌文字確認｜狀態轉移剛加速｜狀態剛升級,v266.68,2026-10-01 01:22:50,NOISE,雜訊：條件不足。,WATCH,40
2026-09-30,6266,WATCH,54,25.0,50以下,0.0,0,佈局觀察,波動壓縮 | 均線收斂 | 接近突破 | 結構尚可,True,False,False,True,False,True,11.0,A,起漲結構強,20D站上MA20｜MA20走平翻揚｜MA5站上MA10｜接近20日高｜40D平台收斂｜短中均線糾結｜40D低點守住｜接近/站回MA60｜MA60不再下彎｜站回60D區間中上,平台壓縮後轉強，可優先觀察起漲/試單。,v266.57.9,11.0,無原分數欄位｜僅顯示結構前置分數,137.0,7.7,A,續強品質強,回檔不破前低｜低點墊高確認｜收盤守MA5｜續強確認：收盤未跌破MA5｜MA5仍在MA10上｜仍站MA20,回檔承接尚可，若原策略入選，可優先觀察延續。,v266.57.9,8.9,0.55,0.5,GENERIC,測試排序分=原分數+結構前置分*策略權重+續強品質*策略權重；不覆蓋原策略,216.0,3.8,C,突破觀察,收盤接近高點｜突破近5日高｜短均多頭,有轉強跡象，但突破品質尚未完全成立。,v266.57.9,WATCH,0.55,0.35,0.75,11.595,180.0,最後後處理補寫：原分數+結構前置+續強品質+突破品質；不覆蓋原策略,0.0,,一般,9.508,v266.58.1,2026-10-01 01:22:38,突破中,4,13,準IGNITION,前狀態:觀察→今日:突破中｜狀態跳升｜具備點火條件,READY,v266.60.2,14.058,30.0,32.0,0.0,0.0,20.638,184.0,20/40/60結構佳｜續強品質佳｜主力佈局語意｜狀態升級強｜具升級旗標｜升級標籤,高優先準點火,v266.61,2026-10-01 01:22:44,24.0,洗盤不破承接｜狀態升級觸發｜狀態轉移轉強,準點火事件,具備起漲條件，可放入TEST/準IGNITION觀察。,17.041,187,v266.62,2026-10-01 01:22:46,24.0,0.0,40.0,0.0,2.56,量能安靜｜洗盤整理不破｜主力吸籌文字確認｜狀態轉移剛加速｜狀態剛升級,v266.68,2026-10-01 01:22:50,NOISE,雜訊：條件不足。,WATCH,41
2026-09-30,8401,WATCH,54,22.75,50以下,0.0,0,佈局觀察,波動壓縮 | 均線收斂 | 接近突破 | 結構尚可,True,False,False,True,False,True,10.0,A,起漲結構強,20D站上MA20｜MA20走平翻揚｜MA5站上MA10｜接近20日高｜40D平台收斂｜短中均線糾結｜40D低點守住｜接近/站回MA60｜MA60不再下彎,平台壓縮後轉強，可優先觀察起漲/試單。,v266.57.9,10.0,無原分數欄位｜僅顯示結構前置分數,253.0,9.2,A,續強品質強,回檔不破前低｜低點墊高確認｜收盤守MA5｜續強確認：收盤未跌破MA5｜回檔量縮｜MA5仍在MA10上｜仍站MA20,回檔承接尚可，若原策略入選，可優先觀察延續。,v266.57.9,9.1,0.55,0.5,GENERIC,測試排序分=原分數+結構前置分*策略權重+續強品質*策略權重；不覆蓋原策略,181.0,3.8,C,突破觀察,收盤接近高點｜突破近5日高｜短均多頭,有轉強跡象，但突破品質尚未完全成立。,v266.57.9,WATCH,0.55,0.35,0.75,11.57,190.0,最後後處理補寫：原分數+結構前置+續強品質+突破品質；不覆蓋原策略,0.0,,一般,9.487,v266.58.1,2026-10-01 01:22:38,突破中,4,13,準IGNITION,前狀態:觀察→今日:突破中｜狀態跳升｜具備點火條件,READY,v266.60.2,14.037,30.0,32.0,0.0,0.0,20.636,187.0,20/40/60結構佳｜續強品質佳｜主力佈局語意｜狀態升級強｜具升級旗標｜升級標籤,高優先準點火,v266.61,2026-10-01 01:22:44,24.0,洗盤不破承接｜狀態升級觸發｜狀態轉移轉強,準點火事件,具備起漲條件，可放入TEST/準IGNITION觀察。,17.026,188,v266.62,2026-10-01 01:22:46,24.0,0.0,40.0,0.0,2.56,量能安靜｜洗盤整理不破｜主力吸籌文字確認｜狀態轉移剛加速｜狀態剛升級,v266.68,2026-10-01 01:22:50,NOISE,雜訊：條件不足。,WATCH,42
2026-09-30,6577,WATCH,54,80.0,50-100,0.0,0,佈局觀察,波動壓縮 | 均線收斂 | 接近突破 | 結構尚可,True,False,False,True,False,True,10.0,A,起漲結構強,20D站上MA20｜MA20走平翻揚｜MA5站上MA10｜接近20日高｜40D平台收斂｜短中均線糾結｜40D低點守住｜接近/站回MA60｜MA60不再下彎,平台壓縮後轉強，可優先觀察起漲/試單。,v266.57.9,10.0,無原分數欄位｜僅顯示結構前置分數,253.0,9.2,A,續強品質強,回檔不破前低｜低點墊高確認｜收盤守MA5｜續強確認：收盤未跌破MA5｜回檔量縮｜MA5仍在MA10上｜仍站MA20,回檔承接尚可，若原策略入選，可優先觀察延續。,v266.57.9,9.1,0.55,0.5,GENERIC,測試排序分=原分數+結構前置分*策略權重+續強品質*策略權重；不覆蓋原策略,181.0,3.8,C,突破觀察,收盤接近高點｜突破近5日高｜短均多頭,有轉強跡象，但突破品質尚未完全成立。,v266.57.9,WATCH,0.55,0.35,0.75,11.57,190.0,最後後處理補寫：原分數+結構前置+續強品質+突破品質；不覆蓋原策略,0.0,,一般,9.487,v266.58.1,2026-10-01 01:22:38,突破中,4,13,準IGNITION,前狀態:觀察→今日:突破中｜狀態跳升｜具備點火條件,READY,v266.60.2,14.037,30.0,32.0,0.0,0.0,20.636,187.0,20/40/60結構佳｜續強品質佳｜主力佈局語意｜狀態升級強｜具升級旗標｜升級標籤,高優先準點火,v266.61,2026-10-01 01:22:44,24.0,洗盤不破承接｜狀態升級觸發｜狀態轉移轉強,準點火事件,具備起漲條件，可放入TEST/準IGNITION觀察。,17.026,189,v266.62,2026-10-01 01:22:46,24.0,0.0,40.0,0.0,2.56,量能安靜｜洗盤整理不破｜主力吸籌文字確認｜狀態轉移剛加速｜狀態剛升級,v266.68,2026-10-01 01:22:50,NOISE,雜訊：條件不足。,WATCH,43
2026-09-30,7708,WATCH,54,92.2,50-100,0.0,0,佈局觀察,波動壓縮 | 均線收斂 | 接近突破 | 結構尚可,True,False,False,True,False,True,10.0,A,起漲結構強,20D站上MA20｜MA20走平翻揚｜MA5站上MA10｜接近20日高｜40D平台收斂｜短中均線糾結｜40D低點守住｜接近/站回MA60｜MA60不再下彎,平台壓縮後轉強，可優先觀察起漲/試單。,v266.57.9,10.0,無原分數欄位｜僅顯示結構前置分數,253.0,9.2,A,續強品質強,回檔不破前低｜低點墊高確認｜收盤守MA5｜續強確認：收盤未跌破MA5｜回檔量縮｜MA5仍在MA10上｜仍站MA20,回檔承接尚可，若原策略入選，可優先觀察延續。,v266.57.9,9.1,0.55,0.5,GENERIC,測試排序分=原分數+結構前置分*策略權重+續強品質*策略權重；不覆蓋原策略,181.0,3.8,C,突破觀察,收盤接近高點｜突破近5日高｜短均多頭,有轉強跡象，但突破品質尚未完全成立。,v266.57.9,WATCH,0.55,0.35,0.75,11.57,190.0,最後後處理補寫：原分數+結構前置+續強品質+突破品質；不覆蓋原策略,0.0,,一般,9.487,v266.58.1,2026-10-01 01:22:38,突破中,4,13,準IGNITION,前狀態:觀察→今日:突破中｜狀態跳升｜具備點火條件,READY,v266.60.2,14.037,30.0,32.0,0.0,0.0,20.636,187.0,20/40/60結構佳｜續強品質佳｜主力佈局語意｜狀態升級強｜具升級旗標｜升級標籤,高優先準點火,v266.61,2026-10-01 01:22:44,24.0,洗盤不破承接｜狀態升級觸發｜狀態轉移轉強,準點火事件,具備起漲條件，可放入TEST/準IGNITION觀察。,17.026,190,v266.62,2026-10-01 01:22:46,24.0,0.0,40.0,0.0,2.56,量能安靜｜洗盤整理不破｜主力吸籌文字確認｜狀態轉移剛加速｜狀態剛升級,v266.68,2026-10-01 01:22:50,NOISE,雜訊：條件不足。,WATCH,44
2026-09-30,6556,WATCH,54,62.1,50-100,0.0,0,佈局觀察,波動壓縮 | 均線收斂 | 接近突破 | 結構尚可,True,False,False,True,False,True,10.0,A,起漲結構強,20D站上MA20｜MA20走平翻揚｜MA5站上MA10｜接近20日高｜40D平台收斂｜短中均線糾結｜40D低點守住｜接近/站回MA60｜近5日量縮,平台壓縮後轉強，可優先觀察起漲/試單。,v266.57.9,10.0,無原分數欄位｜僅顯示結構前置分數,253.0,9.2,A,續強品質強,回檔不破前低｜低點墊高確認｜收盤守MA5｜續強確認：收盤未跌破MA5｜回檔量縮｜MA5仍在MA10上｜仍站MA20,回檔承接尚可，若原策略入選，可優先觀察延續。,v266.57.9,9.1,0.55,0.5,GENERIC,測試排序分=原分數+結構前置分*策略權重+續強品質*策略權重；不覆蓋原策略,181.0,3.8,C,突破觀察,收盤接近高點｜突破近5日高｜短均多頭,有轉強跡象，但突破品質尚未完全成立。,v266.57.9,WATCH,0.55,0.35,0.75,11.57,190.0,最後後處理補寫：原分數+結構前置+續強品質+突破品質；不覆蓋原策略,0.0,,一般,9.487,v266.58.1,2026-10-01 01:22:38,突破中,4,13,準IGNITION,前狀態:觀察→今日:突破中｜狀態跳升｜具備點火條件,READY,v266.60.2,14.037,30.0,32.0,0.0,0.0,20.636,187.0,20/40/60結構佳｜續強品質佳｜主力佈局語意｜狀態升級強｜具升級旗標｜升級標籤,高優先準點火,v266.61,2026-10-01 01:22:44,24.0,洗盤不破承接｜狀態升級觸發｜狀態轉移轉強,準點火事件,具備起漲條件，可放入TEST/準IGNITION觀察。,17.026,191,v266.62,2026-10-01 01:22:46,24.0,0.0,40.0,0.0,2.56,量能安靜｜洗盤整理不破｜主力吸籌文字確認｜狀態轉移剛加速｜狀態剛升級,v266.68,2026-10-01 01:22:50,NOISE,雜訊：條件不足。,WATCH,45
2026-09-30,5523,WATCH,54,30.35,50以下,0.0,0,佈局觀察,波動壓縮 | 均線收斂 | 接近突破 | 結構尚可,True,False,False,True,False,True,10.0,A,起漲結構強,MA20走平翻揚｜MA5站上MA10｜接近20日高｜40D平台收斂｜短中均線糾結｜40D低點守住｜接近/站回MA60｜MA60不再下彎｜站回60D區間中上,平台壓縮後轉強，可優先觀察起漲/試單。,v266.57.9,10.0,無原分數欄位｜僅顯示結構前置分數,253.0,9.2,A,續強品質強,回檔不破前低｜低點墊高確認｜收盤守MA5｜續強確認：收盤未跌破MA5｜回檔量縮｜MA5仍在MA10上｜仍站MA20,回檔承接尚可，若原策略入選，可優先觀察延續。,v266.57.9,9.1,0.55,0.5,GENERIC,測試排序分=原分數+結構前置分*策略權重+續強品質*策略權重；不覆蓋原策略,181.0,3.8,C,突破觀察,收盤接近高點｜突破近5日高｜短均多頭,有轉強跡象，但突破品質尚未完全成立。,v266.57.9,WATCH,0.55,0.35,0.75,11.57,190.0,最後後處理補寫：原分數+結構前置+續強品質+突破品質；不覆蓋原策略,0.0,,一般,9.487,v266.58.1,2026-10-01 01:22:38,突破中,4,13,準IGNITION,前狀態:觀察→今日:突破中｜狀態跳升｜具備點火條件,READY,v266.60.2,14.037,30.0,32.0,0.0,0.0,20.636,187.0,20/40/60結構佳｜續強品質佳｜主力佈局語意｜狀態升級強｜具升級旗標｜升級標籤,高優先準點火,v266.61,2026-10-01 01:22:44,24.0,洗盤不破承接｜狀態升級觸發｜狀態轉移轉強,準點火事件,具備起漲條件，可放入TEST/準IGNITION觀察。,17.026,192,v266.62,2026-10-01 01:22:46,24.0,0.0,40.0,0.0,2.56,量能安靜｜洗盤整理不破｜主力吸籌文字確認｜狀態轉移剛加速｜狀態剛升級,v266.68,2026-10-01 01:22:50,NOISE,雜訊：條件不足。,WATCH,46
2026-09-30,5490,WATCH,54,25.65,50以下,0.0,0,佈局觀察,波動壓縮 | 均線收斂 | 接近突破 | 結構尚可,True,False,False,True,False,True,10.0,A,起漲結構強,20D站上MA20｜MA20走平翻揚｜MA5站上MA10｜接近20日高｜40D平台收斂｜短中均線糾結｜40D低點守住｜接近/站回MA60｜近5日量縮,平台壓縮後轉強，可優先觀察起漲/試單。,v266.57.9,10.0,無原分數欄位｜僅顯示結構前置分數,253.0,9.2,A,續強品質強,回檔不破前低｜低點墊高確認｜收盤守MA5｜續強確認：收盤未跌破MA5｜回檔量縮｜MA5仍在MA10上｜仍站MA20,回檔承接尚可，若原策略入選，可優先觀察延續。,v266.57.9,9.1,0.55,0.5,GENERIC,測試排序分=原分數+結構前置分*策略權重+續強品質*策略權重；不覆蓋原策略,181.0,3.8,C,突破觀察,收盤接近高點｜突破近5日高｜短均多頭,有轉強跡象，但突破品質尚未完全成立。,v266.57.9,WATCH,0.55,0.35,0.75,11.57,190.0,最後後處理補寫：原分數+結構前置+續強品質+突破品質；不覆蓋原策略,0.0,,一般,9.487,v266.58.1,2026-10-01 01:22:38,突破中,4,13,準IGNITION,前狀態:觀察→今日:突破中｜狀態跳升｜具備點火條件,READY,v266.60.2,14.037,30.0,32.0,0.0,0.0,20.636,187.0,20/40/60結構佳｜續強品質佳｜主力佈局語意｜狀態升級強｜具升級旗標｜升級標籤,高優先準點火,v266.61,2026-10-01 01:22:44,24.0,洗盤不破承接｜狀態升級觸發｜狀態轉移轉強,準點火事件,具備起漲條件，可放入TEST/準IGNITION觀察。,17.026,193,v266.62,2026-10-01 01:22:46,24.0,0.0,40.0,0.0,2.56,量能安靜｜洗盤整理不破｜主力吸籌文字確認｜狀態轉移剛加速｜狀態剛升級,v266.68,2026-10-01 01:22:50,NOISE,雜訊：條件不足。,WATCH,47
2026-09-30,3290,TEST,72,52.2,50-100,0.005,5000,佈局高機率,波動壓縮 | 安靜吸籌 | 均線收斂 | 接近突破 | 結構尚可,True,True,False,True,False,True,7.0,B,起漲結構中,20D站上MA20｜MA20走平翻揚｜接近20日高｜40D平台收斂｜短中均線糾結｜接近/站回MA60,平台壓縮後轉強，可優先觀察起漲/試單。,v266.57.9,7.0,無原分數欄位｜僅顯示結構前置分數,710.0,6.5,B,續強品質中,回檔不破前低｜低點墊高確認｜收盤守MA5｜續強確認：收盤未跌破MA5｜仍站MA20,回檔承接尚可，若原策略入選，可優先觀察延續。,v266.57.9,6.1,0.55,0.5,GENERIC,測試排序分=原分數+結構前置分*策略權重+續強品質*策略權重；不覆蓋原策略,748.0,3.0,C,突破觀察,收盤接近高點｜突破近5日高,有轉強跡象，但突破品質尚未完全成立。,v266.57.9,TEST,0.8,0.5,0.9,11.55,198.0,最後後處理補寫：原分數+結構前置+續強品質+突破品質；不覆蓋原策略,0.0,,一般,9.471,v266.58.1,2026-10-01 01:22:38,突破中,4,13,準IGNITION,前狀態:觀察→今日:突破中｜狀態跳升｜具備點火條件,READY,v266.60.2,14.021,30.0,32.0,0.0,0.0,20.635,193.0,20/40/60結構佳｜續強品質佳｜主力佈局語意｜狀態升級強｜具升級旗標｜升級標籤,高優先準點火,v266.61,2026-10-01 01:22:44,24.0,洗盤不破承接｜狀態升級觸發｜狀態轉移轉強,準點火事件,具備起漲條件，可放入TEST/準IGNITION觀察。,17.015,194,v266.62,2026-10-01 01:22:46,24.0,0.0,40.0,0.0,2.56,量能安靜｜洗盤整理不破｜主力吸籌文字確認｜狀態轉移剛加速｜狀態剛升級,v266.68,2026-10-01 01:22:50,NOISE,雜訊：條件不足。,WATCH,48
2026-09-30,2451,WATCH,54,289.0,100-500,0.0,0,佈局觀察,波動壓縮 | 均線收斂 | 接近突破 | 結構尚可,True,False,False,True,False,True,12.0,A,起漲結構強,20D站上MA20｜MA5站上MA10｜接近20日高｜40D平台收斂｜短中均線糾結｜40D低點守住｜接近/站回MA60｜MA60不再下彎｜站回60D區間中上｜近5日量縮｜量縮後溫和放量｜5D動能轉正｜10D動能轉正,平台壓縮後轉強，可優先觀察起漲/試單。,v266.57.9,12.0,無原分數欄位｜僅顯示結構前置分數,1.0,10.0,A,續強品質強,回檔不破前低｜低點墊高確認｜收盤守MA5｜續強確認：收盤未跌破MA5｜回檔量縮｜MA5仍在MA10上｜仍站MA20｜10D動能維持,回檔承接尚可，若原策略入選，可優先觀察延續。,v266.57.9,9.95,0.55,0.5,GENERIC,測試排序分=原分數+結構前置分*策略權重+續強品質*策略權重；不覆蓋原策略,51.0,2.5,C,突破觀察,量能較前日放大｜突破近5日高｜MA5加速上彎｜短均多頭｜扣分:收盤位置偏弱、上影偏長,有轉強跡象，但突破品質尚未完全成立。,v266.57.9,WATCH,0.55,0.35,0.75,11.975,161.0,最後後處理補寫：原分數+結構前置+續強品質+突破品質；不覆蓋原策略,0.0,,一般,9.82,v266.58.1,2026-10-01 01:22:38,突破中,4,12,準IGNITION,前狀態:突破中→今日:突破中｜強狀態維持｜強狀態連續維持｜具備點火條件,READY,v266.60.2,14.02,30.0,32.0,0.0,0.0,20.652,179.0,20/40/60結構佳｜續強品質佳｜主力佈局語意｜狀態升級強｜具升級旗標｜升級標籤,高優先準點火,v266.61,2026-10-01 01:22:44,24.0,洗盤不破承接｜狀態升級觸發｜狀態轉移轉強,準點火事件,具備起漲條件，可放入TEST/準IGNITION觀察。,17.014,195,v266.62,2026-10-01 01:22:46,24.0,0.0,40.0,0.0,2.56,量能安靜｜洗盤整理不破｜主力吸籌文字確認｜狀態轉移剛加速｜狀態剛升級,v266.68,2026-10-01 01:22:50,NOISE,雜訊：條件不足。,WATCH,49
2026-09-30,2248,WATCH,54,61.3,50-100,0.0,0,佈局觀察,波動壓縮 | 均線收斂 | 接近突破 | 結構尚可,True,False,False,True,False,True,11.6,A,起漲結構強,20D站上MA20｜MA5站上MA10｜接近20日高｜40D平台收斂｜短中均線糾結｜40D低點守住｜接近/站回MA60｜MA60不再下彎｜近5日量縮｜5D動能轉正｜10D動能轉正,平台壓縮後轉強，可優先觀察起漲/試單。,v266.57.9,11.6,無原分數欄位｜僅顯示結構前置分數,97.0,10.0,A,續強品質強,回檔不破前低｜低點墊高確認｜收盤守MA5｜回測守MA10｜回檔量縮｜MA5仍在MA10上｜仍站MA20｜10D動能維持,回檔承接尚可，若原策略入選，可優先觀察延續。,v266.57.9,10.48,0.55,0.5,GENERIC,測試排序分=原分數+結構前置分*策略權重+續強品質*策略權重；不覆蓋原策略,31.0,2.2,C,突破觀察,量能較前日放大｜MA5加速上彎｜短均多頭｜扣分:收盤位置偏弱,有轉強跡象，但突破品質尚未完全成立。,v266.57.9,WATCH,0.55,0.35,0.75,11.53,200.0,最後後處理補寫：原分數+結構前置+續強品質+突破品質；不覆蓋原策略,0.0,,一般,9.455,v266.58.1,2026-10-01 01:22:38,突破中,4,13,準IGNITION,前狀態:觀察→今日:突破中｜狀態跳升｜具備點火條件,READY,v266.60.2,14.005,30.0,32.0,0.0,0.0,20.633,194.0,20/40/60結構佳｜續強品質佳｜主力佈局語意｜狀態升級強｜具升級旗標｜升級標籤,高優先準點火,v266.61,2026-10-01 01:22:44,24.0,洗盤不破承接｜狀態升級觸發｜狀態轉移轉強,準點火事件,具備起漲條件，可放入TEST/準IGNITION觀察。,17.004,196,v266.62,2026-10-01 01:22:46,24.0,0.0,40.0,0.0,2.56,量能安靜｜洗盤整理不破｜主力吸籌文字確認｜狀態轉移剛加速｜狀態剛升級,v266.68,2026-10-01 01:22:50,NOISE,雜訊：條件不足。,WATCH,50
2026-09-30,1710,WATCH,54,16.75,50以下,0.0,0,佈局觀察,波動壓縮 | 均線收斂 | 接近突破 | 結構尚可,True,False,False,True,False,True,11.8,A,起漲結構強,20D站上MA20｜MA20走平翻揚｜MA5站上MA10｜接近20日高｜40D平台收斂｜短中均線糾結｜40D低點守住｜接近/站回MA60｜MA60不再下彎｜站回60D區間中上｜10D動能轉正,平台壓縮後轉強，可優先觀察起漲/試單。,v266.57.9,11.8,無原分數欄位｜僅顯示結構前置分數,85.0,10.0,A,續強品質強,回檔不破前低｜低點墊高確認｜收盤守MA5｜續強確認：收盤未跌破MA5｜回檔量縮｜MA5仍在MA10上｜仍站MA20｜10D動能維持,回檔承接尚可，若原策略入選，可優先觀察延續。,v266.57.9,10.59,0.55,0.5,GENERIC,測試排序分=原分數+結構前置分*策略權重+續強品質*策略權重；不覆蓋原策略,26.0,2.3,C,突破觀察,收盤接近高點｜短均多頭,有轉強跡象，但突破品質尚未完全成立。,v266.57.9,WATCH,0.55,0.35,0.75,11.715,176.0,最後後處理補寫：原分數+結構前置+續強品質+突破品質；不覆蓋原策略,0.0,,一般,9.606,v266.58.1,2026-10-01 01:22:38,突破中,4,12,準IGNITION,前狀態:突破中→今日:突破中｜強狀態維持｜強狀態連續維持｜具備點火條件,READY,v266.60.2,13.806,30.0,32.0,0.0,0.0,20.631,195.0,20/40/60結構佳｜續強品質佳｜主力佈局語意｜狀態升級強｜具升級旗標｜升級標籤,高優先準點火,v266.61,2026-10-01 01:22:44,24.0,洗盤不破承接｜狀態升級觸發｜狀態轉移轉強,準點火事件,具備起漲條件，可放入TEST/準IGNITION觀察。,16.864,197,v266.62,2026-10-01 01:22:46,24.0,0.0,40.0,0.0,2.56,量能安靜｜洗盤整理不破｜主力吸籌文字確認｜狀態轉移剛加速｜狀態剛升級,v266.68,2026-10-01 01:22:50,NOISE,雜訊：條件不足。,WATCH,51
2026-09-30,1432,WATCH,54,15.0,50以下,0.0,0,佈局觀察,波動壓縮 | 均線收斂 | 接近突破 | 結構尚可,True,False,False,True,False,True,8.8,A,起漲結構強,MA5站上MA10｜接近20日高｜40D平台收斂｜短中均線糾結｜40D低點守住｜接近/站回MA60｜近5日量縮｜10D動能轉正,平台壓縮後轉強，可優先觀察起漲/試單。,v266.57.9,8.8,無原分數欄位｜僅顯示結構前置分數,522.0,10.0,A,續強品質強,回檔不破前低｜低點墊高確認｜收盤守MA5｜回測守MA10｜回檔量縮｜MA5仍在MA10上｜仍站MA20｜10D動能維持,回檔承接尚可，若原策略入選，可優先觀察延續。,v266.57.9,8.94,0.55,0.5,GENERIC,測試排序分=原分數+結構前置分*策略權重+續強品質*策略權重；不覆蓋原策略,210.0,3.8,C,突破觀察,收盤接近高點｜突破近5日高｜短均多頭,有轉強跡象，但突破品質尚未完全成立。,v266.57.9,WATCH,0.55,0.35,0.75,11.19,212.0,最後後處理補寫：原分數+結構前置+續強品質+突破品質；不覆蓋原策略,0.0,,一般,9.176,v266.58.1,2026-10-01 01:22:38,突破中,4,13,準IGNITION,前狀態:觀察→今日:突破中｜狀態跳升｜具備點火條件,READY,v266.60.2,13.726,30.0,32.0,0.0,0.0,20.605,206.0,20/40/60結構佳｜續強品質佳｜主力佈局語意｜狀態升級強｜具升級旗標｜升級標籤,高優先準點火,v266.61,2026-10-01 01:22:44,24.0,洗盤不破承接｜狀態升級觸發｜狀態轉移轉強,準點火事件,具備起漲條件，可放入TEST/準IGNITION觀察。,16.808,198,v266.62,2026-10-01 01:22:46,24.0,0.0,40.0,0.0,2.56,量能安靜｜洗盤整理不破｜主力吸籌文字確認｜狀態轉移剛加速｜狀態剛升級,v266.68,2026-10-01 01:22:50,NOISE,雜訊：條件不足。,WATCH,52
2026-09-30,6512,WATCH,54,20.25,50以下,0.0,0,佈局觀察,波動壓縮 | 均線收斂 | 接近突破 | 結構尚可,True,False,False,True,False,True,11.0,A,起漲結構強,20D站上MA20｜MA20走平翻揚｜MA5站上MA10｜接近20日高｜40D平台收斂｜短中均線糾結｜40D低點守住｜接近/站回MA60｜MA60不再下彎｜站回60D區間中上,平台壓縮後轉強，可優先觀察起漲/試單。,v266.57.9,11.0,無原分數欄位｜僅顯示結構前置分數,137.0,7.7,A,續強品質強,回檔不破前低｜低點墊高確認｜收盤守MA5｜續強確認：收盤未跌破MA5｜MA5仍在MA10上｜仍站MA20,回檔承接尚可，若原策略入選，可優先觀察延續。,v266.57.9,8.9,0.55,0.5,GENERIC,測試排序分=原分數+結構前置分*策略權重+續強品質*策略權重；不覆蓋原策略,216.0,3.8,C,突破觀察,收盤接近高點｜突破近5日高｜短均多頭,有轉強跡象，但突破品質尚未完全成立。,v266.57.9,WATCH,0.55,0.35,0.75,11.595,180.0,最後後處理補寫：原分數+結構前置+續強品質+突破品質；不覆蓋原策略,0.0,,一般,9.508,v266.58.1,2026-10-01 01:22:38,突破中,4,12,準IGNITION,前狀態:突破中→今日:突破中｜強狀態維持｜強狀態連續維持｜具備點火條件,READY,v266.60.2,13.708,30.0,32.0,0.0,0.0,20.621,196.0,20/40/60結構佳｜續強品質佳｜主力佈局語意｜狀態升級強｜具升級旗標｜升級標籤,高優先準點火,v266.61,2026-10-01 01:22:44,24.0,洗盤不破承接｜狀態升級觸發｜狀態轉移轉強,準點火事件,具備起漲條件，可放入TEST/準IGNITION觀察。,16.796,199,v266.62,2026-10-01 01:22:46,24.0,0.0,40.0,0.0,2.56,量能安靜｜洗盤整理不破｜主力吸籌文字確認｜狀態轉移剛加速｜狀態剛升級,v266.68,2026-10-01 01:22:50,NOISE,雜訊：條件不足。,WATCH,53
2026-09-30,6527,WATCH,54,75.0,50-100,0.0,0,佈局觀察,波動壓縮 | 均線收斂 | 接近突破 | 結構尚可,True,False,False,True,False,True,11.0,A,起漲結構強,20D站上MA20｜MA20走平翻揚｜MA5站上MA10｜接近20日高｜40D平台收斂｜短中均線糾結｜40D低點守住｜接近/站回MA60｜MA60不再下彎｜站回60D區間中上,平台壓縮後轉強，可優先觀察起漲/試單。,v266.57.9,11.0,無原分數欄位｜僅顯示結構前置分數,137.0,7.7,A,續強品質強,回檔不破前低｜低點墊高確認｜收盤守MA5｜續強確認：收盤未跌破MA5｜MA5仍在MA10上｜仍站MA20,回檔承接尚可，若原策略入選，可優先觀察延續。,v266.57.9,8.9,0.55,0.5,GENERIC,測試排序分=原分數+結構前置分*策略權重+續強品質*策略權重；不覆蓋原策略,216.0,3.8,C,突破觀察,收盤接近高點｜突破近5日高｜短均多頭,有轉強跡象，但突破品質尚未完全成立。,v266.57.9,WATCH,0.55,0.35,0.75,11.595,180.0,最後後處理補寫：原分數+結構前置+續強品質+突破品質；不覆蓋原策略,0.0,,一般,9.508,v266.58.1,2026-10-01 01:22:38,突破中,4,12,準IGNITION,前狀態:突破中→今日:突破中｜強狀態維持｜強狀態連續維持｜具備點火條件,READY,v266.60.2,13.708,30.0,32.0,0.0,0.0,20.621,196.0,20/40/60結構佳｜續強品質佳｜主力佈局語意｜狀態升級強｜具升級旗標｜升級標籤,高優先準點火,v266.61,2026-10-01 01:22:44,24.0,洗盤不破承接｜狀態升級觸發｜狀態轉移轉強,準點火事件,具備起漲條件，可放入TEST/準IGNITION觀察。,16.796,200,v266.62,2026-10-01 01:22:46,24.0,0.0,40.0,0.0,2.56,量能安靜｜洗盤整理不破｜主力吸籌文字確認｜狀態轉移剛加速｜狀態剛升級,v266.68,2026-10-01 01:22:50,NOISE,雜訊：條件不足。,WATCH,54
2026-09-30,9962,WATCH,54,10.35,50以下,0.0,0,佈局觀察,波動壓縮 | 均線收斂 | 接近突破 | 結構尚可,True,False,False,True,False,True,11.0,A,起漲結構強,20D站上MA20｜MA20走平翻揚｜MA5站上MA10｜接近20日高｜40D平台收斂｜短中均線糾結｜40D低點守住｜接近/站回MA60｜MA60不再下彎｜站回60D區間中上,平台壓縮後轉強，可優先觀察起漲/試單。,v266.57.9,11.0,無原分數欄位｜僅顯示結構前置分數,137.0,7.7,A,續強品質強,回檔不破前低｜低點墊高確認｜收盤守MA5｜續強確認：收盤未跌破MA5｜MA5仍在MA10上｜仍站MA20,回檔承接尚可，若原策略入選，可優先觀察延續。,v266.57.9,8.9,0.55,0.5,GENERIC,測試排序分=原分數+結構前置分*策略權重+續強品質*策略權重；不覆蓋原策略,216.0,3.8,C,突破觀察,收盤接近高點｜突破近5日高｜短均多頭,有轉強跡象，但突破品質尚未完全成立。,v266.57.9,WATCH,0.55,0.35,0.75,11.595,180.0,最後後處理補寫：原分數+結構前置+續強品質+突破品質；不覆蓋原策略,0.0,,一般,9.508,v266.58.1,2026-10-01 01:22:38,突破中,4,12,準IGNITION,前狀態:突破中→今日:突破中｜強狀態維持｜強狀態連續維持｜具備點火條件,READY,v266.60.2,13.708,30.0,32.0,0.0,0.0,20.621,196.0,20/40/60結構佳｜續強品質佳｜主力佈局語意｜狀態升級強｜具升級旗標｜升級標籤,高優先準點火,v266.61,2026-10-01 01:22:44,24.0,洗盤不破承接｜狀態升級觸發｜狀態轉移轉強,準點火事件,具備起漲條件，可放入TEST/準IGNITION觀察。,16.796,201,v266.62,2026-10-01 01:22:46,24.0,0.0,40.0,0.0,2.56,量能安靜｜洗盤整理不破｜主力吸籌文字確認｜狀態轉移剛加速｜狀態剛升級,v266.68,2026-10-01 01:22:50,NOISE,雜訊：條件不足。,WATCH,55
2026-09-30,8426,WATCH,54,20.65,50以下,0.0,0,佈局觀察,波動壓縮 | 均線收斂 | 接近突破 | 結構尚可,True,False,False,True,False,True,11.0,A,起漲結構強,20D站上MA20｜MA20走平翻揚｜MA5站上MA10｜接近20日高｜40D平台收斂｜短中均線糾結｜40D低點守住｜接近/站回MA60｜MA60不再下彎｜站回60D區間中上,平台壓縮後轉強，可優先觀察起漲/試單。,v266.57.9,11.0,無原分數欄位｜僅顯示結構前置分數,137.0,7.7,A,續強品質強,回檔不破前低｜低點墊高確認｜收盤守MA5｜續強確認：收盤未跌破MA5｜MA5仍在MA10上｜仍站MA20,回檔承接尚可，若原策略入選，可優先觀察延續。,v266.57.9,8.9,0.55,0.5,GENERIC,測試排序分=原分數+結構前置分*策略權重+續強品質*策略權重；不覆蓋原策略,216.0,3.8,C,突破觀察,收盤接近高點｜突破近5日高｜短均多頭,有轉強跡象，但突破品質尚未完全成立。,v266.57.9,WATCH,0.55,0.35,0.75,11.595,180.0,最後後處理補寫：原分數+結構前置+續強品質+突破品質；不覆蓋原策略,0.0,,一般,9.508,v266.58.1,2026-10-01 01:22:38,突破中,4,12,準IGNITION,前狀態:突破中→今日:突破中｜強狀態維持｜強狀態連續維持｜具備點火條件,READY,v266.60.2,13.708,30.0,32.0,0.0,0.0,20.621,196.0,20/40/60結構佳｜續強品質佳｜主力佈局語意｜狀態升級強｜具升級旗標｜升級標籤,高優先準點火,v266.61,2026-10-01 01:22:44,24.0,洗盤不破承接｜狀態升級觸發｜狀態轉移轉強,準點火事件,具備起漲條件，可放入TEST/準IGNITION觀察。,16.796,202,v266.62,2026-10-01 01:22:46,24.0,0.0,40.0,0.0,2.56,量能安靜｜洗盤整理不破｜主力吸籌文字確認｜狀態轉移剛加速｜狀態剛升級,v266.68,2026-10-01 01:22:50,NOISE,雜訊：條件不足。,WATCH,56
2026-09-30,8240,WATCH,54,57.3,50-100,0.0,0,佈局觀察,波動壓縮 | 均線收斂 | 接近突破 | 結構尚可,True,False,False,True,False,True,11.0,A,起漲結構強,20D站上MA20｜MA20走平翻揚｜MA5站上MA10｜接近20日高｜40D平台收斂｜短中均線糾結｜40D低點守住｜接近/站回MA60｜MA60不再下彎｜站回60D區間中上,平台壓縮後轉強，可優先觀察起漲/試單。,v266.57.9,11.0,無原分數欄位｜僅顯示結構前置分數,137.0,7.7,A,續強品質強,回檔不破前低｜低點墊高確認｜收盤守MA5｜續強確認：收盤未跌破MA5｜MA5仍在MA10上｜仍站MA20,回檔承接尚可，若原策略入選，可優先觀察延續。,v266.57.9,8.9,0.55,0.5,GENERIC,測試排序分=原分數+結構前置分*策略權重+續強品質*策略權重；不覆蓋原策略,216.0,3.8,C,突破觀察,收盤接近高點｜突破近5日高｜短均多頭,有轉強跡象，但突破品質尚未完全成立。,v266.57.9,WATCH,0.55,0.35,0.75,11.595,180.0,最後後處理補寫：原分數+結構前置+續強品質+突破品質；不覆蓋原策略,0.0,,一般,9.508,v266.58.1,2026-10-01 01:22:38,突破中,4,12,準IGNITION,前狀態:突破中→今日:突破中｜強狀態維持｜強狀態連續維持｜具備點火條件,READY,v266.60.2,13.708,30.0,32.0,0.0,0.0,20.621,196.0,20/40/60結構佳｜續強品質佳｜主力佈局語意｜狀態升級強｜具升級旗標｜升級標籤,高優先準點火,v266.61,2026-10-01 01:22:44,24.0,洗盤不破承接｜狀態升級觸發｜狀態轉移轉強,準點火事件,具備起漲條件，可放入TEST/準IGNITION觀察。,16.796,203,v266.62,2026-10-01 01:22:46,24.0,0.0,40.0,0.0,2.56,量能安靜｜洗盤整理不破｜主力吸籌文字確認｜狀態轉移剛加速｜狀態剛升級,v266.68,2026-10-01 01:22:50,NOISE,雜訊：條件不足。,WATCH,57
2026-09-30,7810,WATCH,54,235.0,100-500,0.0,0,佈局觀察,波動壓縮 | 均線收斂 | 接近突破 | 結構尚可,True,False,False,True,False,True,11.0,A,起漲結構強,20D站上MA20｜MA20走平翻揚｜MA5站上MA10｜接近20日高｜40D平台收斂｜短中均線糾結｜40D低點守住｜接近/站回MA60｜MA60不再下彎｜站回60D區間中上,平台壓縮後轉強，可優先觀察起漲/試單。,v266.57.9,11.0,無原分數欄位｜僅顯示結構前置分數,137.0,7.7,A,續強品質強,回檔不破前低｜低點墊高確認｜收盤守MA5｜續強確認：收盤未跌破MA5｜MA5仍在MA10上｜仍站MA20,回檔承接尚可，若原策略入選，可優先觀察延續。,v266.57.9,8.9,0.55,0.5,GENERIC,測試排序分=原分數+結構前置分*策略權重+續強品質*策略權重；不覆蓋原策略,216.0,3.8,C,突破觀察,收盤接近高點｜突破近5日高｜短均多頭,有轉強跡象，但突破品質尚未完全成立。,v266.57.9,WATCH,0.55,0.35,0.75,11.595,180.0,最後後處理補寫：原分數+結構前置+續強品質+突破品質；不覆蓋原策略,0.0,,一般,9.508,v266.58.1,2026-10-01 01:22:38,突破中,4,12,準IGNITION,前狀態:突破中→今日:突破中｜強狀態維持｜強狀態連續維持｜具備點火條件,READY,v266.60.2,13.708,30.0,32.0,0.0,0.0,20.621,196.0,20/40/60結構佳｜續強品質佳｜主力佈局語意｜狀態升級強｜具升級旗標｜升級標籤,高優先準點火,v266.61,2026-10-01 01:22:44,24.0,洗盤不破承接｜狀態升級觸發｜狀態轉移轉強,準點火事件,具備起漲條件，可放入TEST/準IGNITION觀察。,16.796,204,v266.62,2026-10-01 01:22:46,24.0,0.0,40.0,0.0,2.56,量能安靜｜洗盤整理不破｜主力吸籌文字確認｜狀態轉移剛加速｜狀態剛升級,v266.68,2026-10-01 01:22:50,NOISE,雜訊：條件不足。,WATCH,58
2026-09-30,7713,WATCH,54,74.3,50-100,0.0,0,佈局觀察,波動壓縮 | 均線收斂 | 接近突破 | 結構尚可,True,False,False,True,False,True,11.0,A,起漲結構強,20D站上MA20｜MA20走平翻揚｜MA5站上MA10｜接近20日高｜40D平台收斂｜短中均線糾結｜40D低點守住｜接近/站回MA60｜MA60不再下彎｜站回60D區間中上,平台壓縮後轉強，可優先觀察起漲/試單。,v266.57.9,11.0,無原分數欄位｜僅顯示結構前置分數,137.0,7.7,A,續強品質強,回檔不破前低｜低點墊高確認｜收盤守MA5｜續強確認：收盤未跌破MA5｜MA5仍在MA10上｜仍站MA20,回檔承接尚可，若原策略入選，可優先觀察延續。,v266.57.9,8.9,0.55,0.5,GENERIC,測試排序分=原分數+結構前置分*策略權重+續強品質*策略權重；不覆蓋原策略,216.0,3.8,C,突破觀察,收盤接近高點｜突破近5日高｜短均多頭,有轉強跡象，但突破品質尚未完全成立。,v266.57.9,WATCH,0.55,0.35,0.75,11.595,180.0,最後後處理補寫：原分數+結構前置+續強品質+突破品質；不覆蓋原策略,0.0,,一般,9.508,v266.58.1,2026-10-01 01:22:38,突破中,4,12,準IGNITION,前狀態:突破中→今日:突破中｜強狀態維持｜強狀態連續維持｜具備點火條件,READY,v266.60.2,13.708,30.0,32.0,0.0,0.0,20.621,196.0,20/40/60結構佳｜續強品質佳｜主力佈局語意｜狀態升級強｜具升級旗標｜升級標籤,高優先準點火,v266.61,2026-10-01 01:22:44,24.0,洗盤不破承接｜狀態升級觸發｜狀態轉移轉強,準點火事件,具備起漲條件，可放入TEST/準IGNITION觀察。,16.796,205,v266.62,2026-10-01 01:22:46,24.0,0.0,40.0,0.0,2.56,量能安靜｜洗盤整理不破｜主力吸籌文字確認｜狀態轉移剛加速｜狀態剛升級,v266.68,2026-10-01 01:22:50,NOISE,雜訊：條件不足。,WATCH,59
2026-09-30,1702,WATCH,54,33.05,50以下,0.0,0,佈局觀察,波動壓縮 | 均線收斂 | 接近突破 | 結構尚可,True,False,False,True,False,True,12.0,A,起漲結構強,20D站上MA20｜MA20走平翻揚｜MA5站上MA10｜接近20日高｜40D平台收斂｜短中均線糾結｜40D低點守住｜接近/站回MA60｜MA60不再下彎｜量縮後溫和放量｜10D動能轉正,平台壓縮後轉強，可優先觀察起漲/試單。,v266.57.9,12.0,無原分數欄位｜僅顯示結構前置分數,1.0,8.7,A,續強品質強,回檔不破前低｜低點墊高確認｜收盤守MA5｜續強確認：收盤未跌破MA5｜MA5仍在MA10上｜仍站MA20｜10D動能維持,回檔承接尚可，若原策略入選，可優先觀察延續。,v266.57.9,9.95,0.55,0.5,GENERIC,測試排序分=原分數+結構前置分*策略權重+續強品質*策略權重；不覆蓋原策略,51.0,2.0,C,突破觀察,量能較前日放大｜短均多頭,有轉強跡象，但突破品質尚未完全成立。,v266.57.9,WATCH,0.55,0.35,0.75,11.145,214.0,最後後處理補寫：原分數+結構前置+續強品質+突破品質；不覆蓋原策略,0.0,,一般,9.139,v266.58.1,2026-10-01 01:22:38,突破中,4,13,準IGNITION,前狀態:觀察→今日:突破中｜狀態跳升｜具備點火條件,READY,v266.60.2,13.689,30.0,32.0,0.0,0.0,20.601,209.0,20/40/60結構佳｜續強品質佳｜主力佈局語意｜狀態升級強｜具升級旗標｜升級標籤,高優先準點火,v266.61,2026-10-01 01:22:44,24.0,洗盤不破承接｜狀態升級觸發｜狀態轉移轉強,準點火事件,具備起漲條件，可放入TEST/準IGNITION觀察。,16.782,206,v266.62,2026-10-01 01:22:46,24.0,0.0,40.0,0.0,2.56,量能安靜｜洗盤整理不破｜主力吸籌文字確認｜狀態轉移剛加速｜狀態剛升級,v266.68,2026-10-01 01:22:50,NOISE,雜訊：條件不足。,WATCH,60
2026-09-30,4163,WATCH,54,136.0,100-500,0.0,0,佈局觀察,波動壓縮 | 均線收斂 | 接近突破 | 結構尚可,True,False,False,True,False,True,10.0,A,起漲結構強,20D站上MA20｜MA20走平翻揚｜MA5站上MA10｜接近20日高｜40D平台收斂｜短中均線糾結｜接近/站回MA60｜MA60不再下彎｜站回60D區間中上,平台壓縮後轉強，可優先觀察起漲/試單。,v266.57.9,10.0,無原分數欄位｜僅顯示結構前置分數,253.0,9.2,A,續強品質強,回檔不破前低｜低點墊高確認｜收盤守MA5｜續強確認：收盤未跌破MA5｜回檔量縮｜MA5仍在MA10上｜仍站MA20,回檔承接尚可，若原策略入選，可優先觀察延續。,v266.57.9,9.1,0.55,0.5,GENERIC,測試排序分=原分數+結構前置分*策略權重+續強品質*策略權重；不覆蓋原策略,181.0,3.8,C,突破觀察,收盤接近高點｜突破近5日高｜短均多頭,有轉強跡象，但突破品質尚未完全成立。,v266.57.9,WATCH,0.55,0.35,0.75,11.57,190.0,最後後處理補寫：原分數+結構前置+續強品質+突破品質；不覆蓋原策略,0.0,,一般,9.487,v266.58.1,2026-10-01 01:22:38,突破中,4,12,準IGNITION,前狀態:突破中→今日:突破中｜強狀態維持｜強狀態連續維持｜具備點火條件,READY,v266.60.2,13.687,30.0,32.0,0.0,0.0,20.619,203.0,20/40/60結構佳｜續強品質佳｜主力佈局語意｜狀態升級強｜具升級旗標｜升級標籤,高優先準點火,v266.61,2026-10-01 01:22:44,24.0,洗盤不破承接｜狀態升級觸發｜狀態轉移轉強,準點火事件,具備起漲條件，可放入TEST/準IGNITION觀察。,16.781,207,v266.62,2026-10-01 01:22:46,24.0,0.0,40.0,0.0,2.56,量能安靜｜洗盤整理不破｜主力吸籌文字確認｜狀態轉移剛加速｜狀態剛升級,v266.68,2026-10-01 01:22:50,NOISE,雜訊：條件不足。,WATCH,61
2026-09-30,5604,WATCH,54,31.2,50以下,0.0,0,佈局觀察,波動壓縮 | 均線收斂 | 接近突破 | 結構尚可,True,False,False,True,False,True,12.0,A,起漲結構強,20D站上MA20｜MA20走平翻揚｜MA5站上MA10｜接近20日高｜40D平台收斂｜短中均線糾結｜40D低點守住｜接近/站回MA60｜MA60不再下彎｜站回60D區間中上｜近5日量縮,平台壓縮後轉強，可優先觀察起漲/試單。,v266.57.9,12.0,無原分數欄位｜僅顯示結構前置分數,1.0,9.2,A,續強品質強,回檔不破前低｜低點墊高確認｜收盤守MA5｜續強確認：收盤未跌破MA5｜回檔量縮｜MA5仍在MA10上｜仍站MA20,回檔承接尚可，若原策略入選，可優先觀察延續。,v266.57.9,10.2,0.55,0.5,GENERIC,測試排序分=原分數+結構前置分*策略權重+續強品質*策略權重；不覆蓋原策略,39.0,2.3,C,突破觀察,突破近5日高｜短均多頭,有轉強跡象，但突破品質尚未完全成立。,v266.57.9,WATCH,0.55,0.35,0.75,11.545,199.0,最後後處理補寫：原分數+結構前置+續強品質+突破品質；不覆蓋原策略,0.0,,一般,9.467,v266.58.1,2026-10-01 01:22:38,突破中,4,12,準IGNITION,前狀態:突破中→今日:突破中｜強狀態維持｜強狀態連續維持｜具備點火條件,READY,v266.60.2,13.667,30.0,32.0,0.0,0.0,20.617,204.0,20/40/60結構佳｜續強品質佳｜主力佈局語意｜狀態升級強｜具升級旗標｜升級標籤,高優先準點火,v266.61,2026-10-01 01:22:44,24.0,洗盤不破承接｜狀態升級觸發｜狀態轉移轉強,準點火事件,具備起漲條件，可放入TEST/準IGNITION觀察。,16.767,208,v266.62,2026-10-01 01:22:46,24.0,0.0,40.0,0.0,2.56,量能安靜｜洗盤整理不破｜主力吸籌文字確認｜狀態轉移剛加速｜狀態剛升級,v266.68,2026-10-01 01:22:50,NOISE,雜訊：條件不足。,WATCH,62
2026-09-30,1416,WATCH,54,11.45,50以下,0.0,0,佈局觀察,波動壓縮 | 均線收斂 | 接近突破 | 結構尚可,True,False,False,True,False,True,11.6,A,起漲結構強,MA5站上MA10｜接近20日高｜40D平台收斂｜短中均線糾結｜40D低點守住｜接近/站回MA60｜MA60不再下彎｜站回60D區間中上｜近5日量縮｜5D動能轉正｜10D動能轉正,平台壓縮後轉強，可優先觀察起漲/試單。,v266.57.9,9.6,無原分數欄位｜僅顯示結構前置分數,365.0,9.2,A,續強品質強,回檔不破前低｜低點墊高確認｜收盤守MA5｜續強確認：收盤未跌破MA5｜回檔量縮｜MA5仍在MA10上｜10D動能維持,回檔承接尚可，若原策略入選，可優先觀察延續。,v266.57.9,8.13,0.55,0.5,GENERIC,測試排序分=原分數+結構前置分*策略權重+續強品質*策略權重；不覆蓋原策略,359.0,2.0,C,突破觀察,MA5加速上彎｜短均多頭,有轉強跡象，但突破品質尚未完全成立。,v266.57.9,WATCH,0.55,0.35,0.75,11.1,217.0,最後後處理補寫：原分數+結構前置+續強品質+突破品質；不覆蓋原策略,0.0,,一般,9.102,v266.58.1,2026-10-01 01:22:38,突破中,4,13,準IGNITION,前狀態:觀察→今日:突破中｜狀態跳升｜具備點火條件,READY,v266.60.2,13.652,30.0,32.0,0.0,0.0,20.598,211.0,20/40/60結構佳｜續強品質佳｜主力佈局語意｜狀態升級強｜具升級旗標｜升級標籤,高優先準點火,v266.61,2026-10-01 01:22:44,24.0,洗盤不破承接｜狀態升級觸發｜狀態轉移轉強,準點火事件,具備起漲條件，可放入TEST/準IGNITION觀察。,16.756,209,v266.62,2026-10-01 01:22:46,24.0,0.0,40.0,0.0,2.56,量能安靜｜洗盤整理不破｜主力吸籌文字確認｜狀態轉移剛加速｜狀態剛升級,v266.68,2026-10-01 01:22:50,NOISE,雜訊：條件不足。,WATCH,63
2026-09-30,1341,WATCH,54,59.9,50-100,0.0,0,佈局觀察,波動壓縮 | 均線收斂 | 接近突破 | 結構尚可,True,False,False,True,False,True,11.8,A,起漲結構強,20D站上MA20｜MA20走平翻揚｜MA5站上MA10｜接近20日高｜40D平台收斂｜短中均線糾結｜40D低點守住｜接近/站回MA60｜站回60D區間中上｜近5日量縮｜5D動能轉正,平台壓縮後轉強，可優先觀察起漲/試單。,v266.57.9,11.8,無原分數欄位｜僅顯示結構前置分數,85.0,9.0,A,續強品質強,回檔不破前低｜低點墊高確認｜收盤守MA5｜回測守MA10｜回檔量縮｜MA5仍在MA10上｜仍站MA20,回檔承接尚可，若原策略入選，可優先觀察延續。,v266.57.9,10.09,0.55,0.5,GENERIC,測試排序分=原分數+結構前置分*策略權重+續強品質*策略權重；不覆蓋原策略,47.0,2.5,C,突破觀察,量能較前日放大｜突破近5日高｜短均多頭｜扣分:收盤位置偏弱,有轉強跡象，但突破品質尚未完全成立。,v266.57.9,WATCH,0.55,0.35,0.75,11.515,201.0,最後後處理補寫：原分數+結構前置+續強品質+突破品質；不覆蓋原策略,0.0,,一般,9.442,v266.58.1,2026-10-01 01:22:38,突破中,4,12,準IGNITION,前狀態:突破中→今日:突破中｜強狀態維持｜強狀態連續維持｜具備點火條件,READY,v266.60.2,13.642,30.0,32.0,0.0,0.0,20.614,205.0,20/40/60結構佳｜續強品質佳｜主力佈局語意｜狀態升級強｜具升級旗標｜升級標籤,高優先準點火,v266.61,2026-10-01 01:22:44,24.0,洗盤不破承接｜狀態升級觸發｜狀態轉移轉強,準點火事件,具備起漲條件，可放入TEST/準IGNITION觀察。,16.749,210,v266.62,2026-10-01 01:22:46,24.0,0.0,40.0,0.0,2.56,量能安靜｜洗盤整理不破｜主力吸籌文字確認｜狀態轉移剛加速｜狀態剛升級,v266.68,2026-10-01 01:22:50,NOISE,雜訊：條件不足。,WATCH,64
2026-09-30,6485,WATCH,54,77.0,50-100,0.0,0,佈局觀察,安靜吸籌 | 均線收斂 | 接近突破 | 結構尚可,False,True,False,True,False,True,10.0,A,起漲結構強,20D站上MA20｜MA20走平翻揚｜MA5站上MA10｜接近20日高｜40D平台收斂｜短中均線糾結｜40D低點守住｜接近/站回MA60｜站回60D區間中上,平台壓縮後轉強，可優先觀察起漲/試單。,v266.57.9,10.0,無原分數欄位｜僅顯示結構前置分數,253.0,7.7,A,續強品質強,回檔不破前低｜低點墊高確認｜收盤守MA5｜續強確認：收盤未跌破MA5｜MA5仍在MA10上｜仍站MA20,回檔承接尚可，若原策略入選，可優先觀察延續。,v266.57.9,8.35,0.55,0.5,GENERIC,測試排序分=原分數+結構前置分*策略權重+續強品質*策略權重；不覆蓋原策略,313.0,3.8,C,突破觀察,收盤接近高點｜突破近5日高｜短均多頭,有轉強跡象，但突破品質尚未完全成立。,v266.57.9,WATCH,0.55,0.35,0.75,11.045,221.0,最後後處理補寫：原分數+結構前置+續強品質+突破品質；不覆蓋原策略,0.0,,一般,9.057,v266.58.1,2026-10-01 01:22:38,突破中,4,13,準IGNITION,前狀態:觀察→今日:突破中｜狀態跳升｜具備點火條件,READY,v266.60.2,13.607,30.0,32.0,0.0,0.0,20.593,214.0,20/40/60結構佳｜續強品質佳｜主力佈局語意｜狀態升級強｜具升級旗標｜升級標籤,高優先準點火,v266.61,2026-10-01 01:22:44,24.0,洗盤不破承接｜狀態升級觸發｜狀態轉移轉強,準點火事件,具備起漲條件，可放入TEST/準IGNITION觀察。,16.725,211,v266.62,2026-10-01 01:22:46,24.0,0.0,40.0,0.0,2.56,量能安靜｜洗盤整理不破｜主力吸籌文字確認｜狀態轉移剛加速｜狀態剛升級,v266.68,2026-10-01 01:22:50,NOISE,雜訊：條件不足。,WATCH,65
2026-09-30,3492,WATCH,54,19.15,50以下,0.0,0,佈局觀察,波動壓縮 | 均線收斂 | 接近突破 | 結構尚可,True,False,False,True,False,True,9.0,A,起漲結構強,20D站上MA20｜MA20走平翻揚｜MA5站上MA10｜接近20日高｜40D平台收斂｜短中均線糾結｜40D低點守住｜接近/站回MA60,平台壓縮後轉強，可優先觀察起漲/試單。,v266.57.9,9.0,無原分數欄位｜僅顯示結構前置分數,391.0,9.2,A,續強品質強,回檔不破前低｜低點墊高確認｜收盤守MA5｜續強確認：收盤未跌破MA5｜回檔量縮｜MA5仍在MA10上｜仍站MA20,回檔承接尚可，若原策略入選，可優先觀察延續。,v266.57.9,8.55,0.55,0.5,GENERIC,測試排序分=原分數+結構前置分*策略權重+續強品質*策略權重；不覆蓋原策略,269.0,3.8,C,突破觀察,收盤接近高點｜突破近5日高｜短均多頭,有轉強跡象，但突破品質尚未完全成立。,v266.57.9,WATCH,0.55,0.35,0.75,11.02,227.0,最後後處理補寫：原分數+結構前置+續強品質+突破品質；不覆蓋原策略,0.0,,一般,9.036,v266.58.1,2026-10-01 01:22:38,突破中,4,13,準IGNITION,前狀態:觀察→今日:突破中｜狀態跳升｜具備點火條件,READY,v266.60.2,13.586,30.0,32.0,0.0,0.0,20.591,215.0,20/40/60結構佳｜續強品質佳｜主力佈局語意｜狀態升級強｜具升級旗標｜升級標籤,高優先準點火,v266.61,2026-10-01 01:22:44,24.0,洗盤不破承接｜狀態升級觸發｜狀態轉移轉強,準點火事件,具備起漲條件，可放入TEST/準IGNITION觀察。,16.71,212,v266.62,2026-10-01 01:22:46,24.0,0.0,40.0,0.0,2.56,量能安靜｜洗盤整理不破｜主力吸籌文字確認｜狀態轉移剛加速｜狀態剛升級,v266.68,2026-10-01 01:22:50,NOISE,雜訊：條件不足。,WATCH,66
2026-09-30,4192,WATCH,54,18.65,50以下,0.0,0,佈局觀察,波動壓縮 | 均線收斂 | 接近突破 | 結構尚可,True,False,False,True,False,True,9.0,A,起漲結構強,20D站上MA20｜MA20走平翻揚｜MA5站上MA10｜接近20日高｜40D平台收斂｜短中均線糾結｜40D低點守住｜接近/站回MA60,平台壓縮後轉強，可優先觀察起漲/試單。,v266.57.9,9.0,無原分數欄位｜僅顯示結構前置分數,391.0,9.2,A,續強品質強,回檔不破前低｜低點墊高確認｜收盤守MA5｜續強確認：收盤未跌破MA5｜回檔量縮｜MA5仍在MA10上｜仍站MA20,回檔承接尚可，若原策略入選，可優先觀察延續。,v266.57.9,8.55,0.55,0.5,GENERIC,測試排序分=原分數+結構前置分*策略權重+續強品質*策略權重；不覆蓋原策略,269.0,3.8,C,突破觀察,收盤接近高點｜突破近5日高｜短均多頭,有轉強跡象，但突破品質尚未完全成立。,v266.57.9,WATCH,0.55,0.35,0.75,11.02,227.0,最後後處理補寫：原分數+結構前置+續強品質+突破品質；不覆蓋原策略,0.0,,一般,9.036,v266.58.1,2026-10-01 01:22:38,突破中,4,13,準IGNITION,前狀態:觀察→今日:突破中｜狀態跳升｜具備點火條件,READY,v266.60.2,13.586,30.0,32.0,0.0,0.0,20.591,215.0,20/40/60結構佳｜續強品質佳｜主力佈局語意｜狀態升級強｜具升級旗標｜升級標籤,高優先準點火,v266.61,2026-10-01 01:22:44,24.0,洗盤不破承接｜狀態升級觸發｜狀態轉移轉強,準點火事件,具備起漲條件，可放入TEST/準IGNITION觀察。,16.71,213,v266.62,2026-10-01 01:22:46,24.0,0.0,40.0,0.0,2.56,量能安靜｜洗盤整理不破｜主力吸籌文字確認｜狀態轉移剛加速｜狀態剛升級,v266.68,2026-10-01 01:22:50,NOISE,雜訊：條件不足。,WATCH,67
2026-09-30,5488,WATCH,54,12.1,50以下,0.0,0,佈局觀察,波動壓縮 | 均線收斂 | 接近突破 | 結構尚可,True,False,False,True,False,True,9.0,A,起漲結構強,20D站上MA20｜MA20走平翻揚｜MA5站上MA10｜接近20日高｜40D平台收斂｜短中均線糾結｜40D低點守住｜接近/站回MA60,平台壓縮後轉強，可優先觀察起漲/試單。,v266.57.9,9.0,無原分數欄位｜僅顯示結構前置分數,391.0,9.2,A,續強品質強,回檔不破前低｜低點墊高確認｜收盤守MA5｜續強確認：收盤未跌破MA5｜回檔量縮｜MA5仍在MA10上｜仍站MA20,回檔承接尚可，若原策略入選，可優先觀察延續。,v266.57.9,8.55,0.55,0.5,GENERIC,測試排序分=原分數+結構前置分*策略權重+續強品質*策略權重；不覆蓋原策略,269.0,3.8,C,突破觀察,收盤接近高點｜突破近5日高｜短均多頭,有轉強跡象，但突破品質尚未完全成立。,v266.57.9,WATCH,0.55,0.35,0.75,11.02,227.0,最後後處理補寫：原分數+結構前置+續強品質+突破品質；不覆蓋原策略,0.0,,一般,9.036,v266.58.1,2026-10-01 01:22:38,突破中,4,13,準IGNITION,前狀態:觀察→今日:突破中｜狀態跳升｜具備點火條件,READY,v266.60.2,13.586,30.0,32.0,0.0,0.0,20.591,215.0,20/40/60結構佳｜續強品質佳｜主力佈局語意｜狀態升級強｜具升級旗標｜升級標籤,高優先準點火,v266.61,2026-10-01 01:22:44,24.0,洗盤不破承接｜狀態升級觸發｜狀態轉移轉強,準點火事件,具備起漲條件，可放入TEST/準IGNITION觀察。,16.71,214,v266.62,2026-10-01 01:22:46,24.0,0.0,40.0,0.0,2.56,量能安靜｜洗盤整理不破｜主力吸籌文字確認｜狀態轉移剛加速｜狀態剛升級,v266.68,2026-10-01 01:22:50,NOISE,雜訊：條件不足。,WATCH,68
2026-09-30,3322,WATCH,54,11.3,50以下,0.0,0,佈局觀察,波動壓縮 | 均線收斂 | 接近突破 | 結構尚可,True,False,False,True,False,True,9.0,A,起漲結構強,20D站上MA20｜MA20走平翻揚｜MA5站上MA10｜接近20日高｜40D平台收斂｜短中均線糾結｜40D低點守住｜接近/站回MA60,平台壓縮後轉強，可優先觀察起漲/試單。,v266.57.9,9.0,無原分數欄位｜僅顯示結構前置分數,391.0,9.2,A,續強品質強,回檔不破前低｜低點墊高確認｜收盤守MA5｜續強確認：收盤未跌破MA5｜回檔量縮｜MA5仍在MA10上｜仍站MA20,回檔承接尚可，若原策略入選，可優先觀察延續。,v266.57.9,8.55,0.55,0.5,GENERIC,測試排序分=原分數+結構前置分*策略權重+續強品質*策略權重；不覆蓋原策略,269.0,3.8,C,突破觀察,收盤接近高點｜突破近5日高｜短均多頭,有轉強跡象，但突破品質尚未完全成立。,v266.57.9,WATCH,0.55,0.35,0.75,11.02,227.0,最後後處理補寫：原分數+結構前置+續強品質+突破品質；不覆蓋原策略,0.0,,一般,9.036,v266.58.1,2026-10-01 01:22:38,突破中,4,13,準IGNITION,前狀態:觀察→今日:突破中｜狀態跳升｜具備點火條件,READY,v266.60.2,13.586,30.0,32.0,0.0,0.0,20.591,215.0,20/40/60結構佳｜續強品質佳｜主力佈局語意｜狀態升級強｜具升級旗標｜升級標籤,高優先準點火,v266.61,2026-10-01 01:22:44,24.0,洗盤不破承接｜狀態升級觸發｜狀態轉移轉強,準點火事件,具備起漲條件，可放入TEST/準IGNITION觀察。,16.71,215,v266.62,2026-10-01 01:22:46,24.0,0.0,40.0,0.0,2.56,量能安靜｜洗盤整理不破｜主力吸籌文字確認｜狀態轉移剛加速｜狀態剛升級,v266.68,2026-10-01 01:22:50,NOISE,雜訊：條件不足。,WATCH,69
2026-09-30,6821,WATCH,54,42.8,50以下,0.0,0,佈局觀察,波動壓縮 | 均線收斂 | 接近突破 | 結構尚可,True,False,False,True,False,True,9.0,A,起漲結構強,20D站上MA20｜MA20走平翻揚｜MA5站上MA10｜接近20日高｜40D平台收斂｜短中均線糾結｜40D低點守住｜接近/站回MA60,平台壓縮後轉強，可優先觀察起漲/試單。,v266.57.9,9.0,無原分數欄位｜僅顯示結構前置分數,391.0,9.2,A,續強品質強,回檔不破前低｜低點墊高確認｜收盤守MA5｜續強確認：收盤未跌破MA5｜回檔量縮｜MA5仍在MA10上｜仍站MA20,回檔承接尚可，若原策略入選，可優先觀察延續。,v266.57.9,8.55,0.55,0.5,GENERIC,測試排序分=原分數+結構前置分*策略權重+續強品質*策略權重；不覆蓋原策略,269.0,3.8,C,突破觀察,收盤接近高點｜突破近5日高｜短均多頭,有轉強跡象，但突破品質尚未完全成立。,v266.57.9,WATCH,0.55,0.35,0.75,11.02,227.0,最後後處理補寫：原分數+結構前置+續強品質+突破品質；不覆蓋原策略,0.0,,一般,9.036,v266.58.1,2026-10-01 01:22:38,突破中,4,13,準IGNITION,前狀態:觀察→今日:突破中｜狀態跳升｜具備點火條件,READY,v266.60.2,13.586,30.0,32.0,0.0,0.0,20.591,215.0,20/40/60結構佳｜續強品質佳｜主力佈局語意｜狀態升級強｜具升級旗標｜升級標籤,高優先準點火,v266.61,2026-10-01 01:22:44,24.0,洗盤不破承接｜狀態升級觸發｜狀態轉移轉強,準點火事件,具備起漲條件，可放入TEST/準IGNITION觀察。,16.71,216,v266.62,2026-10-01 01:22:46,24.0,0.0,40.0,0.0,2.56,量能安靜｜洗盤整理不破｜主力吸籌文字確認｜狀態轉移剛加速｜狀態剛升級,v266.68,2026-10-01 01:22:50,NOISE,雜訊：條件不足。,WATCH,70
2026-09-30,6593,WATCH,54,32.25,50以下,0.0,0,佈局觀察,波動壓縮 | 均線收斂 | 接近突破 | 結構尚可,True,False,False,True,False,True,11.0,A,起漲結構強,20D站上MA20｜MA20走平翻揚｜MA5站上MA10｜接近20日高｜40D平台收斂｜短中均線糾結｜40D低點守住｜接近/站回MA60｜MA60不再下彎｜近5日量縮,平台壓縮後轉強，可優先觀察起漲/試單。,v266.57.9,11.0,無原分數欄位｜僅顯示結構前置分數,137.0,9.2,A,續強品質強,回檔不破前低｜低點墊高確認｜收盤守MA5｜續強確認：收盤未跌破MA5｜回檔量縮｜MA5仍在MA10上｜仍站MA20,回檔承接尚可，若原策略入選，可優先觀察延續。,v266.57.9,9.65,0.55,0.5,GENERIC,測試排序分=原分數+結構前置分*策略權重+續強品質*策略權重；不覆蓋原策略,124.0,2.3,C,突破觀察,收盤接近高點｜短均多頭,有轉強跡象，但突破品質尚未完全成立。,v266.57.9,WATCH,0.55,0.35,0.75,10.995,232.0,最後後處理補寫：原分數+結構前置+續強品質+突破品質；不覆蓋原策略,0.0,,一般,9.016,v266.58.1,2026-10-01 01:22:38,突破中,4,13,準IGNITION,前狀態:觀察→今日:突破中｜狀態跳升｜具備點火條件,READY,v266.60.2,13.566,30.0,32.0,0.0,0.0,20.589,220.0,20/40/60結構佳｜續強品質佳｜主力佈局語意｜狀態升級強｜具升級旗標｜升級標籤,高優先準點火,v266.61,2026-10-01 01:22:44,24.0,洗盤不破承接｜狀態升級觸發｜狀態轉移轉強,準點火事件,具備起漲條件，可放入TEST/準IGNITION觀察。,16.696,217,v266.62,2026-10-01 01:22:46,24.0,0.0,40.0,0.0,2.56,量能安靜｜洗盤整理不破｜主力吸籌文字確認｜狀態轉移剛加速｜狀態剛升級,v266.68,2026-10-01 01:22:50,NOISE,雜訊：條件不足。,WATCH,71
2026-09-30,2910,BUY,86,23.6,50以下,0.01,10000,主力佈局完成,波動壓縮 | 安靜吸籌 | 均線收斂 | 放量吸收 | 接近突破 | 結構尚可,True,True,False,True,True,True,9.8,A,起漲結構強,MA5站上MA10｜40D平台收斂｜短中均線糾結｜40D低點守住｜接近/站回MA60｜MA60不再下彎｜量縮後溫和放量｜10D動能轉正,平台壓縮後轉強，可優先觀察起漲/試單。,v266.57.9,9.8,無原分數欄位｜僅顯示結構前置分數,346.0,7.7,A,續強品質強,回檔不破前低｜低點墊高確認｜收盤守MA5｜續強確認：收盤未跌破MA5｜MA5仍在MA10上｜10D動能維持,回檔承接尚可，若原策略入選，可優先觀察延續。,v266.57.9,8.24,0.55,0.5,GENERIC,測試排序分=原分數+結構前置分*策略權重+續強品質*策略權重；不覆蓋原策略,351.0,3.5,C,突破觀察,收盤接近高點｜量能較前日放大｜短均多頭,有轉強跡象，但突破品質尚未完全成立。,v266.57.9,GENERIC,0.55,0.5,0.5,10.99,234.0,最後後處理補寫：原分數+結構前置+續強品質+突破品質；不覆蓋原策略,0.0,,一般,9.012,v266.58.1,2026-10-01 01:22:38,突破中,4,13,準IGNITION,前狀態:觀察→今日:突破中｜狀態跳升｜具備點火條件,READY,v266.60.2,13.562,30.0,32.0,0.0,0.0,20.589,220.0,20/40/60結構佳｜續強品質佳｜主力佈局語意｜狀態升級強｜具升級旗標｜升級標籤,高優先準點火,v266.61,2026-10-01 01:22:44,24.0,洗盤不破承接｜狀態升級觸發｜狀態轉移轉強,準點火事件,具備起漲條件，可放入TEST/準IGNITION觀察。,16.693,218,v266.62,2026-10-01 01:22:46,24.0,0.0,40.0,0.0,2.56,量能安靜｜洗盤整理不破｜主力吸籌文字確認｜狀態轉移剛加速｜狀態剛升級,v266.68,2026-10-01 01:22:50,NOISE,雜訊：條件不足。,WATCH,72
2026-09-30,6569,WATCH,54,92.2,50-100,0.0,0,佈局觀察,波動壓縮 | 均線收斂 | 接近突破 | 結構尚可,True,False,False,True,False,True,9.0,A,起漲結構強,20D站上MA20｜MA20走平翻揚｜MA5站上MA10｜接近20日高｜40D平台收斂｜短中均線糾結｜40D低點守住｜接近/站回MA60,平台壓縮後轉強，可優先觀察起漲/試單。,v266.57.9,9.0,無原分數欄位｜僅顯示結構前置分數,391.0,9.0,A,續強品質強,回檔不破前低｜低點墊高確認｜收盤守MA5｜回測守MA10｜回檔量縮｜MA5仍在MA10上｜仍站MA20,回檔承接尚可，若原策略入選，可優先觀察延續。,v266.57.9,8.55,0.55,0.5,GENERIC,測試排序分=原分數+結構前置分*策略權重+續強品質*策略權重；不覆蓋原策略,269.0,3.8,C,突破觀察,收盤接近高點｜突破近5日高｜短均多頭,有轉強跡象，但突破品質尚未完全成立。,v266.57.9,WATCH,0.55,0.35,0.75,10.95,235.0,最後後處理補寫：原分數+結構前置+續強品質+突破品質；不覆蓋原策略,0.0,,一般,8.979,v266.58.1,2026-10-01 01:22:38,突破中,4,13,準IGNITION,前狀態:觀察→今日:突破中｜狀態跳升｜具備點火條件,READY,v266.60.2,13.529,30.0,32.0,0.0,0.0,20.585,222.0,20/40/60結構佳｜續強品質佳｜主力佈局語意｜狀態升級強｜具升級旗標｜升級標籤,高優先準點火,v266.61,2026-10-01 01:22:44,24.0,洗盤不破承接｜狀態升級觸發｜狀態轉移轉強,準點火事件,具備起漲條件，可放入TEST/準IGNITION觀察。,16.67,219,v266.62,2026-10-01 01:22:46,24.0,0.0,40.0,0.0,2.56,量能安靜｜洗盤整理不破｜主力吸籌文字確認｜狀態轉移剛加速｜狀態剛升級,v266.68,2026-10-01 01:22:50,NOISE,雜訊：條件不足。,WATCH,73
2026-09-30,1568,WATCH,64,32.8,50以下,0.0,0,佈局觀察,波動壓縮 | 安靜吸籌 | 放量吸收 | 接近突破,True,True,False,False,True,True,12.0,A,起漲結構強,20D站上MA20｜MA20走平翻揚｜MA5站上MA10｜接近20日高｜40D平台收斂｜短中均線糾結｜40D低點守住｜接近/站回MA60｜站回60D區間中上｜量縮後溫和放量｜5D動能轉正｜10D動能轉正,平台壓縮後轉強，可優先觀察起漲/試單。,v266.57.9,12.0,無原分數欄位｜僅顯示結構前置分數,1.0,8.7,A,續強品質強,回檔不破前低｜低點墊高確認｜收盤守MA5｜續強確認：收盤未跌破MA5｜MA5仍在MA10上｜仍站MA20｜10D動能維持,回檔承接尚可，若原策略入選，可優先觀察延續。,v266.57.9,9.95,0.55,0.5,GENERIC,測試排序分=原分數+結構前置分*策略權重+續強品質*策略權重；不覆蓋原策略,51.0,2.3,C,突破觀察,突破近5日高｜短均多頭,有轉強跡象，但突破品質尚未完全成立。,v266.57.9,WATCH,0.55,0.35,0.75,11.37,207.0,最後後處理補寫：原分數+結構前置+續強品質+突破品質；不覆蓋原策略,0.0,,一般,9.323,v266.58.1,2026-10-01 01:22:38,突破中,4,12,準IGNITION,前狀態:突破中→今日:突破中｜強狀態維持｜強狀態連續維持｜具備點火條件,READY,v266.60.2,13.523,30.0,32.0,0.0,0.0,20.602,207.0,20/40/60結構佳｜續強品質佳｜主力佈局語意｜狀態升級強｜具升級旗標｜升級標籤,高優先準點火,v266.61,2026-10-01 01:22:44,24.0,洗盤不破承接｜狀態升級觸發｜狀態轉移轉強,準點火事件,具備起漲條件，可放入TEST/準IGNITION觀察。,16.666,220,v266.62,2026-10-01 01:22:46,24.0,0.0,40.0,0.0,2.56,量能安靜｜洗盤整理不破｜主力吸籌文字確認｜狀態轉移剛加速｜狀態剛升級,v266.68,2026-10-01 01:22:50,NOISE,雜訊：條件不足。,WATCH,74
2026-09-30,3164,WATCH,54,16.55,50以下,0.0,0,佈局觀察,安靜吸籌 | 均線收斂 | 接近突破 | 結構尚可,False,True,False,True,False,True,12.0,A,起漲結構強,20D站上MA20｜MA20走平翻揚｜MA5站上MA10｜接近20日高｜40D平台收斂｜短中均線糾結｜40D低點守住｜接近/站回MA60｜MA60不再下彎｜站回60D區間中上｜量縮後溫和放量｜5D動能轉正｜10D動能轉正,平台壓縮後轉強，可優先觀察起漲/試單。,v266.57.9,12.0,無原分數欄位｜僅顯示結構前置分數,1.0,8.7,A,續強品質強,回檔不破前低｜低點墊高確認｜收盤守MA5｜續強確認：收盤未跌破MA5｜MA5仍在MA10上｜仍站MA20｜10D動能維持,回檔承接尚可，若原策略入選，可優先觀察延續。,v266.57.9,9.95,0.55,0.5,GENERIC,測試排序分=原分數+結構前置分*策略權重+續強品質*策略權重；不覆蓋原策略,51.0,2.3,C,突破觀察,收盤接近高點｜短均多頭,有轉強跡象，但突破品質尚未完全成立。,v266.57.9,WATCH,0.55,0.35,0.75,11.37,207.0,最後後處理補寫：原分數+結構前置+續強品質+突破品質；不覆蓋原策略,0.0,,一般,9.323,v266.58.1,2026-10-01 01:22:38,突破中,4,12,準IGNITION,前狀態:突破中→今日:突破中｜強狀態維持｜強狀態連續維持｜具備點火條件,READY,v266.60.2,13.523,30.0,32.0,0.0,0.0,20.602,207.0,20/40/60結構佳｜續強品質佳｜主力佈局語意｜狀態升級強｜具升級旗標｜升級標籤,高優先準點火,v266.61,2026-10-01 01:22:44,24.0,洗盤不破承接｜狀態升級觸發｜狀態轉移轉強,準點火事件,具備起漲條件，可放入TEST/準IGNITION觀察。,16.666,221,v266.62,2026-10-01 01:22:46,24.0,0.0,40.0,0.0,2.56,量能安靜｜洗盤整理不破｜主力吸籌文字確認｜狀態轉移剛加速｜狀態剛升級,v266.68,2026-10-01 01:22:50,NOISE,雜訊：條件不足。,WATCH,75
2026-09-30,1219,WATCH,54,11.45,50以下,0.0,0,佈局觀察,波動壓縮 | 均線收斂 | 接近突破 | 結構尚可,True,False,False,True,False,True,8.8,A,起漲結構強,MA5站上MA10｜接近20日高｜40D平台收斂｜短中均線糾結｜40D低點守住｜接近/站回MA60｜站回60D區間中上｜10D動能轉正,平台壓縮後轉強，可優先觀察起漲/試單。,v266.57.9,8.8,無原分數欄位｜僅顯示結構前置分數,522.0,9.2,A,續強品質強,回檔不破前低｜低點墊高確認｜收盤守MA5｜續強確認：收盤未跌破MA5｜回檔量縮｜MA5仍在MA10上｜10D動能維持,回檔承接尚可，若原策略入選，可優先觀察延續。,v266.57.9,8.44,0.55,0.5,GENERIC,測試排序分=原分數+結構前置分*策略權重+續強品質*策略權重；不覆蓋原策略,303.0,3.8,C,突破觀察,紅K實體放大｜收盤接近高點｜短均多頭,有轉強跡象，但突破品質尚未完全成立。,v266.57.9,WATCH,0.55,0.35,0.75,10.91,240.0,最後後處理補寫：原分數+結構前置+續強品質+突破品質；不覆蓋原策略,0.0,,一般,8.946,v266.58.1,2026-10-01 01:22:38,突破中,4,13,準IGNITION,前狀態:觀察→今日:突破中｜狀態跳升｜具備點火條件,READY,v266.60.2,13.496,30.0,32.0,0.0,0.0,20.582,223.0,20/40/60結構佳｜續強品質佳｜主力佈局語意｜狀態升級強｜具升級旗標｜升級標籤,高優先準點火,v266.61,2026-10-01 01:22:44,24.0,洗盤不破承接｜狀態升級觸發｜狀態轉移轉強,準點火事件,具備起漲條件，可放入TEST/準IGNITION觀察。,16.647,222,v266.62,2026-10-01 01:22:46,24.0,0.0,40.0,0.0,2.56,量能安靜｜洗盤整理不破｜主力吸籌文字確認｜狀態轉移剛加速｜狀態剛升級,v266.68,2026-10-01 01:22:50,NOISE,雜訊：條件不足。,WATCH,76
2026-09-30,6423,WATCH,54,85.9,50-100,0.0,0,佈局觀察,波動壓縮 | 均線收斂 | 接近突破 | 結構尚可,True,False,False,True,False,True,11.0,A,起漲結構強,20D站上MA20｜MA20走平翻揚｜MA5站上MA10｜接近20日高｜40D平台收斂｜短中均線糾結｜40D低點守住｜接近/站回MA60｜MA60不再下彎｜站回60D區間中上,平台壓縮後轉強，可優先觀察起漲/試單。,v266.57.9,11.0,無原分數欄位｜僅顯示結構前置分數,137.0,7.5,A,續強品質強,回檔不破前低｜低點墊高確認｜收盤守MA5｜回測守MA10｜MA5仍在MA10上｜仍站MA20,回檔承接尚可，若原策略入選，可優先觀察延續。,v266.57.9,8.9,0.55,0.5,GENERIC,測試排序分=原分數+結構前置分*策略權重+續強品質*策略權重；不覆蓋原策略,216.0,3.5,C,突破觀察,收盤接近高點｜MA5加速上彎｜短均多頭,有轉強跡象，但突破品質尚未完全成立。,v266.57.9,WATCH,0.55,0.35,0.75,11.3,209.0,最後後處理補寫：原分數+結構前置+續強品質+突破品質；不覆蓋原策略,0.0,,一般,9.266,v266.58.1,2026-10-01 01:22:38,突破中,4,12,準IGNITION,前狀態:突破中→今日:突破中｜強狀態維持｜強狀態連續維持｜具備點火條件,READY,v266.60.2,13.466,30.0,32.0,0.0,0.0,20.597,212.0,20/40/60結構佳｜續強品質佳｜主力佈局語意｜狀態升級強｜具升級旗標｜升級標籤,高優先準點火,v266.61,2026-10-01 01:22:44,24.0,洗盤不破承接｜狀態升級觸發｜狀態轉移轉強,準點火事件,具備起漲條件，可放入TEST/準IGNITION觀察。,16.626,223,v266.62,2026-10-01 01:22:46,24.0,0.0,40.0,0.0,2.56,量能安靜｜洗盤整理不破｜主力吸籌文字確認｜狀態轉移剛加速｜狀態剛升級,v266.68,2026-10-01 01:22:50,NOISE,雜訊：條件不足。,WATCH,77
2026-09-30,8431,WATCH,54,66.8,50-100,0.0,0,佈局觀察,波動壓縮 | 均線收斂 | 接近突破 | 結構尚可,True,False,False,True,False,True,9.5,A,起漲結構強,20D站上MA20｜MA20走平翻揚｜MA5站上MA10｜短中均線糾結｜40D低點守住｜接近/站回MA60｜MA60不再下彎｜站回60D區間中上｜近5日量縮,平台壓縮後轉強，可優先觀察起漲/試單。,v266.57.9,9.5,無原分數欄位｜僅顯示結構前置分數,380.0,9.2,A,續強品質強,回檔不破前低｜低點墊高確認｜收盤守MA5｜續強確認：收盤未跌破MA5｜回檔量縮｜MA5仍在MA10上｜仍站MA20,回檔承接尚可，若原策略入選，可優先觀察延續。,v266.57.9,8.825,0.55,0.5,GENERIC,測試排序分=原分數+結構前置分*策略權重+續強品質*策略權重；不覆蓋原策略,253.0,3.8,C,突破觀察,收盤接近高點｜突破近5日高｜短均多頭,有轉強跡象，但突破品質尚未完全成立。,v266.57.9,WATCH,0.55,0.35,0.75,11.295,210.0,最後後處理補寫：原分數+結構前置+續強品質+突破品質；不覆蓋原策略,0.0,,一般,9.262,v266.58.1,2026-10-01 01:22:38,突破中,4,12,準IGNITION,前狀態:突破中→今日:突破中｜強狀態維持｜強狀態連續維持｜具備點火條件,READY,v266.60.2,13.462,30.0,32.0,0.0,0.0,20.596,213.0,20/40/60結構佳｜續強品質佳｜主力佈局語意｜狀態升級強｜具升級旗標｜升級標籤,高優先準點火,v266.61,2026-10-01 01:22:44,24.0,洗盤不破承接｜狀態升級觸發｜狀態轉移轉強,準點火事件,具備起漲條件，可放入TEST/準IGNITION觀察。,16.623,224,v266.62,2026-10-01 01:22:46,24.0,0.0,40.0,0.0,2.56,量能安靜｜洗盤整理不破｜主力吸籌文字確認｜狀態轉移剛加速｜狀態剛升級,v266.68,2026-10-01 01:22:50,NOISE,雜訊：條件不足。,WATCH,78
2026-09-30,7786,WATCH,54,119.5,100-500,0.0,0,佈局觀察,波動壓縮 | 均線收斂 | 接近突破 | 結構尚可,True,False,False,True,False,True,9.8,A,起漲結構強,20D站上MA20｜MA20走平翻揚｜接近20日高｜40D平台收斂｜短中均線糾結｜40D低點守住｜接近/站回MA60｜近5日量縮｜10D動能轉正,平台壓縮後轉強，可優先觀察起漲/試單。,v266.57.9,9.8,無原分數欄位｜僅顯示結構前置分數,346.0,9.0,A,續強品質強,回檔不破前低｜低點墊高確認｜收盤守MA5｜續強確認：收盤未跌破MA5｜回檔量縮｜仍站MA20｜10D動能維持,回檔承接尚可，若原策略入選，可優先觀察延續。,v266.57.9,8.89,0.55,0.5,GENERIC,測試排序分=原分數+結構前置分*策略權重+續強品質*策略權重；不覆蓋原策略,251.0,3.0,C,突破觀察,紅K實體放大｜收盤接近高點,有轉強跡象，但突破品質尚未完全成立。,v266.57.9,WATCH,0.55,0.35,0.75,10.79,250.0,最後後處理補寫：原分數+結構前置+續強品質+突破品質；不覆蓋原策略,0.0,,一般,8.848,v266.58.1,2026-10-01 01:22:38,突破中,4,13,準IGNITION,前狀態:觀察→今日:突破中｜狀態跳升｜具備點火條件,READY,v266.60.2,13.398,30.0,32.0,0.0,0.0,20.572,230.0,20/40/60結構佳｜續強品質佳｜主力佈局語意｜狀態升級強｜具升級旗標｜升級標籤,高優先準點火,v266.61,2026-10-01 01:22:44,24.0,洗盤不破承接｜狀態升級觸發｜狀態轉移轉強,準點火事件,具備起漲條件，可放入TEST/準IGNITION觀察。,16.579,225,v266.62,2026-10-01 01:22:46,24.0,0.0,40.0,0.0,2.56,量能安靜｜洗盤整理不破｜主力吸籌文字確認｜狀態轉移剛加速｜狀態剛升級,v266.68,2026-10-01 01:22:50,NOISE,雜訊：條件不足。,WATCH,79
2026-09-30,2924,WATCH,54,18.3,50以下,0.0,0,佈局觀察,安靜吸籌 | 均線收斂 | 接近突破 | 結構尚可,False,True,False,True,False,True,11.0,A,起漲結構強,20D站上MA20｜MA20走平翻揚｜MA5站上MA10｜接近20日高｜40D平台收斂｜短中均線糾結｜40D低點守住｜接近/站回MA60｜MA60不再下彎｜站回60D區間中上,平台壓縮後轉強，可優先觀察起漲/試單。,v266.57.9,11.0,無原分數欄位｜僅顯示結構前置分數,137.0,6.0,B,續強品質中,回檔不破前低｜低點墊高確認｜回測守MA10｜MA5仍在MA10上｜仍站MA20,回檔承接尚可，若原策略入選，可優先觀察延續。,v266.57.9,8.55,0.55,0.5,GENERIC,測試排序分=原分數+結構前置分*策略權重+續強品質*策略權重；不覆蓋原策略,269.0,3.5,C,突破觀察,收盤接近高點｜MA5加速上彎｜短均多頭,有轉強跡象，但突破品質尚未完全成立。,v266.57.9,WATCH,0.55,0.35,0.75,10.775,252.0,最後後處理補寫：原分數+結構前置+續強品質+突破品質；不覆蓋原策略,0.0,,一般,8.836,v266.58.1,2026-10-01 01:22:38,突破中,4,13,準IGNITION,前狀態:觀察→今日:突破中｜狀態跳升｜具備點火條件,READY,v266.60.2,13.386,30.0,32.0,0.0,0.0,20.571,232.0,20/40/60結構佳｜續強品質佳｜主力佈局語意｜狀態升級強｜具升級旗標｜升級標籤,高優先準點火,v266.61,2026-10-01 01:22:44,24.0,洗盤不破承接｜狀態升級觸發｜狀態轉移轉強,準點火事件,具備起漲條件，可放入TEST/準IGNITION觀察。,16.57,226,v266.62,2026-10-01 01:22:46,24.0,0.0,40.0,0.0,2.56,量能安靜｜洗盤整理不破｜主力吸籌文字確認｜狀態轉移剛加速｜狀態剛升級,v266.68,2026-10-01 01:22:50,NOISE,雜訊：條件不足。,WATCH,80
2026-09-30,2349,WATCH,62,10.7,50以下,0.0,0,佈局觀察,波動壓縮 | 均線收斂 | 放量吸收 | 接近突破,True,False,False,True,True,True,6.1,B,起漲結構中,20D站上MA20｜MA5站上MA10｜40D平台收斂｜短中均線糾結｜接近/站回MA60｜5D動能轉正｜10D動能轉正｜扣分:單日爆量偏高,平台壓縮後轉強，可優先觀察起漲/試單。,v266.57.9,6.1,無原分數欄位｜僅顯示結構前置分數,827.0,8.7,A,續強品質強,回檔不破前低｜低點墊高確認｜收盤守MA5｜續強確認：收盤未跌破MA5｜MA5仍在MA10上｜仍站MA20｜10D動能維持,回檔承接尚可，若原策略入選，可優先觀察延續。,v266.57.9,6.705,0.55,0.5,GENERIC,測試排序分=原分數+結構前置分*策略權重+續強品質*策略權重；不覆蓋原策略,642.0,3.5,C,突破觀察,突破近5日高｜MA5加速上彎｜短均多頭,有轉強跡象，但突破品質尚未完全成立。,v266.57.9,WATCH,0.55,0.35,0.75,9.025,459.0,最後後處理補寫：原分數+結構前置+續強品質+突破品質；不覆蓋原策略,0.0,,一般,7.4,v266.58.1,2026-10-01 01:22:38,突破中,4,17,準IGNITION,前狀態:突破中→今日:突破中｜強狀態維持｜連續升級｜強狀態連續維持｜具備點火條件,READY,v266.60.2,13.35,30.0,32.0,0.0,0.0,20.498,280.0,20/40/60結構佳｜續強品質佳｜主力佈局語意｜狀態升級強｜具升級旗標｜升級標籤,高優先準點火,v266.61,2026-10-01 01:22:44,24.0,洗盤不破承接｜狀態升級觸發｜狀態轉移轉強,準點火事件,具備起漲條件，可放入TEST/準IGNITION觀察。,16.545,227,v266.62,2026-10-01 01:22:46,24.0,0.0,40.0,0.0,2.56,量能安靜｜洗盤整理不破｜主力吸籌文字確認｜狀態轉移剛加速｜狀態剛升級,v266.68,2026-10-01 01:22:50,NOISE,雜訊：條件不足。,WATCH,81
2026-09-30,3712,WATCH,54,20.65,50以下,0.0,0,佈局觀察,波動壓縮 | 洗盤收回 | 均線收斂 | 結構尚可,True,False,True,True,False,False,10.8,A,起漲結構強,40D平台收斂｜短中均線糾結｜40D低點守住｜接近/站回MA60｜MA60不再下彎｜站回60D區間中上｜近5日量縮｜量縮後溫和放量｜10D動能轉正,平台壓縮後轉強，可優先觀察起漲/試單。,v266.57.9,10.8,無原分數欄位｜僅顯示結構前置分數,197.0,7.8,A,續強品質強,回檔不破前低｜低點墊高確認｜收盤守MA5｜回測守MA10｜回檔量縮｜10D動能維持,回檔承接尚可，若原策略入選，可優先觀察延續。,v266.57.9,8.94,0.55,0.5,GENERIC,測試排序分=原分數+結構前置分*策略權重+續強品質*策略權重；不覆蓋原策略,210.0,2.7,C,突破觀察,收盤接近高點｜量能較前日放大,有轉強跡象，但突破品質尚未完全成立。,v266.57.9,WATCH,0.55,0.35,0.75,10.695,258.0,最後後處理補寫：原分數+結構前置+續強品質+突破品質；不覆蓋原策略,0.0,,一般,8.77,v266.58.1,2026-10-01 01:22:38,突破中,4,13,準IGNITION,前狀態:觀察→今日:突破中｜狀態跳升｜具備點火條件,READY,v266.60.2,13.32,30.0,32.0,0.0,0.0,20.565,233.0,20/40/60結構佳｜續強品質佳｜主力佈局語意｜狀態升級強｜具升級旗標｜升級標籤,高優先準點火,v266.61,2026-10-01 01:22:44,24.0,洗盤不破承接｜狀態升級觸發｜狀態轉移轉強,準點火事件,具備起漲條件，可放入TEST/準IGNITION觀察。,16.524,228,v266.62,2026-10-01 01:22:46,24.0,0.0,40.0,0.0,2.56,量能安靜｜洗盤整理不破｜主力吸籌文字確認｜狀態轉移剛加速｜狀態剛升級,v266.68,2026-10-01 01:22:50,NOISE,雜訊：條件不足。,WATCH,82
2026-09-30,8446,WATCH,54,84.8,50-100,0.0,0,佈局觀察,波動壓縮 | 均線收斂 | 接近突破 | 結構尚可,True,False,False,True,False,True,9.0,A,起漲結構強,MA20走平翻揚｜MA5站上MA10｜接近20日高｜40D平台收斂｜短中均線糾結｜40D低點守住｜接近/站回MA60｜MA60不再下彎,平台壓縮後轉強，可優先觀察起漲/試單。,v266.57.9,9.0,無原分數欄位｜僅顯示結構前置分數,391.0,8.2,A,續強品質強,回檔不破前低｜低點墊高確認｜收盤守MA5｜續強確認：收盤未跌破MA5｜回檔量縮｜MA5仍在MA10上,回檔承接尚可，若原策略入選，可優先觀察延續。,v266.57.9,8.05,0.55,0.5,GENERIC,測試排序分=原分數+結構前置分*策略權重+續強品質*策略權重；不覆蓋原策略,364.0,3.8,C,突破觀察,收盤接近高點｜突破近5日高｜短均多頭,有轉強跡象，但突破品質尚未完全成立。,v266.57.9,WATCH,0.55,0.35,0.75,10.67,260.0,最後後處理補寫：原分數+結構前置+續強品質+突破品質；不覆蓋原策略,0.0,,一般,8.749,v266.58.1,2026-10-01 01:22:38,突破中,4,13,準IGNITION,前狀態:觀察→今日:突破中｜狀態跳升｜具備點火條件,READY,v266.60.2,13.299,30.0,32.0,0.0,0.0,20.562,235.0,20/40/60結構佳｜續強品質佳｜主力佈局語意｜狀態升級強｜具升級旗標｜升級標籤,高優先準點火,v266.61,2026-10-01 01:22:44,24.0,洗盤不破承接｜狀態升級觸發｜狀態轉移轉強,準點火事件,具備起漲條件，可放入TEST/準IGNITION觀察。,16.509,229,v266.62,2026-10-01 01:22:46,24.0,0.0,40.0,0.0,2.56,量能安靜｜洗盤整理不破｜主力吸籌文字確認｜狀態轉移剛加速｜狀態剛升級,v266.68,2026-10-01 01:22:50,NOISE,雜訊：條件不足。,WATCH,83
2026-09-30,3338,WATCH,54,68.0,50-100,0.0,0,佈局觀察,波動壓縮 | 均線收斂 | 接近突破 | 結構尚可,True,False,False,True,False,True,11.6,A,起漲結構強,20D站上MA20｜MA20走平翻揚｜MA5站上MA10｜40D平台收斂｜短中均線糾結｜40D低點守住｜接近/站回MA60｜站回60D區間中上｜近5日量縮｜5D動能轉正｜10D動能轉正,平台壓縮後轉強，可優先觀察起漲/試單。,v266.57.9,11.6,無原分數欄位｜僅顯示結構前置分數,97.0,8.7,A,續強品質強,回檔不破前低｜低點墊高確認｜收盤守MA5｜續強確認：收盤未跌破MA5｜MA5仍在MA10上｜仍站MA20｜10D動能維持,回檔承接尚可，若原策略入選，可優先觀察延續。,v266.57.9,9.73,0.55,0.5,GENERIC,測試排序分=原分數+結構前置分*策略權重+續強品質*策略權重；不覆蓋原策略,102.0,2.2,C,突破觀察,量能較前日放大｜MA5加速上彎｜短均多頭｜扣分:收盤位置偏弱,有轉強跡象，但突破品質尚未完全成立。,v266.57.9,WATCH,0.55,0.35,0.75,11.075,219.0,最後後處理補寫：原分數+結構前置+續強品質+突破品質；不覆蓋原策略,0.0,,一般,9.081,v266.58.1,2026-10-01 01:22:38,突破中,4,12,準IGNITION,前狀態:突破中→今日:突破中｜強狀態維持｜強狀態連續維持｜具備點火條件,READY,v266.60.2,13.281,30.0,32.0,0.0,0.0,20.578,224.0,20/40/60結構佳｜續強品質佳｜主力佈局語意｜狀態升級強｜具升級旗標｜升級標籤,高優先準點火,v266.61,2026-10-01 01:22:44,24.0,洗盤不破承接｜狀態升級觸發｜狀態轉移轉強,準點火事件,具備起漲條件，可放入TEST/準IGNITION觀察。,16.497,230,v266.62,2026-10-01 01:22:46,24.0,0.0,40.0,0.0,2.56,量能安靜｜洗盤整理不破｜主力吸籌文字確認｜狀態轉移剛加速｜狀態剛升級,v266.68,2026-10-01 01:22:50,NOISE,雜訊：條件不足。,WATCH,84
2026-09-30,1439,TEST,68,28.9,50以下,0.005,5000,佈局高機率,波動壓縮 | 均線收斂 | 放量吸收 | 接近突破 | 結構尚可,True,False,False,True,True,True,7.5,B,起漲結構中,20D站上MA20｜接近20日高｜40D平台收斂｜短中均線糾結｜40D低點守住｜接近/站回MA60｜MA60不再下彎｜站回60D區間中上｜扣分:單日爆量偏高,平台壓縮後轉強，可優先觀察起漲/試單。,v266.57.9,7.5,無原分數欄位｜僅顯示結構前置分數,699.0,6.5,B,續強品質中,回檔不破前低｜低點墊高確認｜收盤守MA5｜續強確認：收盤未跌破MA5｜仍站MA20,回檔承接尚可，若原策略入選，可優先觀察延續。,v266.57.9,6.375,0.55,0.5,GENERIC,測試排序分=原分數+結構前置分*策略權重+續強品質*策略權重；不覆蓋原策略,691.0,2.0,C,突破觀察,紅K實體放大｜收盤接近高點｜扣分:單日量能過猛,有轉強跡象，但突破品質尚未完全成立。,v266.57.9,TEST,0.8,0.5,0.9,11.05,220.0,最後後處理補寫：原分數+結構前置+續強品質+突破品質；不覆蓋原策略,0.0,,一般,9.061,v266.58.1,2026-10-01 01:22:38,突破中,4,12,準IGNITION,前狀態:突破中→今日:突破中｜強狀態維持｜強狀態連續維持｜具備點火條件,READY,v266.60.2,13.261,30.0,32.0,0.0,0.0,20.576,225.0,20/40/60結構佳｜續強品質佳｜主力佈局語意｜狀態升級強｜具升級旗標｜升級標籤,高優先準點火,v266.61,2026-10-01 01:22:44,24.0,洗盤不破承接｜狀態升級觸發｜狀態轉移轉強,準點火事件,具備起漲條件，可放入TEST/準IGNITION觀察。,16.483,231,v266.62,2026-10-01 01:22:46,24.0,0.0,40.0,0.0,2.56,量能安靜｜洗盤整理不破｜主力吸籌文字確認｜狀態轉移剛加速｜狀態剛升級,v266.68,2026-10-01 01:22:50,NOISE,雜訊：條件不足。,WATCH,85
2026-09-30,4754,WATCH,54,37.9,50以下,0.0,0,佈局觀察,波動壓縮 | 均線收斂 | 接近突破 | 結構尚可,True,False,False,True,False,True,10.0,A,起漲結構強,20D站上MA20｜MA5站上MA10｜接近20日高｜40D平台收斂｜短中均線糾結｜40D低點守住｜接近/站回MA60｜MA60不再下彎｜站回60D區間中上,平台壓縮後轉強，可優先觀察起漲/試單。,v266.57.9,10.0,無原分數欄位｜僅顯示結構前置分數,253.0,7.7,A,續強品質強,回檔不破前低｜低點墊高確認｜收盤守MA5｜續強確認：收盤未跌破MA5｜MA5仍在MA10上｜仍站MA20,回檔承接尚可，若原策略入選，可優先觀察延續。,v266.57.9,8.35,0.55,0.5,GENERIC,測試排序分=原分數+結構前置分*策略權重+續強品質*策略權重；不覆蓋原策略,313.0,3.8,C,突破觀察,收盤接近高點｜突破近5日高｜短均多頭,有轉強跡象，但突破品質尚未完全成立。,v266.57.9,WATCH,0.55,0.35,0.75,11.045,221.0,最後後處理補寫：原分數+結構前置+續強品質+突破品質；不覆蓋原策略,0.0,,一般,9.057,v266.58.1,2026-10-01 01:22:38,突破中,4,12,準IGNITION,前狀態:突破中→今日:突破中｜強狀態維持｜強狀態連續維持｜具備點火條件,READY,v266.60.2,13.257,30.0,32.0,0.0,0.0,20.576,225.0,20/40/60結構佳｜續強品質佳｜主力佈局語意｜狀態升級強｜具升級旗標｜升級標籤,高優先準點火,v266.61,2026-10-01 01:22:44,24.0,洗盤不破承接｜狀態升級觸發｜狀態轉移轉強,準點火事件,具備起漲條件，可放入TEST/準IGNITION觀察。,16.48,232,v266.62,2026-10-01 01:22:46,24.0,0.0,40.0,0.0,2.56,量能安靜｜洗盤整理不破｜主力吸籌文字確認｜狀態轉移剛加速｜狀態剛升級,v266.68,2026-10-01 01:22:50,NOISE,雜訊：條件不足。,WATCH,86
2026-09-30,1259,WATCH,54,68.1,50-100,0.0,0,佈局觀察,波動壓縮 | 均線收斂 | 接近突破 | 結構尚可,True,False,False,True,False,True,10.0,A,起漲結構強,20D站上MA20｜MA20走平翻揚｜MA5站上MA10｜接近20日高｜40D平台收斂｜短中均線糾結｜接近/站回MA60｜MA60不再下彎｜站回60D區間中上,平台壓縮後轉強，可優先觀察起漲/試單。,v266.57.9,10.0,無原分數欄位｜僅顯示結構前置分數,253.0,7.7,A,續強品質強,回檔不破前低｜低點墊高確認｜收盤守MA5｜續強確認：收盤未跌破MA5｜MA5仍在MA10上｜仍站MA20,回檔承接尚可，若原策略入選，可優先觀察延續。,v266.57.9,8.35,0.55,0.5,GENERIC,測試排序分=原分數+結構前置分*策略權重+續強品質*策略權重；不覆蓋原策略,313.0,3.8,C,突破觀察,收盤接近高點｜突破近5日高｜短均多頭,有轉強跡象，但突破品質尚未完全成立。,v266.57.9,WATCH,0.55,0.35,0.75,11.045,221.0,最後後處理補寫：原分數+結構前置+續強品質+突破品質；不覆蓋原策略,0.0,,一般,9.057,v266.58.1,2026-10-01 01:22:38,突破中,4,12,準IGNITION,前狀態:突破中→今日:突破中｜強狀態維持｜強狀態連續維持｜具備點火條件,READY,v266.60.2,13.257,30.0,32.0,0.0,0.0,20.576,225.0,20/40/60結構佳｜續強品質佳｜主力佈局語意｜狀態升級強｜具升級旗標｜升級標籤,高優先準點火,v266.61,2026-10-01 01:22:44,24.0,洗盤不破承接｜狀態升級觸發｜狀態轉移轉強,準點火事件,具備起漲條件，可放入TEST/準IGNITION觀察。,16.48,233,v266.62,2026-10-01 01:22:46,24.0,0.0,40.0,0.0,2.56,量能安靜｜洗盤整理不破｜主力吸籌文字確認｜狀態轉移剛加速｜狀態剛升級,v266.68,2026-10-01 01:22:50,NOISE,雜訊：條件不足。,WATCH,87
2026-09-30,6165,BUY,86,50.0,50-100,0.01,10000,主力佈局完成,波動壓縮 | 安靜吸籌 | 均線收斂 | 放量吸收 | 接近突破 | 結構尚可,True,True,False,True,True,True,9.3,A,起漲結構強,20D站上MA20｜MA20走平翻揚｜MA5站上MA10｜接近20日高｜40D平台收斂｜短中均線糾結｜40D低點守住｜接近/站回MA60｜MA60不再下彎｜站回60D區間中上｜10D動能轉正｜扣分:單日爆量偏高、成交量異常爆量,平台壓縮後轉強，可優先觀察起漲/試單。,v266.57.9,9.3,無原分數欄位｜僅顯示結構前置分數,385.0,6.5,B,續強品質中,回檔不破前低｜低點墊高確認｜收盤守MA5｜續強確認：收盤未跌破MA5｜MA5仍在MA10上｜仍站MA20｜10D動能維持｜扣分:回檔量放大、異常爆量,回檔承接尚可，若原策略入選，可優先觀察延續。,v266.57.9,7.365,0.55,0.5,GENERIC,測試排序分=原分數+結構前置分*策略權重+續強品質*策略權重；不覆蓋原策略,535.0,2.8,C,突破觀察,紅K實體放大｜收盤接近高點｜短均多頭｜扣分:單日量能過猛,有轉強跡象，但突破品質尚未完全成立。,v266.57.9,GENERIC,0.55,0.5,0.5,9.765,365.0,最後後處理補寫：原分數+結構前置+續強品質+突破品質；不覆蓋原策略,0.0,,一般,8.007,v266.58.1,2026-10-01 01:22:38,突破中,4,15,準IGNITION,前狀態:試盤中→今日:突破中｜狀態升級｜連續升級｜具備點火條件,READY,v266.60.2,13.257,30.0,32.0,0.0,0.0,20.523,258.0,20/40/60結構佳｜續強品質佳｜主力佈局語意｜狀態升級強｜具升級旗標｜升級標籤,高優先準點火,v266.61,2026-10-01 01:22:44,24.0,洗盤不破承接｜狀態升級觸發｜狀態轉移轉強,準點火事件,具備起漲條件，可放入TEST/準IGNITION觀察。,16.48,234,v266.62,2026-10-01 01:22:46,24.0,0.0,40.0,0.0,2.56,量能安靜｜洗盤整理不破｜主力吸籌文字確認｜狀態轉移剛加速｜狀態剛升級,v266.68,2026-10-01 01:22:50,NOISE,雜訊：條件不足。,WATCH,88
2026-09-30,5864,WATCH,54,39.2,50以下,0.0,0,佈局觀察,波動壓縮 | 均線收斂 | 接近突破 | 結構尚可,True,False,False,True,False,True,10.0,A,起漲結構強,20D站上MA20｜MA20走平翻揚｜MA5站上MA10｜接近20日高｜40D平台收斂｜短中均線糾結｜40D低點守住｜接近/站回MA60｜站回60D區間中上,平台壓縮後轉強，可優先觀察起漲/試單。,v266.57.9,10.0,無原分數欄位｜僅顯示結構前置分數,253.0,7.7,A,續強品質強,回檔不破前低｜低點墊高確認｜收盤守MA5｜續強確認：收盤未跌破MA5｜MA5仍在MA10上｜仍站MA20,回檔承接尚可，若原策略入選，可優先觀察延續。,v266.57.9,8.35,0.55,0.5,GENERIC,測試排序分=原分數+結構前置分*策略權重+續強品質*策略權重；不覆蓋原策略,313.0,3.8,C,突破觀察,收盤接近高點｜突破近5日高｜短均多頭,有轉強跡象，但突破品質尚未完全成立。,v266.57.9,WATCH,0.55,0.35,0.75,11.045,221.0,最後後處理補寫：原分數+結構前置+續強品質+突破品質；不覆蓋原策略,0.0,,一般,9.057,v266.58.1,2026-10-01 01:22:38,突破中,4,12,準IGNITION,前狀態:突破中→今日:突破中｜強狀態維持｜強狀態連續維持｜具備點火條件,READY,v266.60.2,13.257,30.0,32.0,0.0,0.0,20.576,225.0,20/40/60結構佳｜續強品質佳｜主力佈局語意｜狀態升級強｜具升級旗標｜升級標籤,高優先準點火,v266.61,2026-10-01 01:22:44,24.0,洗盤不破承接｜狀態升級觸發｜狀態轉移轉強,準點火事件,具備起漲條件，可放入TEST/準IGNITION觀察。,16.48,235,v266.62,2026-10-01 01:22:46,24.0,0.0,40.0,0.0,2.56,量能安靜｜洗盤整理不破｜主力吸籌文字確認｜狀態轉移剛加速｜狀態剛升級,v266.68,2026-10-01 01:22:50,NOISE,雜訊：條件不足。,WATCH,89
2026-09-30,4946,WATCH,54,101.5,100-500,0.0,0,佈局觀察,波動壓縮 | 均線收斂 | 接近突破 | 結構尚可,True,False,False,True,False,True,10.0,A,起漲結構強,20D站上MA20｜MA20走平翻揚｜MA5站上MA10｜接近20日高｜40D平台收斂｜短中均線糾結｜40D低點守住｜接近/站回MA60｜站回60D區間中上,平台壓縮後轉強，可優先觀察起漲/試單。,v266.57.9,10.0,無原分數欄位｜僅顯示結構前置分數,253.0,7.7,A,續強品質強,回檔不破前低｜低點墊高確認｜收盤守MA5｜續強確認：收盤未跌破MA5｜MA5仍在MA10上｜仍站MA20,回檔承接尚可，若原策略入選，可優先觀察延續。,v266.57.9,8.35,0.55,0.5,GENERIC,測試排序分=原分數+結構前置分*策略權重+續強品質*策略權重；不覆蓋原策略,313.0,3.8,C,突破觀察,收盤接近高點｜突破近5日高｜短均多頭,有轉強跡象，但突破品質尚未完全成立。,v266.57.9,WATCH,0.55,0.35,0.75,11.045,221.0,最後後處理補寫：原分數+結構前置+續強品質+突破品質；不覆蓋原策略,0.0,,一般,9.057,v266.58.1,2026-10-01 01:22:38,突破中,4,12,準IGNITION,前狀態:突破中→今日:突破中｜強狀態維持｜強狀態連續維持｜具備點火條件,READY,v266.60.2,13.257,30.0,32.0,0.0,0.0,20.576,225.0,20/40/60結構佳｜續強品質佳｜主力佈局語意｜狀態升級強｜具升級旗標｜升級標籤,高優先準點火,v266.61,2026-10-01 01:22:44,24.0,洗盤不破承接｜狀態升級觸發｜狀態轉移轉強,準點火事件,具備起漲條件，可放入TEST/準IGNITION觀察。,16.48,236,v266.62,2026-10-01 01:22:46,24.0,0.0,40.0,0.0,2.56,量能安靜｜洗盤整理不破｜主力吸籌文字確認｜狀態轉移剛加速｜狀態剛升級,v266.68,2026-10-01 01:22:50,NOISE,雜訊：條件不足。,WATCH,90
2026-09-30,3708,WATCH,54,98.9,50-100,0.0,0,佈局觀察,波動壓縮 | 均線收斂 | 接近突破 | 結構尚可,True,False,False,True,False,True,9.8,A,起漲結構強,20D站上MA20｜MA5站上MA10｜接近20日高｜40D平台收斂｜短中均線糾結｜40D低點守住｜接近/站回MA60｜近5日量縮｜10D動能轉正,平台壓縮後轉強，可優先觀察起漲/試單。,v266.57.9,9.8,無原分數欄位｜僅顯示結構前置分數,346.0,10.0,A,續強品質強,回檔不破前低｜低點墊高確認｜收盤守MA5｜續強確認：收盤未跌破MA5｜回檔量縮｜MA5仍在MA10上｜仍站MA20｜10D動能維持,回檔承接尚可，若原策略入選，可優先觀察延續。,v266.57.9,9.49,0.55,0.5,GENERIC,測試排序分=原分數+結構前置分*策略權重+續強品質*策略權重；不覆蓋原策略,140.0,2.3,C,突破觀察,收盤接近高點｜短均多頭,有轉強跡象，但突破品質尚未完全成立。,v266.57.9,WATCH,0.55,0.35,0.75,10.615,263.0,最後後處理補寫：原分數+結構前置+續強品質+突破品質；不覆蓋原策略,0.0,,一般,8.704,v266.58.1,2026-10-01 01:22:38,突破中,4,13,準IGNITION,前狀態:觀察→今日:突破中｜狀態跳升｜具備點火條件,READY,v266.60.2,13.254,30.0,32.0,0.0,0.0,20.558,236.0,20/40/60結構佳｜續強品質佳｜主力佈局語意｜狀態升級強｜具升級旗標｜升級標籤,高優先準點火,v266.61,2026-10-01 01:22:44,24.0,洗盤不破承接｜狀態升級觸發｜狀態轉移轉強,準點火事件,具備起漲條件，可放入TEST/準IGNITION觀察。,16.478,237,v266.62,2026-10-01 01:22:46,24.0,0.0,40.0,0.0,2.56,量能安靜｜洗盤整理不破｜主力吸籌文字確認｜狀態轉移剛加速｜狀態剛升級,v266.68,2026-10-01 01:22:50,NOISE,雜訊：條件不足。,WATCH,91
2026-09-30,4972,WATCH,54,16.3,50以下,0.0,0,佈局觀察,波動壓縮 | 均線收斂 | 接近突破 | 結構尚可,True,False,False,True,False,True,9.0,A,起漲結構強,MA20走平翻揚｜MA5站上MA10｜接近20日高｜40D平台收斂｜短中均線糾結｜40D低點守住｜接近/站回MA60｜MA60不再下彎,平台壓縮後轉強，可優先觀察起漲/試單。,v266.57.9,9.0,無原分數欄位｜僅顯示結構前置分數,391.0,8.0,A,續強品質強,回檔不破前低｜低點墊高確認｜收盤守MA5｜回測守MA10｜回檔量縮｜MA5仍在MA10上,回檔承接尚可，若原策略入選，可優先觀察延續。,v266.57.9,8.05,0.55,0.5,GENERIC,測試排序分=原分數+結構前置分*策略權重+續強品質*策略權重；不覆蓋原策略,364.0,3.8,C,突破觀察,收盤接近高點｜突破近5日高｜短均多頭,有轉強跡象，但突破品質尚未完全成立。,v266.57.9,WATCH,0.55,0.35,0.75,10.6,264.0,最後後處理補寫：原分數+結構前置+續強品質+突破品質；不覆蓋原策略,0.0,,一般,8.692,v266.58.1,2026-10-01 01:22:38,突破中,4,13,準IGNITION,前狀態:觀察→今日:突破中｜狀態跳升｜具備點火條件,READY,v266.60.2,13.242,30.0,32.0,0.0,0.0,20.557,237.0,20/40/60結構佳｜續強品質佳｜主力佈局語意｜狀態升級強｜具升級旗標｜升級標籤,高優先準點火,v266.61,2026-10-01 01:22:44,24.0,洗盤不破承接｜狀態升級觸發｜狀態轉移轉強,準點火事件,具備起漲條件，可放入TEST/準IGNITION觀察。,16.469,238,v266.62,2026-10-01 01:22:46,24.0,0.0,40.0,0.0,2.56,量能安靜｜洗盤整理不破｜主力吸籌文字確認｜狀態轉移剛加速｜狀態剛升級,v266.68,2026-10-01 01:22:50,NOISE,雜訊：條件不足。,WATCH,92
2026-09-30,1464,WATCH,54,9.98,50以下,0.0,0,佈局觀察,波動壓縮 | 均線收斂 | 接近突破 | 結構尚可,True,False,False,True,False,True,8.6,A,起漲結構強,MA5站上MA10｜接近20日高｜40D平台收斂｜短中均線糾結｜40D低點守住｜接近/站回MA60｜5D動能轉正｜10D動能轉正,平台壓縮後轉強，可優先觀察起漲/試單。,v266.57.9,8.6,無原分數欄位｜僅顯示結構前置分數,538.0,9.2,A,續強品質強,回檔不破前低｜低點墊高確認｜收盤守MA5｜續強確認：收盤未跌破MA5｜回檔量縮｜MA5仍在MA10上｜10D動能維持,回檔承接尚可，若原策略入選，可優先觀察延續。,v266.57.9,8.33,0.55,0.5,GENERIC,測試排序分=原分數+結構前置分*策略權重+續強品質*策略權重；不覆蓋原策略,343.0,3.5,C,突破觀察,收盤接近高點｜MA5加速上彎｜短均多頭,有轉強跡象，但突破品質尚未完全成立。,v266.57.9,WATCH,0.55,0.35,0.75,10.575,268.0,最後後處理補寫：原分數+結構前置+續強品質+突破品質；不覆蓋原策略,0.0,,一般,8.671,v266.58.1,2026-10-01 01:22:38,突破中,4,13,準IGNITION,前狀態:觀察→今日:突破中｜狀態跳升｜具備點火條件,READY,v266.60.2,13.221,30.0,32.0,0.0,0.0,20.555,238.0,20/40/60結構佳｜續強品質佳｜主力佈局語意｜狀態升級強｜具升級旗標｜升級標籤,高優先準點火,v266.61,2026-10-01 01:22:44,24.0,洗盤不破承接｜狀態升級觸發｜狀態轉移轉強,準點火事件,具備起漲條件，可放入TEST/準IGNITION觀察。,16.455,239,v266.62,2026-10-01 01:22:46,24.0,0.0,40.0,0.0,2.56,量能安靜｜洗盤整理不破｜主力吸籌文字確認｜狀態轉移剛加速｜狀態剛升級,v266.68,2026-10-01 01:22:50,NOISE,雜訊：條件不足。,WATCH,93
2026-09-30,5324,WATCH,54,12.45,50以下,0.0,0,佈局觀察,波動壓縮 | 均線收斂 | 接近突破 | 結構尚可,True,False,False,True,False,True,11.0,A,起漲結構強,20D站上MA20｜MA20走平翻揚｜MA5站上MA10｜接近20日高｜40D平台收斂｜短中均線糾結｜40D低點守住｜接近/站回MA60｜MA60不再下彎｜站回60D區間中上,平台壓縮後轉強，可優先觀察起漲/試單。,v266.57.9,11.0,無原分數欄位｜僅顯示結構前置分數,137.0,9.2,A,續強品質強,回檔不破前低｜低點墊高確認｜收盤守MA5｜續強確認：收盤未跌破MA5｜回檔量縮｜MA5仍在MA10上｜仍站MA20,回檔承接尚可，若原策略入選，可優先觀察延續。,v266.57.9,9.65,0.55,0.5,GENERIC,測試排序分=原分數+結構前置分*策略權重+續強品質*策略權重；不覆蓋原策略,124.0,2.3,C,突破觀察,突破近5日高｜短均多頭,有轉強跡象，但突破品質尚未完全成立。,v266.57.9,WATCH,0.55,0.35,0.75,10.995,232.0,最後後處理補寫：原分數+結構前置+續強品質+突破品質；不覆蓋原策略,0.0,,一般,9.016,v266.58.1,2026-10-01 01:22:38,突破中,4,12,準IGNITION,前狀態:突破中→今日:突破中｜強狀態維持｜強狀態連續維持｜具備點火條件,READY,v266.60.2,13.216,30.0,32.0,0.0,0.0,20.572,230.0,20/40/60結構佳｜續強品質佳｜主力佈局語意｜狀態升級強｜具升級旗標｜升級標籤,高優先準點火,v266.61,2026-10-01 01:22:44,24.0,洗盤不破承接｜狀態升級觸發｜狀態轉移轉強,準點火事件,具備起漲條件，可放入TEST/準IGNITION觀察。,16.451,240,v266.62,2026-10-01 01:22:46,24.0,0.0,40.0,0.0,2.56,量能安靜｜洗盤整理不破｜主力吸籌文字確認｜狀態轉移剛加速｜狀態剛升級,v266.68,2026-10-01 01:22:50,NOISE,雜訊：條件不足。,WATCH,94
2026-09-30,6477,WATCH,54,35.6,50以下,0.0,0,佈局觀察,波動壓縮 | 均線收斂 | 接近突破 | 結構尚可,True,False,False,True,False,True,7.8,B,起漲結構中,20D站上MA20｜40D平台收斂｜短中均線糾結｜40D低點守住｜接近/站回MA60｜MA60不再下彎｜10D動能轉正,平台壓縮後轉強，可優先觀察起漲/試單。,v266.57.9,7.8,無原分數欄位｜僅顯示結構前置分數,678.0,7.5,A,續強品質強,回檔不破前低｜低點墊高確認｜收盤守MA5｜續強確認：收盤未跌破MA5｜仍站MA20｜10D動能維持,回檔承接尚可，若原策略入選，可優先觀察延續。,v266.57.9,7.04,0.55,0.5,GENERIC,測試排序分=原分數+結構前置分*策略權重+續強品質*策略權重；不覆蓋原策略,587.0,2.0,C,突破觀察,紅K實體放大｜收盤接近高點｜扣分:單日量能過猛,有轉強跡象，但突破品質尚未完全成立。,v266.57.9,WATCH,0.55,0.35,0.75,8.415,542.0,最後後處理補寫：原分數+結構前置+續強品質+突破品質；不覆蓋原策略,0.0,,一般,6.9,v266.58.1,2026-10-01 01:22:38,突破中,4,18,IGNITION,前狀態:吸籌中→今日:突破中｜狀態跳升｜連續升級｜連續狀態達IGNITION,YES,v266.60.2,13.2,30.0,32.0,0.0,0.0,20.465,309.0,20/40/60結構佳｜續強品質佳｜主力佈局語意｜狀態升級強｜具升級旗標｜升級標籤,高優先準點火,v266.61,2026-10-01 01:22:44,24.0,洗盤不破承接｜狀態升級觸發｜狀態轉移轉強,準點火事件,具備起漲條件，可放入TEST/準IGNITION觀察。,16.44,241,v266.62,2026-10-01 01:22:46,24.0,0.0,40.0,0.0,2.56,量能安靜｜洗盤整理不破｜主力吸籌文字確認｜狀態轉移剛加速｜狀態剛升級,v266.68,2026-10-01 01:22:50,NOISE,雜訊：條件不足。,WATCH,95
2026-09-30,5533,WATCH,54,13.95,50以下,0.0,0,佈局觀察,波動壓縮 | 均線收斂 | 接近突破 | 結構尚可,True,False,False,True,False,True,10.8,A,起漲結構強,20D站上MA20｜接近20日高｜40D平台收斂｜短中均線糾結｜40D低點守住｜接近/站回MA60｜MA60不再下彎｜站回60D區間中上｜近5日量縮｜10D動能轉正,平台壓縮後轉強，可優先觀察起漲/試單。,v266.57.9,10.8,無原分數欄位｜僅顯示結構前置分數,197.0,7.3,A,續強品質強,回檔不破前低｜低點墊高確認｜收盤守MA5｜回測守MA10｜仍站MA20｜10D動能維持,回檔承接尚可，若原策略入選，可優先觀察延續。,v266.57.9,8.69,0.55,0.5,GENERIC,測試排序分=原分數+結構前置分*策略權重+續強品質*策略權重；不覆蓋原策略,259.0,2.7,C,突破觀察,收盤接近高點｜量能較前日放大,有轉強跡象，但突破品質尚未完全成立。,v266.57.9,WATCH,0.55,0.35,0.75,10.52,272.0,最後後處理補寫：原分數+結構前置+續強品質+突破品質；不覆蓋原策略,0.0,,一般,8.626,v266.58.1,2026-10-01 01:22:38,突破中,4,13,準IGNITION,前狀態:觀察→今日:突破中｜狀態跳升｜具備點火條件,READY,v266.60.2,13.176,30.0,32.0,0.0,0.0,20.55,241.0,20/40/60結構佳｜續強品質佳｜主力佈局語意｜狀態升級強｜具升級旗標｜升級標籤,高優先準點火,v266.61,2026-10-01 01:22:44,24.0,洗盤不破承接｜狀態升級觸發｜狀態轉移轉強,準點火事件,具備起漲條件，可放入TEST/準IGNITION觀察。,16.423,242,v266.62,2026-10-01 01:22:46,24.0,0.0,40.0,0.0,2.56,量能安靜｜洗盤整理不破｜主力吸籌文字確認｜狀態轉移剛加速｜狀態剛升級,v266.68,2026-10-01 01:22:50,NOISE,雜訊：條件不足。,WATCH,96
2026-09-30,6244,WATCH,54,25.05,50以下,0.0,0,佈局觀察,安靜吸籌 | 均線收斂 | 接近突破 | 結構尚可,False,True,False,True,False,True,9.0,A,起漲結構強,20D站上MA20｜MA20走平翻揚｜MA5站上MA10｜接近20日高｜40D平台收斂｜短中均線糾結｜接近/站回MA60｜站回60D區間中上,平台壓縮後轉強，可優先觀察起漲/試單。,v266.57.9,9.0,無原分數欄位｜僅顯示結構前置分數,391.0,7.7,A,續強品質強,回檔不破前低｜低點墊高確認｜收盤守MA5｜續強確認：收盤未跌破MA5｜MA5仍在MA10上｜仍站MA20,回檔承接尚可，若原策略入選，可優先觀察延續。,v266.57.9,7.8,0.55,0.5,GENERIC,測試排序分=原分數+結構前置分*策略權重+續強品質*策略權重；不覆蓋原策略,424.0,3.8,C,突破觀察,收盤接近高點｜突破近5日高｜短均多頭,有轉強跡象，但突破品質尚未完全成立。,v266.57.9,WATCH,0.55,0.35,0.75,10.495,275.0,最後後處理補寫：原分數+結構前置+續強品質+突破品質；不覆蓋原策略,0.0,,一般,8.606,v266.58.1,2026-10-01 01:22:38,突破中,4,13,準IGNITION,前狀態:觀察→今日:突破中｜狀態跳升｜具備點火條件,READY,v266.60.2,13.156,30.0,32.0,0.0,0.0,20.548,242.0,20/40/60結構佳｜續強品質佳｜主力佈局語意｜狀態升級強｜具升級旗標｜升級標籤,高優先準點火,v266.61,2026-10-01 01:22:44,24.0,洗盤不破承接｜狀態升級觸發｜狀態轉移轉強,準點火事件,具備起漲條件，可放入TEST/準IGNITION觀察。,16.409,243,v266.62,2026-10-01 01:22:46,24.0,0.0,40.0,0.0,2.56,量能安靜｜洗盤整理不破｜主力吸籌文字確認｜狀態轉移剛加速｜狀態剛升級,v266.68,2026-10-01 01:22:50,NOISE,雜訊：條件不足。,WATCH,97
2026-09-30,6488,WATCH,54,1035.0,1000以上,0.0,0,佈局觀察,波動壓縮 | 均線收斂 | 接近突破 | 結構尚可,True,False,False,True,False,True,9.0,A,起漲結構強,20D站上MA20｜MA20走平翻揚｜MA5站上MA10｜接近20日高｜40D平台收斂｜短中均線糾結｜接近/站回MA60｜MA60不再下彎,平台壓縮後轉強，可優先觀察起漲/試單。,v266.57.9,9.0,無原分數欄位｜僅顯示結構前置分數,391.0,7.7,A,續強品質強,回檔不破前低｜低點墊高確認｜收盤守MA5｜續強確認：收盤未跌破MA5｜MA5仍在MA10上｜仍站MA20,回檔承接尚可，若原策略入選，可優先觀察延續。,v266.57.9,7.8,0.55,0.5,GENERIC,測試排序分=原分數+結構前置分*策略權重+續強品質*策略權重；不覆蓋原策略,424.0,3.8,C,突破觀察,收盤接近高點｜突破近5日高｜短均多頭,有轉強跡象，但突破品質尚未完全成立。,v266.57.9,WATCH,0.55,0.35,0.75,10.495,275.0,最後後處理補寫：原分數+結構前置+續強品質+突破品質；不覆蓋原策略,0.0,,一般,8.606,v266.58.1,2026-10-01 01:22:38,突破中,4,13,準IGNITION,前狀態:觀察→今日:突破中｜狀態跳升｜具備點火條件,READY,v266.60.2,13.156,30.0,32.0,0.0,0.0,20.548,242.0,20/40/60結構佳｜續強品質佳｜主力佈局語意｜狀態升級強｜具升級旗標｜升級標籤,高優先準點火,v266.61,2026-10-01 01:22:44,24.0,洗盤不破承接｜狀態升級觸發｜狀態轉移轉強,準點火事件,具備起漲條件，可放入TEST/準IGNITION觀察。,16.409,244,v266.62,2026-10-01 01:22:46,24.0,0.0,40.0,0.0,2.56,量能安靜｜洗盤整理不破｜主力吸籌文字確認｜狀態轉移剛加速｜狀態剛升級,v266.68,2026-10-01 01:22:50,NOISE,雜訊：條件不足。,WATCH,98
2026-09-30,6229,WATCH,54,24.2,50以下,0.0,0,佈局觀察,波動壓縮 | 均線收斂 | 接近突破 | 結構尚可,True,False,False,True,False,True,9.0,A,起漲結構強,20D站上MA20｜MA20走平翻揚｜MA5站上MA10｜接近20日高｜40D平台收斂｜短中均線糾結｜40D低點守住｜接近/站回MA60,平台壓縮後轉強，可優先觀察起漲/試單。,v266.57.9,9.0,無原分數欄位｜僅顯示結構前置分數,391.0,7.7,A,續強品質強,回檔不破前低｜低點墊高確認｜收盤守MA5｜續強確認：收盤未跌破MA5｜MA5仍在MA10上｜仍站MA20,回檔承接尚可，若原策略入選，可優先觀察延續。,v266.57.9,7.8,0.55,0.5,GENERIC,測試排序分=原分數+結構前置分*策略權重+續強品質*策略權重；不覆蓋原策略,424.0,3.8,C,突破觀察,收盤接近高點｜突破近5日高｜短均多頭,有轉強跡象，但突破品質尚未完全成立。,v266.57.9,WATCH,0.55,0.35,0.75,10.495,275.0,最後後處理補寫：原分數+結構前置+續強品質+突破品質；不覆蓋原策略,0.0,,一般,8.606,v266.58.1,2026-10-01 01:22:38,突破中,4,13,準IGNITION,前狀態:觀察→今日:突破中｜狀態跳升｜具備點火條件,READY,v266.60.2,13.156,30.0,32.0,0.0,0.0,20.548,242.0,20/40/60結構佳｜續強品質佳｜主力佈局語意｜狀態升級強｜具升級旗標｜升級標籤,高優先準點火,v266.61,2026-10-01 01:22:44,24.0,洗盤不破承接｜狀態升級觸發｜狀態轉移轉強,準點火事件,具備起漲條件，可放入TEST/準IGNITION觀察。,16.409,245,v266.62,2026-10-01 01:22:46,24.0,0.0,40.0,0.0,2.56,量能安靜｜洗盤整理不破｜主力吸籌文字確認｜狀態轉移剛加速｜狀態剛升級,v266.68,2026-10-01 01:22:50,NOISE,雜訊：條件不足。,WATCH,99
2026-09-30,4933,WATCH,54,54.4,50-100,0.0,0,佈局觀察,波動壓縮 | 均線收斂 | 接近突破 | 結構尚可,True,False,False,True,False,True,9.0,A,起漲結構強,20D站上MA20｜MA20走平翻揚｜MA5站上MA10｜接近20日高｜40D平台收斂｜短中均線糾結｜40D低點守住｜接近/站回MA60,平台壓縮後轉強，可優先觀察起漲/試單。,v266.57.9,9.0,無原分數欄位｜僅顯示結構前置分數,391.0,7.7,A,續強品質強,回檔不破前低｜低點墊高確認｜收盤守MA5｜續強確認：收盤未跌破MA5｜MA5仍在MA10上｜仍站MA20,回檔承接尚可，若原策略入選，可優先觀察延續。,v266.57.9,7.8,0.55,0.5,GENERIC,測試排序分=原分數+結構前置分*策略權重+續強品質*策略權重；不覆蓋原策略,424.0,3.8,C,突破觀察,收盤接近高點｜突破近5日高｜短均多頭,有轉強跡象，但突破品質尚未完全成立。,v266.57.9,WATCH,0.55,0.35,0.75,10.495,275.0,最後後處理補寫：原分數+結構前置+續強品質+突破品質；不覆蓋原策略,0.0,,一般,8.606,v266.58.1,2026-10-01 01:22:38,突破中,4,13,準IGNITION,前狀態:觀察→今日:突破中｜狀態跳升｜具備點火條件,READY,v266.60.2,13.156,30.0,32.0,0.0,0.0,20.548,242.0,20/40/60結構佳｜續強品質佳｜主力佈局語意｜狀態升級強｜具升級旗標｜升級標籤,高優先準點火,v266.61,2026-10-01 01:22:44,24.0,洗盤不破承接｜狀態升級觸發｜狀態轉移轉強,準點火事件,具備起漲條件，可放入TEST/準IGNITION觀察。,16.409,246,v266.62,2026-10-01 01:22:46,24.0,0.0,40.0,0.0,2.56,量能安靜｜洗盤整理不破｜主力吸籌文字確認｜狀態轉移剛加速｜狀態剛升級,v266.68,2026-10-01 01:22:50,NOISE,雜訊：條件不足。,WATCH,100
2026-09-30,8044,WATCH,54,24.3,50以下,0.0,0,佈局觀察,波動壓縮 | 均線收斂 | 接近突破 | 結構尚可,True,False,False,True,False,True,9.0,A,起漲結構強,20D站上MA20｜MA20走平翻揚｜MA5站上MA10｜接近20日高｜40D平台收斂｜短中均線糾結｜接近/站回MA60｜近5日量縮,平台壓縮後轉強，可優先觀察起漲/試單。,v266.57.9,9.0,無原分數欄位｜僅顯示結構前置分數,391.0,7.7,A,續強品質強,回檔不破前低｜低點墊高確認｜收盤守MA5｜續強確認：收盤未跌破MA5｜MA5仍在MA10上｜仍站MA20,回檔承接尚可，若原策略入選，可優先觀察延續。,v266.57.9,7.8,0.55,0.5,GENERIC,測試排序分=原分數+結構前置分*策略權重+續強品質*策略權重；不覆蓋原策略,424.0,3.8,C,突破觀察,收盤接近高點｜突破近5日高｜短均多頭,有轉強跡象，但突破品質尚未完全成立。,v266.57.9,WATCH,0.55,0.35,0.75,10.495,275.0,最後後處理補寫：原分數+結構前置+續強品質+突破品質；不覆蓋原策略,0.0,,一般,8.606,v266.58.1,2026-10-01 01:22:38,突破中,4,13,準IGNITION,前狀態:觀察→今日:突破中｜狀態跳升｜具備點火條件,READY,v266.60.2,13.156,30.0,32.0,0.0,0.0,20.548,242.0,20/40/60結構佳｜續強品質佳｜主力佈局語意｜狀態升級強｜具升級旗標｜升級標籤,高優先準點火,v266.61,2026-10-01 01:22:44,24.0,洗盤不破承接｜狀態升級觸發｜狀態轉移轉強,準點火事件,具備起漲條件，可放入TEST/準IGNITION觀察。,16.409,247,v266.62,2026-10-01 01:22:46,24.0,0.0,40.0,0.0,2.56,量能安靜｜洗盤整理不破｜主力吸籌文字確認｜狀態轉移剛加速｜狀態剛升級,v266.68,2026-10-01 01:22:50,NOISE,雜訊：條件不足。,WATCH,101
2026-09-30,4168,WATCH,54,22.35,50以下,0.0,0,佈局觀察,波動壓縮 | 均線收斂 | 接近突破 | 結構尚可,True,False,False,True,False,True,9.0,A,起漲結構強,20D站上MA20｜MA20走平翻揚｜MA5站上MA10｜接近20日高｜40D平台收斂｜短中均線糾結｜40D低點守住｜接近/站回MA60,平台壓縮後轉強，可優先觀察起漲/試單。,v266.57.9,9.0,無原分數欄位｜僅顯示結構前置分數,391.0,7.7,A,續強品質強,回檔不破前低｜低點墊高確認｜收盤守MA5｜續強確認：收盤未跌破MA5｜MA5仍在MA10上｜仍站MA20,回檔承接尚可，若原策略入選，可優先觀察延續。,v266.57.9,7.8,0.55,0.5,GENERIC,測試排序分=原分數+結構前置分*策略權重+續強品質*策略權重；不覆蓋原策略,424.0,3.8,C,突破觀察,收盤接近高點｜突破近5日高｜短均多頭,有轉強跡象，但突破品質尚未完全成立。,v266.57.9,WATCH,0.55,0.35,0.75,10.495,275.0,最後後處理補寫：原分數+結構前置+續強品質+突破品質；不覆蓋原策略,0.0,,一般,8.606,v266.58.1,2026-10-01 01:22:38,突破中,4,13,準IGNITION,前狀態:觀察→今日:突破中｜狀態跳升｜具備點火條件,READY,v266.60.2,13.156,30.0,32.0,0.0,0.0,20.548,242.0,20/40/60結構佳｜續強品質佳｜主力佈局語意｜狀態升級強｜具升級旗標｜升級標籤,高優先準點火,v266.61,2026-10-01 01:22:44,24.0,洗盤不破承接｜狀態升級觸發｜狀態轉移轉強,準點火事件,具備起漲條件，可放入TEST/準IGNITION觀察。,16.409,248,v266.62,2026-10-01 01:22:46,24.0,0.0,40.0,0.0,2.56,量能安靜｜洗盤整理不破｜主力吸籌文字確認｜狀態轉移剛加速｜狀態剛升級,v266.68,2026-10-01 01:22:50,NOISE,雜訊：條件不足。,WATCH,102
2026-09-30,8162,BUY,80,66.8,50-100,0.01,10000,主力佈局完成,波動壓縮 | 安靜吸籌 | 均線收斂 | 放量吸收 | 接近突破,True,True,False,True,True,True,10.1,A,起漲結構強,20D站上MA20｜MA20走平翻揚｜MA5站上MA10｜接近20日高｜40D平台收斂｜短中均線糾結｜40D低點守住｜接近/站回MA60｜站回60D區間中上｜5D動能轉正｜10D動能轉正｜扣分:單日爆量偏高,平台壓縮後轉強，可優先觀察起漲/試單。,v266.57.9,10.1,無原分數欄位｜僅顯示結構前置分數,249.0,7.5,A,續強品質強,回檔不破前低｜低點墊高確認｜收盤守MA5｜續強確認：收盤未跌破MA5｜MA5仍在MA10上｜仍站MA20｜10D動能維持｜扣分:回檔量放大,回檔承接尚可，若原策略入選，可優先觀察延續。,v266.57.9,8.305,0.55,0.5,GENERIC,測試排序分=原分數+結構前置分*策略權重+續強品質*策略權重；不覆蓋原策略,347.0,3.2,C,突破觀察,量能較前日放大｜MA5加速上彎｜短均多頭,有轉強跡象，但突破品質尚未完全成立。,v266.57.9,GENERIC,0.55,0.5,0.5,10.905,241.0,最後後處理補寫：原分數+結構前置+續強品質+突破品質；不覆蓋原策略,0.0,,一般,8.942,v266.58.1,2026-10-01 01:22:38,突破中,4,12,準IGNITION,前狀態:突破中→今日:突破中｜強狀態維持｜強狀態連續維持｜具備點火條件,READY,v266.60.2,13.142,30.0,32.0,0.0,0.0,20.564,234.0,20/40/60結構佳｜續強品質佳｜主力佈局語意｜狀態升級強｜具升級旗標｜升級標籤,高優先準點火,v266.61,2026-10-01 01:22:44,24.0,洗盤不破承接｜狀態升級觸發｜狀態轉移轉強,準點火事件,具備起漲條件，可放入TEST/準IGNITION觀察。,16.399,249,v266.62,2026-10-01 01:22:46,24.0,0.0,40.0,0.0,2.56,量能安靜｜洗盤整理不破｜主力吸籌文字確認｜狀態轉移剛加速｜狀態剛升級,v266.68,2026-10-01 01:22:50,NOISE,雜訊：條件不足。,WATCH,103
2026-09-30,3078,WATCH,54,46.15,50以下,0.0,0,佈局觀察,波動壓縮 | 均線收斂 | 接近突破 | 結構尚可,True,False,False,True,False,True,8.0,A,起漲結構強,20D站上MA20｜MA20走平翻揚｜MA5站上MA10｜接近20日高｜40D平台收斂｜短中均線糾結｜接近/站回MA60,平台壓縮後轉強，可優先觀察起漲/試單。,v266.57.9,8.0,無原分數欄位｜僅顯示結構前置分數,556.0,9.2,A,續強品質強,回檔不破前低｜低點墊高確認｜收盤守MA5｜續強確認：收盤未跌破MA5｜回檔量縮｜MA5仍在MA10上｜仍站MA20,回檔承接尚可，若原策略入選，可優先觀察延續。,v266.57.9,8.0,0.55,0.5,GENERIC,測試排序分=原分數+結構前置分*策略權重+續強品質*策略權重；不覆蓋原策略,371.0,3.8,C,突破觀察,收盤接近高點｜突破近5日高｜短均多頭,有轉強跡象，但突破品質尚未完全成立。,v266.57.9,WATCH,0.55,0.35,0.75,10.47,281.0,最後後處理補寫：原分數+結構前置+續強品質+突破品質；不覆蓋原策略,0.0,,一般,8.585,v266.58.1,2026-10-01 01:22:38,突破中,4,13,準IGNITION,前狀態:觀察→今日:突破中｜狀態跳升｜具備點火條件,READY,v266.60.2,13.135,30.0,32.0,0.0,0.0,20.546,249.0,20/40/60結構佳｜續強品質佳｜主力佈局語意｜狀態升級強｜具升級旗標｜升級標籤,高優先準點火,v266.61,2026-10-01 01:22:44,24.0,洗盤不破承接｜狀態升級觸發｜狀態轉移轉強,準點火事件,具備起漲條件，可放入TEST/準IGNITION觀察。,16.394,250,v266.62,2026-10-01 01:22:46,24.0,0.0,40.0,0.0,2.56,量能安靜｜洗盤整理不破｜主力吸籌文字確認｜狀態轉移剛加速｜狀態剛升級,v266.68,2026-10-01 01:22:50,NOISE,雜訊：條件不足。,WATCH,104
2026-09-30,3558,WATCH,54,125.0,100-500,0.0,0,佈局觀察,波動壓縮 | 均線收斂 | 接近突破 | 結構尚可,True,False,False,True,False,True,8.0,A,起漲結構強,20D站上MA20｜MA20走平翻揚｜MA5站上MA10｜接近20日高｜40D平台收斂｜短中均線糾結｜接近/站回MA60,平台壓縮後轉強，可優先觀察起漲/試單。,v266.57.9,8.0,無原分數欄位｜僅顯示結構前置分數,556.0,9.2,A,續強品質強,回檔不破前低｜低點墊高確認｜收盤守MA5｜續強確認：收盤未跌破MA5｜回檔量縮｜MA5仍在MA10上｜仍站MA20,回檔承接尚可，若原策略入選，可優先觀察延續。,v266.57.9,8.0,0.55,0.5,GENERIC,測試排序分=原分數+結構前置分*策略權重+續強品質*策略權重；不覆蓋原策略,371.0,3.8,C,突破觀察,收盤接近高點｜突破近5日高｜短均多頭,有轉強跡象，但突破品質尚未完全成立。,v266.57.9,WATCH,0.55,0.35,0.75,10.47,281.0,最後後處理補寫：原分數+結構前置+續強品質+突破品質；不覆蓋原策略,0.0,,一般,8.585,v266.58.1,2026-10-01 01:22:38,突破中,4,13,準IGNITION,前狀態:觀察→今日:突破中｜狀態跳升｜具備點火條件,READY,v266.60.2,13.135,30.0,32.0,0.0,0.0,20.546,249.0,20/40/60結構佳｜續強品質佳｜主力佈局語意｜狀態升級強｜具升級旗標｜升級標籤,高優先準點火,v266.61,2026-10-01 01:22:44,24.0,洗盤不破承接｜狀態升級觸發｜狀態轉移轉強,準點火事件,具備起漲條件，可放入TEST/準IGNITION觀察。,16.394,251,v266.62,2026-10-01 01:22:46,24.0,0.0,40.0,0.0,2.56,量能安靜｜洗盤整理不破｜主力吸籌文字確認｜狀態轉移剛加速｜狀態剛升級,v266.68,2026-10-01 01:22:50,NOISE,雜訊：條件不足。,WATCH,105
2026-09-30,4768,WATCH,54,380.0,100-500,0.0,0,佈局觀察,安靜吸籌 | 均線收斂 | 接近突破 | 結構尚可,False,True,False,True,False,True,11.0,A,起漲結構強,20D站上MA20｜MA20走平翻揚｜MA5站上MA10｜接近20日高｜40D平台收斂｜短中均線糾結｜40D低點守住｜接近/站回MA60｜MA60不再下彎｜站回60D區間中上,平台壓縮後轉強，可優先觀察起漲/試單。,v266.57.9,11.0,無原分數欄位｜僅顯示結構前置分數,137.0,7.7,A,續強品質強,回檔不破前低｜低點墊高確認｜收盤守MA5｜續強確認：收盤未跌破MA5｜MA5仍在MA10上｜仍站MA20,回檔承接尚可，若原策略入選，可優先觀察延續。,v266.57.9,8.9,0.55,0.5,GENERIC,測試排序分=原分數+結構前置分*策略權重+續強品質*策略權重；不覆蓋原策略,216.0,2.3,C,突破觀察,收盤接近高點｜短均多頭,有轉強跡象，但突破品質尚未完全成立。,v266.57.9,WATCH,0.55,0.35,0.75,10.47,281.0,最後後處理補寫：原分數+結構前置+續強品質+突破品質；不覆蓋原策略,0.0,,一般,8.585,v266.58.1,2026-10-01 01:22:38,突破中,4,13,準IGNITION,前狀態:觀察→今日:突破中｜狀態跳升｜具備點火條件,READY,v266.60.2,13.135,30.0,32.0,0.0,0.0,20.546,249.0,20/40/60結構佳｜續強品質佳｜主力佈局語意｜狀態升級強｜具升級旗標｜升級標籤,高優先準點火,v266.61,2026-10-01 01:22:44,24.0,洗盤不破承接｜狀態升級觸發｜狀態轉移轉強,準點火事件,具備起漲條件，可放入TEST/準IGNITION觀察。,16.394,252,v266.62,2026-10-01 01:22:46,24.0,0.0,40.0,0.0,2.56,量能安靜｜洗盤整理不破｜主力吸籌文字確認｜狀態轉移剛加速｜狀態剛升級,v266.68,2026-10-01 01:22:50,NOISE,雜訊：條件不足。,WATCH,106
2026-09-30,6609,WATCH,54,39.95,50以下,0.0,0,佈局觀察,波動壓縮 | 均線收斂 | 接近突破 | 結構尚可,True,False,False,True,False,True,10.0,A,起漲結構強,20D站上MA20｜MA20走平翻揚｜MA5站上MA10｜接近20日高｜40D平台收斂｜短中均線糾結｜40D低點守住｜接近/站回MA60｜MA60不再下彎,平台壓縮後轉強，可優先觀察起漲/試單。,v266.57.9,10.0,無原分數欄位｜僅顯示結構前置分數,253.0,9.2,A,續強品質強,回檔不破前低｜低點墊高確認｜收盤守MA5｜續強確認：收盤未跌破MA5｜回檔量縮｜MA5仍在MA10上｜仍站MA20,回檔承接尚可，若原策略入選，可優先觀察延續。,v266.57.9,9.1,0.55,0.5,GENERIC,測試排序分=原分數+結構前置分*策略權重+續強品質*策略權重；不覆蓋原策略,181.0,2.3,C,突破觀察,收盤接近高點｜短均多頭,有轉強跡象，但突破品質尚未完全成立。,v266.57.9,WATCH,0.55,0.35,0.75,10.445,288.0,最後後處理補寫：原分數+結構前置+續強品質+突破品質；不覆蓋原策略,0.0,,一般,8.565,v266.58.1,2026-10-01 01:22:38,突破中,4,13,準IGNITION,前狀態:觀察→今日:突破中｜狀態跳升｜具備點火條件,READY,v266.60.2,13.115,30.0,32.0,0.0,0.0,20.544,252.0,20/40/60結構佳｜續強品質佳｜主力佈局語意｜狀態升級強｜具升級旗標｜升級標籤,高優先準點火,v266.61,2026-10-01 01:22:44,24.0,洗盤不破承接｜狀態升級觸發｜狀態轉移轉強,準點火事件,具備起漲條件，可放入TEST/準IGNITION觀察。,16.38,253,v266.62,2026-10-01 01:22:46,24.0,0.0,40.0,0.0,2.56,量能安靜｜洗盤整理不破｜主力吸籌文字確認｜狀態轉移剛加速｜狀態剛升級,v266.68,2026-10-01 01:22:50,NOISE,雜訊：條件不足。,WATCH,107
2026-09-30,3105,WATCH,54,542.0,500-1000,0.0,0,佈局觀察,波動壓縮 | 均線收斂 | 接近突破 | 結構尚可,True,False,False,True,False,True,9.5,A,起漲結構強,20D站上MA20｜MA20走平翻揚｜MA5站上MA10｜接近20日高｜短中均線糾結｜40D低點守住｜接近/站回MA60｜MA60不再下彎｜站回60D區間中上,平台壓縮後轉強，可優先觀察起漲/試單。,v266.57.9,9.5,無原分數欄位｜僅顯示結構前置分數,380.0,7.7,A,續強品質強,回檔不破前低｜低點墊高確認｜收盤守MA5｜續強確認：收盤未跌破MA5｜MA5仍在MA10上｜仍站MA20,回檔承接尚可，若原策略入選，可優先觀察延續。,v266.57.9,8.075,0.55,0.5,GENERIC,測試排序分=原分數+結構前置分*策略權重+續強品質*策略權重；不覆蓋原策略,361.0,3.8,C,突破觀察,收盤接近高點｜突破近5日高｜短均多頭,有轉強跡象，但突破品質尚未完全成立。,v266.57.9,WATCH,0.55,0.35,0.75,10.77,253.0,最後後處理補寫：原分數+結構前置+續強品質+突破品質；不覆蓋原策略,0.0,,一般,8.831,v266.58.1,2026-10-01 01:22:38,突破中,4,12,準IGNITION,前狀態:突破中→今日:突破中｜強狀態維持｜強狀態連續維持｜具備點火條件,READY,v266.60.2,13.031,30.0,32.0,0.0,0.0,20.553,239.0,20/40/60結構佳｜續強品質佳｜主力佈局語意｜狀態升級強｜具升級旗標｜升級標籤,高優先準點火,v266.61,2026-10-01 01:22:44,24.0,洗盤不破承接｜狀態升級觸發｜狀態轉移轉強,準點火事件,具備起漲條件，可放入TEST/準IGNITION觀察。,16.322,254,v266.62,2026-10-01 01:22:46,24.0,0.0,40.0,0.0,2.56,量能安靜｜洗盤整理不破｜主力吸籌文字確認｜狀態轉移剛加速｜狀態剛升級,v266.68,2026-10-01 01:22:50,NOISE,雜訊：條件不足。,WATCH,108
2026-09-30,3354,WATCH,54,32.15,50以下,0.0,0,佈局觀察,波動壓縮 | 均線收斂 | 接近突破 | 結構尚可,True,False,False,True,False,True,9.5,A,起漲結構強,20D站上MA20｜MA20走平翻揚｜MA5站上MA10｜接近20日高｜短中均線糾結｜40D低點守住｜接近/站回MA60｜MA60不再下彎｜站回60D區間中上,平台壓縮後轉強，可優先觀察起漲/試單。,v266.57.9,9.5,無原分數欄位｜僅顯示結構前置分數,380.0,7.7,A,續強品質強,回檔不破前低｜低點墊高確認｜收盤守MA5｜續強確認：收盤未跌破MA5｜MA5仍在MA10上｜仍站MA20,回檔承接尚可，若原策略入選，可優先觀察延續。,v266.57.9,8.075,0.55,0.5,GENERIC,測試排序分=原分數+結構前置分*策略權重+續強品質*策略權重；不覆蓋原策略,361.0,3.8,C,突破觀察,收盤接近高點｜突破近5日高｜短均多頭,有轉強跡象，但突破品質尚未完全成立。,v266.57.9,WATCH,0.55,0.35,0.75,10.77,253.0,最後後處理補寫：原分數+結構前置+續強品質+突破品質；不覆蓋原策略,0.0,,一般,8.831,v266.58.1,2026-10-01 01:22:38,突破中,4,12,準IGNITION,前狀態:突破中→今日:突破中｜強狀態維持｜強狀態連續維持｜具備點火條件,READY,v266.60.2,13.031,30.0,32.0,0.0,0.0,20.553,239.0,20/40/60結構佳｜續強品質佳｜主力佈局語意｜狀態升級強｜具升級旗標｜升級標籤,高優先準點火,v266.61,2026-10-01 01:22:44,24.0,洗盤不破承接｜狀態升級觸發｜狀態轉移轉強,準點火事件,具備起漲條件，可放入TEST/準IGNITION觀察。,16.322,255,v266.62,2026-10-01 01:22:46,24.0,0.0,40.0,0.0,2.56,量能安靜｜洗盤整理不破｜主力吸籌文字確認｜狀態轉移剛加速｜狀態剛升級,v266.68,2026-10-01 01:22:50,NOISE,雜訊：條件不足。,WATCH,109
2026-09-30,6210,WATCH,54,17.9,50以下,0.0,0,佈局觀察,波動壓縮 | 均線收斂 | 接近突破 | 結構尚可,True,False,False,True,False,True,9.0,A,起漲結構強,20D站上MA20｜MA20走平翻揚｜MA5站上MA10｜接近20日高｜40D平台收斂｜短中均線糾結｜40D低點守住｜接近/站回MA60,平台壓縮後轉強，可優先觀察起漲/試單。,v266.57.9,9.0,無原分數欄位｜僅顯示結構前置分數,391.0,7.7,A,續強品質強,回檔不破前低｜低點墊高確認｜收盤守MA5｜續強確認：收盤未跌破MA5｜MA5仍在MA10上｜仍站MA20,回檔承接尚可，若原策略入選，可優先觀察延續。,v266.57.9,7.8,0.55,0.5,GENERIC,測試排序分=原分數+結構前置分*策略權重+續強品質*策略權重；不覆蓋原策略,424.0,3.5,C,突破觀察,收盤接近高點｜MA5加速上彎｜短均多頭,有轉強跡象，但突破品質尚未完全成立。,v266.57.9,WATCH,0.55,0.35,0.75,10.27,300.0,最後後處理補寫：原分數+結構前置+續強品質+突破品質；不覆蓋原策略,0.0,,一般,8.421,v266.58.1,2026-10-01 01:22:38,突破中,4,13,準IGNITION,前狀態:觀察→今日:突破中｜狀態跳升｜具備點火條件,READY,v266.60.2,12.971,30.0,32.0,0.0,0.0,20.53,254.0,20/40/60結構佳｜續強品質佳｜主力佈局語意｜狀態升級強｜具升級旗標｜升級標籤,高優先準點火,v266.61,2026-10-01 01:22:44,24.0,洗盤不破承接｜狀態升級觸發｜狀態轉移轉強,準點火事件,具備起漲條件，可放入TEST/準IGNITION觀察。,16.28,256,v266.62,2026-10-01 01:22:46,24.0,0.0,40.0,0.0,2.56,量能安靜｜洗盤整理不破｜主力吸籌文字確認｜狀態轉移剛加速｜狀態剛升級,v266.68,2026-10-01 01:22:50,NOISE,雜訊：條件不足。,WATCH,110
2026-09-30,6895,WATCH,54,151.5,100-500,0.0,0,佈局觀察,波動壓縮 | 均線收斂 | 接近突破 | 結構尚可,True,False,False,True,False,True,10.0,A,起漲結構強,20D站上MA20｜MA20走平翻揚｜MA5站上MA10｜40D平台收斂｜短中均線糾結｜40D低點守住｜接近/站回MA60｜MA60不再下彎｜站回60D區間中上,平台壓縮後轉強，可優先觀察起漲/試單。,v266.57.9,10.0,無原分數欄位｜僅顯示結構前置分數,253.0,6.7,B,續強品質中,回檔不破前低｜收盤守MA5｜續強確認：收盤未跌破MA5｜MA5仍在MA10上｜仍站MA20,回檔承接尚可，若原策略入選，可優先觀察延續。,v266.57.9,8.35,0.55,0.5,GENERIC,測試排序分=原分數+結構前置分*策略權重+續強品質*策略權重；不覆蓋原策略,313.0,3.8,C,突破觀察,收盤接近高點｜突破近5日高｜短均多頭,有轉強跡象，但突破品質尚未完全成立。,v266.57.9,WATCH,0.55,0.35,0.75,10.695,258.0,最後後處理補寫：原分數+結構前置+續強品質+突破品質；不覆蓋原策略,0.0,,一般,8.77,v266.58.1,2026-10-01 01:22:38,突破中,4,12,準IGNITION,前狀態:突破中→今日:突破中｜強狀態維持｜強狀態連續維持｜具備點火條件,READY,v266.60.2,12.97,30.0,32.0,0.0,0.0,20.547,248.0,20/40/60結構佳｜續強品質佳｜主力佈局語意｜狀態升級強｜具升級旗標｜升級標籤,高優先準點火,v266.61,2026-10-01 01:22:44,24.0,洗盤不破承接｜狀態升級觸發｜狀態轉移轉強,準點火事件,具備起漲條件，可放入TEST/準IGNITION觀察。,16.279,257,v266.62,2026-10-01 01:22:46,24.0,0.0,40.0,0.0,2.56,量能安靜｜洗盤整理不破｜主力吸籌文字確認｜狀態轉移剛加速｜狀態剛升級,v266.68,2026-10-01 01:22:50,NOISE,雜訊：條件不足。,WATCH,111
2026-09-30,9912,WATCH,54,13.1,50以下,0.0,0,佈局觀察,波動壓縮 | 均線收斂 | 接近突破 | 結構尚可,True,False,False,True,False,True,9.8,A,起漲結構強,20D站上MA20｜接近20日高｜40D平台收斂｜短中均線糾結｜40D低點守住｜接近/站回MA60｜MA60不再下彎｜近5日量縮｜5D動能轉正,平台壓縮後轉強，可優先觀察起漲/試單。,v266.57.9,9.8,無原分數欄位｜僅顯示結構前置分數,346.0,6.5,B,續強品質中,回檔不破前低｜低點墊高確認｜收盤守MA5｜續強確認：收盤未跌破MA5｜仍站MA20,回檔承接尚可，若原策略入選，可優先觀察延續。,v266.57.9,7.64,0.55,0.5,GENERIC,測試排序分=原分數+結構前置分*策略權重+續強品質*策略權重；不覆蓋原策略,483.0,3.9,C,突破觀察,紅K實體放大｜量能較前日放大｜MA5加速上彎,有轉強跡象，但突破品質尚未完全成立。,v266.57.9,WATCH,0.55,0.35,0.75,10.59,266.0,最後後處理補寫：原分數+結構前置+續強品質+突破品質；不覆蓋原策略,0.0,,一般,8.684,v266.58.1,2026-10-01 01:22:38,突破中,4,12,準IGNITION,前狀態:突破中→今日:突破中｜強狀態維持｜強狀態連續維持｜具備點火條件,READY,v266.60.2,12.884,30.0,32.0,0.0,0.0,20.538,253.0,20/40/60結構佳｜續強品質佳｜主力佈局語意｜狀態升級強｜具升級旗標｜升級標籤,高優先準點火,v266.61,2026-10-01 01:22:44,24.0,洗盤不破承接｜狀態升級觸發｜狀態轉移轉強,準點火事件,具備起漲條件，可放入TEST/準IGNITION觀察。,16.219,258,v266.62,2026-10-01 01:22:46,24.0,0.0,40.0,0.0,2.56,量能安靜｜洗盤整理不破｜主力吸籌文字確認｜狀態轉移剛加速｜狀態剛升級,v266.68,2026-10-01 01:22:50,NOISE,雜訊：條件不足。,WATCH,112
2026-09-30,1337,BUY,80,4.47,50以下,0.01,10000,主力佈局完成,波動壓縮 | 安靜吸籌 | 均線收斂 | 放量吸收 | 接近突破,True,True,False,True,True,True,7.8,B,起漲結構中,MA5站上MA10｜40D平台收斂｜短中均線糾結｜40D低點守住｜量縮後溫和放量｜5D動能轉正,平台壓縮後轉強，可優先觀察起漲/試單。,v266.57.9,7.8,無原分數欄位｜僅顯示結構前置分數,678.0,8.2,A,續強品質強,回檔不破前低｜低點墊高確認｜收盤守MA5｜續強確認：收盤未跌破MA5｜回檔量縮｜MA5仍在MA10上,回檔承接尚可，若原策略入選，可優先觀察延續。,v266.57.9,7.39,0.55,0.5,GENERIC,測試排序分=原分數+結構前置分*策略權重+續強品質*策略權重；不覆蓋原策略,533.0,3.5,C,突破觀察,收盤接近高點｜MA5加速上彎｜短均多頭,有轉強跡象，但突破品質尚未完全成立。,v266.57.9,GENERIC,0.55,0.5,0.5,10.14,305.0,最後後處理補寫：原分數+結構前置+續強品質+突破品質；不覆蓋原策略,0.0,,一般,8.315,v266.58.1,2026-10-01 01:22:38,突破中,4,13,準IGNITION,前狀態:觀察→今日:突破中｜狀態跳升｜具備點火條件,READY,v266.60.2,12.865,30.0,32.0,0.0,0.0,20.519,263.0,20/40/60結構佳｜續強品質佳｜主力佈局語意｜狀態升級強｜具升級旗標｜升級標籤,高優先準點火,v266.61,2026-10-01 01:22:44,24.0,洗盤不破承接｜狀態升級觸發｜狀態轉移轉強,準點火事件,具備起漲條件，可放入TEST/準IGNITION觀察。,16.206,259,v266.62,2026-10-01 01:22:46,24.0,0.0,40.0,0.0,2.56,量能安靜｜洗盤整理不破｜主力吸籌文字確認｜狀態轉移剛加速｜狀態剛升級,v266.68,2026-10-01 01:22:50,NOISE,雜訊：條件不足。,WATCH,113
2026-09-30,2373,WATCH,54,52.9,50-100,0.0,0,佈局觀察,波動壓縮 | 均線收斂 | 接近突破 | 結構尚可,True,False,False,True,False,True,8.0,A,起漲結構強,MA5站上MA10｜接近20日高｜40D平台收斂｜短中均線糾結｜40D低點守住｜接近/站回MA60｜近5日量縮,平台壓縮後轉強，可優先觀察起漲/試單。,v266.57.9,8.0,無原分數欄位｜僅顯示結構前置分數,556.0,8.2,A,續強品質強,回檔不破前低｜低點墊高確認｜收盤守MA5｜續強確認：收盤未跌破MA5｜回檔量縮｜MA5仍在MA10上,回檔承接尚可，若原策略入選，可優先觀察延續。,v266.57.9,7.5,0.55,0.5,GENERIC,測試排序分=原分數+結構前置分*策略權重+續強品質*策略權重；不覆蓋原策略,493.0,3.8,C,突破觀察,紅K實體放大｜收盤接近高點｜短均多頭,有轉強跡象，但突破品質尚未完全成立。,v266.57.9,WATCH,0.55,0.35,0.75,10.12,308.0,最後後處理補寫：原分數+結構前置+續強品質+突破品質；不覆蓋原策略,0.0,,一般,8.298,v266.58.1,2026-10-01 01:22:38,突破中,4,13,準IGNITION,前狀態:觀察→今日:突破中｜狀態跳升｜具備點火條件,READY,v266.60.2,12.848,30.0,32.0,0.0,0.0,20.517,264.0,20/40/60結構佳｜續強品質佳｜主力佈局語意｜狀態升級強｜具升級旗標｜升級標籤,高優先準點火,v266.61,2026-10-01 01:22:44,24.0,洗盤不破承接｜狀態升級觸發｜狀態轉移轉強,準點火事件,具備起漲條件，可放入TEST/準IGNITION觀察。,16.194,260,v266.62,2026-10-01 01:22:46,24.0,0.0,40.0,0.0,2.56,量能安靜｜洗盤整理不破｜主力吸籌文字確認｜狀態轉移剛加速｜狀態剛升級,v266.68,2026-10-01 01:22:50,NOISE,雜訊：條件不足。,WATCH,114
2026-09-30,8147,WATCH,54,158.5,100-500,0.0,0,佈局觀察,波動壓縮 | 均線收斂 | 接近突破 | 結構尚可,True,False,False,True,False,True,11.0,A,起漲結構強,20D站上MA20｜MA20走平翻揚｜MA5站上MA10｜接近20日高｜40D平台收斂｜短中均線糾結｜40D低點守住｜接近/站回MA60｜MA60不再下彎｜站回60D區間中上,平台壓縮後轉強，可優先觀察起漲/試單。,v266.57.9,11.0,無原分數欄位｜僅顯示結構前置分數,137.0,7.7,A,續強品質強,回檔不破前低｜低點墊高確認｜收盤守MA5｜續強確認：收盤未跌破MA5｜MA5仍在MA10上｜仍站MA20,回檔承接尚可，若原策略入選，可優先觀察延續。,v266.57.9,8.9,0.55,0.5,GENERIC,測試排序分=原分數+結構前置分*策略權重+續強品質*策略權重；不覆蓋原策略,216.0,2.3,C,突破觀察,收盤接近高點｜短均多頭,有轉強跡象，但突破品質尚未完全成立。,v266.57.9,WATCH,0.55,0.35,0.75,10.47,281.0,最後後處理補寫：原分數+結構前置+續強品質+突破品質；不覆蓋原策略,0.0,,一般,8.585,v266.58.1,2026-10-01 01:22:38,突破中,4,12,準IGNITION,前狀態:突破中→今日:突破中｜強狀態維持｜強狀態連續維持｜具備點火條件,READY,v266.60.2,12.785,30.0,32.0,0.0,0.0,20.528,255.0,20/40/60結構佳｜續強品質佳｜主力佈局語意｜狀態升級強｜具升級旗標｜升級標籤,高優先準點火,v266.61,2026-10-01 01:22:44,24.0,洗盤不破承接｜狀態升級觸發｜狀態轉移轉強,準點火事件,具備起漲條件，可放入TEST/準IGNITION觀察。,16.149,261,v266.62,2026-10-01 01:22:46,24.0,0.0,40.0,0.0,2.56,量能安靜｜洗盤整理不破｜主力吸籌文字確認｜狀態轉移剛加速｜狀態剛升級,v266.68,2026-10-01 01:22:50,NOISE,雜訊：條件不足。,WATCH,115
2026-09-30,4563,WATCH,54,51.7,50-100,0.0,0,佈局觀察,波動壓縮 | 均線收斂 | 接近突破 | 結構尚可,True,False,False,True,False,True,11.0,A,起漲結構強,20D站上MA20｜MA20走平翻揚｜MA5站上MA10｜接近20日高｜40D平台收斂｜短中均線糾結｜40D低點守住｜接近/站回MA60｜MA60不再下彎｜站回60D區間中上,平台壓縮後轉強，可優先觀察起漲/試單。,v266.57.9,11.0,無原分數欄位｜僅顯示結構前置分數,137.0,7.7,A,續強品質強,回檔不破前低｜低點墊高確認｜收盤守MA5｜續強確認：收盤未跌破MA5｜MA5仍在MA10上｜仍站MA20,回檔承接尚可，若原策略入選，可優先觀察延續。,v266.57.9,8.9,0.55,0.5,GENERIC,測試排序分=原分數+結構前置分*策略權重+續強品質*策略權重；不覆蓋原策略,216.0,2.3,C,突破觀察,收盤接近高點｜短均多頭,有轉強跡象，但突破品質尚未完全成立。,v266.57.9,WATCH,0.55,0.35,0.75,10.47,281.0,最後後處理補寫：原分數+結構前置+續強品質+突破品質；不覆蓋原策略,0.0,,一般,8.585,v266.58.1,2026-10-01 01:22:38,突破中,4,12,準IGNITION,前狀態:突破中→今日:突破中｜強狀態維持｜強狀態連續維持｜具備點火條件,READY,v266.60.2,12.785,30.0,32.0,0.0,0.0,20.528,255.0,20/40/60結構佳｜續強品質佳｜主力佈局語意｜狀態升級強｜具升級旗標｜升級標籤,高優先準點火,v266.61,2026-10-01 01:22:44,24.0,洗盤不破承接｜狀態升級觸發｜狀態轉移轉強,準點火事件,具備起漲條件，可放入TEST/準IGNITION觀察。,16.149,262,v266.62,2026-10-01 01:22:46,24.0,0.0,40.0,0.0,2.56,量能安靜｜洗盤整理不破｜主力吸籌文字確認｜狀態轉移剛加速｜狀態剛升級,v266.68,2026-10-01 01:22:50,NOISE,雜訊：條件不足。,WATCH,116
2026-09-30,6506,WATCH,54,18.6,50以下,0.0,0,佈局觀察,波動壓縮 | 均線收斂 | 接近突破 | 結構尚可,True,False,False,True,False,True,11.0,A,起漲結構強,20D站上MA20｜MA20走平翻揚｜MA5站上MA10｜接近20日高｜40D平台收斂｜短中均線糾結｜40D低點守住｜接近/站回MA60｜MA60不再下彎｜站回60D區間中上,平台壓縮後轉強，可優先觀察起漲/試單。,v266.57.9,11.0,無原分數欄位｜僅顯示結構前置分數,137.0,7.7,A,續強品質強,回檔不破前低｜低點墊高確認｜收盤守MA5｜續強確認：收盤未跌破MA5｜MA5仍在MA10上｜仍站MA20,回檔承接尚可，若原策略入選，可優先觀察延續。,v266.57.9,8.9,0.55,0.5,GENERIC,測試排序分=原分數+結構前置分*策略權重+續強品質*策略權重；不覆蓋原策略,216.0,2.3,C,突破觀察,收盤接近高點｜短均多頭,有轉強跡象，但突破品質尚未完全成立。,v266.57.9,WATCH,0.55,0.35,0.75,10.47,281.0,最後後處理補寫：原分數+結構前置+續強品質+突破品質；不覆蓋原策略,0.0,,一般,8.585,v266.58.1,2026-10-01 01:22:38,突破中,4,12,準IGNITION,前狀態:突破中→今日:突破中｜強狀態維持｜強狀態連續維持｜具備點火條件,READY,v266.60.2,12.785,30.0,32.0,0.0,0.0,20.528,255.0,20/40/60結構佳｜續強品質佳｜主力佈局語意｜狀態升級強｜具升級旗標｜升級標籤,高優先準點火,v266.61,2026-10-01 01:22:44,24.0,洗盤不破承接｜狀態升級觸發｜狀態轉移轉強,準點火事件,具備起漲條件，可放入TEST/準IGNITION觀察。,16.149,263,v266.62,2026-10-01 01:22:46,24.0,0.0,40.0,0.0,2.56,量能安靜｜洗盤整理不破｜主力吸籌文字確認｜狀態轉移剛加速｜狀態剛升級,v266.68,2026-10-01 01:22:50,NOISE,雜訊：條件不足。,WATCH,117
2026-09-30,2596,WATCH,54,35.1,50以下,0.0,0,佈局觀察,波動壓縮 | 均線收斂 | 接近突破 | 結構尚可,True,False,False,True,False,True,10.0,A,起漲結構強,MA20走平翻揚｜MA5站上MA10｜40D平台收斂｜短中均線糾結｜40D低點守住｜接近/站回MA60｜MA60不再下彎｜站回60D區間中上｜近5日量縮,平台壓縮後轉強，可優先觀察起漲/試單。,v266.57.9,10.0,無原分數欄位｜僅顯示結構前置分數,253.0,8.0,A,續強品質強,回檔不破前低｜低點墊高確認｜收盤守MA5｜回測守MA10｜回檔量縮｜MA5仍在MA10上,回檔承接尚可，若原策略入選，可優先觀察延續。,v266.57.9,8.6,0.55,0.5,GENERIC,測試排序分=原分數+結構前置分*策略權重+續強品質*策略權重；不覆蓋原策略,265.0,2.3,C,突破觀察,收盤接近高點｜短均多頭,有轉強跡象，但突破品質尚未完全成立。,v266.57.9,WATCH,0.55,0.35,0.75,10.025,315.0,最後後處理補寫：原分數+結構前置+續強品質+突破品質；不覆蓋原策略,0.0,,一般,8.22,v266.58.1,2026-10-01 01:22:38,突破中,4,13,準IGNITION,前狀態:觀察→今日:突破中｜狀態跳升｜具備點火條件,READY,v266.60.2,12.77,30.0,32.0,0.0,0.0,20.51,265.0,20/40/60結構佳｜續強品質佳｜主力佈局語意｜狀態升級強｜具升級旗標｜升級標籤,高優先準點火,v266.61,2026-10-01 01:22:44,24.0,洗盤不破承接｜狀態升級觸發｜狀態轉移轉強,準點火事件,具備起漲條件，可放入TEST/準IGNITION觀察。,16.139,264,v266.62,2026-10-01 01:22:46,24.0,0.0,40.0,0.0,2.56,量能安靜｜洗盤整理不破｜主力吸籌文字確認｜狀態轉移剛加速｜狀態剛升級,v266.68,2026-10-01 01:22:50,NOISE,雜訊：條件不足。,WATCH,118
2026-09-30,5287,WATCH,54,137.5,100-500,0.0,0,佈局觀察,波動壓縮 | 均線收斂 | 接近突破 | 結構尚可,True,False,False,True,False,True,9.0,A,起漲結構強,20D站上MA20｜MA20走平翻揚｜接近20日高｜40D平台收斂｜短中均線糾結｜40D低點守住｜接近/站回MA60｜近5日量縮,平台壓縮後轉強，可優先觀察起漲/試單。,v266.57.9,9.0,無原分數欄位｜僅顯示結構前置分數,391.0,8.0,A,續強品質強,回檔不破前低｜低點墊高確認｜收盤守MA5｜續強確認：收盤未跌破MA5｜回檔量縮｜仍站MA20,回檔承接尚可，若原策略入選，可優先觀察延續。,v266.57.9,7.95,0.55,0.5,GENERIC,測試排序分=原分數+結構前置分*策略權重+續強品質*策略權重；不覆蓋原策略,387.0,3.0,C,突破觀察,收盤接近高點｜突破近5日高,有轉強跡象，但突破品質尚未完全成立。,v266.57.9,WATCH,0.55,0.35,0.75,10.0,323.0,最後後處理補寫：原分數+結構前置+續強品質+突破品質；不覆蓋原策略,0.0,,一般,8.2,v266.58.1,2026-10-01 01:22:38,突破中,4,13,準IGNITION,前狀態:觀察→今日:突破中｜狀態跳升｜具備點火條件,READY,v266.60.2,12.75,30.0,32.0,0.0,0.0,20.508,266.0,20/40/60結構佳｜續強品質佳｜主力佈局語意｜狀態升級強｜具升級旗標｜升級標籤,高優先準點火,v266.61,2026-10-01 01:22:44,24.0,洗盤不破承接｜狀態升級觸發｜狀態轉移轉強,準點火事件,具備起漲條件，可放入TEST/準IGNITION觀察。,16.125,265,v266.62,2026-10-01 01:22:46,24.0,0.0,40.0,0.0,2.56,量能安靜｜洗盤整理不破｜主力吸籌文字確認｜狀態轉移剛加速｜狀態剛升級,v266.68,2026-10-01 01:22:50,NOISE,雜訊：條件不足。,WATCH,119
2026-09-30,8929,WATCH,54,13.2,50以下,0.0,0,佈局觀察,波動壓縮 | 均線收斂 | 接近突破 | 結構尚可,True,False,False,True,False,True,9.0,A,起漲結構強,20D站上MA20｜MA20走平翻揚｜接近20日高｜40D平台收斂｜短中均線糾結｜40D低點守住｜接近/站回MA60｜MA60不再下彎,平台壓縮後轉強，可優先觀察起漲/試單。,v266.57.9,9.0,無原分數欄位｜僅顯示結構前置分數,391.0,8.0,A,續強品質強,回檔不破前低｜低點墊高確認｜收盤守MA5｜續強確認：收盤未跌破MA5｜回檔量縮｜仍站MA20,回檔承接尚可，若原策略入選，可優先觀察延續。,v266.57.9,7.95,0.55,0.5,GENERIC,測試排序分=原分數+結構前置分*策略權重+續強品質*策略權重；不覆蓋原策略,387.0,3.0,C,突破觀察,收盤接近高點｜突破近5日高,有轉強跡象，但突破品質尚未完全成立。,v266.57.9,WATCH,0.55,0.35,0.75,10.0,323.0,最後後處理補寫：原分數+結構前置+續強品質+突破品質；不覆蓋原策略,0.0,,一般,8.2,v266.58.1,2026-10-01 01:22:38,突破中,4,13,準IGNITION,前狀態:觀察→今日:突破中｜狀態跳升｜具備點火條件,READY,v266.60.2,12.75,30.0,32.0,0.0,0.0,20.508,266.0,20/40/60結構佳｜續強品質佳｜主力佈局語意｜狀態升級強｜具升級旗標｜升級標籤,高優先準點火,v266.61,2026-10-01 01:22:44,24.0,洗盤不破承接｜狀態升級觸發｜狀態轉移轉強,準點火事件,具備起漲條件，可放入TEST/準IGNITION觀察。,16.125,266,v266.62,2026-10-01 01:22:46,24.0,0.0,40.0,0.0,2.56,量能安靜｜洗盤整理不破｜主力吸籌文字確認｜狀態轉移剛加速｜狀態剛升級,v266.68,2026-10-01 01:22:50,NOISE,雜訊：條件不足。,WATCH,120
2026-09-30,6474,WATCH,54,35.7,50以下,0.0,0,佈局觀察,波動壓縮 | 均線收斂 | 接近突破 | 結構尚可,True,False,False,True,False,True,9.0,A,起漲結構強,20D站上MA20｜MA20走平翻揚｜接近20日高｜40D平台收斂｜短中均線糾結｜40D低點守住｜接近/站回MA60｜MA60不再下彎,平台壓縮後轉強，可優先觀察起漲/試單。,v266.57.9,9.0,無原分數欄位｜僅顯示結構前置分數,391.0,8.0,A,續強品質強,回檔不破前低｜低點墊高確認｜收盤守MA5｜續強確認：收盤未跌破MA5｜回檔量縮｜仍站MA20,回檔承接尚可，若原策略入選，可優先觀察延續。,v266.57.9,7.95,0.55,0.5,GENERIC,測試排序分=原分數+結構前置分*策略權重+續強品質*策略權重；不覆蓋原策略,387.0,3.0,C,突破觀察,收盤接近高點｜突破近5日高,有轉強跡象，但突破品質尚未完全成立。,v266.57.9,WATCH,0.55,0.35,0.75,10.0,323.0,最後後處理補寫：原分數+結構前置+續強品質+突破品質；不覆蓋原策略,0.0,,一般,8.2,v266.58.1,2026-10-01 01:22:38,突破中,4,13,準IGNITION,前狀態:觀察→今日:突破中｜狀態跳升｜具備點火條件,READY,v266.60.2,12.75,30.0,32.0,0.0,0.0,20.508,266.0,20/40/60結構佳｜續強品質佳｜主力佈局語意｜狀態升級強｜具升級旗標｜升級標籤,高優先準點火,v266.61,2026-10-01 01:22:44,24.0,洗盤不破承接｜狀態升級觸發｜狀態轉移轉強,準點火事件,具備起漲條件，可放入TEST/準IGNITION觀察。,16.125,267,v266.62,2026-10-01 01:22:46,24.0,0.0,40.0,0.0,2.56,量能安靜｜洗盤整理不破｜主力吸籌文字確認｜狀態轉移剛加速｜狀態剛升級,v266.68,2026-10-01 01:22:50,NOISE,雜訊：條件不足。,WATCH,121
2026-09-30,4173,WATCH,54,17.3,50以下,0.0,0,佈局觀察,波動壓縮 | 均線收斂 | 接近突破 | 結構尚可,True,False,False,True,False,True,9.0,A,起漲結構強,20D站上MA20｜MA20走平翻揚｜接近20日高｜40D平台收斂｜短中均線糾結｜40D低點守住｜接近/站回MA60｜MA60不再下彎,平台壓縮後轉強，可優先觀察起漲/試單。,v266.57.9,9.0,無原分數欄位｜僅顯示結構前置分數,391.0,8.0,A,續強品質強,回檔不破前低｜低點墊高確認｜收盤守MA5｜續強確認：收盤未跌破MA5｜回檔量縮｜仍站MA20,回檔承接尚可，若原策略入選，可優先觀察延續。,v266.57.9,7.95,0.55,0.5,GENERIC,測試排序分=原分數+結構前置分*策略權重+續強品質*策略權重；不覆蓋原策略,387.0,3.0,C,突破觀察,收盤接近高點｜突破近5日高,有轉強跡象，但突破品質尚未完全成立。,v266.57.9,WATCH,0.55,0.35,0.75,10.0,323.0,最後後處理補寫：原分數+結構前置+續強品質+突破品質；不覆蓋原策略,0.0,,一般,8.2,v266.58.1,2026-10-01 01:22:38,突破中,4,13,準IGNITION,前狀態:觀察→今日:突破中｜狀態跳升｜具備點火條件,READY,v266.60.2,12.75,30.0,32.0,0.0,0.0,20.508,266.0,20/40/60結構佳｜續強品質佳｜主力佈局語意｜狀態升級強｜具升級旗標｜升級標籤,高優先準點火,v266.61,2026-10-01 01:22:44,24.0,洗盤不破承接｜狀態升級觸發｜狀態轉移轉強,準點火事件,具備起漲條件，可放入TEST/準IGNITION觀察。,16.125,268,v266.62,2026-10-01 01:22:46,24.0,0.0,40.0,0.0,2.56,量能安靜｜洗盤整理不破｜主力吸籌文字確認｜狀態轉移剛加速｜狀態剛升級,v266.68,2026-10-01 01:22:50,NOISE,雜訊：條件不足。,WATCH,122
2026-09-30,8421,WATCH,54,12.95,50以下,0.0,0,佈局觀察,波動壓縮 | 均線收斂 | 接近突破 | 結構尚可,True,False,False,True,False,True,9.0,A,起漲結構強,20D站上MA20｜MA20走平翻揚｜接近20日高｜40D平台收斂｜短中均線糾結｜接近/站回MA60｜MA60不再下彎｜近5日量縮,平台壓縮後轉強，可優先觀察起漲/試單。,v266.57.9,9.0,無原分數欄位｜僅顯示結構前置分數,391.0,8.0,A,續強品質強,回檔不破前低｜低點墊高確認｜收盤守MA5｜續強確認：收盤未跌破MA5｜回檔量縮｜仍站MA20,回檔承接尚可，若原策略入選，可優先觀察延續。,v266.57.9,7.95,0.55,0.5,GENERIC,測試排序分=原分數+結構前置分*策略權重+續強品質*策略權重；不覆蓋原策略,387.0,3.0,C,突破觀察,收盤接近高點｜突破近5日高,有轉強跡象，但突破品質尚未完全成立。,v266.57.9,WATCH,0.55,0.35,0.75,10.0,323.0,最後後處理補寫：原分數+結構前置+續強品質+突破品質；不覆蓋原策略,0.0,,一般,8.2,v266.58.1,2026-10-01 01:22:38,突破中,4,13,準IGNITION,前狀態:觀察→今日:突破中｜狀態跳升｜具備點火條件,READY,v266.60.2,12.75,30.0,32.0,0.0,0.0,20.508,266.0,20/40/60結構佳｜續強品質佳｜主力佈局語意｜狀態升級強｜具升級旗標｜升級標籤,高優先準點火,v266.61,2026-10-01 01:22:44,24.0,洗盤不破承接｜狀態升級觸發｜狀態轉移轉強,準點火事件,具備起漲條件，可放入TEST/準IGNITION觀察。,16.125,269,v266.62,2026-10-01 01:22:46,24.0,0.0,40.0,0.0,2.56,量能安靜｜洗盤整理不破｜主力吸籌文字確認｜狀態轉移剛加速｜狀態剛升級,v266.68,2026-10-01 01:22:50,NOISE,雜訊：條件不足。,WATCH,123
2026-09-30,6279,WATCH,54,112.5,100-500,0.0,0,佈局觀察,波動壓縮 | 均線收斂 | 接近突破 | 結構尚可,True,False,False,True,False,True,9.0,A,起漲結構強,20D站上MA20｜MA20走平翻揚｜接近20日高｜40D平台收斂｜短中均線糾結｜40D低點守住｜接近/站回MA60｜MA60不再下彎,平台壓縮後轉強，可優先觀察起漲/試單。,v266.57.9,9.0,無原分數欄位｜僅顯示結構前置分數,391.0,8.0,A,續強品質強,回檔不破前低｜低點墊高確認｜收盤守MA5｜續強確認：收盤未跌破MA5｜回檔量縮｜仍站MA20,回檔承接尚可，若原策略入選，可優先觀察延續。,v266.57.9,7.95,0.55,0.5,GENERIC,測試排序分=原分數+結構前置分*策略權重+續強品質*策略權重；不覆蓋原策略,387.0,3.0,C,突破觀察,收盤接近高點｜突破近5日高,有轉強跡象，但突破品質尚未完全成立。,v266.57.9,WATCH,0.55,0.35,0.75,10.0,323.0,最後後處理補寫：原分數+結構前置+續強品質+突破品質；不覆蓋原策略,0.0,,一般,8.2,v266.58.1,2026-10-01 01:22:38,突破中,4,13,準IGNITION,前狀態:觀察→今日:突破中｜狀態跳升｜具備點火條件,READY,v266.60.2,12.75,30.0,32.0,0.0,0.0,20.508,266.0,20/40/60結構佳｜續強品質佳｜主力佈局語意｜狀態升級強｜具升級旗標｜升級標籤,高優先準點火,v266.61,2026-10-01 01:22:44,24.0,洗盤不破承接｜狀態升級觸發｜狀態轉移轉強,準點火事件,具備起漲條件，可放入TEST/準IGNITION觀察。,16.125,270,v266.62,2026-10-01 01:22:46,24.0,0.0,40.0,0.0,2.56,量能安靜｜洗盤整理不破｜主力吸籌文字確認｜狀態轉移剛加速｜狀態剛升級,v266.68,2026-10-01 01:22:50,NOISE,雜訊：條件不足。,WATCH,124
2026-09-30,4111,WATCH,54,28.9,50以下,0.0,0,佈局觀察,波動壓縮 | 均線收斂 | 接近突破 | 結構尚可,True,False,False,True,False,True,9.0,A,起漲結構強,20D站上MA20｜MA20走平翻揚｜接近20日高｜40D平台收斂｜短中均線糾結｜40D低點守住｜接近/站回MA60｜MA60不再下彎,平台壓縮後轉強，可優先觀察起漲/試單。,v266.57.9,9.0,無原分數欄位｜僅顯示結構前置分數,391.0,8.0,A,續強品質強,回檔不破前低｜低點墊高確認｜收盤守MA5｜續強確認：收盤未跌破MA5｜回檔量縮｜仍站MA20,回檔承接尚可，若原策略入選，可優先觀察延續。,v266.57.9,7.95,0.55,0.5,GENERIC,測試排序分=原分數+結構前置分*策略權重+續強品質*策略權重；不覆蓋原策略,387.0,3.0,C,突破觀察,收盤接近高點｜突破近5日高,有轉強跡象，但突破品質尚未完全成立。,v266.57.9,WATCH,0.55,0.35,0.75,10.0,323.0,最後後處理補寫：原分數+結構前置+續強品質+突破品質；不覆蓋原策略,0.0,,一般,8.2,v266.58.1,2026-10-01 01:22:38,突破中,4,13,準IGNITION,前狀態:觀察→今日:突破中｜狀態跳升｜具備點火條件,READY,v266.60.2,12.75,30.0,32.0,0.0,0.0,20.508,266.0,20/40/60結構佳｜續強品質佳｜主力佈局語意｜狀態升級強｜具升級旗標｜升級標籤,高優先準點火,v266.61,2026-10-01 01:22:44,24.0,洗盤不破承接｜狀態升級觸發｜狀態轉移轉強,準點火事件,具備起漲條件，可放入TEST/準IGNITION觀察。,16.125,271,v266.62,2026-10-01 01:22:46,24.0,0.0,40.0,0.0,2.56,量能安靜｜洗盤整理不破｜主力吸籌文字確認｜狀態轉移剛加速｜狀態剛升級,v266.68,2026-10-01 01:22:50,NOISE,雜訊：條件不足。,WATCH,125
2026-09-30,8442,BUY,86,45.6,50以下,0.01,10000,主力佈局完成,波動壓縮 | 安靜吸籌 | 均線收斂 | 放量吸收 | 接近突破 | 結構尚可,True,True,False,True,True,True,9.8,A,起漲結構強,接近20日高｜40D平台收斂｜短中均線糾結｜40D低點守住｜接近/站回MA60｜MA60不再下彎｜量縮後溫和放量｜10D動能轉正,平台壓縮後轉強，可優先觀察起漲/試單。,v266.57.9,9.8,無原分數欄位｜僅顯示結構前置分數,346.0,6.5,B,續強品質中,回檔不破前低｜低點墊高確認｜收盤守MA5｜續強確認：收盤未跌破MA5｜10D動能維持,回檔承接尚可，若原策略入選，可優先觀察延續。,v266.57.9,7.64,0.55,0.5,GENERIC,測試排序分=原分數+結構前置分*策略權重+續強品質*策略權重；不覆蓋原策略,483.0,2.7,C,突破觀察,收盤接近高點｜量能較前日放大,有轉強跡象，但突破品質尚未完全成立。,v266.57.9,GENERIC,0.55,0.5,0.5,9.99,335.0,最後後處理補寫：原分數+結構前置+續強品質+突破品質；不覆蓋原策略,0.0,,一般,8.192,v266.58.1,2026-10-01 01:22:38,突破中,4,13,準IGNITION,前狀態:觀察→今日:突破中｜狀態跳升｜具備點火條件,READY,v266.60.2,12.742,30.0,32.0,0.0,0.0,20.507,273.0,20/40/60結構佳｜續強品質佳｜主力佈局語意｜狀態升級強｜具升級旗標｜升級標籤,高優先準點火,v266.61,2026-10-01 01:22:44,24.0,洗盤不破承接｜狀態升級觸發｜狀態轉移轉強,準點火事件,具備起漲條件，可放入TEST/準IGNITION觀察。,16.119,272,v266.62,2026-10-01 01:22:46,24.0,0.0,40.0,0.0,2.56,量能安靜｜洗盤整理不破｜主力吸籌文字確認｜狀態轉移剛加速｜狀態剛升級,v266.68,2026-10-01 01:22:50,NOISE,雜訊：條件不足。,WATCH,126
2026-09-30,7743,WATCH,54,25.0,50以下,0.0,0,佈局觀察,波動壓縮 | 均線收斂 | 接近突破 | 結構尚可,True,False,False,True,False,True,11.0,A,起漲結構強,20D站上MA20｜MA20走平翻揚｜MA5站上MA10｜接近20日高｜40D平台收斂｜短中均線糾結｜40D低點守住｜接近/站回MA60｜MA60不再下彎｜站回60D區間中上,平台壓縮後轉強，可優先觀察起漲/試單。,v266.57.9,11.0,無原分數欄位｜僅顯示結構前置分數,137.0,7.5,A,續強品質強,回檔不破前低｜低點墊高確認｜收盤守MA5｜回測守MA10｜MA5仍在MA10上｜仍站MA20,回檔承接尚可，若原策略入選，可優先觀察延續。,v266.57.9,8.9,0.55,0.5,GENERIC,測試排序分=原分數+結構前置分*策略權重+續強品質*策略權重；不覆蓋原策略,216.0,2.3,C,突破觀察,收盤接近高點｜短均多頭,有轉強跡象，但突破品質尚未完全成立。,v266.57.9,WATCH,0.55,0.35,0.75,10.4,289.0,最後後處理補寫：原分數+結構前置+續強品質+突破品質；不覆蓋原策略,0.0,,一般,8.528,v266.58.1,2026-10-01 01:22:38,突破中,4,12,準IGNITION,前狀態:突破中→今日:突破中｜強狀態維持｜強狀態連續維持｜具備點火條件,READY,v266.60.2,12.728,30.0,32.0,0.0,0.0,20.523,258.0,20/40/60結構佳｜續強品質佳｜主力佈局語意｜狀態升級強｜具升級旗標｜升級標籤,高優先準點火,v266.61,2026-10-01 01:22:44,24.0,洗盤不破承接｜狀態升級觸發｜狀態轉移轉強,準點火事件,具備起漲條件，可放入TEST/準IGNITION觀察。,16.11,273,v266.62,2026-10-01 01:22:46,24.0,0.0,40.0,0.0,2.56,量能安靜｜洗盤整理不破｜主力吸籌文字確認｜狀態轉移剛加速｜狀態剛升級,v266.68,2026-10-01 01:22:50,NOISE,雜訊：條件不足。,WATCH,127
2026-09-30,6028,WATCH,54,99.0,50-100,0.0,0,佈局觀察,波動壓縮 | 均線收斂 | 接近突破 | 結構尚可,True,False,False,True,False,True,11.0,A,起漲結構強,20D站上MA20｜MA20走平翻揚｜MA5站上MA10｜接近20日高｜40D平台收斂｜短中均線糾結｜40D低點守住｜接近/站回MA60｜MA60不再下彎｜站回60D區間中上,平台壓縮後轉強，可優先觀察起漲/試單。,v266.57.9,11.0,無原分數欄位｜僅顯示結構前置分數,137.0,7.5,A,續強品質強,回檔不破前低｜低點墊高確認｜收盤守MA5｜回測守MA10｜MA5仍在MA10上｜仍站MA20,回檔承接尚可，若原策略入選，可優先觀察延續。,v266.57.9,8.9,0.55,0.5,GENERIC,測試排序分=原分數+結構前置分*策略權重+續強品質*策略權重；不覆蓋原策略,216.0,2.3,C,突破觀察,收盤接近高點｜短均多頭,有轉強跡象，但突破品質尚未完全成立。,v266.57.9,WATCH,0.55,0.35,0.75,10.4,289.0,最後後處理補寫：原分數+結構前置+續強品質+突破品質；不覆蓋原策略,0.0,,一般,8.528,v266.58.1,2026-10-01 01:22:38,突破中,4,12,準IGNITION,前狀態:突破中→今日:突破中｜強狀態維持｜強狀態連續維持｜具備點火條件,READY,v266.60.2,12.728,30.0,32.0,0.0,0.0,20.523,258.0,20/40/60結構佳｜續強品質佳｜主力佈局語意｜狀態升級強｜具升級旗標｜升級標籤,高優先準點火,v266.61,2026-10-01 01:22:44,24.0,洗盤不破承接｜狀態升級觸發｜狀態轉移轉強,準點火事件,具備起漲條件，可放入TEST/準IGNITION觀察。,16.11,274,v266.62,2026-10-01 01:22:46,24.0,0.0,40.0,0.0,2.56,量能安靜｜洗盤整理不破｜主力吸籌文字確認｜狀態轉移剛加速｜狀態剛升級,v266.68,2026-10-01 01:22:50,NOISE,雜訊：條件不足。,WATCH,128
2026-09-30,6859,WATCH,54,120.5,100-500,0.0,0,佈局觀察,波動壓縮 | 均線收斂 | 接近突破 | 結構尚可,True,False,False,True,False,True,11.0,A,起漲結構強,20D站上MA20｜MA20走平翻揚｜MA5站上MA10｜接近20日高｜40D平台收斂｜短中均線糾結｜40D低點守住｜接近/站回MA60｜MA60不再下彎｜站回60D區間中上,平台壓縮後轉強，可優先觀察起漲/試單。,v266.57.9,11.0,無原分數欄位｜僅顯示結構前置分數,137.0,7.5,A,續強品質強,回檔不破前低｜低點墊高確認｜收盤守MA5｜回測守MA10｜MA5仍在MA10上｜仍站MA20,回檔承接尚可，若原策略入選，可優先觀察延續。,v266.57.9,8.9,0.55,0.5,GENERIC,測試排序分=原分數+結構前置分*策略權重+續強品質*策略權重；不覆蓋原策略,216.0,2.3,C,突破觀察,收盤接近高點｜短均多頭,有轉強跡象，但突破品質尚未完全成立。,v266.57.9,WATCH,0.55,0.35,0.75,10.4,289.0,最後後處理補寫：原分數+結構前置+續強品質+突破品質；不覆蓋原策略,0.0,,一般,8.528,v266.58.1,2026-10-01 01:22:38,突破中,4,12,準IGNITION,前狀態:突破中→今日:突破中｜強狀態維持｜強狀態連續維持｜具備點火條件,READY,v266.60.2,12.728,30.0,32.0,0.0,0.0,20.523,258.0,20/40/60結構佳｜續強品質佳｜主力佈局語意｜狀態升級強｜具升級旗標｜升級標籤,高優先準點火,v266.61,2026-10-01 01:22:44,24.0,洗盤不破承接｜狀態升級觸發｜狀態轉移轉強,準點火事件,具備起漲條件，可放入TEST/準IGNITION觀察。,16.11,275,v266.62,2026-10-01 01:22:46,24.0,0.0,40.0,0.0,2.56,量能安靜｜洗盤整理不破｜主力吸籌文字確認｜狀態轉移剛加速｜狀態剛升級,v266.68,2026-10-01 01:22:50,NOISE,雜訊：條件不足。,WATCH,129
2026-09-30,2015,BUY,86,64.2,50-100,0.01,10000,主力佈局完成,波動壓縮 | 安靜吸籌 | 均線收斂 | 放量吸收 | 接近突破 | 結構尚可,True,True,False,True,True,True,9.0,A,起漲結構強,接近20日高｜40D平台收斂｜短中均線糾結｜40D低點守住｜接近/站回MA60｜MA60不再下彎｜量縮後溫和放量,平台壓縮後轉強，可優先觀察起漲/試單。,v266.57.9,9.0,無原分數欄位｜僅顯示結構前置分數,391.0,7.0,A,續強品質強,回檔不破前低｜低點墊高確認｜收盤守MA5｜續強確認：收盤未跌破MA5｜回檔量縮,回檔承接尚可，若原策略入選，可優先觀察延續。,v266.57.9,7.45,0.55,0.5,GENERIC,測試排序分=原分數+結構前置分*策略權重+續強品質*策略權重；不覆蓋原策略,503.0,3.0,C,突破觀察,紅K實體放大｜收盤接近高點,有轉強跡象，但突破品質尚未完全成立。,v266.57.9,GENERIC,0.55,0.5,0.5,9.95,337.0,最後後處理補寫：原分數+結構前置+續強品質+突破品質；不覆蓋原策略,0.0,,一般,8.159,v266.58.1,2026-10-01 01:22:38,突破中,4,13,準IGNITION,前狀態:觀察→今日:突破中｜狀態跳升｜具備點火條件,READY,v266.60.2,12.709,30.0,32.0,0.0,0.0,20.503,274.0,20/40/60結構佳｜續強品質佳｜主力佈局語意｜狀態升級強｜具升級旗標｜升級標籤,高優先準點火,v266.61,2026-10-01 01:22:44,24.0,洗盤不破承接｜狀態升級觸發｜狀態轉移轉強,準點火事件,具備起漲條件，可放入TEST/準IGNITION觀察。,16.096,276,v266.62,2026-10-01 01:22:46,24.0,0.0,40.0,0.0,2.56,量能安靜｜洗盤整理不破｜主力吸籌文字確認｜狀態轉移剛加速｜狀態剛升級,v266.68,2026-10-01 01:22:50,NOISE,雜訊：條件不足。,WATCH,130
2026-09-30,3360,WATCH,54,15.35,50以下,0.0,0,佈局觀察,波動壓縮 | 均線收斂 | 接近突破 | 結構尚可,True,False,False,True,False,True,8.0,A,起漲結構強,20D站上MA20｜MA20走平翻揚｜MA5站上MA10｜接近20日高｜40D平台收斂｜短中均線糾結｜接近/站回MA60,平台壓縮後轉強，可優先觀察起漲/試單。,v266.57.9,8.0,無原分數欄位｜僅顯示結構前置分數,556.0,7.7,A,續強品質強,回檔不破前低｜低點墊高確認｜收盤守MA5｜續強確認：收盤未跌破MA5｜MA5仍在MA10上｜仍站MA20,回檔承接尚可，若原策略入選，可優先觀察延續。,v266.57.9,7.25,0.55,0.5,GENERIC,測試排序分=原分數+結構前置分*策略權重+續強品質*策略權重；不覆蓋原策略,550.0,3.8,C,突破觀察,收盤接近高點｜突破近5日高｜短均多頭,有轉強跡象，但突破品質尚未完全成立。,v266.57.9,WATCH,0.55,0.35,0.75,9.945,339.0,最後後處理補寫：原分數+結構前置+續強品質+突破品質；不覆蓋原策略,0.0,,一般,8.155,v266.58.1,2026-10-01 01:22:38,突破中,4,13,準IGNITION,前狀態:觀察→今日:突破中｜狀態跳升｜具備點火條件,READY,v266.60.2,12.705,30.0,32.0,0.0,0.0,20.503,274.0,20/40/60結構佳｜續強品質佳｜主力佈局語意｜狀態升級強｜具升級旗標｜升級標籤,高優先準點火,v266.61,2026-10-01 01:22:44,24.0,洗盤不破承接｜狀態升級觸發｜狀態轉移轉強,準點火事件,具備起漲條件，可放入TEST/準IGNITION觀察。,16.093,277,v266.62,2026-10-01 01:22:46,24.0,0.0,40.0,0.0,2.56,量能安靜｜洗盤整理不破｜主力吸籌文字確認｜狀態轉移剛加速｜狀態剛升級,v266.68,2026-10-01 01:22:50,NOISE,雜訊：條件不足。,WATCH,131
2026-09-30,2926,WATCH,54,30.2,50以下,0.0,0,佈局觀察,波動壓縮 | 均線收斂 | 接近突破 | 結構尚可,True,False,False,True,False,True,8.0,A,起漲結構強,20D站上MA20｜MA5站上MA10｜接近20日高｜40D平台收斂｜短中均線糾結｜40D低點守住｜接近/站回MA60,平台壓縮後轉強，可優先觀察起漲/試單。,v266.57.9,8.0,無原分數欄位｜僅顯示結構前置分數,556.0,7.7,A,續強品質強,回檔不破前低｜低點墊高確認｜收盤守MA5｜續強確認：收盤未跌破MA5｜MA5仍在MA10上｜仍站MA20,回檔承接尚可，若原策略入選，可優先觀察延續。,v266.57.9,7.25,0.55,0.5,GENERIC,測試排序分=原分數+結構前置分*策略權重+續強品質*策略權重；不覆蓋原策略,550.0,3.8,C,突破觀察,收盤接近高點｜突破近5日高｜短均多頭,有轉強跡象，但突破品質尚未完全成立。,v266.57.9,WATCH,0.55,0.35,0.75,9.945,339.0,最後後處理補寫：原分數+結構前置+續強品質+突破品質；不覆蓋原策略,0.0,,一般,8.155,v266.58.1,2026-10-01 01:22:38,突破中,4,13,準IGNITION,前狀態:觀察→今日:突破中｜狀態跳升｜具備點火條件,READY,v266.60.2,12.705,30.0,32.0,0.0,0.0,20.503,274.0,20/40/60結構佳｜續強品質佳｜主力佈局語意｜狀態升級強｜具升級旗標｜升級標籤,高優先準點火,v266.61,2026-10-01 01:22:44,24.0,洗盤不破承接｜狀態升級觸發｜狀態轉移轉強,準點火事件,具備起漲條件，可放入TEST/準IGNITION觀察。,16.093,278,v266.62,2026-10-01 01:22:46,24.0,0.0,40.0,0.0,2.56,量能安靜｜洗盤整理不破｜主力吸籌文字確認｜狀態轉移剛加速｜狀態剛升級,v266.68,2026-10-01 01:22:50,NOISE,雜訊：條件不足。,WATCH,132
2026-09-30,3465,WATCH,54,29.7,50以下,0.0,0,佈局觀察,波動壓縮 | 均線收斂 | 接近突破 | 結構尚可,True,False,False,True,False,True,8.0,A,起漲結構強,20D站上MA20｜MA5站上MA10｜接近20日高｜40D平台收斂｜短中均線糾結｜40D低點守住｜接近/站回MA60,平台壓縮後轉強，可優先觀察起漲/試單。,v266.57.9,8.0,無原分數欄位｜僅顯示結構前置分數,556.0,7.7,A,續強品質強,回檔不破前低｜低點墊高確認｜收盤守MA5｜續強確認：收盤未跌破MA5｜MA5仍在MA10上｜仍站MA20,回檔承接尚可，若原策略入選，可優先觀察延續。,v266.57.9,7.25,0.55,0.5,GENERIC,測試排序分=原分數+結構前置分*策略權重+續強品質*策略權重；不覆蓋原策略,550.0,3.8,C,突破觀察,收盤接近高點｜突破近5日高｜短均多頭,有轉強跡象，但突破品質尚未完全成立。,v266.57.9,WATCH,0.55,0.35,0.75,9.945,339.0,最後後處理補寫：原分數+結構前置+續強品質+突破品質；不覆蓋原策略,0.0,,一般,8.155,v266.58.1,2026-10-01 01:22:38,突破中,4,13,準IGNITION,前狀態:觀察→今日:突破中｜狀態跳升｜具備點火條件,READY,v266.60.2,12.705,30.0,32.0,0.0,0.0,20.503,274.0,20/40/60結構佳｜續強品質佳｜主力佈局語意｜狀態升級強｜具升級旗標｜升級標籤,高優先準點火,v266.61,2026-10-01 01:22:44,24.0,洗盤不破承接｜狀態升級觸發｜狀態轉移轉強,準點火事件,具備起漲條件，可放入TEST/準IGNITION觀察。,16.093,279,v266.62,2026-10-01 01:22:46,24.0,0.0,40.0,0.0,2.56,量能安靜｜洗盤整理不破｜主力吸籌文字確認｜狀態轉移剛加速｜狀態剛升級,v266.68,2026-10-01 01:22:50,NOISE,雜訊：條件不足。,WATCH,133
2026-09-30,5608,WATCH,54,16.95,50以下,0.0,0,佈局觀察,波動壓縮 | 均線收斂 | 接近突破 | 結構尚可,True,False,False,True,False,True,10.3,A,起漲結構強,20D站上MA20｜MA20走平翻揚｜MA5站上MA10｜短中均線糾結｜40D低點守住｜接近/站回MA60｜MA60不再下彎｜站回60D區間中上｜近5日量縮｜10D動能轉正,平台壓縮後轉強，可優先觀察起漲/試單。,v266.57.9,10.3,無原分數欄位｜僅顯示結構前置分數,247.0,8.5,A,續強品質強,回檔不破前低｜低點墊高確認｜收盤守MA5｜回測守MA10｜MA5仍在MA10上｜仍站MA20｜10D動能維持,回檔承接尚可，若原策略入選，可優先觀察延續。,v266.57.9,9.015,0.55,0.5,GENERIC,測試排序分=原分數+結構前置分*策略權重+續強品質*策略權重；不覆蓋原策略,203.0,2.3,C,突破觀察,收盤接近高點｜短均多頭,有轉強跡象，但突破品質尚未完全成立。,v266.57.9,WATCH,0.55,0.35,0.75,10.365,295.0,最後後處理補寫：原分數+結構前置+續強品質+突破品質；不覆蓋原策略,0.0,,一般,8.499,v266.58.1,2026-10-01 01:22:38,突破中,4,12,準IGNITION,前狀態:突破中→今日:突破中｜強狀態維持｜強狀態連續維持｜具備點火條件,READY,v266.60.2,12.699,30.0,32.0,0.0,0.0,20.52,262.0,20/40/60結構佳｜續強品質佳｜主力佈局語意｜狀態升級強｜具升級旗標｜升級標籤,高優先準點火,v266.61,2026-10-01 01:22:44,24.0,洗盤不破承接｜狀態升級觸發｜狀態轉移轉強,準點火事件,具備起漲條件，可放入TEST/準IGNITION觀察。,16.089,280,v266.62,2026-10-01 01:22:46,24.0,0.0,40.0,0.0,2.56,量能安靜｜洗盤整理不破｜主力吸籌文字確認｜狀態轉移剛加速｜狀態剛升級,v266.68,2026-10-01 01:22:50,NOISE,雜訊：條件不足。,WATCH,134
2026-09-30,3218,WATCH,54,135.0,100-500,0.0,0,佈局觀察,波動壓縮 | 均線收斂 | 接近突破 | 結構尚可,True,False,False,True,False,True,10.0,A,起漲結構強,20D站上MA20｜MA20走平翻揚｜MA5站上MA10｜接近20日高｜40D平台收斂｜短中均線糾結｜40D低點守住｜接近/站回MA60｜MA60不再下彎,平台壓縮後轉強，可優先觀察起漲/試單。,v266.57.9,10.0,無原分數欄位｜僅顯示結構前置分數,253.0,7.7,A,續強品質強,回檔不破前低｜低點墊高確認｜收盤守MA5｜續強確認：收盤未跌破MA5｜MA5仍在MA10上｜仍站MA20,回檔承接尚可，若原策略入選，可優先觀察延續。,v266.57.9,8.35,0.55,0.5,GENERIC,測試排序分=原分數+結構前置分*策略權重+續強品質*策略權重；不覆蓋原策略,313.0,2.3,C,突破觀察,收盤接近高點｜短均多頭,有轉強跡象，但突破品質尚未完全成立。,v266.57.9,WATCH,0.55,0.35,0.75,9.92,343.0,最後後處理補寫：原分數+結構前置+續強品質+突破品質；不覆蓋原策略,0.0,,一般,8.134,v266.58.1,2026-10-01 01:22:38,突破中,4,13,準IGNITION,前狀態:觀察→今日:突破中｜狀態跳升｜具備點火條件,READY,v266.60.2,12.684,30.0,32.0,0.0,0.0,20.501,278.0,20/40/60結構佳｜續強品質佳｜主力佈局語意｜狀態升級強｜具升級旗標｜升級標籤,高優先準點火,v266.61,2026-10-01 01:22:44,24.0,洗盤不破承接｜狀態升級觸發｜狀態轉移轉強,準點火事件,具備起漲條件，可放入TEST/準IGNITION觀察。,16.079,281,v266.62,2026-10-01 01:22:46,24.0,0.0,40.0,0.0,2.56,量能安靜｜洗盤整理不破｜主力吸籌文字確認｜狀態轉移剛加速｜狀態剛升級,v266.68,2026-10-01 01:22:50,NOISE,雜訊：條件不足。,WATCH,135
2026-09-30,2755,WATCH,54,98.9,50-100,0.0,0,佈局觀察,波動壓縮 | 均線收斂 | 接近突破 | 結構尚可,True,False,False,True,False,True,9.0,A,起漲結構強,20D站上MA20｜MA20走平翻揚｜MA5站上MA10｜接近20日高｜40D平台收斂｜短中均線糾結｜40D低點守住｜接近/站回MA60,平台壓縮後轉強，可優先觀察起漲/試單。,v266.57.9,9.0,無原分數欄位｜僅顯示結構前置分數,391.0,9.2,A,續強品質強,回檔不破前低｜低點墊高確認｜收盤守MA5｜續強確認：收盤未跌破MA5｜回檔量縮｜MA5仍在MA10上｜仍站MA20,回檔承接尚可，若原策略入選，可優先觀察延續。,v266.57.9,8.55,0.55,0.5,GENERIC,測試排序分=原分數+結構前置分*策略權重+續強品質*策略權重；不覆蓋原策略,269.0,2.3,C,突破觀察,突破近5日高｜短均多頭,有轉強跡象，但突破品質尚未完全成立。,v266.57.9,WATCH,0.55,0.35,0.75,9.895,349.0,最後後處理補寫：原分數+結構前置+續強品質+突破品質；不覆蓋原策略,0.0,,一般,8.114,v266.58.1,2026-10-01 01:22:38,突破中,4,13,準IGNITION,前狀態:觀察→今日:突破中｜狀態跳升｜具備點火條件,READY,v266.60.2,12.664,30.0,32.0,0.0,0.0,20.499,279.0,20/40/60結構佳｜續強品質佳｜主力佈局語意｜狀態升級強｜具升級旗標｜升級標籤,高優先準點火,v266.61,2026-10-01 01:22:44,24.0,洗盤不破承接｜狀態升級觸發｜狀態轉移轉強,準點火事件,具備起漲條件，可放入TEST/準IGNITION觀察。,16.065,282,v266.62,2026-10-01 01:22:46,24.0,0.0,40.0,0.0,2.56,量能安靜｜洗盤整理不破｜主力吸籌文字確認｜狀態轉移剛加速｜狀態剛升級,v266.68,2026-10-01 01:22:50,NOISE,雜訊：條件不足。,WATCH,136
2026-09-30,5706,WATCH,54,44.15,50以下,0.0,0,佈局觀察,波動壓縮 | 均線收斂 | 接近突破 | 結構尚可,True,False,False,True,False,True,8.8,A,起漲結構強,MA5站上MA10｜接近20日高｜40D平台收斂｜短中均線糾結｜40D低點守住｜接近/站回MA60｜近5日量縮｜10D動能轉正,平台壓縮後轉強，可優先觀察起漲/試單。,v266.57.9,8.8,無原分數欄位｜僅顯示結構前置分數,522.0,9.2,A,續強品質強,回檔不破前低｜低點墊高確認｜收盤守MA5｜續強確認：收盤未跌破MA5｜回檔量縮｜MA5仍在MA10上｜10D動能維持,回檔承接尚可，若原策略入選，可優先觀察延續。,v266.57.9,8.44,0.55,0.5,GENERIC,測試排序分=原分數+結構前置分*策略權重+續強品質*策略權重；不覆蓋原策略,303.0,2.3,C,突破觀察,收盤接近高點｜短均多頭,有轉強跡象，但突破品質尚未完全成立。,v266.57.9,WATCH,0.55,0.35,0.75,9.785,364.0,最後後處理補寫：原分數+結構前置+續強品質+突破品質；不覆蓋原策略,0.0,,一般,8.024,v266.58.1,2026-10-01 01:22:38,突破中,4,13,準IGNITION,前狀態:觀察→今日:突破中｜狀態跳升｜具備點火條件,READY,v266.60.2,12.574,30.0,32.0,0.0,0.0,20.49,288.0,20/40/60結構佳｜續強品質佳｜主力佈局語意｜狀態升級強｜具升級旗標｜升級標籤,高優先準點火,v266.61,2026-10-01 01:22:44,24.0,洗盤不破承接｜狀態升級觸發｜狀態轉移轉強,準點火事件,具備起漲條件，可放入TEST/準IGNITION觀察。,16.002,283,v266.62,2026-10-01 01:22:46,24.0,0.0,40.0,0.0,2.56,量能安靜｜洗盤整理不破｜主力吸籌文字確認｜狀態轉移剛加速｜狀態剛升級,v266.68,2026-10-01 01:22:50,NOISE,雜訊：條件不足。,WATCH,137
2026-09-30,8277,WATCH,54,15.5,50以下,0.0,0,佈局觀察,波動壓縮 | 均線收斂 | 接近突破 | 結構尚可,True,False,False,True,False,True,9.5,A,起漲結構強,20D站上MA20｜MA20走平翻揚｜MA5站上MA10｜接近20日高｜短中均線糾結｜40D低點守住｜接近/站回MA60｜MA60不再下彎｜站回60D區間中上,平台壓縮後轉強，可優先觀察起漲/試單。,v266.57.9,9.5,無原分數欄位｜僅顯示結構前置分數,380.0,9.0,A,續強品質強,回檔不破前低｜低點墊高確認｜收盤守MA5｜回測守MA10｜回檔量縮｜MA5仍在MA10上｜仍站MA20,回檔承接尚可，若原策略入選，可優先觀察延續。,v266.57.9,8.825,0.55,0.5,GENERIC,測試排序分=原分數+結構前置分*策略權重+續強品質*策略權重；不覆蓋原策略,253.0,2.3,C,突破觀察,收盤接近高點｜短均多頭,有轉強跡象，但突破品質尚未完全成立。,v266.57.9,WATCH,0.55,0.35,0.75,10.1,311.0,最後後處理補寫：原分數+結構前置+續強品質+突破品質；不覆蓋原策略,0.0,,一般,8.282,v266.58.1,2026-10-01 01:22:38,突破中,4,12,準IGNITION,前狀態:突破中→今日:突破中｜強狀態維持｜強狀態連續維持｜具備點火條件,READY,v266.60.2,12.482,30.0,32.0,0.0,0.0,20.498,280.0,20/40/60結構佳｜續強品質佳｜主力佈局語意｜狀態升級強｜具升級旗標｜升級標籤,高優先準點火,v266.61,2026-10-01 01:22:44,24.0,洗盤不破承接｜狀態升級觸發｜狀態轉移轉強,準點火事件,具備起漲條件，可放入TEST/準IGNITION觀察。,15.937,284,v266.62,2026-10-01 01:22:46,24.0,0.0,40.0,0.0,2.56,量能安靜｜洗盤整理不破｜主力吸籌文字確認｜狀態轉移剛加速｜狀態剛升級,v266.68,2026-10-01 01:22:50,NOISE,雜訊：條件不足。,WATCH,138
2026-09-30,4974,WATCH,54,71.0,50-100,0.0,0,佈局觀察,波動壓縮 | 均線收斂 | 接近突破 | 結構尚可,True,False,False,True,False,True,9.0,A,起漲結構強,MA20走平翻揚｜接近20日高｜40D平台收斂｜短中均線糾結｜40D低點守住｜接近/站回MA60｜MA60不再下彎｜站回60D區間中上,平台壓縮後轉強，可優先觀察起漲/試單。,v266.57.9,9.0,無原分數欄位｜僅顯示結構前置分數,391.0,7.0,A,續強品質強,回檔不破前低｜低點墊高確認｜收盤守MA5｜續強確認：收盤未跌破MA5｜回檔量縮,回檔承接尚可，若原策略入選，可優先觀察延續。,v266.57.9,7.45,0.55,0.5,GENERIC,測試排序分=原分數+結構前置分*策略權重+續強品質*策略權重；不覆蓋原策略,503.0,3.0,C,突破觀察,收盤接近高點｜突破近5日高,有轉強跡象，但突破品質尚未完全成立。,v266.57.9,WATCH,0.55,0.35,0.75,9.65,369.0,最後後處理補寫：原分數+結構前置+續強品質+突破品質；不覆蓋原策略,0.0,,一般,7.913,v266.58.1,2026-10-01 01:22:38,突破中,4,13,準IGNITION,前狀態:觀察→今日:突破中｜狀態跳升｜具備點火條件,READY,v266.60.2,12.463,30.0,32.0,0.0,0.0,20.479,298.0,20/40/60結構佳｜續強品質佳｜主力佈局語意｜狀態升級強｜具升級旗標｜升級標籤,高優先準點火,v266.61,2026-10-01 01:22:44,24.0,洗盤不破承接｜狀態升級觸發｜狀態轉移轉強,準點火事件,具備起漲條件，可放入TEST/準IGNITION觀察。,15.924,285,v266.62,2026-10-01 01:22:46,24.0,0.0,40.0,0.0,2.56,量能安靜｜洗盤整理不破｜主力吸籌文字確認｜狀態轉移剛加速｜狀態剛升級,v266.68,2026-10-01 01:22:50,NOISE,雜訊：條件不足。,WATCH,139
2026-09-30,7794,WATCH,54,30.6,50以下,0.0,0,佈局觀察,波動壓縮 | 均線收斂 | 接近突破 | 結構尚可,True,False,False,True,False,True,9.0,A,起漲結構強,MA20走平翻揚｜40D平台收斂｜短中均線糾結｜40D低點守住｜接近/站回MA60｜MA60不再下彎｜站回60D區間中上｜近5日量縮,平台壓縮後轉強，可優先觀察起漲/試單。,v266.57.9,9.0,無原分數欄位｜僅顯示結構前置分數,391.0,7.0,A,續強品質強,回檔不破前低｜低點墊高確認｜收盤守MA5｜續強確認：收盤未跌破MA5｜回檔量縮,回檔承接尚可，若原策略入選，可優先觀察延續。,v266.57.9,7.45,0.55,0.5,GENERIC,測試排序分=原分數+結構前置分*策略權重+續強品質*策略權重；不覆蓋原策略,503.0,3.0,C,突破觀察,收盤接近高點｜突破近5日高,有轉強跡象，但突破品質尚未完全成立。,v266.57.9,WATCH,0.55,0.35,0.75,9.65,369.0,最後後處理補寫：原分數+結構前置+續強品質+突破品質；不覆蓋原策略,0.0,,一般,7.913,v266.58.1,2026-10-01 01:22:38,突破中,4,13,準IGNITION,前狀態:觀察→今日:突破中｜狀態跳升｜具備點火條件,READY,v266.60.2,12.463,30.0,32.0,0.0,0.0,20.479,298.0,20/40/60結構佳｜續強品質佳｜主力佈局語意｜狀態升級強｜具升級旗標｜升級標籤,高優先準點火,v266.61,2026-10-01 01:22:44,24.0,洗盤不破承接｜狀態升級觸發｜狀態轉移轉強,準點火事件,具備起漲條件，可放入TEST/準IGNITION觀察。,15.924,286,v266.62,2026-10-01 01:22:46,24.0,0.0,40.0,0.0,2.56,量能安靜｜洗盤整理不破｜主力吸籌文字確認｜狀態轉移剛加速｜狀態剛升級,v266.68,2026-10-01 01:22:50,NOISE,雜訊：條件不足。,WATCH,140
2026-09-30,3521,WATCH,54,11.85,50以下,0.0,0,佈局觀察,波動壓縮 | 均線收斂 | 接近突破 | 結構尚可,True,False,False,True,False,True,9.0,A,起漲結構強,MA20走平翻揚｜接近20日高｜40D平台收斂｜短中均線糾結｜40D低點守住｜接近/站回MA60｜MA60不再下彎｜近5日量縮,平台壓縮後轉強，可優先觀察起漲/試單。,v266.57.9,9.0,無原分數欄位｜僅顯示結構前置分數,391.0,7.0,A,續強品質強,回檔不破前低｜低點墊高確認｜收盤守MA5｜續強確認：收盤未跌破MA5｜回檔量縮,回檔承接尚可，若原策略入選，可優先觀察延續。,v266.57.9,7.45,0.55,0.5,GENERIC,測試排序分=原分數+結構前置分*策略權重+續強品質*策略權重；不覆蓋原策略,503.0,3.0,C,突破觀察,收盤接近高點｜突破近5日高,有轉強跡象，但突破品質尚未完全成立。,v266.57.9,WATCH,0.55,0.35,0.75,9.65,369.0,最後後處理補寫：原分數+結構前置+續強品質+突破品質；不覆蓋原策略,0.0,,一般,7.913,v266.58.1,2026-10-01 01:22:38,突破中,4,13,準IGNITION,前狀態:觀察→今日:突破中｜狀態跳升｜具備點火條件,READY,v266.60.2,12.463,30.0,32.0,0.0,0.0,20.479,298.0,20/40/60結構佳｜續強品質佳｜主力佈局語意｜狀態升級強｜具升級旗標｜升級標籤,高優先準點火,v266.61,2026-10-01 01:22:44,24.0,洗盤不破承接｜狀態升級觸發｜狀態轉移轉強,準點火事件,具備起漲條件，可放入TEST/準IGNITION觀察。,15.924,287,v266.62,2026-10-01 01:22:46,24.0,0.0,40.0,0.0,2.56,量能安靜｜洗盤整理不破｜主力吸籌文字確認｜狀態轉移剛加速｜狀態剛升級,v266.68,2026-10-01 01:22:50,NOISE,雜訊：條件不足。,WATCH,141
2026-09-30,2023,WATCH,54,13.75,50以下,0.0,0,佈局觀察,安靜吸籌 | 均線收斂 | 接近突破 | 結構尚可,False,True,False,True,False,True,9.8,A,起漲結構強,接近20日高｜40D平台收斂｜短中均線糾結｜40D低點守住｜接近/站回MA60｜MA60不再下彎｜量縮後溫和放量｜5D動能轉正,平台壓縮後轉強，可優先觀察起漲/試單。,v266.57.9,7.8,無原分數欄位｜僅顯示結構前置分數,678.0,7.0,A,續強品質強,回檔不破前低｜低點墊高確認｜收盤守MA5｜續強確認：收盤未跌破MA5｜回檔量縮,回檔承接尚可，若原策略入選，可優先觀察延續。,v266.57.9,6.04,0.55,0.5,GENERIC,測試排序分=原分數+結構前置分*策略權重+續強品質*策略權重；不覆蓋原策略,758.0,2.4,C,突破觀察,量能較前日放大｜MA5加速上彎,有轉強跡象，但突破品質尚未完全成立。,v266.57.9,WATCH,0.55,0.35,0.75,9.64,373.0,最後後處理補寫：原分數+結構前置+續強品質+突破品質；不覆蓋原策略,0.0,,一般,7.905,v266.58.1,2026-10-01 01:22:38,突破中,4,13,準IGNITION,前狀態:觀察→今日:突破中｜狀態跳升｜具備點火條件,READY,v266.60.2,12.455,30.0,32.0,0.0,0.0,20.478,301.0,20/40/60結構佳｜續強品質佳｜主力佈局語意｜狀態升級強｜具升級旗標｜升級標籤,高優先準點火,v266.61,2026-10-01 01:22:44,24.0,洗盤不破承接｜狀態升級觸發｜狀態轉移轉強,準點火事件,具備起漲條件，可放入TEST/準IGNITION觀察。,15.918,288,v266.62,2026-10-01 01:22:46,24.0,0.0,40.0,0.0,2.56,量能安靜｜洗盤整理不破｜主力吸籌文字確認｜狀態轉移剛加速｜狀態剛升級,v266.68,2026-10-01 01:22:50,NOISE,雜訊：條件不足。,WATCH,142
2026-09-30,6763,WATCH,54,41.3,50以下,0.0,0,佈局觀察,波動壓縮 | 均線收斂 | 接近突破 | 結構尚可,True,False,False,True,False,True,9.0,A,起漲結構強,20D站上MA20｜MA20走平翻揚｜MA5站上MA10｜接近20日高｜40D平台收斂｜短中均線糾結｜40D低點守住｜接近/站回MA60,平台壓縮後轉強，可優先觀察起漲/試單。,v266.57.9,9.0,無原分數欄位｜僅顯示結構前置分數,391.0,9.0,A,續強品質強,回檔不破前低｜低點墊高確認｜收盤守MA5｜回測守MA10｜回檔量縮｜MA5仍在MA10上｜仍站MA20,回檔承接尚可，若原策略入選，可優先觀察延續。,v266.57.9,8.55,0.55,0.5,GENERIC,測試排序分=原分數+結構前置分*策略權重+續強品質*策略權重；不覆蓋原策略,269.0,2.0,C,突破觀察,MA5加速上彎｜短均多頭,有轉強跡象，但突破品質尚未完全成立。,v266.57.9,WATCH,0.55,0.35,0.75,9.6,374.0,最後後處理補寫：原分數+結構前置+續強品質+突破品質；不覆蓋原策略,0.0,,一般,7.872,v266.58.1,2026-10-01 01:22:38,突破中,4,13,準IGNITION,前狀態:觀察→今日:突破中｜狀態跳升｜具備點火條件,READY,v266.60.2,12.422,30.0,32.0,0.0,0.0,20.475,303.0,20/40/60結構佳｜續強品質佳｜主力佈局語意｜狀態升級強｜具升級旗標｜升級標籤,高優先準點火,v266.61,2026-10-01 01:22:44,24.0,洗盤不破承接｜狀態升級觸發｜狀態轉移轉強,準點火事件,具備起漲條件，可放入TEST/準IGNITION觀察。,15.895,289,v266.62,2026-10-01 01:22:46,24.0,0.0,40.0,0.0,2.56,量能安靜｜洗盤整理不破｜主力吸籌文字確認｜狀態轉移剛加速｜狀態剛升級,v266.68,2026-10-01 01:22:50,NOISE,雜訊：條件不足。,WATCH,143
2026-09-30,8435,WATCH,54,53.4,50-100,0.0,0,佈局觀察,波動壓縮 | 均線收斂 | 接近突破 | 結構尚可,True,False,False,True,False,True,10.0,A,起漲結構強,20D站上MA20｜MA20走平翻揚｜接近20日高｜40D平台收斂｜短中均線糾結｜40D低點守住｜接近/站回MA60｜MA60不再下彎｜站回60D區間中上,平台壓縮後轉強，可優先觀察起漲/試單。,v266.57.9,10.0,無原分數欄位｜僅顯示結構前置分數,253.0,6.5,B,續強品質中,回檔不破前低｜低點墊高確認｜收盤守MA5｜續強確認：收盤未跌破MA5｜仍站MA20,回檔承接尚可，若原策略入選，可優先觀察延續。,v266.57.9,7.75,0.55,0.5,GENERIC,測試排序分=原分數+結構前置分*策略權重+續強品質*策略權重；不覆蓋原策略,463.0,3.0,C,突破觀察,收盤接近高點｜突破近5日高,有轉強跡象，但突破品質尚未完全成立。,v266.57.9,WATCH,0.55,0.35,0.75,10.025,315.0,最後後處理補寫：原分數+結構前置+續強品質+突破品質；不覆蓋原策略,0.0,,一般,8.22,v266.58.1,2026-10-01 01:22:38,突破中,4,12,準IGNITION,前狀態:突破中→今日:突破中｜強狀態維持｜強狀態連續維持｜具備點火條件,READY,v266.60.2,12.42,30.0,32.0,0.0,0.0,20.492,282.0,20/40/60結構佳｜續強品質佳｜主力佈局語意｜狀態升級強｜具升級旗標｜升級標籤,高優先準點火,v266.61,2026-10-01 01:22:44,24.0,洗盤不破承接｜狀態升級觸發｜狀態轉移轉強,準點火事件,具備起漲條件，可放入TEST/準IGNITION觀察。,15.894,290,v266.62,2026-10-01 01:22:46,24.0,0.0,40.0,0.0,2.56,量能安靜｜洗盤整理不破｜主力吸籌文字確認｜狀態轉移剛加速｜狀態剛升級,v266.68,2026-10-01 01:22:50,NOISE,雜訊：條件不足。,WATCH,144
2026-09-30,1780,WATCH,54,25.3,50以下,0.0,0,佈局觀察,波動壓縮 | 均線收斂 | 接近突破 | 結構尚可,True,False,False,True,False,True,10.0,A,起漲結構強,20D站上MA20｜MA20走平翻揚｜接近20日高｜40D平台收斂｜短中均線糾結｜40D低點守住｜接近/站回MA60｜MA60不再下彎｜站回60D區間中上,平台壓縮後轉強，可優先觀察起漲/試單。,v266.57.9,10.0,無原分數欄位｜僅顯示結構前置分數,253.0,6.5,B,續強品質中,回檔不破前低｜低點墊高確認｜收盤守MA5｜續強確認：收盤未跌破MA5｜仍站MA20,回檔承接尚可，若原策略入選，可優先觀察延續。,v266.57.9,7.75,0.55,0.5,GENERIC,測試排序分=原分數+結構前置分*策略權重+續強品質*策略權重；不覆蓋原策略,463.0,3.0,C,突破觀察,收盤接近高點｜突破近5日高,有轉強跡象，但突破品質尚未完全成立。,v266.57.9,WATCH,0.55,0.35,0.75,10.025,315.0,最後後處理補寫：原分數+結構前置+續強品質+突破品質；不覆蓋原策略,0.0,,一般,8.22,v266.58.1,2026-10-01 01:22:38,突破中,4,12,準IGNITION,前狀態:突破中→今日:突破中｜強狀態維持｜強狀態連續維持｜具備點火條件,READY,v266.60.2,12.42,30.0,32.0,0.0,0.0,20.492,282.0,20/40/60結構佳｜續強品質佳｜主力佈局語意｜狀態升級強｜具升級旗標｜升級標籤,高優先準點火,v266.61,2026-10-01 01:22:44,24.0,洗盤不破承接｜狀態升級觸發｜狀態轉移轉強,準點火事件,具備起漲條件，可放入TEST/準IGNITION觀察。,15.894,291,v266.62,2026-10-01 01:22:46,24.0,0.0,40.0,0.0,2.56,量能安靜｜洗盤整理不破｜主力吸籌文字確認｜狀態轉移剛加速｜狀態剛升級,v266.68,2026-10-01 01:22:50,NOISE,雜訊：條件不足。,WATCH,145
2026-09-30,5015,WATCH,54,21.9,50以下,0.0,0,佈局觀察,波動壓縮 | 均線收斂 | 接近突破 | 結構尚可,True,False,False,True,False,True,10.0,A,起漲結構強,20D站上MA20｜MA20走平翻揚｜接近20日高｜40D平台收斂｜短中均線糾結｜40D低點守住｜接近/站回MA60｜MA60不再下彎｜站回60D區間中上,平台壓縮後轉強，可優先觀察起漲/試單。,v266.57.9,10.0,無原分數欄位｜僅顯示結構前置分數,253.0,6.5,B,續強品質中,回檔不破前低｜低點墊高確認｜收盤守MA5｜續強確認：收盤未跌破MA5｜仍站MA20,回檔承接尚可，若原策略入選，可優先觀察延續。,v266.57.9,7.75,0.55,0.5,GENERIC,測試排序分=原分數+結構前置分*策略權重+續強品質*策略權重；不覆蓋原策略,463.0,3.0,C,突破觀察,收盤接近高點｜突破近5日高,有轉強跡象，但突破品質尚未完全成立。,v266.57.9,WATCH,0.55,0.35,0.75,10.025,315.0,最後後處理補寫：原分數+結構前置+續強品質+突破品質；不覆蓋原策略,0.0,,一般,8.22,v266.58.1,2026-10-01 01:22:38,突破中,4,12,準IGNITION,前狀態:突破中→今日:突破中｜強狀態維持｜強狀態連續維持｜具備點火條件,READY,v266.60.2,12.42,30.0,32.0,0.0,0.0,20.492,282.0,20/40/60結構佳｜續強品質佳｜主力佈局語意｜狀態升級強｜具升級旗標｜升級標籤,高優先準點火,v266.61,2026-10-01 01:22:44,24.0,洗盤不破承接｜狀態升級觸發｜狀態轉移轉強,準點火事件,具備起漲條件，可放入TEST/準IGNITION觀察。,15.894,292,v266.62,2026-10-01 01:22:46,24.0,0.0,40.0,0.0,2.56,量能安靜｜洗盤整理不破｜主力吸籌文字確認｜狀態轉移剛加速｜狀態剛升級,v266.68,2026-10-01 01:22:50,NOISE,雜訊：條件不足。,WATCH,146
2026-09-30,6499,WATCH,54,77.7,50-100,0.0,0,佈局觀察,波動壓縮 | 均線收斂 | 接近突破 | 結構尚可,True,False,False,True,False,True,10.0,A,起漲結構強,20D站上MA20｜MA20走平翻揚｜接近20日高｜40D平台收斂｜短中均線糾結｜40D低點守住｜接近/站回MA60｜MA60不再下彎｜站回60D區間中上,平台壓縮後轉強，可優先觀察起漲/試單。,v266.57.9,10.0,無原分數欄位｜僅顯示結構前置分數,253.0,6.5,B,續強品質中,回檔不破前低｜低點墊高確認｜收盤守MA5｜續強確認：收盤未跌破MA5｜仍站MA20,回檔承接尚可，若原策略入選，可優先觀察延續。,v266.57.9,7.75,0.55,0.5,GENERIC,測試排序分=原分數+結構前置分*策略權重+續強品質*策略權重；不覆蓋原策略,463.0,3.0,C,突破觀察,收盤接近高點｜突破近5日高,有轉強跡象，但突破品質尚未完全成立。,v266.57.9,WATCH,0.55,0.35,0.75,10.025,315.0,最後後處理補寫：原分數+結構前置+續強品質+突破品質；不覆蓋原策略,0.0,,一般,8.22,v266.58.1,2026-10-01 01:22:38,突破中,4,12,準IGNITION,前狀態:突破中→今日:突破中｜強狀態維持｜強狀態連續維持｜具備點火條件,READY,v266.60.2,12.42,30.0,32.0,0.0,0.0,20.492,282.0,20/40/60結構佳｜續強品質佳｜主力佈局語意｜狀態升級強｜具升級旗標｜升級標籤,高優先準點火,v266.61,2026-10-01 01:22:44,24.0,洗盤不破承接｜狀態升級觸發｜狀態轉移轉強,準點火事件,具備起漲條件，可放入TEST/準IGNITION觀察。,15.894,293,v266.62,2026-10-01 01:22:46,24.0,0.0,40.0,0.0,2.56,量能安靜｜洗盤整理不破｜主力吸籌文字確認｜狀態轉移剛加速｜狀態剛升級,v266.68,2026-10-01 01:22:50,NOISE,雜訊：條件不足。,WATCH,147
2026-09-30,6530,WATCH,54,104.5,100-500,0.0,0,佈局觀察,波動壓縮 | 均線收斂 | 接近突破 | 結構尚可,True,False,False,True,False,True,10.0,A,起漲結構強,20D站上MA20｜MA20走平翻揚｜接近20日高｜40D平台收斂｜短中均線糾結｜40D低點守住｜接近/站回MA60｜MA60不再下彎｜站回60D區間中上,平台壓縮後轉強，可優先觀察起漲/試單。,v266.57.9,10.0,無原分數欄位｜僅顯示結構前置分數,253.0,6.5,B,續強品質中,回檔不破前低｜低點墊高確認｜收盤守MA5｜續強確認：收盤未跌破MA5｜仍站MA20,回檔承接尚可，若原策略入選，可優先觀察延續。,v266.57.9,7.75,0.55,0.5,GENERIC,測試排序分=原分數+結構前置分*策略權重+續強品質*策略權重；不覆蓋原策略,463.0,3.0,C,突破觀察,收盤接近高點｜突破近5日高,有轉強跡象，但突破品質尚未完全成立。,v266.57.9,WATCH,0.55,0.35,0.75,10.025,315.0,最後後處理補寫：原分數+結構前置+續強品質+突破品質；不覆蓋原策略,0.0,,一般,8.22,v266.58.1,2026-10-01 01:22:38,突破中,4,12,準IGNITION,前狀態:突破中→今日:突破中｜強狀態維持｜強狀態連續維持｜具備點火條件,READY,v266.60.2,12.42,30.0,32.0,0.0,0.0,20.492,282.0,20/40/60結構佳｜續強品質佳｜主力佈局語意｜狀態升級強｜具升級旗標｜升級標籤,高優先準點火,v266.61,2026-10-01 01:22:44,24.0,洗盤不破承接｜狀態升級觸發｜狀態轉移轉強,準點火事件,具備起漲條件，可放入TEST/準IGNITION觀察。,15.894,294,v266.62,2026-10-01 01:22:46,24.0,0.0,40.0,0.0,2.56,量能安靜｜洗盤整理不破｜主力吸籌文字確認｜狀態轉移剛加速｜狀態剛升級,v266.68,2026-10-01 01:22:50,NOISE,雜訊：條件不足。,WATCH,148
2026-09-30,6532,WATCH,54,118.5,100-500,0.0,0,佈局觀察,波動壓縮 | 均線收斂 | 接近突破 | 結構尚可,True,False,False,True,False,True,10.0,A,起漲結構強,20D站上MA20｜MA20走平翻揚｜接近20日高｜40D平台收斂｜短中均線糾結｜40D低點守住｜接近/站回MA60｜MA60不再下彎｜站回60D區間中上,平台壓縮後轉強，可優先觀察起漲/試單。,v266.57.9,10.0,無原分數欄位｜僅顯示結構前置分數,253.0,6.5,B,續強品質中,回檔不破前低｜低點墊高確認｜收盤守MA5｜續強確認：收盤未跌破MA5｜仍站MA20,回檔承接尚可，若原策略入選，可優先觀察延續。,v266.57.9,7.75,0.55,0.5,GENERIC,測試排序分=原分數+結構前置分*策略權重+續強品質*策略權重；不覆蓋原策略,463.0,3.0,C,突破觀察,收盤接近高點｜突破近5日高,有轉強跡象，但突破品質尚未完全成立。,v266.57.9,WATCH,0.55,0.35,0.75,10.025,315.0,最後後處理補寫：原分數+結構前置+續強品質+突破品質；不覆蓋原策略,0.0,,一般,8.22,v266.58.1,2026-10-01 01:22:38,突破中,4,12,準IGNITION,前狀態:突破中→今日:突破中｜強狀態維持｜強狀態連續維持｜具備點火條件,READY,v266.60.2,12.42,30.0,32.0,0.0,0.0,20.492,282.0,20/40/60結構佳｜續強品質佳｜主力佈局語意｜狀態升級強｜具升級旗標｜升級標籤,高優先準點火,v266.61,2026-10-01 01:22:44,24.0,洗盤不破承接｜狀態升級觸發｜狀態轉移轉強,準點火事件,具備起漲條件，可放入TEST/準IGNITION觀察。,15.894,295,v266.62,2026-10-01 01:22:46,24.0,0.0,40.0,0.0,2.56,量能安靜｜洗盤整理不破｜主力吸籌文字確認｜狀態轉移剛加速｜狀態剛升級,v266.68,2026-10-01 01:22:50,NOISE,雜訊：條件不足。,WATCH,149
2026-09-30,1264,WATCH,54,245.0,100-500,0.0,0,佈局觀察,波動壓縮 | 均線收斂 | 接近突破 | 結構尚可,True,False,False,True,False,True,8.0,A,起漲結構強,MA20走平翻揚｜MA5站上MA10｜接近20日高｜40D平台收斂｜短中均線糾結｜40D低點守住｜接近/站回MA60,平台壓縮後轉強，可優先觀察起漲/試單。,v266.57.9,8.0,無原分數欄位｜僅顯示結構前置分數,556.0,6.7,B,續強品質中,回檔不破前低｜低點墊高確認｜收盤守MA5｜續強確認：收盤未跌破MA5｜MA5仍在MA10上,回檔承接尚可，若原策略入選，可優先觀察延續。,v266.57.9,6.75,0.55,0.5,GENERIC,測試排序分=原分數+結構前置分*策略權重+續強品質*策略權重；不覆蓋原策略,621.0,3.8,C,突破觀察,收盤接近高點｜突破近5日高｜短均多頭,有轉強跡象，但突破品質尚未完全成立。,v266.57.9,WATCH,0.55,0.35,0.75,9.595,375.0,最後後處理補寫：原分數+結構前置+續強品質+突破品質；不覆蓋原策略,0.0,,一般,7.868,v266.58.1,2026-10-01 01:22:38,突破中,4,13,準IGNITION,前狀態:觀察→今日:突破中｜狀態跳升｜具備點火條件,READY,v266.60.2,12.418,30.0,32.0,0.0,0.0,20.474,304.0,20/40/60結構佳｜續強品質佳｜主力佈局語意｜狀態升級強｜具升級旗標｜升級標籤,高優先準點火,v266.61,2026-10-01 01:22:44,24.0,洗盤不破承接｜狀態升級觸發｜狀態轉移轉強,準點火事件,具備起漲條件，可放入TEST/準IGNITION觀察。,15.893,296,v266.62,2026-10-01 01:22:46,24.0,0.0,40.0,0.0,2.56,量能安靜｜洗盤整理不破｜主力吸籌文字確認｜狀態轉移剛加速｜狀態剛升級,v266.68,2026-10-01 01:22:50,NOISE,雜訊：條件不足。,WATCH,150
2026-09-30,3191,WATCH,54,16.75,50以下,0.0,0,佈局觀察,波動壓縮 | 均線收斂 | 接近突破 | 結構尚可,True,False,False,True,False,True,8.0,A,起漲結構強,MA20走平翻揚｜MA5站上MA10｜接近20日高｜40D平台收斂｜短中均線糾結｜40D低點守住｜接近/站回MA60,平台壓縮後轉強，可優先觀察起漲/試單。,v266.57.9,8.0,無原分數欄位｜僅顯示結構前置分數,556.0,6.7,B,續強品質中,回檔不破前低｜低點墊高確認｜收盤守MA5｜續強確認：收盤未跌破MA5｜MA5仍在MA10上,回檔承接尚可，若原策略入選，可優先觀察延續。,v266.57.9,6.75,0.55,0.5,GENERIC,測試排序分=原分數+結構前置分*策略權重+續強品質*策略權重；不覆蓋原策略,621.0,3.8,C,突破觀察,收盤接近高點｜突破近5日高｜短均多頭,有轉強跡象，但突破品質尚未完全成立。,v266.57.9,WATCH,0.55,0.35,0.75,9.595,375.0,最後後處理補寫：原分數+結構前置+續強品質+突破品質；不覆蓋原策略,0.0,,一般,7.868,v266.58.1,2026-10-01 01:22:38,突破中,4,13,準IGNITION,前狀態:觀察→今日:突破中｜狀態跳升｜具備點火條件,READY,v266.60.2,12.418,30.0,32.0,0.0,0.0,20.474,304.0,20/40/60結構佳｜續強品質佳｜主力佈局語意｜狀態升級強｜具升級旗標｜升級標籤,高優先準點火,v266.61,2026-10-01 01:22:44,24.0,洗盤不破承接｜狀態升級觸發｜狀態轉移轉強,準點火事件,具備起漲條件，可放入TEST/準IGNITION觀察。,15.893,297,v266.62,2026-10-01 01:22:46,24.0,0.0,40.0,0.0,2.56,量能安靜｜洗盤整理不破｜主力吸籌文字確認｜狀態轉移剛加速｜狀態剛升級,v266.68,2026-10-01 01:22:50,NOISE,雜訊：條件不足。,WATCH,151
2026-09-30,3540,WATCH,54,23.05,50以下,0.0,0,佈局觀察,波動壓縮 | 均線收斂 | 接近突破 | 結構尚可,True,False,False,True,False,True,9.0,A,起漲結構強,20D站上MA20｜MA20走平翻揚｜接近20日高｜40D平台收斂｜短中均線糾結｜40D低點守住｜接近/站回MA60｜站回60D區間中上,平台壓縮後轉強，可優先觀察起漲/試單。,v266.57.9,9.0,無原分數欄位｜僅顯示結構前置分數,391.0,8.0,A,續強品質強,回檔不破前低｜低點墊高確認｜收盤守MA5｜續強確認：收盤未跌破MA5｜回檔量縮｜仍站MA20,回檔承接尚可，若原策略入選，可優先觀察延續。,v266.57.9,7.95,0.55,0.5,GENERIC,測試排序分=原分數+結構前置分*策略權重+續強品質*策略權重；不覆蓋原策略,387.0,3.0,C,突破觀察,收盤接近高點｜突破近5日高,有轉強跡象，但突破品質尚未完全成立。,v266.57.9,WATCH,0.55,0.35,0.75,10.0,323.0,最後後處理補寫：原分數+結構前置+續強品質+突破品質；不覆蓋原策略,0.0,,一般,8.2,v266.58.1,2026-10-01 01:22:38,突破中,4,12,準IGNITION,前狀態:突破中→今日:突破中｜強狀態維持｜強狀態連續維持｜具備點火條件,READY,v266.60.2,12.4,30.0,32.0,0.0,0.0,20.49,288.0,20/40/60結構佳｜續強品質佳｜主力佈局語意｜狀態升級強｜具升級旗標｜升級標籤,高優先準點火,v266.61,2026-10-01 01:22:44,24.0,洗盤不破承接｜狀態升級觸發｜狀態轉移轉強,準點火事件,具備起漲條件，可放入TEST/準IGNITION觀察。,15.88,298,v266.62,2026-10-01 01:22:46,24.0,0.0,40.0,0.0,2.56,量能安靜｜洗盤整理不破｜主力吸籌文字確認｜狀態轉移剛加速｜狀態剛升級,v266.68,2026-10-01 01:22:50,NOISE,雜訊：條件不足。,WATCH,152
2026-09-30,5211,WATCH,54,20.65,50以下,0.0,0,佈局觀察,波動壓縮 | 均線收斂 | 接近突破 | 結構尚可,True,False,False,True,False,True,9.0,A,起漲結構強,20D站上MA20｜MA20走平翻揚｜接近20日高｜40D平台收斂｜短中均線糾結｜40D低點守住｜接近/站回MA60｜站回60D區間中上,平台壓縮後轉強，可優先觀察起漲/試單。,v266.57.9,9.0,無原分數欄位｜僅顯示結構前置分數,391.0,8.0,A,續強品質強,回檔不破前低｜低點墊高確認｜收盤守MA5｜續強確認：收盤未跌破MA5｜回檔量縮｜仍站MA20,回檔承接尚可，若原策略入選，可優先觀察延續。,v266.57.9,7.95,0.55,0.5,GENERIC,測試排序分=原分數+結構前置分*策略權重+續強品質*策略權重；不覆蓋原策略,387.0,3.0,C,突破觀察,收盤接近高點｜突破近5日高,有轉強跡象，但突破品質尚未完全成立。,v266.57.9,WATCH,0.55,0.35,0.75,10.0,323.0,最後後處理補寫：原分數+結構前置+續強品質+突破品質；不覆蓋原策略,0.0,,一般,8.2,v266.58.1,2026-10-01 01:22:38,突破中,4,12,準IGNITION,前狀態:突破中→今日:突破中｜強狀態維持｜強狀態連續維持｜具備點火條件,READY,v266.60.2,12.4,30.0,32.0,0.0,0.0,20.49,288.0,20/40/60結構佳｜續強品質佳｜主力佈局語意｜狀態升級強｜具升級旗標｜升級標籤,高優先準點火,v266.61,2026-10-01 01:22:44,24.0,洗盤不破承接｜狀態升級觸發｜狀態轉移轉強,準點火事件,具備起漲條件，可放入TEST/準IGNITION觀察。,15.88,299,v266.62,2026-10-01 01:22:46,24.0,0.0,40.0,0.0,2.56,量能安靜｜洗盤整理不破｜主力吸籌文字確認｜狀態轉移剛加速｜狀態剛升級,v266.68,2026-10-01 01:22:50,NOISE,雜訊：條件不足。,WATCH,153
2026-09-30,2070,WATCH,54,63.3,50-100,0.0,0,佈局觀察,波動壓縮 | 均線收斂 | 接近突破 | 結構尚可,True,False,False,True,False,True,9.0,A,起漲結構強,20D站上MA20｜MA20走平翻揚｜接近20日高｜40D平台收斂｜短中均線糾結｜接近/站回MA60｜MA60不再下彎｜站回60D區間中上,平台壓縮後轉強，可優先觀察起漲/試單。,v266.57.9,9.0,無原分數欄位｜僅顯示結構前置分數,391.0,8.0,A,續強品質強,回檔不破前低｜低點墊高確認｜收盤守MA5｜續強確認：收盤未跌破MA5｜回檔量縮｜仍站MA20,回檔承接尚可，若原策略入選，可優先觀察延續。,v266.57.9,7.95,0.55,0.5,GENERIC,測試排序分=原分數+結構前置分*策略權重+續強品質*策略權重；不覆蓋原策略,387.0,3.0,C,突破觀察,收盤接近高點｜突破近5日高,有轉強跡象，但突破品質尚未完全成立。,v266.57.9,WATCH,0.55,0.35,0.75,10.0,323.0,最後後處理補寫：原分數+結構前置+續強品質+突破品質；不覆蓋原策略,0.0,,一般,8.2,v266.58.1,2026-10-01 01:22:38,突破中,4,12,準IGNITION,前狀態:突破中→今日:突破中｜強狀態維持｜強狀態連續維持｜具備點火條件,READY,v266.60.2,12.4,30.0,32.0,0.0,0.0,20.49,288.0,20/40/60結構佳｜續強品質佳｜主力佈局語意｜狀態升級強｜具升級旗標｜升級標籤,高優先準點火,v266.61,2026-10-01 01:22:44,24.0,洗盤不破承接｜狀態升級觸發｜狀態轉移轉強,準點火事件,具備起漲條件，可放入TEST/準IGNITION觀察。,15.88,300,v266.62,2026-10-01 01:22:46,24.0,0.0,40.0,0.0,2.56,量能安靜｜洗盤整理不破｜主力吸籌文字確認｜狀態轉移剛加速｜狀態剛升級,v266.68,2026-10-01 01:22:50,NOISE,雜訊：條件不足。,WATCH,154
2026-09-30,5426,WATCH,54,28.45,50以下,0.0,0,佈局觀察,波動壓縮 | 均線收斂 | 接近突破 | 結構尚可,True,False,False,True,False,True,9.0,A,起漲結構強,20D站上MA20｜MA20走平翻揚｜接近20日高｜40D平台收斂｜短中均線糾結｜40D低點守住｜接近/站回MA60｜站回60D區間中上,平台壓縮後轉強，可優先觀察起漲/試單。,v266.57.9,9.0,無原分數欄位｜僅顯示結構前置分數,391.0,8.0,A,續強品質強,回檔不破前低｜低點墊高確認｜收盤守MA5｜續強確認：收盤未跌破MA5｜回檔量縮｜仍站MA20,回檔承接尚可，若原策略入選，可優先觀察延續。,v266.57.9,7.95,0.55,0.5,GENERIC,測試排序分=原分數+結構前置分*策略權重+續強品質*策略權重；不覆蓋原策略,387.0,3.0,C,突破觀察,收盤接近高點｜突破近5日高,有轉強跡象，但突破品質尚未完全成立。,v266.57.9,WATCH,0.55,0.35,0.75,10.0,323.0,最後後處理補寫：原分數+結構前置+續強品質+突破品質；不覆蓋原策略,0.0,,一般,8.2,v266.58.1,2026-10-01 01:22:38,突破中,4,12,準IGNITION,前狀態:突破中→今日:突破中｜強狀態維持｜強狀態連續維持｜具備點火條件,READY,v266.60.2,12.4,30.0,32.0,0.0,0.0,20.49,288.0,20/40/60結構佳｜續強品質佳｜主力佈局語意｜狀態升級強｜具升級旗標｜升級標籤,高優先準點火,v266.61,2026-10-01 01:22:44,24.0,洗盤不破承接｜狀態升級觸發｜狀態轉移轉強,準點火事件,具備起漲條件，可放入TEST/準IGNITION觀察。,15.88,301,v266.62,2026-10-01 01:22:46,24.0,0.0,40.0,0.0,2.56,量能安靜｜洗盤整理不破｜主力吸籌文字確認｜狀態轉移剛加速｜狀態剛升級,v266.68,2026-10-01 01:22:50,NOISE,雜訊：條件不足。,WATCH,155
2026-09-30,5525,WATCH,54,22.0,50以下,0.0,0,佈局觀察,波動壓縮 | 均線收斂 | 接近突破 | 結構尚可,True,False,False,True,False,True,8.8,A,起漲結構強,MA5站上MA10｜接近20日高｜40D平台收斂｜短中均線糾結｜40D低點守住｜接近/站回MA60｜MA60不再下彎｜10D動能轉正,平台壓縮後轉強，可優先觀察起漲/試單。,v266.57.9,8.8,無原分數欄位｜僅顯示結構前置分數,522.0,6.0,B,續強品質中,回檔不破前低｜低點墊高確認｜回測守MA10｜MA5仍在MA10上｜10D動能維持,回檔承接尚可，若原策略入選，可優先觀察延續。,v266.57.9,7.34,0.55,0.5,GENERIC,測試排序分=原分數+結構前置分*策略權重+續強品質*策略權重；不覆蓋原策略,536.0,3.5,C,突破觀察,收盤接近高點｜量能較前日放大｜短均多頭,有轉強跡象，但突破品質尚未完全成立。,v266.57.9,WATCH,0.55,0.35,0.75,9.565,378.0,最後後處理補寫：原分數+結構前置+續強品質+突破品質；不覆蓋原策略,0.0,,一般,7.843,v266.58.1,2026-10-01 01:22:38,突破中,4,13,準IGNITION,前狀態:觀察→今日:突破中｜狀態跳升｜具備點火條件,READY,v266.60.2,12.393,30.0,32.0,0.0,0.0,20.472,307.0,20/40/60結構佳｜續強品質佳｜主力佈局語意｜狀態升級強｜具升級旗標｜升級標籤,高優先準點火,v266.61,2026-10-01 01:22:44,24.0,洗盤不破承接｜狀態升級觸發｜狀態轉移轉強,準點火事件,具備起漲條件，可放入TEST/準IGNITION觀察。,15.875,302,v266.62,2026-10-01 01:22:46,24.0,0.0,40.0,0.0,2.56,量能安靜｜洗盤整理不破｜主力吸籌文字確認｜狀態轉移剛加速｜狀態剛升級,v266.68,2026-10-01 01:22:50,NOISE,雜訊：條件不足。,WATCH,156
2026-09-30,4430,WATCH,54,17.75,50以下,0.0,0,佈局觀察,波動壓縮 | 均線收斂 | 接近突破 | 結構尚可,True,False,False,True,False,True,10.0,A,起漲結構強,20D站上MA20｜MA20走平翻揚｜MA5站上MA10｜接近20日高｜40D平台收斂｜短中均線糾結｜40D低點守住｜接近/站回MA60｜MA60不再下彎,平台壓縮後轉強，可優先觀察起漲/試單。,v266.57.9,10.0,無原分數欄位｜僅顯示結構前置分數,253.0,7.7,A,續強品質強,回檔不破前低｜低點墊高確認｜收盤守MA5｜續強確認：收盤未跌破MA5｜MA5仍在MA10上｜仍站MA20,回檔承接尚可，若原策略入選，可優先觀察延續。,v266.57.9,8.35,0.55,0.5,GENERIC,測試排序分=原分數+結構前置分*策略權重+續強品質*策略權重；不覆蓋原策略,313.0,2.3,C,突破觀察,收盤接近高點｜短均多頭,有轉強跡象，但突破品質尚未完全成立。,v266.57.9,WATCH,0.55,0.35,0.75,9.92,343.0,最後後處理補寫：原分數+結構前置+續強品質+突破品質；不覆蓋原策略,0.0,,一般,8.134,v266.58.1,2026-10-01 01:22:38,突破中,4,12,準IGNITION,前狀態:突破中→今日:突破中｜強狀態維持｜強狀態連續維持｜具備點火條件,READY,v266.60.2,12.334,30.0,32.0,0.0,0.0,20.483,293.0,20/40/60結構佳｜續強品質佳｜主力佈局語意｜狀態升級強｜具升級旗標｜升級標籤,高優先準點火,v266.61,2026-10-01 01:22:44,24.0,洗盤不破承接｜狀態升級觸發｜狀態轉移轉強,準點火事件,具備起漲條件，可放入TEST/準IGNITION觀察。,15.834,303,v266.62,2026-10-01 01:22:46,24.0,0.0,40.0,0.0,2.56,量能安靜｜洗盤整理不破｜主力吸籌文字確認｜狀態轉移剛加速｜狀態剛升級,v266.68,2026-10-01 01:22:50,NOISE,雜訊：條件不足。,WATCH,157
2026-09-30,3285,WATCH,54,41.5,50以下,0.0,0,佈局觀察,波動壓縮 | 均線收斂 | 接近突破 | 結構尚可,True,False,False,True,False,True,10.0,A,起漲結構強,20D站上MA20｜MA20走平翻揚｜MA5站上MA10｜接近20日高｜40D平台收斂｜短中均線糾結｜40D低點守住｜接近/站回MA60｜站回60D區間中上,平台壓縮後轉強，可優先觀察起漲/試單。,v266.57.9,10.0,無原分數欄位｜僅顯示結構前置分數,253.0,7.7,A,續強品質強,回檔不破前低｜低點墊高確認｜收盤守MA5｜續強確認：收盤未跌破MA5｜MA5仍在MA10上｜仍站MA20,回檔承接尚可，若原策略入選，可優先觀察延續。,v266.57.9,8.35,0.55,0.5,GENERIC,測試排序分=原分數+結構前置分*策略權重+續強品質*策略權重；不覆蓋原策略,313.0,2.3,C,突破觀察,收盤接近高點｜短均多頭,有轉強跡象，但突破品質尚未完全成立。,v266.57.9,WATCH,0.55,0.35,0.75,9.92,343.0,最後後處理補寫：原分數+結構前置+續強品質+突破品質；不覆蓋原策略,0.0,,一般,8.134,v266.58.1,2026-10-01 01:22:38,突破中,4,12,準IGNITION,前狀態:突破中→今日:突破中｜強狀態維持｜強狀態連續維持｜具備點火條件,READY,v266.60.2,12.334,30.0,32.0,0.0,0.0,20.483,293.0,20/40/60結構佳｜續強品質佳｜主力佈局語意｜狀態升級強｜具升級旗標｜升級標籤,高優先準點火,v266.61,2026-10-01 01:22:44,24.0,洗盤不破承接｜狀態升級觸發｜狀態轉移轉強,準點火事件,具備起漲條件，可放入TEST/準IGNITION觀察。,15.834,304,v266.62,2026-10-01 01:22:46,24.0,0.0,40.0,0.0,2.56,量能安靜｜洗盤整理不破｜主力吸籌文字確認｜狀態轉移剛加速｜狀態剛升級,v266.68,2026-10-01 01:22:50,NOISE,雜訊：條件不足。,WATCH,158
2026-09-30,6015,WATCH,54,17.95,50以下,0.0,0,佈局觀察,波動壓縮 | 均線收斂 | 接近突破 | 結構尚可,True,False,False,True,False,True,10.0,A,起漲結構強,20D站上MA20｜MA5站上MA10｜接近20日高｜40D平台收斂｜短中均線糾結｜40D低點守住｜接近/站回MA60｜MA60不再下彎｜站回60D區間中上,平台壓縮後轉強，可優先觀察起漲/試單。,v266.57.9,10.0,無原分數欄位｜僅顯示結構前置分數,253.0,7.7,A,續強品質強,回檔不破前低｜低點墊高確認｜收盤守MA5｜續強確認：收盤未跌破MA5｜MA5仍在MA10上｜仍站MA20,回檔承接尚可，若原策略入選，可優先觀察延續。,v266.57.9,8.35,0.55,0.5,GENERIC,測試排序分=原分數+結構前置分*策略權重+續強品質*策略權重；不覆蓋原策略,313.0,2.3,C,突破觀察,收盤接近高點｜短均多頭,有轉強跡象，但突破品質尚未完全成立。,v266.57.9,WATCH,0.55,0.35,0.75,9.92,343.0,最後後處理補寫：原分數+結構前置+續強品質+突破品質；不覆蓋原策略,0.0,,一般,8.134,v266.58.1,2026-10-01 01:22:38,突破中,4,12,準IGNITION,前狀態:突破中→今日:突破中｜強狀態維持｜強狀態連續維持｜具備點火條件,READY,v266.60.2,12.334,30.0,32.0,0.0,0.0,20.483,293.0,20/40/60結構佳｜續強品質佳｜主力佈局語意｜狀態升級強｜具升級旗標｜升級標籤,高優先準點火,v266.61,2026-10-01 01:22:44,24.0,洗盤不破承接｜狀態升級觸發｜狀態轉移轉強,準點火事件,具備起漲條件，可放入TEST/準IGNITION觀察。,15.834,305,v266.62,2026-10-01 01:22:46,24.0,0.0,40.0,0.0,2.56,量能安靜｜洗盤整理不破｜主力吸籌文字確認｜狀態轉移剛加速｜狀態剛升級,v266.68,2026-10-01 01:22:50,NOISE,雜訊：條件不足。,WATCH,159
2026-09-30,2233,BUY,80,167.0,100-500,0.01,10000,主力佈局完成,波動壓縮 | 安靜吸籌 | 均線收斂 | 放量吸收 | 接近突破,True,True,False,True,True,True,8.1,A,起漲結構強,20D站上MA20｜MA5站上MA10｜短中均線糾結｜40D低點守住｜量縮後溫和放量｜5D動能轉正｜10D動能轉正,平台壓縮後轉強，可優先觀察起漲/試單。,v266.57.9,8.1,無原分數欄位｜僅顯示結構前置分數,551.0,8.7,A,續強品質強,回檔不破前低｜低點墊高確認｜收盤守MA5｜續強確認：收盤未跌破MA5｜MA5仍在MA10上｜仍站MA20｜10D動能維持,回檔承接尚可，若原策略入選，可優先觀察延續。,v266.57.9,7.805,0.55,0.5,GENERIC,測試排序分=原分數+結構前置分*策略權重+續強品質*策略權重；不覆蓋原策略,423.0,2.2,C,突破觀察,量能較前日放大｜MA5加速上彎｜短均多頭｜扣分:收盤位置偏弱,有轉強跡象，但突破品質尚未完全成立。,v266.57.9,GENERIC,0.55,0.5,0.5,9.905,347.0,最後後處理補寫：原分數+結構前置+續強品質+突破品質；不覆蓋原策略,0.0,,一般,8.122,v266.58.1,2026-10-01 01:22:38,突破中,4,12,準IGNITION,前狀態:突破中→今日:突破中｜強狀態維持｜強狀態連續維持｜具備點火條件,READY,v266.60.2,12.322,30.0,32.0,0.0,0.0,20.482,296.0,20/40/60結構佳｜續強品質佳｜主力佈局語意｜狀態升級強｜具升級旗標｜升級標籤,高優先準點火,v266.61,2026-10-01 01:22:44,24.0,洗盤不破承接｜狀態升級觸發｜狀態轉移轉強,準點火事件,具備起漲條件，可放入TEST/準IGNITION觀察。,15.825,306,v266.62,2026-10-01 01:22:46,24.0,0.0,40.0,0.0,2.56,量能安靜｜洗盤整理不破｜主力吸籌文字確認｜狀態轉移剛加速｜狀態剛升級,v266.68,2026-10-01 01:22:50,NOISE,雜訊：條件不足。,WATCH,160
2026-09-30,8383,WATCH,54,68.4,50-100,0.0,0,佈局觀察,波動壓縮 | 均線收斂 | 接近突破 | 結構尚可,True,False,False,True,False,True,9.0,A,起漲結構強,20D站上MA20｜MA20走平翻揚｜接近20日高｜40D平台收斂｜短中均線糾結｜40D低點守住｜接近/站回MA60｜MA60不再下彎,平台壓縮後轉強，可優先觀察起漲/試單。,v266.57.9,9.0,無原分數欄位｜僅顯示結構前置分數,391.0,6.5,B,續強品質中,回檔不破前低｜低點墊高確認｜收盤守MA5｜續強確認：收盤未跌破MA5｜仍站MA20,回檔承接尚可，若原策略入選，可優先觀察延續。,v266.57.9,7.2,0.55,0.5,GENERIC,測試排序分=原分數+結構前置分*策略權重+續強品質*策略權重；不覆蓋原策略,568.0,3.0,C,突破觀察,收盤接近高點｜突破近5日高,有轉強跡象，但突破品質尚未完全成立。,v266.57.9,WATCH,0.55,0.35,0.75,9.475,386.0,最後後處理補寫：原分數+結構前置+續強品質+突破品質；不覆蓋原策略,0.0,,一般,7.769,v266.58.1,2026-10-01 01:22:38,突破中,4,13,準IGNITION,前狀態:觀察→今日:突破中｜狀態跳升｜具備點火條件,READY,v266.60.2,12.319,30.0,32.0,0.0,0.0,20.464,311.0,20/40/60結構佳｜續強品質佳｜主力佈局語意｜狀態升級強｜具升級旗標｜升級標籤,高優先準點火,v266.61,2026-10-01 01:22:44,24.0,洗盤不破承接｜狀態升級觸發｜狀態轉移轉強,準點火事件,具備起漲條件，可放入TEST/準IGNITION觀察。,15.823,307,v266.62,2026-10-01 01:22:46,24.0,0.0,40.0,0.0,2.56,量能安靜｜洗盤整理不破｜主力吸籌文字確認｜狀態轉移剛加速｜狀態剛升級,v266.68,2026-10-01 01:22:50,NOISE,雜訊：條件不足。,WATCH,161
2026-09-30,6841,WATCH,54,58.8,50-100,0.0,0,佈局觀察,安靜吸籌 | 均線收斂 | 接近突破 | 結構尚可,False,True,False,True,False,True,9.0,A,起漲結構強,20D站上MA20｜MA20走平翻揚｜接近20日高｜40D平台收斂｜短中均線糾結｜40D低點守住｜接近/站回MA60｜站回60D區間中上,平台壓縮後轉強，可優先觀察起漲/試單。,v266.57.9,9.0,無原分數欄位｜僅顯示結構前置分數,391.0,6.5,B,續強品質中,回檔不破前低｜低點墊高確認｜收盤守MA5｜續強確認：收盤未跌破MA5｜仍站MA20,回檔承接尚可，若原策略入選，可優先觀察延續。,v266.57.9,7.2,0.55,0.5,GENERIC,測試排序分=原分數+結構前置分*策略權重+續強品質*策略權重；不覆蓋原策略,568.0,3.0,C,突破觀察,收盤接近高點｜突破近5日高,有轉強跡象，但突破品質尚未完全成立。,v266.57.9,WATCH,0.55,0.35,0.75,9.475,386.0,最後後處理補寫：原分數+結構前置+續強品質+突破品質；不覆蓋原策略,0.0,,一般,7.769,v266.58.1,2026-10-01 01:22:38,突破中,4,13,準IGNITION,前狀態:觀察→今日:突破中｜狀態跳升｜具備點火條件,READY,v266.60.2,12.319,30.0,32.0,0.0,0.0,20.464,311.0,20/40/60結構佳｜續強品質佳｜主力佈局語意｜狀態升級強｜具升級旗標｜升級標籤,高優先準點火,v266.61,2026-10-01 01:22:44,24.0,洗盤不破承接｜狀態升級觸發｜狀態轉移轉強,準點火事件,具備起漲條件，可放入TEST/準IGNITION觀察。,15.823,308,v266.62,2026-10-01 01:22:46,24.0,0.0,40.0,0.0,2.56,量能安靜｜洗盤整理不破｜主力吸籌文字確認｜狀態轉移剛加速｜狀態剛升級,v266.68,2026-10-01 01:22:50,NOISE,雜訊：條件不足。,WATCH,162
2026-09-30,8921,WATCH,54,16.8,50以下,0.0,0,佈局觀察,波動壓縮 | 均線收斂 | 接近突破 | 結構尚可,True,False,False,True,False,True,9.0,A,起漲結構強,20D站上MA20｜MA20走平翻揚｜接近20日高｜40D平台收斂｜短中均線糾結｜40D低點守住｜接近/站回MA60｜站回60D區間中上,平台壓縮後轉強，可優先觀察起漲/試單。,v266.57.9,9.0,無原分數欄位｜僅顯示結構前置分數,391.0,6.5,B,續強品質中,回檔不破前低｜低點墊高確認｜收盤守MA5｜續強確認：收盤未跌破MA5｜仍站MA20,回檔承接尚可，若原策略入選，可優先觀察延續。,v266.57.9,7.2,0.55,0.5,GENERIC,測試排序分=原分數+結構前置分*策略權重+續強品質*策略權重；不覆蓋原策略,568.0,3.0,C,突破觀察,收盤接近高點｜突破近5日高,有轉強跡象，但突破品質尚未完全成立。,v266.57.9,WATCH,0.55,0.35,0.75,9.475,386.0,最後後處理補寫：原分數+結構前置+續強品質+突破品質；不覆蓋原策略,0.0,,一般,7.769,v266.58.1,2026-10-01 01:22:38,突破中,4,13,準IGNITION,前狀態:觀察→今日:突破中｜狀態跳升｜具備點火條件,READY,v266.60.2,12.319,30.0,32.0,0.0,0.0,20.464,311.0,20/40/60結構佳｜續強品質佳｜主力佈局語意｜狀態升級強｜具升級旗標｜升級標籤,高優先準點火,v266.61,2026-10-01 01:22:44,24.0,洗盤不破承接｜狀態升級觸發｜狀態轉移轉強,準點火事件,具備起漲條件，可放入TEST/準IGNITION觀察。,15.823,309,v266.62,2026-10-01 01:22:46,24.0,0.0,40.0,0.0,2.56,量能安靜｜洗盤整理不破｜主力吸籌文字確認｜狀態轉移剛加速｜狀態剛升級,v266.68,2026-10-01 01:22:50,NOISE,雜訊：條件不足。,WATCH,163
2026-09-30,7751,WATCH,54,1625.0,1000以上,0.0,0,佈局觀察,波動壓縮 | 均線收斂 | 接近突破 | 結構尚可,True,False,False,True,False,True,9.0,A,起漲結構強,20D站上MA20｜MA20走平翻揚｜MA5站上MA10｜40D平台收斂｜短中均線糾結｜接近/站回MA60｜MA60不再下彎｜站回60D區間中上,平台壓縮後轉強，可優先觀察起漲/試單。,v266.57.9,9.0,無原分數欄位｜僅顯示結構前置分數,391.0,9.2,A,續強品質強,回檔不破前低｜低點墊高確認｜收盤守MA5｜續強確認：收盤未跌破MA5｜回檔量縮｜MA5仍在MA10上｜仍站MA20,回檔承接尚可，若原策略入選，可優先觀察延續。,v266.57.9,8.55,0.55,0.5,GENERIC,測試排序分=原分數+結構前置分*策略權重+續強品質*策略權重；不覆蓋原策略,269.0,2.3,C,突破觀察,收盤接近高點｜短均多頭,有轉強跡象，但突破品質尚未完全成立。,v266.57.9,WATCH,0.55,0.35,0.75,9.895,349.0,最後後處理補寫：原分數+結構前置+續強品質+突破品質；不覆蓋原策略,0.0,,一般,8.114,v266.58.1,2026-10-01 01:22:38,突破中,4,12,準IGNITION,前狀態:突破中→今日:突破中｜強狀態維持｜強狀態連續維持｜具備點火條件,READY,v266.60.2,12.314,30.0,32.0,0.0,0.0,20.481,297.0,20/40/60結構佳｜續強品質佳｜主力佈局語意｜狀態升級強｜具升級旗標｜升級標籤,高優先準點火,v266.61,2026-10-01 01:22:44,24.0,洗盤不破承接｜狀態升級觸發｜狀態轉移轉強,準點火事件,具備起漲條件，可放入TEST/準IGNITION觀察。,15.82,310,v266.62,2026-10-01 01:22:46,24.0,0.0,40.0,0.0,2.56,量能安靜｜洗盤整理不破｜主力吸籌文字確認｜狀態轉移剛加速｜狀態剛升級,v266.68,2026-10-01 01:22:50,NOISE,雜訊：條件不足。,WATCH,164
2026-09-30,8272,WATCH,54,64.5,50-100,0.0,0,佈局觀察,波動壓縮 | 均線收斂 | 接近突破 | 結構尚可,True,False,False,True,False,True,8.0,A,起漲結構強,20D站上MA20｜MA20走平翻揚｜40D平台收斂｜短中均線糾結｜40D低點守住｜接近/站回MA60｜近5日量縮,平台壓縮後轉強，可優先觀察起漲/試單。,v266.57.9,8.0,無原分數欄位｜僅顯示結構前置分數,556.0,8.0,A,續強品質強,回檔不破前低｜低點墊高確認｜收盤守MA5｜續強確認：收盤未跌破MA5｜回檔量縮｜仍站MA20,回檔承接尚可，若原策略入選，可優先觀察延續。,v266.57.9,7.4,0.55,0.5,GENERIC,測試排序分=原分數+結構前置分*策略權重+續強品質*策略權重；不覆蓋原策略,521.0,3.0,C,突破觀察,收盤接近高點｜突破近5日高,有轉強跡象，但突破品質尚未完全成立。,v266.57.9,WATCH,0.55,0.35,0.75,9.45,393.0,最後後處理補寫：原分數+結構前置+續強品質+突破品質；不覆蓋原策略,0.0,,一般,7.749,v266.58.1,2026-10-01 01:22:38,突破中,4,13,準IGNITION,前狀態:觀察→今日:突破中｜狀態跳升｜具備點火條件,READY,v266.60.2,12.299,30.0,32.0,0.0,0.0,20.462,314.0,20/40/60結構佳｜續強品質佳｜主力佈局語意｜狀態升級強｜具升級旗標｜升級標籤,高優先準點火,v266.61,2026-10-01 01:22:44,24.0,洗盤不破承接｜狀態升級觸發｜狀態轉移轉強,準點火事件,具備起漲條件，可放入TEST/準IGNITION觀察。,15.809,311,v266.62,2026-10-01 01:22:46,24.0,0.0,40.0,0.0,2.56,量能安靜｜洗盤整理不破｜主力吸籌文字確認｜狀態轉移剛加速｜狀態剛升級,v266.68,2026-10-01 01:22:50,NOISE,雜訊：條件不足。,WATCH,165
2026-09-30,6899,WATCH,54,49.8,50以下,0.0,0,佈局觀察,波動壓縮 | 均線收斂 | 接近突破 | 結構尚可,True,False,False,True,False,True,8.0,A,起漲結構強,20D站上MA20｜MA20走平翻揚｜接近20日高｜40D平台收斂｜短中均線糾結｜40D低點守住｜接近/站回MA60,平台壓縮後轉強，可優先觀察起漲/試單。,v266.57.9,8.0,無原分數欄位｜僅顯示結構前置分數,556.0,8.0,A,續強品質強,回檔不破前低｜低點墊高確認｜收盤守MA5｜續強確認：收盤未跌破MA5｜回檔量縮｜仍站MA20,回檔承接尚可，若原策略入選，可優先觀察延續。,v266.57.9,7.4,0.55,0.5,GENERIC,測試排序分=原分數+結構前置分*策略權重+續強品質*策略權重；不覆蓋原策略,521.0,3.0,C,突破觀察,收盤接近高點｜突破近5日高,有轉強跡象，但突破品質尚未完全成立。,v266.57.9,WATCH,0.55,0.35,0.75,9.45,393.0,最後後處理補寫：原分數+結構前置+續強品質+突破品質；不覆蓋原策略,0.0,,一般,7.749,v266.58.1,2026-10-01 01:22:38,突破中,4,13,準IGNITION,前狀態:觀察→今日:突破中｜狀態跳升｜具備點火條件,READY,v266.60.2,12.299,30.0,32.0,0.0,0.0,20.462,314.0,20/40/60結構佳｜續強品質佳｜主力佈局語意｜狀態升級強｜具升級旗標｜升級標籤,高優先準點火,v266.61,2026-10-01 01:22:44,24.0,洗盤不破承接｜狀態升級觸發｜狀態轉移轉強,準點火事件,具備起漲條件，可放入TEST/準IGNITION觀察。,15.809,312,v266.62,2026-10-01 01:22:46,24.0,0.0,40.0,0.0,2.56,量能安靜｜洗盤整理不破｜主力吸籌文字確認｜狀態轉移剛加速｜狀態剛升級,v266.68,2026-10-01 01:22:50,NOISE,雜訊：條件不足。,WATCH,166
2026-09-30,4306,WATCH,54,14.7,50以下,0.0,0,佈局觀察,波動壓縮 | 均線收斂 | 接近突破 | 結構尚可,True,False,False,True,False,True,8.6,A,起漲結構強,MA5站上MA10｜40D平台收斂｜短中均線糾結｜40D低點守住｜接近/站回MA60｜近5日量縮｜5D動能轉正｜10D動能轉正,平台壓縮後轉強，可優先觀察起漲/試單。,v266.57.9,8.6,無原分數欄位｜僅顯示結構前置分數,538.0,9.2,A,續強品質強,回檔不破前低｜低點墊高確認｜收盤守MA5｜續強確認：收盤未跌破MA5｜回檔量縮｜MA5仍在MA10上｜10D動能維持,回檔承接尚可，若原策略入選，可優先觀察延續。,v266.57.9,8.33,0.55,0.5,GENERIC,測試排序分=原分數+結構前置分*策略權重+續強品質*策略權重；不覆蓋原策略,343.0,2.0,C,突破觀察,MA5加速上彎｜短均多頭,有轉強跡象，但突破品質尚未完全成立。,v266.57.9,WATCH,0.55,0.35,0.75,9.45,393.0,最後後處理補寫：原分數+結構前置+續強品質+突破品質；不覆蓋原策略,0.0,,一般,7.749,v266.58.1,2026-10-01 01:22:38,突破中,4,13,準IGNITION,前狀態:觀察→今日:突破中｜狀態跳升｜具備點火條件,READY,v266.60.2,12.299,30.0,32.0,0.0,0.0,20.462,314.0,20/40/60結構佳｜續強品質佳｜主力佈局語意｜狀態升級強｜具升級旗標｜升級標籤,高優先準點火,v266.61,2026-10-01 01:22:44,24.0,洗盤不破承接｜狀態升級觸發｜狀態轉移轉強,準點火事件,具備起漲條件，可放入TEST/準IGNITION觀察。,15.809,313,v266.62,2026-10-01 01:22:46,24.0,0.0,40.0,0.0,2.56,量能安靜｜洗盤整理不破｜主力吸籌文字確認｜狀態轉移剛加速｜狀態剛升級,v266.68,2026-10-01 01:22:50,NOISE,雜訊：條件不足。,WATCH,167
2026-09-30,6020,WATCH,54,20.75,50以下,0.0,0,佈局觀察,波動壓縮 | 均線收斂 | 接近突破 | 結構尚可,True,False,False,True,False,True,8.0,A,起漲結構強,20D站上MA20｜MA20走平翻揚｜接近20日高｜40D平台收斂｜短中均線糾結｜40D低點守住｜接近/站回MA60,平台壓縮後轉強，可優先觀察起漲/試單。,v266.57.9,8.0,無原分數欄位｜僅顯示結構前置分數,556.0,8.0,A,續強品質強,回檔不破前低｜低點墊高確認｜收盤守MA5｜續強確認：收盤未跌破MA5｜回檔量縮｜仍站MA20,回檔承接尚可，若原策略入選，可優先觀察延續。,v266.57.9,7.4,0.55,0.5,GENERIC,測試排序分=原分數+結構前置分*策略權重+續強品質*策略權重；不覆蓋原策略,521.0,3.0,C,突破觀察,收盤接近高點｜突破近5日高,有轉強跡象，但突破品質尚未完全成立。,v266.57.9,WATCH,0.55,0.35,0.75,9.45,393.0,最後後處理補寫：原分數+結構前置+續強品質+突破品質；不覆蓋原策略,0.0,,一般,7.749,v266.58.1,2026-10-01 01:22:38,突破中,4,13,準IGNITION,前狀態:觀察→今日:突破中｜狀態跳升｜具備點火條件,READY,v266.60.2,12.299,30.0,32.0,0.0,0.0,20.462,314.0,20/40/60結構佳｜續強品質佳｜主力佈局語意｜狀態升級強｜具升級旗標｜升級標籤,高優先準點火,v266.61,2026-10-01 01:22:44,24.0,洗盤不破承接｜狀態升級觸發｜狀態轉移轉強,準點火事件,具備起漲條件，可放入TEST/準IGNITION觀察。,15.809,314,v266.62,2026-10-01 01:22:46,24.0,0.0,40.0,0.0,2.56,量能安靜｜洗盤整理不破｜主力吸籌文字確認｜狀態轉移剛加速｜狀態剛升級,v266.68,2026-10-01 01:22:50,NOISE,雜訊：條件不足。,WATCH,168
2026-09-30,3594,WATCH,54,47.9,50以下,0.0,0,佈局觀察,波動壓縮 | 均線收斂 | 接近突破 | 結構尚可,True,False,False,True,False,True,8.0,A,起漲結構強,20D站上MA20｜MA20走平翻揚｜接近20日高｜40D平台收斂｜短中均線糾結｜40D低點守住｜接近/站回MA60,平台壓縮後轉強，可優先觀察起漲/試單。,v266.57.9,8.0,無原分數欄位｜僅顯示結構前置分數,556.0,8.0,A,續強品質強,回檔不破前低｜低點墊高確認｜收盤守MA5｜續強確認：收盤未跌破MA5｜回檔量縮｜仍站MA20,回檔承接尚可，若原策略入選，可優先觀察延續。,v266.57.9,7.4,0.55,0.5,GENERIC,測試排序分=原分數+結構前置分*策略權重+續強品質*策略權重；不覆蓋原策略,521.0,3.0,C,突破觀察,收盤接近高點｜突破近5日高,有轉強跡象，但突破品質尚未完全成立。,v266.57.9,WATCH,0.55,0.35,0.75,9.45,393.0,最後後處理補寫：原分數+結構前置+續強品質+突破品質；不覆蓋原策略,0.0,,一般,7.749,v266.58.1,2026-10-01 01:22:38,突破中,4,13,準IGNITION,前狀態:觀察→今日:突破中｜狀態跳升｜具備點火條件,READY,v266.60.2,12.299,30.0,32.0,0.0,0.0,20.462,314.0,20/40/60結構佳｜續強品質佳｜主力佈局語意｜狀態升級強｜具升級旗標｜升級標籤,高優先準點火,v266.61,2026-10-01 01:22:44,24.0,洗盤不破承接｜狀態升級觸發｜狀態轉移轉強,準點火事件,具備起漲條件，可放入TEST/準IGNITION觀察。,15.809,315,v266.62,2026-10-01 01:22:46,24.0,0.0,40.0,0.0,2.56,量能安靜｜洗盤整理不破｜主力吸籌文字確認｜狀態轉移剛加速｜狀態剛升級,v266.68,2026-10-01 01:22:50,NOISE,雜訊：條件不足。,WATCH,169
2026-09-30,6208,WATCH,54,76.0,50-100,0.0,0,佈局觀察,波動壓縮 | 均線收斂 | 接近突破 | 結構尚可,True,False,False,True,False,True,8.0,A,起漲結構強,20D站上MA20｜MA20走平翻揚｜接近20日高｜40D平台收斂｜短中均線糾結｜40D低點守住｜接近/站回MA60,平台壓縮後轉強，可優先觀察起漲/試單。,v266.57.9,8.0,無原分數欄位｜僅顯示結構前置分數,556.0,8.0,A,續強品質強,回檔不破前低｜低點墊高確認｜收盤守MA5｜續強確認：收盤未跌破MA5｜回檔量縮｜仍站MA20,回檔承接尚可，若原策略入選，可優先觀察延續。,v266.57.9,7.4,0.55,0.5,GENERIC,測試排序分=原分數+結構前置分*策略權重+續強品質*策略權重；不覆蓋原策略,521.0,3.0,C,突破觀察,收盤接近高點｜突破近5日高,有轉強跡象，但突破品質尚未完全成立。,v266.57.9,WATCH,0.55,0.35,0.75,9.45,393.0,最後後處理補寫：原分數+結構前置+續強品質+突破品質；不覆蓋原策略,0.0,,一般,7.749,v266.58.1,2026-10-01 01:22:38,突破中,4,13,準IGNITION,前狀態:觀察→今日:突破中｜狀態跳升｜具備點火條件,READY,v266.60.2,12.299,30.0,32.0,0.0,0.0,20.462,314.0,20/40/60結構佳｜續強品質佳｜主力佈局語意｜狀態升級強｜具升級旗標｜升級標籤,高優先準點火,v266.61,2026-10-01 01:22:44,24.0,洗盤不破承接｜狀態升級觸發｜狀態轉移轉強,準點火事件,具備起漲條件，可放入TEST/準IGNITION觀察。,15.809,316,v266.62,2026-10-01 01:22:46,24.0,0.0,40.0,0.0,2.56,量能安靜｜洗盤整理不破｜主力吸籌文字確認｜狀態轉移剛加速｜狀態剛升級,v266.68,2026-10-01 01:22:50,NOISE,雜訊：條件不足。,WATCH,170
2026-09-30,6259,WATCH,54,30.25,50以下,0.0,0,佈局觀察,波動壓縮 | 均線收斂 | 接近突破 | 結構尚可,True,False,False,True,False,True,8.0,A,起漲結構強,20D站上MA20｜MA20走平翻揚｜接近20日高｜40D平台收斂｜短中均線糾結｜40D低點守住｜接近/站回MA60,平台壓縮後轉強，可優先觀察起漲/試單。,v266.57.9,8.0,無原分數欄位｜僅顯示結構前置分數,556.0,8.0,A,續強品質強,回檔不破前低｜低點墊高確認｜收盤守MA5｜續強確認：收盤未跌破MA5｜回檔量縮｜仍站MA20,回檔承接尚可，若原策略入選，可優先觀察延續。,v266.57.9,7.4,0.55,0.5,GENERIC,測試排序分=原分數+結構前置分*策略權重+續強品質*策略權重；不覆蓋原策略,521.0,3.0,C,突破觀察,收盤接近高點｜突破近5日高,有轉強跡象，但突破品質尚未完全成立。,v266.57.9,WATCH,0.55,0.35,0.75,9.45,393.0,最後後處理補寫：原分數+結構前置+續強品質+突破品質；不覆蓋原策略,0.0,,一般,7.749,v266.58.1,2026-10-01 01:22:38,突破中,4,13,準IGNITION,前狀態:觀察→今日:突破中｜狀態跳升｜具備點火條件,READY,v266.60.2,12.299,30.0,32.0,0.0,0.0,20.462,314.0,20/40/60結構佳｜續強品質佳｜主力佈局語意｜狀態升級強｜具升級旗標｜升級標籤,高優先準點火,v266.61,2026-10-01 01:22:44,24.0,洗盤不破承接｜狀態升級觸發｜狀態轉移轉強,準點火事件,具備起漲條件，可放入TEST/準IGNITION觀察。,15.809,317,v266.62,2026-10-01 01:22:46,24.0,0.0,40.0,0.0,2.56,量能安靜｜洗盤整理不破｜主力吸籌文字確認｜狀態轉移剛加速｜狀態剛升級,v266.68,2026-10-01 01:22:50,NOISE,雜訊：條件不足。,WATCH,171
2026-09-30,3672,WATCH,54,12.35,50以下,0.0,0,佈局觀察,波動壓縮 | 均線收斂 | 接近突破 | 結構尚可,True,False,False,True,False,True,10.0,A,起漲結構強,20D站上MA20｜MA20走平翻揚｜MA5站上MA10｜接近20日高｜40D平台收斂｜短中均線糾結｜40D低點守住｜接近/站回MA60｜MA60不再下彎,平台壓縮後轉強，可優先觀察起漲/試單。,v266.57.9,10.0,無原分數欄位｜僅顯示結構前置分數,253.0,6.3,B,續強品質中,回檔不破前低｜低點墊高確認｜收盤守MA5｜回測守MA10｜MA5仍在MA10上｜仍站MA20｜扣分:回檔量放大,回檔承接尚可，若原策略入選，可優先觀察延續。,v266.57.9,7.75,0.55,0.5,GENERIC,測試排序分=原分數+結構前置分*策略權重+續強品質*策略權重；不覆蓋原策略,463.0,2.3,C,突破觀察,收盤接近高點｜短均多頭,有轉強跡象，但突破品質尚未完全成立。,v266.57.9,WATCH,0.55,0.35,0.75,9.43,402.0,最後後處理補寫：原分數+結構前置+續強品質+突破品質；不覆蓋原策略,0.0,,一般,7.733,v266.58.1,2026-10-01 01:22:38,突破中,4,13,準IGNITION,前狀態:觀察→今日:突破中｜狀態跳升｜具備點火條件,READY,v266.60.2,12.283,30.0,32.0,0.0,0.0,20.461,321.0,20/40/60結構佳｜續強品質佳｜主力佈局語意｜狀態升級強｜具升級旗標｜升級標籤,高優先準點火,v266.61,2026-10-01 01:22:44,24.0,洗盤不破承接｜狀態升級觸發｜狀態轉移轉強,準點火事件,具備起漲條件，可放入TEST/準IGNITION觀察。,15.798,318,v266.62,2026-10-01 01:22:46,24.0,0.0,40.0,0.0,2.56,量能安靜｜洗盤整理不破｜主力吸籌文字確認｜狀態轉移剛加速｜狀態剛升級,v266.68,2026-10-01 01:22:50,NOISE,雜訊：條件不足。,WATCH,172
2026-09-30,3051,WATCH,62,23.3,50以下,0.0,0,佈局觀察,波動壓縮 | 均線收斂 | 放量吸收 | 接近突破,True,False,False,True,True,True,9.6,A,起漲結構強,20D站上MA20｜MA5站上MA10｜接近20日高｜40D平台收斂｜短中均線糾結｜40D低點守住｜接近/站回MA60｜5D動能轉正｜10D動能轉正,平台壓縮後轉強，可優先觀察起漲/試單。,v266.57.9,7.6,無原分數欄位｜僅顯示結構前置分數,694.0,8.7,A,續強品質強,回檔不破前低｜低點墊高確認｜收盤守MA5｜續強確認：收盤未跌破MA5｜MA5仍在MA10上｜仍站MA20｜10D動能維持,回檔承接尚可，若原策略入選，可優先觀察延續。,v266.57.9,6.78,0.55,0.5,GENERIC,測試排序分=原分數+結構前置分*策略權重+續強品質*策略權重；不覆蓋原策略,618.0,2.0,C,突破觀察,MA5加速上彎｜短均多頭,有轉強跡象，但突破品質尚未完全成立。,v266.57.9,WATCH,0.55,0.35,0.75,9.825,359.0,最後後處理補寫：原分數+結構前置+續強品質+突破品質；不覆蓋原策略,0.0,,一般,8.056,v266.58.1,2026-10-01 01:22:38,突破中,4,12,準IGNITION,前狀態:突破中→今日:突破中｜強狀態維持｜強狀態連續維持｜具備點火條件,READY,v266.60.2,12.256,30.0,32.0,0.0,0.0,20.476,302.0,20/40/60結構佳｜續強品質佳｜主力佈局語意｜狀態升級強｜具升級旗標｜升級標籤,高優先準點火,v266.61,2026-10-01 01:22:44,24.0,洗盤不破承接｜狀態升級觸發｜狀態轉移轉強,準點火事件,具備起漲條件，可放入TEST/準IGNITION觀察。,15.779,320,v266.62,2026-10-01 01:22:46,24.0,0.0,40.0,0.0,2.56,量能安靜｜洗盤整理不破｜主力吸籌文字確認｜狀態轉移剛加速｜狀態剛升級,v266.68,2026-10-01 01:22:50,NOISE,雜訊：條件不足。,WATCH,173
2026-09-30,6123,WATCH,54,43.05,50以下,0.0,0,佈局觀察,波動壓縮 | 均線收斂 | 接近突破 | 結構尚可,True,False,False,True,False,True,10.0,A,起漲結構強,20D站上MA20｜MA20走平翻揚｜接近20日高｜40D平台收斂｜短中均線糾結｜40D低點守住｜接近/站回MA60｜MA60不再下彎｜站回60D區間中上,平台壓縮後轉強，可優先觀察起漲/試單。,v266.57.9,10.0,無原分數欄位｜僅顯示結構前置分數,253.0,6.5,B,續強品質中,回檔不破前低｜低點墊高確認｜收盤守MA5｜續強確認：收盤未跌破MA5｜仍站MA20,回檔承接尚可，若原策略入選，可優先觀察延續。,v266.57.9,7.75,0.55,0.5,GENERIC,測試排序分=原分數+結構前置分*策略權重+續強品質*策略權重；不覆蓋原策略,463.0,2.7,C,突破觀察,收盤接近高點｜MA5加速上彎,有轉強跡象，但突破品質尚未完全成立。,v266.57.9,WATCH,0.55,0.35,0.75,9.8,361.0,最後後處理補寫：原分數+結構前置+續強品質+突破品質；不覆蓋原策略,0.0,,一般,8.036,v266.58.1,2026-10-01 01:22:38,突破中,4,12,準IGNITION,前狀態:突破中→今日:突破中｜強狀態維持｜強狀態連續維持｜具備點火條件,READY,v266.60.2,12.236,30.0,32.0,0.0,0.0,20.474,304.0,20/40/60結構佳｜續強品質佳｜主力佈局語意｜狀態升級強｜具升級旗標｜升級標籤,高優先準點火,v266.61,2026-10-01 01:22:44,24.0,洗盤不破承接｜狀態升級觸發｜狀態轉移轉強,準點火事件,具備起漲條件，可放入TEST/準IGNITION觀察。,15.765,321,v266.62,2026-10-01 01:22:46,24.0,0.0,40.0,0.0,2.56,量能安靜｜洗盤整理不破｜主力吸籌文字確認｜狀態轉移剛加速｜狀態剛升級,v266.68,2026-10-01 01:22:50,NOISE,雜訊：條件不足。,WATCH,174
2026-09-30,6903,WATCH,54,315.5,100-500,0.0,0,佈局觀察,波動壓縮 | 均線收斂 | 接近突破 | 結構尚可,True,False,False,True,False,True,9.0,A,起漲結構強,20D站上MA20｜MA20走平翻揚｜MA5站上MA10｜接近20日高｜40D平台收斂｜短中均線糾結｜40D低點守住｜接近/站回MA60,平台壓縮後轉強，可優先觀察起漲/試單。,v266.57.9,9.0,無原分數欄位｜僅顯示結構前置分數,391.0,7.7,A,續強品質強,回檔不破前低｜低點墊高確認｜收盤守MA5｜續強確認：收盤未跌破MA5｜MA5仍在MA10上｜仍站MA20,回檔承接尚可，若原策略入選，可優先觀察延續。,v266.57.9,7.8,0.55,0.5,GENERIC,測試排序分=原分數+結構前置分*策略權重+續強品質*策略權重；不覆蓋原策略,424.0,2.3,C,突破觀察,收盤接近高點｜短均多頭,有轉強跡象，但突破品質尚未完全成立。,v266.57.9,WATCH,0.55,0.35,0.75,9.37,407.0,最後後處理補寫：原分數+結構前置+續強品質+突破品質；不覆蓋原策略,0.0,,一般,7.683,v266.58.1,2026-10-01 01:22:38,突破中,4,13,準IGNITION,前狀態:觀察→今日:突破中｜狀態跳升｜具備點火條件,READY,v266.60.2,12.233,30.0,32.0,0.0,0.0,20.456,322.0,20/40/60結構佳｜續強品質佳｜主力佈局語意｜狀態升級強｜具升級旗標｜升級標籤,高優先準點火,v266.61,2026-10-01 01:22:44,24.0,洗盤不破承接｜狀態升級觸發｜狀態轉移轉強,準點火事件,具備起漲條件，可放入TEST/準IGNITION觀察。,15.763,322,v266.62,2026-10-01 01:22:46,24.0,0.0,40.0,0.0,2.56,量能安靜｜洗盤整理不破｜主力吸籌文字確認｜狀態轉移剛加速｜狀態剛升級,v266.68,2026-10-01 01:22:50,NOISE,雜訊：條件不足。,WATCH,175
2026-09-30,3511,WATCH,54,19.75,50以下,0.0,0,佈局觀察,波動壓縮 | 均線收斂 | 接近突破 | 結構尚可,True,False,False,True,False,True,9.0,A,起漲結構強,20D站上MA20｜MA20走平翻揚｜MA5站上MA10｜接近20日高｜40D平台收斂｜短中均線糾結｜40D低點守住｜接近/站回MA60,平台壓縮後轉強，可優先觀察起漲/試單。,v266.57.9,9.0,無原分數欄位｜僅顯示結構前置分數,391.0,7.7,A,續強品質強,回檔不破前低｜低點墊高確認｜收盤守MA5｜續強確認：收盤未跌破MA5｜MA5仍在MA10上｜仍站MA20,回檔承接尚可，若原策略入選，可優先觀察延續。,v266.57.9,7.8,0.55,0.5,GENERIC,測試排序分=原分數+結構前置分*策略權重+續強品質*策略權重；不覆蓋原策略,424.0,2.3,C,突破觀察,收盤接近高點｜短均多頭,有轉強跡象，但突破品質尚未完全成立。,v266.57.9,WATCH,0.55,0.35,0.75,9.37,407.0,最後後處理補寫：原分數+結構前置+續強品質+突破品質；不覆蓋原策略,0.0,,一般,7.683,v266.58.1,2026-10-01 01:22:38,突破中,4,13,準IGNITION,前狀態:觀察→今日:突破中｜狀態跳升｜具備點火條件,READY,v266.60.2,12.233,30.0,32.0,0.0,0.0,20.456,322.0,20/40/60結構佳｜續強品質佳｜主力佈局語意｜狀態升級強｜具升級旗標｜升級標籤,高優先準點火,v266.61,2026-10-01 01:22:44,24.0,洗盤不破承接｜狀態升級觸發｜狀態轉移轉強,準點火事件,具備起漲條件，可放入TEST/準IGNITION觀察。,15.763,323,v266.62,2026-10-01 01:22:46,24.0,0.0,40.0,0.0,2.56,量能安靜｜洗盤整理不破｜主力吸籌文字確認｜狀態轉移剛加速｜狀態剛升級,v266.68,2026-10-01 01:22:50,NOISE,雜訊：條件不足。,WATCH,176
2026-09-30,3567,WATCH,54,26.2,50以下,0.0,0,佈局觀察,波動壓縮 | 均線收斂 | 接近突破 | 結構尚可,True,False,False,True,False,True,9.0,A,起漲結構強,20D站上MA20｜MA20走平翻揚｜MA5站上MA10｜接近20日高｜40D平台收斂｜短中均線糾結｜40D低點守住｜接近/站回MA60,平台壓縮後轉強，可優先觀察起漲/試單。,v266.57.9,9.0,無原分數欄位｜僅顯示結構前置分數,391.0,7.7,A,續強品質強,回檔不破前低｜低點墊高確認｜收盤守MA5｜續強確認：收盤未跌破MA5｜MA5仍在MA10上｜仍站MA20,回檔承接尚可，若原策略入選，可優先觀察延續。,v266.57.9,7.8,0.55,0.5,GENERIC,測試排序分=原分數+結構前置分*策略權重+續強品質*策略權重；不覆蓋原策略,424.0,2.3,C,突破觀察,收盤接近高點｜短均多頭,有轉強跡象，但突破品質尚未完全成立。,v266.57.9,WATCH,0.55,0.35,0.75,9.37,407.0,最後後處理補寫：原分數+結構前置+續強品質+突破品質；不覆蓋原策略,0.0,,一般,7.683,v266.58.1,2026-10-01 01:22:38,突破中,4,13,準IGNITION,前狀態:觀察→今日:突破中｜狀態跳升｜具備點火條件,READY,v266.60.2,12.233,30.0,32.0,0.0,0.0,20.456,322.0,20/40/60結構佳｜續強品質佳｜主力佈局語意｜狀態升級強｜具升級旗標｜升級標籤,高優先準點火,v266.61,2026-10-01 01:22:44,24.0,洗盤不破承接｜狀態升級觸發｜狀態轉移轉強,準點火事件,具備起漲條件，可放入TEST/準IGNITION觀察。,15.763,324,v266.62,2026-10-01 01:22:46,24.0,0.0,40.0,0.0,2.56,量能安靜｜洗盤整理不破｜主力吸籌文字確認｜狀態轉移剛加速｜狀態剛升級,v266.68,2026-10-01 01:22:50,NOISE,雜訊：條件不足。,WATCH,177
2026-09-30,6203,WATCH,54,60.0,50-100,0.0,0,佈局觀察,波動壓縮 | 均線收斂 | 接近突破 | 結構尚可,True,False,False,True,False,True,9.0,A,起漲結構強,20D站上MA20｜MA20走平翻揚｜MA5站上MA10｜接近20日高｜40D平台收斂｜短中均線糾結｜40D低點守住｜接近/站回MA60,平台壓縮後轉強，可優先觀察起漲/試單。,v266.57.9,9.0,無原分數欄位｜僅顯示結構前置分數,391.0,7.7,A,續強品質強,回檔不破前低｜低點墊高確認｜收盤守MA5｜續強確認：收盤未跌破MA5｜MA5仍在MA10上｜仍站MA20,回檔承接尚可，若原策略入選，可優先觀察延續。,v266.57.9,7.8,0.55,0.5,GENERIC,測試排序分=原分數+結構前置分*策略權重+續強品質*策略權重；不覆蓋原策略,424.0,2.3,C,突破觀察,突破近5日高｜短均多頭,有轉強跡象，但突破品質尚未完全成立。,v266.57.9,WATCH,0.55,0.35,0.75,9.37,407.0,最後後處理補寫：原分數+結構前置+續強品質+突破品質；不覆蓋原策略,0.0,,一般,7.683,v266.58.1,2026-10-01 01:22:38,突破中,4,13,準IGNITION,前狀態:觀察→今日:突破中｜狀態跳升｜具備點火條件,READY,v266.60.2,12.233,30.0,32.0,0.0,0.0,20.456,322.0,20/40/60結構佳｜續強品質佳｜主力佈局語意｜狀態升級強｜具升級旗標｜升級標籤,高優先準點火,v266.61,2026-10-01 01:22:44,24.0,洗盤不破承接｜狀態升級觸發｜狀態轉移轉強,準點火事件,具備起漲條件，可放入TEST/準IGNITION觀察。,15.763,325,v266.62,2026-10-01 01:22:46,24.0,0.0,40.0,0.0,2.56,量能安靜｜洗盤整理不破｜主力吸籌文字確認｜狀態轉移剛加速｜狀態剛升級,v266.68,2026-10-01 01:22:50,NOISE,雜訊：條件不足。,WATCH,178
2026-09-30,3663,WATCH,54,67.8,50-100,0.0,0,佈局觀察,安靜吸籌 | 均線收斂 | 接近突破 | 結構尚可,False,True,False,True,False,True,9.0,A,起漲結構強,20D站上MA20｜MA5站上MA10｜接近20日高｜40D平台收斂｜短中均線糾結｜40D低點守住｜接近/站回MA60｜站回60D區間中上,平台壓縮後轉強，可優先觀察起漲/試單。,v266.57.9,9.0,無原分數欄位｜僅顯示結構前置分數,391.0,7.7,A,續強品質強,回檔不破前低｜低點墊高確認｜收盤守MA5｜續強確認：收盤未跌破MA5｜MA5仍在MA10上｜仍站MA20,回檔承接尚可，若原策略入選，可優先觀察延續。,v266.57.9,7.8,0.55,0.5,GENERIC,測試排序分=原分數+結構前置分*策略權重+續強品質*策略權重；不覆蓋原策略,424.0,2.3,C,突破觀察,收盤接近高點｜短均多頭,有轉強跡象，但突破品質尚未完全成立。,v266.57.9,WATCH,0.55,0.35,0.75,9.37,407.0,最後後處理補寫：原分數+結構前置+續強品質+突破品質；不覆蓋原策略,0.0,,一般,7.683,v266.58.1,2026-10-01 01:22:38,突破中,4,13,準IGNITION,前狀態:觀察→今日:突破中｜狀態跳升｜具備點火條件,READY,v266.60.2,12.233,30.0,32.0,0.0,0.0,20.456,322.0,20/40/60結構佳｜續強品質佳｜主力佈局語意｜狀態升級強｜具升級旗標｜升級標籤,高優先準點火,v266.61,2026-10-01 01:22:44,24.0,洗盤不破承接｜狀態升級觸發｜狀態轉移轉強,準點火事件,具備起漲條件，可放入TEST/準IGNITION觀察。,15.763,326,v266.62,2026-10-01 01:22:46,24.0,0.0,40.0,0.0,2.56,量能安靜｜洗盤整理不破｜主力吸籌文字確認｜狀態轉移剛加速｜狀態剛升級,v266.68,2026-10-01 01:22:50,NOISE,雜訊：條件不足。,WATCH,179
2026-09-30,4123,WATCH,54,31.25,50以下,0.0,0,佈局觀察,波動壓縮 | 均線收斂 | 接近突破 | 結構尚可,True,False,False,True,False,True,8.0,A,起漲結構強,20D站上MA20｜MA20走平翻揚｜MA5站上MA10｜接近20日高｜40D平台收斂｜短中均線糾結｜接近/站回MA60,平台壓縮後轉強，可優先觀察起漲/試單。,v266.57.9,8.0,無原分數欄位｜僅顯示結構前置分數,556.0,9.2,A,續強品質強,回檔不破前低｜低點墊高確認｜收盤守MA5｜續強確認：收盤未跌破MA5｜回檔量縮｜MA5仍在MA10上｜仍站MA20,回檔承接尚可，若原策略入選，可優先觀察延續。,v266.57.9,8.0,0.55,0.5,GENERIC,測試排序分=原分數+結構前置分*策略權重+續強品質*策略權重；不覆蓋原策略,371.0,2.3,C,突破觀察,收盤接近高點｜短均多頭,有轉強跡象，但突破品質尚未完全成立。,v266.57.9,WATCH,0.55,0.35,0.75,9.345,414.0,最後後處理補寫：原分數+結構前置+續強品質+突破品質；不覆蓋原策略,0.0,,一般,7.663,v266.58.1,2026-10-01 01:22:38,突破中,4,13,準IGNITION,前狀態:觀察→今日:突破中｜狀態跳升｜具備點火條件,READY,v266.60.2,12.213,30.0,32.0,0.0,0.0,20.454,327.0,20/40/60結構佳｜續強品質佳｜主力佈局語意｜狀態升級強｜具升級旗標｜升級標籤,高優先準點火,v266.61,2026-10-01 01:22:44,24.0,洗盤不破承接｜狀態升級觸發｜狀態轉移轉強,準點火事件,具備起漲條件，可放入TEST/準IGNITION觀察。,15.749,327,v266.62,2026-10-01 01:22:46,24.0,0.0,40.0,0.0,2.56,量能安靜｜洗盤整理不破｜主力吸籌文字確認｜狀態轉移剛加速｜狀態剛升級,v266.68,2026-10-01 01:22:50,NOISE,雜訊：條件不足。,WATCH,180
2026-09-30,8048,WATCH,54,50.6,50-100,0.0,0,佈局觀察,波動壓縮 | 均線收斂 | 接近突破 | 結構尚可,True,False,False,True,False,True,8.0,A,起漲結構強,20D站上MA20｜MA20走平翻揚｜MA5站上MA10｜接近20日高｜40D平台收斂｜短中均線糾結｜接近/站回MA60,平台壓縮後轉強，可優先觀察起漲/試單。,v266.57.9,8.0,無原分數欄位｜僅顯示結構前置分數,556.0,9.2,A,續強品質強,回檔不破前低｜低點墊高確認｜收盤守MA5｜續強確認：收盤未跌破MA5｜回檔量縮｜MA5仍在MA10上｜仍站MA20,回檔承接尚可，若原策略入選，可優先觀察延續。,v266.57.9,8.0,0.55,0.5,GENERIC,測試排序分=原分數+結構前置分*策略權重+續強品質*策略權重；不覆蓋原策略,371.0,2.3,C,突破觀察,收盤接近高點｜短均多頭,有轉強跡象，但突破品質尚未完全成立。,v266.57.9,WATCH,0.55,0.35,0.75,9.345,414.0,最後後處理補寫：原分數+結構前置+續強品質+突破品質；不覆蓋原策略,0.0,,一般,7.663,v266.58.1,2026-10-01 01:22:38,突破中,4,13,準IGNITION,前狀態:觀察→今日:突破中｜狀態跳升｜具備點火條件,READY,v266.60.2,12.213,30.0,32.0,0.0,0.0,20.454,327.0,20/40/60結構佳｜續強品質佳｜主力佈局語意｜狀態升級強｜具升級旗標｜升級標籤,高優先準點火,v266.61,2026-10-01 01:22:44,24.0,洗盤不破承接｜狀態升級觸發｜狀態轉移轉強,準點火事件,具備起漲條件，可放入TEST/準IGNITION觀察。,15.749,328,v266.62,2026-10-01 01:22:46,24.0,0.0,40.0,0.0,2.56,量能安靜｜洗盤整理不破｜主力吸籌文字確認｜狀態轉移剛加速｜狀態剛升級,v266.68,2026-10-01 01:22:50,NOISE,雜訊：條件不足。,WATCH,181
2026-09-30,6722,WATCH,54,32.5,50以下,0.0,0,佈局觀察,波動壓縮 | 均線收斂 | 接近突破 | 結構尚可,True,False,False,True,False,True,7.8,B,起漲結構中,接近20日高｜40D平台收斂｜短中均線糾結｜40D低點守住｜接近/站回MA60｜近5日量縮｜10D動能轉正,平台壓縮後轉強，可優先觀察起漲/試單。,v266.57.9,7.8,無原分數欄位｜僅顯示結構前置分數,678.0,8.0,A,續強品質強,回檔不破前低｜低點墊高確認｜收盤守MA5｜續強確認：收盤未跌破MA5｜回檔量縮｜10D動能維持,回檔承接尚可，若原策略入選，可優先觀察延續。,v266.57.9,7.29,0.55,0.5,GENERIC,測試排序分=原分數+結構前置分*策略權重+續強品質*策略權重；不覆蓋原策略,547.0,3.0,C,突破觀察,紅K實體放大｜收盤接近高點,有轉強跡象，但突破品質尚未完全成立。,v266.57.9,WATCH,0.55,0.35,0.75,9.34,426.0,最後後處理補寫：原分數+結構前置+續強品質+突破品質；不覆蓋原策略,0.0,,一般,7.659,v266.58.1,2026-10-01 01:22:38,突破中,4,13,準IGNITION,前狀態:觀察→今日:突破中｜狀態跳升｜具備點火條件,READY,v266.60.2,12.209,30.0,32.0,0.0,0.0,20.453,329.0,20/40/60結構佳｜續強品質佳｜主力佈局語意｜狀態升級強｜具升級旗標｜升級標籤,高優先準點火,v266.61,2026-10-01 01:22:44,24.0,洗盤不破承接｜狀態升級觸發｜狀態轉移轉強,準點火事件,具備起漲條件，可放入TEST/準IGNITION觀察。,15.746,329,v266.62,2026-10-01 01:22:46,24.0,0.0,40.0,0.0,2.56,量能安靜｜洗盤整理不破｜主力吸籌文字確認｜狀態轉移剛加速｜狀態剛升級,v266.68,2026-10-01 01:22:50,NOISE,雜訊：條件不足。,WATCH,182
2026-09-30,9944,WATCH,54,17.2,50以下,0.0,0,佈局觀察,波動壓縮 | 均線收斂 | 接近突破 | 結構尚可,True,False,False,True,False,True,7.8,B,起漲結構中,接近20日高｜40D平台收斂｜短中均線糾結｜40D低點守住｜接近/站回MA60｜MA60不再下彎｜10D動能轉正,平台壓縮後轉強，可優先觀察起漲/試單。,v266.57.9,7.8,無原分數欄位｜僅顯示結構前置分數,678.0,8.0,A,續強品質強,回檔不破前低｜低點墊高確認｜收盤守MA5｜續強確認：收盤未跌破MA5｜回檔量縮｜10D動能維持,回檔承接尚可，若原策略入選，可優先觀察延續。,v266.57.9,7.29,0.55,0.5,GENERIC,測試排序分=原分數+結構前置分*策略權重+續強品質*策略權重；不覆蓋原策略,547.0,3.0,C,突破觀察,紅K實體放大｜收盤接近高點,有轉強跡象，但突破品質尚未完全成立。,v266.57.9,WATCH,0.55,0.35,0.75,9.34,426.0,最後後處理補寫：原分數+結構前置+續強品質+突破品質；不覆蓋原策略,0.0,,一般,7.659,v266.58.1,2026-10-01 01:22:38,突破中,4,13,準IGNITION,前狀態:觀察→今日:突破中｜狀態跳升｜具備點火條件,READY,v266.60.2,12.209,30.0,32.0,0.0,0.0,20.453,329.0,20/40/60結構佳｜續強品質佳｜主力佈局語意｜狀態升級強｜具升級旗標｜升級標籤,高優先準點火,v266.61,2026-10-01 01:22:44,24.0,洗盤不破承接｜狀態升級觸發｜狀態轉移轉強,準點火事件,具備起漲條件，可放入TEST/準IGNITION觀察。,15.746,330,v266.62,2026-10-01 01:22:46,24.0,0.0,40.0,0.0,2.56,量能安靜｜洗盤整理不破｜主力吸籌文字確認｜狀態轉移剛加速｜狀態剛升級,v266.68,2026-10-01 01:22:50,NOISE,雜訊：條件不足。,WATCH,183
2026-09-30,6649,WATCH,54,36.5,50以下,0.0,0,佈局觀察,波動壓縮 | 均線收斂 | 接近突破 | 結構尚可,True,False,False,True,False,True,10.0,A,起漲結構強,20D站上MA20｜MA20走平翻揚｜MA5站上MA10｜接近20日高｜40D平台收斂｜短中均線糾結｜40D低點守住｜接近/站回MA60｜MA60不再下彎,平台壓縮後轉強，可優先觀察起漲/試單。,v266.57.9,10.0,無原分數欄位｜僅顯示結構前置分數,253.0,6.0,B,續強品質中,回檔不破前低｜低點墊高確認｜回測守MA10｜MA5仍在MA10上｜仍站MA20,回檔承接尚可，若原策略入選，可優先觀察延續。,v266.57.9,8.0,0.55,0.5,GENERIC,測試排序分=原分數+結構前置分*策略權重+續強品質*策略權重；不覆蓋原策略,371.0,2.3,C,突破觀察,收盤接近高點｜短均多頭,有轉強跡象，但突破品質尚未完全成立。,v266.57.9,WATCH,0.55,0.35,0.75,9.325,428.0,最後後處理補寫：原分數+結構前置+續強品質+突破品質；不覆蓋原策略,0.0,,一般,7.646,v266.58.1,2026-10-01 01:22:38,突破中,4,13,準IGNITION,前狀態:觀察→今日:突破中｜狀態跳升｜具備點火條件,READY,v266.60.2,12.196,30.0,32.0,0.0,0.0,20.452,331.0,20/40/60結構佳｜續強品質佳｜主力佈局語意｜狀態升級強｜具升級旗標｜升級標籤,高優先準點火,v266.61,2026-10-01 01:22:44,24.0,洗盤不破承接｜狀態升級觸發｜狀態轉移轉強,準點火事件,具備起漲條件，可放入TEST/準IGNITION觀察。,15.737,331,v266.62,2026-10-01 01:22:46,24.0,0.0,40.0,0.0,2.56,量能安靜｜洗盤整理不破｜主力吸籌文字確認｜狀態轉移剛加速｜狀態剛升級,v266.68,2026-10-01 01:22:50,NOISE,雜訊：條件不足。,WATCH,184
2026-09-30,7757,WATCH,54,90.2,50-100,0.0,0,佈局觀察,波動壓縮 | 均線收斂 | 接近突破 | 結構尚可,True,False,False,True,False,True,9.0,A,起漲結構強,20D站上MA20｜MA20走平翻揚｜MA5站上MA10｜40D平台收斂｜短中均線糾結｜40D低點守住｜接近/站回MA60｜MA60不再下彎,平台壓縮後轉強，可優先觀察起漲/試單。,v266.57.9,9.0,無原分數欄位｜僅顯示結構前置分數,391.0,7.5,A,續強品質強,回檔不破前低｜低點墊高確認｜收盤守MA5｜回測守MA10｜MA5仍在MA10上｜仍站MA20,回檔承接尚可，若原策略入選，可優先觀察延續。,v266.57.9,7.8,0.55,0.5,GENERIC,測試排序分=原分數+結構前置分*策略權重+續強品質*策略權重；不覆蓋原策略,424.0,2.3,C,突破觀察,收盤接近高點｜短均多頭,有轉強跡象，但突破品質尚未完全成立。,v266.57.9,WATCH,0.55,0.35,0.75,9.3,432.0,最後後處理補寫：原分數+結構前置+續強品質+突破品質；不覆蓋原策略,0.0,,一般,7.626,v266.58.1,2026-10-01 01:22:38,突破中,4,13,準IGNITION,前狀態:觀察→今日:突破中｜狀態跳升｜具備點火條件,READY,v266.60.2,12.176,30.0,32.0,0.0,0.0,20.45,332.0,20/40/60結構佳｜續強品質佳｜主力佈局語意｜狀態升級強｜具升級旗標｜升級標籤,高優先準點火,v266.61,2026-10-01 01:22:44,24.0,洗盤不破承接｜狀態升級觸發｜狀態轉移轉強,準點火事件,具備起漲條件，可放入TEST/準IGNITION觀察。,15.723,332,v266.62,2026-10-01 01:22:46,24.0,0.0,40.0,0.0,2.56,量能安靜｜洗盤整理不破｜主力吸籌文字確認｜狀態轉移剛加速｜狀態剛升級,v266.68,2026-10-01 01:22:50,NOISE,雜訊：條件不足。,WATCH,185
2026-09-30,4121,WATCH,54,12.75,50以下,0.0,0,佈局觀察,波動壓縮 | 均線收斂 | 接近突破 | 結構尚可,True,False,False,True,False,True,9.0,A,起漲結構強,MA20走平翻揚｜MA5站上MA10｜接近20日高｜40D平台收斂｜短中均線糾結｜40D低點守住｜接近/站回MA60｜MA60不再下彎,平台壓縮後轉強，可優先觀察起漲/試單。,v266.57.9,9.0,無原分數欄位｜僅顯示結構前置分數,391.0,7.5,A,續強品質強,回檔不破前低｜低點墊高確認｜收盤守MA5｜回測守MA10｜MA5仍在MA10上｜仍站MA20,回檔承接尚可，若原策略入選，可優先觀察延續。,v266.57.9,7.8,0.55,0.5,GENERIC,測試排序分=原分數+結構前置分*策略權重+續強品質*策略權重；不覆蓋原策略,424.0,2.3,C,突破觀察,收盤接近高點｜短均多頭,有轉強跡象，但突破品質尚未完全成立。,v266.57.9,WATCH,0.55,0.35,0.75,9.3,432.0,最後後處理補寫：原分數+結構前置+續強品質+突破品質；不覆蓋原策略,0.0,,一般,7.626,v266.58.1,2026-10-01 01:22:38,突破中,4,13,準IGNITION,前狀態:觀察→今日:突破中｜狀態跳升｜具備點火條件,READY,v266.60.2,12.176,30.0,32.0,0.0,0.0,20.45,332.0,20/40/60結構佳｜續強品質佳｜主力佈局語意｜狀態升級強｜具升級旗標｜升級標籤,高優先準點火,v266.61,2026-10-01 01:22:44,24.0,洗盤不破承接｜狀態升級觸發｜狀態轉移轉強,準點火事件,具備起漲條件，可放入TEST/準IGNITION觀察。,15.723,333,v266.62,2026-10-01 01:22:46,24.0,0.0,40.0,0.0,2.56,量能安靜｜洗盤整理不破｜主力吸籌文字確認｜狀態轉移剛加速｜狀態剛升級,v266.68,2026-10-01 01:22:50,NOISE,雜訊：條件不足。,WATCH,186
2026-09-30,6470,WATCH,54,42.7,50以下,0.0,0,佈局觀察,波動壓縮 | 均線收斂 | 接近突破 | 結構尚可,True,False,False,True,False,True,8.0,A,起漲結構強,MA20走平翻揚｜MA5站上MA10｜接近20日高｜40D平台收斂｜短中均線糾結｜40D低點守住｜接近/站回MA60,平台壓縮後轉強，可優先觀察起漲/試單。,v266.57.9,8.0,無原分數欄位｜僅顯示結構前置分數,556.0,9.0,A,續強品質強,回檔不破前低｜低點墊高確認｜收盤守MA5｜回測守MA10｜回檔量縮｜MA5仍在MA10上｜仍站MA20,回檔承接尚可，若原策略入選，可優先觀察延續。,v266.57.9,8.0,0.55,0.5,GENERIC,測試排序分=原分數+結構前置分*策略權重+續強品質*策略權重；不覆蓋原策略,371.0,2.3,C,突破觀察,收盤接近高點｜短均多頭,有轉強跡象，但突破品質尚未完全成立。,v266.57.9,WATCH,0.55,0.35,0.75,9.275,435.0,最後後處理補寫：原分數+結構前置+續強品質+突破品質；不覆蓋原策略,0.0,,一般,7.606,v266.58.1,2026-10-01 01:22:38,突破中,4,13,準IGNITION,前狀態:觀察→今日:突破中｜狀態跳升｜具備點火條件,READY,v266.60.2,12.156,30.0,32.0,0.0,0.0,20.448,334.0,20/40/60結構佳｜續強品質佳｜主力佈局語意｜狀態升級強｜具升級旗標｜升級標籤,高優先準點火,v266.61,2026-10-01 01:22:44,24.0,洗盤不破承接｜狀態升級觸發｜狀態轉移轉強,準點火事件,具備起漲條件，可放入TEST/準IGNITION觀察。,15.709,334,v266.62,2026-10-01 01:22:46,24.0,0.0,40.0,0.0,2.56,量能安靜｜洗盤整理不破｜主力吸籌文字確認｜狀態轉移剛加速｜狀態剛升級,v266.68,2026-10-01 01:22:50,NOISE,雜訊：條件不足。,WATCH,187
2026-09-30,8047,WATCH,54,50.8,50-100,0.0,0,佈局觀察,安靜吸籌 | 均線收斂 | 接近突破 | 結構尚可,False,True,False,True,False,True,10.0,A,起漲結構強,20D站上MA20｜MA20走平翻揚｜MA5站上MA10｜接近20日高｜40D平台收斂｜短中均線糾結｜接近/站回MA60｜MA60不再下彎｜站回60D區間中上,平台壓縮後轉強，可優先觀察起漲/試單。,v266.57.9,10.0,無原分數欄位｜僅顯示結構前置分數,253.0,7.7,A,續強品質強,回檔不破前低｜低點墊高確認｜收盤守MA5｜續強確認：收盤未跌破MA5｜MA5仍在MA10上｜仍站MA20,回檔承接尚可，若原策略入選，可優先觀察延續。,v266.57.9,8.35,0.55,0.5,GENERIC,測試排序分=原分數+結構前置分*策略權重+續強品質*策略權重；不覆蓋原策略,313.0,2.0,C,突破觀察,MA5加速上彎｜短均多頭,有轉強跡象，但突破品質尚未完全成立。,v266.57.9,WATCH,0.55,0.35,0.75,9.695,367.0,最後後處理補寫：原分數+結構前置+續強品質+突破品質；不覆蓋原策略,0.0,,一般,7.95,v266.58.1,2026-10-01 01:22:38,突破中,4,12,準IGNITION,前狀態:突破中→今日:突破中｜強狀態維持｜強狀態連續維持｜具備點火條件,READY,v266.60.2,12.15,30.0,32.0,0.0,0.0,20.465,309.0,20/40/60結構佳｜續強品質佳｜主力佈局語意｜狀態升級強｜具升級旗標｜升級標籤,高優先準點火,v266.61,2026-10-01 01:22:44,24.0,洗盤不破承接｜狀態升級觸發｜狀態轉移轉強,準點火事件,具備起漲條件，可放入TEST/準IGNITION觀察。,15.705,335,v266.62,2026-10-01 01:22:46,24.0,0.0,40.0,0.0,2.56,量能安靜｜洗盤整理不破｜主力吸籌文字確認｜狀態轉移剛加速｜狀態剛升級,v266.68,2026-10-01 01:22:50,NOISE,雜訊：條件不足。,WATCH,188
2026-09-30,9103,WATCH,54,4.98,50以下,0.0,0,佈局觀察,波動壓縮 | 均線收斂 | 接近突破 | 結構尚可,True,False,False,True,False,True,7.8,B,起漲結構中,MA5站上MA10｜接近20日高｜40D平台收斂｜短中均線糾結｜40D低點守住｜接近/站回MA60｜10D動能轉正,平台壓縮後轉強，可優先觀察起漲/試單。,v266.57.9,5.8,無原分數欄位｜僅顯示結構前置分數,899.0,9.2,A,續強品質強,回檔不破前低｜低點墊高確認｜收盤守MA5｜續強確認：收盤未跌破MA5｜回檔量縮｜MA5仍在MA10上｜10D動能維持,回檔承接尚可，若原策略入選，可優先觀察延續。,v266.57.9,6.04,0.55,0.5,GENERIC,測試排序分=原分數+結構前置分*策略權重+續強品質*策略權重；不覆蓋原策略,758.0,2.3,C,突破觀察,紅K實體放大｜短均多頭,有轉強跡象，但突破品質尚未完全成立。,v266.57.9,WATCH,0.55,0.35,0.75,9.235,438.0,最後後處理補寫：原分數+結構前置+續強品質+突破品質；不覆蓋原策略,0.0,,一般,7.573,v266.58.1,2026-10-01 01:22:38,突破中,4,13,準IGNITION,前狀態:觀察→今日:突破中｜狀態跳升｜具備點火條件,READY,v266.60.2,12.123,30.0,32.0,0.0,0.0,20.445,336.0,20/40/60結構佳｜續強品質佳｜主力佈局語意｜狀態升級強｜具升級旗標｜升級標籤,高優先準點火,v266.61,2026-10-01 01:22:44,24.0,洗盤不破承接｜狀態升級觸發｜狀態轉移轉強,準點火事件,具備起漲條件，可放入TEST/準IGNITION觀察。,15.686,336,v266.62,2026-10-01 01:22:46,24.0,0.0,40.0,0.0,2.56,量能安靜｜洗盤整理不破｜主力吸籌文字確認｜狀態轉移剛加速｜狀態剛升級,v266.68,2026-10-01 01:22:50,NOISE,雜訊：條件不足。,WATCH,189
2026-09-30,4967,WATCH,54,275.0,100-500,0.0,0,佈局觀察,波動壓縮 | 均線收斂 | 接近突破 | 結構尚可,True,False,False,True,False,True,8.8,A,起漲結構強,40D平台收斂｜短中均線糾結｜40D低點守住｜接近/站回MA60｜MA60不再下彎｜站回60D區間中上｜近5日量縮｜10D動能轉正,平台壓縮後轉強，可優先觀察起漲/試單。,v266.57.9,8.8,無原分數欄位｜僅顯示結構前置分數,522.0,6.5,B,續強品質中,回檔不破前低｜低點墊高確認｜收盤守MA5｜續強確認：收盤未跌破MA5｜10D動能維持,回檔承接尚可，若原策略入選，可優先觀察延續。,v266.57.9,7.09,0.55,0.5,GENERIC,測試排序分=原分數+結構前置分*策略權重+續強品質*策略權重；不覆蓋原策略,580.0,2.7,C,突破觀察,收盤接近高點｜量能較前日放大,有轉強跡象，但突破品質尚未完全成立。,v266.57.9,WATCH,0.55,0.35,0.75,9.14,442.0,最後後處理補寫：原分數+結構前置+續強品質+突破品質；不覆蓋原策略,0.0,,一般,7.495,v266.58.1,2026-10-01 01:22:38,突破中,4,13,準IGNITION,前狀態:觀察→今日:突破中｜狀態跳升｜具備點火條件,READY,v266.60.2,12.045,30.0,32.0,0.0,0.0,20.437,339.0,20/40/60結構佳｜續強品質佳｜主力佈局語意｜狀態升級強｜具升級旗標｜升級標籤,高優先準點火,v266.61,2026-10-01 01:22:44,24.0,洗盤不破承接｜狀態升級觸發｜狀態轉移轉強,準點火事件,具備起漲條件，可放入TEST/準IGNITION觀察。,15.631,338,v266.62,2026-10-01 01:22:46,24.0,0.0,40.0,0.0,2.56,量能安靜｜洗盤整理不破｜主力吸籌文字確認｜狀態轉移剛加速｜狀態剛升級,v266.68,2026-10-01 01:22:50,NOISE,雜訊：條件不足。,WATCH,190
2026-09-30,7782,WATCH,54,25.25,50以下,0.0,0,佈局觀察,波動壓縮 | 均線收斂 | 接近突破 | 結構尚可,True,False,False,True,False,True,8.0,A,起漲結構強,MA20走平翻揚｜接近20日高｜40D平台收斂｜短中均線糾結｜40D低點守住｜接近/站回MA60｜MA60不再下彎,平台壓縮後轉強，可優先觀察起漲/試單。,v266.57.9,8.0,無原分數欄位｜僅顯示結構前置分數,556.0,7.0,A,續強品質強,回檔不破前低｜低點墊高確認｜收盤守MA5｜續強確認：收盤未跌破MA5｜回檔量縮,回檔承接尚可，若原策略入選，可優先觀察延續。,v266.57.9,6.9,0.55,0.5,GENERIC,測試排序分=原分數+結構前置分*策略權重+續強品質*策略權重；不覆蓋原策略,592.0,3.0,C,突破觀察,收盤接近高點｜突破近5日高,有轉強跡象，但突破品質尚未完全成立。,v266.57.9,WATCH,0.55,0.35,0.75,9.1,446.0,最後後處理補寫：原分數+結構前置+續強品質+突破品質；不覆蓋原策略,0.0,,一般,7.462,v266.58.1,2026-10-01 01:22:38,突破中,4,13,準IGNITION,前狀態:觀察→今日:突破中｜狀態跳升｜具備點火條件,READY,v266.60.2,12.012,30.0,32.0,0.0,0.0,20.434,340.0,20/40/60結構佳｜續強品質佳｜主力佈局語意｜狀態升級強｜具升級旗標｜升級標籤,高優先準點火,v266.61,2026-10-01 01:22:44,24.0,洗盤不破承接｜狀態升級觸發｜狀態轉移轉強,準點火事件,具備起漲條件，可放入TEST/準IGNITION觀察。,15.608,339,v266.62,2026-10-01 01:22:46,24.0,0.0,40.0,0.0,2.56,量能安靜｜洗盤整理不破｜主力吸籌文字確認｜狀態轉移剛加速｜狀態剛升級,v266.68,2026-10-01 01:22:50,NOISE,雜訊：條件不足。,WATCH,191
2026-09-30,6597,WATCH,54,68.7,50-100,0.0,0,佈局觀察,波動壓縮 | 均線收斂 | 接近突破 | 結構尚可,True,False,False,True,False,True,8.0,A,起漲結構強,MA20走平翻揚｜40D平台收斂｜短中均線糾結｜40D低點守住｜接近/站回MA60｜MA60不再下彎｜站回60D區間中上,平台壓縮後轉強，可優先觀察起漲/試單。,v266.57.9,8.0,無原分數欄位｜僅顯示結構前置分數,556.0,7.0,A,續強品質強,回檔不破前低｜低點墊高確認｜收盤守MA5｜續強確認：收盤未跌破MA5｜回檔量縮,回檔承接尚可，若原策略入選，可優先觀察延續。,v266.57.9,6.9,0.55,0.5,GENERIC,測試排序分=原分數+結構前置分*策略權重+續強品質*策略權重；不覆蓋原策略,592.0,3.0,C,突破觀察,收盤接近高點｜突破近5日高,有轉強跡象，但突破品質尚未完全成立。,v266.57.9,WATCH,0.55,0.35,0.75,9.1,446.0,最後後處理補寫：原分數+結構前置+續強品質+突破品質；不覆蓋原策略,0.0,,一般,7.462,v266.58.1,2026-10-01 01:22:38,突破中,4,13,準IGNITION,前狀態:觀察→今日:突破中｜狀態跳升｜具備點火條件,READY,v266.60.2,12.012,30.0,32.0,0.0,0.0,20.434,340.0,20/40/60結構佳｜續強品質佳｜主力佈局語意｜狀態升級強｜具升級旗標｜升級標籤,高優先準點火,v266.61,2026-10-01 01:22:44,24.0,洗盤不破承接｜狀態升級觸發｜狀態轉移轉強,準點火事件,具備起漲條件，可放入TEST/準IGNITION觀察。,15.608,340,v266.62,2026-10-01 01:22:46,24.0,0.0,40.0,0.0,2.56,量能安靜｜洗盤整理不破｜主力吸籌文字確認｜狀態轉移剛加速｜狀態剛升級,v266.68,2026-10-01 01:22:50,NOISE,雜訊：條件不足。,WATCH,192
2026-09-30,5450,WATCH,54,14.8,50以下,0.0,0,佈局觀察,波動壓縮 | 均線收斂 | 接近突破 | 結構尚可,True,False,False,True,False,True,9.0,A,起漲結構強,20D站上MA20｜MA5站上MA10｜接近20日高｜40D平台收斂｜短中均線糾結｜40D低點守住｜接近/站回MA60｜MA60不再下彎,平台壓縮後轉強，可優先觀察起漲/試單。,v266.57.9,7.0,無原分數欄位｜僅顯示結構前置分數,710.0,7.5,A,續強品質強,回檔不破前低｜低點墊高確認｜收盤守MA5｜回測守MA10｜MA5仍在MA10上｜仍站MA20,回檔承接尚可，若原策略入選，可優先觀察延續。,v266.57.9,5.95,0.55,0.5,GENERIC,測試排序分=原分數+結構前置分*策略權重+續強品質*策略權重；不覆蓋原策略,768.0,2.0,C,突破觀察,MA5加速上彎｜短均多頭,有轉強跡象，但突破品質尚未完全成立。,v266.57.9,WATCH,0.55,0.35,0.75,9.075,449.0,最後後處理補寫：原分數+結構前置+續強品質+突破品質；不覆蓋原策略,0.0,,一般,7.441,v266.58.1,2026-10-01 01:22:38,突破中,4,13,準IGNITION,前狀態:觀察→今日:突破中｜狀態跳升｜具備點火條件,READY,v266.60.2,11.991,30.0,32.0,0.0,0.0,20.432,343.0,20/40/60結構佳｜續強品質佳｜主力佈局語意｜狀態升級強｜具升級旗標｜升級標籤,高優先準點火,v266.61,2026-10-01 01:22:44,24.0,洗盤不破承接｜狀態升級觸發｜狀態轉移轉強,準點火事件,具備起漲條件，可放入TEST/準IGNITION觀察。,15.594,341,v266.62,2026-10-01 01:22:46,24.0,0.0,40.0,0.0,2.56,量能安靜｜洗盤整理不破｜主力吸籌文字確認｜狀態轉移剛加速｜狀態剛升級,v266.68,2026-10-01 01:22:50,NOISE,雜訊：條件不足。,WATCH,193
2026-09-30,6167,WATCH,54,10.3,50以下,0.0,0,佈局觀察,波動壓縮 | 均線收斂 | 接近突破 | 結構尚可,True,False,False,True,False,True,9.0,A,起漲結構強,20D站上MA20｜MA20走平翻揚｜MA5站上MA10｜接近20日高｜40D平台收斂｜短中均線糾結｜40D低點守住｜接近/站回MA60,平台壓縮後轉強，可優先觀察起漲/試單。,v266.57.9,7.0,無原分數欄位｜僅顯示結構前置分數,710.0,7.5,A,續強品質強,回檔不破前低｜低點墊高確認｜收盤守MA5｜回測守MA10｜MA5仍在MA10上｜仍站MA20,回檔承接尚可，若原策略入選，可優先觀察延續。,v266.57.9,5.95,0.55,0.5,GENERIC,測試排序分=原分數+結構前置分*策略權重+續強品質*策略權重；不覆蓋原策略,768.0,2.0,C,突破觀察,MA5加速上彎｜短均多頭,有轉強跡象，但突破品質尚未完全成立。,v266.57.9,WATCH,0.55,0.35,0.75,9.075,449.0,最後後處理補寫：原分數+結構前置+續強品質+突破品質；不覆蓋原策略,0.0,,一般,7.441,v266.58.1,2026-10-01 01:22:38,突破中,4,13,準IGNITION,前狀態:觀察→今日:突破中｜狀態跳升｜具備點火條件,READY,v266.60.2,11.991,30.0,32.0,0.0,0.0,20.432,343.0,20/40/60結構佳｜續強品質佳｜主力佈局語意｜狀態升級強｜具升級旗標｜升級標籤,高優先準點火,v266.61,2026-10-01 01:22:44,24.0,洗盤不破承接｜狀態升級觸發｜狀態轉移轉強,準點火事件,具備起漲條件，可放入TEST/準IGNITION觀察。,15.594,342,v266.62,2026-10-01 01:22:46,24.0,0.0,40.0,0.0,2.56,量能安靜｜洗盤整理不破｜主力吸籌文字確認｜狀態轉移剛加速｜狀態剛升級,v266.68,2026-10-01 01:22:50,NOISE,雜訊：條件不足。,WATCH,194
2026-09-30,1451,WATCH,50,17.0,50以下,0.0,0,佈局觀察,洗盤收回 | 均線收斂 | 接近突破 | 結構尚可,False,False,True,True,False,True,9.0,A,起漲結構強,接近20日高｜40D平台收斂｜短中均線糾結｜40D低點守住｜接近/站回MA60｜MA60不再下彎｜量縮後溫和放量,平台壓縮後轉強，可優先觀察起漲/試單。,v266.57.9,9.0,無原分數欄位｜僅顯示結構前置分數,391.0,5.3,B,續強品質中,回檔不破前低｜低點墊高確認｜收盤守MA5｜回測守MA10,回檔承接尚可，若原策略入選，可優先觀察延續。,v266.57.9,6.7,0.55,0.5,GENERIC,測試排序分=原分數+結構前置分*策略權重+續強品質*策略權重；不覆蓋原策略,643.0,3.0,C,突破觀察,紅K實體放大｜收盤接近高點,有轉強跡象，但突破品質尚未完全成立。,v266.57.9,WATCH,0.55,0.35,0.75,9.055,453.0,最後後處理補寫：原分數+結構前置+續強品質+突破品質；不覆蓋原策略,0.0,,一般,7.425,v266.58.1,2026-10-01 01:22:38,突破中,4,13,準IGNITION,前狀態:觀察→今日:突破中｜狀態跳升｜具備點火條件,READY,v266.60.2,11.975,30.0,32.0,0.0,0.0,20.43,345.0,20/40/60結構佳｜續強品質佳｜主力佈局語意｜狀態升級強｜具升級旗標｜升級標籤,高優先準點火,v266.61,2026-10-01 01:22:44,24.0,洗盤不破承接｜狀態升級觸發｜狀態轉移轉強,準點火事件,具備起漲條件，可放入TEST/準IGNITION觀察。,15.582,343,v266.62,2026-10-01 01:22:46,24.0,0.0,40.0,0.0,2.56,量能安靜｜洗盤整理不破｜主力吸籌文字確認｜狀態轉移剛加速｜狀態剛升級,v266.68,2026-10-01 01:22:50,NOISE,雜訊：條件不足。,WATCH,195
2026-09-30,8908,WATCH,54,40.35,50以下,0.0,0,佈局觀察,波動壓縮 | 均線收斂 | 接近突破 | 結構尚可,True,False,False,True,False,True,9.0,A,起漲結構強,20D站上MA20｜接近20日高｜40D平台收斂｜短中均線糾結｜40D低點守住｜接近/站回MA60｜MA60不再下彎｜站回60D區間中上,平台壓縮後轉強，可優先觀察起漲/試單。,v266.57.9,9.0,無原分數欄位｜僅顯示結構前置分數,391.0,6.5,B,續強品質中,回檔不破前低｜低點墊高確認｜收盤守MA5｜續強確認：收盤未跌破MA5｜仍站MA20,回檔承接尚可，若原策略入選，可優先觀察延續。,v266.57.9,7.2,0.55,0.5,GENERIC,測試排序分=原分數+結構前置分*策略權重+續強品質*策略權重；不覆蓋原策略,568.0,3.0,C,突破觀察,收盤接近高點｜突破近5日高,有轉強跡象，但突破品質尚未完全成立。,v266.57.9,WATCH,0.55,0.35,0.75,9.475,386.0,最後後處理補寫：原分數+結構前置+續強品質+突破品質；不覆蓋原策略,0.0,,一般,7.769,v266.58.1,2026-10-01 01:22:38,突破中,4,12,準IGNITION,前狀態:突破中→今日:突破中｜強狀態維持｜強狀態連續維持｜具備點火條件,READY,v266.60.2,11.969,30.0,32.0,0.0,0.0,20.447,335.0,20/40/60結構佳｜續強品質佳｜主力佈局語意｜狀態升級強｜具升級旗標｜升級標籤,高優先準點火,v266.61,2026-10-01 01:22:44,24.0,洗盤不破承接｜狀態升級觸發｜狀態轉移轉強,準點火事件,具備起漲條件，可放入TEST/準IGNITION觀察。,15.578,344,v266.62,2026-10-01 01:22:46,24.0,0.0,40.0,0.0,2.56,量能安靜｜洗盤整理不破｜主力吸籌文字確認｜狀態轉移剛加速｜狀態剛升級,v266.68,2026-10-01 01:22:50,NOISE,雜訊：條件不足。,WATCH,196
2026-09-30,1799,WATCH,54,29.0,50以下,0.0,0,佈局觀察,波動壓縮 | 均線收斂 | 接近突破 | 結構尚可,True,False,False,True,False,True,7.0,B,起漲結構中,MA20走平翻揚｜MA5站上MA10｜40D平台收斂｜短中均線糾結｜40D低點守住｜接近/站回MA60,平台壓縮後轉強，可優先觀察起漲/試單。,v266.57.9,7.0,無原分數欄位｜僅顯示結構前置分數,710.0,6.7,B,續強品質中,回檔不破前低｜低點墊高確認｜收盤守MA5｜續強確認：收盤未跌破MA5｜MA5仍在MA10上,回檔承接尚可，若原策略入選，可優先觀察延續。,v266.57.9,6.2,0.55,0.5,GENERIC,測試排序分=原分數+結構前置分*策略權重+續強品質*策略權重；不覆蓋原策略,715.0,3.8,C,突破觀察,收盤接近高點｜突破近5日高｜短均多頭,有轉強跡象，但突破品質尚未完全成立。,v266.57.9,WATCH,0.55,0.35,0.75,9.045,455.0,最後後處理補寫：原分數+結構前置+續強品質+突破品質；不覆蓋原策略,0.0,,一般,7.417,v266.58.1,2026-10-01 01:22:38,突破中,4,13,準IGNITION,前狀態:觀察→今日:突破中｜狀態跳升｜具備點火條件,READY,v266.60.2,11.967,30.0,32.0,0.0,0.0,20.429,346.0,20/40/60結構佳｜續強品質佳｜主力佈局語意｜狀態升級強｜具升級旗標｜升級標籤,高優先準點火,v266.61,2026-10-01 01:22:44,24.0,洗盤不破承接｜狀態升級觸發｜狀態轉移轉強,準點火事件,具備起漲條件，可放入TEST/準IGNITION觀察。,15.577,345,v266.62,2026-10-01 01:22:46,24.0,0.0,40.0,0.0,2.56,量能安靜｜洗盤整理不破｜主力吸籌文字確認｜狀態轉移剛加速｜狀態剛升級,v266.68,2026-10-01 01:22:50,NOISE,雜訊：條件不足。,WATCH,197
2026-09-30,8176,WATCH,54,9.76,50以下,0.0,0,佈局觀察,波動壓縮 | 均線收斂 | 接近突破 | 結構尚可,True,False,False,True,False,True,8.0,A,起漲結構強,MA20走平翻揚｜接近20日高｜40D平台收斂｜短中均線糾結｜40D低點守住｜接近/站回MA60｜MA60不再下彎,平台壓縮後轉強，可優先觀察起漲/試單。,v266.57.9,8.0,無原分數欄位｜僅顯示結構前置分數,556.0,6.8,B,續強品質中,回檔不破前低｜低點墊高確認｜收盤守MA5｜回測守MA10｜回檔量縮,回檔承接尚可，若原策略入選，可優先觀察延續。,v266.57.9,6.9,0.55,0.5,GENERIC,測試排序分=原分數+結構前置分*策略權重+續強品質*策略權重；不覆蓋原策略,592.0,3.0,C,突破觀察,收盤接近高點｜突破近5日高,有轉強跡象，但突破品質尚未完全成立。,v266.57.9,WATCH,0.55,0.35,0.75,9.03,456.0,最後後處理補寫：原分數+結構前置+續強品質+突破品質；不覆蓋原策略,0.0,,一般,7.405,v266.58.1,2026-10-01 01:22:38,突破中,4,13,準IGNITION,前狀態:觀察→今日:突破中｜狀態跳升｜具備點火條件,READY,v266.60.2,11.955,30.0,32.0,0.0,0.0,20.428,347.0,20/40/60結構佳｜續強品質佳｜主力佈局語意｜狀態升級強｜具升級旗標｜升級標籤,高優先準點火,v266.61,2026-10-01 01:22:44,24.0,洗盤不破承接｜狀態升級觸發｜狀態轉移轉強,準點火事件,具備起漲條件，可放入TEST/準IGNITION觀察。,15.568,346,v266.62,2026-10-01 01:22:46,24.0,0.0,40.0,0.0,2.56,量能安靜｜洗盤整理不破｜主力吸籌文字確認｜狀態轉移剛加速｜狀態剛升級,v266.68,2026-10-01 01:22:50,NOISE,雜訊：條件不足。,WATCH,198
2026-09-30,2641,WATCH,54,17.5,50以下,0.0,0,佈局觀察,波動壓縮 | 均線收斂 | 接近突破 | 結構尚可,True,False,False,True,False,True,8.0,A,起漲結構強,MA20走平翻揚｜接近20日高｜40D平台收斂｜短中均線糾結｜40D低點守住｜接近/站回MA60｜MA60不再下彎,平台壓縮後轉強，可優先觀察起漲/試單。,v266.57.9,8.0,無原分數欄位｜僅顯示結構前置分數,556.0,6.8,B,續強品質中,回檔不破前低｜低點墊高確認｜收盤守MA5｜回測守MA10｜回檔量縮,回檔承接尚可，若原策略入選，可優先觀察延續。,v266.57.9,6.9,0.55,0.5,GENERIC,測試排序分=原分數+結構前置分*策略權重+續強品質*策略權重；不覆蓋原策略,592.0,3.0,C,突破觀察,收盤接近高點｜突破近5日高,有轉強跡象，但突破品質尚未完全成立。,v266.57.9,WATCH,0.55,0.35,0.75,9.03,456.0,最後後處理補寫：原分數+結構前置+續強品質+突破品質；不覆蓋原策略,0.0,,一般,7.405,v266.58.1,2026-10-01 01:22:38,突破中,4,13,準IGNITION,前狀態:觀察→今日:突破中｜狀態跳升｜具備點火條件,READY,v266.60.2,11.955,30.0,32.0,0.0,0.0,20.428,347.0,20/40/60結構佳｜續強品質佳｜主力佈局語意｜狀態升級強｜具升級旗標｜升級標籤,高優先準點火,v266.61,2026-10-01 01:22:44,24.0,洗盤不破承接｜狀態升級觸發｜狀態轉移轉強,準點火事件,具備起漲條件，可放入TEST/準IGNITION觀察。,15.568,347,v266.62,2026-10-01 01:22:46,24.0,0.0,40.0,0.0,2.56,量能安靜｜洗盤整理不破｜主力吸籌文字確認｜狀態轉移剛加速｜狀態剛升級,v266.68,2026-10-01 01:22:50,NOISE,雜訊：條件不足。,WATCH,199
2026-09-30,8070,WATCH,54,50.2,50-100,0.0,0,佈局觀察,波動壓縮 | 均線收斂 | 接近突破 | 結構尚可,True,False,False,True,False,True,8.8,A,起漲結構強,20D站上MA20｜接近20日高｜40D平台收斂｜短中均線糾結｜40D低點守住｜接近/站回MA60｜站回60D區間中上｜5D動能轉正,平台壓縮後轉強，可優先觀察起漲/試單。,v266.57.9,6.8,無原分數欄位｜僅顯示結構前置分數,813.0,8.0,A,續強品質強,回檔不破前低｜低點墊高確認｜收盤守MA5｜續強確認：收盤未跌破MA5｜回檔量縮｜仍站MA20,回檔承接尚可，若原策略入選，可優先觀察延續。,v266.57.9,5.99,0.55,0.5,GENERIC,測試排序分=原分數+結構前置分*策略權重+續強品質*策略權重；不覆蓋原策略,765.0,2.4,C,突破觀察,量能較前日放大｜MA5加速上彎,有轉強跡象，但突破品質尚未完全成立。,v266.57.9,WATCH,0.55,0.35,0.75,9.44,401.0,最後後處理補寫：原分數+結構前置+續強品質+突破品質；不覆蓋原策略,0.0,,一般,7.741,v266.58.1,2026-10-01 01:22:38,突破中,4,12,準IGNITION,前狀態:突破中→今日:突破中｜強狀態維持｜強狀態連續維持｜具備點火條件,READY,v266.60.2,11.941,30.0,32.0,0.0,0.0,20.444,337.0,20/40/60結構佳｜續強品質佳｜主力佈局語意｜狀態升級強｜具升級旗標｜升級標籤,高優先準點火,v266.61,2026-10-01 01:22:44,24.0,洗盤不破承接｜狀態升級觸發｜狀態轉移轉強,準點火事件,具備起漲條件，可放入TEST/準IGNITION觀察。,15.559,348,v266.62,2026-10-01 01:22:46,24.0,0.0,40.0,0.0,2.56,量能安靜｜洗盤整理不破｜主力吸籌文字確認｜狀態轉移剛加速｜狀態剛升級,v266.68,2026-10-01 01:22:50,NOISE,雜訊：條件不足。,WATCH,200
2026-09-30,6185,WATCH,54,12.5,50以下,0.0,0,佈局觀察,波動壓縮 | 均線收斂 | 接近突破 | 結構尚可,True,False,False,True,False,True,8.0,A,起漲結構強,MA20走平翻揚｜MA5站上MA10｜接近20日高｜40D平台收斂｜短中均線糾結｜40D低點守住｜接近/站回MA60,平台壓縮後轉強，可優先觀察起漲/試單。,v266.57.9,8.0,無原分數欄位｜僅顯示結構前置分數,556.0,8.2,A,續強品質強,回檔不破前低｜低點墊高確認｜收盤守MA5｜續強確認：收盤未跌破MA5｜回檔量縮｜MA5仍在MA10上,回檔承接尚可，若原策略入選，可優先觀察延續。,v266.57.9,7.5,0.55,0.5,GENERIC,測試排序分=原分數+結構前置分*策略權重+續強品質*策略權重；不覆蓋原策略,493.0,2.3,C,突破觀察,收盤接近高點｜短均多頭,有轉強跡象，但突破品質尚未完全成立。,v266.57.9,WATCH,0.55,0.35,0.75,8.995,461.0,最後後處理補寫：原分數+結構前置+續強品質+突破品質；不覆蓋原策略,0.0,,一般,7.376,v266.58.1,2026-10-01 01:22:38,突破中,4,13,準IGNITION,前狀態:觀察→今日:突破中｜狀態跳升｜具備點火條件,READY,v266.60.2,11.926,30.0,32.0,0.0,0.0,20.425,349.0,20/40/60結構佳｜續強品質佳｜主力佈局語意｜狀態升級強｜具升級旗標｜升級標籤,高優先準點火,v266.61,2026-10-01 01:22:44,24.0,洗盤不破承接｜狀態升級觸發｜狀態轉移轉強,準點火事件,具備起漲條件，可放入TEST/準IGNITION觀察。,15.548,349,v266.62,2026-10-01 01:22:46,24.0,0.0,40.0,0.0,2.56,量能安靜｜洗盤整理不破｜主力吸籌文字確認｜狀態轉移剛加速｜狀態剛升級,v266.68,2026-10-01 01:22:50,NOISE,雜訊：條件不足。,WATCH,201
2026-09-30,3563,WATCH,56,807.0,500-1000,0.0,0,佈局觀察,波動壓縮 | 安靜吸籌 | 放量吸收 | 結構尚可,True,True,False,False,True,False,9.6,A,起漲結構強,20D站上MA20｜MA20走平翻揚｜MA5站上MA10｜接近20日高｜40D平台收斂｜40D低點守住｜接近/站回MA60｜MA60不再下彎｜站回60D區間中上｜5D動能轉正｜10D動能轉正｜扣分:單日爆量偏高,平台壓縮後轉強，可優先觀察起漲/試單。,v266.57.9,9.6,無原分數欄位｜僅顯示結構前置分數,365.0,7.5,A,續強品質強,回檔不破前低｜低點墊高確認｜收盤守MA5｜續強確認：收盤未跌破MA5｜MA5仍在MA10上｜仍站MA20｜10D動能維持｜扣分:回檔量放大,回檔承接尚可，若原策略入選，可優先觀察延續。,v266.57.9,8.03,0.55,0.5,GENERIC,測試排序分=原分數+結構前置分*策略權重+續強品質*策略權重；不覆蓋原策略,370.0,2.0,C,突破觀察,MA5加速上彎｜短均多頭,有轉強跡象，但突破品質尚未完全成立。,v266.57.9,WATCH,0.55,0.35,0.75,9.405,406.0,最後後處理補寫：原分數+結構前置+續強品質+突破品質；不覆蓋原策略,0.0,,一般,7.712,v266.58.1,2026-10-01 01:22:38,突破中,4,12,準IGNITION,前狀態:突破中→今日:突破中｜強狀態維持｜強狀態連續維持｜具備點火條件,READY,v266.60.2,11.912,30.0,32.0,0.0,0.0,20.441,338.0,20/40/60結構佳｜續強品質佳｜主力佈局語意｜狀態升級強｜具升級旗標｜升級標籤,高優先準點火,v266.61,2026-10-01 01:22:44,24.0,洗盤不破承接｜狀態升級觸發｜狀態轉移轉強,準點火事件,具備起漲條件，可放入TEST/準IGNITION觀察。,15.538,350,v266.62,2026-10-01 01:22:46,24.0,0.0,40.0,0.0,2.56,量能安靜｜洗盤整理不破｜主力吸籌文字確認｜狀態轉移剛加速｜狀態剛升級,v266.68,2026-10-01 01:22:50,NOISE,雜訊：條件不足。,WATCH,202
2026-09-30,4160,WATCH,54,39.1,50以下,0.0,0,佈局觀察,波動壓縮 | 均線收斂 | 接近突破 | 結構尚可,True,False,False,True,False,True,9.0,A,起漲結構強,MA20走平翻揚｜MA5站上MA10｜接近20日高｜40D平台收斂｜短中均線糾結｜40D低點守住｜接近/站回MA60｜MA60不再下彎,平台壓縮後轉強，可優先觀察起漲/試單。,v266.57.9,9.0,無原分數欄位｜僅顯示結構前置分數,391.0,6.5,B,續強品質中,回檔不破前低｜低點墊高確認｜收盤守MA5｜回測守MA10｜MA5仍在MA10上,回檔承接尚可，若原策略入選，可優先觀察延續。,v266.57.9,7.3,0.55,0.5,GENERIC,測試排序分=原分數+結構前置分*策略權重+續強品質*策略權重；不覆蓋原策略,542.0,2.3,C,突破觀察,收盤接近高點｜短均多頭,有轉強跡象，但突破品質尚未完全成立。,v266.57.9,WATCH,0.55,0.35,0.75,8.95,462.0,最後後處理補寫：原分數+結構前置+續強品質+突破品質；不覆蓋原策略,0.0,,一般,7.339,v266.58.1,2026-10-01 01:22:38,突破中,4,13,準IGNITION,前狀態:觀察→今日:突破中｜狀態跳升｜具備點火條件,READY,v266.60.2,11.889,30.0,32.0,0.0,0.0,20.421,350.0,20/40/60結構佳｜續強品質佳｜主力佈局語意｜狀態升級強｜具升級旗標｜升級標籤,高優先準點火,v266.61,2026-10-01 01:22:44,24.0,洗盤不破承接｜狀態升級觸發｜狀態轉移轉強,準點火事件,具備起漲條件，可放入TEST/準IGNITION觀察。,15.522,351,v266.62,2026-10-01 01:22:46,24.0,0.0,40.0,0.0,2.56,量能安靜｜洗盤整理不破｜主力吸籌文字確認｜狀態轉移剛加速｜狀態剛升級,v266.68,2026-10-01 01:22:50,NOISE,雜訊：條件不足。,WATCH,203
2026-09-30,3531,WATCH,54,20.9,50以下,0.0,0,佈局觀察,波動壓縮 | 均線收斂 | 接近突破 | 結構尚可,True,False,False,True,False,True,9.0,A,起漲結構強,MA20走平翻揚｜MA5站上MA10｜接近20日高｜40D平台收斂｜短中均線糾結｜40D低點守住｜接近/站回MA60｜MA60不再下彎,平台壓縮後轉強，可優先觀察起漲/試單。,v266.57.9,9.0,無原分數欄位｜僅顯示結構前置分數,391.0,6.5,B,續強品質中,回檔不破前低｜低點墊高確認｜收盤守MA5｜回測守MA10｜MA5仍在MA10上,回檔承接尚可，若原策略入選，可優先觀察延續。,v266.57.9,7.3,0.55,0.5,GENERIC,測試排序分=原分數+結構前置分*策略權重+續強品質*策略權重；不覆蓋原策略,542.0,2.3,C,突破觀察,收盤接近高點｜短均多頭,有轉強跡象，但突破品質尚未完全成立。,v266.57.9,WATCH,0.55,0.35,0.75,8.95,462.0,最後後處理補寫：原分數+結構前置+續強品質+突破品質；不覆蓋原策略,0.0,,一般,7.339,v266.58.1,2026-10-01 01:22:38,突破中,4,13,準IGNITION,前狀態:觀察→今日:突破中｜狀態跳升｜具備點火條件,READY,v266.60.2,11.889,30.0,32.0,0.0,0.0,20.421,350.0,20/40/60結構佳｜續強品質佳｜主力佈局語意｜狀態升級強｜具升級旗標｜升級標籤,高優先準點火,v266.61,2026-10-01 01:22:44,24.0,洗盤不破承接｜狀態升級觸發｜狀態轉移轉強,準點火事件,具備起漲條件，可放入TEST/準IGNITION觀察。,15.522,352,v266.62,2026-10-01 01:22:46,24.0,0.0,40.0,0.0,2.56,量能安靜｜洗盤整理不破｜主力吸籌文字確認｜狀態轉移剛加速｜狀態剛升級,v266.68,2026-10-01 01:22:50,NOISE,雜訊：條件不足。,WATCH,204
2026-09-30,8107,WATCH,54,12.0,50以下,0.0,0,佈局觀察,波動壓縮 | 均線收斂 | 接近突破 | 結構尚可,True,False,False,True,False,True,9.0,A,起漲結構強,MA20走平翻揚｜MA5站上MA10｜接近20日高｜40D平台收斂｜短中均線糾結｜40D低點守住｜接近/站回MA60｜MA60不再下彎,平台壓縮後轉強，可優先觀察起漲/試單。,v266.57.9,9.0,無原分數欄位｜僅顯示結構前置分數,391.0,6.5,B,續強品質中,回檔不破前低｜低點墊高確認｜收盤守MA5｜回測守MA10｜MA5仍在MA10上,回檔承接尚可，若原策略入選，可優先觀察延續。,v266.57.9,7.3,0.55,0.5,GENERIC,測試排序分=原分數+結構前置分*策略權重+續強品質*策略權重；不覆蓋原策略,542.0,2.3,C,突破觀察,收盤接近高點｜短均多頭,有轉強跡象，但突破品質尚未完全成立。,v266.57.9,WATCH,0.55,0.35,0.75,8.95,462.0,最後後處理補寫：原分數+結構前置+續強品質+突破品質；不覆蓋原策略,0.0,,一般,7.339,v266.58.1,2026-10-01 01:22:38,突破中,4,13,準IGNITION,前狀態:觀察→今日:突破中｜狀態跳升｜具備點火條件,READY,v266.60.2,11.889,30.0,32.0,0.0,0.0,20.421,350.0,20/40/60結構佳｜續強品質佳｜主力佈局語意｜狀態升級強｜具升級旗標｜升級標籤,高優先準點火,v266.61,2026-10-01 01:22:44,24.0,洗盤不破承接｜狀態升級觸發｜狀態轉移轉強,準點火事件,具備起漲條件，可放入TEST/準IGNITION觀察。,15.522,353,v266.62,2026-10-01 01:22:46,24.0,0.0,40.0,0.0,2.56,量能安靜｜洗盤整理不破｜主力吸籌文字確認｜狀態轉移剛加速｜狀態剛升級,v266.68,2026-10-01 01:22:50,NOISE,雜訊：條件不足。,WATCH,205
2026-09-30,6243,WATCH,54,39.5,50以下,0.0,0,佈局觀察,波動壓縮 | 均線收斂 | 接近突破 | 結構尚可,True,False,False,True,False,True,7.1,B,起漲結構中,20D站上MA20｜MA5站上MA10｜短中均線糾結｜量縮後溫和放量｜5D動能轉正｜10D動能轉正,平台壓縮後轉強，可優先觀察起漲/試單。,v266.57.9,7.1,無原分數欄位｜僅顯示結構前置分數,708.0,7.5,A,續強品質強,回檔不破前低｜低點墊高確認｜收盤守MA5｜續強確認：收盤未跌破MA5｜MA5仍在MA10上｜仍站MA20｜10D動能維持｜扣分:回檔量放大,回檔承接尚可，若原策略入選，可優先觀察延續。,v266.57.9,6.655,0.55,0.5,GENERIC,測試排序分=原分數+結構前置分*策略權重+續強品質*策略權重；不覆蓋原策略,659.0,3.2,C,突破觀察,量能較前日放大｜MA5加速上彎｜短均多頭,有轉強跡象，但突破品質尚未完全成立。,v266.57.9,WATCH,0.55,0.35,0.75,8.93,465.0,最後後處理補寫：原分數+結構前置+續強品質+突破品質；不覆蓋原策略,0.0,,一般,7.323,v266.58.1,2026-10-01 01:22:38,突破中,4,13,準IGNITION,前狀態:觀察→今日:突破中｜狀態跳升｜具備點火條件,READY,v266.60.2,11.873,30.0,32.0,0.0,0.0,20.42,353.0,20/40/60結構佳｜續強品質佳｜主力佈局語意｜狀態升級強｜具升級旗標｜升級標籤,高優先準點火,v266.61,2026-10-01 01:22:44,24.0,洗盤不破承接｜狀態升級觸發｜狀態轉移轉強,準點火事件,具備起漲條件，可放入TEST/準IGNITION觀察。,15.511,354,v266.62,2026-10-01 01:22:46,24.0,0.0,40.0,0.0,2.56,量能安靜｜洗盤整理不破｜主力吸籌文字確認｜狀態轉移剛加速｜狀態剛升級,v266.68,2026-10-01 01:22:50,NOISE,雜訊：條件不足。,WATCH,206
2026-09-30,6248,WATCH,54,17.15,50以下,0.0,0,佈局觀察,波動壓縮 | 均線收斂 | 接近突破 | 結構尚可,True,False,False,True,False,True,8.0,A,起漲結構強,20D站上MA20｜MA20走平翻揚｜接近20日高｜40D平台收斂｜短中均線糾結｜40D低點守住｜接近/站回MA60,平台壓縮後轉強，可優先觀察起漲/試單。,v266.57.9,8.0,無原分數欄位｜僅顯示結構前置分數,556.0,6.5,B,續強品質中,回檔不破前低｜低點墊高確認｜收盤守MA5｜續強確認：收盤未跌破MA5｜仍站MA20,回檔承接尚可，若原策略入選，可優先觀察延續。,v266.57.9,6.65,0.55,0.5,GENERIC,測試排序分=原分數+結構前置分*策略權重+續強品質*策略權重；不覆蓋原策略,660.0,3.0,C,突破觀察,收盤接近高點｜突破近5日高,有轉強跡象，但突破品質尚未完全成立。,v266.57.9,WATCH,0.55,0.35,0.75,8.925,467.0,最後後處理補寫：原分數+結構前置+續強品質+突破品質；不覆蓋原策略,0.0,,一般,7.318,v266.58.1,2026-10-01 01:22:38,突破中,4,13,準IGNITION,前狀態:觀察→今日:突破中｜狀態跳升｜具備點火條件,READY,v266.60.2,11.868,30.0,32.0,0.0,0.0,20.419,354.0,20/40/60結構佳｜續強品質佳｜主力佈局語意｜狀態升級強｜具升級旗標｜升級標籤,高優先準點火,v266.61,2026-10-01 01:22:44,24.0,洗盤不破承接｜狀態升級觸發｜狀態轉移轉強,準點火事件,具備起漲條件，可放入TEST/準IGNITION觀察。,15.508,355,v266.62,2026-10-01 01:22:46,24.0,0.0,40.0,0.0,2.56,量能安靜｜洗盤整理不破｜主力吸籌文字確認｜狀態轉移剛加速｜狀態剛升級,v266.68,2026-10-01 01:22:50,NOISE,雜訊：條件不足。,WATCH,207
2026-09-30,8088,WATCH,54,44.4,50以下,0.0,0,佈局觀察,波動壓縮 | 均線收斂 | 接近突破 | 結構尚可,True,False,False,True,False,True,8.0,A,起漲結構強,20D站上MA20｜MA20走平翻揚｜接近20日高｜40D平台收斂｜短中均線糾結｜40D低點守住｜接近/站回MA60,平台壓縮後轉強，可優先觀察起漲/試單。,v266.57.9,8.0,無原分數欄位｜僅顯示結構前置分數,556.0,6.5,B,續強品質中,回檔不破前低｜低點墊高確認｜收盤守MA5｜續強確認：收盤未跌破MA5｜仍站MA20,回檔承接尚可，若原策略入選，可優先觀察延續。,v266.57.9,6.65,0.55,0.5,GENERIC,測試排序分=原分數+結構前置分*策略權重+續強品質*策略權重；不覆蓋原策略,660.0,3.0,C,突破觀察,收盤接近高點｜突破近5日高,有轉強跡象，但突破品質尚未完全成立。,v266.57.9,WATCH,0.55,0.35,0.75,8.925,467.0,最後後處理補寫：原分數+結構前置+續強品質+突破品質；不覆蓋原策略,0.0,,一般,7.318,v266.58.1,2026-10-01 01:22:38,突破中,4,13,準IGNITION,前狀態:觀察→今日:突破中｜狀態跳升｜具備點火條件,READY,v266.60.2,11.868,30.0,32.0,0.0,0.0,20.419,354.0,20/40/60結構佳｜續強品質佳｜主力佈局語意｜狀態升級強｜具升級旗標｜升級標籤,高優先準點火,v266.61,2026-10-01 01:22:44,24.0,洗盤不破承接｜狀態升級觸發｜狀態轉移轉強,準點火事件,具備起漲條件，可放入TEST/準IGNITION觀察。,15.508,356,v266.62,2026-10-01 01:22:46,24.0,0.0,40.0,0.0,2.56,量能安靜｜洗盤整理不破｜主力吸籌文字確認｜狀態轉移剛加速｜狀態剛升級,v266.68,2026-10-01 01:22:50,NOISE,雜訊：條件不足。,WATCH,208
2026-09-30,2235,WATCH,54,28.0,50以下,0.0,0,佈局觀察,波動壓縮 | 均線收斂 | 接近突破 | 結構尚可,True,False,False,True,False,True,8.0,A,起漲結構強,MA20走平翻揚｜MA5站上MA10｜接近20日高｜40D平台收斂｜短中均線糾結｜40D低點守住｜接近/站回MA60,平台壓縮後轉強，可優先觀察起漲/試單。,v266.57.9,8.0,無原分數欄位｜僅顯示結構前置分數,556.0,8.0,A,續強品質強,回檔不破前低｜低點墊高確認｜收盤守MA5｜回測守MA10｜回檔量縮｜MA5仍在MA10上,回檔承接尚可，若原策略入選，可優先觀察延續。,v266.57.9,7.5,0.55,0.5,GENERIC,測試排序分=原分數+結構前置分*策略權重+續強品質*策略權重；不覆蓋原策略,493.0,2.3,C,突破觀察,收盤接近高點｜短均多頭,有轉強跡象，但突破品質尚未完全成立。,v266.57.9,WATCH,0.55,0.35,0.75,8.925,467.0,最後後處理補寫：原分數+結構前置+續強品質+突破品質；不覆蓋原策略,0.0,,一般,7.318,v266.58.1,2026-10-01 01:22:38,突破中,4,13,準IGNITION,前狀態:觀察→今日:突破中｜狀態跳升｜具備點火條件,READY,v266.60.2,11.868,30.0,32.0,0.0,0.0,20.419,354.0,20/40/60結構佳｜續強品質佳｜主力佈局語意｜狀態升級強｜具升級旗標｜升級標籤,高優先準點火,v266.61,2026-10-01 01:22:44,24.0,洗盤不破承接｜狀態升級觸發｜狀態轉移轉強,準點火事件,具備起漲條件，可放入TEST/準IGNITION觀察。,15.508,357,v266.62,2026-10-01 01:22:46,24.0,0.0,40.0,0.0,2.56,量能安靜｜洗盤整理不破｜主力吸籌文字確認｜狀態轉移剛加速｜狀態剛升級,v266.68,2026-10-01 01:22:50,NOISE,雜訊：條件不足。,WATCH,209
2026-09-30,8071,WATCH,54,22.05,50以下,0.0,0,佈局觀察,波動壓縮 | 均線收斂 | 接近突破 | 結構尚可,True,False,False,True,False,True,7.0,B,起漲結構中,20D站上MA20｜MA20走平翻揚｜40D平台收斂｜短中均線糾結｜40D低點守住｜接近/站回MA60,平台壓縮後轉強，可優先觀察起漲/試單。,v266.57.9,7.0,無原分數欄位｜僅顯示結構前置分數,710.0,8.0,A,續強品質強,回檔不破前低｜低點墊高確認｜收盤守MA5｜續強確認：收盤未跌破MA5｜回檔量縮｜仍站MA20,回檔承接尚可，若原策略入選，可優先觀察延續。,v266.57.9,6.85,0.55,0.5,GENERIC,測試排序分=原分數+結構前置分*策略權重+續強品質*策略權重；不覆蓋原策略,612.0,3.0,C,突破觀察,收盤接近高點｜突破近5日高,有轉強跡象，但突破品質尚未完全成立。,v266.57.9,WATCH,0.55,0.35,0.75,8.9,473.0,最後後處理補寫：原分數+結構前置+續強品質+突破品質；不覆蓋原策略,0.0,,一般,7.298,v266.58.1,2026-10-01 01:22:38,突破中,4,13,準IGNITION,前狀態:觀察→今日:突破中｜狀態跳升｜具備點火條件,READY,v266.60.2,11.848,30.0,32.0,0.0,0.0,20.417,357.0,20/40/60結構佳｜續強品質佳｜主力佈局語意｜狀態升級強｜具升級旗標｜升級標籤,高優先準點火,v266.61,2026-10-01 01:22:44,24.0,洗盤不破承接｜狀態升級觸發｜狀態轉移轉強,準點火事件,具備起漲條件，可放入TEST/準IGNITION觀察。,15.494,358,v266.62,2026-10-01 01:22:46,24.0,0.0,40.0,0.0,2.56,量能安靜｜洗盤整理不破｜主力吸籌文字確認｜狀態轉移剛加速｜狀態剛升級,v266.68,2026-10-01 01:22:50,NOISE,雜訊：條件不足。,WATCH,210
2026-09-30,6125,WATCH,54,49.9,50以下,0.0,0,佈局觀察,波動壓縮 | 均線收斂 | 接近突破 | 結構尚可,True,False,False,True,False,True,7.0,B,起漲結構中,20D站上MA20｜MA20走平翻揚｜接近20日高｜40D平台收斂｜短中均線糾結｜接近/站回MA60,平台壓縮後轉強，可優先觀察起漲/試單。,v266.57.9,7.0,無原分數欄位｜僅顯示結構前置分數,710.0,8.0,A,續強品質強,回檔不破前低｜低點墊高確認｜收盤守MA5｜續強確認：收盤未跌破MA5｜回檔量縮｜仍站MA20,回檔承接尚可，若原策略入選，可優先觀察延續。,v266.57.9,6.85,0.55,0.5,GENERIC,測試排序分=原分數+結構前置分*策略權重+續強品質*策略權重；不覆蓋原策略,612.0,3.0,C,突破觀察,收盤接近高點｜突破近5日高,有轉強跡象，但突破品質尚未完全成立。,v266.57.9,WATCH,0.55,0.35,0.75,8.9,473.0,最後後處理補寫：原分數+結構前置+續強品質+突破品質；不覆蓋原策略,0.0,,一般,7.298,v266.58.1,2026-10-01 01:22:38,突破中,4,13,準IGNITION,前狀態:觀察→今日:突破中｜狀態跳升｜具備點火條件,READY,v266.60.2,11.848,30.0,32.0,0.0,0.0,20.417,357.0,20/40/60結構佳｜續強品質佳｜主力佈局語意｜狀態升級強｜具升級旗標｜升級標籤,高優先準點火,v266.61,2026-10-01 01:22:44,24.0,洗盤不破承接｜狀態升級觸發｜狀態轉移轉強,準點火事件,具備起漲條件，可放入TEST/準IGNITION觀察。,15.494,359,v266.62,2026-10-01 01:22:46,24.0,0.0,40.0,0.0,2.56,量能安靜｜洗盤整理不破｜主力吸籌文字確認｜狀態轉移剛加速｜狀態剛升級,v266.68,2026-10-01 01:22:50,NOISE,雜訊：條件不足。,WATCH,211
2026-09-30,3526,WATCH,54,272.0,100-500,0.0,0,佈局觀察,波動壓縮 | 均線收斂 | 接近突破 | 結構尚可,True,False,False,True,False,True,7.0,B,起漲結構中,20D站上MA20｜MA20走平翻揚｜40D平台收斂｜短中均線糾結｜40D低點守住｜接近/站回MA60,平台壓縮後轉強，可優先觀察起漲/試單。,v266.57.9,7.0,無原分數欄位｜僅顯示結構前置分數,710.0,8.0,A,續強品質強,回檔不破前低｜低點墊高確認｜收盤守MA5｜續強確認：收盤未跌破MA5｜回檔量縮｜仍站MA20,回檔承接尚可，若原策略入選，可優先觀察延續。,v266.57.9,6.85,0.55,0.5,GENERIC,測試排序分=原分數+結構前置分*策略權重+續強品質*策略權重；不覆蓋原策略,612.0,3.0,C,突破觀察,收盤接近高點｜突破近5日高,有轉強跡象，但突破品質尚未完全成立。,v266.57.9,WATCH,0.55,0.35,0.75,8.9,473.0,最後後處理補寫：原分數+結構前置+續強品質+突破品質；不覆蓋原策略,0.0,,一般,7.298,v266.58.1,2026-10-01 01:22:38,突破中,4,13,準IGNITION,前狀態:觀察→今日:突破中｜狀態跳升｜具備點火條件,READY,v266.60.2,11.848,30.0,32.0,0.0,0.0,20.417,357.0,20/40/60結構佳｜續強品質佳｜主力佈局語意｜狀態升級強｜具升級旗標｜升級標籤,高優先準點火,v266.61,2026-10-01 01:22:44,24.0,洗盤不破承接｜狀態升級觸發｜狀態轉移轉強,準點火事件,具備起漲條件，可放入TEST/準IGNITION觀察。,15.494,360,v266.62,2026-10-01 01:22:46,24.0,0.0,40.0,0.0,2.56,量能安靜｜洗盤整理不破｜主力吸籌文字確認｜狀態轉移剛加速｜狀態剛升級,v266.68,2026-10-01 01:22:50,NOISE,雜訊：條件不足。,WATCH,212
2026-09-30,3630,WATCH,54,26.95,50以下,0.0,0,佈局觀察,波動壓縮 | 均線收斂 | 接近突破 | 結構尚可,True,False,False,True,False,True,9.0,A,起漲結構強,20D站上MA20｜MA20走平翻揚｜MA5站上MA10｜40D平台收斂｜短中均線糾結｜40D低點守住｜接近/站回MA60｜站回60D區間中上,平台壓縮後轉強，可優先觀察起漲/試單。,v266.57.9,9.0,無原分數欄位｜僅顯示結構前置分數,391.0,7.5,A,續強品質強,回檔不破前低｜低點墊高確認｜收盤守MA5｜回測守MA10｜MA5仍在MA10上｜仍站MA20,回檔承接尚可，若原策略入選，可優先觀察延續。,v266.57.9,7.8,0.55,0.5,GENERIC,測試排序分=原分數+結構前置分*策略權重+續強品質*策略權重；不覆蓋原策略,424.0,2.3,C,突破觀察,收盤接近高點｜短均多頭,有轉強跡象，但突破品質尚未完全成立。,v266.57.9,WATCH,0.55,0.35,0.75,9.3,432.0,最後後處理補寫：原分數+結構前置+續強品質+突破品質；不覆蓋原策略,0.0,,一般,7.626,v266.58.1,2026-10-01 01:22:38,突破中,4,12,準IGNITION,前狀態:突破中→今日:突破中｜強狀態維持｜強狀態連續維持｜具備點火條件,READY,v266.60.2,11.826,30.0,32.0,0.0,0.0,20.433,342.0,20/40/60結構佳｜續強品質佳｜主力佈局語意｜狀態升級強｜具升級旗標｜升級標籤,高優先準點火,v266.61,2026-10-01 01:22:44,24.0,洗盤不破承接｜狀態升級觸發｜狀態轉移轉強,準點火事件,具備起漲條件，可放入TEST/準IGNITION觀察。,15.478,361,v266.62,2026-10-01 01:22:46,24.0,0.0,40.0,0.0,2.56,量能安靜｜洗盤整理不破｜主力吸籌文字確認｜狀態轉移剛加速｜狀態剛升級,v266.68,2026-10-01 01:22:50,NOISE,雜訊：條件不足。,WATCH,213
2026-09-30,2634,WATCH,54,64.0,50-100,0.0,0,佈局觀察,波動壓縮 | 均線收斂 | 接近突破 | 結構尚可,True,False,False,True,False,True,8.6,A,起漲結構強,40D平台收斂｜短中均線糾結｜40D低點守住｜接近/站回MA60｜MA60不再下彎｜近5日量縮｜5D動能轉正｜10D動能轉正,平台壓縮後轉強，可優先觀察起漲/試單。,v266.57.9,8.6,無原分數欄位｜僅顯示結構前置分數,538.0,6.5,B,續強品質中,回檔不破前低｜低點墊高確認｜收盤守MA5｜續強確認：收盤未跌破MA5｜10D動能維持,回檔承接尚可，若原策略入選，可優先觀察延續。,v266.57.9,6.98,0.55,0.5,GENERIC,測試排序分=原分數+結構前置分*策略權重+續強品質*策略權重；不覆蓋原策略,589.0,2.4,C,突破觀察,量能較前日放大｜MA5加速上彎,有轉強跡象，但突破品質尚未完全成立。,v266.57.9,WATCH,0.55,0.35,0.75,8.805,492.0,最後後處理補寫：原分數+結構前置+續強品質+突破品質；不覆蓋原策略,0.0,,一般,7.22,v266.58.1,2026-10-01 01:22:38,突破中,4,13,準IGNITION,前狀態:觀察→今日:突破中｜狀態跳升｜具備點火條件,READY,v266.60.2,11.77,30.0,32.0,0.0,0.0,20.41,361.0,20/40/60結構佳｜續強品質佳｜主力佈局語意｜狀態升級強｜具升級旗標｜升級標籤,高優先準點火,v266.61,2026-10-01 01:22:44,24.0,洗盤不破承接｜狀態升級觸發｜狀態轉移轉強,準點火事件,具備起漲條件，可放入TEST/準IGNITION觀察。,15.439,362,v266.62,2026-10-01 01:22:46,24.0,0.0,40.0,0.0,2.56,量能安靜｜洗盤整理不破｜主力吸籌文字確認｜狀態轉移剛加速｜狀態剛升級,v266.68,2026-10-01 01:22:50,NOISE,雜訊：條件不足。,WATCH,214
2026-09-30,1784,WATCH,54,61.2,50-100,0.0,0,佈局觀察,波動壓縮 | 均線收斂 | 接近突破 | 結構尚可,True,False,False,True,False,True,8.0,A,起漲結構強,20D站上MA20｜MA5站上MA10｜接近20日高｜40D平台收斂｜短中均線糾結｜40D低點守住｜接近/站回MA60,平台壓縮後轉強，可優先觀察起漲/試單。,v266.57.9,8.0,無原分數欄位｜僅顯示結構前置分數,556.0,7.5,A,續強品質強,回檔不破前低｜低點墊高確認｜收盤守MA5｜回測守MA10｜MA5仍在MA10上｜仍站MA20,回檔承接尚可，若原策略入選，可優先觀察延續。,v266.57.9,7.25,0.55,0.5,GENERIC,測試排序分=原分數+結構前置分*策略權重+續強品質*策略權重；不覆蓋原策略,550.0,2.3,C,突破觀察,收盤接近高點｜短均多頭,有轉強跡象，但突破品質尚未完全成立。,v266.57.9,WATCH,0.55,0.35,0.75,8.75,502.0,最後後處理補寫：原分數+結構前置+續強品質+突破品質；不覆蓋原策略,0.0,,一般,7.175,v266.58.1,2026-10-01 01:22:38,突破中,4,13,準IGNITION,前狀態:觀察→今日:突破中｜狀態跳升｜具備點火條件,READY,v266.60.2,11.725,30.0,32.0,0.0,0.0,20.405,362.0,20/40/60結構佳｜續強品質佳｜主力佈局語意｜狀態升級強｜具升級旗標｜升級標籤,高優先準點火,v266.61,2026-10-01 01:22:44,24.0,洗盤不破承接｜狀態升級觸發｜狀態轉移轉強,準點火事件,具備起漲條件，可放入TEST/準IGNITION觀察。,15.407,363,v266.62,2026-10-01 01:22:46,24.0,0.0,40.0,0.0,2.56,量能安靜｜洗盤整理不破｜主力吸籌文字確認｜狀態轉移剛加速｜狀態剛升級,v266.68,2026-10-01 01:22:50,NOISE,雜訊：條件不足。,WATCH,215
2026-09-30,6856,WATCH,54,42.0,50以下,0.0,0,佈局觀察,波動壓縮 | 均線收斂 | 接近突破 | 結構尚可,True,False,False,True,False,True,8.0,A,起漲結構強,20D站上MA20｜MA20走平翻揚｜MA5站上MA10｜40D平台收斂｜短中均線糾結｜40D低點守住｜接近/站回MA60,平台壓縮後轉強，可優先觀察起漲/試單。,v266.57.9,8.0,無原分數欄位｜僅顯示結構前置分數,556.0,7.5,A,續強品質強,回檔不破前低｜低點墊高確認｜收盤守MA5｜回測守MA10｜MA5仍在MA10上｜仍站MA20,回檔承接尚可，若原策略入選，可優先觀察延續。,v266.57.9,7.25,0.55,0.5,GENERIC,測試排序分=原分數+結構前置分*策略權重+續強品質*策略權重；不覆蓋原策略,550.0,2.3,C,突破觀察,收盤接近高點｜短均多頭,有轉強跡象，但突破品質尚未完全成立。,v266.57.9,WATCH,0.55,0.35,0.75,8.75,502.0,最後後處理補寫：原分數+結構前置+續強品質+突破品質；不覆蓋原策略,0.0,,一般,7.175,v266.58.1,2026-10-01 01:22:38,突破中,4,13,準IGNITION,前狀態:觀察→今日:突破中｜狀態跳升｜具備點火條件,READY,v266.60.2,11.725,30.0,32.0,0.0,0.0,20.405,362.0,20/40/60結構佳｜續強品質佳｜主力佈局語意｜狀態升級強｜具升級旗標｜升級標籤,高優先準點火,v266.61,2026-10-01 01:22:44,24.0,洗盤不破承接｜狀態升級觸發｜狀態轉移轉強,準點火事件,具備起漲條件，可放入TEST/準IGNITION觀察。,15.407,364,v266.62,2026-10-01 01:22:46,24.0,0.0,40.0,0.0,2.56,量能安靜｜洗盤整理不破｜主力吸籌文字確認｜狀態轉移剛加速｜狀態剛升級,v266.68,2026-10-01 01:22:50,NOISE,雜訊：條件不足。,WATCH,216
2026-09-30,6754,WATCH,54,41.5,50以下,0.0,0,佈局觀察,波動壓縮 | 均線收斂 | 接近突破 | 結構尚可,True,False,False,True,False,True,8.0,A,起漲結構強,MA5站上MA10｜40D平台收斂｜短中均線糾結｜40D低點守住｜接近/站回MA60｜量縮後溫和放量,平台壓縮後轉強，可優先觀察起漲/試單。,v266.57.9,8.0,無原分數欄位｜僅顯示結構前置分數,556.0,8.0,A,續強品質強,回檔不破前低｜低點墊高確認｜收盤守MA5｜回測守MA10｜回檔量縮｜MA5仍在MA10上,回檔承接尚可，若原策略入選，可優先觀察延續。,v266.57.9,7.5,0.55,0.5,GENERIC,測試排序分=原分數+結構前置分*策略權重+續強品質*策略權重；不覆蓋原策略,493.0,2.0,C,突破觀察,量能較前日放大｜短均多頭,有轉強跡象，但突破品質尚未完全成立。,v266.57.9,WATCH,0.55,0.35,0.75,8.7,510.0,最後後處理補寫：原分數+結構前置+續強品質+突破品質；不覆蓋原策略,0.0,,一般,7.134,v266.58.1,2026-10-01 01:22:38,突破中,4,13,準IGNITION,前狀態:觀察→今日:突破中｜狀態跳升｜具備點火條件,READY,v266.60.2,11.684,30.0,32.0,0.0,0.0,20.401,364.0,20/40/60結構佳｜續強品質佳｜主力佈局語意｜狀態升級強｜具升級旗標｜升級標籤,高優先準點火,v266.61,2026-10-01 01:22:44,24.0,洗盤不破承接｜狀態升級觸發｜狀態轉移轉強,準點火事件,具備起漲條件，可放入TEST/準IGNITION觀察。,15.379,365,v266.62,2026-10-01 01:22:46,24.0,0.0,40.0,0.0,2.56,量能安靜｜洗盤整理不破｜主力吸籌文字確認｜狀態轉移剛加速｜狀態剛升級,v266.68,2026-10-01 01:22:50,NOISE,雜訊：條件不足。,WATCH,217
2026-09-30,4924,WATCH,54,16.5,50以下,0.0,0,佈局觀察,波動壓縮 | 均線收斂 | 接近突破 | 結構尚可,True,False,False,True,False,True,8.5,A,起漲結構強,20D站上MA20｜MA20走平翻揚｜MA5站上MA10｜短中均線糾結｜40D低點守住｜接近/站回MA60｜MA60不再下彎｜站回60D區間中上,平台壓縮後轉強，可優先觀察起漲/試單。,v266.57.9,8.5,無原分數欄位｜僅顯示結構前置分數,547.0,7.7,A,續強品質強,回檔不破前低｜低點墊高確認｜收盤守MA5｜續強確認：收盤未跌破MA5｜MA5仍在MA10上｜仍站MA20,回檔承接尚可，若原策略入選，可優先觀察延續。,v266.57.9,7.525,0.55,0.5,GENERIC,測試排序分=原分數+結構前置分*策略權重+續強品質*策略權重；不覆蓋原策略,489.0,2.3,C,突破觀察,收盤接近高點｜短均多頭,有轉強跡象，但突破品質尚未完全成立。,v266.57.9,WATCH,0.55,0.35,0.75,9.095,448.0,最後後處理補寫：原分數+結構前置+續強品質+突破品質；不覆蓋原策略,0.0,,一般,7.458,v266.58.1,2026-10-01 01:22:38,突破中,4,12,準IGNITION,前狀態:突破中→今日:突破中｜強狀態維持｜強狀態連續維持｜具備點火條件,READY,v266.60.2,11.658,30.0,32.0,0.0,0.0,20.416,360.0,20/40/60結構佳｜續強品質佳｜主力佈局語意｜狀態升級強｜具升級旗標｜升級標籤,高優先準點火,v266.61,2026-10-01 01:22:44,24.0,洗盤不破承接｜狀態升級觸發｜狀態轉移轉強,準點火事件,具備起漲條件，可放入TEST/準IGNITION觀察。,15.361,366,v266.62,2026-10-01 01:22:46,24.0,0.0,40.0,0.0,2.56,量能安靜｜洗盤整理不破｜主力吸籌文字確認｜狀態轉移剛加速｜狀態剛升級,v266.68,2026-10-01 01:22:50,NOISE,雜訊：條件不足。,WATCH,218
2026-09-30,3520,WATCH,54,17.35,50以下,0.0,0,佈局觀察,波動壓縮 | 均線收斂 | 接近突破 | 結構尚可,True,False,False,True,False,True,8.0,A,起漲結構強,接近20日高｜40D平台收斂｜短中均線糾結｜40D低點守住｜接近/站回MA60｜MA60不再下彎｜站回60D區間中上,平台壓縮後轉強，可優先觀察起漲/試單。,v266.57.9,8.0,無原分數欄位｜僅顯示結構前置分數,556.0,5.5,B,續強品質中,回檔不破前低｜低點墊高確認｜收盤守MA5｜續強確認：收盤未跌破MA5,回檔承接尚可，若原策略入選，可優先觀察延續。,v266.57.9,6.15,0.55,0.5,GENERIC,測試排序分=原分數+結構前置分*策略權重+續強品質*策略權重；不覆蓋原策略,729.0,3.0,C,突破觀察,收盤接近高點｜突破近5日高,有轉強跡象，但突破品質尚未完全成立。,v266.57.9,WATCH,0.55,0.35,0.75,8.575,519.0,最後後處理補寫：原分數+結構前置+續強品質+突破品質；不覆蓋原策略,0.0,,一般,7.031,v266.58.1,2026-10-01 01:22:38,突破中,4,13,準IGNITION,前狀態:觀察→今日:突破中｜狀態跳升｜具備點火條件,READY,v266.60.2,11.581,30.0,32.0,0.0,0.0,20.391,365.0,20/40/60結構佳｜續強品質佳｜主力佈局語意｜狀態升級強｜具升級旗標｜升級標籤,高優先準點火,v266.61,2026-10-01 01:22:44,24.0,洗盤不破承接｜狀態升級觸發｜狀態轉移轉強,準點火事件,具備起漲條件，可放入TEST/準IGNITION觀察。,15.307,367,v266.62,2026-10-01 01:22:46,24.0,0.0,40.0,0.0,2.56,量能安靜｜洗盤整理不破｜主力吸籌文字確認｜狀態轉移剛加速｜狀態剛升級,v266.68,2026-10-01 01:22:50,NOISE,雜訊：條件不足。,WATCH,219
2026-09-30,4535,WATCH,54,27.0,50以下,0.0,0,佈局觀察,波動壓縮 | 均線收斂 | 接近突破 | 結構尚可,True,False,False,True,False,True,8.0,A,起漲結構強,MA20走平翻揚｜接近20日高｜40D平台收斂｜短中均線糾結｜40D低點守住｜接近/站回MA60｜MA60不再下彎,平台壓縮後轉強，可優先觀察起漲/試單。,v266.57.9,8.0,無原分數欄位｜僅顯示結構前置分數,556.0,5.5,B,續強品質中,回檔不破前低｜低點墊高確認｜收盤守MA5｜續強確認：收盤未跌破MA5,回檔承接尚可，若原策略入選，可優先觀察延續。,v266.57.9,6.15,0.55,0.5,GENERIC,測試排序分=原分數+結構前置分*策略權重+續強品質*策略權重；不覆蓋原策略,729.0,3.0,C,突破觀察,收盤接近高點｜突破近5日高,有轉強跡象，但突破品質尚未完全成立。,v266.57.9,WATCH,0.55,0.35,0.75,8.575,519.0,最後後處理補寫：原分數+結構前置+續強品質+突破品質；不覆蓋原策略,0.0,,一般,7.031,v266.58.1,2026-10-01 01:22:38,突破中,4,13,準IGNITION,前狀態:觀察→今日:突破中｜狀態跳升｜具備點火條件,READY,v266.60.2,11.581,30.0,32.0,0.0,0.0,20.391,365.0,20/40/60結構佳｜續強品質佳｜主力佈局語意｜狀態升級強｜具升級旗標｜升級標籤,高優先準點火,v266.61,2026-10-01 01:22:44,24.0,洗盤不破承接｜狀態升級觸發｜狀態轉移轉強,準點火事件,具備起漲條件，可放入TEST/準IGNITION觀察。,15.307,368,v266.62,2026-10-01 01:22:46,24.0,0.0,40.0,0.0,2.56,量能安靜｜洗盤整理不破｜主力吸籌文字確認｜狀態轉移剛加速｜狀態剛升級,v266.68,2026-10-01 01:22:50,NOISE,雜訊：條件不足。,WATCH,220
2026-09-30,1618,WATCH,54,38.95,50以下,0.0,0,佈局觀察,波動壓縮 | 均線收斂 | 接近突破 | 結構尚可,True,False,False,True,False,True,6.8,B,起漲結構中,接近20日高｜40D平台收斂｜短中均線糾結｜40D低點守住｜接近/站回MA60｜10D動能轉正,平台壓縮後轉強，可優先觀察起漲/試單。,v266.57.9,6.8,無原分數欄位｜僅顯示結構前置分數,813.0,8.0,A,續強品質強,回檔不破前低｜低點墊高確認｜收盤守MA5｜續強確認：收盤未跌破MA5｜回檔量縮｜10D動能維持,回檔承接尚可，若原策略入選，可優先觀察延續。,v266.57.9,6.74,0.55,0.5,GENERIC,測試排序分=原分數+結構前置分*策略權重+續強品質*策略權重；不覆蓋原策略,640.0,2.7,C,突破觀察,收盤接近高點｜量能較前日放大,有轉強跡象，但突破品質尚未完全成立。,v266.57.9,WATCH,0.55,0.35,0.75,8.565,524.0,最後後處理補寫：原分數+結構前置+續強品質+突破品質；不覆蓋原策略,0.0,,一般,7.023,v266.58.1,2026-10-01 01:22:38,突破中,4,13,準IGNITION,前狀態:觀察→今日:突破中｜狀態跳升｜具備點火條件,READY,v266.60.2,11.573,30.0,32.0,0.0,0.0,20.39,367.0,20/40/60結構佳｜續強品質佳｜主力佈局語意｜狀態升級強｜具升級旗標｜升級標籤,高優先準點火,v266.61,2026-10-01 01:22:44,24.0,洗盤不破承接｜狀態升級觸發｜狀態轉移轉強,準點火事件,具備起漲條件，可放入TEST/準IGNITION觀察。,15.301,369,v266.62,2026-10-01 01:22:46,24.0,0.0,40.0,0.0,2.56,量能安靜｜洗盤整理不破｜主力吸籌文字確認｜狀態轉移剛加速｜狀態剛升級,v266.68,2026-10-01 01:22:50,NOISE,雜訊：條件不足。,WATCH,221
2026-09-30,6803,WATCH,54,267.0,100-500,0.0,0,佈局觀察,波動壓縮 | 均線收斂 | 接近突破 | 結構尚可,True,False,False,True,False,True,7.0,B,起漲結構中,MA20走平翻揚｜接近20日高｜40D平台收斂｜短中均線糾結｜40D低點守住｜接近/站回MA60,平台壓縮後轉強，可優先觀察起漲/試單。,v266.57.9,7.0,無原分數欄位｜僅顯示結構前置分數,710.0,7.0,A,續強品質強,回檔不破前低｜低點墊高確認｜收盤守MA5｜續強確認：收盤未跌破MA5｜回檔量縮,回檔承接尚可，若原策略入選，可優先觀察延續。,v266.57.9,6.35,0.55,0.5,GENERIC,測試排序分=原分數+結構前置分*策略權重+續強品質*策略權重；不覆蓋原策略,693.0,3.0,C,突破觀察,收盤接近高點｜突破近5日高,有轉強跡象，但突破品質尚未完全成立。,v266.57.9,WATCH,0.55,0.35,0.75,8.55,525.0,最後後處理補寫：原分數+結構前置+續強品質+突破品質；不覆蓋原策略,0.0,,一般,7.011,v266.58.1,2026-10-01 01:22:38,突破中,4,13,準IGNITION,前狀態:觀察→今日:突破中｜狀態跳升｜具備點火條件,READY,v266.60.2,11.561,30.0,32.0,0.0,0.0,20.389,368.0,20/40/60結構佳｜續強品質佳｜主力佈局語意｜狀態升級強｜具升級旗標｜升級標籤,高優先準點火,v266.61,2026-10-01 01:22:44,24.0,洗盤不破承接｜狀態升級觸發｜狀態轉移轉強,準點火事件,具備起漲條件，可放入TEST/準IGNITION觀察。,15.293,370,v266.62,2026-10-01 01:22:46,24.0,0.0,40.0,0.0,2.56,量能安靜｜洗盤整理不破｜主力吸籌文字確認｜狀態轉移剛加速｜狀態剛升級,v266.68,2026-10-01 01:22:50,NOISE,雜訊：條件不足。,WATCH,222
2026-09-30,7753,WATCH,54,35.6,50以下,0.0,0,佈局觀察,波動壓縮 | 均線收斂 | 接近突破 | 結構尚可,True,False,False,True,False,True,7.0,B,起漲結構中,MA20走平翻揚｜接近20日高｜40D平台收斂｜短中均線糾結｜40D低點守住｜接近/站回MA60,平台壓縮後轉強，可優先觀察起漲/試單。,v266.57.9,7.0,無原分數欄位｜僅顯示結構前置分數,710.0,7.0,A,續強品質強,回檔不破前低｜低點墊高確認｜收盤守MA5｜續強確認：收盤未跌破MA5｜回檔量縮,回檔承接尚可，若原策略入選，可優先觀察延續。,v266.57.9,6.35,0.55,0.5,GENERIC,測試排序分=原分數+結構前置分*策略權重+續強品質*策略權重；不覆蓋原策略,693.0,3.0,C,突破觀察,收盤接近高點｜突破近5日高,有轉強跡象，但突破品質尚未完全成立。,v266.57.9,WATCH,0.55,0.35,0.75,8.55,525.0,最後後處理補寫：原分數+結構前置+續強品質+突破品質；不覆蓋原策略,0.0,,一般,7.011,v266.58.1,2026-10-01 01:22:38,突破中,4,13,準IGNITION,前狀態:觀察→今日:突破中｜狀態跳升｜具備點火條件,READY,v266.60.2,11.561,30.0,32.0,0.0,0.0,20.389,368.0,20/40/60結構佳｜續強品質佳｜主力佈局語意｜狀態升級強｜具升級旗標｜升級標籤,高優先準點火,v266.61,2026-10-01 01:22:44,24.0,洗盤不破承接｜狀態升級觸發｜狀態轉移轉強,準點火事件,具備起漲條件，可放入TEST/準IGNITION觀察。,15.293,371,v266.62,2026-10-01 01:22:46,24.0,0.0,40.0,0.0,2.56,量能安靜｜洗盤整理不破｜主力吸籌文字確認｜狀態轉移剛加速｜狀態剛升級,v266.68,2026-10-01 01:22:50,NOISE,雜訊：條件不足。,WATCH,223
2026-09-30,8924,WATCH,54,49.45,50以下,0.0,0,佈局觀察,波動壓縮 | 均線收斂 | 接近突破 | 結構尚可,True,False,False,True,False,True,7.0,B,起漲結構中,MA20走平翻揚｜接近20日高｜40D平台收斂｜短中均線糾結｜40D低點守住｜接近/站回MA60,平台壓縮後轉強，可優先觀察起漲/試單。,v266.57.9,7.0,無原分數欄位｜僅顯示結構前置分數,710.0,7.0,A,續強品質強,回檔不破前低｜低點墊高確認｜收盤守MA5｜續強確認：收盤未跌破MA5｜回檔量縮,回檔承接尚可，若原策略入選，可優先觀察延續。,v266.57.9,6.35,0.55,0.5,GENERIC,測試排序分=原分數+結構前置分*策略權重+續強品質*策略權重；不覆蓋原策略,693.0,3.0,C,突破觀察,收盤接近高點｜突破近5日高,有轉強跡象，但突破品質尚未完全成立。,v266.57.9,WATCH,0.55,0.35,0.75,8.55,525.0,最後後處理補寫：原分數+結構前置+續強品質+突破品質；不覆蓋原策略,0.0,,一般,7.011,v266.58.1,2026-10-01 01:22:38,突破中,4,13,準IGNITION,前狀態:觀察→今日:突破中｜狀態跳升｜具備點火條件,READY,v266.60.2,11.561,30.0,32.0,0.0,0.0,20.389,368.0,20/40/60結構佳｜續強品質佳｜主力佈局語意｜狀態升級強｜具升級旗標｜升級標籤,高優先準點火,v266.61,2026-10-01 01:22:44,24.0,洗盤不破承接｜狀態升級觸發｜狀態轉移轉強,準點火事件,具備起漲條件，可放入TEST/準IGNITION觀察。,15.293,372,v266.62,2026-10-01 01:22:46,24.0,0.0,40.0,0.0,2.56,量能安靜｜洗盤整理不破｜主力吸籌文字確認｜狀態轉移剛加速｜狀態剛升級,v266.68,2026-10-01 01:22:50,NOISE,雜訊：條件不足。,WATCH,224
2026-09-30,4433,WATCH,54,18.05,50以下,0.0,0,佈局觀察,波動壓縮 | 均線收斂 | 接近突破 | 結構尚可,True,False,False,True,False,True,8.0,A,起漲結構強,MA20走平翻揚｜MA5站上MA10｜接近20日高｜40D平台收斂｜短中均線糾結｜40D低點守住｜接近/站回MA60,平台壓縮後轉強，可優先觀察起漲/試單。,v266.57.9,8.0,無原分數欄位｜僅顯示結構前置分數,556.0,6.5,B,續強品質中,回檔不破前低｜低點墊高確認｜收盤守MA5｜回測守MA10｜MA5仍在MA10上,回檔承接尚可，若原策略入選，可優先觀察延續。,v266.57.9,6.75,0.55,0.5,GENERIC,測試排序分=原分數+結構前置分*策略權重+續強品質*策略權重；不覆蓋原策略,621.0,2.3,C,突破觀察,收盤接近高點｜短均多頭,有轉強跡象，但突破品質尚未完全成立。,v266.57.9,WATCH,0.55,0.35,0.75,8.4,543.0,最後後處理補寫：原分數+結構前置+續強品質+突破品質；不覆蓋原策略,0.0,,一般,6.888,v266.58.1,2026-10-01 01:22:38,突破中,4,13,準IGNITION,前狀態:觀察→今日:突破中｜狀態跳升｜具備點火條件,READY,v266.60.2,11.438,30.0,32.0,0.0,0.0,20.376,372.0,20/40/60結構佳｜續強品質佳｜主力佈局語意｜狀態升級強｜具升級旗標｜升級標籤,高優先準點火,v266.61,2026-10-01 01:22:44,24.0,洗盤不破承接｜狀態升級觸發｜狀態轉移轉強,準點火事件,具備起漲條件，可放入TEST/準IGNITION觀察。,15.207,373,v266.62,2026-10-01 01:22:46,24.0,0.0,40.0,0.0,2.56,量能安靜｜洗盤整理不破｜主力吸籌文字確認｜狀態轉移剛加速｜狀態剛升級,v266.68,2026-10-01 01:22:50,NOISE,雜訊：條件不足。,WATCH,225
2026-09-30,2718,WATCH,54,40.45,50以下,0.0,0,佈局觀察,波動壓縮 | 均線收斂 | 接近突破 | 結構尚可,True,False,False,True,False,True,8.0,A,起漲結構強,MA20走平翻揚｜MA5站上MA10｜接近20日高｜40D平台收斂｜短中均線糾結｜40D低點守住｜接近/站回MA60,平台壓縮後轉強，可優先觀察起漲/試單。,v266.57.9,8.0,無原分數欄位｜僅顯示結構前置分數,556.0,6.5,B,續強品質中,回檔不破前低｜低點墊高確認｜收盤守MA5｜回測守MA10｜MA5仍在MA10上,回檔承接尚可，若原策略入選，可優先觀察延續。,v266.57.9,6.75,0.55,0.5,GENERIC,測試排序分=原分數+結構前置分*策略權重+續強品質*策略權重；不覆蓋原策略,621.0,2.3,C,突破觀察,收盤接近高點｜短均多頭,有轉強跡象，但突破品質尚未完全成立。,v266.57.9,WATCH,0.55,0.35,0.75,8.4,543.0,最後後處理補寫：原分數+結構前置+續強品質+突破品質；不覆蓋原策略,0.0,,一般,6.888,v266.58.1,2026-10-01 01:22:38,突破中,4,13,準IGNITION,前狀態:觀察→今日:突破中｜狀態跳升｜具備點火條件,READY,v266.60.2,11.438,30.0,32.0,0.0,0.0,20.376,372.0,20/40/60結構佳｜續強品質佳｜主力佈局語意｜狀態升級強｜具升級旗標｜升級標籤,高優先準點火,v266.61,2026-10-01 01:22:44,24.0,洗盤不破承接｜狀態升級觸發｜狀態轉移轉強,準點火事件,具備起漲條件，可放入TEST/準IGNITION觀察。,15.207,374,v266.62,2026-10-01 01:22:46,24.0,0.0,40.0,0.0,2.56,量能安靜｜洗盤整理不破｜主力吸籌文字確認｜狀態轉移剛加速｜狀態剛升級,v266.68,2026-10-01 01:22:50,NOISE,雜訊：條件不足。,WATCH,226
2026-09-30,2734,WATCH,54,14.45,50以下,0.0,0,佈局觀察,波動壓縮 | 均線收斂 | 接近突破 | 結構尚可,True,False,False,True,False,True,8.0,A,起漲結構強,MA5站上MA10｜接近20日高｜40D平台收斂｜短中均線糾結｜40D低點守住｜接近/站回MA60｜MA60不再下彎,平台壓縮後轉強，可優先觀察起漲/試單。,v266.57.9,6.0,無原分數欄位｜僅顯示結構前置分數,828.0,6.5,B,續強品質中,回檔不破前低｜低點墊高確認｜收盤守MA5｜回測守MA10｜MA5仍在MA10上,回檔承接尚可，若原策略入選，可優先觀察延續。,v266.57.9,4.9,0.55,0.5,GENERIC,測試排序分=原分數+結構前置分*策略權重+續強品質*策略權重；不覆蓋原策略,884.0,2.3,C,突破觀察,突破近5日高｜短均多頭,有轉強跡象，但突破品質尚未完全成立。,v266.57.9,WATCH,0.55,0.35,0.75,8.4,543.0,最後後處理補寫：原分數+結構前置+續強品質+突破品質；不覆蓋原策略,0.0,,一般,6.888,v266.58.1,2026-10-01 01:22:38,突破中,4,13,準IGNITION,前狀態:觀察→今日:突破中｜狀態跳升｜具備點火條件,READY,v266.60.2,11.438,30.0,32.0,0.0,0.0,20.376,372.0,20/40/60結構佳｜續強品質佳｜主力佈局語意｜狀態升級強｜具升級旗標｜升級標籤,高優先準點火,v266.61,2026-10-01 01:22:44,24.0,洗盤不破承接｜狀態升級觸發｜狀態轉移轉強,準點火事件,具備起漲條件，可放入TEST/準IGNITION觀察。,15.207,375,v266.62,2026-10-01 01:22:46,24.0,0.0,40.0,0.0,2.56,量能安靜｜洗盤整理不破｜主力吸籌文字確認｜狀態轉移剛加速｜狀態剛升級,v266.68,2026-10-01 01:22:50,NOISE,雜訊：條件不足。,WATCH,227
2026-09-30,8930,WATCH,54,28.75,50以下,0.0,0,佈局觀察,波動壓縮 | 均線收斂 | 接近突破 | 結構尚可,True,False,False,True,False,True,8.0,A,起漲結構強,MA20走平翻揚｜MA5站上MA10｜40D平台收斂｜短中均線糾結｜40D低點守住｜接近/站回MA60｜MA60不再下彎,平台壓縮後轉強，可優先觀察起漲/試單。,v266.57.9,8.0,無原分數欄位｜僅顯示結構前置分數,556.0,6.5,B,續強品質中,回檔不破前低｜低點墊高確認｜收盤守MA5｜回測守MA10｜MA5仍在MA10上,回檔承接尚可，若原策略入選，可優先觀察延續。,v266.57.9,6.75,0.55,0.5,GENERIC,測試排序分=原分數+結構前置分*策略權重+續強品質*策略權重；不覆蓋原策略,621.0,2.3,C,突破觀察,收盤接近高點｜短均多頭,有轉強跡象，但突破品質尚未完全成立。,v266.57.9,WATCH,0.55,0.35,0.75,8.4,543.0,最後後處理補寫：原分數+結構前置+續強品質+突破品質；不覆蓋原策略,0.0,,一般,6.888,v266.58.1,2026-10-01 01:22:38,突破中,4,13,準IGNITION,前狀態:觀察→今日:突破中｜狀態跳升｜具備點火條件,READY,v266.60.2,11.438,30.0,32.0,0.0,0.0,20.376,372.0,20/40/60結構佳｜續強品質佳｜主力佈局語意｜狀態升級強｜具升級旗標｜升級標籤,高優先準點火,v266.61,2026-10-01 01:22:44,24.0,洗盤不破承接｜狀態升級觸發｜狀態轉移轉強,準點火事件,具備起漲條件，可放入TEST/準IGNITION觀察。,15.207,376,v266.62,2026-10-01 01:22:46,24.0,0.0,40.0,0.0,2.56,量能安靜｜洗盤整理不破｜主力吸籌文字確認｜狀態轉移剛加速｜狀態剛升級,v266.68,2026-10-01 01:22:50,NOISE,雜訊：條件不足。,WATCH,228
2026-09-30,6281,WATCH,54,51.0,50-100,0.0,0,佈局觀察,波動壓縮 | 均線收斂 | 接近突破 | 結構尚可,True,False,False,True,False,True,8.0,A,起漲結構強,MA5站上MA10｜接近20日高｜40D平台收斂｜短中均線糾結｜40D低點守住｜接近/站回MA60｜MA60不再下彎,平台壓縮後轉強，可優先觀察起漲/試單。,v266.57.9,8.0,無原分數欄位｜僅顯示結構前置分數,556.0,6.5,B,續強品質中,回檔不破前低｜低點墊高確認｜收盤守MA5｜回測守MA10｜MA5仍在MA10上,回檔承接尚可，若原策略入選，可優先觀察延續。,v266.57.9,6.75,0.55,0.5,GENERIC,測試排序分=原分數+結構前置分*策略權重+續強品質*策略權重；不覆蓋原策略,621.0,2.3,C,突破觀察,收盤接近高點｜短均多頭,有轉強跡象，但突破品質尚未完全成立。,v266.57.9,WATCH,0.55,0.35,0.75,8.4,543.0,最後後處理補寫：原分數+結構前置+續強品質+突破品質；不覆蓋原策略,0.0,,一般,6.888,v266.58.1,2026-10-01 01:22:38,突破中,4,13,準IGNITION,前狀態:觀察→今日:突破中｜狀態跳升｜具備點火條件,READY,v266.60.2,11.438,30.0,32.0,0.0,0.0,20.376,372.0,20/40/60結構佳｜續強品質佳｜主力佈局語意｜狀態升級強｜具升級旗標｜升級標籤,高優先準點火,v266.61,2026-10-01 01:22:44,24.0,洗盤不破承接｜狀態升級觸發｜狀態轉移轉強,準點火事件,具備起漲條件，可放入TEST/準IGNITION觀察。,15.207,377,v266.62,2026-10-01 01:22:46,24.0,0.0,40.0,0.0,2.56,量能安靜｜洗盤整理不破｜主力吸籌文字確認｜狀態轉移剛加速｜狀態剛升級,v266.68,2026-10-01 01:22:50,NOISE,雜訊：條件不足。,WATCH,229
2026-09-30,1240,WATCH,54,54.3,50-100,0.0,0,佈局觀察,波動壓縮 | 均線收斂 | 接近突破 | 結構尚可,True,False,False,True,False,True,8.0,A,起漲結構強,MA20走平翻揚｜MA5站上MA10｜接近20日高｜40D平台收斂｜短中均線糾結｜40D低點守住｜接近/站回MA60,平台壓縮後轉強，可優先觀察起漲/試單。,v266.57.9,8.0,無原分數欄位｜僅顯示結構前置分數,556.0,6.5,B,續強品質中,回檔不破前低｜低點墊高確認｜收盤守MA5｜回測守MA10｜MA5仍在MA10上,回檔承接尚可，若原策略入選，可優先觀察延續。,v266.57.9,6.75,0.55,0.5,GENERIC,測試排序分=原分數+結構前置分*策略權重+續強品質*策略權重；不覆蓋原策略,621.0,2.3,C,突破觀察,收盤接近高點｜短均多頭,有轉強跡象，但突破品質尚未完全成立。,v266.57.9,WATCH,0.55,0.35,0.75,8.4,543.0,最後後處理補寫：原分數+結構前置+續強品質+突破品質；不覆蓋原策略,0.0,,一般,6.888,v266.58.1,2026-10-01 01:22:38,突破中,4,13,準IGNITION,前狀態:觀察→今日:突破中｜狀態跳升｜具備點火條件,READY,v266.60.2,11.438,30.0,32.0,0.0,0.0,20.376,372.0,20/40/60結構佳｜續強品質佳｜主力佈局語意｜狀態升級強｜具升級旗標｜升級標籤,高優先準點火,v266.61,2026-10-01 01:22:44,24.0,洗盤不破承接｜狀態升級觸發｜狀態轉移轉強,準點火事件,具備起漲條件，可放入TEST/準IGNITION觀察。,15.207,378,v266.62,2026-10-01 01:22:46,24.0,0.0,40.0,0.0,2.56,量能安靜｜洗盤整理不破｜主力吸籌文字確認｜狀態轉移剛加速｜狀態剛升級,v266.68,2026-10-01 01:22:50,NOISE,雜訊：條件不足。,WATCH,230
2026-09-30,4543,WATCH,54,29.45,50以下,0.0,0,佈局觀察,波動壓縮 | 均線收斂 | 接近突破 | 結構尚可,True,False,False,True,False,True,7.0,B,起漲結構中,20D站上MA20｜接近20日高｜40D平台收斂｜短中均線糾結｜40D低點守住｜接近/站回MA60,平台壓縮後轉強，可優先觀察起漲/試單。,v266.57.9,7.0,無原分數欄位｜僅顯示結構前置分數,710.0,6.5,B,續強品質中,回檔不破前低｜低點墊高確認｜收盤守MA5｜續強確認：收盤未跌破MA5｜仍站MA20,回檔承接尚可，若原策略入選，可優先觀察延續。,v266.57.9,6.1,0.55,0.5,GENERIC,測試排序分=原分數+結構前置分*策略權重+續強品質*策略權重；不覆蓋原策略,748.0,3.0,C,突破觀察,收盤接近高點｜突破近5日高,有轉強跡象，但突破品質尚未完全成立。,v266.57.9,WATCH,0.55,0.35,0.75,8.375,550.0,最後後處理補寫：原分數+結構前置+續強品質+突破品質；不覆蓋原策略,0.0,,一般,6.868,v266.58.1,2026-10-01 01:22:38,突破中,4,13,準IGNITION,前狀態:觀察→今日:突破中｜狀態跳升｜具備點火條件,READY,v266.60.2,11.418,30.0,32.0,0.0,0.0,20.374,378.0,20/40/60結構佳｜續強品質佳｜主力佈局語意｜狀態升級強｜具升級旗標｜升級標籤,高優先準點火,v266.61,2026-10-01 01:22:44,24.0,洗盤不破承接｜狀態升級觸發｜狀態轉移轉強,準點火事件,具備起漲條件，可放入TEST/準IGNITION觀察。,15.193,379,v266.62,2026-10-01 01:22:46,24.0,0.0,40.0,0.0,2.56,量能安靜｜洗盤整理不破｜主力吸籌文字確認｜狀態轉移剛加速｜狀態剛升級,v266.68,2026-10-01 01:22:50,NOISE,雜訊：條件不足。,WATCH,231
2026-09-30,4503,WATCH,54,24.15,50以下,0.0,0,佈局觀察,波動壓縮 | 均線收斂 | 接近突破 | 結構尚可,True,False,False,True,False,True,7.0,B,起漲結構中,20D站上MA20｜MA20走平翻揚｜MA5站上MA10｜接近20日高｜40D平台收斂｜短中均線糾結,平台壓縮後轉強，可優先觀察起漲/試單。,v266.57.9,7.0,無原分數欄位｜僅顯示結構前置分數,710.0,7.7,A,續強品質強,回檔不破前低｜低點墊高確認｜收盤守MA5｜續強確認：收盤未跌破MA5｜MA5仍在MA10上｜仍站MA20,回檔承接尚可，若原策略入選，可優先觀察延續。,v266.57.9,6.7,0.55,0.5,GENERIC,測試排序分=原分數+結構前置分*策略權重+續強品質*策略權重；不覆蓋原策略,643.0,2.3,C,突破觀察,收盤接近高點｜短均多頭,有轉強跡象，但突破品質尚未完全成立。,v266.57.9,WATCH,0.55,0.35,0.75,8.27,562.0,最後後處理補寫：原分數+結構前置+續強品質+突破品質；不覆蓋原策略,0.0,,一般,6.781,v266.58.1,2026-10-01 01:22:38,突破中,4,13,準IGNITION,前狀態:觀察→今日:突破中｜狀態跳升｜具備點火條件,READY,v266.60.2,11.331,30.0,32.0,0.0,0.0,20.366,379.0,20/40/60結構佳｜續強品質佳｜主力佈局語意｜狀態升級強｜具升級旗標｜升級標籤,高優先準點火,v266.61,2026-10-01 01:22:44,24.0,洗盤不破承接｜狀態升級觸發｜狀態轉移轉強,準點火事件,具備起漲條件，可放入TEST/準IGNITION觀察。,15.132,380,v266.62,2026-10-01 01:22:46,24.0,0.0,40.0,0.0,2.56,量能安靜｜洗盤整理不破｜主力吸籌文字確認｜狀態轉移剛加速｜狀態剛升級,v266.68,2026-10-01 01:22:50,NOISE,雜訊：條件不足。,WATCH,232
2026-09-30,1470,WATCH,50,24.15,50以下,0.0,0,佈局觀察,均線收斂 | 放量吸收 | 接近突破 | 結構尚可,False,False,False,True,True,True,8.3,A,起漲結構強,20D站上MA20｜接近20日高｜40D平台收斂｜短中均線糾結｜40D低點守住｜接近/站回MA60｜MA60不再下彎｜站回60D區間中上｜10D動能轉正｜扣分:單日爆量偏高,平台壓縮後轉強，可優先觀察起漲/試單。,v266.57.9,8.3,無原分數欄位｜僅顯示結構前置分數,550.0,7.5,A,續強品質強,回檔不破前低｜低點墊高確認｜收盤守MA5｜續強確認：收盤未跌破MA5｜仍站MA20｜10D動能維持,回檔承接尚可，若原策略入選，可優先觀察延續。,v266.57.9,7.315,0.55,0.5,GENERIC,測試排序分=原分數+結構前置分*策略權重+續強品質*策略權重；不覆蓋原策略,541.0,2.0,C,突破觀察,紅K實體放大｜收盤接近高點｜扣分:單日量能過猛,有轉強跡象，但突破品質尚未完全成立。,v266.57.9,WATCH,0.55,0.35,0.75,8.69,513.0,最後後處理補寫：原分數+結構前置+續強品質+突破品質；不覆蓋原策略,0.0,,一般,7.126,v266.58.1,2026-10-01 01:22:38,突破中,4,12,準IGNITION,前狀態:突破中→今日:突破中｜強狀態維持｜強狀態連續維持｜具備點火條件,READY,v266.60.2,11.326,30.0,32.0,0.0,0.0,20.383,371.0,20/40/60結構佳｜續強品質佳｜主力佈局語意｜狀態升級強｜具升級旗標｜升級標籤,高優先準點火,v266.61,2026-10-01 01:22:44,24.0,洗盤不破承接｜狀態升級觸發｜狀態轉移轉強,準點火事件,具備起漲條件，可放入TEST/準IGNITION觀察。,15.128,381,v266.62,2026-10-01 01:22:46,24.0,0.0,40.0,0.0,2.56,量能安靜｜洗盤整理不破｜主力吸籌文字確認｜狀態轉移剛加速｜狀態剛升級,v266.68,2026-10-01 01:22:50,NOISE,雜訊：條件不足。,WATCH,233
2026-09-30,2739,WATCH,54,36.55,50以下,0.0,0,佈局觀察,波動壓縮 | 均線收斂 | 接近突破 | 結構尚可,True,False,False,True,False,True,7.0,B,起漲結構中,40D平台收斂｜短中均線糾結｜40D低點守住｜接近/站回MA60｜MA60不再下彎｜站回60D區間中上,平台壓縮後轉強，可優先觀察起漲/試單。,v266.57.9,7.0,無原分數欄位｜僅顯示結構前置分數,710.0,6.8,B,續強品質中,回檔不破前低｜低點墊高確認｜收盤守MA5｜回測守MA10｜回檔量縮,回檔承接尚可，若原策略入選，可優先觀察延續。,v266.57.9,6.35,0.55,0.5,GENERIC,測試排序分=原分數+結構前置分*策略權重+續強品質*策略權重；不覆蓋原策略,693.0,2.7,C,突破觀察,收盤接近高點｜量能較前日放大,有轉強跡象，但突破品質尚未完全成立。,v266.57.9,WATCH,0.55,0.35,0.75,8.255,564.0,最後後處理補寫：原分數+結構前置+續強品質+突破品質；不覆蓋原策略,0.0,,一般,6.769,v266.58.1,2026-10-01 01:22:38,突破中,4,13,準IGNITION,前狀態:觀察→今日:突破中｜狀態跳升｜具備點火條件,READY,v266.60.2,11.319,30.0,32.0,0.0,0.0,20.364,380.0,20/40/60結構佳｜續強品質佳｜主力佈局語意｜狀態升級強｜具升級旗標｜升級標籤,高優先準點火,v266.61,2026-10-01 01:22:44,24.0,洗盤不破承接｜狀態升級觸發｜狀態轉移轉強,準點火事件,具備起漲條件，可放入TEST/準IGNITION觀察。,15.123,383,v266.62,2026-10-01 01:22:46,24.0,0.0,40.0,0.0,2.56,量能安靜｜洗盤整理不破｜主力吸籌文字確認｜狀態轉移剛加速｜狀態剛升級,v266.68,2026-10-01 01:22:50,NOISE,雜訊：條件不足。,WATCH,234
2026-09-30,1533,BUY,80,30.3,50以下,0.01,10000,主力佈局完成,波動壓縮 | 安靜吸籌 | 均線收斂 | 放量吸收 | 接近突破,True,True,False,True,True,True,7.0,B,起漲結構中,MA5站上MA10｜40D平台收斂｜短中均線糾結｜40D低點守住｜量縮後溫和放量,平台壓縮後轉強，可優先觀察起漲/試單。,v266.57.9,7.0,無原分數欄位｜僅顯示結構前置分數,710.0,6.5,B,續強品質中,回檔不破前低｜低點墊高確認｜收盤守MA5｜回測守MA10｜MA5仍在MA10上,回檔承接尚可，若原策略入選，可優先觀察延續。,v266.57.9,6.2,0.55,0.5,GENERIC,測試排序分=原分數+結構前置分*策略權重+續強品質*策略權重；不覆蓋原策略,715.0,2.0,C,突破觀察,量能較前日放大｜短均多頭,有轉強跡象，但突破品質尚未完全成立。,v266.57.9,GENERIC,0.55,0.5,0.5,8.1,583.0,最後後處理補寫：原分數+結構前置+續強品質+突破品質；不覆蓋原策略,0.0,,一般,6.642,v266.58.1,2026-10-01 01:22:38,突破中,4,13,準IGNITION,前狀態:觀察→今日:突破中｜狀態跳升｜具備點火條件,READY,v266.60.2,11.192,30.0,32.0,0.0,0.0,20.352,381.0,20/40/60結構佳｜續強品質佳｜主力佈局語意｜狀態升級強｜具升級旗標｜升級標籤,高優先準點火,v266.61,2026-10-01 01:22:44,24.0,洗盤不破承接｜狀態升級觸發｜狀態轉移轉強,準點火事件,具備起漲條件，可放入TEST/準IGNITION觀察。,15.034,384,v266.62,2026-10-01 01:22:46,24.0,0.0,40.0,0.0,2.56,量能安靜｜洗盤整理不破｜主力吸籌文字確認｜狀態轉移剛加速｜狀態剛升級,v266.68,2026-10-01 01:22:50,NOISE,雜訊：條件不足。,WATCH,235
2026-09-30,6703,WATCH,54,100.5,100-500,0.0,0,佈局觀察,波動壓縮 | 均線收斂 | 接近突破 | 結構尚可,True,False,False,True,False,True,7.0,B,起漲結構中,MA20走平翻揚｜接近20日高｜40D平台收斂｜短中均線糾結｜40D低點守住｜接近/站回MA60,平台壓縮後轉強，可優先觀察起漲/試單。,v266.57.9,7.0,無原分數欄位｜僅顯示結構前置分數,710.0,5.5,B,續強品質中,回檔不破前低｜低點墊高確認｜收盤守MA5｜續強確認：收盤未跌破MA5,回檔承接尚可，若原策略入選，可優先觀察延續。,v266.57.9,5.6,0.55,0.5,GENERIC,測試排序分=原分數+結構前置分*策略權重+續強品質*策略權重；不覆蓋原策略,802.0,3.0,C,突破觀察,收盤接近高點｜突破近5日高,有轉強跡象，但突破品質尚未完全成立。,v266.57.9,WATCH,0.55,0.35,0.75,8.025,595.0,最後後處理補寫：原分數+結構前置+續強品質+突破品質；不覆蓋原策略,0.0,,一般,6.58,v266.58.1,2026-10-01 01:22:38,突破中,4,13,準IGNITION,前狀態:觀察→今日:突破中｜狀態跳升｜具備點火條件,READY,v266.60.2,11.13,30.0,32.0,0.0,0.0,20.346,382.0,20/40/60結構佳｜續強品質佳｜主力佈局語意｜狀態升級強｜具升級旗標｜升級標籤,高優先準點火,v266.61,2026-10-01 01:22:44,24.0,洗盤不破承接｜狀態升級觸發｜狀態轉移轉強,準點火事件,具備起漲條件，可放入TEST/準IGNITION觀察。,14.991,385,v266.62,2026-10-01 01:22:46,24.0,0.0,40.0,0.0,2.56,量能安靜｜洗盤整理不破｜主力吸籌文字確認｜狀態轉移剛加速｜狀態剛升級,v266.68,2026-10-01 01:22:50,NOISE,雜訊：條件不足。,WATCH,236
2026-09-30,3438,WATCH,54,61.9,50-100,0.0,0,佈局觀察,波動壓縮 | 均線收斂 | 接近突破 | 結構尚可,True,False,False,True,False,True,7.0,B,起漲結構中,MA20走平翻揚｜40D平台收斂｜短中均線糾結｜40D低點守住｜接近/站回MA60｜站回60D區間中上,平台壓縮後轉強，可優先觀察起漲/試單。,v266.57.9,7.0,無原分數欄位｜僅顯示結構前置分數,710.0,5.5,B,續強品質中,回檔不破前低｜低點墊高確認｜收盤守MA5｜續強確認：收盤未跌破MA5,回檔承接尚可，若原策略入選，可優先觀察延續。,v266.57.9,5.6,0.55,0.5,GENERIC,測試排序分=原分數+結構前置分*策略權重+續強品質*策略權重；不覆蓋原策略,802.0,3.0,C,突破觀察,收盤接近高點｜突破近5日高,有轉強跡象，但突破品質尚未完全成立。,v266.57.9,WATCH,0.55,0.35,0.75,8.025,595.0,最後後處理補寫：原分數+結構前置+續強品質+突破品質；不覆蓋原策略,0.0,,一般,6.58,v266.58.1,2026-10-01 01:22:38,突破中,4,13,準IGNITION,前狀態:觀察→今日:突破中｜狀態跳升｜具備點火條件,READY,v266.60.2,11.13,30.0,32.0,0.0,0.0,20.346,382.0,20/40/60結構佳｜續強品質佳｜主力佈局語意｜狀態升級強｜具升級旗標｜升級標籤,高優先準點火,v266.61,2026-10-01 01:22:44,24.0,洗盤不破承接｜狀態升級觸發｜狀態轉移轉強,準點火事件,具備起漲條件，可放入TEST/準IGNITION觀察。,14.991,386,v266.62,2026-10-01 01:22:46,24.0,0.0,40.0,0.0,2.56,量能安靜｜洗盤整理不破｜主力吸籌文字確認｜狀態轉移剛加速｜狀態剛升級,v266.68,2026-10-01 01:22:50,NOISE,雜訊：條件不足。,WATCH,237
2026-09-30,4166,WATCH,54,24.1,50以下,0.0,0,佈局觀察,波動壓縮 | 均線收斂 | 接近突破 | 結構尚可,True,False,False,True,False,True,7.0,B,起漲結構中,MA20走平翻揚｜40D平台收斂｜短中均線糾結｜40D低點守住｜接近/站回MA60｜MA60不再下彎,平台壓縮後轉強，可優先觀察起漲/試單。,v266.57.9,7.0,無原分數欄位｜僅顯示結構前置分數,710.0,5.5,B,續強品質中,回檔不破前低｜低點墊高確認｜收盤守MA5｜續強確認：收盤未跌破MA5,回檔承接尚可，若原策略入選，可優先觀察延續。,v266.57.9,5.6,0.55,0.5,GENERIC,測試排序分=原分數+結構前置分*策略權重+續強品質*策略權重；不覆蓋原策略,802.0,3.0,C,突破觀察,收盤接近高點｜突破近5日高,有轉強跡象，但突破品質尚未完全成立。,v266.57.9,WATCH,0.55,0.35,0.75,8.025,595.0,最後後處理補寫：原分數+結構前置+續強品質+突破品質；不覆蓋原策略,0.0,,一般,6.58,v266.58.1,2026-10-01 01:22:38,突破中,4,13,準IGNITION,前狀態:觀察→今日:突破中｜狀態跳升｜具備點火條件,READY,v266.60.2,11.13,30.0,32.0,0.0,0.0,20.346,382.0,20/40/60結構佳｜續強品質佳｜主力佈局語意｜狀態升級強｜具升級旗標｜升級標籤,高優先準點火,v266.61,2026-10-01 01:22:44,24.0,洗盤不破承接｜狀態升級觸發｜狀態轉移轉強,準點火事件,具備起漲條件，可放入TEST/準IGNITION觀察。,14.991,387,v266.62,2026-10-01 01:22:46,24.0,0.0,40.0,0.0,2.56,量能安靜｜洗盤整理不破｜主力吸籌文字確認｜狀態轉移剛加速｜狀態剛升級,v266.68,2026-10-01 01:22:50,NOISE,雜訊：條件不足。,WATCH,238
2026-09-30,6615,WATCH,54,33.5,50以下,0.0,0,佈局觀察,波動壓縮 | 均線收斂 | 接近突破 | 結構尚可,True,False,False,True,False,True,6.0,B,起漲結構中,MA20走平翻揚｜40D平台收斂｜短中均線糾結｜40D低點守住｜接近/站回MA60,平台壓縮後轉強，可優先觀察起漲/試單。,v266.57.9,6.0,無原分數欄位｜僅顯示結構前置分數,828.0,7.0,A,續強品質強,回檔不破前低｜低點墊高確認｜收盤守MA5｜續強確認：收盤未跌破MA5｜回檔量縮,回檔承接尚可，若原策略入選，可優先觀察延續。,v266.57.9,5.8,0.55,0.5,GENERIC,測試排序分=原分數+結構前置分*策略權重+續強品質*策略權重；不覆蓋原策略,781.0,3.0,C,突破觀察,收盤接近高點｜突破近5日高,有轉強跡象，但突破品質尚未完全成立。,v266.57.9,WATCH,0.55,0.35,0.75,8.0,600.0,最後後處理補寫：原分數+結構前置+續強品質+突破品質；不覆蓋原策略,0.0,,一般,6.56,v266.58.1,2026-10-01 01:22:38,突破中,4,13,準IGNITION,前狀態:觀察→今日:突破中｜狀態跳升｜具備點火條件,READY,v266.60.2,11.11,30.0,32.0,0.0,0.0,20.344,385.0,20/40/60結構佳｜續強品質佳｜主力佈局語意｜狀態升級強｜具升級旗標｜升級標籤,高優先準點火,v266.61,2026-10-01 01:22:44,24.0,洗盤不破承接｜狀態升級觸發｜狀態轉移轉強,準點火事件,具備起漲條件，可放入TEST/準IGNITION觀察。,14.977,388,v266.62,2026-10-01 01:22:46,24.0,0.0,40.0,0.0,2.56,量能安靜｜洗盤整理不破｜主力吸籌文字確認｜狀態轉移剛加速｜狀態剛升級,v266.68,2026-10-01 01:22:50,NOISE,雜訊：條件不足。,WATCH,239
2026-09-30,6844,WATCH,54,57.5,50-100,0.0,0,佈局觀察,波動壓縮 | 均線收斂 | 接近突破 | 結構尚可,True,False,False,True,False,True,6.0,B,起漲結構中,MA20走平翻揚｜40D平台收斂｜短中均線糾結｜40D低點守住｜接近/站回MA60,平台壓縮後轉強，可優先觀察起漲/試單。,v266.57.9,6.0,無原分數欄位｜僅顯示結構前置分數,828.0,7.0,A,續強品質強,回檔不破前低｜低點墊高確認｜收盤守MA5｜續強確認：收盤未跌破MA5｜回檔量縮,回檔承接尚可，若原策略入選，可優先觀察延續。,v266.57.9,5.8,0.55,0.5,GENERIC,測試排序分=原分數+結構前置分*策略權重+續強品質*策略權重；不覆蓋原策略,781.0,3.0,C,突破觀察,收盤接近高點｜突破近5日高,有轉強跡象，但突破品質尚未完全成立。,v266.57.9,WATCH,0.55,0.35,0.75,8.0,600.0,最後後處理補寫：原分數+結構前置+續強品質+突破品質；不覆蓋原策略,0.0,,一般,6.56,v266.58.1,2026-10-01 01:22:38,突破中,4,13,準IGNITION,前狀態:觀察→今日:突破中｜狀態跳升｜具備點火條件,READY,v266.60.2,11.11,30.0,32.0,0.0,0.0,20.344,385.0,20/40/60結構佳｜續強品質佳｜主力佈局語意｜狀態升級強｜具升級旗標｜升級標籤,高優先準點火,v266.61,2026-10-01 01:22:44,24.0,洗盤不破承接｜狀態升級觸發｜狀態轉移轉強,準點火事件,具備起漲條件，可放入TEST/準IGNITION觀察。,14.977,389,v266.62,2026-10-01 01:22:46,24.0,0.0,40.0,0.0,2.56,量能安靜｜洗盤整理不破｜主力吸籌文字確認｜狀態轉移剛加速｜狀態剛升級,v266.68,2026-10-01 01:22:50,NOISE,雜訊：條件不足。,WATCH,240
2026-09-30,6144,WATCH,54,12.55,50以下,0.0,0,佈局觀察,波動壓縮 | 均線收斂 | 接近突破 | 結構尚可,True,False,False,True,False,True,6.0,B,起漲結構中,MA20走平翻揚｜40D平台收斂｜短中均線糾結｜40D低點守住｜接近/站回MA60,平台壓縮後轉強，可優先觀察起漲/試單。,v266.57.9,6.0,無原分數欄位｜僅顯示結構前置分數,828.0,7.0,A,續強品質強,回檔不破前低｜低點墊高確認｜收盤守MA5｜續強確認：收盤未跌破MA5｜回檔量縮,回檔承接尚可，若原策略入選，可優先觀察延續。,v266.57.9,5.8,0.55,0.5,GENERIC,測試排序分=原分數+結構前置分*策略權重+續強品質*策略權重；不覆蓋原策略,781.0,3.0,C,突破觀察,收盤接近高點｜突破近5日高,有轉強跡象，但突破品質尚未完全成立。,v266.57.9,WATCH,0.55,0.35,0.75,8.0,600.0,最後後處理補寫：原分數+結構前置+續強品質+突破品質；不覆蓋原策略,0.0,,一般,6.56,v266.58.1,2026-10-01 01:22:38,突破中,4,13,準IGNITION,前狀態:觀察→今日:突破中｜狀態跳升｜具備點火條件,READY,v266.60.2,11.11,30.0,32.0,0.0,0.0,20.344,385.0,20/40/60結構佳｜續強品質佳｜主力佈局語意｜狀態升級強｜具升級旗標｜升級標籤,高優先準點火,v266.61,2026-10-01 01:22:44,24.0,洗盤不破承接｜狀態升級觸發｜狀態轉移轉強,準點火事件,具備起漲條件，可放入TEST/準IGNITION觀察。,14.977,390,v266.62,2026-10-01 01:22:46,24.0,0.0,40.0,0.0,2.56,量能安靜｜洗盤整理不破｜主力吸籌文字確認｜狀態轉移剛加速｜狀態剛升級,v266.68,2026-10-01 01:22:50,NOISE,雜訊：條件不足。,WATCH,241
2026-09-30,4726,WATCH,54,22.95,50以下,0.0,0,佈局觀察,波動壓縮 | 均線收斂 | 接近突破 | 結構尚可,True,False,False,True,False,True,6.0,B,起漲結構中,MA20走平翻揚｜40D平台收斂｜短中均線糾結｜40D低點守住｜接近/站回MA60,平台壓縮後轉強，可優先觀察起漲/試單。,v266.57.9,6.0,無原分數欄位｜僅顯示結構前置分數,828.0,7.0,A,續強品質強,回檔不破前低｜低點墊高確認｜收盤守MA5｜續強確認：收盤未跌破MA5｜回檔量縮,回檔承接尚可，若原策略入選，可優先觀察延續。,v266.57.9,5.8,0.55,0.5,GENERIC,測試排序分=原分數+結構前置分*策略權重+續強品質*策略權重；不覆蓋原策略,781.0,3.0,C,突破觀察,收盤接近高點｜突破近5日高,有轉強跡象，但突破品質尚未完全成立。,v266.57.9,WATCH,0.55,0.35,0.75,8.0,600.0,最後後處理補寫：原分數+結構前置+續強品質+突破品質；不覆蓋原策略,0.0,,一般,6.56,v266.58.1,2026-10-01 01:22:38,突破中,4,13,準IGNITION,前狀態:觀察→今日:突破中｜狀態跳升｜具備點火條件,READY,v266.60.2,11.11,30.0,32.0,0.0,0.0,20.344,385.0,20/40/60結構佳｜續強品質佳｜主力佈局語意｜狀態升級強｜具升級旗標｜升級標籤,高優先準點火,v266.61,2026-10-01 01:22:44,24.0,洗盤不破承接｜狀態升級觸發｜狀態轉移轉強,準點火事件,具備起漲條件，可放入TEST/準IGNITION觀察。,14.977,391,v266.62,2026-10-01 01:22:46,24.0,0.0,40.0,0.0,2.56,量能安靜｜洗盤整理不破｜主力吸籌文字確認｜狀態轉移剛加速｜狀態剛升級,v266.68,2026-10-01 01:22:50,NOISE,雜訊：條件不足。,WATCH,242
2026-09-30,6461,WATCH,54,24.45,50以下,0.0,0,佈局觀察,波動壓縮 | 均線收斂 | 接近突破 | 結構尚可,True,False,False,True,False,True,6.5,B,起漲結構中,MA20走平翻揚｜短中均線糾結｜40D低點守住｜接近/站回MA60｜MA60不再下彎｜站回60D區間中上,平台壓縮後轉強，可優先觀察起漲/試單。,v266.57.9,6.5,無原分數欄位｜僅顯示結構前置分數,824.0,6.0,B,續強品質中,回檔不破前低｜收盤守MA5｜續強確認：收盤未跌破MA5｜回檔量縮,回檔承接尚可，若原策略入選，可優先觀察延續。,v266.57.9,6.075,0.55,0.5,GENERIC,測試排序分=原分數+結構前置分*策略權重+續強品質*策略權重；不覆蓋原策略,757.0,3.0,C,突破觀察,收盤接近高點｜突破近5日高,有轉強跡象，但突破品質尚未完全成立。,v266.57.9,WATCH,0.55,0.35,0.75,7.925,613.0,最後後處理補寫：原分數+結構前置+續強品質+突破品質；不覆蓋原策略,0.0,,一般,6.498,v266.58.1,2026-10-01 01:22:38,突破中,4,13,準IGNITION,前狀態:觀察→今日:突破中｜狀態跳升｜具備點火條件,READY,v266.60.2,11.048,30.0,32.0,0.0,0.0,20.337,389.0,20/40/60結構佳｜續強品質佳｜主力佈局語意｜狀態升級強｜具升級旗標｜升級標籤,高優先準點火,v266.61,2026-10-01 01:22:44,24.0,洗盤不破承接｜狀態升級觸發｜狀態轉移轉強,準點火事件,具備起漲條件，可放入TEST/準IGNITION觀察。,14.934,392,v266.62,2026-10-01 01:22:46,24.0,0.0,40.0,0.0,2.56,量能安靜｜洗盤整理不破｜主力吸籌文字確認｜狀態轉移剛加速｜狀態剛升級,v266.68,2026-10-01 01:22:50,NOISE,雜訊：條件不足。,WATCH,243
2026-09-30,1453,WATCH,54,10.9,50以下,0.0,0,佈局觀察,波動壓縮 | 均線收斂 | 接近突破 | 結構尚可,True,False,False,True,False,True,6.0,B,起漲結構中,接近20日高｜40D平台收斂｜短中均線糾結｜40D低點守住｜接近/站回MA60,平台壓縮後轉強，可優先觀察起漲/試單。,v266.57.9,6.0,無原分數欄位｜僅顯示結構前置分數,828.0,7.0,A,續強品質強,回檔不破前低｜低點墊高確認｜收盤守MA5｜續強確認：收盤未跌破MA5｜回檔量縮,回檔承接尚可，若原策略入選，可優先觀察延續。,v266.57.9,5.8,0.55,0.5,GENERIC,測試排序分=原分數+結構前置分*策略權重+續強品質*策略權重；不覆蓋原策略,781.0,2.7,C,突破觀察,紅K實體放大｜量能較前日放大,有轉強跡象，但突破品質尚未完全成立。,v266.57.9,WATCH,0.55,0.35,0.75,7.775,621.0,最後後處理補寫：原分數+結構前置+續強品質+突破品質；不覆蓋原策略,0.0,,一般,6.376,v266.58.1,2026-10-01 01:22:38,突破中,4,13,準IGNITION,前狀態:觀察→今日:突破中｜狀態跳升｜具備點火條件,READY,v266.60.2,10.926,30.0,32.0,0.0,0.0,20.325,390.0,20/40/60結構佳｜續強品質佳｜主力佈局語意｜狀態升級強｜具升級旗標｜升級標籤,高優先準點火,v266.61,2026-10-01 01:22:44,24.0,洗盤不破承接｜狀態升級觸發｜狀態轉移轉強,準點火事件,具備起漲條件，可放入TEST/準IGNITION觀察。,14.848,393,v266.62,2026-10-01 01:22:46,24.0,0.0,40.0,0.0,2.56,量能安靜｜洗盤整理不破｜主力吸籌文字確認｜狀態轉移剛加速｜狀態剛升級,v266.68,2026-10-01 01:22:50,NOISE,雜訊：條件不足。,WATCH,244
2026-09-30,1231,WATCH,54,79.6,50-100,0.0,0,佈局觀察,波動壓縮 | 均線收斂 | 接近突破 | 結構尚可,True,False,False,True,False,True,6.0,B,起漲結構中,接近20日高｜40D平台收斂｜短中均線糾結｜40D低點守住｜近5日量縮,平台壓縮後轉強，可優先觀察起漲/試單。,v266.57.9,6.0,無原分數欄位｜僅顯示結構前置分數,828.0,6.8,B,續強品質中,回檔不破前低｜低點墊高確認｜收盤守MA5｜回測守MA10｜回檔量縮,回檔承接尚可，若原策略入選，可優先觀察延續。,v266.57.9,5.8,0.55,0.5,GENERIC,測試排序分=原分數+結構前置分*策略權重+續強品質*策略權重；不覆蓋原策略,781.0,2.7,C,突破觀察,收盤接近高點｜量能較前日放大,有轉強跡象，但突破品質尚未完全成立。,v266.57.9,WATCH,0.55,0.35,0.75,7.705,633.0,最後後處理補寫：原分數+結構前置+續強品質+突破品質；不覆蓋原策略,0.0,,一般,6.318,v266.58.1,2026-10-01 01:22:38,突破中,4,13,準IGNITION,前狀態:觀察→今日:突破中｜狀態跳升｜具備點火條件,READY,v266.60.2,10.868,30.0,32.0,0.0,0.0,20.319,391.0,20/40/60結構佳｜續強品質佳｜主力佈局語意｜狀態升級強｜具升級旗標｜升級標籤,高優先準點火,v266.61,2026-10-01 01:22:44,24.0,洗盤不破承接｜狀態升級觸發｜狀態轉移轉強,準點火事件,具備起漲條件，可放入TEST/準IGNITION觀察。,14.808,394,v266.62,2026-10-01 01:22:46,24.0,0.0,40.0,0.0,2.56,量能安靜｜洗盤整理不破｜主力吸籌文字確認｜狀態轉移剛加速｜狀態剛升級,v266.68,2026-10-01 01:22:50,NOISE,雜訊：條件不足。,WATCH,245
2026-09-30,2906,WATCH,54,13.4,50以下,0.0,0,佈局觀察,波動壓縮 | 均線收斂 | 接近突破 | 結構尚可,True,False,False,True,False,True,7.0,B,起漲結構中,40D平台收斂｜短中均線糾結｜40D低點守住｜接近/站回MA60｜MA60不再下彎｜近5日量縮,平台壓縮後轉強，可優先觀察起漲/試單。,v266.57.9,7.0,無原分數欄位｜僅顯示結構前置分數,710.0,5.0,B,續強品質中,回檔不破前低｜低點墊高確認｜收盤守MA5｜回檔量縮｜扣分:跌破短均,回檔承接尚可，若原策略入選，可優先觀察延續。,v266.57.9,6.35,0.55,0.5,GENERIC,測試排序分=原分數+結構前置分*策略權重+續強品質*策略權重；不覆蓋原策略,693.0,2.7,C,突破觀察,收盤接近高點｜量能較前日放大,有轉強跡象，但突破品質尚未完全成立。,v266.57.9,WATCH,0.55,0.35,0.75,7.625,647.0,最後後處理補寫：原分數+結構前置+續強品質+突破品質；不覆蓋原策略,0.0,,一般,6.252,v266.58.1,2026-10-01 01:22:38,突破中,4,13,準IGNITION,前狀態:觀察→今日:突破中｜狀態跳升｜具備點火條件,READY,v266.60.2,10.802,30.0,32.0,0.0,0.0,20.313,392.0,20/40/60結構佳｜續強品質佳｜主力佈局語意｜狀態升級強｜具升級旗標｜升級標籤,高優先準點火,v266.61,2026-10-01 01:22:44,24.0,洗盤不破承接｜狀態升級觸發｜狀態轉移轉強,準點火事件,具備起漲條件，可放入TEST/準IGNITION觀察。,14.761,395,v266.62,2026-10-01 01:22:46,24.0,0.0,40.0,0.0,2.56,量能安靜｜洗盤整理不破｜主力吸籌文字確認｜狀態轉移剛加速｜狀態剛升級,v266.68,2026-10-01 01:22:50,NOISE,雜訊：條件不足。,WATCH,246
2026-09-30,4583,WATCH,52,426.5,100-500,0.0,0,佈局觀察,波動壓縮 | 安靜吸籌 | 均線收斂,True,True,False,True,False,False,7.0,B,起漲結構中,MA5站上MA10｜40D平台收斂｜短中均線糾結｜近5日量縮｜量縮後溫和放量,平台壓縮後轉強，可優先觀察起漲/試單。,v266.57.9,7.0,無原分數欄位｜僅顯示結構前置分數,710.0,6.5,B,續強品質中,回檔不破前低｜低點墊高確認｜回測守MA10｜回檔量縮｜MA5仍在MA10上,回檔承接尚可，若原策略入選，可優先觀察延續。,v266.57.9,6.6,0.55,0.5,GENERIC,測試排序分=原分數+結構前置分*策略權重+續強品質*策略權重；不覆蓋原策略,673.0,2.0,C,突破觀察,量能較前日放大｜短均多頭,有轉強跡象，但突破品質尚未完全成立。,v266.57.9,WATCH,0.55,0.35,0.75,7.625,647.0,最後後處理補寫：原分數+結構前置+續強品質+突破品質；不覆蓋原策略,0.0,,一般,6.252,v266.58.1,2026-10-01 01:22:38,突破中,4,13,準IGNITION,前狀態:觀察→今日:突破中｜狀態跳升｜具備點火條件,READY,v266.60.2,10.802,30.0,32.0,0.0,0.0,20.313,392.0,20/40/60結構佳｜續強品質佳｜主力佈局語意｜狀態升級強｜具升級旗標｜升級標籤,高優先準點火,v266.61,2026-10-01 01:22:44,24.0,洗盤不破承接｜狀態升級觸發｜狀態轉移轉強,準點火事件,具備起漲條件，可放入TEST/準IGNITION觀察。,14.761,396,v266.62,2026-10-01 01:22:46,24.0,0.0,40.0,0.0,2.56,量能安靜｜洗盤整理不破｜主力吸籌文字確認｜狀態轉移剛加速｜狀態剛升級,v266.68,2026-10-01 01:22:50,NOISE,雜訊：條件不足。,WATCH,247
2026-09-30,6961,WATCH,54,48.1,50以下,0.0,0,佈局觀察,波動壓縮 | 均線收斂 | 接近突破 | 結構尚可,True,False,False,True,False,True,6.0,B,起漲結構中,MA20走平翻揚｜40D平台收斂｜短中均線糾結｜40D低點守住｜接近/站回MA60,平台壓縮後轉強，可優先觀察起漲/試單。,v266.57.9,6.0,無原分數欄位｜僅顯示結構前置分數,828.0,5.5,B,續強品質中,回檔不破前低｜低點墊高確認｜收盤守MA5｜續強確認：收盤未跌破MA5,回檔承接尚可，若原策略入選，可優先觀察延續。,v266.57.9,5.05,0.55,0.5,GENERIC,測試排序分=原分數+結構前置分*策略權重+續強品質*策略權重；不覆蓋原策略,865.0,3.0,C,突破觀察,收盤接近高點｜突破近5日高,有轉強跡象，但突破品質尚未完全成立。,v266.57.9,WATCH,0.55,0.35,0.75,7.475,671.0,最後後處理補寫：原分數+結構前置+續強品質+突破品質；不覆蓋原策略,0.0,,一般,6.129,v266.58.1,2026-10-01 01:22:38,突破中,4,13,準IGNITION,前狀態:觀察→今日:突破中｜狀態跳升｜具備點火條件,READY,v266.60.2,10.679,30.0,32.0,0.0,0.0,20.3,394.0,20/40/60結構佳｜續強品質佳｜主力佈局語意｜狀態升級強｜具升級旗標｜升級標籤,高優先準點火,v266.61,2026-10-01 01:22:44,24.0,洗盤不破承接｜狀態升級觸發｜狀態轉移轉強,準點火事件,具備起漲條件，可放入TEST/準IGNITION觀察。,14.675,397,v266.62,2026-10-01 01:22:46,24.0,0.0,40.0,0.0,2.56,量能安靜｜洗盤整理不破｜主力吸籌文字確認｜狀態轉移剛加速｜狀態剛升級,v266.68,2026-10-01 01:22:50,NOISE,雜訊：條件不足。,WATCH,248
2026-09-30,1234,WATCH,54,33.0,50以下,0.0,0,佈局觀察,波動壓縮 | 均線收斂 | 接近突破 | 結構尚可,True,False,False,True,False,True,6.0,B,起漲結構中,接近20日高｜40D平台收斂｜短中均線糾結｜40D低點守住｜接近/站回MA60,平台壓縮後轉強，可優先觀察起漲/試單。,v266.57.9,6.0,無原分數欄位｜僅顯示結構前置分數,828.0,5.3,B,續強品質中,回檔不破前低｜低點墊高確認｜收盤守MA5｜回測守MA10,回檔承接尚可，若原策略入選，可優先觀察延續。,v266.57.9,5.05,0.55,0.5,GENERIC,測試排序分=原分數+結構前置分*策略權重+續強品質*策略權重；不覆蓋原策略,865.0,3.0,C,突破觀察,紅K實體放大｜收盤接近高點,有轉強跡象，但突破品質尚未完全成立。,v266.57.9,WATCH,0.55,0.35,0.75,7.405,681.0,最後後處理補寫：原分數+結構前置+續強品質+突破品質；不覆蓋原策略,0.0,,一般,6.072,v266.58.1,2026-10-01 01:22:38,突破中,4,13,準IGNITION,前狀態:觀察→今日:突破中｜狀態跳升｜具備點火條件,READY,v266.60.2,10.622,30.0,32.0,0.0,0.0,20.295,395.0,20/40/60結構佳｜續強品質佳｜主力佈局語意｜狀態升級強｜具升級旗標｜升級標籤,高優先準點火,v266.61,2026-10-01 01:22:44,24.0,洗盤不破承接｜狀態升級觸發｜狀態轉移轉強,準點火事件,具備起漲條件，可放入TEST/準IGNITION觀察。,14.635,398,v266.62,2026-10-01 01:22:46,24.0,0.0,40.0,0.0,2.56,量能安靜｜洗盤整理不破｜主力吸籌文字確認｜狀態轉移剛加速｜狀態剛升級,v266.68,2026-10-01 01:22:50,NOISE,雜訊：條件不足。,WATCH,249
2026-09-30,3588,TEST,66,53.9,50-100,0.005,5000,佈局高機率,波動壓縮 | 安靜吸籌 | 均線收斂 | 接近突破,True,True,False,True,False,True,11.6,A,起漲結構強,20D站上MA20｜MA5站上MA10｜接近20日高｜40D平台收斂｜短中均線糾結｜40D低點守住｜接近/站回MA60｜量縮後溫和放量｜5D動能轉正｜10D動能轉正,平台壓縮後轉強，可優先觀察起漲/試單。,v266.57.9,11.6,無原分數欄位｜僅顯示結構前置分數,97.0,8.7,A,續強品質強,回檔不破前低｜低點墊高確認｜收盤守MA5｜續強確認：收盤未跌破MA5｜MA5仍在MA10上｜仍站MA20｜10D動能維持,回檔承接尚可，若原策略入選，可優先觀察延續。,v266.57.9,9.73,0.55,0.5,GENERIC,測試排序分=原分數+結構前置分*策略權重+續強品質*策略權重；不覆蓋原策略,102.0,1.0,D,突破不足,量能較前日放大｜短均多頭｜扣分:收盤位置偏弱,尚未形成乾淨突破，不急著升級。,v266.57.9,TEST,0.8,0.5,0.9,14.53,65.0,最後後處理補寫：原分數+結構前置+續強品質+突破品質；不覆蓋原策略,0.0,,一般,11.915,v266.58.1,2026-10-01 01:22:38,觀察,0,0,持續觀察,前狀態:觀察→今日:觀察,NO,v266.60.2,11.915,30.0,0.0,0.0,0.0,11.692,410.0,20/40/60結構佳｜續強品質佳｜主力佈局語意,起漲前優先,v266.61,2026-10-01 01:22:44,8.0,洗盤不破承接,無事件,等待下一次確認。,10.74,410,v266.62,2026-10-01 01:22:46,24.0,0.0,18.0,0.0,-4.12,量能安靜｜洗盤整理不破｜主力吸籌文字確認,v266.68,2026-10-01 01:22:50,NOISE,雜訊：條件不足。,WATCH,250
2026-09-30,9105,TEST,72,8.53,50以下,0.005,5000,佈局高機率,波動壓縮 | 安靜吸籌 | 均線收斂 | 接近突破 | 結構尚可,True,True,False,True,False,True,11.6,A,起漲結構強,MA20走平翻揚｜MA5站上MA10｜40D平台收斂｜短中均線糾結｜40D低點守住｜接近/站回MA60｜站回60D區間中上｜量縮後溫和放量｜5D動能轉正｜10D動能轉正,平台壓縮後轉強，可優先觀察起漲/試單。,v266.57.9,11.6,無原分數欄位｜僅顯示結構前置分數,97.0,7.7,A,續強品質強,回檔不破前低｜低點墊高確認｜收盤守MA5｜續強確認：收盤未跌破MA5｜MA5仍在MA10上｜10D動能維持,回檔承接尚可，若原策略入選，可優先觀察延續。,v266.57.9,9.23,0.55,0.5,GENERIC,測試排序分=原分數+結構前置分*策略權重+續強品質*策略權重；不覆蓋原策略,161.0,1.0,D,突破不足,量能較前日放大｜短均多頭｜扣分:收盤位置偏弱,尚未形成乾淨突破，不急著升級。,v266.57.9,TEST,0.8,0.5,0.9,14.03,84.0,最後後處理補寫：原分數+結構前置+續強品質+突破品質；不覆蓋原策略,0.0,,一般,11.505,v266.58.1,2026-10-01 01:22:38,觀察,0,0,持續觀察,前狀態:觀察→今日:觀察,NO,v266.60.2,11.505,30.0,0.0,0.0,0.0,11.651,411.0,20/40/60結構佳｜續強品質佳｜主力佈局語意,起漲前優先,v266.61,2026-10-01 01:22:44,8.0,洗盤不破承接,無事件,等待下一次確認。,10.454,414,v266.62,2026-10-01 01:22:46,24.0,0.0,18.0,0.0,-4.12,量能安靜｜洗盤整理不破｜主力吸籌文字確認,v266.68,2026-10-01 01:22:50,NOISE,雜訊：條件不足。,WATCH,251
2026-04-28,4987,TEST,68,81.5,50-100,0.005,5000,佈局高機率,波動壓縮 | 洗盤收回 | 均線收斂 | 接近突破 | 結構尚可,True,False,True,True,False,True,12.0,A,起漲結構強,20D站上MA20｜MA20走平翻揚｜MA5站上MA10｜接近20日高｜40D平台收斂｜短中均線糾結｜40D低點守住｜接近/站回MA60｜MA60不再下彎｜站回60D區間中上｜近5日量縮｜10D動能轉正,平台壓縮後轉強，可優先觀察起漲/試單。,v266.57.9,12.0,無原分數欄位｜僅顯示結構前置分數,1.0,10.0,A,續強品質強,回檔不破前低｜低點墊高確認｜收盤守MA5｜續強確認：收盤未跌破MA5｜回檔量縮｜MA5仍在MA10上｜仍站MA20｜10D動能維持,回檔承接尚可，若原策略入選，可優先觀察延續。,v266.57.9,10.7,0.55,0.5,GENERIC,測試排序分=原分數+結構前置分*策略權重+續強品質*策略權重；不覆蓋原策略,1.0,1.3,D,突破不足,突破近5日高｜短均多頭｜扣分:收盤位置偏弱,尚未形成乾淨突破，不急著升級。,v266.57.9,TEST,0.8,0.5,0.9,15.77,37.0,最後後處理補寫：原分數+結構前置+續強品質+突破品質；不覆蓋原策略,0.0,,一般,12.931,v266.58.1,2026-10-01 01:22:38,觀察,0,-5,降級風險,前狀態:突破中→今日:觀察｜狀態降級,RISK,v266.60.2,11.181,30.0,0.0,0.0,15.0,5.406,697.0,20/40/60結構佳｜續強品質佳｜主力佈局語意｜風險語意扣分,過熱降權,v266.61,2026-10-01 01:22:44,8.0,洗盤不破承接,無事件,等待下一次確認。,10.227,416,v266.62,2026-10-01 01:22:46,24.0,0.0,18.0,0.0,-4.12,量能安靜｜洗盤整理不破｜主力吸籌文字確認,v266.68,2026-10-01 01:22:50,NOISE,雜訊：條件不足。,WATCH,252
2026-09-30,3583,TEST,66,707.0,500-1000,0.005,5000,佈局高機率,波動壓縮 | 安靜吸籌 | 均線收斂 | 放量吸收,True,True,False,True,True,False,10.6,A,起漲結構強,MA5站上MA10｜40D平台收斂｜短中均線糾結｜40D低點守住｜接近/站回MA60｜近5日量縮｜量縮後溫和放量｜5D動能轉正｜10D動能轉正,平台壓縮後轉強，可優先觀察起漲/試單。,v266.57.9,8.6,無原分數欄位｜僅顯示結構前置分數,538.0,9.2,A,續強品質強,回檔不破前低｜低點墊高確認｜收盤守MA5｜續強確認：收盤未跌破MA5｜回檔量縮｜MA5仍在MA10上｜10D動能維持,回檔承接尚可，若原策略入選，可優先觀察延續。,v266.57.9,7.58,0.55,0.5,GENERIC,測試排序分=原分數+結構前置分*策略權重+續強品質*策略權重；不覆蓋原策略,487.0,-0.2,D,突破不足,量能較前日放大｜短均多頭｜扣分:收盤位置偏弱、上影偏長,尚未形成乾淨突破，不急著升級。,v266.57.9,TEST,0.8,0.5,0.9,12.9,129.0,最後後處理補寫：原分數+結構前置+續強品質+突破品質；不覆蓋原策略,0.0,,一般,10.578,v266.58.1,2026-10-01 01:22:38,觀察,0,0,持續觀察,前狀態:觀察→今日:觀察,NO,v266.60.2,10.578,30.0,0.0,0.0,0.0,11.558,412.0,20/40/60結構佳｜續強品質佳｜主力佈局語意,起漲前優先,v266.61,2026-10-01 01:22:44,8.0,洗盤不破承接,無事件,等待下一次確認。,9.805,419,v266.62,2026-10-01 01:22:46,24.0,0.0,18.0,0.0,-4.12,量能安靜｜洗盤整理不破｜主力吸籌文字確認,v266.68,2026-10-01 01:22:50,NOISE,雜訊：條件不足。,WATCH,253
2026-09-30,1773,TEST,68,167.5,100-500,0.005,5000,佈局高機率,安靜吸籌 | 均線收斂 | 放量吸收 | 接近突破 | 結構尚可,False,True,False,True,True,True,12.0,A,起漲結構強,20D站上MA20｜MA20走平翻揚｜MA5站上MA10｜接近20日高｜40D平台收斂｜短中均線糾結｜40D低點守住｜接近/站回MA60｜站回60D區間中上｜量縮後溫和放量｜5D動能轉正｜10D動能轉正,平台壓縮後轉強，可優先觀察起漲/試單。,v266.57.9,11.6,無原分數欄位｜僅顯示結構前置分數,97.0,8.7,A,續強品質強,回檔不破前低｜低點墊高確認｜收盤守MA5｜續強確認：收盤未跌破MA5｜MA5仍在MA10上｜仍站MA20｜10D動能維持,回檔承接尚可，若原策略入選，可優先觀察延續。,v266.57.9,8.98,0.55,0.5,GENERIC,測試排序分=原分數+結構前置分*策略權重+續強品質*策略權重；不覆蓋原策略,205.0,1.0,D,突破不足,量能較前日放大｜MA5加速上彎｜短均多頭｜扣分:收盤位置偏弱、上影偏長,尚未形成乾淨突破，不急著升級。,v266.57.9,TEST,0.8,0.5,0.9,14.85,50.0,最後後處理補寫：原分數+結構前置+續強品質+突破品質；不覆蓋原策略,0.0,,一般,12.177,v266.58.1,2026-10-01 01:22:38,觀察,0,-5,降級風險,前狀態:洗盤吸籌→今日:觀察｜狀態降級,RISK,v266.60.2,10.427,30.0,0.0,0.0,15.0,5.33,698.0,20/40/60結構佳｜續強品質佳｜主力佈局語意｜風險語意扣分,過熱降權,v266.61,2026-10-01 01:22:44,8.0,洗盤不破承接,無事件,等待下一次確認。,9.699,420,v266.62,2026-10-01 01:22:46,24.0,0.0,18.0,0.0,-4.12,量能安靜｜洗盤整理不破｜主力吸籌文字確認,v266.68,2026-10-01 01:22:50,NOISE,雜訊：條件不足。,WATCH,254
2026-09-30,8081,TEST,66,251.5,100-500,0.005,5000,佈局高機率,波動壓縮 | 安靜吸籌 | 均線收斂 | 接近突破,True,True,False,True,False,True,11.6,A,起漲結構強,20D站上MA20｜MA5站上MA10｜接近20日高｜40D平台收斂｜短中均線糾結｜40D低點守住｜接近/站回MA60｜量縮後溫和放量｜5D動能轉正｜10D動能轉正,平台壓縮後轉強，可優先觀察起漲/試單。,v266.57.9,11.6,無原分數欄位｜僅顯示結構前置分數,97.0,8.5,A,續強品質強,回檔不破前低｜低點墊高確認｜收盤守MA5｜回測守MA10｜MA5仍在MA10上｜仍站MA20｜10D動能維持,回檔承接尚可，若原策略入選，可優先觀察延續。,v266.57.9,9.73,0.55,0.5,GENERIC,測試排序分=原分數+結構前置分*策略權重+續強品質*策略權重；不覆蓋原策略,102.0,1.0,D,突破不足,量能較前日放大｜短均多頭｜扣分:收盤位置偏弱,尚未形成乾淨突破，不急著升級。,v266.57.9,TEST,0.8,0.5,0.9,14.43,71.0,最後後處理補寫：原分數+結構前置+續強品質+突破品質；不覆蓋原策略,0.0,,一般,11.833,v266.58.1,2026-10-01 01:22:38,觀察,0,-5,降級風險,前狀態:試盤中→今日:觀察｜狀態降級,RISK,v266.60.2,10.083,30.0,0.0,0.0,15.0,5.296,699.0,20/40/60結構佳｜續強品質佳｜主力佈局語意｜風險語意扣分,過熱降權,v266.61,2026-10-01 01:22:44,8.0,洗盤不破承接,無事件,等待下一次確認。,9.458,422,v266.62,2026-10-01 01:22:46,24.0,0.0,18.0,0.0,-4.12,量能安靜｜洗盤整理不破｜主力吸籌文字確認,v266.68,2026-10-01 01:22:50,NOISE,雜訊：條件不足。,WATCH,255
2026-09-30,6278,TEST,70,218.0,100-500,0.005,5000,佈局高機率,波動壓縮 | 安靜吸籌 | 放量吸收 | 接近突破 | 結構尚可,True,True,False,False,True,True,12.0,A,起漲結構強,20D站上MA20｜MA20走平翻揚｜MA5站上MA10｜接近20日高｜短中均線糾結｜40D低點守住｜接近/站回MA60｜MA60不再下彎｜站回60D區間中上｜量縮後溫和放量｜5D動能轉正｜10D動能轉正,平台壓縮後轉強，可優先觀察起漲/試單。,v266.57.9,12.0,無原分數欄位｜僅顯示結構前置分數,1.0,7.5,A,續強品質強,回檔不破前低｜低點墊高確認｜收盤守MA5｜續強確認：收盤未跌破MA5｜MA5仍在MA10上｜仍站MA20｜10D動能維持｜扣分:回檔量放大,回檔承接尚可，若原策略入選，可優先觀察延續。,v266.57.9,9.35,0.55,0.5,GENERIC,測試排序分=原分數+結構前置分*策略權重+續強品質*策略權重；不覆蓋原策略,156.0,1.0,D,突破不足,MA5加速上彎｜短均多頭｜扣分:收盤位置偏弱,尚未形成乾淨突破，不急著升級。,v266.57.9,TEST,0.8,0.5,0.9,14.25,74.0,最後後處理補寫：原分數+結構前置+續強品質+突破品質；不覆蓋原策略,0.0,,一般,11.685,v266.58.1,2026-10-01 01:22:38,觀察,0,-5,降級風險,前狀態:試盤中→今日:觀察｜狀態降級,RISK,v266.60.2,9.935,30.0,0.0,0.0,15.0,5.281,701.0,20/40/60結構佳｜續強品質佳｜主力佈局語意｜風險語意扣分,過熱降權,v266.61,2026-10-01 01:22:44,8.0,洗盤不破承接,無事件,等待下一次確認。,9.354,423,v266.62,2026-10-01 01:22:46,24.0,0.0,18.0,0.0,-4.12,量能安靜｜洗盤整理不破｜主力吸籌文字確認,v266.68,2026-10-01 01:22:50,NOISE,雜訊：條件不足。,WATCH,256
2026-09-30,2498,TEST,72,42.9,50以下,0.005,5000,佈局高機率,波動壓縮 | 安靜吸籌 | 均線收斂 | 接近突破 | 結構尚可,True,True,False,True,False,True,11.6,A,起漲結構強,20D站上MA20｜MA20走平翻揚｜MA5站上MA10｜接近20日高｜40D平台收斂｜短中均線糾結｜40D低點守住｜接近/站回MA60｜站回60D區間中上｜5D動能轉正｜10D動能轉正,平台壓縮後轉強，可優先觀察起漲/試單。,v266.57.9,11.6,無原分數欄位｜僅顯示結構前置分數,97.0,7.5,A,續強品質強,回檔不破前低｜低點墊高確認｜收盤守MA5｜續強確認：收盤未跌破MA5｜MA5仍在MA10上｜仍站MA20｜10D動能維持｜扣分:回檔量放大,回檔承接尚可，若原策略入選，可優先觀察延續。,v266.57.9,9.13,0.55,0.5,GENERIC,測試排序分=原分數+結構前置分*策略權重+續強品質*策略權重；不覆蓋原策略,180.0,1.0,D,突破不足,量能較前日放大｜短均多頭｜扣分:收盤位置偏弱,尚未形成乾淨突破，不急著升級。,v266.57.9,TEST,0.8,0.5,0.9,13.93,87.0,最後後處理補寫：原分數+結構前置+續強品質+突破品質；不覆蓋原策略,0.0,,一般,11.423,v266.58.1,2026-10-01 01:22:38,觀察,0,-5,降級風險,前狀態:洗盤吸籌→今日:觀察｜狀態降級,RISK,v266.60.2,9.673,30.0,0.0,0.0,15.0,5.255,702.0,20/40/60結構佳｜續強品質佳｜主力佈局語意｜風險語意扣分,過熱降權,v266.61,2026-10-01 01:22:44,8.0,洗盤不破承接,無事件,等待下一次確認。,9.171,424,v266.62,2026-10-01 01:22:46,24.0,0.0,18.0,0.0,-4.12,量能安靜｜洗盤整理不破｜主力吸籌文字確認,v266.68,2026-10-01 01:22:50,NOISE,雜訊：條件不足。,WATCH,257
2026-09-30,6887,TEST,72,38.1,50以下,0.005,5000,佈局高機率,波動壓縮 | 安靜吸籌 | 均線收斂 | 接近突破 | 結構尚可,True,True,False,True,False,True,12.0,A,起漲結構強,20D站上MA20｜MA20走平翻揚｜MA5站上MA10｜40D平台收斂｜短中均線糾結｜40D低點守住｜接近/站回MA60｜MA60不再下彎｜站回60D區間中上｜量縮後溫和放量,平台壓縮後轉強，可優先觀察起漲/試單。,v266.57.9,12.0,無原分數欄位｜僅顯示結構前置分數,1.0,6.0,B,續強品質中,回檔不破前低｜低點墊高確認｜回測守MA10｜MA5仍在MA10上｜仍站MA20,回檔承接尚可，若原策略入選，可優先觀察延續。,v266.57.9,9.1,0.55,0.5,GENERIC,測試排序分=原分數+結構前置分*策略權重+續強品質*策略權重；不覆蓋原策略,181.0,1.0,D,突破不足,量能較前日放大｜短均多頭｜扣分:收盤位置偏弱,尚未形成乾淨突破，不急著升級。,v266.57.9,TEST,0.8,0.5,0.9,13.5,100.0,最後後處理補寫：原分數+結構前置+續強品質+突破品質；不覆蓋原策略,0.0,,一般,11.07,v266.58.1,2026-10-01 01:22:38,觀察,0,-5,降級風險,前狀態:突破中→今日:觀察｜狀態降級,RISK,v266.60.2,9.32,30.0,0.0,0.0,15.0,5.219,703.0,20/40/60結構佳｜續強品質佳｜主力佈局語意｜風險語意扣分,過熱降權,v266.61,2026-10-01 01:22:44,8.0,洗盤不破承接,無事件,等待下一次確認。,8.924,425,v266.62,2026-10-01 01:22:46,24.0,0.0,18.0,0.0,-4.12,量能安靜｜洗盤整理不破｜主力吸籌文字確認,v266.68,2026-10-01 01:22:50,NOISE,雜訊：條件不足。,WATCH,258
2026-09-30,3034,TEST,72,546.0,500-1000,0.005,5000,佈局高機率,波動壓縮 | 安靜吸籌 | 均線收斂 | 接近突破 | 結構尚可,True,True,False,True,False,True,11.0,A,起漲結構強,20D站上MA20｜接近20日高｜40D平台收斂｜短中均線糾結｜40D低點守住｜接近/站回MA60｜MA60不再下彎｜站回60D區間中上｜量縮後溫和放量,平台壓縮後轉強，可優先觀察起漲/試單。,v266.57.9,9.0,無原分數欄位｜僅顯示結構前置分數,391.0,6.3,B,續強品質中,回檔不破前低｜低點墊高確認｜收盤守MA5｜回測守MA10｜仍站MA20,回檔承接尚可，若原策略入選，可優先觀察延續。,v266.57.9,6.45,0.55,0.5,GENERIC,測試排序分=原分數+結構前置分*策略權重+續強品質*策略權重；不覆蓋原策略,687.0,1.2,D,突破不足,量能較前日放大,尚未形成乾淨突破，不急著升級。,v266.57.9,TEST,0.8,0.5,0.9,13.03,123.0,最後後處理補寫：原分數+結構前置+續強品質+突破品質；不覆蓋原策略,0.0,,一般,10.685,v266.58.1,2026-10-01 01:22:38,觀察,0,-5,降級風險,前狀態:突破中→今日:觀察｜狀態降級,RISK,v266.60.2,8.935,30.0,0.0,0.0,15.0,5.181,705.0,20/40/60結構佳｜續強品質佳｜主力佈局語意｜風險語意扣分,過熱降權,v266.61,2026-10-01 01:22:44,8.0,洗盤不破承接,無事件,等待下一次確認。,8.654,428,v266.62,2026-10-01 01:22:46,24.0,0.0,18.0,0.0,-4.12,量能安靜｜洗盤整理不破｜主力吸籌文字確認,v266.68,2026-10-01 01:22:50,NOISE,雜訊：條件不足。,WATCH,259
2026-09-30,1736,WATCH,54,128.5,100-500,0.0,0,佈局觀察,波動壓縮 | 均線收斂 | 接近突破 | 結構尚可,True,False,False,True,False,True,12.0,A,起漲結構強,20D站上MA20｜MA20走平翻揚｜MA5站上MA10｜接近20日高｜40D平台收斂｜短中均線糾結｜40D低點守住｜接近/站回MA60｜MA60不再下彎｜近5日量縮｜5D動能轉正｜10D動能轉正,平台壓縮後轉強，可優先觀察起漲/試單。,v266.57.9,12.0,無原分數欄位｜僅顯示結構前置分數,1.0,10.0,A,續強品質強,回檔不破前低｜低點墊高確認｜收盤守MA5｜續強確認：收盤未跌破MA5｜回檔量縮｜MA5仍在MA10上｜仍站MA20｜10D動能維持,回檔承接尚可，若原策略入選，可優先觀察延續。,v266.57.9,10.7,0.55,0.5,GENERIC,測試排序分=原分數+結構前置分*策略權重+續強品質*策略權重；不覆蓋原策略,1.0,1.0,D,突破不足,MA5加速上彎｜短均多頭｜扣分:收盤位置偏弱,尚未形成乾淨突破，不急著升級。,v266.57.9,WATCH,0.55,0.35,0.75,10.85,245.0,最後後處理補寫：原分數+結構前置+續強品質+突破品質；不覆蓋原策略,0.0,,一般,8.897,v266.58.1,2026-10-01 01:22:38,觀察,0,0,持續觀察,前狀態:觀察→今日:觀察,NO,v266.60.2,8.897,30.0,0.0,0.0,0.0,11.39,413.0,20/40/60結構佳｜續強品質佳｜主力佈局語意,起漲前優先,v266.61,2026-10-01 01:22:44,8.0,洗盤不破承接,無事件,等待下一次確認。,8.628,429,v266.62,2026-10-01 01:22:46,24.0,0.0,18.0,0.0,-4.12,量能安靜｜洗盤整理不破｜主力吸籌文字確認,v266.68,2026-10-01 01:22:50,NOISE,雜訊：條件不足。,WATCH,260
2026-09-30,2006,TEST,72,85.4,50-100,0.005,5000,佈局高機率,波動壓縮 | 安靜吸籌 | 均線收斂 | 接近突破 | 結構尚可,True,True,False,True,False,True,12.0,A,起漲結構強,20D站上MA20｜MA20走平翻揚｜MA5站上MA10｜40D平台收斂｜短中均線糾結｜40D低點守住｜接近/站回MA60｜MA60不再下彎｜站回60D區間中上｜量縮後溫和放量｜10D動能轉正,平台壓縮後轉強，可優先觀察起漲/試單。,v266.57.9,10.8,無原分數欄位｜僅顯示結構前置分數,197.0,7.0,A,續強品質強,回檔不破前低｜低點墊高確認｜回測守MA10｜MA5仍在MA10上｜仍站MA20｜10D動能維持,回檔承接尚可，若原策略入選，可優先觀察延續。,v266.57.9,8.19,0.55,0.5,GENERIC,測試排序分=原分數+結構前置分*策略權重+續強品質*策略權重；不覆蓋原策略,354.0,-0.2,D,突破不足,量能較前日放大｜短均多頭｜扣分:收盤位置偏弱、上影偏長,尚未形成乾淨突破，不急著升級。,v266.57.9,TEST,0.8,0.5,0.9,12.92,128.0,最後後處理補寫：原分數+結構前置+續強品質+突破品質；不覆蓋原策略,0.0,,一般,10.594,v266.58.1,2026-10-01 01:22:38,觀察,0,-5,降級風險,前狀態:突破中→今日:觀察｜狀態降級,RISK,v266.60.2,8.844,30.0,0.0,0.0,15.0,5.172,706.0,20/40/60結構佳｜續強品質佳｜主力佈局語意｜風險語意扣分,過熱降權,v266.61,2026-10-01 01:22:44,8.0,洗盤不破承接,無事件,等待下一次確認。,8.591,430,v266.62,2026-10-01 01:22:46,24.0,0.0,18.0,0.0,-4.12,量能安靜｜洗盤整理不破｜主力吸籌文字確認,v266.68,2026-10-01 01:22:50,NOISE,雜訊：條件不足。,WATCH,261
2026-08-19,2867,TEST,68,9.7,50以下,0.005,5000,佈局高機率,安靜吸籌 | 均線收斂 | 放量吸收 | 接近突破 | 結構尚可,False,True,False,True,True,True,10.3,A,起漲結構強,20D站上MA20｜MA20走平翻揚｜MA5站上MA10｜接近20日高｜40D平台收斂｜短中均線糾結｜40D低點守住｜接近/站回MA60｜MA60不再下彎｜站回60D區間中上｜5D動能轉正｜扣分:單日爆量偏高,平台壓縮後轉強，可優先觀察起漲/試單。,v266.57.9,10.3,無原分數欄位｜僅顯示結構前置分數,247.0,7.5,A,續強品質強,回檔不破前低｜低點墊高確認｜收盤守MA5｜回測守MA10｜MA5仍在MA10上｜仍站MA20,回檔承接尚可，若原策略入選，可優先觀察延續。,v266.57.9,8.515,0.55,0.5,GENERIC,測試排序分=原分數+結構前置分*策略權重+續強品質*策略權重；不覆蓋原策略,288.0,1.0,D,突破不足,量能較前日放大｜短均多頭｜扣分:收盤位置偏弱,尚未形成乾淨突破，不急著升級。,v266.57.9,TEST,0.8,0.5,0.9,12.89,130.0,最後後處理補寫：原分數+結構前置+續強品質+突破品質；不覆蓋原策略,0.0,,一般,10.57,v266.58.1,2026-10-01 01:22:38,觀察,0,-5,降級風險,前狀態:突破中→今日:觀察｜狀態降級,RISK,v266.60.2,8.82,30.0,0.0,0.0,15.0,5.17,707.0,20/40/60結構佳｜續強品質佳｜主力佈局語意｜風險語意扣分,過熱降權,v266.61,2026-10-01 01:22:44,8.0,洗盤不破承接,無事件,等待下一次確認。,8.574,432,v266.62,2026-10-01 01:22:46,24.0,0.0,18.0,0.0,-4.12,量能安靜｜洗盤整理不破｜主力吸籌文字確認,v266.68,2026-10-01 01:22:50,NOISE,雜訊：條件不足。,WATCH,262
2026-09-30,1558,WATCH,54,112.5,100-500,0.0,0,佈局觀察,波動壓縮 | 均線收斂 | 接近突破 | 結構尚可,True,False,False,True,False,True,12.0,A,起漲結構強,20D站上MA20｜MA20走平翻揚｜MA5站上MA10｜接近20日高｜40D平台收斂｜短中均線糾結｜40D低點守住｜接近/站回MA60｜MA60不再下彎｜站回60D區間中上｜近5日量縮｜5D動能轉正｜10D動能轉正,平台壓縮後轉強，可優先觀察起漲/試單。,v266.57.9,12.0,無原分數欄位｜僅顯示結構前置分數,1.0,10.0,A,續強品質強,回檔不破前低｜低點墊高確認｜收盤守MA5｜續強確認：收盤未跌破MA5｜回檔量縮｜MA5仍在MA10上｜仍站MA20｜10D動能維持,回檔承接尚可，若原策略入選，可優先觀察延續。,v266.57.9,10.7,0.55,0.5,GENERIC,測試排序分=原分數+結構前置分*策略權重+續強品質*策略權重；不覆蓋原策略,1.0,0.8,D,突破不足,短均多頭,尚未形成乾淨突破，不急著升級。,v266.57.9,WATCH,0.55,0.35,0.75,10.7,257.0,最後後處理補寫：原分數+結構前置+續強品質+突破品質；不覆蓋原策略,0.0,,一般,8.774,v266.58.1,2026-10-01 01:22:38,觀察,0,0,持續觀察,前狀態:觀察→今日:觀察,NO,v266.60.2,8.774,30.0,0.0,0.0,0.0,11.377,414.0,20/40/60結構佳｜續強品質佳｜主力佈局語意,起漲前優先,v266.61,2026-10-01 01:22:44,8.0,洗盤不破承接,無事件,等待下一次確認。,8.542,433,v266.62,2026-10-01 01:22:46,24.0,0.0,18.0,0.0,-4.12,量能安靜｜洗盤整理不破｜主力吸籌文字確認,v266.68,2026-10-01 01:22:50,NOISE,雜訊：條件不足。,WATCH,263
2026-09-30,1615,TEST,72,42.95,50以下,0.005,5000,佈局高機率,波動壓縮 | 安靜吸籌 | 均線收斂 | 接近突破 | 結構尚可,True,True,False,True,False,True,8.0,A,起漲結構強,接近20日高｜40D平台收斂｜短中均線糾結｜40D低點守住｜接近/站回MA60｜量縮後溫和放量,平台壓縮後轉強，可優先觀察起漲/試單。,v266.57.9,8.0,無原分數欄位｜僅顯示結構前置分數,556.0,5.5,B,續強品質中,回檔不破前低｜低點墊高確認｜收盤守MA5｜續強確認：收盤未跌破MA5,回檔承接尚可，若原策略入選，可優先觀察延續。,v266.57.9,6.15,0.55,0.5,GENERIC,測試排序分=原分數+結構前置分*策略權重+續強品質*策略權重；不覆蓋原策略,729.0,1.5,D,突破不足,收盤接近高點,尚未形成乾淨突破，不急著升級。,v266.57.9,TEST,0.8,0.5,0.9,10.5,273.0,最後後處理補寫：原分數+結構前置+續強品質+突破品質；不覆蓋原策略,0.0,,一般,8.61,v266.58.1,2026-10-01 01:22:38,觀察,0,0,持續觀察,前狀態:觀察→今日:觀察,NO,v266.60.2,8.61,30.0,0.0,0.0,0.0,11.361,415.0,20/40/60結構佳｜續強品質佳｜主力佈局語意,起漲前優先,v266.61,2026-10-01 01:22:44,8.0,洗盤不破承接,無事件,等待下一次確認。,8.427,434,v266.62,2026-10-01 01:22:46,24.0,0.0,18.0,0.0,-4.12,量能安靜｜洗盤整理不破｜主力吸籌文字確認,v266.68,2026-10-01 01:22:50,NOISE,雜訊：條件不足。,WATCH,264
2026-09-30,9943,TEST,72,50.4,50-100,0.005,5000,佈局高機率,波動壓縮 | 安靜吸籌 | 均線收斂 | 接近突破 | 結構尚可,True,True,False,True,False,True,8.0,A,起漲結構強,接近20日高｜40D平台收斂｜短中均線糾結｜40D低點守住｜接近/站回MA60｜量縮後溫和放量,平台壓縮後轉強，可優先觀察起漲/試單。,v266.57.9,8.0,無原分數欄位｜僅顯示結構前置分數,556.0,5.5,B,續強品質中,回檔不破前低｜低點墊高確認｜收盤守MA5｜續強確認：收盤未跌破MA5,回檔承接尚可，若原策略入選，可優先觀察延續。,v266.57.9,6.15,0.55,0.5,GENERIC,測試排序分=原分數+結構前置分*策略權重+續強品質*策略權重；不覆蓋原策略,729.0,1.5,D,突破不足,收盤接近高點,尚未形成乾淨突破，不急著升級。,v266.57.9,TEST,0.8,0.5,0.9,10.5,273.0,最後後處理補寫：原分數+結構前置+續強品質+突破品質；不覆蓋原策略,0.0,,一般,8.61,v266.58.1,2026-10-01 01:22:38,觀察,0,0,持續觀察,前狀態:觀察→今日:觀察,NO,v266.60.2,8.61,30.0,0.0,0.0,0.0,11.361,415.0,20/40/60結構佳｜續強品質佳｜主力佈局語意,起漲前優先,v266.61,2026-10-01 01:22:44,8.0,洗盤不破承接,無事件,等待下一次確認。,8.427,435,v266.62,2026-10-01 01:22:46,24.0,0.0,18.0,0.0,-4.12,量能安靜｜洗盤整理不破｜主力吸籌文字確認,v266.68,2026-10-01 01:22:50,NOISE,雜訊：條件不足。,WATCH,265
2026-09-30,8011,TEST,68,16.1,50以下,0.005,5000,佈局高機率,安靜吸籌 | 均線收斂 | 放量吸收 | 接近突破 | 結構尚可,False,True,False,True,True,True,8.8,A,起漲結構強,20D站上MA20｜MA5站上MA10｜接近20日高｜40D平台收斂｜短中均線糾結｜40D低點守住｜接近/站回MA60｜10D動能轉正,平台壓縮後轉強，可優先觀察起漲/試單。,v266.57.9,8.8,無原分數欄位｜僅顯示結構前置分數,522.0,8.7,A,續強品質強,回檔不破前低｜低點墊高確認｜收盤守MA5｜續強確認：收盤未跌破MA5｜MA5仍在MA10上｜仍站MA20｜10D動能維持,回檔承接尚可，若原策略入選，可優先觀察延續。,v266.57.9,8.19,0.55,0.5,GENERIC,測試排序分=原分數+結構前置分*策略權重+續強品質*策略權重；不覆蓋原策略,354.0,1.3,D,突破不足,紅K實體放大｜短均多頭｜扣分:單日量能過猛,尚未形成乾淨突破，不急著升級。,v266.57.9,TEST,0.8,0.5,0.9,12.56,142.0,最後後處理補寫：原分數+結構前置+續強品質+突破品質；不覆蓋原策略,0.0,,一般,10.299,v266.58.1,2026-10-01 01:22:38,觀察,0,-5,降級風險,前狀態:吸籌中→今日:觀察｜狀態降級,RISK,v266.60.2,8.549,30.0,0.0,0.0,15.0,5.142,709.0,20/40/60結構佳｜續強品質佳｜主力佈局語意｜風險語意扣分,過熱降權,v266.61,2026-10-01 01:22:44,8.0,洗盤不破承接,無事件,等待下一次確認。,8.384,436,v266.62,2026-10-01 01:22:46,24.0,0.0,18.0,0.0,-4.12,量能安靜｜洗盤整理不破｜主力吸籌文字確認,v266.68,2026-10-01 01:22:50,NOISE,雜訊：條件不足。,WATCH,266
2026-09-30,1441,TEST,68,10.0,50以下,0.005,5000,佈局高機率,安靜吸籌 | 均線收斂 | 放量吸收 | 接近突破 | 結構尚可,False,True,False,True,True,True,11.1,A,起漲結構強,20D站上MA20｜MA20走平翻揚｜MA5站上MA10｜接近20日高｜40D平台收斂｜短中均線糾結｜40D低點守住｜接近/站回MA60｜MA60不再下彎｜站回60D區間中上｜5D動能轉正｜10D動能轉正｜扣分:單日爆量偏高,平台壓縮後轉強，可優先觀察起漲/試單。,v266.57.9,11.1,無原分數欄位｜僅顯示結構前置分數,135.0,7.7,A,續強品質強,回檔不破前低｜低點墊高確認｜收盤守MA5｜續強確認：收盤未跌破MA5｜MA5仍在MA10上｜仍站MA20｜10D動能維持｜扣分:接近20日高且短線過熱,回檔承接尚可，若原策略入選，可優先觀察延續。,v266.57.9,8.955,0.55,0.5,GENERIC,測試排序分=原分數+結構前置分*策略權重+續強品質*策略權重；不覆蓋原策略,208.0,-0.2,D,突破不足,短均多頭｜扣分:收盤位置偏弱,尚未形成乾淨突破，不急著升級。,v266.57.9,TEST,0.8,0.5,0.9,12.55,143.0,最後後處理補寫：原分數+結構前置+續強品質+突破品質；不覆蓋原策略,0.0,,一般,10.291,v266.58.1,2026-10-01 01:22:38,觀察,0,-5,降級風險,前狀態:洗盤吸籌→今日:觀察｜狀態降級,RISK,v266.60.2,8.541,30.0,0.0,0.0,15.0,5.142,709.0,20/40/60結構佳｜續強品質佳｜主力佈局語意｜風險語意扣分,過熱降權,v266.61,2026-10-01 01:22:44,8.0,洗盤不破承接,無事件,等待下一次確認。,8.379,437,v266.62,2026-10-01 01:22:46,24.0,0.0,18.0,0.0,-4.12,量能安靜｜洗盤整理不破｜主力吸籌文字確認,v266.68,2026-10-01 01:22:50,NOISE,雜訊：條件不足。,WATCH,267
2026-09-30,6937,WATCH,54,308.0,100-500,0.0,0,佈局觀察,波動壓縮 | 均線收斂 | 接近突破 | 結構尚可,True,False,False,True,False,True,12.0,A,起漲結構強,20D站上MA20｜MA20走平翻揚｜MA5站上MA10｜接近20日高｜40D平台收斂｜短中均線糾結｜40D低點守住｜接近/站回MA60｜MA60不再下彎｜站回60D區間中上｜量縮後溫和放量｜5D動能轉正｜10D動能轉正,平台壓縮後轉強，可優先觀察起漲/試單。,v266.57.9,12.0,無原分數欄位｜僅顯示結構前置分數,1.0,8.7,A,續強品質強,回檔不破前低｜低點墊高確認｜收盤守MA5｜續強確認：收盤未跌破MA5｜MA5仍在MA10上｜仍站MA20｜10D動能維持,回檔承接尚可，若原策略入選，可優先觀察延續。,v266.57.9,9.95,0.55,0.5,GENERIC,測試排序分=原分數+結構前置分*策略權重+續強品質*策略權重；不覆蓋原策略,51.0,1.0,D,突破不足,MA5加速上彎｜短均多頭｜扣分:收盤位置偏弱,尚未形成乾淨突破，不急著升級。,v266.57.9,WATCH,0.55,0.35,0.75,10.395,292.0,最後後處理補寫：原分數+結構前置+續強品質+突破品質；不覆蓋原策略,0.0,,一般,8.524,v266.58.1,2026-10-01 01:22:38,觀察,0,0,持續觀察,前狀態:觀察→今日:觀察,NO,v266.60.2,8.524,30.0,0.0,0.0,0.0,11.352,417.0,20/40/60結構佳｜續強品質佳｜主力佈局語意,起漲前優先,v266.61,2026-10-01 01:22:44,8.0,洗盤不破承接,無事件,等待下一次確認。,8.367,438,v266.62,2026-10-01 01:22:46,24.0,0.0,18.0,0.0,-4.12,量能安靜｜洗盤整理不破｜主力吸籌文字確認,v266.68,2026-10-01 01:22:50,NOISE,雜訊：條件不足。,WATCH,268
2026-09-30,2347,WATCH,54,94.9,50-100,0.0,0,佈局觀察,波動壓縮 | 均線收斂 | 接近突破 | 結構尚可,True,False,False,True,False,True,12.0,A,起漲結構強,20D站上MA20｜MA20走平翻揚｜MA5站上MA10｜40D平台收斂｜短中均線糾結｜40D低點守住｜接近/站回MA60｜MA60不再下彎｜站回60D區間中上｜量縮後溫和放量｜5D動能轉正｜10D動能轉正,平台壓縮後轉強，可優先觀察起漲/試單。,v266.57.9,12.0,無原分數欄位｜僅顯示結構前置分數,1.0,8.7,A,續強品質強,回檔不破前低｜低點墊高確認｜收盤守MA5｜續強確認：收盤未跌破MA5｜MA5仍在MA10上｜仍站MA20｜10D動能維持,回檔承接尚可，若原策略入選，可優先觀察延續。,v266.57.9,9.95,0.55,0.5,GENERIC,測試排序分=原分數+結構前置分*策略權重+續強品質*策略權重；不覆蓋原策略,51.0,1.0,D,突破不足,MA5加速上彎｜短均多頭｜扣分:收盤位置偏弱,尚未形成乾淨突破，不急著升級。,v266.57.9,WATCH,0.55,0.35,0.75,10.395,292.0,最後後處理補寫：原分數+結構前置+續強品質+突破品質；不覆蓋原策略,0.0,,一般,8.524,v266.58.1,2026-10-01 01:22:38,觀察,0,0,持續觀察,前狀態:觀察→今日:觀察,NO,v266.60.2,8.524,30.0,0.0,0.0,0.0,11.352,417.0,20/40/60結構佳｜續強品質佳｜主力佈局語意,起漲前優先,v266.61,2026-10-01 01:22:44,8.0,洗盤不破承接,無事件,等待下一次確認。,8.367,439,v266.62,2026-10-01 01:22:46,24.0,0.0,18.0,0.0,-4.12,量能安靜｜洗盤整理不破｜主力吸籌文字確認,v266.68,2026-10-01 01:22:50,NOISE,雜訊：條件不足。,WATCH,269
2026-09-30,6958,WATCH,54,17.5,50以下,0.0,0,佈局觀察,波動壓縮 | 均線收斂 | 接近突破 | 結構尚可,True,False,False,True,False,True,10.8,A,起漲結構強,20D站上MA20｜接近20日高｜40D平台收斂｜短中均線糾結｜40D低點守住｜接近/站回MA60｜MA60不再下彎｜量縮後溫和放量｜10D動能轉正,平台壓縮後轉強，可優先觀察起漲/試單。,v266.57.9,10.8,無原分數欄位｜僅顯示結構前置分數,197.0,9.0,A,續強品質強,回檔不破前低｜低點墊高確認｜收盤守MA5｜續強確認：收盤未跌破MA5｜回檔量縮｜仍站MA20｜10D動能維持,回檔承接尚可，若原策略入選，可優先觀察延續。,v266.57.9,9.44,0.55,0.5,GENERIC,測試排序分=原分數+結構前置分*策略權重+續強品質*策略權重；不覆蓋原策略,146.0,1.5,D,突破不足,收盤接近高點,尚未形成乾淨突破，不急著升級。,v266.57.9,WATCH,0.55,0.35,0.75,10.215,301.0,最後後處理補寫：原分數+結構前置+續強品質+突破品質；不覆蓋原策略,0.0,,一般,8.376,v266.58.1,2026-10-01 01:22:38,觀察,0,0,持續觀察,前狀態:觀察→今日:觀察,NO,v266.60.2,8.376,30.0,0.0,0.0,0.0,11.338,419.0,20/40/60結構佳｜續強品質佳｜主力佈局語意,起漲前優先,v266.61,2026-10-01 01:22:44,8.0,洗盤不破承接,無事件,等待下一次確認。,8.263,440,v266.62,2026-10-01 01:22:46,24.0,0.0,18.0,0.0,-4.12,量能安靜｜洗盤整理不破｜主力吸籌文字確認,v266.68,2026-10-01 01:22:50,NOISE,雜訊：條件不足。,WATCH,270
2026-09-30,5515,WATCH,54,51.9,50-100,0.0,0,佈局觀察,波動壓縮 | 均線收斂 | 接近突破 | 結構尚可,True,False,False,True,False,True,11.6,A,起漲結構強,20D站上MA20｜MA5站上MA10｜接近20日高｜40D平台收斂｜短中均線糾結｜40D低點守住｜接近/站回MA60｜MA60不再下彎｜站回60D區間中上｜5D動能轉正｜10D動能轉正,平台壓縮後轉強，可優先觀察起漲/試單。,v266.57.9,11.6,無原分數欄位｜僅顯示結構前置分數,97.0,8.7,A,續強品質強,回檔不破前低｜低點墊高確認｜收盤守MA5｜續強確認：收盤未跌破MA5｜MA5仍在MA10上｜仍站MA20｜10D動能維持,回檔承接尚可，若原策略入選，可優先觀察延續。,v266.57.9,9.73,0.55,0.5,GENERIC,測試排序分=原分數+結構前置分*策略權重+續強品質*策略權重；不覆蓋原策略,102.0,1.0,D,突破不足,量能較前日放大｜短均多頭｜扣分:收盤位置偏弱,尚未形成乾淨突破，不急著升級。,v266.57.9,WATCH,0.55,0.35,0.75,10.175,303.0,最後後處理補寫：原分數+結構前置+續強品質+突破品質；不覆蓋原策略,0.0,,一般,8.344,v266.58.1,2026-10-01 01:22:38,觀察,0,0,持續觀察,前狀態:觀察→今日:觀察,NO,v266.60.2,8.344,30.0,0.0,0.0,0.0,11.334,420.0,20/40/60結構佳｜續強品質佳｜主力佈局語意,起漲前優先,v266.61,2026-10-01 01:22:44,8.0,洗盤不破承接,無事件,等待下一次確認。,8.241,441,v266.62,2026-10-01 01:22:46,24.0,0.0,18.0,0.0,-4.12,量能安靜｜洗盤整理不破｜主力吸籌文字確認,v266.68,2026-10-01 01:22:50,NOISE,雜訊：條件不足。,WATCH,271
2026-09-30,2397,WATCH,54,63.0,50-100,0.0,0,佈局觀察,波動壓縮 | 均線收斂 | 接近突破 | 結構尚可,True,False,False,True,False,True,12.0,A,起漲結構強,20D站上MA20｜MA5站上MA10｜接近20日高｜40D平台收斂｜短中均線糾結｜40D低點守住｜接近/站回MA60｜MA60不再下彎｜站回60D區間中上｜近5日量縮｜5D動能轉正｜10D動能轉正,平台壓縮後轉強，可優先觀察起漲/試單。,v266.57.9,12.0,無原分數欄位｜僅顯示結構前置分數,1.0,10.0,A,續強品質強,回檔不破前低｜低點墊高確認｜收盤守MA5｜續強確認：收盤未跌破MA5｜回檔量縮｜MA5仍在MA10上｜仍站MA20｜10D動能維持,回檔承接尚可，若原策略入選，可優先觀察延續。,v266.57.9,10.7,0.55,0.5,GENERIC,測試排序分=原分數+結構前置分*策略權重+續強品質*策略權重；不覆蓋原策略,1.0,-0.2,D,突破不足,短均多頭｜扣分:收盤位置偏弱,尚未形成乾淨突破，不急著升級。,v266.57.9,WATCH,0.55,0.35,0.75,9.95,337.0,最後後處理補寫：原分數+結構前置+續強品質+突破品質；不覆蓋原策略,0.0,,一般,8.159,v266.58.1,2026-10-01 01:22:38,觀察,0,0,持續觀察,前狀態:觀察→今日:觀察,NO,v266.60.2,8.159,30.0,0.0,0.0,0.0,11.316,421.0,20/40/60結構佳｜續強品質佳｜主力佈局語意,起漲前優先,v266.61,2026-10-01 01:22:44,8.0,洗盤不破承接,無事件,等待下一次確認。,8.111,443,v266.62,2026-10-01 01:22:46,24.0,0.0,18.0,0.0,-4.12,量能安靜｜洗盤整理不破｜主力吸籌文字確認,v266.68,2026-10-01 01:22:50,NOISE,雜訊：條件不足。,WATCH,272
2026-09-30,2543,WATCH,54,38.5,50以下,0.0,0,佈局觀察,波動壓縮 | 均線收斂 | 接近突破 | 結構尚可,True,False,False,True,False,True,12.0,A,起漲結構強,20D站上MA20｜40D平台收斂｜短中均線糾結｜40D低點守住｜接近/站回MA60｜MA60不再下彎｜站回60D區間中上｜近5日量縮｜量縮後溫和放量｜5D動能轉正｜10D動能轉正,平台壓縮後轉強，可優先觀察起漲/試單。,v266.57.9,10.6,無原分數欄位｜僅顯示結構前置分數,215.0,9.0,A,續強品質強,回檔不破前低｜低點墊高確認｜收盤守MA5｜續強確認：收盤未跌破MA5｜回檔量縮｜仍站MA20｜10D動能維持,回檔承接尚可，若原策略入選，可優先觀察延續。,v266.57.9,8.58,0.55,0.5,GENERIC,測試排序分=原分數+結構前置分*策略權重+續強品質*策略權重；不覆蓋原策略,267.0,0.2,D,突破不足,量能較前日放大｜MA5加速上彎｜扣分:收盤位置偏弱、上影偏長,尚未形成乾淨突破，不急著升級。,v266.57.9,WATCH,0.55,0.35,0.75,9.9,348.0,最後後處理補寫：原分數+結構前置+續強品質+突破品質；不覆蓋原策略,0.0,,一般,8.118,v266.58.1,2026-10-01 01:22:38,觀察,0,0,持續觀察,前狀態:觀察→今日:觀察,NO,v266.60.2,8.118,30.0,0.0,0.0,0.0,11.312,422.0,20/40/60結構佳｜續強品質佳｜主力佈局語意,起漲前優先,v266.61,2026-10-01 01:22:44,8.0,洗盤不破承接,無事件,等待下一次確認。,8.083,444,v266.62,2026-10-01 01:22:46,24.0,0.0,18.0,0.0,-4.12,量能安靜｜洗盤整理不破｜主力吸籌文字確認,v266.68,2026-10-01 01:22:50,NOISE,雜訊：條件不足。,WATCH,273
2026-09-30,6936,WATCH,54,32.0,50以下,0.0,0,佈局觀察,波動壓縮 | 均線收斂 | 接近突破 | 結構尚可,True,False,False,True,False,True,10.8,A,起漲結構強,接近20日高｜40D平台收斂｜短中均線糾結｜40D低點守住｜接近/站回MA60｜MA60不再下彎｜近5日量縮｜量縮後溫和放量｜10D動能轉正,平台壓縮後轉強，可優先觀察起漲/試單。,v266.57.9,10.8,無原分數欄位｜僅顯示結構前置分數,197.0,8.0,A,續強品質強,回檔不破前低｜低點墊高確認｜收盤守MA5｜續強確認：收盤未跌破MA5｜回檔量縮｜10D動能維持,回檔承接尚可，若原策略入選，可優先觀察延續。,v266.57.9,8.94,0.55,0.5,GENERIC,測試排序分=原分數+結構前置分*策略權重+續強品質*策略權重；不覆蓋原策略,210.0,1.5,D,突破不足,突破近5日高,尚未形成乾淨突破，不急著升級。,v266.57.9,WATCH,0.55,0.35,0.75,9.865,357.0,最後後處理補寫：原分數+結構前置+續強品質+突破品質；不覆蓋原策略,0.0,,一般,8.089,v266.58.1,2026-10-01 01:22:38,觀察,0,0,持續觀察,前狀態:觀察→今日:觀察,NO,v266.60.2,8.089,30.0,0.0,0.0,0.0,11.309,423.0,20/40/60結構佳｜續強品質佳｜主力佈局語意,起漲前優先,v266.61,2026-10-01 01:22:44,8.0,洗盤不破承接,無事件,等待下一次確認。,8.062,445,v266.62,2026-10-01 01:22:46,24.0,0.0,18.0,0.0,-4.12,量能安靜｜洗盤整理不破｜主力吸籌文字確認,v266.68,2026-10-01 01:22:50,NOISE,雜訊：條件不足。,WATCH,274
2026-09-30,4755,BUY,86,118.0,100-500,0.01,10000,主力佈局完成,波動壓縮 | 安靜吸籌 | 均線收斂 | 放量吸收 | 接近突破 | 結構尚可,True,True,False,True,True,True,11.6,A,起漲結構強,20D站上MA20｜MA5站上MA10｜接近20日高｜40D平台收斂｜短中均線糾結｜40D低點守住｜接近/站回MA60｜量縮後溫和放量｜5D動能轉正｜10D動能轉正,平台壓縮後轉強，可優先觀察起漲/試單。,v266.57.9,9.6,無原分數欄位｜僅顯示結構前置分數,365.0,10.0,A,續強品質強,回檔不破前低｜低點墊高確認｜收盤守MA5｜續強確認：收盤未跌破MA5｜回檔量縮｜MA5仍在MA10上｜仍站MA20｜10D動能維持,回檔承接尚可，若原策略入選，可優先觀察延續。,v266.57.9,8.63,0.55,0.5,GENERIC,測試排序分=原分數+結構前置分*策略權重+續強品質*策略權重；不覆蓋原策略,262.0,1.0,D,突破不足,量能較前日放大｜短均多頭｜扣分:收盤位置偏弱,尚未形成乾淨突破，不急著升級。,v266.57.9,GENERIC,0.55,0.5,0.5,11.88,168.0,最後後處理補寫：原分數+結構前置+續強品質+突破品質；不覆蓋原策略,0.0,,一般,9.742,v266.58.1,2026-10-01 01:22:38,觀察,0,-5,降級風險,前狀態:洗盤吸籌→今日:觀察｜狀態降級,RISK,v266.60.2,7.992,30.0,0.0,0.0,15.0,5.087,712.0,20/40/60結構佳｜續強品質佳｜主力佈局語意｜風險語意扣分,過熱降權,v266.61,2026-10-01 01:22:44,8.0,洗盤不破承接,無事件,等待下一次確認。,7.994,446,v266.62,2026-10-01 01:22:46,24.0,0.0,18.0,0.0,-4.12,量能安靜｜洗盤整理不破｜主力吸籌文字確認,v266.68,2026-10-01 01:22:50,NOISE,雜訊：條件不足。,WATCH,275
2026-09-30,1268,WATCH,54,175.0,100-500,0.0,0,佈局觀察,波動壓縮 | 均線收斂 | 接近突破 | 結構尚可,True,False,False,True,False,True,12.0,A,起漲結構強,20D站上MA20｜MA20走平翻揚｜MA5站上MA10｜接近20日高｜40D平台收斂｜短中均線糾結｜40D低點守住｜接近/站回MA60｜MA60不再下彎｜站回60D區間中上｜近5日量縮,平台壓縮後轉強，可優先觀察起漲/試單。,v266.57.9,12.0,無原分數欄位｜僅顯示結構前置分數,1.0,9.2,A,續強品質強,回檔不破前低｜低點墊高確認｜收盤守MA5｜續強確認：收盤未跌破MA5｜回檔量縮｜MA5仍在MA10上｜仍站MA20,回檔承接尚可，若原策略入選，可優先觀察延續。,v266.57.9,10.2,0.55,0.5,GENERIC,測試排序分=原分數+結構前置分*策略權重+續強品質*策略權重；不覆蓋原策略,39.0,-0.2,D,突破不足,短均多頭｜扣分:收盤位置偏弱,尚未形成乾淨突破，不急著升級。,v266.57.9,WATCH,0.55,0.35,0.75,9.67,368.0,最後後處理補寫：原分數+結構前置+續強品質+突破品質；不覆蓋原策略,0.0,,一般,7.929,v266.58.1,2026-10-01 01:22:38,觀察,0,0,持續觀察,前狀態:觀察→今日:觀察,NO,v266.60.2,7.929,30.0,0.0,0.0,0.0,11.293,424.0,20/40/60結構佳｜續強品質佳｜主力佈局語意,起漲前優先,v266.61,2026-10-01 01:22:44,8.0,洗盤不破承接,無事件,等待下一次確認。,7.95,447,v266.62,2026-10-01 01:22:46,24.0,0.0,18.0,0.0,-4.12,量能安靜｜洗盤整理不破｜主力吸籌文字確認,v266.68,2026-10-01 01:22:50,NOISE,雜訊：條件不足。,WATCH,276
2026-09-30,3413,WATCH,54,291.0,100-500,0.0,0,佈局觀察,波動壓縮 | 均線收斂 | 接近突破 | 結構尚可,True,False,False,True,False,True,9.6,A,起漲結構強,20D站上MA20｜MA20走平翻揚｜MA5站上MA10｜接近20日高｜40D平台收斂｜短中均線糾結｜40D低點守住｜5D動能轉正｜10D動能轉正,平台壓縮後轉強，可優先觀察起漲/試單。,v266.57.9,9.6,無原分數欄位｜僅顯示結構前置分數,365.0,10.0,A,續強品質強,回檔不破前低｜低點墊高確認｜收盤守MA5｜續強確認：收盤未跌破MA5｜回檔量縮｜MA5仍在MA10上｜仍站MA20｜10D動能維持,回檔承接尚可，若原策略入選，可優先觀察延續。,v266.57.9,9.38,0.55,0.5,GENERIC,測試排序分=原分數+結構前置分*策略權重+續強品質*策略權重；不覆蓋原策略,152.0,1.0,D,突破不足,MA5加速上彎｜短均多頭｜扣分:收盤位置偏弱,尚未形成乾淨突破，不急著升級。,v266.57.9,WATCH,0.55,0.35,0.75,9.53,380.0,最後後處理補寫：原分數+結構前置+續強品質+突破品質；不覆蓋原策略,0.0,,一般,7.815,v266.58.1,2026-10-01 01:22:38,觀察,0,0,持續觀察,前狀態:觀察→今日:觀察,NO,v266.60.2,7.815,30.0,0.0,0.0,0.0,11.282,425.0,20/40/60結構佳｜續強品質佳｜主力佈局語意,起漲前優先,v266.61,2026-10-01 01:22:44,8.0,洗盤不破承接,無事件,等待下一次確認。,7.87,448,v266.62,2026-10-01 01:22:46,24.0,0.0,18.0,0.0,-4.12,量能安靜｜洗盤整理不破｜主力吸籌文字確認,v266.68,2026-10-01 01:22:50,NOISE,雜訊：條件不足。,WATCH,277
2026-09-30,4736,WATCH,54,130.0,100-500,0.0,0,佈局觀察,波動壓縮 | 均線收斂 | 接近突破 | 結構尚可,True,False,False,True,False,True,10.8,A,起漲結構強,20D站上MA20｜MA20走平翻揚｜接近20日高｜40D平台收斂｜短中均線糾結｜40D低點守住｜接近/站回MA60｜MA60不再下彎｜近5日量縮｜10D動能轉正,平台壓縮後轉強，可優先觀察起漲/試單。,v266.57.9,10.8,無原分數欄位｜僅顯示結構前置分數,197.0,7.0,A,續強品質強,回檔不破前低｜低點墊高確認｜收盤守MA5｜回檔量縮｜仍站MA20｜10D動能維持｜扣分:跌破短均,回檔承接尚可，若原策略入選，可優先觀察延續。,v266.57.9,9.44,0.55,0.5,GENERIC,測試排序分=原分數+結構前置分*策略權重+續強品質*策略權重；不覆蓋原策略,146.0,1.5,D,突破不足,收盤接近高點,尚未形成乾淨突破，不急著升級。,v266.57.9,WATCH,0.55,0.35,0.75,9.515,382.0,最後後處理補寫：原分數+結構前置+續強品質+突破品質；不覆蓋原策略,0.0,,一般,7.802,v266.58.1,2026-10-01 01:22:38,觀察,0,0,持續觀察,前狀態:觀察→今日:觀察,NO,v266.60.2,7.802,30.0,0.0,0.0,0.0,11.28,426.0,20/40/60結構佳｜續強品質佳｜主力佈局語意,起漲前優先,v266.61,2026-10-01 01:22:44,8.0,洗盤不破承接,無事件,等待下一次確認。,7.861,449,v266.62,2026-10-01 01:22:46,24.0,0.0,18.0,0.0,-4.12,量能安靜｜洗盤整理不破｜主力吸籌文字確認,v266.68,2026-10-01 01:22:50,NOISE,雜訊：條件不足。,WATCH,278
2026-09-30,2436,WATCH,54,74.5,50-100,0.0,0,佈局觀察,安靜吸籌 | 均線收斂 | 接近突破 | 結構尚可,False,True,False,True,False,True,12.0,A,起漲結構強,20D站上MA20｜MA20走平翻揚｜MA5站上MA10｜接近20日高｜40D平台收斂｜短中均線糾結｜40D低點守住｜接近/站回MA60｜站回60D區間中上｜量縮後溫和放量｜5D動能轉正｜10D動能轉正,平台壓縮後轉強，可優先觀察起漲/試單。,v266.57.9,12.0,無原分數欄位｜僅顯示結構前置分數,1.0,8.7,A,續強品質強,回檔不破前低｜低點墊高確認｜收盤守MA5｜續強確認：收盤未跌破MA5｜MA5仍在MA10上｜仍站MA20｜10D動能維持,回檔承接尚可，若原策略入選，可優先觀察延續。,v266.57.9,9.95,0.55,0.5,GENERIC,測試排序分=原分數+結構前置分*策略權重+續強品質*策略權重；不覆蓋原策略,51.0,-0.2,D,突破不足,短均多頭｜扣分:收盤位置偏弱,尚未形成乾淨突破，不急著升級。,v266.57.9,WATCH,0.55,0.35,0.75,9.495,384.0,最後後處理補寫：原分數+結構前置+續強品質+突破品質；不覆蓋原策略,0.0,,一般,7.786,v266.58.1,2026-10-01 01:22:38,觀察,0,0,持續觀察,前狀態:觀察→今日:觀察,NO,v266.60.2,7.786,30.0,0.0,0.0,0.0,11.279,427.0,20/40/60結構佳｜續強品質佳｜主力佈局語意,起漲前優先,v266.61,2026-10-01 01:22:44,8.0,洗盤不破承接,無事件,等待下一次確認。,7.85,450,v266.62,2026-10-01 01:22:46,24.0,0.0,18.0,0.0,-4.12,量能安靜｜洗盤整理不破｜主力吸籌文字確認,v266.68,2026-10-01 01:22:50,NOISE,雜訊：條件不足。,WATCH,279
2026-09-30,2477,WATCH,54,23.15,50以下,0.0,0,佈局觀察,波動壓縮 | 均線收斂 | 接近突破 | 結構尚可,True,False,False,True,False,True,12.0,A,起漲結構強,20D站上MA20｜MA20走平翻揚｜MA5站上MA10｜接近20日高｜40D平台收斂｜短中均線糾結｜40D低點守住｜接近/站回MA60｜MA60不再下彎｜站回60D區間中上｜量縮後溫和放量｜5D動能轉正｜10D動能轉正,平台壓縮後轉強，可優先觀察起漲/試單。,v266.57.9,12.0,無原分數欄位｜僅顯示結構前置分數,1.0,8.7,A,續強品質強,回檔不破前低｜低點墊高確認｜收盤守MA5｜續強確認：收盤未跌破MA5｜MA5仍在MA10上｜仍站MA20｜10D動能維持,回檔承接尚可，若原策略入選，可優先觀察延續。,v266.57.9,9.95,0.55,0.5,GENERIC,測試排序分=原分數+結構前置分*策略權重+續強品質*策略權重；不覆蓋原策略,51.0,-0.2,D,突破不足,短均多頭｜扣分:收盤位置偏弱,尚未形成乾淨突破，不急著升級。,v266.57.9,WATCH,0.55,0.35,0.75,9.495,384.0,最後後處理補寫：原分數+結構前置+續強品質+突破品質；不覆蓋原策略,0.0,,一般,7.786,v266.58.1,2026-10-01 01:22:38,觀察,0,0,持續觀察,前狀態:觀察→今日:觀察,NO,v266.60.2,7.786,30.0,0.0,0.0,0.0,11.279,427.0,20/40/60結構佳｜續強品質佳｜主力佈局語意,起漲前優先,v266.61,2026-10-01 01:22:44,8.0,洗盤不破承接,無事件,等待下一次確認。,7.85,451,v266.62,2026-10-01 01:22:46,24.0,0.0,18.0,0.0,-4.12,量能安靜｜洗盤整理不破｜主力吸籌文字確認,v266.68,2026-10-01 01:22:50,NOISE,雜訊：條件不足。,WATCH,280
2026-09-30,2379,WATCH,54,760.0,500-1000,0.0,0,佈局觀察,波動壓縮 | 均線收斂 | 接近突破 | 結構尚可,True,False,False,True,False,True,10.6,A,起漲結構強,20D站上MA20｜MA20走平翻揚｜MA5站上MA10｜40D平台收斂｜短中均線糾結｜40D低點守住｜接近/站回MA60｜站回60D區間中上｜5D動能轉正｜10D動能轉正,平台壓縮後轉強，可優先觀察起漲/試單。,v266.57.9,10.6,無原分數欄位｜僅顯示結構前置分數,215.0,8.7,A,續強品質強,回檔不破前低｜低點墊高確認｜收盤守MA5｜續強確認：收盤未跌破MA5｜MA5仍在MA10上｜仍站MA20｜10D動能維持,回檔承接尚可，若原策略入選，可優先觀察延續。,v266.57.9,9.18,0.55,0.5,GENERIC,測試排序分=原分數+結構前置分*策略權重+續強品質*策略權重；不覆蓋原策略,165.0,0.8,D,突破不足,短均多頭,尚未形成乾淨突破，不急著升級。,v266.57.9,WATCH,0.55,0.35,0.75,9.475,386.0,最後後處理補寫：原分數+結構前置+續強品質+突破品質；不覆蓋原策略,0.0,,一般,7.769,v266.58.1,2026-10-01 01:22:38,觀察,0,0,持續觀察,前狀態:觀察→今日:觀察,NO,v266.60.2,7.769,30.0,0.0,0.0,0.0,11.277,429.0,20/40/60結構佳｜續強品質佳｜主力佈局語意,起漲前優先,v266.61,2026-10-01 01:22:44,8.0,洗盤不破承接,無事件,等待下一次確認。,7.838,452,v266.62,2026-10-01 01:22:46,24.0,0.0,18.0,0.0,-4.12,量能安靜｜洗盤整理不破｜主力吸籌文字確認,v266.68,2026-10-01 01:22:50,NOISE,雜訊：條件不足。,WATCH,281
2026-09-30,1527,WATCH,54,32.7,50以下,0.0,0,佈局觀察,波動壓縮 | 均線收斂 | 接近突破 | 結構尚可,True,False,False,True,False,True,10.6,A,起漲結構強,20D站上MA20｜MA5站上MA10｜接近20日高｜40D平台收斂｜短中均線糾結｜40D低點守住｜接近/站回MA60｜MA60不再下彎｜5D動能轉正｜10D動能轉正,平台壓縮後轉強，可優先觀察起漲/試單。,v266.57.9,10.6,無原分數欄位｜僅顯示結構前置分數,215.0,8.7,A,續強品質強,回檔不破前低｜低點墊高確認｜收盤守MA5｜續強確認：收盤未跌破MA5｜MA5仍在MA10上｜仍站MA20｜10D動能維持,回檔承接尚可，若原策略入選，可優先觀察延續。,v266.57.9,9.18,0.55,0.5,GENERIC,測試排序分=原分數+結構前置分*策略權重+續強品質*策略權重；不覆蓋原策略,165.0,0.8,D,突破不足,短均多頭,尚未形成乾淨突破，不急著升級。,v266.57.9,WATCH,0.55,0.35,0.75,9.475,386.0,最後後處理補寫：原分數+結構前置+續強品質+突破品質；不覆蓋原策略,0.0,,一般,7.769,v266.58.1,2026-10-01 01:22:38,觀察,0,0,持續觀察,前狀態:觀察→今日:觀察,NO,v266.60.2,7.769,30.0,0.0,0.0,0.0,11.277,429.0,20/40/60結構佳｜續強品質佳｜主力佈局語意,起漲前優先,v266.61,2026-10-01 01:22:44,8.0,洗盤不破承接,無事件,等待下一次確認。,7.838,453,v266.62,2026-10-01 01:22:46,24.0,0.0,18.0,0.0,-4.12,量能安靜｜洗盤整理不破｜主力吸籌文字確認,v266.68,2026-10-01 01:22:50,NOISE,雜訊：條件不足。,WATCH,282
2026-09-30,1586,TEST,72,17.9,50以下,0.005,5000,佈局高機率,波動壓縮 | 安靜吸籌 | 均線收斂 | 接近突破 | 結構尚可,True,True,False,True,False,True,8.0,A,起漲結構強,MA20走平翻揚｜MA5站上MA10｜接近20日高｜40D平台收斂｜短中均線糾結｜40D低點守住｜接近/站回MA60,平台壓縮後轉強，可優先觀察起漲/試單。,v266.57.9,8.0,無原分數欄位｜僅顯示結構前置分數,556.0,6.5,B,續強品質中,回檔不破前低｜低點墊高確認｜收盤守MA5｜回測守MA10｜MA5仍在MA10上,回檔承接尚可，若原策略入選，可優先觀察延續。,v266.57.9,6.75,0.55,0.5,GENERIC,測試排序分=原分數+結構前置分*策略權重+續強品質*策略權重；不覆蓋原策略,621.0,-0.2,D,突破不足,短均多頭｜扣分:收盤位置偏弱,尚未形成乾淨突破，不急著升級。,v266.57.9,TEST,0.8,0.5,0.9,9.47,392.0,最後後處理補寫：原分數+結構前置+續強品質+突破品質；不覆蓋原策略,0.0,,一般,7.765,v266.58.1,2026-10-01 01:22:38,觀察,0,0,持續觀察,前狀態:觀察→今日:觀察,NO,v266.60.2,7.765,30.0,0.0,0.0,0.0,11.276,431.0,20/40/60結構佳｜續強品質佳｜主力佈局語意,起漲前優先,v266.61,2026-10-01 01:22:44,8.0,洗盤不破承接,無事件,等待下一次確認。,7.836,454,v266.62,2026-10-01 01:22:46,24.0,0.0,18.0,0.0,-4.12,量能安靜｜洗盤整理不破｜主力吸籌文字確認,v266.68,2026-10-01 01:22:50,NOISE,雜訊：條件不足。,WATCH,283
2026-09-30,3211,WATCH,54,398.5,100-500,0.0,0,佈局觀察,波動壓縮 | 均線收斂 | 接近突破 | 結構尚可,True,False,False,True,False,True,11.0,A,起漲結構強,20D站上MA20｜MA20走平翻揚｜MA5站上MA10｜接近20日高｜40D平台收斂｜短中均線糾結｜40D低點守住｜接近/站回MA60｜MA60不再下彎｜站回60D區間中上,平台壓縮後轉強，可優先觀察起漲/試單。,v266.57.9,11.0,無原分數欄位｜僅顯示結構前置分數,137.0,7.7,A,續強品質強,回檔不破前低｜低點墊高確認｜收盤守MA5｜續強確認：收盤未跌破MA5｜MA5仍在MA10上｜仍站MA20,回檔承接尚可，若原策略入選，可優先觀察延續。,v266.57.9,8.9,0.55,0.5,GENERIC,測試排序分=原分數+結構前置分*策略權重+續強品質*策略權重；不覆蓋原策略,216.0,0.8,D,突破不足,短均多頭,尚未形成乾淨突破，不急著升級。,v266.57.9,WATCH,0.55,0.35,0.75,9.345,414.0,最後後處理補寫：原分數+結構前置+續強品質+突破品質；不覆蓋原策略,0.0,,一般,7.663,v266.58.1,2026-10-01 01:22:38,觀察,0,0,持續觀察,前狀態:觀察→今日:觀察,NO,v266.60.2,7.663,30.0,0.0,0.0,0.0,11.266,432.0,20/40/60結構佳｜續強品質佳｜主力佈局語意,起漲前優先,v266.61,2026-10-01 01:22:44,8.0,洗盤不破承接,無事件,等待下一次確認。,7.764,455,v266.62,2026-10-01 01:22:46,24.0,0.0,18.0,0.0,-4.12,量能安靜｜洗盤整理不破｜主力吸籌文字確認,v266.68,2026-10-01 01:22:50,NOISE,雜訊：條件不足。,WATCH,284
2026-09-30,3689,WATCH,54,110.5,100-500,0.0,0,佈局觀察,波動壓縮 | 均線收斂 | 接近突破 | 結構尚可,True,False,False,True,False,True,10.0,A,起漲結構強,20D站上MA20｜MA20走平翻揚｜MA5站上MA10｜接近20日高｜40D平台收斂｜短中均線糾結｜40D低點守住｜接近/站回MA60｜近5日量縮,平台壓縮後轉強，可優先觀察起漲/試單。,v266.57.9,10.0,無原分數欄位｜僅顯示結構前置分數,253.0,9.2,A,續強品質強,回檔不破前低｜低點墊高確認｜收盤守MA5｜續強確認：收盤未跌破MA5｜回檔量縮｜MA5仍在MA10上｜仍站MA20,回檔承接尚可，若原策略入選，可優先觀察延續。,v266.57.9,9.1,0.55,0.5,GENERIC,測試排序分=原分數+結構前置分*策略權重+續強品質*策略權重；不覆蓋原策略,181.0,0.8,D,突破不足,短均多頭,尚未形成乾淨突破，不急著升級。,v266.57.9,WATCH,0.55,0.35,0.75,9.32,429.0,最後後處理補寫：原分數+結構前置+續強品質+突破品質；不覆蓋原策略,0.0,,一般,7.642,v266.58.1,2026-10-01 01:22:38,觀察,0,0,持續觀察,前狀態:觀察→今日:觀察,NO,v266.60.2,7.642,30.0,0.0,0.0,0.0,11.264,433.0,20/40/60結構佳｜續強品質佳｜主力佈局語意,起漲前優先,v266.61,2026-10-01 01:22:44,8.0,洗盤不破承接,無事件,等待下一次確認。,7.749,456,v266.62,2026-10-01 01:22:46,24.0,0.0,18.0,0.0,-4.12,量能安靜｜洗盤整理不破｜主力吸籌文字確認,v266.68,2026-10-01 01:22:50,NOISE,雜訊：條件不足。,WATCH,285
2026-09-30,2330,BUY,86,2480.0,1000以上,0.01,10000,主力佈局完成,波動壓縮 | 安靜吸籌 | 均線收斂 | 放量吸收 | 接近突破 | 結構尚可,True,True,False,True,True,True,12.0,A,起漲結構強,20D站上MA20｜MA20走平翻揚｜MA5站上MA10｜接近20日高｜40D平台收斂｜短中均線糾結｜40D低點守住｜接近/站回MA60｜MA60不再下彎｜站回60D區間中上｜量縮後溫和放量｜10D動能轉正,平台壓縮後轉強，可優先觀察起漲/試單。,v266.57.9,11.8,無原分數欄位｜僅顯示結構前置分數,85.0,8.7,A,續強品質強,回檔不破前低｜低點墊高確認｜收盤守MA5｜續強確認：收盤未跌破MA5｜MA5仍在MA10上｜仍站MA20｜10D動能維持,回檔承接尚可，若原策略入選，可優先觀察延續。,v266.57.9,9.09,0.55,0.5,GENERIC,測試排序分=原分數+結構前置分*策略權重+續強品質*策略權重；不覆蓋原策略,198.0,1.0,D,突破不足,量能較前日放大｜短均多頭｜扣分:收盤位置偏弱,尚未形成乾淨突破，不急著升級。,v266.57.9,GENERIC,0.55,0.5,0.5,11.45,203.0,最後後處理補寫：原分數+結構前置+續強品質+突破品質；不覆蓋原策略,0.0,,一般,9.389,v266.58.1,2026-10-01 01:22:38,觀察,0,-5,降級風險,前狀態:試盤中→今日:觀察｜狀態降級,RISK,v266.60.2,7.639,30.0,0.0,0.0,15.0,5.051,713.0,20/40/60結構佳｜續強品質佳｜主力佈局語意｜風險語意扣分,過熱降權,v266.61,2026-10-01 01:22:44,8.0,洗盤不破承接,無事件,等待下一次確認。,7.747,457,v266.62,2026-10-01 01:22:46,24.0,0.0,18.0,0.0,-4.12,量能安靜｜洗盤整理不破｜主力吸籌文字確認,v266.68,2026-10-01 01:22:50,NOISE,雜訊：條件不足。,WATCH,286
2026-09-30,1321,WATCH,54,32.4,50以下,0.0,0,佈局觀察,波動壓縮 | 均線收斂 | 接近突破 | 結構尚可,True,False,False,True,False,True,10.8,A,起漲結構強,接近20日高｜40D平台收斂｜短中均線糾結｜40D低點守住｜接近/站回MA60｜MA60不再下彎｜站回60D區間中上｜量縮後溫和放量｜10D動能轉正,平台壓縮後轉強，可優先觀察起漲/試單。,v266.57.9,10.8,無原分數欄位｜僅顯示結構前置分數,197.0,6.3,B,續強品質中,回檔不破前低｜低點墊高確認｜收盤守MA5｜回測守MA10｜10D動能維持,回檔承接尚可，若原策略入選，可優先觀察延續。,v266.57.9,8.19,0.55,0.5,GENERIC,測試排序分=原分數+結構前置分*策略權重+續強品質*策略權重；不覆蓋原策略,354.0,1.5,D,突破不足,收盤接近高點,尚未形成乾淨突破，不急著升級。,v266.57.9,WATCH,0.55,0.35,0.75,9.27,436.0,最後後處理補寫：原分數+結構前置+續強品質+突破品質；不覆蓋原策略,0.0,,一般,7.601,v266.58.1,2026-10-01 01:22:38,觀察,0,0,持續觀察,前狀態:觀察→今日:觀察,NO,v266.60.2,7.601,30.0,0.0,0.0,0.0,11.26,434.0,20/40/60結構佳｜續強品質佳｜主力佈局語意,起漲前優先,v266.61,2026-10-01 01:22:44,8.0,洗盤不破承接,無事件,等待下一次確認。,7.721,458,v266.62,2026-10-01 01:22:46,24.0,0.0,18.0,0.0,-4.12,量能安靜｜洗盤整理不破｜主力吸籌文字確認,v266.68,2026-10-01 01:22:50,NOISE,雜訊：條件不足。,WATCH,287
2026-09-30,7716,WATCH,54,23.9,50以下,0.0,0,佈局觀察,波動壓縮 | 均線收斂 | 接近突破 | 結構尚可,True,False,False,True,False,True,11.0,A,起漲結構強,20D站上MA20｜MA20走平翻揚｜MA5站上MA10｜接近20日高｜40D平台收斂｜短中均線糾結｜40D低點守住｜接近/站回MA60｜MA60不再下彎｜近5日量縮,平台壓縮後轉強，可優先觀察起漲/試單。,v266.57.9,11.0,無原分數欄位｜僅顯示結構前置分數,137.0,9.0,A,續強品質強,回檔不破前低｜低點墊高確認｜收盤守MA5｜回測守MA10｜回檔量縮｜MA5仍在MA10上｜仍站MA20,回檔承接尚可，若原策略入選，可優先觀察延續。,v266.57.9,9.65,0.55,0.5,GENERIC,測試排序分=原分數+結構前置分*策略權重+續強品質*策略權重；不覆蓋原策略,124.0,,,,,,,WATCH,0.55,0.35,0.75,9.2,439.0,最後後處理補寫：原分數+結構前置+續強品質+突破品質；不覆蓋原策略,0.0,,一般,7.544,v266.58.1,2026-10-01 01:22:38,觀察,0,0,持續觀察,前狀態:觀察→今日:觀察,NO,v266.60.2,7.544,30.0,0.0,0.0,0.0,11.254,435.0,20/40/60結構佳｜續強品質佳｜主力佈局語意,起漲前優先,v266.61,2026-10-01 01:22:44,8.0,洗盤不破承接,無事件,等待下一次確認。,7.681,459,v266.62,2026-10-01 01:22:46,24.0,0.0,18.0,0.0,-4.12,量能安靜｜洗盤整理不破｜主力吸籌文字確認,v266.68,2026-10-01 01:22:50,NOISE,雜訊：條件不足。,WATCH,288
2026-09-30,1788,WATCH,54,128.0,100-500,0.0,0,佈局觀察,波動壓縮 | 均線收斂 | 接近突破 | 結構尚可,True,False,False,True,False,True,9.0,A,起漲結構強,MA20走平翻揚｜MA5站上MA10｜接近20日高｜40D平台收斂｜短中均線糾結｜40D低點守住｜接近/站回MA60｜MA60不再下彎,平台壓縮後轉強，可優先觀察起漲/試單。,v266.57.9,9.0,無原分數欄位｜僅顯示結構前置分數,391.0,9.2,A,續強品質強,回檔不破前低｜低點墊高確認｜收盤守MA5｜續強確認：收盤未跌破MA5｜回檔量縮｜MA5仍在MA10上｜仍站MA20,回檔承接尚可，若原策略入選，可優先觀察延續。,v266.57.9,8.55,0.55,0.5,GENERIC,測試排序分=原分數+結構前置分*策略權重+續強品質*策略權重；不覆蓋原策略,269.0,1.3,D,突破不足,突破近5日高｜短均多頭｜扣分:收盤位置偏弱,尚未形成乾淨突破，不急著升級。,v266.57.9,WATCH,0.55,0.35,0.75,9.145,441.0,最後後處理補寫：原分數+結構前置+續強品質+突破品質；不覆蓋原策略,0.0,,一般,7.499,v266.58.1,2026-10-01 01:22:38,觀察,0,0,持續觀察,前狀態:觀察→今日:觀察,NO,v266.60.2,7.499,30.0,0.0,0.0,0.0,11.25,436.0,20/40/60結構佳｜續強品質佳｜主力佈局語意,起漲前優先,v266.61,2026-10-01 01:22:44,8.0,洗盤不破承接,無事件,等待下一次確認。,7.649,460,v266.62,2026-10-01 01:22:46,24.0,0.0,18.0,0.0,-4.12,量能安靜｜洗盤整理不破｜主力吸籌文字確認,v266.68,2026-10-01 01:22:50,NOISE,雜訊：條件不足。,WATCH,289
2026-09-30,9925,WATCH,54,39.55,50以下,0.0,0,佈局觀察,波動壓縮 | 均線收斂 | 接近突破 | 結構尚可,True,False,False,True,False,True,9.8,A,起漲結構強,MA5站上MA10｜接近20日高｜40D平台收斂｜短中均線糾結｜40D低點守住｜接近/站回MA60｜MA60不再下彎｜近5日量縮｜10D動能轉正,平台壓縮後轉強，可優先觀察起漲/試單。,v266.57.9,7.8,無原分數欄位｜僅顯示結構前置分數,678.0,9.0,A,續強品質強,回檔不破前低｜低點墊高確認｜收盤守MA5｜回測守MA10｜回檔量縮｜MA5仍在MA10上｜10D動能維持,回檔承接尚可，若原策略入選，可優先觀察延續。,v266.57.9,7.14,0.55,0.5,GENERIC,測試排序分=原分數+結構前置分*策略權重+續強品質*策略權重；不覆蓋原策略,577.0,0.8,D,突破不足,短均多頭,尚未形成乾淨突破，不急著升級。,v266.57.9,WATCH,0.55,0.35,0.75,9.14,442.0,最後後處理補寫：原分數+結構前置+續強品質+突破品質；不覆蓋原策略,0.0,,一般,7.495,v266.58.1,2026-10-01 01:22:38,觀察,0,0,持續觀察,前狀態:觀察→今日:觀察,NO,v266.60.2,7.495,30.0,0.0,0.0,0.0,11.25,436.0,20/40/60結構佳｜續強品質佳｜主力佈局語意,起漲前優先,v266.61,2026-10-01 01:22:44,8.0,洗盤不破承接,無事件,等待下一次確認。,7.646,461,v266.62,2026-10-01 01:22:46,24.0,0.0,18.0,0.0,-4.12,量能安靜｜洗盤整理不破｜主力吸籌文字確認,v266.68,2026-10-01 01:22:50,NOISE,雜訊：條件不足。,WATCH,290
2026-09-30,3213,WATCH,54,124.5,100-500,0.0,0,佈局觀察,波動壓縮 | 均線收斂 | 接近突破 | 結構尚可,True,False,False,True,False,True,11.0,A,起漲結構強,20D站上MA20｜MA20走平翻揚｜MA5站上MA10｜接近20日高｜40D平台收斂｜短中均線糾結｜40D低點守住｜接近/站回MA60｜MA60不再下彎｜近5日量縮,平台壓縮後轉強，可優先觀察起漲/試單。,v266.57.9,11.0,無原分數欄位｜僅顯示結構前置分數,137.0,9.2,A,續強品質強,回檔不破前低｜低點墊高確認｜收盤守MA5｜續強確認：收盤未跌破MA5｜回檔量縮｜MA5仍在MA10上｜仍站MA20,回檔承接尚可，若原策略入選，可優先觀察延續。,v266.57.9,9.65,0.55,0.5,GENERIC,測試排序分=原分數+結構前置分*策略權重+續強品質*策略權重；不覆蓋原策略,124.0,-0.2,D,突破不足,短均多頭｜扣分:收盤位置偏弱,尚未形成乾淨突破，不急著升級。,v266.57.9,WATCH,0.55,0.35,0.75,9.12,444.0,最後後處理補寫：原分數+結構前置+續強品質+突破品質；不覆蓋原策略,0.0,,一般,7.478,v266.58.1,2026-10-01 01:22:38,觀察,0,0,持續觀察,前狀態:觀察→今日:觀察,NO,v266.60.2,7.478,30.0,0.0,0.0,0.0,11.248,438.0,20/40/60結構佳｜續強品質佳｜主力佈局語意,起漲前優先,v266.61,2026-10-01 01:22:44,8.0,洗盤不破承接,無事件,等待下一次確認。,7.635,462,v266.62,2026-10-01 01:22:46,24.0,0.0,18.0,0.0,-4.12,量能安靜｜洗盤整理不破｜主力吸籌文字確認,v266.68,2026-10-01 01:22:50,NOISE,雜訊：條件不足。,WATCH,291
2026-09-30,3162,TEST,72,85.4,50-100,0.005,5000,佈局高機率,波動壓縮 | 安靜吸籌 | 均線收斂 | 接近突破 | 結構尚可,True,True,False,True,False,True,10.0,A,起漲結構強,20D站上MA20｜MA20走平翻揚｜接近20日高｜40D平台收斂｜短中均線糾結｜40D低點守住｜接近/站回MA60｜MA60不再下彎｜站回60D區間中上,平台壓縮後轉強，可優先觀察起漲/試單。,v266.57.9,10.0,無原分數欄位｜僅顯示結構前置分數,253.0,6.5,B,續強品質中,回檔不破前低｜低點墊高確認｜收盤守MA5｜續強確認：收盤未跌破MA5｜仍站MA20,回檔承接尚可，若原策略入選，可優先觀察延續。,v266.57.9,7.75,0.55,0.5,GENERIC,測試排序分=原分數+結構前置分*策略權重+續強品質*策略權重；不覆蓋原策略,463.0,0.0,D,突破不足,,尚未形成乾淨突破，不急著升級。,v266.57.9,TEST,0.8,0.5,0.9,11.25,211.0,最後後處理補寫：原分數+結構前置+續強品質+突破品質；不覆蓋原策略,0.0,,一般,9.225,v266.58.1,2026-10-01 01:22:38,觀察,0,-5,降級風險,前狀態:突破中→今日:觀察｜狀態降級,RISK,v266.60.2,7.475,30.0,0.0,0.0,15.0,5.035,714.0,20/40/60結構佳｜續強品質佳｜主力佈局語意｜風險語意扣分,過熱降權,v266.61,2026-10-01 01:22:44,8.0,洗盤不破承接,無事件,等待下一次確認。,7.632,463,v266.62,2026-10-01 01:22:46,24.0,0.0,18.0,0.0,-4.12,量能安靜｜洗盤整理不破｜主力吸籌文字確認,v266.68,2026-10-01 01:22:50,NOISE,雜訊：條件不足。,WATCH,292
2026-09-30,2073,WATCH,54,25.2,50以下,0.0,0,佈局觀察,波動壓縮 | 均線收斂 | 接近突破 | 結構尚可,True,False,False,True,False,True,9.8,A,起漲結構強,MA20走平翻揚｜MA5站上MA10｜接近20日高｜40D平台收斂｜短中均線糾結｜40D低點守住｜接近/站回MA60｜MA60不再下彎｜10D動能轉正,平台壓縮後轉強，可優先觀察起漲/試單。,v266.57.9,9.8,無原分數欄位｜僅顯示結構前置分數,346.0,7.7,A,續強品質強,回檔不破前低｜低點墊高確認｜收盤守MA5｜續強確認：收盤未跌破MA5｜MA5仍在MA10上｜10D動能維持,回檔承接尚可，若原策略入選，可優先觀察延續。,v266.57.9,8.24,0.55,0.5,GENERIC,測試排序分=原分數+結構前置分*策略權重+續強品質*策略權重；不覆蓋原策略,351.0,1.3,D,突破不足,突破近5日高｜短均多頭｜扣分:收盤位置偏弱,尚未形成乾淨突破，不急著升級。,v266.57.9,WATCH,0.55,0.35,0.75,9.06,452.0,最後後處理補寫：原分數+結構前置+續強品質+突破品質；不覆蓋原策略,0.0,,一般,7.429,v266.58.1,2026-10-01 01:22:38,觀察,0,0,持續觀察,前狀態:觀察→今日:觀察,NO,v266.60.2,7.429,30.0,0.0,0.0,0.0,11.243,439.0,20/40/60結構佳｜續強品質佳｜主力佈局語意,起漲前優先,v266.61,2026-10-01 01:22:44,8.0,洗盤不破承接,無事件,等待下一次確認。,7.6,464,v266.62,2026-10-01 01:22:46,24.0,0.0,18.0,0.0,-4.12,量能安靜｜洗盤整理不破｜主力吸籌文字確認,v266.68,2026-10-01 01:22:50,NOISE,雜訊：條件不足。,WATCH,293
2026-09-30,6968,WATCH,54,41.45,50以下,0.0,0,佈局觀察,波動壓縮 | 均線收斂 | 接近突破 | 結構尚可,True,False,False,True,False,True,10.0,A,起漲結構強,MA20走平翻揚｜MA5站上MA10｜接近20日高｜40D平台收斂｜短中均線糾結｜40D低點守住｜接近/站回MA60｜MA60不再下彎｜近5日量縮,平台壓縮後轉強，可優先觀察起漲/試單。,v266.57.9,10.0,無原分數欄位｜僅顯示結構前置分數,253.0,8.0,A,續強品質強,回檔不破前低｜低點墊高確認｜收盤守MA5｜回測守MA10｜回檔量縮｜MA5仍在MA10上,回檔承接尚可，若原策略入選，可優先觀察延續。,v266.57.9,8.6,0.55,0.5,GENERIC,測試排序分=原分數+結構前置分*策略權重+續強品質*策略權重；不覆蓋原策略,265.0,0.8,D,突破不足,短均多頭,尚未形成乾淨突破，不急著升級。,v266.57.9,WATCH,0.55,0.35,0.75,8.9,473.0,最後後處理補寫：原分數+結構前置+續強品質+突破品質；不覆蓋原策略,0.0,,一般,7.298,v266.58.1,2026-10-01 01:22:38,觀察,0,0,持續觀察,前狀態:觀察→今日:觀察,NO,v266.60.2,7.298,30.0,0.0,0.0,0.0,11.23,440.0,20/40/60結構佳｜續強品質佳｜主力佈局語意,起漲前優先,v266.61,2026-10-01 01:22:44,8.0,洗盤不破承接,無事件,等待下一次確認。,7.509,465,v266.62,2026-10-01 01:22:46,24.0,0.0,18.0,0.0,-4.12,量能安靜｜洗盤整理不破｜主力吸籌文字確認,v266.68,2026-10-01 01:22:50,NOISE,雜訊：條件不足。,WATCH,294
2026-09-30,1216,TEST,68,74.2,50-100,0.005,5000,佈局高機率,波動壓縮 | 洗盤收回 | 均線收斂 | 接近突破 | 結構尚可,True,False,True,True,False,True,8.0,A,起漲結構強,接近20日高｜40D平台收斂｜短中均線糾結｜40D低點守住｜接近/站回MA60｜MA60不再下彎｜近5日量縮,平台壓縮後轉強，可優先觀察起漲/試單。,v266.57.9,8.0,無原分數欄位｜僅顯示結構前置分數,556.0,5.0,B,續強品質中,回檔不破前低｜低點墊高確認｜收盤守MA5｜回檔量縮｜扣分:跌破短均,回檔承接尚可，若原策略入選，可優先觀察延續。,v266.57.9,6.9,0.55,0.5,GENERIC,測試排序分=原分數+結構前置分*策略權重+續強品質*策略權重；不覆蓋原策略,592.0,0.0,D,突破不足,,尚未形成乾淨突破，不急著升級。,v266.57.9,TEST,0.8,0.5,0.9,8.9,473.0,最後後處理補寫：原分數+結構前置+續強品質+突破品質；不覆蓋原策略,0.0,,一般,7.298,v266.58.1,2026-10-01 01:22:38,觀察,0,0,持續觀察,前狀態:觀察→今日:觀察,NO,v266.60.2,7.298,30.0,0.0,0.0,0.0,11.23,440.0,20/40/60結構佳｜續強品質佳｜主力佈局語意,起漲前優先,v266.61,2026-10-01 01:22:44,8.0,洗盤不破承接,無事件,等待下一次確認。,7.509,466,v266.62,2026-10-01 01:22:46,24.0,0.0,18.0,0.0,-4.12,量能安靜｜洗盤整理不破｜主力吸籌文字確認,v266.68,2026-10-01 01:22:50,NOISE,雜訊：條件不足。,WATCH,295
2026-09-30,6242,WATCH,54,34.05,50以下,0.0,0,佈局觀察,波動壓縮 | 均線收斂 | 接近突破 | 結構尚可,True,False,False,True,False,True,10.0,A,起漲結構強,20D站上MA20｜MA20走平翻揚｜MA5站上MA10｜接近20日高｜40D平台收斂｜短中均線糾結｜40D低點守住｜接近/站回MA60｜MA60不再下彎,平台壓縮後轉強，可優先觀察起漲/試單。,v266.57.9,10.0,無原分數欄位｜僅顯示結構前置分數,253.0,7.5,A,續強品質強,回檔不破前低｜低點墊高確認｜收盤守MA5｜回測守MA10｜MA5仍在MA10上｜仍站MA20,回檔承接尚可，若原策略入選，可優先觀察延續。,v266.57.9,8.35,0.55,0.5,GENERIC,測試排序分=原分數+結構前置分*策略權重+續強品質*策略權重；不覆蓋原策略,313.0,1.0,D,突破不足,MA5加速上彎｜短均多頭｜扣分:收盤位置偏弱,尚未形成乾淨突破，不急著升級。,v266.57.9,WATCH,0.55,0.35,0.75,8.875,481.0,最後後處理補寫：原分數+結構前置+續強品質+突破品質；不覆蓋原策略,0.0,,一般,7.278,v266.58.1,2026-10-01 01:22:38,觀察,0,0,持續觀察,前狀態:觀察→今日:觀察,NO,v266.60.2,7.278,30.0,0.0,0.0,0.0,11.228,442.0,20/40/60結構佳｜續強品質佳｜主力佈局語意,起漲前優先,v266.61,2026-10-01 01:22:44,8.0,洗盤不破承接,無事件,等待下一次確認。,7.495,467,v266.62,2026-10-01 01:22:46,24.0,0.0,18.0,0.0,-4.12,量能安靜｜洗盤整理不破｜主力吸籌文字確認,v266.68,2026-10-01 01:22:50,NOISE,雜訊：條件不足。,WATCH,296
2026-09-30,8284,WATCH,54,68.0,50-100,0.0,0,佈局觀察,波動壓縮 | 均線收斂 | 接近突破 | 結構尚可,True,False,False,True,False,True,9.0,A,起漲結構強,MA20走平翻揚｜接近20日高｜40D平台收斂｜短中均線糾結｜40D低點守住｜接近/站回MA60｜MA60不再下彎｜站回60D區間中上,平台壓縮後轉強，可優先觀察起漲/試單。,v266.57.9,9.0,無原分數欄位｜僅顯示結構前置分數,391.0,8.0,A,續強品質強,回檔不破前低｜低點墊高確認｜收盤守MA5｜續強確認：收盤未跌破MA5｜回檔量縮｜仍站MA20,回檔承接尚可，若原策略入選，可優先觀察延續。,v266.57.9,7.95,0.55,0.5,GENERIC,測試排序分=原分數+結構前置分*策略權重+續強品質*策略權重；不覆蓋原策略,387.0,1.5,D,突破不足,收盤接近高點,尚未形成乾淨突破，不急著升級。,v266.57.9,WATCH,0.55,0.35,0.75,8.875,481.0,最後後處理補寫：原分數+結構前置+續強品質+突破品質；不覆蓋原策略,0.0,,一般,7.278,v266.58.1,2026-10-01 01:22:38,觀察,0,0,持續觀察,前狀態:觀察→今日:觀察,NO,v266.60.2,7.278,30.0,0.0,0.0,0.0,11.228,442.0,20/40/60結構佳｜續強品質佳｜主力佈局語意,起漲前優先,v266.61,2026-10-01 01:22:44,8.0,洗盤不破承接,無事件,等待下一次確認。,7.495,468,v266.62,2026-10-01 01:22:46,24.0,0.0,18.0,0.0,-4.12,量能安靜｜洗盤整理不破｜主力吸籌文字確認,v266.68,2026-10-01 01:22:50,NOISE,雜訊：條件不足。,WATCH,297
2026-09-30,6907,WATCH,54,188.0,100-500,0.0,0,佈局觀察,波動壓縮 | 均線收斂 | 接近突破 | 結構尚可,True,False,False,True,False,True,9.0,A,起漲結構強,20D站上MA20｜MA20走平翻揚｜40D平台收斂｜短中均線糾結｜40D低點守住｜接近/站回MA60｜MA60不再下彎｜近5日量縮,平台壓縮後轉強，可優先觀察起漲/試單。,v266.57.9,9.0,無原分數欄位｜僅顯示結構前置分數,391.0,8.0,A,續強品質強,回檔不破前低｜低點墊高確認｜收盤守MA5｜續強確認：收盤未跌破MA5｜回檔量縮｜仍站MA20,回檔承接尚可，若原策略入選，可優先觀察延續。,v266.57.9,7.95,0.55,0.5,GENERIC,測試排序分=原分數+結構前置分*策略權重+續強品質*策略權重；不覆蓋原策略,387.0,1.5,D,突破不足,收盤接近高點,尚未形成乾淨突破，不急著升級。,v266.57.9,WATCH,0.55,0.35,0.75,8.875,481.0,最後後處理補寫：原分數+結構前置+續強品質+突破品質；不覆蓋原策略,0.0,,一般,7.278,v266.58.1,2026-10-01 01:22:38,觀察,0,0,持續觀察,前狀態:觀察→今日:觀察,NO,v266.60.2,7.278,30.0,0.0,0.0,0.0,11.228,442.0,20/40/60結構佳｜續強品質佳｜主力佈局語意,起漲前優先,v266.61,2026-10-01 01:22:44,8.0,洗盤不破承接,無事件,等待下一次確認。,7.495,469,v266.62,2026-10-01 01:22:46,24.0,0.0,18.0,0.0,-4.12,量能安靜｜洗盤整理不破｜主力吸籌文字確認,v266.68,2026-10-01 01:22:50,NOISE,雜訊：條件不足。,WATCH,298
2026-09-30,2949,WATCH,54,68.9,50-100,0.0,0,佈局觀察,波動壓縮 | 均線收斂 | 接近突破 | 結構尚可,True,False,False,True,False,True,9.0,A,起漲結構強,20D站上MA20｜MA20走平翻揚｜接近20日高｜40D平台收斂｜短中均線糾結｜40D低點守住｜接近/站回MA60｜MA60不再下彎,平台壓縮後轉強，可優先觀察起漲/試單。,v266.57.9,9.0,無原分數欄位｜僅顯示結構前置分數,391.0,8.0,A,續強品質強,回檔不破前低｜低點墊高確認｜收盤守MA5｜續強確認：收盤未跌破MA5｜回檔量縮｜仍站MA20,回檔承接尚可，若原策略入選，可優先觀察延續。,v266.57.9,7.95,0.55,0.5,GENERIC,測試排序分=原分數+結構前置分*策略權重+續強品質*策略權重；不覆蓋原策略,387.0,1.5,D,突破不足,收盤接近高點,尚未形成乾淨突破，不急著升級。,v266.57.9,WATCH,0.55,0.35,0.75,8.875,481.0,最後後處理補寫：原分數+結構前置+續強品質+突破品質；不覆蓋原策略,0.0,,一般,7.278,v266.58.1,2026-10-01 01:22:38,觀察,0,0,持續觀察,前狀態:觀察→今日:觀察,NO,v266.60.2,7.278,30.0,0.0,0.0,0.0,11.228,442.0,20/40/60結構佳｜續強品質佳｜主力佈局語意,起漲前優先,v266.61,2026-10-01 01:22:44,8.0,洗盤不破承接,無事件,等待下一次確認。,7.495,470,v266.62,2026-10-01 01:22:46,24.0,0.0,18.0,0.0,-4.12,量能安靜｜洗盤整理不破｜主力吸籌文字確認,v266.68,2026-10-01 01:22:50,NOISE,雜訊：條件不足。,WATCH,299
2026-09-30,3128,WATCH,54,20.35,50以下,0.0,0,佈局觀察,波動壓縮 | 均線收斂 | 接近突破 | 結構尚可,True,False,False,True,False,True,9.0,A,起漲結構強,20D站上MA20｜MA20走平翻揚｜接近20日高｜40D平台收斂｜短中均線糾結｜40D低點守住｜接近/站回MA60｜近5日量縮,平台壓縮後轉強，可優先觀察起漲/試單。,v266.57.9,9.0,無原分數欄位｜僅顯示結構前置分數,391.0,8.0,A,續強品質強,回檔不破前低｜低點墊高確認｜收盤守MA5｜續強確認：收盤未跌破MA5｜回檔量縮｜仍站MA20,回檔承接尚可，若原策略入選，可優先觀察延續。,v266.57.9,7.95,0.55,0.5,GENERIC,測試排序分=原分數+結構前置分*策略權重+續強品質*策略權重；不覆蓋原策略,387.0,1.5,D,突破不足,收盤接近高點,尚未形成乾淨突破，不急著升級。,v266.57.9,WATCH,0.55,0.35,0.75,8.875,481.0,最後後處理補寫：原分數+結構前置+續強品質+突破品質；不覆蓋原策略,0.0,,一般,7.278,v266.58.1,2026-10-01 01:22:38,觀察,0,0,持續觀察,前狀態:觀察→今日:觀察,NO,v266.60.2,7.278,30.0,0.0,0.0,0.0,11.228,442.0,20/40/60結構佳｜續強品質佳｜主力佈局語意,起漲前優先,v266.61,2026-10-01 01:22:44,8.0,洗盤不破承接,無事件,等待下一次確認。,7.495,471,v266.62,2026-10-01 01:22:46,24.0,0.0,18.0,0.0,-4.12,量能安靜｜洗盤整理不破｜主力吸籌文字確認,v266.68,2026-10-01 01:22:50,NOISE,雜訊：條件不足。,WATCH,300
2026-09-30,6598,WATCH,54,27.4,50以下,0.0,0,佈局觀察,波動壓縮 | 洗盤收回 | 均線收斂 | 結構尚可,True,False,True,True,False,False,10.0,A,起漲結構強,40D平台收斂｜短中均線糾結｜40D低點守住｜接近/站回MA60｜MA60不再下彎｜站回60D區間中上｜近5日量縮｜量縮後溫和放量,平台壓縮後轉強，可優先觀察起漲/試單。,v266.57.9,10.0,無原分數欄位｜僅顯示結構前置分數,253.0,7.0,A,續強品質強,回檔不破前低｜低點墊高確認｜收盤守MA5｜續強確認：收盤未跌破MA5｜回檔量縮,回檔承接尚可，若原策略入選，可優先觀察延續。,v266.57.9,8.0,0.55,0.5,GENERIC,測試排序分=原分數+結構前置分*策略權重+續強品質*策略權重；不覆蓋原策略,371.0,1.2,D,突破不足,量能較前日放大,尚未形成乾淨突破，不急著升級。,v266.57.9,WATCH,0.55,0.35,0.75,8.85,488.0,最後後處理補寫：原分數+結構前置+續強品質+突破品質；不覆蓋原策略,0.0,,一般,7.257,v266.58.1,2026-10-01 01:22:38,觀察,0,0,持續觀察,前狀態:觀察→今日:觀察,NO,v266.60.2,7.257,30.0,0.0,0.0,0.0,11.226,447.0,20/40/60結構佳｜續強品質佳｜主力佈局語意,起漲前優先,v266.61,2026-10-01 01:22:44,8.0,洗盤不破承接,無事件,等待下一次確認。,7.48,472,v266.62,2026-10-01 01:22:46,24.0,0.0,18.0,0.0,-4.12,量能安靜｜洗盤整理不破｜主力吸籌文字確認,v266.68,2026-10-01 01:22:50,NOISE,雜訊：條件不足。,WATCH,301
2026-09-30,7547,WATCH,54,64.8,50-100,0.0,0,佈局觀察,安靜吸籌 | 均線收斂 | 接近突破 | 結構尚可,False,True,False,True,False,True,10.0,A,起漲結構強,20D站上MA20｜MA20走平翻揚｜MA5站上MA10｜接近20日高｜40D平台收斂｜短中均線糾結｜接近/站回MA60｜MA60不再下彎｜站回60D區間中上,平台壓縮後轉強，可優先觀察起漲/試單。,v266.57.9,10.0,無原分數欄位｜僅顯示結構前置分數,253.0,7.7,A,續強品質強,回檔不破前低｜低點墊高確認｜收盤守MA5｜續強確認：收盤未跌破MA5｜MA5仍在MA10上｜仍站MA20,回檔承接尚可，若原策略入選，可優先觀察延續。,v266.57.9,8.35,0.55,0.5,GENERIC,測試排序分=原分數+結構前置分*策略權重+續強品質*策略權重；不覆蓋原策略,313.0,0.8,D,突破不足,短均多頭,尚未形成乾淨突破，不急著升級。,v266.57.9,WATCH,0.55,0.35,0.75,8.795,494.0,最後後處理補寫：原分數+結構前置+續強品質+突破品質；不覆蓋原策略,0.0,,一般,7.212,v266.58.1,2026-10-01 01:22:38,觀察,0,0,持續觀察,前狀態:觀察→今日:觀察,NO,v266.60.2,7.212,30.0,0.0,0.0,0.0,11.221,448.0,20/40/60結構佳｜續強品質佳｜主力佈局語意,起漲前優先,v266.61,2026-10-01 01:22:44,8.0,洗盤不破承接,無事件,等待下一次確認。,7.448,473,v266.62,2026-10-01 01:22:46,24.0,0.0,18.0,0.0,-4.12,量能安靜｜洗盤整理不破｜主力吸籌文字確認,v266.68,2026-10-01 01:22:50,NOISE,雜訊：條件不足。,WATCH,302
2026-09-30,6146,WATCH,54,181.5,100-500,0.0,0,佈局觀察,波動壓縮 | 均線收斂 | 接近突破 | 結構尚可,True,False,False,True,False,True,10.0,A,起漲結構強,20D站上MA20｜MA20走平翻揚｜MA5站上MA10｜接近20日高｜40D平台收斂｜短中均線糾結｜40D低點守住｜接近/站回MA60｜MA60不再下彎,平台壓縮後轉強，可優先觀察起漲/試單。,v266.57.9,10.0,無原分數欄位｜僅顯示結構前置分數,253.0,7.7,A,續強品質強,回檔不破前低｜低點墊高確認｜收盤守MA5｜續強確認：收盤未跌破MA5｜MA5仍在MA10上｜仍站MA20,回檔承接尚可，若原策略入選，可優先觀察延續。,v266.57.9,8.35,0.55,0.5,GENERIC,測試排序分=原分數+結構前置分*策略權重+續強品質*策略權重；不覆蓋原策略,313.0,0.8,D,突破不足,短均多頭,尚未形成乾淨突破，不急著升級。,v266.57.9,WATCH,0.55,0.35,0.75,8.795,494.0,最後後處理補寫：原分數+結構前置+續強品質+突破品質；不覆蓋原策略,0.0,,一般,7.212,v266.58.1,2026-10-01 01:22:38,觀察,0,0,持續觀察,前狀態:觀察→今日:觀察,NO,v266.60.2,7.212,30.0,0.0,0.0,0.0,11.221,448.0,20/40/60結構佳｜續強品質佳｜主力佈局語意,起漲前優先,v266.61,2026-10-01 01:22:44,8.0,洗盤不破承接,無事件,等待下一次確認。,7.448,474,v266.62,2026-10-01 01:22:46,24.0,0.0,18.0,0.0,-4.12,量能安靜｜洗盤整理不破｜主力吸籌文字確認,v266.68,2026-10-01 01:22:50,NOISE,雜訊：條件不足。,WATCH,303
2026-09-30,3483,WATCH,54,79.1,50-100,0.0,0,佈局觀察,波動壓縮 | 均線收斂 | 接近突破 | 結構尚可,True,False,False,True,False,True,10.0,A,起漲結構強,20D站上MA20｜MA20走平翻揚｜MA5站上MA10｜接近20日高｜40D平台收斂｜短中均線糾結｜40D低點守住｜接近/站回MA60｜站回60D區間中上,平台壓縮後轉強，可優先觀察起漲/試單。,v266.57.9,10.0,無原分數欄位｜僅顯示結構前置分數,253.0,7.7,A,續強品質強,回檔不破前低｜低點墊高確認｜收盤守MA5｜續強確認：收盤未跌破MA5｜MA5仍在MA10上｜仍站MA20,回檔承接尚可，若原策略入選，可優先觀察延續。,v266.57.9,8.35,0.55,0.5,GENERIC,測試排序分=原分數+結構前置分*策略權重+續強品質*策略權重；不覆蓋原策略,313.0,0.8,D,突破不足,短均多頭,尚未形成乾淨突破，不急著升級。,v266.57.9,WATCH,0.55,0.35,0.75,8.795,494.0,最後後處理補寫：原分數+結構前置+續強品質+突破品質；不覆蓋原策略,0.0,,一般,7.212,v266.58.1,2026-10-01 01:22:38,觀察,0,0,持續觀察,前狀態:觀察→今日:觀察,NO,v266.60.2,7.212,30.0,0.0,0.0,0.0,11.221,448.0,20/40/60結構佳｜續強品質佳｜主力佈局語意,起漲前優先,v266.61,2026-10-01 01:22:44,8.0,洗盤不破承接,無事件,等待下一次確認。,7.448,475,v266.62,2026-10-01 01:22:46,24.0,0.0,18.0,0.0,-4.12,量能安靜｜洗盤整理不破｜主力吸籌文字確認,v266.68,2026-10-01 01:22:50,NOISE,雜訊：條件不足。,WATCH,304
2026-09-30,6156,WATCH,54,21.85,50以下,0.0,0,佈局觀察,波動壓縮 | 均線收斂 | 接近突破 | 結構尚可,True,False,False,True,False,True,9.0,A,起漲結構強,20D站上MA20｜MA20走平翻揚｜MA5站上MA10｜接近20日高｜40D平台收斂｜短中均線糾結｜40D低點守住｜接近/站回MA60,平台壓縮後轉強，可優先觀察起漲/試單。,v266.57.9,7.0,無原分數欄位｜僅顯示結構前置分數,710.0,9.2,A,續強品質強,回檔不破前低｜低點墊高確認｜收盤守MA5｜續強確認：收盤未跌破MA5｜回檔量縮｜MA5仍在MA10上｜仍站MA20,回檔承接尚可，若原策略入選，可優先觀察延續。,v266.57.9,6.7,0.55,0.5,GENERIC,測試排序分=原分數+結構前置分*策略權重+續強品質*策略權重；不覆蓋原策略,643.0,0.8,D,突破不足,短均多頭,尚未形成乾淨突破，不急著升級。,v266.57.9,WATCH,0.55,0.35,0.75,8.77,498.0,最後後處理補寫：原分數+結構前置+續強品質+突破品質；不覆蓋原策略,0.0,,一般,7.191,v266.58.1,2026-10-01 01:22:38,觀察,0,0,持續觀察,前狀態:觀察→今日:觀察,NO,v266.60.2,7.191,30.0,0.0,0.0,0.0,11.219,451.0,20/40/60結構佳｜續強品質佳｜主力佈局語意,起漲前優先,v266.61,2026-10-01 01:22:44,8.0,洗盤不破承接,無事件,等待下一次確認。,7.434,476,v266.62,2026-10-01 01:22:46,24.0,0.0,18.0,0.0,-4.12,量能安靜｜洗盤整理不破｜主力吸籌文字確認,v266.68,2026-10-01 01:22:50,NOISE,雜訊：條件不足。,WATCH,305
2026-09-30,6129,WATCH,54,14.9,50以下,0.0,0,佈局觀察,波動壓縮 | 均線收斂 | 接近突破 | 結構尚可,True,False,False,True,False,True,9.0,A,起漲結構強,20D站上MA20｜MA20走平翻揚｜MA5站上MA10｜接近20日高｜40D平台收斂｜短中均線糾結｜40D低點守住｜接近/站回MA60,平台壓縮後轉強，可優先觀察起漲/試單。,v266.57.9,9.0,無原分數欄位｜僅顯示結構前置分數,391.0,9.2,A,續強品質強,回檔不破前低｜低點墊高確認｜收盤守MA5｜續強確認：收盤未跌破MA5｜回檔量縮｜MA5仍在MA10上｜仍站MA20,回檔承接尚可，若原策略入選，可優先觀察延續。,v266.57.9,8.55,0.55,0.5,GENERIC,測試排序分=原分數+結構前置分*策略權重+續強品質*策略權重；不覆蓋原策略,269.0,0.8,D,突破不足,短均多頭,尚未形成乾淨突破，不急著升級。,v266.57.9,WATCH,0.55,0.35,0.75,8.77,498.0,最後後處理補寫：原分數+結構前置+續強品質+突破品質；不覆蓋原策略,0.0,,一般,7.191,v266.58.1,2026-10-01 01:22:38,觀察,0,0,持續觀察,前狀態:觀察→今日:觀察,NO,v266.60.2,7.191,30.0,0.0,0.0,0.0,11.219,451.0,20/40/60結構佳｜續強品質佳｜主力佈局語意,起漲前優先,v266.61,2026-10-01 01:22:44,8.0,洗盤不破承接,無事件,等待下一次確認。,7.434,477,v266.62,2026-10-01 01:22:46,24.0,0.0,18.0,0.0,-4.12,量能安靜｜洗盤整理不破｜主力吸籌文字確認,v266.68,2026-10-01 01:22:50,NOISE,雜訊：條件不足。,WATCH,306
2026-09-30,9908,WATCH,54,29.0,50以下,0.0,0,佈局觀察,波動壓縮 | 均線收斂 | 接近突破 | 結構尚可,True,False,False,True,False,True,8.8,A,起漲結構強,接近20日高｜40D平台收斂｜短中均線糾結｜40D低點守住｜接近/站回MA60｜MA60不再下彎｜近5日量縮｜10D動能轉正,平台壓縮後轉強，可優先觀察起漲/試單。,v266.57.9,8.8,無原分數欄位｜僅顯示結構前置分數,522.0,8.0,A,續強品質強,回檔不破前低｜低點墊高確認｜收盤守MA5｜續強確認：收盤未跌破MA5｜回檔量縮｜10D動能維持,回檔承接尚可，若原策略入選，可優先觀察延續。,v266.57.9,7.84,0.55,0.5,GENERIC,測試排序分=原分數+結構前置分*策略權重+續強品質*策略權重；不覆蓋原策略,419.0,1.5,D,突破不足,紅K實體放大,尚未形成乾淨突破，不急著升級。,v266.57.9,WATCH,0.55,0.35,0.75,8.765,500.0,最後後處理補寫：原分數+結構前置+續強品質+突破品質；不覆蓋原策略,0.0,,一般,7.187,v266.58.1,2026-10-01 01:22:38,觀察,0,0,持續觀察,前狀態:觀察→今日:觀察,NO,v266.60.2,7.187,30.0,0.0,0.0,0.0,11.219,451.0,20/40/60結構佳｜續強品質佳｜主力佈局語意,起漲前優先,v266.61,2026-10-01 01:22:44,8.0,洗盤不破承接,無事件,等待下一次確認。,7.431,478,v266.62,2026-10-01 01:22:46,24.0,0.0,18.0,0.0,-4.12,量能安靜｜洗盤整理不破｜主力吸籌文字確認,v266.68,2026-10-01 01:22:50,NOISE,雜訊：條件不足。,WATCH,307
2026-09-30,6605,WATCH,54,137.5,100-500,0.0,0,佈局觀察,波動壓縮 | 均線收斂 | 接近突破 | 結構尚可,True,False,False,True,False,True,10.8,A,起漲結構強,MA5站上MA10｜接近20日高｜40D平台收斂｜短中均線糾結｜40D低點守住｜接近/站回MA60｜MA60不再下彎｜站回60D區間中上｜近5日量縮｜10D動能轉正,平台壓縮後轉強，可優先觀察起漲/試單。,v266.57.9,10.8,無原分數欄位｜僅顯示結構前置分數,197.0,8.5,A,續強品質強,回檔不破前低｜低點墊高確認｜回測守MA10｜回檔量縮｜MA5仍在MA10上｜仍站MA20｜10D動能維持,回檔承接尚可，若原策略入選，可優先觀察延續。,v266.57.9,9.69,0.55,0.5,GENERIC,測試排序分=原分數+結構前置分*策略權重+續強品質*策略權重；不覆蓋原策略,122.0,-0.2,D,突破不足,短均多頭｜扣分:收盤位置偏弱,尚未形成乾淨突破，不急著升級。,v266.57.9,WATCH,0.55,0.35,0.75,8.765,500.0,最後後處理補寫：原分數+結構前置+續強品質+突破品質；不覆蓋原策略,0.0,,一般,7.187,v266.58.1,2026-10-01 01:22:38,觀察,0,0,持續觀察,前狀態:觀察→今日:觀察,NO,v266.60.2,7.187,30.0,0.0,0.0,0.0,11.219,451.0,20/40/60結構佳｜續強品質佳｜主力佈局語意,起漲前優先,v266.61,2026-10-01 01:22:44,8.0,洗盤不破承接,無事件,等待下一次確認。,7.431,479,v266.62,2026-10-01 01:22:46,24.0,0.0,18.0,0.0,-4.12,量能安靜｜洗盤整理不破｜主力吸籌文字確認,v266.68,2026-10-01 01:22:50,NOISE,雜訊：條件不足。,WATCH,308
2026-09-30,6708,WATCH,54,51.7,50-100,0.0,0,佈局觀察,安靜吸籌 | 均線收斂 | 接近突破 | 結構尚可,False,True,False,True,False,True,11.0,A,起漲結構強,20D站上MA20｜MA20走平翻揚｜MA5站上MA10｜接近20日高｜40D平台收斂｜短中均線糾結｜40D低點守住｜接近/站回MA60｜MA60不再下彎｜站回60D區間中上,平台壓縮後轉強，可優先觀察起漲/試單。,v266.57.9,11.0,無原分數欄位｜僅顯示結構前置分數,137.0,7.7,A,續強品質強,回檔不破前低｜低點墊高確認｜收盤守MA5｜續強確認：收盤未跌破MA5｜MA5仍在MA10上｜仍站MA20,回檔承接尚可，若原策略入選，可優先觀察延續。,v266.57.9,8.9,0.55,0.5,GENERIC,測試排序分=原分數+結構前置分*策略權重+續強品質*策略權重；不覆蓋原策略,216.0,,,,,,,WATCH,0.55,0.35,0.75,8.745,504.0,最後後處理補寫：原分數+結構前置+續強品質+突破品質；不覆蓋原策略,0.0,,一般,7.171,v266.58.1,2026-10-01 01:22:38,觀察,0,0,持續觀察,前狀態:觀察→今日:觀察,NO,v266.60.2,7.171,30.0,0.0,0.0,0.0,11.217,455.0,20/40/60結構佳｜續強品質佳｜主力佈局語意,起漲前優先,v266.61,2026-10-01 01:22:44,8.0,洗盤不破承接,無事件,等待下一次確認。,7.42,480,v266.62,2026-10-01 01:22:46,24.0,0.0,18.0,0.0,-4.12,量能安靜｜洗盤整理不破｜主力吸籌文字確認,v266.68,2026-10-01 01:22:50,NOISE,雜訊：條件不足。,WATCH,309
2026-09-30,2476,WATCH,54,123.5,100-500,0.0,0,佈局觀察,波動壓縮 | 均線收斂 | 接近突破 | 結構尚可,True,False,False,True,False,True,9.8,A,起漲結構強,20D站上MA20｜MA5站上MA10｜40D平台收斂｜短中均線糾結｜40D低點守住｜接近/站回MA60｜站回60D區間中上｜近5日量縮｜10D動能轉正,平台壓縮後轉強，可優先觀察起漲/試單。,v266.57.9,9.8,無原分數欄位｜僅顯示結構前置分數,346.0,10.0,A,續強品質強,回檔不破前低｜低點墊高確認｜收盤守MA5｜續強確認：收盤未跌破MA5｜回檔量縮｜MA5仍在MA10上｜仍站MA20｜10D動能維持,回檔承接尚可，若原策略入選，可優先觀察延續。,v266.57.9,9.49,0.55,0.5,GENERIC,測試排序分=原分數+結構前置分*策略權重+續強品質*策略權重；不覆蓋原策略,140.0,-0.2,D,突破不足,短均多頭｜扣分:收盤位置偏弱,尚未形成乾淨突破，不急著升級。,v266.57.9,WATCH,0.55,0.35,0.75,8.74,505.0,最後後處理補寫：原分數+結構前置+續強品質+突破品質；不覆蓋原策略,0.0,,一般,7.167,v266.58.1,2026-10-01 01:22:38,觀察,0,0,持續觀察,前狀態:觀察→今日:觀察,NO,v266.60.2,7.167,30.0,0.0,0.0,0.0,11.217,455.0,20/40/60結構佳｜續強品質佳｜主力佈局語意,起漲前優先,v266.61,2026-10-01 01:22:44,8.0,洗盤不破承接,無事件,等待下一次確認。,7.417,481,v266.62,2026-10-01 01:22:46,24.0,0.0,18.0,0.0,-4.12,量能安靜｜洗盤整理不破｜主力吸籌文字確認,v266.68,2026-10-01 01:22:50,NOISE,雜訊：條件不足。,WATCH,310
2026-09-30,5403,WATCH,54,92.8,50-100,0.0,0,佈局觀察,波動壓縮 | 均線收斂 | 接近突破 | 結構尚可,True,False,False,True,False,True,9.0,A,起漲結構強,MA20走平翻揚｜MA5站上MA10｜接近20日高｜40D平台收斂｜短中均線糾結｜40D低點守住｜接近/站回MA60｜MA60不再下彎,平台壓縮後轉強，可優先觀察起漲/試單。,v266.57.9,7.0,無原分數欄位｜僅顯示結構前置分數,710.0,8.0,A,續強品質強,回檔不破前低｜低點墊高確認｜收盤守MA5｜回測守MA10｜回檔量縮｜MA5仍在MA10上,回檔承接尚可，若原策略入選，可優先觀察延續。,v266.57.9,6.2,0.55,0.5,GENERIC,測試排序分=原分數+結構前置分*策略權重+續強品質*策略權重；不覆蓋原策略,715.0,1.3,D,突破不足,突破近5日高｜短均多頭｜扣分:收盤位置偏弱,尚未形成乾淨突破，不急著升級。,v266.57.9,WATCH,0.55,0.35,0.75,8.725,506.0,最後後處理補寫：原分數+結構前置+續強品質+突破品質；不覆蓋原策略,0.0,,一般,7.154,v266.58.1,2026-10-01 01:22:38,觀察,0,0,持續觀察,前狀態:觀察→今日:觀察,NO,v266.60.2,7.154,30.0,0.0,0.0,0.0,11.215,457.0,20/40/60結構佳｜續強品質佳｜主力佈局語意,起漲前優先,v266.61,2026-10-01 01:22:44,8.0,洗盤不破承接,無事件,等待下一次確認。,7.408,482,v266.62,2026-10-01 01:22:46,24.0,0.0,18.0,0.0,-4.12,量能安靜｜洗盤整理不破｜主力吸籌文字確認,v266.68,2026-10-01 01:22:50,NOISE,雜訊：條件不足。,WATCH,311
2026-09-30,4120,WATCH,54,45.9,50以下,0.0,0,佈局觀察,波動壓縮 | 均線收斂 | 接近突破 | 結構尚可,True,False,False,True,False,True,9.0,A,起漲結構強,MA20走平翻揚｜MA5站上MA10｜接近20日高｜40D平台收斂｜短中均線糾結｜40D低點守住｜接近/站回MA60｜MA60不再下彎,平台壓縮後轉強，可優先觀察起漲/試單。,v266.57.9,9.0,無原分數欄位｜僅顯示結構前置分數,391.0,8.0,A,續強品質強,回檔不破前低｜低點墊高確認｜收盤守MA5｜回測守MA10｜回檔量縮｜MA5仍在MA10上,回檔承接尚可，若原策略入選，可優先觀察延續。,v266.57.9,8.05,0.55,0.5,GENERIC,測試排序分=原分數+結構前置分*策略權重+續強品質*策略權重；不覆蓋原策略,364.0,1.3,D,突破不足,突破近5日高｜短均多頭｜扣分:收盤位置偏弱,尚未形成乾淨突破，不急著升級。,v266.57.9,WATCH,0.55,0.35,0.75,8.725,506.0,最後後處理補寫：原分數+結構前置+續強品質+突破品質；不覆蓋原策略,0.0,,一般,7.154,v266.58.1,2026-10-01 01:22:38,觀察,0,0,持續觀察,前狀態:觀察→今日:觀察,NO,v266.60.2,7.154,30.0,0.0,0.0,0.0,11.215,457.0,20/40/60結構佳｜續強品質佳｜主力佈局語意,起漲前優先,v266.61,2026-10-01 01:22:44,8.0,洗盤不破承接,無事件,等待下一次確認。,7.408,483,v266.62,2026-10-01 01:22:46,24.0,0.0,18.0,0.0,-4.12,量能安靜｜洗盤整理不破｜主力吸籌文字確認,v266.68,2026-10-01 01:22:50,NOISE,雜訊：條件不足。,WATCH,312
2026-09-30,2937,WATCH,54,44.7,50以下,0.0,0,佈局觀察,波動壓縮 | 均線收斂 | 接近突破 | 結構尚可,True,False,False,True,False,True,10.0,A,起漲結構強,20D站上MA20｜MA20走平翻揚｜MA5站上MA10｜接近20日高｜40D平台收斂｜短中均線糾結｜40D低點守住｜接近/站回MA60｜近5日量縮,平台壓縮後轉強，可優先觀察起漲/試單。,v266.57.9,10.0,無原分數欄位｜僅顯示結構前置分數,253.0,9.2,A,續強品質強,回檔不破前低｜低點墊高確認｜收盤守MA5｜續強確認：收盤未跌破MA5｜回檔量縮｜MA5仍在MA10上｜仍站MA20,回檔承接尚可，若原策略入選，可優先觀察延續。,v266.57.9,9.1,0.55,0.5,GENERIC,測試排序分=原分數+結構前置分*策略權重+續強品質*策略權重；不覆蓋原策略,181.0,,,,,,,WATCH,0.55,0.35,0.75,8.72,508.0,最後後處理補寫：原分數+結構前置+續強品質+突破品質；不覆蓋原策略,0.0,,一般,7.15,v266.58.1,2026-10-01 01:22:38,觀察,0,0,持續觀察,前狀態:觀察→今日:觀察,NO,v266.60.2,7.15,30.0,0.0,0.0,0.0,11.215,457.0,20/40/60結構佳｜續強品質佳｜主力佈局語意,起漲前優先,v266.61,2026-10-01 01:22:44,8.0,洗盤不破承接,無事件,等待下一次確認。,7.405,484,v266.62,2026-10-01 01:22:46,24.0,0.0,18.0,0.0,-4.12,量能安靜｜洗盤整理不破｜主力吸籌文字確認,v266.68,2026-10-01 01:22:50,NOISE,雜訊：條件不足。,WATCH,313
2026-09-30,6155,TEST,66,63.3,50-100,0.005,5000,佈局高機率,波動壓縮 | 安靜吸籌 | 均線收斂 | 接近突破,True,True,False,True,False,True,9.1,A,起漲結構強,20D站上MA20｜MA20走平翻揚｜MA5站上MA10｜接近20日高｜40D平台收斂｜短中均線糾結｜40D低點守住｜接近/站回MA60｜5D動能轉正｜10D動能轉正｜扣分:單日爆量偏高,平台壓縮後轉強，可優先觀察起漲/試單。,v266.57.9,9.1,無原分數欄位｜僅顯示結構前置分數,387.0,7.5,A,續強品質強,回檔不破前低｜低點墊高確認｜收盤守MA5｜續強確認：收盤未跌破MA5｜MA5仍在MA10上｜仍站MA20｜10D動能維持｜扣分:回檔量放大,回檔承接尚可，若原策略入選，可優先觀察延續。,v266.57.9,7.755,0.55,0.5,GENERIC,測試排序分=原分數+結構前置分*策略權重+續強品質*策略權重；不覆蓋原策略,461.0,-0.2,D,突破不足,短均多頭｜扣分:收盤位置偏弱,尚未形成乾淨突破，不急著升級。,v266.57.9,TEST,0.8,0.5,0.9,10.85,245.0,最後後處理補寫：原分數+結構前置+續強品質+突破品質；不覆蓋原策略,0.0,,一般,8.897,v266.58.1,2026-10-01 01:22:38,觀察,0,-5,降級風險,前狀態:洗盤吸籌→今日:觀察｜狀態降級,RISK,v266.60.2,7.147,30.0,0.0,0.0,15.0,5.002,715.0,20/40/60結構佳｜續強品質佳｜主力佈局語意｜風險語意扣分,過熱降權,v266.61,2026-10-01 01:22:44,8.0,洗盤不破承接,無事件,等待下一次確認。,7.403,485,v266.62,2026-10-01 01:22:46,24.0,0.0,18.0,0.0,-4.12,量能安靜｜洗盤整理不破｜主力吸籌文字確認,v266.68,2026-10-01 01:22:50,NOISE,雜訊：條件不足。,WATCH,314
2026-09-30,4540,BUY,86,62.1,50-100,0.01,10000,主力佈局完成,波動壓縮 | 安靜吸籌 | 均線收斂 | 放量吸收 | 接近突破 | 結構尚可,True,True,False,True,True,True,12.0,A,起漲結構強,20D站上MA20｜MA20走平翻揚｜MA5站上MA10｜接近20日高｜40D平台收斂｜短中均線糾結｜40D低點守住｜接近/站回MA60｜MA60不再下彎｜站回60D區間中上｜量縮後溫和放量｜5D動能轉正｜10D動能轉正,平台壓縮後轉強，可優先觀察起漲/試單。,v266.57.9,12.0,無原分數欄位｜僅顯示結構前置分數,1.0,8.7,A,續強品質強,回檔不破前低｜低點墊高確認｜收盤守MA5｜續強確認：收盤未跌破MA5｜MA5仍在MA10上｜仍站MA20｜10D動能維持,回檔承接尚可，若原策略入選，可優先觀察延續。,v266.57.9,9.95,0.55,0.5,GENERIC,測試排序分=原分數+結構前置分*策略權重+續強品質*策略權重；不覆蓋原策略,51.0,-0.2,D,突破不足,短均多頭｜扣分:收盤位置偏弱,尚未形成乾淨突破，不急著升級。,v266.57.9,GENERIC,0.55,0.5,0.5,10.85,245.0,最後後處理補寫：原分數+結構前置+續強品質+突破品質；不覆蓋原策略,0.0,,一般,8.897,v266.58.1,2026-10-01 01:22:38,觀察,0,-5,降級風險,前狀態:試盤中→今日:觀察｜狀態降級,RISK,v266.60.2,7.147,30.0,0.0,0.0,15.0,5.002,715.0,20/40/60結構佳｜續強品質佳｜主力佈局語意｜風險語意扣分,過熱降權,v266.61,2026-10-01 01:22:44,8.0,洗盤不破承接,無事件,等待下一次確認。,7.403,486,v266.62,2026-10-01 01:22:46,24.0,0.0,18.0,0.0,-4.12,量能安靜｜洗盤整理不破｜主力吸籌文字確認,v266.68,2026-10-01 01:22:50,NOISE,雜訊：條件不足。,WATCH,315
2026-09-30,5452,WATCH,54,27.4,50以下,0.0,0,佈局觀察,波動壓縮 | 均線收斂 | 接近突破 | 結構尚可,True,False,False,True,False,True,9.0,A,起漲結構強,20D站上MA20｜MA20走平翻揚｜MA5站上MA10｜接近20日高｜40D平台收斂｜短中均線糾結｜40D低點守住｜接近/站回MA60,平台壓縮後轉強，可優先觀察起漲/試單。,v266.57.9,9.0,無原分數欄位｜僅顯示結構前置分數,391.0,9.0,A,續強品質強,回檔不破前低｜低點墊高確認｜收盤守MA5｜回測守MA10｜回檔量縮｜MA5仍在MA10上｜仍站MA20,回檔承接尚可，若原策略入選，可優先觀察延續。,v266.57.9,8.55,0.55,0.5,GENERIC,測試排序分=原分數+結構前置分*策略權重+續強品質*策略權重；不覆蓋原策略,269.0,0.8,D,突破不足,短均多頭,尚未形成乾淨突破，不急著升級。,v266.57.9,WATCH,0.55,0.35,0.75,8.7,510.0,最後後處理補寫：原分數+結構前置+續強品質+突破品質；不覆蓋原策略,0.0,,一般,7.134,v266.58.1,2026-10-01 01:22:38,觀察,0,0,持續觀察,前狀態:觀察→今日:觀察,NO,v266.60.2,7.134,30.0,0.0,0.0,0.0,11.213,460.0,20/40/60結構佳｜續強品質佳｜主力佈局語意,起漲前優先,v266.61,2026-10-01 01:22:44,8.0,洗盤不破承接,無事件,等待下一次確認。,7.394,487,v266.62,2026-10-01 01:22:46,24.0,0.0,18.0,0.0,-4.12,量能安靜｜洗盤整理不破｜主力吸籌文字確認,v266.68,2026-10-01 01:22:50,NOISE,雜訊：條件不足。,WATCH,316
2026-09-30,3093,WATCH,54,44.7,50以下,0.0,0,佈局觀察,波動壓縮 | 均線收斂 | 接近突破 | 結構尚可,True,False,False,True,False,True,9.0,A,起漲結構強,20D站上MA20｜MA20走平翻揚｜MA5站上MA10｜接近20日高｜40D平台收斂｜短中均線糾結｜40D低點守住｜接近/站回MA60,平台壓縮後轉強，可優先觀察起漲/試單。,v266.57.9,9.0,無原分數欄位｜僅顯示結構前置分數,391.0,9.0,A,續強品質強,回檔不破前低｜低點墊高確認｜收盤守MA5｜回測守MA10｜回檔量縮｜MA5仍在MA10上｜仍站MA20,回檔承接尚可，若原策略入選，可優先觀察延續。,v266.57.9,8.55,0.55,0.5,GENERIC,測試排序分=原分數+結構前置分*策略權重+續強品質*策略權重；不覆蓋原策略,269.0,0.8,D,突破不足,短均多頭,尚未形成乾淨突破，不急著升級。,v266.57.9,WATCH,0.55,0.35,0.75,8.7,510.0,最後後處理補寫：原分數+結構前置+續強品質+突破品質；不覆蓋原策略,0.0,,一般,7.134,v266.58.1,2026-10-01 01:22:38,觀察,0,0,持續觀察,前狀態:觀察→今日:觀察,NO,v266.60.2,7.134,30.0,0.0,0.0,0.0,11.213,460.0,20/40/60結構佳｜續強品質佳｜主力佈局語意,起漲前優先,v266.61,2026-10-01 01:22:44,8.0,洗盤不破承接,無事件,等待下一次確認。,7.394,488,v266.62,2026-10-01 01:22:46,24.0,0.0,18.0,0.0,-4.12,量能安靜｜洗盤整理不破｜主力吸籌文字確認,v266.68,2026-10-01 01:22:50,NOISE,雜訊：條件不足。,WATCH,317
2026-09-30,2546,WATCH,54,105.0,100-500,0.0,0,佈局觀察,波動壓縮 | 均線收斂 | 接近突破 | 結構尚可,True,False,False,True,False,True,10.6,A,起漲結構強,MA5站上MA10｜40D平台收斂｜短中均線糾結｜40D低點守住｜接近/站回MA60｜MA60不再下彎｜站回60D區間中上｜近5日量縮｜5D動能轉正｜10D動能轉正,平台壓縮後轉強，可優先觀察起漲/試單。,v266.57.9,10.6,無原分數欄位｜僅顯示結構前置分數,215.0,5.7,B,續強品質中,回檔不破前低｜低點墊高確認｜回檔量縮｜MA5仍在MA10上｜10D動能維持｜扣分:跌破短均,回檔承接尚可，若原策略入選，可優先觀察延續。,v266.57.9,8.18,0.55,0.5,GENERIC,測試排序分=原分數+結構前置分*策略權重+續強品質*策略權重；不覆蓋原策略,357.0,1.0,D,突破不足,MA5加速上彎｜短均多頭｜扣分:收盤位置偏弱,尚未形成乾淨突破，不急著升級。,v266.57.9,WATCH,0.55,0.35,0.75,8.575,519.0,最後後處理補寫：原分數+結構前置+續強品質+突破品質；不覆蓋原策略,0.0,,一般,7.031,v266.58.1,2026-10-01 01:22:38,觀察,0,0,持續觀察,前狀態:觀察→今日:觀察,NO,v266.60.2,7.031,30.0,0.0,0.0,0.0,11.203,462.0,20/40/60結構佳｜續強品質佳｜主力佈局語意,起漲前優先,v266.61,2026-10-01 01:22:44,8.0,洗盤不破承接,無事件,等待下一次確認。,7.322,489,v266.62,2026-10-01 01:22:46,24.0,0.0,18.0,0.0,-4.12,量能安靜｜洗盤整理不破｜主力吸籌文字確認,v266.68,2026-10-01 01:22:50,NOISE,雜訊：條件不足。,WATCH,318
2026-09-30,4528,WATCH,54,14.95,50以下,0.0,0,佈局觀察,波動壓縮 | 均線收斂 | 接近突破 | 結構尚可,True,False,False,True,False,True,10.0,A,起漲結構強,20D站上MA20｜MA5站上MA10｜接近20日高｜40D平台收斂｜短中均線糾結｜40D低點守住｜接近/站回MA60｜MA60不再下彎｜近5日量縮,平台壓縮後轉強，可優先觀察起漲/試單。,v266.57.9,10.0,無原分數欄位｜僅顯示結構前置分數,253.0,9.2,A,續強品質強,回檔不破前低｜低點墊高確認｜收盤守MA5｜續強確認：收盤未跌破MA5｜回檔量縮｜MA5仍在MA10上｜仍站MA20,回檔承接尚可，若原策略入選，可優先觀察延續。,v266.57.9,9.1,0.55,0.5,GENERIC,測試排序分=原分數+結構前置分*策略權重+續強品質*策略權重；不覆蓋原策略,181.0,-0.2,D,突破不足,短均多頭｜扣分:收盤位置偏弱,尚未形成乾淨突破，不急著升級。,v266.57.9,WATCH,0.55,0.35,0.75,8.57,522.0,最後後處理補寫：原分數+結構前置+續強品質+突破品質；不覆蓋原策略,0.0,,一般,7.027,v266.58.1,2026-10-01 01:22:38,觀察,0,0,持續觀察,前狀態:觀察→今日:觀察,NO,v266.60.2,7.027,30.0,0.0,0.0,0.0,11.203,462.0,20/40/60結構佳｜續強品質佳｜主力佈局語意,起漲前優先,v266.61,2026-10-01 01:22:44,8.0,洗盤不破承接,無事件,等待下一次確認。,7.319,490,v266.62,2026-10-01 01:22:46,24.0,0.0,18.0,0.0,-4.12,量能安靜｜洗盤整理不破｜主力吸籌文字確認,v266.68,2026-10-01 01:22:50,NOISE,雜訊：條件不足。,WATCH,319
2026-09-30,3373,WATCH,54,16.0,50以下,0.0,0,佈局觀察,波動壓縮 | 均線收斂 | 接近突破 | 結構尚可,True,False,False,True,False,True,10.0,A,起漲結構強,20D站上MA20｜MA20走平翻揚｜MA5站上MA10｜接近20日高｜40D平台收斂｜短中均線糾結｜40D低點守住｜接近/站回MA60｜MA60不再下彎,平台壓縮後轉強，可優先觀察起漲/試單。,v266.57.9,8.0,無原分數欄位｜僅顯示結構前置分數,556.0,9.2,A,續強品質強,回檔不破前低｜低點墊高確認｜收盤守MA5｜續強確認：收盤未跌破MA5｜回檔量縮｜MA5仍在MA10上｜仍站MA20,回檔承接尚可，若原策略入選，可優先觀察延續。,v266.57.9,7.25,0.55,0.5,GENERIC,測試排序分=原分數+結構前置分*策略權重+續強品質*策略權重；不覆蓋原策略,550.0,-0.2,D,突破不足,短均多頭｜扣分:收盤位置偏弱,尚未形成乾淨突破，不急著升級。,v266.57.9,WATCH,0.55,0.35,0.75,8.57,522.0,最後後處理補寫：原分數+結構前置+續強品質+突破品質；不覆蓋原策略,0.0,,一般,7.027,v266.58.1,2026-10-01 01:22:38,觀察,0,0,持續觀察,前狀態:觀察→今日:觀察,NO,v266.60.2,7.027,30.0,0.0,0.0,0.0,11.203,462.0,20/40/60結構佳｜續強品質佳｜主力佈局語意,起漲前優先,v266.61,2026-10-01 01:22:44,8.0,洗盤不破承接,無事件,等待下一次確認。,7.319,491,v266.62,2026-10-01 01:22:46,24.0,0.0,18.0,0.0,-4.12,量能安靜｜洗盤整理不破｜主力吸籌文字確認,v266.68,2026-10-01 01:22:50,NOISE,雜訊：條件不足。,WATCH,320
2026-09-30,3679,WATCH,54,108.0,100-500,0.0,0,佈局觀察,波動壓縮 | 均線收斂 | 接近突破 | 結構尚可,True,False,False,True,False,True,12.0,A,起漲結構強,20D站上MA20｜MA20走平翻揚｜MA5站上MA10｜接近20日高｜40D平台收斂｜短中均線糾結｜40D低點守住｜接近/站回MA60｜MA60不再下彎｜量縮後溫和放量,平台壓縮後轉強，可優先觀察起漲/試單。,v266.57.9,12.0,無原分數欄位｜僅顯示結構前置分數,1.0,6.0,B,續強品質中,回檔不破前低｜低點墊高確認｜回測守MA10｜MA5仍在MA10上｜仍站MA20,回檔承接尚可，若原策略入選，可優先觀察延續。,v266.57.9,9.1,0.55,0.5,GENERIC,測試排序分=原分數+結構前置分*策略權重+續強品質*策略權重；不覆蓋原策略,181.0,-0.2,D,突破不足,短均多頭｜扣分:收盤位置偏弱,尚未形成乾淨突破，不急著升級。,v266.57.9,WATCH,0.55,0.35,0.75,8.55,525.0,最後後處理補寫：原分數+結構前置+續強品質+突破品質；不覆蓋原策略,0.0,,一般,7.011,v266.58.1,2026-10-01 01:22:38,觀察,0,0,持續觀察,前狀態:觀察→今日:觀察,NO,v266.60.2,7.011,30.0,0.0,0.0,0.0,11.201,465.0,20/40/60結構佳｜續強品質佳｜主力佈局語意,起漲前優先,v266.61,2026-10-01 01:22:44,8.0,洗盤不破承接,無事件,等待下一次確認。,7.308,492,v266.62,2026-10-01 01:22:46,24.0,0.0,18.0,0.0,-4.12,量能安靜｜洗盤整理不破｜主力吸籌文字確認,v266.68,2026-10-01 01:22:50,NOISE,雜訊：條件不足。,WATCH,321
2026-09-30,4175,WATCH,54,51.0,50-100,0.0,0,佈局觀察,波動壓縮 | 均線收斂 | 接近突破 | 結構尚可,True,False,False,True,False,True,9.0,A,起漲結構強,MA20走平翻揚｜接近20日高｜40D平台收斂｜短中均線糾結｜40D低點守住｜接近/站回MA60｜MA60不再下彎｜站回60D區間中上,平台壓縮後轉強，可優先觀察起漲/試單。,v266.57.9,9.0,無原分數欄位｜僅顯示結構前置分數,391.0,7.0,A,續強品質強,回檔不破前低｜低點墊高確認｜收盤守MA5｜續強確認：收盤未跌破MA5｜回檔量縮,回檔承接尚可，若原策略入選，可優先觀察延續。,v266.57.9,7.45,0.55,0.5,GENERIC,測試排序分=原分數+結構前置分*策略權重+續強品質*策略權重；不覆蓋原策略,503.0,1.5,D,突破不足,收盤接近高點,尚未形成乾淨突破，不急著升級。,v266.57.9,WATCH,0.55,0.35,0.75,8.525,532.0,最後後處理補寫：原分數+結構前置+續強品質+突破品質；不覆蓋原策略,0.0,,一般,6.99,v266.58.1,2026-10-01 01:22:38,觀察,0,0,持續觀察,前狀態:觀察→今日:觀察,NO,v266.60.2,6.99,30.0,0.0,0.0,0.0,11.199,466.0,20/40/60結構佳｜續強品質佳｜主力佈局語意,起漲前優先,v266.61,2026-10-01 01:22:44,8.0,洗盤不破承接,無事件,等待下一次確認。,7.293,493,v266.62,2026-10-01 01:22:46,24.0,0.0,18.0,0.0,-4.12,量能安靜｜洗盤整理不破｜主力吸籌文字確認,v266.68,2026-10-01 01:22:50,NOISE,雜訊：條件不足。,WATCH,322
2026-09-30,5530,WATCH,54,48.85,50以下,0.0,0,佈局觀察,波動壓縮 | 均線收斂 | 接近突破 | 結構尚可,True,False,False,True,False,True,9.0,A,起漲結構強,MA20走平翻揚｜接近20日高｜40D平台收斂｜短中均線糾結｜40D低點守住｜接近/站回MA60｜MA60不再下彎｜站回60D區間中上,平台壓縮後轉強，可優先觀察起漲/試單。,v266.57.9,9.0,無原分數欄位｜僅顯示結構前置分數,391.0,7.0,A,續強品質強,回檔不破前低｜低點墊高確認｜收盤守MA5｜續強確認：收盤未跌破MA5｜回檔量縮,回檔承接尚可，若原策略入選，可優先觀察延續。,v266.57.9,7.45,0.55,0.5,GENERIC,測試排序分=原分數+結構前置分*策略權重+續強品質*策略權重；不覆蓋原策略,503.0,1.5,D,突破不足,收盤接近高點,尚未形成乾淨突破，不急著升級。,v266.57.9,WATCH,0.55,0.35,0.75,8.525,532.0,最後後處理補寫：原分數+結構前置+續強品質+突破品質；不覆蓋原策略,0.0,,一般,6.99,v266.58.1,2026-10-01 01:22:38,觀察,0,0,持續觀察,前狀態:觀察→今日:觀察,NO,v266.60.2,6.99,30.0,0.0,0.0,0.0,11.199,466.0,20/40/60結構佳｜續強品質佳｜主力佈局語意,起漲前優先,v266.61,2026-10-01 01:22:44,8.0,洗盤不破承接,無事件,等待下一次確認。,7.293,494,v266.62,2026-10-01 01:22:46,24.0,0.0,18.0,0.0,-4.12,量能安靜｜洗盤整理不破｜主力吸籌文字確認,v266.68,2026-10-01 01:22:50,NOISE,雜訊：條件不足。,WATCH,323
2026-09-30,2729,WATCH,54,156.0,100-500,0.0,0,佈局觀察,波動壓縮 | 均線收斂 | 接近突破 | 結構尚可,True,False,False,True,False,True,10.0,A,起漲結構強,20D站上MA20｜MA20走平翻揚｜MA5站上MA10｜接近20日高｜40D平台收斂｜短中均線糾結｜40D低點守住｜接近/站回MA60｜MA60不再下彎,平台壓縮後轉強，可優先觀察起漲/試單。,v266.57.9,10.0,無原分數欄位｜僅顯示結構前置分數,253.0,9.0,A,續強品質強,回檔不破前低｜低點墊高確認｜收盤守MA5｜回測守MA10｜回檔量縮｜MA5仍在MA10上｜仍站MA20,回檔承接尚可，若原策略入選，可優先觀察延續。,v266.57.9,9.1,0.55,0.5,GENERIC,測試排序分=原分數+結構前置分*策略權重+續強品質*策略權重；不覆蓋原策略,181.0,-0.2,D,突破不足,短均多頭｜扣分:收盤位置偏弱,尚未形成乾淨突破，不急著升級。,v266.57.9,WATCH,0.55,0.35,0.75,8.5,538.0,最後後處理補寫：原分數+結構前置+續強品質+突破品質；不覆蓋原策略,0.0,,一般,6.97,v266.58.1,2026-10-01 01:22:38,觀察,0,0,持續觀察,前狀態:觀察→今日:觀察,NO,v266.60.2,6.97,30.0,0.0,0.0,0.0,11.197,468.0,20/40/60結構佳｜續強品質佳｜主力佈局語意,起漲前優先,v266.61,2026-10-01 01:22:44,8.0,洗盤不破承接,無事件,等待下一次確認。,7.279,495,v266.62,2026-10-01 01:22:46,24.0,0.0,18.0,0.0,-4.12,量能安靜｜洗盤整理不破｜主力吸籌文字確認,v266.68,2026-10-01 01:22:50,NOISE,雜訊：條件不足。,WATCH,324
2026-09-30,6472,WATCH,54,424.0,100-500,0.0,0,佈局觀察,波動壓縮 | 均線收斂 | 接近突破 | 結構尚可,True,False,False,True,False,True,11.6,A,起漲結構強,20D站上MA20｜MA5站上MA10｜40D平台收斂｜短中均線糾結｜40D低點守住｜接近/站回MA60｜MA60不再下彎｜站回60D區間中上｜近5日量縮｜5D動能轉正｜10D動能轉正,平台壓縮後轉強，可優先觀察起漲/試單。,v266.57.9,11.6,無原分數欄位｜僅顯示結構前置分數,97.0,10.0,A,續強品質強,回檔不破前低｜低點墊高確認｜收盤守MA5｜回測守MA10｜回檔量縮｜MA5仍在MA10上｜仍站MA20｜10D動能維持,回檔承接尚可，若原策略入選，可優先觀察延續。,v266.57.9,10.48,0.55,0.5,GENERIC,測試排序分=原分數+結構前置分*策略權重+續強品質*策略權重；不覆蓋原策略,31.0,1.0,D,突破不足,MA5加速上彎｜短均多頭｜扣分:收盤位置偏弱,尚未形成乾淨突破，不急著升級。,v266.57.9,WATCH,0.55,0.35,0.75,10.63,262.0,最後後處理補寫：原分數+結構前置+續強品質+突破品質；不覆蓋原策略,0.0,,一般,8.717,v266.58.1,2026-10-01 01:22:38,觀察,0,-5,降級風險,前狀態:突破中→今日:觀察｜狀態降級,RISK,v266.60.2,6.967,30.0,0.0,0.0,15.0,4.984,717.0,20/40/60結構佳｜續強品質佳｜主力佈局語意｜風險語意扣分,過熱降權,v266.61,2026-10-01 01:22:44,8.0,洗盤不破承接,無事件,等待下一次確認。,7.277,496,v266.62,2026-10-01 01:22:46,24.0,0.0,18.0,0.0,-4.12,量能安靜｜洗盤整理不破｜主力吸籌文字確認,v266.68,2026-10-01 01:22:50,NOISE,雜訊：條件不足。,WATCH,325
2026-09-30,3010,WATCH,54,125.5,100-500,0.0,0,佈局觀察,波動壓縮 | 均線收斂 | 接近突破 | 結構尚可,True,False,False,True,False,True,8.8,A,起漲結構強,MA5站上MA10｜40D平台收斂｜短中均線糾結｜40D低點守住｜接近/站回MA60｜MA60不再下彎｜站回60D區間中上｜5D動能轉正,平台壓縮後轉強，可優先觀察起漲/試單。,v266.57.9,8.8,無原分數欄位｜僅顯示結構前置分數,522.0,8.2,A,續強品質強,回檔不破前低｜低點墊高確認｜收盤守MA5｜續強確認：收盤未跌破MA5｜回檔量縮｜MA5仍在MA10上,回檔承接尚可，若原策略入選，可優先觀察延續。,v266.57.9,7.94,0.55,0.5,GENERIC,測試排序分=原分數+結構前置分*策略權重+續強品質*策略權重；不覆蓋原策略,412.0,1.0,D,突破不足,MA5加速上彎｜短均多頭｜扣分:收盤位置偏弱,尚未形成乾淨突破，不急著升級。,v266.57.9,WATCH,0.55,0.35,0.75,8.46,539.0,最後後處理補寫：原分數+結構前置+續強品質+突破品質；不覆蓋原策略,0.0,,一般,6.937,v266.58.1,2026-10-01 01:22:38,觀察,0,0,持續觀察,前狀態:觀察→今日:觀察,NO,v266.60.2,6.937,30.0,0.0,0.0,0.0,11.194,469.0,20/40/60結構佳｜續強品質佳｜主力佈局語意,起漲前優先,v266.61,2026-10-01 01:22:44,8.0,洗盤不破承接,無事件,等待下一次確認。,7.256,497,v266.62,2026-10-01 01:22:46,24.0,0.0,18.0,0.0,-4.12,量能安靜｜洗盤整理不破｜主力吸籌文字確認,v266.68,2026-10-01 01:22:50,NOISE,雜訊：條件不足。,WATCH,326
2026-09-30,5244,WATCH,54,35.6,50以下,0.0,0,佈局觀察,波動壓縮 | 均線收斂 | 接近突破 | 結構尚可,True,False,False,True,False,True,11.8,A,起漲結構強,20D站上MA20｜MA20走平翻揚｜MA5站上MA10｜40D平台收斂｜短中均線糾結｜40D低點守住｜接近/站回MA60｜MA60不再下彎｜站回60D區間中上｜近5日量縮｜10D動能轉正,平台壓縮後轉強，可優先觀察起漲/試單。,v266.57.9,9.8,無原分數欄位｜僅顯示結構前置分數,346.0,10.0,A,續強品質強,回檔不破前低｜低點墊高確認｜收盤守MA5｜回測守MA10｜回檔量縮｜MA5仍在MA10上｜仍站MA20｜10D動能維持,回檔承接尚可，若原策略入選，可優先觀察延續。,v266.57.9,8.74,0.55,0.5,GENERIC,測試排序分=原分數+結構前置分*策略權重+續強品質*策略權重；不覆蓋原策略,256.0,0.8,D,突破不足,短均多頭,尚未形成乾淨突破，不急著升級。,v266.57.9,WATCH,0.55,0.35,0.75,10.59,266.0,最後後處理補寫：原分數+結構前置+續強品質+突破品質；不覆蓋原策略,0.0,,一般,8.684,v266.58.1,2026-10-01 01:22:38,觀察,0,-5,降級風險,前狀態:突破中→今日:觀察｜狀態降級,RISK,v266.60.2,6.934,30.0,0.0,0.0,15.0,4.981,718.0,20/40/60結構佳｜續強品質佳｜主力佈局語意｜風險語意扣分,過熱降權,v266.61,2026-10-01 01:22:44,8.0,洗盤不破承接,無事件,等待下一次確認。,7.254,498,v266.62,2026-10-01 01:22:46,24.0,0.0,18.0,0.0,-4.12,量能安靜｜洗盤整理不破｜主力吸籌文字確認,v266.68,2026-10-01 01:22:50,NOISE,雜訊：條件不足。,WATCH,327
2026-09-30,2511,WATCH,54,8.34,50以下,0.0,0,佈局觀察,波動壓縮 | 均線收斂 | 接近突破 | 結構尚可,True,False,False,True,False,True,9.0,A,起漲結構強,MA20走平翻揚｜接近20日高｜40D平台收斂｜短中均線糾結｜40D低點守住｜接近/站回MA60｜MA60不再下彎｜近5日量縮,平台壓縮後轉強，可優先觀察起漲/試單。,v266.57.9,9.0,無原分數欄位｜僅顯示結構前置分數,391.0,6.8,B,續強品質中,回檔不破前低｜低點墊高確認｜收盤守MA5｜回測守MA10｜回檔量縮,回檔承接尚可，若原策略入選，可優先觀察延續。,v266.57.9,7.45,0.55,0.5,GENERIC,測試排序分=原分數+結構前置分*策略權重+續強品質*策略權重；不覆蓋原策略,503.0,1.5,D,突破不足,收盤接近高點,尚未形成乾淨突破，不急著升級。,v266.57.9,WATCH,0.55,0.35,0.75,8.455,540.0,最後後處理補寫：原分數+結構前置+續強品質+突破品質；不覆蓋原策略,0.0,,一般,6.933,v266.58.1,2026-10-01 01:22:38,觀察,0,0,持續觀察,前狀態:觀察→今日:觀察,NO,v266.60.2,6.933,30.0,0.0,0.0,0.0,11.193,470.0,20/40/60結構佳｜續強品質佳｜主力佈局語意,起漲前優先,v266.61,2026-10-01 01:22:44,8.0,洗盤不破承接,無事件,等待下一次確認。,7.253,499,v266.62,2026-10-01 01:22:46,24.0,0.0,18.0,0.0,-4.12,量能安靜｜洗盤整理不破｜主力吸籌文字確認,v266.68,2026-10-01 01:22:50,NOISE,雜訊：條件不足。,WATCH,328
2026-09-30,2208,WATCH,54,19.15,50以下,0.0,0,佈局觀察,波動壓縮 | 均線收斂 | 接近突破 | 結構尚可,True,False,False,True,False,True,9.8,A,起漲結構強,20D站上MA20｜MA5站上MA10｜接近20日高｜40D平台收斂｜短中均線糾結｜40D低點守住｜接近/站回MA60｜MA60不再下彎｜10D動能轉正,平台壓縮後轉強，可優先觀察起漲/試單。,v266.57.9,9.8,無原分數欄位｜僅顯示結構前置分數,346.0,7.0,A,續強品質強,回檔不破前低｜低點墊高確認｜回測守MA10｜MA5仍在MA10上｜仍站MA20｜10D動能維持,回檔承接尚可，若原策略入選，可優先觀察延續。,v266.57.9,8.39,0.55,0.5,GENERIC,測試排序分=原分數+結構前置分*策略權重+續強品質*策略權重；不覆蓋原策略,310.0,0.8,D,突破不足,短均多頭,尚未形成乾淨突破，不急著升級。,v266.57.9,WATCH,0.55,0.35,0.75,8.44,541.0,最後後處理補寫：原分數+結構前置+續強品質+突破品質；不覆蓋原策略,0.0,,一般,6.921,v266.58.1,2026-10-01 01:22:38,觀察,0,0,持續觀察,前狀態:觀察→今日:觀察,NO,v266.60.2,6.921,30.0,0.0,0.0,0.0,11.192,471.0,20/40/60結構佳｜續強品質佳｜主力佈局語意,起漲前優先,v266.61,2026-10-01 01:22:44,8.0,洗盤不破承接,無事件,等待下一次確認。,7.245,500,v266.62,2026-10-01 01:22:46,24.0,0.0,18.0,0.0,-4.12,量能安靜｜洗盤整理不破｜主力吸籌文字確認,v266.68,2026-10-01 01:22:50,NOISE,雜訊：條件不足。,WATCH,329
2026-09-30,2643,WATCH,54,62.6,50-100,0.0,0,佈局觀察,波動壓縮 | 均線收斂 | 接近突破 | 結構尚可,True,False,False,True,False,True,10.0,A,起漲結構強,MA20走平翻揚｜MA5站上MA10｜接近20日高｜40D平台收斂｜短中均線糾結｜40D低點守住｜接近/站回MA60｜MA60不再下彎｜站回60D區間中上,平台壓縮後轉強，可優先觀察起漲/試單。,v266.57.9,10.0,無原分數欄位｜僅顯示結構前置分數,253.0,6.5,B,續強品質中,回檔不破前低｜低點墊高確認｜收盤守MA5｜回測守MA10｜MA5仍在MA10上,回檔承接尚可，若原策略入選，可優先觀察延續。,v266.57.9,7.85,0.55,0.5,GENERIC,測試排序分=原分數+結構前置分*策略權重+續強品質*策略權重；不覆蓋原策略,418.0,0.8,D,突破不足,短均多頭,尚未形成乾淨突破，不急著升級。,v266.57.9,WATCH,0.55,0.35,0.75,8.375,550.0,最後後處理補寫：原分數+結構前置+續強品質+突破品質；不覆蓋原策略,0.0,,一般,6.868,v266.58.1,2026-10-01 01:22:38,觀察,0,0,持續觀察,前狀態:觀察→今日:觀察,NO,v266.60.2,6.868,30.0,0.0,0.0,0.0,11.187,472.0,20/40/60結構佳｜續強品質佳｜主力佈局語意,起漲前優先,v266.61,2026-10-01 01:22:44,8.0,洗盤不破承接,無事件,等待下一次確認。,7.208,501,v266.62,2026-10-01 01:22:46,24.0,0.0,18.0,0.0,-4.12,量能安靜｜洗盤整理不破｜主力吸籌文字確認,v266.68,2026-10-01 01:22:50,NOISE,雜訊：條件不足。,WATCH,330
2026-09-30,2905,WATCH,54,18.3,50以下,0.0,0,佈局觀察,波動壓縮 | 均線收斂 | 接近突破 | 結構尚可,True,False,False,True,False,True,10.0,A,起漲結構強,MA20走平翻揚｜接近20日高｜40D平台收斂｜短中均線糾結｜40D低點守住｜接近/站回MA60｜MA60不再下彎｜站回60D區間中上｜近5日量縮,平台壓縮後轉強，可優先觀察起漲/試單。,v266.57.9,10.0,無原分數欄位｜僅顯示結構前置分數,253.0,5.0,B,續強品質中,回檔不破前低｜低點墊高確認｜收盤守MA5｜回檔量縮｜扣分:跌破短均,回檔承接尚可，若原策略入選，可優先觀察延續。,v266.57.9,8.0,0.55,0.5,GENERIC,測試排序分=原分數+結構前置分*策略權重+續強品質*策略權重；不覆蓋原策略,371.0,1.5,D,突破不足,收盤接近高點,尚未形成乾淨突破，不急著升級。,v266.57.9,WATCH,0.55,0.35,0.75,8.375,550.0,最後後處理補寫：原分數+結構前置+續強品質+突破品質；不覆蓋原策略,0.0,,一般,6.868,v266.58.1,2026-10-01 01:22:38,觀察,0,0,持續觀察,前狀態:觀察→今日:觀察,NO,v266.60.2,6.868,30.0,0.0,0.0,0.0,11.187,472.0,20/40/60結構佳｜續強品質佳｜主力佈局語意,起漲前優先,v266.61,2026-10-01 01:22:44,8.0,洗盤不破承接,無事件,等待下一次確認。,7.208,502,v266.62,2026-10-01 01:22:46,24.0,0.0,18.0,0.0,-4.12,量能安靜｜洗盤整理不破｜主力吸籌文字確認,v266.68,2026-10-01 01:22:50,NOISE,雜訊：條件不足。,WATCH,331
2026-09-30,6235,WATCH,54,39.1,50以下,0.0,0,佈局觀察,波動壓縮 | 均線收斂 | 接近突破 | 結構尚可,True,False,False,True,False,True,8.6,A,起漲結構強,20D站上MA20｜MA5站上MA10｜40D平台收斂｜短中均線糾結｜40D低點守住｜接近/站回MA60｜5D動能轉正｜10D動能轉正,平台壓縮後轉強，可優先觀察起漲/試單。,v266.57.9,6.6,無原分數欄位｜僅顯示結構前置分數,822.0,8.7,A,續強品質強,回檔不破前低｜低點墊高確認｜收盤守MA5｜續強確認：收盤未跌破MA5｜MA5仍在MA10上｜仍站MA20｜10D動能維持,回檔承接尚可，若原策略入選，可優先觀察延續。,v266.57.9,6.23,0.55,0.5,GENERIC,測試排序分=原分數+結構前置分*策略權重+續強品質*策略權重；不覆蓋原策略,714.0,0.8,D,突破不足,短均多頭,尚未形成乾淨突破，不急著升級。,v266.57.9,WATCH,0.55,0.35,0.75,8.375,550.0,最後後處理補寫：原分數+結構前置+續強品質+突破品質；不覆蓋原策略,0.0,,一般,6.868,v266.58.1,2026-10-01 01:22:38,觀察,0,0,持續觀察,前狀態:觀察→今日:觀察,NO,v266.60.2,6.868,30.0,0.0,0.0,0.0,11.187,472.0,20/40/60結構佳｜續強品質佳｜主力佈局語意,起漲前優先,v266.61,2026-10-01 01:22:44,8.0,洗盤不破承接,無事件,等待下一次確認。,7.208,503,v266.62,2026-10-01 01:22:46,24.0,0.0,18.0,0.0,-4.12,量能安靜｜洗盤整理不破｜主力吸籌文字確認,v266.68,2026-10-01 01:22:50,NOISE,雜訊：條件不足。,WATCH,332
2026-09-30,3580,TEST,72,110.5,100-500,0.005,5000,佈局高機率,波動壓縮 | 安靜吸籌 | 均線收斂 | 接近突破 | 結構尚可,True,True,False,True,False,True,8.5,A,起漲結構強,20D站上MA20｜MA20走平翻揚｜MA5站上MA10｜短中均線糾結｜40D低點守住｜接近/站回MA60｜MA60不再下彎｜站回60D區間中上,平台壓縮後轉強，可優先觀察起漲/試單。,v266.57.9,6.5,無原分數欄位｜僅顯示結構前置分數,824.0,7.7,A,續強品質強,回檔不破前低｜低點墊高確認｜收盤守MA5｜續強確認：收盤未跌破MA5｜MA5仍在MA10上｜仍站MA20,回檔承接尚可，若原策略入選，可優先觀察延續。,v266.57.9,5.675,0.55,0.5,GENERIC,測試排序分=原分數+結構前置分*策略權重+續強品質*策略權重；不覆蓋原策略,794.0,-0.2,D,突破不足,短均多頭｜扣分:收盤位置偏弱,尚未形成乾淨突破，不急著升級。,v266.57.9,TEST,0.8,0.5,0.9,10.47,281.0,最後後處理補寫：原分數+結構前置+續強品質+突破品質；不覆蓋原策略,0.0,,一般,8.585,v266.58.1,2026-10-01 01:22:38,觀察,0,-5,降級風險,前狀態:突破中→今日:觀察｜狀態降級,RISK,v266.60.2,6.835,30.0,0.0,0.0,15.0,4.971,719.0,20/40/60結構佳｜續強品質佳｜主力佈局語意｜風險語意扣分,過熱降權,v266.61,2026-10-01 01:22:44,8.0,洗盤不破承接,無事件,等待下一次確認。,7.184,504,v266.62,2026-10-01 01:22:46,24.0,0.0,18.0,0.0,-4.12,量能安靜｜洗盤整理不破｜主力吸籌文字確認,v266.68,2026-10-01 01:22:50,NOISE,雜訊：條件不足。,WATCH,333
2026-09-30,3206,WATCH,54,34.95,50以下,0.0,0,佈局觀察,波動壓縮 | 均線收斂 | 接近突破 | 結構尚可,True,False,False,True,False,True,8.0,A,起漲結構強,20D站上MA20｜MA20走平翻揚｜接近20日高｜40D平台收斂｜短中均線糾結｜40D低點守住｜接近/站回MA60,平台壓縮後轉強，可優先觀察起漲/試單。,v266.57.9,8.0,無原分數欄位｜僅顯示結構前置分數,556.0,8.0,A,續強品質強,回檔不破前低｜低點墊高確認｜收盤守MA5｜續強確認：收盤未跌破MA5｜回檔量縮｜仍站MA20,回檔承接尚可，若原策略入選，可優先觀察延續。,v266.57.9,7.4,0.55,0.5,GENERIC,測試排序分=原分數+結構前置分*策略權重+續強品質*策略權重；不覆蓋原策略,521.0,1.5,D,突破不足,收盤接近高點,尚未形成乾淨突破，不急著升級。,v266.57.9,WATCH,0.55,0.35,0.75,8.325,554.0,最後後處理補寫：原分數+結構前置+續強品質+突破品質；不覆蓋原策略,0.0,,一般,6.826,v266.58.1,2026-10-01 01:22:38,觀察,0,0,持續觀察,前狀態:觀察→今日:觀察,NO,v266.60.2,6.826,30.0,0.0,0.0,0.0,11.183,475.0,20/40/60結構佳｜續強品質佳｜主力佈局語意,起漲前優先,v266.61,2026-10-01 01:22:44,8.0,洗盤不破承接,無事件,等待下一次確認。,7.178,505,v266.62,2026-10-01 01:22:46,24.0,0.0,18.0,0.0,-4.12,量能安靜｜洗盤整理不破｜主力吸籌文字確認,v266.68,2026-10-01 01:22:50,NOISE,雜訊：條件不足。,WATCH,334
2026-09-30,4129,WATCH,54,83.4,50-100,0.0,0,佈局觀察,波動壓縮 | 均線收斂 | 接近突破 | 結構尚可,True,False,False,True,False,True,8.0,A,起漲結構強,20D站上MA20｜MA20走平翻揚｜接近20日高｜40D平台收斂｜短中均線糾結｜40D低點守住｜接近/站回MA60,平台壓縮後轉強，可優先觀察起漲/試單。,v266.57.9,8.0,無原分數欄位｜僅顯示結構前置分數,556.0,8.0,A,續強品質強,回檔不破前低｜低點墊高確認｜收盤守MA5｜續強確認：收盤未跌破MA5｜回檔量縮｜仍站MA20,回檔承接尚可，若原策略入選，可優先觀察延續。,v266.57.9,7.4,0.55,0.5,GENERIC,測試排序分=原分數+結構前置分*策略權重+續強品質*策略權重；不覆蓋原策略,521.0,1.5,D,突破不足,突破近5日高,尚未形成乾淨突破，不急著升級。,v266.57.9,WATCH,0.55,0.35,0.75,8.325,554.0,最後後處理補寫：原分數+結構前置+續強品質+突破品質；不覆蓋原策略,0.0,,一般,6.826,v266.58.1,2026-10-01 01:22:38,觀察,0,0,持續觀察,前狀態:觀察→今日:觀察,NO,v266.60.2,6.826,30.0,0.0,0.0,0.0,11.183,475.0,20/40/60結構佳｜續強品質佳｜主力佈局語意,起漲前優先,v266.61,2026-10-01 01:22:44,8.0,洗盤不破承接,無事件,等待下一次確認。,7.178,506,v266.62,2026-10-01 01:22:46,24.0,0.0,18.0,0.0,-4.12,量能安靜｜洗盤整理不破｜主力吸籌文字確認,v266.68,2026-10-01 01:22:50,NOISE,雜訊：條件不足。,WATCH,335
2026-09-30,8049,WATCH,54,24.6,50以下,0.0,0,佈局觀察,波動壓縮 | 均線收斂 | 接近突破 | 結構尚可,True,False,False,True,False,True,8.0,A,起漲結構強,20D站上MA20｜MA20走平翻揚｜接近20日高｜40D平台收斂｜短中均線糾結｜40D低點守住｜接近/站回MA60,平台壓縮後轉強，可優先觀察起漲/試單。,v266.57.9,6.0,無原分數欄位｜僅顯示結構前置分數,828.0,8.0,A,續強品質強,回檔不破前低｜低點墊高確認｜收盤守MA5｜續強確認：收盤未跌破MA5｜回檔量縮｜仍站MA20,回檔承接尚可，若原策略入選，可優先觀察延續。,v266.57.9,5.55,0.55,0.5,GENERIC,測試排序分=原分數+結構前置分*策略權重+續強品質*策略權重；不覆蓋原策略,830.0,1.5,D,突破不足,突破近5日高,尚未形成乾淨突破，不急著升級。,v266.57.9,WATCH,0.55,0.35,0.75,8.325,554.0,最後後處理補寫：原分數+結構前置+續強品質+突破品質；不覆蓋原策略,0.0,,一般,6.826,v266.58.1,2026-10-01 01:22:38,觀察,0,0,持續觀察,前狀態:觀察→今日:觀察,NO,v266.60.2,6.826,30.0,0.0,0.0,0.0,11.183,475.0,20/40/60結構佳｜續強品質佳｜主力佈局語意,起漲前優先,v266.61,2026-10-01 01:22:44,8.0,洗盤不破承接,無事件,等待下一次確認。,7.178,507,v266.62,2026-10-01 01:22:46,24.0,0.0,18.0,0.0,-4.12,量能安靜｜洗盤整理不破｜主力吸籌文字確認,v266.68,2026-10-01 01:22:50,NOISE,雜訊：條件不足。,WATCH,336
2026-09-30,3083,WATCH,54,22.6,50以下,0.0,0,佈局觀察,波動壓縮 | 均線收斂 | 接近突破 | 結構尚可,True,False,False,True,False,True,9.0,A,起漲結構強,20D站上MA20｜MA20走平翻揚｜MA5站上MA10｜接近20日高｜40D平台收斂｜短中均線糾結｜40D低點守住｜接近/站回MA60,平台壓縮後轉強，可優先觀察起漲/試單。,v266.57.9,9.0,無原分數欄位｜僅顯示結構前置分數,391.0,7.5,A,續強品質強,回檔不破前低｜低點墊高確認｜收盤守MA5｜回測守MA10｜MA5仍在MA10上｜仍站MA20,回檔承接尚可，若原策略入選，可優先觀察延續。,v266.57.9,7.8,0.55,0.5,GENERIC,測試排序分=原分數+結構前置分*策略權重+續強品質*策略權重；不覆蓋原策略,424.0,1.0,D,突破不足,MA5加速上彎｜短均多頭｜扣分:收盤位置偏弱,尚未形成乾淨突破，不急著升級。,v266.57.9,WATCH,0.55,0.35,0.75,8.325,554.0,最後後處理補寫：原分數+結構前置+續強品質+突破品質；不覆蓋原策略,0.0,,一般,6.826,v266.58.1,2026-10-01 01:22:38,觀察,0,0,持續觀察,前狀態:觀察→今日:觀察,NO,v266.60.2,6.826,30.0,0.0,0.0,0.0,11.183,475.0,20/40/60結構佳｜續強品質佳｜主力佈局語意,起漲前優先,v266.61,2026-10-01 01:22:44,8.0,洗盤不破承接,無事件,等待下一次確認。,7.178,508,v266.62,2026-10-01 01:22:46,24.0,0.0,18.0,0.0,-4.12,量能安靜｜洗盤整理不破｜主力吸籌文字確認,v266.68,2026-10-01 01:22:50,NOISE,雜訊：條件不足。,WATCH,337
2026-09-30,5364,WATCH,54,8.39,50以下,0.0,0,佈局觀察,波動壓縮 | 均線收斂 | 接近突破 | 結構尚可,True,False,False,True,False,True,10.0,A,起漲結構強,20D站上MA20｜MA20走平翻揚｜接近20日高｜40D平台收斂｜短中均線糾結｜40D低點守住｜接近/站回MA60｜MA60不再下彎｜近5日量縮,平台壓縮後轉強，可優先觀察起漲/試單。,v266.57.9,10.0,無原分數欄位｜僅顯示結構前置分數,253.0,8.0,A,續強品質強,回檔不破前低｜低點墊高確認｜收盤守MA5｜續強確認：收盤未跌破MA5｜回檔量縮｜仍站MA20,回檔承接尚可，若原策略入選，可優先觀察延續。,v266.57.9,8.5,0.55,0.5,GENERIC,測試排序分=原分數+結構前置分*策略權重+續強品質*策略權重；不覆蓋原策略,289.0,0.0,D,突破不足,,尚未形成乾淨突破，不急著升級。,v266.57.9,WATCH,0.55,0.35,0.75,8.3,558.0,最後後處理補寫：原分數+結構前置+續強品質+突破品質；不覆蓋原策略,0.0,,一般,6.806,v266.58.1,2026-10-01 01:22:38,觀察,0,0,持續觀察,前狀態:觀察→今日:觀察,NO,v266.60.2,6.806,30.0,0.0,0.0,0.0,11.181,479.0,20/40/60結構佳｜續強品質佳｜主力佈局語意,起漲前優先,v266.61,2026-10-01 01:22:44,8.0,洗盤不破承接,無事件,等待下一次確認。,7.164,509,v266.62,2026-10-01 01:22:46,24.0,0.0,18.0,0.0,-4.12,量能安靜｜洗盤整理不破｜主力吸籌文字確認,v266.68,2026-10-01 01:22:50,NOISE,雜訊：條件不足。,WATCH,338
2026-09-30,2425,WATCH,54,37.5,50以下,0.0,0,佈局觀察,波動壓縮 | 均線收斂 | 接近突破 | 結構尚可,True,False,False,True,False,True,7.3,B,起漲結構中,20D站上MA20｜MA5站上MA10｜接近20日高｜短中均線糾結｜40D低點守住｜近5日量縮｜10D動能轉正,平台壓縮後轉強，可優先觀察起漲/試單。,v266.57.9,7.3,無原分數欄位｜僅顯示結構前置分數,705.0,10.0,A,續強品質強,回檔不破前低｜低點墊高確認｜收盤守MA5｜續強確認：收盤未跌破MA5｜回檔量縮｜MA5仍在MA10上｜仍站MA20｜10D動能維持,回檔承接尚可，若原策略入選，可優先觀察延續。,v266.57.9,8.115,0.55,0.5,GENERIC,測試排序分=原分數+結構前置分*策略權重+續強品質*策略權重；不覆蓋原策略,360.0,1.0,D,突破不足,量能較前日放大｜短均多頭｜扣分:收盤位置偏弱,尚未形成乾淨突破，不急著升級。,v266.57.9,WATCH,0.55,0.35,0.75,8.265,563.0,最後後處理補寫：原分數+結構前置+續強品質+突破品質；不覆蓋原策略,0.0,,一般,6.777,v266.58.1,2026-10-01 01:22:38,觀察,0,0,持續觀察,前狀態:觀察→今日:觀察,NO,v266.60.2,6.777,30.0,0.0,0.0,0.0,11.178,480.0,20/40/60結構佳｜續強品質佳｜主力佈局語意,起漲前優先,v266.61,2026-10-01 01:22:44,8.0,洗盤不破承接,無事件,等待下一次確認。,7.144,510,v266.62,2026-10-01 01:22:46,24.0,0.0,18.0,0.0,-4.12,量能安靜｜洗盤整理不破｜主力吸籌文字確認,v266.68,2026-10-01 01:22:50,NOISE,雜訊：條件不足。,WATCH,339
2026-09-30,6535,WATCH,54,82.2,50-100,0.0,0,佈局觀察,波動壓縮 | 均線收斂 | 接近突破 | 結構尚可,True,False,False,True,False,True,9.0,A,起漲結構強,20D站上MA20｜MA20走平翻揚｜MA5站上MA10｜接近20日高｜40D平台收斂｜短中均線糾結｜40D低點守住｜接近/站回MA60,平台壓縮後轉強，可優先觀察起漲/試單。,v266.57.9,9.0,無原分數欄位｜僅顯示結構前置分數,391.0,7.7,A,續強品質強,回檔不破前低｜低點墊高確認｜收盤守MA5｜續強確認：收盤未跌破MA5｜MA5仍在MA10上｜仍站MA20,回檔承接尚可，若原策略入選，可優先觀察延續。,v266.57.9,7.8,0.55,0.5,GENERIC,測試排序分=原分數+結構前置分*策略權重+續強品質*策略權重；不覆蓋原策略,424.0,0.8,D,突破不足,短均多頭,尚未形成乾淨突破，不急著升級。,v266.57.9,WATCH,0.55,0.35,0.75,8.245,565.0,最後後處理補寫：原分數+結構前置+續強品質+突破品質；不覆蓋原策略,0.0,,一般,6.761,v266.58.1,2026-10-01 01:22:38,觀察,0,0,持續觀察,前狀態:觀察→今日:觀察,NO,v266.60.2,6.761,30.0,0.0,0.0,0.0,11.176,481.0,20/40/60結構佳｜續強品質佳｜主力佈局語意,起漲前優先,v266.61,2026-10-01 01:22:44,8.0,洗盤不破承接,無事件,等待下一次確認。,7.133,511,v266.62,2026-10-01 01:22:46,24.0,0.0,18.0,0.0,-4.12,量能安靜｜洗盤整理不破｜主力吸籌文字確認,v266.68,2026-10-01 01:22:50,NOISE,雜訊：條件不足。,WATCH,340
2026-09-30,5272,WATCH,54,18.0,50以下,0.0,0,佈局觀察,安靜吸籌 | 均線收斂 | 接近突破 | 結構尚可,False,True,False,True,False,True,9.0,A,起漲結構強,20D站上MA20｜MA20走平翻揚｜MA5站上MA10｜接近20日高｜40D平台收斂｜短中均線糾結｜40D低點守住｜接近/站回MA60,平台壓縮後轉強，可優先觀察起漲/試單。,v266.57.9,9.0,無原分數欄位｜僅顯示結構前置分數,391.0,7.7,A,續強品質強,回檔不破前低｜低點墊高確認｜收盤守MA5｜續強確認：收盤未跌破MA5｜MA5仍在MA10上｜仍站MA20,回檔承接尚可，若原策略入選，可優先觀察延續。,v266.57.9,7.8,0.55,0.5,GENERIC,測試排序分=原分數+結構前置分*策略權重+續強品質*策略權重；不覆蓋原策略,424.0,0.8,D,突破不足,短均多頭,尚未形成乾淨突破，不急著升級。,v266.57.9,WATCH,0.55,0.35,0.75,8.245,565.0,最後後處理補寫：原分數+結構前置+續強品質+突破品質；不覆蓋原策略,0.0,,一般,6.761,v266.58.1,2026-10-01 01:22:38,觀察,0,0,持續觀察,前狀態:觀察→今日:觀察,NO,v266.60.2,6.761,30.0,0.0,0.0,0.0,11.176,481.0,20/40/60結構佳｜續強品質佳｜主力佈局語意,起漲前優先,v266.61,2026-10-01 01:22:44,8.0,洗盤不破承接,無事件,等待下一次確認。,7.133,512,v266.62,2026-10-01 01:22:46,24.0,0.0,18.0,0.0,-4.12,量能安靜｜洗盤整理不破｜主力吸籌文字確認,v266.68,2026-10-01 01:22:50,NOISE,雜訊：條件不足。,WATCH,341
2026-09-30,4707,WATCH,54,30.35,50以下,0.0,0,佈局觀察,波動壓縮 | 均線收斂 | 接近突破 | 結構尚可,True,False,False,True,False,True,9.0,A,起漲結構強,20D站上MA20｜MA20走平翻揚｜MA5站上MA10｜接近20日高｜40D平台收斂｜短中均線糾結｜接近/站回MA60｜MA60不再下彎,平台壓縮後轉強，可優先觀察起漲/試單。,v266.57.9,9.0,無原分數欄位｜僅顯示結構前置分數,391.0,7.7,A,續強品質強,回檔不破前低｜低點墊高確認｜收盤守MA5｜續強確認：收盤未跌破MA5｜MA5仍在MA10上｜仍站MA20,回檔承接尚可，若原策略入選，可優先觀察延續。,v266.57.9,7.8,0.55,0.5,GENERIC,測試排序分=原分數+結構前置分*策略權重+續強品質*策略權重；不覆蓋原策略,424.0,0.8,D,突破不足,短均多頭,尚未形成乾淨突破，不急著升級。,v266.57.9,WATCH,0.55,0.35,0.75,8.245,565.0,最後後處理補寫：原分數+結構前置+續強品質+突破品質；不覆蓋原策略,0.0,,一般,6.761,v266.58.1,2026-10-01 01:22:38,觀察,0,0,持續觀察,前狀態:觀察→今日:觀察,NO,v266.60.2,6.761,30.0,0.0,0.0,0.0,11.176,481.0,20/40/60結構佳｜續強品質佳｜主力佈局語意,起漲前優先,v266.61,2026-10-01 01:22:44,8.0,洗盤不破承接,無事件,等待下一次確認。,7.133,513,v266.62,2026-10-01 01:22:46,24.0,0.0,18.0,0.0,-4.12,量能安靜｜洗盤整理不破｜主力吸籌文字確認,v266.68,2026-10-01 01:22:50,NOISE,雜訊：條件不足。,WATCH,342
2026-09-30,2947,WATCH,54,60.5,50-100,0.0,0,佈局觀察,波動壓縮 | 均線收斂 | 接近突破 | 結構尚可,True,False,False,True,False,True,8.0,A,起漲結構強,MA20走平翻揚｜MA5站上MA10｜接近20日高｜40D平台收斂｜短中均線糾結｜40D低點守住｜接近/站回MA60,平台壓縮後轉強，可優先觀察起漲/試單。,v266.57.9,8.0,無原分數欄位｜僅顯示結構前置分數,556.0,8.2,A,續強品質強,回檔不破前低｜低點墊高確認｜收盤守MA5｜續強確認：收盤未跌破MA5｜回檔量縮｜MA5仍在MA10上,回檔承接尚可，若原策略入選，可優先觀察延續。,v266.57.9,7.5,0.55,0.5,GENERIC,測試排序分=原分數+結構前置分*策略權重+續強品質*策略權重；不覆蓋原策略,493.0,1.3,D,突破不足,突破近5日高｜短均多頭｜扣分:收盤位置偏弱,尚未形成乾淨突破，不急著升級。,v266.57.9,WATCH,0.55,0.35,0.75,8.245,565.0,最後後處理補寫：原分數+結構前置+續強品質+突破品質；不覆蓋原策略,0.0,,一般,6.761,v266.58.1,2026-10-01 01:22:38,觀察,0,0,持續觀察,前狀態:觀察→今日:觀察,NO,v266.60.2,6.761,30.0,0.0,0.0,0.0,11.176,481.0,20/40/60結構佳｜續強品質佳｜主力佈局語意,起漲前優先,v266.61,2026-10-01 01:22:44,8.0,洗盤不破承接,無事件,等待下一次確認。,7.133,514,v266.62,2026-10-01 01:22:46,24.0,0.0,18.0,0.0,-4.12,量能安靜｜洗盤整理不破｜主力吸籌文字確認,v266.68,2026-10-01 01:22:50,NOISE,雜訊：條件不足。,WATCH,343
2026-09-30,8032,WATCH,54,36.2,50以下,0.0,0,佈局觀察,波動壓縮 | 均線收斂 | 接近突破 | 結構尚可,True,False,False,True,False,True,9.0,A,起漲結構強,20D站上MA20｜MA20走平翻揚｜MA5站上MA10｜接近20日高｜40D平台收斂｜短中均線糾結｜40D低點守住｜接近/站回MA60,平台壓縮後轉強，可優先觀察起漲/試單。,v266.57.9,9.0,無原分數欄位｜僅顯示結構前置分數,391.0,7.7,A,續強品質強,回檔不破前低｜低點墊高確認｜收盤守MA5｜續強確認：收盤未跌破MA5｜MA5仍在MA10上｜仍站MA20,回檔承接尚可，若原策略入選，可優先觀察延續。,v266.57.9,7.8,0.55,0.5,GENERIC,測試排序分=原分數+結構前置分*策略權重+續強品質*策略權重；不覆蓋原策略,424.0,0.8,D,突破不足,短均多頭,尚未形成乾淨突破，不急著升級。,v266.57.9,WATCH,0.55,0.35,0.75,8.245,565.0,最後後處理補寫：原分數+結構前置+續強品質+突破品質；不覆蓋原策略,0.0,,一般,6.761,v266.58.1,2026-10-01 01:22:38,觀察,0,0,持續觀察,前狀態:觀察→今日:觀察,NO,v266.60.2,6.761,30.0,0.0,0.0,0.0,11.176,481.0,20/40/60結構佳｜續強品質佳｜主力佈局語意,起漲前優先,v266.61,2026-10-01 01:22:44,8.0,洗盤不破承接,無事件,等待下一次確認。,7.133,515,v266.62,2026-10-01 01:22:46,24.0,0.0,18.0,0.0,-4.12,量能安靜｜洗盤整理不破｜主力吸籌文字確認,v266.68,2026-10-01 01:22:50,NOISE,雜訊：條件不足。,WATCH,344
2026-09-30,5344,WATCH,54,13.85,50以下,0.0,0,佈局觀察,波動壓縮 | 均線收斂 | 接近突破 | 結構尚可,True,False,False,True,False,True,9.0,A,起漲結構強,20D站上MA20｜MA20走平翻揚｜MA5站上MA10｜接近20日高｜40D平台收斂｜短中均線糾結｜40D低點守住｜接近/站回MA60,平台壓縮後轉強，可優先觀察起漲/試單。,v266.57.9,9.0,無原分數欄位｜僅顯示結構前置分數,391.0,7.7,A,續強品質強,回檔不破前低｜低點墊高確認｜收盤守MA5｜續強確認：收盤未跌破MA5｜MA5仍在MA10上｜仍站MA20,回檔承接尚可，若原策略入選，可優先觀察延續。,v266.57.9,7.8,0.55,0.5,GENERIC,測試排序分=原分數+結構前置分*策略權重+續強品質*策略權重；不覆蓋原策略,424.0,0.8,D,突破不足,短均多頭,尚未形成乾淨突破，不急著升級。,v266.57.9,WATCH,0.55,0.35,0.75,8.245,565.0,最後後處理補寫：原分數+結構前置+續強品質+突破品質；不覆蓋原策略,0.0,,一般,6.761,v266.58.1,2026-10-01 01:22:38,觀察,0,0,持續觀察,前狀態:觀察→今日:觀察,NO,v266.60.2,6.761,30.0,0.0,0.0,0.0,11.176,481.0,20/40/60結構佳｜續強品質佳｜主力佈局語意,起漲前優先,v266.61,2026-10-01 01:22:44,8.0,洗盤不破承接,無事件,等待下一次確認。,7.133,516,v266.62,2026-10-01 01:22:46,24.0,0.0,18.0,0.0,-4.12,量能安靜｜洗盤整理不破｜主力吸籌文字確認,v266.68,2026-10-01 01:22:50,NOISE,雜訊：條件不足。,WATCH,345
2026-09-30,5438,WATCH,54,17.35,50以下,0.0,0,佈局觀察,安靜吸籌 | 均線收斂 | 接近突破 | 結構尚可,False,True,False,True,False,True,9.0,A,起漲結構強,20D站上MA20｜MA20走平翻揚｜MA5站上MA10｜接近20日高｜40D平台收斂｜短中均線糾結｜40D低點守住｜接近/站回MA60,平台壓縮後轉強，可優先觀察起漲/試單。,v266.57.9,9.0,無原分數欄位｜僅顯示結構前置分數,391.0,7.7,A,續強品質強,回檔不破前低｜低點墊高確認｜收盤守MA5｜續強確認：收盤未跌破MA5｜MA5仍在MA10上｜仍站MA20,回檔承接尚可，若原策略入選，可優先觀察延續。,v266.57.9,7.8,0.55,0.5,GENERIC,測試排序分=原分數+結構前置分*策略權重+續強品質*策略權重；不覆蓋原策略,424.0,0.8,D,突破不足,短均多頭,尚未形成乾淨突破，不急著升級。,v266.57.9,WATCH,0.55,0.35,0.75,8.245,565.0,最後後處理補寫：原分數+結構前置+續強品質+突破品質；不覆蓋原策略,0.0,,一般,6.761,v266.58.1,2026-10-01 01:22:38,觀察,0,0,持續觀察,前狀態:觀察→今日:觀察,NO,v266.60.2,6.761,30.0,0.0,0.0,0.0,11.176,481.0,20/40/60結構佳｜續強品質佳｜主力佈局語意,起漲前優先,v266.61,2026-10-01 01:22:44,8.0,洗盤不破承接,無事件,等待下一次確認。,7.133,517,v266.62,2026-10-01 01:22:46,24.0,0.0,18.0,0.0,-4.12,量能安靜｜洗盤整理不破｜主力吸籌文字確認,v266.68,2026-10-01 01:22:50,NOISE,雜訊：條件不足。,WATCH,346
2026-09-30,6174,WATCH,54,45.5,50以下,0.0,0,佈局觀察,波動壓縮 | 均線收斂 | 接近突破 | 結構尚可,True,False,False,True,False,True,9.0,A,起漲結構強,20D站上MA20｜MA20走平翻揚｜MA5站上MA10｜接近20日高｜40D平台收斂｜短中均線糾結｜40D低點守住｜接近/站回MA60,平台壓縮後轉強，可優先觀察起漲/試單。,v266.57.9,7.0,無原分數欄位｜僅顯示結構前置分數,710.0,7.7,A,續強品質強,回檔不破前低｜低點墊高確認｜收盤守MA5｜續強確認：收盤未跌破MA5｜MA5仍在MA10上｜仍站MA20,回檔承接尚可，若原策略入選，可優先觀察延續。,v266.57.9,5.95,0.55,0.5,GENERIC,測試排序分=原分數+結構前置分*策略權重+續強品質*策略權重；不覆蓋原策略,768.0,0.8,D,突破不足,短均多頭,尚未形成乾淨突破，不急著升級。,v266.57.9,WATCH,0.55,0.35,0.75,8.245,565.0,最後後處理補寫：原分數+結構前置+續強品質+突破品質；不覆蓋原策略,0.0,,一般,6.761,v266.58.1,2026-10-01 01:22:38,觀察,0,0,持續觀察,前狀態:觀察→今日:觀察,NO,v266.60.2,6.761,30.0,0.0,0.0,0.0,11.176,481.0,20/40/60結構佳｜續強品質佳｜主力佈局語意,起漲前優先,v266.61,2026-10-01 01:22:44,8.0,洗盤不破承接,無事件,等待下一次確認。,7.133,518,v266.62,2026-10-01 01:22:46,24.0,0.0,18.0,0.0,-4.12,量能安靜｜洗盤整理不破｜主力吸籌文字確認,v266.68,2026-10-01 01:22:50,NOISE,雜訊：條件不足。,WATCH,347
2026-09-30,5425,WATCH,54,96.0,50-100,0.0,0,佈局觀察,波動壓縮 | 均線收斂 | 接近突破 | 結構尚可,True,False,False,True,False,True,9.0,A,起漲結構強,20D站上MA20｜MA20走平翻揚｜MA5站上MA10｜接近20日高｜40D平台收斂｜短中均線糾結｜40D低點守住｜接近/站回MA60,平台壓縮後轉強，可優先觀察起漲/試單。,v266.57.9,9.0,無原分數欄位｜僅顯示結構前置分數,391.0,7.7,A,續強品質強,回檔不破前低｜低點墊高確認｜收盤守MA5｜續強確認：收盤未跌破MA5｜MA5仍在MA10上｜仍站MA20,回檔承接尚可，若原策略入選，可優先觀察延續。,v266.57.9,7.8,0.55,0.5,GENERIC,測試排序分=原分數+結構前置分*策略權重+續強品質*策略權重；不覆蓋原策略,424.0,0.8,D,突破不足,短均多頭,尚未形成乾淨突破，不急著升級。,v266.57.9,WATCH,0.55,0.35,0.75,8.245,565.0,最後後處理補寫：原分數+結構前置+續強品質+突破品質；不覆蓋原策略,0.0,,一般,6.761,v266.58.1,2026-10-01 01:22:38,觀察,0,0,持續觀察,前狀態:觀察→今日:觀察,NO,v266.60.2,6.761,30.0,0.0,0.0,0.0,11.176,481.0,20/40/60結構佳｜續強品質佳｜主力佈局語意,起漲前優先,v266.61,2026-10-01 01:22:44,8.0,洗盤不破承接,無事件,等待下一次確認。,7.133,519,v266.62,2026-10-01 01:22:46,24.0,0.0,18.0,0.0,-4.12,量能安靜｜洗盤整理不破｜主力吸籌文字確認,v266.68,2026-10-01 01:22:50,NOISE,雜訊：條件不足。,WATCH,348
2026-09-30,5381,WATCH,54,23.65,50以下,0.0,0,佈局觀察,波動壓縮 | 均線收斂 | 接近突破 | 結構尚可,True,False,False,True,False,True,8.0,A,起漲結構強,20D站上MA20｜MA20走平翻揚｜MA5站上MA10｜40D平台收斂｜短中均線糾結｜40D低點守住｜接近/站回MA60,平台壓縮後轉強，可優先觀察起漲/試單。,v266.57.9,8.0,無原分數欄位｜僅顯示結構前置分數,556.0,9.2,A,續強品質強,回檔不破前低｜低點墊高確認｜收盤守MA5｜續強確認：收盤未跌破MA5｜回檔量縮｜MA5仍在MA10上｜仍站MA20,回檔承接尚可，若原策略入選，可優先觀察延續。,v266.57.9,8.0,0.55,0.5,GENERIC,測試排序分=原分數+結構前置分*策略權重+續強品質*策略權重；不覆蓋原策略,371.0,0.8,D,突破不足,短均多頭,尚未形成乾淨突破，不急著升級。,v266.57.9,WATCH,0.55,0.35,0.75,8.22,576.0,最後後處理補寫：原分數+結構前置+續強品質+突破品質；不覆蓋原策略,0.0,,一般,6.74,v266.58.1,2026-10-01 01:22:38,觀察,0,0,持續觀察,前狀態:觀察→今日:觀察,NO,v266.60.2,6.74,30.0,0.0,0.0,0.0,11.174,490.0,20/40/60結構佳｜續強品質佳｜主力佈局語意,起漲前優先,v266.61,2026-10-01 01:22:44,8.0,洗盤不破承接,無事件,等待下一次確認。,7.118,520,v266.62,2026-10-01 01:22:46,24.0,0.0,18.0,0.0,-4.12,量能安靜｜洗盤整理不破｜主力吸籌文字確認,v266.68,2026-10-01 01:22:50,NOISE,雜訊：條件不足。,WATCH,349
2026-09-30,6175,WATCH,54,70.4,50-100,0.0,0,佈局觀察,波動壓縮 | 均線收斂 | 接近突破 | 結構尚可,True,False,False,True,False,True,8.0,A,起漲結構強,20D站上MA20｜MA20走平翻揚｜MA5站上MA10｜40D平台收斂｜短中均線糾結｜40D低點守住｜接近/站回MA60,平台壓縮後轉強，可優先觀察起漲/試單。,v266.57.9,6.0,無原分數欄位｜僅顯示結構前置分數,828.0,9.2,A,續強品質強,回檔不破前低｜低點墊高確認｜收盤守MA5｜續強確認：收盤未跌破MA5｜回檔量縮｜MA5仍在MA10上｜仍站MA20,回檔承接尚可，若原策略入選，可優先觀察延續。,v266.57.9,6.15,0.55,0.5,GENERIC,測試排序分=原分數+結構前置分*策略權重+續強品質*策略權重；不覆蓋原策略,729.0,0.8,D,突破不足,短均多頭,尚未形成乾淨突破，不急著升級。,v266.57.9,WATCH,0.55,0.35,0.75,8.22,576.0,最後後處理補寫：原分數+結構前置+續強品質+突破品質；不覆蓋原策略,0.0,,一般,6.74,v266.58.1,2026-10-01 01:22:38,觀察,0,0,持續觀察,前狀態:觀察→今日:觀察,NO,v266.60.2,6.74,30.0,0.0,0.0,0.0,11.174,490.0,20/40/60結構佳｜續強品質佳｜主力佈局語意,起漲前優先,v266.61,2026-10-01 01:22:44,8.0,洗盤不破承接,無事件,等待下一次確認。,7.118,521,v266.62,2026-10-01 01:22:46,24.0,0.0,18.0,0.0,-4.12,量能安靜｜洗盤整理不破｜主力吸籌文字確認,v266.68,2026-10-01 01:22:50,NOISE,雜訊：條件不足。,WATCH,350
2026-09-30,2851,WATCH,54,47.2,50以下,0.0,0,佈局觀察,波動壓縮 | 均線收斂 | 接近突破 | 結構尚可,True,False,False,True,False,True,12.0,A,起漲結構強,20D站上MA20｜MA20走平翻揚｜MA5站上MA10｜接近20日高｜40D平台收斂｜短中均線糾結｜40D低點守住｜接近/站回MA60｜MA60不再下彎｜站回60D區間中上｜近5日量縮,平台壓縮後轉強，可優先觀察起漲/試單。,v266.57.9,12.0,無原分數欄位｜僅顯示結構前置分數,1.0,9.0,A,續強品質強,回檔不破前低｜低點墊高確認｜收盤守MA5｜回測守MA10｜回檔量縮｜MA5仍在MA10上｜仍站MA20,回檔承接尚可，若原策略入選，可優先觀察延續。,v266.57.9,10.2,0.55,0.5,GENERIC,測試排序分=原分數+結構前置分*策略權重+續強品質*策略權重；不覆蓋原策略,39.0,0.8,D,突破不足,短均多頭,尚未形成乾淨突破，不急著升級。,v266.57.9,WATCH,0.55,0.35,0.75,10.35,296.0,最後後處理補寫：原分數+結構前置+續強品質+突破品質；不覆蓋原策略,0.0,,一般,8.487,v266.58.1,2026-10-01 01:22:38,觀察,0,-5,降級風險,前狀態:突破中→今日:觀察｜狀態降級,RISK,v266.60.2,6.737,30.0,0.0,0.0,15.0,4.961,720.0,20/40/60結構佳｜續強品質佳｜主力佈局語意｜風險語意扣分,過熱降權,v266.61,2026-10-01 01:22:44,8.0,洗盤不破承接,無事件,等待下一次確認。,7.116,522,v266.62,2026-10-01 01:22:46,24.0,0.0,18.0,0.0,-4.12,量能安靜｜洗盤整理不破｜主力吸籌文字確認,v266.68,2026-10-01 01:22:50,NOISE,雜訊：條件不足。,WATCH,351
2026-09-30,2719,WATCH,54,19.75,50以下,0.0,0,佈局觀察,波動壓縮 | 均線收斂 | 接近突破 | 結構尚可,True,False,False,True,False,True,10.0,A,起漲結構強,20D站上MA20｜MA20走平翻揚｜MA5站上MA10｜接近20日高｜40D平台收斂｜短中均線糾結｜40D低點守住｜接近/站回MA60｜近5日量縮,平台壓縮後轉強，可優先觀察起漲/試單。,v266.57.9,10.0,無原分數欄位｜僅顯示結構前置分數,253.0,7.7,A,續強品質強,回檔不破前低｜低點墊高確認｜收盤守MA5｜續強確認：收盤未跌破MA5｜MA5仍在MA10上｜仍站MA20,回檔承接尚可，若原策略入選，可優先觀察延續。,v266.57.9,8.35,0.55,0.5,GENERIC,測試排序分=原分數+結構前置分*策略權重+續強品質*策略權重；不覆蓋原策略,313.0,,,,,,,WATCH,0.55,0.35,0.75,8.195,579.0,最後後處理補寫：原分數+結構前置+續強品質+突破品質；不覆蓋原策略,0.0,,一般,6.72,v266.58.1,2026-10-01 01:22:38,觀察,0,0,持續觀察,前狀態:觀察→今日:觀察,NO,v266.60.2,6.72,30.0,0.0,0.0,0.0,11.172,492.0,20/40/60結構佳｜續強品質佳｜主力佈局語意,起漲前優先,v266.61,2026-10-01 01:22:44,8.0,洗盤不破承接,無事件,等待下一次確認。,7.104,523,v266.62,2026-10-01 01:22:46,24.0,0.0,18.0,0.0,-4.12,量能安靜｜洗盤整理不破｜主力吸籌文字確認,v266.68,2026-10-01 01:22:50,NOISE,雜訊：條件不足。,WATCH,352
2026-09-30,6730,WATCH,54,32.0,50以下,0.0,0,佈局觀察,波動壓縮 | 均線收斂 | 接近突破 | 結構尚可,True,False,False,True,False,True,9.0,A,起漲結構強,20D站上MA20｜MA20走平翻揚｜MA5站上MA10｜接近20日高｜40D平台收斂｜短中均線糾結｜40D低點守住｜接近/站回MA60,平台壓縮後轉強，可優先觀察起漲/試單。,v266.57.9,9.0,無原分數欄位｜僅顯示結構前置分數,391.0,7.5,A,續強品質強,回檔不破前低｜低點墊高確認｜收盤守MA5｜回測守MA10｜MA5仍在MA10上｜仍站MA20,回檔承接尚可，若原策略入選，可優先觀察延續。,v266.57.9,7.8,0.55,0.5,GENERIC,測試排序分=原分數+結構前置分*策略權重+續強品質*策略權重；不覆蓋原策略,424.0,0.8,D,突破不足,短均多頭,尚未形成乾淨突破，不急著升級。,v266.57.9,WATCH,0.55,0.35,0.75,8.175,580.0,最後後處理補寫：原分數+結構前置+續強品質+突破品質；不覆蓋原策略,0.0,,一般,6.704,v266.58.1,2026-10-01 01:22:38,觀察,0,0,持續觀察,前狀態:觀察→今日:觀察,NO,v266.60.2,6.704,30.0,0.0,0.0,0.0,11.17,493.0,20/40/60結構佳｜續強品質佳｜主力佈局語意,起漲前優先,v266.61,2026-10-01 01:22:44,8.0,洗盤不破承接,無事件,等待下一次確認。,7.093,524,v266.62,2026-10-01 01:22:46,24.0,0.0,18.0,0.0,-4.12,量能安靜｜洗盤整理不破｜主力吸籌文字確認,v266.68,2026-10-01 01:22:50,NOISE,雜訊：條件不足。,WATCH,353
2026-09-30,3380,WATCH,54,32.15,50以下,0.0,0,佈局觀察,安靜吸籌 | 均線收斂 | 接近突破 | 結構尚可,False,True,False,True,False,True,11.8,A,起漲結構強,20D站上MA20｜MA20走平翻揚｜MA5站上MA10｜40D平台收斂｜短中均線糾結｜40D低點守住｜接近/站回MA60｜站回60D區間中上｜量縮後溫和放量｜10D動能轉正,平台壓縮後轉強，可優先觀察起漲/試單。,v266.57.9,11.8,無原分數欄位｜僅顯示結構前置分數,85.0,8.7,A,續強品質強,回檔不破前低｜低點墊高確認｜收盤守MA5｜續強確認：收盤未跌破MA5｜MA5仍在MA10上｜仍站MA20｜10D動能維持,回檔承接尚可，若原策略入選，可優先觀察延續。,v266.57.9,9.84,0.55,0.5,GENERIC,測試排序分=原分數+結構前置分*策略權重+續強品質*策略權重；不覆蓋原策略,101.0,1.0,D,突破不足,量能較前日放大｜短均多頭｜扣分:收盤位置偏弱,尚未形成乾淨突破，不急著升級。,v266.57.9,WATCH,0.55,0.35,0.75,10.285,299.0,最後後處理補寫：原分數+結構前置+續強品質+突破品質；不覆蓋原策略,0.0,,一般,8.434,v266.58.1,2026-10-01 01:22:38,觀察,0,-5,降級風險,前狀態:突破中→今日:觀察｜狀態降級,RISK,v266.60.2,6.684,30.0,0.0,0.0,15.0,4.956,722.0,20/40/60結構佳｜續強品質佳｜主力佈局語意｜風險語意扣分,過熱降權,v266.61,2026-10-01 01:22:44,8.0,洗盤不破承接,無事件,等待下一次確認。,7.079,525,v266.62,2026-10-01 01:22:46,24.0,0.0,18.0,0.0,-4.12,量能安靜｜洗盤整理不破｜主力吸籌文字確認,v266.68,2026-10-01 01:22:50,NOISE,雜訊：條件不足。,WATCH,354
2026-09-24,5520,WATCH,54,83.2,50-100,0.0,0,佈局觀察,波動壓縮 | 均線收斂 | 接近突破 | 結構尚可,True,False,False,True,False,True,9.8,A,起漲結構強,20D站上MA20｜MA20走平翻揚｜MA5站上MA10｜接近20日高｜40D平台收斂｜短中均線糾結｜40D低點守住｜接近/站回MA60｜5D動能轉正,平台壓縮後轉強，可優先觀察起漲/試單。,v266.57.9,9.8,無原分數欄位｜僅顯示結構前置分數,346.0,7.7,A,續強品質強,回檔不破前低｜低點墊高確認｜收盤守MA5｜續強確認：收盤未跌破MA5｜MA5仍在MA10上｜仍站MA20,回檔承接尚可，若原策略入選，可優先觀察延續。,v266.57.9,8.24,0.55,0.5,GENERIC,測試排序分=原分數+結構前置分*策略權重+續強品質*策略權重；不覆蓋原策略,351.0,,,,,,,WATCH,0.55,0.35,0.75,8.085,584.0,最後後處理補寫：原分數+結構前置+續強品質+突破品質；不覆蓋原策略,0.0,,一般,6.63,v266.58.1,2026-10-01 01:22:38,觀察,0,0,持續觀察,前狀態:觀察→今日:觀察,NO,v266.60.2,6.63,30.0,0.0,0.0,0.0,11.163,494.0,20/40/60結構佳｜續強品質佳｜主力佈局語意,起漲前優先,v266.61,2026-10-01 01:22:44,8.0,洗盤不破承接,無事件,等待下一次確認。,7.041,526,v266.62,2026-10-01 01:22:46,24.0,0.0,18.0,0.0,-4.12,量能安靜｜洗盤整理不破｜主力吸籌文字確認,v266.68,2026-10-01 01:22:50,NOISE,雜訊：條件不足。,WATCH,355
2026-09-30,2471,WATCH,54,51.8,50-100,0.0,0,佈局觀察,波動壓縮 | 均線收斂 | 接近突破 | 結構尚可,True,False,False,True,False,True,10.8,A,起漲結構強,20D站上MA20｜MA20走平翻揚｜40D平台收斂｜短中均線糾結｜40D低點守住｜接近/站回MA60｜MA60不再下彎｜站回60D區間中上｜近5日量縮｜10D動能轉正,平台壓縮後轉強，可優先觀察起漲/試單。,v266.57.9,10.8,無原分數欄位｜僅顯示結構前置分數,197.0,9.0,A,續強品質強,回檔不破前低｜低點墊高確認｜收盤守MA5｜續強確認：收盤未跌破MA5｜回檔量縮｜仍站MA20｜10D動能維持,回檔承接尚可，若原策略入選，可優先觀察延續。,v266.57.9,9.44,0.55,0.5,GENERIC,測試排序分=原分數+結構前置分*策略權重+續強品質*策略權重；不覆蓋原策略,146.0,1.5,D,突破不足,收盤接近高點,尚未形成乾淨突破，不急著升級。,v266.57.9,WATCH,0.55,0.35,0.75,10.215,301.0,最後後處理補寫：原分數+結構前置+續強品質+突破品質；不覆蓋原策略,0.0,,一般,8.376,v266.58.1,2026-10-01 01:22:38,觀察,0,-5,降級風險,前狀態:突破中→今日:觀察｜狀態降級,RISK,v266.60.2,6.626,30.0,0.0,0.0,15.0,4.95,723.0,20/40/60結構佳｜續強品質佳｜主力佈局語意｜風險語意扣分,過熱降權,v266.61,2026-10-01 01:22:44,8.0,洗盤不破承接,無事件,等待下一次確認。,7.038,527,v266.62,2026-10-01 01:22:46,24.0,0.0,18.0,0.0,-4.12,量能安靜｜洗盤整理不破｜主力吸籌文字確認,v266.68,2026-10-01 01:22:50,NOISE,雜訊：條件不足。,WATCH,356
2026-09-30,3479,WATCH,54,136.0,100-500,0.0,0,佈局觀察,波動壓縮 | 均線收斂 | 接近突破 | 結構尚可,True,False,False,True,False,True,10.0,A,起漲結構強,20D站上MA20｜MA20走平翻揚｜MA5站上MA10｜接近20日高｜40D平台收斂｜短中均線糾結｜40D低點守住｜接近/站回MA60｜MA60不再下彎,平台壓縮後轉強，可優先觀察起漲/試單。,v266.57.9,10.0,無原分數欄位｜僅顯示結構前置分數,253.0,7.7,A,續強品質強,回檔不破前低｜低點墊高確認｜收盤守MA5｜續強確認：收盤未跌破MA5｜MA5仍在MA10上｜仍站MA20,回檔承接尚可，若原策略入選，可優先觀察延續。,v266.57.9,8.35,0.55,0.5,GENERIC,測試排序分=原分數+結構前置分*策略權重+續強品質*策略權重；不覆蓋原策略,313.0,-0.2,D,突破不足,短均多頭｜扣分:收盤位置偏弱,尚未形成乾淨突破，不急著升級。,v266.57.9,WATCH,0.55,0.35,0.75,8.045,587.0,最後後處理補寫：原分數+結構前置+續強品質+突破品質；不覆蓋原策略,0.0,,一般,6.597,v266.58.1,2026-10-01 01:22:38,觀察,0,0,持續觀察,前狀態:觀察→今日:觀察,NO,v266.60.2,6.597,30.0,0.0,0.0,0.0,11.16,495.0,20/40/60結構佳｜續強品質佳｜主力佈局語意,起漲前優先,v266.61,2026-10-01 01:22:44,8.0,洗盤不破承接,無事件,等待下一次確認。,7.018,528,v266.62,2026-10-01 01:22:46,24.0,0.0,18.0,0.0,-4.12,量能安靜｜洗盤整理不破｜主力吸籌文字確認,v266.68,2026-10-01 01:22:50,NOISE,雜訊：條件不足。,WATCH,357
2026-09-30,2603,WATCH,54,239.5,100-500,0.0,0,佈局觀察,波動壓縮 | 均線收斂 | 接近突破 | 結構尚可,True,False,False,True,False,True,12.0,A,起漲結構強,20D站上MA20｜MA20走平翻揚｜MA5站上MA10｜接近20日高｜40D平台收斂｜短中均線糾結｜40D低點守住｜接近/站回MA60｜MA60不再下彎｜站回60D區間中上｜近5日量縮｜10D動能轉正,平台壓縮後轉強，可優先觀察起漲/試單。,v266.57.9,10.8,無原分數欄位｜僅顯示結構前置分數,197.0,8.5,A,續強品質強,回檔不破前低｜低點墊高確認｜回測守MA10｜回檔量縮｜MA5仍在MA10上｜仍站MA20｜10D動能維持,回檔承接尚可，若原策略入選，可優先觀察延續。,v266.57.9,8.94,0.55,0.5,GENERIC,測試排序分=原分數+結構前置分*策略權重+續強品質*策略權重；不覆蓋原策略,210.0,0.8,D,突破不足,短均多頭,尚未形成乾淨突破，不急著升級。,v266.57.9,WATCH,0.55,0.35,0.75,10.175,303.0,最後後處理補寫：原分數+結構前置+續強品質+突破品質；不覆蓋原策略,0.0,,一般,8.344,v266.58.1,2026-10-01 01:22:38,觀察,0,-5,降級風險,前狀態:突破中→今日:觀察｜狀態降級,RISK,v266.60.2,6.594,30.0,0.0,0.0,15.0,4.947,724.0,20/40/60結構佳｜續強品質佳｜主力佈局語意｜風險語意扣分,過熱降權,v266.61,2026-10-01 01:22:44,8.0,洗盤不破承接,無事件,等待下一次確認。,7.016,529,v266.62,2026-10-01 01:22:46,24.0,0.0,18.0,0.0,-4.12,量能安靜｜洗盤整理不破｜主力吸籌文字確認,v266.68,2026-10-01 01:22:50,NOISE,雜訊：條件不足。,WATCH,358
2026-09-30,9942,WATCH,54,114.5,100-500,0.0,0,佈局觀察,波動壓縮 | 均線收斂 | 接近突破 | 結構尚可,True,False,False,True,False,True,7.8,B,起漲結構中,20D站上MA20｜接近20日高｜40D平台收斂｜短中均線糾結｜40D低點守住｜接近/站回MA60｜10D動能轉正,平台壓縮後轉強，可優先觀察起漲/試單。,v266.57.9,5.8,無原分數欄位｜僅顯示結構前置分數,899.0,7.5,A,續強品質強,回檔不破前低｜低點墊高確認｜收盤守MA5｜續強確認：收盤未跌破MA5｜仍站MA20｜10D動能維持,回檔承接尚可，若原策略入選，可優先觀察延續。,v266.57.9,5.19,0.55,0.5,GENERIC,測試排序分=原分數+結構前置分*策略權重+續強品質*策略權重；不覆蓋原策略,862.0,1.5,D,突破不足,突破近5日高,尚未形成乾淨突破，不急著升級。,v266.57.9,WATCH,0.55,0.35,0.75,8.04,593.0,最後後處理補寫：原分數+結構前置+續強品質+突破品質；不覆蓋原策略,0.0,,一般,6.593,v266.58.1,2026-10-01 01:22:38,觀察,0,0,持續觀察,前狀態:觀察→今日:觀察,NO,v266.60.2,6.593,30.0,0.0,0.0,0.0,11.159,496.0,20/40/60結構佳｜續強品質佳｜主力佈局語意,起漲前優先,v266.61,2026-10-01 01:22:44,8.0,洗盤不破承接,無事件,等待下一次確認。,7.015,530,v266.62,2026-10-01 01:22:46,24.0,0.0,18.0,0.0,-4.12,量能安靜｜洗盤整理不破｜主力吸籌文字確認,v266.68,2026-10-01 01:22:50,NOISE,雜訊：條件不足。,WATCH,359
2026-09-30,6679,WATCH,54,206.0,100-500,0.0,0,佈局觀察,波動壓縮 | 均線收斂 | 接近突破 | 結構尚可,True,False,False,True,False,True,9.0,A,起漲結構強,20D站上MA20｜MA20走平翻揚｜MA5站上MA10｜接近20日高｜40D平台收斂｜短中均線糾結｜40D低點守住｜接近/站回MA60,平台壓縮後轉強，可優先觀察起漲/試單。,v266.57.9,9.0,無原分數欄位｜僅顯示結構前置分數,391.0,9.2,A,續強品質強,回檔不破前低｜低點墊高確認｜收盤守MA5｜續強確認：收盤未跌破MA5｜回檔量縮｜MA5仍在MA10上｜仍站MA20,回檔承接尚可，若原策略入選，可優先觀察延續。,v266.57.9,8.55,0.55,0.5,GENERIC,測試排序分=原分數+結構前置分*策略權重+續強品質*策略權重；不覆蓋原策略,269.0,-0.2,D,突破不足,短均多頭｜扣分:收盤位置偏弱,尚未形成乾淨突破，不急著升級。,v266.57.9,WATCH,0.55,0.35,0.75,8.02,599.0,最後後處理補寫：原分數+結構前置+續強品質+突破品質；不覆蓋原策略,0.0,,一般,6.576,v266.58.1,2026-10-01 01:22:38,觀察,0,0,持續觀察,前狀態:觀察→今日:觀察,NO,v266.60.2,6.576,30.0,0.0,0.0,0.0,11.158,497.0,20/40/60結構佳｜續強品質佳｜主力佈局語意,起漲前優先,v266.61,2026-10-01 01:22:44,8.0,洗盤不破承接,無事件,等待下一次確認。,7.003,531,v266.62,2026-10-01 01:22:46,24.0,0.0,18.0,0.0,-4.12,量能安靜｜洗盤整理不破｜主力吸籌文字確認,v266.68,2026-10-01 01:22:50,NOISE,雜訊：條件不足。,WATCH,360
2026-09-30,5704,WATCH,54,22.65,50以下,0.0,0,佈局觀察,波動壓縮 | 均線收斂 | 接近突破 | 結構尚可,True,False,False,True,False,True,9.0,A,起漲結構強,MA20走平翻揚｜接近20日高｜40D平台收斂｜短中均線糾結｜40D低點守住｜接近/站回MA60｜MA60不再下彎｜站回60D區間中上,平台壓縮後轉強，可優先觀察起漲/試單。,v266.57.9,9.0,無原分數欄位｜僅顯示結構前置分數,391.0,5.5,B,續強品質中,回檔不破前低｜低點墊高確認｜收盤守MA5｜續強確認：收盤未跌破MA5,回檔承接尚可，若原策略入選，可優先觀察延續。,v266.57.9,6.7,0.55,0.5,GENERIC,測試排序分=原分數+結構前置分*策略權重+續強品質*策略權重；不覆蓋原策略,643.0,1.5,D,突破不足,收盤接近高點,尚未形成乾淨突破，不急著升級。,v266.57.9,WATCH,0.55,0.35,0.75,8.0,600.0,最後後處理補寫：原分數+結構前置+續強品質+突破品質；不覆蓋原策略,0.0,,一般,6.56,v266.58.1,2026-10-01 01:22:38,觀察,0,0,持續觀察,前狀態:觀察→今日:觀察,NO,v266.60.2,6.56,30.0,0.0,0.0,0.0,11.156,498.0,20/40/60結構佳｜續強品質佳｜主力佈局語意,起漲前優先,v266.61,2026-10-01 01:22:44,8.0,洗盤不破承接,無事件,等待下一次確認。,6.992,532,v266.62,2026-10-01 01:22:46,24.0,0.0,18.0,0.0,-4.12,量能安靜｜洗盤整理不破｜主力吸籌文字確認,v266.68,2026-10-01 01:22:50,NOISE,雜訊：條件不足。,WATCH,361
2026-09-30,6282,BUY,80,43.7,50以下,0.01,10000,主力佈局完成,波動壓縮 | 安靜吸籌 | 均線收斂 | 放量吸收 | 接近突破,True,True,False,True,True,True,9.6,A,起漲結構強,20D站上MA20｜MA5站上MA10｜40D平台收斂｜短中均線糾結｜40D低點守住｜量縮後溫和放量｜5D動能轉正｜10D動能轉正,平台壓縮後轉強，可優先觀察起漲/試單。,v266.57.9,7.6,無原分數欄位｜僅顯示結構前置分數,694.0,8.7,A,續強品質強,回檔不破前低｜低點墊高確認｜收盤守MA5｜續強確認：收盤未跌破MA5｜MA5仍在MA10上｜仍站MA20｜10D動能維持,回檔承接尚可，若原策略入選，可優先觀察延續。,v266.57.9,6.78,0.55,0.5,GENERIC,測試排序分=原分數+結構前置分*策略權重+續強品質*策略權重；不覆蓋原策略,618.0,1.0,D,突破不足,量能較前日放大｜MA5加速上彎｜短均多頭｜扣分:收盤位置偏弱、上影偏長,尚未形成乾淨突破，不急著升級。,v266.57.9,GENERIC,0.55,0.5,0.5,10.13,306.0,最後後處理補寫：原分數+結構前置+續強品質+突破品質；不覆蓋原策略,0.0,,一般,8.307,v266.58.1,2026-10-01 01:22:38,觀察,0,-5,降級風險,前狀態:吸籌中→今日:觀察｜狀態降級,RISK,v266.60.2,6.557,30.0,0.0,0.0,15.0,4.943,725.0,20/40/60結構佳｜續強品質佳｜主力佈局語意｜風險語意扣分,過熱降權,v266.61,2026-10-01 01:22:44,8.0,洗盤不破承接,無事件,等待下一次確認。,6.99,533,v266.62,2026-10-01 01:22:46,24.0,0.0,18.0,0.0,-4.12,量能安靜｜洗盤整理不破｜主力吸籌文字確認,v266.68,2026-10-01 01:22:50,NOISE,雜訊：條件不足。,WATCH,362
2026-09-30,1419,WATCH,54,66.1,50-100,0.0,0,佈局觀察,波動壓縮 | 均線收斂 | 接近突破 | 結構尚可,True,False,False,True,False,True,8.0,A,起漲結構強,接近20日高｜40D平台收斂｜短中均線糾結｜40D低點守住｜接近/站回MA60｜MA60不再下彎｜近5日量縮,平台壓縮後轉強，可優先觀察起漲/試單。,v266.57.9,8.0,無原分數欄位｜僅顯示結構前置分數,556.0,7.0,A,續強品質強,回檔不破前低｜低點墊高確認｜收盤守MA5｜續強確認：收盤未跌破MA5｜回檔量縮,回檔承接尚可，若原策略入選，可優先觀察延續。,v266.57.9,6.9,0.55,0.5,GENERIC,測試排序分=原分數+結構前置分*策略權重+續強品質*策略權重；不覆蓋原策略,592.0,1.5,D,突破不足,收盤接近高點,尚未形成乾淨突破，不急著升級。,v266.57.9,WATCH,0.55,0.35,0.75,7.975,605.0,最後後處理補寫：原分數+結構前置+續強品質+突破品質；不覆蓋原策略,0.0,,一般,6.539,v266.58.1,2026-10-01 01:22:38,觀察,0,0,持續觀察,前狀態:觀察→今日:觀察,NO,v266.60.2,6.539,30.0,0.0,0.0,0.0,11.154,499.0,20/40/60結構佳｜續強品質佳｜主力佈局語意,起漲前優先,v266.61,2026-10-01 01:22:44,8.0,洗盤不破承接,無事件,等待下一次確認。,6.977,534,v266.62,2026-10-01 01:22:46,24.0,0.0,18.0,0.0,-4.12,量能安靜｜洗盤整理不破｜主力吸籌文字確認,v266.68,2026-10-01 01:22:50,NOISE,雜訊：條件不足。,WATCH,363
2026-09-30,2704,WATCH,54,45.45,50以下,0.0,0,佈局觀察,波動壓縮 | 均線收斂 | 接近突破 | 結構尚可,True,False,False,True,False,True,8.0,A,起漲結構強,接近20日高｜40D平台收斂｜短中均線糾結｜40D低點守住｜接近/站回MA60｜MA60不再下彎｜近5日量縮,平台壓縮後轉強，可優先觀察起漲/試單。,v266.57.9,8.0,無原分數欄位｜僅顯示結構前置分數,556.0,7.0,A,續強品質強,回檔不破前低｜低點墊高確認｜收盤守MA5｜續強確認：收盤未跌破MA5｜回檔量縮,回檔承接尚可，若原策略入選，可優先觀察延續。,v266.57.9,6.9,0.55,0.5,GENERIC,測試排序分=原分數+結構前置分*策略權重+續強品質*策略權重；不覆蓋原策略,592.0,1.5,D,突破不足,收盤接近高點,尚未形成乾淨突破，不急著升級。,v266.57.9,WATCH,0.55,0.35,0.75,7.975,605.0,最後後處理補寫：原分數+結構前置+續強品質+突破品質；不覆蓋原策略,0.0,,一般,6.539,v266.58.1,2026-10-01 01:22:38,觀察,0,0,持續觀察,前狀態:觀察→今日:觀察,NO,v266.60.2,6.539,30.0,0.0,0.0,0.0,11.154,499.0,20/40/60結構佳｜續強品質佳｜主力佈局語意,起漲前優先,v266.61,2026-10-01 01:22:44,8.0,洗盤不破承接,無事件,等待下一次確認。,6.977,535,v266.62,2026-10-01 01:22:46,24.0,0.0,18.0,0.0,-4.12,量能安靜｜洗盤整理不破｜主力吸籌文字確認,v266.68,2026-10-01 01:22:50,NOISE,雜訊：條件不足。,WATCH,364
2026-09-30,6158,WATCH,54,17.2,50以下,0.0,0,佈局觀察,波動壓縮 | 均線收斂 | 接近突破 | 結構尚可,True,False,False,True,False,True,10.0,A,起漲結構強,20D站上MA20｜MA20走平翻揚｜MA5站上MA10｜接近20日高｜40D平台收斂｜短中均線糾結｜40D低點守住｜接近/站回MA60｜MA60不再下彎,平台壓縮後轉強，可優先觀察起漲/試單。,v266.57.9,10.0,無原分數欄位｜僅顯示結構前置分數,253.0,7.5,A,續強品質強,回檔不破前低｜低點墊高確認｜收盤守MA5｜回測守MA10｜MA5仍在MA10上｜仍站MA20,回檔承接尚可，若原策略入選，可優先觀察延續。,v266.57.9,8.35,0.55,0.5,GENERIC,測試排序分=原分數+結構前置分*策略權重+續強品質*策略權重；不覆蓋原策略,313.0,-0.2,D,突破不足,短均多頭｜扣分:收盤位置偏弱,尚未形成乾淨突破，不急著升級。,v266.57.9,WATCH,0.55,0.35,0.75,7.975,605.0,最後後處理補寫：原分數+結構前置+續強品質+突破品質；不覆蓋原策略,0.0,,一般,6.539,v266.58.1,2026-10-01 01:22:38,觀察,0,0,持續觀察,前狀態:觀察→今日:觀察,NO,v266.60.2,6.539,30.0,0.0,0.0,0.0,11.154,499.0,20/40/60結構佳｜續強品質佳｜主力佈局語意,起漲前優先,v266.61,2026-10-01 01:22:44,8.0,洗盤不破承接,無事件,等待下一次確認。,6.977,536,v266.62,2026-10-01 01:22:46,24.0,0.0,18.0,0.0,-4.12,量能安靜｜洗盤整理不破｜主力吸籌文字確認,v266.68,2026-10-01 01:22:50,NOISE,雜訊：條件不足。,WATCH,365
2026-09-30,4114,WATCH,54,29.55,50以下,0.0,0,佈局觀察,波動壓縮 | 均線收斂 | 接近突破 | 結構尚可,True,False,False,True,False,True,8.0,A,起漲結構強,MA20走平翻揚｜接近20日高｜40D平台收斂｜短中均線糾結｜40D低點守住｜接近/站回MA60｜MA60不再下彎,平台壓縮後轉強，可優先觀察起漲/試單。,v266.57.9,8.0,無原分數欄位｜僅顯示結構前置分數,556.0,7.0,A,續強品質強,回檔不破前低｜低點墊高確認｜收盤守MA5｜續強確認：收盤未跌破MA5｜回檔量縮,回檔承接尚可，若原策略入選，可優先觀察延續。,v266.57.9,6.9,0.55,0.5,GENERIC,測試排序分=原分數+結構前置分*策略權重+續強品質*策略權重；不覆蓋原策略,592.0,1.5,D,突破不足,收盤接近高點,尚未形成乾淨突破，不急著升級。,v266.57.9,WATCH,0.55,0.35,0.75,7.975,605.0,最後後處理補寫：原分數+結構前置+續強品質+突破品質；不覆蓋原策略,0.0,,一般,6.539,v266.58.1,2026-10-01 01:22:38,觀察,0,0,持續觀察,前狀態:觀察→今日:觀察,NO,v266.60.2,6.539,30.0,0.0,0.0,0.0,11.154,499.0,20/40/60結構佳｜續強品質佳｜主力佈局語意,起漲前優先,v266.61,2026-10-01 01:22:44,8.0,洗盤不破承接,無事件,等待下一次確認。,6.977,537,v266.62,2026-10-01 01:22:46,24.0,0.0,18.0,0.0,-4.12,量能安靜｜洗盤整理不破｜主力吸籌文字確認,v266.68,2026-10-01 01:22:50,NOISE,雜訊：條件不足。,WATCH,366
2026-09-30,5903,WATCH,54,186.0,100-500,0.0,0,佈局觀察,波動壓縮 | 均線收斂 | 接近突破 | 結構尚可,True,False,False,True,False,True,10.0,A,起漲結構強,20D站上MA20｜MA20走平翻揚｜MA5站上MA10｜接近20日高｜40D平台收斂｜短中均線糾結｜40D低點守住｜接近/站回MA60｜MA60不再下彎,平台壓縮後轉強，可優先觀察起漲/試單。,v266.57.9,10.0,無原分數欄位｜僅顯示結構前置分數,253.0,7.5,A,續強品質強,回檔不破前低｜低點墊高確認｜收盤守MA5｜回測守MA10｜MA5仍在MA10上｜仍站MA20,回檔承接尚可，若原策略入選，可優先觀察延續。,v266.57.9,8.35,0.55,0.5,GENERIC,測試排序分=原分數+結構前置分*策略權重+續強品質*策略權重；不覆蓋原策略,313.0,-0.2,D,突破不足,短均多頭｜扣分:收盤位置偏弱,尚未形成乾淨突破，不急著升級。,v266.57.9,WATCH,0.55,0.35,0.75,7.975,605.0,最後後處理補寫：原分數+結構前置+續強品質+突破品質；不覆蓋原策略,0.0,,一般,6.539,v266.58.1,2026-10-01 01:22:38,觀察,0,0,持續觀察,前狀態:觀察→今日:觀察,NO,v266.60.2,6.539,30.0,0.0,0.0,0.0,11.154,499.0,20/40/60結構佳｜續強品質佳｜主力佈局語意,起漲前優先,v266.61,2026-10-01 01:22:44,8.0,洗盤不破承接,無事件,等待下一次確認。,6.977,538,v266.62,2026-10-01 01:22:46,24.0,0.0,18.0,0.0,-4.12,量能安靜｜洗盤整理不破｜主力吸籌文字確認,v266.68,2026-10-01 01:22:50,NOISE,雜訊：條件不足。,WATCH,367
2026-09-30,2317,WATCH,54,251.5,100-500,0.0,0,佈局觀察,波動壓縮 | 均線收斂 | 接近突破 | 結構尚可,True,False,False,True,False,True,11.6,A,起漲結構強,20D站上MA20｜MA5站上MA10｜接近20日高｜40D平台收斂｜短中均線糾結｜40D低點守住｜接近/站回MA60｜MA60不再下彎｜站回60D區間中上｜5D動能轉正｜10D動能轉正,平台壓縮後轉強，可優先觀察起漲/試單。,v266.57.9,11.6,無原分數欄位｜僅顯示結構前置分數,97.0,8.5,A,續強品質強,回檔不破前低｜低點墊高確認｜收盤守MA5｜回測守MA10｜MA5仍在MA10上｜仍站MA20｜10D動能維持,回檔承接尚可，若原策略入選，可優先觀察延續。,v266.57.9,9.73,0.55,0.5,GENERIC,測試排序分=原分數+結構前置分*策略權重+續強品質*策略權重；不覆蓋原策略,102.0,1.0,D,突破不足,MA5加速上彎｜短均多頭｜扣分:收盤位置偏弱,尚未形成乾淨突破，不急著升級。,v266.57.9,WATCH,0.55,0.35,0.75,10.105,309.0,最後後處理補寫：原分數+結構前置+續強品質+突破品質；不覆蓋原策略,0.0,,一般,8.286,v266.58.1,2026-10-01 01:22:38,觀察,0,-5,降級風險,前狀態:突破中→今日:觀察｜狀態降級,RISK,v266.60.2,6.536,30.0,0.0,0.0,15.0,4.941,727.0,20/40/60結構佳｜續強品質佳｜主力佈局語意｜風險語意扣分,過熱降權,v266.61,2026-10-01 01:22:44,8.0,洗盤不破承接,無事件,等待下一次確認。,6.975,539,v266.62,2026-10-01 01:22:46,24.0,0.0,18.0,0.0,-4.12,量能安靜｜洗盤整理不破｜主力吸籌文字確認,v266.68,2026-10-01 01:22:50,NOISE,雜訊：條件不足。,WATCH,368
2026-09-30,6558,BUY,80,25.0,50以下,0.01,10000,主力佈局完成,波動壓縮 | 安靜吸籌 | 均線收斂 | 放量吸收 | 接近突破,True,True,False,True,True,True,10.6,A,起漲結構強,20D站上MA20｜MA5站上MA10｜接近20日高｜40D平台收斂｜短中均線糾結｜接近/站回MA60｜量縮後溫和放量｜5D動能轉正｜10D動能轉正,平台壓縮後轉強，可優先觀察起漲/試單。,v266.57.9,10.6,無原分數欄位｜僅顯示結構前置分數,215.0,8.7,A,續強品質強,回檔不破前低｜低點墊高確認｜收盤守MA5｜續強確認：收盤未跌破MA5｜MA5仍在MA10上｜仍站MA20｜10D動能維持,回檔承接尚可，若原策略入選，可優先觀察延續。,v266.57.9,9.18,0.55,0.5,GENERIC,測試排序分=原分數+結構前置分*策略權重+續強品質*策略權重；不覆蓋原策略,165.0,-0.2,D,突破不足,短均多頭｜扣分:收盤位置偏弱,尚未形成乾淨突破，不急著升級。,v266.57.9,GENERIC,0.55,0.5,0.5,10.08,312.0,最後後處理補寫：原分數+結構前置+續強品質+突破品質；不覆蓋原策略,0.0,,一般,8.266,v266.58.1,2026-10-01 01:22:38,觀察,0,-5,降級風險,前狀態:洗盤吸籌→今日:觀察｜狀態降級,RISK,v266.60.2,6.516,30.0,0.0,0.0,15.0,4.939,728.0,20/40/60結構佳｜續強品質佳｜主力佈局語意｜風險語意扣分,過熱降權,v266.61,2026-10-01 01:22:44,8.0,洗盤不破承接,無事件,等待下一次確認。,6.961,540,v266.62,2026-10-01 01:22:46,24.0,0.0,18.0,0.0,-4.12,量能安靜｜洗盤整理不破｜主力吸籌文字確認,v266.68,2026-10-01 01:22:50,NOISE,雜訊：條件不足。,WATCH,369
2026-09-30,6983,WATCH,54,348.0,100-500,0.0,0,佈局觀察,波動壓縮 | 均線收斂 | 接近突破 | 結構尚可,True,False,False,True,False,True,9.0,A,起漲結構強,MA20走平翻揚｜接近20日高｜40D平台收斂｜短中均線糾結｜40D低點守住｜接近/站回MA60｜MA60不再下彎｜站回60D區間中上,平台壓縮後轉強，可優先觀察起漲/試單。,v266.57.9,9.0,無原分數欄位｜僅顯示結構前置分數,391.0,5.3,B,續強品質中,回檔不破前低｜低點墊高確認｜收盤守MA5｜回測守MA10,回檔承接尚可，若原策略入選，可優先觀察延續。,v266.57.9,6.7,0.55,0.5,GENERIC,測試排序分=原分數+結構前置分*策略權重+續強品質*策略權重；不覆蓋原策略,643.0,1.5,D,突破不足,收盤接近高點,尚未形成乾淨突破，不急著升級。,v266.57.9,WATCH,0.55,0.35,0.75,7.93,612.0,最後後處理補寫：原分數+結構前置+續強品質+突破品質；不覆蓋原策略,0.0,,一般,6.503,v266.58.1,2026-10-01 01:22:38,觀察,0,0,持續觀察,前狀態:觀察→今日:觀察,NO,v266.60.2,6.503,30.0,0.0,0.0,0.0,11.15,504.0,20/40/60結構佳｜續強品質佳｜主力佈局語意,起漲前優先,v266.61,2026-10-01 01:22:44,8.0,洗盤不破承接,無事件,等待下一次確認。,6.952,541,v266.62,2026-10-01 01:22:46,24.0,0.0,18.0,0.0,-4.12,量能安靜｜洗盤整理不破｜主力吸籌文字確認,v266.68,2026-10-01 01:22:50,NOISE,雜訊：條件不足。,WATCH,370
2026-09-30,8916,WATCH,54,41.05,50以下,0.0,0,佈局觀察,波動壓縮 | 均線收斂 | 接近突破 | 結構尚可,True,False,False,True,False,True,9.0,A,起漲結構強,20D站上MA20｜MA20走平翻揚｜接近20日高｜40D平台收斂｜短中均線糾結｜40D低點守住｜接近/站回MA60｜MA60不再下彎,平台壓縮後轉強，可優先觀察起漲/試單。,v266.57.9,9.0,無原分數欄位｜僅顯示結構前置分數,391.0,8.0,A,續強品質強,回檔不破前低｜低點墊高確認｜收盤守MA5｜續強確認：收盤未跌破MA5｜回檔量縮｜仍站MA20,回檔承接尚可，若原策略入選，可優先觀察延續。,v266.57.9,7.95,0.55,0.5,GENERIC,測試排序分=原分數+結構前置分*策略權重+續強品質*策略權重；不覆蓋原策略,387.0,0.2,D,突破不足,MA5加速上彎｜扣分:收盤位置偏弱,尚未形成乾淨突破，不急著升級。,v266.57.9,WATCH,0.55,0.35,0.75,7.9,614.0,最後後處理補寫：原分數+結構前置+續強品質+突破品質；不覆蓋原策略,0.0,,一般,6.478,v266.58.1,2026-10-01 01:22:38,觀察,0,0,持續觀察,前狀態:觀察→今日:觀察,NO,v266.60.2,6.478,30.0,0.0,0.0,0.0,11.148,505.0,20/40/60結構佳｜續強品質佳｜主力佈局語意,起漲前優先,v266.61,2026-10-01 01:22:44,8.0,洗盤不破承接,無事件,等待下一次確認。,6.935,542,v266.62,2026-10-01 01:22:46,24.0,0.0,18.0,0.0,-4.12,量能安靜｜洗盤整理不破｜主力吸籌文字確認,v266.68,2026-10-01 01:22:50,NOISE,雜訊：條件不足。,WATCH,371
2026-09-30,3646,WATCH,54,24.95,50以下,0.0,0,佈局觀察,波動壓縮 | 均線收斂 | 接近突破 | 結構尚可,True,False,False,True,False,True,11.0,A,起漲結構強,20D站上MA20｜MA20走平翻揚｜接近20日高｜40D平台收斂｜短中均線糾結｜40D低點守住｜接近/站回MA60｜MA60不再下彎｜站回60D區間中上｜近5日量縮,平台壓縮後轉強，可優先觀察起漲/試單。,v266.57.9,11.0,無原分數欄位｜僅顯示結構前置分數,137.0,8.0,A,續強品質強,回檔不破前低｜低點墊高確認｜收盤守MA5｜續強確認：收盤未跌破MA5｜回檔量縮｜仍站MA20,回檔承接尚可，若原策略入選，可優先觀察延續。,v266.57.9,9.05,0.55,0.5,GENERIC,測試排序分=原分數+結構前置分*策略權重+續強品質*策略權重；不覆蓋原策略,199.0,1.5,D,突破不足,突破近5日高,尚未形成乾淨突破，不急著升級。,v266.57.9,WATCH,0.55,0.35,0.75,9.975,336.0,最後後處理補寫：原分數+結構前置+續強品質+突破品質；不覆蓋原策略,0.0,,一般,8.179,v266.58.1,2026-10-01 01:22:38,觀察,0,-5,降級風險,前狀態:突破中→今日:觀察｜狀態降級,RISK,v266.60.2,6.429,30.0,0.0,0.0,15.0,4.93,729.0,20/40/60結構佳｜續強品質佳｜主力佈局語意｜風險語意扣分,過熱降權,v266.61,2026-10-01 01:22:44,8.0,洗盤不破承接,無事件,等待下一次確認。,6.9,543,v266.62,2026-10-01 01:22:46,24.0,0.0,18.0,0.0,-4.12,量能安靜｜洗盤整理不破｜主力吸籌文字確認,v266.68,2026-10-01 01:22:50,NOISE,雜訊：條件不足。,WATCH,372
2026-09-30,2852,WATCH,54,27.85,50以下,0.0,0,佈局觀察,波動壓縮 | 均線收斂 | 接近突破 | 結構尚可,True,False,False,True,False,True,9.0,A,起漲結構強,接近20日高｜40D平台收斂｜短中均線糾結｜40D低點守住｜接近/站回MA60｜MA60不再下彎｜站回60D區間中上｜近5日量縮,平台壓縮後轉強，可優先觀察起漲/試單。,v266.57.9,9.0,無原分數欄位｜僅顯示結構前置分數,391.0,5.0,B,續強品質中,回檔不破前低｜低點墊高確認｜收盤守MA5｜回檔量縮｜扣分:跌破短均,回檔承接尚可，若原策略入選，可優先觀察延續。,v266.57.9,7.45,0.55,0.5,GENERIC,測試排序分=原分數+結構前置分*策略權重+續強品質*策略權重；不覆蓋原策略,503.0,1.5,D,突破不足,收盤接近高點,尚未形成乾淨突破，不急著升級。,v266.57.9,WATCH,0.55,0.35,0.75,7.825,616.0,最後後處理補寫：原分數+結構前置+續強品質+突破品質；不覆蓋原策略,0.0,,一般,6.416,v266.58.1,2026-10-01 01:22:38,觀察,0,0,持續觀察,前狀態:觀察→今日:觀察,NO,v266.60.2,6.416,30.0,0.0,0.0,0.0,11.142,506.0,20/40/60結構佳｜續強品質佳｜主力佈局語意,起漲前優先,v266.61,2026-10-01 01:22:44,8.0,洗盤不破承接,無事件,等待下一次確認。,6.891,544,v266.62,2026-10-01 01:22:46,24.0,0.0,18.0,0.0,-4.12,量能安靜｜洗盤整理不破｜主力吸籌文字確認,v266.68,2026-10-01 01:22:50,NOISE,雜訊：條件不足。,WATCH,373
2026-09-30,6220,WATCH,54,25.2,50以下,0.0,0,佈局觀察,波動壓縮 | 均線收斂 | 接近突破 | 結構尚可,True,False,False,True,False,True,8.0,A,起漲結構強,MA20走平翻揚｜MA5站上MA10｜接近20日高｜40D平台收斂｜短中均線糾結｜40D低點守住｜接近/站回MA60,平台壓縮後轉強，可優先觀察起漲/試單。,v266.57.9,6.0,無原分數欄位｜僅顯示結構前置分數,828.0,8.0,A,續強品質強,回檔不破前低｜低點墊高確認｜收盤守MA5｜回測守MA10｜回檔量縮｜MA5仍在MA10上,回檔承接尚可，若原策略入選，可優先觀察延續。,v266.57.9,5.65,0.55,0.5,GENERIC,測試排序分=原分數+結構前置分*策略權重+續強品質*策略權重；不覆蓋原策略,795.0,0.8,D,突破不足,短均多頭,尚未形成乾淨突破，不急著升級。,v266.57.9,WATCH,0.55,0.35,0.75,7.8,617.0,最後後處理補寫：原分數+結構前置+續強品質+突破品質；不覆蓋原策略,0.0,,一般,6.396,v266.58.1,2026-10-01 01:22:38,觀察,0,0,持續觀察,前狀態:觀察→今日:觀察,NO,v266.60.2,6.396,30.0,0.0,0.0,0.0,11.14,507.0,20/40/60結構佳｜續強品質佳｜主力佈局語意,起漲前優先,v266.61,2026-10-01 01:22:44,8.0,洗盤不破承接,無事件,等待下一次確認。,6.877,545,v266.62,2026-10-01 01:22:46,24.0,0.0,18.0,0.0,-4.12,量能安靜｜洗盤整理不破｜主力吸籌文字確認,v266.68,2026-10-01 01:22:50,NOISE,雜訊：條件不足。,WATCH,374
2026-09-30,2726,WATCH,54,8.0,50以下,0.0,0,佈局觀察,波動壓縮 | 均線收斂 | 接近突破 | 結構尚可,True,False,False,True,False,True,8.0,A,起漲結構強,MA20走平翻揚｜MA5站上MA10｜接近20日高｜40D平台收斂｜短中均線糾結｜40D低點守住｜接近/站回MA60,平台壓縮後轉強，可優先觀察起漲/試單。,v266.57.9,8.0,無原分數欄位｜僅顯示結構前置分數,556.0,8.0,A,續強品質強,回檔不破前低｜低點墊高確認｜收盤守MA5｜回測守MA10｜回檔量縮｜MA5仍在MA10上,回檔承接尚可，若原策略入選，可優先觀察延續。,v266.57.9,7.5,0.55,0.5,GENERIC,測試排序分=原分數+結構前置分*策略權重+續強品質*策略權重；不覆蓋原策略,493.0,0.8,D,突破不足,短均多頭,尚未形成乾淨突破，不急著升級。,v266.57.9,WATCH,0.55,0.35,0.75,7.8,617.0,最後後處理補寫：原分數+結構前置+續強品質+突破品質；不覆蓋原策略,0.0,,一般,6.396,v266.58.1,2026-10-01 01:22:38,觀察,0,0,持續觀察,前狀態:觀察→今日:觀察,NO,v266.60.2,6.396,30.0,0.0,0.0,0.0,11.14,507.0,20/40/60結構佳｜續強品質佳｜主力佈局語意,起漲前優先,v266.61,2026-10-01 01:22:44,8.0,洗盤不破承接,無事件,等待下一次確認。,6.877,546,v266.62,2026-10-01 01:22:46,24.0,0.0,18.0,0.0,-4.12,量能安靜｜洗盤整理不破｜主力吸籌文字確認,v266.68,2026-10-01 01:22:50,NOISE,雜訊：條件不足。,WATCH,375
2026-09-30,6127,WATCH,54,51.7,50-100,0.0,0,佈局觀察,波動壓縮 | 均線收斂 | 接近突破 | 結構尚可,True,False,False,True,False,True,8.0,A,起漲結構強,20D站上MA20｜MA20走平翻揚｜接近20日高｜40D平台收斂｜短中均線糾結｜40D低點守住｜接近/站回MA60,平台壓縮後轉強，可優先觀察起漲/試單。,v266.57.9,8.0,無原分數欄位｜僅顯示結構前置分數,556.0,6.5,B,續強品質中,回檔不破前低｜低點墊高確認｜收盤守MA5｜續強確認：收盤未跌破MA5｜仍站MA20,回檔承接尚可，若原策略入選，可優先觀察延續。,v266.57.9,6.65,0.55,0.5,GENERIC,測試排序分=原分數+結構前置分*策略權重+續強品質*策略權重；不覆蓋原策略,660.0,1.5,D,突破不足,收盤接近高點,尚未形成乾淨突破，不急著升級。,v266.57.9,WATCH,0.55,0.35,0.75,7.8,617.0,最後後處理補寫：原分數+結構前置+續強品質+突破品質；不覆蓋原策略,0.0,,一般,6.396,v266.58.1,2026-10-01 01:22:38,觀察,0,0,持續觀察,前狀態:觀察→今日:觀察,NO,v266.60.2,6.396,30.0,0.0,0.0,0.0,11.14,507.0,20/40/60結構佳｜續強品質佳｜主力佈局語意,起漲前優先,v266.61,2026-10-01 01:22:44,8.0,洗盤不破承接,無事件,等待下一次確認。,6.877,547,v266.62,2026-10-01 01:22:46,24.0,0.0,18.0,0.0,-4.12,量能安靜｜洗盤整理不破｜主力吸籌文字確認,v266.68,2026-10-01 01:22:50,NOISE,雜訊：條件不足。,WATCH,376
2026-09-30,6791,WATCH,54,99.5,50-100,0.0,0,佈局觀察,波動壓縮 | 均線收斂 | 接近突破 | 結構尚可,True,False,False,True,False,True,9.0,A,起漲結構強,MA20走平翻揚｜接近20日高｜40D平台收斂｜短中均線糾結｜40D低點守住｜接近/站回MA60｜MA60不再下彎｜近5日量縮,平台壓縮後轉強，可優先觀察起漲/試單。,v266.57.9,9.0,無原分數欄位｜僅顯示結構前置分數,391.0,7.0,A,續強品質強,回檔不破前低｜低點墊高確認｜收盤守MA5｜續強確認：收盤未跌破MA5｜回檔量縮,回檔承接尚可，若原策略入選，可優先觀察延續。,v266.57.9,7.45,0.55,0.5,GENERIC,測試排序分=原分數+結構前置分*策略權重+續強品質*策略權重；不覆蓋原策略,503.0,0.5,D,突破不足,突破近5日高｜扣分:收盤位置偏弱,尚未形成乾淨突破，不急著升級。,v266.57.9,WATCH,0.55,0.35,0.75,7.775,621.0,最後後處理補寫：原分數+結構前置+續強品質+突破品質；不覆蓋原策略,0.0,,一般,6.376,v266.58.1,2026-10-01 01:22:38,觀察,0,0,持續觀察,前狀態:觀察→今日:觀察,NO,v266.60.2,6.376,30.0,0.0,0.0,0.0,11.138,510.0,20/40/60結構佳｜續強品質佳｜主力佈局語意,起漲前優先,v266.61,2026-10-01 01:22:44,8.0,洗盤不破承接,無事件,等待下一次確認。,6.863,548,v266.62,2026-10-01 01:22:46,24.0,0.0,18.0,0.0,-4.12,量能安靜｜洗盤整理不破｜主力吸籌文字確認,v266.68,2026-10-01 01:22:50,NOISE,雜訊：條件不足。,WATCH,377
2026-09-30,3276,WATCH,54,14.05,50以下,0.0,0,佈局觀察,波動壓縮 | 均線收斂 | 接近突破 | 結構尚可,True,False,False,True,False,True,9.0,A,起漲結構強,20D站上MA20｜MA20走平翻揚｜接近20日高｜40D平台收斂｜短中均線糾結｜40D低點守住｜接近/站回MA60｜近5日量縮,平台壓縮後轉強，可優先觀察起漲/試單。,v266.57.9,9.0,無原分數欄位｜僅顯示結構前置分數,391.0,8.0,A,續強品質強,回檔不破前低｜低點墊高確認｜收盤守MA5｜續強確認：收盤未跌破MA5｜回檔量縮｜仍站MA20,回檔承接尚可，若原策略入選，可優先觀察延續。,v266.57.9,7.95,0.55,0.5,GENERIC,測試排序分=原分數+結構前置分*策略權重+續強品質*策略權重；不覆蓋原策略,387.0,0.0,D,突破不足,,尚未形成乾淨突破，不急著升級。,v266.57.9,WATCH,0.55,0.35,0.75,7.75,624.0,最後後處理補寫：原分數+結構前置+續強品質+突破品質；不覆蓋原策略,0.0,,一般,6.355,v266.58.1,2026-10-01 01:22:38,觀察,0,0,持續觀察,前狀態:觀察→今日:觀察,NO,v266.60.2,6.355,30.0,0.0,0.0,0.0,11.136,511.0,20/40/60結構佳｜續強品質佳｜主力佈局語意,起漲前優先,v266.61,2026-10-01 01:22:44,8.0,洗盤不破承接,無事件,等待下一次確認。,6.848,549,v266.62,2026-10-01 01:22:46,24.0,0.0,18.0,0.0,-4.12,量能安靜｜洗盤整理不破｜主力吸籌文字確認,v266.68,2026-10-01 01:22:50,NOISE,雜訊：條件不足。,WATCH,378
2026-09-30,6219,WATCH,54,12.2,50以下,0.0,0,佈局觀察,波動壓縮 | 均線收斂 | 接近突破 | 結構尚可,True,False,False,True,False,True,9.0,A,起漲結構強,20D站上MA20｜MA20走平翻揚｜接近20日高｜40D平台收斂｜短中均線糾結｜40D低點守住｜接近/站回MA60｜MA60不再下彎,平台壓縮後轉強，可優先觀察起漲/試單。,v266.57.9,9.0,無原分數欄位｜僅顯示結構前置分數,391.0,8.0,A,續強品質強,回檔不破前低｜低點墊高確認｜收盤守MA5｜續強確認：收盤未跌破MA5｜回檔量縮｜仍站MA20,回檔承接尚可，若原策略入選，可優先觀察延續。,v266.57.9,7.95,0.55,0.5,GENERIC,測試排序分=原分數+結構前置分*策略權重+續強品質*策略權重；不覆蓋原策略,387.0,0.0,D,突破不足,,尚未形成乾淨突破，不急著升級。,v266.57.9,WATCH,0.55,0.35,0.75,7.75,624.0,最後後處理補寫：原分數+結構前置+續強品質+突破品質；不覆蓋原策略,0.0,,一般,6.355,v266.58.1,2026-10-01 01:22:38,觀察,0,0,持續觀察,前狀態:觀察→今日:觀察,NO,v266.60.2,6.355,30.0,0.0,0.0,0.0,11.136,511.0,20/40/60結構佳｜續強品質佳｜主力佈局語意,起漲前優先,v266.61,2026-10-01 01:22:44,8.0,洗盤不破承接,無事件,等待下一次確認。,6.848,550,v266.62,2026-10-01 01:22:46,24.0,0.0,18.0,0.0,-4.12,量能安靜｜洗盤整理不破｜主力吸籌文字確認,v266.68,2026-10-01 01:22:50,NOISE,雜訊：條件不足。,WATCH,379
2026-09-30,5223,WATCH,54,23.1,50以下,0.0,0,佈局觀察,波動壓縮 | 均線收斂 | 接近突破 | 結構尚可,True,False,False,True,False,True,9.0,A,起漲結構強,20D站上MA20｜MA20走平翻揚｜接近20日高｜40D平台收斂｜短中均線糾結｜40D低點守住｜接近/站回MA60｜近5日量縮,平台壓縮後轉強，可優先觀察起漲/試單。,v266.57.9,9.0,無原分數欄位｜僅顯示結構前置分數,391.0,8.0,A,續強品質強,回檔不破前低｜低點墊高確認｜收盤守MA5｜續強確認：收盤未跌破MA5｜回檔量縮｜仍站MA20,回檔承接尚可，若原策略入選，可優先觀察延續。,v266.57.9,7.95,0.55,0.5,GENERIC,測試排序分=原分數+結構前置分*策略權重+續強品質*策略權重；不覆蓋原策略,387.0,,,,,,,WATCH,0.55,0.35,0.75,7.75,624.0,最後後處理補寫：原分數+結構前置+續強品質+突破品質；不覆蓋原策略,0.0,,一般,6.355,v266.58.1,2026-10-01 01:22:38,觀察,0,0,持續觀察,前狀態:觀察→今日:觀察,NO,v266.60.2,6.355,30.0,0.0,0.0,0.0,11.136,511.0,20/40/60結構佳｜續強品質佳｜主力佈局語意,起漲前優先,v266.61,2026-10-01 01:22:44,8.0,洗盤不破承接,無事件,等待下一次確認。,6.848,551,v266.62,2026-10-01 01:22:46,24.0,0.0,18.0,0.0,-4.12,量能安靜｜洗盤整理不破｜主力吸籌文字確認,v266.68,2026-10-01 01:22:50,NOISE,雜訊：條件不足。,WATCH,380
2026-09-30,2948,WATCH,54,37.4,50以下,0.0,0,佈局觀察,波動壓縮 | 均線收斂 | 接近突破 | 結構尚可,True,False,False,True,False,True,9.0,A,起漲結構強,20D站上MA20｜MA20走平翻揚｜接近20日高｜40D平台收斂｜短中均線糾結｜40D低點守住｜接近/站回MA60｜MA60不再下彎,平台壓縮後轉強，可優先觀察起漲/試單。,v266.57.9,9.0,無原分數欄位｜僅顯示結構前置分數,391.0,8.0,A,續強品質強,回檔不破前低｜低點墊高確認｜收盤守MA5｜續強確認：收盤未跌破MA5｜回檔量縮｜仍站MA20,回檔承接尚可，若原策略入選，可優先觀察延續。,v266.57.9,7.95,0.55,0.5,GENERIC,測試排序分=原分數+結構前置分*策略權重+續強品質*策略權重；不覆蓋原策略,387.0,,,,,,,WATCH,0.55,0.35,0.75,7.75,624.0,最後後處理補寫：原分數+結構前置+續強品質+突破品質；不覆蓋原策略,0.0,,一般,6.355,v266.58.1,2026-10-01 01:22:38,觀察,0,0,持續觀察,前狀態:觀察→今日:觀察,NO,v266.60.2,6.355,30.0,0.0,0.0,0.0,11.136,511.0,20/40/60結構佳｜續強品質佳｜主力佈局語意,起漲前優先,v266.61,2026-10-01 01:22:44,8.0,洗盤不破承接,無事件,等待下一次確認。,6.848,552,v266.62,2026-10-01 01:22:46,24.0,0.0,18.0,0.0,-4.12,量能安靜｜洗盤整理不破｜主力吸籌文字確認,v266.68,2026-10-01 01:22:50,NOISE,雜訊：條件不足。,WATCH,381
2026-09-30,6169,WATCH,54,12.0,50以下,0.0,0,佈局觀察,波動壓縮 | 均線收斂 | 接近突破 | 結構尚可,True,False,False,True,False,True,9.0,A,起漲結構強,MA20走平翻揚｜MA5站上MA10｜接近20日高｜40D平台收斂｜短中均線糾結｜40D低點守住｜接近/站回MA60｜近5日量縮,平台壓縮後轉強，可優先觀察起漲/試單。,v266.57.9,9.0,無原分數欄位｜僅顯示結構前置分數,391.0,8.0,A,續強品質強,回檔不破前低｜低點墊高確認｜收盤守MA5｜回測守MA10｜回檔量縮｜MA5仍在MA10上,回檔承接尚可，若原策略入選，可優先觀察延續。,v266.57.9,8.05,0.55,0.5,GENERIC,測試排序分=原分數+結構前置分*策略權重+續強品質*策略權重；不覆蓋原策略,364.0,,,,,,,WATCH,0.55,0.35,0.75,7.75,624.0,最後後處理補寫：原分數+結構前置+續強品質+突破品質；不覆蓋原策略,0.0,,一般,6.355,v266.58.1,2026-10-01 01:22:38,觀察,0,0,持續觀察,前狀態:觀察→今日:觀察,NO,v266.60.2,6.355,30.0,0.0,0.0,0.0,11.136,511.0,20/40/60結構佳｜續強品質佳｜主力佈局語意,起漲前優先,v266.61,2026-10-01 01:22:44,8.0,洗盤不破承接,無事件,等待下一次確認。,6.848,553,v266.62,2026-10-01 01:22:46,24.0,0.0,18.0,0.0,-4.12,量能安靜｜洗盤整理不破｜主力吸籌文字確認,v266.68,2026-10-01 01:22:50,NOISE,雜訊：條件不足。,WATCH,382
2026-09-30,6804,WATCH,54,18.35,50以下,0.0,0,佈局觀察,波動壓縮 | 均線收斂 | 接近突破 | 結構尚可,True,False,False,True,False,True,11.0,A,起漲結構強,20D站上MA20｜MA20走平翻揚｜MA5站上MA10｜接近20日高｜40D平台收斂｜短中均線糾結｜40D低點守住｜接近/站回MA60｜MA60不再下彎｜站回60D區間中上,平台壓縮後轉強，可優先觀察起漲/試單。,v266.57.9,11.0,無原分數欄位｜僅顯示結構前置分數,137.0,9.2,A,續強品質強,回檔不破前低｜低點墊高確認｜收盤守MA5｜續強確認：收盤未跌破MA5｜回檔量縮｜MA5仍在MA10上｜仍站MA20,回檔承接尚可，若原策略入選，可優先觀察延續。,v266.57.9,9.65,0.55,0.5,GENERIC,測試排序分=原分數+結構前置分*策略權重+續強品質*策略權重；不覆蓋原策略,124.0,0.8,D,突破不足,短均多頭,尚未形成乾淨突破，不急著升級。,v266.57.9,WATCH,0.55,0.35,0.75,9.87,351.0,最後後處理補寫：原分數+結構前置+續強品質+突破品質；不覆蓋原策略,0.0,,一般,8.093,v266.58.1,2026-10-01 01:22:38,觀察,0,-5,降級風險,前狀態:突破中→今日:觀察｜狀態降級,RISK,v266.60.2,6.343,30.0,0.0,0.0,15.0,4.922,730.0,20/40/60結構佳｜續強品質佳｜主力佈局語意｜風險語意扣分,過熱降權,v266.61,2026-10-01 01:22:44,8.0,洗盤不破承接,無事件,等待下一次確認。,6.84,554,v266.62,2026-10-01 01:22:46,24.0,0.0,18.0,0.0,-4.12,量能安靜｜洗盤整理不破｜主力吸籌文字確認,v266.68,2026-10-01 01:22:50,NOISE,雜訊：條件不足。,WATCH,383
2026-09-30,2065,WATCH,54,35.55,50以下,0.0,0,佈局觀察,波動壓縮 | 均線收斂 | 接近突破 | 結構尚可,True,False,False,True,False,True,11.0,A,起漲結構強,20D站上MA20｜MA20走平翻揚｜MA5站上MA10｜接近20日高｜40D平台收斂｜短中均線糾結｜40D低點守住｜接近/站回MA60｜MA60不再下彎｜站回60D區間中上,平台壓縮後轉強，可優先觀察起漲/試單。,v266.57.9,11.0,無原分數欄位｜僅顯示結構前置分數,137.0,9.2,A,續強品質強,回檔不破前低｜低點墊高確認｜收盤守MA5｜續強確認：收盤未跌破MA5｜回檔量縮｜MA5仍在MA10上｜仍站MA20,回檔承接尚可，若原策略入選，可優先觀察延續。,v266.57.9,9.65,0.55,0.5,GENERIC,測試排序分=原分數+結構前置分*策略權重+續強品質*策略權重；不覆蓋原策略,124.0,0.8,D,突破不足,短均多頭,尚未形成乾淨突破，不急著升級。,v266.57.9,WATCH,0.55,0.35,0.75,9.87,351.0,最後後處理補寫：原分數+結構前置+續強品質+突破品質；不覆蓋原策略,0.0,,一般,8.093,v266.58.1,2026-10-01 01:22:38,觀察,0,-5,降級風險,前狀態:突破中→今日:觀察｜狀態降級,RISK,v266.60.2,6.343,30.0,0.0,0.0,15.0,4.922,730.0,20/40/60結構佳｜續強品質佳｜主力佈局語意｜風險語意扣分,過熱降權,v266.61,2026-10-01 01:22:44,8.0,洗盤不破承接,無事件,等待下一次確認。,6.84,555,v266.62,2026-10-01 01:22:46,24.0,0.0,18.0,0.0,-4.12,量能安靜｜洗盤整理不破｜主力吸籌文字確認,v266.68,2026-10-01 01:22:50,NOISE,雜訊：條件不足。,WATCH,384
2026-09-30,5201,WATCH,54,29.95,50以下,0.0,0,佈局觀察,波動壓縮 | 均線收斂 | 接近突破 | 結構尚可,True,False,False,True,False,True,11.0,A,起漲結構強,20D站上MA20｜MA20走平翻揚｜MA5站上MA10｜接近20日高｜40D平台收斂｜短中均線糾結｜40D低點守住｜接近/站回MA60｜MA60不再下彎｜站回60D區間中上,平台壓縮後轉強，可優先觀察起漲/試單。,v266.57.9,11.0,無原分數欄位｜僅顯示結構前置分數,137.0,9.2,A,續強品質強,回檔不破前低｜低點墊高確認｜收盤守MA5｜續強確認：收盤未跌破MA5｜回檔量縮｜MA5仍在MA10上｜仍站MA20,回檔承接尚可，若原策略入選，可優先觀察延續。,v266.57.9,9.65,0.55,0.5,GENERIC,測試排序分=原分數+結構前置分*策略權重+續強品質*策略權重；不覆蓋原策略,124.0,0.8,D,突破不足,短均多頭,尚未形成乾淨突破，不急著升級。,v266.57.9,WATCH,0.55,0.35,0.75,9.87,351.0,最後後處理補寫：原分數+結構前置+續強品質+突破品質；不覆蓋原策略,0.0,,一般,8.093,v266.58.1,2026-10-01 01:22:38,觀察,0,-5,降級風險,前狀態:突破中→今日:觀察｜狀態降級,RISK,v266.60.2,6.343,30.0,0.0,0.0,15.0,4.922,730.0,20/40/60結構佳｜續強品質佳｜主力佈局語意｜風險語意扣分,過熱降權,v266.61,2026-10-01 01:22:44,8.0,洗盤不破承接,無事件,等待下一次確認。,6.84,556,v266.62,2026-10-01 01:22:46,24.0,0.0,18.0,0.0,-4.12,量能安靜｜洗盤整理不破｜主力吸籌文字確認,v266.68,2026-10-01 01:22:50,NOISE,雜訊：條件不足。,WATCH,385
2026-09-30,6547,WATCH,54,62.4,50-100,0.0,0,佈局觀察,波動壓縮 | 均線收斂 | 接近突破 | 結構尚可,True,False,False,True,False,True,11.0,A,起漲結構強,20D站上MA20｜MA20走平翻揚｜MA5站上MA10｜接近20日高｜40D平台收斂｜短中均線糾結｜40D低點守住｜接近/站回MA60｜MA60不再下彎｜站回60D區間中上,平台壓縮後轉強，可優先觀察起漲/試單。,v266.57.9,11.0,無原分數欄位｜僅顯示結構前置分數,137.0,9.2,A,續強品質強,回檔不破前低｜低點墊高確認｜收盤守MA5｜續強確認：收盤未跌破MA5｜回檔量縮｜MA5仍在MA10上｜仍站MA20,回檔承接尚可，若原策略入選，可優先觀察延續。,v266.57.9,9.65,0.55,0.5,GENERIC,測試排序分=原分數+結構前置分*策略權重+續強品質*策略權重；不覆蓋原策略,124.0,0.8,D,突破不足,短均多頭,尚未形成乾淨突破，不急著升級。,v266.57.9,WATCH,0.55,0.35,0.75,9.87,351.0,最後後處理補寫：原分數+結構前置+續強品質+突破品質；不覆蓋原策略,0.0,,一般,8.093,v266.58.1,2026-10-01 01:22:38,觀察,0,-5,降級風險,前狀態:突破中→今日:觀察｜狀態降級,RISK,v266.60.2,6.343,30.0,0.0,0.0,15.0,4.922,730.0,20/40/60結構佳｜續強品質佳｜主力佈局語意｜風險語意扣分,過熱降權,v266.61,2026-10-01 01:22:44,8.0,洗盤不破承接,無事件,等待下一次確認。,6.84,557,v266.62,2026-10-01 01:22:46,24.0,0.0,18.0,0.0,-4.12,量能安靜｜洗盤整理不破｜主力吸籌文字確認,v266.68,2026-10-01 01:22:50,NOISE,雜訊：條件不足。,WATCH,386
2026-09-30,3623,WATCH,54,29.8,50以下,0.0,0,佈局觀察,波動壓縮 | 均線收斂 | 接近突破 | 結構尚可,True,False,False,True,False,True,11.0,A,起漲結構強,20D站上MA20｜MA20走平翻揚｜MA5站上MA10｜接近20日高｜40D平台收斂｜短中均線糾結｜40D低點守住｜接近/站回MA60｜MA60不再下彎｜站回60D區間中上,平台壓縮後轉強，可優先觀察起漲/試單。,v266.57.9,9.0,無原分數欄位｜僅顯示結構前置分數,391.0,9.2,A,續強品質強,回檔不破前低｜低點墊高確認｜收盤守MA5｜續強確認：收盤未跌破MA5｜回檔量縮｜MA5仍在MA10上｜仍站MA20,回檔承接尚可，若原策略入選，可優先觀察延續。,v266.57.9,7.8,0.55,0.5,GENERIC,測試排序分=原分數+結構前置分*策略權重+續強品質*策略權重；不覆蓋原策略,424.0,0.8,D,突破不足,短均多頭,尚未形成乾淨突破，不急著升級。,v266.57.9,WATCH,0.55,0.35,0.75,9.87,351.0,最後後處理補寫：原分數+結構前置+續強品質+突破品質；不覆蓋原策略,0.0,,一般,8.093,v266.58.1,2026-10-01 01:22:38,觀察,0,-5,降級風險,前狀態:突破中→今日:觀察｜狀態降級,RISK,v266.60.2,6.343,30.0,0.0,0.0,15.0,4.922,730.0,20/40/60結構佳｜續強品質佳｜主力佈局語意｜風險語意扣分,過熱降權,v266.61,2026-10-01 01:22:44,8.0,洗盤不破承接,無事件,等待下一次確認。,6.84,558,v266.62,2026-10-01 01:22:46,24.0,0.0,18.0,0.0,-4.12,量能安靜｜洗盤整理不破｜主力吸籌文字確認,v266.68,2026-10-01 01:22:50,NOISE,雜訊：條件不足。,WATCH,387
2026-09-30,5529,WATCH,54,26.45,50以下,0.0,0,佈局觀察,波動壓縮 | 均線收斂 | 接近突破 | 結構尚可,True,False,False,True,False,True,11.0,A,起漲結構強,20D站上MA20｜MA20走平翻揚｜MA5站上MA10｜接近20日高｜40D平台收斂｜短中均線糾結｜40D低點守住｜接近/站回MA60｜MA60不再下彎｜站回60D區間中上,平台壓縮後轉強，可優先觀察起漲/試單。,v266.57.9,11.0,無原分數欄位｜僅顯示結構前置分數,137.0,9.2,A,續強品質強,回檔不破前低｜低點墊高確認｜收盤守MA5｜續強確認：收盤未跌破MA5｜回檔量縮｜MA5仍在MA10上｜仍站MA20,回檔承接尚可，若原策略入選，可優先觀察延續。,v266.57.9,9.65,0.55,0.5,GENERIC,測試排序分=原分數+結構前置分*策略權重+續強品質*策略權重；不覆蓋原策略,124.0,0.8,D,突破不足,短均多頭,尚未形成乾淨突破，不急著升級。,v266.57.9,WATCH,0.55,0.35,0.75,9.87,351.0,最後後處理補寫：原分數+結構前置+續強品質+突破品質；不覆蓋原策略,0.0,,一般,8.093,v266.58.1,2026-10-01 01:22:38,觀察,0,-5,降級風險,前狀態:突破中→今日:觀察｜狀態降級,RISK,v266.60.2,6.343,30.0,0.0,0.0,15.0,4.922,730.0,20/40/60結構佳｜續強品質佳｜主力佈局語意｜風險語意扣分,過熱降權,v266.61,2026-10-01 01:22:44,8.0,洗盤不破承接,無事件,等待下一次確認。,6.84,559,v266.62,2026-10-01 01:22:46,24.0,0.0,18.0,0.0,-4.12,量能安靜｜洗盤整理不破｜主力吸籌文字確認,v266.68,2026-10-01 01:22:50,NOISE,雜訊：條件不足。,WATCH,388
2026-09-30,8443,WATCH,50,11.15,50以下,0.0,0,佈局觀察,洗盤收回 | 均線收斂 | 接近突破 | 結構尚可,False,False,True,True,False,True,10.0,A,起漲結構強,接近20日高｜40D平台收斂｜短中均線糾結｜40D低點守住｜接近/站回MA60｜MA60不再下彎｜近5日量縮｜量縮後溫和放量,平台壓縮後轉強，可優先觀察起漲/試單。,v266.57.9,10.0,無原分數欄位｜僅顯示結構前置分數,253.0,5.3,B,續強品質中,回檔不破前低｜低點墊高確認｜收盤守MA5｜回測守MA10,回檔承接尚可，若原策略入選，可優先觀察延續。,v266.57.9,7.25,0.55,0.5,GENERIC,測試排序分=原分數+結構前置分*策略權重+續強品質*策略權重；不覆蓋原策略,550.0,0.5,D,突破不足,收盤接近高點｜扣分:單日量能過猛,尚未形成乾淨突破，不急著升級。,v266.57.9,WATCH,0.55,0.35,0.75,7.73,631.0,最後後處理補寫：原分數+結構前置+續強品質+突破品質；不覆蓋原策略,0.0,,一般,6.339,v266.58.1,2026-10-01 01:22:38,觀察,0,0,持續觀察,前狀態:觀察→今日:觀察,NO,v266.60.2,6.339,30.0,0.0,0.0,0.0,11.134,516.0,20/40/60結構佳｜續強品質佳｜主力佈局語意,起漲前優先,v266.61,2026-10-01 01:22:44,8.0,洗盤不破承接,無事件,等待下一次確認。,6.837,560,v266.62,2026-10-01 01:22:46,24.0,0.0,18.0,0.0,-4.12,量能安靜｜洗盤整理不破｜主力吸籌文字確認,v266.68,2026-10-01 01:22:50,NOISE,雜訊：條件不足。,WATCH,389
2026-09-30,8341,WATCH,54,74.4,50-100,0.0,0,佈局觀察,波動壓縮 | 均線收斂 | 接近突破 | 結構尚可,True,False,False,True,False,True,8.8,A,起漲結構強,接近20日高｜40D平台收斂｜短中均線糾結｜40D低點守住｜接近/站回MA60｜量縮後溫和放量｜10D動能轉正,平台壓縮後轉強，可優先觀察起漲/試單。,v266.57.9,8.8,無原分數欄位｜僅顯示結構前置分數,522.0,7.8,A,續強品質強,回檔不破前低｜低點墊高確認｜收盤守MA5｜回測守MA10｜回檔量縮｜10D動能維持,回檔承接尚可，若原策略入選，可優先觀察延續。,v266.57.9,7.84,0.55,0.5,GENERIC,測試排序分=原分數+結構前置分*策略權重+續強品質*策略權重；不覆蓋原策略,419.0,0.2,D,突破不足,量能較前日放大｜扣分:收盤位置偏弱,尚未形成乾淨突破，不急著升級。,v266.57.9,WATCH,0.55,0.35,0.75,7.72,632.0,最後後處理補寫：原分數+結構前置+續強品質+突破品質；不覆蓋原策略,0.0,,一般,6.33,v266.58.1,2026-10-01 01:22:38,觀察,0,0,持續觀察,前狀態:觀察→今日:觀察,NO,v266.60.2,6.33,30.0,0.0,0.0,0.0,11.133,517.0,20/40/60結構佳｜續強品質佳｜主力佈局語意,起漲前優先,v266.61,2026-10-01 01:22:44,8.0,洗盤不破承接,無事件,等待下一次確認。,6.831,561,v266.62,2026-10-01 01:22:46,24.0,0.0,18.0,0.0,-4.12,量能安靜｜洗盤整理不破｜主力吸籌文字確認,v266.68,2026-10-01 01:22:50,NOISE,雜訊：條件不足。,WATCH,390
2026-09-30,6206,WATCH,54,139.5,100-500,0.0,0,佈局觀察,波動壓縮 | 均線收斂 | 接近突破 | 結構尚可,True,False,False,True,False,True,11.8,A,起漲結構強,20D站上MA20｜MA20走平翻揚｜MA5站上MA10｜接近20日高｜40D平台收斂｜短中均線糾結｜40D低點守住｜接近/站回MA60｜MA60不再下彎｜站回60D區間中上｜10D動能轉正,平台壓縮後轉強，可優先觀察起漲/試單。,v266.57.9,11.8,無原分數欄位｜僅顯示結構前置分數,85.0,10.0,A,續強品質強,回檔不破前低｜低點墊高確認｜收盤守MA5｜回測守MA10｜回檔量縮｜MA5仍在MA10上｜仍站MA20｜10D動能維持,回檔承接尚可，若原策略入選，可優先觀察延續。,v266.57.9,10.59,0.55,0.5,GENERIC,測試排序分=原分數+結構前置分*策略權重+續強品質*策略權重；不覆蓋原策略,26.0,-0.2,D,突破不足,短均多頭｜扣分:收盤位置偏弱,尚未形成乾淨突破，不急著升級。,v266.57.9,WATCH,0.55,0.35,0.75,9.84,358.0,最後後處理補寫：原分數+結構前置+續強品質+突破品質；不覆蓋原策略,0.0,,一般,8.069,v266.58.1,2026-10-01 01:22:38,觀察,0,-5,降級風險,前狀態:突破中→今日:觀察｜狀態降級,RISK,v266.60.2,6.319,30.0,0.0,0.0,15.0,4.919,736.0,20/40/60結構佳｜續強品質佳｜主力佈局語意｜風險語意扣分,過熱降權,v266.61,2026-10-01 01:22:44,8.0,洗盤不破承接,無事件,等待下一次確認。,6.823,562,v266.62,2026-10-01 01:22:46,24.0,0.0,18.0,0.0,-4.12,量能安靜｜洗盤整理不破｜主力吸籌文字確認,v266.68,2026-10-01 01:22:50,NOISE,雜訊：條件不足。,WATCH,391
2026-09-30,8289,WATCH,54,46.4,50以下,0.0,0,佈局觀察,波動壓縮 | 均線收斂 | 接近突破 | 結構尚可,True,False,False,True,False,True,8.0,A,起漲結構強,20D站上MA20｜MA20走平翻揚｜MA5站上MA10｜接近20日高｜40D平台收斂｜短中均線糾結｜接近/站回MA60,平台壓縮後轉強，可優先觀察起漲/試單。,v266.57.9,8.0,無原分數欄位｜僅顯示結構前置分數,556.0,7.7,A,續強品質強,回檔不破前低｜低點墊高確認｜收盤守MA5｜續強確認：收盤未跌破MA5｜MA5仍在MA10上｜仍站MA20,回檔承接尚可，若原策略入選，可優先觀察延續。,v266.57.9,7.25,0.55,0.5,GENERIC,測試排序分=原分數+結構前置分*策略權重+續強品質*策略權重；不覆蓋原策略,550.0,0.8,D,突破不足,短均多頭,尚未形成乾淨突破，不急著升級。,v266.57.9,WATCH,0.55,0.35,0.75,7.695,636.0,最後後處理補寫：原分數+結構前置+續強品質+突破品質；不覆蓋原策略,0.0,,一般,6.31,v266.58.1,2026-10-01 01:22:38,觀察,0,0,持續觀察,前狀態:觀察→今日:觀察,NO,v266.60.2,6.31,30.0,0.0,0.0,0.0,11.131,518.0,20/40/60結構佳｜續強品質佳｜主力佈局語意,起漲前優先,v266.61,2026-10-01 01:22:44,8.0,洗盤不破承接,無事件,等待下一次確認。,6.817,563,v266.62,2026-10-01 01:22:46,24.0,0.0,18.0,0.0,-4.12,量能安靜｜洗盤整理不破｜主力吸籌文字確認,v266.68,2026-10-01 01:22:50,NOISE,雜訊：條件不足。,WATCH,392
2026-09-30,3485,WATCH,54,209.0,100-500,0.0,0,佈局觀察,波動壓縮 | 均線收斂 | 接近突破 | 結構尚可,True,False,False,True,False,True,8.0,A,起漲結構強,20D站上MA20｜MA20走平翻揚｜MA5站上MA10｜接近20日高｜40D平台收斂｜短中均線糾結｜接近/站回MA60,平台壓縮後轉強，可優先觀察起漲/試單。,v266.57.9,6.0,無原分數欄位｜僅顯示結構前置分數,828.0,7.7,A,續強品質強,回檔不破前低｜低點墊高確認｜收盤守MA5｜續強確認：收盤未跌破MA5｜MA5仍在MA10上｜仍站MA20,回檔承接尚可，若原策略入選，可優先觀察延續。,v266.57.9,5.4,0.55,0.5,GENERIC,測試排序分=原分數+結構前置分*策略權重+續強品質*策略權重；不覆蓋原策略,840.0,0.8,D,突破不足,短均多頭,尚未形成乾淨突破，不急著升級。,v266.57.9,WATCH,0.55,0.35,0.75,7.695,636.0,最後後處理補寫：原分數+結構前置+續強品質+突破品質；不覆蓋原策略,0.0,,一般,6.31,v266.58.1,2026-10-01 01:22:38,觀察,0,0,持續觀察,前狀態:觀察→今日:觀察,NO,v266.60.2,6.31,30.0,0.0,0.0,0.0,11.131,518.0,20/40/60結構佳｜續強品質佳｜主力佈局語意,起漲前優先,v266.61,2026-10-01 01:22:44,8.0,洗盤不破承接,無事件,等待下一次確認。,6.817,564,v266.62,2026-10-01 01:22:46,24.0,0.0,18.0,0.0,-4.12,量能安靜｜洗盤整理不破｜主力吸籌文字確認,v266.68,2026-10-01 01:22:50,NOISE,雜訊：條件不足。,WATCH,393
2026-09-30,5309,WATCH,54,62.7,50-100,0.0,0,佈局觀察,安靜吸籌 | 均線收斂 | 接近突破 | 結構尚可,False,True,False,True,False,True,8.0,A,起漲結構強,20D站上MA20｜MA5站上MA10｜接近20日高｜40D平台收斂｜短中均線糾結｜接近/站回MA60｜站回60D區間中上,平台壓縮後轉強，可優先觀察起漲/試單。,v266.57.9,8.0,無原分數欄位｜僅顯示結構前置分數,556.0,7.7,A,續強品質強,回檔不破前低｜低點墊高確認｜收盤守MA5｜續強確認：收盤未跌破MA5｜MA5仍在MA10上｜仍站MA20,回檔承接尚可，若原策略入選，可優先觀察延續。,v266.57.9,7.25,0.55,0.5,GENERIC,測試排序分=原分數+結構前置分*策略權重+續強品質*策略權重；不覆蓋原策略,550.0,0.8,D,突破不足,短均多頭,尚未形成乾淨突破，不急著升級。,v266.57.9,WATCH,0.55,0.35,0.75,7.695,636.0,最後後處理補寫：原分數+結構前置+續強品質+突破品質；不覆蓋原策略,0.0,,一般,6.31,v266.58.1,2026-10-01 01:22:38,觀察,0,0,持續觀察,前狀態:觀察→今日:觀察,NO,v266.60.2,6.31,30.0,0.0,0.0,0.0,11.131,518.0,20/40/60結構佳｜續強品質佳｜主力佈局語意,起漲前優先,v266.61,2026-10-01 01:22:44,8.0,洗盤不破承接,無事件,等待下一次確認。,6.817,565,v266.62,2026-10-01 01:22:46,24.0,0.0,18.0,0.0,-4.12,量能安靜｜洗盤整理不破｜主力吸籌文字確認,v266.68,2026-10-01 01:22:50,NOISE,雜訊：條件不足。,WATCH,394
2026-09-30,3288,WATCH,54,21.2,50以下,0.0,0,佈局觀察,波動壓縮 | 均線收斂 | 接近突破 | 結構尚可,True,False,False,True,False,True,8.0,A,起漲結構強,20D站上MA20｜MA20走平翻揚｜MA5站上MA10｜40D平台收斂｜短中均線糾結｜接近/站回MA60｜MA60不再下彎,平台壓縮後轉強，可優先觀察起漲/試單。,v266.57.9,8.0,無原分數欄位｜僅顯示結構前置分數,556.0,7.7,A,續強品質強,回檔不破前低｜低點墊高確認｜收盤守MA5｜續強確認：收盤未跌破MA5｜MA5仍在MA10上｜仍站MA20,回檔承接尚可，若原策略入選，可優先觀察延續。,v266.57.9,7.25,0.55,0.5,GENERIC,測試排序分=原分數+結構前置分*策略權重+續強品質*策略權重；不覆蓋原策略,550.0,0.8,D,突破不足,短均多頭,尚未形成乾淨突破，不急著升級。,v266.57.9,WATCH,0.55,0.35,0.75,7.695,636.0,最後後處理補寫：原分數+結構前置+續強品質+突破品質；不覆蓋原策略,0.0,,一般,6.31,v266.58.1,2026-10-01 01:22:38,觀察,0,0,持續觀察,前狀態:觀察→今日:觀察,NO,v266.60.2,6.31,30.0,0.0,0.0,0.0,11.131,518.0,20/40/60結構佳｜續強品質佳｜主力佈局語意,起漲前優先,v266.61,2026-10-01 01:22:44,8.0,洗盤不破承接,無事件,等待下一次確認。,6.817,566,v266.62,2026-10-01 01:22:46,24.0,0.0,18.0,0.0,-4.12,量能安靜｜洗盤整理不破｜主力吸籌文字確認,v266.68,2026-10-01 01:22:50,NOISE,雜訊：條件不足。,WATCH,395
2026-09-30,8099,WATCH,54,59.6,50-100,0.0,0,佈局觀察,波動壓縮 | 均線收斂 | 接近突破 | 結構尚可,True,False,False,True,False,True,12.0,A,起漲結構強,20D站上MA20｜MA20走平翻揚｜MA5站上MA10｜接近20日高｜40D平台收斂｜短中均線糾結｜40D低點守住｜接近/站回MA60｜MA60不再下彎｜站回60D區間中上｜近5日量縮,平台壓縮後轉強，可優先觀察起漲/試單。,v266.57.9,12.0,無原分數欄位｜僅顯示結構前置分數,1.0,7.5,A,續強品質強,回檔不破前低｜低點墊高確認｜收盤守MA5｜回測守MA10｜MA5仍在MA10上｜仍站MA20,回檔承接尚可，若原策略入選，可優先觀察延續。,v266.57.9,9.45,0.55,0.5,GENERIC,測試排序分=原分數+結構前置分*策略權重+續強品質*策略權重；不覆蓋原策略,143.0,0.8,D,突破不足,短均多頭,尚未形成乾淨突破，不急著升級。,v266.57.9,WATCH,0.55,0.35,0.75,9.825,359.0,最後後處理補寫：原分數+結構前置+續強品質+突破品質；不覆蓋原策略,0.0,,一般,8.056,v266.58.1,2026-10-01 01:22:38,觀察,0,-5,降級風險,前狀態:突破中→今日:觀察｜狀態降級,RISK,v266.60.2,6.306,30.0,0.0,0.0,15.0,4.918,737.0,20/40/60結構佳｜續強品質佳｜主力佈局語意｜風險語意扣分,過熱降權,v266.61,2026-10-01 01:22:44,8.0,洗盤不破承接,無事件,等待下一次確認。,6.814,567,v266.62,2026-10-01 01:22:46,24.0,0.0,18.0,0.0,-4.12,量能安靜｜洗盤整理不破｜主力吸籌文字確認,v266.68,2026-10-01 01:22:50,NOISE,雜訊：條件不足。,WATCH,396
2026-09-30,4930,WATCH,54,15.9,50以下,0.0,0,佈局觀察,波動壓縮 | 均線收斂 | 接近突破 | 結構尚可,True,False,False,True,False,True,7.8,B,起漲結構中,接近20日高｜40D平台收斂｜短中均線糾結｜40D低點守住｜接近/站回MA60｜近5日量縮｜10D動能轉正,平台壓縮後轉強，可優先觀察起漲/試單。,v266.57.9,7.8,無原分數欄位｜僅顯示結構前置分數,678.0,6.5,B,續強品質中,回檔不破前低｜低點墊高確認｜收盤守MA5｜續強確認：收盤未跌破MA5｜10D動能維持,回檔承接尚可，若原策略入選，可優先觀察延續。,v266.57.9,6.54,0.55,0.5,GENERIC,測試排序分=原分數+結構前置分*策略權重+續強品質*策略權重；不覆蓋原策略,678.0,1.5,D,突破不足,收盤接近高點,尚未形成乾淨突破，不急著升級。,v266.57.9,WATCH,0.55,0.35,0.75,7.69,640.0,最後後處理補寫：原分數+結構前置+續強品質+突破品質；不覆蓋原策略,0.0,,一般,6.306,v266.58.1,2026-10-01 01:22:38,觀察,0,0,持續觀察,前狀態:觀察→今日:觀察,NO,v266.60.2,6.306,30.0,0.0,0.0,0.0,11.131,518.0,20/40/60結構佳｜續強品質佳｜主力佈局語意,起漲前優先,v266.61,2026-10-01 01:22:44,8.0,洗盤不破承接,無事件,等待下一次確認。,6.814,568,v266.62,2026-10-01 01:22:46,24.0,0.0,18.0,0.0,-4.12,量能安靜｜洗盤整理不破｜主力吸籌文字確認,v266.68,2026-10-01 01:22:50,NOISE,雜訊：條件不足。,WATCH,397
2026-09-30,1537,WATCH,54,115.0,100-500,0.0,0,佈局觀察,波動壓縮 | 均線收斂 | 接近突破 | 結構尚可,True,False,False,True,False,True,8.0,A,起漲結構強,接近20日高｜40D平台收斂｜短中均線糾結｜40D低點守住｜近5日量縮｜量縮後溫和放量,平台壓縮後轉強，可優先觀察起漲/試單。,v266.57.9,8.0,無原分數欄位｜僅顯示結構前置分數,556.0,6.8,B,續強品質中,回檔不破前低｜低點墊高確認｜收盤守MA5｜回測守MA10｜回檔量縮,回檔承接尚可，若原策略入選，可優先觀察延續。,v266.57.9,6.9,0.55,0.5,GENERIC,測試排序分=原分數+結構前置分*策略權重+續強品質*策略權重；不覆蓋原策略,592.0,1.2,D,突破不足,量能較前日放大,尚未形成乾淨突破，不急著升級。,v266.57.9,WATCH,0.55,0.35,0.75,7.68,641.0,最後後處理補寫：原分數+結構前置+續強品質+突破品質；不覆蓋原策略,0.0,,一般,6.298,v266.58.1,2026-10-01 01:22:38,觀察,0,0,持續觀察,前狀態:觀察→今日:觀察,NO,v266.60.2,6.298,30.0,0.0,0.0,0.0,11.13,523.0,20/40/60結構佳｜續強品質佳｜主力佈局語意,起漲前優先,v266.61,2026-10-01 01:22:44,8.0,洗盤不破承接,無事件,等待下一次確認。,6.809,569,v266.62,2026-10-01 01:22:46,24.0,0.0,18.0,0.0,-4.12,量能安靜｜洗盤整理不破｜主力吸籌文字確認,v266.68,2026-10-01 01:22:50,NOISE,雜訊：條件不足。,WATCH,398
2026-09-30,9928,WATCH,54,17.75,50以下,0.0,0,佈局觀察,波動壓縮 | 均線收斂 | 接近突破 | 結構尚可,True,False,False,True,False,True,9.6,A,起漲結構強,20D站上MA20｜接近20日高｜40D平台收斂｜短中均線糾結｜40D低點守住｜接近/站回MA60｜近5日量縮｜5D動能轉正｜10D動能轉正,平台壓縮後轉強，可優先觀察起漲/試單。,v266.57.9,9.6,無原分數欄位｜僅顯示結構前置分數,365.0,9.0,A,續強品質強,回檔不破前低｜低點墊高確認｜收盤守MA5｜續強確認：收盤未跌破MA5｜回檔量縮｜仍站MA20｜10D動能維持,回檔承接尚可，若原策略入選，可優先觀察延續。,v266.57.9,8.78,0.55,0.5,GENERIC,測試排序分=原分數+結構前置分*策略權重+續強品質*策略權重；不覆蓋原策略,255.0,-1.0,D,突破不足,扣分:收盤位置偏弱,尚未形成乾淨突破，不急著升級。,v266.57.9,WATCH,0.55,0.35,0.75,7.68,641.0,最後後處理補寫：原分數+結構前置+續強品質+突破品質；不覆蓋原策略,0.0,,一般,6.298,v266.58.1,2026-10-01 01:22:38,觀察,0,0,持續觀察,前狀態:觀察→今日:觀察,NO,v266.60.2,6.298,30.0,0.0,0.0,0.0,11.13,523.0,20/40/60結構佳｜續強品質佳｜主力佈局語意,起漲前優先,v266.61,2026-10-01 01:22:44,8.0,洗盤不破承接,無事件,等待下一次確認。,6.809,570,v266.62,2026-10-01 01:22:46,24.0,0.0,18.0,0.0,-4.12,量能安靜｜洗盤整理不破｜主力吸籌文字確認,v266.68,2026-10-01 01:22:50,NOISE,雜訊：條件不足。,WATCH,399
2026-09-30,6625,WATCH,54,74.0,50-100,0.0,0,佈局觀察,波動壓縮 | 均線收斂 | 接近突破 | 結構尚可,True,False,False,True,False,True,6.8,B,起漲結構中,接近20日高｜40D平台收斂｜短中均線糾結｜40D低點守住｜接近/站回MA60｜10D動能轉正,平台壓縮後轉強，可優先觀察起漲/試單。,v266.57.9,6.8,無原分數欄位｜僅顯示結構前置分數,813.0,8.0,A,續強品質強,回檔不破前低｜低點墊高確認｜收盤守MA5｜續強確認：收盤未跌破MA5｜回檔量縮｜10D動能維持,回檔承接尚可，若原策略入選，可優先觀察延續。,v266.57.9,6.74,0.55,0.5,GENERIC,測試排序分=原分數+結構前置分*策略權重+續強品質*策略權重；不覆蓋原策略,640.0,1.5,D,突破不足,收盤接近高點,尚未形成乾淨突破，不急著升級。,v266.57.9,WATCH,0.55,0.35,0.75,7.665,643.0,最後後處理補寫：原分數+結構前置+續強品質+突破品質；不覆蓋原策略,0.0,,一般,6.285,v266.58.1,2026-10-01 01:22:38,觀察,0,0,持續觀察,前狀態:觀察→今日:觀察,NO,v266.60.2,6.285,30.0,0.0,0.0,0.0,11.128,525.0,20/40/60結構佳｜續強品質佳｜主力佈局語意,起漲前優先,v266.61,2026-10-01 01:22:44,8.0,洗盤不破承接,無事件,等待下一次確認。,6.8,571,v266.62,2026-10-01 01:22:46,24.0,0.0,18.0,0.0,-4.12,量能安靜｜洗盤整理不破｜主力吸籌文字確認,v266.68,2026-10-01 01:22:50,NOISE,雜訊：條件不足。,WATCH,400
2026-09-30,7703,WATCH,54,201.5,100-500,0.0,0,佈局觀察,波動壓縮 | 均線收斂 | 接近突破 | 結構尚可,True,False,False,True,False,True,11.0,A,起漲結構強,20D站上MA20｜MA20走平翻揚｜MA5站上MA10｜接近20日高｜40D平台收斂｜短中均線糾結｜40D低點守住｜接近/站回MA60｜MA60不再下彎｜站回60D區間中上,平台壓縮後轉強，可優先觀察起漲/試單。,v266.57.9,9.0,無原分數欄位｜僅顯示結構前置分數,391.0,9.0,A,續強品質強,回檔不破前低｜低點墊高確認｜收盤守MA5｜回測守MA10｜回檔量縮｜MA5仍在MA10上｜仍站MA20,回檔承接尚可，若原策略入選，可優先觀察延續。,v266.57.9,7.8,0.55,0.5,GENERIC,測試排序分=原分數+結構前置分*策略權重+續強品質*策略權重；不覆蓋原策略,424.0,0.8,D,突破不足,短均多頭,尚未形成乾淨突破，不急著升級。,v266.57.9,WATCH,0.55,0.35,0.75,9.8,361.0,最後後處理補寫：原分數+結構前置+續強品質+突破品質；不覆蓋原策略,0.0,,一般,8.036,v266.58.1,2026-10-01 01:22:38,觀察,0,-5,降級風險,前狀態:突破中→今日:觀察｜狀態降級,RISK,v266.60.2,6.286,30.0,0.0,0.0,15.0,4.916,738.0,20/40/60結構佳｜續強品質佳｜主力佈局語意｜風險語意扣分,過熱降權,v266.61,2026-10-01 01:22:44,8.0,洗盤不破承接,無事件,等待下一次確認。,6.8,572,v266.62,2026-10-01 01:22:46,24.0,0.0,18.0,0.0,-4.12,量能安靜｜洗盤整理不破｜主力吸籌文字確認,v266.68,2026-10-01 01:22:50,NOISE,雜訊：條件不足。,WATCH,401
2026-09-30,5206,WATCH,54,22.7,50以下,0.0,0,佈局觀察,波動壓縮 | 均線收斂 | 接近突破 | 結構尚可,True,False,False,True,False,True,11.0,A,起漲結構強,20D站上MA20｜MA20走平翻揚｜MA5站上MA10｜40D平台收斂｜短中均線糾結｜40D低點守住｜接近/站回MA60｜MA60不再下彎｜站回60D區間中上｜近5日量縮,平台壓縮後轉強，可優先觀察起漲/試單。,v266.57.9,11.0,無原分數欄位｜僅顯示結構前置分數,137.0,9.0,A,續強品質強,回檔不破前低｜低點墊高確認｜收盤守MA5｜回測守MA10｜回檔量縮｜MA5仍在MA10上｜仍站MA20,回檔承接尚可，若原策略入選，可優先觀察延續。,v266.57.9,9.65,0.55,0.5,GENERIC,測試排序分=原分數+結構前置分*策略權重+續強品質*策略權重；不覆蓋原策略,124.0,0.8,D,突破不足,短均多頭,尚未形成乾淨突破，不急著升級。,v266.57.9,WATCH,0.55,0.35,0.75,9.8,361.0,最後後處理補寫：原分數+結構前置+續強品質+突破品質；不覆蓋原策略,0.0,,一般,8.036,v266.58.1,2026-10-01 01:22:38,觀察,0,-5,降級風險,前狀態:突破中→今日:觀察｜狀態降級,RISK,v266.60.2,6.286,30.0,0.0,0.0,15.0,4.916,738.0,20/40/60結構佳｜續強品質佳｜主力佈局語意｜風險語意扣分,過熱降權,v266.61,2026-10-01 01:22:44,8.0,洗盤不破承接,無事件,等待下一次確認。,6.8,573,v266.62,2026-10-01 01:22:46,24.0,0.0,18.0,0.0,-4.12,量能安靜｜洗盤整理不破｜主力吸籌文字確認,v266.68,2026-10-01 01:22:50,NOISE,雜訊：條件不足。,WATCH,402
2026-09-30,4938,WATCH,58,89.8,50-100,0.0,0,佈局觀察,波動壓縮 | 安靜吸籌 | 均線收斂 | 結構尚可,True,True,False,True,False,False,11.0,A,起漲結構強,MA20走平翻揚｜MA5站上MA10｜40D平台收斂｜短中均線糾結｜40D低點守住｜接近/站回MA60｜MA60不再下彎｜站回60D區間中上｜量縮後溫和放量,平台壓縮後轉強，可優先觀察起漲/試單。,v266.57.9,11.0,無原分數欄位｜僅顯示結構前置分數,137.0,5.0,B,續強品質中,回檔不破前低｜低點墊高確認｜回測守MA10｜MA5仍在MA10上,回檔承接尚可，若原策略入選，可優先觀察延續。,v266.57.9,8.05,0.55,0.5,GENERIC,測試排序分=原分數+結構前置分*策略權重+續強品質*策略權重；不覆蓋原策略,364.0,-0.2,D,突破不足,短均多頭｜扣分:收盤位置偏弱,尚未形成乾淨突破，不急著升級。,v266.57.9,WATCH,0.55,0.35,0.75,7.65,644.0,最後後處理補寫：原分數+結構前置+續強品質+突破品質；不覆蓋原策略,0.0,,一般,6.273,v266.58.1,2026-10-01 01:22:38,觀察,0,0,持續觀察,前狀態:觀察→今日:觀察,NO,v266.60.2,6.273,30.0,0.0,0.0,0.0,11.127,526.0,20/40/60結構佳｜續強品質佳｜主力佈局語意,起漲前優先,v266.61,2026-10-01 01:22:44,8.0,洗盤不破承接,無事件,等待下一次確認。,6.791,574,v266.62,2026-10-01 01:22:46,24.0,0.0,18.0,0.0,-4.12,量能安靜｜洗盤整理不破｜主力吸籌文字確認,v266.68,2026-10-01 01:22:50,NOISE,雜訊：條件不足。,WATCH,403
2026-09-30,3152,WATCH,54,231.0,100-500,0.0,0,佈局觀察,波動壓縮 | 均線收斂 | 接近突破 | 結構尚可,True,False,False,True,False,True,8.0,A,起漲結構強,20D站上MA20｜MA20走平翻揚｜MA5站上MA10｜40D平台收斂｜短中均線糾結｜40D低點守住｜接近/站回MA60,平台壓縮後轉強，可優先觀察起漲/試單。,v266.57.9,6.0,無原分數欄位｜僅顯示結構前置分數,828.0,7.5,A,續強品質強,回檔不破前低｜低點墊高確認｜收盤守MA5｜回測守MA10｜MA5仍在MA10上｜仍站MA20,回檔承接尚可，若原策略入選，可優先觀察延續。,v266.57.9,5.4,0.55,0.5,GENERIC,測試排序分=原分數+結構前置分*策略權重+續強品質*策略權重；不覆蓋原策略,840.0,0.8,D,突破不足,短均多頭,尚未形成乾淨突破，不急著升級。,v266.57.9,WATCH,0.55,0.35,0.75,7.625,647.0,最後後處理補寫：原分數+結構前置+續強品質+突破品質；不覆蓋原策略,0.0,,一般,6.252,v266.58.1,2026-10-01 01:22:38,觀察,0,0,持續觀察,前狀態:觀察→今日:觀察,NO,v266.60.2,6.252,30.0,0.0,0.0,0.0,11.125,527.0,20/40/60結構佳｜續強品質佳｜主力佈局語意,起漲前優先,v266.61,2026-10-01 01:22:44,8.0,洗盤不破承接,無事件,等待下一次確認。,6.776,575,v266.62,2026-10-01 01:22:46,24.0,0.0,18.0,0.0,-4.12,量能安靜｜洗盤整理不破｜主力吸籌文字確認,v266.68,2026-10-01 01:22:50,NOISE,雜訊：條件不足。,WATCH,404
2026-09-30,2066,WATCH,54,52.2,50-100,0.0,0,佈局觀察,波動壓縮 | 均線收斂 | 接近突破 | 結構尚可,True,False,False,True,False,True,9.0,A,起漲結構強,MA20走平翻揚｜MA5站上MA10｜接近20日高｜40D平台收斂｜短中均線糾結｜40D低點守住｜接近/站回MA60｜近5日量縮,平台壓縮後轉強，可優先觀察起漲/試單。,v266.57.9,7.0,無原分數欄位｜僅顯示結構前置分數,710.0,8.0,A,續強品質強,回檔不破前低｜低點墊高確認｜收盤守MA5｜回測守MA10｜回檔量縮｜MA5仍在MA10上,回檔承接尚可，若原策略入選，可優先觀察延續。,v266.57.9,6.2,0.55,0.5,GENERIC,測試排序分=原分數+結構前置分*策略權重+續強品質*策略權重；不覆蓋原策略,715.0,-0.2,D,突破不足,短均多頭｜扣分:收盤位置偏弱,尚未形成乾淨突破，不急著升級。,v266.57.9,WATCH,0.55,0.35,0.75,7.6,650.0,最後後處理補寫：原分數+結構前置+續強品質+突破品質；不覆蓋原策略,0.0,,一般,6.232,v266.58.1,2026-10-01 01:22:38,觀察,0,0,持續觀察,前狀態:觀察→今日:觀察,NO,v266.60.2,6.232,30.0,0.0,0.0,0.0,11.123,528.0,20/40/60結構佳｜續強品質佳｜主力佈局語意,起漲前優先,v266.61,2026-10-01 01:22:44,8.0,洗盤不破承接,無事件,等待下一次確認。,6.762,576,v266.62,2026-10-01 01:22:46,24.0,0.0,18.0,0.0,-4.12,量能安靜｜洗盤整理不破｜主力吸籌文字確認,v266.68,2026-10-01 01:22:50,NOISE,雜訊：條件不足。,WATCH,405
2026-09-30,6846,WATCH,54,58.5,50-100,0.0,0,佈局觀察,波動壓縮 | 均線收斂 | 接近突破 | 結構尚可,True,False,False,True,False,True,9.0,A,起漲結構強,MA20走平翻揚｜MA5站上MA10｜接近20日高｜40D平台收斂｜短中均線糾結｜40D低點守住｜接近/站回MA60｜近5日量縮,平台壓縮後轉強，可優先觀察起漲/試單。,v266.57.9,9.0,無原分數欄位｜僅顯示結構前置分數,391.0,8.0,A,續強品質強,回檔不破前低｜低點墊高確認｜收盤守MA5｜回測守MA10｜回檔量縮｜MA5仍在MA10上,回檔承接尚可，若原策略入選，可優先觀察延續。,v266.57.9,8.05,0.55,0.5,GENERIC,測試排序分=原分數+結構前置分*策略權重+續強品質*策略權重；不覆蓋原策略,364.0,-0.2,D,突破不足,短均多頭｜扣分:收盤位置偏弱,尚未形成乾淨突破，不急著升級。,v266.57.9,WATCH,0.55,0.35,0.75,7.6,650.0,最後後處理補寫：原分數+結構前置+續強品質+突破品質；不覆蓋原策略,0.0,,一般,6.232,v266.58.1,2026-10-01 01:22:38,觀察,0,0,持續觀察,前狀態:觀察→今日:觀察,NO,v266.60.2,6.232,30.0,0.0,0.0,0.0,11.123,528.0,20/40/60結構佳｜續強品質佳｜主力佈局語意,起漲前優先,v266.61,2026-10-01 01:22:44,8.0,洗盤不破承接,無事件,等待下一次確認。,6.762,577,v266.62,2026-10-01 01:22:46,24.0,0.0,18.0,0.0,-4.12,量能安靜｜洗盤整理不破｜主力吸籌文字確認,v266.68,2026-10-01 01:22:50,NOISE,雜訊：條件不足。,WATCH,406
2026-09-30,6195,WATCH,54,28.25,50以下,0.0,0,佈局觀察,波動壓縮 | 均線收斂 | 接近突破 | 結構尚可,True,False,False,True,False,True,11.0,A,起漲結構強,20D站上MA20｜MA20走平翻揚｜MA5站上MA10｜接近20日高｜40D平台收斂｜短中均線糾結｜40D低點守住｜接近/站回MA60｜MA60不再下彎｜站回60D區間中上,平台壓縮後轉強，可優先觀察起漲/試單。,v266.57.9,11.0,無原分數欄位｜僅顯示結構前置分數,137.0,7.7,A,續強品質強,回檔不破前低｜低點墊高確認｜收盤守MA5｜續強確認：收盤未跌破MA5｜MA5仍在MA10上｜仍站MA20,回檔承接尚可，若原策略入選，可優先觀察延續。,v266.57.9,8.9,0.55,0.5,GENERIC,測試排序分=原分數+結構前置分*策略權重+續強品質*策略權重；不覆蓋原策略,216.0,1.3,D,突破不足,突破近5日高｜短均多頭｜扣分:收盤位置偏弱,尚未形成乾淨突破，不急著升級。,v266.57.9,WATCH,0.55,0.35,0.75,9.72,366.0,最後後處理補寫：原分數+結構前置+續強品質+突破品質；不覆蓋原策略,0.0,,一般,7.97,v266.58.1,2026-10-01 01:22:38,觀察,0,-5,降級風險,前狀態:突破中→今日:觀察｜狀態降級,RISK,v266.60.2,6.22,30.0,0.0,0.0,15.0,4.91,740.0,20/40/60結構佳｜續強品質佳｜主力佈局語意｜風險語意扣分,過熱降權,v266.61,2026-10-01 01:22:44,8.0,洗盤不破承接,無事件,等待下一次確認。,6.754,578,v266.62,2026-10-01 01:22:46,24.0,0.0,18.0,0.0,-4.12,量能安靜｜洗盤整理不破｜主力吸籌文字確認,v266.68,2026-10-01 01:22:50,NOISE,雜訊：條件不足。,WATCH,407
2026-09-30,3390,WATCH,54,22.6,50以下,0.0,0,佈局觀察,波動壓縮 | 均線收斂 | 接近突破 | 結構尚可,True,False,False,True,False,True,8.0,A,起漲結構強,20D站上MA20｜MA20走平翻揚｜接近20日高｜40D平台收斂｜短中均線糾結｜40D低點守住｜接近/站回MA60,平台壓縮後轉強，可優先觀察起漲/試單。,v266.57.9,8.0,無原分數欄位｜僅顯示結構前置分數,556.0,6.5,B,續強品質中,回檔不破前低｜低點墊高確認｜收盤守MA5｜續強確認：收盤未跌破MA5｜仍站MA20,回檔承接尚可，若原策略入選，可優先觀察延續。,v266.57.9,6.65,0.55,0.5,GENERIC,測試排序分=原分數+結構前置分*策略權重+續強品質*策略權重；不覆蓋原策略,660.0,1.2,D,突破不足,MA5加速上彎,尚未形成乾淨突破，不急著升級。,v266.57.9,WATCH,0.55,0.35,0.75,7.575,652.0,最後後處理補寫：原分數+結構前置+續強品質+突破品質；不覆蓋原策略,0.0,,一般,6.212,v266.58.1,2026-10-01 01:22:38,觀察,0,0,持續觀察,前狀態:觀察→今日:觀察,NO,v266.60.2,6.212,30.0,0.0,0.0,0.0,11.121,530.0,20/40/60結構佳｜續強品質佳｜主力佈局語意,起漲前優先,v266.61,2026-10-01 01:22:44,8.0,洗盤不破承接,無事件,等待下一次確認。,6.748,579,v266.62,2026-10-01 01:22:46,24.0,0.0,18.0,0.0,-4.12,量能安靜｜洗盤整理不破｜主力吸籌文字確認,v266.68,2026-10-01 01:22:50,NOISE,雜訊：條件不足。,WATCH,408
2019-01-29,1704,WATCH,54,53.1,50-100,0.0,0,佈局觀察,波動壓縮 | 均線收斂 | 接近突破 | 結構尚可,True,False,False,True,False,True,12.0,A,起漲結構強,20D站上MA20｜MA20走平翻揚｜MA5站上MA10｜接近20日高｜40D平台收斂｜短中均線糾結｜40D低點守住｜接近/站回MA60｜MA60不再下彎｜站回60D區間中上｜5D動能轉正｜10D動能轉正,平台壓縮後轉強，可優先觀察起漲/試單。,v266.57.9,12.0,無原分數欄位｜僅顯示結構前置分數,1.0,8.7,A,續強品質強,回檔不破前低｜低點墊高確認｜收盤守MA5｜續強確認：收盤未跌破MA5｜MA5仍在MA10上｜仍站MA20｜10D動能維持,回檔承接尚可，若原策略入選，可優先觀察延續。,v266.57.9,9.95,0.55,0.5,GENERIC,測試排序分=原分數+結構前置分*策略權重+續強品質*策略權重；不覆蓋原策略,51.0,,,,,,,WATCH,0.55,0.35,0.75,9.645,372.0,最後後處理補寫：原分數+結構前置+續強品質+突破品質；不覆蓋原策略,0.0,,一般,7.909,v266.58.1,2026-10-01 01:22:38,觀察,0,-5,降級風險,前狀態:突破中→今日:觀察｜狀態降級,RISK,v266.60.2,6.159,30.0,0.0,0.0,15.0,4.903,741.0,20/40/60結構佳｜續強品質佳｜主力佈局語意｜風險語意扣分,過熱降權,v266.61,2026-10-01 01:22:44,8.0,洗盤不破承接,無事件,等待下一次確認。,6.711,580,v266.62,2026-10-01 01:22:46,24.0,0.0,18.0,0.0,-4.12,量能安靜｜洗盤整理不破｜主力吸籌文字確認,v266.68,2026-10-01 01:22:50,NOISE,雜訊：條件不足。,WATCH,409
2026-09-30,6246,WATCH,54,12.85,50以下,0.0,0,佈局觀察,波動壓縮 | 均線收斂 | 接近突破 | 結構尚可,True,False,False,True,False,True,9.0,A,起漲結構強,20D站上MA20｜MA20走平翻揚｜MA5站上MA10｜接近20日高｜40D平台收斂｜短中均線糾結｜40D低點守住｜接近/站回MA60,平台壓縮後轉強，可優先觀察起漲/試單。,v266.57.9,9.0,無原分數欄位｜僅顯示結構前置分數,391.0,7.7,A,續強品質強,回檔不破前低｜低點墊高確認｜收盤守MA5｜續強確認：收盤未跌破MA5｜MA5仍在MA10上｜仍站MA20,回檔承接尚可，若原策略入選，可優先觀察延續。,v266.57.9,7.8,0.55,0.5,GENERIC,測試排序分=原分數+結構前置分*策略權重+續強品質*策略權重；不覆蓋原策略,424.0,-0.2,D,突破不足,短均多頭｜扣分:收盤位置偏弱,尚未形成乾淨突破，不急著升級。,v266.57.9,WATCH,0.55,0.35,0.75,7.495,660.0,最後後處理補寫：原分數+結構前置+續強品質+突破品質；不覆蓋原策略,0.0,,一般,6.146,v266.58.1,2026-10-01 01:22:38,觀察,0,0,持續觀察,前狀態:觀察→今日:觀察,NO,v266.60.2,6.146,30.0,0.0,0.0,0.0,11.115,531.0,20/40/60結構佳｜續強品質佳｜主力佈局語意,起漲前優先,v266.61,2026-10-01 01:22:44,8.0,洗盤不破承接,無事件,等待下一次確認。,6.702,581,v266.62,2026-10-01 01:22:46,24.0,0.0,18.0,0.0,-4.12,量能安靜｜洗盤整理不破｜主力吸籌文字確認,v266.68,2026-10-01 01:22:50,NOISE,雜訊：條件不足。,WATCH,410
2026-09-30,8091,WATCH,54,217.0,100-500,0.0,0,佈局觀察,波動壓縮 | 均線收斂 | 接近突破 | 結構尚可,True,False,False,True,False,True,9.0,A,起漲結構強,20D站上MA20｜MA20走平翻揚｜MA5站上MA10｜接近20日高｜40D平台收斂｜短中均線糾結｜40D低點守住｜接近/站回MA60,平台壓縮後轉強，可優先觀察起漲/試單。,v266.57.9,9.0,無原分數欄位｜僅顯示結構前置分數,391.0,7.7,A,續強品質強,回檔不破前低｜低點墊高確認｜收盤守MA5｜續強確認：收盤未跌破MA5｜MA5仍在MA10上｜仍站MA20,回檔承接尚可，若原策略入選，可優先觀察延續。,v266.57.9,7.8,0.55,0.5,GENERIC,測試排序分=原分數+結構前置分*策略權重+續強品質*策略權重；不覆蓋原策略,424.0,-0.2,D,突破不足,短均多頭｜扣分:收盤位置偏弱,尚未形成乾淨突破，不急著升級。,v266.57.9,WATCH,0.55,0.35,0.75,7.495,660.0,最後後處理補寫：原分數+結構前置+續強品質+突破品質；不覆蓋原策略,0.0,,一般,6.146,v266.58.1,2026-10-01 01:22:38,觀察,0,0,持續觀察,前狀態:觀察→今日:觀察,NO,v266.60.2,6.146,30.0,0.0,0.0,0.0,11.115,531.0,20/40/60結構佳｜續強品質佳｜主力佈局語意,起漲前優先,v266.61,2026-10-01 01:22:44,8.0,洗盤不破承接,無事件,等待下一次確認。,6.702,582,v266.62,2026-10-01 01:22:46,24.0,0.0,18.0,0.0,-4.12,量能安靜｜洗盤整理不破｜主力吸籌文字確認,v266.68,2026-10-01 01:22:50,NOISE,雜訊：條件不足。,WATCH,411
2026-09-30,4183,WATCH,54,13.55,50以下,0.0,0,佈局觀察,波動壓縮 | 均線收斂 | 接近突破 | 結構尚可,True,False,False,True,False,True,9.0,A,起漲結構強,20D站上MA20｜MA20走平翻揚｜MA5站上MA10｜接近20日高｜40D平台收斂｜短中均線糾結｜接近/站回MA60｜MA60不再下彎,平台壓縮後轉強，可優先觀察起漲/試單。,v266.57.9,9.0,無原分數欄位｜僅顯示結構前置分數,391.0,7.7,A,續強品質強,回檔不破前低｜低點墊高確認｜收盤守MA5｜續強確認：收盤未跌破MA5｜MA5仍在MA10上｜仍站MA20,回檔承接尚可，若原策略入選，可優先觀察延續。,v266.57.9,7.8,0.55,0.5,GENERIC,測試排序分=原分數+結構前置分*策略權重+續強品質*策略權重；不覆蓋原策略,424.0,-0.2,D,突破不足,短均多頭｜扣分:收盤位置偏弱,尚未形成乾淨突破，不急著升級。,v266.57.9,WATCH,0.55,0.35,0.75,7.495,660.0,最後後處理補寫：原分數+結構前置+續強品質+突破品質；不覆蓋原策略,0.0,,一般,6.146,v266.58.1,2026-10-01 01:22:38,觀察,0,0,持續觀察,前狀態:觀察→今日:觀察,NO,v266.60.2,6.146,30.0,0.0,0.0,0.0,11.115,531.0,20/40/60結構佳｜續強品質佳｜主力佈局語意,起漲前優先,v266.61,2026-10-01 01:22:44,8.0,洗盤不破承接,無事件,等待下一次確認。,6.702,583,v266.62,2026-10-01 01:22:46,24.0,0.0,18.0,0.0,-4.12,量能安靜｜洗盤整理不破｜主力吸籌文字確認,v266.68,2026-10-01 01:22:50,NOISE,雜訊：條件不足。,WATCH,412
2026-09-30,8121,WATCH,54,31.5,50以下,0.0,0,佈局觀察,波動壓縮 | 均線收斂 | 接近突破 | 結構尚可,True,False,False,True,False,True,9.0,A,起漲結構強,20D站上MA20｜MA20走平翻揚｜MA5站上MA10｜接近20日高｜40D平台收斂｜短中均線糾結｜40D低點守住｜接近/站回MA60,平台壓縮後轉強，可優先觀察起漲/試單。,v266.57.9,9.0,無原分數欄位｜僅顯示結構前置分數,391.0,7.7,A,續強品質強,回檔不破前低｜低點墊高確認｜收盤守MA5｜續強確認：收盤未跌破MA5｜MA5仍在MA10上｜仍站MA20,回檔承接尚可，若原策略入選，可優先觀察延續。,v266.57.9,7.8,0.55,0.5,GENERIC,測試排序分=原分數+結構前置分*策略權重+續強品質*策略權重；不覆蓋原策略,424.0,-0.2,D,突破不足,短均多頭｜扣分:收盤位置偏弱,尚未形成乾淨突破，不急著升級。,v266.57.9,WATCH,0.55,0.35,0.75,7.495,660.0,最後後處理補寫：原分數+結構前置+續強品質+突破品質；不覆蓋原策略,0.0,,一般,6.146,v266.58.1,2026-10-01 01:22:38,觀察,0,0,持續觀察,前狀態:觀察→今日:觀察,NO,v266.60.2,6.146,30.0,0.0,0.0,0.0,11.115,531.0,20/40/60結構佳｜續強品質佳｜主力佈局語意,起漲前優先,v266.61,2026-10-01 01:22:44,8.0,洗盤不破承接,無事件,等待下一次確認。,6.702,584,v266.62,2026-10-01 01:22:46,24.0,0.0,18.0,0.0,-4.12,量能安靜｜洗盤整理不破｜主力吸籌文字確認,v266.68,2026-10-01 01:22:50,NOISE,雜訊：條件不足。,WATCH,413
2026-09-30,6270,WATCH,54,30.0,50以下,0.0,0,佈局觀察,波動壓縮 | 均線收斂 | 接近突破 | 結構尚可,True,False,False,True,False,True,9.0,A,起漲結構強,20D站上MA20｜MA20走平翻揚｜MA5站上MA10｜接近20日高｜40D平台收斂｜短中均線糾結｜40D低點守住｜接近/站回MA60,平台壓縮後轉強，可優先觀察起漲/試單。,v266.57.9,7.0,無原分數欄位｜僅顯示結構前置分數,710.0,7.7,A,續強品質強,回檔不破前低｜低點墊高確認｜收盤守MA5｜續強確認：收盤未跌破MA5｜MA5仍在MA10上｜仍站MA20,回檔承接尚可，若原策略入選，可優先觀察延續。,v266.57.9,5.95,0.55,0.5,GENERIC,測試排序分=原分數+結構前置分*策略權重+續強品質*策略權重；不覆蓋原策略,768.0,-0.2,D,突破不足,短均多頭｜扣分:收盤位置偏弱,尚未形成乾淨突破，不急著升級。,v266.57.9,WATCH,0.55,0.35,0.75,7.495,660.0,最後後處理補寫：原分數+結構前置+續強品質+突破品質；不覆蓋原策略,0.0,,一般,6.146,v266.58.1,2026-10-01 01:22:38,觀察,0,0,持續觀察,前狀態:觀察→今日:觀察,NO,v266.60.2,6.146,30.0,0.0,0.0,0.0,11.115,531.0,20/40/60結構佳｜續強品質佳｜主力佈局語意,起漲前優先,v266.61,2026-10-01 01:22:44,8.0,洗盤不破承接,無事件,等待下一次確認。,6.702,585,v266.62,2026-10-01 01:22:46,24.0,0.0,18.0,0.0,-4.12,量能安靜｜洗盤整理不破｜主力吸籌文字確認,v266.68,2026-10-01 01:22:50,NOISE,雜訊：條件不足。,WATCH,414
2026-09-30,2474,WATCH,54,206.5,100-500,0.0,0,佈局觀察,波動壓縮 | 均線收斂 | 接近突破 | 結構尚可,True,False,False,True,False,True,9.8,A,起漲結構強,接近20日高｜40D平台收斂｜短中均線糾結｜40D低點守住｜接近/站回MA60｜MA60不再下彎｜站回60D區間中上｜近5日量縮｜10D動能轉正,平台壓縮後轉強，可優先觀察起漲/試單。,v266.57.9,9.8,無原分數欄位｜僅顯示結構前置分數,346.0,6.0,B,續強品質中,回檔不破前低｜低點墊高確認｜收盤守MA5｜回檔量縮｜10D動能維持｜扣分:跌破短均,回檔承接尚可，若原策略入選，可優先觀察延續。,v266.57.9,8.39,0.55,0.5,GENERIC,測試排序分=原分數+結構前置分*策略權重+續強品質*策略權重；不覆蓋原策略,310.0,0.0,D,突破不足,,尚未形成乾淨突破，不急著升級。,v266.57.9,WATCH,0.55,0.35,0.75,7.49,665.0,最後後處理補寫：原分數+結構前置+續強品質+突破品質；不覆蓋原策略,0.0,,一般,6.142,v266.58.1,2026-10-01 01:22:38,觀察,0,0,持續觀察,前狀態:觀察→今日:觀察,NO,v266.60.2,6.142,30.0,0.0,0.0,0.0,11.114,536.0,20/40/60結構佳｜續強品質佳｜主力佈局語意,起漲前優先,v266.61,2026-10-01 01:22:44,8.0,洗盤不破承接,無事件,等待下一次確認。,6.699,586,v266.62,2026-10-01 01:22:46,24.0,0.0,18.0,0.0,-4.12,量能安靜｜洗盤整理不破｜主力吸籌文字確認,v266.68,2026-10-01 01:22:50,NOISE,雜訊：條件不足。,WATCH,415
2026-09-30,6629,WATCH,54,103.5,100-500,0.0,0,佈局觀察,波動壓縮 | 均線收斂 | 接近突破 | 結構尚可,True,False,False,True,False,True,8.0,A,起漲結構強,MA20走平翻揚｜接近20日高｜40D平台收斂｜短中均線糾結｜40D低點守住｜接近/站回MA60｜MA60不再下彎,平台壓縮後轉強，可優先觀察起漲/試單。,v266.57.9,8.0,無原分數欄位｜僅顯示結構前置分數,556.0,5.5,B,續強品質中,回檔不破前低｜低點墊高確認｜收盤守MA5｜續強確認：收盤未跌破MA5,回檔承接尚可，若原策略入選，可優先觀察延續。,v266.57.9,6.15,0.55,0.5,GENERIC,測試排序分=原分數+結構前置分*策略權重+續強品質*策略權重；不覆蓋原策略,729.0,1.5,D,突破不足,收盤接近高點,尚未形成乾淨突破，不急著升級。,v266.57.9,WATCH,0.55,0.35,0.75,7.45,672.0,最後後處理補寫：原分數+結構前置+續強品質+突破品質；不覆蓋原策略,0.0,,一般,6.109,v266.58.1,2026-10-01 01:22:38,觀察,0,0,持續觀察,前狀態:觀察→今日:觀察,NO,v266.60.2,6.109,30.0,0.0,0.0,0.0,11.111,537.0,20/40/60結構佳｜續強品質佳｜主力佈局語意,起漲前優先,v266.61,2026-10-01 01:22:44,8.0,洗盤不破承接,無事件,等待下一次確認。,6.676,587,v266.62,2026-10-01 01:22:46,24.0,0.0,18.0,0.0,-4.12,量能安靜｜洗盤整理不破｜主力吸籌文字確認,v266.68,2026-10-01 01:22:50,NOISE,雜訊：條件不足。,WATCH,416
2026-09-30,2736,WATCH,54,11.35,50以下,0.0,0,佈局觀察,波動壓縮 | 均線收斂 | 接近突破 | 結構尚可,True,False,False,True,False,True,8.0,A,起漲結構強,MA20走平翻揚｜接近20日高｜40D平台收斂｜短中均線糾結｜40D低點守住｜接近/站回MA60｜MA60不再下彎,平台壓縮後轉強，可優先觀察起漲/試單。,v266.57.9,6.0,無原分數欄位｜僅顯示結構前置分數,828.0,5.5,B,續強品質中,回檔不破前低｜低點墊高確認｜收盤守MA5｜續強確認：收盤未跌破MA5,回檔承接尚可，若原策略入選，可優先觀察延續。,v266.57.9,4.3,0.55,0.5,GENERIC,測試排序分=原分數+結構前置分*策略權重+續強品質*策略權重；不覆蓋原策略,910.0,1.5,D,突破不足,突破近5日高,尚未形成乾淨突破，不急著升級。,v266.57.9,WATCH,0.55,0.35,0.75,7.45,672.0,最後後處理補寫：原分數+結構前置+續強品質+突破品質；不覆蓋原策略,0.0,,一般,6.109,v266.58.1,2026-10-01 01:22:38,觀察,0,0,持續觀察,前狀態:觀察→今日:觀察,NO,v266.60.2,6.109,30.0,0.0,0.0,0.0,11.111,537.0,20/40/60結構佳｜續強品質佳｜主力佈局語意,起漲前優先,v266.61,2026-10-01 01:22:44,8.0,洗盤不破承接,無事件,等待下一次確認。,6.676,588,v266.62,2026-10-01 01:22:46,24.0,0.0,18.0,0.0,-4.12,量能安靜｜洗盤整理不破｜主力吸籌文字確認,v266.68,2026-10-01 01:22:50,NOISE,雜訊：條件不足。,WATCH,417
2026-09-30,6568,WATCH,54,142.5,100-500,0.0,0,佈局觀察,波動壓縮 | 均線收斂 | 接近突破 | 結構尚可,True,False,False,True,False,True,9.0,A,起漲結構強,20D站上MA20｜MA20走平翻揚｜MA5站上MA10｜40D平台收斂｜短中均線糾結｜40D低點守住｜接近/站回MA60｜站回60D區間中上,平台壓縮後轉強，可優先觀察起漲/試單。,v266.57.9,7.0,無原分數欄位｜僅顯示結構前置分數,710.0,7.5,A,續強品質強,回檔不破前低｜低點墊高確認｜收盤守MA5｜回測守MA10｜MA5仍在MA10上｜仍站MA20,回檔承接尚可，若原策略入選，可優先觀察延續。,v266.57.9,5.95,0.55,0.5,GENERIC,測試排序分=原分數+結構前置分*策略權重+續強品質*策略權重；不覆蓋原策略,768.0,-0.2,D,突破不足,短均多頭｜扣分:收盤位置偏弱,尚未形成乾淨突破，不急著升級。,v266.57.9,WATCH,0.55,0.35,0.75,7.425,677.0,最後後處理補寫：原分數+結構前置+續強品質+突破品質；不覆蓋原策略,0.0,,一般,6.088,v266.58.1,2026-10-01 01:22:38,觀察,0,0,持續觀察,前狀態:觀察→今日:觀察,NO,v266.60.2,6.088,30.0,0.0,0.0,0.0,11.109,539.0,20/40/60結構佳｜續強品質佳｜主力佈局語意,起漲前優先,v266.61,2026-10-01 01:22:44,8.0,洗盤不破承接,無事件,等待下一次確認。,6.662,589,v266.62,2026-10-01 01:22:46,24.0,0.0,18.0,0.0,-4.12,量能安靜｜洗盤整理不破｜主力吸籌文字確認,v266.68,2026-10-01 01:22:50,NOISE,雜訊：條件不足。,WATCH,418
2026-09-30,2535,WATCH,54,89.2,50-100,0.0,0,佈局觀察,波動壓縮 | 均線收斂 | 接近突破 | 結構尚可,True,False,False,True,False,True,8.0,A,起漲結構強,MA5站上MA10｜接近20日高｜40D平台收斂｜短中均線糾結｜40D低點守住｜接近/站回MA60｜站回60D區間中上,平台壓縮後轉強，可優先觀察起漲/試單。,v266.57.9,8.0,無原分數欄位｜僅顯示結構前置分數,556.0,6.5,B,續強品質中,回檔不破前低｜低點墊高確認｜收盤守MA5｜回測守MA10｜MA5仍在MA10上,回檔承接尚可，若原策略入選，可優先觀察延續。,v266.57.9,6.75,0.55,0.5,GENERIC,測試排序分=原分數+結構前置分*策略權重+續強品質*策略權重；不覆蓋原策略,621.0,1.0,D,突破不足,量能較前日放大｜短均多頭｜扣分:收盤位置偏弱,尚未形成乾淨突破，不急著升級。,v266.57.9,WATCH,0.55,0.35,0.75,7.425,677.0,最後後處理補寫：原分數+結構前置+續強品質+突破品質；不覆蓋原策略,0.0,,一般,6.088,v266.58.1,2026-10-01 01:22:38,觀察,0,0,持續觀察,前狀態:觀察→今日:觀察,NO,v266.60.2,6.088,30.0,0.0,0.0,0.0,11.109,539.0,20/40/60結構佳｜續強品質佳｜主力佈局語意,起漲前優先,v266.61,2026-10-01 01:22:44,8.0,洗盤不破承接,無事件,等待下一次確認。,6.662,590,v266.62,2026-10-01 01:22:46,24.0,0.0,18.0,0.0,-4.12,量能安靜｜洗盤整理不破｜主力吸籌文字確認,v266.68,2026-10-01 01:22:50,NOISE,雜訊：條件不足。,WATCH,419
2026-09-30,4513,WATCH,54,16.2,50以下,0.0,0,佈局觀察,波動壓縮 | 均線收斂 | 接近突破 | 結構尚可,True,False,False,True,False,True,8.0,A,起漲結構強,20D站上MA20｜MA20走平翻揚｜MA5站上MA10｜40D平台收斂｜短中均線糾結｜接近/站回MA60｜MA60不再下彎,平台壓縮後轉強，可優先觀察起漲/試單。,v266.57.9,8.0,無原分數欄位｜僅顯示結構前置分數,556.0,9.0,A,續強品質強,回檔不破前低｜低點墊高確認｜收盤守MA5｜回測守MA10｜回檔量縮｜MA5仍在MA10上｜仍站MA20,回檔承接尚可，若原策略入選，可優先觀察延續。,v266.57.9,8.0,0.55,0.5,GENERIC,測試排序分=原分數+結構前置分*策略權重+續強品質*策略權重；不覆蓋原策略,371.0,-0.2,D,突破不足,短均多頭｜扣分:收盤位置偏弱,尚未形成乾淨突破，不急著升級。,v266.57.9,WATCH,0.55,0.35,0.75,7.4,683.0,最後後處理補寫：原分數+結構前置+續強品質+突破品質；不覆蓋原策略,0.0,,一般,6.068,v266.58.1,2026-10-01 01:22:38,觀察,0,0,持續觀察,前狀態:觀察→今日:觀察,NO,v266.60.2,6.068,30.0,0.0,0.0,0.0,11.107,541.0,20/40/60結構佳｜續強品質佳｜主力佈局語意,起漲前優先,v266.61,2026-10-01 01:22:44,8.0,洗盤不破承接,無事件,等待下一次確認。,6.648,591,v266.62,2026-10-01 01:22:46,24.0,0.0,18.0,0.0,-4.12,量能安靜｜洗盤整理不破｜主力吸籌文字確認,v266.68,2026-10-01 01:22:50,NOISE,雜訊：條件不足。,WATCH,420
2026-09-30,1457,WATCH,54,14.4,50以下,0.0,0,佈局觀察,波動壓縮 | 均線收斂 | 接近突破 | 結構尚可,True,False,False,True,False,True,9.0,A,起漲結構強,接近20日高｜40D平台收斂｜短中均線糾結｜40D低點守住｜接近/站回MA60｜MA60不再下彎｜站回60D區間中上｜近5日量縮,平台壓縮後轉強，可優先觀察起漲/試單。,v266.57.9,9.0,無原分數欄位｜僅顯示結構前置分數,391.0,7.0,A,續強品質強,回檔不破前低｜低點墊高確認｜收盤守MA5｜續強確認：收盤未跌破MA5｜回檔量縮,回檔承接尚可，若原策略入選，可優先觀察延續。,v266.57.9,7.45,0.55,0.5,GENERIC,測試排序分=原分數+結構前置分*策略權重+續強品質*策略權重；不覆蓋原策略,503.0,0.0,D,突破不足,,尚未形成乾淨突破，不急著升級。,v266.57.9,WATCH,0.55,0.35,0.75,7.4,683.0,最後後處理補寫：原分數+結構前置+續強品質+突破品質；不覆蓋原策略,0.0,,一般,6.068,v266.58.1,2026-10-01 01:22:38,觀察,0,0,持續觀察,前狀態:觀察→今日:觀察,NO,v266.60.2,6.068,30.0,0.0,0.0,0.0,11.107,541.0,20/40/60結構佳｜續強品質佳｜主力佈局語意,起漲前優先,v266.61,2026-10-01 01:22:44,8.0,洗盤不破承接,無事件,等待下一次確認。,6.648,592,v266.62,2026-10-01 01:22:46,24.0,0.0,18.0,0.0,-4.12,量能安靜｜洗盤整理不破｜主力吸籌文字確認,v266.68,2026-10-01 01:22:50,NOISE,雜訊：條件不足。,WATCH,421
2026-09-30,4534,WATCH,54,30.95,50以下,0.0,0,佈局觀察,波動壓縮 | 均線收斂 | 接近突破 | 結構尚可,True,False,False,True,False,True,8.0,A,起漲結構強,20D站上MA20｜MA20走平翻揚｜MA5站上MA10｜40D平台收斂｜短中均線糾結｜接近/站回MA60｜MA60不再下彎,平台壓縮後轉強，可優先觀察起漲/試單。,v266.57.9,8.0,無原分數欄位｜僅顯示結構前置分數,556.0,9.0,A,續強品質強,回檔不破前低｜低點墊高確認｜收盤守MA5｜回測守MA10｜回檔量縮｜MA5仍在MA10上｜仍站MA20,回檔承接尚可，若原策略入選，可優先觀察延續。,v266.57.9,8.0,0.55,0.5,GENERIC,測試排序分=原分數+結構前置分*策略權重+續強品質*策略權重；不覆蓋原策略,371.0,-0.2,D,突破不足,短均多頭｜扣分:收盤位置偏弱,尚未形成乾淨突破，不急著升級。,v266.57.9,WATCH,0.55,0.35,0.75,7.4,683.0,最後後處理補寫：原分數+結構前置+續強品質+突破品質；不覆蓋原策略,0.0,,一般,6.068,v266.58.1,2026-10-01 01:22:38,觀察,0,0,持續觀察,前狀態:觀察→今日:觀察,NO,v266.60.2,6.068,30.0,0.0,0.0,0.0,11.107,541.0,20/40/60結構佳｜續強品質佳｜主力佈局語意,起漲前優先,v266.61,2026-10-01 01:22:44,8.0,洗盤不破承接,無事件,等待下一次確認。,6.648,593,v266.62,2026-10-01 01:22:46,24.0,0.0,18.0,0.0,-4.12,量能安靜｜洗盤整理不破｜主力吸籌文字確認,v266.68,2026-10-01 01:22:50,NOISE,雜訊：條件不足。,WATCH,422
2026-09-30,5514,WATCH,54,15.05,50以下,0.0,0,佈局觀察,波動壓縮 | 均線收斂 | 接近突破 | 結構尚可,True,False,False,True,False,True,9.0,A,起漲結構強,MA20走平翻揚｜接近20日高｜40D平台收斂｜短中均線糾結｜40D低點守住｜接近/站回MA60｜MA60不再下彎｜站回60D區間中上,平台壓縮後轉強，可優先觀察起漲/試單。,v266.57.9,9.0,無原分數欄位｜僅顯示結構前置分數,391.0,7.0,A,續強品質強,回檔不破前低｜低點墊高確認｜收盤守MA5｜續強確認：收盤未跌破MA5｜回檔量縮,回檔承接尚可，若原策略入選，可優先觀察延續。,v266.57.9,7.45,0.55,0.5,GENERIC,測試排序分=原分數+結構前置分*策略權重+續強品質*策略權重；不覆蓋原策略,503.0,,,,,,,WATCH,0.55,0.35,0.75,7.4,683.0,最後後處理補寫：原分數+結構前置+續強品質+突破品質；不覆蓋原策略,0.0,,一般,6.068,v266.58.1,2026-10-01 01:22:38,觀察,0,0,持續觀察,前狀態:觀察→今日:觀察,NO,v266.60.2,6.068,30.0,0.0,0.0,0.0,11.107,541.0,20/40/60結構佳｜續強品質佳｜主力佈局語意,起漲前優先,v266.61,2026-10-01 01:22:44,8.0,洗盤不破承接,無事件,等待下一次確認。,6.648,594,v266.62,2026-10-01 01:22:46,24.0,0.0,18.0,0.0,-4.12,量能安靜｜洗盤整理不破｜主力吸籌文字確認,v266.68,2026-10-01 01:22:50,NOISE,雜訊：條件不足。,WATCH,423
2026-09-30,2035,WATCH,54,26.5,50以下,0.0,0,佈局觀察,波動壓縮 | 均線收斂 | 接近突破 | 結構尚可,True,False,False,True,False,True,9.0,A,起漲結構強,MA20走平翻揚｜接近20日高｜40D平台收斂｜短中均線糾結｜40D低點守住｜接近/站回MA60｜MA60不再下彎｜近5日量縮,平台壓縮後轉強，可優先觀察起漲/試單。,v266.57.9,9.0,無原分數欄位｜僅顯示結構前置分數,391.0,7.0,A,續強品質強,回檔不破前低｜低點墊高確認｜收盤守MA5｜續強確認：收盤未跌破MA5｜回檔量縮,回檔承接尚可，若原策略入選，可優先觀察延續。,v266.57.9,7.45,0.55,0.5,GENERIC,測試排序分=原分數+結構前置分*策略權重+續強品質*策略權重；不覆蓋原策略,503.0,,,,,,,WATCH,0.55,0.35,0.75,7.4,683.0,最後後處理補寫：原分數+結構前置+續強品質+突破品質；不覆蓋原策略,0.0,,一般,6.068,v266.58.1,2026-10-01 01:22:38,觀察,0,0,持續觀察,前狀態:觀察→今日:觀察,NO,v266.60.2,6.068,30.0,0.0,0.0,0.0,11.107,541.0,20/40/60結構佳｜續強品質佳｜主力佈局語意,起漲前優先,v266.61,2026-10-01 01:22:44,8.0,洗盤不破承接,無事件,等待下一次確認。,6.648,595,v266.62,2026-10-01 01:22:46,24.0,0.0,18.0,0.0,-4.12,量能安靜｜洗盤整理不破｜主力吸籌文字確認,v266.68,2026-10-01 01:22:50,NOISE,雜訊：條件不足。,WATCH,424
2026-09-30,1599,WATCH,54,23.05,50以下,0.0,0,佈局觀察,波動壓縮 | 均線收斂 | 接近突破 | 結構尚可,True,False,False,True,False,True,9.0,A,起漲結構強,MA20走平翻揚｜接近20日高｜40D平台收斂｜短中均線糾結｜40D低點守住｜接近/站回MA60｜MA60不再下彎｜近5日量縮,平台壓縮後轉強，可優先觀察起漲/試單。,v266.57.9,9.0,無原分數欄位｜僅顯示結構前置分數,391.0,7.0,A,續強品質強,回檔不破前低｜低點墊高確認｜收盤守MA5｜續強確認：收盤未跌破MA5｜回檔量縮,回檔承接尚可，若原策略入選，可優先觀察延續。,v266.57.9,7.45,0.55,0.5,GENERIC,測試排序分=原分數+結構前置分*策略權重+續強品質*策略權重；不覆蓋原策略,503.0,0.0,D,突破不足,,尚未形成乾淨突破，不急著升級。,v266.57.9,WATCH,0.55,0.35,0.75,7.4,683.0,最後後處理補寫：原分數+結構前置+續強品質+突破品質；不覆蓋原策略,0.0,,一般,6.068,v266.58.1,2026-10-01 01:22:38,觀察,0,0,持續觀察,前狀態:觀察→今日:觀察,NO,v266.60.2,6.068,30.0,0.0,0.0,0.0,11.107,541.0,20/40/60結構佳｜續強品質佳｜主力佈局語意,起漲前優先,v266.61,2026-10-01 01:22:44,8.0,洗盤不破承接,無事件,等待下一次確認。,6.648,596,v266.62,2026-10-01 01:22:46,24.0,0.0,18.0,0.0,-4.12,量能安靜｜洗盤整理不破｜主力吸籌文字確認,v266.68,2026-10-01 01:22:50,NOISE,雜訊：條件不足。,WATCH,425
2026-09-30,2063,WATCH,54,23.5,50以下,0.0,0,佈局觀察,波動壓縮 | 均線收斂 | 接近突破 | 結構尚可,True,False,False,True,False,True,8.0,A,起漲結構強,MA20走平翻揚｜接近20日高｜40D平台收斂｜短中均線糾結｜40D低點守住｜接近/站回MA60｜MA60不再下彎,平台壓縮後轉強，可優先觀察起漲/試單。,v266.57.9,8.0,無原分數欄位｜僅顯示結構前置分數,556.0,5.3,B,續強品質中,回檔不破前低｜低點墊高確認｜收盤守MA5｜回測守MA10,回檔承接尚可，若原策略入選，可優先觀察延續。,v266.57.9,6.15,0.55,0.5,GENERIC,測試排序分=原分數+結構前置分*策略權重+續強品質*策略權重；不覆蓋原策略,729.0,1.5,D,突破不足,收盤接近高點,尚未形成乾淨突破，不急著升級。,v266.57.9,WATCH,0.55,0.35,0.75,7.38,690.0,最後後處理補寫：原分數+結構前置+續強品質+突破品質；不覆蓋原策略,0.0,,一般,6.052,v266.58.1,2026-10-01 01:22:38,觀察,0,0,持續觀察,前狀態:觀察→今日:觀察,NO,v266.60.2,6.052,30.0,0.0,0.0,0.0,11.105,547.0,20/40/60結構佳｜續強品質佳｜主力佈局語意,起漲前優先,v266.61,2026-10-01 01:22:44,8.0,洗盤不破承接,無事件,等待下一次確認。,6.636,597,v266.62,2026-10-01 01:22:46,24.0,0.0,18.0,0.0,-4.12,量能安靜｜洗盤整理不破｜主力吸籌文字確認,v266.68,2026-10-01 01:22:50,NOISE,雜訊：條件不足。,WATCH,426
2026-09-30,2609,WATCH,54,59.4,50-100,0.0,0,佈局觀察,波動壓縮 | 均線收斂 | 接近突破 | 結構尚可,True,False,False,True,False,True,10.8,A,起漲結構強,20D站上MA20｜MA20走平翻揚｜40D平台收斂｜短中均線糾結｜40D低點守住｜接近/站回MA60｜MA60不再下彎｜站回60D區間中上｜近5日量縮｜10D動能轉正,平台壓縮後轉強，可優先觀察起漲/試單。,v266.57.9,10.8,無原分數欄位｜僅顯示結構前置分數,197.0,7.0,A,續強品質強,回檔不破前低｜低點墊高確認｜收盤守MA5｜回檔量縮｜仍站MA20｜10D動能維持｜扣分:跌破短均,回檔承接尚可，若原策略入選，可優先觀察延續。,v266.57.9,9.44,0.55,0.5,GENERIC,測試排序分=原分數+結構前置分*策略權重+續強品質*策略權重；不覆蓋原策略,146.0,1.5,D,突破不足,收盤接近高點,尚未形成乾淨突破，不急著升級。,v266.57.9,WATCH,0.55,0.35,0.75,9.515,382.0,最後後處理補寫：原分數+結構前置+續強品質+突破品質；不覆蓋原策略,0.0,,一般,7.802,v266.58.1,2026-10-01 01:22:38,觀察,0,-5,降級風險,前狀態:突破中→今日:觀察｜狀態降級,RISK,v266.60.2,6.052,30.0,0.0,0.0,15.0,4.893,743.0,20/40/60結構佳｜續強品質佳｜主力佈局語意｜風險語意扣分,過熱降權,v266.61,2026-10-01 01:22:44,8.0,洗盤不破承接,無事件,等待下一次確認。,6.636,598,v266.62,2026-10-01 01:22:46,24.0,0.0,18.0,0.0,-4.12,量能安靜｜洗盤整理不破｜主力吸籌文字確認,v266.68,2026-10-01 01:22:50,NOISE,雜訊：條件不足。,WATCH,427
2026-09-30,4432,WATCH,54,15.4,50以下,0.0,0,佈局觀察,波動壓縮 | 均線收斂 | 接近突破 | 結構尚可,True,False,False,True,False,True,8.0,A,起漲結構強,MA20走平翻揚｜接近20日高｜40D平台收斂｜短中均線糾結｜40D低點守住｜接近/站回MA60｜MA60不再下彎,平台壓縮後轉強，可優先觀察起漲/試單。,v266.57.9,8.0,無原分數欄位｜僅顯示結構前置分數,556.0,5.3,B,續強品質中,回檔不破前低｜低點墊高確認｜收盤守MA5｜回測守MA10,回檔承接尚可，若原策略入選，可優先觀察延續。,v266.57.9,6.15,0.55,0.5,GENERIC,測試排序分=原分數+結構前置分*策略權重+續強品質*策略權重；不覆蓋原策略,729.0,1.5,D,突破不足,收盤接近高點,尚未形成乾淨突破，不急著升級。,v266.57.9,WATCH,0.55,0.35,0.75,7.38,690.0,最後後處理補寫：原分數+結構前置+續強品質+突破品質；不覆蓋原策略,0.0,,一般,6.052,v266.58.1,2026-10-01 01:22:38,觀察,0,0,持續觀察,前狀態:觀察→今日:觀察,NO,v266.60.2,6.052,30.0,0.0,0.0,0.0,11.105,547.0,20/40/60結構佳｜續強品質佳｜主力佈局語意,起漲前優先,v266.61,2026-10-01 01:22:44,8.0,洗盤不破承接,無事件,等待下一次確認。,6.636,599,v266.62,2026-10-01 01:22:46,24.0,0.0,18.0,0.0,-4.12,量能安靜｜洗盤整理不破｜主力吸籌文字確認,v266.68,2026-10-01 01:22:50,NOISE,雜訊：條件不足。,WATCH,428
2026-09-30,3713,WATCH,54,13.9,50以下,0.0,0,佈局觀察,波動壓縮 | 均線收斂 | 接近突破 | 結構尚可,True,False,False,True,False,True,7.0,B,起漲結構中,MA20走平翻揚｜40D平台收斂｜短中均線糾結｜40D低點守住｜接近/站回MA60｜MA60不再下彎,平台壓縮後轉強，可優先觀察起漲/試單。,v266.57.9,7.0,無原分數欄位｜僅顯示結構前置分數,710.0,6.8,B,續強品質中,回檔不破前低｜低點墊高確認｜收盤守MA5｜回測守MA10｜回檔量縮,回檔承接尚可，若原策略入選，可優先觀察延續。,v266.57.9,6.35,0.55,0.5,GENERIC,測試排序分=原分數+結構前置分*策略權重+續強品質*策略權重；不覆蓋原策略,693.0,1.5,D,突破不足,收盤接近高點,尚未形成乾淨突破，不急著升級。,v266.57.9,WATCH,0.55,0.35,0.75,7.355,693.0,最後後處理補寫：原分數+結構前置+續強品質+突破品質；不覆蓋原策略,0.0,,一般,6.031,v266.58.1,2026-10-01 01:22:38,觀察,0,0,持續觀察,前狀態:觀察→今日:觀察,NO,v266.60.2,6.031,30.0,0.0,0.0,0.0,11.103,549.0,20/40/60結構佳｜續強品質佳｜主力佈局語意,起漲前優先,v266.61,2026-10-01 01:22:44,8.0,洗盤不破承接,無事件,等待下一次確認。,6.622,600,v266.62,2026-10-01 01:22:46,24.0,0.0,18.0,0.0,-4.12,量能安靜｜洗盤整理不破｜主力吸籌文字確認,v266.68,2026-10-01 01:22:50,NOISE,雜訊：條件不足。,WATCH,429
2026-09-30,4506,WATCH,54,118.0,100-500,0.0,0,佈局觀察,波動壓縮 | 均線收斂 | 接近突破 | 結構尚可,True,False,False,True,False,True,7.0,B,起漲結構中,MA20走平翻揚｜40D平台收斂｜短中均線糾結｜40D低點守住｜接近/站回MA60｜MA60不再下彎,平台壓縮後轉強，可優先觀察起漲/試單。,v266.57.9,7.0,無原分數欄位｜僅顯示結構前置分數,710.0,6.8,B,續強品質中,回檔不破前低｜低點墊高確認｜收盤守MA5｜回測守MA10｜回檔量縮,回檔承接尚可，若原策略入選，可優先觀察延續。,v266.57.9,6.35,0.55,0.5,GENERIC,測試排序分=原分數+結構前置分*策略權重+續強品質*策略權重；不覆蓋原策略,693.0,1.5,D,突破不足,收盤接近高點,尚未形成乾淨突破，不急著升級。,v266.57.9,WATCH,0.55,0.35,0.75,7.355,693.0,最後後處理補寫：原分數+結構前置+續強品質+突破品質；不覆蓋原策略,0.0,,一般,6.031,v266.58.1,2026-10-01 01:22:38,觀察,0,0,持續觀察,前狀態:觀察→今日:觀察,NO,v266.60.2,6.031,30.0,0.0,0.0,0.0,11.103,549.0,20/40/60結構佳｜續強品質佳｜主力佈局語意,起漲前優先,v266.61,2026-10-01 01:22:44,8.0,洗盤不破承接,無事件,等待下一次確認。,6.622,601,v266.62,2026-10-01 01:22:46,24.0,0.0,18.0,0.0,-4.12,量能安靜｜洗盤整理不破｜主力吸籌文字確認,v266.68,2026-10-01 01:22:50,NOISE,雜訊：條件不足。,WATCH,430
2026-09-30,4950,WATCH,54,15.65,50以下,0.0,0,佈局觀察,波動壓縮 | 均線收斂 | 接近突破 | 結構尚可,True,False,False,True,False,True,7.0,B,起漲結構中,MA20走平翻揚｜40D平台收斂｜短中均線糾結｜40D低點守住｜接近/站回MA60｜MA60不再下彎,平台壓縮後轉強，可優先觀察起漲/試單。,v266.57.9,7.0,無原分數欄位｜僅顯示結構前置分數,710.0,6.8,B,續強品質中,回檔不破前低｜低點墊高確認｜收盤守MA5｜回測守MA10｜回檔量縮,回檔承接尚可，若原策略入選，可優先觀察延續。,v266.57.9,6.35,0.55,0.5,GENERIC,測試排序分=原分數+結構前置分*策略權重+續強品質*策略權重；不覆蓋原策略,693.0,1.5,D,突破不足,收盤接近高點,尚未形成乾淨突破，不急著升級。,v266.57.9,WATCH,0.55,0.35,0.75,7.355,693.0,最後後處理補寫：原分數+結構前置+續強品質+突破品質；不覆蓋原策略,0.0,,一般,6.031,v266.58.1,2026-10-01 01:22:38,觀察,0,0,持續觀察,前狀態:觀察→今日:觀察,NO,v266.60.2,6.031,30.0,0.0,0.0,0.0,11.103,549.0,20/40/60結構佳｜續強品質佳｜主力佈局語意,起漲前優先,v266.61,2026-10-01 01:22:44,8.0,洗盤不破承接,無事件,等待下一次確認。,6.622,602,v266.62,2026-10-01 01:22:46,24.0,0.0,18.0,0.0,-4.12,量能安靜｜洗盤整理不破｜主力吸籌文字確認,v266.68,2026-10-01 01:22:50,NOISE,雜訊：條件不足。,WATCH,431
2026-09-30,3684,WATCH,54,52.9,50-100,0.0,0,佈局觀察,波動壓縮 | 均線收斂 | 接近突破 | 結構尚可,True,False,False,True,False,True,9.0,A,起漲結構強,MA20走平翻揚｜接近20日高｜40D平台收斂｜短中均線糾結｜40D低點守住｜接近/站回MA60｜MA60不再下彎｜站回60D區間中上,平台壓縮後轉強，可優先觀察起漲/試單。,v266.57.9,9.0,無原分數欄位｜僅顯示結構前置分數,391.0,6.8,B,續強品質中,回檔不破前低｜低點墊高確認｜收盤守MA5｜回測守MA10｜回檔量縮,回檔承接尚可，若原策略入選，可優先觀察延續。,v266.57.9,7.45,0.55,0.5,GENERIC,測試排序分=原分數+結構前置分*策略權重+續強品質*策略權重；不覆蓋原策略,503.0,0.0,D,突破不足,,尚未形成乾淨突破，不急著升級。,v266.57.9,WATCH,0.55,0.35,0.75,7.33,697.0,最後後處理補寫：原分數+結構前置+續強品質+突破品質；不覆蓋原策略,0.0,,一般,6.011,v266.58.1,2026-10-01 01:22:38,觀察,0,0,持續觀察,前狀態:觀察→今日:觀察,NO,v266.60.2,6.011,30.0,0.0,0.0,0.0,11.101,552.0,20/40/60結構佳｜續強品質佳｜主力佈局語意,起漲前優先,v266.61,2026-10-01 01:22:44,8.0,洗盤不破承接,無事件,等待下一次確認。,6.608,603,v266.62,2026-10-01 01:22:46,24.0,0.0,18.0,0.0,-4.12,量能安靜｜洗盤整理不破｜主力吸籌文字確認,v266.68,2026-10-01 01:22:50,NOISE,雜訊：條件不足。,WATCH,432
2026-09-30,8923,WATCH,54,18.0,50以下,0.0,0,佈局觀察,波動壓縮 | 均線收斂 | 接近突破 | 結構尚可,True,False,False,True,False,True,9.0,A,起漲結構強,MA5站上MA10｜接近20日高｜40D平台收斂｜短中均線糾結｜40D低點守住｜接近/站回MA60｜MA60不再下彎｜近5日量縮,平台壓縮後轉強，可優先觀察起漲/試單。,v266.57.9,9.0,無原分數欄位｜僅顯示結構前置分數,391.0,6.7,B,續強品質中,回檔不破前低｜低點墊高確認｜收盤守MA5｜續強確認：收盤未跌破MA5｜MA5仍在MA10上,回檔承接尚可，若原策略入選，可優先觀察延續。,v266.57.9,7.3,0.55,0.5,GENERIC,測試排序分=原分數+結構前置分*策略權重+續強品質*策略權重；不覆蓋原策略,542.0,,,,,,,WATCH,0.55,0.35,0.75,7.295,700.0,最後後處理補寫：原分數+結構前置+續強品質+突破品質；不覆蓋原策略,0.0,,一般,5.982,v266.58.1,2026-10-01 01:22:38,觀察,0,0,持續觀察,前狀態:觀察→今日:觀察,NO,v266.60.2,5.982,30.0,0.0,0.0,0.0,11.098,553.0,20/40/60結構佳｜續強品質佳｜主力佈局語意,起漲前優先,v266.61,2026-10-01 01:22:44,8.0,洗盤不破承接,無事件,等待下一次確認。,6.587,604,v266.62,2026-10-01 01:22:46,24.0,0.0,18.0,0.0,-4.12,量能安靜｜洗盤整理不破｜主力吸籌文字確認,v266.68,2026-10-01 01:22:50,NOISE,雜訊：條件不足。,WATCH,433
2026-09-30,5474,WATCH,54,164.0,100-500,0.0,0,佈局觀察,波動壓縮 | 均線收斂 | 接近突破 | 結構尚可,True,False,False,True,False,True,10.0,A,起漲結構強,20D站上MA20｜MA20走平翻揚｜接近20日高｜40D平台收斂｜短中均線糾結｜40D低點守住｜接近/站回MA60｜MA60不再下彎｜站回60D區間中上,平台壓縮後轉強，可優先觀察起漲/試單。,v266.57.9,10.0,無原分數欄位｜僅顯示結構前置分數,253.0,8.0,A,續強品質強,回檔不破前低｜低點墊高確認｜收盤守MA5｜續強確認：收盤未跌破MA5｜回檔量縮｜仍站MA20,回檔承接尚可，若原策略入選，可優先觀察延續。,v266.57.9,8.5,0.55,0.5,GENERIC,測試排序分=原分數+結構前置分*策略權重+續強品質*策略權重；不覆蓋原策略,289.0,1.5,D,突破不足,收盤接近高點,尚未形成乾淨突破，不急著升級。,v266.57.9,WATCH,0.55,0.35,0.75,9.425,403.0,最後後處理補寫：原分數+結構前置+續強品質+突破品質；不覆蓋原策略,0.0,,一般,7.728,v266.58.1,2026-10-01 01:22:38,觀察,0,-5,降級風險,前狀態:突破中→今日:觀察｜狀態降級,RISK,v266.60.2,5.978,30.0,0.0,0.0,15.0,4.885,745.0,20/40/60結構佳｜續強品質佳｜主力佈局語意｜風險語意扣分,過熱降權,v266.61,2026-10-01 01:22:44,8.0,洗盤不破承接,無事件,等待下一次確認。,6.585,605,v266.62,2026-10-01 01:22:46,24.0,0.0,18.0,0.0,-4.12,量能安靜｜洗盤整理不破｜主力吸籌文字確認,v266.68,2026-10-01 01:22:50,NOISE,雜訊：條件不足。,WATCH,434
2026-09-30,6150,WATCH,54,63.6,50-100,0.0,0,佈局觀察,波動壓縮 | 均線收斂 | 接近突破 | 結構尚可,True,False,False,True,False,True,10.0,A,起漲結構強,20D站上MA20｜MA20走平翻揚｜接近20日高｜40D平台收斂｜短中均線糾結｜40D低點守住｜接近/站回MA60｜MA60不再下彎｜站回60D區間中上,平台壓縮後轉強，可優先觀察起漲/試單。,v266.57.9,10.0,無原分數欄位｜僅顯示結構前置分數,253.0,8.0,A,續強品質強,回檔不破前低｜低點墊高確認｜收盤守MA5｜續強確認：收盤未跌破MA5｜回檔量縮｜仍站MA20,回檔承接尚可，若原策略入選，可優先觀察延續。,v266.57.9,8.5,0.55,0.5,GENERIC,測試排序分=原分數+結構前置分*策略權重+續強品質*策略權重；不覆蓋原策略,289.0,1.5,D,突破不足,收盤接近高點,尚未形成乾淨突破，不急著升級。,v266.57.9,WATCH,0.55,0.35,0.75,9.425,403.0,最後後處理補寫：原分數+結構前置+續強品質+突破品質；不覆蓋原策略,0.0,,一般,7.728,v266.58.1,2026-10-01 01:22:38,觀察,0,-5,降級風險,前狀態:突破中→今日:觀察｜狀態降級,RISK,v266.60.2,5.978,30.0,0.0,0.0,15.0,4.885,745.0,20/40/60結構佳｜續強品質佳｜主力佈局語意｜風險語意扣分,過熱降權,v266.61,2026-10-01 01:22:44,8.0,洗盤不破承接,無事件,等待下一次確認。,6.585,606,v266.62,2026-10-01 01:22:46,24.0,0.0,18.0,0.0,-4.12,量能安靜｜洗盤整理不破｜主力吸籌文字確認,v266.68,2026-10-01 01:22:50,NOISE,雜訊：條件不足。,WATCH,435
2026-09-30,6953,WATCH,54,245.0,100-500,0.0,0,佈局觀察,波動壓縮 | 均線收斂 | 接近突破 | 結構尚可,True,False,False,True,False,True,10.0,A,起漲結構強,20D站上MA20｜MA20走平翻揚｜接近20日高｜40D平台收斂｜短中均線糾結｜40D低點守住｜接近/站回MA60｜MA60不再下彎｜站回60D區間中上,平台壓縮後轉強，可優先觀察起漲/試單。,v266.57.9,10.0,無原分數欄位｜僅顯示結構前置分數,253.0,8.0,A,續強品質強,回檔不破前低｜低點墊高確認｜收盤守MA5｜續強確認：收盤未跌破MA5｜回檔量縮｜仍站MA20,回檔承接尚可，若原策略入選，可優先觀察延續。,v266.57.9,8.5,0.55,0.5,GENERIC,測試排序分=原分數+結構前置分*策略權重+續強品質*策略權重；不覆蓋原策略,289.0,1.5,D,突破不足,收盤接近高點,尚未形成乾淨突破，不急著升級。,v266.57.9,WATCH,0.55,0.35,0.75,9.425,403.0,最後後處理補寫：原分數+結構前置+續強品質+突破品質；不覆蓋原策略,0.0,,一般,7.728,v266.58.1,2026-10-01 01:22:38,觀察,0,-5,降級風險,前狀態:突破中→今日:觀察｜狀態降級,RISK,v266.60.2,5.978,30.0,0.0,0.0,15.0,4.885,745.0,20/40/60結構佳｜續強品質佳｜主力佈局語意｜風險語意扣分,過熱降權,v266.61,2026-10-01 01:22:44,8.0,洗盤不破承接,無事件,等待下一次確認。,6.585,607,v266.62,2026-10-01 01:22:46,24.0,0.0,18.0,0.0,-4.12,量能安靜｜洗盤整理不破｜主力吸籌文字確認,v266.68,2026-10-01 01:22:50,NOISE,雜訊：條件不足。,WATCH,436
2026-09-30,5548,WATCH,54,20.15,50以下,0.0,0,佈局觀察,波動壓縮 | 均線收斂 | 接近突破 | 結構尚可,True,False,False,True,False,True,8.0,A,起漲結構強,MA20走平翻揚｜MA5站上MA10｜接近20日高｜40D平台收斂｜短中均線糾結｜40D低點守住｜接近/站回MA60,平台壓縮後轉強，可優先觀察起漲/試單。,v266.57.9,8.0,無原分數欄位｜僅顯示結構前置分數,556.0,6.5,B,續強品質中,回檔不破前低｜低點墊高確認｜收盤守MA5｜回測守MA10｜MA5仍在MA10上,回檔承接尚可，若原策略入選，可優先觀察延續。,v266.57.9,6.75,0.55,0.5,GENERIC,測試排序分=原分數+結構前置分*策略權重+續強品質*策略權重；不覆蓋原策略,621.0,0.8,D,突破不足,短均多頭,尚未形成乾淨突破，不急著升級。,v266.57.9,WATCH,0.55,0.35,0.75,7.275,701.0,最後後處理補寫：原分數+結構前置+續強品質+突破品質；不覆蓋原策略,0.0,,一般,5.966,v266.58.1,2026-10-01 01:22:38,觀察,0,0,持續觀察,前狀態:觀察→今日:觀察,NO,v266.60.2,5.966,30.0,0.0,0.0,0.0,11.097,554.0,20/40/60結構佳｜續強品質佳｜主力佈局語意,起漲前優先,v266.61,2026-10-01 01:22:44,8.0,洗盤不破承接,無事件,等待下一次確認。,6.576,608,v266.62,2026-10-01 01:22:46,24.0,0.0,18.0,0.0,-4.12,量能安靜｜洗盤整理不破｜主力吸籌文字確認,v266.68,2026-10-01 01:22:50,NOISE,雜訊：條件不足。,WATCH,437
2026-09-30,9933,WATCH,54,40.7,50以下,0.0,0,佈局觀察,波動壓縮 | 均線收斂 | 接近突破 | 結構尚可,True,False,False,True,False,True,8.0,A,起漲結構強,40D平台收斂｜短中均線糾結｜40D低點守住｜接近/站回MA60｜MA60不再下彎｜站回60D區間中上｜近5日量縮,平台壓縮後轉強，可優先觀察起漲/試單。,v266.57.9,8.0,無原分數欄位｜僅顯示結構前置分數,556.0,5.0,B,續強品質中,回檔不破前低｜低點墊高確認｜收盤守MA5｜回檔量縮｜扣分:跌破短均,回檔承接尚可，若原策略入選，可優先觀察延續。,v266.57.9,6.9,0.55,0.5,GENERIC,測試排序分=原分數+結構前置分*策略權重+續強品質*策略權重；不覆蓋原策略,592.0,1.5,D,突破不足,收盤接近高點,尚未形成乾淨突破，不急著升級。,v266.57.9,WATCH,0.55,0.35,0.75,7.275,701.0,最後後處理補寫：原分數+結構前置+續強品質+突破品質；不覆蓋原策略,0.0,,一般,5.966,v266.58.1,2026-10-01 01:22:38,觀察,0,0,持續觀察,前狀態:觀察→今日:觀察,NO,v266.60.2,5.966,30.0,0.0,0.0,0.0,11.097,554.0,20/40/60結構佳｜續強品質佳｜主力佈局語意,起漲前優先,v266.61,2026-10-01 01:22:44,8.0,洗盤不破承接,無事件,等待下一次確認。,6.576,609,v266.62,2026-10-01 01:22:46,24.0,0.0,18.0,0.0,-4.12,量能安靜｜洗盤整理不破｜主力吸籌文字確認,v266.68,2026-10-01 01:22:50,NOISE,雜訊：條件不足。,WATCH,438
2026-09-30,4538,WATCH,54,17.35,50以下,0.0,0,佈局觀察,波動壓縮 | 均線收斂 | 接近突破 | 結構尚可,True,False,False,True,False,True,8.0,A,起漲結構強,MA20走平翻揚｜MA5站上MA10｜接近20日高｜40D平台收斂｜短中均線糾結｜40D低點守住｜接近/站回MA60,平台壓縮後轉強，可優先觀察起漲/試單。,v266.57.9,8.0,無原分數欄位｜僅顯示結構前置分數,556.0,6.5,B,續強品質中,回檔不破前低｜低點墊高確認｜收盤守MA5｜回測守MA10｜MA5仍在MA10上,回檔承接尚可，若原策略入選，可優先觀察延續。,v266.57.9,6.75,0.55,0.5,GENERIC,測試排序分=原分數+結構前置分*策略權重+續強品質*策略權重；不覆蓋原策略,621.0,0.8,D,突破不足,短均多頭,尚未形成乾淨突破，不急著升級。,v266.57.9,WATCH,0.55,0.35,0.75,7.275,701.0,最後後處理補寫：原分數+結構前置+續強品質+突破品質；不覆蓋原策略,0.0,,一般,5.966,v266.58.1,2026-10-01 01:22:38,觀察,0,0,持續觀察,前狀態:觀察→今日:觀察,NO,v266.60.2,5.966,30.0,0.0,0.0,0.0,11.097,554.0,20/40/60結構佳｜續強品質佳｜主力佈局語意,起漲前優先,v266.61,2026-10-01 01:22:44,8.0,洗盤不破承接,無事件,等待下一次確認。,6.576,610,v266.62,2026-10-01 01:22:46,24.0,0.0,18.0,0.0,-4.12,量能安靜｜洗盤整理不破｜主力吸籌文字確認,v266.68,2026-10-01 01:22:50,NOISE,雜訊：條件不足。,WATCH,439
2026-09-30,8086,WATCH,54,114.5,100-500,0.0,0,佈局觀察,波動壓縮 | 均線收斂 | 接近突破 | 結構尚可,True,False,False,True,False,True,7.0,B,起漲結構中,20D站上MA20｜MA20走平翻揚｜接近20日高｜40D平台收斂｜短中均線糾結｜接近/站回MA60,平台壓縮後轉強，可優先觀察起漲/試單。,v266.57.9,7.0,無原分數欄位｜僅顯示結構前置分數,710.0,6.5,B,續強品質中,回檔不破前低｜低點墊高確認｜收盤守MA5｜續強確認：收盤未跌破MA5｜仍站MA20,回檔承接尚可，若原策略入選，可優先觀察延續。,v266.57.9,6.1,0.55,0.5,GENERIC,測試排序分=原分數+結構前置分*策略權重+續強品質*策略權重；不覆蓋原策略,748.0,1.5,D,突破不足,收盤接近高點,尚未形成乾淨突破，不急著升級。,v266.57.9,WATCH,0.55,0.35,0.75,7.25,704.0,最後後處理補寫：原分數+結構前置+續強品質+突破品質；不覆蓋原策略,0.0,,一般,5.945,v266.58.1,2026-10-01 01:22:38,觀察,0,0,持續觀察,前狀態:觀察→今日:觀察,NO,v266.60.2,5.945,30.0,0.0,0.0,0.0,11.094,557.0,20/40/60結構佳｜續強品質佳｜主力佈局語意,起漲前優先,v266.61,2026-10-01 01:22:44,8.0,洗盤不破承接,無事件,等待下一次確認。,6.562,611,v266.62,2026-10-01 01:22:46,24.0,0.0,18.0,0.0,-4.12,量能安靜｜洗盤整理不破｜主力吸籌文字確認,v266.68,2026-10-01 01:22:50,NOISE,雜訊：條件不足。,WATCH,440
2026-09-30,1584,WATCH,54,18.85,50以下,0.0,0,佈局觀察,安靜吸籌 | 均線收斂 | 接近突破 | 結構尚可,False,True,False,True,False,True,9.0,A,起漲結構強,20D站上MA20｜MA20走平翻揚｜接近20日高｜40D平台收斂｜短中均線糾結｜40D低點守住｜接近/站回MA60｜MA60不再下彎,平台壓縮後轉強，可優先觀察起漲/試單。,v266.57.9,9.0,無原分數欄位｜僅顯示結構前置分數,391.0,6.5,B,續強品質中,回檔不破前低｜低點墊高確認｜收盤守MA5｜續強確認：收盤未跌破MA5｜仍站MA20,回檔承接尚可，若原策略入選，可優先觀察延續。,v266.57.9,7.2,0.55,0.5,GENERIC,測試排序分=原分數+結構前置分*策略權重+續強品質*策略權重；不覆蓋原策略,568.0,0.0,D,突破不足,,尚未形成乾淨突破，不急著升級。,v266.57.9,WATCH,0.55,0.35,0.75,7.225,707.0,最後後處理補寫：原分數+結構前置+續強品質+突破品質；不覆蓋原策略,0.0,,一般,5.924,v266.58.1,2026-10-01 01:22:38,觀察,0,0,持續觀察,前狀態:觀察→今日:觀察,NO,v266.60.2,5.924,30.0,0.0,0.0,0.0,11.092,558.0,20/40/60結構佳｜續強品質佳｜主力佈局語意,起漲前優先,v266.61,2026-10-01 01:22:44,8.0,洗盤不破承接,無事件,等待下一次確認。,6.547,612,v266.62,2026-10-01 01:22:46,24.0,0.0,18.0,0.0,-4.12,量能安靜｜洗盤整理不破｜主力吸籌文字確認,v266.68,2026-10-01 01:22:50,NOISE,雜訊：條件不足。,WATCH,441
2026-09-30,8109,WATCH,54,135.0,100-500,0.0,0,佈局觀察,波動壓縮 | 均線收斂 | 接近突破 | 結構尚可,True,False,False,True,False,True,9.0,A,起漲結構強,20D站上MA20｜MA20走平翻揚｜接近20日高｜40D平台收斂｜短中均線糾結｜40D低點守住｜接近/站回MA60｜MA60不再下彎,平台壓縮後轉強，可優先觀察起漲/試單。,v266.57.9,9.0,無原分數欄位｜僅顯示結構前置分數,391.0,6.5,B,續強品質中,回檔不破前低｜低點墊高確認｜收盤守MA5｜續強確認：收盤未跌破MA5｜仍站MA20,回檔承接尚可，若原策略入選，可優先觀察延續。,v266.57.9,7.2,0.55,0.5,GENERIC,測試排序分=原分數+結構前置分*策略權重+續強品質*策略權重；不覆蓋原策略,568.0,0.0,D,突破不足,,尚未形成乾淨突破，不急著升級。,v266.57.9,WATCH,0.55,0.35,0.75,7.225,707.0,最後後處理補寫：原分數+結構前置+續強品質+突破品質；不覆蓋原策略,0.0,,一般,5.924,v266.58.1,2026-10-01 01:22:38,觀察,0,0,持續觀察,前狀態:觀察→今日:觀察,NO,v266.60.2,5.924,30.0,0.0,0.0,0.0,11.092,558.0,20/40/60結構佳｜續強品質佳｜主力佈局語意,起漲前優先,v266.61,2026-10-01 01:22:44,8.0,洗盤不破承接,無事件,等待下一次確認。,6.547,613,v266.62,2026-10-01 01:22:46,24.0,0.0,18.0,0.0,-4.12,量能安靜｜洗盤整理不破｜主力吸籌文字確認,v266.68,2026-10-01 01:22:50,NOISE,雜訊：條件不足。,WATCH,442
2026-09-30,4909,WATCH,54,36.4,50以下,0.0,0,佈局觀察,波動壓縮 | 均線收斂 | 接近突破 | 結構尚可,True,False,False,True,False,True,6.0,B,起漲結構中,20D站上MA20｜接近20日高｜40D平台收斂｜短中均線糾結｜接近/站回MA60,平台壓縮後轉強，可優先觀察起漲/試單。,v266.57.9,6.0,無原分數欄位｜僅顯示結構前置分數,828.0,8.0,A,續強品質強,回檔不破前低｜低點墊高確認｜收盤守MA5｜續強確認：收盤未跌破MA5｜回檔量縮｜仍站MA20,回檔承接尚可，若原策略入選，可優先觀察延續。,v266.57.9,6.3,0.55,0.5,GENERIC,測試排序分=原分數+結構前置分*策略權重+續強品質*策略權重；不覆蓋原策略,711.0,1.5,D,突破不足,收盤接近高點,尚未形成乾淨突破，不急著升級。,v266.57.9,WATCH,0.55,0.35,0.75,7.225,707.0,最後後處理補寫：原分數+結構前置+續強品質+突破品質；不覆蓋原策略,0.0,,一般,5.924,v266.58.1,2026-10-01 01:22:38,觀察,0,0,持續觀察,前狀態:觀察→今日:觀察,NO,v266.60.2,5.924,30.0,0.0,0.0,0.0,11.092,558.0,20/40/60結構佳｜續強品質佳｜主力佈局語意,起漲前優先,v266.61,2026-10-01 01:22:44,8.0,洗盤不破承接,無事件,等待下一次確認。,6.547,614,v266.62,2026-10-01 01:22:46,24.0,0.0,18.0,0.0,-4.12,量能安靜｜洗盤整理不破｜主力吸籌文字確認,v266.68,2026-10-01 01:22:50,NOISE,雜訊：條件不足。,WATCH,443
2026-09-30,4568,WATCH,54,39.45,50以下,0.0,0,佈局觀察,波動壓縮 | 均線收斂 | 接近突破 | 結構尚可,True,False,False,True,False,True,9.0,A,起漲結構強,20D站上MA20｜MA20走平翻揚｜接近20日高｜40D平台收斂｜短中均線糾結｜40D低點守住｜接近/站回MA60｜MA60不再下彎,平台壓縮後轉強，可優先觀察起漲/試單。,v266.57.9,7.0,無原分數欄位｜僅顯示結構前置分數,710.0,6.5,B,續強品質中,回檔不破前低｜低點墊高確認｜收盤守MA5｜續強確認：收盤未跌破MA5｜仍站MA20,回檔承接尚可，若原策略入選，可優先觀察延續。,v266.57.9,5.35,0.55,0.5,GENERIC,測試排序分=原分數+結構前置分*策略權重+續強品質*策略權重；不覆蓋原策略,849.0,0.0,D,突破不足,,尚未形成乾淨突破，不急著升級。,v266.57.9,WATCH,0.55,0.35,0.75,7.225,707.0,最後後處理補寫：原分數+結構前置+續強品質+突破品質；不覆蓋原策略,0.0,,一般,5.924,v266.58.1,2026-10-01 01:22:38,觀察,0,0,持續觀察,前狀態:觀察→今日:觀察,NO,v266.60.2,5.924,30.0,0.0,0.0,0.0,11.092,558.0,20/40/60結構佳｜續強品質佳｜主力佈局語意,起漲前優先,v266.61,2026-10-01 01:22:44,8.0,洗盤不破承接,無事件,等待下一次確認。,6.547,615,v266.62,2026-10-01 01:22:46,24.0,0.0,18.0,0.0,-4.12,量能安靜｜洗盤整理不破｜主力吸籌文字確認,v266.68,2026-10-01 01:22:50,NOISE,雜訊：條件不足。,WATCH,444
2026-09-30,3176,WATCH,54,37.7,50以下,0.0,0,佈局觀察,波動壓縮 | 均線收斂 | 接近突破 | 結構尚可,True,False,False,True,False,True,10.0,A,起漲結構強,20D站上MA20｜MA20走平翻揚｜40D平台收斂｜短中均線糾結｜40D低點守住｜接近/站回MA60｜MA60不再下彎｜站回60D區間中上｜近5日量縮,平台壓縮後轉強，可優先觀察起漲/試單。,v266.57.9,10.0,無原分數欄位｜僅顯示結構前置分數,253.0,7.8,A,續強品質強,回檔不破前低｜低點墊高確認｜收盤守MA5｜回測守MA10｜回檔量縮｜仍站MA20,回檔承接尚可，若原策略入選，可優先觀察延續。,v266.57.9,8.5,0.55,0.5,GENERIC,測試排序分=原分數+結構前置分*策略權重+續強品質*策略權重；不覆蓋原策略,289.0,1.5,D,突破不足,收盤接近高點,尚未形成乾淨突破，不急著升級。,v266.57.9,WATCH,0.55,0.35,0.75,9.355,412.0,最後後處理補寫：原分數+結構前置+續強品質+突破品質；不覆蓋原策略,0.0,,一般,7.671,v266.58.1,2026-10-01 01:22:38,觀察,0,-5,降級風險,前狀態:突破中→今日:觀察｜狀態降級,RISK,v266.60.2,5.921,30.0,0.0,0.0,15.0,4.88,748.0,20/40/60結構佳｜續強品質佳｜主力佈局語意｜風險語意扣分,過熱降權,v266.61,2026-10-01 01:22:44,8.0,洗盤不破承接,無事件,等待下一次確認。,6.545,616,v266.62,2026-10-01 01:22:46,24.0,0.0,18.0,0.0,-4.12,量能安靜｜洗盤整理不破｜主力吸籌文字確認,v266.68,2026-10-01 01:22:50,NOISE,雜訊：條件不足。,WATCH,445
2026-09-30,3228,WATCH,54,182.0,100-500,0.0,0,佈局觀察,波動壓縮 | 均線收斂 | 接近突破 | 結構尚可,True,False,False,True,False,True,11.0,A,起漲結構強,20D站上MA20｜MA20走平翻揚｜MA5站上MA10｜接近20日高｜40D平台收斂｜短中均線糾結｜40D低點守住｜接近/站回MA60｜MA60不再下彎｜站回60D區間中上,平台壓縮後轉強，可優先觀察起漲/試單。,v266.57.9,11.0,無原分數欄位｜僅顯示結構前置分數,137.0,7.7,A,續強品質強,回檔不破前低｜低點墊高確認｜收盤守MA5｜續強確認：收盤未跌破MA5｜MA5仍在MA10上｜仍站MA20,回檔承接尚可，若原策略入選，可優先觀察延續。,v266.57.9,8.9,0.55,0.5,GENERIC,測試排序分=原分數+結構前置分*策略權重+續強品質*策略權重；不覆蓋原策略,216.0,0.8,D,突破不足,短均多頭,尚未形成乾淨突破，不急著升級。,v266.57.9,WATCH,0.55,0.35,0.75,9.345,414.0,最後後處理補寫：原分數+結構前置+續強品質+突破品質；不覆蓋原策略,0.0,,一般,7.663,v266.58.1,2026-10-01 01:22:38,觀察,0,-5,降級風險,前狀態:突破中→今日:觀察｜狀態降級,RISK,v266.60.2,5.913,30.0,0.0,0.0,15.0,4.879,749.0,20/40/60結構佳｜續強品質佳｜主力佈局語意｜風險語意扣分,過熱降權,v266.61,2026-10-01 01:22:44,8.0,洗盤不破承接,無事件,等待下一次確認。,6.539,617,v266.62,2026-10-01 01:22:46,24.0,0.0,18.0,0.0,-4.12,量能安靜｜洗盤整理不破｜主力吸籌文字確認,v266.68,2026-10-01 01:22:50,NOISE,雜訊：條件不足。,WATCH,446
2026-09-30,5016,WATCH,54,25.55,50以下,0.0,0,佈局觀察,安靜吸籌 | 均線收斂 | 接近突破 | 結構尚可,False,True,False,True,False,True,11.0,A,起漲結構強,20D站上MA20｜MA20走平翻揚｜MA5站上MA10｜接近20日高｜40D平台收斂｜短中均線糾結｜40D低點守住｜接近/站回MA60｜MA60不再下彎｜站回60D區間中上,平台壓縮後轉強，可優先觀察起漲/試單。,v266.57.9,11.0,無原分數欄位｜僅顯示結構前置分數,137.0,7.7,A,續強品質強,回檔不破前低｜低點墊高確認｜收盤守MA5｜續強確認：收盤未跌破MA5｜MA5仍在MA10上｜仍站MA20,回檔承接尚可，若原策略入選，可優先觀察延續。,v266.57.9,8.9,0.55,0.5,GENERIC,測試排序分=原分數+結構前置分*策略權重+續強品質*策略權重；不覆蓋原策略,216.0,0.8,D,突破不足,短均多頭,尚未形成乾淨突破，不急著升級。,v266.57.9,WATCH,0.55,0.35,0.75,9.345,414.0,最後後處理補寫：原分數+結構前置+續強品質+突破品質；不覆蓋原策略,0.0,,一般,7.663,v266.58.1,2026-10-01 01:22:38,觀察,0,-5,降級風險,前狀態:突破中→今日:觀察｜狀態降級,RISK,v266.60.2,5.913,30.0,0.0,0.0,15.0,4.879,749.0,20/40/60結構佳｜續強品質佳｜主力佈局語意｜風險語意扣分,過熱降權,v266.61,2026-10-01 01:22:44,8.0,洗盤不破承接,無事件,等待下一次確認。,6.539,618,v266.62,2026-10-01 01:22:46,24.0,0.0,18.0,0.0,-4.12,量能安靜｜洗盤整理不破｜主力吸籌文字確認,v266.68,2026-10-01 01:22:50,NOISE,雜訊：條件不足。,WATCH,447
2026-09-30,3226,WATCH,54,60.4,50-100,0.0,0,佈局觀察,波動壓縮 | 均線收斂 | 接近突破 | 結構尚可,True,False,False,True,False,True,11.0,A,起漲結構強,20D站上MA20｜MA20走平翻揚｜MA5站上MA10｜接近20日高｜40D平台收斂｜短中均線糾結｜40D低點守住｜接近/站回MA60｜MA60不再下彎｜站回60D區間中上,平台壓縮後轉強，可優先觀察起漲/試單。,v266.57.9,11.0,無原分數欄位｜僅顯示結構前置分數,137.0,7.7,A,續強品質強,回檔不破前低｜低點墊高確認｜收盤守MA5｜續強確認：收盤未跌破MA5｜MA5仍在MA10上｜仍站MA20,回檔承接尚可，若原策略入選，可優先觀察延續。,v266.57.9,8.9,0.55,0.5,GENERIC,測試排序分=原分數+結構前置分*策略權重+續強品質*策略權重；不覆蓋原策略,216.0,0.8,D,突破不足,短均多頭,尚未形成乾淨突破，不急著升級。,v266.57.9,WATCH,0.55,0.35,0.75,9.345,414.0,最後後處理補寫：原分數+結構前置+續強品質+突破品質；不覆蓋原策略,0.0,,一般,7.663,v266.58.1,2026-10-01 01:22:38,觀察,0,-5,降級風險,前狀態:突破中→今日:觀察｜狀態降級,RISK,v266.60.2,5.913,30.0,0.0,0.0,15.0,4.879,749.0,20/40/60結構佳｜續強品質佳｜主力佈局語意｜風險語意扣分,過熱降權,v266.61,2026-10-01 01:22:44,8.0,洗盤不破承接,無事件,等待下一次確認。,6.539,619,v266.62,2026-10-01 01:22:46,24.0,0.0,18.0,0.0,-4.12,量能安靜｜洗盤整理不破｜主力吸籌文字確認,v266.68,2026-10-01 01:22:50,NOISE,雜訊：條件不足。,WATCH,448
2026-09-30,3005,WATCH,54,116.5,100-500,0.0,0,佈局觀察,波動壓縮 | 均線收斂 | 接近突破 | 結構尚可,True,False,False,True,False,True,12.0,A,起漲結構強,20D站上MA20｜MA20走平翻揚｜MA5站上MA10｜接近20日高｜40D平台收斂｜短中均線糾結｜40D低點守住｜接近/站回MA60｜MA60不再下彎｜站回60D區間中上｜近5日量縮,平台壓縮後轉強，可優先觀察起漲/試單。,v266.57.9,12.0,無原分數欄位｜僅顯示結構前置分數,1.0,5.7,B,續強品質中,回檔不破前低｜低點墊高確認｜回檔量縮｜MA5仍在MA10上｜仍站MA20｜扣分:跌破短均,回檔承接尚可，若原策略入選，可優先觀察延續。,v266.57.9,8.95,0.55,0.5,GENERIC,測試排序分=原分數+結構前置分*策略權重+續強品質*策略權重；不覆蓋原策略,209.0,1.0,D,突破不足,量能較前日放大｜短均多頭｜扣分:收盤位置偏弱,尚未形成乾淨突破，不急著升級。,v266.57.9,WATCH,0.55,0.35,0.75,9.345,414.0,最後後處理補寫：原分數+結構前置+續強品質+突破品質；不覆蓋原策略,0.0,,一般,7.663,v266.58.1,2026-10-01 01:22:38,觀察,0,-5,降級風險,前狀態:突破中→今日:觀察｜狀態降級,RISK,v266.60.2,5.913,30.0,0.0,0.0,15.0,4.879,749.0,20/40/60結構佳｜續強品質佳｜主力佈局語意｜風險語意扣分,過熱降權,v266.61,2026-10-01 01:22:44,8.0,洗盤不破承接,無事件,等待下一次確認。,6.539,620,v266.62,2026-10-01 01:22:46,24.0,0.0,18.0,0.0,-4.12,量能安靜｜洗盤整理不破｜主力吸籌文字確認,v266.68,2026-10-01 01:22:50,NOISE,雜訊：條件不足。,WATCH,449
2026-09-30,3498,WATCH,54,229.0,100-500,0.0,0,佈局觀察,波動壓縮 | 均線收斂 | 接近突破 | 結構尚可,True,False,False,True,False,True,11.0,A,起漲結構強,20D站上MA20｜MA20走平翻揚｜MA5站上MA10｜接近20日高｜40D平台收斂｜短中均線糾結｜40D低點守住｜接近/站回MA60｜MA60不再下彎｜站回60D區間中上,平台壓縮後轉強，可優先觀察起漲/試單。,v266.57.9,11.0,無原分數欄位｜僅顯示結構前置分數,137.0,7.7,A,續強品質強,回檔不破前低｜低點墊高確認｜收盤守MA5｜續強確認：收盤未跌破MA5｜MA5仍在MA10上｜仍站MA20,回檔承接尚可，若原策略入選，可優先觀察延續。,v266.57.9,8.9,0.55,0.5,GENERIC,測試排序分=原分數+結構前置分*策略權重+續強品質*策略權重；不覆蓋原策略,216.0,0.8,D,突破不足,短均多頭,尚未形成乾淨突破，不急著升級。,v266.57.9,WATCH,0.55,0.35,0.75,9.345,414.0,最後後處理補寫：原分數+結構前置+續強品質+突破品質；不覆蓋原策略,0.0,,一般,7.663,v266.58.1,2026-10-01 01:22:38,觀察,0,-5,降級風險,前狀態:突破中→今日:觀察｜狀態降級,RISK,v266.60.2,5.913,30.0,0.0,0.0,15.0,4.879,749.0,20/40/60結構佳｜續強品質佳｜主力佈局語意｜風險語意扣分,過熱降權,v266.61,2026-10-01 01:22:44,8.0,洗盤不破承接,無事件,等待下一次確認。,6.539,621,v266.62,2026-10-01 01:22:46,24.0,0.0,18.0,0.0,-4.12,量能安靜｜洗盤整理不破｜主力吸籌文字確認,v266.68,2026-10-01 01:22:50,NOISE,雜訊：條件不足。,WATCH,450
2026-09-30,3680,WATCH,54,555.0,500-1000,0.0,0,佈局觀察,波動壓縮 | 均線收斂 | 接近突破 | 結構尚可,True,False,False,True,False,True,11.0,A,起漲結構強,20D站上MA20｜MA20走平翻揚｜MA5站上MA10｜接近20日高｜40D平台收斂｜短中均線糾結｜40D低點守住｜接近/站回MA60｜MA60不再下彎｜站回60D區間中上,平台壓縮後轉強，可優先觀察起漲/試單。,v266.57.9,11.0,無原分數欄位｜僅顯示結構前置分數,137.0,7.7,A,續強品質強,回檔不破前低｜低點墊高確認｜收盤守MA5｜續強確認：收盤未跌破MA5｜MA5仍在MA10上｜仍站MA20,回檔承接尚可，若原策略入選，可優先觀察延續。,v266.57.9,8.9,0.55,0.5,GENERIC,測試排序分=原分數+結構前置分*策略權重+續強品質*策略權重；不覆蓋原策略,216.0,0.8,D,突破不足,短均多頭,尚未形成乾淨突破，不急著升級。,v266.57.9,WATCH,0.55,0.35,0.75,9.345,414.0,最後後處理補寫：原分數+結構前置+續強品質+突破品質；不覆蓋原策略,0.0,,一般,7.663,v266.58.1,2026-10-01 01:22:38,觀察,0,-5,降級風險,前狀態:突破中→今日:觀察｜狀態降級,RISK,v266.60.2,5.913,30.0,0.0,0.0,15.0,4.879,749.0,20/40/60結構佳｜續強品質佳｜主力佈局語意｜風險語意扣分,過熱降權,v266.61,2026-10-01 01:22:44,8.0,洗盤不破承接,無事件,等待下一次確認。,6.539,622,v266.62,2026-10-01 01:22:46,24.0,0.0,18.0,0.0,-4.12,量能安靜｜洗盤整理不破｜主力吸籌文字確認,v266.68,2026-10-01 01:22:50,NOISE,雜訊：條件不足。,WATCH,451
2026-09-30,6154,WATCH,54,14.2,50以下,0.0,0,佈局觀察,波動壓縮 | 均線收斂 | 接近突破 | 結構尚可,True,False,False,True,False,True,11.0,A,起漲結構強,20D站上MA20｜MA20走平翻揚｜MA5站上MA10｜接近20日高｜40D平台收斂｜短中均線糾結｜40D低點守住｜接近/站回MA60｜MA60不再下彎｜站回60D區間中上,平台壓縮後轉強，可優先觀察起漲/試單。,v266.57.9,9.0,無原分數欄位｜僅顯示結構前置分數,391.0,7.7,A,續強品質強,回檔不破前低｜低點墊高確認｜收盤守MA5｜續強確認：收盤未跌破MA5｜MA5仍在MA10上｜仍站MA20,回檔承接尚可，若原策略入選，可優先觀察延續。,v266.57.9,7.05,0.55,0.5,GENERIC,測試排序分=原分數+結構前置分*策略權重+續強品質*策略權重；不覆蓋原策略,583.0,0.8,D,突破不足,短均多頭,尚未形成乾淨突破，不急著升級。,v266.57.9,WATCH,0.55,0.35,0.75,9.345,414.0,最後後處理補寫：原分數+結構前置+續強品質+突破品質；不覆蓋原策略,0.0,,一般,7.663,v266.58.1,2026-10-01 01:22:38,觀察,0,-5,降級風險,前狀態:突破中→今日:觀察｜狀態降級,RISK,v266.60.2,5.913,30.0,0.0,0.0,15.0,4.879,749.0,20/40/60結構佳｜續強品質佳｜主力佈局語意｜風險語意扣分,過熱降權,v266.61,2026-10-01 01:22:44,8.0,洗盤不破承接,無事件,等待下一次確認。,6.539,623,v266.62,2026-10-01 01:22:46,24.0,0.0,18.0,0.0,-4.12,量能安靜｜洗盤整理不破｜主力吸籌文字確認,v266.68,2026-10-01 01:22:50,NOISE,雜訊：條件不足。,WATCH,452
2026-09-30,3631,WATCH,54,40.5,50以下,0.0,0,佈局觀察,波動壓縮 | 均線收斂 | 接近突破 | 結構尚可,True,False,False,True,False,True,11.0,A,起漲結構強,20D站上MA20｜MA20走平翻揚｜MA5站上MA10｜接近20日高｜40D平台收斂｜短中均線糾結｜40D低點守住｜接近/站回MA60｜MA60不再下彎｜站回60D區間中上,平台壓縮後轉強，可優先觀察起漲/試單。,v266.57.9,11.0,無原分數欄位｜僅顯示結構前置分數,137.0,7.7,A,續強品質強,回檔不破前低｜低點墊高確認｜收盤守MA5｜續強確認：收盤未跌破MA5｜MA5仍在MA10上｜仍站MA20,回檔承接尚可，若原策略入選，可優先觀察延續。,v266.57.9,8.9,0.55,0.5,GENERIC,測試排序分=原分數+結構前置分*策略權重+續強品質*策略權重；不覆蓋原策略,216.0,0.8,D,突破不足,短均多頭,尚未形成乾淨突破，不急著升級。,v266.57.9,WATCH,0.55,0.35,0.75,9.345,414.0,最後後處理補寫：原分數+結構前置+續強品質+突破品質；不覆蓋原策略,0.0,,一般,7.663,v266.58.1,2026-10-01 01:22:38,觀察,0,-5,降級風險,前狀態:突破中→今日:觀察｜狀態降級,RISK,v266.60.2,5.913,30.0,0.0,0.0,15.0,4.879,749.0,20/40/60結構佳｜續強品質佳｜主力佈局語意｜風險語意扣分,過熱降權,v266.61,2026-10-01 01:22:44,8.0,洗盤不破承接,無事件,等待下一次確認。,6.539,624,v266.62,2026-10-01 01:22:46,24.0,0.0,18.0,0.0,-4.12,量能安靜｜洗盤整理不破｜主力吸籌文字確認,v266.68,2026-10-01 01:22:50,NOISE,雜訊：條件不足。,WATCH,453
2026-09-30,6171,WATCH,54,26.75,50以下,0.0,0,佈局觀察,波動壓縮 | 均線收斂 | 接近突破 | 結構尚可,True,False,False,True,False,True,11.0,A,起漲結構強,20D站上MA20｜MA20走平翻揚｜MA5站上MA10｜接近20日高｜40D平台收斂｜短中均線糾結｜40D低點守住｜接近/站回MA60｜MA60不再下彎｜站回60D區間中上,平台壓縮後轉強，可優先觀察起漲/試單。,v266.57.9,9.0,無原分數欄位｜僅顯示結構前置分數,391.0,7.7,A,續強品質強,回檔不破前低｜低點墊高確認｜收盤守MA5｜續強確認：收盤未跌破MA5｜MA5仍在MA10上｜仍站MA20,回檔承接尚可，若原策略入選，可優先觀察延續。,v266.57.9,7.05,0.55,0.5,GENERIC,測試排序分=原分數+結構前置分*策略權重+續強品質*策略權重；不覆蓋原策略,583.0,0.8,D,突破不足,短均多頭,尚未形成乾淨突破，不急著升級。,v266.57.9,WATCH,0.55,0.35,0.75,9.345,414.0,最後後處理補寫：原分數+結構前置+續強品質+突破品質；不覆蓋原策略,0.0,,一般,7.663,v266.58.1,2026-10-01 01:22:38,觀察,0,-5,降級風險,前狀態:突破中→今日:觀察｜狀態降級,RISK,v266.60.2,5.913,30.0,0.0,0.0,15.0,4.879,749.0,20/40/60結構佳｜續強品質佳｜主力佈局語意｜風險語意扣分,過熱降權,v266.61,2026-10-01 01:22:44,8.0,洗盤不破承接,無事件,等待下一次確認。,6.539,625,v266.62,2026-10-01 01:22:46,24.0,0.0,18.0,0.0,-4.12,量能安靜｜洗盤整理不破｜主力吸籌文字確認,v266.68,2026-10-01 01:22:50,NOISE,雜訊：條件不足。,WATCH,454
2026-09-30,6486,WATCH,54,80.6,50-100,0.0,0,佈局觀察,波動壓縮 | 均線收斂 | 接近突破 | 結構尚可,True,False,False,True,False,True,10.0,A,起漲結構強,MA20走平翻揚｜接近20日高｜40D平台收斂｜短中均線糾結｜40D低點守住｜接近/站回MA60｜MA60不再下彎｜站回60D區間中上｜近5日量縮,平台壓縮後轉強，可優先觀察起漲/試單。,v266.57.9,10.0,無原分數欄位｜僅顯示結構前置分數,253.0,7.0,A,續強品質強,回檔不破前低｜低點墊高確認｜收盤守MA5｜續強確認：收盤未跌破MA5｜回檔量縮,回檔承接尚可，若原策略入選，可優先觀察延續。,v266.57.9,8.0,0.55,0.5,GENERIC,測試排序分=原分數+結構前置分*策略權重+續強品質*策略權重；不覆蓋原策略,371.0,-1.0,D,突破不足,扣分:收盤位置偏弱,尚未形成乾淨突破，不急著升級。,v266.57.9,WATCH,0.55,0.35,0.75,7.2,714.0,最後後處理補寫：原分數+結構前置+續強品質+突破品質；不覆蓋原策略,0.0,,一般,5.904,v266.58.1,2026-10-01 01:22:38,觀察,0,0,持續觀察,前狀態:觀察→今日:觀察,NO,v266.60.2,5.904,30.0,0.0,0.0,0.0,11.09,562.0,20/40/60結構佳｜續強品質佳｜主力佈局語意,起漲前優先,v266.61,2026-10-01 01:22:44,8.0,洗盤不破承接,無事件,等待下一次確認。,6.533,626,v266.62,2026-10-01 01:22:46,24.0,0.0,18.0,0.0,-4.12,量能安靜｜洗盤整理不破｜主力吸籌文字確認,v266.68,2026-10-01 01:22:50,NOISE,雜訊：條件不足。,WATCH,455
2026-09-30,6113,WATCH,54,22.65,50以下,0.0,0,佈局觀察,波動壓縮 | 均線收斂 | 接近突破 | 結構尚可,True,False,False,True,False,True,8.0,A,起漲結構強,20D站上MA20｜MA20走平翻揚｜接近20日高｜40D平台收斂｜短中均線糾結｜40D低點守住｜接近/站回MA60,平台壓縮後轉強，可優先觀察起漲/試單。,v266.57.9,8.0,無原分數欄位｜僅顯示結構前置分數,556.0,8.0,A,續強品質強,回檔不破前低｜低點墊高確認｜收盤守MA5｜續強確認：收盤未跌破MA5｜回檔量縮｜仍站MA20,回檔承接尚可，若原策略入選，可優先觀察延續。,v266.57.9,7.4,0.55,0.5,GENERIC,測試排序分=原分數+結構前置分*策略權重+續強品質*策略權重；不覆蓋原策略,521.0,0.0,D,突破不足,,尚未形成乾淨突破，不急著升級。,v266.57.9,WATCH,0.55,0.35,0.75,7.2,714.0,最後後處理補寫：原分數+結構前置+續強品質+突破品質；不覆蓋原策略,0.0,,一般,5.904,v266.58.1,2026-10-01 01:22:38,觀察,0,0,持續觀察,前狀態:觀察→今日:觀察,NO,v266.60.2,5.904,30.0,0.0,0.0,0.0,11.09,562.0,20/40/60結構佳｜續強品質佳｜主力佈局語意,起漲前優先,v266.61,2026-10-01 01:22:44,8.0,洗盤不破承接,無事件,等待下一次確認。,6.533,627,v266.62,2026-10-01 01:22:46,24.0,0.0,18.0,0.0,-4.12,量能安靜｜洗盤整理不破｜主力吸籌文字確認,v266.68,2026-10-01 01:22:50,NOISE,雜訊：條件不足。,WATCH,456
2026-09-30,3489,WATCH,54,23.35,50以下,0.0,0,佈局觀察,波動壓縮 | 均線收斂 | 接近突破 | 結構尚可,True,False,False,True,False,True,10.0,A,起漲結構強,20D站上MA20｜MA20走平翻揚｜MA5站上MA10｜接近20日高｜40D平台收斂｜短中均線糾結｜接近/站回MA60｜MA60不再下彎｜站回60D區間中上,平台壓縮後轉強，可優先觀察起漲/試單。,v266.57.9,10.0,無原分數欄位｜僅顯示結構前置分數,253.0,9.2,A,續強品質強,回檔不破前低｜低點墊高確認｜收盤守MA5｜續強確認：收盤未跌破MA5｜回檔量縮｜MA5仍在MA10上｜仍站MA20,回檔承接尚可，若原策略入選，可優先觀察延續。,v266.57.9,9.1,0.55,0.5,GENERIC,測試排序分=原分數+結構前置分*策略權重+續強品質*策略權重；不覆蓋原策略,181.0,0.8,D,突破不足,短均多頭,尚未形成乾淨突破，不急著升級。,v266.57.9,WATCH,0.55,0.35,0.75,9.32,429.0,最後後處理補寫：原分數+結構前置+續強品質+突破品質；不覆蓋原策略,0.0,,一般,7.642,v266.58.1,2026-10-01 01:22:38,觀察,0,-5,降級風險,前狀態:突破中→今日:觀察｜狀態降級,RISK,v266.60.2,5.892,30.0,0.0,0.0,15.0,4.877,758.0,20/40/60結構佳｜續強品質佳｜主力佈局語意｜風險語意扣分,過熱降權,v266.61,2026-10-01 01:22:44,8.0,洗盤不破承接,無事件,等待下一次確認。,6.524,628,v266.62,2026-10-01 01:22:46,24.0,0.0,18.0,0.0,-4.12,量能安靜｜洗盤整理不破｜主力吸籌文字確認,v266.68,2026-10-01 01:22:50,NOISE,雜訊：條件不足。,WATCH,457
2026-09-30,6275,WATCH,54,47.15,50以下,0.0,0,佈局觀察,波動壓縮 | 均線收斂 | 接近突破 | 結構尚可,True,False,False,True,False,True,10.0,A,起漲結構強,20D站上MA20｜MA20走平翻揚｜MA5站上MA10｜接近20日高｜40D平台收斂｜短中均線糾結｜40D低點守住｜接近/站回MA60｜站回60D區間中上,平台壓縮後轉強，可優先觀察起漲/試單。,v266.57.9,10.0,無原分數欄位｜僅顯示結構前置分數,253.0,9.2,A,續強品質強,回檔不破前低｜低點墊高確認｜收盤守MA5｜續強確認：收盤未跌破MA5｜回檔量縮｜MA5仍在MA10上｜仍站MA20,回檔承接尚可，若原策略入選，可優先觀察延續。,v266.57.9,9.1,0.55,0.5,GENERIC,測試排序分=原分數+結構前置分*策略權重+續強品質*策略權重；不覆蓋原策略,181.0,0.8,D,突破不足,短均多頭,尚未形成乾淨突破，不急著升級。,v266.57.9,WATCH,0.55,0.35,0.75,9.32,429.0,最後後處理補寫：原分數+結構前置+續強品質+突破品質；不覆蓋原策略,0.0,,一般,7.642,v266.58.1,2026-10-01 01:22:38,觀察,0,-5,降級風險,前狀態:突破中→今日:觀察｜狀態降級,RISK,v266.60.2,5.892,30.0,0.0,0.0,15.0,4.877,758.0,20/40/60結構佳｜續強品質佳｜主力佈局語意｜風險語意扣分,過熱降權,v266.61,2026-10-01 01:22:44,8.0,洗盤不破承接,無事件,等待下一次確認。,6.524,629,v266.62,2026-10-01 01:22:46,24.0,0.0,18.0,0.0,-4.12,量能安靜｜洗盤整理不破｜主力吸籌文字確認,v266.68,2026-10-01 01:22:50,NOISE,雜訊：條件不足。,WATCH,458
2026-09-30,2745,WATCH,54,84.9,50-100,0.0,0,佈局觀察,波動壓縮 | 均線收斂 | 接近突破 | 結構尚可,True,False,False,True,False,True,7.0,B,起漲結構中,MA20走平翻揚｜MA5站上MA10｜40D平台收斂｜短中均線糾結｜40D低點守住｜接近/站回MA60,平台壓縮後轉強，可優先觀察起漲/試單。,v266.57.9,7.0,無原分數欄位｜僅顯示結構前置分數,710.0,6.7,B,續強品質中,回檔不破前低｜低點墊高確認｜收盤守MA5｜續強確認：收盤未跌破MA5｜MA5仍在MA10上,回檔承接尚可，若原策略入選，可優先觀察延續。,v266.57.9,6.2,0.55,0.5,GENERIC,測試排序分=原分數+結構前置分*策略權重+續強品質*策略權重；不覆蓋原策略,715.0,1.3,D,突破不足,突破近5日高｜短均多頭｜扣分:收盤位置偏弱,尚未形成乾淨突破，不急著升級。,v266.57.9,WATCH,0.55,0.35,0.75,7.17,716.0,最後後處理補寫：原分數+結構前置+續強品質+突破品質；不覆蓋原策略,0.0,,一般,5.879,v266.58.1,2026-10-01 01:22:38,觀察,0,0,持續觀察,前狀態:觀察→今日:觀察,NO,v266.60.2,5.879,30.0,0.0,0.0,0.0,11.088,564.0,20/40/60結構佳｜續強品質佳｜主力佈局語意,起漲前優先,v266.61,2026-10-01 01:22:44,8.0,洗盤不破承接,無事件,等待下一次確認。,6.515,630,v266.62,2026-10-01 01:22:46,24.0,0.0,18.0,0.0,-4.12,量能安靜｜洗盤整理不破｜主力吸籌文字確認,v266.68,2026-10-01 01:22:50,NOISE,雜訊：條件不足。,WATCH,459
2026-09-30,6721,WATCH,54,50.0,50-100,0.0,0,佈局觀察,波動壓縮 | 均線收斂 | 接近突破 | 結構尚可,True,False,False,True,False,True,8.0,A,起漲結構強,MA20走平翻揚｜接近20日高｜40D平台收斂｜短中均線糾結｜40D低點守住｜接近/站回MA60｜近5日量縮,平台壓縮後轉強，可優先觀察起漲/試單。,v266.57.9,8.0,無原分數欄位｜僅顯示結構前置分數,556.0,6.8,B,續強品質中,回檔不破前低｜低點墊高確認｜收盤守MA5｜回測守MA10｜回檔量縮,回檔承接尚可，若原策略入選，可優先觀察延續。,v266.57.9,6.9,0.55,0.5,GENERIC,測試排序分=原分數+結構前置分*策略權重+續強品質*策略權重；不覆蓋原策略,592.0,0.5,D,突破不足,突破近5日高｜扣分:收盤位置偏弱,尚未形成乾淨突破，不急著升級。,v266.57.9,WATCH,0.55,0.35,0.75,7.155,717.0,最後後處理補寫：原分數+結構前置+續強品質+突破品質；不覆蓋原策略,0.0,,一般,5.867,v266.58.1,2026-10-01 01:22:38,觀察,0,0,持續觀察,前狀態:觀察→今日:觀察,NO,v266.60.2,5.867,30.0,0.0,0.0,0.0,11.087,565.0,20/40/60結構佳｜續強品質佳｜主力佈局語意,起漲前優先,v266.61,2026-10-01 01:22:44,8.0,洗盤不破承接,無事件,等待下一次確認。,6.507,631,v266.62,2026-10-01 01:22:46,24.0,0.0,18.0,0.0,-4.12,量能安靜｜洗盤整理不破｜主力吸籌文字確認,v266.68,2026-10-01 01:22:50,NOISE,雜訊：條件不足。,WATCH,460
2026-09-30,3546,WATCH,54,72.6,50-100,0.0,0,佈局觀察,波動壓縮 | 均線收斂 | 接近突破 | 結構尚可,True,False,False,True,False,True,7.0,B,起漲結構中,MA20走平翻揚｜接近20日高｜40D平台收斂｜短中均線糾結｜40D低點守住｜接近/站回MA60,平台壓縮後轉強，可優先觀察起漲/試單。,v266.57.9,7.0,無原分數欄位｜僅顯示結構前置分數,710.0,6.8,B,續強品質中,回檔不破前低｜低點墊高確認｜收盤守MA5｜回測守MA10｜回檔量縮,回檔承接尚可，若原策略入選，可優先觀察延續。,v266.57.9,6.35,0.55,0.5,GENERIC,測試排序分=原分數+結構前置分*策略權重+續強品質*策略權重；不覆蓋原策略,693.0,1.2,D,突破不足,MA5加速上彎,尚未形成乾淨突破，不急著升級。,v266.57.9,WATCH,0.55,0.35,0.75,7.13,720.0,最後後處理補寫：原分數+結構前置+續強品質+突破品質；不覆蓋原策略,0.0,,一般,5.847,v266.58.1,2026-10-01 01:22:38,觀察,0,0,持續觀察,前狀態:觀察→今日:觀察,NO,v266.60.2,5.847,30.0,0.0,0.0,0.0,11.085,566.0,20/40/60結構佳｜續強品質佳｜主力佈局語意,起漲前優先,v266.61,2026-10-01 01:22:44,8.0,洗盤不破承接,無事件,等待下一次確認。,6.493,632,v266.62,2026-10-01 01:22:46,24.0,0.0,18.0,0.0,-4.12,量能安靜｜洗盤整理不破｜主力吸籌文字確認,v266.68,2026-10-01 01:22:50,NOISE,雜訊：條件不足。,WATCH,461
2026-09-30,6613,WATCH,54,274.0,100-500,0.0,0,佈局觀察,波動壓縮 | 均線收斂 | 接近突破 | 結構尚可,True,False,False,True,False,True,9.0,A,起漲結構強,20D站上MA20｜MA20走平翻揚｜MA5站上MA10｜接近20日高｜40D平台收斂｜短中均線糾結｜40D低點守住｜接近/站回MA60,平台壓縮後轉強，可優先觀察起漲/試單。,v266.57.9,7.0,無原分數欄位｜僅顯示結構前置分數,710.0,9.2,A,續強品質強,回檔不破前低｜低點墊高確認｜收盤守MA5｜續強確認：收盤未跌破MA5｜回檔量縮｜MA5仍在MA10上｜仍站MA20,回檔承接尚可，若原策略入選，可優先觀察延續。,v266.57.9,6.7,0.55,0.5,GENERIC,測試排序分=原分數+結構前置分*策略權重+續強品質*策略權重；不覆蓋原策略,643.0,-1.4,D,突破不足,短均多頭｜扣分:收盤位置偏弱、上影偏長,尚未形成乾淨突破，不急著升級。,v266.57.9,WATCH,0.55,0.35,0.75,7.12,721.0,最後後處理補寫：原分數+結構前置+續強品質+突破品質；不覆蓋原策略,0.0,,一般,5.838,v266.58.1,2026-10-01 01:22:38,觀察,0,0,持續觀察,前狀態:觀察→今日:觀察,NO,v266.60.2,5.838,30.0,0.0,0.0,0.0,11.084,567.0,20/40/60結構佳｜續強品質佳｜主力佈局語意,起漲前優先,v266.61,2026-10-01 01:22:44,8.0,洗盤不破承接,無事件,等待下一次確認。,6.487,633,v266.62,2026-10-01 01:22:46,24.0,0.0,18.0,0.0,-4.12,量能安靜｜洗盤整理不破｜主力吸籌文字確認,v266.68,2026-10-01 01:22:50,NOISE,雜訊：條件不足。,WATCH,462
2026-09-30,3252,WATCH,54,15.3,50以下,0.0,0,佈局觀察,波動壓縮 | 均線收斂 | 接近突破 | 結構尚可,True,False,False,True,False,True,8.0,A,起漲結構強,MA20走平翻揚｜MA5站上MA10｜接近20日高｜40D平台收斂｜短中均線糾結｜40D低點守住｜接近/站回MA60,平台壓縮後轉強，可優先觀察起漲/試單。,v266.57.9,8.0,無原分數欄位｜僅顯示結構前置分數,556.0,8.2,A,續強品質強,回檔不破前低｜低點墊高確認｜收盤守MA5｜續強確認：收盤未跌破MA5｜回檔量縮｜MA5仍在MA10上,回檔承接尚可，若原策略入選，可優先觀察延續。,v266.57.9,7.5,0.55,0.5,GENERIC,測試排序分=原分數+結構前置分*策略權重+續強品質*策略權重；不覆蓋原策略,493.0,-0.2,D,突破不足,短均多頭｜扣分:收盤位置偏弱,尚未形成乾淨突破，不急著升級。,v266.57.9,WATCH,0.55,0.35,0.75,7.12,721.0,最後後處理補寫：原分數+結構前置+續強品質+突破品質；不覆蓋原策略,0.0,,一般,5.838,v266.58.1,2026-10-01 01:22:38,觀察,0,0,持續觀察,前狀態:觀察→今日:觀察,NO,v266.60.2,5.838,30.0,0.0,0.0,0.0,11.084,567.0,20/40/60結構佳｜續強品質佳｜主力佈局語意,起漲前優先,v266.61,2026-10-01 01:22:44,8.0,洗盤不破承接,無事件,等待下一次確認。,6.487,634,v266.62,2026-10-01 01:22:46,24.0,0.0,18.0,0.0,-4.12,量能安靜｜洗盤整理不破｜主力吸籌文字確認,v266.68,2026-10-01 01:22:50,NOISE,雜訊：條件不足。,WATCH,463
2026-09-30,6121,WATCH,54,377.0,100-500,0.0,0,佈局觀察,波動壓縮 | 均線收斂 | 接近突破 | 結構尚可,True,False,False,True,False,True,8.0,A,起漲結構強,MA20走平翻揚｜MA5站上MA10｜40D平台收斂｜短中均線糾結｜40D低點守住｜接近/站回MA60｜近5日量縮,平台壓縮後轉強，可優先觀察起漲/試單。,v266.57.9,8.0,無原分數欄位｜僅顯示結構前置分數,556.0,8.2,A,續強品質強,回檔不破前低｜低點墊高確認｜收盤守MA5｜續強確認：收盤未跌破MA5｜回檔量縮｜MA5仍在MA10上,回檔承接尚可，若原策略入選，可優先觀察延續。,v266.57.9,7.5,0.55,0.5,GENERIC,測試排序分=原分數+結構前置分*策略權重+續強品質*策略權重；不覆蓋原策略,493.0,-0.2,D,突破不足,短均多頭｜扣分:收盤位置偏弱,尚未形成乾淨突破，不急著升級。,v266.57.9,WATCH,0.55,0.35,0.75,7.12,721.0,最後後處理補寫：原分數+結構前置+續強品質+突破品質；不覆蓋原策略,0.0,,一般,5.838,v266.58.1,2026-10-01 01:22:38,觀察,0,0,持續觀察,前狀態:觀察→今日:觀察,NO,v266.60.2,5.838,30.0,0.0,0.0,0.0,11.084,567.0,20/40/60結構佳｜續強品質佳｜主力佈局語意,起漲前優先,v266.61,2026-10-01 01:22:44,8.0,洗盤不破承接,無事件,等待下一次確認。,6.487,635,v266.62,2026-10-01 01:22:46,24.0,0.0,18.0,0.0,-4.12,量能安靜｜洗盤整理不破｜主力吸籌文字確認,v266.68,2026-10-01 01:22:50,NOISE,雜訊：條件不足。,WATCH,464
2026-09-30,8942,WATCH,54,40.2,50以下,0.0,0,佈局觀察,波動壓縮 | 均線收斂 | 接近突破 | 結構尚可,True,False,False,True,False,True,9.0,A,起漲結構強,MA20走平翻揚｜MA5站上MA10｜40D平台收斂｜短中均線糾結｜40D低點守住｜接近/站回MA60｜MA60不再下彎｜站回60D區間中上,平台壓縮後轉強，可優先觀察起漲/試單。,v266.57.9,7.0,無原分數欄位｜僅顯示結構前置分數,710.0,6.5,B,續強品質中,回檔不破前低｜低點墊高確認｜收盤守MA5｜回測守MA10｜MA5仍在MA10上,回檔承接尚可，若原策略入選，可優先觀察延續。,v266.57.9,5.45,0.55,0.5,GENERIC,測試排序分=原分數+結構前置分*策略權重+續強品質*策略權重；不覆蓋原策略,836.0,-0.2,D,突破不足,短均多頭｜扣分:收盤位置偏弱,尚未形成乾淨突破，不急著升級。,v266.57.9,WATCH,0.55,0.35,0.75,7.075,725.0,最後後處理補寫：原分數+結構前置+續強品質+突破品質；不覆蓋原策略,0.0,,一般,5.802,v266.58.1,2026-10-01 01:22:38,觀察,0,0,持續觀察,前狀態:觀察→今日:觀察,NO,v266.60.2,5.802,30.0,0.0,0.0,0.0,11.08,570.0,20/40/60結構佳｜續強品質佳｜主力佈局語意,起漲前優先,v266.61,2026-10-01 01:22:44,8.0,洗盤不破承接,無事件,等待下一次確認。,6.461,636,v266.62,2026-10-01 01:22:46,24.0,0.0,18.0,0.0,-4.12,量能安靜｜洗盤整理不破｜主力吸籌文字確認,v266.68,2026-10-01 01:22:50,NOISE,雜訊：條件不足。,WATCH,465
2026-09-30,5603,WATCH,54,13.35,50以下,0.0,0,佈局觀察,波動壓縮 | 均線收斂 | 接近突破 | 結構尚可,True,False,False,True,False,True,8.0,A,起漲結構強,MA20走平翻揚｜MA5站上MA10｜40D平台收斂｜短中均線糾結｜40D低點守住｜接近/站回MA60｜近5日量縮,平台壓縮後轉強，可優先觀察起漲/試單。,v266.57.9,6.0,無原分數欄位｜僅顯示結構前置分數,828.0,8.0,A,續強品質強,回檔不破前低｜低點墊高確認｜收盤守MA5｜回測守MA10｜回檔量縮｜MA5仍在MA10上,回檔承接尚可，若原策略入選，可優先觀察延續。,v266.57.9,5.65,0.55,0.5,GENERIC,測試排序分=原分數+結構前置分*策略權重+續強品質*策略權重；不覆蓋原策略,795.0,-0.2,D,突破不足,短均多頭｜扣分:收盤位置偏弱,尚未形成乾淨突破，不急著升級。,v266.57.9,WATCH,0.55,0.35,0.75,7.05,727.0,最後後處理補寫：原分數+結構前置+續強品質+突破品質；不覆蓋原策略,0.0,,一般,5.781,v266.58.1,2026-10-01 01:22:38,觀察,0,0,持續觀察,前狀態:觀察→今日:觀察,NO,v266.60.2,5.781,30.0,0.0,0.0,0.0,11.078,571.0,20/40/60結構佳｜續強品質佳｜主力佈局語意,起漲前優先,v266.61,2026-10-01 01:22:44,8.0,洗盤不破承接,無事件,等待下一次確認。,6.447,637,v266.62,2026-10-01 01:22:46,24.0,0.0,18.0,0.0,-4.12,量能安靜｜洗盤整理不破｜主力吸籌文字確認,v266.68,2026-10-01 01:22:50,NOISE,雜訊：條件不足。,WATCH,466
2026-09-30,9950,WATCH,54,10.2,50以下,0.0,0,佈局觀察,波動壓縮 | 均線收斂 | 接近突破 | 結構尚可,True,False,False,True,False,True,8.0,A,起漲結構強,MA20走平翻揚｜MA5站上MA10｜40D平台收斂｜短中均線糾結｜40D低點守住｜接近/站回MA60｜MA60不再下彎,平台壓縮後轉強，可優先觀察起漲/試單。,v266.57.9,8.0,無原分數欄位｜僅顯示結構前置分數,556.0,8.0,A,續強品質強,回檔不破前低｜低點墊高確認｜收盤守MA5｜回測守MA10｜回檔量縮｜MA5仍在MA10上,回檔承接尚可，若原策略入選，可優先觀察延續。,v266.57.9,7.5,0.55,0.5,GENERIC,測試排序分=原分數+結構前置分*策略權重+續強品質*策略權重；不覆蓋原策略,493.0,-0.2,D,突破不足,短均多頭｜扣分:收盤位置偏弱,尚未形成乾淨突破，不急著升級。,v266.57.9,WATCH,0.55,0.35,0.75,7.05,727.0,最後後處理補寫：原分數+結構前置+續強品質+突破品質；不覆蓋原策略,0.0,,一般,5.781,v266.58.1,2026-10-01 01:22:38,觀察,0,0,持續觀察,前狀態:觀察→今日:觀察,NO,v266.60.2,5.781,30.0,0.0,0.0,0.0,11.078,571.0,20/40/60結構佳｜續強品質佳｜主力佈局語意,起漲前優先,v266.61,2026-10-01 01:22:44,8.0,洗盤不破承接,無事件,等待下一次確認。,6.447,638,v266.62,2026-10-01 01:22:46,24.0,0.0,18.0,0.0,-4.12,量能安靜｜洗盤整理不破｜主力吸籌文字確認,v266.68,2026-10-01 01:22:50,NOISE,雜訊：條件不足。,WATCH,467
2026-09-30,4171,WATCH,54,16.45,50以下,0.0,0,佈局觀察,波動壓縮 | 均線收斂 | 接近突破 | 結構尚可,True,False,False,True,False,True,9.0,A,起漲結構強,20D站上MA20｜MA20走平翻揚｜接近20日高｜40D平台收斂｜短中均線糾結｜40D低點守住｜接近/站回MA60｜MA60不再下彎,平台壓縮後轉強，可優先觀察起漲/試單。,v266.57.9,9.0,無原分數欄位｜僅顯示結構前置分數,391.0,8.0,A,續強品質強,回檔不破前低｜低點墊高確認｜收盤守MA5｜續強確認：收盤未跌破MA5｜回檔量縮｜仍站MA20,回檔承接尚可，若原策略入選，可優先觀察延續。,v266.57.9,7.95,0.55,0.5,GENERIC,測試排序分=原分數+結構前置分*策略權重+續強品質*策略權重；不覆蓋原策略,387.0,-1.0,D,突破不足,扣分:收盤位置偏弱,尚未形成乾淨突破，不急著升級。,v266.57.9,WATCH,0.55,0.35,0.75,7.0,730.0,最後後處理補寫：原分數+結構前置+續強品質+突破品質；不覆蓋原策略,0.0,,一般,5.74,v266.58.1,2026-10-01 01:22:38,觀察,0,0,持續觀察,前狀態:觀察→今日:觀察,NO,v266.60.2,5.74,30.0,0.0,0.0,0.0,11.074,573.0,20/40/60結構佳｜續強品質佳｜主力佈局語意,起漲前優先,v266.61,2026-10-01 01:22:44,8.0,洗盤不破承接,無事件,等待下一次確認。,6.418,639,v266.62,2026-10-01 01:22:46,24.0,0.0,18.0,0.0,-4.12,量能安靜｜洗盤整理不破｜主力吸籌文字確認,v266.68,2026-10-01 01:22:50,NOISE,雜訊：條件不足。,WATCH,468
2026-09-30,6245,WATCH,54,87.8,50-100,0.0,0,佈局觀察,波動壓縮 | 均線收斂 | 接近突破 | 結構尚可,True,False,False,True,False,True,11.0,A,起漲結構強,20D站上MA20｜MA20走平翻揚｜MA5站上MA10｜接近20日高｜40D平台收斂｜短中均線糾結｜40D低點守住｜接近/站回MA60｜MA60不再下彎｜站回60D區間中上,平台壓縮後轉強，可優先觀察起漲/試單。,v266.57.9,9.0,無原分數欄位｜僅顯示結構前置分數,391.0,9.2,A,續強品質強,回檔不破前低｜低點墊高確認｜收盤守MA5｜續強確認：收盤未跌破MA5｜回檔量縮｜MA5仍在MA10上｜仍站MA20,回檔承接尚可，若原策略入選，可優先觀察延續。,v266.57.9,7.8,0.55,0.5,GENERIC,測試排序分=原分數+結構前置分*策略權重+續強品質*策略權重；不覆蓋原策略,424.0,-0.2,D,突破不足,短均多頭｜扣分:收盤位置偏弱,尚未形成乾淨突破，不急著升級。,v266.57.9,WATCH,0.55,0.35,0.75,9.12,444.0,最後後處理補寫：原分數+結構前置+續強品質+突破品質；不覆蓋原策略,0.0,,一般,7.478,v266.58.1,2026-10-01 01:22:38,觀察,0,-5,降級風險,前狀態:突破中→今日:觀察｜狀態降級,RISK,v266.60.2,5.728,30.0,0.0,0.0,15.0,4.86,760.0,20/40/60結構佳｜續強品質佳｜主力佈局語意｜風險語意扣分,過熱降權,v266.61,2026-10-01 01:22:44,8.0,洗盤不破承接,無事件,等待下一次確認。,6.41,640,v266.62,2026-10-01 01:22:46,24.0,0.0,18.0,0.0,-4.12,量能安靜｜洗盤整理不破｜主力吸籌文字確認,v266.68,2026-10-01 01:22:50,NOISE,雜訊：條件不足。,WATCH,469
2026-09-30,6894,WATCH,54,361.0,100-500,0.0,0,佈局觀察,波動壓縮 | 均線收斂 | 接近突破 | 結構尚可,True,False,False,True,False,True,11.0,A,起漲結構強,20D站上MA20｜MA20走平翻揚｜MA5站上MA10｜接近20日高｜40D平台收斂｜短中均線糾結｜40D低點守住｜接近/站回MA60｜MA60不再下彎｜站回60D區間中上,平台壓縮後轉強，可優先觀察起漲/試單。,v266.57.9,11.0,無原分數欄位｜僅顯示結構前置分數,137.0,9.0,A,續強品質強,回檔不破前低｜低點墊高確認｜收盤守MA5｜回測守MA10｜回檔量縮｜MA5仍在MA10上｜仍站MA20,回檔承接尚可，若原策略入選，可優先觀察延續。,v266.57.9,9.65,0.55,0.5,GENERIC,測試排序分=原分數+結構前置分*策略權重+續強品質*策略權重；不覆蓋原策略,124.0,-0.2,D,突破不足,短均多頭｜扣分:收盤位置偏弱,尚未形成乾淨突破，不急著升級。,v266.57.9,WATCH,0.55,0.35,0.75,9.05,454.0,最後後處理補寫：原分數+結構前置+續強品質+突破品質；不覆蓋原策略,0.0,,一般,7.421,v266.58.1,2026-10-01 01:22:38,觀察,0,-5,降級風險,前狀態:突破中→今日:觀察｜狀態降級,RISK,v266.60.2,5.671,30.0,0.0,0.0,15.0,4.855,762.0,20/40/60結構佳｜續強品質佳｜主力佈局語意｜風險語意扣分,過熱降權,v266.61,2026-10-01 01:22:44,8.0,洗盤不破承接,無事件,等待下一次確認。,6.37,641,v266.62,2026-10-01 01:22:46,24.0,0.0,18.0,0.0,-4.12,量能安靜｜洗盤整理不破｜主力吸籌文字確認,v266.68,2026-10-01 01:22:50,NOISE,雜訊：條件不足。,WATCH,470
2026-09-30,3466,WATCH,54,23.9,50以下,0.0,0,佈局觀察,波動壓縮 | 均線收斂 | 接近突破 | 結構尚可,True,False,False,True,False,True,7.0,B,起漲結構中,MA20走平翻揚｜接近20日高｜40D平台收斂｜短中均線糾結｜40D低點守住｜接近/站回MA60,平台壓縮後轉強，可優先觀察起漲/試單。,v266.57.9,7.0,無原分數欄位｜僅顯示結構前置分數,710.0,5.5,B,續強品質中,回檔不破前低｜低點墊高確認｜收盤守MA5｜續強確認：收盤未跌破MA5,回檔承接尚可，若原策略入選，可優先觀察延續。,v266.57.9,5.6,0.55,0.5,GENERIC,測試排序分=原分數+結構前置分*策略權重+續強品質*策略權重；不覆蓋原策略,802.0,1.5,D,突破不足,收盤接近高點,尚未形成乾淨突破，不急著升級。,v266.57.9,WATCH,0.55,0.35,0.75,6.9,733.0,最後後處理補寫：原分數+結構前置+續強品質+突破品質；不覆蓋原策略,0.0,,一般,5.658,v266.58.1,2026-10-01 01:22:38,觀察,0,0,持續觀察,前狀態:觀察→今日:觀察,NO,v266.60.2,5.658,30.0,0.0,0.0,0.0,11.066,574.0,20/40/60結構佳｜續強品質佳｜主力佈局語意,起漲前優先,v266.61,2026-10-01 01:22:44,8.0,洗盤不破承接,無事件,等待下一次確認。,6.361,642,v266.62,2026-10-01 01:22:46,24.0,0.0,18.0,0.0,-4.12,量能安靜｜洗盤整理不破｜主力吸籌文字確認,v266.68,2026-10-01 01:22:50,NOISE,雜訊：條件不足。,WATCH,471
2026-09-30,1217,WATCH,54,9.95,50以下,0.0,0,佈局觀察,波動壓縮 | 均線收斂 | 接近突破 | 結構尚可,True,False,False,True,False,True,7.0,B,起漲結構中,接近20日高｜40D平台收斂｜短中均線糾結｜40D低點守住｜接近/站回MA60｜MA60不再下彎,平台壓縮後轉強，可優先觀察起漲/試單。,v266.57.9,7.0,無原分數欄位｜僅顯示結構前置分數,710.0,5.5,B,續強品質中,回檔不破前低｜低點墊高確認｜收盤守MA5｜續強確認：收盤未跌破MA5,回檔承接尚可，若原策略入選，可優先觀察延續。,v266.57.9,5.6,0.55,0.5,GENERIC,測試排序分=原分數+結構前置分*策略權重+續強品質*策略權重；不覆蓋原策略,802.0,1.5,D,突破不足,突破近5日高,尚未形成乾淨突破，不急著升級。,v266.57.9,WATCH,0.55,0.35,0.75,6.9,733.0,最後後處理補寫：原分數+結構前置+續強品質+突破品質；不覆蓋原策略,0.0,,一般,5.658,v266.58.1,2026-10-01 01:22:38,觀察,0,0,持續觀察,前狀態:觀察→今日:觀察,NO,v266.60.2,5.658,30.0,0.0,0.0,0.0,11.066,574.0,20/40/60結構佳｜續強品質佳｜主力佈局語意,起漲前優先,v266.61,2026-10-01 01:22:44,8.0,洗盤不破承接,無事件,等待下一次確認。,6.361,643,v266.62,2026-10-01 01:22:46,24.0,0.0,18.0,0.0,-4.12,量能安靜｜洗盤整理不破｜主力吸籌文字確認,v266.68,2026-10-01 01:22:50,NOISE,雜訊：條件不足。,WATCH,472
2026-09-30,7839,WATCH,54,43.2,50以下,0.0,0,佈局觀察,波動壓縮 | 均線收斂 | 接近突破 | 結構尚可,True,False,False,True,False,True,7.0,B,起漲結構中,MA20走平翻揚｜接近20日高｜40D平台收斂｜短中均線糾結｜40D低點守住｜接近/站回MA60,平台壓縮後轉強，可優先觀察起漲/試單。,v266.57.9,7.0,無原分數欄位｜僅顯示結構前置分數,710.0,5.5,B,續強品質中,回檔不破前低｜低點墊高確認｜收盤守MA5｜續強確認：收盤未跌破MA5,回檔承接尚可，若原策略入選，可優先觀察延續。,v266.57.9,5.6,0.55,0.5,GENERIC,測試排序分=原分數+結構前置分*策略權重+續強品質*策略權重；不覆蓋原策略,802.0,1.5,D,突破不足,收盤接近高點,尚未形成乾淨突破，不急著升級。,v266.57.9,WATCH,0.55,0.35,0.75,6.9,733.0,最後後處理補寫：原分數+結構前置+續強品質+突破品質；不覆蓋原策略,0.0,,一般,5.658,v266.58.1,2026-10-01 01:22:38,觀察,0,0,持續觀察,前狀態:觀察→今日:觀察,NO,v266.60.2,5.658,30.0,0.0,0.0,0.0,11.066,574.0,20/40/60結構佳｜續強品質佳｜主力佈局語意,起漲前優先,v266.61,2026-10-01 01:22:44,8.0,洗盤不破承接,無事件,等待下一次確認。,6.361,644,v266.62,2026-10-01 01:22:46,24.0,0.0,18.0,0.0,-4.12,量能安靜｜洗盤整理不破｜主力吸籌文字確認,v266.68,2026-10-01 01:22:50,NOISE,雜訊：條件不足。,WATCH,473
2026-09-30,6496,WATCH,54,23.65,50以下,0.0,0,佈局觀察,波動壓縮 | 均線收斂 | 接近突破 | 結構尚可,True,False,False,True,False,True,7.0,B,起漲結構中,MA20走平翻揚｜40D平台收斂｜短中均線糾結｜40D低點守住｜接近/站回MA60｜MA60不再下彎,平台壓縮後轉強，可優先觀察起漲/試單。,v266.57.9,7.0,無原分數欄位｜僅顯示結構前置分數,710.0,5.5,B,續強品質中,回檔不破前低｜低點墊高確認｜收盤守MA5｜續強確認：收盤未跌破MA5,回檔承接尚可，若原策略入選，可優先觀察延續。,v266.57.9,5.6,0.55,0.5,GENERIC,測試排序分=原分數+結構前置分*策略權重+續強品質*策略權重；不覆蓋原策略,802.0,1.5,D,突破不足,收盤接近高點,尚未形成乾淨突破，不急著升級。,v266.57.9,WATCH,0.55,0.35,0.75,6.9,733.0,最後後處理補寫：原分數+結構前置+續強品質+突破品質；不覆蓋原策略,0.0,,一般,5.658,v266.58.1,2026-10-01 01:22:38,觀察,0,0,持續觀察,前狀態:觀察→今日:觀察,NO,v266.60.2,5.658,30.0,0.0,0.0,0.0,11.066,574.0,20/40/60結構佳｜續強品質佳｜主力佈局語意,起漲前優先,v266.61,2026-10-01 01:22:44,8.0,洗盤不破承接,無事件,等待下一次確認。,6.361,645,v266.62,2026-10-01 01:22:46,24.0,0.0,18.0,0.0,-4.12,量能安靜｜洗盤整理不破｜主力吸籌文字確認,v266.68,2026-10-01 01:22:50,NOISE,雜訊：條件不足。,WATCH,474
2026-09-30,4966,WATCH,54,571.0,500-1000,0.0,0,佈局觀察,波動壓縮 | 均線收斂 | 接近突破 | 結構尚可,True,False,False,True,False,True,8.0,A,起漲結構強,20D站上MA20｜MA20走平翻揚｜MA5站上MA10｜接近20日高｜40D平台收斂｜短中均線糾結｜接近/站回MA60,平台壓縮後轉強，可優先觀察起漲/試單。,v266.57.9,8.0,無原分數欄位｜僅顯示結構前置分數,556.0,7.5,A,續強品質強,回檔不破前低｜低點墊高確認｜收盤守MA5｜回測守MA10｜MA5仍在MA10上｜仍站MA20,回檔承接尚可，若原策略入選，可優先觀察延續。,v266.57.9,7.25,0.55,0.5,GENERIC,測試排序分=原分數+結構前置分*策略權重+續強品質*策略權重；不覆蓋原策略,550.0,-0.2,D,突破不足,短均多頭｜扣分:收盤位置偏弱,尚未形成乾淨突破，不急著升級。,v266.57.9,WATCH,0.55,0.35,0.75,6.875,739.0,最後後處理補寫：原分數+結構前置+續強品質+突破品質；不覆蓋原策略,0.0,,一般,5.637,v266.58.1,2026-10-01 01:22:38,觀察,0,0,持續觀察,前狀態:觀察→今日:觀察,NO,v266.60.2,5.637,30.0,0.0,0.0,0.0,11.064,578.0,20/40/60結構佳｜續強品質佳｜主力佈局語意,起漲前優先,v266.61,2026-10-01 01:22:44,8.0,洗盤不破承接,無事件,等待下一次確認。,6.346,646,v266.62,2026-10-01 01:22:46,24.0,0.0,18.0,0.0,-4.12,量能安靜｜洗盤整理不破｜主力吸籌文字確認,v266.68,2026-10-01 01:22:50,NOISE,雜訊：條件不足。,WATCH,475
2026-09-30,3303,WATCH,54,48.65,50以下,0.0,0,佈局觀察,波動壓縮 | 均線收斂 | 接近突破 | 結構尚可,True,False,False,True,False,True,6.0,B,起漲結構中,MA20走平翻揚｜40D平台收斂｜短中均線糾結｜40D低點守住｜接近/站回MA60,平台壓縮後轉強，可優先觀察起漲/試單。,v266.57.9,4.0,無原分數欄位｜僅顯示結構前置分數,931.0,7.0,A,續強品質強,回檔不破前低｜低點墊高確認｜收盤守MA5｜續強確認：收盤未跌破MA5｜回檔量縮,回檔承接尚可，若原策略入選，可優先觀察延續。,v266.57.9,3.95,0.55,0.5,GENERIC,測試排序分=原分數+結構前置分*策略權重+續強品質*策略權重；不覆蓋原策略,920.0,1.5,D,突破不足,突破近5日高,尚未形成乾淨突破，不急著升級。,v266.57.9,WATCH,0.55,0.35,0.75,6.875,739.0,最後後處理補寫：原分數+結構前置+續強品質+突破品質；不覆蓋原策略,0.0,,一般,5.637,v266.58.1,2026-10-01 01:22:38,觀察,0,0,持續觀察,前狀態:觀察→今日:觀察,NO,v266.60.2,5.637,30.0,0.0,0.0,0.0,11.064,578.0,20/40/60結構佳｜續強品質佳｜主力佈局語意,起漲前優先,v266.61,2026-10-01 01:22:44,8.0,洗盤不破承接,無事件,等待下一次確認。,6.346,647,v266.62,2026-10-01 01:22:46,24.0,0.0,18.0,0.0,-4.12,量能安靜｜洗盤整理不破｜主力吸籌文字確認,v266.68,2026-10-01 01:22:50,NOISE,雜訊：條件不足。,WATCH,476
2026-09-30,6435,WATCH,54,252.0,100-500,0.0,0,佈局觀察,波動壓縮 | 均線收斂 | 接近突破 | 結構尚可,True,False,False,True,False,True,8.0,A,起漲結構強,20D站上MA20｜MA20走平翻揚｜MA5站上MA10｜接近20日高｜40D平台收斂｜短中均線糾結｜接近/站回MA60,平台壓縮後轉強，可優先觀察起漲/試單。,v266.57.9,6.0,無原分數欄位｜僅顯示結構前置分數,828.0,7.5,A,續強品質強,回檔不破前低｜低點墊高確認｜收盤守MA5｜回測守MA10｜MA5仍在MA10上｜仍站MA20,回檔承接尚可，若原策略入選，可優先觀察延續。,v266.57.9,5.4,0.55,0.5,GENERIC,測試排序分=原分數+結構前置分*策略權重+續強品質*策略權重；不覆蓋原策略,840.0,-0.2,D,突破不足,短均多頭｜扣分:收盤位置偏弱,尚未形成乾淨突破，不急著升級。,v266.57.9,WATCH,0.55,0.35,0.75,6.875,739.0,最後後處理補寫：原分數+結構前置+續強品質+突破品質；不覆蓋原策略,0.0,,一般,5.637,v266.58.1,2026-10-01 01:22:38,觀察,0,0,持續觀察,前狀態:觀察→今日:觀察,NO,v266.60.2,5.637,30.0,0.0,0.0,0.0,11.064,578.0,20/40/60結構佳｜續強品質佳｜主力佈局語意,起漲前優先,v266.61,2026-10-01 01:22:44,8.0,洗盤不破承接,無事件,等待下一次確認。,6.346,648,v266.62,2026-10-01 01:22:46,24.0,0.0,18.0,0.0,-4.12,量能安靜｜洗盤整理不破｜主力吸籌文字確認,v266.68,2026-10-01 01:22:50,NOISE,雜訊：條件不足。,WATCH,477
2026-09-30,6790,WATCH,54,37.8,50以下,0.0,0,佈局觀察,波動壓縮 | 均線收斂 | 接近突破 | 結構尚可,True,False,False,True,False,True,6.0,B,起漲結構中,接近20日高｜40D平台收斂｜短中均線糾結｜40D低點守住｜接近/站回MA60,平台壓縮後轉強，可優先觀察起漲/試單。,v266.57.9,6.0,無原分數欄位｜僅顯示結構前置分數,828.0,7.0,A,續強品質強,回檔不破前低｜低點墊高確認｜收盤守MA5｜續強確認：收盤未跌破MA5｜回檔量縮,回檔承接尚可，若原策略入選，可優先觀察延續。,v266.57.9,5.8,0.55,0.5,GENERIC,測試排序分=原分數+結構前置分*策略權重+續強品質*策略權重；不覆蓋原策略,781.0,1.5,D,突破不足,收盤接近高點,尚未形成乾淨突破，不急著升級。,v266.57.9,WATCH,0.55,0.35,0.75,6.875,739.0,最後後處理補寫：原分數+結構前置+續強品質+突破品質；不覆蓋原策略,0.0,,一般,5.637,v266.58.1,2026-10-01 01:22:38,觀察,0,0,持續觀察,前狀態:觀察→今日:觀察,NO,v266.60.2,5.637,30.0,0.0,0.0,0.0,11.064,578.0,20/40/60結構佳｜續強品質佳｜主力佈局語意,起漲前優先,v266.61,2026-10-01 01:22:44,8.0,洗盤不破承接,無事件,等待下一次確認。,6.346,649,v266.62,2026-10-01 01:22:46,24.0,0.0,18.0,0.0,-4.12,量能安靜｜洗盤整理不破｜主力吸籌文字確認,v266.68,2026-10-01 01:22:50,NOISE,雜訊：條件不足。,WATCH,478
2026-09-30,1813,WATCH,54,11.3,50以下,0.0,0,佈局觀察,波動壓縮 | 均線收斂 | 接近突破 | 結構尚可,True,False,False,True,False,True,8.0,A,起漲結構強,MA20走平翻揚｜接近20日高｜40D平台收斂｜短中均線糾結｜40D低點守住｜接近/站回MA60｜近5日量縮,平台壓縮後轉強，可優先觀察起漲/試單。,v266.57.9,8.0,無原分數欄位｜僅顯示結構前置分數,556.0,7.0,A,續強品質強,回檔不破前低｜低點墊高確認｜收盤守MA5｜續強確認：收盤未跌破MA5｜回檔量縮,回檔承接尚可，若原策略入選，可優先觀察延續。,v266.57.9,6.9,0.55,0.5,GENERIC,測試排序分=原分數+結構前置分*策略權重+續強品質*策略權重；不覆蓋原策略,592.0,,,,,,,WATCH,0.55,0.35,0.75,6.85,743.0,最後後處理補寫：原分數+結構前置+續強品質+突破品質；不覆蓋原策略,0.0,,一般,5.617,v266.58.1,2026-10-01 01:22:38,觀察,0,0,持續觀察,前狀態:觀察→今日:觀察,NO,v266.60.2,5.617,30.0,0.0,0.0,0.0,11.062,582.0,20/40/60結構佳｜續強品質佳｜主力佈局語意,起漲前優先,v266.61,2026-10-01 01:22:44,8.0,洗盤不破承接,無事件,等待下一次確認。,6.332,650,v266.62,2026-10-01 01:22:46,24.0,0.0,18.0,0.0,-4.12,量能安靜｜洗盤整理不破｜主力吸籌文字確認,v266.68,2026-10-01 01:22:50,NOISE,雜訊：條件不足。,WATCH,479
2026-09-30,1781,WATCH,54,9.99,50以下,0.0,0,佈局觀察,波動壓縮 | 均線收斂 | 接近突破 | 結構尚可,True,False,False,True,False,True,7.0,B,起漲結構中,MA20走平翻揚｜接近20日高｜40D平台收斂｜短中均線糾結｜40D低點守住｜接近/站回MA60,平台壓縮後轉強，可優先觀察起漲/試單。,v266.57.9,7.0,無原分數欄位｜僅顯示結構前置分數,710.0,5.3,B,續強品質中,回檔不破前低｜低點墊高確認｜收盤守MA5｜回測守MA10,回檔承接尚可，若原策略入選，可優先觀察延續。,v266.57.9,5.6,0.55,0.5,GENERIC,測試排序分=原分數+結構前置分*策略權重+續強品質*策略權重；不覆蓋原策略,802.0,1.5,D,突破不足,收盤接近高點,尚未形成乾淨突破，不急著升級。,v266.57.9,WATCH,0.55,0.35,0.75,6.83,744.0,最後後處理補寫：原分數+結構前置+續強品質+突破品質；不覆蓋原策略,0.0,,一般,5.601,v266.58.1,2026-10-01 01:22:38,觀察,0,0,持續觀察,前狀態:觀察→今日:觀察,NO,v266.60.2,5.601,30.0,0.0,0.0,0.0,11.06,583.0,20/40/60結構佳｜續強品質佳｜主力佈局語意,起漲前優先,v266.61,2026-10-01 01:22:44,8.0,洗盤不破承接,無事件,等待下一次確認。,6.321,651,v266.62,2026-10-01 01:22:46,24.0,0.0,18.0,0.0,-4.12,量能安靜｜洗盤整理不破｜主力吸籌文字確認,v266.68,2026-10-01 01:22:50,NOISE,雜訊：條件不足。,WATCH,480
2026-09-30,4102,WATCH,54,18.45,50以下,0.0,0,佈局觀察,波動壓縮 | 均線收斂 | 接近突破 | 結構尚可,True,False,False,True,False,True,7.0,B,起漲結構中,MA20走平翻揚｜40D平台收斂｜短中均線糾結｜40D低點守住｜接近/站回MA60｜MA60不再下彎,平台壓縮後轉強，可優先觀察起漲/試單。,v266.57.9,7.0,無原分數欄位｜僅顯示結構前置分數,710.0,5.3,B,續強品質中,回檔不破前低｜低點墊高確認｜收盤守MA5｜回測守MA10,回檔承接尚可，若原策略入選，可優先觀察延續。,v266.57.9,5.6,0.55,0.5,GENERIC,測試排序分=原分數+結構前置分*策略權重+續強品質*策略權重；不覆蓋原策略,802.0,1.5,D,突破不足,收盤接近高點,尚未形成乾淨突破，不急著升級。,v266.57.9,WATCH,0.55,0.35,0.75,6.83,744.0,最後後處理補寫：原分數+結構前置+續強品質+突破品質；不覆蓋原策略,0.0,,一般,5.601,v266.58.1,2026-10-01 01:22:38,觀察,0,0,持續觀察,前狀態:觀察→今日:觀察,NO,v266.60.2,5.601,30.0,0.0,0.0,0.0,11.06,583.0,20/40/60結構佳｜續強品質佳｜主力佈局語意,起漲前優先,v266.61,2026-10-01 01:22:44,8.0,洗盤不破承接,無事件,等待下一次確認。,6.321,652,v266.62,2026-10-01 01:22:46,24.0,0.0,18.0,0.0,-4.12,量能安靜｜洗盤整理不破｜主力吸籌文字確認,v266.68,2026-10-01 01:22:50,NOISE,雜訊：條件不足。,WATCH,481
2026-09-30,1726,WATCH,54,76.5,50-100,0.0,0,佈局觀察,波動壓縮 | 均線收斂 | 接近突破 | 結構尚可,True,False,False,True,False,True,7.0,B,起漲結構中,接近20日高｜40D平台收斂｜短中均線糾結｜40D低點守住｜接近/站回MA60｜MA60不再下彎,平台壓縮後轉強，可優先觀察起漲/試單。,v266.57.9,7.0,無原分數欄位｜僅顯示結構前置分數,710.0,5.3,B,續強品質中,回檔不破前低｜低點墊高確認｜收盤守MA5｜回測守MA10,回檔承接尚可，若原策略入選，可優先觀察延續。,v266.57.9,5.6,0.55,0.5,GENERIC,測試排序分=原分數+結構前置分*策略權重+續強品質*策略權重；不覆蓋原策略,802.0,1.5,D,突破不足,收盤接近高點,尚未形成乾淨突破，不急著升級。,v266.57.9,WATCH,0.55,0.35,0.75,6.83,744.0,最後後處理補寫：原分數+結構前置+續強品質+突破品質；不覆蓋原策略,0.0,,一般,5.601,v266.58.1,2026-10-01 01:22:38,觀察,0,0,持續觀察,前狀態:觀察→今日:觀察,NO,v266.60.2,5.601,30.0,0.0,0.0,0.0,11.06,583.0,20/40/60結構佳｜續強品質佳｜主力佈局語意,起漲前優先,v266.61,2026-10-01 01:22:44,8.0,洗盤不破承接,無事件,等待下一次確認。,6.321,653,v266.62,2026-10-01 01:22:46,24.0,0.0,18.0,0.0,-4.12,量能安靜｜洗盤整理不破｜主力吸籌文字確認,v266.68,2026-10-01 01:22:50,NOISE,雜訊：條件不足。,WATCH,482
2026-09-30,7747,WATCH,54,111.5,100-500,0.0,0,佈局觀察,波動壓縮 | 均線收斂 | 接近突破 | 結構尚可,True,False,False,True,False,True,8.0,A,起漲結構強,MA20走平翻揚｜接近20日高｜40D平台收斂｜短中均線糾結｜40D低點守住｜接近/站回MA60｜近5日量縮,平台壓縮後轉強，可優先觀察起漲/試單。,v266.57.9,8.0,無原分數欄位｜僅顯示結構前置分數,556.0,6.8,B,續強品質中,回檔不破前低｜低點墊高確認｜收盤守MA5｜回測守MA10｜回檔量縮,回檔承接尚可，若原策略入選，可優先觀察延續。,v266.57.9,6.9,0.55,0.5,GENERIC,測試排序分=原分數+結構前置分*策略權重+續強品質*策略權重；不覆蓋原策略,592.0,,,,,,,WATCH,0.55,0.35,0.75,6.78,748.0,最後後處理補寫：原分數+結構前置+續強品質+突破品質；不覆蓋原策略,0.0,,一般,5.56,v266.58.1,2026-10-01 01:22:38,觀察,0,0,持續觀察,前狀態:觀察→今日:觀察,NO,v266.60.2,5.56,30.0,0.0,0.0,0.0,11.056,586.0,20/40/60結構佳｜續強品質佳｜主力佈局語意,起漲前優先,v266.61,2026-10-01 01:22:44,8.0,洗盤不破承接,無事件,等待下一次確認。,6.292,654,v266.62,2026-10-01 01:22:46,24.0,0.0,18.0,0.0,-4.12,量能安靜｜洗盤整理不破｜主力吸籌文字確認,v266.68,2026-10-01 01:22:50,NOISE,雜訊：條件不足。,WATCH,483
2026-09-30,4580,WATCH,54,81.8,50-100,0.0,0,佈局觀察,波動壓縮 | 均線收斂 | 接近突破 | 結構尚可,True,False,False,True,False,True,10.0,A,起漲結構強,20D站上MA20｜MA20走平翻揚｜接近20日高｜40D平台收斂｜短中均線糾結｜40D低點守住｜接近/站回MA60｜MA60不再下彎｜站回60D區間中上,平台壓縮後轉強，可優先觀察起漲/試單。,v266.57.9,10.0,無原分數欄位｜僅顯示結構前置分數,253.0,6.5,B,續強品質中,回檔不破前低｜低點墊高確認｜收盤守MA5｜續強確認：收盤未跌破MA5｜仍站MA20,回檔承接尚可，若原策略入選，可優先觀察延續。,v266.57.9,7.75,0.55,0.5,GENERIC,測試排序分=原分數+結構前置分*策略權重+續強品質*策略權重；不覆蓋原策略,463.0,1.5,D,突破不足,突破近5日高,尚未形成乾淨突破，不急著升級。,v266.57.9,WATCH,0.55,0.35,0.75,8.9,473.0,最後後處理補寫：原分數+結構前置+續強品質+突破品質；不覆蓋原策略,0.0,,一般,7.298,v266.58.1,2026-10-01 01:22:38,觀察,0,-5,降級風險,前狀態:突破中→今日:觀察｜狀態降級,RISK,v266.60.2,5.548,30.0,0.0,0.0,15.0,4.842,766.0,20/40/60結構佳｜續強品質佳｜主力佈局語意｜風險語意扣分,過熱降權,v266.61,2026-10-01 01:22:44,8.0,洗盤不破承接,無事件,等待下一次確認。,6.284,655,v266.62,2026-10-01 01:22:46,24.0,0.0,18.0,0.0,-4.12,量能安靜｜洗盤整理不破｜主力吸籌文字確認,v266.68,2026-10-01 01:22:50,NOISE,雜訊：條件不足。,WATCH,484
2026-09-30,3310,WATCH,54,68.8,50-100,0.0,0,佈局觀察,波動壓縮 | 均線收斂 | 接近突破 | 結構尚可,True,False,False,True,False,True,10.0,A,起漲結構強,20D站上MA20｜MA20走平翻揚｜接近20日高｜40D平台收斂｜短中均線糾結｜40D低點守住｜接近/站回MA60｜MA60不再下彎｜站回60D區間中上,平台壓縮後轉強，可優先觀察起漲/試單。,v266.57.9,10.0,無原分數欄位｜僅顯示結構前置分數,253.0,6.5,B,續強品質中,回檔不破前低｜低點墊高確認｜收盤守MA5｜續強確認：收盤未跌破MA5｜仍站MA20,回檔承接尚可，若原策略入選，可優先觀察延續。,v266.57.9,7.75,0.55,0.5,GENERIC,測試排序分=原分數+結構前置分*策略權重+續強品質*策略權重；不覆蓋原策略,463.0,1.5,D,突破不足,收盤接近高點,尚未形成乾淨突破，不急著升級。,v266.57.9,WATCH,0.55,0.35,0.75,8.9,473.0,最後後處理補寫：原分數+結構前置+續強品質+突破品質；不覆蓋原策略,0.0,,一般,7.298,v266.58.1,2026-10-01 01:22:38,觀察,0,-5,降級風險,前狀態:突破中→今日:觀察｜狀態降級,RISK,v266.60.2,5.548,30.0,0.0,0.0,15.0,4.842,766.0,20/40/60結構佳｜續強品質佳｜主力佈局語意｜風險語意扣分,過熱降權,v266.61,2026-10-01 01:22:44,8.0,洗盤不破承接,無事件,等待下一次確認。,6.284,656,v266.62,2026-10-01 01:22:46,24.0,0.0,18.0,0.0,-4.12,量能安靜｜洗盤整理不破｜主力吸籌文字確認,v266.68,2026-10-01 01:22:50,NOISE,雜訊：條件不足。,WATCH,485
2026-09-30,6792,WATCH,54,59.6,50-100,0.0,0,佈局觀察,波動壓縮 | 均線收斂 | 接近突破 | 結構尚可,True,False,False,True,False,True,8.8,A,起漲結構強,20D站上MA20｜40D平台收斂｜短中均線糾結｜40D低點守住｜接近/站回MA60｜站回60D區間中上｜近5日量縮｜10D動能轉正,平台壓縮後轉強，可優先觀察起漲/試單。,v266.57.9,8.8,無原分數欄位｜僅顯示結構前置分數,522.0,9.0,A,續強品質強,回檔不破前低｜低點墊高確認｜收盤守MA5｜續強確認：收盤未跌破MA5｜回檔量縮｜仍站MA20｜10D動能維持,回檔承接尚可，若原策略入選，可優先觀察延續。,v266.57.9,8.34,0.55,0.5,GENERIC,測試排序分=原分數+結構前置分*策略權重+續強品質*策略權重；不覆蓋原策略,340.0,1.2,D,突破不足,量能較前日放大,尚未形成乾淨突破，不急著升級。,v266.57.9,WATCH,0.55,0.35,0.75,8.89,480.0,最後後處理補寫：原分數+結構前置+續強品質+突破品質；不覆蓋原策略,0.0,,一般,7.29,v266.58.1,2026-10-01 01:22:38,觀察,0,-5,降級風險,前狀態:突破中→今日:觀察｜狀態降級,RISK,v266.60.2,5.54,30.0,0.0,0.0,15.0,4.841,768.0,20/40/60結構佳｜續強品質佳｜主力佈局語意｜風險語意扣分,過熱降權,v266.61,2026-10-01 01:22:44,8.0,洗盤不破承接,無事件,等待下一次確認。,6.278,657,v266.62,2026-10-01 01:22:46,24.0,0.0,18.0,0.0,-4.12,量能安靜｜洗盤整理不破｜主力吸籌文字確認,v266.68,2026-10-01 01:22:50,NOISE,雜訊：條件不足。,WATCH,486
2026-09-30,6843,WATCH,54,38.55,50以下,0.0,0,佈局觀察,波動壓縮 | 均線收斂 | 接近突破 | 結構尚可,True,False,False,True,False,True,8.0,A,起漲結構強,20D站上MA20｜MA20走平翻揚｜接近20日高｜40D平台收斂｜短中均線糾結｜40D低點守住｜接近/站回MA60,平台壓縮後轉強，可優先觀察起漲/試單。,v266.57.9,8.0,無原分數欄位｜僅顯示結構前置分數,556.0,6.3,B,續強品質中,回檔不破前低｜低點墊高確認｜收盤守MA5｜回測守MA10｜仍站MA20,回檔承接尚可，若原策略入選，可優先觀察延續。,v266.57.9,6.65,0.55,0.5,GENERIC,測試排序分=原分數+結構前置分*策略權重+續強品質*策略權重；不覆蓋原策略,660.0,0.2,D,突破不足,MA5加速上彎｜扣分:收盤位置偏弱,尚未形成乾淨突破，不急著升級。,v266.57.9,WATCH,0.55,0.35,0.75,6.755,749.0,最後後處理補寫：原分數+結構前置+續強品質+突破品質；不覆蓋原策略,0.0,,一般,5.539,v266.58.1,2026-10-01 01:22:38,觀察,0,0,持續觀察,前狀態:觀察→今日:觀察,NO,v266.60.2,5.539,30.0,0.0,0.0,0.0,11.054,587.0,20/40/60結構佳｜續強品質佳｜主力佈局語意,起漲前優先,v266.61,2026-10-01 01:22:44,8.0,洗盤不破承接,無事件,等待下一次確認。,6.277,658,v266.62,2026-10-01 01:22:46,24.0,0.0,18.0,0.0,-4.12,量能安靜｜洗盤整理不破｜主力吸籌文字確認,v266.68,2026-10-01 01:22:50,NOISE,雜訊：條件不足。,WATCH,487
2026-09-30,4157,WATCH,54,8.89,50以下,0.0,0,佈局觀察,波動壓縮 | 均線收斂 | 接近突破 | 結構尚可,True,False,False,True,False,True,9.0,A,起漲結構強,20D站上MA20｜MA20走平翻揚｜40D平台收斂｜短中均線糾結｜40D低點守住｜接近/站回MA60｜MA60不再下彎｜站回60D區間中上,平台壓縮後轉強，可優先觀察起漲/試單。,v266.57.9,9.0,無原分數欄位｜僅顯示結構前置分數,391.0,8.0,A,續強品質強,回檔不破前低｜低點墊高確認｜收盤守MA5｜續強確認：收盤未跌破MA5｜回檔量縮｜仍站MA20,回檔承接尚可，若原策略入選，可優先觀察延續。,v266.57.9,7.95,0.55,0.5,GENERIC,測試排序分=原分數+結構前置分*策略權重+續強品質*策略權重；不覆蓋原策略,387.0,1.5,D,突破不足,收盤接近高點,尚未形成乾淨突破，不急著升級。,v266.57.9,WATCH,0.55,0.35,0.75,8.875,481.0,最後後處理補寫：原分數+結構前置+續強品質+突破品質；不覆蓋原策略,0.0,,一般,7.278,v266.58.1,2026-10-01 01:22:38,觀察,0,-5,降級風險,前狀態:突破中→今日:觀察｜狀態降級,RISK,v266.60.2,5.528,30.0,0.0,0.0,15.0,4.84,769.0,20/40/60結構佳｜續強品質佳｜主力佈局語意｜風險語意扣分,過熱降權,v266.61,2026-10-01 01:22:44,8.0,洗盤不破承接,無事件,等待下一次確認。,6.27,659,v266.62,2026-10-01 01:22:46,24.0,0.0,18.0,0.0,-4.12,量能安靜｜洗盤整理不破｜主力吸籌文字確認,v266.68,2026-10-01 01:22:50,NOISE,雜訊：條件不足。,WATCH,488
2026-09-30,6290,WATCH,54,280.0,100-500,0.0,0,佈局觀察,波動壓縮 | 均線收斂 | 接近突破 | 結構尚可,True,False,False,True,False,True,9.0,A,起漲結構強,20D站上MA20｜MA20走平翻揚｜接近20日高｜40D平台收斂｜短中均線糾結｜40D低點守住｜接近/站回MA60｜站回60D區間中上,平台壓縮後轉強，可優先觀察起漲/試單。,v266.57.9,9.0,無原分數欄位｜僅顯示結構前置分數,391.0,8.0,A,續強品質強,回檔不破前低｜低點墊高確認｜收盤守MA5｜續強確認：收盤未跌破MA5｜回檔量縮｜仍站MA20,回檔承接尚可，若原策略入選，可優先觀察延續。,v266.57.9,7.95,0.55,0.5,GENERIC,測試排序分=原分數+結構前置分*策略權重+續強品質*策略權重；不覆蓋原策略,387.0,1.5,D,突破不足,收盤接近高點,尚未形成乾淨突破，不急著升級。,v266.57.9,WATCH,0.55,0.35,0.75,8.875,481.0,最後後處理補寫：原分數+結構前置+續強品質+突破品質；不覆蓋原策略,0.0,,一般,7.278,v266.58.1,2026-10-01 01:22:38,觀察,0,-5,降級風險,前狀態:突破中→今日:觀察｜狀態降級,RISK,v266.60.2,5.528,30.0,0.0,0.0,15.0,4.84,769.0,20/40/60結構佳｜續強品質佳｜主力佈局語意｜風險語意扣分,過熱降權,v266.61,2026-10-01 01:22:44,8.0,洗盤不破承接,無事件,等待下一次確認。,6.27,660,v266.62,2026-10-01 01:22:46,24.0,0.0,18.0,0.0,-4.12,量能安靜｜洗盤整理不破｜主力吸籌文字確認,v266.68,2026-10-01 01:22:50,NOISE,雜訊：條件不足。,WATCH,489
2026-09-30,6176,WATCH,54,91.2,50-100,0.0,0,佈局觀察,波動壓縮 | 均線收斂 | 接近突破 | 結構尚可,True,False,False,True,False,True,7.0,B,起漲結構中,40D平台收斂｜短中均線糾結｜40D低點守住｜接近/站回MA60｜MA60不再下彎｜近5日量縮,平台壓縮後轉強，可優先觀察起漲/試單。,v266.57.9,7.0,無原分數欄位｜僅顯示結構前置分數,710.0,5.0,B,續強品質中,回檔不破前低｜低點墊高確認｜收盤守MA5｜回檔量縮｜扣分:跌破短均,回檔承接尚可，若原策略入選，可優先觀察延續。,v266.57.9,6.35,0.55,0.5,GENERIC,測試排序分=原分數+結構前置分*策略權重+續強品質*策略權重；不覆蓋原策略,693.0,1.5,D,突破不足,紅K實體放大,尚未形成乾淨突破，不急著升級。,v266.57.9,WATCH,0.55,0.35,0.75,6.725,752.0,最後後處理補寫：原分數+結構前置+續強品質+突破品質；不覆蓋原策略,0.0,,一般,5.514,v266.58.1,2026-10-01 01:22:38,觀察,0,0,持續觀察,前狀態:觀察→今日:觀察,NO,v266.60.2,5.514,30.0,0.0,0.0,0.0,11.051,588.0,20/40/60結構佳｜續強品質佳｜主力佈局語意,起漲前優先,v266.61,2026-10-01 01:22:44,8.0,洗盤不破承接,無事件,等待下一次確認。,6.26,661,v266.62,2026-10-01 01:22:46,24.0,0.0,18.0,0.0,-4.12,量能安靜｜洗盤整理不破｜主力吸籌文字確認,v266.68,2026-10-01 01:22:50,NOISE,雜訊：條件不足。,WATCH,490
2026-09-30,6667,WATCH,54,262.0,100-500,0.0,0,佈局觀察,波動壓縮 | 均線收斂 | 接近突破 | 結構尚可,True,False,False,True,False,True,11.0,A,起漲結構強,20D站上MA20｜MA20走平翻揚｜接近20日高｜40D平台收斂｜短中均線糾結｜40D低點守住｜接近/站回MA60｜MA60不再下彎｜站回60D區間中上｜近5日量縮,平台壓縮後轉強，可優先觀察起漲/試單。,v266.57.9,11.0,無原分數欄位｜僅顯示結構前置分數,137.0,8.0,A,續強品質強,回檔不破前低｜低點墊高確認｜收盤守MA5｜續強確認：收盤未跌破MA5｜回檔量縮｜仍站MA20,回檔承接尚可，若原策略入選，可優先觀察延續。,v266.57.9,9.05,0.55,0.5,GENERIC,測試排序分=原分數+結構前置分*策略權重+續強品質*策略權重；不覆蓋原策略,199.0,0.0,D,突破不足,,尚未形成乾淨突破，不急著升級。,v266.57.9,WATCH,0.55,0.35,0.75,8.85,488.0,最後後處理補寫：原分數+結構前置+續強品質+突破品質；不覆蓋原策略,0.0,,一般,7.257,v266.58.1,2026-10-01 01:22:38,觀察,0,-5,降級風險,前狀態:突破中→今日:觀察｜狀態降級,RISK,v266.60.2,5.507,30.0,0.0,0.0,15.0,4.838,771.0,20/40/60結構佳｜續強品質佳｜主力佈局語意｜風險語意扣分,過熱降權,v266.61,2026-10-01 01:22:44,8.0,洗盤不破承接,無事件,等待下一次確認。,6.255,662,v266.62,2026-10-01 01:22:46,24.0,0.0,18.0,0.0,-4.12,量能安靜｜洗盤整理不破｜主力吸籌文字確認,v266.68,2026-10-01 01:22:50,NOISE,雜訊：條件不足。,WATCH,491
2026-09-30,7709,WATCH,54,86.3,50-100,0.0,0,佈局觀察,波動壓縮 | 均線收斂 | 接近突破 | 結構尚可,True,False,False,True,False,True,9.0,A,起漲結構強,20D站上MA20｜MA5站上MA10｜40D平台收斂｜短中均線糾結｜40D低點守住｜接近/站回MA60｜MA60不再下彎｜站回60D區間中上,平台壓縮後轉強，可優先觀察起漲/試單。,v266.57.9,7.0,無原分數欄位｜僅顯示結構前置分數,710.0,9.0,A,續強品質強,回檔不破前低｜低點墊高確認｜收盤守MA5｜回測守MA10｜回檔量縮｜MA5仍在MA10上｜仍站MA20,回檔承接尚可，若原策略入選，可優先觀察延續。,v266.57.9,6.7,0.55,0.5,GENERIC,測試排序分=原分數+結構前置分*策略權重+續強品質*策略權重；不覆蓋原策略,643.0,1.0,D,突破不足,MA5加速上彎｜短均多頭｜扣分:收盤位置偏弱,尚未形成乾淨突破，不急著升級。,v266.57.9,WATCH,0.55,0.35,0.75,8.85,488.0,最後後處理補寫：原分數+結構前置+續強品質+突破品質；不覆蓋原策略,0.0,,一般,7.257,v266.58.1,2026-10-01 01:22:38,觀察,0,-5,降級風險,前狀態:突破中→今日:觀察｜狀態降級,RISK,v266.60.2,5.507,30.0,0.0,0.0,15.0,4.838,771.0,20/40/60結構佳｜續強品質佳｜主力佈局語意｜風險語意扣分,過熱降權,v266.61,2026-10-01 01:22:44,8.0,洗盤不破承接,無事件,等待下一次確認。,6.255,663,v266.62,2026-10-01 01:22:46,24.0,0.0,18.0,0.0,-4.12,量能安靜｜洗盤整理不破｜主力吸籌文字確認,v266.68,2026-10-01 01:22:50,NOISE,雜訊：條件不足。,WATCH,492
2026-09-30,2836,WATCH,54,12.1,50以下,0.0,0,佈局觀察,波動壓縮 | 均線收斂 | 接近突破 | 結構尚可,True,False,False,True,False,True,9.0,A,起漲結構強,MA20走平翻揚｜接近20日高｜40D平台收斂｜短中均線糾結｜40D低點守住｜接近/站回MA60｜MA60不再下彎｜近5日量縮,平台壓縮後轉強，可優先觀察起漲/試單。,v266.57.9,7.0,無原分數欄位｜僅顯示結構前置分數,710.0,5.0,B,續強品質中,回檔不破前低｜低點墊高確認｜收盤守MA5｜回檔量縮｜扣分:跌破短均,回檔承接尚可，若原策略入選，可優先觀察延續。,v266.57.9,5.6,0.55,0.5,GENERIC,測試排序分=原分數+結構前置分*策略權重+續強品質*策略權重；不覆蓋原策略,802.0,0.0,D,突破不足,,尚未形成乾淨突破，不急著升級。,v266.57.9,WATCH,0.55,0.35,0.75,6.7,753.0,最後後處理補寫：原分數+結構前置+續強品質+突破品質；不覆蓋原策略,0.0,,一般,5.494,v266.58.1,2026-10-01 01:22:38,觀察,0,0,持續觀察,前狀態:觀察→今日:觀察,NO,v266.60.2,5.494,30.0,0.0,0.0,0.0,11.049,589.0,20/40/60結構佳｜續強品質佳｜主力佈局語意,起漲前優先,v266.61,2026-10-01 01:22:44,8.0,洗盤不破承接,無事件,等待下一次確認。,6.246,664,v266.62,2026-10-01 01:22:46,24.0,0.0,18.0,0.0,-4.12,量能安靜｜洗盤整理不破｜主力吸籌文字確認,v266.68,2026-10-01 01:22:50,NOISE,雜訊：條件不足。,WATCH,493
2026-09-30,1725,WATCH,54,34.15,50以下,0.0,0,佈局觀察,波動壓縮 | 均線收斂 | 接近突破 | 結構尚可,True,False,False,True,False,True,10.8,A,起漲結構強,20D站上MA20｜MA20走平翻揚｜MA5站上MA10｜接近20日高｜40D平台收斂｜短中均線糾結｜40D低點守住｜接近/站回MA60｜站回60D區間中上｜10D動能轉正,平台壓縮後轉強，可優先觀察起漲/試單。,v266.57.9,10.8,無原分數欄位｜僅顯示結構前置分數,197.0,8.7,A,續強品質強,回檔不破前低｜低點墊高確認｜收盤守MA5｜續強確認：收盤未跌破MA5｜MA5仍在MA10上｜仍站MA20｜10D動能維持,回檔承接尚可，若原策略入選，可優先觀察延續。,v266.57.9,9.29,0.55,0.5,GENERIC,測試排序分=原分數+結構前置分*策略權重+續強品質*策略權重；不覆蓋原策略,160.0,-0.2,D,突破不足,短均多頭｜扣分:收盤位置偏弱,尚未形成乾淨突破，不急著升級。,v266.57.9,WATCH,0.55,0.35,0.75,8.835,491.0,最後後處理補寫：原分數+結構前置+續強品質+突破品質；不覆蓋原策略,0.0,,一般,7.245,v266.58.1,2026-10-01 01:22:38,觀察,0,-5,降級風險,前狀態:突破中→今日:觀察｜狀態降級,RISK,v266.60.2,5.495,30.0,0.0,0.0,15.0,4.837,773.0,20/40/60結構佳｜續強品質佳｜主力佈局語意｜風險語意扣分,過熱降權,v266.61,2026-10-01 01:22:44,8.0,洗盤不破承接,無事件,等待下一次確認。,6.246,665,v266.62,2026-10-01 01:22:46,24.0,0.0,18.0,0.0,-4.12,量能安靜｜洗盤整理不破｜主力吸籌文字確認,v266.68,2026-10-01 01:22:50,NOISE,雜訊：條件不足。,WATCH,494
2026-09-30,4440,WATCH,54,17.55,50以下,0.0,0,佈局觀察,波動壓縮 | 均線收斂 | 接近突破 | 結構尚可,True,False,False,True,False,True,8.0,A,起漲結構強,接近20日高｜40D平台收斂｜短中均線糾結｜40D低點守住｜接近/站回MA60｜MA60不再下彎｜近5日量縮,平台壓縮後轉強，可優先觀察起漲/試單。,v266.57.9,6.0,無原分數欄位｜僅顯示結構前置分數,828.0,5.5,B,續強品質中,回檔不破前低｜低點墊高確認｜收盤守MA5｜續強確認：收盤未跌破MA5,回檔承接尚可，若原策略入選，可優先觀察延續。,v266.57.9,4.3,0.55,0.5,GENERIC,測試排序分=原分數+結構前置分*策略權重+續強品質*策略權重；不覆蓋原策略,910.0,0.5,D,突破不足,紅K實體放大｜量能較前日放大｜扣分:收盤位置偏弱、上影偏長,尚未形成乾淨突破，不急著升級。,v266.57.9,WATCH,0.55,0.35,0.75,6.7,753.0,最後後處理補寫：原分數+結構前置+續強品質+突破品質；不覆蓋原策略,0.0,,一般,5.494,v266.58.1,2026-10-01 01:22:38,觀察,0,0,持續觀察,前狀態:觀察→今日:觀察,NO,v266.60.2,5.494,30.0,0.0,0.0,0.0,11.049,589.0,20/40/60結構佳｜續強品質佳｜主力佈局語意,起漲前優先,v266.61,2026-10-01 01:22:44,8.0,洗盤不破承接,無事件,等待下一次確認。,6.246,666,v266.62,2026-10-01 01:22:46,24.0,0.0,18.0,0.0,-4.12,量能安靜｜洗盤整理不破｜主力吸籌文字確認,v266.68,2026-10-01 01:22:50,NOISE,雜訊：條件不足。,WATCH,495
2026-09-30,4147,WATCH,54,63.7,50-100,0.0,0,佈局觀察,波動壓縮 | 均線收斂 | 接近突破 | 結構尚可,True,False,False,True,False,True,8.0,A,起漲結構強,20D站上MA20｜MA20走平翻揚｜接近20日高｜40D平台收斂｜短中均線糾結｜接近/站回MA60｜MA60不再下彎,平台壓縮後轉強，可優先觀察起漲/試單。,v266.57.9,6.0,無原分數欄位｜僅顯示結構前置分數,828.0,6.5,B,續強品質中,回檔不破前低｜低點墊高確認｜收盤守MA5｜續強確認：收盤未跌破MA5｜仍站MA20,回檔承接尚可，若原策略入選，可優先觀察延續。,v266.57.9,4.8,0.55,0.5,GENERIC,測試排序分=原分數+結構前置分*策略權重+續強品質*策略權重；不覆蓋原策略,890.0,0.0,D,突破不足,,尚未形成乾淨突破，不急著升級。,v266.57.9,WATCH,0.55,0.35,0.75,6.675,755.0,最後後處理補寫：原分數+結構前置+續強品質+突破品質；不覆蓋原策略,0.0,,一般,5.474,v266.58.1,2026-10-01 01:22:38,觀察,0,0,持續觀察,前狀態:觀察→今日:觀察,NO,v266.60.2,5.474,30.0,0.0,0.0,0.0,11.047,591.0,20/40/60結構佳｜續強品質佳｜主力佈局語意,起漲前優先,v266.61,2026-10-01 01:22:44,8.0,洗盤不破承接,無事件,等待下一次確認。,6.232,667,v266.62,2026-10-01 01:22:46,24.0,0.0,18.0,0.0,-4.12,量能安靜｜洗盤整理不破｜主力吸籌文字確認,v266.68,2026-10-01 01:22:50,NOISE,雜訊：條件不足。,WATCH,496
2026-09-30,4533,WATCH,54,25.65,50以下,0.0,0,佈局觀察,波動壓縮 | 均線收斂 | 接近突破 | 結構尚可,True,False,False,True,False,True,8.0,A,起漲結構強,20D站上MA20｜MA20走平翻揚｜接近20日高｜40D平台收斂｜短中均線糾結｜40D低點守住｜接近/站回MA60,平台壓縮後轉強，可優先觀察起漲/試單。,v266.57.9,8.0,無原分數欄位｜僅顯示結構前置分數,556.0,6.5,B,續強品質中,回檔不破前低｜低點墊高確認｜收盤守MA5｜續強確認：收盤未跌破MA5｜仍站MA20,回檔承接尚可，若原策略入選，可優先觀察延續。,v266.57.9,6.65,0.55,0.5,GENERIC,測試排序分=原分數+結構前置分*策略權重+續強品質*策略權重；不覆蓋原策略,660.0,0.0,D,突破不足,,尚未形成乾淨突破，不急著升級。,v266.57.9,WATCH,0.55,0.35,0.75,6.675,755.0,最後後處理補寫：原分數+結構前置+續強品質+突破品質；不覆蓋原策略,0.0,,一般,5.474,v266.58.1,2026-10-01 01:22:38,觀察,0,0,持續觀察,前狀態:觀察→今日:觀察,NO,v266.60.2,5.474,30.0,0.0,0.0,0.0,11.047,591.0,20/40/60結構佳｜續強品質佳｜主力佈局語意,起漲前優先,v266.61,2026-10-01 01:22:44,8.0,洗盤不破承接,無事件,等待下一次確認。,6.232,668,v266.62,2026-10-01 01:22:46,24.0,0.0,18.0,0.0,-4.12,量能安靜｜洗盤整理不破｜主力吸籌文字確認,v266.68,2026-10-01 01:22:50,NOISE,雜訊：條件不足。,WATCH,497
2026-09-30,3131,WATCH,54,2525.0,1000以上,0.0,0,佈局觀察,波動壓縮 | 均線收斂 | 接近突破 | 結構尚可,True,False,False,True,False,True,8.0,A,起漲結構強,20D站上MA20｜MA20走平翻揚｜接近20日高｜40D平台收斂｜短中均線糾結｜40D低點守住｜接近/站回MA60,平台壓縮後轉強，可優先觀察起漲/試單。,v266.57.9,8.0,無原分數欄位｜僅顯示結構前置分數,556.0,6.5,B,續強品質中,回檔不破前低｜低點墊高確認｜收盤守MA5｜續強確認：收盤未跌破MA5｜仍站MA20,回檔承接尚可，若原策略入選，可優先觀察延續。,v266.57.9,6.65,0.55,0.5,GENERIC,測試排序分=原分數+結構前置分*策略權重+續強品質*策略權重；不覆蓋原策略,660.0,0.0,D,突破不足,,尚未形成乾淨突破，不急著升級。,v266.57.9,WATCH,0.55,0.35,0.75,6.675,755.0,最後後處理補寫：原分數+結構前置+續強品質+突破品質；不覆蓋原策略,0.0,,一般,5.474,v266.58.1,2026-10-01 01:22:38,觀察,0,0,持續觀察,前狀態:觀察→今日:觀察,NO,v266.60.2,5.474,30.0,0.0,0.0,0.0,11.047,591.0,20/40/60結構佳｜續強品質佳｜主力佈局語意,起漲前優先,v266.61,2026-10-01 01:22:44,8.0,洗盤不破承接,無事件,等待下一次確認。,6.232,669,v266.62,2026-10-01 01:22:46,24.0,0.0,18.0,0.0,-4.12,量能安靜｜洗盤整理不破｜主力吸籌文字確認,v266.68,2026-10-01 01:22:50,NOISE,雜訊：條件不足。,WATCH,498
2026-09-30,4401,WATCH,54,13.9,50以下,0.0,0,佈局觀察,波動壓縮 | 均線收斂 | 接近突破 | 結構尚可,True,False,False,True,False,True,8.0,A,起漲結構強,MA20走平翻揚｜接近20日高｜40D平台收斂｜短中均線糾結｜40D低點守住｜接近/站回MA60｜MA60不再下彎,平台壓縮後轉強，可優先觀察起漲/試單。,v266.57.9,8.0,無原分數欄位｜僅顯示結構前置分數,556.0,6.5,B,續強品質中,回檔不破前低｜低點墊高確認｜收盤守MA5｜續強確認：收盤未跌破MA5｜仍站MA20,回檔承接尚可，若原策略入選，可優先觀察延續。,v266.57.9,6.65,0.55,0.5,GENERIC,測試排序分=原分數+結構前置分*策略權重+續強品質*策略權重；不覆蓋原策略,660.0,0.0,D,突破不足,,尚未形成乾淨突破，不急著升級。,v266.57.9,WATCH,0.55,0.35,0.75,6.675,755.0,最後後處理補寫：原分數+結構前置+續強品質+突破品質；不覆蓋原策略,0.0,,一般,5.474,v266.58.1,2026-10-01 01:22:38,觀察,0,0,持續觀察,前狀態:觀察→今日:觀察,NO,v266.60.2,5.474,30.0,0.0,0.0,0.0,11.047,591.0,20/40/60結構佳｜續強品質佳｜主力佈局語意,起漲前優先,v266.61,2026-10-01 01:22:44,8.0,洗盤不破承接,無事件,等待下一次確認。,6.232,670,v266.62,2026-10-01 01:22:46,24.0,0.0,18.0,0.0,-4.12,量能安靜｜洗盤整理不破｜主力吸籌文字確認,v266.68,2026-10-01 01:22:50,NOISE,雜訊：條件不足。,WATCH,499
2026-09-30,6190,WATCH,54,70.4,50-100,0.0,0,佈局觀察,波動壓縮 | 均線收斂 | 接近突破 | 結構尚可,True,False,False,True,False,True,8.0,A,起漲結構強,20D站上MA20｜MA20走平翻揚｜接近20日高｜40D平台收斂｜短中均線糾結｜40D低點守住｜接近/站回MA60,平台壓縮後轉強，可優先觀察起漲/試單。,v266.57.9,6.0,無原分數欄位｜僅顯示結構前置分數,828.0,6.5,B,續強品質中,回檔不破前低｜低點墊高確認｜收盤守MA5｜續強確認：收盤未跌破MA5｜仍站MA20,回檔承接尚可，若原策略入選，可優先觀察延續。,v266.57.9,4.8,0.55,0.5,GENERIC,測試排序分=原分數+結構前置分*策略權重+續強品質*策略權重；不覆蓋原策略,890.0,0.0,D,突破不足,,尚未形成乾淨突破，不急著升級。,v266.57.9,WATCH,0.55,0.35,0.75,6.675,755.0,最後後處理補寫：原分數+結構前置+續強品質+突破品質；不覆蓋原策略,0.0,,一般,5.474,v266.58.1,2026-10-01 01:22:38,觀察,0,0,持續觀察,前狀態:觀察→今日:觀察,NO,v266.60.2,5.474,30.0,0.0,0.0,0.0,11.047,591.0,20/40/60結構佳｜續強品質佳｜主力佈局語意,起漲前優先,v266.61,2026-10-01 01:22:44,8.0,洗盤不破承接,無事件,等待下一次確認。,6.232,671,v266.62,2026-10-01 01:22:46,24.0,0.0,18.0,0.0,-4.12,量能安靜｜洗盤整理不破｜主力吸籌文字確認,v266.68,2026-10-01 01:22:50,NOISE,雜訊：條件不足。,WATCH,500
2026-09-30,6261,WATCH,54,79.1,50-100,0.0,0,佈局觀察,波動壓縮 | 均線收斂 | 接近突破 | 結構尚可,True,False,False,True,False,True,8.0,A,起漲結構強,20D站上MA20｜MA20走平翻揚｜接近20日高｜40D平台收斂｜短中均線糾結｜40D低點守住｜接近/站回MA60,平台壓縮後轉強，可優先觀察起漲/試單。,v266.57.9,8.0,無原分數欄位｜僅顯示結構前置分數,556.0,6.5,B,續強品質中,回檔不破前低｜低點墊高確認｜收盤守MA5｜續強確認：收盤未跌破MA5｜仍站MA20,回檔承接尚可，若原策略入選，可優先觀察延續。,v266.57.9,6.65,0.55,0.5,GENERIC,測試排序分=原分數+結構前置分*策略權重+續強品質*策略權重；不覆蓋原策略,660.0,0.0,D,突破不足,,尚未形成乾淨突破，不急著升級。,v266.57.9,WATCH,0.55,0.35,0.75,6.675,755.0,最後後處理補寫：原分數+結構前置+續強品質+突破品質；不覆蓋原策略,0.0,,一般,5.474,v266.58.1,2026-10-01 01:22:38,觀察,0,0,持續觀察,前狀態:觀察→今日:觀察,NO,v266.60.2,5.474,30.0,0.0,0.0,0.0,11.047,591.0,20/40/60結構佳｜續強品質佳｜主力佈局語意,起漲前優先,v266.61,2026-10-01 01:22:44,8.0,洗盤不破承接,無事件,等待下一次確認。,6.232,672,v266.62,2026-10-01 01:22:46,24.0,0.0,18.0,0.0,-4.12,量能安靜｜洗盤整理不破｜主力吸籌文字確認,v266.68,2026-10-01 01:22:50,NOISE,雜訊：條件不足。,WATCH,501
2026-09-30,4541,WATCH,54,61.6,50-100,0.0,0,佈局觀察,波動壓縮 | 均線收斂 | 接近突破 | 結構尚可,True,False,False,True,False,True,8.0,A,起漲結構強,20D站上MA20｜MA20走平翻揚｜接近20日高｜40D平台收斂｜短中均線糾結｜接近/站回MA60｜MA60不再下彎,平台壓縮後轉強，可優先觀察起漲/試單。,v266.57.9,8.0,無原分數欄位｜僅顯示結構前置分數,556.0,6.5,B,續強品質中,回檔不破前低｜低點墊高確認｜收盤守MA5｜續強確認：收盤未跌破MA5｜仍站MA20,回檔承接尚可，若原策略入選，可優先觀察延續。,v266.57.9,6.65,0.55,0.5,GENERIC,測試排序分=原分數+結構前置分*策略權重+續強品質*策略權重；不覆蓋原策略,660.0,0.0,D,突破不足,,尚未形成乾淨突破，不急著升級。,v266.57.9,WATCH,0.55,0.35,0.75,6.675,755.0,最後後處理補寫：原分數+結構前置+續強品質+突破品質；不覆蓋原策略,0.0,,一般,5.474,v266.58.1,2026-10-01 01:22:38,觀察,0,0,持續觀察,前狀態:觀察→今日:觀察,NO,v266.60.2,5.474,30.0,0.0,0.0,0.0,11.047,591.0,20/40/60結構佳｜續強品質佳｜主力佈局語意,起漲前優先,v266.61,2026-10-01 01:22:44,8.0,洗盤不破承接,無事件,等待下一次確認。,6.232,673,v266.62,2026-10-01 01:22:46,24.0,0.0,18.0,0.0,-4.12,量能安靜｜洗盤整理不破｜主力吸籌文字確認,v266.68,2026-10-01 01:22:50,NOISE,雜訊：條件不足。,WATCH,502
2026-09-30,2412,WATCH,54,143.5,100-500,0.0,0,佈局觀察,波動壓縮 | 均線收斂 | 接近突破 | 結構尚可,True,False,False,True,False,True,12.0,A,起漲結構強,20D站上MA20｜MA20走平翻揚｜MA5站上MA10｜接近20日高｜40D平台收斂｜短中均線糾結｜40D低點守住｜接近/站回MA60｜MA60不再下彎｜站回60D區間中上｜近5日量縮｜10D動能轉正,平台壓縮後轉強，可優先觀察起漲/試單。,v266.57.9,12.0,無原分數欄位｜僅顯示結構前置分數,1.0,6.7,B,續強品質中,回檔不破前低｜低點墊高確認｜回檔量縮｜MA5仍在MA10上｜仍站MA20｜10D動能維持｜扣分:跌破短均,回檔承接尚可，若原策略入選，可優先觀察延續。,v266.57.9,9.45,0.55,0.5,GENERIC,測試排序分=原分數+結構前置分*策略權重+續強品質*策略權重；不覆蓋原策略,143.0,-0.2,D,突破不足,短均多頭｜扣分:收盤位置偏弱,尚未形成乾淨突破，不急著升級。,v266.57.9,WATCH,0.55,0.35,0.75,8.795,494.0,最後後處理補寫：原分數+結構前置+續強品質+突破品質；不覆蓋原策略,0.0,,一般,7.212,v266.58.1,2026-10-01 01:22:38,觀察,0,-5,降級風險,前狀態:突破中→今日:觀察｜狀態降級,RISK,v266.60.2,5.462,30.0,0.0,0.0,15.0,4.834,774.0,20/40/60結構佳｜續強品質佳｜主力佈局語意｜風險語意扣分,過熱降權,v266.61,2026-10-01 01:22:44,8.0,洗盤不破承接,無事件,等待下一次確認。,6.223,674,v266.62,2026-10-01 01:22:46,24.0,0.0,18.0,0.0,-4.12,量能安靜｜洗盤整理不破｜主力吸籌文字確認,v266.68,2026-10-01 01:22:50,NOISE,雜訊：條件不足。,WATCH,503
2026-09-30,3379,WATCH,54,27.7,50以下,0.0,0,佈局觀察,波動壓縮 | 均線收斂 | 接近突破 | 結構尚可,True,False,False,True,False,True,7.0,B,起漲結構中,20D站上MA20｜MA20走平翻揚｜接近20日高｜40D平台收斂｜短中均線糾結｜接近/站回MA60,平台壓縮後轉強，可優先觀察起漲/試單。,v266.57.9,7.0,無原分數欄位｜僅顯示結構前置分數,710.0,8.0,A,續強品質強,回檔不破前低｜低點墊高確認｜收盤守MA5｜續強確認：收盤未跌破MA5｜回檔量縮｜仍站MA20,回檔承接尚可，若原策略入選，可優先觀察延續。,v266.57.9,6.85,0.55,0.5,GENERIC,測試排序分=原分數+結構前置分*策略權重+續強品質*策略權重；不覆蓋原策略,612.0,0.0,D,突破不足,,尚未形成乾淨突破，不急著升級。,v266.57.9,WATCH,0.55,0.35,0.75,6.65,762.0,最後後處理補寫：原分數+結構前置+續強品質+突破品質；不覆蓋原策略,0.0,,一般,5.453,v266.58.1,2026-10-01 01:22:38,觀察,0,0,持續觀察,前狀態:觀察→今日:觀察,NO,v266.60.2,5.453,30.0,0.0,0.0,0.0,11.045,598.0,20/40/60結構佳｜續強品質佳｜主力佈局語意,起漲前優先,v266.61,2026-10-01 01:22:44,8.0,洗盤不破承接,無事件,等待下一次確認。,6.217,675,v266.62,2026-10-01 01:22:46,24.0,0.0,18.0,0.0,-4.12,量能安靜｜洗盤整理不破｜主力吸籌文字確認,v266.68,2026-10-01 01:22:50,NOISE,雜訊：條件不足。,WATCH,504
2026-09-30,5468,WATCH,54,25.85,50以下,0.0,0,佈局觀察,波動壓縮 | 均線收斂 | 接近突破 | 結構尚可,True,False,False,True,False,True,7.0,B,起漲結構中,20D站上MA20｜接近20日高｜40D平台收斂｜短中均線糾結｜40D低點守住｜接近/站回MA60,平台壓縮後轉強，可優先觀察起漲/試單。,v266.57.9,5.0,無原分數欄位｜僅顯示結構前置分數,907.0,8.0,A,續強品質強,回檔不破前低｜低點墊高確認｜收盤守MA5｜續強確認：收盤未跌破MA5｜回檔量縮｜仍站MA20,回檔承接尚可，若原策略入選，可優先觀察延續。,v266.57.9,5.0,0.55,0.5,GENERIC,測試排序分=原分數+結構前置分*策略權重+續強品質*策略權重；不覆蓋原策略,880.0,0.0,D,突破不足,,尚未形成乾淨突破，不急著升級。,v266.57.9,WATCH,0.55,0.35,0.75,6.65,762.0,最後後處理補寫：原分數+結構前置+續強品質+突破品質；不覆蓋原策略,0.0,,一般,5.453,v266.58.1,2026-10-01 01:22:38,觀察,0,0,持續觀察,前狀態:觀察→今日:觀察,NO,v266.60.2,5.453,30.0,0.0,0.0,0.0,11.045,598.0,20/40/60結構佳｜續強品質佳｜主力佈局語意,起漲前優先,v266.61,2026-10-01 01:22:44,8.0,洗盤不破承接,無事件,等待下一次確認。,6.217,676,v266.62,2026-10-01 01:22:46,24.0,0.0,18.0,0.0,-4.12,量能安靜｜洗盤整理不破｜主力吸籌文字確認,v266.68,2026-10-01 01:22:50,NOISE,雜訊：條件不足。,WATCH,505
2026-09-30,3556,WATCH,54,58.1,50-100,0.0,0,佈局觀察,波動壓縮 | 均線收斂 | 接近突破 | 結構尚可,True,False,False,True,False,True,7.0,B,起漲結構中,20D站上MA20｜MA20走平翻揚｜接近20日高｜40D平台收斂｜短中均線糾結｜接近/站回MA60,平台壓縮後轉強，可優先觀察起漲/試單。,v266.57.9,7.0,無原分數欄位｜僅顯示結構前置分數,710.0,8.0,A,續強品質強,回檔不破前低｜低點墊高確認｜收盤守MA5｜續強確認：收盤未跌破MA5｜回檔量縮｜仍站MA20,回檔承接尚可，若原策略入選，可優先觀察延續。,v266.57.9,6.85,0.55,0.5,GENERIC,測試排序分=原分數+結構前置分*策略權重+續強品質*策略權重；不覆蓋原策略,612.0,0.0,D,突破不足,,尚未形成乾淨突破，不急著升級。,v266.57.9,WATCH,0.55,0.35,0.75,6.65,762.0,最後後處理補寫：原分數+結構前置+續強品質+突破品質；不覆蓋原策略,0.0,,一般,5.453,v266.58.1,2026-10-01 01:22:38,觀察,0,0,持續觀察,前狀態:觀察→今日:觀察,NO,v266.60.2,5.453,30.0,0.0,0.0,0.0,11.045,598.0,20/40/60結構佳｜續強品質佳｜主力佈局語意,起漲前優先,v266.61,2026-10-01 01:22:44,8.0,洗盤不破承接,無事件,等待下一次確認。,6.217,677,v266.62,2026-10-01 01:22:46,24.0,0.0,18.0,0.0,-4.12,量能安靜｜洗盤整理不破｜主力吸籌文字確認,v266.68,2026-10-01 01:22:50,NOISE,雜訊：條件不足。,WATCH,506
2026-09-30,6788,WATCH,54,349.0,100-500,0.0,0,佈局觀察,波動壓縮 | 均線收斂 | 接近突破 | 結構尚可,True,False,False,True,False,True,7.0,B,起漲結構中,20D站上MA20｜MA20走平翻揚｜接近20日高｜40D平台收斂｜短中均線糾結｜接近/站回MA60,平台壓縮後轉強，可優先觀察起漲/試單。,v266.57.9,5.0,無原分數欄位｜僅顯示結構前置分數,907.0,8.0,A,續強品質強,回檔不破前低｜低點墊高確認｜收盤守MA5｜續強確認：收盤未跌破MA5｜回檔量縮｜仍站MA20,回檔承接尚可，若原策略入選，可優先觀察延續。,v266.57.9,5.0,0.55,0.5,GENERIC,測試排序分=原分數+結構前置分*策略權重+續強品質*策略權重；不覆蓋原策略,880.0,0.0,D,突破不足,,尚未形成乾淨突破，不急著升級。,v266.57.9,WATCH,0.55,0.35,0.75,6.65,762.0,最後後處理補寫：原分數+結構前置+續強品質+突破品質；不覆蓋原策略,0.0,,一般,5.453,v266.58.1,2026-10-01 01:22:38,觀察,0,0,持續觀察,前狀態:觀察→今日:觀察,NO,v266.60.2,5.453,30.0,0.0,0.0,0.0,11.045,598.0,20/40/60結構佳｜續強品質佳｜主力佈局語意,起漲前優先,v266.61,2026-10-01 01:22:44,8.0,洗盤不破承接,無事件,等待下一次確認。,6.217,678,v266.62,2026-10-01 01:22:46,24.0,0.0,18.0,0.0,-4.12,量能安靜｜洗盤整理不破｜主力吸籌文字確認,v266.68,2026-10-01 01:22:50,NOISE,雜訊：條件不足。,WATCH,507
2026-09-30,5703,WATCH,54,13.35,50以下,0.0,0,佈局觀察,波動壓縮 | 均線收斂 | 接近突破 | 結構尚可,True,False,False,True,False,True,9.0,A,起漲結構強,MA20走平翻揚｜接近20日高｜40D平台收斂｜短中均線糾結｜40D低點守住｜接近/站回MA60｜MA60不再下彎｜近5日量縮,平台壓縮後轉強，可優先觀察起漲/試單。,v266.57.9,9.0,無原分數欄位｜僅顯示結構前置分數,391.0,7.0,A,續強品質強,回檔不破前低｜低點墊高確認｜收盤守MA5｜續強確認：收盤未跌破MA5｜回檔量縮,回檔承接尚可，若原策略入選，可優先觀察延續。,v266.57.9,7.45,0.55,0.5,GENERIC,測試排序分=原分數+結構前置分*策略權重+續強品質*策略權重；不覆蓋原策略,503.0,-1.0,D,突破不足,扣分:收盤位置偏弱,尚未形成乾淨突破，不急著升級。,v266.57.9,WATCH,0.55,0.35,0.75,6.65,762.0,最後後處理補寫：原分數+結構前置+續強品質+突破品質；不覆蓋原策略,0.0,,一般,5.453,v266.58.1,2026-10-01 01:22:38,觀察,0,0,持續觀察,前狀態:觀察→今日:觀察,NO,v266.60.2,5.453,30.0,0.0,0.0,0.0,11.045,598.0,20/40/60結構佳｜續強品質佳｜主力佈局語意,起漲前優先,v266.61,2026-10-01 01:22:44,8.0,洗盤不破承接,無事件,等待下一次確認。,6.217,679,v266.62,2026-10-01 01:22:46,24.0,0.0,18.0,0.0,-4.12,量能安靜｜洗盤整理不破｜主力吸籌文字確認,v266.68,2026-10-01 01:22:50,NOISE,雜訊：條件不足。,WATCH,508
2026-09-30,5536,WATCH,54,919.0,500-1000,0.0,0,佈局觀察,波動壓縮 | 均線收斂 | 接近突破 | 結構尚可,True,False,False,True,False,True,9.0,A,起漲結構強,20D站上MA20｜MA20走平翻揚｜MA5站上MA10｜接近20日高｜40D平台收斂｜短中均線糾結｜40D低點守住｜接近/站回MA60,平台壓縮後轉強，可優先觀察起漲/試單。,v266.57.9,7.0,無原分數欄位｜僅顯示結構前置分數,710.0,7.7,A,續強品質強,回檔不破前低｜低點墊高確認｜收盤守MA5｜續強確認：收盤未跌破MA5｜MA5仍在MA10上｜仍站MA20,回檔承接尚可，若原策略入選，可優先觀察延續。,v266.57.9,5.95,0.55,0.5,GENERIC,測試排序分=原分數+結構前置分*策略權重+續強品質*策略權重；不覆蓋原策略,768.0,-1.4,D,突破不足,短均多頭｜扣分:收盤位置偏弱、上影偏長,尚未形成乾淨突破，不急著升級。,v266.57.9,WATCH,0.55,0.35,0.75,6.595,770.0,最後後處理補寫：原分數+結構前置+續強品質+突破品質；不覆蓋原策略,0.0,,一般,5.408,v266.58.1,2026-10-01 01:22:38,觀察,0,0,持續觀察,前狀態:觀察→今日:觀察,NO,v266.60.2,5.408,30.0,0.0,0.0,0.0,11.041,603.0,20/40/60結構佳｜續強品質佳｜主力佈局語意,起漲前優先,v266.61,2026-10-01 01:22:44,8.0,洗盤不破承接,無事件,等待下一次確認。,6.186,680,v266.62,2026-10-01 01:22:46,24.0,0.0,18.0,0.0,-4.12,量能安靜｜洗盤整理不破｜主力吸籌文字確認,v266.68,2026-10-01 01:22:50,NOISE,雜訊：條件不足。,WATCH,509
2026-09-30,2204,WATCH,54,52.3,50-100,0.0,0,佈局觀察,波動壓縮 | 均線收斂 | 接近突破 | 結構尚可,True,False,False,True,False,True,6.0,B,起漲結構中,40D平台收斂｜短中均線糾結｜40D低點守住｜接近/站回MA60｜近5日量縮,平台壓縮後轉強，可優先觀察起漲/試單。,v266.57.9,6.0,無原分數欄位｜僅顯示結構前置分數,828.0,6.8,B,續強品質中,回檔不破前低｜低點墊高確認｜收盤守MA5｜回測守MA10｜回檔量縮,回檔承接尚可，若原策略入選，可優先觀察延續。,v266.57.9,5.8,0.55,0.5,GENERIC,測試排序分=原分數+結構前置分*策略權重+續強品質*策略權重；不覆蓋原策略,781.0,1.2,D,突破不足,量能較前日放大,尚未形成乾淨突破，不急著升級。,v266.57.9,WATCH,0.55,0.35,0.75,6.58,771.0,最後後處理補寫：原分數+結構前置+續強品質+突破品質；不覆蓋原策略,0.0,,一般,5.396,v266.58.1,2026-10-01 01:22:38,觀察,0,0,持續觀察,前狀態:觀察→今日:觀察,NO,v266.60.2,5.396,30.0,0.0,0.0,0.0,11.04,604.0,20/40/60結構佳｜續強品質佳｜主力佈局語意,起漲前優先,v266.61,2026-10-01 01:22:44,8.0,洗盤不破承接,無事件,等待下一次確認。,6.177,681,v266.62,2026-10-01 01:22:46,24.0,0.0,18.0,0.0,-4.12,量能安靜｜洗盤整理不破｜主力吸籌文字確認,v266.68,2026-10-01 01:22:50,NOISE,雜訊：條件不足。,WATCH,510
2026-09-30,2756,WATCH,54,62.8,50-100,0.0,0,佈局觀察,波動壓縮 | 均線收斂 | 接近突破 | 結構尚可,True,False,False,True,False,True,11.0,A,起漲結構強,20D站上MA20｜MA5站上MA10｜接近20日高｜40D平台收斂｜短中均線糾結｜40D低點守住｜接近/站回MA60｜MA60不再下彎｜站回60D區間中上｜近5日量縮,平台壓縮後轉強，可優先觀察起漲/試單。,v266.57.9,11.0,無原分數欄位｜僅顯示結構前置分數,137.0,7.5,A,續強品質強,回檔不破前低｜低點墊高確認｜收盤守MA5｜回測守MA10｜MA5仍在MA10上｜仍站MA20,回檔承接尚可，若原策略入選，可優先觀察延續。,v266.57.9,8.9,0.55,0.5,GENERIC,測試排序分=原分數+結構前置分*策略權重+續強品質*策略權重；不覆蓋原策略,216.0,,,,,,,WATCH,0.55,0.35,0.75,8.675,515.0,最後後處理補寫：原分數+結構前置+續強品質+突破品質；不覆蓋原策略,0.0,,一般,7.114,v266.58.1,2026-10-01 01:22:38,觀察,0,-5,降級風險,前狀態:突破中→今日:觀察｜狀態降級,RISK,v266.60.2,5.364,30.0,0.0,0.0,15.0,4.824,775.0,20/40/60結構佳｜續強品質佳｜主力佈局語意｜風險語意扣分,過熱降權,v266.61,2026-10-01 01:22:44,8.0,洗盤不破承接,無事件,等待下一次確認。,6.155,682,v266.62,2026-10-01 01:22:46,24.0,0.0,18.0,0.0,-4.12,量能安靜｜洗盤整理不破｜主力吸籌文字確認,v266.68,2026-10-01 01:22:50,NOISE,雜訊：條件不足。,WATCH,511
2026-09-30,4139,WATCH,54,41.8,50以下,0.0,0,佈局觀察,波動壓縮 | 均線收斂 | 接近突破 | 結構尚可,True,False,False,True,False,True,10.0,A,起漲結構強,20D站上MA20｜MA20走平翻揚｜接近20日高｜40D平台收斂｜短中均線糾結｜40D低點守住｜接近/站回MA60｜MA60不再下彎｜站回60D區間中上,平台壓縮後轉強，可優先觀察起漲/試單。,v266.57.9,10.0,無原分數欄位｜僅顯示結構前置分數,253.0,6.5,B,續強品質中,回檔不破前低｜低點墊高確認｜收盤守MA5｜續強確認：收盤未跌破MA5｜仍站MA20,回檔承接尚可，若原策略入選，可優先觀察延續。,v266.57.9,7.75,0.55,0.5,GENERIC,測試排序分=原分數+結構前置分*策略權重+續強品質*策略權重；不覆蓋原策略,463.0,1.2,D,突破不足,MA5加速上彎,尚未形成乾淨突破，不急著升級。,v266.57.9,WATCH,0.55,0.35,0.75,8.675,515.0,最後後處理補寫：原分數+結構前置+續強品質+突破品質；不覆蓋原策略,0.0,,一般,7.114,v266.58.1,2026-10-01 01:22:38,觀察,0,-5,降級風險,前狀態:突破中→今日:觀察｜狀態降級,RISK,v266.60.2,5.364,30.0,0.0,0.0,15.0,4.824,775.0,20/40/60結構佳｜續強品質佳｜主力佈局語意｜風險語意扣分,過熱降權,v266.61,2026-10-01 01:22:44,8.0,洗盤不破承接,無事件,等待下一次確認。,6.155,683,v266.62,2026-10-01 01:22:46,24.0,0.0,18.0,0.0,-4.12,量能安靜｜洗盤整理不破｜主力吸籌文字確認,v266.68,2026-10-01 01:22:50,NOISE,雜訊：條件不足。,WATCH,512
2026-09-30,4161,WATCH,54,21.75,50以下,0.0,0,佈局觀察,波動壓縮 | 均線收斂 | 接近突破 | 結構尚可,True,False,False,True,False,True,8.0,A,起漲結構強,MA20走平翻揚｜MA5站上MA10｜40D平台收斂｜短中均線糾結｜40D低點守住｜接近/站回MA60｜MA60不再下彎,平台壓縮後轉強，可優先觀察起漲/試單。,v266.57.9,6.0,無原分數欄位｜僅顯示結構前置分數,828.0,6.5,B,續強品質中,回檔不破前低｜低點墊高確認｜收盤守MA5｜回測守MA10｜MA5仍在MA10上,回檔承接尚可，若原策略入選，可優先觀察延續。,v266.57.9,4.9,0.55,0.5,GENERIC,測試排序分=原分數+結構前置分*策略權重+續強品質*策略權重；不覆蓋原策略,884.0,-0.2,D,突破不足,短均多頭｜扣分:收盤位置偏弱,尚未形成乾淨突破，不急著升級。,v266.57.9,WATCH,0.55,0.35,0.75,6.525,773.0,最後後處理補寫：原分數+結構前置+續強品質+突破品質；不覆蓋原策略,0.0,,一般,5.35,v266.58.1,2026-10-01 01:22:38,觀察,0,0,持續觀察,前狀態:觀察→今日:觀察,NO,v266.60.2,5.35,30.0,0.0,0.0,0.0,11.035,605.0,20/40/60結構佳｜續強品質佳｜主力佈局語意,起漲前優先,v266.61,2026-10-01 01:22:44,8.0,洗盤不破承接,無事件,等待下一次確認。,6.145,684,v266.62,2026-10-01 01:22:46,24.0,0.0,18.0,0.0,-4.12,量能安靜｜洗盤整理不破｜主力吸籌文字確認,v266.68,2026-10-01 01:22:50,NOISE,雜訊：條件不足。,WATCH,513
2026-09-30,5398,WATCH,54,13.85,50以下,0.0,0,佈局觀察,波動壓縮 | 均線收斂 | 接近突破 | 結構尚可,True,False,False,True,False,True,8.0,A,起漲結構強,MA20走平翻揚｜MA5站上MA10｜40D平台收斂｜短中均線糾結｜40D低點守住｜接近/站回MA60｜近5日量縮,平台壓縮後轉強，可優先觀察起漲/試單。,v266.57.9,8.0,無原分數欄位｜僅顯示結構前置分數,556.0,6.5,B,續強品質中,回檔不破前低｜低點墊高確認｜收盤守MA5｜回測守MA10｜MA5仍在MA10上,回檔承接尚可，若原策略入選，可優先觀察延續。,v266.57.9,6.75,0.55,0.5,GENERIC,測試排序分=原分數+結構前置分*策略權重+續強品質*策略權重；不覆蓋原策略,621.0,-0.2,D,突破不足,短均多頭｜扣分:收盤位置偏弱,尚未形成乾淨突破，不急著升級。,v266.57.9,WATCH,0.55,0.35,0.75,6.525,773.0,最後後處理補寫：原分數+結構前置+續強品質+突破品質；不覆蓋原策略,0.0,,一般,5.35,v266.58.1,2026-10-01 01:22:38,觀察,0,0,持續觀察,前狀態:觀察→今日:觀察,NO,v266.60.2,5.35,30.0,0.0,0.0,0.0,11.035,605.0,20/40/60結構佳｜續強品質佳｜主力佈局語意,起漲前優先,v266.61,2026-10-01 01:22:44,8.0,洗盤不破承接,無事件,等待下一次確認。,6.145,685,v266.62,2026-10-01 01:22:46,24.0,0.0,18.0,0.0,-4.12,量能安靜｜洗盤整理不破｜主力吸籌文字確認,v266.68,2026-10-01 01:22:50,NOISE,雜訊：條件不足。,WATCH,514
2026-09-30,6194,WATCH,54,29.85,50以下,0.0,0,佈局觀察,波動壓縮 | 均線收斂 | 接近突破 | 結構尚可,True,False,False,True,False,True,8.0,A,起漲結構強,MA20走平翻揚｜MA5站上MA10｜接近20日高｜40D平台收斂｜短中均線糾結｜40D低點守住｜接近/站回MA60,平台壓縮後轉強，可優先觀察起漲/試單。,v266.57.9,8.0,無原分數欄位｜僅顯示結構前置分數,556.0,6.5,B,續強品質中,回檔不破前低｜低點墊高確認｜收盤守MA5｜回測守MA10｜MA5仍在MA10上,回檔承接尚可，若原策略入選，可優先觀察延續。,v266.57.9,6.75,0.55,0.5,GENERIC,測試排序分=原分數+結構前置分*策略權重+續強品質*策略權重；不覆蓋原策略,621.0,-0.2,D,突破不足,短均多頭｜扣分:收盤位置偏弱,尚未形成乾淨突破，不急著升級。,v266.57.9,WATCH,0.55,0.35,0.75,6.525,773.0,最後後處理補寫：原分數+結構前置+續強品質+突破品質；不覆蓋原策略,0.0,,一般,5.35,v266.58.1,2026-10-01 01:22:38,觀察,0,0,持續觀察,前狀態:觀察→今日:觀察,NO,v266.60.2,5.35,30.0,0.0,0.0,0.0,11.035,605.0,20/40/60結構佳｜續強品質佳｜主力佈局語意,起漲前優先,v266.61,2026-10-01 01:22:44,8.0,洗盤不破承接,無事件,等待下一次確認。,6.145,686,v266.62,2026-10-01 01:22:46,24.0,0.0,18.0,0.0,-4.12,量能安靜｜洗盤整理不破｜主力吸籌文字確認,v266.68,2026-10-01 01:22:50,NOISE,雜訊：條件不足。,WATCH,515
2026-09-30,3632,WATCH,54,7.15,50以下,0.0,0,佈局觀察,波動壓縮 | 均線收斂 | 接近突破 | 結構尚可,True,False,False,True,False,True,8.0,A,起漲結構強,MA20走平翻揚｜MA5站上MA10｜接近20日高｜40D平台收斂｜短中均線糾結｜40D低點守住｜接近/站回MA60,平台壓縮後轉強，可優先觀察起漲/試單。,v266.57.9,8.0,無原分數欄位｜僅顯示結構前置分數,556.0,6.5,B,續強品質中,回檔不破前低｜低點墊高確認｜收盤守MA5｜回測守MA10｜MA5仍在MA10上,回檔承接尚可，若原策略入選，可優先觀察延續。,v266.57.9,6.75,0.55,0.5,GENERIC,測試排序分=原分數+結構前置分*策略權重+續強品質*策略權重；不覆蓋原策略,621.0,-0.2,D,突破不足,短均多頭｜扣分:收盤位置偏弱,尚未形成乾淨突破，不急著升級。,v266.57.9,WATCH,0.55,0.35,0.75,6.525,773.0,最後後處理補寫：原分數+結構前置+續強品質+突破品質；不覆蓋原策略,0.0,,一般,5.35,v266.58.1,2026-10-01 01:22:38,觀察,0,0,持續觀察,前狀態:觀察→今日:觀察,NO,v266.60.2,5.35,30.0,0.0,0.0,0.0,11.035,605.0,20/40/60結構佳｜續強品質佳｜主力佈局語意,起漲前優先,v266.61,2026-10-01 01:22:44,8.0,洗盤不破承接,無事件,等待下一次確認。,6.145,687,v266.62,2026-10-01 01:22:46,24.0,0.0,18.0,0.0,-4.12,量能安靜｜洗盤整理不破｜主力吸籌文字確認,v266.68,2026-10-01 01:22:50,NOISE,雜訊：條件不足。,WATCH,516
2026-09-30,6670,WATCH,54,272.0,100-500,0.0,0,佈局觀察,波動壓縮 | 均線收斂 | 接近突破 | 結構尚可,True,False,False,True,False,True,8.0,A,起漲結構強,MA5站上MA10｜40D平台收斂｜短中均線糾結｜40D低點守住｜接近/站回MA60｜MA60不再下彎｜站回60D區間中上,平台壓縮後轉強，可優先觀察起漲/試單。,v266.57.9,8.0,無原分數欄位｜僅顯示結構前置分數,556.0,6.5,B,續強品質中,回檔不破前低｜低點墊高確認｜收盤守MA5｜回測守MA10｜MA5仍在MA10上,回檔承接尚可，若原策略入選，可優先觀察延續。,v266.57.9,6.75,0.55,0.5,GENERIC,測試排序分=原分數+結構前置分*策略權重+續強品質*策略權重；不覆蓋原策略,621.0,-0.2,D,突破不足,短均多頭｜扣分:收盤位置偏弱,尚未形成乾淨突破，不急著升級。,v266.57.9,WATCH,0.55,0.35,0.75,6.525,773.0,最後後處理補寫：原分數+結構前置+續強品質+突破品質；不覆蓋原策略,0.0,,一般,5.35,v266.58.1,2026-10-01 01:22:38,觀察,0,0,持續觀察,前狀態:觀察→今日:觀察,NO,v266.60.2,5.35,30.0,0.0,0.0,0.0,11.035,605.0,20/40/60結構佳｜續強品質佳｜主力佈局語意,起漲前優先,v266.61,2026-10-01 01:22:44,8.0,洗盤不破承接,無事件,等待下一次確認。,6.145,688,v266.62,2026-10-01 01:22:46,24.0,0.0,18.0,0.0,-4.12,量能安靜｜洗盤整理不破｜主力吸籌文字確認,v266.68,2026-10-01 01:22:50,NOISE,雜訊：條件不足。,WATCH,517
2026-09-30,8927,WATCH,54,18.75,50以下,0.0,0,佈局觀察,波動壓縮 | 均線收斂 | 接近突破 | 結構尚可,True,False,False,True,False,True,7.0,B,起漲結構中,MA20走平翻揚｜MA5站上MA10｜40D平台收斂｜短中均線糾結｜40D低點守住｜接近/站回MA60,平台壓縮後轉強，可優先觀察起漲/試單。,v266.57.9,7.0,無原分數欄位｜僅顯示結構前置分數,710.0,8.0,A,續強品質強,回檔不破前低｜低點墊高確認｜收盤守MA5｜回測守MA10｜回檔量縮｜MA5仍在MA10上,回檔承接尚可，若原策略入選，可優先觀察延續。,v266.57.9,6.95,0.55,0.5,GENERIC,測試排序分=原分數+結構前置分*策略權重+續強品質*策略權重；不覆蓋原策略,591.0,-0.2,D,突破不足,短均多頭｜扣分:收盤位置偏弱,尚未形成乾淨突破，不急著升級。,v266.57.9,WATCH,0.55,0.35,0.75,6.5,778.0,最後後處理補寫：原分數+結構前置+續強品質+突破品質；不覆蓋原策略,0.0,,一般,5.33,v266.58.1,2026-10-01 01:22:38,觀察,0,0,持續觀察,前狀態:觀察→今日:觀察,NO,v266.60.2,5.33,30.0,0.0,0.0,0.0,11.033,610.0,20/40/60結構佳｜續強品質佳｜主力佈局語意,起漲前優先,v266.61,2026-10-01 01:22:44,8.0,洗盤不破承接,無事件,等待下一次確認。,6.131,689,v266.62,2026-10-01 01:22:46,24.0,0.0,18.0,0.0,-4.12,量能安靜｜洗盤整理不破｜主力吸籌文字確認,v266.68,2026-10-01 01:22:50,NOISE,雜訊：條件不足。,WATCH,518
2026-09-30,6751,WATCH,54,44.5,50以下,0.0,0,佈局觀察,波動壓縮 | 均線收斂 | 接近突破 | 結構尚可,True,False,False,True,False,True,11.0,A,起漲結構強,20D站上MA20｜MA20走平翻揚｜MA5站上MA10｜接近20日高｜40D平台收斂｜短中均線糾結｜40D低點守住｜接近/站回MA60｜MA60不再下彎｜站回60D區間中上,平台壓縮後轉強，可優先觀察起漲/試單。,v266.57.9,11.0,無原分數欄位｜僅顯示結構前置分數,137.0,7.7,A,續強品質強,回檔不破前低｜低點墊高確認｜收盤守MA5｜續強確認：收盤未跌破MA5｜MA5仍在MA10上｜仍站MA20,回檔承接尚可，若原策略入選，可優先觀察延續。,v266.57.9,8.9,0.55,0.5,GENERIC,測試排序分=原分數+結構前置分*策略權重+續強品質*策略權重；不覆蓋原策略,216.0,-0.2,D,突破不足,短均多頭｜扣分:收盤位置偏弱,尚未形成乾淨突破，不急著升級。,v266.57.9,WATCH,0.55,0.35,0.75,8.595,517.0,最後後處理補寫：原分數+結構前置+續強品質+突破品質；不覆蓋原策略,0.0,,一般,7.048,v266.58.1,2026-10-01 01:22:38,觀察,0,-5,降級風險,前狀態:突破中→今日:觀察｜狀態降級,RISK,v266.60.2,5.298,30.0,0.0,0.0,15.0,4.817,777.0,20/40/60結構佳｜續強品質佳｜主力佈局語意｜風險語意扣分,過熱降權,v266.61,2026-10-01 01:22:44,8.0,洗盤不破承接,無事件,等待下一次確認。,6.109,690,v266.62,2026-10-01 01:22:46,24.0,0.0,18.0,0.0,-4.12,量能安靜｜洗盤整理不破｜主力吸籌文字確認,v266.68,2026-10-01 01:22:50,NOISE,雜訊：條件不足。,WATCH,519
2026-09-30,6922,WATCH,54,221.0,100-500,0.0,0,佈局觀察,波動壓縮 | 均線收斂 | 接近突破 | 結構尚可,True,False,False,True,False,True,11.0,A,起漲結構強,20D站上MA20｜MA20走平翻揚｜MA5站上MA10｜接近20日高｜40D平台收斂｜短中均線糾結｜40D低點守住｜接近/站回MA60｜MA60不再下彎｜站回60D區間中上,平台壓縮後轉強，可優先觀察起漲/試單。,v266.57.9,11.0,無原分數欄位｜僅顯示結構前置分數,137.0,7.7,A,續強品質強,回檔不破前低｜低點墊高確認｜收盤守MA5｜續強確認：收盤未跌破MA5｜MA5仍在MA10上｜仍站MA20,回檔承接尚可，若原策略入選，可優先觀察延續。,v266.57.9,8.9,0.55,0.5,GENERIC,測試排序分=原分數+結構前置分*策略權重+續強品質*策略權重；不覆蓋原策略,216.0,-0.2,D,突破不足,短均多頭｜扣分:收盤位置偏弱,尚未形成乾淨突破，不急著升級。,v266.57.9,WATCH,0.55,0.35,0.75,8.595,517.0,最後後處理補寫：原分數+結構前置+續強品質+突破品質；不覆蓋原策略,0.0,,一般,7.048,v266.58.1,2026-10-01 01:22:38,觀察,0,-5,降級風險,前狀態:突破中→今日:觀察｜狀態降級,RISK,v266.60.2,5.298,30.0,0.0,0.0,15.0,4.817,777.0,20/40/60結構佳｜續強品質佳｜主力佈局語意｜風險語意扣分,過熱降權,v266.61,2026-10-01 01:22:44,8.0,洗盤不破承接,無事件,等待下一次確認。,6.109,691,v266.62,2026-10-01 01:22:46,24.0,0.0,18.0,0.0,-4.12,量能安靜｜洗盤整理不破｜主力吸籌文字確認,v266.68,2026-10-01 01:22:50,NOISE,雜訊：條件不足。,WATCH,520
2026-09-30,8932,WATCH,54,92.6,50-100,0.0,0,佈局觀察,波動壓縮 | 均線收斂 | 接近突破 | 結構尚可,True,False,False,True,False,True,8.0,A,起漲結構強,20D站上MA20｜MA20走平翻揚｜接近20日高｜40D平台收斂｜短中均線糾結｜接近/站回MA60｜近5日量縮,平台壓縮後轉強，可優先觀察起漲/試單。,v266.57.9,8.0,無原分數欄位｜僅顯示結構前置分數,556.0,8.0,A,續強品質強,回檔不破前低｜低點墊高確認｜收盤守MA5｜續強確認：收盤未跌破MA5｜回檔量縮｜仍站MA20,回檔承接尚可，若原策略入選，可優先觀察延續。,v266.57.9,7.4,0.55,0.5,GENERIC,測試排序分=原分數+結構前置分*策略權重+續強品質*策略權重；不覆蓋原策略,521.0,-1.0,D,突破不足,扣分:收盤位置偏弱,尚未形成乾淨突破，不急著升級。,v266.57.9,WATCH,0.55,0.35,0.75,6.45,779.0,最後後處理補寫：原分數+結構前置+續強品質+突破品質；不覆蓋原策略,0.0,,一般,5.289,v266.58.1,2026-10-01 01:22:38,觀察,0,0,持續觀察,前狀態:觀察→今日:觀察,NO,v266.60.2,5.289,30.0,0.0,0.0,0.0,11.029,611.0,20/40/60結構佳｜續強品質佳｜主力佈局語意,起漲前優先,v266.61,2026-10-01 01:22:44,8.0,洗盤不破承接,無事件,等待下一次確認。,6.102,692,v266.62,2026-10-01 01:22:46,24.0,0.0,18.0,0.0,-4.12,量能安靜｜洗盤整理不破｜主力吸籌文字確認,v266.68,2026-10-01 01:22:50,NOISE,雜訊：條件不足。,WATCH,521
2026-09-30,6654,WATCH,54,216.0,100-500,0.0,0,佈局觀察,波動壓縮 | 均線收斂 | 接近突破 | 結構尚可,True,False,False,True,False,True,10.0,A,起漲結構強,20D站上MA20｜MA20走平翻揚｜接近20日高｜40D平台收斂｜短中均線糾結｜40D低點守住｜接近/站回MA60｜MA60不再下彎｜站回60D區間中上,平台壓縮後轉強，可優先觀察起漲/試單。,v266.57.9,10.0,無原分數欄位｜僅顯示結構前置分數,253.0,5.5,B,續強品質中,回檔不破前低｜收盤守MA5｜續強確認：收盤未跌破MA5｜仍站MA20,回檔承接尚可，若原策略入選，可優先觀察延續。,v266.57.9,7.75,0.55,0.5,GENERIC,測試排序分=原分數+結構前置分*策略權重+續強品質*策略權重；不覆蓋原策略,463.0,1.5,D,突破不足,收盤接近高點,尚未形成乾淨突破，不急著升級。,v266.57.9,WATCH,0.55,0.35,0.75,8.55,525.0,最後後處理補寫：原分數+結構前置+續強品質+突破品質；不覆蓋原策略,0.0,,一般,7.011,v266.58.1,2026-10-01 01:22:38,觀察,0,-5,降級風險,前狀態:突破中→今日:觀察｜狀態降級,RISK,v266.60.2,5.261,30.0,0.0,0.0,15.0,4.814,779.0,20/40/60結構佳｜續強品質佳｜主力佈局語意｜風險語意扣分,過熱降權,v266.61,2026-10-01 01:22:44,8.0,洗盤不破承接,無事件,等待下一次確認。,6.083,693,v266.62,2026-10-01 01:22:46,24.0,0.0,18.0,0.0,-4.12,量能安靜｜洗盤整理不破｜主力吸籌文字確認,v266.68,2026-10-01 01:22:50,NOISE,雜訊：條件不足。,WATCH,522
2026-09-30,5511,WATCH,54,69.6,50-100,0.0,0,佈局觀察,波動壓縮 | 均線收斂 | 接近突破 | 結構尚可,True,False,False,True,False,True,8.0,A,起漲結構強,MA20走平翻揚｜接近20日高｜40D平台收斂｜短中均線糾結｜40D低點守住｜接近/站回MA60｜站回60D區間中上,平台壓縮後轉強，可優先觀察起漲/試單。,v266.57.9,8.0,無原分數欄位｜僅顯示結構前置分數,556.0,5.3,B,續強品質中,回檔不破前低｜低點墊高確認｜收盤守MA5｜回測守MA10,回檔承接尚可，若原策略入選，可優先觀察延續。,v266.57.9,6.15,0.55,0.5,GENERIC,測試排序分=原分數+結構前置分*策略權重+續強品質*策略權重；不覆蓋原策略,729.0,0.2,D,突破不足,MA5加速上彎｜扣分:收盤位置偏弱,尚未形成乾淨突破，不急著升級。,v266.57.9,WATCH,0.55,0.35,0.75,6.405,782.0,最後後處理補寫：原分數+結構前置+續強品質+突破品質；不覆蓋原策略,0.0,,一般,5.252,v266.58.1,2026-10-01 01:22:38,觀察,0,0,持續觀察,前狀態:觀察→今日:觀察,NO,v266.60.2,5.252,30.0,0.0,0.0,0.0,11.025,612.0,20/40/60結構佳｜續強品質佳｜主力佈局語意,起漲前優先,v266.61,2026-10-01 01:22:44,8.0,洗盤不破承接,無事件,等待下一次確認。,6.076,694,v266.62,2026-10-01 01:22:46,24.0,0.0,18.0,0.0,-4.12,量能安靜｜洗盤整理不破｜主力吸籌文字確認,v266.68,2026-10-01 01:22:50,NOISE,雜訊：條件不足。,WATCH,523
2026-09-30,6823,WATCH,54,60.8,50-100,0.0,0,佈局觀察,波動壓縮 | 均線收斂 | 接近突破 | 結構尚可,True,False,False,True,False,True,7.0,B,起漲結構中,20D站上MA20｜MA20走平翻揚｜MA5站上MA10｜40D平台收斂｜短中均線糾結｜接近/站回MA60,平台壓縮後轉強，可優先觀察起漲/試單。,v266.57.9,7.0,無原分數欄位｜僅顯示結構前置分數,710.0,7.7,A,續強品質強,回檔不破前低｜低點墊高確認｜收盤守MA5｜續強確認：收盤未跌破MA5｜MA5仍在MA10上｜仍站MA20,回檔承接尚可，若原策略入選，可優先觀察延續。,v266.57.9,6.7,0.55,0.5,GENERIC,測試排序分=原分數+結構前置分*策略權重+續強品質*策略權重；不覆蓋原策略,643.0,-0.2,D,突破不足,短均多頭｜扣分:收盤位置偏弱,尚未形成乾淨突破，不急著升級。,v266.57.9,WATCH,0.55,0.35,0.75,6.395,784.0,最後後處理補寫：原分數+結構前置+續強品質+突破品質；不覆蓋原策略,0.0,,一般,5.244,v266.58.1,2026-10-01 01:22:38,觀察,0,0,持續觀察,前狀態:觀察→今日:觀察,NO,v266.60.2,5.244,30.0,0.0,0.0,0.0,11.024,613.0,20/40/60結構佳｜續強品質佳｜主力佈局語意,起漲前優先,v266.61,2026-10-01 01:22:44,8.0,洗盤不破承接,無事件,等待下一次確認。,6.071,695,v266.62,2026-10-01 01:22:46,24.0,0.0,18.0,0.0,-4.12,量能安靜｜洗盤整理不破｜主力吸籌文字確認,v266.68,2026-10-01 01:22:50,NOISE,雜訊：條件不足。,WATCH,524
2026-09-30,5493,WATCH,54,90.6,50-100,0.0,0,佈局觀察,波動壓縮 | 均線收斂 | 接近突破 | 結構尚可,True,False,False,True,False,True,11.0,A,起漲結構強,20D站上MA20｜MA20走平翻揚｜MA5站上MA10｜接近20日高｜40D平台收斂｜短中均線糾結｜40D低點守住｜接近/站回MA60｜MA60不再下彎｜站回60D區間中上,平台壓縮後轉強，可優先觀察起漲/試單。,v266.57.9,9.0,無原分數欄位｜僅顯示結構前置分數,391.0,7.5,A,續強品質強,回檔不破前低｜低點墊高確認｜收盤守MA5｜回測守MA10｜MA5仍在MA10上｜仍站MA20,回檔承接尚可，若原策略入選，可優先觀察延續。,v266.57.9,7.05,0.55,0.5,GENERIC,測試排序分=原分數+結構前置分*策略權重+續強品質*策略權重；不覆蓋原策略,583.0,-0.2,D,突破不足,短均多頭｜扣分:收盤位置偏弱,尚未形成乾淨突破，不急著升級。,v266.57.9,WATCH,0.55,0.35,0.75,8.525,532.0,最後後處理補寫：原分數+結構前置+續強品質+突破品質；不覆蓋原策略,0.0,,一般,6.99,v266.58.1,2026-10-01 01:22:38,觀察,0,-5,降級風險,前狀態:突破中→今日:觀察｜狀態降級,RISK,v266.60.2,5.24,30.0,0.0,0.0,15.0,4.812,781.0,20/40/60結構佳｜續強品質佳｜主力佈局語意｜風險語意扣分,過熱降權,v266.61,2026-10-01 01:22:44,8.0,洗盤不破承接,無事件,等待下一次確認。,6.068,696,v266.62,2026-10-01 01:22:46,24.0,0.0,18.0,0.0,-4.12,量能安靜｜洗盤整理不破｜主力吸籌文字確認,v266.68,2026-10-01 01:22:50,NOISE,雜訊：條件不足。,WATCH,525
2026-09-30,6227,WATCH,54,132.0,100-500,0.0,0,佈局觀察,波動壓縮 | 均線收斂 | 接近突破 | 結構尚可,True,False,False,True,False,True,11.0,A,起漲結構強,20D站上MA20｜MA20走平翻揚｜MA5站上MA10｜40D平台收斂｜短中均線糾結｜40D低點守住｜接近/站回MA60｜MA60不再下彎｜站回60D區間中上｜近5日量縮,平台壓縮後轉強，可優先觀察起漲/試單。,v266.57.9,11.0,無原分數欄位｜僅顯示結構前置分數,137.0,7.5,A,續強品質強,回檔不破前低｜低點墊高確認｜回測守MA10｜回檔量縮｜MA5仍在MA10上｜仍站MA20,回檔承接尚可，若原策略入選，可優先觀察延續。,v266.57.9,9.3,0.55,0.5,GENERIC,測試排序分=原分數+結構前置分*策略權重+續強品質*策略權重；不覆蓋原策略,159.0,-0.2,D,突破不足,短均多頭｜扣分:收盤位置偏弱,尚未形成乾淨突破，不急著升級。,v266.57.9,WATCH,0.55,0.35,0.75,8.525,532.0,最後後處理補寫：原分數+結構前置+續強品質+突破品質；不覆蓋原策略,0.0,,一般,6.99,v266.58.1,2026-10-01 01:22:38,觀察,0,-5,降級風險,前狀態:突破中→今日:觀察｜狀態降級,RISK,v266.60.2,5.24,30.0,0.0,0.0,15.0,4.812,781.0,20/40/60結構佳｜續強品質佳｜主力佈局語意｜風險語意扣分,過熱降權,v266.61,2026-10-01 01:22:44,8.0,洗盤不破承接,無事件,等待下一次確認。,6.068,697,v266.62,2026-10-01 01:22:46,24.0,0.0,18.0,0.0,-4.12,量能安靜｜洗盤整理不破｜主力吸籌文字確認,v266.68,2026-10-01 01:22:50,NOISE,雜訊：條件不足。,WATCH,526
2026-09-30,3219,WATCH,56,131.5,100-500,0.0,0,佈局觀察,波動壓縮 | 安靜吸籌 | 接近突破 | 結構尚可,True,True,False,False,False,True,9.5,A,起漲結構強,20D站上MA20｜MA20走平翻揚｜MA5站上MA10｜接近20日高｜短中均線糾結｜40D低點守住｜接近/站回MA60｜MA60不再下彎｜站回60D區間中上,平台壓縮後轉強，可優先觀察起漲/試單。,v266.57.9,9.5,無原分數欄位｜僅顯示結構前置分數,380.0,7.7,A,續強品質強,回檔不破前低｜低點墊高確認｜收盤守MA5｜續強確認：收盤未跌破MA5｜MA5仍在MA10上｜仍站MA20,回檔承接尚可，若原策略入選，可優先觀察延續。,v266.57.9,8.075,0.55,0.5,GENERIC,測試排序分=原分數+結構前置分*策略權重+續強品質*策略權重；不覆蓋原策略,361.0,0.8,D,突破不足,短均多頭,尚未形成乾淨突破，不急著升級。,v266.57.9,WATCH,0.55,0.35,0.75,8.52,536.0,最後後處理補寫：原分數+結構前置+續強品質+突破品質；不覆蓋原策略,0.0,,一般,6.986,v266.58.1,2026-10-01 01:22:38,觀察,0,-5,降級風險,前狀態:突破中→今日:觀察｜狀態降級,RISK,v266.60.2,5.236,30.0,0.0,0.0,15.0,4.811,784.0,20/40/60結構佳｜續強品質佳｜主力佈局語意｜風險語意扣分,過熱降權,v266.61,2026-10-01 01:22:44,8.0,洗盤不破承接,無事件,等待下一次確認。,6.065,698,v266.62,2026-10-01 01:22:46,24.0,0.0,18.0,0.0,-4.12,量能安靜｜洗盤整理不破｜主力吸籌文字確認,v266.68,2026-10-01 01:22:50,NOISE,雜訊：條件不足。,WATCH,527
2026-09-30,4554,WATCH,54,28.25,50以下,0.0,0,佈局觀察,波動壓縮 | 均線收斂 | 接近突破 | 結構尚可,True,False,False,True,False,True,6.0,B,起漲結構中,MA20走平翻揚｜40D平台收斂｜短中均線糾結｜40D低點守住｜接近/站回MA60,平台壓縮後轉強，可優先觀察起漲/試單。,v266.57.9,6.0,無原分數欄位｜僅顯示結構前置分數,828.0,5.5,B,續強品質中,回檔不破前低｜低點墊高確認｜收盤守MA5｜續強確認：收盤未跌破MA5,回檔承接尚可，若原策略入選，可優先觀察延續。,v266.57.9,5.05,0.55,0.5,GENERIC,測試排序分=原分數+結構前置分*策略權重+續強品質*策略權重；不覆蓋原策略,865.0,1.5,D,突破不足,突破近5日高,尚未形成乾淨突破，不急著升級。,v266.57.9,WATCH,0.55,0.35,0.75,6.35,785.0,最後後處理補寫：原分數+結構前置+續強品質+突破品質；不覆蓋原策略,0.0,,一般,5.207,v266.58.1,2026-10-01 01:22:38,觀察,0,0,持續觀察,前狀態:觀察→今日:觀察,NO,v266.60.2,5.207,30.0,0.0,0.0,0.0,11.021,614.0,20/40/60結構佳｜續強品質佳｜主力佈局語意,起漲前優先,v266.61,2026-10-01 01:22:44,8.0,洗盤不破承接,無事件,等待下一次確認。,6.045,699,v266.62,2026-10-01 01:22:46,24.0,0.0,18.0,0.0,-4.12,量能安靜｜洗盤整理不破｜主力吸籌文字確認,v266.68,2026-10-01 01:22:50,NOISE,雜訊：條件不足。,WATCH,528
2026-09-30,3122,WATCH,54,24.2,50以下,0.0,0,佈局觀察,波動壓縮 | 均線收斂 | 接近突破 | 結構尚可,True,False,False,True,False,True,6.0,B,起漲結構中,MA20走平翻揚｜40D平台收斂｜短中均線糾結｜40D低點守住｜接近/站回MA60,平台壓縮後轉強，可優先觀察起漲/試單。,v266.57.9,6.0,無原分數欄位｜僅顯示結構前置分數,828.0,5.5,B,續強品質中,回檔不破前低｜低點墊高確認｜收盤守MA5｜續強確認：收盤未跌破MA5,回檔承接尚可，若原策略入選，可優先觀察延續。,v266.57.9,5.05,0.55,0.5,GENERIC,測試排序分=原分數+結構前置分*策略權重+續強品質*策略權重；不覆蓋原策略,865.0,1.5,D,突破不足,收盤接近高點,尚未形成乾淨突破，不急著升級。,v266.57.9,WATCH,0.55,0.35,0.75,6.35,785.0,最後後處理補寫：原分數+結構前置+續強品質+突破品質；不覆蓋原策略,0.0,,一般,5.207,v266.58.1,2026-10-01 01:22:38,觀察,0,0,持續觀察,前狀態:觀察→今日:觀察,NO,v266.60.2,5.207,30.0,0.0,0.0,0.0,11.021,614.0,20/40/60結構佳｜續強品質佳｜主力佈局語意,起漲前優先,v266.61,2026-10-01 01:22:44,8.0,洗盤不破承接,無事件,等待下一次確認。,6.045,700,v266.62,2026-10-01 01:22:46,24.0,0.0,18.0,0.0,-4.12,量能安靜｜洗盤整理不破｜主力吸籌文字確認,v266.68,2026-10-01 01:22:50,NOISE,雜訊：條件不足。,WATCH,529
2026-09-30,8416,WATCH,54,169.0,100-500,0.0,0,佈局觀察,波動壓縮 | 均線收斂 | 接近突破 | 結構尚可,True,False,False,True,False,True,8.0,A,起漲結構強,MA20走平翻揚｜接近20日高｜40D平台收斂｜短中均線糾結｜40D低點守住｜接近/站回MA60｜MA60不再下彎,平台壓縮後轉強，可優先觀察起漲/試單。,v266.57.9,8.0,無原分數欄位｜僅顯示結構前置分數,556.0,5.5,B,續強品質中,回檔不破前低｜低點墊高確認｜收盤守MA5｜續強確認：收盤未跌破MA5,回檔承接尚可，若原策略入選，可優先觀察延續。,v266.57.9,6.15,0.55,0.5,GENERIC,測試排序分=原分數+結構前置分*策略權重+續強品質*策略權重；不覆蓋原策略,729.0,,,,,,,WATCH,0.55,0.35,0.75,6.325,788.0,最後後處理補寫：原分數+結構前置+續強品質+突破品質；不覆蓋原策略,0.0,,一般,5.186,v266.58.1,2026-10-01 01:22:38,觀察,0,0,持續觀察,前狀態:觀察→今日:觀察,NO,v266.60.2,5.186,30.0,0.0,0.0,0.0,11.019,616.0,20/40/60結構佳｜續強品質佳｜主力佈局語意,起漲前優先,v266.61,2026-10-01 01:22:44,8.0,洗盤不破承接,無事件,等待下一次確認。,6.03,701,v266.62,2026-10-01 01:22:46,24.0,0.0,18.0,0.0,-4.12,量能安靜｜洗盤整理不破｜主力吸籌文字確認,v266.68,2026-10-01 01:22:50,NOISE,雜訊：條件不足。,WATCH,530
2026-09-30,7819,WATCH,54,33.7,50以下,0.0,0,佈局觀察,波動壓縮 | 均線收斂 | 接近突破 | 結構尚可,True,False,False,True,False,True,6.0,B,起漲結構中,MA5站上MA10｜40D平台收斂｜短中均線糾結｜40D低點守住｜接近/站回MA60,平台壓縮後轉強，可優先觀察起漲/試單。,v266.57.9,6.0,無原分數欄位｜僅顯示結構前置分數,828.0,6.5,B,續強品質中,回檔不破前低｜低點墊高確認｜收盤守MA5｜回測守MA10｜MA5仍在MA10上,回檔承接尚可，若原策略入選，可優先觀察延續。,v266.57.9,5.65,0.55,0.5,GENERIC,測試排序分=原分數+結構前置分*策略權重+續強品質*策略權重；不覆蓋原策略,795.0,1.0,D,突破不足,MA5加速上彎｜短均多頭｜扣分:收盤位置偏弱,尚未形成乾淨突破，不急著升級。,v266.57.9,WATCH,0.55,0.35,0.75,6.325,788.0,最後後處理補寫：原分數+結構前置+續強品質+突破品質；不覆蓋原策略,0.0,,一般,5.186,v266.58.1,2026-10-01 01:22:38,觀察,0,0,持續觀察,前狀態:觀察→今日:觀察,NO,v266.60.2,5.186,30.0,0.0,0.0,0.0,11.019,616.0,20/40/60結構佳｜續強品質佳｜主力佈局語意,起漲前優先,v266.61,2026-10-01 01:22:44,8.0,洗盤不破承接,無事件,等待下一次確認。,6.03,702,v266.62,2026-10-01 01:22:46,24.0,0.0,18.0,0.0,-4.12,量能安靜｜洗盤整理不破｜主力吸籌文字確認,v266.68,2026-10-01 01:22:50,NOISE,雜訊：條件不足。,WATCH,531
2026-09-30,4109,WATCH,54,11.05,50以下,0.0,0,佈局觀察,波動壓縮 | 均線收斂 | 接近突破 | 結構尚可,True,False,False,True,False,True,8.0,A,起漲結構強,MA20走平翻揚｜接近20日高｜40D平台收斂｜短中均線糾結｜40D低點守住｜接近/站回MA60｜MA60不再下彎,平台壓縮後轉強，可優先觀察起漲/試單。,v266.57.9,8.0,無原分數欄位｜僅顯示結構前置分數,556.0,5.5,B,續強品質中,回檔不破前低｜低點墊高確認｜收盤守MA5｜續強確認：收盤未跌破MA5,回檔承接尚可，若原策略入選，可優先觀察延續。,v266.57.9,6.15,0.55,0.5,GENERIC,測試排序分=原分數+結構前置分*策略權重+續強品質*策略權重；不覆蓋原策略,729.0,0.0,D,突破不足,,尚未形成乾淨突破，不急著升級。,v266.57.9,WATCH,0.55,0.35,0.75,6.325,788.0,最後後處理補寫：原分數+結構前置+續強品質+突破品質；不覆蓋原策略,0.0,,一般,5.186,v266.58.1,2026-10-01 01:22:38,觀察,0,0,持續觀察,前狀態:觀察→今日:觀察,NO,v266.60.2,5.186,30.0,0.0,0.0,0.0,11.019,616.0,20/40/60結構佳｜續強品質佳｜主力佈局語意,起漲前優先,v266.61,2026-10-01 01:22:44,8.0,洗盤不破承接,無事件,等待下一次確認。,6.03,703,v266.62,2026-10-01 01:22:46,24.0,0.0,18.0,0.0,-4.12,量能安靜｜洗盤整理不破｜主力吸籌文字確認,v266.68,2026-10-01 01:22:50,NOISE,雜訊：條件不足。,WATCH,532
2026-09-30,6574,WATCH,54,118.5,100-500,0.0,0,佈局觀察,波動壓縮 | 均線收斂 | 接近突破 | 結構尚可,True,False,False,True,False,True,8.0,A,起漲結構強,MA20走平翻揚｜接近20日高｜40D平台收斂｜短中均線糾結｜40D低點守住｜接近/站回MA60｜MA60不再下彎,平台壓縮後轉強，可優先觀察起漲/試單。,v266.57.9,6.0,無原分數欄位｜僅顯示結構前置分數,828.0,5.5,B,續強品質中,回檔不破前低｜低點墊高確認｜收盤守MA5｜續強確認：收盤未跌破MA5,回檔承接尚可，若原策略入選，可優先觀察延續。,v266.57.9,4.3,0.55,0.5,GENERIC,測試排序分=原分數+結構前置分*策略權重+續強品質*策略權重；不覆蓋原策略,910.0,0.0,D,突破不足,,尚未形成乾淨突破，不急著升級。,v266.57.9,WATCH,0.55,0.35,0.75,6.325,788.0,最後後處理補寫：原分數+結構前置+續強品質+突破品質；不覆蓋原策略,0.0,,一般,5.186,v266.58.1,2026-10-01 01:22:38,觀察,0,0,持續觀察,前狀態:觀察→今日:觀察,NO,v266.60.2,5.186,30.0,0.0,0.0,0.0,11.019,616.0,20/40/60結構佳｜續強品質佳｜主力佈局語意,起漲前優先,v266.61,2026-10-01 01:22:44,8.0,洗盤不破承接,無事件,等待下一次確認。,6.03,704,v266.62,2026-10-01 01:22:46,24.0,0.0,18.0,0.0,-4.12,量能安靜｜洗盤整理不破｜主力吸籌文字確認,v266.68,2026-10-01 01:22:50,NOISE,雜訊：條件不足。,WATCH,533
2026-09-30,2480,WATCH,54,160.0,100-500,0.0,0,佈局觀察,波動壓縮 | 均線收斂 | 接近突破 | 結構尚可,True,False,False,True,False,True,10.8,A,起漲結構強,20D站上MA20｜MA20走平翻揚｜40D平台收斂｜短中均線糾結｜40D低點守住｜接近/站回MA60｜MA60不再下彎｜站回60D區間中上｜近5日量縮｜10D動能轉正,平台壓縮後轉強，可優先觀察起漲/試單。,v266.57.9,10.8,無原分數欄位｜僅顯示結構前置分數,197.0,7.0,A,續強品質強,回檔不破前低｜低點墊高確認｜收盤守MA5｜回檔量縮｜仍站MA20｜10D動能維持｜扣分:跌破短均,回檔承接尚可，若原策略入選，可優先觀察延續。,v266.57.9,9.44,0.55,0.5,GENERIC,測試排序分=原分數+結構前置分*策略權重+續強品質*策略權重；不覆蓋原策略,146.0,0.0,D,突破不足,,尚未形成乾淨突破，不急著升級。,v266.57.9,WATCH,0.55,0.35,0.75,8.39,549.0,最後後處理補寫：原分數+結構前置+續強品質+突破品質；不覆蓋原策略,0.0,,一般,6.88,v266.58.1,2026-10-01 01:22:38,觀察,0,-5,降級風險,前狀態:突破中→今日:觀察｜狀態降級,RISK,v266.60.2,5.13,30.0,0.0,0.0,15.0,4.8,785.0,20/40/60結構佳｜續強品質佳｜主力佈局語意｜風險語意扣分,過熱降權,v266.61,2026-10-01 01:22:44,8.0,洗盤不破承接,無事件,等待下一次確認。,5.991,705,v266.62,2026-10-01 01:22:46,24.0,0.0,18.0,0.0,-4.12,量能安靜｜洗盤整理不破｜主力吸籌文字確認,v266.68,2026-10-01 01:22:50,NOISE,雜訊：條件不足。,WATCH,534
2026-09-30,1796,WATCH,54,29.15,50以下,0.0,0,佈局觀察,波動壓縮 | 均線收斂 | 接近突破 | 結構尚可,True,False,False,True,False,True,7.0,B,起漲結構中,MA20走平翻揚｜接近20日高｜40D平台收斂｜短中均線糾結｜40D低點守住｜接近/站回MA60,平台壓縮後轉強，可優先觀察起漲/試單。,v266.57.9,7.0,無原分數欄位｜僅顯示結構前置分數,710.0,6.8,B,續強品質中,回檔不破前低｜低點墊高確認｜收盤守MA5｜回測守MA10｜回檔量縮,回檔承接尚可，若原策略入選，可優先觀察延續。,v266.57.9,6.35,0.55,0.5,GENERIC,測試排序分=原分數+結構前置分*策略權重+續強品質*策略權重；不覆蓋原策略,693.0,0.0,D,突破不足,,尚未形成乾淨突破，不急著升級。,v266.57.9,WATCH,0.55,0.35,0.75,6.23,797.0,最後後處理補寫：原分數+結構前置+續強品質+突破品質；不覆蓋原策略,0.0,,一般,5.109,v266.58.1,2026-10-01 01:22:38,觀察,0,0,持續觀察,前狀態:觀察→今日:觀察,NO,v266.60.2,5.109,30.0,0.0,0.0,0.0,11.011,620.0,20/40/60結構佳｜續強品質佳｜主力佈局語意,起漲前優先,v266.61,2026-10-01 01:22:44,8.0,洗盤不破承接,無事件,等待下一次確認。,5.976,706,v266.62,2026-10-01 01:22:46,24.0,0.0,18.0,0.0,-4.12,量能安靜｜洗盤整理不破｜主力吸籌文字確認,v266.68,2026-10-01 01:22:50,NOISE,雜訊：條件不足。,WATCH,535
2026-09-30,6101,WATCH,54,37.4,50以下,0.0,0,佈局觀察,波動壓縮 | 均線收斂 | 接近突破 | 結構尚可,True,False,False,True,False,True,7.0,B,起漲結構中,MA20走平翻揚｜接近20日高｜40D平台收斂｜短中均線糾結｜40D低點守住｜接近/站回MA60,平台壓縮後轉強，可優先觀察起漲/試單。,v266.57.9,7.0,無原分數欄位｜僅顯示結構前置分數,710.0,6.8,B,續強品質中,回檔不破前低｜低點墊高確認｜收盤守MA5｜回測守MA10｜回檔量縮,回檔承接尚可，若原策略入選，可優先觀察延續。,v266.57.9,6.35,0.55,0.5,GENERIC,測試排序分=原分數+結構前置分*策略權重+續強品質*策略權重；不覆蓋原策略,693.0,0.0,D,突破不足,,尚未形成乾淨突破，不急著升級。,v266.57.9,WATCH,0.55,0.35,0.75,6.23,797.0,最後後處理補寫：原分數+結構前置+續強品質+突破品質；不覆蓋原策略,0.0,,一般,5.109,v266.58.1,2026-10-01 01:22:38,觀察,0,0,持續觀察,前狀態:觀察→今日:觀察,NO,v266.60.2,5.109,30.0,0.0,0.0,0.0,11.011,620.0,20/40/60結構佳｜續強品質佳｜主力佈局語意,起漲前優先,v266.61,2026-10-01 01:22:44,8.0,洗盤不破承接,無事件,等待下一次確認。,5.976,707,v266.62,2026-10-01 01:22:46,24.0,0.0,18.0,0.0,-4.12,量能安靜｜洗盤整理不破｜主力吸籌文字確認,v266.68,2026-10-01 01:22:50,NOISE,雜訊：條件不足。,WATCH,536
2026-09-30,4584,WATCH,54,37.0,50以下,0.0,0,佈局觀察,波動壓縮 | 均線收斂 | 接近突破 | 結構尚可,True,False,False,True,False,True,7.0,B,起漲結構中,MA20走平翻揚｜MA5站上MA10｜40D平台收斂｜短中均線糾結｜40D低點守住｜接近/站回MA60,平台壓縮後轉強，可優先觀察起漲/試單。,v266.57.9,7.0,無原分數欄位｜僅顯示結構前置分數,710.0,6.7,B,續強品質中,回檔不破前低｜低點墊高確認｜收盤守MA5｜續強確認：收盤未跌破MA5｜MA5仍在MA10上,回檔承接尚可，若原策略入選，可優先觀察延續。,v266.57.9,6.2,0.55,0.5,GENERIC,測試排序分=原分數+結構前置分*策略權重+續強品質*策略權重；不覆蓋原策略,715.0,,,,,,,WATCH,0.55,0.35,0.75,6.195,802.0,最後後處理補寫：原分數+結構前置+續強品質+突破品質；不覆蓋原策略,0.0,,一般,5.08,v266.58.1,2026-10-01 01:22:38,觀察,0,0,持續觀察,前狀態:觀察→今日:觀察,NO,v266.60.2,5.08,30.0,0.0,0.0,0.0,11.008,622.0,20/40/60結構佳｜續強品質佳｜主力佈局語意,起漲前優先,v266.61,2026-10-01 01:22:44,8.0,洗盤不破承接,無事件,等待下一次確認。,5.956,708,v266.62,2026-10-01 01:22:46,24.0,0.0,18.0,0.0,-4.12,量能安靜｜洗盤整理不破｜主力吸籌文字確認,v266.68,2026-10-01 01:22:50,NOISE,雜訊：條件不足。,WATCH,537
2026-09-30,5355,WATCH,54,7.05,50以下,0.0,0,佈局觀察,波動壓縮 | 均線收斂 | 接近突破 | 結構尚可,True,False,False,True,False,True,10.0,A,起漲結構強,20D站上MA20｜MA20走平翻揚｜接近20日高｜40D平台收斂｜短中均線糾結｜40D低點守住｜接近/站回MA60｜MA60不再下彎｜站回60D區間中上,平台壓縮後轉強，可優先觀察起漲/試單。,v266.57.9,10.0,無原分數欄位｜僅顯示結構前置分數,253.0,8.0,A,續強品質強,回檔不破前低｜低點墊高確認｜收盤守MA5｜續強確認：收盤未跌破MA5｜回檔量縮｜仍站MA20,回檔承接尚可，若原策略入選，可優先觀察延續。,v266.57.9,8.5,0.55,0.5,GENERIC,測試排序分=原分數+結構前置分*策略權重+續強品質*策略權重；不覆蓋原策略,289.0,0.0,D,突破不足,,尚未形成乾淨突破，不急著升級。,v266.57.9,WATCH,0.55,0.35,0.75,8.3,558.0,最後後處理補寫：原分數+結構前置+續強品質+突破品質；不覆蓋原策略,0.0,,一般,6.806,v266.58.1,2026-10-01 01:22:38,觀察,0,-5,降級風險,前狀態:突破中→今日:觀察｜狀態降級,RISK,v266.60.2,5.056,30.0,0.0,0.0,15.0,4.793,787.0,20/40/60結構佳｜續強品質佳｜主力佈局語意｜風險語意扣分,過熱降權,v266.61,2026-10-01 01:22:44,8.0,洗盤不破承接,無事件,等待下一次確認。,5.939,709,v266.62,2026-10-01 01:22:46,24.0,0.0,18.0,0.0,-4.12,量能安靜｜洗盤整理不破｜主力吸籌文字確認,v266.68,2026-10-01 01:22:50,NOISE,雜訊：條件不足。,WATCH,538
2026-09-30,6881,WATCH,54,214.5,100-500,0.0,0,佈局觀察,波動壓縮 | 均線收斂 | 接近突破 | 結構尚可,True,False,False,True,False,True,10.0,A,起漲結構強,20D站上MA20｜MA20走平翻揚｜接近20日高｜40D平台收斂｜短中均線糾結｜40D低點守住｜接近/站回MA60｜站回60D區間中上｜近5日量縮,平台壓縮後轉強，可優先觀察起漲/試單。,v266.57.9,10.0,無原分數欄位｜僅顯示結構前置分數,253.0,8.0,A,續強品質強,回檔不破前低｜低點墊高確認｜收盤守MA5｜續強確認：收盤未跌破MA5｜回檔量縮｜仍站MA20,回檔承接尚可，若原策略入選，可優先觀察延續。,v266.57.9,8.5,0.55,0.5,GENERIC,測試排序分=原分數+結構前置分*策略權重+續強品質*策略權重；不覆蓋原策略,289.0,,,,,,,WATCH,0.55,0.35,0.75,8.3,558.0,最後後處理補寫：原分數+結構前置+續強品質+突破品質；不覆蓋原策略,0.0,,一般,6.806,v266.58.1,2026-10-01 01:22:38,觀察,0,-5,降級風險,前狀態:突破中→今日:觀察｜狀態降級,RISK,v266.60.2,5.056,30.0,0.0,0.0,15.0,4.793,787.0,20/40/60結構佳｜續強品質佳｜主力佈局語意｜風險語意扣分,過熱降權,v266.61,2026-10-01 01:22:44,8.0,洗盤不破承接,無事件,等待下一次確認。,5.939,710,v266.62,2026-10-01 01:22:46,24.0,0.0,18.0,0.0,-4.12,量能安靜｜洗盤整理不破｜主力吸籌文字確認,v266.68,2026-10-01 01:22:50,NOISE,雜訊：條件不足。,WATCH,539
2026-09-30,6419,WATCH,54,156.0,100-500,0.0,0,佈局觀察,波動壓縮 | 均線收斂 | 接近突破 | 結構尚可,True,False,False,True,False,True,10.0,A,起漲結構強,20D站上MA20｜MA20走平翻揚｜接近20日高｜40D平台收斂｜短中均線糾結｜40D低點守住｜接近/站回MA60｜MA60不再下彎｜站回60D區間中上,平台壓縮後轉強，可優先觀察起漲/試單。,v266.57.9,8.0,無原分數欄位｜僅顯示結構前置分數,556.0,8.0,A,續強品質強,回檔不破前低｜低點墊高確認｜收盤守MA5｜續強確認：收盤未跌破MA5｜回檔量縮｜仍站MA20,回檔承接尚可，若原策略入選，可優先觀察延續。,v266.57.9,6.65,0.55,0.5,GENERIC,測試排序分=原分數+結構前置分*策略權重+續強品質*策略權重；不覆蓋原策略,660.0,0.0,D,突破不足,,尚未形成乾淨突破，不急著升級。,v266.57.9,WATCH,0.55,0.35,0.75,8.3,558.0,最後後處理補寫：原分數+結構前置+續強品質+突破品質；不覆蓋原策略,0.0,,一般,6.806,v266.58.1,2026-10-01 01:22:38,觀察,0,-5,降級風險,前狀態:突破中→今日:觀察｜狀態降級,RISK,v266.60.2,5.056,30.0,0.0,0.0,15.0,4.793,787.0,20/40/60結構佳｜續強品質佳｜主力佈局語意｜風險語意扣分,過熱降權,v266.61,2026-10-01 01:22:44,8.0,洗盤不破承接,無事件,等待下一次確認。,5.939,711,v266.62,2026-10-01 01:22:46,24.0,0.0,18.0,0.0,-4.12,量能安靜｜洗盤整理不破｜主力吸籌文字確認,v266.68,2026-10-01 01:22:50,NOISE,雜訊：條件不足。,WATCH,540
2026-09-30,3709,WATCH,54,65.2,50-100,0.0,0,佈局觀察,波動壓縮 | 均線收斂 | 接近突破 | 結構尚可,True,False,False,True,False,True,7.0,B,起漲結構中,20D站上MA20｜MA20走平翻揚｜接近20日高｜40D平台收斂｜短中均線糾結｜接近/站回MA60,平台壓縮後轉強，可優先觀察起漲/試單。,v266.57.9,7.0,無原分數欄位｜僅顯示結構前置分數,710.0,6.5,B,續強品質中,回檔不破前低｜低點墊高確認｜收盤守MA5｜續強確認：收盤未跌破MA5｜仍站MA20,回檔承接尚可，若原策略入選，可優先觀察延續。,v266.57.9,6.1,0.55,0.5,GENERIC,測試排序分=原分數+結構前置分*策略權重+續強品質*策略權重；不覆蓋原策略,748.0,0.0,D,突破不足,,尚未形成乾淨突破，不急著升級。,v266.57.9,WATCH,0.55,0.35,0.75,6.125,807.0,最後後處理補寫：原分數+結構前置+續強品質+突破品質；不覆蓋原策略,0.0,,一般,5.022,v266.58.1,2026-10-01 01:22:38,觀察,0,0,持續觀察,前狀態:觀察→今日:觀察,NO,v266.60.2,5.022,30.0,0.0,0.0,0.0,11.002,623.0,20/40/60結構佳｜續強品質佳｜主力佈局語意,起漲前優先,v266.61,2026-10-01 01:22:44,8.0,洗盤不破承接,無事件,等待下一次確認。,5.915,712,v266.62,2026-10-01 01:22:46,24.0,0.0,18.0,0.0,-4.12,量能安靜｜洗盤整理不破｜主力吸籌文字確認,v266.68,2026-10-01 01:22:50,NOISE,雜訊：條件不足。,WATCH,541
2026-09-30,5227,WATCH,54,31.5,50以下,0.0,0,佈局觀察,波動壓縮 | 均線收斂 | 接近突破 | 結構尚可,True,False,False,True,False,True,7.0,B,起漲結構中,20D站上MA20｜MA20走平翻揚｜接近20日高｜40D平台收斂｜短中均線糾結｜接近/站回MA60,平台壓縮後轉強，可優先觀察起漲/試單。,v266.57.9,7.0,無原分數欄位｜僅顯示結構前置分數,710.0,6.5,B,續強品質中,回檔不破前低｜低點墊高確認｜收盤守MA5｜續強確認：收盤未跌破MA5｜仍站MA20,回檔承接尚可，若原策略入選，可優先觀察延續。,v266.57.9,6.1,0.55,0.5,GENERIC,測試排序分=原分數+結構前置分*策略權重+續強品質*策略權重；不覆蓋原策略,748.0,0.0,D,突破不足,,尚未形成乾淨突破，不急著升級。,v266.57.9,WATCH,0.55,0.35,0.75,6.125,807.0,最後後處理補寫：原分數+結構前置+續強品質+突破品質；不覆蓋原策略,0.0,,一般,5.022,v266.58.1,2026-10-01 01:22:38,觀察,0,0,持續觀察,前狀態:觀察→今日:觀察,NO,v266.60.2,5.022,30.0,0.0,0.0,0.0,11.002,623.0,20/40/60結構佳｜續強品質佳｜主力佈局語意,起漲前優先,v266.61,2026-10-01 01:22:44,8.0,洗盤不破承接,無事件,等待下一次確認。,5.915,713,v266.62,2026-10-01 01:22:46,24.0,0.0,18.0,0.0,-4.12,量能安靜｜洗盤整理不破｜主力吸籌文字確認,v266.68,2026-10-01 01:22:50,NOISE,雜訊：條件不足。,WATCH,542
2026-09-30,3284,WATCH,54,19.9,50以下,0.0,0,佈局觀察,波動壓縮 | 均線收斂 | 接近突破 | 結構尚可,True,False,False,True,False,True,7.0,B,起漲結構中,20D站上MA20｜MA20走平翻揚｜40D平台收斂｜短中均線糾結｜40D低點守住｜接近/站回MA60,平台壓縮後轉強，可優先觀察起漲/試單。,v266.57.9,7.0,無原分數欄位｜僅顯示結構前置分數,710.0,6.5,B,續強品質中,回檔不破前低｜低點墊高確認｜收盤守MA5｜續強確認：收盤未跌破MA5｜仍站MA20,回檔承接尚可，若原策略入選，可優先觀察延續。,v266.57.9,6.1,0.55,0.5,GENERIC,測試排序分=原分數+結構前置分*策略權重+續強品質*策略權重；不覆蓋原策略,748.0,0.0,D,突破不足,,尚未形成乾淨突破，不急著升級。,v266.57.9,WATCH,0.55,0.35,0.75,6.125,807.0,最後後處理補寫：原分數+結構前置+續強品質+突破品質；不覆蓋原策略,0.0,,一般,5.022,v266.58.1,2026-10-01 01:22:38,觀察,0,0,持續觀察,前狀態:觀察→今日:觀察,NO,v266.60.2,5.022,30.0,0.0,0.0,0.0,11.002,623.0,20/40/60結構佳｜續強品質佳｜主力佈局語意,起漲前優先,v266.61,2026-10-01 01:22:44,8.0,洗盤不破承接,無事件,等待下一次確認。,5.915,714,v266.62,2026-10-01 01:22:46,24.0,0.0,18.0,0.0,-4.12,量能安靜｜洗盤整理不破｜主力吸籌文字確認,v266.68,2026-10-01 01:22:50,NOISE,雜訊：條件不足。,WATCH,543
2026-09-30,8342,WATCH,54,83.5,50-100,0.0,0,佈局觀察,波動壓縮 | 均線收斂 | 接近突破 | 結構尚可,True,False,False,True,False,True,7.0,B,起漲結構中,MA20走平翻揚｜MA5站上MA10｜40D平台收斂｜短中均線糾結｜40D低點守住｜接近/站回MA60,平台壓縮後轉強，可優先觀察起漲/試單。,v266.57.9,7.0,無原分數欄位｜僅顯示結構前置分數,710.0,6.5,B,續強品質中,回檔不破前低｜低點墊高確認｜收盤守MA5｜回測守MA10｜MA5仍在MA10上,回檔承接尚可，若原策略入選，可優先觀察延續。,v266.57.9,6.2,0.55,0.5,GENERIC,測試排序分=原分數+結構前置分*策略權重+續強品質*策略權重；不覆蓋原策略,715.0,,,,,,,WATCH,0.55,0.35,0.75,6.125,807.0,最後後處理補寫：原分數+結構前置+續強品質+突破品質；不覆蓋原策略,0.0,,一般,5.022,v266.58.1,2026-10-01 01:22:38,觀察,0,0,持續觀察,前狀態:觀察→今日:觀察,NO,v266.60.2,5.022,30.0,0.0,0.0,0.0,11.002,623.0,20/40/60結構佳｜續強品質佳｜主力佈局語意,起漲前優先,v266.61,2026-10-01 01:22:44,8.0,洗盤不破承接,無事件,等待下一次確認。,5.915,715,v266.62,2026-10-01 01:22:46,24.0,0.0,18.0,0.0,-4.12,量能安靜｜洗盤整理不破｜主力吸籌文字確認,v266.68,2026-10-01 01:22:50,NOISE,雜訊：條件不足。,WATCH,544
2026-09-30,6163,WATCH,54,41.7,50以下,0.0,0,佈局觀察,波動壓縮 | 均線收斂 | 接近突破 | 結構尚可,True,False,False,True,False,True,7.0,B,起漲結構中,20D站上MA20｜MA20走平翻揚｜接近20日高｜40D平台收斂｜短中均線糾結｜接近/站回MA60,平台壓縮後轉強，可優先觀察起漲/試單。,v266.57.9,7.0,無原分數欄位｜僅顯示結構前置分數,710.0,6.5,B,續強品質中,回檔不破前低｜低點墊高確認｜收盤守MA5｜續強確認：收盤未跌破MA5｜仍站MA20,回檔承接尚可，若原策略入選，可優先觀察延續。,v266.57.9,6.1,0.55,0.5,GENERIC,測試排序分=原分數+結構前置分*策略權重+續強品質*策略權重；不覆蓋原策略,748.0,0.0,D,突破不足,,尚未形成乾淨突破，不急著升級。,v266.57.9,WATCH,0.55,0.35,0.75,6.125,807.0,最後後處理補寫：原分數+結構前置+續強品質+突破品質；不覆蓋原策略,0.0,,一般,5.022,v266.58.1,2026-10-01 01:22:38,觀察,0,0,持續觀察,前狀態:觀察→今日:觀察,NO,v266.60.2,5.022,30.0,0.0,0.0,0.0,11.002,623.0,20/40/60結構佳｜續強品質佳｜主力佈局語意,起漲前優先,v266.61,2026-10-01 01:22:44,8.0,洗盤不破承接,無事件,等待下一次確認。,5.915,716,v266.62,2026-10-01 01:22:46,24.0,0.0,18.0,0.0,-4.12,量能安靜｜洗盤整理不破｜主力吸籌文字確認,v266.68,2026-10-01 01:22:50,NOISE,雜訊：條件不足。,WATCH,545
2026-09-30,6274,WATCH,54,1520.0,1000以上,0.0,0,佈局觀察,波動壓縮 | 均線收斂 | 接近突破 | 結構尚可,True,False,False,True,False,True,9.0,A,起漲結構強,20D站上MA20｜MA20走平翻揚｜MA5站上MA10｜接近20日高｜40D平台收斂｜短中均線糾結｜接近/站回MA60｜站回60D區間中上,平台壓縮後轉強，可優先觀察起漲/試單。,v266.57.9,7.0,無原分數欄位｜僅顯示結構前置分數,710.0,7.7,A,續強品質強,回檔不破前低｜低點墊高確認｜收盤守MA5｜續強確認：收盤未跌破MA5｜MA5仍在MA10上｜仍站MA20,回檔承接尚可，若原策略入選，可優先觀察延續。,v266.57.9,5.95,0.55,0.5,GENERIC,測試排序分=原分數+結構前置分*策略權重+續強品質*策略權重；不覆蓋原策略,768.0,0.8,D,突破不足,短均多頭,尚未形成乾淨突破，不急著升級。,v266.57.9,WATCH,0.55,0.35,0.75,8.245,565.0,最後後處理補寫：原分數+結構前置+續強品質+突破品質；不覆蓋原策略,0.0,,一般,6.761,v266.58.1,2026-10-01 01:22:38,觀察,0,-5,降級風險,前狀態:突破中→今日:觀察｜狀態降級,RISK,v266.60.2,5.011,30.0,0.0,0.0,15.0,4.789,790.0,20/40/60結構佳｜續強品質佳｜主力佈局語意｜風險語意扣分,過熱降權,v266.61,2026-10-01 01:22:44,8.0,洗盤不破承接,無事件,等待下一次確認。,5.908,717,v266.62,2026-10-01 01:22:46,24.0,0.0,18.0,0.0,-4.12,量能安靜｜洗盤整理不破｜主力吸籌文字確認,v266.68,2026-10-01 01:22:50,NOISE,雜訊：條件不足。,WATCH,546
2026-09-30,2376,WATCH,54,358.5,100-500,0.0,0,佈局觀察,波動壓縮 | 均線收斂 | 接近突破 | 結構尚可,True,False,False,True,False,True,10.8,A,起漲結構強,20D站上MA20｜MA20走平翻揚｜MA5站上MA10｜40D平台收斂｜短中均線糾結｜40D低點守住｜接近/站回MA60｜MA60不再下彎｜站回60D區間中上｜10D動能轉正,平台壓縮後轉強，可優先觀察起漲/試單。,v266.57.9,10.8,無原分數欄位｜僅顯示結構前置分數,197.0,7.0,A,續強品質強,回檔不破前低｜低點墊高確認｜回測守MA10｜MA5仍在MA10上｜仍站MA20｜10D動能維持,回檔承接尚可，若原策略入選，可優先觀察延續。,v266.57.9,8.94,0.55,0.5,GENERIC,測試排序分=原分數+結構前置分*策略權重+續強品質*策略權重；不覆蓋原策略,210.0,-0.2,D,突破不足,短均多頭｜扣分:收盤位置偏弱,尚未形成乾淨突破，不急著升級。,v266.57.9,WATCH,0.55,0.35,0.75,8.24,575.0,最後後處理補寫：原分數+結構前置+續強品質+突破品質；不覆蓋原策略,0.0,,一般,6.757,v266.58.1,2026-10-01 01:22:38,觀察,0,-5,降級風險,前狀態:突破中→今日:觀察｜狀態降級,RISK,v266.60.2,5.007,30.0,0.0,0.0,15.0,4.788,791.0,20/40/60結構佳｜續強品質佳｜主力佈局語意｜風險語意扣分,過熱降權,v266.61,2026-10-01 01:22:44,8.0,洗盤不破承接,無事件,等待下一次確認。,5.905,718,v266.62,2026-10-01 01:22:46,24.0,0.0,18.0,0.0,-4.12,量能安靜｜洗盤整理不破｜主力吸籌文字確認,v266.68,2026-10-01 01:22:50,NOISE,雜訊：條件不足。,WATCH,547
2026-09-30,4711,WATCH,54,16.35,50以下,0.0,0,佈局觀察,波動壓縮 | 均線收斂 | 接近突破 | 結構尚可,True,False,False,True,False,True,8.0,A,起漲結構強,MA20走平翻揚｜接近20日高｜40D平台收斂｜短中均線糾結｜40D低點守住｜接近/站回MA60｜MA60不再下彎,平台壓縮後轉強，可優先觀察起漲/試單。,v266.57.9,8.0,無原分數欄位｜僅顯示結構前置分數,556.0,7.0,A,續強品質強,回檔不破前低｜低點墊高確認｜收盤守MA5｜續強確認：收盤未跌破MA5｜回檔量縮,回檔承接尚可，若原策略入選，可優先觀察延續。,v266.57.9,6.9,0.55,0.5,GENERIC,測試排序分=原分數+結構前置分*策略權重+續強品質*策略權重；不覆蓋原策略,592.0,-1.0,D,突破不足,扣分:收盤位置偏弱,尚未形成乾淨突破，不急著升級。,v266.57.9,WATCH,0.55,0.35,0.75,6.1,812.0,最後後處理補寫：原分數+結構前置+續強品質+突破品質；不覆蓋原策略,0.0,,一般,5.002,v266.58.1,2026-10-01 01:22:38,觀察,0,0,持續觀察,前狀態:觀察→今日:觀察,NO,v266.60.2,5.002,30.0,0.0,0.0,0.0,11.0,628.0,20/40/60結構佳｜續強品質佳｜主力佈局語意,起漲前優先,v266.61,2026-10-01 01:22:44,8.0,洗盤不破承接,無事件,等待下一次確認。,5.901,719,v266.62,2026-10-01 01:22:46,24.0,0.0,18.0,0.0,-4.12,量能安靜｜洗盤整理不破｜主力吸籌文字確認,v266.68,2026-10-01 01:22:50,NOISE,雜訊：條件不足。,WATCH,548
2026-09-30,4107,WATCH,54,110.5,100-500,0.0,0,佈局觀察,波動壓縮 | 均線收斂 | 接近突破 | 結構尚可,True,False,False,True,False,True,8.0,A,起漲結構強,MA20走平翻揚｜接近20日高｜40D平台收斂｜短中均線糾結｜40D低點守住｜接近/站回MA60｜MA60不再下彎,平台壓縮後轉強，可優先觀察起漲/試單。,v266.57.9,8.0,無原分數欄位｜僅顯示結構前置分數,556.0,7.0,A,續強品質強,回檔不破前低｜低點墊高確認｜收盤守MA5｜續強確認：收盤未跌破MA5｜回檔量縮,回檔承接尚可，若原策略入選，可優先觀察延續。,v266.57.9,6.9,0.55,0.5,GENERIC,測試排序分=原分數+結構前置分*策略權重+續強品質*策略權重；不覆蓋原策略,592.0,-1.0,D,突破不足,扣分:收盤位置偏弱,尚未形成乾淨突破，不急著升級。,v266.57.9,WATCH,0.55,0.35,0.75,6.1,812.0,最後後處理補寫：原分數+結構前置+續強品質+突破品質；不覆蓋原策略,0.0,,一般,5.002,v266.58.1,2026-10-01 01:22:38,觀察,0,0,持續觀察,前狀態:觀察→今日:觀察,NO,v266.60.2,5.002,30.0,0.0,0.0,0.0,11.0,628.0,20/40/60結構佳｜續強品質佳｜主力佈局語意,起漲前優先,v266.61,2026-10-01 01:22:44,8.0,洗盤不破承接,無事件,等待下一次確認。,5.901,720,v266.62,2026-10-01 01:22:46,24.0,0.0,18.0,0.0,-4.12,量能安靜｜洗盤整理不破｜主力吸籌文字確認,v266.68,2026-10-01 01:22:50,NOISE,雜訊：條件不足。,WATCH,549
2026-09-30,3217,WATCH,54,130.0,100-500,0.0,0,佈局觀察,波動壓縮 | 均線收斂 | 接近突破 | 結構尚可,True,False,False,True,False,True,6.0,B,起漲結構中,MA20走平翻揚｜40D平台收斂｜短中均線糾結｜40D低點守住｜接近/站回MA60,平台壓縮後轉強，可優先觀察起漲/試單。,v266.57.9,6.0,無原分數欄位｜僅顯示結構前置分數,828.0,8.0,A,續強品質強,回檔不破前低｜低點墊高確認｜收盤守MA5｜續強確認：收盤未跌破MA5｜回檔量縮｜仍站MA20,回檔承接尚可，若原策略入選，可優先觀察延續。,v266.57.9,6.3,0.55,0.5,GENERIC,測試排序分=原分數+結構前置分*策略權重+續強品質*策略權重；不覆蓋原策略,711.0,0.0,D,突破不足,,尚未形成乾淨突破，不急著升級。,v266.57.9,WATCH,0.55,0.35,0.75,6.1,812.0,最後後處理補寫：原分數+結構前置+續強品質+突破品質；不覆蓋原策略,0.0,,一般,5.002,v266.58.1,2026-10-01 01:22:38,觀察,0,0,持續觀察,前狀態:觀察→今日:觀察,NO,v266.60.2,5.002,30.0,0.0,0.0,0.0,11.0,628.0,20/40/60結構佳｜續強品質佳｜主力佈局語意,起漲前優先,v266.61,2026-10-01 01:22:44,8.0,洗盤不破承接,無事件,等待下一次確認。,5.901,721,v266.62,2026-10-01 01:22:46,24.0,0.0,18.0,0.0,-4.12,量能安靜｜洗盤整理不破｜主力吸籌文字確認,v266.68,2026-10-01 01:22:50,NOISE,雜訊：條件不足。,WATCH,550
2026-09-30,7718,WATCH,54,45.8,50以下,0.0,0,佈局觀察,波動壓縮 | 均線收斂 | 接近突破 | 結構尚可,True,False,False,True,False,True,8.0,A,起漲結構強,MA20走平翻揚｜接近20日高｜40D平台收斂｜短中均線糾結｜40D低點守住｜接近/站回MA60｜MA60不再下彎,平台壓縮後轉強，可優先觀察起漲/試單。,v266.57.9,8.0,無原分數欄位｜僅顯示結構前置分數,556.0,7.0,A,續強品質強,回檔不破前低｜低點墊高確認｜收盤守MA5｜續強確認：收盤未跌破MA5｜回檔量縮,回檔承接尚可，若原策略入選，可優先觀察延續。,v266.57.9,6.9,0.55,0.5,GENERIC,測試排序分=原分數+結構前置分*策略權重+續強品質*策略權重；不覆蓋原策略,592.0,-1.0,D,突破不足,扣分:收盤位置偏弱,尚未形成乾淨突破，不急著升級。,v266.57.9,WATCH,0.55,0.35,0.75,6.1,812.0,最後後處理補寫：原分數+結構前置+續強品質+突破品質；不覆蓋原策略,0.0,,一般,5.002,v266.58.1,2026-10-01 01:22:38,觀察,0,0,持續觀察,前狀態:觀察→今日:觀察,NO,v266.60.2,5.002,30.0,0.0,0.0,0.0,11.0,628.0,20/40/60結構佳｜續強品質佳｜主力佈局語意,起漲前優先,v266.61,2026-10-01 01:22:44,8.0,洗盤不破承接,無事件,等待下一次確認。,5.901,722,v266.62,2026-10-01 01:22:46,24.0,0.0,18.0,0.0,-4.12,量能安靜｜洗盤整理不破｜主力吸籌文字確認,v266.68,2026-10-01 01:22:50,NOISE,雜訊：條件不足。,WATCH,551
2026-09-30,3207,WATCH,54,38.8,50以下,0.0,0,佈局觀察,波動壓縮 | 均線收斂 | 接近突破 | 結構尚可,True,False,False,True,False,True,6.0,B,起漲結構中,20D站上MA20｜MA20走平翻揚｜40D平台收斂｜短中均線糾結｜接近/站回MA60,平台壓縮後轉強，可優先觀察起漲/試單。,v266.57.9,6.0,無原分數欄位｜僅顯示結構前置分數,828.0,8.0,A,續強品質強,回檔不破前低｜低點墊高確認｜收盤守MA5｜續強確認：收盤未跌破MA5｜回檔量縮｜仍站MA20,回檔承接尚可，若原策略入選，可優先觀察延續。,v266.57.9,6.3,0.55,0.5,GENERIC,測試排序分=原分數+結構前置分*策略權重+續強品質*策略權重；不覆蓋原策略,711.0,0.0,D,突破不足,,尚未形成乾淨突破，不急著升級。,v266.57.9,WATCH,0.55,0.35,0.75,6.1,812.0,最後後處理補寫：原分數+結構前置+續強品質+突破品質；不覆蓋原策略,0.0,,一般,5.002,v266.58.1,2026-10-01 01:22:38,觀察,0,0,持續觀察,前狀態:觀察→今日:觀察,NO,v266.60.2,5.002,30.0,0.0,0.0,0.0,11.0,628.0,20/40/60結構佳｜續強品質佳｜主力佈局語意,起漲前優先,v266.61,2026-10-01 01:22:44,8.0,洗盤不破承接,無事件,等待下一次確認。,5.901,723,v266.62,2026-10-01 01:22:46,24.0,0.0,18.0,0.0,-4.12,量能安靜｜洗盤整理不破｜主力吸籌文字確認,v266.68,2026-10-01 01:22:50,NOISE,雜訊：條件不足。,WATCH,552
2026-09-30,6870,WATCH,54,323.5,100-500,0.0,0,佈局觀察,波動壓縮 | 均線收斂 | 接近突破 | 結構尚可,True,False,False,True,False,True,10.0,A,起漲結構強,20D站上MA20｜MA20走平翻揚｜MA5站上MA10｜40D平台收斂｜短中均線糾結｜40D低點守住｜接近/站回MA60｜MA60不再下彎｜站回60D區間中上,平台壓縮後轉強，可優先觀察起漲/試單。,v266.57.9,10.0,無原分數欄位｜僅顯示結構前置分數,253.0,6.0,B,續強品質中,回檔不破前低｜低點墊高確認｜回測守MA10｜MA5仍在MA10上｜仍站MA20,回檔承接尚可，若原策略入選，可優先觀察延續。,v266.57.9,8.0,0.55,0.5,GENERIC,測試排序分=原分數+結構前置分*策略權重+續強品質*策略權重；不覆蓋原策略,371.0,0.8,D,突破不足,短均多頭,尚未形成乾淨突破，不急著升級。,v266.57.9,WATCH,0.55,0.35,0.75,8.2,578.0,最後後處理補寫：原分數+結構前置+續強品質+突破品質；不覆蓋原策略,0.0,,一般,6.724,v266.58.1,2026-10-01 01:22:38,觀察,0,-5,降級風險,前狀態:突破中→今日:觀察｜狀態降級,RISK,v266.60.2,4.974,30.0,0.0,0.0,15.0,4.785,792.0,20/40/60結構佳｜續強品質佳｜主力佈局語意｜風險語意扣分,過熱降權,v266.61,2026-10-01 01:22:44,8.0,洗盤不破承接,無事件,等待下一次確認。,5.882,724,v266.62,2026-10-01 01:22:46,24.0,0.0,18.0,0.0,-4.12,量能安靜｜洗盤整理不破｜主力吸籌文字確認,v266.68,2026-10-01 01:22:50,NOISE,雜訊：條件不足。,WATCH,553
2026-09-30,6294,WATCH,54,28.25,50以下,0.0,0,佈局觀察,波動壓縮 | 均線收斂 | 接近突破 | 結構尚可,True,False,False,True,False,True,9.0,A,起漲結構強,MA20走平翻揚｜接近20日高｜40D平台收斂｜短中均線糾結｜40D低點守住｜接近/站回MA60｜MA60不再下彎｜站回60D區間中上,平台壓縮後轉強，可優先觀察起漲/試單。,v266.57.9,9.0,無原分數欄位｜僅顯示結構前置分數,391.0,5.3,B,續強品質中,回檔不破前低｜低點墊高確認｜收盤守MA5｜回測守MA10,回檔承接尚可，若原策略入選，可優先觀察延續。,v266.57.9,6.7,0.55,0.5,GENERIC,測試排序分=原分數+結構前置分*策略權重+續強品質*策略權重；不覆蓋原策略,643.0,-1.0,D,突破不足,扣分:收盤位置偏弱,尚未形成乾淨突破，不急著升級。,v266.57.9,WATCH,0.55,0.35,0.75,6.055,817.0,最後後處理補寫：原分數+結構前置+續強品質+突破品質；不覆蓋原策略,0.0,,一般,4.965,v266.58.1,2026-10-01 01:22:38,觀察,0,0,持續觀察,前狀態:觀察→今日:觀察,NO,v266.60.2,4.965,30.0,0.0,0.0,0.0,10.997,633.0,20/40/60結構佳｜續強品質佳｜主力佈局語意,起漲前優先,v266.61,2026-10-01 01:22:44,8.0,洗盤不破承接,無事件,等待下一次確認。,5.876,725,v266.62,2026-10-01 01:22:46,24.0,0.0,18.0,0.0,-4.12,量能安靜｜洗盤整理不破｜主力吸籌文字確認,v266.68,2026-10-01 01:22:50,NOISE,雜訊：條件不足。,WATCH,554
2026-09-30,5439,WATCH,54,254.0,100-500,0.0,0,佈局觀察,波動壓縮 | 均線收斂 | 接近突破 | 結構尚可,True,False,False,True,False,True,8.0,A,起漲結構強,20D站上MA20｜MA20走平翻揚｜MA5站上MA10｜40D平台收斂｜短中均線糾結｜40D低點守住｜接近/站回MA60,平台壓縮後轉強，可優先觀察起漲/試單。,v266.57.9,6.0,無原分數欄位｜僅顯示結構前置分數,828.0,7.7,A,續強品質強,回檔不破前低｜低點墊高確認｜收盤守MA5｜續強確認：收盤未跌破MA5｜MA5仍在MA10上｜仍站MA20,回檔承接尚可，若原策略入選，可優先觀察延續。,v266.57.9,5.4,0.55,0.5,GENERIC,測試排序分=原分數+結構前置分*策略權重+續強品質*策略權重；不覆蓋原策略,840.0,-1.4,D,突破不足,短均多頭｜扣分:收盤位置偏弱、上影偏長,尚未形成乾淨突破，不急著升級。,v266.57.9,WATCH,0.55,0.35,0.75,6.045,818.0,最後後處理補寫：原分數+結構前置+續強品質+突破品質；不覆蓋原策略,0.0,,一般,4.957,v266.58.1,2026-10-01 01:22:38,觀察,0,0,持續觀察,前狀態:觀察→今日:觀察,NO,v266.60.2,4.957,30.0,0.0,0.0,0.0,10.996,634.0,20/40/60結構佳｜續強品質佳｜主力佈局語意,起漲前優先,v266.61,2026-10-01 01:22:44,8.0,洗盤不破承接,無事件,等待下一次確認。,5.87,726,v266.62,2026-10-01 01:22:46,24.0,0.0,18.0,0.0,-4.12,量能安靜｜洗盤整理不破｜主力吸籌文字確認,v266.68,2026-10-01 01:22:50,NOISE,雜訊：條件不足。,WATCH,555
2026-09-30,8255,WATCH,54,147.0,100-500,0.0,0,佈局觀察,波動壓縮 | 均線收斂 | 接近突破 | 結構尚可,True,False,False,True,False,True,8.0,A,起漲結構強,20D站上MA20｜MA20走平翻揚｜MA5站上MA10｜接近20日高｜40D平台收斂｜短中均線糾結｜接近/站回MA60,平台壓縮後轉強，可優先觀察起漲/試單。,v266.57.9,6.0,無原分數欄位｜僅顯示結構前置分數,828.0,7.7,A,續強品質強,回檔不破前低｜低點墊高確認｜收盤守MA5｜續強確認：收盤未跌破MA5｜MA5仍在MA10上｜仍站MA20,回檔承接尚可，若原策略入選，可優先觀察延續。,v266.57.9,5.4,0.55,0.5,GENERIC,測試排序分=原分數+結構前置分*策略權重+續強品質*策略權重；不覆蓋原策略,840.0,-1.4,D,突破不足,短均多頭｜扣分:收盤位置偏弱、上影偏長,尚未形成乾淨突破，不急著升級。,v266.57.9,WATCH,0.55,0.35,0.75,6.045,818.0,最後後處理補寫：原分數+結構前置+續強品質+突破品質；不覆蓋原策略,0.0,,一般,4.957,v266.58.1,2026-10-01 01:22:38,觀察,0,0,持續觀察,前狀態:觀察→今日:觀察,NO,v266.60.2,4.957,30.0,0.0,0.0,0.0,10.996,634.0,20/40/60結構佳｜續強品質佳｜主力佈局語意,起漲前優先,v266.61,2026-10-01 01:22:44,8.0,洗盤不破承接,無事件,等待下一次確認。,5.87,727,v266.62,2026-10-01 01:22:46,24.0,0.0,18.0,0.0,-4.12,量能安靜｜洗盤整理不破｜主力吸籌文字確認,v266.68,2026-10-01 01:22:50,NOISE,雜訊：條件不足。,WATCH,556
2026-09-30,6114,WATCH,58,23.45,50以下,0.0,0,佈局觀察,波動壓縮 | 安靜吸籌 | 均線收斂 | 結構尚可,True,True,False,True,False,False,7.0,B,起漲結構中,MA20走平翻揚｜MA5站上MA10｜40D平台收斂｜短中均線糾結｜40D低點守住｜接近/站回MA60,平台壓縮後轉強，可優先觀察起漲/試單。,v266.57.9,7.0,無原分數欄位｜僅顯示結構前置分數,710.0,6.7,B,續強品質中,回檔不破前低｜低點墊高確認｜收盤守MA5｜續強確認：收盤未跌破MA5｜MA5仍在MA10上,回檔承接尚可，若原策略入選，可優先觀察延續。,v266.57.9,6.2,0.55,0.5,GENERIC,測試排序分=原分數+結構前置分*策略權重+續強品質*策略權重；不覆蓋原策略,715.0,-0.2,D,突破不足,短均多頭｜扣分:收盤位置偏弱,尚未形成乾淨突破，不急著升級。,v266.57.9,WATCH,0.55,0.35,0.75,6.045,818.0,最後後處理補寫：原分數+結構前置+續強品質+突破品質；不覆蓋原策略,0.0,,一般,4.957,v266.58.1,2026-10-01 01:22:38,觀察,0,0,持續觀察,前狀態:觀察→今日:觀察,NO,v266.60.2,4.957,30.0,0.0,0.0,0.0,10.996,634.0,20/40/60結構佳｜續強品質佳｜主力佈局語意,起漲前優先,v266.61,2026-10-01 01:22:44,8.0,洗盤不破承接,無事件,等待下一次確認。,5.87,728,v266.62,2026-10-01 01:22:46,24.0,0.0,18.0,0.0,-4.12,量能安靜｜洗盤整理不破｜主力吸籌文字確認,v266.68,2026-10-01 01:22:50,NOISE,雜訊：條件不足。,WATCH,557
2026-09-30,6752,WATCH,54,96.0,50-100,0.0,0,佈局觀察,波動壓縮 | 均線收斂 | 接近突破 | 結構尚可,True,False,False,True,False,True,8.0,A,起漲結構強,MA20走平翻揚｜接近20日高｜40D平台收斂｜短中均線糾結｜40D低點守住｜接近/站回MA60｜MA60不再下彎,平台壓縮後轉強，可優先觀察起漲/試單。,v266.57.9,8.0,無原分數欄位｜僅顯示結構前置分數,556.0,6.8,B,續強品質中,回檔不破前低｜低點墊高確認｜收盤守MA5｜回測守MA10｜回檔量縮,回檔承接尚可，若原策略入選，可優先觀察延續。,v266.57.9,6.9,0.55,0.5,GENERIC,測試排序分=原分數+結構前置分*策略權重+續強品質*策略權重；不覆蓋原策略,592.0,-1.0,D,突破不足,扣分:收盤位置偏弱,尚未形成乾淨突破，不急著升級。,v266.57.9,WATCH,0.55,0.35,0.75,6.03,822.0,最後後處理補寫：原分數+結構前置+續強品質+突破品質；不覆蓋原策略,0.0,,一般,4.945,v266.58.1,2026-10-01 01:22:38,觀察,0,0,持續觀察,前狀態:觀察→今日:觀察,NO,v266.60.2,4.945,30.0,0.0,0.0,0.0,10.994,637.0,20/40/60結構佳｜續強品質佳｜主力佈局語意,起漲前優先,v266.61,2026-10-01 01:22:44,8.0,洗盤不破承接,無事件,等待下一次確認。,5.861,729,v266.62,2026-10-01 01:22:46,24.0,0.0,18.0,0.0,-4.12,量能安靜｜洗盤整理不破｜主力吸籌文字確認,v266.68,2026-10-01 01:22:50,NOISE,雜訊：條件不足。,WATCH,558
2026-09-30,5878,WATCH,54,37.85,50以下,0.0,0,佈局觀察,波動壓縮 | 均線收斂 | 接近突破 | 結構尚可,True,False,False,True,False,True,8.0,A,起漲結構強,MA20走平翻揚｜接近20日高｜40D平台收斂｜短中均線糾結｜40D低點守住｜接近/站回MA60｜MA60不再下彎,平台壓縮後轉強，可優先觀察起漲/試單。,v266.57.9,8.0,無原分數欄位｜僅顯示結構前置分數,556.0,6.8,B,續強品質中,回檔不破前低｜低點墊高確認｜收盤守MA5｜回測守MA10｜回檔量縮,回檔承接尚可，若原策略入選，可優先觀察延續。,v266.57.9,6.9,0.55,0.5,GENERIC,測試排序分=原分數+結構前置分*策略權重+續強品質*策略權重；不覆蓋原策略,592.0,-1.0,D,突破不足,扣分:收盤位置偏弱,尚未形成乾淨突破，不急著升級。,v266.57.9,WATCH,0.55,0.35,0.75,6.03,822.0,最後後處理補寫：原分數+結構前置+續強品質+突破品質；不覆蓋原策略,0.0,,一般,4.945,v266.58.1,2026-10-01 01:22:38,觀察,0,0,持續觀察,前狀態:觀察→今日:觀察,NO,v266.60.2,4.945,30.0,0.0,0.0,0.0,10.994,637.0,20/40/60結構佳｜續強品質佳｜主力佈局語意,起漲前優先,v266.61,2026-10-01 01:22:44,8.0,洗盤不破承接,無事件,等待下一次確認。,5.861,730,v266.62,2026-10-01 01:22:46,24.0,0.0,18.0,0.0,-4.12,量能安靜｜洗盤整理不破｜主力吸籌文字確認,v266.68,2026-10-01 01:22:50,NOISE,雜訊：條件不足。,WATCH,559
2026-09-30,6482,WATCH,54,23.5,50以下,0.0,0,佈局觀察,波動壓縮 | 均線收斂 | 接近突破 | 結構尚可,True,False,False,True,False,True,6.0,B,起漲結構中,MA20走平翻揚｜40D平台收斂｜短中均線糾結｜40D低點守住｜接近/站回MA60,平台壓縮後轉強，可優先觀察起漲/試單。,v266.57.9,6.0,無原分數欄位｜僅顯示結構前置分數,828.0,4.5,C,續強觀察,回檔不破前低｜收盤守MA5｜續強確認：收盤未跌破MA5,尚未看到明確回檔承接，保留觀察。,v266.57.9,5.05,0.55,0.5,GENERIC,測試排序分=原分數+結構前置分*策略權重+續強品質*策略權重；不覆蓋原策略,865.0,1.5,D,突破不足,收盤接近高點,尚未形成乾淨突破，不急著升級。,v266.57.9,WATCH,0.55,0.35,0.75,6.0,824.0,最後後處理補寫：原分數+結構前置+續強品質+突破品質；不覆蓋原策略,0.0,,一般,4.92,v266.58.1,2026-10-01 01:22:38,觀察,0,0,持續觀察,前狀態:觀察→今日:觀察,NO,v266.60.2,4.92,22.0,0.0,0.0,0.0,8.192,695.0,20/40/60結構佳｜主力佈局語意,起漲前優先,v266.61,2026-10-01 01:22:44,8.0,洗盤不破承接,無事件,等待下一次確認。,5.844,731,v266.62,2026-10-01 01:22:46,24.0,0.0,18.0,0.0,-4.12,量能安靜｜洗盤整理不破｜主力吸籌文字確認,v266.68,2026-10-01 01:22:50,NOISE,雜訊：條件不足。,WATCH,560
2026-09-30,4198,WATCH,54,49.5,50以下,0.0,0,佈局觀察,波動壓縮 | 均線收斂 | 接近突破 | 結構尚可,True,False,False,True,False,True,10.0,A,起漲結構強,20D站上MA20｜MA20走平翻揚｜MA5站上MA10｜40D平台收斂｜短中均線糾結｜40D低點守住｜接近/站回MA60｜MA60不再下彎｜站回60D區間中上,平台壓縮後轉強，可優先觀察起漲/試單。,v266.57.9,10.0,無原分數欄位｜僅顯示結構前置分數,253.0,7.5,A,續強品質強,回檔不破前低｜低點墊高確認｜收盤守MA5｜回測守MA10｜MA5仍在MA10上｜仍站MA20,回檔承接尚可，若原策略入選，可優先觀察延續。,v266.57.9,8.35,0.55,0.5,GENERIC,測試排序分=原分數+結構前置分*策略權重+續強品質*策略權重；不覆蓋原策略,313.0,,,,,,,WATCH,0.55,0.35,0.75,8.125,582.0,最後後處理補寫：原分數+結構前置+續強品質+突破品質；不覆蓋原策略,0.0,,一般,6.662,v266.58.1,2026-10-01 01:22:38,觀察,0,-5,降級風險,前狀態:突破中→今日:觀察｜狀態降級,RISK,v266.60.2,4.912,30.0,0.0,0.0,15.0,4.779,794.0,20/40/60結構佳｜續強品質佳｜主力佈局語意｜風險語意扣分,過熱降權,v266.61,2026-10-01 01:22:44,8.0,洗盤不破承接,無事件,等待下一次確認。,5.838,732,v266.62,2026-10-01 01:22:46,24.0,0.0,18.0,0.0,-4.12,量能安靜｜洗盤整理不破｜主力吸籌文字確認,v266.68,2026-10-01 01:22:50,NOISE,雜訊：條件不足。,WATCH,561
2026-09-30,8092,WATCH,54,12.6,50以下,0.0,0,佈局觀察,波動壓縮 | 均線收斂 | 接近突破 | 結構尚可,True,False,False,True,False,True,7.0,B,起漲結構中,MA20走平翻揚｜MA5站上MA10｜40D平台收斂｜短中均線糾結｜40D低點守住｜接近/站回MA60,平台壓縮後轉強，可優先觀察起漲/試單。,v266.57.9,7.0,無原分數欄位｜僅顯示結構前置分數,710.0,6.5,B,續強品質中,回檔不破前低｜低點墊高確認｜收盤守MA5｜回測守MA10｜MA5仍在MA10上,回檔承接尚可，若原策略入選，可優先觀察延續。,v266.57.9,6.2,0.55,0.5,GENERIC,測試排序分=原分數+結構前置分*策略權重+續強品質*策略權重；不覆蓋原策略,715.0,-0.2,D,突破不足,短均多頭｜扣分:收盤位置偏弱,尚未形成乾淨突破，不急著升級。,v266.57.9,WATCH,0.55,0.35,0.75,5.975,825.0,最後後處理補寫：原分數+結構前置+續強品質+突破品質；不覆蓋原策略,0.0,,一般,4.9,v266.58.1,2026-10-01 01:22:38,觀察,0,0,持續觀察,前狀態:觀察→今日:觀察,NO,v266.60.2,4.9,30.0,0.0,0.0,0.0,10.99,639.0,20/40/60結構佳｜續強品質佳｜主力佈局語意,起漲前優先,v266.61,2026-10-01 01:22:44,8.0,洗盤不破承接,無事件,等待下一次確認。,5.83,733,v266.62,2026-10-01 01:22:46,24.0,0.0,18.0,0.0,-4.12,量能安靜｜洗盤整理不破｜主力吸籌文字確認,v266.68,2026-10-01 01:22:50,NOISE,雜訊：條件不足。,WATCH,562
2026-09-30,4716,WATCH,54,16.85,50以下,0.0,0,佈局觀察,波動壓縮 | 均線收斂 | 接近突破 | 結構尚可,True,False,False,True,False,True,7.0,B,起漲結構中,MA20走平翻揚｜MA5站上MA10｜40D平台收斂｜短中均線糾結｜40D低點守住｜接近/站回MA60,平台壓縮後轉強，可優先觀察起漲/試單。,v266.57.9,7.0,無原分數欄位｜僅顯示結構前置分數,710.0,6.5,B,續強品質中,回檔不破前低｜低點墊高確認｜收盤守MA5｜回測守MA10｜MA5仍在MA10上,回檔承接尚可，若原策略入選，可優先觀察延續。,v266.57.9,6.2,0.55,0.5,GENERIC,測試排序分=原分數+結構前置分*策略權重+續強品質*策略權重；不覆蓋原策略,715.0,-0.2,D,突破不足,短均多頭｜扣分:收盤位置偏弱,尚未形成乾淨突破，不急著升級。,v266.57.9,WATCH,0.55,0.35,0.75,5.975,825.0,最後後處理補寫：原分數+結構前置+續強品質+突破品質；不覆蓋原策略,0.0,,一般,4.9,v266.58.1,2026-10-01 01:22:38,觀察,0,0,持續觀察,前狀態:觀察→今日:觀察,NO,v266.60.2,4.9,30.0,0.0,0.0,0.0,10.99,639.0,20/40/60結構佳｜續強品質佳｜主力佈局語意,起漲前優先,v266.61,2026-10-01 01:22:44,8.0,洗盤不破承接,無事件,等待下一次確認。,5.83,734,v266.62,2026-10-01 01:22:46,24.0,0.0,18.0,0.0,-4.12,量能安靜｜洗盤整理不破｜主力吸籌文字確認,v266.68,2026-10-01 01:22:50,NOISE,雜訊：條件不足。,WATCH,563
2026-09-30,4772,WATCH,54,269.0,100-500,0.0,0,佈局觀察,安靜吸籌 | 均線收斂 | 接近突破 | 結構尚可,False,True,False,True,False,True,8.0,A,起漲結構強,20D站上MA20｜MA20走平翻揚｜40D平台收斂｜短中均線糾結｜接近/站回MA60｜MA60不再下彎｜站回60D區間中上,平台壓縮後轉強，可優先觀察起漲/試單。,v266.57.9,6.0,無原分數欄位｜僅顯示結構前置分數,828.0,6.5,B,續強品質中,回檔不破前低｜低點墊高確認｜收盤守MA5｜續強確認：收盤未跌破MA5｜仍站MA20,回檔承接尚可，若原策略入選，可優先觀察延續。,v266.57.9,4.8,0.55,0.5,GENERIC,測試排序分=原分數+結構前置分*策略權重+續強品質*策略權重；不覆蓋原策略,890.0,-1.0,D,突破不足,扣分:收盤位置偏弱,尚未形成乾淨突破，不急著升級。,v266.57.9,WATCH,0.55,0.35,0.75,5.925,827.0,最後後處理補寫：原分數+結構前置+續強品質+突破品質；不覆蓋原策略,0.0,,一般,4.858,v266.58.1,2026-10-01 01:22:38,觀察,0,0,持續觀察,前狀態:觀察→今日:觀察,NO,v266.60.2,4.858,30.0,0.0,0.0,0.0,10.986,641.0,20/40/60結構佳｜續強品質佳｜主力佈局語意,起漲前優先,v266.61,2026-10-01 01:22:44,8.0,洗盤不破承接,無事件,等待下一次確認。,5.801,736,v266.62,2026-10-01 01:22:46,24.0,0.0,18.0,0.0,-4.12,量能安靜｜洗盤整理不破｜主力吸籌文字確認,v266.68,2026-10-01 01:22:50,NOISE,雜訊：條件不足。,WATCH,564
2026-09-30,8403,WATCH,54,18.95,50以下,0.0,0,佈局觀察,波動壓縮 | 均線收斂 | 接近突破 | 結構尚可,True,False,False,True,False,True,8.0,A,起漲結構強,MA20走平翻揚｜接近20日高｜40D平台收斂｜短中均線糾結｜40D低點守住｜接近/站回MA60｜MA60不再下彎,平台壓縮後轉強，可優先觀察起漲/試單。,v266.57.9,8.0,無原分數欄位｜僅顯示結構前置分數,556.0,6.5,B,續強品質中,回檔不破前低｜低點墊高確認｜收盤守MA5｜續強確認：收盤未跌破MA5｜仍站MA20,回檔承接尚可，若原策略入選，可優先觀察延續。,v266.57.9,6.65,0.55,0.5,GENERIC,測試排序分=原分數+結構前置分*策略權重+續強品質*策略權重；不覆蓋原策略,660.0,-1.0,D,突破不足,扣分:收盤位置偏弱,尚未形成乾淨突破，不急著升級。,v266.57.9,WATCH,0.55,0.35,0.75,5.925,827.0,最後後處理補寫：原分數+結構前置+續強品質+突破品質；不覆蓋原策略,0.0,,一般,4.858,v266.58.1,2026-10-01 01:22:38,觀察,0,0,持續觀察,前狀態:觀察→今日:觀察,NO,v266.60.2,4.858,30.0,0.0,0.0,0.0,10.986,641.0,20/40/60結構佳｜續強品質佳｜主力佈局語意,起漲前優先,v266.61,2026-10-01 01:22:44,8.0,洗盤不破承接,無事件,等待下一次確認。,5.801,737,v266.62,2026-10-01 01:22:46,24.0,0.0,18.0,0.0,-4.12,量能安靜｜洗盤整理不破｜主力吸籌文字確認,v266.68,2026-10-01 01:22:50,NOISE,雜訊：條件不足。,WATCH,565
2026-09-30,6712,WATCH,54,162.0,100-500,0.0,0,佈局觀察,波動壓縮 | 均線收斂 | 接近突破 | 結構尚可,True,False,False,True,False,True,10.0,A,起漲結構強,20D站上MA20｜MA20走平翻揚｜MA5站上MA10｜接近20日高｜40D平台收斂｜短中均線糾結｜40D低點守住｜接近/站回MA60｜MA60不再下彎,平台壓縮後轉強，可優先觀察起漲/試單。,v266.57.9,10.0,無原分數欄位｜僅顯示結構前置分數,253.0,7.7,A,續強品質強,回檔不破前低｜低點墊高確認｜收盤守MA5｜續強確認：收盤未跌破MA5｜MA5仍在MA10上｜仍站MA20,回檔承接尚可，若原策略入選，可優先觀察延續。,v266.57.9,8.35,0.55,0.5,GENERIC,測試排序分=原分數+結構前置分*策略權重+續強品質*策略權重；不覆蓋原策略,313.0,-0.2,D,突破不足,短均多頭｜扣分:收盤位置偏弱,尚未形成乾淨突破，不急著升級。,v266.57.9,WATCH,0.55,0.35,0.75,8.045,587.0,最後後處理補寫：原分數+結構前置+續強品質+突破品質；不覆蓋原策略,0.0,,一般,6.597,v266.58.1,2026-10-01 01:22:38,觀察,0,-5,降級風險,前狀態:突破中→今日:觀察｜狀態降級,RISK,v266.60.2,4.847,30.0,0.0,0.0,15.0,4.772,795.0,20/40/60結構佳｜續強品質佳｜主力佈局語意｜風險語意扣分,過熱降權,v266.61,2026-10-01 01:22:44,8.0,洗盤不破承接,無事件,等待下一次確認。,5.793,738,v266.62,2026-10-01 01:22:46,24.0,0.0,18.0,0.0,-4.12,量能安靜｜洗盤整理不破｜主力吸籌文字確認,v266.68,2026-10-01 01:22:50,NOISE,雜訊：條件不足。,WATCH,566
2026-09-30,3169,WATCH,54,115.0,100-500,0.0,0,佈局觀察,波動壓縮 | 均線收斂 | 接近突破 | 結構尚可,True,False,False,True,False,True,10.0,A,起漲結構強,20D站上MA20｜MA20走平翻揚｜MA5站上MA10｜40D平台收斂｜短中均線糾結｜40D低點守住｜接近/站回MA60｜MA60不再下彎｜站回60D區間中上,平台壓縮後轉強，可優先觀察起漲/試單。,v266.57.9,8.0,無原分數欄位｜僅顯示結構前置分數,556.0,7.7,A,續強品質強,回檔不破前低｜低點墊高確認｜收盤守MA5｜續強確認：收盤未跌破MA5｜MA5仍在MA10上｜仍站MA20,回檔承接尚可，若原策略入選，可優先觀察延續。,v266.57.9,6.5,0.55,0.5,GENERIC,測試排序分=原分數+結構前置分*策略權重+續強品質*策略權重；不覆蓋原策略,681.0,-0.2,D,突破不足,短均多頭｜扣分:收盤位置偏弱,尚未形成乾淨突破，不急著升級。,v266.57.9,WATCH,0.55,0.35,0.75,8.045,587.0,最後後處理補寫：原分數+結構前置+續強品質+突破品質；不覆蓋原策略,0.0,,一般,6.597,v266.58.1,2026-10-01 01:22:38,觀察,0,-5,降級風險,前狀態:突破中→今日:觀察｜狀態降級,RISK,v266.60.2,4.847,30.0,0.0,0.0,15.0,4.772,795.0,20/40/60結構佳｜續強品質佳｜主力佈局語意｜風險語意扣分,過熱降權,v266.61,2026-10-01 01:22:44,8.0,洗盤不破承接,無事件,等待下一次確認。,5.793,739,v266.62,2026-10-01 01:22:46,24.0,0.0,18.0,0.0,-4.12,量能安靜｜洗盤整理不破｜主力吸籌文字確認,v266.68,2026-10-01 01:22:50,NOISE,雜訊：條件不足。,WATCH,567
2026-09-30,7556,WATCH,54,264.5,100-500,0.0,0,佈局觀察,波動壓縮 | 均線收斂 | 接近突破 | 結構尚可,True,False,False,True,False,True,10.0,A,起漲結構強,20D站上MA20｜MA20走平翻揚｜MA5站上MA10｜接近20日高｜40D平台收斂｜短中均線糾結｜40D低點守住｜接近/站回MA60｜站回60D區間中上,平台壓縮後轉強，可優先觀察起漲/試單。,v266.57.9,10.0,無原分數欄位｜僅顯示結構前置分數,253.0,7.7,A,續強品質強,回檔不破前低｜低點墊高確認｜收盤守MA5｜續強確認：收盤未跌破MA5｜MA5仍在MA10上｜仍站MA20,回檔承接尚可，若原策略入選，可優先觀察延續。,v266.57.9,8.35,0.55,0.5,GENERIC,測試排序分=原分數+結構前置分*策略權重+續強品質*策略權重；不覆蓋原策略,313.0,-0.2,D,突破不足,短均多頭｜扣分:收盤位置偏弱,尚未形成乾淨突破，不急著升級。,v266.57.9,WATCH,0.55,0.35,0.75,8.045,587.0,最後後處理補寫：原分數+結構前置+續強品質+突破品質；不覆蓋原策略,0.0,,一般,6.597,v266.58.1,2026-10-01 01:22:38,觀察,0,-5,降級風險,前狀態:突破中→今日:觀察｜狀態降級,RISK,v266.60.2,4.847,30.0,0.0,0.0,15.0,4.772,795.0,20/40/60結構佳｜續強品質佳｜主力佈局語意｜風險語意扣分,過熱降權,v266.61,2026-10-01 01:22:44,8.0,洗盤不破承接,無事件,等待下一次確認。,5.793,740,v266.62,2026-10-01 01:22:46,24.0,0.0,18.0,0.0,-4.12,量能安靜｜洗盤整理不破｜主力吸籌文字確認,v266.68,2026-10-01 01:22:50,NOISE,雜訊：條件不足。,WATCH,568
2026-09-30,6170,WATCH,54,48.65,50以下,0.0,0,佈局觀察,波動壓縮 | 均線收斂 | 接近突破 | 結構尚可,True,False,False,True,False,True,10.0,A,起漲結構強,20D站上MA20｜MA20走平翻揚｜MA5站上MA10｜接近20日高｜40D平台收斂｜短中均線糾結｜40D低點守住｜接近/站回MA60｜站回60D區間中上,平台壓縮後轉強，可優先觀察起漲/試單。,v266.57.9,10.0,無原分數欄位｜僅顯示結構前置分數,253.0,7.7,A,續強品質強,回檔不破前低｜低點墊高確認｜收盤守MA5｜續強確認：收盤未跌破MA5｜MA5仍在MA10上｜仍站MA20,回檔承接尚可，若原策略入選，可優先觀察延續。,v266.57.9,8.35,0.55,0.5,GENERIC,測試排序分=原分數+結構前置分*策略權重+續強品質*策略權重；不覆蓋原策略,313.0,-0.2,D,突破不足,短均多頭｜扣分:收盤位置偏弱,尚未形成乾淨突破，不急著升級。,v266.57.9,WATCH,0.55,0.35,0.75,8.045,587.0,最後後處理補寫：原分數+結構前置+續強品質+突破品質；不覆蓋原策略,0.0,,一般,6.597,v266.58.1,2026-10-01 01:22:38,觀察,0,-5,降級風險,前狀態:突破中→今日:觀察｜狀態降級,RISK,v266.60.2,4.847,30.0,0.0,0.0,15.0,4.772,795.0,20/40/60結構佳｜續強品質佳｜主力佈局語意｜風險語意扣分,過熱降權,v266.61,2026-10-01 01:22:44,8.0,洗盤不破承接,無事件,等待下一次確認。,5.793,741,v266.62,2026-10-01 01:22:46,24.0,0.0,18.0,0.0,-4.12,量能安靜｜洗盤整理不破｜主力吸籌文字確認,v266.68,2026-10-01 01:22:50,NOISE,雜訊：條件不足。,WATCH,569
2026-09-30,6134,WATCH,54,29.2,50以下,0.0,0,佈局觀察,波動壓縮 | 均線收斂 | 接近突破 | 結構尚可,True,False,False,True,False,True,10.0,A,起漲結構強,20D站上MA20｜MA20走平翻揚｜MA5站上MA10｜接近20日高｜40D平台收斂｜短中均線糾結｜40D低點守住｜接近/站回MA60｜站回60D區間中上,平台壓縮後轉強，可優先觀察起漲/試單。,v266.57.9,10.0,無原分數欄位｜僅顯示結構前置分數,253.0,7.7,A,續強品質強,回檔不破前低｜低點墊高確認｜收盤守MA5｜續強確認：收盤未跌破MA5｜MA5仍在MA10上｜仍站MA20,回檔承接尚可，若原策略入選，可優先觀察延續。,v266.57.9,8.35,0.55,0.5,GENERIC,測試排序分=原分數+結構前置分*策略權重+續強品質*策略權重；不覆蓋原策略,313.0,-0.2,D,突破不足,短均多頭｜扣分:收盤位置偏弱,尚未形成乾淨突破，不急著升級。,v266.57.9,WATCH,0.55,0.35,0.75,8.045,587.0,最後後處理補寫：原分數+結構前置+續強品質+突破品質；不覆蓋原策略,0.0,,一般,6.597,v266.58.1,2026-10-01 01:22:38,觀察,0,-5,降級風險,前狀態:突破中→今日:觀察｜狀態降級,RISK,v266.60.2,4.847,30.0,0.0,0.0,15.0,4.772,795.0,20/40/60結構佳｜續強品質佳｜主力佈局語意｜風險語意扣分,過熱降權,v266.61,2026-10-01 01:22:44,8.0,洗盤不破承接,無事件,等待下一次確認。,5.793,742,v266.62,2026-10-01 01:22:46,24.0,0.0,18.0,0.0,-4.12,量能安靜｜洗盤整理不破｜主力吸籌文字確認,v266.68,2026-10-01 01:22:50,NOISE,雜訊：條件不足。,WATCH,570
2026-09-30,3484,WATCH,54,46.55,50以下,0.0,0,佈局觀察,波動壓縮 | 均線收斂 | 接近突破 | 結構尚可,True,False,False,True,False,True,7.0,B,起漲結構中,20D站上MA20｜MA20走平翻揚｜接近20日高｜40D平台收斂｜短中均線糾結｜接近/站回MA60,平台壓縮後轉強，可優先觀察起漲/試單。,v266.57.9,7.0,無原分數欄位｜僅顯示結構前置分數,710.0,8.0,A,續強品質強,回檔不破前低｜低點墊高確認｜收盤守MA5｜續強確認：收盤未跌破MA5｜回檔量縮｜仍站MA20,回檔承接尚可，若原策略入選，可優先觀察延續。,v266.57.9,6.85,0.55,0.5,GENERIC,測試排序分=原分數+結構前置分*策略權重+續強品質*策略權重；不覆蓋原策略,612.0,-1.0,D,突破不足,扣分:收盤位置偏弱,尚未形成乾淨突破，不急著升級。,v266.57.9,WATCH,0.55,0.35,0.75,5.9,829.0,最後後處理補寫：原分數+結構前置+續強品質+突破品質；不覆蓋原策略,0.0,,一般,4.838,v266.58.1,2026-10-01 01:22:38,觀察,0,0,持續觀察,前狀態:觀察→今日:觀察,NO,v266.60.2,4.838,30.0,0.0,0.0,0.0,10.984,643.0,20/40/60結構佳｜續強品質佳｜主力佈局語意,起漲前優先,v266.61,2026-10-01 01:22:44,8.0,洗盤不破承接,無事件,等待下一次確認。,5.787,743,v266.62,2026-10-01 01:22:46,24.0,0.0,18.0,0.0,-4.12,量能安靜｜洗盤整理不破｜主力吸籌文字確認,v266.68,2026-10-01 01:22:50,NOISE,雜訊：條件不足。,WATCH,571
2026-09-30,6292,WATCH,54,66.6,50-100,0.0,0,佈局觀察,波動壓縮 | 均線收斂 | 接近突破 | 結構尚可,True,False,False,True,False,True,11.0,A,起漲結構強,20D站上MA20｜MA20走平翻揚｜接近20日高｜40D平台收斂｜短中均線糾結｜40D低點守住｜接近/站回MA60｜MA60不再下彎｜站回60D區間中上｜近5日量縮,平台壓縮後轉強，可優先觀察起漲/試單。,v266.57.9,11.0,無原分數欄位｜僅顯示結構前置分數,137.0,7.8,A,續強品質強,回檔不破前低｜低點墊高確認｜收盤守MA5｜回測守MA10｜回檔量縮｜仍站MA20,回檔承接尚可，若原策略入選，可優先觀察延續。,v266.57.9,9.05,0.55,0.5,GENERIC,測試排序分=原分數+結構前置分*策略權重+續強品質*策略權重；不覆蓋原策略,199.0,-1.0,D,突破不足,扣分:收盤位置偏弱,尚未形成乾淨突破，不急著升級。,v266.57.9,WATCH,0.55,0.35,0.75,8.03,594.0,最後後處理補寫：原分數+結構前置+續強品質+突破品質；不覆蓋原策略,0.0,,一般,6.585,v266.58.1,2026-10-01 01:22:38,觀察,0,-5,降級風險,前狀態:突破中→今日:觀察｜狀態降級,RISK,v266.60.2,4.835,30.0,0.0,0.0,15.0,4.771,800.0,20/40/60結構佳｜續強品質佳｜主力佈局語意｜風險語意扣分,過熱降權,v266.61,2026-10-01 01:22:44,8.0,洗盤不破承接,無事件,等待下一次確認。,5.784,744,v266.62,2026-10-01 01:22:46,24.0,0.0,18.0,0.0,-4.12,量能安靜｜洗盤整理不破｜主力吸籌文字確認,v266.68,2026-10-01 01:22:50,NOISE,雜訊：條件不足。,WATCH,572
2026-09-30,7717,WATCH,54,604.0,500-1000,0.0,0,佈局觀察,波動壓縮 | 均線收斂 | 接近突破 | 結構尚可,True,False,False,True,False,True,9.5,A,起漲結構強,20D站上MA20｜MA20走平翻揚｜接近20日高｜短中均線糾結｜40D低點守住｜接近/站回MA60｜MA60不再下彎｜站回60D區間中上｜近5日量縮,平台壓縮後轉強，可優先觀察起漲/試單。,v266.57.9,7.5,無原分數欄位｜僅顯示結構前置分數,699.0,8.0,A,續強品質強,回檔不破前低｜低點墊高確認｜收盤守MA5｜續強確認：收盤未跌破MA5｜回檔量縮｜仍站MA20,回檔承接尚可，若原策略入選，可優先觀察延續。,v266.57.9,6.375,0.55,0.5,GENERIC,測試排序分=原分數+結構前置分*策略權重+續強品質*策略權重；不覆蓋原策略,691.0,0.0,D,突破不足,,尚未形成乾淨突破，不急著升級。,v266.57.9,WATCH,0.55,0.35,0.75,8.025,595.0,最後後處理補寫：原分數+結構前置+續強品質+突破品質；不覆蓋原策略,0.0,,一般,6.58,v266.58.1,2026-10-01 01:22:38,觀察,0,-5,降級風險,前狀態:突破中→今日:觀察｜狀態降級,RISK,v266.60.2,4.83,30.0,0.0,0.0,15.0,4.771,800.0,20/40/60結構佳｜續強品質佳｜主力佈局語意｜風險語意扣分,過熱降權,v266.61,2026-10-01 01:22:44,8.0,洗盤不破承接,無事件,等待下一次確認。,5.781,745,v266.62,2026-10-01 01:22:46,24.0,0.0,18.0,0.0,-4.12,量能安靜｜洗盤整理不破｜主力吸籌文字確認,v266.68,2026-10-01 01:22:50,NOISE,雜訊：條件不足。,WATCH,573
2026-09-30,3675,WATCH,54,330.0,100-500,0.0,0,佈局觀察,波動壓縮 | 均線收斂 | 接近突破 | 結構尚可,True,False,False,True,False,True,10.0,A,起漲結構強,20D站上MA20｜MA20走平翻揚｜MA5站上MA10｜接近20日高｜40D平台收斂｜短中均線糾結｜40D低點守住｜接近/站回MA60｜站回60D區間中上,平台壓縮後轉強，可優先觀察起漲/試單。,v266.57.9,10.0,無原分數欄位｜僅顯示結構前置分數,253.0,7.5,A,續強品質強,回檔不破前低｜低點墊高確認｜收盤守MA5｜回測守MA10｜MA5仍在MA10上｜仍站MA20,回檔承接尚可，若原策略入選，可優先觀察延續。,v266.57.9,8.35,0.55,0.5,GENERIC,測試排序分=原分數+結構前置分*策略權重+續強品質*策略權重；不覆蓋原策略,313.0,-0.2,D,突破不足,短均多頭｜扣分:收盤位置偏弱,尚未形成乾淨突破，不急著升級。,v266.57.9,WATCH,0.55,0.35,0.75,7.975,605.0,最後後處理補寫：原分數+結構前置+續強品質+突破品質；不覆蓋原策略,0.0,,一般,6.539,v266.58.1,2026-10-01 01:22:38,觀察,0,-5,降級風險,前狀態:突破中→今日:觀察｜狀態降級,RISK,v266.60.2,4.789,30.0,0.0,0.0,15.0,4.766,802.0,20/40/60結構佳｜續強品質佳｜主力佈局語意｜風險語意扣分,過熱降權,v266.61,2026-10-01 01:22:44,8.0,洗盤不破承接,無事件,等待下一次確認。,5.752,746,v266.62,2026-10-01 01:22:46,24.0,0.0,18.0,0.0,-4.12,量能安靜｜洗盤整理不破｜主力吸籌文字確認,v266.68,2026-10-01 01:22:50,NOISE,雜訊：條件不足。,WATCH,574
2026-09-30,8034,WATCH,54,20.35,50以下,0.0,0,佈局觀察,波動壓縮 | 均線收斂 | 接近突破 | 結構尚可,True,False,False,True,False,True,9.0,A,起漲結構強,20D站上MA20｜MA20走平翻揚｜MA5站上MA10｜40D平台收斂｜短中均線糾結｜40D低點守住｜接近/站回MA60｜站回60D區間中上,平台壓縮後轉強，可優先觀察起漲/試單。,v266.57.9,7.0,無原分數欄位｜僅顯示結構前置分數,710.0,9.0,A,續強品質強,回檔不破前低｜低點墊高確認｜收盤守MA5｜回測守MA10｜回檔量縮｜MA5仍在MA10上｜仍站MA20,回檔承接尚可，若原策略入選，可優先觀察延續。,v266.57.9,6.7,0.55,0.5,GENERIC,測試排序分=原分數+結構前置分*策略權重+續強品質*策略權重；不覆蓋原策略,643.0,-0.2,D,突破不足,MA5加速上彎｜短均多頭｜扣分:收盤位置偏弱、上影偏長,尚未形成乾淨突破，不急著升級。,v266.57.9,WATCH,0.55,0.35,0.75,7.95,611.0,最後後處理補寫：原分數+結構前置+續強品質+突破品質；不覆蓋原策略,0.0,,一般,6.519,v266.58.1,2026-10-01 01:22:38,觀察,0,-5,降級風險,前狀態:突破中→今日:觀察｜狀態降級,RISK,v266.60.2,4.769,30.0,0.0,0.0,15.0,4.764,803.0,20/40/60結構佳｜續強品質佳｜主力佈局語意｜風險語意扣分,過熱降權,v266.61,2026-10-01 01:22:44,8.0,洗盤不破承接,無事件,等待下一次確認。,5.738,747,v266.62,2026-10-01 01:22:46,24.0,0.0,18.0,0.0,-4.12,量能安靜｜洗盤整理不破｜主力吸籌文字確認,v266.68,2026-10-01 01:22:50,NOISE,雜訊：條件不足。,WATCH,575
2026-09-30,4205,WATCH,54,68.5,50-100,0.0,0,佈局觀察,波動壓縮 | 均線收斂 | 接近突破 | 結構尚可,True,False,False,True,False,True,7.0,B,起漲結構中,MA20走平翻揚｜接近20日高｜40D平台收斂｜短中均線糾結｜40D低點守住｜接近/站回MA60,平台壓縮後轉強，可優先觀察起漲/試單。,v266.57.9,7.0,無原分數欄位｜僅顯示結構前置分數,710.0,5.5,B,續強品質中,回檔不破前低｜低點墊高確認｜收盤守MA5｜續強確認：收盤未跌破MA5,回檔承接尚可，若原策略入選，可優先觀察延續。,v266.57.9,5.6,0.55,0.5,GENERIC,測試排序分=原分數+結構前置分*策略權重+續強品質*策略權重；不覆蓋原策略,802.0,,,,,,,WATCH,0.55,0.35,0.75,5.775,834.0,最後後處理補寫：原分數+結構前置+續強品質+突破品質；不覆蓋原策略,0.0,,一般,4.736,v266.58.1,2026-10-01 01:22:38,觀察,0,0,持續觀察,前狀態:觀察→今日:觀察,NO,v266.60.2,4.736,30.0,0.0,0.0,0.0,10.974,644.0,20/40/60結構佳｜續強品質佳｜主力佈局語意,起漲前優先,v266.61,2026-10-01 01:22:44,8.0,洗盤不破承接,無事件,等待下一次確認。,5.715,748,v266.62,2026-10-01 01:22:46,24.0,0.0,18.0,0.0,-4.12,量能安靜｜洗盤整理不破｜主力吸籌文字確認,v266.68,2026-10-01 01:22:50,NOISE,雜訊：條件不足。,WATCH,576
2026-09-30,1229,WATCH,54,39.9,50以下,0.0,0,佈局觀察,波動壓縮 | 均線收斂 | 接近突破 | 結構尚可,True,False,False,True,False,True,7.0,B,起漲結構中,40D平台收斂｜短中均線糾結｜40D低點守住｜接近/站回MA60｜量縮後溫和放量,平台壓縮後轉強，可優先觀察起漲/試單。,v266.57.9,7.0,無原分數欄位｜僅顯示結構前置分數,710.0,5.5,B,續強品質中,回檔不破前低｜低點墊高確認｜收盤守MA5｜續強確認：收盤未跌破MA5,回檔承接尚可，若原策略入選，可優先觀察延續。,v266.57.9,5.6,0.55,0.5,GENERIC,測試排序分=原分數+結構前置分*策略權重+續強品質*策略權重；不覆蓋原策略,802.0,0.0,D,突破不足,,尚未形成乾淨突破，不急著升級。,v266.57.9,WATCH,0.55,0.35,0.75,5.775,834.0,最後後處理補寫：原分數+結構前置+續強品質+突破品質；不覆蓋原策略,0.0,,一般,4.736,v266.58.1,2026-10-01 01:22:38,觀察,0,0,持續觀察,前狀態:觀察→今日:觀察,NO,v266.60.2,4.736,30.0,0.0,0.0,0.0,10.974,644.0,20/40/60結構佳｜續強品質佳｜主力佈局語意,起漲前優先,v266.61,2026-10-01 01:22:44,8.0,洗盤不破承接,無事件,等待下一次確認。,5.715,749,v266.62,2026-10-01 01:22:46,24.0,0.0,18.0,0.0,-4.12,量能安靜｜洗盤整理不破｜主力吸籌文字確認,v266.68,2026-10-01 01:22:50,NOISE,雜訊：條件不足。,WATCH,577
2026-09-30,6616,WATCH,54,8.18,50以下,0.0,0,佈局觀察,波動壓縮 | 均線收斂 | 接近突破 | 結構尚可,True,False,False,True,False,True,7.0,B,起漲結構中,MA20走平翻揚｜接近20日高｜40D平台收斂｜短中均線糾結｜40D低點守住｜接近/站回MA60,平台壓縮後轉強，可優先觀察起漲/試單。,v266.57.9,7.0,無原分數欄位｜僅顯示結構前置分數,710.0,5.5,B,續強品質中,回檔不破前低｜低點墊高確認｜收盤守MA5｜續強確認：收盤未跌破MA5,回檔承接尚可，若原策略入選，可優先觀察延續。,v266.57.9,5.6,0.55,0.5,GENERIC,測試排序分=原分數+結構前置分*策略權重+續強品質*策略權重；不覆蓋原策略,802.0,0.0,D,突破不足,,尚未形成乾淨突破，不急著升級。,v266.57.9,WATCH,0.55,0.35,0.75,5.775,834.0,最後後處理補寫：原分數+結構前置+續強品質+突破品質；不覆蓋原策略,0.0,,一般,4.736,v266.58.1,2026-10-01 01:22:38,觀察,0,0,持續觀察,前狀態:觀察→今日:觀察,NO,v266.60.2,4.736,30.0,0.0,0.0,0.0,10.974,644.0,20/40/60結構佳｜續強品質佳｜主力佈局語意,起漲前優先,v266.61,2026-10-01 01:22:44,8.0,洗盤不破承接,無事件,等待下一次確認。,5.715,750,v266.62,2026-10-01 01:22:46,24.0,0.0,18.0,0.0,-4.12,量能安靜｜洗盤整理不破｜主力吸籌文字確認,v266.68,2026-10-01 01:22:50,NOISE,雜訊：條件不足。,WATCH,578
2026-09-30,2915,WATCH,54,58.8,50-100,0.0,0,佈局觀察,波動壓縮 | 均線收斂 | 接近突破 | 結構尚可,True,False,False,True,False,True,11.8,A,起漲結構強,20D站上MA20｜MA20走平翻揚｜MA5站上MA10｜接近20日高｜40D平台收斂｜短中均線糾結｜40D低點守住｜接近/站回MA60｜MA60不再下彎｜站回60D區間中上｜10D動能轉正,平台壓縮後轉強，可優先觀察起漲/試單。,v266.57.9,9.8,無原分數欄位｜僅顯示結構前置分數,346.0,7.0,A,續強品質強,回檔不破前低｜低點墊高確認｜回測守MA10｜MA5仍在MA10上｜仍站MA20｜10D動能維持,回檔承接尚可，若原策略入選，可優先觀察延續。,v266.57.9,7.64,0.55,0.5,GENERIC,測試排序分=原分數+結構前置分*策略權重+續強品質*策略權重；不覆蓋原策略,483.0,-1.4,D,突破不足,短均多頭｜扣分:收盤位置偏弱、上影偏長,尚未形成乾淨突破，不急著升級。,v266.57.9,WATCH,0.55,0.35,0.75,7.89,615.0,最後後處理補寫：原分數+結構前置+續強品質+突破品質；不覆蓋原策略,0.0,,一般,6.47,v266.58.1,2026-10-01 01:22:38,觀察,0,-5,降級風險,前狀態:突破中→今日:觀察｜狀態降級,RISK,v266.60.2,4.72,30.0,0.0,0.0,15.0,4.76,804.0,20/40/60結構佳｜續強品質佳｜主力佈局語意｜風險語意扣分,過熱降權,v266.61,2026-10-01 01:22:44,8.0,洗盤不破承接,無事件,等待下一次確認。,5.704,751,v266.62,2026-10-01 01:22:46,24.0,0.0,18.0,0.0,-4.12,量能安靜｜洗盤整理不破｜主力吸籌文字確認,v266.68,2026-10-01 01:22:50,NOISE,雜訊：條件不足。,WATCH,579
2026-09-30,1452,WATCH,54,10.8,50以下,0.0,0,佈局觀察,波動壓縮 | 均線收斂 | 接近突破 | 結構尚可,True,False,False,True,False,True,6.0,B,起漲結構中,40D平台收斂｜短中均線糾結｜40D低點守住｜MA60不再下彎｜近5日量縮,平台壓縮後轉強，可優先觀察起漲/試單。,v266.57.9,6.0,無原分數欄位｜僅顯示結構前置分數,828.0,7.0,A,續強品質強,回檔不破前低｜低點墊高確認｜收盤守MA5｜續強確認：收盤未跌破MA5｜回檔量縮,回檔承接尚可，若原策略入選，可優先觀察延續。,v266.57.9,5.8,0.55,0.5,GENERIC,測試排序分=原分數+結構前置分*策略權重+續強品質*策略權重；不覆蓋原策略,781.0,0.0,D,突破不足,,尚未形成乾淨突破，不急著升級。,v266.57.9,WATCH,0.55,0.35,0.75,5.75,839.0,最後後處理補寫：原分數+結構前置+續強品質+突破品質；不覆蓋原策略,0.0,,一般,4.715,v266.58.1,2026-10-01 01:22:38,觀察,0,0,持續觀察,前狀態:觀察→今日:觀察,NO,v266.60.2,4.715,30.0,0.0,0.0,0.0,10.971,647.0,20/40/60結構佳｜續強品質佳｜主力佈局語意,起漲前優先,v266.61,2026-10-01 01:22:44,8.0,洗盤不破承接,無事件,等待下一次確認。,5.7,752,v266.62,2026-10-01 01:22:46,24.0,0.0,18.0,0.0,-4.12,量能安靜｜洗盤整理不破｜主力吸籌文字確認,v266.68,2026-10-01 01:22:50,NOISE,雜訊：條件不足。,WATCH,580
2026-09-30,7402,WATCH,54,101.0,100-500,0.0,0,佈局觀察,波動壓縮 | 均線收斂 | 接近突破 | 結構尚可,True,False,False,True,False,True,6.0,B,起漲結構中,MA20走平翻揚｜40D平台收斂｜短中均線糾結｜40D低點守住｜接近/站回MA60,平台壓縮後轉強，可優先觀察起漲/試單。,v266.57.9,4.0,無原分數欄位｜僅顯示結構前置分數,931.0,7.0,A,續強品質強,回檔不破前低｜低點墊高確認｜收盤守MA5｜續強確認：收盤未跌破MA5｜回檔量縮,回檔承接尚可，若原策略入選，可優先觀察延續。,v266.57.9,3.95,0.55,0.5,GENERIC,測試排序分=原分數+結構前置分*策略權重+續強品質*策略權重；不覆蓋原策略,920.0,0.0,D,突破不足,,尚未形成乾淨突破，不急著升級。,v266.57.9,WATCH,0.55,0.35,0.75,5.75,839.0,最後後處理補寫：原分數+結構前置+續強品質+突破品質；不覆蓋原策略,0.0,,一般,4.715,v266.58.1,2026-10-01 01:22:38,觀察,0,0,持續觀察,前狀態:觀察→今日:觀察,NO,v266.60.2,4.715,30.0,0.0,0.0,0.0,10.971,647.0,20/40/60結構佳｜續強品質佳｜主力佈局語意,起漲前優先,v266.61,2026-10-01 01:22:44,8.0,洗盤不破承接,無事件,等待下一次確認。,5.7,753,v266.62,2026-10-01 01:22:46,24.0,0.0,18.0,0.0,-4.12,量能安靜｜洗盤整理不破｜主力吸籌文字確認,v266.68,2026-10-01 01:22:50,NOISE,雜訊：條件不足。,WATCH,581
2026-09-30,5345,WATCH,54,21.5,50以下,0.0,0,佈局觀察,波動壓縮 | 均線收斂 | 接近突破 | 結構尚可,True,False,False,True,False,True,6.0,B,起漲結構中,MA20走平翻揚｜40D平台收斂｜短中均線糾結｜40D低點守住｜接近/站回MA60,平台壓縮後轉強，可優先觀察起漲/試單。,v266.57.9,6.0,無原分數欄位｜僅顯示結構前置分數,828.0,7.0,A,續強品質強,回檔不破前低｜低點墊高確認｜收盤守MA5｜續強確認：收盤未跌破MA5｜回檔量縮,回檔承接尚可，若原策略入選，可優先觀察延續。,v266.57.9,5.8,0.55,0.5,GENERIC,測試排序分=原分數+結構前置分*策略權重+續強品質*策略權重；不覆蓋原策略,781.0,0.0,D,突破不足,,尚未形成乾淨突破，不急著升級。,v266.57.9,WATCH,0.55,0.35,0.75,5.75,839.0,最後後處理補寫：原分數+結構前置+續強品質+突破品質；不覆蓋原策略,0.0,,一般,4.715,v266.58.1,2026-10-01 01:22:38,觀察,0,0,持續觀察,前狀態:觀察→今日:觀察,NO,v266.60.2,4.715,30.0,0.0,0.0,0.0,10.971,647.0,20/40/60結構佳｜續強品質佳｜主力佈局語意,起漲前優先,v266.61,2026-10-01 01:22:44,8.0,洗盤不破承接,無事件,等待下一次確認。,5.7,754,v266.62,2026-10-01 01:22:46,24.0,0.0,18.0,0.0,-4.12,量能安靜｜洗盤整理不破｜主力吸籌文字確認,v266.68,2026-10-01 01:22:50,NOISE,雜訊：條件不足。,WATCH,582
2026-09-30,4153,WATCH,54,31.45,50以下,0.0,0,佈局觀察,波動壓縮 | 均線收斂 | 接近突破 | 結構尚可,True,False,False,True,False,True,7.0,B,起漲結構中,MA20走平翻揚｜40D平台收斂｜短中均線糾結｜40D低點守住｜接近/站回MA60｜MA60不再下彎,平台壓縮後轉強，可優先觀察起漲/試單。,v266.57.9,5.0,無原分數欄位｜僅顯示結構前置分數,907.0,5.3,B,續強品質中,回檔不破前低｜低點墊高確認｜收盤守MA5｜回測守MA10,回檔承接尚可，若原策略入選，可優先觀察延續。,v266.57.9,3.75,0.55,0.5,GENERIC,測試排序分=原分數+結構前置分*策略權重+續強品質*策略權重；不覆蓋原策略,929.0,0.0,D,突破不足,,尚未形成乾淨突破，不急著升級。,v266.57.9,WATCH,0.55,0.35,0.75,5.705,843.0,最後後處理補寫：原分數+結構前置+續強品質+突破品質；不覆蓋原策略,0.0,,一般,4.678,v266.58.1,2026-10-01 01:22:38,觀察,0,0,持續觀察,前狀態:觀察→今日:觀察,NO,v266.60.2,4.678,30.0,0.0,0.0,0.0,10.968,650.0,20/40/60結構佳｜續強品質佳｜主力佈局語意,起漲前優先,v266.61,2026-10-01 01:22:44,8.0,洗盤不破承接,無事件,等待下一次確認。,5.675,755,v266.62,2026-10-01 01:22:46,24.0,0.0,18.0,0.0,-4.12,量能安靜｜洗盤整理不破｜主力吸籌文字確認,v266.68,2026-10-01 01:22:50,NOISE,雜訊：條件不足。,WATCH,583
2026-09-30,6762,WATCH,54,158.0,100-500,0.0,0,佈局觀察,波動壓縮 | 均線收斂 | 接近突破 | 結構尚可,True,False,False,True,False,True,7.0,B,起漲結構中,MA20走平翻揚｜40D平台收斂｜短中均線糾結｜40D低點守住｜接近/站回MA60｜MA60不再下彎,平台壓縮後轉強，可優先觀察起漲/試單。,v266.57.9,7.0,無原分數欄位｜僅顯示結構前置分數,710.0,5.3,B,續強品質中,回檔不破前低｜低點墊高確認｜收盤守MA5｜回測守MA10,回檔承接尚可，若原策略入選，可優先觀察延續。,v266.57.9,5.6,0.55,0.5,GENERIC,測試排序分=原分數+結構前置分*策略權重+續強品質*策略權重；不覆蓋原策略,802.0,,,,,,,WATCH,0.55,0.35,0.75,5.705,843.0,最後後處理補寫：原分數+結構前置+續強品質+突破品質；不覆蓋原策略,0.0,,一般,4.678,v266.58.1,2026-10-01 01:22:38,觀察,0,0,持續觀察,前狀態:觀察→今日:觀察,NO,v266.60.2,4.678,30.0,0.0,0.0,0.0,10.968,650.0,20/40/60結構佳｜續強品質佳｜主力佈局語意,起漲前優先,v266.61,2026-10-01 01:22:44,8.0,洗盤不破承接,無事件,等待下一次確認。,5.675,756,v266.62,2026-10-01 01:22:46,24.0,0.0,18.0,0.0,-4.12,量能安靜｜洗盤整理不破｜主力吸籌文字確認,v266.68,2026-10-01 01:22:50,NOISE,雜訊：條件不足。,WATCH,584
2026-09-30,6151,WATCH,54,34.75,50以下,0.0,0,佈局觀察,波動壓縮 | 均線收斂 | 接近突破 | 結構尚可,True,False,False,True,False,True,7.0,B,起漲結構中,MA20走平翻揚｜接近20日高｜40D平台收斂｜短中均線糾結｜40D低點守住｜接近/站回MA60,平台壓縮後轉強，可優先觀察起漲/試單。,v266.57.9,7.0,無原分數欄位｜僅顯示結構前置分數,710.0,5.3,B,續強品質中,回檔不破前低｜低點墊高確認｜收盤守MA5｜回測守MA10,回檔承接尚可，若原策略入選，可優先觀察延續。,v266.57.9,5.6,0.55,0.5,GENERIC,測試排序分=原分數+結構前置分*策略權重+續強品質*策略權重；不覆蓋原策略,802.0,0.0,D,突破不足,,尚未形成乾淨突破，不急著升級。,v266.57.9,WATCH,0.55,0.35,0.75,5.705,843.0,最後後處理補寫：原分數+結構前置+續強品質+突破品質；不覆蓋原策略,0.0,,一般,4.678,v266.58.1,2026-10-01 01:22:38,觀察,0,0,持續觀察,前狀態:觀察→今日:觀察,NO,v266.60.2,4.678,30.0,0.0,0.0,0.0,10.968,650.0,20/40/60結構佳｜續強品質佳｜主力佈局語意,起漲前優先,v266.61,2026-10-01 01:22:44,8.0,洗盤不破承接,無事件,等待下一次確認。,5.675,757,v266.62,2026-10-01 01:22:46,24.0,0.0,18.0,0.0,-4.12,量能安靜｜洗盤整理不破｜主力吸籌文字確認,v266.68,2026-10-01 01:22:50,NOISE,雜訊：條件不足。,WATCH,585
2026-05-21,3426,WATCH,54,47.7,50以下,0.0,0,佈局觀察,波動壓縮 | 均線收斂 | 接近突破 | 結構尚可,True,False,False,True,False,True,10.8,A,起漲結構強,20D站上MA20｜MA20走平翻揚｜接近20日高｜40D平台收斂｜短中均線糾結｜40D低點守住｜接近/站回MA60｜MA60不再下彎｜站回60D區間中上｜5D動能轉正,平台壓縮後轉強，可優先觀察起漲/試單。,v266.57.9,10.8,無原分數欄位｜僅顯示結構前置分數,197.0,5.3,B,續強品質中,回檔不破前低｜低點墊高確認｜收盤守MA5｜續強確認：收盤未跌破MA5｜仍站MA20｜扣分:回檔量放大,回檔承接尚可，若原策略入選，可優先觀察延續。,v266.57.9,7.59,0.55,0.5,GENERIC,測試排序分=原分數+結構前置分*策略權重+續強品質*策略權重；不覆蓋原策略,486.0,,,,,,,WATCH,0.55,0.35,0.75,7.795,620.0,最後後處理補寫：原分數+結構前置+續強品質+突破品質；不覆蓋原策略,0.0,,一般,6.392,v266.58.1,2026-10-01 01:22:38,觀察,0,-5,降級風險,前狀態:突破中→今日:觀察｜狀態降級,RISK,v266.60.2,4.642,30.0,0.0,0.0,15.0,4.752,805.0,20/40/60結構佳｜續強品質佳｜主力佈局語意｜風險語意扣分,過熱降權,v266.61,2026-10-01 01:22:44,8.0,洗盤不破承接,無事件,等待下一次確認。,5.649,758,v266.62,2026-10-01 01:22:46,24.0,0.0,18.0,0.0,-4.12,量能安靜｜洗盤整理不破｜主力吸籌文字確認,v266.68,2026-10-01 01:22:50,NOISE,雜訊：條件不足。,WATCH,586
2026-09-30,6952,WATCH,54,38.8,50以下,0.0,0,佈局觀察,波動壓縮 | 均線收斂 | 接近突破 | 結構尚可,True,False,False,True,False,True,10.0,A,起漲結構強,20D站上MA20｜MA20走平翻揚｜接近20日高｜40D平台收斂｜短中均線糾結｜40D低點守住｜接近/站回MA60｜MA60不再下彎｜站回60D區間中上,平台壓縮後轉強，可優先觀察起漲/試單。,v266.57.9,10.0,無原分數欄位｜僅顯示結構前置分數,253.0,6.5,B,續強品質中,回檔不破前低｜低點墊高確認｜收盤守MA5｜續強確認：收盤未跌破MA5｜仍站MA20,回檔承接尚可，若原策略入選，可優先觀察延續。,v266.57.9,7.75,0.55,0.5,GENERIC,測試排序分=原分數+結構前置分*策略權重+續強品質*策略權重；不覆蓋原策略,463.0,,,,,,,WATCH,0.55,0.35,0.75,7.775,621.0,最後後處理補寫：原分數+結構前置+續強品質+突破品質；不覆蓋原策略,0.0,,一般,6.376,v266.58.1,2026-10-01 01:22:38,觀察,0,-5,降級風險,前狀態:突破中→今日:觀察｜狀態降級,RISK,v266.60.2,4.626,30.0,0.0,0.0,15.0,4.75,806.0,20/40/60結構佳｜續強品質佳｜主力佈局語意｜風險語意扣分,過熱降權,v266.61,2026-10-01 01:22:44,8.0,洗盤不破承接,無事件,等待下一次確認。,5.638,759,v266.62,2026-10-01 01:22:46,24.0,0.0,18.0,0.0,-4.12,量能安靜｜洗盤整理不破｜主力吸籌文字確認,v266.68,2026-10-01 01:22:50,NOISE,雜訊：條件不足。,WATCH,587
2026-09-30,4767,WATCH,54,28.2,50以下,0.0,0,佈局觀察,波動壓縮 | 均線收斂 | 接近突破 | 結構尚可,True,False,False,True,False,True,9.0,A,起漲結構強,20D站上MA20｜40D平台收斂｜短中均線糾結｜40D低點守住｜接近/站回MA60｜MA60不再下彎｜站回60D區間中上｜近5日量縮,平台壓縮後轉強，可優先觀察起漲/試單。,v266.57.9,9.0,無原分數欄位｜僅顯示結構前置分數,391.0,8.0,A,續強品質強,回檔不破前低｜低點墊高確認｜收盤守MA5｜續強確認：收盤未跌破MA5｜回檔量縮｜仍站MA20,回檔承接尚可，若原策略入選，可優先觀察延續。,v266.57.9,7.95,0.55,0.5,GENERIC,測試排序分=原分數+結構前置分*策略權重+續強品質*策略權重；不覆蓋原策略,387.0,0.0,D,突破不足,,尚未形成乾淨突破，不急著升級。,v266.57.9,WATCH,0.55,0.35,0.75,7.75,624.0,最後後處理補寫：原分數+結構前置+續強品質+突破品質；不覆蓋原策略,0.0,,一般,6.355,v266.58.1,2026-10-01 01:22:38,觀察,0,-5,降級風險,前狀態:突破中→今日:觀察｜狀態降級,RISK,v266.60.2,4.605,30.0,0.0,0.0,15.0,4.748,807.0,20/40/60結構佳｜續強品質佳｜主力佈局語意｜風險語意扣分,過熱降權,v266.61,2026-10-01 01:22:44,8.0,洗盤不破承接,無事件,等待下一次確認。,5.624,760,v266.62,2026-10-01 01:22:46,24.0,0.0,18.0,0.0,-4.12,量能安靜｜洗盤整理不破｜主力吸籌文字確認,v266.68,2026-10-01 01:22:50,NOISE,雜訊：條件不足。,WATCH,588
2026-09-30,1532,WATCH,54,22.3,50以下,0.0,0,佈局觀察,波動壓縮 | 均線收斂 | 接近突破 | 結構尚可,True,False,False,True,False,True,7.0,B,起漲結構中,40D平台收斂｜短中均線糾結｜40D低點守住｜接近/站回MA60｜MA60不再下彎｜站回60D區間中上,平台壓縮後轉強，可優先觀察起漲/試單。,v266.57.9,7.0,無原分數欄位｜僅顯示結構前置分數,710.0,5.0,B,續強品質中,回檔不破前低｜低點墊高確認｜收盤守MA5｜回檔量縮｜扣分:跌破短均,回檔承接尚可，若原策略入選，可優先觀察延續。,v266.57.9,6.35,0.55,0.5,GENERIC,測試排序分=原分數+結構前置分*策略權重+續強品質*策略權重；不覆蓋原策略,693.0,0.0,D,突破不足,,尚未形成乾淨突破，不急著升級。,v266.57.9,WATCH,0.55,0.35,0.75,5.6,854.0,最後後處理補寫：原分數+結構前置+續強品質+突破品質；不覆蓋原策略,0.0,,一般,4.592,v266.58.1,2026-10-01 01:22:38,觀察,0,0,持續觀察,前狀態:觀察→今日:觀察,NO,v266.60.2,4.592,30.0,0.0,0.0,0.0,10.959,653.0,20/40/60結構佳｜續強品質佳｜主力佈局語意,起漲前優先,v266.61,2026-10-01 01:22:44,8.0,洗盤不破承接,無事件,等待下一次確認。,5.614,761,v266.62,2026-10-01 01:22:46,24.0,0.0,18.0,0.0,-4.12,量能安靜｜洗盤整理不破｜主力吸籌文字確認,v266.68,2026-10-01 01:22:50,NOISE,雜訊：條件不足。,WATCH,589
2026-09-30,3118,WATCH,54,31.3,50以下,0.0,0,佈局觀察,波動壓縮 | 均線收斂 | 接近突破 | 結構尚可,True,False,False,True,False,True,8.0,A,起漲結構強,MA20走平翻揚｜接近20日高｜40D平台收斂｜短中均線糾結｜40D低點守住｜接近/站回MA60｜MA60不再下彎,平台壓縮後轉強，可優先觀察起漲/試單。,v266.57.9,8.0,無原分數欄位｜僅顯示結構前置分數,556.0,5.5,B,續強品質中,回檔不破前低｜低點墊高確認｜收盤守MA5｜續強確認：收盤未跌破MA5,回檔承接尚可，若原策略入選，可優先觀察延續。,v266.57.9,6.15,0.55,0.5,GENERIC,測試排序分=原分數+結構前置分*策略權重+續強品質*策略權重；不覆蓋原策略,729.0,-1.0,D,突破不足,扣分:收盤位置偏弱,尚未形成乾淨突破，不急著升級。,v266.57.9,WATCH,0.55,0.35,0.75,5.575,856.0,最後後處理補寫：原分數+結構前置+續強品質+突破品質；不覆蓋原策略,0.0,,一般,4.571,v266.58.1,2026-10-01 01:22:38,觀察,0,0,持續觀察,前狀態:觀察→今日:觀察,NO,v266.60.2,4.571,30.0,0.0,0.0,0.0,10.957,654.0,20/40/60結構佳｜續強品質佳｜主力佈局語意,起漲前優先,v266.61,2026-10-01 01:22:44,8.0,洗盤不破承接,無事件,等待下一次確認。,5.6,762,v266.62,2026-10-01 01:22:46,24.0,0.0,18.0,0.0,-4.12,量能安靜｜洗盤整理不破｜主力吸籌文字確認,v266.68,2026-10-01 01:22:50,NOISE,雜訊：條件不足。,WATCH,590
2026-09-30,8433,WATCH,54,52.8,50-100,0.0,0,佈局觀察,波動壓縮 | 均線收斂 | 接近突破 | 結構尚可,True,False,False,True,False,True,8.0,A,起漲結構強,MA20走平翻揚｜接近20日高｜40D平台收斂｜短中均線糾結｜40D低點守住｜接近/站回MA60｜MA60不再下彎,平台壓縮後轉強，可優先觀察起漲/試單。,v266.57.9,8.0,無原分數欄位｜僅顯示結構前置分數,556.0,5.5,B,續強品質中,回檔不破前低｜低點墊高確認｜收盤守MA5｜續強確認：收盤未跌破MA5,回檔承接尚可，若原策略入選，可優先觀察延續。,v266.57.9,6.15,0.55,0.5,GENERIC,測試排序分=原分數+結構前置分*策略權重+續強品質*策略權重；不覆蓋原策略,729.0,-1.0,D,突破不足,扣分:收盤位置偏弱,尚未形成乾淨突破，不急著升級。,v266.57.9,WATCH,0.55,0.35,0.75,5.575,856.0,最後後處理補寫：原分數+結構前置+續強品質+突破品質；不覆蓋原策略,0.0,,一般,4.571,v266.58.1,2026-10-01 01:22:38,觀察,0,0,持續觀察,前狀態:觀察→今日:觀察,NO,v266.60.2,4.571,30.0,0.0,0.0,0.0,10.957,654.0,20/40/60結構佳｜續強品質佳｜主力佈局語意,起漲前優先,v266.61,2026-10-01 01:22:44,8.0,洗盤不破承接,無事件,等待下一次確認。,5.6,763,v266.62,2026-10-01 01:22:46,24.0,0.0,18.0,0.0,-4.12,量能安靜｜洗盤整理不破｜主力吸籌文字確認,v266.68,2026-10-01 01:22:50,NOISE,雜訊：條件不足。,WATCH,591
2026-09-30,1593,WATCH,54,31.7,50以下,0.0,0,佈局觀察,波動壓縮 | 均線收斂 | 接近突破 | 結構尚可,True,False,False,True,False,True,10.0,A,起漲結構強,20D站上MA20｜MA20走平翻揚｜接近20日高｜40D平台收斂｜短中均線糾結｜40D低點守住｜接近/站回MA60｜MA60不再下彎｜站回60D區間中上,平台壓縮後轉強，可優先觀察起漲/試單。,v266.57.9,10.0,無原分數欄位｜僅顯示結構前置分數,253.0,6.3,B,續強品質中,回檔不破前低｜低點墊高確認｜收盤守MA5｜回測守MA10｜仍站MA20,回檔承接尚可，若原策略入選，可優先觀察延續。,v266.57.9,7.75,0.55,0.5,GENERIC,測試排序分=原分數+結構前置分*策略權重+續強品質*策略權重；不覆蓋原策略,463.0,,,,,,,WATCH,0.55,0.35,0.75,7.705,633.0,最後後處理補寫：原分數+結構前置+續強品質+突破品質；不覆蓋原策略,0.0,,一般,6.318,v266.58.1,2026-10-01 01:22:38,觀察,0,-5,降級風險,前狀態:突破中→今日:觀察｜狀態降級,RISK,v266.60.2,4.568,30.0,0.0,0.0,15.0,4.744,808.0,20/40/60結構佳｜續強品質佳｜主力佈局語意｜風險語意扣分,過熱降權,v266.61,2026-10-01 01:22:44,8.0,洗盤不破承接,無事件,等待下一次確認。,5.598,764,v266.62,2026-10-01 01:22:46,24.0,0.0,18.0,0.0,-4.12,量能安靜｜洗盤整理不破｜主力吸籌文字確認,v266.68,2026-10-01 01:22:50,NOISE,雜訊：條件不足。,WATCH,592
2026-09-30,4907,WATCH,54,45.0,50以下,0.0,0,佈局觀察,波動壓縮 | 均線收斂 | 接近突破 | 結構尚可,True,False,False,True,False,True,10.0,A,起漲結構強,20D站上MA20｜MA20走平翻揚｜40D平台收斂｜短中均線糾結｜40D低點守住｜接近/站回MA60｜MA60不再下彎｜站回60D區間中上｜近5日量縮,平台壓縮後轉強，可優先觀察起漲/試單。,v266.57.9,10.0,無原分數欄位｜僅顯示結構前置分數,253.0,6.3,B,續強品質中,回檔不破前低｜低點墊高確認｜收盤守MA5｜回測守MA10｜仍站MA20,回檔承接尚可，若原策略入選，可優先觀察延續。,v266.57.9,7.75,0.55,0.5,GENERIC,測試排序分=原分數+結構前置分*策略權重+續強品質*策略權重；不覆蓋原策略,463.0,0.0,D,突破不足,,尚未形成乾淨突破，不急著升級。,v266.57.9,WATCH,0.55,0.35,0.75,7.705,633.0,最後後處理補寫：原分數+結構前置+續強品質+突破品質；不覆蓋原策略,0.0,,一般,6.318,v266.58.1,2026-10-01 01:22:38,觀察,0,-5,降級風險,前狀態:突破中→今日:觀察｜狀態降級,RISK,v266.60.2,4.568,30.0,0.0,0.0,15.0,4.744,808.0,20/40/60結構佳｜續強品質佳｜主力佈局語意｜風險語意扣分,過熱降權,v266.61,2026-10-01 01:22:44,8.0,洗盤不破承接,無事件,等待下一次確認。,5.598,765,v266.62,2026-10-01 01:22:46,24.0,0.0,18.0,0.0,-4.12,量能安靜｜洗盤整理不破｜主力吸籌文字確認,v266.68,2026-10-01 01:22:50,NOISE,雜訊：條件不足。,WATCH,593
2026-09-30,1580,WATCH,54,97.1,50-100,0.0,0,佈局觀察,波動壓縮 | 均線收斂 | 接近突破 | 結構尚可,True,False,False,True,False,True,7.0,B,起漲結構中,MA20走平翻揚｜40D平台收斂｜短中均線糾結｜40D低點守住｜接近/站回MA60｜近5日量縮,平台壓縮後轉強，可優先觀察起漲/試單。,v266.57.9,7.0,無原分數欄位｜僅顯示結構前置分數,710.0,7.0,A,續強品質強,回檔不破前低｜低點墊高確認｜收盤守MA5｜續強確認：收盤未跌破MA5｜回檔量縮,回檔承接尚可，若原策略入選，可優先觀察延續。,v266.57.9,6.35,0.55,0.5,GENERIC,測試排序分=原分數+結構前置分*策略權重+續強品質*策略權重；不覆蓋原策略,693.0,-1.0,D,突破不足,扣分:收盤位置偏弱,尚未形成乾淨突破，不急著升級。,v266.57.9,WATCH,0.55,0.35,0.75,5.55,859.0,最後後處理補寫：原分數+結構前置+續強品質+突破品質；不覆蓋原策略,0.0,,一般,4.551,v266.58.1,2026-10-01 01:22:38,觀察,0,0,持續觀察,前狀態:觀察→今日:觀察,NO,v266.60.2,4.551,30.0,0.0,0.0,0.0,10.955,656.0,20/40/60結構佳｜續強品質佳｜主力佈局語意,起漲前優先,v266.61,2026-10-01 01:22:44,8.0,洗盤不破承接,無事件,等待下一次確認。,5.586,766,v266.62,2026-10-01 01:22:46,24.0,0.0,18.0,0.0,-4.12,量能安靜｜洗盤整理不破｜主力吸籌文字確認,v266.68,2026-10-01 01:22:50,NOISE,雜訊：條件不足。,WATCH,594
2026-09-30,8097,WATCH,54,48.5,50以下,0.0,0,佈局觀察,波動壓縮 | 均線收斂 | 接近突破 | 結構尚可,True,False,False,True,False,True,7.0,B,起漲結構中,MA20走平翻揚｜接近20日高｜40D平台收斂｜短中均線糾結｜40D低點守住｜接近/站回MA60,平台壓縮後轉強，可優先觀察起漲/試單。,v266.57.9,7.0,無原分數欄位｜僅顯示結構前置分數,710.0,7.0,A,續強品質強,回檔不破前低｜低點墊高確認｜收盤守MA5｜續強確認：收盤未跌破MA5｜回檔量縮,回檔承接尚可，若原策略入選，可優先觀察延續。,v266.57.9,6.35,0.55,0.5,GENERIC,測試排序分=原分數+結構前置分*策略權重+續強品質*策略權重；不覆蓋原策略,693.0,-1.0,D,突破不足,扣分:收盤位置偏弱,尚未形成乾淨突破，不急著升級。,v266.57.9,WATCH,0.55,0.35,0.75,5.55,859.0,最後後處理補寫：原分數+結構前置+續強品質+突破品質；不覆蓋原策略,0.0,,一般,4.551,v266.58.1,2026-10-01 01:22:38,觀察,0,0,持續觀察,前狀態:觀察→今日:觀察,NO,v266.60.2,4.551,30.0,0.0,0.0,0.0,10.955,656.0,20/40/60結構佳｜續強品質佳｜主力佈局語意,起漲前優先,v266.61,2026-10-01 01:22:44,8.0,洗盤不破承接,無事件,等待下一次確認。,5.586,767,v266.62,2026-10-01 01:22:46,24.0,0.0,18.0,0.0,-4.12,量能安靜｜洗盤整理不破｜主力吸籌文字確認,v266.68,2026-10-01 01:22:50,NOISE,雜訊：條件不足。,WATCH,595
2026-09-30,6929,WATCH,54,21.8,50以下,0.0,0,佈局觀察,波動壓縮 | 均線收斂 | 接近突破 | 結構尚可,True,False,False,True,False,True,7.0,B,起漲結構中,MA20走平翻揚｜接近20日高｜40D平台收斂｜短中均線糾結｜40D低點守住｜接近/站回MA60,平台壓縮後轉強，可優先觀察起漲/試單。,v266.57.9,7.0,無原分數欄位｜僅顯示結構前置分數,710.0,7.0,A,續強品質強,回檔不破前低｜低點墊高確認｜收盤守MA5｜續強確認：收盤未跌破MA5｜回檔量縮,回檔承接尚可，若原策略入選，可優先觀察延續。,v266.57.9,6.35,0.55,0.5,GENERIC,測試排序分=原分數+結構前置分*策略權重+續強品質*策略權重；不覆蓋原策略,693.0,-1.0,D,突破不足,扣分:收盤位置偏弱,尚未形成乾淨突破，不急著升級。,v266.57.9,WATCH,0.55,0.35,0.75,5.55,859.0,最後後處理補寫：原分數+結構前置+續強品質+突破品質；不覆蓋原策略,0.0,,一般,4.551,v266.58.1,2026-10-01 01:22:38,觀察,0,0,持續觀察,前狀態:觀察→今日:觀察,NO,v266.60.2,4.551,30.0,0.0,0.0,0.0,10.955,656.0,20/40/60結構佳｜續強品質佳｜主力佈局語意,起漲前優先,v266.61,2026-10-01 01:22:44,8.0,洗盤不破承接,無事件,等待下一次確認。,5.586,768,v266.62,2026-10-01 01:22:46,24.0,0.0,18.0,0.0,-4.12,量能安靜｜洗盤整理不破｜主力吸籌文字確認,v266.68,2026-10-01 01:22:50,NOISE,雜訊：條件不足。,WATCH,596
2026-09-30,2364,WATCH,54,65.0,50-100,0.0,0,佈局觀察,波動壓縮 | 均線收斂 | 接近突破 | 結構尚可,True,False,False,True,False,True,5.3,C,結構觀察,MA5站上MA10｜短中均線糾結｜MA60不再下彎｜近5日量縮｜10D動能轉正,結構證據不足，保留原策略但降低信心。,v266.57.9,5.3,無原分數欄位｜僅顯示結構前置分數,906.0,5.7,B,續強品質中,回檔不破前低｜低點墊高確認｜回檔量縮｜MA5仍在MA10上｜10D動能維持｜扣分:跌破短均,回檔承接尚可，若原策略入選，可優先觀察延續。,v266.57.9,5.265,0.55,0.5,GENERIC,測試排序分=原分數+結構前置分*策略權重+續強品質*策略權重；不覆蓋原策略,858.0,0.8,D,突破不足,短均多頭,尚未形成乾淨突破，不急著升級。,v266.57.9,WATCH,0.55,0.35,0.75,5.51,862.0,最後後處理補寫：原分數+結構前置+續強品質+突破品質；不覆蓋原策略,0.0,,一般,4.518,v266.58.1,2026-10-01 01:22:38,觀察,0,0,持續觀察,前狀態:觀察→今日:觀察,NO,v266.60.2,4.518,8.0,0.0,0.0,0.0,3.252,879.0,續強品質佳,觀察,v266.61,2026-10-01 01:22:44,8.0,洗盤不破承接,無事件,等待下一次確認。,5.563,769,v266.62,2026-10-01 01:22:46,24.0,0.0,18.0,0.0,-4.12,量能安靜｜洗盤整理不破｜主力吸籌文字確認,v266.68,2026-10-01 01:22:50,NOISE,雜訊：條件不足。,WATCH,597
2026-09-30,7811,WATCH,54,73.5,50-100,0.0,0,佈局觀察,波動壓縮 | 均線收斂 | 接近突破 | 結構尚可,True,False,False,True,False,True,9.0,A,起漲結構強,20D站上MA20｜MA20走平翻揚｜MA5站上MA10｜接近20日高｜40D平台收斂｜短中均線糾結｜40D低點守住｜接近/站回MA60,平台壓縮後轉強，可優先觀察起漲/試單。,v266.57.9,9.0,無原分數欄位｜僅顯示結構前置分數,391.0,7.7,A,續強品質強,回檔不破前低｜低點墊高確認｜收盤守MA5｜續強確認：收盤未跌破MA5｜MA5仍在MA10上｜仍站MA20,回檔承接尚可，若原策略入選，可優先觀察延續。,v266.57.9,7.8,0.55,0.5,GENERIC,測試排序分=原分數+結構前置分*策略權重+續強品質*策略權重；不覆蓋原策略,424.0,,,,,,,WATCH,0.55,0.35,0.75,7.645,645.0,最後後處理補寫：原分數+結構前置+續強品質+突破品質；不覆蓋原策略,0.0,,一般,6.269,v266.58.1,2026-10-01 01:22:38,觀察,0,-5,降級風險,前狀態:突破中→今日:觀察｜狀態降級,RISK,v266.60.2,4.519,30.0,0.0,0.0,15.0,4.739,810.0,20/40/60結構佳｜續強品質佳｜主力佈局語意｜風險語意扣分,過熱降權,v266.61,2026-10-01 01:22:44,8.0,洗盤不破承接,無事件,等待下一次確認。,5.563,770,v266.62,2026-10-01 01:22:46,24.0,0.0,18.0,0.0,-4.12,量能安靜｜洗盤整理不破｜主力吸籌文字確認,v266.68,2026-10-01 01:22:50,NOISE,雜訊：條件不足。,WATCH,598
2026-09-30,8409,WATCH,54,18.0,50以下,0.0,0,佈局觀察,波動壓縮 | 均線收斂 | 接近突破 | 結構尚可,True,False,False,True,False,True,8.0,A,起漲結構強,MA20走平翻揚｜接近20日高｜40D平台收斂｜短中均線糾結｜40D低點守住｜接近/站回MA60｜MA60不再下彎,平台壓縮後轉強，可優先觀察起漲/試單。,v266.57.9,8.0,無原分數欄位｜僅顯示結構前置分數,556.0,5.3,B,續強品質中,回檔不破前低｜低點墊高確認｜收盤守MA5｜回測守MA10,回檔承接尚可，若原策略入選，可優先觀察延續。,v266.57.9,6.15,0.55,0.5,GENERIC,測試排序分=原分數+結構前置分*策略權重+續強品質*策略權重；不覆蓋原策略,729.0,-1.0,D,突破不足,扣分:收盤位置偏弱,尚未形成乾淨突破，不急著升級。,v266.57.9,WATCH,0.55,0.35,0.75,5.505,863.0,最後後處理補寫：原分數+結構前置+續強品質+突破品質；不覆蓋原策略,0.0,,一般,4.514,v266.58.1,2026-10-01 01:22:38,觀察,0,0,持續觀察,前狀態:觀察→今日:觀察,NO,v266.60.2,4.514,30.0,0.0,0.0,0.0,10.951,659.0,20/40/60結構佳｜續強品質佳｜主力佈局語意,起漲前優先,v266.61,2026-10-01 01:22:44,8.0,洗盤不破承接,無事件,等待下一次確認。,5.56,771,v266.62,2026-10-01 01:22:46,24.0,0.0,18.0,0.0,-4.12,量能安靜｜洗盤整理不破｜主力吸籌文字確認,v266.68,2026-10-01 01:22:50,NOISE,雜訊：條件不足。,WATCH,599
2026-09-30,8077,WATCH,54,42.15,50以下,0.0,0,佈局觀察,波動壓縮 | 均線收斂 | 接近突破 | 結構尚可,True,False,False,True,False,True,7.0,B,起漲結構中,MA20走平翻揚｜MA5站上MA10｜40D平台收斂｜短中均線糾結｜40D低點守住｜接近/站回MA60,平台壓縮後轉強，可優先觀察起漲/試單。,v266.57.9,7.0,無原分數欄位｜僅顯示結構前置分數,710.0,5.0,B,續強品質中,回檔不破前低｜低點墊高確認｜回測守MA10｜MA5仍在MA10上,回檔承接尚可，若原策略入選，可優先觀察延續。,v266.57.9,5.85,0.55,0.5,GENERIC,測試排序分=原分數+結構前置分*策略權重+續強品質*策略權重；不覆蓋原策略,780.0,-0.2,D,突破不足,短均多頭｜扣分:收盤位置偏弱,尚未形成乾淨突破，不急著升級。,v266.57.9,WATCH,0.55,0.35,0.75,5.45,864.0,最後後處理補寫：原分數+結構前置+續強品質+突破品質；不覆蓋原策略,0.0,,一般,4.469,v266.58.1,2026-10-01 01:22:38,觀察,0,0,持續觀察,前狀態:觀察→今日:觀察,NO,v266.60.2,4.469,30.0,0.0,0.0,0.0,10.947,660.0,20/40/60結構佳｜續強品質佳｜主力佈局語意,起漲前優先,v266.61,2026-10-01 01:22:44,8.0,洗盤不破承接,無事件,等待下一次確認。,5.528,772,v266.62,2026-10-01 01:22:46,24.0,0.0,18.0,0.0,-4.12,量能安靜｜洗盤整理不破｜主力吸籌文字確認,v266.68,2026-10-01 01:22:50,NOISE,雜訊：條件不足。,WATCH,600
2026-09-30,4995,WATCH,54,50.5,50-100,0.0,0,佈局觀察,波動壓縮 | 均線收斂 | 接近突破 | 結構尚可,True,False,False,True,False,True,10.0,A,起漲結構強,20D站上MA20｜MA20走平翻揚｜接近20日高｜40D平台收斂｜短中均線糾結｜40D低點守住｜接近/站回MA60｜MA60不再下彎｜站回60D區間中上,平台壓縮後轉強，可優先觀察起漲/試單。,v266.57.9,10.0,無原分數欄位｜僅顯示結構前置分數,253.0,8.0,A,續強品質強,回檔不破前低｜低點墊高確認｜收盤守MA5｜續強確認：收盤未跌破MA5｜回檔量縮｜仍站MA20,回檔承接尚可，若原策略入選，可優先觀察延續。,v266.57.9,8.5,0.55,0.5,GENERIC,測試排序分=原分數+結構前置分*策略權重+續強品質*策略權重；不覆蓋原策略,289.0,-1.0,D,突破不足,扣分:收盤位置偏弱,尚未形成乾淨突破，不急著升級。,v266.57.9,WATCH,0.55,0.35,0.75,7.55,653.0,最後後處理補寫：原分數+結構前置+續強品質+突破品質；不覆蓋原策略,0.0,,一般,6.191,v266.58.1,2026-10-01 01:22:38,觀察,0,-5,降級風險,前狀態:突破中→今日:觀察｜狀態降級,RISK,v266.60.2,4.441,30.0,0.0,0.0,15.0,4.732,811.0,20/40/60結構佳｜續強品質佳｜主力佈局語意｜風險語意扣分,過熱降權,v266.61,2026-10-01 01:22:44,8.0,洗盤不破承接,無事件,等待下一次確認。,5.509,773,v266.62,2026-10-01 01:22:46,24.0,0.0,18.0,0.0,-4.12,量能安靜｜洗盤整理不破｜主力吸籌文字確認,v266.68,2026-10-01 01:22:50,NOISE,雜訊：條件不足。,WATCH,601
2026-09-30,6697,WATCH,54,41.3,50以下,0.0,0,佈局觀察,波動壓縮 | 均線收斂 | 接近突破 | 結構尚可,True,False,False,True,False,True,10.0,A,起漲結構強,20D站上MA20｜MA20走平翻揚｜接近20日高｜40D平台收斂｜短中均線糾結｜40D低點守住｜接近/站回MA60｜MA60不再下彎｜站回60D區間中上,平台壓縮後轉強，可優先觀察起漲/試單。,v266.57.9,10.0,無原分數欄位｜僅顯示結構前置分數,253.0,8.0,A,續強品質強,回檔不破前低｜低點墊高確認｜收盤守MA5｜續強確認：收盤未跌破MA5｜回檔量縮｜仍站MA20,回檔承接尚可，若原策略入選，可優先觀察延續。,v266.57.9,8.5,0.55,0.5,GENERIC,測試排序分=原分數+結構前置分*策略權重+續強品質*策略權重；不覆蓋原策略,289.0,-1.0,D,突破不足,扣分:收盤位置偏弱,尚未形成乾淨突破，不急著升級。,v266.57.9,WATCH,0.55,0.35,0.75,7.55,653.0,最後後處理補寫：原分數+結構前置+續強品質+突破品質；不覆蓋原策略,0.0,,一般,6.191,v266.58.1,2026-10-01 01:22:38,觀察,0,-5,降級風險,前狀態:突破中→今日:觀察｜狀態降級,RISK,v266.60.2,4.441,30.0,0.0,0.0,15.0,4.732,811.0,20/40/60結構佳｜續強品質佳｜主力佈局語意｜風險語意扣分,過熱降權,v266.61,2026-10-01 01:22:44,8.0,洗盤不破承接,無事件,等待下一次確認。,5.509,774,v266.62,2026-10-01 01:22:46,24.0,0.0,18.0,0.0,-4.12,量能安靜｜洗盤整理不破｜主力吸籌文字確認,v266.68,2026-10-01 01:22:50,NOISE,雜訊：條件不足。,WATCH,602
2026-09-30,6596,WATCH,54,97.3,50-100,0.0,0,佈局觀察,波動壓縮 | 均線收斂 | 接近突破 | 結構尚可,True,False,False,True,False,True,10.0,A,起漲結構強,20D站上MA20｜MA20走平翻揚｜接近20日高｜40D平台收斂｜短中均線糾結｜40D低點守住｜接近/站回MA60｜MA60不再下彎｜站回60D區間中上,平台壓縮後轉強，可優先觀察起漲/試單。,v266.57.9,10.0,無原分數欄位｜僅顯示結構前置分數,253.0,8.0,A,續強品質強,回檔不破前低｜低點墊高確認｜收盤守MA5｜續強確認：收盤未跌破MA5｜回檔量縮｜仍站MA20,回檔承接尚可，若原策略入選，可優先觀察延續。,v266.57.9,8.5,0.55,0.5,GENERIC,測試排序分=原分數+結構前置分*策略權重+續強品質*策略權重；不覆蓋原策略,289.0,-1.0,D,突破不足,扣分:收盤位置偏弱,尚未形成乾淨突破，不急著升級。,v266.57.9,WATCH,0.55,0.35,0.75,7.55,653.0,最後後處理補寫：原分數+結構前置+續強品質+突破品質；不覆蓋原策略,0.0,,一般,6.191,v266.58.1,2026-10-01 01:22:38,觀察,0,-5,降級風險,前狀態:突破中→今日:觀察｜狀態降級,RISK,v266.60.2,4.441,30.0,0.0,0.0,15.0,4.732,811.0,20/40/60結構佳｜續強品質佳｜主力佈局語意｜風險語意扣分,過熱降權,v266.61,2026-10-01 01:22:44,8.0,洗盤不破承接,無事件,等待下一次確認。,5.509,775,v266.62,2026-10-01 01:22:46,24.0,0.0,18.0,0.0,-4.12,量能安靜｜洗盤整理不破｜主力吸籌文字確認,v266.68,2026-10-01 01:22:50,NOISE,雜訊：條件不足。,WATCH,603
2026-09-30,8111,WATCH,54,79.3,50-100,0.0,0,佈局觀察,波動壓縮 | 均線收斂 | 接近突破 | 結構尚可,True,False,False,True,False,True,10.0,A,起漲結構強,20D站上MA20｜MA20走平翻揚｜接近20日高｜40D平台收斂｜短中均線糾結｜40D低點守住｜接近/站回MA60｜MA60不再下彎｜站回60D區間中上,平台壓縮後轉強，可優先觀察起漲/試單。,v266.57.9,10.0,無原分數欄位｜僅顯示結構前置分數,253.0,8.0,A,續強品質強,回檔不破前低｜低點墊高確認｜收盤守MA5｜續強確認：收盤未跌破MA5｜回檔量縮｜仍站MA20,回檔承接尚可，若原策略入選，可優先觀察延續。,v266.57.9,8.5,0.55,0.5,GENERIC,測試排序分=原分數+結構前置分*策略權重+續強品質*策略權重；不覆蓋原策略,289.0,-1.0,D,突破不足,扣分:收盤位置偏弱,尚未形成乾淨突破，不急著升級。,v266.57.9,WATCH,0.55,0.35,0.75,7.55,653.0,最後後處理補寫：原分數+結構前置+續強品質+突破品質；不覆蓋原策略,0.0,,一般,6.191,v266.58.1,2026-10-01 01:22:38,觀察,0,-5,降級風險,前狀態:突破中→今日:觀察｜狀態降級,RISK,v266.60.2,4.441,30.0,0.0,0.0,15.0,4.732,811.0,20/40/60結構佳｜續強品質佳｜主力佈局語意｜風險語意扣分,過熱降權,v266.61,2026-10-01 01:22:44,8.0,洗盤不破承接,無事件,等待下一次確認。,5.509,776,v266.62,2026-10-01 01:22:46,24.0,0.0,18.0,0.0,-4.12,量能安靜｜洗盤整理不破｜主力吸籌文字確認,v266.68,2026-10-01 01:22:50,NOISE,雜訊：條件不足。,WATCH,604
2026-09-30,3227,WATCH,54,185.0,100-500,0.0,0,佈局觀察,波動壓縮 | 均線收斂 | 接近突破 | 結構尚可,True,False,False,True,False,True,7.0,B,起漲結構中,20D站上MA20｜MA20走平翻揚｜40D平台收斂｜短中均線糾結｜40D低點守住｜接近/站回MA60,平台壓縮後轉強，可優先觀察起漲/試單。,v266.57.9,7.0,無原分數欄位｜僅顯示結構前置分數,710.0,6.5,B,續強品質中,回檔不破前低｜低點墊高確認｜收盤守MA5｜續強確認：收盤未跌破MA5｜仍站MA20,回檔承接尚可，若原策略入選，可優先觀察延續。,v266.57.9,6.1,0.55,0.5,GENERIC,測試排序分=原分數+結構前置分*策略權重+續強品質*策略權重；不覆蓋原策略,748.0,-1.0,D,突破不足,扣分:收盤位置偏弱,尚未形成乾淨突破，不急著升級。,v266.57.9,WATCH,0.55,0.35,0.75,5.375,868.0,最後後處理補寫：原分數+結構前置+續強品質+突破品質；不覆蓋原策略,0.0,,一般,4.408,v266.58.1,2026-10-01 01:22:38,觀察,0,0,持續觀察,前狀態:觀察→今日:觀察,NO,v266.60.2,4.408,30.0,0.0,0.0,0.0,10.941,661.0,20/40/60結構佳｜續強品質佳｜主力佈局語意,起漲前優先,v266.61,2026-10-01 01:22:44,8.0,洗盤不破承接,無事件,等待下一次確認。,5.486,777,v266.62,2026-10-01 01:22:46,24.0,0.0,18.0,0.0,-4.12,量能安靜｜洗盤整理不破｜主力吸籌文字確認,v266.68,2026-10-01 01:22:50,NOISE,雜訊：條件不足。,WATCH,605
2026-09-30,3577,WATCH,54,117.5,100-500,0.0,0,佈局觀察,波動壓縮 | 均線收斂 | 接近突破 | 結構尚可,True,False,False,True,False,True,7.0,B,起漲結構中,20D站上MA20｜MA20走平翻揚｜40D平台收斂｜短中均線糾結｜40D低點守住｜接近/站回MA60,平台壓縮後轉強，可優先觀察起漲/試單。,v266.57.9,7.0,無原分數欄位｜僅顯示結構前置分數,710.0,6.5,B,續強品質中,回檔不破前低｜低點墊高確認｜收盤守MA5｜續強確認：收盤未跌破MA5｜仍站MA20,回檔承接尚可，若原策略入選，可優先觀察延續。,v266.57.9,6.1,0.55,0.5,GENERIC,測試排序分=原分數+結構前置分*策略權重+續強品質*策略權重；不覆蓋原策略,748.0,-1.0,D,突破不足,扣分:收盤位置偏弱,尚未形成乾淨突破，不急著升級。,v266.57.9,WATCH,0.55,0.35,0.75,5.375,868.0,最後後處理補寫：原分數+結構前置+續強品質+突破品質；不覆蓋原策略,0.0,,一般,4.408,v266.58.1,2026-10-01 01:22:38,觀察,0,0,持續觀察,前狀態:觀察→今日:觀察,NO,v266.60.2,4.408,30.0,0.0,0.0,0.0,10.941,661.0,20/40/60結構佳｜續強品質佳｜主力佈局語意,起漲前優先,v266.61,2026-10-01 01:22:44,8.0,洗盤不破承接,無事件,等待下一次確認。,5.486,778,v266.62,2026-10-01 01:22:46,24.0,0.0,18.0,0.0,-4.12,量能安靜｜洗盤整理不破｜主力吸籌文字確認,v266.68,2026-10-01 01:22:50,NOISE,雜訊：條件不足。,WATCH,606
2026-09-30,4417,WATCH,54,49.55,50以下,0.0,0,佈局觀察,波動壓縮 | 均線收斂 | 接近突破 | 結構尚可,True,False,False,True,False,True,11.0,A,起漲結構強,20D站上MA20｜MA20走平翻揚｜接近20日高｜40D平台收斂｜短中均線糾結｜40D低點守住｜接近/站回MA60｜MA60不再下彎｜站回60D區間中上｜近5日量縮,平台壓縮後轉強，可優先觀察起漲/試單。,v266.57.9,11.0,無原分數欄位｜僅顯示結構前置分數,137.0,6.3,B,續強品質中,回檔不破前低｜低點墊高確認｜收盤守MA5｜回測守MA10｜仍站MA20,回檔承接尚可，若原策略入選，可優先觀察延續。,v266.57.9,8.3,0.55,0.5,GENERIC,測試排序分=原分數+結構前置分*策略權重+續強品質*策略權重；不覆蓋原策略,349.0,-1.0,D,突破不足,扣分:收盤位置偏弱,尚未形成乾淨突破，不急著升級。,v266.57.9,WATCH,0.55,0.35,0.75,7.505,657.0,最後後處理補寫：原分數+結構前置+續強品質+突破品質；不覆蓋原策略,0.0,,一般,6.154,v266.58.1,2026-10-01 01:22:38,觀察,0,-5,降級風險,前狀態:突破中→今日:觀察｜狀態降級,RISK,v266.60.2,4.404,30.0,0.0,0.0,15.0,4.728,815.0,20/40/60結構佳｜續強品質佳｜主力佈局語意｜風險語意扣分,過熱降權,v266.61,2026-10-01 01:22:44,8.0,洗盤不破承接,無事件,等待下一次確認。,5.483,779,v266.62,2026-10-01 01:22:46,24.0,0.0,18.0,0.0,-4.12,量能安靜｜洗盤整理不破｜主力吸籌文字確認,v266.68,2026-10-01 01:22:50,NOISE,雜訊：條件不足。,WATCH,607
2026-09-30,6683,WATCH,54,1590.0,1000以上,0.0,0,佈局觀察,波動壓縮 | 均線收斂 | 接近突破 | 結構尚可,True,False,False,True,False,True,6.5,B,起漲結構中,20D站上MA20｜MA20走平翻揚｜短中均線糾結｜40D低點守住｜接近/站回MA60｜站回60D區間中上,平台壓縮後轉強，可優先觀察起漲/試單。,v266.57.9,6.5,無原分數欄位｜僅顯示結構前置分數,824.0,8.0,A,續強品質強,回檔不破前低｜低點墊高確認｜收盤守MA5｜續強確認：收盤未跌破MA5｜回檔量縮｜仍站MA20,回檔承接尚可，若原策略入選，可優先觀察延續。,v266.57.9,6.575,0.55,0.5,GENERIC,測試排序分=原分數+結構前置分*策略權重+續強品質*策略權重；不覆蓋原策略,677.0,1.5,D,突破不足,收盤接近高點,尚未形成乾淨突破，不急著升級。,v266.57.9,WATCH,0.55,0.35,0.75,7.5,658.0,最後後處理補寫：原分數+結構前置+續強品質+突破品質；不覆蓋原策略,0.0,,一般,6.15,v266.58.1,2026-10-01 01:22:38,觀察,0,-5,降級風險,前狀態:突破中→今日:觀察｜狀態降級,RISK,v266.60.2,4.4,30.0,0.0,0.0,15.0,4.728,815.0,20/40/60結構佳｜續強品質佳｜主力佈局語意｜風險語意扣分,過熱降權,v266.61,2026-10-01 01:22:44,8.0,洗盤不破承接,無事件,等待下一次確認。,5.48,780,v266.62,2026-10-01 01:22:46,24.0,0.0,18.0,0.0,-4.12,量能安靜｜洗盤整理不破｜主力吸籌文字確認,v266.68,2026-10-01 01:22:50,NOISE,雜訊：條件不足。,WATCH,608
2026-09-30,3441,WATCH,54,184.5,100-500,0.0,0,佈局觀察,波動壓縮 | 均線收斂 | 接近突破 | 結構尚可,True,False,False,True,False,True,9.5,A,起漲結構強,20D站上MA20｜MA20走平翻揚｜接近20日高｜短中均線糾結｜40D低點守住｜接近/站回MA60｜MA60不再下彎｜站回60D區間中上｜近5日量縮,平台壓縮後轉強，可優先觀察起漲/試單。,v266.57.9,7.5,無原分數欄位｜僅顯示結構前置分數,699.0,6.5,B,續強品質中,回檔不破前低｜低點墊高確認｜收盤守MA5｜續強確認：收盤未跌破MA5｜仍站MA20,回檔承接尚可，若原策略入選，可優先觀察延續。,v266.57.9,5.625,0.55,0.5,GENERIC,測試排序分=原分數+結構前置分*策略權重+續強品質*策略權重；不覆蓋原策略,801.0,0.0,D,突破不足,,尚未形成乾淨突破，不急著升級。,v266.57.9,WATCH,0.55,0.35,0.75,7.5,658.0,最後後處理補寫：原分數+結構前置+續強品質+突破品質；不覆蓋原策略,0.0,,一般,6.15,v266.58.1,2026-10-01 01:22:38,觀察,0,-5,降級風險,前狀態:突破中→今日:觀察｜狀態降級,RISK,v266.60.2,4.4,30.0,0.0,0.0,15.0,4.728,815.0,20/40/60結構佳｜續強品質佳｜主力佈局語意｜風險語意扣分,過熱降權,v266.61,2026-10-01 01:22:44,8.0,洗盤不破承接,無事件,等待下一次確認。,5.48,781,v266.62,2026-10-01 01:22:46,24.0,0.0,18.0,0.0,-4.12,量能安靜｜洗盤整理不破｜主力吸籌文字確認,v266.68,2026-10-01 01:22:50,NOISE,雜訊：條件不足。,WATCH,609
2026-09-30,8028,WATCH,50,282.5,100-500,0.0,0,佈局觀察,波動壓縮 | 安靜吸籌 | 接近突破,True,True,False,False,False,True,9.1,A,起漲結構強,20D站上MA20｜MA20走平翻揚｜MA5站上MA10｜40D平台收斂｜接近/站回MA60｜量縮後溫和放量｜5D動能轉正｜10D動能轉正,平台壓縮後轉強，可優先觀察起漲/試單。,v266.57.9,9.1,無原分數欄位｜僅顯示結構前置分數,387.0,7.5,A,續強品質強,回檔不破前低｜低點墊高確認｜收盤守MA5｜續強確認：收盤未跌破MA5｜MA5仍在MA10上｜仍站MA20｜10D動能維持｜扣分:回檔量放大,回檔承接尚可，若原策略入選，可優先觀察延續。,v266.57.9,7.755,0.55,0.5,GENERIC,測試排序分=原分數+結構前置分*策略權重+續強品質*策略權重；不覆蓋原策略,461.0,-0.2,D,突破不足,短均多頭｜扣分:收盤位置偏弱,尚未形成乾淨突破，不急著升級。,v266.57.9,WATCH,0.55,0.35,0.75,7.48,668.0,最後後處理補寫：原分數+結構前置+續強品質+突破品質；不覆蓋原策略,0.0,,一般,6.134,v266.58.1,2026-10-01 01:22:38,觀察,0,-5,降級風險,前狀態:洗盤吸籌→今日:觀察｜狀態降級,RISK,v266.60.2,4.384,30.0,0.0,0.0,15.0,4.726,818.0,20/40/60結構佳｜續強品質佳｜主力佈局語意｜風險語意扣分,過熱降權,v266.61,2026-10-01 01:22:44,8.0,洗盤不破承接,無事件,等待下一次確認。,5.469,782,v266.62,2026-10-01 01:22:46,24.0,0.0,18.0,0.0,-4.12,量能安靜｜洗盤整理不破｜主力吸籌文字確認,v266.68,2026-10-01 01:22:50,NOISE,雜訊：條件不足。,WATCH,610
2026-09-30,8905,WATCH,54,34.65,50以下,0.0,0,佈局觀察,波動壓縮 | 均線收斂 | 接近突破 | 結構尚可,True,False,False,True,False,True,10.0,A,起漲結構強,20D站上MA20｜MA20走平翻揚｜接近20日高｜40D平台收斂｜短中均線糾結｜40D低點守住｜接近/站回MA60｜MA60不再下彎｜站回60D區間中上,平台壓縮後轉強，可優先觀察起漲/試單。,v266.57.9,10.0,無原分數欄位｜僅顯示結構前置分數,253.0,7.8,A,續強品質強,回檔不破前低｜低點墊高確認｜收盤守MA5｜回測守MA10｜回檔量縮｜仍站MA20,回檔承接尚可，若原策略入選，可優先觀察延續。,v266.57.9,8.5,0.55,0.5,GENERIC,測試排序分=原分數+結構前置分*策略權重+續強品質*策略權重；不覆蓋原策略,289.0,-1.0,D,突破不足,扣分:收盤位置偏弱,尚未形成乾淨突破，不急著升級。,v266.57.9,WATCH,0.55,0.35,0.75,7.48,668.0,最後後處理補寫：原分數+結構前置+續強品質+突破品質；不覆蓋原策略,0.0,,一般,6.134,v266.58.1,2026-10-01 01:22:38,觀察,0,-5,降級風險,前狀態:突破中→今日:觀察｜狀態降級,RISK,v266.60.2,4.384,30.0,0.0,0.0,15.0,4.726,818.0,20/40/60結構佳｜續強品質佳｜主力佈局語意｜風險語意扣分,過熱降權,v266.61,2026-10-01 01:22:44,8.0,洗盤不破承接,無事件,等待下一次確認。,5.469,783,v266.62,2026-10-01 01:22:46,24.0,0.0,18.0,0.0,-4.12,量能安靜｜洗盤整理不破｜主力吸籌文字確認,v266.68,2026-10-01 01:22:50,NOISE,雜訊：條件不足。,WATCH,611
2026-09-30,5432,WATCH,54,160.0,100-500,0.0,0,佈局觀察,波動壓縮 | 均線收斂 | 接近突破 | 結構尚可,True,False,False,True,False,True,10.0,A,起漲結構強,20D站上MA20｜MA20走平翻揚｜MA5站上MA10｜40D平台收斂｜短中均線糾結｜40D低點守住｜接近/站回MA60｜MA60不再下彎｜站回60D區間中上,平台壓縮後轉強，可優先觀察起漲/試單。,v266.57.9,10.0,無原分數欄位｜僅顯示結構前置分數,253.0,6.0,B,續強品質中,回檔不破前低｜低點墊高確認｜回測守MA10｜MA5仍在MA10上｜仍站MA20,回檔承接尚可，若原策略入選，可優先觀察延續。,v266.57.9,8.0,0.55,0.5,GENERIC,測試排序分=原分數+結構前置分*策略權重+續強品質*策略權重；不覆蓋原策略,371.0,-0.2,D,突破不足,短均多頭｜扣分:收盤位置偏弱,尚未形成乾淨突破，不急著升級。,v266.57.9,WATCH,0.55,0.35,0.75,7.45,672.0,最後後處理補寫：原分數+結構前置+續強品質+突破品質；不覆蓋原策略,0.0,,一般,6.109,v266.58.1,2026-10-01 01:22:38,觀察,0,-5,降級風險,前狀態:突破中→今日:觀察｜狀態降級,RISK,v266.60.2,4.359,30.0,0.0,0.0,15.0,4.723,821.0,20/40/60結構佳｜續強品質佳｜主力佈局語意｜風險語意扣分,過熱降權,v266.61,2026-10-01 01:22:44,8.0,洗盤不破承接,無事件,等待下一次確認。,5.451,784,v266.62,2026-10-01 01:22:46,24.0,0.0,18.0,0.0,-4.12,量能安靜｜洗盤整理不破｜主力吸籌文字確認,v266.68,2026-10-01 01:22:50,NOISE,雜訊：條件不足。,WATCH,612
2026-09-30,4413,WATCH,54,20.3,50以下,0.0,0,佈局觀察,波動壓縮 | 均線收斂 | 接近突破 | 結構尚可,True,False,False,True,False,True,10.0,A,起漲結構強,20D站上MA20｜MA20走平翻揚｜MA5站上MA10｜40D平台收斂｜短中均線糾結｜40D低點守住｜接近/站回MA60｜MA60不再下彎｜站回60D區間中上,平台壓縮後轉強，可優先觀察起漲/試單。,v266.57.9,10.0,無原分數欄位｜僅顯示結構前置分數,253.0,6.0,B,續強品質中,回檔不破前低｜低點墊高確認｜回測守MA10｜MA5仍在MA10上｜仍站MA20,回檔承接尚可，若原策略入選，可優先觀察延續。,v266.57.9,8.0,0.55,0.5,GENERIC,測試排序分=原分數+結構前置分*策略權重+續強品質*策略權重；不覆蓋原策略,371.0,-0.2,D,突破不足,短均多頭｜扣分:收盤位置偏弱,尚未形成乾淨突破，不急著升級。,v266.57.9,WATCH,0.55,0.35,0.75,7.45,672.0,最後後處理補寫：原分數+結構前置+續強品質+突破品質；不覆蓋原策略,0.0,,一般,6.109,v266.58.1,2026-10-01 01:22:38,觀察,0,-5,降級風險,前狀態:突破中→今日:觀察｜狀態降級,RISK,v266.60.2,4.359,30.0,0.0,0.0,15.0,4.723,821.0,20/40/60結構佳｜續強品質佳｜主力佈局語意｜風險語意扣分,過熱降權,v266.61,2026-10-01 01:22:44,8.0,洗盤不破承接,無事件,等待下一次確認。,5.451,785,v266.62,2026-10-01 01:22:46,24.0,0.0,18.0,0.0,-4.12,量能安靜｜洗盤整理不破｜主力吸籌文字確認,v266.68,2026-10-01 01:22:50,NOISE,雜訊：條件不足。,WATCH,613
2026-09-30,6124,WATCH,54,27.2,50以下,0.0,0,佈局觀察,波動壓縮 | 均線收斂 | 接近突破 | 結構尚可,True,False,False,True,False,True,9.0,A,起漲結構強,20D站上MA20｜MA20走平翻揚｜MA5站上MA10｜接近20日高｜40D平台收斂｜短中均線糾結｜接近/站回MA60｜站回60D區間中上,平台壓縮後轉強，可優先觀察起漲/試單。,v266.57.9,9.0,無原分數欄位｜僅顯示結構前置分數,391.0,7.5,A,續強品質強,回檔不破前低｜低點墊高確認｜收盤守MA5｜回測守MA10｜MA5仍在MA10上｜仍站MA20,回檔承接尚可，若原策略入選，可優先觀察延續。,v266.57.9,7.8,0.55,0.5,GENERIC,測試排序分=原分數+結構前置分*策略權重+續強品質*策略權重；不覆蓋原策略,424.0,-0.2,D,突破不足,短均多頭｜扣分:收盤位置偏弱,尚未形成乾淨突破，不急著升級。,v266.57.9,WATCH,0.55,0.35,0.75,7.425,677.0,最後後處理補寫：原分數+結構前置+續強品質+突破品質；不覆蓋原策略,0.0,,一般,6.088,v266.58.1,2026-10-01 01:22:38,觀察,0,-5,降級風險,前狀態:突破中→今日:觀察｜狀態降級,RISK,v266.60.2,4.338,30.0,0.0,0.0,15.0,4.721,823.0,20/40/60結構佳｜續強品質佳｜主力佈局語意｜風險語意扣分,過熱降權,v266.61,2026-10-01 01:22:44,8.0,洗盤不破承接,無事件,等待下一次確認。,5.437,786,v266.62,2026-10-01 01:22:46,24.0,0.0,18.0,0.0,-4.12,量能安靜｜洗盤整理不破｜主力吸籌文字確認,v266.68,2026-10-01 01:22:50,NOISE,雜訊：條件不足。,WATCH,614
2026-09-30,7712,WATCH,54,161.0,100-500,0.0,0,佈局觀察,波動壓縮 | 均線收斂 | 接近突破 | 結構尚可,True,False,False,True,False,True,9.0,A,起漲結構強,20D站上MA20｜MA20走平翻揚｜MA5站上MA10｜40D平台收斂｜短中均線糾結｜40D低點守住｜接近/站回MA60｜站回60D區間中上,平台壓縮後轉強，可優先觀察起漲/試單。,v266.57.9,9.0,無原分數欄位｜僅顯示結構前置分數,391.0,7.5,A,續強品質強,回檔不破前低｜低點墊高確認｜收盤守MA5｜回測守MA10｜MA5仍在MA10上｜仍站MA20,回檔承接尚可，若原策略入選，可優先觀察延續。,v266.57.9,7.8,0.55,0.5,GENERIC,測試排序分=原分數+結構前置分*策略權重+續強品質*策略權重；不覆蓋原策略,424.0,-0.2,D,突破不足,短均多頭｜扣分:收盤位置偏弱,尚未形成乾淨突破，不急著升級。,v266.57.9,WATCH,0.55,0.35,0.75,7.425,677.0,最後後處理補寫：原分數+結構前置+續強品質+突破品質；不覆蓋原策略,0.0,,一般,6.088,v266.58.1,2026-10-01 01:22:38,觀察,0,-5,降級風險,前狀態:突破中→今日:觀察｜狀態降級,RISK,v266.60.2,4.338,30.0,0.0,0.0,15.0,4.721,823.0,20/40/60結構佳｜續強品質佳｜主力佈局語意｜風險語意扣分,過熱降權,v266.61,2026-10-01 01:22:44,8.0,洗盤不破承接,無事件,等待下一次確認。,5.437,787,v266.62,2026-10-01 01:22:46,24.0,0.0,18.0,0.0,-4.12,量能安靜｜洗盤整理不破｜主力吸籌文字確認,v266.68,2026-10-01 01:22:50,NOISE,雜訊：條件不足。,WATCH,615
2026-09-30,6641,WATCH,54,17.0,50以下,0.0,0,佈局觀察,波動壓縮 | 均線收斂 | 接近突破 | 結構尚可,True,False,False,True,False,True,6.8,B,起漲結構中,接近20日高｜40D平台收斂｜短中均線糾結｜接近/站回MA60｜近5日量縮｜10D動能轉正,平台壓縮後轉強，可優先觀察起漲/試單。,v266.57.9,6.8,無原分數欄位｜僅顯示結構前置分數,813.0,6.5,B,續強品質中,回檔不破前低｜低點墊高確認｜收盤守MA5｜續強確認：收盤未跌破MA5｜10D動能維持,回檔承接尚可，若原策略入選，可優先觀察延續。,v266.57.9,5.99,0.55,0.5,GENERIC,測試排序分=原分數+結構前置分*策略權重+續強品質*策略權重；不覆蓋原策略,765.0,-1.0,D,突破不足,扣分:單日量能過猛,尚未形成乾淨突破，不急著升級。,v266.57.9,WATCH,0.55,0.35,0.75,5.265,874.0,最後後處理補寫：原分數+結構前置+續強品質+突破品質；不覆蓋原策略,0.0,,一般,4.317,v266.58.1,2026-10-01 01:22:38,觀察,0,0,持續觀察,前狀態:觀察→今日:觀察,NO,v266.60.2,4.317,30.0,0.0,0.0,0.0,10.932,663.0,20/40/60結構佳｜續強品質佳｜主力佈局語意,起漲前優先,v266.61,2026-10-01 01:22:44,8.0,洗盤不破承接,無事件,等待下一次確認。,5.422,789,v266.62,2026-10-01 01:22:46,24.0,0.0,18.0,0.0,-4.12,量能安靜｜洗盤整理不破｜主力吸籌文字確認,v266.68,2026-10-01 01:22:50,NOISE,雜訊：條件不足。,WATCH,616
2026-09-30,3664,WATCH,54,8.86,50以下,0.0,0,佈局觀察,波動壓縮 | 均線收斂 | 接近突破 | 結構尚可,True,False,False,True,False,True,8.5,A,起漲結構強,20D站上MA20｜MA5站上MA10｜接近20日高｜短中均線糾結｜40D低點守住｜接近/站回MA60｜MA60不再下彎｜站回60D區間中上,平台壓縮後轉強，可優先觀察起漲/試單。,v266.57.9,8.5,無原分數欄位｜僅顯示結構前置分數,547.0,7.7,A,續強品質強,回檔不破前低｜低點墊高確認｜收盤守MA5｜續強確認：收盤未跌破MA5｜MA5仍在MA10上｜仍站MA20,回檔承接尚可，若原策略入選，可優先觀察延續。,v266.57.9,7.525,0.55,0.5,GENERIC,測試排序分=原分數+結構前置分*策略權重+續強品質*策略權重；不覆蓋原策略,489.0,,,,,,,WATCH,0.55,0.35,0.75,7.37,692.0,最後後處理補寫：原分數+結構前置+續強品質+突破品質；不覆蓋原策略,0.0,,一般,6.043,v266.58.1,2026-10-01 01:22:38,觀察,0,-5,降級風險,前狀態:突破中→今日:觀察｜狀態降級,RISK,v266.60.2,4.293,30.0,0.0,0.0,15.0,4.717,826.0,20/40/60結構佳｜續強品質佳｜主力佈局語意｜風險語意扣分,過熱降權,v266.61,2026-10-01 01:22:44,8.0,洗盤不破承接,無事件,等待下一次確認。,5.405,790,v266.62,2026-10-01 01:22:46,24.0,0.0,18.0,0.0,-4.12,量能安靜｜洗盤整理不破｜主力吸籌文字確認,v266.68,2026-10-01 01:22:50,NOISE,雜訊：條件不足。,WATCH,617
2026-09-30,9907,WATCH,54,14.9,50以下,0.0,0,佈局觀察,波動壓縮 | 均線收斂 | 接近突破 | 結構尚可,True,False,False,True,False,True,6.0,B,起漲結構中,40D平台收斂｜短中均線糾結｜40D低點守住｜接近/站回MA60｜MA60不再下彎,平台壓縮後轉強，可優先觀察起漲/試單。,v266.57.9,4.0,無原分數欄位｜僅顯示結構前置分數,931.0,5.5,B,續強品質中,回檔不破前低｜低點墊高確認｜收盤守MA5｜續強確認：收盤未跌破MA5,回檔承接尚可，若原策略入選，可優先觀察延續。,v266.57.9,3.2,0.55,0.5,GENERIC,測試排序分=原分數+結構前置分*策略權重+續強品質*策略權重；不覆蓋原策略,938.0,0.0,D,突破不足,,尚未形成乾淨突破，不急著升級。,v266.57.9,WATCH,0.55,0.35,0.75,5.225,875.0,最後後處理補寫：原分數+結構前置+續強品質+突破品質；不覆蓋原策略,0.0,,一般,4.284,v266.58.1,2026-10-01 01:22:38,觀察,0,0,持續觀察,前狀態:觀察→今日:觀察,NO,v266.60.2,4.284,30.0,0.0,0.0,0.0,10.928,664.0,20/40/60結構佳｜續強品質佳｜主力佈局語意,起漲前優先,v266.61,2026-10-01 01:22:44,8.0,洗盤不破承接,無事件,等待下一次確認。,5.399,791,v266.62,2026-10-01 01:22:46,24.0,0.0,18.0,0.0,-4.12,量能安靜｜洗盤整理不破｜主力吸籌文字確認,v266.68,2026-10-01 01:22:50,NOISE,雜訊：條件不足。,WATCH,618
2026-09-30,4728,WATCH,54,399.0,100-500,0.0,0,佈局觀察,波動壓縮 | 均線收斂 | 接近突破 | 結構尚可,True,False,False,True,False,True,10.0,A,起漲結構強,20D站上MA20｜MA20走平翻揚｜接近20日高｜40D平台收斂｜短中均線糾結｜40D低點守住｜接近/站回MA60｜MA60不再下彎｜站回60D區間中上,平台壓縮後轉強，可優先觀察起漲/試單。,v266.57.9,10.0,無原分數欄位｜僅顯示結構前置分數,253.0,5.3,B,續強品質中,回檔不破前低｜低點墊高確認｜收盤守MA5｜續強確認：收盤未跌破MA5｜仍站MA20｜扣分:回檔量放大,回檔承接尚可，若原策略入選，可優先觀察延續。,v266.57.9,7.15,0.55,0.5,GENERIC,測試排序分=原分數+結構前置分*策略權重+續強品質*策略權重；不覆蓋原策略,576.0,,,,,,,WATCH,0.55,0.35,0.75,7.355,693.0,最後後處理補寫：原分數+結構前置+續強品質+突破品質；不覆蓋原策略,0.0,,一般,6.031,v266.58.1,2026-10-01 01:22:38,觀察,0,-5,降級風險,前狀態:突破中→今日:觀察｜狀態降級,RISK,v266.60.2,4.281,30.0,0.0,0.0,15.0,4.716,827.0,20/40/60結構佳｜續強品質佳｜主力佈局語意｜風險語意扣分,過熱降權,v266.61,2026-10-01 01:22:44,8.0,洗盤不破承接,無事件,等待下一次確認。,5.397,792,v266.62,2026-10-01 01:22:46,24.0,0.0,18.0,0.0,-4.12,量能安靜｜洗盤整理不破｜主力吸籌文字確認,v266.68,2026-10-01 01:22:50,NOISE,雜訊：條件不足。,WATCH,619
2026-09-30,8024,WATCH,54,12.55,50以下,0.0,0,佈局觀察,波動壓縮 | 均線收斂 | 接近突破 | 結構尚可,True,False,False,True,False,True,6.0,B,起漲結構中,MA20走平翻揚｜40D平台收斂｜短中均線糾結｜40D低點守住｜接近/站回MA60,平台壓縮後轉強，可優先觀察起漲/試單。,v266.57.9,6.0,無原分數欄位｜僅顯示結構前置分數,828.0,5.3,B,續強品質中,回檔不破前低｜低點墊高確認｜收盤守MA5｜回測守MA10,回檔承接尚可，若原策略入選，可優先觀察延續。,v266.57.9,5.05,0.55,0.5,GENERIC,測試排序分=原分數+結構前置分*策略權重+續強品質*策略權重；不覆蓋原策略,865.0,0.0,D,突破不足,,尚未形成乾淨突破，不急著升級。,v266.57.9,WATCH,0.55,0.35,0.75,5.155,877.0,最後後處理補寫：原分數+結構前置+續強品質+突破品質；不覆蓋原策略,0.0,,一般,4.227,v266.58.1,2026-10-01 01:22:38,觀察,0,0,持續觀察,前狀態:觀察→今日:觀察,NO,v266.60.2,4.227,30.0,0.0,0.0,0.0,10.923,665.0,20/40/60結構佳｜續強品質佳｜主力佈局語意,起漲前優先,v266.61,2026-10-01 01:22:44,8.0,洗盤不破承接,無事件,等待下一次確認。,5.359,794,v266.62,2026-10-01 01:22:46,24.0,0.0,18.0,0.0,-4.12,量能安靜｜洗盤整理不破｜主力吸籌文字確認,v266.68,2026-10-01 01:22:50,NOISE,雜訊：條件不足。,WATCH,620
2026-09-30,1227,WATCH,54,28.1,50以下,0.0,0,佈局觀察,波動壓縮 | 均線收斂 | 接近突破 | 結構尚可,True,False,False,True,False,True,6.0,B,起漲結構中,接近20日高｜40D平台收斂｜短中均線糾結｜40D低點守住｜接近/站回MA60,平台壓縮後轉強，可優先觀察起漲/試單。,v266.57.9,6.0,無原分數欄位｜僅顯示結構前置分數,828.0,5.3,B,續強品質中,回檔不破前低｜低點墊高確認｜收盤守MA5｜回測守MA10,回檔承接尚可，若原策略入選，可優先觀察延續。,v266.57.9,5.05,0.55,0.5,GENERIC,測試排序分=原分數+結構前置分*策略權重+續強品質*策略權重；不覆蓋原策略,865.0,0.0,D,突破不足,,尚未形成乾淨突破，不急著升級。,v266.57.9,WATCH,0.55,0.35,0.75,5.155,877.0,最後後處理補寫：原分數+結構前置+續強品質+突破品質；不覆蓋原策略,0.0,,一般,4.227,v266.58.1,2026-10-01 01:22:38,觀察,0,0,持續觀察,前狀態:觀察→今日:觀察,NO,v266.60.2,4.227,30.0,0.0,0.0,0.0,10.923,665.0,20/40/60結構佳｜續強品質佳｜主力佈局語意,起漲前優先,v266.61,2026-10-01 01:22:44,8.0,洗盤不破承接,無事件,等待下一次確認。,5.359,795,v266.62,2026-10-01 01:22:46,24.0,0.0,18.0,0.0,-4.12,量能安靜｜洗盤整理不破｜主力吸籌文字確認,v266.68,2026-10-01 01:22:50,NOISE,雜訊：條件不足。,WATCH,621
2026-09-30,2399,WATCH,54,48.95,50以下,0.0,0,佈局觀察,波動壓縮 | 均線收斂 | 接近突破 | 結構尚可,True,False,False,True,False,True,8.8,A,起漲結構強,20D站上MA20｜MA20走平翻揚｜40D平台收斂｜短中均線糾結｜40D低點守住｜接近/站回MA60｜站回60D區間中上｜10D動能轉正,平台壓縮後轉強，可優先觀察起漲/試單。,v266.57.9,8.8,無原分數欄位｜僅顯示結構前置分數,522.0,9.0,A,續強品質強,回檔不破前低｜低點墊高確認｜收盤守MA5｜續強確認：收盤未跌破MA5｜回檔量縮｜仍站MA20｜10D動能維持,回檔承接尚可，若原策略入選，可優先觀察延續。,v266.57.9,8.34,0.55,0.5,GENERIC,測試排序分=原分數+結構前置分*策略權重+續強品質*策略權重；不覆蓋原策略,340.0,-1.0,D,突破不足,扣分:收盤位置偏弱,尚未形成乾淨突破，不急著升級。,v266.57.9,WATCH,0.55,0.35,0.75,7.24,706.0,最後後處理補寫：原分數+結構前置+續強品質+突破品質；不覆蓋原策略,0.0,,一般,5.937,v266.58.1,2026-10-01 01:22:38,觀察,0,-5,降級風險,前狀態:突破中→今日:觀察｜狀態降級,RISK,v266.60.2,4.187,30.0,0.0,0.0,15.0,4.706,829.0,20/40/60結構佳｜續強品質佳｜主力佈局語意｜風險語意扣分,過熱降權,v266.61,2026-10-01 01:22:44,8.0,洗盤不破承接,無事件,等待下一次確認。,5.331,796,v266.62,2026-10-01 01:22:46,24.0,0.0,18.0,0.0,-4.12,量能安靜｜洗盤整理不破｜主力吸籌文字確認,v266.68,2026-10-01 01:22:50,NOISE,雜訊：條件不足。,WATCH,622
2026-09-30,4951,WATCH,54,91.5,50-100,0.0,0,佈局觀察,波動壓縮 | 均線收斂 | 接近突破 | 結構尚可,True,False,False,True,False,True,9.0,A,起漲結構強,20D站上MA20｜MA20走平翻揚｜接近20日高｜40D平台收斂｜短中均線糾結｜40D低點守住｜接近/站回MA60｜站回60D區間中上,平台壓縮後轉強，可優先觀察起漲/試單。,v266.57.9,7.0,無原分數欄位｜僅顯示結構前置分數,710.0,6.5,B,續強品質中,回檔不破前低｜低點墊高確認｜收盤守MA5｜續強確認：收盤未跌破MA5｜仍站MA20,回檔承接尚可，若原策略入選，可優先觀察延續。,v266.57.9,5.35,0.55,0.5,GENERIC,測試排序分=原分數+結構前置分*策略權重+續強品質*策略權重；不覆蓋原策略,849.0,0.0,D,突破不足,,尚未形成乾淨突破，不急著升級。,v266.57.9,WATCH,0.55,0.35,0.75,7.225,707.0,最後後處理補寫：原分數+結構前置+續強品質+突破品質；不覆蓋原策略,0.0,,一般,5.924,v266.58.1,2026-10-01 01:22:38,觀察,0,-5,降級風險,前狀態:突破中→今日:觀察｜狀態降級,RISK,v266.60.2,4.174,30.0,0.0,0.0,15.0,4.705,831.0,20/40/60結構佳｜續強品質佳｜主力佈局語意｜風險語意扣分,過熱降權,v266.61,2026-10-01 01:22:44,8.0,洗盤不破承接,無事件,等待下一次確認。,5.322,798,v266.62,2026-10-01 01:22:46,24.0,0.0,18.0,0.0,-4.12,量能安靜｜洗盤整理不破｜主力吸籌文字確認,v266.68,2026-10-01 01:22:50,NOISE,雜訊：條件不足。,WATCH,623
2026-09-30,3066,WATCH,54,29.2,50以下,0.0,0,佈局觀察,波動壓縮 | 均線收斂 | 接近突破 | 結構尚可,True,False,False,True,False,True,9.0,A,起漲結構強,20D站上MA20｜MA20走平翻揚｜40D平台收斂｜短中均線糾結｜40D低點守住｜接近/站回MA60｜MA60不再下彎｜站回60D區間中上,平台壓縮後轉強，可優先觀察起漲/試單。,v266.57.9,9.0,無原分數欄位｜僅顯示結構前置分數,391.0,6.5,B,續強品質中,回檔不破前低｜低點墊高確認｜收盤守MA5｜續強確認：收盤未跌破MA5｜仍站MA20,回檔承接尚可，若原策略入選，可優先觀察延續。,v266.57.9,7.2,0.55,0.5,GENERIC,測試排序分=原分數+結構前置分*策略權重+續強品質*策略權重；不覆蓋原策略,568.0,0.0,D,突破不足,,尚未形成乾淨突破，不急著升級。,v266.57.9,WATCH,0.55,0.35,0.75,7.225,707.0,最後後處理補寫：原分數+結構前置+續強品質+突破品質；不覆蓋原策略,0.0,,一般,5.924,v266.58.1,2026-10-01 01:22:38,觀察,0,-5,降級風險,前狀態:突破中→今日:觀察｜狀態降級,RISK,v266.60.2,4.174,30.0,0.0,0.0,15.0,4.705,831.0,20/40/60結構佳｜續強品質佳｜主力佈局語意｜風險語意扣分,過熱降權,v266.61,2026-10-01 01:22:44,8.0,洗盤不破承接,無事件,等待下一次確認。,5.322,799,v266.62,2026-10-01 01:22:46,24.0,0.0,18.0,0.0,-4.12,量能安靜｜洗盤整理不破｜主力吸籌文字確認,v266.68,2026-10-01 01:22:50,NOISE,雜訊：條件不足。,WATCH,624
2026-09-30,8040,WATCH,54,98.5,50-100,0.0,0,佈局觀察,波動壓縮 | 均線收斂 | 接近突破 | 結構尚可,True,False,False,True,False,True,8.5,A,起漲結構強,20D站上MA20｜MA20走平翻揚｜MA5站上MA10｜接近20日高｜短中均線糾結｜40D低點守住｜接近/站回MA60｜站回60D區間中上,平台壓縮後轉強，可優先觀察起漲/試單。,v266.57.9,8.5,無原分數欄位｜僅顯示結構前置分數,547.0,7.7,A,續強品質強,回檔不破前低｜低點墊高確認｜收盤守MA5｜續強確認：收盤未跌破MA5｜MA5仍在MA10上｜仍站MA20,回檔承接尚可，若原策略入選，可優先觀察延續。,v266.57.9,7.525,0.55,0.5,GENERIC,測試排序分=原分數+結構前置分*策略權重+續強品質*策略權重；不覆蓋原策略,489.0,-0.2,D,突破不足,短均多頭｜扣分:收盤位置偏弱,尚未形成乾淨突破，不急著升級。,v266.57.9,WATCH,0.55,0.35,0.75,7.22,713.0,最後後處理補寫：原分數+結構前置+續強品質+突破品質；不覆蓋原策略,0.0,,一般,5.92,v266.58.1,2026-10-01 01:22:38,觀察,0,-5,降級風險,前狀態:突破中→今日:觀察｜狀態降級,RISK,v266.60.2,4.17,30.0,0.0,0.0,15.0,4.704,833.0,20/40/60結構佳｜續強品質佳｜主力佈局語意｜風險語意扣分,過熱降權,v266.61,2026-10-01 01:22:44,8.0,洗盤不破承接,無事件,等待下一次確認。,5.319,800,v266.62,2026-10-01 01:22:46,24.0,0.0,18.0,0.0,-4.12,量能安靜｜洗盤整理不破｜主力吸籌文字確認,v266.68,2026-10-01 01:22:50,NOISE,雜訊：條件不足。,WATCH,625
2026-09-30,6733,WATCH,54,24.95,50以下,0.0,0,佈局觀察,波動壓縮 | 均線收斂 | 接近突破 | 結構尚可,True,False,False,True,False,True,7.0,B,起漲結構中,MA20走平翻揚｜40D平台收斂｜短中均線糾結｜40D低點守住｜接近/站回MA60｜MA60不再下彎,平台壓縮後轉強，可優先觀察起漲/試單。,v266.57.9,7.0,無原分數欄位｜僅顯示結構前置分數,710.0,5.5,B,續強品質中,回檔不破前低｜低點墊高確認｜收盤守MA5｜續強確認：收盤未跌破MA5,回檔承接尚可，若原策略入選，可優先觀察延續。,v266.57.9,5.6,0.55,0.5,GENERIC,測試排序分=原分數+結構前置分*策略權重+續強品質*策略權重；不覆蓋原策略,802.0,-1.0,D,突破不足,扣分:收盤位置偏弱,尚未形成乾淨突破，不急著升級。,v266.57.9,WATCH,0.55,0.35,0.75,5.025,885.0,最後後處理補寫：原分數+結構前置+續強品質+突破品質；不覆蓋原策略,0.0,,一般,4.12,v266.58.1,2026-10-01 01:22:38,觀察,0,0,持續觀察,前狀態:觀察→今日:觀察,NO,v266.60.2,4.12,30.0,0.0,0.0,0.0,10.912,667.0,20/40/60結構佳｜續強品質佳｜主力佈局語意,起漲前優先,v266.61,2026-10-01 01:22:44,8.0,洗盤不破承接,無事件,等待下一次確認。,5.284,801,v266.62,2026-10-01 01:22:46,24.0,0.0,18.0,0.0,-4.12,量能安靜｜洗盤整理不破｜主力吸籌文字確認,v266.68,2026-10-01 01:22:50,NOISE,雜訊：條件不足。,WATCH,626
2026-09-30,3230,WATCH,54,41.4,50以下,0.0,0,佈局觀察,波動壓縮 | 均線收斂 | 接近突破 | 結構尚可,True,False,False,True,False,True,6.0,B,起漲結構中,MA20走平翻揚｜40D平台收斂｜短中均線糾結｜40D低點守住｜接近/站回MA60,平台壓縮後轉強，可優先觀察起漲/試單。,v266.57.9,6.0,無原分數欄位｜僅顯示結構前置分數,828.0,4.5,C,續強觀察,回檔不破前低｜收盤守MA5｜續強確認：收盤未跌破MA5,尚未看到明確回檔承接，保留觀察。,v266.57.9,5.05,0.55,0.5,GENERIC,測試排序分=原分數+結構前置分*策略權重+續強品質*策略權重；不覆蓋原策略,865.0,0.2,D,突破不足,MA5加速上彎｜扣分:收盤位置偏弱,尚未形成乾淨突破，不急著升級。,v266.57.9,WATCH,0.55,0.35,0.75,5.025,885.0,最後後處理補寫：原分數+結構前置+續強品質+突破品質；不覆蓋原策略,0.0,,一般,4.12,v266.58.1,2026-10-01 01:22:38,觀察,0,0,持續觀察,前狀態:觀察→今日:觀察,NO,v266.60.2,4.12,22.0,0.0,0.0,0.0,8.112,696.0,20/40/60結構佳｜主力佈局語意,起漲前優先,v266.61,2026-10-01 01:22:44,8.0,洗盤不破承接,無事件,等待下一次確認。,5.284,802,v266.62,2026-10-01 01:22:46,24.0,0.0,18.0,0.0,-4.12,量能安靜｜洗盤整理不破｜主力吸籌文字確認,v266.68,2026-10-01 01:22:50,NOISE,雜訊：條件不足。,WATCH,627
2026-09-30,4609,WATCH,54,4.15,50以下,0.0,0,佈局觀察,波動壓縮 | 均線收斂 | 接近突破 | 結構尚可,True,False,False,True,False,True,7.0,B,起漲結構中,MA20走平翻揚｜接近20日高｜40D平台收斂｜短中均線糾結｜40D低點守住｜接近/站回MA60,平台壓縮後轉強，可優先觀察起漲/試單。,v266.57.9,7.0,無原分數欄位｜僅顯示結構前置分數,710.0,5.5,B,續強品質中,回檔不破前低｜低點墊高確認｜收盤守MA5｜續強確認：收盤未跌破MA5,回檔承接尚可，若原策略入選，可優先觀察延續。,v266.57.9,5.6,0.55,0.5,GENERIC,測試排序分=原分數+結構前置分*策略權重+續強品質*策略權重；不覆蓋原策略,802.0,-1.0,D,突破不足,扣分:收盤位置偏弱,尚未形成乾淨突破，不急著升級。,v266.57.9,WATCH,0.55,0.35,0.75,5.025,885.0,最後後處理補寫：原分數+結構前置+續強品質+突破品質；不覆蓋原策略,0.0,,一般,4.12,v266.58.1,2026-10-01 01:22:38,觀察,0,0,持續觀察,前狀態:觀察→今日:觀察,NO,v266.60.2,4.12,30.0,0.0,0.0,0.0,10.912,667.0,20/40/60結構佳｜續強品質佳｜主力佈局語意,起漲前優先,v266.61,2026-10-01 01:22:44,8.0,洗盤不破承接,無事件,等待下一次確認。,5.284,803,v266.62,2026-10-01 01:22:46,24.0,0.0,18.0,0.0,-4.12,量能安靜｜洗盤整理不破｜主力吸籌文字確認,v266.68,2026-10-01 01:22:50,NOISE,雜訊：條件不足。,WATCH,628
2026-09-30,3455,WATCH,54,267.0,100-500,0.0,0,佈局觀察,波動壓縮 | 均線收斂 | 接近突破 | 結構尚可,True,False,False,True,False,True,10.0,A,起漲結構強,20D站上MA20｜MA20走平翻揚｜MA5站上MA10｜40D平台收斂｜短中均線糾結｜40D低點守住｜接近/站回MA60｜MA60不再下彎｜站回60D區間中上,平台壓縮後轉強，可優先觀察起漲/試單。,v266.57.9,8.0,無原分數欄位｜僅顯示結構前置分數,556.0,7.7,A,續強品質強,回檔不破前低｜低點墊高確認｜收盤守MA5｜續強確認：收盤未跌破MA5｜MA5仍在MA10上｜仍站MA20,回檔承接尚可，若原策略入選，可優先觀察延續。,v266.57.9,6.5,0.55,0.5,GENERIC,測試排序分=原分數+結構前置分*策略權重+續強品質*策略權重；不覆蓋原策略,681.0,-1.4,D,突破不足,短均多頭｜扣分:收盤位置偏弱、上影偏長,尚未形成乾淨突破，不急著升級。,v266.57.9,WATCH,0.55,0.35,0.75,7.145,718.0,最後後處理補寫：原分數+結構前置+續強品質+突破品質；不覆蓋原策略,0.0,,一般,5.859,v266.58.1,2026-10-01 01:22:38,觀察,0,-5,降級風險,前狀態:突破中→今日:觀察｜狀態降級,RISK,v266.60.2,4.109,30.0,0.0,0.0,15.0,4.698,835.0,20/40/60結構佳｜續強品質佳｜主力佈局語意｜風險語意扣分,過熱降權,v266.61,2026-10-01 01:22:44,8.0,洗盤不破承接,無事件,等待下一次確認。,5.276,804,v266.62,2026-10-01 01:22:46,24.0,0.0,18.0,0.0,-4.12,量能安靜｜洗盤整理不破｜主力吸籌文字確認,v266.68,2026-10-01 01:22:50,NOISE,雜訊：條件不足。,WATCH,629
2026-09-30,3272,WATCH,54,13.95,50以下,0.0,0,佈局觀察,波動壓縮 | 均線收斂 | 接近突破 | 結構尚可,True,False,False,True,False,True,6.0,B,起漲結構中,MA20走平翻揚｜40D平台收斂｜短中均線糾結｜40D低點守住｜接近/站回MA60,平台壓縮後轉強，可優先觀察起漲/試單。,v266.57.9,4.0,無原分數欄位｜僅顯示結構前置分數,931.0,7.0,A,續強品質強,回檔不破前低｜低點墊高確認｜收盤守MA5｜續強確認：收盤未跌破MA5｜回檔量縮,回檔承接尚可，若原策略入選，可優先觀察延續。,v266.57.9,3.95,0.55,0.5,GENERIC,測試排序分=原分數+結構前置分*策略權重+續強品質*策略權重；不覆蓋原策略,920.0,-1.0,D,突破不足,扣分:收盤位置偏弱,尚未形成乾淨突破，不急著升級。,v266.57.9,WATCH,0.55,0.35,0.75,5.0,888.0,最後後處理補寫：原分數+結構前置+續強品質+突破品質；不覆蓋原策略,0.0,,一般,4.1,v266.58.1,2026-10-01 01:22:38,觀察,0,0,持續觀察,前狀態:觀察→今日:觀察,NO,v266.60.2,4.1,30.0,0.0,0.0,0.0,10.91,669.0,20/40/60結構佳｜續強品質佳｜主力佈局語意,起漲前優先,v266.61,2026-10-01 01:22:44,8.0,洗盤不破承接,無事件,等待下一次確認。,5.27,805,v266.62,2026-10-01 01:22:46,24.0,0.0,18.0,0.0,-4.12,量能安靜｜洗盤整理不破｜主力吸籌文字確認,v266.68,2026-10-01 01:22:50,NOISE,雜訊：條件不足。,WATCH,630
2026-09-30,5905,WATCH,54,7.32,50以下,0.0,0,佈局觀察,波動壓縮 | 均線收斂 | 接近突破 | 結構尚可,True,False,False,True,False,True,6.0,B,起漲結構中,MA20走平翻揚｜40D平台收斂｜短中均線糾結｜40D低點守住｜接近/站回MA60,平台壓縮後轉強，可優先觀察起漲/試單。,v266.57.9,6.0,無原分數欄位｜僅顯示結構前置分數,828.0,7.0,A,續強品質強,回檔不破前低｜低點墊高確認｜收盤守MA5｜續強確認：收盤未跌破MA5｜回檔量縮,回檔承接尚可，若原策略入選，可優先觀察延續。,v266.57.9,5.8,0.55,0.5,GENERIC,測試排序分=原分數+結構前置分*策略權重+續強品質*策略權重；不覆蓋原策略,781.0,-1.0,D,突破不足,扣分:收盤位置偏弱,尚未形成乾淨突破，不急著升級。,v266.57.9,WATCH,0.55,0.35,0.75,5.0,888.0,最後後處理補寫：原分數+結構前置+續強品質+突破品質；不覆蓋原策略,0.0,,一般,4.1,v266.58.1,2026-10-01 01:22:38,觀察,0,0,持續觀察,前狀態:觀察→今日:觀察,NO,v266.60.2,4.1,30.0,0.0,0.0,0.0,10.91,669.0,20/40/60結構佳｜續強品質佳｜主力佈局語意,起漲前優先,v266.61,2026-10-01 01:22:44,8.0,洗盤不破承接,無事件,等待下一次確認。,5.27,806,v266.62,2026-10-01 01:22:46,24.0,0.0,18.0,0.0,-4.12,量能安靜｜洗盤整理不破｜主力吸籌文字確認,v266.68,2026-10-01 01:22:50,NOISE,雜訊：條件不足。,WATCH,631
2026-09-30,6469,WATCH,54,64.4,50-100,0.0,0,佈局觀察,波動壓縮 | 均線收斂 | 接近突破 | 結構尚可,True,False,False,True,False,True,6.0,B,起漲結構中,MA20走平翻揚｜40D平台收斂｜短中均線糾結｜40D低點守住｜接近/站回MA60,平台壓縮後轉強，可優先觀察起漲/試單。,v266.57.9,4.0,無原分數欄位｜僅顯示結構前置分數,931.0,7.0,A,續強品質強,回檔不破前低｜低點墊高確認｜收盤守MA5｜續強確認：收盤未跌破MA5｜回檔量縮,回檔承接尚可，若原策略入選，可優先觀察延續。,v266.57.9,3.95,0.55,0.5,GENERIC,測試排序分=原分數+結構前置分*策略權重+續強品質*策略權重；不覆蓋原策略,920.0,-1.0,D,突破不足,扣分:收盤位置偏弱,尚未形成乾淨突破，不急著升級。,v266.57.9,WATCH,0.55,0.35,0.75,5.0,888.0,最後後處理補寫：原分數+結構前置+續強品質+突破品質；不覆蓋原策略,0.0,,一般,4.1,v266.58.1,2026-10-01 01:22:38,觀察,0,0,持續觀察,前狀態:觀察→今日:觀察,NO,v266.60.2,4.1,30.0,0.0,0.0,0.0,10.91,669.0,20/40/60結構佳｜續強品質佳｜主力佈局語意,起漲前優先,v266.61,2026-10-01 01:22:44,8.0,洗盤不破承接,無事件,等待下一次確認。,5.27,807,v266.62,2026-10-01 01:22:46,24.0,0.0,18.0,0.0,-4.12,量能安靜｜洗盤整理不破｜主力吸籌文字確認,v266.68,2026-10-01 01:22:50,NOISE,雜訊：條件不足。,WATCH,632
2026-09-30,7814,WATCH,54,28.25,50以下,0.0,0,佈局觀察,波動壓縮 | 均線收斂 | 接近突破 | 結構尚可,True,False,False,True,False,True,7.0,B,起漲結構中,MA20走平翻揚｜40D平台收斂｜短中均線糾結｜40D低點守住｜接近/站回MA60｜MA60不再下彎,平台壓縮後轉強，可優先觀察起漲/試單。,v266.57.9,7.0,無原分數欄位｜僅顯示結構前置分數,710.0,5.3,B,續強品質中,回檔不破前低｜低點墊高確認｜收盤守MA5｜回測守MA10,回檔承接尚可，若原策略入選，可優先觀察延續。,v266.57.9,5.6,0.55,0.5,GENERIC,測試排序分=原分數+結構前置分*策略權重+續強品質*策略權重；不覆蓋原策略,802.0,-1.0,D,突破不足,扣分:收盤位置偏弱,尚未形成乾淨突破，不急著升級。,v266.57.9,WATCH,0.55,0.35,0.75,4.955,891.0,最後後處理補寫：原分數+結構前置+續強品質+突破品質；不覆蓋原策略,0.0,,一般,4.063,v266.58.1,2026-10-01 01:22:38,觀察,0,0,持續觀察,前狀態:觀察→今日:觀察,NO,v266.60.2,4.063,30.0,0.0,0.0,0.0,10.906,672.0,20/40/60結構佳｜續強品質佳｜主力佈局語意,起漲前優先,v266.61,2026-10-01 01:22:44,8.0,洗盤不破承接,無事件,等待下一次確認。,5.244,808,v266.62,2026-10-01 01:22:46,24.0,0.0,18.0,0.0,-4.12,量能安靜｜洗盤整理不破｜主力吸籌文字確認,v266.68,2026-10-01 01:22:50,NOISE,雜訊：條件不足。,WATCH,633
2026-09-30,6023,WATCH,54,85.0,50-100,0.0,0,佈局觀察,波動壓縮 | 均線收斂 | 接近突破 | 結構尚可,True,False,False,True,False,True,7.0,B,起漲結構中,MA20走平翻揚｜接近20日高｜40D平台收斂｜短中均線糾結｜40D低點守住｜接近/站回MA60,平台壓縮後轉強，可優先觀察起漲/試單。,v266.57.9,7.0,無原分數欄位｜僅顯示結構前置分數,710.0,5.3,B,續強品質中,回檔不破前低｜低點墊高確認｜收盤守MA5｜回測守MA10,回檔承接尚可，若原策略入選，可優先觀察延續。,v266.57.9,5.6,0.55,0.5,GENERIC,測試排序分=原分數+結構前置分*策略權重+續強品質*策略權重；不覆蓋原策略,802.0,-1.0,D,突破不足,扣分:收盤位置偏弱,尚未形成乾淨突破，不急著升級。,v266.57.9,WATCH,0.55,0.35,0.75,4.955,891.0,最後後處理補寫：原分數+結構前置+續強品質+突破品質；不覆蓋原策略,0.0,,一般,4.063,v266.58.1,2026-10-01 01:22:38,觀察,0,0,持續觀察,前狀態:觀察→今日:觀察,NO,v266.60.2,4.063,30.0,0.0,0.0,0.0,10.906,672.0,20/40/60結構佳｜續強品質佳｜主力佈局語意,起漲前優先,v266.61,2026-10-01 01:22:44,8.0,洗盤不破承接,無事件,等待下一次確認。,5.244,809,v266.62,2026-10-01 01:22:46,24.0,0.0,18.0,0.0,-4.12,量能安靜｜洗盤整理不破｜主力吸籌文字確認,v266.68,2026-10-01 01:22:50,NOISE,雜訊：條件不足。,WATCH,634
2026-09-30,4702,WATCH,54,9.31,50以下,0.0,0,佈局觀察,波動壓縮 | 均線收斂 | 接近突破 | 結構尚可,True,False,False,True,False,True,7.0,B,起漲結構中,MA20走平翻揚｜接近20日高｜40D平台收斂｜短中均線糾結｜40D低點守住｜接近/站回MA60,平台壓縮後轉強，可優先觀察起漲/試單。,v266.57.9,7.0,無原分數欄位｜僅顯示結構前置分數,710.0,5.3,B,續強品質中,回檔不破前低｜低點墊高確認｜收盤守MA5｜回測守MA10,回檔承接尚可，若原策略入選，可優先觀察延續。,v266.57.9,5.6,0.55,0.5,GENERIC,測試排序分=原分數+結構前置分*策略權重+續強品質*策略權重；不覆蓋原策略,802.0,-1.0,D,突破不足,扣分:收盤位置偏弱,尚未形成乾淨突破，不急著升級。,v266.57.9,WATCH,0.55,0.35,0.75,4.955,891.0,最後後處理補寫：原分數+結構前置+續強品質+突破品質；不覆蓋原策略,0.0,,一般,4.063,v266.58.1,2026-10-01 01:22:38,觀察,0,0,持續觀察,前狀態:觀察→今日:觀察,NO,v266.60.2,4.063,30.0,0.0,0.0,0.0,10.906,672.0,20/40/60結構佳｜續強品質佳｜主力佈局語意,起漲前優先,v266.61,2026-10-01 01:22:44,8.0,洗盤不破承接,無事件,等待下一次確認。,5.244,810,v266.62,2026-10-01 01:22:46,24.0,0.0,18.0,0.0,-4.12,量能安靜｜洗盤整理不破｜主力吸籌文字確認,v266.68,2026-10-01 01:22:50,NOISE,雜訊：條件不足。,WATCH,635
2026-09-30,8279,WATCH,54,78.0,50-100,0.0,0,佈局觀察,波動壓縮 | 均線收斂 | 接近突破 | 結構尚可,True,False,False,True,False,True,7.0,B,起漲結構中,MA20走平翻揚｜接近20日高｜40D平台收斂｜短中均線糾結｜40D低點守住｜接近/站回MA60,平台壓縮後轉強，可優先觀察起漲/試單。,v266.57.9,7.0,無原分數欄位｜僅顯示結構前置分數,710.0,5.3,B,續強品質中,回檔不破前低｜低點墊高確認｜收盤守MA5｜回測守MA10,回檔承接尚可，若原策略入選，可優先觀察延續。,v266.57.9,5.6,0.55,0.5,GENERIC,測試排序分=原分數+結構前置分*策略權重+續強品質*策略權重；不覆蓋原策略,802.0,-1.0,D,突破不足,扣分:收盤位置偏弱,尚未形成乾淨突破，不急著升級。,v266.57.9,WATCH,0.55,0.35,0.75,4.955,891.0,最後後處理補寫：原分數+結構前置+續強品質+突破品質；不覆蓋原策略,0.0,,一般,4.063,v266.58.1,2026-10-01 01:22:38,觀察,0,0,持續觀察,前狀態:觀察→今日:觀察,NO,v266.60.2,4.063,30.0,0.0,0.0,0.0,10.906,672.0,20/40/60結構佳｜續強品質佳｜主力佈局語意,起漲前優先,v266.61,2026-10-01 01:22:44,8.0,洗盤不破承接,無事件,等待下一次確認。,5.244,811,v266.62,2026-10-01 01:22:46,24.0,0.0,18.0,0.0,-4.12,量能安靜｜洗盤整理不破｜主力吸籌文字確認,v266.68,2026-10-01 01:22:50,NOISE,雜訊：條件不足。,WATCH,636
2026-09-30,6411,WATCH,54,77.6,50-100,0.0,0,佈局觀察,波動壓縮 | 均線收斂 | 接近突破 | 結構尚可,True,False,False,True,False,True,6.0,B,起漲結構中,MA20走平翻揚｜40D平台收斂｜短中均線糾結｜40D低點守住｜接近/站回MA60,平台壓縮後轉強，可優先觀察起漲/試單。,v266.57.9,6.0,無原分數欄位｜僅顯示結構前置分數,828.0,6.8,B,續強品質中,回檔不破前低｜低點墊高確認｜收盤守MA5｜回測守MA10｜回檔量縮,回檔承接尚可，若原策略入選，可優先觀察延續。,v266.57.9,5.8,0.55,0.5,GENERIC,測試排序分=原分數+結構前置分*策略權重+續強品質*策略權重；不覆蓋原策略,781.0,-1.0,D,突破不足,扣分:收盤位置偏弱,尚未形成乾淨突破，不急著升級。,v266.57.9,WATCH,0.55,0.35,0.75,4.93,895.0,最後後處理補寫：原分數+結構前置+續強品質+突破品質；不覆蓋原策略,0.0,,一般,4.043,v266.58.1,2026-10-01 01:22:38,觀察,0,0,持續觀察,前狀態:觀察→今日:觀察,NO,v266.60.2,4.043,30.0,0.0,0.0,0.0,10.904,676.0,20/40/60結構佳｜續強品質佳｜主力佈局語意,起漲前優先,v266.61,2026-10-01 01:22:44,8.0,洗盤不破承接,無事件,等待下一次確認。,5.23,812,v266.62,2026-10-01 01:22:46,24.0,0.0,18.0,0.0,-4.12,量能安靜｜洗盤整理不破｜主力吸籌文字確認,v266.68,2026-10-01 01:22:50,NOISE,雜訊：條件不足。,WATCH,637
2026-09-30,9902,WATCH,54,13.2,50以下,0.0,0,佈局觀察,波動壓縮 | 均線收斂 | 接近突破 | 結構尚可,True,False,False,True,False,True,6.0,B,起漲結構中,40D平台收斂｜短中均線糾結｜40D低點守住｜接近/站回MA60｜近5日量縮,平台壓縮後轉強，可優先觀察起漲/試單。,v266.57.9,4.0,無原分數欄位｜僅顯示結構前置分數,931.0,6.8,B,續強品質中,回檔不破前低｜低點墊高確認｜收盤守MA5｜回測守MA10｜回檔量縮,回檔承接尚可，若原策略入選，可優先觀察延續。,v266.57.9,3.95,0.55,0.5,GENERIC,測試排序分=原分數+結構前置分*策略權重+續強品質*策略權重；不覆蓋原策略,920.0,-1.0,D,突破不足,扣分:收盤位置偏弱,尚未形成乾淨突破，不急著升級。,v266.57.9,WATCH,0.55,0.35,0.75,4.93,895.0,最後後處理補寫：原分數+結構前置+續強品質+突破品質；不覆蓋原策略,0.0,,一般,4.043,v266.58.1,2026-10-01 01:22:38,觀察,0,0,持續觀察,前狀態:觀察→今日:觀察,NO,v266.60.2,4.043,30.0,0.0,0.0,0.0,10.904,676.0,20/40/60結構佳｜續強品質佳｜主力佈局語意,起漲前優先,v266.61,2026-10-01 01:22:44,8.0,洗盤不破承接,無事件,等待下一次確認。,5.23,813,v266.62,2026-10-01 01:22:46,24.0,0.0,18.0,0.0,-4.12,量能安靜｜洗盤整理不破｜主力吸籌文字確認,v266.68,2026-10-01 01:22:50,NOISE,雜訊：條件不足。,WATCH,638
2026-09-30,1742,WATCH,54,17.6,50以下,0.0,0,佈局觀察,波動壓縮 | 均線收斂 | 接近突破 | 結構尚可,True,False,False,True,False,True,10.0,A,起漲結構強,20D站上MA20｜MA20走平翻揚｜接近20日高｜40D平台收斂｜短中均線糾結｜40D低點守住｜接近/站回MA60｜MA60不再下彎｜站回60D區間中上,平台壓縮後轉強，可優先觀察起漲/試單。,v266.57.9,10.0,無原分數欄位｜僅顯示結構前置分數,253.0,6.5,B,續強品質中,回檔不破前低｜低點墊高確認｜收盤守MA5｜續強確認：收盤未跌破MA5｜仍站MA20,回檔承接尚可，若原策略入選，可優先觀察延續。,v266.57.9,7.75,0.55,0.5,GENERIC,測試排序分=原分數+結構前置分*策略權重+續強品質*策略權重；不覆蓋原策略,463.0,-1.0,D,突破不足,扣分:收盤位置偏弱,尚未形成乾淨突破，不急著升級。,v266.57.9,WATCH,0.55,0.35,0.75,7.025,729.0,最後後處理補寫：原分數+結構前置+續強品質+突破品質；不覆蓋原策略,0.0,,一般,5.76,v266.58.1,2026-10-01 01:22:38,觀察,0,-5,降級風險,前狀態:突破中→今日:觀察｜狀態降級,RISK,v266.60.2,4.01,30.0,0.0,0.0,15.0,4.688,837.0,20/40/60結構佳｜續強品質佳｜主力佈局語意｜風險語意扣分,過熱降權,v266.61,2026-10-01 01:22:44,8.0,洗盤不破承接,無事件,等待下一次確認。,5.207,814,v266.62,2026-10-01 01:22:46,24.0,0.0,18.0,0.0,-4.12,量能安靜｜洗盤整理不破｜主力吸籌文字確認,v266.68,2026-10-01 01:22:50,NOISE,雜訊：條件不足。,WATCH,639
2026-09-30,9917,WATCH,54,105.5,100-500,0.0,0,佈局觀察,波動壓縮 | 均線收斂 | 接近突破 | 結構尚可,True,False,False,True,False,True,7.0,B,起漲結構中,接近20日高｜40D平台收斂｜短中均線糾結｜40D低點守住｜接近/站回MA60｜MA60不再下彎,平台壓縮後轉強，可優先觀察起漲/試單。,v266.57.9,5.0,無原分數欄位｜僅顯示結構前置分數,907.0,5.0,B,續強品質中,回檔不破前低｜低點墊高確認｜收盤守MA5｜回檔量縮｜扣分:跌破短均,回檔承接尚可，若原策略入選，可優先觀察延續。,v266.57.9,4.5,0.55,0.5,GENERIC,測試排序分=原分數+結構前置分*策略權重+續強品質*策略權重；不覆蓋原策略,900.0,-1.0,D,突破不足,扣分:收盤位置偏弱,尚未形成乾淨突破，不急著升級。,v266.57.9,WATCH,0.55,0.35,0.75,4.85,899.0,最後後處理補寫：原分數+結構前置+續強品質+突破品質；不覆蓋原策略,0.0,,一般,3.977,v266.58.1,2026-10-01 01:22:38,觀察,0,0,持續觀察,前狀態:觀察→今日:觀察,NO,v266.60.2,3.977,30.0,0.0,0.0,0.0,10.898,678.0,20/40/60結構佳｜續強品質佳｜主力佈局語意,起漲前優先,v266.61,2026-10-01 01:22:44,8.0,洗盤不破承接,無事件,等待下一次確認。,5.184,815,v266.62,2026-10-01 01:22:46,24.0,0.0,18.0,0.0,-4.12,量能安靜｜洗盤整理不破｜主力吸籌文字確認,v266.68,2026-10-01 01:22:50,NOISE,雜訊：條件不足。,WATCH,640
2026-09-30,4138,WATCH,54,54.3,50-100,0.0,0,佈局觀察,波動壓縮 | 均線收斂 | 接近突破 | 結構尚可,True,False,False,True,False,True,9.0,A,起漲結構強,20D站上MA20｜MA5站上MA10｜40D平台收斂｜短中均線糾結｜40D低點守住｜接近/站回MA60｜MA60不再下彎｜站回60D區間中上,平台壓縮後轉強，可優先觀察起漲/試單。,v266.57.9,9.0,無原分數欄位｜僅顯示結構前置分數,391.0,6.0,B,續強品質中,回檔不破前低｜低點墊高確認｜回測守MA10｜MA5仍在MA10上｜仍站MA20,回檔承接尚可，若原策略入選，可優先觀察延續。,v266.57.9,7.45,0.55,0.5,GENERIC,測試排序分=原分數+結構前置分*策略權重+續強品質*策略權重；不覆蓋原策略,503.0,-0.2,D,突破不足,短均多頭｜扣分:收盤位置偏弱,尚未形成乾淨突破，不急著升級。,v266.57.9,WATCH,0.55,0.35,0.75,6.9,733.0,最後後處理補寫：原分數+結構前置+續強品質+突破品質；不覆蓋原策略,0.0,,一般,5.658,v266.58.1,2026-10-01 01:22:38,觀察,0,-5,降級風險,前狀態:突破中→今日:觀察｜狀態降級,RISK,v266.60.2,3.908,30.0,0.0,0.0,15.0,4.678,838.0,20/40/60結構佳｜續強品質佳｜主力佈局語意｜風險語意扣分,過熱降權,v266.61,2026-10-01 01:22:44,8.0,洗盤不破承接,無事件,等待下一次確認。,5.136,816,v266.62,2026-10-01 01:22:46,24.0,0.0,18.0,0.0,-4.12,量能安靜｜洗盤整理不破｜主力吸籌文字確認,v266.68,2026-10-01 01:22:50,NOISE,雜訊：條件不足。,WATCH,641
2026-09-30,5356,WATCH,54,25.7,50以下,0.0,0,佈局觀察,波動壓縮 | 均線收斂 | 接近突破 | 結構尚可,True,False,False,True,False,True,8.0,A,起漲結構強,MA20走平翻揚｜接近20日高｜40D平台收斂｜短中均線糾結｜40D低點守住｜接近/站回MA60｜站回60D區間中上,平台壓縮後轉強，可優先觀察起漲/試單。,v266.57.9,6.0,無原分數欄位｜僅顯示結構前置分數,828.0,5.3,B,續強品質中,回檔不破前低｜低點墊高確認｜收盤守MA5｜回測守MA10,回檔承接尚可，若原策略入選，可優先觀察延續。,v266.57.9,4.3,0.55,0.5,GENERIC,測試排序分=原分數+結構前置分*策略權重+續強品質*策略權重；不覆蓋原策略,910.0,-2.2,D,突破不足,扣分:收盤位置偏弱、上影偏長,尚未形成乾淨突破，不急著升級。,v266.57.9,WATCH,0.55,0.35,0.75,4.605,913.0,最後後處理補寫：原分數+結構前置+續強品質+突破品質；不覆蓋原策略,0.0,,一般,3.776,v266.58.1,2026-10-01 01:22:38,觀察,0,0,持續觀察,前狀態:觀察→今日:觀察,NO,v266.60.2,3.776,30.0,0.0,0.0,0.0,10.878,679.0,20/40/60結構佳｜續強品質佳｜主力佈局語意,起漲前優先,v266.61,2026-10-01 01:22:44,8.0,洗盤不破承接,無事件,等待下一次確認。,5.043,817,v266.62,2026-10-01 01:22:46,24.0,0.0,18.0,0.0,-4.12,量能安靜｜洗盤整理不破｜主力吸籌文字確認,v266.68,2026-10-01 01:22:50,NOISE,雜訊：條件不足。,WATCH,642
2026-09-30,3624,WATCH,54,137.5,100-500,0.0,0,佈局觀察,波動壓縮 | 均線收斂 | 接近突破 | 結構尚可,True,False,False,True,False,True,7.5,B,起漲結構中,20D站上MA20｜MA20走平翻揚｜MA5站上MA10｜短中均線糾結｜40D低點守住｜接近/站回MA60｜站回60D區間中上,平台壓縮後轉強，可優先觀察起漲/試單。,v266.57.9,7.5,無原分數欄位｜僅顯示結構前置分數,699.0,7.5,A,續強品質強,回檔不破前低｜低點墊高確認｜收盤守MA5｜回測守MA10｜MA5仍在MA10上｜仍站MA20,回檔承接尚可，若原策略入選，可優先觀察延續。,v266.57.9,6.975,0.55,0.5,GENERIC,測試排序分=原分數+結構前置分*策略權重+續強品質*策略權重；不覆蓋原策略,590.0,-0.2,D,突破不足,短均多頭｜扣分:收盤位置偏弱,尚未形成乾淨突破，不急著升級。,v266.57.9,WATCH,0.55,0.35,0.75,6.6,768.0,最後後處理補寫：原分數+結構前置+續強品質+突破品質；不覆蓋原策略,0.0,,一般,5.412,v266.58.1,2026-10-01 01:22:38,觀察,0,-5,降級風險,前狀態:突破中→今日:觀察｜狀態降級,RISK,v266.60.2,3.662,30.0,0.0,0.0,15.0,4.654,848.0,20/40/60結構佳｜續強品質佳｜主力佈局語意｜風險語意扣分,過熱降權,v266.61,2026-10-01 01:22:44,8.0,洗盤不破承接,無事件,等待下一次確認。,4.963,818,v266.62,2026-10-01 01:22:46,24.0,0.0,18.0,0.0,-4.12,量能安靜｜洗盤整理不破｜主力吸籌文字確認,v266.68,2026-10-01 01:22:50,NOISE,雜訊：條件不足。,WATCH,643
2026-09-30,4416,WATCH,54,13.35,50以下,0.0,0,佈局觀察,波動壓縮 | 均線收斂 | 接近突破 | 結構尚可,True,False,False,True,False,True,7.5,B,起漲結構中,20D站上MA20｜MA20走平翻揚｜MA5站上MA10｜短中均線糾結｜接近/站回MA60｜MA60不再下彎｜站回60D區間中上,平台壓縮後轉強，可優先觀察起漲/試單。,v266.57.9,7.5,無原分數欄位｜僅顯示結構前置分數,699.0,7.5,A,續強品質強,回檔不破前低｜低點墊高確認｜回測守MA10｜回檔量縮｜MA5仍在MA10上｜仍站MA20,回檔承接尚可，若原策略入選，可優先觀察延續。,v266.57.9,7.375,0.55,0.5,GENERIC,測試排序分=原分數+結構前置分*策略權重+續強品質*策略權重；不覆蓋原策略,534.0,-0.2,D,突破不足,短均多頭｜扣分:收盤位置偏弱,尚未形成乾淨突破，不急著升級。,v266.57.9,WATCH,0.55,0.35,0.75,6.6,768.0,最後後處理補寫：原分數+結構前置+續強品質+突破品質；不覆蓋原策略,0.0,,一般,5.412,v266.58.1,2026-10-01 01:22:38,觀察,0,-5,降級風險,前狀態:突破中→今日:觀察｜狀態降級,RISK,v266.60.2,3.662,30.0,0.0,0.0,15.0,4.654,848.0,20/40/60結構佳｜續強品質佳｜主力佈局語意｜風險語意扣分,過熱降權,v266.61,2026-10-01 01:22:44,8.0,洗盤不破承接,無事件,等待下一次確認。,4.963,819,v266.62,2026-10-01 01:22:46,24.0,0.0,18.0,0.0,-4.12,量能安靜｜洗盤整理不破｜主力吸籌文字確認,v266.68,2026-10-01 01:22:50,NOISE,雜訊：條件不足。,WATCH,644
2026-09-30,6561,WATCH,54,307.0,100-500,0.0,0,佈局觀察,波動壓縮 | 均線收斂 | 接近突破 | 結構尚可,True,False,False,True,False,True,6.0,B,起漲結構中,MA20走平翻揚｜40D平台收斂｜短中均線糾結｜40D低點守住｜接近/站回MA60,平台壓縮後轉強，可優先觀察起漲/試單。,v266.57.9,6.0,無原分數欄位｜僅顯示結構前置分數,828.0,5.3,B,續強品質中,回檔不破前低｜低點墊高確認｜收盤守MA5｜回測守MA10,回檔承接尚可，若原策略入選，可優先觀察延續。,v266.57.9,5.05,0.55,0.5,GENERIC,測試排序分=原分數+結構前置分*策略權重+續強品質*策略權重；不覆蓋原策略,865.0,-1.0,D,突破不足,扣分:收盤位置偏弱,尚未形成乾淨突破，不急著升級。,v266.57.9,WATCH,0.55,0.35,0.75,4.405,921.0,最後後處理補寫：原分數+結構前置+續強品質+突破品質；不覆蓋原策略,0.0,,一般,3.612,v266.58.1,2026-10-01 01:22:38,觀察,0,0,持續觀察,前狀態:觀察→今日:觀察,NO,v266.60.2,3.612,30.0,0.0,0.0,0.0,10.861,680.0,20/40/60結構佳｜續強品質佳｜主力佈局語意,起漲前優先,v266.61,2026-10-01 01:22:44,8.0,洗盤不破承接,無事件,等待下一次確認。,4.928,820,v266.62,2026-10-01 01:22:46,24.0,0.0,18.0,0.0,-4.12,量能安靜｜洗盤整理不破｜主力吸籌文字確認,v266.68,2026-10-01 01:22:50,NOISE,雜訊：條件不足。,WATCH,645
2026-09-30,8069,WATCH,54,144.0,100-500,0.0,0,佈局觀察,波動壓縮 | 均線收斂 | 接近突破 | 結構尚可,True,False,False,True,False,True,6.0,B,起漲結構中,MA20走平翻揚｜40D平台收斂｜短中均線糾結｜40D低點守住｜接近/站回MA60,平台壓縮後轉強，可優先觀察起漲/試單。,v266.57.9,4.0,無原分數欄位｜僅顯示結構前置分數,931.0,5.3,B,續強品質中,回檔不破前低｜低點墊高確認｜收盤守MA5｜回測守MA10,回檔承接尚可，若原策略入選，可優先觀察延續。,v266.57.9,3.2,0.55,0.5,GENERIC,測試排序分=原分數+結構前置分*策略權重+續強品質*策略權重；不覆蓋原策略,938.0,-1.0,D,突破不足,扣分:收盤位置偏弱,尚未形成乾淨突破，不急著升級。,v266.57.9,WATCH,0.55,0.35,0.75,4.405,921.0,最後後處理補寫：原分數+結構前置+續強品質+突破品質；不覆蓋原策略,0.0,,一般,3.612,v266.58.1,2026-10-01 01:22:38,觀察,0,0,持續觀察,前狀態:觀察→今日:觀察,NO,v266.60.2,3.612,30.0,0.0,0.0,0.0,10.861,680.0,20/40/60結構佳｜續強品質佳｜主力佈局語意,起漲前優先,v266.61,2026-10-01 01:22:44,8.0,洗盤不破承接,無事件,等待下一次確認。,4.928,821,v266.62,2026-10-01 01:22:46,24.0,0.0,18.0,0.0,-4.12,量能安靜｜洗盤整理不破｜主力吸籌文字確認,v266.68,2026-10-01 01:22:50,NOISE,雜訊：條件不足。,WATCH,646
2026-09-30,6637,WATCH,54,53.8,50-100,0.0,0,佈局觀察,波動壓縮 | 均線收斂 | 接近突破 | 結構尚可,True,False,False,True,False,True,6.0,B,起漲結構中,MA20走平翻揚｜40D平台收斂｜短中均線糾結｜40D低點守住｜接近/站回MA60,平台壓縮後轉強，可優先觀察起漲/試單。,v266.57.9,6.0,無原分數欄位｜僅顯示結構前置分數,828.0,5.3,B,續強品質中,回檔不破前低｜低點墊高確認｜收盤守MA5｜回測守MA10,回檔承接尚可，若原策略入選，可優先觀察延續。,v266.57.9,5.05,0.55,0.5,GENERIC,測試排序分=原分數+結構前置分*策略權重+續強品質*策略權重；不覆蓋原策略,865.0,-1.0,D,突破不足,扣分:收盤位置偏弱,尚未形成乾淨突破，不急著升級。,v266.57.9,WATCH,0.55,0.35,0.75,4.405,921.0,最後後處理補寫：原分數+結構前置+續強品質+突破品質；不覆蓋原策略,0.0,,一般,3.612,v266.58.1,2026-10-01 01:22:38,觀察,0,0,持續觀察,前狀態:觀察→今日:觀察,NO,v266.60.2,3.612,30.0,0.0,0.0,0.0,10.861,680.0,20/40/60結構佳｜續強品質佳｜主力佈局語意,起漲前優先,v266.61,2026-10-01 01:22:44,8.0,洗盤不破承接,無事件,等待下一次確認。,4.928,822,v266.62,2026-10-01 01:22:46,24.0,0.0,18.0,0.0,-4.12,量能安靜｜洗盤整理不破｜主力吸籌文字確認,v266.68,2026-10-01 01:22:50,NOISE,雜訊：條件不足。,WATCH,647
2026-09-30,6291,WATCH,54,500.0,500-1000,0.0,0,佈局觀察,波動壓縮 | 均線收斂 | 接近突破 | 結構尚可,True,False,False,True,False,True,8.0,A,起漲結構強,20D站上MA20｜MA20走平翻揚｜40D平台收斂｜短中均線糾結｜40D低點守住｜接近/站回MA60｜站回60D區間中上,平台壓縮後轉強，可優先觀察起漲/試單。,v266.57.9,8.0,無原分數欄位｜僅顯示結構前置分數,556.0,8.0,A,續強品質強,回檔不破前低｜低點墊高確認｜收盤守MA5｜續強確認：收盤未跌破MA5｜回檔量縮｜仍站MA20,回檔承接尚可，若原策略入選，可優先觀察延續。,v266.57.9,7.4,0.55,0.5,GENERIC,測試排序分=原分數+結構前置分*策略權重+續強品質*策略權重；不覆蓋原策略,521.0,-1.0,D,突破不足,扣分:收盤位置偏弱,尚未形成乾淨突破，不急著升級。,v266.57.9,WATCH,0.55,0.35,0.75,6.45,779.0,最後後處理補寫：原分數+結構前置+續強品質+突破品質；不覆蓋原策略,0.0,,一般,5.289,v266.58.1,2026-10-01 01:22:38,觀察,0,-5,降級風險,前狀態:突破中→今日:觀察｜狀態降級,RISK,v266.60.2,3.539,30.0,0.0,0.0,15.0,4.641,850.0,20/40/60結構佳｜續強品質佳｜主力佈局語意｜風險語意扣分,過熱降權,v266.61,2026-10-01 01:22:44,8.0,洗盤不破承接,無事件,等待下一次確認。,4.877,823,v266.62,2026-10-01 01:22:46,24.0,0.0,18.0,0.0,-4.12,量能安靜｜洗盤整理不破｜主力吸籌文字確認,v266.68,2026-10-01 01:22:50,NOISE,雜訊：條件不足。,WATCH,648
2026-09-30,6617,WATCH,54,138.5,100-500,0.0,0,佈局觀察,波動壓縮 | 均線收斂 | 接近突破 | 結構尚可,True,False,False,True,False,True,7.5,B,起漲結構中,20D站上MA20｜MA20走平翻揚｜短中均線糾結｜40D低點守住｜接近/站回MA60｜MA60不再下彎｜站回60D區間中上,平台壓縮後轉強，可優先觀察起漲/試單。,v266.57.9,5.5,無原分數欄位｜僅顯示結構前置分數,905.0,6.5,B,續強品質中,回檔不破前低｜低點墊高確認｜收盤守MA5｜續強確認：收盤未跌破MA5｜仍站MA20,回檔承接尚可，若原策略入選，可優先觀察延續。,v266.57.9,4.525,0.55,0.5,GENERIC,測試排序分=原分數+結構前置分*策略權重+續強品質*策略權重；不覆蓋原策略,899.0,0.0,D,突破不足,,尚未形成乾淨突破，不急著升級。,v266.57.9,WATCH,0.55,0.35,0.75,6.4,783.0,最後後處理補寫：原分數+結構前置+續強品質+突破品質；不覆蓋原策略,0.0,,一般,5.248,v266.58.1,2026-10-01 01:22:38,觀察,0,-5,降級風險,前狀態:突破中→今日:觀察｜狀態降級,RISK,v266.60.2,3.498,30.0,0.0,0.0,15.0,4.637,851.0,20/40/60結構佳｜續強品質佳｜主力佈局語意｜風險語意扣分,過熱降權,v266.61,2026-10-01 01:22:44,8.0,洗盤不破承接,無事件,等待下一次確認。,4.849,824,v266.62,2026-10-01 01:22:46,24.0,0.0,18.0,0.0,-4.12,量能安靜｜洗盤整理不破｜主力吸籌文字確認,v266.68,2026-10-01 01:22:50,NOISE,雜訊：條件不足。,WATCH,649
2026-09-30,7805,WATCH,54,494.0,100-500,0.0,0,佈局觀察,波動壓縮 | 均線收斂 | 接近突破 | 結構尚可,True,False,False,True,False,True,4.5,C,結構觀察,MA20走平翻揚｜短中均線糾結｜40D低點守住｜接近/站回MA60,結構證據不足，保留原策略但降低信心。,v266.57.9,4.5,無原分數欄位｜僅顯示結構前置分數,930.0,6.8,B,續強品質中,回檔不破前低｜低點墊高確認｜收盤守MA5｜回測守MA10｜回檔量縮,回檔承接尚可，若原策略入選，可優先觀察延續。,v266.57.9,4.975,0.55,0.5,GENERIC,測試排序分=原分數+結構前置分*策略權重+續強品質*策略權重；不覆蓋原策略,883.0,-1.0,D,突破不足,扣分:收盤位置偏弱,尚未形成乾淨突破，不急著升級。,v266.57.9,WATCH,0.55,0.35,0.75,4.105,932.0,最後後處理補寫：原分數+結構前置+續強品質+突破品質；不覆蓋原策略,0.0,,一般,3.366,v266.58.1,2026-10-01 01:22:38,觀察,0,0,持續觀察,前狀態:觀察→今日:觀察,NO,v266.60.2,3.366,8.0,0.0,0.0,0.0,3.137,880.0,續強品質佳,觀察,v266.61,2026-10-01 01:22:44,8.0,洗盤不破承接,無事件,等待下一次確認。,4.756,825,v266.62,2026-10-01 01:22:46,24.0,0.0,18.0,0.0,-4.12,量能安靜｜洗盤整理不破｜主力吸籌文字確認,v266.68,2026-10-01 01:22:50,NOISE,雜訊：條件不足。,WATCH,650
2026-09-30,3710,WATCH,54,8.32,50以下,0.0,0,佈局觀察,波動壓縮 | 均線收斂 | 接近突破 | 結構尚可,True,False,False,True,False,True,7.5,B,起漲結構中,20D站上MA20｜接近20日高｜短中均線糾結｜40D低點守住｜接近/站回MA60｜MA60不再下彎｜站回60D區間中上,平台壓縮後轉強，可優先觀察起漲/試單。,v266.57.9,7.5,無原分數欄位｜僅顯示結構前置分數,699.0,8.0,A,續強品質強,回檔不破前低｜低點墊高確認｜收盤守MA5｜續強確認：收盤未跌破MA5｜回檔量縮｜仍站MA20,回檔承接尚可，若原策略入選，可優先觀察延續。,v266.57.9,7.125,0.55,0.5,GENERIC,測試排序分=原分數+結構前置分*策略權重+續強品質*策略權重；不覆蓋原策略,579.0,-1.0,D,突破不足,扣分:收盤位置偏弱,尚未形成乾淨突破，不急著升級。,v266.57.9,WATCH,0.55,0.35,0.75,6.175,803.0,最後後處理補寫：原分數+結構前置+續強品質+突破品質；不覆蓋原策略,0.0,,一般,5.063,v266.58.1,2026-10-01 01:22:38,觀察,0,-5,降級風險,前狀態:突破中→今日:觀察｜狀態降級,RISK,v266.60.2,3.313,30.0,0.0,0.0,15.0,4.619,857.0,20/40/60結構佳｜續強品質佳｜主力佈局語意｜風險語意扣分,過熱降權,v266.61,2026-10-01 01:22:44,8.0,洗盤不破承接,無事件,等待下一次確認。,4.719,826,v266.62,2026-10-01 01:22:46,24.0,0.0,18.0,0.0,-4.12,量能安靜｜洗盤整理不破｜主力吸籌文字確認,v266.68,2026-10-01 01:22:50,NOISE,雜訊：條件不足。,WATCH,651
2026-09-30,9955,TEST,66,23.1,50以下,0.005,5000,佈局高機率,波動壓縮 | 安靜吸籌 | 均線收斂 | 接近突破,True,True,False,True,False,True,6.0,B,起漲結構中,40D平台收斂｜短中均線糾結｜40D低點守住｜量縮後溫和放量,平台壓縮後轉強，可優先觀察起漲/試單。,v266.57.9,6.0,無原分數欄位｜僅顯示結構前置分數,828.0,2.5,D,續強偏弱,收盤守MA5｜續強確認：收盤未跌破MA5,尚未看到明確回檔承接，保留觀察。,v266.57.9,4.05,0.55,0.5,GENERIC,測試排序分=原分數+結構前置分*策略權重+續強品質*策略權重；不覆蓋原策略,917.0,1.5,D,突破不足,收盤接近高點,尚未形成乾淨突破，不急著升級。,v266.57.9,TEST,0.8,0.5,0.9,7.4,683.0,最後後處理補寫：原分數+結構前置+續強品質+突破品質；不覆蓋原策略,0.0,,一般,6.068,v266.58.1,2026-10-01 01:22:38,觀察,0,0,持續觀察,前狀態:觀察→今日:觀察,NO,v266.60.2,6.068,22.0,0.0,0.0,0.0,8.307,694.0,20/40/60結構佳｜主力佈局語意,起漲前優先,v266.61,2026-10-01 01:22:44,0.0,,無事件,等待下一次確認。,4.248,827,v266.62,2026-10-01 01:22:46,12.0,0.0,0.0,0.0,-12.64,量能安靜,v266.68,2026-10-01 01:22:50,NOISE,雜訊：條件不足。,WATCH,652
2026-09-30,2105,TEST,72,30.65,50以下,0.005,5000,佈局高機率,波動壓縮 | 安靜吸籌 | 均線收斂 | 接近突破 | 結構尚可,True,True,False,True,False,True,12.0,A,起漲結構強,20D站上MA20｜MA5站上MA10｜接近20日高｜40D平台收斂｜短中均線糾結｜40D低點守住｜接近/站回MA60｜MA60不再下彎｜量縮後溫和放量｜5D動能轉正｜10D動能轉正,平台壓縮後轉強，可優先觀察起漲/試單。,v266.57.9,12.0,無原分數欄位｜僅顯示結構前置分數,1.0,10.0,A,續強品質強,回檔不破前低｜低點墊高確認｜收盤守MA5｜續強確認：收盤未跌破MA5｜回檔量縮｜MA5仍在MA10上｜仍站MA20｜10D動能維持,回檔承接尚可，若原策略入選，可優先觀察延續。,v266.57.9,10.7,0.55,0.5,GENERIC,測試排序分=原分數+結構前置分*策略權重+續強品質*策略權重；不覆蓋原策略,1.0,7.7,A,突破品質強,紅K實體放大｜收盤接近高點｜量能較前日放大｜突破近5日高｜MA5加速上彎｜短均多頭,TEST有升級IGNITION條件，可優先觀察隔日延續。,v266.57.9,TEST,0.8,0.5,0.9,21.53,1.0,最後後處理補寫：原分數+結構前置+續強品質+突破品質；不覆蓋原策略,0.0,,一般,17.655,v266.58.1,2026-10-01 01:22:38,發動中,5,15,準IGNITION,前狀態:發動中→今日:發動中｜強狀態維持｜強狀態連續維持｜具備點火條件,READY,v266.60.2,22.905,30.0,32.0,0.0,0.0,22.088,5.0,20/40/60結構佳｜續強品質佳｜主力佈局語意｜狀態升級強｜具升級旗標｜升級標籤｜突破品質輔助,高優先準點火,v266.61,2026-10-01 01:22:44,31.0,洗盤不破承接｜突破品質成立但未過熱｜狀態升級觸發｜狀態轉移轉強,強點火事件,可列入優先追蹤，觀察隔日不破MA5/MA10。,25.334,7,v266.62,2026-10-01 01:22:46,24.0,0.0,40.0,35.0,-16.27,量能安靜｜洗盤整理不破｜主力吸籌文字確認｜狀態轉移剛加速｜狀態剛升級｜假突破/出貨文字風險,v266.68,2026-10-01 01:22:50,FAKE_BREAKOUT_RISK,假突破/追高風險：避免追價。,WATCH,653
2026-09-30,5236,TEST,66,137.5,100-500,0.005,5000,佈局高機率,波動壓縮 | 安靜吸籌 | 均線收斂 | 接近突破,True,True,False,True,False,True,11.6,A,起漲結構強,20D站上MA20｜MA5站上MA10｜接近20日高｜40D平台收斂｜短中均線糾結｜40D低點守住｜接近/站回MA60｜量縮後溫和放量｜5D動能轉正｜10D動能轉正,平台壓縮後轉強，可優先觀察起漲/試單。,v266.57.9,11.6,無原分數欄位｜僅顯示結構前置分數,97.0,10.0,A,續強品質強,回檔不破前低｜低點墊高確認｜收盤守MA5｜續強確認：收盤未跌破MA5｜回檔量縮｜MA5仍在MA10上｜仍站MA20｜10D動能維持,回檔承接尚可，若原策略入選，可優先觀察延續。,v266.57.9,10.48,0.55,0.5,GENERIC,測試排序分=原分數+結構前置分*策略權重+續強品質*策略權重；不覆蓋原策略,31.0,7.7,A,突破品質強,紅K實體放大｜收盤接近高點｜量能較前日放大｜突破近5日高｜MA5加速上彎｜短均多頭,TEST有升級IGNITION條件，可優先觀察隔日延續。,v266.57.9,TEST,0.8,0.5,0.9,21.21,3.0,最後後處理補寫：原分數+結構前置+續強品質+突破品質；不覆蓋原策略,0.0,,一般,17.392,v266.58.1,2026-10-01 01:22:38,發動中,5,15,準IGNITION,前狀態:發動中→今日:發動中｜強狀態維持｜強狀態連續維持｜具備點火條件,READY,v266.60.2,22.642,30.0,32.0,0.0,0.0,22.062,6.0,20/40/60結構佳｜續強品質佳｜主力佈局語意｜狀態升級強｜具升級旗標｜升級標籤｜突破品質輔助,高優先準點火,v266.61,2026-10-01 01:22:44,31.0,洗盤不破承接｜突破品質成立但未過熱｜狀態升級觸發｜狀態轉移轉強,強點火事件,可列入優先追蹤，觀察隔日不破MA5/MA10。,25.149,8,v266.62,2026-10-01 01:22:46,24.0,0.0,40.0,35.0,-16.27,量能安靜｜洗盤整理不破｜主力吸籌文字確認｜狀態轉移剛加速｜狀態剛升級｜假突破/出貨文字風險,v266.68,2026-10-01 01:22:50,FAKE_BREAKOUT_RISK,假突破/追高風險：避免追價。,WATCH,654
2026-09-30,1325,TEST,72,25.9,50以下,0.005,5000,佈局高機率,波動壓縮 | 安靜吸籌 | 均線收斂 | 接近突破 | 結構尚可,True,True,False,True,False,True,12.0,A,起漲結構強,20D站上MA20｜MA5站上MA10｜接近20日高｜40D平台收斂｜短中均線糾結｜40D低點守住｜接近/站回MA60｜MA60不再下彎｜量縮後溫和放量｜5D動能轉正｜10D動能轉正,平台壓縮後轉強，可優先觀察起漲/試單。,v266.57.9,12.0,無原分數欄位｜僅顯示結構前置分數,1.0,10.0,A,續強品質強,回檔不破前低｜低點墊高確認｜收盤守MA5｜續強確認：收盤未跌破MA5｜回檔量縮｜MA5仍在MA10上｜仍站MA20｜10D動能維持,回檔承接尚可，若原策略入選，可優先觀察延續。,v266.57.9,10.7,0.55,0.5,GENERIC,測試排序分=原分數+結構前置分*策略權重+續強品質*策略權重；不覆蓋原策略,1.0,6.2,A,突破品質強,紅K實體放大｜收盤接近高點｜量能較前日放大｜MA5加速上彎｜短均多頭,TEST有升級IGNITION條件，可優先觀察隔日延續。,v266.57.9,TEST,0.8,0.5,0.9,20.18,7.0,最後後處理補寫：原分數+結構前置+續強品質+突破品質；不覆蓋原策略,0.0,,一般,16.548,v266.58.1,2026-10-01 01:22:38,發動中,5,15,準IGNITION,前狀態:發動中→今日:發動中｜強狀態維持｜強狀態連續維持｜具備點火條件,READY,v266.60.2,21.798,30.0,32.0,0.0,0.0,21.977,9.0,20/40/60結構佳｜續強品質佳｜主力佈局語意｜狀態升級強｜具升級旗標｜升級標籤｜突破品質輔助,高優先準點火,v266.61,2026-10-01 01:22:44,31.0,洗盤不破承接｜突破品質成立但未過熱｜狀態升級觸發｜狀態轉移轉強,強點火事件,可列入優先追蹤，觀察隔日不破MA5/MA10。,24.559,11,v266.62,2026-10-01 01:22:46,24.0,0.0,40.0,35.0,-16.27,量能安靜｜洗盤整理不破｜主力吸籌文字確認｜狀態轉移剛加速｜狀態剛升級｜假突破/出貨文字風險,v266.68,2026-10-01 01:22:50,FAKE_BREAKOUT_RISK,假突破/追高風險：避免追價。,WATCH,655
2026-09-30,1472,TEST,68,88.8,50-100,0.005,5000,佈局高機率,安靜吸籌 | 均線收斂 | 放量吸收 | 接近突破 | 結構尚可,False,True,False,True,True,True,11.8,A,起漲結構強,20D站上MA20｜MA20走平翻揚｜MA5站上MA10｜接近20日高｜40D平台收斂｜短中均線糾結｜40D低點守住｜接近/站回MA60｜MA60不再下彎｜站回60D區間中上｜5D動能轉正,平台壓縮後轉強，可優先觀察起漲/試單。,v266.57.9,11.8,無原分數欄位｜僅顯示結構前置分數,85.0,7.7,A,續強品質強,回檔不破前低｜低點墊高確認｜收盤守MA5｜續強確認：收盤未跌破MA5｜MA5仍在MA10上｜仍站MA20,回檔承接尚可，若原策略入選，可優先觀察延續。,v266.57.9,9.34,0.55,0.5,GENERIC,測試排序分=原分數+結構前置分*策略權重+續強品質*策略權重；不覆蓋原策略,157.0,6.2,A,突破品質強,收盤接近高點｜量能較前日放大｜突破近5日高｜MA5加速上彎｜短均多頭,TEST有升級IGNITION條件，可優先觀察隔日延續。,v266.57.9,TEST,0.8,0.5,0.9,18.87,14.0,最後後處理補寫：原分數+結構前置+續強品質+突破品質；不覆蓋原策略,0.0,,一般,15.473,v266.58.1,2026-10-01 01:22:38,發動中,5,18,IGNITION,前狀態:突破中→今日:發動中｜狀態升級｜連續升級｜連續狀態達IGNITION,YES,v266.60.2,21.773,30.0,32.0,0.0,0.0,21.922,15.0,20/40/60結構佳｜續強品質佳｜主力佈局語意｜狀態升級強｜具升級旗標｜升級標籤｜突破品質輔助,高優先準點火,v266.61,2026-10-01 01:22:44,31.0,洗盤不破承接｜突破品質成立但未過熱｜狀態升級觸發｜狀態轉移轉強,強點火事件,可列入優先追蹤，觀察隔日不破MA5/MA10。,24.541,12,v266.62,2026-10-01 01:22:46,24.0,0.0,40.0,35.0,-16.27,量能安靜｜洗盤整理不破｜主力吸籌文字確認｜狀態轉移剛加速｜狀態剛升級｜假突破/出貨文字風險,v266.68,2026-10-01 01:22:50,FAKE_BREAKOUT_RISK,假突破/追高風險：避免追價。,WATCH,656
2026-09-30,3607,TEST,66,14.0,50以下,0.005,5000,佈局高機率,波動壓縮 | 安靜吸籌 | 均線收斂 | 接近突破,True,True,False,True,False,True,11.6,A,起漲結構強,20D站上MA20｜MA5站上MA10｜接近20日高｜40D平台收斂｜短中均線糾結｜40D低點守住｜接近/站回MA60｜量縮後溫和放量｜5D動能轉正｜10D動能轉正,平台壓縮後轉強，可優先觀察起漲/試單。,v266.57.9,11.6,無原分數欄位｜僅顯示結構前置分數,97.0,10.0,A,續強品質強,回檔不破前低｜低點墊高確認｜收盤守MA5｜續強確認：收盤未跌破MA5｜回檔量縮｜MA5仍在MA10上｜仍站MA20｜10D動能維持,回檔承接尚可，若原策略入選，可優先觀察延續。,v266.57.9,10.48,0.55,0.5,GENERIC,測試排序分=原分數+結構前置分*策略權重+續強品質*策略權重；不覆蓋原策略,31.0,6.5,A,突破品質強,紅K實體放大｜收盤接近高點｜突破近5日高｜MA5加速上彎｜短均多頭,TEST有升級IGNITION條件，可優先觀察隔日延續。,v266.57.9,TEST,0.8,0.5,0.9,20.13,8.0,最後後處理補寫：原分數+結構前置+續強品質+突破品質；不覆蓋原策略,0.0,,一般,16.507,v266.58.1,2026-10-01 01:22:38,發動中,5,15,準IGNITION,前狀態:發動中→今日:發動中｜強狀態維持｜強狀態連續維持｜具備點火條件,READY,v266.60.2,21.757,30.0,32.0,0.0,0.0,21.973,10.0,20/40/60結構佳｜續強品質佳｜主力佈局語意｜狀態升級強｜具升級旗標｜升級標籤｜突破品質輔助,高優先準點火,v266.61,2026-10-01 01:22:44,31.0,洗盤不破承接｜突破品質成立但未過熱｜狀態升級觸發｜狀態轉移轉強,強點火事件,可列入優先追蹤，觀察隔日不破MA5/MA10。,24.53,13,v266.62,2026-10-01 01:22:46,24.0,0.0,40.0,35.0,-16.27,量能安靜｜洗盤整理不破｜主力吸籌文字確認｜狀態轉移剛加速｜狀態剛升級｜假突破/出貨文字風險,v266.68,2026-10-01 01:22:50,FAKE_BREAKOUT_RISK,假突破/追高風險：避免追價。,WATCH,657
2026-09-30,2727,TEST,72,236.0,100-500,0.005,5000,佈局高機率,波動壓縮 | 安靜吸籌 | 均線收斂 | 接近突破 | 結構尚可,True,True,False,True,False,True,12.0,A,起漲結構強,20D站上MA20｜MA20走平翻揚｜MA5站上MA10｜接近20日高｜40D平台收斂｜短中均線糾結｜40D低點守住｜接近/站回MA60｜站回60D區間中上｜量縮後溫和放量｜5D動能轉正｜10D動能轉正,平台壓縮後轉強，可優先觀察起漲/試單。,v266.57.9,12.0,無原分數欄位｜僅顯示結構前置分數,1.0,8.7,A,續強品質強,回檔不破前低｜低點墊高確認｜收盤守MA5｜續強確認：收盤未跌破MA5｜MA5仍在MA10上｜仍站MA20｜10D動能維持,回檔承接尚可，若原策略入選，可優先觀察延續。,v266.57.9,9.95,0.55,0.5,GENERIC,測試排序分=原分數+結構前置分*策略權重+續強品質*策略權重；不覆蓋原策略,51.0,6.5,A,突破品質強,紅K實體放大｜收盤接近高點｜突破近5日高｜MA5加速上彎｜短均多頭,TEST有升級IGNITION條件，可優先觀察隔日延續。,v266.57.9,TEST,0.8,0.5,0.9,19.8,9.0,最後後處理補寫：原分數+結構前置+續強品質+突破品質；不覆蓋原策略,0.0,,一般,16.236,v266.58.1,2026-10-01 01:22:38,發動中,5,15,準IGNITION,前狀態:發動中→今日:發動中｜強狀態維持｜強狀態連續維持｜具備點火條件,READY,v266.60.2,21.486,30.0,32.0,0.0,0.0,21.946,11.0,20/40/60結構佳｜續強品質佳｜主力佈局語意｜狀態升級強｜具升級旗標｜升級標籤｜突破品質輔助,高優先準點火,v266.61,2026-10-01 01:22:44,31.0,洗盤不破承接｜突破品質成立但未過熱｜狀態升級觸發｜狀態轉移轉強,強點火事件,可列入優先追蹤，觀察隔日不破MA5/MA10。,24.34,14,v266.62,2026-10-01 01:22:46,24.0,0.0,40.0,35.0,-16.27,量能安靜｜洗盤整理不破｜主力吸籌文字確認｜狀態轉移剛加速｜狀態剛升級｜假突破/出貨文字風險,v266.68,2026-10-01 01:22:50,FAKE_BREAKOUT_RISK,假突破/追高風險：避免追價。,WATCH,658
2026-09-30,4560,TEST,66,29.9,50以下,0.005,5000,佈局高機率,波動壓縮 | 安靜吸籌 | 均線收斂 | 接近突破,True,True,False,True,False,True,10.6,A,起漲結構強,20D站上MA20｜MA5站上MA10｜接近20日高｜40D平台收斂｜短中均線糾結｜40D低點守住｜量縮後溫和放量｜5D動能轉正｜10D動能轉正,平台壓縮後轉強，可優先觀察起漲/試單。,v266.57.9,10.6,無原分數欄位｜僅顯示結構前置分數,215.0,8.7,A,續強品質強,回檔不破前低｜低點墊高確認｜收盤守MA5｜續強確認：收盤未跌破MA5｜MA5仍在MA10上｜仍站MA20｜10D動能維持,回檔承接尚可，若原策略入選，可優先觀察延續。,v266.57.9,9.18,0.55,0.5,GENERIC,測試排序分=原分數+結構前置分*策略權重+續強品質*策略權重；不覆蓋原策略,165.0,7.7,A,突破品質強,紅K實體放大｜收盤接近高點｜量能較前日放大｜突破近5日高｜MA5加速上彎｜短均多頭,TEST有升級IGNITION條件，可優先觀察隔日延續。,v266.57.9,TEST,0.8,0.5,0.9,19.76,10.0,最後後處理補寫：原分數+結構前置+續強品質+突破品質；不覆蓋原策略,0.0,,一般,16.203,v266.58.1,2026-10-01 01:22:38,發動中,5,15,準IGNITION,前狀態:發動中→今日:發動中｜強狀態維持｜強狀態連續維持｜具備點火條件,READY,v266.60.2,21.453,30.0,32.0,0.0,0.0,21.943,12.0,20/40/60結構佳｜續強品質佳｜主力佈局語意｜狀態升級強｜具升級旗標｜升級標籤｜突破品質輔助,高優先準點火,v266.61,2026-10-01 01:22:44,31.0,洗盤不破承接｜突破品質成立但未過熱｜狀態升級觸發｜狀態轉移轉強,強點火事件,可列入優先追蹤，觀察隔日不破MA5/MA10。,24.317,15,v266.62,2026-10-01 01:22:46,24.0,0.0,40.0,35.0,-16.27,量能安靜｜洗盤整理不破｜主力吸籌文字確認｜狀態轉移剛加速｜狀態剛升級｜假突破/出貨文字風險,v266.68,2026-10-01 01:22:50,FAKE_BREAKOUT_RISK,假突破/追高風險：避免追價。,WATCH,659
2026-09-30,3059,TEST,66,38.75,50以下,0.005,5000,佈局高機率,波動壓縮 | 安靜吸籌 | 均線收斂 | 接近突破,True,True,False,True,False,True,9.6,A,起漲結構強,20D站上MA20｜MA5站上MA10｜40D平台收斂｜短中均線糾結｜接近/站回MA60｜量縮後溫和放量｜5D動能轉正｜10D動能轉正,平台壓縮後轉強，可優先觀察起漲/試單。,v266.57.9,9.6,無原分數欄位｜僅顯示結構前置分數,365.0,10.0,A,續強品質強,回檔不破前低｜低點墊高確認｜收盤守MA5｜續強確認：收盤未跌破MA5｜回檔量縮｜MA5仍在MA10上｜仍站MA20｜10D動能維持,回檔承接尚可，若原策略入選，可優先觀察延續。,v266.57.9,9.38,0.55,0.5,GENERIC,測試排序分=原分數+結構前置分*策略權重+續強品質*策略權重；不覆蓋原策略,152.0,7.7,A,突破品質強,紅K實體放大｜收盤接近高點｜量能較前日放大｜突破近5日高｜MA5加速上彎｜短均多頭,TEST有升級IGNITION條件，可優先觀察隔日延續。,v266.57.9,TEST,0.8,0.5,0.9,19.61,11.0,最後後處理補寫：原分數+結構前置+續強品質+突破品質；不覆蓋原策略,0.0,,一般,16.08,v266.58.1,2026-10-01 01:22:38,發動中,5,15,準IGNITION,前狀態:發動中→今日:發動中｜強狀態維持｜強狀態連續維持｜具備點火條件,READY,v266.60.2,21.33,30.0,32.0,0.0,0.0,21.931,14.0,20/40/60結構佳｜續強品質佳｜主力佈局語意｜狀態升級強｜具升級旗標｜升級標籤｜突破品質輔助,高優先準點火,v266.61,2026-10-01 01:22:44,31.0,洗盤不破承接｜突破品質成立但未過熱｜狀態升級觸發｜狀態轉移轉強,強點火事件,可列入優先追蹤，觀察隔日不破MA5/MA10。,24.231,16,v266.62,2026-10-01 01:22:46,24.0,0.0,40.0,35.0,-16.27,量能安靜｜洗盤整理不破｜主力吸籌文字確認｜狀態轉移剛加速｜狀態剛升級｜假突破/出貨文字風險,v266.68,2026-10-01 01:22:50,FAKE_BREAKOUT_RISK,假突破/追高風險：避免追價。,WATCH,660
2026-09-30,2614,TEST,68,19.2,50以下,0.005,5000,佈局高機率,安靜吸籌 | 均線收斂 | 放量吸收 | 接近突破 | 結構尚可,False,True,False,True,True,True,12.0,A,起漲結構強,20D站上MA20｜MA20走平翻揚｜MA5站上MA10｜接近20日高｜40D平台收斂｜短中均線糾結｜40D低點守住｜接近/站回MA60｜MA60不再下彎｜站回60D區間中上｜5D動能轉正｜10D動能轉正,平台壓縮後轉強，可優先觀察起漲/試單。,v266.57.9,12.0,無原分數欄位｜僅顯示結構前置分數,1.0,8.7,A,續強品質強,回檔不破前低｜低點墊高確認｜收盤守MA5｜續強確認：收盤未跌破MA5｜MA5仍在MA10上｜仍站MA20｜10D動能維持,回檔承接尚可，若原策略入選，可優先觀察延續。,v266.57.9,9.95,0.55,0.5,GENERIC,測試排序分=原分數+結構前置分*策略權重+續強品質*策略權重；不覆蓋原策略,51.0,5.0,B,突破品質中,收盤接近高點｜突破近5日高｜MA5加速上彎｜短均多頭,突破品質尚可，可列入試單後續確認。,v266.57.9,TEST,0.8,0.5,0.9,18.45,15.0,最後後處理補寫：原分數+結構前置+續強品質+突破品質；不覆蓋原策略,0.0,,一般,15.129,v266.58.1,2026-10-01 01:22:38,突破中,4,17,準IGNITION,前狀態:突破中→今日:突破中｜強狀態維持｜連續升級｜強狀態連續維持｜具備點火條件,READY,v266.60.2,21.079,30.0,32.0,0.0,0.0,21.87,17.0,20/40/60結構佳｜續強品質佳｜主力佈局語意｜狀態升級強｜具升級旗標｜升級標籤｜突破品質輔助,高優先準點火,v266.61,2026-10-01 01:22:44,31.0,洗盤不破承接｜突破品質成立但未過熱｜狀態升級觸發｜狀態轉移轉強,強點火事件,可列入優先追蹤，觀察隔日不破MA5/MA10。,24.055,17,v266.62,2026-10-01 01:22:46,24.0,0.0,40.0,35.0,-16.27,量能安靜｜洗盤整理不破｜主力吸籌文字確認｜狀態轉移剛加速｜狀態剛升級｜假突破/出貨文字風險,v266.68,2026-10-01 01:22:50,FAKE_BREAKOUT_RISK,假突破/追高風險：避免追價。,WATCH,661
2026-09-30,1323,TEST,72,21.45,50以下,0.005,5000,佈局高機率,波動壓縮 | 安靜吸籌 | 均線收斂 | 接近突破 | 結構尚可,True,True,False,True,False,True,11.8,A,起漲結構強,20D站上MA20｜接近20日高｜40D平台收斂｜短中均線糾結｜40D低點守住｜接近/站回MA60｜MA60不再下彎｜站回60D區間中上｜量縮後溫和放量｜5D動能轉正,平台壓縮後轉強，可優先觀察起漲/試單。,v266.57.9,11.8,無原分數欄位｜僅顯示結構前置分數,85.0,8.0,A,續強品質強,回檔不破前低｜低點墊高確認｜收盤守MA5｜續強確認：收盤未跌破MA5｜回檔量縮｜仍站MA20,回檔承接尚可，若原策略入選，可優先觀察延續。,v266.57.9,9.49,0.55,0.5,GENERIC,測試排序分=原分數+結構前置分*策略權重+續強品質*策略權重；不覆蓋原策略,140.0,5.4,B,突破品質中,紅K實體放大｜收盤接近高點｜量能較前日放大｜MA5加速上彎,突破品質尚可，可列入試單後續確認。,v266.57.9,TEST,0.8,0.5,0.9,18.3,18.0,最後後處理補寫：原分數+結構前置+續強品質+突破品質；不覆蓋原策略,0.0,,一般,15.006,v266.58.1,2026-10-01 01:22:38,突破中,4,12,準IGNITION,前狀態:突破中→今日:突破中｜強狀態維持｜強狀態連續維持｜具備點火條件,READY,v266.60.2,19.206,30.0,32.0,0.0,0.0,21.771,18.0,20/40/60結構佳｜續強品質佳｜主力佈局語意｜狀態升級強｜具升級旗標｜升級標籤｜突破品質輔助,高優先準點火,v266.61,2026-10-01 01:22:44,31.0,洗盤不破承接｜突破品質成立但未過熱｜狀態升級觸發｜狀態轉移轉強,強點火事件,可列入優先追蹤，觀察隔日不破MA5/MA10。,22.744,23,v266.62,2026-10-01 01:22:46,24.0,0.0,40.0,35.0,-16.27,量能安靜｜洗盤整理不破｜主力吸籌文字確認｜狀態轉移剛加速｜狀態剛升級｜假突破/出貨文字風險,v266.68,2026-10-01 01:22:50,FAKE_BREAKOUT_RISK,假突破/追高風險：避免追價。,WATCH,662
2026-09-30,2753,TEST,72,180.0,100-500,0.005,5000,佈局高機率,波動壓縮 | 安靜吸籌 | 均線收斂 | 接近突破 | 結構尚可,True,True,False,True,False,True,11.6,A,起漲結構強,20D站上MA20｜MA5站上MA10｜接近20日高｜40D平台收斂｜短中均線糾結｜40D低點守住｜接近/站回MA60｜量縮後溫和放量｜5D動能轉正｜10D動能轉正,平台壓縮後轉強，可優先觀察起漲/試單。,v266.57.9,11.6,無原分數欄位｜僅顯示結構前置分數,97.0,8.7,A,續強品質強,回檔不破前低｜低點墊高確認｜收盤守MA5｜續強確認：收盤未跌破MA5｜MA5仍在MA10上｜仍站MA20｜10D動能維持,回檔承接尚可，若原策略入選，可優先觀察延續。,v266.57.9,9.73,0.55,0.5,GENERIC,測試排序分=原分數+結構前置分*策略權重+續強品質*策略權重；不覆蓋原策略,102.0,4.7,B,突破品質中,紅K實體放大｜量能較前日放大｜MA5加速上彎｜短均多頭,突破品質尚可，可列入試單後續確認。,v266.57.9,TEST,0.8,0.5,0.9,17.86,21.0,最後後處理補寫：原分數+結構前置+續強品質+突破品質；不覆蓋原策略,0.0,,一般,14.645,v266.58.1,2026-10-01 01:22:38,突破中,4,13,準IGNITION,前狀態:觀察→今日:突破中｜狀態跳升｜具備點火條件,READY,v266.60.2,19.195,30.0,32.0,0.0,0.0,21.752,21.0,20/40/60結構佳｜續強品質佳｜主力佈局語意｜狀態升級強｜具升級旗標｜升級標籤｜突破品質輔助,高優先準點火,v266.61,2026-10-01 01:22:44,31.0,洗盤不破承接｜突破品質成立但未過熱｜狀態升級觸發｜狀態轉移轉強,強點火事件,可列入優先追蹤，觀察隔日不破MA5/MA10。,22.736,24,v266.62,2026-10-01 01:22:46,24.0,0.0,40.0,35.0,-16.27,量能安靜｜洗盤整理不破｜主力吸籌文字確認｜狀態轉移剛加速｜狀態剛升級｜假突破/出貨文字風險,v266.68,2026-10-01 01:22:50,FAKE_BREAKOUT_RISK,假突破/追高風險：避免追價。,WATCH,663
2026-09-30,5434,TEST,68,555.0,500-1000,0.005,5000,佈局高機率,波動壓縮 | 均線收斂 | 放量吸收 | 接近突破 | 結構尚可,True,False,False,True,True,True,12.0,A,起漲結構強,20D站上MA20｜MA20走平翻揚｜MA5站上MA10｜接近20日高｜40D平台收斂｜短中均線糾結｜40D低點守住｜接近/站回MA60｜MA60不再下彎｜站回60D區間中上｜量縮後溫和放量｜5D動能轉正｜10D動能轉正,平台壓縮後轉強，可優先觀察起漲/試單。,v266.57.9,12.0,無原分數欄位｜僅顯示結構前置分數,1.0,10.0,A,續強品質強,回檔不破前低｜低點墊高確認｜收盤守MA5｜續強確認：收盤未跌破MA5｜回檔量縮｜MA5仍在MA10上｜仍站MA20｜10D動能維持,回檔承接尚可，若原策略入選，可優先觀察延續。,v266.57.9,9.95,0.55,0.5,GENERIC,測試排序分=原分數+結構前置分*策略權重+續強品質*策略權重；不覆蓋原策略,51.0,4.0,B,突破品質中,紅K實體放大｜量能較前日放大｜突破近5日高｜MA5加速上彎｜短均多頭｜扣分:收盤位置偏弱、上影偏長,突破品質尚可，可列入試單後續確認。,v266.57.9,TEST,0.8,0.5,0.9,18.2,19.0,最後後處理補寫：原分數+結構前置+續強品質+突破品質；不覆蓋原策略,0.0,,一般,14.924,v266.58.1,2026-10-01 01:22:38,突破中,4,12,準IGNITION,前狀態:突破中→今日:突破中｜強狀態維持｜強狀態連續維持｜具備點火條件,READY,v266.60.2,19.124,30.0,32.0,0.0,0.0,21.762,19.0,20/40/60結構佳｜續強品質佳｜主力佈局語意｜狀態升級強｜具升級旗標｜升級標籤｜突破品質輔助,高優先準點火,v266.61,2026-10-01 01:22:44,31.0,洗盤不破承接｜突破品質成立但未過熱｜狀態升級觸發｜狀態轉移轉強,強點火事件,可列入優先追蹤，觀察隔日不破MA5/MA10。,22.687,27,v266.62,2026-10-01 01:22:46,24.0,0.0,40.0,35.0,-16.27,量能安靜｜洗盤整理不破｜主力吸籌文字確認｜狀態轉移剛加速｜狀態剛升級｜假突破/出貨文字風險,v266.68,2026-10-01 01:22:50,FAKE_BREAKOUT_RISK,假突破/追高風險：避免追價。,WATCH,664
2026-09-30,1303,TEST,68,255.5,100-500,0.005,5000,佈局高機率,波動壓縮 | 均線收斂 | 放量吸收 | 接近突破 | 結構尚可,True,False,False,True,True,True,12.0,A,起漲結構強,20D站上MA20｜MA20走平翻揚｜MA5站上MA10｜接近20日高｜短中均線糾結｜40D低點守住｜接近/站回MA60｜MA60不再下彎｜站回60D區間中上｜量縮後溫和放量｜5D動能轉正｜10D動能轉正,平台壓縮後轉強，可優先觀察起漲/試單。,v266.57.9,11.1,無原分數欄位｜僅顯示結構前置分數,135.0,8.7,A,續強品質強,回檔不破前低｜低點墊高確認｜收盤守MA5｜續強確認：收盤未跌破MA5｜MA5仍在MA10上｜仍站MA20｜10D動能維持,回檔承接尚可，若原策略入選，可優先觀察延續。,v266.57.9,8.705,0.55,0.5,GENERIC,測試排序分=原分數+結構前置分*策略權重+續強品質*策略權重；不覆蓋原策略,258.0,4.7,B,突破品質中,量能較前日放大｜突破近5日高｜MA5加速上彎｜短均多頭,突破品質尚可，可列入試單後續確認。,v266.57.9,TEST,0.8,0.5,0.9,18.18,20.0,最後後處理補寫：原分數+結構前置+續強品質+突破品質；不覆蓋原策略,0.0,,一般,14.908,v266.58.1,2026-10-01 01:22:38,突破中,4,12,準IGNITION,前狀態:突破中→今日:突破中｜強狀態維持｜強狀態連續維持｜具備點火條件,READY,v266.60.2,19.108,30.0,32.0,0.0,0.0,21.761,20.0,20/40/60結構佳｜續強品質佳｜主力佈局語意｜狀態升級強｜具升級旗標｜升級標籤｜突破品質輔助,高優先準點火,v266.61,2026-10-01 01:22:44,31.0,洗盤不破承接｜突破品質成立但未過熱｜狀態升級觸發｜狀態轉移轉強,強點火事件,可列入優先追蹤，觀察隔日不破MA5/MA10。,22.676,28,v266.62,2026-10-01 01:22:46,24.0,0.0,40.0,35.0,-16.27,量能安靜｜洗盤整理不破｜主力吸籌文字確認｜狀態轉移剛加速｜狀態剛升級｜假突破/出貨文字風險,v266.68,2026-10-01 01:22:50,FAKE_BREAKOUT_RISK,假突破/追高風險：避免追價。,WATCH,665
2026-09-30,2613,WATCH,54,22.4,50以下,0.0,0,佈局觀察,波動壓縮 | 均線收斂 | 接近突破 | 結構尚可,True,False,False,True,False,True,11.6,A,起漲結構強,20D站上MA20｜MA5站上MA10｜接近20日高｜40D平台收斂｜短中均線糾結｜40D低點守住｜接近/站回MA60｜MA60不再下彎｜近5日量縮｜5D動能轉正｜10D動能轉正,平台壓縮後轉強，可優先觀察起漲/試單。,v266.57.9,11.6,無原分數欄位｜僅顯示結構前置分數,97.0,8.7,A,續強品質強,回檔不破前低｜低點墊高確認｜收盤守MA5｜續強確認：收盤未跌破MA5｜MA5仍在MA10上｜仍站MA20｜10D動能維持,回檔承接尚可，若原策略入選，可優先觀察延續。,v266.57.9,9.73,0.55,0.5,GENERIC,測試排序分=原分數+結構前置分*策略權重+續強品質*策略權重；不覆蓋原策略,102.0,7.7,A,突破品質強,紅K實體放大｜收盤接近高點｜量能較前日放大｜突破近5日高｜MA5加速上彎｜短均多頭,TEST有升級IGNITION條件，可優先觀察隔日延續。,v266.57.9,WATCH,0.55,0.35,0.75,15.2,42.0,最後後處理補寫：原分數+結構前置+續強品質+突破品質；不覆蓋原策略,0.0,,一般,12.464,v266.58.1,2026-10-01 01:22:38,發動中,5,18,IGNITION,前狀態:突破中→今日:發動中｜狀態升級｜連續升級｜連續狀態達IGNITION,YES,v266.60.2,18.764,30.0,32.0,0.0,0.0,21.621,29.0,20/40/60結構佳｜續強品質佳｜主力佈局語意｜狀態升級強｜具升級旗標｜升級標籤｜突破品質輔助,高優先準點火,v266.61,2026-10-01 01:22:44,31.0,洗盤不破承接｜突破品質成立但未過熱｜狀態升級觸發｜狀態轉移轉強,強點火事件,可列入優先追蹤，觀察隔日不破MA5/MA10。,22.435,36,v266.62,2026-10-01 01:22:46,24.0,0.0,40.0,35.0,-16.27,量能安靜｜洗盤整理不破｜主力吸籌文字確認｜狀態轉移剛加速｜狀態剛升級｜假突破/出貨文字風險,v266.68,2026-10-01 01:22:50,FAKE_BREAKOUT_RISK,假突破/追高風險：避免追價。,WATCH,666
2026-09-30,1468,WATCH,54,13.5,50以下,0.0,0,佈局觀察,波動壓縮 | 均線收斂 | 接近突破 | 結構尚可,True,False,False,True,False,True,12.0,A,起漲結構強,20D站上MA20｜MA20走平翻揚｜MA5站上MA10｜接近20日高｜40D平台收斂｜短中均線糾結｜40D低點守住｜接近/站回MA60｜MA60不再下彎｜站回60D區間中上｜量縮後溫和放量｜5D動能轉正｜10D動能轉正,平台壓縮後轉強，可優先觀察起漲/試單。,v266.57.9,12.0,無原分數欄位｜僅顯示結構前置分數,1.0,10.0,A,續強品質強,回檔不破前低｜低點墊高確認｜收盤守MA5｜續強確認：收盤未跌破MA5｜回檔量縮｜MA5仍在MA10上｜仍站MA20｜10D動能維持,回檔承接尚可，若原策略入選，可優先觀察延續。,v266.57.9,10.7,0.55,0.5,GENERIC,測試排序分=原分數+結構前置分*策略權重+續強品質*策略權重；不覆蓋原策略,1.0,7.7,A,突破品質強,紅K實體放大｜收盤接近高點｜量能較前日放大｜突破近5日高｜MA5加速上彎｜短均多頭,TEST有升級IGNITION條件，可優先觀察隔日延續。,v266.57.9,WATCH,0.55,0.35,0.75,15.875,35.0,最後後處理補寫：原分數+結構前置+續強品質+突破品質；不覆蓋原策略,0.0,,一般,13.018,v266.58.1,2026-10-01 01:22:38,發動中,5,16,準IGNITION,前狀態:觀察→今日:發動中｜狀態跳升｜具備點火條件,READY,v266.60.2,18.618,30.0,32.0,0.0,0.0,21.642,26.0,20/40/60結構佳｜續強品質佳｜主力佈局語意｜狀態升級強｜具升級旗標｜升級標籤｜突破品質輔助,高優先準點火,v266.61,2026-10-01 01:22:44,31.0,洗盤不破承接｜突破品質成立但未過熱｜狀態升級觸發｜狀態轉移轉強,強點火事件,可列入優先追蹤，觀察隔日不破MA5/MA10。,22.333,38,v266.62,2026-10-01 01:22:46,24.0,0.0,40.0,35.0,-16.27,量能安靜｜洗盤整理不破｜主力吸籌文字確認｜狀態轉移剛加速｜狀態剛升級｜假突破/出貨文字風險,v266.68,2026-10-01 01:22:50,FAKE_BREAKOUT_RISK,假突破/追高風險：避免追價。,WATCH,667
2026-09-30,2607,WATCH,54,53.8,50-100,0.0,0,佈局觀察,波動壓縮 | 均線收斂 | 接近突破 | 結構尚可,True,False,False,True,False,True,12.0,A,起漲結構強,20D站上MA20｜MA20走平翻揚｜MA5站上MA10｜接近20日高｜40D平台收斂｜短中均線糾結｜40D低點守住｜接近/站回MA60｜MA60不再下彎｜站回60D區間中上｜量縮後溫和放量｜5D動能轉正｜10D動能轉正,平台壓縮後轉強，可優先觀察起漲/試單。,v266.57.9,12.0,無原分數欄位｜僅顯示結構前置分數,1.0,10.0,A,續強品質強,回檔不破前低｜低點墊高確認｜收盤守MA5｜續強確認：收盤未跌破MA5｜回檔量縮｜MA5仍在MA10上｜仍站MA20｜10D動能維持,回檔承接尚可，若原策略入選，可優先觀察延續。,v266.57.9,10.7,0.55,0.5,GENERIC,測試排序分=原分數+結構前置分*策略權重+續強品質*策略權重；不覆蓋原策略,1.0,6.5,A,突破品質強,紅K實體放大｜收盤接近高點｜突破近5日高｜MA5加速上彎｜短均多頭,TEST有升級IGNITION條件，可優先觀察隔日延續。,v266.57.9,WATCH,0.55,0.35,0.75,14.975,47.0,最後後處理補寫：原分數+結構前置+續強品質+突破品質；不覆蓋原策略,0.0,,一般,12.279,v266.58.1,2026-10-01 01:22:38,發動中,5,18,IGNITION,前狀態:突破中→今日:發動中｜狀態升級｜連續升級｜連續狀態達IGNITION,YES,v266.60.2,18.579,30.0,32.0,0.0,0.0,21.603,35.0,20/40/60結構佳｜續強品質佳｜主力佈局語意｜狀態升級強｜具升級旗標｜升級標籤｜突破品質輔助,高優先準點火,v266.61,2026-10-01 01:22:44,31.0,洗盤不破承接｜突破品質成立但未過熱｜狀態升級觸發｜狀態轉移轉強,強點火事件,可列入優先追蹤，觀察隔日不破MA5/MA10。,22.305,39,v266.62,2026-10-01 01:22:46,24.0,0.0,40.0,35.0,-16.27,量能安靜｜洗盤整理不破｜主力吸籌文字確認｜狀態轉移剛加速｜狀態剛升級｜假突破/出貨文字風險,v266.68,2026-10-01 01:22:50,FAKE_BREAKOUT_RISK,假突破/追高風險：避免追價。,WATCH,668
2026-09-30,2461,WATCH,54,17.85,50以下,0.0,0,佈局觀察,波動壓縮 | 均線收斂 | 接近突破 | 結構尚可,True,False,False,True,False,True,12.0,A,起漲結構強,20D站上MA20｜MA5站上MA10｜40D平台收斂｜短中均線糾結｜40D低點守住｜接近/站回MA60｜MA60不再下彎｜站回60D區間中上｜近5日量縮｜量縮後溫和放量｜5D動能轉正｜10D動能轉正,平台壓縮後轉強，可優先觀察起漲/試單。,v266.57.9,12.0,無原分數欄位｜僅顯示結構前置分數,1.0,10.0,A,續強品質強,回檔不破前低｜低點墊高確認｜收盤守MA5｜續強確認：收盤未跌破MA5｜回檔量縮｜MA5仍在MA10上｜仍站MA20｜10D動能維持,回檔承接尚可，若原策略入選，可優先觀察延續。,v266.57.9,10.7,0.55,0.5,GENERIC,測試排序分=原分數+結構前置分*策略權重+續強品質*策略權重；不覆蓋原策略,1.0,6.2,A,突破品質強,紅K實體放大｜量能較前日放大｜突破近5日高｜MA5加速上彎｜短均多頭,TEST有升級IGNITION條件，可優先觀察隔日延續。,v266.57.9,WATCH,0.55,0.35,0.75,14.75,54.0,最後後處理補寫：原分數+結構前置+續強品質+突破品質；不覆蓋原策略,0.0,,一般,12.095,v266.58.1,2026-10-01 01:22:38,發動中,5,18,IGNITION,前狀態:突破中→今日:發動中｜狀態升級｜連續升級｜連續狀態達IGNITION,YES,v266.60.2,18.395,30.0,32.0,0.0,0.0,21.585,38.0,20/40/60結構佳｜續強品質佳｜主力佈局語意｜狀態升級強｜具升級旗標｜升級標籤｜突破品質輔助,高優先準點火,v266.61,2026-10-01 01:22:44,31.0,洗盤不破承接｜突破品質成立但未過熱｜狀態升級觸發｜狀態轉移轉強,強點火事件,可列入優先追蹤，觀察隔日不破MA5/MA10。,22.176,45,v266.62,2026-10-01 01:22:46,24.0,0.0,40.0,35.0,-16.27,量能安靜｜洗盤整理不破｜主力吸籌文字確認｜狀態轉移剛加速｜狀態剛升級｜假突破/出貨文字風險,v266.68,2026-10-01 01:22:50,FAKE_BREAKOUT_RISK,假突破/追高風險：避免追價。,WATCH,669
2026-09-30,9905,WATCH,54,21.35,50以下,0.0,0,佈局觀察,波動壓縮 | 均線收斂 | 接近突破 | 結構尚可,True,False,False,True,False,True,11.6,A,起漲結構強,20D站上MA20｜接近20日高｜40D平台收斂｜短中均線糾結｜40D低點守住｜接近/站回MA60｜MA60不再下彎｜站回60D區間中上｜近5日量縮｜5D動能轉正｜10D動能轉正,平台壓縮後轉強，可優先觀察起漲/試單。,v266.57.9,11.6,無原分數欄位｜僅顯示結構前置分數,97.0,9.0,A,續強品質強,回檔不破前低｜低點墊高確認｜收盤守MA5｜續強確認：收盤未跌破MA5｜回檔量縮｜仍站MA20｜10D動能維持,回檔承接尚可，若原策略入選，可優先觀察延續。,v266.57.9,9.88,0.55,0.5,GENERIC,測試排序分=原分數+結構前置分*策略權重+續強品質*策略權重；不覆蓋原策略,99.0,6.9,A,突破品質強,紅K實體放大｜收盤接近高點｜量能較前日放大｜突破近5日高｜MA5加速上彎,TEST有升級IGNITION條件，可優先觀察隔日延續。,v266.57.9,WATCH,0.55,0.35,0.75,14.705,58.0,最後後處理補寫：原分數+結構前置+續強品質+突破品質；不覆蓋原策略,0.0,,一般,12.058,v266.58.1,2026-10-01 01:22:38,發動中,5,18,IGNITION,前狀態:突破中→今日:發動中｜狀態升級｜連續升級｜連續狀態達IGNITION,YES,v266.60.2,18.358,30.0,32.0,0.0,0.0,21.581,40.0,20/40/60結構佳｜續強品質佳｜主力佈局語意｜狀態升級強｜具升級旗標｜升級標籤｜突破品質輔助,高優先準點火,v266.61,2026-10-01 01:22:44,31.0,洗盤不破承接｜突破品質成立但未過熱｜狀態升級觸發｜狀態轉移轉強,強點火事件,可列入優先追蹤，觀察隔日不破MA5/MA10。,22.151,46,v266.62,2026-10-01 01:22:46,24.0,0.0,40.0,35.0,-16.27,量能安靜｜洗盤整理不破｜主力吸籌文字確認｜狀態轉移剛加速｜狀態剛升級｜假突破/出貨文字風險,v266.68,2026-10-01 01:22:50,FAKE_BREAKOUT_RISK,假突破/追高風險：避免追價。,WATCH,670
2026-09-30,1608,WATCH,54,36.25,50以下,0.0,0,佈局觀察,波動壓縮 | 均線收斂 | 接近突破 | 結構尚可,True,False,False,True,False,True,11.6,A,起漲結構強,20D站上MA20｜40D平台收斂｜短中均線糾結｜40D低點守住｜接近/站回MA60｜MA60不再下彎｜站回60D區間中上｜量縮後溫和放量｜5D動能轉正｜10D動能轉正,平台壓縮後轉強，可優先觀察起漲/試單。,v266.57.9,11.6,無原分數欄位｜僅顯示結構前置分數,97.0,9.0,A,續強品質強,回檔不破前低｜低點墊高確認｜收盤守MA5｜續強確認：收盤未跌破MA5｜回檔量縮｜仍站MA20｜10D動能維持,回檔承接尚可，若原策略入選，可優先觀察延續。,v266.57.9,9.88,0.55,0.5,GENERIC,測試排序分=原分數+結構前置分*策略權重+續強品質*策略權重；不覆蓋原策略,99.0,6.9,A,突破品質強,紅K實體放大｜收盤接近高點｜量能較前日放大｜突破近5日高｜MA5加速上彎,TEST有升級IGNITION條件，可優先觀察隔日延續。,v266.57.9,WATCH,0.55,0.35,0.75,14.705,58.0,最後後處理補寫：原分數+結構前置+續強品質+突破品質；不覆蓋原策略,0.0,,一般,12.058,v266.58.1,2026-10-01 01:22:38,發動中,5,18,IGNITION,前狀態:突破中→今日:發動中｜狀態升級｜連續升級｜連續狀態達IGNITION,YES,v266.60.2,18.358,30.0,32.0,0.0,0.0,21.581,40.0,20/40/60結構佳｜續強品質佳｜主力佈局語意｜狀態升級強｜具升級旗標｜升級標籤｜突破品質輔助,高優先準點火,v266.61,2026-10-01 01:22:44,31.0,洗盤不破承接｜突破品質成立但未過熱｜狀態升級觸發｜狀態轉移轉強,強點火事件,可列入優先追蹤，觀察隔日不破MA5/MA10。,22.151,47,v266.62,2026-10-01 01:22:46,24.0,0.0,40.0,35.0,-16.27,量能安靜｜洗盤整理不破｜主力吸籌文字確認｜狀態轉移剛加速｜狀態剛升級｜假突破/出貨文字風險,v266.68,2026-10-01 01:22:50,FAKE_BREAKOUT_RISK,假突破/追高風險：避免追價。,WATCH,671
2026-09-30,2115,BUY,86,23.9,50以下,0.01,10000,主力佈局完成,波動壓縮 | 安靜吸籌 | 均線收斂 | 放量吸收 | 接近突破 | 結構尚可,True,True,False,True,True,True,12.0,A,起漲結構強,20D站上MA20｜接近20日高｜40D平台收斂｜短中均線糾結｜40D低點守住｜接近/站回MA60｜MA60不再下彎｜站回60D區間中上｜近5日量縮｜量縮後溫和放量｜5D動能轉正｜10D動能轉正,平台壓縮後轉強，可優先觀察起漲/試單。,v266.57.9,12.0,無原分數欄位｜僅顯示結構前置分數,1.0,9.0,A,續強品質強,回檔不破前低｜低點墊高確認｜收盤守MA5｜續強確認：收盤未跌破MA5｜回檔量縮｜仍站MA20｜10D動能維持,回檔承接尚可，若原策略入選，可優先觀察延續。,v266.57.9,10.1,0.55,0.5,GENERIC,測試排序分=原分數+結構前置分*策略權重+續強品質*策略權重；不覆蓋原策略,45.0,6.9,A,突破品質強,紅K實體放大｜收盤接近高點｜量能較前日放大｜突破近5日高｜MA5加速上彎,TEST有升級IGNITION條件，可優先觀察隔日延續。,v266.57.9,GENERIC,0.55,0.5,0.5,14.55,63.0,最後後處理補寫：原分數+結構前置+續強品質+突破品質；不覆蓋原策略,0.0,,一般,11.931,v266.58.1,2026-10-01 01:22:38,發動中,5,18,IGNITION,前狀態:突破中→今日:發動中｜狀態升級｜連續升級｜連續狀態達IGNITION,YES,v266.60.2,18.231,30.0,32.0,0.0,0.0,21.568,44.0,20/40/60結構佳｜續強品質佳｜主力佈局語意｜狀態升級強｜具升級旗標｜升級標籤｜突破品質輔助,高優先準點火,v266.61,2026-10-01 01:22:44,31.0,洗盤不破承接｜突破品質成立但未過熱｜狀態升級觸發｜狀態轉移轉強,強點火事件,可列入優先追蹤，觀察隔日不破MA5/MA10。,22.062,50,v266.62,2026-10-01 01:22:46,24.0,0.0,40.0,35.0,-16.27,量能安靜｜洗盤整理不破｜主力吸籌文字確認｜狀態轉移剛加速｜狀態剛升級｜假突破/出貨文字風險,v266.68,2026-10-01 01:22:50,FAKE_BREAKOUT_RISK,假突破/追高風險：避免追價。,WATCH,672
2026-09-30,6771,BUY,86,42.6,50以下,0.01,10000,主力佈局完成,波動壓縮 | 安靜吸籌 | 均線收斂 | 放量吸收 | 接近突破 | 結構尚可,True,True,False,True,True,True,12.0,A,起漲結構強,20D站上MA20｜MA20走平翻揚｜接近20日高｜40D平台收斂｜短中均線糾結｜40D低點守住｜接近/站回MA60｜MA60不再下彎｜站回60D區間中上｜量縮後溫和放量｜5D動能轉正｜10D動能轉正,平台壓縮後轉強，可優先觀察起漲/試單。,v266.57.9,12.0,無原分數欄位｜僅顯示結構前置分數,1.0,9.0,A,續強品質強,回檔不破前低｜低點墊高確認｜收盤守MA5｜續強確認：收盤未跌破MA5｜回檔量縮｜仍站MA20｜10D動能維持,回檔承接尚可，若原策略入選，可優先觀察延續。,v266.57.9,10.1,0.55,0.5,GENERIC,測試排序分=原分數+結構前置分*策略權重+續強品質*策略權重；不覆蓋原策略,45.0,6.9,A,突破品質強,紅K實體放大｜收盤接近高點｜量能較前日放大｜突破近5日高｜MA5加速上彎,TEST有升級IGNITION條件，可優先觀察隔日延續。,v266.57.9,GENERIC,0.55,0.5,0.5,14.55,63.0,最後後處理補寫：原分數+結構前置+續強品質+突破品質；不覆蓋原策略,0.0,,一般,11.931,v266.58.1,2026-10-01 01:22:38,發動中,5,18,IGNITION,前狀態:突破中→今日:發動中｜狀態升級｜連續升級｜連續狀態達IGNITION,YES,v266.60.2,18.231,30.0,32.0,0.0,0.0,21.568,44.0,20/40/60結構佳｜續強品質佳｜主力佈局語意｜狀態升級強｜具升級旗標｜升級標籤｜突破品質輔助,高優先準點火,v266.61,2026-10-01 01:22:44,31.0,洗盤不破承接｜突破品質成立但未過熱｜狀態升級觸發｜狀態轉移轉強,強點火事件,可列入優先追蹤，觀察隔日不破MA5/MA10。,22.062,51,v266.62,2026-10-01 01:22:46,24.0,0.0,40.0,35.0,-16.27,量能安靜｜洗盤整理不破｜主力吸籌文字確認｜狀態轉移剛加速｜狀態剛升級｜假突破/出貨文字風險,v266.68,2026-10-01 01:22:50,FAKE_BREAKOUT_RISK,假突破/追高風險：避免追價。,WATCH,673
2026-09-30,2420,WATCH,54,55.0,50-100,0.0,0,佈局觀察,波動壓縮 | 均線收斂 | 接近突破 | 結構尚可,True,False,False,True,False,True,11.6,A,起漲結構強,20D站上MA20｜MA5站上MA10｜接近20日高｜40D平台收斂｜短中均線糾結｜40D低點守住｜接近/站回MA60｜量縮後溫和放量｜5D動能轉正｜10D動能轉正,平台壓縮後轉強，可優先觀察起漲/試單。,v266.57.9,11.6,無原分數欄位｜僅顯示結構前置分數,97.0,10.0,A,續強品質強,回檔不破前低｜低點墊高確認｜收盤守MA5｜續強確認：收盤未跌破MA5｜回檔量縮｜MA5仍在MA10上｜仍站MA20｜10D動能維持,回檔承接尚可，若原策略入選，可優先觀察延續。,v266.57.9,10.48,0.55,0.5,GENERIC,測試排序分=原分數+結構前置分*策略權重+續強品質*策略權重；不覆蓋原策略,31.0,7.7,A,突破品質強,紅K實體放大｜收盤接近高點｜量能較前日放大｜突破近5日高｜MA5加速上彎｜短均多頭,TEST有升級IGNITION條件，可優先觀察隔日延續。,v266.57.9,WATCH,0.55,0.35,0.75,15.655,39.0,最後後處理補寫：原分數+結構前置+續強品質+突破品質；不覆蓋原策略,0.0,,一般,12.837,v266.58.1,2026-10-01 01:22:38,發動中,5,15,準IGNITION,前狀態:發動中→今日:發動中｜強狀態維持｜強狀態連續維持｜具備點火條件,READY,v266.60.2,18.087,30.0,32.0,0.0,0.0,21.606,32.0,20/40/60結構佳｜續強品質佳｜主力佈局語意｜狀態升級強｜具升級旗標｜升級標籤｜突破品質輔助,高優先準點火,v266.61,2026-10-01 01:22:44,31.0,洗盤不破承接｜突破品質成立但未過熱｜狀態升級觸發｜狀態轉移轉強,強點火事件,可列入優先追蹤，觀察隔日不破MA5/MA10。,21.961,52,v266.62,2026-10-01 01:22:46,24.0,0.0,40.0,35.0,-16.27,量能安靜｜洗盤整理不破｜主力吸籌文字確認｜狀態轉移剛加速｜狀態剛升級｜假突破/出貨文字風險,v266.68,2026-10-01 01:22:50,FAKE_BREAKOUT_RISK,假突破/追高風險：避免追價。,WATCH,674
2026-09-30,2231,WATCH,62,94.7,50-100,0.0,0,佈局觀察,波動壓縮 | 均線收斂 | 放量吸收 | 接近突破,True,False,False,True,True,True,11.6,A,起漲結構強,20D站上MA20｜MA5站上MA10｜接近20日高｜40D平台收斂｜短中均線糾結｜40D低點守住｜接近/站回MA60｜量縮後溫和放量｜5D動能轉正｜10D動能轉正,平台壓縮後轉強，可優先觀察起漲/試單。,v266.57.9,11.6,無原分數欄位｜僅顯示結構前置分數,97.0,8.7,A,續強品質強,回檔不破前低｜低點墊高確認｜收盤守MA5｜續強確認：收盤未跌破MA5｜MA5仍在MA10上｜仍站MA20｜10D動能維持,回檔承接尚可，若原策略入選，可優先觀察延續。,v266.57.9,9.73,0.55,0.5,GENERIC,測試排序分=原分數+結構前置分*策略權重+續強品質*策略權重；不覆蓋原策略,102.0,7.7,A,突破品質強,紅K實體放大｜收盤接近高點｜量能較前日放大｜突破近5日高｜MA5加速上彎｜短均多頭,TEST有升級IGNITION條件，可優先觀察隔日延續。,v266.57.9,WATCH,0.55,0.35,0.75,15.2,42.0,最後後處理補寫：原分數+結構前置+續強品質+突破品質；不覆蓋原策略,0.0,,一般,12.464,v266.58.1,2026-10-01 01:22:38,發動中,5,15,準IGNITION,前狀態:發動中→今日:發動中｜強狀態維持｜強狀態連續維持｜具備點火條件,READY,v266.60.2,17.714,30.0,32.0,0.0,0.0,21.569,43.0,20/40/60結構佳｜續強品質佳｜主力佈局語意｜狀態升級強｜具升級旗標｜升級標籤｜突破品質輔助,高優先準點火,v266.61,2026-10-01 01:22:44,31.0,洗盤不破承接｜突破品質成立但未過熱｜狀態升級觸發｜狀態轉移轉強,強點火事件,可列入優先追蹤，觀察隔日不破MA5/MA10。,21.7,55,v266.62,2026-10-01 01:22:46,24.0,0.0,40.0,35.0,-16.27,量能安靜｜洗盤整理不破｜主力吸籌文字確認｜狀態轉移剛加速｜狀態剛升級｜假突破/出貨文字風險,v266.68,2026-10-01 01:22:50,FAKE_BREAKOUT_RISK,假突破/追高風險：避免追價。,WATCH,675
2026-09-30,2642,WATCH,54,20.4,50以下,0.0,0,佈局觀察,波動壓縮 | 均線收斂 | 接近突破 | 結構尚可,True,False,False,True,False,True,11.6,A,起漲結構強,20D站上MA20｜MA5站上MA10｜接近20日高｜40D平台收斂｜短中均線糾結｜40D低點守住｜接近/站回MA60｜MA60不再下彎｜近5日量縮｜5D動能轉正｜10D動能轉正,平台壓縮後轉強，可優先觀察起漲/試單。,v266.57.9,11.6,無原分數欄位｜僅顯示結構前置分數,97.0,10.0,A,續強品質強,回檔不破前低｜低點墊高確認｜收盤守MA5｜續強確認：收盤未跌破MA5｜回檔量縮｜MA5仍在MA10上｜仍站MA20｜10D動能維持,回檔承接尚可，若原策略入選，可優先觀察延續。,v266.57.9,10.48,0.55,0.5,GENERIC,測試排序分=原分數+結構前置分*策略權重+續強品質*策略權重；不覆蓋原策略,31.0,6.2,A,突破品質強,紅K實體放大｜收盤接近高點｜量能較前日放大｜MA5加速上彎｜短均多頭,TEST有升級IGNITION條件，可優先觀察隔日延續。,v266.57.9,WATCH,0.55,0.35,0.75,14.53,65.0,最後後處理補寫：原分數+結構前置+續強品質+突破品質；不覆蓋原策略,0.0,,一般,11.915,v266.58.1,2026-10-01 01:22:38,發動中,5,16,準IGNITION,前狀態:觀察→今日:發動中｜狀態跳升｜具備點火條件,READY,v266.60.2,17.515,30.0,32.0,0.0,0.0,21.532,54.0,20/40/60結構佳｜續強品質佳｜主力佈局語意｜狀態升級強｜具升級旗標｜升級標籤｜突破品質輔助,高優先準點火,v266.61,2026-10-01 01:22:44,31.0,洗盤不破承接｜突破品質成立但未過熱｜狀態升級觸發｜狀態轉移轉強,強點火事件,可列入優先追蹤，觀察隔日不破MA5/MA10。,21.56,56,v266.62,2026-10-01 01:22:46,24.0,0.0,40.0,35.0,-16.27,量能安靜｜洗盤整理不破｜主力吸籌文字確認｜狀態轉移剛加速｜狀態剛升級｜假突破/出貨文字風險,v266.68,2026-10-01 01:22:50,FAKE_BREAKOUT_RISK,假突破/追高風險：避免追價。,WATCH,676
2026-09-30,1307,BUY,80,31.5,50以下,0.01,10000,主力佈局完成,波動壓縮 | 安靜吸籌 | 均線收斂 | 放量吸收 | 接近突破,True,True,False,True,True,True,12.0,A,起漲結構強,20D站上MA20｜MA20走平翻揚｜MA5站上MA10｜接近20日高｜40D平台收斂｜短中均線糾結｜40D低點守住｜接近/站回MA60｜量縮後溫和放量｜5D動能轉正｜10D動能轉正,平台壓縮後轉強，可優先觀察起漲/試單。,v266.57.9,12.0,無原分數欄位｜僅顯示結構前置分數,1.0,8.7,A,續強品質強,回檔不破前低｜低點墊高確認｜收盤守MA5｜續強確認：收盤未跌破MA5｜MA5仍在MA10上｜仍站MA20｜10D動能維持,回檔承接尚可，若原策略入選，可優先觀察延續。,v266.57.9,9.95,0.55,0.5,GENERIC,測試排序分=原分數+結構前置分*策略權重+續強品質*策略權重；不覆蓋原策略,51.0,7.7,A,突破品質強,紅K實體放大｜收盤接近高點｜量能較前日放大｜突破近5日高｜MA5加速上彎｜短均多頭,TEST有升級IGNITION條件，可優先觀察隔日延續。,v266.57.9,GENERIC,0.55,0.5,0.5,14.8,52.0,最後後處理補寫：原分數+結構前置+續強品質+突破品質；不覆蓋原策略,0.0,,一般,12.136,v266.58.1,2026-10-01 01:22:38,發動中,5,15,準IGNITION,前狀態:發動中→今日:發動中｜強狀態維持｜強狀態連續維持｜具備點火條件,READY,v266.60.2,17.386,30.0,32.0,0.0,0.0,21.536,52.0,20/40/60結構佳｜續強品質佳｜主力佈局語意｜狀態升級強｜具升級旗標｜升級標籤｜突破品質輔助,高優先準點火,v266.61,2026-10-01 01:22:44,31.0,洗盤不破承接｜突破品質成立但未過熱｜狀態升級觸發｜狀態轉移轉強,強點火事件,可列入優先追蹤，觀察隔日不破MA5/MA10。,21.47,57,v266.62,2026-10-01 01:22:46,24.0,0.0,40.0,35.0,-16.27,量能安靜｜洗盤整理不破｜主力吸籌文字確認｜狀態轉移剛加速｜狀態剛升級｜假突破/出貨文字風險,v266.68,2026-10-01 01:22:50,FAKE_BREAKOUT_RISK,假突破/追高風險：避免追價。,WATCH,677
2026-09-30,1708,WATCH,50,53.8,50-100,0.0,0,佈局觀察,均線收斂 | 放量吸收 | 接近突破 | 結構尚可,False,False,False,True,True,True,10.6,A,起漲結構強,20D站上MA20｜MA20走平翻揚｜MA5站上MA10｜接近20日高｜40D平台收斂｜短中均線糾結｜40D低點守住｜接近/站回MA60｜5D動能轉正｜10D動能轉正,平台壓縮後轉強，可優先觀察起漲/試單。,v266.57.9,10.6,無原分數欄位｜僅顯示結構前置分數,215.0,8.7,A,續強品質強,回檔不破前低｜低點墊高確認｜收盤守MA5｜續強確認：收盤未跌破MA5｜MA5仍在MA10上｜仍站MA20｜10D動能維持,回檔承接尚可，若原策略入選，可優先觀察延續。,v266.57.9,9.18,0.55,0.5,GENERIC,測試排序分=原分數+結構前置分*策略權重+續強品質*策略權重；不覆蓋原策略,165.0,7.7,A,突破品質強,紅K實體放大｜收盤接近高點｜量能較前日放大｜突破近5日高｜MA5加速上彎｜短均多頭,TEST有升級IGNITION條件，可優先觀察隔日延續。,v266.57.9,WATCH,0.55,0.35,0.75,14.65,60.0,最後後處理補寫：原分數+結構前置+續強品質+突破品質；不覆蓋原策略,0.0,,一般,12.013,v266.58.1,2026-10-01 01:22:38,發動中,5,15,準IGNITION,前狀態:發動中→今日:發動中｜強狀態維持｜強狀態連續維持｜具備點火條件,READY,v266.60.2,17.263,30.0,32.0,0.0,0.0,21.524,55.0,20/40/60結構佳｜續強品質佳｜主力佈局語意｜狀態升級強｜具升級旗標｜升級標籤｜突破品質輔助,高優先準點火,v266.61,2026-10-01 01:22:44,31.0,洗盤不破承接｜突破品質成立但未過熱｜狀態升級觸發｜狀態轉移轉強,強點火事件,可列入優先追蹤，觀察隔日不破MA5/MA10。,21.384,58,v266.62,2026-10-01 01:22:46,24.0,0.0,40.0,35.0,-16.27,量能安靜｜洗盤整理不破｜主力吸籌文字確認｜狀態轉移剛加速｜狀態剛升級｜假突破/出貨文字風險,v266.68,2026-10-01 01:22:50,FAKE_BREAKOUT_RISK,假突破/追高風險：避免追價。,WATCH,678
2026-09-30,6776,WATCH,54,52.9,50-100,0.0,0,佈局觀察,波動壓縮 | 均線收斂 | 接近突破 | 結構尚可,True,False,False,True,False,True,10.6,A,起漲結構強,20D站上MA20｜MA5站上MA10｜接近20日高｜40D平台收斂｜短中均線糾結｜40D低點守住｜接近/站回MA60｜近5日量縮｜5D動能轉正｜10D動能轉正,平台壓縮後轉強，可優先觀察起漲/試單。,v266.57.9,10.6,無原分數欄位｜僅顯示結構前置分數,215.0,10.0,A,續強品質強,回檔不破前低｜低點墊高確認｜收盤守MA5｜續強確認：收盤未跌破MA5｜回檔量縮｜MA5仍在MA10上｜仍站MA20｜10D動能維持,回檔承接尚可，若原策略入選，可優先觀察延續。,v266.57.9,9.93,0.55,0.5,GENERIC,測試排序分=原分數+結構前置分*策略權重+續強品質*策略權重；不覆蓋原策略,94.0,6.5,A,突破品質強,紅K實體放大｜收盤接近高點｜突破近5日高｜MA5加速上彎｜短均多頭,TEST有升級IGNITION條件，可優先觀察隔日延續。,v266.57.9,WATCH,0.55,0.35,0.75,14.205,76.0,最後後處理補寫：原分數+結構前置+續強品質+突破品質；不覆蓋原策略,0.0,,一般,11.648,v266.58.1,2026-10-01 01:22:38,發動中,5,16,準IGNITION,前狀態:觀察→今日:發動中｜狀態跳升｜具備點火條件,READY,v266.60.2,17.248,30.0,32.0,0.0,0.0,21.505,59.0,20/40/60結構佳｜續強品質佳｜主力佈局語意｜狀態升級強｜具升級旗標｜升級標籤｜突破品質輔助,高優先準點火,v266.61,2026-10-01 01:22:44,31.0,洗盤不破承接｜突破品質成立但未過熱｜狀態升級觸發｜狀態轉移轉強,強點火事件,可列入優先追蹤，觀察隔日不破MA5/MA10。,21.374,59,v266.62,2026-10-01 01:22:46,24.0,0.0,40.0,35.0,-16.27,量能安靜｜洗盤整理不破｜主力吸籌文字確認｜狀態轉移剛加速｜狀態剛升級｜假突破/出貨文字風險,v266.68,2026-10-01 01:22:50,FAKE_BREAKOUT_RISK,假突破/追高風險：避免追價。,WATCH,679
2026-09-30,2913,WATCH,54,11.15,50以下,0.0,0,佈局觀察,波動壓縮 | 均線收斂 | 接近突破 | 結構尚可,True,False,False,True,False,True,10.6,A,起漲結構強,20D站上MA20｜MA5站上MA10｜接近20日高｜40D平台收斂｜短中均線糾結｜40D低點守住｜接近/站回MA60｜MA60不再下彎｜5D動能轉正｜10D動能轉正,平台壓縮後轉強，可優先觀察起漲/試單。,v266.57.9,10.6,無原分數欄位｜僅顯示結構前置分數,215.0,10.0,A,續強品質強,回檔不破前低｜低點墊高確認｜收盤守MA5｜續強確認：收盤未跌破MA5｜回檔量縮｜MA5仍在MA10上｜仍站MA20｜10D動能維持,回檔承接尚可，若原策略入選，可優先觀察延續。,v266.57.9,9.93,0.55,0.5,GENERIC,測試排序分=原分數+結構前置分*策略權重+續強品質*策略權重；不覆蓋原策略,94.0,6.5,A,突破品質強,紅K實體放大｜收盤接近高點｜量能較前日放大｜突破近5日高｜短均多頭,TEST有升級IGNITION條件，可優先觀察隔日延續。,v266.57.9,WATCH,0.55,0.35,0.75,14.205,76.0,最後後處理補寫：原分數+結構前置+續強品質+突破品質；不覆蓋原策略,0.0,,一般,11.648,v266.58.1,2026-10-01 01:22:38,發動中,5,16,準IGNITION,前狀態:觀察→今日:發動中｜狀態跳升｜具備點火條件,READY,v266.60.2,17.248,30.0,32.0,0.0,0.0,21.505,59.0,20/40/60結構佳｜續強品質佳｜主力佈局語意｜狀態升級強｜具升級旗標｜升級標籤｜突破品質輔助,高優先準點火,v266.61,2026-10-01 01:22:44,31.0,洗盤不破承接｜突破品質成立但未過熱｜狀態升級觸發｜狀態轉移轉強,強點火事件,可列入優先追蹤，觀察隔日不破MA5/MA10。,21.374,60,v266.62,2026-10-01 01:22:46,24.0,0.0,40.0,35.0,-16.27,量能安靜｜洗盤整理不破｜主力吸籌文字確認｜狀態轉移剛加速｜狀態剛升級｜假突破/出貨文字風險,v266.68,2026-10-01 01:22:50,FAKE_BREAKOUT_RISK,假突破/追高風險：避免追價。,WATCH,680
2026-09-30,2401,WATCH,62,26.75,50以下,0.0,0,佈局觀察,波動壓縮 | 均線收斂 | 放量吸收 | 接近突破,True,False,False,True,True,True,12.0,A,起漲結構強,20D站上MA20｜MA20走平翻揚｜MA5站上MA10｜接近20日高｜40D平台收斂｜短中均線糾結｜40D低點守住｜接近/站回MA60｜量縮後溫和放量｜5D動能轉正｜10D動能轉正,平台壓縮後轉強，可優先觀察起漲/試單。,v266.57.9,12.0,無原分數欄位｜僅顯示結構前置分數,1.0,8.7,A,續強品質強,回檔不破前低｜低點墊高確認｜收盤守MA5｜續強確認：收盤未跌破MA5｜MA5仍在MA10上｜仍站MA20｜10D動能維持,回檔承接尚可，若原策略入選，可優先觀察延續。,v266.57.9,9.95,0.55,0.5,GENERIC,測試排序分=原分數+結構前置分*策略權重+續強品質*策略權重；不覆蓋原策略,51.0,6.5,A,突破品質強,紅K實體放大｜收盤接近高點｜量能較前日放大｜突破近5日高｜短均多頭,TEST有升級IGNITION條件，可優先觀察隔日延續。,v266.57.9,WATCH,0.55,0.35,0.75,14.52,67.0,最後後處理補寫：原分數+結構前置+續強品質+突破品質；不覆蓋原策略,0.0,,一般,11.906,v266.58.1,2026-10-01 01:22:38,發動中,5,15,準IGNITION,前狀態:發動中→今日:發動中｜強狀態維持｜強狀態連續維持｜具備點火條件,READY,v266.60.2,17.156,30.0,32.0,0.0,0.0,21.513,57.0,20/40/60結構佳｜續強品質佳｜主力佈局語意｜狀態升級強｜具升級旗標｜升級標籤｜突破品質輔助,高優先準點火,v266.61,2026-10-01 01:22:44,31.0,洗盤不破承接｜突破品質成立但未過熱｜狀態升級觸發｜狀態轉移轉強,強點火事件,可列入優先追蹤，觀察隔日不破MA5/MA10。,21.309,61,v266.62,2026-10-01 01:22:46,24.0,0.0,40.0,35.0,-16.27,量能安靜｜洗盤整理不破｜主力吸籌文字確認｜狀態轉移剛加速｜狀態剛升級｜假突破/出貨文字風險,v266.68,2026-10-01 01:22:50,FAKE_BREAKOUT_RISK,假突破/追高風險：避免追價。,WATCH,681
2026-09-30,2610,WATCH,54,20.45,50以下,0.0,0,佈局觀察,波動壓縮 | 均線收斂 | 接近突破 | 結構尚可,True,False,False,True,False,True,11.6,A,起漲結構強,20D站上MA20｜MA5站上MA10｜接近20日高｜40D平台收斂｜短中均線糾結｜40D低點守住｜接近/站回MA60｜量縮後溫和放量｜5D動能轉正｜10D動能轉正,平台壓縮後轉強，可優先觀察起漲/試單。,v266.57.9,11.6,無原分數欄位｜僅顯示結構前置分數,97.0,8.7,A,續強品質強,回檔不破前低｜低點墊高確認｜收盤守MA5｜續強確認：收盤未跌破MA5｜MA5仍在MA10上｜仍站MA20｜10D動能維持,回檔承接尚可，若原策略入選，可優先觀察延續。,v266.57.9,9.73,0.55,0.5,GENERIC,測試排序分=原分數+結構前置分*策略權重+續強品質*策略權重；不覆蓋原策略,102.0,6.2,A,突破品質強,紅K實體放大｜收盤接近高點｜量能較前日放大｜MA5加速上彎｜短均多頭,TEST有升級IGNITION條件，可優先觀察隔日延續。,v266.57.9,WATCH,0.55,0.35,0.75,14.075,78.0,最後後處理補寫：原分數+結構前置+續強品質+突破品質；不覆蓋原策略,0.0,,一般,11.542,v266.58.1,2026-10-01 01:22:38,發動中,5,16,準IGNITION,前狀態:觀察→今日:發動中｜狀態跳升｜具備點火條件,READY,v266.60.2,17.142,30.0,32.0,0.0,0.0,21.494,62.0,20/40/60結構佳｜續強品質佳｜主力佈局語意｜狀態升級強｜具升級旗標｜升級標籤｜突破品質輔助,高優先準點火,v266.61,2026-10-01 01:22:44,31.0,洗盤不破承接｜突破品質成立但未過熱｜狀態升級觸發｜狀態轉移轉強,強點火事件,可列入優先追蹤，觀察隔日不破MA5/MA10。,21.299,62,v266.62,2026-10-01 01:22:46,24.0,0.0,40.0,35.0,-16.27,量能安靜｜洗盤整理不破｜主力吸籌文字確認｜狀態轉移剛加速｜狀態剛升級｜假突破/出貨文字風險,v266.68,2026-10-01 01:22:50,FAKE_BREAKOUT_RISK,假突破/追高風險：避免追價。,WATCH,682
2026-09-30,1340,BUY,86,5.24,50以下,0.01,10000,主力佈局完成,波動壓縮 | 安靜吸籌 | 均線收斂 | 放量吸收 | 接近突破 | 結構尚可,True,True,False,True,True,True,11.6,A,起漲結構強,20D站上MA20｜MA5站上MA10｜接近20日高｜40D平台收斂｜短中均線糾結｜40D低點守住｜接近/站回MA60｜量縮後溫和放量｜5D動能轉正｜10D動能轉正,平台壓縮後轉強，可優先觀察起漲/試單。,v266.57.9,11.6,無原分數欄位｜僅顯示結構前置分數,97.0,8.7,A,續強品質強,回檔不破前低｜低點墊高確認｜收盤守MA5｜續強確認：收盤未跌破MA5｜MA5仍在MA10上｜仍站MA20｜10D動能維持,回檔承接尚可，若原策略入選，可優先觀察延續。,v266.57.9,9.73,0.55,0.5,GENERIC,測試排序分=原分數+結構前置分*策略權重+續強品質*策略權重；不覆蓋原策略,102.0,4.7,B,突破品質中,紅K實體放大｜量能較前日放大｜MA5加速上彎｜短均多頭,突破品質尚可，可列入試單後續確認。,v266.57.9,GENERIC,0.55,0.5,0.5,13.08,121.0,最後後處理補寫：原分數+結構前置+續強品質+突破品質；不覆蓋原策略,0.0,,一般,10.726,v266.58.1,2026-10-01 01:22:38,突破中,4,18,IGNITION,前狀態:吸籌中→今日:突破中｜狀態跳升｜連續升級｜連續狀態達IGNITION,YES,v266.60.2,17.026,30.0,32.0,0.0,0.0,21.448,65.0,20/40/60結構佳｜續強品質佳｜主力佈局語意｜狀態升級強｜具升級旗標｜升級標籤｜突破品質輔助,高優先準點火,v266.61,2026-10-01 01:22:44,31.0,洗盤不破承接｜突破品質成立但未過熱｜狀態升級觸發｜狀態轉移轉強,強點火事件,可列入優先追蹤，觀察隔日不破MA5/MA10。,21.218,63,v266.62,2026-10-01 01:22:46,24.0,0.0,40.0,35.0,-16.27,量能安靜｜洗盤整理不破｜主力吸籌文字確認｜狀態轉移剛加速｜狀態剛升級｜假突破/出貨文字風險,v266.68,2026-10-01 01:22:50,FAKE_BREAKOUT_RISK,假突破/追高風險：避免追價。,WATCH,683
2026-09-30,4582,TEST,66,22.5,50以下,0.005,5000,佈局高機率,波動壓縮 | 安靜吸籌 | 均線收斂 | 放量吸收,True,True,False,True,True,False,8.6,A,起漲結構強,MA5站上MA10｜40D平台收斂｜短中均線糾結｜40D低點守住｜量縮後溫和放量｜5D動能轉正｜10D動能轉正,平台壓縮後轉強，可優先觀察起漲/試單。,v266.57.9,8.6,無原分數欄位｜僅顯示結構前置分數,538.0,9.2,A,續強品質強,回檔不破前低｜低點墊高確認｜收盤守MA5｜續強確認：收盤未跌破MA5｜回檔量縮｜MA5仍在MA10上｜10D動能維持,回檔承接尚可，若原策略入選，可優先觀察延續。,v266.57.9,8.33,0.55,0.5,GENERIC,測試排序分=原分數+結構前置分*策略權重+續強品質*策略權重；不覆蓋原策略,343.0,4.0,B,突破品質中,紅K實體放大｜收盤接近高點｜MA5加速上彎｜短均多頭｜扣分:單日量能過猛,突破品質尚可，可列入試單後續確認。,v266.57.9,TEST,0.8,0.5,0.9,15.08,46.0,最後後處理補寫：原分數+結構前置+續強品質+突破品質；不覆蓋原策略,0.0,,一般,12.366,v266.58.1,2026-10-01 01:22:38,突破中,4,13,準IGNITION,前狀態:觀察→今日:突破中｜狀態跳升｜具備點火條件,READY,v266.60.2,16.916,30.0,32.0,0.0,0.0,21.524,55.0,20/40/60結構佳｜續強品質佳｜主力佈局語意｜狀態升級強｜具升級旗標｜升級標籤｜突破品質輔助,高優先準點火,v266.61,2026-10-01 01:22:44,31.0,洗盤不破承接｜突破品質成立但未過熱｜狀態升級觸發｜狀態轉移轉強,強點火事件,可列入優先追蹤，觀察隔日不破MA5/MA10。,21.141,64,v266.62,2026-10-01 01:22:46,24.0,0.0,40.0,35.0,-16.27,量能安靜｜洗盤整理不破｜主力吸籌文字確認｜狀態轉移剛加速｜狀態剛升級｜假突破/出貨文字風險,v266.68,2026-10-01 01:22:50,FAKE_BREAKOUT_RISK,假突破/追高風險：避免追價。,WATCH,684
2026-09-30,3535,BUY,80,92.0,50-100,0.01,10000,主力佈局完成,波動壓縮 | 安靜吸籌 | 均線收斂 | 放量吸收 | 接近突破,True,True,False,True,True,True,12.0,A,起漲結構強,20D站上MA20｜MA20走平翻揚｜MA5站上MA10｜接近20日高｜40D平台收斂｜短中均線糾結｜40D低點守住｜接近/站回MA60｜站回60D區間中上｜量縮後溫和放量｜5D動能轉正｜10D動能轉正,平台壓縮後轉強，可優先觀察起漲/試單。,v266.57.9,12.0,無原分數欄位｜僅顯示結構前置分數,1.0,8.7,A,續強品質強,回檔不破前低｜低點墊高確認｜收盤守MA5｜續強確認：收盤未跌破MA5｜MA5仍在MA10上｜仍站MA20｜10D動能維持,回檔承接尚可，若原策略入選，可優先觀察延續。,v266.57.9,9.95,0.55,0.5,GENERIC,測試排序分=原分數+結構前置分*策略權重+續強品質*策略權重；不覆蓋原策略,51.0,4.7,B,突破品質中,紅K實體放大｜量能較前日放大｜MA5加速上彎｜短均多頭,突破品質尚可，可列入試單後續確認。,v266.57.9,GENERIC,0.55,0.5,0.5,13.3,112.0,最後後處理補寫：原分數+結構前置+續強品質+突破品質；不覆蓋原策略,0.0,,一般,10.906,v266.58.1,2026-10-01 01:22:38,突破中,4,17,準IGNITION,前狀態:突破中→今日:突破中｜強狀態維持｜連續升級｜強狀態連續維持｜具備點火條件,READY,v266.60.2,16.856,30.0,32.0,0.0,0.0,21.448,65.0,20/40/60結構佳｜續強品質佳｜主力佈局語意｜狀態升級強｜具升級旗標｜升級標籤｜突破品質輔助,高優先準點火,v266.61,2026-10-01 01:22:44,31.0,洗盤不破承接｜突破品質成立但未過熱｜狀態升級觸發｜狀態轉移轉強,強點火事件,可列入優先追蹤，觀察隔日不破MA5/MA10。,21.099,65,v266.62,2026-10-01 01:22:46,24.0,0.0,40.0,35.0,-16.27,量能安靜｜洗盤整理不破｜主力吸籌文字確認｜狀態轉移剛加速｜狀態剛升級｜假突破/出貨文字風險,v266.68,2026-10-01 01:22:50,FAKE_BREAKOUT_RISK,假突破/追高風險：避免追價。,WATCH,685
2026-09-30,1720,WATCH,54,56.3,50-100,0.0,0,佈局觀察,波動壓縮 | 均線收斂 | 接近突破 | 結構尚可,True,False,False,True,False,True,9.6,A,起漲結構強,20D站上MA20｜MA5站上MA10｜接近20日高｜40D平台收斂｜短中均線糾結｜40D低點守住｜接近/站回MA60｜5D動能轉正｜10D動能轉正,平台壓縮後轉強，可優先觀察起漲/試單。,v266.57.9,9.6,無原分數欄位｜僅顯示結構前置分數,365.0,10.0,A,續強品質強,回檔不破前低｜低點墊高確認｜收盤守MA5｜續強確認：收盤未跌破MA5｜回檔量縮｜MA5仍在MA10上｜仍站MA20｜10D動能維持,回檔承接尚可，若原策略入選，可優先觀察延續。,v266.57.9,9.38,0.55,0.5,GENERIC,測試排序分=原分數+結構前置分*策略權重+續強品質*策略權重；不覆蓋原策略,152.0,6.5,A,突破品質強,紅K實體放大｜收盤接近高點｜突破近5日高｜MA5加速上彎｜短均多頭,TEST有升級IGNITION條件，可優先觀察隔日延續。,v266.57.9,WATCH,0.55,0.35,0.75,13.655,94.0,最後後處理補寫：原分數+結構前置+續強品質+突破品質；不覆蓋原策略,0.0,,一般,11.197,v266.58.1,2026-10-01 01:22:38,發動中,5,16,準IGNITION,前狀態:觀察→今日:發動中｜狀態跳升｜具備點火條件,READY,v266.60.2,16.797,30.0,32.0,0.0,0.0,21.46,63.0,20/40/60結構佳｜續強品質佳｜主力佈局語意｜狀態升級強｜具升級旗標｜升級標籤｜突破品質輔助,高優先準點火,v266.61,2026-10-01 01:22:44,31.0,洗盤不破承接｜突破品質成立但未過熱｜狀態升級觸發｜狀態轉移轉強,強點火事件,可列入優先追蹤，觀察隔日不破MA5/MA10。,21.058,66,v266.62,2026-10-01 01:22:46,24.0,0.0,40.0,35.0,-16.27,量能安靜｜洗盤整理不破｜主力吸籌文字確認｜狀態轉移剛加速｜狀態剛升級｜假突破/出貨文字風險,v266.68,2026-10-01 01:22:50,FAKE_BREAKOUT_RISK,假突破/追高風險：避免追價。,WATCH,686
2026-09-30,3038,BUY,86,20.8,50以下,0.01,10000,主力佈局完成,波動壓縮 | 安靜吸籌 | 均線收斂 | 放量吸收 | 接近突破 | 結構尚可,True,True,False,True,True,True,10.6,A,起漲結構強,20D站上MA20｜MA20走平翻揚｜MA5站上MA10｜接近20日高｜40D平台收斂｜短中均線糾結｜40D低點守住｜接近/站回MA60｜5D動能轉正｜10D動能轉正,平台壓縮後轉強，可優先觀察起漲/試單。,v266.57.9,10.6,無原分數欄位｜僅顯示結構前置分數,215.0,8.7,A,續強品質強,回檔不破前低｜低點墊高確認｜收盤守MA5｜續強確認：收盤未跌破MA5｜MA5仍在MA10上｜仍站MA20｜10D動能維持,回檔承接尚可，若原策略入選，可優先觀察延續。,v266.57.9,9.18,0.55,0.5,GENERIC,測試排序分=原分數+結構前置分*策略權重+續強品質*策略權重；不覆蓋原策略,165.0,5.0,B,突破品質中,紅K實體放大｜突破近5日高｜MA5加速上彎｜短均多頭,突破品質尚可，可列入試單後續確認。,v266.57.9,GENERIC,0.55,0.5,0.5,12.68,136.0,最後後處理補寫：原分數+結構前置+續強品質+突破品質；不覆蓋原策略,0.0,,一般,10.398,v266.58.1,2026-10-01 01:22:38,突破中,4,17,準IGNITION,前狀態:突破中→今日:突破中｜強狀態維持｜連續升級｜強狀態連續維持｜具備點火條件,READY,v266.60.2,16.348,30.0,32.0,0.0,0.0,21.397,75.0,20/40/60結構佳｜續強品質佳｜主力佈局語意｜狀態升級強｜具升級旗標｜升級標籤｜突破品質輔助,高優先準點火,v266.61,2026-10-01 01:22:44,31.0,洗盤不破承接｜突破品質成立但未過熱｜狀態升級觸發｜狀態轉移轉強,強點火事件,可列入優先追蹤，觀察隔日不破MA5/MA10。,20.744,68,v266.62,2026-10-01 01:22:46,24.0,0.0,40.0,35.0,-16.27,量能安靜｜洗盤整理不破｜主力吸籌文字確認｜狀態轉移剛加速｜狀態剛升級｜假突破/出貨文字風險,v266.68,2026-10-01 01:22:50,FAKE_BREAKOUT_RISK,假突破/追高風險：避免追價。,WATCH,687
2026-09-30,2433,WATCH,50,40.45,50以下,0.0,0,佈局觀察,洗盤收回 | 均線收斂 | 接近突破 | 結構尚可,False,False,True,True,False,True,9.8,A,起漲結構強,接近20日高｜40D平台收斂｜短中均線糾結｜40D低點守住｜接近/站回MA60｜近5日量縮｜量縮後溫和放量｜5D動能轉正,平台壓縮後轉強，可優先觀察起漲/試單。,v266.57.9,9.8,無原分數欄位｜僅顯示結構前置分數,346.0,7.0,A,續強品質強,回檔不破前低｜低點墊高確認｜收盤守MA5｜續強確認：收盤未跌破MA5｜回檔量縮,回檔承接尚可，若原策略入選，可優先觀察延續。,v266.57.9,7.89,0.55,0.5,GENERIC,測試排序分=原分數+結構前置分*策略權重+續強品質*策略權重；不覆蓋原策略,413.0,6.9,A,突破品質強,紅K實體放大｜收盤接近高點｜量能較前日放大｜突破近5日高｜MA5加速上彎,TEST有升級IGNITION條件，可優先觀察隔日延續。,v266.57.9,WATCH,0.55,0.35,0.75,13.015,125.0,最後後處理補寫：原分數+結構前置+續強品質+突破品質；不覆蓋原策略,0.0,,一般,10.672,v266.58.1,2026-10-01 01:22:38,發動中,5,16,準IGNITION,前狀態:觀察→今日:發動中｜狀態跳升｜具備點火條件,READY,v266.60.2,16.272,30.0,32.0,0.0,0.0,21.407,71.0,20/40/60結構佳｜續強品質佳｜主力佈局語意｜狀態升級強｜具升級旗標｜升級標籤｜突破品質輔助,高優先準點火,v266.61,2026-10-01 01:22:44,31.0,洗盤不破承接｜突破品質成立但未過熱｜狀態升級觸發｜狀態轉移轉強,強點火事件,可列入優先追蹤，觀察隔日不破MA5/MA10。,20.69,70,v266.62,2026-10-01 01:22:46,24.0,0.0,40.0,35.0,-16.27,量能安靜｜洗盤整理不破｜主力吸籌文字確認｜狀態轉移剛加速｜狀態剛升級｜假突破/出貨文字風險,v266.68,2026-10-01 01:22:50,FAKE_BREAKOUT_RISK,假突破/追高風險：避免追價。,WATCH,688
2026-09-30,1471,TEST,66,9.46,50以下,0.005,5000,佈局高機率,波動壓縮 | 安靜吸籌 | 均線收斂 | 接近突破,True,True,False,True,False,True,8.0,A,起漲結構強,MA5站上MA10｜40D平台收斂｜短中均線糾結｜40D低點守住｜接近/站回MA60｜量縮後溫和放量,平台壓縮後轉強，可優先觀察起漲/試單。,v266.57.9,8.0,無原分數欄位｜僅顯示結構前置分數,556.0,6.7,B,續強品質中,回檔不破前低｜低點墊高確認｜收盤守MA5｜續強確認：收盤未跌破MA5｜MA5仍在MA10上,回檔承接尚可，若原策略入選，可優先觀察延續。,v266.57.9,6.75,0.55,0.5,GENERIC,測試排序分=原分數+結構前置分*策略權重+續強品質*策略權重；不覆蓋原策略,621.0,5.0,B,突破品質中,紅K實體放大｜收盤接近高點｜量能較前日放大｜短均多頭,突破品質尚可，可列入試單後續確認。,v266.57.9,TEST,0.8,0.5,0.9,14.25,74.0,最後後處理補寫：原分數+結構前置+續強品質+突破品質；不覆蓋原策略,0.0,,一般,11.685,v266.58.1,2026-10-01 01:22:38,突破中,4,13,準IGNITION,前狀態:觀察→今日:突破中｜狀態跳升｜具備點火條件,READY,v266.60.2,16.235,30.0,32.0,0.0,0.0,21.456,64.0,20/40/60結構佳｜續強品質佳｜主力佈局語意｜狀態升級強｜具升級旗標｜升級標籤｜突破品質輔助,高優先準點火,v266.61,2026-10-01 01:22:44,31.0,洗盤不破承接｜突破品質成立但未過熱｜狀態升級觸發｜狀態轉移轉強,強點火事件,可列入優先追蹤，觀察隔日不破MA5/MA10。,20.664,71,v266.62,2026-10-01 01:22:46,24.0,0.0,40.0,35.0,-16.27,量能安靜｜洗盤整理不破｜主力吸籌文字確認｜狀態轉移剛加速｜狀態剛升級｜假突破/出貨文字風險,v266.68,2026-10-01 01:22:50,FAKE_BREAKOUT_RISK,假突破/追高風險：避免追價。,WATCH,689
2026-09-30,3533,WATCH,62,1770.0,1000以上,0.0,0,佈局觀察,波動壓縮 | 均線收斂 | 放量吸收 | 接近突破,True,False,False,True,True,True,10.6,A,起漲結構強,20D站上MA20｜MA20走平翻揚｜MA5站上MA10｜接近20日高｜40D平台收斂｜短中均線糾結｜40D低點守住｜接近/站回MA60｜5D動能轉正｜10D動能轉正,平台壓縮後轉強，可優先觀察起漲/試單。,v266.57.9,10.6,無原分數欄位｜僅顯示結構前置分數,215.0,7.7,A,續強品質強,回檔不破前低｜低點墊高確認｜收盤守MA5｜續強確認：收盤未跌破MA5｜MA5仍在MA10上｜仍站MA20｜10D動能維持｜扣分:接近20日高且短線過熱,回檔承接尚可，若原策略入選，可優先觀察延續。,v266.57.9,8.68,0.55,0.5,GENERIC,測試排序分=原分數+結構前置分*策略權重+續強品質*策略權重；不覆蓋原策略,260.0,6.2,A,突破品質強,收盤接近高點｜量能較前日放大｜突破近5日高｜MA5加速上彎｜短均多頭,TEST有升級IGNITION條件，可優先觀察隔日延續。,v266.57.9,WATCH,0.55,0.35,0.75,13.175,116.0,最後後處理補寫：原分數+結構前置+續強品質+突破品質；不覆蓋原策略,0.0,,一般,10.804,v266.58.1,2026-10-01 01:22:38,發動中,5,15,準IGNITION,前狀態:發動中→今日:發動中｜強狀態維持｜強狀態連續維持｜具備點火條件,READY,v266.60.2,16.054,30.0,32.0,0.0,15.0,15.103,400.0,20/40/60結構佳｜續強品質佳｜主力佈局語意｜狀態升級強｜具升級旗標｜升級標籤｜風險語意扣分｜突破品質輔助,過熱降權,v266.61,2026-10-01 01:22:44,31.0,洗盤不破承接｜突破品質成立但未過熱｜狀態升級觸發｜狀態轉移轉強,強點火事件,可列入優先追蹤，觀察隔日不破MA5/MA10。,20.538,73,v266.62,2026-10-01 01:22:46,24.0,0.0,40.0,35.0,-16.27,量能安靜｜洗盤整理不破｜主力吸籌文字確認｜狀態轉移剛加速｜狀態剛升級｜假突破/出貨文字風險,v266.68,2026-10-01 01:22:50,FAKE_BREAKOUT_RISK,假突破/追高風險：避免追價。,WATCH,690
2026-09-30,2850,BUY,86,163.0,100-500,0.01,10000,主力佈局完成,波動壓縮 | 安靜吸籌 | 均線收斂 | 放量吸收 | 接近突破 | 結構尚可,True,True,False,True,True,True,10.1,A,起漲結構強,20D站上MA20｜MA5站上MA10｜接近20日高｜40D平台收斂｜短中均線糾結｜40D低點守住｜接近/站回MA60｜MA60不再下彎｜站回60D區間中上｜5D動能轉正｜10D動能轉正｜扣分:單日爆量偏高,平台壓縮後轉強，可優先觀察起漲/試單。,v266.57.9,10.1,無原分數欄位｜僅顯示結構前置分數,249.0,7.5,A,續強品質強,回檔不破前低｜低點墊高確認｜收盤守MA5｜續強確認：收盤未跌破MA5｜MA5仍在MA10上｜仍站MA20｜10D動能維持｜扣分:回檔量放大,回檔承接尚可，若原策略入選，可優先觀察延續。,v266.57.9,8.305,0.55,0.5,GENERIC,測試排序分=原分數+結構前置分*策略權重+續強品質*策略權重；不覆蓋原策略,347.0,7.7,A,突破品質強,紅K實體放大｜收盤接近高點｜量能較前日放大｜突破近5日高｜MA5加速上彎｜短均多頭,TEST有升級IGNITION條件，可優先觀察隔日延續。,v266.57.9,GENERIC,0.55,0.5,0.5,13.155,120.0,最後後處理補寫：原分數+結構前置+續強品質+突破品質；不覆蓋原策略,0.0,,一般,10.787,v266.58.1,2026-10-01 01:22:38,發動中,5,15,準IGNITION,前狀態:發動中→今日:發動中｜強狀態維持｜強狀態連續維持｜具備點火條件,READY,v266.60.2,16.037,30.0,32.0,0.0,0.0,21.401,74.0,20/40/60結構佳｜續強品質佳｜主力佈局語意｜狀態升級強｜具升級旗標｜升級標籤｜突破品質輔助,高優先準點火,v266.61,2026-10-01 01:22:44,31.0,洗盤不破承接｜突破品質成立但未過熱｜狀態升級觸發｜狀態轉移轉強,強點火事件,可列入優先追蹤，觀察隔日不破MA5/MA10。,20.526,75,v266.62,2026-10-01 01:22:46,24.0,0.0,40.0,35.0,-16.27,量能安靜｜洗盤整理不破｜主力吸籌文字確認｜狀態轉移剛加速｜狀態剛升級｜假突破/出貨文字風險,v266.68,2026-10-01 01:22:50,FAKE_BREAKOUT_RISK,假突破/追高風險：避免追價。,WATCH,691
2026-09-30,1762,WATCH,54,34.35,50以下,0.0,0,佈局觀察,波動壓縮 | 均線收斂 | 接近突破 | 結構尚可,True,False,False,True,False,True,8.6,A,起漲結構強,MA5站上MA10｜40D平台收斂｜短中均線糾結｜40D低點守住｜接近/站回MA60｜近5日量縮｜5D動能轉正｜10D動能轉正,平台壓縮後轉強，可優先觀察起漲/試單。,v266.57.9,8.6,無原分數欄位｜僅顯示結構前置分數,538.0,9.2,A,續強品質強,回檔不破前低｜低點墊高確認｜收盤守MA5｜續強確認：收盤未跌破MA5｜回檔量縮｜MA5仍在MA10上｜10D動能維持,回檔承接尚可，若原策略入選，可優先觀察延續。,v266.57.9,8.33,0.55,0.5,GENERIC,測試排序分=原分數+結構前置分*策略權重+續強品質*策略權重；不覆蓋原策略,343.0,6.2,A,突破品質強,收盤接近高點｜量能較前日放大｜突破近5日高｜MA5加速上彎｜短均多頭,TEST有升級IGNITION條件，可優先觀察隔日延續。,v266.57.9,WATCH,0.55,0.35,0.75,12.6,140.0,最後後處理補寫：原分數+結構前置+續強品質+突破品質；不覆蓋原策略,0.0,,一般,10.332,v266.58.1,2026-10-01 01:22:38,發動中,5,16,準IGNITION,前狀態:觀察→今日:發動中｜狀態跳升｜具備點火條件,READY,v266.60.2,15.932,30.0,32.0,0.0,0.0,21.373,83.0,20/40/60結構佳｜續強品質佳｜主力佈局語意｜狀態升級強｜具升級旗標｜升級標籤｜突破品質輔助,高優先準點火,v266.61,2026-10-01 01:22:44,31.0,洗盤不破承接｜突破品質成立但未過熱｜狀態升級觸發｜狀態轉移轉強,強點火事件,可列入優先追蹤，觀察隔日不破MA5/MA10。,20.452,76,v266.62,2026-10-01 01:22:46,24.0,0.0,40.0,35.0,-16.27,量能安靜｜洗盤整理不破｜主力吸籌文字確認｜狀態轉移剛加速｜狀態剛升級｜假突破/出貨文字風險,v266.68,2026-10-01 01:22:50,FAKE_BREAKOUT_RISK,假突破/追高風險：避免追價。,WATCH,692
2026-09-30,1906,TEST,72,10.9,50以下,0.005,5000,佈局高機率,波動壓縮 | 安靜吸籌 | 均線收斂 | 接近突破 | 結構尚可,True,True,False,True,False,True,7.8,B,起漲結構中,40D平台收斂｜短中均線糾結｜40D低點守住｜接近/站回MA60｜量縮後溫和放量｜5D動能轉正,平台壓縮後轉強，可優先觀察起漲/試單。,v266.57.9,7.8,無原分數欄位｜僅顯示結構前置分數,678.0,5.5,B,續強品質中,回檔不破前低｜低點墊高確認｜收盤守MA5｜續強確認：收盤未跌破MA5,回檔承接尚可，若原策略入選，可優先觀察延續。,v266.57.9,6.04,0.55,0.5,GENERIC,測試排序分=原分數+結構前置分*策略權重+續強品質*策略權重；不覆蓋原策略,758.0,5.4,B,突破品質中,收盤接近高點｜量能較前日放大｜突破近5日高｜MA5加速上彎,突破品質尚可，可列入試單後續確認。,v266.57.9,TEST,0.8,0.5,0.9,13.85,88.0,最後後處理補寫：原分數+結構前置+續強品質+突破品質；不覆蓋原策略,0.0,,一般,11.357,v266.58.1,2026-10-01 01:22:38,突破中,4,13,準IGNITION,前狀態:觀察→今日:突破中｜狀態跳升｜具備點火條件,READY,v266.60.2,15.907,30.0,32.0,0.0,0.0,21.423,68.0,20/40/60結構佳｜續強品質佳｜主力佈局語意｜狀態升級強｜具升級旗標｜升級標籤｜突破品質輔助,高優先準點火,v266.61,2026-10-01 01:22:44,31.0,洗盤不破承接｜突破品質成立但未過熱｜狀態升級觸發｜狀態轉移轉強,強點火事件,可列入優先追蹤，觀察隔日不破MA5/MA10。,20.435,77,v266.62,2026-10-01 01:22:46,24.0,0.0,40.0,35.0,-16.27,量能安靜｜洗盤整理不破｜主力吸籌文字確認｜狀態轉移剛加速｜狀態剛升級｜假突破/出貨文字風險,v266.68,2026-10-01 01:22:50,FAKE_BREAKOUT_RISK,假突破/追高風險：避免追價。,WATCH,693
2026-09-30,1434,WATCH,54,18.15,50以下,0.0,0,佈局觀察,波動壓縮 | 均線收斂 | 接近突破 | 結構尚可,True,False,False,True,False,True,12.0,A,起漲結構強,20D站上MA20｜MA20走平翻揚｜MA5站上MA10｜接近20日高｜40D平台收斂｜短中均線糾結｜40D低點守住｜接近/站回MA60｜MA60不再下彎｜近5日量縮｜量縮後溫和放量｜5D動能轉正｜10D動能轉正,平台壓縮後轉強，可優先觀察起漲/試單。,v266.57.9,12.0,無原分數欄位｜僅顯示結構前置分數,1.0,10.0,A,續強品質強,回檔不破前低｜低點墊高確認｜收盤守MA5｜續強確認：收盤未跌破MA5｜回檔量縮｜MA5仍在MA10上｜仍站MA20｜10D動能維持,回檔承接尚可，若原策略入選，可優先觀察延續。,v266.57.9,10.7,0.55,0.5,GENERIC,測試排序分=原分數+結構前置分*策略權重+續強品質*策略權重；不覆蓋原策略,1.0,5.0,B,突破品質中,紅K實體放大｜收盤接近高點｜量能較前日放大｜短均多頭,突破品質尚可，可列入試單後續確認。,v266.57.9,WATCH,0.55,0.35,0.75,13.85,88.0,最後後處理補寫：原分數+結構前置+續強品質+突破品質；不覆蓋原策略,0.0,,一般,11.357,v266.58.1,2026-10-01 01:22:38,突破中,4,13,準IGNITION,前狀態:觀察→今日:突破中｜狀態跳升｜具備點火條件,READY,v266.60.2,15.907,30.0,32.0,0.0,0.0,21.423,68.0,20/40/60結構佳｜續強品質佳｜主力佈局語意｜狀態升級強｜具升級旗標｜升級標籤｜突破品質輔助,高優先準點火,v266.61,2026-10-01 01:22:44,31.0,洗盤不破承接｜突破品質成立但未過熱｜狀態升級觸發｜狀態轉移轉強,強點火事件,可列入優先追蹤，觀察隔日不破MA5/MA10。,20.435,78,v266.62,2026-10-01 01:22:46,24.0,0.0,40.0,35.0,-16.27,量能安靜｜洗盤整理不破｜主力吸籌文字確認｜狀態轉移剛加速｜狀態剛升級｜假突破/出貨文字風險,v266.68,2026-10-01 01:22:50,FAKE_BREAKOUT_RISK,假突破/追高風險：避免追價。,WATCH,694
2026-09-30,1535,WATCH,54,45.8,50以下,0.0,0,佈局觀察,波動壓縮 | 均線收斂 | 接近突破 | 結構尚可,True,False,False,True,False,True,11.8,A,起漲結構強,20D站上MA20｜MA5站上MA10｜接近20日高｜40D平台收斂｜短中均線糾結｜40D低點守住｜接近/站回MA60｜近5日量縮｜量縮後溫和放量｜10D動能轉正,平台壓縮後轉強，可優先觀察起漲/試單。,v266.57.9,11.8,無原分數欄位｜僅顯示結構前置分數,85.0,10.0,A,續強品質強,回檔不破前低｜低點墊高確認｜收盤守MA5｜續強確認：收盤未跌破MA5｜回檔量縮｜MA5仍在MA10上｜仍站MA20｜10D動能維持,回檔承接尚可，若原策略入選，可優先觀察延續。,v266.57.9,10.59,0.55,0.5,GENERIC,測試排序分=原分數+結構前置分*策略權重+續強品質*策略權重；不覆蓋原策略,26.0,5.0,B,突破品質中,紅K實體放大｜收盤接近高點｜量能較前日放大｜短均多頭,突破品質尚可，可列入試單後續確認。,v266.57.9,WATCH,0.55,0.35,0.75,13.74,91.0,最後後處理補寫：原分數+結構前置+續強品質+突破品質；不覆蓋原策略,0.0,,一般,11.267,v266.58.1,2026-10-01 01:22:38,突破中,4,13,準IGNITION,前狀態:觀察→今日:突破中｜狀態跳升｜具備點火條件,READY,v266.60.2,15.817,30.0,32.0,0.0,0.0,21.414,70.0,20/40/60結構佳｜續強品質佳｜主力佈局語意｜狀態升級強｜具升級旗標｜升級標籤｜突破品質輔助,高優先準點火,v266.61,2026-10-01 01:22:44,31.0,洗盤不破承接｜突破品質成立但未過熱｜狀態升級觸發｜狀態轉移轉強,強點火事件,可列入優先追蹤，觀察隔日不破MA5/MA10。,20.372,79,v266.62,2026-10-01 01:22:46,24.0,0.0,40.0,35.0,-16.27,量能安靜｜洗盤整理不破｜主力吸籌文字確認｜狀態轉移剛加速｜狀態剛升級｜假突破/出貨文字風險,v266.68,2026-10-01 01:22:50,FAKE_BREAKOUT_RISK,假突破/追高風險：避免追價。,WATCH,695
2026-09-30,9904,WATCH,54,24.95,50以下,0.0,0,佈局觀察,波動壓縮 | 均線收斂 | 接近突破 | 結構尚可,True,False,False,True,False,True,12.0,A,起漲結構強,20D站上MA20｜MA20走平翻揚｜MA5站上MA10｜接近20日高｜40D平台收斂｜短中均線糾結｜40D低點守住｜接近/站回MA60｜MA60不再下彎｜站回60D區間中上｜5D動能轉正｜10D動能轉正,平台壓縮後轉強，可優先觀察起漲/試單。,v266.57.9,12.0,無原分數欄位｜僅顯示結構前置分數,1.0,10.0,A,續強品質強,回檔不破前低｜低點墊高確認｜收盤守MA5｜續強確認：收盤未跌破MA5｜回檔量縮｜MA5仍在MA10上｜仍站MA20｜10D動能維持,回檔承接尚可，若原策略入選，可優先觀察延續。,v266.57.9,10.7,0.55,0.5,GENERIC,測試排序分=原分數+結構前置分*策略權重+續強品質*策略權重；不覆蓋原策略,1.0,5.3,B,突破品質中,紅K實體放大｜收盤接近高點｜突破近5日高｜短均多頭,突破品質尚可，可列入試單後續確認。,v266.57.9,WATCH,0.55,0.35,0.75,14.075,78.0,最後後處理補寫：原分數+結構前置+續強品質+突破品質；不覆蓋原策略,0.0,,一般,11.542,v266.58.1,2026-10-01 01:22:38,突破中,4,12,準IGNITION,前狀態:突破中→今日:突破中｜強狀態維持｜強狀態連續維持｜具備點火條件,READY,v266.60.2,15.742,30.0,32.0,0.0,0.0,21.424,67.0,20/40/60結構佳｜續強品質佳｜主力佈局語意｜狀態升級強｜具升級旗標｜升級標籤｜突破品質輔助,高優先準點火,v266.61,2026-10-01 01:22:44,31.0,洗盤不破承接｜突破品質成立但未過熱｜狀態升級觸發｜狀態轉移轉強,強點火事件,可列入優先追蹤，觀察隔日不破MA5/MA10。,20.319,83,v266.62,2026-10-01 01:22:46,24.0,0.0,40.0,35.0,-16.27,量能安靜｜洗盤整理不破｜主力吸籌文字確認｜狀態轉移剛加速｜狀態剛升級｜假突破/出貨文字風險,v266.68,2026-10-01 01:22:50,FAKE_BREAKOUT_RISK,假突破/追高風險：避免追價。,WATCH,696
2026-09-30,4133,WATCH,54,20.65,50以下,0.0,0,佈局觀察,波動壓縮 | 均線收斂 | 接近突破 | 結構尚可,True,False,False,True,False,True,11.6,A,起漲結構強,20D站上MA20｜MA5站上MA10｜接近20日高｜40D平台收斂｜短中均線糾結｜40D低點守住｜接近/站回MA60｜MA60不再下彎｜近5日量縮｜5D動能轉正｜10D動能轉正,平台壓縮後轉強，可優先觀察起漲/試單。,v266.57.9,11.6,無原分數欄位｜僅顯示結構前置分數,97.0,10.0,A,續強品質強,回檔不破前低｜低點墊高確認｜收盤守MA5｜續強確認：收盤未跌破MA5｜回檔量縮｜MA5仍在MA10上｜仍站MA20｜10D動能維持,回檔承接尚可，若原策略入選，可優先觀察延續。,v266.57.9,10.48,0.55,0.5,GENERIC,測試排序分=原分數+結構前置分*策略權重+續強品質*策略權重；不覆蓋原策略,31.0,5.0,B,突破品質中,紅K實體放大｜收盤接近高點｜MA5加速上彎｜短均多頭,突破品質尚可，可列入試單後續確認。,v266.57.9,WATCH,0.55,0.35,0.75,13.63,95.0,最後後處理補寫：原分數+結構前置+續強品質+突破品質；不覆蓋原策略,0.0,,一般,11.177,v266.58.1,2026-10-01 01:22:38,突破中,4,13,準IGNITION,前狀態:觀察→今日:突破中｜狀態跳升｜具備點火條件,READY,v266.60.2,15.727,30.0,32.0,0.0,0.0,21.405,72.0,20/40/60結構佳｜續強品質佳｜主力佈局語意｜狀態升級強｜具升級旗標｜升級標籤｜突破品質輔助,高優先準點火,v266.61,2026-10-01 01:22:44,31.0,洗盤不破承接｜突破品質成立但未過熱｜狀態升級觸發｜狀態轉移轉強,強點火事件,可列入優先追蹤，觀察隔日不破MA5/MA10。,20.309,84,v266.62,2026-10-01 01:22:46,24.0,0.0,40.0,35.0,-16.27,量能安靜｜洗盤整理不破｜主力吸籌文字確認｜狀態轉移剛加速｜狀態剛升級｜假突破/出貨文字風險,v266.68,2026-10-01 01:22:50,FAKE_BREAKOUT_RISK,假突破/追高風險：避免追價。,WATCH,697
2026-09-30,1474,WATCH,54,10.05,50以下,0.0,0,佈局觀察,波動壓縮 | 均線收斂 | 接近突破 | 結構尚可,True,False,False,True,False,True,12.0,A,起漲結構強,20D站上MA20｜MA20走平翻揚｜MA5站上MA10｜40D平台收斂｜短中均線糾結｜40D低點守住｜接近/站回MA60｜MA60不再下彎｜近5日量縮｜量縮後溫和放量｜10D動能轉正,平台壓縮後轉強，可優先觀察起漲/試單。,v266.57.9,12.0,無原分數欄位｜僅顯示結構前置分數,1.0,10.0,A,續強品質強,回檔不破前低｜低點墊高確認｜收盤守MA5｜續強確認：收盤未跌破MA5｜回檔量縮｜MA5仍在MA10上｜仍站MA20｜10D動能維持,回檔承接尚可，若原策略入選，可優先觀察延續。,v266.57.9,10.7,0.55,0.5,GENERIC,測試排序分=原分數+結構前置分*策略權重+續強品質*策略權重；不覆蓋原策略,1.0,4.7,B,突破品質中,量能較前日放大｜突破近5日高｜MA5加速上彎｜短均多頭,突破品質尚可，可列入試單後續確認。,v266.57.9,WATCH,0.55,0.35,0.75,13.625,97.0,最後後處理補寫：原分數+結構前置+續強品質+突破品質；不覆蓋原策略,0.0,,一般,11.172,v266.58.1,2026-10-01 01:22:38,突破中,4,13,準IGNITION,前狀態:觀察→今日:突破中｜狀態跳升｜具備點火條件,READY,v266.60.2,15.722,30.0,32.0,0.0,0.0,21.405,72.0,20/40/60結構佳｜續強品質佳｜主力佈局語意｜狀態升級強｜具升級旗標｜升級標籤｜突破品質輔助,高優先準點火,v266.61,2026-10-01 01:22:44,31.0,洗盤不破承接｜突破品質成立但未過熱｜狀態升級觸發｜狀態轉移轉強,強點火事件,可列入優先追蹤，觀察隔日不破MA5/MA10。,20.305,85,v266.62,2026-10-01 01:22:46,24.0,0.0,40.0,35.0,-16.27,量能安靜｜洗盤整理不破｜主力吸籌文字確認｜狀態轉移剛加速｜狀態剛升級｜假突破/出貨文字風險,v266.68,2026-10-01 01:22:50,FAKE_BREAKOUT_RISK,假突破/追高風險：避免追價。,WATCH,698
2026-09-30,2393,WATCH,54,64.5,50-100,0.0,0,佈局觀察,波動壓縮 | 均線收斂 | 接近突破 | 結構尚可,True,False,False,True,False,True,12.0,A,起漲結構強,20D站上MA20｜MA5站上MA10｜接近20日高｜40D平台收斂｜短中均線糾結｜40D低點守住｜接近/站回MA60｜站回60D區間中上｜量縮後溫和放量｜5D動能轉正｜10D動能轉正,平台壓縮後轉強，可優先觀察起漲/試單。,v266.57.9,12.0,無原分數欄位｜僅顯示結構前置分數,1.0,8.7,A,續強品質強,回檔不破前低｜低點墊高確認｜收盤守MA5｜續強確認：收盤未跌破MA5｜MA5仍在MA10上｜仍站MA20｜10D動能維持,回檔承接尚可，若原策略入選，可優先觀察延續。,v266.57.9,9.95,0.55,0.5,GENERIC,測試排序分=原分數+結構前置分*策略權重+續強品質*策略權重；不覆蓋原策略,51.0,5.0,B,突破品質中,收盤接近高點｜突破近5日高｜MA5加速上彎｜短均多頭,突破品質尚可，可列入試單後續確認。,v266.57.9,WATCH,0.55,0.35,0.75,13.395,106.0,最後後處理補寫：原分數+結構前置+續強品質+突破品質；不覆蓋原策略,0.0,,一般,10.984,v266.58.1,2026-10-01 01:22:38,突破中,4,13,準IGNITION,前狀態:觀察→今日:突破中｜狀態跳升｜具備點火條件,READY,v266.60.2,15.534,30.0,32.0,0.0,0.0,21.386,80.0,20/40/60結構佳｜續強品質佳｜主力佈局語意｜狀態升級強｜具升級旗標｜升級標籤｜突破品質輔助,高優先準點火,v266.61,2026-10-01 01:22:44,31.0,洗盤不破承接｜突破品質成立但未過熱｜狀態升級觸發｜狀態轉移轉強,強點火事件,可列入優先追蹤，觀察隔日不破MA5/MA10。,20.174,86,v266.62,2026-10-01 01:22:46,24.0,0.0,40.0,35.0,-16.27,量能安靜｜洗盤整理不破｜主力吸籌文字確認｜狀態轉移剛加速｜狀態剛升級｜假突破/出貨文字風險,v266.68,2026-10-01 01:22:50,FAKE_BREAKOUT_RISK,假突破/追高風險：避免追價。,WATCH,699
2026-09-30,2534,WATCH,54,16.95,50以下,0.0,0,佈局觀察,波動壓縮 | 均線收斂 | 接近突破 | 結構尚可,True,False,False,True,False,True,12.0,A,起漲結構強,20D站上MA20｜MA5站上MA10｜接近20日高｜40D平台收斂｜短中均線糾結｜40D低點守住｜接近/站回MA60｜MA60不再下彎｜站回60D區間中上｜量縮後溫和放量｜10D動能轉正,平台壓縮後轉強，可優先觀察起漲/試單。,v266.57.9,12.0,無原分數欄位｜僅顯示結構前置分數,1.0,8.7,A,續強品質強,回檔不破前低｜低點墊高確認｜收盤守MA5｜續強確認：收盤未跌破MA5｜MA5仍在MA10上｜仍站MA20｜10D動能維持,回檔承接尚可，若原策略入選，可優先觀察延續。,v266.57.9,9.95,0.55,0.5,GENERIC,測試排序分=原分數+結構前置分*策略權重+續強品質*策略權重；不覆蓋原策略,51.0,5.0,B,突破品質中,紅K實體放大｜收盤接近高點｜量能較前日放大｜短均多頭,突破品質尚可，可列入試單後續確認。,v266.57.9,WATCH,0.55,0.35,0.75,13.395,106.0,最後後處理補寫：原分數+結構前置+續強品質+突破品質；不覆蓋原策略,0.0,,一般,10.984,v266.58.1,2026-10-01 01:22:38,突破中,4,13,準IGNITION,前狀態:觀察→今日:突破中｜狀態跳升｜具備點火條件,READY,v266.60.2,15.534,30.0,32.0,0.0,0.0,21.386,80.0,20/40/60結構佳｜續強品質佳｜主力佈局語意｜狀態升級強｜具升級旗標｜升級標籤｜突破品質輔助,高優先準點火,v266.61,2026-10-01 01:22:44,31.0,洗盤不破承接｜突破品質成立但未過熱｜狀態升級觸發｜狀態轉移轉強,強點火事件,可列入優先追蹤，觀察隔日不破MA5/MA10。,20.174,87,v266.62,2026-10-01 01:22:46,24.0,0.0,40.0,35.0,-16.27,量能安靜｜洗盤整理不破｜主力吸籌文字確認｜狀態轉移剛加速｜狀態剛升級｜假突破/出貨文字風險,v266.68,2026-10-01 01:22:50,FAKE_BREAKOUT_RISK,假突破/追高風險：避免追價。,WATCH,700
2026-09-30,3652,WATCH,54,34.2,50以下,0.0,0,佈局觀察,波動壓縮 | 均線收斂 | 接近突破 | 結構尚可,True,False,False,True,False,True,11.8,A,起漲結構強,20D站上MA20｜MA20走平翻揚｜MA5站上MA10｜接近20日高｜40D平台收斂｜短中均線糾結｜40D低點守住｜接近/站回MA60｜站回60D區間中上｜近5日量縮｜10D動能轉正,平台壓縮後轉強，可優先觀察起漲/試單。,v266.57.9,11.8,無原分數欄位｜僅顯示結構前置分數,85.0,10.0,A,續強品質強,回檔不破前低｜低點墊高確認｜收盤守MA5｜續強確認：收盤未跌破MA5｜回檔量縮｜MA5仍在MA10上｜仍站MA20｜10D動能維持,回檔承接尚可，若原策略入選，可優先觀察延續。,v266.57.9,10.59,0.55,0.5,GENERIC,測試排序分=原分數+結構前置分*策略權重+續強品質*策略權重；不覆蓋原策略,26.0,5.0,B,突破品質中,紅K實體放大｜收盤接近高點｜量能較前日放大｜短均多頭,突破品質尚可，可列入試單後續確認。,v266.57.9,WATCH,0.55,0.35,0.75,13.74,91.0,最後後處理補寫：原分數+結構前置+續強品質+突破品質；不覆蓋原策略,0.0,,一般,11.267,v266.58.1,2026-10-01 01:22:38,突破中,4,12,準IGNITION,前狀態:突破中→今日:突破中｜強狀態維持｜強狀態連續維持｜具備點火條件,READY,v266.60.2,15.467,30.0,32.0,0.0,0.0,21.397,75.0,20/40/60結構佳｜續強品質佳｜主力佈局語意｜狀態升級強｜具升級旗標｜升級標籤｜突破品質輔助,高優先準點火,v266.61,2026-10-01 01:22:44,31.0,洗盤不破承接｜突破品質成立但未過熱｜狀態升級觸發｜狀態轉移轉強,強點火事件,可列入優先追蹤，觀察隔日不破MA5/MA10。,20.127,88,v266.62,2026-10-01 01:22:46,24.0,0.0,40.0,35.0,-16.27,量能安靜｜洗盤整理不破｜主力吸籌文字確認｜狀態轉移剛加速｜狀態剛升級｜假突破/出貨文字風險,v266.68,2026-10-01 01:22:50,FAKE_BREAKOUT_RISK,假突破/追高風險：避免追價。,WATCH,701
2026-09-30,2103,WATCH,54,28.15,50以下,0.0,0,佈局觀察,波動壓縮 | 均線收斂 | 接近突破 | 結構尚可,True,False,False,True,False,True,11.6,A,起漲結構強,20D站上MA20｜MA5站上MA10｜40D平台收斂｜短中均線糾結｜40D低點守住｜接近/站回MA60｜MA60不再下彎｜站回60D區間中上｜近5日量縮｜5D動能轉正｜10D動能轉正,平台壓縮後轉強，可優先觀察起漲/試單。,v266.57.9,11.6,無原分數欄位｜僅顯示結構前置分數,97.0,10.0,A,續強品質強,回檔不破前低｜低點墊高確認｜收盤守MA5｜續強確認：收盤未跌破MA5｜回檔量縮｜MA5仍在MA10上｜仍站MA20｜10D動能維持,回檔承接尚可，若原策略入選，可優先觀察延續。,v266.57.9,10.48,0.55,0.5,GENERIC,測試排序分=原分數+結構前置分*策略權重+續強品質*策略權重；不覆蓋原策略,31.0,5.0,B,突破品質中,紅K實體放大｜收盤接近高點｜MA5加速上彎｜短均多頭,突破品質尚可，可列入試單後續確認。,v266.57.9,WATCH,0.55,0.35,0.75,13.63,95.0,最後後處理補寫：原分數+結構前置+續強品質+突破品質；不覆蓋原策略,0.0,,一般,11.177,v266.58.1,2026-10-01 01:22:38,突破中,4,12,準IGNITION,前狀態:突破中→今日:突破中｜強狀態維持｜強狀態連續維持｜具備點火條件,READY,v266.60.2,15.377,30.0,32.0,0.0,0.0,21.388,77.0,20/40/60結構佳｜續強品質佳｜主力佈局語意｜狀態升級強｜具升級旗標｜升級標籤｜突破品質輔助,高優先準點火,v266.61,2026-10-01 01:22:44,31.0,洗盤不破承接｜突破品質成立但未過熱｜狀態升級觸發｜狀態轉移轉強,強點火事件,可列入優先追蹤，觀察隔日不破MA5/MA10。,20.064,89,v266.62,2026-10-01 01:22:46,24.0,0.0,40.0,35.0,-16.27,量能安靜｜洗盤整理不破｜主力吸籌文字確認｜狀態轉移剛加速｜狀態剛升級｜假突破/出貨文字風險,v266.68,2026-10-01 01:22:50,FAKE_BREAKOUT_RISK,假突破/追高風險：避免追價。,WATCH,702
2026-09-30,2013,WATCH,54,41.6,50以下,0.0,0,佈局觀察,波動壓縮 | 均線收斂 | 接近突破 | 結構尚可,True,False,False,True,False,True,12.0,A,起漲結構強,20D站上MA20｜MA5站上MA10｜接近20日高｜40D平台收斂｜短中均線糾結｜40D低點守住｜接近/站回MA60｜站回60D區間中上｜量縮後溫和放量｜5D動能轉正｜10D動能轉正,平台壓縮後轉強，可優先觀察起漲/試單。,v266.57.9,12.0,無原分數欄位｜僅顯示結構前置分數,1.0,10.0,A,續強品質強,回檔不破前低｜低點墊高確認｜收盤守MA5｜續強確認：收盤未跌破MA5｜回檔量縮｜MA5仍在MA10上｜仍站MA20｜10D動能維持,回檔承接尚可，若原策略入選，可優先觀察延續。,v266.57.9,10.7,0.55,0.5,GENERIC,測試排序分=原分數+結構前置分*策略權重+續強品質*策略權重；不覆蓋原策略,1.0,4.7,B,突破品質中,量能較前日放大｜突破近5日高｜MA5加速上彎｜短均多頭,突破品質尚可，可列入試單後續確認。,v266.57.9,WATCH,0.55,0.35,0.75,13.625,97.0,最後後處理補寫：原分數+結構前置+續強品質+突破品質；不覆蓋原策略,0.0,,一般,11.172,v266.58.1,2026-10-01 01:22:38,突破中,4,12,準IGNITION,前狀態:突破中→今日:突破中｜強狀態維持｜強狀態連續維持｜具備點火條件,READY,v266.60.2,15.372,30.0,32.0,0.0,0.0,21.387,78.0,20/40/60結構佳｜續強品質佳｜主力佈局語意｜狀態升級強｜具升級旗標｜升級標籤｜突破品質輔助,高優先準點火,v266.61,2026-10-01 01:22:44,31.0,洗盤不破承接｜突破品質成立但未過熱｜狀態升級觸發｜狀態轉移轉強,強點火事件,可列入優先追蹤，觀察隔日不破MA5/MA10。,20.06,90,v266.62,2026-10-01 01:22:46,24.0,0.0,40.0,35.0,-16.27,量能安靜｜洗盤整理不破｜主力吸籌文字確認｜狀態轉移剛加速｜狀態剛升級｜假突破/出貨文字風險,v266.68,2026-10-01 01:22:50,FAKE_BREAKOUT_RISK,假突破/追高風險：避免追價。,WATCH,703
2026-09-30,2352,WATCH,54,29.65,50以下,0.0,0,佈局觀察,波動壓縮 | 均線收斂 | 接近突破 | 結構尚可,True,False,False,True,False,True,12.0,A,起漲結構強,20D站上MA20｜MA20走平翻揚｜MA5站上MA10｜接近20日高｜40D平台收斂｜短中均線糾結｜40D低點守住｜接近/站回MA60｜量縮後溫和放量｜5D動能轉正｜10D動能轉正,平台壓縮後轉強，可優先觀察起漲/試單。,v266.57.9,12.0,無原分數欄位｜僅顯示結構前置分數,1.0,10.0,A,續強品質強,回檔不破前低｜低點墊高確認｜收盤守MA5｜續強確認：收盤未跌破MA5｜回檔量縮｜MA5仍在MA10上｜仍站MA20｜10D動能維持,回檔承接尚可，若原策略入選，可優先觀察延續。,v266.57.9,10.7,0.55,0.5,GENERIC,測試排序分=原分數+結構前置分*策略權重+續強品質*策略權重；不覆蓋原策略,1.0,4.7,B,突破品質中,紅K實體放大｜量能較前日放大｜MA5加速上彎｜短均多頭,突破品質尚可，可列入試單後續確認。,v266.57.9,WATCH,0.55,0.35,0.75,13.625,97.0,最後後處理補寫：原分數+結構前置+續強品質+突破品質；不覆蓋原策略,0.0,,一般,11.172,v266.58.1,2026-10-01 01:22:38,突破中,4,12,準IGNITION,前狀態:突破中→今日:突破中｜強狀態維持｜強狀態連續維持｜具備點火條件,READY,v266.60.2,15.372,30.0,32.0,0.0,0.0,21.387,78.0,20/40/60結構佳｜續強品質佳｜主力佈局語意｜狀態升級強｜具升級旗標｜升級標籤｜突破品質輔助,高優先準點火,v266.61,2026-10-01 01:22:44,31.0,洗盤不破承接｜突破品質成立但未過熱｜狀態升級觸發｜狀態轉移轉強,強點火事件,可列入優先追蹤，觀察隔日不破MA5/MA10。,20.06,91,v266.62,2026-10-01 01:22:46,24.0,0.0,40.0,35.0,-16.27,量能安靜｜洗盤整理不破｜主力吸籌文字確認｜狀態轉移剛加速｜狀態剛升級｜假突破/出貨文字風險,v266.68,2026-10-01 01:22:50,FAKE_BREAKOUT_RISK,假突破/追高風險：避免追價。,WATCH,704
2026-09-30,2331,WATCH,54,19.2,50以下,0.0,0,佈局觀察,波動壓縮 | 均線收斂 | 接近突破 | 結構尚可,True,False,False,True,False,True,10.8,A,起漲結構強,20D站上MA20｜MA5站上MA10｜40D平台收斂｜短中均線糾結｜40D低點守住｜接近/站回MA60｜近5日量縮｜量縮後溫和放量｜10D動能轉正,平台壓縮後轉強，可優先觀察起漲/試單。,v266.57.9,10.8,無原分數欄位｜僅顯示結構前置分數,197.0,10.0,A,續強品質強,回檔不破前低｜低點墊高確認｜收盤守MA5｜續強確認：收盤未跌破MA5｜回檔量縮｜MA5仍在MA10上｜仍站MA20｜10D動能維持,回檔承接尚可，若原策略入選，可優先觀察延續。,v266.57.9,10.04,0.55,0.5,GENERIC,測試排序分=原分數+結構前置分*策略權重+續強品質*策略權重；不覆蓋原策略,49.0,5.0,B,突破品質中,紅K實體放大｜收盤接近高點｜量能較前日放大｜短均多頭,突破品質尚可，可列入試單後續確認。,v266.57.9,WATCH,0.55,0.35,0.75,13.19,115.0,最後後處理補寫：原分數+結構前置+續強品質+突破品質；不覆蓋原策略,0.0,,一般,10.816,v266.58.1,2026-10-01 01:22:38,突破中,4,13,準IGNITION,前狀態:觀察→今日:突破中｜狀態跳升｜具備點火條件,READY,v266.60.2,15.366,30.0,32.0,0.0,0.0,21.369,87.0,20/40/60結構佳｜續強品質佳｜主力佈局語意｜狀態升級強｜具升級旗標｜升級標籤｜突破品質輔助,高優先準點火,v266.61,2026-10-01 01:22:44,31.0,洗盤不破承接｜突破品質成立但未過熱｜狀態升級觸發｜狀態轉移轉強,強點火事件,可列入優先追蹤，觀察隔日不破MA5/MA10。,20.056,92,v266.62,2026-10-01 01:22:46,24.0,0.0,40.0,35.0,-16.27,量能安靜｜洗盤整理不破｜主力吸籌文字確認｜狀態轉移剛加速｜狀態剛升級｜假突破/出貨文字風險,v266.68,2026-10-01 01:22:50,FAKE_BREAKOUT_RISK,假突破/追高風險：避免追價。,WATCH,705
2026-09-30,1417,WATCH,54,8.14,50以下,0.0,0,佈局觀察,波動壓縮 | 均線收斂 | 接近突破 | 結構尚可,True,False,False,True,False,True,11.6,A,起漲結構強,20D站上MA20｜MA5站上MA10｜接近20日高｜40D平台收斂｜短中均線糾結｜40D低點守住｜接近/站回MA60｜量縮後溫和放量｜5D動能轉正｜10D動能轉正,平台壓縮後轉強，可優先觀察起漲/試單。,v266.57.9,11.6,無原分數欄位｜僅顯示結構前置分數,97.0,8.7,A,續強品質強,回檔不破前低｜低點墊高確認｜收盤守MA5｜續強確認：收盤未跌破MA5｜MA5仍在MA10上｜仍站MA20｜10D動能維持,回檔承接尚可，若原策略入選，可優先觀察延續。,v266.57.9,9.73,0.55,0.5,GENERIC,測試排序分=原分數+結構前置分*策略權重+續強品質*策略權重；不覆蓋原策略,102.0,5.0,B,突破品質中,收盤接近高點｜突破近5日高｜MA5加速上彎｜短均多頭,突破品質尚可，可列入試單後續確認。,v266.57.9,WATCH,0.55,0.35,0.75,13.175,116.0,最後後處理補寫：原分數+結構前置+續強品質+突破品質；不覆蓋原策略,0.0,,一般,10.804,v266.58.1,2026-10-01 01:22:38,突破中,4,13,準IGNITION,前狀態:觀察→今日:突破中｜狀態跳升｜具備點火條件,READY,v266.60.2,15.354,30.0,32.0,0.0,0.0,21.368,88.0,20/40/60結構佳｜續強品質佳｜主力佈局語意｜狀態升級強｜具升級旗標｜升級標籤｜突破品質輔助,高優先準點火,v266.61,2026-10-01 01:22:44,31.0,洗盤不破承接｜突破品質成立但未過熱｜狀態升級觸發｜狀態轉移轉強,強點火事件,可列入優先追蹤，觀察隔日不破MA5/MA10。,20.048,93,v266.62,2026-10-01 01:22:46,24.0,0.0,40.0,35.0,-16.27,量能安靜｜洗盤整理不破｜主力吸籌文字確認｜狀態轉移剛加速｜狀態剛升級｜假突破/出貨文字風險,v266.68,2026-10-01 01:22:50,FAKE_BREAKOUT_RISK,假突破/追高風險：避免追價。,WATCH,706
2026-09-30,6743,BUY,86,31.85,50以下,0.01,10000,主力佈局完成,波動壓縮 | 安靜吸籌 | 均線收斂 | 放量吸收 | 接近突破 | 結構尚可,True,True,False,True,True,True,12.0,A,起漲結構強,20D站上MA20｜MA20走平翻揚｜MA5站上MA10｜接近20日高｜40D平台收斂｜短中均線糾結｜40D低點守住｜接近/站回MA60｜MA60不再下彎｜站回60D區間中上｜量縮後溫和放量｜5D動能轉正｜10D動能轉正,平台壓縮後轉強，可優先觀察起漲/試單。,v266.57.9,12.0,無原分數欄位｜僅顯示結構前置分數,1.0,8.7,A,續強品質強,回檔不破前低｜低點墊高確認｜收盤守MA5｜續強確認：收盤未跌破MA5｜MA5仍在MA10上｜仍站MA20｜10D動能維持,回檔承接尚可，若原策略入選，可優先觀察延續。,v266.57.9,9.95,0.55,0.5,GENERIC,測試排序分=原分數+結構前置分*策略權重+續強品質*策略權重；不覆蓋原策略,51.0,5.0,B,突破品質中,紅K實體放大｜收盤接近高點｜MA5加速上彎｜短均多頭,突破品質尚可，可列入試單後續確認。,v266.57.9,GENERIC,0.55,0.5,0.5,13.45,102.0,最後後處理補寫：原分數+結構前置+續強品質+突破品質；不覆蓋原策略,0.0,,一般,11.029,v266.58.1,2026-10-01 01:22:38,突破中,4,12,準IGNITION,前狀態:突破中→今日:突破中｜強狀態維持｜強狀態連續維持｜具備點火條件,READY,v266.60.2,15.229,30.0,32.0,0.0,0.0,21.373,83.0,20/40/60結構佳｜續強品質佳｜主力佈局語意｜狀態升級強｜具升級旗標｜升級標籤｜突破品質輔助,高優先準點火,v266.61,2026-10-01 01:22:44,31.0,洗盤不破承接｜突破品質成立但未過熱｜狀態升級觸發｜狀態轉移轉強,強點火事件,可列入優先追蹤，觀察隔日不破MA5/MA10。,19.96,94,v266.62,2026-10-01 01:22:46,24.0,0.0,40.0,35.0,-16.27,量能安靜｜洗盤整理不破｜主力吸籌文字確認｜狀態轉移剛加速｜狀態剛升級｜假突破/出貨文字風險,v266.68,2026-10-01 01:22:50,FAKE_BREAKOUT_RISK,假突破/追高風險：避免追價。,WATCH,707
2026-09-30,2031,BUY,86,46.5,50以下,0.01,10000,主力佈局完成,波動壓縮 | 安靜吸籌 | 均線收斂 | 放量吸收 | 接近突破 | 結構尚可,True,True,False,True,True,True,12.0,A,起漲結構強,20D站上MA20｜MA20走平翻揚｜MA5站上MA10｜接近20日高｜40D平台收斂｜短中均線糾結｜40D低點守住｜接近/站回MA60｜MA60不再下彎｜站回60D區間中上｜量縮後溫和放量｜5D動能轉正｜10D動能轉正,平台壓縮後轉強，可優先觀察起漲/試單。,v266.57.9,12.0,無原分數欄位｜僅顯示結構前置分數,1.0,8.7,A,續強品質強,回檔不破前低｜低點墊高確認｜收盤守MA5｜續強確認：收盤未跌破MA5｜MA5仍在MA10上｜仍站MA20｜10D動能維持,回檔承接尚可，若原策略入選，可優先觀察延續。,v266.57.9,9.95,0.55,0.5,GENERIC,測試排序分=原分數+結構前置分*策略權重+續強品質*策略權重；不覆蓋原策略,51.0,5.0,B,突破品質中,紅K實體放大｜收盤接近高點｜MA5加速上彎｜短均多頭,突破品質尚可，可列入試單後續確認。,v266.57.9,GENERIC,0.55,0.5,0.5,13.45,102.0,最後後處理補寫：原分數+結構前置+續強品質+突破品質；不覆蓋原策略,0.0,,一般,11.029,v266.58.1,2026-10-01 01:22:38,突破中,4,12,準IGNITION,前狀態:突破中→今日:突破中｜強狀態維持｜強狀態連續維持｜具備點火條件,READY,v266.60.2,15.229,30.0,32.0,0.0,0.0,21.373,83.0,20/40/60結構佳｜續強品質佳｜主力佈局語意｜狀態升級強｜具升級旗標｜升級標籤｜突破品質輔助,高優先準點火,v266.61,2026-10-01 01:22:44,31.0,洗盤不破承接｜突破品質成立但未過熱｜狀態升級觸發｜狀態轉移轉強,強點火事件,可列入優先追蹤，觀察隔日不破MA5/MA10。,19.96,95,v266.62,2026-10-01 01:22:46,24.0,0.0,40.0,35.0,-16.27,量能安靜｜洗盤整理不破｜主力吸籌文字確認｜狀態轉移剛加速｜狀態剛升級｜假突破/出貨文字風險,v266.68,2026-10-01 01:22:50,FAKE_BREAKOUT_RISK,假突破/追高風險：避免追價。,WATCH,708
2026-09-30,5538,BUY,86,36.25,50以下,0.01,10000,主力佈局完成,波動壓縮 | 安靜吸籌 | 均線收斂 | 放量吸收 | 接近突破 | 結構尚可,True,True,False,True,True,True,12.0,A,起漲結構強,20D站上MA20｜MA5站上MA10｜40D平台收斂｜短中均線糾結｜40D低點守住｜接近/站回MA60｜MA60不再下彎｜站回60D區間中上｜量縮後溫和放量｜5D動能轉正｜10D動能轉正,平台壓縮後轉強，可優先觀察起漲/試單。,v266.57.9,12.0,無原分數欄位｜僅顯示結構前置分數,1.0,8.7,A,續強品質強,回檔不破前低｜低點墊高確認｜收盤守MA5｜續強確認：收盤未跌破MA5｜MA5仍在MA10上｜仍站MA20｜10D動能維持,回檔承接尚可，若原策略入選，可優先觀察延續。,v266.57.9,9.95,0.55,0.5,GENERIC,測試排序分=原分數+結構前置分*策略權重+續強品質*策略權重；不覆蓋原策略,51.0,5.0,B,突破品質中,紅K實體放大｜突破近5日高｜MA5加速上彎｜短均多頭,突破品質尚可，可列入試單後續確認。,v266.57.9,GENERIC,0.55,0.5,0.5,13.45,102.0,最後後處理補寫：原分數+結構前置+續強品質+突破品質；不覆蓋原策略,0.0,,一般,11.029,v266.58.1,2026-10-01 01:22:38,突破中,4,12,準IGNITION,前狀態:突破中→今日:突破中｜強狀態維持｜強狀態連續維持｜具備點火條件,READY,v266.60.2,15.229,30.0,32.0,0.0,0.0,21.373,83.0,20/40/60結構佳｜續強品質佳｜主力佈局語意｜狀態升級強｜具升級旗標｜升級標籤｜突破品質輔助,高優先準點火,v266.61,2026-10-01 01:22:44,31.0,洗盤不破承接｜突破品質成立但未過熱｜狀態升級觸發｜狀態轉移轉強,強點火事件,可列入優先追蹤，觀察隔日不破MA5/MA10。,19.96,96,v266.62,2026-10-01 01:22:46,24.0,0.0,40.0,35.0,-16.27,量能安靜｜洗盤整理不破｜主力吸籌文字確認｜狀態轉移剛加速｜狀態剛升級｜假突破/出貨文字風險,v266.68,2026-10-01 01:22:50,FAKE_BREAKOUT_RISK,假突破/追高風險：避免追價。,WATCH,709
2026-09-30,6264,WATCH,54,6.03,50以下,0.0,0,佈局觀察,波動壓縮 | 均線收斂 | 接近突破 | 結構尚可,True,False,False,True,False,True,11.0,A,起漲結構強,20D站上MA20｜MA20走平翻揚｜MA5站上MA10｜接近20日高｜40D平台收斂｜短中均線糾結｜40D低點守住｜接近/站回MA60｜MA60不再下彎｜站回60D區間中上,平台壓縮後轉強，可優先觀察起漲/試單。,v266.57.9,11.0,無原分數欄位｜僅顯示結構前置分數,137.0,9.2,A,續強品質強,回檔不破前低｜低點墊高確認｜收盤守MA5｜續強確認：收盤未跌破MA5｜回檔量縮｜MA5仍在MA10上｜仍站MA20,回檔承接尚可，若原策略入選，可優先觀察延續。,v266.57.9,9.65,0.55,0.5,GENERIC,測試排序分=原分數+結構前置分*策略權重+續強品質*策略權重；不覆蓋原策略,124.0,5.0,B,突破品質中,收盤接近高點｜突破近5日高｜MA5加速上彎｜短均多頭,突破品質尚可，可列入試單後續確認。,v266.57.9,WATCH,0.55,0.35,0.75,13.02,124.0,最後後處理補寫：原分數+結構前置+續強品質+突破品質；不覆蓋原策略,0.0,,一般,10.676,v266.58.1,2026-10-01 01:22:38,突破中,4,13,準IGNITION,前狀態:觀察→今日:突破中｜狀態跳升｜具備點火條件,READY,v266.60.2,15.226,30.0,32.0,0.0,0.0,21.355,94.0,20/40/60結構佳｜續強品質佳｜主力佈局語意｜狀態升級強｜具升級旗標｜升級標籤｜突破品質輔助,高優先準點火,v266.61,2026-10-01 01:22:44,31.0,洗盤不破承接｜突破品質成立但未過熱｜狀態升級觸發｜狀態轉移轉強,強點火事件,可列入優先追蹤，觀察隔日不破MA5/MA10。,19.958,97,v266.62,2026-10-01 01:22:46,24.0,0.0,40.0,35.0,-16.27,量能安靜｜洗盤整理不破｜主力吸籌文字確認｜狀態轉移剛加速｜狀態剛升級｜假突破/出貨文字風險,v266.68,2026-10-01 01:22:50,FAKE_BREAKOUT_RISK,假突破/追高風險：避免追價。,WATCH,710
2026-09-30,1102,WATCH,54,35.8,50以下,0.0,0,佈局觀察,波動壓縮 | 均線收斂 | 接近突破 | 結構尚可,True,False,False,True,False,True,12.0,A,起漲結構強,20D站上MA20｜MA20走平翻揚｜MA5站上MA10｜接近20日高｜40D平台收斂｜短中均線糾結｜40D低點守住｜接近/站回MA60｜MA60不再下彎｜站回60D區間中上｜5D動能轉正｜10D動能轉正,平台壓縮後轉強，可優先觀察起漲/試單。,v266.57.9,12.0,無原分數欄位｜僅顯示結構前置分數,1.0,8.7,A,續強品質強,回檔不破前低｜低點墊高確認｜收盤守MA5｜續強確認：收盤未跌破MA5｜MA5仍在MA10上｜仍站MA20｜10D動能維持,回檔承接尚可，若原策略入選，可優先觀察延續。,v266.57.9,9.95,0.55,0.5,GENERIC,測試排序分=原分數+結構前置分*策略權重+續強品質*策略權重；不覆蓋原策略,51.0,5.0,B,突破品質中,紅K實體放大｜收盤接近高點｜MA5加速上彎｜短均多頭,突破品質尚可，可列入試單後續確認。,v266.57.9,WATCH,0.55,0.35,0.75,13.395,106.0,最後後處理補寫：原分數+結構前置+續強品質+突破品質；不覆蓋原策略,0.0,,一般,10.984,v266.58.1,2026-10-01 01:22:38,突破中,4,12,準IGNITION,前狀態:突破中→今日:突破中｜強狀態維持｜強狀態連續維持｜具備點火條件,READY,v266.60.2,15.184,30.0,32.0,0.0,0.0,21.368,88.0,20/40/60結構佳｜續強品質佳｜主力佈局語意｜狀態升級強｜具升級旗標｜升級標籤｜突破品質輔助,高優先準點火,v266.61,2026-10-01 01:22:44,31.0,洗盤不破承接｜突破品質成立但未過熱｜狀態升級觸發｜狀態轉移轉強,強點火事件,可列入優先追蹤，觀察隔日不破MA5/MA10。,19.929,98,v266.62,2026-10-01 01:22:46,24.0,0.0,40.0,35.0,-16.27,量能安靜｜洗盤整理不破｜主力吸籌文字確認｜狀態轉移剛加速｜狀態剛升級｜假突破/出貨文字風險,v266.68,2026-10-01 01:22:50,FAKE_BREAKOUT_RISK,假突破/追高風險：避免追價。,WATCH,711
2026-09-30,7827,WATCH,54,165.0,100-500,0.0,0,佈局觀察,波動壓縮 | 均線收斂 | 接近突破 | 結構尚可,True,False,False,True,False,True,12.0,A,起漲結構強,20D站上MA20｜MA20走平翻揚｜MA5站上MA10｜接近20日高｜40D平台收斂｜短中均線糾結｜40D低點守住｜接近/站回MA60｜站回60D區間中上｜量縮後溫和放量｜5D動能轉正｜10D動能轉正,平台壓縮後轉強，可優先觀察起漲/試單。,v266.57.9,12.0,無原分數欄位｜僅顯示結構前置分數,1.0,8.7,A,續強品質強,回檔不破前低｜低點墊高確認｜收盤守MA5｜續強確認：收盤未跌破MA5｜MA5仍在MA10上｜仍站MA20｜10D動能維持,回檔承接尚可，若原策略入選，可優先觀察延續。,v266.57.9,9.95,0.55,0.5,GENERIC,測試排序分=原分數+結構前置分*策略權重+續強品質*策略權重；不覆蓋原策略,51.0,5.0,B,突破品質中,紅K實體放大｜收盤接近高點｜MA5加速上彎｜短均多頭,突破品質尚可，可列入試單後續確認。,v266.57.9,WATCH,0.55,0.35,0.75,13.395,106.0,最後後處理補寫：原分數+結構前置+續強品質+突破品質；不覆蓋原策略,0.0,,一般,10.984,v266.58.1,2026-10-01 01:22:38,突破中,4,12,準IGNITION,前狀態:突破中→今日:突破中｜強狀態維持｜強狀態連續維持｜具備點火條件,READY,v266.60.2,15.184,30.0,32.0,0.0,0.0,21.368,88.0,20/40/60結構佳｜續強品質佳｜主力佈局語意｜狀態升級強｜具升級旗標｜升級標籤｜突破品質輔助,高優先準點火,v266.61,2026-10-01 01:22:44,31.0,洗盤不破承接｜突破品質成立但未過熱｜狀態升級觸發｜狀態轉移轉強,強點火事件,可列入優先追蹤，觀察隔日不破MA5/MA10。,19.929,99,v266.62,2026-10-01 01:22:46,24.0,0.0,40.0,35.0,-16.27,量能安靜｜洗盤整理不破｜主力吸籌文字確認｜狀態轉移剛加速｜狀態剛升級｜假突破/出貨文字風險,v266.68,2026-10-01 01:22:50,FAKE_BREAKOUT_RISK,假突破/追高風險：避免追價。,WATCH,712
2026-09-30,6189,WATCH,54,50.4,50-100,0.0,0,佈局觀察,波動壓縮 | 均線收斂 | 接近突破 | 結構尚可,True,False,False,True,False,True,12.0,A,起漲結構強,20D站上MA20｜MA20走平翻揚｜MA5站上MA10｜接近20日高｜40D平台收斂｜短中均線糾結｜40D低點守住｜接近/站回MA60｜站回60D區間中上｜量縮後溫和放量｜5D動能轉正｜10D動能轉正,平台壓縮後轉強，可優先觀察起漲/試單。,v266.57.9,12.0,無原分數欄位｜僅顯示結構前置分數,1.0,8.7,A,續強品質強,回檔不破前低｜低點墊高確認｜收盤守MA5｜續強確認：收盤未跌破MA5｜MA5仍在MA10上｜仍站MA20｜10D動能維持,回檔承接尚可，若原策略入選，可優先觀察延續。,v266.57.9,9.95,0.55,0.5,GENERIC,測試排序分=原分數+結構前置分*策略權重+續強品質*策略權重；不覆蓋原策略,51.0,5.0,B,突破品質中,收盤接近高點｜突破近5日高｜MA5加速上彎｜短均多頭,突破品質尚可，可列入試單後續確認。,v266.57.9,WATCH,0.55,0.35,0.75,13.395,106.0,最後後處理補寫：原分數+結構前置+續強品質+突破品質；不覆蓋原策略,0.0,,一般,10.984,v266.58.1,2026-10-01 01:22:38,突破中,4,12,準IGNITION,前狀態:突破中→今日:突破中｜強狀態維持｜強狀態連續維持｜具備點火條件,READY,v266.60.2,15.184,30.0,32.0,0.0,0.0,21.368,88.0,20/40/60結構佳｜續強品質佳｜主力佈局語意｜狀態升級強｜具升級旗標｜升級標籤｜突破品質輔助,高優先準點火,v266.61,2026-10-01 01:22:44,31.0,洗盤不破承接｜突破品質成立但未過熱｜狀態升級觸發｜狀態轉移轉強,強點火事件,可列入優先追蹤，觀察隔日不破MA5/MA10。,19.929,100,v266.62,2026-10-01 01:22:46,24.0,0.0,40.0,35.0,-16.27,量能安靜｜洗盤整理不破｜主力吸籌文字確認｜狀態轉移剛加速｜狀態剛升級｜假突破/出貨文字風險,v266.68,2026-10-01 01:22:50,FAKE_BREAKOUT_RISK,假突破/追高風險：避免追價。,WATCH,713
2026-09-30,2114,WATCH,54,89.9,50-100,0.0,0,佈局觀察,波動壓縮 | 均線收斂 | 接近突破 | 結構尚可,True,False,False,True,False,True,12.0,A,起漲結構強,20D站上MA20｜MA20走平翻揚｜MA5站上MA10｜接近20日高｜40D平台收斂｜短中均線糾結｜40D低點守住｜接近/站回MA60｜MA60不再下彎｜站回60D區間中上｜5D動能轉正｜10D動能轉正,平台壓縮後轉強，可優先觀察起漲/試單。,v266.57.9,12.0,無原分數欄位｜僅顯示結構前置分數,1.0,8.7,A,續強品質強,回檔不破前低｜低點墊高確認｜收盤守MA5｜續強確認：收盤未跌破MA5｜MA5仍在MA10上｜仍站MA20｜10D動能維持,回檔承接尚可，若原策略入選，可優先觀察延續。,v266.57.9,9.95,0.55,0.5,GENERIC,測試排序分=原分數+結構前置分*策略權重+續強品質*策略權重；不覆蓋原策略,51.0,5.0,B,突破品質中,收盤接近高點｜突破近5日高｜MA5加速上彎｜短均多頭,突破品質尚可，可列入試單後續確認。,v266.57.9,WATCH,0.55,0.35,0.75,13.395,106.0,最後後處理補寫：原分數+結構前置+續強品質+突破品質；不覆蓋原策略,0.0,,一般,10.984,v266.58.1,2026-10-01 01:22:38,突破中,4,12,準IGNITION,前狀態:突破中→今日:突破中｜強狀態維持｜強狀態連續維持｜具備點火條件,READY,v266.60.2,15.184,30.0,32.0,0.0,0.0,21.368,88.0,20/40/60結構佳｜續強品質佳｜主力佈局語意｜狀態升級強｜具升級旗標｜升級標籤｜突破品質輔助,高優先準點火,v266.61,2026-10-01 01:22:44,31.0,洗盤不破承接｜突破品質成立但未過熱｜狀態升級觸發｜狀態轉移轉強,強點火事件,可列入優先追蹤，觀察隔日不破MA5/MA10。,19.929,101,v266.62,2026-10-01 01:22:46,24.0,0.0,40.0,35.0,-16.27,量能安靜｜洗盤整理不破｜主力吸籌文字確認｜狀態轉移剛加速｜狀態剛升級｜假突破/出貨文字風險,v266.68,2026-10-01 01:22:50,FAKE_BREAKOUT_RISK,假突破/追高風險：避免追價。,WATCH,714
2026-09-30,4108,WATCH,54,11.5,50以下,0.0,0,佈局觀察,波動壓縮 | 均線收斂 | 接近突破 | 結構尚可,True,False,False,True,False,True,11.6,A,起漲結構強,20D站上MA20｜MA5站上MA10｜接近20日高｜40D平台收斂｜短中均線糾結｜40D低點守住｜接近/站回MA60｜量縮後溫和放量｜5D動能轉正｜10D動能轉正,平台壓縮後轉強，可優先觀察起漲/試單。,v266.57.9,11.6,無原分數欄位｜僅顯示結構前置分數,97.0,8.7,A,續強品質強,回檔不破前低｜低點墊高確認｜收盤守MA5｜續強確認：收盤未跌破MA5｜MA5仍在MA10上｜仍站MA20｜10D動能維持,回檔承接尚可，若原策略入選，可優先觀察延續。,v266.57.9,9.73,0.55,0.5,GENERIC,測試排序分=原分數+結構前置分*策略權重+續強品質*策略權重；不覆蓋原策略,102.0,4.7,B,突破品質中,收盤接近高點｜量能較前日放大｜MA5加速上彎｜短均多頭,突破品質尚可，可列入試單後續確認。,v266.57.9,WATCH,0.55,0.35,0.75,12.95,126.0,最後後處理補寫：原分數+結構前置+續強品質+突破品質；不覆蓋原策略,0.0,,一般,10.619,v266.58.1,2026-10-01 01:22:38,突破中,4,13,準IGNITION,前狀態:觀察→今日:突破中｜狀態跳升｜具備點火條件,READY,v266.60.2,15.169,30.0,32.0,0.0,0.0,21.349,97.0,20/40/60結構佳｜續強品質佳｜主力佈局語意｜狀態升級強｜具升級旗標｜升級標籤｜突破品質輔助,高優先準點火,v266.61,2026-10-01 01:22:44,31.0,洗盤不破承接｜突破品質成立但未過熱｜狀態升級觸發｜狀態轉移轉強,強點火事件,可列入優先追蹤，觀察隔日不破MA5/MA10。,19.918,103,v266.62,2026-10-01 01:22:46,24.0,0.0,40.0,35.0,-16.27,量能安靜｜洗盤整理不破｜主力吸籌文字確認｜狀態轉移剛加速｜狀態剛升級｜假突破/出貨文字風險,v266.68,2026-10-01 01:22:50,FAKE_BREAKOUT_RISK,假突破/追高風險：避免追價。,WATCH,715
2026-09-30,2329,BUY,80,44.8,50以下,0.01,10000,主力佈局完成,波動壓縮 | 安靜吸籌 | 均線收斂 | 放量吸收 | 接近突破,True,True,False,True,True,True,12.0,A,起漲結構強,20D站上MA20｜MA20走平翻揚｜MA5站上MA10｜接近20日高｜40D平台收斂｜短中均線糾結｜40D低點守住｜接近/站回MA60｜量縮後溫和放量｜5D動能轉正｜10D動能轉正,平台壓縮後轉強，可優先觀察起漲/試單。,v266.57.9,12.0,無原分數欄位｜僅顯示結構前置分數,1.0,8.7,A,續強品質強,回檔不破前低｜低點墊高確認｜收盤守MA5｜續強確認：收盤未跌破MA5｜MA5仍在MA10上｜仍站MA20｜10D動能維持,回檔承接尚可，若原策略入選，可優先觀察延續。,v266.57.9,9.95,0.55,0.5,GENERIC,測試排序分=原分數+結構前置分*策略權重+續強品質*策略權重；不覆蓋原策略,51.0,4.7,B,突破品質中,紅K實體放大｜量能較前日放大｜MA5加速上彎｜短均多頭,突破品質尚可，可列入試單後續確認。,v266.57.9,GENERIC,0.55,0.5,0.5,13.3,112.0,最後後處理補寫：原分數+結構前置+續強品質+突破品質；不覆蓋原策略,0.0,,一般,10.906,v266.58.1,2026-10-01 01:22:38,突破中,4,12,準IGNITION,前狀態:突破中→今日:突破中｜強狀態維持｜強狀態連續維持｜具備點火條件,READY,v266.60.2,15.106,30.0,32.0,0.0,0.0,21.361,93.0,20/40/60結構佳｜續強品質佳｜主力佈局語意｜狀態升級強｜具升級旗標｜升級標籤｜突破品質輔助,高優先準點火,v266.61,2026-10-01 01:22:44,31.0,洗盤不破承接｜突破品質成立但未過熱｜狀態升級觸發｜狀態轉移轉強,強點火事件,可列入優先追蹤，觀察隔日不破MA5/MA10。,19.874,105,v266.62,2026-10-01 01:22:46,24.0,0.0,40.0,35.0,-16.27,量能安靜｜洗盤整理不破｜主力吸籌文字確認｜狀態轉移剛加速｜狀態剛升級｜假突破/出貨文字風險,v266.68,2026-10-01 01:22:50,FAKE_BREAKOUT_RISK,假突破/追高風險：避免追價。,WATCH,716
2026-09-30,1605,WATCH,54,38.4,50以下,0.0,0,佈局觀察,波動壓縮 | 均線收斂 | 接近突破 | 結構尚可,True,False,False,True,False,True,11.6,A,起漲結構強,20D站上MA20｜MA5站上MA10｜接近20日高｜40D平台收斂｜短中均線糾結｜40D低點守住｜接近/站回MA60｜MA60不再下彎｜站回60D區間中上｜5D動能轉正｜10D動能轉正,平台壓縮後轉強，可優先觀察起漲/試單。,v266.57.9,11.6,無原分數欄位｜僅顯示結構前置分數,97.0,8.7,A,續強品質強,回檔不破前低｜低點墊高確認｜收盤守MA5｜續強確認：收盤未跌破MA5｜MA5仍在MA10上｜仍站MA20｜10D動能維持,回檔承接尚可，若原策略入選，可優先觀察延續。,v266.57.9,9.73,0.55,0.5,GENERIC,測試排序分=原分數+結構前置分*策略權重+續強品質*策略權重；不覆蓋原策略,102.0,5.0,B,突破品質中,紅K實體放大｜收盤接近高點｜MA5加速上彎｜短均多頭,突破品質尚可，可列入試單後續確認。,v266.57.9,WATCH,0.55,0.35,0.75,13.175,116.0,最後後處理補寫：原分數+結構前置+續強品質+突破品質；不覆蓋原策略,0.0,,一般,10.804,v266.58.1,2026-10-01 01:22:38,突破中,4,12,準IGNITION,前狀態:突破中→今日:突破中｜強狀態維持｜強狀態連續維持｜具備點火條件,READY,v266.60.2,15.004,30.0,32.0,0.0,0.0,21.35,95.0,20/40/60結構佳｜續強品質佳｜主力佈局語意｜狀態升級強｜具升級旗標｜升級標籤｜突破品質輔助,高優先準點火,v266.61,2026-10-01 01:22:44,31.0,洗盤不破承接｜突破品質成立但未過熱｜狀態升級觸發｜狀態轉移轉強,強點火事件,可列入優先追蹤，觀察隔日不破MA5/MA10。,19.803,107,v266.62,2026-10-01 01:22:46,24.0,0.0,40.0,35.0,-16.27,量能安靜｜洗盤整理不破｜主力吸籌文字確認｜狀態轉移剛加速｜狀態剛升級｜假突破/出貨文字風險,v266.68,2026-10-01 01:22:50,FAKE_BREAKOUT_RISK,假突破/追高風險：避免追價。,WATCH,717
2026-09-30,2009,WATCH,54,40.0,50以下,0.0,0,佈局觀察,波動壓縮 | 均線收斂 | 接近突破 | 結構尚可,True,False,False,True,False,True,12.0,A,起漲結構強,20D站上MA20｜MA5站上MA10｜40D平台收斂｜短中均線糾結｜40D低點守住｜接近/站回MA60｜MA60不再下彎｜站回60D區間中上｜量縮後溫和放量｜5D動能轉正｜10D動能轉正,平台壓縮後轉強，可優先觀察起漲/試單。,v266.57.9,12.0,無原分數欄位｜僅顯示結構前置分數,1.0,8.7,A,續強品質強,回檔不破前低｜低點墊高確認｜收盤守MA5｜續強確認：收盤未跌破MA5｜MA5仍在MA10上｜仍站MA20｜10D動能維持,回檔承接尚可，若原策略入選，可優先觀察延續。,v266.57.9,9.95,0.55,0.5,GENERIC,測試排序分=原分數+結構前置分*策略權重+續強品質*策略權重；不覆蓋原策略,51.0,4.7,B,突破品質中,收盤接近高點｜量能較前日放大｜MA5加速上彎｜短均多頭,突破品質尚可，可列入試單後續確認。,v266.57.9,WATCH,0.55,0.35,0.75,13.17,119.0,最後後處理補寫：原分數+結構前置+續強品質+突破品質；不覆蓋原策略,0.0,,一般,10.799,v266.58.1,2026-10-01 01:22:38,突破中,4,12,準IGNITION,前狀態:突破中→今日:突破中｜強狀態維持｜強狀態連續維持｜具備點火條件,READY,v266.60.2,14.999,30.0,32.0,0.0,0.0,21.35,95.0,20/40/60結構佳｜續強品質佳｜主力佈局語意｜狀態升級強｜具升級旗標｜升級標籤｜突破品質輔助,高優先準點火,v266.61,2026-10-01 01:22:44,31.0,洗盤不破承接｜突破品質成立但未過熱｜狀態升級觸發｜狀態轉移轉強,強點火事件,可列入優先追蹤，觀察隔日不破MA5/MA10。,19.799,109,v266.62,2026-10-01 01:22:46,24.0,0.0,40.0,35.0,-16.27,量能安靜｜洗盤整理不破｜主力吸籌文字確認｜狀態轉移剛加速｜狀態剛升級｜假突破/出貨文字風險,v266.68,2026-10-01 01:22:50,FAKE_BREAKOUT_RISK,假突破/追高風險：避免追價。,WATCH,718
2026-09-30,4564,WATCH,54,16.4,50以下,0.0,0,佈局觀察,波動壓縮 | 均線收斂 | 接近突破 | 結構尚可,True,False,False,True,False,True,10.6,A,起漲結構強,20D站上MA20｜MA5站上MA10｜接近20日高｜40D平台收斂｜短中均線糾結｜40D低點守住｜MA60不再下彎｜近5日量縮｜5D動能轉正｜10D動能轉正,平台壓縮後轉強，可優先觀察起漲/試單。,v266.57.9,10.6,無原分數欄位｜僅顯示結構前置分數,215.0,10.0,A,續強品質強,回檔不破前低｜低點墊高確認｜收盤守MA5｜續強確認：收盤未跌破MA5｜回檔量縮｜MA5仍在MA10上｜仍站MA20｜10D動能維持,回檔承接尚可，若原策略入選，可優先觀察延續。,v266.57.9,9.93,0.55,0.5,GENERIC,測試排序分=原分數+結構前置分*策略權重+續強品質*策略權重；不覆蓋原策略,94.0,5.0,B,突破品質中,收盤接近高點｜量能較前日放大｜突破近5日高｜短均多頭,突破品質尚可，可列入試單後續確認。,v266.57.9,WATCH,0.55,0.35,0.75,13.08,121.0,最後後處理補寫：原分數+結構前置+續強品質+突破品質；不覆蓋原策略,0.0,,一般,10.726,v266.58.1,2026-10-01 01:22:38,突破中,4,12,準IGNITION,前狀態:突破中→今日:突破中｜強狀態維持｜強狀態連續維持｜具備點火條件,READY,v266.60.2,14.926,30.0,32.0,0.0,0.0,21.343,98.0,20/40/60結構佳｜續強品質佳｜主力佈局語意｜狀態升級強｜具升級旗標｜升級標籤｜突破品質輔助,高優先準點火,v266.61,2026-10-01 01:22:44,31.0,洗盤不破承接｜突破品質成立但未過熱｜狀態升級觸發｜狀態轉移轉強,強點火事件,可列入優先追蹤，觀察隔日不破MA5/MA10。,19.748,110,v266.62,2026-10-01 01:22:46,24.0,0.0,40.0,35.0,-16.27,量能安靜｜洗盤整理不破｜主力吸籌文字確認｜狀態轉移剛加速｜狀態剛升級｜假突破/出貨文字風險,v266.68,2026-10-01 01:22:50,FAKE_BREAKOUT_RISK,假突破/追高風險：避免追價。,WATCH,719
2026-09-30,2332,WATCH,54,20.6,50以下,0.0,0,佈局觀察,波動壓縮 | 均線收斂 | 接近突破 | 結構尚可,True,False,False,True,False,True,10.6,A,起漲結構強,20D站上MA20｜MA20走平翻揚｜MA5站上MA10｜接近20日高｜40D平台收斂｜短中均線糾結｜接近/站回MA60｜MA60不再下彎｜5D動能轉正｜10D動能轉正,平台壓縮後轉強，可優先觀察起漲/試單。,v266.57.9,10.6,無原分數欄位｜僅顯示結構前置分數,215.0,8.7,A,續強品質強,回檔不破前低｜低點墊高確認｜收盤守MA5｜續強確認：收盤未跌破MA5｜MA5仍在MA10上｜仍站MA20｜10D動能維持,回檔承接尚可，若原策略入選，可優先觀察延續。,v266.57.9,9.18,0.55,0.5,GENERIC,測試排序分=原分數+結構前置分*策略權重+續強品質*策略權重；不覆蓋原策略,165.0,5.0,B,突破品質中,紅K實體放大｜收盤接近高點｜量能較前日放大｜短均多頭,突破品質尚可，可列入試單後續確認。,v266.57.9,WATCH,0.55,0.35,0.75,12.625,139.0,最後後處理補寫：原分數+結構前置+續強品質+突破品質；不覆蓋原策略,0.0,,一般,10.352,v266.58.1,2026-10-01 01:22:38,突破中,4,13,準IGNITION,前狀態:觀察→今日:突破中｜狀態跳升｜具備點火條件,READY,v266.60.2,14.902,30.0,32.0,0.0,0.0,21.323,100.0,20/40/60結構佳｜續強品質佳｜主力佈局語意｜狀態升級強｜具升級旗標｜升級標籤｜突破品質輔助,高優先準點火,v266.61,2026-10-01 01:22:44,31.0,洗盤不破承接｜突破品質成立但未過熱｜狀態升級觸發｜狀態轉移轉強,強點火事件,可列入優先追蹤，觀察隔日不破MA5/MA10。,19.731,111,v266.62,2026-10-01 01:22:46,24.0,0.0,40.0,35.0,-16.27,量能安靜｜洗盤整理不破｜主力吸籌文字確認｜狀態轉移剛加速｜狀態剛升級｜假突破/出貨文字風險,v266.68,2026-10-01 01:22:50,FAKE_BREAKOUT_RISK,假突破/追高風險：避免追價。,WATCH,720
2026-09-30,3666,WATCH,54,25.3,50以下,0.0,0,佈局觀察,波動壓縮 | 均線收斂 | 接近突破 | 結構尚可,True,False,False,True,False,True,11.0,A,起漲結構強,20D站上MA20｜MA20走平翻揚｜MA5站上MA10｜接近20日高｜40D平台收斂｜短中均線糾結｜40D低點守住｜接近/站回MA60｜MA60不再下彎｜站回60D區間中上,平台壓縮後轉強，可優先觀察起漲/試單。,v266.57.9,11.0,無原分數欄位｜僅顯示結構前置分數,137.0,7.7,A,續強品質強,回檔不破前低｜低點墊高確認｜收盤守MA5｜續強確認：收盤未跌破MA5｜MA5仍在MA10上｜仍站MA20,回檔承接尚可，若原策略入選，可優先觀察延續。,v266.57.9,8.9,0.55,0.5,GENERIC,測試排序分=原分數+結構前置分*策略權重+續強品質*策略權重；不覆蓋原策略,216.0,5.0,B,突破品質中,收盤接近高點｜突破近5日高｜MA5加速上彎｜短均多頭,突破品質尚可，可列入試單後續確認。,v266.57.9,WATCH,0.55,0.35,0.75,12.495,144.0,最後後處理補寫：原分數+結構前置+續強品質+突破品質；不覆蓋原策略,0.0,,一般,10.246,v266.58.1,2026-10-01 01:22:38,突破中,4,13,準IGNITION,前狀態:觀察→今日:突破中｜狀態跳升｜具備點火條件,READY,v266.60.2,14.796,30.0,32.0,0.0,0.0,21.312,101.0,20/40/60結構佳｜續強品質佳｜主力佈局語意｜狀態升級強｜具升級旗標｜升級標籤｜突破品質輔助,高優先準點火,v266.61,2026-10-01 01:22:44,31.0,洗盤不破承接｜突破品質成立但未過熱｜狀態升級觸發｜狀態轉移轉強,強點火事件,可列入優先追蹤，觀察隔日不破MA5/MA10。,19.657,113,v266.62,2026-10-01 01:22:46,24.0,0.0,40.0,35.0,-16.27,量能安靜｜洗盤整理不破｜主力吸籌文字確認｜狀態轉移剛加速｜狀態剛升級｜假突破/出貨文字風險,v266.68,2026-10-01 01:22:50,FAKE_BREAKOUT_RISK,假突破/追高風險：避免追價。,WATCH,721
2026-09-30,5213,WATCH,54,20.9,50以下,0.0,0,佈局觀察,波動壓縮 | 均線收斂 | 接近突破 | 結構尚可,True,False,False,True,False,True,10.0,A,起漲結構強,20D站上MA20｜MA20走平翻揚｜MA5站上MA10｜接近20日高｜40D平台收斂｜短中均線糾結｜40D低點守住｜接近/站回MA60｜近5日量縮,平台壓縮後轉強，可優先觀察起漲/試單。,v266.57.9,10.0,無原分數欄位｜僅顯示結構前置分數,253.0,9.2,A,續強品質強,回檔不破前低｜低點墊高確認｜收盤守MA5｜續強確認：收盤未跌破MA5｜回檔量縮｜MA5仍在MA10上｜仍站MA20,回檔承接尚可，若原策略入選，可優先觀察延續。,v266.57.9,9.1,0.55,0.5,GENERIC,測試排序分=原分數+結構前置分*策略權重+續強品質*策略權重；不覆蓋原策略,181.0,5.0,B,突破品質中,收盤接近高點｜突破近5日高｜MA5加速上彎｜短均多頭,突破品質尚可，可列入試單後續確認。,v266.57.9,WATCH,0.55,0.35,0.75,12.47,148.0,最後後處理補寫：原分數+結構前置+續強品質+突破品質；不覆蓋原策略,0.0,,一般,10.225,v266.58.1,2026-10-01 01:22:38,突破中,4,13,準IGNITION,前狀態:觀察→今日:突破中｜狀態跳升｜具備點火條件,READY,v266.60.2,14.775,30.0,32.0,0.0,0.0,21.31,102.0,20/40/60結構佳｜續強品質佳｜主力佈局語意｜狀態升級強｜具升級旗標｜升級標籤｜突破品質輔助,高優先準點火,v266.61,2026-10-01 01:22:44,31.0,洗盤不破承接｜突破品質成立但未過熱｜狀態升級觸發｜狀態轉移轉強,強點火事件,可列入優先追蹤，觀察隔日不破MA5/MA10。,19.642,114,v266.62,2026-10-01 01:22:46,24.0,0.0,40.0,35.0,-16.27,量能安靜｜洗盤整理不破｜主力吸籌文字確認｜狀態轉移剛加速｜狀態剛升級｜假突破/出貨文字風險,v266.68,2026-10-01 01:22:50,FAKE_BREAKOUT_RISK,假突破/追高風險：避免追價。,WATCH,722
2026-09-30,2408,WATCH,54,519.0,500-1000,0.0,0,佈局觀察,波動壓縮 | 均線收斂 | 接近突破 | 結構尚可,True,False,False,True,False,True,10.6,A,起漲結構強,20D站上MA20｜MA5站上MA10｜40D平台收斂｜短中均線糾結｜40D低點守住｜接近/站回MA60｜MA60不再下彎｜站回60D區間中上｜5D動能轉正｜10D動能轉正,平台壓縮後轉強，可優先觀察起漲/試單。,v266.57.9,10.6,無原分數欄位｜僅顯示結構前置分數,215.0,10.0,A,續強品質強,回檔不破前低｜低點墊高確認｜收盤守MA5｜續強確認：收盤未跌破MA5｜回檔量縮｜MA5仍在MA10上｜仍站MA20｜10D動能維持,回檔承接尚可，若原策略入選，可優先觀察延續。,v266.57.9,9.93,0.55,0.5,GENERIC,測試排序分=原分數+結構前置分*策略權重+續強品質*策略權重；不覆蓋原策略,94.0,4.7,B,突破品質中,收盤接近高點｜量能較前日放大｜MA5加速上彎｜短均多頭,突破品質尚可，可列入試單後續確認。,v266.57.9,WATCH,0.55,0.35,0.75,12.855,132.0,最後後處理補寫：原分數+結構前置+續強品質+突破品質；不覆蓋原策略,0.0,,一般,10.541,v266.58.1,2026-10-01 01:22:38,突破中,4,12,準IGNITION,前狀態:突破中→今日:突破中｜強狀態維持｜強狀態連續維持｜具備點火條件,READY,v266.60.2,14.741,30.0,32.0,0.0,0.0,21.324,99.0,20/40/60結構佳｜續強品質佳｜主力佈局語意｜狀態升級強｜具升級旗標｜升級標籤｜突破品質輔助,高優先準點火,v266.61,2026-10-01 01:22:44,31.0,洗盤不破承接｜突破品質成立但未過熱｜狀態升級觸發｜狀態轉移轉強,強點火事件,可列入優先追蹤，觀察隔日不破MA5/MA10。,19.619,115,v266.62,2026-10-01 01:22:46,24.0,0.0,40.0,35.0,-16.27,量能安靜｜洗盤整理不破｜主力吸籌文字確認｜狀態轉移剛加速｜狀態剛升級｜假突破/出貨文字風險,v266.68,2026-10-01 01:22:50,FAKE_BREAKOUT_RISK,假突破/追高風險：避免追價。,WATCH,723
2026-09-30,6835,WATCH,54,31.2,50以下,0.0,0,佈局觀察,波動壓縮 | 均線收斂 | 接近突破 | 結構尚可,True,False,False,True,False,True,10.6,A,起漲結構強,20D站上MA20｜MA20走平翻揚｜MA5站上MA10｜接近20日高｜40D平台收斂｜短中均線糾結｜40D低點守住｜接近/站回MA60｜5D動能轉正｜10D動能轉正,平台壓縮後轉強，可優先觀察起漲/試單。,v266.57.9,10.6,無原分數欄位｜僅顯示結構前置分數,215.0,8.5,A,續強品質強,回檔不破前低｜低點墊高確認｜收盤守MA5｜回測守MA10｜MA5仍在MA10上｜仍站MA20｜10D動能維持,回檔承接尚可，若原策略入選，可優先觀察延續。,v266.57.9,9.18,0.55,0.5,GENERIC,測試排序分=原分數+結構前置分*策略權重+續強品質*策略權重；不覆蓋原策略,165.0,4.7,B,突破品質中,收盤接近高點｜量能較前日放大｜MA5加速上彎｜短均多頭,突破品質尚可，可列入試單後續確認。,v266.57.9,WATCH,0.55,0.35,0.75,12.33,149.0,最後後處理補寫：原分數+結構前置+續強品質+突破品質；不覆蓋原策略,0.0,,一般,10.111,v266.58.1,2026-10-01 01:22:38,突破中,4,13,準IGNITION,前狀態:觀察→今日:突破中｜狀態跳升｜具備點火條件,READY,v266.60.2,14.661,30.0,32.0,0.0,0.0,21.299,103.0,20/40/60結構佳｜續強品質佳｜主力佈局語意｜狀態升級強｜具升級旗標｜升級標籤｜突破品質輔助,高優先準點火,v266.61,2026-10-01 01:22:44,31.0,洗盤不破承接｜突破品質成立但未過熱｜狀態升級觸發｜狀態轉移轉強,強點火事件,可列入優先追蹤，觀察隔日不破MA5/MA10。,19.563,116,v266.62,2026-10-01 01:22:46,24.0,0.0,40.0,35.0,-16.27,量能安靜｜洗盤整理不破｜主力吸籌文字確認｜狀態轉移剛加速｜狀態剛升級｜假突破/出貨文字風險,v266.68,2026-10-01 01:22:50,FAKE_BREAKOUT_RISK,假突破/追高風險：避免追價。,WATCH,724
2026-09-30,1731,BUY,86,20.9,50以下,0.01,10000,主力佈局完成,波動壓縮 | 安靜吸籌 | 均線收斂 | 放量吸收 | 接近突破 | 結構尚可,True,True,False,True,True,True,8.0,A,起漲結構強,MA5站上MA10｜接近20日高｜40D平台收斂｜短中均線糾結｜40D低點守住｜接近/站回MA60｜MA60不再下彎,平台壓縮後轉強，可優先觀察起漲/試單。,v266.57.9,8.0,無原分數欄位｜僅顯示結構前置分數,556.0,6.5,B,續強品質中,回檔不破前低｜低點墊高確認｜收盤守MA5｜回測守MA10｜MA5仍在MA10上,回檔承接尚可，若原策略入選，可優先觀察延續。,v266.57.9,6.75,0.55,0.5,GENERIC,測試排序分=原分數+結構前置分*策略權重+續強品質*策略權重；不覆蓋原策略,621.0,6.5,A,突破品質強,紅K實體放大｜收盤接近高點｜量能較前日放大｜突破近5日高｜短均多頭,TEST有升級IGNITION條件，可優先觀察隔日延續。,v266.57.9,GENERIC,0.55,0.5,0.5,10.9,242.0,最後後處理補寫：原分數+結構前置+續強品質+突破品質；不覆蓋原策略,0.0,,一般,8.938,v266.58.1,2026-10-01 01:22:38,發動中,5,16,準IGNITION,前狀態:觀察→今日:發動中｜狀態跳升｜具備點火條件,READY,v266.60.2,14.538,30.0,32.0,0.0,0.0,21.234,118.0,20/40/60結構佳｜續強品質佳｜主力佈局語意｜狀態升級強｜具升級旗標｜升級標籤｜突破品質輔助,高優先準點火,v266.61,2026-10-01 01:22:44,31.0,洗盤不破承接｜突破品質成立但未過熱｜狀態升級觸發｜狀態轉移轉強,強點火事件,可列入優先追蹤，觀察隔日不破MA5/MA10。,19.477,117,v266.62,2026-10-01 01:22:46,24.0,0.0,40.0,35.0,-16.27,量能安靜｜洗盤整理不破｜主力吸籌文字確認｜狀態轉移剛加速｜狀態剛升級｜假突破/出貨文字風險,v266.68,2026-10-01 01:22:50,FAKE_BREAKOUT_RISK,假突破/追高風險：避免追價。,WATCH,725
2026-09-30,4441,TEST,72,171.5,100-500,0.005,5000,佈局高機率,波動壓縮 | 安靜吸籌 | 均線收斂 | 接近突破 | 結構尚可,True,True,False,True,False,True,7.0,B,起漲結構中,接近20日高｜40D平台收斂｜短中均線糾結｜40D低點守住｜量縮後溫和放量,平台壓縮後轉強，可優先觀察起漲/試單。,v266.57.9,7.0,無原分數欄位｜僅顯示結構前置分數,710.0,5.5,B,續強品質中,回檔不破前低｜低點墊高確認｜收盤守MA5｜續強確認：收盤未跌破MA5,回檔承接尚可，若原策略入選，可優先觀察延續。,v266.57.9,5.6,0.55,0.5,GENERIC,測試排序分=原分數+結構前置分*策略權重+續強品質*策略權重；不覆蓋原策略,802.0,4.2,B,突破品質中,紅K實體放大｜收盤接近高點｜量能較前日放大,突破品質尚可，可列入試單後續確認。,v266.57.9,TEST,0.8,0.5,0.9,12.13,152.0,最後後處理補寫：原分數+結構前置+續強品質+突破品質；不覆蓋原策略,0.0,,一般,9.947,v266.58.1,2026-10-01 01:22:38,突破中,4,13,準IGNITION,前狀態:觀察→今日:突破中｜狀態跳升｜具備點火條件,READY,v266.60.2,14.497,30.0,32.0,0.0,0.0,21.282,105.0,20/40/60結構佳｜續強品質佳｜主力佈局語意｜狀態升級強｜具升級旗標｜升級標籤｜突破品質輔助,高優先準點火,v266.61,2026-10-01 01:22:44,31.0,洗盤不破承接｜突破品質成立但未過熱｜狀態升級觸發｜狀態轉移轉強,強點火事件,可列入優先追蹤，觀察隔日不破MA5/MA10。,19.448,118,v266.62,2026-10-01 01:22:46,24.0,0.0,40.0,35.0,-16.27,量能安靜｜洗盤整理不破｜主力吸籌文字確認｜狀態轉移剛加速｜狀態剛升級｜假突破/出貨文字風險,v266.68,2026-10-01 01:22:50,FAKE_BREAKOUT_RISK,假突破/追高風險：避免追價。,WATCH,726
2026-09-30,8478,WATCH,54,141.0,100-500,0.0,0,佈局觀察,波動壓縮 | 均線收斂 | 接近突破 | 結構尚可,True,False,False,True,False,True,6.8,B,起漲結構中,接近20日高｜40D平台收斂｜短中均線糾結｜40D低點守住｜接近/站回MA60｜5D動能轉正,平台壓縮後轉強，可優先觀察起漲/試單。,v266.57.9,6.8,無原分數欄位｜僅顯示結構前置分數,813.0,5.5,B,續強品質中,回檔不破前低｜低點墊高確認｜收盤守MA5｜續強確認：收盤未跌破MA5,回檔承接尚可，若原策略入選，可優先觀察延續。,v266.57.9,5.49,0.55,0.5,GENERIC,測試排序分=原分數+結構前置分*策略權重+續強品質*策略權重；不覆蓋原策略,835.0,6.9,A,突破品質強,紅K實體放大｜收盤接近高點｜量能較前日放大｜突破近5日高｜MA5加速上彎,TEST有升級IGNITION條件，可優先觀察隔日延續。,v266.57.9,WATCH,0.55,0.35,0.75,10.84,249.0,最後後處理補寫：原分數+結構前置+續強品質+突破品質；不覆蓋原策略,0.0,,一般,8.889,v266.58.1,2026-10-01 01:22:38,發動中,5,16,準IGNITION,前狀態:觀察→今日:發動中｜狀態跳升｜具備點火條件,READY,v266.60.2,14.489,30.0,32.0,0.0,0.0,21.229,119.0,20/40/60結構佳｜續強品質佳｜主力佈局語意｜狀態升級強｜具升級旗標｜升級標籤｜突破品質輔助,高優先準點火,v266.61,2026-10-01 01:22:44,31.0,洗盤不破承接｜突破品質成立但未過熱｜狀態升級觸發｜狀態轉移轉強,強點火事件,可列入優先追蹤，觀察隔日不破MA5/MA10。,19.442,119,v266.62,2026-10-01 01:22:46,24.0,0.0,40.0,35.0,-16.27,量能安靜｜洗盤整理不破｜主力吸籌文字確認｜狀態轉移剛加速｜狀態剛升級｜假突破/出貨文字風險,v266.68,2026-10-01 01:22:50,FAKE_BREAKOUT_RISK,假突破/追高風險：避免追價。,WATCH,727
2026-09-30,1413,BUY,86,9.22,50以下,0.01,10000,主力佈局完成,波動壓縮 | 安靜吸籌 | 均線收斂 | 放量吸收 | 接近突破 | 結構尚可,True,True,False,True,True,True,10.6,A,起漲結構強,MA5站上MA10｜40D平台收斂｜短中均線糾結｜40D低點守住｜接近/站回MA60｜MA60不再下彎｜量縮後溫和放量｜5D動能轉正｜10D動能轉正,平台壓縮後轉強，可優先觀察起漲/試單。,v266.57.9,10.6,無原分數欄位｜僅顯示結構前置分數,215.0,7.5,A,續強品質強,回檔不破前低｜低點墊高確認｜收盤守MA5｜回測守MA10｜MA5仍在MA10上｜10D動能維持,回檔承接尚可，若原策略入選，可優先觀察延續。,v266.57.9,8.68,0.55,0.5,GENERIC,測試排序分=原分數+結構前置分*策略權重+續強品質*策略權重；不覆蓋原策略,260.0,5.0,B,突破品質中,紅K實體放大｜收盤接近高點｜MA5加速上彎｜短均多頭,突破品質尚可，可列入試單後續確認。,v266.57.9,GENERIC,0.55,0.5,0.5,12.08,157.0,最後後處理補寫：原分數+結構前置+續強品質+突破品質；不覆蓋原策略,0.0,,一般,9.906,v266.58.1,2026-10-01 01:22:38,突破中,4,13,準IGNITION,前狀態:觀察→今日:突破中｜狀態跳升｜具備點火條件,READY,v266.60.2,14.456,30.0,32.0,0.0,0.0,21.278,106.0,20/40/60結構佳｜續強品質佳｜主力佈局語意｜狀態升級強｜具升級旗標｜升級標籤｜突破品質輔助,高優先準點火,v266.61,2026-10-01 01:22:44,31.0,洗盤不破承接｜突破品質成立但未過熱｜狀態升級觸發｜狀態轉移轉強,強點火事件,可列入優先追蹤，觀察隔日不破MA5/MA10。,19.419,120,v266.62,2026-10-01 01:22:46,24.0,0.0,40.0,35.0,-16.27,量能安靜｜洗盤整理不破｜主力吸籌文字確認｜狀態轉移剛加速｜狀態剛升級｜假突破/出貨文字風險,v266.68,2026-10-01 01:22:50,FAKE_BREAKOUT_RISK,假突破/追高風險：避免追價。,WATCH,728
2026-09-30,2722,WATCH,54,21.4,50以下,0.0,0,佈局觀察,波動壓縮 | 均線收斂 | 接近突破 | 結構尚可,True,False,False,True,False,True,9.6,A,起漲結構強,20D站上MA20｜MA5站上MA10｜接近20日高｜40D平台收斂｜短中均線糾結｜40D低點守住｜接近/站回MA60｜5D動能轉正｜10D動能轉正,平台壓縮後轉強，可優先觀察起漲/試單。,v266.57.9,9.6,無原分數欄位｜僅顯示結構前置分數,365.0,8.7,A,續強品質強,回檔不破前低｜低點墊高確認｜收盤守MA5｜續強確認：收盤未跌破MA5｜MA5仍在MA10上｜仍站MA20｜10D動能維持,回檔承接尚可，若原策略入選，可優先觀察延續。,v266.57.9,8.63,0.55,0.5,GENERIC,測試排序分=原分數+結構前置分*策略權重+續強品質*策略權重；不覆蓋原策略,262.0,5.0,B,突破品質中,收盤接近高點｜突破近5日高｜MA5加速上彎｜短均多頭,突破品質尚可，可列入試單後續確認。,v266.57.9,WATCH,0.55,0.35,0.75,12.075,158.0,最後後處理補寫：原分數+結構前置+續強品質+突破品質；不覆蓋原策略,0.0,,一般,9.901,v266.58.1,2026-10-01 01:22:38,突破中,4,13,準IGNITION,前狀態:觀察→今日:突破中｜狀態跳升｜具備點火條件,READY,v266.60.2,14.451,30.0,32.0,0.0,0.0,21.278,106.0,20/40/60結構佳｜續強品質佳｜主力佈局語意｜狀態升級強｜具升級旗標｜升級標籤｜突破品質輔助,高優先準點火,v266.61,2026-10-01 01:22:44,31.0,洗盤不破承接｜突破品質成立但未過熱｜狀態升級觸發｜狀態轉移轉強,強點火事件,可列入優先追蹤，觀察隔日不破MA5/MA10。,19.416,121,v266.62,2026-10-01 01:22:46,24.0,0.0,40.0,35.0,-16.27,量能安靜｜洗盤整理不破｜主力吸籌文字確認｜狀態轉移剛加速｜狀態剛升級｜假突破/出貨文字風險,v266.68,2026-10-01 01:22:50,FAKE_BREAKOUT_RISK,假突破/追高風險：避免追價。,WATCH,729
2026-09-30,6026,WATCH,54,16.1,50以下,0.0,0,佈局觀察,波動壓縮 | 均線收斂 | 接近突破 | 結構尚可,True,False,False,True,False,True,11.0,A,起漲結構強,20D站上MA20｜MA20走平翻揚｜MA5站上MA10｜接近20日高｜40D平台收斂｜短中均線糾結｜40D低點守住｜接近/站回MA60｜MA60不再下彎｜站回60D區間中上,平台壓縮後轉強，可優先觀察起漲/試單。,v266.57.9,11.0,無原分數欄位｜僅顯示結構前置分數,137.0,7.7,A,續強品質強,回檔不破前低｜低點墊高確認｜收盤守MA5｜續強確認：收盤未跌破MA5｜MA5仍在MA10上｜仍站MA20,回檔承接尚可，若原策略入選，可優先觀察延續。,v266.57.9,8.9,0.55,0.5,GENERIC,測試排序分=原分數+結構前置分*策略權重+續強品質*策略權重；不覆蓋原策略,216.0,5.0,B,突破品質中,收盤接近高點｜突破近5日高｜MA5加速上彎｜短均多頭,突破品質尚可，可列入試單後續確認。,v266.57.9,WATCH,0.55,0.35,0.75,12.495,144.0,最後後處理補寫：原分數+結構前置+續強品質+突破品質；不覆蓋原策略,0.0,,一般,10.246,v266.58.1,2026-10-01 01:22:38,突破中,4,12,準IGNITION,前狀態:突破中→今日:突破中｜強狀態維持｜強狀態連續維持｜具備點火條件,READY,v266.60.2,14.446,30.0,32.0,0.0,0.0,21.295,104.0,20/40/60結構佳｜續強品質佳｜主力佈局語意｜狀態升級強｜具升級旗標｜升級標籤｜突破品質輔助,高優先準點火,v266.61,2026-10-01 01:22:44,31.0,洗盤不破承接｜突破品質成立但未過熱｜狀態升級觸發｜狀態轉移轉強,強點火事件,可列入優先追蹤，觀察隔日不破MA5/MA10。,19.412,122,v266.62,2026-10-01 01:22:46,24.0,0.0,40.0,35.0,-16.27,量能安靜｜洗盤整理不破｜主力吸籌文字確認｜狀態轉移剛加速｜狀態剛升級｜假突破/出貨文字風險,v266.68,2026-10-01 01:22:50,FAKE_BREAKOUT_RISK,假突破/追高風險：避免追價。,WATCH,730
2026-09-30,6016,WATCH,54,24.3,50以下,0.0,0,佈局觀察,波動壓縮 | 均線收斂 | 接近突破 | 結構尚可,True,False,False,True,False,True,10.0,A,起漲結構強,20D站上MA20｜MA20走平翻揚｜MA5站上MA10｜接近20日高｜40D平台收斂｜短中均線糾結｜40D低點守住｜接近/站回MA60｜站回60D區間中上,平台壓縮後轉強，可優先觀察起漲/試單。,v266.57.9,10.0,無原分數欄位｜僅顯示結構前置分數,253.0,7.7,A,續強品質強,回檔不破前低｜低點墊高確認｜收盤守MA5｜續強確認：收盤未跌破MA5｜MA5仍在MA10上｜仍站MA20,回檔承接尚可，若原策略入選，可優先觀察延續。,v266.57.9,8.35,0.55,0.5,GENERIC,測試排序分=原分數+結構前置分*策略權重+續強品質*策略權重；不覆蓋原策略,313.0,5.0,B,突破品質中,收盤接近高點｜突破近5日高｜MA5加速上彎｜短均多頭,突破品質尚可，可列入試單後續確認。,v266.57.9,WATCH,0.55,0.35,0.75,11.945,162.0,最後後處理補寫：原分數+結構前置+續強品質+突破品質；不覆蓋原策略,0.0,,一般,9.795,v266.58.1,2026-10-01 01:22:38,突破中,4,13,準IGNITION,前狀態:觀察→今日:突破中｜狀態跳升｜具備點火條件,READY,v266.60.2,14.345,30.0,32.0,0.0,0.0,21.267,108.0,20/40/60結構佳｜續強品質佳｜主力佈局語意｜狀態升級強｜具升級旗標｜升級標籤｜突破品質輔助,高優先準點火,v266.61,2026-10-01 01:22:44,31.0,洗盤不破承接｜突破品質成立但未過熱｜狀態升級觸發｜狀態轉移轉強,強點火事件,可列入優先追蹤，觀察隔日不破MA5/MA10。,19.341,126,v266.62,2026-10-01 01:22:46,24.0,0.0,40.0,35.0,-16.27,量能安靜｜洗盤整理不破｜主力吸籌文字確認｜狀態轉移剛加速｜狀態剛升級｜假突破/出貨文字風險,v266.68,2026-10-01 01:22:50,FAKE_BREAKOUT_RISK,假突破/追高風險：避免追價。,WATCH,731
2026-09-30,3527,WATCH,54,53.1,50-100,0.0,0,佈局觀察,波動壓縮 | 均線收斂 | 接近突破 | 結構尚可,True,False,False,True,False,True,9.0,A,起漲結構強,20D站上MA20｜MA20走平翻揚｜MA5站上MA10｜接近20日高｜40D平台收斂｜短中均線糾結｜40D低點守住｜接近/站回MA60,平台壓縮後轉強，可優先觀察起漲/試單。,v266.57.9,9.0,無原分數欄位｜僅顯示結構前置分數,391.0,9.2,A,續強品質強,回檔不破前低｜低點墊高確認｜收盤守MA5｜續強確認：收盤未跌破MA5｜回檔量縮｜MA5仍在MA10上｜仍站MA20,回檔承接尚可，若原策略入選，可優先觀察延續。,v266.57.9,8.55,0.55,0.5,GENERIC,測試排序分=原分數+結構前置分*策略權重+續強品質*策略權重；不覆蓋原策略,269.0,5.0,B,突破品質中,收盤接近高點｜突破近5日高｜MA5加速上彎｜短均多頭,突破品質尚可，可列入試單後續確認。,v266.57.9,WATCH,0.55,0.35,0.75,11.92,164.0,最後後處理補寫：原分數+結構前置+續強品質+突破品質；不覆蓋原策略,0.0,,一般,9.774,v266.58.1,2026-10-01 01:22:38,突破中,4,13,準IGNITION,前狀態:觀察→今日:突破中｜狀態跳升｜具備點火條件,READY,v266.60.2,14.324,30.0,32.0,0.0,0.0,21.265,109.0,20/40/60結構佳｜續強品質佳｜主力佈局語意｜狀態升級強｜具升級旗標｜升級標籤｜突破品質輔助,高優先準點火,v266.61,2026-10-01 01:22:44,31.0,洗盤不破承接｜突破品質成立但未過熱｜狀態升級觸發｜狀態轉移轉強,強點火事件,可列入優先追蹤，觀察隔日不破MA5/MA10。,19.327,127,v266.62,2026-10-01 01:22:46,24.0,0.0,40.0,35.0,-16.27,量能安靜｜洗盤整理不破｜主力吸籌文字確認｜狀態轉移剛加速｜狀態剛升級｜假突破/出貨文字風險,v266.68,2026-10-01 01:22:50,FAKE_BREAKOUT_RISK,假突破/追高風險：避免追價。,WATCH,732
2026-09-30,4745,WATCH,54,12.2,50以下,0.0,0,佈局觀察,波動壓縮 | 均線收斂 | 接近突破 | 結構尚可,True,False,False,True,False,True,9.0,A,起漲結構強,20D站上MA20｜MA20走平翻揚｜MA5站上MA10｜接近20日高｜40D平台收斂｜短中均線糾結｜40D低點守住｜接近/站回MA60,平台壓縮後轉強，可優先觀察起漲/試單。,v266.57.9,9.0,無原分數欄位｜僅顯示結構前置分數,391.0,9.2,A,續強品質強,回檔不破前低｜低點墊高確認｜收盤守MA5｜續強確認：收盤未跌破MA5｜回檔量縮｜MA5仍在MA10上｜仍站MA20,回檔承接尚可，若原策略入選，可優先觀察延續。,v266.57.9,8.55,0.55,0.5,GENERIC,測試排序分=原分數+結構前置分*策略權重+續強品質*策略權重；不覆蓋原策略,269.0,5.0,B,突破品質中,收盤接近高點｜突破近5日高｜MA5加速上彎｜短均多頭,突破品質尚可，可列入試單後續確認。,v266.57.9,WATCH,0.55,0.35,0.75,11.92,164.0,最後後處理補寫：原分數+結構前置+續強品質+突破品質；不覆蓋原策略,0.0,,一般,9.774,v266.58.1,2026-10-01 01:22:38,突破中,4,13,準IGNITION,前狀態:觀察→今日:突破中｜狀態跳升｜具備點火條件,READY,v266.60.2,14.324,30.0,32.0,0.0,0.0,21.265,109.0,20/40/60結構佳｜續強品質佳｜主力佈局語意｜狀態升級強｜具升級旗標｜升級標籤｜突破品質輔助,高優先準點火,v266.61,2026-10-01 01:22:44,31.0,洗盤不破承接｜突破品質成立但未過熱｜狀態升級觸發｜狀態轉移轉強,強點火事件,可列入優先追蹤，觀察隔日不破MA5/MA10。,19.327,128,v266.62,2026-10-01 01:22:46,24.0,0.0,40.0,35.0,-16.27,量能安靜｜洗盤整理不破｜主力吸籌文字確認｜狀態轉移剛加速｜狀態剛升級｜假突破/出貨文字風險,v266.68,2026-10-01 01:22:50,FAKE_BREAKOUT_RISK,假突破/追高風險：避免追價。,WATCH,733
2026-09-30,6492,WATCH,54,34.35,50以下,0.0,0,佈局觀察,波動壓縮 | 均線收斂 | 接近突破 | 結構尚可,True,False,False,True,False,True,9.0,A,起漲結構強,20D站上MA20｜MA20走平翻揚｜MA5站上MA10｜接近20日高｜40D平台收斂｜短中均線糾結｜40D低點守住｜接近/站回MA60,平台壓縮後轉強，可優先觀察起漲/試單。,v266.57.9,9.0,無原分數欄位｜僅顯示結構前置分數,391.0,9.2,A,續強品質強,回檔不破前低｜低點墊高確認｜收盤守MA5｜續強確認：收盤未跌破MA5｜回檔量縮｜MA5仍在MA10上｜仍站MA20,回檔承接尚可，若原策略入選，可優先觀察延續。,v266.57.9,8.55,0.55,0.5,GENERIC,測試排序分=原分數+結構前置分*策略權重+續強品質*策略權重；不覆蓋原策略,269.0,5.0,B,突破品質中,收盤接近高點｜突破近5日高｜MA5加速上彎｜短均多頭,突破品質尚可，可列入試單後續確認。,v266.57.9,WATCH,0.55,0.35,0.75,11.92,164.0,最後後處理補寫：原分數+結構前置+續強品質+突破品質；不覆蓋原策略,0.0,,一般,9.774,v266.58.1,2026-10-01 01:22:38,突破中,4,13,準IGNITION,前狀態:觀察→今日:突破中｜狀態跳升｜具備點火條件,READY,v266.60.2,14.324,30.0,32.0,0.0,0.0,21.265,109.0,20/40/60結構佳｜續強品質佳｜主力佈局語意｜狀態升級強｜具升級旗標｜升級標籤｜突破品質輔助,高優先準點火,v266.61,2026-10-01 01:22:44,31.0,洗盤不破承接｜突破品質成立但未過熱｜狀態升級觸發｜狀態轉移轉強,強點火事件,可列入優先追蹤，觀察隔日不破MA5/MA10。,19.327,129,v266.62,2026-10-01 01:22:46,24.0,0.0,40.0,35.0,-16.27,量能安靜｜洗盤整理不破｜主力吸籌文字確認｜狀態轉移剛加速｜狀態剛升級｜假突破/出貨文字風險,v266.68,2026-10-01 01:22:50,FAKE_BREAKOUT_RISK,假突破/追高風險：避免追價。,WATCH,734
2026-09-30,1806,WATCH,54,8.0,50以下,0.0,0,佈局觀察,波動壓縮 | 均線收斂 | 接近突破 | 結構尚可,True,False,False,True,False,True,10.8,A,起漲結構強,接近20日高｜40D平台收斂｜短中均線糾結｜40D低點守住｜接近/站回MA60｜MA60不再下彎｜近5日量縮｜量縮後溫和放量｜10D動能轉正,平台壓縮後轉強，可優先觀察起漲/試單。,v266.57.9,10.8,無原分數欄位｜僅顯示結構前置分數,197.0,8.0,A,續強品質強,回檔不破前低｜低點墊高確認｜收盤守MA5｜續強確認：收盤未跌破MA5｜回檔量縮｜10D動能維持,回檔承接尚可，若原策略入選，可優先觀察延續。,v266.57.9,8.94,0.55,0.5,GENERIC,測試排序分=原分數+結構前置分*策略權重+續強品質*策略權重；不覆蓋原策略,210.0,4.2,B,突破品質中,收盤接近高點｜量能較前日放大｜突破近5日高,突破品質尚可，可列入試單後續確認。,v266.57.9,WATCH,0.55,0.35,0.75,11.89,167.0,最後後處理補寫：原分數+結構前置+續強品質+突破品質；不覆蓋原策略,0.0,,一般,9.75,v266.58.1,2026-10-01 01:22:38,突破中,4,13,準IGNITION,前狀態:觀察→今日:突破中｜狀態跳升｜具備點火條件,READY,v266.60.2,14.3,30.0,32.0,0.0,0.0,21.263,112.0,20/40/60結構佳｜續強品質佳｜主力佈局語意｜狀態升級強｜具升級旗標｜升級標籤｜突破品質輔助,高優先準點火,v266.61,2026-10-01 01:22:44,31.0,洗盤不破承接｜突破品質成立但未過熱｜狀態升級觸發｜狀態轉移轉強,強點火事件,可列入優先追蹤，觀察隔日不破MA5/MA10。,19.31,130,v266.62,2026-10-01 01:22:46,24.0,0.0,40.0,35.0,-16.27,量能安靜｜洗盤整理不破｜主力吸籌文字確認｜狀態轉移剛加速｜狀態剛升級｜假突破/出貨文字風險,v266.68,2026-10-01 01:22:50,FAKE_BREAKOUT_RISK,假突破/追高風險：避免追價。,WATCH,735
2026-09-30,3512,WATCH,54,19.2,50以下,0.0,0,佈局觀察,波動壓縮 | 均線收斂 | 接近突破 | 結構尚可,True,False,False,True,False,True,9.0,A,起漲結構強,MA20走平翻揚｜MA5站上MA10｜接近20日高｜40D平台收斂｜短中均線糾結｜40D低點守住｜接近/站回MA60｜近5日量縮,平台壓縮後轉強，可優先觀察起漲/試單。,v266.57.9,9.0,無原分數欄位｜僅顯示結構前置分數,391.0,9.0,A,續強品質強,回檔不破前低｜低點墊高確認｜收盤守MA5｜回測守MA10｜回檔量縮｜MA5仍在MA10上｜仍站MA20,回檔承接尚可，若原策略入選，可優先觀察延續。,v266.57.9,8.55,0.55,0.5,GENERIC,測試排序分=原分數+結構前置分*策略權重+續強品質*策略權重；不覆蓋原策略,269.0,5.0,B,突破品質中,收盤接近高點｜突破近5日高｜MA5加速上彎｜短均多頭,突破品質尚可，可列入試單後續確認。,v266.57.9,WATCH,0.55,0.35,0.75,11.85,171.0,最後後處理補寫：原分數+結構前置+續強品質+突破品質；不覆蓋原策略,0.0,,一般,9.717,v266.58.1,2026-10-01 01:22:38,突破中,4,13,準IGNITION,前狀態:觀察→今日:突破中｜狀態跳升｜具備點火條件,READY,v266.60.2,14.267,30.0,32.0,0.0,0.0,21.259,113.0,20/40/60結構佳｜續強品質佳｜主力佈局語意｜狀態升級強｜具升級旗標｜升級標籤｜突破品質輔助,高優先準點火,v266.61,2026-10-01 01:22:44,31.0,洗盤不破承接｜突破品質成立但未過熱｜狀態升級觸發｜狀態轉移轉強,強點火事件,可列入優先追蹤，觀察隔日不破MA5/MA10。,19.287,131,v266.62,2026-10-01 01:22:46,24.0,0.0,40.0,35.0,-16.27,量能安靜｜洗盤整理不破｜主力吸籌文字確認｜狀態轉移剛加速｜狀態剛升級｜假突破/出貨文字風險,v266.68,2026-10-01 01:22:50,FAKE_BREAKOUT_RISK,假突破/追高風險：避免追價。,WATCH,736
2026-09-30,3168,WATCH,54,42.8,50以下,0.0,0,佈局觀察,波動壓縮 | 均線收斂 | 接近突破 | 結構尚可,True,False,False,True,False,True,9.8,A,起漲結構強,20D站上MA20｜MA20走平翻揚｜接近20日高｜40D平台收斂｜短中均線糾結｜40D低點守住｜接近/站回MA60｜近5日量縮｜10D動能轉正,平台壓縮後轉強，可優先觀察起漲/試單。,v266.57.9,9.8,無原分數欄位｜僅顯示結構前置分數,346.0,9.0,A,續強品質強,回檔不破前低｜低點墊高確認｜收盤守MA5｜續強確認：收盤未跌破MA5｜回檔量縮｜仍站MA20｜10D動能維持,回檔承接尚可，若原策略入選，可優先觀察延續。,v266.57.9,8.89,0.55,0.5,GENERIC,測試排序分=原分數+結構前置分*策略權重+續強品質*策略權重；不覆蓋原策略,251.0,4.2,B,突破品質中,紅K實體放大｜收盤接近高點｜量能較前日放大,突破品質尚可，可列入試單後續確認。,v266.57.9,WATCH,0.55,0.35,0.75,11.69,178.0,最後後處理補寫：原分數+結構前置+續強品質+突破品質；不覆蓋原策略,0.0,,一般,9.586,v266.58.1,2026-10-01 01:22:38,突破中,4,13,準IGNITION,前狀態:觀察→今日:突破中｜狀態跳升｜具備點火條件,READY,v266.60.2,14.136,30.0,32.0,0.0,0.0,21.246,117.0,20/40/60結構佳｜續強品質佳｜主力佈局語意｜狀態升級強｜具升級旗標｜升級標籤｜突破品質輔助,高優先準點火,v266.61,2026-10-01 01:22:44,31.0,洗盤不破承接｜突破品質成立但未過熱｜狀態升級觸發｜狀態轉移轉強,強點火事件,可列入優先追蹤，觀察隔日不破MA5/MA10。,19.195,132,v266.62,2026-10-01 01:22:46,24.0,0.0,40.0,35.0,-16.27,量能安靜｜洗盤整理不破｜主力吸籌文字確認｜狀態轉移剛加速｜狀態剛升級｜假突破/出貨文字風險,v266.68,2026-10-01 01:22:50,FAKE_BREAKOUT_RISK,假突破/追高風險：避免追價。,WATCH,737
2026-09-30,4714,WATCH,54,12.05,50以下,0.0,0,佈局觀察,波動壓縮 | 均線收斂 | 接近突破 | 結構尚可,True,False,False,True,False,True,11.0,A,起漲結構強,20D站上MA20｜MA20走平翻揚｜接近20日高｜40D平台收斂｜短中均線糾結｜40D低點守住｜接近/站回MA60｜MA60不再下彎｜站回60D區間中上｜近5日量縮,平台壓縮後轉強，可優先觀察起漲/試單。,v266.57.9,11.0,無原分數欄位｜僅顯示結構前置分數,137.0,8.0,A,續強品質強,回檔不破前低｜低點墊高確認｜收盤守MA5｜續強確認：收盤未跌破MA5｜回檔量縮｜仍站MA20,回檔承接尚可，若原策略入選，可優先觀察延續。,v266.57.9,9.05,0.55,0.5,GENERIC,測試排序分=原分數+結構前置分*策略權重+續強品質*策略權重；不覆蓋原策略,199.0,4.2,B,突破品質中,收盤接近高點｜突破近5日高｜MA5加速上彎,突破品質尚可，可列入試單後續確認。,v266.57.9,WATCH,0.55,0.35,0.75,12.0,160.0,最後後處理補寫：原分數+結構前置+續強品質+突破品質；不覆蓋原策略,0.0,,一般,9.84,v266.58.1,2026-10-01 01:22:38,突破中,4,12,準IGNITION,前狀態:突破中→今日:突破中｜強狀態維持｜強狀態連續維持｜具備點火條件,READY,v266.60.2,14.04,30.0,32.0,0.0,0.0,21.254,115.0,20/40/60結構佳｜續強品質佳｜主力佈局語意｜狀態升級強｜具升級旗標｜升級標籤｜突破品質輔助,高優先準點火,v266.61,2026-10-01 01:22:44,31.0,洗盤不破承接｜突破品質成立但未過熱｜狀態升級觸發｜狀態轉移轉強,強點火事件,可列入優先追蹤，觀察隔日不破MA5/MA10。,19.128,133,v266.62,2026-10-01 01:22:46,24.0,0.0,40.0,35.0,-16.27,量能安靜｜洗盤整理不破｜主力吸籌文字確認｜狀態轉移剛加速｜狀態剛升級｜假突破/出貨文字風險,v266.68,2026-10-01 01:22:50,FAKE_BREAKOUT_RISK,假突破/追高風險：避免追價。,WATCH,738
2026-09-30,4561,WATCH,54,43.2,50以下,0.0,0,佈局觀察,波動壓縮 | 均線收斂 | 接近突破 | 結構尚可,True,False,False,True,False,True,10.0,A,起漲結構強,20D站上MA20｜MA20走平翻揚｜MA5站上MA10｜接近20日高｜40D平台收斂｜短中均線糾結｜接近/站回MA60｜MA60不再下彎｜站回60D區間中上,平台壓縮後轉強，可優先觀察起漲/試單。,v266.57.9,10.0,無原分數欄位｜僅顯示結構前置分數,253.0,7.7,A,續強品質強,回檔不破前低｜低點墊高確認｜收盤守MA5｜續強確認：收盤未跌破MA5｜MA5仍在MA10上｜仍站MA20,回檔承接尚可，若原策略入選，可優先觀察延續。,v266.57.9,8.35,0.55,0.5,GENERIC,測試排序分=原分數+結構前置分*策略權重+續強品質*策略權重；不覆蓋原策略,313.0,5.0,B,突破品質中,收盤接近高點｜突破近5日高｜MA5加速上彎｜短均多頭,突破品質尚可，可列入試單後續確認。,v266.57.9,WATCH,0.55,0.35,0.75,11.945,162.0,最後後處理補寫：原分數+結構前置+續強品質+突破品質；不覆蓋原策略,0.0,,一般,9.795,v266.58.1,2026-10-01 01:22:38,突破中,4,12,準IGNITION,前狀態:突破中→今日:突破中｜強狀態維持｜強狀態連續維持｜具備點火條件,READY,v266.60.2,13.995,30.0,32.0,0.0,0.0,21.25,116.0,20/40/60結構佳｜續強品質佳｜主力佈局語意｜狀態升級強｜具升級旗標｜升級標籤｜突破品質輔助,高優先準點火,v266.61,2026-10-01 01:22:44,31.0,洗盤不破承接｜突破品質成立但未過熱｜狀態升級觸發｜狀態轉移轉強,強點火事件,可列入優先追蹤，觀察隔日不破MA5/MA10。,19.096,134,v266.62,2026-10-01 01:22:46,24.0,0.0,40.0,35.0,-16.27,量能安靜｜洗盤整理不破｜主力吸籌文字確認｜狀態轉移剛加速｜狀態剛升級｜假突破/出貨文字風險,v266.68,2026-10-01 01:22:50,FAKE_BREAKOUT_RISK,假突破/追高風險：避免追價。,WATCH,739
2026-09-30,2611,WATCH,54,14.5,50以下,0.0,0,佈局觀察,波動壓縮 | 均線收斂 | 接近突破 | 結構尚可,True,False,False,True,False,True,7.3,B,起漲結構中,20D站上MA20｜接近20日高｜短中均線糾結｜40D低點守住｜接近/站回MA60｜MA60不再下彎｜10D動能轉正,平台壓縮後轉強，可優先觀察起漲/試單。,v266.57.9,7.3,無原分數欄位｜僅顯示結構前置分數,705.0,9.0,A,續強品質強,回檔不破前低｜低點墊高確認｜收盤守MA5｜續強確認：收盤未跌破MA5｜回檔量縮｜仍站MA20｜10D動能維持,回檔承接尚可，若原策略入選，可優先觀察延續。,v266.57.9,7.515,0.55,0.5,GENERIC,測試排序分=原分數+結構前置分*策略權重+續強品質*策略權重；不覆蓋原策略,492.0,5.7,B,突破品質中,紅K實體放大｜收盤接近高點｜量能較前日放大｜突破近5日高,突破品質尚可，可列入試單後續確認。,v266.57.9,WATCH,0.55,0.35,0.75,11.44,205.0,最後後處理補寫：原分數+結構前置+續強品質+突破品質；不覆蓋原策略,0.0,,一般,9.381,v266.58.1,2026-10-01 01:22:38,突破中,4,13,準IGNITION,前狀態:觀察→今日:突破中｜狀態跳升｜具備點火條件,READY,v266.60.2,13.931,30.0,32.0,0.0,0.0,21.226,120.0,20/40/60結構佳｜續強品質佳｜主力佈局語意｜狀態升級強｜具升級旗標｜升級標籤｜突破品質輔助,高優先準點火,v266.61,2026-10-01 01:22:44,31.0,洗盤不破承接｜突破品質成立但未過熱｜狀態升級觸發｜狀態轉移轉強,強點火事件,可列入優先追蹤，觀察隔日不破MA5/MA10。,19.052,135,v266.62,2026-10-01 01:22:46,24.0,0.0,40.0,35.0,-16.27,量能安靜｜洗盤整理不破｜主力吸籌文字確認｜狀態轉移剛加速｜狀態剛升級｜假突破/出貨文字風險,v266.68,2026-10-01 01:22:50,FAKE_BREAKOUT_RISK,假突破/追高風險：避免追價。,WATCH,740
2026-09-30,8076,WATCH,54,21.8,50以下,0.0,0,佈局觀察,波動壓縮 | 均線收斂 | 接近突破 | 結構尚可,True,False,False,True,False,True,9.0,A,起漲結構強,20D站上MA20｜MA20走平翻揚｜MA5站上MA10｜接近20日高｜40D平台收斂｜短中均線糾結｜40D低點守住｜接近/站回MA60,平台壓縮後轉強，可優先觀察起漲/試單。,v266.57.9,9.0,無原分數欄位｜僅顯示結構前置分數,391.0,7.7,A,續強品質強,回檔不破前低｜低點墊高確認｜收盤守MA5｜續強確認：收盤未跌破MA5｜MA5仍在MA10上｜仍站MA20,回檔承接尚可，若原策略入選，可優先觀察延續。,v266.57.9,7.8,0.55,0.5,GENERIC,測試排序分=原分數+結構前置分*策略權重+續強品質*策略權重；不覆蓋原策略,424.0,5.0,B,突破品質中,收盤接近高點｜突破近5日高｜MA5加速上彎｜短均多頭,突破品質尚可，可列入試單後續確認。,v266.57.9,WATCH,0.55,0.35,0.75,11.395,206.0,最後後處理補寫：原分數+結構前置+續強品質+突破品質；不覆蓋原策略,0.0,,一般,9.344,v266.58.1,2026-10-01 01:22:38,突破中,4,13,準IGNITION,前狀態:觀察→今日:突破中｜狀態跳升｜具備點火條件,READY,v266.60.2,13.894,30.0,32.0,0.0,0.0,21.222,121.0,20/40/60結構佳｜續強品質佳｜主力佈局語意｜狀態升級強｜具升級旗標｜升級標籤｜突破品質輔助,高優先準點火,v266.61,2026-10-01 01:22:44,31.0,洗盤不破承接｜突破品質成立但未過熱｜狀態升級觸發｜狀態轉移轉強,強點火事件,可列入優先追蹤，觀察隔日不破MA5/MA10。,19.026,136,v266.62,2026-10-01 01:22:46,24.0,0.0,40.0,35.0,-16.27,量能安靜｜洗盤整理不破｜主力吸籌文字確認｜狀態轉移剛加速｜狀態剛升級｜假突破/出貨文字風險,v266.68,2026-10-01 01:22:50,FAKE_BREAKOUT_RISK,假突破/追高風險：避免追價。,WATCH,741
2026-09-30,6757,BUY,86,54.0,50-100,0.01,10000,主力佈局完成,波動壓縮 | 安靜吸籌 | 均線收斂 | 放量吸收 | 接近突破 | 結構尚可,True,True,False,True,True,True,8.8,A,起漲結構強,MA5站上MA10｜40D平台收斂｜短中均線糾結｜40D低點守住｜接近/站回MA60｜量縮後溫和放量｜10D動能轉正,平台壓縮後轉強，可優先觀察起漲/試單。,v266.57.9,8.8,無原分數欄位｜僅顯示結構前置分數,522.0,7.7,A,續強品質強,回檔不破前低｜低點墊高確認｜收盤守MA5｜續強確認：收盤未跌破MA5｜MA5仍在MA10上｜10D動能維持,回檔承接尚可，若原策略入選，可優先觀察延續。,v266.57.9,7.69,0.55,0.5,GENERIC,測試排序分=原分數+結構前置分*策略權重+續強品質*策略權重；不覆蓋原策略,482.0,5.0,B,突破品質中,紅K實體放大｜收盤接近高點｜量能較前日放大｜短均多頭,突破品質尚可，可列入試單後續確認。,v266.57.9,GENERIC,0.55,0.5,0.5,11.19,212.0,最後後處理補寫：原分數+結構前置+續強品質+突破品質；不覆蓋原策略,0.0,,一般,9.176,v266.58.1,2026-10-01 01:22:38,突破中,4,13,準IGNITION,前狀態:觀察→今日:突破中｜狀態跳升｜具備點火條件,READY,v266.60.2,13.726,30.0,32.0,0.0,0.0,21.205,123.0,20/40/60結構佳｜續強品質佳｜主力佈局語意｜狀態升級強｜具升級旗標｜升級標籤｜突破品質輔助,高優先準點火,v266.61,2026-10-01 01:22:44,31.0,洗盤不破承接｜突破品質成立但未過熱｜狀態升級觸發｜狀態轉移轉強,強點火事件,可列入優先追蹤，觀察隔日不破MA5/MA10。,18.908,138,v266.62,2026-10-01 01:22:46,24.0,0.0,40.0,35.0,-16.27,量能安靜｜洗盤整理不破｜主力吸籌文字確認｜狀態轉移剛加速｜狀態剛升級｜假突破/出貨文字風險,v266.68,2026-10-01 01:22:50,FAKE_BREAKOUT_RISK,假突破/追高風險：避免追價。,WATCH,742
2026-09-30,1233,WATCH,54,28.1,50以下,0.0,0,佈局觀察,波動壓縮 | 均線收斂 | 接近突破 | 結構尚可,True,False,False,True,False,True,8.8,A,起漲結構強,20D站上MA20｜接近20日高｜40D平台收斂｜短中均線糾結｜40D低點守住｜接近/站回MA60｜MA60不再下彎｜10D動能轉正,平台壓縮後轉強，可優先觀察起漲/試單。,v266.57.9,8.8,無原分數欄位｜僅顯示結構前置分數,522.0,9.0,A,續強品質強,回檔不破前低｜低點墊高確認｜收盤守MA5｜續強確認：收盤未跌破MA5｜回檔量縮｜仍站MA20｜10D動能維持,回檔承接尚可，若原策略入選，可優先觀察延續。,v266.57.9,8.34,0.55,0.5,GENERIC,測試排序分=原分數+結構前置分*策略權重+續強品質*策略權重；不覆蓋原策略,340.0,4.2,B,突破品質中,紅K實體放大｜收盤接近高點｜量能較前日放大,突破品質尚可，可列入試單後續確認。,v266.57.9,WATCH,0.55,0.35,0.75,11.14,215.0,最後後處理補寫：原分數+結構前置+續強品質+突破品質；不覆蓋原策略,0.0,,一般,9.135,v266.58.1,2026-10-01 01:22:38,突破中,4,13,準IGNITION,前狀態:觀察→今日:突破中｜狀態跳升｜具備點火條件,READY,v266.60.2,13.685,30.0,32.0,0.0,0.0,21.201,124.0,20/40/60結構佳｜續強品質佳｜主力佈局語意｜狀態升級強｜具升級旗標｜升級標籤｜突破品質輔助,高優先準點火,v266.61,2026-10-01 01:22:44,31.0,洗盤不破承接｜突破品質成立但未過熱｜狀態升級觸發｜狀態轉移轉強,強點火事件,可列入優先追蹤，觀察隔日不破MA5/MA10。,18.88,139,v266.62,2026-10-01 01:22:46,24.0,0.0,40.0,35.0,-16.27,量能安靜｜洗盤整理不破｜主力吸籌文字確認｜狀態轉移剛加速｜狀態剛升級｜假突破/出貨文字風險,v266.68,2026-10-01 01:22:50,FAKE_BREAKOUT_RISK,假突破/追高風險：避免追價。,WATCH,743
2026-09-30,9926,BUY,100,49.1,50以下,0.01,10000,主力佈局完成,波動壓縮 | 安靜吸籌 | 洗盤收回 | 均線收斂 | 放量吸收 | 接近突破 | 結構尚可,True,True,True,True,True,True,10.0,A,起漲結構強,接近20日高｜40D平台收斂｜短中均線糾結｜40D低點守住｜接近/站回MA60｜MA60不再下彎｜近5日量縮｜量縮後溫和放量,平台壓縮後轉強，可優先觀察起漲/試單。,v266.57.9,10.0,無原分數欄位｜僅顯示結構前置分數,253.0,7.0,A,續強品質強,回檔不破前低｜低點墊高確認｜收盤守MA5｜續強確認：收盤未跌破MA5｜回檔量縮,回檔承接尚可，若原策略入選，可優先觀察延續。,v266.57.9,8.0,0.55,0.5,GENERIC,測試排序分=原分數+結構前置分*策略權重+續強品質*策略權重；不覆蓋原策略,371.0,4.2,B,突破品質中,紅K實體放大｜收盤接近高點｜量能較前日放大,突破品質尚可，可列入試單後續確認。,v266.57.9,GENERIC,0.55,0.5,0.5,11.1,217.0,最後後處理補寫：原分數+結構前置+續強品質+突破品質；不覆蓋原策略,0.0,,一般,9.102,v266.58.1,2026-10-01 01:22:38,突破中,4,13,準IGNITION,前狀態:觀察→今日:突破中｜狀態跳升｜具備點火條件,READY,v266.60.2,13.652,30.0,32.0,0.0,0.0,21.198,125.0,20/40/60結構佳｜續強品質佳｜主力佈局語意｜狀態升級強｜具升級旗標｜升級標籤｜突破品質輔助,高優先準點火,v266.61,2026-10-01 01:22:44,31.0,洗盤不破承接｜突破品質成立但未過熱｜狀態升級觸發｜狀態轉移轉強,強點火事件,可列入優先追蹤，觀察隔日不破MA5/MA10。,18.856,140,v266.62,2026-10-01 01:22:46,24.0,0.0,40.0,35.0,-16.27,量能安靜｜洗盤整理不破｜主力吸籌文字確認｜狀態轉移剛加速｜狀態剛升級｜假突破/出貨文字風險,v266.68,2026-10-01 01:22:50,FAKE_BREAKOUT_RISK,假突破/追高風險：避免追價。,WATCH,744
2026-09-30,9937,WATCH,54,54.5,50-100,0.0,0,佈局觀察,波動壓縮 | 均線收斂 | 接近突破 | 結構尚可,True,False,False,True,False,True,8.8,A,起漲結構強,接近20日高｜40D平台收斂｜短中均線糾結｜40D低點守住｜接近/站回MA60｜MA60不再下彎｜近5日量縮｜5D動能轉正,平台壓縮後轉強，可優先觀察起漲/試單。,v266.57.9,8.8,無原分數欄位｜僅顯示結構前置分數,522.0,5.5,B,續強品質中,回檔不破前低｜低點墊高確認｜收盤守MA5｜續強確認：收盤未跌破MA5,回檔承接尚可，若原策略入選，可優先觀察延續。,v266.57.9,6.59,0.55,0.5,GENERIC,測試排序分=原分數+結構前置分*策略權重+續強品質*策略權重；不覆蓋原策略,674.0,5.7,B,突破品質中,紅K實體放大｜收盤接近高點｜突破近5日高｜MA5加速上彎,突破品質尚可，可列入試單後續確認。,v266.57.9,WATCH,0.55,0.35,0.75,11.04,226.0,最後後處理補寫：原分數+結構前置+續強品質+突破品質；不覆蓋原策略,0.0,,一般,9.053,v266.58.1,2026-10-01 01:22:38,突破中,4,13,準IGNITION,前狀態:觀察→今日:突破中｜狀態跳升｜具備點火條件,READY,v266.60.2,13.603,30.0,32.0,0.0,0.0,21.193,126.0,20/40/60結構佳｜續強品質佳｜主力佈局語意｜狀態升級強｜具升級旗標｜升級標籤｜突破品質輔助,高優先準點火,v266.61,2026-10-01 01:22:44,31.0,洗盤不破承接｜突破品質成立但未過熱｜狀態升級觸發｜狀態轉移轉強,強點火事件,可列入優先追蹤，觀察隔日不破MA5/MA10。,18.822,141,v266.62,2026-10-01 01:22:46,24.0,0.0,40.0,35.0,-16.27,量能安靜｜洗盤整理不破｜主力吸籌文字確認｜狀態轉移剛加速｜狀態剛升級｜假突破/出貨文字風險,v266.68,2026-10-01 01:22:50,FAKE_BREAKOUT_RISK,假突破/追高風險：避免追價。,WATCH,745
2026-09-30,1336,WATCH,54,17.35,50以下,0.0,0,佈局觀察,波動壓縮 | 均線收斂 | 接近突破 | 結構尚可,True,False,False,True,False,True,10.0,A,起漲結構強,20D站上MA20｜MA20走平翻揚｜接近20日高｜40D平台收斂｜短中均線糾結｜40D低點守住｜接近/站回MA60｜MA60不再下彎｜站回60D區間中上,平台壓縮後轉強，可優先觀察起漲/試單。,v266.57.9,10.0,無原分數欄位｜僅顯示結構前置分數,253.0,8.0,A,續強品質強,回檔不破前低｜低點墊高確認｜收盤守MA5｜續強確認：收盤未跌破MA5｜回檔量縮｜仍站MA20,回檔承接尚可，若原策略入選，可優先觀察延續。,v266.57.9,8.5,0.55,0.5,GENERIC,測試排序分=原分數+結構前置分*策略權重+續強品質*策略權重；不覆蓋原策略,289.0,4.2,B,突破品質中,收盤接近高點｜突破近5日高｜MA5加速上彎,突破品質尚可，可列入試單後續確認。,v266.57.9,WATCH,0.55,0.35,0.75,11.45,203.0,最後後處理補寫：原分數+結構前置+續強品質+突破品質；不覆蓋原策略,0.0,,一般,9.389,v266.58.1,2026-10-01 01:22:38,突破中,4,12,準IGNITION,前狀態:突破中→今日:突破中｜強狀態維持｜強狀態連續維持｜具備點火條件,READY,v266.60.2,13.589,30.0,32.0,0.0,0.0,21.209,122.0,20/40/60結構佳｜續強品質佳｜主力佈局語意｜狀態升級強｜具升級旗標｜升級標籤｜突破品質輔助,高優先準點火,v266.61,2026-10-01 01:22:44,31.0,洗盤不破承接｜突破品質成立但未過熱｜狀態升級觸發｜狀態轉移轉強,強點火事件,可列入優先追蹤，觀察隔日不破MA5/MA10。,18.812,142,v266.62,2026-10-01 01:22:46,24.0,0.0,40.0,35.0,-16.27,量能安靜｜洗盤整理不破｜主力吸籌文字確認｜狀態轉移剛加速｜狀態剛升級｜假突破/出貨文字風險,v266.68,2026-10-01 01:22:50,FAKE_BREAKOUT_RISK,假突破/追高風險：避免追價。,WATCH,746
2026-09-30,8450,WATCH,54,14.3,50以下,0.0,0,佈局觀察,波動壓縮 | 均線收斂 | 接近突破 | 結構尚可,True,False,False,True,False,True,8.0,A,起漲結構強,MA20走平翻揚｜MA5站上MA10｜接近20日高｜40D平台收斂｜短中均線糾結｜40D低點守住｜接近/站回MA60,平台壓縮後轉強，可優先觀察起漲/試單。,v266.57.9,8.0,無原分數欄位｜僅顯示結構前置分數,556.0,8.0,A,續強品質強,回檔不破前低｜低點墊高確認｜收盤守MA5｜回測守MA10｜回檔量縮｜MA5仍在MA10上,回檔承接尚可，若原策略入選，可優先觀察延續。,v266.57.9,7.5,0.55,0.5,GENERIC,測試排序分=原分數+結構前置分*策略權重+續強品質*策略權重；不覆蓋原策略,493.0,5.0,B,突破品質中,收盤接近高點｜突破近5日高｜MA5加速上彎｜短均多頭,突破品質尚可，可列入試單後續確認。,v266.57.9,WATCH,0.55,0.35,0.75,10.95,235.0,最後後處理補寫：原分數+結構前置+續強品質+突破品質；不覆蓋原策略,0.0,,一般,8.979,v266.58.1,2026-10-01 01:22:38,突破中,4,13,準IGNITION,前狀態:觀察→今日:突破中｜狀態跳升｜具備點火條件,READY,v266.60.2,13.529,30.0,32.0,0.0,0.0,21.185,127.0,20/40/60結構佳｜續強品質佳｜主力佈局語意｜狀態升級強｜具升級旗標｜升級標籤｜突破品質輔助,高優先準點火,v266.61,2026-10-01 01:22:44,31.0,洗盤不破承接｜突破品質成立但未過熱｜狀態升級觸發｜狀態轉移轉強,強點火事件,可列入優先追蹤，觀察隔日不破MA5/MA10。,18.77,143,v266.62,2026-10-01 01:22:46,24.0,0.0,40.0,35.0,-16.27,量能安靜｜洗盤整理不破｜主力吸籌文字確認｜狀態轉移剛加速｜狀態剛升級｜假突破/出貨文字風險,v266.68,2026-10-01 01:22:50,FAKE_BREAKOUT_RISK,假突破/追高風險：避免追價。,WATCH,747
2026-09-30,4167,WATCH,54,19.85,50以下,0.0,0,佈局觀察,波動壓縮 | 均線收斂 | 接近突破 | 結構尚可,True,False,False,True,False,True,10.0,A,起漲結構強,20D站上MA20｜MA20走平翻揚｜接近20日高｜40D平台收斂｜短中均線糾結｜40D低點守住｜接近/站回MA60｜MA60不再下彎｜站回60D區間中上,平台壓縮後轉強，可優先觀察起漲/試單。,v266.57.9,10.0,無原分數欄位｜僅顯示結構前置分數,253.0,6.5,B,續強品質中,回檔不破前低｜低點墊高確認｜收盤守MA5｜續強確認：收盤未跌破MA5｜仍站MA20,回檔承接尚可，若原策略入選，可優先觀察延續。,v266.57.9,7.75,0.55,0.5,GENERIC,測試排序分=原分數+結構前置分*策略權重+續強品質*策略權重；不覆蓋原策略,463.0,4.2,B,突破品質中,收盤接近高點｜突破近5日高｜MA5加速上彎,突破品質尚可，可列入試單後續確認。,v266.57.9,WATCH,0.55,0.35,0.75,10.925,238.0,最後後處理補寫：原分數+結構前置+續強品質+突破品質；不覆蓋原策略,0.0,,一般,8.958,v266.58.1,2026-10-01 01:22:38,突破中,4,13,準IGNITION,前狀態:觀察→今日:突破中｜狀態跳升｜具備點火條件,READY,v266.60.2,13.508,30.0,32.0,0.0,0.0,21.183,128.0,20/40/60結構佳｜續強品質佳｜主力佈局語意｜狀態升級強｜具升級旗標｜升級標籤｜突破品質輔助,高優先準點火,v266.61,2026-10-01 01:22:44,31.0,洗盤不破承接｜突破品質成立但未過熱｜狀態升級觸發｜狀態轉移轉強,強點火事件,可列入優先追蹤，觀察隔日不破MA5/MA10。,18.756,144,v266.62,2026-10-01 01:22:46,24.0,0.0,40.0,35.0,-16.27,量能安靜｜洗盤整理不破｜主力吸籌文字確認｜狀態轉移剛加速｜狀態剛升級｜假突破/出貨文字風險,v266.68,2026-10-01 01:22:50,FAKE_BREAKOUT_RISK,假突破/追高風險：避免追價。,WATCH,748
2026-09-30,1570,WATCH,54,33.2,50以下,0.0,0,佈局觀察,波動壓縮 | 均線收斂 | 接近突破 | 結構尚可,True,False,False,True,False,True,8.0,A,起漲結構強,20D站上MA20｜MA5站上MA10｜接近20日高｜40D平台收斂｜短中均線糾結｜40D低點守住｜接近/站回MA60,平台壓縮後轉強，可優先觀察起漲/試單。,v266.57.9,8.0,無原分數欄位｜僅顯示結構前置分數,556.0,7.7,A,續強品質強,回檔不破前低｜低點墊高確認｜收盤守MA5｜續強確認：收盤未跌破MA5｜MA5仍在MA10上｜仍站MA20,回檔承接尚可，若原策略入選，可優先觀察延續。,v266.57.9,7.25,0.55,0.5,GENERIC,測試排序分=原分數+結構前置分*策略權重+續強品質*策略權重；不覆蓋原策略,550.0,5.0,B,突破品質中,收盤接近高點｜突破近5日高｜MA5加速上彎｜短均多頭,突破品質尚可，可列入試單後續確認。,v266.57.9,WATCH,0.55,0.35,0.75,10.845,248.0,最後後處理補寫：原分數+結構前置+續強品質+突破品質；不覆蓋原策略,0.0,,一般,8.893,v266.58.1,2026-10-01 01:22:38,突破中,4,13,準IGNITION,前狀態:觀察→今日:突破中｜狀態跳升｜具備點火條件,READY,v266.60.2,13.443,30.0,32.0,0.0,0.0,21.177,129.0,20/40/60結構佳｜續強品質佳｜主力佈局語意｜狀態升級強｜具升級旗標｜升級標籤｜突破品質輔助,高優先準點火,v266.61,2026-10-01 01:22:44,31.0,洗盤不破承接｜突破品質成立但未過熱｜狀態升級觸發｜狀態轉移轉強,強點火事件,可列入優先追蹤，觀察隔日不破MA5/MA10。,18.71,146,v266.62,2026-10-01 01:22:46,24.0,0.0,40.0,35.0,-16.27,量能安靜｜洗盤整理不破｜主力吸籌文字確認｜狀態轉移剛加速｜狀態剛升級｜假突破/出貨文字風險,v266.68,2026-10-01 01:22:50,FAKE_BREAKOUT_RISK,假突破/追高風險：避免追價。,WATCH,749
2026-09-30,1210,WATCH,54,52.0,50-100,0.0,0,佈局觀察,波動壓縮 | 均線收斂 | 接近突破 | 結構尚可,True,False,False,True,False,True,8.8,A,起漲結構強,接近20日高｜40D平台收斂｜短中均線糾結｜40D低點守住｜近5日量縮｜量縮後溫和放量｜10D動能轉正,平台壓縮後轉強，可優先觀察起漲/試單。,v266.57.9,8.8,無原分數欄位｜僅顯示結構前置分數,522.0,8.0,A,續強品質強,回檔不破前低｜低點墊高確認｜收盤守MA5｜續強確認：收盤未跌破MA5｜回檔量縮｜10D動能維持,回檔承接尚可，若原策略入選，可優先觀察延續。,v266.57.9,7.84,0.55,0.5,GENERIC,測試排序分=原分數+結構前置分*策略權重+續強品質*策略權重；不覆蓋原策略,419.0,4.2,B,突破品質中,紅K實體放大｜收盤接近高點｜量能較前日放大,突破品質尚可，可列入試單後續確認。,v266.57.9,WATCH,0.55,0.35,0.75,10.79,250.0,最後後處理補寫：原分數+結構前置+續強品質+突破品質；不覆蓋原策略,0.0,,一般,8.848,v266.58.1,2026-10-01 01:22:38,突破中,4,13,準IGNITION,前狀態:觀察→今日:突破中｜狀態跳升｜具備點火條件,READY,v266.60.2,13.398,30.0,32.0,0.0,0.0,21.172,130.0,20/40/60結構佳｜續強品質佳｜主力佈局語意｜狀態升級強｜具升級旗標｜升級標籤｜突破品質輔助,高優先準點火,v266.61,2026-10-01 01:22:44,31.0,洗盤不破承接｜突破品質成立但未過熱｜狀態升級觸發｜狀態轉移轉強,強點火事件,可列入優先追蹤，觀察隔日不破MA5/MA10。,18.679,148,v266.62,2026-10-01 01:22:46,24.0,0.0,40.0,35.0,-16.27,量能安靜｜洗盤整理不破｜主力吸籌文字確認｜狀態轉移剛加速｜狀態剛升級｜假突破/出貨文字風險,v266.68,2026-10-01 01:22:50,FAKE_BREAKOUT_RISK,假突破/追高風險：避免追價。,WATCH,750
2026-09-30,1524,WATCH,54,26.1,50以下,0.0,0,佈局觀察,波動壓縮 | 均線收斂 | 接近突破 | 結構尚可,True,False,False,True,False,True,6.8,B,起漲結構中,MA5站上MA10｜40D平台收斂｜短中均線糾結｜40D低點守住｜接近/站回MA60｜10D動能轉正,平台壓縮後轉強，可優先觀察起漲/試單。,v266.57.9,6.8,無原分數欄位｜僅顯示結構前置分數,813.0,9.2,A,續強品質強,回檔不破前低｜低點墊高確認｜收盤守MA5｜續強確認：收盤未跌破MA5｜回檔量縮｜MA5仍在MA10上｜10D動能維持,回檔承接尚可，若原策略入選，可優先觀察延續。,v266.57.9,7.34,0.55,0.5,GENERIC,測試排序分=原分數+結構前置分*策略權重+續強品質*策略權重；不覆蓋原策略,536.0,5.0,B,突破品質中,紅K實體放大｜收盤接近高點｜量能較前日放大｜短均多頭,突破品質尚可，可列入試單後續確認。,v266.57.9,WATCH,0.55,0.35,0.75,10.71,256.0,最後後處理補寫：原分數+結構前置+續強品質+突破品質；不覆蓋原策略,0.0,,一般,8.782,v266.58.1,2026-10-01 01:22:38,突破中,4,13,準IGNITION,前狀態:觀察→今日:突破中｜狀態跳升｜具備點火條件,READY,v266.60.2,13.332,30.0,32.0,0.0,0.0,21.166,131.0,20/40/60結構佳｜續強品質佳｜主力佈局語意｜狀態升級強｜具升級旗標｜升級標籤｜突破品質輔助,高優先準點火,v266.61,2026-10-01 01:22:44,31.0,洗盤不破承接｜突破品質成立但未過熱｜狀態升級觸發｜狀態轉移轉強,強點火事件,可列入優先追蹤，觀察隔日不破MA5/MA10。,18.632,149,v266.62,2026-10-01 01:22:46,24.0,0.0,40.0,35.0,-16.27,量能安靜｜洗盤整理不破｜主力吸籌文字確認｜狀態轉移剛加速｜狀態剛升級｜假突破/出貨文字風險,v266.68,2026-10-01 01:22:50,FAKE_BREAKOUT_RISK,假突破/追高風險：避免追價。,WATCH,751
2026-09-30,1730,BUY,86,51.2,50-100,0.01,10000,主力佈局完成,波動壓縮 | 安靜吸籌 | 均線收斂 | 放量吸收 | 接近突破 | 結構尚可,True,True,False,True,True,True,8.0,A,起漲結構強,接近20日高｜40D平台收斂｜短中均線糾結｜40D低點守住｜接近/站回MA60｜量縮後溫和放量,平台壓縮後轉強，可優先觀察起漲/試單。,v266.57.9,8.0,無原分數欄位｜僅顯示結構前置分數,556.0,6.8,B,續強品質中,回檔不破前低｜低點墊高確認｜收盤守MA5｜回測守MA10｜回檔量縮,回檔承接尚可，若原策略入選，可優先觀察延續。,v266.57.9,6.9,0.55,0.5,GENERIC,測試排序分=原分數+結構前置分*策略權重+續強品質*策略權重；不覆蓋原策略,592.0,5.7,B,突破品質中,紅K實體放大｜收盤接近高點｜量能較前日放大｜突破近5日高,突破品質尚可，可列入試單後續確認。,v266.57.9,GENERIC,0.55,0.5,0.5,10.65,261.0,最後後處理補寫：原分數+結構前置+續強品質+突破品質；不覆蓋原策略,0.0,,一般,8.733,v266.58.1,2026-10-01 01:22:38,突破中,4,13,準IGNITION,前狀態:觀察→今日:突破中｜狀態跳升｜具備點火條件,READY,v266.60.2,13.283,30.0,32.0,0.0,0.0,21.161,134.0,20/40/60結構佳｜續強品質佳｜主力佈局語意｜狀態升級強｜具升級旗標｜升級標籤｜突破品質輔助,高優先準點火,v266.61,2026-10-01 01:22:44,31.0,洗盤不破承接｜突破品質成立但未過熱｜狀態升級觸發｜狀態轉移轉強,強點火事件,可列入優先追蹤，觀察隔日不破MA5/MA10。,18.598,150,v266.62,2026-10-01 01:22:46,24.0,0.0,40.0,35.0,-16.27,量能安靜｜洗盤整理不破｜主力吸籌文字確認｜狀態轉移剛加速｜狀態剛升級｜假突破/出貨文字風險,v266.68,2026-10-01 01:22:50,FAKE_BREAKOUT_RISK,假突破/追高風險：避免追價。,WATCH,752
2026-09-30,2022,WATCH,54,7.33,50以下,0.0,0,佈局觀察,波動壓縮 | 均線收斂 | 接近突破 | 結構尚可,True,False,False,True,False,True,6.6,B,起漲結構中,MA5站上MA10｜40D平台收斂｜短中均線糾結｜接近/站回MA60｜5D動能轉正｜10D動能轉正,平台壓縮後轉強，可優先觀察起漲/試單。,v266.57.9,6.6,無原分數欄位｜僅顯示結構前置分數,822.0,9.2,A,續強品質強,回檔不破前低｜低點墊高確認｜收盤守MA5｜續強確認：收盤未跌破MA5｜回檔量縮｜MA5仍在MA10上｜10D動能維持,回檔承接尚可，若原策略入選，可優先觀察延續。,v266.57.9,7.23,0.55,0.5,GENERIC,測試排序分=原分數+結構前置分*策略權重+續強品質*策略權重；不覆蓋原策略,566.0,5.0,B,突破品質中,紅K實體放大｜收盤接近高點｜MA5加速上彎｜短均多頭,突破品質尚可，可列入試單後續確認。,v266.57.9,WATCH,0.55,0.35,0.75,10.6,264.0,最後後處理補寫：原分數+結構前置+續強品質+突破品質；不覆蓋原策略,0.0,,一般,8.692,v266.58.1,2026-10-01 01:22:38,突破中,4,13,準IGNITION,前狀態:觀察→今日:突破中｜狀態跳升｜具備點火條件,READY,v266.60.2,13.242,30.0,32.0,0.0,0.0,21.157,135.0,20/40/60結構佳｜續強品質佳｜主力佈局語意｜狀態升級強｜具升級旗標｜升級標籤｜突破品質輔助,高優先準點火,v266.61,2026-10-01 01:22:44,31.0,洗盤不破承接｜突破品質成立但未過熱｜狀態升級觸發｜狀態轉移轉強,強點火事件,可列入優先追蹤，觀察隔日不破MA5/MA10。,18.569,152,v266.62,2026-10-01 01:22:46,24.0,0.0,40.0,35.0,-16.27,量能安靜｜洗盤整理不破｜主力吸籌文字確認｜狀態轉移剛加速｜狀態剛升級｜假突破/出貨文字風險,v266.68,2026-10-01 01:22:50,FAKE_BREAKOUT_RISK,假突破/追高風險：避免追價。,WATCH,753
2026-09-30,2024,WATCH,54,12.9,50以下,0.0,0,佈局觀察,波動壓縮 | 均線收斂 | 接近突破 | 結構尚可,True,False,False,True,False,True,7.0,B,起漲結構中,40D平台收斂｜短中均線糾結｜40D低點守住｜近5日量縮｜量縮後溫和放量,平台壓縮後轉強，可優先觀察起漲/試單。,v266.57.9,7.0,無原分數欄位｜僅顯示結構前置分數,710.0,7.0,A,續強品質強,回檔不破前低｜低點墊高確認｜收盤守MA5｜續強確認：收盤未跌破MA5｜回檔量縮,回檔承接尚可，若原策略入選，可優先觀察延續。,v266.57.9,6.35,0.55,0.5,GENERIC,測試排序分=原分數+結構前置分*策略權重+續強品質*策略權重；不覆蓋原策略,693.0,5.7,B,突破品質中,紅K實體放大｜收盤接近高點｜量能較前日放大｜突破近5日高,突破品質尚可，可列入試單後續確認。,v266.57.9,WATCH,0.55,0.35,0.75,10.575,268.0,最後後處理補寫：原分數+結構前置+續強品質+突破品質；不覆蓋原策略,0.0,,一般,8.671,v266.58.1,2026-10-01 01:22:38,突破中,4,13,準IGNITION,前狀態:觀察→今日:突破中｜狀態跳升｜具備點火條件,READY,v266.60.2,13.221,30.0,32.0,0.0,0.0,21.155,136.0,20/40/60結構佳｜續強品質佳｜主力佈局語意｜狀態升級強｜具升級旗標｜升級標籤｜突破品質輔助,高優先準點火,v266.61,2026-10-01 01:22:44,31.0,洗盤不破承接｜突破品質成立但未過熱｜狀態升級觸發｜狀態轉移轉強,強點火事件,可列入優先追蹤，觀察隔日不破MA5/MA10。,18.555,153,v266.62,2026-10-01 01:22:46,24.0,0.0,40.0,35.0,-16.27,量能安靜｜洗盤整理不破｜主力吸籌文字確認｜狀態轉移剛加速｜狀態剛升級｜假突破/出貨文字風險,v266.68,2026-10-01 01:22:50,FAKE_BREAKOUT_RISK,假突破/追高風險：避免追價。,WATCH,754
2026-09-30,2748,WATCH,54,38.8,50以下,0.0,0,佈局觀察,波動壓縮 | 均線收斂 | 接近突破 | 結構尚可,True,False,False,True,False,True,9.0,A,起漲結構強,MA20走平翻揚｜接近20日高｜40D平台收斂｜短中均線糾結｜40D低點守住｜接近/站回MA60｜MA60不再下彎｜近5日量縮,平台壓縮後轉強，可優先觀察起漲/試單。,v266.57.9,9.0,無原分數欄位｜僅顯示結構前置分數,391.0,7.0,A,續強品質強,回檔不破前低｜低點墊高確認｜收盤守MA5｜續強確認：收盤未跌破MA5｜回檔量縮,回檔承接尚可，若原策略入選，可優先觀察延續。,v266.57.9,7.45,0.55,0.5,GENERIC,測試排序分=原分數+結構前置分*策略權重+續強品質*策略權重；不覆蓋原策略,503.0,4.2,B,突破品質中,紅K實體放大｜收盤接近高點｜量能較前日放大,突破品質尚可，可列入試單後續確認。,v266.57.9,WATCH,0.55,0.35,0.75,10.55,270.0,最後後處理補寫：原分數+結構前置+續強品質+突破品質；不覆蓋原策略,0.0,,一般,8.651,v266.58.1,2026-10-01 01:22:38,突破中,4,13,準IGNITION,前狀態:觀察→今日:突破中｜狀態跳升｜具備點火條件,READY,v266.60.2,13.201,30.0,32.0,0.0,0.0,21.153,137.0,20/40/60結構佳｜續強品質佳｜主力佈局語意｜狀態升級強｜具升級旗標｜升級標籤｜突破品質輔助,高優先準點火,v266.61,2026-10-01 01:22:44,31.0,洗盤不破承接｜突破品質成立但未過熱｜狀態升級觸發｜狀態轉移轉強,強點火事件,可列入優先追蹤，觀察隔日不破MA5/MA10。,18.541,154,v266.62,2026-10-01 01:22:46,24.0,0.0,40.0,35.0,-16.27,量能安靜｜洗盤整理不破｜主力吸籌文字確認｜狀態轉移剛加速｜狀態剛升級｜假突破/出貨文字風險,v266.68,2026-10-01 01:22:50,FAKE_BREAKOUT_RISK,假突破/追高風險：避免追價。,WATCH,755
2026-09-30,4106,WATCH,54,24.35,50以下,0.0,0,佈局觀察,波動壓縮 | 均線收斂 | 接近突破 | 結構尚可,True,False,False,True,False,True,9.0,A,起漲結構強,接近20日高｜40D平台收斂｜短中均線糾結｜40D低點守住｜接近/站回MA60｜MA60不再下彎｜站回60D區間中上｜近5日量縮,平台壓縮後轉強，可優先觀察起漲/試單。,v266.57.9,9.0,無原分數欄位｜僅顯示結構前置分數,391.0,7.0,A,續強品質強,回檔不破前低｜低點墊高確認｜收盤守MA5｜續強確認：收盤未跌破MA5｜回檔量縮,回檔承接尚可，若原策略入選，可優先觀察延續。,v266.57.9,7.45,0.55,0.5,GENERIC,測試排序分=原分數+結構前置分*策略權重+續強品質*策略權重；不覆蓋原策略,503.0,4.2,B,突破品質中,紅K實體放大｜收盤接近高點｜量能較前日放大,突破品質尚可，可列入試單後續確認。,v266.57.9,WATCH,0.55,0.35,0.75,10.55,270.0,最後後處理補寫：原分數+結構前置+續強品質+突破品質；不覆蓋原策略,0.0,,一般,8.651,v266.58.1,2026-10-01 01:22:38,突破中,4,13,準IGNITION,前狀態:觀察→今日:突破中｜狀態跳升｜具備點火條件,READY,v266.60.2,13.201,30.0,32.0,0.0,0.0,21.153,137.0,20/40/60結構佳｜續強品質佳｜主力佈局語意｜狀態升級強｜具升級旗標｜升級標籤｜突破品質輔助,高優先準點火,v266.61,2026-10-01 01:22:44,31.0,洗盤不破承接｜突破品質成立但未過熱｜狀態升級觸發｜狀態轉移轉強,強點火事件,可列入優先追蹤，觀察隔日不破MA5/MA10。,18.541,155,v266.62,2026-10-01 01:22:46,24.0,0.0,40.0,35.0,-16.27,量能安靜｜洗盤整理不破｜主力吸籌文字確認｜狀態轉移剛加速｜狀態剛升級｜假突破/出貨文字風險,v266.68,2026-10-01 01:22:50,FAKE_BREAKOUT_RISK,假突破/追高風險：避免追價。,WATCH,756
2026-09-30,4577,WATCH,54,92.4,50-100,0.0,0,佈局觀察,波動壓縮 | 均線收斂 | 接近突破 | 結構尚可,True,False,False,True,False,True,10.0,A,起漲結構強,20D站上MA20｜MA20走平翻揚｜接近20日高｜40D平台收斂｜短中均線糾結｜40D低點守住｜接近/站回MA60｜MA60不再下彎｜站回60D區間中上,平台壓縮後轉強，可優先觀察起漲/試單。,v266.57.9,10.0,無原分數欄位｜僅顯示結構前置分數,253.0,6.5,B,續強品質中,回檔不破前低｜低點墊高確認｜收盤守MA5｜續強確認：收盤未跌破MA5｜仍站MA20,回檔承接尚可，若原策略入選，可優先觀察延續。,v266.57.9,7.75,0.55,0.5,GENERIC,測試排序分=原分數+結構前置分*策略權重+續強品質*策略權重；不覆蓋原策略,463.0,4.2,B,突破品質中,收盤接近高點｜突破近5日高｜MA5加速上彎,突破品質尚可，可列入試單後續確認。,v266.57.9,WATCH,0.55,0.35,0.75,10.925,238.0,最後後處理補寫：原分數+結構前置+續強品質+突破品質；不覆蓋原策略,0.0,,一般,8.958,v266.58.1,2026-10-01 01:22:38,突破中,4,12,準IGNITION,前狀態:突破中→今日:突破中｜強狀態維持｜強狀態連續維持｜具備點火條件,READY,v266.60.2,13.158,30.0,32.0,0.0,0.0,21.166,131.0,20/40/60結構佳｜續強品質佳｜主力佈局語意｜狀態升級強｜具升級旗標｜升級標籤｜突破品質輔助,高優先準點火,v266.61,2026-10-01 01:22:44,31.0,洗盤不破承接｜突破品質成立但未過熱｜狀態升級觸發｜狀態轉移轉強,強點火事件,可列入優先追蹤，觀察隔日不破MA5/MA10。,18.511,156,v266.62,2026-10-01 01:22:46,24.0,0.0,40.0,35.0,-16.27,量能安靜｜洗盤整理不破｜主力吸籌文字確認｜狀態轉移剛加速｜狀態剛升級｜假突破/出貨文字風險,v266.68,2026-10-01 01:22:50,FAKE_BREAKOUT_RISK,假突破/追高風險：避免追價。,WATCH,757
2026-09-30,5460,WATCH,54,17.15,50以下,0.0,0,佈局觀察,波動壓縮 | 均線收斂 | 接近突破 | 結構尚可,True,False,False,True,False,True,9.0,A,起漲結構強,20D站上MA20｜MA20走平翻揚｜40D平台收斂｜短中均線糾結｜40D低點守住｜接近/站回MA60｜MA60不再下彎｜站回60D區間中上,平台壓縮後轉強，可優先觀察起漲/試單。,v266.57.9,9.0,無原分數欄位｜僅顯示結構前置分數,391.0,8.0,A,續強品質強,回檔不破前低｜低點墊高確認｜收盤守MA5｜續強確認：收盤未跌破MA5｜回檔量縮｜仍站MA20,回檔承接尚可，若原策略入選，可優先觀察延續。,v266.57.9,7.95,0.55,0.5,GENERIC,測試排序分=原分數+結構前置分*策略權重+續強品質*策略權重；不覆蓋原策略,387.0,4.2,B,突破品質中,收盤接近高點｜突破近5日高｜MA5加速上彎,突破品質尚可，可列入試單後續確認。,v266.57.9,WATCH,0.55,0.35,0.75,10.9,242.0,最後後處理補寫：原分數+結構前置+續強品質+突破品質；不覆蓋原策略,0.0,,一般,8.938,v266.58.1,2026-10-01 01:22:38,突破中,4,12,準IGNITION,前狀態:突破中→今日:突破中｜強狀態維持｜強狀態連續維持｜具備點火條件,READY,v266.60.2,13.138,30.0,32.0,0.0,0.0,21.164,133.0,20/40/60結構佳｜續強品質佳｜主力佈局語意｜狀態升級強｜具升級旗標｜升級標籤｜突破品質輔助,高優先準點火,v266.61,2026-10-01 01:22:44,31.0,洗盤不破承接｜突破品質成立但未過熱｜狀態升級觸發｜狀態轉移轉強,強點火事件,可列入優先追蹤，觀察隔日不破MA5/MA10。,18.497,157,v266.62,2026-10-01 01:22:46,24.0,0.0,40.0,35.0,-16.27,量能安靜｜洗盤整理不破｜主力吸籌文字確認｜狀態轉移剛加速｜狀態剛升級｜假突破/出貨文字風險,v266.68,2026-10-01 01:22:50,FAKE_BREAKOUT_RISK,假突破/追高風險：避免追價。,WATCH,758
2026-09-30,4729,WATCH,54,20.65,50以下,0.0,0,佈局觀察,安靜吸籌 | 均線收斂 | 接近突破 | 結構尚可,False,True,False,True,False,True,9.0,A,起漲結構強,20D站上MA20｜MA20走平翻揚｜接近20日高｜40D平台收斂｜短中均線糾結｜40D低點守住｜接近/站回MA60｜站回60D區間中上,平台壓縮後轉強，可優先觀察起漲/試單。,v266.57.9,9.0,無原分數欄位｜僅顯示結構前置分數,391.0,6.5,B,續強品質中,回檔不破前低｜低點墊高確認｜收盤守MA5｜續強確認：收盤未跌破MA5｜仍站MA20,回檔承接尚可，若原策略入選，可優先觀察延續。,v266.57.9,7.2,0.55,0.5,GENERIC,測試排序分=原分數+結構前置分*策略權重+續強品質*策略權重；不覆蓋原策略,568.0,4.2,B,突破品質中,收盤接近高點｜突破近5日高｜MA5加速上彎,突破品質尚可，可列入試單後續確認。,v266.57.9,WATCH,0.55,0.35,0.75,10.375,294.0,最後後處理補寫：原分數+結構前置+續強品質+突破品質；不覆蓋原策略,0.0,,一般,8.508,v266.58.1,2026-10-01 01:22:38,突破中,4,13,準IGNITION,前狀態:觀察→今日:突破中｜狀態跳升｜具備點火條件,READY,v266.60.2,13.058,30.0,32.0,0.0,0.0,21.138,140.0,20/40/60結構佳｜續強品質佳｜主力佈局語意｜狀態升級強｜具升級旗標｜升級標籤｜突破品質輔助,高優先準點火,v266.61,2026-10-01 01:22:44,31.0,洗盤不破承接｜突破品質成立但未過熱｜狀態升級觸發｜狀態轉移轉強,強點火事件,可列入優先追蹤，觀察隔日不破MA5/MA10。,18.441,158,v266.62,2026-10-01 01:22:46,24.0,0.0,40.0,35.0,-16.27,量能安靜｜洗盤整理不破｜主力吸籌文字確認｜狀態轉移剛加速｜狀態剛升級｜假突破/出貨文字風險,v266.68,2026-10-01 01:22:50,FAKE_BREAKOUT_RISK,假突破/追高風險：避免追價。,WATCH,759
2026-09-30,6180,WATCH,54,41.4,50以下,0.0,0,佈局觀察,波動壓縮 | 均線收斂 | 接近突破 | 結構尚可,True,False,False,True,False,True,8.0,A,起漲結構強,20D站上MA20｜MA20走平翻揚｜接近20日高｜40D平台收斂｜短中均線糾結｜40D低點守住｜接近/站回MA60,平台壓縮後轉強，可優先觀察起漲/試單。,v266.57.9,8.0,無原分數欄位｜僅顯示結構前置分數,556.0,8.0,A,續強品質強,回檔不破前低｜低點墊高確認｜收盤守MA5｜續強確認：收盤未跌破MA5｜回檔量縮｜仍站MA20,回檔承接尚可，若原策略入選，可優先觀察延續。,v266.57.9,7.4,0.55,0.5,GENERIC,測試排序分=原分數+結構前置分*策略權重+續強品質*策略權重；不覆蓋原策略,521.0,4.2,B,突破品質中,收盤接近高點｜突破近5日高｜MA5加速上彎,突破品質尚可，可列入試單後續確認。,v266.57.9,WATCH,0.55,0.35,0.75,10.35,296.0,最後後處理補寫：原分數+結構前置+續強品質+突破品質；不覆蓋原策略,0.0,,一般,8.487,v266.58.1,2026-10-01 01:22:38,突破中,4,13,準IGNITION,前狀態:觀察→今日:突破中｜狀態跳升｜具備點火條件,READY,v266.60.2,13.037,30.0,32.0,0.0,0.0,21.136,141.0,20/40/60結構佳｜續強品質佳｜主力佈局語意｜狀態升級強｜具升級旗標｜升級標籤｜突破品質輔助,高優先準點火,v266.61,2026-10-01 01:22:44,31.0,洗盤不破承接｜突破品質成立但未過熱｜狀態升級觸發｜狀態轉移轉強,強點火事件,可列入優先追蹤，觀察隔日不破MA5/MA10。,18.426,159,v266.62,2026-10-01 01:22:46,24.0,0.0,40.0,35.0,-16.27,量能安靜｜洗盤整理不破｜主力吸籌文字確認｜狀態轉移剛加速｜狀態剛升級｜假突破/出貨文字風險,v266.68,2026-10-01 01:22:50,FAKE_BREAKOUT_RISK,假突破/追高風險：避免追價。,WATCH,760
2026-09-30,1236,WATCH,54,25.45,50以下,0.0,0,佈局觀察,波動壓縮 | 均線收斂 | 接近突破 | 結構尚可,True,False,False,True,False,True,9.0,A,起漲結構強,接近20日高｜40D平台收斂｜短中均線糾結｜40D低點守住｜接近/站回MA60｜MA60不再下彎｜站回60D區間中上｜近5日量縮,平台壓縮後轉強，可優先觀察起漲/試單。,v266.57.9,9.0,無原分數欄位｜僅顯示結構前置分數,391.0,5.5,B,續強品質中,回檔不破前低｜低點墊高確認｜收盤守MA5｜續強確認：收盤未跌破MA5,回檔承接尚可，若原策略入選，可優先觀察延續。,v266.57.9,6.7,0.55,0.5,GENERIC,測試排序分=原分數+結構前置分*策略權重+續強品質*策略權重；不覆蓋原策略,643.0,4.2,B,突破品質中,紅K實體放大｜收盤接近高點｜量能較前日放大,突破品質尚可，可列入試單後續確認。,v266.57.9,WATCH,0.55,0.35,0.75,10.025,315.0,最後後處理補寫：原分數+結構前置+續強品質+突破品質；不覆蓋原策略,0.0,,一般,8.22,v266.58.1,2026-10-01 01:22:38,突破中,4,13,準IGNITION,前狀態:觀察→今日:突破中｜狀態跳升｜具備點火條件,READY,v266.60.2,12.77,30.0,32.0,0.0,0.0,21.11,145.0,20/40/60結構佳｜續強品質佳｜主力佈局語意｜狀態升級強｜具升級旗標｜升級標籤｜突破品質輔助,高優先準點火,v266.61,2026-10-01 01:22:44,31.0,洗盤不破承接｜突破品質成立但未過熱｜狀態升級觸發｜狀態轉移轉強,強點火事件,可列入優先追蹤，觀察隔日不破MA5/MA10。,18.239,160,v266.62,2026-10-01 01:22:46,24.0,0.0,40.0,35.0,-16.27,量能安靜｜洗盤整理不破｜主力吸籌文字確認｜狀態轉移剛加速｜狀態剛升級｜假突破/出貨文字風險,v266.68,2026-10-01 01:22:50,FAKE_BREAKOUT_RISK,假突破/追高風險：避免追價。,WATCH,761
2026-09-30,9939,BUY,100,126.0,100-500,0.01,10000,主力佈局完成,波動壓縮 | 安靜吸籌 | 洗盤收回 | 均線收斂 | 放量吸收 | 接近突破 | 結構尚可,True,True,True,True,True,True,8.0,A,起漲結構強,40D平台收斂｜短中均線糾結｜40D低點守住｜接近/站回MA60｜MA60不再下彎｜量縮後溫和放量,平台壓縮後轉強，可優先觀察起漲/試單。,v266.57.9,8.0,無原分數欄位｜僅顯示結構前置分數,556.0,5.5,B,續強品質中,回檔不破前低｜低點墊高確認｜收盤守MA5｜續強確認：收盤未跌破MA5,回檔承接尚可，若原策略入選，可優先觀察延續。,v266.57.9,6.15,0.55,0.5,GENERIC,測試排序分=原分數+結構前置分*策略權重+續強品質*策略權重；不覆蓋原策略,729.0,5.7,B,突破品質中,紅K實體放大｜收盤接近高點｜量能較前日放大｜突破近5日高,突破品質尚可，可列入試單後續確認。,v266.57.9,GENERIC,0.55,0.5,0.5,10.0,323.0,最後後處理補寫：原分數+結構前置+續強品質+突破品質；不覆蓋原策略,0.0,,一般,8.2,v266.58.1,2026-10-01 01:22:38,突破中,4,13,準IGNITION,前狀態:觀察→今日:突破中｜狀態跳升｜具備點火條件,READY,v266.60.2,12.75,30.0,32.0,0.0,0.0,21.108,146.0,20/40/60結構佳｜續強品質佳｜主力佈局語意｜狀態升級強｜具升級旗標｜升級標籤｜突破品質輔助,高優先準點火,v266.61,2026-10-01 01:22:44,31.0,洗盤不破承接｜突破品質成立但未過熱｜狀態升級觸發｜狀態轉移轉強,強點火事件,可列入優先追蹤，觀察隔日不破MA5/MA10。,18.225,161,v266.62,2026-10-01 01:22:46,24.0,0.0,40.0,35.0,-16.27,量能安靜｜洗盤整理不破｜主力吸籌文字確認｜狀態轉移剛加速｜狀態剛升級｜假突破/出貨文字風險,v266.68,2026-10-01 01:22:50,FAKE_BREAKOUT_RISK,假突破/追高風險：避免追價。,WATCH,762
2026-09-30,8429,BUY,86,5.91,50以下,0.01,10000,主力佈局完成,波動壓縮 | 安靜吸籌 | 均線收斂 | 放量吸收 | 接近突破 | 結構尚可,True,True,False,True,True,True,8.0,A,起漲結構強,接近20日高｜40D平台收斂｜短中均線糾結｜40D低點守住｜接近/站回MA60｜量縮後溫和放量,平台壓縮後轉強，可優先觀察起漲/試單。,v266.57.9,8.0,無原分數欄位｜僅顯示結構前置分數,556.0,5.5,B,續強品質中,回檔不破前低｜低點墊高確認｜收盤守MA5｜續強確認：收盤未跌破MA5,回檔承接尚可，若原策略入選，可優先觀察延續。,v266.57.9,6.15,0.55,0.5,GENERIC,測試排序分=原分數+結構前置分*策略權重+續強品質*策略權重；不覆蓋原策略,729.0,4.2,B,突破品質中,紅K實體放大｜收盤接近高點｜量能較前日放大,突破品質尚可，可列入試單後續確認。,v266.57.9,GENERIC,0.55,0.5,0.5,9.25,437.0,最後後處理補寫：原分數+結構前置+續強品質+突破品質；不覆蓋原策略,0.0,,一般,7.585,v266.58.1,2026-10-01 01:22:38,突破中,4,13,準IGNITION,前狀態:觀察→今日:突破中｜狀態跳升｜具備點火條件,READY,v266.60.2,12.135,30.0,32.0,0.0,0.0,21.046,151.0,20/40/60結構佳｜續強品質佳｜主力佈局語意｜狀態升級強｜具升級旗標｜升級標籤｜突破品質輔助,高優先準點火,v266.61,2026-10-01 01:22:44,31.0,洗盤不破承接｜突破品質成立但未過熱｜狀態升級觸發｜狀態轉移轉強,強點火事件,可列入優先追蹤，觀察隔日不破MA5/MA10。,17.794,162,v266.62,2026-10-01 01:22:46,24.0,0.0,40.0,35.0,-16.27,量能安靜｜洗盤整理不破｜主力吸籌文字確認｜狀態轉移剛加速｜狀態剛升級｜假突破/出貨文字風險,v266.68,2026-10-01 01:22:50,FAKE_BREAKOUT_RISK,假突破/追高風險：避免追價。,WATCH,763
2026-09-30,1316,WATCH,54,10.7,50以下,0.0,0,佈局觀察,波動壓縮 | 均線收斂 | 接近突破 | 結構尚可,True,False,False,True,False,True,7.0,B,起漲結構中,40D平台收斂｜短中均線糾結｜40D低點守住｜接近/站回MA60｜MA60不再下彎｜近5日量縮,平台壓縮後轉強，可優先觀察起漲/試單。,v266.57.9,7.0,無原分數欄位｜僅顯示結構前置分數,710.0,5.5,B,續強品質中,回檔不破前低｜低點墊高確認｜收盤守MA5｜續強確認：收盤未跌破MA5,回檔承接尚可，若原策略入選，可優先觀察延續。,v266.57.9,5.6,0.55,0.5,GENERIC,測試排序分=原分數+結構前置分*策略權重+續強品質*策略權重；不覆蓋原策略,802.0,4.2,B,突破品質中,紅K實體放大｜收盤接近高點｜量能較前日放大,突破品質尚可，可列入試單後續確認。,v266.57.9,WATCH,0.55,0.35,0.75,8.925,467.0,最後後處理補寫：原分數+結構前置+續強品質+突破品質；不覆蓋原策略,0.0,,一般,7.318,v266.58.1,2026-10-01 01:22:38,突破中,4,13,準IGNITION,前狀態:觀察→今日:突破中｜狀態跳升｜具備點火條件,READY,v266.60.2,11.868,30.0,32.0,0.0,0.0,21.019,154.0,20/40/60結構佳｜續強品質佳｜主力佈局語意｜狀態升級強｜具升級旗標｜升級標籤｜突破品質輔助,高優先準點火,v266.61,2026-10-01 01:22:44,31.0,洗盤不破承接｜突破品質成立但未過熱｜狀態升級觸發｜狀態轉移轉強,強點火事件,可列入優先追蹤，觀察隔日不破MA5/MA10。,17.608,164,v266.62,2026-10-01 01:22:46,24.0,0.0,40.0,35.0,-16.27,量能安靜｜洗盤整理不破｜主力吸籌文字確認｜狀態轉移剛加速｜狀態剛升級｜假突破/出貨文字風險,v266.68,2026-10-01 01:22:50,FAKE_BREAKOUT_RISK,假突破/追高風險：避免追價。,WATCH,764
2026-09-30,2616,WATCH,54,13.3,50以下,0.0,0,佈局觀察,波動壓縮 | 均線收斂 | 接近突破 | 結構尚可,True,False,False,True,False,True,7.0,B,起漲結構中,接近20日高｜40D平台收斂｜短中均線糾結｜40D低點守住｜接近/站回MA60｜MA60不再下彎,平台壓縮後轉強，可優先觀察起漲/試單。,v266.57.9,7.0,無原分數欄位｜僅顯示結構前置分數,710.0,5.5,B,續強品質中,回檔不破前低｜低點墊高確認｜收盤守MA5｜續強確認：收盤未跌破MA5,回檔承接尚可，若原策略入選，可優先觀察延續。,v266.57.9,5.6,0.55,0.5,GENERIC,測試排序分=原分數+結構前置分*策略權重+續強品質*策略權重；不覆蓋原策略,802.0,4.2,B,突破品質中,紅K實體放大｜收盤接近高點｜量能較前日放大,突破品質尚可，可列入試單後續確認。,v266.57.9,WATCH,0.55,0.35,0.75,8.925,467.0,最後後處理補寫：原分數+結構前置+續強品質+突破品質；不覆蓋原策略,0.0,,一般,7.318,v266.58.1,2026-10-01 01:22:38,突破中,4,13,準IGNITION,前狀態:觀察→今日:突破中｜狀態跳升｜具備點火條件,READY,v266.60.2,11.868,30.0,32.0,0.0,0.0,21.019,154.0,20/40/60結構佳｜續強品質佳｜主力佈局語意｜狀態升級強｜具升級旗標｜升級標籤｜突破品質輔助,高優先準點火,v266.61,2026-10-01 01:22:44,31.0,洗盤不破承接｜突破品質成立但未過熱｜狀態升級觸發｜狀態轉移轉強,強點火事件,可列入優先追蹤，觀察隔日不破MA5/MA10。,17.608,165,v266.62,2026-10-01 01:22:46,24.0,0.0,40.0,35.0,-16.27,量能安靜｜洗盤整理不破｜主力吸籌文字確認｜狀態轉移剛加速｜狀態剛升級｜假突破/出貨文字風險,v266.68,2026-10-01 01:22:50,FAKE_BREAKOUT_RISK,假突破/追高風險：避免追價。,WATCH,765
2026-09-30,6142,WATCH,54,9.44,50以下,0.0,0,佈局觀察,波動壓縮 | 均線收斂 | 接近突破 | 結構尚可,True,False,False,True,False,True,9.1,A,起漲結構強,20D站上MA20｜MA20走平翻揚｜MA5站上MA10｜接近20日高｜40D平台收斂｜短中均線糾結｜40D低點守住｜接近/站回MA60｜5D動能轉正｜10D動能轉正｜扣分:單日爆量偏高,平台壓縮後轉強，可優先觀察起漲/試單。,v266.57.9,7.1,無原分數欄位｜僅顯示結構前置分數,708.0,8.7,A,續強品質強,回檔不破前低｜低點墊高確認｜收盤守MA5｜續強確認：收盤未跌破MA5｜MA5仍在MA10上｜仍站MA20｜10D動能維持,回檔承接尚可，若原策略入選，可優先觀察延續。,v266.57.9,6.505,0.55,0.5,GENERIC,測試排序分=原分數+結構前置分*策略權重+續強品質*策略權重；不覆蓋原策略,680.0,5.0,B,突破品質中,紅K實體放大｜突破近5日高｜MA5加速上彎｜短均多頭,突破品質尚可，可列入試單後續確認。,v266.57.9,WATCH,0.55,0.35,0.75,11.8,172.0,最後後處理補寫：原分數+結構前置+續強品質+突破品質；不覆蓋原策略,0.0,,一般,9.676,v266.58.1,2026-10-01 01:22:38,突破中,4,13,準IGNITION,前狀態:出貨疑慮→今日:突破中｜狀態跳升｜具備點火條件,READY,v266.60.2,14.226,30.0,32.0,0.0,0.0,21.255,114.0,20/40/60結構佳｜續強品質佳｜主力佈局語意｜狀態升級強｜具升級旗標｜升級標籤｜突破品質輔助,高優先準點火,v266.61,2026-10-01 01:22:44,19.0,洗盤不破承接｜突破品質成立但未過熱｜狀態升級觸發｜狀態轉移轉強｜假突破/出貨風險扣分,準點火事件,具備起漲條件，可放入TEST/準IGNITION觀察。,15.658,337,v266.62,2026-10-01 01:22:46,24.0,0.0,40.0,35.0,-16.99,量能安靜｜洗盤整理不破｜主力吸籌文字確認｜狀態轉移剛加速｜狀態剛升級｜假突破/出貨文字風險,v266.68,2026-10-01 01:22:50,FAKE_BREAKOUT_RISK,假突破/追高風險：避免追價。,WATCH,766
2026-09-30,2429,TEST,66,30.95,50以下,0.005,5000,佈局高機率,波動壓縮 | 安靜吸籌 | 均線收斂 | 放量吸收,True,True,False,True,True,False,4.8,C,結構觀察,40D平台收斂｜短中均線糾結｜40D低點守住｜10D動能轉正,結構證據不足，保留原策略但降低信心。,v266.57.9,4.8,無原分數欄位｜僅顯示結構前置分數,929.0,6.5,B,續強品質中,回檔不破前低｜低點墊高確認｜收盤守MA5｜續強確認：收盤未跌破MA5｜10D動能維持,回檔承接尚可，若原策略入選，可優先觀察延續。,v266.57.9,4.89,0.55,0.5,GENERIC,測試排序分=原分數+結構前置分*策略權重+續強品質*策略權重；不覆蓋原策略,889.0,4.2,B,突破品質中,紅K實體放大｜收盤接近高點｜量能較前日放大,突破品質尚可，可列入試單後續確認。,v266.57.9,TEST,0.8,0.5,0.9,10.87,244.0,最後後處理補寫：原分數+結構前置+續強品質+突破品質；不覆蓋原策略,0.0,,一般,8.913,v266.58.1,2026-10-01 01:22:38,突破中,4,13,準IGNITION,前狀態:出貨疑慮→今日:突破中｜狀態跳升｜具備點火條件,READY,v266.60.2,13.463,8.0,32.0,0.0,0.0,13.479,405.0,續強品質佳｜狀態升級強｜具升級旗標｜升級標籤｜突破品質輔助,主力佈局優先,v266.61,2026-10-01 01:22:44,19.0,洗盤不破承接｜突破品質成立但未過熱｜狀態升級觸發｜狀態轉移轉強｜假突破/出貨風險扣分,準點火事件,具備起漲條件，可放入TEST/準IGNITION觀察。,15.124,382,v266.62,2026-10-01 01:22:46,24.0,0.0,40.0,35.0,-16.99,量能安靜｜洗盤整理不破｜主力吸籌文字確認｜狀態轉移剛加速｜狀態剛升級｜假突破/出貨文字風險,v266.68,2026-10-01 01:22:50,FAKE_BREAKOUT_RISK,假突破/追高風險：避免追價。,WATCH,767
2026-09-30,6799,TEST,70,91.7,50-100,0.005,5000,佈局高機率,波動壓縮 | 安靜吸籌 | 放量吸收 | 接近突破 | 結構尚可,True,True,False,False,True,True,11.6,A,起漲結構強,20D站上MA20｜MA20走平翻揚｜MA5站上MA10｜接近20日高｜40D平台收斂｜短中均線糾結｜40D低點守住｜接近/站回MA60｜站回60D區間中上｜5D動能轉正｜10D動能轉正,平台壓縮後轉強，可優先觀察起漲/試單。,v266.57.9,11.6,無原分數欄位｜僅顯示結構前置分數,97.0,6.5,B,續強品質中,回檔不破前低｜低點墊高確認｜收盤守MA5｜續強確認：收盤未跌破MA5｜MA5仍在MA10上｜仍站MA20｜10D動能維持｜扣分:回檔量放大、接近20日高且短線過熱,回檔承接尚可，若原策略入選，可優先觀察延續。,v266.57.9,8.63,0.55,0.5,GENERIC,測試排序分=原分數+結構前置分*策略權重+續強品質*策略權重；不覆蓋原策略,262.0,3.5,C,突破觀察,收盤接近高點｜MA5加速上彎｜短均多頭,有轉強跡象，但突破品質尚未完全成立。,v266.57.9,TEST,0.8,0.5,0.9,15.68,38.0,最後後處理補寫：原分數+結構前置+續強品質+突破品質；不覆蓋原策略,0.0,,一般,12.858,v266.58.1,2026-10-01 01:22:38,突破中,4,13,準IGNITION,前狀態:出貨疑慮→今日:突破中｜狀態跳升｜具備點火條件,READY,v266.60.2,17.408,30.0,32.0,0.0,15.0,14.673,402.0,20/40/60結構佳｜續強品質佳｜主力佈局語意｜狀態升級強｜具升級旗標｜升級標籤｜風險語意扣分,過熱降權,v266.61,2026-10-01 01:22:44,12.0,洗盤不破承接｜狀態升級觸發｜狀態轉移轉強｜假突破/出貨風險扣分,早期轉強事件,偏早期，可列入WATCH等待二次確認。,15.786,319,v266.62,2026-10-01 01:22:46,24.0,0.0,40.0,35.0,-17.41,量能安靜｜洗盤整理不破｜主力吸籌文字確認｜狀態轉移剛加速｜狀態剛升級｜假突破/出貨文字風險,v266.68,2026-10-01 01:22:50,FAKE_BREAKOUT_RISK,假突破/追高風險：避免追價。,WATCH,768
2026-09-30,7822,BUY,80,998.0,500-1000,0.01,10000,主力佈局完成,波動壓縮 | 安靜吸籌 | 均線收斂 | 放量吸收 | 接近突破,True,True,False,True,True,True,10.6,A,起漲結構強,20D站上MA20｜MA20走平翻揚｜MA5站上MA10｜接近20日高｜40D平台收斂｜短中均線糾結｜40D低點守住｜接近/站回MA60｜站回60D區間中上｜5D動能轉正｜10D動能轉正｜扣分:長上影壓力,平台壓縮後轉強，可優先觀察起漲/試單。,v266.57.9,9.6,無原分數欄位｜僅顯示結構前置分數,365.0,7.7,A,續強品質強,回檔不破前低｜低點墊高確認｜收盤守MA5｜續強確認：收盤未跌破MA5｜MA5仍在MA10上｜仍站MA20｜10D動能維持｜扣分:長上影壓力,回檔承接尚可，若原策略入選，可優先觀察延續。,v266.57.9,7.88,0.55,0.5,GENERIC,測試排序分=原分數+結構前置分*策略權重+續強品質*策略權重；不覆蓋原策略,414.0,2.5,C,突破觀察,量能較前日放大｜突破近5日高｜MA5加速上彎｜短均多頭｜扣分:收盤位置偏弱、上影偏長,有轉強跡象，但突破品質尚未完全成立。,v266.57.9,GENERIC,0.55,0.5,0.5,10.93,237.0,最後後處理補寫：原分數+結構前置+續強品質+突破品質；不覆蓋原策略,0.0,,一般,8.963,v266.58.1,2026-10-01 01:22:38,突破中,4,17,準IGNITION,前狀態:突破中→今日:突破中｜強狀態維持｜連續升級｜強狀態連續維持｜具備點火條件,READY,v266.60.2,14.913,30.0,32.0,0.0,15.0,14.354,403.0,20/40/60結構佳｜續強品質佳｜主力佈局語意｜狀態升級強｜具升級旗標｜升級標籤｜風險語意扣分,過熱降權,v266.61,2026-10-01 01:22:44,12.0,洗盤不破承接｜狀態升級觸發｜狀態轉移轉強｜假突破/出貨風險扣分,早期轉強事件,偏早期，可列入WATCH等待二次確認。,14.039,399,v266.62,2026-10-01 01:22:46,24.0,0.0,40.0,35.0,-17.41,量能安靜｜洗盤整理不破｜主力吸籌文字確認｜狀態轉移剛加速｜狀態剛升級｜假突破/出貨文字風險,v266.68,2026-10-01 01:22:50,FAKE_BREAKOUT_RISK,假突破/追高風險：避免追價。,WATCH,769
2026-09-30,2484,BUY,80,78.0,50-100,0.01,10000,主力佈局完成,波動壓縮 | 安靜吸籌 | 均線收斂 | 放量吸收 | 接近突破,True,True,False,True,True,True,11.6,A,起漲結構強,20D站上MA20｜MA20走平翻揚｜MA5站上MA10｜接近20日高｜40D平台收斂｜短中均線糾結｜40D低點守住｜接近/站回MA60｜站回60D區間中上｜5D動能轉正｜10D動能轉正,平台壓縮後轉強，可優先觀察起漲/試單。,v266.57.9,9.6,無原分數欄位｜僅顯示結構前置分數,365.0,7.5,A,續強品質強,回檔不破前低｜低點墊高確認｜收盤守MA5｜續強確認：收盤未跌破MA5｜MA5仍在MA10上｜仍站MA20｜10D動能維持｜扣分:回檔量放大,回檔承接尚可，若原策略入選，可優先觀察延續。,v266.57.9,7.28,0.55,0.5,GENERIC,測試排序分=原分數+結構前置分*策略權重+續強品質*策略權重；不覆蓋原策略,549.0,2.0,C,突破觀察,MA5加速上彎｜短均多頭,有轉強跡象，但突破品質尚未完全成立。,v266.57.9,GENERIC,0.55,0.5,0.5,11.13,216.0,最後後處理補寫：原分數+結構前置+續強品質+突破品質；不覆蓋原策略,0.0,,一般,9.127,v266.58.1,2026-10-01 01:22:38,突破中,4,13,準IGNITION,前狀態:出貨疑慮→今日:突破中｜狀態跳升｜具備點火條件,READY,v266.60.2,13.677,30.0,32.0,0.0,0.0,20.6,210.0,20/40/60結構佳｜續強品質佳｜主力佈局語意｜狀態升級強｜具升級旗標｜升級標籤,高優先準點火,v266.61,2026-10-01 01:22:44,12.0,洗盤不破承接｜狀態升級觸發｜狀態轉移轉強｜假突破/出貨風險扣分,早期轉強事件,偏早期，可列入WATCH等待二次確認。,13.174,400,v266.62,2026-10-01 01:22:46,24.0,0.0,40.0,35.0,-17.41,量能安靜｜洗盤整理不破｜主力吸籌文字確認｜狀態轉移剛加速｜狀態剛升級｜假突破/出貨文字風險,v266.68,2026-10-01 01:22:50,FAKE_BREAKOUT_RISK,假突破/追高風險：避免追價。,WATCH,770
2026-09-30,6438,BUY,86,164.0,100-500,0.01,10000,主力佈局完成,波動壓縮 | 安靜吸籌 | 均線收斂 | 放量吸收 | 接近突破 | 結構尚可,True,True,False,True,True,True,9.1,A,起漲結構強,20D站上MA20｜MA20走平翻揚｜MA5站上MA10｜接近20日高｜40D平台收斂｜短中均線糾結｜40D低點守住｜接近/站回MA60｜站回60D區間中上｜5D動能轉正｜10D動能轉正｜扣分:單日爆量偏高、長上影壓力,平台壓縮後轉強，可優先觀察起漲/試單。,v266.57.9,8.1,無原分數欄位｜僅顯示結構前置分數,551.0,7.7,A,續強品質強,回檔不破前低｜低點墊高確認｜收盤守MA5｜續強確認：收盤未跌破MA5｜MA5仍在MA10上｜仍站MA20｜10D動能維持｜扣分:長上影壓力,回檔承接尚可，若原策略入選，可優先觀察延續。,v266.57.9,7.055,0.55,0.5,GENERIC,測試排序分=原分數+結構前置分*策略權重+續強品質*策略權重；不覆蓋原策略,581.0,2.5,C,突破觀察,量能較前日放大｜突破近5日高｜MA5加速上彎｜短均多頭｜扣分:收盤位置偏弱、上影偏長,有轉強跡象，但突破品質尚未完全成立。,v266.57.9,GENERIC,0.55,0.5,0.5,10.105,309.0,最後後處理補寫：原分數+結構前置+續強品質+突破品質；不覆蓋原策略,0.0,,一般,8.286,v266.58.1,2026-10-01 01:22:38,突破中,4,12,準IGNITION,前狀態:突破中→今日:突破中｜強狀態維持｜強狀態連續維持｜具備點火條件,READY,v266.60.2,12.486,30.0,32.0,0.0,15.0,14.199,404.0,20/40/60結構佳｜續強品質佳｜主力佈局語意｜狀態升級強｜具升級旗標｜升級標籤｜風險語意扣分,過熱降權,v266.61,2026-10-01 01:22:44,12.0,洗盤不破承接｜狀態升級觸發｜狀態轉移轉強｜假突破/出貨風險扣分,早期轉強事件,偏早期，可列入WATCH等待二次確認。,12.34,402,v266.62,2026-10-01 01:22:46,24.0,0.0,40.0,35.0,-17.41,量能安靜｜洗盤整理不破｜主力吸籌文字確認｜狀態轉移剛加速｜狀態剛升級｜假突破/出貨文字風險,v266.68,2026-10-01 01:22:50,FAKE_BREAKOUT_RISK,假突破/追高風險：避免追價。,WATCH,771
2026-09-30,6698,WATCH,62,33.3,50以下,0.0,0,佈局觀察,安靜吸籌 | 均線收斂 | 放量吸收 | 接近突破,False,True,False,True,True,True,9.1,A,起漲結構強,20D站上MA20｜MA20走平翻揚｜MA5站上MA10｜接近20日高｜40D平台收斂｜短中均線糾結｜40D低點守住｜接近/站回MA60｜5D動能轉正｜10D動能轉正｜扣分:單日爆量偏高,平台壓縮後轉強，可優先觀察起漲/試單。,v266.57.9,9.1,無原分數欄位｜僅顯示結構前置分數,387.0,8.7,A,續強品質強,回檔不破前低｜低點墊高確認｜收盤守MA5｜續強確認：收盤未跌破MA5｜MA5仍在MA10上｜仍站MA20｜10D動能維持,回檔承接尚可，若原策略入選，可優先觀察延續。,v266.57.9,8.355,0.55,0.5,GENERIC,測試排序分=原分數+結構前置分*策略權重+續強品質*策略權重；不覆蓋原策略,312.0,2.0,C,突破觀察,量能較前日放大｜短均多頭,有轉強跡象，但突破品質尚未完全成立。,v266.57.9,WATCH,0.55,0.35,0.75,9.55,379.0,最後後處理補寫：原分數+結構前置+續強品質+突破品質；不覆蓋原策略,0.0,,一般,7.831,v266.58.1,2026-10-01 01:22:38,突破中,4,13,準IGNITION,前狀態:出貨疑慮→今日:突破中｜狀態跳升｜具備點火條件,READY,v266.60.2,12.381,30.0,32.0,0.0,0.0,20.471,308.0,20/40/60結構佳｜續強品質佳｜主力佈局語意｜狀態升級強｜具升級旗標｜升級標籤,高優先準點火,v266.61,2026-10-01 01:22:44,12.0,洗盤不破承接｜狀態升級觸發｜狀態轉移轉強｜假突破/出貨風險扣分,早期轉強事件,偏早期，可列入WATCH等待二次確認。,12.267,403,v266.62,2026-10-01 01:22:46,24.0,0.0,40.0,35.0,-17.41,量能安靜｜洗盤整理不破｜主力吸籌文字確認｜狀態轉移剛加速｜狀態剛升級｜假突破/出貨文字風險,v266.68,2026-10-01 01:22:50,FAKE_BREAKOUT_RISK,假突破/追高風險：避免追價。,WATCH,772
2026-09-30,1795,WATCH,54,179.0,100-500,0.0,0,佈局觀察,波動壓縮 | 均線收斂 | 接近突破 | 結構尚可,True,False,False,True,False,True,5.6,C,結構觀察,20D站上MA20｜40D平台收斂｜短中均線糾結｜5D動能轉正｜10D動能轉正,結構證據不足，保留原策略但降低信心。,v266.57.9,5.6,無原分數欄位｜僅顯示結構前置分數,904.0,9.0,A,續強品質強,回檔不破前低｜低點墊高確認｜收盤守MA5｜續強確認：收盤未跌破MA5｜回檔量縮｜仍站MA20｜10D動能維持,回檔承接尚可，若原策略入選，可優先觀察延續。,v266.57.9,6.58,0.55,0.5,GENERIC,測試排序分=原分數+結構前置分*策略權重+續強品質*策略權重；不覆蓋原策略,676.0,3.9,C,突破觀察,收盤接近高點｜量能較前日放大｜MA5加速上彎,有轉強跡象，但突破品質尚未完全成立。,v266.57.9,WATCH,0.55,0.35,0.75,9.155,440.0,最後後處理補寫：原分數+結構前置+續強品質+突破品質；不覆蓋原策略,0.0,,一般,7.507,v266.58.1,2026-10-01 01:22:38,突破中,4,13,準IGNITION,前狀態:出貨疑慮→今日:突破中｜狀態跳升｜具備點火條件,READY,v266.60.2,12.057,8.0,32.0,0.0,0.0,12.738,406.0,續強品質佳｜狀態升級強｜具升級旗標｜升級標籤,主力佈局優先,v266.61,2026-10-01 01:22:44,12.0,洗盤不破承接｜狀態升級觸發｜狀態轉移轉強｜假突破/出貨風險扣分,早期轉強事件,偏早期，可列入WATCH等待二次確認。,12.04,404,v266.62,2026-10-01 01:22:46,24.0,0.0,40.0,35.0,-17.41,量能安靜｜洗盤整理不破｜主力吸籌文字確認｜狀態轉移剛加速｜狀態剛升級｜假突破/出貨文字風險,v266.68,2026-10-01 01:22:50,FAKE_BREAKOUT_RISK,假突破/追高風險：避免追價。,WATCH,773
2026-09-30,3557,WATCH,52,23.0,50以下,0.0,0,佈局觀察,波動壓縮 | 安靜吸籌 | 均線收斂,True,True,False,True,False,False,5.8,C,結構觀察,40D平台收斂｜短中均線糾結｜量縮後溫和放量｜10D動能轉正,結構證據不足，保留原策略但降低信心。,v266.57.9,5.8,無原分數欄位｜僅顯示結構前置分數,899.0,6.5,B,續強品質中,回檔不破前低｜低點墊高確認｜收盤守MA5｜續強確認：收盤未跌破MA5｜10D動能維持,回檔承接尚可，若原策略入選，可優先觀察延續。,v266.57.9,5.44,0.55,0.5,GENERIC,測試排序分=原分數+結構前置分*策略權重+續強品質*策略權重；不覆蓋原策略,838.0,2.7,C,突破觀察,收盤接近高點｜量能較前日放大,有轉強跡象，但突破品質尚未完全成立。,v266.57.9,WATCH,0.55,0.35,0.75,7.49,665.0,最後後處理補寫：原分數+結構前置+續強品質+突破品質；不覆蓋原策略,0.0,,一般,6.142,v266.58.1,2026-10-01 01:22:38,突破中,4,13,準IGNITION,前狀態:出貨疑慮→今日:突破中｜狀態跳升｜具備點火條件,READY,v266.60.2,10.692,8.0,32.0,0.0,0.0,12.602,407.0,續強品質佳｜狀態升級強｜具升級旗標｜升級標籤,主力佈局優先,v266.61,2026-10-01 01:22:44,12.0,洗盤不破承接｜狀態升級觸發｜狀態轉移轉強｜假突破/出貨風險扣分,早期轉強事件,偏早期，可列入WATCH等待二次確認。,11.084,406,v266.62,2026-10-01 01:22:46,24.0,0.0,40.0,35.0,-17.41,量能安靜｜洗盤整理不破｜主力吸籌文字確認｜狀態轉移剛加速｜狀態剛升級｜假突破/出貨文字風險,v266.68,2026-10-01 01:22:50,FAKE_BREAKOUT_RISK,假突破/追高風險：避免追價。,WATCH,774
2026-09-30,8422,WATCH,54,25.9,50以下,0.0,0,佈局觀察,波動壓縮 | 均線收斂 | 接近突破 | 結構尚可,True,False,False,True,False,True,5.0,C,結構觀察,40D平台收斂｜短中均線糾結｜40D低點守住｜接近/站回MA60,結構證據不足，保留原策略但降低信心。,v266.57.9,5.0,無原分數欄位｜僅顯示結構前置分數,907.0,7.0,A,續強品質強,回檔不破前低｜低點墊高確認｜收盤守MA5｜續強確認：收盤未跌破MA5｜回檔量縮,回檔承接尚可，若原策略入選，可優先觀察延續。,v266.57.9,5.25,0.55,0.5,GENERIC,測試排序分=原分數+結構前置分*策略權重+續強品質*策略權重；不覆蓋原策略,859.0,3.0,C,突破觀察,紅K實體放大｜收盤接近高點,有轉強跡象，但突破品質尚未完全成立。,v266.57.9,WATCH,0.55,0.35,0.75,7.45,672.0,最後後處理補寫：原分數+結構前置+續強品質+突破品質；不覆蓋原策略,0.0,,一般,6.109,v266.58.1,2026-10-01 01:22:38,突破中,4,13,準IGNITION,前狀態:出貨疑慮→今日:突破中｜狀態跳升｜具備點火條件,READY,v266.60.2,10.659,8.0,32.0,0.0,0.0,12.598,408.0,續強品質佳｜狀態升級強｜具升級旗標｜升級標籤,主力佈局優先,v266.61,2026-10-01 01:22:44,12.0,洗盤不破承接｜狀態升級觸發｜狀態轉移轉強｜假突破/出貨風險扣分,早期轉強事件,偏早期，可列入WATCH等待二次確認。,11.061,407,v266.62,2026-10-01 01:22:46,24.0,0.0,40.0,35.0,-17.41,量能安靜｜洗盤整理不破｜主力吸籌文字確認｜狀態轉移剛加速｜狀態剛升級｜假突破/出貨文字風險,v266.68,2026-10-01 01:22:50,FAKE_BREAKOUT_RISK,假突破/追高風險：避免追價。,WATCH,775
2026-09-30,1530,WATCH,54,26.8,50以下,0.0,0,佈局觀察,波動壓縮 | 洗盤收回 | 均線收斂 | 結構尚可,True,False,True,True,False,False,4.0,C,結構觀察,40D平台收斂｜短中均線糾結｜40D低點守住,結構證據不足，保留原策略但降低信心。,v266.57.9,4.0,無原分數欄位｜僅顯示結構前置分數,931.0,7.0,A,續強品質強,回檔不破前低｜低點墊高確認｜收盤守MA5｜續強確認：收盤未跌破MA5｜回檔量縮,回檔承接尚可，若原策略入選，可優先觀察延續。,v266.57.9,4.7,0.55,0.5,GENERIC,測試排序分=原分數+結構前置分*策略權重+續強品質*策略權重；不覆蓋原策略,895.0,3.0,C,突破觀察,紅K實體放大｜收盤接近高點,有轉強跡象，但突破品質尚未完全成立。,v266.57.9,WATCH,0.55,0.35,0.75,6.9,733.0,最後後處理補寫：原分數+結構前置+續強品質+突破品質；不覆蓋原策略,0.0,,一般,5.658,v266.58.1,2026-10-01 01:22:38,突破中,4,13,準IGNITION,前狀態:出貨疑慮→今日:突破中｜狀態跳升｜具備點火條件,READY,v266.60.2,10.208,8.0,32.0,0.0,0.0,12.553,409.0,續強品質佳｜狀態升級強｜具升級旗標｜升級標籤,主力佈局優先,v266.61,2026-10-01 01:22:44,12.0,洗盤不破承接｜狀態升級觸發｜狀態轉移轉強｜假突破/出貨風險扣分,早期轉強事件,偏早期，可列入WATCH等待二次確認。,10.746,409,v266.62,2026-10-01 01:22:46,24.0,0.0,40.0,35.0,-17.41,量能安靜｜洗盤整理不破｜主力吸籌文字確認｜狀態轉移剛加速｜狀態剛升級｜假突破/出貨文字風險,v266.68,2026-10-01 01:22:50,FAKE_BREAKOUT_RISK,假突破/追高風險：避免追價。,WATCH,776
2026-09-30,1810,TEST,68,24.45,50以下,0.005,5000,佈局高機率,波動壓縮 | 均線收斂 | 放量吸收 | 接近突破 | 結構尚可,True,False,False,True,True,True,12.0,A,起漲結構強,20D站上MA20｜MA5站上MA10｜接近20日高｜40D平台收斂｜短中均線糾結｜40D低點守住｜接近/站回MA60｜MA60不再下彎｜量縮後溫和放量｜5D動能轉正｜10D動能轉正,平台壓縮後轉強，可優先觀察起漲/試單。,v266.57.9,12.0,無原分數欄位｜僅顯示結構前置分數,1.0,10.0,A,續強品質強,回檔不破前低｜低點墊高確認｜收盤守MA5｜續強確認：收盤未跌破MA5｜回檔量縮｜MA5仍在MA10上｜仍站MA20｜10D動能維持,回檔承接尚可，若原策略入選，可優先觀察延續。,v266.57.9,10.7,0.55,0.5,GENERIC,測試排序分=原分數+結構前置分*策略權重+續強品質*策略權重；不覆蓋原策略,1.0,7.7,A,突破品質強,紅K實體放大｜收盤接近高點｜量能較前日放大｜突破近5日高｜MA5加速上彎｜短均多頭,TEST有升級IGNITION條件，可優先觀察隔日延續。,v266.57.9,TEST,0.8,0.5,0.9,21.53,1.0,最後後處理補寫：原分數+結構前置+續強品質+突破品質；不覆蓋原策略,0.0,,一般,17.655,v266.58.1,2026-10-01 01:22:38,發動中,5,21,IGNITION,前狀態:試盤中→今日:發動中｜狀態跳升｜連續升級｜連續狀態達IGNITION,YES,v266.60.2,25.005,30.0,32.0,0.0,0.0,22.193,1.0,20/40/60結構佳｜續強品質佳｜主力佈局語意｜狀態升級強｜具升級旗標｜升級標籤｜突破品質輔助,高優先準點火,v266.61,2026-10-01 01:22:44,31.0,洗盤不破承接｜突破品質成立但未過熱｜狀態升級觸發｜狀態轉移轉強,強點火事件,可列入優先追蹤，觀察隔日不破MA5/MA10。,26.804,1,v266.62,2026-10-01 01:22:46,24.0,0.0,28.0,35.0,-19.39,量能安靜｜洗盤整理不破｜主力吸籌文字確認｜狀態剛升級｜假突破/出貨文字風險,v266.68,2026-10-01 01:22:50,FAKE_BREAKOUT_RISK,假突破/追高風險：避免追價。,WATCH,777
2026-09-30,5007,TEST,68,56.4,50-100,0.005,5000,佈局高機率,安靜吸籌 | 均線收斂 | 放量吸收 | 接近突破 | 結構尚可,False,True,False,True,True,True,11.6,A,起漲結構強,20D站上MA20｜MA5站上MA10｜接近20日高｜40D平台收斂｜短中均線糾結｜40D低點守住｜接近/站回MA60｜MA60不再下彎｜站回60D區間中上｜5D動能轉正｜10D動能轉正,平台壓縮後轉強，可優先觀察起漲/試單。,v266.57.9,11.6,無原分數欄位｜僅顯示結構前置分數,97.0,8.7,A,續強品質強,回檔不破前低｜低點墊高確認｜收盤守MA5｜續強確認：收盤未跌破MA5｜MA5仍在MA10上｜仍站MA20｜10D動能維持,回檔承接尚可，若原策略入選，可優先觀察延續。,v266.57.9,9.73,0.55,0.5,GENERIC,測試排序分=原分數+結構前置分*策略權重+續強品質*策略權重；不覆蓋原策略,102.0,7.7,A,突破品質強,紅K實體放大｜收盤接近高點｜量能較前日放大｜突破近5日高｜MA5加速上彎｜短均多頭,TEST有升級IGNITION條件，可優先觀察隔日延續。,v266.57.9,TEST,0.8,0.5,0.9,20.56,6.0,最後後處理補寫：原分數+結構前置+續強品質+突破品質；不覆蓋原策略,0.0,,一般,16.859,v266.58.1,2026-10-01 01:22:38,發動中,5,21,IGNITION,前狀態:吸籌中→今日:發動中｜狀態跳升｜連續升級｜連續狀態達IGNITION,YES,v266.60.2,24.209,30.0,32.0,0.0,0.0,22.113,4.0,20/40/60結構佳｜續強品質佳｜主力佈局語意｜狀態升級強｜具升級旗標｜升級標籤｜突破品質輔助,高優先準點火,v266.61,2026-10-01 01:22:44,31.0,洗盤不破承接｜突破品質成立但未過熱｜狀態升級觸發｜狀態轉移轉強,強點火事件,可列入優先追蹤，觀察隔日不破MA5/MA10。,26.246,2,v266.62,2026-10-01 01:22:46,24.0,0.0,28.0,35.0,-19.39,量能安靜｜洗盤整理不破｜主力吸籌文字確認｜狀態剛升級｜假突破/出貨文字風險,v266.68,2026-10-01 01:22:50,FAKE_BREAKOUT_RISK,假突破/追高風險：避免追價。,WATCH,778
2026-09-30,2430,TEST,72,18.25,50以下,0.005,5000,佈局高機率,波動壓縮 | 安靜吸籌 | 均線收斂 | 接近突破 | 結構尚可,True,True,False,True,False,True,12.0,A,起漲結構強,20D站上MA20｜MA20走平翻揚｜MA5站上MA10｜接近20日高｜40D平台收斂｜短中均線糾結｜40D低點守住｜接近/站回MA60｜MA60不再下彎｜站回60D區間中上｜量縮後溫和放量｜5D動能轉正｜10D動能轉正,平台壓縮後轉強，可優先觀察起漲/試單。,v266.57.9,12.0,無原分數欄位｜僅顯示結構前置分數,1.0,8.7,A,續強品質強,回檔不破前低｜低點墊高確認｜收盤守MA5｜續強確認：收盤未跌破MA5｜MA5仍在MA10上｜仍站MA20｜10D動能維持,回檔承接尚可，若原策略入選，可優先觀察延續。,v266.57.9,9.95,0.55,0.5,GENERIC,測試排序分=原分數+結構前置分*策略權重+續強品質*策略權重；不覆蓋原策略,51.0,7.7,A,突破品質強,紅K實體放大｜收盤接近高點｜量能較前日放大｜突破近5日高｜MA5加速上彎｜短均多頭,TEST有升級IGNITION條件，可優先觀察隔日延續。,v266.57.9,TEST,0.8,0.5,0.9,20.88,4.0,最後後處理補寫：原分數+結構前置+續強品質+突破品質；不覆蓋原策略,0.0,,一般,17.122,v266.58.1,2026-10-01 01:22:38,發動中,5,20,IGNITION,前狀態:發動中→今日:發動中｜強狀態維持｜連續升級｜強狀態連續維持｜連續狀態達IGNITION,YES,v266.60.2,24.122,30.0,32.0,0.0,0.0,22.122,2.0,20/40/60結構佳｜續強品質佳｜主力佈局語意｜狀態升級強｜具升級旗標｜升級標籤｜突破品質輔助,高優先準點火,v266.61,2026-10-01 01:22:44,31.0,洗盤不破承接｜突破品質成立但未過熱｜狀態升級觸發｜狀態轉移轉強,強點火事件,可列入優先追蹤，觀察隔日不破MA5/MA10。,26.185,3,v266.62,2026-10-01 01:22:46,24.0,0.0,28.0,35.0,-19.39,量能安靜｜洗盤整理不破｜主力吸籌文字確認｜狀態剛升級｜假突破/出貨文字風險,v266.68,2026-10-01 01:22:50,FAKE_BREAKOUT_RISK,假突破/追高風險：避免追價。,WATCH,779
2026-09-30,6153,TEST,68,18.2,50以下,0.005,5000,佈局高機率,波動壓縮 | 均線收斂 | 放量吸收 | 接近突破 | 結構尚可,True,False,False,True,True,True,12.0,A,起漲結構強,20D站上MA20｜MA20走平翻揚｜MA5站上MA10｜接近20日高｜40D平台收斂｜短中均線糾結｜40D低點守住｜接近/站回MA60｜站回60D區間中上｜量縮後溫和放量｜5D動能轉正｜10D動能轉正,平台壓縮後轉強，可優先觀察起漲/試單。,v266.57.9,12.0,無原分數欄位｜僅顯示結構前置分數,1.0,8.7,A,續強品質強,回檔不破前低｜低點墊高確認｜收盤守MA5｜續強確認：收盤未跌破MA5｜MA5仍在MA10上｜仍站MA20｜10D動能維持,回檔承接尚可，若原策略入選，可優先觀察延續。,v266.57.9,9.95,0.55,0.5,GENERIC,測試排序分=原分數+結構前置分*策略權重+續強品質*策略權重；不覆蓋原策略,51.0,7.7,A,突破品質強,紅K實體放大｜收盤接近高點｜量能較前日放大｜突破近5日高｜MA5加速上彎｜短均多頭,TEST有升級IGNITION條件，可優先觀察隔日延續。,v266.57.9,TEST,0.8,0.5,0.9,20.88,4.0,最後後處理補寫：原分數+結構前置+續強品質+突破品質；不覆蓋原策略,0.0,,一般,17.122,v266.58.1,2026-10-01 01:22:38,發動中,5,20,IGNITION,前狀態:發動中→今日:發動中｜強狀態維持｜連續升級｜強狀態連續維持｜連續狀態達IGNITION,YES,v266.60.2,24.122,30.0,32.0,0.0,0.0,22.122,2.0,20/40/60結構佳｜續強品質佳｜主力佈局語意｜狀態升級強｜具升級旗標｜升級標籤｜突破品質輔助,高優先準點火,v266.61,2026-10-01 01:22:44,31.0,洗盤不破承接｜突破品質成立但未過熱｜狀態升級觸發｜狀態轉移轉強,強點火事件,可列入優先追蹤，觀察隔日不破MA5/MA10。,26.185,4,v266.62,2026-10-01 01:22:46,24.0,0.0,28.0,35.0,-19.39,量能安靜｜洗盤整理不破｜主力吸籌文字確認｜狀態剛升級｜假突破/出貨文字風險,v266.68,2026-10-01 01:22:50,FAKE_BREAKOUT_RISK,假突破/追高風險：避免追價。,WATCH,780
2026-09-30,6789,TEST,68,494.0,100-500,0.005,5000,佈局高機率,波動壓縮 | 均線收斂 | 放量吸收 | 接近突破 | 結構尚可,True,False,False,True,True,True,12.0,A,起漲結構強,20D站上MA20｜MA20走平翻揚｜MA5站上MA10｜接近20日高｜40D平台收斂｜短中均線糾結｜40D低點守住｜接近/站回MA60｜站回60D區間中上｜量縮後溫和放量｜5D動能轉正｜10D動能轉正,平台壓縮後轉強，可優先觀察起漲/試單。,v266.57.9,12.0,無原分數欄位｜僅顯示結構前置分數,1.0,8.7,A,續強品質強,回檔不破前低｜低點墊高確認｜收盤守MA5｜續強確認：收盤未跌破MA5｜MA5仍在MA10上｜仍站MA20｜10D動能維持,回檔承接尚可，若原策略入選，可優先觀察延續。,v266.57.9,9.95,0.55,0.5,GENERIC,測試排序分=原分數+結構前置分*策略權重+續強品質*策略權重；不覆蓋原策略,51.0,6.2,A,突破品質強,紅K實體放大｜量能較前日放大｜突破近5日高｜MA5加速上彎｜短均多頭,TEST有升級IGNITION條件，可優先觀察隔日延續。,v266.57.9,TEST,0.8,0.5,0.9,19.53,12.0,最後後處理補寫：原分數+結構前置+續強品質+突破品質；不覆蓋原策略,0.0,,一般,16.015,v266.58.1,2026-10-01 01:22:38,發動中,5,20,IGNITION,前狀態:發動中→今日:發動中｜強狀態維持｜連續升級｜強狀態連續維持｜連續狀態達IGNITION,YES,v266.60.2,23.015,30.0,32.0,0.0,0.0,22.012,7.0,20/40/60結構佳｜續強品質佳｜主力佈局語意｜狀態升級強｜具升級旗標｜升級標籤｜突破品質輔助,高優先準點火,v266.61,2026-10-01 01:22:44,31.0,洗盤不破承接｜突破品質成立但未過熱｜狀態升級觸發｜狀態轉移轉強,強點火事件,可列入優先追蹤，觀察隔日不破MA5/MA10。,25.41,5,v266.62,2026-10-01 01:22:46,24.0,0.0,28.0,35.0,-19.39,量能安靜｜洗盤整理不破｜主力吸籌文字確認｜狀態剛升級｜假突破/出貨文字風險,v266.68,2026-10-01 01:22:50,FAKE_BREAKOUT_RISK,假突破/追高風險：避免追價。,WATCH,781
2026-09-30,2618,TEST,68,42.85,50以下,0.005,5000,佈局高機率,波動壓縮 | 均線收斂 | 放量吸收 | 接近突破 | 結構尚可,True,False,False,True,True,True,12.0,A,起漲結構強,20D站上MA20｜MA5站上MA10｜接近20日高｜40D平台收斂｜短中均線糾結｜40D低點守住｜接近/站回MA60｜站回60D區間中上｜量縮後溫和放量｜5D動能轉正｜10D動能轉正,平台壓縮後轉強，可優先觀察起漲/試單。,v266.57.9,12.0,無原分數欄位｜僅顯示結構前置分數,1.0,8.7,A,續強品質強,回檔不破前低｜低點墊高確認｜收盤守MA5｜續強確認：收盤未跌破MA5｜MA5仍在MA10上｜仍站MA20｜10D動能維持,回檔承接尚可，若原策略入選，可優先觀察延續。,v266.57.9,9.95,0.55,0.5,GENERIC,測試排序分=原分數+結構前置分*策略權重+續強品質*策略權重；不覆蓋原策略,51.0,6.2,A,突破品質強,紅K實體放大｜收盤接近高點｜量能較前日放大｜MA5加速上彎｜短均多頭,TEST有升級IGNITION條件，可優先觀察隔日延續。,v266.57.9,TEST,0.8,0.5,0.9,19.53,12.0,最後後處理補寫：原分數+結構前置+續強品質+突破品質；不覆蓋原策略,0.0,,一般,16.015,v266.58.1,2026-10-01 01:22:38,發動中,5,20,IGNITION,前狀態:發動中→今日:發動中｜強狀態維持｜連續升級｜強狀態連續維持｜連續狀態達IGNITION,YES,v266.60.2,23.015,30.0,32.0,0.0,0.0,22.012,7.0,20/40/60結構佳｜續強品質佳｜主力佈局語意｜狀態升級強｜具升級旗標｜升級標籤｜突破品質輔助,高優先準點火,v266.61,2026-10-01 01:22:44,31.0,洗盤不破承接｜突破品質成立但未過熱｜狀態升級觸發｜狀態轉移轉強,強點火事件,可列入優先追蹤，觀察隔日不破MA5/MA10。,25.41,6,v266.62,2026-10-01 01:22:46,24.0,0.0,28.0,35.0,-19.39,量能安靜｜洗盤整理不破｜主力吸籌文字確認｜狀態剛升級｜假突破/出貨文字風險,v266.68,2026-10-01 01:22:50,FAKE_BREAKOUT_RISK,假突破/追高風險：避免追價。,WATCH,782
2026-09-30,1103,TEST,68,13.2,50以下,0.005,5000,佈局高機率,安靜吸籌 | 均線收斂 | 放量吸收 | 接近突破 | 結構尚可,False,True,False,True,True,True,10.6,A,起漲結構強,20D站上MA20｜接近20日高｜40D平台收斂｜短中均線糾結｜40D低點守住｜接近/站回MA60｜量縮後溫和放量｜5D動能轉正｜10D動能轉正,平台壓縮後轉強，可優先觀察起漲/試單。,v266.57.9,10.6,無原分數欄位｜僅顯示結構前置分數,215.0,7.5,A,續強品質強,回檔不破前低｜低點墊高確認｜收盤守MA5｜續強確認：收盤未跌破MA5｜仍站MA20｜10D動能維持,回檔承接尚可，若原策略入選，可優先觀察延續。,v266.57.9,8.58,0.55,0.5,GENERIC,測試排序分=原分數+結構前置分*策略權重+續強品質*策略權重；不覆蓋原策略,267.0,6.9,A,突破品質強,紅K實體放大｜收盤接近高點｜量能較前日放大｜突破近5日高｜MA5加速上彎,TEST有升級IGNITION條件，可優先觀察隔日延續。,v266.57.9,TEST,0.8,0.5,0.9,18.44,16.0,最後後處理補寫：原分數+結構前置+續強品質+突破品質；不覆蓋原策略,0.0,,一般,15.121,v266.58.1,2026-10-01 01:22:38,發動中,5,21,IGNITION,前狀態:吸籌中→今日:發動中｜狀態跳升｜連續升級｜連續狀態達IGNITION,YES,v266.60.2,22.471,30.0,32.0,0.0,0.0,21.94,13.0,20/40/60結構佳｜續強品質佳｜主力佈局語意｜狀態升級強｜具升級旗標｜升級標籤｜突破品質輔助,高優先準點火,v266.61,2026-10-01 01:22:44,31.0,洗盤不破承接｜突破品質成立但未過熱｜狀態升級觸發｜狀態轉移轉強,強點火事件,可列入優先追蹤，觀察隔日不破MA5/MA10。,25.03,9,v266.62,2026-10-01 01:22:46,24.0,0.0,28.0,35.0,-19.39,量能安靜｜洗盤整理不破｜主力吸籌文字確認｜狀態剛升級｜假突破/出貨文字風險,v266.68,2026-10-01 01:22:50,FAKE_BREAKOUT_RISK,假突破/追高風險：避免追價。,WATCH,783
2026-09-30,2323,TEST,68,11.0,50以下,0.005,5000,佈局高機率,波動壓縮 | 均線收斂 | 放量吸收 | 接近突破 | 結構尚可,True,False,False,True,True,True,10.6,A,起漲結構強,20D站上MA20｜MA5站上MA10｜接近20日高｜40D平台收斂｜短中均線糾結｜40D低點守住｜接近/站回MA60｜站回60D區間中上｜5D動能轉正｜10D動能轉正,平台壓縮後轉強，可優先觀察起漲/試單。,v266.57.9,10.6,無原分數欄位｜僅顯示結構前置分數,215.0,8.7,A,續強品質強,回檔不破前低｜低點墊高確認｜收盤守MA5｜續強確認：收盤未跌破MA5｜MA5仍在MA10上｜仍站MA20｜10D動能維持,回檔承接尚可，若原策略入選，可優先觀察延續。,v266.57.9,9.18,0.55,0.5,GENERIC,測試排序分=原分數+結構前置分*策略權重+續強品質*策略權重；不覆蓋原策略,165.0,6.2,A,突破品質強,紅K實體放大｜量能較前日放大｜突破近5日高｜MA5加速上彎｜短均多頭,TEST有升級IGNITION條件，可優先觀察隔日延續。,v266.57.9,TEST,0.8,0.5,0.9,18.41,17.0,最後後處理補寫：原分數+結構前置+續強品質+突破品質；不覆蓋原策略,0.0,,一般,15.096,v266.58.1,2026-10-01 01:22:38,發動中,5,20,IGNITION,前狀態:發動中→今日:發動中｜強狀態維持｜連續升級｜強狀態連續維持｜連續狀態達IGNITION,YES,v266.60.2,22.096,30.0,32.0,0.0,0.0,21.92,16.0,20/40/60結構佳｜續強品質佳｜主力佈局語意｜狀態升級強｜具升級旗標｜升級標籤｜突破品質輔助,高優先準點火,v266.61,2026-10-01 01:22:44,31.0,洗盤不破承接｜突破品質成立但未過熱｜狀態升級觸發｜狀態轉移轉強,強點火事件,可列入優先追蹤，觀察隔日不破MA5/MA10。,24.767,10,v266.62,2026-10-01 01:22:46,24.0,0.0,28.0,35.0,-19.39,量能安靜｜洗盤整理不破｜主力吸籌文字確認｜狀態剛升級｜假突破/出貨文字風險,v266.68,2026-10-01 01:22:50,FAKE_BREAKOUT_RISK,假突破/追高風險：避免追價。,WATCH,784
2026-09-30,6770,WATCH,54,75.3,50-100,0.0,0,佈局觀察,波動壓縮 | 均線收斂 | 接近突破 | 結構尚可,True,False,False,True,False,True,12.0,A,起漲結構強,20D站上MA20｜MA20走平翻揚｜MA5站上MA10｜接近20日高｜短中均線糾結｜40D低點守住｜接近/站回MA60｜站回60D區間中上｜量縮後溫和放量｜5D動能轉正｜10D動能轉正,平台壓縮後轉強，可優先觀察起漲/試單。,v266.57.9,12.0,無原分數欄位｜僅顯示結構前置分數,1.0,10.0,A,續強品質強,回檔不破前低｜低點墊高確認｜收盤守MA5｜續強確認：收盤未跌破MA5｜回檔量縮｜MA5仍在MA10上｜仍站MA20｜10D動能維持,回檔承接尚可，若原策略入選，可優先觀察延續。,v266.57.9,10.7,0.55,0.5,GENERIC,測試排序分=原分數+結構前置分*策略權重+續強品質*策略權重；不覆蓋原策略,1.0,7.7,A,突破品質強,紅K實體放大｜收盤接近高點｜量能較前日放大｜突破近5日高｜MA5加速上彎｜短均多頭,TEST有升級IGNITION條件，可優先觀察隔日延續。,v266.57.9,WATCH,0.55,0.35,0.75,15.875,35.0,最後後處理補寫：原分數+結構前置+續強品質+突破品質；不覆蓋原策略,0.0,,一般,13.018,v266.58.1,2026-10-01 01:22:38,發動中,5,20,IGNITION,前狀態:發動中→今日:發動中｜強狀態維持｜連續升級｜強狀態連續維持｜連續狀態達IGNITION,YES,v266.60.2,20.018,30.0,32.0,0.0,0.0,21.712,22.0,20/40/60結構佳｜續強品質佳｜主力佈局語意｜狀態升級強｜具升級旗標｜升級標籤｜突破品質輔助,高優先準點火,v266.61,2026-10-01 01:22:44,31.0,洗盤不破承接｜突破品質成立但未過熱｜狀態升級觸發｜狀態轉移轉強,強點火事件,可列入優先追蹤，觀察隔日不破MA5/MA10。,23.313,18,v266.62,2026-10-01 01:22:46,24.0,0.0,28.0,35.0,-19.39,量能安靜｜洗盤整理不破｜主力吸籌文字確認｜狀態剛升級｜假突破/出貨文字風險,v266.68,2026-10-01 01:22:50,FAKE_BREAKOUT_RISK,假突破/追高風險：避免追價。,WATCH,785
2026-09-30,1301,WATCH,54,68.1,50-100,0.0,0,佈局觀察,波動壓縮 | 均線收斂 | 接近突破 | 結構尚可,True,False,False,True,False,True,12.0,A,起漲結構強,20D站上MA20｜MA20走平翻揚｜MA5站上MA10｜40D平台收斂｜短中均線糾結｜40D低點守住｜接近/站回MA60｜MA60不再下彎｜站回60D區間中上｜量縮後溫和放量｜5D動能轉正｜10D動能轉正,平台壓縮後轉強，可優先觀察起漲/試單。,v266.57.9,12.0,無原分數欄位｜僅顯示結構前置分數,1.0,8.7,A,續強品質強,回檔不破前低｜低點墊高確認｜收盤守MA5｜續強確認：收盤未跌破MA5｜MA5仍在MA10上｜仍站MA20｜10D動能維持,回檔承接尚可，若原策略入選，可優先觀察延續。,v266.57.9,9.95,0.55,0.5,GENERIC,測試排序分=原分數+結構前置分*策略權重+續強品質*策略權重；不覆蓋原策略,51.0,7.7,A,突破品質強,紅K實體放大｜收盤接近高點｜量能較前日放大｜突破近5日高｜MA5加速上彎｜短均多頭,TEST有升級IGNITION條件，可優先觀察隔日延續。,v266.57.9,WATCH,0.55,0.35,0.75,15.42,41.0,最後後處理補寫：原分數+結構前置+續強品質+突破品質；不覆蓋原策略,0.0,,一般,12.644,v266.58.1,2026-10-01 01:22:38,發動中,5,20,IGNITION,前狀態:發動中→今日:發動中｜強狀態維持｜連續升級｜強狀態連續維持｜連續狀態達IGNITION,YES,v266.60.2,19.644,30.0,32.0,0.0,0.0,21.674,23.0,20/40/60結構佳｜續強品質佳｜主力佈局語意｜狀態升級強｜具升級旗標｜升級標籤｜突破品質輔助,高優先準點火,v266.61,2026-10-01 01:22:44,31.0,洗盤不破承接｜突破品質成立但未過熱｜狀態升級觸發｜狀態轉移轉強,強點火事件,可列入優先追蹤，觀察隔日不破MA5/MA10。,23.051,19,v266.62,2026-10-01 01:22:46,24.0,0.0,28.0,35.0,-19.39,量能安靜｜洗盤整理不破｜主力吸籌文字確認｜狀態剛升級｜假突破/出貨文字風險,v266.68,2026-10-01 01:22:50,FAKE_BREAKOUT_RISK,假突破/追高風險：避免追價。,WATCH,786
2026-09-30,8213,WATCH,54,34.5,50以下,0.0,0,佈局觀察,波動壓縮 | 均線收斂 | 接近突破 | 結構尚可,True,False,False,True,False,True,11.6,A,起漲結構強,20D站上MA20｜MA20走平翻揚｜MA5站上MA10｜接近20日高｜40D平台收斂｜短中均線糾結｜40D低點守住｜接近/站回MA60｜站回60D區間中上｜5D動能轉正｜10D動能轉正,平台壓縮後轉強，可優先觀察起漲/試單。,v266.57.9,11.6,無原分數欄位｜僅顯示結構前置分數,97.0,8.7,A,續強品質強,回檔不破前低｜低點墊高確認｜收盤守MA5｜續強確認：收盤未跌破MA5｜MA5仍在MA10上｜仍站MA20｜10D動能維持,回檔承接尚可，若原策略入選，可優先觀察延續。,v266.57.9,9.73,0.55,0.5,GENERIC,測試排序分=原分數+結構前置分*策略權重+續強品質*策略權重；不覆蓋原策略,102.0,7.7,A,突破品質強,紅K實體放大｜收盤接近高點｜量能較前日放大｜突破近5日高｜MA5加速上彎｜短均多頭,TEST有升級IGNITION條件，可優先觀察隔日延續。,v266.57.9,WATCH,0.55,0.35,0.75,15.2,42.0,最後後處理補寫：原分數+結構前置+續強品質+突破品質；不覆蓋原策略,0.0,,一般,12.464,v266.58.1,2026-10-01 01:22:38,發動中,5,20,IGNITION,前狀態:發動中→今日:發動中｜強狀態維持｜連續升級｜強狀態連續維持｜連續狀態達IGNITION,YES,v266.60.2,19.464,30.0,32.0,0.0,0.0,21.656,24.0,20/40/60結構佳｜續強品質佳｜主力佈局語意｜狀態升級強｜具升級旗標｜升級標籤｜突破品質輔助,高優先準點火,v266.61,2026-10-01 01:22:44,31.0,洗盤不破承接｜突破品質成立但未過熱｜狀態升級觸發｜狀態轉移轉強,強點火事件,可列入優先追蹤，觀察隔日不破MA5/MA10。,22.925,20,v266.62,2026-10-01 01:22:46,24.0,0.0,28.0,35.0,-19.39,量能安靜｜洗盤整理不破｜主力吸籌文字確認｜狀態剛升級｜假突破/出貨文字風險,v266.68,2026-10-01 01:22:50,FAKE_BREAKOUT_RISK,假突破/追高風險：避免追價。,WATCH,787
2026-09-30,3015,WATCH,62,55.2,50-100,0.0,0,佈局觀察,波動壓縮 | 均線收斂 | 放量吸收 | 接近突破,True,False,False,True,True,True,11.6,A,起漲結構強,20D站上MA20｜MA5站上MA10｜接近20日高｜40D平台收斂｜短中均線糾結｜40D低點守住｜接近/站回MA60｜量縮後溫和放量｜5D動能轉正｜10D動能轉正,平台壓縮後轉強，可優先觀察起漲/試單。,v266.57.9,11.6,無原分數欄位｜僅顯示結構前置分數,97.0,8.7,A,續強品質強,回檔不破前低｜低點墊高確認｜收盤守MA5｜續強確認：收盤未跌破MA5｜MA5仍在MA10上｜仍站MA20｜10D動能維持,回檔承接尚可，若原策略入選，可優先觀察延續。,v266.57.9,9.73,0.55,0.5,GENERIC,測試排序分=原分數+結構前置分*策略權重+續強品質*策略權重；不覆蓋原策略,102.0,7.7,A,突破品質強,紅K實體放大｜收盤接近高點｜量能較前日放大｜突破近5日高｜MA5加速上彎｜短均多頭,TEST有升級IGNITION條件，可優先觀察隔日延續。,v266.57.9,WATCH,0.55,0.35,0.75,15.2,42.0,最後後處理補寫：原分數+結構前置+續強品質+突破品質；不覆蓋原策略,0.0,,一般,12.464,v266.58.1,2026-10-01 01:22:38,發動中,5,20,IGNITION,前狀態:發動中→今日:發動中｜強狀態維持｜連續升級｜強狀態連續維持｜連續狀態達IGNITION,YES,v266.60.2,19.464,30.0,32.0,0.0,0.0,21.656,24.0,20/40/60結構佳｜續強品質佳｜主力佈局語意｜狀態升級強｜具升級旗標｜升級標籤｜突破品質輔助,高優先準點火,v266.61,2026-10-01 01:22:44,31.0,洗盤不破承接｜突破品質成立但未過熱｜狀態升級觸發｜狀態轉移轉強,強點火事件,可列入優先追蹤，觀察隔日不破MA5/MA10。,22.925,21,v266.62,2026-10-01 01:22:46,24.0,0.0,28.0,35.0,-19.39,量能安靜｜洗盤整理不破｜主力吸籌文字確認｜狀態剛升級｜假突破/出貨文字風險,v266.68,2026-10-01 01:22:50,FAKE_BREAKOUT_RISK,假突破/追高風險：避免追價。,WATCH,788
2026-09-30,1315,WATCH,54,68.8,50-100,0.0,0,佈局觀察,波動壓縮 | 均線收斂 | 接近突破 | 結構尚可,True,False,False,True,False,True,12.0,A,起漲結構強,20D站上MA20｜MA20走平翻揚｜MA5站上MA10｜接近20日高｜40D平台收斂｜短中均線糾結｜40D低點守住｜接近/站回MA60｜MA60不再下彎｜站回60D區間中上｜近5日量縮｜5D動能轉正｜10D動能轉正,平台壓縮後轉強，可優先觀察起漲/試單。,v266.57.9,12.0,無原分數欄位｜僅顯示結構前置分數,1.0,10.0,A,續強品質強,回檔不破前低｜低點墊高確認｜收盤守MA5｜續強確認：收盤未跌破MA5｜回檔量縮｜MA5仍在MA10上｜仍站MA20｜10D動能維持,回檔承接尚可，若原策略入選，可優先觀察延續。,v266.57.9,10.7,0.55,0.5,GENERIC,測試排序分=原分數+結構前置分*策略權重+續強品質*策略權重；不覆蓋原策略,1.0,6.5,A,突破品質強,紅K實體放大｜收盤接近高點｜突破近5日高｜MA5加速上彎｜短均多頭,TEST有升級IGNITION條件，可優先觀察隔日延續。,v266.57.9,WATCH,0.55,0.35,0.75,14.975,47.0,最後後處理補寫：原分數+結構前置+續強品質+突破品質；不覆蓋原策略,0.0,,一般,12.279,v266.58.1,2026-10-01 01:22:38,發動中,5,20,IGNITION,前狀態:發動中→今日:發動中｜強狀態維持｜連續升級｜強狀態連續維持｜連續狀態達IGNITION,YES,v266.60.2,19.279,30.0,32.0,0.0,0.0,21.638,27.0,20/40/60結構佳｜續強品質佳｜主力佈局語意｜狀態升級強｜具升級旗標｜升級標籤｜突破品質輔助,高優先準點火,v266.61,2026-10-01 01:22:44,31.0,洗盤不破承接｜突破品質成立但未過熱｜狀態升級觸發｜狀態轉移轉強,強點火事件,可列入優先追蹤，觀察隔日不破MA5/MA10。,22.795,22,v266.62,2026-10-01 01:22:46,24.0,0.0,28.0,35.0,-19.39,量能安靜｜洗盤整理不破｜主力吸籌文字確認｜狀態剛升級｜假突破/出貨文字風險,v266.68,2026-10-01 01:22:50,FAKE_BREAKOUT_RISK,假突破/追高風險：避免追價。,WATCH,789
2026-09-30,4906,WATCH,54,42.3,50以下,0.0,0,佈局觀察,波動壓縮 | 均線收斂 | 接近突破 | 結構尚可,True,False,False,True,False,True,11.6,A,起漲結構強,20D站上MA20｜MA20走平翻揚｜MA5站上MA10｜接近20日高｜40D平台收斂｜短中均線糾結｜40D低點守住｜接近/站回MA60｜站回60D區間中上｜5D動能轉正｜10D動能轉正,平台壓縮後轉強，可優先觀察起漲/試單。,v266.57.9,11.6,無原分數欄位｜僅顯示結構前置分數,97.0,7.7,A,續強品質強,回檔不破前低｜低點墊高確認｜收盤守MA5｜續強確認：收盤未跌破MA5｜MA5仍在MA10上｜仍站MA20｜10D動能維持｜扣分:接近20日高且短線過熱,回檔承接尚可，若原策略入選，可優先觀察延續。,v266.57.9,9.23,0.55,0.5,GENERIC,測試排序分=原分數+結構前置分*策略權重+續強品質*策略權重；不覆蓋原策略,161.0,7.7,A,突破品質強,紅K實體放大｜收盤接近高點｜量能較前日放大｜突破近5日高｜MA5加速上彎｜短均多頭,TEST有升級IGNITION條件，可優先觀察隔日延續。,v266.57.9,WATCH,0.55,0.35,0.75,14.85,50.0,最後後處理補寫：原分數+結構前置+續強品質+突破品質；不覆蓋原策略,0.0,,一般,12.177,v266.58.1,2026-10-01 01:22:38,發動中,5,20,IGNITION,前狀態:發動中→今日:發動中｜強狀態維持｜連續升級｜強狀態連續維持｜連續狀態達IGNITION,YES,v266.60.2,19.177,30.0,32.0,0.0,15.0,15.328,399.0,20/40/60結構佳｜續強品質佳｜主力佈局語意｜狀態升級強｜具升級旗標｜升級標籤｜風險語意扣分｜突破品質輔助,過熱降權,v266.61,2026-10-01 01:22:44,31.0,洗盤不破承接｜突破品質成立但未過熱｜狀態升級觸發｜狀態轉移轉強,強點火事件,可列入優先追蹤，觀察隔日不破MA5/MA10。,22.724,25,v266.62,2026-10-01 01:22:46,24.0,0.0,28.0,35.0,-19.39,量能安靜｜洗盤整理不破｜主力吸籌文字確認｜狀態剛升級｜假突破/出貨文字風險,v266.68,2026-10-01 01:22:50,FAKE_BREAKOUT_RISK,假突破/追高風險：避免追價。,WATCH,790
2026-09-30,4439,BUY,86,98.4,50-100,0.01,10000,主力佈局完成,波動壓縮 | 安靜吸籌 | 均線收斂 | 放量吸收 | 接近突破 | 結構尚可,True,True,False,True,True,True,12.0,A,起漲結構強,20D站上MA20｜MA5站上MA10｜接近20日高｜40D平台收斂｜短中均線糾結｜40D低點守住｜接近/站回MA60｜MA60不再下彎｜量縮後溫和放量｜5D動能轉正｜10D動能轉正,平台壓縮後轉強，可優先觀察起漲/試單。,v266.57.9,12.0,無原分數欄位｜僅顯示結構前置分數,1.0,8.7,A,續強品質強,回檔不破前低｜低點墊高確認｜收盤守MA5｜續強確認：收盤未跌破MA5｜MA5仍在MA10上｜仍站MA20｜10D動能維持,回檔承接尚可，若原策略入選，可優先觀察延續。,v266.57.9,9.95,0.55,0.5,GENERIC,測試排序分=原分數+結構前置分*策略權重+續強品質*策略權重；不覆蓋原策略,51.0,7.7,A,突破品質強,紅K實體放大｜收盤接近高點｜量能較前日放大｜突破近5日高｜MA5加速上彎｜短均多頭,TEST有升級IGNITION條件，可優先觀察隔日延續。,v266.57.9,GENERIC,0.55,0.5,0.5,14.8,52.0,最後後處理補寫：原分數+結構前置+續強品質+突破品質；不覆蓋原策略,0.0,,一般,12.136,v266.58.1,2026-10-01 01:22:38,發動中,5,20,IGNITION,前狀態:發動中→今日:發動中｜強狀態維持｜連續升級｜強狀態連續維持｜連續狀態達IGNITION,YES,v266.60.2,19.136,30.0,32.0,0.0,0.0,21.624,28.0,20/40/60結構佳｜續強品質佳｜主力佈局語意｜狀態升級強｜具升級旗標｜升級標籤｜突破品質輔助,高優先準點火,v266.61,2026-10-01 01:22:44,31.0,洗盤不破承接｜突破品質成立但未過熱｜狀態升級觸發｜狀態轉移轉強,強點火事件,可列入優先追蹤，觀察隔日不破MA5/MA10。,22.695,26,v266.62,2026-10-01 01:22:46,24.0,0.0,28.0,35.0,-19.39,量能安靜｜洗盤整理不破｜主力吸籌文字確認｜狀態剛升級｜假突破/出貨文字風險,v266.68,2026-10-01 01:22:50,FAKE_BREAKOUT_RISK,假突破/追高風險：避免追價。,WATCH,791
2026-09-30,6108,WATCH,54,25.05,50以下,0.0,0,佈局觀察,波動壓縮 | 均線收斂 | 接近突破 | 結構尚可,True,False,False,True,False,True,12.0,A,起漲結構強,20D站上MA20｜MA20走平翻揚｜MA5站上MA10｜接近20日高｜短中均線糾結｜40D低點守住｜接近/站回MA60｜MA60不再下彎｜站回60D區間中上｜近5日量縮｜5D動能轉正｜10D動能轉正,平台壓縮後轉強，可優先觀察起漲/試單。,v266.57.9,12.0,無原分數欄位｜僅顯示結構前置分數,1.0,10.0,A,續強品質強,回檔不破前低｜低點墊高確認｜收盤守MA5｜續強確認：收盤未跌破MA5｜回檔量縮｜MA5仍在MA10上｜仍站MA20｜10D動能維持,回檔承接尚可，若原策略入選，可優先觀察延續。,v266.57.9,10.7,0.55,0.5,GENERIC,測試排序分=原分數+結構前置分*策略權重+續強品質*策略權重；不覆蓋原策略,1.0,6.2,A,突破品質強,紅K實體放大｜量能較前日放大｜突破近5日高｜MA5加速上彎｜短均多頭,TEST有升級IGNITION條件，可優先觀察隔日延續。,v266.57.9,WATCH,0.55,0.35,0.75,14.75,54.0,最後後處理補寫：原分數+結構前置+續強品質+突破品質；不覆蓋原策略,0.0,,一般,12.095,v266.58.1,2026-10-01 01:22:38,發動中,5,20,IGNITION,前狀態:發動中→今日:發動中｜強狀態維持｜連續升級｜強狀態連續維持｜連續狀態達IGNITION,YES,v266.60.2,19.095,30.0,32.0,0.0,0.0,21.62,30.0,20/40/60結構佳｜續強品質佳｜主力佈局語意｜狀態升級強｜具升級旗標｜升級標籤｜突破品質輔助,高優先準點火,v266.61,2026-10-01 01:22:44,31.0,洗盤不破承接｜突破品質成立但未過熱｜狀態升級觸發｜狀態轉移轉強,強點火事件,可列入優先追蹤，觀察隔日不破MA5/MA10。,22.666,29,v266.62,2026-10-01 01:22:46,24.0,0.0,28.0,35.0,-19.39,量能安靜｜洗盤整理不破｜主力吸籌文字確認｜狀態剛升級｜假突破/出貨文字風險,v266.68,2026-10-01 01:22:50,FAKE_BREAKOUT_RISK,假突破/追高風險：避免追價。,WATCH,792
2026-09-30,2636,WATCH,54,71.7,50-100,0.0,0,佈局觀察,波動壓縮 | 均線收斂 | 接近突破 | 結構尚可,True,False,False,True,False,True,12.0,A,起漲結構強,20D站上MA20｜MA20走平翻揚｜MA5站上MA10｜接近20日高｜40D平台收斂｜短中均線糾結｜40D低點守住｜接近/站回MA60｜MA60不再下彎｜站回60D區間中上｜5D動能轉正｜10D動能轉正,平台壓縮後轉強，可優先觀察起漲/試單。,v266.57.9,12.0,無原分數欄位｜僅顯示結構前置分數,1.0,10.0,A,續強品質強,回檔不破前低｜低點墊高確認｜收盤守MA5｜續強確認：收盤未跌破MA5｜回檔量縮｜MA5仍在MA10上｜仍站MA20｜10D動能維持,回檔承接尚可，若原策略入選，可優先觀察延續。,v266.57.9,10.7,0.55,0.5,GENERIC,測試排序分=原分數+結構前置分*策略權重+續強品質*策略權重；不覆蓋原策略,1.0,6.2,A,突破品質強,紅K實體放大｜收盤接近高點｜量能較前日放大｜MA5加速上彎｜短均多頭,TEST有升級IGNITION條件，可優先觀察隔日延續。,v266.57.9,WATCH,0.55,0.35,0.75,14.75,54.0,最後後處理補寫：原分數+結構前置+續強品質+突破品質；不覆蓋原策略,0.0,,一般,12.095,v266.58.1,2026-10-01 01:22:38,發動中,5,20,IGNITION,前狀態:發動中→今日:發動中｜強狀態維持｜連續升級｜強狀態連續維持｜連續狀態達IGNITION,YES,v266.60.2,19.095,30.0,32.0,0.0,0.0,21.62,30.0,20/40/60結構佳｜續強品質佳｜主力佈局語意｜狀態升級強｜具升級旗標｜升級標籤｜突破品質輔助,高優先準點火,v266.61,2026-10-01 01:22:44,31.0,洗盤不破承接｜突破品質成立但未過熱｜狀態升級觸發｜狀態轉移轉強,強點火事件,可列入優先追蹤，觀察隔日不破MA5/MA10。,22.666,30,v266.62,2026-10-01 01:22:46,24.0,0.0,28.0,35.0,-19.39,量能安靜｜洗盤整理不破｜主力吸籌文字確認｜狀態剛升級｜假突破/出貨文字風險,v266.68,2026-10-01 01:22:50,FAKE_BREAKOUT_RISK,假突破/追高風險：避免追價。,WATCH,793
2026-09-30,1612,BUY,86,35.7,50以下,0.01,10000,主力佈局完成,波動壓縮 | 安靜吸籌 | 均線收斂 | 放量吸收 | 接近突破 | 結構尚可,True,True,False,True,True,True,11.6,A,起漲結構強,20D站上MA20｜MA20走平翻揚｜MA5站上MA10｜接近20日高｜40D平台收斂｜短中均線糾結｜40D低點守住｜接近/站回MA60｜站回60D區間中上｜5D動能轉正｜10D動能轉正,平台壓縮後轉強，可優先觀察起漲/試單。,v266.57.9,11.6,無原分數欄位｜僅顯示結構前置分數,97.0,8.7,A,續強品質強,回檔不破前低｜低點墊高確認｜收盤守MA5｜續強確認：收盤未跌破MA5｜MA5仍在MA10上｜仍站MA20｜10D動能維持,回檔承接尚可，若原策略入選，可優先觀察延續。,v266.57.9,9.73,0.55,0.5,GENERIC,測試排序分=原分數+結構前置分*策略權重+續強品質*策略權重；不覆蓋原策略,102.0,7.7,A,突破品質強,紅K實體放大｜收盤接近高點｜量能較前日放大｜突破近5日高｜MA5加速上彎｜短均多頭,TEST有升級IGNITION條件，可優先觀察隔日延續。,v266.57.9,GENERIC,0.55,0.5,0.5,14.58,61.0,最後後處理補寫：原分數+結構前置+續強品質+突破品質；不覆蓋原策略,0.0,,一般,11.956,v266.58.1,2026-10-01 01:22:38,發動中,5,20,IGNITION,前狀態:發動中→今日:發動中｜強狀態維持｜連續升級｜強狀態連續維持｜連續狀態達IGNITION,YES,v266.60.2,18.956,30.0,32.0,0.0,0.0,21.606,32.0,20/40/60結構佳｜續強品質佳｜主力佈局語意｜狀態升級強｜具升級旗標｜升級標籤｜突破品質輔助,高優先準點火,v266.61,2026-10-01 01:22:44,31.0,洗盤不破承接｜突破品質成立但未過熱｜狀態升級觸發｜狀態轉移轉強,強點火事件,可列入優先追蹤，觀察隔日不破MA5/MA10。,22.569,31,v266.62,2026-10-01 01:22:46,24.0,0.0,28.0,35.0,-19.39,量能安靜｜洗盤整理不破｜主力吸籌文字確認｜狀態剛升級｜假突破/出貨文字風險,v266.68,2026-10-01 01:22:50,FAKE_BREAKOUT_RISK,假突破/追高風險：避免追價。,WATCH,794
2026-09-30,2002,BUY,86,19.2,50以下,0.01,10000,主力佈局完成,波動壓縮 | 安靜吸籌 | 均線收斂 | 放量吸收 | 接近突破 | 結構尚可,True,True,False,True,True,True,11.6,A,起漲結構強,20D站上MA20｜MA5站上MA10｜接近20日高｜40D平台收斂｜短中均線糾結｜40D低點守住｜接近/站回MA60｜MA60不再下彎｜站回60D區間中上｜5D動能轉正｜10D動能轉正,平台壓縮後轉強，可優先觀察起漲/試單。,v266.57.9,11.6,無原分數欄位｜僅顯示結構前置分數,97.0,8.7,A,續強品質強,回檔不破前低｜低點墊高確認｜收盤守MA5｜續強確認：收盤未跌破MA5｜MA5仍在MA10上｜仍站MA20｜10D動能維持,回檔承接尚可，若原策略入選，可優先觀察延續。,v266.57.9,9.73,0.55,0.5,GENERIC,測試排序分=原分數+結構前置分*策略權重+續強品質*策略權重；不覆蓋原策略,102.0,7.7,A,突破品質強,紅K實體放大｜收盤接近高點｜量能較前日放大｜突破近5日高｜MA5加速上彎｜短均多頭,TEST有升級IGNITION條件，可優先觀察隔日延續。,v266.57.9,GENERIC,0.55,0.5,0.5,14.58,61.0,最後後處理補寫：原分數+結構前置+續強品質+突破品質；不覆蓋原策略,0.0,,一般,11.956,v266.58.1,2026-10-01 01:22:38,發動中,5,20,IGNITION,前狀態:發動中→今日:發動中｜強狀態維持｜連續升級｜強狀態連續維持｜連續狀態達IGNITION,YES,v266.60.2,18.956,30.0,32.0,0.0,0.0,21.606,32.0,20/40/60結構佳｜續強品質佳｜主力佈局語意｜狀態升級強｜具升級旗標｜升級標籤｜突破品質輔助,高優先準點火,v266.61,2026-10-01 01:22:44,31.0,洗盤不破承接｜突破品質成立但未過熱｜狀態升級觸發｜狀態轉移轉強,強點火事件,可列入優先追蹤，觀察隔日不破MA5/MA10。,22.569,32,v266.62,2026-10-01 01:22:46,24.0,0.0,28.0,35.0,-19.39,量能安靜｜洗盤整理不破｜主力吸籌文字確認｜狀態剛升級｜假突破/出貨文字風險,v266.68,2026-10-01 01:22:50,FAKE_BREAKOUT_RISK,假突破/追高風險：避免追價。,WATCH,795
2026-09-30,1459,WATCH,54,16.7,50以下,0.0,0,佈局觀察,波動壓縮 | 均線收斂 | 接近突破 | 結構尚可,True,False,False,True,False,True,12.0,A,起漲結構強,20D站上MA20｜MA20走平翻揚｜MA5站上MA10｜接近20日高｜40D平台收斂｜短中均線糾結｜40D低點守住｜接近/站回MA60｜MA60不再下彎｜站回60D區間中上｜量縮後溫和放量｜5D動能轉正｜10D動能轉正,平台壓縮後轉強，可優先觀察起漲/試單。,v266.57.9,12.0,無原分數欄位｜僅顯示結構前置分數,1.0,8.7,A,續強品質強,回檔不破前低｜低點墊高確認｜收盤守MA5｜續強確認：收盤未跌破MA5｜MA5仍在MA10上｜仍站MA20｜10D動能維持,回檔承接尚可，若原策略入選，可優先觀察延續。,v266.57.9,9.95,0.55,0.5,GENERIC,測試排序分=原分數+結構前置分*策略權重+續強品質*策略權重；不覆蓋原策略,51.0,6.5,A,突破品質強,紅K實體放大｜收盤接近高點｜突破近5日高｜MA5加速上彎｜短均多頭,TEST有升級IGNITION條件，可優先觀察隔日延續。,v266.57.9,WATCH,0.55,0.35,0.75,14.52,67.0,最後後處理補寫：原分數+結構前置+續強品質+突破品質；不覆蓋原策略,0.0,,一般,11.906,v266.58.1,2026-10-01 01:22:38,發動中,5,20,IGNITION,前狀態:發動中→今日:發動中｜強狀態維持｜連續升級｜強狀態連續維持｜連續狀態達IGNITION,YES,v266.60.2,18.906,30.0,32.0,0.0,0.0,21.601,36.0,20/40/60結構佳｜續強品質佳｜主力佈局語意｜狀態升級強｜具升級旗標｜升級標籤｜突破品質輔助,高優先準點火,v266.61,2026-10-01 01:22:44,31.0,洗盤不破承接｜突破品質成立但未過熱｜狀態升級觸發｜狀態轉移轉強,強點火事件,可列入優先追蹤，觀察隔日不破MA5/MA10。,22.534,33,v266.62,2026-10-01 01:22:46,24.0,0.0,28.0,35.0,-19.39,量能安靜｜洗盤整理不破｜主力吸籌文字確認｜狀態剛升級｜假突破/出貨文字風險,v266.68,2026-10-01 01:22:50,FAKE_BREAKOUT_RISK,假突破/追高風險：避免追價。,WATCH,796
2026-09-30,3050,WATCH,54,11.95,50以下,0.0,0,佈局觀察,波動壓縮 | 均線收斂 | 接近突破 | 結構尚可,True,False,False,True,False,True,12.0,A,起漲結構強,20D站上MA20｜MA5站上MA10｜接近20日高｜40D平台收斂｜短中均線糾結｜40D低點守住｜接近/站回MA60｜站回60D區間中上｜量縮後溫和放量｜5D動能轉正｜10D動能轉正,平台壓縮後轉強，可優先觀察起漲/試單。,v266.57.9,12.0,無原分數欄位｜僅顯示結構前置分數,1.0,8.7,A,續強品質強,回檔不破前低｜低點墊高確認｜收盤守MA5｜續強確認：收盤未跌破MA5｜MA5仍在MA10上｜仍站MA20｜10D動能維持,回檔承接尚可，若原策略入選，可優先觀察延續。,v266.57.9,9.95,0.55,0.5,GENERIC,測試排序分=原分數+結構前置分*策略權重+續強品質*策略權重；不覆蓋原策略,51.0,6.5,A,突破品質強,紅K實體放大｜收盤接近高點｜量能較前日放大｜突破近5日高｜短均多頭,TEST有升級IGNITION條件，可優先觀察隔日延續。,v266.57.9,WATCH,0.55,0.35,0.75,14.52,67.0,最後後處理補寫：原分數+結構前置+續強品質+突破品質；不覆蓋原策略,0.0,,一般,11.906,v266.58.1,2026-10-01 01:22:38,發動中,5,20,IGNITION,前狀態:發動中→今日:發動中｜強狀態維持｜連續升級｜強狀態連續維持｜連續狀態達IGNITION,YES,v266.60.2,18.906,30.0,32.0,0.0,0.0,21.601,36.0,20/40/60結構佳｜續強品質佳｜主力佈局語意｜狀態升級強｜具升級旗標｜升級標籤｜突破品質輔助,高優先準點火,v266.61,2026-10-01 01:22:44,31.0,洗盤不破承接｜突破品質成立但未過熱｜狀態升級觸發｜狀態轉移轉強,強點火事件,可列入優先追蹤，觀察隔日不破MA5/MA10。,22.534,34,v266.62,2026-10-01 01:22:46,24.0,0.0,28.0,35.0,-19.39,量能安靜｜洗盤整理不破｜主力吸籌文字確認｜狀態剛升級｜假突破/出貨文字風險,v266.68,2026-10-01 01:22:50,FAKE_BREAKOUT_RISK,假突破/追高風險：避免追價。,WATCH,797
2026-09-30,1732,BUY,86,26.15,50以下,0.01,10000,主力佈局完成,波動壓縮 | 安靜吸籌 | 均線收斂 | 放量吸收 | 接近突破 | 結構尚可,True,True,False,True,True,True,10.6,A,起漲結構強,20D站上MA20｜MA5站上MA10｜接近20日高｜40D平台收斂｜短中均線糾結｜40D低點守住｜接近/站回MA60｜MA60不再下彎｜5D動能轉正｜10D動能轉正,平台壓縮後轉強，可優先觀察起漲/試單。,v266.57.9,10.6,無原分數欄位｜僅顯示結構前置分數,215.0,8.7,A,續強品質強,回檔不破前低｜低點墊高確認｜收盤守MA5｜續強確認：收盤未跌破MA5｜MA5仍在MA10上｜仍站MA20｜10D動能維持,回檔承接尚可，若原策略入選，可優先觀察延續。,v266.57.9,9.18,0.55,0.5,GENERIC,測試排序分=原分數+結構前置分*策略權重+續強品質*策略權重；不覆蓋原策略,165.0,7.7,A,突破品質強,紅K實體放大｜收盤接近高點｜量能較前日放大｜突破近5日高｜MA5加速上彎｜短均多頭,TEST有升級IGNITION條件，可優先觀察隔日延續。,v266.57.9,GENERIC,0.55,0.5,0.5,14.03,84.0,最後後處理補寫：原分數+結構前置+續強品質+突破品質；不覆蓋原策略,0.0,,一般,11.505,v266.58.1,2026-10-01 01:22:38,發動中,5,21,IGNITION,前狀態:吸籌中→今日:發動中｜狀態跳升｜連續升級｜連續狀態達IGNITION,YES,v266.60.2,18.855,30.0,32.0,0.0,0.0,21.578,42.0,20/40/60結構佳｜續強品質佳｜主力佈局語意｜狀態升級強｜具升級旗標｜升級標籤｜突破品質輔助,高優先準點火,v266.61,2026-10-01 01:22:44,31.0,洗盤不破承接｜突破品質成立但未過熱｜狀態升級觸發｜狀態轉移轉強,強點火事件,可列入優先追蹤，觀察隔日不破MA5/MA10。,22.498,35,v266.62,2026-10-01 01:22:46,24.0,0.0,28.0,35.0,-19.39,量能安靜｜洗盤整理不破｜主力吸籌文字確認｜狀態剛升級｜假突破/出貨文字風險,v266.68,2026-10-01 01:22:50,FAKE_BREAKOUT_RISK,假突破/追高風險：避免追價。,WATCH,798
2026-09-30,2527,WATCH,52,50.0,50-100,0.0,0,佈局觀察,波動壓縮 | 放量吸收 | 接近突破 | 結構尚可,True,False,False,False,True,True,12.0,A,起漲結構強,20D站上MA20｜MA20走平翻揚｜MA5站上MA10｜接近20日高｜40D平台收斂｜短中均線糾結｜40D低點守住｜接近/站回MA60｜MA60不再下彎｜站回60D區間中上｜量縮後溫和放量｜5D動能轉正｜10D動能轉正,平台壓縮後轉強，可優先觀察起漲/試單。,v266.57.9,12.0,無原分數欄位｜僅顯示結構前置分數,1.0,8.7,A,續強品質強,回檔不破前低｜低點墊高確認｜收盤守MA5｜續強確認：收盤未跌破MA5｜MA5仍在MA10上｜仍站MA20｜10D動能維持,回檔承接尚可，若原策略入選，可優先觀察延續。,v266.57.9,9.2,0.55,0.5,GENERIC,測試排序分=原分數+結構前置分*策略權重+續強品質*策略權重；不覆蓋原策略,164.0,6.2,A,突破品質強,紅K實體放大｜量能較前日放大｜突破近5日高｜MA5加速上彎｜短均多頭,TEST有升級IGNITION條件，可優先觀察隔日延續。,v266.57.9,WATCH,0.55,0.35,0.75,14.295,73.0,最後後處理補寫：原分數+結構前置+續強品質+突破品質；不覆蓋原策略,0.0,,一般,11.722,v266.58.1,2026-10-01 01:22:38,發動中,5,20,IGNITION,前狀態:發動中→今日:發動中｜強狀態維持｜連續升級｜強狀態連續維持｜連續狀態達IGNITION,YES,v266.60.2,18.722,30.0,32.0,0.0,0.0,21.582,39.0,20/40/60結構佳｜續強品質佳｜主力佈局語意｜狀態升級強｜具升級旗標｜升級標籤｜突破品質輔助,高優先準點火,v266.61,2026-10-01 01:22:44,31.0,洗盤不破承接｜突破品質成立但未過熱｜狀態升級觸發｜狀態轉移轉強,強點火事件,可列入優先追蹤，觀察隔日不破MA5/MA10。,22.405,37,v266.62,2026-10-01 01:22:46,24.0,0.0,28.0,35.0,-19.39,量能安靜｜洗盤整理不破｜主力吸籌文字確認｜狀態剛升級｜假突破/出貨文字風險,v266.68,2026-10-01 01:22:50,FAKE_BREAKOUT_RISK,假突破/追高風險：避免追價。,WATCH,799
2026-09-30,5243,WATCH,54,91.5,50-100,0.0,0,佈局觀察,波動壓縮 | 均線收斂 | 放量吸收 | 結構尚可,True,False,False,True,True,False,11.6,A,起漲結構強,20D站上MA20｜MA5站上MA10｜40D平台收斂｜短中均線糾結｜40D低點守住｜接近/站回MA60｜站回60D區間中上｜量縮後溫和放量｜5D動能轉正｜10D動能轉正,平台壓縮後轉強，可優先觀察起漲/試單。,v266.57.9,9.6,無原分數欄位｜僅顯示結構前置分數,365.0,8.7,A,續強品質強,回檔不破前低｜低點墊高確認｜收盤守MA5｜續強確認：收盤未跌破MA5｜MA5仍在MA10上｜仍站MA20｜10D動能維持,回檔承接尚可，若原策略入選，可優先觀察延續。,v266.57.9,7.88,0.55,0.5,GENERIC,測試排序分=原分數+結構前置分*策略權重+續強品質*策略權重；不覆蓋原策略,414.0,6.2,A,突破品質強,紅K實體放大｜量能較前日放大｜突破近5日高｜MA5加速上彎｜短均多頭,TEST有升級IGNITION條件，可優先觀察隔日延續。,v266.57.9,WATCH,0.55,0.35,0.75,14.075,78.0,最後後處理補寫：原分數+結構前置+續強品質+突破品質；不覆蓋原策略,0.0,,一般,11.542,v266.58.1,2026-10-01 01:22:38,發動中,5,20,IGNITION,前狀態:發動中→今日:發動中｜強狀態維持｜連續升級｜強狀態連續維持｜連續狀態達IGNITION,YES,v266.60.2,18.542,30.0,32.0,0.0,0.0,21.564,46.0,20/40/60結構佳｜續強品質佳｜主力佈局語意｜狀態升級強｜具升級旗標｜升級標籤｜突破品質輔助,高優先準點火,v266.61,2026-10-01 01:22:44,31.0,洗盤不破承接｜突破品質成立但未過熱｜狀態升級觸發｜狀態轉移轉強,強點火事件,可列入優先追蹤，觀察隔日不破MA5/MA10。,22.279,40,v266.62,2026-10-01 01:22:46,24.0,0.0,28.0,35.0,-19.39,量能安靜｜洗盤整理不破｜主力吸籌文字確認｜狀態剛升級｜假突破/出貨文字風險,v266.68,2026-10-01 01:22:50,FAKE_BREAKOUT_RISK,假突破/追高風險：避免追價。,WATCH,800
2026-09-30,3054,BUY,86,59.4,50-100,0.01,10000,主力佈局完成,波動壓縮 | 安靜吸籌 | 均線收斂 | 放量吸收 | 接近突破 | 結構尚可,True,True,False,True,True,True,12.0,A,起漲結構強,20D站上MA20｜MA20走平翻揚｜MA5站上MA10｜40D平台收斂｜短中均線糾結｜40D低點守住｜接近/站回MA60｜站回60D區間中上｜量縮後溫和放量｜5D動能轉正｜10D動能轉正,平台壓縮後轉強，可優先觀察起漲/試單。,v266.57.9,12.0,無原分數欄位｜僅顯示結構前置分數,1.0,8.7,A,續強品質強,回檔不破前低｜低點墊高確認｜收盤守MA5｜續強確認：收盤未跌破MA5｜MA5仍在MA10上｜仍站MA20｜10D動能維持,回檔承接尚可，若原策略入選，可優先觀察延續。,v266.57.9,9.95,0.55,0.5,GENERIC,測試排序分=原分數+結構前置分*策略權重+續強品質*策略權重；不覆蓋原策略,51.0,6.2,A,突破品質強,收盤接近高點｜量能較前日放大｜突破近5日高｜MA5加速上彎｜短均多頭,TEST有升級IGNITION條件，可優先觀察隔日延續。,v266.57.9,GENERIC,0.55,0.5,0.5,14.05,81.0,最後後處理補寫：原分數+結構前置+續強品質+突破品質；不覆蓋原策略,0.0,,一般,11.521,v266.58.1,2026-10-01 01:22:38,發動中,5,20,IGNITION,前狀態:發動中→今日:發動中｜強狀態維持｜連續升級｜強狀態連續維持｜連續狀態達IGNITION,YES,v266.60.2,18.521,30.0,32.0,0.0,0.0,21.562,47.0,20/40/60結構佳｜續強品質佳｜主力佈局語意｜狀態升級強｜具升級旗標｜升級標籤｜突破品質輔助,高優先準點火,v266.61,2026-10-01 01:22:44,31.0,洗盤不破承接｜突破品質成立但未過熱｜狀態升級觸發｜狀態轉移轉強,強點火事件,可列入優先追蹤，觀察隔日不破MA5/MA10。,22.265,41,v266.62,2026-10-01 01:22:46,24.0,0.0,28.0,35.0,-19.39,量能安靜｜洗盤整理不破｜主力吸籌文字確認｜狀態剛升級｜假突破/出貨文字風險,v266.68,2026-10-01 01:22:50,FAKE_BREAKOUT_RISK,假突破/追高風險：避免追價。,WATCH,801
2026-09-30,4142,BUY,86,18.25,50以下,0.01,10000,主力佈局完成,波動壓縮 | 安靜吸籌 | 均線收斂 | 放量吸收 | 接近突破 | 結構尚可,True,True,False,True,True,True,12.0,A,起漲結構強,20D站上MA20｜MA20走平翻揚｜MA5站上MA10｜接近20日高｜40D平台收斂｜短中均線糾結｜40D低點守住｜接近/站回MA60｜MA60不再下彎｜站回60D區間中上｜量縮後溫和放量｜5D動能轉正｜10D動能轉正,平台壓縮後轉強，可優先觀察起漲/試單。,v266.57.9,12.0,無原分數欄位｜僅顯示結構前置分數,1.0,8.7,A,續強品質強,回檔不破前低｜低點墊高確認｜收盤守MA5｜續強確認：收盤未跌破MA5｜MA5仍在MA10上｜仍站MA20｜10D動能維持,回檔承接尚可，若原策略入選，可優先觀察延續。,v266.57.9,9.95,0.55,0.5,GENERIC,測試排序分=原分數+結構前置分*策略權重+續強品質*策略權重；不覆蓋原策略,51.0,6.2,A,突破品質強,收盤接近高點｜量能較前日放大｜突破近5日高｜MA5加速上彎｜短均多頭,TEST有升級IGNITION條件，可優先觀察隔日延續。,v266.57.9,GENERIC,0.55,0.5,0.5,14.05,81.0,最後後處理補寫：原分數+結構前置+續強品質+突破品質；不覆蓋原策略,0.0,,一般,11.521,v266.58.1,2026-10-01 01:22:38,發動中,5,20,IGNITION,前狀態:發動中→今日:發動中｜強狀態維持｜連續升級｜強狀態連續維持｜連續狀態達IGNITION,YES,v266.60.2,18.521,30.0,32.0,0.0,0.0,21.562,47.0,20/40/60結構佳｜續強品質佳｜主力佈局語意｜狀態升級強｜具升級旗標｜升級標籤｜突破品質輔助,高優先準點火,v266.61,2026-10-01 01:22:44,31.0,洗盤不破承接｜突破品質成立但未過熱｜狀態升級觸發｜狀態轉移轉強,強點火事件,可列入優先追蹤，觀察隔日不破MA5/MA10。,22.265,42,v266.62,2026-10-01 01:22:46,24.0,0.0,28.0,35.0,-19.39,量能安靜｜洗盤整理不破｜主力吸籌文字確認｜狀態剛升級｜假突破/出貨文字風險,v266.68,2026-10-01 01:22:50,FAKE_BREAKOUT_RISK,假突破/追高風險：避免追價。,WATCH,802
2026-09-30,1603,BUY,86,30.6,50以下,0.01,10000,主力佈局完成,波動壓縮 | 安靜吸籌 | 均線收斂 | 放量吸收 | 接近突破 | 結構尚可,True,True,False,True,True,True,12.0,A,起漲結構強,20D站上MA20｜MA5站上MA10｜接近20日高｜40D平台收斂｜短中均線糾結｜40D低點守住｜接近/站回MA60｜站回60D區間中上｜量縮後溫和放量｜5D動能轉正｜10D動能轉正,平台壓縮後轉強，可優先觀察起漲/試單。,v266.57.9,12.0,無原分數欄位｜僅顯示結構前置分數,1.0,8.7,A,續強品質強,回檔不破前低｜低點墊高確認｜收盤守MA5｜續強確認：收盤未跌破MA5｜MA5仍在MA10上｜仍站MA20｜10D動能維持,回檔承接尚可，若原策略入選，可優先觀察延續。,v266.57.9,9.95,0.55,0.5,GENERIC,測試排序分=原分數+結構前置分*策略權重+續強品質*策略權重；不覆蓋原策略,51.0,6.2,A,突破品質強,紅K實體放大｜量能較前日放大｜突破近5日高｜MA5加速上彎｜短均多頭,TEST有升級IGNITION條件，可優先觀察隔日延續。,v266.57.9,GENERIC,0.55,0.5,0.5,14.05,81.0,最後後處理補寫：原分數+結構前置+續強品質+突破品質；不覆蓋原策略,0.0,,一般,11.521,v266.58.1,2026-10-01 01:22:38,發動中,5,20,IGNITION,前狀態:發動中→今日:發動中｜強狀態維持｜連續升級｜強狀態連續維持｜連續狀態達IGNITION,YES,v266.60.2,18.521,30.0,32.0,0.0,0.0,21.562,47.0,20/40/60結構佳｜續強品質佳｜主力佈局語意｜狀態升級強｜具升級旗標｜升級標籤｜突破品質輔助,高優先準點火,v266.61,2026-10-01 01:22:44,31.0,洗盤不破承接｜突破品質成立但未過熱｜狀態升級觸發｜狀態轉移轉強,強點火事件,可列入優先追蹤，觀察隔日不破MA5/MA10。,22.265,43,v266.62,2026-10-01 01:22:46,24.0,0.0,28.0,35.0,-19.39,量能安靜｜洗盤整理不破｜主力吸籌文字確認｜狀態剛升級｜假突破/出貨文字風險,v266.68,2026-10-01 01:22:50,FAKE_BREAKOUT_RISK,假突破/追高風險：避免追價。,WATCH,803
2026-09-30,2010,BUY,86,23.0,50以下,0.01,10000,主力佈局完成,波動壓縮 | 安靜吸籌 | 均線收斂 | 放量吸收 | 接近突破 | 結構尚可,True,True,False,True,True,True,10.6,A,起漲結構強,20D站上MA20｜MA5站上MA10｜接近20日高｜40D平台收斂｜短中均線糾結｜40D低點守住｜接近/站回MA60｜站回60D區間中上｜5D動能轉正｜10D動能轉正,平台壓縮後轉強，可優先觀察起漲/試單。,v266.57.9,10.6,無原分數欄位｜僅顯示結構前置分數,215.0,8.7,A,續強品質強,回檔不破前低｜低點墊高確認｜收盤守MA5｜續強確認：收盤未跌破MA5｜MA5仍在MA10上｜仍站MA20｜10D動能維持,回檔承接尚可，若原策略入選，可優先觀察延續。,v266.57.9,9.18,0.55,0.5,GENERIC,測試排序分=原分數+結構前置分*策略權重+續強品質*策略權重；不覆蓋原策略,165.0,7.7,A,突破品質強,紅K實體放大｜收盤接近高點｜量能較前日放大｜突破近5日高｜MA5加速上彎｜短均多頭,TEST有升級IGNITION條件，可優先觀察隔日延續。,v266.57.9,GENERIC,0.55,0.5,0.5,14.03,84.0,最後後處理補寫：原分數+結構前置+續強品質+突破品質；不覆蓋原策略,0.0,,一般,11.505,v266.58.1,2026-10-01 01:22:38,發動中,5,20,IGNITION,前狀態:發動中→今日:發動中｜強狀態維持｜連續升級｜強狀態連續維持｜連續狀態達IGNITION,YES,v266.60.2,18.505,30.0,32.0,0.0,0.0,21.56,50.0,20/40/60結構佳｜續強品質佳｜主力佈局語意｜狀態升級強｜具升級旗標｜升級標籤｜突破品質輔助,高優先準點火,v266.61,2026-10-01 01:22:44,31.0,洗盤不破承接｜突破品質成立但未過熱｜狀態升級觸發｜狀態轉移轉強,強點火事件,可列入優先追蹤，觀察隔日不破MA5/MA10。,22.253,44,v266.62,2026-10-01 01:22:46,24.0,0.0,28.0,35.0,-19.39,量能安靜｜洗盤整理不破｜主力吸籌文字確認｜狀態剛升級｜假突破/出貨文字風險,v266.68,2026-10-01 01:22:50,FAKE_BREAKOUT_RISK,假突破/追高風險：避免追價。,WATCH,804
2026-09-30,2017,BUY,86,9.13,50以下,0.01,10000,主力佈局完成,波動壓縮 | 安靜吸籌 | 均線收斂 | 放量吸收 | 接近突破 | 結構尚可,True,True,False,True,True,True,11.6,A,起漲結構強,20D站上MA20｜MA5站上MA10｜接近20日高｜40D平台收斂｜短中均線糾結｜40D低點守住｜接近/站回MA60｜量縮後溫和放量｜5D動能轉正｜10D動能轉正,平台壓縮後轉強，可優先觀察起漲/試單。,v266.57.9,11.6,無原分數欄位｜僅顯示結構前置分數,97.0,8.7,A,續強品質強,回檔不破前低｜低點墊高確認｜收盤守MA5｜續強確認：收盤未跌破MA5｜MA5仍在MA10上｜仍站MA20｜10D動能維持,回檔承接尚可，若原策略入選，可優先觀察延續。,v266.57.9,9.73,0.55,0.5,GENERIC,測試排序分=原分數+結構前置分*策略權重+續強品質*策略權重；不覆蓋原策略,102.0,6.2,A,突破品質強,紅K實體放大｜量能較前日放大｜突破近5日高｜MA5加速上彎｜短均多頭,TEST有升級IGNITION條件，可優先觀察隔日延續。,v266.57.9,GENERIC,0.55,0.5,0.5,13.83,90.0,最後後處理補寫：原分數+結構前置+續強品質+突破品質；不覆蓋原策略,0.0,,一般,11.341,v266.58.1,2026-10-01 01:22:38,發動中,5,20,IGNITION,前狀態:發動中→今日:發動中｜強狀態維持｜連續升級｜強狀態連續維持｜連續狀態達IGNITION,YES,v266.60.2,18.341,30.0,32.0,0.0,0.0,21.544,51.0,20/40/60結構佳｜續強品質佳｜主力佈局語意｜狀態升級強｜具升級旗標｜升級標籤｜突破品質輔助,高優先準點火,v266.61,2026-10-01 01:22:44,31.0,洗盤不破承接｜突破品質成立但未過熱｜狀態升級觸發｜狀態轉移轉強,強點火事件,可列入優先追蹤，觀察隔日不破MA5/MA10。,22.139,48,v266.62,2026-10-01 01:22:46,24.0,0.0,28.0,35.0,-19.39,量能安靜｜洗盤整理不破｜主力吸籌文字確認｜狀態剛升級｜假突破/出貨文字風險,v266.68,2026-10-01 01:22:50,FAKE_BREAKOUT_RISK,假突破/追高風險：避免追價。,WATCH,805
2026-09-30,4927,WATCH,54,44.5,50以下,0.0,0,佈局觀察,波動壓縮 | 均線收斂 | 接近突破 | 結構尚可,True,False,False,True,False,True,10.1,A,起漲結構強,20D站上MA20｜MA20走平翻揚｜MA5站上MA10｜接近20日高｜短中均線糾結｜40D低點守住｜接近/站回MA60｜站回60D區間中上｜5D動能轉正｜10D動能轉正,平台壓縮後轉強，可優先觀察起漲/試單。,v266.57.9,10.1,無原分數欄位｜僅顯示結構前置分數,249.0,10.0,A,續強品質強,回檔不破前低｜低點墊高確認｜收盤守MA5｜續強確認：收盤未跌破MA5｜回檔量縮｜MA5仍在MA10上｜仍站MA20｜10D動能維持,回檔承接尚可，若原策略入選，可優先觀察延續。,v266.57.9,9.655,0.55,0.5,GENERIC,測試排序分=原分數+結構前置分*策略權重+續強品質*策略權重；不覆蓋原策略,123.0,6.2,A,突破品質強,紅K實體放大｜量能較前日放大｜突破近5日高｜MA5加速上彎｜短均多頭,TEST有升級IGNITION條件，可優先觀察隔日延續。,v266.57.9,WATCH,0.55,0.35,0.75,13.705,93.0,最後後處理補寫：原分數+結構前置+續強品質+突破品質；不覆蓋原策略,0.0,,一般,11.238,v266.58.1,2026-10-01 01:22:38,發動中,5,20,IGNITION,前狀態:發動中→今日:發動中｜強狀態維持｜連續升級｜強狀態連續維持｜連續狀態達IGNITION,YES,v266.60.2,18.238,30.0,32.0,0.0,0.0,21.534,53.0,20/40/60結構佳｜續強品質佳｜主力佈局語意｜狀態升級強｜具升級旗標｜升級標籤｜突破品質輔助,高優先準點火,v266.61,2026-10-01 01:22:44,31.0,洗盤不破承接｜突破品質成立但未過熱｜狀態升級觸發｜狀態轉移轉強,強點火事件,可列入優先追蹤，觀察隔日不破MA5/MA10。,22.067,49,v266.62,2026-10-01 01:22:46,24.0,0.0,28.0,35.0,-19.39,量能安靜｜洗盤整理不破｜主力吸籌文字確認｜狀態剛升級｜假突破/出貨文字風險,v266.68,2026-10-01 01:22:50,FAKE_BREAKOUT_RISK,假突破/追高風險：避免追價。,WATCH,806
2026-09-30,1444,WATCH,62,7.12,50以下,0.0,0,佈局觀察,波動壓縮 | 均線收斂 | 放量吸收 | 接近突破,True,False,False,True,True,True,9.6,A,起漲結構強,20D站上MA20｜MA5站上MA10｜40D平台收斂｜短中均線糾結｜接近/站回MA60｜量縮後溫和放量｜5D動能轉正｜10D動能轉正,平台壓縮後轉強，可優先觀察起漲/試單。,v266.57.9,9.6,無原分數欄位｜僅顯示結構前置分數,365.0,10.0,A,續強品質強,回檔不破前低｜低點墊高確認｜收盤守MA5｜續強確認：收盤未跌破MA5｜回檔量縮｜MA5仍在MA10上｜仍站MA20｜10D動能維持,回檔承接尚可，若原策略入選，可優先觀察延續。,v266.57.9,9.38,0.55,0.5,GENERIC,測試排序分=原分數+結構前置分*策略權重+續強品質*策略權重；不覆蓋原策略,152.0,6.2,A,突破品質強,紅K實體放大｜量能較前日放大｜突破近5日高｜MA5加速上彎｜短均多頭,TEST有升級IGNITION條件，可優先觀察隔日延續。,v266.57.9,WATCH,0.55,0.35,0.75,13.43,105.0,最後後處理補寫：原分數+結構前置+續強品質+突破品質；不覆蓋原策略,0.0,,一般,11.013,v266.58.1,2026-10-01 01:22:38,發動中,5,20,IGNITION,前狀態:發動中→今日:發動中｜強狀態維持｜連續升級｜強狀態連續維持｜連續狀態達IGNITION,YES,v266.60.2,18.013,30.0,32.0,0.0,0.0,21.511,58.0,20/40/60結構佳｜續強品質佳｜主力佈局語意｜狀態升級強｜具升級旗標｜升級標籤｜突破品質輔助,高優先準點火,v266.61,2026-10-01 01:22:44,31.0,洗盤不破承接｜突破品質成立但未過熱｜狀態升級觸發｜狀態轉移轉強,強點火事件,可列入優先追蹤，觀察隔日不破MA5/MA10。,21.909,53,v266.62,2026-10-01 01:22:46,24.0,0.0,28.0,35.0,-19.39,量能安靜｜洗盤整理不破｜主力吸籌文字確認｜狀態剛升級｜假突破/出貨文字風險,v266.68,2026-10-01 01:22:50,FAKE_BREAKOUT_RISK,假突破/追高風險：避免追價。,WATCH,807
2026-09-30,8104,BUY,80,32.1,50以下,0.01,10000,主力佈局完成,波動壓縮 | 安靜吸籌 | 均線收斂 | 放量吸收 | 接近突破,True,True,False,True,True,True,10.6,A,起漲結構強,20D站上MA20｜MA20走平翻揚｜MA5站上MA10｜接近20日高｜40D平台收斂｜短中均線糾結｜40D低點守住｜接近/站回MA60｜5D動能轉正｜10D動能轉正,平台壓縮後轉強，可優先觀察起漲/試單。,v266.57.9,8.6,無原分數欄位｜僅顯示結構前置分數,538.0,8.7,A,續強品質強,回檔不破前低｜低點墊高確認｜收盤守MA5｜續強確認：收盤未跌破MA5｜MA5仍在MA10上｜仍站MA20｜10D動能維持,回檔承接尚可，若原策略入選，可優先觀察延續。,v266.57.9,7.33,0.55,0.5,GENERIC,測試排序分=原分數+結構前置分*策略權重+續強品質*策略權重；不覆蓋原策略,538.0,6.2,A,突破品質強,紅K實體放大｜量能較前日放大｜突破近5日高｜MA5加速上彎｜短均多頭,TEST有升級IGNITION條件，可優先觀察隔日延續。,v266.57.9,GENERIC,0.55,0.5,0.5,13.28,114.0,最後後處理補寫：原分數+結構前置+續強品質+突破品質；不覆蓋原策略,0.0,,一般,10.89,v266.58.1,2026-10-01 01:22:38,發動中,5,20,IGNITION,前狀態:發動中→今日:發動中｜強狀態維持｜連續升級｜強狀態連續維持｜連續狀態達IGNITION,YES,v266.60.2,17.89,30.0,32.0,0.0,0.0,21.499,61.0,20/40/60結構佳｜續強品質佳｜主力佈局語意｜狀態升級強｜具升級旗標｜升級標籤｜突破品質輔助,高優先準點火,v266.61,2026-10-01 01:22:44,31.0,洗盤不破承接｜突破品質成立但未過熱｜狀態升級觸發｜狀態轉移轉強,強點火事件,可列入優先追蹤，觀察隔日不破MA5/MA10。,21.823,54,v266.62,2026-10-01 01:22:46,24.0,0.0,28.0,35.0,-19.39,量能安靜｜洗盤整理不破｜主力吸籌文字確認｜狀態剛升級｜假突破/出貨文字風險,v266.68,2026-10-01 01:22:50,FAKE_BREAKOUT_RISK,假突破/追高風險：避免追價。,WATCH,808
2026-09-30,3543,WATCH,56,51.2,50-100,0.0,0,佈局觀察,波動壓縮 | 安靜吸籌 | 接近突破 | 結構尚可,True,True,False,False,False,True,7.6,B,起漲結構中,20D站上MA20｜MA5站上MA10｜短中均線糾結｜40D低點守住｜接近/站回MA60｜MA60不再下彎｜站回60D區間中上｜5D動能轉正｜10D動能轉正｜扣分:單日爆量偏高,平台壓縮後轉強，可優先觀察起漲/試單。,v266.57.9,7.6,無原分數欄位｜僅顯示結構前置分數,694.0,8.7,A,續強品質強,回檔不破前低｜低點墊高確認｜收盤守MA5｜續強確認：收盤未跌破MA5｜MA5仍在MA10上｜仍站MA20｜10D動能維持,回檔承接尚可，若原策略入選，可優先觀察延續。,v266.57.9,7.53,0.55,0.5,GENERIC,測試排序分=原分數+結構前置分*策略權重+續強品質*策略權重；不覆蓋原策略,488.0,6.2,A,突破品質強,收盤接近高點｜量能較前日放大｜突破近5日高｜MA5加速上彎｜短均多頭,TEST有升級IGNITION條件，可優先觀察隔日延續。,v266.57.9,WATCH,0.55,0.35,0.75,11.875,169.0,最後後處理補寫：原分數+結構前置+續強品質+突破品質；不覆蓋原策略,0.0,,一般,9.737,v266.58.1,2026-10-01 01:22:38,發動中,5,20,IGNITION,前狀態:發動中→今日:發動中｜強狀態維持｜連續升級｜強狀態連續維持｜連續狀態達IGNITION,YES,v266.60.2,16.737,30.0,32.0,0.0,0.0,21.384,82.0,20/40/60結構佳｜續強品質佳｜主力佈局語意｜狀態升級強｜具升級旗標｜升級標籤｜突破品質輔助,高優先準點火,v266.61,2026-10-01 01:22:44,31.0,洗盤不破承接｜突破品質成立但未過熱｜狀態升級觸發｜狀態轉移轉強,強點火事件,可列入優先追蹤，觀察隔日不破MA5/MA10。,21.016,67,v266.62,2026-10-01 01:22:46,24.0,0.0,28.0,35.0,-19.39,量能安靜｜洗盤整理不破｜主力吸籌文字確認｜狀態剛升級｜假突破/出貨文字風險,v266.68,2026-10-01 01:22:50,FAKE_BREAKOUT_RISK,假突破/追高風險：避免追價。,WATCH,809
2026-09-30,6944,TEST,66,775.0,500-1000,0.005,5000,佈局高機率,波動壓縮 | 安靜吸籌 | 均線收斂 | 接近突破,True,True,False,True,False,True,11.6,A,起漲結構強,20D站上MA20｜MA20走平翻揚｜MA5站上MA10｜接近20日高｜40D平台收斂｜短中均線糾結｜40D低點守住｜接近/站回MA60｜量縮後溫和放量｜5D動能轉正｜10D動能轉正｜扣分:長上影壓力,平台壓縮後轉強，可優先觀察起漲/試單。,v266.57.9,10.6,無原分數欄位｜僅顯示結構前置分數,215.0,7.7,A,續強品質強,回檔不破前低｜低點墊高確認｜收盤守MA5｜續強確認：收盤未跌破MA5｜MA5仍在MA10上｜仍站MA20｜10D動能維持｜扣分:長上影壓力,回檔承接尚可，若原策略入選，可優先觀察延續。,v266.57.9,8.43,0.55,0.5,GENERIC,測試排序分=原分數+結構前置分*策略權重+續強品質*策略權重；不覆蓋原策略,305.0,-1.4,D,突破不足,短均多頭｜扣分:收盤位置偏弱、上影偏長,尚未形成乾淨突破，不急著升級。,v266.57.9,TEST,0.8,0.5,0.9,11.87,170.0,最後後處理補寫：原分數+結構前置+續強品質+突破品質；不覆蓋原策略,0.0,,一般,9.733,v266.58.1,2026-10-01 01:22:38,觀察,0,8,升級觀察,前狀態:出貨疑慮→今日:觀察｜狀態跳升｜狀態轉強,WATCH_UP,v266.60.2,12.533,30.0,18.0,0.0,15.0,10.353,683.0,20/40/60結構佳｜續強品質佳｜主力佈局語意｜具升級旗標｜升級標籤｜風險語意扣分,過熱降權,v266.61,2026-10-01 01:22:44,12.0,洗盤不破承接｜狀態升級觸發｜狀態轉移轉強｜假突破/出貨風險扣分,早期轉強事件,偏早期，可列入WATCH等待二次確認。,12.373,401,v266.62,2026-10-01 01:22:46,24.0,0.0,30.0,35.0,-20.01,量能安靜｜洗盤整理不破｜主力吸籌文字確認｜狀態轉移剛加速｜假突破/出貨文字風險,v266.68,2026-10-01 01:22:50,FAKE_BREAKOUT_RISK,假突破/追高風險：避免追價。,WATCH,810
2026-09-30,4566,TEST,70,74.1,50-100,0.005,5000,佈局高機率,波動壓縮 | 安靜吸籌 | 放量吸收 | 接近突破 | 結構尚可,True,True,False,False,True,True,10.1,A,起漲結構強,20D站上MA20｜MA20走平翻揚｜MA5站上MA10｜接近20日高｜40D平台收斂｜短中均線糾結｜40D低點守住｜接近/站回MA60｜MA60不再下彎｜站回60D區間中上｜5D動能轉正｜10D動能轉正｜扣分:單日爆量偏高、長上影壓力,平台壓縮後轉強，可優先觀察起漲/試單。,v266.57.9,9.1,無原分數欄位｜僅顯示結構前置分數,387.0,6.5,B,續強品質中,回檔不破前低｜低點墊高確認｜收盤守MA5｜續強確認：收盤未跌破MA5｜MA5仍在MA10上｜仍站MA20｜10D動能維持｜扣分:回檔量放大、長上影壓力,回檔承接尚可，若原策略入選，可優先觀察延續。,v266.57.9,7.005,0.55,0.5,GENERIC,測試排序分=原分數+結構前置分*策略權重+續強品質*策略權重；不覆蓋原策略,588.0,-1.4,D,突破不足,短均多頭｜扣分:收盤位置偏弱、上影偏長,尚未形成乾淨突破，不急著升級。,v266.57.9,TEST,0.8,0.5,0.9,10.07,314.0,最後後處理補寫：原分數+結構前置+續強品質+突破品質；不覆蓋原策略,0.0,,一般,8.257,v266.58.1,2026-10-01 01:22:38,觀察,0,8,升級觀察,前狀態:出貨疑慮→今日:觀察｜狀態跳升｜狀態轉強,WATCH_UP,v266.60.2,11.057,30.0,18.0,0.0,15.0,10.206,684.0,20/40/60結構佳｜續強品質佳｜主力佈局語意｜具升級旗標｜升級標籤｜風險語意扣分,過熱降權,v266.61,2026-10-01 01:22:44,12.0,洗盤不破承接｜狀態升級觸發｜狀態轉移轉強｜假突破/出貨風險扣分,早期轉強事件,偏早期，可列入WATCH等待二次確認。,11.34,405,v266.62,2026-10-01 01:22:46,24.0,0.0,30.0,35.0,-20.01,量能安靜｜洗盤整理不破｜主力吸籌文字確認｜狀態轉移剛加速｜假突破/出貨文字風險,v266.68,2026-10-01 01:22:50,FAKE_BREAKOUT_RISK,假突破/追高風險：避免追價。,WATCH,811
2026-09-30,1711,WATCH,58,40.9,50以下,0.0,0,佈局觀察,波動壓縮 | 安靜吸籌 | 均線收斂 | 結構尚可,True,True,False,True,False,False,10.1,A,起漲結構強,20D站上MA20｜MA5站上MA10｜短中均線糾結｜40D低點守住｜接近/站回MA60｜站回60D區間中上｜量縮後溫和放量｜5D動能轉正｜10D動能轉正,平台壓縮後轉強，可優先觀察起漲/試單。,v266.57.9,8.1,無原分數欄位｜僅顯示結構前置分數,551.0,8.7,A,續強品質強,回檔不破前低｜低點墊高確認｜收盤守MA5｜續強確認：收盤未跌破MA5｜MA5仍在MA10上｜仍站MA20｜10D動能維持,回檔承接尚可，若原策略入選，可優先觀察延續。,v266.57.9,7.055,0.55,0.5,GENERIC,測試排序分=原分數+結構前置分*策略權重+續強品質*策略權重；不覆蓋原策略,581.0,1.3,D,突破不足,突破近5日高｜MA5加速上彎｜短均多頭｜扣分:收盤位置偏弱、上影偏長,尚未形成乾淨突破，不急著升級。,v266.57.9,WATCH,0.55,0.35,0.75,9.575,377.0,最後後處理補寫：原分數+結構前置+續強品質+突破品質；不覆蓋原策略,0.0,,一般,7.851,v266.58.1,2026-10-01 01:22:38,觀察,0,8,升級觀察,前狀態:出貨疑慮→今日:觀察｜狀態跳升｜狀態轉強,WATCH_UP,v266.60.2,10.651,30.0,18.0,0.0,0.0,16.465,396.0,20/40/60結構佳｜續強品質佳｜主力佈局語意｜具升級旗標｜升級標籤,高優先準點火,v266.61,2026-10-01 01:22:44,12.0,洗盤不破承接｜狀態升級觸發｜狀態轉移轉強｜假突破/出貨風險扣分,早期轉強事件,偏早期，可列入WATCH等待二次確認。,11.056,408,v266.62,2026-10-01 01:22:46,24.0,0.0,30.0,35.0,-20.01,量能安靜｜洗盤整理不破｜主力吸籌文字確認｜狀態轉移剛加速｜假突破/出貨文字風險,v266.68,2026-10-01 01:22:50,FAKE_BREAKOUT_RISK,假突破/追高風險：避免追價。,WATCH,812
2026-09-30,6414,BUY,86,392.0,100-500,0.01,10000,主力佈局完成,波動壓縮 | 安靜吸籌 | 均線收斂 | 放量吸收 | 接近突破 | 結構尚可,True,True,False,True,True,True,9.6,A,起漲結構強,20D站上MA20｜MA5站上MA10｜40D平台收斂｜短中均線糾結｜MA60不再下彎｜量縮後溫和放量｜5D動能轉正｜10D動能轉正,平台壓縮後轉強，可優先觀察起漲/試單。,v266.57.9,7.6,無原分數欄位｜僅顯示結構前置分數,694.0,8.7,A,續強品質強,回檔不破前低｜低點墊高確認｜收盤守MA5｜續強確認：收盤未跌破MA5｜MA5仍在MA10上｜仍站MA20｜10D動能維持,回檔承接尚可，若原策略入選，可優先觀察延續。,v266.57.9,6.78,0.55,0.5,GENERIC,測試排序分=原分數+結構前置分*策略權重+續強品質*策略權重；不覆蓋原策略,618.0,-1.4,D,突破不足,短均多頭｜扣分:收盤位置偏弱、上影偏長,尚未形成乾淨突破，不急著升級。,v266.57.9,GENERIC,0.55,0.5,0.5,8.93,465.0,最後後處理補寫：原分數+結構前置+續強品質+突破品質；不覆蓋原策略,0.0,,一般,7.323,v266.58.1,2026-10-01 01:22:38,觀察,0,8,升級觀察,前狀態:出貨疑慮→今日:觀察｜狀態跳升｜狀態轉強,WATCH_UP,v266.60.2,10.123,30.0,18.0,0.0,0.0,16.412,397.0,20/40/60結構佳｜續強品質佳｜主力佈局語意｜具升級旗標｜升級標籤,高優先準點火,v266.61,2026-10-01 01:22:44,12.0,洗盤不破承接｜狀態升級觸發｜狀態轉移轉強｜假突破/出貨風險扣分,早期轉強事件,偏早期，可列入WATCH等待二次確認。,10.686,411,v266.62,2026-10-01 01:22:46,24.0,0.0,30.0,35.0,-20.01,量能安靜｜洗盤整理不破｜主力吸籌文字確認｜狀態轉移剛加速｜假突破/出貨文字風險,v266.68,2026-10-01 01:22:50,FAKE_BREAKOUT_RISK,假突破/追高風險：避免追價。,WATCH,813
2026-09-30,2032,WATCH,52,20.3,50以下,0.0,0,佈局觀察,安靜吸籌 | 放量吸收 | 接近突破 | 結構尚可,False,True,False,False,True,True,10.1,A,起漲結構強,20D站上MA20｜MA20走平翻揚｜MA5站上MA10｜接近20日高｜40D平台收斂｜短中均線糾結｜40D低點守住｜接近/站回MA60｜MA60不再下彎｜站回60D區間中上｜5D動能轉正｜10D動能轉正｜扣分:單日爆量偏高、長上影壓力,平台壓縮後轉強，可優先觀察起漲/試單。,v266.57.9,8.1,無原分數欄位｜僅顯示結構前置分數,551.0,6.5,B,續強品質中,回檔不破前低｜低點墊高確認｜收盤守MA5｜續強確認：收盤未跌破MA5｜MA5仍在MA10上｜仍站MA20｜10D動能維持｜扣分:回檔量放大、長上影壓力,回檔承接尚可，若原策略入選，可優先觀察延續。,v266.57.9,5.955,0.55,0.5,GENERIC,測試排序分=原分數+結構前置分*策略權重+續強品質*策略權重；不覆蓋原策略,767.0,1.3,D,突破不足,突破近5日高｜MA5加速上彎｜短均多頭｜扣分:收盤位置偏弱、上影偏長,尚未形成乾淨突破，不急著升級。,v266.57.9,WATCH,0.55,0.35,0.75,8.805,492.0,最後後處理補寫：原分數+結構前置+續強品質+突破品質；不覆蓋原策略,0.0,,一般,7.22,v266.58.1,2026-10-01 01:22:38,觀察,0,8,升級觀察,前狀態:出貨疑慮→今日:觀察｜狀態跳升｜狀態轉強,WATCH_UP,v266.60.2,10.02,30.0,18.0,0.0,15.0,10.102,685.0,20/40/60結構佳｜續強品質佳｜主力佈局語意｜具升級旗標｜升級標籤｜風險語意扣分,過熱降權,v266.61,2026-10-01 01:22:44,12.0,洗盤不破承接｜狀態升級觸發｜狀態轉移轉強｜假突破/出貨風險扣分,早期轉強事件,偏早期，可列入WATCH等待二次確認。,10.614,412,v266.62,2026-10-01 01:22:46,24.0,0.0,30.0,35.0,-20.01,量能安靜｜洗盤整理不破｜主力吸籌文字確認｜狀態轉移剛加速｜假突破/出貨文字風險,v266.68,2026-10-01 01:22:50,FAKE_BREAKOUT_RISK,假突破/追高風險：避免追價。,WATCH,814
2026-09-30,6901,BUY,86,16.85,50以下,0.01,10000,主力佈局完成,波動壓縮 | 安靜吸籌 | 均線收斂 | 放量吸收 | 接近突破 | 結構尚可,True,True,False,True,True,True,8.1,A,起漲結構強,20D站上MA20｜MA20走平翻揚｜MA5站上MA10｜接近20日高｜40D平台收斂｜短中均線糾結｜接近/站回MA60｜5D動能轉正｜10D動能轉正｜扣分:單日爆量偏高,平台壓縮後轉強，可優先觀察起漲/試單。,v266.57.9,8.1,無原分數欄位｜僅顯示結構前置分數,551.0,7.5,A,續強品質強,回檔不破前低｜低點墊高確認｜收盤守MA5｜續強確認：收盤未跌破MA5｜MA5仍在MA10上｜仍站MA20｜10D動能維持｜扣分:回檔量放大,回檔承接尚可，若原策略入選，可優先觀察延續。,v266.57.9,7.205,0.55,0.5,GENERIC,測試排序分=原分數+結構前置分*策略權重+續強品質*策略權重；不覆蓋原策略,567.0,1.0,D,突破不足,量能較前日放大｜短均多頭｜扣分:收盤位置偏弱,尚未形成乾淨突破，不急著升級。,v266.57.9,GENERIC,0.55,0.5,0.5,8.705,509.0,最後後處理補寫：原分數+結構前置+續強品質+突破品質；不覆蓋原策略,0.0,,一般,7.138,v266.58.1,2026-10-01 01:22:38,觀察,0,8,升級觀察,前狀態:出貨疑慮→今日:觀察｜狀態跳升｜狀態轉強,WATCH_UP,v266.60.2,9.938,30.0,18.0,0.0,0.0,16.394,398.0,20/40/60結構佳｜續強品質佳｜主力佈局語意｜具升級旗標｜升級標籤,高優先準點火,v266.61,2026-10-01 01:22:44,12.0,洗盤不破承接｜狀態升級觸發｜狀態轉移轉強｜假突破/出貨風險扣分,早期轉強事件,偏早期，可列入WATCH等待二次確認。,10.557,413,v266.62,2026-10-01 01:22:46,24.0,0.0,30.0,35.0,-20.01,量能安靜｜洗盤整理不破｜主力吸籌文字確認｜狀態轉移剛加速｜假突破/出貨文字風險,v266.68,2026-10-01 01:22:50,FAKE_BREAKOUT_RISK,假突破/追高風險：避免追價。,WATCH,815
2026-09-30,3042,WATCH,64,210.0,100-500,0.0,0,佈局觀察,波動壓縮 | 安靜吸籌 | 放量吸收 | 接近突破,True,True,False,False,True,True,11.6,A,起漲結構強,20D站上MA20｜MA20走平翻揚｜MA5站上MA10｜40D平台收斂｜短中均線糾結｜40D低點守住｜接近/站回MA60｜站回60D區間中上｜量縮後溫和放量｜5D動能轉正｜10D動能轉正｜扣分:長上影壓力,平台壓縮後轉強，可優先觀察起漲/試單。,v266.57.9,10.6,無原分數欄位｜僅顯示結構前置分數,215.0,6.5,B,續強品質中,回檔不破前低｜低點墊高確認｜收盤守MA5｜續強確認：收盤未跌破MA5｜MA5仍在MA10上｜仍站MA20｜10D動能維持｜扣分:回檔量放大、長上影壓力,回檔承接尚可，若原策略入選，可優先觀察延續。,v266.57.9,7.83,0.55,0.5,GENERIC,測試排序分=原分數+結構前置分*策略權重+續強品質*策略權重；不覆蓋原策略,422.0,-0.2,D,突破不足,MA5加速上彎｜短均多頭｜扣分:收盤位置偏弱、上影偏長,尚未形成乾淨突破，不急著升級。,v266.57.9,WATCH,0.55,0.35,0.75,8.505,537.0,最後後處理補寫：原分數+結構前置+續強品質+突破品質；不覆蓋原策略,0.0,,一般,6.974,v266.58.1,2026-10-01 01:22:38,觀察,0,8,升級觀察,前狀態:出貨疑慮→今日:觀察｜狀態跳升｜狀態轉強,WATCH_UP,v266.60.2,9.774,30.0,18.0,0.0,15.0,10.077,686.0,20/40/60結構佳｜續強品質佳｜主力佈局語意｜具升級旗標｜升級標籤｜風險語意扣分,過熱降權,v266.61,2026-10-01 01:22:44,12.0,洗盤不破承接｜狀態升級觸發｜狀態轉移轉強｜假突破/出貨風險扣分,早期轉強事件,偏早期，可列入WATCH等待二次確認。,10.442,415,v266.62,2026-10-01 01:22:46,24.0,0.0,30.0,35.0,-20.01,量能安靜｜洗盤整理不破｜主力吸籌文字確認｜狀態轉移剛加速｜假突破/出貨文字風險,v266.68,2026-10-01 01:22:50,FAKE_BREAKOUT_RISK,假突破/追高風險：避免追價。,WATCH,816
2026-09-30,6213,WATCH,56,623.0,500-1000,0.0,0,佈局觀察,波動壓縮 | 安靜吸籌 | 接近突破 | 結構尚可,True,True,False,False,False,True,11.1,A,起漲結構強,20D站上MA20｜MA20走平翻揚｜MA5站上MA10｜短中均線糾結｜40D低點守住｜接近/站回MA60｜MA60不再下彎｜站回60D區間中上｜量縮後溫和放量｜5D動能轉正｜10D動能轉正｜扣分:長上影壓力,平台壓縮後轉強，可優先觀察起漲/試單。,v266.57.9,10.1,無原分數欄位｜僅顯示結構前置分數,249.0,7.7,A,續強品質強,回檔不破前低｜低點墊高確認｜收盤守MA5｜續強確認：收盤未跌破MA5｜MA5仍在MA10上｜仍站MA20｜10D動能維持｜扣分:長上影壓力,回檔承接尚可，若原策略入選，可優先觀察延續。,v266.57.9,8.155,0.55,0.5,GENERIC,測試排序分=原分數+結構前置分*策略權重+續強品質*策略權重；不覆蓋原策略,358.0,-1.4,D,突破不足,短均多頭｜扣分:收盤位置偏弱、上影偏長,尚未形成乾淨突破，不急著升級。,v266.57.9,WATCH,0.55,0.35,0.75,7.75,624.0,最後後處理補寫：原分數+結構前置+續強品質+突破品質；不覆蓋原策略,0.0,,一般,6.355,v266.58.1,2026-10-01 01:22:38,觀察,0,8,升級觀察,前狀態:出貨疑慮→今日:觀察｜狀態跳升｜狀態轉強,WATCH_UP,v266.60.2,9.155,30.0,18.0,0.0,15.0,10.016,687.0,20/40/60結構佳｜續強品質佳｜主力佈局語意｜具升級旗標｜升級標籤｜風險語意扣分,過熱降權,v266.61,2026-10-01 01:22:44,12.0,洗盤不破承接｜狀態升級觸發｜狀態轉移轉強｜假突破/出貨風險扣分,早期轉強事件,偏早期，可列入WATCH等待二次確認。,10.008,417,v266.62,2026-10-01 01:22:46,24.0,0.0,30.0,35.0,-20.01,量能安靜｜洗盤整理不破｜主力吸籌文字確認｜狀態轉移剛加速｜假突破/出貨文字風險,v266.68,2026-10-01 01:22:50,FAKE_BREAKOUT_RISK,假突破/追高風險：避免追價。,WATCH,817
2026-09-30,3308,BUY,86,22.35,50以下,0.01,10000,主力佈局完成,波動壓縮 | 安靜吸籌 | 均線收斂 | 放量吸收 | 接近突破 | 結構尚可,True,True,False,True,True,True,8.6,A,起漲結構強,20D站上MA20｜40D平台收斂｜短中均線糾結｜40D低點守住｜接近/站回MA60｜MA60不再下彎｜站回60D區間中上｜5D動能轉正｜10D動能轉正｜扣分:長上影壓力,平台壓縮後轉強，可優先觀察起漲/試單。,v266.57.9,7.6,無原分數欄位｜僅顯示結構前置分數,694.0,6.5,B,續強品質中,回檔不破前低｜低點墊高確認｜收盤守MA5｜續強確認：收盤未跌破MA5｜仍站MA20｜10D動能維持｜扣分:長上影壓力,回檔承接尚可，若原策略入選，可優先觀察延續。,v266.57.9,6.18,0.55,0.5,GENERIC,測試排序分=原分數+結構前置分*策略權重+續強品質*策略權重；不覆蓋原策略,728.0,-1.0,D,突破不足,MA5加速上彎｜扣分:收盤位置偏弱、上影偏長,尚未形成乾淨突破，不急著升級。,v266.57.9,GENERIC,0.55,0.5,0.5,7.48,668.0,最後後處理補寫：原分數+結構前置+續強品質+突破品質；不覆蓋原策略,0.0,,一般,6.134,v266.58.1,2026-10-01 01:22:38,觀察,0,8,升級觀察,前狀態:出貨疑慮→今日:觀察｜狀態跳升｜狀態轉強,WATCH_UP,v266.60.2,8.934,30.0,18.0,0.0,15.0,9.993,688.0,20/40/60結構佳｜續強品質佳｜主力佈局語意｜具升級旗標｜升級標籤｜風險語意扣分,過熱降權,v266.61,2026-10-01 01:22:44,12.0,洗盤不破承接｜狀態升級觸發｜狀態轉移轉強｜假突破/出貨風險扣分,早期轉強事件,偏早期，可列入WATCH等待二次確認。,9.854,418,v266.62,2026-10-01 01:22:46,24.0,0.0,30.0,35.0,-20.01,量能安靜｜洗盤整理不破｜主力吸籌文字確認｜狀態轉移剛加速｜假突破/出貨文字風險,v266.68,2026-10-01 01:22:50,FAKE_BREAKOUT_RISK,假突破/追高風險：避免追價。,WATCH,818
2026-09-30,4178,WATCH,54,16.7,50以下,0.0,0,佈局觀察,波動壓縮 | 均線收斂 | 接近突破 | 結構尚可,True,False,False,True,False,True,5.8,C,結構觀察,接近20日高｜40D平台收斂｜短中均線糾結｜近5日量縮｜10D動能轉正,結構證據不足，保留原策略但降低信心。,v266.57.9,5.8,無原分數欄位｜僅顯示結構前置分數,899.0,8.0,A,續強品質強,回檔不破前低｜低點墊高確認｜收盤守MA5｜續強確認：收盤未跌破MA5｜回檔量縮｜10D動能維持,回檔承接尚可，若原策略入選，可優先觀察延續。,v266.57.9,6.19,0.55,0.5,GENERIC,測試排序分=原分數+結構前置分*策略權重+續強品質*策略權重；不覆蓋原策略,727.0,1.5,D,突破不足,收盤接近高點,尚未形成乾淨突破，不急著升級。,v266.57.9,WATCH,0.55,0.35,0.75,7.115,724.0,最後後處理補寫：原分數+結構前置+續強品質+突破品質；不覆蓋原策略,0.0,,一般,5.834,v266.58.1,2026-10-01 01:22:38,觀察,0,8,升級觀察,前狀態:出貨疑慮→今日:觀察｜狀態跳升｜狀態轉強,WATCH_UP,v266.60.2,8.634,8.0,18.0,0.0,0.0,8.563,689.0,續強品質佳｜具升級旗標｜升級標籤,起漲前優先,v266.61,2026-10-01 01:22:44,12.0,洗盤不破承接｜狀態升級觸發｜狀態轉移轉強｜假突破/出貨風險扣分,早期轉強事件,偏早期，可列入WATCH等待二次確認。,9.644,421,v266.62,2026-10-01 01:22:46,24.0,0.0,30.0,35.0,-20.01,量能安靜｜洗盤整理不破｜主力吸籌文字確認｜狀態轉移剛加速｜假突破/出貨文字風險,v266.68,2026-10-01 01:22:50,FAKE_BREAKOUT_RISK,假突破/追高風險：避免追價。,WATCH,819
2026-09-30,6582,WATCH,54,31.1,50以下,0.0,0,佈局觀察,波動壓縮 | 均線收斂 | 接近突破 | 結構尚可,True,False,False,True,False,True,5.0,C,結構觀察,40D平台收斂｜短中均線糾結｜40D低點守住｜接近/站回MA60,結構證據不足，保留原策略但降低信心。,v266.57.9,5.0,無原分數欄位｜僅顯示結構前置分數,907.0,5.5,B,續強品質中,回檔不破前低｜低點墊高確認｜收盤守MA5｜續強確認：收盤未跌破MA5,回檔承接尚可，若原策略入選，可優先觀察延續。,v266.57.9,4.5,0.55,0.5,GENERIC,測試排序分=原分數+結構前置分*策略權重+續強品質*策略權重；不覆蓋原策略,900.0,1.5,D,突破不足,收盤接近高點,尚未形成乾淨突破，不急著升級。,v266.57.9,WATCH,0.55,0.35,0.75,5.8,832.0,最後後處理補寫：原分數+結構前置+續強品質+突破品質；不覆蓋原策略,0.0,,一般,4.756,v266.58.1,2026-10-01 01:22:38,觀察,0,8,升級觀察,前狀態:出貨疑慮→今日:觀察｜狀態跳升｜狀態轉強,WATCH_UP,v266.60.2,7.556,8.0,18.0,0.0,0.0,8.456,690.0,續強品質佳｜具升級旗標｜升級標籤,起漲前優先,v266.61,2026-10-01 01:22:44,12.0,洗盤不破承接｜狀態升級觸發｜狀態轉移轉強｜假突破/出貨風險扣分,早期轉強事件,偏早期，可列入WATCH等待二次確認。,8.889,426,v266.62,2026-10-01 01:22:46,24.0,0.0,30.0,35.0,-20.01,量能安靜｜洗盤整理不破｜主力吸籌文字確認｜狀態轉移剛加速｜假突破/出貨文字風險,v266.68,2026-10-01 01:22:50,FAKE_BREAKOUT_RISK,假突破/追高風險：避免追價。,WATCH,820
2026-09-30,2705,WATCH,54,15.1,50以下,0.0,0,佈局觀察,波動壓縮 | 均線收斂 | 接近突破 | 結構尚可,True,False,False,True,False,True,5.0,C,結構觀察,40D平台收斂｜短中均線糾結｜40D低點守住｜近5日量縮,結構證據不足，保留原策略但降低信心。,v266.57.9,3.0,無原分數欄位｜僅顯示結構前置分數,952.0,5.0,B,續強品質中,回檔不破前低｜低點墊高確認｜收盤守MA5｜回檔量縮｜扣分:跌破短均,回檔承接尚可，若原策略入選，可優先觀察延續。,v266.57.9,3.4,0.55,0.5,GENERIC,測試排序分=原分數+結構前置分*策略權重+續強品質*策略權重；不覆蓋原策略,933.0,1.2,D,突破不足,量能較前日放大,尚未形成乾淨突破，不急著升級。,v266.57.9,WATCH,0.55,0.35,0.75,5.4,867.0,最後後處理補寫：原分數+結構前置+續強品質+突破品質；不覆蓋原策略,0.0,,一般,4.428,v266.58.1,2026-10-01 01:22:38,觀察,0,8,升級觀察,前狀態:出貨疑慮→今日:觀察｜狀態跳升｜狀態轉強,WATCH_UP,v266.60.2,7.228,8.0,18.0,0.0,0.0,8.423,691.0,續強品質佳｜具升級旗標｜升級標籤,起漲前優先,v266.61,2026-10-01 01:22:44,12.0,洗盤不破承接｜狀態升級觸發｜狀態轉移轉強｜假突破/出貨風險扣分,早期轉強事件,偏早期，可列入WATCH等待二次確認。,8.66,427,v266.62,2026-10-01 01:22:46,24.0,0.0,30.0,35.0,-20.01,量能安靜｜洗盤整理不破｜主力吸籌文字確認｜狀態轉移剛加速｜假突破/出貨文字風險,v266.68,2026-10-01 01:22:50,FAKE_BREAKOUT_RISK,假突破/追高風險：避免追價。,WATCH,821
2026-09-30,2762,WATCH,54,79.2,50-100,0.0,0,佈局觀察,波動壓縮 | 均線收斂 | 接近突破 | 結構尚可,True,False,False,True,False,True,5.0,C,結構觀察,40D平台收斂｜短中均線糾結｜40D低點守住｜近5日量縮,結構證據不足，保留原策略但降低信心。,v266.57.9,5.0,無原分數欄位｜僅顯示結構前置分數,907.0,6.8,B,續強品質中,回檔不破前低｜低點墊高確認｜收盤守MA5｜回測守MA10｜回檔量縮,回檔承接尚可，若原策略入選，可優先觀察延續。,v266.57.9,5.25,0.55,0.5,GENERIC,測試排序分=原分數+結構前置分*策略權重+續強品質*策略權重；不覆蓋原策略,859.0,0.2,D,突破不足,量能較前日放大｜扣分:收盤位置偏弱,尚未形成乾淨突破，不急著升級。,v266.57.9,WATCH,0.55,0.35,0.75,5.28,873.0,最後後處理補寫：原分數+結構前置+續強品質+突破品質；不覆蓋原策略,0.0,,一般,4.33,v266.58.1,2026-10-01 01:22:38,觀察,0,8,升級觀察,前狀態:出貨疑慮→今日:觀察｜狀態跳升｜狀態轉強,WATCH_UP,v266.60.2,7.13,8.0,18.0,0.0,0.0,8.413,692.0,續強品質佳｜具升級旗標｜升級標籤,起漲前優先,v266.61,2026-10-01 01:22:44,12.0,洗盤不破承接｜狀態升級觸發｜狀態轉移轉強｜假突破/出貨風險扣分,早期轉強事件,偏早期，可列入WATCH等待二次確認。,8.591,431,v266.62,2026-10-01 01:22:46,24.0,0.0,30.0,35.0,-20.01,量能安靜｜洗盤整理不破｜主力吸籌文字確認｜狀態轉移剛加速｜假突破/出貨文字風險,v266.68,2026-10-01 01:22:50,FAKE_BREAKOUT_RISK,假突破/追高風險：避免追價。,WATCH,822
2026-09-30,1583,WATCH,54,46.8,50以下,0.0,0,佈局觀察,波動壓縮 | 均線收斂 | 接近突破 | 結構尚可,True,False,False,True,False,True,5.0,C,結構觀察,40D平台收斂｜短中均線糾結｜40D低點守住｜近5日量縮,結構證據不足，保留原策略但降低信心。,v266.57.9,5.0,無原分數欄位｜僅顯示結構前置分數,907.0,7.0,A,續強品質強,回檔不破前低｜低點墊高確認｜收盤守MA5｜續強確認：收盤未跌破MA5｜回檔量縮,回檔承接尚可，若原策略入選，可優先觀察延續。,v266.57.9,5.25,0.55,0.5,GENERIC,測試排序分=原分數+結構前置分*策略權重+續強品質*策略權重；不覆蓋原策略,859.0,-1.0,D,突破不足,扣分:收盤位置偏弱,尚未形成乾淨突破，不急著升級。,v266.57.9,WATCH,0.55,0.35,0.75,4.45,920.0,最後後處理補寫：原分數+結構前置+續強品質+突破品質；不覆蓋原策略,0.0,,一般,3.649,v266.58.1,2026-10-01 01:22:38,觀察,0,8,升級觀察,前狀態:出貨疑慮→今日:觀察｜狀態跳升｜狀態轉強,WATCH_UP,v266.60.2,6.449,8.0,18.0,0.0,0.0,8.345,693.0,續強品質佳｜具升級旗標｜升級標籤,起漲前優先,v266.61,2026-10-01 01:22:44,12.0,洗盤不破承接｜狀態升級觸發｜狀態轉移轉強｜假突破/出貨風險扣分,早期轉強事件,偏早期，可列入WATCH等待二次確認。,8.114,442,v266.62,2026-10-01 01:22:46,24.0,0.0,30.0,35.0,-20.01,量能安靜｜洗盤整理不破｜主力吸籌文字確認｜狀態轉移剛加速｜假突破/出貨文字風險,v266.68,2026-10-01 01:22:50,FAKE_BREAKOUT_RISK,假突破/追高風險：避免追價。,WATCH,823
2026-09-30,1513,BUY,86,168.0,100-500,0.01,10000,主力佈局完成,波動壓縮 | 安靜吸籌 | 均線收斂 | 放量吸收 | 接近突破 | 結構尚可,True,True,False,True,True,True,11.6,A,起漲結構強,20D站上MA20｜MA5站上MA10｜接近20日高｜40D平台收斂｜短中均線糾結｜40D低點守住｜接近/站回MA60｜站回60D區間中上｜量縮後溫和放量｜5D動能轉正｜10D動能轉正｜扣分:長上影壓力,平台壓縮後轉強，可優先觀察起漲/試單。,v266.57.9,10.6,無原分數欄位｜僅顯示結構前置分數,215.0,7.7,A,續強品質強,回檔不破前低｜低點墊高確認｜收盤守MA5｜續強確認：收盤未跌破MA5｜MA5仍在MA10上｜仍站MA20｜10D動能維持｜扣分:長上影壓力,回檔承接尚可，若原策略入選，可優先觀察延續。,v266.57.9,8.43,0.55,0.5,GENERIC,測試排序分=原分數+結構前置分*策略權重+續強品質*策略權重；不覆蓋原策略,305.0,2.5,C,突破觀察,量能較前日放大｜突破近5日高｜MA5加速上彎｜短均多頭｜扣分:收盤位置偏弱、上影偏長,有轉強跡象，但突破品質尚未完全成立。,v266.57.9,GENERIC,0.55,0.5,0.5,11.48,202.0,最後後處理補寫：原分數+結構前置+續強品質+突破品質；不覆蓋原策略,0.0,,一般,9.414,v266.58.1,2026-10-01 01:22:38,突破中,4,0,持續觀察,前狀態:發動中→今日:突破中｜狀態降級,NO,v266.60.2,9.414,30.0,0.0,0.0,15.0,5.141,711.0,20/40/60結構佳｜續強品質佳｜主力佈局語意｜風險語意扣分,過熱降權,v266.61,2026-10-01 01:22:44,-4.0,洗盤不破承接｜假突破/出貨風險扣分,無事件,等待下一次確認。,5.39,793,v266.62,2026-10-01 01:22:46,24.0,0.0,28.0,35.0,-21.49,量能安靜｜洗盤整理不破｜主力吸籌文字確認｜狀態剛升級｜假突破/出貨文字風險,v266.68,2026-10-01 01:22:50,FAKE_BREAKOUT_RISK,假突破/追高風險：避免追價。,WATCH,824
2026-09-30,1418,TEST,68,18.35,50以下,0.005,5000,佈局高機率,安靜吸籌 | 均線收斂 | 放量吸收 | 接近突破 | 結構尚可,False,True,False,True,True,True,12.0,A,起漲結構強,20D站上MA20｜MA20走平翻揚｜MA5站上MA10｜接近20日高｜40D平台收斂｜短中均線糾結｜40D低點守住｜接近/站回MA60｜MA60不再下彎｜量縮後溫和放量｜5D動能轉正｜10D動能轉正｜扣分:長上影壓力,平台壓縮後轉強，可優先觀察起漲/試單。,v266.57.9,11.6,無原分數欄位｜僅顯示結構前置分數,97.0,7.7,A,續強品質強,回檔不破前低｜低點墊高確認｜收盤守MA5｜續強確認：收盤未跌破MA5｜MA5仍在MA10上｜仍站MA20｜10D動能維持｜扣分:長上影壓力,回檔承接尚可，若原策略入選，可優先觀察延續。,v266.57.9,8.98,0.55,0.5,GENERIC,測試排序分=原分數+結構前置分*策略權重+續強品質*策略權重；不覆蓋原策略,205.0,1.0,D,突破不足,量能較前日放大｜MA5加速上彎｜短均多頭｜扣分:收盤位置偏弱、上影偏長,尚未形成乾淨突破，不急著升級。,v266.57.9,TEST,0.8,0.5,0.9,14.35,72.0,最後後處理補寫：原分數+結構前置+續強品質+突破品質；不覆蓋原策略,0.0,,一般,11.767,v266.58.1,2026-10-01 01:22:38,觀察,0,-5,降級風險,前狀態:洗盤吸籌→今日:觀察｜狀態降級,RISK,v266.60.2,10.017,30.0,0.0,0.0,15.0,5.289,700.0,20/40/60結構佳｜續強品質佳｜主力佈局語意｜風險語意扣分,過熱降權,v266.61,2026-10-01 01:22:44,-4.0,洗盤不破承接｜假突破/出貨風險扣分,無事件,等待下一次確認。,5.812,735,v266.62,2026-10-01 01:22:46,24.0,0.0,18.0,35.0,-24.09,量能安靜｜洗盤整理不破｜主力吸籌文字確認｜假突破/出貨文字風險,v266.68,2026-10-01 01:22:50,FAKE_BREAKOUT_RISK,假突破/追高風險：避免追價。,WATCH,825
2026-09-30,3130,TEST,72,209.0,100-500,0.005,5000,佈局高機率,波動壓縮 | 安靜吸籌 | 均線收斂 | 接近突破 | 結構尚可,True,True,False,True,False,True,8.8,A,起漲結構強,MA5站上MA10｜接近20日高｜40D平台收斂｜短中均線糾結｜40D低點守住｜接近/站回MA60｜量縮後溫和放量｜10D動能轉正｜扣分:長上影壓力,平台壓縮後轉強，可優先觀察起漲/試單。,v266.57.9,7.8,無原分數欄位｜僅顯示結構前置分數,678.0,6.7,B,續強品質中,回檔不破前低｜低點墊高確認｜收盤守MA5｜續強確認：收盤未跌破MA5｜MA5仍在MA10上｜10D動能維持｜扣分:長上影壓力,回檔承接尚可，若原策略入選，可優先觀察延續。,v266.57.9,6.39,0.55,0.5,GENERIC,測試排序分=原分數+結構前置分*策略權重+續強品質*策略權重；不覆蓋原策略,688.0,1.3,D,突破不足,量能較前日放大｜突破近5日高｜短均多頭｜扣分:收盤位置偏弱、上影偏長,尚未形成乾淨突破，不急著升級。,v266.57.9,TEST,0.8,0.5,0.9,11.56,197.0,最後後處理補寫：原分數+結構前置+續強品質+突破品質；不覆蓋原策略,0.0,,一般,9.479,v266.58.1,2026-10-01 01:22:38,觀察,0,0,持續觀察,前狀態:觀察→今日:觀察,NO,v266.60.2,9.479,30.0,0.0,0.0,15.0,5.148,708.0,20/40/60結構佳｜續強品質佳｜主力佈局語意｜風險語意扣分,過熱降權,v266.61,2026-10-01 01:22:44,-4.0,洗盤不破承接｜假突破/出貨風險扣分,無事件,等待下一次確認。,5.435,788,v266.62,2026-10-01 01:22:46,24.0,0.0,18.0,35.0,-24.09,量能安靜｜洗盤整理不破｜主力吸籌文字確認｜假突破/出貨文字風險,v266.68,2026-10-01 01:22:50,FAKE_BREAKOUT_RISK,假突破/追高風險：避免追價。,WATCH,826
2026-09-30,2029,TEST,68,22.45,50以下,0.005,5000,佈局高機率,安靜吸籌 | 均線收斂 | 放量吸收 | 接近突破 | 結構尚可,False,True,False,True,True,True,10.6,A,起漲結構強,20D站上MA20｜MA5站上MA10｜接近20日高｜40D平台收斂｜短中均線糾結｜40D低點守住｜接近/站回MA60｜MA60不再下彎｜站回60D區間中上｜5D動能轉正｜10D動能轉正｜扣分:長上影壓力,平台壓縮後轉強，可優先觀察起漲/試單。,v266.57.9,9.6,無原分數欄位｜僅顯示結構前置分數,365.0,7.7,A,續強品質強,回檔不破前低｜低點墊高確認｜收盤守MA5｜續強確認：收盤未跌破MA5｜MA5仍在MA10上｜仍站MA20｜10D動能維持｜扣分:長上影壓力,回檔承接尚可，若原策略入選，可優先觀察延續。,v266.57.9,7.88,0.55,0.5,GENERIC,測試排序分=原分數+結構前置分*策略權重+續強品質*策略權重；不覆蓋原策略,414.0,1.3,D,突破不足,量能較前日放大｜突破近5日高｜短均多頭｜扣分:收盤位置偏弱、上影偏長,尚未形成乾淨突破，不急著升級。,v266.57.9,TEST,0.8,0.5,0.9,13.5,100.0,最後後處理補寫：原分數+結構前置+續強品質+突破品質；不覆蓋原策略,0.0,,一般,11.07,v266.58.1,2026-10-01 01:22:38,觀察,0,-5,降級風險,前狀態:試盤中→今日:觀察｜狀態降級,RISK,v266.60.2,9.32,30.0,0.0,0.0,15.0,5.219,703.0,20/40/60結構佳｜續強品質佳｜主力佈局語意｜風險語意扣分,過熱降權,v266.61,2026-10-01 01:22:44,-4.0,洗盤不破承接｜假突破/出貨風險扣分,無事件,等待下一次確認。,5.324,797,v266.62,2026-10-01 01:22:46,24.0,0.0,18.0,35.0,-24.09,量能安靜｜洗盤整理不破｜主力吸籌文字確認｜假突破/出貨文字風險,v266.68,2026-10-01 01:22:50,FAKE_BREAKOUT_RISK,假突破/追高風險：避免追價。,WATCH,827
2026-09-30,2395,WATCH,54,726.0,500-1000,0.0,0,佈局觀察,波動壓縮 | 均線收斂 | 接近突破 | 結構尚可,True,False,False,True,False,True,11.6,A,起漲結構強,20D站上MA20｜MA20走平翻揚｜MA5站上MA10｜接近20日高｜40D平台收斂｜短中均線糾結｜40D低點守住｜接近/站回MA60｜MA60不再下彎｜站回60D區間中上｜5D動能轉正｜10D動能轉正｜扣分:長上影壓力,平台壓縮後轉強，可優先觀察起漲/試單。,v266.57.9,10.6,無原分數欄位｜僅顯示結構前置分數,215.0,9.2,A,續強品質強,回檔不破前低｜低點墊高確認｜收盤守MA5｜續強確認：收盤未跌破MA5｜回檔量縮｜MA5仍在MA10上｜仍站MA20｜10D動能維持｜扣分:長上影壓力,回檔承接尚可，若原策略入選，可優先觀察延續。,v266.57.9,9.18,0.55,0.5,GENERIC,測試排序分=原分數+結構前置分*策略權重+續強品質*策略權重；不覆蓋原策略,165.0,-1.4,D,突破不足,短均多頭｜扣分:收盤位置偏弱、上影偏長,尚未形成乾淨突破，不急著升級。,v266.57.9,WATCH,0.55,0.35,0.75,8.55,525.0,最後後處理補寫：原分數+結構前置+續強品質+突破品質；不覆蓋原策略,0.0,,一般,7.011,v266.58.1,2026-10-01 01:22:38,觀察,0,0,持續觀察,前狀態:觀察→今日:觀察,NO,v266.60.2,7.011,30.0,0.0,0.0,15.0,4.901,742.0,20/40/60結構佳｜續強品質佳｜主力佈局語意｜風險語意扣分,過熱降權,v266.61,2026-10-01 01:22:44,-4.0,洗盤不破承接｜假突破/出貨風險扣分,無事件,等待下一次確認。,3.708,828,v266.62,2026-10-01 01:22:46,24.0,0.0,18.0,35.0,-24.09,量能安靜｜洗盤整理不破｜主力吸籌文字確認｜假突破/出貨文字風險,v266.68,2026-10-01 01:22:50,FAKE_BREAKOUT_RISK,假突破/追高風險：避免追價。,WATCH,828
2026-09-30,2354,WATCH,54,65.7,50-100,0.0,0,佈局觀察,波動壓縮 | 均線收斂 | 接近突破 | 結構尚可,True,False,False,True,False,True,11.6,A,起漲結構強,20D站上MA20｜MA20走平翻揚｜MA5站上MA10｜40D平台收斂｜短中均線糾結｜40D低點守住｜接近/站回MA60｜MA60不再下彎｜站回60D區間中上｜近5日量縮｜5D動能轉正｜10D動能轉正｜扣分:長上影壓力,平台壓縮後轉強，可優先觀察起漲/試單。,v266.57.9,10.6,無原分數欄位｜僅顯示結構前置分數,215.0,9.2,A,續強品質強,回檔不破前低｜低點墊高確認｜收盤守MA5｜續強確認：收盤未跌破MA5｜回檔量縮｜MA5仍在MA10上｜仍站MA20｜10D動能維持｜扣分:長上影壓力,回檔承接尚可，若原策略入選，可優先觀察延續。,v266.57.9,9.18,0.55,0.5,GENERIC,測試排序分=原分數+結構前置分*策略權重+續強品質*策略權重；不覆蓋原策略,165.0,1.0,D,突破不足,量能較前日放大｜MA5加速上彎｜短均多頭｜扣分:收盤位置偏弱、上影偏長,尚未形成乾淨突破，不急著升級。,v266.57.9,WATCH,0.55,0.35,0.75,10.35,296.0,最後後處理補寫：原分數+結構前置+續強品質+突破品質；不覆蓋原策略,0.0,,一般,8.487,v266.58.1,2026-10-01 01:22:38,觀察,0,-5,降級風險,前狀態:突破中→今日:觀察｜狀態降級,RISK,v266.60.2,6.737,30.0,0.0,0.0,15.0,4.961,720.0,20/40/60結構佳｜續強品質佳｜主力佈局語意｜風險語意扣分,過熱降權,v266.61,2026-10-01 01:22:44,-4.0,洗盤不破承接｜假突破/出貨風險扣分,無事件,等待下一次確認。,3.516,829,v266.62,2026-10-01 01:22:46,24.0,0.0,18.0,35.0,-24.09,量能安靜｜洗盤整理不破｜主力吸籌文字確認｜假突破/出貨文字風險,v266.68,2026-10-01 01:22:50,FAKE_BREAKOUT_RISK,假突破/追高風險：避免追價。,WATCH,829
2026-09-30,6579,BUY,86,159.0,100-500,0.01,10000,主力佈局完成,波動壓縮 | 安靜吸籌 | 均線收斂 | 放量吸收 | 接近突破 | 結構尚可,True,True,False,True,True,True,11.6,A,起漲結構強,20D站上MA20｜MA20走平翻揚｜MA5站上MA10｜接近20日高｜40D平台收斂｜短中均線糾結｜40D低點守住｜接近/站回MA60｜量縮後溫和放量｜5D動能轉正｜10D動能轉正｜扣分:長上影壓力,平台壓縮後轉強，可優先觀察起漲/試單。,v266.57.9,10.6,無原分數欄位｜僅顯示結構前置分數,215.0,7.7,A,續強品質強,回檔不破前低｜低點墊高確認｜收盤守MA5｜續強確認：收盤未跌破MA5｜MA5仍在MA10上｜仍站MA20｜10D動能維持｜扣分:長上影壓力,回檔承接尚可，若原策略入選，可優先觀察延續。,v266.57.9,8.43,0.55,0.5,GENERIC,測試排序分=原分數+結構前置分*策略權重+續強品質*策略權重；不覆蓋原策略,305.0,-0.2,D,突破不足,MA5加速上彎｜短均多頭｜扣分:收盤位置偏弱、上影偏長,尚未形成乾淨突破，不急著升級。,v266.57.9,GENERIC,0.55,0.5,0.5,10.13,306.0,最後後處理補寫：原分數+結構前置+續強品質+突破品質；不覆蓋原策略,0.0,,一般,8.307,v266.58.1,2026-10-01 01:22:38,觀察,0,-5,降級風險,前狀態:洗盤吸籌→今日:觀察｜狀態降級,RISK,v266.60.2,6.557,30.0,0.0,0.0,15.0,4.943,725.0,20/40/60結構佳｜續強品質佳｜主力佈局語意｜風險語意扣分,過熱降權,v266.61,2026-10-01 01:22:44,-4.0,洗盤不破承接｜假突破/出貨風險扣分,無事件,等待下一次確認。,3.39,830,v266.62,2026-10-01 01:22:46,24.0,0.0,18.0,35.0,-24.09,量能安靜｜洗盤整理不破｜主力吸籌文字確認｜假突破/出貨文字風險,v266.68,2026-10-01 01:22:50,FAKE_BREAKOUT_RISK,假突破/追高風險：避免追價。,WATCH,830
2026-09-30,6214,TEST,68,188.0,100-500,0.005,5000,佈局高機率,波動壓縮 | 洗盤收回 | 均線收斂 | 接近突破 | 結構尚可,True,False,True,True,False,True,9.8,A,起漲結構強,MA20走平翻揚｜接近20日高｜40D平台收斂｜短中均線糾結｜40D低點守住｜接近/站回MA60｜MA60不再下彎｜站回60D區間中上｜10D動能轉正,平台壓縮後轉強，可優先觀察起漲/試單。,v266.57.9,9.8,無原分數欄位｜僅顯示結構前置分數,346.0,3.0,C,續強觀察,回檔不破前低｜低點墊高確認｜10D動能維持｜扣分:跌破短均,續強品質不足或有假突破壓力，避免追高。,v266.57.9,6.39,0.55,0.5,GENERIC,測試排序分=原分數+結構前置分*策略權重+續強品質*策略權重；不覆蓋原策略,688.0,2.7,C,突破觀察,收盤接近高點｜量能較前日放大,有轉強跡象，但突破品質尚未完全成立。,v266.57.9,TEST,0.8,0.5,0.9,11.77,173.0,最後後處理補寫：原分數+結構前置+續強品質+突破品質；不覆蓋原策略,0.0,,一般,9.651,v266.58.1,2026-10-01 01:22:38,出貨疑慮,-2,-10,降級風險,前狀態:出貨疑慮→今日:出貨疑慮,RISK,v266.60.2,6.151,22.0,0.0,0.0,15.0,2.19,881.0,20/40/60結構佳｜主力佈局語意｜風險語意扣分,過熱降權,v266.61,2026-10-01 01:22:44,-4.0,洗盤不破承接｜假突破/出貨風險扣分,無事件,等待下一次確認。,3.106,831,v266.62,2026-10-01 01:22:46,24.0,0.0,18.0,35.0,-24.09,量能安靜｜洗盤整理不破｜主力吸籌文字確認｜假突破/出貨文字風險,v266.68,2026-10-01 01:22:50,FAKE_BREAKOUT_RISK,假突破/追高風險：避免追價。,WATCH,831
2026-09-30,4766,WATCH,54,340.5,100-500,0.0,0,佈局觀察,波動壓縮 | 均線收斂 | 接近突破 | 結構尚可,True,False,False,True,False,True,8.8,A,起漲結構強,MA5站上MA10｜接近20日高｜40D平台收斂｜短中均線糾結｜40D低點守住｜接近/站回MA60｜站回60D區間中上｜近5日量縮｜10D動能轉正｜扣分:長上影壓力,平台壓縮後轉強，可優先觀察起漲/試單。,v266.57.9,7.8,無原分數欄位｜僅顯示結構前置分數,678.0,8.0,A,續強品質強,回檔不破前低｜低點墊高確認｜收盤守MA5｜回測守MA10｜回檔量縮｜MA5仍在MA10上｜10D動能維持｜扣分:長上影壓力,回檔承接尚可，若原策略入選，可優先觀察延續。,v266.57.9,7.14,0.55,0.5,GENERIC,測試排序分=原分數+結構前置分*策略權重+續強品質*策略權重；不覆蓋原策略,577.0,-0.2,D,突破不足,量能較前日放大｜短均多頭｜扣分:收盤位置偏弱、上影偏長,尚未形成乾淨突破，不急著升級。,v266.57.9,WATCH,0.55,0.35,0.75,7.49,665.0,最後後處理補寫：原分數+結構前置+續強品質+突破品質；不覆蓋原策略,0.0,,一般,6.142,v266.58.1,2026-10-01 01:22:38,觀察,0,0,持續觀察,前狀態:觀察→今日:觀察,NO,v266.60.2,6.142,30.0,0.0,0.0,15.0,4.814,779.0,20/40/60結構佳｜續強品質佳｜主力佈局語意｜風險語意扣分,過熱降權,v266.61,2026-10-01 01:22:44,-4.0,洗盤不破承接｜假突破/出貨風險扣分,無事件,等待下一次確認。,3.099,832,v266.62,2026-10-01 01:22:46,24.0,0.0,18.0,35.0,-24.09,量能安靜｜洗盤整理不破｜主力吸籌文字確認｜假突破/出貨文字風險,v266.68,2026-10-01 01:22:50,FAKE_BREAKOUT_RISK,假突破/追高風險：避免追價。,WATCH,832
2026-09-30,8938,WATCH,54,52.6,50-100,0.0,0,佈局觀察,波動壓縮 | 均線收斂 | 接近突破 | 結構尚可,True,False,False,True,False,True,10.0,A,起漲結構強,20D站上MA20｜MA20走平翻揚｜MA5站上MA10｜接近20日高｜40D平台收斂｜短中均線糾結｜40D低點守住｜接近/站回MA60｜MA60不再下彎｜近5日量縮｜扣分:長上影壓力,平台壓縮後轉強，可優先觀察起漲/試單。,v266.57.9,9.0,無原分數欄位｜僅顯示結構前置分數,391.0,8.2,A,續強品質強,回檔不破前低｜低點墊高確認｜收盤守MA5｜續強確認：收盤未跌破MA5｜回檔量縮｜MA5仍在MA10上｜仍站MA20｜扣分:長上影壓力,回檔承接尚可，若原策略入選，可優先觀察延續。,v266.57.9,7.8,0.55,0.5,GENERIC,測試排序分=原分數+結構前置分*策略權重+續強品質*策略權重；不覆蓋原策略,424.0,-1.4,D,突破不足,短均多頭｜扣分:收盤位置偏弱、上影偏長,尚未形成乾淨突破，不急著升級。,v266.57.9,WATCH,0.55,0.35,0.75,7.32,698.0,最後後處理補寫：原分數+結構前置+續強品質+突破品質；不覆蓋原策略,0.0,,一般,6.002,v266.58.1,2026-10-01 01:22:38,觀察,0,0,持續觀察,前狀態:觀察→今日:觀察,NO,v266.60.2,6.002,30.0,0.0,0.0,15.0,4.8,785.0,20/40/60結構佳｜續強品質佳｜主力佈局語意｜風險語意扣分,過熱降權,v266.61,2026-10-01 01:22:44,-4.0,洗盤不破承接｜假突破/出貨風險扣分,無事件,等待下一次確認。,3.001,833,v266.62,2026-10-01 01:22:46,24.0,0.0,18.0,35.0,-24.09,量能安靜｜洗盤整理不破｜主力吸籌文字確認｜假突破/出貨文字風險,v266.68,2026-10-01 01:22:50,FAKE_BREAKOUT_RISK,假突破/追高風險：避免追價。,WATCH,833
2026-09-30,2929,WATCH,54,5.83,50以下,0.0,0,佈局觀察,波動壓縮 | 均線收斂 | 接近突破 | 結構尚可,True,False,False,True,False,True,11.6,A,起漲結構強,20D站上MA20｜MA20走平翻揚｜MA5站上MA10｜40D平台收斂｜短中均線糾結｜40D低點守住｜接近/站回MA60｜MA60不再下彎｜站回60D區間中上｜近5日量縮｜5D動能轉正｜10D動能轉正｜扣分:長上影壓力,平台壓縮後轉強，可優先觀察起漲/試單。,v266.57.9,10.6,無原分數欄位｜僅顯示結構前置分數,215.0,9.2,A,續強品質強,回檔不破前低｜低點墊高確認｜收盤守MA5｜續強確認：收盤未跌破MA5｜回檔量縮｜MA5仍在MA10上｜仍站MA20｜10D動能維持｜扣分:長上影壓力,回檔承接尚可，若原策略入選，可優先觀察延續。,v266.57.9,9.18,0.55,0.5,GENERIC,測試排序分=原分數+結構前置分*策略權重+續強品質*策略權重；不覆蓋原策略,165.0,-0.2,D,突破不足,MA5加速上彎｜短均多頭｜扣分:收盤位置偏弱、上影偏長,尚未形成乾淨突破，不急著升級。,v266.57.9,WATCH,0.55,0.35,0.75,9.45,393.0,最後後處理補寫：原分數+結構前置+續強品質+突破品質；不覆蓋原策略,0.0,,一般,7.749,v266.58.1,2026-10-01 01:22:38,觀察,0,-5,降級風險,前狀態:突破中→今日:觀察｜狀態降級,RISK,v266.60.2,5.999,30.0,0.0,0.0,15.0,4.887,744.0,20/40/60結構佳｜續強品質佳｜主力佈局語意｜風險語意扣分,過熱降權,v266.61,2026-10-01 01:22:44,-4.0,洗盤不破承接｜假突破/出貨風險扣分,無事件,等待下一次確認。,2.999,834,v266.62,2026-10-01 01:22:46,24.0,0.0,18.0,35.0,-24.09,量能安靜｜洗盤整理不破｜主力吸籌文字確認｜假突破/出貨文字風險,v266.68,2026-10-01 01:22:50,FAKE_BREAKOUT_RISK,假突破/追高風險：避免追價。,WATCH,834
2026-09-30,3017,WATCH,54,3435.0,1000以上,0.0,0,佈局觀察,波動壓縮 | 均線收斂 | 接近突破 | 結構尚可,True,False,False,True,False,True,12.0,A,起漲結構強,20D站上MA20｜MA20走平翻揚｜MA5站上MA10｜40D平台收斂｜短中均線糾結｜40D低點守住｜接近/站回MA60｜MA60不再下彎｜站回60D區間中上｜量縮後溫和放量｜5D動能轉正｜10D動能轉正｜扣分:長上影壓力,平台壓縮後轉強，可優先觀察起漲/試單。,v266.57.9,11.6,無原分數欄位｜僅顯示結構前置分數,97.0,7.5,A,續強品質強,回檔不破前低｜低點墊高確認｜收盤守MA5｜回測守MA10｜MA5仍在MA10上｜仍站MA20｜10D動能維持｜扣分:長上影壓力,回檔承接尚可，若原策略入選，可優先觀察延續。,v266.57.9,8.98,0.55,0.5,GENERIC,測試排序分=原分數+結構前置分*策略權重+續強品質*策略權重；不覆蓋原策略,205.0,-0.2,D,突破不足,MA5加速上彎｜短均多頭｜扣分:收盤位置偏弱、上影偏長,尚未形成乾淨突破，不急著升級。,v266.57.9,WATCH,0.55,0.35,0.75,9.075,449.0,最後後處理補寫：原分數+結構前置+續強品質+突破品質；不覆蓋原策略,0.0,,一般,7.441,v266.58.1,2026-10-01 01:22:38,觀察,0,-5,降級風險,前狀態:突破中→今日:觀察｜狀態降級,RISK,v266.60.2,5.691,30.0,0.0,0.0,15.0,4.857,761.0,20/40/60結構佳｜續強品質佳｜主力佈局語意｜風險語意扣分,過熱降權,v266.61,2026-10-01 01:22:44,-4.0,洗盤不破承接｜假突破/出貨風險扣分,無事件,等待下一次確認。,2.784,835,v266.62,2026-10-01 01:22:46,24.0,0.0,18.0,35.0,-24.09,量能安靜｜洗盤整理不破｜主力吸籌文字確認｜假突破/出貨文字風險,v266.68,2026-10-01 01:22:50,FAKE_BREAKOUT_RISK,假突破/追高風險：避免追價。,WATCH,835
2026-09-30,3060,BUY,80,28.1,50以下,0.01,10000,主力佈局完成,波動壓縮 | 安靜吸籌 | 均線收斂 | 放量吸收 | 接近突破,True,True,False,True,True,True,9.6,A,起漲結構強,20D站上MA20｜MA20走平翻揚｜MA5站上MA10｜接近20日高｜40D平台收斂｜短中均線糾結｜40D低點守住｜接近/站回MA60｜5D動能轉正｜10D動能轉正｜扣分:長上影壓力,平台壓縮後轉強，可優先觀察起漲/試單。,v266.57.9,8.6,無原分數欄位｜僅顯示結構前置分數,538.0,7.7,A,續強品質強,回檔不破前低｜低點墊高確認｜收盤守MA5｜續強確認：收盤未跌破MA5｜MA5仍在MA10上｜仍站MA20｜10D動能維持｜扣分:長上影壓力,回檔承接尚可，若原策略入選，可優先觀察延續。,v266.57.9,7.33,0.55,0.5,GENERIC,測試排序分=原分數+結構前置分*策略權重+續強品質*策略權重；不覆蓋原策略,538.0,-0.2,D,突破不足,MA5加速上彎｜短均多頭｜扣分:收盤位置偏弱、上影偏長,尚未形成乾淨突破，不急著升級。,v266.57.9,GENERIC,0.55,0.5,0.5,9.03,456.0,最後後處理補寫：原分數+結構前置+續強品質+突破品質；不覆蓋原策略,0.0,,一般,7.405,v266.58.1,2026-10-01 01:22:38,觀察,0,-5,降級風險,前狀態:洗盤吸籌→今日:觀察｜狀態降級,RISK,v266.60.2,5.655,30.0,0.0,0.0,15.0,4.853,763.0,20/40/60結構佳｜續強品質佳｜主力佈局語意｜風險語意扣分,過熱降權,v266.61,2026-10-01 01:22:44,-4.0,洗盤不破承接｜假突破/出貨風險扣分,無事件,等待下一次確認。,2.758,836,v266.62,2026-10-01 01:22:46,24.0,0.0,18.0,35.0,-24.09,量能安靜｜洗盤整理不破｜主力吸籌文字確認｜假突破/出貨文字風險,v266.68,2026-10-01 01:22:50,FAKE_BREAKOUT_RISK,假突破/追高風險：避免追價。,WATCH,836
2026-09-30,2328,WATCH,54,47.55,50以下,0.0,0,佈局觀察,波動壓縮 | 均線收斂 | 接近突破 | 結構尚可,True,False,False,True,False,True,10.8,A,起漲結構強,20D站上MA20｜MA20走平翻揚｜MA5站上MA10｜接近20日高｜40D平台收斂｜短中均線糾結｜40D低點守住｜接近/站回MA60｜站回60D區間中上｜近5日量縮｜10D動能轉正｜扣分:長上影壓力,平台壓縮後轉強，可優先觀察起漲/試單。,v266.57.9,9.8,無原分數欄位｜僅顯示結構前置分數,346.0,9.2,A,續強品質強,回檔不破前低｜低點墊高確認｜收盤守MA5｜續強確認：收盤未跌破MA5｜回檔量縮｜MA5仍在MA10上｜仍站MA20｜10D動能維持｜扣分:長上影壓力,回檔承接尚可，若原策略入選，可優先觀察延續。,v266.57.9,8.74,0.55,0.5,GENERIC,測試排序分=原分數+結構前置分*策略權重+續強品質*策略權重；不覆蓋原策略,256.0,-0.2,D,突破不足,量能較前日放大｜短均多頭｜扣分:收盤位置偏弱、上影偏長,尚未形成乾淨突破，不急著升級。,v266.57.9,WATCH,0.55,0.35,0.75,9.01,460.0,最後後處理補寫：原分數+結構前置+續強品質+突破品質；不覆蓋原策略,0.0,,一般,7.388,v266.58.1,2026-10-01 01:22:38,觀察,0,-5,降級風險,前狀態:突破中→今日:觀察｜狀態降級,RISK,v266.60.2,5.638,30.0,0.0,0.0,15.0,4.851,764.0,20/40/60結構佳｜續強品質佳｜主力佈局語意｜風險語意扣分,過熱降權,v266.61,2026-10-01 01:22:44,-4.0,洗盤不破承接｜假突破/出貨風險扣分,無事件,等待下一次確認。,2.747,837,v266.62,2026-10-01 01:22:46,24.0,0.0,18.0,35.0,-24.09,量能安靜｜洗盤整理不破｜主力吸籌文字確認｜假突破/出貨文字風險,v266.68,2026-10-01 01:22:50,FAKE_BREAKOUT_RISK,假突破/追高風險：避免追價。,WATCH,837
2026-09-30,9945,WATCH,54,29.45,50以下,0.0,0,佈局觀察,波動壓縮 | 均線收斂 | 接近突破 | 結構尚可,True,False,False,True,False,True,11.6,A,起漲結構強,20D站上MA20｜MA20走平翻揚｜MA5站上MA10｜接近20日高｜40D平台收斂｜短中均線糾結｜40D低點守住｜接近/站回MA60｜MA60不再下彎｜站回60D區間中上｜5D動能轉正｜10D動能轉正｜扣分:長上影壓力,平台壓縮後轉強，可優先觀察起漲/試單。,v266.57.9,10.6,無原分數欄位｜僅顯示結構前置分數,215.0,7.7,A,續強品質強,回檔不破前低｜低點墊高確認｜收盤守MA5｜續強確認：收盤未跌破MA5｜MA5仍在MA10上｜仍站MA20｜10D動能維持｜扣分:長上影壓力,回檔承接尚可，若原策略入選，可優先觀察延續。,v266.57.9,8.43,0.55,0.5,GENERIC,測試排序分=原分數+結構前置分*策略權重+續強品質*策略權重；不覆蓋原策略,305.0,-0.2,D,突破不足,MA5加速上彎｜短均多頭｜扣分:收盤位置偏弱、上影偏長,尚未形成乾淨突破，不急著升級。,v266.57.9,WATCH,0.55,0.35,0.75,8.925,467.0,最後後處理補寫：原分數+結構前置+續強品質+突破品質；不覆蓋原策略,0.0,,一般,7.318,v266.58.1,2026-10-01 01:22:38,觀察,0,-5,降級風險,前狀態:突破中→今日:觀察｜狀態降級,RISK,v266.60.2,5.568,30.0,0.0,0.0,15.0,4.844,765.0,20/40/60結構佳｜續強品質佳｜主力佈局語意｜風險語意扣分,過熱降權,v266.61,2026-10-01 01:22:44,-4.0,洗盤不破承接｜假突破/出貨風險扣分,無事件,等待下一次確認。,2.698,838,v266.62,2026-10-01 01:22:46,24.0,0.0,18.0,35.0,-24.09,量能安靜｜洗盤整理不破｜主力吸籌文字確認｜假突破/出貨文字風險,v266.68,2026-10-01 01:22:50,FAKE_BREAKOUT_RISK,假突破/追高風險：避免追價。,WATCH,838
2026-09-30,4904,TEST,72,103.5,100-500,0.005,5000,佈局高機率,波動壓縮 | 安靜吸籌 | 均線收斂 | 接近突破 | 結構尚可,True,True,False,True,False,True,11.0,A,起漲結構強,MA20走平翻揚｜接近20日高｜40D平台收斂｜短中均線糾結｜40D低點守住｜接近/站回MA60｜MA60不再下彎｜站回60D區間中上｜量縮後溫和放量,平台壓縮後轉強，可優先觀察起漲/試單。,v266.57.9,11.0,無原分數欄位｜僅顯示結構前置分數,137.0,3.5,C,續強觀察,回檔不破前低｜低點墊高確認｜回檔量縮｜扣分:跌破短均,續強品質不足或有假突破壓力，避免追高。,v266.57.9,7.3,0.55,0.5,GENERIC,測試排序分=原分數+結構前置分*策略權重+續強品質*策略權重；不覆蓋原策略,542.0,0.2,D,突破不足,量能較前日放大｜扣分:收盤位置偏弱,尚未形成乾淨突破，不急著升級。,v266.57.9,TEST,0.8,0.5,0.9,10.73,255.0,最後後處理補寫：原分數+結構前置+續強品質+突破品質；不覆蓋原策略,0.0,,一般,8.799,v266.58.1,2026-10-01 01:22:38,出貨疑慮,-2,-10,降級風險,前狀態:出貨疑慮→今日:出貨疑慮,RISK,v266.60.2,5.299,22.0,0.0,0.0,15.0,2.105,882.0,20/40/60結構佳｜主力佈局語意｜風險語意扣分,過熱降權,v266.61,2026-10-01 01:22:44,-4.0,洗盤不破承接｜假突破/出貨風險扣分,無事件,等待下一次確認。,2.509,839,v266.62,2026-10-01 01:22:46,24.0,0.0,18.0,35.0,-24.09,量能安靜｜洗盤整理不破｜主力吸籌文字確認｜假突破/出貨文字風險,v266.68,2026-10-01 01:22:50,FAKE_BREAKOUT_RISK,假突破/追高風險：避免追價。,WATCH,839
2026-09-30,6418,WATCH,54,34.65,50以下,0.0,0,佈局觀察,波動壓縮 | 均線收斂 | 接近突破 | 結構尚可,True,False,False,True,False,True,9.0,A,起漲結構強,MA20走平翻揚｜MA5站上MA10｜接近20日高｜40D平台收斂｜短中均線糾結｜40D低點守住｜接近/站回MA60｜MA60不再下彎｜站回60D區間中上｜扣分:長上影壓力,平台壓縮後轉強，可優先觀察起漲/試單。,v266.57.9,8.0,無原分數欄位｜僅顯示結構前置分數,556.0,7.2,A,續強品質強,回檔不破前低｜低點墊高確認｜收盤守MA5｜續強確認：收盤未跌破MA5｜回檔量縮｜MA5仍在MA10上｜扣分:長上影壓力,回檔承接尚可，若原策略入選，可優先觀察延續。,v266.57.9,6.75,0.55,0.5,GENERIC,測試排序分=原分數+結構前置分*策略權重+續強品質*策略權重；不覆蓋原策略,621.0,-1.4,D,突破不足,短均多頭｜扣分:收盤位置偏弱、上影偏長,尚未形成乾淨突破，不急著升級。,v266.57.9,WATCH,0.55,0.35,0.75,6.42,781.0,最後後處理補寫：原分數+結構前置+續強品質+突破品質；不覆蓋原策略,0.0,,一般,5.264,v266.58.1,2026-10-01 01:22:38,觀察,0,0,持續觀察,前狀態:觀察→今日:觀察,NO,v266.60.2,5.264,30.0,0.0,0.0,15.0,4.726,818.0,20/40/60結構佳｜續強品質佳｜主力佈局語意｜風險語意扣分,過熱降權,v266.61,2026-10-01 01:22:44,-4.0,洗盤不破承接｜假突破/出貨風險扣分,無事件,等待下一次確認。,2.485,840,v266.62,2026-10-01 01:22:46,24.0,0.0,18.0,35.0,-24.09,量能安靜｜洗盤整理不破｜主力吸籌文字確認｜假突破/出貨文字風險,v266.68,2026-10-01 01:22:50,FAKE_BREAKOUT_RISK,假突破/追高風險：避免追價。,WATCH,840
2026-09-30,2250,BUY,80,57.0,50-100,0.01,10000,主力佈局完成,波動壓縮 | 安靜吸籌 | 均線收斂 | 放量吸收 | 接近突破,True,True,False,True,True,True,9.6,A,起漲結構強,20D站上MA20｜MA5站上MA10｜接近20日高｜40D平台收斂｜短中均線糾結｜40D低點守住｜量縮後溫和放量｜5D動能轉正｜10D動能轉正｜扣分:長上影壓力,平台壓縮後轉強，可優先觀察起漲/試單。,v266.57.9,8.6,無原分數欄位｜僅顯示結構前置分數,538.0,7.7,A,續強品質強,回檔不破前低｜低點墊高確認｜收盤守MA5｜續強確認：收盤未跌破MA5｜MA5仍在MA10上｜仍站MA20｜10D動能維持｜扣分:長上影壓力,回檔承接尚可，若原策略入選，可優先觀察延續。,v266.57.9,7.33,0.55,0.5,GENERIC,測試排序分=原分數+結構前置分*策略權重+續強品質*策略權重；不覆蓋原策略,538.0,-1.2,D,突破不足,MA5加速上彎｜短均多頭｜扣分:收盤位置偏弱、單日量能過猛、上影偏長,尚未形成乾淨突破，不急著升級。,v266.57.9,GENERIC,0.55,0.5,0.5,8.53,531.0,最後後處理補寫：原分數+結構前置+續強品質+突破品質；不覆蓋原策略,0.0,,一般,6.995,v266.58.1,2026-10-01 01:22:38,觀察,0,-5,降級風險,前狀態:吸籌中→今日:觀察｜狀態降級,RISK,v266.60.2,5.245,30.0,0.0,0.0,15.0,4.812,781.0,20/40/60結構佳｜續強品質佳｜主力佈局語意｜風險語意扣分,過熱降權,v266.61,2026-10-01 01:22:44,-4.0,洗盤不破承接｜假突破/出貨風險扣分,無事件,等待下一次確認。,2.472,841,v266.62,2026-10-01 01:22:46,24.0,0.0,18.0,35.0,-24.09,量能安靜｜洗盤整理不破｜主力吸籌文字確認｜假突破/出貨文字風險,v266.68,2026-10-01 01:22:50,FAKE_BREAKOUT_RISK,假突破/追高風險：避免追價。,WATCH,841
2026-09-30,3611,WATCH,54,183.0,100-500,0.0,0,佈局觀察,波動壓縮 | 均線收斂 | 接近突破 | 結構尚可,True,False,False,True,False,True,8.0,A,起漲結構強,20D站上MA20｜MA20走平翻揚｜MA5站上MA10｜接近20日高｜40D平台收斂｜短中均線糾結｜40D低點守住｜接近/站回MA60｜扣分:長上影壓力,平台壓縮後轉強，可優先觀察起漲/試單。,v266.57.9,7.0,無原分數欄位｜僅顯示結構前置分數,710.0,8.2,A,續強品質強,回檔不破前低｜低點墊高確認｜收盤守MA5｜續強確認：收盤未跌破MA5｜回檔量縮｜MA5仍在MA10上｜仍站MA20｜扣分:長上影壓力,回檔承接尚可，若原策略入選，可優先觀察延續。,v266.57.9,6.7,0.55,0.5,GENERIC,測試排序分=原分數+結構前置分*策略權重+續強品質*策略權重；不覆蓋原策略,643.0,-1.4,D,突破不足,短均多頭｜扣分:收盤位置偏弱、上影偏長,尚未形成乾淨突破，不急著升級。,v266.57.9,WATCH,0.55,0.35,0.75,6.22,799.0,最後後處理補寫：原分數+結構前置+續強品質+突破品質；不覆蓋原策略,0.0,,一般,5.1,v266.58.1,2026-10-01 01:22:38,觀察,0,0,持續觀察,前狀態:觀察→今日:觀察,NO,v266.60.2,5.1,30.0,0.0,0.0,15.0,4.71,828.0,20/40/60結構佳｜續強品質佳｜主力佈局語意｜風險語意扣分,過熱降權,v266.61,2026-10-01 01:22:44,-4.0,洗盤不破承接｜假突破/出貨風險扣分,無事件,等待下一次確認。,2.37,842,v266.62,2026-10-01 01:22:46,24.0,0.0,18.0,35.0,-24.09,量能安靜｜洗盤整理不破｜主力吸籌文字確認｜假突破/出貨文字風險,v266.68,2026-10-01 01:22:50,FAKE_BREAKOUT_RISK,假突破/追高風險：避免追價。,WATCH,842
2026-09-30,2732,WATCH,54,63.1,50-100,0.0,0,佈局觀察,波動壓縮 | 均線收斂 | 接近突破 | 結構尚可,True,False,False,True,False,True,9.0,A,起漲結構強,20D站上MA20｜MA20走平翻揚｜MA5站上MA10｜接近20日高｜40D平台收斂｜短中均線糾結｜40D低點守住｜接近/站回MA60｜MA60不再下彎｜扣分:長上影壓力,平台壓縮後轉強，可優先觀察起漲/試單。,v266.57.9,8.0,無原分數欄位｜僅顯示結構前置分數,556.0,6.5,B,續強品質中,回檔不破前低｜低點墊高確認｜收盤守MA5｜回測守MA10｜MA5仍在MA10上｜仍站MA20｜扣分:長上影壓力,回檔承接尚可，若原策略入選，可優先觀察延續。,v266.57.9,6.5,0.55,0.5,GENERIC,測試排序分=原分數+結構前置分*策略權重+續強品質*策略權重；不覆蓋原策略,681.0,-1.4,D,突破不足,短均多頭｜扣分:收盤位置偏弱、上影偏長,尚未形成乾淨突破，不急著升級。,v266.57.9,WATCH,0.55,0.35,0.75,6.175,803.0,最後後處理補寫：原分數+結構前置+續強品質+突破品質；不覆蓋原策略,0.0,,一般,5.063,v266.58.1,2026-10-01 01:22:38,觀察,0,0,持續觀察,前狀態:觀察→今日:觀察,NO,v266.60.2,5.063,30.0,0.0,0.0,15.0,4.706,829.0,20/40/60結構佳｜續強品質佳｜主力佈局語意｜風險語意扣分,過熱降權,v266.61,2026-10-01 01:22:44,-4.0,洗盤不破承接｜假突破/出貨風險扣分,無事件,等待下一次確認。,2.344,843,v266.62,2026-10-01 01:22:46,24.0,0.0,18.0,35.0,-24.09,量能安靜｜洗盤整理不破｜主力吸籌文字確認｜假突破/出貨文字風險,v266.68,2026-10-01 01:22:50,FAKE_BREAKOUT_RISK,假突破/追高風險：避免追價。,WATCH,843
2026-09-30,5315,WATCH,54,18.75,50以下,0.0,0,佈局觀察,波動壓縮 | 均線收斂 | 接近突破 | 結構尚可,True,False,False,True,False,True,8.0,A,起漲結構強,20D站上MA20｜MA20走平翻揚｜MA5站上MA10｜接近20日高｜40D平台收斂｜短中均線糾結｜40D低點守住｜接近/站回MA60｜扣分:長上影壓力,平台壓縮後轉強，可優先觀察起漲/試單。,v266.57.9,7.0,無原分數欄位｜僅顯示結構前置分數,710.0,8.0,A,續強品質強,回檔不破前低｜低點墊高確認｜收盤守MA5｜回測守MA10｜回檔量縮｜MA5仍在MA10上｜仍站MA20｜扣分:長上影壓力,回檔承接尚可，若原策略入選，可優先觀察延續。,v266.57.9,6.7,0.55,0.5,GENERIC,測試排序分=原分數+結構前置分*策略權重+續強品質*策略權重；不覆蓋原策略,643.0,-1.4,D,突破不足,短均多頭｜扣分:收盤位置偏弱、上影偏長,尚未形成乾淨突破，不急著升級。,v266.57.9,WATCH,0.55,0.35,0.75,6.15,806.0,最後後處理補寫：原分數+結構前置+續強品質+突破品質；不覆蓋原策略,0.0,,一般,5.043,v266.58.1,2026-10-01 01:22:38,觀察,0,0,持續觀察,前狀態:觀察→今日:觀察,NO,v266.60.2,5.043,30.0,0.0,0.0,15.0,4.704,833.0,20/40/60結構佳｜續強品質佳｜主力佈局語意｜風險語意扣分,過熱降權,v266.61,2026-10-01 01:22:44,-4.0,洗盤不破承接｜假突破/出貨風險扣分,無事件,等待下一次確認。,2.33,844,v266.62,2026-10-01 01:22:46,24.0,0.0,18.0,35.0,-24.09,量能安靜｜洗盤整理不破｜主力吸籌文字確認｜假突破/出貨文字風險,v266.68,2026-10-01 01:22:50,FAKE_BREAKOUT_RISK,假突破/追高風險：避免追價。,WATCH,844
2026-09-30,9927,BUY,86,70.1,50-100,0.01,10000,主力佈局完成,波動壓縮 | 安靜吸籌 | 均線收斂 | 放量吸收 | 接近突破 | 結構尚可,True,True,False,True,True,True,9.3,A,起漲結構強,20D站上MA20｜MA20走平翻揚｜MA5站上MA10｜接近20日高｜40D平台收斂｜短中均線糾結｜40D低點守住｜接近/站回MA60｜MA60不再下彎｜站回60D區間中上｜10D動能轉正｜扣分:單日爆量偏高、長上影壓力,平台壓縮後轉強，可優先觀察起漲/試單。,v266.57.9,7.3,無原分數欄位｜僅顯示結構前置分數,705.0,6.3,B,續強品質中,回檔不破前低｜低點墊高確認｜收盤守MA5｜回測守MA10｜MA5仍在MA10上｜仍站MA20｜10D動能維持｜扣分:回檔量放大、長上影壓力,回檔承接尚可，若原策略入選，可優先觀察延續。,v266.57.9,5.515,0.55,0.5,GENERIC,測試排序分=原分數+結構前置分*策略權重+續強品質*策略權重；不覆蓋原策略,834.0,-0.2,D,突破不足,量能較前日放大｜短均多頭｜扣分:收盤位置偏弱、上影偏長,尚未形成乾淨突破，不急著升級。,v266.57.9,GENERIC,0.55,0.5,0.5,8.165,581.0,最後後處理補寫：原分數+結構前置+續強品質+突破品質；不覆蓋原策略,0.0,,一般,6.695,v266.58.1,2026-10-01 01:22:38,觀察,0,-5,降級風險,前狀態:突破中→今日:觀察｜狀態降級,RISK,v266.60.2,4.945,30.0,0.0,0.0,15.0,4.782,793.0,20/40/60結構佳｜續強品質佳｜主力佈局語意｜風險語意扣分,過熱降權,v266.61,2026-10-01 01:22:44,-4.0,洗盤不破承接｜假突破/出貨風險扣分,無事件,等待下一次確認。,2.262,845,v266.62,2026-10-01 01:22:46,24.0,0.0,18.0,35.0,-24.09,量能安靜｜洗盤整理不破｜主力吸籌文字確認｜假突破/出貨文字風險,v266.68,2026-10-01 01:22:50,FAKE_BREAKOUT_RISK,假突破/追高風險：避免追價。,WATCH,845
2026-09-30,3045,TEST,72,119.5,100-500,0.005,5000,佈局高機率,波動壓縮 | 安靜吸籌 | 均線收斂 | 接近突破 | 結構尚可,True,True,False,True,False,True,10.0,A,起漲結構強,MA20走平翻揚｜40D平台收斂｜短中均線糾結｜40D低點守住｜接近/站回MA60｜MA60不再下彎｜站回60D區間中上｜量縮後溫和放量,平台壓縮後轉強，可優先觀察起漲/試單。,v266.57.9,10.0,無原分數欄位｜僅顯示結構前置分數,253.0,2.0,D,續強偏弱,回檔不破前低｜低點墊高確認｜扣分:跌破短均,續強品質不足或有假突破壓力，避免追高。,v266.57.9,6.0,0.55,0.5,GENERIC,測試排序分=原分數+結構前置分*策略權重+續強品質*策略權重；不覆蓋原策略,764.0,1.2,D,突破不足,量能較前日放大,尚未形成乾淨突破，不急著升級。,v266.57.9,TEST,0.8,0.5,0.9,10.08,312.0,最後後處理補寫：原分數+結構前置+續強品質+突破品質；不覆蓋原策略,0.0,,一般,8.266,v266.58.1,2026-10-01 01:22:38,出貨疑慮,-2,-10,降級風險,前狀態:出貨疑慮→今日:出貨疑慮,RISK,v266.60.2,4.766,22.0,0.0,0.0,15.0,2.052,883.0,20/40/60結構佳｜主力佈局語意｜風險語意扣分,過熱降權,v266.61,2026-10-01 01:22:44,-4.0,洗盤不破承接｜假突破/出貨風險扣分,無事件,等待下一次確認。,2.136,846,v266.62,2026-10-01 01:22:46,24.0,0.0,18.0,35.0,-24.09,量能安靜｜洗盤整理不破｜主力吸籌文字確認｜假突破/出貨文字風險,v266.68,2026-10-01 01:22:50,FAKE_BREAKOUT_RISK,假突破/追高風險：避免追價。,WATCH,846
2026-09-30,3205,WATCH,54,46.8,50以下,0.0,0,佈局觀察,波動壓縮 | 均線收斂 | 接近突破 | 結構尚可,True,False,False,True,False,True,7.0,B,起漲結構中,20D站上MA20｜MA20走平翻揚｜接近20日高｜40D平台收斂｜短中均線糾結｜40D低點守住｜接近/站回MA60｜扣分:長上影壓力,平台壓縮後轉強，可優先觀察起漲/試單。,v266.57.9,6.0,無原分數欄位｜僅顯示結構前置分數,828.0,6.8,B,續強品質中,回檔不破前低｜低點墊高確認｜收盤守MA5｜回測守MA10｜回檔量縮｜仍站MA20｜扣分:長上影壓力,回檔承接尚可，若原策略入選，可優先觀察延續。,v266.57.9,5.55,0.55,0.5,GENERIC,測試排序分=原分數+結構前置分*策略權重+續強品質*策略權重；不覆蓋原策略,830.0,-0.7,D,突破不足,突破近5日高｜扣分:收盤位置偏弱、上影偏長,尚未形成乾淨突破，不急著升級。,v266.57.9,WATCH,0.55,0.35,0.75,5.705,843.0,最後後處理補寫：原分數+結構前置+續強品質+突破品質；不覆蓋原策略,0.0,,一般,4.678,v266.58.1,2026-10-01 01:22:38,觀察,0,0,持續觀察,前狀態:觀察→今日:觀察,NO,v266.60.2,4.678,30.0,0.0,0.0,15.0,4.668,840.0,20/40/60結構佳｜續強品質佳｜主力佈局語意｜風險語意扣分,過熱降權,v266.61,2026-10-01 01:22:44,-4.0,洗盤不破承接｜假突破/出貨風險扣分,無事件,等待下一次確認。,2.075,847,v266.62,2026-10-01 01:22:46,24.0,0.0,18.0,35.0,-24.09,量能安靜｜洗盤整理不破｜主力吸籌文字確認｜假突破/出貨文字風險,v266.68,2026-10-01 01:22:50,FAKE_BREAKOUT_RISK,假突破/追高風險：避免追價。,WATCH,847
2026-09-30,5011,WATCH,54,18.8,50以下,0.0,0,佈局觀察,波動壓縮 | 均線收斂 | 接近突破 | 結構尚可,True,False,False,True,False,True,8.0,A,起漲結構強,20D站上MA20｜MA20走平翻揚｜MA5站上MA10｜接近20日高｜40D平台收斂｜短中均線糾結｜40D低點守住｜接近/站回MA60｜扣分:長上影壓力,平台壓縮後轉強，可優先觀察起漲/試單。,v266.57.9,7.0,無原分數欄位｜僅顯示結構前置分數,710.0,6.7,B,續強品質中,回檔不破前低｜低點墊高確認｜收盤守MA5｜續強確認：收盤未跌破MA5｜MA5仍在MA10上｜仍站MA20｜扣分:長上影壓力,回檔承接尚可，若原策略入選，可優先觀察延續。,v266.57.9,5.95,0.55,0.5,GENERIC,測試排序分=原分數+結構前置分*策略權重+續強品質*策略權重；不覆蓋原策略,768.0,-1.4,D,突破不足,短均多頭｜扣分:收盤位置偏弱、上影偏長,尚未形成乾淨突破，不急著升級。,v266.57.9,WATCH,0.55,0.35,0.75,5.695,848.0,最後後處理補寫：原分數+結構前置+續強品質+突破品質；不覆蓋原策略,0.0,,一般,4.67,v266.58.1,2026-10-01 01:22:38,觀察,0,0,持續觀察,前狀態:觀察→今日:觀察,NO,v266.60.2,4.67,30.0,0.0,0.0,15.0,4.667,841.0,20/40/60結構佳｜續強品質佳｜主力佈局語意｜風險語意扣分,過熱降權,v266.61,2026-10-01 01:22:44,-4.0,洗盤不破承接｜假突破/出貨風險扣分,無事件,等待下一次確認。,2.069,848,v266.62,2026-10-01 01:22:46,24.0,0.0,18.0,35.0,-24.09,量能安靜｜洗盤整理不破｜主力吸籌文字確認｜假突破/出貨文字風險,v266.68,2026-10-01 01:22:50,FAKE_BREAKOUT_RISK,假突破/追高風險：避免追價。,WATCH,848
2026-09-30,5014,WATCH,54,10.25,50以下,0.0,0,佈局觀察,波動壓縮 | 均線收斂 | 接近突破 | 結構尚可,True,False,False,True,False,True,8.0,A,起漲結構強,20D站上MA20｜MA20走平翻揚｜MA5站上MA10｜接近20日高｜40D平台收斂｜短中均線糾結｜40D低點守住｜接近/站回MA60｜扣分:長上影壓力,平台壓縮後轉強，可優先觀察起漲/試單。,v266.57.9,7.0,無原分數欄位｜僅顯示結構前置分數,710.0,6.7,B,續強品質中,回檔不破前低｜低點墊高確認｜收盤守MA5｜續強確認：收盤未跌破MA5｜MA5仍在MA10上｜仍站MA20｜扣分:長上影壓力,回檔承接尚可，若原策略入選，可優先觀察延續。,v266.57.9,5.95,0.55,0.5,GENERIC,測試排序分=原分數+結構前置分*策略權重+續強品質*策略權重；不覆蓋原策略,768.0,-1.4,D,突破不足,短均多頭｜扣分:收盤位置偏弱、上影偏長,尚未形成乾淨突破，不急著升級。,v266.57.9,WATCH,0.55,0.35,0.75,5.695,848.0,最後後處理補寫：原分數+結構前置+續強品質+突破品質；不覆蓋原策略,0.0,,一般,4.67,v266.58.1,2026-10-01 01:22:38,觀察,0,0,持續觀察,前狀態:觀察→今日:觀察,NO,v266.60.2,4.67,30.0,0.0,0.0,15.0,4.667,841.0,20/40/60結構佳｜續強品質佳｜主力佈局語意｜風險語意扣分,過熱降權,v266.61,2026-10-01 01:22:44,-4.0,洗盤不破承接｜假突破/出貨風險扣分,無事件,等待下一次確認。,2.069,849,v266.62,2026-10-01 01:22:46,24.0,0.0,18.0,35.0,-24.09,量能安靜｜洗盤整理不破｜主力吸籌文字確認｜假突破/出貨文字風險,v266.68,2026-10-01 01:22:50,FAKE_BREAKOUT_RISK,假突破/追高風險：避免追價。,WATCH,849
2026-09-30,2882,WATCH,54,111.0,100-500,0.0,0,佈局觀察,波動壓縮 | 均線收斂 | 接近突破 | 結構尚可,True,False,False,True,False,True,8.0,A,起漲結構強,MA20走平翻揚｜40D平台收斂｜短中均線糾結｜40D低點守住｜接近/站回MA60｜MA60不再下彎｜站回60D區間中上｜近5日量縮｜扣分:長上影壓力,平台壓縮後轉強，可優先觀察起漲/試單。,v266.57.9,7.0,無原分數欄位｜僅顯示結構前置分數,710.0,5.8,B,續強品質中,回檔不破前低｜低點墊高確認｜收盤守MA5｜回測守MA10｜回檔量縮｜扣分:長上影壓力,回檔承接尚可，若原策略入選，可優先觀察延續。,v266.57.9,5.6,0.55,0.5,GENERIC,測試排序分=原分數+結構前置分*策略權重+續強品質*策略權重；不覆蓋原策略,802.0,-1.0,D,突破不足,量能較前日放大｜扣分:收盤位置偏弱、上影偏長,尚未形成乾淨突破，不急著升級。,v266.57.9,WATCH,0.55,0.35,0.75,5.68,850.0,最後後處理補寫：原分數+結構前置+續強品質+突破品質；不覆蓋原策略,0.0,,一般,4.658,v266.58.1,2026-10-01 01:22:38,觀察,0,0,持續觀察,前狀態:觀察→今日:觀察,NO,v266.60.2,4.658,30.0,0.0,0.0,15.0,4.666,843.0,20/40/60結構佳｜續強品質佳｜主力佈局語意｜風險語意扣分,過熱降權,v266.61,2026-10-01 01:22:44,-4.0,洗盤不破承接｜假突破/出貨風險扣分,無事件,等待下一次確認。,2.061,850,v266.62,2026-10-01 01:22:46,24.0,0.0,18.0,35.0,-24.09,量能安靜｜洗盤整理不破｜主力吸籌文字確認｜假突破/出貨文字風險,v266.68,2026-10-01 01:22:50,FAKE_BREAKOUT_RISK,假突破/追高風險：避免追價。,WATCH,850
2026-09-30,8436,WATCH,54,106.5,100-500,0.0,0,佈局觀察,波動壓縮 | 均線收斂 | 接近突破 | 結構尚可,True,False,False,True,False,True,7.0,B,起漲結構中,20D站上MA20｜MA20走平翻揚｜MA5站上MA10｜40D平台收斂｜短中均線糾結｜40D低點守住｜接近/站回MA60｜扣分:長上影壓力,平台壓縮後轉強，可優先觀察起漲/試單。,v266.57.9,6.0,無原分數欄位｜僅顯示結構前置分數,828.0,8.2,A,續強品質強,回檔不破前低｜低點墊高確認｜收盤守MA5｜續強確認：收盤未跌破MA5｜回檔量縮｜MA5仍在MA10上｜仍站MA20｜扣分:長上影壓力,回檔承接尚可，若原策略入選，可優先觀察延續。,v266.57.9,6.15,0.55,0.5,GENERIC,測試排序分=原分數+結構前置分*策略權重+續強品質*策略權重；不覆蓋原策略,729.0,-1.4,D,突破不足,短均多頭｜扣分:收盤位置偏弱、上影偏長,尚未形成乾淨突破，不急著升級。,v266.57.9,WATCH,0.55,0.35,0.75,5.67,851.0,最後後處理補寫：原分數+結構前置+續強品質+突破品質；不覆蓋原策略,0.0,,一般,4.649,v266.58.1,2026-10-01 01:22:38,觀察,0,0,持續觀察,前狀態:觀察→今日:觀察,NO,v266.60.2,4.649,30.0,0.0,0.0,15.0,4.665,845.0,20/40/60結構佳｜續強品質佳｜主力佈局語意｜風險語意扣分,過熱降權,v266.61,2026-10-01 01:22:44,-4.0,洗盤不破承接｜假突破/出貨風險扣分,無事件,等待下一次確認。,2.054,851,v266.62,2026-10-01 01:22:46,24.0,0.0,18.0,35.0,-24.09,量能安靜｜洗盤整理不破｜主力吸籌文字確認｜假突破/出貨文字風險,v266.68,2026-10-01 01:22:50,FAKE_BREAKOUT_RISK,假突破/追高風險：避免追價。,WATCH,851
2026-09-30,2206,TEST,72,62.1,50-100,0.005,5000,佈局高機率,波動壓縮 | 安靜吸籌 | 均線收斂 | 接近突破 | 結構尚可,True,True,False,True,False,True,10.0,A,起漲結構強,接近20日高｜40D平台收斂｜短中均線糾結｜40D低點守住｜接近/站回MA60｜MA60不再下彎｜近5日量縮｜量縮後溫和放量,平台壓縮後轉強，可優先觀察起漲/試單。,v266.57.9,10.0,無原分數欄位｜僅顯示結構前置分數,253.0,3.5,C,續強觀察,回檔不破前低｜低點墊高確認｜回檔量縮｜扣分:跌破短均,續強品質不足或有假突破壓力，避免追高。,v266.57.9,6.75,0.55,0.5,GENERIC,測試排序分=原分數+結構前置分*策略權重+續強品質*策略權重；不覆蓋原策略,621.0,0.2,D,突破不足,量能較前日放大｜扣分:收盤位置偏弱,尚未形成乾淨突破，不急著升級。,v266.57.9,TEST,0.8,0.5,0.9,9.93,342.0,最後後處理補寫：原分數+結構前置+續強品質+突破品質；不覆蓋原策略,0.0,,一般,8.143,v266.58.1,2026-10-01 01:22:38,出貨疑慮,-2,-10,降級風險,前狀態:出貨疑慮→今日:出貨疑慮,RISK,v266.60.2,4.643,22.0,0.0,0.0,15.0,2.039,884.0,20/40/60結構佳｜主力佈局語意｜風險語意扣分,過熱降權,v266.61,2026-10-01 01:22:44,-4.0,洗盤不破承接｜假突破/出貨風險扣分,無事件,等待下一次確認。,2.05,852,v266.62,2026-10-01 01:22:46,24.0,0.0,18.0,35.0,-24.09,量能安靜｜洗盤整理不破｜主力吸籌文字確認｜假突破/出貨文字風險,v266.68,2026-10-01 01:22:50,FAKE_BREAKOUT_RISK,假突破/追高風險：避免追價。,WATCH,852
2026-09-30,3289,WATCH,54,139.5,100-500,0.0,0,佈局觀察,波動壓縮 | 均線收斂 | 接近突破 | 結構尚可,True,False,False,True,False,True,8.0,A,起漲結構強,20D站上MA20｜MA20走平翻揚｜MA5站上MA10｜接近20日高｜40D平台收斂｜短中均線糾結｜40D低點守住｜接近/站回MA60｜扣分:長上影壓力,平台壓縮後轉強，可優先觀察起漲/試單。,v266.57.9,7.0,無原分數欄位｜僅顯示結構前置分數,710.0,6.5,B,續強品質中,回檔不破前低｜低點墊高確認｜收盤守MA5｜回測守MA10｜MA5仍在MA10上｜仍站MA20｜扣分:長上影壓力,回檔承接尚可，若原策略入選，可優先觀察延續。,v266.57.9,5.95,0.55,0.5,GENERIC,測試排序分=原分數+結構前置分*策略權重+續強品質*策略權重；不覆蓋原策略,768.0,-1.4,D,突破不足,短均多頭｜扣分:收盤位置偏弱、上影偏長,尚未形成乾淨突破，不急著升級。,v266.57.9,WATCH,0.55,0.35,0.75,5.625,853.0,最後後處理補寫：原分數+結構前置+續強品質+突破品質；不覆蓋原策略,0.0,,一般,4.612,v266.58.1,2026-10-01 01:22:38,觀察,0,0,持續觀察,前狀態:觀察→今日:觀察,NO,v266.60.2,4.612,30.0,0.0,0.0,15.0,4.661,846.0,20/40/60結構佳｜續強品質佳｜主力佈局語意｜風險語意扣分,過熱降權,v266.61,2026-10-01 01:22:44,-4.0,洗盤不破承接｜假突破/出貨風險扣分,無事件,等待下一次確認。,2.028,853,v266.62,2026-10-01 01:22:46,24.0,0.0,18.0,35.0,-24.09,量能安靜｜洗盤整理不破｜主力吸籌文字確認｜假突破/出貨文字風險,v266.68,2026-10-01 01:22:50,FAKE_BREAKOUT_RISK,假突破/追高風險：避免追價。,WATCH,853
2026-09-30,6874,WATCH,54,69.8,50-100,0.0,0,佈局觀察,波動壓縮 | 均線收斂 | 接近突破 | 結構尚可,True,False,False,True,False,True,7.0,B,起漲結構中,20D站上MA20｜MA5站上MA10｜接近20日高｜40D平台收斂｜短中均線糾結｜40D低點守住｜接近/站回MA60｜扣分:長上影壓力,平台壓縮後轉強，可優先觀察起漲/試單。,v266.57.9,6.0,無原分數欄位｜僅顯示結構前置分數,828.0,8.0,A,續強品質強,回檔不破前低｜低點墊高確認｜收盤守MA5｜回測守MA10｜回檔量縮｜MA5仍在MA10上｜仍站MA20｜扣分:長上影壓力,回檔承接尚可，若原策略入選，可優先觀察延續。,v266.57.9,6.15,0.55,0.5,GENERIC,測試排序分=原分數+結構前置分*策略權重+續強品質*策略權重；不覆蓋原策略,729.0,-1.4,D,突破不足,短均多頭｜扣分:收盤位置偏弱、上影偏長,尚未形成乾淨突破，不急著升級。,v266.57.9,WATCH,0.55,0.35,0.75,5.6,854.0,最後後處理補寫：原分數+結構前置+續強品質+突破品質；不覆蓋原策略,0.0,,一般,4.592,v266.58.1,2026-10-01 01:22:38,觀察,0,0,持續觀察,前狀態:觀察→今日:觀察,NO,v266.60.2,4.592,30.0,0.0,0.0,15.0,4.659,847.0,20/40/60結構佳｜續強品質佳｜主力佈局語意｜風險語意扣分,過熱降權,v266.61,2026-10-01 01:22:44,-4.0,洗盤不破承接｜假突破/出貨風險扣分,無事件,等待下一次確認。,2.014,854,v266.62,2026-10-01 01:22:46,24.0,0.0,18.0,35.0,-24.09,量能安靜｜洗盤整理不破｜主力吸籌文字確認｜假突破/出貨文字風險,v266.68,2026-10-01 01:22:50,FAKE_BREAKOUT_RISK,假突破/追高風險：避免追價。,WATCH,854
2026-09-30,3570,WATCH,54,167.0,100-500,0.0,0,佈局觀察,波動壓縮 | 均線收斂 | 接近突破 | 結構尚可,True,False,False,True,False,True,9.0,A,起漲結構強,MA20走平翻揚｜接近20日高｜40D平台收斂｜短中均線糾結｜40D低點守住｜接近/站回MA60｜MA60不再下彎｜站回60D區間中上｜近5日量縮｜扣分:長上影壓力,平台壓縮後轉強，可優先觀察起漲/試單。,v266.57.9,8.0,無原分數欄位｜僅顯示結構前置分數,556.0,5.8,B,續強品質中,回檔不破前低｜低點墊高確認｜收盤守MA5｜回測守MA10｜回檔量縮｜扣分:長上影壓力,回檔承接尚可，若原策略入選，可優先觀察延續。,v266.57.9,6.15,0.55,0.5,GENERIC,測試排序分=原分數+結構前置分*策略權重+續強品質*策略權重；不覆蓋原策略,729.0,-2.2,D,突破不足,扣分:收盤位置偏弱、上影偏長,尚未形成乾淨突破，不急著升級。,v266.57.9,WATCH,0.55,0.35,0.75,5.33,872.0,最後後處理補寫：原分數+結構前置+續強品質+突破品質；不覆蓋原策略,0.0,,一般,4.371,v266.58.1,2026-10-01 01:22:38,觀察,0,0,持續觀察,前狀態:觀察→今日:觀察,NO,v266.60.2,4.371,30.0,0.0,0.0,15.0,4.637,851.0,20/40/60結構佳｜續強品質佳｜主力佈局語意｜風險語意扣分,過熱降權,v266.61,2026-10-01 01:22:44,-4.0,洗盤不破承接｜假突破/出貨風險扣分,無事件,等待下一次確認。,1.86,855,v266.62,2026-10-01 01:22:46,24.0,0.0,18.0,35.0,-24.09,量能安靜｜洗盤整理不破｜主力吸籌文字確認｜假突破/出貨文字風險,v266.68,2026-10-01 01:22:50,FAKE_BREAKOUT_RISK,假突破/追高風險：避免追價。,WATCH,855
2026-09-30,3044,WATCH,54,525.0,500-1000,0.0,0,佈局觀察,波動壓縮 | 均線收斂 | 接近突破 | 結構尚可,True,False,False,True,False,True,10.6,A,起漲結構強,20D站上MA20｜MA20走平翻揚｜MA5站上MA10｜40D平台收斂｜短中均線糾結｜40D低點守住｜接近/站回MA60｜MA60不再下彎｜站回60D區間中上｜5D動能轉正｜10D動能轉正｜扣分:長上影壓力,平台壓縮後轉強，可優先觀察起漲/試單。,v266.57.9,9.6,無原分數欄位｜僅顯示結構前置分數,365.0,7.5,A,續強品質強,回檔不破前低｜低點墊高確認｜回測守MA10｜回檔量縮｜MA5仍在MA10上｜仍站MA20｜10D動能維持｜扣分:長上影壓力,回檔承接尚可，若原策略入選，可優先觀察延續。,v266.57.9,8.28,0.55,0.5,GENERIC,測試排序分=原分數+結構前置分*策略權重+續強品質*策略權重；不覆蓋原策略,350.0,-1.4,D,突破不足,短均多頭｜扣分:收盤位置偏弱、上影偏長,尚未形成乾淨突破，不急著升級。,v266.57.9,WATCH,0.55,0.35,0.75,7.405,681.0,最後後處理補寫：原分數+結構前置+續強品質+突破品質；不覆蓋原策略,0.0,,一般,6.072,v266.58.1,2026-10-01 01:22:38,觀察,0,-5,降級風險,前狀態:突破中→今日:觀察｜狀態降級,RISK,v266.60.2,4.322,30.0,0.0,0.0,15.0,4.72,825.0,20/40/60結構佳｜續強品質佳｜主力佈局語意｜風險語意扣分,過熱降權,v266.61,2026-10-01 01:22:44,-4.0,洗盤不破承接｜假突破/出貨風險扣分,無事件,等待下一次確認。,1.825,856,v266.62,2026-10-01 01:22:46,24.0,0.0,18.0,35.0,-24.09,量能安靜｜洗盤整理不破｜主力吸籌文字確認｜假突破/出貨文字風險,v266.68,2026-10-01 01:22:50,FAKE_BREAKOUT_RISK,假突破/追高風險：避免追價。,WATCH,856
2026-09-30,4536,TEST,68,161.0,100-500,0.005,5000,佈局高機率,安靜吸籌 | 均線收斂 | 放量吸收 | 接近突破 | 結構尚可,False,True,False,True,True,True,9.8,A,起漲結構強,接近20日高｜40D平台收斂｜短中均線糾結｜40D低點守住｜接近/站回MA60｜MA60不再下彎｜量縮後溫和放量｜10D動能轉正,平台壓縮後轉強，可優先觀察起漲/試單。,v266.57.9,9.8,無原分數欄位｜僅顯示結構前置分數,346.0,3.0,C,續強觀察,回檔不破前低｜低點墊高確認｜10D動能維持｜扣分:跌破短均,續強品質不足或有假突破壓力，避免追高。,v266.57.9,6.39,0.55,0.5,GENERIC,測試排序分=原分數+結構前置分*策略權重+續強品質*策略權重；不覆蓋原策略,688.0,0.2,D,突破不足,量能較前日放大｜扣分:收盤位置偏弱,尚未形成乾淨突破，不急著升級。,v266.57.9,TEST,0.8,0.5,0.9,9.52,381.0,最後後處理補寫：原分數+結構前置+續強品質+突破品質；不覆蓋原策略,0.0,,一般,7.806,v266.58.1,2026-10-01 01:22:38,出貨疑慮,-2,-10,降級風險,前狀態:出貨疑慮→今日:出貨疑慮,RISK,v266.60.2,4.306,22.0,0.0,0.0,15.0,2.006,885.0,20/40/60結構佳｜主力佈局語意｜風險語意扣分,過熱降權,v266.61,2026-10-01 01:22:44,-4.0,洗盤不破承接｜假突破/出貨風險扣分,無事件,等待下一次確認。,1.814,857,v266.62,2026-10-01 01:22:46,24.0,0.0,18.0,35.0,-24.09,量能安靜｜洗盤整理不破｜主力吸籌文字確認｜假突破/出貨文字風險,v266.68,2026-10-01 01:22:50,FAKE_BREAKOUT_RISK,假突破/追高風險：避免追價。,WATCH,857
2026-09-30,8182,WATCH,54,41.4,50以下,0.0,0,佈局觀察,波動壓縮 | 均線收斂 | 接近突破 | 結構尚可,True,False,False,True,False,True,7.0,B,起漲結構中,20D站上MA20｜MA20走平翻揚｜MA5站上MA10｜接近20日高｜40D平台收斂｜短中均線糾結｜接近/站回MA60｜扣分:長上影壓力,平台壓縮後轉強，可優先觀察起漲/試單。,v266.57.9,6.0,無原分數欄位｜僅顯示結構前置分數,828.0,6.7,B,續強品質中,回檔不破前低｜低點墊高確認｜收盤守MA5｜續強確認：收盤未跌破MA5｜MA5仍在MA10上｜仍站MA20｜扣分:長上影壓力,回檔承接尚可，若原策略入選，可優先觀察延續。,v266.57.9,5.4,0.55,0.5,GENERIC,測試排序分=原分數+結構前置分*策略權重+續強品質*策略權重；不覆蓋原策略,840.0,-1.4,D,突破不足,短均多頭｜扣分:收盤位置偏弱、上影偏長,尚未形成乾淨突破，不急著升級。,v266.57.9,WATCH,0.55,0.35,0.75,5.145,880.0,最後後處理補寫：原分數+結構前置+續強品質+突破品質；不覆蓋原策略,0.0,,一般,4.219,v266.58.1,2026-10-01 01:22:38,觀察,0,0,持續觀察,前狀態:觀察→今日:觀察,NO,v266.60.2,4.219,30.0,0.0,0.0,15.0,4.622,856.0,20/40/60結構佳｜續強品質佳｜主力佈局語意｜風險語意扣分,過熱降權,v266.61,2026-10-01 01:22:44,-4.0,洗盤不破承接｜假突破/出貨風險扣分,無事件,等待下一次確認。,1.753,858,v266.62,2026-10-01 01:22:46,24.0,0.0,18.0,35.0,-24.09,量能安靜｜洗盤整理不破｜主力吸籌文字確認｜假突破/出貨文字風險,v266.68,2026-10-01 01:22:50,FAKE_BREAKOUT_RISK,假突破/追高風險：避免追價。,WATCH,858
2026-09-30,3430,WATCH,54,111.5,100-500,0.0,0,佈局觀察,波動壓縮 | 均線收斂 | 接近突破 | 結構尚可,True,False,False,True,False,True,7.0,B,起漲結構中,20D站上MA20｜MA20走平翻揚｜MA5站上MA10｜接近20日高｜40D平台收斂｜短中均線糾結｜接近/站回MA60｜扣分:長上影壓力,平台壓縮後轉強，可優先觀察起漲/試單。,v266.57.9,6.0,無原分數欄位｜僅顯示結構前置分數,828.0,6.5,B,續強品質中,回檔不破前低｜低點墊高確認｜收盤守MA5｜回測守MA10｜MA5仍在MA10上｜仍站MA20｜扣分:長上影壓力,回檔承接尚可，若原策略入選，可優先觀察延續。,v266.57.9,5.4,0.55,0.5,GENERIC,測試排序分=原分數+結構前置分*策略權重+續強品質*策略權重；不覆蓋原策略,840.0,-1.4,D,突破不足,短均多頭｜扣分:收盤位置偏弱、上影偏長,尚未形成乾淨突破，不急著升級。,v266.57.9,WATCH,0.55,0.35,0.75,5.075,883.0,最後後處理補寫：原分數+結構前置+續強品質+突破品質；不覆蓋原策略,0.0,,一般,4.162,v266.58.1,2026-10-01 01:22:38,觀察,0,0,持續觀察,前狀態:觀察→今日:觀察,NO,v266.60.2,4.162,30.0,0.0,0.0,15.0,4.616,859.0,20/40/60結構佳｜續強品質佳｜主力佈局語意｜風險語意扣分,過熱降權,v266.61,2026-10-01 01:22:44,-4.0,洗盤不破承接｜假突破/出貨風險扣分,無事件,等待下一次確認。,1.713,859,v266.62,2026-10-01 01:22:46,24.0,0.0,18.0,35.0,-24.09,量能安靜｜洗盤整理不破｜主力吸籌文字確認｜假突破/出貨文字風險,v266.68,2026-10-01 01:22:50,FAKE_BREAKOUT_RISK,假突破/追高風險：避免追價。,WATCH,859
2026-09-30,3508,WATCH,54,25.9,50以下,0.0,0,佈局觀察,波動壓縮 | 均線收斂 | 接近突破 | 結構尚可,True,False,False,True,False,True,9.0,A,起漲結構強,20D站上MA20｜MA20走平翻揚｜MA5站上MA10｜40D平台收斂｜短中均線糾結｜40D低點守住｜接近/站回MA60｜MA60不再下彎｜站回60D區間中上｜扣分:長上影壓力,平台壓縮後轉強，可優先觀察起漲/試單。,v266.57.9,8.0,無原分數欄位｜僅顯示結構前置分數,556.0,6.5,B,續強品質中,回檔不破前低｜低點墊高確認｜收盤守MA5｜回測守MA10｜MA5仍在MA10上｜仍站MA20｜扣分:長上影壓力,回檔承接尚可，若原策略入選，可優先觀察延續。,v266.57.9,6.5,0.55,0.5,GENERIC,測試排序分=原分數+結構前置分*策略權重+續強品質*策略權重；不覆蓋原策略,681.0,-0.2,D,突破不足,MA5加速上彎｜短均多頭｜扣分:收盤位置偏弱、上影偏長,尚未形成乾淨突破，不急著升級。,v266.57.9,WATCH,0.55,0.35,0.75,7.075,725.0,最後後處理補寫：原分數+結構前置+續強品質+突破品質；不覆蓋原策略,0.0,,一般,5.802,v266.58.1,2026-10-01 01:22:38,觀察,0,-5,降級風險,前狀態:突破中→今日:觀察｜狀態降級,RISK,v266.60.2,4.052,30.0,0.0,0.0,15.0,4.693,836.0,20/40/60結構佳｜續強品質佳｜主力佈局語意｜風險語意扣分,過熱降權,v266.61,2026-10-01 01:22:44,-4.0,洗盤不破承接｜假突破/出貨風險扣分,無事件,等待下一次確認。,1.636,860,v266.62,2026-10-01 01:22:46,24.0,0.0,18.0,35.0,-24.09,量能安靜｜洗盤整理不破｜主力吸籌文字確認｜假突破/出貨文字風險,v266.68,2026-10-01 01:22:50,FAKE_BREAKOUT_RISK,假突破/追高風險：避免追價。,WATCH,860
2026-09-30,5478,WATCH,54,97.1,50-100,0.0,0,佈局觀察,波動壓縮 | 均線收斂 | 接近突破 | 結構尚可,True,False,False,True,False,True,6.0,B,起漲結構中,MA20走平翻揚｜接近20日高｜40D平台收斂｜短中均線糾結｜40D低點守住｜接近/站回MA60｜扣分:長上影壓力,平台壓縮後轉強，可優先觀察起漲/試單。,v266.57.9,5.0,無原分數欄位｜僅顯示結構前置分數,907.0,6.0,B,續強品質中,回檔不破前低｜低點墊高確認｜收盤守MA5｜續強確認：收盤未跌破MA5｜回檔量縮｜扣分:長上影壓力,回檔承接尚可，若原策略入選，可優先觀察延續。,v266.57.9,4.5,0.55,0.5,GENERIC,測試排序分=原分數+結構前置分*策略權重+續強品質*策略權重；不覆蓋原策略,900.0,-0.7,D,突破不足,突破近5日高｜扣分:收盤位置偏弱、上影偏長,尚未形成乾淨突破，不急著升級。,v266.57.9,WATCH,0.55,0.35,0.75,4.875,897.0,最後後處理補寫：原分數+結構前置+續強品質+突破品質；不覆蓋原策略,0.0,,一般,3.997,v266.58.1,2026-10-01 01:22:38,觀察,0,0,持續觀察,前狀態:觀察→今日:觀察,NO,v266.60.2,3.997,30.0,0.0,0.0,15.0,4.6,860.0,20/40/60結構佳｜續強品質佳｜主力佈局語意｜風險語意扣分,過熱降權,v266.61,2026-10-01 01:22:44,-4.0,洗盤不破承接｜假突破/出貨風險扣分,無事件,等待下一次確認。,1.598,861,v266.62,2026-10-01 01:22:46,24.0,0.0,18.0,35.0,-24.09,量能安靜｜洗盤整理不破｜主力吸籌文字確認｜假突破/出貨文字風險,v266.68,2026-10-01 01:22:50,FAKE_BREAKOUT_RISK,假突破/追高風險：避免追價。,WATCH,861
2026-09-30,4735,WATCH,54,36.1,50以下,0.0,0,佈局觀察,波動壓縮 | 均線收斂 | 接近突破 | 結構尚可,True,False,False,True,False,True,8.0,A,起漲結構強,MA20走平翻揚｜40D平台收斂｜短中均線糾結｜40D低點守住｜接近/站回MA60｜MA60不再下彎｜站回60D區間中上｜近5日量縮｜扣分:長上影壓力,平台壓縮後轉強，可優先觀察起漲/試單。,v266.57.9,7.0,無原分數欄位｜僅顯示結構前置分數,710.0,6.0,B,續強品質中,回檔不破前低｜低點墊高確認｜收盤守MA5｜續強確認：收盤未跌破MA5｜回檔量縮｜扣分:長上影壓力,回檔承接尚可，若原策略入選，可優先觀察延續。,v266.57.9,5.6,0.55,0.5,GENERIC,測試排序分=原分數+結構前置分*策略權重+續強品質*策略權重；不覆蓋原策略,802.0,-2.2,D,突破不足,扣分:收盤位置偏弱、上影偏長,尚未形成乾淨突破，不急著升級。,v266.57.9,WATCH,0.55,0.35,0.75,4.85,899.0,最後後處理補寫：原分數+結構前置+續強品質+突破品質；不覆蓋原策略,0.0,,一般,3.977,v266.58.1,2026-10-01 01:22:38,觀察,0,0,持續觀察,前狀態:觀察→今日:觀察,NO,v266.60.2,3.977,30.0,0.0,0.0,15.0,4.598,861.0,20/40/60結構佳｜續強品質佳｜主力佈局語意｜風險語意扣分,過熱降權,v266.61,2026-10-01 01:22:44,-4.0,洗盤不破承接｜假突破/出貨風險扣分,無事件,等待下一次確認。,1.584,862,v266.62,2026-10-01 01:22:46,24.0,0.0,18.0,35.0,-24.09,量能安靜｜洗盤整理不破｜主力吸籌文字確認｜假突破/出貨文字風險,v266.68,2026-10-01 01:22:50,FAKE_BREAKOUT_RISK,假突破/追高風險：避免追價。,WATCH,862
2026-09-30,6109,WATCH,54,10.55,50以下,0.0,0,佈局觀察,波動壓縮 | 均線收斂 | 接近突破 | 結構尚可,True,False,False,True,False,True,7.0,B,起漲結構中,MA20走平翻揚｜MA5站上MA10｜接近20日高｜40D平台收斂｜短中均線糾結｜40D低點守住｜接近/站回MA60｜扣分:長上影壓力,平台壓縮後轉強，可優先觀察起漲/試單。,v266.57.9,6.0,無原分數欄位｜僅顯示結構前置分數,828.0,5.7,B,續強品質中,回檔不破前低｜低點墊高確認｜收盤守MA5｜續強確認：收盤未跌破MA5｜MA5仍在MA10上｜扣分:長上影壓力,回檔承接尚可，若原策略入選，可優先觀察延續。,v266.57.9,4.9,0.55,0.5,GENERIC,測試排序分=原分數+結構前置分*策略權重+續強品質*策略權重；不覆蓋原策略,884.0,-1.4,D,突破不足,短均多頭｜扣分:收盤位置偏弱、上影偏長,尚未形成乾淨突破，不急著升級。,v266.57.9,WATCH,0.55,0.35,0.75,4.795,901.0,最後後處理補寫：原分數+結構前置+續強品質+突破品質；不覆蓋原策略,0.0,,一般,3.932,v266.58.1,2026-10-01 01:22:38,觀察,0,0,持續觀察,前狀態:觀察→今日:觀察,NO,v266.60.2,3.932,30.0,0.0,0.0,15.0,4.593,862.0,20/40/60結構佳｜續強品質佳｜主力佈局語意｜風險語意扣分,過熱降權,v266.61,2026-10-01 01:22:44,-4.0,洗盤不破承接｜假突破/出貨風險扣分,無事件,等待下一次確認。,1.552,863,v266.62,2026-10-01 01:22:46,24.0,0.0,18.0,35.0,-24.09,量能安靜｜洗盤整理不破｜主力吸籌文字確認｜假突破/出貨文字風險,v266.68,2026-10-01 01:22:50,FAKE_BREAKOUT_RISK,假突破/追高風險：避免追價。,WATCH,863
2026-09-30,5907,WATCH,54,4.81,50以下,0.0,0,佈局觀察,波動壓縮 | 均線收斂 | 接近突破 | 結構尚可,True,False,False,True,False,True,6.8,B,起漲結構中,40D平台收斂｜短中均線糾結｜40D低點守住｜接近/站回MA60｜MA60不再下彎｜近5日量縮｜10D動能轉正｜扣分:長上影壓力,平台壓縮後轉強，可優先觀察起漲/試單。,v266.57.9,5.8,無原分數欄位｜僅顯示結構前置分數,899.0,5.0,B,續強品質中,回檔不破前低｜低點墊高確認｜收盤守MA5｜回檔量縮｜10D動能維持｜扣分:跌破短均、長上影壓力,回檔承接尚可，若原策略入選，可優先觀察延續。,v266.57.9,5.44,0.55,0.5,GENERIC,測試排序分=原分數+結構前置分*策略權重+續強品質*策略權重；不覆蓋原策略,838.0,-1.0,D,突破不足,量能較前日放大｜扣分:收盤位置偏弱、上影偏長,尚未形成乾淨突破，不急著升級。,v266.57.9,WATCH,0.55,0.35,0.75,4.74,904.0,最後後處理補寫：原分數+結構前置+續強品質+突破品質；不覆蓋原策略,0.0,,一般,3.887,v266.58.1,2026-10-01 01:22:38,觀察,0,0,持續觀察,前狀態:觀察→今日:觀察,NO,v266.60.2,3.887,30.0,0.0,0.0,15.0,4.589,863.0,20/40/60結構佳｜續強品質佳｜主力佈局語意｜風險語意扣分,過熱降權,v266.61,2026-10-01 01:22:44,-4.0,洗盤不破承接｜假突破/出貨風險扣分,無事件,等待下一次確認。,1.521,864,v266.62,2026-10-01 01:22:46,24.0,0.0,18.0,35.0,-24.09,量能安靜｜洗盤整理不破｜主力吸籌文字確認｜假突破/出貨文字風險,v266.68,2026-10-01 01:22:50,FAKE_BREAKOUT_RISK,假突破/追高風險：避免追價。,WATCH,864
2026-09-30,6523,WATCH,54,91.0,50-100,0.0,0,佈局觀察,安靜吸籌 | 均線收斂 | 接近突破 | 結構尚可,False,True,False,True,False,True,8.0,A,起漲結構強,20D站上MA20｜MA20走平翻揚｜接近20日高｜40D平台收斂｜短中均線糾結｜40D低點守住｜接近/站回MA60｜站回60D區間中上｜扣分:長上影壓力,平台壓縮後轉強，可優先觀察起漲/試單。,v266.57.9,7.0,無原分數欄位｜僅顯示結構前置分數,710.0,5.5,B,續強品質中,回檔不破前低｜低點墊高確認｜收盤守MA5｜續強確認：收盤未跌破MA5｜仍站MA20｜扣分:長上影壓力,回檔承接尚可，若原策略入選，可優先觀察延續。,v266.57.9,5.35,0.55,0.5,GENERIC,測試排序分=原分數+結構前置分*策略權重+續強品質*策略權重；不覆蓋原策略,849.0,-2.2,D,突破不足,扣分:收盤位置偏弱、上影偏長,尚未形成乾淨突破，不急著升級。,v266.57.9,WATCH,0.55,0.35,0.75,4.675,905.0,最後後處理補寫：原分數+結構前置+續強品質+突破品質；不覆蓋原策略,0.0,,一般,3.833,v266.58.1,2026-10-01 01:22:38,觀察,0,0,持續觀察,前狀態:觀察→今日:觀察,NO,v266.60.2,3.833,30.0,0.0,0.0,15.0,4.583,865.0,20/40/60結構佳｜續強品質佳｜主力佈局語意｜風險語意扣分,過熱降權,v266.61,2026-10-01 01:22:44,-4.0,洗盤不破承接｜假突破/出貨風險扣分,無事件,等待下一次確認。,1.483,865,v266.62,2026-10-01 01:22:46,24.0,0.0,18.0,35.0,-24.09,量能安靜｜洗盤整理不破｜主力吸籌文字確認｜假突破/出貨文字風險,v266.68,2026-10-01 01:22:50,FAKE_BREAKOUT_RISK,假突破/追高風險：避免追價。,WATCH,865
2026-09-30,3265,WATCH,54,186.0,100-500,0.0,0,佈局觀察,波動壓縮 | 均線收斂 | 接近突破 | 結構尚可,True,False,False,True,False,True,10.0,A,起漲結構強,20D站上MA20｜MA20走平翻揚｜MA5站上MA10｜接近20日高｜40D平台收斂｜短中均線糾結｜40D低點守住｜接近/站回MA60｜MA60不再下彎｜站回60D區間中上｜扣分:長上影壓力,平台壓縮後轉強，可優先觀察起漲/試單。,v266.57.9,9.0,無原分數欄位｜僅顯示結構前置分數,391.0,6.7,B,續強品質中,回檔不破前低｜低點墊高確認｜收盤守MA5｜續強確認：收盤未跌破MA5｜MA5仍在MA10上｜仍站MA20｜扣分:長上影壓力,回檔承接尚可，若原策略入選，可優先觀察延續。,v266.57.9,7.05,0.55,0.5,GENERIC,測試排序分=原分數+結構前置分*策略權重+續強品質*策略權重；不覆蓋原策略,583.0,-1.4,D,突破不足,短均多頭｜扣分:收盤位置偏弱、上影偏長,尚未形成乾淨突破，不急著升級。,v266.57.9,WATCH,0.55,0.35,0.75,6.795,747.0,最後後處理補寫：原分數+結構前置+續強品質+突破品質；不覆蓋原策略,0.0,,一般,5.572,v266.58.1,2026-10-01 01:22:38,觀察,0,-5,降級風險,前狀態:突破中→今日:觀察｜狀態降級,RISK,v266.60.2,3.822,30.0,0.0,0.0,15.0,4.67,839.0,20/40/60結構佳｜續強品質佳｜主力佈局語意｜風險語意扣分,過熱降權,v266.61,2026-10-01 01:22:44,-4.0,洗盤不破承接｜假突破/出貨風險扣分,無事件,等待下一次確認。,1.475,866,v266.62,2026-10-01 01:22:46,24.0,0.0,18.0,35.0,-24.09,量能安靜｜洗盤整理不破｜主力吸籌文字確認｜假突破/出貨文字風險,v266.68,2026-10-01 01:22:50,FAKE_BREAKOUT_RISK,假突破/追高風險：避免追價。,WATCH,866
2026-09-30,6732,WATCH,54,151.5,100-500,0.0,0,佈局觀察,波動壓縮 | 均線收斂 | 接近突破 | 結構尚可,True,False,False,True,False,True,7.0,B,起漲結構中,20D站上MA20｜MA20走平翻揚｜接近20日高｜40D平台收斂｜短中均線糾結｜40D低點守住｜接近/站回MA60｜扣分:長上影壓力,平台壓縮後轉強，可優先觀察起漲/試單。,v266.57.9,6.0,無原分數欄位｜僅顯示結構前置分數,828.0,7.0,A,續強品質強,回檔不破前低｜低點墊高確認｜收盤守MA5｜續強確認：收盤未跌破MA5｜回檔量縮｜仍站MA20｜扣分:長上影壓力,回檔承接尚可，若原策略入選，可優先觀察延續。,v266.57.9,5.55,0.55,0.5,GENERIC,測試排序分=原分數+結構前置分*策略權重+續強品質*策略權重；不覆蓋原策略,830.0,-2.2,D,突破不足,扣分:收盤位置偏弱、上影偏長,尚未形成乾淨突破，不急著升級。,v266.57.9,WATCH,0.55,0.35,0.75,4.65,911.0,最後後處理補寫：原分數+結構前置+續強品質+突破品質；不覆蓋原策略,0.0,,一般,3.813,v266.58.1,2026-10-01 01:22:38,觀察,0,0,持續觀察,前狀態:觀察→今日:觀察,NO,v266.60.2,3.813,30.0,0.0,0.0,15.0,4.581,866.0,20/40/60結構佳｜續強品質佳｜主力佈局語意｜風險語意扣分,過熱降權,v266.61,2026-10-01 01:22:44,-4.0,洗盤不破承接｜假突破/出貨風險扣分,無事件,等待下一次確認。,1.469,867,v266.62,2026-10-01 01:22:46,24.0,0.0,18.0,35.0,-24.09,量能安靜｜洗盤整理不破｜主力吸籌文字確認｜假突破/出貨文字風險,v266.68,2026-10-01 01:22:50,FAKE_BREAKOUT_RISK,假突破/追高風險：避免追價。,WATCH,867
2026-09-30,5516,WATCH,54,12.0,50以下,0.0,0,佈局觀察,波動壓縮 | 均線收斂 | 接近突破 | 結構尚可,True,False,False,True,False,True,11.0,A,起漲結構強,20D站上MA20｜MA20走平翻揚｜MA5站上MA10｜接近20日高｜40D平台收斂｜短中均線糾結｜40D低點守住｜接近/站回MA60｜MA60不再下彎｜站回60D區間中上｜近5日量縮｜扣分:長上影壓力,平台壓縮後轉強，可優先觀察起漲/試單。,v266.57.9,10.0,無原分數欄位｜僅顯示結構前置分數,253.0,5.0,B,續強品質中,回檔不破前低｜低點墊高確認｜回測守MA10｜MA5仍在MA10上｜仍站MA20｜扣分:長上影壓力,回檔承接尚可，若原策略入選，可優先觀察延續。,v266.57.9,7.25,0.55,0.5,GENERIC,測試排序分=原分數+結構前置分*策略權重+續強品質*策略權重；不覆蓋原策略,550.0,-1.4,D,突破不足,短均多頭｜扣分:收盤位置偏弱、上影偏長,尚未形成乾淨突破，不急著升級。,v266.57.9,WATCH,0.55,0.35,0.75,6.75,750.0,最後後處理補寫：原分數+結構前置+續強品質+突破品質；不覆蓋原策略,0.0,,一般,5.535,v266.58.1,2026-10-01 01:22:38,觀察,0,-5,降級風險,前狀態:突破中→今日:觀察｜狀態降級,RISK,v266.60.2,3.785,30.0,0.0,0.0,15.0,4.666,843.0,20/40/60結構佳｜續強品質佳｜主力佈局語意｜風險語意扣分,過熱降權,v266.61,2026-10-01 01:22:44,-4.0,洗盤不破承接｜假突破/出貨風險扣分,無事件,等待下一次確認。,1.449,868,v266.62,2026-10-01 01:22:46,24.0,0.0,18.0,35.0,-24.09,量能安靜｜洗盤整理不破｜主力吸籌文字確認｜假突破/出貨文字風險,v266.68,2026-10-01 01:22:50,FAKE_BREAKOUT_RISK,假突破/追高風險：避免追價。,WATCH,868
2026-09-30,5489,WATCH,54,42.55,50以下,0.0,0,佈局觀察,波動壓縮 | 均線收斂 | 接近突破 | 結構尚可,True,False,False,True,False,True,7.0,B,起漲結構中,20D站上MA20｜MA20走平翻揚｜MA5站上MA10｜40D平台收斂｜短中均線糾結｜40D低點守住｜接近/站回MA60｜扣分:長上影壓力,平台壓縮後轉強，可優先觀察起漲/試單。,v266.57.9,6.0,無原分數欄位｜僅顯示結構前置分數,828.0,5.0,B,續強品質中,回檔不破前低｜低點墊高確認｜回測守MA10｜MA5仍在MA10上｜仍站MA20｜扣分:長上影壓力,回檔承接尚可，若原策略入選，可優先觀察延續。,v266.57.9,5.05,0.55,0.5,GENERIC,測試排序分=原分數+結構前置分*策略權重+續強品質*策略權重；不覆蓋原策略,865.0,-1.4,D,突破不足,短均多頭｜扣分:收盤位置偏弱、上影偏長,尚未形成乾淨突破，不急著升級。,v266.57.9,WATCH,0.55,0.35,0.75,4.55,915.0,最後後處理補寫：原分數+結構前置+續強品質+突破品質；不覆蓋原策略,0.0,,一般,3.731,v266.58.1,2026-10-01 01:22:38,觀察,0,0,持續觀察,前狀態:觀察→今日:觀察,NO,v266.60.2,3.731,30.0,0.0,0.0,15.0,4.573,867.0,20/40/60結構佳｜續強品質佳｜主力佈局語意｜風險語意扣分,過熱降權,v266.61,2026-10-01 01:22:44,-4.0,洗盤不破承接｜假突破/出貨風險扣分,無事件,等待下一次確認。,1.412,869,v266.62,2026-10-01 01:22:46,24.0,0.0,18.0,35.0,-24.09,量能安靜｜洗盤整理不破｜主力吸籌文字確認｜假突破/出貨文字風險,v266.68,2026-10-01 01:22:50,FAKE_BREAKOUT_RISK,假突破/追高風險：避免追價。,WATCH,869
2026-09-30,4741,WATCH,54,40.8,50以下,0.0,0,佈局觀察,波動壓縮 | 均線收斂 | 接近突破 | 結構尚可,True,False,False,True,False,True,6.0,B,起漲結構中,20D站上MA20｜MA20走平翻揚｜接近20日高｜40D平台收斂｜短中均線糾結｜接近/站回MA60｜扣分:長上影壓力,平台壓縮後轉強，可優先觀察起漲/試單。,v266.57.9,5.0,無原分數欄位｜僅顯示結構前置分數,907.0,5.5,B,續強品質中,回檔不破前低｜低點墊高確認｜收盤守MA5｜續強確認：收盤未跌破MA5｜仍站MA20｜扣分:長上影壓力,回檔承接尚可，若原策略入選，可優先觀察延續。,v266.57.9,4.25,0.55,0.5,GENERIC,測試排序分=原分數+結構前置分*策略權重+續強品質*策略權重；不覆蓋原策略,916.0,-1.0,D,突破不足,MA5加速上彎｜扣分:收盤位置偏弱、上影偏長,尚未形成乾淨突破，不急著升級。,v266.57.9,WATCH,0.55,0.35,0.75,4.475,919.0,最後後處理補寫：原分數+結構前置+續強品質+突破品質；不覆蓋原策略,0.0,,一般,3.669,v266.58.1,2026-10-01 01:22:38,觀察,0,0,持續觀察,前狀態:觀察→今日:觀察,NO,v266.60.2,3.669,30.0,0.0,0.0,15.0,4.567,868.0,20/40/60結構佳｜續強品質佳｜主力佈局語意｜風險語意扣分,過熱降權,v266.61,2026-10-01 01:22:44,-4.0,洗盤不破承接｜假突破/出貨風險扣分,無事件,等待下一次確認。,1.368,870,v266.62,2026-10-01 01:22:46,24.0,0.0,18.0,35.0,-24.09,量能安靜｜洗盤整理不破｜主力吸籌文字確認｜假突破/出貨文字風險,v266.68,2026-10-01 01:22:50,FAKE_BREAKOUT_RISK,假突破/追高風險：避免追價。,WATCH,870
2026-09-24,4305,WATCH,54,41.95,50以下,0.0,0,佈局觀察,安靜吸籌 | 均線收斂 | 放量吸收 | 結構尚可,False,True,False,True,True,False,9.8,A,起漲結構強,MA5站上MA10｜40D平台收斂｜短中均線糾結｜接近/站回MA60｜MA60不再下彎｜近5日量縮｜量縮後溫和放量｜5D動能轉正,平台壓縮後轉強，可優先觀察起漲/試單。,v266.57.9,9.8,無原分數欄位｜僅顯示結構前置分數,346.0,4.7,C,續強觀察,回檔不破前低｜低點墊高確認｜回檔量縮｜MA5仍在MA10上｜扣分:跌破短均,續強品質不足或有假突破壓力，避免追高。,v266.57.9,7.24,0.55,0.5,GENERIC,測試排序分=原分數+結構前置分*策略權重+續強品質*策略權重；不覆蓋原策略,565.0,2.2,C,突破觀察,量能較前日放大｜MA5加速上彎｜短均多頭｜扣分:收盤位置偏弱,有轉強跡象，但突破品質尚未完全成立。,v266.57.9,WATCH,0.55,0.35,0.75,8.685,514.0,最後後處理補寫：原分數+結構前置+續強品質+突破品質；不覆蓋原策略,0.0,,一般,7.122,v266.58.1,2026-10-01 01:22:38,出貨疑慮,-2,-10,降級風險,前狀態:出貨疑慮→今日:出貨疑慮,RISK,v266.60.2,3.622,22.0,0.0,0.0,15.0,1.937,886.0,20/40/60結構佳｜主力佈局語意｜風險語意扣分,過熱降權,v266.61,2026-10-01 01:22:44,-4.0,洗盤不破承接｜假突破/出貨風險扣分,無事件,等待下一次確認。,1.335,871,v266.62,2026-10-01 01:22:46,24.0,0.0,18.0,35.0,-24.09,量能安靜｜洗盤整理不破｜主力吸籌文字確認｜假突破/出貨文字風險,v266.68,2026-10-01 01:22:50,FAKE_BREAKOUT_RISK,假突破/追高風險：避免追價。,WATCH,871
2026-09-30,2450,WATCH,54,28.2,50以下,0.0,0,佈局觀察,波動壓縮 | 均線收斂 | 接近突破 | 結構尚可,True,False,False,True,False,True,7.0,B,起漲結構中,MA20走平翻揚｜接近20日高｜40D平台收斂｜短中均線糾結｜40D低點守住｜接近/站回MA60｜MA60不再下彎｜扣分:長上影壓力,平台壓縮後轉強，可優先觀察起漲/試單。,v266.57.9,6.0,無原分數欄位｜僅顯示結構前置分數,828.0,5.8,B,續強品質中,回檔不破前低｜低點墊高確認｜收盤守MA5｜回測守MA10｜回檔量縮｜扣分:長上影壓力,回檔承接尚可，若原策略入選，可優先觀察延續。,v266.57.9,5.05,0.55,0.5,GENERIC,測試排序分=原分數+結構前置分*策略權重+續強品質*策略權重；不覆蓋原策略,865.0,-2.2,D,突破不足,扣分:收盤位置偏弱、上影偏長,尚未形成乾淨突破，不急著升級。,v266.57.9,WATCH,0.55,0.35,0.75,4.23,928.0,最後後處理補寫：原分數+結構前置+續強品質+突破品質；不覆蓋原策略,0.0,,一般,3.469,v266.58.1,2026-10-01 01:22:38,觀察,0,0,持續觀察,前狀態:觀察→今日:觀察,NO,v266.60.2,3.469,30.0,0.0,0.0,15.0,4.547,869.0,20/40/60結構佳｜續強品質佳｜主力佈局語意｜風險語意扣分,過熱降權,v266.61,2026-10-01 01:22:44,-4.0,洗盤不破承接｜假突破/出貨風險扣分,無事件,等待下一次確認。,1.228,872,v266.62,2026-10-01 01:22:46,24.0,0.0,18.0,35.0,-24.09,量能安靜｜洗盤整理不破｜主力吸籌文字確認｜假突破/出貨文字風險,v266.68,2026-10-01 01:22:50,FAKE_BREAKOUT_RISK,假突破/追高風險：避免追價。,WATCH,872
2026-09-30,4116,WATCH,54,39.8,50以下,0.0,0,佈局觀察,波動壓縮 | 均線收斂 | 接近突破 | 結構尚可,True,False,False,True,False,True,9.0,A,起漲結構強,20D站上MA20｜MA20走平翻揚｜接近20日高｜40D平台收斂｜短中均線糾結｜40D低點守住｜接近/站回MA60｜MA60不再下彎｜站回60D區間中上｜扣分:長上影壓力,平台壓縮後轉強，可優先觀察起漲/試單。,v266.57.9,8.0,無原分數欄位｜僅顯示結構前置分數,556.0,5.5,B,續強品質中,回檔不破前低｜低點墊高確認｜收盤守MA5｜續強確認：收盤未跌破MA5｜仍站MA20｜扣分:長上影壓力,回檔承接尚可，若原策略入選，可優先觀察延續。,v266.57.9,5.9,0.55,0.5,GENERIC,測試排序分=原分數+結構前置分*策略權重+續強品質*策略權重；不覆蓋原策略,778.0,-0.7,D,突破不足,突破近5日高｜扣分:收盤位置偏弱、上影偏長,尚未形成乾淨突破，不急著升級。,v266.57.9,WATCH,0.55,0.35,0.75,6.35,785.0,最後後處理補寫：原分數+結構前置+續強品質+突破品質；不覆蓋原策略,0.0,,一般,5.207,v266.58.1,2026-10-01 01:22:38,觀察,0,-5,降級風險,前狀態:突破中→今日:觀察｜狀態降級,RISK,v266.60.2,3.457,30.0,0.0,0.0,15.0,4.633,853.0,20/40/60結構佳｜續強品質佳｜主力佈局語意｜風險語意扣分,過熱降權,v266.61,2026-10-01 01:22:44,-4.0,洗盤不破承接｜假突破/出貨風險扣分,無事件,等待下一次確認。,1.22,873,v266.62,2026-10-01 01:22:46,24.0,0.0,18.0,35.0,-24.09,量能安靜｜洗盤整理不破｜主力吸籌文字確認｜假突破/出貨文字風險,v266.68,2026-10-01 01:22:50,FAKE_BREAKOUT_RISK,假突破/追高風險：避免追價。,WATCH,873
2026-09-30,1475,WATCH,54,26.0,50以下,0.0,0,佈局觀察,波動壓縮 | 均線收斂 | 接近突破 | 結構尚可,True,False,False,True,False,True,6.0,B,起漲結構中,MA5站上MA10｜40D平台收斂｜短中均線糾結｜40D低點守住｜接近/站回MA60｜近5日量縮｜扣分:長上影壓力,平台壓縮後轉強，可優先觀察起漲/試單。,v266.57.9,5.0,無原分數欄位｜僅顯示結構前置分數,907.0,5.5,B,續強品質中,回檔不破前低｜低點墊高確認｜收盤守MA5｜回測守MA10｜MA5仍在MA10上｜扣分:長上影壓力,回檔承接尚可，若原策略入選，可優先觀察延續。,v266.57.9,4.35,0.55,0.5,GENERIC,測試排序分=原分數+結構前置分*策略權重+續強品質*策略權重；不覆蓋原策略,909.0,-1.4,D,突破不足,短均多頭｜扣分:收盤位置偏弱、上影偏長,尚未形成乾淨突破，不急著升級。,v266.57.9,WATCH,0.55,0.35,0.75,4.175,930.0,最後後處理補寫：原分數+結構前置+續強品質+突破品質；不覆蓋原策略,0.0,,一般,3.423,v266.58.1,2026-10-01 01:22:38,觀察,0,0,持續觀察,前狀態:觀察→今日:觀察,NO,v266.60.2,3.423,30.0,0.0,0.0,15.0,4.542,870.0,20/40/60結構佳｜續強品質佳｜主力佈局語意｜風險語意扣分,過熱降權,v266.61,2026-10-01 01:22:44,-4.0,洗盤不破承接｜假突破/出貨風險扣分,無事件,等待下一次確認。,1.196,874,v266.62,2026-10-01 01:22:46,24.0,0.0,18.0,35.0,-24.09,量能安靜｜洗盤整理不破｜主力吸籌文字確認｜假突破/出貨文字風險,v266.68,2026-10-01 01:22:50,FAKE_BREAKOUT_RISK,假突破/追高風險：避免追價。,WATCH,874
2026-09-30,1785,WATCH,54,100.5,100-500,0.0,0,佈局觀察,波動壓縮 | 均線收斂 | 接近突破 | 結構尚可,True,False,False,True,False,True,7.0,B,起漲結構中,20D站上MA20｜MA20走平翻揚｜接近20日高｜40D平台收斂｜短中均線糾結｜40D低點守住｜接近/站回MA60｜扣分:長上影壓力,平台壓縮後轉強，可優先觀察起漲/試單。,v266.57.9,6.0,無原分數欄位｜僅顯示結構前置分數,828.0,5.5,B,續強品質中,回檔不破前低｜低點墊高確認｜收盤守MA5｜續強確認：收盤未跌破MA5｜仍站MA20｜扣分:長上影壓力,回檔承接尚可，若原策略入選，可優先觀察延續。,v266.57.9,4.8,0.55,0.5,GENERIC,測試排序分=原分數+結構前置分*策略權重+續強品質*策略權重；不覆蓋原策略,890.0,-2.2,D,突破不足,扣分:收盤位置偏弱、上影偏長,尚未形成乾淨突破，不急著升級。,v266.57.9,WATCH,0.55,0.35,0.75,4.125,931.0,最後後處理補寫：原分數+結構前置+續強品質+突破品質；不覆蓋原策略,0.0,,一般,3.382,v266.58.1,2026-10-01 01:22:38,觀察,0,0,持續觀察,前狀態:觀察→今日:觀察,NO,v266.60.2,3.382,30.0,0.0,0.0,15.0,4.538,871.0,20/40/60結構佳｜續強品質佳｜主力佈局語意｜風險語意扣分,過熱降權,v266.61,2026-10-01 01:22:44,-4.0,洗盤不破承接｜假突破/出貨風險扣分,無事件,等待下一次確認。,1.167,875,v266.62,2026-10-01 01:22:46,24.0,0.0,18.0,35.0,-24.09,量能安靜｜洗盤整理不破｜主力吸籌文字確認｜假突破/出貨文字風險,v266.68,2026-10-01 01:22:50,FAKE_BREAKOUT_RISK,假突破/追高風險：避免追價。,WATCH,875
2026-09-30,4931,WATCH,54,252.0,100-500,0.0,0,佈局觀察,波動壓縮 | 均線收斂 | 接近突破 | 結構尚可,True,False,False,True,False,True,9.0,A,起漲結構強,20D站上MA20｜MA20走平翻揚｜MA5站上MA10｜接近20日高｜40D平台收斂｜短中均線糾結｜接近/站回MA60｜MA60不再下彎｜站回60D區間中上｜扣分:長上影壓力,平台壓縮後轉強，可優先觀察起漲/試單。,v266.57.9,8.0,無原分數欄位｜僅顯示結構前置分數,556.0,6.7,B,續強品質中,回檔不破前低｜低點墊高確認｜收盤守MA5｜續強確認：收盤未跌破MA5｜MA5仍在MA10上｜仍站MA20｜扣分:長上影壓力,回檔承接尚可，若原策略入選，可優先觀察延續。,v266.57.9,6.5,0.55,0.5,GENERIC,測試排序分=原分數+結構前置分*策略權重+續強品質*策略權重；不覆蓋原策略,681.0,-1.4,D,突破不足,短均多頭｜扣分:收盤位置偏弱、上影偏長,尚未形成乾淨突破，不急著升級。,v266.57.9,WATCH,0.55,0.35,0.75,6.245,795.0,最後後處理補寫：原分數+結構前置+續強品質+突破品質；不覆蓋原策略,0.0,,一般,5.121,v266.58.1,2026-10-01 01:22:38,觀察,0,-5,降級風險,前狀態:突破中→今日:觀察｜狀態降級,RISK,v266.60.2,3.371,30.0,0.0,0.0,15.0,4.625,854.0,20/40/60結構佳｜續強品質佳｜主力佈局語意｜風險語意扣分,過熱降權,v266.61,2026-10-01 01:22:44,-4.0,洗盤不破承接｜假突破/出貨風險扣分,無事件,等待下一次確認。,1.16,876,v266.62,2026-10-01 01:22:46,24.0,0.0,18.0,35.0,-24.09,量能安靜｜洗盤整理不破｜主力吸籌文字確認｜假突破/出貨文字風險,v266.68,2026-10-01 01:22:50,FAKE_BREAKOUT_RISK,假突破/追高風險：避免追價。,WATCH,876
2026-09-30,3147,WATCH,54,243.5,100-500,0.0,0,佈局觀察,波動壓縮 | 均線收斂 | 接近突破 | 結構尚可,True,False,False,True,False,True,9.0,A,起漲結構強,20D站上MA20｜MA20走平翻揚｜MA5站上MA10｜接近20日高｜40D平台收斂｜短中均線糾結｜40D低點守住｜接近/站回MA60｜站回60D區間中上｜扣分:長上影壓力,平台壓縮後轉強，可優先觀察起漲/試單。,v266.57.9,8.0,無原分數欄位｜僅顯示結構前置分數,556.0,6.7,B,續強品質中,回檔不破前低｜低點墊高確認｜收盤守MA5｜續強確認：收盤未跌破MA5｜MA5仍在MA10上｜仍站MA20｜扣分:長上影壓力,回檔承接尚可，若原策略入選，可優先觀察延續。,v266.57.9,6.5,0.55,0.5,GENERIC,測試排序分=原分數+結構前置分*策略權重+續強品質*策略權重；不覆蓋原策略,681.0,-1.4,D,突破不足,短均多頭｜扣分:收盤位置偏弱、上影偏長,尚未形成乾淨突破，不急著升級。,v266.57.9,WATCH,0.55,0.35,0.75,6.245,795.0,最後後處理補寫：原分數+結構前置+續強品質+突破品質；不覆蓋原策略,0.0,,一般,5.121,v266.58.1,2026-10-01 01:22:38,觀察,0,-5,降級風險,前狀態:突破中→今日:觀察｜狀態降級,RISK,v266.60.2,3.371,30.0,0.0,0.0,15.0,4.625,854.0,20/40/60結構佳｜續強品質佳｜主力佈局語意｜風險語意扣分,過熱降權,v266.61,2026-10-01 01:22:44,-4.0,洗盤不破承接｜假突破/出貨風險扣分,無事件,等待下一次確認。,1.16,877,v266.62,2026-10-01 01:22:46,24.0,0.0,18.0,35.0,-24.09,量能安靜｜洗盤整理不破｜主力吸籌文字確認｜假突破/出貨文字風險,v266.68,2026-10-01 01:22:50,FAKE_BREAKOUT_RISK,假突破/追高風險：避免追價。,WATCH,877
2026-09-30,6240,WATCH,54,25.55,50以下,0.0,0,佈局觀察,波動壓縮 | 均線收斂 | 接近突破 | 結構尚可,True,False,False,True,False,True,9.0,A,起漲結構強,20D站上MA20｜MA20走平翻揚｜MA5站上MA10｜40D平台收斂｜短中均線糾結｜40D低點守住｜接近/站回MA60｜MA60不再下彎｜站回60D區間中上｜扣分:長上影壓力,平台壓縮後轉強，可優先觀察起漲/試單。,v266.57.9,8.0,無原分數欄位｜僅顯示結構前置分數,556.0,6.5,B,續強品質中,回檔不破前低｜低點墊高確認｜回測守MA10｜回檔量縮｜MA5仍在MA10上｜仍站MA20｜扣分:長上影壓力,回檔承接尚可，若原策略入選，可優先觀察延續。,v266.57.9,6.9,0.55,0.5,GENERIC,測試排序分=原分數+結構前置分*策略權重+續強品質*策略權重；不覆蓋原策略,592.0,-1.4,D,突破不足,短均多頭｜扣分:收盤位置偏弱、上影偏長,尚未形成乾淨突破，不急著升級。,v266.57.9,WATCH,0.55,0.35,0.75,6.175,803.0,最後後處理補寫：原分數+結構前置+續強品質+突破品質；不覆蓋原策略,0.0,,一般,5.063,v266.58.1,2026-10-01 01:22:38,觀察,0,-5,降級風險,前狀態:突破中→今日:觀察｜狀態降級,RISK,v266.60.2,3.313,30.0,0.0,0.0,15.0,4.619,857.0,20/40/60結構佳｜續強品質佳｜主力佈局語意｜風險語意扣分,過熱降權,v266.61,2026-10-01 01:22:44,-4.0,洗盤不破承接｜假突破/出貨風險扣分,無事件,等待下一次確認。,1.119,878,v266.62,2026-10-01 01:22:46,24.0,0.0,18.0,35.0,-24.09,量能安靜｜洗盤整理不破｜主力吸籌文字確認｜假突破/出貨文字風險,v266.68,2026-10-01 01:22:50,FAKE_BREAKOUT_RISK,假突破/追高風險：避免追價。,WATCH,878
2026-09-30,9919,WATCH,54,13.85,50以下,0.0,0,佈局觀察,波動壓縮 | 均線收斂 | 接近突破 | 結構尚可,True,False,False,True,False,True,9.0,A,起漲結構強,接近20日高｜40D平台收斂｜短中均線糾結｜40D低點守住｜接近/站回MA60｜MA60不再下彎｜量縮後溫和放量,平台壓縮後轉強，可優先觀察起漲/試單。,v266.57.9,9.0,無原分數欄位｜僅顯示結構前置分數,391.0,2.5,D,續強偏弱,回檔不破前低｜收盤守MA5｜扣分:跌破短均,續強品質不足或有假突破壓力，避免追高。,v266.57.9,6.7,0.55,0.5,GENERIC,測試排序分=原分數+結構前置分*策略權重+續強品質*策略權重；不覆蓋原策略,643.0,3.0,C,突破觀察,紅K實體放大｜收盤接近高點,有轉強跡象，但突破品質尚未完全成立。,v266.57.9,WATCH,0.55,0.35,0.75,8.075,585.0,最後後處理補寫：原分數+結構前置+續強品質+突破品質；不覆蓋原策略,0.0,,一般,6.621,v266.58.1,2026-10-01 01:22:38,出貨疑慮,-2,-10,降級風險,前狀態:出貨疑慮→今日:出貨疑慮,RISK,v266.60.2,3.121,22.0,0.0,0.0,15.0,1.887,888.0,20/40/60結構佳｜主力佈局語意｜風險語意扣分,過熱降權,v266.61,2026-10-01 01:22:44,-4.0,洗盤不破承接｜假突破/出貨風險扣分,無事件,等待下一次確認。,0.985,879,v266.62,2026-10-01 01:22:46,24.0,0.0,18.0,35.0,-24.09,量能安靜｜洗盤整理不破｜主力吸籌文字確認｜假突破/出貨文字風險,v266.68,2026-10-01 01:22:50,FAKE_BREAKOUT_RISK,假突破/追高風險：避免追價。,WATCH,879
2026-09-30,6720,WATCH,54,127.5,100-500,0.0,0,佈局觀察,波動壓縮 | 均線收斂 | 接近突破 | 結構尚可,True,False,False,True,False,True,6.0,B,起漲結構中,MA20走平翻揚｜接近20日高｜40D平台收斂｜短中均線糾結｜40D低點守住｜接近/站回MA60｜扣分:長上影壓力,平台壓縮後轉強，可優先觀察起漲/試單。,v266.57.9,5.0,無原分數欄位｜僅顯示結構前置分數,907.0,6.0,B,續強品質中,回檔不破前低｜低點墊高確認｜收盤守MA5｜續強確認：收盤未跌破MA5｜回檔量縮｜扣分:長上影壓力,回檔承接尚可，若原策略入選，可優先觀察延續。,v266.57.9,4.5,0.55,0.5,GENERIC,測試排序分=原分數+結構前置分*策略權重+續強品質*策略權重；不覆蓋原策略,900.0,-2.2,D,突破不足,扣分:收盤位置偏弱、上影偏長,尚未形成乾淨突破，不急著升級。,v266.57.9,WATCH,0.55,0.35,0.75,3.75,935.0,最後後處理補寫：原分數+結構前置+續強品質+突破品質；不覆蓋原策略,0.0,,一般,3.075,v266.58.1,2026-10-01 01:22:38,觀察,0,0,持續觀察,前狀態:觀察→今日:觀察,NO,v266.60.2,3.075,30.0,0.0,0.0,15.0,4.508,873.0,20/40/60結構佳｜續強品質佳｜主力佈局語意｜風險語意扣分,過熱降權,v266.61,2026-10-01 01:22:44,-4.0,洗盤不破承接｜假突破/出貨風險扣分,無事件,等待下一次確認。,0.952,880,v266.62,2026-10-01 01:22:46,24.0,0.0,18.0,35.0,-24.09,量能安靜｜洗盤整理不破｜主力吸籌文字確認｜假突破/出貨文字風險,v266.68,2026-10-01 01:22:50,FAKE_BREAKOUT_RISK,假突破/追高風險：避免追價。,WATCH,880
2026-09-30,4523,WATCH,54,23.9,50以下,0.0,0,佈局觀察,波動壓縮 | 均線收斂 | 接近突破 | 結構尚可,True,False,False,True,False,True,6.0,B,起漲結構中,MA20走平翻揚｜40D平台收斂｜短中均線糾結｜40D低點守住｜接近/站回MA60｜近5日量縮｜扣分:長上影壓力,平台壓縮後轉強，可優先觀察起漲/試單。,v266.57.9,5.0,無原分數欄位｜僅顯示結構前置分數,907.0,6.0,B,續強品質中,回檔不破前低｜低點墊高確認｜收盤守MA5｜續強確認：收盤未跌破MA5｜回檔量縮｜扣分:長上影壓力,回檔承接尚可，若原策略入選，可優先觀察延續。,v266.57.9,4.5,0.55,0.5,GENERIC,測試排序分=原分數+結構前置分*策略權重+續強品質*策略權重；不覆蓋原策略,900.0,-2.2,D,突破不足,扣分:收盤位置偏弱、上影偏長,尚未形成乾淨突破，不急著升級。,v266.57.9,WATCH,0.55,0.35,0.75,3.75,935.0,最後後處理補寫：原分數+結構前置+續強品質+突破品質；不覆蓋原策略,0.0,,一般,3.075,v266.58.1,2026-10-01 01:22:38,觀察,0,0,持續觀察,前狀態:觀察→今日:觀察,NO,v266.60.2,3.075,30.0,0.0,0.0,15.0,4.508,873.0,20/40/60結構佳｜續強品質佳｜主力佈局語意｜風險語意扣分,過熱降權,v266.61,2026-10-01 01:22:44,-4.0,洗盤不破承接｜假突破/出貨風險扣分,無事件,等待下一次確認。,0.952,881,v266.62,2026-10-01 01:22:46,24.0,0.0,18.0,35.0,-24.09,量能安靜｜洗盤整理不破｜主力吸籌文字確認｜假突破/出貨文字風險,v266.68,2026-10-01 01:22:50,FAKE_BREAKOUT_RISK,假突破/追高風險：避免追價。,WATCH,881
2026-09-30,5902,WATCH,54,34.5,50以下,0.0,0,佈局觀察,波動壓縮 | 均線收斂 | 接近突破 | 結構尚可,True,False,False,True,False,True,9.0,A,起漲結構強,20D站上MA20｜MA20走平翻揚｜接近20日高｜40D平台收斂｜短中均線糾結｜40D低點守住｜接近/站回MA60｜MA60不再下彎｜站回60D區間中上｜扣分:長上影壓力,平台壓縮後轉強，可優先觀察起漲/試單。,v266.57.9,8.0,無原分數欄位｜僅顯示結構前置分數,556.0,7.0,A,續強品質強,回檔不破前低｜低點墊高確認｜收盤守MA5｜續強確認：收盤未跌破MA5｜回檔量縮｜仍站MA20｜扣分:長上影壓力,回檔承接尚可，若原策略入選，可優先觀察延續。,v266.57.9,6.65,0.55,0.5,GENERIC,測試排序分=原分數+結構前置分*策略權重+續強品質*策略權重；不覆蓋原策略,660.0,-2.2,D,突破不足,扣分:收盤位置偏弱、上影偏長,尚未形成乾淨突破，不急著升級。,v266.57.9,WATCH,0.55,0.35,0.75,5.75,839.0,最後後處理補寫：原分數+結構前置+續強品質+突破品質；不覆蓋原策略,0.0,,一般,4.715,v266.58.1,2026-10-01 01:22:38,觀察,0,-5,降級風險,前狀態:突破中→今日:觀察｜狀態降級,RISK,v266.60.2,2.965,30.0,0.0,0.0,15.0,4.584,864.0,20/40/60結構佳｜續強品質佳｜主力佈局語意｜風險語意扣分,過熱降權,v266.61,2026-10-01 01:22:44,-4.0,洗盤不破承接｜假突破/出貨風險扣分,無事件,等待下一次確認。,0.876,882,v266.62,2026-10-01 01:22:46,24.0,0.0,18.0,35.0,-24.09,量能安靜｜洗盤整理不破｜主力吸籌文字確認｜假突破/出貨文字風險,v266.68,2026-10-01 01:22:50,FAKE_BREAKOUT_RISK,假突破/追高風險：避免追價。,WATCH,882
2026-09-30,3501,TEST,72,37.65,50以下,0.005,5000,佈局高機率,波動壓縮 | 安靜吸籌 | 均線收斂 | 放量吸收 | 結構尚可,True,True,False,True,True,False,6.0,B,起漲結構中,40D平台收斂｜短中均線糾結｜40D低點守住｜量縮後溫和放量,平台壓縮後轉強，可優先觀察起漲/試單。,v266.57.9,6.0,無原分數欄位｜僅顯示結構前置分數,828.0,3.5,C,續強觀察,回檔不破前低｜低點墊高確認｜收盤守MA5｜扣分:跌破短均,續強品質不足或有假突破壓力，避免追高。,v266.57.9,5.05,0.55,0.5,GENERIC,測試排序分=原分數+結構前置分*策略權重+續強品質*策略權重；不覆蓋原策略,865.0,1.2,D,突破不足,量能較前日放大,尚未形成乾淨突破，不急著升級。,v266.57.9,TEST,0.8,0.5,0.9,7.63,646.0,最後後處理補寫：原分數+結構前置+續強品質+突破品質；不覆蓋原策略,0.0,,一般,6.257,v266.58.1,2026-10-01 01:22:38,出貨疑慮,-2,-10,降級風險,前狀態:出貨疑慮→今日:出貨疑慮,RISK,v266.60.2,2.757,22.0,0.0,0.0,15.0,1.851,889.0,20/40/60結構佳｜主力佈局語意｜風險語意扣分,過熱降權,v266.61,2026-10-01 01:22:44,-4.0,洗盤不破承接｜假突破/出貨風險扣分,無事件,等待下一次確認。,0.73,883,v266.62,2026-10-01 01:22:46,24.0,0.0,18.0,35.0,-24.09,量能安靜｜洗盤整理不破｜主力吸籌文字確認｜假突破/出貨文字風險,v266.68,2026-10-01 01:22:50,FAKE_BREAKOUT_RISK,假突破/追高風險：避免追價。,WATCH,883
2026-09-30,1437,TEST,72,31.85,50以下,0.005,5000,佈局高機率,波動壓縮 | 安靜吸籌 | 均線收斂 | 接近突破 | 結構尚可,True,True,False,True,False,True,9.0,A,起漲結構強,MA20走平翻揚｜接近20日高｜40D平台收斂｜短中均線糾結｜40D低點守住｜接近/站回MA60｜MA60不再下彎｜站回60D區間中上,平台壓縮後轉強，可優先觀察起漲/試單。,v266.57.9,9.0,無原分數欄位｜僅顯示結構前置分數,391.0,2.0,D,續強偏弱,回檔不破前低｜低點墊高確認｜扣分:跌破短均,續強品質不足或有假突破壓力，避免追高。,v266.57.9,5.45,0.55,0.5,GENERIC,測試排序分=原分數+結構前置分*策略權重+續強品質*策略權重；不覆蓋原策略,836.0,-1.0,D,突破不足,扣分:收盤位置偏弱,尚未形成乾淨突破，不急著升級。,v266.57.9,TEST,0.8,0.5,0.9,7.3,699.0,最後後處理補寫：原分數+結構前置+續強品質+突破品質；不覆蓋原策略,0.0,,一般,5.986,v266.58.1,2026-10-01 01:22:38,出貨疑慮,-2,-10,降級風險,前狀態:出貨疑慮→今日:出貨疑慮,RISK,v266.60.2,2.486,22.0,0.0,0.0,15.0,1.824,890.0,20/40/60結構佳｜主力佈局語意｜風險語意扣分,過熱降權,v266.61,2026-10-01 01:22:44,-4.0,洗盤不破承接｜假突破/出貨風險扣分,無事件,等待下一次確認。,0.54,884,v266.62,2026-10-01 01:22:46,24.0,0.0,18.0,35.0,-24.09,量能安靜｜洗盤整理不破｜主力吸籌文字確認｜假突破/出貨文字風險,v266.68,2026-10-01 01:22:50,FAKE_BREAKOUT_RISK,假突破/追高風險：避免追價。,WATCH,884
2026-09-30,7704,WATCH,54,61.4,50-100,0.0,0,佈局觀察,波動壓縮 | 均線收斂 | 接近突破 | 結構尚可,True,False,False,True,False,True,9.0,A,起漲結構強,20D站上MA20｜MA20走平翻揚｜接近20日高｜40D平台收斂｜短中均線糾結｜40D低點守住｜接近/站回MA60｜MA60不再下彎｜站回60D區間中上｜扣分:長上影壓力,平台壓縮後轉強，可優先觀察起漲/試單。,v266.57.9,8.0,無原分數欄位｜僅顯示結構前置分數,556.0,5.3,B,續強品質中,回檔不破前低｜低點墊高確認｜收盤守MA5｜回測守MA10｜仍站MA20｜扣分:長上影壓力,回檔承接尚可，若原策略入選，可優先觀察延續。,v266.57.9,5.9,0.55,0.5,GENERIC,測試排序分=原分數+結構前置分*策略權重+續強品質*策略權重；不覆蓋原策略,778.0,-2.2,D,突破不足,扣分:收盤位置偏弱、上影偏長,尚未形成乾淨突破，不急著升級。,v266.57.9,WATCH,0.55,0.35,0.75,5.155,877.0,最後後處理補寫：原分數+結構前置+續強品質+突破品質；不覆蓋原策略,0.0,,一般,4.227,v266.58.1,2026-10-01 01:22:38,觀察,0,-5,降級風險,前狀態:突破中→今日:觀察｜狀態降級,RISK,v266.60.2,2.477,30.0,0.0,0.0,15.0,4.535,872.0,20/40/60結構佳｜續強品質佳｜主力佈局語意｜風險語意扣分,過熱降權,v266.61,2026-10-01 01:22:44,-4.0,洗盤不破承接｜假突破/出貨風險扣分,無事件,等待下一次確認。,0.534,885,v266.62,2026-10-01 01:22:46,24.0,0.0,18.0,35.0,-24.09,量能安靜｜洗盤整理不破｜主力吸籌文字確認｜假突破/出貨文字風險,v266.68,2026-10-01 01:22:50,FAKE_BREAKOUT_RISK,假突破/追高風險：避免追價。,WATCH,885
2026-09-30,6614,TEST,66,35.3,50以下,0.005,5000,佈局高機率,波動壓縮 | 安靜吸籌 | 均線收斂 | 接近突破,True,True,False,True,False,True,8.0,A,起漲結構強,接近20日高｜40D平台收斂｜短中均線糾結｜40D低點守住｜接近/站回MA60｜量縮後溫和放量,平台壓縮後轉強，可優先觀察起漲/試單。,v266.57.9,8.0,無原分數欄位｜僅顯示結構前置分數,556.0,3.5,C,續強觀察,回檔不破前低｜低點墊高確認｜回檔量縮｜扣分:跌破短均,續強品質不足或有假突破壓力，避免追高。,v266.57.9,5.65,0.55,0.5,GENERIC,測試排序分=原分數+結構前置分*策略權重+續強品質*策略權重；不覆蓋原策略,795.0,-1.0,D,突破不足,扣分:收盤位置偏弱,尚未形成乾淨突破，不急著升級。,v266.57.9,TEST,0.8,0.5,0.9,7.25,704.0,最後後處理補寫：原分數+結構前置+續強品質+突破品質；不覆蓋原策略,0.0,,一般,5.945,v266.58.1,2026-10-01 01:22:38,出貨疑慮,-2,-10,降級風險,前狀態:出貨疑慮→今日:出貨疑慮,RISK,v266.60.2,2.445,22.0,0.0,0.0,15.0,1.819,891.0,20/40/60結構佳｜主力佈局語意｜風險語意扣分,過熱降權,v266.61,2026-10-01 01:22:44,-4.0,洗盤不破承接｜假突破/出貨風險扣分,無事件,等待下一次確認。,0.511,886,v266.62,2026-10-01 01:22:46,24.0,0.0,18.0,35.0,-24.09,量能安靜｜洗盤整理不破｜主力吸籌文字確認｜假突破/出貨文字風險,v266.68,2026-10-01 01:22:50,FAKE_BREAKOUT_RISK,假突破/追高風險：避免追價。,WATCH,886
2026-09-30,2892,TEST,68,38.65,50以下,0.005,5000,佈局高機率,波動壓縮 | 洗盤收回 | 均線收斂 | 接近突破 | 結構尚可,True,False,True,True,False,True,10.0,A,起漲結構強,20D站上MA20｜MA20走平翻揚｜40D平台收斂｜短中均線糾結｜40D低點守住｜接近/站回MA60｜MA60不再下彎｜站回60D區間中上｜近5日量縮,平台壓縮後轉強，可優先觀察起漲/試單。,v266.57.9,10.0,無原分數欄位｜僅顯示結構前置分數,253.0,4.5,C,續強觀察,回檔不破前低｜低點墊高確認｜回檔量縮｜仍站MA20｜扣分:跌破短均,續強品質不足或有假突破壓力，避免追高。,v266.57.9,7.25,0.55,0.5,GENERIC,測試排序分=原分數+結構前置分*策略權重+續強品質*策略權重；不覆蓋原策略,550.0,-1.0,D,突破不足,扣分:收盤位置偏弱,尚未形成乾淨突破，不急著升級。,v266.57.9,TEST,0.8,0.5,0.9,9.35,413.0,最後後處理補寫：原分數+結構前置+續強品質+突破品質；不覆蓋原策略,0.0,,一般,7.667,v266.58.1,2026-10-01 01:22:38,出貨疑慮,-2,-15,降級風險,前狀態:突破中→今日:出貨疑慮｜狀態降級,RISK,v266.60.2,2.417,22.0,0.0,0.0,15.0,1.904,887.0,20/40/60結構佳｜主力佈局語意｜風險語意扣分,過熱降權,v266.61,2026-10-01 01:22:44,-4.0,洗盤不破承接｜假突破/出貨風險扣分,無事件,等待下一次確認。,0.492,887,v266.62,2026-10-01 01:22:46,24.0,0.0,18.0,35.0,-24.09,量能安靜｜洗盤整理不破｜主力吸籌文字確認｜假突破/出貨文字風險,v266.68,2026-10-01 01:22:50,FAKE_BREAKOUT_RISK,假突破/追高風險：避免追價。,WATCH,887
2026-09-30,4414,BUY,80,8.14,50以下,0.01,10000,主力佈局完成,波動壓縮 | 安靜吸籌 | 均線收斂 | 放量吸收 | 接近突破,True,True,False,True,True,True,7.8,B,起漲結構中,40D平台收斂｜短中均線糾結｜40D低點守住｜接近/站回MA60｜量縮後溫和放量｜10D動能轉正,平台壓縮後轉強，可優先觀察起漲/試單。,v266.57.9,7.8,無原分數欄位｜僅顯示結構前置分數,678.0,3.0,C,續強觀察,回檔不破前低｜低點墊高確認｜10D動能維持｜扣分:跌破短均,續強品質不足或有假突破壓力，避免追高。,v266.57.9,5.29,0.55,0.5,GENERIC,測試排序分=原分數+結構前置分*策略權重+續強品質*策略權重；不覆蓋原策略,856.0,2.7,C,突破觀察,收盤接近高點｜量能較前日放大,有轉強跡象，但突破品質尚未完全成立。,v266.57.9,GENERIC,0.55,0.5,0.5,7.14,719.0,最後後處理補寫：原分數+結構前置+續強品質+突破品質；不覆蓋原策略,0.0,,一般,5.855,v266.58.1,2026-10-01 01:22:38,出貨疑慮,-2,-10,降級風險,前狀態:出貨疑慮→今日:出貨疑慮,RISK,v266.60.2,2.355,22.0,0.0,0.0,15.0,1.81,892.0,20/40/60結構佳｜主力佈局語意｜風險語意扣分,過熱降權,v266.61,2026-10-01 01:22:44,-4.0,洗盤不破承接｜假突破/出貨風險扣分,無事件,等待下一次確認。,0.448,888,v266.62,2026-10-01 01:22:46,24.0,0.0,18.0,35.0,-24.09,量能安靜｜洗盤整理不破｜主力吸籌文字確認｜假突破/出貨文字風險,v266.68,2026-10-01 01:22:50,FAKE_BREAKOUT_RISK,假突破/追高風險：避免追價。,WATCH,888
2026-09-30,6277,WATCH,54,77.0,50-100,0.0,0,佈局觀察,波動壓縮 | 均線收斂 | 接近突破 | 結構尚可,True,False,False,True,False,True,7.8,B,起漲結構中,40D平台收斂｜短中均線糾結｜40D低點守住｜接近/站回MA60｜MA60不再下彎｜近5日量縮｜10D動能轉正,平台壓縮後轉強，可優先觀察起漲/試單。,v266.57.9,7.8,無原分數欄位｜僅顯示結構前置分數,678.0,4.5,C,續強觀察,回檔不破前低｜低點墊高確認｜回檔量縮｜10D動能維持｜扣分:跌破短均,續強品質不足或有假突破壓力，避免追高。,v266.57.9,6.04,0.55,0.5,GENERIC,測試排序分=原分數+結構前置分*策略權重+續強品質*策略權重；不覆蓋原策略,758.0,1.5,D,突破不足,紅K實體放大,尚未形成乾淨突破，不急著升級。,v266.57.9,WATCH,0.55,0.35,0.75,6.99,731.0,最後後處理補寫：原分數+結構前置+續強品質+突破品質；不覆蓋原策略,0.0,,一般,5.732,v266.58.1,2026-10-01 01:22:38,出貨疑慮,-2,-10,降級風險,前狀態:出貨疑慮→今日:出貨疑慮,RISK,v266.60.2,2.232,22.0,0.0,0.0,15.0,1.798,893.0,20/40/60結構佳｜主力佈局語意｜風險語意扣分,過熱降權,v266.61,2026-10-01 01:22:44,-4.0,洗盤不破承接｜假突破/出貨風險扣分,無事件,等待下一次確認。,0.362,889,v266.62,2026-10-01 01:22:46,24.0,0.0,18.0,35.0,-24.09,量能安靜｜洗盤整理不破｜主力吸籌文字確認｜假突破/出貨文字風險,v266.68,2026-10-01 01:22:50,FAKE_BREAKOUT_RISK,假突破/追高風險：避免追價。,WATCH,889
2026-09-30,1109,BUY,100,13.35,50以下,0.01,10000,主力佈局完成,波動壓縮 | 安靜吸籌 | 洗盤收回 | 均線收斂 | 放量吸收 | 接近突破 | 結構尚可,True,True,True,True,True,True,6.0,B,起漲結構中,接近20日高｜40D平台收斂｜短中均線糾結｜40D低點守住｜接近/站回MA60,平台壓縮後轉強，可優先觀察起漲/試單。,v266.57.9,6.0,無原分數欄位｜僅顯示結構前置分數,828.0,4.3,C,續強觀察,回檔不破前低｜低點墊高確認｜收盤守MA5｜續強確認：收盤未跌破MA5｜扣分:回檔量放大,續強品質不足或有假突破壓力，避免追高。,v266.57.9,4.45,0.55,0.5,GENERIC,測試排序分=原分數+結構前置分*策略權重+續強品質*策略權重；不覆蓋原策略,907.0,3.0,C,突破觀察,紅K實體放大｜突破近5日高,有轉強跡象，但突破品質尚未完全成立。,v266.57.9,GENERIC,0.55,0.5,0.5,6.95,732.0,最後後處理補寫：原分數+結構前置+續強品質+突破品質；不覆蓋原策略,0.0,,一般,5.699,v266.58.1,2026-10-01 01:22:38,出貨疑慮,-2,-10,降級風險,前狀態:出貨疑慮→今日:出貨疑慮,RISK,v266.60.2,2.199,22.0,0.0,0.0,15.0,1.795,895.0,20/40/60結構佳｜主力佈局語意｜風險語意扣分,過熱降權,v266.61,2026-10-01 01:22:44,-4.0,洗盤不破承接｜假突破/出貨風險扣分,無事件,等待下一次確認。,0.339,890,v266.62,2026-10-01 01:22:46,24.0,0.0,18.0,35.0,-24.09,量能安靜｜洗盤整理不破｜主力吸籌文字確認｜假突破/出貨文字風險,v266.68,2026-10-01 01:22:50,FAKE_BREAKOUT_RISK,假突破/追高風險：避免追價。,WATCH,890
2026-09-30,8299,WATCH,54,2150.0,1000以上,0.0,0,佈局觀察,波動壓縮 | 均線收斂 | 接近突破 | 結構尚可,True,False,False,True,False,True,8.0,A,起漲結構強,20D站上MA20｜MA20走平翻揚｜接近20日高｜40D平台收斂｜短中均線糾結｜40D低點守住｜接近/站回MA60｜站回60D區間中上｜扣分:長上影壓力,平台壓縮後轉強，可優先觀察起漲/試單。,v266.57.9,7.0,無原分數欄位｜僅顯示結構前置分數,710.0,5.5,B,續強品質中,回檔不破前低｜低點墊高確認｜收盤守MA5｜續強確認：收盤未跌破MA5｜仍站MA20｜扣分:長上影壓力,回檔承接尚可，若原策略入選，可優先觀察延續。,v266.57.9,5.35,0.55,0.5,GENERIC,測試排序分=原分數+結構前置分*策略權重+續強品質*策略權重；不覆蓋原策略,849.0,-2.2,D,突破不足,扣分:收盤位置偏弱、上影偏長,尚未形成乾淨突破，不急著升級。,v266.57.9,WATCH,0.55,0.35,0.75,4.675,905.0,最後後處理補寫：原分數+結構前置+續強品質+突破品質；不覆蓋原策略,0.0,,一般,3.833,v266.58.1,2026-10-01 01:22:38,觀察,0,-5,降級風險,前狀態:突破中→今日:觀察｜狀態降級,RISK,v266.60.2,2.083,30.0,0.0,0.0,15.0,4.496,875.0,20/40/60結構佳｜續強品質佳｜主力佈局語意｜風險語意扣分,過熱降權,v266.61,2026-10-01 01:22:44,-4.0,洗盤不破承接｜假突破/出貨風險扣分,無事件,等待下一次確認。,0.258,891,v266.62,2026-10-01 01:22:46,24.0,0.0,18.0,35.0,-24.09,量能安靜｜洗盤整理不破｜主力吸籌文字確認｜假突破/出貨文字風險,v266.68,2026-10-01 01:22:50,FAKE_BREAKOUT_RISK,假突破/追高風險：避免追價。,WATCH,891
2026-09-30,3564,WATCH,54,50.6,50-100,0.0,0,佈局觀察,波動壓縮 | 均線收斂 | 接近突破 | 結構尚可,True,False,False,True,False,True,8.0,A,起漲結構強,20D站上MA20｜MA20走平翻揚｜接近20日高｜40D平台收斂｜短中均線糾結｜40D低點守住｜接近/站回MA60｜MA60不再下彎｜扣分:長上影壓力,平台壓縮後轉強，可優先觀察起漲/試單。,v266.57.9,7.0,無原分數欄位｜僅顯示結構前置分數,710.0,5.5,B,續強品質中,回檔不破前低｜低點墊高確認｜收盤守MA5｜續強確認：收盤未跌破MA5｜仍站MA20｜扣分:長上影壓力,回檔承接尚可，若原策略入選，可優先觀察延續。,v266.57.9,5.35,0.55,0.5,GENERIC,測試排序分=原分數+結構前置分*策略權重+續強品質*策略權重；不覆蓋原策略,849.0,-2.2,D,突破不足,扣分:收盤位置偏弱、上影偏長,尚未形成乾淨突破，不急著升級。,v266.57.9,WATCH,0.55,0.35,0.75,4.675,905.0,最後後處理補寫：原分數+結構前置+續強品質+突破品質；不覆蓋原策略,0.0,,一般,3.833,v266.58.1,2026-10-01 01:22:38,觀察,0,-5,降級風險,前狀態:突破中→今日:觀察｜狀態降級,RISK,v266.60.2,2.083,30.0,0.0,0.0,15.0,4.496,875.0,20/40/60結構佳｜續強品質佳｜主力佈局語意｜風險語意扣分,過熱降權,v266.61,2026-10-01 01:22:44,-4.0,洗盤不破承接｜假突破/出貨風險扣分,無事件,等待下一次確認。,0.258,892,v266.62,2026-10-01 01:22:46,24.0,0.0,18.0,35.0,-24.09,量能安靜｜洗盤整理不破｜主力吸籌文字確認｜假突破/出貨文字風險,v266.68,2026-10-01 01:22:50,FAKE_BREAKOUT_RISK,假突破/追高風險：避免追價。,WATCH,892
2026-09-30,3287,WATCH,54,42.15,50以下,0.0,0,佈局觀察,波動壓縮 | 均線收斂 | 接近突破 | 結構尚可,True,False,False,True,False,True,8.0,A,起漲結構強,20D站上MA20｜MA20走平翻揚｜接近20日高｜40D平台收斂｜短中均線糾結｜接近/站回MA60｜MA60不再下彎｜站回60D區間中上｜扣分:長上影壓力,平台壓縮後轉強，可優先觀察起漲/試單。,v266.57.9,7.0,無原分數欄位｜僅顯示結構前置分數,710.0,5.5,B,續強品質中,回檔不破前低｜低點墊高確認｜收盤守MA5｜續強確認：收盤未跌破MA5｜仍站MA20｜扣分:長上影壓力,回檔承接尚可，若原策略入選，可優先觀察延續。,v266.57.9,5.35,0.55,0.5,GENERIC,測試排序分=原分數+結構前置分*策略權重+續強品質*策略權重；不覆蓋原策略,849.0,-2.2,D,突破不足,扣分:收盤位置偏弱、上影偏長,尚未形成乾淨突破，不急著升級。,v266.57.9,WATCH,0.55,0.35,0.75,4.675,905.0,最後後處理補寫：原分數+結構前置+續強品質+突破品質；不覆蓋原策略,0.0,,一般,3.833,v266.58.1,2026-10-01 01:22:38,觀察,0,-5,降級風險,前狀態:突破中→今日:觀察｜狀態降級,RISK,v266.60.2,2.083,30.0,0.0,0.0,15.0,4.496,875.0,20/40/60結構佳｜續強品質佳｜主力佈局語意｜風險語意扣分,過熱降權,v266.61,2026-10-01 01:22:44,-4.0,洗盤不破承接｜假突破/出貨風險扣分,無事件,等待下一次確認。,0.258,893,v266.62,2026-10-01 01:22:46,24.0,0.0,18.0,35.0,-24.09,量能安靜｜洗盤整理不破｜主力吸籌文字確認｜假突破/出貨文字風險,v266.68,2026-10-01 01:22:50,FAKE_BREAKOUT_RISK,假突破/追高風險：避免追價。,WATCH,893
2026-09-30,3444,WATCH,54,81.3,50-100,0.0,0,佈局觀察,波動壓縮 | 均線收斂 | 接近突破 | 結構尚可,True,False,False,True,False,True,7.0,B,起漲結構中,20D站上MA20｜MA20走平翻揚｜40D平台收斂｜短中均線糾結｜40D低點守住｜接近/站回MA60｜站回60D區間中上｜扣分:長上影壓力,平台壓縮後轉強，可優先觀察起漲/試單。,v266.57.9,6.0,無原分數欄位｜僅顯示結構前置分數,828.0,7.0,A,續強品質強,回檔不破前低｜低點墊高確認｜收盤守MA5｜續強確認：收盤未跌破MA5｜回檔量縮｜仍站MA20｜扣分:長上影壓力,回檔承接尚可，若原策略入選，可優先觀察延續。,v266.57.9,5.55,0.55,0.5,GENERIC,測試排序分=原分數+結構前置分*策略權重+續強品質*策略權重；不覆蓋原策略,830.0,-2.2,D,突破不足,扣分:收盤位置偏弱、上影偏長,尚未形成乾淨突破，不急著升級。,v266.57.9,WATCH,0.55,0.35,0.75,4.65,911.0,最後後處理補寫：原分數+結構前置+續強品質+突破品質；不覆蓋原策略,0.0,,一般,3.813,v266.58.1,2026-10-01 01:22:38,觀察,0,-5,降級風險,前狀態:突破中→今日:觀察｜狀態降級,RISK,v266.60.2,2.063,30.0,0.0,0.0,15.0,4.494,878.0,20/40/60結構佳｜續強品質佳｜主力佈局語意｜風險語意扣分,過熱降權,v266.61,2026-10-01 01:22:44,-4.0,洗盤不破承接｜假突破/出貨風險扣分,無事件,等待下一次確認。,0.244,894,v266.62,2026-10-01 01:22:46,24.0,0.0,18.0,35.0,-24.09,量能安靜｜洗盤整理不破｜主力吸籌文字確認｜假突破/出貨文字風險,v266.68,2026-10-01 01:22:50,FAKE_BREAKOUT_RISK,假突破/追高風險：避免追價。,WATCH,894
2026-09-30,2247,BUY,82,224.5,100-500,0.01,10000,主力佈局完成,安靜吸籌 | 洗盤收回 | 均線收斂 | 放量吸收 | 接近突破 | 結構尚可,False,True,True,True,True,True,8.0,A,起漲結構強,40D平台收斂｜短中均線糾結｜40D低點守住｜接近/站回MA60｜MA60不再下彎｜量縮後溫和放量,平台壓縮後轉強，可優先觀察起漲/試單。,v266.57.9,8.0,無原分數欄位｜僅顯示結構前置分數,556.0,2.0,D,續強偏弱,回檔不破前低｜低點墊高確認｜扣分:跌破短均,續強品質不足或有假突破壓力，避免追高。,v266.57.9,4.9,0.55,0.5,GENERIC,測試排序分=原分數+結構前置分*策略權重+續強品質*策略權重；不覆蓋原策略,884.0,2.7,C,突破觀察,收盤接近高點｜量能較前日放大,有轉強跡象，但突破品質尚未完全成立。,v266.57.9,GENERIC,0.55,0.5,0.5,6.75,750.0,最後後處理補寫：原分數+結構前置+續強品質+突破品質；不覆蓋原策略,0.0,,一般,5.535,v266.58.1,2026-10-01 01:22:38,出貨疑慮,-2,-10,降級風險,前狀態:出貨疑慮→今日:出貨疑慮,RISK,v266.60.2,2.035,22.0,0.0,0.0,15.0,1.778,896.0,20/40/60結構佳｜主力佈局語意｜風險語意扣分,過熱降權,v266.61,2026-10-01 01:22:44,-4.0,洗盤不破承接｜假突破/出貨風險扣分,無事件,等待下一次確認。,0.225,895,v266.62,2026-10-01 01:22:46,24.0,0.0,18.0,35.0,-24.09,量能安靜｜洗盤整理不破｜主力吸籌文字確認｜假突破/出貨文字風險,v266.68,2026-10-01 01:22:50,FAKE_BREAKOUT_RISK,假突破/追高風險：避免追價。,WATCH,895
2026-09-30,2382,WATCH,54,333.5,100-500,0.0,0,佈局觀察,波動壓縮 | 均線收斂 | 接近突破 | 結構尚可,True,False,False,True,False,True,8.8,A,起漲結構強,MA20走平翻揚｜40D平台收斂｜短中均線糾結｜40D低點守住｜接近/站回MA60｜站回60D區間中上｜近5日量縮｜10D動能轉正,平台壓縮後轉強，可優先觀察起漲/試單。,v266.57.9,8.8,無原分數欄位｜僅顯示結構前置分數,522.0,4.5,C,續強觀察,回檔不破前低｜低點墊高確認｜回檔量縮｜10D動能維持｜扣分:跌破短均,續強品質不足或有假突破壓力，避免追高。,v266.57.9,6.59,0.55,0.5,GENERIC,測試排序分=原分數+結構前置分*策略權重+續強品質*策略權重；不覆蓋原策略,674.0,0.2,D,突破不足,量能較前日放大｜扣分:收盤位置偏弱,尚未形成乾淨突破，不急著升級。,v266.57.9,WATCH,0.55,0.35,0.75,6.565,772.0,最後後處理補寫：原分數+結構前置+續強品質+突破品質；不覆蓋原策略,0.0,,一般,5.383,v266.58.1,2026-10-01 01:22:38,出貨疑慮,-2,-10,降級風險,前狀態:出貨疑慮→今日:出貨疑慮,RISK,v266.60.2,1.883,22.0,0.0,0.0,15.0,1.763,897.0,20/40/60結構佳｜主力佈局語意｜風險語意扣分,過熱降權,v266.61,2026-10-01 01:22:44,-4.0,洗盤不破承接｜假突破/出貨風險扣分,無事件,等待下一次確認。,0.118,896,v266.62,2026-10-01 01:22:46,24.0,0.0,18.0,35.0,-24.09,量能安靜｜洗盤整理不破｜主力吸籌文字確認｜假突破/出貨文字風險,v266.68,2026-10-01 01:22:50,FAKE_BREAKOUT_RISK,假突破/追高風險：避免追價。,WATCH,896
2026-09-30,1339,WATCH,54,42.35,50以下,0.0,0,佈局觀察,波動壓縮 | 均線收斂 | 接近突破 | 結構尚可,True,False,False,True,False,True,6.0,B,起漲結構中,接近20日高｜40D平台收斂｜短中均線糾結｜40D低點守住｜MA60不再下彎,平台壓縮後轉強，可優先觀察起漲/試單。,v266.57.9,6.0,無原分數欄位｜僅顯示結構前置分數,828.0,2.0,D,續強偏弱,回檔不破前低｜低點墊高確認｜扣分:跌破短均,續強品質不足或有假突破壓力，避免追高。,v266.57.9,3.8,0.55,0.5,GENERIC,測試排序分=原分數+結構前置分*策略權重+續強品質*策略權重；不覆蓋原策略,925.0,3.0,C,突破觀察,紅K實體放大｜收盤接近高點,有轉強跡象，但突破品質尚未完全成立。,v266.57.9,WATCH,0.55,0.35,0.75,6.25,794.0,最後後處理補寫：原分數+結構前置+續強品質+突破品質；不覆蓋原策略,0.0,,一般,5.125,v266.58.1,2026-10-01 01:22:38,出貨疑慮,-2,-10,降級風險,前狀態:出貨疑慮→今日:出貨疑慮,RISK,v266.60.2,1.625,22.0,0.0,0.0,15.0,1.737,898.0,20/40/60結構佳｜主力佈局語意｜風險語意扣分,過熱降權,v266.61,2026-10-01 01:22:44,-4.0,洗盤不破承接｜假突破/出貨風險扣分,無事件,等待下一次確認。,-0.062,897,v266.62,2026-10-01 01:22:46,24.0,0.0,18.0,35.0,-24.09,量能安靜｜洗盤整理不破｜主力吸籌文字確認｜假突破/出貨文字風險,v266.68,2026-10-01 01:22:50,FAKE_BREAKOUT_RISK,假突破/追高風險：避免追價。,WATCH,897
2026-09-30,9930,BUY,86,60.2,50-100,0.01,10000,主力佈局完成,波動壓縮 | 安靜吸籌 | 均線收斂 | 放量吸收 | 接近突破 | 結構尚可,True,True,False,True,True,True,7.0,B,起漲結構中,40D平台收斂｜短中均線糾結｜40D低點守住｜接近/站回MA60｜量縮後溫和放量,平台壓縮後轉強，可優先觀察起漲/試單。,v266.57.9,5.0,無原分數欄位｜僅顯示結構前置分數,907.0,3.5,C,續強觀察,回檔不破前低｜低點墊高確認｜收盤守MA5｜扣分:跌破短均,續強品質不足或有假突破壓力，避免追高。,v266.57.9,3.75,0.55,0.5,GENERIC,測試排序分=原分數+結構前置分*策略權重+續強品質*策略權重；不覆蓋原策略,929.0,1.2,D,突破不足,量能較前日放大,尚未形成乾淨突破，不急著升級。,v266.57.9,GENERIC,0.55,0.5,0.5,6.2,800.0,最後後處理補寫：原分數+結構前置+續強品質+突破品質；不覆蓋原策略,0.0,,一般,5.084,v266.58.1,2026-10-01 01:22:38,出貨疑慮,-2,-10,降級風險,前狀態:出貨疑慮→今日:出貨疑慮,RISK,v266.60.2,1.584,22.0,0.0,0.0,15.0,1.733,899.0,20/40/60結構佳｜主力佈局語意｜風險語意扣分,過熱降權,v266.61,2026-10-01 01:22:44,-4.0,洗盤不破承接｜假突破/出貨風險扣分,無事件,等待下一次確認。,-0.091,898,v266.62,2026-10-01 01:22:46,24.0,0.0,18.0,35.0,-24.09,量能安靜｜洗盤整理不破｜主力吸籌文字確認｜假突破/出貨文字風險,v266.68,2026-10-01 01:22:50,FAKE_BREAKOUT_RISK,假突破/追高風險：避免追價。,WATCH,898
2026-09-30,5288,TEST,72,183.5,100-500,0.005,5000,佈局高機率,波動壓縮 | 安靜吸籌 | 均線收斂 | 接近突破 | 結構尚可,True,True,False,True,False,True,6.8,B,起漲結構中,40D平台收斂｜短中均線糾結｜40D低點守住｜接近/站回MA60｜MA60不再下彎｜10D動能轉正,平台壓縮後轉強，可優先觀察起漲/試單。,v266.57.9,6.8,無原分數欄位｜僅顯示結構前置分數,813.0,3.0,C,續強觀察,回檔不破前低｜低點墊高確認｜10D動能維持｜扣分:跌破短均,續強品質不足或有假突破壓力，避免追高。,v266.57.9,4.74,0.55,0.5,GENERIC,測試排序分=原分數+結構前置分*策略權重+續強品質*策略權重；不覆蓋原策略,894.0,-1.0,D,突破不足,扣分:收盤位置偏弱,尚未形成乾淨突破，不急著升級。,v266.57.9,TEST,0.8,0.5,0.9,6.04,821.0,最後後處理補寫：原分數+結構前置+續強品質+突破品質；不覆蓋原策略,0.0,,一般,4.953,v266.58.1,2026-10-01 01:22:38,出貨疑慮,-2,-10,降級風險,前狀態:出貨疑慮→今日:出貨疑慮,RISK,v266.60.2,1.453,22.0,0.0,0.0,15.0,1.72,900.0,20/40/60結構佳｜主力佈局語意｜風險語意扣分,過熱降權,v266.61,2026-10-01 01:22:44,-4.0,洗盤不破承接｜假突破/出貨風險扣分,無事件,等待下一次確認。,-0.183,899,v266.62,2026-10-01 01:22:46,24.0,0.0,18.0,35.0,-24.09,量能安靜｜洗盤整理不破｜主力吸籌文字確認｜假突破/出貨文字風險,v266.68,2026-10-01 01:22:50,FAKE_BREAKOUT_RISK,假突破/追高風險：避免追價。,WATCH,899
2026-09-30,2459,BUY,100,65.0,50-100,0.01,10000,主力佈局完成,波動壓縮 | 安靜吸籌 | 洗盤收回 | 均線收斂 | 放量吸收 | 接近突破 | 結構尚可,True,True,True,True,True,True,9.0,A,起漲結構強,接近20日高｜40D平台收斂｜短中均線糾結｜40D低點守住｜接近/站回MA60｜MA60不再下彎｜量縮後溫和放量,平台壓縮後轉強，可優先觀察起漲/試單。,v266.57.9,9.0,無原分數欄位｜僅顯示結構前置分數,391.0,3.5,C,續強觀察,回檔不破前低｜低點墊高確認｜收盤守MA5｜扣分:跌破短均,續強品質不足或有假突破壓力，避免追高。,v266.57.9,6.7,0.55,0.5,GENERIC,測試排序分=原分數+結構前置分*策略權重+續強品質*策略權重；不覆蓋原策略,643.0,2.7,C,突破觀察,收盤接近高點｜量能較前日放大,有轉強跡象，但突破品質尚未完全成立。,v266.57.9,GENERIC,0.55,0.5,0.5,8.05,586.0,最後後處理補寫：原分數+結構前置+續強品質+突破品質；不覆蓋原策略,0.0,,一般,6.601,v266.58.1,2026-10-01 01:22:38,出貨疑慮,-2,-15,降級風險,前狀態:觀察→今日:出貨疑慮｜狀態降級,RISK,v266.60.2,1.351,22.0,0.0,0.0,15.0,1.798,893.0,20/40/60結構佳｜主力佈局語意｜風險語意扣分,過熱降權,v266.61,2026-10-01 01:22:44,-4.0,洗盤不破承接｜假突破/出貨風險扣分,無事件,等待下一次確認。,-0.254,900,v266.62,2026-10-01 01:22:46,24.0,0.0,18.0,35.0,-24.09,量能安靜｜洗盤整理不破｜主力吸籌文字確認｜假突破/出貨文字風險,v266.68,2026-10-01 01:22:50,FAKE_BREAKOUT_RISK,假突破/追高風險：避免追價。,WATCH,900
2026-09-30,1805,BUY,86,10.05,50以下,0.01,10000,主力佈局完成,波動壓縮 | 安靜吸籌 | 均線收斂 | 放量吸收 | 接近突破 | 結構尚可,True,True,False,True,True,True,10.0,A,起漲結構強,接近20日高｜40D平台收斂｜短中均線糾結｜40D低點守住｜接近/站回MA60｜MA60不再下彎｜站回60D區間中上｜量縮後溫和放量,平台壓縮後轉強，可優先觀察起漲/試單。,v266.57.9,10.0,無原分數欄位｜僅顯示結構前置分數,253.0,0.8,E,續強不足,回檔不破前低｜低點墊高確認｜扣分:跌破短均、回檔量放大,續強品質不足或有假突破壓力，避免追高。,v266.57.9,5.4,0.55,0.5,GENERIC,測試排序分=原分數+結構前置分*策略權重+續強品質*策略權重；不覆蓋原策略,840.0,0.0,D,突破不足,,尚未形成乾淨突破，不急著升級。,v266.57.9,GENERIC,0.55,0.5,0.5,5.9,829.0,最後後處理補寫：原分數+結構前置+續強品質+突破品質；不覆蓋原策略,0.0,,一般,4.838,v266.58.1,2026-10-01 01:22:38,出貨疑慮,-2,-10,降級風險,前狀態:出貨疑慮→今日:出貨疑慮,RISK,v266.60.2,1.338,22.0,0.0,0.0,15.0,1.709,901.0,20/40/60結構佳｜主力佈局語意｜風險語意扣分,過熱降權,v266.61,2026-10-01 01:22:44,-4.0,洗盤不破承接｜假突破/出貨風險扣分,無事件,等待下一次確認。,-0.263,901,v266.62,2026-10-01 01:22:46,24.0,0.0,18.0,35.0,-24.09,量能安靜｜洗盤整理不破｜主力吸籌文字確認｜假突破/出貨文字風險,v266.68,2026-10-01 01:22:50,FAKE_BREAKOUT_RISK,假突破/追高風險：避免追價。,WATCH,901
2026-09-30,2109,WATCH,50,14.4,50以下,0.0,0,佈局觀察,洗盤收回 | 均線收斂 | 接近突破 | 結構尚可,False,False,True,True,False,True,8.0,A,起漲結構強,40D平台收斂｜短中均線糾結｜40D低點守住｜接近/站回MA60｜MA60不再下彎｜量縮後溫和放量,平台壓縮後轉強，可優先觀察起漲/試單。,v266.57.9,8.0,無原分數欄位｜僅顯示結構前置分數,556.0,1.0,D,續強偏弱,回檔不破前低｜扣分:跌破短均,續強品質不足或有假突破壓力，避免追高。,v266.57.9,4.9,0.55,0.5,GENERIC,測試排序分=原分數+結構前置分*策略權重+續強品質*策略權重；不覆蓋原策略,884.0,1.5,D,突破不足,收盤接近高點,尚未形成乾淨突破，不急著升級。,v266.57.9,WATCH,0.55,0.35,0.75,5.875,831.0,最後後處理補寫：原分數+結構前置+續強品質+突破品質；不覆蓋原策略,0.0,,一般,4.818,v266.58.1,2026-10-01 01:22:38,出貨疑慮,-2,-10,降級風險,前狀態:出貨疑慮→今日:出貨疑慮,RISK,v266.60.2,1.318,22.0,0.0,0.0,15.0,1.707,902.0,20/40/60結構佳｜主力佈局語意｜風險語意扣分,過熱降權,v266.61,2026-10-01 01:22:44,-4.0,洗盤不破承接｜假突破/出貨風險扣分,無事件,等待下一次確認。,-0.277,902,v266.62,2026-10-01 01:22:46,24.0,0.0,18.0,35.0,-24.09,量能安靜｜洗盤整理不破｜主力吸籌文字確認｜假突破/出貨文字風險,v266.68,2026-10-01 01:22:50,FAKE_BREAKOUT_RISK,假突破/追高風險：避免追價。,WATCH,902
2026-09-30,2504,TEST,68,30.65,50以下,0.005,5000,佈局高機率,波動壓縮 | 洗盤收回 | 均線收斂 | 接近突破 | 結構尚可,True,False,True,True,False,True,6.0,B,起漲結構中,接近20日高｜40D平台收斂｜短中均線糾結｜40D低點守住｜接近/站回MA60,平台壓縮後轉強，可優先觀察起漲/試單。,v266.57.9,6.0,無原分數欄位｜僅顯示結構前置分數,828.0,2.0,D,續強偏弱,回檔不破前低｜低點墊高確認｜扣分:跌破短均,續強品質不足或有假突破壓力，避免追高。,v266.57.9,3.8,0.55,0.5,GENERIC,測試排序分=原分數+結構前置分*策略權重+續強品質*策略權重；不覆蓋原策略,925.0,0.0,D,突破不足,,尚未形成乾淨突破，不急著升級。,v266.57.9,TEST,0.8,0.5,0.9,5.8,832.0,最後後處理補寫：原分數+結構前置+續強品質+突破品質；不覆蓋原策略,0.0,,一般,4.756,v266.58.1,2026-10-01 01:22:38,出貨疑慮,-2,-10,降級風險,前狀態:出貨疑慮→今日:出貨疑慮,RISK,v266.60.2,1.256,22.0,0.0,0.0,15.0,1.701,903.0,20/40/60結構佳｜主力佈局語意｜風險語意扣分,過熱降權,v266.61,2026-10-01 01:22:44,-4.0,洗盤不破承接｜假突破/出貨風險扣分,無事件,等待下一次確認。,-0.321,903,v266.62,2026-10-01 01:22:46,24.0,0.0,18.0,35.0,-24.09,量能安靜｜洗盤整理不破｜主力吸籌文字確認｜假突破/出貨文字風險,v266.68,2026-10-01 01:22:50,FAKE_BREAKOUT_RISK,假突破/追高風險：避免追價。,WATCH,903
2026-09-30,2207,WATCH,58,509.0,500-1000,0.0,0,佈局觀察,波動壓縮 | 安靜吸籌 | 均線收斂 | 結構尚可,True,True,False,True,False,False,8.0,A,起漲結構強,40D平台收斂｜短中均線糾結｜40D低點守住｜接近/站回MA60｜MA60不再下彎｜量縮後溫和放量,平台壓縮後轉強，可優先觀察起漲/試單。,v266.57.9,8.0,無原分數欄位｜僅顯示結構前置分數,556.0,3.5,C,續強觀察,回檔不破前低｜低點墊高確認｜回檔量縮｜扣分:跌破短均,續強品質不足或有假突破壓力，避免追高。,v266.57.9,5.65,0.55,0.5,GENERIC,測試排序分=原分數+結構前置分*策略權重+續強品質*策略權重；不覆蓋原策略,795.0,0.2,D,突破不足,量能較前日放大｜扣分:收盤位置偏弱,尚未形成乾淨突破，不急著升級。,v266.57.9,WATCH,0.55,0.35,0.75,5.775,834.0,最後後處理補寫：原分數+結構前置+續強品質+突破品質；不覆蓋原策略,0.0,,一般,4.736,v266.58.1,2026-10-01 01:22:38,出貨疑慮,-2,-10,降級風險,前狀態:出貨疑慮→今日:出貨疑慮,RISK,v266.60.2,1.236,22.0,0.0,0.0,15.0,1.699,904.0,20/40/60結構佳｜主力佈局語意｜風險語意扣分,過熱降權,v266.61,2026-10-01 01:22:44,-4.0,洗盤不破承接｜假突破/出貨風險扣分,無事件,等待下一次確認。,-0.335,904,v266.62,2026-10-01 01:22:46,24.0,0.0,18.0,35.0,-24.09,量能安靜｜洗盤整理不破｜主力吸籌文字確認｜假突破/出貨文字風險,v266.68,2026-10-01 01:22:50,FAKE_BREAKOUT_RISK,假突破/追高風險：避免追價。,WATCH,904
2026-09-30,6914,BUY,80,119.0,100-500,0.01,10000,主力佈局完成,波動壓縮 | 安靜吸籌 | 均線收斂 | 放量吸收 | 接近突破,True,True,False,True,True,True,7.0,B,起漲結構中,接近20日高｜40D平台收斂｜短中均線糾結｜40D低點守住｜量縮後溫和放量,平台壓縮後轉強，可優先觀察起漲/試單。,v266.57.9,5.0,無原分數欄位｜僅顯示結構前置分數,907.0,3.5,C,續強觀察,回檔不破前低｜低點墊高確認｜回檔量縮｜扣分:跌破短均,續強品質不足或有假突破壓力，避免追高。,v266.57.9,3.25,0.55,0.5,GENERIC,測試排序分=原分數+結構前置分*策略權重+續強品質*策略權重；不覆蓋原策略,934.0,0.2,D,突破不足,量能較前日放大｜扣分:收盤位置偏弱,尚未形成乾淨突破，不急著升級。,v266.57.9,GENERIC,0.55,0.5,0.5,5.7,847.0,最後後處理補寫：原分數+結構前置+續強品質+突破品質；不覆蓋原策略,0.0,,一般,4.674,v266.58.1,2026-10-01 01:22:38,出貨疑慮,-2,-10,降級風險,前狀態:出貨疑慮→今日:出貨疑慮,RISK,v266.60.2,1.174,22.0,0.0,0.0,15.0,1.692,905.0,20/40/60結構佳｜主力佈局語意｜風險語意扣分,過熱降權,v266.61,2026-10-01 01:22:44,-4.0,洗盤不破承接｜假突破/出貨風險扣分,無事件,等待下一次確認。,-0.378,905,v266.62,2026-10-01 01:22:46,24.0,0.0,18.0,35.0,-24.09,量能安靜｜洗盤整理不破｜主力吸籌文字確認｜假突破/出貨文字風險,v266.68,2026-10-01 01:22:50,FAKE_BREAKOUT_RISK,假突破/追高風險：避免追價。,WATCH,905
2026-09-30,3703,WATCH,50,19.6,50以下,0.0,0,佈局觀察,洗盤收回 | 均線收斂 | 接近突破 | 結構尚可,False,False,True,True,False,True,6.0,B,起漲結構中,MA20走平翻揚｜40D平台收斂｜短中均線糾結｜40D低點守住｜接近/站回MA60,平台壓縮後轉強，可優先觀察起漲/試單。,v266.57.9,6.0,無原分數欄位｜僅顯示結構前置分數,828.0,3.5,C,續強觀察,回檔不破前低｜低點墊高確認｜回檔量縮｜扣分:跌破短均,續強品質不足或有假突破壓力，避免追高。,v266.57.9,4.55,0.55,0.5,GENERIC,測試排序分=原分數+結構前置分*策略權重+續強品質*策略權重；不覆蓋原策略,896.0,1.5,D,突破不足,收盤接近高點,尚未形成乾淨突破，不急著升級。,v266.57.9,WATCH,0.55,0.35,0.75,5.65,852.0,最後後處理補寫：原分數+結構前置+續強品質+突破品質；不覆蓋原策略,0.0,,一般,4.633,v266.58.1,2026-10-01 01:22:38,出貨疑慮,-2,-10,降級風險,前狀態:出貨疑慮→今日:出貨疑慮,RISK,v266.60.2,1.133,22.0,0.0,0.0,15.0,1.688,906.0,20/40/60結構佳｜主力佈局語意｜風險語意扣分,過熱降權,v266.61,2026-10-01 01:22:44,-4.0,洗盤不破承接｜假突破/出貨風險扣分,無事件,等待下一次確認。,-0.407,906,v266.62,2026-10-01 01:22:46,24.0,0.0,18.0,35.0,-24.09,量能安靜｜洗盤整理不破｜主力吸籌文字確認｜假突破/出貨文字風險,v266.68,2026-10-01 01:22:50,FAKE_BREAKOUT_RISK,假突破/追高風險：避免追價。,WATCH,906
2026-09-30,1324,WATCH,54,9.99,50以下,0.0,0,佈局觀察,安靜吸籌 | 均線收斂 | 接近突破 | 結構尚可,False,True,False,True,False,True,7.0,B,起漲結構中,接近20日高｜40D平台收斂｜短中均線糾結｜40D低點守住｜接近/站回MA60｜量縮後溫和放量｜扣分:長上影壓力,平台壓縮後轉強，可優先觀察起漲/試單。,v266.57.9,6.0,無原分數欄位｜僅顯示結構前置分數,828.0,4.5,C,續強觀察,回檔不破前低｜低點墊高確認｜收盤守MA5｜續強確認：收盤未跌破MA5｜扣分:長上影壓力,續強品質不足或有假突破壓力，避免追高。,v266.57.9,4.3,0.55,0.5,GENERIC,測試排序分=原分數+結構前置分*策略權重+續強品質*策略權重；不覆蓋原策略,910.0,0.2,D,突破不足,量能較前日放大｜MA5加速上彎｜扣分:收盤位置偏弱、上影偏長,尚未形成乾淨突破，不急著升級。,v266.57.9,WATCH,0.55,0.35,0.75,5.575,856.0,最後後處理補寫：原分數+結構前置+續強品質+突破品質；不覆蓋原策略,0.0,,一般,4.571,v266.58.1,2026-10-01 01:22:38,出貨疑慮,-2,-10,降級風險,前狀態:出貨疑慮→今日:出貨疑慮,RISK,v266.60.2,1.071,22.0,0.0,0.0,15.0,1.682,907.0,20/40/60結構佳｜主力佈局語意｜風險語意扣分,過熱降權,v266.61,2026-10-01 01:22:44,-4.0,洗盤不破承接｜假突破/出貨風險扣分,無事件,等待下一次確認。,-0.45,907,v266.62,2026-10-01 01:22:46,24.0,0.0,18.0,35.0,-24.09,量能安靜｜洗盤整理不破｜主力吸籌文字確認｜假突破/出貨文字風險,v266.68,2026-10-01 01:22:50,FAKE_BREAKOUT_RISK,假突破/追高風險：避免追價。,WATCH,907
2026-09-30,2101,WATCH,54,29.9,50以下,0.0,0,佈局觀察,波動壓縮 | 洗盤收回 | 均線收斂 | 結構尚可,True,False,True,True,False,False,6.0,B,起漲結構中,40D平台收斂｜短中均線糾結｜40D低點守住｜量縮後溫和放量,平台壓縮後轉強，可優先觀察起漲/試單。,v266.57.9,6.0,無原分數欄位｜僅顯示結構前置分數,828.0,3.5,C,續強觀察,回檔不破前低｜低點墊高確認｜收盤守MA5｜扣分:跌破短均,續強品質不足或有假突破壓力，避免追高。,v266.57.9,5.05,0.55,0.5,GENERIC,測試排序分=原分數+結構前置分*策略權重+續強品質*策略權重；不覆蓋原策略,865.0,1.2,D,突破不足,量能較前日放大,尚未形成乾淨突破，不急著升級。,v266.57.9,WATCH,0.55,0.35,0.75,5.425,865.0,最後後處理補寫：原分數+結構前置+續強品質+突破品質；不覆蓋原策略,0.0,,一般,4.448,v266.58.1,2026-10-01 01:22:38,出貨疑慮,-2,-10,降級風險,前狀態:出貨疑慮→今日:出貨疑慮,RISK,v266.60.2,0.948,22.0,0.0,0.0,15.0,1.67,909.0,20/40/60結構佳｜主力佈局語意｜風險語意扣分,過熱降權,v266.61,2026-10-01 01:22:44,-4.0,洗盤不破承接｜假突破/出貨風險扣分,無事件,等待下一次確認。,-0.536,908,v266.62,2026-10-01 01:22:46,24.0,0.0,18.0,35.0,-24.09,量能安靜｜洗盤整理不破｜主力吸籌文字確認｜假突破/出貨文字風險,v266.68,2026-10-01 01:22:50,FAKE_BREAKOUT_RISK,假突破/追高風險：避免追價。,WATCH,908
2026-09-30,5880,WATCH,54,26.1,50以下,0.0,0,佈局觀察,波動壓縮 | 均線收斂 | 接近突破 | 結構尚可,True,False,False,True,False,True,9.0,A,起漲結構強,MA20走平翻揚｜40D平台收斂｜短中均線糾結｜40D低點守住｜接近/站回MA60｜MA60不再下彎｜站回60D區間中上｜近5日量縮,平台壓縮後轉強，可優先觀察起漲/試單。,v266.57.9,9.0,無原分數欄位｜僅顯示結構前置分數,391.0,3.5,C,續強觀察,回檔不破前低｜低點墊高確認｜回檔量縮｜扣分:跌破短均,續強品質不足或有假突破壓力，避免追高。,v266.57.9,6.2,0.55,0.5,GENERIC,測試排序分=原分數+結構前置分*策略權重+續強品質*策略權重；不覆蓋原策略,715.0,-1.0,D,突破不足,扣分:收盤位置偏弱,尚未形成乾淨突破，不急著升級。,v266.57.9,WATCH,0.55,0.35,0.75,5.425,865.0,最後後處理補寫：原分數+結構前置+續強品質+突破品質；不覆蓋原策略,0.0,,一般,4.448,v266.58.1,2026-10-01 01:22:38,出貨疑慮,-2,-10,降級風險,前狀態:出貨疑慮→今日:出貨疑慮,RISK,v266.60.2,0.948,22.0,0.0,0.0,15.0,1.67,909.0,20/40/60結構佳｜主力佈局語意｜風險語意扣分,過熱降權,v266.61,2026-10-01 01:22:44,-4.0,洗盤不破承接｜假突破/出貨風險扣分,無事件,等待下一次確認。,-0.536,909,v266.62,2026-10-01 01:22:46,24.0,0.0,18.0,35.0,-24.09,量能安靜｜洗盤整理不破｜主力吸籌文字確認｜假突破/出貨文字風險,v266.68,2026-10-01 01:22:50,FAKE_BREAKOUT_RISK,假突破/追高風險：避免追價。,WATCH,909
2026-09-30,6997,WATCH,54,67.0,50-100,0.0,0,佈局觀察,波動壓縮 | 均線收斂 | 接近突破 | 結構尚可,True,False,False,True,False,True,7.0,B,起漲結構中,MA20走平翻揚｜接近20日高｜40D平台收斂｜短中均線糾結｜40D低點守住｜接近/站回MA60,平台壓縮後轉強，可優先觀察起漲/試單。,v266.57.9,7.0,無原分數欄位｜僅顯示結構前置分數,710.0,4.3,C,續強觀察,回檔不破前低｜低點墊高確認｜收盤守MA5｜續強確認：收盤未跌破MA5｜扣分:回檔量放大,續強品質不足或有假突破壓力，避免追高。,v266.57.9,5.0,0.55,0.5,GENERIC,測試排序分=原分數+結構前置分*策略權重+續強品質*策略權重；不覆蓋原策略,880.0,,,,,,,WATCH,0.55,0.35,0.75,5.355,870.0,最後後處理補寫：原分數+結構前置+續強品質+突破品質；不覆蓋原策略,0.0,,一般,4.391,v266.58.1,2026-10-01 01:22:38,出貨疑慮,-2,-10,降級風險,前狀態:出貨疑慮→今日:出貨疑慮,RISK,v266.60.2,0.891,22.0,0.0,0.0,15.0,1.664,911.0,20/40/60結構佳｜主力佈局語意｜風險語意扣分,過熱降權,v266.61,2026-10-01 01:22:44,-4.0,洗盤不破承接｜假突破/出貨風險扣分,無事件,等待下一次確認。,-0.576,910,v266.62,2026-10-01 01:22:46,24.0,0.0,18.0,35.0,-24.09,量能安靜｜洗盤整理不破｜主力吸籌文字確認｜假突破/出貨文字風險,v266.68,2026-10-01 01:22:50,FAKE_BREAKOUT_RISK,假突破/追高風險：避免追價。,WATCH,910
2026-09-30,4131,WATCH,54,30.65,50以下,0.0,0,佈局觀察,波動壓縮 | 均線收斂 | 接近突破 | 結構尚可,True,False,False,True,False,True,7.0,B,起漲結構中,MA20走平翻揚｜MA5站上MA10｜40D平台收斂｜短中均線糾結｜40D低點守住｜接近/站回MA60,平台壓縮後轉強，可優先觀察起漲/試單。,v266.57.9,7.0,無原分數欄位｜僅顯示結構前置分數,710.0,4.7,C,續強觀察,回檔不破前低｜低點墊高確認｜回檔量縮｜MA5仍在MA10上｜扣分:跌破短均,續強品質不足或有假突破壓力，避免追高。,v266.57.9,5.7,0.55,0.5,GENERIC,測試排序分=原分數+結構前置分*策略權重+續強品質*策略權重；不覆蓋原策略,793.0,-0.2,D,突破不足,短均多頭｜扣分:收盤位置偏弱,尚未形成乾淨突破，不急著升級。,v266.57.9,WATCH,0.55,0.35,0.75,5.345,871.0,最後後處理補寫：原分數+結構前置+續強品質+突破品質；不覆蓋原策略,0.0,,一般,4.383,v266.58.1,2026-10-01 01:22:38,出貨疑慮,-2,-10,降級風險,前狀態:出貨疑慮→今日:出貨疑慮,RISK,v266.60.2,0.883,22.0,0.0,0.0,15.0,1.663,912.0,20/40/60結構佳｜主力佈局語意｜風險語意扣分,過熱降權,v266.61,2026-10-01 01:22:44,-4.0,洗盤不破承接｜假突破/出貨風險扣分,無事件,等待下一次確認。,-0.582,911,v266.62,2026-10-01 01:22:46,24.0,0.0,18.0,35.0,-24.09,量能安靜｜洗盤整理不破｜主力吸籌文字確認｜假突破/出貨文字風險,v266.68,2026-10-01 01:22:50,FAKE_BREAKOUT_RISK,假突破/追高風險：避免追價。,WATCH,911
2026-09-30,2912,WATCH,54,212.5,100-500,0.0,0,佈局觀察,波動壓縮 | 均線收斂 | 接近突破 | 結構尚可,True,False,False,True,False,True,7.0,B,起漲結構中,接近20日高｜40D平台收斂｜短中均線糾結｜40D低點守住｜量縮後溫和放量,平台壓縮後轉強，可優先觀察起漲/試單。,v266.57.9,7.0,無原分數欄位｜僅顯示結構前置分數,710.0,3.5,C,續強觀察,回檔不破前低｜低點墊高確認｜收盤守MA5｜扣分:跌破短均,續強品質不足或有假突破壓力，避免追高。,v266.57.9,5.6,0.55,0.5,GENERIC,測試排序分=原分數+結構前置分*策略權重+續強品質*策略權重；不覆蓋原策略,802.0,0.2,D,突破不足,量能較前日放大｜扣分:收盤位置偏弱,尚未形成乾淨突破，不急著升級。,v266.57.9,WATCH,0.55,0.35,0.75,5.225,875.0,最後後處理補寫：原分數+結構前置+續強品質+突破品質；不覆蓋原策略,0.0,,一般,4.284,v266.58.1,2026-10-01 01:22:38,出貨疑慮,-2,-10,降級風險,前狀態:出貨疑慮→今日:出貨疑慮,RISK,v266.60.2,0.784,22.0,0.0,0.0,15.0,1.653,915.0,20/40/60結構佳｜主力佈局語意｜風險語意扣分,過熱降權,v266.61,2026-10-01 01:22:44,-4.0,洗盤不破承接｜假突破/出貨風險扣分,無事件,等待下一次確認。,-0.651,912,v266.62,2026-10-01 01:22:46,24.0,0.0,18.0,35.0,-24.09,量能安靜｜洗盤整理不破｜主力吸籌文字確認｜假突破/出貨文字風險,v266.68,2026-10-01 01:22:50,FAKE_BREAKOUT_RISK,假突破/追高風險：避免追價。,WATCH,912
2026-09-30,2423,BUY,86,72.1,50-100,0.01,10000,主力佈局完成,波動壓縮 | 安靜吸籌 | 均線收斂 | 放量吸收 | 接近突破 | 結構尚可,True,True,False,True,True,True,5.0,C,結構觀察,40D平台收斂｜短中均線糾結｜40D低點守住｜接近/站回MA60,結構證據不足，保留原策略但降低信心。,v266.57.9,5.0,無原分數欄位｜僅顯示結構前置分數,907.0,2.0,D,續強偏弱,回檔不破前低｜低點墊高確認｜扣分:跌破短均,續強品質不足或有假突破壓力，避免追高。,v266.57.9,3.25,0.55,0.5,GENERIC,測試排序分=原分數+結構前置分*策略權重+續強品質*策略權重；不覆蓋原策略,934.0,2.7,C,突破觀察,收盤接近高點｜量能較前日放大,有轉強跡象，但突破品質尚未完全成立。,v266.57.9,GENERIC,0.55,0.5,0.5,5.1,882.0,最後後處理補寫：原分數+結構前置+續強品質+突破品質；不覆蓋原策略,0.0,,一般,4.182,v266.58.1,2026-10-01 01:22:38,出貨疑慮,-2,-10,降級風險,前狀態:出貨疑慮→今日:出貨疑慮,RISK,v266.60.2,0.682,0.0,0.0,0.0,15.0,-6.057,940.0,風險語意扣分,過熱降權,v266.61,2026-10-01 01:22:44,-4.0,洗盤不破承接｜假突破/出貨風險扣分,無事件,等待下一次確認。,-0.723,913,v266.62,2026-10-01 01:22:46,24.0,0.0,18.0,35.0,-24.09,量能安靜｜洗盤整理不破｜主力吸籌文字確認｜假突破/出貨文字風險,v266.68,2026-10-01 01:22:50,FAKE_BREAKOUT_RISK,假突破/追高風險：避免追價。,WATCH,913
2026-09-30,2885,WATCH,54,68.5,50-100,0.0,0,佈局觀察,波動壓縮 | 均線收斂 | 接近突破 | 結構尚可,True,False,False,True,False,True,8.0,A,起漲結構強,MA20走平翻揚｜40D平台收斂｜短中均線糾結｜40D低點守住｜接近/站回MA60｜MA60不再下彎｜站回60D區間中上,平台壓縮後轉強，可優先觀察起漲/試單。,v266.57.9,8.0,無原分數欄位｜僅顯示結構前置分數,556.0,3.5,C,續強觀察,回檔不破前低｜低點墊高確認｜回檔量縮｜扣分:跌破短均,續強品質不足或有假突破壓力，避免追高。,v266.57.9,5.65,0.55,0.5,GENERIC,測試排序分=原分數+結構前置分*策略權重+續強品質*策略權重；不覆蓋原策略,795.0,-1.0,D,突破不足,扣分:收盤位置偏弱,尚未形成乾淨突破，不急著升級。,v266.57.9,WATCH,0.55,0.35,0.75,4.875,897.0,最後後處理補寫：原分數+結構前置+續強品質+突破品質；不覆蓋原策略,0.0,,一般,3.997,v266.58.1,2026-10-01 01:22:38,出貨疑慮,-2,-10,降級風險,前狀態:出貨疑慮→今日:出貨疑慮,RISK,v266.60.2,0.497,22.0,0.0,0.0,15.0,1.625,917.0,20/40/60結構佳｜主力佈局語意｜風險語意扣分,過熱降權,v266.61,2026-10-01 01:22:44,-4.0,洗盤不破承接｜假突破/出貨風險扣分,無事件,等待下一次確認。,-0.852,914,v266.62,2026-10-01 01:22:46,24.0,0.0,18.0,35.0,-24.09,量能安靜｜洗盤整理不破｜主力吸籌文字確認｜假突破/出貨文字風險,v266.68,2026-10-01 01:22:50,FAKE_BREAKOUT_RISK,假突破/追高風險：避免追價。,WATCH,914
2026-09-30,2911,WATCH,52,6.08,50以下,0.0,0,佈局觀察,波動壓縮 | 安靜吸籌 | 均線收斂,True,True,False,True,False,False,5.0,C,結構觀察,40D平台收斂｜短中均線糾結｜量縮後溫和放量,結構證據不足，保留原策略但降低信心。,v266.57.9,5.0,無原分數欄位｜僅顯示結構前置分數,907.0,2.5,D,續強偏弱,回檔不破前低｜收盤守MA5｜扣分:跌破短均,續強品質不足或有假突破壓力，避免追高。,v266.57.9,4.5,0.55,0.5,GENERIC,測試排序分=原分數+結構前置分*策略權重+續強品質*策略權重；不覆蓋原策略,900.0,1.5,D,突破不足,收盤接近高點,尚未形成乾淨突破，不急著升級。,v266.57.9,WATCH,0.55,0.35,0.75,4.75,903.0,最後後處理補寫：原分數+結構前置+續強品質+突破品質；不覆蓋原策略,0.0,,一般,3.895,v266.58.1,2026-10-01 01:22:38,出貨疑慮,-2,-10,降級風險,前狀態:出貨疑慮→今日:出貨疑慮,RISK,v266.60.2,0.395,0.0,0.0,0.0,15.0,-6.086,941.0,風險語意扣分,過熱降權,v266.61,2026-10-01 01:22:44,-4.0,洗盤不破承接｜假突破/出貨風險扣分,無事件,等待下一次確認。,-0.924,915,v266.62,2026-10-01 01:22:46,24.0,0.0,18.0,35.0,-24.09,量能安靜｜洗盤整理不破｜主力吸籌文字確認｜假突破/出貨文字風險,v266.68,2026-10-01 01:22:50,FAKE_BREAKOUT_RISK,假突破/追高風險：避免追價。,WATCH,915
2026-09-30,2501,WATCH,52,21.1,50以下,0.0,0,佈局觀察,波動壓縮 | 安靜吸籌 | 均線收斂,True,True,False,True,False,False,6.0,B,起漲結構中,40D平台收斂｜短中均線糾結｜40D低點守住｜量縮後溫和放量,平台壓縮後轉強，可優先觀察起漲/試單。,v266.57.9,4.0,無原分數欄位｜僅顯示結構前置分數,931.0,3.5,C,續強觀察,回檔不破前低｜低點墊高確認｜收盤守MA5｜扣分:跌破短均,續強品質不足或有假突破壓力，避免追高。,v266.57.9,3.2,0.55,0.5,GENERIC,測試排序分=原分數+結構前置分*策略權重+續強品質*策略權重；不覆蓋原策略,938.0,0.2,D,突破不足,量能較前日放大｜扣分:收盤位置偏弱,尚未形成乾淨突破，不急著升級。,v266.57.9,WATCH,0.55,0.35,0.75,4.675,905.0,最後後處理補寫：原分數+結構前置+續強品質+突破品質；不覆蓋原策略,0.0,,一般,3.833,v266.58.1,2026-10-01 01:22:38,出貨疑慮,-2,-10,降級風險,前狀態:出貨疑慮→今日:出貨疑慮,RISK,v266.60.2,0.333,22.0,0.0,0.0,15.0,1.608,919.0,20/40/60結構佳｜主力佈局語意｜風險語意扣分,過熱降權,v266.61,2026-10-01 01:22:44,-4.0,洗盤不破承接｜假突破/出貨風險扣分,無事件,等待下一次確認。,-0.967,916,v266.62,2026-10-01 01:22:46,24.0,0.0,18.0,35.0,-24.09,量能安靜｜洗盤整理不破｜主力吸籌文字確認｜假突破/出貨文字風險,v266.68,2026-10-01 01:22:50,FAKE_BREAKOUT_RISK,假突破/追高風險：避免追價。,WATCH,916
2026-09-30,2707,WATCH,54,175.5,100-500,0.0,0,佈局觀察,波動壓縮 | 均線收斂 | 接近突破 | 結構尚可,True,False,False,True,False,True,7.0,B,起漲結構中,接近20日高｜40D平台收斂｜短中均線糾結｜40D低點守住｜接近/站回MA60｜MA60不再下彎,平台壓縮後轉強，可優先觀察起漲/試單。,v266.57.9,5.0,無原分數欄位｜僅顯示結構前置分數,907.0,2.0,D,續強偏弱,回檔不破前低｜低點墊高確認｜扣分:跌破短均,續強品質不足或有假突破壓力，避免追高。,v266.57.9,2.5,0.55,0.5,GENERIC,測試排序分=原分數+結構前置分*策略權重+續強品質*策略權重；不覆蓋原策略,951.0,0.0,D,突破不足,,尚未形成乾淨突破，不急著升級。,v266.57.9,WATCH,0.55,0.35,0.75,4.55,915.0,最後後處理補寫：原分數+結構前置+續強品質+突破品質；不覆蓋原策略,0.0,,一般,3.731,v266.58.1,2026-10-01 01:22:38,出貨疑慮,-2,-10,降級風險,前狀態:出貨疑慮→今日:出貨疑慮,RISK,v266.60.2,0.231,22.0,0.0,0.0,15.0,1.598,920.0,20/40/60結構佳｜主力佈局語意｜風險語意扣分,過熱降權,v266.61,2026-10-01 01:22:44,-4.0,洗盤不破承接｜假突破/出貨風險扣分,無事件,等待下一次確認。,-1.038,917,v266.62,2026-10-01 01:22:46,24.0,0.0,18.0,35.0,-24.09,量能安靜｜洗盤整理不破｜主力吸籌文字確認｜假突破/出貨文字風險,v266.68,2026-10-01 01:22:50,FAKE_BREAKOUT_RISK,假突破/追高風險：避免追價。,WATCH,917
2026-09-30,1540,BUY,80,19.3,50以下,0.01,10000,主力佈局完成,波動壓縮 | 安靜吸籌 | 均線收斂 | 放量吸收 | 接近突破,True,True,False,True,True,True,7.8,B,起漲結構中,接近20日高｜40D平台收斂｜短中均線糾結｜40D低點守住｜量縮後溫和放量｜10D動能轉正,平台壓縮後轉強，可優先觀察起漲/試單。,v266.57.9,7.8,無原分數欄位｜僅顯示結構前置分數,678.0,4.5,C,續強觀察,回檔不破前低｜低點墊高確認｜回檔量縮｜10D動能維持｜扣分:跌破短均,續強品質不足或有假突破壓力，避免追高。,v266.57.9,6.04,0.55,0.5,GENERIC,測試排序分=原分數+結構前置分*策略權重+續強品質*策略權重；不覆蓋原策略,758.0,0.2,D,突破不足,量能較前日放大｜扣分:收盤位置偏弱,尚未形成乾淨突破，不急著升級。,v266.57.9,GENERIC,0.55,0.5,0.5,6.64,767.0,最後後處理補寫：原分數+結構前置+續強品質+突破品質；不覆蓋原策略,0.0,,一般,5.445,v266.58.1,2026-10-01 01:22:38,出貨疑慮,-2,-15,降級風險,前狀態:觀察→今日:出貨疑慮｜狀態降級,RISK,v266.60.2,0.195,22.0,0.0,0.0,15.0,1.682,907.0,20/40/60結構佳｜主力佈局語意｜風險語意扣分,過熱降權,v266.61,2026-10-01 01:22:44,-4.0,洗盤不破承接｜假突破/出貨風險扣分,無事件,等待下一次確認。,-1.064,918,v266.62,2026-10-01 01:22:46,24.0,0.0,18.0,35.0,-24.09,量能安靜｜洗盤整理不破｜主力吸籌文字確認｜假突破/出貨文字風險,v266.68,2026-10-01 01:22:50,FAKE_BREAKOUT_RISK,假突破/追高風險：避免追價。,WATCH,918
2026-09-30,1232,WATCH,54,153.5,100-500,0.0,0,佈局觀察,波動壓縮 | 均線收斂 | 接近突破 | 結構尚可,True,False,False,True,False,True,7.0,B,起漲結構中,接近20日高｜40D平台收斂｜短中均線糾結｜40D低點守住｜接近/站回MA60｜MA60不再下彎｜近5日量縮｜扣分:長上影壓力,平台壓縮後轉強，可優先觀察起漲/試單。,v266.57.9,6.0,無原分數欄位｜僅顯示結構前置分數,828.0,4.0,C,續強觀察,回檔不破前低｜低點墊高確認｜收盤守MA5｜回檔量縮｜扣分:跌破短均、長上影壓力,續強品質不足或有假突破壓力，避免追高。,v266.57.9,5.05,0.55,0.5,GENERIC,測試排序分=原分數+結構前置分*策略權重+續強品質*策略權重；不覆蓋原策略,865.0,-1.0,D,突破不足,量能較前日放大｜扣分:收盤位置偏弱、上影偏長,尚未形成乾淨突破，不急著升級。,v266.57.9,WATCH,0.55,0.35,0.75,4.5,918.0,最後後處理補寫：原分數+結構前置+續強品質+突破品質；不覆蓋原策略,0.0,,一般,3.69,v266.58.1,2026-10-01 01:22:38,出貨疑慮,-2,-10,降級風險,前狀態:出貨疑慮→今日:出貨疑慮,RISK,v266.60.2,0.19,22.0,0.0,0.0,15.0,1.594,921.0,20/40/60結構佳｜主力佈局語意｜風險語意扣分,過熱降權,v266.61,2026-10-01 01:22:44,-4.0,洗盤不破承接｜假突破/出貨風險扣分,無事件,等待下一次確認。,-1.067,919,v266.62,2026-10-01 01:22:46,24.0,0.0,18.0,35.0,-24.09,量能安靜｜洗盤整理不破｜主力吸籌文字確認｜假突破/出貨文字風險,v266.68,2026-10-01 01:22:50,FAKE_BREAKOUT_RISK,假突破/追高風險：避免追價。,WATCH,919
2026-09-30,2439,BUY,80,77.3,50-100,0.01,10000,主力佈局完成,波動壓縮 | 安靜吸籌 | 均線收斂 | 放量吸收 | 接近突破,True,True,False,True,True,True,6.0,B,起漲結構中,接近20日高｜40D平台收斂｜短中均線糾結｜量縮後溫和放量,平台壓縮後轉強，可優先觀察起漲/試單。,v266.57.9,6.0,無原分數欄位｜僅顯示結構前置分數,828.0,2.0,D,續強偏弱,回檔不破前低｜低點墊高確認｜扣分:跌破短均,續強品質不足或有假突破壓力，避免追高。,v266.57.9,3.8,0.55,0.5,GENERIC,測試排序分=原分數+結構前置分*策略權重+續強品質*策略權重；不覆蓋原策略,925.0,0.2,D,突破不足,量能較前日放大｜扣分:收盤位置偏弱,尚未形成乾淨突破，不急著升級。,v266.57.9,GENERIC,0.55,0.5,0.5,4.4,925.0,最後後處理補寫：原分數+結構前置+續強品質+突破品質；不覆蓋原策略,0.0,,一般,3.608,v266.58.1,2026-10-01 01:22:38,出貨疑慮,-2,-10,降級風險,前狀態:出貨疑慮→今日:出貨疑慮,RISK,v266.60.2,0.108,22.0,0.0,0.0,15.0,1.586,922.0,20/40/60結構佳｜主力佈局語意｜風險語意扣分,過熱降權,v266.61,2026-10-01 01:22:44,-4.0,洗盤不破承接｜假突破/出貨風險扣分,無事件,等待下一次確認。,-1.124,920,v266.62,2026-10-01 01:22:46,24.0,0.0,18.0,35.0,-24.09,量能安靜｜洗盤整理不破｜主力吸籌文字確認｜假突破/出貨文字風險,v266.68,2026-10-01 01:22:50,FAKE_BREAKOUT_RISK,假突破/追高風險：避免追價。,WATCH,920
2026-09-30,2881,WATCH,54,151.0,100-500,0.0,0,佈局觀察,波動壓縮 | 均線收斂 | 接近突破 | 結構尚可,True,False,False,True,False,True,10.0,A,起漲結構強,20D站上MA20｜MA20走平翻揚｜接近20日高｜40D平台收斂｜短中均線糾結｜40D低點守住｜接近/站回MA60｜MA60不再下彎｜站回60D區間中上,平台壓縮後轉強，可優先觀察起漲/試單。,v266.57.9,10.0,無原分數欄位｜僅顯示結構前置分數,253.0,4.5,C,續強觀察,回檔不破前低｜低點墊高確認｜回檔量縮｜仍站MA20｜扣分:跌破短均,續強品質不足或有假突破壓力，避免追高。,v266.57.9,7.25,0.55,0.5,GENERIC,測試排序分=原分數+結構前置分*策略權重+續強品質*策略權重；不覆蓋原策略,550.0,-1.0,D,突破不足,扣分:收盤位置偏弱,尚未形成乾淨突破，不急著升級。,v266.57.9,WATCH,0.55,0.35,0.75,6.325,788.0,最後後處理補寫：原分數+結構前置+續強品質+突破品質；不覆蓋原策略,0.0,,一般,5.186,v266.58.1,2026-10-01 01:22:38,出貨疑慮,-2,-15,降級風險,前狀態:突破中→今日:出貨疑慮｜狀態降級,RISK,v266.60.2,-0.064,22.0,0.0,0.0,15.0,1.656,913.0,20/40/60結構佳｜主力佈局語意｜風險語意扣分,過熱降權,v266.61,2026-10-01 01:22:44,-4.0,洗盤不破承接｜假突破/出貨風險扣分,無事件,等待下一次確認。,-1.245,921,v266.62,2026-10-01 01:22:46,24.0,0.0,18.0,35.0,-24.09,量能安靜｜洗盤整理不破｜主力吸籌文字確認｜假突破/出貨文字風險,v266.68,2026-10-01 01:22:50,FAKE_BREAKOUT_RISK,假突破/追高風險：避免追價。,WATCH,921
2026-09-30,1319,WATCH,54,77.9,50-100,0.0,0,佈局觀察,波動壓縮 | 洗盤收回 | 均線收斂 | 結構尚可,True,False,True,True,False,False,9.0,A,起漲結構強,40D平台收斂｜短中均線糾結｜40D低點守住｜接近/站回MA60｜MA60不再下彎｜站回60D區間中上｜量縮後溫和放量,平台壓縮後轉強，可優先觀察起漲/試單。,v266.57.9,9.0,無原分數欄位｜僅顯示結構前置分數,391.0,3.5,C,續強觀察,回檔不破前低｜低點墊高確認｜回檔量縮｜扣分:跌破短均,續強品質不足或有假突破壓力，避免追高。,v266.57.9,6.2,0.55,0.5,GENERIC,測試排序分=原分數+結構前置分*策略權重+續強品質*策略權重；不覆蓋原策略,715.0,0.2,D,突破不足,量能較前日放大｜扣分:收盤位置偏弱,尚未形成乾淨突破，不急著升級。,v266.57.9,WATCH,0.55,0.35,0.75,6.325,788.0,最後後處理補寫：原分數+結構前置+續強品質+突破品質；不覆蓋原策略,0.0,,一般,5.186,v266.58.1,2026-10-01 01:22:38,出貨疑慮,-2,-15,降級風險,前狀態:觀察→今日:出貨疑慮｜狀態降級,RISK,v266.60.2,-0.064,22.0,0.0,0.0,15.0,1.656,913.0,20/40/60結構佳｜主力佈局語意｜風險語意扣分,過熱降權,v266.61,2026-10-01 01:22:44,-4.0,洗盤不破承接｜假突破/出貨風險扣分,無事件,等待下一次確認。,-1.245,922,v266.62,2026-10-01 01:22:46,24.0,0.0,18.0,35.0,-24.09,量能安靜｜洗盤整理不破｜主力吸籌文字確認｜假突破/出貨文字風險,v266.68,2026-10-01 01:22:50,FAKE_BREAKOUT_RISK,假突破/追高風險：避免追價。,WATCH,922
2026-09-30,6024,WATCH,54,60.4,50-100,0.0,0,佈局觀察,波動壓縮 | 均線收斂 | 接近突破 | 結構尚可,True,False,False,True,False,True,7.0,B,起漲結構中,40D平台收斂｜短中均線糾結｜40D低點守住｜接近/站回MA60｜MA60不再下彎｜近5日量縮,平台壓縮後轉強，可優先觀察起漲/試單。,v266.57.9,7.0,無原分數欄位｜僅顯示結構前置分數,710.0,3.5,C,續強觀察,回檔不破前低｜低點墊高確認｜回檔量縮｜扣分:跌破短均,續強品質不足或有假突破壓力，避免追高。,v266.57.9,5.1,0.55,0.5,GENERIC,測試排序分=原分數+結構前置分*策略權重+續強品質*策略權重；不覆蓋原策略,863.0,1.5,D,突破不足,收盤接近高點,尚未形成乾淨突破，不急著升級。,v266.57.9,WATCH,0.55,0.35,0.75,6.2,800.0,最後後處理補寫：原分數+結構前置+續強品質+突破品質；不覆蓋原策略,0.0,,一般,5.084,v266.58.1,2026-10-01 01:22:38,出貨疑慮,-2,-15,降級風險,前狀態:觀察→今日:出貨疑慮｜狀態降級,RISK,v266.60.2,-0.166,22.0,0.0,0.0,15.0,1.646,916.0,20/40/60結構佳｜主力佈局語意｜風險語意扣分,過熱降權,v266.61,2026-10-01 01:22:44,-4.0,洗盤不破承接｜假突破/出貨風險扣分,無事件,等待下一次確認。,-1.316,923,v266.62,2026-10-01 01:22:46,24.0,0.0,18.0,35.0,-24.09,量能安靜｜洗盤整理不破｜主力吸籌文字確認｜假突破/出貨文字風險,v266.68,2026-10-01 01:22:50,FAKE_BREAKOUT_RISK,假突破/追高風險：避免追價。,WATCH,923
2026-09-30,1506,BUY,86,9.53,50以下,0.01,10000,主力佈局完成,波動壓縮 | 安靜吸籌 | 均線收斂 | 放量吸收 | 接近突破 | 結構尚可,True,True,False,True,True,True,5.0,C,結構觀察,40D平台收斂｜短中均線糾結｜量縮後溫和放量,結構證據不足，保留原策略但降低信心。,v266.57.9,5.0,無原分數欄位｜僅顯示結構前置分數,907.0,2.0,D,續強偏弱,回檔不破前低｜低點墊高確認｜扣分:跌破短均,續強品質不足或有假突破壓力，避免追高。,v266.57.9,3.25,0.55,0.5,GENERIC,測試排序分=原分數+結構前置分*策略權重+續強品質*策略權重；不覆蓋原策略,934.0,0.2,D,突破不足,量能較前日放大｜扣分:收盤位置偏弱,尚未形成乾淨突破，不急著升級。,v266.57.9,GENERIC,0.55,0.5,0.5,3.85,933.0,最後後處理補寫：原分數+結構前置+續強品質+突破品質；不覆蓋原策略,0.0,,一般,3.157,v266.58.1,2026-10-01 01:22:38,出貨疑慮,-2,-10,降級風險,前狀態:出貨疑慮→今日:出貨疑慮,RISK,v266.60.2,-0.343,0.0,0.0,0.0,15.0,-6.159,942.0,風險語意扣分,過熱降權,v266.61,2026-10-01 01:22:44,-4.0,洗盤不破承接｜假突破/出貨風險扣分,無事件,等待下一次確認。,-1.44,924,v266.62,2026-10-01 01:22:46,24.0,0.0,18.0,35.0,-24.09,量能安靜｜洗盤整理不破｜主力吸籌文字確認｜假突破/出貨文字風險,v266.68,2026-10-01 01:22:50,FAKE_BREAKOUT_RISK,假突破/追高風險：避免追價。,WATCH,924
2026-09-30,1473,BUY,86,19.25,50以下,0.01,10000,主力佈局完成,波動壓縮 | 安靜吸籌 | 均線收斂 | 放量吸收 | 接近突破 | 結構尚可,True,True,False,True,True,True,6.0,B,起漲結構中,40D平台收斂｜短中均線糾結｜40D低點守住｜接近/站回MA60｜MA60不再下彎,平台壓縮後轉強，可優先觀察起漲/試單。,v266.57.9,4.0,無原分數欄位｜僅顯示結構前置分數,931.0,2.0,D,續強偏弱,回檔不破前低｜低點墊高確認｜扣分:跌破短均,續強品質不足或有假突破壓力，避免追高。,v266.57.9,1.95,0.55,0.5,GENERIC,測試排序分=原分數+結構前置分*策略權重+續強品質*策略權重；不覆蓋原策略,955.0,-1.0,D,突破不足,扣分:收盤位置偏弱,尚未形成乾淨突破，不急著升級。,v266.57.9,GENERIC,0.55,0.5,0.5,3.8,934.0,最後後處理補寫：原分數+結構前置+續強品質+突破品質；不覆蓋原策略,0.0,,一般,3.116,v266.58.1,2026-10-01 01:22:38,出貨疑慮,-2,-10,降級風險,前狀態:出貨疑慮→今日:出貨疑慮,RISK,v266.60.2,-0.384,22.0,0.0,0.0,15.0,1.537,926.0,20/40/60結構佳｜主力佈局語意｜風險語意扣分,過熱降權,v266.61,2026-10-01 01:22:44,-4.0,洗盤不破承接｜假突破/出貨風險扣分,無事件,等待下一次確認。,-1.469,925,v266.62,2026-10-01 01:22:46,24.0,0.0,18.0,35.0,-24.09,量能安靜｜洗盤整理不破｜主力吸籌文字確認｜假突破/出貨文字風險,v266.68,2026-10-01 01:22:50,FAKE_BREAKOUT_RISK,假突破/追高風險：避免追價。,WATCH,925
2026-09-30,5312,WATCH,54,89.9,50-100,0.0,0,佈局觀察,波動壓縮 | 均線收斂 | 接近突破 | 結構尚可,True,False,False,True,False,True,7.0,B,起漲結構中,MA20走平翻揚｜接近20日高｜40D平台收斂｜短中均線糾結｜40D低點守住｜接近/站回MA60｜MA60不再下彎｜扣分:長上影壓力,平台壓縮後轉強，可優先觀察起漲/試單。,v266.57.9,6.0,無原分數欄位｜僅顯示結構前置分數,828.0,4.3,C,續強觀察,回檔不破前低｜低點墊高確認｜收盤守MA5｜回測守MA10｜扣分:長上影壓力,續強品質不足或有假突破壓力，避免追高。,v266.57.9,4.3,0.55,0.5,GENERIC,測試排序分=原分數+結構前置分*策略權重+續強品質*策略權重；不覆蓋原策略,910.0,-2.2,D,突破不足,扣分:收盤位置偏弱、上影偏長,尚未形成乾淨突破，不急著升級。,v266.57.9,WATCH,0.55,0.35,0.75,3.705,937.0,最後後處理補寫：原分數+結構前置+續強品質+突破品質；不覆蓋原策略,0.0,,一般,3.038,v266.58.1,2026-10-01 01:22:38,出貨疑慮,-2,-10,降級風險,前狀態:出貨疑慮→今日:出貨疑慮,RISK,v266.60.2,-0.462,22.0,0.0,0.0,15.0,1.529,928.0,20/40/60結構佳｜主力佈局語意｜風險語意扣分,過熱降權,v266.61,2026-10-01 01:22:44,-4.0,洗盤不破承接｜假突破/出貨風險扣分,無事件,等待下一次確認。,-1.523,926,v266.62,2026-10-01 01:22:46,24.0,0.0,18.0,35.0,-24.09,量能安靜｜洗盤整理不破｜主力吸籌文字確認｜假突破/出貨文字風險,v266.68,2026-10-01 01:22:50,FAKE_BREAKOUT_RISK,假突破/追高風險：避免追價。,WATCH,926
2026-09-30,3491,WATCH,54,1500.0,1000以上,0.0,0,佈局觀察,波動壓縮 | 均線收斂 | 接近突破 | 結構尚可,True,False,False,True,False,True,9.0,A,起漲結構強,20D站上MA20｜MA20走平翻揚｜40D平台收斂｜短中均線糾結｜40D低點守住｜接近/站回MA60｜MA60不再下彎｜站回60D區間中上,平台壓縮後轉強，可優先觀察起漲/試單。,v266.57.9,9.0,無原分數欄位｜僅顯示結構前置分數,391.0,4.5,C,續強觀察,回檔不破前低｜低點墊高確認｜回檔量縮｜仍站MA20｜扣分:跌破短均,續強品質不足或有假突破壓力，避免追高。,v266.57.9,6.7,0.55,0.5,GENERIC,測試排序分=原分數+結構前置分*策略權重+續強品質*策略權重；不覆蓋原策略,643.0,-1.0,D,突破不足,扣分:收盤位置偏弱,尚未形成乾淨突破，不急著升級。,v266.57.9,WATCH,0.55,0.35,0.75,5.775,834.0,最後後處理補寫：原分數+結構前置+續強品質+突破品質；不覆蓋原策略,0.0,,一般,4.736,v266.58.1,2026-10-01 01:22:38,出貨疑慮,-2,-15,降級風險,前狀態:突破中→今日:出貨疑慮｜狀態降級,RISK,v266.60.2,-0.514,22.0,0.0,0.0,15.0,1.611,918.0,20/40/60結構佳｜主力佈局語意｜風險語意扣分,過熱降權,v266.61,2026-10-01 01:22:44,-4.0,洗盤不破承接｜假突破/出貨風險扣分,無事件,等待下一次確認。,-1.56,927,v266.62,2026-10-01 01:22:46,24.0,0.0,18.0,35.0,-24.09,量能安靜｜洗盤整理不破｜主力吸籌文字確認｜假突破/出貨文字風險,v266.68,2026-10-01 01:22:50,FAKE_BREAKOUT_RISK,假突破/追高風險：避免追價。,WATCH,927
2026-09-30,1438,TEST,68,21.15,50以下,0.005,5000,佈局高機率,安靜吸籌 | 洗盤收回 | 均線收斂 | 放量吸收 | 結構尚可,False,True,True,True,True,False,3.0,D,結構偏弱,40D平台收斂｜短中均線糾結,結構證據不足，保留原策略但降低信心。,v266.57.9,3.0,無原分數欄位｜僅顯示結構前置分數,952.0,2.0,D,續強偏弱,回檔不破前低｜低點墊高確認｜扣分:跌破短均,續強品質不足或有假突破壓力，避免追高。,v266.57.9,2.15,0.55,0.5,GENERIC,測試排序分=原分數+結構前置分*策略權重+續強品質*策略權重；不覆蓋原策略,953.0,0.2,D,突破不足,量能較前日放大｜扣分:收盤位置偏弱,尚未形成乾淨突破，不急著升級。,v266.57.9,TEST,0.8,0.5,0.9,3.58,938.0,最後後處理補寫：原分數+結構前置+續強品質+突破品質；不覆蓋原策略,0.0,,一般,2.936,v266.58.1,2026-10-01 01:22:38,出貨疑慮,-2,-10,降級風險,前狀態:出貨疑慮→今日:出貨疑慮,RISK,v266.60.2,-0.564,0.0,0.0,0.0,15.0,-6.181,943.0,風險語意扣分,過熱降權,v266.61,2026-10-01 01:22:44,-4.0,洗盤不破承接｜假突破/出貨風險扣分,無事件,等待下一次確認。,-1.595,928,v266.62,2026-10-01 01:22:46,24.0,0.0,18.0,35.0,-24.09,量能安靜｜洗盤整理不破｜主力吸籌文字確認｜假突破/出貨文字風險,v266.68,2026-10-01 01:22:50,FAKE_BREAKOUT_RISK,假突破/追高風險：避免追價。,WATCH,928
2026-09-30,1531,WATCH,54,11.65,50以下,0.0,0,佈局觀察,波動壓縮 | 均線收斂 | 接近突破 | 結構尚可,True,False,False,True,False,True,4.8,C,結構觀察,MA5站上MA10｜40D平台收斂｜短中均線糾結｜40D低點守住｜10D動能轉正｜扣分:長上影壓力,有過熱或假突破壓力，避免追高。,v266.57.9,3.8,無原分數欄位｜僅顯示結構前置分數,949.0,5.3,B,續強品質中,回檔不破前低｜低點墊高確認｜收盤守MA5｜回測守MA10｜MA5仍在MA10上｜10D動能維持｜扣分:回檔量放大、長上影壓力,回檔承接尚可，若原策略入選，可優先觀察延續。,v266.57.9,3.59,0.55,0.5,GENERIC,測試排序分=原分數+結構前置分*策略權重+續強品質*策略權重；不覆蓋原策略,932.0,-1.4,D,突破不足,短均多頭｜扣分:收盤位置偏弱、上影偏長,尚未形成乾淨突破，不急著升級。,v266.57.9,WATCH,0.55,0.35,0.75,3.445,940.0,最後後處理補寫：原分數+結構前置+續強品質+突破品質；不覆蓋原策略,0.0,,一般,2.825,v266.58.1,2026-10-01 01:22:38,出貨疑慮,-2,-10,降級風險,前狀態:出貨疑慮→今日:出貨疑慮,RISK,v266.60.2,-0.675,8.0,0.0,0.0,15.0,-3.392,938.0,續強品質佳｜風險語意扣分,過熱降權,v266.61,2026-10-01 01:22:44,-4.0,洗盤不破承接｜假突破/出貨風險扣分,無事件,等待下一次確認。,-1.672,929,v266.62,2026-10-01 01:22:46,24.0,0.0,18.0,35.0,-24.09,量能安靜｜洗盤整理不破｜主力吸籌文字確認｜假突破/出貨文字風險,v266.68,2026-10-01 01:22:50,FAKE_BREAKOUT_RISK,假突破/追高風險：避免追價。,WATCH,929
2026-09-30,6923,WATCH,54,75.2,50-100,0.0,0,佈局觀察,波動壓縮 | 均線收斂 | 接近突破 | 結構尚可,True,False,False,True,False,True,6.0,B,起漲結構中,40D平台收斂｜短中均線糾結｜40D低點守住｜接近/站回MA60｜MA60不再下彎,平台壓縮後轉強，可優先觀察起漲/試單。,v266.57.9,6.0,無原分數欄位｜僅顯示結構前置分數,828.0,2.0,D,續強偏弱,回檔不破前低｜低點墊高確認｜扣分:跌破短均,續強品質不足或有假突破壓力，避免追高。,v266.57.9,3.8,0.55,0.5,GENERIC,測試排序分=原分數+結構前置分*策略權重+續強品質*策略權重；不覆蓋原策略,925.0,-1.0,D,突破不足,扣分:收盤位置偏弱,尚未形成乾淨突破，不急著升級。,v266.57.9,WATCH,0.55,0.35,0.75,3.25,941.0,最後後處理補寫：原分數+結構前置+續強品質+突破品質；不覆蓋原策略,0.0,,一般,2.665,v266.58.1,2026-10-01 01:22:38,出貨疑慮,-2,-10,降級風險,前狀態:出貨疑慮→今日:出貨疑慮,RISK,v266.60.2,-0.835,22.0,0.0,0.0,15.0,1.491,933.0,20/40/60結構佳｜主力佈局語意｜風險語意扣分,過熱降權,v266.61,2026-10-01 01:22:44,-4.0,洗盤不破承接｜假突破/出貨風險扣分,無事件,等待下一次確認。,-1.784,930,v266.62,2026-10-01 01:22:46,24.0,0.0,18.0,35.0,-24.09,量能安靜｜洗盤整理不破｜主力吸籌文字確認｜假突破/出貨文字風險,v266.68,2026-10-01 01:22:50,FAKE_BREAKOUT_RISK,假突破/追高風險：避免追價。,WATCH,930
2026-09-30,2633,WATCH,54,25.65,50以下,0.0,0,佈局觀察,波動壓縮 | 均線收斂 | 接近突破 | 結構尚可,True,False,False,True,False,True,6.0,B,起漲結構中,接近20日高｜40D平台收斂｜短中均線糾結｜40D低點守住｜接近/站回MA60｜MA60不再下彎｜扣分:長上影壓力,平台壓縮後轉強，可優先觀察起漲/試單。,v266.57.9,5.0,無原分數欄位｜僅顯示結構前置分數,907.0,4.5,C,續強觀察,回檔不破前低｜低點墊高確認｜收盤守MA5｜續強確認：收盤未跌破MA5｜扣分:長上影壓力,續強品質不足或有假突破壓力，避免追高。,v266.57.9,3.75,0.55,0.5,GENERIC,測試排序分=原分數+結構前置分*策略權重+續強品質*策略權重；不覆蓋原策略,929.0,-2.2,D,突破不足,扣分:收盤位置偏弱、上影偏長,尚未形成乾淨突破，不急著升級。,v266.57.9,WATCH,0.55,0.35,0.75,3.225,942.0,最後後處理補寫：原分數+結構前置+續強品質+突破品質；不覆蓋原策略,0.0,,一般,2.644,v266.58.1,2026-10-01 01:22:38,出貨疑慮,-2,-10,降級風險,前狀態:出貨疑慮→今日:出貨疑慮,RISK,v266.60.2,-0.856,22.0,0.0,0.0,15.0,1.489,934.0,20/40/60結構佳｜主力佈局語意｜風險語意扣分,過熱降權,v266.61,2026-10-01 01:22:44,-4.0,洗盤不破承接｜假突破/出貨風險扣分,無事件,等待下一次確認。,-1.799,931,v266.62,2026-10-01 01:22:46,24.0,0.0,18.0,35.0,-24.09,量能安靜｜洗盤整理不破｜主力吸籌文字確認｜假突破/出貨文字風險,v266.68,2026-10-01 01:22:50,FAKE_BREAKOUT_RISK,假突破/追高風險：避免追價。,WATCH,931
2026-09-30,2832,WATCH,54,56.9,50-100,0.0,0,佈局觀察,波動壓縮 | 均線收斂 | 接近突破 | 結構尚可,True,False,False,True,False,True,7.8,B,起漲結構中,40D平台收斂｜短中均線糾結｜40D低點守住｜接近/站回MA60｜MA60不再下彎｜近5日量縮｜10D動能轉正,平台壓縮後轉強，可優先觀察起漲/試單。,v266.57.9,7.8,無原分數欄位｜僅顯示結構前置分數,678.0,4.5,C,續強觀察,回檔不破前低｜低點墊高確認｜回檔量縮｜10D動能維持｜扣分:跌破短均,續強品質不足或有假突破壓力，避免追高。,v266.57.9,6.04,0.55,0.5,GENERIC,測試排序分=原分數+結構前置分*策略權重+續強品質*策略權重；不覆蓋原策略,758.0,-1.0,D,突破不足,扣分:收盤位置偏弱,尚未形成乾淨突破，不急著升級。,v266.57.9,WATCH,0.55,0.35,0.75,5.115,881.0,最後後處理補寫：原分數+結構前置+續強品質+突破品質；不覆蓋原策略,0.0,,一般,4.194,v266.58.1,2026-10-01 01:22:38,出貨疑慮,-2,-15,降級風險,前狀態:觀察→今日:出貨疑慮｜狀態降級,RISK,v266.60.2,-1.056,22.0,0.0,0.0,15.0,1.557,924.0,20/40/60結構佳｜主力佈局語意｜風險語意扣分,過熱降權,v266.61,2026-10-01 01:22:44,-4.0,洗盤不破承接｜假突破/出貨風險扣分,無事件,等待下一次確認。,-1.939,932,v266.62,2026-10-01 01:22:46,24.0,0.0,18.0,35.0,-24.09,量能安靜｜洗盤整理不破｜主力吸籌文字確認｜假突破/出貨文字風險,v266.68,2026-10-01 01:22:50,FAKE_BREAKOUT_RISK,假突破/追高風險：避免追價。,WATCH,932
2026-09-30,1460,BUY,80,6.26,50以下,0.01,10000,主力佈局完成,波動壓縮 | 安靜吸籌 | 均線收斂 | 放量吸收 | 接近突破,True,True,False,True,True,True,4.0,C,結構觀察,40D平台收斂｜短中均線糾結｜量縮後溫和放量｜扣分:長上影壓力,有過熱或假突破壓力，避免追高。,v266.57.9,3.0,無原分數欄位｜僅顯示結構前置分數,952.0,2.5,D,續強偏弱,回檔不破前低｜低點墊高確認｜收盤守MA5｜扣分:跌破短均、長上影壓力,續強品質不足或有假突破壓力，避免追高。,v266.57.9,2.65,0.55,0.5,GENERIC,測試排序分=原分數+結構前置分*策略權重+續強品質*策略權重；不覆蓋原策略,949.0,-1.0,D,突破不足,量能較前日放大｜扣分:收盤位置偏弱、上影偏長,尚未形成乾淨突破，不急著升級。,v266.57.9,GENERIC,0.55,0.5,0.5,2.95,944.0,最後後處理補寫：原分數+結構前置+續強品質+突破品質；不覆蓋原策略,0.0,,一般,2.419,v266.58.1,2026-10-01 01:22:38,出貨疑慮,-2,-10,降級風險,前狀態:出貨疑慮→今日:出貨疑慮,RISK,v266.60.2,-1.081,0.0,0.0,0.0,15.0,-6.233,945.0,風險語意扣分,過熱降權,v266.61,2026-10-01 01:22:44,-4.0,洗盤不破承接｜假突破/出貨風險扣分,無事件,等待下一次確認。,-1.957,933,v266.62,2026-10-01 01:22:46,24.0,0.0,18.0,35.0,-24.09,量能安靜｜洗盤整理不破｜主力吸籌文字確認｜假突破/出貨文字風險,v266.68,2026-10-01 01:22:50,FAKE_BREAKOUT_RISK,假突破/追高風險：避免追價。,WATCH,933
2026-09-30,3043,WATCH,54,20.35,50以下,0.0,0,佈局觀察,波動壓縮 | 均線收斂 | 接近突破 | 結構尚可,True,False,False,True,False,True,6.8,B,起漲結構中,MA5站上MA10｜40D平台收斂｜短中均線糾結｜40D低點守住｜接近/站回MA60｜10D動能轉正,平台壓縮後轉強，可優先觀察起漲/試單。,v266.57.9,6.8,無原分數欄位｜僅顯示結構前置分數,813.0,4.2,C,續強觀察,回檔不破前低｜低點墊高確認｜MA5仍在MA10上｜10D動能維持｜扣分:跌破短均,續強品質不足或有假突破壓力，避免追高。,v266.57.9,5.34,0.55,0.5,GENERIC,測試排序分=原分數+結構前置分*策略權重+續強品質*策略權重；不覆蓋原策略,855.0,-0.2,D,突破不足,短均多頭｜扣分:收盤位置偏弱,尚未形成乾淨突破，不急著升級。,v266.57.9,WATCH,0.55,0.35,0.75,5.06,884.0,最後後處理補寫：原分數+結構前置+續強品質+突破品質；不覆蓋原策略,0.0,,一般,4.149,v266.58.1,2026-10-01 01:22:38,出貨疑慮,-2,-15,降級風險,前狀態:觀察→今日:出貨疑慮｜狀態降級,RISK,v266.60.2,-1.101,22.0,0.0,0.0,15.0,1.552,925.0,20/40/60結構佳｜主力佈局語意｜風險語意扣分,過熱降權,v266.61,2026-10-01 01:22:44,-4.0,洗盤不破承接｜假突破/出貨風險扣分,無事件,等待下一次確認。,-1.971,934,v266.62,2026-10-01 01:22:46,24.0,0.0,18.0,35.0,-24.09,量能安靜｜洗盤整理不破｜主力吸籌文字確認｜假突破/出貨文字風險,v266.68,2026-10-01 01:22:50,FAKE_BREAKOUT_RISK,假突破/追高風險：避免追價。,WATCH,934
2026-09-30,6417,WATCH,54,102.0,100-500,0.0,0,佈局觀察,波動壓縮 | 均線收斂 | 接近突破 | 結構尚可,True,False,False,True,False,True,5.0,C,結構觀察,MA20走平翻揚｜40D平台收斂｜短中均線糾結｜40D低點守住｜接近/站回MA60｜扣分:長上影壓力,有過熱或假突破壓力，避免追高。,v266.57.9,4.0,無原分數欄位｜僅顯示結構前置分數,931.0,4.5,C,續強觀察,回檔不破前低｜低點墊高確認｜收盤守MA5｜續強確認：收盤未跌破MA5｜扣分:長上影壓力,續強品質不足或有假突破壓力，避免追高。,v266.57.9,3.2,0.55,0.5,GENERIC,測試排序分=原分數+結構前置分*策略權重+續強品質*策略權重；不覆蓋原策略,938.0,-2.2,D,突破不足,扣分:收盤位置偏弱、上影偏長,尚未形成乾淨突破，不急著升級。,v266.57.9,WATCH,0.55,0.35,0.75,2.675,946.0,最後後處理補寫：原分數+結構前置+續強品質+突破品質；不覆蓋原策略,0.0,,一般,2.194,v266.58.1,2026-10-01 01:22:38,出貨疑慮,-2,-10,降級風險,前狀態:出貨疑慮→今日:出貨疑慮,RISK,v266.60.2,-1.306,0.0,0.0,0.0,15.0,-6.256,946.0,風險語意扣分,過熱降權,v266.61,2026-10-01 01:22:44,-4.0,洗盤不破承接｜假突破/出貨風險扣分,無事件,等待下一次確認。,-2.114,935,v266.62,2026-10-01 01:22:46,24.0,0.0,18.0,35.0,-24.09,量能安靜｜洗盤整理不破｜主力吸籌文字確認｜假突破/出貨文字風險,v266.68,2026-10-01 01:22:50,FAKE_BREAKOUT_RISK,假突破/追高風險：避免追價。,WATCH,935
2026-09-30,1446,BUY,80,13.4,50以下,0.01,10000,主力佈局完成,波動壓縮 | 安靜吸籌 | 均線收斂 | 放量吸收 | 接近突破,True,True,False,True,True,True,7.8,B,起漲結構中,接近20日高｜40D平台收斂｜短中均線糾結｜40D低點守住｜接近/站回MA60｜量縮後溫和放量｜10D動能轉正｜扣分:長上影壓力,平台壓縮後轉強，可優先觀察起漲/試單。,v266.57.9,6.8,無原分數欄位｜僅顯示結構前置分數,813.0,2.0,D,續強偏弱,回檔不破前低｜低點墊高確認｜10D動能維持｜扣分:跌破短均、長上影壓力,續強品質不足或有假突破壓力，避免追高。,v266.57.9,3.99,0.55,0.5,GENERIC,測試排序分=原分數+結構前置分*策略權重+續強品質*策略權重；不覆蓋原策略,919.0,-1.0,D,突破不足,量能較前日放大｜扣分:收盤位置偏弱、上影偏長,尚未形成乾淨突破，不急著升級。,v266.57.9,GENERIC,0.55,0.5,0.5,4.79,902.0,最後後處理補寫：原分數+結構前置+續強品質+突破品質；不覆蓋原策略,0.0,,一般,3.928,v266.58.1,2026-10-01 01:22:38,出貨疑慮,-2,-15,降級風險,前狀態:觀察→今日:出貨疑慮｜狀態降級,RISK,v266.60.2,-1.322,22.0,0.0,0.0,15.0,1.53,927.0,20/40/60結構佳｜主力佈局語意｜風險語意扣分,過熱降權,v266.61,2026-10-01 01:22:44,-4.0,洗盤不破承接｜假突破/出貨風險扣分,無事件,等待下一次確認。,-2.125,936,v266.62,2026-10-01 01:22:46,24.0,0.0,18.0,35.0,-24.09,量能安靜｜洗盤整理不破｜主力吸籌文字確認｜假突破/出貨文字風險,v266.68,2026-10-01 01:22:50,FAKE_BREAKOUT_RISK,假突破/追高風險：避免追價。,WATCH,936
2026-09-30,2548,WATCH,54,91.6,50-100,0.0,0,佈局觀察,安靜吸籌 | 均線收斂 | 放量吸收 | 結構尚可,False,True,False,True,True,False,6.0,B,起漲結構中,40D平台收斂｜短中均線糾結｜40D低點守住｜量縮後溫和放量,平台壓縮後轉強，可優先觀察起漲/試單。,v266.57.9,6.0,無原分數欄位｜僅顯示結構前置分數,828.0,3.5,C,續強觀察,回檔不破前低｜低點墊高確認｜回檔量縮｜扣分:跌破短均,續強品質不足或有假突破壓力，避免追高。,v266.57.9,4.55,0.55,0.5,GENERIC,測試排序分=原分數+結構前置分*策略權重+續強品質*策略權重；不覆蓋原策略,896.0,0.2,D,突破不足,量能較前日放大｜扣分:收盤位置偏弱,尚未形成乾淨突破，不急著升級。,v266.57.9,WATCH,0.55,0.35,0.75,4.675,905.0,最後後處理補寫：原分數+結構前置+續強品質+突破品質；不覆蓋原策略,0.0,,一般,3.833,v266.58.1,2026-10-01 01:22:38,出貨疑慮,-2,-15,降級風險,前狀態:觀察→今日:出貨疑慮｜狀態降級,RISK,v266.60.2,-1.417,22.0,0.0,0.0,15.0,1.521,929.0,20/40/60結構佳｜主力佈局語意｜風險語意扣分,過熱降權,v266.61,2026-10-01 01:22:44,-4.0,洗盤不破承接｜假突破/出貨風險扣分,無事件,等待下一次確認。,-2.192,937,v266.62,2026-10-01 01:22:46,24.0,0.0,18.0,35.0,-24.09,量能安靜｜洗盤整理不破｜主力吸籌文字確認｜假突破/出貨文字風險,v266.68,2026-10-01 01:22:50,FAKE_BREAKOUT_RISK,假突破/追高風險：避免追價。,WATCH,937
2026-09-30,6671,WATCH,54,22.7,50以下,0.0,0,佈局觀察,波動壓縮 | 均線收斂 | 接近突破 | 結構尚可,True,False,False,True,False,True,7.8,B,起漲結構中,接近20日高｜40D平台收斂｜短中均線糾結｜40D低點守住｜接近/站回MA60｜近5日量縮｜10D動能轉正,平台壓縮後轉強，可優先觀察起漲/試單。,v266.57.9,7.8,無原分數欄位｜僅顯示結構前置分數,678.0,3.0,C,續強觀察,回檔不破前低｜低點墊高確認｜10D動能維持｜扣分:跌破短均,續強品質不足或有假突破壓力，避免追高。,v266.57.9,5.29,0.55,0.5,GENERIC,測試排序分=原分數+結構前置分*策略權重+續強品質*策略權重；不覆蓋原策略,856.0,-1.0,D,突破不足,扣分:收盤位置偏弱,尚未形成乾淨突破，不急著升級。,v266.57.9,WATCH,0.55,0.35,0.75,4.59,914.0,最後後處理補寫：原分數+結構前置+續強品質+突破品質；不覆蓋原策略,0.0,,一般,3.764,v266.58.1,2026-10-01 01:22:38,出貨疑慮,-2,-15,降級風險,前狀態:觀察→今日:出貨疑慮｜狀態降級,RISK,v266.60.2,-1.486,22.0,0.0,0.0,15.0,1.514,930.0,20/40/60結構佳｜主力佈局語意｜風險語意扣分,過熱降權,v266.61,2026-10-01 01:22:44,-4.0,洗盤不破承接｜假突破/出貨風險扣分,無事件,等待下一次確認。,-2.24,938,v266.62,2026-10-01 01:22:46,24.0,0.0,18.0,35.0,-24.09,量能安靜｜洗盤整理不破｜主力吸籌文字確認｜假突破/出貨文字風險,v266.68,2026-10-01 01:22:50,FAKE_BREAKOUT_RISK,假突破/追高風險：避免追價。,WATCH,938
2026-09-30,2890,WATCH,54,44.25,50以下,0.0,0,佈局觀察,波動壓縮 | 均線收斂 | 接近突破 | 結構尚可,True,False,False,True,False,True,9.0,A,起漲結構強,20D站上MA20｜MA20走平翻揚｜40D平台收斂｜短中均線糾結｜40D低點守住｜接近/站回MA60｜MA60不再下彎｜站回60D區間中上｜近5日量縮｜扣分:長上影壓力,平台壓縮後轉強，可優先觀察起漲/試單。,v266.57.9,8.0,無原分數欄位｜僅顯示結構前置分數,556.0,3.5,C,續強觀察,回檔不破前低｜低點墊高確認｜回檔量縮｜仍站MA20｜扣分:跌破短均、長上影壓力,續強品質不足或有假突破壓力，避免追高。,v266.57.9,5.4,0.55,0.5,GENERIC,測試排序分=原分數+結構前置分*策略權重+續強品質*策略權重；不覆蓋原策略,840.0,-2.2,D,突破不足,扣分:收盤位置偏弱、上影偏長,尚未形成乾淨突破，不急著升級。,v266.57.9,WATCH,0.55,0.35,0.75,4.525,917.0,最後後處理補寫：原分數+結構前置+續強品質+突破品質；不覆蓋原策略,0.0,,一般,3.71,v266.58.1,2026-10-01 01:22:38,出貨疑慮,-2,-15,降級風險,前狀態:突破中→今日:出貨疑慮｜狀態降級,RISK,v266.60.2,-1.54,22.0,0.0,0.0,15.0,1.508,931.0,20/40/60結構佳｜主力佈局語意｜風險語意扣分,過熱降權,v266.61,2026-10-01 01:22:44,-4.0,洗盤不破承接｜假突破/出貨風險扣分,無事件,等待下一次確認。,-2.278,939,v266.62,2026-10-01 01:22:46,24.0,0.0,18.0,35.0,-24.09,量能安靜｜洗盤整理不破｜主力吸籌文字確認｜假突破/出貨文字風險,v266.68,2026-10-01 01:22:50,FAKE_BREAKOUT_RISK,假突破/追高風險：避免追價。,WATCH,939
2026-09-30,6988,WATCH,62,11.7,50以下,0.0,0,佈局觀察,安靜吸籌 | 洗盤收回 | 均線收斂 | 放量吸收,False,True,True,True,True,False,3.5,D,結構偏弱,MA20走平翻揚｜40D平台收斂｜短中均線糾結｜40D低點守住｜扣分:單日爆量偏高,有過熱或假突破壓力，避免追高。,v266.57.9,3.5,無原分數欄位｜僅顯示結構前置分數,950.0,1.3,D,續強偏弱,回檔不破前低｜收盤守MA5｜扣分:跌破短均、回檔量放大,續強品質不足或有假突破壓力，避免追高。,v266.57.9,3.075,0.55,0.5,GENERIC,測試排序分=原分數+結構前置分*策略權重+續強品質*策略權重；不覆蓋原策略,946.0,2.7,C,突破觀察,紅K實體放大｜量能較前日放大,有轉強跡象，但突破品質尚未完全成立。,v266.57.9,WATCH,0.55,0.35,0.75,4.405,921.0,最後後處理補寫：原分數+結構前置+續強品質+突破品質；不覆蓋原策略,0.0,,一般,3.612,v266.58.1,2026-10-01 01:22:38,出貨疑慮,-2,-15,降級風險,前狀態:觀察→今日:出貨疑慮｜狀態降級,RISK,v266.60.2,-1.638,0.0,0.0,0.0,15.0,-6.201,944.0,風險語意扣分,過熱降權,v266.61,2026-10-01 01:22:44,-4.0,洗盤不破承接｜假突破/出貨風險扣分,無事件,等待下一次確認。,-2.347,940,v266.62,2026-10-01 01:22:46,24.0,0.0,18.0,35.0,-24.09,量能安靜｜洗盤整理不破｜主力吸籌文字確認｜假突破/出貨文字風險,v266.68,2026-10-01 01:22:50,FAKE_BREAKOUT_RISK,假突破/追高風險：避免追價。,WATCH,940
2026-09-30,8464,WATCH,54,366.5,100-500,0.0,0,佈局觀察,波動壓縮 | 均線收斂 | 接近突破 | 結構尚可,True,False,False,True,False,True,7.0,B,起漲結構中,MA20走平翻揚｜40D平台收斂｜短中均線糾結｜40D低點守住｜接近/站回MA60｜MA60不再下彎,平台壓縮後轉強，可優先觀察起漲/試單。,v266.57.9,7.0,無原分數欄位｜僅顯示結構前置分數,710.0,3.5,C,續強觀察,回檔不破前低｜低點墊高確認｜回檔量縮｜扣分:跌破短均,續強品質不足或有假突破壓力，避免追高。,v266.57.9,5.1,0.55,0.5,GENERIC,測試排序分=原分數+結構前置分*策略權重+續強品質*策略權重；不覆蓋原策略,863.0,-1.0,D,突破不足,扣分:收盤位置偏弱,尚未形成乾淨突破，不急著升級。,v266.57.9,WATCH,0.55,0.35,0.75,4.325,927.0,最後後處理補寫：原分數+結構前置+續強品質+突破品質；不覆蓋原策略,0.0,,一般,3.546,v266.58.1,2026-10-01 01:22:38,出貨疑慮,-2,-15,降級風險,前狀態:觀察→今日:出貨疑慮｜狀態降級,RISK,v266.60.2,-1.704,22.0,0.0,0.0,15.0,1.492,932.0,20/40/60結構佳｜主力佈局語意｜風險語意扣分,過熱降權,v266.61,2026-10-01 01:22:44,-4.0,洗盤不破承接｜假突破/出貨風險扣分,無事件,等待下一次確認。,-2.393,941,v266.62,2026-10-01 01:22:46,24.0,0.0,18.0,35.0,-24.09,量能安靜｜洗盤整理不破｜主力吸籌文字確認｜假突破/出貨文字風險,v266.68,2026-10-01 01:22:50,FAKE_BREAKOUT_RISK,假突破/追高風險：避免追價。,WATCH,941
2026-09-30,3687,WATCH,54,60.3,50-100,0.0,0,佈局觀察,波動壓縮 | 均線收斂 | 接近突破 | 結構尚可,True,False,False,True,False,True,4.0,C,結構觀察,40D平台收斂｜短中均線糾結｜40D低點守住｜接近/站回MA60｜扣分:長上影壓力,有過熱或假突破壓力，避免追高。,v266.57.9,3.0,無原分數欄位｜僅顯示結構前置分數,952.0,4.5,C,續強觀察,回檔不破前低｜低點墊高確認｜收盤守MA5｜續強確認：收盤未跌破MA5｜扣分:長上影壓力,續強品質不足或有假突破壓力，避免追高。,v266.57.9,2.65,0.55,0.5,GENERIC,測試排序分=原分數+結構前置分*策略權重+續強品質*策略權重；不覆蓋原策略,949.0,-2.2,D,突破不足,扣分:收盤位置偏弱、上影偏長,尚未形成乾淨突破，不急著升級。,v266.57.9,WATCH,0.55,0.35,0.75,2.125,950.0,最後後處理補寫：原分數+結構前置+續強品質+突破品質；不覆蓋原策略,0.0,,一般,1.742,v266.58.1,2026-10-01 01:22:38,出貨疑慮,-2,-10,降級風險,前狀態:出貨疑慮→今日:出貨疑慮,RISK,v266.60.2,-1.758,0.0,0.0,0.0,15.0,-6.301,948.0,風險語意扣分,過熱降權,v266.61,2026-10-01 01:22:44,-4.0,洗盤不破承接｜假突破/出貨風險扣分,無事件,等待下一次確認。,-2.431,942,v266.62,2026-10-01 01:22:46,24.0,0.0,18.0,35.0,-24.09,量能安靜｜洗盤整理不破｜主力吸籌文字確認｜假突破/出貨文字風險,v266.68,2026-10-01 01:22:50,FAKE_BREAKOUT_RISK,假突破/追高風險：避免追價。,WATCH,942
2026-09-30,2230,WATCH,54,21.8,50以下,0.0,0,佈局觀察,波動壓縮 | 均線收斂 | 接近突破 | 結構尚可,True,False,False,True,False,True,7.0,B,起漲結構中,MA20走平翻揚｜MA5站上MA10｜接近20日高｜40D平台收斂｜短中均線糾結｜40D低點守住｜接近/站回MA60｜扣分:長上影壓力,平台壓縮後轉強，可優先觀察起漲/試單。,v266.57.9,6.0,無原分數欄位｜僅顯示結構前置分數,828.0,4.0,C,續強觀察,回檔不破前低｜低點墊高確認｜回測守MA10｜MA5仍在MA10上｜扣分:長上影壓力,續強品質不足或有假突破壓力，避免追高。,v266.57.9,4.55,0.55,0.5,GENERIC,測試排序分=原分數+結構前置分*策略權重+續強品質*策略權重；不覆蓋原策略,896.0,-1.4,D,突破不足,短均多頭｜扣分:收盤位置偏弱、上影偏長,尚未形成乾淨突破，不急著升級。,v266.57.9,WATCH,0.55,0.35,0.75,4.2,929.0,最後後處理補寫：原分數+結構前置+續強品質+突破品質；不覆蓋原策略,0.0,,一般,3.444,v266.58.1,2026-10-01 01:22:38,出貨疑慮,-2,-15,降級風險,前狀態:觀察→今日:出貨疑慮｜狀態降級,RISK,v266.60.2,-1.806,22.0,0.0,0.0,15.0,1.482,935.0,20/40/60結構佳｜主力佈局語意｜風險語意扣分,過熱降權,v266.61,2026-10-01 01:22:44,-4.0,洗盤不破承接｜假突破/出貨風險扣分,無事件,等待下一次確認。,-2.464,943,v266.62,2026-10-01 01:22:46,24.0,0.0,18.0,35.0,-24.09,量能安靜｜洗盤整理不破｜主力吸籌文字確認｜假突破/出貨文字風險,v266.68,2026-10-01 01:22:50,FAKE_BREAKOUT_RISK,假突破/追高風險：避免追價。,WATCH,943
2026-09-30,4558,WATCH,54,16.95,50以下,0.0,0,佈局觀察,波動壓縮 | 均線收斂 | 接近突破 | 結構尚可,True,False,False,True,False,True,5.0,C,結構觀察,MA20走平翻揚｜40D平台收斂｜短中均線糾結｜40D低點守住｜接近/站回MA60｜扣分:長上影壓力,有過熱或假突破壓力，避免追高。,v266.57.9,4.0,無原分數欄位｜僅顯示結構前置分數,931.0,2.5,D,續強偏弱,回檔不破前低｜低點墊高確認｜收盤守MA5｜扣分:跌破短均、長上影壓力,續強品質不足或有假突破壓力，避免追高。,v266.57.9,3.2,0.55,0.5,GENERIC,測試排序分=原分數+結構前置分*策略權重+續強品質*策略權重；不覆蓋原策略,938.0,-2.2,D,突破不足,扣分:收盤位置偏弱、上影偏長,尚未形成乾淨突破，不急著升級。,v266.57.9,WATCH,0.55,0.35,0.75,1.975,951.0,最後後處理補寫：原分數+結構前置+續強品質+突破品質；不覆蓋原策略,0.0,,一般,1.62,v266.58.1,2026-10-01 01:22:38,出貨疑慮,-2,-10,降級風險,前狀態:出貨疑慮→今日:出貨疑慮,RISK,v266.60.2,-1.88,0.0,0.0,0.0,15.0,-6.313,949.0,風險語意扣分,過熱降權,v266.61,2026-10-01 01:22:44,-4.0,洗盤不破承接｜假突破/出貨風險扣分,無事件,等待下一次確認。,-2.516,944,v266.62,2026-10-01 01:22:46,24.0,0.0,18.0,35.0,-24.09,量能安靜｜洗盤整理不破｜主力吸籌文字確認｜假突破/出貨文字風險,v266.68,2026-10-01 01:22:50,FAKE_BREAKOUT_RISK,假突破/追高風險：避免追價。,WATCH,944
2026-09-30,4911,WATCH,54,28.2,50以下,0.0,0,佈局觀察,波動壓縮 | 均線收斂 | 接近突破 | 結構尚可,True,False,False,True,False,True,5.0,C,結構觀察,MA20走平翻揚｜40D平台收斂｜短中均線糾結｜40D低點守住｜接近/站回MA60｜扣分:長上影壓力,有過熱或假突破壓力，避免追高。,v266.57.9,4.0,無原分數欄位｜僅顯示結構前置分數,931.0,2.5,D,續強偏弱,回檔不破前低｜低點墊高確認｜收盤守MA5｜扣分:跌破短均、長上影壓力,續強品質不足或有假突破壓力，避免追高。,v266.57.9,3.2,0.55,0.5,GENERIC,測試排序分=原分數+結構前置分*策略權重+續強品質*策略權重；不覆蓋原策略,938.0,-2.2,D,突破不足,扣分:收盤位置偏弱、上影偏長,尚未形成乾淨突破，不急著升級。,v266.57.9,WATCH,0.55,0.35,0.75,1.975,951.0,最後後處理補寫：原分數+結構前置+續強品質+突破品質；不覆蓋原策略,0.0,,一般,1.62,v266.58.1,2026-10-01 01:22:38,出貨疑慮,-2,-10,降級風險,前狀態:出貨疑慮→今日:出貨疑慮,RISK,v266.60.2,-1.88,0.0,0.0,0.0,15.0,-6.313,949.0,風險語意扣分,過熱降權,v266.61,2026-10-01 01:22:44,-4.0,洗盤不破承接｜假突破/出貨風險扣分,無事件,等待下一次確認。,-2.516,945,v266.62,2026-10-01 01:22:46,24.0,0.0,18.0,35.0,-24.09,量能安靜｜洗盤整理不破｜主力吸籌文字確認｜假突破/出貨文字風險,v266.68,2026-10-01 01:22:50,FAKE_BREAKOUT_RISK,假突破/追高風險：避免追價。,WATCH,945
2026-09-30,1539,WATCH,54,15.45,50以下,0.0,0,佈局觀察,波動壓縮 | 均線收斂 | 接近突破 | 結構尚可,True,False,False,True,False,True,5.0,C,結構觀察,40D平台收斂｜短中均線糾結｜40D低點守住｜接近/站回MA60｜MA60不再下彎｜扣分:長上影壓力,有過熱或假突破壓力，避免追高。,v266.57.9,4.0,無原分數欄位｜僅顯示結構前置分數,931.0,2.5,D,續強偏弱,回檔不破前低｜低點墊高確認｜收盤守MA5｜扣分:跌破短均、長上影壓力,續強品質不足或有假突破壓力，避免追高。,v266.57.9,3.2,0.55,0.5,GENERIC,測試排序分=原分數+結構前置分*策略權重+續強品質*策略權重；不覆蓋原策略,938.0,-2.2,D,突破不足,扣分:收盤位置偏弱、上影偏長,尚未形成乾淨突破，不急著升級。,v266.57.9,WATCH,0.55,0.35,0.75,1.975,951.0,最後後處理補寫：原分數+結構前置+續強品質+突破品質；不覆蓋原策略,0.0,,一般,1.62,v266.58.1,2026-10-01 01:22:38,出貨疑慮,-2,-10,降級風險,前狀態:出貨疑慮→今日:出貨疑慮,RISK,v266.60.2,-1.88,0.0,0.0,0.0,15.0,-6.313,949.0,風險語意扣分,過熱降權,v266.61,2026-10-01 01:22:44,-4.0,洗盤不破承接｜假突破/出貨風險扣分,無事件,等待下一次確認。,-2.516,946,v266.62,2026-10-01 01:22:46,24.0,0.0,18.0,35.0,-24.09,量能安靜｜洗盤整理不破｜主力吸籌文字確認｜假突破/出貨文字風險,v266.68,2026-10-01 01:22:50,FAKE_BREAKOUT_RISK,假突破/追高風險：避免追價。,WATCH,946
2026-09-30,2838,WATCH,54,20.6,50以下,0.0,0,佈局觀察,波動壓縮 | 均線收斂 | 接近突破 | 結構尚可,True,False,False,True,False,True,5.0,C,結構觀察,MA20走平翻揚｜40D平台收斂｜短中均線糾結｜40D低點守住｜接近/站回MA60｜扣分:長上影壓力,有過熱或假突破壓力，避免追高。,v266.57.9,4.0,無原分數欄位｜僅顯示結構前置分數,931.0,2.5,D,續強偏弱,回檔不破前低｜低點墊高確認｜回檔量縮｜扣分:跌破短均、長上影壓力,續強品質不足或有假突破壓力，避免追高。,v266.57.9,2.7,0.55,0.5,GENERIC,測試排序分=原分數+結構前置分*策略權重+續強品質*策略權重；不覆蓋原策略,947.0,-2.2,D,突破不足,扣分:收盤位置偏弱、上影偏長,尚未形成乾淨突破，不急著升級。,v266.57.9,WATCH,0.55,0.35,0.75,1.975,951.0,最後後處理補寫：原分數+結構前置+續強品質+突破品質；不覆蓋原策略,0.0,,一般,1.62,v266.58.1,2026-10-01 01:22:38,出貨疑慮,-2,-10,降級風險,前狀態:出貨疑慮→今日:出貨疑慮,RISK,v266.60.2,-1.88,0.0,0.0,0.0,15.0,-6.313,949.0,風險語意扣分,過熱降權,v266.61,2026-10-01 01:22:44,-4.0,洗盤不破承接｜假突破/出貨風險扣分,無事件,等待下一次確認。,-2.516,947,v266.62,2026-10-01 01:22:46,24.0,0.0,18.0,35.0,-24.09,量能安靜｜洗盤整理不破｜主力吸籌文字確認｜假突破/出貨文字風險,v266.68,2026-10-01 01:22:50,FAKE_BREAKOUT_RISK,假突破/追高風險：避免追價。,WATCH,947
2026-09-30,2812,WATCH,54,18.85,50以下,0.0,0,佈局觀察,波動壓縮 | 均線收斂 | 接近突破 | 結構尚可,True,False,False,True,False,True,5.0,C,結構觀察,40D平台收斂｜短中均線糾結｜40D低點守住｜接近/站回MA60｜近5日量縮｜扣分:長上影壓力,有過熱或假突破壓力，避免追高。,v266.57.9,4.0,無原分數欄位｜僅顯示結構前置分數,931.0,2.5,D,續強偏弱,回檔不破前低｜低點墊高確認｜回檔量縮｜扣分:跌破短均、長上影壓力,續強品質不足或有假突破壓力，避免追高。,v266.57.9,2.7,0.55,0.5,GENERIC,測試排序分=原分數+結構前置分*策略權重+續強品質*策略權重；不覆蓋原策略,947.0,-2.2,D,突破不足,扣分:收盤位置偏弱、上影偏長,尚未形成乾淨突破，不急著升級。,v266.57.9,WATCH,0.55,0.35,0.75,1.975,951.0,最後後處理補寫：原分數+結構前置+續強品質+突破品質；不覆蓋原策略,0.0,,一般,1.62,v266.58.1,2026-10-01 01:22:38,出貨疑慮,-2,-10,降級風險,前狀態:出貨疑慮→今日:出貨疑慮,RISK,v266.60.2,-1.88,0.0,0.0,0.0,15.0,-6.313,949.0,風險語意扣分,過熱降權,v266.61,2026-10-01 01:22:44,-4.0,洗盤不破承接｜假突破/出貨風險扣分,無事件,等待下一次確認。,-2.516,948,v266.62,2026-10-01 01:22:46,24.0,0.0,18.0,35.0,-24.09,量能安靜｜洗盤整理不破｜主力吸籌文字確認｜假突破/出貨文字風險,v266.68,2026-10-01 01:22:50,FAKE_BREAKOUT_RISK,假突破/追高風險：避免追價。,WATCH,948
2026-09-30,1410,WATCH,54,24.1,50以下,0.0,0,佈局觀察,波動壓縮 | 均線收斂 | 接近突破 | 結構尚可,True,False,False,True,False,True,3.0,D,結構偏弱,40D平台收斂｜短中均線糾結｜40D低點守住｜扣分:長上影壓力,有過熱或假突破壓力，避免追高。,v266.57.9,2.0,無原分數欄位｜僅顯示結構前置分數,957.0,2.5,D,續強偏弱,回檔不破前低｜低點墊高確認｜收盤守MA5｜扣分:跌破短均、長上影壓力,續強品質不足或有假突破壓力，避免追高。,v266.57.9,2.1,0.55,0.5,GENERIC,測試排序分=原分數+結構前置分*策略權重+續強品質*策略權重；不覆蓋原策略,954.0,-1.0,D,突破不足,量能較前日放大｜扣分:收盤位置偏弱、上影偏長,尚未形成乾淨突破，不急著升級。,v266.57.9,WATCH,0.55,0.35,0.75,1.775,956.0,最後後處理補寫：原分數+結構前置+續強品質+突破品質；不覆蓋原策略,0.0,,一般,1.455,v266.58.1,2026-10-01 01:22:38,出貨疑慮,-2,-10,降級風險,前狀態:出貨疑慮→今日:出貨疑慮,RISK,v266.60.2,-2.045,0.0,0.0,0.0,15.0,-6.329,954.0,風險語意扣分,過熱降權,v266.61,2026-10-01 01:22:44,-4.0,洗盤不破承接｜假突破/出貨風險扣分,無事件,等待下一次確認。,-2.632,949,v266.62,2026-10-01 01:22:46,24.0,0.0,18.0,35.0,-24.09,量能安靜｜洗盤整理不破｜主力吸籌文字確認｜假突破/出貨文字風險,v266.68,2026-10-01 01:22:50,FAKE_BREAKOUT_RISK,假突破/追高風險：避免追價。,WATCH,949
2026-09-30,4162,WATCH,54,55.6,50-100,0.0,0,佈局觀察,波動壓縮 | 均線收斂 | 接近突破 | 結構尚可,True,False,False,True,False,True,5.0,C,結構觀察,20D站上MA20｜40D平台收斂｜短中均線糾結｜40D低點守住｜接近/站回MA60｜扣分:長上影壓力,有過熱或假突破壓力，避免追高。,v266.57.9,4.0,無原分數欄位｜僅顯示結構前置分數,931.0,7.0,A,續強品質強,回檔不破前低｜低點墊高確認｜收盤守MA5｜續強確認：收盤未跌破MA5｜回檔量縮｜仍站MA20｜扣分:長上影壓力,回檔承接尚可，若原策略入選，可優先觀察延續。,v266.57.9,4.45,0.55,0.5,GENERIC,測試排序分=原分數+結構前置分*策略權重+續強品質*策略權重；不覆蓋原策略,907.0,-2.2,D,突破不足,扣分:收盤位置偏弱、上影偏長,尚未形成乾淨突破，不急著升級。,v266.57.9,WATCH,0.55,0.35,0.75,3.55,939.0,最後後處理補寫：原分數+結構前置+續強品質+突破品質；不覆蓋原策略,0.0,,一般,2.911,v266.58.1,2026-10-01 01:22:38,出貨疑慮,-2,-15,降級風險,前狀態:觀察→今日:出貨疑慮｜狀態降級,RISK,v266.60.2,-2.339,8.0,0.0,0.0,15.0,-3.471,939.0,續強品質佳｜風險語意扣分,過熱降權,v266.61,2026-10-01 01:22:44,-4.0,洗盤不破承接｜假突破/出貨風險扣分,無事件,等待下一次確認。,-2.837,950,v266.62,2026-10-01 01:22:46,24.0,0.0,18.0,35.0,-24.09,量能安靜｜洗盤整理不破｜主力吸籌文字確認｜假突破/出貨文字風險,v266.68,2026-10-01 01:22:50,FAKE_BREAKOUT_RISK,假突破/追高風險：避免追價。,WATCH,950
2026-09-30,4953,WATCH,54,117.0,100-500,0.0,0,佈局觀察,波動壓縮 | 均線收斂 | 接近突破 | 結構尚可,True,False,False,True,False,True,6.0,B,起漲結構中,MA20走平翻揚｜40D平台收斂｜短中均線糾結｜40D低點守住｜接近/站回MA60｜MA60不再下彎｜扣分:長上影壓力,平台壓縮後轉強，可優先觀察起漲/試單。,v266.57.9,5.0,無原分數欄位｜僅顯示結構前置分數,907.0,4.0,C,續強觀察,回檔不破前低｜低點墊高確認｜收盤守MA5｜回檔量縮｜扣分:跌破短均、長上影壓力,續強品質不足或有假突破壓力，避免追高。,v266.57.9,4.5,0.55,0.5,GENERIC,測試排序分=原分數+結構前置分*策略權重+續強品質*策略權重；不覆蓋原策略,900.0,-2.2,D,突破不足,扣分:收盤位置偏弱、上影偏長,尚未形成乾淨突破，不急著升級。,v266.57.9,WATCH,0.55,0.35,0.75,3.05,943.0,最後後處理補寫：原分數+結構前置+續強品質+突破品質；不覆蓋原策略,0.0,,一般,2.501,v266.58.1,2026-10-01 01:22:38,出貨疑慮,-2,-15,降級風險,前狀態:觀察→今日:出貨疑慮｜狀態降級,RISK,v266.60.2,-2.749,22.0,0.0,0.0,15.0,1.388,937.0,20/40/60結構佳｜主力佈局語意｜風險語意扣分,過熱降權,v266.61,2026-10-01 01:22:44,-4.0,洗盤不破承接｜假突破/出貨風險扣分,無事件,等待下一次確認。,-3.124,951,v266.62,2026-10-01 01:22:46,24.0,0.0,18.0,35.0,-24.09,量能安靜｜洗盤整理不破｜主力吸籌文字確認｜假突破/出貨文字風險,v266.68,2026-10-01 01:22:50,FAKE_BREAKOUT_RISK,假突破/追高風險：避免追價。,WATCH,951
2026-09-30,4572,WATCH,54,138.5,100-500,0.0,0,佈局觀察,波動壓縮 | 均線收斂 | 接近突破 | 結構尚可,True,False,False,True,False,True,5.0,C,結構觀察,40D平台收斂｜短中均線糾結｜40D低點守住｜接近/站回MA60,結構證據不足，保留原策略但降低信心。,v266.57.9,5.0,無原分數欄位｜僅顯示結構前置分數,907.0,2.0,D,續強偏弱,回檔不破前低｜低點墊高確認｜扣分:跌破短均,續強品質不足或有假突破壓力，避免追高。,v266.57.9,3.25,0.55,0.5,GENERIC,測試排序分=原分數+結構前置分*策略權重+續強品質*策略權重；不覆蓋原策略,934.0,-1.0,D,突破不足,扣分:收盤位置偏弱,尚未形成乾淨突破，不急著升級。,v266.57.9,WATCH,0.55,0.35,0.75,2.7,945.0,最後後處理補寫：原分數+結構前置+續強品質+突破品質；不覆蓋原策略,0.0,,一般,2.214,v266.58.1,2026-10-01 01:22:38,出貨疑慮,-2,-15,降級風險,前狀態:觀察→今日:出貨疑慮｜狀態降級,RISK,v266.60.2,-3.036,0.0,0.0,0.0,15.0,-6.341,955.0,風險語意扣分,過熱降權,v266.61,2026-10-01 01:22:44,-4.0,洗盤不破承接｜假突破/出貨風險扣分,無事件,等待下一次確認。,-3.325,952,v266.62,2026-10-01 01:22:46,24.0,0.0,18.0,35.0,-24.09,量能安靜｜洗盤整理不破｜主力吸籌文字確認｜假突破/出貨文字風險,v266.68,2026-10-01 01:22:50,FAKE_BREAKOUT_RISK,假突破/追高風險：避免追價。,WATCH,952
2026-09-30,6546,WATCH,54,59.4,50-100,0.0,0,佈局觀察,波動壓縮 | 均線收斂 | 接近突破 | 結構尚可,True,False,False,True,False,True,5.0,C,結構觀察,MA20走平翻揚｜40D平台收斂｜短中均線糾結｜40D低點守住｜接近/站回MA60｜扣分:長上影壓力,有過熱或假突破壓力，避免追高。,v266.57.9,4.0,無原分數欄位｜僅顯示結構前置分數,931.0,4.5,C,續強觀察,回檔不破前低｜低點墊高確認｜收盤守MA5｜續強確認：收盤未跌破MA5｜扣分:長上影壓力,續強品質不足或有假突破壓力，避免追高。,v266.57.9,3.2,0.55,0.5,GENERIC,測試排序分=原分數+結構前置分*策略權重+續強品質*策略權重；不覆蓋原策略,938.0,-2.2,D,突破不足,扣分:收盤位置偏弱、上影偏長,尚未形成乾淨突破，不急著升級。,v266.57.9,WATCH,0.55,0.35,0.75,2.675,946.0,最後後處理補寫：原分數+結構前置+續強品質+突破品質；不覆蓋原策略,0.0,,一般,2.194,v266.58.1,2026-10-01 01:22:38,出貨疑慮,-2,-15,降級風險,前狀態:觀察→今日:出貨疑慮｜狀態降級,RISK,v266.60.2,-3.056,0.0,0.0,0.0,15.0,-6.343,956.0,風險語意扣分,過熱降權,v266.61,2026-10-01 01:22:44,-4.0,洗盤不破承接｜假突破/出貨風險扣分,無事件,等待下一次確認。,-3.339,953,v266.62,2026-10-01 01:22:46,24.0,0.0,18.0,35.0,-24.09,量能安靜｜洗盤整理不破｜主力吸籌文字確認｜假突破/出貨文字風險,v266.68,2026-10-01 01:22:50,FAKE_BREAKOUT_RISK,假突破/追高風險：避免追價。,WATCH,953
2026-09-30,5871,WATCH,54,107.0,100-500,0.0,0,佈局觀察,波動壓縮 | 洗盤收回 | 均線收斂 | 結構尚可,True,False,True,True,False,False,6.0,B,起漲結構中,40D平台收斂｜短中均線糾結｜40D低點守住｜量縮後溫和放量,平台壓縮後轉強，可優先觀察起漲/試單。,v266.57.9,6.0,無原分數欄位｜僅顯示結構前置分數,828.0,0.5,E,續強不足,收盤守MA5｜扣分:跌破短均,續強品質不足或有假突破壓力，避免追高。,v266.57.9,4.05,0.55,0.5,GENERIC,測試排序分=原分數+結構前置分*策略權重+續強品質*策略權重；不覆蓋原策略,917.0,1.2,D,突破不足,量能較前日放大,尚未形成乾淨突破，不急著升級。,v266.57.9,WATCH,0.55,0.35,0.75,4.375,926.0,最後後處理補寫：原分數+結構前置+續強品質+突破品質；不覆蓋原策略,0.0,,一般,3.588,v266.58.1,2026-10-01 01:22:38,出貨疑慮,-2,-10,降級風險,前狀態:出貨疑慮→今日:出貨疑慮,RISK,v266.60.2,0.088,22.0,0.0,0.0,15.0,1.584,923.0,20/40/60結構佳｜主力佈局語意｜風險語意扣分,過熱降權,v266.61,2026-10-01 01:22:44,-12.0,假突破/出貨風險扣分,過熱/風險事件,避免追高，等回檔不破再評估。,-3.538,954,v266.62,2026-10-01 01:22:46,12.0,0.0,0.0,35.0,-32.61,量能安靜｜假突破/出貨文字風險,v266.68,2026-10-01 01:22:50,FAKE_BREAKOUT_RISK,假突破/追高風險：避免追價。,WATCH,954
2026-09-30,1442,WATCH,54,27.2,50以下,0.0,0,佈局觀察,安靜吸籌 | 洗盤收回 | 均線收斂 | 結構尚可,False,True,True,True,False,False,6.0,B,起漲結構中,40D平台收斂｜短中均線糾結｜MA60不再下彎｜量縮後溫和放量,平台壓縮後轉強，可優先觀察起漲/試單。,v266.57.9,6.0,無原分數欄位｜僅顯示結構前置分數,828.0,-2.2,E,續強不足,扣分:跌破短均、短線急殺,續強品質不足或有假突破壓力，避免追高。,v266.57.9,2.2,0.55,0.5,GENERIC,測試排序分=原分數+結構前置分*策略權重+續強品質*策略權重；不覆蓋原策略,952.0,0.0,D,突破不足,,尚未形成乾淨突破，不急著升級。,v266.57.9,WATCH,0.55,0.35,0.75,2.53,948.0,最後後處理補寫：原分數+結構前置+續強品質+突破品質；不覆蓋原策略,0.0,,一般,2.075,v266.58.1,2026-10-01 01:22:38,出貨疑慮,-2,-10,降級風險,前狀態:出貨疑慮→今日:出貨疑慮,RISK,v266.60.2,-1.425,22.0,0.0,0.0,15.0,1.432,936.0,20/40/60結構佳｜主力佈局語意｜風險語意扣分,過熱降權,v266.61,2026-10-01 01:22:44,-12.0,假突破/出貨風險扣分,過熱/風險事件,避免追高，等回檔不破再評估。,-4.597,955,v266.62,2026-10-01 01:22:46,12.0,0.0,0.0,35.0,-32.61,量能安靜｜假突破/出貨文字風險,v266.68,2026-10-01 01:22:50,FAKE_BREAKOUT_RISK,假突破/追高風險：避免追價。,WATCH,955
2026-09-30,8411,TEST,68,11.9,50以下,0.005,5000,佈局高機率,安靜吸籌 | 洗盤收回 | 均線收斂 | 放量吸收 | 結構尚可,False,True,True,True,True,False,2.5,D,結構偏弱,40D平台收斂｜短中均線糾結｜MA60不再下彎｜扣分:單日爆量偏高,有過熱或假突破壓力，避免追高。,v266.57.9,2.5,無原分數欄位｜僅顯示結構前置分數,956.0,-2.2,E,續強不足,扣分:跌破短均、回檔量放大,續強品質不足或有假突破壓力，避免追高。,v266.57.9,0.275,0.55,0.5,GENERIC,測試排序分=原分數+結構前置分*策略權重+續強品質*策略權重；不覆蓋原策略,957.0,1.5,D,突破不足,收盤接近高點,尚未形成乾淨突破，不急著升級。,v266.57.9,TEST,0.8,0.5,0.9,2.25,949.0,最後後處理補寫：原分數+結構前置+續強品質+突破品質；不覆蓋原策略,0.0,,一般,1.845,v266.58.1,2026-10-01 01:22:38,出貨疑慮,-2,-10,降級風險,前狀態:出貨疑慮→今日:出貨疑慮,RISK,v266.60.2,-1.655,0.0,0.0,0.0,15.0,-6.29,947.0,風險語意扣分,過熱降權,v266.61,2026-10-01 01:22:44,-12.0,假突破/出貨風險扣分,過熱/風險事件,避免追高，等回檔不破再評估。,-4.758,956,v266.62,2026-10-01 01:22:46,12.0,0.0,0.0,35.0,-32.61,量能安靜｜假突破/出貨文字風險,v266.68,2026-10-01 01:22:50,FAKE_BREAKOUT_RISK,假突破/追高風險：避免追價。,WATCH,956
2026-09-30,2702,WATCH,50,12.25,50以下,0.0,0,佈局觀察,均線收斂 | 放量吸收 | 接近突破 | 結構尚可,False,False,False,True,True,True,3.5,D,結構偏弱,40D平台收斂｜短中均線糾結｜40D低點守住｜接近/站回MA60｜MA60不再下彎｜扣分:單日爆量偏高、成交量異常爆量,有過熱或假突破壓力，避免追高。,v266.57.9,3.5,無原分數欄位｜僅顯示結構前置分數,950.0,-3.2,E,續強不足,扣分:跌破短均、回檔量放大、異常爆量,續強品質不足或有假突破壓力，避免追高。,v266.57.9,0.325,0.55,0.5,GENERIC,測試排序分=原分數+結構前置分*策略權重+續強品質*策略權重；不覆蓋原策略,956.0,-2.0,D,突破不足,扣分:收盤位置偏弱、單日量能過猛,尚未形成乾淨突破，不急著升級。,v266.57.9,WATCH,0.55,0.35,0.75,-0.695,957.0,最後後處理補寫：原分數+結構前置+續強品質+突破品質；不覆蓋原策略,0.0,,一般,-0.57,v266.58.1,2026-10-01 01:22:38,出貨疑慮,-2,-10,降級風險,前狀態:出貨疑慮→今日:出貨疑慮,RISK,v266.60.2,-4.07,0.0,0.0,0.0,15.0,-6.532,957.0,風險語意扣分,過熱降權,v266.61,2026-10-01 01:22:44,-12.0,假突破/出貨風險扣分,過熱/風險事件,避免追高，等回檔不破再評估。,-6.449,957,v266.62,2026-10-01 01:22:46,12.0,0.0,0.0,35.0,-32.61,量能安靜｜假突破/出貨文字風險,v266.68,2026-10-01 01:22:50,FAKE_BREAKOUT_RISK,假突破/追高風險：避免追價。,WATCH,957
