date,stock_id,close,volume,open,high,low
2026-09-07,1101,24.3,19462259,24.3,24.3,24.3
2026-09-08,1101,24.3,16729814,24.3,24.3,24.3
2026-09-09,1101,24.75,33714369,24.75,24.75,24.75
2026-09-10,1101,24.8,20276057,24.8,24.8,24.8
2026-09-11,1101,24.5,14583409,24.5,24.5,24.5
2026-09-14,1101,23.9,35778533,23.9,23.9,23.9
2026-09-15,1101,23.8,20277886,23.8,23.8,23.8
2026-09-16,1101,24.05,18247875,24.05,24.05,24.05
2026-09-17,1101,24.45,23063655,24.45,24.45,24.45
2026-09-18,1101,24.35,22255754,24.35,24.35,24.35
2026-09-21,1101,24.15,12445836,24.15,24.15,24.15
2026-09-22,1101,24.55,29414044,24.55,24.55,24.55
2026-09-23,1101,25.65,130648955,25.65,25.65,25.65
2026-09-24,1101,25.25,39328798,25.25,25.25,25.25
2026-09-29,1101,25.3,31598983,25.3,25.3,25.3
2026-09-30,1101,26.3,104957435,26.3,26.3,26.3
2026-10-01,1101,25.55,54833108,25.55,25.55,25.55
2026-10-02,1101,25.35,25248148,25.35,25.35,25.35
2026-10-05,1101,25.0,35720704,25.0,25.0,25.0
2026-09-07,1102,35.05,7148594,35.05,35.05,35.05
2026-09-08,1102,35.2,5994897,35.2,35.2,35.2
2026-09-09,1102,35.4,10648379,35.4,35.4,35.4
2026-09-10,1102,35.45,6863809,35.45,35.45,35.45
2026-09-11,1102,35.3,5225956,35.3,35.3,35.3
2026-09-14,1102,35.0,5772878,35.0,35.0,35.0
2026-09-15,1102,35.2,5120946,35.2,35.2,35.2
2026-09-16,1102,34.95,5340789,34.95,34.95,34.95
2026-09-17,1102,35.3,9655743,35.3,35.3,35.3
2026-09-18,1102,35.15,10128633,35.15,35.15,35.15
2026-09-21,1102,35.25,4908275,35.25,35.25,35.25
2026-09-22,1102,35.45,6405564,35.45,35.45,35.45
2026-09-23,1102,35.95,11337656,35.95,35.95,35.95
2026-09-24,1102,35.7,7449257,35.7,35.7,35.7
2026-09-29,1102,35.3,9645067,35.3,35.3,35.3
2026-09-30,1102,35.8,6224968,35.8,35.8,35.8
2026-10-01,1102,35.65,11842180,35.65,35.65,35.65
2026-10-02,1102,35.6,4911440,35.6,35.6,35.6
2026-10-05,1102,35.15,5154626,35.15,35.15,35.15
2026-09-07,1103,13.2,260037,13.2,13.2,13.2
2026-09-08,1103,13.15,230667,13.15,13.15,13.15
2026-09-09,1103,13.2,325167,13.2,13.2,13.2
2026-09-10,1103,13.15,319356,13.15,13.15,13.15
2026-09-11,1103,13.05,220974,13.05,13.05,13.05
2026-09-14,1103,13.05,213653,13.05,13.05,13.05
2026-09-15,1103,13.0,365933,13.0,13.0,13.0
2026-09-16,1103,13.0,269287,13.0,13.0,13.0
2026-09-17,1103,13.05,253149,13.05,13.05,13.05
2026-09-18,1103,13.35,1614131,13.35,13.35,13.35
2026-09-21,1103,13.15,410169,13.15,13.15,13.15
2026-09-22,1103,13.1,420478,13.1,13.1,13.1
2026-09-23,1103,13.15,363210,13.15,13.15,13.15
2026-09-24,1103,13.05,176272,13.05,13.05,13.05
2026-09-29,1103,13.0,249926,13.0,13.0,13.0
2026-09-30,1103,13.2,573331,13.2,13.2,13.2
2026-10-01,1103,13.2,301629,13.2,13.2,13.2
2026-10-02,1103,13.2,150592,13.2,13.2,13.2
2026-10-05,1103,13.05,238019,13.05,13.05,13.05
2026-09-07,1104,27.5,532786,27.5,27.5,27.5
2026-09-08,1104,27.45,477678,27.45,27.45,27.45
2026-09-09,1104,27.45,459761,27.45,27.45,27.45
2026-09-10,1104,27.25,476452,27.25,27.25,27.25
2026-09-11,1104,27.2,521516,27.2,27.2,27.2
2026-09-14,1104,26.85,500283,26.85,26.85,26.85
2026-09-15,1104,26.65,413954,26.65,26.65,26.65
2026-09-16,1104,26.65,620830,26.65,26.65,26.65
2026-09-17,1104,26.8,249342,26.8,26.8,26.8
2026-09-18,1104,26.9,737190,26.9,26.9,26.9
2026-09-21,1104,26.6,467432,26.6,26.6,26.6
2026-09-22,1104,26.6,374933,26.6,26.6,26.6
2026-09-23,1104,26.8,425606,26.8,26.8,26.8
2026-09-24,1104,26.65,251430,26.65,26.65,26.65
2026-09-29,1104,26.55,447642,26.55,26.55,26.55
2026-09-30,1104,26.7,320855,26.7,26.7,26.7
2026-10-01,1104,26.7,520149,26.7,26.7,26.7
2026-10-02,1104,26.55,315662,26.55,26.55,26.55
2026-10-05,1104,26.5,400761,26.5,26.5,26.5
2026-09-07,1108,11.65,223693,11.65,11.65,11.65
2026-09-08,1108,11.6,265848,11.6,11.6,11.6
2026-09-09,1108,11.5,391911,11.5,11.5,11.5
2026-09-10,1108,11.35,638338,11.35,11.35,11.35
2026-09-11,1108,11.2,468557,11.2,11.2,11.2
2026-09-14,1108,11.1,247541,11.1,11.1,11.1
2026-09-15,1108,11.05,123202,11.05,11.05,11.05
2026-09-16,1108,11.05,453335,11.05,11.05,11.05
2026-09-17,1108,11.05,511622,11.05,11.05,11.05
2026-09-18,1108,11.15,289776,11.15,11.15,11.15
2026-09-21,1108,11.15,186518,11.15,11.15,11.15
2026-09-22,1108,11.1,92955,11.1,11.1,11.1
2026-09-23,1108,11.05,175482,11.05,11.05,11.05
2026-09-24,1108,11.05,205540,11.05,11.05,11.05
2026-09-29,1108,11.0,188302,11.0,11.0,11.0
2026-09-30,1108,11.15,142436,11.15,11.15,11.15
2026-10-01,1108,11.15,151559,11.15,11.15,11.15
2026-10-02,1108,11.15,149265,11.15,11.15,11.15
2026-10-05,1108,11.05,112249,11.05,11.05,11.05
2026-09-07,1109,13.55,68230,13.55,13.55,13.55
2026-09-08,1109,13.5,99418,13.5,13.5,13.5
2026-09-09,1109,13.45,110091,13.45,13.45,13.45
2026-09-10,1109,13.4,80289,13.4,13.4,13.4
2026-09-11,1109,13.35,140591,13.35,13.35,13.35
2026-09-14,1109,13.4,68702,13.4,13.4,13.4
2026-09-15,1109,13.45,52197,13.45,13.45,13.45
2026-09-16,1109,13.4,168856,13.4,13.4,13.4
2026-09-17,1109,13.4,91847,13.4,13.4,13.4
2026-09-18,1109,13.4,114471,13.4,13.4,13.4
2026-09-21,1109,13.4,73925,13.4,13.4,13.4
2026-09-22,1109,13.35,69712,13.35,13.35,13.35
2026-09-23,1109,13.35,572788,13.35,13.35,13.35
2026-09-24,1109,13.3,87372,13.3,13.3,13.3
2026-09-29,1109,13.3,95288,13.3,13.3,13.3
2026-09-30,1109,13.35,341349,13.35,13.35,13.35
2026-10-01,1109,13.3,206947,13.3,13.3,13.3
2026-10-02,1109,13.25,91141,13.25,13.25,13.25
2026-10-05,1109,13.2,155673,13.2,13.2,13.2
2026-09-07,1110,15.9,304101,15.9,15.9,15.9
2026-09-08,1110,16.0,83653,16.0,16.0,16.0
2026-09-09,1110,16.05,59596,16.05,16.05,16.05
2026-09-10,1110,16.0,223613,16.0,16.0,16.0
2026-09-11,1110,15.85,428726,15.85,15.85,15.85
2026-09-14,1110,15.55,147000,15.55,15.55,15.55
2026-09-15,1110,15.4,523661,15.4,15.4,15.4
2026-09-16,1110,15.45,257822,15.45,15.45,15.45
2026-09-17,1110,15.5,360534,15.5,15.5,15.5
2026-09-18,1110,15.5,148786,15.5,15.5,15.5
2026-09-21,1110,15.4,145292,15.4,15.4,15.4
2026-09-22,1110,15.05,371914,15.05,15.05,15.05
2026-09-23,1110,14.9,185110,14.9,14.9,14.9
2026-09-24,1110,14.75,785532,14.75,14.75,14.75
2026-09-29,1110,14.35,1203041,14.35,14.35,14.35
2026-09-30,1110,14.65,229386,14.65,14.65,14.65
2026-10-01,1110,14.65,120182,14.65,14.65,14.65
2026-10-02,1110,14.35,275591,14.35,14.35,14.35
2026-10-05,1110,14.35,177272,14.35,14.35,14.35
2026-09-07,1201,12.2,319662,12.2,12.2,12.2
2026-09-08,1201,12.1,271883,12.1,12.1,12.1
2026-09-09,1201,12.15,213383,12.15,12.15,12.15
2026-09-10,1201,12.05,260850,12.05,12.05,12.05
2026-09-11,1201,12.05,448275,12.05,12.05,12.05
2026-09-14,1201,12.0,347797,12.0,12.0,12.0
2026-09-15,1201,12.05,357441,12.05,12.05,12.05
2026-09-16,1201,12.05,286731,12.05,12.05,12.05
2026-09-17,1201,12.1,347806,12.1,12.1,12.1
2026-09-18,1201,11.55,12430769,11.55,11.55,11.55
2026-09-21,1201,11.75,3448405,11.75,11.75,11.75
2026-09-22,1201,11.7,926725,11.7,11.7,11.7
2026-09-23,1201,11.65,621900,11.65,11.65,11.65
2026-09-24,1201,11.6,1127705,11.6,11.6,11.6
2026-09-29,1201,11.5,839007,11.5,11.5,11.5
2026-09-30,1201,11.65,693645,11.65,11.65,11.65
2026-10-01,1201,11.6,706723,11.6,11.6,11.6
2026-10-02,1201,11.55,328988,11.55,11.55,11.55
2026-10-05,1201,11.4,838421,11.4,11.4,11.4
2026-09-07,1203,45.15,22076,45.15,45.15,45.15
2026-09-08,1203,45.85,9775,45.85,45.85,45.85
2026-09-09,1203,44.6,24587,44.6,44.6,44.6
2026-09-10,1203,44.9,13989,44.9,44.9,44.9
2026-09-11,1203,43.7,21562,43.7,43.7,43.7
2026-09-14,1203,43.2,25749,43.2,43.2,43.2
2026-09-15,1203,42.65,21867,42.65,42.65,42.65
2026-09-16,1203,42.25,19933,42.25,42.25,42.25
2026-09-17,1203,43.35,12909,43.35,43.35,43.35
2026-09-18,1203,45.95,26985,45.95,45.95,45.95
2026-09-21,1203,43.95,17990,43.95,43.95,43.95
2026-09-22,1203,43.35,7573,43.35,43.35,43.35
2026-09-23,1203,43.55,21269,43.55,43.55,43.55
2026-09-24,1203,43.3,10039,43.3,43.3,43.3
2026-09-29,1203,43.3,31195,43.3,43.3,43.3
2026-09-30,1203,43.7,25825,43.7,43.7,43.7
2026-10-01,1203,43.9,3554,43.9,43.9,43.9
2026-10-02,1203,42.9,21416,42.9,42.9,42.9
2026-10-05,1203,42.5,32731,42.5,42.5,42.5
2026-09-07,1210,52.1,819182,52.1,52.1,52.1
2026-09-08,1210,52.5,1365033,52.5,52.5,52.5
2026-09-09,1210,52.5,654099,52.5,52.5,52.5
2026-09-10,1210,52.3,925601,52.3,52.3,52.3
2026-09-11,1210,52.1,766923,52.1,52.1,52.1
2026-09-14,1210,51.8,1310319,51.8,51.8,51.8
2026-09-15,1210,51.6,1335950,51.6,51.6,51.6
2026-09-16,1210,51.5,1348078,51.5,51.5,51.5
2026-09-17,1210,52.0,685412,52.0,52.0,52.0
2026-09-18,1210,52.7,1940702,52.7,52.7,52.7
2026-09-21,1210,52.5,968217,52.5,52.5,52.5
2026-09-22,1210,52.1,707946,52.1,52.1,52.1
2026-09-23,1210,52.3,680953,52.3,52.3,52.3
2026-09-24,1210,51.9,576370,51.9,51.9,51.9
2026-09-29,1210,51.6,901163,51.6,51.6,51.6
2026-09-30,1210,52.0,1146249,52.0,52.0,52.0
2026-10-01,1210,51.7,990702,51.7,51.7,51.7
2026-10-02,1210,51.5,936983,51.5,51.5,51.5
2026-10-05,1210,51.6,1210495,51.6,51.6,51.6
2026-09-07,1213,7.65,3000,7.65,7.65,7.65
2026-09-08,1213,7.59,24123,7.59,7.59,7.59
2026-09-09,1213,7.59,5602,7.59,7.59,7.59
2026-09-10,1213,7.3,5964,7.3,7.3,7.3
2026-09-11,1213,7.49,15000,7.49,7.49,7.49
2026-09-15,1213,7.19,36550,7.19,7.19,7.19
2026-09-16,1213,7.35,10000,7.35,7.35,7.35
2026-09-17,1213,7.09,28044,7.09,7.09,7.09
2026-09-18,1213,7.4,3002,7.4,7.4,7.4
2026-09-21,1213,7.12,8213,7.12,7.12,7.12
2026-09-22,1213,7.44,11000,7.44,7.44,7.44
2026-09-23,1213,7.43,6101,7.43,7.43,7.43
2026-09-24,1213,7.11,3017,7.11,7.11,7.11
2026-09-29,1213,7.29,45218,7.29,7.29,7.29
2026-09-30,1213,7.47,5100,7.47,7.47,7.47
2026-10-01,1213,7.0,6025,7.0,7.0,7.0
2026-10-02,1213,7.08,7002,7.08,7.08,7.08
2026-10-05,1213,7.2,2100,7.2,7.2,7.2
2026-09-07,1215,111.0,578916,111.0,111.0,111.0
2026-09-08,1215,110.0,308491,110.0,110.0,110.0
2026-09-09,1215,110.5,253575,110.5,110.5,110.5
2026-09-10,1215,111.0,914376,111.0,111.0,111.0
2026-09-11,1215,110.5,844521,110.5,110.5,110.5
2026-09-14,1215,107.5,1119388,107.5,107.5,107.5
2026-09-15,1215,105.5,866770,105.5,105.5,105.5
2026-09-16,1215,106.0,544606,106.0,106.0,106.0
2026-09-17,1215,107.0,435883,107.0,107.0,107.0
2026-09-18,1215,109.5,653950,109.5,109.5,109.5
2026-09-21,1215,107.5,659184,107.5,107.5,107.5
2026-09-22,1215,105.0,1435219,105.0,105.0,105.0
2026-09-23,1215,105.5,915596,105.5,105.5,105.5
2026-09-24,1215,105.5,1243333,105.5,105.5,105.5
2026-09-29,1215,105.5,438883,105.5,105.5,105.5
2026-09-30,1215,105.0,440336,105.0,105.0,105.0
2026-10-01,1215,105.5,322122,105.5,105.5,105.5
2026-10-02,1215,105.0,421935,105.0,105.0,105.0
2026-10-05,1215,104.0,668999,104.0,104.0,104.0
2026-09-07,1216,75.2,6436596,75.2,75.2,75.2
2026-09-08,1216,76.7,12646668,76.7,76.7,76.7
2026-09-09,1216,76.0,8532839,76.0,76.0,76.0
2026-09-10,1216,75.6,9304566,75.6,75.6,75.6
2026-09-11,1216,75.0,7643624,75.0,75.0,75.0
2026-09-14,1216,74.6,9395978,74.6,74.6,74.6
2026-09-15,1216,74.5,10616868,74.5,74.5,74.5
2026-09-16,1216,74.5,7214403,74.5,74.5,74.5
2026-09-17,1216,75.5,9416599,75.5,75.5,75.5
2026-09-18,1216,75.0,17030035,75.0,75.0,75.0
2026-09-21,1216,74.7,3921858,74.7,74.7,74.7
2026-09-22,1216,74.6,6519421,74.6,74.6,74.6
2026-09-23,1216,75.4,7665870,75.4,75.4,75.4
2026-09-24,1216,74.5,4863384,74.5,74.5,74.5
2026-09-29,1216,73.9,6515894,73.9,73.9,73.9
2026-09-30,1216,74.2,6953647,74.2,74.2,74.2
2026-10-01,1216,73.9,5933943,73.9,73.9,73.9
2026-10-02,1216,72.7,19541612,72.7,72.7,72.7
2026-10-05,1216,72.7,9833552,72.7,72.7,72.7
2026-09-07,1217,9.93,231588,9.93,9.93,9.93
2026-09-08,1217,9.96,321554,9.96,9.96,9.96
2026-09-09,1217,9.98,234296,9.98,9.98,9.98
2026-09-10,1217,9.97,190720,9.97,9.97,9.97
2026-09-11,1217,9.96,472361,9.96,9.96,9.96
2026-09-14,1217,9.96,232673,9.96,9.96,9.96
2026-09-15,1217,9.97,340167,9.97,9.97,9.97
2026-09-16,1217,9.93,268137,9.93,9.93,9.93
2026-09-17,1217,10.0,410853,10.0,10.0,10.0
2026-09-18,1217,9.98,700951,9.98,9.98,9.98
2026-09-21,1217,9.99,320739,9.99,9.99,9.99
2026-09-22,1217,9.97,320497,9.97,9.97,9.97
2026-09-23,1217,9.91,553225,9.91,9.91,9.91
2026-09-24,1217,9.95,526934,9.95,9.95,9.95
2026-09-29,1217,9.9,615207,9.9,9.9,9.9
2026-09-30,1217,9.95,364373,9.95,9.95,9.95
2026-10-01,1217,9.96,203542,9.96,9.96,9.96
2026-10-02,1217,9.94,321085,9.94,9.94,9.94
2026-10-05,1217,9.87,430491,9.87,9.87,9.87
2026-09-07,1218,14.5,497711,14.5,14.5,14.5
2026-09-08,1218,14.45,460386,14.45,14.45,14.45
2026-09-09,1218,14.55,307811,14.55,14.55,14.55
2026-09-10,1218,14.45,358923,14.45,14.45,14.45
2026-09-11,1218,14.25,730570,14.25,14.25,14.25
2026-09-14,1218,14.3,880932,14.3,14.3,14.3
2026-09-15,1218,14.25,408681,14.25,14.25,14.25
2026-09-16,1218,14.35,374082,14.35,14.35,14.35
2026-09-17,1218,14.4,617015,14.4,14.4,14.4
2026-09-18,1218,14.7,822727,14.7,14.7,14.7
2026-09-21,1218,14.5,670153,14.5,14.5,14.5
2026-09-22,1218,14.45,381412,14.45,14.45,14.45
2026-09-23,1218,14.4,300476,14.4,14.4,14.4
2026-09-24,1218,14.4,300906,14.4,14.4,14.4
2026-09-29,1218,14.45,321550,14.45,14.45,14.45
2026-09-30,1218,14.6,490161,14.6,14.6,14.6
2026-10-01,1218,14.5,260576,14.5,14.5,14.5
2026-10-02,1218,14.45,447366,14.45,14.45,14.45
2026-10-05,1218,14.4,362753,14.4,14.4,14.4
2026-09-07,1219,11.65,236180,11.65,11.65,11.65
2026-09-08,1219,11.75,257088,11.75,11.75,11.75
2026-09-09,1219,11.55,185650,11.55,11.55,11.55
2026-09-10,1219,11.55,106639,11.55,11.55,11.55
2026-09-11,1219,11.4,245896,11.4,11.4,11.4
2026-09-14,1219,11.25,284968,11.25,11.25,11.25
2026-09-15,1219,11.2,191741,11.2,11.2,11.2
2026-09-16,1219,11.15,156430,11.15,11.15,11.15
2026-09-17,1219,11.25,179443,11.25,11.25,11.25
2026-09-18,1219,11.5,259700,11.5,11.5,11.5
2026-09-21,1219,11.6,132239,11.6,11.6,11.6
2026-09-22,1219,11.5,132455,11.5,11.5,11.5
2026-09-23,1219,11.5,188851,11.5,11.5,11.5
2026-09-24,1219,11.45,204187,11.45,11.45,11.45
2026-09-29,1219,11.35,207054,11.35,11.35,11.35
2026-09-30,1219,11.45,135251,11.45,11.45,11.45
2026-10-01,1219,11.45,81323,11.45,11.45,11.45
2026-10-02,1219,11.4,177413,11.4,11.4,11.4
2026-10-05,1219,11.2,250628,11.2,11.2,11.2
2026-09-07,1220,10.7,112641,10.7,10.7,10.7
2026-09-08,1220,11.0,180306,11.0,11.0,11.0
2026-09-09,1220,10.85,94523,10.85,10.85,10.85
2026-09-10,1220,10.85,65492,10.85,10.85,10.85
2026-09-11,1220,10.85,61952,10.85,10.85,10.85
2026-09-14,1220,10.75,90889,10.75,10.75,10.75
2026-09-15,1220,10.75,44095,10.75,10.75,10.75
2026-09-16,1220,10.8,38702,10.8,10.8,10.8
2026-09-17,1220,10.8,153513,10.8,10.8,10.8
2026-09-18,1220,10.85,67879,10.85,10.85,10.85
2026-09-21,1220,10.8,70562,10.8,10.8,10.8
2026-09-22,1220,10.8,32831,10.8,10.8,10.8
2026-09-23,1220,10.75,35484,10.75,10.75,10.75
2026-09-24,1220,10.75,37454,10.75,10.75,10.75
2026-09-29,1220,10.75,70951,10.75,10.75,10.75
2026-09-30,1220,10.85,35150,10.85,10.85,10.85
2026-10-01,1220,10.85,50838,10.85,10.85,10.85
2026-10-02,1220,10.8,51236,10.8,10.8,10.8
2026-10-05,1220,10.95,118393,10.95,10.95,10.95
2026-09-07,1225,25.0,107300,25.0,25.0,25.0
2026-09-08,1225,25.05,41514,25.05,25.05,25.05
2026-09-09,1225,24.6,129383,24.6,24.6,24.6
2026-09-10,1225,24.35,77967,24.35,24.35,24.35
2026-09-11,1225,24.3,45942,24.3,24.3,24.3
2026-09-14,1225,24.95,122021,24.95,24.95,24.95
2026-09-15,1225,24.65,44496,24.65,24.65,24.65
2026-09-16,1225,24.6,96157,24.6,24.6,24.6
2026-09-17,1225,25.0,112556,25.0,25.0,25.0
2026-09-18,1225,24.6,80338,24.6,24.6,24.6
2026-09-21,1225,24.8,10847,24.8,24.8,24.8
2026-09-22,1225,24.5,15123,24.5,24.5,24.5
2026-09-23,1225,24.65,59563,24.65,24.65,24.65
2026-09-24,1225,24.45,10595,24.45,24.45,24.45
2026-09-29,1225,24.4,28996,24.4,24.4,24.4
2026-09-30,1225,24.55,37924,24.55,24.55,24.55
2026-10-01,1225,24.2,60991,24.2,24.2,24.2
2026-10-02,1225,24.2,35120,24.2,24.2,24.2
2026-10-05,1225,24.35,123202,24.35,24.35,24.35
2026-09-07,1227,28.4,924191,28.4,28.4,28.4
2026-09-08,1227,28.55,475468,28.55,28.55,28.55
2026-09-09,1227,28.55,240341,28.55,28.55,28.55
2026-09-10,1227,28.35,402646,28.35,28.35,28.35
2026-09-11,1227,28.45,503876,28.45,28.45,28.45
2026-09-14,1227,28.3,471785,28.3,28.3,28.3
2026-09-15,1227,28.15,475914,28.15,28.15,28.15
2026-09-16,1227,28.05,1158683,28.05,28.05,28.05
2026-09-17,1227,28.2,504186,28.2,28.2,28.2
2026-09-18,1227,28.45,1000751,28.45,28.45,28.45
2026-09-21,1227,28.2,454332,28.2,28.2,28.2
2026-09-22,1227,28.2,439604,28.2,28.2,28.2
2026-09-23,1227,28.25,1117331,28.25,28.25,28.25
2026-09-24,1227,28.15,556585,28.15,28.15,28.15
2026-09-29,1227,28.0,1445323,28.0,28.0,28.0
2026-09-30,1227,28.1,505728,28.1,28.1,28.1
2026-10-01,1227,28.1,342204,28.1,28.1,28.1
2026-10-02,1227,27.95,658843,27.95,27.95,27.95
2026-10-05,1227,27.75,1406884,27.75,27.75,27.75
2026-09-07,1229,41.65,1316229,41.65,41.65,41.65
2026-09-08,1229,41.7,1352666,41.7,41.7,41.7
2026-09-09,1229,41.95,1617152,41.95,41.95,41.95
2026-09-10,1229,41.75,962956,41.75,41.75,41.75
2026-09-11,1229,40.7,2720299,40.7,40.7,40.7
2026-09-14,1229,40.35,1516270,40.35,40.35,40.35
2026-09-15,1229,40.35,1425646,40.35,40.35,40.35
2026-09-16,1229,40.05,2019769,40.05,40.05,40.05
2026-09-17,1229,40.35,1710655,40.35,40.35,40.35
2026-09-18,1229,40.85,5054355,40.85,40.85,40.85
2026-09-21,1229,40.25,1651778,40.25,40.25,40.25
2026-09-22,1229,39.95,3524662,39.95,39.95,39.95
2026-09-23,1229,40.0,1587111,40.0,40.0,40.0
2026-09-24,1229,40.1,1314141,40.1,40.1,40.1
2026-09-29,1229,39.55,3074216,39.55,39.55,39.55
2026-09-30,1229,39.9,1909872,39.9,39.9,39.9
2026-10-01,1229,40.2,2550357,40.2,40.2,40.2
2026-10-02,1229,40.0,2092675,40.0,40.0,40.0
2026-10-05,1229,39.65,2011301,39.65,39.65,39.65
2026-09-07,1231,80.1,294966,80.1,80.1,80.1
2026-09-08,1231,80.4,194240,80.4,80.4,80.4
2026-09-09,1231,80.5,161027,80.5,80.5,80.5
2026-09-10,1231,80.2,179227,80.2,80.2,80.2
2026-09-11,1231,80.1,262389,80.1,80.1,80.1
2026-09-14,1231,80.0,250436,80.0,80.0,80.0
2026-09-15,1231,79.3,381816,79.3,79.3,79.3
2026-09-16,1231,79.3,268126,79.3,79.3,79.3
2026-09-17,1231,79.5,170610,79.5,79.5,79.5
2026-09-18,1231,81.0,363095,81.0,81.0,81.0
2026-09-21,1231,80.2,143284,80.2,80.2,80.2
2026-09-22,1231,79.8,198985,79.8,79.8,79.8
2026-09-23,1231,79.7,142104,79.7,79.7,79.7
2026-09-24,1231,79.6,118009,79.6,79.6,79.6
2026-09-29,1231,79.6,141891,79.6,79.6,79.6
2026-09-30,1231,79.6,234157,79.6,79.6,79.6
2026-10-01,1231,79.8,223078,79.8,79.8,79.8
2026-10-02,1231,79.3,253319,79.3,79.3,79.3
2026-10-05,1231,78.5,697762,78.5,78.5,78.5
2026-09-07,1232,157.5,90528,157.5,157.5,157.5
2026-09-08,1232,157.0,88952,157.0,157.0,157.0
2026-09-09,1232,156.5,67383,156.5,156.5,156.5
2026-09-10,1232,156.5,171271,156.5,156.5,156.5
2026-09-11,1232,156.0,96817,156.0,156.0,156.0
2026-09-14,1232,153.5,128103,153.5,153.5,153.5
2026-09-15,1232,154.5,81651,154.5,154.5,154.5
2026-09-16,1232,154.0,77474,154.0,154.0,154.0
2026-09-17,1232,154.5,90359,154.5,154.5,154.5
2026-09-18,1232,155.5,89610,155.5,155.5,155.5
2026-09-21,1232,154.5,38804,154.5,154.5,154.5
2026-09-22,1232,154.5,68874,154.5,154.5,154.5
2026-09-23,1232,154.5,62262,154.5,154.5,154.5
2026-09-24,1232,154.5,46996,154.5,154.5,154.5
2026-09-29,1232,154.0,52006,154.0,154.0,154.0
2026-09-30,1232,153.5,69908,153.5,153.5,153.5
2026-10-01,1232,153.0,107013,153.0,153.0,153.0
2026-10-02,1232,153.5,49914,153.5,153.5,153.5
2026-10-05,1232,153.5,59672,153.5,153.5,153.5
2026-09-07,1233,28.1,29071,28.1,28.1,28.1
2026-09-08,1233,28.1,22851,28.1,28.1,28.1
2026-09-09,1233,28.2,37010,28.2,28.2,28.2
2026-09-10,1233,28.0,23417,28.0,28.0,28.0
2026-09-11,1233,28.2,24255,28.2,28.2,28.2
2026-09-14,1233,27.95,18015,27.95,27.95,27.95
2026-09-15,1233,27.85,16020,27.85,27.85,27.85
2026-09-16,1233,27.85,17147,27.85,27.85,27.85
2026-09-17,1233,28.05,18198,28.05,28.05,28.05
2026-09-18,1233,28.25,25055,28.25,28.25,28.25
2026-09-21,1233,28.2,17014,28.2,28.2,28.2
2026-09-22,1233,28.1,13007,28.1,28.1,28.1
2026-09-23,1233,28.05,15057,28.05,28.05,28.05
2026-09-24,1233,28.1,17043,28.1,28.1,28.1
2026-09-29,1233,27.6,13323,27.6,27.6,27.6
2026-09-30,1233,28.1,17097,28.1,28.1,28.1
2026-10-01,1233,28.1,5292,28.1,28.1,28.1
2026-10-02,1233,28.0,4155,28.0,28.0,28.0
2026-10-05,1233,28.0,8055,28.0,28.0,28.0
2026-09-07,1234,33.3,120992,33.3,33.3,33.3
2026-09-08,1234,33.4,57519,33.4,33.4,33.4
2026-09-09,1234,33.45,70700,33.45,33.45,33.45
2026-09-10,1234,33.35,44219,33.35,33.35,33.35
2026-09-11,1234,33.3,236788,33.3,33.3,33.3
2026-09-14,1234,33.15,88661,33.15,33.15,33.15
2026-09-15,1234,33.1,100499,33.1,33.1,33.1
2026-09-16,1234,33.1,114928,33.1,33.1,33.1
2026-09-17,1234,33.35,69371,33.35,33.35,33.35
2026-09-18,1234,33.1,66611,33.1,33.1,33.1
2026-09-21,1234,33.1,57979,33.1,33.1,33.1
2026-09-22,1234,33.05,88186,33.05,33.05,33.05
2026-09-23,1234,33.05,82880,33.05,33.05,33.05
2026-09-24,1234,33.05,54772,33.05,33.05,33.05
2026-09-29,1234,32.9,131420,32.9,32.9,32.9
2026-09-30,1234,33.0,74514,33.0,33.0,33.0
2026-10-01,1234,32.9,90393,32.9,32.9,32.9
2026-10-02,1234,32.65,171068,32.65,32.65,32.65
2026-10-05,1234,32.4,175757,32.4,32.4,32.4
2026-09-07,1235,38.95,21172,38.95,38.95,38.95
2026-09-08,1235,38.95,16113,38.95,38.95,38.95
2026-09-09,1235,39.05,20562,39.05,39.05,39.05
2026-09-10,1235,39.0,7077,39.0,39.0,39.0
2026-09-11,1235,37.6,7594,37.6,37.6,37.6
2026-09-14,1235,37.1,11392,37.1,37.1,37.1
2026-09-15,1235,36.9,11021,36.9,36.9,36.9
2026-09-16,1235,36.35,11624,36.35,36.35,36.35
2026-09-17,1235,37.5,13633,37.5,37.5,37.5
2026-09-18,1235,39.1,19189,39.1,39.1,39.1
2026-09-21,1235,37.9,21380,37.9,37.9,37.9
2026-09-22,1235,37.45,24619,37.45,37.45,37.45
2026-09-23,1235,41.15,224585,41.15,41.15,41.15
2026-09-24,1235,35.5,189960,35.5,35.5,35.5
2026-09-29,1235,32.85,89039,32.85,32.85,32.85
2026-09-30,1235,33.15,41618,33.15,33.15,33.15
2026-10-01,1235,32.9,42911,32.9,32.9,32.9
2026-10-02,1235,31.7,48774,31.7,31.7,31.7
2026-10-05,1235,30.8,35792,30.8,30.8,30.8
2026-09-07,1236,26.2,68305,26.2,26.2,26.2
2026-09-08,1236,26.25,28620,26.25,26.25,26.25
2026-09-09,1236,26.25,12330,26.25,26.25,26.25
2026-09-10,1236,26.2,28786,26.2,26.2,26.2
2026-09-11,1236,26.1,26221,26.1,26.1,26.1
2026-09-14,1236,25.85,32684,25.85,25.85,25.85
2026-09-15,1236,25.55,61821,25.55,25.55,25.55
2026-09-16,1236,25.55,74298,25.55,25.55,25.55
2026-09-17,1236,25.55,129151,25.55,25.55,25.55
2026-09-18,1236,25.5,51950,25.5,25.5,25.5
2026-09-21,1236,25.55,27792,25.55,25.55,25.55
2026-09-22,1236,25.35,28817,25.35,25.35,25.35
2026-09-23,1236,25.25,30699,25.25,25.25,25.25
2026-09-24,1236,25.4,49853,25.4,25.4,25.4
2026-09-29,1236,25.35,21234,25.35,25.35,25.35
2026-09-30,1236,25.45,33518,25.45,25.45,25.45
2026-10-01,1236,25.5,13674,25.5,25.5,25.5
2026-10-02,1236,25.55,33326,25.55,25.55,25.55
2026-10-05,1236,25.5,61577,25.5,25.5,25.5
2026-09-07,1256,173.5,89082,173.5,173.5,173.5
2026-09-08,1256,174.0,42492,174.0,174.0,174.0
2026-09-09,1256,174.5,35203,174.5,174.5,174.5
2026-09-10,1256,172.5,35879,172.5,172.5,172.5
2026-09-11,1256,171.0,63839,171.0,171.0,171.0
2026-09-14,1256,172.0,13838,172.0,172.0,172.0
2026-09-15,1256,171.0,27564,171.0,171.0,171.0
2026-09-16,1256,170.5,32188,170.5,170.5,170.5
2026-09-17,1256,170.5,62378,170.5,170.5,170.5
2026-09-18,1256,172.0,36572,172.0,172.0,172.0
2026-09-21,1256,170.0,28247,170.0,170.0,170.0
2026-09-22,1256,167.5,78805,167.5,167.5,167.5
2026-09-23,1256,167.0,46836,167.0,167.0,167.0
2026-09-24,1256,166.5,55393,166.5,166.5,166.5
2026-09-29,1256,168.5,30384,168.5,168.5,168.5
2026-09-30,1256,168.0,59699,168.0,168.0,168.0
2026-10-01,1256,168.5,12051,168.5,168.5,168.5
2026-10-02,1256,168.0,22760,168.0,168.0,168.0
2026-10-05,1256,168.0,26853,168.0,168.0,168.0
2026-09-07,1301,66.6,29478606,66.6,66.6,66.6
2026-09-08,1301,65.1,28241360,65.1,65.1,65.1
2026-09-09,1301,66.7,26927598,66.7,66.7,66.7
2026-09-10,1301,65.6,21995840,65.6,65.6,65.6
2026-09-11,1301,64.6,12666314,64.6,64.6,64.6
2026-09-14,1301,62.9,23847845,62.9,62.9,62.9
2026-09-15,1301,62.0,17895998,62.0,62.0,62.0
2026-09-16,1301,62.4,18778277,62.4,62.4,62.4
2026-09-17,1301,64.6,26190059,64.6,64.6,64.6
2026-09-18,1301,65.0,29305397,65.0,65.0,65.0
2026-09-21,1301,65.2,12591053,65.2,65.2,65.2
2026-09-22,1301,64.6,18404604,64.6,64.6,64.6
2026-09-23,1301,63.1,19143508,63.1,63.1,63.1
2026-09-24,1301,64.1,16415790,64.1,64.1,64.1
2026-09-29,1301,64.6,34908356,64.6,64.6,64.6
2026-09-30,1301,68.1,52831958,68.1,68.1,68.1
2026-10-01,1301,66.8,19100785,66.8,66.8,66.8
2026-10-02,1301,68.3,33115055,68.3,68.3,68.3
2026-10-05,1301,68.5,24980170,68.5,68.5,68.5
2026-09-07,1303,230.5,75938138,230.5,230.5,230.5
2026-09-08,1303,235.0,65193109,235.0,235.0,235.0
2026-09-09,1303,236.5,67601719,236.5,236.5,236.5
2026-09-10,1303,244.0,59486250,244.0,244.0,244.0
2026-09-11,1303,234.5,48646230,234.5,234.5,234.5
2026-09-14,1303,234.0,54948757,234.0,234.0,234.0
2026-09-15,1303,221.5,55715933,221.5,221.5,221.5
2026-09-16,1303,224.0,48008257,224.0,224.0,224.0
2026-09-17,1303,236.0,92909712,236.0,236.0,236.0
2026-09-18,1303,238.0,82174219,238.0,238.0,238.0
2026-09-21,1303,239.5,50390368,239.5,239.5,239.5
2026-09-22,1303,231.5,71431271,231.5,231.5,231.5
2026-09-23,1303,227.5,54877007,227.5,227.5,227.5
2026-09-24,1303,238.0,67158368,238.0,238.0,238.0
2026-09-29,1303,247.0,79311489,247.0,247.0,247.0
2026-09-30,1303,255.5,123417554,255.5,255.5,255.5
2026-10-01,1303,254.0,57138460,254.0,254.0,254.0
2026-10-02,1303,260.0,42323575,260.0,260.0,260.0
2026-10-05,1303,286.0,90932358,286.0,286.0,286.0
2026-09-07,1304,12.2,1673530,12.2,12.2,12.2
2026-09-08,1304,12.35,2632612,12.35,12.35,12.35
2026-09-09,1304,12.8,4243247,12.8,12.8,12.8
2026-09-10,1304,12.45,2451515,12.45,12.45,12.45
2026-09-11,1304,12.35,2660116,12.35,12.35,12.35
2026-09-14,1304,12.25,2067764,12.25,12.25,12.25
2026-09-15,1304,12.15,1673059,12.15,12.15,12.15
2026-09-16,1304,12.2,4270887,12.2,12.2,12.2
2026-09-17,1304,12.6,3387387,12.6,12.6,12.6
2026-09-18,1304,12.25,2435939,12.25,12.25,12.25
2026-09-21,1304,12.35,1356181,12.35,12.35,12.35
2026-09-22,1304,12.25,1554948,12.25,12.25,12.25
2026-09-23,1304,12.25,1438627,12.25,12.25,12.25
2026-09-24,1304,12.5,2215118,12.5,12.5,12.5
2026-09-29,1304,12.3,2772924,12.3,12.3,12.3
2026-09-30,1304,12.65,3275499,12.65,12.65,12.65
2026-10-01,1304,12.45,1522353,12.45,12.45,12.45
2026-10-02,1304,12.7,3202927,12.7,12.7,12.7
2026-10-05,1304,12.6,1730629,12.6,12.6,12.6
2026-09-07,1305,12.15,1281205,12.15,12.15,12.15
2026-09-08,1305,12.15,788385,12.15,12.15,12.15
2026-09-09,1305,12.5,2015544,12.5,12.5,12.5
2026-09-10,1305,12.25,1447092,12.25,12.25,12.25
2026-09-11,1305,12.15,1593440,12.15,12.15,12.15
2026-09-14,1305,11.9,1460709,11.9,11.9,11.9
2026-09-15,1305,11.7,1005203,11.7,11.7,11.7
2026-09-16,1305,11.95,2051397,11.95,11.95,11.95
2026-09-17,1305,12.3,2519543,12.3,12.3,12.3
2026-09-18,1305,11.95,1980829,11.95,11.95,11.95
2026-09-21,1305,12.0,625827,12.0,12.0,12.0
2026-09-22,1305,12.05,743646,12.05,12.05,12.05
2026-09-23,1305,12.05,844775,12.05,12.05,12.05
2026-09-24,1305,12.1,702649,12.1,12.1,12.1
2026-09-29,1305,12.1,1147533,12.1,12.1,12.1
2026-09-30,1305,12.35,1620362,12.35,12.35,12.35
2026-10-01,1305,12.15,670622,12.15,12.15,12.15
2026-10-02,1305,12.55,2763729,12.55,12.55,12.55
2026-10-05,1305,12.35,1223237,12.35,12.35,12.35
2026-09-07,1307,30.5,314429,30.5,30.5,30.5
2026-09-08,1307,30.65,344722,30.65,30.65,30.65
2026-09-09,1307,30.85,384437,30.85,30.85,30.85
2026-09-10,1307,30.75,381834,30.75,30.75,30.75
2026-09-11,1307,30.55,343053,30.55,30.55,30.55
2026-09-14,1307,30.3,370496,30.3,30.3,30.3
2026-09-15,1307,30.15,279688,30.15,30.15,30.15
2026-09-16,1307,30.35,886890,30.35,30.35,30.35
2026-09-17,1307,30.6,330779,30.6,30.6,30.6
2026-09-18,1307,30.55,311570,30.55,30.55,30.55
2026-09-21,1307,30.85,292514,30.85,30.85,30.85
2026-09-22,1307,30.65,329215,30.65,30.65,30.65
2026-09-23,1307,30.65,392107,30.65,30.65,30.65
2026-09-24,1307,30.7,208728,30.7,30.7,30.7
2026-09-29,1307,30.85,666273,30.85,30.85,30.85
2026-09-30,1307,31.5,831627,31.5,31.5,31.5
2026-10-01,1307,31.45,531905,31.45,31.45,31.45
2026-10-02,1307,31.3,340530,31.3,31.3,31.3
2026-10-05,1307,30.85,1106412,30.85,30.85,30.85
2026-09-07,1308,13.95,805663,13.95,13.95,13.95
2026-09-08,1308,14.15,1562220,14.15,14.15,14.15
2026-09-09,1308,14.8,2326914,14.8,14.8,14.8
2026-09-10,1308,14.45,1415734,14.45,14.45,14.45
2026-09-11,1308,14.3,1177769,14.3,14.3,14.3
2026-09-14,1308,14.15,1282420,14.15,14.15,14.15
2026-09-15,1308,13.9,1101680,13.9,13.9,13.9
2026-09-16,1308,14.0,791329,14.0,14.0,14.0
2026-09-17,1308,14.4,2927097,14.4,14.4,14.4
2026-09-18,1308,14.1,1428063,14.1,14.1,14.1
2026-09-21,1308,14.25,983804,14.25,14.25,14.25
2026-09-22,1308,14.15,577158,14.15,14.15,14.15
2026-09-23,1308,14.2,1054666,14.2,14.2,14.2
2026-09-24,1308,14.3,1063872,14.3,14.3,14.3
2026-09-29,1308,14.1,1556217,14.1,14.1,14.1
2026-09-30,1308,14.45,1215427,14.45,14.45,14.45
2026-10-01,1308,14.2,758207,14.2,14.2,14.2
2026-10-02,1308,14.45,1686204,14.45,14.45,14.45
2026-10-05,1308,14.3,1079725,14.3,14.3,14.3
2026-09-07,1309,13.5,1212628,13.5,13.5,13.5
2026-09-08,1309,13.6,1431811,13.6,13.6,13.6
2026-09-09,1309,14.2,3339653,14.2,14.2,14.2
2026-09-10,1309,13.9,2611096,13.9,13.9,13.9
2026-09-11,1309,14.05,4878705,14.05,14.05,14.05
2026-09-14,1309,13.75,2351381,13.75,13.75,13.75
2026-09-15,1309,13.65,1260046,13.65,13.65,13.65
2026-09-16,1309,13.7,4806987,13.7,13.7,13.7
2026-09-17,1309,14.1,3424625,14.1,14.1,14.1
2026-09-18,1309,13.7,1974270,13.7,13.7,13.7
2026-09-21,1309,13.8,867307,13.8,13.8,13.8
2026-09-22,1309,13.75,936344,13.75,13.75,13.75
2026-09-23,1309,13.85,1214313,13.85,13.85,13.85
2026-09-24,1309,13.8,859601,13.8,13.8,13.8
2026-09-29,1309,13.65,1682322,13.65,13.65,13.65
2026-09-30,1309,13.95,1404303,13.95,13.95,13.95
2026-10-01,1309,13.7,1146443,13.7,13.7,13.7
2026-10-02,1309,14.3,3937987,14.3,14.3,14.3
2026-10-05,1309,14.05,1520300,14.05,14.05,14.05
2026-09-07,1310,8.6,1979507,8.6,8.6,8.6
2026-09-08,1310,8.57,1970702,8.57,8.57,8.57
2026-09-09,1310,8.87,3865106,8.87,8.87,8.87
2026-09-10,1310,8.72,1693720,8.72,8.72,8.72
2026-09-11,1310,8.63,1644380,8.63,8.63,8.63
2026-09-14,1310,8.65,1330470,8.65,8.65,8.65
2026-09-15,1310,8.45,1468489,8.45,8.45,8.45
2026-09-16,1310,8.49,1295664,8.49,8.49,8.49
2026-09-17,1310,9.03,10239090,9.03,9.03,9.03
2026-09-18,1310,8.75,5166568,8.75,8.75,8.75
2026-09-21,1310,8.8,1952850,8.8,8.8,8.8
2026-09-22,1310,8.73,2237724,8.73,8.73,8.73
2026-09-23,1310,8.84,2119640,8.84,8.84,8.84
2026-09-24,1310,8.9,2181415,8.9,8.9,8.9
2026-09-29,1310,8.9,2438328,8.9,8.9,8.9
2026-09-30,1310,9.25,6433878,9.25,9.25,9.25
2026-10-01,1310,9.02,2511718,9.02,9.02,9.02
2026-10-02,1310,9.61,7764239,9.61,9.61,9.61
2026-10-05,1310,9.53,3452484,9.53,9.53,9.53
2026-09-07,1312,14.1,21712173,14.1,14.1,14.1
2026-09-08,1312,13.9,13294342,13.9,13.9,13.9
2026-09-09,1312,14.65,21094750,14.65,14.65,14.65
2026-09-10,1312,14.95,45165896,14.95,14.95,14.95
2026-09-11,1312,14.35,24432713,14.35,14.35,14.35
2026-09-14,1312,14.45,9453345,14.45,14.45,14.45
2026-09-15,1312,14.35,9867693,14.35,14.35,14.35
2026-09-16,1312,14.8,14773724,14.8,14.8,14.8
2026-09-17,1312,14.95,17167705,14.95,14.95,14.95
2026-09-18,1312,14.7,14207755,14.7,14.7,14.7
2026-09-21,1312,14.6,5849788,14.6,14.6,14.6
2026-09-22,1312,14.7,11685981,14.7,14.7,14.7
2026-09-23,1312,14.6,13508687,14.6,14.6,14.6
2026-09-24,1312,14.6,7756553,14.6,14.6,14.6
2026-09-29,1312,14.45,11424741,14.45,14.45,14.45
2026-09-30,1312,15.0,15580635,15.0,15.0,15.0
2026-10-01,1312,14.6,8517813,14.6,14.6,14.6
2026-10-02,1312,14.75,7046669,14.75,14.75,14.75
2026-10-05,1312,14.5,7774750,14.5,14.5,14.5
2026-09-07,1313,11.8,1451984,11.8,11.8,11.8
2026-09-08,1313,11.8,1313635,11.8,11.8,11.8
2026-09-09,1313,12.15,3601297,12.15,12.15,12.15
2026-09-10,1313,11.85,2145481,11.85,11.85,11.85
2026-09-11,1313,11.95,1596339,11.95,11.95,11.95
2026-09-14,1313,11.75,1348275,11.75,11.75,11.75
2026-09-15,1313,11.8,1678846,11.8,11.8,11.8
2026-09-16,1313,11.95,3579577,11.95,11.95,11.95
2026-09-17,1313,12.3,5663264,12.3,12.3,12.3
2026-09-18,1313,12.25,3388599,12.25,12.25,12.25
2026-09-21,1313,12.3,2440228,12.3,12.3,12.3
2026-09-22,1313,12.2,2056305,12.2,12.2,12.2
2026-09-23,1313,12.15,2035907,12.15,12.15,12.15
2026-09-24,1313,12.15,1402278,12.15,12.15,12.15
2026-09-29,1313,12.05,1943110,12.05,12.05,12.05
2026-09-30,1313,12.3,2318981,12.3,12.3,12.3
2026-10-01,1313,12.4,4532235,12.4,12.4,12.4
2026-10-02,1313,12.65,7886270,12.65,12.65,12.65
2026-10-05,1313,12.5,3462792,12.5,12.5,12.5
2026-09-07,1314,8.1,13045132,8.1,8.1,8.1
2026-09-08,1314,8.11,14930552,8.11,8.11,8.11
2026-09-09,1314,8.21,18123514,8.21,8.21,8.21
2026-09-10,1314,8.13,14554049,8.13,8.13,8.13
2026-09-11,1314,8.12,8416494,8.12,8.12,8.12
2026-09-14,1314,8.22,15174574,8.22,8.22,8.22
2026-09-15,1314,8.11,12078524,8.11,8.11,8.11
2026-09-16,1314,8.15,17974530,8.15,8.15,8.15
2026-09-17,1314,8.96,128600273,8.96,8.96,8.96
2026-09-18,1314,8.96,151096127,8.96,8.96,8.96
2026-09-21,1314,9.18,87704113,9.18,9.18,9.18
2026-09-22,1314,8.74,73718022,8.74,8.74,8.74
2026-09-23,1314,9.01,99541727,9.01,9.01,9.01
2026-09-24,1314,8.86,42262966,8.86,8.86,8.86
2026-09-29,1314,8.74,47669196,8.74,8.74,8.74
2026-09-30,1314,9.0,85223275,9.0,9.0,9.0
2026-10-01,1314,8.89,34798207,8.89,8.89,8.89
2026-10-02,1314,8.95,32391130,8.95,8.95,8.95
2026-10-05,1314,8.67,46188896,8.67,8.67,8.67
2026-09-07,1315,66.0,78934,66.0,66.0,66.0
2026-09-08,1315,66.1,30210,66.1,66.1,66.1
2026-09-09,1315,66.1,25244,66.1,66.1,66.1
2026-09-10,1315,66.3,196706,66.3,66.3,66.3
2026-09-11,1315,66.3,33115,66.3,66.3,66.3
2026-09-14,1315,66.3,9317,66.3,66.3,66.3
2026-09-15,1315,65.8,16053,65.8,65.8,65.8
2026-09-16,1315,66.2,32914,66.2,66.2,66.2
2026-09-17,1315,66.9,45224,66.9,66.9,66.9
2026-09-18,1315,68.2,88955,68.2,68.2,68.2
2026-09-21,1315,68.4,62762,68.4,68.4,68.4
2026-09-22,1315,68.2,39097,68.2,68.2,68.2
2026-09-23,1315,68.1,9630,68.1,68.1,68.1
2026-09-24,1315,68.3,18564,68.3,68.3,68.3
2026-09-29,1315,68.1,35564,68.1,68.1,68.1
2026-09-30,1315,68.8,34262,68.8,68.8,68.8
2026-10-01,1315,68.7,10790,68.7,68.7,68.7
2026-10-02,1315,68.6,22991,68.6,68.6,68.6
2026-10-05,1315,68.7,84771,68.7,68.7,68.7
2026-09-07,1316,10.75,1525556,10.75,10.75,10.75
2026-09-08,1316,10.8,2578141,10.8,10.8,10.8
2026-09-09,1316,11.2,3458561,11.2,11.2,11.2
2026-09-10,1316,11.05,2601577,11.05,11.05,11.05
2026-09-11,1316,10.7,1783039,10.7,10.7,10.7
2026-09-14,1316,10.7,1078023,10.7,10.7,10.7
2026-09-15,1316,10.4,1750884,10.4,10.4,10.4
2026-09-16,1316,10.7,1799998,10.7,10.7,10.7
2026-09-17,1316,10.65,821479,10.65,10.65,10.65
2026-09-18,1316,10.75,3855687,10.75,10.75,10.75
2026-09-21,1316,10.7,1925863,10.7,10.7,10.7
2026-09-22,1316,10.55,1180679,10.55,10.55,10.55
2026-09-23,1316,10.6,761502,10.6,10.6,10.6
2026-09-24,1316,10.45,1273099,10.45,10.45,10.45
2026-09-29,1316,10.45,699804,10.45,10.45,10.45
2026-09-30,1316,10.7,1091176,10.7,10.7,10.7
2026-10-01,1316,10.5,1238358,10.5,10.5,10.5
2026-10-02,1316,10.55,1398097,10.55,10.55,10.55
2026-10-05,1316,10.3,1940230,10.3,10.3,10.3
2026-09-07,1319,81.7,1361614,81.7,81.7,81.7
2026-09-08,1319,79.0,2841504,79.0,79.0,79.0
2026-09-09,1319,79.6,923905,79.6,79.6,79.6
2026-09-10,1319,78.4,785717,78.4,78.4,78.4
2026-09-11,1319,79.0,880581,79.0,79.0,79.0
2026-09-14,1319,78.3,714900,78.3,78.3,78.3
2026-09-15,1319,79.0,950303,79.0,79.0,79.0
2026-09-16,1319,78.8,2168326,78.8,78.8,78.8
2026-09-17,1319,79.9,1163285,79.9,79.9,79.9
2026-09-18,1319,80.5,1228066,80.5,80.5,80.5
2026-09-21,1319,80.3,936689,80.3,80.3,80.3
2026-09-22,1319,79.7,1149113,79.7,79.7,79.7
2026-09-23,1319,78.8,1041931,78.8,78.8,78.8
2026-09-24,1319,78.9,638673,78.9,78.9,78.9
2026-09-29,1319,77.8,1284003,77.8,77.8,77.8
2026-09-30,1319,77.9,1448175,77.9,77.9,77.9
2026-10-01,1319,78.6,1483670,78.6,78.6,78.6
2026-10-02,1319,78.1,1417606,78.1,78.1,78.1
2026-10-05,1319,77.8,1201367,77.8,77.8,77.8
2026-09-07,1321,32.55,66000,32.55,32.55,32.55
2026-09-08,1321,32.35,61579,32.35,32.35,32.35
2026-09-09,1321,32.5,53000,32.5,32.5,32.5
2026-09-10,1321,32.25,63050,32.25,32.25,32.25
2026-09-11,1321,32.0,48000,32.0,32.0,32.0
2026-09-14,1321,32.3,43020,32.3,32.3,32.3
2026-09-15,1321,32.15,36026,32.15,32.15,32.15
2026-09-16,1321,32.3,65000,32.3,32.3,32.3
2026-09-17,1321,32.5,208000,32.5,32.5,32.5
2026-09-18,1321,32.7,93200,32.7,32.7,32.7
2026-09-21,1321,32.6,79200,32.6,32.6,32.6
2026-09-22,1321,32.5,67000,32.5,32.5,32.5
2026-09-23,1321,32.5,122000,32.5,32.5,32.5
2026-09-24,1321,32.45,56000,32.45,32.45,32.45
2026-09-29,1321,32.35,114000,32.35,32.35,32.35
2026-09-30,1321,32.4,76006,32.4,32.4,32.4
2026-10-01,1321,32.5,45000,32.5,32.5,32.5
2026-10-02,1321,32.35,41000,32.35,32.35,32.35
2026-10-05,1321,32.3,67063,32.3,32.3,32.3
2026-09-07,1323,21.25,25356,21.25,21.25,21.25
2026-09-08,1323,21.25,8138,21.25,21.25,21.25
2026-09-09,1323,21.15,40333,21.15,21.15,21.15
2026-09-10,1323,21.35,22467,21.35,21.35,21.35
2026-09-11,1323,21.65,163591,21.65,21.65,21.65
2026-09-14,1323,21.7,106464,21.7,21.7,21.7
2026-09-15,1323,21.35,73861,21.35,21.35,21.35
2026-09-16,1323,21.4,43359,21.4,21.4,21.4
2026-09-17,1323,21.45,40350,21.45,21.45,21.45
2026-09-18,1323,21.4,24417,21.4,21.4,21.4
2026-09-21,1323,21.4,12461,21.4,21.4,21.4
2026-09-22,1323,21.35,4499,21.35,21.35,21.35
2026-09-23,1323,21.25,56104,21.25,21.25,21.25
2026-09-24,1323,21.4,16062,21.4,21.4,21.4
2026-09-29,1323,21.2,49535,21.2,21.2,21.2
2026-09-30,1323,21.45,59437,21.45,21.45,21.45
2026-10-01,1323,21.5,9048,21.5,21.5,21.5
2026-10-02,1323,21.25,59138,21.25,21.25,21.25
2026-10-05,1323,21.55,78705,21.55,21.55,21.55
2026-09-07,1324,10.2,22728,10.2,10.2,10.2
2026-09-08,1324,10.0,34573,10.0,10.0,10.0
2026-09-09,1324,10.0,12241,10.0,10.0,10.0
2026-09-10,1324,9.99,12320,9.99,9.99,9.99
2026-09-11,1324,10.05,29975,10.05,10.05,10.05
2026-09-14,1324,10.05,15154,10.05,10.05,10.05
2026-09-15,1324,10.0,53590,10.0,10.0,10.0
2026-09-16,1324,9.99,13810,9.99,9.99,9.99
2026-09-17,1324,9.99,21729,9.99,9.99,9.99
2026-09-18,1324,9.99,26146,9.99,9.99,9.99
2026-09-21,1324,9.99,24964,9.99,9.99,9.99
2026-09-22,1324,9.98,10892,9.98,9.98,9.98
2026-09-23,1324,9.94,46134,9.94,9.94,9.94
2026-09-24,1324,10.05,29688,10.05,10.05,10.05
2026-09-29,1324,9.98,24229,9.98,9.98,9.98
2026-09-30,1324,9.99,36984,9.99,9.99,9.99
2026-10-01,1324,10.05,32639,10.05,10.05,10.05
2026-10-02,1324,9.91,83813,9.91,9.91,9.91
2026-10-05,1324,9.91,60618,9.91,9.91,9.91
2026-09-07,1325,26.2,434038,26.2,26.2,26.2
2026-09-08,1325,25.95,112268,25.95,25.95,25.95
2026-09-09,1325,26.4,249726,26.4,26.4,26.4
2026-09-10,1325,26.0,101684,26.0,26.0,26.0
2026-09-11,1325,25.55,180325,25.55,25.55,25.55
2026-09-14,1325,25.5,101358,25.5,25.5,25.5
2026-09-15,1325,25.35,122292,25.35,25.35,25.35
2026-09-16,1325,25.6,141790,25.6,25.6,25.6
2026-09-17,1325,25.8,138712,25.8,25.8,25.8
2026-09-18,1325,25.65,181589,25.65,25.65,25.65
2026-09-21,1325,25.55,126088,25.55,25.55,25.55
2026-09-22,1325,25.85,147814,25.85,25.85,25.85
2026-09-23,1325,25.75,93630,25.75,25.75,25.75
2026-09-24,1325,25.7,182787,25.7,25.7,25.7
2026-09-29,1325,25.55,132148,25.55,25.55,25.55
2026-09-30,1325,25.9,216678,25.9,25.9,25.9
2026-10-01,1325,25.7,97552,25.7,25.7,25.7
2026-10-02,1325,25.95,114436,25.95,25.95,25.95
2026-10-05,1325,25.7,182302,25.7,25.7,25.7
2026-09-07,1326,71.9,57918008,71.9,71.9,71.9
2026-09-08,1326,70.6,24157597,70.6,70.6,70.6
2026-09-09,1326,71.8,37249918,71.8,71.8,71.8
2026-09-10,1326,71.3,22295065,71.3,71.3,71.3
2026-09-11,1326,70.2,18556570,70.2,70.2,70.2
2026-09-14,1326,67.6,27922318,67.6,67.6,67.6
2026-09-15,1326,65.8,23789944,65.8,65.8,65.8
2026-09-16,1326,65.8,15902772,65.8,65.8,65.8
2026-09-17,1326,68.6,24043657,68.6,68.6,68.6
2026-09-18,1326,68.1,24373131,68.1,68.1,68.1
2026-09-21,1326,67.8,9958720,67.8,67.8,67.8
2026-09-22,1326,66.5,20038232,66.5,66.5,66.5
2026-09-23,1326,65.4,15805076,65.4,65.4,65.4
2026-09-24,1326,67.0,18734584,67.0,67.0,67.0
2026-09-29,1326,67.5,25578827,67.5,67.5,67.5
2026-09-30,1326,69.7,33017994,69.7,69.7,69.7
2026-10-01,1326,67.7,18698939,67.7,67.7,67.7
2026-10-02,1326,71.7,56653992,71.7,71.7,71.7
2026-10-05,1326,71.6,27123406,71.6,71.6,71.6
2026-09-07,1337,4.56,224949,4.56,4.56,4.56
2026-09-08,1337,4.51,308961,4.51,4.51,4.51
2026-09-09,1337,4.51,222913,4.51,4.51,4.51
2026-09-10,1337,4.52,247592,4.52,4.52,4.52
2026-09-11,1337,4.49,158696,4.49,4.49,4.49
2026-09-14,1337,4.48,491099,4.48,4.48,4.48
2026-09-15,1337,4.39,269204,4.39,4.39,4.39
2026-09-16,1337,4.4,103957,4.4,4.4,4.4
2026-09-17,1337,4.49,369808,4.49,4.49,4.49
2026-09-18,1337,4.45,511141,4.45,4.45,4.45
2026-09-21,1337,4.43,210269,4.43,4.43,4.43
2026-09-22,1337,4.42,153650,4.42,4.42,4.42
2026-09-23,1337,4.47,176868,4.47,4.47,4.47
2026-09-24,1337,4.45,259505,4.45,4.45,4.45
2026-09-29,1337,4.43,94840,4.43,4.43,4.43
2026-09-30,1337,4.47,431397,4.47,4.47,4.47
2026-10-01,1337,4.47,195911,4.47,4.47,4.47
2026-10-02,1337,4.43,169880,4.43,4.43,4.43
2026-10-05,1337,4.41,298856,4.41,4.41,4.41
2026-09-07,1338,14.45,105179,14.45,14.45,14.45
2026-09-08,1338,14.15,105057,14.15,14.15,14.15
2026-09-09,1338,14.35,42122,14.35,14.35,14.35
2026-09-10,1338,14.4,54547,14.4,14.4,14.4
2026-09-11,1338,14.4,75484,14.4,14.4,14.4
2026-09-14,1338,14.6,47137,14.6,14.6,14.6
2026-09-15,1338,14.3,95767,14.3,14.3,14.3
2026-09-16,1338,14.25,31259,14.25,14.25,14.25
2026-09-17,1338,14.35,30680,14.35,14.35,14.35
2026-09-18,1338,14.25,63748,14.25,14.25,14.25
2026-09-21,1338,14.6,254463,14.6,14.6,14.6
2026-09-22,1338,14.75,63429,14.75,14.75,14.75
2026-09-23,1338,14.8,155911,14.8,14.8,14.8
2026-09-24,1338,14.75,145345,14.75,14.75,14.75
2026-09-29,1338,14.75,52801,14.75,14.75,14.75
2026-09-30,1338,15.6,392221,15.6,15.6,15.6
2026-10-01,1338,15.3,221510,15.3,15.3,15.3
2026-10-02,1338,15.2,61429,15.2,15.2,15.2
2026-10-05,1338,14.95,122115,14.95,14.95,14.95
2026-09-07,1339,42.8,88462,42.8,42.8,42.8
2026-09-08,1339,42.95,67017,42.95,42.95,42.95
2026-09-09,1339,43.0,22567,43.0,43.0,43.0
2026-09-10,1339,43.1,48013,43.1,43.1,43.1
2026-09-11,1339,42.95,51929,42.95,42.95,42.95
2026-09-14,1339,42.45,31601,42.45,42.45,42.45
2026-09-15,1339,42.7,36880,42.7,42.7,42.7
2026-09-16,1339,43.1,62439,43.1,43.1,43.1
2026-09-17,1339,43.2,112282,43.2,43.2,43.2
2026-09-18,1339,43.3,90025,43.3,43.3,43.3
2026-09-21,1339,42.8,73152,42.8,42.8,42.8
2026-09-22,1339,43.1,24225,43.1,43.1,43.1
2026-09-23,1339,42.75,138000,42.75,42.75,42.75
2026-09-24,1339,42.4,38644,42.4,42.4,42.4
2026-09-29,1339,42.3,80100,42.3,42.3,42.3
2026-09-30,1339,42.35,56093,42.35,42.35,42.35
2026-10-01,1339,42.7,53816,42.7,42.7,42.7
2026-10-02,1339,42.5,85124,42.5,42.5,42.5
2026-10-05,1339,42.7,88420,42.7,42.7,42.7
2026-09-07,1340,5.11,188243,5.11,5.11,5.11
2026-09-08,1340,5.23,95223,5.23,5.23,5.23
2026-09-09,1340,5.2,74992,5.2,5.2,5.2
2026-09-10,1340,5.22,31987,5.22,5.22,5.22
2026-09-11,1340,5.22,69113,5.22,5.22,5.22
2026-09-14,1340,5.16,55079,5.16,5.16,5.16
2026-09-15,1340,5.07,110986,5.07,5.07,5.07
2026-09-16,1340,5.16,80429,5.16,5.16,5.16
2026-09-17,1340,5.15,157641,5.15,5.15,5.15
2026-09-18,1340,5.2,57784,5.2,5.2,5.2
2026-09-21,1340,5.21,105506,5.21,5.21,5.21
2026-09-22,1340,5.24,75945,5.24,5.24,5.24
2026-09-23,1340,5.25,88737,5.25,5.25,5.25
2026-09-24,1340,5.21,65876,5.21,5.21,5.21
2026-09-29,1340,5.21,113889,5.21,5.21,5.21
2026-09-30,1340,5.24,190565,5.24,5.24,5.24
2026-10-01,1340,5.23,62541,5.23,5.23,5.23
2026-10-02,1340,5.21,92536,5.21,5.21,5.21
2026-10-05,1340,5.22,100973,5.22,5.22,5.22
2026-09-07,1341,60.0,8006,60.0,60.0,60.0
2026-09-08,1341,59.8,1471,59.8,59.8,59.8
2026-09-09,1341,60.0,4008,60.0,60.0,60.0
2026-09-10,1341,59.8,4010,59.8,59.8,59.8
2026-09-11,1341,57.9,2001,57.9,57.9,57.9
2026-09-15,1341,59.4,3510,59.4,59.4,59.4
2026-09-17,1341,59.2,1006,59.2,59.2,59.2
2026-09-18,1341,59.7,3003,59.7,59.7,59.7
2026-09-21,1341,60.0,3004,60.0,60.0,60.0
2026-09-22,1341,60.0,1353,60.0,60.0,60.0
2026-09-23,1341,59.8,2002,59.8,59.8,59.8
2026-09-24,1341,60.0,1061,60.0,60.0,60.0
2026-09-30,1341,59.9,2302,59.9,59.9,59.9
2026-10-01,1341,59.0,2248,59.0,59.0,59.0
2026-10-02,1341,59.0,4093,59.0,59.0,59.0
2026-10-05,1341,59.4,5071,59.4,59.4,59.4
2026-09-07,1342,103.5,175178,103.5,103.5,103.5
2026-09-08,1342,102.5,191202,102.5,102.5,102.5
2026-09-09,1342,101.5,104921,101.5,101.5,101.5
2026-09-10,1342,101.0,85250,101.0,101.0,101.0
2026-09-11,1342,99.3,156146,99.3,99.3,99.3
2026-09-14,1342,99.8,98443,99.8,99.8,99.8
2026-09-15,1342,100.5,74895,100.5,100.5,100.5
2026-09-16,1342,99.9,63431,99.9,99.9,99.9
2026-09-17,1342,100.5,218920,100.5,100.5,100.5
2026-09-18,1342,102.0,120645,102.0,102.0,102.0
2026-09-21,1342,100.0,97932,100.0,100.0,100.0
2026-09-22,1342,100.5,84673,100.5,100.5,100.5
2026-09-23,1342,101.0,239038,101.0,101.0,101.0
2026-09-24,1342,101.0,56993,101.0,101.0,101.0
2026-09-29,1342,101.0,72695,101.0,101.0,101.0
2026-09-30,1342,100.0,135099,100.0,100.0,100.0
2026-10-01,1342,100.0,108543,100.0,100.0,100.0
2026-10-02,1342,100.0,85164,100.0,100.0,100.0
2026-10-05,1342,99.8,152371,99.8,99.8,99.8
2026-09-07,1402,28.7,10067527,28.7,28.7,28.7
2026-09-08,1402,28.65,7430750,28.65,28.65,28.65
2026-09-09,1402,28.7,6321925,28.7,28.7,28.7
2026-09-10,1402,28.65,6868641,28.65,28.65,28.65
2026-09-11,1402,28.65,8635057,28.65,28.65,28.65
2026-09-14,1402,28.1,8417098,28.1,28.1,28.1
2026-09-15,1402,27.8,9055012,27.8,27.8,27.8
2026-09-16,1402,27.4,11778604,27.4,27.4,27.4
2026-09-17,1402,28.1,11978020,28.1,28.1,28.1
2026-09-18,1402,28.1,17306879,28.1,28.1,28.1
2026-09-21,1402,27.85,5928803,27.85,27.85,27.85
2026-09-22,1402,27.85,4713230,27.85,27.85,27.85
2026-09-23,1402,27.9,5462830,27.9,27.9,27.9
2026-09-24,1402,28.15,5471043,28.15,28.15,28.15
2026-09-29,1402,27.75,5992054,27.75,27.75,27.75
2026-09-30,1402,28.25,7103613,28.25,28.25,28.25
2026-10-01,1402,27.95,14615452,27.95,27.95,27.95
2026-10-02,1402,28.05,4746737,28.05,28.05,28.05
2026-10-05,1402,27.75,6392829,27.75,27.75,27.75
2026-09-07,1409,24.35,7350280,24.35,24.35,24.35
2026-09-08,1409,24.45,8755855,24.45,24.45,24.45
2026-09-09,1409,26.85,89005580,26.85,26.85,26.85
2026-09-10,1409,25.15,64176367,25.15,25.15,25.15
2026-09-11,1409,24.45,15115858,24.45,24.45,24.45
2026-09-14,1409,24.35,9954614,24.35,24.35,24.35
2026-09-15,1409,23.9,9754438,23.9,23.9,23.9
2026-09-16,1409,23.95,8276245,23.95,23.95,23.95
2026-09-17,1409,24.8,13959451,24.8,24.8,24.8
2026-09-18,1409,24.5,7829976,24.5,24.5,24.5
2026-09-21,1409,24.45,5998706,24.45,24.45,24.45
2026-09-22,1409,24.1,9111079,24.1,24.1,24.1
2026-09-23,1409,24.1,5541534,24.1,24.1,24.1
2026-09-24,1409,24.3,4672108,24.3,24.3,24.3
2026-09-29,1409,24.35,5902385,24.35,24.35,24.35
2026-09-30,1409,24.9,14204556,24.9,24.9,24.9
2026-10-01,1409,24.4,8727863,24.4,24.4,24.4
2026-10-02,1409,24.95,11973583,24.95,24.95,24.95
2026-10-05,1409,25.3,24296690,25.3,25.3,25.3
2026-09-07,1410,24.75,102582,24.75,24.75,24.75
2026-09-08,1410,24.55,53675,24.55,24.55,24.55
2026-09-09,1410,24.6,207091,24.6,24.6,24.6
2026-09-10,1410,24.5,266407,24.5,24.5,24.5
2026-09-11,1410,24.4,17200,24.4,24.4,24.4
2026-09-14,1410,24.2,101570,24.2,24.2,24.2
2026-09-15,1410,23.9,208159,23.9,23.9,23.9
2026-09-16,1410,24.7,71356,24.7,24.7,24.7
2026-09-17,1410,24.25,180070,24.25,24.25,24.25
2026-09-18,1410,24.35,20005,24.35,24.35,24.35
2026-09-21,1410,24.45,123071,24.45,24.45,24.45
2026-09-22,1410,24.25,263048,24.25,24.25,24.25
2026-09-23,1410,24.3,1153,24.3,24.3,24.3
2026-09-24,1410,24.0,441547,24.0,24.0,24.0
2026-09-29,1410,24.1,35201,24.1,24.1,24.1
2026-09-30,1410,24.1,67802,24.1,24.1,24.1
2026-10-01,1410,24.15,39399,24.15,24.15,24.15
2026-10-02,1410,23.95,58572,23.95,23.95,23.95
2026-10-05,1410,24.05,41948,24.05,24.05,24.05
2026-09-07,1413,9.29,14000,9.29,9.29,9.29
2026-09-08,1413,9.29,11914,9.29,9.29,9.29
2026-09-09,1413,9.52,4588,9.52,9.52,9.52
2026-09-10,1413,9.43,35000,9.43,9.43,9.43
2026-09-11,1413,9.28,28402,9.28,9.28,9.28
2026-09-14,1413,9.2,13521,9.2,9.2,9.2
2026-09-15,1413,9.22,2000,9.22,9.22,9.22
2026-09-16,1413,9.18,3264,9.18,9.18,9.18
2026-09-17,1413,9.21,8243,9.21,9.21,9.21
2026-09-18,1413,9.24,36030,9.24,9.24,9.24
2026-09-21,1413,9.18,11069,9.18,9.18,9.18
2026-09-22,1413,9.5,20242,9.5,9.5,9.5
2026-09-23,1413,9.25,21708,9.25,9.25,9.25
2026-09-24,1413,9.19,6216,9.19,9.19,9.19
2026-09-29,1413,9.08,56815,9.08,9.08,9.08
2026-09-30,1413,9.22,36968,9.22,9.22,9.22
2026-10-01,1413,9.25,9329,9.25,9.25,9.25
2026-10-02,1413,9.23,4862,9.23,9.23,9.23
2026-10-05,1413,9.1,18388,9.1,9.1,9.1
2026-09-07,1414,17.75,154421,17.75,17.75,17.75
2026-09-08,1414,17.65,186565,17.65,17.65,17.65
2026-09-09,1414,17.65,268602,17.65,17.65,17.65
2026-09-10,1414,17.7,320577,17.7,17.7,17.7
2026-09-11,1414,17.3,171989,17.3,17.3,17.3
2026-09-14,1414,17.6,423587,17.6,17.6,17.6
2026-09-15,1414,17.2,102554,17.2,17.2,17.2
2026-09-16,1414,17.2,312292,17.2,17.2,17.2
2026-09-17,1414,17.4,108614,17.4,17.4,17.4
2026-09-18,1414,17.35,136248,17.35,17.35,17.35
2026-09-21,1414,17.25,334099,17.25,17.25,17.25
2026-09-22,1414,17.2,36508,17.2,17.2,17.2
2026-09-23,1414,17.3,171387,17.3,17.3,17.3
2026-09-24,1414,17.45,141227,17.45,17.45,17.45
2026-09-29,1414,17.5,109892,17.5,17.5,17.5
2026-09-30,1414,17.65,162007,17.65,17.65,17.65
2026-10-01,1414,17.35,78345,17.35,17.35,17.35
2026-10-02,1414,17.25,234171,17.25,17.25,17.25
2026-10-05,1414,17.3,145007,17.3,17.3,17.3
2026-09-07,1416,11.6,194113,11.6,11.6,11.6
2026-09-08,1416,11.5,287604,11.5,11.5,11.5
2026-09-09,1416,11.45,57212,11.45,11.45,11.45
2026-09-10,1416,11.45,472157,11.45,11.45,11.45
2026-09-11,1416,11.3,325079,11.3,11.3,11.3
2026-09-14,1416,11.25,239221,11.25,11.25,11.25
2026-09-15,1416,11.25,309661,11.25,11.25,11.25
2026-09-16,1416,11.25,180705,11.25,11.25,11.25
2026-09-17,1416,11.3,183418,11.3,11.3,11.3
2026-09-18,1416,11.5,248639,11.5,11.5,11.5
2026-09-21,1416,11.35,147334,11.35,11.35,11.35
2026-09-22,1416,11.4,145268,11.4,11.4,11.4
2026-09-23,1416,11.5,275740,11.5,11.5,11.5
2026-09-24,1416,11.45,114653,11.45,11.45,11.45
2026-09-29,1416,11.35,249389,11.35,11.35,11.35
2026-09-30,1416,11.45,61565,11.45,11.45,11.45
2026-10-01,1416,11.65,463909,11.65,11.65,11.65
2026-10-02,1416,11.85,604236,11.85,11.85,11.85
2026-10-05,1416,11.85,438963,11.85,11.85,11.85
2026-09-07,1417,8.23,145536,8.23,8.23,8.23
2026-09-08,1417,8.2,160563,8.2,8.2,8.2
2026-09-09,1417,8.19,140375,8.19,8.19,8.19
2026-09-10,1417,8.15,101128,8.15,8.15,8.15
2026-09-11,1417,8.08,97191,8.08,8.08,8.08
2026-09-14,1417,8.08,93662,8.08,8.08,8.08
2026-09-15,1417,7.98,315338,7.98,7.98,7.98
2026-09-16,1417,8.02,236638,8.02,8.02,8.02
2026-09-17,1417,8.02,96130,8.02,8.02,8.02
2026-09-18,1417,8.02,243862,8.02,8.02,8.02
2026-09-21,1417,8.02,90922,8.02,8.02,8.02
2026-09-22,1417,8.02,161773,8.02,8.02,8.02
2026-09-23,1417,8.08,113525,8.08,8.08,8.08
2026-09-24,1417,8.1,392002,8.1,8.1,8.1
2026-09-29,1417,8.04,199029,8.04,8.04,8.04
2026-09-30,1417,8.14,204181,8.14,8.14,8.14
2026-10-01,1417,8.13,168685,8.13,8.13,8.13
2026-10-02,1417,8.13,128136,8.13,8.13,8.13
2026-10-05,1417,8.12,201612,8.12,8.12,8.12
2026-09-07,1418,17.85,5193,17.85,17.85,17.85
2026-09-08,1418,17.8,23422,17.8,17.8,17.8
2026-09-09,1418,17.55,30017,17.55,17.55,17.55
2026-09-10,1418,17.6,20222,17.6,17.6,17.6
2026-09-11,1418,17.5,40006,17.5,17.5,17.5
2026-09-14,1418,17.4,17866,17.4,17.4,17.4
2026-09-15,1418,17.55,5242,17.55,17.55,17.55
2026-09-16,1418,17.9,37832,17.9,17.9,17.9
2026-09-17,1418,17.6,29143,17.6,17.6,17.6
2026-09-18,1418,17.65,23292,17.65,17.65,17.65
2026-09-21,1418,17.55,68257,17.55,17.55,17.55
2026-09-22,1418,17.35,37232,17.35,17.35,17.35
2026-09-23,1418,18.25,111165,18.25,18.25,18.25
2026-09-24,1418,18.3,39326,18.3,18.3,18.3
2026-09-29,1418,18.3,25023,18.3,18.3,18.3
2026-09-30,1418,18.35,45014,18.35,18.35,18.35
2026-10-01,1418,18.5,11038,18.5,18.5,18.5
2026-10-02,1418,18.4,43271,18.4,18.4,18.4
2026-10-05,1418,18.7,30322,18.7,18.7,18.7
2026-09-07,1419,68.3,86751,68.3,68.3,68.3
2026-09-08,1419,67.5,45959,67.5,67.5,67.5
2026-09-09,1419,67.9,64654,67.9,67.9,67.9
2026-09-10,1419,66.5,44140,66.5,66.5,66.5
2026-09-11,1419,67.1,56445,67.1,67.1,67.1
2026-09-14,1419,66.5,88431,66.5,66.5,66.5
2026-09-15,1419,65.9,128424,65.9,65.9,65.9
2026-09-16,1419,65.5,143031,65.5,65.5,65.5
2026-09-17,1419,66.2,42105,66.2,66.2,66.2
2026-09-18,1419,66.4,61759,66.4,66.4,66.4
2026-09-21,1419,66.1,16507,66.1,66.1,66.1
2026-09-22,1419,65.9,52129,65.9,65.9,65.9
2026-09-23,1419,65.7,44616,65.7,65.7,65.7
2026-09-24,1419,66.0,22200,66.0,66.0,66.0
2026-09-29,1419,65.6,56925,65.6,65.6,65.6
2026-09-30,1419,66.1,40647,66.1,66.1,66.1
2026-10-01,1419,65.8,21795,65.8,65.8,65.8
2026-10-02,1419,65.6,49208,65.6,65.6,65.6
2026-10-05,1419,65.3,35939,65.3,65.3,65.3
2026-09-07,1423,35.55,36504,35.55,35.55,35.55
2026-09-08,1423,35.6,2756,35.6,35.6,35.6
2026-09-09,1423,35.5,20465,35.5,35.5,35.5
2026-09-10,1423,35.4,9934,35.4,35.4,35.4
2026-09-11,1423,34.85,6131,34.85,34.85,34.85
2026-09-14,1423,34.8,4002,34.8,34.8,34.8
2026-09-15,1423,35.25,2001,35.25,35.25,35.25
2026-09-17,1423,35.0,7158,35.0,35.0,35.0
2026-09-18,1423,35.5,14645,35.5,35.5,35.5
2026-09-21,1423,34.75,13652,34.75,34.75,34.75
2026-09-22,1423,35.35,1755,35.35,35.35,35.35
2026-09-23,1423,34.65,12525,34.65,34.65,34.65
2026-09-24,1423,34.55,16383,34.55,34.55,34.55
2026-09-29,1423,34.35,6436,34.35,34.35,34.35
2026-09-30,1423,36.0,19091,36.0,36.0,36.0
2026-10-01,1423,35.5,2010,35.5,35.5,35.5
2026-10-02,1423,34.3,1618,34.3,34.3,34.3
2026-10-05,1423,34.5,3033,34.5,34.5,34.5
2026-09-07,1432,15.05,101747,15.05,15.05,15.05
2026-09-08,1432,15.05,72707,15.05,15.05,15.05
2026-09-09,1432,15.0,98954,15.0,15.0,15.0
2026-09-10,1432,15.0,63658,15.0,15.0,15.0
2026-09-11,1432,15.0,124225,15.0,15.0,15.0
2026-09-14,1432,14.95,64471,14.95,14.95,14.95
2026-09-15,1432,14.95,103442,14.95,14.95,14.95
2026-09-16,1432,14.95,86493,14.95,14.95,14.95
2026-09-17,1432,14.9,117740,14.9,14.9,14.9
2026-09-18,1432,15.0,46375,15.0,15.0,15.0
2026-09-21,1432,15.0,93657,15.0,15.0,15.0
2026-09-22,1432,15.0,66946,15.0,15.0,15.0
2026-09-23,1432,15.05,36774,15.05,15.05,15.05
2026-09-24,1432,15.05,51004,15.05,15.05,15.05
2026-09-29,1432,14.95,80105,14.95,14.95,14.95
2026-09-30,1432,15.0,77492,15.0,15.0,15.0
2026-10-01,1432,15.05,61056,15.05,15.05,15.05
2026-10-02,1432,14.95,87677,14.95,14.95,14.95
2026-10-05,1432,14.95,64767,14.95,14.95,14.95
2026-09-07,1434,18.1,1722132,18.1,18.1,18.1
2026-09-08,1434,17.8,2221461,17.8,17.8,17.8
2026-09-09,1434,18.15,1378010,18.15,18.15,18.15
2026-09-10,1434,18.0,1326912,18.0,18.0,18.0
2026-09-11,1434,17.8,953733,17.8,17.8,17.8
2026-09-14,1434,17.65,1288759,17.65,17.65,17.65
2026-09-15,1434,17.5,1208799,17.5,17.5,17.5
2026-09-16,1434,17.5,1258682,17.5,17.5,17.5
2026-09-17,1434,17.85,2213287,17.85,17.85,17.85
2026-09-18,1434,17.8,1929461,17.8,17.8,17.8
2026-09-21,1434,18.0,1632231,18.0,18.0,18.0
2026-09-22,1434,17.95,820852,17.95,17.95,17.95
2026-09-23,1434,17.9,898114,17.9,17.9,17.9
2026-09-24,1434,17.95,1287285,17.95,17.95,17.95
2026-09-29,1434,18.0,1341588,18.0,18.0,18.0
2026-09-30,1434,18.15,1720461,18.15,18.15,18.15
2026-10-01,1434,17.95,1414846,17.95,17.95,17.95
2026-10-02,1434,18.2,2191578,18.2,18.2,18.2
2026-10-05,1434,17.85,2063293,17.85,17.85,17.85
2026-09-07,1435,22.75,30893,22.75,22.75,22.75
2026-09-08,1435,23.35,9690,23.35,23.35,23.35
2026-09-09,1435,23.3,12018,23.3,23.3,23.3
2026-09-10,1435,23.3,13409,23.3,23.3,23.3
2026-09-11,1435,22.65,11255,22.65,22.65,22.65
2026-09-14,1435,22.35,8033,22.35,22.35,22.35
2026-09-15,1435,21.75,5278,21.75,21.75,21.75
2026-09-17,1435,22.4,7318,22.4,22.4,22.4
2026-09-18,1435,23.0,14494,23.0,23.0,23.0
2026-09-21,1435,23.1,7482,23.1,23.1,23.1
2026-09-22,1435,22.6,7165,22.6,22.6,22.6
2026-09-23,1435,22.35,11170,22.35,22.35,22.35
2026-09-24,1435,22.25,7361,22.25,22.25,22.25
2026-09-29,1435,21.75,6479,21.75,21.75,21.75
2026-09-30,1435,22.4,7893,22.4,22.4,22.4
2026-10-01,1435,22.0,20285,22.0,22.0,22.0
2026-10-02,1435,21.55,7056,21.55,21.55,21.55
2026-10-05,1435,21.5,11300,21.5,21.5,21.5
2026-09-07,1436,37.9,125818,37.9,37.9,37.9
2026-09-08,1436,37.15,214110,37.15,37.15,37.15
2026-09-09,1436,37.0,114250,37.0,37.0,37.0
2026-09-10,1436,36.95,107264,36.95,36.95,36.95
2026-09-11,1436,36.6,78155,36.6,36.6,36.6
2026-09-14,1436,36.45,139259,36.45,36.45,36.45
2026-09-15,1436,36.1,62288,36.1,36.1,36.1
2026-09-16,1436,36.2,267184,36.2,36.2,36.2
2026-09-17,1436,36.7,89191,36.7,36.7,36.7
2026-09-18,1436,38.65,645083,38.65,38.65,38.65
2026-09-21,1436,37.4,137613,37.4,37.4,37.4
2026-09-22,1436,36.9,230024,36.9,36.9,36.9
2026-09-23,1436,36.6,125926,36.6,36.6,36.6
2026-09-24,1436,36.15,76557,36.15,36.15,36.15
2026-09-29,1436,35.5,169161,35.5,35.5,35.5
2026-09-30,1436,35.7,121863,35.7,35.7,35.7
2026-10-01,1436,35.35,86138,35.35,35.35,35.35
2026-10-02,1436,35.35,112539,35.35,35.35,35.35
2026-10-05,1436,35.6,166293,35.6,35.6,35.6
2026-09-07,1437,32.2,84592,32.2,32.2,32.2
2026-09-08,1437,31.95,66198,31.95,31.95,31.95
2026-09-09,1437,31.8,66133,31.8,31.8,31.8
2026-09-10,1437,31.55,136337,31.55,31.55,31.55
2026-09-11,1437,31.85,45779,31.85,31.85,31.85
2026-09-14,1437,32.05,110491,32.05,32.05,32.05
2026-09-15,1437,32.25,125672,32.25,32.25,32.25
2026-09-16,1437,32.25,225573,32.25,32.25,32.25
2026-09-17,1437,32.45,146633,32.45,32.45,32.45
2026-09-18,1437,33.1,326881,33.1,33.1,33.1
2026-09-21,1437,33.0,103911,33.0,33.0,33.0
2026-09-22,1437,32.8,68937,32.8,32.8,32.8
2026-09-23,1437,32.85,36777,32.85,32.85,32.85
2026-09-24,1437,32.5,115052,32.5,32.5,32.5
2026-09-29,1437,31.85,71000,31.85,31.85,31.85
2026-09-30,1437,31.85,297005,31.85,31.85,31.85
2026-10-01,1437,31.85,62770,31.85,31.85,31.85
2026-10-02,1437,31.55,68563,31.55,31.55,31.55
2026-10-05,1437,31.25,139528,31.25,31.25,31.25
2026-09-07,1438,22.7,128040,22.7,22.7,22.7
2026-09-08,1438,23.3,194440,23.3,23.3,23.3
2026-09-09,1438,21.65,145158,21.65,21.65,21.65
2026-09-10,1438,21.55,24381,21.55,21.55,21.55
2026-09-11,1438,21.35,36425,21.35,21.35,21.35
2026-09-14,1438,21.35,12479,21.35,21.35,21.35
2026-09-15,1438,21.2,19606,21.2,21.2,21.2
2026-09-16,1438,21.25,52126,21.25,21.25,21.25
2026-09-17,1438,21.4,31706,21.4,21.4,21.4
2026-09-18,1438,22.4,90331,22.4,22.4,22.4
2026-09-21,1438,21.95,29862,21.95,21.95,21.95
2026-09-22,1438,21.7,45008,21.7,21.7,21.7
2026-09-23,1438,21.7,6436,21.7,21.7,21.7
2026-09-24,1438,21.5,46200,21.5,21.5,21.5
2026-09-29,1438,21.15,80755,21.15,21.15,21.15
2026-09-30,1438,21.15,155431,21.15,21.15,21.15
2026-10-01,1438,21.8,27847,21.8,21.8,21.8
2026-10-02,1438,21.4,26351,21.4,21.4,21.4
2026-10-05,1438,21.5,53017,21.5,21.5,21.5
2026-09-07,1439,29.5,55335,29.5,29.5,29.5
2026-09-08,1439,29.4,5816,29.4,29.4,29.4
2026-09-09,1439,29.3,21004,29.3,29.3,29.3
2026-09-10,1439,29.3,18000,29.3,29.3,29.3
2026-09-11,1439,29.3,2100,29.3,29.3,29.3
2026-09-14,1439,28.9,10248,28.9,28.9,28.9
2026-09-15,1439,27.7,57437,27.7,27.7,27.7
2026-09-16,1439,28.1,15254,28.1,28.1,28.1
2026-09-17,1439,28.55,10192,28.55,28.55,28.55
2026-09-18,1439,29.1,8044,29.1,29.1,29.1
2026-09-21,1439,29.35,44116,29.35,29.35,29.35
2026-09-22,1439,28.3,12793,28.3,28.3,28.3
2026-09-23,1439,28.1,31113,28.1,28.1,28.1
2026-09-24,1439,28.15,3000,28.15,28.15,28.15
2026-09-29,1439,28.15,5026,28.15,28.15,28.15
2026-09-30,1439,28.9,91000,28.9,28.9,28.9
2026-10-01,1439,28.95,59033,28.95,28.95,28.95
2026-10-02,1439,29.0,7533,29.0,29.0,29.0
2026-10-05,1439,29.3,4120,29.3,29.3,29.3
2026-09-07,1440,13.5,3393876,13.5,13.5,13.5
2026-09-08,1440,13.6,4140239,13.6,13.6,13.6
2026-09-09,1440,13.75,2551503,13.75,13.75,13.75
2026-09-10,1440,13.5,3172046,13.5,13.5,13.5
2026-09-11,1440,13.4,2703166,13.4,13.4,13.4
2026-09-14,1440,13.25,908353,13.25,13.25,13.25
2026-09-15,1440,13.05,1700760,13.05,13.05,13.05
2026-09-16,1440,12.9,2474429,12.9,12.9,12.9
2026-09-17,1440,13.45,2744843,13.45,13.45,13.45
2026-09-18,1440,13.45,1162303,13.45,13.45,13.45
2026-09-21,1440,13.4,1453601,13.4,13.4,13.4
2026-09-22,1440,13.25,2271519,13.25,13.25,13.25
2026-09-23,1440,13.25,1615250,13.25,13.25,13.25
2026-09-24,1440,13.5,5143466,13.5,13.5,13.5
2026-09-29,1440,13.3,2972551,13.3,13.3,13.3
2026-09-30,1440,13.65,3288885,13.65,13.65,13.65
2026-10-01,1440,13.4,2962057,13.4,13.4,13.4
2026-10-02,1440,13.3,2259795,13.3,13.3,13.3
2026-10-05,1440,13.4,3080225,13.4,13.4,13.4
2026-09-07,1441,8.8,35569,8.8,8.8,8.8
2026-09-08,1441,8.8,31570,8.8,8.8,8.8
2026-09-09,1441,8.66,38187,8.66,8.66,8.66
2026-09-10,1441,8.76,196786,8.76,8.76,8.76
2026-09-11,1441,8.69,34221,8.69,8.69,8.69
2026-09-14,1441,8.75,29347,8.75,8.75,8.75
2026-09-15,1441,8.61,21949,8.61,8.61,8.61
2026-09-16,1441,8.72,30524,8.72,8.72,8.72
2026-09-29,1441,10.15,101129,10.15,10.15,10.15
2026-09-30,1441,10.0,94731,10.0,10.0,10.0
2026-10-01,1441,9.87,39105,9.87,9.87,9.87
2026-10-02,1441,9.82,16021,9.82,9.82,9.82
2026-10-05,1441,9.81,26755,9.81,9.81,9.81
2026-09-07,1442,29.9,145717,29.9,29.9,29.9
2026-09-08,1442,30.05,94880,30.05,30.05,30.05
2026-09-09,1442,30.35,313515,30.35,30.35,30.35
2026-09-10,1442,30.3,159411,30.3,30.3,30.3
2026-09-11,1442,30.15,296448,30.15,30.15,30.15
2026-09-14,1442,29.85,110905,29.85,29.85,29.85
2026-09-15,1442,29.9,119625,29.9,29.9,29.9
2026-09-16,1442,30.25,815182,30.25,30.25,30.25
2026-09-17,1442,30.9,416925,30.9,30.9,30.9
2026-09-18,1442,31.4,1233837,31.4,31.4,31.4
2026-09-21,1442,31.6,1043362,31.6,31.6,31.6
2026-09-22,1442,31.15,1463470,31.15,31.15,31.15
2026-09-23,1442,27.8,793554,27.8,27.8,27.8
2026-09-24,1442,27.7,389288,27.7,27.7,27.7
2026-09-29,1442,26.9,645434,26.9,26.9,26.9
2026-09-30,1442,27.2,597660,27.2,27.2,27.2
2026-10-01,1442,26.5,966889,26.5,26.5,26.5
2026-10-02,1442,26.7,339864,26.7,26.7,26.7
2026-10-05,1442,26.1,411060,26.1,26.1,26.1
2026-09-07,1443,23.8,10003,23.8,23.8,23.8
2026-09-08,1443,23.65,7925,23.65,23.65,23.65
2026-09-09,1443,23.85,9340,23.85,23.85,23.85
2026-09-10,1443,23.8,15006,23.8,23.8,23.8
2026-09-11,1443,23.5,25199,23.5,23.5,23.5
2026-09-14,1443,23.3,25260,23.3,23.3,23.3
2026-09-15,1443,23.0,7032,23.0,23.0,23.0
2026-09-16,1443,23.05,8431,23.05,23.05,23.05
2026-09-17,1443,23.35,15647,23.35,23.35,23.35
2026-09-18,1443,23.5,9502,23.5,23.5,23.5
2026-09-21,1443,23.8,2092,23.8,23.8,23.8
2026-09-22,1443,23.35,4808,23.35,23.35,23.35
2026-09-23,1443,23.15,26043,23.15,23.15,23.15
2026-09-24,1443,23.05,14112,23.05,23.05,23.05
2026-09-29,1443,23.0,8001,23.0,23.0,23.0
2026-09-30,1443,23.45,15618,23.45,23.45,23.45
2026-10-01,1443,23.35,3001,23.35,23.35,23.35
2026-10-02,1443,22.85,17061,22.85,22.85,22.85
2026-10-05,1443,23.05,13277,23.05,23.05,23.05
2026-09-07,1444,7.03,1888976,7.03,7.03,7.03
2026-09-08,1444,6.99,2540661,6.99,6.99,6.99
2026-09-09,1444,7.04,2013185,7.04,7.04,7.04
2026-09-10,1444,6.97,1026772,6.97,6.97,6.97
2026-09-11,1444,6.76,2027699,6.76,6.76,6.76
2026-09-14,1444,6.73,788614,6.73,6.73,6.73
2026-09-15,1444,6.66,884227,6.66,6.66,6.66
2026-09-16,1444,6.69,594816,6.69,6.69,6.69
2026-09-17,1444,7.01,1795139,7.01,7.01,7.01
2026-09-18,1444,6.81,3325779,6.81,6.81,6.81
2026-09-21,1444,6.93,572463,6.93,6.93,6.93
2026-09-22,1444,6.86,514109,6.86,6.86,6.86
2026-09-23,1444,6.86,653243,6.86,6.86,6.86
2026-09-24,1444,6.86,751776,6.86,6.86,6.86
2026-09-29,1444,6.94,1187457,6.94,6.94,6.94
2026-09-30,1444,7.12,3209953,7.12,7.12,7.12
2026-10-01,1444,6.9,1233444,6.9,6.9,6.9
2026-10-02,1444,6.92,699057,6.92,6.92,6.92
2026-10-05,1444,6.8,1425235,6.8,6.8,6.8
2026-09-07,1445,10.4,24940,10.4,10.4,10.4
2026-09-08,1445,10.4,181191,10.4,10.4,10.4
2026-09-09,1445,10.3,118001,10.3,10.3,10.3
2026-09-10,1445,10.3,28913,10.3,10.3,10.3
2026-09-11,1445,10.3,103234,10.3,10.3,10.3
2026-09-14,1445,10.2,15077,10.2,10.2,10.2
2026-09-15,1445,10.15,59192,10.15,10.15,10.15
2026-09-16,1445,10.15,282036,10.15,10.15,10.15
2026-09-17,1445,10.0,146249,10.0,10.0,10.0
2026-09-18,1445,10.2,45601,10.2,10.2,10.2
2026-09-21,1445,10.25,12011,10.25,10.25,10.25
2026-09-22,1445,10.05,42954,10.05,10.05,10.05
2026-09-23,1445,10.05,17512,10.05,10.05,10.05
2026-09-24,1445,10.05,7106,10.05,10.05,10.05
2026-09-29,1445,10.0,49254,10.0,10.0,10.0
2026-09-30,1445,10.1,57497,10.1,10.1,10.1
2026-10-01,1445,10.0,49190,10.0,10.0,10.0
2026-10-02,1445,10.0,60064,10.0,10.0,10.0
2026-10-05,1445,9.98,93621,9.98,9.98,9.98
2026-09-07,1446,13.4,130982,13.4,13.4,13.4
2026-09-08,1446,13.35,109897,13.35,13.35,13.35
2026-09-09,1446,13.35,77512,13.35,13.35,13.35
2026-09-10,1446,13.3,122240,13.3,13.3,13.3
2026-09-11,1446,13.3,77210,13.3,13.3,13.3
2026-09-14,1446,13.35,46059,13.35,13.35,13.35
2026-09-15,1446,13.3,79045,13.3,13.3,13.3
2026-09-16,1446,13.35,141588,13.35,13.35,13.35
2026-09-17,1446,13.55,251259,13.55,13.55,13.55
2026-09-18,1446,13.75,179675,13.75,13.75,13.75
2026-09-21,1446,13.85,192070,13.85,13.85,13.85
2026-09-22,1446,13.65,236260,13.65,13.65,13.65
2026-09-23,1446,13.65,23251,13.65,13.65,13.65
2026-09-24,1446,13.6,38658,13.6,13.6,13.6
2026-09-29,1446,13.35,157652,13.35,13.35,13.35
2026-09-30,1446,13.4,226998,13.4,13.4,13.4
2026-10-01,1446,13.45,29311,13.45,13.45,13.45
2026-10-02,1446,13.4,139266,13.4,13.4,13.4
2026-10-05,1446,13.35,74766,13.35,13.35,13.35
2026-09-07,1447,6.68,1274485,6.68,6.68,6.68
2026-09-08,1447,6.69,817178,6.69,6.69,6.69
2026-09-09,1447,6.71,919066,6.71,6.71,6.71
2026-09-10,1447,6.69,609419,6.69,6.69,6.69
2026-09-11,1447,6.49,1186311,6.49,6.49,6.49
2026-09-14,1447,6.43,904376,6.43,6.43,6.43
2026-09-15,1447,6.31,736501,6.31,6.31,6.31
2026-09-16,1447,6.32,609501,6.32,6.32,6.32
2026-09-17,1447,6.63,1160757,6.63,6.63,6.63
2026-09-18,1447,6.47,963238,6.47,6.47,6.47
2026-09-21,1447,6.49,617263,6.49,6.49,6.49
2026-09-22,1447,6.4,805700,6.4,6.4,6.4
2026-09-23,1447,6.42,814573,6.42,6.42,6.42
2026-09-24,1447,6.39,717743,6.39,6.39,6.39
2026-09-29,1447,6.5,1370015,6.5,6.5,6.5
2026-09-30,1447,6.77,2189075,6.77,6.77,6.77
2026-10-01,1447,6.51,1028818,6.51,6.51,6.51
2026-10-02,1447,6.54,608327,6.54,6.54,6.54
2026-10-05,1447,6.41,1099224,6.41,6.41,6.41
2026-09-07,1449,12.15,174352,12.15,12.15,12.15
2026-09-08,1449,12.2,212415,12.2,12.2,12.2
2026-09-09,1449,12.3,241224,12.3,12.3,12.3
2026-09-10,1449,12.35,263616,12.35,12.35,12.35
2026-09-11,1449,12.2,351717,12.2,12.2,12.2
2026-09-14,1449,12.3,185305,12.3,12.3,12.3
2026-09-15,1449,12.1,204958,12.1,12.1,12.1
2026-09-16,1449,12.05,232126,12.05,12.05,12.05
2026-09-17,1449,12.3,611266,12.3,12.3,12.3
2026-09-18,1449,12.3,265785,12.3,12.3,12.3
2026-09-21,1449,12.55,413571,12.55,12.55,12.55
2026-09-22,1449,12.35,414228,12.35,12.35,12.35
2026-09-23,1449,12.3,322458,12.3,12.3,12.3
2026-09-24,1449,12.45,285781,12.45,12.45,12.45
2026-09-29,1449,12.35,200913,12.35,12.35,12.35
2026-09-30,1449,12.5,288196,12.5,12.5,12.5
2026-10-01,1449,12.3,192790,12.3,12.3,12.3
2026-10-02,1449,12.35,170145,12.35,12.35,12.35
2026-10-05,1449,12.35,241667,12.35,12.35,12.35
2026-09-07,1451,17.3,42398,17.3,17.3,17.3
2026-09-08,1451,17.3,27096,17.3,17.3,17.3
2026-09-09,1451,17.25,64973,17.25,17.25,17.25
2026-09-10,1451,17.2,39297,17.2,17.2,17.2
2026-09-11,1451,17.0,152025,17.0,17.0,17.0
2026-09-14,1451,17.05,96981,17.05,17.05,17.05
2026-09-15,1451,16.9,97725,16.9,16.9,16.9
2026-09-16,1451,17.05,21081,17.05,17.05,17.05
2026-09-17,1451,17.1,95337,17.1,17.1,17.1
2026-09-18,1451,17.1,48435,17.1,17.1,17.1
2026-09-21,1451,17.1,106114,17.1,17.1,17.1
2026-09-22,1451,17.1,131244,17.1,17.1,17.1
2026-09-23,1451,17.1,66059,17.1,17.1,17.1
2026-09-24,1451,17.1,69603,17.1,17.1,17.1
2026-09-29,1451,16.9,117464,16.9,16.9,16.9
2026-09-30,1451,17.0,83975,17.0,17.0,17.0
2026-10-01,1451,17.0,199338,17.0,17.0,17.0
2026-10-02,1451,17.05,110707,17.05,17.05,17.05
2026-10-05,1451,17.0,153834,17.0,17.0,17.0
2026-09-07,1452,11.25,128188,11.25,11.25,11.25
2026-09-08,1452,11.3,73496,11.3,11.3,11.3
2026-09-09,1452,11.25,53120,11.25,11.25,11.25
2026-09-10,1452,11.15,82324,11.15,11.15,11.15
2026-09-11,1452,11.2,16507,11.2,11.2,11.2
2026-09-14,1452,11.1,9061,11.1,11.1,11.1
2026-09-15,1452,11.0,14255,11.0,11.0,11.0
2026-09-16,1452,10.85,237876,10.85,10.85,10.85
2026-09-17,1452,10.8,152536,10.8,10.8,10.8
2026-09-18,1452,10.8,59436,10.8,10.8,10.8
2026-09-21,1452,10.9,63272,10.9,10.9,10.9
2026-09-22,1452,10.75,46861,10.75,10.75,10.75
2026-09-23,1452,10.8,32235,10.8,10.8,10.8
2026-09-24,1452,10.8,29418,10.8,10.8,10.8
2026-09-29,1452,10.7,52416,10.7,10.7,10.7
2026-09-30,1452,10.8,49014,10.8,10.8,10.8
2026-10-01,1452,10.8,19052,10.8,10.8,10.8
2026-10-02,1452,10.7,41069,10.7,10.7,10.7
2026-10-05,1452,10.6,96709,10.6,10.6,10.6
2026-09-07,1453,11.05,25966,11.05,11.05,11.05
2026-09-08,1453,11.0,27410,11.0,11.0,11.0
2026-09-09,1453,11.1,8877,11.1,11.1,11.1
2026-09-10,1453,11.1,68410,11.1,11.1,11.1
2026-09-11,1453,10.95,27646,10.95,10.95,10.95
2026-09-14,1453,10.9,14747,10.9,10.9,10.9
2026-09-15,1453,10.8,47026,10.8,10.8,10.8
2026-09-16,1453,10.85,45297,10.85,10.85,10.85
2026-09-17,1453,10.95,15602,10.95,10.95,10.95
2026-09-18,1453,11.1,70272,11.1,11.1,11.1
2026-09-21,1453,11.0,27505,11.0,11.0,11.0
2026-09-22,1453,10.9,34749,10.9,10.9,10.9
2026-09-23,1453,10.85,23228,10.85,10.85,10.85
2026-09-24,1453,10.9,33732,10.9,10.9,10.9
2026-09-29,1453,10.8,12794,10.8,10.8,10.8
2026-09-30,1453,10.9,25495,10.9,10.9,10.9
2026-10-01,1453,10.9,11353,10.9,10.9,10.9
2026-10-02,1453,10.95,25165,10.95,10.95,10.95
2026-10-05,1453,10.9,56122,10.9,10.9,10.9
2026-09-07,1454,12.35,57596,12.35,12.35,12.35
2026-09-08,1454,12.3,36122,12.3,12.3,12.3
2026-09-09,1454,12.25,29833,12.25,12.25,12.25
2026-09-10,1454,12.85,98933,12.85,12.85,12.85
2026-09-11,1454,12.5,61513,12.5,12.5,12.5
2026-09-14,1454,12.45,7001,12.45,12.45,12.45
2026-09-15,1454,12.55,43194,12.55,12.55,12.55
2026-09-16,1454,12.6,36242,12.6,12.6,12.6
2026-09-17,1454,12.6,29292,12.6,12.6,12.6
2026-09-18,1454,12.6,13678,12.6,12.6,12.6
2026-09-21,1454,12.45,18762,12.45,12.45,12.45
2026-09-22,1454,12.55,37552,12.55,12.55,12.55
2026-09-23,1454,12.35,34013,12.35,12.35,12.35
2026-09-24,1454,12.3,16473,12.3,12.3,12.3
2026-09-29,1454,12.15,30096,12.15,12.15,12.15
2026-09-30,1454,12.2,20501,12.2,12.2,12.2
2026-10-01,1454,12.15,11668,12.15,12.15,12.15
2026-10-02,1454,12.1,46413,12.1,12.1,12.1
2026-10-05,1454,12.05,23401,12.05,12.05,12.05
2026-09-07,1455,9.8,1674869,9.8,9.8,9.8
2026-09-08,1455,9.9,933596,9.9,9.9,9.9
2026-09-09,1455,10.0,1128381,10.0,10.0,10.0
2026-09-10,1455,9.97,478826,9.97,9.97,9.97
2026-09-11,1455,9.84,1005983,9.84,9.84,9.84
2026-09-14,1455,9.7,449168,9.7,9.7,9.7
2026-09-15,1455,9.6,470308,9.6,9.6,9.6
2026-09-16,1455,9.52,476524,9.52,9.52,9.52
2026-09-17,1455,9.89,963403,9.89,9.89,9.89
2026-09-18,1455,9.95,1004247,9.95,9.95,9.95
2026-09-21,1455,9.77,483707,9.77,9.77,9.77
2026-09-22,1455,9.71,409984,9.71,9.71,9.71
2026-09-23,1455,9.73,305029,9.73,9.73,9.73
2026-09-24,1455,9.68,207283,9.68,9.68,9.68
2026-09-29,1455,9.68,520420,9.68,9.68,9.68
2026-09-30,1455,9.94,813294,9.94,9.94,9.94
2026-10-01,1455,9.84,326384,9.84,9.84,9.84
2026-10-02,1455,10.0,1197742,10.0,10.0,10.0
2026-10-05,1455,9.87,869674,9.87,9.87,9.87
2026-09-07,1456,13.6,41225,13.6,13.6,13.6
2026-09-08,1456,14.35,95038,14.35,14.35,14.35
2026-09-09,1456,14.05,22173,14.05,14.05,14.05
2026-09-10,1456,14.25,1538427,14.25,14.25,14.25
2026-09-11,1456,14.35,444069,14.35,14.35,14.35
2026-09-14,1456,14.3,140028,14.3,14.3,14.3
2026-09-15,1456,13.9,241173,13.9,13.9,13.9
2026-09-16,1456,13.9,154010,13.9,13.9,13.9
2026-09-17,1456,13.9,137568,13.9,13.9,13.9
2026-09-18,1456,14.05,93472,14.05,14.05,14.05
2026-09-21,1456,14.5,150402,14.5,14.5,14.5
2026-09-22,1456,14.2,126200,14.2,14.2,14.2
2026-09-23,1456,13.95,169576,13.95,13.95,13.95
2026-09-24,1456,14.7,259796,14.7,14.7,14.7
2026-09-29,1456,14.6,95229,14.6,14.6,14.6
2026-09-30,1456,14.65,70560,14.65,14.65,14.65
2026-10-01,1456,14.8,158906,14.8,14.8,14.8
2026-10-02,1456,15.1,165565,15.1,15.1,15.1
2026-10-05,1456,14.85,77001,14.85,14.85,14.85
2026-09-07,1457,14.3,143901,14.3,14.3,14.3
2026-09-08,1457,14.35,66266,14.35,14.35,14.35
2026-09-09,1457,14.5,75528,14.5,14.5,14.5
2026-09-10,1457,14.45,25886,14.45,14.45,14.45
2026-09-11,1457,14.5,56008,14.5,14.5,14.5
2026-09-14,1457,14.45,153986,14.45,14.45,14.45
2026-09-15,1457,14.35,37872,14.35,14.35,14.35
2026-09-16,1457,14.3,84460,14.3,14.3,14.3
2026-09-17,1457,14.45,111847,14.45,14.45,14.45
2026-09-18,1457,14.55,153691,14.55,14.55,14.55
2026-09-21,1457,14.5,74546,14.5,14.5,14.5
2026-09-22,1457,14.5,67428,14.5,14.5,14.5
2026-09-23,1457,14.4,110638,14.4,14.4,14.4
2026-09-24,1457,14.35,45123,14.35,14.35,14.35
2026-09-29,1457,14.3,75983,14.3,14.3,14.3
2026-09-30,1457,14.4,53751,14.4,14.4,14.4
2026-10-01,1457,14.45,71418,14.45,14.45,14.45
2026-10-02,1457,14.35,61701,14.35,14.35,14.35
2026-10-05,1457,14.3,127103,14.3,14.3,14.3
2026-09-07,1459,15.35,260639,15.35,15.35,15.35
2026-09-08,1459,15.6,119369,15.6,15.6,15.6
2026-09-09,1459,15.45,100342,15.45,15.45,15.45
2026-09-10,1459,15.55,131964,15.55,15.55,15.55
2026-09-11,1459,15.5,127372,15.5,15.5,15.5
2026-09-14,1459,15.25,38356,15.25,15.25,15.25
2026-09-15,1459,15.35,172508,15.35,15.35,15.35
2026-09-16,1459,15.55,176813,15.55,15.55,15.55
2026-09-17,1459,15.75,130591,15.75,15.75,15.75
2026-09-18,1459,15.6,170958,15.6,15.6,15.6
2026-09-21,1459,15.75,35319,15.75,15.75,15.75
2026-09-22,1459,15.8,47754,15.8,15.8,15.8
2026-09-23,1459,15.8,177493,15.8,15.8,15.8
2026-09-24,1459,15.95,17332,15.95,15.95,15.95
2026-09-29,1459,16.0,98990,16.0,16.0,16.0
2026-09-30,1459,16.7,356148,16.7,16.7,16.7
2026-10-01,1459,17.0,215213,17.0,17.0,17.0
2026-10-02,1459,18.7,1105002,18.7,18.7,18.7
2026-10-05,1459,20.55,1209062,20.55,20.55,20.55
2026-09-07,1460,6.59,129962,6.59,6.59,6.59
2026-09-08,1460,6.55,214830,6.55,6.55,6.55
2026-09-09,1460,6.57,171755,6.57,6.57,6.57
2026-09-10,1460,6.51,370271,6.51,6.51,6.51
2026-09-11,1460,6.47,182464,6.47,6.47,6.47
2026-09-14,1460,6.42,289122,6.42,6.42,6.42
2026-09-15,1460,6.28,386923,6.28,6.28,6.28
2026-09-16,1460,6.25,249188,6.25,6.25,6.25
2026-09-17,1460,6.38,236252,6.38,6.38,6.38
2026-09-18,1460,6.38,154660,6.38,6.38,6.38
2026-09-21,1460,6.34,145789,6.34,6.34,6.34
2026-09-22,1460,6.3,142157,6.3,6.3,6.3
2026-09-23,1460,6.28,177559,6.28,6.28,6.28
2026-09-24,1460,6.25,267832,6.25,6.25,6.25
2026-09-29,1460,6.24,144069,6.24,6.24,6.24
2026-09-30,1460,6.26,421176,6.26,6.26,6.26
2026-10-01,1460,6.23,169811,6.23,6.23,6.23
2026-10-02,1460,6.2,264301,6.2,6.2,6.2
2026-10-05,1460,6.12,339464,6.12,6.12,6.12
2026-09-07,1463,17.3,59557,17.3,17.3,17.3
2026-09-08,1463,17.25,26345,17.25,17.25,17.25
2026-09-09,1463,17.2,14282,17.2,17.2,17.2
2026-09-10,1463,17.05,75390,17.05,17.05,17.05
2026-09-11,1463,17.2,69267,17.2,17.2,17.2
2026-09-14,1463,17.05,167015,17.05,17.05,17.05
2026-09-15,1463,17.6,281006,17.6,17.6,17.6
2026-09-16,1463,17.75,226513,17.75,17.75,17.75
2026-09-17,1463,17.45,24187,17.45,17.45,17.45
2026-09-18,1463,17.5,31618,17.5,17.5,17.5
2026-09-21,1463,17.6,86291,17.6,17.6,17.6
2026-09-22,1463,17.65,143021,17.65,17.65,17.65
2026-09-23,1463,17.6,5020,17.6,17.6,17.6
2026-09-24,1463,17.75,92045,17.75,17.75,17.75
2026-09-29,1463,17.55,40209,17.55,17.55,17.55
2026-09-30,1463,17.5,34041,17.5,17.5,17.5
2026-10-01,1463,17.5,12067,17.5,17.5,17.5
2026-10-02,1463,17.45,19317,17.45,17.45,17.45
2026-10-05,1463,17.5,18892,17.5,17.5,17.5
2026-09-07,1464,10.05,218551,10.05,10.05,10.05
2026-09-08,1464,10.05,472500,10.05,10.05,10.05
2026-09-09,1464,10.05,440767,10.05,10.05,10.05
2026-09-10,1464,10.0,231146,10.0,10.0,10.0
2026-09-11,1464,9.99,171362,9.99,9.99,9.99
2026-09-14,1464,9.95,220313,9.95,9.95,9.95
2026-09-15,1464,9.96,492932,9.96,9.96,9.96
2026-09-16,1464,9.91,568570,9.91,9.91,9.91
2026-09-17,1464,9.94,370710,9.94,9.94,9.94
2026-09-18,1464,9.95,146158,9.95,9.95,9.95
2026-09-21,1464,9.95,314906,9.95,9.95,9.95
2026-09-22,1464,10.0,361994,10.0,10.0,10.0
2026-09-23,1464,10.0,177781,10.0,10.0,10.0
2026-09-24,1464,9.97,137078,9.97,9.97,9.97
2026-09-29,1464,9.94,445668,9.94,9.94,9.94
2026-09-30,1464,9.98,294368,9.98,9.98,9.98
2026-10-01,1464,10.0,328472,10.0,10.0,10.0
2026-10-02,1464,9.99,150192,9.99,9.99,9.99
2026-10-05,1464,9.93,239425,9.93,9.93,9.93
2026-09-07,1465,11.9,117788,11.9,11.9,11.9
2026-09-08,1465,11.85,187562,11.85,11.85,11.85
2026-09-09,1465,11.95,116059,11.95,11.95,11.95
2026-09-10,1465,12.0,99984,12.0,12.0,12.0
2026-09-11,1465,11.9,97918,11.9,11.9,11.9
2026-09-14,1465,11.9,78804,11.9,11.9,11.9
2026-09-15,1465,11.95,30280,11.95,11.95,11.95
2026-09-16,1465,11.7,204531,11.7,11.7,11.7
2026-09-17,1465,11.55,496088,11.55,11.55,11.55
2026-09-18,1465,11.7,221714,11.7,11.7,11.7
2026-09-21,1465,11.55,190789,11.55,11.55,11.55
2026-09-22,1465,11.6,173094,11.6,11.6,11.6
2026-09-23,1465,11.6,273176,11.6,11.6,11.6
2026-09-24,1465,11.6,19251,11.6,11.6,11.6
2026-09-29,1465,11.55,73543,11.55,11.55,11.55
2026-09-30,1465,11.65,33443,11.65,11.65,11.65
2026-10-01,1465,11.65,52021,11.65,11.65,11.65
2026-10-02,1465,11.65,28536,11.65,11.65,11.65
2026-10-05,1465,11.65,78150,11.65,11.65,11.65
2026-09-07,1466,15.6,323863,15.6,15.6,15.6
2026-09-08,1466,15.5,305319,15.5,15.5,15.5
2026-09-09,1466,15.3,293884,15.3,15.3,15.3
2026-09-10,1466,15.0,261338,15.0,15.0,15.0
2026-09-11,1466,14.8,266554,14.8,14.8,14.8
2026-09-14,1466,14.85,174021,14.85,14.85,14.85
2026-09-15,1466,14.7,171002,14.7,14.7,14.7
2026-09-16,1466,14.85,224159,14.85,14.85,14.85
2026-09-17,1466,14.95,299518,14.95,14.95,14.95
2026-09-18,1466,15.0,201082,15.0,15.0,15.0
2026-09-21,1466,15.1,341388,15.1,15.1,15.1
2026-09-22,1466,14.95,275284,14.95,14.95,14.95
2026-09-23,1466,14.95,129964,14.95,14.95,14.95
2026-09-24,1466,14.75,67430,14.75,14.75,14.75
2026-09-29,1466,14.85,188257,14.85,14.85,14.85
2026-09-30,1466,14.85,179670,14.85,14.85,14.85
2026-10-01,1466,14.7,118037,14.7,14.7,14.7
2026-10-02,1466,14.55,160419,14.55,14.55,14.55
2026-10-05,1466,14.35,254894,14.35,14.35,14.35
2026-09-07,1467,8.05,292951,8.05,8.05,8.05
2026-09-08,1467,8.21,116361,8.21,8.21,8.21
2026-09-09,1467,8.2,81249,8.2,8.2,8.2
2026-09-10,1467,8.23,173206,8.23,8.23,8.23
2026-09-11,1467,7.96,413548,7.96,7.96,7.96
2026-09-14,1467,7.95,84741,7.95,7.95,7.95
2026-09-15,1467,7.9,62059,7.9,7.9,7.9
2026-09-16,1467,7.97,136520,7.97,7.97,7.97
2026-09-17,1467,8.14,167036,8.14,8.14,8.14
2026-09-18,1467,8.1,110965,8.1,8.1,8.1
2026-09-21,1467,8.09,48497,8.09,8.09,8.09
2026-09-22,1467,8.15,214081,8.15,8.15,8.15
2026-09-23,1467,8.07,160300,8.07,8.07,8.07
2026-09-24,1467,8.05,24833,8.05,8.05,8.05
2026-09-29,1467,8.03,65726,8.03,8.03,8.03
2026-09-30,1467,8.03,150421,8.03,8.03,8.03
2026-10-01,1467,7.94,372161,7.94,7.94,7.94
2026-10-02,1467,8.62,1799273,8.62,8.62,8.62
2026-10-05,1467,8.22,595167,8.22,8.22,8.22
2026-09-07,1468,13.5,90056,13.5,13.5,13.5
2026-09-08,1468,13.5,46415,13.5,13.5,13.5
2026-09-09,1468,13.45,43000,13.45,13.45,13.45
2026-09-10,1468,13.4,50000,13.4,13.4,13.4
2026-09-11,1468,13.15,46009,13.15,13.15,13.15
2026-09-14,1468,13.25,73000,13.25,13.25,13.25
2026-09-15,1468,13.1,92000,13.1,13.1,13.1
2026-09-16,1468,12.85,45000,12.85,12.85,12.85
2026-09-17,1468,13.1,77646,13.1,13.1,13.1
2026-09-18,1468,13.25,56000,13.25,13.25,13.25
2026-09-21,1468,13.1,39000,13.1,13.1,13.1
2026-09-22,1468,13.0,68000,13.0,13.0,13.0
2026-09-23,1468,13.0,67000,13.0,13.0,13.0
2026-09-24,1468,13.2,54000,13.2,13.2,13.2
2026-09-29,1468,13.15,59000,13.15,13.15,13.15
2026-09-30,1468,13.5,79041,13.5,13.5,13.5
2026-10-01,1468,13.55,63000,13.55,13.55,13.55
2026-10-02,1468,13.2,42000,13.2,13.2,13.2
2026-10-05,1468,13.15,428000,13.15,13.15,13.15
2026-09-07,1470,24.5,17000,24.5,24.5,24.5
2026-09-08,1470,23.9,25385,23.9,23.9,23.9
2026-09-09,1470,24.2,5361,24.2,24.2,24.2
2026-09-10,1470,23.9,2048,23.9,23.9,23.9
2026-09-11,1470,23.95,30088,23.95,23.95,23.95
2026-09-14,1470,23.8,3025,23.8,23.8,23.8
2026-09-15,1470,23.85,4003,23.85,23.85,23.85
2026-09-16,1470,23.8,45000,23.8,23.8,23.8
2026-09-17,1470,24.25,37462,24.25,24.25,24.25
2026-09-18,1470,24.5,10034,24.5,24.5,24.5
2026-09-21,1470,24.5,24000,24.5,24.5,24.5
2026-09-22,1470,24.45,11001,24.45,24.45,24.45
2026-09-23,1470,24.0,4001,24.0,24.0,24.0
2026-09-24,1470,23.7,1000,23.7,23.7,23.7
2026-09-29,1470,23.45,5025,23.45,23.45,23.45
2026-09-30,1470,24.15,60030,24.15,24.15,24.15
2026-10-01,1470,24.4,6000,24.4,24.4,24.4
2026-10-02,1470,24.5,9000,24.5,24.5,24.5
2026-10-05,1470,24.1,7010,24.1,24.1,24.1
2026-09-07,1471,9.69,184294,9.69,9.69,9.69
2026-09-08,1471,9.65,132450,9.65,9.65,9.65
2026-09-09,1471,9.74,263023,9.74,9.74,9.74
2026-09-10,1471,9.65,112337,9.65,9.65,9.65
2026-09-11,1471,9.48,267604,9.48,9.48,9.48
2026-09-14,1471,9.5,139326,9.5,9.5,9.5
2026-09-15,1471,9.3,114788,9.3,9.3,9.3
2026-09-16,1471,9.3,174527,9.3,9.3,9.3
2026-09-17,1471,9.35,222912,9.35,9.35,9.35
2026-09-18,1471,9.36,173295,9.36,9.36,9.36
2026-09-21,1471,9.6,309644,9.6,9.6,9.6
2026-09-22,1471,9.48,287994,9.48,9.48,9.48
2026-09-23,1471,9.47,260747,9.47,9.47,9.47
2026-09-24,1471,9.4,113249,9.4,9.4,9.4
2026-09-29,1471,9.3,134939,9.3,9.3,9.3
2026-09-30,1471,9.46,258382,9.46,9.46,9.46
2026-10-01,1471,9.49,88354,9.49,9.49,9.49
2026-10-02,1471,9.43,120432,9.43,9.43,9.43
2026-10-05,1471,9.45,284764,9.45,9.45,9.45
2026-09-07,1472,90.5,11544,90.5,90.5,90.5
2026-09-08,1472,90.0,102539,90.0,90.0,90.0
2026-09-09,1472,89.5,30221,89.5,89.5,89.5
2026-09-10,1472,89.5,7022,89.5,89.5,89.5
2026-09-15,1472,88.3,25050,88.3,88.3,88.3
2026-09-16,1472,87.8,25082,87.8,87.8,87.8
2026-09-17,1472,87.5,14593,87.5,87.5,87.5
2026-09-18,1472,87.4,102427,87.4,87.4,87.4
2026-09-21,1472,87.3,129376,87.3,87.3,87.3
2026-09-22,1472,87.1,47090,87.1,87.1,87.1
2026-09-23,1472,88.1,41250,88.1,88.1,88.1
2026-09-24,1472,88.0,16063,88.0,88.0,88.0
2026-09-29,1472,88.1,25130,88.1,88.1,88.1
2026-09-30,1472,88.8,81515,88.8,88.8,88.8
2026-10-01,1472,88.8,103196,88.8,88.8,88.8
2026-10-02,1472,87.5,118236,87.5,87.5,87.5
2026-10-05,1472,86.9,65041,86.9,86.9,86.9
2026-09-07,1473,20.1,35546,20.1,20.1,20.1
2026-09-08,1473,20.1,41036,20.1,20.1,20.1
2026-09-09,1473,20.1,39160,20.1,20.1,20.1
2026-09-10,1473,20.0,24713,20.0,20.0,20.0
2026-09-11,1473,19.9,22198,19.9,19.9,19.9
2026-09-14,1473,19.75,33401,19.75,19.75,19.75
2026-09-15,1473,19.65,164728,19.65,19.65,19.65
2026-09-16,1473,19.6,61171,19.6,19.6,19.6
2026-09-17,1473,19.8,18451,19.8,19.8,19.8
2026-09-18,1473,19.8,53890,19.8,19.8,19.8
2026-09-21,1473,19.6,37372,19.6,19.6,19.6
2026-09-22,1473,19.5,130097,19.5,19.5,19.5
2026-09-23,1473,19.45,63137,19.45,19.45,19.45
2026-09-24,1473,19.5,137652,19.5,19.5,19.5
2026-09-29,1473,19.3,30004,19.3,19.3,19.3
2026-09-30,1473,19.25,121246,19.25,19.25,19.25
2026-10-01,1473,19.25,99306,19.25,19.25,19.25
2026-10-02,1473,19.15,132509,19.15,19.15,19.15
2026-10-05,1473,19.1,141586,19.1,19.1,19.1
2026-09-07,1474,9.99,25750,9.99,9.99,9.99
2026-09-08,1474,9.97,43560,9.97,9.97,9.97
2026-09-09,1474,10.0,33986,10.0,10.0,10.0
2026-09-10,1474,9.95,48009,9.95,9.95,9.95
2026-09-11,1474,10.0,122711,10.0,10.0,10.0
2026-09-14,1474,9.88,41000,9.88,9.88,9.88
2026-09-15,1474,9.72,81744,9.72,9.72,9.72
2026-09-16,1474,9.83,76550,9.83,9.83,9.83
2026-09-17,1474,10.05,443245,10.05,10.05,10.05
2026-09-18,1474,10.05,48177,10.05,10.05,10.05
2026-09-21,1474,10.05,36177,10.05,10.05,10.05
2026-09-22,1474,10.0,35699,10.0,10.0,10.0
2026-09-23,1474,9.98,50201,9.98,9.98,9.98
2026-09-24,1474,10.0,66749,10.0,10.0,10.0
2026-09-29,1474,10.05,65447,10.05,10.05,10.05
2026-09-30,1474,10.05,80549,10.05,10.05,10.05
2026-10-01,1474,10.05,80621,10.05,10.05,10.05
2026-10-02,1474,9.98,93677,9.98,9.98,9.98
2026-10-05,1474,9.98,379117,9.98,9.98,9.98
2026-09-07,1475,26.35,21000,26.35,26.35,26.35
2026-09-08,1475,26.0,31871,26.0,26.0,26.0
2026-09-09,1475,26.3,46201,26.3,26.3,26.3
2026-09-10,1475,26.05,74020,26.05,26.05,26.05
2026-09-11,1475,26.05,14018,26.05,26.05,26.05
2026-09-14,1475,26.05,30050,26.05,26.05,26.05
2026-09-15,1475,26.25,18528,26.25,26.25,26.25
2026-09-16,1475,25.9,14130,25.9,25.9,25.9
2026-09-17,1475,26.05,21532,26.05,26.05,26.05
2026-09-18,1475,26.25,12000,26.25,26.25,26.25
2026-09-21,1475,26.1,10040,26.1,26.1,26.1
2026-09-22,1475,26.1,6200,26.1,26.1,26.1
2026-09-23,1475,26.3,6238,26.3,26.3,26.3
2026-09-24,1475,26.35,4570,26.35,26.35,26.35
2026-09-29,1475,25.8,25142,25.8,25.8,25.8
2026-09-30,1475,26.0,7010,26.0,26.0,26.0
2026-10-01,1475,26.05,6000,26.05,26.05,26.05
2026-10-02,1475,26.1,18207,26.1,26.1,26.1
2026-10-05,1475,26.1,16435,26.1,26.1,26.1
2026-09-07,1476,306.0,1813748,306.0,306.0,306.0
2026-09-08,1476,300.0,2603139,300.0,300.0,300.0
2026-09-09,1476,295.5,1756884,295.5,295.5,295.5
2026-09-10,1476,290.0,1536439,290.0,290.0,290.0
2026-09-11,1476,288.5,741092,288.5,288.5,288.5
2026-09-14,1476,288.0,783272,288.0,288.0,288.0
2026-09-15,1476,285.0,1039100,285.0,285.0,285.0
2026-09-16,1476,284.0,1088777,284.0,284.0,284.0
2026-09-17,1476,284.0,1077099,284.0,284.0,284.0
2026-09-18,1476,282.0,1103191,282.0,282.0,282.0
2026-09-21,1476,279.0,1124231,279.0,279.0,279.0
2026-09-22,1476,274.0,2066725,274.0,274.0,274.0
2026-09-23,1476,281.0,1131791,281.0,281.0,281.0
2026-09-24,1476,276.5,1332740,276.5,276.5,276.5
2026-09-29,1476,273.0,1313965,273.0,273.0,273.0
2026-09-30,1476,274.0,1501297,274.0,274.0,274.0
2026-10-01,1476,274.5,831703,274.5,274.5,274.5
2026-10-02,1476,278.0,865971,278.0,278.0,278.0
2026-10-05,1476,278.5,1709131,278.5,278.5,278.5
2026-09-07,1477,195.0,1846341,195.0,195.0,195.0
2026-09-08,1477,198.0,1213497,198.0,198.0,198.0
2026-09-09,1477,197.5,1473050,197.5,197.5,197.5
2026-09-10,1477,197.5,848371,197.5,197.5,197.5
2026-09-11,1477,196.5,785085,196.5,196.5,196.5
2026-09-14,1477,194.5,683737,194.5,194.5,194.5
2026-09-15,1477,192.0,726664,192.0,192.0,192.0
2026-09-16,1477,191.0,1946631,191.0,191.0,191.0
2026-09-17,1477,194.0,1369161,194.0,194.0,194.0
2026-09-18,1477,194.0,2075757,194.0,194.0,194.0
2026-09-21,1477,191.5,938292,191.5,191.5,191.5
2026-09-22,1477,190.5,2119942,190.5,190.5,190.5
2026-09-23,1477,192.5,952814,192.5,192.5,192.5
2026-09-24,1477,191.0,781995,191.0,191.0,191.0
2026-09-29,1477,190.0,518380,190.0,190.0,190.0
2026-09-30,1477,192.0,1246992,192.0,192.0,192.0
2026-10-01,1477,190.5,912315,190.5,190.5,190.5
2026-10-02,1477,192.0,666551,192.0,192.0,192.0
2026-10-05,1477,197.5,2063969,197.5,197.5,197.5
2026-09-07,1503,207.5,1513620,207.5,207.5,207.5
2026-09-08,1503,204.5,1075972,204.5,204.5,204.5
2026-09-09,1503,206.0,1065668,206.0,206.0,206.0
2026-09-10,1503,205.0,1763548,205.0,205.0,205.0
2026-09-11,1503,202.0,1253200,202.0,202.0,202.0
2026-09-14,1503,197.0,2304098,197.0,197.0,197.0
2026-09-15,1503,195.0,839563,195.0,195.0,195.0
2026-09-16,1503,195.5,657655,195.5,195.5,195.5
2026-09-17,1503,197.5,795159,197.5,197.5,197.5
2026-09-18,1503,199.5,1106082,199.5,199.5,199.5
2026-09-21,1503,198.5,596250,198.5,198.5,198.5
2026-09-22,1503,197.0,863639,197.0,197.0,197.0
2026-09-23,1503,196.5,537575,196.5,196.5,196.5
2026-09-24,1503,196.0,625987,196.0,196.0,196.0
2026-09-29,1503,194.0,803599,194.0,194.0,194.0
2026-09-30,1503,197.5,779812,197.5,197.5,197.5
2026-10-01,1503,197.5,346701,197.5,197.5,197.5
2026-10-02,1503,197.0,689817,197.0,197.0,197.0
2026-10-05,1503,196.0,899353,196.0,196.0,196.0
2026-09-07,1504,71.7,4386985,71.7,71.7,71.7
2026-09-08,1504,70.4,5634282,70.4,70.4,70.4
2026-09-09,1504,70.9,3448400,70.9,70.9,70.9
2026-09-10,1504,70.6,3556966,70.6,70.6,70.6
2026-09-11,1504,69.5,4571707,69.5,69.5,69.5
2026-09-14,1504,70.3,8281276,70.3,70.3,70.3
2026-09-15,1504,69.0,3641620,69.0,69.0,69.0
2026-09-16,1504,70.2,5463569,70.2,70.2,70.2
2026-09-17,1504,70.9,4233525,70.9,70.9,70.9
2026-09-18,1504,69.5,8408962,69.5,69.5,69.5
2026-09-21,1504,69.1,4717440,69.1,69.1,69.1
2026-09-22,1504,68.6,4590638,68.6,68.6,68.6
2026-09-23,1504,68.6,2821320,68.6,68.6,68.6
2026-09-24,1504,68.5,4146251,68.5,68.5,68.5
2026-09-29,1504,68.5,3285032,68.5,68.5,68.5
2026-09-30,1504,69.1,4881465,69.1,69.1,69.1
2026-10-01,1504,69.1,2132864,69.1,69.1,69.1
2026-10-02,1504,69.7,3548122,69.7,69.7,69.7
2026-10-05,1504,69.0,4664336,69.0,69.0,69.0
2026-09-07,1506,10.1,347545,10.1,10.1,10.1
2026-09-08,1506,10.0,305639,10.0,10.0,10.0
2026-09-09,1506,10.0,142199,10.0,10.0,10.0
2026-09-10,1506,9.95,314292,9.95,9.95,9.95
2026-09-11,1506,9.92,264324,9.92,9.92,9.92
2026-09-14,1506,9.85,293717,9.85,9.85,9.85
2026-09-15,1506,9.77,274176,9.77,9.77,9.77
2026-09-16,1506,9.77,60009,9.77,9.77,9.77
2026-09-17,1506,9.8,72380,9.8,9.8,9.8
2026-09-18,1506,9.76,104103,9.76,9.76,9.76
2026-09-21,1506,9.8,159815,9.8,9.8,9.8
2026-09-22,1506,9.73,90116,9.73,9.73,9.73
2026-09-23,1506,9.7,124477,9.7,9.7,9.7
2026-09-24,1506,9.64,312228,9.64,9.64,9.64
2026-09-29,1506,9.57,264142,9.57,9.57,9.57
2026-09-30,1506,9.53,354064,9.53,9.53,9.53
2026-10-01,1506,9.5,375836,9.5,9.5,9.5
2026-10-02,1506,9.81,374152,9.81,9.81,9.81
2026-10-05,1506,9.71,160515,9.71,9.71,9.71
2026-09-07,1512,6.24,44962,6.24,6.24,6.24
2026-09-08,1512,6.35,18513,6.35,6.35,6.35
2026-09-09,1512,6.34,33673,6.34,6.34,6.34
2026-09-10,1512,6.25,9512,6.25,6.25,6.25
2026-09-11,1512,6.19,34900,6.19,6.19,6.19
2026-09-14,1512,6.11,46005,6.11,6.11,6.11
2026-09-15,1512,6.13,20719,6.13,6.13,6.13
2026-09-16,1512,6.18,70569,6.18,6.18,6.18
2026-09-17,1512,6.19,68674,6.19,6.19,6.19
2026-09-18,1512,6.26,42767,6.26,6.26,6.26
2026-09-21,1512,6.26,43947,6.26,6.26,6.26
2026-09-22,1512,6.19,50501,6.19,6.19,6.19
2026-09-23,1512,6.16,62626,6.16,6.16,6.16
2026-09-24,1512,6.18,50439,6.18,6.18,6.18
2026-09-29,1512,6.12,31876,6.12,6.12,6.12
2026-09-30,1512,6.11,47461,6.11,6.11,6.11
2026-10-01,1512,6.2,54716,6.2,6.2,6.2
2026-10-02,1512,6.17,48236,6.17,6.17,6.17
2026-10-05,1512,6.22,22075,6.22,6.22,6.22
2026-09-07,1513,167.0,2317216,167.0,167.0,167.0
2026-09-08,1513,165.0,1320066,165.0,165.0,165.0
2026-09-09,1513,167.0,1788251,167.0,167.0,167.0
2026-09-10,1513,165.5,945887,165.5,165.5,165.5
2026-09-11,1513,165.0,1438476,165.0,165.0,165.0
2026-09-14,1513,163.5,1280629,163.5,163.5,163.5
2026-09-15,1513,162.0,1255434,162.0,162.0,162.0
2026-09-16,1513,162.5,1473069,162.5,162.5,162.5
2026-09-17,1513,165.0,1750471,165.0,165.0,165.0
2026-09-18,1513,167.0,2736864,167.0,167.0,167.0
2026-09-21,1513,166.5,2036486,166.5,166.5,166.5
2026-09-22,1513,166.0,2115591,166.0,166.0,166.0
2026-09-23,1513,165.5,1418753,165.5,165.5,165.5
2026-09-24,1513,166.0,1271637,166.0,166.0,166.0
2026-09-29,1513,167.0,1788378,167.0,167.0,167.0
2026-09-30,1513,168.0,2911349,168.0,168.0,168.0
2026-10-01,1513,166.5,1480846,166.5,166.5,166.5
2026-10-02,1513,167.5,1860658,167.5,167.5,167.5
2026-10-05,1513,166.5,1909857,166.5,166.5,166.5
2026-09-07,1514,102.5,984014,102.5,102.5,102.5
2026-09-08,1514,102.0,723891,102.0,102.0,102.0
2026-09-09,1514,103.5,1215113,103.5,103.5,103.5
2026-09-10,1514,102.0,618113,102.0,102.0,102.0
2026-09-11,1514,100.5,813120,100.5,100.5,100.5
2026-09-14,1514,100.0,932667,100.0,100.0,100.0
2026-09-15,1514,99.6,595972,99.6,99.6,99.6
2026-09-16,1514,99.8,1066817,99.8,99.8,99.8
2026-09-17,1514,101.0,758306,101.0,101.0,101.0
2026-09-18,1514,101.5,716660,101.5,101.5,101.5
2026-09-21,1514,102.5,921067,102.5,102.5,102.5
2026-09-22,1514,102.0,601036,102.0,102.0,102.0
2026-09-23,1514,105.0,1483305,105.0,105.0,105.0
2026-09-24,1514,102.0,1861115,102.0,102.0,102.0
2026-09-29,1514,102.0,1216690,102.0,102.0,102.0
2026-09-30,1514,102.5,669400,102.5,102.5,102.5
2026-10-01,1514,102.0,553808,102.0,102.0,102.0
2026-10-02,1514,102.5,776242,102.5,102.5,102.5
2026-10-05,1514,102.0,1071327,102.0,102.0,102.0
2026-09-07,1515,30.55,753433,30.55,30.55,30.55
2026-09-08,1515,30.0,796746,30.0,30.0,30.0
2026-09-09,1515,30.7,578395,30.7,30.7,30.7
2026-09-10,1515,29.75,847825,29.75,29.75,29.75
2026-09-11,1515,30.9,1771618,30.9,30.9,30.9
2026-09-14,1515,29.85,880449,29.85,29.85,29.85
2026-09-15,1515,29.15,516938,29.15,29.15,29.15
2026-09-16,1515,29.25,381507,29.25,29.25,29.25
2026-09-17,1515,29.3,548679,29.3,29.3,29.3
2026-09-18,1515,30.6,902436,30.6,30.6,30.6
2026-09-21,1515,30.15,413863,30.15,30.15,30.15
2026-09-22,1515,30.15,530273,30.15,30.15,30.15
2026-09-23,1515,29.55,520440,29.55,29.55,29.55
2026-09-24,1515,29.45,406535,29.45,29.45,29.45
2026-09-29,1515,29.3,332858,29.3,29.3,29.3
2026-09-30,1515,29.8,463662,29.8,29.8,29.8
2026-10-01,1515,29.25,501315,29.25,29.25,29.25
2026-10-02,1515,29.2,486543,29.2,29.2,29.2
2026-10-05,1515,28.7,870056,28.7,28.7,28.7
2026-09-07,1516,14.75,45053,14.75,14.75,14.75
2026-09-08,1516,14.15,9406,14.15,14.15,14.15
2026-09-09,1516,13.95,29009,13.95,13.95,13.95
2026-09-10,1516,14.5,21224,14.5,14.5,14.5
2026-09-11,1516,13.95,18025,13.95,13.95,13.95
2026-09-14,1516,14.0,1316371,14.0,14.0,14.0
2026-09-15,1516,14.4,24241,14.4,14.4,14.4
2026-09-16,1516,14.5,8172,14.5,14.5,14.5
2026-09-17,1516,13.35,148811,13.35,13.35,13.35
2026-09-18,1516,13.6,178820,13.6,13.6,13.6
2026-09-21,1516,13.45,62290,13.45,13.45,13.45
2026-09-22,1516,13.1,52589,13.1,13.1,13.1
2026-09-23,1516,12.9,29866,12.9,12.9,12.9
2026-09-24,1516,13.15,23757,13.15,13.15,13.15
2026-09-29,1516,13.5,27899,13.5,13.5,13.5
2026-09-30,1516,13.7,16626,13.7,13.7,13.7
2026-10-01,1516,13.5,17631,13.5,13.5,13.5
2026-10-02,1516,13.3,25681,13.3,13.3,13.3
2026-10-05,1516,13.75,52387,13.75,13.75,13.75
2026-09-07,1517,10.7,381865,10.7,10.7,10.7
2026-09-08,1517,10.7,195427,10.7,10.7,10.7
2026-09-09,1517,10.9,213192,10.9,10.9,10.9
2026-09-10,1517,10.75,247711,10.75,10.75,10.75
2026-09-11,1517,10.45,466841,10.45,10.45,10.45
2026-09-14,1517,10.5,256199,10.5,10.5,10.5
2026-09-15,1517,10.5,253540,10.5,10.5,10.5
2026-09-16,1517,10.4,201084,10.4,10.4,10.4
2026-09-17,1517,10.5,201429,10.5,10.5,10.5
2026-09-18,1517,10.45,225979,10.45,10.45,10.45
2026-09-21,1517,10.45,97835,10.45,10.45,10.45
2026-09-22,1517,10.35,271226,10.35,10.35,10.35
2026-09-23,1517,10.35,193484,10.35,10.35,10.35
2026-09-24,1517,10.3,69144,10.3,10.3,10.3
2026-09-29,1517,10.35,128242,10.35,10.35,10.35
2026-09-30,1517,10.5,200511,10.5,10.5,10.5
2026-10-01,1517,10.4,157323,10.4,10.4,10.4
2026-10-02,1517,10.35,146787,10.35,10.35,10.35
2026-10-05,1517,10.25,392844,10.25,10.25,10.25
2026-09-07,1519,739.0,4407355,739.0,739.0,739.0
2026-09-08,1519,728.0,1125985,728.0,728.0,728.0
2026-09-09,1519,735.0,1278367,735.0,735.0,735.0
2026-09-10,1519,718.0,1374533,718.0,718.0,718.0
2026-09-11,1519,712.0,864336,712.0,712.0,712.0
2026-09-14,1519,697.0,1792604,697.0,697.0,697.0
2026-09-15,1519,694.0,1232165,694.0,694.0,694.0
2026-09-16,1519,706.0,753594,706.0,706.0,706.0
2026-09-17,1519,705.0,618004,705.0,705.0,705.0
2026-09-18,1519,721.0,1379950,721.0,721.0,721.0
2026-09-21,1519,718.0,463781,718.0,718.0,718.0
2026-09-22,1519,712.0,546175,712.0,712.0,712.0
2026-09-23,1519,704.0,637049,704.0,704.0,704.0
2026-09-24,1519,699.0,678128,699.0,699.0,699.0
2026-09-29,1519,688.0,1241444,688.0,688.0,688.0
2026-09-30,1519,693.0,1201359,693.0,693.0,693.0
2026-10-01,1519,688.0,849523,688.0,688.0,688.0
2026-10-02,1519,692.0,1180606,692.0,692.0,692.0
2026-10-05,1519,691.0,1102674,691.0,691.0,691.0
2026-09-07,1521,25.65,25004,25.65,25.65,25.65
2026-09-08,1521,25.3,22854,25.3,25.3,25.3
2026-09-09,1521,25.15,58639,25.15,25.15,25.15
2026-09-10,1521,25.0,12043,25.0,25.0,25.0
2026-09-11,1521,24.85,17451,24.85,24.85,24.85
2026-09-14,1521,24.45,31013,24.45,24.45,24.45
2026-09-15,1521,24.75,26502,24.75,24.75,24.75
2026-09-16,1521,25.15,28086,25.15,25.15,25.15
2026-09-17,1521,25.15,15764,25.15,25.15,25.15
2026-09-18,1521,24.95,19183,24.95,24.95,24.95
2026-09-21,1521,24.9,33204,24.9,24.9,24.9
2026-09-22,1521,26.4,272423,26.4,26.4,26.4
2026-09-23,1521,25.95,77864,25.95,25.95,25.95
2026-09-24,1521,25.8,36307,25.8,25.8,25.8
2026-09-29,1521,25.55,23333,25.55,25.55,25.55
2026-09-30,1521,25.6,29104,25.6,25.6,25.6
2026-10-01,1521,25.8,5274,25.8,25.8,25.8
2026-10-02,1521,25.8,32061,25.8,25.8,25.8
2026-10-05,1521,25.7,19011,25.7,25.7,25.7
2026-09-07,1522,27.05,537265,27.05,27.05,27.05
2026-09-08,1522,26.8,231329,26.8,26.8,26.8
2026-09-09,1522,26.85,356524,26.85,26.85,26.85
2026-09-10,1522,26.45,604237,26.45,26.45,26.45
2026-09-11,1522,25.5,762939,25.5,25.5,25.5
2026-09-14,1522,25.1,571863,25.1,25.1,25.1
2026-09-15,1522,25.05,355332,25.05,25.05,25.05
2026-09-16,1522,25.05,605495,25.05,25.05,25.05
2026-09-17,1522,25.85,389954,25.85,25.85,25.85
2026-09-18,1522,26.0,841918,26.0,26.0,26.0
2026-09-21,1522,26.45,204963,26.45,26.45,26.45
2026-09-22,1522,26.3,551295,26.3,26.3,26.3
2026-09-23,1522,26.35,176458,26.35,26.35,26.35
2026-09-24,1522,26.65,296101,26.65,26.65,26.65
2026-09-29,1522,26.55,346508,26.55,26.55,26.55
2026-09-30,1522,26.8,293420,26.8,26.8,26.8
2026-10-01,1522,26.45,203560,26.45,26.45,26.45
2026-10-02,1522,26.2,268213,26.2,26.2,26.2
2026-10-05,1522,25.75,419256,25.75,25.75,25.75
2026-09-07,1524,26.75,259156,26.75,26.75,26.75
2026-09-08,1524,26.6,164875,26.6,26.6,26.6
2026-09-09,1524,26.55,409397,26.55,26.55,26.55
2026-09-10,1524,26.2,345003,26.2,26.2,26.2
2026-09-11,1524,26.05,207106,26.05,26.05,26.05
2026-09-14,1524,25.85,141463,25.85,25.85,25.85
2026-09-15,1524,25.8,117411,25.8,25.8,25.8
2026-09-16,1524,25.75,211523,25.75,25.75,25.75
2026-09-17,1524,25.95,255646,25.95,25.95,25.95
2026-09-18,1524,26.1,257345,26.1,26.1,26.1
2026-09-21,1524,26.4,169914,26.4,26.4,26.4
2026-09-22,1524,26.1,249531,26.1,26.1,26.1
2026-09-23,1524,26.15,223356,26.15,26.15,26.15
2026-09-24,1524,26.0,162765,26.0,26.0,26.0
2026-09-29,1524,25.85,146061,25.85,25.85,25.85
2026-09-30,1524,26.1,231553,26.1,26.1,26.1
2026-10-01,1524,25.95,176035,25.95,25.95,25.95
2026-10-02,1524,25.85,307513,25.85,25.85,25.85
2026-10-05,1524,25.8,358666,25.8,25.8,25.8
2026-09-07,1525,66.4,22265,66.4,66.4,66.4
2026-09-08,1525,66.4,5924,66.4,66.4,66.4
2026-09-09,1525,65.6,8194,65.6,65.6,65.6
2026-09-10,1525,65.5,8006,65.5,65.5,65.5
2026-09-11,1525,64.9,2101,64.9,64.9,64.9
2026-09-14,1525,64.5,4200,64.5,64.5,64.5
2026-09-15,1525,64.2,1001,64.2,64.2,64.2
2026-09-16,1525,65.0,5161,65.0,65.0,65.0
2026-09-17,1525,65.0,1001,65.0,65.0,65.0
2026-09-18,1525,65.0,8020,65.0,65.0,65.0
2026-09-21,1525,64.6,8000,64.6,64.6,64.6
2026-09-23,1525,64.6,9075,64.6,64.6,64.6
2026-09-24,1525,64.4,14044,64.4,64.4,64.4
2026-09-29,1525,63.7,19739,63.7,63.7,63.7
2026-09-30,1525,63.7,7106,63.7,63.7,63.7
2026-10-01,1525,63.7,10199,63.7,63.7,63.7
2026-10-02,1525,63.7,6433,63.7,63.7,63.7
2026-10-05,1525,63.3,3531,63.3,63.3,63.3
2026-09-07,1526,15.55,114139,15.55,15.55,15.55
2026-09-08,1526,15.3,96709,15.3,15.3,15.3
2026-09-09,1526,15.6,85840,15.6,15.6,15.6
2026-09-10,1526,15.55,72405,15.55,15.55,15.55
2026-09-11,1526,15.15,101449,15.15,15.15,15.15
2026-09-14,1526,15.0,129719,15.0,15.0,15.0
2026-09-15,1526,14.7,83980,14.7,14.7,14.7
2026-09-16,1526,14.7,188010,14.7,14.7,14.7
2026-09-17,1526,14.75,49055,14.75,14.75,14.75
2026-09-18,1526,15.0,171017,15.0,15.0,15.0
2026-09-21,1526,15.0,34818,15.0,15.0,15.0
2026-09-22,1526,14.65,111030,14.65,14.65,14.65
2026-09-23,1526,14.85,95710,14.85,14.85,14.85
2026-09-24,1526,14.7,25365,14.7,14.7,14.7
2026-09-29,1526,14.55,41781,14.55,14.55,14.55
2026-09-30,1526,15.05,131514,15.05,15.05,15.05
2026-10-01,1526,14.95,28704,14.95,14.95,14.95
2026-10-02,1526,15.0,39295,15.0,15.0,15.0
2026-10-05,1526,14.85,65700,14.85,14.85,14.85
2026-09-07,1527,32.75,153849,32.75,32.75,32.75
2026-09-08,1527,32.8,116142,32.8,32.8,32.8
2026-09-09,1527,32.7,108977,32.7,32.7,32.7
2026-09-10,1527,32.6,89681,32.6,32.6,32.6
2026-09-11,1527,32.45,144492,32.45,32.45,32.45
2026-09-14,1527,32.3,132283,32.3,32.3,32.3
2026-09-15,1527,32.2,130444,32.2,32.2,32.2
2026-09-16,1527,32.3,60040,32.3,32.3,32.3
2026-09-17,1527,32.35,55727,32.35,32.35,32.35
2026-09-18,1527,32.35,290853,32.35,32.35,32.35
2026-09-21,1527,32.45,115230,32.45,32.45,32.45
2026-09-22,1527,32.7,105160,32.7,32.7,32.7
2026-09-23,1527,32.6,110648,32.6,32.6,32.6
2026-09-24,1527,32.65,89339,32.65,32.65,32.65
2026-09-29,1527,32.6,280870,32.6,32.6,32.6
2026-09-30,1527,32.7,77100,32.7,32.7,32.7
2026-10-01,1527,32.8,137401,32.8,32.8,32.8
2026-10-02,1527,33.0,213901,33.0,33.0,33.0
2026-10-05,1527,32.8,130662,32.8,32.8,32.8
2026-09-07,1528,19.15,392050,19.15,19.15,19.15
2026-09-08,1528,21.05,3489297,21.05,21.05,21.05
2026-09-09,1528,20.25,7046159,20.25,20.25,20.25
2026-09-10,1528,19.3,1959599,19.3,19.3,19.3
2026-09-11,1528,21.2,9585675,21.2,21.2,21.2
2026-09-14,1528,23.3,15628482,23.3,23.3,23.3
2026-09-15,1528,24.65,37110090,24.65,24.65,24.65
2026-09-16,1528,24.95,29029986,24.95,24.95,24.95
2026-09-17,1528,24.1,11821729,24.1,24.1,24.1
2026-09-18,1528,24.6,7793176,24.6,24.6,24.6
2026-09-21,1528,27.05,23401861,27.05,27.05,27.05
2026-09-22,1528,26.15,35909953,26.15,26.15,26.15
2026-09-23,1528,25.65,7326990,25.65,25.65,25.65
2026-09-24,1528,25.45,7813369,25.45,25.45,25.45
2026-09-29,1528,25.5,3744186,25.5,25.5,25.5
2026-09-30,1528,25.85,6869318,25.85,25.85,25.85
2026-10-01,1528,25.0,3331136,25.0,25.0,25.0
2026-10-02,1528,24.75,2855598,24.75,24.75,24.75
2026-10-05,1528,24.15,3564709,24.15,24.15,24.15
2026-09-07,1529,16.15,412587,16.15,16.15,16.15
2026-09-08,1529,15.8,642841,15.8,15.8,15.8
2026-09-09,1529,16.05,311985,16.05,16.05,16.05
2026-09-10,1529,15.9,214231,15.9,15.9,15.9
2026-09-11,1529,15.85,198967,15.85,15.85,15.85
2026-09-14,1529,15.7,195202,15.7,15.7,15.7
2026-09-15,1529,15.25,431421,15.25,15.25,15.25
2026-09-16,1529,14.8,3885317,14.8,14.8,14.8
2026-09-17,1529,14.8,2142441,14.8,14.8,14.8
2026-09-18,1529,15.25,1382976,15.25,15.25,15.25
2026-09-21,1529,16.35,1517201,16.35,16.35,16.35
2026-09-22,1529,16.35,1818711,16.35,16.35,16.35
2026-09-23,1529,15.7,1001005,15.7,15.7,15.7
2026-09-24,1529,15.45,512347,15.45,15.45,15.45
2026-09-29,1529,15.45,409818,15.45,15.45,15.45
2026-09-30,1529,15.95,1020769,15.95,15.95,15.95
2026-10-01,1529,15.65,437915,15.65,15.65,15.65
2026-10-02,1529,16.05,725209,16.05,16.05,16.05
2026-10-05,1529,15.65,770075,15.65,15.65,15.65
2026-09-07,1530,29.0,19993,29.0,29.0,29.0
2026-09-08,1530,28.5,10324,28.5,28.5,28.5
2026-09-09,1530,28.5,16581,28.5,28.5,28.5
2026-09-10,1530,28.35,8751,28.35,28.35,28.35
2026-09-11,1530,27.45,74234,27.45,27.45,27.45
2026-09-14,1530,27.35,17749,27.35,27.35,27.35
2026-09-15,1530,27.25,23037,27.25,27.25,27.25
2026-09-16,1530,27.1,36426,27.1,27.1,27.1
2026-09-17,1530,27.2,33497,27.2,27.2,27.2
2026-09-18,1530,27.0,23906,27.0,27.0,27.0
2026-09-21,1530,26.95,36179,26.95,26.95,26.95
2026-09-22,1530,26.8,20765,26.8,26.8,26.8
2026-09-23,1530,26.65,32471,26.65,26.65,26.65
2026-09-24,1530,26.7,7183,26.7,26.7,26.7
2026-09-29,1530,26.45,22949,26.45,26.45,26.45
2026-09-30,1530,26.8,16544,26.8,26.8,26.8
2026-10-01,1530,26.85,11314,26.85,26.85,26.85
2026-10-02,1530,26.65,36211,26.65,26.65,26.65
2026-10-05,1530,26.7,23766,26.7,26.7,26.7
2026-09-07,1531,11.85,283300,11.85,11.85,11.85
2026-09-08,1531,11.8,206015,11.8,11.8,11.8
2026-09-09,1531,11.85,20132,11.85,11.85,11.85
2026-09-10,1531,11.7,74675,11.7,11.7,11.7
2026-09-11,1531,11.65,74140,11.65,11.65,11.65
2026-09-14,1531,11.55,87259,11.55,11.55,11.55
2026-09-15,1531,11.55,44280,11.55,11.55,11.55
2026-09-16,1531,11.6,104201,11.6,11.6,11.6
2026-09-17,1531,11.75,73514,11.75,11.75,11.75
2026-09-18,1531,11.8,201208,11.8,11.8,11.8
2026-09-21,1531,11.75,50367,11.75,11.75,11.75
2026-09-22,1531,11.75,89336,11.75,11.75,11.75
2026-09-23,1531,11.85,1091359,11.85,11.85,11.85
2026-09-24,1531,11.65,776324,11.65,11.65,11.65
2026-09-29,1531,11.6,59839,11.6,11.6,11.6
2026-09-30,1531,11.65,56069,11.65,11.65,11.65
2026-10-01,1531,11.6,82880,11.6,11.6,11.6
2026-10-02,1531,11.5,46790,11.5,11.5,11.5
2026-10-05,1531,11.45,171384,11.45,11.45,11.45
2026-09-07,1532,22.8,278105,22.8,22.8,22.8
2026-09-08,1532,22.75,196800,22.75,22.75,22.75
2026-09-09,1532,22.75,420806,22.75,22.75,22.75
2026-09-10,1532,22.75,132432,22.75,22.75,22.75
2026-09-11,1532,22.6,493923,22.6,22.6,22.6
2026-09-14,1532,22.55,219795,22.55,22.55,22.55
2026-09-15,1532,22.3,315519,22.3,22.3,22.3
2026-09-16,1532,22.3,1009353,22.3,22.3,22.3
2026-09-17,1532,22.45,223665,22.45,22.45,22.45
2026-09-18,1532,22.85,682584,22.85,22.85,22.85
2026-09-21,1532,22.75,211058,22.75,22.75,22.75
2026-09-22,1532,22.5,306199,22.5,22.5,22.5
2026-09-23,1532,22.4,287408,22.4,22.4,22.4
2026-09-24,1532,22.3,328911,22.3,22.3,22.3
2026-09-29,1532,22.1,344891,22.1,22.1,22.1
2026-09-30,1532,22.3,309452,22.3,22.3,22.3
2026-10-01,1532,22.2,206021,22.2,22.2,22.2
2026-10-02,1532,22.1,473423,22.1,22.1,22.1
2026-10-05,1532,21.65,915027,21.65,21.65,21.65
2026-09-07,1533,30.8,45454,30.8,30.8,30.8
2026-09-08,1533,30.95,61306,30.95,30.95,30.95
2026-09-09,1533,31.1,83463,31.1,31.1,31.1
2026-09-10,1533,30.7,87499,30.7,30.7,30.7
2026-09-11,1533,30.65,55123,30.65,30.65,30.65
2026-09-14,1533,30.3,171581,30.3,30.3,30.3
2026-09-15,1533,29.95,81172,29.95,29.95,29.95
2026-09-16,1533,30.1,78742,30.1,30.1,30.1
2026-09-17,1533,30.65,52558,30.65,30.65,30.65
2026-09-18,1533,30.55,96421,30.55,30.55,30.55
2026-09-21,1533,30.5,78874,30.5,30.5,30.5
2026-09-22,1533,30.75,143623,30.75,30.75,30.75
2026-09-23,1533,30.45,59513,30.45,30.45,30.45
2026-09-24,1533,30.3,25565,30.3,30.3,30.3
2026-09-29,1533,30.4,50241,30.4,30.4,30.4
2026-09-30,1533,30.3,127079,30.3,30.3,30.3
2026-10-01,1533,30.55,54006,30.55,30.55,30.55
2026-10-02,1533,30.5,45632,30.5,30.5,30.5
2026-10-05,1533,30.2,109938,30.2,30.2,30.2
2026-09-07,1535,46.0,55596,46.0,46.0,46.0
2026-09-08,1535,45.65,36278,45.65,45.65,45.65
2026-09-09,1535,45.3,47655,45.3,45.3,45.3
2026-09-10,1535,45.2,39210,45.2,45.2,45.2
2026-09-11,1535,45.05,69415,45.05,45.05,45.05
2026-09-14,1535,44.65,79608,44.65,44.65,44.65
2026-09-15,1535,44.35,53337,44.35,44.35,44.35
2026-09-16,1535,44.5,29002,44.5,44.5,44.5
2026-09-17,1535,44.9,55075,44.9,44.9,44.9
2026-09-18,1535,45.9,49484,45.9,45.9,45.9
2026-09-21,1535,45.95,34126,45.95,45.95,45.95
2026-09-22,1535,45.85,26589,45.85,45.85,45.85
2026-09-23,1535,45.75,36039,45.75,45.75,45.75
2026-09-24,1535,45.6,33345,45.6,45.6,45.6
2026-09-29,1535,45.55,20045,45.55,45.55,45.55
2026-09-30,1535,45.8,46672,45.8,45.8,45.8
2026-10-01,1535,45.85,15847,45.85,45.85,45.85
2026-10-02,1535,45.3,26914,45.3,45.3,45.3
2026-10-05,1535,45.3,26970,45.3,45.3,45.3
2026-09-07,1536,48.95,1747462,48.95,48.95,48.95
2026-09-08,1536,47.9,1643040,47.9,47.9,47.9
2026-09-09,1536,48.0,650771,48.0,48.0,48.0
2026-09-10,1536,47.8,1026883,47.8,47.8,47.8
2026-09-11,1536,47.35,824471,47.35,47.35,47.35
2026-09-14,1536,46.85,740053,46.85,46.85,46.85
2026-09-15,1536,46.0,1446637,46.0,46.0,46.0
2026-09-16,1536,46.25,1697948,46.25,46.25,46.25
2026-09-17,1536,46.65,878684,46.65,46.65,46.65
2026-09-18,1536,46.35,1030923,46.35,46.35,46.35
2026-09-21,1536,46.75,482448,46.75,46.75,46.75
2026-09-22,1536,46.35,947570,46.35,46.35,46.35
2026-09-23,1536,46.3,476465,46.3,46.3,46.3
2026-09-24,1536,47.0,996126,47.0,47.0,47.0
2026-09-29,1536,46.55,478397,46.55,46.55,46.55
2026-09-30,1536,46.9,461528,46.9,46.9,46.9
2026-10-01,1536,46.65,510512,46.65,46.65,46.65
2026-10-02,1536,46.65,424060,46.65,46.65,46.65
2026-10-05,1536,46.1,1113558,46.1,46.1,46.1
2026-09-07,1537,115.5,102277,115.5,115.5,115.5
2026-09-08,1537,114.0,177460,114.0,114.0,114.0
2026-09-09,1537,115.5,46655,115.5,115.5,115.5
2026-09-10,1537,115.5,92711,115.5,115.5,115.5
2026-09-11,1537,114.5,56561,114.5,114.5,114.5
2026-09-14,1537,115.0,76601,115.0,115.0,115.0
2026-09-15,1537,114.0,28063,114.0,114.0,114.0
2026-09-16,1537,115.0,48919,115.0,115.0,115.0
2026-09-17,1537,115.5,53859,115.5,115.5,115.5
2026-09-18,1537,117.0,196683,117.0,117.0,117.0
2026-09-21,1537,116.0,62969,116.0,116.0,116.0
2026-09-22,1537,115.0,55064,115.0,115.0,115.0
2026-09-23,1537,115.0,62089,115.0,115.0,115.0
2026-09-24,1537,115.0,82180,115.0,115.0,115.0
2026-09-29,1537,115.5,71880,115.5,115.5,115.5
2026-09-30,1537,115.0,131686,115.0,115.0,115.0
2026-10-01,1537,115.0,143652,115.0,115.0,115.0
2026-10-02,1537,114.5,108394,114.5,114.5,114.5
2026-10-05,1537,113.5,116650,113.5,113.5,113.5
2026-09-07,1538,9.0,42298,9.0,9.0,9.0
2026-09-08,1538,8.23,33672,8.23,8.23,8.23
2026-09-09,1538,8.1,22005,8.1,8.1,8.1
2026-09-10,1538,8.8,18273,8.8,8.8,8.8
2026-09-11,1538,8.85,19685,8.85,8.85,8.85
2026-09-21,1538,8.3,3452,8.3,8.3,8.3
2026-09-30,1538,7.48,15937,7.48,7.48,7.48
2026-10-01,1538,7.83,15832,7.83,7.83,7.83
2026-10-02,1538,7.9,10231,7.9,7.9,7.9
2026-10-05,1538,8.13,1591,8.13,8.13,8.13
2026-09-07,1539,15.75,26543,15.75,15.75,15.75
2026-09-08,1539,15.6,11579,15.6,15.6,15.6
2026-09-09,1539,15.65,17300,15.65,15.65,15.65
2026-09-10,1539,15.55,10000,15.55,15.55,15.55
2026-09-11,1539,15.5,13083,15.5,15.5,15.5
2026-09-14,1539,15.65,20118,15.65,15.65,15.65
2026-09-15,1539,15.5,11315,15.5,15.5,15.5
2026-09-16,1539,15.6,15001,15.6,15.6,15.6
2026-09-17,1539,15.55,19079,15.55,15.55,15.55
2026-09-18,1539,15.75,42179,15.75,15.75,15.75
2026-09-21,1539,15.7,30502,15.7,15.7,15.7
2026-09-22,1539,15.65,24829,15.65,15.65,15.65
2026-09-23,1539,15.5,6486,15.5,15.5,15.5
2026-09-24,1539,15.5,22000,15.5,15.5,15.5
2026-09-29,1539,15.45,27659,15.45,15.45,15.45
2026-09-30,1539,15.45,18001,15.45,15.45,15.45
2026-10-01,1539,15.65,25405,15.65,15.65,15.65
2026-10-02,1539,15.65,10042,15.65,15.65,15.65
2026-10-05,1539,15.65,33053,15.65,15.65,15.65
2026-09-07,1540,19.5,116854,19.5,19.5,19.5
2026-09-08,1540,19.45,120350,19.45,19.45,19.45
2026-09-09,1540,19.55,69910,19.55,19.55,19.55
2026-09-10,1540,19.35,92588,19.35,19.35,19.35
2026-09-11,1540,19.3,143203,19.3,19.3,19.3
2026-09-14,1540,19.2,132834,19.2,19.2,19.2
2026-09-15,1540,19.1,110532,19.1,19.1,19.1
2026-09-16,1540,19.35,69363,19.35,19.35,19.35
2026-09-17,1540,19.5,173983,19.5,19.5,19.5
2026-09-18,1540,19.65,55597,19.65,19.65,19.65
2026-09-21,1540,19.6,91457,19.6,19.6,19.6
2026-09-22,1540,19.45,85180,19.45,19.45,19.45
2026-09-23,1540,19.45,100627,19.45,19.45,19.45
2026-09-24,1540,19.5,61371,19.5,19.5,19.5
2026-09-29,1540,19.35,90124,19.35,19.35,19.35
2026-09-30,1540,19.3,174910,19.3,19.3,19.3
2026-10-01,1540,19.5,51011,19.5,19.5,19.5
2026-10-02,1540,19.15,125151,19.15,19.15,19.15
2026-10-05,1540,18.95,183756,18.95,18.95,18.95
2026-09-07,1541,21.45,18022,21.45,21.45,21.45
2026-09-08,1541,21.45,5609,21.45,21.45,21.45
2026-09-09,1541,21.4,6082,21.4,21.4,21.4
2026-09-10,1541,21.2,8060,21.2,21.2,21.2
2026-09-11,1541,21.1,14000,21.1,21.1,21.1
2026-09-14,1541,20.65,17000,20.65,20.65,20.65
2026-09-15,1541,20.75,27193,20.75,20.75,20.75
2026-09-17,1541,20.85,11000,20.85,20.85,20.85
2026-09-18,1541,21.2,10000,21.2,21.2,21.2
2026-09-21,1541,21.0,6000,21.0,21.0,21.0
2026-09-22,1541,21.0,1023,21.0,21.0,21.0
2026-09-23,1541,21.4,1000,21.4,21.4,21.4
2026-09-29,1541,21.0,8000,21.0,21.0,21.0
2026-09-30,1541,20.9,5007,20.9,20.9,20.9
2026-10-01,1541,20.75,6283,20.75,20.75,20.75
2026-10-02,1541,20.85,21063,20.85,20.85,20.85
2026-10-05,1541,20.6,18015,20.6,20.6,20.6
2026-09-07,1558,106.5,143939,106.5,106.5,106.5
2026-09-08,1558,106.0,73609,106.0,106.0,106.0
2026-09-09,1558,107.5,132178,107.5,107.5,107.5
2026-09-10,1558,106.0,117597,106.0,106.0,106.0
2026-09-11,1558,108.5,383611,108.5,108.5,108.5
2026-09-14,1558,107.5,118918,107.5,107.5,107.5
2026-09-15,1558,108.5,107345,108.5,108.5,108.5
2026-09-16,1558,109.5,110561,109.5,109.5,109.5
2026-09-17,1558,110.0,182294,110.0,110.0,110.0
2026-09-18,1558,111.0,139392,111.0,111.0,111.0
2026-09-21,1558,111.0,74255,111.0,111.0,111.0
2026-09-22,1558,111.5,138586,111.5,111.5,111.5
2026-09-23,1558,112.0,111583,112.0,112.0,112.0
2026-09-24,1558,112.0,42146,112.0,112.0,112.0
2026-09-29,1558,114.0,171197,114.0,114.0,114.0
2026-09-30,1558,112.5,71838,112.5,112.5,112.5
2026-10-01,1558,112.5,385719,112.5,112.5,112.5
2026-10-02,1558,111.5,98698,111.5,111.5,111.5
2026-10-05,1558,110.0,72900,110.0,110.0,110.0
2026-09-07,1560,730.0,1767148,730.0,730.0,730.0
2026-09-08,1560,717.0,665337,717.0,717.0,717.0
2026-09-09,1560,730.0,995480,730.0,730.0,730.0
2026-09-10,1560,733.0,456150,733.0,733.0,733.0
2026-09-11,1560,790.0,4096116,790.0,790.0,790.0
2026-09-14,1560,753.0,2027263,753.0,753.0,753.0
2026-09-15,1560,735.0,702383,735.0,735.0,735.0
2026-09-16,1560,741.0,672723,741.0,741.0,741.0
2026-09-17,1560,815.0,3169755,815.0,815.0,815.0
2026-09-18,1560,896.0,6133920,896.0,896.0,896.0
2026-09-21,1560,914.0,5320084,914.0,914.0,914.0
2026-09-22,1560,950.0,3983118,950.0,950.0,950.0
2026-09-23,1560,955.0,3373372,955.0,955.0,955.0
2026-09-24,1560,971.0,2172367,971.0,971.0,971.0
2026-09-29,1560,956.0,1083052,956.0,956.0,956.0
2026-09-30,1560,963.0,1307523,963.0,963.0,963.0
2026-10-01,1560,1000.0,1592741,1000.0,1000.0,1000.0
2026-10-02,1560,1015.0,1570824,1015.0,1015.0,1015.0
2026-10-05,1560,1040.0,1227306,1040.0,1040.0,1040.0
2026-09-07,1563,79.5,1529112,79.5,79.5,79.5
2026-09-08,1563,77.1,1230096,77.1,77.1,77.1
2026-09-09,1563,78.2,1061748,78.2,78.2,78.2
2026-09-10,1563,78.2,711674,78.2,78.2,78.2
2026-09-11,1563,76.0,603041,76.0,76.0,76.0
2026-09-14,1563,74.8,398591,74.8,74.8,74.8
2026-09-15,1563,74.0,419146,74.0,74.0,74.0
2026-09-16,1563,73.7,533204,73.7,73.7,73.7
2026-09-17,1563,76.2,695799,76.2,76.2,76.2
2026-09-18,1563,73.8,402351,73.8,73.8,73.8
2026-09-21,1563,73.5,290153,73.5,73.5,73.5
2026-09-22,1563,72.4,603317,72.4,72.4,72.4
2026-09-23,1563,73.7,344006,73.7,73.7,73.7
2026-09-24,1563,75.2,457123,75.2,75.2,75.2
2026-09-29,1563,76.1,615079,76.1,76.1,76.1
2026-09-30,1563,75.6,236232,75.6,75.6,75.6
2026-10-01,1563,76.1,196239,76.1,76.1,76.1
2026-10-02,1563,76.3,413872,76.3,76.3,76.3
2026-10-05,1563,77.0,470151,77.0,77.0,77.0
2026-09-07,1568,29.25,145254,29.25,29.25,29.25
2026-09-08,1568,28.95,159580,28.95,28.95,28.95
2026-09-09,1568,29.0,86588,29.0,29.0,29.0
2026-09-10,1568,29.7,250692,29.7,29.7,29.7
2026-09-11,1568,28.2,508871,28.2,28.2,28.2
2026-09-14,1568,28.95,215433,28.95,28.95,28.95
2026-09-15,1568,28.8,105428,28.8,28.8,28.8
2026-09-16,1568,29.5,589788,29.5,29.5,29.5
2026-09-17,1568,30.35,466364,30.35,30.35,30.35
2026-09-18,1568,30.65,296101,30.65,30.65,30.65
2026-09-21,1568,31.3,352970,31.3,31.3,31.3
2026-09-22,1568,30.6,299163,30.6,30.6,30.6
2026-09-23,1568,30.9,288723,30.9,30.9,30.9
2026-09-24,1568,30.9,176644,30.9,30.9,30.9
2026-09-29,1568,32.4,688490,32.4,32.4,32.4
2026-09-30,1568,32.8,483918,32.8,32.8,32.8
2026-10-01,1568,32.7,365521,32.7,32.7,32.7
2026-10-02,1568,32.05,264348,32.05,32.05,32.05
2026-10-05,1568,31.45,368279,31.45,31.45,31.45
2026-09-07,1582,73.5,227038,73.5,73.5,73.5
2026-09-08,1582,72.2,277640,72.2,72.2,72.2
2026-09-09,1582,71.8,319174,71.8,71.8,71.8
2026-09-10,1582,70.4,441466,70.4,70.4,70.4
2026-09-11,1582,70.1,315530,70.1,70.1,70.1
2026-09-14,1582,70.0,320042,70.0,70.0,70.0
2026-09-15,1582,69.1,275233,69.1,69.1,69.1
2026-09-16,1582,69.9,436365,69.9,69.9,69.9
2026-09-17,1582,70.5,225087,70.5,70.5,70.5
2026-09-18,1582,70.9,279538,70.9,70.9,70.9
2026-09-21,1582,71.1,193170,71.1,71.1,71.1
2026-09-22,1582,70.6,425971,70.6,70.6,70.6
2026-09-23,1582,70.4,229638,70.4,70.4,70.4
2026-09-24,1582,70.0,257013,70.0,70.0,70.0
2026-09-29,1582,70.1,281706,70.1,70.1,70.1
2026-09-30,1582,71.9,409247,71.9,71.9,71.9
2026-10-01,1582,71.1,214712,71.1,71.1,71.1
2026-10-02,1582,71.9,338419,71.9,71.9,71.9
2026-10-05,1582,72.4,551457,72.4,72.4,72.4
2026-09-07,1583,49.3,30803,49.3,49.3,49.3
2026-09-08,1583,48.35,14063,48.35,48.35,48.35
2026-09-09,1583,48.8,17263,48.8,48.8,48.8
2026-09-10,1583,48.4,7205,48.4,48.4,48.4
2026-09-11,1583,47.9,16784,47.9,47.9,47.9
2026-09-14,1583,47.2,5323,47.2,47.2,47.2
2026-09-15,1583,46.85,11167,46.85,46.85,46.85
2026-09-16,1583,46.85,31338,46.85,46.85,46.85
2026-09-17,1583,46.3,21129,46.3,46.3,46.3
2026-09-18,1583,47.3,22145,47.3,47.3,47.3
2026-09-21,1583,47.5,26002,47.5,47.5,47.5
2026-09-22,1583,46.4,15106,46.4,46.4,46.4
2026-09-23,1583,46.4,2002,46.4,46.4,46.4
2026-09-24,1583,46.95,5504,46.95,46.95,46.95
2026-09-29,1583,46.95,12038,46.95,46.95,46.95
2026-09-30,1583,46.8,11000,46.8,46.8,46.8
2026-10-01,1583,47.05,8092,47.05,47.05,47.05
2026-10-02,1583,45.85,34710,45.85,45.85,45.85
2026-10-05,1583,45.7,14000,45.7,45.7,45.7
2026-09-07,1587,24.05,122233,24.05,24.05,24.05
2026-09-08,1587,23.9,193191,23.9,23.9,23.9
2026-09-09,1587,23.8,152255,23.8,23.8,23.8
2026-09-10,1587,23.6,116061,23.6,23.6,23.6
2026-09-11,1587,23.6,67706,23.6,23.6,23.6
2026-09-14,1587,23.5,183592,23.5,23.5,23.5
2026-09-15,1587,23.25,147335,23.25,23.25,23.25
2026-09-16,1587,23.45,95068,23.45,23.45,23.45
2026-09-17,1587,23.75,47669,23.75,23.75,23.75
2026-09-18,1587,23.75,84010,23.75,23.75,23.75
2026-09-21,1587,23.95,77454,23.95,23.95,23.95
2026-09-22,1587,23.75,47782,23.75,23.75,23.75
2026-09-23,1587,23.45,76709,23.45,23.45,23.45
2026-09-24,1587,23.5,32672,23.5,23.5,23.5
2026-09-29,1587,23.85,140304,23.85,23.85,23.85
2026-09-30,1587,24.45,185100,24.45,24.45,24.45
2026-10-01,1587,23.85,99688,23.85,23.85,23.85
2026-10-02,1587,23.85,53872,23.85,23.85,23.85
2026-10-05,1587,23.4,192915,23.4,23.4,23.4
2026-09-07,1590,1370.0,617158,1370.0,1370.0,1370.0
2026-09-08,1590,1335.0,366835,1335.0,1335.0,1335.0
2026-09-09,1590,1330.0,1246456,1330.0,1330.0,1330.0
2026-09-10,1590,1305.0,804969,1305.0,1305.0,1305.0
2026-09-11,1590,1285.0,1173008,1285.0,1285.0,1285.0
2026-09-14,1590,1270.0,455226,1270.0,1270.0,1270.0
2026-09-15,1590,1280.0,445567,1280.0,1280.0,1280.0
2026-09-16,1590,1240.0,917020,1240.0,1240.0,1240.0
2026-09-17,1590,1245.0,1181757,1245.0,1245.0,1245.0
2026-09-18,1590,1220.0,1438559,1220.0,1220.0,1220.0
2026-09-21,1590,1240.0,1001473,1240.0,1240.0,1240.0
2026-09-22,1590,1260.0,1220937,1260.0,1260.0,1260.0
2026-09-23,1590,1230.0,638275,1230.0,1230.0,1230.0
2026-09-24,1590,1210.0,1242221,1210.0,1210.0,1210.0
2026-09-29,1590,1210.0,943554,1210.0,1210.0,1210.0
2026-09-30,1590,1200.0,1005155,1200.0,1200.0,1200.0
2026-10-01,1590,1185.0,668109,1185.0,1185.0,1185.0
2026-10-02,1590,1180.0,1257607,1180.0,1180.0,1180.0
2026-10-05,1590,1180.0,561654,1180.0,1180.0,1180.0
2026-09-07,1597,152.0,5812714,152.0,152.0,152.0
2026-09-08,1597,143.0,2378357,143.0,143.0,143.0
2026-09-09,1597,151.5,4001855,151.5,151.5,151.5
2026-09-10,1597,148.0,1766190,148.0,148.0,148.0
2026-09-11,1597,147.0,1692093,147.0,147.0,147.0
2026-09-14,1597,138.0,1715043,138.0,138.0,138.0
2026-09-15,1597,133.5,1501685,133.5,133.5,133.5
2026-09-16,1597,138.5,681067,138.5,138.5,138.5
2026-09-17,1597,138.0,1157014,138.0,138.0,138.0
2026-09-18,1597,138.5,642026,138.5,138.5,138.5
2026-09-21,1597,138.0,632362,138.0,138.0,138.0
2026-09-22,1597,135.0,959290,135.0,135.0,135.0
2026-09-23,1597,133.5,764824,133.5,133.5,133.5
2026-09-24,1597,133.5,467381,133.5,133.5,133.5
2026-09-29,1597,146.5,2569668,146.5,146.5,146.5
2026-09-30,1597,146.5,3566141,146.5,146.5,146.5
2026-10-01,1597,154.5,4660046,154.5,154.5,154.5
2026-10-02,1597,148.0,3289271,148.0,148.0,148.0
2026-10-05,1597,145.5,1655396,145.5,145.5,145.5
2026-09-07,1598,20.5,311260,20.5,20.5,20.5
2026-09-08,1598,20.55,126129,20.55,20.55,20.55
2026-09-09,1598,21.1,699525,21.1,21.1,21.1
2026-09-10,1598,20.85,167413,20.85,20.85,20.85
2026-09-11,1598,20.5,130090,20.5,20.5,20.5
2026-09-14,1598,20.4,102753,20.4,20.4,20.4
2026-09-15,1598,20.1,132445,20.1,20.1,20.1
2026-09-16,1598,20.15,56091,20.15,20.15,20.15
2026-09-17,1598,20.3,94541,20.3,20.3,20.3
2026-09-18,1598,20.0,151423,20.0,20.0,20.0
2026-09-21,1598,20.85,329897,20.85,20.85,20.85
2026-09-22,1598,20.45,177966,20.45,20.45,20.45
2026-09-23,1598,20.55,144922,20.55,20.55,20.55
2026-09-24,1598,20.35,170591,20.35,20.35,20.35
2026-09-29,1598,20.3,163357,20.3,20.3,20.3
2026-09-30,1598,20.5,104908,20.5,20.5,20.5
2026-10-01,1598,20.55,103610,20.55,20.55,20.55
2026-10-02,1598,20.5,130996,20.5,20.5,20.5
2026-10-05,1598,20.35,162747,20.35,20.35,20.35
2026-09-07,1603,30.35,131866,30.35,30.35,30.35
2026-09-08,1603,30.05,146023,30.05,30.05,30.05
2026-09-09,1603,30.4,159466,30.4,30.4,30.4
2026-09-10,1603,30.1,148312,30.1,30.1,30.1
2026-09-11,1603,30.0,69053,30.0,30.0,30.0
2026-09-14,1603,30.1,120122,30.1,30.1,30.1
2026-09-15,1603,29.95,142859,29.95,29.95,29.95
2026-09-16,1603,29.85,104854,29.85,29.85,29.85
2026-09-17,1603,30.25,99981,30.25,30.25,30.25
2026-09-18,1603,30.3,110553,30.3,30.3,30.3
2026-09-21,1603,30.1,69760,30.1,30.1,30.1
2026-09-22,1603,30.1,63568,30.1,30.1,30.1
2026-09-23,1603,30.25,93527,30.25,30.25,30.25
2026-09-24,1603,30.25,93143,30.25,30.25,30.25
2026-09-29,1603,30.05,155153,30.05,30.05,30.05
2026-09-30,1603,30.6,256741,30.6,30.6,30.6
2026-10-01,1603,30.65,151204,30.65,30.65,30.65
2026-10-02,1603,30.6,129430,30.6,30.6,30.6
2026-10-05,1603,30.35,179461,30.35,30.35,30.35
2026-09-07,1604,23.65,343257,23.65,23.65,23.65
2026-09-08,1604,23.65,168159,23.65,23.65,23.65
2026-09-09,1604,23.6,181668,23.6,23.6,23.6
2026-09-10,1604,23.5,152409,23.5,23.5,23.5
2026-09-11,1604,23.45,204467,23.45,23.45,23.45
2026-09-14,1604,23.4,116412,23.4,23.4,23.4
2026-09-15,1604,23.35,280935,23.35,23.35,23.35
2026-09-16,1604,23.35,264074,23.35,23.35,23.35
2026-09-17,1604,23.5,189492,23.5,23.5,23.5
2026-09-18,1604,23.55,143466,23.55,23.55,23.55
2026-09-21,1604,23.55,121786,23.55,23.55,23.55
2026-09-22,1604,23.55,121001,23.55,23.55,23.55
2026-09-23,1604,23.55,95524,23.55,23.55,23.55
2026-09-24,1604,23.45,84562,23.45,23.45,23.45
2026-09-29,1604,23.3,166022,23.3,23.3,23.3
2026-09-30,1604,23.45,132639,23.45,23.45,23.45
2026-10-01,1604,23.35,155413,23.35,23.35,23.35
2026-10-02,1604,23.25,196883,23.25,23.25,23.25
2026-10-05,1604,23.25,154777,23.25,23.25,23.25
2026-09-07,1605,37.9,14416827,37.9,37.9,37.9
2026-09-08,1605,38.1,14978729,38.1,38.1,38.1
2026-09-09,1605,38.35,13885985,38.35,38.35,38.35
2026-09-10,1605,37.8,11717903,37.8,37.8,37.8
2026-09-11,1605,37.4,11202902,37.4,37.4,37.4
2026-09-14,1605,37.0,15139205,37.0,37.0,37.0
2026-09-15,1605,36.35,12337053,36.35,36.35,36.35
2026-09-16,1605,36.75,9678848,36.75,36.75,36.75
2026-09-17,1605,37.15,9490729,37.15,37.15,37.15
2026-09-18,1605,37.1,31559223,37.1,37.1,37.1
2026-09-21,1605,37.1,13068814,37.1,37.1,37.1
2026-09-22,1605,37.0,19721518,37.0,37.0,37.0
2026-09-23,1605,36.65,11375480,36.65,36.65,36.65
2026-09-24,1605,36.65,6282328,36.65,36.65,36.65
2026-09-29,1605,36.35,9511965,36.35,36.35,36.35
2026-09-30,1605,38.4,42069458,38.4,38.4,38.4
2026-10-01,1605,38.55,34858998,38.55,38.55,38.55
2026-10-02,1605,38.75,29963296,38.75,38.75,38.75
2026-10-05,1605,38.4,23323207,38.4,38.4,38.4
2026-09-07,1608,36.05,2265012,36.05,36.05,36.05
2026-09-08,1608,36.65,2718335,36.65,36.65,36.65
2026-09-09,1608,37.0,3098791,37.0,37.0,37.0
2026-09-10,1608,36.45,2407253,36.45,36.45,36.45
2026-09-11,1608,36.2,1654152,36.2,36.2,36.2
2026-09-14,1608,36.0,1335613,36.0,36.0,36.0
2026-09-15,1608,35.4,1271056,35.4,35.4,35.4
2026-09-16,1608,36.0,1542296,36.0,36.0,36.0
2026-09-17,1608,36.1,1226319,36.1,36.1,36.1
2026-09-18,1608,35.8,1596792,35.8,35.8,35.8
2026-09-21,1608,35.85,1103345,35.85,35.85,35.85
2026-09-22,1608,35.6,1125727,35.6,35.6,35.6
2026-09-23,1608,35.75,1887721,35.75,35.75,35.75
2026-09-24,1608,35.5,1084797,35.5,35.5,35.5
2026-09-29,1608,35.2,1543165,35.2,35.2,35.2
2026-09-30,1608,36.25,2427498,36.25,36.25,36.25
2026-10-01,1608,35.95,1428176,35.95,35.95,35.95
2026-10-02,1608,36.25,1351450,36.25,36.25,36.25
2026-10-05,1608,35.85,1554099,35.85,35.85,35.85
2026-09-07,1609,37.2,1961836,37.2,37.2,37.2
2026-09-08,1609,37.6,3522401,37.6,37.6,37.6
2026-09-09,1609,38.1,4104746,38.1,38.1,38.1
2026-09-10,1609,37.75,3218249,37.75,37.75,37.75
2026-09-11,1609,37.85,2422552,37.85,37.85,37.85
2026-09-14,1609,37.3,1877979,37.3,37.3,37.3
2026-09-15,1609,37.2,1529214,37.2,37.2,37.2
2026-09-16,1609,37.3,1490732,37.3,37.3,37.3
2026-09-17,1609,37.65,3791122,37.65,37.65,37.65
2026-09-18,1609,38.0,3295843,38.0,38.0,38.0
2026-09-21,1609,37.95,2694678,37.95,37.95,37.95
2026-09-22,1609,38.1,3790142,38.1,38.1,38.1
2026-09-23,1609,37.85,2390192,37.85,37.85,37.85
2026-09-24,1609,37.85,1730773,37.85,37.85,37.85
2026-09-29,1609,38.5,4993226,38.5,38.5,38.5
2026-09-30,1609,38.75,4929151,38.75,38.75,38.75
2026-10-01,1609,38.7,4848716,38.7,38.7,38.7
2026-10-02,1609,38.55,2911262,38.55,38.55,38.55
2026-10-05,1609,38.2,3514769,38.2,38.2,38.2
2026-09-07,1611,11.7,307870,11.7,11.7,11.7
2026-09-08,1611,11.65,214633,11.65,11.65,11.65
2026-09-09,1611,11.75,544625,11.75,11.75,11.75
2026-09-10,1611,11.65,358424,11.65,11.65,11.65
2026-09-11,1611,11.55,351639,11.55,11.55,11.55
2026-09-14,1611,11.45,370381,11.45,11.45,11.45
2026-09-15,1611,11.3,341988,11.3,11.3,11.3
2026-09-16,1611,11.4,738923,11.4,11.4,11.4
2026-09-17,1611,11.5,375457,11.5,11.5,11.5
2026-09-18,1611,11.1,9059399,11.1,11.1,11.1
2026-09-21,1611,11.35,3186347,11.35,11.35,11.35
2026-09-22,1611,11.5,1108295,11.5,11.5,11.5
2026-09-23,1611,11.35,466446,11.35,11.35,11.35
2026-09-24,1611,11.4,344799,11.4,11.4,11.4
2026-09-29,1611,11.35,415734,11.35,11.35,11.35
2026-09-30,1611,11.55,756518,11.55,11.55,11.55
2026-10-01,1611,11.45,407999,11.45,11.45,11.45
2026-10-02,1611,11.35,375267,11.35,11.35,11.35
2026-10-05,1611,11.25,661557,11.25,11.25,11.25
2026-09-07,1612,34.7,477957,34.7,34.7,34.7
2026-09-08,1612,34.7,304473,34.7,34.7,34.7
2026-09-09,1612,35.2,942217,35.2,35.2,35.2
2026-09-10,1612,34.8,374305,34.8,34.8,34.8
2026-09-11,1612,34.85,435791,34.85,34.85,34.85
2026-09-14,1612,34.7,218031,34.7,34.7,34.7
2026-09-15,1612,34.5,317949,34.5,34.5,34.5
2026-09-16,1612,34.85,222570,34.85,34.85,34.85
2026-09-17,1612,34.95,1069242,34.95,34.95,34.95
2026-09-18,1612,35.05,426450,35.05,35.05,35.05
2026-09-21,1612,35.0,209129,35.0,35.0,35.0
2026-09-22,1612,35.05,287334,35.05,35.05,35.05
2026-09-23,1612,34.95,257863,34.95,34.95,34.95
2026-09-24,1612,35.05,358528,35.05,35.05,35.05
2026-09-29,1612,35.35,535101,35.35,35.35,35.35
2026-09-30,1612,35.7,1257378,35.7,35.7,35.7
2026-10-01,1612,35.15,598564,35.15,35.15,35.15
2026-10-02,1612,35.2,325301,35.2,35.2,35.2
2026-10-05,1612,35.0,389026,35.0,35.0,35.0
2026-09-07,1614,30.85,69050,30.85,30.85,30.85
2026-09-08,1614,30.65,23659,30.65,30.65,30.65
2026-09-09,1614,30.6,62140,30.6,30.6,30.6
2026-09-10,1614,31.1,181316,31.1,31.1,31.1
2026-09-11,1614,31.1,126648,31.1,31.1,31.1
2026-09-14,1614,31.0,75173,31.0,31.0,31.0
2026-09-15,1614,30.9,34728,30.9,30.9,30.9
2026-09-16,1614,30.95,62498,30.95,30.95,30.95
2026-09-17,1614,30.95,55309,30.95,30.95,30.95
2026-09-18,1614,31.2,76576,31.2,31.2,31.2
2026-09-21,1614,31.2,94778,31.2,31.2,31.2
2026-09-22,1614,31.1,93017,31.1,31.1,31.1
2026-09-23,1614,31.15,57989,31.15,31.15,31.15
2026-09-24,1614,31.15,34564,31.15,31.15,31.15
2026-09-29,1614,31.05,116382,31.05,31.05,31.05
2026-09-30,1614,31.15,101924,31.15,31.15,31.15
2026-10-01,1614,31.25,55732,31.25,31.25,31.25
2026-10-02,1614,31.0,49357,31.0,31.0,31.0
2026-10-05,1614,30.85,74561,30.85,30.85,30.85
2026-09-07,1615,43.85,88774,43.85,43.85,43.85
2026-09-08,1615,43.9,56543,43.9,43.9,43.9
2026-09-09,1615,43.95,77012,43.95,43.95,43.95
2026-09-10,1615,43.95,37122,43.95,43.95,43.95
2026-09-11,1615,43.7,60511,43.7,43.7,43.7
2026-09-14,1615,43.35,96684,43.35,43.35,43.35
2026-09-15,1615,43.05,47605,43.05,43.05,43.05
2026-09-16,1615,43.0,49062,43.0,43.0,43.0
2026-09-17,1615,43.1,87261,43.1,43.1,43.1
2026-09-18,1615,42.7,112779,42.7,42.7,42.7
2026-09-21,1615,43.0,92055,43.0,43.0,43.0
2026-09-22,1615,43.15,91146,43.15,43.15,43.15
2026-09-23,1615,42.95,29909,42.95,42.95,42.95
2026-09-24,1615,42.7,67530,42.7,42.7,42.7
2026-09-29,1615,42.6,92718,42.6,42.6,42.6
2026-09-30,1615,42.95,96846,42.95,42.95,42.95
2026-10-01,1615,42.7,125204,42.7,42.7,42.7
2026-10-02,1615,42.5,59159,42.5,42.5,42.5
2026-10-05,1615,42.25,92209,42.25,42.25,42.25
2026-09-07,1616,18.7,301569,18.7,18.7,18.7
2026-09-08,1616,18.75,135648,18.75,18.75,18.75
2026-09-09,1616,19.15,1886200,19.15,19.15,19.15
2026-09-10,1616,18.9,300776,18.9,18.9,18.9
2026-09-11,1616,18.8,367332,18.8,18.8,18.8
2026-09-14,1616,18.4,195194,18.4,18.4,18.4
2026-09-15,1616,18.35,157515,18.35,18.35,18.35
2026-09-16,1616,18.25,188620,18.25,18.25,18.25
2026-09-17,1616,18.45,312552,18.45,18.45,18.45
2026-09-18,1616,18.5,253957,18.5,18.5,18.5
2026-09-21,1616,18.4,347560,18.4,18.4,18.4
2026-09-22,1616,18.45,214486,18.45,18.45,18.45
2026-09-23,1616,18.45,171146,18.45,18.45,18.45
2026-09-24,1616,18.3,165506,18.3,18.3,18.3
2026-09-29,1616,18.3,105222,18.3,18.3,18.3
2026-09-30,1616,18.65,193401,18.65,18.65,18.65
2026-10-01,1616,18.35,190591,18.35,18.35,18.35
2026-10-02,1616,18.55,183757,18.55,18.55,18.55
2026-10-05,1616,18.3,302548,18.3,18.3,18.3
2026-09-07,1617,17.85,453871,17.85,17.85,17.85
2026-09-08,1617,17.55,322735,17.55,17.55,17.55
2026-09-09,1617,17.8,306449,17.8,17.8,17.8
2026-09-10,1617,18.05,309262,18.05,18.05,18.05
2026-09-11,1617,17.5,295105,17.5,17.5,17.5
2026-09-14,1617,17.65,154051,17.65,17.65,17.65
2026-09-15,1617,17.6,203969,17.6,17.6,17.6
2026-09-16,1617,17.95,257476,17.95,17.95,17.95
2026-09-17,1617,18.45,293653,18.45,18.45,18.45
2026-09-18,1617,18.55,376497,18.55,18.55,18.55
2026-09-21,1617,19.4,1114478,19.4,19.4,19.4
2026-09-22,1617,19.6,2088317,19.6,19.6,19.6
2026-09-23,1617,20.15,1958504,20.15,20.15,20.15
2026-09-24,1617,19.95,705831,19.95,19.95,19.95
2026-09-29,1617,21.9,1391792,21.9,21.9,21.9
2026-09-30,1617,24.05,6232917,24.05,24.05,24.05
2026-10-01,1617,24.8,9152630,24.8,24.8,24.8
2026-10-02,1617,24.1,2899566,24.1,24.1,24.1
2026-10-05,1617,24.1,6613744,24.1,24.1,24.1
2026-09-07,1618,39.3,346143,39.3,39.3,39.3
2026-09-08,1618,39.5,424326,39.5,39.5,39.5
2026-09-09,1618,39.3,248215,39.3,39.3,39.3
2026-09-10,1618,39.1,205665,39.1,39.1,39.1
2026-09-11,1618,38.8,241434,38.8,38.8,38.8
2026-09-14,1618,38.7,222069,38.7,38.7,38.7
2026-09-15,1618,38.45,185429,38.45,38.45,38.45
2026-09-16,1618,38.55,169131,38.55,38.55,38.55
2026-09-17,1618,38.95,287807,38.95,38.95,38.95
2026-09-18,1618,39.35,337722,39.35,39.35,39.35
2026-09-21,1618,39.05,252960,39.05,39.05,39.05
2026-09-22,1618,39.2,296113,39.2,39.2,39.2
2026-09-23,1618,38.85,226156,38.85,38.85,38.85
2026-09-24,1618,38.65,238013,38.65,38.65,38.65
2026-09-29,1618,38.35,241741,38.35,38.35,38.35
2026-09-30,1618,38.95,276774,38.95,38.95,38.95
2026-10-01,1618,38.8,232698,38.8,38.8,38.8
2026-10-02,1618,39.15,343760,39.15,39.15,39.15
2026-10-05,1618,38.9,303551,38.9,38.9,38.9
2026-09-07,1623,205.0,55873,205.0,205.0,205.0
2026-09-08,1623,204.0,50056,204.0,204.0,204.0
2026-09-09,1623,218.5,341736,218.5,218.5,218.5
2026-09-10,1623,218.5,133850,218.5,218.5,218.5
2026-09-11,1623,205.5,104717,205.5,205.5,205.5
2026-09-14,1623,203.0,44662,203.0,203.0,203.0
2026-09-15,1623,204.0,52457,204.0,204.0,204.0
2026-09-16,1623,203.0,28072,203.0,203.0,203.0
2026-09-17,1623,204.0,26428,204.0,204.0,204.0
2026-09-18,1623,208.5,89633,208.5,208.5,208.5
2026-09-21,1623,202.5,88969,202.5,202.5,202.5
2026-09-22,1623,201.0,130204,201.0,201.0,201.0
2026-09-23,1623,200.0,68154,200.0,200.0,200.0
2026-09-24,1623,197.5,55119,197.5,197.5,197.5
2026-09-29,1623,198.0,27900,198.0,198.0,198.0
2026-09-30,1623,200.5,51926,200.5,200.5,200.5
2026-10-01,1623,198.5,38560,198.5,198.5,198.5
2026-10-02,1623,198.5,42488,198.5,198.5,198.5
2026-10-05,1623,198.0,68859,198.0,198.0,198.0
2026-09-07,1626,9.73,47824,9.73,9.73,9.73
2026-09-08,1626,9.72,23684,9.72,9.72,9.72
2026-09-09,1626,9.76,41357,9.76,9.76,9.76
2026-09-10,1626,9.67,128152,9.67,9.67,9.67
2026-09-11,1626,9.65,116499,9.65,9.65,9.65
2026-09-14,1626,9.66,22911,9.66,9.66,9.66
2026-09-15,1626,9.41,47811,9.41,9.41,9.41
2026-09-16,1626,9.67,75762,9.67,9.67,9.67
2026-09-17,1626,9.69,45515,9.69,9.69,9.69
2026-09-18,1626,9.75,96251,9.75,9.75,9.75
2026-09-21,1626,9.75,75593,9.75,9.75,9.75
2026-09-22,1626,9.82,34248,9.82,9.82,9.82
2026-09-23,1626,9.66,69497,9.66,9.66,9.66
2026-09-24,1626,9.67,36065,9.67,9.67,9.67
2026-09-29,1626,9.6,60103,9.6,9.6,9.6
2026-09-30,1626,9.6,36723,9.6,9.6,9.6
2026-10-01,1626,9.72,13550,9.72,9.72,9.72
2026-10-02,1626,9.65,59925,9.65,9.65,9.65
2026-10-05,1626,9.65,26494,9.65,9.65,9.65
2026-09-07,1702,32.6,97911,32.6,32.6,32.6
2026-09-08,1702,32.6,138337,32.6,32.6,32.6
2026-09-09,1702,32.6,83467,32.6,32.6,32.6
2026-09-10,1702,32.55,94930,32.55,32.55,32.55
2026-09-11,1702,32.2,165514,32.2,32.2,32.2
2026-09-14,1702,32.4,107223,32.4,32.4,32.4
2026-09-15,1702,32.35,122852,32.35,32.35,32.35
2026-09-16,1702,32.3,77179,32.3,32.3,32.3
2026-09-17,1702,32.7,118878,32.7,32.7,32.7
2026-09-18,1702,32.95,189111,32.95,32.95,32.95
2026-09-21,1702,33.25,294393,33.25,33.25,33.25
2026-09-22,1702,33.25,151080,33.25,33.25,33.25
2026-09-23,1702,33.0,234505,33.0,33.0,33.0
2026-09-24,1702,33.0,81244,33.0,33.0,33.0
2026-09-29,1702,32.95,134137,32.95,32.95,32.95
2026-09-30,1702,33.05,173534,33.05,33.05,33.05
2026-10-01,1702,33.45,227316,33.45,33.45,33.45
2026-10-02,1702,33.15,105323,33.15,33.15,33.15
2026-10-05,1702,32.8,120387,32.8,32.8,32.8
2026-09-07,1707,91.0,291036,91.0,91.0,91.0
2026-09-08,1707,90.5,282713,90.5,90.5,90.5
2026-09-09,1707,91.2,279262,91.2,91.2,91.2
2026-09-10,1707,91.4,208600,91.4,91.4,91.4
2026-09-11,1707,89.0,850789,89.0,89.0,89.0
2026-09-14,1707,87.1,827212,87.1,87.1,87.1
2026-09-15,1707,86.3,345389,86.3,86.3,86.3
2026-09-16,1707,86.5,232551,86.5,86.5,86.5
2026-09-17,1707,87.0,118639,87.0,87.0,87.0
2026-09-18,1707,87.3,305573,87.3,87.3,87.3
2026-09-21,1707,87.3,182970,87.3,87.3,87.3
2026-09-22,1707,86.9,286339,86.9,86.9,86.9
2026-09-23,1707,87.1,155461,87.1,87.1,87.1
2026-09-24,1707,87.0,132935,87.0,87.0,87.0
2026-09-29,1707,85.9,427733,85.9,85.9,85.9
2026-09-30,1707,85.7,271255,85.7,85.7,85.7
2026-10-01,1707,85.5,291489,85.5,85.5,85.5
2026-10-02,1707,85.2,164270,85.2,85.2,85.2
2026-10-05,1707,84.6,359919,84.6,84.6,84.6
2026-09-07,1708,50.0,2399428,50.0,50.0,50.0
2026-09-08,1708,50.2,1711870,50.2,50.2,50.2
2026-09-09,1708,50.2,1388716,50.2,50.2,50.2
2026-09-10,1708,49.4,1792173,49.4,49.4,49.4
2026-09-11,1708,48.5,1541659,48.5,48.5,48.5
2026-09-14,1708,47.95,1115778,47.95,47.95,47.95
2026-09-15,1708,48.0,873025,48.0,48.0,48.0
2026-09-16,1708,49.3,2020634,49.3,49.3,49.3
2026-09-17,1708,51.1,4464810,51.1,51.1,51.1
2026-09-18,1708,50.7,2260291,50.7,50.7,50.7
2026-09-21,1708,50.6,1266067,50.6,50.6,50.6
2026-09-22,1708,50.1,1496143,50.1,50.1,50.1
2026-09-23,1708,50.1,1156291,50.1,50.1,50.1
2026-09-24,1708,52.3,7343032,52.3,52.3,52.3
2026-09-29,1708,52.0,4663111,52.0,52.0,52.0
2026-09-30,1708,53.8,7804224,53.8,53.8,53.8
2026-10-01,1708,53.6,3644386,53.6,53.6,53.6
2026-10-02,1708,56.2,11141339,56.2,56.2,56.2
2026-10-05,1708,56.8,7899714,56.8,56.8,56.8
2026-09-07,1709,34.2,6337416,34.2,34.2,34.2
2026-09-08,1709,33.6,6585442,33.6,33.6,33.6
2026-09-09,1709,35.6,13704688,35.6,35.6,35.6
2026-09-10,1709,35.3,17937535,35.3,35.3,35.3
2026-09-11,1709,36.2,16271099,36.2,36.2,36.2
2026-09-14,1709,36.05,10314662,36.05,36.05,36.05
2026-09-15,1709,35.5,8469055,35.5,35.5,35.5
2026-09-16,1709,39.05,21302413,39.05,39.05,39.05
2026-09-17,1709,42.95,35011882,42.95,42.95,42.95
2026-09-18,1709,39.2,48187619,39.2,39.2,39.2
2026-09-21,1709,43.1,27383341,43.1,43.1,43.1
2026-09-22,1709,45.95,82848609,45.95,45.95,45.95
2026-09-23,1709,48.3,84777905,48.3,48.3,48.3
2026-09-24,1709,43.5,48879995,43.5,43.5,43.5
2026-09-29,1709,44.0,27159406,44.0,44.0,44.0
2026-09-30,1709,48.4,46895616,48.4,48.4,48.4
2026-10-01,1709,53.2,28453763,53.2,53.2,53.2
2026-10-02,1709,58.5,33307380,58.5,58.5,58.5
2026-10-05,1709,64.3,19250830,64.3,64.3,64.3
2026-09-07,1710,15.65,3974900,15.65,15.65,15.65
2026-09-08,1710,15.85,4191097,15.85,15.85,15.85
2026-09-09,1710,16.2,4919273,16.2,16.2,16.2
2026-09-10,1710,15.95,3480031,15.95,15.95,15.95
2026-09-11,1710,16.0,3321973,16.0,16.0,16.0
2026-09-14,1710,16.05,4907476,16.05,16.05,16.05
2026-09-15,1710,15.7,3352053,15.7,15.7,15.7
2026-09-16,1710,15.7,4330157,15.7,15.7,15.7
2026-09-17,1710,16.65,11642598,16.65,16.65,16.65
2026-09-18,1710,16.35,6039871,16.35,16.35,16.35
2026-09-21,1710,17.0,7132841,17.0,17.0,17.0
2026-09-22,1710,16.75,4911161,16.75,16.75,16.75
2026-09-23,1710,16.7,8187404,16.7,16.7,16.7
2026-09-24,1710,16.4,3365755,16.4,16.4,16.4
2026-09-29,1710,16.55,3644785,16.55,16.55,16.55
2026-09-30,1710,16.75,4001262,16.75,16.75,16.75
2026-10-01,1710,17.0,5875087,17.0,17.0,17.0
2026-10-02,1710,17.15,8257693,17.15,17.15,17.15
2026-10-05,1710,17.5,9000978,17.5,17.5,17.5
2026-09-07,1711,40.9,4512022,40.9,40.9,40.9
2026-09-08,1711,39.5,3919965,39.5,39.5,39.5
2026-09-09,1711,39.85,2080850,39.85,39.85,39.85
2026-09-10,1711,39.05,2446392,39.05,39.05,39.05
2026-09-11,1711,38.45,2395790,38.45,38.45,38.45
2026-09-14,1711,37.95,2550921,37.95,37.95,37.95
2026-09-15,1711,38.1,2825800,38.1,38.1,38.1
2026-09-16,1711,39.25,2924715,39.25,39.25,39.25
2026-09-17,1711,39.6,4245817,39.6,39.6,39.6
2026-09-18,1711,39.4,2704394,39.4,39.4,39.4
2026-09-21,1711,39.4,2092822,39.4,39.4,39.4
2026-09-22,1711,38.7,2832909,38.7,38.7,38.7
2026-09-23,1711,38.9,2519933,38.9,38.9,38.9
2026-09-24,1711,38.6,1949606,38.6,38.6,38.6
2026-09-29,1711,40.55,5053634,40.55,40.55,40.55
2026-09-30,1711,40.9,4703451,40.9,40.9,40.9
2026-10-01,1711,40.55,2699361,40.55,40.55,40.55
2026-10-02,1711,43.0,11775512,43.0,43.0,43.0
2026-10-05,1711,44.2,21865293,44.2,44.2,44.2
2026-09-07,1712,40.3,615342,40.3,40.3,40.3
2026-09-08,1712,40.85,892009,40.85,40.85,40.85
2026-09-09,1712,40.85,514224,40.85,40.85,40.85
2026-09-10,1712,40.8,616776,40.8,40.8,40.8
2026-09-11,1712,40.25,693279,40.25,40.25,40.25
2026-09-14,1712,39.9,657882,39.9,39.9,39.9
2026-09-15,1712,39.9,366057,39.9,39.9,39.9
2026-09-16,1712,39.6,836043,39.6,39.6,39.6
2026-09-17,1712,39.75,294839,39.75,39.75,39.75
2026-09-18,1712,40.05,641546,40.05,40.05,40.05
2026-09-21,1712,39.9,269013,39.9,39.9,39.9
2026-09-22,1712,39.9,535474,39.9,39.9,39.9
2026-09-23,1712,39.95,390531,39.95,39.95,39.95
2026-09-24,1712,39.85,335237,39.85,39.85,39.85
2026-09-29,1712,39.6,586602,39.6,39.6,39.6
2026-09-30,1712,39.8,315842,39.8,39.8,39.8
2026-10-01,1712,39.65,364657,39.65,39.65,39.65
2026-10-02,1712,39.8,300337,39.8,39.8,39.8
2026-10-05,1712,39.65,400889,39.65,39.65,39.65
2026-09-07,1713,43.5,222139,43.5,43.5,43.5
2026-09-08,1713,43.35,91091,43.35,43.35,43.35
2026-09-09,1713,42.85,948485,42.85,42.85,42.85
2026-09-10,1713,42.85,133490,42.85,42.85,42.85
2026-09-11,1713,42.55,147942,42.55,42.55,42.55
2026-09-14,1713,42.5,813708,42.5,42.5,42.5
2026-09-15,1713,42.05,440957,42.05,42.05,42.05
2026-09-16,1713,41.9,215929,41.9,41.9,41.9
2026-09-17,1713,41.8,258089,41.8,41.8,41.8
2026-09-18,1713,41.85,444606,41.85,41.85,41.85
2026-09-21,1713,41.5,295496,41.5,41.5,41.5
2026-09-22,1713,41.35,143415,41.35,41.35,41.35
2026-09-23,1713,41.5,127620,41.5,41.5,41.5
2026-09-24,1713,41.5,62930,41.5,41.5,41.5
2026-09-29,1713,41.8,123591,41.8,41.8,41.8
2026-09-30,1713,42.45,341316,42.45,42.45,42.45
2026-10-01,1713,42.45,86205,42.45,42.45,42.45
2026-10-02,1713,42.7,89627,42.7,42.7,42.7
2026-10-05,1713,44.8,970272,44.8,44.8,44.8
2026-09-07,1714,16.45,7910221,16.45,16.45,16.45
2026-09-08,1714,16.25,5029928,16.25,16.25,16.25
2026-09-09,1714,16.8,7543179,16.8,16.8,16.8
2026-09-10,1714,16.5,5388612,16.5,16.5,16.5
2026-09-11,1714,15.35,19762675,15.35,15.35,15.35
2026-09-14,1714,14.95,13245531,14.95,14.95,14.95
2026-09-15,1714,15.15,5071270,15.15,15.15,15.15
2026-09-16,1714,15.6,5865650,15.6,15.6,15.6
2026-09-17,1714,16.05,10370991,16.05,16.05,16.05
2026-09-18,1714,15.7,7933467,15.7,15.7,15.7
2026-09-21,1714,15.95,6256933,15.95,15.95,15.95
2026-09-22,1714,16.1,7400591,16.1,16.1,16.1
2026-09-23,1714,15.8,5402783,15.8,15.8,15.8
2026-09-24,1714,15.75,4047440,15.75,15.75,15.75
2026-09-29,1714,15.75,3601474,15.75,15.75,15.75
2026-09-30,1714,16.5,12665645,16.5,16.5,16.5
2026-10-01,1714,16.2,6256321,16.2,16.2,16.2
2026-10-02,1714,16.85,17662469,16.85,16.85,16.85
2026-10-05,1714,18.5,49600892,18.5,18.5,18.5
2026-09-07,1717,73.5,17250969,73.5,73.5,73.5
2026-09-08,1717,72.3,7878136,72.3,72.3,72.3
2026-09-09,1717,72.3,6055044,72.3,72.3,72.3
2026-09-10,1717,71.7,6961436,71.7,71.7,71.7
2026-09-11,1717,70.9,4923000,70.9,70.9,70.9
2026-09-14,1717,69.2,8551098,69.2,69.2,69.2
2026-09-15,1717,68.1,4705926,68.1,68.1,68.1
2026-09-16,1717,70.7,7073755,70.7,70.7,70.7
2026-09-17,1717,71.3,6176640,71.3,71.3,71.3
2026-09-18,1717,71.4,6856264,71.4,71.4,71.4
2026-09-21,1717,71.7,3909748,71.7,71.7,71.7
2026-09-22,1717,71.0,4480652,71.0,71.0,71.0
2026-09-23,1717,71.1,4970764,71.1,71.1,71.1
2026-09-24,1717,71.4,4319467,71.4,71.4,71.4
2026-09-29,1717,72.5,6975970,72.5,72.5,72.5
2026-09-30,1717,74.0,11731553,74.0,74.0,74.0
2026-10-01,1717,73.5,7328417,73.5,73.5,73.5
2026-10-02,1717,74.2,12620953,74.2,74.2,74.2
2026-10-05,1717,74.6,11553798,74.6,74.6,74.6
2026-09-07,1718,10.45,11225884,10.45,10.45,10.45
2026-09-08,1718,10.4,9237489,10.4,10.4,10.4
2026-09-09,1718,10.85,22005620,10.85,10.85,10.85
2026-09-10,1718,10.6,11453593,10.6,10.6,10.6
2026-09-11,1718,10.4,12521222,10.4,10.4,10.4
2026-09-14,1718,10.55,10779539,10.55,10.55,10.55
2026-09-15,1718,10.4,6493005,10.4,10.4,10.4
2026-09-16,1718,10.5,6566522,10.5,10.5,10.5
2026-09-17,1718,10.9,20789291,10.9,10.9,10.9
2026-09-18,1718,10.6,13481923,10.6,10.6,10.6
2026-09-21,1718,10.75,8391918,10.75,10.75,10.75
2026-09-22,1718,10.7,10222817,10.7,10.7,10.7
2026-09-23,1718,10.6,6181247,10.6,10.6,10.6
2026-09-24,1718,10.5,5447791,10.5,10.5,10.5
2026-09-29,1718,10.55,5005317,10.55,10.55,10.55
2026-09-30,1718,10.85,16182557,10.85,10.85,10.85
2026-10-01,1718,10.65,10229352,10.65,10.65,10.65
2026-10-02,1718,10.75,10159044,10.75,10.75,10.75
2026-10-05,1718,11.15,42928384,11.15,11.15,11.15
2026-09-07,1720,56.2,192955,56.2,56.2,56.2
2026-09-08,1720,56.0,223193,56.0,56.0,56.0
2026-09-09,1720,56.2,219725,56.2,56.2,56.2
2026-09-10,1720,56.3,126593,56.3,56.3,56.3
2026-09-11,1720,56.0,183746,56.0,56.0,56.0
2026-09-14,1720,55.9,108454,55.9,55.9,55.9
2026-09-15,1720,56.1,73488,56.1,56.1,56.1
2026-09-16,1720,55.9,151263,55.9,55.9,55.9
2026-09-17,1720,56.1,91034,56.1,56.1,56.1
2026-09-18,1720,56.0,143095,56.0,56.0,56.0
2026-09-21,1720,56.0,90820,56.0,56.0,56.0
2026-09-22,1720,56.0,434288,56.0,56.0,56.0
2026-09-23,1720,56.1,117836,56.1,56.1,56.1
2026-09-24,1720,56.2,56600,56.2,56.2,56.2
2026-09-29,1720,56.1,125048,56.1,56.1,56.1
2026-09-30,1720,56.3,92624,56.3,56.3,56.3
2026-10-01,1720,56.1,74151,56.1,56.1,56.1
2026-10-02,1720,56.0,142978,56.0,56.0,56.0
2026-10-05,1720,55.8,305488,55.8,55.8,55.8
2026-09-07,1721,22.4,1221625,22.4,22.4,22.4
2026-09-08,1721,24.6,1839015,24.6,24.6,24.6
2026-09-09,1721,23.7,4812293,23.7,23.7,23.7
2026-09-10,1721,23.35,1601298,23.35,23.35,23.35
2026-09-11,1721,22.4,796291,22.4,22.4,22.4
2026-09-14,1721,22.1,510534,22.1,22.1,22.1
2026-09-15,1721,21.1,501644,21.1,21.1,21.1
2026-09-16,1721,21.8,410586,21.8,21.8,21.8
2026-09-17,1721,22.15,794138,22.15,22.15,22.15
2026-09-18,1721,22.0,668329,22.0,22.0,22.0
2026-09-21,1721,24.2,2190831,24.2,24.2,24.2
2026-09-22,1721,24.35,3133290,24.35,24.35,24.35
2026-09-23,1721,24.4,1262883,24.4,24.4,24.4
2026-09-24,1721,24.2,864008,24.2,24.2,24.2
2026-09-29,1721,26.1,4078788,26.1,26.1,26.1
2026-09-30,1721,26.45,3916189,26.45,26.45,26.45
2026-10-01,1721,26.6,3409492,26.6,26.6,26.6
2026-10-02,1721,27.35,4630528,27.35,27.35,27.35
2026-10-05,1721,27.55,3390748,27.55,27.55,27.55
2026-09-07,1722,44.6,2518924,44.6,44.6,44.6
2026-09-08,1722,44.55,1496267,44.55,44.55,44.55
2026-09-09,1722,44.2,3627958,44.2,44.2,44.2
2026-09-10,1722,43.75,5272241,43.75,43.75,43.75
2026-09-11,1722,43.25,5066091,43.25,43.25,43.25
2026-09-14,1722,42.4,3543050,42.4,42.4,42.4
2026-09-15,1722,42.0,3554623,42.0,42.0,42.0
2026-09-16,1722,41.85,2620903,41.85,41.85,41.85
2026-09-17,1722,42.15,2303922,42.15,42.15,42.15
2026-09-18,1722,42.4,2823597,42.4,42.4,42.4
2026-09-21,1722,42.2,2388742,42.2,42.2,42.2
2026-09-22,1722,41.85,4556677,41.85,41.85,41.85
2026-09-23,1722,41.75,2718060,41.75,41.75,41.75
2026-09-24,1722,41.3,5078445,41.3,41.3,41.3
2026-09-29,1722,41.15,2888528,41.15,41.15,41.15
2026-09-30,1722,41.55,1760588,41.55,41.55,41.55
2026-10-01,1722,41.15,1602478,41.15,41.15,41.15
2026-10-02,1722,41.15,1659085,41.15,41.15,41.15
2026-10-05,1722,40.85,2959615,40.85,40.85,40.85
2026-09-07,1723,84.0,1171448,84.0,84.0,84.0
2026-09-08,1723,83.9,513244,83.9,83.9,83.9
2026-09-09,1723,83.6,685279,83.6,83.6,83.6
2026-09-10,1723,82.3,935087,82.3,82.3,82.3
2026-09-11,1723,81.7,508597,81.7,81.7,81.7
2026-09-14,1723,81.9,504494,81.9,81.9,81.9
2026-09-15,1723,81.3,274991,81.3,81.3,81.3
2026-09-16,1723,80.1,910872,80.1,80.1,80.1
2026-09-17,1723,81.0,415017,81.0,81.0,81.0
2026-09-18,1723,80.6,505154,80.6,80.6,80.6
2026-09-21,1723,80.7,288703,80.7,80.7,80.7
2026-09-22,1723,80.7,416306,80.7,80.7,80.7
2026-09-23,1723,80.7,288002,80.7,80.7,80.7
2026-09-24,1723,80.5,217702,80.5,80.5,80.5
2026-09-29,1723,80.0,536994,80.0,80.0,80.0
2026-09-30,1723,80.7,381879,80.7,80.7,80.7
2026-10-01,1723,79.7,767219,79.7,79.7,79.7
2026-10-02,1723,80.4,295906,80.4,80.4,80.4
2026-10-05,1723,80.1,313552,80.1,80.1,80.1
2026-09-07,1725,32.1,55478,32.1,32.1,32.1
2026-09-08,1725,32.3,22211,32.3,32.3,32.3
2026-09-09,1725,32.95,86428,32.95,32.95,32.95
2026-09-10,1725,33.1,20261,33.1,33.1,33.1
2026-09-11,1725,32.9,48157,32.9,32.9,32.9
2026-09-14,1725,33.0,23360,33.0,33.0,33.0
2026-09-15,1725,32.65,51131,32.65,32.65,32.65
2026-09-16,1725,33.15,55864,33.15,33.15,33.15
2026-09-17,1725,33.6,115368,33.6,33.6,33.6
2026-09-18,1725,34.0,45317,34.0,34.0,34.0
2026-09-21,1725,34.35,76595,34.35,34.35,34.35
2026-09-22,1725,33.55,70892,33.55,33.55,33.55
2026-09-23,1725,34.0,122318,34.0,34.0,34.0
2026-09-24,1725,33.9,40528,33.9,33.9,33.9
2026-09-29,1725,34.0,40001,34.0,34.0,34.0
2026-09-30,1725,34.15,36001,34.15,34.15,34.15
2026-10-01,1725,33.5,38197,33.5,33.5,33.5
2026-10-02,1725,33.85,124234,33.85,33.85,33.85
2026-10-05,1725,34.15,398416,34.15,34.15,34.15
2026-09-07,1726,77.8,28858,77.8,77.8,77.8
2026-09-08,1726,77.5,49512,77.5,77.5,77.5
2026-09-09,1726,77.2,25074,77.2,77.2,77.2
2026-09-10,1726,77.3,17254,77.3,77.3,77.3
2026-09-11,1726,76.9,20643,76.9,76.9,76.9
2026-09-14,1726,76.6,17502,76.6,76.6,76.6
2026-09-15,1726,76.5,18872,76.5,76.5,76.5
2026-09-16,1726,76.8,31765,76.8,76.8,76.8
2026-09-17,1726,76.9,18203,76.9,76.9,76.9
2026-09-18,1726,76.9,18252,76.9,76.9,76.9
2026-09-21,1726,76.7,24247,76.7,76.7,76.7
2026-09-22,1726,76.9,16236,76.9,76.9,76.9
2026-09-23,1726,76.8,4094,76.8,76.8,76.8
2026-09-24,1726,76.3,89465,76.3,76.3,76.3
2026-09-29,1726,76.2,18289,76.2,76.2,76.2
2026-09-30,1726,76.5,13203,76.5,76.5,76.5
2026-10-01,1726,76.5,13130,76.5,76.5,76.5
2026-10-02,1726,76.2,28230,76.2,76.2,76.2
2026-10-05,1726,76.1,31779,76.1,76.1,76.1
2026-09-07,1727,91.0,4256734,91.0,91.0,91.0
2026-09-08,1727,90.6,1525491,90.6,90.6,90.6
2026-09-09,1727,91.1,1513988,91.1,91.1,91.1
2026-09-10,1727,90.4,1132611,90.4,90.4,90.4
2026-09-11,1727,89.6,1398176,89.6,89.6,89.6
2026-09-14,1727,88.2,1593169,88.2,88.2,88.2
2026-09-15,1727,90.1,2685038,90.1,90.1,90.1
2026-09-16,1727,95.6,8782788,95.6,95.6,95.6
2026-09-17,1727,105.0,15353455,105.0,105.0,105.0
2026-09-18,1727,106.0,16587496,106.0,106.0,106.0
2026-09-21,1727,103.0,7483460,103.0,103.0,103.0
2026-09-22,1727,106.0,6851763,106.0,106.0,106.0
2026-09-23,1727,116.5,21402346,116.5,116.5,116.5
2026-09-24,1727,115.5,47932996,115.5,115.5,115.5
2026-09-29,1727,118.5,29773336,118.5,118.5,118.5
2026-09-30,1727,109.0,29883184,109.0,109.0,109.0
2026-10-01,1727,112.0,18550381,112.0,112.0,112.0
2026-10-02,1727,123.0,35901281,123.0,123.0,123.0
2026-10-05,1727,117.5,22433842,117.5,117.5,117.5
2026-09-07,1730,51.8,22822,51.8,51.8,51.8
2026-09-08,1730,51.3,23710,51.3,51.3,51.3
2026-09-09,1730,51.4,21914,51.4,51.4,51.4
2026-09-10,1730,51.5,29899,51.5,51.5,51.5
2026-09-11,1730,51.4,16988,51.4,51.4,51.4
2026-09-14,1730,51.3,21404,51.3,51.3,51.3
2026-09-15,1730,51.2,23148,51.2,51.2,51.2
2026-09-16,1730,51.2,40253,51.2,51.2,51.2
2026-09-17,1730,51.3,10427,51.3,51.3,51.3
2026-09-18,1730,51.3,8477,51.3,51.3,51.3
2026-09-21,1730,51.3,19014,51.3,51.3,51.3
2026-09-22,1730,51.3,8403,51.3,51.3,51.3
2026-09-23,1730,51.2,13718,51.2,51.2,51.2
2026-09-24,1730,51.2,25846,51.2,51.2,51.2
2026-09-29,1730,51.2,21368,51.2,51.2,51.2
2026-09-30,1730,51.2,33165,51.2,51.2,51.2
2026-10-01,1730,51.3,29960,51.3,51.3,51.3
2026-10-02,1730,51.2,18685,51.2,51.2,51.2
2026-10-05,1730,51.1,48042,51.1,51.1,51.1
2026-09-07,1731,20.95,90930,20.95,20.95,20.95
2026-09-08,1731,21.0,65748,21.0,21.0,21.0
2026-09-09,1731,20.9,60415,20.9,20.9,20.9
2026-09-10,1731,20.9,56650,20.9,20.9,20.9
2026-09-11,1731,20.8,69198,20.8,20.8,20.8
2026-09-14,1731,20.9,48207,20.9,20.9,20.9
2026-09-15,1731,20.75,45977,20.75,20.75,20.75
2026-09-16,1731,20.75,73843,20.75,20.75,20.75
2026-09-17,1731,20.95,69247,20.95,20.95,20.95
2026-09-18,1731,20.9,73985,20.9,20.9,20.9
2026-09-21,1731,20.9,65272,20.9,20.9,20.9
2026-09-22,1731,20.95,69803,20.95,20.95,20.95
2026-09-23,1731,21.0,113052,21.0,21.0,21.0
2026-09-24,1731,20.9,55387,20.9,20.9,20.9
2026-09-29,1731,20.85,131235,20.85,20.85,20.85
2026-09-30,1731,20.9,201621,20.9,20.9,20.9
2026-10-01,1731,20.85,67690,20.85,20.85,20.85
2026-10-02,1731,20.8,69832,20.8,20.8,20.8
2026-10-05,1731,20.8,91388,20.8,20.8,20.8
2026-09-07,1732,26.05,175490,26.05,26.05,26.05
2026-09-08,1732,26.2,103402,26.2,26.2,26.2
2026-09-09,1732,26.05,64662,26.05,26.05,26.05
2026-09-10,1732,25.9,73155,25.9,25.9,25.9
2026-09-11,1732,26.0,51319,26.0,26.0,26.0
2026-09-14,1732,25.95,52211,25.95,25.95,25.95
2026-09-15,1732,25.85,39067,25.85,25.85,25.85
2026-09-16,1732,25.85,48035,25.85,25.85,25.85
2026-09-17,1732,25.95,47577,25.95,25.95,25.95
2026-09-18,1732,26.05,30196,26.05,26.05,26.05
2026-09-21,1732,26.05,46145,26.05,26.05,26.05
2026-09-22,1732,26.2,77928,26.2,26.2,26.2
2026-09-23,1732,26.2,53654,26.2,26.2,26.2
2026-09-24,1732,26.1,14268,26.1,26.1,26.1
2026-09-29,1732,25.95,56322,25.95,25.95,25.95
2026-09-30,1732,26.15,181113,26.15,26.15,26.15
2026-10-01,1732,26.0,34514,26.0,26.0,26.0
2026-10-02,1732,26.1,58313,26.1,26.1,26.1
2026-10-05,1732,26.0,41014,26.0,26.0,26.0
2026-09-07,1733,31.7,262718,31.7,31.7,31.7
2026-09-08,1733,31.15,135410,31.15,31.15,31.15
2026-09-09,1733,31.35,68534,31.35,31.35,31.35
2026-09-10,1733,31.0,78008,31.0,31.0,31.0
2026-09-11,1733,30.8,67040,30.8,30.8,30.8
2026-09-14,1733,30.35,77726,30.35,30.35,30.35
2026-09-15,1733,29.9,114872,29.9,29.9,29.9
2026-09-16,1733,30.25,261960,30.25,30.25,30.25
2026-09-17,1733,30.35,38485,30.35,30.35,30.35
2026-09-18,1733,30.15,83419,30.15,30.15,30.15
2026-09-21,1733,30.4,58760,30.4,30.4,30.4
2026-09-22,1733,30.1,57023,30.1,30.1,30.1
2026-09-23,1733,30.05,47428,30.05,30.05,30.05
2026-09-24,1733,30.3,39270,30.3,30.3,30.3
2026-09-29,1733,29.45,269231,29.45,29.45,29.45
2026-09-30,1733,29.6,106719,29.6,29.6,29.6
2026-10-01,1733,29.85,79199,29.85,29.85,29.85
2026-10-02,1733,30.25,123350,30.25,30.25,30.25
2026-10-05,1733,30.15,111959,30.15,30.15,30.15
2026-09-07,1734,31.15,584301,31.15,31.15,31.15
2026-09-08,1734,31.1,165140,31.1,31.1,31.1
2026-09-09,1734,31.1,168289,31.1,31.1,31.1
2026-09-10,1734,31.15,97296,31.15,31.15,31.15
2026-09-11,1734,31.2,135143,31.2,31.2,31.2
2026-09-14,1734,31.15,156837,31.15,31.15,31.15
2026-09-15,1734,31.3,163938,31.3,31.3,31.3
2026-09-16,1734,31.3,440505,31.3,31.3,31.3
2026-09-17,1734,31.5,138861,31.5,31.5,31.5
2026-09-18,1734,32.8,214826,32.8,32.8,32.8
2026-09-21,1734,32.0,355060,32.0,32.0,32.0
2026-09-22,1734,32.0,165583,32.0,32.0,32.0
2026-09-23,1734,32.1,164067,32.1,32.1,32.1
2026-09-24,1734,32.1,168535,32.1,32.1,32.1
2026-09-29,1734,32.1,128119,32.1,32.1,32.1
2026-09-30,1734,32.1,107102,32.1,32.1,32.1
2026-10-01,1734,32.1,157024,32.1,32.1,32.1
2026-10-02,1734,32.1,158011,32.1,32.1,32.1
2026-10-05,1734,32.1,190051,32.1,32.1,32.1
2026-09-07,1735,20.25,56305,20.25,20.25,20.25
2026-09-08,1735,20.2,38493,20.2,20.2,20.2
2026-09-09,1735,20.3,31731,20.3,20.3,20.3
2026-09-10,1735,20.05,57947,20.05,20.05,20.05
2026-09-11,1735,19.95,22207,19.95,19.95,19.95
2026-09-14,1735,19.7,57524,19.7,19.7,19.7
2026-09-15,1735,19.3,72692,19.3,19.3,19.3
2026-09-16,1735,19.6,31356,19.6,19.6,19.6
2026-09-17,1735,19.9,69879,19.9,19.9,19.9
2026-09-18,1735,20.55,88184,20.55,20.55,20.55
2026-09-21,1735,20.55,33666,20.55,20.55,20.55
2026-09-22,1735,20.4,25090,20.4,20.4,20.4
2026-09-23,1735,20.25,69412,20.25,20.25,20.25
2026-09-24,1735,20.3,19721,20.3,20.3,20.3
2026-09-29,1735,20.05,16457,20.05,20.05,20.05
2026-09-30,1735,20.2,31602,20.2,20.2,20.2
2026-10-01,1735,20.15,51610,20.15,20.15,20.15
2026-10-02,1735,22.15,356656,22.15,22.15,22.15
2026-10-05,1735,24.35,899047,24.35,24.35,24.35
2026-09-07,1736,126.0,166070,126.0,126.0,126.0
2026-09-08,1736,126.5,103834,126.5,126.5,126.5
2026-09-09,1736,126.0,722899,126.0,126.0,126.0
2026-09-10,1736,125.0,137113,125.0,125.0,125.0
2026-09-11,1736,128.5,372843,128.5,128.5,128.5
2026-09-14,1736,124.0,649937,124.0,124.0,124.0
2026-09-15,1736,125.0,274367,125.0,125.0,125.0
2026-09-16,1736,125.5,467246,125.5,125.5,125.5
2026-09-17,1736,129.0,651676,129.0,129.0,129.0
2026-09-18,1736,125.5,768796,125.5,125.5,125.5
2026-09-21,1736,123.0,392367,123.0,123.0,123.0
2026-09-22,1736,124.5,415976,124.5,124.5,124.5
2026-09-23,1736,126.0,192997,126.0,126.0,126.0
2026-09-24,1736,127.5,287781,127.5,127.5,127.5
2026-09-29,1736,128.0,398602,128.0,128.0,128.0
2026-09-30,1736,128.5,270466,128.5,128.5,128.5
2026-10-01,1736,127.5,100252,127.5,127.5,127.5
2026-10-02,1736,123.5,733151,123.5,123.5,123.5
2026-10-05,1736,124.0,738952,124.0,124.0,124.0
2026-09-07,1737,30.55,293205,30.55,30.55,30.55
2026-09-08,1737,30.65,204581,30.65,30.65,30.65
2026-09-09,1737,30.7,169691,30.7,30.7,30.7
2026-09-10,1737,30.7,168161,30.7,30.7,30.7
2026-09-11,1737,30.6,209614,30.6,30.6,30.6
2026-09-14,1737,30.45,385383,30.45,30.45,30.45
2026-09-15,1737,30.4,235619,30.4,30.4,30.4
2026-09-16,1737,30.5,143047,30.5,30.5,30.5
2026-09-17,1737,30.6,85609,30.6,30.6,30.6
2026-09-18,1737,29.3,4382074,29.3,29.3,29.3
2026-09-21,1737,30.3,1267842,30.3,30.3,30.3
2026-09-22,1737,30.1,364911,30.1,30.1,30.1
2026-09-23,1737,30.2,179487,30.2,30.2,30.2
2026-09-24,1737,30.05,86952,30.05,30.05,30.05
2026-09-29,1737,29.95,192863,29.95,29.95,29.95
2026-09-30,1737,30.05,150145,30.05,30.05,30.05
2026-10-01,1737,30.0,102338,30.0,30.0,30.0
2026-10-02,1737,30.0,114492,30.0,30.0,30.0
2026-10-05,1737,30.0,158616,30.0,30.0,30.0
2026-09-07,1752,31.75,46469,31.75,31.75,31.75
2026-09-08,1752,31.5,33745,31.5,31.5,31.5
2026-09-09,1752,31.7,39461,31.7,31.7,31.7
2026-09-10,1752,31.35,48000,31.35,31.35,31.35
2026-09-11,1752,31.35,35378,31.35,31.35,31.35
2026-09-14,1752,31.3,27777,31.3,31.3,31.3
2026-09-15,1752,31.2,63210,31.2,31.2,31.2
2026-09-16,1752,31.2,10321,31.2,31.2,31.2
2026-09-17,1752,31.3,46342,31.3,31.3,31.3
2026-09-18,1752,31.35,30247,31.35,31.35,31.35
2026-09-21,1752,31.3,27320,31.3,31.3,31.3
2026-09-22,1752,31.4,32421,31.4,31.4,31.4
2026-09-23,1752,31.35,43347,31.35,31.35,31.35
2026-09-24,1752,31.35,30214,31.35,31.35,31.35
2026-09-29,1752,31.35,30284,31.35,31.35,31.35
2026-09-30,1752,31.5,27600,31.5,31.5,31.5
2026-10-01,1752,31.35,66550,31.35,31.35,31.35
2026-10-02,1752,31.45,28198,31.45,31.45,31.45
2026-10-05,1752,31.3,52638,31.3,31.3,31.3
2026-09-07,1760,56.4,104577,56.4,56.4,56.4
2026-09-08,1760,56.0,134950,56.0,56.0,56.0
2026-09-09,1760,55.9,35965,55.9,55.9,55.9
2026-09-10,1760,55.0,157290,55.0,55.0,55.0
2026-09-11,1760,54.1,189293,54.1,54.1,54.1
2026-09-14,1760,53.9,93816,53.9,53.9,53.9
2026-09-15,1760,53.8,102984,53.8,53.8,53.8
2026-09-16,1760,53.6,130258,53.6,53.6,53.6
2026-09-17,1760,54.4,77760,54.4,54.4,54.4
2026-09-18,1760,53.6,178161,53.6,53.6,53.6
2026-09-21,1760,54.0,64536,54.0,54.0,54.0
2026-09-22,1760,53.6,109732,53.6,53.6,53.6
2026-09-23,1760,53.9,53873,53.9,53.9,53.9
2026-09-24,1760,53.7,54952,53.7,53.7,53.7
2026-09-29,1760,53.9,95411,53.9,53.9,53.9
2026-09-30,1760,54.6,105446,54.6,54.6,54.6
2026-10-01,1760,54.6,117063,54.6,54.6,54.6
2026-10-02,1760,54.6,58808,54.6,54.6,54.6
2026-10-05,1760,53.9,154482,53.9,53.9,53.9
2026-09-07,1762,35.0,113954,35.0,35.0,35.0
2026-09-08,1762,35.0,67508,35.0,35.0,35.0
2026-09-09,1762,34.6,188872,34.6,34.6,34.6
2026-09-10,1762,34.75,28462,34.75,34.75,34.75
2026-09-11,1762,33.7,154069,33.7,33.7,33.7
2026-09-14,1762,33.5,51356,33.5,33.5,33.5
2026-09-15,1762,33.5,30739,33.5,33.5,33.5
2026-09-16,1762,33.65,34475,33.65,33.65,33.65
2026-09-17,1762,33.8,56107,33.8,33.8,33.8
2026-09-18,1762,34.1,53487,34.1,34.1,34.1
2026-09-21,1762,33.9,29739,33.9,33.9,33.9
2026-09-22,1762,33.65,83937,33.65,33.65,33.65
2026-09-23,1762,33.6,46450,33.6,33.6,33.6
2026-09-24,1762,33.7,17231,33.7,33.7,33.7
2026-09-29,1762,33.7,41752,33.7,33.7,33.7
2026-09-30,1762,34.35,51529,34.35,34.35,34.35
2026-10-01,1762,33.95,22332,33.95,33.95,33.95
2026-10-02,1762,33.75,47483,33.75,33.75,33.75
2026-10-05,1762,33.7,32699,33.7,33.7,33.7
2026-09-07,1773,160.5,508877,160.5,160.5,160.5
2026-09-08,1773,164.0,1209298,164.0,164.0,164.0
2026-09-09,1773,164.5,348596,164.5,164.5,164.5
2026-09-10,1773,161.5,426420,161.5,161.5,161.5
2026-09-11,1773,159.0,340739,159.0,159.0,159.0
2026-09-14,1773,156.5,471819,156.5,156.5,156.5
2026-09-15,1773,157.5,284373,157.5,157.5,157.5
2026-09-16,1773,159.0,261687,159.0,159.0,159.0
2026-09-17,1773,163.0,633018,163.0,163.0,163.0
2026-09-18,1773,163.5,455247,163.5,163.5,163.5
2026-09-21,1773,161.5,214448,161.5,161.5,161.5
2026-09-22,1773,162.0,653800,162.0,162.0,162.0
2026-09-23,1773,165.0,1034004,165.0,165.0,165.0
2026-09-24,1773,164.5,385456,164.5,164.5,164.5
2026-09-29,1773,167.5,908342,167.5,167.5,167.5
2026-09-30,1773,167.5,1291274,167.5,167.5,167.5
2026-10-01,1773,167.5,512879,167.5,167.5,167.5
2026-10-02,1773,170.5,728973,170.5,170.5,170.5
2026-10-05,1773,180.5,2509063,180.5,180.5,180.5
2026-09-07,1776,17.15,31420,17.15,17.15,17.15
2026-09-08,1776,17.25,46535,17.25,17.25,17.25
2026-09-09,1776,17.4,35290,17.4,17.4,17.4
2026-09-10,1776,17.55,41553,17.55,17.55,17.55
2026-09-11,1776,17.6,53165,17.6,17.6,17.6
2026-09-14,1776,17.55,18575,17.55,17.55,17.55
2026-09-15,1776,17.75,53577,17.75,17.75,17.75
2026-09-16,1776,18.35,152688,18.35,18.35,18.35
2026-09-17,1776,18.55,166213,18.55,18.55,18.55
2026-09-18,1776,18.3,143396,18.3,18.3,18.3
2026-09-21,1776,18.4,24234,18.4,18.4,18.4
2026-09-22,1776,18.15,59645,18.15,18.15,18.15
2026-09-23,1776,18.1,14092,18.1,18.1,18.1
2026-09-24,1776,18.1,6001,18.1,18.1,18.1
2026-09-29,1776,18.2,14993,18.2,18.2,18.2
2026-09-30,1776,18.15,27010,18.15,18.15,18.15
2026-10-01,1776,18.05,29014,18.05,18.05,18.05
2026-10-02,1776,18.25,76962,18.25,18.25,18.25
2026-10-05,1776,18.4,60455,18.4,18.4,18.4
2026-09-07,1783,38.05,80311,38.05,38.05,38.05
2026-09-08,1783,37.8,34312,37.8,37.8,37.8
2026-09-09,1783,37.6,61179,37.6,37.6,37.6
2026-09-10,1783,37.05,117886,37.05,37.05,37.05
2026-09-11,1783,36.4,60352,36.4,36.4,36.4
2026-09-14,1783,36.4,99594,36.4,36.4,36.4
2026-09-15,1783,36.2,56653,36.2,36.2,36.2
2026-09-16,1783,36.25,34840,36.25,36.25,36.25
2026-09-17,1783,36.3,67867,36.3,36.3,36.3
2026-09-18,1783,36.7,100100,36.7,36.7,36.7
2026-09-21,1783,36.5,63311,36.5,36.5,36.5
2026-09-22,1783,36.4,54340,36.4,36.4,36.4
2026-09-23,1783,36.6,55411,36.6,36.6,36.6
2026-09-24,1783,36.7,20146,36.7,36.7,36.7
2026-09-29,1783,36.65,25800,36.65,36.65,36.65
2026-09-30,1783,37.25,72471,37.25,37.25,37.25
2026-10-01,1783,37.35,43420,37.35,37.35,37.35
2026-10-02,1783,37.05,20835,37.05,37.05,37.05
2026-10-05,1783,36.9,32749,36.9,36.9,36.9
2026-09-07,1786,45.9,165215,45.9,45.9,45.9
2026-09-08,1786,46.3,170354,46.3,46.3,46.3
2026-09-09,1786,44.7,368645,44.7,44.7,44.7
2026-09-10,1786,42.75,325262,42.75,42.75,42.75
2026-09-11,1786,43.3,219151,43.3,43.3,43.3
2026-09-14,1786,43.55,87252,43.55,43.55,43.55
2026-09-15,1786,43.05,75399,43.05,43.05,43.05
2026-09-16,1786,42.75,92785,42.75,42.75,42.75
2026-09-17,1786,43.75,132933,43.75,43.75,43.75
2026-09-18,1786,43.55,246814,43.55,43.55,43.55
2026-09-21,1786,43.85,126935,43.85,43.85,43.85
2026-09-22,1786,42.85,215914,42.85,42.85,42.85
2026-09-23,1786,43.0,70838,43.0,43.0,43.0
2026-09-24,1786,42.65,87618,42.65,42.65,42.65
2026-09-29,1786,42.65,92188,42.65,42.65,42.65
2026-09-30,1786,43.3,150930,43.3,43.3,43.3
2026-10-01,1786,43.25,97010,43.25,43.25,43.25
2026-10-02,1786,42.7,133040,42.7,42.7,42.7
2026-10-05,1786,41.5,238648,41.5,41.5,41.5
2026-09-07,1789,19.4,556821,19.4,19.4,19.4
2026-09-08,1789,19.15,317930,19.15,19.15,19.15
2026-09-09,1789,19.15,258027,19.15,19.15,19.15
2026-09-10,1789,18.6,816903,18.6,18.6,18.6
2026-09-11,1789,18.3,848728,18.3,18.3,18.3
2026-09-14,1789,18.0,525386,18.0,18.0,18.0
2026-09-15,1789,18.1,313893,18.1,18.1,18.1
2026-09-16,1789,18.15,274779,18.15,18.15,18.15
2026-09-17,1789,19.6,2195512,19.6,19.6,19.6
2026-09-18,1789,19.0,1331150,19.0,19.0,19.0
2026-09-21,1789,19.15,363137,19.15,19.15,19.15
2026-09-22,1789,18.85,314127,18.85,18.85,18.85
2026-09-23,1789,18.9,187171,18.9,18.9,18.9
2026-09-24,1789,18.6,295668,18.6,18.6,18.6
2026-09-29,1789,18.55,178229,18.55,18.55,18.55
2026-09-30,1789,18.95,344088,18.95,18.95,18.95
2026-10-01,1789,18.8,277794,18.8,18.8,18.8
2026-10-02,1789,18.6,416118,18.6,18.6,18.6
2026-10-05,1789,18.5,346126,18.5,18.5,18.5
2026-09-07,1795,180.5,550068,180.5,180.5,180.5
2026-09-08,1795,180.5,661252,180.5,180.5,180.5
2026-09-09,1795,179.0,714788,179.0,179.0,179.0
2026-09-10,1795,177.0,712244,177.0,177.0,177.0
2026-09-11,1795,173.5,1335501,173.5,173.5,173.5
2026-09-14,1795,173.5,542369,173.5,173.5,173.5
2026-09-15,1795,178.5,725132,178.5,178.5,178.5
2026-09-16,1795,178.0,875931,178.0,178.0,178.0
2026-09-17,1795,180.0,772740,180.0,180.0,180.0
2026-09-18,1795,180.0,672438,180.0,180.0,180.0
2026-09-21,1795,178.0,389932,178.0,178.0,178.0
2026-09-22,1795,176.5,736044,176.5,176.5,176.5
2026-09-23,1795,177.5,436783,177.5,177.5,177.5
2026-09-24,1795,175.5,420878,175.5,175.5,175.5
2026-09-29,1795,177.5,477261,177.5,177.5,177.5
2026-09-30,1795,179.0,733951,179.0,179.0,179.0
2026-10-01,1795,177.0,681616,177.0,177.0,177.0
2026-10-02,1795,176.0,610648,176.0,176.0,176.0
2026-10-05,1795,177.5,632333,177.5,177.5,177.5
2026-09-07,1802,60.7,21751725,60.7,60.7,60.7
2026-09-08,1802,59.9,17724258,59.9,59.9,59.9
2026-09-09,1802,60.2,11889541,60.2,60.2,60.2
2026-09-10,1802,59.6,9477446,59.6,59.6,59.6
2026-09-11,1802,58.2,11734113,58.2,58.2,58.2
2026-09-14,1802,57.8,11772428,57.8,57.8,57.8
2026-09-15,1802,56.0,10001475,56.0,56.0,56.0
2026-09-16,1802,58.5,12004130,58.5,58.5,58.5
2026-09-17,1802,58.5,23405436,58.5,58.5,58.5
2026-09-18,1802,58.8,33184205,58.8,58.8,58.8
2026-09-21,1802,60.1,19550629,60.1,60.1,60.1
2026-09-22,1802,58.8,26413098,58.8,58.8,58.8
2026-09-23,1802,57.6,16045294,57.6,57.6,57.6
2026-09-24,1802,58.4,8054096,58.4,58.4,58.4
2026-09-29,1802,57.6,7975945,57.6,57.6,57.6
2026-09-30,1802,59.9,23784387,59.9,59.9,59.9
2026-10-01,1802,58.8,15496264,58.8,58.8,58.8
2026-10-02,1802,59.5,12062573,59.5,59.5,59.5
2026-10-05,1802,59.3,23093784,59.3,59.3,59.3
2026-09-07,1805,10.1,102120,10.1,10.1,10.1
2026-09-08,1805,9.96,92387,9.96,9.96,9.96
2026-09-09,1805,10.1,29204,10.1,10.1,10.1
2026-09-10,1805,10.1,44079,10.1,10.1,10.1
2026-09-11,1805,10.1,24302,10.1,10.1,10.1
2026-09-14,1805,10.1,12371,10.1,10.1,10.1
2026-09-15,1805,10.1,22556,10.1,10.1,10.1
2026-09-16,1805,10.1,30095,10.1,10.1,10.1
2026-09-17,1805,10.15,60136,10.15,10.15,10.15
2026-09-18,1805,10.2,68553,10.2,10.2,10.2
2026-09-21,1805,10.25,55988,10.25,10.25,10.25
2026-09-22,1805,10.25,337030,10.25,10.25,10.25
2026-09-23,1805,10.15,73301,10.15,10.15,10.15
2026-09-24,1805,10.1,67778,10.1,10.1,10.1
2026-09-29,1805,10.05,192799,10.05,10.05,10.05
2026-09-30,1805,10.05,129495,10.05,10.05,10.05
2026-10-01,1805,10.1,27124,10.1,10.1,10.1
2026-10-02,1805,9.98,99292,9.98,9.98,9.98
2026-10-05,1805,9.96,39845,9.96,9.96,9.96
2026-09-07,1806,8.05,130537,8.05,8.05,8.05
2026-09-08,1806,8.03,71915,8.03,8.03,8.03
2026-09-09,1806,8.02,113164,8.02,8.02,8.02
2026-09-10,1806,8.03,78843,8.03,8.03,8.03
2026-09-11,1806,8.03,154451,8.03,8.03,8.03
2026-09-14,1806,7.98,54370,7.98,7.98,7.98
2026-09-15,1806,7.99,91760,7.99,7.99,7.99
2026-09-16,1806,7.99,56956,7.99,7.99,7.99
2026-09-17,1806,7.97,109692,7.97,7.97,7.97
2026-09-18,1806,8.01,93285,8.01,8.01,8.01
2026-09-21,1806,8.02,93870,8.02,8.02,8.02
2026-09-22,1806,7.98,161775,7.98,7.98,7.98
2026-09-23,1806,7.99,58785,7.99,7.99,7.99
2026-09-24,1806,7.98,65334,7.98,7.98,7.98
2026-09-29,1806,7.94,62887,7.94,7.94,7.94
2026-09-30,1806,8.0,151784,8.0,8.0,8.0
2026-10-01,1806,7.92,344515,7.92,7.92,7.92
2026-10-02,1806,7.91,112608,7.91,7.91,7.91
2026-10-05,1806,7.88,141256,7.88,7.88,7.88
2026-09-07,1808,34.25,1129564,34.25,34.25,34.25
2026-09-08,1808,34.85,1180519,34.85,34.85,34.85
2026-09-09,1808,35.1,2570106,35.1,35.1,35.1
2026-09-10,1808,34.4,2554064,34.4,34.4,34.4
2026-09-11,1808,34.45,2080015,34.45,34.45,34.45
2026-09-14,1808,33.2,1588085,33.2,33.2,33.2
2026-09-15,1808,33.0,1211558,33.0,33.0,33.0
2026-09-16,1808,33.65,2542566,33.65,33.65,33.65
2026-09-17,1808,34.15,2117102,34.15,34.15,34.15
2026-09-18,1808,35.9,4369682,35.9,35.9,35.9
2026-09-21,1808,35.9,1730674,35.9,35.9,35.9
2026-09-22,1808,35.0,2041741,35.0,35.0,35.0
2026-09-23,1808,31.9,4245386,31.9,31.9,31.9
2026-09-24,1808,31.9,1505021,31.9,31.9,31.9
2026-09-29,1808,31.6,511395,31.6,31.6,31.6
2026-09-30,1808,31.65,690982,31.65,31.65,31.65
2026-10-01,1808,31.7,1385047,31.7,31.7,31.7
2026-10-02,1808,31.6,368724,31.6,31.6,31.6
2026-10-05,1808,31.35,844067,31.35,31.35,31.35
2026-09-07,1809,37.9,843802,37.9,37.9,37.9
2026-09-08,1809,38.1,1633625,38.1,38.1,38.1
2026-09-09,1809,39.0,1942488,39.0,39.0,39.0
2026-09-10,1809,38.05,797629,38.05,38.05,38.05
2026-09-11,1809,37.45,622776,37.45,37.45,37.45
2026-09-14,1809,37.0,924772,37.0,37.0,37.0
2026-09-15,1809,36.0,778635,36.0,36.0,36.0
2026-09-16,1809,37.3,907335,37.3,37.3,37.3
2026-09-17,1809,37.3,858357,37.3,37.3,37.3
2026-09-18,1809,38.6,2481840,38.6,38.6,38.6
2026-09-21,1809,39.0,1670248,39.0,39.0,39.0
2026-09-22,1809,40.6,3769718,40.6,40.6,40.6
2026-09-23,1809,41.25,6806938,41.25,41.25,41.25
2026-09-24,1809,45.35,7084102,45.35,45.35,45.35
2026-09-29,1809,45.0,30009242,45.0,45.0,45.0
2026-09-30,1809,47.85,19478355,47.85,47.85,47.85
2026-10-01,1809,45.75,5728368,45.75,45.75,45.75
2026-10-02,1809,47.55,11390862,47.55,47.55,47.55
2026-10-05,1809,46.6,4735060,46.6,46.6,46.6
2026-09-07,1810,24.05,1454568,24.05,24.05,24.05
2026-09-08,1810,24.0,1919007,24.0,24.0,24.0
2026-09-09,1810,24.0,1150485,24.0,24.0,24.0
2026-09-10,1810,23.7,1275217,23.7,23.7,23.7
2026-09-11,1810,23.55,2591112,23.55,23.55,23.55
2026-09-14,1810,23.8,2063129,23.8,23.8,23.8
2026-09-15,1810,23.45,861105,23.45,23.45,23.45
2026-09-16,1810,23.5,1027641,23.5,23.5,23.5
2026-09-17,1810,23.7,992140,23.7,23.7,23.7
2026-09-18,1810,24.05,1302856,24.05,24.05,24.05
2026-09-21,1810,23.9,1257945,23.9,23.9,23.9
2026-09-22,1810,23.85,1112163,23.85,23.85,23.85
2026-09-23,1810,23.85,1182145,23.85,23.85,23.85
2026-09-24,1810,23.95,835697,23.95,23.95,23.95
2026-09-29,1810,23.7,1046015,23.7,23.7,23.7
2026-09-30,1810,24.45,2605886,24.45,24.45,24.45
2026-10-01,1810,24.0,1319890,24.0,24.0,24.0
2026-10-02,1810,23.95,1196051,23.95,23.95,23.95
2026-10-05,1810,23.7,1405333,23.7,23.7,23.7
2026-09-07,1817,40.1,97378,40.1,40.1,40.1
2026-09-08,1817,40.0,38077,40.0,40.0,40.0
2026-09-09,1817,39.9,21247,39.9,39.9,39.9
2026-09-10,1817,40.5,89012,40.5,40.5,40.5
2026-09-11,1817,40.45,14361,40.45,40.45,40.45
2026-09-14,1817,40.3,25240,40.3,40.3,40.3
2026-09-15,1817,40.2,9362,40.2,40.2,40.2
2026-09-16,1817,40.2,38117,40.2,40.2,40.2
2026-09-17,1817,40.25,14416,40.25,40.25,40.25
2026-09-18,1817,40.45,45500,40.45,40.45,40.45
2026-09-21,1817,40.5,45322,40.5,40.5,40.5
2026-09-22,1817,40.3,45938,40.3,40.3,40.3
2026-09-23,1817,40.3,16036,40.3,40.3,40.3
2026-09-24,1817,40.15,18513,40.15,40.15,40.15
2026-09-29,1817,39.85,48076,39.85,39.85,39.85
2026-09-30,1817,39.85,30163,39.85,39.85,39.85
2026-10-01,1817,40.0,16995,40.0,40.0,40.0
2026-10-02,1817,39.85,11057,39.85,39.85,39.85
2026-10-05,1817,39.75,15504,39.75,39.75,39.75
2026-09-07,1903,47.6,59353,47.6,47.6,47.6
2026-09-08,1903,47.85,92339,47.85,47.85,47.85
2026-09-09,1903,47.85,14461,47.85,47.85,47.85
2026-09-10,1903,47.5,23281,47.5,47.5,47.5
2026-09-11,1903,47.4,38276,47.4,47.4,47.4
2026-09-14,1903,47.5,76857,47.5,47.5,47.5
2026-09-15,1903,47.2,47531,47.2,47.2,47.2
2026-09-16,1903,46.95,232860,46.95,46.95,46.95
2026-09-17,1903,47.15,102241,47.15,47.15,47.15
2026-09-18,1903,46.15,156743,46.15,46.15,46.15
2026-09-21,1903,47.1,51232,47.1,47.1,47.1
2026-09-22,1903,47.15,68452,47.15,47.15,47.15
2026-09-23,1903,47.5,78621,47.5,47.5,47.5
2026-09-24,1903,47.1,39414,47.1,47.1,47.1
2026-09-29,1903,47.0,61723,47.0,47.0,47.0
2026-09-30,1903,47.8,78429,47.8,47.8,47.8
2026-10-01,1903,47.65,24918,47.65,47.65,47.65
2026-10-02,1903,47.35,48674,47.35,47.35,47.35
2026-10-05,1903,47.05,142154,47.05,47.05,47.05
2026-09-07,1904,24.45,2219831,24.45,24.45,24.45
2026-09-08,1904,24.45,1460928,24.45,24.45,24.45
2026-09-09,1904,24.55,1552906,24.55,24.55,24.55
2026-09-10,1904,25.55,3206786,25.55,25.55,25.55
2026-09-11,1904,24.8,1907342,24.8,24.8,24.8
2026-09-14,1904,24.8,1227068,24.8,24.8,24.8
2026-09-15,1904,24.4,1308734,24.4,24.4,24.4
2026-09-16,1904,24.4,2904506,24.4,24.4,24.4
2026-09-17,1904,25.0,1307142,25.0,25.0,25.0
2026-09-18,1904,24.75,1038643,24.75,24.75,24.75
2026-09-21,1904,24.55,784060,24.55,24.55,24.55
2026-09-22,1904,25.0,2212423,25.0,25.0,25.0
2026-09-23,1904,24.85,904761,24.85,24.85,24.85
2026-09-24,1904,24.9,1260898,24.9,24.9,24.9
2026-09-29,1904,24.25,2418384,24.25,24.25,24.25
2026-09-30,1904,24.6,1196699,24.6,24.6,24.6
2026-10-01,1904,24.1,2000585,24.1,24.1,24.1
2026-10-02,1904,24.2,1110300,24.2,24.2,24.2
2026-10-05,1904,24.0,1408636,24.0,24.0,24.0
2026-09-07,1905,13.2,1594219,13.2,13.2,13.2
2026-09-08,1905,13.2,1146696,13.2,13.2,13.2
2026-09-09,1905,13.45,1168304,13.45,13.45,13.45
2026-09-10,1905,13.3,1511941,13.3,13.3,13.3
2026-09-11,1905,13.2,1288136,13.2,13.2,13.2
2026-09-14,1905,13.15,1139329,13.15,13.15,13.15
2026-09-15,1905,13.05,1357003,13.05,13.05,13.05
2026-09-16,1905,13.1,3228321,13.1,13.1,13.1
2026-09-17,1905,13.5,1824107,13.5,13.5,13.5
2026-09-18,1905,13.25,2071205,13.25,13.25,13.25
2026-09-21,1905,13.2,1089827,13.2,13.2,13.2
2026-09-22,1905,13.15,2066362,13.15,13.15,13.15
2026-09-23,1905,13.1,1351578,13.1,13.1,13.1
2026-09-24,1905,13.1,966312,13.1,13.1,13.1
2026-09-29,1905,12.85,3133256,12.85,12.85,12.85
2026-09-30,1905,13.05,2106374,13.05,13.05,13.05
2026-10-01,1905,12.8,4228154,12.8,12.8,12.8
2026-10-02,1905,12.85,1196092,12.85,12.85,12.85
2026-10-05,1905,12.7,1783533,12.7,12.7,12.7
2026-09-07,1906,11.2,65700,11.2,11.2,11.2
2026-09-08,1906,11.1,23634,11.1,11.1,11.1
2026-09-09,1906,11.1,46232,11.1,11.1,11.1
2026-09-10,1906,11.1,37315,11.1,11.1,11.1
2026-09-11,1906,11.0,31309,11.0,11.0,11.0
2026-09-14,1906,10.9,32014,10.9,10.9,10.9
2026-09-15,1906,10.75,39045,10.75,10.75,10.75
2026-09-16,1906,10.8,32444,10.8,10.8,10.8
2026-09-17,1906,10.85,38036,10.85,10.85,10.85
2026-09-18,1906,10.9,75296,10.9,10.9,10.9
2026-09-21,1906,10.85,35750,10.85,10.85,10.85
2026-09-22,1906,10.85,30828,10.85,10.85,10.85
2026-09-23,1906,10.7,106819,10.7,10.7,10.7
2026-09-24,1906,10.7,30244,10.7,10.7,10.7
2026-09-29,1906,10.8,38292,10.8,10.8,10.8
2026-09-30,1906,10.9,68443,10.9,10.9,10.9
2026-10-01,1906,10.8,29188,10.8,10.8,10.8
2026-10-02,1906,10.65,66390,10.65,10.65,10.65
2026-10-05,1906,10.6,53031,10.6,10.6,10.6
2026-09-07,1907,29.1,1675795,29.1,29.1,29.1
2026-09-08,1907,29.15,501262,29.15,29.15,29.15
2026-09-09,1907,29.2,674671,29.2,29.2,29.2
2026-09-10,1907,29.15,704022,29.15,29.15,29.15
2026-09-11,1907,29.05,808765,29.05,29.05,29.05
2026-09-14,1907,29.0,697691,29.0,29.0,29.0
2026-09-15,1907,28.85,561160,28.85,28.85,28.85
2026-09-16,1907,28.85,547293,28.85,28.85,28.85
2026-09-17,1907,29.45,1248099,29.45,29.45,29.45
2026-09-18,1907,29.25,820772,29.25,29.25,29.25
2026-09-21,1907,28.9,633351,28.9,28.9,28.9
2026-09-22,1907,29.0,309793,29.0,29.0,29.0
2026-09-23,1907,28.45,660771,28.45,28.45,28.45
2026-09-24,1907,28.25,898147,28.25,28.25,28.25
2026-09-29,1907,27.9,1306075,27.9,27.9,27.9
2026-09-30,1907,28.4,732317,28.4,28.4,28.4
2026-10-01,1907,28.0,1143383,28.0,28.0,28.0
2026-10-02,1907,27.9,1312879,27.9,27.9,27.9
2026-10-05,1907,27.6,875572,27.6,27.6,27.6
2026-09-07,1909,10.85,2662029,10.85,10.85,10.85
2026-09-08,1909,10.75,1563028,10.75,10.75,10.75
2026-09-09,1909,10.7,2885028,10.7,10.7,10.7
2026-09-10,1909,10.65,1679902,10.65,10.65,10.65
2026-09-11,1909,10.45,2667535,10.45,10.45,10.45
2026-09-14,1909,10.25,1736881,10.25,10.25,10.25
2026-09-15,1909,10.1,1943300,10.1,10.1,10.1
2026-09-16,1909,10.15,5104456,10.15,10.15,10.15
2026-09-17,1909,10.3,1752256,10.3,10.3,10.3
2026-09-18,1909,10.15,1400753,10.15,10.15,10.15
2026-09-21,1909,10.15,1316874,10.15,10.15,10.15
2026-09-22,1909,10.15,1254124,10.15,10.15,10.15
2026-09-23,1909,10.1,1357573,10.1,10.1,10.1
2026-09-24,1909,10.1,1046393,10.1,10.1,10.1
2026-09-29,1909,10.05,1358907,10.05,10.05,10.05
2026-09-30,1909,10.3,2014017,10.3,10.3,10.3
2026-10-01,1909,10.2,1189488,10.2,10.2,10.2
2026-10-02,1909,10.1,1620404,10.1,10.1,10.1
2026-10-05,1909,10.0,2397212,10.0,10.0,10.0
2026-09-07,2002,19.0,15934299,19.0,19.0,19.0
2026-09-08,2002,19.1,20868836,19.1,19.1,19.1
2026-09-09,2002,19.25,33490444,19.25,19.25,19.25
2026-09-10,2002,19.1,21754648,19.1,19.1,19.1
2026-09-11,2002,18.9,26834303,18.9,18.9,18.9
2026-09-14,2002,18.8,24252702,18.8,18.8,18.8
2026-09-15,2002,18.65,30609530,18.65,18.65,18.65
2026-09-16,2002,18.65,26366296,18.65,18.65,18.65
2026-09-17,2002,18.7,17570221,18.7,18.7,18.7
2026-09-18,2002,18.75,25507630,18.75,18.75,18.75
2026-09-21,2002,18.65,28536026,18.65,18.65,18.65
2026-09-22,2002,18.65,29039115,18.65,18.65,18.65
2026-09-23,2002,18.65,25706691,18.65,18.65,18.65
2026-09-24,2002,18.65,20491440,18.65,18.65,18.65
2026-09-29,2002,18.8,36951740,18.8,18.8,18.8
2026-09-30,2002,19.2,90608564,19.2,19.2,19.2
2026-10-01,2002,18.95,38390897,18.95,18.95,18.95
2026-10-02,2002,19.0,21124095,19.0,19.0,19.0
2026-10-05,2002,18.9,26859457,18.9,18.9,18.9
2026-09-07,2006,80.8,1203974,80.8,80.8,80.8
2026-09-08,2006,81.9,768679,81.9,81.9,81.9
2026-09-09,2006,82.0,993144,82.0,82.0,82.0
2026-09-10,2006,81.2,604850,81.2,81.2,81.2
2026-09-11,2006,82.5,1099446,82.5,82.5,82.5
2026-09-14,2006,82.1,785685,82.1,82.1,82.1
2026-09-15,2006,80.9,1149181,80.9,80.9,80.9
2026-09-16,2006,81.1,1894701,81.1,81.1,81.1
2026-09-17,2006,82.5,4340270,82.5,82.5,82.5
2026-09-18,2006,87.6,4908459,87.6,87.6,87.6
2026-09-21,2006,85.5,1618283,85.5,85.5,85.5
2026-09-22,2006,86.1,1510596,86.1,86.1,86.1
2026-09-23,2006,85.8,1864183,85.8,85.8,85.8
2026-09-24,2006,87.8,1650426,87.8,87.8,87.8
2026-09-29,2006,85.4,1997985,85.4,85.4,85.4
2026-09-30,2006,85.4,2294770,85.4,85.4,85.4
2026-10-01,2006,84.6,2447124,84.6,84.6,84.6
2026-10-02,2006,86.6,1100589,86.6,86.6,86.6
2026-10-05,2006,85.8,723099,85.8,85.8,85.8
2026-09-07,2007,6.99,86314,6.99,6.99,6.99
2026-09-08,2007,6.92,209694,6.92,6.92,6.92
2026-09-09,2007,6.97,182720,6.97,6.97,6.97
2026-09-10,2007,6.87,228153,6.87,6.87,6.87
2026-09-11,2007,6.81,253955,6.81,6.81,6.81
2026-09-14,2007,6.76,125472,6.76,6.76,6.76
2026-09-15,2007,6.65,253053,6.65,6.65,6.65
2026-09-16,2007,6.72,493222,6.72,6.72,6.72
2026-09-17,2007,6.81,71544,6.81,6.81,6.81
2026-09-18,2007,6.91,117621,6.91,6.91,6.91
2026-09-21,2007,6.91,94590,6.91,6.91,6.91
2026-09-22,2007,6.95,63147,6.95,6.95,6.95
2026-09-23,2007,6.89,98897,6.89,6.89,6.89
2026-09-24,2007,6.89,147204,6.89,6.89,6.89
2026-09-29,2007,6.9,283063,6.9,6.9,6.9
2026-09-30,2007,7.0,300167,7.0,7.0,7.0
2026-10-01,2007,7.0,231238,7.0,7.0,7.0
2026-10-02,2007,7.0,141935,7.0,7.0,7.0
2026-10-05,2007,6.91,151385,6.91,6.91,6.91
2026-09-07,2008,31.4,19624,31.4,31.4,31.4
2026-09-08,2008,30.75,10963,30.75,30.75,30.75
2026-09-09,2008,30.7,16552,30.7,30.7,30.7
2026-09-10,2008,30.8,4649,30.8,30.8,30.8
2026-09-11,2008,30.55,8000,30.55,30.55,30.55
2026-09-14,2008,30.5,5673,30.5,30.5,30.5
2026-09-15,2008,30.5,39282,30.5,30.5,30.5
2026-09-16,2008,30.5,4324,30.5,30.5,30.5
2026-09-17,2008,30.9,22278,30.9,30.9,30.9
2026-09-18,2008,30.95,19411,30.95,30.95,30.95
2026-09-21,2008,30.6,13780,30.6,30.6,30.6
2026-09-22,2008,30.5,7313,30.5,30.5,30.5
2026-09-23,2008,30.5,31823,30.5,30.5,30.5
2026-09-24,2008,30.5,12658,30.5,30.5,30.5
2026-09-29,2008,30.5,13251,30.5,30.5,30.5
2026-09-30,2008,31.1,14409,31.1,31.1,31.1
2026-10-01,2008,30.85,5244,30.85,30.85,30.85
2026-10-02,2008,30.5,8317,30.5,30.5,30.5
2026-10-05,2008,30.5,9124,30.5,30.5,30.5
2026-09-07,2009,38.95,1261781,38.95,38.95,38.95
2026-09-08,2009,40.6,4686373,40.6,40.6,40.6
2026-09-09,2009,40.5,3874271,40.5,40.5,40.5
2026-09-10,2009,40.25,3960588,40.25,40.25,40.25
2026-09-11,2009,39.0,2623563,39.0,39.0,39.0
2026-09-14,2009,38.5,1480461,38.5,38.5,38.5
2026-09-15,2009,38.2,868888,38.2,38.2,38.2
2026-09-16,2009,38.8,1630917,38.8,38.8,38.8
2026-09-17,2009,39.2,784797,39.2,39.2,39.2
2026-09-18,2009,39.6,989716,39.6,39.6,39.6
2026-09-21,2009,39.5,955791,39.5,39.5,39.5
2026-09-22,2009,40.1,1745085,40.1,40.1,40.1
2026-09-23,2009,39.35,2769971,39.35,39.35,39.35
2026-09-24,2009,39.15,874995,39.15,39.15,39.15
2026-09-29,2009,39.15,1672790,39.15,39.15,39.15
2026-09-30,2009,40.0,2129405,40.0,40.0,40.0
2026-10-01,2009,39.3,1229356,39.3,39.3,39.3
2026-10-02,2009,39.3,760206,39.3,39.3,39.3
2026-10-05,2009,39.2,1213551,39.2,39.2,39.2
2026-09-07,2010,22.3,1171661,22.3,22.3,22.3
2026-09-08,2010,22.4,662880,22.4,22.4,22.4
2026-09-09,2010,22.55,637521,22.55,22.55,22.55
2026-09-10,2010,22.4,360446,22.4,22.4,22.4
2026-09-11,2010,22.05,874433,22.05,22.05,22.05
2026-09-14,2010,21.8,812456,21.8,21.8,21.8
2026-09-15,2010,21.55,544328,21.55,21.55,21.55
2026-09-16,2010,21.6,560308,21.6,21.6,21.6
2026-09-17,2010,21.9,666352,21.9,21.9,21.9
2026-09-18,2010,22.0,678992,22.0,22.0,22.0
2026-09-21,2010,21.8,790708,21.8,21.8,21.8
2026-09-22,2010,22.05,951177,22.05,22.05,22.05
2026-09-23,2010,21.9,418107,21.9,21.9,21.9
2026-09-24,2010,22.35,1464117,22.35,22.35,22.35
2026-09-29,2010,22.45,1729221,22.45,22.45,22.45
2026-09-30,2010,23.0,2630914,23.0,23.0,23.0
2026-10-01,2010,22.5,1526972,22.5,22.5,22.5
2026-10-02,2010,22.55,533716,22.55,22.55,22.55
2026-10-05,2010,22.35,910469,22.35,22.35,22.35
2026-09-07,2012,14.6,44546,14.6,14.6,14.6
2026-09-08,2012,14.45,59916,14.45,14.45,14.45
2026-09-09,2012,14.5,34338,14.5,14.5,14.5
2026-09-10,2012,14.35,63770,14.35,14.35,14.35
2026-09-11,2012,14.1,63412,14.1,14.1,14.1
2026-09-14,2012,13.95,56557,13.95,13.95,13.95
2026-09-15,2012,13.95,22527,13.95,13.95,13.95
2026-09-16,2012,13.9,36658,13.9,13.9,13.9
2026-09-17,2012,14.1,87049,14.1,14.1,14.1
2026-09-18,2012,14.2,53003,14.2,14.2,14.2
2026-09-21,2012,14.2,157819,14.2,14.2,14.2
2026-09-22,2012,14.15,19553,14.15,14.15,14.15
2026-09-23,2012,14.15,13966,14.15,14.15,14.15
2026-09-24,2012,14.2,29915,14.2,14.2,14.2
2026-09-29,2012,14.15,77143,14.15,14.15,14.15
2026-09-30,2012,14.4,83056,14.4,14.4,14.4
2026-10-01,2012,14.35,29406,14.35,14.35,14.35
2026-10-02,2012,14.2,24841,14.2,14.2,14.2
2026-10-05,2012,14.2,40269,14.2,14.2,14.2
2026-09-07,2013,41.75,50898,41.75,41.75,41.75
2026-09-08,2013,41.7,134269,41.7,41.7,41.7
2026-09-09,2013,41.9,60835,41.9,41.9,41.9
2026-09-10,2013,41.85,32988,41.85,41.85,41.85
2026-09-11,2013,41.45,78979,41.45,41.45,41.45
2026-09-14,2013,41.5,57504,41.5,41.5,41.5
2026-09-15,2013,41.4,33224,41.4,41.4,41.4
2026-09-16,2013,41.3,42809,41.3,41.3,41.3
2026-09-17,2013,41.35,19243,41.35,41.35,41.35
2026-09-18,2013,41.1,111790,41.1,41.1,41.1
2026-09-21,2013,41.35,24787,41.35,41.35,41.35
2026-09-22,2013,41.35,26011,41.35,41.35,41.35
2026-09-23,2013,41.3,45055,41.3,41.3,41.3
2026-09-24,2013,41.1,61624,41.1,41.1,41.1
2026-09-29,2013,41.2,49044,41.2,41.2,41.2
2026-09-30,2013,41.6,65633,41.6,41.6,41.6
2026-10-01,2013,41.5,32397,41.5,41.5,41.5
2026-10-02,2013,41.4,33007,41.4,41.4,41.4
2026-10-05,2013,41.1,29632,41.1,41.1,41.1
2026-09-07,2014,17.0,1382576,17.0,17.0,17.0
2026-09-08,2014,17.0,1600249,17.0,17.0,17.0
2026-09-09,2014,17.05,1541847,17.05,17.05,17.05
2026-09-10,2014,16.9,1492045,16.9,16.9,16.9
2026-09-11,2014,16.65,3238938,16.65,16.65,16.65
2026-09-14,2014,16.5,2313645,16.5,16.5,16.5
2026-09-15,2014,16.25,2321052,16.25,16.25,16.25
2026-09-16,2014,16.35,1070824,16.35,16.35,16.35
2026-09-17,2014,16.55,1131865,16.55,16.55,16.55
2026-09-18,2014,16.55,1533951,16.55,16.55,16.55
2026-09-21,2014,16.55,830007,16.55,16.55,16.55
2026-09-22,2014,16.6,1271444,16.6,16.6,16.6
2026-09-23,2014,16.65,1927835,16.65,16.65,16.65
2026-09-24,2014,16.9,3896414,16.9,16.9,16.9
2026-09-29,2014,16.8,4542538,16.8,16.8,16.8
2026-09-30,2014,17.4,6303314,17.4,17.4,17.4
2026-10-01,2014,17.1,2893468,17.1,17.1,17.1
2026-10-02,2014,17.1,1520901,17.1,17.1,17.1
2026-10-05,2014,16.85,2253453,16.85,16.85,16.85
2026-09-07,2015,64.7,203579,64.7,64.7,64.7
2026-09-08,2015,64.7,157287,64.7,64.7,64.7
2026-09-09,2015,64.9,58228,64.9,64.9,64.9
2026-09-10,2015,64.7,112847,64.7,64.7,64.7
2026-09-11,2015,64.4,187687,64.4,64.4,64.4
2026-09-14,2015,64.6,112337,64.6,64.6,64.6
2026-09-15,2015,64.5,89765,64.5,64.5,64.5
2026-09-16,2015,63.7,259913,63.7,63.7,63.7
2026-09-17,2015,64.2,59466,64.2,64.2,64.2
2026-09-18,2015,65.0,452795,65.0,65.0,65.0
2026-09-21,2015,64.7,161695,64.7,64.7,64.7
2026-09-22,2015,64.2,101609,64.2,64.2,64.2
2026-09-23,2015,64.2,35024,64.2,64.2,64.2
2026-09-24,2015,64.5,41321,64.5,64.5,64.5
2026-09-29,2015,63.1,269986,63.1,63.1,63.1
2026-09-30,2015,64.2,269520,64.2,64.2,64.2
2026-10-01,2015,64.2,75885,64.2,64.2,64.2
2026-10-02,2015,63.8,199291,63.8,63.8,63.8
2026-10-05,2015,63.8,134639,63.8,63.8,63.8
2026-09-07,2017,8.93,1034788,8.93,8.93,8.93
2026-09-08,2017,8.97,245375,8.97,8.97,8.97
2026-09-09,2017,8.91,275382,8.91,8.91,8.91
2026-09-10,2017,8.85,269057,8.85,8.85,8.85
2026-09-11,2017,8.77,515988,8.77,8.77,8.77
2026-09-14,2017,8.67,318103,8.67,8.67,8.67
2026-09-15,2017,8.62,340434,8.62,8.62,8.62
2026-09-16,2017,8.73,509293,8.73,8.73,8.73
2026-09-17,2017,8.74,282016,8.74,8.74,8.74
2026-09-18,2017,8.91,568646,8.91,8.91,8.91
2026-09-21,2017,8.92,233888,8.92,8.92,8.92
2026-09-22,2017,8.94,630161,8.94,8.94,8.94
2026-09-23,2017,8.97,264985,8.97,8.97,8.97
2026-09-24,2017,8.99,340921,8.99,8.99,8.99
2026-09-29,2017,8.92,372566,8.92,8.92,8.92
2026-09-30,2017,9.13,971752,9.13,9.13,9.13
2026-10-01,2017,9.09,252574,9.09,9.09,9.09
2026-10-02,2017,9.03,254004,9.03,9.03,9.03
2026-10-05,2017,8.93,234208,8.93,8.93,8.93
2026-09-07,2020,21.65,423339,21.65,21.65,21.65
2026-09-08,2020,21.8,354285,21.8,21.8,21.8
2026-09-09,2020,21.9,172522,21.9,21.9,21.9
2026-09-10,2020,21.7,221731,21.7,21.7,21.7
2026-09-11,2020,21.6,425719,21.6,21.6,21.6
2026-09-14,2020,21.35,204203,21.35,21.35,21.35
2026-09-15,2020,21.55,387958,21.55,21.55,21.55
2026-09-16,2020,21.45,139736,21.45,21.45,21.45
2026-09-17,2020,21.5,131259,21.5,21.5,21.5
2026-09-18,2020,21.4,245311,21.4,21.4,21.4
2026-09-21,2020,21.4,253900,21.4,21.4,21.4
2026-09-22,2020,21.5,191146,21.5,21.5,21.5
2026-09-23,2020,21.6,218521,21.6,21.6,21.6
2026-09-24,2020,22.1,739085,22.1,22.1,22.1
2026-09-29,2020,24.3,5753984,24.3,24.3,24.3
2026-09-30,2020,26.7,5306101,26.7,26.7,26.7
2026-10-01,2020,26.2,21074637,26.2,26.2,26.2
2026-10-02,2020,26.9,7080440,26.9,26.9,26.9
2026-10-05,2020,25.25,4703196,25.25,25.25,25.25
2026-09-07,2022,7.48,454715,7.48,7.48,7.48
2026-09-08,2022,7.46,214036,7.46,7.46,7.46
2026-09-09,2022,7.45,236441,7.45,7.45,7.45
2026-09-10,2022,7.44,188168,7.44,7.44,7.44
2026-09-11,2022,7.3,399192,7.3,7.3,7.3
2026-09-14,2022,7.28,247429,7.28,7.28,7.28
2026-09-15,2022,7.19,310625,7.19,7.19,7.19
2026-09-16,2022,7.15,341830,7.15,7.15,7.15
2026-09-17,2022,7.18,245712,7.18,7.18,7.18
2026-09-18,2022,7.19,303045,7.19,7.19,7.19
2026-09-21,2022,7.13,224423,7.13,7.13,7.13
2026-09-22,2022,7.14,214037,7.14,7.14,7.14
2026-09-23,2022,7.14,196894,7.14,7.14,7.14
2026-09-24,2022,7.16,202948,7.16,7.16,7.16
2026-09-29,2022,7.3,301203,7.3,7.3,7.3
2026-09-30,2022,7.33,198729,7.33,7.33,7.33
2026-10-01,2022,7.34,208884,7.34,7.34,7.34
2026-10-02,2022,7.31,300624,7.31,7.31,7.31
2026-10-05,2022,7.26,164872,7.26,7.26,7.26
2026-09-07,2023,13.95,680478,13.95,13.95,13.95
2026-09-08,2023,13.95,1092052,13.95,13.95,13.95
2026-09-09,2023,14.0,656027,14.0,14.0,14.0
2026-09-10,2023,14.1,1308048,14.1,14.1,14.1
2026-09-11,2023,13.9,893275,13.9,13.9,13.9
2026-09-14,2023,13.85,454384,13.85,13.85,13.85
2026-09-15,2023,13.7,1486524,13.7,13.7,13.7
2026-09-16,2023,13.7,2070388,13.7,13.7,13.7
2026-09-17,2023,13.7,748868,13.7,13.7,13.7
2026-09-18,2023,13.6,2143416,13.6,13.6,13.6
2026-09-21,2023,13.6,847867,13.6,13.6,13.6
2026-09-22,2023,13.6,786965,13.6,13.6,13.6
2026-09-23,2023,13.6,441676,13.6,13.6,13.6
2026-09-24,2023,13.65,765267,13.65,13.65,13.65
2026-09-29,2023,13.55,1159080,13.55,13.55,13.55
2026-09-30,2023,13.75,1279312,13.75,13.75,13.75
2026-10-01,2023,13.8,1896256,13.8,13.8,13.8
2026-10-02,2023,13.9,1588195,13.9,13.9,13.9
2026-10-05,2023,13.8,691501,13.8,13.8,13.8
2026-09-07,2024,13.35,91926,13.35,13.35,13.35
2026-09-08,2024,13.2,10921,13.2,13.2,13.2
2026-09-09,2024,13.2,3019,13.2,13.2,13.2
2026-09-10,2024,13.15,7008,13.15,13.15,13.15
2026-09-14,2024,13.05,3709,13.05,13.05,13.05
2026-09-15,2024,12.85,14997,12.85,12.85,12.85
2026-09-16,2024,12.85,5014,12.85,12.85,12.85
2026-09-17,2024,12.9,23317,12.9,12.9,12.9
2026-09-18,2024,13.0,14007,13.0,13.0,13.0
2026-09-21,2024,12.95,6455,12.95,12.95,12.95
2026-09-22,2024,12.95,12185,12.95,12.95,12.95
2026-09-23,2024,12.8,10336,12.8,12.8,12.8
2026-09-24,2024,12.9,8661,12.9,12.9,12.9
2026-09-29,2024,12.75,5397,12.75,12.75,12.75
2026-09-30,2024,12.9,12230,12.9,12.9,12.9
2026-10-01,2024,13.3,43413,13.3,13.3,13.3
2026-10-02,2024,13.25,25046,13.25,13.25,13.25
2026-10-05,2024,13.15,4305,13.15,13.15,13.15
2026-09-07,2025,12.45,480522,12.45,12.45,12.45
2026-09-08,2025,12.55,450964,12.55,12.55,12.55
2026-09-09,2025,12.55,191765,12.55,12.55,12.55
2026-09-10,2025,12.4,260319,12.4,12.4,12.4
2026-09-11,2025,12.3,239496,12.3,12.3,12.3
2026-09-14,2025,12.3,246020,12.3,12.3,12.3
2026-09-15,2025,11.85,392957,11.85,11.85,11.85
2026-09-16,2025,12.0,336897,12.0,12.0,12.0
2026-09-17,2025,12.35,435184,12.35,12.35,12.35
2026-09-18,2025,12.4,195227,12.4,12.4,12.4
2026-09-21,2025,12.4,221716,12.4,12.4,12.4
2026-09-22,2025,12.55,514000,12.55,12.55,12.55
2026-09-23,2025,12.65,325287,12.65,12.65,12.65
2026-09-24,2025,13.1,1899021,13.1,13.1,13.1
2026-09-29,2025,13.35,2029531,13.35,13.35,13.35
2026-09-30,2025,14.65,4961003,14.65,14.65,14.65
2026-10-01,2025,14.05,4380086,14.05,14.05,14.05
2026-10-02,2025,14.3,1807131,14.3,14.3,14.3
2026-10-05,2025,13.9,1647730,13.9,13.9,13.9
2026-09-07,2027,49.1,20652125,49.1,49.1,49.1
2026-09-08,2027,49.35,12192930,49.35,49.35,49.35
2026-09-09,2027,48.6,14231298,48.6,48.6,48.6
2026-09-10,2027,48.2,20158807,48.2,48.2,48.2
2026-09-11,2027,46.5,20851259,46.5,46.5,46.5
2026-09-14,2027,45.75,9155087,45.75,45.75,45.75
2026-09-15,2027,45.0,12037554,45.0,45.0,45.0
2026-09-16,2027,46.55,14323752,46.55,46.55,46.55
2026-09-17,2027,47.1,10660209,47.1,47.1,47.1
2026-09-18,2027,47.35,12398697,47.35,47.35,47.35
2026-09-21,2027,46.65,5906011,46.65,46.65,46.65
2026-09-22,2027,46.5,8426590,46.5,46.5,46.5
2026-09-23,2027,46.6,7729284,46.6,46.6,46.6
2026-09-24,2027,47.6,10270252,47.6,47.6,47.6
2026-09-29,2027,47.15,12474332,47.15,47.15,47.15
2026-09-30,2027,47.45,9157975,47.45,47.45,47.45
2026-10-01,2027,48.05,15670981,48.05,48.05,48.05
2026-10-02,2027,48.05,6962195,48.05,48.05,48.05
2026-10-05,2027,47.9,10667229,47.9,47.9,47.9
2026-09-07,2028,15.75,84292,15.75,15.75,15.75
2026-09-08,2028,15.65,133372,15.65,15.65,15.65
2026-09-09,2028,15.75,31054,15.75,15.75,15.75
2026-09-10,2028,16.0,148928,16.0,16.0,16.0
2026-09-11,2028,15.7,103062,15.7,15.7,15.7
2026-09-14,2028,15.65,61710,15.65,15.65,15.65
2026-09-15,2028,15.6,65002,15.6,15.6,15.6
2026-09-16,2028,15.6,54946,15.6,15.6,15.6
2026-09-17,2028,15.6,102070,15.6,15.6,15.6
2026-09-18,2028,15.7,32252,15.7,15.7,15.7
2026-09-21,2028,15.95,130980,15.95,15.95,15.95
2026-09-22,2028,15.9,65441,15.9,15.9,15.9
2026-09-23,2028,15.8,47914,15.8,15.8,15.8
2026-09-24,2028,16.4,214794,16.4,16.4,16.4
2026-09-29,2028,16.6,224787,16.6,16.6,16.6
2026-09-30,2028,17.15,453189,17.15,17.15,17.15
2026-10-01,2028,16.6,237108,16.6,16.6,16.6
2026-10-02,2028,16.85,118121,16.85,16.85,16.85
2026-10-05,2028,16.8,88855,16.8,16.8,16.8
2026-09-07,2029,21.4,517674,21.4,21.4,21.4
2026-09-08,2029,21.3,606380,21.3,21.3,21.3
2026-09-09,2029,21.5,278430,21.5,21.5,21.5
2026-09-10,2029,21.55,417759,21.55,21.55,21.55
2026-09-11,2029,21.1,363703,21.1,21.1,21.1
2026-09-14,2029,20.85,234764,20.85,20.85,20.85
2026-09-15,2029,20.65,326731,20.65,20.65,20.65
2026-09-16,2029,20.6,308823,20.6,20.6,20.6
2026-09-17,2029,20.85,335538,20.85,20.85,20.85
2026-09-18,2029,20.9,209508,20.9,20.9,20.9
2026-09-21,2029,21.2,428143,21.2,21.2,21.2
2026-09-22,2029,21.1,138800,21.1,21.1,21.1
2026-09-23,2029,21.35,222001,21.35,21.35,21.35
2026-09-24,2029,21.55,302641,21.55,21.55,21.55
2026-09-29,2029,22.15,824545,22.15,22.15,22.15
2026-09-30,2029,22.45,947984,22.45,22.45,22.45
2026-10-01,2029,22.0,510760,22.0,22.0,22.0
2026-10-02,2029,22.3,421708,22.3,22.3,22.3
2026-10-05,2029,21.8,407904,21.8,21.8,21.8
2026-09-07,2030,22.85,2364622,22.85,22.85,22.85
2026-09-08,2030,23.8,4564495,23.8,23.8,23.8
2026-09-09,2030,23.7,2243136,23.7,23.7,23.7
2026-09-10,2030,23.65,2619602,23.65,23.65,23.65
2026-09-11,2030,23.5,2375000,23.5,23.5,23.5
2026-09-14,2030,23.2,1149509,23.2,23.2,23.2
2026-09-15,2030,22.2,2317619,22.2,22.2,22.2
2026-09-16,2030,22.7,2808902,22.7,22.7,22.7
2026-09-17,2030,23.5,2176915,23.5,23.5,23.5
2026-09-18,2030,24.95,6056164,24.95,24.95,24.95
2026-09-21,2030,24.8,3483382,24.8,24.8,24.8
2026-09-22,2030,27.25,11042702,27.25,27.25,27.25
2026-09-23,2030,27.65,26837816,27.65,27.65,27.65
2026-09-24,2030,30.4,17985774,30.4,30.4,30.4
2026-09-29,2030,33.4,5239284,33.4,33.4,33.4
2026-09-30,2030,36.7,19477677,36.7,36.7,36.7
2026-10-01,2030,37.65,70647596,37.65,37.65,37.65
2026-10-02,2030,38.4,10265128,38.4,38.4,38.4
2026-10-05,2030,36.9,10396704,36.9,36.9,36.9
2026-09-07,2031,44.3,608991,44.3,44.3,44.3
2026-09-08,2031,44.85,348694,44.85,44.85,44.85
2026-09-09,2031,44.85,389631,44.85,44.85,44.85
2026-09-10,2031,44.45,421992,44.45,44.45,44.45
2026-09-11,2031,43.95,506003,43.95,43.95,43.95
2026-09-14,2031,43.55,503244,43.55,43.55,43.55
2026-09-15,2031,43.3,228735,43.3,43.3,43.3
2026-09-16,2031,43.45,947969,43.45,43.45,43.45
2026-09-17,2031,44.3,430643,44.3,44.3,44.3
2026-09-18,2031,45.0,836588,45.0,45.0,45.0
2026-09-21,2031,44.65,238936,44.65,44.65,44.65
2026-09-22,2031,45.65,1427135,45.65,45.65,45.65
2026-09-23,2031,45.35,386971,45.35,45.35,45.35
2026-09-24,2031,46.1,819549,46.1,46.1,46.1
2026-09-29,2031,45.7,1842390,45.7,45.7,45.7
2026-09-30,2031,46.5,1042897,46.5,46.5,46.5
2026-10-01,2031,46.2,753695,46.2,46.2,46.2
2026-10-02,2031,46.65,815316,46.65,46.65,46.65
2026-10-05,2031,45.8,586929,45.8,45.8,45.8
2026-09-07,2032,17.1,338601,17.1,17.1,17.1
2026-09-08,2032,17.05,179347,17.05,17.05,17.05
2026-09-09,2032,17.0,225191,17.0,17.0,17.0
2026-09-10,2032,16.85,144214,16.85,16.85,16.85
2026-09-11,2032,17.0,216285,17.0,17.0,17.0
2026-09-14,2032,16.65,265487,16.65,16.65,16.65
2026-09-15,2032,16.85,300586,16.85,16.85,16.85
2026-09-16,2032,16.6,514042,16.6,16.6,16.6
2026-09-17,2032,16.85,248449,16.85,16.85,16.85
2026-09-18,2032,17.1,483364,17.1,17.1,17.1
2026-09-21,2032,17.0,153099,17.0,17.0,17.0
2026-09-22,2032,17.45,1139914,17.45,17.45,17.45
2026-09-23,2032,17.55,626370,17.55,17.55,17.55
2026-09-24,2032,18.55,3573551,18.55,18.55,18.55
2026-09-29,2032,19.9,12313640,19.9,19.9,19.9
2026-09-30,2032,20.3,8296361,20.3,20.3,20.3
2026-10-01,2032,19.6,5176631,19.6,19.6,19.6
2026-10-02,2032,20.05,2800552,20.05,20.05,20.05
2026-10-05,2032,19.0,2399703,19.0,19.0,19.0
2026-09-07,2033,25.7,1215744,25.7,25.7,25.7
2026-09-08,2033,25.45,531067,25.45,25.45,25.45
2026-09-09,2033,27.3,1767984,27.3,27.3,27.3
2026-09-10,2033,27.6,1191715,27.6,27.6,27.6
2026-09-11,2033,28.4,1191652,28.4,28.4,28.4
2026-09-14,2033,26.65,1949742,26.65,26.65,26.65
2026-09-15,2033,25.5,768559,25.5,25.5,25.5
2026-09-16,2033,28.05,1238288,28.05,28.05,28.05
2026-09-17,2033,30.85,3407460,30.85,30.85,30.85
2026-09-18,2033,33.9,4589786,33.9,33.9,33.9
2026-09-21,2033,33.95,4526603,33.95,33.95,33.95
2026-09-22,2033,37.3,1365679,37.3,37.3,37.3
2026-09-23,2033,37.3,5864273,37.3,37.3,37.3
2026-09-24,2033,36.8,3052504,36.8,36.8,36.8
2026-09-29,2033,38.5,5178933,38.5,38.5,38.5
2026-09-30,2033,42.35,3593142,42.35,42.35,42.35
2026-10-01,2033,46.55,1489009,46.55,46.55,46.55
2026-10-02,2033,51.2,1044136,51.2,51.2,51.2
2026-10-05,2033,51.0,7940687,51.0,51.0,51.0
2026-09-07,2034,20.9,1589618,20.9,20.9,20.9
2026-09-08,2034,20.95,1114968,20.95,20.95,20.95
2026-09-09,2034,20.75,1014365,20.75,20.75,20.75
2026-09-10,2034,20.45,757821,20.45,20.45,20.45
2026-09-11,2034,20.25,584277,20.25,20.25,20.25
2026-09-14,2034,20.3,496105,20.3,20.3,20.3
2026-09-15,2034,20.45,1226459,20.45,20.45,20.45
2026-09-16,2034,20.7,751327,20.7,20.7,20.7
2026-09-17,2034,21.05,1511513,21.05,21.05,21.05
2026-09-18,2034,21.45,2245758,21.45,21.45,21.45
2026-09-21,2034,21.45,950186,21.45,21.45,21.45
2026-09-22,2034,21.95,7254339,21.95,21.95,21.95
2026-09-23,2034,22.0,3451168,22.0,22.0,22.0
2026-09-24,2034,22.8,8643926,22.8,22.8,22.8
2026-09-29,2034,23.4,17704386,23.4,23.4,23.4
2026-09-30,2034,24.8,18962893,24.8,24.8,24.8
2026-10-01,2034,23.6,9284967,23.6,23.6,23.6
2026-10-02,2034,24.0,5400624,24.0,24.0,24.0
2026-10-05,2034,23.5,4692948,23.5,23.5,23.5
2026-09-07,2038,12.45,257650,12.45,12.45,12.45
2026-09-08,2038,12.4,205429,12.4,12.4,12.4
2026-09-09,2038,12.35,105602,12.35,12.35,12.35
2026-09-10,2038,12.25,90790,12.25,12.25,12.25
2026-09-11,2038,12.1,103108,12.1,12.1,12.1
2026-09-14,2038,11.95,134724,11.95,11.95,11.95
2026-09-15,2038,11.75,299531,11.75,11.75,11.75
2026-09-16,2038,12.0,125488,12.0,12.0,12.0
2026-09-17,2038,12.1,82819,12.1,12.1,12.1
2026-09-18,2038,12.15,102447,12.15,12.15,12.15
2026-09-21,2038,12.05,140962,12.05,12.05,12.05
2026-09-22,2038,12.1,172860,12.1,12.1,12.1
2026-09-23,2038,12.1,221021,12.1,12.1,12.1
2026-09-24,2038,12.55,609228,12.55,12.55,12.55
2026-09-29,2038,12.65,1265575,12.65,12.65,12.65
2026-09-30,2038,13.2,747233,13.2,13.2,13.2
2026-10-01,2038,12.9,474343,12.9,12.9,12.9
2026-10-02,2038,12.95,255303,12.95,12.95,12.95
2026-10-05,2038,12.65,315836,12.65,12.65,12.65
2026-09-07,2049,364.5,3895952,364.5,364.5,364.5
2026-09-08,2049,350.0,2971158,350.0,350.0,350.0
2026-09-09,2049,370.5,8565244,370.5,370.5,370.5
2026-09-10,2049,363.0,3704993,363.0,363.0,363.0
2026-09-11,2049,359.0,8834128,359.0,359.0,359.0
2026-09-14,2049,323.5,9175490,323.5,323.5,323.5
2026-09-15,2049,329.0,5290726,329.0,329.0,329.0
2026-09-16,2049,331.5,2282437,331.5,331.5,331.5
2026-09-17,2049,336.0,2515565,336.0,336.0,336.0
2026-09-18,2049,334.5,2691002,334.5,334.5,334.5
2026-09-21,2049,334.0,1300568,334.0,334.0,334.0
2026-09-22,2049,331.0,1648560,331.0,331.0,331.0
2026-09-23,2049,323.5,1690522,323.5,323.5,323.5
2026-09-24,2049,325.5,1357804,325.5,325.5,325.5
2026-09-29,2049,335.5,2189754,335.5,335.5,335.5
2026-09-30,2049,335.0,1637089,335.0,335.0,335.0
2026-10-01,2049,335.0,1302617,335.0,335.0,335.0
2026-10-02,2049,332.5,1577341,332.5,332.5,332.5
2026-10-05,2049,345.5,4839198,345.5,345.5,345.5
2026-09-07,2059,13905.0,300806,13905.0,13905.0,13905.0
2026-09-08,2059,12520.0,1284516,12520.0,12520.0,12520.0
2026-09-09,2059,12400.0,471884,12400.0,12400.0,12400.0
2026-09-10,2059,12600.0,287031,12600.0,12600.0,12600.0
2026-09-11,2059,12080.0,399167,12080.0,12080.0,12080.0
2026-09-14,2059,11990.0,240070,11990.0,11990.0,11990.0
2026-09-15,2059,11715.0,211570,11715.0,11715.0,11715.0
2026-09-16,2059,12045.0,454477,12045.0,12045.0,12045.0
2026-09-17,2059,12295.0,453913,12295.0,12295.0,12295.0
2026-09-18,2059,12495.0,486160,12495.0,12495.0,12495.0
2026-09-21,2059,12800.0,542518,12800.0,12800.0,12800.0
2026-09-22,2059,12670.0,420250,12670.0,12670.0,12670.0
2026-09-23,2059,12390.0,350946,12390.0,12390.0,12390.0
2026-09-24,2059,12350.0,417513,12350.0,12350.0,12350.0
2026-09-29,2059,12115.0,448531,12115.0,12115.0,12115.0
2026-09-30,2059,12055.0,375310,12055.0,12055.0,12055.0
2026-10-01,2059,11835.0,339243,11835.0,11835.0,11835.0
2026-10-02,2059,12145.0,500503,12145.0,12145.0,12145.0
2026-10-05,2059,13355.0,560379,13355.0,13355.0,13355.0
2026-09-07,2062,19.45,133001,19.45,19.45,19.45
2026-09-08,2062,19.3,307101,19.3,19.3,19.3
2026-09-09,2062,19.55,634794,19.55,19.55,19.55
2026-09-10,2062,18.3,472977,18.3,18.3,18.3
2026-09-11,2062,18.1,161586,18.1,18.1,18.1
2026-09-14,2062,18.15,188406,18.15,18.15,18.15
2026-09-15,2062,18.0,88301,18.0,18.0,18.0
2026-09-16,2062,18.05,117031,18.05,18.05,18.05
2026-09-17,2062,18.05,200683,18.05,18.05,18.05
2026-09-18,2062,18.3,99689,18.3,18.3,18.3
2026-09-21,2062,18.05,369068,18.05,18.05,18.05
2026-09-22,2062,18.05,95950,18.05,18.05,18.05
2026-09-23,2062,18.05,69090,18.05,18.05,18.05
2026-09-24,2062,18.1,62247,18.1,18.1,18.1
2026-09-29,2062,18.0,150971,18.0,18.0,18.0
2026-09-30,2062,18.05,51090,18.05,18.05,18.05
2026-10-01,2062,18.0,111204,18.0,18.0,18.0
2026-10-02,2062,18.0,117000,18.0,18.0,18.0
2026-10-05,2062,17.9,124114,17.9,17.9,17.9
2026-09-07,2069,20.4,528856,20.4,20.4,20.4
2026-09-08,2069,22.4,2647458,22.4,22.4,22.4
2026-09-09,2069,23.3,3739663,23.3,23.3,23.3
2026-09-10,2069,23.0,1871513,23.0,23.0,23.0
2026-09-11,2069,24.65,3483002,24.65,24.65,24.65
2026-09-14,2069,23.9,2163882,23.9,23.9,23.9
2026-09-15,2069,22.8,1388503,22.8,22.8,22.8
2026-09-16,2069,23.65,962714,23.65,23.65,23.65
2026-09-17,2069,24.2,1277466,24.2,24.2,24.2
2026-09-18,2069,24.5,986308,24.5,24.5,24.5
2026-09-21,2069,24.2,648408,24.2,24.2,24.2
2026-09-22,2069,25.6,4747216,25.6,25.6,25.6
2026-09-23,2069,24.9,3367765,24.9,24.9,24.9
2026-09-24,2069,25.7,1991600,25.7,25.7,25.7
2026-09-29,2069,26.5,2256458,26.5,26.5,26.5
2026-09-30,2069,26.7,2227220,26.7,26.7,26.7
2026-10-01,2069,25.75,1821078,25.75,25.75,25.75
2026-10-02,2069,25.95,1068140,25.95,25.95,25.95
2026-10-05,2069,24.8,1410035,24.8,24.8,24.8
2026-09-07,2072,132.0,542916,132.0,132.0,132.0
2026-09-08,2072,131.0,734535,131.0,131.0,131.0
2026-09-09,2072,133.0,197178,133.0,133.0,133.0
2026-09-10,2072,130.5,231721,130.5,130.5,130.5
2026-09-11,2072,127.0,416167,127.0,127.0,127.0
2026-09-14,2072,128.0,184759,128.0,128.0,128.0
2026-09-15,2072,127.5,157128,127.5,127.5,127.5
2026-09-16,2072,126.5,160617,126.5,126.5,126.5
2026-09-17,2072,129.0,267657,129.0,129.0,129.0
2026-09-18,2072,130.0,245780,130.0,130.0,130.0
2026-09-21,2072,129.0,224196,129.0,129.0,129.0
2026-09-22,2072,128.0,192369,128.0,128.0,128.0
2026-09-23,2072,127.5,96080,127.5,127.5,127.5
2026-09-24,2072,127.0,229616,127.0,127.0,127.0
2026-09-29,2072,131.5,261627,131.5,131.5,131.5
2026-09-30,2072,131.5,123671,131.5,131.5,131.5
2026-10-01,2072,134.0,207748,134.0,134.0,134.0
2026-10-02,2072,133.0,118437,133.0,133.0,133.0
2026-10-05,2072,129.0,370954,129.0,129.0,129.0
2026-09-07,2101,31.1,1520694,31.1,31.1,31.1
2026-09-08,2101,30.65,2030971,30.65,30.65,30.65
2026-09-09,2101,30.85,1376779,30.85,30.85,30.85
2026-09-10,2101,30.4,1524864,30.4,30.4,30.4
2026-09-11,2101,30.25,869838,30.25,30.25,30.25
2026-09-14,2101,30.15,1374391,30.15,30.15,30.15
2026-09-15,2101,30.0,843126,30.0,30.0,30.0
2026-09-16,2101,29.85,2015928,29.85,29.85,29.85
2026-09-17,2101,30.35,990883,30.35,30.35,30.35
2026-09-18,2101,30.6,1687821,30.6,30.6,30.6
2026-09-21,2101,30.5,4264129,30.5,30.5,30.5
2026-09-22,2101,29.95,2034265,29.95,29.95,29.95
2026-09-23,2101,30.05,1211843,30.05,30.05,30.05
2026-09-24,2101,29.85,989879,29.85,29.85,29.85
2026-09-29,2101,29.8,1292890,29.8,29.8,29.8
2026-09-30,2101,29.9,1676417,29.9,29.9,29.9
2026-10-01,2101,29.65,1688108,29.65,29.65,29.65
2026-10-02,2101,29.3,3700548,29.3,29.3,29.3
2026-10-05,2101,28.7,7537237,28.7,28.7,28.7
2026-09-07,2102,17.9,390661,17.9,17.9,17.9
2026-09-08,2102,17.8,219698,17.8,17.8,17.8
2026-09-09,2102,17.7,354973,17.7,17.7,17.7
2026-09-10,2102,17.9,538608,17.9,17.9,17.9
2026-09-11,2102,17.95,92589,17.95,17.95,17.95
2026-09-14,2102,17.9,68398,17.9,17.9,17.9
2026-09-15,2102,17.8,120061,17.8,17.8,17.8
2026-09-16,2102,17.85,154136,17.85,17.85,17.85
2026-09-17,2102,18.1,216489,18.1,18.1,18.1
2026-09-18,2102,17.25,7238628,17.25,17.25,17.25
2026-09-21,2102,17.05,1314741,17.05,17.05,17.05
2026-09-22,2102,16.65,1077313,16.65,16.65,16.65
2026-09-23,2102,16.65,939872,16.65,16.65,16.65
2026-09-24,2102,16.35,888765,16.35,16.35,16.35
2026-09-29,2102,16.3,287960,16.3,16.3,16.3
2026-09-30,2102,16.55,224249,16.55,16.55,16.55
2026-10-01,2102,16.85,373982,16.85,16.85,16.85
2026-10-02,2102,16.75,229380,16.75,16.75,16.75
2026-10-05,2102,16.4,342483,16.4,16.4,16.4
2026-09-07,2103,27.4,6933841,27.4,27.4,27.4
2026-09-08,2103,25.75,14934234,25.75,25.75,25.75
2026-09-09,2103,26.5,4099892,26.5,26.5,26.5
2026-09-10,2103,25.85,3930753,25.85,25.85,25.85
2026-09-11,2103,25.75,2539776,25.75,25.75,25.75
2026-09-14,2103,25.45,2689775,25.45,25.45,25.45
2026-09-15,2103,25.75,1765093,25.75,25.75,25.75
2026-09-16,2103,26.85,6778855,26.85,26.85,26.85
2026-09-17,2103,28.2,7673485,28.2,28.2,28.2
2026-09-18,2103,27.6,4600637,27.6,27.6,27.6
2026-09-21,2103,27.8,1778319,27.8,27.8,27.8
2026-09-22,2103,27.35,2248619,27.35,27.35,27.35
2026-09-23,2103,27.9,4459016,27.9,27.9,27.9
2026-09-24,2103,27.8,1545422,27.8,27.8,27.8
2026-09-29,2103,27.4,2596683,27.4,27.4,27.4
2026-09-30,2103,28.15,2618484,28.15,28.15,28.15
2026-10-01,2103,27.95,1423826,27.95,27.95,27.95
2026-10-02,2103,28.15,4869851,28.15,28.15,28.15
2026-10-05,2103,28.6,3703862,28.6,28.6,28.6
2026-09-07,2104,10.05,5335815,10.05,10.05,10.05
2026-09-08,2104,10.1,2038819,10.1,10.1,10.1
2026-09-09,2104,10.8,10263999,10.8,10.8,10.8
2026-09-10,2104,10.6,4314688,10.6,10.6,10.6
2026-09-11,2104,10.5,2010432,10.5,10.5,10.5
2026-09-14,2104,10.3,2230057,10.3,10.3,10.3
2026-09-15,2104,10.3,823029,10.3,10.3,10.3
2026-09-16,2104,10.45,4517906,10.45,10.45,10.45
2026-09-17,2104,10.75,4747256,10.75,10.75,10.75
2026-09-18,2104,10.55,2764742,10.55,10.55,10.55
2026-09-21,2104,10.6,1297102,10.6,10.6,10.6
2026-09-22,2104,10.6,3363489,10.6,10.6,10.6
2026-09-23,2104,11.65,21035315,11.65,11.65,11.65
2026-09-24,2104,11.15,9828558,11.15,11.15,11.15
2026-09-29,2104,10.7,6186219,10.7,10.7,10.7
2026-09-30,2104,11.15,5196783,11.15,11.15,11.15
2026-10-01,2104,11.0,3126051,11.0,11.0,11.0
2026-10-02,2104,11.0,1846415,11.0,11.0,11.0
2026-10-05,2104,11.25,4890748,11.25,11.25,11.25
2026-09-07,2105,30.7,3947976,30.7,30.7,30.7
2026-09-08,2105,30.6,3924204,30.6,30.6,30.6
2026-09-09,2105,30.8,2947341,30.8,30.8,30.8
2026-09-10,2105,30.6,3774654,30.6,30.6,30.6
2026-09-11,2105,30.4,2957716,30.4,30.4,30.4
2026-09-14,2105,30.15,3420958,30.15,30.15,30.15
2026-09-15,2105,30.0,4049274,30.0,30.0,30.0
2026-09-16,2105,29.9,8791079,29.9,29.9,29.9
2026-09-17,2105,30.1,3040799,30.1,30.1,30.1
2026-09-18,2105,30.0,6716662,30.0,30.0,30.0
2026-09-21,2105,30.05,2281678,30.05,30.05,30.05
2026-09-22,2105,30.0,3461428,30.0,30.0,30.0
2026-09-23,2105,30.1,2742563,30.1,30.1,30.1
2026-09-24,2105,30.1,2112273,30.1,30.1,30.1
2026-09-29,2105,30.1,3385450,30.1,30.1,30.1
2026-09-30,2105,30.65,5030299,30.65,30.65,30.65
2026-10-01,2105,30.55,3575667,30.55,30.55,30.55
2026-10-02,2105,30.45,3763944,30.45,30.45,30.45
2026-10-05,2105,30.15,4018941,30.15,30.15,30.15
2026-09-07,2106,16.95,2147694,16.95,16.95,16.95
2026-09-08,2106,16.95,405612,16.95,16.95,16.95
2026-09-09,2106,17.05,791378,17.05,17.05,17.05
2026-09-10,2106,16.85,569306,16.85,16.85,16.85
2026-09-11,2106,16.7,780713,16.7,16.7,16.7
2026-09-14,2106,16.55,655761,16.55,16.55,16.55
2026-09-15,2106,16.6,707336,16.6,16.6,16.6
2026-09-16,2106,16.5,1269795,16.5,16.5,16.5
2026-09-17,2106,16.65,489854,16.65,16.65,16.65
2026-09-18,2106,16.4,2304880,16.4,16.4,16.4
2026-09-21,2106,16.6,7345544,16.6,16.6,16.6
2026-09-22,2106,16.45,902601,16.45,16.45,16.45
2026-09-23,2106,16.65,522834,16.65,16.65,16.65
2026-09-24,2106,16.65,425210,16.65,16.65,16.65
2026-09-29,2106,16.45,749249,16.45,16.45,16.45
2026-09-30,2106,16.65,533046,16.65,16.65,16.65
2026-10-01,2106,16.65,300105,16.65,16.65,16.65
2026-10-02,2106,16.65,349369,16.65,16.65,16.65
2026-10-05,2106,16.5,744910,16.5,16.5,16.5
2026-09-07,2107,26.5,194425,26.5,26.5,26.5
2026-09-08,2107,26.75,163017,26.75,26.75,26.75
2026-09-09,2107,26.9,319628,26.9,26.9,26.9
2026-09-10,2107,27.05,269181,27.05,27.05,27.05
2026-09-11,2107,26.75,211838,26.75,26.75,26.75
2026-09-14,2107,26.6,141169,26.6,26.6,26.6
2026-09-15,2107,26.7,202629,26.7,26.7,26.7
2026-09-16,2107,26.6,341164,26.6,26.6,26.6
2026-09-17,2107,26.85,180048,26.85,26.85,26.85
2026-09-18,2107,27.3,401596,27.3,27.3,27.3
2026-09-21,2107,27.05,237491,27.05,27.05,27.05
2026-09-22,2107,27.0,134225,27.0,27.0,27.0
2026-09-23,2107,26.9,181265,26.9,26.9,26.9
2026-09-24,2107,26.95,180208,26.95,26.95,26.95
2026-09-29,2107,26.8,192914,26.8,26.8,26.8
2026-09-30,2107,27.0,272160,27.0,27.0,27.0
2026-10-01,2107,26.95,400598,26.95,26.95,26.95
2026-10-02,2107,26.95,217200,26.95,26.95,26.95
2026-10-05,2107,27.1,258578,27.1,27.1,27.1
2026-09-07,2108,29.0,1439064,29.0,29.0,29.0
2026-09-08,2108,29.15,408270,29.15,29.15,29.15
2026-09-09,2108,29.5,431068,29.5,29.5,29.5
2026-09-10,2108,29.0,477518,29.0,29.0,29.0
2026-09-11,2108,29.1,489135,29.1,29.1,29.1
2026-09-14,2108,27.9,1293598,27.9,27.9,27.9
2026-09-15,2108,27.75,561831,27.75,27.75,27.75
2026-09-16,2108,28.15,1556969,28.15,28.15,28.15
2026-09-17,2108,29.0,733929,29.0,29.0,29.0
2026-09-18,2108,28.6,732923,28.6,28.6,28.6
2026-09-21,2108,28.85,235753,28.85,28.85,28.85
2026-09-22,2108,28.6,254278,28.6,28.6,28.6
2026-09-23,2108,28.75,205125,28.75,28.75,28.75
2026-09-24,2108,28.7,194171,28.7,28.7,28.7
2026-09-29,2108,28.2,458121,28.2,28.2,28.2
2026-09-30,2108,28.75,340904,28.75,28.75,28.75
2026-10-01,2108,28.35,452033,28.35,28.35,28.35
2026-10-02,2108,28.25,433044,28.25,28.25,28.25
2026-10-05,2108,28.1,570162,28.1,28.1,28.1
2026-09-07,2109,14.9,170419,14.9,14.9,14.9
2026-09-08,2109,14.95,46841,14.95,14.95,14.95
2026-09-09,2109,14.9,63680,14.9,14.9,14.9
2026-09-10,2109,14.75,49585,14.75,14.75,14.75
2026-09-11,2109,14.7,154542,14.7,14.7,14.7
2026-09-14,2109,14.75,64116,14.75,14.75,14.75
2026-09-15,2109,14.7,136987,14.7,14.7,14.7
2026-09-16,2109,14.7,57464,14.7,14.7,14.7
2026-09-17,2109,14.8,74865,14.8,14.8,14.8
2026-09-18,2109,14.7,171350,14.7,14.7,14.7
2026-09-21,2109,14.75,38425,14.75,14.75,14.75
2026-09-22,2109,14.8,30308,14.8,14.8,14.8
2026-09-23,2109,14.85,220388,14.85,14.85,14.85
2026-09-24,2109,15.0,392021,15.0,15.0,15.0
2026-09-29,2109,14.35,311170,14.35,14.35,14.35
2026-09-30,2109,14.4,166561,14.4,14.4,14.4
2026-10-01,2109,14.4,72070,14.4,14.4,14.4
2026-10-02,2109,14.35,139792,14.35,14.35,14.35
2026-10-05,2109,14.25,125006,14.25,14.25,14.25
2026-09-07,2114,90.0,22436,90.0,90.0,90.0
2026-09-08,2114,89.8,35836,89.8,89.8,89.8
2026-09-09,2114,89.8,9319,89.8,89.8,89.8
2026-09-10,2114,89.1,26547,89.1,89.1,89.1
2026-09-11,2114,89.2,26080,89.2,89.2,89.2
2026-09-14,2114,88.8,17371,88.8,88.8,88.8
2026-09-15,2114,88.6,4239,88.6,88.6,88.6
2026-09-16,2114,88.6,26174,88.6,88.6,88.6
2026-09-17,2114,89.1,29204,89.1,89.1,89.1
2026-09-18,2114,89.5,16392,89.5,89.5,89.5
2026-09-21,2114,89.7,29365,89.7,89.7,89.7
2026-09-22,2114,89.7,18171,89.7,89.7,89.7
2026-09-23,2114,90.0,52290,90.0,90.0,90.0
2026-09-24,2114,89.9,3250,89.9,89.9,89.9
2026-09-29,2114,89.7,22383,89.7,89.7,89.7
2026-09-30,2114,89.9,16450,89.9,89.9,89.9
2026-10-01,2114,90.0,9392,90.0,90.0,90.0
2026-10-02,2114,90.0,24883,90.0,90.0,90.0
2026-10-05,2114,90.0,27683,90.0,90.0,90.0
2026-09-07,2115,23.8,15050,23.8,23.8,23.8
2026-09-08,2115,23.8,60450,23.8,23.8,23.8
2026-09-09,2115,24.2,182202,24.2,24.2,24.2
2026-09-10,2115,24.05,90495,24.05,24.05,24.05
2026-09-11,2115,23.75,64456,23.75,23.75,23.75
2026-09-14,2115,23.8,55295,23.8,23.8,23.8
2026-09-15,2115,23.7,53840,23.7,23.7,23.7
2026-09-16,2115,23.65,62160,23.65,23.65,23.65
2026-09-17,2115,23.95,95334,23.95,23.95,23.95
2026-09-18,2115,23.8,32100,23.8,23.8,23.8
2026-09-21,2115,23.85,37710,23.85,23.85,23.85
2026-09-22,2115,23.75,35400,23.75,23.75,23.75
2026-09-23,2115,23.75,25768,23.75,23.75,23.75
2026-09-24,2115,23.7,16000,23.7,23.7,23.7
2026-09-29,2115,23.7,39315,23.7,23.7,23.7
2026-09-30,2115,23.9,87805,23.9,23.9,23.9
2026-10-01,2115,23.85,34888,23.85,23.85,23.85
2026-10-02,2115,23.9,10019,23.9,23.9,23.9
2026-10-05,2115,23.9,30511,23.9,23.9,23.9
2026-09-07,2201,30.8,4249110,30.8,30.8,30.8
2026-09-08,2201,30.45,5930444,30.45,30.45,30.45
2026-09-09,2201,30.5,2326243,30.5,30.5,30.5
2026-09-10,2201,30.2,3322134,30.2,30.2,30.2
2026-09-11,2201,30.0,2773874,30.0,30.0,30.0
2026-09-14,2201,30.4,4054465,30.4,30.4,30.4
2026-09-15,2201,29.65,2929514,29.65,29.65,29.65
2026-09-16,2201,29.85,2280778,29.85,29.85,29.85
2026-09-17,2201,30.6,3280401,30.6,30.6,30.6
2026-09-18,2201,29.6,14231607,29.6,29.6,29.6
2026-09-21,2201,29.25,4093458,29.25,29.25,29.25
2026-09-22,2201,29.25,2073952,29.25,29.25,29.25
2026-09-23,2201,29.25,2257913,29.25,29.25,29.25
2026-09-24,2201,29.25,1659665,29.25,29.25,29.25
2026-09-29,2201,29.2,1888734,29.2,29.2,29.2
2026-09-30,2201,29.25,2067671,29.25,29.25,29.25
2026-10-01,2201,29.2,2076309,29.2,29.2,29.2
2026-10-02,2201,28.65,5164307,28.65,28.65,28.65
2026-10-05,2201,28.35,3032136,28.35,28.35,28.35
2026-09-07,2204,53.6,739068,53.6,53.6,53.6
2026-09-08,2204,53.3,375041,53.3,53.3,53.3
2026-09-09,2204,53.4,368081,53.4,53.4,53.4
2026-09-10,2204,53.1,304352,53.1,53.1,53.1
2026-09-11,2204,52.8,564058,52.8,52.8,52.8
2026-09-14,2204,52.6,313186,52.6,52.6,52.6
2026-09-15,2204,52.0,699842,52.0,52.0,52.0
2026-09-16,2204,52.1,476628,52.1,52.1,52.1
2026-09-17,2204,52.6,313527,52.6,52.6,52.6
2026-09-18,2204,52.7,579290,52.7,52.7,52.7
2026-09-21,2204,52.7,398998,52.7,52.7,52.7
2026-09-22,2204,52.7,524145,52.7,52.7,52.7
2026-09-23,2204,52.5,356907,52.5,52.5,52.5
2026-09-24,2204,52.5,218504,52.5,52.5,52.5
2026-09-29,2204,52.0,399395,52.0,52.0,52.0
2026-09-30,2204,52.3,446380,52.3,52.3,52.3
2026-10-01,2204,52.2,204052,52.2,52.2,52.2
2026-10-02,2204,51.7,999588,51.7,51.7,51.7
2026-10-05,2204,51.1,1690168,51.1,51.1,51.1
2026-09-07,2206,63.4,499182,63.4,63.4,63.4
2026-09-08,2206,63.7,335699,63.7,63.7,63.7
2026-09-09,2206,64.2,575450,64.2,64.2,64.2
2026-09-10,2206,64.0,189699,64.0,64.0,64.0
2026-09-11,2206,63.1,909814,63.1,63.1,63.1
2026-09-14,2206,63.1,551925,63.1,63.1,63.1
2026-09-15,2206,63.4,1052906,63.4,63.4,63.4
2026-09-16,2206,63.6,521934,63.6,63.6,63.6
2026-09-17,2206,64.0,612614,64.0,64.0,64.0
2026-09-18,2206,64.1,2453441,64.1,64.1,64.1
2026-09-21,2206,63.8,411369,63.8,63.8,63.8
2026-09-22,2206,63.8,247423,63.8,63.8,63.8
2026-09-23,2206,63.7,327056,63.7,63.7,63.7
2026-09-24,2206,62.9,220086,62.9,62.9,62.9
2026-09-29,2206,62.5,409880,62.5,62.5,62.5
2026-09-30,2206,62.1,760246,62.1,62.1,62.1
2026-10-01,2206,62.6,299411,62.6,62.6,62.6
2026-10-02,2206,62.8,274134,62.8,62.8,62.8
2026-10-05,2206,62.6,582647,62.6,62.6,62.6
2026-09-07,2207,539.0,282089,539.0,539.0,539.0
2026-09-08,2207,535.0,200205,535.0,535.0,535.0
2026-09-09,2207,530.0,136705,530.0,530.0,530.0
2026-09-10,2207,528.0,136168,528.0,528.0,528.0
2026-09-11,2207,530.0,157054,530.0,530.0,530.0
2026-09-14,2207,538.0,197076,538.0,538.0,538.0
2026-09-15,2207,530.0,172922,530.0,530.0,530.0
2026-09-16,2207,520.0,673022,520.0,520.0,520.0
2026-09-17,2207,532.0,243250,532.0,532.0,532.0
2026-09-18,2207,537.0,650504,537.0,537.0,537.0
2026-09-21,2207,523.0,152604,523.0,523.0,523.0
2026-09-22,2207,521.0,134095,521.0,521.0,521.0
2026-09-23,2207,520.0,204276,520.0,520.0,520.0
2026-09-24,2207,510.0,270934,510.0,510.0,510.0
2026-09-29,2207,506.0,229210,506.0,506.0,506.0
2026-09-30,2207,509.0,332322,509.0,509.0,509.0
2026-10-01,2207,515.0,239429,515.0,515.0,515.0
2026-10-02,2207,513.0,313733,513.0,513.0,513.0
2026-10-05,2207,510.0,257966,510.0,510.0,510.0
2026-09-07,2208,18.8,1309960,18.8,18.8,18.8
2026-09-08,2208,18.8,991788,18.8,18.8,18.8
2026-09-09,2208,18.9,1384086,18.9,18.9,18.9
2026-09-10,2208,18.7,1591140,18.7,18.7,18.7
2026-09-11,2208,19.1,4230791,19.1,19.1,19.1
2026-09-14,2208,19.1,1964179,19.1,19.1,19.1
2026-09-15,2208,18.75,928659,18.75,18.75,18.75
2026-09-16,2208,18.85,608633,18.85,18.85,18.85
2026-09-17,2208,19.0,1057680,19.0,19.0,19.0
2026-09-18,2208,19.15,1770149,19.15,19.15,19.15
2026-09-21,2208,19.2,1615611,19.2,19.2,19.2
2026-09-22,2208,19.25,2310286,19.25,19.25,19.25
2026-09-23,2208,19.6,4444705,19.6,19.6,19.6
2026-09-24,2208,19.4,1566691,19.4,19.4,19.4
2026-09-29,2208,19.1,2641807,19.1,19.1,19.1
2026-09-30,2208,19.15,2008362,19.15,19.15,19.15
2026-10-01,2208,18.85,3315980,18.85,18.85,18.85
2026-10-02,2208,18.85,1969954,18.85,18.85,18.85
2026-10-05,2208,18.45,5573000,18.45,18.45,18.45
2026-09-07,2211,83.0,236698,83.0,83.0,83.0
2026-09-08,2211,83.2,235671,83.2,83.2,83.2
2026-09-09,2211,84.0,341970,84.0,84.0,84.0
2026-09-10,2211,83.5,174987,83.5,83.5,83.5
2026-09-11,2211,82.7,397512,82.7,82.7,82.7
2026-09-14,2211,80.6,2562849,80.6,80.6,80.6
2026-09-15,2211,80.1,586677,80.1,80.1,80.1
2026-09-16,2211,80.1,361105,80.1,80.1,80.1
2026-09-17,2211,80.5,319773,80.5,80.5,80.5
2026-09-18,2211,80.8,326219,80.8,80.8,80.8
2026-09-21,2211,80.4,386203,80.4,80.4,80.4
2026-09-22,2211,80.0,1081383,80.0,80.0,80.0
2026-09-23,2211,80.4,480477,80.4,80.4,80.4
2026-09-24,2211,79.6,968162,79.6,79.6,79.6
2026-09-29,2211,78.8,1174060,78.8,78.8,78.8
2026-09-30,2211,79.7,534048,79.7,79.7,79.7
2026-10-01,2211,79.3,586620,79.3,79.3,79.3
2026-10-02,2211,79.4,347982,79.4,79.4,79.4
2026-10-05,2211,79.0,525528,79.0,79.0,79.0
2026-09-07,2227,48.3,42829,48.3,48.3,48.3
2026-09-08,2227,48.0,19759,48.0,48.0,48.0
2026-09-09,2227,47.85,18207,47.85,47.85,47.85
2026-09-10,2227,47.05,59789,47.05,47.05,47.05
2026-09-11,2227,47.1,39584,47.1,47.1,47.1
2026-09-14,2227,46.55,40703,46.55,46.55,46.55
2026-09-15,2227,45.6,114872,45.6,45.6,45.6
2026-09-16,2227,45.5,38481,45.5,45.5,45.5
2026-09-17,2227,45.35,42067,45.35,45.35,45.35
2026-09-18,2227,45.8,46890,45.8,45.8,45.8
2026-09-21,2227,45.4,49190,45.4,45.4,45.4
2026-09-22,2227,45.3,53260,45.3,45.3,45.3
2026-09-23,2227,45.0,47462,45.0,45.0,45.0
2026-09-24,2227,45.0,19698,45.0,45.0,45.0
2026-09-29,2227,44.75,29865,44.75,44.75,44.75
2026-09-30,2227,45.0,36377,45.0,45.0,45.0
2026-10-01,2227,45.0,27062,45.0,45.0,45.0
2026-10-02,2227,44.4,18752,44.4,44.4,44.4
2026-10-05,2227,44.2,27750,44.2,44.2,44.2
2026-09-07,2228,74.9,71239,74.9,74.9,74.9
2026-09-08,2228,75.5,92507,75.5,75.5,75.5
2026-09-09,2228,76.0,119961,76.0,76.0,76.0
2026-09-10,2228,75.6,75035,75.6,75.6,75.6
2026-09-11,2228,74.7,53703,74.7,74.7,74.7
2026-09-14,2228,74.9,46355,74.9,74.9,74.9
2026-09-15,2228,74.9,72925,74.9,74.9,74.9
2026-09-16,2228,75.0,66422,75.0,75.0,75.0
2026-09-17,2228,76.9,72868,76.9,76.9,76.9
2026-09-18,2228,73.4,1216207,73.4,73.4,73.4
2026-09-21,2228,74.0,401050,74.0,74.0,74.0
2026-09-22,2228,74.4,95851,74.4,74.4,74.4
2026-09-23,2228,75.7,103012,75.7,75.7,75.7
2026-09-24,2228,75.0,39277,75.0,75.0,75.0
2026-09-29,2228,75.0,34896,75.0,75.0,75.0
2026-09-30,2228,74.8,56671,74.8,74.8,74.8
2026-10-01,2228,75.7,88266,75.7,75.7,75.7
2026-10-02,2228,74.9,79932,74.9,74.9,74.9
2026-10-05,2228,74.1,176605,74.1,74.1,74.1
2026-09-07,2231,90.3,220836,90.3,90.3,90.3
2026-09-08,2231,89.2,190322,89.2,89.2,89.2
2026-09-09,2231,90.2,118566,90.2,90.2,90.2
2026-09-10,2231,89.8,80452,89.8,89.8,89.8
2026-09-11,2231,89.3,162029,89.3,89.3,89.3
2026-09-14,2231,89.7,84667,89.7,89.7,89.7
2026-09-15,2231,89.0,84419,89.0,89.0,89.0
2026-09-16,2231,89.8,76899,89.8,89.8,89.8
2026-09-17,2231,90.5,87381,90.5,90.5,90.5
2026-09-18,2231,91.2,158943,91.2,91.2,91.2
2026-09-21,2231,93.3,177980,93.3,93.3,93.3
2026-09-22,2231,92.5,166028,92.5,92.5,92.5
2026-09-23,2231,91.4,79524,91.4,91.4,91.4
2026-09-24,2231,90.3,95310,90.3,90.3,90.3
2026-09-29,2231,92.0,141046,92.0,92.0,92.0
2026-09-30,2231,94.7,242159,94.7,94.7,94.7
2026-10-01,2231,92.9,329706,92.9,92.9,92.9
2026-10-02,2231,92.2,137927,92.2,92.2,92.2
2026-10-05,2231,92.2,280099,92.2,92.2,92.2
2026-09-07,2233,168.5,342844,168.5,168.5,168.5
2026-09-08,2233,161.0,557995,161.0,161.0,161.0
2026-09-09,2233,166.0,678522,166.0,166.0,166.0
2026-09-10,2233,164.0,339860,164.0,164.0,164.0
2026-09-11,2233,160.5,406868,160.5,160.5,160.5
2026-09-14,2233,157.0,668082,157.0,157.0,157.0
2026-09-15,2233,156.5,263805,156.5,156.5,156.5
2026-09-16,2233,158.0,341052,158.0,158.0,158.0
2026-09-17,2233,157.0,444270,157.0,157.0,157.0
2026-09-18,2233,162.0,379018,162.0,162.0,162.0
2026-09-21,2233,160.5,219215,160.5,160.5,160.5
2026-09-22,2233,165.0,576166,165.0,165.0,165.0
2026-09-23,2233,163.5,396151,163.5,163.5,163.5
2026-09-24,2233,164.0,317462,164.0,164.0,164.0
2026-09-29,2233,168.0,453502,168.0,168.0,168.0
2026-09-30,2233,167.0,695280,167.0,167.0,167.0
2026-10-01,2233,168.5,224485,168.5,168.5,168.5
2026-10-02,2233,170.0,243033,170.0,170.0,170.0
2026-10-05,2233,169.0,392863,169.0,169.0,169.0
2026-09-07,2236,120.0,197841,120.0,120.0,120.0
2026-09-08,2236,122.0,288981,122.0,122.0,122.0
2026-09-09,2236,122.0,207504,122.0,122.0,122.0
2026-09-10,2236,127.0,569747,127.0,127.0,127.0
2026-09-11,2236,123.0,349124,123.0,123.0,123.0
2026-09-14,2236,120.0,333543,120.0,120.0,120.0
2026-09-15,2236,118.0,314246,118.0,118.0,118.0
2026-09-16,2236,114.0,2111973,114.0,114.0,114.0
2026-09-17,2236,117.0,338198,117.0,117.0,117.0
2026-09-18,2236,116.5,202859,116.5,116.5,116.5
2026-09-21,2236,109.0,592981,109.0,109.0,109.0
2026-09-22,2236,112.5,387114,112.5,112.5,112.5
2026-09-23,2236,111.0,310749,111.0,111.0,111.0
2026-09-24,2236,107.5,470851,107.5,107.5,107.5
2026-09-29,2236,107.0,1517893,107.0,107.0,107.0
2026-09-30,2236,109.5,233695,109.5,109.5,109.5
2026-10-01,2236,108.5,413705,108.5,108.5,108.5
2026-10-02,2236,107.5,570594,107.5,107.5,107.5
2026-10-05,2236,98.0,1011719,98.0,98.0,98.0
2026-09-07,2237,27.85,196915,27.85,27.85,27.85
2026-09-08,2237,27.75,91770,27.75,27.75,27.75
2026-09-09,2237,28.0,263519,28.0,28.0,28.0
2026-09-10,2237,27.65,69495,27.65,27.65,27.65
2026-09-11,2237,27.2,209792,27.2,27.2,27.2
2026-09-14,2237,26.8,103415,26.8,26.8,26.8
2026-09-15,2237,26.8,39290,26.8,26.8,26.8
2026-09-16,2237,27.15,61400,27.15,27.15,27.15
2026-09-17,2237,27.25,68170,27.25,27.25,27.25
2026-09-18,2237,27.15,65220,27.15,27.15,27.15
2026-09-21,2237,27.1,59369,27.1,27.1,27.1
2026-09-22,2237,27.0,92722,27.0,27.0,27.0
2026-09-23,2237,27.0,133001,27.0,27.0,27.0
2026-09-24,2237,26.9,62182,26.9,26.9,26.9
2026-09-29,2237,26.9,71800,26.9,26.9,26.9
2026-09-30,2237,26.75,108531,26.75,26.75,26.75
2026-10-01,2237,26.75,40201,26.75,26.75,26.75
2026-10-02,2237,26.8,27577,26.8,26.8,26.8
2026-10-05,2237,26.95,118587,26.95,26.95,26.95
2026-09-07,2239,19.9,36001,19.9,19.9,19.9
2026-09-08,2239,19.9,22047,19.9,19.9,19.9
2026-09-09,2239,19.95,34000,19.95,19.95,19.95
2026-09-10,2239,19.95,21000,19.95,19.95,19.95
2026-09-11,2239,19.25,53090,19.25,19.25,19.25
2026-09-14,2239,19.35,20020,19.35,19.35,19.35
2026-09-15,2239,19.3,16200,19.3,19.3,19.3
2026-09-16,2239,19.4,48100,19.4,19.4,19.4
2026-09-17,2239,19.2,231233,19.2,19.2,19.2
2026-09-18,2239,19.0,117000,19.0,19.0,19.0
2026-09-21,2239,18.7,329073,18.7,18.7,18.7
2026-09-22,2239,18.95,157627,18.95,18.95,18.95
2026-09-23,2239,18.9,65551,18.9,18.9,18.9
2026-09-24,2239,18.95,21001,18.95,18.95,18.95
2026-09-29,2239,18.8,54101,18.8,18.8,18.8
2026-09-30,2239,18.95,53001,18.95,18.95,18.95
2026-10-01,2239,19.05,28206,19.05,19.05,19.05
2026-10-02,2239,18.95,23164,18.95,18.95,18.95
2026-10-05,2239,18.5,91786,18.5,18.5,18.5
2026-09-07,2241,34.35,293893,34.35,34.35,34.35
2026-09-08,2241,34.2,175148,34.2,34.2,34.2
2026-09-09,2241,34.25,128245,34.25,34.25,34.25
2026-09-10,2241,34.8,352919,34.8,34.8,34.8
2026-09-11,2241,33.9,195134,33.9,33.9,33.9
2026-09-14,2241,33.45,259621,33.45,33.45,33.45
2026-09-15,2241,33.35,155149,33.35,33.35,33.35
2026-09-16,2241,33.65,241827,33.65,33.65,33.65
2026-09-17,2241,33.7,1362207,33.7,33.7,33.7
2026-09-18,2241,34.45,391446,34.45,34.45,34.45
2026-09-21,2241,37.35,1533116,37.35,37.35,37.35
2026-09-22,2241,41.05,6315136,41.05,41.05,41.05
2026-09-23,2241,43.65,6674337,43.65,43.65,43.65
2026-09-24,2241,43.6,4744337,43.6,43.6,43.6
2026-09-29,2241,44.0,3176721,44.0,44.0,44.0
2026-09-30,2241,46.15,8099138,46.15,46.15,46.15
2026-10-01,2241,44.05,3600149,44.05,44.05,44.05
2026-10-02,2241,43.75,2571955,43.75,43.75,43.75
2026-10-05,2241,46.05,4031023,46.05,46.05,46.05
2026-09-07,2243,45.25,273242,45.25,45.25,45.25
2026-09-08,2243,45.45,171826,45.45,45.45,45.45
2026-09-09,2243,49.95,490522,49.95,49.95,49.95
2026-09-10,2243,48.5,642933,48.5,48.5,48.5
2026-09-11,2243,50.0,639765,50.0,50.0,50.0
2026-09-14,2243,47.6,414525,47.6,47.6,47.6
2026-09-15,2243,47.45,127776,47.45,47.45,47.45
2026-09-16,2243,47.85,699207,47.85,47.85,47.85
2026-09-17,2243,49.05,227060,49.05,49.05,49.05
2026-09-18,2243,49.1,110807,49.1,49.1,49.1
2026-09-21,2243,54.0,765164,54.0,54.0,54.0
2026-09-22,2243,52.6,601493,52.6,52.6,52.6
2026-09-23,2243,51.3,203100,51.3,51.3,51.3
2026-09-24,2243,50.2,182750,50.2,50.2,50.2
2026-09-29,2243,50.5,120258,50.5,50.5,50.5
2026-09-30,2243,52.6,254061,52.6,52.6,52.6
2026-10-01,2243,52.2,138505,52.2,52.2,52.2
2026-10-02,2243,52.8,333277,52.8,52.8,52.8
2026-10-05,2243,54.5,957618,54.5,54.5,54.5
2026-09-07,2247,234.0,38379,234.0,234.0,234.0
2026-09-08,2247,233.0,14304,233.0,233.0,233.0
2026-09-09,2247,232.5,16202,232.5,232.5,232.5
2026-09-10,2247,230.0,24624,230.0,230.0,230.0
2026-09-11,2247,230.0,17981,230.0,230.0,230.0
2026-09-14,2247,229.5,17055,229.5,229.5,229.5
2026-09-15,2247,229.5,26645,229.5,229.5,229.5
2026-09-16,2247,229.5,15215,229.5,229.5,229.5
2026-09-17,2247,231.0,60688,231.0,231.0,231.0
2026-09-18,2247,231.5,35372,231.5,231.5,231.5
2026-09-21,2247,231.5,29370,231.5,231.5,231.5
2026-09-22,2247,232.0,31972,232.0,232.0,232.0
2026-09-23,2247,230.0,17614,230.0,230.0,230.0
2026-09-24,2247,229.0,48504,229.0,229.0,229.0
2026-09-29,2247,223.0,32877,223.0,223.0,223.0
2026-09-30,2247,224.5,73412,224.5,224.5,224.5
2026-10-01,2247,225.5,19395,225.5,225.5,225.5
2026-10-02,2247,227.0,32971,227.0,227.0,227.0
2026-10-05,2247,226.0,21221,226.0,226.0,226.0
2026-09-07,2248,60.4,154253,60.4,60.4,60.4
2026-09-08,2248,60.3,31421,60.3,60.3,60.3
2026-09-09,2248,60.3,42304,60.3,60.3,60.3
2026-09-10,2248,60.3,11000,60.3,60.3,60.3
2026-09-11,2248,59.3,67465,59.3,59.3,59.3
2026-09-14,2248,59.2,22928,59.2,59.2,59.2
2026-09-15,2248,59.3,26006,59.3,59.3,59.3
2026-09-16,2248,60.2,12000,60.2,60.2,60.2
2026-09-17,2248,60.8,161000,60.8,60.8,60.8
2026-09-18,2248,61.2,87082,61.2,61.2,61.2
2026-09-21,2248,60.5,3040,60.5,60.5,60.5
2026-09-22,2248,61.7,32048,61.7,61.7,61.7
2026-09-23,2248,61.9,54617,61.9,61.9,61.9
2026-09-24,2248,61.0,38424,61.0,61.0,61.0
2026-09-29,2248,61.5,7015,61.5,61.5,61.5
2026-09-30,2248,61.3,21020,61.3,61.3,61.3
2026-10-01,2248,61.4,5702,61.4,61.4,61.4
2026-10-02,2248,61.0,20056,61.0,61.0,61.0
2026-10-05,2248,60.7,31409,60.7,60.7,60.7
2026-09-07,2250,57.1,23647,57.1,57.1,57.1
2026-09-08,2250,56.4,67703,56.4,56.4,56.4
2026-09-09,2250,56.2,37518,56.2,56.2,56.2
2026-09-10,2250,55.9,42296,55.9,55.9,55.9
2026-09-11,2250,55.8,43822,55.8,55.8,55.8
2026-09-14,2250,55.0,60534,55.0,55.0,55.0
2026-09-15,2250,54.8,54040,54.8,54.8,54.8
2026-09-16,2250,55.8,109700,55.8,55.8,55.8
2026-09-17,2250,56.1,93464,56.1,56.1,56.1
2026-09-18,2250,57.7,83600,57.7,57.7,57.7
2026-09-21,2250,56.8,28410,56.8,56.8,56.8
2026-09-22,2250,56.4,37383,56.4,56.4,56.4
2026-09-23,2250,57.0,66789,57.0,57.0,57.0
2026-09-24,2250,57.6,13298,57.6,57.6,57.6
2026-09-29,2250,56.8,13600,56.8,56.8,56.8
2026-09-30,2250,57.0,122177,57.0,57.0,57.0
2026-10-01,2250,55.7,112855,55.7,55.7,55.7
2026-10-02,2250,55.8,96347,55.8,55.8,55.8
2026-10-05,2250,55.2,64920,55.2,55.2,55.2
2026-09-07,2254,62.4,2583219,62.4,62.4,62.4
2026-09-08,2254,63.1,1201567,63.1,63.1,63.1
2026-09-09,2254,65.2,1538000,65.2,65.2,65.2
2026-09-10,2254,65.6,1835190,65.6,65.6,65.6
2026-09-11,2254,65.8,834010,65.8,65.8,65.8
2026-09-14,2254,70.8,1166200,70.8,70.8,70.8
2026-09-15,2254,73.1,1509097,73.1,73.1,73.1
2026-09-16,2254,74.2,2865537,74.2,74.2,74.2
2026-09-17,2254,75.2,1708137,75.2,75.2,75.2
2026-09-18,2254,76.8,1697739,76.8,76.8,76.8
2026-09-21,2254,78.8,1483546,78.8,78.8,78.8
2026-09-22,2254,82.1,1667999,82.1,82.1,82.1
2026-09-23,2254,86.6,3079227,86.6,86.6,86.6
2026-09-24,2254,88.8,2388502,88.8,88.8,88.8
2026-09-29,2254,91.8,2038020,91.8,91.8,91.8
2026-09-30,2254,92.6,2109236,92.6,92.6,92.6
2026-10-01,2254,94.1,1662968,94.1,94.1,94.1
2026-10-02,2254,94.3,2135259,94.3,94.3,94.3
2026-10-05,2254,94.8,2187298,94.8,94.8,94.8
2026-09-07,2258,31.5,764327,31.5,31.5,31.5
2026-09-08,2258,31.85,471753,31.85,31.85,31.85
2026-09-09,2258,31.8,288061,31.8,31.8,31.8
2026-09-10,2258,31.1,255993,31.1,31.1,31.1
2026-09-11,2258,30.55,439498,30.55,30.55,30.55
2026-09-14,2258,30.1,299052,30.1,30.1,30.1
2026-09-15,2258,30.05,286831,30.05,30.05,30.05
2026-09-16,2258,30.15,246890,30.15,30.15,30.15
2026-09-17,2258,30.9,324238,30.9,30.9,30.9
2026-09-18,2258,31.75,523723,31.75,31.75,31.75
2026-09-21,2258,31.35,254616,31.35,31.35,31.35
2026-09-22,2258,30.9,424630,30.9,30.9,30.9
2026-09-23,2258,30.6,225130,30.6,30.6,30.6
2026-09-24,2258,30.5,180155,30.5,30.5,30.5
2026-09-29,2258,30.95,469300,30.95,30.95,30.95
2026-09-30,2258,32.0,866835,32.0,32.0,32.0
2026-10-01,2258,31.9,537180,31.9,31.9,31.9
2026-10-02,2258,31.0,541697,31.0,31.0,31.0
2026-10-05,2258,30.5,623609,30.5,30.5,30.5
2026-09-07,2301,299.0,25036378,299.0,299.0,299.0
2026-09-08,2301,291.0,18980605,291.0,291.0,291.0
2026-09-09,2301,292.5,13639212,292.5,292.5,292.5
2026-09-10,2301,291.0,19920421,291.0,291.0,291.0
2026-09-11,2301,277.0,21494554,277.0,277.0,277.0
2026-09-14,2301,277.5,12338615,277.5,277.5,277.5
2026-09-15,2301,274.0,17907973,274.0,274.0,274.0
2026-09-16,2301,277.0,13634786,277.0,277.0,277.0
2026-09-17,2301,278.0,10539679,278.0,278.0,278.0
2026-09-18,2301,282.0,24262502,282.0,282.0,282.0
2026-09-21,2301,288.5,16254104,288.5,288.5,288.5
2026-09-22,2301,284.5,20206920,284.5,284.5,284.5
2026-09-23,2301,283.5,10586920,283.5,283.5,283.5
2026-09-24,2301,287.0,9401877,287.0,287.0,287.0
2026-09-29,2301,281.0,13566253,281.0,281.0,281.0
2026-09-30,2301,279.5,12833072,279.5,279.5,279.5
2026-10-01,2301,284.5,9330365,284.5,284.5,284.5
2026-10-02,2301,281.5,7078006,281.5,281.5,281.5
2026-10-05,2301,298.0,29984591,298.0,298.0,298.0
2026-09-07,2302,43.3,3870258,43.3,43.3,43.3
2026-09-08,2302,41.8,2178017,41.8,41.8,41.8
2026-09-09,2302,42.0,1057444,42.0,42.0,42.0
2026-09-10,2302,42.25,1344878,42.25,42.25,42.25
2026-09-11,2302,41.0,1747354,41.0,41.0,41.0
2026-09-14,2302,41.6,2504971,41.6,41.6,41.6
2026-09-15,2302,40.2,1486684,40.2,40.2,40.2
2026-09-16,2302,44.2,5846455,44.2,44.2,44.2
2026-09-17,2302,44.2,9551316,44.2,44.2,44.2
2026-09-18,2302,44.4,3634731,44.4,44.4,44.4
2026-09-21,2302,44.15,2658334,44.15,44.15,44.15
2026-09-22,2302,43.7,2844166,43.7,43.7,43.7
2026-09-23,2302,45.75,13188312,45.75,45.75,45.75
2026-09-24,2302,46.05,9238419,46.05,46.05,46.05
2026-09-29,2302,45.3,3489415,45.3,45.3,45.3
2026-09-30,2302,45.0,2760078,45.0,45.0,45.0
2026-10-01,2302,46.5,6731653,46.5,46.5,46.5
2026-10-02,2302,46.5,4674132,46.5,46.5,46.5
2026-10-05,2302,49.85,16760325,49.85,49.85,49.85
2026-09-07,2303,143.0,337408282,143.0,143.0,143.0
2026-09-08,2303,137.0,219176053,137.0,137.0,137.0
2026-09-09,2303,141.5,270644784,141.5,141.5,141.5
2026-09-10,2303,142.5,204307696,142.5,142.5,142.5
2026-09-11,2303,140.5,120877009,140.5,140.5,140.5
2026-09-14,2303,142.5,132513207,142.5,142.5,142.5
2026-09-15,2303,138.5,102009653,138.5,138.5,138.5
2026-09-16,2303,142.0,117165966,142.0,142.0,142.0
2026-09-17,2303,147.5,256821287,147.5,147.5,147.5
2026-09-18,2303,156.0,306815637,156.0,156.0,156.0
2026-09-21,2303,157.0,158568199,157.0,157.0,157.0
2026-09-22,2303,160.0,286598057,160.0,160.0,160.0
2026-09-23,2303,160.0,124757294,160.0,160.0,160.0
2026-09-24,2303,154.0,157009029,154.0,154.0,154.0
2026-09-29,2303,153.5,111591705,153.5,153.5,153.5
2026-09-30,2303,154.5,102405360,154.5,154.5,154.5
2026-10-01,2303,161.5,114242075,161.5,161.5,161.5
2026-10-02,2303,161.5,100339050,161.5,161.5,161.5
2026-10-05,2303,152.5,328772084,152.5,152.5,152.5
2026-09-07,2305,33.4,12488405,33.4,33.4,33.4
2026-09-08,2305,33.2,21635033,33.2,33.2,33.2
2026-09-09,2305,35.0,12306833,35.0,35.0,35.0
2026-09-10,2305,38.5,17665099,38.5,38.5,38.5
2026-09-11,2305,41.05,57982441,41.05,41.05,41.05
2026-09-14,2305,45.15,33465049,45.15,45.15,45.15
2026-09-15,2305,44.95,93620288,44.95,44.95,44.95
2026-09-16,2305,49.4,25857898,49.4,49.4,49.4
2026-09-17,2305,54.3,7012311,54.3,54.3,54.3
2026-09-18,2305,58.7,13495965,58.7,58.7,58.7
2026-09-21,2305,58.8,9399397,58.8,58.8,58.8
2026-09-22,2305,60.0,6816969,60.0,60.0,60.0
2026-09-23,2305,63.6,6665913,63.6,63.6,63.6
2026-09-24,2305,62.9,4243609,62.9,62.9,62.9
2026-09-29,2305,69.1,5849225,69.1,69.1,69.1
2026-09-30,2305,68.7,6402746,68.7,68.7,68.7
2026-10-01,2305,61.9,9397489,61.9,61.9,61.9
2026-10-02,2305,60.2,20455039,60.2,60.2,60.2
2026-10-05,2305,57.8,12758509,57.8,57.8,57.8
2026-09-07,2308,1850.0,7560958,1850.0,1850.0,1850.0
2026-09-08,2308,1805.0,6331851,1805.0,1805.0,1805.0
2026-09-09,2308,1795.0,8307925,1795.0,1795.0,1795.0
2026-09-10,2308,1675.0,20489051,1675.0,1675.0,1675.0
2026-09-11,2308,1620.0,15924565,1620.0,1620.0,1620.0
2026-09-14,2308,1620.0,9470308,1620.0,1620.0,1620.0
2026-09-15,2308,1670.0,14802962,1670.0,1670.0,1670.0
2026-09-16,2308,1710.0,10673726,1710.0,1710.0,1710.0
2026-09-17,2308,1685.0,10796328,1685.0,1685.0,1685.0
2026-09-18,2308,1735.0,13051318,1735.0,1735.0,1735.0
2026-09-21,2308,1875.0,19102054,1875.0,1875.0,1875.0
2026-09-22,2308,1900.0,16957990,1900.0,1900.0,1900.0
2026-09-23,2308,1900.0,9734322,1900.0,1900.0,1900.0
2026-09-24,2308,1910.0,8983854,1910.0,1910.0,1910.0
2026-09-29,2308,1835.0,14404821,1835.0,1835.0,1835.0
2026-09-30,2308,1890.0,11094898,1890.0,1890.0,1890.0
2026-10-01,2308,1905.0,6119811,1905.0,1905.0,1905.0
2026-10-02,2308,1885.0,6064409,1885.0,1885.0,1885.0
2026-10-05,2308,2005.0,17838513,2005.0,2005.0,2005.0
2026-09-07,2312,32.3,11839430,32.3,32.3,32.3
2026-09-08,2312,31.3,9390867,31.3,31.3,31.3
2026-09-09,2312,31.8,5150327,31.8,31.8,31.8
2026-09-10,2312,31.15,5744478,31.15,31.15,31.15
2026-09-11,2312,30.45,7057940,30.45,30.45,30.45
2026-09-14,2312,30.85,8796329,30.85,30.85,30.85
2026-09-15,2312,31.1,8006946,31.1,31.1,31.1
2026-09-16,2312,30.95,10732941,30.95,30.95,30.95
2026-09-17,2312,31.0,8741145,31.0,31.0,31.0
2026-09-18,2312,31.0,7988144,31.0,31.0,31.0
2026-09-21,2312,31.3,5842601,31.3,31.3,31.3
2026-09-22,2312,31.05,5608822,31.05,31.05,31.05
2026-09-23,2312,30.6,5951151,30.6,30.6,30.6
2026-09-24,2312,30.65,3523917,30.65,30.65,30.65
2026-09-29,2312,30.7,3153662,30.7,30.7,30.7
2026-09-30,2312,31.25,6465397,31.25,31.25,31.25
2026-10-01,2312,31.0,4886792,31.0,31.0,31.0
2026-10-02,2312,30.85,5879296,30.85,30.85,30.85
2026-10-05,2312,30.7,5703898,30.7,30.7,30.7
2026-09-07,2313,240.0,56818132,240.0,240.0,240.0
2026-09-08,2313,231.0,40022863,231.0,231.0,231.0
2026-09-09,2313,228.0,20923903,228.0,228.0,228.0
2026-09-10,2313,225.5,14054910,225.5,225.5,225.5
2026-09-11,2313,221.5,9352804,221.5,221.5,221.5
2026-09-14,2313,221.0,13242484,221.0,221.0,221.0
2026-09-15,2313,218.5,11772158,218.5,218.5,218.5
2026-09-16,2313,225.0,18970240,225.0,225.0,225.0
2026-09-17,2313,218.5,30339891,218.5,218.5,218.5
2026-09-18,2313,228.5,29688041,228.5,228.5,228.5
2026-09-21,2313,222.0,22722962,222.0,222.0,222.0
2026-09-22,2313,222.0,15506654,222.0,222.0,222.0
2026-09-23,2313,224.0,9758490,224.0,224.0,224.0
2026-09-24,2313,222.5,7002467,222.5,222.5,222.5
2026-09-29,2313,226.0,10064805,226.0,226.0,226.0
2026-09-30,2313,226.5,12970500,226.5,226.5,226.5
2026-10-01,2313,224.5,6854303,224.5,224.5,224.5
2026-10-02,2313,226.0,8635843,226.0,226.0,226.0
2026-10-05,2313,248.5,51436246,248.5,248.5,248.5
2026-09-07,2314,11.2,41963,11.2,11.2,11.2
2026-09-08,2314,10.95,132807,10.95,10.95,10.95
2026-09-09,2314,11.0,100069,11.0,11.0,11.0
2026-09-10,2314,10.8,79927,10.8,10.8,10.8
2026-09-11,2314,10.5,127766,10.5,10.5,10.5
2026-09-14,2314,11.35,203391,11.35,11.35,11.35
2026-09-15,2314,11.0,90417,11.0,11.0,11.0
2026-09-16,2314,10.5,314583,10.5,10.5,10.5
2026-09-17,2314,10.55,116924,10.55,10.55,10.55
2026-09-18,2314,10.7,115679,10.7,10.7,10.7
2026-09-21,2314,11.5,210457,11.5,11.5,11.5
2026-09-22,2314,11.1,102756,11.1,11.1,11.1
2026-09-23,2314,11.1,74505,11.1,11.1,11.1
2026-09-24,2314,10.95,87445,10.95,10.95,10.95
2026-09-29,2314,11.05,102554,11.05,11.05,11.05
2026-09-30,2314,11.2,89891,11.2,11.2,11.2
2026-10-01,2314,11.5,212224,11.5,11.5,11.5
2026-10-02,2314,11.0,168275,11.0,11.0,11.0
2026-10-05,2314,11.1,86999,11.1,11.1,11.1
2026-09-07,2316,159.0,1664215,159.0,159.0,159.0
2026-09-08,2316,158.0,1776222,158.0,158.0,158.0
2026-09-09,2316,161.0,1838311,161.0,161.0,161.0
2026-09-10,2316,161.0,1437940,161.0,161.0,161.0
2026-09-11,2316,158.0,1489229,158.0,158.0,158.0
2026-09-14,2316,155.0,1087025,155.0,155.0,155.0
2026-09-15,2316,155.0,1022268,155.0,155.0,155.0
2026-09-16,2316,158.5,1103894,158.5,158.5,158.5
2026-09-17,2316,155.5,1739252,155.5,155.5,155.5
2026-09-18,2316,156.5,1200550,156.5,156.5,156.5
2026-09-21,2316,156.0,839410,156.0,156.0,156.0
2026-09-22,2316,160.5,2838547,160.5,160.5,160.5
2026-09-23,2316,159.0,1269091,159.0,159.0,159.0
2026-09-24,2316,160.5,602793,160.5,160.5,160.5
2026-09-29,2316,162.0,1377279,162.0,162.0,162.0
2026-09-30,2316,166.0,1637974,166.0,166.0,166.0
2026-10-01,2316,167.0,2448561,167.0,167.0,167.0
2026-10-02,2316,170.5,2945458,170.5,170.5,170.5
2026-10-05,2316,171.5,2621525,171.5,171.5,171.5
2026-09-07,2317,256.0,34027046,256.0,256.0,256.0
2026-09-08,2317,251.5,40240647,251.5,251.5,251.5
2026-09-09,2317,252.0,21343799,252.0,252.0,252.0
2026-09-10,2317,251.0,40233640,251.0,251.0,251.0
2026-09-11,2317,248.0,24164352,248.0,248.0,248.0
2026-09-14,2317,248.5,25260973,248.5,248.5,248.5
2026-09-15,2317,246.5,15812094,246.5,246.5,246.5
2026-09-16,2317,248.0,19737377,248.0,248.0,248.0
2026-09-17,2317,250.5,26522419,250.5,250.5,250.5
2026-09-18,2317,250.5,44803117,250.5,250.5,250.5
2026-09-21,2317,250.0,16771284,250.0,250.0,250.0
2026-09-22,2317,253.0,38635614,253.0,253.0,253.0
2026-09-23,2317,256.0,35754545,256.0,256.0,256.0
2026-09-24,2317,250.5,34510344,250.5,250.5,250.5
2026-09-29,2317,250.5,31188879,250.5,250.5,250.5
2026-09-30,2317,251.5,27366648,251.5,251.5,251.5
2026-10-01,2317,254.0,30526551,254.0,254.0,254.0
2026-10-02,2317,251.0,30466967,251.0,251.0,251.0
2026-10-05,2317,254.0,52629375,254.0,254.0,254.0
2026-09-07,2321,14.4,5560,14.4,14.4,14.4
2026-09-08,2321,13.8,10805,13.8,13.8,13.8
2026-09-09,2321,15.1,10201,15.1,15.1,15.1
2026-09-21,2321,26.0,4626,26.0,26.0,26.0
2026-09-22,2321,23.9,9792,23.9,23.9,23.9
2026-09-23,2321,25.0,16034,25.0,25.0,25.0
2026-09-29,2321,25.0,2537,25.0,25.0,25.0
2026-09-30,2321,24.3,3840,24.3,24.3,24.3
2026-10-01,2321,23.5,4468,23.5,23.5,23.5
2026-10-02,2321,25.85,39872,25.85,25.85,25.85
2026-10-05,2321,25.35,36405,25.35,25.35,25.35
2026-09-07,2323,10.8,4165831,10.8,10.8,10.8
2026-09-08,2323,10.7,3112524,10.7,10.7,10.7
2026-09-09,2323,10.75,3451051,10.75,10.75,10.75
2026-09-10,2323,10.55,5031329,10.55,10.55,10.55
2026-09-11,2323,10.7,4726062,10.7,10.7,10.7
2026-09-14,2323,10.5,3634402,10.5,10.5,10.5
2026-09-15,2323,10.4,3498973,10.4,10.4,10.4
2026-09-16,2323,10.55,2707759,10.55,10.55,10.55
2026-09-17,2323,10.75,5535867,10.75,10.75,10.75
2026-09-18,2323,10.7,4985357,10.7,10.7,10.7
2026-09-21,2323,10.8,3610061,10.8,10.8,10.8
2026-09-22,2323,10.85,6359248,10.85,10.85,10.85
2026-09-23,2323,10.8,4136637,10.8,10.8,10.8
2026-09-24,2323,10.8,3157028,10.8,10.8,10.8
2026-09-29,2323,10.7,4169493,10.7,10.7,10.7
2026-09-30,2323,11.0,14064496,11.0,11.0,11.0
2026-09-07,2324,40.05,125562912,40.05,40.05,40.05
2026-09-08,2324,39.05,70154546,39.05,39.05,39.05
2026-09-09,2324,38.9,33657746,38.9,38.9,38.9
2026-09-10,2324,38.65,34753098,38.65,38.65,38.65
2026-09-11,2324,37.8,34534208,37.8,37.8,37.8
2026-09-14,2324,37.9,39727054,37.9,37.9,37.9
2026-09-15,2324,36.95,46454725,36.95,36.95,36.95
2026-09-16,2324,37.35,22476027,37.35,37.35,37.35
2026-09-17,2324,37.4,25735494,37.4,37.4,37.4
2026-09-18,2324,37.7,52193788,37.7,37.7,37.7
2026-09-21,2324,37.6,27563778,37.6,37.6,37.6
2026-09-22,2324,37.05,38170830,37.05,37.05,37.05
2026-09-23,2324,36.8,23534904,36.8,36.8,36.8
2026-09-24,2324,36.5,18026289,36.5,36.5,36.5
2026-09-29,2324,36.05,29621824,36.05,36.05,36.05
2026-09-30,2324,37.1,46326977,37.1,37.1,37.1
2026-10-01,2324,36.65,25328443,36.65,36.65,36.65
2026-10-02,2324,36.2,35135273,36.2,36.2,36.2
2026-10-05,2324,35.8,43703092,35.8,35.8,35.8
2026-09-07,2327,589.0,71286963,589.0,589.0,589.0
2026-09-08,2327,567.0,39419068,567.0,567.0,567.0
2026-09-09,2327,565.0,28243237,565.0,565.0,565.0
2026-09-10,2327,572.0,38051425,572.0,572.0,572.0
2026-09-11,2327,544.0,35558765,544.0,544.0,544.0
2026-09-14,2327,545.0,22504178,545.0,545.0,545.0
2026-09-15,2327,537.0,22575963,537.0,537.0,537.0
2026-09-16,2327,536.0,27854767,536.0,536.0,536.0
2026-09-17,2327,529.0,22992927,529.0,529.0,529.0
2026-09-18,2327,550.0,26963850,550.0,550.0,550.0
2026-09-21,2327,557.0,27387944,557.0,557.0,557.0
2026-09-22,2327,571.0,42736611,571.0,571.0,571.0
2026-09-23,2327,573.0,42588422,573.0,573.0,573.0
2026-09-24,2327,580.0,35926454,580.0,580.0,580.0
2026-09-29,2327,548.0,41164381,548.0,548.0,548.0
2026-09-30,2327,548.0,25009393,548.0,548.0,548.0
2026-10-01,2327,602.0,74137455,602.0,602.0,602.0
2026-10-02,2327,626.0,106667349,626.0,626.0,626.0
2026-10-05,2327,626.0,67379604,626.0,626.0,626.0
2026-09-07,2328,46.0,1592227,46.0,46.0,46.0
2026-09-08,2328,46.0,1908851,46.0,46.0,46.0
2026-09-09,2328,46.3,1223229,46.3,46.3,46.3
2026-09-10,2328,46.1,1105719,46.1,46.1,46.1
2026-09-11,2328,46.0,1183172,46.0,46.0,46.0
2026-09-14,2328,45.4,1172502,45.4,45.4,45.4
2026-09-15,2328,44.9,1828166,44.9,44.9,44.9
2026-09-16,2328,45.75,1289323,45.75,45.75,45.75
2026-09-17,2328,46.35,1158324,46.35,46.35,46.35
2026-09-18,2328,46.4,1897340,46.4,46.4,46.4
2026-09-21,2328,47.75,3335413,47.75,47.75,47.75
2026-09-22,2328,47.0,1654590,47.0,47.0,47.0
2026-09-23,2328,47.1,910755,47.1,47.1,47.1
2026-09-24,2328,47.0,797393,47.0,47.0,47.0
2026-09-29,2328,47.0,774116,47.0,47.0,47.0
2026-09-30,2328,47.55,1592348,47.55,47.55,47.55
2026-10-01,2328,47.75,1214940,47.75,47.75,47.75
2026-10-02,2328,47.95,1295287,47.95,47.95,47.95
2026-10-05,2328,48.3,2608301,48.3,48.3,48.3
2026-09-07,2329,43.3,1460462,43.3,43.3,43.3
2026-09-08,2329,42.7,2702343,42.7,42.7,42.7
2026-09-09,2329,42.65,1206979,42.65,42.65,42.65
2026-09-10,2329,42.2,1444278,42.2,42.2,42.2
2026-09-11,2329,41.6,1348641,41.6,41.6,41.6
2026-09-14,2329,41.75,1594756,41.75,41.75,41.75
2026-09-15,2329,41.45,1213027,41.45,41.45,41.45
2026-09-16,2329,42.55,2165182,42.55,42.55,42.55
2026-09-17,2329,42.9,2682148,42.9,42.9,42.9
2026-09-18,2329,44.35,6081911,44.35,44.35,44.35
2026-09-21,2329,44.0,3381474,44.0,44.0,44.0
2026-09-22,2329,43.3,1910924,43.3,43.3,43.3
2026-09-23,2329,44.35,4444160,44.35,44.35,44.35
2026-09-24,2329,44.4,2017252,44.4,44.4,44.4
2026-09-29,2329,43.8,1151596,43.8,43.8,43.8
2026-09-30,2329,44.8,3783130,44.8,44.8,44.8
2026-10-01,2329,44.35,1772390,44.35,44.35,44.35
2026-10-02,2329,45.0,3082944,45.0,45.0,45.0
2026-10-05,2329,45.0,4115875,45.0,45.0,45.0
2026-09-07,2330,2460.0,26898329,2460.0,2460.0,2460.0
2026-09-08,2330,2470.0,28931697,2470.0,2470.0,2470.0
2026-09-09,2330,2465.0,17798845,2465.0,2465.0,2465.0
2026-09-10,2330,2450.0,19835796,2450.0,2450.0,2450.0
2026-09-11,2330,2410.0,21131357,2410.0,2410.0,2410.0
2026-09-14,2330,2380.0,21520958,2380.0,2380.0,2380.0
2026-09-15,2330,2385.0,15215752,2385.0,2385.0,2385.0
2026-09-16,2330,2380.0,20919285,2380.0,2380.0,2380.0
2026-09-17,2330,2425.0,18116974,2425.0,2425.0,2425.0
2026-09-18,2330,2460.0,40892688,2460.0,2460.0,2460.0
2026-09-21,2330,2480.0,16086510,2480.0,2480.0,2480.0
2026-09-22,2330,2460.0,22009927,2460.0,2460.0,2460.0
2026-09-23,2330,2500.0,22817873,2500.0,2500.0,2500.0
2026-09-24,2330,2475.0,14557662,2475.0,2475.0,2475.0
2026-09-29,2330,2475.0,26893348,2475.0,2475.0,2475.0
2026-09-30,2330,2480.0,34282491,2480.0,2480.0,2480.0
2026-10-01,2330,2510.0,20666092,2510.0,2510.0,2510.0
2026-10-02,2330,2500.0,15792206,2500.0,2500.0,2500.0
2026-10-05,2330,2575.0,26800187,2575.0,2575.0,2575.0
2026-09-07,2331,19.35,1117475,19.35,19.35,19.35
2026-09-08,2331,19.0,1464358,19.0,19.0,19.0
2026-09-09,2331,19.0,857982,19.0,19.0,19.0
2026-09-10,2331,18.75,1035288,18.75,18.75,18.75
2026-09-11,2331,18.7,795070,18.7,18.7,18.7
2026-09-14,2331,18.7,676819,18.7,18.7,18.7
2026-09-15,2331,18.5,728374,18.5,18.5,18.5
2026-09-16,2331,18.8,1346881,18.8,18.8,18.8
2026-09-17,2331,19.0,1586624,19.0,19.0,19.0
2026-09-18,2331,18.9,855006,18.9,18.9,18.9
2026-09-21,2331,19.4,1485484,19.4,19.4,19.4
2026-09-22,2331,19.2,640792,19.2,19.2,19.2
2026-09-23,2331,19.0,523795,19.0,19.0,19.0
2026-09-24,2331,18.85,549135,18.85,18.85,18.85
2026-09-29,2331,18.7,541430,18.7,18.7,18.7
2026-09-30,2331,19.2,1099713,19.2,19.2,19.2
2026-10-01,2331,19.15,700402,19.15,19.15,19.15
2026-10-02,2331,19.05,490150,19.05,19.05,19.05
2026-10-05,2331,18.8,933570,18.8,18.8,18.8
2026-09-07,2332,19.45,11587248,19.45,19.45,19.45
2026-09-08,2332,18.75,6674263,18.75,18.75,18.75
2026-09-09,2332,19.15,5860177,19.15,19.15,19.15
2026-09-10,2332,18.85,3561235,18.85,18.85,18.85
2026-09-11,2332,19.0,6713977,19.0,19.0,19.0
2026-09-14,2332,18.9,6382308,18.9,18.9,18.9
2026-09-15,2332,18.8,8493922,18.8,18.8,18.8
2026-09-16,2332,19.35,11634426,19.35,19.35,19.35
2026-09-17,2332,19.4,6289312,19.4,19.4,19.4
2026-09-18,2332,19.45,4549287,19.45,19.45,19.45
2026-09-21,2332,20.55,16764492,20.55,20.55,20.55
2026-09-22,2332,20.2,18928219,20.2,20.2,20.2
2026-09-23,2332,20.4,12406138,20.4,20.4,20.4
2026-09-24,2332,20.1,7152630,20.1,20.1,20.1
2026-09-29,2332,20.1,5216187,20.1,20.1,20.1
2026-09-30,2332,20.6,8101037,20.6,20.6,20.6
2026-10-01,2332,20.15,5301945,20.15,20.15,20.15
2026-10-02,2332,20.45,4314727,20.45,20.45,20.45
2026-10-05,2332,20.15,7145358,20.15,20.15,20.15
2026-09-07,2337,124.5,28816682,124.5,124.5,124.5
2026-09-08,2337,126.0,58876929,126.0,126.0,126.0
2026-09-09,2337,126.5,33042026,126.5,126.5,126.5
2026-09-10,2337,122.5,25226210,122.5,122.5,122.5
2026-09-11,2337,119.0,22360977,119.0,119.0,119.0
2026-09-14,2337,116.0,22286124,116.0,116.0,116.0
2026-09-15,2337,114.5,28359737,114.5,114.5,114.5
2026-09-16,2337,119.0,22351849,119.0,119.0,119.0
2026-09-17,2337,116.5,29307672,116.5,116.5,116.5
2026-09-18,2337,121.0,64768504,121.0,121.0,121.0
2026-09-21,2337,120.0,26114015,120.0,120.0,120.0
2026-09-22,2337,118.0,24190725,118.0,118.0,118.0
2026-09-23,2337,119.0,27563389,119.0,119.0,119.0
2026-09-24,2337,117.0,18598874,117.0,117.0,117.0
2026-09-29,2337,118.5,15127999,118.5,118.5,118.5
2026-09-30,2337,122.5,31932411,122.5,122.5,122.5
2026-10-01,2337,121.0,16468161,121.0,121.0,121.0
2026-10-02,2337,122.0,19636645,122.0,122.0,122.0
2026-10-05,2337,121.5,24536381,121.5,121.5,121.5
2026-09-07,2338,38.55,934885,38.55,38.55,38.55
2026-09-08,2338,37.75,826344,37.75,37.75,37.75
2026-09-09,2338,41.5,4444383,41.5,41.5,41.5
2026-09-10,2338,45.65,12836401,45.65,45.65,45.65
2026-09-11,2338,47.75,67315117,47.75,47.75,47.75
2026-09-14,2338,48.0,55395670,48.0,48.0,48.0
2026-09-15,2338,46.1,29585483,46.1,46.1,46.1
2026-09-16,2338,50.7,26655259,50.7,50.7,50.7
2026-09-17,2338,48.8,56292754,48.8,48.8,48.8
2026-09-18,2338,50.0,23519369,50.0,50.0,50.0
2026-09-21,2338,49.05,12226301,49.05,49.05,49.05
2026-09-22,2338,47.35,9962184,47.35,47.35,47.35
2026-09-23,2338,46.45,5684267,46.45,46.45,46.45
2026-09-24,2338,47.1,4013030,47.1,47.1,47.1
2026-09-29,2338,47.1,4039504,47.1,47.1,47.1
2026-09-30,2338,47.3,2755701,47.3,47.3,47.3
2026-10-01,2338,47.2,2741462,47.2,47.2,47.2
2026-10-02,2338,49.65,15644706,49.65,49.65,49.65
2026-10-05,2338,48.2,7682582,48.2,48.2,48.2
2026-09-07,2340,33.2,2793708,33.2,33.2,33.2
2026-09-08,2340,32.35,2018706,32.35,32.35,32.35
2026-09-09,2340,32.2,1795719,32.2,32.2,32.2
2026-09-10,2340,31.65,1559487,31.65,31.65,31.65
2026-09-11,2340,31.65,2286140,31.65,31.65,31.65
2026-09-14,2340,32.05,3265244,32.05,32.05,32.05
2026-09-15,2340,31.15,1931697,31.15,31.15,31.15
2026-09-16,2340,33.1,4536464,33.1,33.1,33.1
2026-09-17,2340,32.95,2641617,32.95,32.95,32.95
2026-09-18,2340,34.0,3839465,34.0,34.0,34.0
2026-09-21,2340,34.5,2473700,34.5,34.5,34.5
2026-09-22,2340,34.1,2849398,34.1,34.1,34.1
2026-09-23,2340,34.35,8672725,34.35,34.35,34.35
2026-09-24,2340,34.55,3550658,34.55,34.55,34.55
2026-09-29,2340,38.0,15628464,38.0,38.0,38.0
2026-09-30,2340,40.8,34478123,40.8,40.8,40.8
2026-10-01,2340,43.85,40533802,43.85,43.85,43.85
2026-10-02,2340,45.75,41777299,45.75,45.75,45.75
2026-10-05,2340,50.3,21474354,50.3,50.3,50.3
2026-09-07,2342,39.75,2873446,39.75,39.75,39.75
2026-09-08,2342,38.95,1940235,38.95,38.95,38.95
2026-09-09,2342,39.0,1143646,39.0,39.0,39.0
2026-09-10,2342,39.2,1441862,39.2,39.2,39.2
2026-09-11,2342,37.7,1300187,37.7,37.7,37.7
2026-09-14,2342,39.7,2550774,39.7,39.7,39.7
2026-09-15,2342,38.4,5432362,38.4,38.4,38.4
2026-09-16,2342,40.55,3781871,40.55,40.55,40.55
2026-09-17,2342,39.6,2423589,39.6,39.6,39.6
2026-09-18,2342,41.05,4777724,41.05,41.05,41.05
2026-09-21,2342,41.0,2115154,41.0,41.0,41.0
2026-09-22,2342,42.15,5155677,42.15,42.15,42.15
2026-09-23,2342,46.35,11049723,46.35,46.35,46.35
2026-09-24,2342,48.2,43473432,48.2,48.2,48.2
2026-09-29,2342,50.1,27339538,50.1,50.1,50.1
2026-09-30,2342,50.3,14272757,50.3,50.3,50.3
2026-10-01,2342,49.35,7460322,49.35,49.35,49.35
2026-10-02,2342,51.3,15524775,51.3,51.3,51.3
2026-10-05,2342,49.4,10795983,49.4,49.4,49.4
2026-09-07,2344,180.0,118922555,180.0,180.0,180.0
2026-09-08,2344,188.0,222260653,188.0,188.0,188.0
2026-09-09,2344,183.0,140400625,183.0,183.0,183.0
2026-09-10,2344,179.5,67914754,179.5,179.5,179.5
2026-09-11,2344,171.5,74789115,171.5,171.5,171.5
2026-09-14,2344,160.0,123411883,160.0,160.0,160.0
2026-09-15,2344,159.5,71179694,159.5,159.5,159.5
2026-09-16,2344,169.0,83218538,169.0,169.0,169.0
2026-09-17,2344,170.0,120007010,170.0,170.0,170.0
2026-09-18,2344,179.5,138585216,179.5,179.5,179.5
2026-09-21,2344,174.0,76635914,174.0,174.0,174.0
2026-09-22,2344,171.0,97424949,171.0,171.0,171.0
2026-09-23,2344,172.5,70593992,172.5,172.5,172.5
2026-09-24,2344,171.5,51225813,171.5,171.5,171.5
2026-09-29,2344,174.0,45790945,174.0,174.0,174.0
2026-09-30,2344,179.5,85028121,179.5,179.5,179.5
2026-10-01,2344,180.0,64785773,180.0,180.0,180.0
2026-10-02,2344,179.0,74491648,179.0,179.0,179.0
2026-10-05,2344,181.0,90976614,181.0,181.0,181.0
2026-09-07,2345,2100.0,2076808,2100.0,2100.0,2100.0
2026-09-08,2345,1955.0,6441295,1955.0,1955.0,1955.0
2026-09-09,2345,2015.0,4715389,2015.0,2015.0,2015.0
2026-09-10,2345,1965.0,2982489,1965.0,1965.0,1965.0
2026-09-11,2345,1885.0,4090126,1885.0,1885.0,1885.0
2026-09-14,2345,1875.0,3068576,1875.0,1875.0,1875.0
2026-09-15,2345,1840.0,2272078,1840.0,1840.0,1840.0
2026-09-16,2345,1840.0,3116998,1840.0,1840.0,1840.0
2026-09-17,2345,1800.0,4448162,1800.0,1800.0,1800.0
2026-09-18,2345,1855.0,5848473,1855.0,1855.0,1855.0
2026-09-21,2345,1840.0,3499481,1840.0,1840.0,1840.0
2026-09-22,2345,1915.0,3976822,1915.0,1915.0,1915.0
2026-09-23,2345,1890.0,4143392,1890.0,1890.0,1890.0
2026-09-24,2345,1895.0,2611500,1895.0,1895.0,1895.0
2026-09-29,2345,1810.0,4157981,1810.0,1810.0,1810.0
2026-09-30,2345,1775.0,7123574,1775.0,1775.0,1775.0
2026-10-01,2345,1900.0,5872368,1900.0,1900.0,1900.0
2026-10-02,2345,1965.0,5328800,1965.0,1965.0,1965.0
2026-10-05,2345,2075.0,6386760,2075.0,2075.0,2075.0
2026-09-07,2347,89.3,2680117,89.3,89.3,89.3
2026-09-08,2347,88.9,2774953,88.9,88.9,88.9
2026-09-09,2347,88.6,2043322,88.6,88.6,88.6
2026-09-10,2347,88.8,2850414,88.8,88.8,88.8
2026-09-11,2347,89.0,2484676,89.0,89.0,89.0
2026-09-14,2347,89.6,1958179,89.6,89.6,89.6
2026-09-15,2347,88.5,2705824,88.5,88.5,88.5
2026-09-16,2347,88.7,3211283,88.7,88.7,88.7
2026-09-17,2347,89.5,2713697,89.5,89.5,89.5
2026-09-18,2347,90.8,3513180,90.8,90.8,90.8
2026-09-21,2347,89.8,4649153,89.8,89.8,89.8
2026-09-22,2347,89.9,1932164,89.9,89.9,89.9
2026-09-23,2347,94.5,5073209,94.5,94.5,94.5
2026-09-24,2347,94.5,2371286,94.5,94.5,94.5
2026-09-29,2347,94.5,4671338,94.5,94.5,94.5
2026-09-30,2347,94.9,3253120,94.9,94.9,94.9
2026-10-01,2347,95.4,5965468,95.4,95.4,95.4
2026-10-02,2347,97.1,3426763,97.1,97.1,97.1
2026-10-05,2347,97.0,3056330,97.0,97.0,97.0
2026-09-07,2348,71.2,361862,71.2,71.2,71.2
2026-09-08,2348,71.9,314800,71.9,71.9,71.9
2026-09-09,2348,71.2,584752,71.2,71.2,71.2
2026-09-10,2348,71.3,267400,71.3,71.3,71.3
2026-09-11,2348,70.3,282334,70.3,70.3,70.3
2026-09-14,2348,70.5,278257,70.5,70.5,70.5
2026-09-15,2348,70.2,171609,70.2,70.2,70.2
2026-09-16,2348,70.2,590768,70.2,70.2,70.2
2026-09-17,2348,73.9,1013530,73.9,73.9,73.9
2026-09-18,2348,74.2,2168062,74.2,74.2,74.2
2026-09-21,2348,73.0,432867,73.0,73.0,73.0
2026-09-22,2348,72.5,322098,72.5,72.5,72.5
2026-09-23,2348,73.0,171124,73.0,73.0,73.0
2026-09-24,2348,72.0,237401,72.0,72.0,72.0
2026-09-29,2348,70.5,278973,70.5,70.5,70.5
2026-09-30,2348,70.6,207657,70.6,70.6,70.6
2026-10-01,2348,70.4,108740,70.4,70.4,70.4
2026-10-02,2348,70.6,160769,70.6,70.6,70.6
2026-10-05,2348,69.9,467879,69.9,69.9,69.9
2026-09-07,2349,10.8,1843799,10.8,10.8,10.8
2026-09-08,2349,10.65,1765906,10.65,10.65,10.65
2026-09-09,2349,10.7,1579201,10.7,10.7,10.7
2026-09-10,2349,10.5,1658457,10.5,10.5,10.5
2026-09-11,2349,10.3,1355048,10.3,10.3,10.3
2026-09-14,2349,10.2,1259919,10.2,10.2,10.2
2026-09-15,2349,10.1,1210342,10.1,10.1,10.1
2026-09-16,2349,10.2,1391804,10.2,10.2,10.2
2026-09-17,2349,10.4,1241917,10.4,10.4,10.4
2026-09-18,2349,10.35,1979036,10.35,10.35,10.35
2026-09-21,2349,10.4,1713124,10.4,10.4,10.4
2026-09-22,2349,10.35,1272538,10.35,10.35,10.35
2026-09-23,2349,10.35,1017506,10.35,10.35,10.35
2026-09-24,2349,10.35,941000,10.35,10.35,10.35
2026-09-29,2349,10.4,1158181,10.4,10.4,10.4
2026-09-30,2349,10.7,5431197,10.7,10.7,10.7
2026-10-01,2349,10.5,2276956,10.5,10.5,10.5
2026-10-02,2349,10.5,1128636,10.5,10.5,10.5
2026-10-05,2349,10.35,2015466,10.35,10.35,10.35
2026-09-07,2351,233.5,7241569,233.5,233.5,233.5
2026-09-08,2351,227.5,6840234,227.5,227.5,227.5
2026-09-09,2351,237.5,5065821,237.5,237.5,237.5
2026-09-10,2351,235.5,10269147,235.5,235.5,235.5
2026-09-11,2351,234.0,3662954,234.0,234.0,234.0
2026-09-14,2351,257.0,13791973,257.0,257.0,257.0
2026-09-15,2351,251.5,12699025,251.5,251.5,251.5
2026-09-16,2351,236.0,11722519,236.0,236.0,236.0
2026-09-17,2351,238.0,3806561,238.0,238.0,238.0
2026-09-18,2351,241.5,4374655,241.5,241.5,241.5
2026-09-21,2351,236.5,2557086,236.5,236.5,236.5
2026-09-22,2351,238.5,3789121,238.5,238.5,238.5
2026-09-23,2351,226.0,6000073,226.0,226.0,226.0
2026-09-24,2351,219.5,5399123,219.5,219.5,219.5
2026-09-29,2351,215.5,3820238,215.5,215.5,215.5
2026-09-30,2351,209.0,6834221,209.0,209.0,209.0
2026-10-01,2351,212.5,3449076,212.5,212.5,212.5
2026-10-02,2351,211.5,3165920,211.5,211.5,211.5
2026-10-05,2351,222.0,6037296,222.0,222.0,222.0
2026-09-07,2352,29.0,5778552,29.0,29.0,29.0
2026-09-08,2352,28.65,2485220,28.65,28.65,28.65
2026-09-09,2352,28.8,2385790,28.8,28.8,28.8
2026-09-10,2352,29.0,4113727,29.0,29.0,29.0
2026-09-11,2352,28.7,2516741,28.7,28.7,28.7
2026-09-14,2352,28.75,4629908,28.75,28.75,28.75
2026-09-15,2352,28.3,3647989,28.3,28.3,28.3
2026-09-16,2352,29.15,5900535,29.15,29.15,29.15
2026-09-17,2352,29.0,6215571,29.0,29.0,29.0
2026-09-18,2352,29.2,4537456,29.2,29.2,29.2
2026-09-21,2352,29.6,8883719,29.6,29.6,29.6
2026-09-22,2352,29.4,4168335,29.4,29.4,29.4
2026-09-23,2352,29.0,3002643,29.0,29.0,29.0
2026-09-24,2352,29.0,2247808,29.0,29.0,29.0
2026-09-29,2352,29.0,3583810,29.0,29.0,29.0
2026-09-30,2352,29.65,5731705,29.65,29.65,29.65
2026-10-01,2352,29.1,3305366,29.1,29.1,29.1
2026-10-02,2352,29.2,3067011,29.2,29.2,29.2
2026-10-05,2352,28.95,4972300,28.95,28.95,28.95
2026-09-07,2353,32.3,29046453,32.3,32.3,32.3
2026-09-08,2353,31.05,23191817,31.05,31.05,31.05
2026-09-09,2353,31.8,14459020,31.8,31.8,31.8
2026-09-10,2353,31.5,6824128,31.5,31.5,31.5
2026-09-11,2353,31.1,9509718,31.1,31.1,31.1
2026-09-14,2353,31.4,11658204,31.4,31.4,31.4
2026-09-15,2353,30.9,9020306,30.9,30.9,30.9
2026-09-16,2353,32.0,18042980,32.0,32.0,32.0
2026-09-17,2353,32.4,19345151,32.4,32.4,32.4
2026-09-18,2353,31.95,24075941,31.95,31.95,31.95
2026-09-21,2353,32.15,13720271,32.15,32.15,32.15
2026-09-22,2353,31.4,18207801,31.4,31.4,31.4
2026-09-23,2353,31.55,12083698,31.55,31.55,31.55
2026-09-24,2353,31.75,8866691,31.75,31.75,31.75
2026-09-29,2353,31.4,6310399,31.4,31.4,31.4
2026-09-30,2353,31.65,10089843,31.65,31.65,31.65
2026-10-01,2353,31.85,10102356,31.85,31.85,31.85
2026-10-02,2353,31.4,13319795,31.4,31.4,31.4
2026-10-05,2353,31.4,12041524,31.4,31.4,31.4
2026-09-07,2354,65.7,11567781,65.7,65.7,65.7
2026-09-08,2354,64.5,16276643,64.5,64.5,64.5
2026-09-09,2354,64.5,6918738,64.5,64.5,64.5
2026-09-10,2354,65.0,6839936,65.0,65.0,65.0
2026-09-11,2354,65.7,18151328,65.7,65.7,65.7
2026-09-14,2354,64.7,8630064,64.7,64.7,64.7
2026-09-15,2354,64.6,6936955,64.6,64.6,64.6
2026-09-16,2354,65.2,6149398,65.2,65.2,65.2
2026-09-17,2354,66.3,25062428,66.3,66.3,66.3
2026-09-18,2354,65.7,14437974,65.7,65.7,65.7
2026-09-21,2354,64.9,6500860,64.9,64.9,64.9
2026-09-22,2354,65.6,8906567,65.6,65.6,65.6
2026-09-23,2354,65.9,6468244,65.9,65.9,65.9
2026-09-24,2354,65.9,6193563,65.9,65.9,65.9
2026-09-29,2354,65.1,4886601,65.1,65.1,65.1
2026-09-30,2354,65.7,8525278,65.7,65.7,65.7
2026-10-01,2354,66.2,21963245,66.2,66.2,66.2
2026-10-02,2354,65.7,8981747,65.7,65.7,65.7
2026-10-05,2354,64.4,14939250,64.4,64.4,64.4
2026-09-07,2355,42.2,1259759,42.2,42.2,42.2
2026-09-08,2355,41.9,1267634,41.9,41.9,41.9
2026-09-09,2355,42.65,1381518,42.65,42.65,42.65
2026-09-10,2355,41.85,1154320,41.85,41.85,41.85
2026-09-11,2355,41.5,1370968,41.5,41.5,41.5
2026-09-14,2355,40.85,945997,40.85,40.85,40.85
2026-09-15,2355,40.4,1165926,40.4,40.4,40.4
2026-09-16,2355,40.7,1128035,40.7,40.7,40.7
2026-09-17,2355,41.1,2293520,41.1,41.1,41.1
2026-09-18,2355,41.0,1383545,41.0,41.0,41.0
2026-09-21,2355,41.3,1131618,41.3,41.3,41.3
2026-09-22,2355,41.5,1690137,41.5,41.5,41.5
2026-09-23,2355,41.6,1214244,41.6,41.6,41.6
2026-09-24,2355,41.7,1176852,41.7,41.7,41.7
2026-09-29,2355,41.6,1204852,41.6,41.6,41.6
2026-09-30,2355,41.8,1399726,41.8,41.8,41.8
2026-10-01,2355,41.3,1319934,41.3,41.3,41.3
2026-10-02,2355,43.3,4145813,43.3,43.3,43.3
2026-10-05,2355,44.65,6816305,44.65,44.65,44.65
2026-09-07,2356,66.1,24974529,66.1,66.1,66.1
2026-09-08,2356,64.0,36613724,64.0,64.0,64.0
2026-09-09,2356,64.3,15028143,64.3,64.3,64.3
2026-09-10,2356,62.6,15958979,62.6,62.6,62.6
2026-09-11,2356,62.0,9980073,62.0,62.0,62.0
2026-09-14,2356,61.7,8218311,61.7,61.7,61.7
2026-09-15,2356,60.5,9229037,60.5,60.5,60.5
2026-09-16,2356,61.7,8635681,61.7,61.7,61.7
2026-09-17,2356,61.5,7811109,61.5,61.5,61.5
2026-09-18,2356,61.7,22101084,61.7,61.7,61.7
2026-09-21,2356,61.8,6876074,61.8,61.8,61.8
2026-09-22,2356,61.2,8627488,61.2,61.2,61.2
2026-09-23,2356,61.0,14243662,61.0,61.0,61.0
2026-09-24,2356,59.9,10394874,59.9,59.9,59.9
2026-09-29,2356,59.2,9470802,59.2,59.2,59.2
2026-09-30,2356,59.5,11590267,59.5,59.5,59.5
2026-10-01,2356,59.7,8414140,59.7,59.7,59.7
2026-10-02,2356,59.0,11624754,59.0,59.0,59.0
2026-10-05,2356,58.3,15023218,58.3,58.3,58.3
2026-09-07,2357,999.0,5002793,999.0,999.0,999.0
2026-09-08,2357,968.0,4968506,968.0,968.0,968.0
2026-09-09,2357,979.0,1855419,979.0,979.0,979.0
2026-09-10,2357,989.0,2481872,989.0,989.0,989.0
2026-09-11,2357,924.0,5904124,924.0,924.0,924.0
2026-09-14,2357,934.0,2899208,934.0,934.0,934.0
2026-09-15,2357,928.0,2598522,928.0,928.0,928.0
2026-09-16,2357,939.0,2547613,939.0,939.0,939.0
2026-09-17,2357,948.0,3407956,948.0,948.0,948.0
2026-09-18,2357,960.0,4548145,960.0,960.0,960.0
2026-09-21,2357,946.0,2037308,946.0,946.0,946.0
2026-09-22,2357,953.0,1339183,953.0,953.0,953.0
2026-09-23,2357,958.0,1349204,958.0,958.0,958.0
2026-09-24,2357,953.0,1296816,953.0,953.0,953.0
2026-09-29,2357,963.0,2455352,963.0,963.0,963.0
2026-09-30,2357,961.0,2057274,961.0,961.0,961.0
2026-10-01,2357,965.0,1566104,965.0,965.0,965.0
2026-10-02,2357,962.0,1166554,962.0,962.0,962.0
2026-10-05,2357,995.0,2807714,995.0,995.0,995.0
2026-09-07,2359,142.0,2129495,142.0,142.0,142.0
2026-09-08,2359,135.5,4778130,135.5,135.5,135.5
2026-09-09,2359,133.5,3571073,133.5,133.5,133.5
2026-09-10,2359,130.0,2867695,130.0,130.0,130.0
2026-09-11,2359,128.0,2493198,128.0,128.0,128.0
2026-09-14,2359,126.5,1404871,126.5,126.5,126.5
2026-09-15,2359,125.0,2049232,125.0,125.0,125.0
2026-09-16,2359,129.5,1372642,129.5,129.5,129.5
2026-09-17,2359,131.0,3550735,131.0,131.0,131.0
2026-09-18,2359,130.0,3264025,130.0,130.0,130.0
2026-09-21,2359,132.0,1587213,132.0,132.0,132.0
2026-09-22,2359,130.0,2066213,130.0,130.0,130.0
2026-09-23,2359,128.0,1693806,128.0,128.0,128.0
2026-09-24,2359,127.5,878250,127.5,127.5,127.5
2026-09-29,2359,128.5,731248,128.5,128.5,128.5
2026-09-30,2359,128.5,1004251,128.5,128.5,128.5
2026-10-01,2359,128.0,889565,128.0,128.0,128.0
2026-10-02,2359,128.5,1036629,128.5,128.5,128.5
2026-10-05,2359,127.0,2334175,127.0,127.0,127.0
2026-09-07,2360,2230.0,1744981,2230.0,2230.0,2230.0
2026-09-08,2360,2265.0,4951555,2265.0,2265.0,2265.0
2026-09-09,2360,2335.0,4875142,2335.0,2335.0,2335.0
2026-09-10,2360,2180.0,2516953,2180.0,2180.0,2180.0
2026-09-11,2360,2160.0,2248955,2160.0,2160.0,2160.0
2026-09-14,2360,2140.0,1183735,2140.0,2140.0,2140.0
2026-09-15,2360,2080.0,985458,2080.0,2080.0,2080.0
2026-09-16,2360,2090.0,1119387,2090.0,2090.0,2090.0
2026-09-17,2360,2085.0,1269378,2085.0,2085.0,2085.0
2026-09-18,2360,2290.0,2681171,2290.0,2290.0,2290.0
2026-09-21,2360,2375.0,3796584,2375.0,2375.0,2375.0
2026-09-22,2360,2440.0,2946819,2440.0,2440.0,2440.0
2026-09-23,2360,2325.0,2628143,2325.0,2325.0,2325.0
2026-09-24,2360,2295.0,1992029,2295.0,2295.0,2295.0
2026-09-29,2360,2185.0,2434644,2185.0,2185.0,2185.0
2026-09-30,2360,2135.0,2716984,2135.0,2135.0,2135.0
2026-10-01,2360,2080.0,2619905,2080.0,2080.0,2080.0
2026-10-02,2360,2190.0,3514487,2190.0,2190.0,2190.0
2026-10-05,2360,2325.0,2976742,2325.0,2325.0,2325.0
2026-09-07,2362,47.95,1176387,47.95,47.95,47.95
2026-09-08,2362,47.55,784543,47.55,47.55,47.55
2026-09-09,2362,48.3,548092,48.3,48.3,48.3
2026-09-10,2362,47.6,416238,47.6,47.6,47.6
2026-09-11,2362,47.15,641879,47.15,47.15,47.15
2026-09-14,2362,46.65,546153,46.65,46.65,46.65
2026-09-15,2362,46.25,613204,46.25,46.25,46.25
2026-09-16,2362,47.0,358490,47.0,47.0,47.0
2026-09-17,2362,47.3,1275287,47.3,47.3,47.3
2026-09-18,2362,48.35,682664,48.35,48.35,48.35
2026-09-21,2362,48.25,279293,48.25,48.25,48.25
2026-09-22,2362,47.9,407063,47.9,47.9,47.9
2026-09-23,2362,47.75,249431,47.75,47.75,47.75
2026-09-24,2362,47.6,236155,47.6,47.6,47.6
2026-09-29,2362,46.7,544757,46.7,46.7,46.7
2026-09-30,2362,46.9,457594,46.9,46.9,46.9
2026-10-01,2362,46.6,479520,46.6,46.6,46.6
2026-10-02,2362,46.65,333270,46.65,46.65,46.65
2026-10-05,2362,46.25,629435,46.25,46.25,46.25
2026-09-07,2363,52.5,9168337,52.5,52.5,52.5
2026-09-08,2363,51.8,15792771,51.8,51.8,51.8
2026-09-09,2363,52.6,9273351,52.6,52.6,52.6
2026-09-10,2363,52.6,6439476,52.6,52.6,52.6
2026-09-11,2363,50.7,4409621,50.7,50.7,50.7
2026-09-14,2363,51.4,3662831,51.4,51.4,51.4
2026-09-15,2363,50.3,2106753,50.3,50.3,50.3
2026-09-16,2363,52.0,3055894,52.0,52.0,52.0
2026-09-17,2363,52.9,6735653,52.9,52.9,52.9
2026-09-18,2363,53.7,11333532,53.7,53.7,53.7
2026-09-21,2363,59.0,14131099,59.0,59.0,59.0
2026-09-22,2363,60.3,45225870,60.3,60.3,60.3
2026-09-23,2363,59.2,13048631,59.2,59.2,59.2
2026-09-24,2363,58.7,7602462,58.7,58.7,58.7
2026-09-29,2363,59.2,4883360,59.2,59.2,59.2
2026-09-30,2363,59.1,7012027,59.1,59.1,59.1
2026-10-01,2363,60.6,9203056,60.6,60.6,60.6
2026-10-02,2363,62.4,15579464,62.4,62.4,62.4
2026-10-05,2363,59.6,10146062,59.6,59.6,59.6
2026-09-07,2364,66.2,381124,66.2,66.2,66.2
2026-09-08,2364,65.7,206131,65.7,65.7,65.7
2026-09-09,2364,65.6,146441,65.6,65.6,65.6
2026-09-10,2364,63.3,535795,63.3,63.3,63.3
2026-09-11,2364,62.0,241398,62.0,62.0,62.0
2026-09-14,2364,64.6,299388,64.6,64.6,64.6
2026-09-15,2364,64.0,164571,64.0,64.0,64.0
2026-09-16,2364,64.0,106938,64.0,64.0,64.0
2026-09-17,2364,65.0,315177,65.0,65.0,65.0
2026-09-18,2364,64.6,165798,64.6,64.6,64.6
2026-09-21,2364,67.5,371238,67.5,67.5,67.5
2026-09-22,2364,67.5,359018,67.5,67.5,67.5
2026-09-23,2364,66.3,178345,66.3,66.3,66.3
2026-09-24,2364,65.7,87979,65.7,65.7,65.7
2026-09-29,2364,64.9,94006,64.9,64.9,64.9
2026-09-30,2364,65.0,74242,65.0,65.0,65.0
2026-10-01,2364,64.9,81552,64.9,64.9,64.9
2026-10-02,2364,65.5,130790,65.5,65.5,65.5
2026-10-05,2364,64.8,177005,64.8,64.8,64.8
2026-09-07,2365,28.65,788997,28.65,28.65,28.65
2026-09-08,2365,28.45,581252,28.45,28.45,28.45
2026-09-09,2365,28.55,396993,28.55,28.55,28.55
2026-09-10,2365,28.3,416887,28.3,28.3,28.3
2026-09-11,2365,28.05,448380,28.05,28.05,28.05
2026-09-14,2365,27.8,429993,27.8,27.8,27.8
2026-09-15,2365,27.1,781512,27.1,27.1,27.1
2026-09-16,2365,27.65,402273,27.65,27.65,27.65
2026-09-17,2365,27.9,909951,27.9,27.9,27.9
2026-09-18,2365,28.15,952791,28.15,28.15,28.15
2026-09-21,2365,29.2,966559,29.2,29.2,29.2
2026-09-22,2365,28.65,693529,28.65,28.65,28.65
2026-09-23,2365,28.45,355690,28.45,28.45,28.45
2026-09-24,2365,28.2,295591,28.2,28.2,28.2
2026-09-29,2365,28.1,572445,28.1,28.1,28.1
2026-09-30,2365,28.35,741030,28.35,28.35,28.35
2026-10-01,2365,28.2,666337,28.2,28.2,28.2
2026-10-02,2365,28.4,536724,28.4,28.4,28.4
2026-10-05,2365,28.0,1067201,28.0,28.0,28.0
2026-09-07,2367,42.4,3156776,42.4,42.4,42.4
2026-09-08,2367,41.5,2966685,41.5,41.5,41.5
2026-09-09,2367,42.2,3099873,42.2,42.2,42.2
2026-09-10,2367,41.15,2982109,41.15,41.15,41.15
2026-09-11,2367,40.7,2077151,40.7,40.7,40.7
2026-09-14,2367,39.9,2848739,39.9,39.9,39.9
2026-09-15,2367,39.55,2130451,39.55,39.55,39.55
2026-09-16,2367,39.8,2308835,39.8,39.8,39.8
2026-09-17,2367,40.65,5741233,40.65,40.65,40.65
2026-09-18,2367,40.75,3110152,40.75,40.75,40.75
2026-09-21,2367,41.8,3540050,41.8,41.8,41.8
2026-09-22,2367,41.95,4598038,41.95,41.95,41.95
2026-09-23,2367,41.7,2188341,41.7,41.7,41.7
2026-09-24,2367,41.7,1869210,41.7,41.7,41.7
2026-09-29,2367,42.25,2486323,42.25,42.25,42.25
2026-09-30,2367,43.55,4608523,43.55,43.55,43.55
2026-10-01,2367,43.35,3785466,43.35,43.35,43.35
2026-10-02,2367,45.15,7376988,45.15,45.15,45.15
2026-10-05,2367,49.65,31483475,49.65,49.65,49.65
2026-09-07,2368,1120.0,8130245,1120.0,1120.0,1120.0
2026-09-08,2368,1075.0,4987962,1075.0,1075.0,1075.0
2026-09-09,2368,1100.0,5814207,1100.0,1100.0,1100.0
2026-09-10,2368,1045.0,4431064,1045.0,1045.0,1045.0
2026-09-11,2368,1030.0,4402634,1030.0,1030.0,1030.0
2026-09-14,2368,1020.0,4733419,1020.0,1020.0,1020.0
2026-09-15,2368,972.0,6666940,972.0,972.0,972.0
2026-09-16,2368,992.0,5363645,992.0,992.0,992.0
2026-09-17,2368,950.0,13646634,950.0,950.0,950.0
2026-09-18,2368,1020.0,11142009,1020.0,1020.0,1020.0
2026-09-21,2368,1045.0,7314499,1045.0,1045.0,1045.0
2026-09-22,2368,1040.0,8317821,1040.0,1040.0,1040.0
2026-09-23,2368,1140.0,14173667,1140.0,1140.0,1140.0
2026-09-24,2368,1105.0,15757587,1105.0,1105.0,1105.0
2026-09-29,2368,1120.0,8818025,1120.0,1120.0,1120.0
2026-09-30,2368,1120.0,19360258,1120.0,1120.0,1120.0
2026-10-01,2368,1095.0,9076956,1095.0,1095.0,1095.0
2026-10-02,2368,1105.0,7170519,1105.0,1105.0,1105.0
2026-10-05,2368,1215.0,7237447,1215.0,1215.0,1215.0
2026-09-07,2369,30.95,3238010,30.95,30.95,30.95
2026-09-08,2369,30.2,4146317,30.2,30.2,30.2
2026-09-09,2369,30.3,3213672,30.3,30.3,30.3
2026-09-10,2369,30.0,3350233,30.0,30.0,30.0
2026-09-11,2369,29.5,2514939,29.5,29.5,29.5
2026-09-14,2369,29.2,2074841,29.2,29.2,29.2
2026-09-15,2369,28.85,1907224,28.85,28.85,28.85
2026-09-16,2369,29.45,1975232,29.45,29.45,29.45
2026-09-17,2369,30.3,8084381,30.3,30.3,30.3
2026-09-18,2369,31.0,11717957,31.0,31.0,31.0
2026-09-21,2369,32.25,22679351,32.25,32.25,32.25
2026-09-22,2369,31.35,8673963,31.35,31.35,31.35
2026-09-23,2369,31.65,9660088,31.65,31.65,31.65
2026-09-24,2369,31.25,3015587,31.25,31.25,31.25
2026-09-29,2369,31.6,4196281,31.6,31.6,31.6
2026-09-30,2369,32.15,5052431,32.15,32.15,32.15
2026-10-01,2369,31.75,3071153,31.75,31.75,31.75
2026-10-02,2369,31.95,3431170,31.95,31.95,31.95
2026-10-05,2369,31.6,4075640,31.6,31.6,31.6
2026-09-07,2371,28.15,5199594,28.15,28.15,28.15
2026-09-08,2371,27.8,3759948,27.8,27.8,27.8
2026-09-09,2371,28.05,3358862,28.05,28.05,28.05
2026-09-10,2371,27.85,2779360,27.85,27.85,27.85
2026-09-11,2371,27.45,4457513,27.45,27.45,27.45
2026-09-14,2371,27.65,8675389,27.65,27.65,27.65
2026-09-15,2371,28.1,7713128,28.1,28.1,28.1
2026-09-16,2371,28.25,5338154,28.25,28.25,28.25
2026-09-17,2371,29.7,31989217,29.7,29.7,29.7
2026-09-18,2371,29.2,22977802,29.2,29.2,29.2
2026-09-21,2371,30.0,21014487,30.0,30.0,30.0
2026-09-22,2371,29.45,10913053,29.45,29.45,29.45
2026-09-23,2371,29.0,9455724,29.0,29.0,29.0
2026-09-24,2371,28.85,7247738,28.85,28.85,28.85
2026-09-29,2371,29.35,9023803,29.35,29.35,29.35
2026-09-30,2371,30.45,25702091,30.45,30.45,30.45
2026-10-01,2371,30.5,33538127,30.5,30.5,30.5
2026-10-02,2371,31.1,18900562,31.1,31.1,31.1
2026-10-05,2371,30.15,18642408,30.15,30.15,30.15
2026-09-07,2373,53.8,51086,53.8,53.8,53.8
2026-09-08,2373,53.4,23076,53.4,53.4,53.4
2026-09-09,2373,53.2,14338,53.2,53.2,53.2
2026-09-10,2373,53.1,18140,53.1,53.1,53.1
2026-09-11,2373,52.9,21731,52.9,52.9,52.9
2026-09-14,2373,52.9,25324,52.9,52.9,52.9
2026-09-15,2373,52.5,39389,52.5,52.5,52.5
2026-09-16,2373,52.7,12054,52.7,52.7,52.7
2026-09-17,2373,52.8,43341,52.8,52.8,52.8
2026-09-18,2373,53.1,25342,53.1,53.1,53.1
2026-09-21,2373,53.1,21013,53.1,53.1,53.1
2026-09-22,2373,53.1,16414,53.1,53.1,53.1
2026-09-23,2373,53.1,9377,53.1,53.1,53.1
2026-09-24,2373,52.8,4080,52.8,52.8,52.8
2026-09-29,2373,52.5,27189,52.5,52.5,52.5
2026-09-30,2373,52.9,26281,52.9,52.9,52.9
2026-10-01,2373,53.0,12490,53.0,53.0,53.0
2026-10-02,2373,52.4,35662,52.4,52.4,52.4
2026-10-05,2373,52.5,22288,52.5,52.5,52.5
2026-09-07,2374,67.5,1894942,67.5,67.5,67.5
2026-09-08,2374,67.4,4149447,67.4,67.4,67.4
2026-09-09,2374,67.7,1914505,67.7,67.7,67.7
2026-09-10,2374,67.3,1450803,67.3,67.3,67.3
2026-09-11,2374,67.3,1827659,67.3,67.3,67.3
2026-09-14,2374,66.6,1434174,66.6,66.6,66.6
2026-09-15,2374,65.7,1326411,65.7,65.7,65.7
2026-09-16,2374,66.7,2119041,66.7,66.7,66.7
2026-09-17,2374,66.8,1895364,66.8,66.8,66.8
2026-09-18,2374,67.5,2134134,67.5,67.5,67.5
2026-09-21,2374,67.3,1469145,67.3,67.3,67.3
2026-09-22,2374,66.5,2016256,66.5,66.5,66.5
2026-09-23,2374,66.1,1403987,66.1,66.1,66.1
2026-09-24,2374,66.3,953374,66.3,66.3,66.3
2026-09-29,2374,66.2,1129796,66.2,66.2,66.2
2026-09-30,2374,67.2,1452171,67.2,67.2,67.2
2026-10-01,2374,66.7,1221265,66.7,66.7,66.7
2026-10-02,2374,67.1,1054100,67.1,67.1,67.1
2026-10-05,2374,66.5,1735142,66.5,66.5,66.5
2026-09-07,2375,127.0,4885326,127.0,127.0,127.0
2026-09-08,2375,123.0,2195567,123.0,123.0,123.0
2026-09-09,2375,123.0,1955136,123.0,123.0,123.0
2026-09-10,2375,122.0,2563160,122.0,122.0,122.0
2026-09-11,2375,118.5,2981405,118.5,118.5,118.5
2026-09-14,2375,119.5,1883815,119.5,119.5,119.5
2026-09-15,2375,117.5,1600067,117.5,117.5,117.5
2026-09-16,2375,120.5,1325231,120.5,120.5,120.5
2026-09-17,2375,117.5,1988463,117.5,117.5,117.5
2026-09-18,2375,119.5,1337451,119.5,119.5,119.5
2026-09-21,2375,118.5,2369137,118.5,118.5,118.5
2026-09-22,2375,118.5,1962353,118.5,118.5,118.5
2026-09-23,2375,118.0,2084692,118.0,118.0,118.0
2026-09-24,2375,117.5,1160416,117.5,117.5,117.5
2026-09-29,2375,117.5,943463,117.5,117.5,117.5
2026-09-30,2375,118.0,1118973,118.0,118.0,118.0
2026-10-01,2375,124.5,8440304,124.5,124.5,124.5
2026-10-02,2375,126.0,5894540,126.0,126.0,126.0
2026-10-05,2375,126.0,3717848,126.0,126.0,126.0
2026-09-07,2376,364.5,5309018,364.5,364.5,364.5
2026-09-08,2376,357.0,6385642,357.0,357.0,357.0
2026-09-09,2376,349.5,4694218,349.5,349.5,349.5
2026-09-10,2376,351.5,5228028,351.5,351.5,351.5
2026-09-11,2376,349.0,3432007,349.0,349.0,349.0
2026-09-14,2376,344.0,2974248,344.0,344.0,344.0
2026-09-15,2376,343.0,2237694,343.0,343.0,343.0
2026-09-16,2376,350.0,4050554,350.0,350.0,350.0
2026-09-17,2376,355.0,4850854,355.0,355.0,355.0
2026-09-18,2376,356.0,6645773,356.0,356.0,356.0
2026-09-21,2376,368.0,11634817,368.0,368.0,368.0
2026-09-22,2376,366.5,6797095,366.5,366.5,366.5
2026-09-23,2376,365.0,3929451,365.0,365.0,365.0
2026-09-24,2376,361.5,3778913,361.5,361.5,361.5
2026-09-29,2376,362.0,8243400,362.0,362.0,362.0
2026-09-30,2376,358.5,4868638,358.5,358.5,358.5
2026-10-01,2376,368.5,4284244,368.5,368.5,368.5
2026-10-02,2376,373.5,9164965,373.5,373.5,373.5
2026-10-05,2376,388.5,11355878,388.5,388.5,388.5
2026-09-07,2377,158.5,14300757,158.5,158.5,158.5
2026-09-08,2377,152.5,9119002,152.5,152.5,152.5
2026-09-09,2377,156.5,9979063,156.5,156.5,156.5
2026-09-10,2377,149.0,14870048,149.0,149.0,149.0
2026-09-11,2377,149.0,8830213,149.0,149.0,149.0
2026-09-14,2377,150.5,7169742,150.5,150.5,150.5
2026-09-15,2377,148.0,3410222,148.0,148.0,148.0
2026-09-16,2377,153.5,6238224,153.5,153.5,153.5
2026-09-17,2377,153.0,6751254,153.0,153.0,153.0
2026-09-18,2377,155.0,7158499,155.0,155.0,155.0
2026-09-21,2377,153.0,5796230,153.0,153.0,153.0
2026-09-22,2377,153.5,4830764,153.5,153.5,153.5
2026-09-23,2377,151.0,6135394,151.0,151.0,151.0
2026-09-24,2377,151.5,2626362,151.5,151.5,151.5
2026-09-29,2377,151.0,2346623,151.0,151.0,151.0
2026-09-30,2377,151.0,3325440,151.0,151.0,151.0
2026-10-01,2377,152.5,3015613,152.5,152.5,152.5
2026-10-02,2377,155.0,4570302,155.0,155.0,155.0
2026-10-05,2377,155.0,7044488,155.0,155.0,155.0
2026-09-07,2379,729.0,2781018,729.0,729.0,729.0
2026-09-08,2379,692.0,4835169,692.0,692.0,692.0
2026-09-09,2379,705.0,3051594,705.0,705.0,705.0
2026-09-10,2379,696.0,2830332,696.0,696.0,696.0
2026-09-11,2379,704.0,1978660,704.0,704.0,704.0
2026-09-14,2379,713.0,2719038,713.0,713.0,713.0
2026-09-15,2379,703.0,1859893,703.0,703.0,703.0
2026-09-16,2379,720.0,2540007,720.0,720.0,720.0
2026-09-17,2379,715.0,3100032,715.0,715.0,715.0
2026-09-18,2379,727.0,2568530,727.0,727.0,727.0
2026-09-21,2379,740.0,2964925,740.0,740.0,740.0
2026-09-22,2379,755.0,3730412,755.0,755.0,755.0
2026-09-23,2379,761.0,4887225,761.0,761.0,761.0
2026-09-24,2379,749.0,2829985,749.0,749.0,749.0
2026-09-29,2379,760.0,3051454,760.0,760.0,760.0
2026-09-30,2379,760.0,2067727,760.0,760.0,760.0
2026-10-01,2379,762.0,3150180,762.0,762.0,762.0
2026-10-02,2379,754.0,1632949,754.0,754.0,754.0
2026-10-05,2379,755.0,2088058,755.0,755.0,755.0
2026-09-07,2380,18.3,160775,18.3,18.3,18.3
2026-09-08,2380,17.7,225463,17.7,17.7,17.7
2026-09-09,2380,17.65,48527,17.65,17.65,17.65
2026-09-10,2380,17.1,81399,17.1,17.1,17.1
2026-09-11,2380,16.9,165483,16.9,16.9,16.9
2026-09-14,2380,17.0,111105,17.0,17.0,17.0
2026-09-15,2380,16.8,37785,16.8,16.8,16.8
2026-09-16,2380,16.8,106155,16.8,16.8,16.8
2026-09-17,2380,16.5,410706,16.5,16.5,16.5
2026-09-18,2380,17.3,160793,17.3,17.3,17.3
2026-09-21,2380,16.5,123846,16.5,16.5,16.5
2026-09-22,2380,16.5,91768,16.5,16.5,16.5
2026-09-23,2380,16.7,38957,16.7,16.7,16.7
2026-09-24,2380,16.8,21860,16.8,16.8,16.8
2026-09-29,2380,16.55,53213,16.55,16.55,16.55
2026-09-30,2380,17.0,84939,17.0,17.0,17.0
2026-10-01,2380,17.0,41137,17.0,17.0,17.0
2026-10-02,2380,16.85,62036,16.85,16.85,16.85
2026-10-05,2380,16.6,51667,16.6,16.6,16.6
2026-09-07,2382,347.5,13614465,347.5,347.5,347.5
2026-09-08,2382,328.0,35435507,328.0,328.0,328.0
2026-09-09,2382,342.0,26249566,342.0,342.0,342.0
2026-09-10,2382,336.0,13496818,336.0,336.0,336.0
2026-09-11,2382,336.5,11011208,336.5,336.5,336.5
2026-09-14,2382,332.5,8031414,332.5,332.5,332.5
2026-09-15,2382,333.0,7988351,333.0,333.0,333.0
2026-09-16,2382,340.5,16995268,340.5,340.5,340.5
2026-09-17,2382,344.0,16289321,344.0,344.0,344.0
2026-09-18,2382,343.0,21601445,343.0,343.0,343.0
2026-09-21,2382,344.5,8285050,344.5,344.5,344.5
2026-09-22,2382,342.0,11292711,342.0,342.0,342.0
2026-09-23,2382,341.5,9982467,341.5,341.5,341.5
2026-09-24,2382,338.5,10593247,338.5,338.5,338.5
2026-09-29,2382,336.5,10639698,336.5,336.5,336.5
2026-09-30,2382,333.5,12063193,333.5,333.5,333.5
2026-10-01,2382,334.0,14875737,334.0,334.0,334.0
2026-10-02,2382,332.0,10305780,332.0,332.0,332.0
2026-10-05,2382,331.0,14036243,331.0,331.0,331.0
2026-09-07,2383,5495.0,1515921,5495.0,5495.0,5495.0
2026-09-08,2383,5340.0,1474956,5340.0,5340.0,5340.0
2026-09-09,2383,5375.0,1752002,5375.0,5375.0,5375.0
2026-09-10,2383,5375.0,1367538,5375.0,5375.0,5375.0
2026-09-11,2383,5365.0,1100726,5365.0,5365.0,5365.0
2026-09-14,2383,5345.0,1226363,5345.0,5345.0,5345.0
2026-09-15,2383,5115.0,1525730,5115.0,5115.0,5115.0
2026-09-16,2383,5085.0,1686031,5085.0,5085.0,5085.0
2026-09-17,2383,4695.0,5813349,4695.0,4695.0,4695.0
2026-09-18,2383,4890.0,3783127,4890.0,4890.0,4890.0
2026-09-21,2383,4895.0,2394262,4895.0,4895.0,4895.0
2026-09-22,2383,4860.0,2101406,4860.0,4860.0,4860.0
2026-09-23,2383,5020.0,2450930,5020.0,5020.0,5020.0
2026-09-24,2383,5050.0,2346653,5050.0,5050.0,5050.0
2026-09-29,2383,4920.0,2146878,4920.0,4920.0,4920.0
2026-09-30,2383,4935.0,1549084,4935.0,4935.0,4935.0
2026-10-01,2383,4975.0,1363430,4975.0,4975.0,4975.0
2026-10-02,2383,5185.0,2397410,5185.0,5185.0,5185.0
2026-10-05,2383,5700.0,1316051,5700.0,5700.0,5700.0
2026-09-07,2385,110.5,2873493,110.5,110.5,110.5
2026-09-08,2385,105.5,5370064,105.5,105.5,105.5
2026-09-09,2385,106.5,2563442,106.5,106.5,106.5
2026-09-10,2385,103.5,2998204,103.5,103.5,103.5
2026-09-11,2385,105.0,1802172,105.0,105.0,105.0
2026-09-14,2385,105.5,1337247,105.5,105.5,105.5
2026-09-15,2385,105.5,1455229,105.5,105.5,105.5
2026-09-16,2385,105.5,2414053,105.5,105.5,105.5
2026-09-17,2385,105.5,2372980,105.5,105.5,105.5
2026-09-18,2385,106.0,6299012,106.0,106.0,106.0
2026-09-21,2385,105.5,1252368,105.5,105.5,105.5
2026-09-22,2385,104.0,2196662,104.0,104.0,104.0
2026-09-23,2385,104.0,1863148,104.0,104.0,104.0
2026-09-24,2385,104.5,1411766,104.5,104.5,104.5
2026-09-29,2385,104.5,2244933,104.5,104.5,104.5
2026-09-30,2385,104.5,2617470,104.5,104.5,104.5
2026-10-01,2385,105.5,1776109,105.5,105.5,105.5
2026-10-02,2385,104.5,1804741,104.5,104.5,104.5
2026-10-05,2385,105.0,4126425,105.0,105.0,105.0
2026-09-07,2387,36.2,327098,36.2,36.2,36.2
2026-09-08,2387,36.25,236438,36.25,36.25,36.25
2026-09-09,2387,36.7,265003,36.7,36.7,36.7
2026-09-10,2387,36.7,140519,36.7,36.7,36.7
2026-09-11,2387,36.35,209808,36.35,36.35,36.35
2026-09-14,2387,36.1,122570,36.1,36.1,36.1
2026-09-15,2387,36.1,121236,36.1,36.1,36.1
2026-09-16,2387,36.35,134450,36.35,36.35,36.35
2026-09-17,2387,36.35,167575,36.35,36.35,36.35
2026-09-18,2387,36.85,253185,36.85,36.85,36.85
2026-09-21,2387,37.05,208476,37.05,37.05,37.05
2026-09-22,2387,37.4,264445,37.4,37.4,37.4
2026-09-23,2387,37.0,247210,37.0,37.0,37.0
2026-09-24,2387,36.65,104425,36.65,36.65,36.65
2026-09-29,2387,36.25,164403,36.25,36.25,36.25
2026-09-30,2387,36.45,178317,36.45,36.45,36.45
2026-10-01,2387,36.55,142099,36.55,36.55,36.55
2026-10-02,2387,36.5,371925,36.5,36.5,36.5
2026-10-05,2387,36.15,303009,36.15,36.15,36.15
2026-09-07,2388,77.7,8928166,77.7,77.7,77.7
2026-09-08,2388,76.1,8501828,76.1,76.1,76.1
2026-09-09,2388,77.9,3223793,77.9,77.9,77.9
2026-09-10,2388,77.7,1974089,77.7,77.7,77.7
2026-09-11,2388,75.2,2593225,75.2,75.2,75.2
2026-09-14,2388,72.3,2929348,72.3,72.3,72.3
2026-09-15,2388,69.4,3721940,69.4,69.4,69.4
2026-09-16,2388,71.3,2250709,71.3,71.3,71.3
2026-09-17,2388,69.7,4760943,69.7,69.7,69.7
2026-09-18,2388,69.9,2818265,69.9,69.9,69.9
2026-09-21,2388,69.7,2376608,69.7,69.7,69.7
2026-09-22,2388,70.9,4635969,70.9,70.9,70.9
2026-09-23,2388,70.8,5920538,70.8,70.8,70.8
2026-09-24,2388,70.1,2490248,70.1,70.1,70.1
2026-09-29,2388,71.2,2745942,71.2,71.2,71.2
2026-09-30,2388,73.0,2586687,73.0,73.0,73.0
2026-10-01,2388,73.3,3772346,73.3,73.3,73.3
2026-10-02,2388,73.2,1856104,73.2,73.2,73.2
2026-10-05,2388,71.8,2743696,71.8,71.8,71.8
2026-09-07,2390,10.05,548616,10.05,10.05,10.05
2026-09-08,2390,10.05,346689,10.05,10.05,10.05
2026-09-09,2390,10.1,371602,10.1,10.1,10.1
2026-09-10,2390,10.0,565847,10.0,10.0,10.0
2026-09-11,2390,10.0,801841,10.0,10.0,10.0
2026-09-14,2390,9.95,613149,9.95,9.95,9.95
2026-09-15,2390,9.94,239914,9.94,9.94,9.94
2026-09-16,2390,9.99,299844,9.99,9.99,9.99
2026-09-17,2390,10.25,771990,10.25,10.25,10.25
2026-09-18,2390,10.2,245092,10.2,10.2,10.2
2026-09-21,2390,10.25,339673,10.25,10.25,10.25
2026-09-22,2390,10.15,266467,10.15,10.15,10.15
2026-09-23,2390,10.15,207215,10.15,10.15,10.15
2026-09-24,2390,10.1,91320,10.1,10.1,10.1
2026-09-29,2390,10.2,264078,10.2,10.2,10.2
2026-09-30,2390,10.3,296395,10.3,10.3,10.3
2026-10-01,2390,10.15,247599,10.15,10.15,10.15
2026-10-02,2390,10.15,288005,10.15,10.15,10.15
2026-10-05,2390,10.05,500084,10.05,10.05,10.05
2026-09-07,2392,44.35,3278504,44.35,44.35,44.35
2026-09-08,2392,42.8,3507000,42.8,42.8,42.8
2026-09-09,2392,42.8,1690380,42.8,42.8,42.8
2026-09-10,2392,43.4,1572885,43.4,43.4,43.4
2026-09-11,2392,42.3,2532212,42.3,42.3,42.3
2026-09-14,2392,41.5,1985279,41.5,41.5,41.5
2026-09-15,2392,41.1,1985053,41.1,41.1,41.1
2026-09-16,2392,41.95,1933367,41.95,41.95,41.95
2026-09-17,2392,42.1,1560844,42.1,42.1,42.1
2026-09-18,2392,41.95,1624174,41.95,41.95,41.95
2026-09-21,2392,44.55,5140025,44.55,44.55,44.55
2026-09-22,2392,43.45,4808572,43.45,43.45,43.45
2026-09-23,2392,42.15,2255184,42.15,42.15,42.15
2026-09-24,2392,41.85,1407640,41.85,41.85,41.85
2026-09-29,2392,40.85,2296930,40.85,40.85,40.85
2026-09-30,2392,41.6,2838358,41.6,41.6,41.6
2026-10-01,2392,41.6,893005,41.6,41.6,41.6
2026-10-02,2392,41.4,751476,41.4,41.4,41.4
2026-10-05,2392,41.55,2111669,41.55,41.55,41.55
2026-09-07,2393,63.5,1601153,63.5,63.5,63.5
2026-09-08,2393,62.6,1115350,62.6,62.6,62.6
2026-09-09,2393,62.7,1198834,62.7,62.7,62.7
2026-09-10,2393,61.8,1072360,61.8,61.8,61.8
2026-09-11,2393,62.1,833766,62.1,62.1,62.1
2026-09-14,2393,62.5,877525,62.5,62.5,62.5
2026-09-15,2393,61.7,516010,61.7,61.7,61.7
2026-09-16,2393,63.1,1856784,63.1,63.1,63.1
2026-09-17,2393,63.2,1435863,63.2,63.2,63.2
2026-09-18,2393,64.4,2793120,64.4,64.4,64.4
2026-09-21,2393,64.2,747378,64.2,64.2,64.2
2026-09-22,2393,63.6,1412826,63.6,63.6,63.6
2026-09-23,2393,62.2,1595122,62.2,62.2,62.2
2026-09-24,2393,63.4,1785998,63.4,63.4,63.4
2026-09-29,2393,63.6,1548656,63.6,63.6,63.6
2026-09-30,2393,64.5,1624941,64.5,64.5,64.5
2026-10-01,2393,64.5,1196217,64.5,64.5,64.5
2026-10-02,2393,65.4,2465307,65.4,65.4,65.4
2026-10-05,2393,67.0,3705329,67.0,67.0,67.0
2026-09-07,2395,680.0,3571608,680.0,680.0,680.0
2026-09-08,2395,657.0,4049282,657.0,657.0,657.0
2026-09-09,2395,653.0,2357531,653.0,653.0,653.0
2026-09-10,2395,659.0,1508918,659.0,659.0,659.0
2026-09-11,2395,674.0,4777433,674.0,674.0,674.0
2026-09-14,2395,670.0,2641185,670.0,670.0,670.0
2026-09-15,2395,685.0,3502426,685.0,685.0,685.0
2026-09-16,2395,695.0,2260135,695.0,695.0,695.0
2026-09-17,2395,686.0,3120413,686.0,686.0,686.0
2026-09-18,2395,690.0,3490854,690.0,690.0,690.0
2026-09-21,2395,706.0,2085226,706.0,706.0,706.0
2026-09-22,2395,703.0,1756338,703.0,703.0,703.0
2026-09-23,2395,701.0,1934433,701.0,701.0,701.0
2026-09-24,2395,722.0,2762561,722.0,722.0,722.0
2026-09-29,2395,730.0,3797824,730.0,730.0,730.0
2026-09-30,2395,726.0,2193924,726.0,726.0,726.0
2026-10-01,2395,723.0,1657283,723.0,723.0,723.0
2026-10-02,2395,716.0,2331301,716.0,716.0,716.0
2026-10-05,2395,740.0,2579224,740.0,740.0,740.0
2026-09-07,2397,61.9,225082,61.9,61.9,61.9
2026-09-08,2397,59.8,440127,59.8,59.8,59.8
2026-09-09,2397,59.9,306684,59.9,59.9,59.9
2026-09-10,2397,59.8,164061,59.8,59.8,59.8
2026-09-11,2397,59.8,255543,59.8,59.8,59.8
2026-09-14,2397,59.7,100900,59.7,59.7,59.7
2026-09-15,2397,59.0,136367,59.0,59.0,59.0
2026-09-16,2397,59.0,101389,59.0,59.0,59.0
2026-09-17,2397,59.9,386125,59.9,59.9,59.9
2026-09-18,2397,61.4,228084,61.4,61.4,61.4
2026-09-21,2397,61.8,170106,61.8,61.8,61.8
2026-09-22,2397,62.5,280755,62.5,62.5,62.5
2026-09-23,2397,62.1,102718,62.1,62.1,62.1
2026-09-24,2397,62.2,100308,62.2,62.2,62.2
2026-09-29,2397,63.0,205189,63.0,63.0,63.0
2026-09-30,2397,63.0,104686,63.0,63.0,63.0
2026-10-01,2397,63.1,77471,63.1,63.1,63.1
2026-10-02,2397,63.6,200092,63.6,63.6,63.6
2026-10-05,2397,64.4,548548,64.4,64.4,64.4
2026-09-07,2399,46.8,7405380,46.8,46.8,46.8
2026-09-08,2399,45.65,3464596,45.65,45.65,45.65
2026-09-09,2399,45.8,1794361,45.8,45.8,45.8
2026-09-10,2399,45.35,1440253,45.35,45.35,45.35
2026-09-11,2399,45.5,2215732,45.5,45.5,45.5
2026-09-14,2399,44.9,1673585,44.9,44.9,44.9
2026-09-15,2399,46.0,4643801,46.0,46.0,46.0
2026-09-16,2399,47.3,5827804,47.3,47.3,47.3
2026-09-17,2399,49.0,18069855,49.0,49.0,49.0
2026-09-18,2399,48.45,7612044,48.45,48.45,48.45
2026-09-21,2399,49.45,11211179,49.45,49.45,49.45
2026-09-22,2399,47.5,8029229,47.5,47.5,47.5
2026-09-23,2399,47.1,2273475,47.1,47.1,47.1
2026-09-24,2399,47.3,1726908,47.3,47.3,47.3
2026-09-29,2399,49.2,9457571,49.2,49.2,49.2
2026-09-30,2399,48.95,4266570,48.95,48.95,48.95
2026-10-01,2399,51.3,18929412,51.3,51.3,51.3
2026-10-02,2399,51.2,8735540,51.2,51.2,51.2
2026-10-05,2399,48.6,9795241,48.6,48.6,48.6
2026-09-07,2401,25.55,1719854,25.55,25.55,25.55
2026-09-08,2401,24.85,2278556,24.85,24.85,24.85
2026-09-09,2401,25.15,1341911,25.15,25.15,25.15
2026-09-10,2401,24.9,1413438,24.9,24.9,24.9
2026-09-11,2401,24.1,2658941,24.1,24.1,24.1
2026-09-14,2401,24.25,1546162,24.25,24.25,24.25
2026-09-15,2401,23.75,1721054,23.75,23.75,23.75
2026-09-16,2401,24.4,1394388,24.4,24.4,24.4
2026-09-17,2401,24.75,2242550,24.75,24.75,24.75
2026-09-18,2401,25.45,3184304,25.45,25.45,25.45
2026-09-21,2401,26.25,4848287,26.25,26.25,26.25
2026-09-22,2401,25.75,3057885,25.75,25.75,25.75
2026-09-23,2401,25.7,1861501,25.7,25.7,25.7
2026-09-24,2401,25.55,1298421,25.55,25.55,25.55
2026-09-29,2401,26.05,2382079,26.05,26.05,26.05
2026-09-30,2401,26.75,4146961,26.75,26.75,26.75
2026-10-01,2401,26.85,6341638,26.85,26.85,26.85
2026-10-02,2401,27.3,5358097,27.3,27.3,27.3
2026-10-05,2401,26.65,6369118,26.65,26.65,26.65
2026-09-07,2402,56.1,1311538,56.1,56.1,56.1
2026-09-08,2402,54.6,1590173,54.6,54.6,54.6
2026-09-09,2402,54.6,1068658,54.6,54.6,54.6
2026-09-10,2402,54.2,796849,54.2,54.2,54.2
2026-09-11,2402,54.0,1034429,54.0,54.0,54.0
2026-09-14,2402,54.4,756777,54.4,54.4,54.4
2026-09-15,2402,53.4,1091415,53.4,53.4,53.4
2026-09-16,2402,54.5,592487,54.5,54.5,54.5
2026-09-17,2402,54.3,815040,54.3,54.3,54.3
2026-09-18,2402,54.1,796270,54.1,54.1,54.1
2026-09-21,2402,54.0,758230,54.0,54.0,54.0
2026-09-22,2402,54.1,960980,54.1,54.1,54.1
2026-09-23,2402,53.6,745947,53.6,53.6,53.6
2026-09-24,2402,54.8,860023,54.8,54.8,54.8
2026-09-29,2402,56.9,2274646,56.9,56.9,56.9
2026-09-30,2402,58.5,3323935,58.5,58.5,58.5
2026-10-01,2402,57.2,1592787,57.2,57.2,57.2
2026-10-02,2402,59.1,2669039,59.1,59.1,59.1
2026-10-05,2402,59.0,2105761,59.0,59.0,59.0
2026-09-07,2404,1080.0,951408,1080.0,1080.0,1080.0
2026-09-08,2404,1055.0,651640,1055.0,1055.0,1055.0
2026-09-09,2404,1065.0,1187583,1065.0,1065.0,1065.0
2026-09-10,2404,1060.0,674867,1060.0,1060.0,1060.0
2026-09-11,2404,1005.0,1637345,1005.0,1005.0,1005.0
2026-09-14,2404,1015.0,976489,1015.0,1015.0,1015.0
2026-09-15,2404,1035.0,965057,1035.0,1035.0,1035.0
2026-09-16,2404,1035.0,746369,1035.0,1035.0,1035.0
2026-09-17,2404,1030.0,636296,1030.0,1030.0,1030.0
2026-09-18,2404,1125.0,3305776,1125.0,1125.0,1125.0
2026-09-21,2404,1130.0,2092541,1130.0,1130.0,1130.0
2026-09-22,2404,1140.0,1655529,1140.0,1140.0,1140.0
2026-09-23,2404,1250.0,5162606,1250.0,1250.0,1250.0
2026-09-24,2404,1285.0,2827024,1285.0,1285.0,1285.0
2026-09-29,2404,1220.0,3026743,1220.0,1220.0,1220.0
2026-09-30,2404,1290.0,3585103,1290.0,1290.0,1290.0
2026-10-01,2404,1305.0,1828034,1305.0,1305.0,1305.0
2026-10-02,2404,1285.0,2191273,1285.0,1285.0,1285.0
2026-10-05,2404,1310.0,1938856,1310.0,1310.0,1310.0
2026-09-07,2405,15.05,1064013,15.05,15.05,15.05
2026-09-08,2405,14.9,568800,14.9,14.9,14.9
2026-09-09,2405,15.0,811272,15.0,15.0,15.0
2026-09-10,2405,14.75,1244606,14.75,14.75,14.75
2026-09-11,2405,14.65,991005,14.65,14.65,14.65
2026-09-14,2405,14.7,488360,14.7,14.7,14.7
2026-09-15,2405,14.65,497201,14.65,14.65,14.65
2026-09-16,2405,14.75,487701,14.75,14.75,14.75
2026-09-17,2405,14.9,1083829,14.9,14.9,14.9
2026-09-18,2405,15.2,1086363,15.2,15.2,15.2
2026-09-21,2405,15.2,788492,15.2,15.2,15.2
2026-09-22,2405,15.05,1226085,15.05,15.05,15.05
2026-09-23,2405,15.0,953506,15.0,15.0,15.0
2026-09-24,2405,15.05,637095,15.05,15.05,15.05
2026-09-29,2405,15.15,728911,15.15,15.15,15.15
2026-09-30,2405,15.25,1249040,15.25,15.25,15.25
2026-10-01,2405,15.3,1893686,15.3,15.3,15.3
2026-10-02,2405,15.35,597635,15.35,15.35,15.35
2026-10-05,2405,15.15,1245035,15.15,15.15,15.15
2026-09-07,2406,27.25,2054941,27.25,27.25,27.25
2026-09-08,2406,26.9,2237101,26.9,26.9,26.9
2026-09-09,2406,27.35,2266549,27.35,27.35,27.35
2026-09-10,2406,26.9,2722263,26.9,26.9,26.9
2026-09-11,2406,26.4,3041349,26.4,26.4,26.4
2026-09-14,2406,26.5,1734464,26.5,26.5,26.5
2026-09-15,2406,25.85,1698955,25.85,25.85,25.85
2026-09-16,2406,26.45,1661791,26.45,26.45,26.45
2026-09-17,2406,26.6,1984659,26.6,26.6,26.6
2026-09-18,2406,27.65,4682700,27.65,27.65,27.65
2026-09-21,2406,30.4,12317610,30.4,30.4,30.4
2026-09-22,2406,30.1,33061443,30.1,30.1,30.1
2026-09-23,2406,29.9,7690881,29.9,29.9,29.9
2026-09-24,2406,30.5,10613029,30.5,30.5,30.5
2026-09-29,2406,30.3,4945789,30.3,30.3,30.3
2026-09-30,2406,31.45,18980568,31.45,31.45,31.45
2026-10-01,2406,31.4,6902322,31.4,31.4,31.4
2026-10-02,2406,31.2,5205433,31.2,31.2,31.2
2026-10-05,2406,31.45,9148067,31.45,31.45,31.45
2026-09-07,2408,517.0,57088818,517.0,517.0,517.0
2026-09-08,2408,531.0,76221279,531.0,531.0,531.0
2026-09-09,2408,523.0,37518171,523.0,523.0,523.0
2026-09-10,2408,515.0,38162049,515.0,515.0,515.0
2026-09-11,2408,493.0,38482147,493.0,493.0,493.0
2026-09-14,2408,473.0,49215000,473.0,473.0,473.0
2026-09-15,2408,465.5,34239430,465.5,465.5,465.5
2026-09-16,2408,492.5,36437142,492.5,492.5,492.5
2026-09-17,2408,488.0,44996045,488.0,488.0,488.0
2026-09-18,2408,525.0,79512606,525.0,525.0,525.0
2026-09-21,2408,516.0,34499395,516.0,516.0,516.0
2026-09-22,2408,497.0,63282202,497.0,497.0,497.0
2026-09-23,2408,515.0,62507257,515.0,515.0,515.0
2026-09-24,2408,503.0,40244712,503.0,503.0,503.0
2026-09-29,2408,506.0,24966274,506.0,506.0,506.0
2026-09-30,2408,519.0,40070207,519.0,519.0,519.0
2026-10-01,2408,519.0,27085390,519.0,519.0,519.0
2026-10-02,2408,526.0,36677068,526.0,526.0,526.0
2026-10-05,2408,530.0,42326713,530.0,530.0,530.0
2026-09-07,2409,28.7,523099639,28.7,28.7,28.7
2026-09-08,2409,29.6,623892482,29.6,29.6,29.6
2026-09-09,2409,30.5,590064949,30.5,30.5,30.5
2026-09-10,2409,31.2,497017089,31.2,31.2,31.2
2026-09-11,2409,30.2,519203137,30.2,30.2,30.2
2026-09-14,2409,28.7,311779520,28.7,28.7,28.7
2026-09-15,2409,27.9,238024652,27.9,27.9,27.9
2026-09-16,2409,29.4,262801666,29.4,29.4,29.4
2026-09-17,2409,30.0,368721904,30.0,30.0,30.0
2026-09-18,2409,30.35,348900833,30.35,30.35,30.35
2026-09-21,2409,33.35,822971740,33.35,33.35,33.35
2026-09-22,2409,36.65,1162430621,36.65,36.65,36.65
2026-09-23,2409,34.7,948644349,34.7,34.7,34.7
2026-09-24,2409,34.2,542503236,34.2,34.2,34.2
2026-09-29,2409,35.05,539771575,35.05,35.05,35.05
2026-09-30,2409,38.55,432086519,38.55,38.55,38.55
2026-10-01,2409,38.3,932903295,38.3,38.3,38.3
2026-10-02,2409,40.45,701554317,40.45,40.45,40.45
2026-10-05,2409,39.05,965082115,39.05,39.05,39.05
2026-09-07,2412,138.0,8953714,138.0,138.0,138.0
2026-09-08,2412,139.0,11188451,139.0,139.0,139.0
2026-09-09,2412,139.5,9797074,139.5,139.5,139.5
2026-09-10,2412,139.5,7123138,139.5,139.5,139.5
2026-09-11,2412,140.5,14548634,140.5,140.5,140.5
2026-09-14,2412,142.5,18796712,142.5,142.5,142.5
2026-09-15,2412,143.5,16914018,143.5,143.5,143.5
2026-09-16,2412,143.5,14825696,143.5,143.5,143.5
2026-09-17,2412,145.0,15263938,145.0,145.0,145.0
2026-09-18,2412,145.5,28080563,145.5,145.5,145.5
2026-09-21,2412,144.5,9034372,144.5,144.5,144.5
2026-09-22,2412,145.0,5469034,145.0,145.0,145.0
2026-09-23,2412,145.5,8326189,145.5,145.5,145.5
2026-09-24,2412,145.0,6311915,145.0,145.0,145.0
2026-09-29,2412,144.0,11652180,144.0,144.0,144.0
2026-09-30,2412,143.5,10607859,143.5,143.5,143.5
2026-10-01,2412,145.5,8628434,145.5,145.5,145.5
2026-10-02,2412,146.0,10009961,146.0,146.0,146.0
2026-10-05,2412,145.5,8515486,145.5,145.5,145.5
2026-09-07,2413,48.35,9650289,48.35,48.35,48.35
2026-09-08,2413,45.95,4634982,45.95,45.95,45.95
2026-09-09,2413,50.5,9956309,50.5,50.5,50.5
2026-09-10,2413,50.7,17578352,50.7,50.7,50.7
2026-09-11,2413,50.2,5052523,50.2,50.2,50.2
2026-09-14,2413,50.6,5380592,50.6,50.6,50.6
2026-09-15,2413,48.2,3950916,48.2,48.2,48.2
2026-09-16,2413,53.0,6868994,53.0,53.0,53.0
2026-09-17,2413,53.1,17418227,53.1,53.1,53.1
2026-09-18,2413,53.1,9428955,53.1,53.1,53.1
2026-09-21,2413,54.0,24916387,54.0,54.0,54.0
2026-09-22,2413,53.0,8885890,53.0,53.0,53.0
2026-09-23,2413,52.2,4902538,52.2,52.2,52.2
2026-09-24,2413,51.3,2307936,51.3,51.3,51.3
2026-09-29,2413,51.0,1495022,51.0,51.0,51.0
2026-09-30,2413,51.4,1359582,51.4,51.4,51.4
2026-10-01,2413,51.6,2839552,51.6,51.6,51.6
2026-10-02,2413,52.3,1936535,52.3,52.3,52.3
2026-10-05,2413,55.3,8344142,55.3,55.3,55.3
2026-09-07,2414,52.1,120682,52.1,52.1,52.1
2026-09-08,2414,51.7,146537,51.7,51.7,51.7
2026-09-09,2414,52.8,295390,52.8,52.8,52.8
2026-09-10,2414,52.6,115225,52.6,52.6,52.6
2026-09-11,2414,53.0,229635,53.0,53.0,53.0
2026-09-14,2414,52.7,84813,52.7,52.7,52.7
2026-09-15,2414,52.5,129546,52.5,52.5,52.5
2026-09-16,2414,52.1,103942,52.1,52.1,52.1
2026-09-17,2414,52.6,121659,52.6,52.6,52.6
2026-09-18,2414,53.3,113074,53.3,53.3,53.3
2026-09-21,2414,52.9,144199,52.9,52.9,52.9
2026-09-22,2414,53.1,85291,53.1,53.1,53.1
2026-09-23,2414,53.1,82328,53.1,53.1,53.1
2026-09-24,2414,52.9,50580,52.9,52.9,52.9
2026-09-29,2414,53.1,94978,53.1,53.1,53.1
2026-09-30,2414,53.3,84155,53.3,53.3,53.3
2026-10-01,2414,53.2,47056,53.2,53.2,53.2
2026-10-02,2414,52.8,96131,52.8,52.8,52.8
2026-10-05,2414,53.1,147039,53.1,53.1,53.1
2026-09-07,2415,28.6,146843,28.6,28.6,28.6
2026-09-08,2415,27.9,179099,27.9,27.9,27.9
2026-09-09,2415,28.2,110374,28.2,28.2,28.2
2026-09-10,2415,27.8,49993,27.8,27.8,27.8
2026-09-11,2415,27.05,107543,27.05,27.05,27.05
2026-09-14,2415,27.2,132718,27.2,27.2,27.2
2026-09-15,2415,26.95,39205,26.95,26.95,26.95
2026-09-16,2415,27.1,42025,27.1,27.1,27.1
2026-09-17,2415,26.95,126797,26.95,26.95,26.95
2026-09-18,2415,27.2,71371,27.2,27.2,27.2
2026-09-21,2415,27.15,48330,27.15,27.15,27.15
2026-09-22,2415,27.0,138241,27.0,27.0,27.0
2026-09-23,2415,26.85,113718,26.85,26.85,26.85
2026-09-24,2415,27.0,114450,27.0,27.0,27.0
2026-09-29,2415,27.25,133360,27.25,27.25,27.25
2026-09-30,2415,27.2,97264,27.2,27.2,27.2
2026-10-01,2415,27.25,81248,27.25,27.25,27.25
2026-10-02,2415,27.4,130591,27.4,27.4,27.4
2026-10-05,2415,27.9,181279,27.9,27.9,27.9
2026-09-07,2417,39.8,1566719,39.8,39.8,39.8
2026-09-08,2417,38.3,916301,38.3,38.3,38.3
2026-09-09,2417,38.1,547565,38.1,38.1,38.1
2026-09-10,2417,38.45,613494,38.45,38.45,38.45
2026-09-11,2417,38.4,290606,38.4,38.4,38.4
2026-09-14,2417,38.05,187390,38.05,38.05,38.05
2026-09-15,2417,37.95,277605,37.95,37.95,37.95
2026-09-16,2417,38.3,178001,38.3,38.3,38.3
2026-09-17,2417,38.95,413782,38.95,38.95,38.95
2026-09-18,2417,39.2,325813,39.2,39.2,39.2
2026-09-21,2417,39.3,341658,39.3,39.3,39.3
2026-09-22,2417,39.0,316734,39.0,39.0,39.0
2026-09-23,2417,39.0,383511,39.0,39.0,39.0
2026-09-24,2417,39.05,260302,39.05,39.05,39.05
2026-09-29,2417,38.7,289907,38.7,38.7,38.7
2026-09-30,2417,39.3,300977,39.3,39.3,39.3
2026-10-01,2417,38.95,226049,38.95,38.95,38.95
2026-10-02,2417,39.0,315091,39.0,39.0,39.0
2026-10-05,2417,38.5,520001,38.5,38.5,38.5
2026-09-07,2419,26.95,1666405,26.95,26.95,26.95
2026-09-08,2419,26.7,1284774,26.7,26.7,26.7
2026-09-09,2419,27.2,1077601,27.2,27.2,27.2
2026-09-10,2419,26.85,1110309,26.85,26.85,26.85
2026-09-11,2419,27.05,966605,27.05,27.05,27.05
2026-09-14,2419,26.75,677622,26.75,26.75,26.75
2026-09-15,2419,26.6,493599,26.6,26.6,26.6
2026-09-16,2419,27.35,883317,27.35,27.35,27.35
2026-09-17,2419,27.9,1787710,27.9,27.9,27.9
2026-09-18,2419,27.9,1343637,27.9,27.9,27.9
2026-09-21,2419,30.65,10193931,30.65,30.65,30.65
2026-09-22,2419,29.25,8485769,29.25,29.25,29.25
2026-09-23,2419,29.0,1737308,29.0,29.0,29.0
2026-09-24,2419,28.65,928764,28.65,28.65,28.65
2026-09-29,2419,29.0,1112751,29.0,29.0,29.0
2026-09-30,2419,29.7,1515464,29.7,29.7,29.7
2026-10-01,2419,29.05,868654,29.05,29.05,29.05
2026-10-02,2419,29.3,952057,29.3,29.3,29.3
2026-10-05,2419,27.6,3182143,27.6,27.6,27.6
2026-09-07,2420,54.2,194989,54.2,54.2,54.2
2026-09-08,2420,53.7,326120,53.7,53.7,53.7
2026-09-09,2420,54.2,319157,54.2,54.2,54.2
2026-09-10,2420,54.3,278171,54.3,54.3,54.3
2026-09-11,2420,53.3,439223,53.3,53.3,53.3
2026-09-14,2420,54.0,221092,54.0,54.0,54.0
2026-09-15,2420,53.4,233052,53.4,53.4,53.4
2026-09-16,2420,53.6,174632,53.6,53.6,53.6
2026-09-17,2420,53.5,322778,53.5,53.5,53.5
2026-09-18,2420,53.4,255625,53.4,53.4,53.4
2026-09-21,2420,53.8,96630,53.8,53.8,53.8
2026-09-22,2420,53.7,228341,53.7,53.7,53.7
2026-09-23,2420,53.7,181386,53.7,53.7,53.7
2026-09-24,2420,53.9,99586,53.9,53.9,53.9
2026-09-29,2420,53.9,168026,53.9,53.9,53.9
2026-09-30,2420,55.0,290433,55.0,55.0,55.0
2026-10-01,2420,58.0,1734967,58.0,58.0,58.0
2026-10-02,2420,58.2,710978,58.2,58.2,58.2
2026-10-05,2420,57.7,413342,57.7,57.7,57.7
2026-09-07,2421,171.5,6516903,171.5,171.5,171.5
2026-09-08,2421,168.0,3308402,168.0,168.0,168.0
2026-09-09,2421,167.5,4682920,167.5,167.5,167.5
2026-09-10,2421,165.0,1957046,165.0,165.0,165.0
2026-09-11,2421,164.5,2503930,164.5,164.5,164.5
2026-09-14,2421,163.0,2126649,163.0,163.0,163.0
2026-09-15,2421,158.0,2719238,158.0,158.0,158.0
2026-09-16,2421,160.5,1439873,160.5,160.5,160.5
2026-09-17,2421,162.0,2197326,162.0,162.0,162.0
2026-09-18,2421,167.0,3294198,167.0,167.0,167.0
2026-09-21,2421,166.5,1442731,166.5,166.5,166.5
2026-09-22,2421,167.0,1829549,167.0,167.0,167.0
2026-09-23,2421,163.0,1706218,163.0,163.0,163.0
2026-09-24,2421,167.0,1839727,167.0,167.0,167.0
2026-09-29,2421,163.5,1737849,163.5,163.5,163.5
2026-09-30,2421,160.5,2575748,160.5,160.5,160.5
2026-10-01,2421,164.0,1500134,164.0,164.0,164.0
2026-10-02,2421,166.0,1705201,166.0,166.0,166.0
2026-10-05,2421,169.5,3627253,169.5,169.5,169.5
2026-09-07,2423,74.3,38038,74.3,74.3,74.3
2026-09-08,2423,73.9,38462,73.9,73.9,73.9
2026-09-09,2423,74.0,36247,74.0,74.0,74.0
2026-09-10,2423,73.0,132928,73.0,73.0,73.0
2026-09-11,2423,72.2,121367,72.2,72.2,72.2
2026-09-14,2423,72.8,62401,72.8,72.8,72.8
2026-09-15,2423,72.0,44303,72.0,72.0,72.0
2026-09-16,2423,72.6,91323,72.6,72.6,72.6
2026-09-17,2423,72.8,50341,72.8,72.8,72.8
2026-09-18,2423,73.8,56321,73.8,73.8,73.8
2026-09-21,2423,74.1,35506,74.1,74.1,74.1
2026-09-22,2423,73.8,54090,73.8,73.8,73.8
2026-09-23,2423,73.9,40022,73.9,73.9,73.9
2026-09-24,2423,72.3,132973,72.3,72.3,72.3
2026-09-29,2423,72.0,128162,72.0,72.0,72.0
2026-09-30,2423,72.1,156525,72.1,72.1,72.1
2026-10-01,2423,71.6,155965,71.6,71.6,71.6
2026-10-02,2423,71.8,129843,71.8,71.8,71.8
2026-10-05,2423,72.6,84325,72.6,72.6,72.6
2026-09-07,2424,8.1,7000,8.1,8.1,8.1
2026-09-08,2424,7.96,26004,7.96,7.96,7.96
2026-09-09,2424,7.97,24522,7.97,7.97,7.97
2026-09-10,2424,8.01,11166,8.01,8.01,8.01
2026-09-11,2424,8.01,139000,8.01,8.01,8.01
2026-09-14,2424,7.98,49000,7.98,7.98,7.98
2026-09-15,2424,7.97,16185,7.97,7.97,7.97
2026-09-16,2424,8.6,107671,8.6,8.6,8.6
2026-09-17,2424,7.88,109468,7.88,7.88,7.88
2026-09-18,2424,8.26,36920,8.26,8.26,8.26
2026-09-21,2424,8.01,15010,8.01,8.01,8.01
2026-09-22,2424,8.25,29398,8.25,8.25,8.25
2026-09-23,2424,8.1,12394,8.1,8.1,8.1
2026-09-24,2424,8.2,22000,8.2,8.2,8.2
2026-09-29,2424,8.12,31369,8.12,8.12,8.12
2026-09-30,2424,8.3,21000,8.3,8.3,8.3
2026-10-01,2424,8.16,29020,8.16,8.16,8.16
2026-10-02,2424,8.42,34407,8.42,8.42,8.42
2026-10-05,2424,8.6,43424,8.6,8.6,8.6
2026-09-07,2425,37.3,751168,37.3,37.3,37.3
2026-09-08,2425,37.2,546180,37.2,37.2,37.2
2026-09-09,2425,37.5,439668,37.5,37.5,37.5
2026-09-10,2425,37.3,383432,37.3,37.3,37.3
2026-09-11,2425,36.95,725103,36.95,36.95,36.95
2026-09-14,2425,36.3,553074,36.3,36.3,36.3
2026-09-15,2425,35.6,539910,35.6,35.6,35.6
2026-09-16,2425,36.2,371471,36.2,36.2,36.2
2026-09-17,2425,36.6,444296,36.6,36.6,36.6
2026-09-18,2425,37.0,366068,37.0,37.0,37.0
2026-09-21,2425,38.1,884121,38.1,38.1,38.1
2026-09-22,2425,37.2,592075,37.2,37.2,37.2
2026-09-23,2425,37.1,297968,37.1,37.1,37.1
2026-09-24,2425,36.95,263492,36.95,36.95,36.95
2026-09-29,2425,37.45,320575,37.45,37.45,37.45
2026-09-30,2425,37.5,379607,37.5,37.5,37.5
2026-10-01,2425,37.75,472709,37.75,37.75,37.75
2026-10-02,2425,38.0,424753,38.0,38.0,38.0
2026-10-05,2425,37.25,523513,37.25,37.25,37.25
2026-09-07,2426,99.1,61028043,99.1,99.1,99.1
2026-09-08,2426,97.5,39992731,97.5,97.5,97.5
2026-09-09,2426,99.5,56170188,99.5,99.5,99.5
2026-09-10,2426,96.1,27182324,96.1,96.1,96.1
2026-09-11,2426,97.1,50681192,97.1,97.1,97.1
2026-09-14,2426,93.3,29582354,93.3,93.3,93.3
2026-09-15,2426,90.8,26180761,90.8,90.8,90.8
2026-09-16,2426,99.8,50843543,99.8,99.8,99.8
2026-09-17,2426,96.0,62010959,96.0,96.0,96.0
2026-09-18,2426,102.0,51478754,102.0,102.0,102.0
2026-09-21,2426,99.8,21381046,99.8,99.8,99.8
2026-09-22,2426,98.8,32316192,98.8,98.8,98.8
2026-09-23,2426,97.8,25571698,97.8,97.8,97.8
2026-09-24,2426,96.9,28496177,96.9,96.9,96.9
2026-09-29,2426,99.8,26792812,99.8,99.8,99.8
2026-09-30,2426,104.0,65671370,104.0,104.0,104.0
2026-10-01,2426,103.0,60579280,103.0,103.0,103.0
2026-10-02,2426,104.0,30702529,104.0,104.0,104.0
2026-10-05,2426,114.0,27454253,114.0,114.0,114.0
2026-09-07,2427,21.8,431920,21.8,21.8,21.8
2026-09-08,2427,22.05,455247,22.05,22.05,22.05
2026-09-09,2427,22.3,259910,22.3,22.3,22.3
2026-09-10,2427,22.5,333139,22.5,22.5,22.5
2026-09-11,2427,22.4,885909,22.4,22.4,22.4
2026-09-14,2427,22.8,2546117,22.8,22.8,22.8
2026-09-15,2427,24.35,5301477,24.35,24.35,24.35
2026-09-16,2427,23.65,3954120,23.65,23.65,23.65
2026-09-17,2427,23.3,1366218,23.3,23.3,23.3
2026-09-18,2427,23.8,1483762,23.8,23.8,23.8
2026-09-21,2427,23.8,1734660,23.8,23.8,23.8
2026-09-22,2427,23.6,568193,23.6,23.6,23.6
2026-09-23,2427,23.5,433015,23.5,23.5,23.5
2026-09-24,2427,23.4,500406,23.4,23.4,23.4
2026-09-29,2427,23.25,268772,23.25,23.25,23.25
2026-09-30,2427,23.35,674941,23.35,23.35,23.35
2026-10-01,2427,23.3,326919,23.3,23.3,23.3
2026-10-02,2427,23.4,373326,23.4,23.4,23.4
2026-10-05,2427,22.8,848121,22.8,22.8,22.8
2026-09-07,2428,259.5,1426110,259.5,259.5,259.5
2026-09-08,2428,253.5,979542,253.5,253.5,253.5
2026-09-09,2428,248.5,1240196,248.5,248.5,248.5
2026-09-10,2428,250.5,790825,250.5,250.5,250.5
2026-09-11,2428,255.0,2241225,255.0,255.0,255.0
2026-09-14,2428,253.0,875915,253.0,253.0,253.0
2026-09-15,2428,253.0,794119,253.0,253.0,253.0
2026-09-16,2428,254.0,499295,254.0,254.0,254.0
2026-09-17,2428,254.5,849080,254.5,254.5,254.5
2026-09-18,2428,260.0,970464,260.0,260.0,260.0
2026-09-21,2428,258.5,1000263,258.5,258.5,258.5
2026-09-22,2428,255.0,1381839,255.0,255.0,255.0
2026-09-23,2428,254.5,644052,254.5,254.5,254.5
2026-09-24,2428,255.0,496159,255.0,255.0,255.0
2026-09-29,2428,251.5,627862,251.5,251.5,251.5
2026-09-30,2428,251.5,437048,251.5,251.5,251.5
2026-10-01,2428,261.0,1837260,261.0,261.0,261.0
2026-10-02,2428,263.0,1521035,263.0,263.0,263.0
2026-10-05,2428,262.0,1269811,262.0,262.0,262.0
2026-09-07,2429,31.0,245451,31.0,31.0,31.0
2026-09-08,2429,30.4,180330,30.4,30.4,30.4
2026-09-09,2429,30.4,167386,30.4,30.4,30.4
2026-09-10,2429,31.0,195731,31.0,31.0,31.0
2026-09-11,2429,30.45,140022,30.45,30.45,30.45
2026-09-14,2429,30.5,163418,30.5,30.5,30.5
2026-09-15,2429,30.05,113436,30.05,30.05,30.05
2026-09-16,2429,31.15,120575,31.15,31.15,31.15
2026-09-17,2429,31.15,81606,31.15,31.15,31.15
2026-09-18,2429,31.15,182589,31.15,31.15,31.15
2026-09-21,2429,32.05,270513,32.05,32.05,32.05
2026-09-22,2429,31.1,193718,31.1,31.1,31.1
2026-09-23,2429,30.75,99135,30.75,30.75,30.75
2026-09-24,2429,30.5,116086,30.5,30.5,30.5
2026-09-29,2429,30.65,166022,30.65,30.65,30.65
2026-09-30,2429,30.95,509815,30.95,30.95,30.95
2026-10-01,2429,30.75,174885,30.75,30.75,30.75
2026-10-02,2429,30.65,197741,30.65,30.65,30.65
2026-10-05,2429,30.05,377825,30.05,30.05,30.05
2026-09-07,2430,17.9,58317,17.9,17.9,17.9
2026-09-08,2430,17.9,47670,17.9,17.9,17.9
2026-09-09,2430,18.0,30461,18.0,18.0,18.0
2026-09-10,2430,17.95,53159,17.95,17.95,17.95
2026-09-11,2430,17.95,44635,17.95,17.95,17.95
2026-09-14,2430,17.95,49205,17.95,17.95,17.95
2026-09-15,2430,18.0,34539,18.0,18.0,18.0
2026-09-16,2430,17.8,75583,17.8,17.8,17.8
2026-09-17,2430,18.05,103531,18.05,18.05,18.05
2026-09-18,2430,18.1,34951,18.1,18.1,18.1
2026-09-21,2430,18.1,19291,18.1,18.1,18.1
2026-09-22,2430,18.15,41036,18.15,18.15,18.15
2026-09-23,2430,18.1,33841,18.1,18.1,18.1
2026-09-24,2430,18.25,50025,18.25,18.25,18.25
2026-09-29,2430,18.1,46687,18.1,18.1,18.1
2026-09-30,2430,18.25,64269,18.25,18.25,18.25
2026-10-01,2430,18.1,20062,18.1,18.1,18.1
2026-10-02,2430,17.95,15758,17.95,17.95,17.95
2026-10-05,2430,17.5,53359,17.5,17.5,17.5
2026-09-07,2431,10.1,90689,10.1,10.1,10.1
2026-09-08,2431,9.93,186176,9.93,9.93,9.93
2026-09-09,2431,9.99,86679,9.99,9.99,9.99
2026-09-10,2431,10.05,171728,10.05,10.05,10.05
2026-09-11,2431,9.98,106551,9.98,9.98,9.98
2026-09-14,2431,9.96,83220,9.96,9.96,9.96
2026-09-15,2431,9.76,206137,9.76,9.76,9.76
2026-09-16,2431,9.9,63100,9.9,9.9,9.9
2026-09-17,2431,9.92,71083,9.92,9.92,9.92
2026-09-18,2431,10.15,79967,10.15,10.15,10.15
2026-09-21,2431,10.25,96772,10.25,10.25,10.25
2026-09-22,2431,10.25,108271,10.25,10.25,10.25
2026-09-23,2431,10.1,76665,10.1,10.1,10.1
2026-09-24,2431,10.05,73469,10.05,10.05,10.05
2026-09-29,2431,10.0,81012,10.0,10.0,10.0
2026-09-30,2431,10.15,80852,10.15,10.15,10.15
2026-10-01,2431,10.15,52066,10.15,10.15,10.15
2026-10-02,2431,10.15,131658,10.15,10.15,10.15
2026-10-05,2431,10.0,73877,10.0,10.0,10.0
2026-09-07,2432,27.9,62000,27.9,27.9,27.9
2026-09-08,2432,28.0,9764,28.0,28.0,28.0
2026-09-09,2432,27.65,18000,27.65,27.65,27.65
2026-09-10,2432,27.5,25000,27.5,27.5,27.5
2026-09-11,2432,27.2,15530,27.2,27.2,27.2
2026-09-14,2432,27.3,4000,27.3,27.3,27.3
2026-09-15,2432,27.05,46000,27.05,27.05,27.05
2026-09-16,2432,27.1,2000,27.1,27.1,27.1
2026-09-17,2432,27.45,16004,27.45,27.45,27.45
2026-09-18,2432,27.45,17000,27.45,27.45,27.45
2026-09-21,2432,27.45,10000,27.45,27.45,27.45
2026-09-22,2432,27.3,22035,27.3,27.3,27.3
2026-09-23,2432,27.25,28000,27.25,27.25,27.25
2026-09-24,2432,27.25,25100,27.25,27.25,27.25
2026-09-29,2432,27.65,7000,27.65,27.65,27.65
2026-09-30,2432,27.65,3000,27.65,27.65,27.65
2026-10-01,2432,27.6,2204,27.6,27.6,27.6
2026-10-02,2432,27.55,26015,27.55,27.55,27.55
2026-10-05,2432,27.7,16296,27.7,27.7,27.7
2026-09-07,2433,41.6,27039,41.6,41.6,41.6
2026-09-08,2433,41.5,27500,41.5,41.5,41.5
2026-09-09,2433,41.25,42500,41.25,41.25,41.25
2026-09-10,2433,41.2,20141,41.2,41.2,41.2
2026-09-11,2433,41.05,33272,41.05,41.05,41.05
2026-09-14,2433,40.85,54352,40.85,40.85,40.85
2026-09-15,2433,40.25,77767,40.25,40.25,40.25
2026-09-16,2433,40.3,13130,40.3,40.3,40.3
2026-09-17,2433,40.25,51655,40.25,40.25,40.25
2026-09-18,2433,40.75,26593,40.75,40.75,40.75
2026-09-21,2433,40.35,36103,40.35,40.35,40.35
2026-09-22,2433,40.3,22085,40.3,40.3,40.3
2026-09-23,2433,40.25,8897,40.25,40.25,40.25
2026-09-24,2433,40.1,29084,40.1,40.1,40.1
2026-09-29,2433,40.0,22405,40.0,40.0,40.0
2026-09-30,2433,40.45,32175,40.45,40.45,40.45
2026-10-01,2433,40.2,27552,40.2,40.2,40.2
2026-10-02,2433,40.0,32477,40.0,40.0,40.0
2026-10-05,2433,40.0,32447,40.0,40.0,40.0
2026-09-07,2434,64.8,730478,64.8,64.8,64.8
2026-09-08,2434,61.7,582800,61.7,61.7,61.7
2026-09-09,2434,60.9,654935,60.9,60.9,60.9
2026-09-10,2434,61.5,408467,61.5,61.5,61.5
2026-09-11,2434,60.2,258793,60.2,60.2,60.2
2026-09-14,2434,61.3,827809,61.3,61.3,61.3
2026-09-15,2434,59.3,323108,59.3,59.3,59.3
2026-09-16,2434,61.5,506459,61.5,61.5,61.5
2026-09-17,2434,60.0,378520,60.0,60.0,60.0
2026-09-18,2434,62.0,410571,62.0,62.0,62.0
2026-09-21,2434,60.7,372420,60.7,60.7,60.7
2026-09-22,2434,66.7,901373,66.7,66.7,66.7
2026-09-23,2434,67.4,3007147,67.4,67.4,67.4
2026-09-24,2434,65.2,507659,65.2,65.2,65.2
2026-09-29,2434,64.8,423909,64.8,64.8,64.8
2026-09-30,2434,65.4,837812,65.4,65.4,65.4
2026-10-01,2434,62.9,470446,62.9,62.9,62.9
2026-10-02,2434,63.0,386930,63.0,63.0,63.0
2026-10-05,2434,61.2,430500,61.2,61.2,61.2
2026-09-07,2436,71.7,15538506,71.7,71.7,71.7
2026-09-08,2436,67.1,18280129,67.1,67.1,67.1
2026-09-09,2436,69.0,8162413,69.0,69.0,69.0
2026-09-10,2436,68.2,6880453,68.2,68.2,68.2
2026-09-11,2436,67.1,3317408,67.1,67.1,67.1
2026-09-14,2436,67.9,3888239,67.9,67.9,67.9
2026-09-15,2436,66.3,3379379,66.3,66.3,66.3
2026-09-16,2436,68.0,2346850,68.0,68.0,68.0
2026-09-17,2436,67.6,3054512,67.6,67.6,67.6
2026-09-18,2436,67.9,2345779,67.9,67.9,67.9
2026-09-21,2436,70.0,8568018,70.0,70.0,70.0
2026-09-22,2436,71.0,9048029,71.0,71.0,71.0
2026-09-23,2436,69.6,4086531,69.6,69.6,69.6
2026-09-24,2436,72.4,8606455,72.4,72.4,72.4
2026-09-29,2436,75.9,12261097,75.9,75.9,75.9
2026-09-30,2436,74.5,9601609,74.5,74.5,74.5
2026-10-01,2436,74.0,5128346,74.0,74.0,74.0
2026-10-02,2436,76.0,6180465,76.0,76.0,76.0
2026-10-05,2436,73.2,7263426,73.2,73.2,73.2
2026-09-07,2438,20.85,326307,20.85,20.85,20.85
2026-09-08,2438,20.0,186053,20.0,20.0,20.0
2026-09-09,2438,20.4,84311,20.4,20.4,20.4
2026-09-10,2438,19.8,90634,19.8,19.8,19.8
2026-09-11,2438,19.05,123680,19.05,19.05,19.05
2026-09-14,2438,19.0,52416,19.0,19.0,19.0
2026-09-15,2438,19.8,84810,19.8,19.8,19.8
2026-09-16,2438,19.25,63113,19.25,19.25,19.25
2026-09-17,2438,19.2,46575,19.2,19.2,19.2
2026-09-18,2438,20.9,277325,20.9,20.9,20.9
2026-09-21,2438,20.7,189467,20.7,20.7,20.7
2026-09-22,2438,20.0,106267,20.0,20.0,20.0
2026-09-23,2438,19.75,66498,19.75,19.75,19.75
2026-09-24,2438,19.5,62725,19.5,19.5,19.5
2026-09-29,2438,19.7,42204,19.7,19.7,19.7
2026-09-30,2438,19.9,91740,19.9,19.9,19.9
2026-10-01,2438,19.95,68287,19.95,19.95,19.95
2026-10-02,2438,20.0,98511,20.0,20.0,20.0
2026-10-05,2438,20.1,101117,20.1,20.1,20.1
2026-09-07,2439,76.9,1751823,76.9,76.9,76.9
2026-09-08,2439,76.1,1213081,76.1,76.1,76.1
2026-09-09,2439,74.9,2385133,74.9,74.9,74.9
2026-09-10,2439,77.2,2123831,77.2,77.2,77.2
2026-09-11,2439,76.5,742851,76.5,76.5,76.5
2026-09-14,2439,77.3,629205,77.3,77.3,77.3
2026-09-15,2439,76.6,920480,76.6,76.6,76.6
2026-09-16,2439,78.0,879449,78.0,78.0,78.0
2026-09-17,2439,79.3,1577799,79.3,79.3,79.3
2026-09-18,2439,78.2,1055817,78.2,78.2,78.2
2026-09-21,2439,78.6,629039,78.6,78.6,78.6
2026-09-22,2439,78.1,871706,78.1,78.1,78.1
2026-09-23,2439,78.0,1021215,78.0,78.0,78.0
2026-09-24,2439,78.2,780903,78.2,78.2,78.2
2026-09-29,2439,78.1,1655190,78.1,78.1,78.1
2026-09-30,2439,77.3,1996651,77.3,77.3,77.3
2026-10-01,2439,76.5,1185652,76.5,76.5,76.5
2026-10-02,2439,75.7,1599165,75.7,75.7,75.7
2026-10-05,2439,75.3,1528057,75.3,75.3,75.3
2026-09-07,2440,14.45,628143,14.45,14.45,14.45
2026-09-08,2440,14.25,217604,14.25,14.25,14.25
2026-09-09,2440,14.2,193248,14.2,14.2,14.2
2026-09-10,2440,14.2,174066,14.2,14.2,14.2
2026-09-11,2440,14.05,199000,14.05,14.05,14.05
2026-09-14,2440,13.95,125489,13.95,13.95,13.95
2026-09-15,2440,13.8,214588,13.8,13.8,13.8
2026-09-16,2440,13.95,115953,13.95,13.95,13.95
2026-09-17,2440,14.2,154146,14.2,14.2,14.2
2026-09-18,2440,14.35,197812,14.35,14.35,14.35
2026-09-21,2440,14.4,409475,14.4,14.4,14.4
2026-09-22,2440,14.4,173002,14.4,14.4,14.4
2026-09-23,2440,14.35,140401,14.35,14.35,14.35
2026-09-24,2440,14.35,237173,14.35,14.35,14.35
2026-09-29,2440,14.15,237635,14.15,14.15,14.15
2026-09-30,2440,14.4,230906,14.4,14.4,14.4
2026-10-01,2440,14.4,106400,14.4,14.4,14.4
2026-10-02,2440,14.55,185206,14.55,14.55,14.55
2026-10-05,2440,14.5,294607,14.5,14.5,14.5
2026-09-07,2441,118.0,3080253,118.0,118.0,118.0
2026-09-08,2441,114.5,4808086,114.5,114.5,114.5
2026-09-09,2441,114.5,3013530,114.5,114.5,114.5
2026-09-10,2441,115.0,2045804,115.0,115.0,115.0
2026-09-11,2441,111.5,2722337,111.5,111.5,111.5
2026-09-14,2441,114.0,2675752,114.0,114.0,114.0
2026-09-15,2441,115.0,6099917,115.0,115.0,115.0
2026-09-16,2441,116.5,2201806,116.5,116.5,116.5
2026-09-17,2441,118.5,5169729,118.5,118.5,118.5
2026-09-18,2441,123.5,6324258,123.5,123.5,123.5
2026-09-21,2441,127.5,6951031,127.5,127.5,127.5
2026-09-22,2441,127.0,8632039,127.0,127.0,127.0
2026-09-23,2441,125.0,6727556,125.0,125.0,125.0
2026-09-24,2441,124.0,2830184,124.0,124.0,124.0
2026-09-29,2441,122.0,2178482,122.0,122.0,122.0
2026-09-30,2441,125.5,4050745,125.5,125.5,125.5
2026-10-01,2441,124.5,2286709,124.5,124.5,124.5
2026-10-02,2441,126.5,3477871,126.5,126.5,126.5
2026-10-05,2441,124.0,3434661,124.0,124.0,124.0
2026-09-07,2442,19.45,4540143,19.45,19.45,19.45
2026-09-08,2442,15.95,3136109,15.95,15.95,15.95
2026-09-09,2442,16.0,866263,16.0,16.0,16.0
2026-09-10,2442,15.65,1130186,15.65,15.65,15.65
2026-09-11,2442,15.1,1602368,15.1,15.1,15.1
2026-09-14,2442,14.6,1402479,14.6,14.6,14.6
2026-09-15,2442,14.45,1093630,14.45,14.45,14.45
2026-09-16,2442,14.15,1537330,14.15,14.15,14.15
2026-09-17,2442,14.3,1182536,14.3,14.3,14.3
2026-09-18,2442,14.6,1582602,14.6,14.6,14.6
2026-09-21,2442,14.7,791676,14.7,14.7,14.7
2026-09-22,2442,14.55,734348,14.55,14.55,14.55
2026-09-23,2442,14.55,564744,14.55,14.55,14.55
2026-09-24,2442,14.3,701204,14.3,14.3,14.3
2026-09-29,2442,14.35,599670,14.35,14.35,14.35
2026-09-30,2442,14.4,527504,14.4,14.4,14.4
2026-10-01,2442,14.3,584765,14.3,14.3,14.3
2026-10-02,2442,14.2,548727,14.2,14.2,14.2
2026-10-05,2442,14.0,1307835,14.0,14.0,14.0
2026-09-07,2444,11.85,816529,11.85,11.85,11.85
2026-09-08,2444,11.55,1185893,11.55,11.55,11.55
2026-09-09,2444,11.3,291992,11.3,11.3,11.3
2026-09-10,2444,11.2,166634,11.2,11.2,11.2
2026-09-11,2444,12.2,1486861,12.2,12.2,12.2
2026-09-14,2444,11.7,791382,11.7,11.7,11.7
2026-09-15,2444,11.65,250935,11.65,11.65,11.65
2026-09-16,2444,11.65,245848,11.65,11.65,11.65
2026-09-17,2444,12.2,406830,12.2,12.2,12.2
2026-09-18,2444,12.6,980533,12.6,12.6,12.6
2026-09-21,2444,13.85,2310416,13.85,13.85,13.85
2026-09-22,2444,14.55,6502371,14.55,14.55,14.55
2026-09-23,2444,14.95,5142905,14.95,14.95,14.95
2026-09-24,2444,14.8,2121301,14.8,14.8,14.8
2026-09-29,2444,15.05,1916012,15.05,15.05,15.05
2026-09-30,2444,15.9,3239205,15.9,15.9,15.9
2026-10-01,2444,15.0,2798688,15.0,15.0,15.0
2026-10-02,2444,16.5,5722454,16.5,16.5,16.5
2026-10-05,2444,16.2,5517237,16.2,16.2,16.2
2026-09-07,2449,273.0,26506217,273.0,273.0,273.0
2026-09-08,2449,268.5,16085950,268.5,268.5,268.5
2026-09-09,2449,270.0,12493027,270.0,270.0,270.0
2026-09-10,2449,271.5,13033964,271.5,271.5,271.5
2026-09-11,2449,263.0,17759730,263.0,263.0,263.0
2026-09-14,2449,261.5,11531077,261.5,261.5,261.5
2026-09-15,2449,257.0,7605273,257.0,257.0,257.0
2026-09-16,2449,261.5,7774589,261.5,261.5,261.5
2026-09-17,2449,265.0,15860463,265.0,265.0,265.0
2026-09-18,2449,291.5,61177949,291.5,291.5,291.5
2026-09-21,2449,301.5,56082091,301.5,301.5,301.5
2026-09-22,2449,317.0,72526468,317.0,317.0,317.0
2026-09-23,2449,304.0,37725251,304.0,304.0,304.0
2026-09-24,2449,311.0,27018575,311.0,311.0,311.0
2026-09-29,2449,294.5,29756706,294.5,294.5,294.5
2026-09-30,2449,294.5,24039103,294.5,294.5,294.5
2026-10-01,2449,296.0,14832156,296.0,296.0,296.0
2026-10-02,2449,295.5,13902351,295.5,295.5,295.5
2026-10-05,2449,294.0,18711413,294.0,294.0,294.0
2026-09-07,2450,28.35,121763,28.35,28.35,28.35
2026-09-08,2450,28.15,66620,28.15,28.15,28.15
2026-09-09,2450,28.25,60973,28.25,28.25,28.25
2026-09-10,2450,28.25,28238,28.25,28.25,28.25
2026-09-11,2450,28.3,52005,28.3,28.3,28.3
2026-09-14,2450,28.25,62003,28.25,28.25,28.25
2026-09-15,2450,28.25,47457,28.25,28.25,28.25
2026-09-16,2450,28.25,217758,28.25,28.25,28.25
2026-09-17,2450,28.3,89296,28.3,28.3,28.3
2026-09-18,2450,28.3,141322,28.3,28.3,28.3
2026-09-21,2450,28.3,54015,28.3,28.3,28.3
2026-09-22,2450,28.3,99176,28.3,28.3,28.3
2026-09-23,2450,28.3,75460,28.3,28.3,28.3
2026-09-24,2450,28.25,38338,28.25,28.25,28.25
2026-09-29,2450,28.2,72438,28.2,28.2,28.2
2026-09-30,2450,28.2,67908,28.2,28.2,28.2
2026-10-01,2450,28.3,57825,28.3,28.3,28.3
2026-10-02,2450,28.2,45470,28.2,28.2,28.2
2026-10-05,2450,28.15,111053,28.15,28.15,28.15
2026-09-07,2451,289.5,2660219,289.5,289.5,289.5
2026-09-08,2451,286.0,2886271,286.0,286.0,286.0
2026-09-09,2451,287.5,1616704,287.5,287.5,287.5
2026-09-10,2451,282.5,2174895,282.5,282.5,282.5
2026-09-11,2451,276.5,2210620,276.5,276.5,276.5
2026-09-14,2451,274.0,1548503,274.0,274.0,274.0
2026-09-15,2451,273.0,1233606,273.0,273.0,273.0
2026-09-16,2451,282.5,2846188,282.5,282.5,282.5
2026-09-17,2451,277.0,1966741,277.0,277.0,277.0
2026-09-18,2451,283.0,1429145,283.0,283.0,283.0
2026-09-21,2451,286.0,1852572,286.0,286.0,286.0
2026-09-22,2451,285.0,1886282,285.0,285.0,285.0
2026-09-23,2451,284.5,1763824,284.5,284.5,284.5
2026-09-24,2451,284.5,1295375,284.5,284.5,284.5
2026-09-29,2451,286.0,1570470,286.0,286.0,286.0
2026-09-30,2451,289.0,2749434,289.0,289.0,289.0
2026-10-01,2451,289.5,1342152,289.5,289.5,289.5
2026-10-02,2451,290.0,1091828,290.0,290.0,290.0
2026-10-05,2451,289.5,1846095,289.5,289.5,289.5
2026-09-07,2453,51.9,207237,51.9,51.9,51.9
2026-09-08,2453,51.8,95926,51.8,51.8,51.8
2026-09-09,2453,51.9,142520,51.9,51.9,51.9
2026-09-10,2453,52.1,152025,52.1,52.1,52.1
2026-09-11,2453,52.7,379472,52.7,52.7,52.7
2026-09-14,2453,55.3,2565311,55.3,55.3,55.3
2026-09-15,2453,53.6,1042773,53.6,53.6,53.6
2026-09-16,2453,55.3,1392854,55.3,55.3,55.3
2026-09-17,2453,54.6,787924,54.6,54.6,54.6
2026-09-18,2453,55.5,534878,55.5,55.5,55.5
2026-09-21,2453,54.8,255351,54.8,54.8,54.8
2026-09-22,2453,54.0,352177,54.0,54.0,54.0
2026-09-23,2453,53.6,316710,53.6,53.6,53.6
2026-09-24,2453,53.5,262272,53.5,53.5,53.5
2026-09-29,2453,53.5,146093,53.5,53.5,53.5
2026-09-30,2453,53.6,155714,53.6,53.6,53.6
2026-10-01,2453,53.3,181828,53.3,53.3,53.3
2026-10-02,2453,53.5,87830,53.5,53.5,53.5
2026-10-05,2453,53.2,215572,53.2,53.2,53.2
2026-09-07,2454,4760.0,17178200,4760.0,4760.0,4760.0
2026-09-08,2454,4710.0,6511906,4710.0,4710.0,4710.0
2026-09-09,2454,4625.0,5400794,4625.0,4625.0,4625.0
2026-09-10,2454,4720.0,6662243,4720.0,4720.0,4720.0
2026-09-11,2454,4585.0,7591878,4585.0,4585.0,4585.0
2026-09-14,2454,4560.0,6122500,4560.0,4560.0,4560.0
2026-09-15,2454,4430.0,6209254,4430.0,4430.0,4430.0
2026-09-16,2454,4530.0,6640865,4530.0,4530.0,4530.0
2026-09-17,2454,4500.0,6495763,4500.0,4500.0,4500.0
2026-09-18,2454,4710.0,10365174,4710.0,4710.0,4710.0
2026-09-21,2454,5010.0,11237165,5010.0,5010.0,5010.0
2026-09-22,2454,5180.0,12131543,5180.0,5180.0,5180.0
2026-09-23,2454,5185.0,6430491,5185.0,5185.0,5185.0
2026-09-24,2454,5285.0,7817443,5285.0,5285.0,5285.0
2026-09-29,2454,4910.0,13758267,4910.0,4910.0,4910.0
2026-09-30,2454,4920.0,8292336,4920.0,4920.0,4920.0
2026-10-01,2454,4980.0,4378234,4980.0,4980.0,4980.0
2026-10-02,2454,4950.0,4503961,4950.0,4950.0,4950.0
2026-10-05,2454,5165.0,7580538,5165.0,5165.0,5165.0
2026-09-07,2455,500.0,3476203,500.0,500.0,500.0
2026-09-08,2455,515.0,4653069,515.0,515.0,515.0
2026-09-09,2455,533.0,2499264,533.0,533.0,533.0
2026-09-10,2455,532.0,1564218,532.0,532.0,532.0
2026-09-11,2455,515.0,1842066,515.0,515.0,515.0
2026-09-14,2455,535.0,1719569,535.0,535.0,535.0
2026-09-15,2455,520.0,1671642,520.0,520.0,520.0
2026-09-16,2455,515.0,19718194,515.0,515.0,515.0
2026-09-17,2455,534.0,28618653,534.0,534.0,534.0
2026-09-18,2455,556.0,20026752,556.0,556.0,556.0
2026-09-21,2455,572.0,15658626,572.0,572.0,572.0
2026-09-22,2455,547.0,18755075,547.0,547.0,547.0
2026-09-23,2455,552.0,3310728,552.0,552.0,552.0
2026-09-24,2455,554.0,1640793,554.0,554.0,554.0
2026-09-29,2455,543.0,1025212,543.0,543.0,543.0
2026-09-30,2455,552.0,1395143,552.0,552.0,552.0
2026-10-01,2455,546.0,2010853,546.0,546.0,546.0
2026-10-02,2455,580.0,4299731,580.0,580.0,580.0
2026-10-05,2455,606.0,2369279,606.0,606.0,606.0
2026-09-07,2457,22.9,726926,22.9,22.9,22.9
2026-09-08,2457,22.55,644403,22.55,22.55,22.55
2026-09-09,2457,22.75,698227,22.75,22.75,22.75
2026-09-10,2457,22.35,750544,22.35,22.35,22.35
2026-09-11,2457,21.85,1195388,21.85,21.85,21.85
2026-09-14,2457,21.5,692782,21.5,21.5,21.5
2026-09-15,2457,21.05,1203973,21.05,21.05,21.05
2026-09-16,2457,21.65,623383,21.65,21.65,21.65
2026-09-17,2457,22.2,1173581,22.2,22.2,22.2
2026-09-18,2457,22.05,1285572,22.05,22.05,22.05
2026-09-21,2457,22.2,946087,22.2,22.2,22.2
2026-09-22,2457,22.1,828999,22.1,22.1,22.1
2026-09-23,2457,22.25,812985,22.25,22.25,22.25
2026-09-24,2457,21.95,708477,21.95,21.95,21.95
2026-09-29,2457,21.75,848756,21.75,21.75,21.75
2026-09-30,2457,22.55,1577143,22.55,22.55,22.55
2026-10-01,2457,22.05,875354,22.05,22.05,22.05
2026-10-02,2457,22.45,1071817,22.45,22.45,22.45
2026-10-05,2457,22.2,1005382,22.2,22.2,22.2
2026-09-07,2458,131.0,2608621,131.0,131.0,131.0
2026-09-08,2458,130.5,1544886,130.5,130.5,130.5
2026-09-09,2458,130.0,1027361,130.0,130.0,130.0
2026-09-10,2458,128.0,993979,128.0,128.0,128.0
2026-09-11,2458,126.5,892804,126.5,126.5,126.5
2026-09-14,2458,126.5,1181243,126.5,126.5,126.5
2026-09-15,2458,125.0,724849,125.0,125.0,125.0
2026-09-16,2458,128.5,756459,128.5,128.5,128.5
2026-09-17,2458,129.0,904593,129.0,129.0,129.0
2026-09-18,2458,132.0,1542845,132.0,132.0,132.0
2026-09-21,2458,130.5,883659,130.5,130.5,130.5
2026-09-22,2458,129.5,1905883,129.5,129.5,129.5
2026-09-23,2458,129.0,1320418,129.0,129.0,129.0
2026-09-24,2458,137.5,2731471,137.5,137.5,137.5
2026-09-29,2458,136.0,1645198,136.0,136.0,136.0
2026-09-30,2458,137.5,1489305,137.5,137.5,137.5
2026-10-01,2458,138.5,1517721,138.5,138.5,138.5
2026-10-02,2458,138.0,1469046,138.0,138.0,138.0
2026-10-05,2458,134.0,3162450,134.0,134.0,134.0
2026-09-07,2459,66.4,90921,66.4,66.4,66.4
2026-09-08,2459,66.1,80028,66.1,66.1,66.1
2026-09-09,2459,66.1,23380,66.1,66.1,66.1
2026-09-10,2459,65.8,56404,65.8,65.8,65.8
2026-09-11,2459,65.5,47523,65.5,65.5,65.5
2026-09-14,2459,65.3,47643,65.3,65.3,65.3
2026-09-15,2459,65.3,31265,65.3,65.3,65.3
2026-09-16,2459,65.5,28775,65.5,65.5,65.5
2026-09-17,2459,65.5,88144,65.5,65.5,65.5
2026-09-18,2459,65.4,69290,65.4,65.4,65.4
2026-09-21,2459,65.5,38516,65.5,65.5,65.5
2026-09-22,2459,65.6,39592,65.6,65.6,65.6
2026-09-23,2459,65.4,55511,65.4,65.4,65.4
2026-09-24,2459,65.2,67374,65.2,65.2,65.2
2026-09-29,2459,64.9,28055,64.9,64.9,64.9
2026-09-30,2459,65.0,89452,65.0,65.0,65.0
2026-10-01,2459,64.9,65989,64.9,64.9,64.9
2026-10-02,2459,64.8,53421,64.8,64.8,64.8
2026-10-05,2459,64.9,104965,64.9,64.9,64.9
2026-09-07,2460,28.45,177952,28.45,28.45,28.45
2026-09-08,2460,28.1,158157,28.1,28.1,28.1
2026-09-09,2460,30.9,857582,30.9,30.9,30.9
2026-09-10,2460,30.9,1178586,30.9,30.9,30.9
2026-09-11,2460,30.05,507623,30.05,30.05,30.05
2026-09-14,2460,29.45,243293,29.45,29.45,29.45
2026-09-15,2460,28.8,347798,28.8,28.8,28.8
2026-09-16,2460,28.95,134529,28.95,28.95,28.95
2026-09-17,2460,29.1,292024,29.1,29.1,29.1
2026-09-18,2460,29.75,216476,29.75,29.75,29.75
2026-09-21,2460,30.15,198372,30.15,30.15,30.15
2026-09-22,2460,30.25,241351,30.25,30.25,30.25
2026-09-23,2460,30.8,302170,30.8,30.8,30.8
2026-09-24,2460,30.2,264150,30.2,30.2,30.2
2026-09-29,2460,29.85,175462,29.85,29.85,29.85
2026-09-30,2460,30.55,291976,30.55,30.55,30.55
2026-10-01,2460,30.6,182478,30.6,30.6,30.6
2026-10-02,2460,30.8,249961,30.8,30.8,30.8
2026-10-05,2460,30.5,236341,30.5,30.5,30.5
2026-09-07,2461,18.3,539139,18.3,18.3,18.3
2026-09-08,2461,18.4,438497,18.4,18.4,18.4
2026-09-09,2461,18.35,733668,18.35,18.35,18.35
2026-09-10,2461,17.8,1159404,17.8,17.8,17.8
2026-09-11,2461,17.65,389983,17.65,17.65,17.65
2026-09-14,2461,17.4,655539,17.4,17.4,17.4
2026-09-15,2461,17.4,246569,17.4,17.4,17.4
2026-09-16,2461,17.4,498699,17.4,17.4,17.4
2026-09-17,2461,17.55,598343,17.55,17.55,17.55
2026-09-18,2461,17.75,482852,17.75,17.75,17.75
2026-09-21,2461,17.7,218083,17.7,17.7,17.7
2026-09-22,2461,17.35,558804,17.35,17.35,17.35
2026-09-23,2461,17.55,185355,17.55,17.55,17.55
2026-09-24,2461,17.8,291344,17.8,17.8,17.8
2026-09-29,2461,17.4,260253,17.4,17.4,17.4
2026-09-30,2461,17.85,749481,17.85,17.85,17.85
2026-10-01,2461,17.4,630493,17.4,17.4,17.4
2026-10-02,2461,17.35,498599,17.35,17.35,17.35
2026-10-05,2461,16.95,545276,16.95,16.95,16.95
2026-09-07,2462,19.55,261374,19.55,19.55,19.55
2026-09-08,2462,19.2,233433,19.2,19.2,19.2
2026-09-09,2462,19.55,122982,19.55,19.55,19.55
2026-09-10,2462,19.4,111961,19.4,19.4,19.4
2026-09-11,2462,19.25,186112,19.25,19.25,19.25
2026-09-14,2462,19.2,124599,19.2,19.2,19.2
2026-09-15,2462,18.9,148131,18.9,18.9,18.9
2026-09-16,2462,19.35,106988,19.35,19.35,19.35
2026-09-17,2462,19.35,93010,19.35,19.35,19.35
2026-09-18,2462,19.45,216402,19.45,19.45,19.45
2026-09-21,2462,19.8,144287,19.8,19.8,19.8
2026-09-22,2462,19.9,182222,19.9,19.9,19.9
2026-09-23,2462,19.9,218631,19.9,19.9,19.9
2026-09-24,2462,20.35,132016,20.35,20.35,20.35
2026-09-29,2462,19.85,118354,19.85,19.85,19.85
2026-09-30,2462,19.95,84776,19.95,19.95,19.95
2026-10-01,2462,19.9,53335,19.9,19.9,19.9
2026-10-02,2462,19.8,171942,19.8,19.8,19.8
2026-10-05,2462,20.7,946938,20.7,20.7,20.7
2026-09-07,2464,203.0,16856438,203.0,203.0,203.0
2026-09-08,2464,194.5,16615042,194.5,194.5,194.5
2026-09-09,2464,197.5,7665316,197.5,197.5,197.5
2026-09-10,2464,193.5,14845378,193.5,193.5,193.5
2026-09-11,2464,188.5,10923447,188.5,188.5,188.5
2026-09-14,2464,175.5,9893934,175.5,175.5,175.5
2026-09-15,2464,176.0,6261941,176.0,176.0,176.0
2026-09-16,2464,183.0,7797549,183.0,183.0,183.0
2026-09-17,2464,179.5,8382682,179.5,179.5,179.5
2026-09-18,2464,197.0,23685793,197.0,197.0,197.0
2026-09-21,2464,192.5,9685560,192.5,192.5,192.5
2026-09-22,2464,190.5,11046575,190.5,190.5,190.5
2026-09-23,2464,195.0,18569239,195.0,195.0,195.0
2026-09-24,2464,195.5,13517821,195.5,195.5,195.5
2026-09-29,2464,192.0,9138976,192.0,192.0,192.0
2026-09-30,2464,192.5,8431839,192.5,192.5,192.5
2026-10-01,2464,193.5,8277531,193.5,193.5,193.5
2026-10-02,2464,195.5,11541972,195.5,195.5,195.5
2026-10-05,2464,191.0,23185762,191.0,191.0,191.0
2026-09-07,2465,102.5,6180573,102.5,102.5,102.5
2026-09-08,2465,96.9,6742508,96.9,96.9,96.9
2026-09-09,2465,96.1,3421639,96.1,96.1,96.1
2026-09-10,2465,91.7,3351988,91.7,91.7,91.7
2026-09-11,2465,90.0,1621201,90.0,90.0,90.0
2026-09-14,2465,88.6,1226388,88.6,88.6,88.6
2026-09-15,2465,89.5,1093990,89.5,89.5,89.5
2026-09-16,2465,90.4,1046583,90.4,90.4,90.4
2026-09-17,2465,89.2,1832879,89.2,89.2,89.2
2026-09-18,2465,91.6,1063193,91.6,91.6,91.6
2026-09-21,2465,92.0,1415222,92.0,92.0,92.0
2026-09-22,2465,91.1,1185190,91.1,91.1,91.1
2026-09-23,2465,89.2,1008833,89.2,89.2,89.2
2026-09-24,2465,88.9,760389,88.9,88.9,88.9
2026-09-29,2465,91.9,1231345,91.9,91.9,91.9
2026-09-30,2465,91.2,1236989,91.2,91.2,91.2
2026-10-01,2465,93.2,1460228,93.2,93.2,93.2
2026-10-02,2465,92.9,1111572,92.9,92.9,92.9
2026-10-05,2465,90.9,1502240,90.9,90.9,90.9
2026-09-07,2466,100.5,914384,100.5,100.5,100.5
2026-09-08,2466,98.6,706107,98.6,98.6,98.6
2026-09-09,2466,103.5,957183,103.5,103.5,103.5
2026-09-10,2466,101.5,696810,101.5,101.5,101.5
2026-09-11,2466,106.0,1996361,106.0,106.0,106.0
2026-09-14,2466,103.0,1819218,103.0,103.0,103.0
2026-09-15,2466,102.0,701940,102.0,102.0,102.0
2026-09-16,2466,104.0,911148,104.0,104.0,104.0
2026-09-17,2466,102.5,845205,102.5,102.5,102.5
2026-09-18,2466,106.0,1513925,106.0,106.0,106.0
2026-09-21,2466,110.0,1237185,110.0,110.0,110.0
2026-09-22,2466,115.5,2847575,115.5,115.5,115.5
2026-09-23,2466,113.5,2419089,113.5,113.5,113.5
2026-09-24,2466,119.5,2401504,119.5,119.5,119.5
2026-09-29,2466,113.5,2218538,113.5,113.5,113.5
2026-09-30,2466,124.5,3211857,124.5,124.5,124.5
2026-10-01,2466,128.5,5280903,128.5,128.5,128.5
2026-10-02,2466,141.0,2480183,141.0,141.0,141.0
2026-10-05,2466,155.0,4574285,155.0,155.0,155.0
2026-09-07,2467,619.0,1069202,619.0,619.0,619.0
2026-09-08,2467,610.0,1191148,610.0,610.0,610.0
2026-09-09,2467,581.0,2068212,581.0,581.0,581.0
2026-09-10,2467,575.0,610961,575.0,575.0,575.0
2026-09-11,2467,552.0,1186327,552.0,552.0,552.0
2026-09-14,2467,537.0,930052,537.0,537.0,537.0
2026-09-15,2467,516.0,794077,516.0,516.0,516.0
2026-09-16,2467,519.0,537328,519.0,519.0,519.0
2026-09-17,2467,519.0,956336,519.0,519.0,519.0
2026-09-18,2467,528.0,845560,528.0,528.0,528.0
2026-09-21,2467,526.0,680491,526.0,526.0,526.0
2026-09-22,2467,528.0,743564,528.0,528.0,528.0
2026-09-23,2467,522.0,705750,522.0,522.0,522.0
2026-09-24,2467,529.0,631344,529.0,529.0,529.0
2026-09-29,2467,544.0,889505,544.0,544.0,544.0
2026-09-30,2467,539.0,1037845,539.0,539.0,539.0
2026-10-01,2467,543.0,878273,543.0,543.0,543.0
2026-10-02,2467,552.0,588320,552.0,552.0,552.0
2026-10-05,2467,577.0,1316432,577.0,577.0,577.0
2026-09-07,2468,33.5,115000,33.5,33.5,33.5
2026-09-08,2468,32.5,239894,32.5,32.5,32.5
2026-09-09,2468,32.45,150826,32.45,32.45,32.45
2026-09-10,2468,32.55,140063,32.55,32.55,32.55
2026-09-11,2468,35.8,4234479,35.8,35.8,35.8
2026-09-14,2468,39.35,2185407,39.35,39.35,39.35
2026-09-15,2468,43.25,7140627,43.25,43.25,43.25
2026-09-16,2468,43.65,46253058,43.65,43.65,43.65
2026-09-17,2468,41.7,9363080,41.7,41.7,41.7
2026-09-18,2468,45.85,12298765,45.85,45.85,45.85
2026-09-21,2468,46.55,26714608,46.55,46.55,46.55
2026-09-22,2468,46.85,2869403,46.85,46.85,46.85
2026-09-23,2468,45.45,1701497,45.45,45.45,45.45
2026-09-24,2468,46.25,1795696,46.25,46.25,46.25
2026-09-29,2468,46.05,920536,46.05,46.05,46.05
2026-09-30,2468,45.5,817306,45.5,45.5,45.5
2026-10-01,2468,44.55,993907,44.55,44.55,44.55
2026-10-02,2468,45.35,1437269,45.35,45.35,45.35
2026-10-05,2468,41.5,4568867,41.5,41.5,41.5
2026-09-07,2471,49.75,96328,49.75,49.75,49.75
2026-09-08,2471,49.4,59055,49.4,49.4,49.4
2026-09-09,2471,49.4,45752,49.4,49.4,49.4
2026-09-10,2471,49.5,45992,49.5,49.5,49.5
2026-09-11,2471,49.8,93015,49.8,49.8,49.8
2026-09-14,2471,50.9,1106194,50.9,50.9,50.9
2026-09-15,2471,51.7,1987251,51.7,51.7,51.7
2026-09-16,2471,51.9,563115,51.9,51.9,51.9
2026-09-17,2471,52.3,320667,52.3,52.3,52.3
2026-09-18,2471,53.1,864307,53.1,53.1,53.1
2026-09-21,2471,53.2,531148,53.2,53.2,53.2
2026-09-22,2471,52.2,382747,52.2,52.2,52.2
2026-09-23,2471,51.8,235541,51.8,51.8,51.8
2026-09-24,2471,51.4,432876,51.4,51.4,51.4
2026-09-29,2471,51.3,187884,51.3,51.3,51.3
2026-09-30,2471,51.8,153886,51.8,51.8,51.8
2026-10-01,2471,52.0,92092,52.0,52.0,52.0
2026-10-02,2471,51.4,93991,51.4,51.4,51.4
2026-10-05,2471,50.7,221987,50.7,50.7,50.7
2026-09-07,2472,226.0,3064997,226.0,226.0,226.0
2026-09-08,2472,215.5,2197572,215.5,215.5,215.5
2026-09-09,2472,215.0,1382061,215.0,215.0,215.0
2026-09-10,2472,217.0,2103240,217.0,217.0,217.0
2026-09-11,2472,213.5,2416404,213.5,213.5,213.5
2026-09-14,2472,210.5,1479337,210.5,210.5,210.5
2026-09-15,2472,208.0,2251524,208.0,208.0,208.0
2026-09-16,2472,210.5,1625050,210.5,210.5,210.5
2026-09-17,2472,208.5,1767567,208.5,208.5,208.5
2026-09-18,2472,216.0,5812559,216.0,216.0,216.0
2026-09-21,2472,213.0,2522957,213.0,213.0,213.0
2026-09-22,2472,217.5,3002410,217.5,217.5,217.5
2026-09-23,2472,216.5,2580461,216.5,216.5,216.5
2026-09-24,2472,218.5,2041796,218.5,218.5,218.5
2026-09-29,2472,213.0,1505198,213.0,213.0,213.0
2026-09-30,2472,213.5,1051547,213.5,213.5,213.5
2026-10-01,2472,226.0,5071180,226.0,226.0,226.0
2026-10-02,2472,229.0,4791775,229.0,229.0,229.0
2026-10-05,2472,227.0,3396416,227.0,227.0,227.0
2026-09-07,2474,208.5,1942028,208.5,208.5,208.5
2026-09-08,2474,205.0,4577901,205.0,205.0,205.0
2026-09-09,2474,206.0,2116341,206.0,206.0,206.0
2026-09-10,2474,204.0,1053112,204.0,204.0,204.0
2026-09-11,2474,204.0,1585455,204.0,204.0,204.0
2026-09-14,2474,205.5,1528502,205.5,205.5,205.5
2026-09-15,2474,203.5,1707551,203.5,203.5,203.5
2026-09-16,2474,207.0,2887644,207.0,207.0,207.0
2026-09-17,2474,208.5,3204951,208.5,208.5,208.5
2026-09-18,2474,209.5,4943724,209.5,209.5,209.5
2026-09-21,2474,211.0,3356077,211.0,211.0,211.0
2026-09-22,2474,210.0,1539073,210.0,210.0,210.0
2026-09-23,2474,209.0,2432542,209.0,209.0,209.0
2026-09-24,2474,206.5,1881545,206.5,206.5,206.5
2026-09-29,2474,205.5,1568422,205.5,205.5,205.5
2026-09-30,2474,206.5,1471237,206.5,206.5,206.5
2026-10-01,2474,207.5,1387154,207.5,207.5,207.5
2026-10-02,2474,207.0,1050240,207.0,207.0,207.0
2026-10-05,2474,207.0,1470531,207.0,207.0,207.0
2026-09-07,2476,122.0,1138213,122.0,122.0,122.0
2026-09-08,2476,119.5,1514963,119.5,119.5,119.5
2026-09-09,2476,120.0,866060,120.0,120.0,120.0
2026-09-10,2476,119.0,645900,119.0,119.0,119.0
2026-09-11,2476,118.0,931731,118.0,118.0,118.0
2026-09-14,2476,119.5,1103850,119.5,119.5,119.5
2026-09-15,2476,117.0,691939,117.0,117.0,117.0
2026-09-16,2476,117.5,734370,117.5,117.5,117.5
2026-09-17,2476,119.5,774132,119.5,119.5,119.5
2026-09-18,2476,124.0,2036068,124.0,124.0,124.0
2026-09-21,2476,124.5,770503,124.5,124.5,124.5
2026-09-22,2476,123.5,1012699,123.5,123.5,123.5
2026-09-23,2476,122.0,782985,122.0,122.0,122.0
2026-09-24,2476,122.5,721500,122.5,122.5,122.5
2026-09-29,2476,124.5,828647,124.5,124.5,124.5
2026-09-30,2476,123.5,596238,123.5,123.5,123.5
2026-10-01,2476,123.0,858837,123.0,123.0,123.0
2026-10-02,2476,126.0,1148883,126.0,126.0,126.0
2026-10-05,2476,128.5,1813978,128.5,128.5,128.5
2026-09-07,2477,21.65,73105,21.65,21.65,21.65
2026-09-08,2477,21.6,97251,21.6,21.6,21.6
2026-09-09,2477,22.0,117776,22.0,22.0,22.0
2026-09-10,2477,22.0,96729,22.0,22.0,22.0
2026-09-11,2477,22.0,52380,22.0,22.0,22.0
2026-09-14,2477,21.85,29152,21.85,21.85,21.85
2026-09-15,2477,21.75,71307,21.75,21.75,21.75
2026-09-16,2477,21.8,52829,21.8,21.8,21.8
2026-09-17,2477,22.0,77932,22.0,22.0,22.0
2026-09-18,2477,22.35,194628,22.35,22.35,22.35
2026-09-21,2477,23.1,654749,23.1,23.1,23.1
2026-09-22,2477,23.2,335714,23.2,23.2,23.2
2026-09-23,2477,22.9,99091,22.9,22.9,22.9
2026-09-24,2477,23.05,92563,23.05,23.05,23.05
2026-09-29,2477,23.1,148490,23.1,23.1,23.1
2026-09-30,2477,23.15,138152,23.15,23.15,23.15
2026-10-01,2477,23.1,175918,23.1,23.1,23.1
2026-10-02,2477,22.75,113064,22.75,22.75,22.75
2026-10-05,2477,22.65,44133,22.65,22.65,22.65
2026-09-07,2478,127.0,7673176,127.0,127.0,127.0
2026-09-08,2478,121.0,2622527,121.0,121.0,121.0
2026-09-09,2478,122.5,1632863,122.5,122.5,122.5
2026-09-10,2478,124.0,3631373,124.0,124.0,124.0
2026-09-11,2478,118.5,2662181,118.5,118.5,118.5
2026-09-14,2478,119.0,1749356,119.0,119.0,119.0
2026-09-15,2478,117.0,1494229,117.0,117.0,117.0
2026-09-16,2478,120.0,1397005,120.0,120.0,120.0
2026-09-17,2478,118.0,1857946,118.0,118.0,118.0
2026-09-18,2478,120.5,1513003,120.5,120.5,120.5
2026-09-21,2478,120.0,1568307,120.0,120.0,120.0
2026-09-22,2478,120.0,1736423,120.0,120.0,120.0
2026-09-23,2478,119.5,1447109,119.5,119.5,119.5
2026-09-24,2478,120.0,1175569,120.0,120.0,120.0
2026-09-29,2478,117.5,1301254,117.5,117.5,117.5
2026-09-30,2478,120.0,985080,120.0,120.0,120.0
2026-10-01,2478,124.5,6254538,124.5,124.5,124.5
2026-10-02,2478,127.0,4100635,127.0,127.0,127.0
2026-10-05,2478,126.5,4763714,126.5,126.5,126.5
2026-09-07,2480,157.5,205243,157.5,157.5,157.5
2026-09-08,2480,155.5,78582,155.5,155.5,155.5
2026-09-09,2480,155.5,83747,155.5,155.5,155.5
2026-09-10,2480,156.5,80818,156.5,156.5,156.5
2026-09-11,2480,157.5,208382,157.5,157.5,157.5
2026-09-14,2480,157.5,591102,157.5,157.5,157.5
2026-09-15,2480,161.0,428248,161.0,161.0,161.0
2026-09-16,2480,160.0,308305,160.0,160.0,160.0
2026-09-17,2480,161.5,278116,161.5,161.5,161.5
2026-09-18,2480,165.0,674597,165.0,165.0,165.0
2026-09-21,2480,164.5,253333,164.5,164.5,164.5
2026-09-22,2480,162.5,197786,162.5,162.5,162.5
2026-09-23,2480,161.0,131091,161.0,161.0,161.0
2026-09-24,2480,161.0,89757,161.0,161.0,161.0
2026-09-29,2480,159.5,153315,159.5,159.5,159.5
2026-09-30,2480,160.0,94728,160.0,160.0,160.0
2026-10-01,2480,160.0,87403,160.0,160.0,160.0
2026-10-02,2480,161.5,157577,161.5,161.5,161.5
2026-10-05,2480,166.5,779252,166.5,166.5,166.5
2026-09-07,2481,158.0,60890518,158.0,158.0,158.0
2026-09-08,2481,152.5,26855469,152.5,152.5,152.5
2026-09-09,2481,152.0,23255435,152.0,152.0,152.0
2026-09-10,2481,154.5,42970542,154.5,154.5,154.5
2026-09-11,2481,150.0,27272517,150.0,150.0,150.0
2026-09-14,2481,159.0,61139738,159.0,159.0,159.0
2026-09-15,2481,153.5,58386182,153.5,153.5,153.5
2026-09-16,2481,168.5,62194518,168.5,168.5,168.5
2026-09-17,2481,163.0,67322321,163.0,163.0,163.0
2026-09-18,2481,168.5,39944652,168.5,168.5,168.5
2026-09-21,2481,168.0,19412600,168.0,168.0,168.0
2026-09-22,2481,171.0,32263968,171.0,171.0,171.0
2026-09-23,2481,173.0,39482306,173.0,173.0,173.0
2026-09-24,2481,174.5,35754052,174.5,174.5,174.5
2026-09-29,2481,175.5,20652896,175.5,175.5,175.5
2026-09-30,2481,172.0,28472274,172.0,172.0,172.0
2026-10-01,2481,177.5,23859129,177.5,177.5,177.5
2026-10-02,2481,174.5,28414583,174.5,174.5,174.5
2026-10-05,2481,180.5,55982783,180.5,180.5,180.5
2026-09-07,2482,15.5,203490,15.5,15.5,15.5
2026-09-08,2482,15.85,133980,15.85,15.85,15.85
2026-09-09,2482,15.95,30272,15.95,15.95,15.95
2026-09-10,2482,15.75,110419,15.75,15.75,15.75
2026-09-11,2482,15.75,83551,15.75,15.75,15.75
2026-09-14,2482,15.75,33464,15.75,15.75,15.75
2026-09-15,2482,15.65,34970,15.65,15.65,15.65
2026-09-16,2482,15.95,60038,15.95,15.95,15.95
2026-09-17,2482,16.0,58925,16.0,16.0,16.0
2026-09-18,2482,16.05,83352,16.05,16.05,16.05
2026-09-21,2482,15.95,73602,15.95,15.95,15.95
2026-09-22,2482,16.4,227197,16.4,16.4,16.4
2026-09-23,2482,16.25,93994,16.25,16.25,16.25
2026-09-24,2482,16.25,49358,16.25,16.25,16.25
2026-09-29,2482,16.35,104643,16.35,16.35,16.35
2026-09-30,2482,16.45,131185,16.45,16.45,16.45
2026-10-01,2482,16.3,57932,16.3,16.3,16.3
2026-10-02,2482,16.2,62577,16.2,16.2,16.2
2026-10-05,2482,16.3,102739,16.3,16.3,16.3
2026-09-07,2483,33.05,494165,33.05,33.05,33.05
2026-09-08,2483,31.9,1091631,31.9,31.9,31.9
2026-09-09,2483,32.3,561248,32.3,32.3,32.3
2026-09-10,2483,31.0,750213,31.0,31.0,31.0
2026-09-11,2483,30.1,601889,30.1,30.1,30.1
2026-09-14,2483,30.85,584003,30.85,30.85,30.85
2026-09-15,2483,30.3,304112,30.3,30.3,30.3
2026-09-16,2483,31.7,501309,31.7,31.7,31.7
2026-09-17,2483,32.4,503527,32.4,32.4,32.4
2026-09-18,2483,33.0,597624,33.0,33.0,33.0
2026-09-21,2483,32.8,581598,32.8,32.8,32.8
2026-09-22,2483,32.5,383448,32.5,32.5,32.5
2026-09-23,2483,32.5,303675,32.5,32.5,32.5
2026-09-24,2483,32.55,341412,32.55,32.55,32.55
2026-09-29,2483,32.5,208005,32.5,32.5,32.5
2026-09-30,2483,35.75,1702959,35.75,35.75,35.75
2026-10-01,2483,36.6,5737472,36.6,36.6,36.6
2026-10-02,2483,37.0,3184383,37.0,37.0,37.0
2026-10-05,2483,40.7,3931690,40.7,40.7,40.7
2026-09-07,2484,70.3,5851564,70.3,70.3,70.3
2026-09-08,2484,69.0,4502261,69.0,69.0,69.0
2026-09-09,2484,70.5,8023442,70.5,70.5,70.5
2026-09-10,2484,68.7,4819195,68.7,68.7,68.7
2026-09-11,2484,66.7,3520829,66.7,66.7,66.7
2026-09-14,2484,67.2,3550118,67.2,67.2,67.2
2026-09-15,2484,68.0,4704529,68.0,68.0,68.0
2026-09-16,2484,71.4,7913131,71.4,71.4,71.4
2026-09-17,2484,70.3,7728849,70.3,70.3,70.3
2026-09-18,2484,70.4,4123862,70.4,70.4,70.4
2026-09-21,2484,70.0,2646140,70.0,70.0,70.0
2026-09-22,2484,69.6,2956102,69.6,69.6,69.6
2026-09-23,2484,72.9,18373667,72.9,72.9,72.9
2026-09-24,2484,72.8,13213876,72.8,72.8,72.8
2026-09-29,2484,76.9,30199086,76.9,76.9,76.9
2026-09-30,2484,78.0,23947173,78.0,78.0,78.0
2026-10-01,2484,84.6,40048717,84.6,84.6,84.6
2026-10-02,2484,86.5,46132849,86.5,86.5,86.5
2026-10-05,2484,86.4,34032579,86.4,86.4,86.4
2026-09-07,2485,40.7,2147493,40.7,40.7,40.7
2026-09-08,2485,39.9,1875649,39.9,39.9,39.9
2026-09-09,2485,40.65,1602460,40.65,40.65,40.65
2026-09-10,2485,39.85,2246211,39.85,39.85,39.85
2026-09-11,2485,38.55,2097379,38.55,38.55,38.55
2026-09-14,2485,38.5,1286214,38.5,38.5,38.5
2026-09-15,2485,37.55,1328003,37.55,37.55,37.55
2026-09-16,2485,38.95,1623960,38.95,38.95,38.95
2026-09-17,2485,39.35,4014575,39.35,39.35,39.35
2026-09-18,2485,39.55,1448945,39.55,39.55,39.55
2026-09-21,2485,40.9,3326911,40.9,40.9,40.9
2026-09-22,2485,39.8,2547902,39.8,39.8,39.8
2026-09-23,2485,39.25,1554649,39.25,39.25,39.25
2026-09-24,2485,39.15,1008262,39.15,39.15,39.15
2026-09-29,2485,39.75,1310521,39.75,39.75,39.75
2026-09-30,2485,41.7,4139983,41.7,41.7,41.7
2026-10-01,2485,40.5,2456324,40.5,40.5,40.5
2026-10-02,2485,41.3,2231409,41.3,41.3,41.3
2026-10-05,2485,44.6,18380592,44.6,44.6,44.6
2026-09-07,2486,254.5,6478033,254.5,254.5,254.5
2026-09-08,2486,245.5,6410708,245.5,245.5,245.5
2026-09-09,2486,249.5,4246570,249.5,249.5,249.5
2026-09-10,2486,242.0,3984694,242.0,242.0,242.0
2026-09-11,2486,237.5,4035275,237.5,237.5,237.5
2026-09-14,2486,234.5,3668068,234.5,234.5,234.5
2026-09-15,2486,228.0,3063177,228.0,228.0,228.0
2026-09-16,2486,229.5,2991564,229.5,229.5,229.5
2026-09-17,2486,229.0,3144822,229.0,229.0,229.0
2026-09-18,2486,237.5,3776310,237.5,237.5,237.5
2026-09-21,2486,234.5,3235161,234.5,234.5,234.5
2026-09-22,2486,233.5,3177621,233.5,233.5,233.5
2026-09-23,2486,232.0,2001185,232.0,232.0,232.0
2026-09-24,2486,234.0,1585886,234.0,234.0,234.0
2026-09-29,2486,237.0,1955933,237.0,237.0,237.0
2026-09-30,2486,240.0,3719747,240.0,240.0,240.0
2026-10-01,2486,248.5,8667512,248.5,248.5,248.5
2026-10-02,2486,245.0,3396108,245.0,245.0,245.0
2026-10-05,2486,247.0,4968816,247.0,247.0,247.0
2026-09-07,2488,48.7,128083,48.7,48.7,48.7
2026-09-08,2488,48.35,48132,48.35,48.35,48.35
2026-09-09,2488,48.25,105368,48.25,48.25,48.25
2026-09-10,2488,48.15,47342,48.15,48.15,48.15
2026-09-11,2488,48.55,158617,48.55,48.55,48.55
2026-09-14,2488,48.35,80485,48.35,48.35,48.35
2026-09-15,2488,48.3,55198,48.3,48.3,48.3
2026-09-16,2488,48.6,20039,48.6,48.6,48.6
2026-09-17,2488,48.65,100516,48.65,48.65,48.65
2026-09-18,2488,48.75,58274,48.75,48.75,48.75
2026-09-21,2488,48.75,47177,48.75,48.75,48.75
2026-09-22,2488,49.1,153802,49.1,49.1,49.1
2026-09-23,2488,49.1,30771,49.1,49.1,49.1
2026-09-24,2488,48.85,43260,48.85,48.85,48.85
2026-09-29,2488,48.7,33167,48.7,48.7,48.7
2026-09-30,2488,48.85,71337,48.85,48.85,48.85
2026-10-01,2488,48.95,28095,48.95,48.95,48.95
2026-10-02,2488,48.85,41302,48.85,48.85,48.85
2026-10-05,2488,48.95,48661,48.95,48.95,48.95
2026-09-07,2489,40.9,18407786,40.9,40.9,40.9
2026-09-08,2489,39.15,14853323,39.15,39.15,39.15
2026-09-09,2489,39.45,16921785,39.45,39.45,39.45
2026-09-10,2489,38.6,8503716,38.6,38.6,38.6
2026-09-11,2489,36.9,12150618,36.9,36.9,36.9
2026-09-14,2489,39.3,20867390,39.3,39.3,39.3
2026-09-15,2489,37.5,15674743,37.5,37.5,37.5
2026-09-16,2489,41.25,36281643,41.25,41.25,41.25
2026-09-17,2489,43.2,123007380,43.2,43.2,43.2
2026-09-18,2489,44.15,79748448,44.15,44.15,44.15
2026-09-21,2489,43.0,43474007,43.0,43.0,43.0
2026-09-22,2489,41.95,29552768,41.95,41.95,41.95
2026-09-23,2489,41.05,14619018,41.05,41.05,41.05
2026-09-24,2489,40.8,17569723,40.8,40.8,40.8
2026-09-29,2489,41.1,8627458,41.1,41.1,41.1
2026-09-30,2489,41.8,23864644,41.8,41.8,41.8
2026-10-01,2489,40.65,12754502,40.65,40.65,40.65
2026-10-02,2489,41.15,15967742,41.15,41.15,41.15
2026-10-05,2489,40.4,16344152,40.4,40.4,40.4
2026-09-07,2491,43.0,2607253,43.0,43.0,43.0
2026-09-08,2491,40.6,1327944,40.6,40.6,40.6
2026-09-09,2491,41.75,929513,41.75,41.75,41.75
2026-09-10,2491,41.1,660062,41.1,41.1,41.1
2026-09-11,2491,39.6,1568607,39.6,39.6,39.6
2026-09-14,2491,39.5,1021615,39.5,39.5,39.5
2026-09-15,2491,39.95,628740,39.95,39.95,39.95
2026-09-16,2491,40.55,663271,40.55,40.55,40.55
2026-09-17,2491,40.3,1145322,40.3,40.3,40.3
2026-09-18,2491,41.3,1054922,41.3,41.3,41.3
2026-09-21,2491,40.05,1556152,40.05,40.05,40.05
2026-09-22,2491,40.05,601503,40.05,40.05,40.05
2026-09-23,2491,40.15,1075271,40.15,40.15,40.15
2026-09-24,2491,39.55,534954,39.55,39.55,39.55
2026-09-29,2491,40.2,455070,40.2,40.2,40.2
2026-09-30,2491,40.8,623561,40.8,40.8,40.8
2026-10-01,2491,40.5,513778,40.5,40.5,40.5
2026-10-02,2491,41.45,908318,41.45,41.45,41.45
2026-10-05,2491,40.05,1098103,40.05,40.05,40.05
2026-09-07,2492,323.0,47400166,323.0,323.0,323.0
2026-09-08,2492,318.5,25418303,318.5,318.5,318.5
2026-09-09,2492,319.5,26073976,319.5,319.5,319.5
2026-09-10,2492,334.0,42694132,334.0,334.0,334.0
2026-09-11,2492,311.5,57397388,311.5,311.5,311.5
2026-09-14,2492,305.5,28422433,305.5,305.5,305.5
2026-09-15,2492,300.0,21610352,300.0,300.0,300.0
2026-09-16,2492,307.5,15103377,307.5,307.5,307.5
2026-09-17,2492,297.0,21642767,297.0,297.0,297.0
2026-09-18,2492,309.5,15512592,309.5,309.5,309.5
2026-09-21,2492,308.5,22904042,308.5,308.5,308.5
2026-09-22,2492,311.0,21974598,311.0,311.0,311.0
2026-09-23,2492,306.0,19018789,306.0,306.0,306.0
2026-09-24,2492,311.5,15596998,311.5,311.5,311.5
2026-09-29,2492,302.0,31201956,302.0,302.0,302.0
2026-09-30,2492,299.5,18146633,299.5,299.5,299.5
2026-10-01,2492,329.0,51670689,329.0,329.0,329.0
2026-10-02,2492,361.5,55788034,361.5,361.5,361.5
2026-10-05,2492,368.5,95779681,368.5,368.5,368.5
2026-09-07,2493,184.0,934961,184.0,184.0,184.0
2026-09-08,2493,179.5,727385,179.5,179.5,179.5
2026-09-09,2493,180.0,564378,180.0,180.0,180.0
2026-09-10,2493,174.5,990794,174.5,174.5,174.5
2026-09-11,2493,173.5,849445,173.5,173.5,173.5
2026-09-14,2493,170.5,605157,170.5,170.5,170.5
2026-09-15,2493,171.0,522879,171.0,171.0,171.0
2026-09-16,2493,188.0,2384094,188.0,188.0,188.0
2026-09-17,2493,206.5,3978826,206.5,206.5,206.5
2026-09-18,2493,192.5,9889463,192.5,192.5,192.5
2026-09-21,2493,183.0,4252819,183.0,183.0,183.0
2026-09-22,2493,194.5,4958962,194.5,194.5,194.5
2026-09-23,2493,197.0,3002171,197.0,197.0,197.0
2026-09-24,2493,191.0,1360568,191.0,191.0,191.0
2026-09-29,2493,196.0,1972776,196.0,196.0,196.0
2026-09-30,2493,197.5,1606105,197.5,197.5,197.5
2026-10-01,2493,197.0,988907,197.0,197.0,197.0
2026-10-02,2493,196.5,1418568,196.5,196.5,196.5
2026-10-05,2493,208.0,3344745,208.0,208.0,208.0
2026-09-07,2495,37.4,1006490,37.4,37.4,37.4
2026-09-08,2495,36.05,1161268,36.05,36.05,36.05
2026-09-09,2495,36.95,904959,36.95,36.95,36.95
2026-09-10,2495,36.95,589171,36.95,36.95,36.95
2026-09-11,2495,37.45,2135847,37.45,37.45,37.45
2026-09-14,2495,37.3,1147241,37.3,37.3,37.3
2026-09-15,2495,36.45,1455835,36.45,36.45,36.45
2026-09-16,2495,37.05,536968,37.05,37.05,37.05
2026-09-17,2495,37.5,1483284,37.5,37.5,37.5
2026-09-18,2495,38.05,1319604,38.05,38.05,38.05
2026-09-21,2495,39.1,3372973,39.1,39.1,39.1
2026-09-22,2495,38.45,1619210,38.45,38.45,38.45
2026-09-23,2495,38.85,1000900,38.85,38.85,38.85
2026-09-24,2495,39.05,821681,39.05,39.05,39.05
2026-09-29,2495,38.95,882955,38.95,38.95,38.95
2026-09-30,2495,39.05,974342,39.05,39.05,39.05
2026-10-01,2495,38.6,864591,38.6,38.6,38.6
2026-10-02,2495,38.4,1051157,38.4,38.4,38.4
2026-10-05,2495,38.45,1018022,38.45,38.45,38.45
2026-09-07,2496,55.0,9335,55.0,55.0,55.0
2026-09-08,2496,55.1,5240,55.1,55.1,55.1
2026-09-09,2496,55.0,13857,55.0,55.0,55.0
2026-09-10,2496,54.9,13623,54.9,54.9,54.9
2026-09-11,2496,54.6,10038,54.6,54.6,54.6
2026-09-14,2496,54.9,7384,54.9,54.9,54.9
2026-09-15,2496,54.9,3531,54.9,54.9,54.9
2026-09-16,2496,55.0,2361,55.0,55.0,55.0
2026-09-17,2496,54.9,13004,54.9,54.9,54.9
2026-09-18,2496,55.3,1447,55.3,55.3,55.3
2026-09-21,2496,54.8,11314,54.8,54.8,54.8
2026-09-22,2496,54.8,6323,54.8,54.8,54.8
2026-09-23,2496,54.7,15248,54.7,54.7,54.7
2026-09-24,2496,55.3,12765,55.3,55.3,55.3
2026-09-29,2496,55.1,6405,55.1,55.1,55.1
2026-09-30,2496,55.0,14052,55.0,55.0,55.0
2026-10-01,2496,55.1,15908,55.1,55.1,55.1
2026-10-02,2496,55.1,19285,55.1,55.1,55.1
2026-10-05,2496,54.8,16811,54.8,54.8,54.8
2026-09-07,2497,44.25,360120,44.25,44.25,44.25
2026-09-08,2497,43.9,261868,43.9,43.9,43.9
2026-09-09,2497,44.0,188335,44.0,44.0,44.0
2026-09-10,2497,43.0,320974,43.0,43.0,43.0
2026-09-11,2497,43.1,162185,43.1,43.1,43.1
2026-09-14,2497,43.05,127267,43.05,43.05,43.05
2026-09-15,2497,42.95,155751,42.95,42.95,42.95
2026-09-16,2497,43.35,117302,43.35,43.35,43.35
2026-09-17,2497,43.65,466074,43.65,43.65,43.65
2026-09-18,2497,44.35,292126,44.35,44.35,44.35
2026-09-21,2497,43.7,287137,43.7,43.7,43.7
2026-09-22,2497,43.5,186060,43.5,43.5,43.5
2026-09-23,2497,43.4,124006,43.4,43.4,43.4
2026-09-24,2497,43.8,92124,43.8,43.8,43.8
2026-09-29,2497,43.6,87631,43.6,43.6,43.6
2026-09-30,2497,44.35,240102,44.35,44.35,44.35
2026-10-01,2497,44.0,207894,44.0,44.0,44.0
2026-10-02,2497,44.05,181458,44.05,44.05,44.05
2026-10-05,2497,44.05,227595,44.05,44.05,44.05
2026-09-07,2498,41.0,4139799,41.0,41.0,41.0
2026-09-08,2498,40.2,3851454,40.2,40.2,40.2
2026-09-09,2498,40.5,2128506,40.5,40.5,40.5
2026-09-10,2498,40.15,1864450,40.15,40.15,40.15
2026-09-11,2498,39.95,1980958,39.95,39.95,39.95
2026-09-14,2498,39.9,1741906,39.9,39.9,39.9
2026-09-15,2498,39.25,2667623,39.25,39.25,39.25
2026-09-16,2498,40.2,3120072,40.2,40.2,40.2
2026-09-17,2498,39.85,4471663,39.85,39.85,39.85
2026-09-18,2498,39.55,10516652,39.55,39.55,39.55
2026-09-21,2498,40.1,3173733,40.1,40.1,40.1
2026-09-22,2498,40.1,4952959,40.1,40.1,40.1
2026-09-23,2498,41.65,24654023,41.65,41.65,41.65
2026-09-24,2498,41.8,7183755,41.8,41.8,41.8
2026-09-29,2498,43.0,8994708,43.0,43.0,43.0
2026-09-30,2498,42.9,13288766,42.9,42.9,42.9
2026-10-01,2498,43.7,23409453,43.7,43.7,43.7
2026-10-02,2498,42.9,7419209,42.9,42.9,42.9
2026-10-05,2498,42.05,6643820,42.05,42.05,42.05
2026-09-07,2501,22.3,2776136,22.3,22.3,22.3
2026-09-08,2501,22.4,1185856,22.4,22.4,22.4
2026-09-09,2501,22.4,478419,22.4,22.4,22.4
2026-09-10,2501,22.25,1363940,22.25,22.25,22.25
2026-09-11,2501,22.15,1155871,22.15,22.15,22.15
2026-09-14,2501,21.85,1796594,21.85,21.85,21.85
2026-09-15,2501,21.3,3634884,21.3,21.3,21.3
2026-09-16,2501,21.15,1932115,21.15,21.15,21.15
2026-09-17,2501,21.4,4945601,21.4,21.4,21.4
2026-09-18,2501,21.8,6628522,21.8,21.8,21.8
2026-09-21,2501,21.7,1579142,21.7,21.7,21.7
2026-09-22,2501,21.45,1315428,21.45,21.45,21.45
2026-09-23,2501,21.2,2991103,21.2,21.2,21.2
2026-09-24,2501,21.1,1723858,21.1,21.1,21.1
2026-09-29,2501,21.15,2205717,21.15,21.15,21.15
2026-09-30,2501,21.1,3115570,21.1,21.1,21.1
2026-10-01,2501,21.05,1745076,21.05,21.05,21.05
2026-10-02,2501,20.85,2484844,20.85,20.85,20.85
2026-10-05,2501,20.35,4573493,20.35,20.35,20.35
2026-09-07,2504,31.3,999325,31.3,31.3,31.3
2026-09-08,2504,31.6,928674,31.6,31.6,31.6
2026-09-09,2504,31.55,586038,31.55,31.55,31.55
2026-09-10,2504,31.45,524670,31.45,31.45,31.45
2026-09-11,2504,31.3,596329,31.3,31.3,31.3
2026-09-14,2504,30.95,1196185,30.95,30.95,30.95
2026-09-15,2504,30.5,1858662,30.5,30.5,30.5
2026-09-16,2504,30.55,948202,30.55,30.55,30.55
2026-09-17,2504,30.85,806886,30.85,30.85,30.85
2026-09-18,2504,31.6,2210788,31.6,31.6,31.6
2026-09-21,2504,31.1,2032047,31.1,31.1,31.1
2026-09-22,2504,31.15,1769491,31.15,31.15,31.15
2026-09-23,2504,31.1,1727007,31.1,31.1,31.1
2026-09-24,2504,30.9,1456108,30.9,30.9,30.9
2026-09-29,2504,30.55,2041127,30.55,30.55,30.55
2026-09-30,2504,30.65,1251684,30.65,30.65,30.65
2026-10-01,2504,30.55,1242464,30.55,30.55,30.55
2026-10-02,2504,30.65,1036847,30.65,30.65,30.65
2026-10-05,2504,30.95,2068731,30.95,30.95,30.95
2026-09-07,2505,17.25,169941,17.25,17.25,17.25
2026-09-08,2505,17.25,143895,17.25,17.25,17.25
2026-09-09,2505,17.35,188939,17.35,17.35,17.35
2026-09-10,2505,17.4,260917,17.4,17.4,17.4
2026-09-11,2505,17.3,97763,17.3,17.3,17.3
2026-09-14,2505,17.35,58376,17.35,17.35,17.35
2026-09-15,2505,17.15,253507,17.15,17.15,17.15
2026-09-16,2505,17.2,193981,17.2,17.2,17.2
2026-09-17,2505,17.25,193034,17.25,17.25,17.25
2026-09-18,2505,16.7,6507494,16.7,16.7,16.7
2026-09-21,2505,17.0,1809649,17.0,17.0,17.0
2026-09-22,2505,17.15,238200,17.15,17.15,17.15
2026-09-23,2505,17.15,321185,17.15,17.15,17.15
2026-09-24,2505,17.15,489277,17.15,17.15,17.15
2026-09-29,2505,16.95,303325,16.95,16.95,16.95
2026-09-30,2505,17.0,398504,17.0,17.0,17.0
2026-10-01,2505,17.05,97110,17.05,17.05,17.05
2026-10-02,2505,17.0,273583,17.0,17.0,17.0
2026-10-05,2505,17.0,673687,17.0,17.0,17.0
2026-09-07,2506,8.58,40413,8.58,8.58,8.58
2026-09-08,2506,8.58,63619,8.58,8.58,8.58
2026-09-09,2506,8.61,266724,8.61,8.61,8.61
2026-09-10,2506,8.72,311323,8.72,8.72,8.72
2026-09-11,2506,8.7,186911,8.7,8.7,8.7
2026-09-14,2506,8.58,175547,8.58,8.58,8.58
2026-09-15,2506,8.57,146181,8.57,8.57,8.57
2026-09-16,2506,8.6,52989,8.6,8.6,8.6
2026-09-17,2506,8.61,184232,8.61,8.61,8.61
2026-09-18,2506,8.2,1360389,8.2,8.2,8.2
2026-09-21,2506,8.37,836729,8.37,8.37,8.37
2026-09-22,2506,8.38,340901,8.38,8.38,8.38
2026-09-23,2506,8.43,237504,8.43,8.43,8.43
2026-09-24,2506,8.41,125845,8.41,8.41,8.41
2026-09-29,2506,8.41,273693,8.41,8.41,8.41
2026-09-30,2506,8.43,85550,8.43,8.43,8.43
2026-10-01,2506,8.43,293255,8.43,8.43,8.43
2026-10-02,2506,8.38,151744,8.38,8.38,8.38
2026-10-05,2506,8.38,141707,8.38,8.38,8.38
2026-09-07,2509,14.9,136901,14.9,14.9,14.9
2026-09-08,2509,14.95,46415,14.95,14.95,14.95
2026-09-09,2509,14.8,33048,14.8,14.8,14.8
2026-09-10,2509,14.65,81376,14.65,14.65,14.65
2026-09-11,2509,14.45,146703,14.45,14.45,14.45
2026-09-14,2509,14.35,33577,14.35,14.35,14.35
2026-09-15,2509,14.05,95860,14.05,14.05,14.05
2026-09-16,2509,14.4,66328,14.4,14.4,14.4
2026-09-17,2509,14.35,88573,14.35,14.35,14.35
2026-09-18,2509,14.9,224244,14.9,14.9,14.9
2026-09-21,2509,14.8,46722,14.8,14.8,14.8
2026-09-22,2509,14.55,175050,14.55,14.55,14.55
2026-09-23,2509,14.45,87644,14.45,14.45,14.45
2026-09-24,2509,14.35,70476,14.35,14.35,14.35
2026-09-29,2509,14.05,156579,14.05,14.05,14.05
2026-09-30,2509,14.3,30901,14.3,14.3,14.3
2026-10-01,2509,14.3,58505,14.3,14.3,14.3
2026-10-02,2509,14.1,79968,14.1,14.1,14.1
2026-10-05,2509,13.95,157661,13.95,13.95,13.95
2026-09-07,2511,8.52,1281701,8.52,8.52,8.52
2026-09-08,2511,8.47,685341,8.47,8.47,8.47
2026-09-09,2511,8.49,534538,8.49,8.49,8.49
2026-09-10,2511,8.44,294618,8.44,8.44,8.44
2026-09-11,2511,8.45,530740,8.45,8.45,8.45
2026-09-14,2511,8.4,385048,8.4,8.4,8.4
2026-09-15,2511,8.37,480766,8.37,8.37,8.37
2026-09-16,2511,8.3,478040,8.3,8.3,8.3
2026-09-17,2511,8.39,975351,8.39,8.39,8.39
2026-09-18,2511,8.39,2007750,8.39,8.39,8.39
2026-09-21,2511,8.44,643657,8.44,8.44,8.44
2026-09-22,2511,8.42,496866,8.42,8.42,8.42
2026-09-23,2511,8.4,573273,8.4,8.4,8.4
2026-09-24,2511,8.39,392569,8.39,8.39,8.39
2026-09-29,2511,8.32,617420,8.32,8.32,8.32
2026-09-30,2511,8.34,545474,8.34,8.34,8.34
2026-10-01,2511,8.32,413104,8.32,8.32,8.32
2026-10-02,2511,8.28,521370,8.28,8.28,8.28
2026-10-05,2511,8.25,852278,8.25,8.25,8.25
2026-09-07,2514,11.75,74498,11.75,11.75,11.75
2026-09-08,2514,11.6,59765,11.6,11.6,11.6
2026-09-09,2514,11.7,50835,11.7,11.7,11.7
2026-09-10,2514,11.65,22721,11.65,11.65,11.65
2026-09-11,2514,11.6,85707,11.6,11.6,11.6
2026-09-14,2514,11.5,133838,11.5,11.5,11.5
2026-09-15,2514,11.5,137769,11.5,11.5,11.5
2026-09-16,2514,11.5,51926,11.5,11.5,11.5
2026-09-17,2514,11.6,41234,11.6,11.6,11.6
2026-09-18,2514,11.7,149738,11.7,11.7,11.7
2026-09-21,2514,11.8,68052,11.8,11.8,11.8
2026-09-22,2514,11.8,48272,11.8,11.8,11.8
2026-09-23,2514,11.6,64731,11.6,11.6,11.6
2026-09-24,2514,11.45,77158,11.45,11.45,11.45
2026-09-29,2514,11.4,35096,11.4,11.4,11.4
2026-09-30,2514,11.7,67416,11.7,11.7,11.7
2026-10-01,2514,11.6,51071,11.6,11.6,11.6
2026-10-02,2514,11.35,171427,11.35,11.35,11.35
2026-10-05,2514,11.25,116391,11.25,11.25,11.25
2026-09-07,2515,11.9,4909219,11.9,11.9,11.9
2026-09-08,2515,11.9,1720203,11.9,11.9,11.9
2026-09-09,2515,12.05,4028609,12.05,12.05,12.05
2026-09-10,2515,12.0,3006851,12.0,12.0,12.0
2026-09-11,2515,12.0,3281211,12.0,12.0,12.0
2026-09-14,2515,12.0,2318466,12.0,12.0,12.0
2026-09-15,2515,11.75,5105437,11.75,11.75,11.75
2026-09-16,2515,11.8,1890579,11.8,11.8,11.8
2026-09-17,2515,12.05,12829832,12.05,12.05,12.05
2026-09-18,2515,11.95,16630954,11.95,11.95,11.95
2026-09-21,2515,12.0,6256703,12.0,12.0,12.0
2026-09-22,2515,11.9,3508982,11.9,11.9,11.9
2026-09-23,2515,11.95,6074235,11.95,11.95,11.95
2026-09-24,2515,11.95,1780532,11.95,11.95,11.95
2026-09-29,2515,11.8,4178372,11.8,11.8,11.8
2026-09-30,2515,11.9,3359728,11.9,11.9,11.9
2026-10-01,2515,11.95,1882455,11.95,11.95,11.95
2026-10-02,2515,11.9,2431185,11.9,11.9,11.9
2026-10-05,2515,11.8,4658417,11.8,11.8,11.8
2026-09-07,2516,14.1,105965,14.1,14.1,14.1
2026-09-08,2516,14.1,143188,14.1,14.1,14.1
2026-09-09,2516,14.6,495693,14.6,14.6,14.6
2026-09-10,2516,14.7,132333,14.7,14.7,14.7
2026-09-11,2516,14.5,103224,14.5,14.5,14.5
2026-09-14,2516,14.6,79255,14.6,14.6,14.6
2026-09-15,2516,14.35,57316,14.35,14.35,14.35
2026-09-16,2516,14.45,187118,14.45,14.45,14.45
2026-09-17,2516,14.55,78869,14.55,14.55,14.55
2026-09-18,2516,14.6,99675,14.6,14.6,14.6
2026-09-21,2516,14.85,430730,14.85,14.85,14.85
2026-09-22,2516,14.85,155502,14.85,14.85,14.85
2026-09-23,2516,14.8,141403,14.8,14.8,14.8
2026-09-24,2516,15.45,864916,15.45,15.45,15.45
2026-09-29,2516,14.9,264706,14.9,14.9,14.9
2026-09-30,2516,15.35,174965,15.35,15.35,15.35
2026-10-01,2516,15.15,115002,15.15,15.15,15.15
2026-10-02,2516,15.05,153366,15.05,15.05,15.05
2026-10-05,2516,14.85,190050,14.85,14.85,14.85
2026-09-07,2520,36.6,1710941,36.6,36.6,36.6
2026-09-08,2520,36.8,722466,36.8,36.8,36.8
2026-09-09,2520,36.9,936017,36.9,36.9,36.9
2026-09-10,2520,36.75,947362,36.75,36.75,36.75
2026-09-11,2520,36.45,532088,36.45,36.45,36.45
2026-09-14,2520,36.6,988774,36.6,36.6,36.6
2026-09-15,2520,36.5,1083142,36.5,36.5,36.5
2026-09-16,2520,36.4,1386974,36.4,36.4,36.4
2026-09-17,2520,37.35,2928562,37.35,37.35,37.35
2026-09-18,2520,38.0,5226464,38.0,38.0,38.0
2026-09-21,2520,38.35,1214024,38.35,38.35,38.35
2026-09-22,2520,37.25,1369277,37.25,37.25,37.25
2026-09-23,2520,36.95,935204,36.95,36.95,36.95
2026-09-24,2520,37.3,937879,37.3,37.3,37.3
2026-09-29,2520,37.0,1043424,37.0,37.0,37.0
2026-09-30,2520,36.5,1750284,36.5,36.5,36.5
2026-10-01,2520,36.75,1180983,36.75,36.75,36.75
2026-10-02,2520,36.95,1224002,36.95,36.95,36.95
2026-10-05,2520,36.65,812445,36.65,36.65,36.65
2026-09-07,2524,35.7,67043,35.7,35.7,35.7
2026-09-08,2524,35.7,78333,35.7,35.7,35.7
2026-09-09,2524,35.25,32876,35.25,35.25,35.25
2026-09-10,2524,35.0,31471,35.0,35.0,35.0
2026-09-11,2524,34.3,59285,34.3,34.3,34.3
2026-09-14,2524,34.0,68081,34.0,34.0,34.0
2026-09-15,2524,33.3,88830,33.3,33.3,33.3
2026-09-16,2524,33.25,62383,33.25,33.25,33.25
2026-09-17,2524,34.1,105350,34.1,34.1,34.1
2026-09-18,2524,37.5,240441,37.5,37.5,37.5
2026-09-21,2524,35.25,426485,35.25,35.25,35.25
2026-09-22,2524,35.4,54848,35.4,35.4,35.4
2026-09-23,2524,35.0,45307,35.0,35.0,35.0
2026-09-24,2524,34.85,29217,34.85,34.85,34.85
2026-09-29,2524,34.25,56370,34.25,34.25,34.25
2026-09-30,2524,34.7,54715,34.7,34.7,34.7
2026-10-01,2524,34.6,25371,34.6,34.6,34.6
2026-10-02,2524,34.3,39981,34.3,34.3,34.3
2026-10-05,2524,33.65,103064,33.65,33.65,33.65
2026-09-07,2527,43.4,1346910,43.4,43.4,43.4
2026-09-08,2527,43.35,267876,43.35,43.35,43.35
2026-09-09,2527,44.0,489061,44.0,44.0,44.0
2026-09-10,2527,44.35,475633,44.35,44.35,44.35
2026-09-11,2527,43.45,686565,43.45,43.45,43.45
2026-09-14,2527,43.7,235194,43.7,43.7,43.7
2026-09-15,2527,42.5,499243,42.5,42.5,42.5
2026-09-16,2527,43.05,262376,43.05,43.05,43.05
2026-09-17,2527,43.75,928788,43.75,43.75,43.75
2026-09-18,2527,45.8,1087865,45.8,45.8,45.8
2026-09-21,2527,46.9,628952,46.9,46.9,46.9
2026-09-22,2527,48.15,1099295,48.15,48.15,48.15
2026-09-23,2527,48.4,658464,48.4,48.4,48.4
2026-09-24,2527,47.95,469702,47.95,47.95,47.95
2026-09-29,2527,48.35,634439,48.35,48.35,48.35
2026-09-30,2527,50.0,1603695,50.0,50.0,50.0
2026-10-01,2527,49.1,842203,49.1,49.1,49.1
2026-10-02,2527,49.55,886600,49.55,49.55,49.55
2026-10-05,2527,51.8,1783278,51.8,51.8,51.8
2026-09-07,2528,20.1,247091,20.1,20.1,20.1
2026-09-08,2528,20.15,118347,20.15,20.15,20.15
2026-09-09,2528,20.2,129032,20.2,20.2,20.2
2026-09-10,2528,20.15,190815,20.15,20.15,20.15
2026-09-11,2528,19.8,261605,19.8,19.8,19.8
2026-09-14,2528,19.4,247465,19.4,19.4,19.4
2026-09-15,2528,19.5,221913,19.5,19.5,19.5
2026-09-16,2528,19.55,214118,19.55,19.55,19.55
2026-09-17,2528,19.75,182260,19.75,19.75,19.75
2026-09-18,2528,19.7,992277,19.7,19.7,19.7
2026-09-21,2528,20.5,719084,20.5,20.5,20.5
2026-09-22,2528,20.45,349064,20.45,20.45,20.45
2026-09-23,2528,19.85,355950,19.85,19.85,19.85
2026-09-24,2528,19.55,127050,19.55,19.55,19.55
2026-09-29,2528,19.3,315990,19.3,19.3,19.3
2026-09-30,2528,19.4,164650,19.4,19.4,19.4
2026-10-01,2528,19.25,121117,19.25,19.25,19.25
2026-10-02,2528,19.25,405491,19.25,19.25,19.25
2026-10-05,2528,19.05,611674,19.05,19.05,19.05
2026-09-07,2530,19.75,727909,19.75,19.75,19.75
2026-09-08,2530,19.85,855690,19.85,19.85,19.85
2026-09-09,2530,19.8,702190,19.8,19.8,19.8
2026-09-10,2530,19.55,751118,19.55,19.55,19.55
2026-09-11,2530,20.1,1137524,20.1,20.1,20.1
2026-09-14,2530,20.6,1944441,20.6,20.6,20.6
2026-09-15,2530,20.15,805807,20.15,20.15,20.15
2026-09-16,2530,19.8,501048,19.8,19.8,19.8
2026-09-17,2530,20.15,587634,20.15,20.15,20.15
2026-09-18,2530,20.8,1570606,20.8,20.8,20.8
2026-09-21,2530,20.2,1005021,20.2,20.2,20.2
2026-09-22,2530,20.4,655874,20.4,20.4,20.4
2026-09-23,2530,20.15,350868,20.15,20.15,20.15
2026-09-24,2530,20.15,244629,20.15,20.15,20.15
2026-09-29,2530,20.1,399870,20.1,20.1,20.1
2026-09-30,2530,20.05,541805,20.05,20.05,20.05
2026-10-01,2530,20.05,193533,20.05,20.05,20.05
2026-10-02,2530,20.05,213513,20.05,20.05,20.05
2026-10-05,2530,19.85,859790,19.85,19.85,19.85
2026-09-07,2534,16.95,211426,16.95,16.95,16.95
2026-09-08,2534,16.9,144019,16.9,16.9,16.9
2026-09-09,2534,17.05,215886,17.05,17.05,17.05
2026-09-10,2534,16.8,149435,16.8,16.8,16.8
2026-09-11,2534,16.75,142023,16.75,16.75,16.75
2026-09-14,2534,16.75,195568,16.75,16.75,16.75
2026-09-15,2534,16.7,213067,16.7,16.7,16.7
2026-09-16,2534,16.8,136394,16.8,16.8,16.8
2026-09-17,2534,17.05,305383,17.05,17.05,17.05
2026-09-18,2534,16.9,752031,16.9,16.9,16.9
2026-09-21,2534,17.0,162586,17.0,17.0,17.0
2026-09-22,2534,17.0,175075,17.0,17.0,17.0
2026-09-23,2534,16.95,214533,16.95,16.95,16.95
2026-09-24,2534,16.7,260385,16.7,16.7,16.7
2026-09-29,2534,16.9,214610,16.9,16.9,16.9
2026-09-30,2534,16.95,283189,16.95,16.95,16.95
2026-10-01,2534,16.85,205842,16.85,16.85,16.85
2026-10-02,2534,16.7,277669,16.7,16.7,16.7
2026-10-05,2534,16.55,306564,16.55,16.55,16.55
2026-09-07,2535,89.2,173816,89.2,89.2,89.2
2026-09-08,2535,89.1,101544,89.1,89.1,89.1
2026-09-09,2535,88.7,233691,88.7,88.7,88.7
2026-09-10,2535,90.1,194967,90.1,90.1,90.1
2026-09-11,2535,89.8,156074,89.8,89.8,89.8
2026-09-14,2535,89.7,220060,89.7,89.7,89.7
2026-09-15,2535,88.6,170019,88.6,88.6,88.6
2026-09-16,2535,88.8,170325,88.8,88.8,88.8
2026-09-17,2535,89.7,240831,89.7,89.7,89.7
2026-09-18,2535,90.3,226862,90.3,90.3,90.3
2026-09-21,2535,89.8,159616,89.8,89.8,89.8
2026-09-22,2535,89.8,264482,89.8,89.8,89.8
2026-09-23,2535,89.9,355512,89.9,89.9,89.9
2026-09-24,2535,89.8,359976,89.8,89.8,89.8
2026-09-29,2535,89.1,113837,89.1,89.1,89.1
2026-09-30,2535,89.2,138514,89.2,89.2,89.2
2026-10-01,2535,88.9,166962,88.9,88.9,88.9
2026-10-02,2535,88.5,299055,88.5,88.5,88.5
2026-10-05,2535,88.3,282947,88.3,88.3,88.3
2026-09-07,2536,18.85,495642,18.85,18.85,18.85
2026-09-08,2536,18.85,650753,18.85,18.85,18.85
2026-09-09,2536,19.0,747795,19.0,19.0,19.0
2026-09-10,2536,19.15,406069,19.15,19.15,19.15
2026-09-11,2536,19.1,417106,19.1,19.1,19.1
2026-09-14,2536,19.45,480545,19.45,19.45,19.45
2026-09-15,2536,19.1,438700,19.1,19.1,19.1
2026-09-16,2536,19.1,397597,19.1,19.1,19.1
2026-09-17,2536,19.45,829150,19.45,19.45,19.45
2026-09-18,2536,19.4,1070491,19.4,19.4,19.4
2026-09-21,2536,19.5,272954,19.5,19.5,19.5
2026-09-22,2536,19.5,315886,19.5,19.5,19.5
2026-09-23,2536,19.4,310641,19.4,19.4,19.4
2026-09-24,2536,19.2,376183,19.2,19.2,19.2
2026-09-29,2536,19.15,608246,19.15,19.15,19.15
2026-09-30,2536,19.15,464468,19.15,19.15,19.15
2026-10-01,2536,19.1,398618,19.1,19.1,19.1
2026-10-02,2536,18.8,912720,18.8,18.8,18.8
2026-10-05,2536,18.35,695345,18.35,18.35,18.35
2026-09-07,2537,11.3,1869582,11.3,11.3,11.3
2026-09-08,2537,11.4,276918,11.4,11.4,11.4
2026-09-09,2537,11.45,330105,11.45,11.45,11.45
2026-09-10,2537,11.4,411808,11.4,11.4,11.4
2026-09-11,2537,11.3,262793,11.3,11.3,11.3
2026-09-14,2537,11.25,855927,11.25,11.25,11.25
2026-09-15,2537,11.05,616251,11.05,11.05,11.05
2026-09-16,2537,11.15,342112,11.15,11.15,11.15
2026-09-17,2537,11.4,1021901,11.4,11.4,11.4
2026-09-18,2537,11.35,2797562,11.35,11.35,11.35
2026-09-21,2537,11.35,697392,11.35,11.35,11.35
2026-09-22,2537,11.35,494893,11.35,11.35,11.35
2026-09-23,2537,11.4,196635,11.4,11.4,11.4
2026-09-24,2537,11.4,189889,11.4,11.4,11.4
2026-09-29,2537,11.25,537977,11.25,11.25,11.25
2026-09-30,2537,11.25,395251,11.25,11.25,11.25
2026-10-01,2537,11.1,1015171,11.1,11.1,11.1
2026-10-02,2537,11.05,453711,11.05,11.05,11.05
2026-10-05,2537,10.9,2215567,10.9,10.9,10.9
2026-09-07,2538,8.79,463753,8.79,8.79,8.79
2026-09-08,2538,8.87,273481,8.87,8.87,8.87
2026-09-09,2538,8.83,475713,8.83,8.83,8.83
2026-09-10,2538,8.8,399537,8.8,8.8,8.8
2026-09-11,2538,8.74,282334,8.74,8.74,8.74
2026-09-14,2538,8.67,272347,8.67,8.67,8.67
2026-09-15,2538,8.63,633201,8.63,8.63,8.63
2026-09-16,2538,8.63,445185,8.63,8.63,8.63
2026-09-17,2538,8.69,249282,8.69,8.69,8.69
2026-09-18,2538,8.46,10701641,8.46,8.46,8.46
2026-09-21,2538,8.57,2182774,8.57,8.57,8.57
2026-09-22,2538,8.61,745175,8.61,8.61,8.61
2026-09-23,2538,8.67,286783,8.67,8.67,8.67
2026-09-24,2538,8.71,237556,8.71,8.71,8.71
2026-09-29,2538,8.71,475327,8.71,8.71,8.71
2026-09-30,2538,8.92,691830,8.92,8.92,8.92
2026-10-01,2538,8.83,251192,8.83,8.83,8.83
2026-10-02,2538,8.87,337876,8.87,8.87,8.87
2026-10-05,2538,8.67,651642,8.67,8.67,8.67
2026-09-07,2539,35.15,769605,35.15,35.15,35.15
2026-09-08,2539,35.25,950243,35.25,35.25,35.25
2026-09-09,2539,35.75,730748,35.75,35.75,35.75
2026-09-10,2539,35.35,959024,35.35,35.35,35.35
2026-09-11,2539,35.15,864961,35.15,35.15,35.15
2026-09-14,2539,34.6,835731,34.6,34.6,34.6
2026-09-15,2539,34.05,908259,34.05,34.05,34.05
2026-09-16,2539,33.95,565066,33.95,33.95,33.95
2026-09-17,2539,34.4,367876,34.4,34.4,34.4
2026-09-18,2539,36.1,1848467,36.1,36.1,36.1
2026-09-21,2539,35.25,582551,35.25,35.25,35.25
2026-09-22,2539,35.25,341624,35.25,35.25,35.25
2026-09-23,2539,34.9,491855,34.9,34.9,34.9
2026-09-24,2539,34.45,1158192,34.45,34.45,34.45
2026-09-29,2539,34.0,1069477,34.0,34.0,34.0
2026-09-30,2539,34.3,657424,34.3,34.3,34.3
2026-10-01,2539,34.25,661576,34.25,34.25,34.25
2026-10-02,2539,34.0,1003922,34.0,34.0,34.0
2026-10-05,2539,33.5,1734846,33.5,33.5,33.5
2026-09-07,2540,46.9,399708,46.9,46.9,46.9
2026-09-08,2540,48.2,591170,48.2,48.2,48.2
2026-09-09,2540,49.1,693538,49.1,49.1,49.1
2026-09-10,2540,49.45,441286,49.45,49.45,49.45
2026-09-11,2540,49.1,517567,49.1,49.1,49.1
2026-09-14,2540,48.05,402340,48.05,48.05,48.05
2026-09-15,2540,47.5,406019,47.5,47.5,47.5
2026-09-16,2540,48.5,302167,48.5,48.5,48.5
2026-09-17,2540,49.75,835096,49.75,49.75,49.75
2026-09-18,2540,50.6,1901386,50.6,50.6,50.6
2026-09-21,2540,49.1,644798,49.1,49.1,49.1
2026-09-22,2540,49.5,206622,49.5,49.5,49.5
2026-09-23,2540,49.65,374900,49.65,49.65,49.65
2026-09-24,2540,49.0,226455,49.0,49.0,49.0
2026-09-29,2540,47.6,462170,47.6,47.6,47.6
2026-09-30,2540,48.45,291504,48.45,48.45,48.45
2026-10-01,2540,48.85,167264,48.85,48.85,48.85
2026-10-02,2540,48.15,463965,48.15,48.15,48.15
2026-10-05,2540,47.45,501650,47.45,47.45,47.45
2026-09-07,2542,48.0,7664867,48.0,48.0,48.0
2026-09-08,2542,47.7,4033278,47.7,47.7,47.7
2026-09-09,2542,48.2,8134795,48.2,48.2,48.2
2026-09-10,2542,46.5,13798859,46.5,46.5,46.5
2026-09-11,2542,46.5,6255442,46.5,46.5,46.5
2026-09-14,2542,45.7,8970322,45.7,45.7,45.7
2026-09-15,2542,45.25,9711683,45.25,45.25,45.25
2026-09-16,2542,45.9,11786811,45.9,45.9,45.9
2026-09-17,2542,46.85,12055585,46.85,46.85,46.85
2026-09-18,2542,47.8,25349766,47.8,47.8,47.8
2026-09-21,2542,46.45,17948076,46.45,46.45,46.45
2026-09-22,2542,45.45,22311403,45.45,45.45,45.45
2026-09-23,2542,39.55,47140332,39.55,39.55,39.55
2026-09-24,2542,39.5,12468559,39.5,39.5,39.5
2026-09-29,2542,38.6,11497190,38.6,38.6,38.6
2026-09-30,2542,38.65,12284297,38.65,38.65,38.65
2026-10-01,2542,38.4,11207800,38.4,38.4,38.4
2026-10-02,2542,38.75,8587725,38.75,38.75,38.75
2026-10-05,2542,38.05,11966350,38.05,38.05,38.05
2026-09-07,2543,38.65,661238,38.65,38.65,38.65
2026-09-08,2543,39.05,879180,39.05,39.05,39.05
2026-09-09,2543,39.4,638076,39.4,39.4,39.4
2026-09-10,2543,39.1,619978,39.1,39.1,39.1
2026-09-11,2543,37.9,1344710,37.9,37.9,37.9
2026-09-14,2543,37.6,549966,37.6,37.6,37.6
2026-09-15,2543,37.35,525134,37.35,37.35,37.35
2026-09-16,2543,38.7,923137,38.7,38.7,38.7
2026-09-17,2543,39.0,1149841,39.0,39.0,39.0
2026-09-18,2543,39.45,1833223,39.45,39.45,39.45
2026-09-21,2543,38.4,857590,38.4,38.4,38.4
2026-09-22,2543,38.15,612993,38.15,38.15,38.15
2026-09-23,2543,38.3,293699,38.3,38.3,38.3
2026-09-24,2543,38.15,357734,38.15,38.15,38.15
2026-09-29,2543,38.15,724402,38.15,38.15,38.15
2026-09-30,2543,38.5,832916,38.5,38.5,38.5
2026-10-01,2543,38.2,547540,38.2,38.2,38.2
2026-10-02,2543,38.35,559917,38.35,38.35,38.35
2026-10-05,2543,38.05,850025,38.05,38.05,38.05
2026-09-07,2545,34.5,294574,34.5,34.5,34.5
2026-09-08,2545,34.8,188403,34.8,34.8,34.8
2026-09-09,2545,34.6,106653,34.6,34.6,34.6
2026-09-10,2545,34.4,177701,34.4,34.4,34.4
2026-09-11,2545,33.75,231187,33.75,33.75,33.75
2026-09-14,2545,33.05,189642,33.05,33.05,33.05
2026-09-15,2545,33.15,84780,33.15,33.15,33.15
2026-09-16,2545,33.3,108012,33.3,33.3,33.3
2026-09-17,2545,33.85,240156,33.85,33.85,33.85
2026-09-18,2545,35.2,621153,35.2,35.2,35.2
2026-09-21,2545,34.45,161425,34.45,34.45,34.45
2026-09-22,2545,34.3,128597,34.3,34.3,34.3
2026-09-23,2545,34.0,104400,34.0,34.0,34.0
2026-09-24,2545,34.2,59553,34.2,34.2,34.2
2026-09-29,2545,33.9,116282,33.9,33.9,33.9
2026-09-30,2545,34.45,151207,34.45,34.45,34.45
2026-10-01,2545,34.2,44791,34.2,34.2,34.2
2026-10-02,2545,33.95,119689,33.95,33.95,33.95
2026-10-05,2545,34.0,154729,34.0,34.0,34.0
2026-09-07,2546,105.5,143247,105.5,105.5,105.5
2026-09-08,2546,105.0,114460,105.0,105.0,105.0
2026-09-09,2546,104.0,48959,104.0,104.0,104.0
2026-09-10,2546,103.5,121657,103.5,103.5,103.5
2026-09-11,2546,101.0,156772,101.0,101.0,101.0
2026-09-14,2546,102.0,106506,102.0,102.0,102.0
2026-09-15,2546,105.5,238982,105.5,105.5,105.5
2026-09-16,2546,106.5,286122,106.5,106.5,106.5
2026-09-17,2546,104.0,251863,104.0,104.0,104.0
2026-09-18,2546,106.5,244479,106.5,106.5,106.5
2026-09-21,2546,104.0,122105,104.0,104.0,104.0
2026-09-22,2546,106.0,107410,106.0,106.0,106.0
2026-09-23,2546,106.0,96418,106.0,106.0,106.0
2026-09-24,2546,106.5,80044,106.5,106.5,106.5
2026-09-29,2546,106.0,140126,106.0,106.0,106.0
2026-09-30,2546,105.0,111421,105.0,105.0,105.0
2026-10-01,2546,106.0,119687,106.0,106.0,106.0
2026-10-02,2546,105.0,125411,105.0,105.0,105.0
2026-10-05,2546,106.0,132066,106.0,106.0,106.0
2026-09-07,2547,9.95,1459952,9.95,9.95,9.95
2026-09-08,2547,9.96,931719,9.96,9.96,9.96
2026-09-09,2547,10.05,1023130,10.05,10.05,10.05
2026-09-10,2547,9.98,1138407,9.98,9.98,9.98
2026-09-11,2547,9.82,2786114,9.82,9.82,9.82
2026-09-14,2547,9.75,1386148,9.75,9.75,9.75
2026-09-15,2547,9.69,2249415,9.69,9.69,9.69
2026-09-16,2547,9.69,1071966,9.69,9.69,9.69
2026-09-17,2547,9.87,1293610,9.87,9.87,9.87
2026-09-18,2547,10.1,2138642,10.1,10.1,10.1
2026-09-21,2547,10.0,1379302,10.0,10.0,10.0
2026-09-22,2547,9.95,1034181,9.95,9.95,9.95
2026-09-23,2547,9.94,1346268,9.94,9.94,9.94
2026-09-24,2547,9.82,1238412,9.82,9.82,9.82
2026-09-29,2547,9.85,774661,9.85,9.85,9.85
2026-09-30,2547,9.79,1404389,9.79,9.79,9.79
2026-10-01,2547,9.78,724577,9.78,9.78,9.78
2026-10-02,2547,9.76,671986,9.76,9.76,9.76
2026-10-05,2547,9.66,2078970,9.66,9.66,9.66
2026-09-07,2548,94.2,564236,94.2,94.2,94.2
2026-09-08,2548,94.6,440165,94.6,94.6,94.6
2026-09-09,2548,95.6,659368,95.6,95.6,95.6
2026-09-10,2548,94.4,540590,94.4,94.4,94.4
2026-09-11,2548,94.9,543962,94.9,94.9,94.9
2026-09-14,2548,92.9,1321028,92.9,92.9,92.9
2026-09-15,2548,91.6,1610583,91.6,91.6,91.6
2026-09-16,2548,91.9,783756,91.9,91.9,91.9
2026-09-17,2548,93.6,902582,93.6,93.6,93.6
2026-09-18,2548,96.5,4428034,96.5,96.5,96.5
2026-09-21,2548,93.7,1747614,93.7,93.7,93.7
2026-09-22,2548,94.3,616447,94.3,94.3,94.3
2026-09-23,2548,93.4,1152373,93.4,93.4,93.4
2026-09-24,2548,93.2,324548,93.2,93.2,93.2
2026-09-29,2548,92.2,1191007,92.2,92.2,92.2
2026-09-30,2548,91.6,1628153,91.6,91.6,91.6
2026-10-01,2548,91.8,575056,91.8,91.8,91.8
2026-10-02,2548,92.5,1422249,92.5,92.5,92.5
2026-10-05,2548,91.5,1389170,91.5,91.5,91.5
2026-09-07,2597,171.0,132056,171.0,171.0,171.0
2026-09-08,2597,171.0,189046,171.0,171.0,171.0
2026-09-09,2597,175.0,479590,175.0,175.0,175.0
2026-09-10,2597,172.0,170270,172.0,172.0,172.0
2026-09-11,2597,169.0,171133,169.0,169.0,169.0
2026-09-14,2597,167.0,141717,167.0,167.0,167.0
2026-09-15,2597,169.5,115120,169.5,169.5,169.5
2026-09-16,2597,168.5,129907,168.5,168.5,168.5
2026-09-17,2597,172.0,351872,172.0,172.0,172.0
2026-09-18,2597,172.5,215835,172.5,172.5,172.5
2026-09-21,2597,171.0,124680,171.0,171.0,171.0
2026-09-22,2597,168.5,185193,168.5,168.5,168.5
2026-09-23,2597,168.5,203292,168.5,168.5,168.5
2026-09-24,2597,167.5,180208,167.5,167.5,167.5
2026-09-29,2597,167.0,87871,167.0,167.0,167.0
2026-09-30,2597,168.0,161609,168.0,168.0,168.0
2026-10-01,2597,167.5,272552,167.5,167.5,167.5
2026-10-02,2597,165.5,327348,165.5,165.5,165.5
2026-10-05,2597,163.5,358943,163.5,163.5,163.5
2026-09-07,2601,6.8,2020511,6.8,6.8,6.8
2026-09-08,2601,6.8,1726038,6.8,6.8,6.8
2026-09-09,2601,6.85,2232803,6.85,6.85,6.85
2026-09-10,2601,6.66,3166061,6.66,6.66,6.66
2026-09-11,2601,6.54,2500788,6.54,6.54,6.54
2026-09-14,2601,6.38,1879257,6.38,6.38,6.38
2026-09-15,2601,6.23,2025754,6.23,6.23,6.23
2026-09-16,2601,6.21,1683505,6.21,6.21,6.21
2026-09-17,2601,6.3,2344657,6.3,6.3,6.3
2026-09-18,2601,5.92,23990310,5.92,5.92,5.92
2026-09-21,2601,5.93,6717506,5.93,5.93,5.93
2026-09-22,2601,5.91,4011556,5.91,5.91,5.91
2026-10-05,2601,6.45,8488264,6.45,6.45,6.45
2026-09-07,2603,233.0,5618324,233.0,233.0,233.0
2026-09-08,2603,229.0,6325453,229.0,229.0,229.0
2026-09-09,2603,234.0,8646886,234.0,234.0,234.0
2026-09-10,2603,231.0,6710165,231.0,231.0,231.0
2026-09-11,2603,234.5,8626038,234.5,234.5,234.5
2026-09-14,2603,237.0,12908688,237.0,237.0,237.0
2026-09-15,2603,233.5,6962846,233.5,233.5,233.5
2026-09-16,2603,239.0,12583031,239.0,239.0,239.0
2026-09-17,2603,242.5,8766454,242.5,242.5,242.5
2026-09-18,2603,240.5,10734765,240.5,240.5,240.5
2026-09-21,2603,242.0,6287955,242.0,242.0,242.0
2026-09-22,2603,242.5,6321791,242.5,242.5,242.5
2026-09-23,2603,243.0,5801298,243.0,243.0,243.0
2026-09-24,2603,243.0,4944813,243.0,243.0,243.0
2026-09-29,2603,238.0,6250427,238.0,238.0,238.0
2026-09-30,2603,239.5,4735702,239.5,239.5,239.5
2026-10-01,2603,238.0,5955064,238.0,238.0,238.0
2026-10-02,2603,240.0,5621086,240.0,240.0,240.0
2026-10-05,2603,234.5,9022467,234.5,234.5,234.5
2026-09-07,2605,36.35,7665129,36.35,36.35,36.35
2026-09-08,2605,36.5,9484244,36.5,36.5,36.5
2026-09-09,2605,36.95,14005228,36.95,36.95,36.95
2026-09-10,2605,36.25,24763869,36.25,36.25,36.25
2026-09-11,2605,36.5,15254289,36.5,36.5,36.5
2026-09-14,2605,36.15,6995523,36.15,36.15,36.15
2026-09-15,2605,35.05,8993430,35.05,35.05,35.05
2026-09-16,2605,36.05,12864086,36.05,36.05,36.05
2026-09-17,2605,37.15,14491606,37.15,37.15,37.15
2026-09-18,2605,36.1,9451516,36.1,36.1,36.1
2026-09-21,2605,37.3,12860816,37.3,37.3,37.3
2026-09-22,2605,37.1,5164616,37.1,37.1,37.1
2026-09-23,2605,37.05,6734824,37.05,37.05,37.05
2026-09-24,2605,36.5,6256782,36.5,36.5,36.5
2026-09-29,2605,35.4,10030192,35.4,35.4,35.4
2026-09-30,2605,35.55,10034189,35.55,35.55,35.55
2026-10-01,2605,35.4,4547958,35.4,35.4,35.4
2026-10-02,2605,35.75,7945053,35.75,35.75,35.75
2026-10-05,2605,35.15,5673765,35.15,35.15,35.15
2026-09-07,2606,78.6,5286800,78.6,78.6,78.6
2026-09-08,2606,77.8,2421495,77.8,77.8,77.8
2026-09-09,2606,79.7,4709277,79.7,79.7,79.7
2026-09-10,2606,78.4,6465791,78.4,78.4,78.4
2026-09-11,2606,76.5,5184382,76.5,76.5,76.5
2026-09-14,2606,76.2,2841174,76.2,76.2,76.2
2026-09-15,2606,74.6,4503726,74.6,74.6,74.6
2026-09-16,2606,76.0,5725760,76.0,76.0,76.0
2026-09-17,2606,77.0,3653421,77.0,77.0,77.0
2026-09-18,2606,77.4,2655269,77.4,77.4,77.4
2026-09-21,2606,77.3,2328261,77.3,77.3,77.3
2026-09-22,2606,76.7,2274843,76.7,76.7,76.7
2026-09-23,2606,76.7,1711007,76.7,76.7,76.7
2026-09-24,2606,76.7,2953322,76.7,76.7,76.7
2026-09-29,2606,73.4,4989525,73.4,73.4,73.4
2026-09-30,2606,73.6,2063214,73.6,73.6,73.6
2026-10-01,2606,73.5,1729086,73.5,73.5,73.5
2026-10-02,2606,75.9,3649164,75.9,75.9,75.9
2026-10-05,2606,74.3,2327013,74.3,74.3,74.3
2026-09-07,2607,53.1,350480,53.1,53.1,53.1
2026-09-08,2607,53.2,247289,53.2,53.2,53.2
2026-09-09,2607,53.5,326707,53.5,53.5,53.5
2026-09-10,2607,53.0,253583,53.0,53.0,53.0
2026-09-11,2607,53.3,271321,53.3,53.3,53.3
2026-09-14,2607,53.0,195201,53.0,53.0,53.0
2026-09-15,2607,53.0,194503,53.0,53.0,53.0
2026-09-16,2607,53.1,233926,53.1,53.1,53.1
2026-09-17,2607,53.4,682049,53.4,53.4,53.4
2026-09-18,2607,53.3,488809,53.3,53.3,53.3
2026-09-21,2607,53.6,141790,53.6,53.6,53.6
2026-09-22,2607,53.7,232726,53.7,53.7,53.7
2026-09-23,2607,53.7,178055,53.7,53.7,53.7
2026-09-24,2607,53.7,216362,53.7,53.7,53.7
2026-09-29,2607,53.1,391612,53.1,53.1,53.1
2026-09-30,2607,53.8,305124,53.8,53.8,53.8
2026-10-01,2607,53.8,188561,53.8,53.8,53.8
2026-10-02,2607,53.5,167740,53.5,53.5,53.5
2026-10-05,2607,53.2,215273,53.2,53.2,53.2
2026-09-07,2608,28.55,256199,28.55,28.55,28.55
2026-09-08,2608,28.4,107951,28.4,28.4,28.4
2026-09-09,2608,28.45,80880,28.45,28.45,28.45
2026-09-10,2608,28.7,598118,28.7,28.7,28.7
2026-09-11,2608,28.9,1015721,28.9,28.9,28.9
2026-09-14,2608,28.75,178497,28.75,28.75,28.75
2026-09-15,2608,28.6,112075,28.6,28.6,28.6
2026-09-16,2608,28.8,690148,28.8,28.8,28.8
2026-09-17,2608,28.9,271400,28.9,28.9,28.9
2026-09-18,2608,29.1,341851,29.1,29.1,29.1
2026-09-21,2608,28.85,353309,28.85,28.85,28.85
2026-09-22,2608,28.8,94117,28.8,28.8,28.8
2026-09-23,2608,28.8,136293,28.8,28.8,28.8
2026-09-24,2608,28.7,92755,28.7,28.7,28.7
2026-09-29,2608,28.55,215391,28.55,28.55,28.55
2026-09-30,2608,28.6,105210,28.6,28.6,28.6
2026-10-01,2608,28.8,85896,28.8,28.8,28.8
2026-10-02,2608,28.8,163236,28.8,28.8,28.8
2026-10-05,2608,28.7,174204,28.7,28.7,28.7
2026-09-07,2609,58.1,15705138,58.1,58.1,58.1
2026-09-08,2609,57.3,15542080,57.3,57.3,57.3
2026-09-09,2609,58.5,31633364,58.5,58.5,58.5
2026-09-10,2609,58.0,43320399,58.0,58.0,58.0
2026-09-11,2609,59.4,79512906,59.4,59.4,59.4
2026-09-14,2609,59.3,30195141,59.3,59.3,59.3
2026-09-15,2609,58.8,22032722,58.8,58.8,58.8
2026-09-16,2609,60.2,41409617,60.2,60.2,60.2
2026-09-17,2609,62.0,41269391,62.0,62.0,62.0
2026-09-18,2609,61.0,47583928,61.0,61.0,61.0
2026-09-21,2609,61.1,22246087,61.1,61.1,61.1
2026-09-22,2609,60.8,16601037,60.8,60.8,60.8
2026-09-23,2609,59.9,27682926,59.9,59.9,59.9
2026-09-24,2609,59.6,12099033,59.6,59.6,59.6
2026-09-29,2609,58.4,23606564,58.4,58.4,58.4
2026-09-30,2609,59.4,16623183,59.4,59.4,59.4
2026-10-01,2609,58.8,12469577,58.8,58.8,58.8
2026-10-02,2609,59.7,11663046,59.7,59.7,59.7
2026-10-05,2609,58.7,13578075,58.7,58.7,58.7
2026-09-07,2610,20.45,13861205,20.45,20.45,20.45
2026-09-08,2610,20.6,15148183,20.6,20.6,20.6
2026-09-09,2610,20.45,8815142,20.45,20.45,20.45
2026-09-10,2610,20.2,14196184,20.2,20.2,20.2
2026-09-11,2610,20.4,13188384,20.4,20.4,20.4
2026-09-14,2610,20.2,7960868,20.2,20.2,20.2
2026-09-15,2610,19.9,22908902,19.9,19.9,19.9
2026-09-16,2610,19.95,12213671,19.95,19.95,19.95
2026-09-17,2610,20.35,14343844,20.35,20.35,20.35
2026-09-18,2610,20.15,24511612,20.15,20.15,20.15
2026-09-21,2610,20.25,6925883,20.25,20.25,20.25
2026-09-22,2610,20.5,20154934,20.5,20.5,20.5
2026-09-23,2610,20.45,34416034,20.45,20.45,20.45
2026-09-24,2610,20.3,25331179,20.3,20.3,20.3
2026-09-29,2610,20.1,7852078,20.1,20.1,20.1
2026-09-30,2610,20.45,16977467,20.45,20.45,20.45
2026-10-01,2610,20.3,11977056,20.3,20.3,20.3
2026-10-02,2610,20.35,7576661,20.35,20.35,20.35
2026-10-05,2610,20.1,13717252,20.1,20.1,20.1
2026-09-07,2611,14.25,476329,14.25,14.25,14.25
2026-09-08,2611,14.0,1044992,14.0,14.0,14.0
2026-09-09,2611,14.05,298168,14.05,14.05,14.05
2026-09-10,2611,13.9,482690,13.9,13.9,13.9
2026-09-11,2611,13.9,294368,13.9,13.9,13.9
2026-09-14,2611,13.85,203412,13.85,13.85,13.85
2026-09-15,2611,14.0,427341,14.0,14.0,14.0
2026-09-16,2611,14.15,354019,14.15,14.15,14.15
2026-09-17,2611,14.3,386817,14.3,14.3,14.3
2026-09-18,2611,14.4,473370,14.4,14.4,14.4
2026-09-21,2611,14.5,287660,14.5,14.5,14.5
2026-09-22,2611,14.25,591625,14.25,14.25,14.25
2026-09-23,2611,14.15,247072,14.15,14.15,14.15
2026-09-24,2611,14.05,286922,14.05,14.05,14.05
2026-09-29,2611,14.05,225756,14.05,14.05,14.05
2026-09-30,2611,14.5,497762,14.5,14.5,14.5
2026-10-01,2611,14.35,236913,14.35,14.35,14.35
2026-10-02,2611,14.3,369598,14.3,14.3,14.3
2026-10-05,2611,15.2,2301610,15.2,15.2,15.2
2026-09-07,2612,64.0,611263,64.0,64.0,64.0
2026-09-08,2612,64.0,292164,64.0,64.0,64.0
2026-09-09,2612,65.0,790287,65.0,65.0,65.0
2026-09-10,2612,64.3,937633,64.3,64.3,64.3
2026-09-11,2612,64.2,933428,64.2,64.2,64.2
2026-09-14,2612,63.9,574888,63.9,63.9,63.9
2026-09-15,2612,61.5,594852,61.5,61.5,61.5
2026-09-16,2612,62.3,609588,62.3,62.3,62.3
2026-09-17,2612,63.4,522621,63.4,63.4,63.4
2026-09-18,2612,62.8,306489,62.8,62.8,62.8
2026-09-21,2612,63.3,340722,63.3,63.3,63.3
2026-09-22,2612,62.9,181480,62.9,62.9,62.9
2026-09-23,2612,62.4,235188,62.4,62.4,62.4
2026-09-24,2612,62.2,244146,62.2,62.2,62.2
2026-09-29,2612,60.8,388561,60.8,60.8,60.8
2026-09-30,2612,61.8,288104,61.8,61.8,61.8
2026-10-01,2612,61.4,131957,61.4,61.4,61.4
2026-10-02,2612,62.9,361515,62.9,62.9,62.9
2026-10-05,2612,61.6,266613,61.6,61.6,61.6
2026-09-07,2613,22.7,403908,22.7,22.7,22.7
2026-09-08,2613,22.9,283521,22.9,22.9,22.9
2026-09-09,2613,22.75,344332,22.75,22.75,22.75
2026-09-10,2613,22.2,401985,22.2,22.2,22.2
2026-09-11,2613,22.25,269182,22.25,22.25,22.25
2026-09-14,2613,22.1,255806,22.1,22.1,22.1
2026-09-15,2613,21.8,192836,21.8,21.8,21.8
2026-09-16,2613,22.05,323888,22.05,22.05,22.05
2026-09-17,2613,22.3,233058,22.3,22.3,22.3
2026-09-18,2613,22.1,182110,22.1,22.1,22.1
2026-09-21,2613,22.3,178972,22.3,22.3,22.3
2026-09-22,2613,22.3,114657,22.3,22.3,22.3
2026-09-23,2613,22.3,141797,22.3,22.3,22.3
2026-09-24,2613,22.2,130355,22.2,22.2,22.2
2026-09-29,2613,21.95,110543,21.95,21.95,21.95
2026-09-30,2613,22.4,207361,22.4,22.4,22.4
2026-10-01,2613,22.2,97537,22.2,22.2,22.2
2026-10-02,2613,22.15,173784,22.15,22.15,22.15
2026-10-05,2613,21.85,287076,21.85,21.85,21.85
2026-09-07,2614,18.05,1184592,18.05,18.05,18.05
2026-09-08,2614,18.15,278641,18.15,18.15,18.15
2026-09-09,2614,18.15,727568,18.15,18.15,18.15
2026-09-10,2614,18.0,842657,18.0,18.0,18.0
2026-09-11,2614,17.95,305215,17.95,17.95,17.95
2026-09-14,2614,17.8,489482,17.8,17.8,17.8
2026-09-15,2614,17.7,444311,17.7,17.7,17.7
2026-09-16,2614,17.7,651343,17.7,17.7,17.7
2026-09-17,2614,18.1,682054,18.1,18.1,18.1
2026-09-18,2614,18.0,478438,18.0,18.0,18.0
2026-09-21,2614,18.15,532467,18.15,18.15,18.15
2026-09-22,2614,18.25,766076,18.25,18.25,18.25
2026-09-23,2614,18.3,691265,18.3,18.3,18.3
2026-09-24,2614,18.25,320181,18.25,18.25,18.25
2026-09-29,2614,18.85,2885213,18.85,18.85,18.85
2026-09-30,2614,19.2,1808945,19.2,19.2,19.2
2026-10-01,2614,19.25,2033832,19.25,19.25,19.25
2026-10-02,2614,19.25,2756942,19.25,19.25,19.25
2026-10-05,2614,19.1,4823107,19.1,19.1,19.1
2026-09-07,2615,114.5,9069060,114.5,114.5,114.5
2026-09-08,2615,112.0,11368928,112.0,112.0,112.0
2026-09-09,2615,116.0,25417973,116.0,116.0,116.0
2026-09-10,2615,110.5,35958208,110.5,110.5,110.5
2026-09-11,2615,112.0,27656631,112.0,112.0,112.0
2026-09-14,2615,113.0,13184172,113.0,113.0,113.0
2026-09-15,2615,112.0,8078477,112.0,112.0,112.0
2026-09-16,2615,115.0,25797544,115.0,115.0,115.0
2026-09-17,2615,120.5,18631521,120.5,120.5,120.5
2026-09-18,2615,120.5,30550377,120.5,120.5,120.5
2026-09-21,2615,117.0,14255960,117.0,117.0,117.0
2026-09-22,2615,116.5,8707967,116.5,116.5,116.5
2026-09-23,2615,113.5,9936550,113.5,113.5,113.5
2026-09-24,2615,115.5,6307120,115.5,115.5,115.5
2026-09-29,2615,111.0,10041037,111.0,111.0,111.0
2026-09-30,2615,114.0,5251682,114.0,114.0,114.0
2026-10-01,2615,112.5,4209797,112.5,112.5,112.5
2026-10-02,2615,113.0,4638177,113.0,113.0,113.0
2026-10-05,2615,110.5,7837690,110.5,110.5,110.5
2026-09-07,2616,13.4,82885,13.4,13.4,13.4
2026-09-08,2616,13.35,63799,13.35,13.35,13.35
2026-09-09,2616,13.35,81950,13.35,13.35,13.35
2026-09-10,2616,13.3,127312,13.3,13.3,13.3
2026-09-11,2616,13.35,118108,13.35,13.35,13.35
2026-09-14,2616,13.3,62305,13.3,13.3,13.3
2026-09-15,2616,13.25,61118,13.25,13.25,13.25
2026-09-16,2616,13.25,64698,13.25,13.25,13.25
2026-09-17,2616,13.3,142693,13.3,13.3,13.3
2026-09-18,2616,13.3,64523,13.3,13.3,13.3
2026-09-21,2616,13.3,57059,13.3,13.3,13.3
2026-09-22,2616,13.35,94001,13.35,13.35,13.35
2026-09-23,2616,13.25,106217,13.25,13.25,13.25
2026-09-24,2616,13.2,84564,13.2,13.2,13.2
2026-09-29,2616,13.2,55544,13.2,13.2,13.2
2026-09-30,2616,13.3,62310,13.3,13.3,13.3
2026-10-01,2616,13.3,31106,13.3,13.3,13.3
2026-10-02,2616,13.2,125806,13.2,13.2,13.2
2026-10-05,2616,13.15,151710,13.15,13.15,13.15
2026-09-07,2617,32.9,3612170,32.9,32.9,32.9
2026-09-08,2617,32.35,1240620,32.35,32.35,32.35
2026-09-09,2617,33.4,3532033,33.4,33.4,33.4
2026-09-10,2617,33.45,3341030,33.45,33.45,33.45
2026-09-11,2617,33.65,5793879,33.65,33.65,33.65
2026-09-14,2617,33.05,1926875,33.05,33.05,33.05
2026-09-15,2617,32.4,1456809,32.4,32.4,32.4
2026-09-16,2617,32.45,1546038,32.45,32.45,32.45
2026-09-17,2617,33.1,2187351,33.1,33.1,33.1
2026-09-18,2617,32.95,969283,32.95,32.95,32.95
2026-09-21,2617,33.3,1511057,33.3,33.3,33.3
2026-09-22,2617,33.1,584460,33.1,33.1,33.1
2026-09-23,2617,32.85,557822,32.85,32.85,32.85
2026-09-24,2617,32.8,575669,32.8,32.8,32.8
2026-09-29,2617,31.25,2312297,31.25,31.25,31.25
2026-09-30,2617,31.45,570281,31.45,31.45,31.45
2026-10-01,2617,31.1,792762,31.1,31.1,31.1
2026-10-02,2617,31.55,536475,31.55,31.55,31.55
2026-10-05,2617,32.1,1352313,32.1,32.1,32.1
2026-09-07,2618,42.1,12951191,42.1,42.1,42.1
2026-09-08,2618,42.45,10255863,42.45,42.45,42.45
2026-09-09,2618,42.55,11564018,42.55,42.55,42.55
2026-09-10,2618,41.8,11992663,41.8,41.8,41.8
2026-09-11,2618,42.35,17079967,42.35,42.35,42.35
2026-09-14,2618,42.05,10793404,42.05,42.05,42.05
2026-09-15,2618,41.2,20290683,41.2,41.2,41.2
2026-09-16,2618,41.3,10972884,41.3,41.3,41.3
2026-09-17,2618,42.05,16921237,42.05,42.05,42.05
2026-09-18,2618,41.75,33904689,41.75,41.75,41.75
2026-09-21,2618,41.95,7627935,41.95,41.95,41.95
2026-09-22,2618,42.5,18311354,42.5,42.5,42.5
2026-09-23,2618,42.85,37960392,42.85,42.85,42.85
2026-09-24,2618,42.0,20371832,42.0,42.0,42.0
2026-09-29,2618,41.5,14347588,41.5,41.5,41.5
2026-09-30,2618,42.85,27537928,42.85,42.85,42.85
2026-10-01,2618,42.2,17575412,42.2,42.2,42.2
2026-10-02,2618,42.35,8563147,42.35,42.35,42.35
2026-10-05,2618,41.9,9545947,41.9,41.9,41.9
2026-09-07,2630,49.8,671800,49.8,49.8,49.8
2026-09-08,2630,49.0,709942,49.0,49.0,49.0
2026-09-09,2630,48.65,659428,48.65,48.65,48.65
2026-09-10,2630,47.8,705120,47.8,47.8,47.8
2026-09-11,2630,48.0,1899639,48.0,48.0,48.0
2026-09-14,2630,48.15,949897,48.15,48.15,48.15
2026-09-15,2630,46.25,778426,46.25,46.25,46.25
2026-09-16,2630,47.1,518606,47.1,47.1,47.1
2026-09-17,2630,47.0,600911,47.0,47.0,47.0
2026-09-18,2630,47.3,529325,47.3,47.3,47.3
2026-09-21,2630,47.15,577488,47.15,47.15,47.15
2026-09-22,2630,47.0,456511,47.0,47.0,47.0
2026-09-23,2630,46.3,788268,46.3,46.3,46.3
2026-09-24,2630,46.3,443905,46.3,46.3,46.3
2026-09-29,2630,46.3,464796,46.3,46.3,46.3
2026-09-30,2630,47.05,816616,47.05,47.05,47.05
2026-10-01,2630,46.85,403948,46.85,46.85,46.85
2026-10-02,2630,46.8,644999,46.8,46.8,46.8
2026-10-05,2630,46.15,757915,46.15,46.15,46.15
2026-09-07,2633,26.0,5294404,26.0,26.0,26.0
2026-09-08,2633,26.1,2675238,26.1,26.1,26.1
2026-09-09,2633,26.1,1909091,26.1,26.1,26.1
2026-09-10,2633,26.0,2437615,26.0,26.0,26.0
2026-09-11,2633,26.05,3739231,26.05,26.05,26.05
2026-09-14,2633,26.0,2519526,26.0,26.0,26.0
2026-09-15,2633,25.85,4195719,25.85,25.85,25.85
2026-09-16,2633,25.95,4834935,25.95,25.95,25.95
2026-09-17,2633,26.05,3639848,26.05,26.05,26.05
2026-09-18,2633,25.75,18318009,25.75,25.75,25.75
2026-09-21,2633,25.7,3581734,25.7,25.7,25.7
2026-09-22,2633,25.6,5707955,25.6,25.6,25.6
2026-09-23,2633,25.6,3045151,25.6,25.6,25.6
2026-09-24,2633,25.55,3474946,25.55,25.55,25.55
2026-09-29,2633,25.45,6250246,25.45,25.45,25.45
2026-09-30,2633,25.65,3377957,25.65,25.65,25.65
2026-10-01,2633,25.8,2936139,25.8,25.8,25.8
2026-10-02,2633,25.75,3723884,25.75,25.75,25.75
2026-10-05,2633,25.65,2987577,25.65,25.65,25.65
2026-09-07,2634,66.3,10831919,66.3,66.3,66.3
2026-09-08,2634,65.9,20073721,65.9,65.9,65.9
2026-09-09,2634,65.3,7449935,65.3,65.3,65.3
2026-09-10,2634,63.8,8899381,63.8,63.8,63.8
2026-09-11,2634,63.8,17127563,63.8,63.8,63.8
2026-09-14,2634,63.8,9453539,63.8,63.8,63.8
2026-09-15,2634,62.0,7430842,62.0,62.0,62.0
2026-09-16,2634,65.0,10249412,65.0,65.0,65.0
2026-09-17,2634,63.9,7679237,63.9,63.9,63.9
2026-09-18,2634,64.6,4526748,64.6,64.6,64.6
2026-09-21,2634,63.7,6322309,63.7,63.7,63.7
2026-09-22,2634,63.1,5761215,63.1,63.1,63.1
2026-09-23,2634,62.5,4930313,62.5,62.5,62.5
2026-09-24,2634,63.1,3731436,63.1,63.1,63.1
2026-09-29,2634,63.1,4595082,63.1,63.1,63.1
2026-09-30,2634,64.0,6006596,64.0,64.0,64.0
2026-10-01,2634,64.4,4805802,64.4,64.4,64.4
2026-10-02,2634,66.0,12874547,66.0,66.0,66.0
2026-10-05,2634,64.6,10287198,64.6,64.6,64.6
2026-09-07,2636,69.5,248640,69.5,69.5,69.5
2026-09-08,2636,68.7,168222,68.7,68.7,68.7
2026-09-09,2636,69.2,255120,69.2,69.2,69.2
2026-09-10,2636,70.9,965595,70.9,70.9,70.9
2026-09-11,2636,71.2,837082,71.2,71.2,71.2
2026-09-14,2636,69.7,347193,69.7,69.7,69.7
2026-09-15,2636,69.2,233086,69.2,69.2,69.2
2026-09-16,2636,70.2,300673,70.2,70.2,70.2
2026-09-17,2636,70.9,672072,70.9,70.9,70.9
2026-09-18,2636,71.2,350379,71.2,71.2,71.2
2026-09-21,2636,70.5,194909,70.5,70.5,70.5
2026-09-22,2636,70.7,203735,70.7,70.7,70.7
2026-09-23,2636,70.8,243346,70.8,70.8,70.8
2026-09-24,2636,71.9,1009165,71.9,71.9,71.9
2026-09-29,2636,70.4,222241,70.4,70.4,70.4
2026-09-30,2636,71.7,323394,71.7,71.7,71.7
2026-10-01,2636,70.7,181358,70.7,70.7,70.7
2026-10-02,2636,70.8,145564,70.8,70.8,70.8
2026-10-05,2636,70.2,247581,70.2,70.2,70.2
2026-09-07,2637,99.2,2787433,99.2,99.2,99.2
2026-09-08,2637,98.1,1829124,98.1,98.1,98.1
2026-09-09,2637,100.5,2976175,100.5,100.5,100.5
2026-09-10,2637,100.5,4531258,100.5,100.5,100.5
2026-09-11,2637,101.0,6806320,101.0,101.0,101.0
2026-09-14,2637,101.0,3824716,101.0,101.0,101.0
2026-09-15,2637,96.9,3917647,96.9,96.9,96.9
2026-09-16,2637,102.5,7219610,102.5,102.5,102.5
2026-09-17,2637,102.0,3613965,102.0,102.0,102.0
2026-09-18,2637,102.0,2224030,102.0,102.0,102.0
2026-09-21,2637,102.5,1509669,102.5,102.5,102.5
2026-09-22,2637,100.5,2029861,100.5,100.5,100.5
2026-09-23,2637,100.5,940940,100.5,100.5,100.5
2026-09-24,2637,100.5,1912163,100.5,100.5,100.5
2026-09-29,2637,95.0,4494224,95.0,95.0,95.0
2026-09-30,2637,96.4,1545010,96.4,96.4,96.4
2026-10-01,2637,95.3,2302502,95.3,95.3,95.3
2026-10-02,2637,98.8,1864997,98.8,98.8,98.8
2026-10-05,2637,97.7,1186635,97.7,97.7,97.7
2026-09-07,2642,20.4,69346,20.4,20.4,20.4
2026-09-08,2642,20.2,34034,20.2,20.2,20.2
2026-09-09,2642,20.25,27021,20.25,20.25,20.25
2026-09-10,2642,20.2,19972,20.2,20.2,20.2
2026-09-11,2642,20.25,32145,20.25,20.25,20.25
2026-09-14,2642,20.2,36943,20.2,20.2,20.2
2026-09-15,2642,20.2,23178,20.2,20.2,20.2
2026-09-16,2642,20.15,37165,20.15,20.15,20.15
2026-09-17,2642,20.4,40037,20.4,20.4,20.4
2026-09-18,2642,20.4,38845,20.4,20.4,20.4
2026-09-21,2642,20.3,17695,20.3,20.3,20.3
2026-09-22,2642,20.5,33997,20.5,20.5,20.5
2026-09-23,2642,20.4,12775,20.4,20.4,20.4
2026-09-24,2642,20.4,15508,20.4,20.4,20.4
2026-09-29,2642,20.3,24291,20.3,20.3,20.3
2026-09-30,2642,20.4,37125,20.4,20.4,20.4
2026-10-01,2642,20.35,20158,20.35,20.35,20.35
2026-10-02,2642,20.25,28229,20.25,20.25,20.25
2026-10-05,2642,20.15,49091,20.15,20.15,20.15
2026-09-07,2645,174.0,969090,174.0,174.0,174.0
2026-09-08,2645,172.5,1095147,172.5,172.5,172.5
2026-09-09,2645,174.5,883938,174.5,174.5,174.5
2026-09-10,2645,172.5,774940,172.5,172.5,172.5
2026-09-11,2645,173.0,1922734,173.0,173.0,173.0
2026-09-14,2645,173.0,825848,173.0,173.0,173.0
2026-09-15,2645,170.0,860644,170.0,170.0,170.0
2026-09-16,2645,170.5,828387,170.5,170.5,170.5
2026-09-17,2645,172.5,880302,172.5,172.5,172.5
2026-09-18,2645,174.0,974064,174.0,174.0,174.0
2026-09-21,2645,175.0,1261209,175.0,175.0,175.0
2026-09-22,2645,172.5,971542,172.5,172.5,172.5
2026-09-23,2645,172.0,628476,172.0,172.0,172.0
2026-09-24,2645,172.0,869516,172.0,172.0,172.0
2026-09-29,2645,172.0,377047,172.0,172.0,172.0
2026-09-30,2645,173.0,738475,173.0,173.0,173.0
2026-10-01,2645,174.0,674343,174.0,174.0,174.0
2026-10-02,2645,173.5,597952,173.5,173.5,173.5
2026-10-05,2645,172.0,1203973,172.0,172.0,172.0
2026-09-07,2646,20.5,3157420,20.5,20.5,20.5
2026-09-08,2646,20.6,6487081,20.6,20.6,20.6
2026-09-09,2646,20.55,3134821,20.55,20.55,20.55
2026-09-10,2646,20.3,6709374,20.3,20.3,20.3
2026-09-11,2646,20.2,4532460,20.2,20.2,20.2
2026-09-14,2646,20.1,3366966,20.1,20.1,20.1
2026-09-15,2646,20.1,5088904,20.1,20.1,20.1
2026-09-16,2646,20.15,2679729,20.15,20.15,20.15
2026-09-17,2646,20.25,2867552,20.25,20.25,20.25
2026-09-18,2646,20.6,10088623,20.6,20.6,20.6
2026-09-21,2646,20.25,2997636,20.25,20.25,20.25
2026-09-22,2646,20.3,3940666,20.3,20.3,20.3
2026-09-23,2646,20.35,4097833,20.35,20.35,20.35
2026-09-24,2646,20.2,2334494,20.2,20.2,20.2
2026-09-29,2646,20.05,2798512,20.05,20.05,20.05
2026-09-30,2646,20.15,2874381,20.15,20.15,20.15
2026-10-01,2646,20.15,2336074,20.15,20.15,20.15
2026-10-02,2646,20.1,2950628,20.1,20.1,20.1
2026-10-05,2646,20.05,2990124,20.05,20.05,20.05
2026-09-07,2701,10.4,66878,10.4,10.4,10.4
2026-09-08,2701,10.35,66332,10.35,10.35,10.35
2026-09-09,2701,10.45,54250,10.45,10.45,10.45
2026-09-10,2701,10.4,11888,10.4,10.4,10.4
2026-09-11,2701,10.35,48494,10.35,10.35,10.35
2026-09-14,2701,10.3,66660,10.3,10.3,10.3
2026-09-15,2701,10.3,60709,10.3,10.3,10.3
2026-09-16,2701,10.3,32991,10.3,10.3,10.3
2026-09-17,2701,10.4,106988,10.4,10.4,10.4
2026-09-18,2701,10.4,35830,10.4,10.4,10.4
2026-09-21,2701,10.4,25071,10.4,10.4,10.4
2026-09-22,2701,10.35,56023,10.35,10.35,10.35
2026-09-23,2701,10.25,168620,10.25,10.25,10.25
2026-09-24,2701,10.25,118963,10.25,10.25,10.25
2026-09-29,2701,10.25,27138,10.25,10.25,10.25
2026-09-30,2701,10.3,47342,10.3,10.3,10.3
2026-10-01,2701,10.3,52791,10.3,10.3,10.3
2026-10-02,2701,10.25,37317,10.25,10.25,10.25
2026-10-05,2701,10.2,50718,10.2,10.2,10.2
2026-09-07,2702,12.7,60047,12.7,12.7,12.7
2026-09-08,2702,12.7,38110,12.7,12.7,12.7
2026-09-09,2702,12.7,7727,12.7,12.7,12.7
2026-09-10,2702,12.7,12972,12.7,12.7,12.7
2026-09-11,2702,12.7,79139,12.7,12.7,12.7
2026-09-14,2702,12.75,31248,12.75,12.75,12.75
2026-09-15,2702,12.65,21010,12.65,12.65,12.65
2026-09-16,2702,12.7,30908,12.7,12.7,12.7
2026-09-17,2702,12.7,38762,12.7,12.7,12.7
2026-09-18,2702,12.8,41755,12.8,12.8,12.8
2026-09-21,2702,12.9,21126,12.9,12.9,12.9
2026-09-22,2702,12.9,29149,12.9,12.9,12.9
2026-09-23,2702,12.8,24588,12.8,12.8,12.8
2026-09-24,2702,12.85,29765,12.85,12.85,12.85
2026-09-29,2702,12.65,11443,12.65,12.65,12.65
2026-09-30,2702,12.25,351887,12.25,12.25,12.25
2026-10-01,2702,12.35,37177,12.35,12.35,12.35
2026-10-02,2702,12.2,58146,12.2,12.2,12.2
2026-10-05,2702,12.1,32446,12.1,12.1,12.1
2026-09-07,2704,45.6,88998,45.6,45.6,45.6
2026-09-08,2704,45.55,77242,45.55,45.55,45.55
2026-09-09,2704,46.3,89007,46.3,46.3,46.3
2026-09-10,2704,46.0,38054,46.0,46.0,46.0
2026-09-11,2704,45.75,113270,45.75,45.75,45.75
2026-09-14,2704,45.6,62360,45.6,45.6,45.6
2026-09-15,2704,44.95,47671,44.95,44.95,44.95
2026-09-16,2704,45.45,142021,45.45,45.45,45.45
2026-09-17,2704,45.95,77539,45.95,45.95,45.95
2026-09-18,2704,45.75,79300,45.75,45.75,45.75
2026-09-21,2704,45.6,29156,45.6,45.6,45.6
2026-09-22,2704,45.05,48213,45.05,45.05,45.05
2026-09-23,2704,45.2,33053,45.2,45.2,45.2
2026-09-24,2704,45.05,18064,45.05,45.05,45.05
2026-09-29,2704,45.0,121193,45.0,45.0,45.0
2026-09-30,2704,45.45,56258,45.45,45.45,45.45
2026-10-01,2704,45.15,77222,45.15,45.15,45.15
2026-10-02,2704,44.95,40559,44.95,44.95,44.95
2026-10-05,2704,44.6,110107,44.6,44.6,44.6
2026-09-07,2705,15.65,99285,15.65,15.65,15.65
2026-09-08,2705,15.6,35841,15.6,15.6,15.6
2026-09-09,2705,15.65,104624,15.65,15.65,15.65
2026-09-10,2705,15.55,137651,15.55,15.55,15.55
2026-09-11,2705,15.5,81793,15.5,15.5,15.5
2026-09-14,2705,15.35,1135152,15.35,15.35,15.35
2026-09-15,2705,15.25,113760,15.25,15.25,15.25
2026-09-16,2705,15.1,209815,15.1,15.1,15.1
2026-09-17,2705,15.35,131184,15.35,15.35,15.35
2026-09-18,2705,15.35,104453,15.35,15.35,15.35
2026-09-21,2705,15.25,215671,15.25,15.25,15.25
2026-09-22,2705,15.25,106023,15.25,15.25,15.25
2026-09-23,2705,15.15,102000,15.15,15.15,15.15
2026-09-24,2705,15.15,82592,15.15,15.15,15.15
2026-09-29,2705,15.05,56174,15.05,15.05,15.05
2026-09-30,2705,15.1,107869,15.1,15.1,15.1
2026-10-01,2705,15.15,104397,15.15,15.15,15.15
2026-10-02,2705,15.1,58389,15.1,15.1,15.1
2026-10-05,2705,15.05,156137,15.05,15.05,15.05
2026-09-07,2706,12.55,313771,12.55,12.55,12.55
2026-09-08,2706,12.2,157618,12.2,12.2,12.2
2026-09-09,2706,12.2,57083,12.2,12.2,12.2
2026-09-10,2706,12.25,171886,12.25,12.25,12.25
2026-09-11,2706,12.2,89346,12.2,12.2,12.2
2026-09-14,2706,12.15,85598,12.15,12.15,12.15
2026-09-15,2706,12.1,67560,12.1,12.1,12.1
2026-09-16,2706,12.1,55729,12.1,12.1,12.1
2026-09-17,2706,12.15,90106,12.15,12.15,12.15
2026-09-18,2706,12.15,124543,12.15,12.15,12.15
2026-09-21,2706,12.1,117955,12.1,12.1,12.1
2026-09-22,2706,12.15,23321,12.15,12.15,12.15
2026-09-23,2706,12.1,113934,12.1,12.1,12.1
2026-09-24,2706,12.1,32326,12.1,12.1,12.1
2026-09-29,2706,12.1,93277,12.1,12.1,12.1
2026-09-30,2706,12.2,41574,12.2,12.2,12.2
2026-10-01,2706,12.2,15089,12.2,12.2,12.2
2026-10-02,2706,12.1,54928,12.1,12.1,12.1
2026-10-05,2706,12.05,97903,12.05,12.05,12.05
2026-09-07,2707,179.0,104580,179.0,179.0,179.0
2026-09-08,2707,178.0,123196,178.0,178.0,178.0
2026-09-09,2707,178.0,85461,178.0,178.0,178.0
2026-09-10,2707,177.5,66905,177.5,177.5,177.5
2026-09-11,2707,177.5,96457,177.5,177.5,177.5
2026-09-14,2707,177.5,75126,177.5,177.5,177.5
2026-09-15,2707,177.5,62775,177.5,177.5,177.5
2026-09-16,2707,177.0,89082,177.0,177.0,177.0
2026-09-17,2707,177.0,50655,177.0,177.0,177.0
2026-09-18,2707,177.0,170404,177.0,177.0,177.0
2026-09-21,2707,177.5,76629,177.5,177.5,177.5
2026-09-22,2707,178.0,153921,178.0,178.0,178.0
2026-09-23,2707,177.5,55543,177.5,177.5,177.5
2026-09-24,2707,176.5,87537,176.5,176.5,176.5
2026-09-29,2707,175.0,158264,175.0,175.0,175.0
2026-09-30,2707,175.5,87939,175.5,175.5,175.5
2026-10-01,2707,176.0,78822,176.0,176.0,176.0
2026-10-02,2707,175.0,98339,175.0,175.0,175.0
2026-10-05,2707,174.5,90736,174.5,174.5,174.5
2026-09-07,2712,14.6,20088,14.6,14.6,14.6
2026-09-08,2712,14.3,13003,14.3,14.3,14.3
2026-09-09,2712,14.45,10000,14.45,14.45,14.45
2026-09-10,2712,14.45,1000,14.45,14.45,14.45
2026-09-11,2712,14.25,2000,14.25,14.25,14.25
2026-09-14,2712,14.05,47000,14.05,14.05,14.05
2026-09-15,2712,13.8,77000,13.8,13.8,13.8
2026-09-16,2712,13.75,56200,13.75,13.75,13.75
2026-09-17,2712,13.45,22212,13.45,13.45,13.45
2026-09-18,2712,13.5,6694,13.5,13.5,13.5
2026-09-21,2712,13.5,3319,13.5,13.5,13.5
2026-09-22,2712,13.5,5200,13.5,13.5,13.5
2026-09-23,2712,13.45,5116,13.45,13.45,13.45
2026-09-24,2712,13.35,4100,13.35,13.35,13.35
2026-09-29,2712,13.4,10100,13.4,13.4,13.4
2026-09-30,2712,13.55,15156,13.55,13.55,13.55
2026-10-01,2712,13.35,3200,13.35,13.35,13.35
2026-10-02,2712,13.4,13200,13.4,13.4,13.4
2026-10-05,2712,13.4,21696,13.4,13.4,13.4
2026-09-07,2722,21.85,34099,21.85,21.85,21.85
2026-09-08,2722,21.55,26274,21.55,21.55,21.55
2026-09-09,2722,21.45,16059,21.45,21.45,21.45
2026-09-10,2722,21.4,16452,21.4,21.4,21.4
2026-09-11,2722,21.45,17138,21.45,21.45,21.45
2026-09-14,2722,21.25,12115,21.25,21.25,21.25
2026-09-15,2722,21.15,51811,21.15,21.15,21.15
2026-09-16,2722,21.05,17551,21.05,21.05,21.05
2026-09-17,2722,21.0,31459,21.0,21.0,21.0
2026-09-18,2722,21.25,29256,21.25,21.25,21.25
2026-09-21,2722,21.15,15351,21.15,21.15,21.15
2026-09-22,2722,21.2,25686,21.2,21.2,21.2
2026-09-23,2722,21.15,20897,21.15,21.15,21.15
2026-09-24,2722,21.1,29057,21.1,21.1,21.1
2026-09-29,2722,21.2,55123,21.2,21.2,21.2
2026-09-30,2722,21.4,29571,21.4,21.4,21.4
2026-10-01,2722,21.45,26529,21.45,21.45,21.45
2026-10-02,2722,21.35,35172,21.35,21.35,21.35
2026-10-05,2722,21.55,88637,21.55,21.55,21.55
2026-09-07,2723,82.4,253617,82.4,82.4,82.4
2026-09-08,2723,81.7,331809,81.7,81.7,81.7
2026-09-09,2723,79.2,501681,79.2,79.2,79.2
2026-09-10,2723,79.3,150132,79.3,79.3,79.3
2026-09-11,2723,77.7,370052,77.7,77.7,77.7
2026-09-14,2723,78.0,259680,78.0,78.0,78.0
2026-09-15,2723,77.6,171562,77.6,77.6,77.6
2026-09-16,2723,77.5,189370,77.5,77.5,77.5
2026-09-17,2723,79.1,413655,79.1,79.1,79.1
2026-09-18,2723,78.7,281267,78.7,78.7,78.7
2026-09-21,2723,79.1,210731,79.1,79.1,79.1
2026-09-22,2723,79.2,161669,79.2,79.2,79.2
2026-09-23,2723,78.4,120532,78.4,78.4,78.4
2026-09-24,2723,78.5,101462,78.5,78.5,78.5
2026-09-29,2723,76.6,423602,76.6,76.6,76.6
2026-09-30,2723,77.4,127865,77.4,77.4,77.4
2026-10-01,2723,77.5,142418,77.5,77.5,77.5
2026-10-02,2723,77.3,164085,77.3,77.3,77.3
2026-10-05,2723,76.3,176419,76.3,76.3,76.3
2026-09-07,2727,230.0,313585,230.0,230.0,230.0
2026-09-08,2727,230.0,158491,230.0,230.0,230.0
2026-09-09,2727,229.0,128484,229.0,229.0,229.0
2026-09-10,2727,229.5,210250,229.5,229.5,229.5
2026-09-11,2727,229.0,147414,229.0,229.0,229.0
2026-09-14,2727,228.0,201070,228.0,228.0,228.0
2026-09-15,2727,228.5,94232,228.5,228.5,228.5
2026-09-16,2727,227.0,191850,227.0,227.0,227.0
2026-09-17,2727,227.0,221204,227.0,227.0,227.0
2026-09-18,2727,227.0,228769,227.0,227.0,227.0
2026-09-21,2727,227.0,115269,227.0,227.0,227.0
2026-09-22,2727,228.0,169208,228.0,228.0,228.0
2026-09-23,2727,230.0,177617,230.0,230.0,230.0
2026-09-24,2727,232.0,526585,232.0,232.0,232.0
2026-09-29,2727,235.0,427899,235.0,235.0,235.0
2026-09-30,2727,236.0,287550,236.0,236.0,236.0
2026-10-01,2727,235.0,150961,235.0,235.0,235.0
2026-10-02,2727,234.0,185632,234.0,234.0,234.0
2026-10-05,2727,233.5,180906,233.5,233.5,233.5
2026-09-07,2731,144.5,183163,144.5,144.5,144.5
2026-09-08,2731,143.0,229888,143.0,143.0,143.0
2026-09-09,2731,142.0,381276,142.0,142.0,142.0
2026-09-10,2731,141.5,252272,141.5,141.5,141.5
2026-09-11,2731,141.0,286338,141.0,141.0,141.0
2026-09-14,2731,140.0,346821,140.0,140.0,140.0
2026-09-15,2731,141.5,207010,141.5,141.5,141.5
2026-09-16,2731,141.0,147997,141.0,141.0,141.0
2026-09-17,2731,144.0,368125,144.0,144.0,144.0
2026-09-18,2731,143.0,189597,143.0,143.0,143.0
2026-09-21,2731,143.5,126468,143.5,143.5,143.5
2026-09-22,2731,143.5,201868,143.5,143.5,143.5
2026-09-23,2731,144.5,209515,144.5,144.5,144.5
2026-09-24,2731,144.0,159511,144.0,144.0,144.0
2026-09-29,2731,143.0,152724,143.0,143.0,143.0
2026-09-30,2731,144.5,107592,144.5,144.5,144.5
2026-10-01,2731,144.0,91631,144.0,144.0,144.0
2026-10-02,2731,143.5,130905,143.5,143.5,143.5
2026-10-05,2731,144.5,300434,144.5,144.5,144.5
2026-09-07,2739,37.95,63771,37.95,37.95,37.95
2026-09-08,2739,37.7,20863,37.7,37.7,37.7
2026-09-09,2739,37.7,55539,37.7,37.7,37.7
2026-09-10,2739,37.4,75713,37.4,37.4,37.4
2026-09-11,2739,37.25,82343,37.25,37.25,37.25
2026-09-14,2739,36.9,86698,36.9,36.9,36.9
2026-09-15,2739,36.5,62619,36.5,36.5,36.5
2026-09-16,2739,36.75,43590,36.75,36.75,36.75
2026-09-17,2739,36.75,95345,36.75,36.75,36.75
2026-09-18,2739,37.0,44756,37.0,37.0,37.0
2026-09-21,2739,37.15,41560,37.15,37.15,37.15
2026-09-22,2739,37.0,81539,37.0,37.0,37.0
2026-09-23,2739,36.7,27728,36.7,36.7,36.7
2026-09-24,2739,36.4,105339,36.4,36.4,36.4
2026-09-29,2739,36.25,29683,36.25,36.25,36.25
2026-09-30,2739,36.55,46707,36.55,36.55,36.55
2026-10-01,2739,36.5,70879,36.5,36.5,36.5
2026-10-02,2739,36.15,50885,36.15,36.15,36.15
2026-10-05,2739,36.25,57729,36.25,36.25,36.25
2026-09-07,2748,38.85,89689,38.85,38.85,38.85
2026-09-08,2748,39.4,174568,39.4,39.4,39.4
2026-09-09,2748,39.4,112723,39.4,39.4,39.4
2026-09-10,2748,39.2,52705,39.2,39.2,39.2
2026-09-11,2748,38.8,72199,38.8,38.8,38.8
2026-09-14,2748,38.8,41130,38.8,38.8,38.8
2026-09-15,2748,38.95,34475,38.95,38.95,38.95
2026-09-16,2748,38.65,110204,38.65,38.65,38.65
2026-09-17,2748,38.75,82739,38.75,38.75,38.75
2026-09-18,2748,38.9,45623,38.9,38.9,38.9
2026-09-21,2748,38.9,21430,38.9,38.9,38.9
2026-09-22,2748,38.7,12237,38.7,38.7,38.7
2026-09-23,2748,38.65,23153,38.65,38.65,38.65
2026-09-24,2748,38.8,61491,38.8,38.8,38.8
2026-09-29,2748,38.7,25097,38.7,38.7,38.7
2026-09-30,2748,38.8,48387,38.8,38.8,38.8
2026-10-01,2748,39.1,162917,39.1,39.1,39.1
2026-10-02,2748,39.0,33600,39.0,39.0,39.0
2026-10-05,2748,38.6,65921,38.6,38.6,38.6
2026-09-07,2753,179.5,81553,179.5,179.5,179.5
2026-09-08,2753,179.0,66837,179.0,179.0,179.0
2026-09-09,2753,178.5,108576,178.5,178.5,178.5
2026-09-10,2753,178.0,153827,178.0,178.0,178.0
2026-09-11,2753,178.0,114801,178.0,178.0,178.0
2026-09-14,2753,177.0,107467,177.0,177.0,177.0
2026-09-15,2753,176.5,174259,176.5,176.5,176.5
2026-09-16,2753,178.0,58456,178.0,178.0,178.0
2026-09-17,2753,178.5,158804,178.5,178.5,178.5
2026-09-18,2753,180.0,142341,180.0,180.0,180.0
2026-09-21,2753,179.5,55664,179.5,179.5,179.5
2026-09-22,2753,181.0,134729,181.0,181.0,181.0
2026-09-23,2753,180.0,126533,180.0,180.0,180.0
2026-09-24,2753,180.0,34563,180.0,180.0,180.0
2026-09-29,2753,179.0,108662,179.0,179.0,179.0
2026-09-30,2753,180.0,145323,180.0,180.0,180.0
2026-10-01,2753,183.5,385921,183.5,183.5,183.5
2026-10-02,2753,185.0,195249,185.0,185.0,185.0
2026-10-05,2753,183.5,89516,183.5,183.5,183.5
2026-09-07,2762,82.2,66046,82.2,82.2,82.2
2026-09-08,2762,81.8,34896,81.8,81.8,81.8
2026-09-09,2762,81.2,131625,81.2,81.2,81.2
2026-09-10,2762,80.7,76473,80.7,80.7,80.7
2026-09-11,2762,79.9,148063,79.9,79.9,79.9
2026-09-14,2762,79.5,44672,79.5,79.5,79.5
2026-09-15,2762,79.4,32376,79.4,79.4,79.4
2026-09-16,2762,79.3,44708,79.3,79.3,79.3
2026-09-17,2762,79.4,140565,79.4,79.4,79.4
2026-09-18,2762,80.4,29170,80.4,80.4,80.4
2026-09-21,2762,79.9,33825,79.9,79.9,79.9
2026-09-22,2762,80.1,48270,80.1,80.1,80.1
2026-09-23,2762,79.8,39245,79.8,79.8,79.8
2026-09-24,2762,79.0,64363,79.0,79.0,79.0
2026-09-29,2762,79.0,21525,79.0,79.0,79.0
2026-09-30,2762,79.2,28650,79.2,79.2,79.2
2026-10-01,2762,78.4,116056,78.4,78.4,78.4
2026-10-02,2762,78.6,21125,78.6,78.6,78.6
2026-10-05,2762,78.5,67308,78.5,78.5,78.5
2026-09-07,2801,26.5,24267028,26.5,26.5,26.5
2026-09-08,2801,27.25,35457646,27.25,27.25,27.25
2026-09-09,2801,26.85,29009612,26.85,26.85,26.85
2026-09-10,2801,26.85,26974283,26.85,26.85,26.85
2026-09-11,2801,27.9,38086522,27.9,27.9,27.9
2026-09-14,2801,28.55,54168016,28.55,28.55,28.55
2026-09-15,2801,28.0,38455068,28.0,28.0,28.0
2026-09-16,2801,28.9,40587271,28.9,28.9,28.9
2026-09-17,2801,29.6,55925715,29.6,29.6,29.6
2026-09-18,2801,28.95,45992866,28.95,28.95,28.95
2026-09-21,2801,28.45,24240937,28.45,28.45,28.45
2026-09-22,2801,28.35,14996270,28.35,28.35,28.35
2026-09-23,2801,27.85,32124964,27.85,27.85,27.85
2026-09-24,2801,27.75,12370808,27.75,27.75,27.75
2026-09-29,2801,27.5,22785123,27.5,27.5,27.5
2026-09-30,2801,27.6,17386776,27.6,27.6,27.6
2026-10-01,2801,27.55,17913790,27.55,27.55,27.55
2026-10-02,2801,27.6,20636594,27.6,27.6,27.6
2026-10-05,2801,27.2,17748735,27.2,27.2,27.2
2026-09-07,2812,19.25,14117215,19.25,19.25,19.25
2026-09-08,2812,19.4,10612005,19.4,19.4,19.4
2026-09-09,2812,19.15,28989582,19.15,19.15,19.15
2026-09-10,2812,19.1,17421615,19.1,19.1,19.1
2026-09-11,2812,19.5,29131881,19.5,19.5,19.5
2026-09-14,2812,19.45,16569657,19.45,19.45,19.45
2026-09-15,2812,19.35,14214013,19.35,19.35,19.35
2026-09-16,2812,19.3,11508444,19.3,19.3,19.3
2026-09-17,2812,19.5,27622117,19.5,19.5,19.5
2026-09-18,2812,19.35,25370308,19.35,19.35,19.35
2026-09-21,2812,19.2,14256297,19.2,19.2,19.2
2026-09-22,2812,19.25,9842479,19.25,19.25,19.25
2026-09-23,2812,19.15,10748967,19.15,19.15,19.15
2026-09-24,2812,19.0,12860098,19.0,19.0,19.0
2026-09-29,2812,18.8,19296779,18.8,18.8,18.8
2026-09-30,2812,18.85,14055128,18.85,18.85,18.85
2026-10-01,2812,18.8,11214795,18.8,18.8,18.8
2026-10-02,2812,18.75,5364231,18.75,18.75,18.75
2026-10-05,2812,18.55,30228393,18.55,18.55,18.55
2026-09-07,2816,38.8,689440,38.8,38.8,38.8
2026-09-08,2816,39.15,179854,39.15,39.15,39.15
2026-09-09,2816,38.75,330204,38.75,38.75,38.75
2026-09-10,2816,39.05,255813,39.05,39.05,39.05
2026-09-11,2816,39.6,454061,39.6,39.6,39.6
2026-09-14,2816,39.15,244146,39.15,39.15,39.15
2026-09-15,2816,39.1,380707,39.1,39.1,39.1
2026-09-16,2816,39.65,360798,39.65,39.65,39.65
2026-09-17,2816,40.95,1080465,40.95,40.95,40.95
2026-09-18,2816,40.45,618133,40.45,40.45,40.45
2026-09-21,2816,40.7,218603,40.7,40.7,40.7
2026-09-22,2816,40.35,251408,40.35,40.35,40.35
2026-09-23,2816,40.45,336654,40.45,40.45,40.45
2026-09-24,2816,40.15,324599,40.15,40.15,40.15
2026-09-29,2816,39.85,309191,39.85,39.85,39.85
2026-09-30,2816,40.3,142682,40.3,40.3,40.3
2026-10-01,2816,39.65,374701,39.65,39.65,39.65
2026-10-02,2816,39.7,181984,39.7,39.7,39.7
2026-10-05,2816,39.7,232518,39.7,39.7,39.7
2026-09-07,2820,16.85,3700534,16.85,16.85,16.85
2026-09-08,2820,17.0,2638962,17.0,17.0,17.0
2026-09-09,2820,16.95,1650316,16.95,16.95,16.95
2026-09-10,2820,17.05,2929901,17.05,17.05,17.05
2026-09-11,2820,17.4,6054938,17.4,17.4,17.4
2026-09-14,2820,17.4,3224892,17.4,17.4,17.4
2026-09-15,2820,17.35,2974451,17.35,17.35,17.35
2026-09-16,2820,17.3,3254212,17.3,17.3,17.3
2026-09-17,2820,17.45,4405274,17.45,17.45,17.45
2026-09-18,2820,17.45,3763458,17.45,17.45,17.45
2026-09-21,2820,17.5,2947732,17.5,17.5,17.5
2026-09-22,2820,17.3,2133590,17.3,17.3,17.3
2026-09-23,2820,17.25,2299138,17.25,17.25,17.25
2026-09-24,2820,17.0,3574481,17.0,17.0,17.0
2026-09-29,2820,16.85,2931349,16.85,16.85,16.85
2026-09-30,2820,16.85,1915905,16.85,16.85,16.85
2026-10-01,2820,16.75,2353366,16.75,16.75,16.75
2026-10-02,2820,16.7,2798555,16.7,16.7,16.7
2026-10-05,2820,16.6,2720467,16.6,16.6,16.6
2026-09-07,2832,57.9,160279,57.9,57.9,57.9
2026-09-08,2832,58.0,108536,58.0,58.0,58.0
2026-09-09,2832,57.8,264135,57.8,57.8,57.8
2026-09-10,2832,57.2,339414,57.2,57.2,57.2
2026-09-11,2832,57.0,415185,57.0,57.0,57.0
2026-09-14,2832,56.6,298340,56.6,56.6,56.6
2026-09-15,2832,57.5,346402,57.5,57.5,57.5
2026-09-16,2832,58.1,261999,58.1,58.1,58.1
2026-09-17,2832,59.1,424403,59.1,59.1,59.1
2026-09-18,2832,58.7,247652,58.7,58.7,58.7
2026-09-21,2832,58.5,123376,58.5,58.5,58.5
2026-09-22,2832,58.3,161318,58.3,58.3,58.3
2026-09-23,2832,57.8,111114,57.8,57.8,57.8
2026-09-24,2832,57.5,86239,57.5,57.5,57.5
2026-09-29,2832,56.8,203771,56.8,56.8,56.8
2026-09-30,2832,56.9,124358,56.9,56.9,56.9
2026-10-01,2832,56.8,83583,56.8,56.8,56.8
2026-10-02,2832,56.7,74871,56.7,56.7,56.7
2026-10-05,2832,56.3,143135,56.3,56.3,56.3
2026-09-07,2834,17.2,42598738,17.2,17.2,17.2
2026-09-08,2834,17.7,64877865,17.7,17.7,17.7
2026-09-09,2834,17.95,59423314,17.95,17.95,17.95
2026-09-10,2834,17.9,61247986,17.9,17.9,17.9
2026-09-11,2834,18.0,38854381,18.0,18.0,18.0
2026-09-14,2834,18.35,73515266,18.35,18.35,18.35
2026-09-15,2834,18.0,42777943,18.0,18.0,18.0
2026-09-16,2834,18.2,29664934,18.2,18.2,18.2
2026-09-17,2834,18.75,62652493,18.75,18.75,18.75
2026-09-18,2834,18.35,80602711,18.35,18.35,18.35
2026-09-21,2834,18.35,17234830,18.35,18.35,18.35
2026-09-22,2834,18.25,16455807,18.25,18.25,18.25
2026-09-23,2834,17.9,37734715,17.9,17.9,17.9
2026-09-24,2834,17.85,13930042,17.85,17.85,17.85
2026-09-29,2834,17.6,33187671,17.6,17.6,17.6
2026-09-30,2834,17.75,19394771,17.75,17.75,17.75
2026-10-01,2834,17.5,37318805,17.5,17.5,17.5
2026-10-02,2834,17.45,12028725,17.45,17.45,17.45
2026-10-05,2834,17.3,33527891,17.3,17.3,17.3
2026-09-07,2836,12.2,1224904,12.2,12.2,12.2
2026-09-08,2836,12.25,1056940,12.25,12.25,12.25
2026-09-09,2836,12.35,1916259,12.35,12.35,12.35
2026-09-10,2836,12.2,1768422,12.2,12.2,12.2
2026-09-11,2836,12.3,1550728,12.3,12.3,12.3
2026-09-14,2836,12.3,2752714,12.3,12.3,12.3
2026-09-15,2836,12.25,1143253,12.25,12.25,12.25
2026-09-16,2836,12.25,1178354,12.25,12.25,12.25
2026-09-17,2836,12.5,4235154,12.5,12.5,12.5
2026-09-18,2836,12.4,3046702,12.4,12.4,12.4
2026-09-21,2836,12.25,1388602,12.25,12.25,12.25
2026-09-22,2836,12.3,901652,12.3,12.3,12.3
2026-09-23,2836,12.15,1337647,12.15,12.15,12.15
2026-09-24,2836,12.15,529445,12.15,12.15,12.15
2026-09-29,2836,12.0,1866824,12.0,12.0,12.0
2026-09-30,2836,12.1,594652,12.1,12.1,12.1
2026-10-01,2836,12.05,1872757,12.05,12.05,12.05
2026-10-02,2836,12.0,1348690,12.0,12.0,12.0
2026-10-05,2836,11.95,1644556,11.95,11.95,11.95
2026-09-07,2838,20.95,2366200,20.95,20.95,20.95
2026-09-08,2838,21.3,2715438,21.3,21.3,21.3
2026-09-09,2838,21.0,1738802,21.0,21.0,21.0
2026-09-10,2838,20.9,2001833,20.9,20.9,20.9
2026-09-11,2838,21.05,1859432,21.05,21.05,21.05
2026-09-14,2838,21.6,5220698,21.6,21.6,21.6
2026-09-15,2838,21.45,1711368,21.45,21.45,21.45
2026-09-16,2838,21.55,1522410,21.55,21.55,21.55
2026-09-17,2838,21.8,3025891,21.8,21.8,21.8
2026-09-18,2838,21.4,3153841,21.4,21.4,21.4
2026-09-21,2838,21.6,1956146,21.6,21.6,21.6
2026-09-22,2838,21.5,1156623,21.5,21.5,21.5
2026-09-23,2838,21.2,1599284,21.2,21.2,21.2
2026-09-24,2838,21.0,1171002,21.0,21.0,21.0
2026-09-29,2838,20.55,4376710,20.55,20.55,20.55
2026-09-30,2838,20.6,1921569,20.6,20.6,20.6
2026-10-01,2838,20.65,2848143,20.65,20.65,20.65
2026-10-02,2838,20.4,1713294,20.4,20.4,20.4
2026-10-05,2838,20.2,2373119,20.2,20.2,20.2
2026-09-07,2845,13.75,14882250,13.75,13.75,13.75
2026-09-08,2845,13.7,12487760,13.7,13.7,13.7
2026-09-09,2845,13.55,7797860,13.55,13.55,13.55
2026-09-10,2845,13.45,8501575,13.45,13.45,13.45
2026-09-11,2845,13.7,11371305,13.7,13.7,13.7
2026-09-14,2845,13.75,13131800,13.75,13.75,13.75
2026-09-15,2845,13.6,7755084,13.6,13.6,13.6
2026-09-16,2845,13.6,8908274,13.6,13.6,13.6
2026-09-17,2845,13.75,9361852,13.75,13.75,13.75
2026-09-18,2845,13.55,13411078,13.55,13.55,13.55
2026-09-21,2845,13.55,6499819,13.55,13.55,13.55
2026-09-22,2845,13.5,3406781,13.5,13.5,13.5
2026-09-23,2845,13.35,6734644,13.35,13.35,13.35
2026-09-24,2845,13.3,4754137,13.3,13.3,13.3
2026-09-29,2845,13.1,9621102,13.1,13.1,13.1
2026-09-30,2845,13.1,7130250,13.1,13.1,13.1
2026-10-01,2845,13.1,14841518,13.1,13.1,13.1
2026-10-02,2845,12.9,13221721,12.9,12.9,12.9
2026-10-05,2845,12.8,10729471,12.8,12.8,12.8
2026-09-07,2849,15.7,710172,15.7,15.7,15.7
2026-09-08,2849,16.2,553577,16.2,16.2,16.2
2026-09-09,2849,16.05,333559,16.05,16.05,16.05
2026-09-10,2849,15.6,293938,15.6,15.6,15.6
2026-09-11,2849,15.65,146766,15.65,15.65,15.65
2026-09-14,2849,16.0,363739,16.0,16.0,16.0
2026-09-15,2849,15.75,211497,15.75,15.75,15.75
2026-09-16,2849,16.0,180405,16.0,16.0,16.0
2026-09-17,2849,15.95,243361,15.95,15.95,15.95
2026-09-18,2849,16.25,522239,16.25,16.25,16.25
2026-09-21,2849,16.2,191553,16.2,16.2,16.2
2026-09-22,2849,16.1,98819,16.1,16.1,16.1
2026-09-23,2849,15.95,137550,15.95,15.95,15.95
2026-09-24,2849,15.65,181693,15.65,15.65,15.65
2026-09-29,2849,15.5,150507,15.5,15.5,15.5
2026-09-30,2849,16.05,174179,16.05,16.05,16.05
2026-10-01,2849,16.0,54065,16.0,16.0,16.0
2026-10-02,2849,15.35,239471,15.35,15.35,15.35
2026-10-05,2849,15.55,157377,15.55,15.55,15.55
2026-09-07,2850,157.0,461246,157.0,157.0,157.0
2026-09-08,2850,157.5,106920,157.5,157.5,157.5
2026-09-09,2850,158.0,139756,158.0,158.0,158.0
2026-09-10,2850,157.5,109908,157.5,157.5,157.5
2026-09-11,2850,159.0,156596,159.0,159.0,159.0
2026-09-14,2850,156.0,256963,156.0,156.0,156.0
2026-09-15,2850,155.5,150623,155.5,155.5,155.5
2026-09-16,2850,157.0,139122,157.0,157.0,157.0
2026-09-17,2850,158.5,350209,158.5,158.5,158.5
2026-09-18,2850,159.0,238769,159.0,159.0,159.0
2026-09-21,2850,160.5,136609,160.5,160.5,160.5
2026-09-22,2850,159.0,68790,159.0,159.0,159.0
2026-09-23,2850,158.5,110803,158.5,158.5,158.5
2026-09-24,2850,157.5,438941,157.5,157.5,157.5
2026-09-29,2850,161.0,649133,161.0,161.0,161.0
2026-09-30,2850,163.0,1404165,163.0,163.0,163.0
2026-10-01,2850,157.0,649343,157.0,157.0,157.0
2026-10-02,2850,158.5,136444,158.5,158.5,158.5
2026-10-05,2850,159.5,155142,159.5,159.5,159.5
2026-09-07,2851,44.95,4277862,44.95,44.95,44.95
2026-09-08,2851,45.65,2582791,45.65,45.65,45.65
2026-09-09,2851,45.5,2336532,45.5,45.5,45.5
2026-09-10,2851,45.65,1782898,45.65,45.65,45.65
2026-09-11,2851,47.15,5733749,47.15,47.15,47.15
2026-09-14,2851,47.5,4268713,47.5,47.5,47.5
2026-09-15,2851,46.5,2135227,46.5,46.5,46.5
2026-09-16,2851,46.35,3506154,46.35,46.35,46.35
2026-09-17,2851,47.0,3980332,47.0,47.0,47.0
2026-09-18,2851,47.0,2661652,47.0,47.0,47.0
2026-09-21,2851,48.15,4110074,48.15,48.15,48.15
2026-09-22,2851,47.4,1837125,47.4,47.4,47.4
2026-09-23,2851,47.95,2402436,47.95,47.95,47.95
2026-09-24,2851,47.5,1710253,47.5,47.5,47.5
2026-09-29,2851,47.05,1827052,47.05,47.05,47.05
2026-09-30,2851,47.2,1080401,47.2,47.2,47.2
2026-10-01,2851,46.1,3396289,46.1,46.1,46.1
2026-10-02,2851,45.95,903709,45.95,45.95,45.95
2026-10-05,2851,45.6,1358935,45.6,45.6,45.6
2026-09-07,2852,27.95,430439,27.95,27.95,27.95
2026-09-08,2852,28.05,173978,28.05,28.05,28.05
2026-09-09,2852,28.05,137347,28.05,28.05,28.05
2026-09-10,2852,27.9,369319,27.9,27.9,27.9
2026-09-11,2852,28.05,261674,28.05,28.05,28.05
2026-09-14,2852,27.95,214337,27.95,27.95,27.95
2026-09-15,2852,27.75,261957,27.75,27.75,27.75
2026-09-16,2852,27.85,150239,27.85,27.85,27.85
2026-09-17,2852,28.15,568426,28.15,28.15,28.15
2026-09-18,2852,28.3,501738,28.3,28.3,28.3
2026-09-21,2852,28.25,240069,28.25,28.25,28.25
2026-09-22,2852,28.25,203444,28.25,28.25,28.25
2026-09-23,2852,28.1,151838,28.1,28.1,28.1
2026-09-24,2852,27.95,220545,27.95,27.95,27.95
2026-09-29,2852,27.7,331084,27.7,27.7,27.7
2026-09-30,2852,27.85,145286,27.85,27.85,27.85
2026-10-01,2852,27.6,380754,27.6,27.6,27.6
2026-10-02,2852,27.5,436393,27.5,27.5,27.5
2026-10-05,2852,27.5,354635,27.5,27.5,27.5
2026-09-07,2855,52.0,5706215,52.0,52.0,52.0
2026-09-08,2855,52.2,5246454,52.2,52.2,52.2
2026-09-09,2855,52.1,5487972,52.1,52.1,52.1
2026-09-10,2855,51.7,3910107,51.7,51.7,51.7
2026-09-11,2855,51.9,3714186,51.9,51.9,51.9
2026-09-14,2855,52.9,5956624,52.9,52.9,52.9
2026-09-15,2855,51.5,5011104,51.5,51.5,51.5
2026-09-16,2855,51.6,4591433,51.6,51.6,51.6
2026-09-17,2855,52.5,3818844,52.5,52.5,52.5
2026-09-18,2855,53.3,4698696,53.3,53.3,53.3
2026-09-21,2855,57.3,12609766,57.3,57.3,57.3
2026-09-22,2855,56.9,9097963,56.9,56.9,56.9
2026-09-23,2855,57.7,5736074,57.7,57.7,57.7
2026-09-24,2855,57.8,5306238,57.8,57.8,57.8
2026-09-29,2855,55.5,6563643,55.5,55.5,55.5
2026-09-30,2855,56.6,5195072,56.6,56.6,56.6
2026-10-01,2855,56.4,4222173,56.4,56.4,56.4
2026-10-02,2855,57.6,4842657,57.6,57.6,57.6
2026-10-05,2855,58.2,3174080,58.2,58.2,58.2
2026-09-07,2880,44.35,13082688,44.35,44.35,44.35
2026-09-08,2880,45.15,13254248,45.15,45.15,45.15
2026-09-09,2880,44.35,9120535,44.35,44.35,44.35
2026-09-10,2880,44.8,13056360,44.8,44.8,44.8
2026-09-11,2880,45.85,18673673,45.85,45.85,45.85
2026-09-14,2880,46.3,11333629,46.3,46.3,46.3
2026-09-15,2880,46.9,15252989,46.9,46.9,46.9
2026-09-16,2880,47.35,18245339,47.35,47.35,47.35
2026-09-17,2880,47.9,16181633,47.9,47.9,47.9
2026-09-18,2880,47.65,35776337,47.65,47.65,47.65
2026-09-21,2880,46.65,8530932,46.65,46.65,46.65
2026-09-22,2880,46.55,8500509,46.55,46.55,46.55
2026-09-23,2880,45.8,12821890,45.8,45.8,45.8
2026-09-24,2880,45.75,5910247,45.75,45.75,45.75
2026-09-29,2880,44.9,12588665,44.9,44.9,44.9
2026-09-30,2880,45.35,13559866,45.35,45.35,45.35
2026-10-01,2880,45.25,13395509,45.25,45.25,45.25
2026-10-02,2880,44.85,12326772,44.85,44.85,44.85
2026-10-05,2880,44.6,8539351,44.6,44.6,44.6
2026-09-07,2881,149.5,21676639,149.5,149.5,149.5
2026-09-08,2881,149.0,12457783,149.0,149.0,149.0
2026-09-09,2881,147.0,16660623,147.0,147.0,147.0
2026-09-10,2881,148.5,12504942,148.5,148.5,148.5
2026-09-11,2881,148.5,10662888,148.5,148.5,148.5
2026-09-14,2881,154.0,19008138,154.0,154.0,154.0
2026-09-15,2881,151.0,15894184,151.0,151.0,151.0
2026-09-16,2881,153.0,20793317,153.0,153.0,153.0
2026-09-17,2881,151.5,14045882,151.5,151.5,151.5
2026-09-18,2881,150.5,28248424,150.5,150.5,150.5
2026-09-21,2881,154.5,15221165,154.5,154.5,154.5
2026-09-22,2881,154.5,17070787,154.5,154.5,154.5
2026-09-23,2881,153.0,14875887,153.0,153.0,153.0
2026-09-24,2881,150.0,8417116,150.0,150.0,150.0
2026-09-29,2881,151.5,14184273,151.5,151.5,151.5
2026-09-30,2881,151.0,11350421,151.0,151.0,151.0
2026-10-01,2881,150.5,18246085,150.5,150.5,150.5
2026-10-02,2881,150.5,10614902,150.5,150.5,150.5
2026-10-05,2881,152.0,11116444,152.0,152.0,152.0
2026-09-07,2882,114.5,25786342,114.5,114.5,114.5
2026-09-08,2882,113.5,19991277,113.5,113.5,113.5
2026-09-09,2882,110.5,23548014,110.5,110.5,110.5
2026-09-10,2882,110.5,13713393,110.5,110.5,110.5
2026-09-11,2882,110.5,15394406,110.5,110.5,110.5
2026-09-14,2882,112.5,18700175,112.5,112.5,112.5
2026-09-15,2882,110.0,16604431,110.0,110.0,110.0
2026-09-16,2882,112.5,27370591,112.5,112.5,112.5
2026-09-17,2882,112.0,19698413,112.0,112.0,112.0
2026-09-18,2882,110.5,43826072,110.5,110.5,110.5
2026-09-21,2882,113.0,15970215,113.0,113.0,113.0
2026-09-22,2882,112.0,15772789,112.0,112.0,112.0
2026-09-23,2882,111.5,17346843,111.5,111.5,111.5
2026-09-24,2882,110.5,11811664,110.5,110.5,110.5
2026-09-29,2882,111.5,19177458,111.5,111.5,111.5
2026-09-30,2882,111.0,22090817,111.0,111.0,111.0
2026-10-01,2882,110.5,20285318,110.5,110.5,110.5
2026-10-02,2882,111.5,13877928,111.5,111.5,111.5
2026-10-05,2882,111.5,13948307,111.5,111.5,111.5
2026-09-07,2883,36.95,51314316,36.95,36.95,36.95
2026-09-08,2883,37.3,34505752,37.3,37.3,37.3
2026-09-09,2883,36.75,52826646,36.75,36.75,36.75
2026-09-10,2883,37.2,41645435,37.2,37.2,37.2
2026-09-11,2883,37.85,44415166,37.85,37.85,37.85
2026-09-14,2883,38.8,43390833,38.8,38.8,38.8
2026-09-15,2883,38.15,54357732,38.15,38.15,38.15
2026-09-16,2883,39.15,44169972,39.15,39.15,39.15
2026-09-17,2883,39.65,47181728,39.65,39.65,39.65
2026-09-18,2883,39.3,84041486,39.3,39.3,39.3
2026-09-21,2883,40.45,53769739,40.45,40.45,40.45
2026-09-22,2883,39.3,47074088,39.3,39.3,39.3
2026-09-23,2883,39.35,35038084,39.35,39.35,39.35
2026-09-24,2883,38.95,20805805,38.95,38.95,38.95
2026-09-29,2883,38.95,37568266,38.95,38.95,38.95
2026-09-30,2883,38.85,34492869,38.85,38.85,38.85
2026-10-01,2883,36.9,124035181,36.9,36.9,36.9
2026-10-02,2883,37.35,67231685,37.35,37.35,37.35
2026-10-05,2883,37.3,33641657,37.3,37.3,37.3
2026-09-07,2884,43.55,54265583,43.55,43.55,43.55
2026-09-08,2884,45.55,66912684,45.55,45.55,45.55
2026-09-09,2884,44.25,79994670,44.25,44.25,44.25
2026-09-10,2884,44.95,56865315,44.95,44.95,44.95
2026-09-11,2884,46.3,50967537,46.3,46.3,46.3
2026-09-14,2884,46.35,42521670,46.35,46.35,46.35
2026-09-15,2884,45.65,35427709,45.65,45.65,45.65
2026-09-16,2884,46.45,41914863,46.45,46.45,46.45
2026-09-17,2884,47.3,51011663,47.3,47.3,47.3
2026-09-18,2884,46.4,91400807,46.4,46.4,46.4
2026-09-21,2884,46.2,24243212,46.2,46.2,46.2
2026-09-22,2884,46.05,17191693,46.05,46.05,46.05
2026-09-23,2884,45.6,25178062,45.6,45.6,45.6
2026-09-24,2884,45.6,18254771,45.6,45.6,45.6
2026-09-29,2884,44.9,32018146,44.9,44.9,44.9
2026-09-30,2884,44.85,30746754,44.85,44.85,44.85
2026-10-01,2884,45.35,29162352,45.35,45.35,45.35
2026-10-02,2884,45.35,21945062,45.35,45.35,45.35
2026-10-05,2884,44.8,19596079,44.8,44.8,44.8
2026-09-07,2885,70.2,20843675,70.2,70.2,70.2
2026-09-08,2885,70.6,15507453,70.6,70.6,70.6
2026-09-09,2885,69.7,21174099,69.7,69.7,69.7
2026-09-10,2885,69.7,15088213,69.7,69.7,69.7
2026-09-11,2885,70.0,17923620,70.0,70.0,70.0
2026-09-14,2885,70.8,15209396,70.8,70.8,70.8
2026-09-15,2885,68.3,23441138,68.3,68.3,68.3
2026-09-16,2885,69.4,14347692,69.4,69.4,69.4
2026-09-17,2885,69.0,24272039,69.0,69.0,69.0
2026-09-18,2885,70.0,51889026,70.0,70.0,70.0
2026-09-21,2885,70.4,12965915,70.4,70.4,70.4
2026-09-22,2885,70.6,23313467,70.6,70.6,70.6
2026-09-23,2885,69.6,17813965,69.6,69.6,69.6
2026-09-24,2885,69.2,13758876,69.2,69.2,69.2
2026-09-29,2885,68.7,20346003,68.7,68.7,68.7
2026-09-30,2885,68.5,16759201,68.5,68.5,68.5
2026-10-01,2885,67.4,23394934,67.4,67.4,67.4
2026-10-02,2885,66.8,19695021,66.8,66.8,66.8
2026-10-05,2885,68.2,14141135,68.2,68.2,68.2
2026-09-07,2886,50.2,20349647,50.2,50.2,50.2
2026-09-08,2886,50.6,24420363,50.6,50.6,50.6
2026-09-09,2886,50.3,14872293,50.3,50.3,50.3
2026-09-10,2886,49.9,20888846,49.9,49.9,49.9
2026-09-11,2886,51.7,35912878,51.7,51.7,51.7
2026-09-14,2886,52.5,22519207,52.5,52.5,52.5
2026-09-15,2886,51.8,20370352,51.8,51.8,51.8
2026-09-16,2886,50.9,26462696,50.9,50.9,50.9
2026-09-17,2886,51.9,24220366,51.9,51.9,51.9
2026-09-18,2886,51.1,47531956,51.1,51.1,51.1
2026-09-21,2886,51.1,12052512,51.1,51.1,51.1
2026-09-22,2886,50.5,21285539,50.5,50.5,50.5
2026-09-23,2886,50.0,20938255,50.0,50.0,50.0
2026-09-24,2886,49.6,8333068,49.6,49.6,49.6
2026-09-29,2886,49.1,20847357,49.1,49.1,49.1
2026-09-30,2886,49.15,16038181,49.15,49.15,49.15
2026-10-01,2886,48.85,30290335,48.85,48.85,48.85
2026-10-02,2886,48.85,28642625,48.85,48.85,48.85
2026-10-05,2886,48.55,13947129,48.55,48.55,48.55
2026-09-07,2887,41.1,57658148,41.1,41.1,41.1
2026-09-08,2887,42.8,67844119,42.8,42.8,42.8
2026-09-09,2887,42.4,69029383,42.4,42.4,42.4
2026-09-10,2887,42.15,38539925,42.15,42.15,42.15
2026-09-11,2887,42.65,41541777,42.65,42.65,42.65
2026-09-14,2887,43.55,41755970,43.55,43.55,43.55
2026-09-15,2887,43.4,43388044,43.4,43.4,43.4
2026-09-16,2887,44.4,64631663,44.4,44.4,44.4
2026-09-17,2887,44.05,61871541,44.05,44.05,44.05
2026-09-18,2887,44.4,139346857,44.4,44.4,44.4
2026-09-21,2887,43.8,55573672,43.8,43.8,43.8
2026-09-22,2887,42.9,47245611,42.9,42.9,42.9
2026-09-23,2887,42.95,38944416,42.95,42.95,42.95
2026-09-24,2887,42.5,22156657,42.5,42.5,42.5
2026-09-29,2887,41.8,46941880,41.8,41.8,41.8
2026-09-30,2887,41.95,34912298,41.95,41.95,41.95
2026-10-01,2887,41.25,82708620,41.25,41.25,41.25
2026-10-02,2887,40.55,56891872,40.55,40.55,40.55
2026-10-05,2887,40.85,36545158,40.85,40.85,40.85
2026-09-07,2889,16.45,15632611,16.45,16.45,16.45
2026-09-08,2889,16.6,12640762,16.6,16.6,16.6
2026-09-09,2889,16.7,14881124,16.7,16.7,16.7
2026-09-10,2889,16.55,13172393,16.55,16.55,16.55
2026-09-11,2889,16.75,17403008,16.75,16.75,16.75
2026-09-14,2889,17.05,17139445,17.05,17.05,17.05
2026-09-15,2889,16.85,12957544,16.85,16.85,16.85
2026-09-16,2889,17.3,19056573,17.3,17.3,17.3
2026-09-17,2889,17.3,15773759,17.3,17.3,17.3
2026-09-18,2889,17.15,19915199,17.15,17.15,17.15
2026-09-21,2889,16.9,10664633,16.9,16.9,16.9
2026-09-22,2889,16.85,5934928,16.85,16.85,16.85
2026-09-23,2889,16.8,8081422,16.8,16.8,16.8
2026-09-24,2889,16.55,9529220,16.55,16.55,16.55
2026-09-29,2889,16.4,9771251,16.4,16.4,16.4
2026-09-30,2889,16.5,6708250,16.5,16.5,16.5
2026-10-01,2889,16.15,11163653,16.15,16.15,16.15
2026-10-02,2889,16.1,5874536,16.1,16.1,16.1
2026-10-05,2889,16.0,11287069,16.0,16.0,16.0
2026-09-07,2890,42.6,20513376,42.6,42.6,42.6
2026-09-08,2890,43.45,30010862,43.45,43.45,43.45
2026-09-09,2890,43.2,28031635,43.2,43.2,43.2
2026-09-10,2890,42.9,22672446,42.9,42.9,42.9
2026-09-11,2890,43.7,32601711,43.7,43.7,43.7
2026-09-14,2890,44.8,31277251,44.8,44.8,44.8
2026-09-15,2890,44.55,26932735,44.55,44.55,44.55
2026-09-16,2890,45.3,39272275,45.3,45.3,45.3
2026-09-17,2890,45.95,36030980,45.95,45.95,45.95
2026-09-18,2890,45.25,52002471,45.25,45.25,45.25
2026-09-21,2890,45.7,18347361,45.7,45.7,45.7
2026-09-22,2890,45.4,13630029,45.4,45.4,45.4
2026-09-23,2890,45.05,20244857,45.05,45.05,45.05
2026-09-24,2890,45.15,10439331,45.15,45.15,45.15
2026-09-29,2890,43.9,34667144,43.9,43.9,43.9
2026-09-30,2890,44.25,18029307,44.25,44.25,44.25
2026-10-01,2890,43.65,22127376,43.65,43.65,43.65
2026-10-02,2890,44.05,13939013,44.05,44.05,44.05
2026-10-05,2890,44.05,17577071,44.05,44.05,44.05
2026-09-07,2891,67.4,29922109,67.4,67.4,67.4
2026-09-08,2891,68.2,28102434,68.2,68.2,68.2
2026-09-09,2891,66.6,29229387,66.6,66.6,66.6
2026-09-10,2891,67.3,19389793,67.3,67.3,67.3
2026-09-11,2891,67.1,22714818,67.1,67.1,67.1
2026-09-14,2891,68.1,28023152,68.1,68.1,68.1
2026-09-15,2891,69.7,59318127,69.7,69.7,69.7
2026-09-16,2891,70.8,50439678,70.8,70.8,70.8
2026-09-17,2891,71.2,43768969,71.2,71.2,71.2
2026-09-18,2891,69.5,75667472,69.5,69.5,69.5
2026-09-21,2891,70.4,21196337,70.4,70.4,70.4
2026-09-22,2891,69.6,16809301,69.6,69.6,69.6
2026-09-23,2891,68.9,20610634,68.9,68.9,68.9
2026-09-24,2891,68.5,17628463,68.5,68.5,68.5
2026-09-29,2891,68.7,27538151,68.7,68.7,68.7
2026-09-30,2891,68.4,26479156,68.4,68.4,68.4
2026-10-01,2891,67.9,28647138,67.9,67.9,67.9
2026-10-02,2891,67.3,18882806,67.3,67.3,67.3
2026-10-05,2891,67.4,16418201,67.4,67.4,67.4
2026-09-07,2892,37.3,38993734,37.3,37.3,37.3
2026-09-08,2892,37.85,28543044,37.85,37.85,37.85
2026-09-09,2892,37.8,30638819,37.8,37.8,37.8
2026-09-10,2892,38.0,29076588,38.0,38.0,38.0
2026-09-11,2892,38.9,34933986,38.9,38.9,38.9
2026-09-14,2892,39.85,37037261,39.85,39.85,39.85
2026-09-15,2892,39.55,30707411,39.55,39.55,39.55
2026-09-16,2892,40.0,24115235,40.0,40.0,40.0
2026-09-17,2892,40.75,32824142,40.75,40.75,40.75
2026-09-18,2892,39.8,52942496,39.8,39.8,39.8
2026-09-21,2892,39.75,16248699,39.75,39.75,39.75
2026-09-22,2892,39.9,19900972,39.9,39.9,39.9
2026-09-23,2892,39.85,18149130,39.85,39.85,39.85
2026-09-24,2892,39.5,11353509,39.5,39.5,39.5
2026-09-29,2892,38.6,26936589,38.6,38.6,38.6
2026-09-30,2892,38.65,29031962,38.65,38.65,38.65
2026-10-01,2892,38.7,18760717,38.7,38.7,38.7
2026-10-02,2892,38.55,14985368,38.55,38.55,38.55
2026-10-05,2892,38.05,13117827,38.05,38.05,38.05
2026-09-07,2897,10.75,7811549,10.75,10.75,10.75
2026-09-08,2897,10.95,3694946,10.95,10.95,10.95
2026-09-09,2897,10.85,2058193,10.85,10.85,10.85
2026-09-10,2897,10.8,2623489,10.8,10.8,10.8
2026-09-11,2897,11.0,3621275,11.0,11.0,11.0
2026-09-14,2897,11.25,13429710,11.25,11.25,11.25
2026-09-15,2897,11.2,6343448,11.2,11.2,11.2
2026-09-16,2897,11.15,5623926,11.15,11.15,11.15
2026-09-17,2897,11.25,6108209,11.25,11.25,11.25
2026-09-18,2897,11.1,7034401,11.1,11.1,11.1
2026-09-21,2897,11.25,9099521,11.25,11.25,11.25
2026-09-22,2897,11.1,3750675,11.1,11.1,11.1
2026-09-23,2897,11.1,2012300,11.1,11.1,11.1
2026-09-24,2897,11.05,2781975,11.05,11.05,11.05
2026-09-29,2897,10.95,4961924,10.95,10.95,10.95
2026-09-30,2897,10.9,3869500,10.9,10.9,10.9
2026-10-01,2897,10.8,8785321,10.8,10.8,10.8
2026-10-02,2897,10.7,2489916,10.7,10.7,10.7
2026-10-05,2897,10.6,5029399,10.6,10.6,10.6
2026-09-07,2901,23.7,16299,23.7,23.7,23.7
2026-09-08,2901,23.75,19100,23.75,23.75,23.75
2026-09-09,2901,23.7,6850,23.7,23.7,23.7
2026-09-10,2901,23.5,219944,23.5,23.5,23.5
2026-09-11,2901,23.0,28232,23.0,23.0,23.0
2026-09-14,2901,23.5,10106,23.5,23.5,23.5
2026-09-15,2901,22.7,33874,22.7,22.7,22.7
2026-09-16,2901,22.9,16610,22.9,22.9,22.9
2026-09-17,2901,22.95,51405,22.95,22.95,22.95
2026-09-18,2901,23.2,8568,23.2,23.2,23.2
2026-09-21,2901,23.2,21448,23.2,23.2,23.2
2026-09-22,2901,24.4,221777,24.4,24.4,24.4
2026-09-23,2901,22.95,958071,22.95,22.95,22.95
2026-09-24,2901,23.35,163902,23.35,23.35,23.35
2026-09-29,2901,23.8,50924,23.8,23.8,23.8
2026-09-30,2901,24.15,35495,24.15,24.15,24.15
2026-10-01,2901,24.8,36636,24.8,24.8,24.8
2026-10-02,2901,25.05,50747,25.05,25.05,25.05
2026-10-05,2901,25.0,41820,25.0,25.0,25.0
2026-09-07,2903,22.25,1062429,22.25,22.25,22.25
2026-09-08,2903,22.45,1039929,22.45,22.45,22.45
2026-09-09,2903,22.4,699118,22.4,22.4,22.4
2026-09-10,2903,22.5,1455705,22.5,22.5,22.5
2026-09-11,2903,22.3,920658,22.3,22.3,22.3
2026-09-14,2903,22.05,1171124,22.05,22.05,22.05
2026-09-15,2903,21.85,1529035,21.85,21.85,21.85
2026-09-16,2903,21.8,1238522,21.8,21.8,21.8
2026-09-17,2903,22.05,699536,22.05,22.05,22.05
2026-09-18,2903,22.2,919762,22.2,22.2,22.2
2026-09-21,2903,22.4,1332377,22.4,22.4,22.4
2026-09-22,2903,22.3,384458,22.3,22.3,22.3
2026-09-23,2903,22.25,668203,22.25,22.25,22.25
2026-09-24,2903,22.1,838175,22.1,22.1,22.1
2026-09-29,2903,21.9,1122713,21.9,21.9,21.9
2026-09-30,2903,22.15,1760740,22.15,22.15,22.15
2026-10-01,2903,21.95,1960447,21.95,21.95,21.95
2026-10-02,2903,21.8,1847025,21.8,21.8,21.8
2026-10-05,2903,21.75,1376393,21.75,21.75,21.75
2026-09-07,2904,12.65,53449,12.65,12.65,12.65
2026-09-08,2904,12.7,22083,12.7,12.7,12.7
2026-09-09,2904,12.7,22456,12.7,12.7,12.7
2026-09-10,2904,12.65,28742,12.65,12.65,12.65
2026-09-11,2904,12.55,25969,12.55,12.55,12.55
2026-09-14,2904,12.65,31689,12.65,12.65,12.65
2026-09-15,2904,12.55,53802,12.55,12.55,12.55
2026-09-16,2904,12.55,48778,12.55,12.55,12.55
2026-09-17,2904,12.5,59356,12.5,12.5,12.5
2026-09-18,2904,12.5,22268,12.5,12.5,12.5
2026-09-21,2904,12.65,66649,12.65,12.65,12.65
2026-09-22,2904,12.6,14821,12.6,12.6,12.6
2026-09-23,2904,12.55,12565,12.55,12.55,12.55
2026-09-24,2904,12.55,22974,12.55,12.55,12.55
2026-09-29,2904,12.6,16574,12.6,12.6,12.6
2026-09-30,2904,12.6,29328,12.6,12.6,12.6
2026-10-01,2904,12.7,6487,12.7,12.7,12.7
2026-10-02,2904,12.6,8459,12.6,12.6,12.6
2026-10-05,2904,12.55,10547,12.55,12.55,12.55
2026-09-07,2905,17.9,1487962,17.9,17.9,17.9
2026-09-08,2905,18.25,1332893,18.25,18.25,18.25
2026-09-09,2905,18.05,1035374,18.05,18.05,18.05
2026-09-10,2905,18.35,1317427,18.35,18.35,18.35
2026-09-11,2905,18.5,1630561,18.5,18.5,18.5
2026-09-14,2905,18.5,934169,18.5,18.5,18.5
2026-09-15,2905,18.85,2369419,18.85,18.85,18.85
2026-09-16,2905,18.55,2043085,18.55,18.55,18.55
2026-09-17,2905,18.65,1992584,18.65,18.65,18.65
2026-09-18,2905,18.45,2529525,18.45,18.45,18.45
2026-09-21,2905,18.75,2090984,18.75,18.75,18.75
2026-09-22,2905,18.55,1473362,18.55,18.55,18.55
2026-09-23,2905,18.65,1430800,18.65,18.65,18.65
2026-09-24,2905,18.3,1197315,18.3,18.3,18.3
2026-09-29,2905,18.0,1238085,18.0,18.0,18.0
2026-09-30,2905,18.3,770644,18.3,18.3,18.3
2026-10-01,2905,18.05,1176639,18.05,18.05,18.05
2026-10-02,2905,17.8,798384,17.8,17.8,17.8
2026-10-05,2905,17.65,564810,17.65,17.65,17.65
2026-09-07,2906,13.75,147845,13.75,13.75,13.75
2026-09-08,2906,13.75,120327,13.75,13.75,13.75
2026-09-09,2906,13.8,71215,13.8,13.8,13.8
2026-09-10,2906,13.9,135191,13.9,13.9,13.9
2026-09-11,2906,13.9,136037,13.9,13.9,13.9
2026-09-14,2906,13.8,51020,13.8,13.8,13.8
2026-09-15,2906,13.6,143868,13.6,13.6,13.6
2026-09-16,2906,13.5,82855,13.5,13.5,13.5
2026-09-17,2906,13.8,224814,13.8,13.8,13.8
2026-09-18,2906,13.85,97683,13.85,13.85,13.85
2026-09-21,2906,13.7,117077,13.7,13.7,13.7
2026-09-22,2906,13.6,48509,13.6,13.6,13.6
2026-09-23,2906,13.45,134707,13.45,13.45,13.45
2026-09-24,2906,13.5,95287,13.5,13.5,13.5
2026-09-29,2906,13.3,67157,13.3,13.3,13.3
2026-09-30,2906,13.4,79256,13.4,13.4,13.4
2026-10-01,2906,13.4,40114,13.4,13.4,13.4
2026-10-02,2906,13.4,94141,13.4,13.4,13.4
2026-10-05,2906,13.25,102545,13.25,13.25,13.25
2026-09-07,2908,22.25,350309,22.25,22.25,22.25
2026-09-08,2908,22.25,246093,22.25,22.25,22.25
2026-09-09,2908,22.25,210188,22.25,22.25,22.25
2026-09-10,2908,22.2,231052,22.2,22.2,22.2
2026-09-11,2908,21.95,203171,21.95,21.95,21.95
2026-09-14,2908,22.0,230317,22.0,22.0,22.0
2026-09-15,2908,21.85,179016,21.85,21.85,21.85
2026-09-16,2908,22.05,220283,22.05,22.05,22.05
2026-09-17,2908,22.1,220261,22.1,22.1,22.1
2026-09-18,2908,22.25,228453,22.25,22.25,22.25
2026-09-21,2908,22.0,219438,22.0,22.0,22.0
2026-09-22,2908,22.05,265436,22.05,22.05,22.05
2026-09-23,2908,22.15,291079,22.15,22.15,22.15
2026-09-24,2908,22.15,275895,22.15,22.15,22.15
2026-09-29,2908,21.7,286050,21.7,21.7,21.7
2026-09-30,2908,22.05,256712,22.05,22.05,22.05
2026-10-01,2908,22.1,260894,22.1,22.1,22.1
2026-10-02,2908,22.1,281086,22.1,22.1,22.1
2026-10-05,2908,22.2,305331,22.2,22.2,22.2
2026-09-07,2910,23.75,33102,23.75,23.75,23.75
2026-09-08,2910,24.05,9040,24.05,24.05,24.05
2026-09-09,2910,23.95,8750,23.95,23.95,23.95
2026-09-10,2910,23.8,16044,23.8,23.8,23.8
2026-09-11,2910,23.25,13707,23.25,23.25,23.25
2026-09-14,2910,23.45,8142,23.45,23.45,23.45
2026-09-15,2910,23.3,11064,23.3,23.3,23.3
2026-09-16,2910,23.3,9000,23.3,23.3,23.3
2026-09-17,2910,23.4,12029,23.4,23.4,23.4
2026-09-18,2910,23.65,16050,23.65,23.65,23.65
2026-09-21,2910,23.85,13000,23.85,23.85,23.85
2026-09-22,2910,23.8,13000,23.8,23.8,23.8
2026-09-23,2910,23.65,13001,23.65,23.65,23.65
2026-09-24,2910,23.55,3003,23.55,23.55,23.55
2026-09-29,2910,23.1,20115,23.1,23.1,23.1
2026-09-30,2910,23.6,33005,23.6,23.6,23.6
2026-10-01,2910,23.6,1000,23.6,23.6,23.6
2026-10-02,2910,23.2,10011,23.2,23.2,23.2
2026-10-05,2910,23.35,6341,23.35,23.35,23.35
2026-09-07,2911,6.39,177472,6.39,6.39,6.39
2026-09-08,2911,6.42,39269,6.42,6.42,6.42
2026-09-09,2911,6.41,65760,6.41,6.41,6.41
2026-09-10,2911,6.43,76832,6.43,6.43,6.43
2026-09-11,2911,6.39,42771,6.39,6.39,6.39
2026-09-14,2911,6.28,45749,6.28,6.28,6.28
2026-09-15,2911,6.32,29837,6.32,6.32,6.32
2026-09-16,2911,6.4,40251,6.4,6.4,6.4
2026-09-17,2911,6.32,76286,6.32,6.32,6.32
2026-09-18,2911,6.34,61847,6.34,6.34,6.34
2026-09-21,2911,6.2,103922,6.2,6.2,6.2
2026-09-22,2911,6.2,127334,6.2,6.2,6.2
2026-09-23,2911,6.13,103447,6.13,6.13,6.13
2026-09-24,2911,6.1,38973,6.1,6.1,6.1
2026-09-29,2911,6.03,124868,6.03,6.03,6.03
2026-09-30,2911,6.08,111425,6.08,6.08,6.08
2026-10-01,2911,6.14,90769,6.14,6.14,6.14
2026-10-02,2911,6.01,93320,6.01,6.01,6.01
2026-10-05,2911,6.04,79779,6.04,6.04,6.04
2026-09-07,2912,215.0,1328293,215.0,215.0,215.0
2026-09-08,2912,217.0,1948723,217.0,217.0,217.0
2026-09-09,2912,217.5,1223080,217.5,217.5,217.5
2026-09-10,2912,218.5,1308060,218.5,218.5,218.5
2026-09-11,2912,216.5,1098197,216.5,216.5,216.5
2026-09-14,2912,216.5,1022196,216.5,216.5,216.5
2026-09-15,2912,215.5,1125625,215.5,215.5,215.5
2026-09-16,2912,215.0,1495045,215.0,215.0,215.0
2026-09-17,2912,217.5,1131376,217.5,217.5,217.5
2026-09-18,2912,216.5,2787692,216.5,216.5,216.5
2026-09-21,2912,215.0,1167249,215.0,215.0,215.0
2026-09-22,2912,214.0,963738,214.0,214.0,214.0
2026-09-23,2912,213.0,2277177,213.0,213.0,213.0
2026-09-24,2912,212.5,2196330,212.5,212.5,212.5
2026-09-29,2912,212.0,1493082,212.0,212.0,212.0
2026-09-30,2912,212.5,1661585,212.5,212.5,212.5
2026-10-01,2912,212.5,2207660,212.5,212.5,212.5
2026-10-02,2912,210.5,2981945,210.5,210.5,210.5
2026-10-05,2912,211.0,1150568,211.0,211.0,211.0
2026-09-07,2913,10.95,1515907,10.95,10.95,10.95
2026-09-08,2913,11.0,463261,11.0,11.0,11.0
2026-09-09,2913,11.1,693805,11.1,11.1,11.1
2026-09-10,2913,11.05,522145,11.05,11.05,11.05
2026-09-11,2913,10.9,564636,10.9,10.9,10.9
2026-09-14,2913,10.95,621615,10.95,10.95,10.95
2026-09-15,2913,10.95,651398,10.95,10.95,10.95
2026-09-16,2913,10.95,491142,10.95,10.95,10.95
2026-09-17,2913,11.1,1452874,11.1,11.1,11.1
2026-09-18,2913,10.9,3068939,10.9,10.9,10.9
2026-09-21,2913,11.05,2611881,11.05,11.05,11.05
2026-09-22,2913,11.05,818151,11.05,11.05,11.05
2026-09-23,2913,11.15,1253379,11.15,11.15,11.15
2026-09-24,2913,11.05,813993,11.05,11.05,11.05
2026-09-29,2913,11.0,729074,11.0,11.0,11.0
2026-09-30,2913,11.15,883050,11.15,11.15,11.15
2026-10-01,2913,11.1,345222,11.1,11.1,11.1
2026-10-02,2913,11.0,444038,11.0,11.0,11.0
2026-10-05,2913,10.9,1482844,10.9,10.9,10.9
2026-09-07,2915,56.7,1491180,56.7,56.7,56.7
2026-09-08,2915,57.4,1332452,57.4,57.4,57.4
2026-09-09,2915,57.4,947774,57.4,57.4,57.4
2026-09-10,2915,56.9,888779,56.9,56.9,56.9
2026-09-11,2915,56.6,1308487,56.6,56.6,56.6
2026-09-14,2915,56.7,1420228,56.7,56.7,56.7
2026-09-15,2915,56.9,867924,56.9,56.9,56.9
2026-09-16,2915,56.6,2441861,56.6,56.6,56.6
2026-09-17,2915,58.6,3128197,58.6,58.6,58.6
2026-09-18,2915,59.0,2609847,59.0,59.0,59.0
2026-09-21,2915,59.3,1165805,59.3,59.3,59.3
2026-09-22,2915,59.3,1504534,59.3,59.3,59.3
2026-09-23,2915,60.1,2250622,60.1,60.1,60.1
2026-09-24,2915,60.0,1536402,60.0,60.0,60.0
2026-09-29,2915,58.5,1554776,58.5,58.5,58.5
2026-09-30,2915,58.8,1295830,58.8,58.8,58.8
2026-10-01,2915,58.3,1152943,58.3,58.3,58.3
2026-10-02,2915,57.5,1576854,57.5,57.5,57.5
2026-10-05,2915,56.9,1581273,56.9,56.9,56.9
2026-09-07,2923,27.1,295431,27.1,27.1,27.1
2026-09-08,2923,26.7,112876,26.7,26.7,26.7
2026-09-09,2923,27.8,140374,27.8,27.8,27.8
2026-09-10,2923,27.3,87908,27.3,27.3,27.3
2026-09-11,2923,25.4,240973,25.4,25.4,25.4
2026-09-14,2923,24.35,125720,24.35,24.35,24.35
2026-09-15,2923,23.0,327576,23.0,23.0,23.0
2026-09-16,2923,23.7,241304,23.7,23.7,23.7
2026-09-17,2923,24.7,135528,24.7,24.7,24.7
2026-09-18,2923,27.1,353005,27.1,27.1,27.1
2026-09-21,2923,26.25,75702,26.25,26.25,26.25
2026-09-22,2923,26.4,84100,26.4,26.4,26.4
2026-09-23,2923,25.7,90282,25.7,25.7,25.7
2026-09-24,2923,24.3,143243,24.3,24.3,24.3
2026-09-29,2923,23.9,116429,23.9,23.9,23.9
2026-09-30,2923,25.45,152576,25.45,25.45,25.45
2026-10-01,2923,25.4,44485,25.4,25.4,25.4
2026-10-02,2923,23.95,197446,23.95,23.95,23.95
2026-10-05,2923,24.25,120263,24.25,24.25,24.25
2026-09-07,2929,5.72,122785,5.72,5.72,5.72
2026-09-08,2929,5.71,33290,5.71,5.71,5.71
2026-09-09,2929,5.79,54070,5.79,5.79,5.79
2026-09-10,2929,5.87,986265,5.87,5.87,5.87
2026-09-11,2929,5.72,122209,5.72,5.72,5.72
2026-09-14,2929,5.75,168814,5.75,5.75,5.75
2026-09-15,2929,5.72,53522,5.72,5.72,5.72
2026-09-16,2929,5.75,80021,5.75,5.75,5.75
2026-09-17,2929,5.72,244212,5.72,5.72,5.72
2026-09-18,2929,5.79,203489,5.79,5.79,5.79
2026-09-21,2929,5.79,94934,5.79,5.79,5.79
2026-09-22,2929,5.79,46577,5.79,5.79,5.79
2026-09-23,2929,5.82,99033,5.82,5.82,5.82
2026-09-24,2929,5.84,86691,5.84,5.84,5.84
2026-09-29,2929,5.81,102847,5.81,5.81,5.81
2026-09-30,2929,5.83,81468,5.83,5.83,5.83
2026-10-01,2929,5.81,34652,5.81,5.81,5.81
2026-10-02,2929,5.8,72557,5.8,5.8,5.8
2026-10-05,2929,5.81,138005,5.81,5.81,5.81
2026-09-07,2939,19.75,65000,19.75,19.75,19.75
2026-09-08,2939,20.0,8401,20.0,20.0,20.0
2026-09-09,2939,19.7,28001,19.7,19.7,19.7
2026-09-10,2939,20.0,67000,20.0,20.0,20.0
2026-09-11,2939,19.7,457002,19.7,19.7,19.7
2026-09-14,2939,19.55,13006,19.55,19.55,19.55
2026-09-15,2939,19.4,21002,19.4,19.4,19.4
2026-09-16,2939,19.4,7000,19.4,19.4,19.4
2026-09-17,2939,21.0,11015,21.0,21.0,21.0
2026-09-18,2939,20.5,18006,20.5,20.5,20.5
2026-09-21,2939,19.9,27002,19.9,19.9,19.9
2026-09-22,2939,19.95,9002,19.95,19.95,19.95
2026-09-23,2939,19.6,21001,19.6,19.6,19.6
2026-09-24,2939,19.6,17001,19.6,19.6,19.6
2026-09-29,2939,20.25,51000,20.25,20.25,20.25
2026-09-30,2939,21.9,92004,21.9,21.9,21.9
2026-10-01,2939,21.95,24032,21.95,21.95,21.95
2026-10-02,2939,22.55,39378,22.55,22.55,22.55
2026-10-05,2939,23.45,102002,23.45,23.45,23.45
2026-09-07,2945,40.1,14755,40.1,40.1,40.1
2026-09-09,2945,39.55,36235,39.55,39.55,39.55
2026-09-10,2945,39.95,14222,39.95,39.95,39.95
2026-09-11,2945,39.65,8365,39.65,39.65,39.65
2026-09-14,2945,39.8,4455,39.8,39.8,39.8
2026-09-15,2945,39.05,13483,39.05,39.05,39.05
2026-09-16,2945,39.5,8355,39.5,39.5,39.5
2026-09-17,2945,39.6,9164,39.6,39.6,39.6
2026-09-18,2945,40.0,16628,40.0,40.0,40.0
2026-09-21,2945,40.7,23598,40.7,40.7,40.7
2026-09-22,2945,40.6,14253,40.6,40.6,40.6
2026-09-23,2945,40.0,213892,40.0,40.0,40.0
2026-09-24,2945,39.9,30662,39.9,39.9,39.9
2026-09-29,2945,39.8,25135,39.8,39.8,39.8
2026-09-30,2945,39.85,20699,39.85,39.85,39.85
2026-10-01,2945,39.9,21688,39.9,39.9,39.9
2026-10-02,2945,40.0,29029,40.0,40.0,40.0
2026-10-05,2945,39.95,8333,39.95,39.95,39.95
2026-09-07,3002,17.3,72180,17.3,17.3,17.3
2026-09-08,3002,17.35,66040,17.35,17.35,17.35
2026-09-09,3002,17.25,116833,17.25,17.25,17.25
2026-09-10,3002,17.0,78910,17.0,17.0,17.0
2026-09-11,3002,17.05,60384,17.05,17.05,17.05
2026-09-14,3002,16.8,36198,16.8,16.8,16.8
2026-09-15,3002,16.65,35302,16.65,16.65,16.65
2026-09-16,3002,16.95,51846,16.95,16.95,16.95
2026-09-17,3002,18.6,779652,18.6,18.6,18.6
2026-09-18,3002,20.45,1197574,20.45,20.45,20.45
2026-09-21,3002,19.8,1873547,19.8,19.8,19.8
2026-09-22,3002,19.5,782856,19.5,19.5,19.5
2026-09-23,3002,18.9,361009,18.9,18.9,18.9
2026-09-24,3002,18.9,251151,18.9,18.9,18.9
2026-09-29,3002,18.9,138621,18.9,18.9,18.9
2026-09-30,3002,19.3,327819,19.3,19.3,19.3
2026-10-01,3002,19.45,397346,19.45,19.45,19.45
2026-10-02,3002,19.7,466159,19.7,19.7,19.7
2026-10-05,3002,19.2,290402,19.2,19.2,19.2
2026-09-07,3003,59.0,3354602,59.0,59.0,59.0
2026-09-08,3003,58.7,1588467,58.7,58.7,58.7
2026-09-09,3003,59.6,662699,59.6,59.6,59.6
2026-09-10,3003,58.7,542434,58.7,58.7,58.7
2026-09-11,3003,57.0,838069,57.0,57.0,57.0
2026-09-14,3003,57.1,415201,57.1,57.1,57.1
2026-09-15,3003,56.6,356754,56.6,56.6,56.6
2026-09-16,3003,57.9,264868,57.9,57.9,57.9
2026-09-17,3003,58.3,641622,58.3,58.3,58.3
2026-09-18,3003,58.9,428245,58.9,58.9,58.9
2026-09-21,3003,58.9,326968,58.9,58.9,58.9
2026-09-22,3003,58.3,573792,58.3,58.3,58.3
2026-09-23,3003,58.6,394371,58.6,58.6,58.6
2026-09-24,3003,60.1,460508,60.1,60.1,60.1
2026-09-29,3003,59.7,286357,59.7,59.7,59.7
2026-09-30,3003,60.4,334494,60.4,60.4,60.4
2026-10-01,3003,59.8,205478,59.8,59.8,59.8
2026-10-02,3003,60.0,254831,60.0,60.0,60.0
2026-10-05,3003,59.8,559712,59.8,59.8,59.8
2026-09-07,3004,120.0,510277,120.0,120.0,120.0
2026-09-08,3004,121.0,282107,121.0,121.0,121.0
2026-09-09,3004,122.5,588200,122.5,122.5,122.5
2026-09-10,3004,121.5,219240,121.5,121.5,121.5
2026-09-11,3004,118.5,308627,118.5,118.5,118.5
2026-09-14,3004,115.5,487522,115.5,115.5,115.5
2026-09-15,3004,114.0,184882,114.0,114.0,114.0
2026-09-16,3004,116.0,173641,116.0,116.0,116.0
2026-09-17,3004,117.0,417657,117.0,117.0,117.0
2026-09-18,3004,119.5,195653,119.5,119.5,119.5
2026-09-21,3004,117.5,209763,117.5,117.5,117.5
2026-09-22,3004,117.5,171722,117.5,117.5,117.5
2026-09-23,3004,118.0,177477,118.0,118.0,118.0
2026-09-24,3004,117.0,111407,117.0,117.0,117.0
2026-09-29,3004,117.5,85163,117.5,117.5,117.5
2026-09-30,3004,119.0,165706,119.0,119.0,119.0
2026-10-01,3004,121.0,488162,121.0,121.0,121.0
2026-10-02,3004,121.5,151965,121.5,121.5,121.5
2026-10-05,3004,120.5,718084,120.5,120.5,120.5
2026-09-07,3005,113.0,2431067,113.0,113.0,113.0
2026-09-08,3005,112.5,1571494,112.5,112.5,112.5
2026-09-09,3005,115.0,2017632,115.0,115.0,115.0
2026-09-10,3005,115.0,949678,115.0,115.0,115.0
2026-09-11,3005,115.5,1906337,115.5,115.5,115.5
2026-09-14,3005,116.5,2806961,116.5,116.5,116.5
2026-09-15,3005,115.0,1588708,115.0,115.0,115.0
2026-09-16,3005,115.0,1479672,115.0,115.0,115.0
2026-09-17,3005,118.0,3131786,118.0,118.0,118.0
2026-09-18,3005,118.5,1692787,118.5,118.5,118.5
2026-09-21,3005,119.0,2988019,119.0,119.0,119.0
2026-09-22,3005,118.5,1815746,118.5,118.5,118.5
2026-09-23,3005,117.5,1664910,117.5,117.5,117.5
2026-09-24,3005,116.5,758055,116.5,116.5,116.5
2026-09-29,3005,117.0,983939,117.0,117.0,117.0
2026-09-30,3005,116.5,1298870,116.5,116.5,116.5
2026-10-01,3005,117.5,975079,117.5,117.5,117.5
2026-10-02,3005,117.5,702857,117.5,117.5,117.5
2026-10-05,3005,117.0,1213174,117.0,117.0,117.0
2026-09-07,3006,297.0,26812246,297.0,297.0,297.0
2026-09-08,3006,298.5,18083273,298.5,298.5,298.5
2026-09-09,3006,306.5,17234838,306.5,306.5,306.5
2026-09-10,3006,312.0,26130142,312.0,312.0,312.0
2026-09-11,3006,290.5,20614655,290.5,290.5,290.5
2026-09-14,3006,270.5,13743680,270.5,270.5,270.5
2026-09-15,3006,264.0,9092194,264.0,264.0,264.0
2026-09-16,3006,281.0,12191590,281.0,281.0,281.0
2026-09-17,3006,278.5,11004816,278.5,278.5,278.5
2026-09-18,3006,291.0,14291230,291.0,291.0,291.0
2026-09-21,3006,285.0,11308937,285.0,285.0,285.0
2026-09-22,3006,278.5,9766932,278.5,278.5,278.5
2026-09-23,3006,274.0,9305114,274.0,274.0,274.0
2026-09-24,3006,275.0,6499142,275.0,275.0,275.0
2026-09-29,3006,285.0,9171752,285.0,285.0,285.0
2026-09-30,3006,286.0,8256303,286.0,286.0,286.0
2026-10-01,3006,281.0,6910568,281.0,281.0,281.0
2026-10-02,3006,285.5,9101409,285.5,285.5,285.5
2026-10-05,3006,282.0,14449344,282.0,282.0,282.0
2026-09-07,3008,6660.0,2481903,6660.0,6660.0,6660.0
2026-09-08,3008,6500.0,1975094,6500.0,6500.0,6500.0
2026-09-09,3008,6870.0,1404696,6870.0,6870.0,6870.0
2026-09-10,3008,6720.0,1755962,6720.0,6720.0,6720.0
2026-09-11,3008,6660.0,1987534,6660.0,6660.0,6660.0
2026-09-14,3008,5995.0,2655512,5995.0,5995.0,5995.0
2026-09-15,3008,6055.0,2988683,6055.0,6055.0,6055.0
2026-09-16,3008,6225.0,2427181,6225.0,6225.0,6225.0
2026-09-17,3008,6020.0,2145354,6020.0,6020.0,6020.0
2026-09-18,3008,6430.0,2850571,6430.0,6430.0,6430.0
2026-09-21,3008,6400.0,2092892,6400.0,6400.0,6400.0
2026-09-22,3008,6405.0,2454340,6405.0,6405.0,6405.0
2026-09-23,3008,6190.0,1689986,6190.0,6190.0,6190.0
2026-09-24,3008,6245.0,1200518,6245.0,6245.0,6245.0
2026-09-29,3008,6020.0,1784096,6020.0,6020.0,6020.0
2026-09-30,3008,5945.0,1670350,5945.0,5945.0,5945.0
2026-10-01,3008,6205.0,2312558,6205.0,6205.0,6205.0
2026-10-02,3008,6290.0,1683166,6290.0,6290.0,6290.0
2026-10-05,3008,6730.0,2621621,6730.0,6730.0,6730.0
2026-09-07,3010,129.5,527752,129.5,129.5,129.5
2026-09-08,3010,127.0,337014,127.0,127.0,127.0
2026-09-09,3010,125.0,994940,125.0,125.0,125.0
2026-09-10,3010,124.5,612419,124.5,124.5,124.5
2026-09-11,3010,124.5,417514,124.5,124.5,124.5
2026-09-14,3010,125.5,324694,125.5,125.5,125.5
2026-09-15,3010,122.5,488994,122.5,122.5,122.5
2026-09-16,3010,122.5,188357,122.5,122.5,122.5
2026-09-17,3010,124.0,310774,124.0,124.0,124.0
2026-09-18,3010,125.0,414987,125.0,125.0,125.0
2026-09-21,3010,125.0,209715,125.0,125.0,125.0
2026-09-22,3010,124.5,378741,124.5,124.5,124.5
2026-09-23,3010,125.0,231389,125.0,125.0,125.0
2026-09-24,3010,126.0,457308,126.0,126.0,126.0
2026-09-29,3010,125.0,367596,125.0,125.0,125.0
2026-09-30,3010,125.5,343187,125.5,125.5,125.5
2026-10-01,3010,126.0,392956,126.0,126.0,126.0
2026-10-02,3010,128.0,956382,128.0,128.0,128.0
2026-10-05,3010,130.0,992474,130.0,130.0,130.0
2026-09-07,3011,10.0,502905,10.0,10.0,10.0
2026-09-08,3011,9.97,1670722,9.97,9.97,9.97
2026-09-09,3011,10.0,348399,10.0,10.0,10.0
2026-09-10,3011,9.99,327517,9.99,9.99,9.99
2026-09-11,3011,9.7,425708,9.7,9.7,9.7
2026-09-14,3011,9.38,1194705,9.38,9.38,9.38
2026-09-15,3011,9.44,988520,9.44,9.44,9.44
2026-09-16,3011,9.64,636201,9.64,9.64,9.64
2026-09-17,3011,9.97,1211571,9.97,9.97,9.97
2026-09-18,3011,9.98,579228,9.98,9.98,9.98
2026-09-21,3011,10.15,477661,10.15,10.15,10.15
2026-09-22,3011,10.05,240868,10.05,10.05,10.05
2026-09-23,3011,9.87,213242,9.87,9.87,9.87
2026-09-24,3011,10.0,277954,10.0,10.0,10.0
2026-09-29,3011,9.9,174436,9.9,9.9,9.9
2026-09-30,3011,10.15,270226,10.15,10.15,10.15
2026-10-01,3011,10.05,291227,10.05,10.05,10.05
2026-10-02,3011,9.87,637108,9.87,9.87,9.87
2026-10-05,3011,9.8,349326,9.8,9.8,9.8
2026-09-07,3013,86.3,906530,86.3,86.3,86.3
2026-09-08,3013,83.8,944628,83.8,83.8,83.8
2026-09-09,3013,87.0,938500,87.0,87.0,87.0
2026-09-10,3013,87.4,1122455,87.4,87.4,87.4
2026-09-11,3013,84.7,1752990,84.7,84.7,84.7
2026-09-14,3013,82.8,733596,82.8,82.8,82.8
2026-09-15,3013,81.5,634971,81.5,81.5,81.5
2026-09-16,3013,82.8,374821,82.8,82.8,82.8
2026-09-17,3013,82.5,431107,82.5,82.5,82.5
2026-09-18,3013,82.8,1023134,82.8,82.8,82.8
2026-09-21,3013,83.1,638436,83.1,83.1,83.1
2026-09-22,3013,83.1,754735,83.1,83.1,83.1
2026-09-23,3013,84.3,1063697,84.3,84.3,84.3
2026-09-24,3013,84.5,569586,84.5,84.5,84.5
2026-09-29,3013,84.0,637300,84.0,84.0,84.0
2026-09-30,3013,86.8,2758145,86.8,86.8,86.8
2026-10-01,3013,94.0,5259584,94.0,94.0,94.0
2026-10-02,3013,92.7,4569107,92.7,92.7,92.7
2026-10-05,3013,93.0,2856530,93.0,93.0,93.0
2026-09-07,3014,132.0,642570,132.0,132.0,132.0
2026-09-08,3014,130.0,555777,130.0,130.0,130.0
2026-09-09,3014,131.0,562006,131.0,131.0,131.0
2026-09-10,3014,131.5,397254,131.5,131.5,131.5
2026-09-11,3014,130.5,495734,130.5,130.5,130.5
2026-09-14,3014,130.5,413330,130.5,130.5,130.5
2026-09-15,3014,130.5,288580,130.5,130.5,130.5
2026-09-16,3014,132.5,776601,132.5,132.5,132.5
2026-09-17,3014,133.5,1161132,133.5,133.5,133.5
2026-09-18,3014,135.5,2377769,135.5,135.5,135.5
2026-09-21,3014,139.5,4097724,139.5,139.5,139.5
2026-09-22,3014,139.0,3657873,139.0,139.0,139.0
2026-09-23,3014,143.0,4800684,143.0,143.0,143.0
2026-09-24,3014,140.5,2408672,140.5,140.5,140.5
2026-09-29,3014,143.5,3216326,143.5,143.5,143.5
2026-09-30,3014,141.5,1815815,141.5,141.5,141.5
2026-10-01,3014,142.0,1276071,142.0,142.0,142.0
2026-10-02,3014,142.5,1134800,142.5,142.5,142.5
2026-10-05,3014,146.5,5400354,146.5,146.5,146.5
2026-09-07,3015,53.0,173251,53.0,53.0,53.0
2026-09-08,3015,52.4,186113,52.4,52.4,52.4
2026-09-09,3015,52.5,267457,52.5,52.5,52.5
2026-09-10,3015,52.0,317790,52.0,52.0,52.0
2026-09-11,3015,51.6,248390,51.6,51.6,51.6
2026-09-14,3015,52.0,247849,52.0,52.0,52.0
2026-09-15,3015,50.6,356508,50.6,50.6,50.6
2026-09-16,3015,50.9,295362,50.9,50.9,50.9
2026-09-17,3015,51.4,288085,51.4,51.4,51.4
2026-09-18,3015,51.8,217298,51.8,51.8,51.8
2026-09-21,3015,52.8,527460,52.8,52.8,52.8
2026-09-22,3015,53.1,396268,53.1,53.1,53.1
2026-09-23,3015,53.3,875451,53.3,53.3,53.3
2026-09-24,3015,53.3,219501,53.3,53.3,53.3
2026-09-29,3015,53.7,341596,53.7,53.7,53.7
2026-09-30,3015,55.2,529686,55.2,55.2,55.2
2026-10-01,3015,54.6,338875,54.6,54.6,54.6
2026-10-02,3015,54.4,418543,54.4,54.4,54.4
2026-10-05,3015,53.8,304599,53.8,53.8,53.8
2026-09-07,3016,100.5,2695630,100.5,100.5,100.5
2026-09-08,3016,101.5,11481206,101.5,101.5,101.5
2026-09-09,3016,100.0,3365101,100.0,100.0,100.0
2026-09-10,3016,110.0,13980714,110.0,110.0,110.0
2026-09-11,3016,109.5,19649188,109.5,109.5,109.5
2026-09-14,3016,112.5,21536063,112.5,112.5,112.5
2026-09-15,3016,110.0,30912478,110.0,110.0,110.0
2026-09-16,3016,115.5,19161129,115.5,115.5,115.5
2026-09-17,3016,115.5,24388426,115.5,115.5,115.5
2026-09-18,3016,116.5,11658641,116.5,116.5,116.5
2026-09-21,3016,120.5,12523363,120.5,120.5,120.5
2026-09-22,3016,132.5,30369344,132.5,132.5,132.5
2026-09-23,3016,145.5,31085717,145.5,145.5,145.5
2026-09-24,3016,160.0,49083815,160.0,160.0,160.0
2026-09-29,3016,172.5,75400142,172.5,172.5,172.5
2026-09-30,3016,169.0,43282581,169.0,169.0,169.0
2026-10-01,3016,168.0,5580762,168.0,168.0,168.0
2026-10-02,3016,180.5,8692203,180.5,180.5,180.5
2026-10-05,3016,181.5,5285840,181.5,181.5,181.5
2026-09-07,3017,3420.0,3303272,3420.0,3420.0,3420.0
2026-09-08,3017,3285.0,3350997,3285.0,3285.0,3285.0
2026-09-09,3017,3380.0,2364600,3380.0,3380.0,3380.0
2026-09-10,3017,3460.0,2574023,3460.0,3460.0,3460.0
2026-09-11,3017,3370.0,2111512,3370.0,3370.0,3370.0
2026-09-14,3017,3310.0,2215371,3310.0,3310.0,3310.0
2026-09-15,3017,3115.0,3217593,3115.0,3115.0,3115.0
2026-09-16,3017,3175.0,2744795,3175.0,3175.0,3175.0
2026-09-17,3017,3185.0,3034388,3185.0,3185.0,3185.0
2026-09-18,3017,3430.0,3785048,3430.0,3430.0,3430.0
2026-09-21,3017,3415.0,1743425,3415.0,3415.0,3415.0
2026-09-22,3017,3390.0,2288258,3390.0,3390.0,3390.0
2026-09-23,3017,3470.0,2649367,3470.0,3470.0,3470.0
2026-09-24,3017,3555.0,2261001,3555.0,3555.0,3555.0
2026-09-29,3017,3400.0,3928028,3400.0,3400.0,3400.0
2026-09-30,3017,3435.0,3653169,3435.0,3435.0,3435.0
2026-10-01,3017,3510.0,3303220,3510.0,3510.0,3510.0
2026-10-02,3017,3440.0,3274994,3440.0,3440.0,3440.0
2026-10-05,3017,3585.0,4606753,3585.0,3585.0,3585.0
2026-09-07,3018,11.6,50790,11.6,11.6,11.6
2026-09-08,3018,11.2,50412,11.2,11.2,11.2
2026-09-09,3018,11.4,35372,11.4,11.4,11.4
2026-09-10,3018,11.0,35653,11.0,11.0,11.0
2026-09-11,3018,11.05,30937,11.05,11.05,11.05
2026-09-14,3018,11.35,10182,11.35,11.35,11.35
2026-09-15,3018,11.25,9361,11.25,11.25,11.25
2026-09-16,3018,11.9,45556,11.9,11.9,11.9
2026-09-17,3018,11.65,48513,11.65,11.65,11.65
2026-09-18,3018,12.0,28225,12.0,12.0,12.0
2026-09-21,3018,12.0,104343,12.0,12.0,12.0
2026-09-22,3018,11.9,60713,11.9,11.9,11.9
2026-09-23,3018,12.0,58699,12.0,12.0,12.0
2026-09-24,3018,12.0,35307,12.0,12.0,12.0
2026-09-29,3018,11.95,30637,11.95,11.95,11.95
2026-09-30,3018,12.0,36173,12.0,12.0,12.0
2026-10-01,3018,12.25,23483,12.25,12.25,12.25
2026-10-02,3018,12.0,13077,12.0,12.0,12.0
2026-10-05,3018,11.95,54862,11.95,11.95,11.95
2026-09-07,3019,142.0,5128775,142.0,142.0,142.0
2026-09-08,3019,138.5,3749025,138.5,138.5,138.5
2026-09-09,3019,142.5,3441685,142.5,142.5,142.5
2026-09-10,3019,139.0,2189533,139.0,139.0,139.0
2026-09-11,3019,137.5,2701523,137.5,137.5,137.5
2026-09-14,3019,134.0,3299341,134.0,134.0,134.0
2026-09-15,3019,132.0,2307775,132.0,132.0,132.0
2026-09-16,3019,137.5,6039368,137.5,137.5,137.5
2026-09-17,3019,136.5,2606065,136.5,136.5,136.5
2026-09-18,3019,137.0,2259857,137.0,137.0,137.0
2026-09-21,3019,136.0,1460975,136.0,136.0,136.0
2026-09-22,3019,135.0,1889313,135.0,135.0,135.0
2026-09-23,3019,135.0,2495771,135.0,135.0,135.0
2026-09-24,3019,135.0,6264184,135.0,135.0,135.0
2026-09-29,3019,135.5,1562554,135.5,135.5,135.5
2026-09-30,3019,136.5,1304111,136.5,136.5,136.5
2026-10-01,3019,137.0,1848644,137.0,137.0,137.0
2026-10-02,3019,139.0,2069927,139.0,139.0,139.0
2026-10-05,3019,141.5,4707577,141.5,141.5,141.5
2026-09-07,3021,25.45,3025658,25.45,25.45,25.45
2026-09-08,3021,25.1,1338642,25.1,25.1,25.1
2026-09-09,3021,24.75,940533,24.75,24.75,24.75
2026-09-10,3021,23.65,366136,23.65,23.65,23.65
2026-09-11,3021,23.5,285866,23.5,23.5,23.5
2026-09-14,3021,22.45,257214,22.45,22.45,22.45
2026-09-15,3021,24.65,660797,24.65,24.65,24.65
2026-09-16,3021,27.1,1380579,27.1,27.1,27.1
2026-09-17,3021,26.3,3737746,26.3,26.3,26.3
2026-09-18,3021,26.7,1145097,26.7,26.7,26.7
2026-09-21,3021,26.25,666998,26.25,26.25,26.25
2026-09-22,3021,25.3,632184,25.3,25.3,25.3
2026-09-23,3021,24.5,368099,24.5,24.5,24.5
2026-09-24,3021,26.95,1664520,26.95,26.95,26.95
2026-09-29,3021,29.6,1253253,29.6,29.6,29.6
2026-09-30,3021,28.45,3337096,28.45,28.45,28.45
2026-10-01,3021,28.15,1240592,28.15,28.15,28.15
2026-10-02,3021,28.2,599976,28.2,28.2,28.2
2026-10-05,3021,27.75,754958,27.75,27.75,27.75
2026-09-07,3022,91.5,4751940,91.5,91.5,91.5
2026-09-08,3022,86.4,3966075,86.4,86.4,86.4
2026-09-09,3022,85.7,1501028,85.7,85.7,85.7
2026-09-10,3022,84.4,1037667,84.4,84.4,84.4
2026-09-11,3022,83.2,1163839,83.2,83.2,83.2
2026-09-14,3022,86.2,1241326,86.2,86.2,86.2
2026-09-15,3022,85.2,1114601,85.2,85.2,85.2
2026-09-16,3022,86.0,564520,86.0,86.0,86.0
2026-09-17,3022,88.9,2348054,88.9,88.9,88.9
2026-09-18,3022,91.0,1158352,91.0,91.0,91.0
2026-09-21,3022,92.8,1972703,92.8,92.8,92.8
2026-09-22,3022,91.5,1048535,91.5,91.5,91.5
2026-09-23,3022,90.7,849829,90.7,90.7,90.7
2026-09-24,3022,93.1,1540683,93.1,93.1,93.1
2026-09-29,3022,93.0,1607789,93.0,93.0,93.0
2026-09-30,3022,92.3,1114495,92.3,92.3,92.3
2026-10-01,3022,92.6,863351,92.6,92.6,92.6
2026-10-02,3022,91.5,803611,91.5,91.5,91.5
2026-10-05,3022,92.0,747817,92.0,92.0,92.0
2026-09-07,3023,339.5,1465020,339.5,339.5,339.5
2026-09-08,3023,323.0,1362519,323.0,323.0,323.0
2026-09-09,3023,329.0,405778,329.0,329.0,329.0
2026-09-10,3023,328.0,353769,328.0,328.0,328.0
2026-09-11,3023,322.0,446538,322.0,322.0,322.0
2026-09-14,3023,320.5,638725,320.5,320.5,320.5
2026-09-15,3023,318.5,769688,318.5,318.5,318.5
2026-09-16,3023,320.5,973835,320.5,320.5,320.5
2026-09-17,3023,317.0,641088,317.0,317.0,317.0
2026-09-18,3023,327.5,699062,327.5,327.5,327.5
2026-09-21,3023,320.5,413068,320.5,320.5,320.5
2026-09-22,3023,320.5,487602,320.5,320.5,320.5
2026-09-23,3023,312.0,704208,312.0,312.0,312.0
2026-09-24,3023,311.0,378175,311.0,311.0,311.0
2026-09-29,3023,307.5,885891,307.5,307.5,307.5
2026-09-30,3023,307.0,1125085,307.0,307.0,307.0
2026-10-01,3023,309.0,715936,309.0,309.0,309.0
2026-10-02,3023,312.0,794904,312.0,312.0,312.0
2026-10-05,3023,322.5,1582254,322.5,322.5,322.5
2026-09-07,3024,14.3,879446,14.3,14.3,14.3
2026-09-08,3024,13.8,1104427,13.8,13.8,13.8
2026-09-09,3024,13.95,758931,13.95,13.95,13.95
2026-09-10,3024,14.55,1337274,14.55,14.55,14.55
2026-09-11,3024,14.4,1064637,14.4,14.4,14.4
2026-09-14,3024,14.7,1227874,14.7,14.7,14.7
2026-09-15,3024,14.3,1009988,14.3,14.3,14.3
2026-09-16,3024,14.5,464259,14.5,14.5,14.5
2026-09-17,3024,14.8,1150691,14.8,14.8,14.8
2026-09-18,3024,15.1,3454425,15.1,15.1,15.1
2026-09-21,3024,14.9,1384325,14.9,14.9,14.9
2026-09-22,3024,14.45,1387098,14.45,14.45,14.45
2026-09-23,3024,14.35,540912,14.35,14.35,14.35
2026-09-24,3024,14.6,876861,14.6,14.6,14.6
2026-09-29,3024,14.2,944848,14.2,14.2,14.2
2026-09-30,3024,14.2,473733,14.2,14.2,14.2
2026-10-01,3024,14.1,562192,14.1,14.1,14.1
2026-10-02,3024,14.0,899309,14.0,14.0,14.0
2026-10-05,3024,13.75,1302929,13.75,13.75,13.75
2026-09-07,3025,50.9,336934,50.9,50.9,50.9
2026-09-08,3025,50.4,173371,50.4,50.4,50.4
2026-09-09,3025,50.6,250337,50.6,50.6,50.6
2026-09-10,3025,50.3,171713,50.3,50.3,50.3
2026-09-11,3025,50.7,116163,50.7,50.7,50.7
2026-09-14,3025,50.5,57142,50.5,50.5,50.5
2026-09-15,3025,50.3,51844,50.3,50.3,50.3
2026-09-16,3025,50.6,53242,50.6,50.6,50.6
2026-09-17,3025,51.2,119954,51.2,51.2,51.2
2026-09-18,3025,51.6,75077,51.6,51.6,51.6
2026-09-21,3025,52.2,203117,52.2,52.2,52.2
2026-09-22,3025,51.7,109675,51.7,51.7,51.7
2026-09-23,3025,52.0,44312,52.0,52.0,52.0
2026-09-24,3025,52.4,92285,52.4,52.4,52.4
2026-09-29,3025,52.4,70091,52.4,52.4,52.4
2026-09-30,3025,52.9,156196,52.9,52.9,52.9
2026-10-01,3025,58.1,706836,58.1,58.1,58.1
2026-10-02,3025,55.4,1332929,55.4,55.4,55.4
2026-10-05,3025,55.9,539548,55.9,55.9,55.9
2026-09-07,3026,771.0,3646503,771.0,771.0,771.0
2026-09-08,3026,747.0,11962376,747.0,747.0,747.0
2026-09-09,3026,758.0,12792343,758.0,758.0,758.0
2026-09-10,3026,803.0,13763005,803.0,803.0,803.0
2026-09-11,3026,744.0,14914692,744.0,744.0,744.0
2026-09-14,3026,731.0,8267483,731.0,731.0,731.0
2026-09-15,3026,726.0,6230611,726.0,726.0,726.0
2026-09-16,3026,772.0,8067246,772.0,772.0,772.0
2026-09-17,3026,760.0,13168960,760.0,760.0,760.0
2026-09-18,3026,797.0,10354507,797.0,797.0,797.0
2026-09-21,3026,791.0,8530973,791.0,791.0,791.0
2026-09-22,3026,780.0,12453517,780.0,780.0,780.0
2026-09-23,3026,768.0,6256406,768.0,768.0,768.0
2026-09-24,3026,810.0,13190269,810.0,810.0,810.0
2026-09-29,3026,796.0,5185200,796.0,796.0,796.0
2026-09-30,3026,791.0,6314086,791.0,791.0,791.0
2026-10-01,3026,852.0,18518160,852.0,852.0,852.0
2026-10-02,3026,835.0,17157777,835.0,835.0,835.0
2026-10-05,3026,817.0,9680400,817.0,817.0,817.0
2026-09-07,3027,18.05,146626,18.05,18.05,18.05
2026-09-08,3027,18.05,159512,18.05,18.05,18.05
2026-09-09,3027,18.05,36576,18.05,18.05,18.05
2026-09-10,3027,17.9,147400,17.9,17.9,17.9
2026-09-11,3027,17.7,85797,17.7,17.7,17.7
2026-09-14,3027,17.7,106686,17.7,17.7,17.7
2026-09-15,3027,17.55,167679,17.55,17.55,17.55
2026-09-16,3027,17.75,58133,17.75,17.75,17.75
2026-09-17,3027,17.7,78976,17.7,17.7,17.7
2026-09-18,3027,17.4,189134,17.4,17.4,17.4
2026-09-21,3027,19.1,574317,19.1,19.1,19.1
2026-09-22,3027,18.8,995984,18.8,18.8,18.8
2026-09-23,3027,18.7,276888,18.7,18.7,18.7
2026-09-24,3027,18.55,155165,18.55,18.55,18.55
2026-09-29,3027,18.4,130399,18.4,18.4,18.4
2026-09-30,3027,18.9,249111,18.9,18.9,18.9
2026-10-01,3027,18.7,115914,18.7,18.7,18.7
2026-10-02,3027,18.6,74236,18.6,18.6,18.6
2026-10-05,3027,18.8,155759,18.8,18.8,18.8
2026-09-07,3028,63.4,821998,63.4,63.4,63.4
2026-09-08,3028,62.3,965578,62.3,62.3,62.3
2026-09-09,3028,62.0,894233,62.0,62.0,62.0
2026-09-10,3028,62.3,654992,62.3,62.3,62.3
2026-09-11,3028,61.7,521603,61.7,61.7,61.7
2026-09-14,3028,61.2,515321,61.2,61.2,61.2
2026-09-15,3028,60.7,446467,60.7,60.7,60.7
2026-09-16,3028,61.2,466216,61.2,61.2,61.2
2026-09-17,3028,61.1,1701218,61.1,61.1,61.1
2026-09-18,3028,61.8,550857,61.8,61.8,61.8
2026-09-21,3028,62.8,659140,62.8,62.8,62.8
2026-09-22,3028,62.3,645293,62.3,62.3,62.3
2026-09-23,3028,61.7,512122,61.7,61.7,61.7
2026-09-24,3028,62.5,783469,62.5,62.5,62.5
2026-09-29,3028,62.7,536354,62.7,62.7,62.7
2026-09-30,3028,62.9,562381,62.9,62.9,62.9
2026-10-01,3028,62.1,560567,62.1,62.1,62.1
2026-10-02,3028,63.4,674660,63.4,63.4,63.4
2026-10-05,3028,63.4,1327321,63.4,63.4,63.4
2026-09-07,3029,109.5,918648,109.5,109.5,109.5
2026-09-08,3029,111.5,2431884,111.5,111.5,111.5
2026-09-09,3029,111.0,649555,111.0,111.0,111.0
2026-09-10,3029,113.0,889025,113.0,113.0,113.0
2026-09-11,3029,116.5,6837674,116.5,116.5,116.5
2026-09-14,3029,116.5,17817439,116.5,116.5,116.5
2026-09-15,3029,118.5,7857851,118.5,118.5,118.5
2026-09-16,3029,119.5,11771589,119.5,119.5,119.5
2026-09-17,3029,116.0,4143030,116.0,116.0,116.0
2026-09-18,3029,125.0,6877923,125.0,125.0,125.0
2026-09-21,3029,121.0,3536538,121.0,121.0,121.0
2026-09-22,3029,121.0,2336064,121.0,121.0,121.0
2026-09-23,3029,118.5,1551754,118.5,118.5,118.5
2026-09-24,3029,120.0,2034946,120.0,120.0,120.0
2026-09-29,3029,117.5,1708421,117.5,117.5,117.5
2026-09-30,3029,120.0,1546881,120.0,120.0,120.0
2026-10-01,3029,119.0,920932,119.0,119.0,119.0
2026-10-02,3029,118.0,982672,118.0,118.0,118.0
2026-10-05,3029,117.5,1083899,117.5,117.5,117.5
2026-09-07,3030,282.0,852445,282.0,282.0,282.0
2026-09-08,3030,270.0,1837612,270.0,270.0,270.0
2026-09-09,3030,271.0,663968,271.0,271.0,271.0
2026-09-10,3030,266.5,739719,266.5,266.5,266.5
2026-09-11,3030,263.0,633921,263.0,263.0,263.0
2026-09-14,3030,259.0,566636,259.0,259.0,259.0
2026-09-15,3030,258.5,377353,258.5,258.5,258.5
2026-09-16,3030,262.5,313927,262.5,262.5,262.5
2026-09-17,3030,264.0,434361,264.0,264.0,264.0
2026-09-18,3030,267.0,538100,267.0,267.0,267.0
2026-09-21,3030,268.5,378465,268.5,268.5,268.5
2026-09-22,3030,268.0,580592,268.0,268.0,268.0
2026-09-23,3030,264.5,656721,264.5,264.5,264.5
2026-09-24,3030,270.0,456455,270.0,270.0,270.0
2026-09-29,3030,276.0,1413018,276.0,276.0,276.0
2026-09-30,3030,279.0,975680,279.0,279.0,279.0
2026-10-01,3030,289.0,1666287,289.0,289.0,289.0
2026-10-02,3030,300.0,3947165,300.0,300.0,300.0
2026-10-05,3030,305.5,3464455,305.5,305.5,305.5
2026-09-07,3031,24.6,595093,24.6,24.6,24.6
2026-09-08,3031,23.8,445010,23.8,23.8,23.8
2026-09-09,3031,24.35,680227,24.35,24.35,24.35
2026-09-10,3031,24.1,721593,24.1,24.1,24.1
2026-09-11,3031,23.6,491613,23.6,23.6,23.6
2026-09-14,3031,23.35,445527,23.35,23.35,23.35
2026-09-15,3031,23.0,229023,23.0,23.0,23.0
2026-09-16,3031,24.25,699782,24.25,24.25,24.25
2026-09-17,3031,26.65,3775643,26.65,26.65,26.65
2026-09-18,3031,28.45,9800785,28.45,28.45,28.45
2026-09-21,3031,28.1,5912480,28.1,28.1,28.1
2026-09-22,3031,28.7,3083633,28.7,28.7,28.7
2026-09-23,3031,28.3,3343314,28.3,28.3,28.3
2026-09-24,3031,30.45,7189070,30.45,30.45,30.45
2026-09-29,3031,31.25,10641422,31.25,31.25,31.25
2026-09-30,3031,30.8,3719886,30.8,30.8,30.8
2026-10-01,3031,30.5,2758118,30.5,30.5,30.5
2026-10-02,3031,32.8,10999738,32.8,32.8,32.8
2026-10-05,3031,32.9,7718132,32.9,32.9,32.9
2026-09-07,3032,78.6,264959,78.6,78.6,78.6
2026-09-08,3032,78.6,197789,78.6,78.6,78.6
2026-09-09,3032,78.4,229207,78.4,78.4,78.4
2026-09-10,3032,77.6,217157,77.6,77.6,77.6
2026-09-11,3032,73.0,1061840,73.0,73.0,73.0
2026-09-14,3032,70.8,393584,70.8,70.8,70.8
2026-09-15,3032,70.5,310804,70.5,70.5,70.5
2026-09-16,3032,71.6,172679,71.6,71.6,71.6
2026-09-17,3032,76.1,481782,76.1,76.1,76.1
2026-09-18,3032,75.1,491135,75.1,75.1,75.1
2026-09-21,3032,78.2,652396,78.2,78.2,78.2
2026-09-22,3032,77.9,673964,77.9,77.9,77.9
2026-09-23,3032,82.0,1734436,82.0,82.0,82.0
2026-09-24,3032,79.0,716619,79.0,79.0,79.0
2026-09-29,3032,77.9,294028,77.9,77.9,77.9
2026-09-30,3032,78.3,165408,78.3,78.3,78.3
2026-10-01,3032,79.3,310689,79.3,79.3,79.3
2026-10-02,3032,79.4,208628,79.4,79.4,79.4
2026-10-05,3032,79.3,456673,79.3,79.3,79.3
2026-09-07,3033,43.25,4248723,43.25,43.25,43.25
2026-09-08,3033,43.3,2464313,43.3,43.3,43.3
2026-09-09,3033,41.85,10098275,41.85,41.85,41.85
2026-09-10,3033,42.05,2958922,42.05,42.05,42.05
2026-09-11,3033,41.55,2044160,41.55,41.55,41.55
2026-09-14,3033,41.4,2824456,41.4,41.4,41.4
2026-09-15,3033,40.8,2357253,40.8,40.8,40.8
2026-09-16,3033,41.5,1557663,41.5,41.5,41.5
2026-09-17,3033,41.8,3684896,41.8,41.8,41.8
2026-09-18,3033,41.6,2451771,41.6,41.6,41.6
2026-09-21,3033,41.9,1680935,41.9,41.9,41.9
2026-09-22,3033,41.45,2226519,41.45,41.45,41.45
2026-09-23,3033,41.6,3228684,41.6,41.6,41.6
2026-09-24,3033,41.8,1650028,41.8,41.8,41.8
2026-09-29,3033,42.0,2109280,42.0,42.0,42.0
2026-09-30,3033,42.6,3088593,42.6,42.6,42.6
2026-10-01,3033,42.4,1485998,42.4,42.4,42.4
2026-10-02,3033,42.4,1689590,42.4,42.4,42.4
2026-10-05,3033,42.4,2238700,42.4,42.4,42.4
2026-09-07,3034,540.0,2295152,540.0,540.0,540.0
2026-09-08,3034,534.0,2042980,534.0,534.0,534.0
2026-09-09,3034,543.0,3739044,543.0,543.0,543.0
2026-09-10,3034,545.0,2522795,545.0,545.0,545.0
2026-09-11,3034,547.0,2414338,547.0,547.0,547.0
2026-09-14,3034,556.0,3546048,556.0,556.0,556.0
2026-09-15,3034,541.0,3608523,541.0,541.0,541.0
2026-09-16,3034,548.0,2987298,548.0,548.0,548.0
2026-09-17,3034,545.0,2264012,545.0,545.0,545.0
2026-09-18,3034,558.0,4760155,558.0,558.0,558.0
2026-09-21,3034,548.0,2909033,548.0,548.0,548.0
2026-09-22,3034,557.0,3863999,557.0,557.0,557.0
2026-09-23,3034,545.0,2840457,545.0,545.0,545.0
2026-09-24,3034,543.0,3573000,543.0,543.0,543.0
2026-09-29,3034,540.0,2795234,540.0,540.0,540.0
2026-09-30,3034,546.0,4490920,546.0,546.0,546.0
2026-10-01,3034,547.0,2451830,547.0,547.0,547.0
2026-10-02,3034,537.0,2855910,537.0,537.0,537.0
2026-10-05,3034,543.0,2406418,543.0,543.0,543.0
2026-09-07,3035,179.0,1564813,179.0,179.0,179.0
2026-09-08,3035,175.0,2837813,175.0,175.0,175.0
2026-09-09,3035,176.5,1935702,176.5,176.5,176.5
2026-09-10,3035,179.0,2115617,179.0,179.0,179.0
2026-09-11,3035,169.5,3566876,169.5,169.5,169.5
2026-09-14,3035,172.5,2897724,172.5,172.5,172.5
2026-09-15,3035,170.0,1298444,170.0,170.0,170.0
2026-09-16,3035,173.5,1179558,173.5,173.5,173.5
2026-09-17,3035,179.0,3654978,179.0,179.0,179.0
2026-09-18,3035,190.5,9197865,190.5,190.5,190.5
2026-09-21,3035,191.0,4394281,191.0,191.0,191.0
2026-09-22,3035,203.0,15188469,203.0,203.0,203.0
2026-09-23,3035,204.0,7475543,204.0,204.0,204.0
2026-09-24,3035,206.5,4855474,206.5,206.5,206.5
2026-09-29,3035,210.0,7221057,210.0,210.0,210.0
2026-09-30,3035,210.5,5825258,210.5,210.5,210.5
2026-10-01,3035,213.0,4389347,213.0,213.0,213.0
2026-10-02,3035,215.5,4927298,215.5,215.5,215.5
2026-10-05,3035,216.0,6547940,216.0,216.0,216.0
2026-09-07,3036,192.5,6951071,192.5,192.5,192.5
2026-09-08,3036,189.5,5644207,189.5,189.5,189.5
2026-09-09,3036,191.5,3625854,191.5,191.5,191.5
2026-09-10,3036,192.5,6507131,192.5,192.5,192.5
2026-09-11,3036,191.0,4084350,191.0,191.0,191.0
2026-09-14,3036,192.0,3964216,192.0,192.0,192.0
2026-09-15,3036,192.5,7214663,192.5,192.5,192.5
2026-09-16,3036,191.0,7596677,191.0,191.0,191.0
2026-09-17,3036,204.0,18950036,204.0,204.0,204.0
2026-09-18,3036,205.5,12750358,205.5,205.5,205.5
2026-09-21,3036,206.5,6446456,206.5,206.5,206.5
2026-09-22,3036,205.0,7809360,205.0,205.0,205.0
2026-09-23,3036,206.0,4378442,206.0,206.0,206.0
2026-09-24,3036,207.0,6695518,207.0,207.0,207.0
2026-09-29,3036,207.5,4569244,207.5,207.5,207.5
2026-09-30,3036,205.5,7228161,205.5,205.5,205.5
2026-10-01,3036,212.5,9949553,212.5,212.5,212.5
2026-10-02,3036,213.5,6758956,213.5,213.5,213.5
2026-10-05,3036,213.5,6051028,213.5,213.5,213.5
2026-09-07,3037,949.0,22187760,949.0,949.0,949.0
2026-09-08,3037,954.0,17812108,954.0,954.0,954.0
2026-09-09,3037,993.0,21332775,993.0,993.0,993.0
2026-09-10,3037,994.0,19157314,994.0,994.0,994.0
2026-09-11,3037,977.0,11445626,977.0,977.0,977.0
2026-09-14,3037,970.0,13143338,970.0,970.0,970.0
2026-09-15,3037,951.0,9646657,951.0,951.0,951.0
2026-09-16,3037,961.0,11860204,961.0,961.0,961.0
2026-09-17,3037,940.0,16743181,940.0,940.0,940.0
2026-09-18,3037,981.0,14576719,981.0,981.0,981.0
2026-09-21,3037,1020.0,17461527,1020.0,1020.0,1020.0
2026-09-22,3037,1120.0,10824677,1120.0,1120.0,1120.0
2026-09-23,3037,1160.0,23050412,1160.0,1160.0,1160.0
2026-09-24,3037,1185.0,16628391,1185.0,1185.0,1185.0
2026-09-29,3037,1165.0,10830272,1165.0,1165.0,1165.0
2026-09-30,3037,1175.0,10764941,1175.0,1175.0,1175.0
2026-10-01,3037,1215.0,15498297,1215.0,1215.0,1215.0
2026-10-02,3037,1305.0,18635778,1305.0,1305.0,1305.0
2026-10-05,3037,1325.0,27109050,1325.0,1325.0,1325.0
2026-09-07,3038,20.1,223317,20.1,20.1,20.1
2026-09-08,3038,20.0,246952,20.0,20.0,20.0
2026-09-09,3038,20.0,348660,20.0,20.0,20.0
2026-09-10,3038,20.1,307040,20.1,20.1,20.1
2026-09-11,3038,20.0,350721,20.0,20.0,20.0
2026-09-14,3038,20.05,99910,20.05,20.05,20.05
2026-09-15,3038,20.05,62416,20.05,20.05,20.05
2026-09-16,3038,20.1,88564,20.1,20.1,20.1
2026-09-17,3038,20.4,181993,20.4,20.4,20.4
2026-09-18,3038,20.3,242909,20.3,20.3,20.3
2026-09-21,3038,20.2,163765,20.2,20.2,20.2
2026-09-22,3038,20.25,170648,20.25,20.25,20.25
2026-09-23,3038,20.3,179654,20.3,20.3,20.3
2026-09-24,3038,20.3,98826,20.3,20.3,20.3
2026-09-29,3038,20.3,140660,20.3,20.3,20.3
2026-09-30,3038,20.8,540962,20.8,20.8,20.8
2026-10-01,3038,20.9,203975,20.9,20.9,20.9
2026-10-02,3038,20.65,113358,20.65,20.65,20.65
2026-10-05,3038,20.4,212760,20.4,20.4,20.4
2026-09-07,3040,35.7,181975,35.7,35.7,35.7
2026-09-08,3040,35.8,118849,35.8,35.8,35.8
2026-09-09,3040,35.7,414699,35.7,35.7,35.7
2026-09-10,3040,34.5,390815,34.5,34.5,34.5
2026-09-11,3040,34.1,436160,34.1,34.1,34.1
2026-09-14,3040,33.8,256152,33.8,33.8,33.8
2026-09-15,3040,34.3,352277,34.3,34.3,34.3
2026-09-16,3040,34.0,264984,34.0,34.0,34.0
2026-09-17,3040,33.7,303416,33.7,33.7,33.7
2026-09-18,3040,34.45,189944,34.45,34.45,34.45
2026-09-21,3040,35.5,264539,35.5,35.5,35.5
2026-09-22,3040,34.9,215208,34.9,34.9,34.9
2026-09-23,3040,35.2,28838,35.2,35.2,35.2
2026-09-24,3040,35.1,27703,35.1,35.1,35.1
2026-09-29,3040,33.85,159639,33.85,33.85,33.85
2026-09-30,3040,33.85,114291,33.85,33.85,33.85
2026-10-01,3040,33.4,175521,33.4,33.4,33.4
2026-10-02,3040,33.95,442602,33.95,33.95,33.95
2026-10-05,3040,33.9,223402,33.9,33.9,33.9
2026-09-07,3041,22.9,490745,22.9,22.9,22.9
2026-09-08,3041,22.5,437292,22.5,22.5,22.5
2026-09-09,3041,22.95,475021,22.95,22.95,22.95
2026-09-10,3041,22.95,313835,22.95,22.95,22.95
2026-09-11,3041,22.5,460807,22.5,22.5,22.5
2026-09-14,3041,22.35,202816,22.35,22.35,22.35
2026-09-15,3041,21.95,516002,21.95,21.95,21.95
2026-09-16,3041,22.3,283644,22.3,22.3,22.3
2026-09-17,3041,22.45,356003,22.45,22.45,22.45
2026-09-18,3041,23.0,1102190,23.0,23.0,23.0
2026-09-21,3041,23.75,1273844,23.75,23.75,23.75
2026-09-22,3041,23.7,775043,23.7,23.7,23.7
2026-09-23,3041,23.6,616337,23.6,23.6,23.6
2026-09-24,3041,23.2,390785,23.2,23.2,23.2
2026-09-29,3041,23.6,343091,23.6,23.6,23.6
2026-09-30,3041,24.35,1284122,24.35,24.35,24.35
2026-10-01,3041,24.65,1067759,24.65,24.65,24.65
2026-10-02,3041,24.8,613401,24.8,24.8,24.8
2026-10-05,3041,24.15,618539,24.15,24.15,24.15
2026-09-07,3042,176.5,8521357,176.5,176.5,176.5
2026-09-08,3042,172.0,5736921,172.0,172.0,172.0
2026-09-09,3042,184.5,20317492,184.5,184.5,184.5
2026-09-10,3042,180.5,17498646,180.5,180.5,180.5
2026-09-11,3042,176.0,6057403,176.0,176.0,176.0
2026-09-14,3042,178.0,6149550,178.0,178.0,178.0
2026-09-15,3042,181.0,8407802,181.0,181.0,181.0
2026-09-16,3042,185.5,13592217,185.5,185.5,185.5
2026-09-17,3042,178.5,12530454,178.5,178.5,178.5
2026-09-18,3042,184.5,10365783,184.5,184.5,184.5
2026-09-21,3042,183.5,4002497,183.5,183.5,183.5
2026-09-22,3042,183.5,6734712,183.5,183.5,183.5
2026-09-23,3042,198.0,33266958,198.0,198.0,198.0
2026-09-24,3042,203.0,41859153,203.0,203.0,203.0
2026-09-29,3042,208.5,34407830,208.5,208.5,208.5
2026-09-30,3042,210.0,26893773,210.0,210.0,210.0
2026-10-01,3042,218.5,34574954,218.5,218.5,218.5
2026-10-02,3042,230.5,43452288,230.5,230.5,230.5
2026-10-05,3042,222.0,35474796,222.0,222.0,222.0
2026-09-07,3043,20.95,29713,20.95,20.95,20.95
2026-09-08,3043,20.85,66223,20.85,20.85,20.85
2026-09-09,3043,20.9,56062,20.9,20.9,20.9
2026-09-10,3043,20.45,57713,20.45,20.45,20.45
2026-09-11,3043,20.25,53311,20.25,20.25,20.25
2026-09-14,3043,20.0,52203,20.0,20.0,20.0
2026-09-15,3043,20.1,43669,20.1,20.1,20.1
2026-09-16,3043,20.45,56300,20.45,20.45,20.45
2026-09-17,3043,20.45,64901,20.45,20.45,20.45
2026-09-18,3043,20.65,43685,20.65,20.65,20.65
2026-09-21,3043,20.85,87028,20.85,20.85,20.85
2026-09-22,3043,20.7,68521,20.7,20.7,20.7
2026-09-23,3043,20.9,33189,20.9,20.9,20.9
2026-09-24,3043,20.6,26344,20.6,20.6,20.6
2026-09-29,3043,20.1,97293,20.1,20.1,20.1
2026-09-30,3043,20.35,46179,20.35,20.35,20.35
2026-10-01,3043,20.25,58243,20.25,20.25,20.25
2026-10-02,3043,20.75,98463,20.75,20.75,20.75
2026-10-05,3043,20.85,122682,20.85,20.85,20.85
2026-09-07,3044,493.0,1734445,493.0,493.0,493.0
2026-09-08,3044,484.0,1287611,484.0,484.0,484.0
2026-09-09,3044,509.0,4457537,509.0,509.0,509.0
2026-09-10,3044,503.0,2862572,503.0,503.0,503.0
2026-09-11,3044,508.0,2664934,508.0,508.0,508.0
2026-09-14,3044,510.0,2844808,510.0,510.0,510.0
2026-09-15,3044,490.5,2732822,490.5,490.5,490.5
2026-09-16,3044,504.0,3359354,504.0,504.0,504.0
2026-09-17,3044,502.0,4794495,502.0,502.0,502.0
2026-09-18,3044,518.0,4722978,518.0,518.0,518.0
2026-09-21,3044,524.0,1926772,524.0,524.0,524.0
2026-09-22,3044,539.0,4201331,539.0,539.0,539.0
2026-09-23,3044,543.0,2957168,543.0,543.0,543.0
2026-09-24,3044,538.0,1426110,538.0,538.0,538.0
2026-09-29,3044,521.0,2303013,521.0,521.0,521.0
2026-09-30,3044,525.0,2375027,525.0,525.0,525.0
2026-10-01,3044,529.0,1557583,529.0,529.0,529.0
2026-10-02,3044,542.0,1693324,542.0,542.0,542.0
2026-10-05,3044,557.0,3000757,557.0,557.0,557.0
2026-09-07,3045,117.0,4447140,117.0,117.0,117.0
2026-09-08,3045,118.0,4457218,118.0,118.0,118.0
2026-09-09,3045,119.5,8127829,119.5,119.5,119.5
2026-09-10,3045,120.0,4119530,120.0,120.0,120.0
2026-09-11,3045,121.0,5785236,121.0,121.0,121.0
2026-09-14,3045,121.5,4598994,121.5,121.5,121.5
2026-09-15,3045,124.0,10604689,124.0,124.0,124.0
2026-09-16,3045,124.5,8257070,124.5,124.5,124.5
2026-09-17,3045,124.0,5985415,124.0,124.0,124.0
2026-09-18,3045,124.0,18171327,124.0,124.0,124.0
2026-09-21,3045,124.5,6275213,124.5,124.5,124.5
2026-09-22,3045,123.0,14859045,123.0,123.0,123.0
2026-09-23,3045,123.0,6840892,123.0,123.0,123.0
2026-09-24,3045,122.5,4901190,122.5,122.5,122.5
2026-09-29,3045,121.0,5806538,121.0,121.0,121.0
2026-09-30,3045,119.5,9996628,119.5,119.5,119.5
2026-10-01,3045,122.0,5834785,122.0,122.0,122.0
2026-10-02,3045,122.0,3702973,122.0,122.0,122.0
2026-10-05,3045,122.5,7130067,122.5,122.5,122.5
2026-09-07,3046,54.4,420927,54.4,54.4,54.4
2026-09-08,3046,54.0,278687,54.0,54.0,54.0
2026-09-09,3046,54.4,142323,54.4,54.4,54.4
2026-09-10,3046,53.0,346137,53.0,53.0,53.0
2026-09-11,3046,52.3,270771,52.3,52.3,52.3
2026-09-14,3046,51.9,351905,51.9,51.9,51.9
2026-09-15,3046,52.2,126639,52.2,52.2,52.2
2026-09-16,3046,52.1,166337,52.1,52.1,52.1
2026-09-17,3046,53.2,237956,53.2,53.2,53.2
2026-09-18,3046,53.8,143805,53.8,53.8,53.8
2026-09-21,3046,53.8,157182,53.8,53.8,53.8
2026-09-22,3046,54.1,131247,54.1,54.1,54.1
2026-09-23,3046,54.0,101110,54.0,54.0,54.0
2026-09-24,3046,53.8,73645,53.8,53.8,53.8
2026-09-29,3046,53.6,65074,53.6,53.6,53.6
2026-09-30,3046,53.6,106783,53.6,53.6,53.6
2026-10-01,3046,53.5,95148,53.5,53.5,53.5
2026-10-02,3046,53.9,105985,53.9,53.9,53.9
2026-10-05,3046,53.8,178233,53.8,53.8,53.8
2026-09-07,3047,13.4,392814,13.4,13.4,13.4
2026-09-08,3047,13.25,378337,13.25,13.25,13.25
2026-09-09,3047,13.75,670118,13.75,13.75,13.75
2026-09-10,3047,13.65,246710,13.65,13.65,13.65
2026-09-11,3047,13.55,431614,13.55,13.55,13.55
2026-09-14,3047,13.5,395911,13.5,13.5,13.5
2026-09-15,3047,13.4,251967,13.4,13.4,13.4
2026-09-16,3047,13.6,229583,13.6,13.6,13.6
2026-09-17,3047,13.85,750326,13.85,13.85,13.85
2026-09-18,3047,13.85,449703,13.85,13.85,13.85
2026-09-21,3047,15.2,4747573,15.2,15.2,15.2
2026-09-22,3047,14.8,3774926,14.8,14.8,14.8
2026-09-23,3047,14.7,1112910,14.7,14.7,14.7
2026-09-24,3047,14.55,534436,14.55,14.55,14.55
2026-09-29,3047,14.55,493787,14.55,14.55,14.55
2026-09-30,3047,14.75,706314,14.75,14.75,14.75
2026-10-01,3047,14.5,461361,14.5,14.5,14.5
2026-10-02,3047,14.65,454801,14.65,14.65,14.65
2026-10-05,3047,14.4,694256,14.4,14.4,14.4
2026-09-07,3048,53.5,716778,53.5,53.5,53.5
2026-09-08,3048,52.0,1473165,52.0,52.0,52.0
2026-09-09,3048,51.6,1104961,51.6,51.6,51.6
2026-09-10,3048,51.4,1130620,51.4,51.4,51.4
2026-09-11,3048,50.2,1079726,50.2,50.2,50.2
2026-09-14,3048,50.2,700043,50.2,50.2,50.2
2026-09-15,3048,49.4,669936,49.4,49.4,49.4
2026-09-16,3048,50.4,630681,50.4,50.4,50.4
2026-09-17,3048,50.4,2037514,50.4,50.4,50.4
2026-09-18,3048,51.0,619483,51.0,51.0,51.0
2026-09-21,3048,51.1,735187,51.1,51.1,51.1
2026-09-22,3048,50.5,833056,50.5,50.5,50.5
2026-09-23,3048,50.4,803288,50.4,50.4,50.4
2026-09-24,3048,51.9,1556204,51.9,51.9,51.9
2026-09-29,3048,51.1,1041856,51.1,51.1,51.1
2026-09-30,3048,51.7,783996,51.7,51.7,51.7
2026-10-01,3048,52.8,1773847,52.8,52.8,52.8
2026-10-02,3048,53.7,4953591,53.7,53.7,53.7
2026-10-05,3048,53.6,2382285,53.6,53.6,53.6
2026-09-07,3049,12.75,6658125,12.75,12.75,12.75
2026-09-08,3049,12.5,4528862,12.5,12.5,12.5
2026-09-09,3049,12.5,5928451,12.5,12.5,12.5
2026-09-10,3049,12.3,4087625,12.3,12.3,12.3
2026-09-11,3049,12.1,3504288,12.1,12.1,12.1
2026-09-14,3049,12.0,3003993,12.0,12.0,12.0
2026-09-15,3049,11.8,2397221,11.8,11.8,11.8
2026-09-16,3049,12.05,2380004,12.05,12.05,12.05
2026-09-17,3049,12.0,3711042,12.0,12.0,12.0
2026-09-18,3049,12.1,2707209,12.1,12.1,12.1
2026-09-21,3049,12.55,5174901,12.55,12.55,12.55
2026-09-22,3049,12.85,17344815,12.85,12.85,12.85
2026-09-23,3049,12.4,5545929,12.4,12.4,12.4
2026-09-24,3049,12.25,2304349,12.25,12.25,12.25
2026-09-29,3049,12.15,2310163,12.15,12.15,12.15
2026-09-30,3049,12.65,9024072,12.65,12.65,12.65
2026-10-01,3049,12.3,4037187,12.3,12.3,12.3
2026-10-02,3049,12.45,3124829,12.45,12.45,12.45
2026-10-05,3049,12.25,6302329,12.25,12.25,12.25
2026-09-07,3050,11.4,284479,11.4,11.4,11.4
2026-09-08,3050,11.3,357146,11.3,11.3,11.3
2026-09-09,3050,11.35,245227,11.35,11.35,11.35
2026-09-10,3050,11.2,358061,11.2,11.2,11.2
2026-09-11,3050,11.1,188461,11.1,11.1,11.1
2026-09-14,3050,11.2,268352,11.2,11.2,11.2
2026-09-15,3050,11.05,498124,11.05,11.05,11.05
2026-09-16,3050,11.15,296645,11.15,11.15,11.15
2026-09-17,3050,11.3,627565,11.3,11.3,11.3
2026-09-18,3050,11.4,419740,11.4,11.4,11.4
2026-09-21,3050,11.7,773138,11.7,11.7,11.7
2026-09-22,3050,11.6,519894,11.6,11.6,11.6
2026-09-23,3050,11.5,538580,11.5,11.5,11.5
2026-09-24,3050,11.5,409041,11.5,11.5,11.5
2026-09-29,3050,11.65,316070,11.65,11.65,11.65
2026-09-30,3050,11.95,774861,11.95,11.95,11.95
2026-10-01,3050,11.75,949207,11.75,11.75,11.75
2026-10-02,3050,11.6,456133,11.6,11.6,11.6
2026-10-05,3050,11.65,525897,11.65,11.65,11.65
2026-09-07,3051,21.5,729745,21.5,21.5,21.5
2026-09-08,3051,21.25,450697,21.25,21.25,21.25
2026-09-09,3051,21.5,299191,21.5,21.5,21.5
2026-09-10,3051,21.1,363312,21.1,21.1,21.1
2026-09-11,3051,21.15,1108604,21.15,21.15,21.15
2026-09-14,3051,21.3,378572,21.3,21.3,21.3
2026-09-15,3051,20.9,354649,20.9,20.9,20.9
2026-09-16,3051,21.25,306340,21.25,21.25,21.25
2026-09-17,3051,21.7,486971,21.7,21.7,21.7
2026-09-18,3051,22.6,714443,22.6,22.6,22.6
2026-09-21,3051,23.0,572302,23.0,23.0,23.0
2026-09-22,3051,23.05,1094267,23.05,23.05,23.05
2026-09-23,3051,22.5,440768,22.5,22.5,22.5
2026-09-24,3051,22.3,267019,22.3,22.3,22.3
2026-09-29,3051,22.65,336487,22.65,22.65,22.65
2026-09-30,3051,23.3,1256851,23.3,23.3,23.3
2026-10-01,3051,23.0,465031,23.0,23.0,23.0
2026-10-02,3051,23.6,626199,23.6,23.6,23.6
2026-10-05,3051,22.9,948665,22.9,22.9,22.9
2026-09-07,3052,10.45,107959,10.45,10.45,10.45
2026-09-08,3052,10.5,133865,10.5,10.5,10.5
2026-09-09,3052,10.55,78715,10.55,10.55,10.55
2026-09-10,3052,10.45,119897,10.45,10.45,10.45
2026-09-11,3052,10.4,457429,10.4,10.4,10.4
2026-09-14,3052,10.25,214770,10.25,10.25,10.25
2026-09-15,3052,10.2,264661,10.2,10.2,10.2
2026-09-16,3052,10.3,111255,10.3,10.3,10.3
2026-09-17,3052,10.35,418092,10.35,10.35,10.35
2026-09-18,3052,10.35,152409,10.35,10.35,10.35
2026-09-21,3052,10.35,190769,10.35,10.35,10.35
2026-09-22,3052,10.35,222887,10.35,10.35,10.35
2026-09-23,3052,10.4,241956,10.4,10.4,10.4
2026-09-24,3052,10.4,170973,10.4,10.4,10.4
2026-09-29,3052,10.35,132344,10.35,10.35,10.35
2026-09-30,3052,10.4,235038,10.4,10.4,10.4
2026-10-01,3052,10.45,388657,10.45,10.45,10.45
2026-10-02,3052,10.45,145417,10.45,10.45,10.45
2026-10-05,3052,10.45,90665,10.45,10.45,10.45
2026-09-07,3054,57.8,132714,57.8,57.8,57.8
2026-09-08,3054,57.0,189041,57.0,57.0,57.0
2026-09-09,3054,56.9,56565,56.9,56.9,56.9
2026-09-10,3054,56.4,33515,56.4,56.4,56.4
2026-09-11,3054,56.0,35420,56.0,56.0,56.0
2026-09-14,3054,55.8,38481,55.8,55.8,55.8
2026-09-15,3054,54.7,34437,54.7,54.7,54.7
2026-09-16,3054,55.6,71093,55.6,55.6,55.6
2026-09-17,3054,57.1,98330,57.1,57.1,57.1
2026-09-18,3054,57.8,50644,57.8,57.8,57.8
2026-09-21,3054,58.3,73509,58.3,58.3,58.3
2026-09-22,3054,58.5,144760,58.5,58.5,58.5
2026-09-23,3054,58.5,103553,58.5,58.5,58.5
2026-09-24,3054,58.4,81396,58.4,58.4,58.4
2026-09-29,3054,58.8,92619,58.8,58.8,58.8
2026-09-30,3054,59.4,151637,59.4,59.4,59.4
2026-10-01,3054,59.6,123164,59.6,59.6,59.6
2026-10-02,3054,59.7,91620,59.7,59.7,59.7
2026-10-05,3054,60.1,183240,60.1,60.1,60.1
2026-09-07,3055,134.5,3507051,134.5,134.5,134.5
2026-09-08,3055,146.0,8161748,146.0,146.0,146.0
2026-09-09,3055,149.5,13469637,149.5,149.5,149.5
2026-09-10,3055,160.0,8989194,160.0,160.0,160.0
2026-09-11,3055,154.5,11742273,154.5,154.5,154.5
2026-09-14,3055,159.5,1766532,159.5,159.5,159.5
2026-09-15,3055,157.5,1373705,157.5,157.5,157.5
2026-09-16,3055,164.0,1593629,164.0,164.0,164.0
2026-09-17,3055,161.0,1551946,161.0,161.0,161.0
2026-09-18,3055,171.0,1902129,171.0,171.0,171.0
2026-09-21,3055,188.0,4218111,188.0,188.0,188.0
2026-09-22,3055,206.5,8151045,206.5,206.5,206.5
2026-09-23,3055,203.5,25052313,203.5,203.5,203.5
2026-09-24,3055,199.0,9055993,199.0,199.0,199.0
2026-09-29,3055,203.5,7359541,203.5,203.5,203.5
2026-09-30,3055,209.5,15323703,209.5,209.5,209.5
2026-10-01,3055,210.0,1429994,210.0,210.0,210.0
2026-10-02,3055,216.0,1076417,216.0,216.0,216.0
2026-10-05,3055,216.5,905098,216.5,216.5,216.5
2026-09-07,3056,14.05,477758,14.05,14.05,14.05
2026-09-08,3056,13.95,347504,13.95,13.95,13.95
2026-09-09,3056,14.0,578567,14.0,14.0,14.0
2026-09-10,3056,13.95,193313,13.95,13.95,13.95
2026-09-11,3056,13.75,611342,13.75,13.75,13.75
2026-09-14,3056,13.65,524578,13.65,13.65,13.65
2026-09-15,3056,13.6,369668,13.6,13.6,13.6
2026-09-16,3056,13.75,374564,13.75,13.75,13.75
2026-09-17,3056,14.05,665922,14.05,14.05,14.05
2026-09-18,3056,14.75,2783341,14.75,14.75,14.75
2026-09-21,3056,14.35,809563,14.35,14.35,14.35
2026-09-22,3056,14.25,616217,14.25,14.25,14.25
2026-09-23,3056,14.05,554902,14.05,14.05,14.05
2026-09-24,3056,14.05,235342,14.05,14.05,14.05
2026-09-29,3056,13.85,425780,13.85,13.85,13.85
2026-09-30,3056,13.85,508737,13.85,13.85,13.85
2026-10-01,3056,13.75,422164,13.75,13.75,13.75
2026-10-02,3056,13.7,421523,13.7,13.7,13.7
2026-10-05,3056,13.6,649167,13.6,13.6,13.6
2026-09-07,3057,17.05,52710,17.05,17.05,17.05
2026-09-08,3057,16.6,60831,16.6,16.6,16.6
2026-09-09,3057,16.6,66249,16.6,16.6,16.6
2026-09-10,3057,16.9,45126,16.9,16.9,16.9
2026-09-11,3057,16.75,91505,16.75,16.75,16.75
2026-09-14,3057,16.2,64913,16.2,16.2,16.2
2026-09-15,3057,15.65,107861,15.65,15.65,15.65
2026-09-16,3057,16.0,69326,16.0,16.0,16.0
2026-09-17,3057,16.25,123016,16.25,16.25,16.25
2026-09-18,3057,16.35,108965,16.35,16.35,16.35
2026-09-21,3057,16.55,80974,16.55,16.55,16.55
2026-09-22,3057,16.5,54928,16.5,16.5,16.5
2026-09-23,3057,16.15,37903,16.15,16.15,16.15
2026-09-24,3057,15.8,91406,15.8,15.8,15.8
2026-09-29,3057,16.25,85796,16.25,16.25,16.25
2026-09-30,3057,16.2,15334,16.2,16.2,16.2
2026-10-01,3057,15.9,117456,15.9,15.9,15.9
2026-10-02,3057,15.7,100983,15.7,15.7,15.7
2026-10-05,3057,15.6,93837,15.6,15.6,15.6
2026-09-07,3058,8.0,406747,8.0,8.0,8.0
2026-09-08,3058,8.02,433080,8.02,8.02,8.02
2026-09-09,3058,8.06,320942,8.06,8.06,8.06
2026-09-10,3058,8.08,413748,8.08,8.08,8.08
2026-09-11,3058,8.03,349706,8.03,8.03,8.03
2026-09-14,3058,8.02,648020,8.02,8.02,8.02
2026-09-15,3058,7.94,675087,7.94,7.94,7.94
2026-09-16,3058,7.96,287416,7.96,7.96,7.96
2026-09-17,3058,8.04,488639,8.04,8.04,8.04
2026-09-18,3058,8.15,350873,8.15,8.15,8.15
2026-09-21,3058,8.32,634099,8.32,8.32,8.32
2026-09-22,3058,8.2,360868,8.2,8.2,8.2
2026-09-23,3058,8.3,622870,8.3,8.3,8.3
2026-09-24,3058,8.22,293692,8.22,8.22,8.22
2026-09-29,3058,8.15,282792,8.15,8.15,8.15
2026-09-30,3058,8.2,336204,8.2,8.2,8.2
2026-10-01,3058,8.15,280976,8.15,8.15,8.15
2026-10-02,3058,8.18,464109,8.18,8.18,8.18
2026-10-05,3058,8.12,464563,8.12,8.12,8.12
2026-09-07,3059,39.0,1028974,39.0,39.0,39.0
2026-09-08,3059,38.5,1574545,38.5,38.5,38.5
2026-09-09,3059,38.0,956120,38.0,38.0,38.0
2026-09-10,3059,37.8,623267,37.8,37.8,37.8
2026-09-11,3059,37.25,1123309,37.25,37.25,37.25
2026-09-14,3059,37.25,841905,37.25,37.25,37.25
2026-09-15,3059,37.3,949694,37.3,37.3,37.3
2026-09-16,3059,37.85,698139,37.85,37.85,37.85
2026-09-17,3059,38.3,1585273,38.3,38.3,38.3
2026-09-18,3059,38.15,995264,38.15,38.15,38.15
2026-09-21,3059,38.15,965646,38.15,38.15,38.15
2026-09-22,3059,37.85,1134133,37.85,37.85,37.85
2026-09-23,3059,37.95,1077967,37.95,37.95,37.95
2026-09-24,3059,37.85,647194,37.85,37.85,37.85
2026-09-29,3059,37.85,754485,37.85,37.85,37.85
2026-09-30,3059,38.75,1575182,38.75,38.75,38.75
2026-10-01,3059,38.3,1140406,38.3,38.3,38.3
2026-10-02,3059,38.7,827635,38.7,38.7,38.7
2026-10-05,3059,38.25,1235051,38.25,38.25,38.25
2026-09-07,3060,26.2,575432,26.2,26.2,26.2
2026-09-08,3060,25.95,652758,25.95,25.95,25.95
2026-09-09,3060,26.85,1029975,26.85,26.85,26.85
2026-09-10,3060,26.5,819119,26.5,26.5,26.5
2026-09-11,3060,26.6,553992,26.6,26.6,26.6
2026-09-14,3060,26.15,509498,26.15,26.15,26.15
2026-09-15,3060,25.5,735525,25.5,25.5,25.5
2026-09-16,3060,26.1,389742,26.1,26.1,26.1
2026-09-17,3060,26.65,1708672,26.65,26.65,26.65
2026-09-18,3060,26.7,381745,26.7,26.7,26.7
2026-09-21,3060,27.1,800088,27.1,27.1,27.1
2026-09-22,3060,26.7,576747,26.7,26.7,26.7
2026-09-23,3060,26.3,442667,26.3,26.3,26.3
2026-09-24,3060,26.55,339363,26.55,26.55,26.55
2026-09-29,3060,27.45,2096629,27.45,27.45,27.45
2026-09-30,3060,28.1,2271586,28.1,28.1,28.1
2026-10-01,3060,28.3,1766140,28.3,28.3,28.3
2026-10-02,3060,28.9,1569267,28.9,28.9,28.9
2026-10-05,3060,28.5,1919797,28.5,28.5,28.5
2026-09-07,3062,20.5,914570,20.5,20.5,20.5
2026-09-08,3062,20.4,635424,20.4,20.4,20.4
2026-09-09,3062,20.6,642618,20.6,20.6,20.6
2026-09-10,3062,20.25,872196,20.25,20.25,20.25
2026-09-11,3062,20.55,979348,20.55,20.55,20.55
2026-09-14,3062,20.4,593286,20.4,20.4,20.4
2026-09-15,3062,20.25,848680,20.25,20.25,20.25
2026-09-16,3062,20.8,745444,20.8,20.8,20.8
2026-09-17,3062,21.2,1210172,21.2,21.2,21.2
2026-09-18,3062,21.05,1265816,21.05,21.05,21.05
2026-09-21,3062,23.15,7006632,23.15,23.15,23.15
2026-09-22,3062,22.35,7900418,22.35,22.35,22.35
2026-09-23,3062,22.2,2566100,22.2,22.2,22.2
2026-09-24,3062,21.95,1420020,21.95,21.95,21.95
2026-09-29,3062,22.0,1045142,22.0,22.0,22.0
2026-09-30,3062,22.9,3202355,22.9,22.9,22.9
2026-10-01,3062,22.25,1441699,22.25,22.25,22.25
2026-10-02,3062,22.65,1228568,22.65,22.65,22.65
2026-10-05,3062,22.7,2043954,22.7,22.7,22.7
2026-09-07,3090,171.5,14273699,171.5,171.5,171.5
2026-09-08,3090,167.5,4056114,167.5,167.5,167.5
2026-09-09,3090,166.0,2668791,166.0,166.0,166.0
2026-09-10,3090,171.0,5770406,171.0,171.0,171.0
2026-09-11,3090,163.0,4471621,163.0,163.0,163.0
2026-09-14,3090,163.5,3300214,163.5,163.5,163.5
2026-09-15,3090,159.0,2541717,159.0,159.0,159.0
2026-09-16,3090,163.5,1568571,163.5,163.5,163.5
2026-09-17,3090,160.0,2961032,160.0,160.0,160.0
2026-09-18,3090,165.0,2105266,165.0,165.0,165.0
2026-09-21,3090,164.5,3226882,164.5,164.5,164.5
2026-09-22,3090,164.5,2503897,164.5,164.5,164.5
2026-09-23,3090,165.0,2119319,165.0,165.0,165.0
2026-09-24,3090,165.0,1725546,165.0,165.0,165.0
2026-09-29,3090,161.0,1579579,161.0,161.0,161.0
2026-09-30,3090,161.0,1199853,161.0,161.0,161.0
2026-10-01,3090,169.0,8362101,169.0,169.0,169.0
2026-10-02,3090,173.5,8401227,173.5,173.5,173.5
2026-10-05,3090,173.0,6876625,173.0,173.0,173.0
2026-09-07,3092,23.55,93033,23.55,23.55,23.55
2026-09-08,3092,23.65,160743,23.65,23.65,23.65
2026-09-09,3092,23.8,196479,23.8,23.8,23.8
2026-09-10,3092,23.3,135095,23.3,23.3,23.3
2026-09-11,3092,22.8,139737,22.8,22.8,22.8
2026-09-14,3092,22.5,133661,22.5,22.5,22.5
2026-09-15,3092,21.6,251283,21.6,21.6,21.6
2026-09-16,3092,22.35,337402,22.35,22.35,22.35
2026-09-17,3092,22.15,225911,22.15,22.15,22.15
2026-09-18,3092,23.15,364305,23.15,23.15,23.15
2026-09-21,3092,23.35,61255,23.35,23.35,23.35
2026-09-22,3092,22.9,132191,22.9,22.9,22.9
2026-09-23,3092,22.6,89824,22.6,22.6,22.6
2026-09-24,3092,22.75,61043,22.75,22.75,22.75
2026-09-29,3092,22.75,148779,22.75,22.75,22.75
2026-09-30,3092,25.0,1373868,25.0,25.0,25.0
2026-10-01,3092,24.3,756516,24.3,24.3,24.3
2026-10-02,3092,23.95,212123,23.95,23.95,23.95
2026-10-05,3092,24.1,287049,24.1,24.1,24.1
2026-09-07,3094,44.8,19617528,44.8,44.8,44.8
2026-09-08,3094,41.25,10973412,41.25,41.25,41.25
2026-09-09,3094,40.8,4165088,40.8,40.8,40.8
2026-09-10,3094,41.9,5614453,41.9,41.9,41.9
2026-09-11,3094,40.9,2294363,40.9,40.9,40.9
2026-09-14,3094,44.0,7776747,44.0,44.0,44.0
2026-09-15,3094,42.25,4642507,42.25,42.25,42.25
2026-09-16,3094,44.55,5878795,44.55,44.55,44.55
2026-09-17,3094,47.0,11574856,47.0,47.0,47.0
2026-09-18,3094,51.7,17281945,51.7,51.7,51.7
2026-09-21,3094,56.8,6327733,56.8,56.8,56.8
2026-09-22,3094,52.6,17360784,52.6,52.6,52.6
2026-09-23,3094,54.3,27139876,54.3,54.3,54.3
2026-09-24,3094,54.3,22755440,54.3,54.3,54.3
2026-09-29,3094,59.7,10028323,59.7,59.7,59.7
2026-09-30,3094,61.6,38839091,61.6,61.6,61.6
2026-10-01,3094,67.7,29571938,67.7,67.7,67.7
2026-10-02,3094,70.3,35223446,70.3,70.3,70.3
2026-10-05,3094,69.0,24279874,69.0,69.0,69.0
2026-09-07,3130,210.0,51293,210.0,210.0,210.0
2026-09-08,3130,210.0,12907,210.0,210.0,210.0
2026-09-09,3130,209.5,35892,209.5,209.5,209.5
2026-09-10,3130,209.0,20003,209.0,209.0,209.0
2026-09-11,3130,209.0,51104,209.0,209.0,209.0
2026-09-14,3130,208.5,39650,208.5,208.5,208.5
2026-09-15,3130,208.0,25374,208.0,208.0,208.0
2026-09-16,3130,208.5,13103,208.5,208.5,208.5
2026-09-17,3130,208.0,37122,208.0,208.0,208.0
2026-09-18,3130,209.5,65164,209.5,209.5,209.5
2026-09-21,3130,209.0,48532,209.0,209.0,209.0
2026-09-22,3130,209.0,39577,209.0,209.0,209.0
2026-09-23,3130,208.5,42768,208.5,208.5,208.5
2026-09-24,3130,208.5,31931,208.5,208.5,208.5
2026-09-29,3130,209.0,39946,209.0,209.0,209.0
2026-09-30,3130,209.0,46556,209.0,209.0,209.0
2026-10-01,3130,210.0,64449,210.0,210.0,210.0
2026-10-02,3130,209.5,32160,209.5,209.5,209.5
2026-10-05,3130,209.0,40759,209.0,209.0,209.0
2026-09-07,3135,173.0,853108,173.0,173.0,173.0
2026-09-08,3135,171.0,659184,171.0,171.0,171.0
2026-09-09,3135,170.0,830737,170.0,170.0,170.0
2026-09-10,3135,167.0,735719,167.0,167.0,167.0
2026-09-11,3135,162.5,849586,162.5,162.5,162.5
2026-09-14,3135,159.0,697803,159.0,159.0,159.0
2026-09-15,3135,158.5,482885,158.5,158.5,158.5
2026-09-16,3135,162.0,438547,162.0,162.0,162.0
2026-09-17,3135,161.5,487929,161.5,161.5,161.5
2026-09-18,3135,163.5,426003,163.5,163.5,163.5
2026-09-21,3135,161.5,467010,161.5,161.5,161.5
2026-09-22,3135,160.0,582987,160.0,160.0,160.0
2026-09-23,3135,159.0,570835,159.0,159.0,159.0
2026-09-24,3135,156.5,639398,156.5,156.5,156.5
2026-09-29,3135,156.5,262621,156.5,156.5,156.5
2026-09-30,3135,158.0,336645,158.0,158.0,158.0
2026-10-01,3135,157.0,326702,157.0,157.0,157.0
2026-10-02,3135,159.0,658241,159.0,159.0,159.0
2026-10-05,3135,157.0,586861,157.0,157.0,157.0
2026-09-07,3138,93.6,118181,93.6,93.6,93.6
2026-09-08,3138,91.2,137501,91.2,91.2,91.2
2026-09-09,3138,92.3,115481,92.3,92.3,92.3
2026-09-10,3138,90.2,96598,90.2,90.2,90.2
2026-09-11,3138,89.0,97214,89.0,89.0,89.0
2026-09-14,3138,87.6,122214,87.6,87.6,87.6
2026-09-15,3138,86.5,117058,86.5,86.5,86.5
2026-09-16,3138,95.1,192166,95.1,95.1,95.1
2026-09-17,3138,104.5,2114776,104.5,104.5,104.5
2026-09-18,3138,108.0,3756404,108.0,108.0,108.0
2026-09-21,3138,102.5,1019159,102.5,102.5,102.5
2026-09-22,3138,100.0,782046,100.0,100.0,100.0
2026-09-23,3138,97.1,564064,97.1,97.1,97.1
2026-09-24,3138,99.4,1133071,99.4,99.4,99.4
2026-09-29,3138,98.1,439498,98.1,98.1,98.1
2026-09-30,3138,101.0,589688,101.0,101.0,101.0
2026-10-01,3138,99.0,365535,99.0,99.0,99.0
2026-10-02,3138,99.5,324283,99.5,99.5,99.5
2026-10-05,3138,105.0,1020510,105.0,105.0,105.0
2026-09-07,3149,60.8,3273758,60.8,60.8,60.8
2026-09-08,3149,60.2,2386590,60.2,60.2,60.2
2026-09-09,3149,62.5,4743766,62.5,62.5,62.5
2026-09-10,3149,61.4,3179124,61.4,61.4,61.4
2026-09-11,3149,62.3,5226750,62.3,62.3,62.3
2026-09-14,3149,60.9,4091587,60.9,60.9,60.9
2026-09-15,3149,59.4,2834368,59.4,59.4,59.4
2026-09-16,3149,61.3,2668449,61.3,61.3,61.3
2026-09-17,3149,62.0,7435090,62.0,62.0,62.0
2026-09-18,3149,63.8,7557866,63.8,63.8,63.8
2026-09-21,3149,65.1,6314547,65.1,65.1,65.1
2026-09-22,3149,64.1,7140114,64.1,64.1,64.1
2026-09-23,3149,63.2,3690612,63.2,63.2,63.2
2026-09-24,3149,63.3,2594500,63.3,63.3,63.3
2026-09-29,3149,67.3,9373933,67.3,67.3,67.3
2026-09-30,3149,74.0,18806124,74.0,74.0,74.0
2026-10-01,3149,74.3,37136003,74.3,74.3,74.3
2026-10-02,3149,77.3,24846956,77.3,77.3,77.3
2026-10-05,3149,79.5,16141575,79.5,79.5,79.5
2026-09-07,3150,16.65,6101,16.65,16.65,16.65
2026-09-08,3150,16.1,92383,16.1,16.1,16.1
2026-09-09,3150,15.95,8001,15.95,15.95,15.95
2026-09-10,3150,16.2,30003,16.2,16.2,16.2
2026-09-11,3150,15.8,13251,15.8,15.8,15.8
2026-09-14,3150,15.2,112504,15.2,15.2,15.2
2026-09-15,3150,15.05,47000,15.05,15.05,15.05
2026-09-16,3150,15.15,26170,15.15,15.15,15.15
2026-09-17,3150,15.0,28209,15.0,15.0,15.0
2026-09-18,3150,15.25,28000,15.25,15.25,15.25
2026-09-21,3150,15.35,61290,15.35,15.35,15.35
2026-09-22,3150,15.5,29460,15.5,15.5,15.5
2026-09-23,3150,15.5,8000,15.5,15.5,15.5
2026-09-24,3150,15.35,10001,15.35,15.35,15.35
2026-09-29,3150,15.15,41000,15.15,15.15,15.15
2026-09-30,3150,15.65,23000,15.65,15.65,15.65
2026-10-01,3150,15.7,32133,15.7,15.7,15.7
2026-10-02,3150,15.4,41385,15.4,15.4,15.4
2026-10-05,3150,15.35,69055,15.35,15.35,15.35
2026-09-07,3164,15.95,29991,15.95,15.95,15.95
2026-09-08,3164,15.75,12734,15.75,15.75,15.75
2026-09-09,3164,16.0,19570,16.0,16.0,16.0
2026-09-11,3164,15.95,9483,15.95,15.95,15.95
2026-09-14,3164,15.75,6323,15.75,15.75,15.75
2026-09-15,3164,15.7,8673,15.7,15.7,15.7
2026-09-16,3164,15.85,7724,15.85,15.85,15.85
2026-09-17,3164,15.8,29985,15.8,15.8,15.8
2026-09-18,3164,15.85,16934,15.85,15.85,15.85
2026-09-21,3164,15.8,71105,15.8,15.8,15.8
2026-09-22,3164,16.2,10124,16.2,16.2,16.2
2026-09-23,3164,16.05,19651,16.05,16.05,16.05
2026-09-24,3164,16.3,27239,16.3,16.3,16.3
2026-09-29,3164,16.6,102558,16.6,16.6,16.6
2026-09-30,3164,16.55,33172,16.55,16.55,16.55
2026-10-01,3164,16.5,30213,16.5,16.5,16.5
2026-10-02,3164,16.5,44753,16.5,16.5,16.5
2026-10-05,3164,16.55,35475,16.55,16.55,16.55
2026-09-07,3167,883.0,1836229,883.0,883.0,883.0
2026-09-08,3167,938.0,16040426,938.0,938.0,938.0
2026-09-09,3167,900.0,7407855,900.0,900.0,900.0
2026-09-10,3167,848.0,5673336,848.0,848.0,848.0
2026-09-11,3167,828.0,4549544,828.0,828.0,828.0
2026-09-14,3167,810.0,3957928,810.0,810.0,810.0
2026-09-15,3167,792.0,3934764,792.0,792.0,792.0
2026-09-16,3167,824.0,2994886,824.0,824.0,824.0
2026-09-17,3167,817.0,4546506,817.0,817.0,817.0
2026-09-18,3167,834.0,7060893,834.0,834.0,834.0
2026-09-21,3167,806.0,3127531,806.0,806.0,806.0
2026-09-22,3167,864.0,5538268,864.0,864.0,864.0
2026-09-23,3167,890.0,6389970,890.0,890.0,890.0
2026-09-24,3167,949.0,8378906,949.0,949.0,949.0
2026-09-29,3167,903.0,4902893,903.0,903.0,903.0
2026-09-30,3167,887.0,4139180,887.0,887.0,887.0
2026-10-01,3167,975.0,9021626,975.0,975.0,975.0
2026-10-02,3167,981.0,6748712,981.0,981.0,981.0
2026-10-05,3167,996.0,1421468,996.0,996.0,996.0
2026-09-07,3168,43.1,27659,43.1,43.1,43.1
2026-09-08,3168,43.5,23171,43.5,43.5,43.5
2026-09-09,3168,42.8,19230,42.8,42.8,42.8
2026-09-10,3168,42.45,15140,42.45,42.45,42.45
2026-09-11,3168,42.75,4200,42.75,42.75,42.75
2026-09-14,3168,42.05,5022,42.05,42.05,42.05
2026-09-15,3168,43.0,25035,43.0,43.0,43.0
2026-09-17,3168,42.75,24359,42.75,42.75,42.75
2026-09-18,3168,42.6,7022,42.6,42.6,42.6
2026-09-21,3168,43.25,11102,43.25,43.25,43.25
2026-09-22,3168,42.35,11094,42.35,42.35,42.35
2026-09-23,3168,42.2,6088,42.2,42.2,42.2
2026-09-24,3168,42.15,3090,42.15,42.15,42.15
2026-09-29,3168,42.15,8000,42.15,42.15,42.15
2026-09-30,3168,42.8,12455,42.8,42.8,42.8
2026-10-01,3168,43.05,3155,43.05,43.05,43.05
2026-10-02,3168,43.1,16150,43.1,43.1,43.1
2026-10-05,3168,42.4,63383,42.4,42.4,42.4
2026-09-07,3189,813.0,17014894,813.0,813.0,813.0
2026-09-08,3189,800.0,11072227,800.0,800.0,800.0
2026-09-09,3189,812.0,15225627,812.0,812.0,812.0
2026-09-10,3189,827.0,13682688,827.0,827.0,827.0
2026-09-11,3189,822.0,8394038,822.0,822.0,822.0
2026-09-14,3189,798.0,11217499,798.0,798.0,798.0
2026-09-15,3189,795.0,7509520,795.0,795.0,795.0
2026-09-16,3189,820.0,10957053,820.0,820.0,820.0
2026-09-17,3189,805.0,15730754,805.0,805.0,805.0
2026-09-18,3189,832.0,18317821,832.0,832.0,832.0
2026-09-21,3189,827.0,23391137,827.0,827.0,827.0
2026-09-22,3189,909.0,29109027,909.0,909.0,909.0
2026-09-23,3189,906.0,29744187,906.0,906.0,906.0
2026-09-24,3189,962.0,44137311,962.0,962.0,962.0
2026-09-29,3189,955.0,16460239,955.0,955.0,955.0
2026-09-30,3189,970.0,23925434,970.0,970.0,970.0
2026-10-01,3189,1010.0,32224071,1010.0,1010.0,1010.0
2026-10-02,3189,1050.0,18823011,1050.0,1050.0,1050.0
2026-10-05,3189,1095.0,30076585,1095.0,1095.0,1095.0
2026-09-07,3209,45.9,1217640,45.9,45.9,45.9
2026-09-08,3209,45.35,1133810,45.35,45.35,45.35
2026-09-09,3209,45.5,589467,45.5,45.5,45.5
2026-09-10,3209,46.3,1145795,46.3,46.3,46.3
2026-09-11,3209,44.65,2277511,44.65,44.65,44.65
2026-09-14,3209,44.7,771759,44.7,44.7,44.7
2026-09-15,3209,44.25,570765,44.25,44.25,44.25
2026-09-16,3209,45.35,875358,45.35,45.35,45.35
2026-09-17,3209,45.35,684299,45.35,45.35,45.35
2026-09-18,3209,45.8,444299,45.8,45.8,45.8
2026-09-21,3209,45.85,780862,45.85,45.85,45.85
2026-09-22,3209,45.85,657484,45.85,45.85,45.85
2026-09-23,3209,45.75,527126,45.75,45.75,45.75
2026-09-24,3209,45.8,451816,45.8,45.8,45.8
2026-09-29,3209,45.5,691172,45.5,45.5,45.5
2026-09-30,3209,45.35,797503,45.35,45.35,45.35
2026-10-01,3209,45.35,553669,45.35,45.35,45.35
2026-10-02,3209,46.1,875083,46.1,46.1,46.1
2026-10-05,3209,46.1,930300,46.1,46.1,46.1
2026-09-07,3229,50.6,548138,50.6,50.6,50.6
2026-09-08,3229,55.2,2773017,55.2,55.2,55.2
2026-09-09,3229,60.7,5363549,60.7,60.7,60.7
2026-09-10,3229,61.4,7759095,61.4,61.4,61.4
2026-09-11,3229,67.5,7223482,67.5,67.5,67.5
2026-09-14,3229,66.9,16338975,66.9,66.9,66.9
2026-09-15,3229,60.3,7363074,60.3,60.3,60.3
2026-09-16,3229,61.1,6248616,61.1,61.1,61.1
2026-09-17,3229,58.6,3176518,58.6,58.6,58.6
2026-09-18,3229,64.4,3951268,64.4,64.4,64.4
2026-09-21,3229,60.2,6844198,60.2,60.2,60.2
2026-09-22,3229,57.3,3296427,57.3,57.3,57.3
2026-09-23,3229,57.4,1995978,57.4,57.4,57.4
2026-09-24,3229,56.4,1457101,56.4,56.4,56.4
2026-09-29,3229,57.1,1133433,57.1,57.1,57.1
2026-09-30,3229,58.6,2112106,58.6,58.6,58.6
2026-10-01,3229,59.0,1070262,59.0,59.0,59.0
2026-10-02,3229,58.8,1350644,58.8,58.8,58.8
2026-10-05,3229,56.8,1247502,56.8,56.8,56.8
2026-09-07,3231,197.0,65693512,197.0,197.0,197.0
2026-09-08,3231,186.5,123233695,186.5,186.5,186.5
2026-09-09,3231,189.0,66840683,189.0,189.0,189.0
2026-09-10,3231,185.0,88549550,185.0,185.0,185.0
2026-09-11,3231,185.5,43003222,185.5,185.5,185.5
2026-09-14,3231,181.0,36189051,181.0,181.0,181.0
2026-09-15,3231,182.5,21186201,182.5,182.5,182.5
2026-09-16,3231,183.0,32629615,183.0,183.0,183.0
2026-09-17,3231,186.5,31292426,186.5,186.5,186.5
2026-09-18,3231,186.5,44060071,186.5,186.5,186.5
2026-09-21,3231,186.5,21876489,186.5,186.5,186.5
2026-09-22,3231,180.5,69481193,180.5,180.5,180.5
2026-09-23,3231,180.0,23772906,180.0,180.0,180.0
2026-09-24,3231,184.5,31269892,184.5,184.5,184.5
2026-09-29,3231,185.5,32141710,185.5,185.5,185.5
2026-09-30,3231,184.5,20375740,184.5,184.5,184.5
2026-10-01,3231,190.5,59140014,190.5,190.5,190.5
2026-10-02,3231,186.5,36439616,186.5,186.5,186.5
2026-10-05,3231,189.5,48432219,189.5,189.5,189.5
2026-09-07,3257,49.1,155931,49.1,49.1,49.1
2026-09-08,3257,47.8,501217,47.8,47.8,47.8
2026-09-09,3257,47.3,287865,47.3,47.3,47.3
2026-09-10,3257,46.7,299287,46.7,46.7,46.7
2026-09-11,3257,46.7,176479,46.7,46.7,46.7
2026-09-14,3257,46.5,94680,46.5,46.5,46.5
2026-09-15,3257,46.6,167692,46.6,46.6,46.6
2026-09-16,3257,48.1,145234,48.1,48.1,48.1
2026-09-17,3257,47.95,157646,47.95,47.95,47.95
2026-09-18,3257,48.2,154000,48.2,48.2,48.2
2026-09-21,3257,49.15,163456,49.15,49.15,49.15
2026-09-22,3257,48.95,153521,48.95,48.95,48.95
2026-09-23,3257,48.95,79899,48.95,48.95,48.95
2026-09-24,3257,48.7,71864,48.7,48.7,48.7
2026-09-29,3257,49.3,147570,49.3,49.3,49.3
2026-09-30,3257,49.6,120801,49.6,49.6,49.6
2026-10-01,3257,49.7,164320,49.7,49.7,49.7
2026-10-02,3257,50.3,136291,50.3,50.3,50.3
2026-10-05,3257,50.7,352729,50.7,50.7,50.7
2026-09-07,3266,14.05,47063,14.05,14.05,14.05
2026-09-08,3266,14.0,24105,14.0,14.0,14.0
2026-09-09,3266,14.0,15020,14.0,14.0,14.0
2026-09-10,3266,14.05,39045,14.05,14.05,14.05
2026-09-11,3266,14.0,63000,14.0,14.0,14.0
2026-09-14,3266,13.85,14370,13.85,13.85,13.85
2026-09-15,3266,13.75,36270,13.75,13.75,13.75
2026-09-16,3266,13.65,37112,13.65,13.65,13.65
2026-09-17,3266,13.9,35083,13.9,13.9,13.9
2026-09-18,3266,14.0,88234,14.0,14.0,14.0
2026-09-21,3266,14.0,32010,14.0,14.0,14.0
2026-09-22,3266,14.0,21240,14.0,14.0,14.0
2026-09-23,3266,13.9,17000,13.9,13.9,13.9
2026-09-24,3266,14.0,19001,14.0,14.0,14.0
2026-09-29,3266,13.75,43120,13.75,13.75,13.75
2026-09-30,3266,14.0,38070,14.0,14.0,14.0
2026-10-01,3266,14.0,19178,14.0,14.0,14.0
2026-10-02,3266,13.85,49051,13.85,13.85,13.85
2026-10-05,3266,13.9,74585,13.9,13.9,13.9
2026-09-07,3296,24.25,28482,24.25,24.25,24.25
2026-09-08,3296,24.0,11176,24.0,24.0,24.0
2026-09-09,3296,24.0,11935,24.0,24.0,24.0
2026-09-10,3296,23.65,22972,23.65,23.65,23.65
2026-09-11,3296,26.0,405295,26.0,26.0,26.0
2026-09-14,3296,25.5,223778,25.5,25.5,25.5
2026-09-15,3296,27.0,217217,27.0,27.0,27.0
2026-09-16,3296,26.05,163690,26.05,26.05,26.05
2026-09-17,3296,25.75,125015,25.75,25.75,25.75
2026-09-18,3296,28.3,432338,28.3,28.3,28.3
2026-09-21,3296,28.5,208242,28.5,28.5,28.5
2026-09-22,3296,28.1,220363,28.1,28.1,28.1
2026-09-23,3296,28.15,75825,28.15,28.15,28.15
2026-09-24,3296,27.95,43901,27.95,27.95,27.95
2026-09-29,3296,27.8,113130,27.8,27.8,27.8
2026-09-30,3296,28.4,64326,28.4,28.4,28.4
2026-10-01,3296,28.6,71403,28.6,28.6,28.6
2026-10-02,3296,28.5,99061,28.5,28.5,28.5
2026-10-05,3296,28.55,108435,28.55,28.55,28.55
2026-09-07,3305,109.5,1241957,109.5,109.5,109.5
2026-09-08,3305,103.5,3067841,103.5,103.5,103.5
2026-09-09,3305,104.5,839503,104.5,104.5,104.5
2026-09-10,3305,101.5,1163419,101.5,101.5,101.5
2026-09-11,3305,99.9,1082603,99.9,99.9,99.9
2026-09-14,3305,100.0,572742,100.0,100.0,100.0
2026-09-15,3305,98.1,748240,98.1,98.1,98.1
2026-09-16,3305,101.0,482002,101.0,101.0,101.0
2026-09-17,3305,101.0,707312,101.0,101.0,101.0
2026-09-18,3305,102.5,567674,102.5,102.5,102.5
2026-09-21,3305,102.5,656403,102.5,102.5,102.5
2026-09-22,3305,103.0,879322,103.0,103.0,103.0
2026-09-23,3305,102.0,618709,102.0,102.0,102.0
2026-09-24,3305,103.0,355654,103.0,103.0,103.0
2026-09-29,3305,104.5,624352,104.5,104.5,104.5
2026-09-30,3305,106.0,715550,106.0,106.0,106.0
2026-10-01,3305,106.0,660406,106.0,106.0,106.0
2026-10-02,3305,107.5,794911,107.5,107.5,107.5
2026-10-05,3305,109.0,1049471,109.0,109.0,109.0
2026-09-07,3308,21.9,65517,21.9,21.9,21.9
2026-09-08,3308,21.75,21493,21.75,21.75,21.75
2026-09-09,3308,21.65,15340,21.65,21.65,21.65
2026-09-10,3308,21.55,40699,21.55,21.55,21.55
2026-09-11,3308,21.5,24216,21.5,21.5,21.5
2026-09-14,3308,21.75,50525,21.75,21.75,21.75
2026-09-15,3308,22.0,39565,22.0,22.0,22.0
2026-09-16,3308,21.95,33567,21.95,21.95,21.95
2026-09-17,3308,21.7,94672,21.7,21.7,21.7
2026-09-18,3308,21.9,30049,21.9,21.9,21.9
2026-09-21,3308,21.95,30287,21.95,21.95,21.95
2026-09-22,3308,21.6,89866,21.6,21.6,21.6
2026-09-23,3308,21.65,27717,21.65,21.65,21.65
2026-09-24,3308,21.55,33359,21.55,21.55,21.55
2026-09-29,3308,22.2,228442,22.2,22.2,22.2
2026-09-30,3308,22.35,154833,22.35,22.35,22.35
2026-10-01,3308,22.75,84857,22.75,22.75,22.75
2026-10-02,3308,22.9,112156,22.9,22.9,22.9
2026-10-05,3308,22.45,70591,22.45,22.45,22.45
2026-09-07,3311,31.75,81223,31.75,31.75,31.75
2026-09-08,3311,31.55,134953,31.55,31.55,31.55
2026-09-09,3311,32.3,126618,32.3,32.3,32.3
2026-09-10,3311,31.85,88727,31.85,31.85,31.85
2026-09-11,3311,35.0,419620,35.0,35.0,35.0
2026-09-14,3311,35.0,3173601,35.0,35.0,35.0
2026-09-15,3311,36.8,2318623,36.8,36.8,36.8
2026-09-16,3311,38.1,2089428,38.1,38.1,38.1
2026-09-17,3311,37.0,2257336,37.0,37.0,37.0
2026-09-18,3311,38.7,1410503,38.7,38.7,38.7
2026-09-21,3311,37.7,942621,37.7,37.7,37.7
2026-09-22,3311,36.75,694635,36.75,36.75,36.75
2026-09-23,3311,36.7,318304,36.7,36.7,36.7
2026-09-24,3311,38.05,855155,38.05,38.05,38.05
2026-09-29,3311,38.15,303974,38.15,38.15,38.15
2026-09-30,3311,41.05,4650953,41.05,41.05,41.05
2026-10-01,3311,45.15,7066254,45.15,45.15,45.15
2026-10-02,3311,49.65,2466947,49.65,49.65,49.65
2026-10-05,3311,49.5,12251987,49.5,49.5,49.5
2026-09-07,3312,52.6,706532,52.6,52.6,52.6
2026-09-08,3312,50.1,869514,50.1,50.1,50.1
2026-09-09,3312,49.55,878274,49.55,49.55,49.55
2026-09-10,3312,48.5,717109,48.5,48.5,48.5
2026-09-11,3312,47.55,560979,47.55,47.55,47.55
2026-09-14,3312,47.4,493157,47.4,47.4,47.4
2026-09-15,3312,46.7,287469,46.7,46.7,46.7
2026-09-16,3312,47.7,257810,47.7,47.7,47.7
2026-09-17,3312,48.75,659940,48.75,48.75,48.75
2026-09-18,3312,51.1,1482020,51.1,51.1,51.1
2026-09-21,3312,54.7,3190062,54.7,54.7,54.7
2026-09-22,3312,55.0,4146735,55.0,55.0,55.0
2026-09-23,3312,50.5,3331425,50.5,50.5,50.5
2026-09-24,3312,50.5,802159,50.5,50.5,50.5
2026-09-29,3312,50.9,629455,50.9,50.9,50.9
2026-09-30,3312,52.0,1021388,52.0,52.0,52.0
2026-10-01,3312,51.5,570384,51.5,51.5,51.5
2026-10-02,3312,52.1,625035,52.1,52.1,52.1
2026-10-05,3312,51.7,788491,51.7,51.7,51.7
2026-09-07,3321,17.7,284515,17.7,17.7,17.7
2026-09-08,3321,17.2,252186,17.2,17.2,17.2
2026-09-09,3321,17.35,205422,17.35,17.35,17.35
2026-09-10,3321,17.1,146350,17.1,17.1,17.1
2026-09-11,3321,17.35,128587,17.35,17.35,17.35
2026-09-14,3321,17.0,86616,17.0,17.0,17.0
2026-09-15,3321,16.8,139415,16.8,16.8,16.8
2026-09-16,3321,17.05,174110,17.05,17.05,17.05
2026-09-17,3321,17.05,94602,17.05,17.05,17.05
2026-09-18,3321,18.0,175354,18.0,18.0,18.0
2026-09-21,3321,17.7,162029,17.7,17.7,17.7
2026-09-22,3321,18.7,470987,18.7,18.7,18.7
2026-09-23,3321,18.35,190334,18.35,18.35,18.35
2026-09-24,3321,18.2,113660,18.2,18.2,18.2
2026-09-29,3321,18.15,139227,18.15,18.15,18.15
2026-09-30,3321,18.25,87626,18.25,18.25,18.25
2026-10-01,3321,18.3,139857,18.3,18.3,18.3
2026-10-02,3321,18.35,158398,18.35,18.35,18.35
2026-10-05,3321,18.2,164216,18.2,18.2,18.2
2026-09-07,3338,66.0,274295,66.0,66.0,66.0
2026-09-08,3338,68.2,2118978,68.2,68.2,68.2
2026-09-09,3338,68.1,963300,68.1,68.1,68.1
2026-09-10,3338,67.1,346092,67.1,67.1,67.1
2026-09-11,3338,66.5,223151,66.5,66.5,66.5
2026-09-14,3338,65.5,369818,65.5,65.5,65.5
2026-09-15,3338,64.7,176725,64.7,64.7,64.7
2026-09-16,3338,65.1,184157,65.1,65.1,65.1
2026-09-17,3338,66.0,831281,66.0,66.0,66.0
2026-09-18,3338,68.0,521399,68.0,68.0,68.0
2026-09-21,3338,67.9,303040,67.9,67.9,67.9
2026-09-22,3338,66.8,259717,66.8,66.8,66.8
2026-09-23,3338,67.0,192736,67.0,67.0,67.0
2026-09-24,3338,67.6,150367,67.6,67.6,67.6
2026-09-29,3338,67.9,208716,67.9,67.9,67.9
2026-09-30,3338,68.0,394432,68.0,68.0,68.0
2026-10-01,3338,67.9,340858,67.9,67.9,67.9
2026-10-02,3338,69.0,557886,69.0,69.0,69.0
2026-10-05,3338,70.1,939893,70.1,70.1,70.1
2026-09-07,3346,18.7,315864,18.7,18.7,18.7
2026-09-08,3346,18.4,227329,18.4,18.4,18.4
2026-09-09,3346,18.5,100473,18.5,18.5,18.5
2026-09-10,3346,20.35,1427350,20.35,20.35,20.35
2026-09-11,3346,19.8,1314908,19.8,19.8,19.8
2026-09-14,3346,19.4,279170,19.4,19.4,19.4
2026-09-15,3346,19.3,186617,19.3,19.3,19.3
2026-09-16,3346,19.75,211278,19.75,19.75,19.75
2026-09-17,3346,20.3,572975,20.3,20.3,20.3
2026-09-18,3346,22.3,903888,22.3,22.3,22.3
2026-09-21,3346,24.5,4021757,24.5,24.5,24.5
2026-09-22,3346,24.05,3921232,24.05,24.05,24.05
2026-09-23,3346,23.65,1462347,23.65,23.65,23.65
2026-09-24,3346,23.6,587047,23.6,23.6,23.6
2026-09-29,3346,23.8,722827,23.8,23.8,23.8
2026-09-30,3346,24.15,592546,24.15,24.15,24.15
2026-10-01,3346,24.0,434042,24.0,24.0,24.0
2026-10-02,3346,24.0,301344,24.0,24.0,24.0
2026-10-05,3346,23.85,623927,23.85,23.85,23.85
2026-09-07,3356,60.3,516276,60.3,60.3,60.3
2026-09-08,3356,59.6,416766,59.6,59.6,59.6
2026-09-09,3356,59.4,629825,59.4,59.4,59.4
2026-09-21,3356,68.6,470515,68.6,68.6,68.6
2026-09-22,3356,67.0,394706,67.0,67.0,67.0
2026-09-23,3356,65.3,426256,65.3,65.3,65.3
2026-09-24,3356,65.2,354461,65.2,65.2,65.2
2026-09-29,3356,65.6,195733,65.6,65.6,65.6
2026-09-30,3356,66.0,162786,66.0,66.0,66.0
2026-10-01,3356,65.7,212121,65.7,65.7,65.7
2026-10-02,3356,66.8,173373,66.8,66.8,66.8
2026-10-05,3356,67.4,415005,67.4,67.4,67.4
2026-09-07,3376,206.5,7165015,206.5,206.5,206.5
2026-09-08,3376,203.5,2819423,203.5,203.5,203.5
2026-09-09,3376,206.0,5474045,206.0,206.0,206.0
2026-09-10,3376,189.5,19831863,189.5,189.5,189.5
2026-09-11,3376,183.0,6129310,183.0,183.0,183.0
2026-09-14,3376,181.0,8310442,181.0,181.0,181.0
2026-09-15,3376,173.0,6133879,173.0,173.0,173.0
2026-09-16,3376,176.5,4033824,176.5,176.5,176.5
2026-09-17,3376,175.5,2385744,175.5,175.5,175.5
2026-09-18,3376,179.0,2503624,179.0,179.0,179.0
2026-09-21,3376,177.0,1515070,177.0,177.0,177.0
2026-09-22,3376,180.5,3426008,180.5,180.5,180.5
2026-09-23,3376,176.5,1911005,176.5,176.5,176.5
2026-09-24,3376,174.0,1686649,174.0,174.0,174.0
2026-09-29,3376,171.5,2076761,171.5,171.5,171.5
2026-09-30,3376,174.5,2518660,174.5,174.5,174.5
2026-10-01,3376,174.0,1408149,174.0,174.0,174.0
2026-10-02,3376,174.0,1030830,174.0,174.0,174.0
2026-10-05,3376,171.5,2407309,171.5,171.5,171.5
2026-09-07,3380,29.85,3626927,29.85,29.85,29.85
2026-09-08,3380,29.9,3060824,29.9,29.9,29.9
2026-09-09,3380,30.4,3006036,30.4,30.4,30.4
2026-09-10,3380,30.65,2862913,30.65,30.65,30.65
2026-09-11,3380,30.75,2234714,30.75,30.75,30.75
2026-09-14,3380,29.95,2563653,29.95,29.95,29.95
2026-09-15,3380,29.55,1117376,29.55,29.55,29.55
2026-09-16,3380,30.2,1395282,30.2,30.2,30.2
2026-09-17,3380,30.35,2338685,30.35,30.35,30.35
2026-09-18,3380,30.15,1524750,30.15,30.15,30.15
2026-09-21,3380,33.15,10726272,33.15,33.15,33.15
2026-09-22,3380,32.95,13199398,32.95,32.95,32.95
2026-09-23,3380,31.0,5531166,31.0,31.0,31.0
2026-09-24,3380,31.6,1565415,31.6,31.6,31.6
2026-09-29,3380,31.6,3870773,31.6,31.6,31.6
2026-09-30,3380,32.15,5494158,32.15,32.15,32.15
2026-10-01,3380,31.3,2569518,31.3,31.3,31.3
2026-10-02,3380,31.95,2056580,31.95,31.95,31.95
2026-10-05,3380,31.3,2512527,31.3,31.3,31.3
2026-09-07,3406,987.0,2303955,987.0,987.0,987.0
2026-09-08,3406,1010.0,1972893,1010.0,1010.0,1010.0
2026-09-09,3406,1110.0,5569916,1110.0,1110.0,1110.0
2026-09-10,3406,1070.0,9554384,1070.0,1070.0,1070.0
2026-09-11,3406,1060.0,10717908,1060.0,1060.0,1060.0
2026-09-14,3406,954.0,4840043,954.0,954.0,954.0
2026-09-15,3406,915.0,9449175,915.0,915.0,915.0
2026-09-16,3406,1005.0,4089353,1005.0,1005.0,1005.0
2026-09-17,3406,965.0,10750888,965.0,965.0,965.0
2026-09-18,3406,972.0,8014269,972.0,972.0,972.0
2026-09-21,3406,952.0,7311337,952.0,952.0,952.0
2026-09-22,3406,923.0,6148749,923.0,923.0,923.0
2026-09-23,3406,905.0,2912790,905.0,905.0,905.0
2026-09-24,3406,901.0,2920160,901.0,901.0,901.0
2026-09-29,3406,882.0,2568917,882.0,882.0,882.0
2026-09-30,3406,890.0,3631717,890.0,890.0,890.0
2026-10-01,3406,950.0,6290699,950.0,950.0,950.0
2026-10-02,3406,961.0,4816591,961.0,961.0,961.0
2026-10-05,3406,1055.0,5365739,1055.0,1055.0,1055.0
2026-09-07,3413,284.0,511293,284.0,284.0,284.0
2026-09-08,3413,281.5,600878,281.5,281.5,281.5
2026-09-09,3413,282.0,497506,282.0,282.0,282.0
2026-09-10,3413,283.5,871625,283.5,283.5,283.5
2026-09-11,3413,279.5,1368110,279.5,279.5,279.5
2026-09-14,3413,275.5,747118,275.5,275.5,275.5
2026-09-15,3413,274.0,404311,274.0,274.0,274.0
2026-09-16,3413,276.5,296866,276.5,276.5,276.5
2026-09-17,3413,281.0,661957,281.0,281.0,281.0
2026-09-18,3413,285.0,667280,285.0,285.0,285.0
2026-09-21,3413,283.5,369922,283.5,283.5,283.5
2026-09-22,3413,283.0,659237,283.0,283.0,283.0
2026-09-23,3413,285.5,434234,285.5,285.5,285.5
2026-09-24,3413,288.0,476069,288.0,288.0,288.0
2026-09-29,3413,291.0,729896,291.0,291.0,291.0
2026-09-30,3413,291.0,705048,291.0,291.0,291.0
2026-10-01,3413,293.0,545674,293.0,293.0,293.0
2026-10-02,3413,292.0,521879,292.0,292.0,292.0
2026-10-05,3413,295.0,878477,295.0,295.0,295.0
2026-09-07,3416,169.5,191537,169.5,169.5,169.5
2026-09-08,3416,160.5,1024018,160.5,160.5,160.5
2026-09-09,3416,160.5,255104,160.5,160.5,160.5
2026-09-10,3416,161.0,157714,161.0,161.0,161.0
2026-09-11,3416,160.5,238114,160.5,160.5,160.5
2026-09-14,3416,161.0,171902,161.0,161.0,161.0
2026-09-15,3416,160.0,106860,160.0,160.0,160.0
2026-09-16,3416,161.0,81894,161.0,161.0,161.0
2026-09-17,3416,161.0,117654,161.0,161.0,161.0
2026-09-18,3416,162.5,157686,162.5,162.5,162.5
2026-09-21,3416,163.5,249762,163.5,163.5,163.5
2026-09-22,3416,162.0,177053,162.0,162.0,162.0
2026-09-23,3416,160.5,124676,160.5,160.5,160.5
2026-09-24,3416,161.0,88799,161.0,161.0,161.0
2026-09-29,3416,162.0,160947,162.0,162.0,162.0
2026-09-30,3416,162.5,154921,162.5,162.5,162.5
2026-10-01,3416,166.5,408797,166.5,166.5,166.5
2026-10-02,3416,166.0,184220,166.0,166.0,166.0
2026-10-05,3416,168.5,428291,168.5,168.5,168.5
2026-09-07,3419,11.5,128395,11.5,11.5,11.5
2026-09-08,3419,11.25,296550,11.25,11.25,11.25
2026-09-09,3419,11.2,103411,11.2,11.2,11.2
2026-09-10,3419,11.3,138202,11.3,11.3,11.3
2026-09-11,3419,11.0,76209,11.0,11.0,11.0
2026-09-14,3419,11.0,46331,11.0,11.0,11.0
2026-09-15,3419,10.75,93009,10.75,10.75,10.75
2026-09-16,3419,10.8,67296,10.8,10.8,10.8
2026-09-17,3419,10.75,303116,10.75,10.75,10.75
2026-09-18,3419,11.45,250112,11.45,11.45,11.45
2026-09-21,3419,11.05,472914,11.05,11.05,11.05
2026-09-22,3419,11.05,236791,11.05,11.05,11.05
2026-09-23,3419,10.9,186484,10.9,10.9,10.9
2026-09-24,3419,10.75,490127,10.75,10.75,10.75
2026-09-29,3419,11.8,488427,11.8,11.8,11.8
2026-09-30,3419,12.05,1020624,12.05,12.05,12.05
2026-10-01,3419,11.85,241818,11.85,11.85,11.85
2026-10-02,3419,12.15,129070,12.15,12.15,12.15
2026-10-05,3419,12.05,153538,12.05,12.05,12.05
2026-09-07,3432,14.35,33622,14.35,14.35,14.35
2026-09-08,3432,14.1,12531,14.1,14.1,14.1
2026-09-09,3432,14.6,49721,14.6,14.6,14.6
2026-09-10,3432,14.35,6629,14.35,14.35,14.35
2026-09-11,3432,14.45,9050,14.45,14.45,14.45
2026-09-14,3432,14.3,10001,14.3,14.3,14.3
2026-09-16,3432,14.2,9495,14.2,14.2,14.2
2026-09-17,3432,14.15,20046,14.15,14.15,14.15
2026-09-18,3432,15.55,137526,15.55,15.55,15.55
2026-09-21,3432,15.1,123949,15.1,15.1,15.1
2026-09-22,3432,14.95,55720,14.95,14.95,14.95
2026-09-23,3432,14.7,35167,14.7,14.7,14.7
2026-09-24,3432,14.6,41400,14.6,14.6,14.6
2026-09-29,3432,14.8,16088,14.8,14.8,14.8
2026-09-30,3432,14.9,50972,14.9,14.9,14.9
2026-10-01,3432,14.75,51427,14.75,14.75,14.75
2026-10-02,3432,14.9,83030,14.9,14.9,14.9
2026-10-05,3432,14.7,40254,14.7,14.7,14.7
2026-09-07,3437,17.95,674245,17.95,17.95,17.95
2026-09-08,3437,17.95,264138,17.95,17.95,17.95
2026-09-09,3437,18.65,1197683,18.65,18.65,18.65
2026-09-10,3437,19.7,2294782,19.7,19.7,19.7
2026-09-11,3437,18.15,2415950,18.15,18.15,18.15
2026-09-14,3437,17.8,626113,17.8,17.8,17.8
2026-09-15,3437,17.5,471448,17.5,17.5,17.5
2026-09-16,3437,18.5,1123662,18.5,18.5,18.5
2026-09-17,3437,20.35,3072175,20.35,20.35,20.35
2026-09-18,3437,22.35,9848954,22.35,22.35,22.35
2026-09-21,3437,22.3,11410568,22.3,22.3,22.3
2026-09-22,3437,21.6,2900082,21.6,21.6,21.6
2026-09-23,3437,21.6,3135596,21.6,21.6,21.6
2026-09-24,3437,22.0,2575324,22.0,22.0,22.0
2026-09-29,3437,22.4,2071802,22.4,22.4,22.4
2026-09-30,3437,22.45,2199034,22.45,22.45,22.45
2026-10-01,3437,22.05,1527483,22.05,22.05,22.05
2026-10-02,3437,22.15,1251151,22.15,22.15,22.15
2026-10-05,3437,21.9,2721178,21.9,21.9,21.9
2026-09-07,3443,5935.0,2131993,5935.0,5935.0,5935.0
2026-09-08,3443,5960.0,1602965,5960.0,5960.0,5960.0
2026-09-09,3443,5925.0,993983,5925.0,5925.0,5925.0
2026-09-10,3443,6225.0,1829250,6225.0,6225.0,6225.0
2026-09-11,3443,6120.0,1484010,6120.0,6120.0,6120.0
2026-09-14,3443,6400.0,2640389,6400.0,6400.0,6400.0
2026-09-15,3443,6035.0,2199061,6035.0,6035.0,6035.0
2026-09-16,3443,6170.0,1261412,6170.0,6170.0,6170.0
2026-09-17,3443,6500.0,2334082,6500.0,6500.0,6500.0
2026-09-18,3443,7150.0,2735598,7150.0,7150.0,7150.0
2026-09-21,3443,7615.0,3187762,7615.0,7615.0,7615.0
2026-09-22,3443,8375.0,711474,8375.0,8375.0,8375.0
2026-09-23,3443,8385.0,2107816,8385.0,8385.0,8385.0
2026-09-24,3443,8525.0,1471460,8525.0,8525.0,8525.0
2026-09-29,3443,7925.0,1082917,7925.0,7925.0,7925.0
2026-09-30,3443,8040.0,669082,8040.0,8040.0,8040.0
2026-10-01,3443,7900.0,718321,7900.0,7900.0,7900.0
2026-10-02,3443,7900.0,393948,7900.0,7900.0,7900.0
2026-10-05,3443,8600.0,750702,8600.0,8600.0,8600.0
2026-09-07,3447,28.85,56576,28.85,28.85,28.85
2026-09-08,3447,28.1,48739,28.1,28.1,28.1
2026-09-09,3447,27.5,86015,27.5,27.5,27.5
2026-09-10,3447,27.05,78831,27.05,27.05,27.05
2026-09-11,3447,26.85,108169,26.85,26.85,26.85
2026-09-14,3447,27.35,85250,27.35,27.35,27.35
2026-09-15,3447,26.8,99200,26.8,26.8,26.8
2026-09-16,3447,27.4,96569,27.4,27.4,27.4
2026-09-17,3447,27.45,131676,27.45,27.45,27.45
2026-09-18,3447,28.45,225451,28.45,28.45,28.45
2026-09-21,3447,29.0,159207,29.0,29.0,29.0
2026-09-22,3447,27.8,100409,27.8,27.8,27.8
2026-09-23,3447,27.9,25774,27.9,27.9,27.9
2026-09-24,3447,27.3,104434,27.3,27.3,27.3
2026-09-29,3447,27.15,54033,27.15,27.15,27.15
2026-09-30,3447,27.55,84450,27.55,27.55,27.55
2026-10-01,3447,27.65,27060,27.65,27.65,27.65
2026-10-02,3447,27.75,46660,27.75,27.75,27.75
2026-10-05,3447,27.6,79322,27.6,27.6,27.6
2026-09-07,3450,585.0,962860,585.0,585.0,585.0
2026-09-08,3450,527.0,2990181,527.0,527.0,527.0
2026-09-09,3450,520.0,3650225,520.0,520.0,520.0
2026-09-10,3450,523.0,2541410,523.0,523.0,523.0
2026-09-11,3450,512.0,1871232,512.0,512.0,512.0
2026-09-14,3450,509.0,11908342,509.0,509.0,509.0
2026-09-15,3450,492.5,8062676,492.5,492.5,492.5
2026-09-16,3450,541.0,8784191,541.0,541.0,541.0
2026-09-17,3450,525.0,16344584,525.0,525.0,525.0
2026-09-18,3450,538.0,11465308,538.0,538.0,538.0
2026-09-21,3450,545.0,8662034,545.0,545.0,545.0
2026-09-22,3450,526.0,8652711,526.0,526.0,526.0
2026-09-23,3450,520.0,7690410,520.0,520.0,520.0
2026-09-24,3450,513.0,5014009,513.0,513.0,513.0
2026-09-29,3450,525.0,5251568,525.0,525.0,525.0
2026-09-30,3450,523.0,5074962,523.0,523.0,523.0
2026-10-01,3450,515.0,5342360,515.0,515.0,515.0
2026-10-02,3450,543.0,17359031,543.0,543.0,543.0
2026-10-05,3450,548.0,11920793,548.0,548.0,548.0
2026-09-07,3481,49.95,251338640,49.95,49.95,49.95
2026-09-08,3481,48.8,188143635,48.8,48.8,48.8
2026-09-09,3481,50.1,302977292,50.1,50.1,50.1
2026-09-10,3481,49.35,145192090,49.35,49.35,49.35
2026-09-11,3481,47.7,139160521,47.7,47.7,47.7
2026-09-14,3481,47.65,108945391,47.65,47.65,47.65
2026-09-15,3481,46.8,77381620,46.8,46.8,46.8
2026-09-16,3481,48.7,99548905,48.7,48.7,48.7
2026-09-17,3481,48.5,140533721,48.5,48.5,48.5
2026-09-18,3481,48.25,128581460,48.25,48.25,48.25
2026-09-21,3481,50.4,287816265,50.4,50.4,50.4
2026-09-22,3481,50.5,502870543,50.5,50.5,50.5
2026-09-23,3481,49.6,219243303,49.6,49.6,49.6
2026-09-24,3481,49.55,101964433,49.55,49.55,49.55
2026-09-29,3481,49.75,104276061,49.75,49.75,49.75
2026-09-30,3481,54.7,486059149,54.7,54.7,54.7
2026-10-01,3481,52.3,465129700,52.3,52.3,52.3
2026-10-02,3481,52.8,211783047,52.8,52.8,52.8
2026-10-05,3481,52.3,360995094,52.3,52.3,52.3
2026-09-07,3494,7.1,88263,7.1,7.1,7.1
2026-09-08,3494,7.08,60049,7.08,7.08,7.08
2026-09-09,3494,7.07,56829,7.07,7.07,7.07
2026-09-10,3494,7.09,41150,7.09,7.09,7.09
2026-09-11,3494,7.11,68309,7.11,7.11,7.11
2026-09-14,3494,7.07,38467,7.07,7.07,7.07
2026-09-15,3494,7.07,17116,7.07,7.07,7.07
2026-09-16,3494,7.06,78105,7.06,7.06,7.06
2026-09-17,3494,7.07,56533,7.07,7.07,7.07
2026-09-18,3494,7.3,298617,7.3,7.3,7.3
2026-09-21,3494,7.28,65147,7.28,7.28,7.28
2026-09-22,3494,7.12,106345,7.12,7.12,7.12
2026-09-23,3494,7.11,39736,7.11,7.11,7.11
2026-09-24,3494,7.11,32294,7.11,7.11,7.11
2026-09-29,3494,7.09,44736,7.09,7.09,7.09
2026-09-30,3494,7.1,27333,7.1,7.1,7.1
2026-10-01,3494,7.09,44109,7.09,7.09,7.09
2026-10-02,3494,7.09,67602,7.09,7.09,7.09
2026-10-05,3494,7.05,59889,7.05,7.05,7.05
2026-09-07,3501,39.6,106261,39.6,39.6,39.6
2026-09-08,3501,39.55,55555,39.55,39.55,39.55
2026-09-09,3501,39.25,106350,39.25,39.25,39.25
2026-09-10,3501,39.05,166689,39.05,39.05,39.05
2026-09-11,3501,38.7,90816,38.7,38.7,38.7
2026-09-14,3501,38.45,79566,38.45,38.45,38.45
2026-09-15,3501,38.2,58221,38.2,38.2,38.2
2026-09-16,3501,38.0,122405,38.0,38.0,38.0
2026-09-17,3501,38.1,191341,38.1,38.1,38.1
2026-09-18,3501,38.4,76111,38.4,38.4,38.4
2026-09-21,3501,38.25,76882,38.25,38.25,38.25
2026-09-22,3501,38.05,132179,38.05,38.05,38.05
2026-09-23,3501,37.95,133866,37.95,37.95,37.95
2026-09-24,3501,37.9,143731,37.9,37.9,37.9
2026-09-29,3501,37.5,151396,37.5,37.5,37.5
2026-09-30,3501,37.65,196299,37.65,37.65,37.65
2026-10-01,3501,37.7,55355,37.7,37.7,37.7
2026-10-02,3501,37.65,88606,37.65,37.65,37.65
2026-10-05,3501,37.8,130098,37.8,37.8,37.8
2026-09-07,3504,84.5,3258307,84.5,84.5,84.5
2026-09-08,3504,83.2,1740496,83.2,83.2,83.2
2026-09-09,3504,86.0,2611761,86.0,86.0,86.0
2026-09-10,3504,83.9,1467926,83.9,83.9,83.9
2026-09-11,3504,80.7,2352024,80.7,80.7,80.7
2026-09-14,3504,78.0,1342053,78.0,78.0,78.0
2026-09-15,3504,77.0,1419165,77.0,77.0,77.0
2026-09-16,3504,80.6,1882201,80.6,80.6,80.6
2026-09-17,3504,78.7,1195369,78.7,78.7,78.7
2026-09-18,3504,80.5,1054033,80.5,80.5,80.5
2026-09-21,3504,78.4,1004591,78.4,78.4,78.4
2026-09-22,3504,78.0,1308962,78.0,78.0,78.0
2026-09-23,3504,78.0,1699660,78.0,78.0,78.0
2026-09-24,3504,78.5,1077317,78.5,78.5,78.5
2026-09-29,3504,79.5,627895,79.5,79.5,79.5
2026-09-30,3504,79.1,690793,79.1,79.1,79.1
2026-10-01,3504,80.2,1338044,80.2,80.2,80.2
2026-10-02,3504,80.1,852757,80.1,80.1,80.1
2026-10-05,3504,84.7,2625102,84.7,84.7,84.7
2026-09-07,3515,231.0,795620,231.0,231.0,231.0
2026-09-08,3515,221.5,574568,221.5,221.5,221.5
2026-09-09,3515,225.5,258770,225.5,225.5,225.5
2026-09-10,3515,221.5,180552,221.5,221.5,221.5
2026-09-11,3515,207.0,1786060,207.0,207.0,207.0
2026-09-14,3515,203.0,399669,203.0,203.0,203.0
2026-09-15,3515,201.0,291043,201.0,201.0,201.0
2026-09-16,3515,211.0,923429,211.0,211.0,211.0
2026-09-17,3515,211.0,559073,211.0,211.0,211.0
2026-09-18,3515,212.0,331791,212.0,212.0,212.0
2026-09-21,3515,213.0,427372,213.0,213.0,213.0
2026-09-22,3515,213.5,338214,213.5,213.5,213.5
2026-09-23,3515,211.5,258673,211.5,211.5,211.5
2026-09-24,3515,211.0,147990,211.0,211.0,211.0
2026-09-29,3515,211.0,152206,211.0,211.0,211.0
2026-09-30,3515,212.0,131882,212.0,212.0,212.0
2026-10-01,3515,215.0,326295,215.0,215.0,215.0
2026-10-02,3515,216.5,182685,216.5,216.5,216.5
2026-10-05,3515,217.5,368541,217.5,217.5,217.5
2026-09-07,3518,29.75,759489,29.75,29.75,29.75
2026-09-08,3518,29.1,513193,29.1,29.1,29.1
2026-09-09,3518,29.25,302127,29.25,29.25,29.25
2026-09-10,3518,29.5,550661,29.5,29.5,29.5
2026-09-11,3518,28.95,583695,28.95,28.95,28.95
2026-09-14,3518,30.0,495988,30.0,30.0,30.0
2026-09-15,3518,29.7,430131,29.7,29.7,29.7
2026-09-16,3518,30.3,512408,30.3,30.3,30.3
2026-09-17,3518,31.1,750089,31.1,31.1,31.1
2026-09-18,3518,30.9,414945,30.9,30.9,30.9
2026-09-21,3518,31.65,936907,31.65,31.65,31.65
2026-09-22,3518,32.25,1473774,32.25,32.25,32.25
2026-09-23,3518,32.45,572295,32.45,32.45,32.45
2026-09-24,3518,34.0,7183649,34.0,34.0,34.0
2026-09-29,3518,37.4,5608941,37.4,37.4,37.4
2026-09-30,3518,41.1,8426466,41.1,41.1,41.1
2026-10-01,3518,40.35,18736885,40.35,40.35,40.35
2026-10-02,3518,44.35,10157623,44.35,44.35,44.35
2026-10-05,3518,48.75,8802224,48.75,48.75,48.75
2026-09-07,3528,83.0,82995,83.0,83.0,83.0
2026-09-08,3528,81.3,178681,81.3,81.3,81.3
2026-09-09,3528,83.7,158668,83.7,83.7,83.7
2026-09-10,3528,84.1,129932,84.1,84.1,84.1
2026-09-11,3528,81.8,194198,81.8,81.8,81.8
2026-09-14,3528,81.3,124323,81.3,81.3,81.3
2026-09-15,3528,80.4,213618,80.4,80.4,80.4
2026-09-16,3528,81.1,44397,81.1,81.1,81.1
2026-09-17,3528,82.2,275105,82.2,82.2,82.2
2026-09-18,3528,83.8,254937,83.8,83.8,83.8
2026-09-21,3528,83.8,123094,83.8,83.8,83.8
2026-09-22,3528,83.8,119899,83.8,83.8,83.8
2026-09-23,3528,84.5,146769,84.5,84.5,84.5
2026-09-24,3528,85.0,504831,85.0,85.0,85.0
2026-09-29,3528,84.7,130611,84.7,84.7,84.7
2026-09-30,3528,85.6,162785,85.6,85.6,85.6
2026-10-01,3528,86.9,407144,86.9,86.9,86.9
2026-10-02,3528,88.8,316045,88.8,88.8,88.8
2026-10-05,3528,86.9,268249,86.9,86.9,86.9
2026-09-07,3530,57.6,106630,57.6,57.6,57.6
2026-09-08,3530,56.8,101169,56.8,56.8,56.8
2026-09-09,3530,56.7,71080,56.7,56.7,56.7
2026-09-10,3530,56.6,79888,56.6,56.6,56.6
2026-09-11,3530,56.5,139383,56.5,56.5,56.5
2026-09-14,3530,56.5,85811,56.5,56.5,56.5
2026-09-15,3530,55.6,47410,55.6,55.6,55.6
2026-09-16,3530,57.5,72267,57.5,57.5,57.5
2026-09-17,3530,57.1,170438,57.1,57.1,57.1
2026-09-18,3530,58.2,114001,58.2,58.2,58.2
2026-09-21,3530,59.2,131740,59.2,59.2,59.2
2026-09-22,3530,58.3,212662,58.3,58.3,58.3
2026-09-23,3530,59.0,60830,59.0,59.0,59.0
2026-09-24,3530,58.3,66222,58.3,58.3,58.3
2026-09-29,3530,58.4,39475,58.4,58.4,58.4
2026-09-30,3530,59.2,114627,59.2,59.2,59.2
2026-10-01,3530,59.0,84403,59.0,59.0,59.0
2026-10-02,3530,59.5,108001,59.5,59.5,59.5
2026-10-05,3530,58.9,241044,58.9,58.9,58.9
2026-09-07,3532,403.0,8013341,403.0,403.0,403.0
2026-09-08,3532,398.0,9378177,398.0,398.0,398.0
2026-09-09,3532,424.0,9176282,424.0,424.0,424.0
2026-09-10,3532,410.0,4334630,410.0,410.0,410.0
2026-09-11,3532,423.0,7432373,423.0,423.0,423.0
2026-09-14,3532,416.0,5381568,416.0,416.0,416.0
2026-09-15,3532,407.0,9430827,407.0,407.0,407.0
2026-09-16,3532,440.0,7746606,440.0,440.0,440.0
2026-09-17,3532,441.5,9584549,441.5,441.5,441.5
2026-09-18,3532,447.5,6778115,447.5,447.5,447.5
2026-09-21,3532,440.0,3944057,440.0,440.0,440.0
2026-09-22,3532,434.5,8358710,434.5,434.5,434.5
2026-09-23,3532,445.0,11441397,445.0,445.0,445.0
2026-09-24,3532,452.5,4617288,452.5,452.5,452.5
2026-09-29,3532,454.0,7089443,454.0,454.0,454.0
2026-09-30,3532,471.0,14082552,471.0,471.0,471.0
2026-10-01,3532,474.0,9721232,474.0,474.0,474.0
2026-10-02,3532,475.5,9010177,475.5,475.5,475.5
2026-10-05,3532,469.5,6047771,469.5,469.5,469.5
2026-09-07,3533,1695.0,628390,1695.0,1695.0,1695.0
2026-09-08,3533,1620.0,679777,1620.0,1620.0,1620.0
2026-09-09,3533,1625.0,491700,1625.0,1625.0,1625.0
2026-09-10,3533,1575.0,827646,1575.0,1575.0,1575.0
2026-09-11,3533,1580.0,1034014,1580.0,1580.0,1580.0
2026-09-14,3533,1590.0,719459,1590.0,1590.0,1590.0
2026-09-15,3533,1520.0,746610,1520.0,1520.0,1520.0
2026-09-16,3533,1510.0,837111,1510.0,1510.0,1510.0
2026-09-17,3533,1555.0,841164,1555.0,1555.0,1555.0
2026-09-18,3533,1585.0,692613,1585.0,1585.0,1585.0
2026-09-21,3533,1590.0,836492,1590.0,1590.0,1590.0
2026-09-22,3533,1745.0,858627,1745.0,1745.0,1745.0
2026-09-23,3533,1690.0,2718292,1690.0,1690.0,1690.0
2026-09-24,3533,1690.0,1078035,1690.0,1690.0,1690.0
2026-09-29,3533,1710.0,2102968,1710.0,1710.0,1710.0
2026-09-30,3533,1770.0,2399430,1770.0,1770.0,1770.0
2026-10-01,3533,1855.0,2677060,1855.0,1855.0,1855.0
2026-10-02,3533,1855.0,2023700,1855.0,1855.0,1855.0
2026-10-05,3533,1875.0,1551638,1875.0,1875.0,1875.0
2026-09-07,3535,90.9,1638541,90.9,90.9,90.9
2026-09-08,3535,89.2,1601469,89.2,89.2,89.2
2026-09-09,3535,89.6,920807,89.6,89.6,89.6
2026-09-10,3535,85.5,977538,85.5,85.5,85.5
2026-09-11,3535,83.7,474443,83.7,83.7,83.7
2026-09-14,3535,82.6,741944,82.6,82.6,82.6
2026-09-15,3535,81.1,303185,81.1,81.1,81.1
2026-09-16,3535,85.4,704523,85.4,85.4,85.4
2026-09-17,3535,86.5,1010767,86.5,86.5,86.5
2026-09-18,3535,88.5,433498,88.5,88.5,88.5
2026-09-21,3535,89.3,738199,89.3,89.3,89.3
2026-09-22,3535,86.3,1655162,86.3,86.3,86.3
2026-09-23,3535,86.0,354782,86.0,86.0,86.0
2026-09-24,3535,88.4,1225076,88.4,88.4,88.4
2026-09-29,3535,89.8,1109711,89.8,89.8,89.8
2026-09-30,3535,92.0,1514606,92.0,92.0,92.0
2026-10-01,3535,91.3,587800,91.3,91.3,91.3
2026-10-02,3535,92.9,1264766,92.9,92.9,92.9
2026-10-05,3535,92.7,1062131,92.7,92.7,92.7
2026-09-07,3543,44.4,1264208,44.4,44.4,44.4
2026-09-08,3543,43.35,1277806,43.35,43.35,43.35
2026-09-09,3543,43.05,823811,43.05,43.05,43.05
2026-09-10,3543,42.15,782292,42.15,42.15,42.15
2026-09-11,3543,42.2,797373,42.2,42.2,42.2
2026-09-14,3543,42.05,920174,42.05,42.05,42.05
2026-09-15,3543,42.0,424798,42.0,42.0,42.0
2026-09-16,3543,42.6,389630,42.6,42.6,42.6
2026-09-17,3543,44.3,2664852,44.3,44.3,44.3
2026-09-18,3543,44.3,950901,44.3,44.3,44.3
2026-09-21,3543,45.05,963062,45.05,45.05,45.05
2026-09-22,3543,47.0,2410579,47.0,47.0,47.0
2026-09-23,3543,46.0,1242163,46.0,46.0,46.0
2026-09-24,3543,45.7,784913,45.7,45.7,45.7
2026-09-29,3543,50.2,4142472,50.2,50.2,50.2
2026-09-30,3543,51.2,10696796,51.2,51.2,51.2
2026-10-01,3543,51.1,2685192,51.1,51.1,51.1
2026-10-02,3543,51.0,2167872,51.0,51.0,51.0
2026-10-05,3543,54.0,5254467,54.0,54.0,54.0
2026-09-07,3545,51.0,469370,51.0,51.0,51.0
2026-09-08,3545,51.1,578481,51.1,51.1,51.1
2026-09-09,3545,50.8,488667,50.8,50.8,50.8
2026-09-10,3545,49.6,784824,49.6,49.6,49.6
2026-09-11,3545,48.55,648300,48.55,48.55,48.55
2026-09-14,3545,49.05,529874,49.05,49.05,49.05
2026-09-15,3545,48.45,415935,48.45,48.45,48.45
2026-09-16,3545,49.85,462992,49.85,49.85,49.85
2026-09-17,3545,50.5,490007,50.5,50.5,50.5
2026-09-18,3545,51.6,954988,51.6,51.6,51.6
2026-09-21,3545,51.7,524311,51.7,51.7,51.7
2026-09-22,3545,52.0,804403,52.0,52.0,52.0
2026-09-23,3545,51.3,412175,51.3,51.3,51.3
2026-09-24,3545,51.0,386758,51.0,51.0,51.0
2026-09-29,3545,51.9,503191,51.9,51.9,51.9
2026-09-30,3545,51.8,950180,51.8,51.8,51.8
2026-10-01,3545,51.6,662736,51.6,51.6,51.6
2026-10-02,3545,51.5,521236,51.5,51.5,51.5
2026-10-05,3545,50.4,661746,50.4,50.4,50.4
2026-09-07,3550,22.95,892571,22.95,22.95,22.95
2026-09-08,3550,22.65,689530,22.65,22.65,22.65
2026-09-09,3550,22.9,621351,22.9,22.9,22.9
2026-09-10,3550,22.45,542517,22.45,22.45,22.45
2026-09-11,3550,21.95,579447,21.95,21.95,21.95
2026-09-14,3550,21.7,514696,21.7,21.7,21.7
2026-09-15,3550,21.2,615041,21.2,21.2,21.2
2026-09-16,3550,22.4,895643,22.4,22.4,22.4
2026-09-17,3550,22.75,3015363,22.75,22.75,22.75
2026-09-18,3550,23.7,2990142,23.7,23.7,23.7
2026-09-21,3550,24.5,2356646,24.5,24.5,24.5
2026-09-22,3550,24.05,1906316,24.05,24.05,24.05
2026-09-23,3550,23.8,1002504,23.8,23.8,23.8
2026-09-24,3550,23.85,785551,23.85,23.85,23.85
2026-09-29,3550,26.2,3498604,26.2,26.2,26.2
2026-09-30,3550,25.9,8130123,25.9,25.9,25.9
2026-10-01,3550,25.7,2399524,25.7,25.7,25.7
2026-10-02,3550,25.8,1434723,25.8,25.8,25.8
2026-10-05,3550,25.1,1542490,25.1,25.1,25.1
2026-09-07,3557,24.5,17747,24.5,24.5,24.5
2026-09-08,3557,24.5,15848,24.5,24.5,24.5
2026-09-09,3557,24.05,32335,24.05,24.05,24.05
2026-09-10,3557,23.8,80970,23.8,23.8,23.8
2026-09-11,3557,23.3,32179,23.3,23.3,23.3
2026-09-14,3557,22.7,87422,22.7,22.7,22.7
2026-09-15,3557,22.75,22119,22.75,22.75,22.75
2026-09-16,3557,23.25,30332,23.25,23.25,23.25
2026-09-17,3557,23.0,71249,23.0,23.0,23.0
2026-09-18,3557,23.15,37560,23.15,23.15,23.15
2026-09-21,3557,23.0,30401,23.0,23.0,23.0
2026-09-22,3557,23.1,48916,23.1,23.1,23.1
2026-09-23,3557,22.9,35529,22.9,22.9,22.9
2026-09-24,3557,22.85,52371,22.85,22.85,22.85
2026-09-29,3557,22.8,30567,22.8,22.8,22.8
2026-09-30,3557,23.0,54872,23.0,23.0,23.0
2026-10-01,3557,23.1,27269,23.1,23.1,23.1
2026-10-02,3557,24.5,215651,24.5,24.5,24.5
2026-10-05,3557,24.15,76015,24.15,24.15,24.15
2026-09-07,3563,699.0,449213,699.0,699.0,699.0
2026-09-08,3563,695.0,297279,695.0,695.0,695.0
2026-09-09,3563,688.0,338333,688.0,688.0,688.0
2026-09-10,3563,668.0,360649,668.0,668.0,668.0
2026-09-11,3563,659.0,402033,659.0,659.0,659.0
2026-09-14,3563,645.0,306189,645.0,645.0,645.0
2026-09-15,3563,643.0,236655,643.0,643.0,643.0
2026-09-16,3563,642.0,203757,642.0,642.0,642.0
2026-09-17,3563,659.0,520685,659.0,659.0,659.0
2026-09-18,3563,671.0,268658,671.0,671.0,671.0
2026-09-21,3563,660.0,257104,660.0,660.0,660.0
2026-09-22,3563,711.0,1154879,711.0,711.0,711.0
2026-09-23,3563,753.0,2273717,753.0,753.0,753.0
2026-09-24,3563,769.0,1433099,769.0,769.0,769.0
2026-09-29,3563,794.0,1814860,794.0,794.0,794.0
2026-09-30,3563,807.0,1867198,807.0,807.0,807.0
2026-10-01,3563,754.0,2874564,754.0,754.0,754.0
2026-10-02,3563,760.0,1273871,760.0,760.0,760.0
2026-10-05,3563,767.0,1417672,767.0,767.0,767.0
2026-09-07,3576,17.05,3431478,17.05,17.05,17.05
2026-09-08,3576,16.9,3627139,16.9,16.9,16.9
2026-09-09,3576,16.95,5664496,16.95,16.95,16.95
2026-09-10,3576,16.65,4765247,16.65,16.65,16.65
2026-09-11,3576,16.4,4360624,16.4,16.4,16.4
2026-09-14,3576,16.6,4829226,16.6,16.6,16.6
2026-09-15,3576,16.05,4939724,16.05,16.05,16.05
2026-09-16,3576,16.3,3071511,16.3,16.3,16.3
2026-09-17,3576,16.3,3162711,16.3,16.3,16.3
2026-09-18,3576,17.1,13416440,17.1,17.1,17.1
2026-09-21,3576,17.7,26492615,17.7,17.7,17.7
2026-09-22,3576,17.6,13074950,17.6,17.6,17.6
2026-09-23,3576,17.75,11347648,17.75,17.75,17.75
2026-09-24,3576,18.25,48864258,18.25,18.25,18.25
2026-09-29,3576,17.95,11641227,17.95,17.95,17.95
2026-09-30,3576,19.7,86571378,19.7,19.7,19.7
2026-10-01,3576,18.5,55900173,18.5,18.5,18.5
2026-10-02,3576,19.35,29410686,19.35,19.35,19.35
2026-10-05,3576,18.85,22838416,18.85,18.85,18.85
2026-09-07,3583,722.0,959876,722.0,722.0,722.0
2026-09-08,3583,740.0,1736193,740.0,740.0,740.0
2026-09-09,3583,730.0,1030396,730.0,730.0,730.0
2026-09-10,3583,713.0,720091,713.0,713.0,713.0
2026-09-11,3583,704.0,669217,704.0,704.0,704.0
2026-09-14,3583,683.0,743444,683.0,683.0,683.0
2026-09-15,3583,664.0,647457,664.0,664.0,664.0
2026-09-16,3583,671.0,431450,671.0,671.0,671.0
2026-09-17,3583,688.0,602536,688.0,688.0,688.0
2026-09-18,3583,702.0,468127,702.0,702.0,702.0
2026-09-21,3583,702.0,377871,702.0,702.0,702.0
2026-09-22,3583,704.0,549504,704.0,704.0,704.0
2026-09-23,3583,691.0,504739,691.0,691.0,691.0
2026-09-24,3583,698.0,299371,698.0,698.0,698.0
2026-09-29,3583,713.0,714980,713.0,713.0,713.0
2026-09-30,3583,707.0,1276364,707.0,707.0,707.0
2026-10-01,3583,707.0,684194,707.0,707.0,707.0
2026-10-02,3583,721.0,653931,721.0,721.0,721.0
2026-10-05,3583,744.0,1260864,744.0,744.0,744.0
2026-09-07,3588,53.2,203299,53.2,53.2,53.2
2026-09-08,3588,52.4,407029,52.4,52.4,52.4
2026-09-09,3588,53.0,213590,53.0,53.0,53.0
2026-09-10,3588,52.8,103556,52.8,52.8,52.8
2026-09-11,3588,51.6,119447,51.6,51.6,51.6
2026-09-14,3588,51.3,88751,51.3,51.3,51.3
2026-09-15,3588,50.6,77169,50.6,50.6,50.6
2026-09-16,3588,51.1,140267,51.1,51.1,51.1
2026-09-17,3588,51.3,174488,51.3,51.3,51.3
2026-09-18,3588,52.4,124703,52.4,52.4,52.4
2026-09-21,3588,53.1,112533,53.1,53.1,53.1
2026-09-22,3588,53.1,252481,53.1,53.1,53.1
2026-09-23,3588,52.1,133098,52.1,52.1,52.1
2026-09-24,3588,52.4,174053,52.4,52.4,52.4
2026-09-29,3588,53.7,133618,53.7,53.7,53.7
2026-09-30,3588,53.9,209992,53.9,53.9,53.9
2026-10-01,3588,59.2,611029,59.2,59.2,59.2
2026-10-02,3588,58.2,1527854,58.2,58.2,58.2
2026-10-05,3588,57.0,503005,57.0,57.0,57.0
2026-09-07,3591,23.6,3601707,23.6,23.6,23.6
2026-09-08,3591,23.4,980618,23.4,23.4,23.4
2026-09-09,3591,23.65,1276932,23.65,23.65,23.65
2026-09-21,3591,25.85,12519988,25.85,25.85,25.85
2026-09-22,3591,24.35,5400296,24.35,24.35,24.35
2026-09-23,3591,24.6,1602900,24.6,24.6,24.6
2026-09-24,3591,24.65,1125915,24.65,24.65,24.65
2026-09-29,3591,26.4,1678493,26.4,26.4,26.4
2026-09-30,3591,27.45,2368305,27.45,27.45,27.45
2026-10-01,3591,26.9,1378569,26.9,26.9,26.9
2026-10-02,3591,28.3,1825704,28.3,28.3,28.3
2026-10-05,3591,27.8,2171607,27.8,27.8,27.8
2026-09-07,3592,221.5,211242,221.5,221.5,221.5
2026-09-08,3592,218.5,336605,218.5,218.5,218.5
2026-09-09,3592,222.0,297876,222.0,222.0,222.0
2026-09-10,3592,221.5,259212,221.5,221.5,221.5
2026-09-11,3592,219.5,279871,219.5,219.5,219.5
2026-09-14,3592,222.0,319964,222.0,222.0,222.0
2026-09-15,3592,219.5,149879,219.5,219.5,219.5
2026-09-16,3592,222.5,164962,222.5,222.5,222.5
2026-09-17,3592,223.5,273009,223.5,223.5,223.5
2026-09-18,3592,224.5,258326,224.5,224.5,224.5
2026-09-21,3592,225.5,145266,225.5,225.5,225.5
2026-09-22,3592,228.5,365699,228.5,228.5,228.5
2026-09-23,3592,223.0,200071,223.0,223.0,223.0
2026-09-24,3592,224.5,258281,224.5,224.5,224.5
2026-09-29,3592,225.0,258399,225.0,225.0,225.0
2026-09-30,3592,237.5,1755009,237.5,237.5,237.5
2026-10-01,3592,238.0,1116128,238.0,238.0,238.0
2026-10-02,3592,239.0,494423,239.0,239.0,239.0
2026-10-05,3592,239.0,650803,239.0,239.0,239.0
2026-09-07,3593,10.5,38201,10.5,10.5,10.5
2026-09-08,3593,10.4,5355,10.4,10.4,10.4
2026-09-09,3593,10.4,7201,10.4,10.4,10.4
2026-09-10,3593,10.3,4103,10.3,10.3,10.3
2026-09-11,3593,10.35,3109,10.35,10.35,10.35
2026-09-14,3593,10.15,3238,10.15,10.15,10.15
2026-09-15,3593,9.95,13235,9.95,9.95,9.95
2026-09-16,3593,9.9,21010,9.9,9.9,9.9
2026-09-17,3593,9.9,15108,9.9,9.9,9.9
2026-09-18,3593,9.75,19872,9.75,9.75,9.75
2026-09-21,3593,9.07,30807,9.07,9.07,9.07
2026-09-22,3593,8.8,31201,8.8,8.8,8.8
2026-09-23,3593,9.5,35536,9.5,9.5,9.5
2026-09-24,3593,9.5,19985,9.5,9.5,9.5
2026-09-29,3593,10.3,24771,10.3,10.3,10.3
2026-09-30,3593,11.0,39768,11.0,11.0,11.0
2026-10-01,3593,11.5,20260,11.5,11.5,11.5
2026-10-02,3593,10.65,54068,10.65,10.65,10.65
2026-10-05,3593,10.75,11132,10.75,10.75,10.75
2026-09-07,3596,159.5,501910,159.5,159.5,159.5
2026-09-08,3596,155.5,1540332,155.5,155.5,155.5
2026-09-09,3596,157.5,747942,157.5,157.5,157.5
2026-09-10,3596,154.5,1115738,154.5,154.5,154.5
2026-09-11,3596,152.5,763969,152.5,152.5,152.5
2026-09-14,3596,152.5,433548,152.5,152.5,152.5
2026-09-15,3596,155.0,869537,155.0,155.0,155.0
2026-09-16,3596,153.0,662710,153.0,153.0,153.0
2026-09-17,3596,154.0,559101,154.0,154.0,154.0
2026-09-18,3596,155.5,844681,155.5,155.5,155.5
2026-09-21,3596,155.0,680316,155.0,155.0,155.0
2026-09-22,3596,154.5,769377,154.5,154.5,154.5
2026-09-23,3596,152.0,997606,152.0,152.0,152.0
2026-09-24,3596,153.5,1094859,153.5,153.5,153.5
2026-09-29,3596,153.5,450284,153.5,153.5,153.5
2026-09-30,3596,153.0,626621,153.0,153.0,153.0
2026-10-01,3596,153.0,560797,153.0,153.0,153.0
2026-10-02,3596,154.0,359911,154.0,154.0,154.0
2026-10-05,3596,156.0,842134,156.0,156.0,156.0
2026-09-07,3605,120.5,10428662,120.5,120.5,120.5
2026-09-08,3605,124.0,16952861,124.0,124.0,124.0
2026-09-09,3605,129.5,25273109,129.5,129.5,129.5
2026-09-10,3605,128.0,9745092,128.0,128.0,128.0
2026-09-11,3605,122.5,4915056,122.5,122.5,122.5
2026-09-14,3605,126.5,8387303,126.5,126.5,126.5
2026-09-15,3605,127.5,7841855,127.5,127.5,127.5
2026-09-16,3605,140.0,20987973,140.0,140.0,140.0
2026-09-17,3605,140.0,41785207,140.0,140.0,140.0
2026-09-18,3605,154.0,38476309,154.0,154.0,154.0
2026-09-21,3605,169.0,50842491,169.0,169.0,169.0
2026-09-22,3605,171.5,38677204,171.5,171.5,171.5
2026-09-23,3605,180.0,32655109,180.0,180.0,180.0
2026-09-24,3605,183.5,14851996,183.5,183.5,183.5
2026-09-29,3605,182.5,12502653,182.5,182.5,182.5
2026-09-30,3605,170.5,17829847,170.5,170.5,170.5
2026-10-01,3605,178.0,11986946,178.0,178.0,178.0
2026-10-02,3605,170.5,15261661,170.5,170.5,170.5
2026-10-05,3605,168.0,10337743,168.0,168.0,168.0
2026-09-07,3607,13.7,80020,13.7,13.7,13.7
2026-09-08,3607,13.55,256224,13.55,13.55,13.55
2026-09-09,3607,13.65,70343,13.65,13.65,13.65
2026-09-10,3607,13.5,83512,13.5,13.5,13.5
2026-09-11,3607,13.6,324151,13.6,13.6,13.6
2026-09-14,3607,13.55,109266,13.55,13.55,13.55
2026-09-15,3607,13.55,145208,13.55,13.55,13.55
2026-09-16,3607,13.55,155287,13.55,13.55,13.55
2026-09-17,3607,13.7,401373,13.7,13.7,13.7
2026-09-18,3607,13.85,122008,13.85,13.85,13.85
2026-09-21,3607,13.8,85905,13.8,13.8,13.8
2026-09-22,3607,13.9,202098,13.9,13.9,13.9
2026-09-23,3607,13.75,111284,13.75,13.75,13.75
2026-09-24,3607,13.75,101378,13.75,13.75,13.75
2026-09-29,3607,13.7,55129,13.7,13.7,13.7
2026-09-30,3607,14.0,220285,14.0,14.0,14.0
2026-10-01,3607,13.95,127845,13.95,13.95,13.95
2026-10-02,3607,13.95,140370,13.95,13.95,13.95
2026-10-05,3607,13.8,93693,13.8,13.8,13.8
2026-09-07,3617,248.5,398563,248.5,248.5,248.5
2026-09-08,3617,245.0,322028,245.0,245.0,245.0
2026-09-09,3617,241.0,330077,241.0,241.0,241.0
2026-09-10,3617,239.0,472627,239.0,239.0,239.0
2026-09-11,3617,242.5,462394,242.5,242.5,242.5
2026-09-14,3617,241.0,242436,241.0,241.0,241.0
2026-09-15,3617,236.0,251146,236.0,236.0,236.0
2026-09-16,3617,243.0,348925,243.0,243.0,243.0
2026-09-17,3617,243.5,415400,243.5,243.5,243.5
2026-09-18,3617,246.0,324368,246.0,246.0,246.0
2026-09-21,3617,249.0,172076,249.0,249.0,249.0
2026-09-22,3617,244.0,370955,244.0,244.0,244.0
2026-09-23,3617,243.0,206271,243.0,243.0,243.0
2026-09-24,3617,242.5,177345,242.5,242.5,242.5
2026-09-29,3617,240.5,258989,240.5,240.5,240.5
2026-09-30,3617,242.0,211371,242.0,242.0,242.0
2026-10-01,3617,243.0,86640,243.0,243.0,243.0
2026-10-02,3617,243.5,258203,243.5,243.5,243.5
2026-10-05,3617,241.5,222577,241.5,241.5,241.5
2026-09-07,3622,53.5,671225,53.5,53.5,53.5
2026-09-08,3622,49.6,357385,49.6,49.6,49.6
2026-09-09,3622,48.5,427599,48.5,48.5,48.5
2026-09-10,3622,47.1,382838,47.1,47.1,47.1
2026-09-11,3622,45.3,442632,45.3,45.3,45.3
2026-09-14,3622,44.65,358670,44.65,44.65,44.65
2026-09-15,3622,44.8,203040,44.8,44.8,44.8
2026-09-16,3622,45.25,174023,45.25,45.25,45.25
2026-09-17,3622,45.95,404369,45.95,45.95,45.95
2026-09-18,3622,46.5,210493,46.5,46.5,46.5
2026-09-21,3622,45.85,138079,45.85,45.85,45.85
2026-09-22,3622,45.15,204425,45.15,45.15,45.15
2026-09-23,3622,44.45,208245,44.45,44.45,44.45
2026-09-24,3622,44.2,188618,44.2,44.2,44.2
2026-09-29,3622,44.65,112007,44.65,44.65,44.65
2026-09-30,3622,46.1,191623,46.1,46.1,46.1
2026-10-01,3622,45.9,83314,45.9,45.9,45.9
2026-10-02,3622,46.0,183447,46.0,46.0,46.0
2026-10-05,3622,46.2,267379,46.2,46.2,46.2
2026-09-07,3645,71.8,1382531,71.8,71.8,71.8
2026-09-08,3645,73.7,4826440,73.7,73.7,73.7
2026-09-09,3645,73.9,2371612,73.9,73.9,73.9
2026-09-10,3645,70.6,5268432,70.6,70.6,70.6
2026-09-11,3645,68.5,1456092,68.5,68.5,68.5
2026-09-14,3645,67.8,950237,67.8,67.8,67.8
2026-09-15,3645,66.8,735490,66.8,66.8,66.8
2026-09-16,3645,68.5,547658,68.5,68.5,68.5
2026-09-17,3645,68.8,649472,68.8,68.8,68.8
2026-09-18,3645,68.7,893483,68.7,68.7,68.7
2026-09-21,3645,70.5,2048379,70.5,70.5,70.5
2026-09-22,3645,69.3,1279172,69.3,69.3,69.3
2026-09-23,3645,72.6,8152233,72.6,72.6,72.6
2026-09-24,3645,73.3,6118560,73.3,73.3,73.3
2026-09-29,3645,72.7,1758340,72.7,72.7,72.7
2026-09-30,3645,75.3,5003116,75.3,75.3,75.3
2026-10-01,3645,74.2,3575306,74.2,74.2,74.2
2026-10-02,3645,74.0,1987150,74.0,74.0,74.0
2026-10-05,3645,76.0,7014529,76.0,76.0,76.0
2026-09-07,3652,32.4,186119,32.4,32.4,32.4
2026-09-08,3652,32.0,51094,32.0,32.0,32.0
2026-09-09,3652,33.45,138766,33.45,33.45,33.45
2026-09-10,3652,33.15,59075,33.15,33.15,33.15
2026-09-11,3652,32.8,62000,32.8,32.8,32.8
2026-09-14,3652,33.15,57567,33.15,33.15,33.15
2026-09-15,3652,33.15,62773,33.15,33.15,33.15
2026-09-16,3652,33.8,118206,33.8,33.8,33.8
2026-09-17,3652,33.5,110070,33.5,33.5,33.5
2026-09-18,3652,33.75,66030,33.75,33.75,33.75
2026-09-21,3652,34.9,180851,34.9,34.9,34.9
2026-09-22,3652,34.35,98868,34.35,34.35,34.35
2026-09-23,3652,34.45,47001,34.45,34.45,34.45
2026-09-24,3652,34.1,65160,34.1,34.1,34.1
2026-09-29,3652,33.85,45323,33.85,33.85,33.85
2026-09-30,3652,34.2,54046,34.2,34.2,34.2
2026-10-01,3652,34.5,56085,34.5,34.5,34.5
2026-10-02,3652,34.9,119703,34.9,34.9,34.9
2026-10-05,3652,35.7,181089,35.7,35.7,35.7
2026-09-07,3653,5655.0,802151,5655.0,5655.0,5655.0
2026-09-08,3653,5550.0,990252,5550.0,5550.0,5550.0
2026-09-09,3653,5760.0,1235699,5760.0,5760.0,5760.0
2026-09-10,3653,5790.0,633019,5790.0,5790.0,5790.0
2026-09-11,3653,5765.0,707675,5765.0,5765.0,5765.0
2026-09-14,3653,5820.0,988731,5820.0,5820.0,5820.0
2026-09-15,3653,5310.0,2469366,5310.0,5310.0,5310.0
2026-09-16,3653,5240.0,1608326,5240.0,5240.0,5240.0
2026-09-17,3653,5355.0,970920,5355.0,5355.0,5355.0
2026-09-18,3653,5525.0,1052328,5525.0,5525.0,5525.0
2026-09-21,3653,5790.0,972711,5790.0,5790.0,5790.0
2026-09-22,3653,5830.0,916002,5830.0,5830.0,5830.0
2026-09-23,3653,6410.0,1525519,6410.0,6410.0,6410.0
2026-09-24,3653,6920.0,2756489,6920.0,6920.0,6920.0
2026-09-29,3653,6895.0,1660061,6895.0,6895.0,6895.0
2026-09-30,3653,6800.0,1303905,6800.0,6800.0,6800.0
2026-10-01,3653,6875.0,616931,6875.0,6875.0,6875.0
2026-10-02,3653,6800.0,1067819,6800.0,6800.0,6800.0
2026-10-05,3653,7205.0,1138488,7205.0,7205.0,7205.0
2026-09-07,3661,4040.0,3204560,4040.0,4040.0,4040.0
2026-09-08,3661,4030.0,1620933,4030.0,4030.0,4030.0
2026-09-09,3661,3905.0,3254166,3905.0,3905.0,3905.0
2026-09-10,3661,4055.0,2298103,4055.0,4055.0,4055.0
2026-09-11,3661,3650.0,5595150,3650.0,3650.0,3650.0
2026-09-14,3661,3590.0,2098835,3590.0,3590.0,3590.0
2026-09-15,3661,3355.0,2699862,3355.0,3355.0,3355.0
2026-09-16,3661,3345.0,1986894,3345.0,3345.0,3345.0
2026-09-17,3661,3295.0,3207956,3295.0,3295.0,3295.0
2026-09-18,3661,3540.0,5093871,3540.0,3540.0,3540.0
2026-09-21,3661,3665.0,1760586,3665.0,3665.0,3665.0
2026-09-22,3661,3715.0,3598114,3715.0,3715.0,3715.0
2026-09-23,3661,3760.0,1782601,3760.0,3760.0,3760.0
2026-09-24,3661,3770.0,1136496,3770.0,3770.0,3770.0
2026-09-29,3661,3685.0,1176972,3685.0,3685.0,3685.0
2026-09-30,3661,3740.0,1125493,3740.0,3740.0,3740.0
2026-10-01,3661,3765.0,953454,3765.0,3765.0,3765.0
2026-10-02,3661,3810.0,1303480,3810.0,3810.0,3810.0
2026-10-05,3661,3950.0,3112574,3950.0,3950.0,3950.0
2026-09-07,3665,2070.0,2560427,2070.0,2070.0,2070.0
2026-09-08,3665,1935.0,3246234,1935.0,1935.0,1935.0
2026-09-09,3665,1975.0,2477275,1975.0,1975.0,1975.0
2026-09-10,3665,1930.0,930001,1930.0,1930.0,1930.0
2026-09-11,3665,1875.0,1944589,1875.0,1875.0,1875.0
2026-09-14,3665,1955.0,2220323,1955.0,1955.0,1955.0
2026-09-15,3665,1980.0,2594783,1980.0,1980.0,1980.0
2026-09-16,3665,1995.0,2539303,1995.0,1995.0,1995.0
2026-09-17,3665,2010.0,3284559,2010.0,2010.0,2010.0
2026-09-18,3665,2210.0,6471964,2210.0,2210.0,2210.0
2026-09-21,3665,2300.0,4506398,2300.0,2300.0,2300.0
2026-09-22,3665,2245.0,6053409,2245.0,2245.0,2245.0
2026-09-23,3665,2340.0,3676482,2340.0,2340.0,2340.0
2026-09-24,3665,2340.0,4524090,2340.0,2340.0,2340.0
2026-09-29,3665,2445.0,4555402,2445.0,2445.0,2445.0
2026-09-30,3665,2595.0,6154465,2595.0,2595.0,2595.0
2026-10-01,3665,2555.0,3055668,2555.0,2555.0,2555.0
2026-10-02,3665,2540.0,2759339,2540.0,2540.0,2540.0
2026-10-05,3665,2485.0,5362695,2485.0,2485.0,2485.0
2026-09-07,3669,33.05,656558,33.05,33.05,33.05
2026-09-08,3669,32.75,192211,32.75,32.75,32.75
2026-09-09,3669,33.0,80787,33.0,33.0,33.0
2026-09-10,3669,32.85,65800,32.85,32.85,32.85
2026-09-11,3669,32.3,148190,32.3,32.3,32.3
2026-09-14,3669,32.35,51491,32.35,32.35,32.35
2026-09-15,3669,32.0,79060,32.0,32.0,32.0
2026-09-16,3669,32.4,133491,32.4,32.4,32.4
2026-09-17,3669,32.55,106626,32.55,32.55,32.55
2026-09-18,3669,32.7,70175,32.7,32.7,32.7
2026-09-21,3669,32.65,43738,32.65,32.65,32.65
2026-09-22,3669,32.55,75156,32.55,32.55,32.55
2026-09-23,3669,32.55,52338,32.55,32.55,32.55
2026-09-24,3669,32.25,71270,32.25,32.25,32.25
2026-09-29,3669,32.45,49381,32.45,32.45,32.45
2026-09-30,3669,33.0,102848,33.0,33.0,33.0
2026-10-01,3669,33.4,248576,33.4,33.4,33.4
2026-10-02,3669,33.2,154801,33.2,33.2,33.2
2026-10-05,3669,32.8,113926,32.8,32.8,32.8
2026-09-07,3673,65.8,2723796,65.8,65.8,65.8
2026-09-08,3673,63.9,3450909,63.9,63.9,63.9
2026-09-09,3673,64.2,2388220,64.2,64.2,64.2
2026-09-10,3673,62.6,2935552,62.6,62.6,62.6
2026-09-11,3673,61.7,1642664,61.7,61.7,61.7
2026-09-14,3673,63.4,4385449,63.4,63.4,63.4
2026-09-15,3673,61.5,2301828,61.5,61.5,61.5
2026-09-16,3673,64.0,3259727,64.0,64.0,64.0
2026-09-17,3673,63.8,2864782,63.8,63.8,63.8
2026-09-18,3673,64.5,2447647,64.5,64.5,64.5
2026-09-21,3673,65.7,4757379,65.7,65.7,65.7
2026-09-22,3673,65.6,4941576,65.6,65.6,65.6
2026-09-23,3673,64.8,4047583,64.8,64.8,64.8
2026-09-24,3673,65.6,2491440,65.6,65.6,65.6
2026-09-29,3673,68.7,11366605,68.7,68.7,68.7
2026-09-30,3673,75.5,37006920,75.5,75.5,75.5
2026-10-01,3673,73.3,26102941,73.3,73.3,73.3
2026-10-02,3673,80.6,28711684,80.6,80.6,80.6
2026-10-05,3673,76.8,29000616,76.8,76.8,76.8
2026-09-07,3679,108.0,32009,108.0,108.0,108.0
2026-09-08,3679,107.5,24352,107.5,107.5,107.5
2026-09-09,3679,107.0,27162,107.0,107.0,107.0
2026-09-10,3679,107.0,39351,107.0,107.0,107.0
2026-09-11,3679,108.5,38310,108.5,108.5,108.5
2026-09-14,3679,108.0,9150,108.0,108.0,108.0
2026-09-15,3679,108.0,26550,108.0,108.0,108.0
2026-09-16,3679,107.5,11339,107.5,107.5,107.5
2026-09-17,3679,107.5,38581,107.5,107.5,107.5
2026-09-18,3679,108.5,29638,108.5,108.5,108.5
2026-09-21,3679,108.5,48915,108.5,108.5,108.5
2026-09-22,3679,109.0,91107,109.0,109.0,109.0
2026-09-23,3679,108.5,39113,108.5,108.5,108.5
2026-09-24,3679,109.0,11570,109.0,109.0,109.0
2026-09-29,3679,108.5,9180,108.5,108.5,108.5
2026-09-30,3679,108.0,35968,108.0,108.0,108.0
2026-10-01,3679,108.5,64247,108.5,108.5,108.5
2026-10-02,3679,108.0,32371,108.0,108.0,108.0
2026-10-05,3679,108.5,28082,108.5,108.5,108.5
2026-09-07,3686,14.4,64484,14.4,14.4,14.4
2026-09-08,3686,14.2,20140,14.2,14.2,14.2
2026-09-09,3686,14.2,131953,14.2,14.2,14.2
2026-09-10,3686,14.25,76821,14.25,14.25,14.25
2026-09-11,3686,14.15,147899,14.15,14.15,14.15
2026-09-14,3686,14.2,63480,14.2,14.2,14.2
2026-09-15,3686,14.1,73742,14.1,14.1,14.1
2026-09-16,3686,14.0,89781,14.0,14.0,14.0
2026-09-17,3686,14.15,62994,14.15,14.15,14.15
2026-09-18,3686,14.3,138952,14.3,14.3,14.3
2026-09-21,3686,15.7,522248,15.7,15.7,15.7
2026-09-22,3686,15.4,498009,15.4,15.4,15.4
2026-09-23,3686,15.0,155498,15.0,15.0,15.0
2026-09-24,3686,14.8,81179,14.8,14.8,14.8
2026-09-29,3686,14.85,41418,14.85,14.85,14.85
2026-09-30,3686,16.3,569233,16.3,16.3,16.3
2026-10-01,3686,16.0,486960,16.0,16.0,16.0
2026-10-02,3686,15.85,143132,15.85,15.85,15.85
2026-10-05,3686,15.75,105144,15.75,15.75,15.75
2026-09-07,3694,50.5,455108,50.5,50.5,50.5
2026-09-08,3694,49.4,685411,49.4,49.4,49.4
2026-09-09,3694,49.65,376232,49.65,49.65,49.65
2026-09-10,3694,49.45,592821,49.45,49.45,49.45
2026-09-11,3694,49.7,444277,49.7,49.7,49.7
2026-09-14,3694,49.2,602964,49.2,49.2,49.2
2026-09-15,3694,48.5,387294,48.5,48.5,48.5
2026-09-16,3694,49.4,333046,49.4,49.4,49.4
2026-09-17,3694,50.2,756525,50.2,50.2,50.2
2026-09-18,3694,50.6,632541,50.6,50.6,50.6
2026-09-21,3694,51.1,715958,51.1,51.1,51.1
2026-09-22,3694,50.5,560808,50.5,50.5,50.5
2026-09-23,3694,50.2,444503,50.2,50.2,50.2
2026-09-24,3694,50.3,246631,50.3,50.3,50.3
2026-09-29,3694,50.4,239881,50.4,50.4,50.4
2026-09-30,3694,51.5,365930,51.5,51.5,51.5
2026-10-01,3694,51.2,283839,51.2,51.2,51.2
2026-10-02,3694,51.7,449918,51.7,51.7,51.7
2026-10-05,3694,51.2,506982,51.2,51.2,51.2
2026-09-07,3701,41.0,763101,41.0,41.0,41.0
2026-09-08,3701,40.6,498043,40.6,40.6,40.6
2026-09-09,3701,42.0,1783324,42.0,42.0,42.0
2026-09-10,3701,41.1,492942,41.1,41.1,41.1
2026-09-11,3701,39.9,621171,39.9,39.9,39.9
2026-09-14,3701,39.8,306295,39.8,39.8,39.8
2026-09-15,3701,38.8,335733,38.8,38.8,38.8
2026-09-16,3701,40.0,433166,40.0,40.0,40.0
2026-09-17,3701,41.25,1236009,41.25,41.25,41.25
2026-09-18,3701,41.1,481990,41.1,41.1,41.1
2026-09-21,3701,42.7,2006658,42.7,42.7,42.7
2026-09-22,3701,41.6,959369,41.6,41.6,41.6
2026-09-23,3701,41.25,404785,41.25,41.25,41.25
2026-09-24,3701,41.25,350805,41.25,41.25,41.25
2026-09-29,3701,41.75,552964,41.75,41.75,41.75
2026-09-30,3701,45.9,4549945,45.9,45.9,45.9
2026-10-01,3701,50.4,8814066,50.4,50.4,50.4
2026-10-02,3701,55.4,10135816,55.4,55.4,55.4
2026-10-05,3701,60.9,4322771,60.9,60.9,60.9
2026-09-07,3702,105.0,8385171,105.0,105.0,105.0
2026-09-08,3702,104.5,3765681,104.5,104.5,104.5
2026-09-09,3702,105.0,10212902,105.0,105.0,105.0
2026-09-10,3702,108.0,10849033,108.0,108.0,108.0
2026-09-11,3702,106.5,7925671,106.5,106.5,106.5
2026-09-14,3702,107.0,5927398,107.0,107.0,107.0
2026-09-15,3702,107.0,4409655,107.0,107.0,107.0
2026-09-16,3702,106.0,7003594,106.0,106.0,106.0
2026-09-17,3702,111.0,12125324,111.0,111.0,111.0
2026-09-18,3702,114.5,14990819,114.5,114.5,114.5
2026-09-21,3702,114.0,7318381,114.0,114.0,114.0
2026-09-22,3702,113.0,9840538,113.0,113.0,113.0
2026-09-23,3702,114.0,9399996,114.0,114.0,114.0
2026-09-24,3702,117.5,8052382,117.5,117.5,117.5
2026-09-29,3702,115.0,10942986,115.0,115.0,115.0
2026-09-30,3702,114.0,5939004,114.0,114.0,114.0
2026-10-01,3702,119.0,9434235,119.0,119.0,119.0
2026-10-02,3702,119.0,4724498,119.0,119.0,119.0
2026-10-05,3702,119.0,4033077,119.0,119.0,119.0
2026-09-07,3703,19.75,1897637,19.75,19.75,19.75
2026-09-08,3703,19.85,380111,19.85,19.85,19.85
2026-09-09,3703,19.95,695257,19.95,19.95,19.95
2026-09-10,3703,19.9,311839,19.9,19.9,19.9
2026-09-11,3703,19.8,590561,19.8,19.8,19.8
2026-09-14,3703,19.65,354885,19.65,19.65,19.65
2026-09-15,3703,19.5,579720,19.5,19.5,19.5
2026-09-16,3703,19.6,565647,19.6,19.6,19.6
2026-09-17,3703,19.95,847722,19.95,19.95,19.95
2026-09-18,3703,20.05,1574191,20.05,20.05,20.05
2026-09-21,3703,19.8,797510,19.8,19.8,19.8
2026-09-22,3703,19.75,569154,19.75,19.75,19.75
2026-09-23,3703,19.9,665137,19.9,19.9,19.9
2026-09-24,3703,19.75,431649,19.75,19.75,19.75
2026-09-29,3703,19.5,1119772,19.5,19.5,19.5
2026-09-30,3703,19.6,690262,19.6,19.6,19.6
2026-10-01,3703,19.55,308715,19.55,19.55,19.55
2026-10-02,3703,19.55,436814,19.55,19.55,19.55
2026-10-05,3703,19.4,927441,19.4,19.4,19.4
2026-09-07,3704,39.7,1402668,39.7,39.7,39.7
2026-09-08,3704,38.9,1557833,38.9,38.9,38.9
2026-09-09,3704,39.4,569510,39.4,39.4,39.4
2026-09-10,3704,39.4,667187,39.4,39.4,39.4
2026-09-11,3704,40.5,3177682,40.5,40.5,40.5
2026-09-14,3704,41.2,3075562,41.2,41.2,41.2
2026-09-15,3704,39.8,10631775,39.8,39.8,39.8
2026-09-16,3704,40.15,2536945,40.15,40.15,40.15
2026-09-17,3704,40.3,3611889,40.3,40.3,40.3
2026-09-18,3704,41.15,2036622,41.15,41.15,41.15
2026-09-21,3704,42.15,3288841,42.15,42.15,42.15
2026-09-22,3704,41.3,5363474,41.3,41.3,41.3
2026-09-23,3704,40.3,1884275,40.3,40.3,40.3
2026-09-24,3704,40.5,1010185,40.5,40.5,40.5
2026-09-29,3704,40.25,1130753,40.25,40.25,40.25
2026-09-30,3704,40.5,926509,40.5,40.5,40.5
2026-10-01,3704,40.05,1609432,40.05,40.05,40.05
2026-10-02,3704,40.55,829142,40.55,40.55,40.55
2026-10-05,3704,40.05,1348470,40.05,40.05,40.05
2026-09-07,3705,56.4,367256,56.4,56.4,56.4
2026-09-08,3705,56.1,301995,56.1,56.1,56.1
2026-09-09,3705,56.3,174730,56.3,56.3,56.3
2026-09-10,3705,56.0,244869,56.0,56.0,56.0
2026-09-11,3705,55.8,80040,55.8,55.8,55.8
2026-09-14,3705,55.7,102879,55.7,55.7,55.7
2026-09-15,3705,56.0,208172,56.0,56.0,56.0
2026-09-16,3705,56.0,146549,56.0,56.0,56.0
2026-09-17,3705,56.6,157650,56.6,56.6,56.6
2026-09-18,3705,57.4,419136,57.4,57.4,57.4
2026-09-21,3705,56.6,170180,56.6,56.6,56.6
2026-09-22,3705,56.7,226489,56.7,56.7,56.7
2026-09-23,3705,56.2,168014,56.2,56.2,56.2
2026-09-24,3705,56.0,164289,56.0,56.0,56.0
2026-09-29,3705,55.9,125154,55.9,55.9,55.9
2026-09-30,3705,56.7,167862,56.7,56.7,56.7
2026-10-01,3705,56.7,75603,56.7,56.7,56.7
2026-10-02,3705,56.3,159794,56.3,56.3,56.3
2026-10-05,3705,56.6,184491,56.6,56.6,56.6
2026-09-07,3706,92.6,9948246,92.6,92.6,92.6
2026-09-08,3706,91.3,16006347,91.3,91.3,91.3
2026-09-09,3706,81.8,17193671,81.8,81.8,81.8
2026-09-10,3706,82.0,6332473,82.0,82.0,82.0
2026-09-11,3706,80.1,11525024,80.1,80.1,80.1
2026-09-14,3706,78.7,8681870,78.7,78.7,78.7
2026-09-15,3706,77.6,7205968,77.6,77.6,77.6
2026-09-16,3706,79.0,4322540,79.0,79.0,79.0
2026-09-17,3706,80.5,7653188,80.5,80.5,80.5
2026-09-18,3706,80.5,5873344,80.5,80.5,80.5
2026-09-21,3706,79.8,4521331,79.8,79.8,79.8
2026-09-22,3706,79.3,5535851,79.3,79.3,79.3
2026-09-23,3706,78.6,5865862,78.6,78.6,78.6
2026-09-24,3706,78.5,4005111,78.5,78.5,78.5
2026-09-29,3706,78.9,2938741,78.9,78.9,78.9
2026-09-30,3706,79.3,3956421,79.3,79.3,79.3
2026-10-01,3706,82.1,12817231,82.1,82.1,82.1
2026-10-02,3706,81.3,6734700,81.3,81.3,81.3
2026-10-05,3706,80.4,6496770,80.4,80.4,80.4
2026-09-07,3708,99.6,436707,99.6,99.6,99.6
2026-09-08,3708,99.6,324742,99.6,99.6,99.6
2026-09-09,3708,99.1,462085,99.1,99.1,99.1
2026-09-10,3708,98.2,631744,98.2,98.2,98.2
2026-09-11,3708,95.7,492780,95.7,95.7,95.7
2026-09-14,3708,96.9,484774,96.9,96.9,96.9
2026-09-15,3708,95.4,237684,95.4,95.4,95.4
2026-09-16,3708,93.5,569232,93.5,93.5,93.5
2026-09-17,3708,96.5,707669,96.5,96.5,96.5
2026-09-18,3708,96.7,1258423,96.7,96.7,96.7
2026-09-21,3708,99.7,518273,99.7,99.7,99.7
2026-09-22,3708,98.6,466591,98.6,98.6,98.6
2026-09-23,3708,97.5,288451,97.5,97.5,97.5
2026-09-24,3708,99.7,258069,99.7,99.7,99.7
2026-09-29,3708,97.6,306892,97.6,97.6,97.6
2026-09-30,3708,98.9,282790,98.9,98.9,98.9
2026-10-01,3708,98.9,306248,98.9,98.9,98.9
2026-10-02,3708,99.3,284449,99.3,99.3,99.3
2026-10-05,3708,96.3,527564,96.3,96.3,96.3
2026-09-07,3711,621.0,27604665,621.0,621.0,621.0
2026-09-08,3711,618.0,13336567,618.0,618.0,618.0
2026-09-09,3711,640.0,22954710,640.0,640.0,640.0
2026-09-10,3711,650.0,17451304,650.0,650.0,650.0
2026-09-11,3711,618.0,22695774,618.0,618.0,618.0
2026-09-14,3711,612.0,9475938,612.0,612.0,612.0
2026-09-15,3711,592.0,14790324,592.0,592.0,592.0
2026-09-16,3711,605.0,9509979,605.0,605.0,605.0
2026-09-17,3711,614.0,11193901,614.0,614.0,614.0
2026-09-18,3711,638.0,27928565,638.0,638.0,638.0
2026-09-21,3711,663.0,17093063,663.0,663.0,663.0
2026-09-22,3711,693.0,24987417,693.0,693.0,693.0
2026-09-23,3711,693.0,15367865,693.0,693.0,693.0
2026-09-24,3711,699.0,10964118,699.0,699.0,699.0
2026-09-29,3711,687.0,14276948,687.0,687.0,687.0
2026-09-30,3711,703.0,14687120,703.0,703.0,703.0
2026-10-01,3711,710.0,8885905,710.0,710.0,710.0
2026-10-02,3711,713.0,12603412,713.0,713.0,713.0
2026-10-05,3711,742.0,17970212,742.0,742.0,742.0
2026-09-07,3712,20.65,553160,20.65,20.65,20.65
2026-09-08,3712,20.65,429005,20.65,20.65,20.65
2026-09-09,3712,20.75,153954,20.75,20.75,20.75
2026-09-10,3712,21.2,379649,21.2,21.2,21.2
2026-09-11,3712,20.7,521490,20.7,20.7,20.7
2026-09-14,3712,20.6,382381,20.6,20.6,20.6
2026-09-15,3712,20.55,684780,20.55,20.55,20.55
2026-09-16,3712,20.6,210116,20.6,20.6,20.6
2026-09-17,3712,20.75,778608,20.75,20.75,20.75
2026-09-18,3712,20.6,455691,20.6,20.6,20.6
2026-09-21,3712,21.05,939277,21.05,21.05,21.05
2026-09-22,3712,20.75,324228,20.75,20.75,20.75
2026-09-23,3712,20.65,453062,20.65,20.65,20.65
2026-09-24,3712,20.7,156631,20.7,20.7,20.7
2026-09-29,3712,20.65,426421,20.65,20.65,20.65
2026-09-30,3712,20.65,663198,20.65,20.65,20.65
2026-10-01,3712,20.65,358923,20.65,20.65,20.65
2026-10-02,3712,20.6,338517,20.6,20.6,20.6
2026-10-05,3712,20.6,484994,20.6,20.6,20.6
2026-09-07,3714,67.2,26485957,67.2,67.2,67.2
2026-09-08,3714,64.9,11427655,64.9,64.9,64.9
2026-09-09,3714,63.7,14622469,63.7,63.7,63.7
2026-09-10,3714,62.0,5708987,62.0,62.0,62.0
2026-09-11,3714,61.7,6784296,61.7,61.7,61.7
2026-09-14,3714,61.5,4988883,61.5,61.5,61.5
2026-09-15,3714,60.1,3640157,60.1,60.1,60.1
2026-09-16,3714,64.3,10803088,64.3,64.3,64.3
2026-09-17,3714,65.5,17654106,65.5,65.5,65.5
2026-09-18,3714,67.4,18867951,67.4,67.4,67.4
2026-09-21,3714,68.8,26800907,68.8,68.8,68.8
2026-09-22,3714,68.9,44868856,68.9,68.9,68.9
2026-09-23,3714,67.5,12388269,67.5,67.5,67.5
2026-09-24,3714,67.6,8698127,67.6,67.6,67.6
2026-09-29,3714,68.1,7402683,68.1,68.1,68.1
2026-09-30,3714,69.9,21400350,69.9,69.9,69.9
2026-10-01,3714,68.8,10454787,68.8,68.8,68.8
2026-10-02,3714,70.8,23714073,70.8,70.8,70.8
2026-10-05,3714,68.2,21371294,68.2,68.2,68.2
2026-09-07,3715,119.5,3273965,119.5,119.5,119.5
2026-09-08,3715,126.5,12850292,126.5,126.5,126.5
2026-09-09,3715,135.0,16952441,135.0,135.0,135.0
2026-09-10,3715,127.0,9421993,127.0,127.0,127.0
2026-09-11,3715,123.0,3109049,123.0,123.0,123.0
2026-09-14,3715,120.5,2749798,120.5,120.5,120.5
2026-09-15,3715,119.5,3599210,119.5,119.5,119.5
2026-09-16,3715,123.5,2451847,123.5,123.5,123.5
2026-09-17,3715,118.5,4150799,118.5,118.5,118.5
2026-09-18,3715,118.5,3411215,118.5,118.5,118.5
2026-09-21,3715,118.5,2328106,118.5,118.5,118.5
2026-09-22,3715,128.5,16190129,128.5,128.5,128.5
2026-09-23,3715,125.5,8889927,125.5,125.5,125.5
2026-09-24,3715,123.0,3124677,123.0,123.0,123.0
2026-09-29,3715,124.5,2792958,124.5,124.5,124.5
2026-09-30,3715,126.5,4275577,126.5,126.5,126.5
2026-10-01,3715,129.0,4697705,129.0,129.0,129.0
2026-10-02,3715,129.5,5708720,129.5,129.5,129.5
2026-10-05,3715,133.0,13025997,133.0,133.0,133.0
2026-09-07,3716,33.9,289620,33.9,33.9,33.9
2026-09-08,3716,34.0,179928,34.0,34.0,34.0
2026-09-09,3716,34.1,210682,34.1,34.1,34.1
2026-09-10,3716,33.95,122487,33.95,33.95,33.95
2026-09-11,3716,33.85,294202,33.85,33.85,33.85
2026-09-14,3716,33.85,126238,33.85,33.85,33.85
2026-09-15,3716,33.7,220294,33.7,33.7,33.7
2026-09-16,3716,33.7,189509,33.7,33.7,33.7
2026-09-17,3716,33.95,331108,33.95,33.95,33.95
2026-09-18,3716,33.5,2721173,33.5,33.5,33.5
2026-09-21,3716,34.15,197705,34.15,34.15,34.15
2026-09-22,3716,33.85,151542,33.85,33.85,33.85
2026-09-23,3716,33.95,98553,33.95,33.95,33.95
2026-09-24,3716,33.95,95053,33.95,33.95,33.95
2026-09-29,3716,33.9,134468,33.9,33.9,33.9
2026-09-30,3716,34.25,252547,34.25,34.25,34.25
2026-10-01,3716,34.0,156287,34.0,34.0,34.0
2026-10-02,3716,33.9,121165,33.9,33.9,33.9
2026-10-05,3716,33.7,320623,33.7,33.7,33.7
2026-09-07,3717,21.85,2038372,21.85,21.85,21.85
2026-09-08,3717,21.4,1473154,21.4,21.4,21.4
2026-09-09,3717,21.75,1183682,21.75,21.75,21.75
2026-09-10,3717,21.45,941489,21.45,21.45,21.45
2026-09-11,3717,21.05,758063,21.05,21.05,21.05
2026-09-14,3717,21.1,580182,21.1,21.1,21.1
2026-09-15,3717,21.0,470577,21.0,21.0,21.0
2026-09-16,3717,21.95,803152,21.95,21.95,21.95
2026-09-17,3717,22.9,3951914,22.9,22.9,22.9
2026-09-18,3717,25.1,16980049,25.1,25.1,25.1
2026-09-21,3717,24.9,20510332,24.9,24.9,24.9
2026-09-22,3717,25.25,8764718,25.25,25.25,25.25
2026-09-23,3717,26.05,30360262,26.05,26.05,26.05
2026-09-24,3717,25.35,13381856,25.35,25.35,25.35
2026-09-29,3717,27.85,17004945,27.85,27.85,27.85
2026-09-30,3717,27.7,31519820,27.7,27.7,27.7
2026-10-01,3717,27.35,8871822,27.35,27.35,27.35
2026-10-02,3717,26.45,9385198,26.45,26.45,26.45
2026-10-05,3717,27.75,16061762,27.75,27.75,27.75
2026-09-07,4104,71.2,106508,71.2,71.2,71.2
2026-09-08,4104,71.1,76342,71.1,71.1,71.1
2026-09-09,4104,71.0,67344,71.0,71.0,71.0
2026-09-10,4104,72.8,698714,72.8,72.8,72.8
2026-09-11,4104,72.6,203411,72.6,72.6,72.6
2026-09-14,4104,72.1,138144,72.1,72.1,72.1
2026-09-15,4104,71.7,115452,71.7,71.7,71.7
2026-09-16,4104,71.9,90605,71.9,71.9,71.9
2026-09-17,4104,72.2,162201,72.2,72.2,72.2
2026-09-18,4104,72.7,128646,72.7,72.7,72.7
2026-09-21,4104,72.2,124068,72.2,72.2,72.2
2026-09-22,4104,72.2,144184,72.2,72.2,72.2
2026-09-23,4104,72.2,88410,72.2,72.2,72.2
2026-09-24,4104,71.9,71688,71.9,71.9,71.9
2026-09-29,4104,72.1,135872,72.1,72.1,72.1
2026-09-30,4104,72.7,149094,72.7,72.7,72.7
2026-10-01,4104,72.7,80457,72.7,72.7,72.7
2026-10-02,4104,72.9,89504,72.9,72.9,72.9
2026-10-05,4104,71.9,155608,71.9,71.9,71.9
2026-09-07,4106,24.45,79273,24.45,24.45,24.45
2026-09-08,4106,24.5,105217,24.5,24.5,24.5
2026-09-09,4106,24.4,242473,24.4,24.4,24.4
2026-09-10,4106,24.4,187564,24.4,24.4,24.4
2026-09-11,4106,24.35,117335,24.35,24.35,24.35
2026-09-14,4106,24.4,67955,24.4,24.4,24.4
2026-09-15,4106,24.4,47869,24.4,24.4,24.4
2026-09-16,4106,24.4,99352,24.4,24.4,24.4
2026-09-17,4106,24.4,151403,24.4,24.4,24.4
2026-09-18,4106,24.55,81492,24.55,24.55,24.55
2026-09-21,4106,24.55,36471,24.55,24.55,24.55
2026-09-22,4106,24.35,79004,24.35,24.35,24.35
2026-09-23,4106,24.35,48076,24.35,24.35,24.35
2026-09-24,4106,24.2,115987,24.2,24.2,24.2
2026-09-29,4106,24.25,46364,24.25,24.25,24.25
2026-09-30,4106,24.35,86882,24.35,24.35,24.35
2026-10-01,4106,24.1,155555,24.1,24.1,24.1
2026-10-02,4106,24.15,208404,24.15,24.15,24.15
2026-10-05,4106,24.15,105114,24.15,24.15,24.15
2026-09-07,4108,11.4,120355,11.4,11.4,11.4
2026-09-08,4108,11.2,134299,11.2,11.2,11.2
2026-09-09,4108,11.3,98783,11.3,11.3,11.3
2026-09-10,4108,11.3,115785,11.3,11.3,11.3
2026-09-11,4108,11.1,505349,11.1,11.1,11.1
2026-09-14,4108,11.4,355630,11.4,11.4,11.4
2026-09-15,4108,11.3,228173,11.3,11.3,11.3
2026-09-16,4108,11.3,89978,11.3,11.3,11.3
2026-09-17,4108,11.45,95847,11.45,11.45,11.45
2026-09-18,4108,11.35,119919,11.35,11.35,11.35
2026-09-21,4108,11.3,131618,11.3,11.3,11.3
2026-09-22,4108,11.45,233328,11.45,11.45,11.45
2026-09-23,4108,11.65,262366,11.65,11.65,11.65
2026-09-24,4108,11.45,136576,11.45,11.45,11.45
2026-09-29,4108,11.35,133476,11.35,11.35,11.35
2026-09-30,4108,11.5,171221,11.5,11.5,11.5
2026-10-01,4108,11.5,50723,11.5,11.5,11.5
2026-10-02,4108,11.35,149998,11.35,11.35,11.35
2026-10-05,4108,11.3,89166,11.3,11.3,11.3
2026-09-07,4119,54.6,130803,54.6,54.6,54.6
2026-09-08,4119,53.8,281897,53.8,53.8,53.8
2026-09-09,4119,57.7,708584,57.7,57.7,57.7
2026-09-10,4119,57.9,220958,57.9,57.9,57.9
2026-09-11,4119,58.3,349598,58.3,58.3,58.3
2026-09-14,4119,58.0,163842,58.0,58.0,58.0
2026-09-15,4119,59.6,318971,59.6,59.6,59.6
2026-09-16,4119,59.7,188754,59.7,59.7,59.7
2026-09-17,4119,59.2,264628,59.2,59.2,59.2
2026-09-18,4119,58.2,183954,58.2,58.2,58.2
2026-09-21,4119,57.3,106674,57.3,57.3,57.3
2026-09-22,4119,57.4,64260,57.4,57.4,57.4
2026-09-23,4119,56.8,107408,56.8,56.8,56.8
2026-09-24,4119,56.7,105787,56.7,56.7,56.7
2026-09-29,4119,55.4,112376,55.4,55.4,55.4
2026-09-30,4119,55.5,107841,55.5,55.5,55.5
2026-10-01,4119,55.7,65763,55.7,55.7,55.7
2026-10-02,4119,55.6,71383,55.6,55.6,55.6
2026-10-05,4119,54.3,102369,54.3,54.3,54.3
2026-09-07,4133,20.5,51083,20.5,20.5,20.5
2026-09-08,4133,20.3,96061,20.3,20.3,20.3
2026-09-09,4133,20.35,59921,20.35,20.35,20.35
2026-09-10,4133,20.3,21178,20.3,20.3,20.3
2026-09-11,4133,20.25,45888,20.25,20.25,20.25
2026-09-14,4133,20.2,29712,20.2,20.2,20.2
2026-09-15,4133,20.2,29332,20.2,20.2,20.2
2026-09-16,4133,20.2,31322,20.2,20.2,20.2
2026-09-17,4133,20.4,100097,20.4,20.4,20.4
2026-09-18,4133,20.65,116839,20.65,20.65,20.65
2026-09-21,4133,20.55,36678,20.55,20.55,20.55
2026-09-22,4133,20.6,39198,20.6,20.6,20.6
2026-09-23,4133,20.55,26240,20.55,20.55,20.55
2026-09-24,4133,20.35,54875,20.35,20.35,20.35
2026-09-29,4133,20.45,46762,20.45,20.45,20.45
2026-09-30,4133,20.65,35808,20.65,20.65,20.65
2026-10-01,4133,20.65,30488,20.65,20.65,20.65
2026-10-02,4133,20.45,53404,20.45,20.45,20.45
2026-10-05,4133,20.3,91605,20.3,20.3,20.3
2026-09-07,4137,78.1,292700,78.1,78.1,78.1
2026-09-08,4137,77.1,227060,77.1,77.1,77.1
2026-09-09,4137,77.0,460926,77.0,77.0,77.0
2026-09-10,4137,76.3,194103,76.3,76.3,76.3
2026-09-11,4137,75.2,158938,75.2,75.2,75.2
2026-09-14,4137,76.3,236757,76.3,76.3,76.3
2026-09-15,4137,76.6,170363,76.6,76.6,76.6
2026-09-16,4137,76.8,183884,76.8,76.8,76.8
2026-09-17,4137,77.0,95396,77.0,77.0,77.0
2026-09-18,4137,78.8,195613,78.8,78.8,78.8
2026-09-21,4137,77.7,148126,77.7,77.7,77.7
2026-09-22,4137,78.8,121222,78.8,78.8,78.8
2026-09-23,4137,77.6,81770,77.6,77.6,77.6
2026-09-24,4137,76.2,119730,76.2,76.2,76.2
2026-09-29,4137,76.5,76356,76.5,76.5,76.5
2026-09-30,4137,77.3,71880,77.3,77.3,77.3
2026-10-01,4137,76.3,96735,76.3,76.3,76.3
2026-10-02,4137,75.8,126153,75.8,75.8,75.8
2026-10-05,4137,75.8,66679,75.8,75.8,75.8
2026-09-07,4142,17.7,891496,17.7,17.7,17.7
2026-09-08,4142,17.55,653045,17.55,17.55,17.55
2026-09-09,4142,17.75,441243,17.75,17.75,17.75
2026-09-10,4142,17.5,496151,17.5,17.5,17.5
2026-09-11,4142,17.2,777192,17.2,17.2,17.2
2026-09-14,4142,17.2,498289,17.2,17.2,17.2
2026-09-15,4142,17.2,668255,17.2,17.2,17.2
2026-09-16,4142,17.25,314081,17.25,17.25,17.25
2026-09-17,4142,17.75,1167549,17.75,17.75,17.75
2026-09-18,4142,17.8,810993,17.8,17.8,17.8
2026-09-21,4142,17.7,359673,17.7,17.7,17.7
2026-09-22,4142,17.85,730682,17.85,17.85,17.85
2026-09-23,4142,17.85,460065,17.85,17.85,17.85
2026-09-24,4142,17.9,727893,17.9,17.9,17.9
2026-09-29,4142,18.1,1093940,18.1,18.1,18.1
2026-09-30,4142,18.25,1460885,18.25,18.25,18.25
2026-10-01,4142,18.1,554793,18.1,18.1,18.1
2026-10-02,4142,18.0,581065,18.0,18.0,18.0
2026-10-05,4142,17.9,620169,17.9,17.9,17.9
2026-09-07,4148,31.65,26287,31.65,31.65,31.65
2026-09-08,4148,31.1,10729,31.1,31.1,31.1
2026-09-09,4148,31.15,15000,31.15,31.15,31.15
2026-09-10,4148,32.4,363317,32.4,32.4,32.4
2026-09-11,4148,33.8,141786,33.8,33.8,33.8
2026-09-14,4148,34.5,165621,34.5,34.5,34.5
2026-09-15,4148,33.55,77786,33.55,33.55,33.55
2026-09-16,4148,32.9,49707,32.9,32.9,32.9
2026-09-17,4148,32.5,94001,32.5,32.5,32.5
2026-09-18,4148,33.2,16389,33.2,33.2,33.2
2026-09-21,4148,32.75,38503,32.75,32.75,32.75
2026-09-22,4148,32.15,33884,32.15,32.15,32.15
2026-09-23,4148,32.4,26697,32.4,32.4,32.4
2026-09-24,4148,32.4,28883,32.4,32.4,32.4
2026-09-29,4148,31.95,58415,31.95,31.95,31.95
2026-09-30,4148,32.0,12150,32.0,32.0,32.0
2026-10-01,4148,31.8,25747,31.8,31.8,31.8
2026-10-02,4148,31.5,45439,31.5,31.5,31.5
2026-10-05,4148,31.75,97404,31.75,31.75,31.75
2026-09-07,4155,14.3,228723,14.3,14.3,14.3
2026-09-08,4155,14.15,80397,14.15,14.15,14.15
2026-09-09,4155,14.1,208712,14.1,14.1,14.1
2026-09-10,4155,14.8,1104466,14.8,14.8,14.8
2026-09-11,4155,15.15,351331,15.15,15.15,15.15
2026-09-14,4155,14.7,380964,14.7,14.7,14.7
2026-09-15,4155,14.7,72600,14.7,14.7,14.7
2026-09-16,4155,14.85,135914,14.85,14.85,14.85
2026-09-17,4155,14.85,154314,14.85,14.85,14.85
2026-09-18,4155,15.15,352705,15.15,15.15,15.15
2026-09-21,4155,14.9,153830,14.9,14.9,14.9
2026-09-22,4155,14.85,181250,14.85,14.85,14.85
2026-09-23,4155,14.7,309429,14.7,14.7,14.7
2026-09-24,4155,14.85,182427,14.85,14.85,14.85
2026-09-29,4155,14.6,150826,14.6,14.6,14.6
2026-09-30,4155,14.65,165507,14.65,14.65,14.65
2026-10-01,4155,14.85,274351,14.85,14.85,14.85
2026-10-02,4155,14.85,109748,14.85,14.85,14.85
2026-10-05,4155,14.75,199363,14.75,14.75,14.75
2026-09-07,4164,25.9,322134,25.9,25.9,25.9
2026-09-08,4164,25.8,166514,25.8,25.8,25.8
2026-09-09,4164,25.75,201881,25.75,25.75,25.75
2026-09-10,4164,25.2,467671,25.2,25.2,25.2
2026-09-11,4164,25.5,272445,25.5,25.5,25.5
2026-09-14,4164,25.35,297030,25.35,25.35,25.35
2026-09-15,4164,25.4,316644,25.4,25.4,25.4
2026-09-16,4164,25.4,270151,25.4,25.4,25.4
2026-09-17,4164,25.8,888175,25.8,25.8,25.8
2026-09-18,4164,26.05,486493,26.05,26.05,26.05
2026-09-21,4164,26.25,297247,26.25,26.25,26.25
2026-09-22,4164,26.5,416927,26.5,26.5,26.5
2026-09-23,4164,27.15,559959,27.15,27.15,27.15
2026-09-24,4164,26.4,627427,26.4,26.4,26.4
2026-09-29,4164,26.9,541103,26.9,26.9,26.9
2026-09-30,4164,27.35,266148,27.35,27.35,27.35
2026-10-01,4164,27.1,355144,27.1,27.1,27.1
2026-10-02,4164,27.0,204579,27.0,27.0,27.0
2026-10-05,4164,26.95,466766,26.95,26.95,26.95
2026-09-07,4169,150.5,213751,150.5,150.5,150.5
2026-09-08,4169,149.0,120659,149.0,149.0,149.0
2026-09-09,4169,149.5,74176,149.5,149.5,149.5
2026-09-10,4169,147.0,193312,147.0,147.0,147.0
2026-09-11,4169,145.0,134666,145.0,145.0,145.0
2026-09-14,4169,142.5,157363,142.5,142.5,142.5
2026-09-15,4169,143.0,86980,143.0,143.0,143.0
2026-09-16,4169,150.0,123244,150.0,150.0,150.0
2026-09-17,4169,147.0,106324,147.0,147.0,147.0
2026-09-18,4169,158.0,132422,158.0,158.0,158.0
2026-09-21,4169,152.0,95466,152.0,152.0,152.0
2026-09-22,4169,150.0,81837,150.0,150.0,150.0
2026-09-23,4169,150.5,38009,150.5,150.5,150.5
2026-09-24,4169,148.5,74543,148.5,148.5,148.5
2026-09-29,4169,148.5,65399,148.5,148.5,148.5
2026-09-30,4169,152.0,104867,152.0,152.0,152.0
2026-10-01,4169,151.0,55654,151.0,151.0,151.0
2026-10-02,4169,151.5,39360,151.5,151.5,151.5
2026-10-05,4169,149.0,138022,149.0,149.0,149.0
2026-09-07,4178,17.0,36100,17.0,17.0,17.0
2026-09-08,4178,16.85,65393,16.85,16.85,16.85
2026-09-09,4178,16.85,95000,16.85,16.85,16.85
2026-09-10,4178,16.8,116001,16.8,16.8,16.8
2026-09-11,4178,16.5,132145,16.5,16.5,16.5
2026-09-14,4178,16.65,46002,16.65,16.65,16.65
2026-09-15,4178,16.45,151071,16.45,16.45,16.45
2026-09-16,4178,16.7,83172,16.7,16.7,16.7
2026-09-17,4178,16.6,86387,16.6,16.6,16.6
2026-09-18,4178,17.0,178055,17.0,17.0,17.0
2026-09-21,4178,16.8,63660,16.8,16.8,16.8
2026-09-22,4178,16.6,23010,16.6,16.6,16.6
2026-09-23,4178,16.6,71370,16.6,16.6,16.6
2026-09-24,4178,16.5,39544,16.5,16.5,16.5
2026-09-29,4178,16.55,90603,16.55,16.55,16.55
2026-09-30,4178,16.7,88100,16.7,16.7,16.7
2026-10-01,4178,18.35,913402,18.35,18.35,18.35
2026-10-02,4178,18.0,466489,18.0,18.0,18.0
2026-10-05,4178,17.65,158705,17.65,17.65,17.65
2026-09-07,4190,26.0,8938,26.0,26.0,26.0
2026-09-08,4190,26.0,5943,26.0,26.0,26.0
2026-09-09,4190,26.0,3011,26.0,26.0,26.0
2026-09-10,4190,25.95,3629,25.95,25.95,25.95
2026-09-11,4190,25.85,12735,25.85,25.85,25.85
2026-09-14,4190,25.9,32424,25.9,25.9,25.9
2026-09-15,4190,25.4,3631,25.4,25.4,25.4
2026-09-16,4190,25.6,13130,25.6,25.6,25.6
2026-09-17,4190,25.7,25764,25.7,25.7,25.7
2026-09-18,4190,25.3,31246,25.3,25.3,25.3
2026-09-21,4190,25.2,15235,25.2,25.2,25.2
2026-09-22,4190,25.2,17824,25.2,25.2,25.2
2026-09-23,4190,25.0,34835,25.0,25.0,25.0
2026-09-24,4190,25.05,18363,25.05,25.05,25.05
2026-09-29,4190,25.05,6232,25.05,25.05,25.05
2026-09-30,4190,24.95,11798,24.95,24.95,24.95
2026-10-01,4190,25.0,10274,25.0,25.0,25.0
2026-10-02,4190,24.3,42789,24.3,24.3,24.3
2026-10-05,4190,24.3,13061,24.3,24.3,24.3
2026-09-07,4195,13.75,85401,13.75,13.75,13.75
2026-09-08,4195,13.8,95929,13.8,13.8,13.8
2026-09-09,4195,13.95,83924,13.95,13.95,13.95
2026-09-10,4195,14.2,117841,14.2,14.2,14.2
2026-09-11,4195,13.6,73316,13.6,13.6,13.6
2026-09-14,4195,13.45,57667,13.45,13.45,13.45
2026-09-15,4195,13.3,53892,13.3,13.3,13.3
2026-09-16,4195,13.3,158357,13.3,13.3,13.3
2026-09-17,4195,13.15,68396,13.15,13.15,13.15
2026-09-18,4195,13.15,56516,13.15,13.15,13.15
2026-09-21,4195,13.0,55015,13.0,13.0,13.0
2026-09-22,4195,12.9,210950,12.9,12.9,12.9
2026-09-23,4195,13.1,133968,13.1,13.1,13.1
2026-09-24,4195,14.4,278278,14.4,14.4,14.4
2026-09-29,4195,15.8,816104,15.8,15.8,15.8
2026-09-30,4195,16.1,802116,16.1,16.1,16.1
2026-10-01,4195,15.7,174365,15.7,15.7,15.7
2026-10-02,4195,15.9,167738,15.9,15.9,15.9
2026-10-05,4195,15.55,218886,15.55,15.55,15.55
2026-09-07,4306,15.0,1319762,15.0,15.0,15.0
2026-09-08,4306,15.1,930151,15.1,15.1,15.1
2026-09-09,4306,15.2,690936,15.2,15.2,15.2
2026-09-10,4306,14.9,1517777,14.9,14.9,14.9
2026-09-11,4306,14.7,1648901,14.7,14.7,14.7
2026-09-14,4306,14.65,729845,14.65,14.65,14.65
2026-09-15,4306,14.4,720958,14.4,14.4,14.4
2026-09-16,4306,14.4,338998,14.4,14.4,14.4
2026-09-17,4306,14.6,1750550,14.6,14.6,14.6
2026-09-18,4306,14.8,921233,14.8,14.8,14.8
2026-09-21,4306,14.65,463855,14.65,14.65,14.65
2026-09-22,4306,14.6,636299,14.6,14.6,14.6
2026-09-23,4306,14.6,401288,14.6,14.6,14.6
2026-09-24,4306,14.5,755148,14.5,14.5,14.5
2026-09-29,4306,14.65,863069,14.65,14.65,14.65
2026-09-30,4306,14.7,707952,14.7,14.7,14.7
2026-10-01,4306,14.45,1003498,14.45,14.45,14.45
2026-10-02,4306,14.45,925985,14.45,14.45,14.45
2026-10-05,4306,14.3,841576,14.3,14.3,14.3
2026-09-07,4414,8.07,363224,8.07,8.07,8.07
2026-09-08,4414,8.16,96522,8.16,8.16,8.16
2026-09-09,4414,8.18,91373,8.18,8.18,8.18
2026-09-10,4414,8.18,74669,8.18,8.18,8.18
2026-09-11,4414,8.1,158634,8.1,8.1,8.1
2026-09-14,4414,8.09,114149,8.09,8.09,8.09
2026-09-15,4414,8.1,56853,8.1,8.1,8.1
2026-09-16,4414,8.29,119756,8.29,8.29,8.29
2026-09-17,4414,8.3,176822,8.3,8.3,8.3
2026-09-18,4414,8.31,129700,8.31,8.31,8.31
2026-09-21,4414,8.25,113454,8.25,8.25,8.25
2026-09-22,4414,8.25,40163,8.25,8.25,8.25
2026-09-23,4414,8.34,87678,8.34,8.34,8.34
2026-09-24,4414,8.21,140132,8.21,8.21,8.21
2026-09-29,4414,8.11,139371,8.11,8.11,8.11
2026-09-30,4414,8.14,272697,8.14,8.14,8.14
2026-10-01,4414,8.11,146069,8.11,8.11,8.11
2026-10-02,4414,8.1,89062,8.1,8.1,8.1
2026-10-05,4414,8.09,146937,8.09,8.09,8.09
2026-09-07,4426,7.59,50140,7.59,7.59,7.59
2026-09-08,4426,7.55,84686,7.55,7.55,7.55
2026-09-09,4426,7.56,46532,7.56,7.56,7.56
2026-09-10,4426,7.68,39150,7.68,7.68,7.68
2026-09-11,4426,7.65,89175,7.65,7.65,7.65
2026-09-14,4426,7.56,50156,7.56,7.56,7.56
2026-09-15,4426,7.47,109179,7.47,7.47,7.47
2026-09-16,4426,7.5,43839,7.5,7.5,7.5
2026-09-17,4426,7.56,116115,7.56,7.56,7.56
2026-09-18,4426,7.63,76600,7.63,7.63,7.63
2026-09-21,4426,7.59,33862,7.59,7.59,7.59
2026-09-22,4426,7.81,235432,7.81,7.81,7.81
2026-09-23,4426,7.78,90519,7.78,7.78,7.78
2026-09-24,4426,7.76,29493,7.76,7.76,7.76
2026-09-29,4426,7.61,81280,7.61,7.61,7.61
2026-09-30,4426,7.61,45126,7.61,7.61,7.61
2026-10-01,4426,7.66,70001,7.66,7.66,7.66
2026-10-02,4426,7.57,145035,7.57,7.57,7.57
2026-10-05,4426,7.53,69622,7.53,7.53,7.53
2026-09-07,4438,57.9,99955,57.9,57.9,57.9
2026-09-08,4438,57.6,121495,57.6,57.6,57.6
2026-09-09,4438,58.0,65911,58.0,58.0,58.0
2026-09-10,4438,57.8,89407,57.8,57.8,57.8
2026-09-11,4438,58.0,62136,58.0,58.0,58.0
2026-09-14,4438,56.7,65892,56.7,56.7,56.7
2026-09-15,4438,56.3,53313,56.3,56.3,56.3
2026-09-16,4438,55.6,151862,55.6,55.6,55.6
2026-09-17,4438,56.7,73112,56.7,56.7,56.7
2026-09-18,4438,56.5,57128,56.5,56.5,56.5
2026-09-21,4438,56.3,27217,56.3,56.3,56.3
2026-09-22,4438,56.2,32287,56.2,56.2,56.2
2026-09-23,4438,56.5,28725,56.5,56.5,56.5
2026-09-24,4438,57.0,46189,57.0,57.0,57.0
2026-09-29,4438,56.7,16880,56.7,56.7,56.7
2026-09-30,4438,57.0,34204,57.0,57.0,57.0
2026-10-01,4438,57.2,26288,57.2,57.2,57.2
2026-10-02,4438,56.5,60422,56.5,56.5,56.5
2026-10-05,4438,56.4,50791,56.4,56.4,56.4
2026-09-07,4439,96.3,9704,96.3,96.3,96.3
2026-09-08,4439,96.1,17459,96.1,96.1,96.1
2026-09-09,4439,95.5,12296,95.5,95.5,95.5
2026-09-10,4439,95.3,11080,95.3,95.3,95.3
2026-09-11,4439,94.5,28605,94.5,94.5,94.5
2026-09-14,4439,93.9,9679,93.9,93.9,93.9
2026-09-15,4439,93.5,3791,93.5,93.5,93.5
2026-09-16,4439,94.7,9000,94.7,94.7,94.7
2026-09-17,4439,94.5,29234,94.5,94.5,94.5
2026-09-18,4439,93.8,8510,93.8,93.8,93.8
2026-09-21,4439,95.3,19518,95.3,95.3,95.3
2026-09-22,4439,97.5,29047,97.5,97.5,97.5
2026-09-23,4439,98.5,27474,98.5,98.5,98.5
2026-09-24,4439,96.4,16010,96.4,96.4,96.4
2026-09-29,4439,96.5,14109,96.5,96.5,96.5
2026-09-30,4439,98.4,37233,98.4,98.4,98.4
2026-10-01,4439,97.7,6015,97.7,97.7,97.7
2026-10-02,4439,95.8,10079,95.8,95.8,95.8
2026-10-05,4439,96.0,5050,96.0,96.0,96.0
2026-09-07,4440,17.7,98585,17.7,17.7,17.7
2026-09-08,4440,17.6,14784,17.6,17.6,17.6
2026-09-09,4440,17.6,13464,17.6,17.6,17.6
2026-09-10,4440,17.55,25040,17.55,17.55,17.55
2026-09-11,4440,17.6,17100,17.6,17.6,17.6
2026-09-14,4440,17.55,153058,17.55,17.55,17.55
2026-09-15,4440,17.65,30254,17.65,17.65,17.65
2026-09-16,4440,17.65,87291,17.65,17.65,17.65
2026-09-17,4440,17.6,37162,17.6,17.6,17.6
2026-09-18,4440,17.6,29072,17.6,17.6,17.6
2026-09-21,4440,17.55,25188,17.55,17.55,17.55
2026-09-22,4440,17.6,17000,17.6,17.6,17.6
2026-09-23,4440,17.5,12000,17.5,17.5,17.5
2026-09-24,4440,17.45,20000,17.45,17.45,17.45
2026-09-29,4440,17.45,27020,17.45,17.45,17.45
2026-09-30,4440,17.55,30000,17.55,17.55,17.55
2026-10-01,4440,17.55,30000,17.55,17.55,17.55
2026-10-02,4440,17.45,38517,17.45,17.45,17.45
2026-10-05,4440,17.65,74235,17.65,17.65,17.65
2026-09-07,4441,174.5,66462,174.5,174.5,174.5
2026-09-08,4441,175.0,40920,175.0,175.0,175.0
2026-09-09,4441,174.0,45783,174.0,174.0,174.0
2026-09-10,4441,173.0,49401,173.0,173.0,173.0
2026-09-11,4441,173.5,35045,173.5,173.5,173.5
2026-09-14,4441,172.5,48035,172.5,172.5,172.5
2026-09-15,4441,171.0,30680,171.0,171.0,171.0
2026-09-16,4441,171.5,42185,171.5,171.5,171.5
2026-09-17,4441,173.0,48234,173.0,173.0,173.0
2026-09-18,4441,172.0,55368,172.0,172.0,172.0
2026-09-21,4441,171.5,45513,171.5,171.5,171.5
2026-09-22,4441,170.0,121833,170.0,170.0,170.0
2026-09-23,4441,171.0,40771,171.0,171.0,171.0
2026-09-24,4441,171.0,66722,171.0,171.0,171.0
2026-09-29,4441,170.0,68339,170.0,170.0,170.0
2026-09-30,4441,171.5,83293,171.5,171.5,171.5
2026-10-01,4441,170.0,30869,170.0,170.0,170.0
2026-10-02,4441,170.0,70731,170.0,170.0,170.0
2026-10-05,4441,169.5,54855,169.5,169.5,169.5
2026-09-07,4526,32.35,5081838,32.35,32.35,32.35
2026-09-08,4526,32.15,7125604,32.15,32.15,32.15
2026-09-09,4526,31.85,2132885,31.85,31.85,31.85
2026-09-10,4526,31.4,1272057,31.4,31.4,31.4
2026-09-11,4526,30.3,1592005,30.3,30.3,30.3
2026-09-14,4526,30.1,820186,30.1,30.1,30.1
2026-09-15,4526,29.8,882665,29.8,29.8,29.8
2026-09-16,4526,30.65,911534,30.65,30.65,30.65
2026-09-17,4526,31.15,1805756,31.15,31.15,31.15
2026-09-18,4526,31.25,1449681,31.25,31.25,31.25
2026-09-21,4526,32.6,2738281,32.6,32.6,32.6
2026-09-22,4526,31.95,1609947,31.95,31.95,31.95
2026-09-23,4526,31.2,828403,31.2,31.2,31.2
2026-09-24,4526,31.75,751944,31.75,31.75,31.75
2026-09-29,4526,32.15,1230357,32.15,32.15,32.15
2026-09-30,4526,34.05,6948777,34.05,34.05,34.05
2026-10-01,4526,34.4,8738505,34.4,34.4,34.4
2026-10-02,4526,34.3,1944905,34.3,34.3,34.3
2026-10-05,4526,33.5,2005724,33.5,33.5,33.5
2026-09-07,4532,23.5,1057991,23.5,23.5,23.5
2026-09-08,4532,23.75,731282,23.75,23.75,23.75
2026-09-09,4532,23.75,914929,23.75,23.75,23.75
2026-09-10,4532,23.7,479900,23.7,23.7,23.7
2026-09-11,4532,23.45,648466,23.45,23.45,23.45
2026-09-14,4532,23.4,357951,23.4,23.4,23.4
2026-09-15,4532,23.35,308610,23.35,23.35,23.35
2026-09-16,4532,23.6,321356,23.6,23.6,23.6
2026-09-17,4532,25.0,3898371,25.0,25.0,25.0
2026-09-18,4532,24.65,1759848,24.65,24.65,24.65
2026-09-21,4532,25.15,2051271,25.15,25.15,25.15
2026-09-22,4532,25.15,1108468,25.15,25.15,25.15
2026-09-23,4532,24.9,866891,24.9,24.9,24.9
2026-09-24,4532,25.2,767760,25.2,25.2,25.2
2026-09-29,4532,25.05,535748,25.05,25.05,25.05
2026-09-30,4532,24.85,731570,24.85,24.85,24.85
2026-10-01,4532,24.8,530666,24.8,24.8,24.8
2026-10-02,4532,24.75,389250,24.75,24.75,24.75
2026-10-05,4532,24.55,769146,24.55,24.55,24.55
2026-09-07,4536,163.0,232680,163.0,163.0,163.0
2026-09-08,4536,162.5,106217,162.5,162.5,162.5
2026-09-09,4536,166.0,168023,166.0,166.0,166.0
2026-09-10,4536,164.5,57421,164.5,164.5,164.5
2026-09-11,4536,162.0,114838,162.0,162.0,162.0
2026-09-14,4536,160.5,94954,160.5,160.5,160.5
2026-09-15,4536,162.5,91920,162.5,162.5,162.5
2026-09-16,4536,164.0,62987,164.0,164.0,164.0
2026-09-17,4536,165.0,130218,165.0,165.0,165.0
2026-09-18,4536,166.0,277301,166.0,166.0,166.0
2026-09-21,4536,166.0,254891,166.0,166.0,166.0
2026-09-22,4536,165.0,184560,165.0,165.0,165.0
2026-09-23,4536,165.5,211663,165.5,165.5,165.5
2026-09-24,4536,165.0,156387,165.0,165.0,165.0
2026-09-29,4536,161.5,167097,161.5,161.5,161.5
2026-09-30,4536,161.0,248132,161.0,161.0,161.0
2026-10-01,4536,162.0,132564,162.0,162.0,162.0
2026-10-02,4536,160.5,139240,160.5,160.5,160.5
2026-10-05,4536,160.5,188536,160.5,160.5,160.5
2026-09-07,4540,59.8,2336680,59.8,59.8,59.8
2026-09-08,4540,57.7,1484966,57.7,57.7,57.7
2026-09-09,4540,57.7,1201500,57.7,57.7,57.7
2026-09-10,4540,58.0,919447,58.0,58.0,58.0
2026-09-11,4540,58.1,1194645,58.1,58.1,58.1
2026-09-14,4540,56.3,1076624,56.3,56.3,56.3
2026-09-15,4540,57.3,2223370,57.3,57.3,57.3
2026-09-16,4540,60.4,5661887,60.4,60.4,60.4
2026-09-17,4540,59.0,2342833,59.0,59.0,59.0
2026-09-18,4540,59.3,1115436,59.3,59.3,59.3
2026-09-21,4540,60.4,3708988,60.4,60.4,60.4
2026-09-22,4540,59.9,1508571,59.9,59.9,59.9
2026-09-23,4540,59.6,1005739,59.6,59.6,59.6
2026-09-24,4540,60.0,1301410,60.0,60.0,60.0
2026-09-29,4540,62.6,5084830,62.6,62.6,62.6
2026-09-30,4540,62.1,4250729,62.1,62.1,62.1
2026-10-01,4540,61.8,1519386,61.8,61.8,61.8
2026-10-02,4540,61.0,1784891,61.0,61.0,61.0
2026-10-05,4540,60.6,1541968,60.6,60.6,60.6
2026-09-07,4545,32.35,51361,32.35,32.35,32.35
2026-09-08,4545,31.65,37807,31.65,31.65,31.65
2026-09-09,4545,31.7,25003,31.7,31.7,31.7
2026-09-10,4545,31.4,50040,31.4,31.4,31.4
2026-09-11,4545,32.6,577593,32.6,32.6,32.6
2026-09-14,4545,33.35,163606,33.35,33.35,33.35
2026-09-15,4545,32.6,57541,32.6,32.6,32.6
2026-09-16,4545,32.6,69725,32.6,32.6,32.6
2026-09-17,4545,33.15,62622,33.15,33.15,33.15
2026-09-18,4545,33.5,73712,33.5,33.5,33.5
2026-09-21,4545,34.0,109627,34.0,34.0,34.0
2026-09-22,4545,33.6,75209,33.6,33.6,33.6
2026-09-23,4545,33.4,38034,33.4,33.4,33.4
2026-09-24,4545,33.1,77315,33.1,33.1,33.1
2026-09-29,4545,35.55,326852,35.55,35.55,35.55
2026-09-30,4545,39.1,931770,39.1,39.1,39.1
2026-10-01,4545,39.4,1012709,39.4,39.4,39.4
2026-10-02,4545,39.5,178194,39.5,39.5,39.5
2026-10-05,4545,39.8,537125,39.8,39.8,39.8
2026-09-07,4551,167.5,1610154,167.5,167.5,167.5
2026-09-08,4551,163.0,976163,163.0,163.0,163.0
2026-09-09,4551,168.0,1012289,168.0,168.0,168.0
2026-09-10,4551,159.0,1300492,159.0,159.0,159.0
2026-09-11,4551,157.0,486821,157.0,157.0,157.0
2026-09-14,4551,156.0,354381,156.0,156.0,156.0
2026-09-15,4551,153.5,269290,153.5,153.5,153.5
2026-09-16,4551,155.5,277554,155.5,155.5,155.5
2026-09-17,4551,158.0,467163,158.0,158.0,158.0
2026-09-18,4551,159.5,293118,159.5,159.5,159.5
2026-09-21,4551,158.0,288575,158.0,158.0,158.0
2026-09-22,4551,157.0,649650,157.0,157.0,157.0
2026-09-23,4551,163.5,1282030,163.5,163.5,163.5
2026-09-24,4551,163.5,1013120,163.5,163.5,163.5
2026-09-29,4551,179.5,2692592,179.5,179.5,179.5
2026-09-30,4551,174.5,5389854,174.5,174.5,174.5
2026-10-01,4551,172.5,1565007,172.5,172.5,172.5
2026-10-02,4551,186.0,3377447,186.0,186.0,186.0
2026-10-05,4551,186.0,5644279,186.0,186.0,186.0
2026-09-07,4552,16.45,49909,16.45,16.45,16.45
2026-09-08,4552,16.05,405959,16.05,16.05,16.05
2026-09-09,4552,16.3,195231,16.3,16.3,16.3
2026-09-10,4552,16.1,65459,16.1,16.1,16.1
2026-09-11,4552,15.7,224661,15.7,15.7,15.7
2026-09-14,4552,15.35,132125,15.35,15.35,15.35
2026-09-15,4552,15.35,159046,15.35,15.35,15.35
2026-09-16,4552,15.35,326300,15.35,15.35,15.35
2026-09-17,4552,16.2,418801,16.2,16.2,16.2
2026-09-18,4552,15.95,237997,15.95,15.95,15.95
2026-09-21,4552,15.95,155130,15.95,15.95,15.95
2026-09-22,4552,15.9,37768,15.9,15.9,15.9
2026-09-23,4552,15.85,39699,15.85,15.85,15.85
2026-09-24,4552,15.6,67705,15.6,15.6,15.6
2026-09-29,4552,15.35,126861,15.35,15.35,15.35
2026-09-30,4552,15.8,189447,15.8,15.8,15.8
2026-10-01,4552,15.65,66636,15.65,15.65,15.65
2026-10-02,4552,15.65,199434,15.65,15.65,15.65
2026-10-05,4552,15.6,81534,15.6,15.6,15.6
2026-09-07,4555,44.9,231342,44.9,44.9,44.9
2026-09-08,4555,42.95,354730,42.95,42.95,42.95
2026-09-09,4555,43.1,125252,43.1,43.1,43.1
2026-09-10,4555,42.2,82918,42.2,42.2,42.2
2026-09-11,4555,42.5,86763,42.5,42.5,42.5
2026-09-14,4555,41.9,94473,41.9,41.9,41.9
2026-09-15,4555,41.65,57565,41.65,41.65,41.65
2026-09-16,4555,41.7,157574,41.7,41.7,41.7
2026-09-17,4555,42.75,259367,42.75,42.75,42.75
2026-09-18,4555,42.85,59636,42.85,42.85,42.85
2026-09-21,4555,43.3,56675,43.3,43.3,43.3
2026-09-22,4555,42.5,87026,42.5,42.5,42.5
2026-09-23,4555,41.85,96299,41.85,41.85,41.85
2026-09-24,4555,41.65,103719,41.65,41.65,41.65
2026-09-29,4555,41.6,69189,41.6,41.6,41.6
2026-09-30,4555,42.15,76991,42.15,42.15,42.15
2026-10-01,4555,42.3,75083,42.3,42.3,42.3
2026-10-02,4555,42.2,114873,42.2,42.2,42.2
2026-10-05,4555,41.4,234905,41.4,41.4,41.4
2026-09-07,4557,49.8,45463,49.8,49.8,49.8
2026-09-08,4557,49.65,27513,49.65,49.65,49.65
2026-09-09,4557,49.95,22338,49.95,49.95,49.95
2026-09-10,4557,50.4,93057,50.4,50.4,50.4
2026-09-11,4557,50.0,16101,50.0,50.0,50.0
2026-09-14,4557,50.5,17259,50.5,50.5,50.5
2026-09-15,4557,50.2,90091,50.2,50.2,50.2
2026-09-16,4557,49.65,28468,49.65,49.65,49.65
2026-09-17,4557,49.85,107557,49.85,49.85,49.85
2026-09-18,4557,49.85,29292,49.85,49.85,49.85
2026-09-21,4557,49.65,50076,49.65,49.65,49.65
2026-09-22,4557,49.7,64252,49.7,49.7,49.7
2026-09-23,4557,49.75,45139,49.75,49.75,49.75
2026-09-24,4557,49.8,25316,49.8,49.8,49.8
2026-09-29,4557,50.1,34834,50.1,50.1,50.1
2026-09-30,4557,50.3,56850,50.3,50.3,50.3
2026-10-01,4557,50.3,35344,50.3,50.3,50.3
2026-10-02,4557,50.3,40824,50.3,50.3,50.3
2026-10-05,4557,50.4,53762,50.4,50.4,50.4
2026-09-07,4560,28.6,197151,28.6,28.6,28.6
2026-09-08,4560,29.15,187751,29.15,29.15,29.15
2026-09-09,4560,29.25,243010,29.25,29.25,29.25
2026-09-10,4560,29.65,465140,29.65,29.65,29.65
2026-09-11,4560,29.45,560010,29.45,29.45,29.45
2026-09-14,4560,29.0,229000,29.0,29.0,29.0
2026-09-15,4560,28.95,148107,28.95,28.95,28.95
2026-09-16,4560,29.15,180000,29.15,29.15,29.15
2026-09-17,4560,29.2,177061,29.2,29.2,29.2
2026-09-18,4560,28.85,173000,28.85,28.85,28.85
2026-09-21,4560,29.0,167001,29.0,29.0,29.0
2026-09-22,4560,28.9,242100,28.9,28.9,28.9
2026-09-23,4560,28.95,120000,28.95,28.95,28.95
2026-09-24,4560,29.55,462430,29.55,29.55,29.55
2026-09-29,4560,29.35,139100,29.35,29.35,29.35
2026-09-30,4560,29.9,367002,29.9,29.9,29.9
2026-10-01,4560,29.4,229000,29.4,29.4,29.4
2026-10-02,4560,29.85,460241,29.85,29.85,29.85
2026-10-05,4560,29.85,154144,29.85,29.85,29.85
2026-09-07,4562,30.5,170801,30.5,30.5,30.5
2026-09-08,4562,30.05,103634,30.05,30.05,30.05
2026-09-09,4562,30.0,144181,30.0,30.0,30.0
2026-09-10,4562,29.65,130403,29.65,29.65,29.65
2026-09-11,4562,29.3,87136,29.3,29.3,29.3
2026-09-14,4562,29.05,101691,29.05,29.05,29.05
2026-09-15,4562,29.15,142877,29.15,29.15,29.15
2026-09-16,4562,29.35,96559,29.35,29.35,29.35
2026-09-17,4562,29.7,168525,29.7,29.7,29.7
2026-09-18,4562,30.1,93725,30.1,30.1,30.1
2026-09-21,4562,31.35,209540,31.35,31.35,31.35
2026-09-22,4562,30.6,154153,30.6,30.6,30.6
2026-09-23,4562,30.45,70961,30.45,30.45,30.45
2026-09-24,4562,30.0,65496,30.0,30.0,30.0
2026-09-29,4562,30.0,103878,30.0,30.0,30.0
2026-09-30,4562,30.95,153575,30.95,30.95,30.95
2026-10-01,4562,30.95,114402,30.95,30.95,30.95
2026-10-02,4562,30.3,324062,30.3,30.3,30.3
2026-10-05,4562,30.0,134911,30.0,30.0,30.0
2026-09-07,4564,15.95,936395,15.95,15.95,15.95
2026-09-08,4564,15.8,821169,15.8,15.8,15.8
2026-09-09,4564,15.7,653887,15.7,15.7,15.7
2026-09-10,4564,15.65,605596,15.65,15.65,15.65
2026-09-11,4564,15.7,499785,15.7,15.7,15.7
2026-09-14,4564,15.65,289434,15.65,15.65,15.65
2026-09-15,4564,15.8,496241,15.8,15.8,15.8
2026-09-16,4564,15.85,494434,15.85,15.85,15.85
2026-09-17,4564,15.8,462448,15.8,15.8,15.8
2026-09-18,4564,15.7,516385,15.7,15.7,15.7
2026-09-21,4564,16.0,704107,16.0,16.0,16.0
2026-09-22,4564,16.05,439074,16.05,16.05,16.05
2026-09-23,4564,16.0,411303,16.0,16.0,16.0
2026-09-24,4564,16.05,268356,16.05,16.05,16.05
2026-09-29,4564,16.2,447952,16.2,16.2,16.2
2026-09-30,4564,16.4,570788,16.4,16.4,16.4
2026-10-01,4564,16.3,332041,16.3,16.3,16.3
2026-10-02,4564,16.3,565394,16.3,16.3,16.3
2026-10-05,4564,15.95,873605,15.95,15.95,15.95
2026-09-07,4566,63.6,514197,63.6,63.6,63.6
2026-09-08,4566,62.7,647852,62.7,62.7,62.7
2026-09-09,4566,63.9,556144,63.9,63.9,63.9
2026-09-10,4566,64.2,1696355,64.2,64.2,64.2
2026-09-11,4566,64.9,918609,64.9,64.9,64.9
2026-09-14,4566,62.9,641366,62.9,62.9,62.9
2026-09-15,4566,62.8,447348,62.8,62.8,62.8
2026-09-16,4566,64.1,442064,64.1,64.1,64.1
2026-09-17,4566,64.7,737219,64.7,64.7,64.7
2026-09-18,4566,64.5,466997,64.5,64.5,64.5
2026-09-21,4566,65.9,698873,65.9,65.9,65.9
2026-09-22,4566,65.0,611536,65.0,65.0,65.0
2026-09-23,4566,67.6,1487859,67.6,67.6,67.6
2026-09-24,4566,74.3,7828463,74.3,74.3,74.3
2026-09-29,4566,73.2,6270637,73.2,73.2,73.2
2026-09-30,4566,74.1,3316709,74.1,74.1,74.1
2026-10-01,4566,75.2,3816528,75.2,75.2,75.2
2026-10-02,4566,75.8,1855390,75.8,75.8,75.8
2026-10-05,4566,77.5,4408037,77.5,77.5,77.5
2026-09-07,4569,177.5,164814,177.5,177.5,177.5
2026-09-08,4569,171.5,95974,171.5,171.5,171.5
2026-09-09,4569,159.5,244431,159.5,159.5,159.5
2026-09-10,4569,158.5,79388,158.5,158.5,158.5
2026-09-11,4569,155.0,93667,155.0,155.0,155.0
2026-09-14,4569,152.5,37581,152.5,152.5,152.5
2026-09-15,4569,154.0,41611,154.0,154.0,154.0
2026-09-16,4569,156.5,22585,156.5,156.5,156.5
2026-09-17,4569,153.0,92827,153.0,153.0,153.0
2026-09-18,4569,157.0,41237,157.0,157.0,157.0
2026-09-21,4569,154.5,60297,154.5,154.5,154.5
2026-09-22,4569,155.0,24733,155.0,155.0,155.0
2026-09-23,4569,154.0,12241,154.0,154.0,154.0
2026-09-24,4569,155.0,28158,155.0,155.0,155.0
2026-09-29,4569,154.0,35115,154.0,154.0,154.0
2026-09-30,4569,157.5,28293,157.5,157.5,157.5
2026-10-01,4569,155.0,19365,155.0,155.0,155.0
2026-10-02,4569,156.0,97693,156.0,156.0,156.0
2026-10-05,4569,157.0,100842,157.0,157.0,157.0
2026-09-07,4571,158.0,152117,158.0,158.0,158.0
2026-09-08,4571,155.0,92157,155.0,155.0,155.0
2026-09-09,4571,151.5,278734,151.5,151.5,151.5
2026-09-10,4571,150.5,89225,150.5,150.5,150.5
2026-09-11,4571,150.5,118528,150.5,150.5,150.5
2026-09-14,4571,149.0,78239,149.0,149.0,149.0
2026-09-15,4571,147.5,98967,147.5,147.5,147.5
2026-09-16,4571,149.0,53184,149.0,149.0,149.0
2026-09-17,4571,149.5,55325,149.5,149.5,149.5
2026-09-18,4571,151.5,49916,151.5,151.5,151.5
2026-09-21,4571,151.5,113014,151.5,151.5,151.5
2026-09-22,4571,150.0,140965,150.0,150.0,150.0
2026-09-23,4571,153.0,70510,153.0,153.0,153.0
2026-09-24,4571,152.5,61006,152.5,152.5,152.5
2026-09-29,4571,152.5,46746,152.5,152.5,152.5
2026-09-30,4571,153.5,97627,153.5,153.5,153.5
2026-10-01,4571,154.0,56720,154.0,154.0,154.0
2026-10-02,4571,154.0,63548,154.0,154.0,154.0
2026-10-05,4571,154.0,109326,154.0,154.0,154.0
2026-09-07,4572,143.0,34642,143.0,143.0,143.0
2026-09-08,4572,141.5,19554,141.5,141.5,141.5
2026-09-09,4572,140.5,9360,140.5,140.5,140.5
2026-09-10,4572,141.0,5603,141.0,141.0,141.0
2026-09-11,4572,142.5,25938,142.5,142.5,142.5
2026-09-14,4572,142.5,28267,142.5,142.5,142.5
2026-09-15,4572,141.5,14426,141.5,141.5,141.5
2026-09-16,4572,142.0,7721,142.0,142.0,142.0
2026-09-17,4572,141.0,15415,141.0,141.0,141.0
2026-09-18,4572,140.5,16713,140.5,140.5,140.5
2026-09-21,4572,140.5,8258,140.5,140.5,140.5
2026-09-22,4572,139.0,23876,139.0,139.0,139.0
2026-09-23,4572,140.0,25659,140.0,140.0,140.0
2026-09-24,4572,139.5,16094,139.5,139.5,139.5
2026-09-29,4572,139.0,15872,139.0,139.0,139.0
2026-09-30,4572,138.5,14722,138.5,138.5,138.5
2026-10-01,4572,138.5,11521,138.5,138.5,138.5
2026-10-02,4572,139.5,15276,139.5,139.5,139.5
2026-10-05,4572,138.5,12254,138.5,138.5,138.5
2026-09-07,4576,247.0,6096261,247.0,247.0,247.0
2026-09-08,4576,235.5,4225651,235.5,235.5,235.5
2026-09-09,4576,244.0,4290540,244.0,244.0,244.0
2026-09-10,4576,238.0,2857031,238.0,238.0,238.0
2026-09-11,4576,242.0,3945958,242.0,242.0,242.0
2026-09-14,4576,228.0,2983328,228.0,228.0,228.0
2026-09-15,4576,230.5,1857842,230.5,230.5,230.5
2026-09-16,4576,233.0,1353618,233.0,233.0,233.0
2026-09-17,4576,231.5,1365542,231.5,231.5,231.5
2026-09-18,4576,240.0,2055799,240.0,240.0,240.0
2026-09-21,4576,233.5,1595336,233.5,233.5,233.5
2026-09-22,4576,232.0,1065758,232.0,232.0,232.0
2026-09-23,4576,223.5,1999614,223.5,223.5,223.5
2026-09-24,4576,225.0,810171,225.0,225.0,225.0
2026-09-29,4576,241.0,2503523,241.0,241.0,241.0
2026-09-30,4576,236.0,2005719,236.0,236.0,236.0
2026-10-01,4576,237.5,1065162,237.5,237.5,237.5
2026-10-02,4576,234.0,1209388,234.0,234.0,234.0
2026-10-05,4576,235.0,1918300,235.0,235.0,235.0
2026-09-07,4581,48.0,6100,48.0,48.0,48.0
2026-09-09,4581,47.35,8247,47.35,47.35,47.35
2026-09-10,4581,47.25,10000,47.25,47.25,47.25
2026-09-11,4581,47.15,6020,47.15,47.15,47.15
2026-09-14,4581,47.15,3084,47.15,47.15,47.15
2026-09-15,4581,47.15,7040,47.15,47.15,47.15
2026-09-16,4581,48.0,13001,48.0,48.0,48.0
2026-09-17,4581,48.1,16003,48.1,48.1,48.1
2026-09-18,4581,48.3,2000,48.3,48.3,48.3
2026-09-21,4581,48.45,8000,48.45,48.45,48.45
2026-09-22,4581,48.35,2000,48.35,48.35,48.35
2026-09-23,4581,48.45,2000,48.45,48.45,48.45
2026-09-24,4581,47.75,1000,47.75,47.75,47.75
2026-09-29,4581,47.7,1000,47.7,47.7,47.7
2026-09-30,4581,48.2,12000,48.2,48.2,48.2
2026-10-01,4581,47.85,3045,47.85,47.85,47.85
2026-10-02,4581,48.0,6000,48.0,48.0,48.0
2026-10-05,4581,48.0,7017,48.0,48.0,48.0
2026-09-07,4582,23.05,105525,23.05,23.05,23.05
2026-09-08,4582,23.0,42806,23.0,23.0,23.0
2026-09-09,4582,23.1,55158,23.1,23.1,23.1
2026-09-10,4582,22.9,57602,22.9,22.9,22.9
2026-09-11,4582,22.7,80285,22.7,22.7,22.7
2026-09-14,4582,22.35,86842,22.35,22.35,22.35
2026-09-15,4582,22.15,51198,22.15,22.15,22.15
2026-09-16,4582,22.3,27691,22.3,22.3,22.3
2026-09-17,4582,22.3,54017,22.3,22.3,22.3
2026-09-18,4582,22.45,18560,22.45,22.45,22.45
2026-09-21,4582,22.4,49675,22.4,22.4,22.4
2026-09-22,4582,22.65,47000,22.65,22.65,22.65
2026-09-23,4582,22.4,31100,22.4,22.4,22.4
2026-09-24,4582,22.45,14400,22.45,22.45,22.45
2026-09-29,4582,22.2,23001,22.2,22.2,22.2
2026-09-30,4582,22.5,132010,22.5,22.5,22.5
2026-10-01,4582,22.4,33230,22.4,22.4,22.4
2026-10-02,4582,22.2,76585,22.2,22.2,22.2
2026-10-05,4582,22.1,141169,22.1,22.1,22.1
2026-09-07,4583,462.0,80310,462.0,462.0,462.0
2026-09-08,4583,463.0,52009,463.0,463.0,463.0
2026-09-09,4583,455.0,96837,455.0,455.0,455.0
2026-09-10,4583,442.0,107311,442.0,442.0,442.0
2026-09-11,4583,433.0,56456,433.0,433.0,433.0
2026-09-14,4583,430.0,35737,430.0,430.0,430.0
2026-09-15,4583,420.0,69581,420.0,420.0,420.0
2026-09-16,4583,422.0,75432,422.0,422.0,422.0
2026-09-17,4583,420.0,101526,420.0,420.0,420.0
2026-09-18,4583,431.5,85606,431.5,431.5,431.5
2026-09-21,4583,434.0,40870,434.0,434.0,434.0
2026-09-22,4583,429.0,45215,429.0,429.0,429.0
2026-09-23,4583,430.5,18737,430.5,430.5,430.5
2026-09-24,4583,429.0,20683,429.0,429.0,429.0
2026-09-29,4583,429.0,38563,429.0,429.0,429.0
2026-09-30,4583,426.5,85489,426.5,426.5,426.5
2026-10-01,4583,419.5,79949,419.5,419.5,419.5
2026-10-02,4583,422.5,53531,422.5,422.5,422.5
2026-10-05,4583,419.0,124172,419.0,419.0,419.0
2026-09-07,4585,297.5,271034,297.5,297.5,297.5
2026-09-08,4585,297.0,304054,297.0,297.0,297.0
2026-09-09,4585,292.0,278593,292.0,292.0,292.0
2026-09-10,4585,290.5,225299,290.5,290.5,290.5
2026-09-11,4585,298.0,774554,298.0,298.0,298.0
2026-09-14,4585,298.0,439740,298.0,298.0,298.0
2026-09-15,4585,296.0,190130,296.0,296.0,296.0
2026-09-16,4585,294.5,80312,294.5,294.5,294.5
2026-09-17,4585,300.0,275702,300.0,300.0,300.0
2026-09-18,4585,303.0,190352,303.0,303.0,303.0
2026-09-21,4585,299.0,75165,299.0,299.0,299.0
2026-09-22,4585,297.5,109744,297.5,297.5,297.5
2026-09-23,4585,295.0,69509,295.0,295.0,295.0
2026-09-24,4585,293.0,64201,293.0,293.0,293.0
2026-09-29,4585,290.0,130588,290.0,290.0,290.0
2026-09-30,4585,292.0,78377,292.0,292.0,292.0
2026-10-01,4585,294.5,96701,294.5,294.5,294.5
2026-10-02,4585,293.5,108887,293.5,293.5,293.5
2026-10-05,4585,291.0,171061,291.0,291.0,291.0
2026-09-07,4588,52.1,30489,52.1,52.1,52.1
2026-09-08,4588,51.4,37752,51.4,51.4,51.4
2026-09-09,4588,51.3,110331,51.3,51.3,51.3
2026-09-10,4588,51.0,7027,51.0,51.0,51.0
2026-09-11,4588,50.6,20206,50.6,50.6,50.6
2026-09-14,4588,54.1,287791,54.1,54.1,54.1
2026-09-15,4588,53.4,61042,53.4,53.4,53.4
2026-09-16,4588,54.9,100564,54.9,54.9,54.9
2026-09-17,4588,55.0,98191,55.0,55.0,55.0
2026-09-18,4588,55.2,77039,55.2,55.2,55.2
2026-09-21,4588,57.0,132669,57.0,57.0,57.0
2026-09-22,4588,55.4,112426,55.4,55.4,55.4
2026-09-23,4588,54.8,53701,54.8,54.8,54.8
2026-09-24,4588,54.8,24617,54.8,54.8,54.8
2026-09-29,4588,55.3,40000,55.3,55.3,55.3
2026-09-30,4588,56.0,34489,56.0,56.0,56.0
2026-10-01,4588,55.8,22386,55.8,55.8,55.8
2026-10-02,4588,55.5,50197,55.5,55.5,55.5
2026-10-05,4588,55.8,69263,55.8,55.8,55.8
2026-09-07,4590,89.6,186446,89.6,89.6,89.6
2026-09-08,4590,89.1,195382,89.1,89.1,89.1
2026-09-09,4590,93.4,1165905,93.4,93.4,93.4
2026-09-10,4590,92.0,314290,92.0,92.0,92.0
2026-09-11,4590,89.9,270976,89.9,89.9,89.9
2026-09-14,4590,88.3,197290,88.3,88.3,88.3
2026-09-15,4590,86.8,225421,86.8,86.8,86.8
2026-09-16,4590,88.2,247516,88.2,88.2,88.2
2026-09-17,4590,89.3,270459,89.3,89.3,89.3
2026-09-18,4590,91.0,175402,91.0,91.0,91.0
2026-09-21,4590,91.7,216801,91.7,91.7,91.7
2026-09-22,4590,90.7,242116,90.7,90.7,90.7
2026-09-23,4590,89.7,126205,89.7,89.7,89.7
2026-09-24,4590,89.7,189967,89.7,89.7,89.7
2026-09-29,4590,88.5,112776,88.5,88.5,88.5
2026-09-30,4590,89.1,118271,89.1,89.1,89.1
2026-10-01,4590,88.2,133483,88.2,88.2,88.2
2026-10-02,4590,88.6,101101,88.6,88.6,88.6
2026-10-05,4590,88.3,205802,88.3,88.3,88.3
2026-09-07,4720,18.45,342130,18.45,18.45,18.45
2026-09-08,4720,18.5,277279,18.5,18.5,18.5
2026-09-09,4720,18.55,289756,18.55,18.55,18.55
2026-09-10,4720,18.45,296659,18.45,18.45,18.45
2026-09-11,4720,18.25,270594,18.25,18.25,18.25
2026-09-14,4720,18.25,222832,18.25,18.25,18.25
2026-09-15,4720,17.9,348727,17.9,17.9,17.9
2026-09-16,4720,18.35,183931,18.35,18.35,18.35
2026-09-17,4720,18.65,267246,18.65,18.65,18.65
2026-09-18,4720,18.7,616612,18.7,18.7,18.7
2026-09-21,4720,19.55,2461400,19.55,19.55,19.55
2026-09-22,4720,19.1,762236,19.1,19.1,19.1
2026-09-23,4720,19.2,365310,19.2,19.2,19.2
2026-09-24,4720,19.05,180299,19.05,19.05,19.05
2026-09-29,4720,19.15,383913,19.15,19.15,19.15
2026-09-30,4720,19.3,230066,19.3,19.3,19.3
2026-10-01,4720,19.05,304048,19.05,19.05,19.05
2026-10-02,4720,20.95,3563435,20.95,20.95,20.95
2026-10-05,4720,23.0,9821341,23.0,23.0,23.0
2026-09-07,4722,200.0,597461,200.0,200.0,200.0
2026-09-08,4722,193.0,1129829,193.0,193.0,193.0
2026-09-09,4722,193.0,467299,193.0,193.0,193.0
2026-09-10,4722,186.0,879286,186.0,186.0,186.0
2026-09-11,4722,184.0,939412,184.0,184.0,184.0
2026-09-14,4722,190.0,936019,190.0,190.0,190.0
2026-09-15,4722,185.0,1243585,185.0,185.0,185.0
2026-09-16,4722,187.0,630526,187.0,187.0,187.0
2026-09-17,4722,183.0,837745,183.0,183.0,183.0
2026-09-18,4722,189.5,1791803,189.5,189.5,189.5
2026-09-21,4722,191.0,1300758,191.0,191.0,191.0
2026-09-22,4722,189.5,496633,189.5,189.5,189.5
2026-09-23,4722,189.0,360697,189.0,189.0,189.0
2026-09-24,4722,184.0,767926,184.0,184.0,184.0
2026-09-29,4722,190.0,633493,190.0,190.0,190.0
2026-09-30,4722,190.5,647858,190.5,190.5,190.5
2026-10-01,4722,209.5,2273814,209.5,209.5,209.5
2026-10-02,4722,230.0,4598483,230.0,230.0,230.0
2026-10-05,4722,224.0,6480618,224.0,224.0,224.0
2026-09-07,4736,125.5,447902,125.5,125.5,125.5
2026-09-08,4736,124.5,260921,124.5,124.5,124.5
2026-09-09,4736,125.5,180826,125.5,125.5,125.5
2026-09-10,4736,128.0,186944,128.0,128.0,128.0
2026-09-11,4736,127.5,156507,127.5,127.5,127.5
2026-09-14,4736,128.5,183994,128.5,128.5,128.5
2026-09-15,4736,129.0,126080,129.0,129.0,129.0
2026-09-16,4736,130.0,152975,130.0,130.0,130.0
2026-09-17,4736,132.5,322400,132.5,132.5,132.5
2026-09-18,4736,133.0,307272,133.0,133.0,133.0
2026-09-21,4736,133.5,256420,133.5,133.5,133.5
2026-09-22,4736,132.5,142997,132.5,132.5,132.5
2026-09-23,4736,132.0,73737,132.0,132.0,132.0
2026-09-24,4736,129.5,174852,129.5,129.5,129.5
2026-09-29,4736,128.5,140135,128.5,128.5,128.5
2026-09-30,4736,130.0,151308,130.0,130.0,130.0
2026-10-01,4736,130.0,97667,130.0,130.0,130.0
2026-10-02,4736,129.5,104711,129.5,129.5,129.5
2026-10-05,4736,128.5,126039,128.5,128.5,128.5
2026-09-07,4737,59.0,158485,59.0,59.0,59.0
2026-09-08,4737,58.8,82691,58.8,58.8,58.8
2026-09-09,4737,58.2,98306,58.2,58.2,58.2
2026-09-10,4737,58.3,81249,58.3,58.3,58.3
2026-09-11,4737,58.4,78085,58.4,58.4,58.4
2026-09-14,4737,54.0,210932,54.0,54.0,54.0
2026-09-15,4737,56.5,62037,56.5,56.5,56.5
2026-09-16,4737,59.7,346016,59.7,59.7,59.7
2026-09-17,4737,60.3,155714,60.3,60.3,60.3
2026-09-18,4737,60.3,61578,60.3,60.3,60.3
2026-09-21,4737,60.5,52029,60.5,60.5,60.5
2026-09-22,4737,59.6,23662,59.6,59.6,59.6
2026-09-23,4737,57.9,43007,57.9,57.9,57.9
2026-09-24,4737,56.3,70457,56.3,56.3,56.3
2026-09-29,4737,55.6,21141,55.6,55.6,55.6
2026-09-30,4737,55.4,46490,55.4,55.4,55.4
2026-10-01,4737,55.4,38645,55.4,55.4,55.4
2026-10-02,4737,56.3,50184,56.3,56.3,56.3
2026-10-05,4737,55.3,44004,55.3,55.3,55.3
2026-09-07,4739,82.5,662251,82.5,82.5,82.5
2026-09-08,4739,82.1,667204,82.1,82.1,82.1
2026-09-09,4739,77.6,4652983,77.6,77.6,77.6
2026-09-10,4739,77.6,1739135,77.6,77.6,77.6
2026-09-11,4739,78.1,1307360,78.1,78.1,78.1
2026-09-14,4739,77.3,661074,77.3,77.3,77.3
2026-09-15,4739,76.0,555466,76.0,76.0,76.0
2026-09-16,4739,78.0,596773,78.0,78.0,78.0
2026-09-17,4739,79.7,2100657,79.7,79.7,79.7
2026-09-18,4739,79.5,771170,79.5,79.5,79.5
2026-09-21,4739,82.1,838886,82.1,82.1,82.1
2026-09-22,4739,79.9,728614,79.9,79.9,79.9
2026-09-23,4739,80.1,499355,80.1,80.1,80.1
2026-09-24,4739,79.5,409578,79.5,79.5,79.5
2026-09-29,4739,83.2,1792925,83.2,83.2,83.2
2026-09-30,4739,88.4,4293114,88.4,88.4,88.4
2026-10-01,4739,87.5,1654514,87.5,87.5,87.5
2026-10-02,4739,88.7,1478763,88.7,88.7,88.7
2026-10-05,4739,87.4,1250695,87.4,87.4,87.4
2026-09-07,4746,46.4,862577,46.4,46.4,46.4
2026-09-08,4746,45.55,823677,45.55,45.55,45.55
2026-09-09,4746,45.8,470788,45.8,45.8,45.8
2026-09-10,4746,46.45,524866,46.45,46.45,46.45
2026-09-11,4746,45.25,518291,45.25,45.25,45.25
2026-09-14,4746,45.4,362984,45.4,45.4,45.4
2026-09-15,4746,46.05,361971,46.05,46.05,46.05
2026-09-16,4746,45.9,290463,45.9,45.9,45.9
2026-09-17,4746,47.65,1154637,47.65,47.65,47.65
2026-09-18,4746,47.85,831499,47.85,47.85,47.85
2026-09-21,4746,47.8,436677,47.8,47.8,47.8
2026-09-22,4746,48.2,926534,48.2,48.2,48.2
2026-09-23,4746,48.65,893123,48.65,48.65,48.65
2026-09-24,4746,48.05,644992,48.05,48.05,48.05
2026-09-29,4746,47.7,873374,47.7,47.7,47.7
2026-09-30,4746,48.95,1019870,48.95,48.95,48.95
2026-10-01,4746,49.0,444421,49.0,49.0,49.0
2026-10-02,4746,48.1,674570,48.1,48.1,48.1
2026-10-05,4746,47.35,784482,47.35,47.35,47.35
2026-09-07,4755,116.0,123778,116.0,116.0,116.0
2026-09-08,4755,115.0,285434,115.0,115.0,115.0
2026-09-09,4755,114.0,194108,114.0,114.0,114.0
2026-09-10,4755,113.5,70814,113.5,113.5,113.5
2026-09-11,4755,112.0,311398,112.0,112.0,112.0
2026-09-14,4755,111.5,131487,111.5,111.5,111.5
2026-09-15,4755,111.0,87341,111.0,111.0,111.0
2026-09-16,4755,113.5,100132,113.5,113.5,113.5
2026-09-17,4755,114.0,126066,114.0,114.0,114.0
2026-09-18,4755,113.0,378989,113.0,113.0,113.0
2026-09-21,4755,115.5,360976,115.5,115.5,115.5
2026-09-22,4755,115.0,94979,115.0,115.0,115.0
2026-09-23,4755,115.0,47910,115.0,115.0,115.0
2026-09-24,4755,115.5,79103,115.5,115.5,115.5
2026-09-29,4755,118.0,196326,118.0,118.0,118.0
2026-09-30,4755,118.0,261884,118.0,118.0,118.0
2026-10-01,4755,119.0,155047,119.0,119.0,119.0
2026-10-02,4755,122.0,893733,122.0,122.0,122.0
2026-10-05,4755,121.0,253901,121.0,121.0,121.0
2026-09-07,4763,50.6,6183590,50.6,50.6,50.6
2026-09-08,4763,49.15,5671156,49.15,49.15,49.15
2026-09-09,4763,48.3,6089749,48.3,48.3,48.3
2026-09-10,4763,48.35,5118797,48.35,48.35,48.35
2026-09-11,4763,48.85,3338500,48.85,48.85,48.85
2026-09-14,4763,49.35,7099162,49.35,49.35,49.35
2026-09-15,4763,48.1,8910769,48.1,48.1,48.1
2026-09-16,4763,44.9,8644639,44.9,44.9,44.9
2026-09-17,4763,47.7,7501706,47.7,47.7,47.7
2026-09-18,4763,50.5,16776030,50.5,50.5,50.5
2026-09-21,4763,49.65,17213150,49.65,49.65,49.65
2026-09-22,4763,48.05,15801826,48.05,48.05,48.05
2026-09-23,4763,46.4,12086524,46.4,46.4,46.4
2026-09-24,4763,46.1,7023719,46.1,46.1,46.1
2026-09-29,4763,46.85,6564454,46.85,46.85,46.85
2026-09-30,4763,48.9,11831200,48.9,48.9,48.9
2026-10-01,4763,46.85,11589391,46.85,46.85,46.85
2026-10-02,4763,47.15,4011848,47.15,47.15,47.15
2026-10-05,4763,46.35,6246002,46.35,46.35,46.35
2026-09-07,4764,228.0,451206,228.0,228.0,228.0
2026-09-08,4764,218.5,733389,218.5,218.5,218.5
2026-09-09,4764,226.5,692255,226.5,226.5,226.5
2026-09-10,4764,220.5,448011,220.5,220.5,220.5
2026-09-11,4764,215.0,472631,215.0,215.0,215.0
2026-09-14,4764,207.5,404425,207.5,207.5,207.5
2026-09-15,4764,202.5,372450,202.5,202.5,202.5
2026-09-16,4764,209.0,326420,209.0,209.0,209.0
2026-09-17,4764,203.5,1581667,203.5,203.5,203.5
2026-09-18,4764,204.5,662247,204.5,204.5,204.5
2026-09-21,4764,200.5,599557,200.5,200.5,200.5
2026-09-22,4764,196.5,975434,196.5,196.5,196.5
2026-09-23,4764,189.5,887057,189.5,189.5,189.5
2026-09-24,4764,183.0,1145874,183.0,183.0,183.0
2026-09-29,4764,183.0,1162027,183.0,183.0,183.0
2026-09-30,4764,189.0,1350451,189.0,189.0,189.0
2026-10-01,4764,185.0,1155256,185.0,185.0,185.0
2026-10-02,4764,203.5,1493882,203.5,203.5,203.5
2026-10-05,4764,196.5,3074821,196.5,196.5,196.5
2026-09-07,4766,344.5,150921,344.5,344.5,344.5
2026-09-08,4766,346.0,139314,346.0,346.0,346.0
2026-09-09,4766,340.5,149633,340.5,340.5,340.5
2026-09-10,4766,339.0,127807,339.0,339.0,339.0
2026-09-11,4766,337.0,96565,337.0,337.0,337.0
2026-09-14,4766,333.5,84070,333.5,333.5,333.5
2026-09-15,4766,333.0,100253,333.0,333.0,333.0
2026-09-16,4766,336.5,80283,336.5,336.5,336.5
2026-09-17,4766,342.0,179460,342.0,342.0,342.0
2026-09-18,4766,346.0,139877,346.0,346.0,346.0
2026-09-21,4766,343.5,57625,343.5,343.5,343.5
2026-09-22,4766,342.0,81437,342.0,342.0,342.0
2026-09-23,4766,341.5,68773,341.5,341.5,341.5
2026-09-24,4766,343.5,70421,343.5,343.5,343.5
2026-09-29,4766,341.0,75315,341.0,341.0,341.0
2026-09-30,4766,340.5,84164,340.5,340.5,340.5
2026-10-01,4766,342.5,73624,342.5,342.5,342.5
2026-10-02,4766,353.0,410254,353.0,353.0,353.0
2026-10-05,4766,346.5,145248,346.5,346.5,346.5
2026-09-07,4770,239.0,1370362,239.0,239.0,239.0
2026-09-08,4770,234.0,515629,234.0,234.0,234.0
2026-09-09,4770,249.5,1370326,249.5,249.5,249.5
2026-09-10,4770,239.0,605237,239.0,239.0,239.0
2026-09-11,4770,231.0,630760,231.0,231.0,231.0
2026-09-14,4770,224.5,281254,224.5,224.5,224.5
2026-09-15,4770,220.0,292874,220.0,220.0,220.0
2026-09-16,4770,220.5,170390,220.5,220.5,220.5
2026-09-17,4770,242.0,1415362,242.0,242.0,242.0
2026-09-18,4770,251.0,2133247,251.0,251.0,251.0
2026-09-21,4770,257.5,1909144,257.5,257.5,257.5
2026-09-22,4770,250.0,949020,250.0,250.0,250.0
2026-09-23,4770,275.0,3344195,275.0,275.0,275.0
2026-09-24,4770,281.5,4524054,281.5,281.5,281.5
2026-09-29,4770,286.5,2148058,286.5,286.5,286.5
2026-09-30,4770,282.0,1405600,282.0,282.0,282.0
2026-10-01,4770,275.0,871633,275.0,275.0,275.0
2026-10-02,4770,278.0,670115,278.0,278.0,278.0
2026-10-05,4770,274.5,915889,274.5,274.5,274.5
2026-09-07,4771,206.0,148388,206.0,206.0,206.0
2026-09-08,4771,211.5,355982,211.5,211.5,211.5
2026-09-09,4771,212.0,148194,212.0,212.0,212.0
2026-09-10,4771,203.0,226578,203.0,203.0,203.0
2026-09-11,4771,201.5,109742,201.5,201.5,201.5
2026-09-14,4771,204.0,45628,204.0,204.0,204.0
2026-09-15,4771,210.5,193385,210.5,210.5,210.5
2026-09-16,4771,206.0,159108,206.0,206.0,206.0
2026-09-17,4771,213.0,593144,213.0,213.0,213.0
2026-09-18,4771,215.0,459665,215.0,215.0,215.0
2026-09-21,4771,219.0,365558,219.0,219.0,219.0
2026-09-22,4771,216.0,171620,216.0,216.0,216.0
2026-09-23,4771,218.0,140465,218.0,218.0,218.0
2026-09-24,4771,212.0,128002,212.0,212.0,212.0
2026-09-29,4771,211.5,76634,211.5,211.5,211.5
2026-09-30,4771,214.5,117834,214.5,214.5,214.5
2026-10-01,4771,213.5,51963,213.5,213.5,213.5
2026-10-02,4771,214.0,235504,214.0,214.0,214.0
2026-10-05,4771,207.5,198127,207.5,207.5,207.5
2026-09-07,4807,27.4,235527,27.4,27.4,27.4
2026-09-08,4807,27.6,183312,27.6,27.6,27.6
2026-09-09,4807,29.0,175071,29.0,29.0,29.0
2026-09-10,4807,29.25,108787,29.25,29.25,29.25
2026-09-11,4807,28.65,226264,28.65,28.65,28.65
2026-09-14,4807,28.0,98970,28.0,28.0,28.0
2026-09-15,4807,30.8,372346,30.8,30.8,30.8
2026-09-16,4807,31.0,1135477,31.0,31.0,31.0
2026-09-17,4807,29.9,260679,29.9,29.9,29.9
2026-09-18,4807,31.4,189760,31.4,31.4,31.4
2026-09-21,4807,30.95,122142,30.95,30.95,30.95
2026-09-22,4807,29.5,175766,29.5,29.5,29.5
2026-09-23,4807,29.85,100009,29.85,29.85,29.85
2026-09-24,4807,29.3,78769,29.3,29.3,29.3
2026-09-29,4807,29.15,59195,29.15,29.15,29.15
2026-09-30,4807,29.35,129235,29.35,29.35,29.35
2026-10-01,4807,29.8,60509,29.8,29.8,29.8
2026-10-02,4807,30.2,93612,30.2,30.2,30.2
2026-10-05,4807,31.1,304648,31.1,31.1,31.1
2026-09-07,4904,102.0,5386241,102.0,102.0,102.0
2026-09-08,4904,104.0,3937909,104.0,104.0,104.0
2026-09-09,4904,104.0,4221641,104.0,104.0,104.0
2026-09-10,4904,104.5,2255404,104.5,104.5,104.5
2026-09-11,4904,105.5,2828853,105.5,105.5,105.5
2026-09-14,4904,106.0,2183218,106.0,106.0,106.0
2026-09-15,4904,106.5,4578462,106.5,106.5,106.5
2026-09-16,4904,105.0,6256302,105.0,105.0,105.0
2026-09-17,4904,106.5,7012403,106.5,106.5,106.5
2026-09-18,4904,107.0,12676593,107.0,107.0,107.0
2026-09-21,4904,106.0,3630994,106.0,106.0,106.0
2026-09-22,4904,105.5,2638062,105.5,105.5,105.5
2026-09-23,4904,105.5,3732583,105.5,105.5,105.5
2026-09-24,4904,105.5,1985784,105.5,105.5,105.5
2026-09-29,4904,104.5,5442744,104.5,104.5,104.5
2026-09-30,4904,103.5,6217738,103.5,103.5,103.5
2026-10-01,4904,105.0,3201796,105.0,105.0,105.0
2026-10-02,4904,106.0,4014485,106.0,106.0,106.0
2026-10-05,4904,105.5,6052583,105.5,105.5,105.5
2026-09-07,4906,36.8,3449492,36.8,36.8,36.8
2026-09-08,4906,36.1,4312150,36.1,36.1,36.1
2026-09-09,4906,36.6,2658093,36.6,36.6,36.6
2026-09-10,4906,36.35,1978391,36.35,36.35,36.35
2026-09-11,4906,35.9,2421158,35.9,35.9,35.9
2026-09-14,4906,35.5,1766704,35.5,35.5,35.5
2026-09-15,4906,35.1,2574071,35.1,35.1,35.1
2026-09-16,4906,35.55,2210534,35.55,35.55,35.55
2026-09-17,4906,36.1,2974549,36.1,36.1,36.1
2026-09-18,4906,37.0,5500298,37.0,37.0,37.0
2026-09-21,4906,38.5,10235573,38.5,38.5,38.5
2026-09-22,4906,38.7,17451931,38.7,38.7,38.7
2026-09-23,4906,38.1,5992660,38.1,38.1,38.1
2026-09-24,4906,37.65,2374151,37.65,37.65,37.65
2026-09-29,4906,40.2,13404590,40.2,40.2,40.2
2026-09-30,4906,42.3,17574239,42.3,42.3,42.3
2026-10-01,4906,40.5,11744264,40.5,40.5,40.5
2026-10-02,4906,41.85,13521119,41.85,41.85,41.85
2026-10-05,4906,42.15,18583054,42.15,42.15,42.15
2026-09-07,4912,102.0,577598,102.0,102.0,102.0
2026-09-08,4912,100.5,377069,100.5,100.5,100.5
2026-09-09,4912,97.5,958926,97.5,97.5,97.5
2026-09-10,4912,90.0,607634,90.0,90.0,90.0
2026-09-11,4912,90.0,308521,90.0,90.0,90.0
2026-09-14,4912,88.3,238664,88.3,88.3,88.3
2026-09-15,4912,87.7,194218,87.7,87.7,87.7
2026-09-16,4912,90.9,387030,90.9,90.9,90.9
2026-09-17,4912,92.7,686951,92.7,92.7,92.7
2026-09-18,4912,98.7,587382,98.7,98.7,98.7
2026-09-21,4912,97.7,691649,97.7,97.7,97.7
2026-09-22,4912,97.4,362425,97.4,97.4,97.4
2026-09-23,4912,98.4,314008,98.4,98.4,98.4
2026-09-24,4912,96.8,373546,96.8,96.8,96.8
2026-09-29,4912,96.8,336807,96.8,96.8,96.8
2026-09-30,4912,100.0,999173,100.0,100.0,100.0
2026-10-01,4912,107.0,1798906,107.0,107.0,107.0
2026-10-02,4912,106.0,708989,106.0,106.0,106.0
2026-10-05,4912,109.5,1620147,109.5,109.5,109.5
2026-09-07,4915,60.2,1787063,60.2,60.2,60.2
2026-09-08,4915,60.5,1685600,60.5,60.5,60.5
2026-09-09,4915,61.4,3975051,61.4,61.4,61.4
2026-09-10,4915,62.1,5773412,62.1,62.1,62.1
2026-09-11,4915,62.8,4011438,62.8,62.8,62.8
2026-09-14,4915,64.6,13116342,64.6,64.6,64.6
2026-09-15,4915,65.6,8267711,65.6,65.6,65.6
2026-09-16,4915,65.6,9537941,65.6,65.6,65.6
2026-09-17,4915,63.9,5324145,63.9,63.9,63.9
2026-09-18,4915,65.5,5517172,65.5,65.5,65.5
2026-09-21,4915,65.0,2759607,65.0,65.0,65.0
2026-09-22,4915,64.9,2175407,64.9,64.9,64.9
2026-09-23,4915,64.4,1847872,64.4,64.4,64.4
2026-09-24,4915,64.1,1492781,64.1,64.1,64.1
2026-09-29,4915,63.5,1749925,63.5,63.5,63.5
2026-09-30,4915,63.5,1919020,63.5,63.5,63.5
2026-10-01,4915,65.0,2662280,65.0,65.0,65.0
2026-10-02,4915,64.4,2611056,64.4,64.4,64.4
2026-10-05,4915,63.7,1934585,63.7,63.7,63.7
2026-09-07,4916,97.1,944260,97.1,97.1,97.1
2026-09-08,4916,95.3,1393046,95.3,95.3,95.3
2026-09-09,4916,96.0,785494,96.0,96.0,96.0
2026-09-10,4916,94.7,1067556,94.7,94.7,94.7
2026-09-11,4916,94.3,1564404,94.3,94.3,94.3
2026-09-14,4916,93.9,720678,93.9,93.9,93.9
2026-09-15,4916,92.3,684396,92.3,92.3,92.3
2026-09-16,4916,93.9,536437,93.9,93.9,93.9
2026-09-17,4916,103.0,4563455,103.0,103.0,103.0
2026-09-18,4916,105.5,15854725,105.5,105.5,105.5
2026-09-21,4916,105.0,3951443,105.0,105.0,105.0
2026-09-22,4916,103.5,2514373,103.5,103.5,103.5
2026-09-23,4916,104.5,2917686,104.5,104.5,104.5
2026-09-24,4916,102.5,2855025,102.5,102.5,102.5
2026-09-29,4916,101.5,962674,101.5,101.5,101.5
2026-09-30,4916,104.0,2099007,104.0,104.0,104.0
2026-10-01,4916,103.0,1928234,103.0,103.0,103.0
2026-10-02,4916,104.5,2636368,104.5,104.5,104.5
2026-10-05,4916,105.0,3880359,105.0,105.0,105.0
2026-09-07,4919,122.5,3275935,122.5,122.5,122.5
2026-09-08,4919,118.0,2625723,118.0,118.0,118.0
2026-09-09,4919,119.0,1860693,119.0,119.0,119.0
2026-09-10,4919,116.5,1609909,116.5,116.5,116.5
2026-09-11,4919,112.5,2474731,112.5,112.5,112.5
2026-09-14,4919,113.0,3067421,113.0,113.0,113.0
2026-09-15,4919,111.0,2297812,111.0,111.0,111.0
2026-09-16,4919,116.0,2771263,116.0,116.0,116.0
2026-09-17,4919,115.0,2095303,115.0,115.0,115.0
2026-09-18,4919,126.5,6752199,126.5,126.5,126.5
2026-09-21,4919,125.5,21754489,125.5,125.5,125.5
2026-09-22,4919,133.5,31470265,133.5,133.5,133.5
2026-09-23,4919,134.0,43702865,134.0,134.0,134.0
2026-09-24,4919,136.0,14436318,136.0,136.0,136.0
2026-09-29,4919,135.5,9319257,135.5,135.5,135.5
2026-09-30,4919,138.5,13131385,138.5,138.5,138.5
2026-10-01,4919,152.0,21151511,152.0,152.0,152.0
2026-10-02,4919,163.0,57349128,163.0,163.0,163.0
2026-10-05,4919,155.5,31573293,155.5,155.5,155.5
2026-09-07,4927,43.0,6268476,43.0,43.0,43.0
2026-09-08,4927,43.05,7483397,43.05,43.05,43.05
2026-09-09,4927,42.55,4060149,42.55,42.55,42.55
2026-09-10,4927,42.75,2441660,42.75,42.75,42.75
2026-09-11,4927,41.3,1805392,41.3,41.3,41.3
2026-09-14,4927,41.15,1794524,41.15,41.15,41.15
2026-09-15,4927,40.05,1538858,40.05,40.05,40.05
2026-09-16,4927,42.6,2927230,42.6,42.6,42.6
2026-09-17,4927,43.4,6486759,43.4,43.4,43.4
2026-09-18,4927,44.25,4819377,44.25,44.25,44.25
2026-09-21,4927,42.05,4271157,42.05,42.05,42.05
2026-09-22,4927,43.5,3713312,43.5,43.5,43.5
2026-09-23,4927,43.75,4126127,43.75,43.75,43.75
2026-09-24,4927,43.7,3046929,43.7,43.7,43.7
2026-09-29,4927,43.75,1936781,43.75,43.75,43.75
2026-09-30,4927,44.5,3204069,44.5,44.5,44.5
2026-10-01,4927,43.8,1834309,43.8,43.8,43.8
2026-10-02,4927,48.15,17406916,48.15,48.15,48.15
2026-10-05,4927,52.9,8516050,52.9,52.9,52.9
2026-09-07,4930,16.2,21645,16.2,16.2,16.2
2026-09-08,4930,16.2,6961,16.2,16.2,16.2
2026-09-09,4930,16.15,11598,16.15,16.15,16.15
2026-09-10,4930,15.95,6737,15.95,15.95,15.95
2026-09-11,4930,15.85,228867,15.85,15.85,15.85
2026-09-14,4930,15.8,3655,15.8,15.8,15.8
2026-09-15,4930,15.9,3334,15.9,15.9,15.9
2026-09-16,4930,16.1,171873,16.1,16.1,16.1
2026-09-17,4930,16.15,113425,16.15,16.15,16.15
2026-09-18,4930,16.2,277047,16.2,16.2,16.2
2026-09-21,4930,16.15,283465,16.15,16.15,16.15
2026-09-22,4930,15.85,22689,15.85,15.85,15.85
2026-09-23,4930,15.85,12721,15.85,15.85,15.85
2026-09-24,4930,16.05,10261,16.05,16.05,16.05
2026-09-29,4930,15.85,14291,15.85,15.85,15.85
2026-09-30,4930,15.9,12846,15.9,15.9,15.9
2026-10-01,4930,15.95,32140,15.95,15.95,15.95
2026-10-02,4930,15.85,90494,15.85,15.85,15.85
2026-10-05,4930,15.9,7737,15.9,15.9,15.9
2026-09-07,4934,13.6,414946,13.6,13.6,13.6
2026-09-08,4934,13.7,272653,13.7,13.7,13.7
2026-09-09,4934,13.9,311798,13.9,13.9,13.9
2026-09-10,4934,13.65,276568,13.65,13.65,13.65
2026-09-11,4934,13.4,427016,13.4,13.4,13.4
2026-09-14,4934,13.5,206706,13.5,13.5,13.5
2026-09-15,4934,13.2,297752,13.2,13.2,13.2
2026-09-16,4934,13.4,345855,13.4,13.4,13.4
2026-09-17,4934,13.75,376470,13.75,13.75,13.75
2026-09-18,4934,13.9,397421,13.9,13.9,13.9
2026-09-21,4934,14.45,963475,14.45,14.45,14.45
2026-09-22,4934,14.4,982369,14.4,14.4,14.4
2026-09-23,4934,14.45,394894,14.45,14.45,14.45
2026-09-24,4934,14.15,324032,14.15,14.15,14.15
2026-09-29,4934,14.15,192772,14.15,14.15,14.15
2026-09-30,4934,14.95,945249,14.95,14.95,14.95
2026-10-01,4934,14.5,487149,14.5,14.5,14.5
2026-10-02,4934,14.75,393968,14.75,14.75,14.75
2026-10-05,4934,14.8,941148,14.8,14.8,14.8
2026-09-07,4935,33.1,111192,33.1,33.1,33.1
2026-09-08,4935,33.1,77227,33.1,33.1,33.1
2026-09-09,4935,33.1,83043,33.1,33.1,33.1
2026-09-10,4935,32.75,160011,32.75,32.75,32.75
2026-09-11,4935,31.9,116283,31.9,31.9,31.9
2026-09-14,4935,31.85,82275,31.85,31.85,31.85
2026-09-15,4935,30.95,118973,30.95,30.95,30.95
2026-09-16,4935,30.8,106682,30.8,30.8,30.8
2026-09-17,4935,31.65,133993,31.65,31.65,31.65
2026-09-18,4935,34.45,409575,34.45,34.45,34.45
2026-09-21,4935,33.3,94259,33.3,33.3,33.3
2026-09-22,4935,33.2,134786,33.2,33.2,33.2
2026-09-23,4935,33.0,82715,33.0,33.0,33.0
2026-09-24,4935,32.95,54271,32.95,32.95,32.95
2026-09-29,4935,32.65,59283,32.65,32.65,32.65
2026-09-30,4935,34.2,91355,34.2,34.2,34.2
2026-10-01,4935,34.05,131289,34.05,34.05,34.05
2026-10-02,4935,33.85,57476,33.85,33.85,33.85
2026-10-05,4935,33.75,247065,33.75,33.75,33.75
2026-09-07,4938,93.6,12701722,93.6,93.6,93.6
2026-09-08,4938,91.7,11774680,91.7,91.7,91.7
2026-09-09,4938,91.1,6489639,91.1,91.1,91.1
2026-09-10,4938,91.0,5688311,91.0,91.0,91.0
2026-09-11,4938,91.0,6247357,91.0,91.0,91.0
2026-09-14,4938,90.2,4745706,90.2,90.2,90.2
2026-09-15,4938,88.3,7402017,88.3,88.3,88.3
2026-09-16,4938,89.0,6698604,89.0,89.0,89.0
2026-09-17,4938,90.4,7287528,90.4,90.4,90.4
2026-09-18,4938,90.3,9060950,90.3,90.3,90.3
2026-09-21,4938,90.8,5939887,90.8,90.8,90.8
2026-09-22,4938,90.0,8368084,90.0,90.0,90.0
2026-09-23,4938,91.3,9342095,91.3,91.3,91.3
2026-09-24,4938,91.3,7881615,91.3,91.3,91.3
2026-09-29,4938,90.8,11561261,90.8,90.8,90.8
2026-09-30,4938,89.8,11785297,89.8,89.8,89.8
2026-10-01,4938,90.2,6887853,90.2,90.2,90.2
2026-10-02,4938,89.2,4521969,89.2,89.2,89.2
2026-10-05,4938,88.7,4424512,88.7,88.7,88.7
2026-09-07,4942,33.0,92451,33.0,33.0,33.0
2026-09-08,4942,32.75,99851,32.75,32.75,32.75
2026-09-09,4942,32.7,64458,32.7,32.7,32.7
2026-09-10,4942,32.4,109572,32.4,32.4,32.4
2026-09-11,4942,31.9,144998,31.9,31.9,31.9
2026-09-14,4942,31.7,66739,31.7,31.7,31.7
2026-09-15,4942,31.4,107824,31.4,31.4,31.4
2026-09-16,4942,31.4,234024,31.4,31.4,31.4
2026-09-17,4942,31.2,114559,31.2,31.2,31.2
2026-09-18,4942,31.3,99360,31.3,31.3,31.3
2026-09-21,4942,31.4,50788,31.4,31.4,31.4
2026-09-22,4942,31.3,177037,31.3,31.3,31.3
2026-09-23,4942,31.4,60496,31.4,31.4,31.4
2026-09-24,4942,31.65,26707,31.65,31.65,31.65
2026-09-29,4942,31.95,45000,31.95,31.95,31.95
2026-09-30,4942,31.9,89065,31.9,31.9,31.9
2026-10-01,4942,31.8,89195,31.8,31.8,31.8
2026-10-02,4942,31.5,107055,31.5,31.5,31.5
2026-10-05,4942,31.35,261238,31.35,31.35,31.35
2026-09-07,4943,6.61,169334,6.61,6.61,6.61
2026-09-08,4943,7.0,49548,7.0,7.0,7.0
2026-09-09,4943,7.29,42287,7.29,7.29,7.29
2026-09-10,4943,7.2,34197,7.2,7.2,7.2
2026-09-11,4943,7.29,10668,7.29,7.29,7.29
2026-09-14,4943,7.35,75716,7.35,7.35,7.35
2026-09-15,4943,7.53,8485,7.53,7.53,7.53
2026-09-16,4943,7.38,36503,7.38,7.38,7.38
2026-09-17,4943,7.36,22701,7.36,7.36,7.36
2026-09-18,4943,7.18,57777,7.18,7.18,7.18
2026-09-21,4943,7.1,18991,7.1,7.1,7.1
2026-09-22,4943,7.01,18281,7.01,7.01,7.01
2026-09-23,4943,7.0,65927,7.0,7.0,7.0
2026-09-24,4943,6.99,8959,6.99,6.99,6.99
2026-09-29,4943,6.98,16653,6.98,6.98,6.98
2026-09-30,4943,6.91,8611,6.91,6.91,6.91
2026-10-01,4943,6.67,50554,6.67,6.67,6.67
2026-10-02,4943,6.69,66281,6.69,6.69,6.69
2026-10-05,4943,6.72,36612,6.72,6.72,6.72
2026-09-07,4949,77.2,387145,77.2,77.2,77.2
2026-09-08,4949,76.5,333569,76.5,76.5,76.5
2026-09-09,4949,76.9,353342,76.9,76.9,76.9
2026-09-10,4949,76.7,300151,76.7,76.7,76.7
2026-09-11,4949,76.5,1073623,76.5,76.5,76.5
2026-09-14,4949,72.6,736607,72.6,72.6,72.6
2026-09-15,4949,71.5,371204,71.5,71.5,71.5
2026-09-16,4949,72.0,218795,72.0,72.0,72.0
2026-09-17,4949,73.6,629154,73.6,73.6,73.6
2026-09-18,4949,74.6,267424,74.6,74.6,74.6
2026-09-21,4949,77.0,1400509,77.0,77.0,77.0
2026-09-22,4949,75.6,829985,75.6,75.6,75.6
2026-09-23,4949,73.6,344448,73.6,73.6,73.6
2026-09-24,4949,74.6,238177,74.6,74.6,74.6
2026-09-29,4949,76.0,499018,76.0,76.0,76.0
2026-09-30,4949,76.3,382077,76.3,76.3,76.3
2026-10-01,4949,75.9,269362,75.9,75.9,75.9
2026-10-02,4949,77.7,488501,77.7,77.7,77.7
2026-10-05,4949,82.5,2937766,82.5,82.5,82.5
2026-09-07,4952,50.6,298136,50.6,50.6,50.6
2026-09-08,4952,48.6,439269,48.6,48.6,48.6
2026-09-09,4952,48.05,280927,48.05,48.05,48.05
2026-09-10,4952,48.1,300572,48.1,48.1,48.1
2026-09-11,4952,47.25,191547,47.25,47.25,47.25
2026-09-14,4952,47.2,128795,47.2,47.2,47.2
2026-09-15,4952,46.15,180271,46.15,46.15,46.15
2026-09-16,4952,47.35,151140,47.35,47.35,47.35
2026-09-17,4952,47.45,172696,47.45,47.45,47.45
2026-09-18,4952,47.9,202847,47.9,47.9,47.9
2026-09-21,4952,48.6,222650,48.6,48.6,48.6
2026-09-22,4952,49.05,359816,49.05,49.05,49.05
2026-09-23,4952,48.85,117237,48.85,48.85,48.85
2026-09-24,4952,48.95,112021,48.95,48.95,48.95
2026-09-29,4952,49.2,115759,49.2,49.2,49.2
2026-09-30,4952,49.4,152291,49.4,49.4,49.4
2026-10-01,4952,49.65,304454,49.65,49.65,49.65
2026-10-02,4952,50.8,361631,50.8,50.8,50.8
2026-10-05,4952,50.3,261855,50.3,50.3,50.3
2026-09-07,4956,35.1,4125899,35.1,35.1,35.1
2026-09-08,4956,34.1,1610806,34.1,34.1,34.1
2026-09-09,4956,34.0,1440534,34.0,34.0,34.0
2026-09-10,4956,33.8,1094077,33.8,33.8,33.8
2026-09-11,4956,32.05,1323223,32.05,32.05,32.05
2026-09-14,4956,33.4,1702877,33.4,33.4,33.4
2026-09-15,4956,32.05,1010476,32.05,32.05,32.05
2026-09-16,4956,35.25,7633753,35.25,35.25,35.25
2026-09-17,4956,38.75,8496611,38.75,38.75,38.75
2026-09-18,4956,42.6,23944980,42.6,42.6,42.6
2026-09-21,4956,46.85,27061766,46.85,46.85,46.85
2026-09-22,4956,42.2,23195519,42.2,42.2,42.2
2026-09-23,4956,43.55,28884688,43.55,43.55,43.55
2026-09-24,4956,44.5,22783493,44.5,44.5,44.5
2026-09-29,4956,46.0,16057652,46.0,46.0,46.0
2026-09-30,4956,46.5,30014622,46.5,46.5,46.5
2026-10-01,4956,47.25,21286091,47.25,47.25,47.25
2026-10-02,4956,46.4,9885585,46.4,46.4,46.4
2026-10-05,4956,45.55,12675550,45.55,45.55,45.55
2026-09-07,4958,501.0,34247775,501.0,501.0,501.0
2026-09-08,4958,505.0,33442577,505.0,505.0,505.0
2026-09-09,4958,502.0,18639881,502.0,502.0,502.0
2026-09-10,4958,494.5,16351309,494.5,494.5,494.5
2026-09-11,4958,495.0,18746769,495.0,495.0,495.0
2026-09-14,4958,489.5,18946773,489.5,489.5,489.5
2026-09-15,4958,477.5,19168557,477.5,477.5,477.5
2026-09-16,4958,493.5,21886748,493.5,493.5,493.5
2026-09-17,4958,476.0,26008525,476.0,476.0,476.0
2026-09-18,4958,473.0,29899628,473.0,473.0,473.0
2026-09-21,4958,470.0,26718285,470.0,470.0,470.0
2026-09-22,4958,489.0,45198008,489.0,489.0,489.0
2026-09-23,4958,473.0,39517300,473.0,473.0,473.0
2026-09-24,4958,475.5,20619766,475.5,475.5,475.5
2026-09-29,4958,498.5,41991459,498.5,498.5,498.5
2026-09-30,4958,507.0,30846660,507.0,507.0,507.0
2026-10-01,4958,510.0,31694640,510.0,510.0,510.0
2026-10-02,4958,561.0,69348102,561.0,561.0,561.0
2026-10-05,4958,576.0,56786688,576.0,576.0,576.0
2026-09-07,4960,21.0,1219728,21.0,21.0,21.0
2026-09-08,4960,20.65,1561141,20.65,20.65,20.65
2026-09-09,4960,20.85,1383561,20.85,20.85,20.85
2026-09-10,4960,20.5,1335094,20.5,20.5,20.5
2026-09-11,4960,20.25,1259946,20.25,20.25,20.25
2026-09-14,4960,19.95,1117203,19.95,19.95,19.95
2026-09-15,4960,19.5,1915556,19.5,19.5,19.5
2026-09-16,4960,20.0,1719437,20.0,20.0,20.0
2026-09-17,4960,22.0,7450308,22.0,22.0,22.0
2026-09-18,4960,22.9,19107976,22.9,22.9,22.9
2026-09-21,4960,23.45,10818233,23.45,23.45,23.45
2026-09-22,4960,23.4,11027992,23.4,23.4,23.4
2026-09-23,4960,22.75,5690438,22.75,22.75,22.75
2026-09-24,4960,22.45,2974800,22.45,22.45,22.45
2026-09-29,4960,23.45,5046690,23.45,23.45,23.45
2026-09-30,4960,24.4,9365650,24.4,24.4,24.4
2026-10-01,4960,23.9,5391096,23.9,23.9,23.9
2026-10-02,4960,24.55,5244982,24.55,24.55,24.55
2026-10-05,4960,24.0,5141054,24.0,24.0,24.0
2026-09-07,4961,165.5,293157,165.5,165.5,165.5
2026-09-08,4961,177.5,3232322,177.5,177.5,177.5
2026-09-09,4961,177.0,1432999,177.0,177.0,177.0
2026-09-10,4961,172.5,633388,172.5,172.5,172.5
2026-09-11,4961,170.0,691906,170.0,170.0,170.0
2026-09-14,4961,178.0,1394040,178.0,178.0,178.0
2026-09-15,4961,178.5,1273246,178.5,178.5,178.5
2026-09-16,4961,181.0,1833790,181.0,181.0,181.0
2026-09-17,4961,181.0,1702024,181.0,181.0,181.0
2026-09-18,4961,183.5,1228112,183.5,183.5,183.5
2026-09-21,4961,181.5,699260,181.5,181.5,181.5
2026-09-22,4961,180.5,946443,180.5,180.5,180.5
2026-09-23,4961,178.5,559217,178.5,178.5,178.5
2026-09-24,4961,180.5,430723,180.5,180.5,180.5
2026-09-29,4961,184.5,1610173,184.5,184.5,184.5
2026-09-30,4961,181.0,1363490,181.0,181.0,181.0
2026-10-01,4961,186.0,2413984,186.0,186.0,186.0
2026-10-02,4961,183.5,1175838,183.5,183.5,183.5
2026-10-05,4961,184.0,926608,184.0,184.0,184.0
2026-09-07,4967,277.5,3402723,277.5,277.5,277.5
2026-09-08,4967,280.5,7121214,280.5,280.5,280.5
2026-09-09,4967,281.5,4793931,281.5,281.5,281.5
2026-09-10,4967,276.5,2438528,276.5,276.5,276.5
2026-09-11,4967,280.5,3105493,280.5,280.5,280.5
2026-09-14,4967,273.5,2704918,273.5,273.5,273.5
2026-09-15,4967,266.0,2851415,266.0,266.0,266.0
2026-09-16,4967,275.0,1951254,275.0,275.0,275.0
2026-09-17,4967,271.0,1803089,271.0,271.0,271.0
2026-09-18,4967,277.0,4140493,277.0,277.0,277.0
2026-09-21,4967,276.5,1625376,276.5,276.5,276.5
2026-09-22,4967,272.0,1821361,272.0,272.0,272.0
2026-09-23,4967,272.0,1215890,272.0,272.0,272.0
2026-09-24,4967,272.5,1081769,272.5,272.5,272.5
2026-09-29,4967,272.0,572713,272.0,272.0,272.0
2026-09-30,4967,275.0,1312927,275.0,275.0,275.0
2026-10-01,4967,272.0,1098693,272.0,272.0,272.0
2026-10-02,4967,273.0,1321488,273.0,273.0,273.0
2026-10-05,4967,269.5,2556228,269.5,269.5,269.5
2026-09-07,4968,90.3,257812,90.3,90.3,90.3
2026-09-08,4968,89.0,408887,89.0,89.0,89.0
2026-09-09,4968,89.8,231566,89.8,89.8,89.8
2026-09-10,4968,88.8,230269,88.8,88.8,88.8
2026-09-11,4968,88.2,236603,88.2,88.2,88.2
2026-09-14,4968,89.0,319082,89.0,89.0,89.0
2026-09-15,4968,88.0,154292,88.0,88.0,88.0
2026-09-16,4968,89.7,217407,89.7,89.7,89.7
2026-09-17,4968,91.6,397661,91.6,91.6,91.6
2026-09-18,4968,92.0,341161,92.0,92.0,92.0
2026-09-21,4968,92.5,198593,92.5,92.5,92.5
2026-09-22,4968,92.9,385332,92.9,92.9,92.9
2026-09-23,4968,92.0,165251,92.0,92.0,92.0
2026-09-24,4968,92.5,207951,92.5,92.5,92.5
2026-09-29,4968,92.8,264713,92.8,92.8,92.8
2026-09-30,4968,96.6,669041,96.6,96.6,96.6
2026-10-01,4968,101.0,2244713,101.0,101.0,101.0
2026-10-02,4968,101.5,1136293,101.5,101.5,101.5
2026-10-05,4968,99.1,648319,99.1,99.1,99.1
2026-09-07,4976,37.2,2668683,37.2,37.2,37.2
2026-09-08,4976,36.7,1726227,36.7,36.7,36.7
2026-09-09,4976,37.7,1447428,37.7,37.7,37.7
2026-09-10,4976,36.9,1179041,36.9,36.9,36.9
2026-09-11,4976,36.1,1189067,36.1,36.1,36.1
2026-09-14,4976,35.0,1274281,35.0,35.0,35.0
2026-09-15,4976,34.9,783006,34.9,34.9,34.9
2026-09-16,4976,36.3,2182767,36.3,36.3,36.3
2026-09-17,4976,35.9,927355,35.9,35.9,35.9
2026-09-18,4976,36.6,930903,36.6,36.6,36.6
2026-09-21,4976,36.75,879122,36.75,36.75,36.75
2026-09-22,4976,35.95,882227,35.95,35.95,35.95
2026-09-23,4976,35.25,662568,35.25,35.25,35.25
2026-09-24,4976,35.2,528809,35.2,35.2,35.2
2026-09-29,4976,35.5,455830,35.5,35.5,35.5
2026-09-30,4976,35.8,552113,35.8,35.8,35.8
2026-10-01,4976,36.05,847068,36.05,36.05,36.05
2026-10-02,4976,36.3,461081,36.3,36.3,36.3
2026-10-05,4976,37.4,2705181,37.4,37.4,37.4
2026-09-07,4977,179.5,4658535,179.5,179.5,179.5
2026-09-08,4977,173.0,2716824,173.0,173.0,173.0
2026-09-09,4977,170.5,4955917,170.5,170.5,170.5
2026-09-10,4977,173.0,3408383,173.0,173.0,173.0
2026-09-11,4977,175.0,3931111,175.0,175.0,175.0
2026-09-14,4977,167.0,1991220,167.0,167.0,167.0
2026-09-15,4977,160.5,2090246,160.5,160.5,160.5
2026-09-16,4977,176.5,5346322,176.5,176.5,176.5
2026-09-17,4977,173.0,6116371,173.0,173.0,173.0
2026-09-18,4977,175.0,3420485,175.0,175.0,175.0
2026-09-21,4977,174.0,1462152,174.0,174.0,174.0
2026-09-22,4977,170.5,2483549,170.5,170.5,170.5
2026-09-23,4977,166.5,1549244,166.5,166.5,166.5
2026-09-24,4977,168.5,962856,168.5,168.5,168.5
2026-09-29,4977,168.5,1245907,168.5,168.5,168.5
2026-09-30,4977,169.0,2213717,169.0,169.0,169.0
2026-10-01,4977,170.5,1199078,170.5,170.5,170.5
2026-10-02,4977,175.5,5207603,175.5,175.5,175.5
2026-10-05,4977,175.0,4552619,175.0,175.0,175.0
2026-09-07,4989,61.8,2697045,61.8,61.8,61.8
2026-09-08,4989,60.3,2454256,60.3,60.3,60.3
2026-09-09,4989,61.5,1736758,61.5,61.5,61.5
2026-09-10,4989,62.2,4872263,62.2,62.2,62.2
2026-09-11,4989,60.1,2477255,60.1,60.1,60.1
2026-09-14,4989,60.0,3185644,60.0,60.0,60.0
2026-09-15,4989,58.3,2251477,58.3,58.3,58.3
2026-09-16,4989,61.3,2313672,61.3,61.3,61.3
2026-09-17,4989,59.9,3294222,59.9,59.9,59.9
2026-09-18,4989,61.0,1871051,61.0,61.0,61.0
2026-09-21,4989,60.9,1394120,60.9,60.9,60.9
2026-09-22,4989,60.7,2184268,60.7,60.7,60.7
2026-09-23,4989,59.9,1823055,59.9,59.9,59.9
2026-09-24,4989,59.4,1972543,59.4,59.4,59.4
2026-09-29,4989,59.5,1431027,59.5,59.5,59.5
2026-09-30,4989,61.0,2282700,61.0,61.0,61.0
2026-10-01,4989,61.1,1665543,61.1,61.1,61.1
2026-10-02,4989,63.9,7789340,63.9,63.9,63.9
2026-10-05,4989,70.2,19469537,70.2,70.2,70.2
2026-09-07,4994,81.7,16153,81.7,81.7,81.7
2026-09-08,4994,81.9,6687,81.9,81.9,81.9
2026-09-09,4994,84.5,16003,84.5,84.5,84.5
2026-09-10,4994,83.0,16213,83.0,83.0,83.0
2026-09-11,4994,82.8,3809,82.8,82.8,82.8
2026-09-14,4994,81.0,11505,81.0,81.0,81.0
2026-09-15,4994,81.3,7212,81.3,81.3,81.3
2026-09-16,4994,82.9,2000,82.9,82.9,82.9
2026-09-17,4994,81.5,15556,81.5,81.5,81.5
2026-09-18,4994,80.7,54160,80.7,80.7,80.7
2026-09-21,4994,83.0,26066,83.0,83.0,83.0
2026-09-22,4994,83.1,8001,83.1,83.1,83.1
2026-09-23,4994,82.5,19006,82.5,82.5,82.5
2026-09-24,4994,82.5,10616,82.5,82.5,82.5
2026-09-29,4994,82.3,8694,82.3,82.3,82.3
2026-09-30,4994,81.8,12902,81.8,81.8,81.8
2026-10-01,4994,81.6,10235,81.6,81.6,81.6
2026-10-02,4994,81.0,96382,81.0,81.0,81.0
2026-10-05,4994,81.3,22581,81.3,81.3,81.3
2026-09-07,4999,18.35,40088,18.35,18.35,18.35
2026-09-08,4999,18.05,53875,18.05,18.05,18.05
2026-09-09,4999,18.05,58813,18.05,18.05,18.05
2026-09-10,4999,18.1,46075,18.1,18.1,18.1
2026-09-11,4999,18.05,21631,18.05,18.05,18.05
2026-09-14,4999,17.9,58142,17.9,17.9,17.9
2026-09-15,4999,17.95,10262,17.95,17.95,17.95
2026-09-16,4999,17.85,36320,17.85,17.85,17.85
2026-09-17,4999,17.9,62266,17.9,17.9,17.9
2026-09-18,4999,17.9,43320,17.9,17.9,17.9
2026-09-21,4999,17.9,36692,17.9,17.9,17.9
2026-09-22,4999,17.9,90264,17.9,17.9,17.9
2026-09-23,4999,17.9,59360,17.9,17.9,17.9
2026-09-24,4999,17.95,11203,17.95,17.95,17.95
2026-09-29,4999,17.7,37859,17.7,17.7,17.7
2026-09-30,4999,17.85,36315,17.85,17.85,17.85
2026-10-01,4999,17.65,68134,17.65,17.65,17.65
2026-10-02,4999,17.85,249825,17.85,17.85,17.85
2026-10-05,4999,17.9,47155,17.9,17.9,17.9
2026-09-07,5007,56.6,110153,56.6,56.6,56.6
2026-09-08,5007,56.6,54849,56.6,56.6,56.6
2026-09-09,5007,56.6,26764,56.6,56.6,56.6
2026-09-10,5007,56.2,178016,56.2,56.2,56.2
2026-09-11,5007,55.8,28121,55.8,55.8,55.8
2026-09-14,5007,55.7,25520,55.7,55.7,55.7
2026-09-15,5007,55.6,22104,55.6,55.6,55.6
2026-09-16,5007,55.6,32010,55.6,55.6,55.6
2026-09-17,5007,55.6,19177,55.6,55.6,55.6
2026-09-18,5007,55.6,25074,55.6,55.6,55.6
2026-09-21,5007,55.3,18356,55.3,55.3,55.3
2026-09-22,5007,55.5,6567,55.5,55.5,55.5
2026-09-23,5007,56.0,60375,56.0,56.0,56.0
2026-09-24,5007,55.6,66094,55.6,55.6,55.6
2026-09-29,5007,55.4,42297,55.4,55.4,55.4
2026-09-30,5007,56.4,86561,56.4,56.4,56.4
2026-10-01,5007,56.4,8786,56.4,56.4,56.4
2026-10-02,5007,55.9,13129,55.9,55.9,55.9
2026-10-05,5007,55.8,24168,55.8,55.8,55.8
2026-09-07,5203,58.2,116488,58.2,58.2,58.2
2026-09-08,5203,56.6,239909,56.6,56.6,56.6
2026-09-09,5203,56.3,133016,56.3,56.3,56.3
2026-09-10,5203,55.6,112209,55.6,55.6,55.6
2026-09-11,5203,55.8,71930,55.8,55.8,55.8
2026-09-14,5203,57.7,161856,57.7,57.7,57.7
2026-09-15,5203,56.8,162501,56.8,56.8,56.8
2026-09-16,5203,57.2,123745,57.2,57.2,57.2
2026-09-17,5203,58.2,113822,58.2,58.2,58.2
2026-09-18,5203,58.0,164544,58.0,58.0,58.0
2026-09-21,5203,58.6,47034,58.6,58.6,58.6
2026-09-22,5203,58.6,66810,58.6,58.6,58.6
2026-09-23,5203,58.1,32459,58.1,58.1,58.1
2026-09-24,5203,58.3,67344,58.3,58.3,58.3
2026-09-29,5203,58.6,147899,58.6,58.6,58.6
2026-09-30,5203,58.4,82172,58.4,58.4,58.4
2026-10-01,5203,58.2,69274,58.2,58.2,58.2
2026-10-02,5203,57.9,61552,57.9,57.9,57.9
2026-10-05,5203,60.2,488619,60.2,60.2,60.2
2026-09-07,5215,39.0,21100,39.0,39.0,39.0
2026-09-08,5215,38.4,30988,38.4,38.4,38.4
2026-09-09,5215,38.85,14046,38.85,38.85,38.85
2026-09-10,5215,38.5,22354,38.5,38.5,38.5
2026-09-11,5215,38.45,49725,38.45,38.45,38.45
2026-09-14,5215,37.5,36200,37.5,37.5,37.5
2026-09-15,5215,37.25,32355,37.25,37.25,37.25
2026-09-16,5215,37.5,33935,37.5,37.5,37.5
2026-09-17,5215,37.65,22903,37.65,37.65,37.65
2026-09-18,5215,37.95,13355,37.95,37.95,37.95
2026-09-21,5215,37.7,34234,37.7,37.7,37.7
2026-09-22,5215,38.0,18000,38.0,38.0,38.0
2026-09-23,5215,37.95,14492,37.95,37.95,37.95
2026-09-24,5215,37.95,20000,37.95,37.95,37.95
2026-09-29,5215,37.3,30159,37.3,37.3,37.3
2026-09-30,5215,37.9,14700,37.9,37.9,37.9
2026-10-01,5215,37.75,31621,37.75,37.75,37.75
2026-10-02,5215,38.25,12601,38.25,38.25,38.25
2026-10-05,5215,37.65,31093,37.65,37.65,37.65
2026-09-07,5222,105.5,144019,105.5,105.5,105.5
2026-09-08,5222,104.0,165821,104.0,104.0,104.0
2026-09-09,5222,104.5,137242,104.5,104.5,104.5
2026-09-10,5222,103.5,134197,103.5,103.5,103.5
2026-09-11,5222,103.0,176204,103.0,103.0,103.0
2026-09-14,5222,102.0,107732,102.0,102.0,102.0
2026-09-15,5222,101.0,135048,101.0,101.0,101.0
2026-09-16,5222,103.0,71653,103.0,103.0,103.0
2026-09-17,5222,103.5,135731,103.5,103.5,103.5
2026-09-18,5222,103.5,174178,103.5,103.5,103.5
2026-09-21,5222,106.5,281650,106.5,106.5,106.5
2026-09-22,5222,107.5,185976,107.5,107.5,107.5
2026-09-23,5222,106.0,126812,106.0,106.0,106.0
2026-09-24,5222,105.0,113167,105.0,105.0,105.0
2026-09-29,5222,104.5,159423,104.5,104.5,104.5
2026-09-30,5222,106.5,134599,106.5,106.5,106.5
2026-10-01,5222,106.5,118037,106.5,106.5,106.5
2026-10-02,5222,107.5,200014,107.5,107.5,107.5
2026-10-05,5222,105.5,176202,105.5,105.5,105.5
2026-09-07,5225,56.4,591260,56.4,56.4,56.4
2026-09-08,5225,54.7,364090,54.7,54.7,54.7
2026-09-09,5225,53.9,357785,53.9,53.9,53.9
2026-09-10,5225,53.7,301349,53.7,53.7,53.7
2026-09-11,5225,53.0,288538,53.0,53.0,53.0
2026-09-14,5225,53.1,204250,53.1,53.1,53.1
2026-09-15,5225,53.2,152923,53.2,53.2,53.2
2026-09-16,5225,54.3,181936,54.3,54.3,54.3
2026-09-17,5225,54.7,80681,54.7,54.7,54.7
2026-09-18,5225,55.1,94571,55.1,55.1,55.1
2026-09-21,5225,55.7,177660,55.7,55.7,55.7
2026-09-22,5225,55.9,142404,55.9,55.9,55.9
2026-09-23,5225,56.2,148449,56.2,56.2,56.2
2026-09-24,5225,56.2,116779,56.2,56.2,56.2
2026-09-29,5225,55.3,116342,55.3,55.3,55.3
2026-09-30,5225,55.4,94519,55.4,55.4,55.4
2026-10-01,5225,55.5,64304,55.5,55.5,55.5
2026-10-02,5225,55.5,78050,55.5,55.5,55.5
2026-10-05,5225,54.4,253263,54.4,54.4,54.4
2026-09-07,5234,302.0,219593,302.0,302.0,302.0
2026-09-08,5234,296.0,189626,296.0,296.0,296.0
2026-09-09,5234,296.5,147361,296.5,296.5,296.5
2026-09-10,5234,290.0,294827,290.0,290.0,290.0
2026-09-11,5234,287.0,320279,287.0,287.0,287.0
2026-09-14,5234,282.5,107659,282.5,282.5,282.5
2026-09-15,5234,282.5,146939,282.5,282.5,282.5
2026-09-16,5234,282.5,119659,282.5,282.5,282.5
2026-09-17,5234,294.0,299522,294.0,294.0,294.0
2026-09-18,5234,296.0,201036,296.0,296.0,296.0
2026-09-21,5234,292.5,154000,292.5,292.5,292.5
2026-09-22,5234,296.5,211656,296.5,296.5,296.5
2026-09-23,5234,295.5,174819,295.5,295.5,295.5
2026-09-24,5234,293.0,103977,293.0,293.0,293.0
2026-09-29,5234,322.0,635167,322.0,322.0,322.0
2026-09-30,5234,308.5,1311283,308.5,308.5,308.5
2026-10-01,5234,302.5,458163,302.5,302.5,302.5
2026-10-02,5234,312.0,741353,312.0,312.0,312.0
2026-10-05,5234,307.0,489838,307.0,307.0,307.0
2026-09-07,5236,137.5,59919,137.5,137.5,137.5
2026-09-08,5236,134.5,105112,134.5,134.5,134.5
2026-09-09,5236,135.5,44284,135.5,135.5,135.5
2026-09-10,5236,134.5,49781,134.5,134.5,134.5
2026-09-11,5236,131.0,157267,131.0,131.0,131.0
2026-09-14,5236,130.0,65672,130.0,130.0,130.0
2026-09-15,5236,130.0,38973,130.0,130.0,130.0
2026-09-16,5236,131.0,62521,131.0,131.0,131.0
2026-09-17,5236,132.5,69285,132.5,132.5,132.5
2026-09-18,5236,134.0,61787,134.0,134.0,134.0
2026-09-21,5236,134.5,45797,134.5,134.5,134.5
2026-09-22,5236,135.5,104676,135.5,135.5,135.5
2026-09-23,5236,136.5,64826,136.5,136.5,136.5
2026-09-24,5236,135.5,49832,135.5,135.5,135.5
2026-09-29,5236,135.5,48510,135.5,135.5,135.5
2026-09-30,5236,137.5,106889,137.5,137.5,137.5
2026-10-01,5236,137.0,65712,137.0,137.0,137.0
2026-10-02,5236,135.5,84722,135.5,135.5,135.5
2026-10-05,5236,134.0,142449,134.0,134.0,134.0
2026-09-07,5243,95.4,2774701,95.4,95.4,95.4
2026-09-08,5243,91.6,1133051,91.6,91.6,91.6
2026-09-09,5243,92.2,565171,92.2,92.2,92.2
2026-09-10,5243,90.2,932467,90.2,90.2,90.2
2026-09-11,5243,89.6,802438,89.6,89.6,89.6
2026-09-14,5243,86.3,568415,86.3,86.3,86.3
2026-09-15,5243,85.3,607190,85.3,85.3,85.3
2026-09-16,5243,88.4,556123,88.4,88.4,88.4
2026-09-17,5243,88.8,1364841,88.8,88.8,88.8
2026-09-18,5243,90.3,592159,90.3,90.3,90.3
2026-09-21,5243,89.8,557156,89.8,89.8,89.8
2026-09-22,5243,88.5,840469,88.5,88.5,88.5
2026-09-23,5243,87.5,655551,87.5,87.5,87.5
2026-09-24,5243,89.1,570817,89.1,89.1,89.1
2026-09-29,5243,88.7,593023,88.7,88.7,88.7
2026-09-30,5243,91.5,1599795,91.5,91.5,91.5
2026-10-01,5243,93.2,1158249,93.2,93.2,93.2
2026-10-02,5243,93.9,1201056,93.9,93.9,93.9
2026-10-05,5243,95.7,1920258,95.7,95.7,95.7
2026-09-07,5244,34.25,275001,34.25,34.25,34.25
2026-09-08,5244,34.5,114214,34.5,34.5,34.5
2026-09-09,5244,34.65,74113,34.65,34.65,34.65
2026-09-10,5244,34.3,149711,34.3,34.3,34.3
2026-09-11,5244,33.8,70142,33.8,33.8,33.8
2026-09-14,5244,33.5,181723,33.5,33.5,33.5
2026-09-15,5244,33.95,58248,33.95,33.95,33.95
2026-09-16,5244,34.8,177558,34.8,34.8,34.8
2026-09-17,5244,35.45,253798,35.45,35.45,35.45
2026-09-18,5244,36.9,477052,36.9,36.9,36.9
2026-09-21,5244,36.5,243792,36.5,36.5,36.5
2026-09-22,5244,35.75,143797,35.75,35.75,35.75
2026-09-23,5244,35.55,100453,35.55,35.55,35.55
2026-09-24,5244,35.75,69528,35.75,35.75,35.75
2026-09-29,5244,35.5,81001,35.5,35.5,35.5
2026-09-30,5244,35.6,63010,35.6,35.6,35.6
2026-10-01,5244,35.75,48300,35.75,35.75,35.75
2026-10-02,5244,37.85,641544,37.85,37.85,37.85
2026-10-05,5244,37.45,346835,37.45,37.45,37.45
2026-09-07,5258,45.9,445039,45.9,45.9,45.9
2026-09-08,5258,44.3,680239,44.3,44.3,44.3
2026-09-09,5258,44.35,164191,44.35,44.35,44.35
2026-09-10,5258,44.95,217743,44.95,44.95,44.95
2026-09-11,5258,42.35,768565,42.35,42.35,42.35
2026-09-14,5258,42.3,212019,42.3,42.3,42.3
2026-09-15,5258,41.95,137123,41.95,41.95,41.95
2026-09-16,5258,42.0,118667,42.0,42.0,42.0
2026-09-17,5258,42.65,326309,42.65,42.65,42.65
2026-09-18,5258,42.3,140320,42.3,42.3,42.3
2026-09-21,5258,43.2,369627,43.2,43.2,43.2
2026-09-22,5258,42.4,348660,42.4,42.4,42.4
2026-09-23,5258,41.05,490340,41.05,41.05,41.05
2026-09-24,5258,41.4,213538,41.4,41.4,41.4
2026-09-29,5258,41.2,113462,41.2,41.2,41.2
2026-09-30,5258,42.4,211970,42.4,42.4,42.4
2026-10-01,5258,42.25,236387,42.25,42.25,42.25
2026-10-02,5258,42.0,130668,42.0,42.0,42.0
2026-10-05,5258,41.5,245840,41.5,41.5,41.5
2026-09-07,5269,1440.0,327722,1440.0,1440.0,1440.0
2026-09-08,5269,1400.0,468647,1400.0,1400.0,1400.0
2026-09-09,5269,1395.0,293682,1395.0,1395.0,1395.0
2026-09-10,5269,1360.0,365647,1360.0,1360.0,1360.0
2026-09-11,5269,1315.0,506590,1315.0,1315.0,1315.0
2026-09-14,5269,1365.0,381292,1365.0,1365.0,1365.0
2026-09-15,5269,1370.0,283562,1370.0,1370.0,1370.0
2026-09-16,5269,1475.0,1571251,1475.0,1475.0,1475.0
2026-09-17,5269,1480.0,888674,1480.0,1480.0,1480.0
2026-09-18,5269,1495.0,775736,1495.0,1495.0,1495.0
2026-09-21,5269,1475.0,382204,1475.0,1475.0,1475.0
2026-09-22,5269,1475.0,452300,1475.0,1475.0,1475.0
2026-09-23,5269,1480.0,297298,1480.0,1480.0,1480.0
2026-09-24,5269,1480.0,285085,1480.0,1480.0,1480.0
2026-09-29,5269,1475.0,255261,1475.0,1475.0,1475.0
2026-09-30,5269,1460.0,321237,1460.0,1460.0,1460.0
2026-10-01,5269,1475.0,208165,1475.0,1475.0,1475.0
2026-10-02,5269,1460.0,254442,1460.0,1460.0,1460.0
2026-10-05,5269,1475.0,306940,1475.0,1475.0,1475.0
2026-09-07,5283,54.1,80891,54.1,54.1,54.1
2026-09-08,5283,54.0,76378,54.0,54.0,54.0
2026-09-09,5283,54.7,59818,54.7,54.7,54.7
2026-09-10,5283,54.1,28885,54.1,54.1,54.1
2026-09-11,5283,53.1,81524,53.1,53.1,53.1
2026-09-14,5283,53.6,35446,53.6,53.6,53.6
2026-09-15,5283,52.9,23254,52.9,52.9,52.9
2026-09-16,5283,52.9,20063,52.9,52.9,52.9
2026-09-17,5283,53.3,39571,53.3,53.3,53.3
2026-09-18,5283,56.3,103579,56.3,56.3,56.3
2026-09-21,5283,54.6,72693,54.6,54.6,54.6
2026-09-22,5283,54.2,30216,54.2,54.2,54.2
2026-09-23,5283,53.5,70610,53.5,53.5,53.5
2026-09-24,5283,53.0,55976,53.0,53.0,53.0
2026-09-29,5283,52.6,36234,52.6,52.6,52.6
2026-09-30,5283,52.8,59873,52.8,52.8,52.8
2026-10-01,5283,53.0,18316,53.0,53.0,53.0
2026-10-02,5283,52.5,112580,52.5,52.5,52.5
2026-10-05,5283,52.1,156113,52.1,52.1,52.1
2026-09-07,5284,318.5,1032297,318.5,318.5,318.5
2026-09-08,5284,309.5,366710,309.5,309.5,309.5
2026-09-09,5284,314.0,143638,314.0,314.0,314.0
2026-09-10,5284,308.0,137003,308.0,308.0,308.0
2026-09-11,5284,297.5,296123,297.5,297.5,297.5
2026-09-14,5284,297.0,195496,297.0,297.0,297.0
2026-09-15,5284,290.0,207016,290.0,290.0,290.0
2026-09-16,5284,292.0,198723,292.0,292.0,292.0
2026-09-17,5284,293.5,232501,293.5,293.5,293.5
2026-09-18,5284,297.0,85127,297.0,297.0,297.0
2026-09-21,5284,300.0,197511,300.0,300.0,300.0
2026-09-22,5284,302.0,550582,302.0,302.0,302.0
2026-09-23,5284,301.0,250007,301.0,301.0,301.0
2026-09-24,5284,295.5,356041,295.5,295.5,295.5
2026-09-29,5284,300.0,260949,300.0,300.0,300.0
2026-09-30,5284,299.5,233706,299.5,299.5,299.5
2026-10-01,5284,298.0,160096,298.0,298.0,298.0
2026-10-02,5284,293.5,212857,293.5,293.5,293.5
2026-10-05,5284,301.0,277661,301.0,301.0,301.0
2026-09-07,5285,87.7,628217,87.7,87.7,87.7
2026-09-08,5285,85.9,769712,85.9,85.9,85.9
2026-09-09,5285,84.0,1088481,84.0,84.0,84.0
2026-09-10,5285,83.8,1905407,83.8,83.8,83.8
2026-09-11,5285,82.5,747385,82.5,82.5,82.5
2026-09-14,5285,87.5,1732852,87.5,87.5,87.5
2026-09-15,5285,83.4,1199764,83.4,83.4,83.4
2026-09-16,5285,84.0,778833,84.0,84.0,84.0
2026-09-17,5285,88.7,2105231,88.7,88.7,88.7
2026-09-18,5285,93.3,3063177,93.3,93.3,93.3
2026-09-21,5285,91.7,1787258,91.7,91.7,91.7
2026-09-22,5285,93.5,2089028,93.5,93.5,93.5
2026-09-23,5285,92.2,1526076,92.2,92.2,92.2
2026-09-24,5285,89.9,1236954,89.9,89.9,89.9
2026-09-29,5285,90.5,781129,90.5,90.5,90.5
2026-09-30,5285,90.1,789941,90.1,90.1,90.1
2026-10-01,5285,94.2,1550671,94.2,94.2,94.2
2026-10-02,5285,99.0,4941418,99.0,99.0,99.0
2026-10-05,5285,100.0,4730833,100.0,100.0,100.0
2026-09-07,5288,191.0,92039,191.0,191.0,191.0
2026-09-08,5288,186.0,120363,186.0,186.0,186.0
2026-09-09,5288,182.5,125804,182.5,182.5,182.5
2026-09-10,5288,182.5,92230,182.5,182.5,182.5
2026-09-11,5288,180.5,197949,180.5,180.5,180.5
2026-09-14,5288,182.5,52939,182.5,182.5,182.5
2026-09-15,5288,183.0,56501,183.0,183.0,183.0
2026-09-16,5288,185.5,50582,185.5,185.5,185.5
2026-09-17,5288,188.5,165937,188.5,188.5,188.5
2026-09-18,5288,189.0,205905,189.0,189.0,189.0
2026-09-21,5288,190.0,49150,190.0,190.0,190.0
2026-09-22,5288,189.0,70321,189.0,189.0,189.0
2026-09-23,5288,189.0,179277,189.0,189.0,189.0
2026-09-24,5288,187.5,101067,187.5,187.5,187.5
2026-09-29,5288,186.5,103079,186.5,186.5,186.5
2026-09-30,5288,183.5,377477,183.5,183.5,183.5
2026-10-01,5288,190.0,344431,190.0,190.0,190.0
2026-10-02,5288,188.5,131717,188.5,188.5,188.5
2026-10-05,5288,187.0,211918,187.0,187.0,187.0
2026-09-07,5292,220.0,100228,220.0,220.0,220.0
2026-09-08,5292,217.5,79586,217.5,217.5,217.5
2026-09-09,5292,223.5,163364,223.5,223.5,223.5
2026-09-10,5292,220.0,66578,220.0,220.0,220.0
2026-09-11,5292,217.0,59343,217.0,217.0,217.0
2026-09-14,5292,215.5,100669,215.5,215.5,215.5
2026-09-15,5292,209.0,133494,209.0,209.0,209.0
2026-09-16,5292,209.0,121916,209.0,209.0,209.0
2026-09-17,5292,216.5,103193,216.5,216.5,216.5
2026-09-18,5292,220.0,63191,220.0,220.0,220.0
2026-09-21,5292,218.0,41600,218.0,218.0,218.0
2026-09-22,5292,218.0,66003,218.0,218.0,218.0
2026-09-23,5292,218.5,87229,218.5,218.5,218.5
2026-09-24,5292,217.5,29227,217.5,217.5,217.5
2026-09-29,5292,218.5,36861,218.5,218.5,218.5
2026-09-30,5292,230.0,335629,230.0,230.0,230.0
2026-10-01,5292,237.0,489503,237.0,237.0,237.0
2026-10-02,5292,240.0,251935,240.0,240.0,240.0
2026-10-05,5292,247.0,359880,247.0,247.0,247.0
2026-09-07,5306,93.1,56045,93.1,93.1,93.1
2026-09-08,5306,92.7,45655,92.7,92.7,92.7
2026-09-09,5306,93.7,76328,93.7,93.7,93.7
2026-09-10,5306,93.0,71616,93.0,93.0,93.0
2026-09-11,5306,88.5,408857,88.5,88.5,88.5
2026-09-14,5306,89.0,108624,89.0,89.0,89.0
2026-09-15,5306,89.5,45128,89.5,89.5,89.5
2026-09-16,5306,89.7,75173,89.7,89.7,89.7
2026-09-17,5306,89.4,52601,89.4,89.4,89.4
2026-09-18,5306,88.1,129394,88.1,88.1,88.1
2026-09-21,5306,89.4,51053,89.4,89.4,89.4
2026-09-22,5306,89.3,46682,89.3,89.3,89.3
2026-09-23,5306,88.8,64669,88.8,88.8,88.8
2026-09-24,5306,88.7,24687,88.7,88.7,88.7
2026-09-29,5306,88.6,49248,88.6,88.6,88.6
2026-09-30,5306,88.8,49644,88.8,88.8,88.8
2026-10-01,5306,88.4,186616,88.4,88.4,88.4
2026-10-02,5306,88.0,176060,88.0,88.0,88.0
2026-10-05,5306,87.6,78098,87.6,87.6,87.6
2026-09-07,5388,75.3,1632581,75.3,75.3,75.3
2026-09-08,5388,73.5,4057357,73.5,73.5,73.5
2026-09-09,5388,73.0,1989934,73.0,73.0,73.0
2026-09-10,5388,71.1,3642279,71.1,71.1,71.1
2026-09-11,5388,71.7,2030590,71.7,71.7,71.7
2026-09-14,5388,71.0,1233523,71.0,71.0,71.0
2026-09-15,5388,72.0,1657783,72.0,72.0,72.0
2026-09-16,5388,71.9,1808126,71.9,71.9,71.9
2026-09-17,5388,73.9,2093845,73.9,73.9,73.9
2026-09-18,5388,73.6,1902797,73.6,73.6,73.6
2026-09-21,5388,72.9,1144838,72.9,72.9,72.9
2026-09-22,5388,72.3,1460640,72.3,72.3,72.3
2026-09-23,5388,72.6,1078057,72.6,72.6,72.6
2026-09-24,5388,73.4,1360869,73.4,73.4,73.4
2026-09-29,5388,71.7,2347623,71.7,71.7,71.7
2026-09-30,5388,71.5,1747043,71.5,71.5,71.5
2026-10-01,5388,71.3,2516492,71.3,71.3,71.3
2026-10-02,5388,71.8,1151325,71.8,71.8,71.8
2026-10-05,5388,71.7,1541060,71.7,71.7,71.7
2026-09-07,5434,541.0,442355,541.0,541.0,541.0
2026-09-08,5434,532.0,577176,532.0,532.0,532.0
2026-09-09,5434,535.0,570691,535.0,535.0,535.0
2026-09-10,5434,527.0,360993,527.0,527.0,527.0
2026-09-11,5434,527.0,425342,527.0,527.0,527.0
2026-09-14,5434,539.0,726308,539.0,539.0,539.0
2026-09-15,5434,537.0,424026,537.0,537.0,537.0
2026-09-16,5434,537.0,723499,537.0,537.0,537.0
2026-09-17,5434,530.0,611175,530.0,530.0,530.0
2026-09-18,5434,540.0,860162,540.0,540.0,540.0
2026-09-21,5434,537.0,372313,537.0,537.0,537.0
2026-09-22,5434,534.0,528157,534.0,534.0,534.0
2026-09-23,5434,542.0,505712,542.0,542.0,542.0
2026-09-24,5434,542.0,234099,542.0,542.0,542.0
2026-09-29,5434,540.0,390228,540.0,540.0,540.0
2026-09-30,5434,555.0,1043200,555.0,555.0,555.0
2026-10-01,5434,567.0,750830,567.0,567.0,567.0
2026-10-02,5434,583.0,1079002,583.0,583.0,583.0
2026-10-05,5434,620.0,1553309,620.0,620.0,620.0
2026-09-07,5469,72.3,678284,72.3,72.3,72.3
2026-09-08,5469,71.1,914139,71.1,71.1,71.1
2026-09-09,5469,72.4,799014,72.4,72.4,72.4
2026-09-10,5469,71.7,494686,71.7,71.7,71.7
2026-09-11,5469,72.3,1025524,72.3,72.3,72.3
2026-09-14,5469,72.3,884631,72.3,72.3,72.3
2026-09-15,5469,71.5,704295,71.5,71.5,71.5
2026-09-16,5469,74.7,2173084,74.7,74.7,74.7
2026-09-17,5469,73.0,2251688,73.0,73.0,73.0
2026-09-18,5469,72.8,2260341,72.8,72.8,72.8
2026-09-21,5469,73.5,769300,73.5,73.5,73.5
2026-09-22,5469,72.7,1107174,72.7,72.7,72.7
2026-09-23,5469,72.6,444885,72.6,72.6,72.6
2026-09-24,5469,73.0,491986,73.0,73.0,73.0
2026-09-29,5469,73.6,584373,73.6,73.6,73.6
2026-09-30,5469,74.0,1291750,74.0,74.0,74.0
2026-10-01,5469,74.6,1285551,74.6,74.6,74.6
2026-10-02,5469,75.9,1637219,75.9,75.9,75.9
2026-10-05,5469,78.4,3805771,78.4,78.4,78.4
2026-09-07,5471,61.0,2720356,61.0,61.0,61.0
2026-09-08,5471,55.0,4871986,55.0,55.0,55.0
2026-09-09,5471,54.1,1577479,54.1,54.1,54.1
2026-09-10,5471,53.1,1014008,53.1,53.1,53.1
2026-09-11,5471,51.5,1009528,51.5,51.5,51.5
2026-09-14,5471,51.1,774596,51.1,51.1,51.1
2026-09-15,5471,49.9,692885,49.9,49.9,49.9
2026-09-16,5471,50.7,469283,50.7,50.7,50.7
2026-09-17,5471,51.1,582120,51.1,51.1,51.1
2026-09-18,5471,52.1,884539,52.1,52.1,52.1
2026-09-21,5471,52.2,770060,52.2,52.2,52.2
2026-09-22,5471,52.3,757007,52.3,52.3,52.3
2026-09-23,5471,51.6,918631,51.6,51.6,51.6
2026-09-24,5471,51.7,758373,51.7,51.7,51.7
2026-09-29,5471,52.7,521664,52.7,52.7,52.7
2026-09-30,5471,52.3,728369,52.3,52.3,52.3
2026-10-01,5471,52.4,784557,52.4,52.4,52.4
2026-10-02,5471,53.5,997610,53.5,53.5,53.5
2026-10-05,5471,52.6,923722,52.6,52.6,52.6
2026-09-07,5484,39.4,101839,39.4,39.4,39.4
2026-09-08,5484,43.3,832855,43.3,43.3,43.3
2026-09-09,5484,41.65,1066794,41.65,41.65,41.65
2026-09-10,5484,40.0,394389,40.0,40.0,40.0
2026-09-11,5484,39.85,110596,39.85,39.85,39.85
2026-09-14,5484,39.45,107189,39.45,39.45,39.45
2026-09-15,5484,39.0,127616,39.0,39.0,39.0
2026-09-16,5484,39.7,127068,39.7,39.7,39.7
2026-09-17,5484,39.4,119140,39.4,39.4,39.4
2026-09-18,5484,39.35,105404,39.35,39.35,39.35
2026-09-21,5484,40.2,111050,40.2,40.2,40.2
2026-09-22,5484,39.4,174774,39.4,39.4,39.4
2026-09-23,5484,39.5,64492,39.5,39.5,39.5
2026-09-24,5484,39.45,83756,39.45,39.45,39.45
2026-09-29,5484,39.25,74494,39.25,39.25,39.25
2026-09-30,5484,39.6,176593,39.6,39.6,39.6
2026-10-01,5484,39.2,122331,39.2,39.2,39.2
2026-10-02,5484,39.05,206479,39.05,39.05,39.05
2026-10-05,5484,38.7,324159,38.7,38.7,38.7
2026-09-07,5515,51.8,362816,51.8,51.8,51.8
2026-09-08,5515,52.1,211461,52.1,52.1,52.1
2026-09-09,5515,52.4,209648,52.4,52.4,52.4
2026-09-10,5515,50.0,994829,50.0,50.0,50.0
2026-09-11,5515,49.85,311325,49.85,49.85,49.85
2026-09-14,5515,49.45,220394,49.45,49.45,49.45
2026-09-15,5515,48.4,326001,48.4,48.4,48.4
2026-09-16,5515,49.05,282746,49.05,49.05,49.05
2026-09-17,5515,49.55,132159,49.55,49.55,49.55
2026-09-18,5515,49.9,585852,49.9,49.9,49.9
2026-09-21,5515,49.55,251087,49.55,49.55,49.55
2026-09-22,5515,50.2,287635,50.2,50.2,50.2
2026-09-23,5515,51.2,423470,51.2,51.2,51.2
2026-09-24,5515,52.7,555267,52.7,52.7,52.7
2026-09-29,5515,52.7,253867,52.7,52.7,52.7
2026-09-30,5515,51.9,329036,51.9,51.9,51.9
2026-10-01,5515,51.5,293058,51.5,51.5,51.5
2026-10-02,5515,51.1,475099,51.1,51.1,51.1
2026-10-05,5515,51.2,381124,51.2,51.2,51.2
2026-09-07,5519,26.8,806631,26.8,26.8,26.8
2026-09-08,5519,26.8,270007,26.8,26.8,26.8
2026-09-09,5519,26.65,229923,26.65,26.65,26.65
2026-09-10,5519,26.3,324465,26.3,26.3,26.3
2026-09-11,5519,25.85,431982,25.85,25.85,25.85
2026-09-14,5519,25.3,450198,25.3,25.3,25.3
2026-09-15,5519,25.2,261627,25.2,25.2,25.2
2026-09-16,5519,25.15,256380,25.15,25.15,25.15
2026-09-17,5519,25.25,199776,25.25,25.25,25.25
2026-09-18,5519,26.35,461616,26.35,26.35,26.35
2026-09-21,5519,25.95,215420,25.95,25.95,25.95
2026-09-22,5519,25.8,265241,25.8,25.8,25.8
2026-09-23,5519,25.5,245630,25.5,25.5,25.5
2026-09-24,5519,25.05,451181,25.05,25.05,25.05
2026-09-29,5519,25.0,147353,25.0,25.0,25.0
2026-09-30,5519,25.3,178645,25.3,25.3,25.3
2026-10-01,5519,25.15,77809,25.15,25.15,25.15
2026-10-02,5519,25.05,116402,25.05,25.05,25.05
2026-10-05,5519,24.8,451528,24.8,24.8,24.8
2026-09-07,5521,10.55,1711601,10.55,10.55,10.55
2026-09-08,5521,10.55,880559,10.55,10.55,10.55
2026-09-09,5521,10.65,682917,10.65,10.65,10.65
2026-09-10,5521,10.7,1302100,10.7,10.7,10.7
2026-09-11,5521,10.45,1435471,10.45,10.45,10.45
2026-09-14,5521,10.35,1704311,10.35,10.35,10.35
2026-09-15,5521,10.35,839240,10.35,10.35,10.35
2026-09-16,5521,10.45,705257,10.45,10.45,10.45
2026-09-17,5521,10.65,1692712,10.65,10.65,10.65
2026-09-18,5521,10.7,3248220,10.7,10.7,10.7
2026-09-21,5521,10.65,1262058,10.65,10.65,10.65
2026-09-22,5521,10.6,2036920,10.6,10.6,10.6
2026-09-23,5521,10.6,844658,10.6,10.6,10.6
2026-09-24,5521,10.5,745188,10.5,10.5,10.5
2026-09-29,5521,10.5,601362,10.5,10.5,10.5
2026-09-30,5521,10.6,799798,10.6,10.6,10.6
2026-10-01,5521,10.65,942139,10.65,10.65,10.65
2026-10-02,5521,10.7,1310471,10.7,10.7,10.7
2026-10-05,5521,10.75,2688727,10.75,10.75,10.75
2026-09-07,5522,63.3,362796,63.3,63.3,63.3
2026-09-08,5522,63.6,212521,63.6,63.6,63.6
2026-09-09,5522,63.5,270194,63.5,63.5,63.5
2026-09-10,5522,62.7,427395,62.7,62.7,62.7
2026-09-11,5522,62.6,386247,62.6,62.6,62.6
2026-09-14,5522,61.1,1008221,61.1,61.1,61.1
2026-09-15,5522,60.7,822371,60.7,60.7,60.7
2026-09-16,5522,60.0,1146743,60.0,60.0,60.0
2026-09-17,5522,60.7,574398,60.7,60.7,60.7
2026-09-18,5522,62.2,1394765,62.2,62.2,62.2
2026-09-21,5522,61.5,408017,61.5,61.5,61.5
2026-09-22,5522,61.9,537651,61.9,61.9,61.9
2026-09-23,5522,60.9,746244,60.9,60.9,60.9
2026-09-24,5522,60.7,682178,60.7,60.7,60.7
2026-09-29,5522,60.7,371905,60.7,60.7,60.7
2026-09-30,5522,61.0,666357,61.0,61.0,61.0
2026-10-01,5522,60.8,467206,60.8,60.8,60.8
2026-10-02,5522,60.5,507046,60.5,60.5,60.5
2026-10-05,5522,60.1,747997,60.1,60.1,60.1
2026-09-07,5525,22.25,101524,22.25,22.25,22.25
2026-09-08,5525,22.2,80555,22.2,22.2,22.2
2026-09-09,5525,22.2,43268,22.2,22.2,22.2
2026-09-10,5525,22.15,37201,22.15,22.15,22.15
2026-09-11,5525,21.95,56539,21.95,21.95,21.95
2026-09-14,5525,21.85,114307,21.85,21.85,21.85
2026-09-15,5525,21.7,85049,21.7,21.7,21.7
2026-09-16,5525,21.75,41749,21.75,21.75,21.75
2026-09-17,5525,21.9,40405,21.9,21.9,21.9
2026-09-18,5525,22.25,109037,22.25,22.25,22.25
2026-09-21,5525,22.5,230297,22.5,22.5,22.5
2026-09-22,5525,22.55,151019,22.55,22.55,22.55
2026-09-23,5525,22.2,52677,22.2,22.2,22.2
2026-09-24,5525,22.0,132283,22.0,22.0,22.0
2026-09-29,5525,21.95,53695,21.95,21.95,21.95
2026-09-30,5525,22.0,66276,22.0,22.0,22.0
2026-10-01,5525,21.9,57058,21.9,21.9,21.9
2026-10-02,5525,21.8,67246,21.8,21.8,21.8
2026-10-05,5525,21.75,82582,21.75,21.75,21.75
2026-09-07,5531,7.22,452631,7.22,7.22,7.22
2026-09-08,5531,7.24,430159,7.24,7.24,7.24
2026-09-09,5531,7.24,246086,7.24,7.24,7.24
2026-09-10,5531,7.2,361281,7.2,7.2,7.2
2026-09-11,5531,7.16,329929,7.16,7.16,7.16
2026-09-14,5531,7.08,273882,7.08,7.08,7.08
2026-09-15,5531,7.03,407551,7.03,7.03,7.03
2026-09-16,5531,7.12,416151,7.12,7.12,7.12
2026-09-17,5531,7.26,277499,7.26,7.26,7.26
2026-09-18,5531,6.91,10007844,6.91,6.91,6.91
2026-09-21,5531,6.95,3355049,6.95,6.95,6.95
2026-09-22,5531,7.07,691113,7.07,7.07,7.07
2026-09-23,5531,7.03,443169,7.03,7.03,7.03
2026-09-24,5531,6.98,529559,6.98,6.98,6.98
2026-09-29,5531,6.85,677557,6.85,6.85,6.85
2026-09-30,5531,6.92,533591,6.92,6.92,6.92
2026-10-01,5531,6.91,423058,6.91,6.91,6.91
2026-10-02,5531,6.86,283715,6.86,6.86,6.86
2026-10-05,5531,6.69,922316,6.69,6.69,6.69
2026-09-07,5533,13.9,70125,13.9,13.9,13.9
2026-09-08,5533,13.9,128830,13.9,13.9,13.9
2026-09-09,5533,13.95,125295,13.95,13.95,13.95
2026-09-10,5533,13.9,219815,13.9,13.9,13.9
2026-09-11,5533,13.9,134000,13.9,13.9,13.9
2026-09-14,5533,13.8,145208,13.8,13.8,13.8
2026-09-15,5533,13.85,119460,13.85,13.85,13.85
2026-09-16,5533,13.9,215429,13.9,13.9,13.9
2026-09-17,5533,13.9,159395,13.9,13.9,13.9
2026-09-18,5533,14.15,371107,14.15,14.15,14.15
2026-09-21,5533,14.2,14176,14.2,14.2,14.2
2026-09-22,5533,14.1,74425,14.1,14.1,14.1
2026-09-23,5533,14.05,13500,14.05,14.05,14.05
2026-09-24,5533,13.9,122890,13.9,13.9,13.9
2026-09-29,5533,13.85,22277,13.85,13.85,13.85
2026-09-30,5533,13.95,48000,13.95,13.95,13.95
2026-10-01,5533,13.9,100100,13.9,13.9,13.9
2026-10-02,5533,13.9,55213,13.9,13.9,13.9
2026-10-05,5533,13.85,161249,13.85,13.85,13.85
2026-09-07,5534,75.6,641764,75.6,75.6,75.6
2026-09-08,5534,75.9,219909,75.9,75.9,75.9
2026-09-09,5534,75.8,284599,75.8,75.8,75.8
2026-09-10,5534,74.5,1165414,74.5,74.5,74.5
2026-09-11,5534,74.0,1059667,74.0,74.0,74.0
2026-09-14,5534,73.6,446691,73.6,73.6,73.6
2026-09-15,5534,73.1,712436,73.1,73.1,73.1
2026-09-16,5534,72.9,543655,72.9,72.9,72.9
2026-09-17,5534,74.4,329430,74.4,74.4,74.4
2026-09-18,5534,76.4,1632659,76.4,76.4,76.4
2026-09-21,5534,74.9,400272,74.9,74.9,74.9
2026-09-22,5534,74.4,502034,74.4,74.4,74.4
2026-09-23,5534,74.3,254260,74.3,74.3,74.3
2026-09-24,5534,73.9,266414,73.9,73.9,73.9
2026-09-29,5534,73.3,500299,73.3,73.3,73.3
2026-09-30,5534,73.1,710625,73.1,73.1,73.1
2026-10-01,5534,73.3,505887,73.3,73.3,73.3
2026-10-02,5534,73.0,760082,73.0,73.0,73.0
2026-10-05,5534,71.8,2198452,71.8,71.8,71.8
2026-09-07,5538,37.0,28158,37.0,37.0,37.0
2026-09-08,5538,36.8,44369,36.8,36.8,36.8
2026-09-09,5538,36.7,26089,36.7,36.7,36.7
2026-09-10,5538,36.5,22020,36.5,36.5,36.5
2026-09-11,5538,35.7,72129,35.7,35.7,35.7
2026-09-14,5538,35.5,55371,35.5,35.5,35.5
2026-09-15,5538,35.1,39300,35.1,35.1,35.1
2026-09-16,5538,35.05,67496,35.05,35.05,35.05
2026-09-17,5538,35.25,30292,35.25,35.25,35.25
2026-09-18,5538,35.45,44003,35.45,35.45,35.45
2026-09-21,5538,35.3,10062,35.3,35.3,35.3
2026-09-22,5538,35.35,51192,35.35,35.35,35.35
2026-09-23,5538,35.4,16000,35.4,35.4,35.4
2026-09-24,5538,35.3,42132,35.3,35.3,35.3
2026-09-29,5538,35.4,26710,35.4,35.4,35.4
2026-09-30,5538,36.25,120054,36.25,36.25,36.25
2026-10-01,5538,35.95,45837,35.95,35.95,35.95
2026-10-02,5538,35.8,62022,35.8,35.8,35.8
2026-10-05,5538,37.2,161804,37.2,37.2,37.2
2026-09-07,5546,14.95,77000,14.95,14.95,14.95
2026-09-08,5546,14.6,89056,14.6,14.6,14.6
2026-09-09,5546,14.65,44068,14.65,14.65,14.65
2026-09-10,5546,14.45,17000,14.45,14.45,14.45
2026-09-11,5546,14.55,17371,14.55,14.55,14.55
2026-09-14,5546,14.75,21158,14.75,14.75,14.75
2026-09-15,5546,14.5,27182,14.5,14.5,14.5
2026-09-16,5546,14.8,15040,14.8,14.8,14.8
2026-09-17,5546,14.75,13070,14.75,14.75,14.75
2026-09-18,5546,14.75,48244,14.75,14.75,14.75
2026-09-21,5546,14.35,44000,14.35,14.35,14.35
2026-09-22,5546,14.3,26254,14.3,14.3,14.3
2026-09-23,5546,14.3,16024,14.3,14.3,14.3
2026-09-24,5546,14.4,36090,14.4,14.4,14.4
2026-09-29,5546,14.1,32000,14.1,14.1,14.1
2026-09-30,5546,14.35,10700,14.35,14.35,14.35
2026-10-01,5546,13.85,64484,13.85,13.85,13.85
2026-10-02,5546,13.75,6100,13.75,13.75,13.75
2026-10-05,5546,14.0,5000,14.0,14.0,14.0
2026-09-07,5607,55.2,997852,55.2,55.2,55.2
2026-09-08,5607,54.9,703208,54.9,54.9,54.9
2026-09-09,5607,55.8,692255,55.8,55.8,55.8
2026-09-10,5607,52.3,2032890,52.3,52.3,52.3
2026-09-11,5607,53.0,996840,53.0,53.0,53.0
2026-09-14,5607,52.1,530689,52.1,52.1,52.1
2026-09-15,5607,52.5,489041,52.5,52.5,52.5
2026-09-16,5607,52.6,355808,52.6,52.6,52.6
2026-09-17,5607,52.9,443164,52.9,52.9,52.9
2026-09-18,5607,53.0,642023,53.0,53.0,53.0
2026-09-21,5607,52.6,417227,52.6,52.6,52.6
2026-09-22,5607,52.4,316175,52.4,52.4,52.4
2026-09-23,5607,52.2,235612,52.2,52.2,52.2
2026-09-24,5607,52.2,426451,52.2,52.2,52.2
2026-09-29,5607,51.9,796752,51.9,51.9,51.9
2026-09-30,5607,52.4,269626,52.4,52.4,52.4
2026-10-01,5607,51.9,442373,51.9,51.9,51.9
2026-10-02,5607,51.8,231870,51.8,51.8,51.8
2026-10-05,5607,51.8,583438,51.8,51.8,51.8
2026-09-07,5608,17.3,3963464,17.3,17.3,17.3
2026-09-08,5608,17.25,2391936,17.25,17.25,17.25
2026-09-09,5608,17.3,3436928,17.3,17.3,17.3
2026-09-10,5608,16.9,6493463,16.9,16.9,16.9
2026-09-11,5608,16.75,4513754,16.75,16.75,16.75
2026-09-14,5608,16.6,1516369,16.6,16.6,16.6
2026-09-15,5608,16.3,2346331,16.3,16.3,16.3
2026-09-16,5608,16.65,3291337,16.65,16.65,16.65
2026-09-17,5608,16.9,3602684,16.9,16.9,16.9
2026-09-18,5608,16.9,2061425,16.9,16.9,16.9
2026-09-21,5608,17.15,2875355,17.15,17.15,17.15
2026-09-22,5608,17.15,2481924,17.15,17.15,17.15
2026-09-23,5608,17.2,1640502,17.2,17.2,17.2
2026-09-24,5608,17.0,2438650,17.0,17.0,17.0
2026-09-29,5608,16.7,2452196,16.7,16.7,16.7
2026-09-30,5608,16.95,1479942,16.95,16.95,16.95
2026-10-01,5608,17.0,1736303,17.0,17.0,17.0
2026-10-02,5608,17.15,2173947,17.15,17.15,17.15
2026-10-05,5608,16.8,2553019,16.8,16.8,16.8
2026-09-07,5706,45.0,93218,45.0,45.0,45.0
2026-09-08,5706,44.85,85168,44.85,44.85,44.85
2026-09-09,5706,44.45,126401,44.45,44.45,44.45
2026-09-10,5706,44.25,55138,44.25,44.25,44.25
2026-09-11,5706,44.3,82188,44.3,44.3,44.3
2026-09-14,5706,43.85,112425,43.85,43.85,43.85
2026-09-15,5706,43.75,87921,43.75,43.75,43.75
2026-09-16,5706,43.9,46375,43.9,43.9,43.9
2026-09-17,5706,43.75,79216,43.75,43.75,43.75
2026-09-18,5706,44.2,74656,44.2,44.2,44.2
2026-09-21,5706,44.35,85282,44.35,44.35,44.35
2026-09-22,5706,44.4,66726,44.4,44.4,44.4
2026-09-23,5706,44.15,48395,44.15,44.15,44.15
2026-09-24,5706,43.9,67236,43.9,43.9,43.9
2026-09-29,5706,43.9,67556,43.9,43.9,43.9
2026-09-30,5706,44.15,52928,44.15,44.15,44.15
2026-10-01,5706,44.2,34462,44.2,44.2,44.2
2026-10-02,5706,44.15,85061,44.15,44.15,44.15
2026-10-05,5706,44.0,77570,44.0,44.0,44.0
2026-09-07,5871,112.5,4853864,112.5,112.5,112.5
2026-09-08,5871,115.0,9698513,115.0,115.0,115.0
2026-09-09,5871,112.0,7831138,112.0,112.0,112.0
2026-09-10,5871,112.5,3590024,112.5,112.5,112.5
2026-09-11,5871,111.5,3658742,111.5,111.5,111.5
2026-09-14,5871,113.5,5931349,113.5,113.5,113.5
2026-09-15,5871,111.5,4767486,111.5,111.5,111.5
2026-09-16,5871,112.5,4687527,112.5,112.5,112.5
2026-09-17,5871,112.0,3409288,112.0,112.0,112.0
2026-09-18,5871,112.0,8033755,112.0,112.0,112.0
2026-09-21,5871,110.5,8498645,110.5,110.5,110.5
2026-09-22,5871,108.0,14871324,108.0,108.0,108.0
2026-09-23,5871,108.0,11042672,108.0,108.0,108.0
2026-09-24,5871,107.0,5050902,107.0,107.0,107.0
2026-09-29,5871,107.0,5001745,107.0,107.0,107.0
2026-09-30,5871,107.0,7836885,107.0,107.0,107.0
2026-10-01,5871,107.5,7876457,107.5,107.5,107.5
2026-10-02,5871,106.0,5948646,106.0,106.0,106.0
2026-10-05,5871,105.5,4068025,105.5,105.5,105.5
2026-09-07,5876,46.95,9786207,46.95,46.95,46.95
2026-09-08,5876,48.75,19081290,48.75,48.75,48.75
2026-09-09,5876,47.5,6283664,47.5,47.5,47.5
2026-09-10,5876,47.9,7098758,47.9,47.9,47.9
2026-09-11,5876,48.65,7005480,48.65,48.65,48.65
2026-09-14,5876,49.9,9082786,49.9,49.9,49.9
2026-09-15,5876,49.8,5628831,49.8,49.8,49.8
2026-09-16,5876,49.75,6244581,49.75,49.75,49.75
2026-09-17,5876,49.95,6710336,49.95,49.95,49.95
2026-09-18,5876,49.45,10090377,49.45,49.45,49.45
2026-09-21,5876,49.25,2969452,49.25,49.25,49.25
2026-09-22,5876,49.7,4559819,49.7,49.7,49.7
2026-09-23,5876,49.25,5067078,49.25,49.25,49.25
2026-09-24,5876,48.95,3026168,48.95,48.95,48.95
2026-09-29,5876,48.85,6497420,48.85,48.85,48.85
2026-09-30,5876,49.15,6919056,49.15,49.15,49.15
2026-10-01,5876,48.4,10364447,48.4,48.4,48.4
2026-10-02,5876,48.95,3664456,48.95,48.95,48.95
2026-10-05,5876,48.65,4716959,48.65,48.65,48.65
2026-09-07,5880,26.5,15517404,26.5,26.5,26.5
2026-09-08,5880,26.85,20999269,26.85,26.85,26.85
2026-09-09,5880,26.85,15145888,26.85,26.85,26.85
2026-09-10,5880,26.85,12158726,26.85,26.85,26.85
2026-09-11,5880,27.2,28731550,27.2,27.2,27.2
2026-09-14,5880,27.45,22723824,27.45,27.45,27.45
2026-09-15,5880,27.0,23217099,27.0,27.0,27.0
2026-09-16,5880,27.35,19851298,27.35,27.35,27.35
2026-09-17,5880,27.55,20508852,27.55,27.55,27.55
2026-09-18,5880,27.3,30844955,27.3,27.3,27.3
2026-09-21,5880,27.2,9534595,27.2,27.2,27.2
2026-09-22,5880,27.05,9623047,27.05,27.05,27.05
2026-09-23,5880,26.75,17504063,26.75,26.75,26.75
2026-09-24,5880,26.45,14691036,26.45,26.45,26.45
2026-09-29,5880,26.05,17358159,26.05,26.05,26.05
2026-09-30,5880,26.1,17943411,26.1,26.1,26.1
2026-10-01,5880,26.0,17025431,26.0,26.0,26.0
2026-10-02,5880,26.15,10810873,26.15,26.15,26.15
2026-10-05,5880,25.9,13583478,25.9,25.9,25.9
2026-09-07,5906,38.0,1440,38.0,38.0,38.0
2026-09-09,5906,41.55,8100,41.55,41.55,41.55
2026-09-10,5906,37.35,5460,37.35,37.35,37.35
2026-09-11,5906,37.3,4074,37.3,37.3,37.3
2026-09-14,5906,38.5,2000,38.5,38.5,38.5
2026-09-16,5906,39.0,1000,39.0,39.0,39.0
2026-09-17,5906,39.0,1157,39.0,39.0,39.0
2026-09-18,5906,42.25,4015,42.25,42.25,42.25
2026-09-21,5906,42.0,7001,42.0,42.0,42.0
2026-09-22,5906,40.2,5094,40.2,40.2,40.2
2026-09-23,5906,40.9,9000,40.9,40.9,40.9
2026-09-30,5906,41.0,3000,41.0,41.0,41.0
2026-10-01,5906,41.3,1000,41.3,41.3,41.3
2026-10-02,5906,40.0,3000,40.0,40.0,40.0
2026-10-05,5906,38.95,6103,38.95,38.95,38.95
2026-09-07,5907,4.85,354130,4.85,4.85,4.85
2026-09-08,5907,4.8,386324,4.8,4.8,4.8
2026-09-09,5907,4.88,618908,4.88,4.88,4.88
2026-09-10,5907,4.88,239063,4.88,4.88,4.88
2026-09-11,5907,4.84,189496,4.84,4.84,4.84
2026-09-14,5907,4.76,858241,4.76,4.76,4.76
2026-09-15,5907,4.82,244122,4.82,4.82,4.82
2026-09-16,5907,4.93,541142,4.93,4.93,4.93
2026-09-17,5907,4.88,265244,4.88,4.88,4.88
2026-09-18,5907,4.84,672269,4.84,4.84,4.84
2026-09-21,5907,4.85,215042,4.85,4.85,4.85
2026-09-22,5907,4.84,363143,4.84,4.84,4.84
2026-09-23,5907,4.83,710557,4.83,4.83,4.83
2026-09-24,5907,4.83,122058,4.83,4.83,4.83
2026-09-29,5907,4.79,96136,4.79,4.79,4.79
2026-09-30,5907,4.81,116501,4.81,4.81,4.81
2026-10-01,5907,4.8,233385,4.8,4.8,4.8
2026-10-02,5907,4.75,380762,4.75,4.75,4.75
2026-10-05,5907,4.75,252043,4.75,4.75,4.75
2026-09-07,6005,32.7,5263332,32.7,32.7,32.7
2026-09-08,6005,32.65,4008690,32.65,32.65,32.65
2026-09-09,6005,32.2,5092691,32.2,32.2,32.2
2026-09-10,6005,31.6,5068260,31.6,31.6,31.6
2026-09-11,6005,31.5,4322098,31.5,31.5,31.5
2026-09-14,6005,32.1,3957126,32.1,32.1,32.1
2026-09-15,6005,31.1,9479912,31.1,31.1,31.1
2026-09-16,6005,30.85,9755873,30.85,30.85,30.85
2026-09-17,6005,31.3,6321704,31.3,31.3,31.3
2026-09-18,6005,31.5,10227792,31.5,31.5,31.5
2026-09-21,6005,32.25,10749030,32.25,32.25,32.25
2026-09-22,6005,32.4,10839671,32.4,32.4,32.4
2026-09-23,6005,32.55,6495135,32.55,32.55,32.55
2026-09-24,6005,32.0,6338990,32.0,32.0,32.0
2026-09-29,6005,31.65,4412919,31.65,31.65,31.65
2026-09-30,6005,32.05,5523115,32.05,32.05,32.05
2026-10-01,6005,31.9,8047795,31.9,31.9,31.9
2026-10-02,6005,32.0,3652489,32.0,32.0,32.0
2026-10-05,6005,33.0,14269727,33.0,33.0,33.0
2026-09-07,6024,62.9,270122,62.9,62.9,62.9
2026-09-08,6024,61.2,1181502,61.2,61.2,61.2
2026-09-09,6024,60.9,325273,60.9,60.9,60.9
2026-09-10,6024,60.9,204351,60.9,60.9,60.9
2026-09-11,6024,60.7,274143,60.7,60.7,60.7
2026-09-14,6024,61.1,131168,61.1,61.1,61.1
2026-09-15,6024,60.5,239326,60.5,60.5,60.5
2026-09-16,6024,60.6,153818,60.6,60.6,60.6
2026-09-17,6024,61.5,414249,61.5,61.5,61.5
2026-09-18,6024,61.2,340531,61.2,61.2,61.2
2026-09-21,6024,61.5,207823,61.5,61.5,61.5
2026-09-22,6024,61.3,211094,61.3,61.3,61.3
2026-09-23,6024,60.9,135556,60.9,60.9,60.9
2026-09-24,6024,60.8,107319,60.8,60.8,60.8
2026-09-29,6024,60.2,304599,60.2,60.2,60.2
2026-09-30,6024,60.4,139673,60.4,60.4,60.4
2026-10-01,6024,59.9,271843,59.9,59.9,59.9
2026-10-02,6024,59.8,114811,59.8,59.8,59.8
2026-10-05,6024,59.7,179355,59.7,59.7,59.7
2026-09-07,6108,22.95,1804750,22.95,22.95,22.95
2026-09-08,6108,22.25,1446413,22.25,22.25,22.25
2026-09-09,6108,23.35,2008941,23.35,23.35,23.35
2026-09-10,6108,23.3,1572181,23.3,23.3,23.3
2026-09-11,6108,22.15,2309114,22.15,22.15,22.15
2026-09-14,6108,22.15,2243278,22.15,22.15,22.15
2026-09-15,6108,22.4,2680974,22.4,22.4,22.4
2026-09-16,6108,23.0,2492543,23.0,23.0,23.0
2026-09-17,6108,24.3,3588253,24.3,24.3,24.3
2026-09-18,6108,24.1,2156966,24.1,24.1,24.1
2026-09-21,6108,23.8,1004474,23.8,23.8,23.8
2026-09-22,6108,23.6,1649559,23.6,23.6,23.6
2026-09-23,6108,24.0,789468,24.0,24.0,24.0
2026-09-24,6108,24.4,1139657,24.4,24.4,24.4
2026-09-29,6108,24.4,1269830,24.4,24.4,24.4
2026-09-30,6108,25.05,1909273,25.05,25.05,25.05
2026-10-01,6108,25.0,2564254,25.0,25.0,25.0
2026-10-02,6108,25.7,1558395,25.7,25.7,25.7
2026-10-05,6108,25.65,1527530,25.65,25.65,25.65
2026-09-07,6112,45.25,405372,45.25,45.25,45.25
2026-09-08,6112,44.55,440031,44.55,44.55,44.55
2026-09-09,6112,44.3,197811,44.3,44.3,44.3
2026-09-10,6112,44.8,252817,44.8,44.8,44.8
2026-09-11,6112,46.05,1468030,46.05,46.05,46.05
2026-09-14,6112,50.6,10922099,50.6,50.6,50.6
2026-09-15,6112,48.15,21595485,48.15,48.15,48.15
2026-09-16,6112,49.7,7410399,49.7,49.7,49.7
2026-09-17,6112,48.75,3359765,48.75,48.75,48.75
2026-09-18,6112,52.1,8939264,52.1,52.1,52.1
2026-09-21,6112,49.0,4435065,49.0,49.0,49.0
2026-09-22,6112,48.8,2567318,48.8,48.8,48.8
2026-09-23,6112,48.2,1103894,48.2,48.2,48.2
2026-09-24,6112,47.7,2136528,47.7,47.7,47.7
2026-09-29,6112,47.35,861750,47.35,47.35,47.35
2026-09-30,6112,48.05,1097280,48.05,48.05,48.05
2026-10-01,6112,47.7,513036,47.7,47.7,47.7
2026-10-02,6112,47.65,558817,47.65,47.65,47.65
2026-10-05,6112,44.9,2826883,44.9,44.9,44.9
2026-09-07,6115,44.1,242504,44.1,44.1,44.1
2026-09-08,6115,44.1,91489,44.1,44.1,44.1
2026-09-09,6115,44.0,50798,44.0,44.0,44.0
2026-09-10,6115,43.9,158243,43.9,43.9,43.9
2026-09-11,6115,43.85,65296,43.85,43.85,43.85
2026-09-14,6115,43.85,55331,43.85,43.85,43.85
2026-09-15,6115,43.8,78284,43.8,43.8,43.8
2026-09-16,6115,43.8,150543,43.8,43.8,43.8
2026-09-17,6115,44.05,143494,44.05,44.05,44.05
2026-09-18,6115,45.4,133679,45.4,45.4,45.4
2026-09-21,6115,44.5,97813,44.5,44.5,44.5
2026-09-22,6115,44.3,71322,44.3,44.3,44.3
2026-09-23,6115,44.15,62407,44.15,44.15,44.15
2026-09-24,6115,44.05,51556,44.05,44.05,44.05
2026-09-29,6115,44.0,113334,44.0,44.0,44.0
2026-09-30,6115,44.0,109408,44.0,44.0,44.0
2026-10-01,6115,44.05,73924,44.05,44.05,44.05
2026-10-02,6115,44.0,77439,44.0,44.0,44.0
2026-10-05,6115,44.1,118943,44.1,44.1,44.1
2026-09-07,6116,14.2,20901273,14.2,14.2,14.2
2026-09-08,6116,14.3,24707474,14.3,14.3,14.3
2026-09-09,6116,14.65,73568497,14.65,14.65,14.65
2026-09-10,6116,14.7,26635598,14.7,14.7,14.7
2026-09-11,6116,14.1,30914685,14.1,14.1,14.1
2026-09-14,6116,13.85,24282099,13.85,13.85,13.85
2026-09-15,6116,13.65,12653885,13.65,13.65,13.65
2026-09-16,6116,14.15,16856838,14.15,14.15,14.15
2026-09-17,6116,13.95,18960049,13.95,13.95,13.95
2026-09-18,6116,14.0,16464654,14.0,14.0,14.0
2026-09-21,6116,14.8,56764125,14.8,14.8,14.8
2026-09-22,6116,15.45,236177579,15.45,15.45,15.45
2026-09-23,6116,15.0,81652306,15.0,15.0,15.0
2026-09-24,6116,14.9,41846990,14.9,14.9,14.9
2026-09-29,6116,14.9,32973446,14.9,14.9,14.9
2026-09-30,6116,16.35,154482312,16.35,16.35,16.35
2026-10-01,6116,15.65,122735728,15.65,15.65,15.65
2026-10-02,6116,16.05,80015461,16.05,16.05,16.05
2026-10-05,6116,15.9,126208893,15.9,15.9,15.9
2026-09-07,6117,63.4,84220,63.4,63.4,63.4
2026-09-08,6117,62.6,148919,62.6,62.6,62.6
2026-09-09,6117,62.0,137171,62.0,62.0,62.0
2026-09-10,6117,61.8,94914,61.8,61.8,61.8
2026-09-11,6117,61.3,136233,61.3,61.3,61.3
2026-09-14,6117,61.1,111098,61.1,61.1,61.1
2026-09-15,6117,61.0,142267,61.0,61.0,61.0
2026-09-16,6117,60.7,112230,60.7,60.7,60.7
2026-09-17,6117,60.9,165610,60.9,60.9,60.9
2026-09-18,6117,60.9,141232,60.9,60.9,60.9
2026-09-21,6117,61.3,148961,61.3,61.3,61.3
2026-09-22,6117,62.3,233359,62.3,62.3,62.3
2026-09-23,6117,61.8,150616,61.8,61.8,61.8
2026-09-24,6117,61.7,59417,61.7,61.7,61.7
2026-09-29,6117,61.7,154228,61.7,61.7,61.7
2026-09-30,6117,62.2,171113,62.2,62.2,62.2
2026-10-01,6117,62.3,158239,62.3,62.3,62.3
2026-10-02,6117,62.2,118685,62.2,62.2,62.2
2026-10-05,6117,62.5,169972,62.5,62.5,62.5
2026-09-07,6120,12.35,1080966,12.35,12.35,12.35
2026-09-08,6120,12.2,621940,12.2,12.2,12.2
2026-09-09,6120,12.35,2715185,12.35,12.35,12.35
2026-09-10,6120,12.2,1778142,12.2,12.2,12.2
2026-09-11,6120,11.95,1811089,11.95,11.95,11.95
2026-09-14,6120,11.8,941952,11.8,11.8,11.8
2026-09-15,6120,11.75,1215164,11.75,11.75,11.75
2026-09-16,6120,12.0,838279,12.0,12.0,12.0
2026-09-17,6120,12.3,1195676,12.3,12.3,12.3
2026-09-18,6120,12.35,2350138,12.35,12.35,12.35
2026-09-21,6120,12.65,2457119,12.65,12.65,12.65
2026-09-22,6120,13.15,14679997,13.15,13.15,13.15
2026-09-23,6120,12.8,4424637,12.8,12.8,12.8
2026-09-24,6120,12.75,1718317,12.75,12.75,12.75
2026-09-29,6120,13.05,2603544,13.05,13.05,13.05
2026-09-30,6120,14.35,13054101,14.35,14.35,14.35
2026-10-01,6120,14.75,32148411,14.75,14.75,14.75
2026-10-02,6120,15.25,16135373,15.25,15.25,15.25
2026-10-05,6120,14.35,14566769,14.35,14.35,14.35
2026-09-07,6128,19.8,118719,19.8,19.8,19.8
2026-09-08,6128,19.45,130572,19.45,19.45,19.45
2026-09-09,6128,19.25,205497,19.25,19.25,19.25
2026-09-10,6128,18.95,299229,18.95,18.95,18.95
2026-09-11,6128,18.8,221905,18.8,18.8,18.8
2026-09-14,6128,18.95,40751,18.95,18.95,18.95
2026-09-15,6128,18.9,68006,18.9,18.9,18.9
2026-09-16,6128,19.15,29820,19.15,19.15,19.15
2026-09-17,6128,19.15,52265,19.15,19.15,19.15
2026-09-18,6128,19.45,36206,19.45,19.45,19.45
2026-09-21,6128,19.4,28485,19.4,19.4,19.4
2026-09-22,6128,19.1,63299,19.1,19.1,19.1
2026-09-23,6128,19.1,42830,19.1,19.1,19.1
2026-09-24,6128,19.25,17457,19.25,19.25,19.25
2026-09-29,6128,19.1,35311,19.1,19.1,19.1
2026-09-30,6128,19.2,47106,19.2,19.2,19.2
2026-10-01,6128,19.25,16167,19.25,19.25,19.25
2026-10-02,6128,19.2,44356,19.2,19.2,19.2
2026-10-05,6128,19.0,71617,19.0,19.0,19.0
2026-09-07,6133,24.8,2441605,24.8,24.8,24.8
2026-09-08,6133,24.5,4155855,24.5,24.5,24.5
2026-09-09,6133,22.65,1935532,22.65,22.65,22.65
2026-09-10,6133,22.1,815986,22.1,22.1,22.1
2026-09-11,6133,23.55,2949068,23.55,23.55,23.55
2026-09-14,6133,23.25,1444781,23.25,23.25,23.25
2026-09-15,6133,22.95,1878837,22.95,22.95,22.95
2026-09-16,6133,23.7,1966373,23.7,23.7,23.7
2026-09-17,6133,26.05,13090191,26.05,26.05,26.05
2026-09-18,6133,27.45,12821654,27.45,27.45,27.45
2026-09-21,6133,28.0,11880767,28.0,28.0,28.0
2026-09-22,6133,27.2,5851877,27.2,27.2,27.2
2026-09-23,6133,26.05,3362463,26.05,26.05,26.05
2026-09-24,6133,25.95,2307472,25.95,25.95,25.95
2026-09-29,6133,28.5,9954159,28.5,28.5,28.5
2026-09-30,6133,29.6,20089110,29.6,29.6,29.6
2026-10-01,6133,29.3,10855089,29.3,29.3,29.3
2026-10-02,6133,29.1,4672601,29.1,29.1,29.1
2026-10-05,6133,29.25,6973736,29.25,29.25,29.25
2026-09-07,6136,24.05,270739,24.05,24.05,24.05
2026-09-08,6136,24.65,189102,24.65,24.65,24.65
2026-09-09,6136,24.65,263409,24.65,24.65,24.65
2026-09-10,6136,24.65,332048,24.65,24.65,24.65
2026-09-11,6136,24.7,246367,24.7,24.7,24.7
2026-09-14,6136,24.75,694522,24.75,24.75,24.75
2026-09-15,6136,24.6,347077,24.6,24.6,24.6
2026-09-16,6136,24.75,234931,24.75,24.75,24.75
2026-09-17,6136,24.85,194694,24.85,24.85,24.85
2026-09-18,6136,24.9,130291,24.9,24.9,24.9
2026-09-21,6136,24.7,83676,24.7,24.7,24.7
2026-09-22,6136,24.8,161886,24.8,24.8,24.8
2026-09-23,6136,24.85,108499,24.85,24.85,24.85
2026-09-24,6136,24.9,130061,24.9,24.9,24.9
2026-09-29,6136,24.95,130621,24.95,24.95,24.95
2026-09-30,6136,25.05,153563,25.05,25.05,25.05
2026-10-01,6136,25.25,390720,25.25,25.25,25.25
2026-10-02,6136,25.3,159253,25.3,25.3,25.3
2026-10-05,6136,25.2,543065,25.2,25.2,25.2
2026-09-07,6139,739.0,1612698,739.0,739.0,739.0
2026-09-08,6139,742.0,1159350,742.0,742.0,742.0
2026-09-09,6139,750.0,1607925,750.0,750.0,750.0
2026-09-10,6139,753.0,1324647,753.0,753.0,753.0
2026-09-11,6139,709.0,3092463,709.0,709.0,709.0
2026-09-14,6139,703.0,1351218,703.0,703.0,703.0
2026-09-15,6139,713.0,2055879,713.0,713.0,713.0
2026-09-16,6139,707.0,1697549,707.0,707.0,707.0
2026-09-17,6139,696.0,2157163,696.0,696.0,696.0
2026-09-18,6139,733.0,4528809,733.0,733.0,733.0
2026-09-21,6139,718.0,1725029,718.0,718.0,718.0
2026-09-22,6139,715.0,1640135,715.0,715.0,715.0
2026-09-23,6139,736.0,3750210,736.0,736.0,736.0
2026-09-24,6139,753.0,3399157,753.0,753.0,753.0
2026-09-29,6139,732.0,3500385,732.0,732.0,732.0
2026-09-30,6139,756.0,3371103,756.0,756.0,756.0
2026-10-01,6139,759.0,3014465,759.0,759.0,759.0
2026-10-02,6139,775.0,3304534,775.0,775.0,775.0
2026-10-05,6139,790.0,3971097,790.0,790.0,790.0
2026-09-07,6141,51.9,2292537,51.9,51.9,51.9
2026-09-08,6141,49.4,3064017,49.4,49.4,49.4
2026-09-09,6141,50.5,2253231,50.5,50.5,50.5
2026-09-10,6141,55.4,5149156,55.4,55.4,55.4
2026-09-11,6141,51.0,4241696,51.0,51.0,51.0
2026-09-14,6141,48.8,2219101,48.8,48.8,48.8
2026-09-15,6141,48.35,1516835,48.35,48.35,48.35
2026-09-16,6141,49.9,1246123,49.9,49.9,49.9
2026-09-17,6141,49.5,1487337,49.5,49.5,49.5
2026-09-18,6141,49.85,1517097,49.85,49.85,49.85
2026-09-21,6141,49.0,1343800,49.0,49.0,49.0
2026-09-22,6141,50.8,3439141,50.8,50.8,50.8
2026-09-23,6141,51.8,3180277,51.8,51.8,51.8
2026-09-24,6141,51.8,1742591,51.8,51.8,51.8
2026-09-29,6141,52.9,1437515,52.9,52.9,52.9
2026-09-30,6141,51.8,1723520,51.8,51.8,51.8
2026-10-01,6141,52.2,1323629,52.2,52.2,52.2
2026-10-02,6141,51.0,2124864,51.0,51.0,51.0
2026-10-05,6141,51.2,1905185,51.2,51.2,51.2
2026-09-07,6142,8.55,334950,8.55,8.55,8.55
2026-09-08,6142,8.51,166097,8.51,8.51,8.51
2026-09-09,6142,8.55,215123,8.55,8.55,8.55
2026-09-10,6142,8.55,88144,8.55,8.55,8.55
2026-09-11,6142,8.85,929557,8.85,8.85,8.85
2026-09-14,6142,8.78,395789,8.78,8.78,8.78
2026-09-15,6142,8.7,244312,8.7,8.7,8.7
2026-09-16,6142,8.88,299682,8.88,8.88,8.88
2026-09-17,6142,8.83,329243,8.83,8.83,8.83
2026-09-18,6142,8.84,254750,8.84,8.84,8.84
2026-09-21,6142,9.06,741309,9.06,9.06,9.06
2026-09-22,6142,9.05,316981,9.05,9.05,9.05
2026-09-23,6142,9.09,188871,9.09,9.09,9.09
2026-09-24,6142,9.06,254269,9.06,9.06,9.06
2026-09-29,6142,9.06,262971,9.06,9.06,9.06
2026-09-30,6142,9.44,1277527,9.44,9.44,9.44
2026-10-01,6142,9.17,734389,9.17,9.17,9.17
2026-10-02,6142,9.14,521105,9.14,9.14,9.14
2026-10-05,6142,9.06,521300,9.06,9.06,9.06
2026-09-07,6152,13.5,507388,13.5,13.5,13.5
2026-09-08,6152,13.45,514532,13.45,13.45,13.45
2026-09-09,6152,14.75,2203323,14.75,14.75,14.75
2026-09-10,6152,15.2,4618370,15.2,15.2,15.2
2026-09-11,6152,15.0,2340189,15.0,15.0,15.0
2026-09-14,6152,15.2,1597719,15.2,15.2,15.2
2026-09-15,6152,15.05,1176163,15.05,15.05,15.05
2026-09-16,6152,15.15,1327034,15.15,15.15,15.15
2026-09-17,6152,14.75,1574459,14.75,14.75,14.75
2026-09-18,6152,15.05,1234500,15.05,15.05,15.05
2026-09-21,6152,15.8,2784357,15.8,15.8,15.8
2026-09-22,6152,15.35,1835936,15.35,15.35,15.35
2026-09-23,6152,15.05,1096147,15.05,15.05,15.05
2026-09-24,6152,15.0,480652,15.0,15.0,15.0
2026-09-29,6152,15.1,588881,15.1,15.1,15.1
2026-09-30,6152,15.3,947654,15.3,15.3,15.3
2026-10-01,6152,15.45,1040623,15.45,15.45,15.45
2026-10-02,6152,15.7,1576552,15.7,15.7,15.7
2026-10-05,6152,17.25,8527404,17.25,17.25,17.25
2026-09-07,6153,17.35,1746136,17.35,17.35,17.35
2026-09-08,6153,17.4,2802158,17.4,17.4,17.4
2026-09-09,6153,17.85,3021134,17.85,17.85,17.85
2026-09-10,6153,17.4,1768261,17.4,17.4,17.4
2026-09-11,6153,17.3,1675336,17.3,17.3,17.3
2026-09-14,6153,17.15,1427385,17.15,17.15,17.15
2026-09-15,6153,16.9,1389536,16.9,16.9,16.9
2026-09-16,6153,17.2,1245378,17.2,17.2,17.2
2026-09-17,6153,17.25,1457086,17.25,17.25,17.25
2026-09-18,6153,17.0,4015623,17.0,17.0,17.0
2026-09-21,6153,17.4,2269143,17.4,17.4,17.4
2026-09-22,6153,17.1,2408418,17.1,17.1,17.1
2026-09-23,6153,17.05,2156398,17.05,17.05,17.05
2026-09-24,6153,17.2,1902952,17.2,17.2,17.2
2026-09-29,6153,17.65,3119140,17.65,17.65,17.65
2026-09-30,6153,18.2,3919781,18.2,18.2,18.2
2026-10-01,6153,17.8,3966841,17.8,17.8,17.8
2026-10-02,6153,17.95,1702786,17.95,17.95,17.95
2026-10-05,6153,17.85,2637169,17.85,17.85,17.85
2026-09-07,6155,58.2,2953810,58.2,58.2,58.2
2026-09-08,6155,56.4,964475,56.4,56.4,56.4
2026-09-09,6155,57.7,1026006,57.7,57.7,57.7
2026-09-10,6155,57.1,1134847,57.1,57.1,57.1
2026-09-11,6155,55.3,1479063,55.3,55.3,55.3
2026-09-14,6155,55.7,623866,55.7,55.7,55.7
2026-09-15,6155,55.6,555983,55.6,55.6,55.6
2026-09-16,6155,56.4,416749,56.4,56.4,56.4
2026-09-17,6155,55.5,620416,55.5,55.5,55.5
2026-09-18,6155,56.8,650156,56.8,56.8,56.8
2026-09-21,6155,57.0,702360,57.0,57.0,57.0
2026-09-22,6155,56.0,823995,56.0,56.0,56.0
2026-09-23,6155,56.2,536844,56.2,56.2,56.2
2026-09-24,6155,60.2,3762326,60.2,60.2,60.2
2026-09-29,6155,64.0,7364788,64.0,64.0,64.0
2026-09-30,6155,63.3,3733214,63.3,63.3,63.3
2026-10-01,6155,69.6,10413045,69.6,69.6,69.6
2026-10-02,6155,72.5,16636888,72.5,72.5,72.5
2026-10-05,6155,71.0,5292391,71.0,71.0,71.0
2026-09-07,6164,11.7,291245,11.7,11.7,11.7
2026-09-08,6164,11.55,418948,11.55,11.55,11.55
2026-09-09,6164,11.65,201276,11.65,11.65,11.65
2026-09-10,6164,11.3,445937,11.3,11.3,11.3
2026-09-11,6164,11.25,265778,11.25,11.25,11.25
2026-09-14,6164,11.1,205626,11.1,11.1,11.1
2026-09-15,6164,11.05,215445,11.05,11.05,11.05
2026-09-16,6164,11.3,200116,11.3,11.3,11.3
2026-09-17,6164,11.8,895115,11.8,11.8,11.8
2026-09-18,6164,12.25,1339427,12.25,12.25,12.25
2026-09-21,6164,12.4,1249918,12.4,12.4,12.4
2026-09-22,6164,12.3,554146,12.3,12.3,12.3
2026-09-23,6164,12.15,382415,12.15,12.15,12.15
2026-09-24,6164,12.25,348731,12.25,12.25,12.25
2026-09-29,6164,12.4,254364,12.4,12.4,12.4
2026-09-30,6164,12.6,534842,12.6,12.6,12.6
2026-10-01,6164,12.55,192930,12.55,12.55,12.55
2026-10-02,6164,12.6,283457,12.6,12.6,12.6
2026-10-05,6164,13.85,2693714,13.85,13.85,13.85
2026-09-07,6165,48.75,140759,48.75,48.75,48.75
2026-09-08,6165,47.6,433917,47.6,47.6,47.6
2026-09-09,6165,47.85,172184,47.85,47.85,47.85
2026-09-10,6165,47.7,178878,47.7,47.7,47.7
2026-09-11,6165,47.35,357432,47.35,47.35,47.35
2026-09-14,6165,47.4,84575,47.4,47.4,47.4
2026-09-15,6165,47.0,142182,47.0,47.0,47.0
2026-09-16,6165,48.05,198592,48.05,48.05,48.05
2026-09-17,6165,48.6,268149,48.6,48.6,48.6
2026-09-18,6165,50.3,517836,50.3,50.3,50.3
2026-09-21,6165,50.4,961308,50.4,50.4,50.4
2026-09-22,6165,49.1,329196,49.1,49.1,49.1
2026-09-23,6165,48.5,357533,48.5,48.5,48.5
2026-09-24,6165,48.95,150868,48.95,48.95,48.95
2026-09-29,6165,48.85,113250,48.85,48.85,48.85
2026-09-30,6165,50.0,3627663,50.0,50.0,50.0
2026-10-01,6165,49.6,284325,49.6,49.6,49.6
2026-10-02,6165,49.4,158914,49.4,49.4,49.4
2026-10-05,6165,48.6,249289,48.6,48.6,48.6
2026-09-07,6166,116.0,2676989,116.0,116.0,116.0
2026-09-08,6166,114.5,1558215,114.5,114.5,114.5
2026-09-09,6166,115.5,667266,115.5,115.5,115.5
2026-09-10,6166,112.5,1298831,112.5,112.5,112.5
2026-09-11,6166,112.5,702803,112.5,112.5,112.5
2026-09-14,6166,110.5,1071923,110.5,110.5,110.5
2026-09-15,6166,109.0,812352,109.0,109.0,109.0
2026-09-16,6166,109.5,729973,109.5,109.5,109.5
2026-09-17,6166,112.0,866395,112.0,112.0,112.0
2026-09-18,6166,114.5,648977,114.5,114.5,114.5
2026-09-21,6166,125.5,4116162,125.5,125.5,125.5
2026-09-22,6166,127.0,7119231,127.0,127.0,127.0
2026-09-23,6166,126.5,3937693,126.5,126.5,126.5
2026-09-24,6166,132.0,2054478,132.0,132.0,132.0
2026-09-29,6166,135.0,5049553,135.0,135.0,135.0
2026-09-30,6166,133.0,2569354,133.0,133.0,133.0
2026-10-01,6166,130.0,1276252,130.0,130.0,130.0
2026-10-02,6166,130.0,999557,130.0,130.0,130.0
2026-10-05,6166,129.5,1324049,129.5,129.5,129.5
2026-09-07,6168,29.4,9407152,29.4,29.4,29.4
2026-09-08,6168,28.55,5198942,28.55,28.55,28.55
2026-09-09,6168,29.6,5661976,29.6,29.6,29.6
2026-09-10,6168,29.8,9805912,29.8,29.8,29.8
2026-09-11,6168,29.45,3287785,29.45,29.45,29.45
2026-09-14,6168,29.95,5305013,29.95,29.95,29.95
2026-09-15,6168,29.25,3346135,29.25,29.25,29.25
2026-09-16,6168,32.15,17480412,32.15,32.15,32.15
2026-09-17,6168,35.35,29893142,35.35,35.35,35.35
2026-09-18,6168,38.85,32720032,38.85,38.85,38.85
2026-09-21,6168,42.7,11637620,42.7,42.7,42.7
2026-09-22,6168,44.0,68487034,44.0,44.0,44.0
2026-09-23,6168,41.2,25341487,41.2,41.2,41.2
2026-09-24,6168,44.0,7626913,44.0,44.0,44.0
2026-09-29,6168,45.2,5660688,45.2,45.2,45.2
2026-09-30,6168,45.25,6398422,45.25,45.25,45.25
2026-10-01,6168,47.0,5130479,47.0,47.0,47.0
2026-10-02,6168,46.0,4275358,46.0,46.0,46.0
2026-10-05,6168,47.1,31808643,47.1,47.1,47.1
2026-09-07,6176,91.4,1205355,91.4,91.4,91.4
2026-09-08,6176,91.1,1675053,91.1,91.1,91.1
2026-09-09,6176,90.2,3134927,90.2,90.2,90.2
2026-09-10,6176,89.1,2785253,89.1,89.1,89.1
2026-09-11,6176,88.9,1858134,88.9,88.9,88.9
2026-09-14,6176,93.6,5803862,93.6,93.6,93.6
2026-09-15,6176,92.0,1969799,92.0,92.0,92.0
2026-09-16,6176,92.2,1338307,92.2,92.2,92.2
2026-09-17,6176,93.4,1660971,93.4,93.4,93.4
2026-09-18,6176,96.1,3847500,96.1,96.1,96.1
2026-09-21,6176,93.8,2753029,93.8,93.8,93.8
2026-09-22,6176,92.2,2290771,92.2,92.2,92.2
2026-09-23,6176,92.8,1467944,92.8,92.8,92.8
2026-09-24,6176,91.8,1238200,91.8,91.8,91.8
2026-09-29,6176,90.2,1403217,90.2,90.2,90.2
2026-09-30,6176,91.2,1303911,91.2,91.2,91.2
2026-10-01,6176,91.4,1062269,91.4,91.4,91.4
2026-10-02,6176,92.3,771588,92.3,92.3,92.3
2026-10-05,6176,92.3,1014813,92.3,92.3,92.3
2026-09-07,6177,47.4,2661318,47.4,47.4,47.4
2026-09-08,6177,47.75,643443,47.75,47.75,47.75
2026-09-09,6177,48.45,1178147,48.45,48.45,48.45
2026-09-10,6177,47.5,1372952,47.5,47.5,47.5
2026-09-11,6177,47.5,2046258,47.5,47.5,47.5
2026-09-14,6177,46.85,1166255,46.85,46.85,46.85
2026-09-15,6177,46.85,1288714,46.85,46.85,46.85
2026-09-16,6177,46.7,641447,46.7,46.7,46.7
2026-09-17,6177,47.65,954487,47.65,47.65,47.65
2026-09-18,6177,48.35,3746204,48.35,48.35,48.35
2026-09-21,6177,47.65,840456,47.65,47.65,47.65
2026-09-22,6177,47.1,1322868,47.1,47.1,47.1
2026-09-23,6177,46.5,1268744,46.5,46.5,46.5
2026-09-24,6177,46.2,1039055,46.2,46.2,46.2
2026-09-29,6177,46.25,620878,46.25,46.25,46.25
2026-09-30,6177,46.45,654604,46.45,46.45,46.45
2026-10-01,6177,46.65,1612608,46.65,46.65,46.65
2026-10-02,6177,46.0,1113794,46.0,46.0,46.0
2026-10-05,6177,45.3,1728107,45.3,45.3,45.3
2026-09-07,6183,92.5,27612,92.5,92.5,92.5
2026-09-08,6183,92.5,17235,92.5,92.5,92.5
2026-09-09,6183,92.6,15223,92.6,92.6,92.6
2026-09-10,6183,91.3,15958,91.3,91.3,91.3
2026-09-11,6183,91.2,19435,91.2,91.2,91.2
2026-09-14,6183,92.2,22630,92.2,92.2,92.2
2026-09-15,6183,91.0,20811,91.0,91.0,91.0
2026-09-16,6183,91.0,6243,91.0,91.0,91.0
2026-09-17,6183,90.9,28731,90.9,90.9,90.9
2026-09-18,6183,91.4,21449,91.4,91.4,91.4
2026-09-21,6183,91.6,30709,91.6,91.6,91.6
2026-09-22,6183,91.1,10594,91.1,91.1,91.1
2026-09-23,6183,91.2,6637,91.2,91.2,91.2
2026-09-24,6183,91.3,18832,91.3,91.3,91.3
2026-09-29,6183,90.5,78004,90.5,90.5,90.5
2026-09-30,6183,91.8,33475,91.8,91.8,91.8
2026-10-01,6183,92.3,11899,92.3,92.3,92.3
2026-10-02,6183,91.7,20897,91.7,91.7,91.7
2026-10-05,6183,91.4,18628,91.4,91.4,91.4
2026-09-07,6184,40.1,161941,40.1,40.1,40.1
2026-09-08,6184,39.9,144133,39.9,39.9,39.9
2026-09-09,6184,39.75,414976,39.75,39.75,39.75
2026-09-10,6184,40.5,287736,40.5,40.5,40.5
2026-09-11,6184,40.05,94213,40.05,40.05,40.05
2026-09-14,6184,39.8,162415,39.8,39.8,39.8
2026-09-15,6184,39.55,200792,39.55,39.55,39.55
2026-09-16,6184,39.45,102878,39.45,39.45,39.45
2026-09-17,6184,39.55,173973,39.55,39.55,39.55
2026-09-18,6184,40.8,791994,40.8,40.8,40.8
2026-09-21,6184,40.5,256853,40.5,40.5,40.5
2026-09-22,6184,40.4,133209,40.4,40.4,40.4
2026-09-23,6184,40.4,84138,40.4,40.4,40.4
2026-09-24,6184,40.3,43261,40.3,40.3,40.3
2026-09-29,6184,40.1,94428,40.1,40.1,40.1
2026-09-30,6184,40.3,31187,40.3,40.3,40.3
2026-10-01,6184,40.4,32765,40.4,40.4,40.4
2026-10-02,6184,40.15,56785,40.15,40.15,40.15
2026-10-05,6184,40.1,87346,40.1,40.1,40.1
2026-09-07,6189,47.55,475110,47.55,47.55,47.55
2026-09-08,6189,46.85,427783,46.85,46.85,46.85
2026-09-09,6189,46.65,357223,46.65,46.65,46.65
2026-09-10,6189,46.35,434024,46.35,46.35,46.35
2026-09-11,6189,46.55,503215,46.55,46.55,46.55
2026-09-14,6189,47.05,275843,47.05,47.05,47.05
2026-09-15,6189,46.6,175811,46.6,46.6,46.6
2026-09-16,6189,46.7,180422,46.7,46.7,46.7
2026-09-17,6189,47.4,302563,47.4,47.4,47.4
2026-09-18,6189,48.15,345992,48.15,48.15,48.15
2026-09-21,6189,48.25,356361,48.25,48.25,48.25
2026-09-22,6189,48.0,307252,48.0,48.0,48.0
2026-09-23,6189,49.1,939032,49.1,49.1,49.1
2026-09-24,6189,49.2,253498,49.2,49.2,49.2
2026-09-29,6189,50.2,997103,50.2,50.2,50.2
2026-09-30,6189,50.4,409293,50.4,50.4,50.4
2026-10-01,6189,50.2,243441,50.2,50.2,50.2
2026-10-02,6189,49.9,282762,49.9,49.9,49.9
2026-10-05,6189,49.4,451650,49.4,49.4,49.4
2026-09-07,6191,82.8,907893,82.8,82.8,82.8
2026-09-08,6191,81.7,1082500,81.7,81.7,81.7
2026-09-09,6191,83.1,1694741,83.1,83.1,83.1
2026-09-10,6191,82.0,836974,82.0,82.0,82.0
2026-09-11,6191,82.3,980838,82.3,82.3,82.3
2026-09-14,6191,82.0,870226,82.0,82.0,82.0
2026-09-15,6191,81.0,919848,81.0,81.0,81.0
2026-09-16,6191,82.7,988595,82.7,82.7,82.7
2026-09-17,6191,82.2,1747762,82.2,82.2,82.2
2026-09-18,6191,83.2,1065844,83.2,83.2,83.2
2026-09-21,6191,83.2,1145875,83.2,83.2,83.2
2026-09-22,6191,84.3,1764099,84.3,84.3,84.3
2026-09-23,6191,82.8,1164462,82.8,82.8,82.8
2026-09-24,6191,82.3,813601,82.3,82.3,82.3
2026-09-29,6191,83.1,1039095,83.1,83.1,83.1
2026-09-30,6191,84.0,1190164,84.0,84.0,84.0
2026-10-01,6191,84.3,1084592,84.3,84.3,84.3
2026-10-02,6191,84.7,1963538,84.7,84.7,84.7
2026-10-05,6191,85.9,2759396,85.9,85.9,85.9
2026-09-07,6192,115.0,229611,115.0,115.0,115.0
2026-09-08,6192,115.0,79746,115.0,115.0,115.0
2026-09-09,6192,114.5,64851,114.5,114.5,114.5
2026-09-10,6192,114.0,51142,114.0,114.0,114.0
2026-09-11,6192,111.0,298015,111.0,111.0,111.0
2026-09-14,6192,110.0,147771,110.0,110.0,110.0
2026-09-15,6192,109.5,56394,109.5,109.5,109.5
2026-09-16,6192,109.5,70215,109.5,109.5,109.5
2026-09-17,6192,110.5,100229,110.5,110.5,110.5
2026-09-18,6192,111.5,66987,111.5,111.5,111.5
2026-09-21,6192,110.5,68464,110.5,110.5,110.5
2026-09-22,6192,110.5,52723,110.5,110.5,110.5
2026-09-23,6192,111.0,80960,111.0,111.0,111.0
2026-09-24,6192,110.5,52488,110.5,110.5,110.5
2026-09-29,6192,109.5,78523,109.5,109.5,109.5
2026-09-30,6192,109.5,85425,109.5,109.5,109.5
2026-10-01,6192,110.0,130793,110.0,110.0,110.0
2026-10-02,6192,109.5,49825,109.5,109.5,109.5
2026-10-05,6192,110.5,142298,110.5,110.5,110.5
2026-09-07,6196,514.0,1299375,514.0,514.0,514.0
2026-09-08,6196,503.0,1322242,503.0,503.0,503.0
2026-09-09,6196,534.0,3685322,534.0,534.0,534.0
2026-09-10,6196,535.0,1449260,535.0,535.0,535.0
2026-09-11,6196,511.0,2106566,511.0,511.0,511.0
2026-09-14,6196,520.0,1602704,520.0,520.0,520.0
2026-09-15,6196,518.0,1109429,518.0,518.0,518.0
2026-09-16,6196,521.0,795146,521.0,521.0,521.0
2026-09-17,6196,516.0,973428,516.0,516.0,516.0
2026-09-18,6196,540.0,2100117,540.0,540.0,540.0
2026-09-21,6196,535.0,1270481,535.0,535.0,535.0
2026-09-22,6196,535.0,1220757,535.0,535.0,535.0
2026-09-23,6196,549.0,1773924,549.0,549.0,549.0
2026-09-24,6196,565.0,1521343,565.0,565.0,565.0
2026-09-29,6196,544.0,1880519,544.0,544.0,544.0
2026-09-30,6196,585.0,3126316,585.0,585.0,585.0
2026-10-01,6196,602.0,1948826,602.0,602.0,602.0
2026-10-02,6196,618.0,1802450,618.0,618.0,618.0
2026-10-05,6196,679.0,3101021,679.0,679.0,679.0
2026-09-07,6197,308.0,1708357,308.0,308.0,308.0
2026-09-08,6197,300.5,1048510,300.5,300.5,300.5
2026-09-09,6197,302.5,728834,302.5,302.5,302.5
2026-09-10,6197,301.0,709344,301.0,301.0,301.0
2026-09-11,6197,300.0,1083400,300.0,300.0,300.0
2026-09-14,6197,297.0,815302,297.0,297.0,297.0
2026-09-15,6197,292.0,762733,292.0,292.0,292.0
2026-09-16,6197,295.0,507371,295.0,295.0,295.0
2026-09-17,6197,304.5,1462984,304.5,304.5,304.5
2026-09-18,6197,320.5,3872484,320.5,320.5,320.5
2026-09-21,6197,322.0,2175287,322.0,322.0,322.0
2026-09-22,6197,317.5,2209938,317.5,317.5,317.5
2026-09-23,6197,316.5,923502,316.5,316.5,316.5
2026-09-24,6197,320.0,993774,320.0,320.0,320.0
2026-09-29,6197,319.0,683759,319.0,319.0,319.0
2026-09-30,6197,326.0,1635769,326.0,326.0,326.0
2026-10-01,6197,330.0,1809543,330.0,330.0,330.0
2026-10-02,6197,339.5,2564504,339.5,339.5,339.5
2026-10-05,6197,345.0,2829534,345.0,345.0,345.0
2026-09-07,6201,44.8,25684,44.8,44.8,44.8
2026-09-08,6201,44.8,21759,44.8,44.8,44.8
2026-09-09,6201,45.0,49506,45.0,45.0,45.0
2026-09-10,6201,44.3,23656,44.3,44.3,44.3
2026-09-11,6201,45.0,24667,45.0,45.0,45.0
2026-09-14,6201,44.95,12598,44.95,44.95,44.95
2026-09-15,6201,44.9,13225,44.9,44.9,44.9
2026-09-16,6201,44.45,15399,44.45,44.45,44.45
2026-09-17,6201,44.8,28055,44.8,44.8,44.8
2026-09-18,6201,46.4,80801,46.4,46.4,46.4
2026-09-21,6201,45.35,30929,45.35,45.35,45.35
2026-09-22,6201,44.55,44035,44.55,44.55,44.55
2026-09-23,6201,44.45,12486,44.45,44.45,44.45
2026-09-24,6201,44.7,15252,44.7,44.7,44.7
2026-09-29,6201,44.2,47983,44.2,44.2,44.2
2026-09-30,6201,44.6,12416,44.6,44.6,44.6
2026-10-01,6201,44.55,22383,44.55,44.55,44.55
2026-10-02,6201,44.4,43680,44.4,44.4,44.4
2026-10-05,6201,44.05,58344,44.05,44.05,44.05
2026-09-07,6202,59.0,827866,59.0,59.0,59.0
2026-09-08,6202,56.9,1868060,56.9,56.9,56.9
2026-09-09,6202,57.2,656357,57.2,57.2,57.2
2026-09-10,6202,56.6,578950,56.6,56.6,56.6
2026-09-11,6202,55.2,745278,55.2,55.2,55.2
2026-09-14,6202,54.7,514198,54.7,54.7,54.7
2026-09-15,6202,53.7,698267,53.7,53.7,53.7
2026-09-16,6202,54.5,476603,54.5,54.5,54.5
2026-09-17,6202,54.3,616239,54.3,54.3,54.3
2026-09-18,6202,55.8,1667094,55.8,55.8,55.8
2026-09-21,6202,57.5,1454157,57.5,57.5,57.5
2026-09-22,6202,57.8,2040010,57.8,57.8,57.8
2026-09-23,6202,59.0,2090951,59.0,59.0,59.0
2026-09-24,6202,58.2,879959,58.2,58.2,58.2
2026-09-29,6202,58.4,694313,58.4,58.4,58.4
2026-09-30,6202,58.6,1071210,58.6,58.6,58.6
2026-10-01,6202,60.1,3638957,60.1,60.1,60.1
2026-10-02,6202,63.2,4623585,63.2,63.2,63.2
2026-10-05,6202,60.8,4268744,60.8,60.8,60.8
2026-09-07,6205,65.2,223261,65.2,65.2,65.2
2026-09-08,6205,64.7,213366,64.7,64.7,64.7
2026-09-09,6205,64.2,229018,64.2,64.2,64.2
2026-09-10,6205,63.1,175660,63.1,63.1,63.1
2026-09-11,6205,61.3,277729,61.3,61.3,61.3
2026-09-14,6205,60.8,132645,60.8,60.8,60.8
2026-09-15,6205,60.2,136002,60.2,60.2,60.2
2026-09-16,6205,61.6,207633,61.6,61.6,61.6
2026-09-17,6205,63.3,522047,63.3,63.3,63.3
2026-09-18,6205,63.7,239666,63.7,63.7,63.7
2026-09-21,6205,70.0,1276548,70.0,70.0,70.0
2026-09-22,6205,65.5,2191446,65.5,65.5,65.5
2026-09-23,6205,72.0,4231383,72.0,72.0,72.0
2026-09-24,6205,73.6,11480659,73.6,73.6,73.6
2026-09-29,6205,71.1,2134375,71.1,71.1,71.1
2026-09-30,6205,71.3,1504797,71.3,71.3,71.3
2026-10-01,6205,71.8,1310192,71.8,71.8,71.8
2026-10-02,6205,73.7,3399984,73.7,73.7,73.7
2026-10-05,6205,72.6,1664612,72.6,72.6,72.6
2026-09-07,6206,136.0,1085792,136.0,136.0,136.0
2026-09-08,6206,134.0,957548,134.0,134.0,134.0
2026-09-09,6206,137.5,938884,137.5,137.5,137.5
2026-09-10,6206,135.0,681383,135.0,135.0,135.0
2026-09-11,6206,138.0,1817205,138.0,138.0,138.0
2026-09-14,6206,136.0,546229,136.0,136.0,136.0
2026-09-15,6206,137.0,679676,137.0,137.0,137.0
2026-09-16,6206,138.0,412910,138.0,138.0,138.0
2026-09-17,6206,141.5,1378419,141.5,141.5,141.5
2026-09-18,6206,138.5,933542,138.5,138.5,138.5
2026-09-21,6206,142.0,1182203,142.0,142.0,142.0
2026-09-22,6206,140.5,507033,140.5,140.5,140.5
2026-09-23,6206,139.0,476522,139.0,139.0,139.0
2026-09-24,6206,139.0,318098,139.0,139.0,139.0
2026-09-29,6206,143.0,1288184,143.0,143.0,143.0
2026-09-30,6206,139.5,858975,139.5,139.5,139.5
2026-10-01,6206,139.0,281465,139.0,139.0,139.0
2026-10-02,6206,137.0,665047,137.0,137.0,137.0
2026-10-05,6206,137.5,541423,137.5,137.5,137.5
2026-09-07,6209,79.1,8030529,79.1,79.1,79.1
2026-09-08,6209,77.5,7464127,77.5,77.5,77.5
2026-09-09,6209,79.1,6297256,79.1,79.1,79.1
2026-09-10,6209,81.0,8089637,81.0,81.0,81.0
2026-09-11,6209,80.0,18994955,80.0,80.0,80.0
2026-09-14,6209,76.5,8971424,76.5,76.5,76.5
2026-09-15,6209,75.6,5765279,75.6,75.6,75.6
2026-09-16,6209,80.0,11325045,80.0,80.0,80.0
2026-09-17,6209,78.0,7575261,78.0,78.0,78.0
2026-09-18,6209,80.4,6170241,80.4,80.4,80.4
2026-09-21,6209,79.1,4049535,79.1,79.1,79.1
2026-09-22,6209,77.1,4731553,77.1,77.1,77.1
2026-09-23,6209,78.0,6511348,78.0,78.0,78.0
2026-09-24,6209,79.9,5832314,79.9,79.9,79.9
2026-09-29,6209,81.5,10707256,81.5,81.5,81.5
2026-09-30,6209,81.7,7141009,81.7,81.7,81.7
2026-10-01,6209,82.7,9114038,82.7,82.7,82.7
2026-10-02,6209,83.9,9549478,83.9,83.9,83.9
2026-10-05,6209,87.9,18483958,87.9,87.9,87.9
2026-09-07,6213,513.0,12259299,513.0,513.0,513.0
2026-09-08,6213,510.0,15951216,510.0,510.0,510.0
2026-09-09,6213,523.0,14888663,523.0,523.0,523.0
2026-09-10,6213,519.0,6925997,519.0,519.0,519.0
2026-09-11,6213,509.0,17380948,509.0,509.0,509.0
2026-09-14,6213,515.0,10165821,515.0,515.0,515.0
2026-09-15,6213,519.0,11540383,519.0,519.0,519.0
2026-09-16,6213,550.0,21280091,550.0,550.0,550.0
2026-09-17,6213,495.0,37381131,495.0,495.0,495.0
2026-09-18,6213,505.0,22460318,505.0,505.0,505.0
2026-09-21,6213,542.0,17958275,542.0,542.0,542.0
2026-09-22,6213,543.0,21327081,543.0,543.0,543.0
2026-09-23,6213,541.0,11528438,541.0,541.0,541.0
2026-09-24,6213,595.0,16800143,595.0,595.0,595.0
2026-09-29,6213,620.0,27479007,620.0,620.0,620.0
2026-09-30,6213,623.0,23593063,623.0,623.0,623.0
2026-10-01,6213,642.0,14504834,642.0,642.0,642.0
2026-10-02,6213,683.0,24367397,683.0,683.0,683.0
2026-10-05,6213,751.0,20063879,751.0,751.0,751.0
2026-09-07,6214,185.0,1001110,185.0,185.0,185.0
2026-09-08,6214,185.0,1357191,185.0,185.0,185.0
2026-09-09,6214,187.5,1198434,187.5,187.5,187.5
2026-09-10,6214,187.5,1648736,187.5,187.5,187.5
2026-09-11,6214,188.5,2105028,188.5,188.5,188.5
2026-09-14,6214,187.5,2489188,187.5,187.5,187.5
2026-09-15,6214,190.0,3389449,190.0,190.0,190.0
2026-09-16,6214,191.0,2413021,191.0,191.0,191.0
2026-09-17,6214,193.0,1401174,193.0,193.0,193.0
2026-09-18,6214,194.5,2040352,194.5,194.5,194.5
2026-09-21,6214,191.5,1692764,191.5,191.5,191.5
2026-09-22,6214,190.5,2108714,190.5,190.5,190.5
2026-09-23,6214,190.0,2530287,190.0,190.0,190.0
2026-09-24,6214,190.5,2488285,190.5,190.5,190.5
2026-09-29,6214,189.0,1149103,189.0,189.0,189.0
2026-09-30,6214,188.0,1869735,188.0,188.0,188.0
2026-10-01,6214,189.0,732126,189.0,189.0,189.0
2026-10-02,6214,188.5,399450,188.5,188.5,188.5
2026-10-05,6214,188.5,469492,188.5,188.5,188.5
2026-09-07,6215,97.8,395611,97.8,97.8,97.8
2026-09-08,6215,95.6,527807,95.6,95.6,95.6
2026-09-09,6215,97.4,356594,97.4,97.4,97.4
2026-09-10,6215,100.5,2082837,100.5,100.5,100.5
2026-09-11,6215,98.2,583092,98.2,98.2,98.2
2026-09-14,6215,96.2,481792,96.2,96.2,96.2
2026-09-15,6215,95.7,346228,95.7,95.7,95.7
2026-09-16,6215,97.3,224717,97.3,97.3,97.3
2026-09-17,6215,98.0,417385,98.0,98.0,98.0
2026-09-18,6215,98.7,298414,98.7,98.7,98.7
2026-09-21,6215,98.2,284345,98.2,98.2,98.2
2026-09-22,6215,97.5,318819,97.5,97.5,97.5
2026-09-23,6215,97.3,231076,97.3,97.3,97.3
2026-09-24,6215,96.8,367400,96.8,96.8,96.8
2026-09-29,6215,97.2,178676,97.2,97.2,97.2
2026-09-30,6215,97.7,254513,97.7,97.7,97.7
2026-10-01,6215,97.1,269464,97.1,97.1,97.1
2026-10-02,6215,97.8,293357,97.8,97.8,97.8
2026-10-05,6215,97.8,612503,97.8,97.8,97.8
2026-09-07,6216,20.45,101783,20.45,20.45,20.45
2026-09-08,6216,19.85,536087,19.85,19.85,19.85
2026-09-09,6216,20.1,111957,20.1,20.1,20.1
2026-09-10,6216,20.0,97673,20.0,20.0,20.0
2026-09-11,6216,19.8,157597,19.8,19.8,19.8
2026-09-14,6216,19.6,149091,19.6,19.6,19.6
2026-09-15,6216,19.3,120867,19.3,19.3,19.3
2026-09-16,6216,19.4,138024,19.4,19.4,19.4
2026-09-17,6216,19.35,183452,19.35,19.35,19.35
2026-09-18,6216,19.3,92851,19.3,19.3,19.3
2026-09-21,6216,19.65,158760,19.65,19.65,19.65
2026-09-22,6216,19.7,115140,19.7,19.7,19.7
2026-09-23,6216,19.55,42801,19.55,19.55,19.55
2026-09-24,6216,19.55,33100,19.55,19.55,19.55
2026-09-29,6216,19.5,49833,19.5,19.5,19.5
2026-09-30,6216,19.95,94737,19.95,19.95,19.95
2026-10-01,6216,19.75,60632,19.75,19.75,19.75
2026-10-02,6216,19.65,138959,19.65,19.65,19.65
2026-10-05,6216,19.9,114047,19.9,19.9,19.9
2026-09-07,6224,88.8,5449926,88.8,88.8,88.8
2026-09-08,6224,84.6,2150301,84.6,84.6,84.6
2026-09-09,6224,84.5,1063067,84.5,84.5,84.5
2026-09-10,6224,89.0,2271503,89.0,89.0,89.0
2026-09-11,6224,87.5,3482253,87.5,87.5,87.5
2026-09-14,6224,85.0,1034615,85.0,85.0,85.0
2026-09-15,6224,86.0,1348110,86.0,86.0,86.0
2026-09-16,6224,88.3,1112255,88.3,88.3,88.3
2026-09-17,6224,86.5,1679467,86.5,86.5,86.5
2026-09-18,6224,89.2,1409069,89.2,89.2,89.2
2026-09-21,6224,89.2,1654424,89.2,89.2,89.2
2026-09-22,6224,81.8,3101774,81.8,81.8,81.8
2026-09-23,6224,82.2,916638,82.2,82.2,82.2
2026-09-24,6224,82.2,842435,82.2,82.2,82.2
2026-09-29,6224,81.2,704380,81.2,81.2,81.2
2026-09-30,6224,78.8,897148,78.8,78.8,78.8
2026-10-01,6224,81.7,1382127,81.7,81.7,81.7
2026-10-02,6224,80.8,1025239,80.8,80.8,80.8
2026-10-05,6224,79.7,725399,79.7,79.7,79.7
2026-09-07,6225,60.9,117718,60.9,60.9,60.9
2026-09-08,6225,61.5,84622,61.5,61.5,61.5
2026-09-09,6225,67.6,125313,67.6,67.6,67.6
2026-09-10,6225,74.3,195330,74.3,74.3,74.3
2026-09-11,6225,74.9,238162,74.9,74.9,74.9
2026-09-14,6225,67.5,113206,67.5,67.5,67.5
2026-09-15,6225,63.5,114514,63.5,63.5,63.5
2026-09-16,6225,60.4,152119,60.4,60.4,60.4
2026-09-17,6225,60.2,173832,60.2,60.2,60.2
2026-09-18,6225,60.0,120552,60.0,60.0,60.0
2026-09-21,6225,56.9,197859,56.9,56.9,56.9
2026-09-22,6225,51.3,263294,51.3,51.3,51.3
2026-09-23,6225,46.2,174523,46.2,46.2,46.2
2026-09-24,6225,50.4,2846605,50.4,50.4,50.4
2026-09-29,6225,55.4,800324,55.4,55.4,55.4
2026-09-30,6225,60.9,195797,60.9,60.9,60.9
2026-10-01,6225,66.9,168037,66.9,66.9,66.9
2026-10-02,6225,68.3,976855,68.3,68.3,68.3
2026-10-05,6225,69.2,291123,69.2,69.2,69.2
2026-09-07,6226,32.4,5892985,32.4,32.4,32.4
2026-09-08,6226,29.6,17602029,29.6,29.6,29.6
2026-09-09,6226,29.65,15254890,29.65,29.65,29.65
2026-09-10,6226,32.6,15232595,32.6,32.6,32.6
2026-09-11,6226,30.0,41710661,30.0,30.0,30.0
2026-09-14,6226,33.0,33483872,33.0,33.0,33.0
2026-09-15,6226,36.3,81114487,36.3,36.3,36.3
2026-09-16,6226,39.9,6533964,39.9,39.9,39.9
2026-09-17,6226,43.85,23028325,43.85,43.85,43.85
2026-09-18,6226,45.7,129839900,45.7,45.7,45.7
2026-09-21,6226,44.5,6890544,44.5,44.5,44.5
2026-09-22,6226,44.2,4041380,44.2,44.2,44.2
2026-09-23,6226,42.7,3522645,42.7,42.7,42.7
2026-09-24,6226,44.0,2311220,44.0,44.0,44.0
2026-09-29,6226,45.55,2182112,45.55,45.55,45.55
2026-09-30,6226,45.1,2207400,45.1,45.1,45.1
2026-10-01,6226,48.0,4543123,48.0,48.0,48.0
2026-10-02,6226,46.4,39930818,46.4,46.4,46.4
2026-10-05,6226,43.0,36413647,43.0,43.0,43.0
2026-09-07,6230,113.0,94495,113.0,113.0,113.0
2026-09-08,6230,108.0,37897,108.0,108.0,108.0
2026-09-09,6230,108.5,24106,108.5,108.5,108.5
2026-09-10,6230,107.5,16549,107.5,107.5,107.5
2026-09-11,6230,106.0,28065,106.0,106.0,106.0
2026-09-14,6230,116.5,265526,116.5,116.5,116.5
2026-09-15,6230,109.0,396676,109.0,109.0,109.0
2026-09-16,6230,110.0,56895,110.0,110.0,110.0
2026-09-17,6230,110.5,67734,110.5,110.5,110.5
2026-09-18,6230,113.0,49807,113.0,113.0,113.0
2026-09-21,6230,112.0,26360,112.0,112.0,112.0
2026-09-22,6230,111.0,28906,111.0,111.0,111.0
2026-09-23,6230,111.5,28068,111.5,111.5,111.5
2026-09-24,6230,113.0,42552,113.0,113.0,113.0
2026-09-29,6230,111.5,39395,111.5,111.5,111.5
2026-09-30,6230,113.0,32198,113.0,113.0,113.0
2026-10-01,6230,111.0,37943,111.0,111.0,111.0
2026-10-02,6230,111.5,18463,111.5,111.5,111.5
2026-10-05,6230,113.0,28450,113.0,113.0,113.0
2026-09-07,6235,39.0,289644,39.0,39.0,39.0
2026-09-08,6235,38.4,195147,38.4,38.4,38.4
2026-09-09,6235,38.45,207153,38.45,38.45,38.45
2026-09-10,6235,38.4,151146,38.4,38.4,38.4
2026-09-11,6235,38.2,185515,38.2,38.2,38.2
2026-09-14,6235,37.95,144664,37.95,37.95,37.95
2026-09-15,6235,37.55,238946,37.55,37.55,37.55
2026-09-16,6235,37.6,212575,37.6,37.6,37.6
2026-09-17,6235,38.0,219410,38.0,38.0,38.0
2026-09-18,6235,37.7,326565,37.7,37.7,37.7
2026-09-21,6235,38.6,289576,38.6,38.6,38.6
2026-09-22,6235,38.85,314647,38.85,38.85,38.85
2026-09-23,6235,39.9,823551,39.9,39.9,39.9
2026-09-24,6235,38.7,471977,38.7,38.7,38.7
2026-09-29,6235,38.85,229677,38.85,38.85,38.85
2026-09-30,6235,39.1,231475,39.1,39.1,39.1
2026-10-01,6235,39.15,205162,39.15,39.15,39.15
2026-10-02,6235,39.35,349056,39.35,39.35,39.35
2026-10-05,6235,38.35,581278,38.35,38.35,38.35
2026-09-07,6239,280.0,7157757,280.0,280.0,280.0
2026-09-08,6239,275.5,14541717,275.5,275.5,275.5
2026-09-09,6239,281.0,12889675,281.0,281.0,281.0
2026-09-10,6239,283.5,14120688,283.5,283.5,283.5
2026-09-11,6239,273.0,12530702,273.0,273.0,273.0
2026-09-14,6239,271.5,7089592,271.5,271.5,271.5
2026-09-15,6239,268.0,7964169,268.0,268.0,268.0
2026-09-16,6239,274.5,6854413,274.5,274.5,274.5
2026-09-17,6239,274.5,13168497,274.5,274.5,274.5
2026-09-18,6239,284.0,20546917,284.0,284.0,284.0
2026-09-21,6239,292.5,27709326,292.5,292.5,292.5
2026-09-22,6239,292.0,19534311,292.0,292.0,292.0
2026-09-23,6239,286.5,9329837,286.5,286.5,286.5
2026-09-24,6239,287.0,5364014,287.0,287.0,287.0
2026-09-29,6239,281.0,6785487,281.0,281.0,281.0
2026-09-30,6239,289.5,14456581,289.5,289.5,289.5
2026-10-01,6239,292.5,7278591,292.5,292.5,292.5
2026-10-02,6239,308.0,30835497,308.0,308.0,308.0
2026-10-05,6239,297.5,24412772,297.5,297.5,297.5
2026-09-07,6243,39.05,272984,39.05,39.05,39.05
2026-09-08,6243,37.75,370023,37.75,37.75,37.75
2026-09-09,6243,38.15,196637,38.15,38.15,38.15
2026-09-10,6243,37.4,288818,37.4,37.4,37.4
2026-09-11,6243,36.8,464850,36.8,36.8,36.8
2026-09-14,6243,36.9,274187,36.9,36.9,36.9
2026-09-15,6243,36.4,156724,36.4,36.4,36.4
2026-09-16,6243,37.0,176451,37.0,37.0,37.0
2026-09-17,6243,37.2,214469,37.2,37.2,37.2
2026-09-18,6243,38.1,232358,38.1,38.1,38.1
2026-09-21,6243,38.4,175189,38.4,38.4,38.4
2026-09-22,6243,37.5,286327,37.5,37.5,37.5
2026-09-23,6243,41.25,1522098,41.25,41.25,41.25
2026-09-24,6243,39.5,1765177,39.5,39.5,39.5
2026-09-29,6243,39.0,362425,39.0,39.0,39.0
2026-09-30,6243,39.5,400561,39.5,39.5,39.5
2026-10-01,6243,40.55,943422,40.55,40.55,40.55
2026-10-02,6243,41.1,385194,41.1,41.1,41.1
2026-10-05,6243,40.2,410302,40.2,40.2,40.2
2026-09-07,6257,213.0,4565595,213.0,213.0,213.0
2026-09-08,6257,209.0,7134116,209.0,209.0,209.0
2026-09-09,6257,213.0,5082628,213.0,213.0,213.0
2026-09-10,6257,217.0,18438387,217.0,217.0,217.0
2026-09-11,6257,211.5,4963308,211.5,211.5,211.5
2026-09-14,6257,210.0,3119037,210.0,210.0,210.0
2026-09-15,6257,207.5,2791002,207.5,207.5,207.5
2026-09-16,6257,210.0,3109254,210.0,210.0,210.0
2026-09-17,6257,222.5,19035481,222.5,222.5,222.5
2026-09-18,6257,244.5,36727856,244.5,244.5,244.5
2026-09-21,6257,250.5,28056800,250.5,250.5,250.5
2026-09-22,6257,249.0,20208841,249.0,249.0,249.0
2026-09-23,6257,247.0,15500184,247.0,247.0,247.0
2026-09-24,6257,243.0,11563776,243.0,243.0,243.0
2026-09-29,6257,236.5,6304390,236.5,236.5,236.5
2026-09-30,6257,254.0,21848796,254.0,254.0,254.0
2026-10-01,6257,256.5,10058604,256.5,256.5,256.5
2026-10-02,6257,257.5,15922505,257.5,257.5,257.5
2026-10-05,6257,260.0,20298667,260.0,260.0,260.0
2026-09-07,6269,67.8,5634498,67.8,67.8,67.8
2026-09-08,6269,65.8,6142014,65.8,65.8,65.8
2026-09-09,6269,69.3,7771233,69.3,69.3,69.3
2026-09-10,6269,66.6,6765899,66.6,66.6,66.6
2026-09-11,6269,66.1,3488730,66.1,66.1,66.1
2026-09-14,6269,64.7,3565607,64.7,64.7,64.7
2026-09-15,6269,63.3,2615223,63.3,63.3,63.3
2026-09-16,6269,65.0,2523412,65.0,65.0,65.0
2026-09-17,6269,63.7,2709677,63.7,63.7,63.7
2026-09-18,6269,64.1,4387337,64.1,64.1,64.1
2026-09-21,6269,65.3,4622999,65.3,65.3,65.3
2026-09-22,6269,64.6,3315776,64.6,64.6,64.6
2026-09-23,6269,64.0,1862678,64.0,64.0,64.0
2026-09-24,6269,64.8,2254738,64.8,64.8,64.8
2026-09-29,6269,64.9,1825258,64.9,64.9,64.9
2026-09-30,6269,66.0,4586762,66.0,66.0,66.0
2026-10-01,6269,65.0,2357712,65.0,65.0,65.0
2026-10-02,6269,66.1,2625479,66.1,66.1,66.1
2026-10-05,6269,65.1,3026754,65.1,65.1,65.1
2026-09-07,6271,232.5,12241334,232.5,232.5,232.5
2026-09-08,6271,223.0,4123139,223.0,223.0,223.0
2026-09-09,6271,226.5,4969330,226.5,226.5,226.5
2026-09-10,6271,227.0,5262279,227.0,227.0,227.0
2026-09-11,6271,220.0,2287072,220.0,220.0,220.0
2026-09-14,6271,220.0,2105262,220.0,220.0,220.0
2026-09-15,6271,221.0,6201502,221.0,221.0,221.0
2026-09-16,6271,228.0,2718739,228.0,228.0,228.0
2026-09-17,6271,225.0,4871036,225.0,225.0,225.0
2026-09-18,6271,229.5,3398861,229.5,229.5,229.5
2026-09-21,6271,230.0,2285410,230.0,230.0,230.0
2026-09-22,6271,228.0,2773016,228.0,228.0,228.0
2026-09-23,6271,228.5,1750141,228.5,228.5,228.5
2026-09-24,6271,229.0,1826003,229.0,229.0,229.0
2026-09-29,6271,227.0,1230881,227.0,227.0,227.0
2026-09-30,6271,226.5,2695749,226.5,226.5,226.5
2026-10-01,6271,230.5,2948143,230.5,230.5,230.5
2026-10-02,6271,234.5,4573045,234.5,234.5,234.5
2026-10-05,6271,238.5,5078324,238.5,238.5,238.5
2026-09-07,6272,29.7,762367,29.7,29.7,29.7
2026-09-08,6272,28.6,393566,28.6,28.6,28.6
2026-09-09,6272,29.1,644314,29.1,29.1,29.1
2026-09-10,6272,29.6,474343,29.6,29.6,29.6
2026-09-11,6272,27.65,449865,27.65,27.65,27.65
2026-09-14,6272,27.0,229488,27.0,27.0,27.0
2026-09-15,6272,26.4,232216,26.4,26.4,26.4
2026-09-16,6272,27.75,500776,27.75,27.75,27.75
2026-09-17,6272,27.0,439469,27.0,27.0,27.0
2026-09-18,6272,26.95,425089,26.95,26.95,26.95
2026-09-21,6272,26.3,266806,26.3,26.3,26.3
2026-09-22,6272,25.8,224266,25.8,25.8,25.8
2026-09-23,6272,25.4,313053,25.4,25.4,25.4
2026-09-24,6272,25.3,187267,25.3,25.3,25.3
2026-09-29,6272,25.4,140022,25.4,25.4,25.4
2026-09-30,6272,25.6,123853,25.6,25.6,25.6
2026-10-01,6272,25.2,178660,25.2,25.2,25.2
2026-10-02,6272,25.85,170110,25.85,25.85,25.85
2026-10-05,6272,25.25,136064,25.25,25.25,25.25
2026-09-07,6277,79.6,162939,79.6,79.6,79.6
2026-09-08,6277,78.1,171703,78.1,78.1,78.1
2026-09-09,6277,78.4,99644,78.4,78.4,78.4
2026-09-10,6277,77.6,104625,77.6,77.6,77.6
2026-09-11,6277,76.3,245044,76.3,76.3,76.3
2026-09-14,6277,76.5,102167,76.5,76.5,76.5
2026-09-15,6277,76.3,117501,76.3,76.3,76.3
2026-09-16,6277,76.0,140177,76.0,76.0,76.0
2026-09-17,6277,78.1,294144,78.1,78.1,78.1
2026-09-18,6277,78.9,120484,78.9,78.9,78.9
2026-09-21,6277,79.3,134919,79.3,79.3,79.3
2026-09-22,6277,78.3,108699,78.3,78.3,78.3
2026-09-23,6277,77.7,90876,77.7,77.7,77.7
2026-09-24,6277,77.8,67573,77.8,77.8,77.8
2026-09-29,6277,76.7,132823,76.7,76.7,76.7
2026-09-30,6277,77.0,109764,77.0,77.0,77.0
2026-10-01,6277,77.7,157780,77.7,77.7,77.7
2026-10-02,6277,77.1,86870,77.1,77.1,77.1
2026-10-05,6277,77.1,111257,77.1,77.1,77.1
2026-09-07,6278,195.0,3707985,195.0,195.0,195.0
2026-09-08,6278,188.5,3990059,188.5,188.5,188.5
2026-09-09,6278,193.5,2825162,193.5,193.5,193.5
2026-09-10,6278,191.5,1212076,191.5,191.5,191.5
2026-09-11,6278,186.5,2170507,186.5,186.5,186.5
2026-09-14,6278,185.5,1629631,185.5,185.5,185.5
2026-09-15,6278,180.5,1557487,180.5,180.5,180.5
2026-09-16,6278,183.0,2342952,183.0,183.0,183.0
2026-09-17,6278,184.0,2460456,184.0,184.0,184.0
2026-09-18,6278,196.0,3987784,196.0,196.0,196.0
2026-09-21,6278,194.5,2894823,194.5,194.5,194.5
2026-09-22,6278,213.5,14195515,213.5,213.5,213.5
2026-09-23,6278,209.0,19014339,209.0,209.0,209.0
2026-09-24,6278,212.0,6718865,212.0,212.0,212.0
2026-09-29,6278,216.0,11298020,216.0,216.0,216.0
2026-09-30,6278,218.0,8876929,218.0,218.0,218.0
2026-10-01,6278,216.5,4156845,216.5,216.5,216.5
2026-10-02,6278,217.0,6237633,217.0,217.0,217.0
2026-10-05,6278,220.0,12352429,220.0,220.0,220.0
2026-09-07,6281,51.6,36207,51.6,51.6,51.6
2026-09-08,6281,51.4,16976,51.4,51.4,51.4
2026-09-09,6281,51.5,34378,51.5,51.5,51.5
2026-09-10,6281,51.3,18688,51.3,51.3,51.3
2026-09-11,6281,51.3,31077,51.3,51.3,51.3
2026-09-14,6281,51.3,27177,51.3,51.3,51.3
2026-09-15,6281,51.2,25524,51.2,51.2,51.2
2026-09-16,6281,50.9,42269,50.9,50.9,50.9
2026-09-17,6281,50.9,64065,50.9,50.9,50.9
2026-09-18,6281,51.1,53586,51.1,51.1,51.1
2026-09-21,6281,51.0,24488,51.0,51.0,51.0
2026-09-22,6281,51.1,40179,51.1,51.1,51.1
2026-09-23,6281,50.9,22679,50.9,50.9,50.9
2026-09-24,6281,51.0,42484,51.0,51.0,51.0
2026-09-29,6281,51.2,48633,51.2,51.2,51.2
2026-09-30,6281,51.0,39683,51.0,51.0,51.0
2026-10-01,6281,51.1,41841,51.1,51.1,51.1
2026-10-02,6281,50.9,18960,50.9,50.9,50.9
2026-10-05,6281,50.7,44722,50.7,50.7,50.7
2026-09-07,6282,44.35,3951194,44.35,44.35,44.35
2026-09-08,6282,43.25,5100061,43.25,43.25,43.25
2026-09-09,6282,43.7,4323996,43.7,43.7,43.7
2026-09-10,6282,43.2,5132303,43.2,43.2,43.2
2026-09-11,6282,42.75,5542408,42.75,42.75,42.75
2026-09-14,6282,42.5,3148192,42.5,42.5,42.5
2026-09-15,6282,41.55,3732535,41.55,41.55,41.55
2026-09-16,6282,42.65,3168091,42.65,42.65,42.65
2026-09-17,6282,42.75,2951116,42.75,42.75,42.75
2026-09-18,6282,42.85,2979422,42.85,42.85,42.85
2026-09-21,6282,43.35,3237435,43.35,43.35,43.35
2026-09-22,6282,43.0,3417306,43.0,43.0,43.0
2026-09-23,6282,43.0,6341992,43.0,43.0,43.0
2026-09-24,6282,42.85,2421281,42.85,42.85,42.85
2026-09-29,6282,42.8,2561775,42.8,42.8,42.8
2026-09-30,6282,43.7,7065343,43.7,43.7,43.7
2026-10-01,6282,43.3,3597560,43.3,43.3,43.3
2026-10-02,6282,44.2,6063472,44.2,44.2,44.2
2026-10-05,6282,44.45,8349604,44.45,44.45,44.45
2026-09-07,6283,20.05,73757,20.05,20.05,20.05
2026-09-08,6283,20.05,73315,20.05,20.05,20.05
2026-09-09,6283,19.95,58389,19.95,19.95,19.95
2026-09-10,6283,19.8,70079,19.8,19.8,19.8
2026-09-11,6283,19.0,341400,19.0,19.0,19.0
2026-09-14,6283,18.3,239517,18.3,18.3,18.3
2026-09-15,6283,18.05,155366,18.05,18.05,18.05
2026-09-16,6283,17.95,118880,17.95,17.95,17.95
2026-09-17,6283,17.9,170074,17.9,17.9,17.9
2026-09-18,6283,18.5,171888,18.5,18.5,18.5
2026-09-21,6283,18.8,52367,18.8,18.8,18.8
2026-09-22,6283,18.75,35100,18.75,18.75,18.75
2026-09-23,6283,18.95,56151,18.95,18.95,18.95
2026-09-24,6283,18.85,29017,18.85,18.85,18.85
2026-09-29,6283,18.8,60120,18.8,18.8,18.8
2026-09-30,6283,19.5,121498,19.5,19.5,19.5
2026-10-01,6283,19.3,45310,19.3,19.3,19.3
2026-10-02,6283,19.15,45602,19.15,19.15,19.15
2026-10-05,6283,18.9,77366,18.9,18.9,18.9
2026-09-07,6285,239.5,2554738,239.5,239.5,239.5
2026-09-08,6285,236.0,2327055,236.0,236.0,236.0
2026-09-09,6285,233.5,2505454,233.5,233.5,233.5
2026-09-10,6285,227.0,3087291,227.0,227.0,227.0
2026-09-11,6285,222.5,2595591,222.5,222.5,222.5
2026-09-14,6285,222.0,2139358,222.0,222.0,222.0
2026-09-15,6285,222.0,2429329,222.0,222.0,222.0
2026-09-16,6285,219.0,4239436,219.0,219.0,219.0
2026-09-17,6285,226.5,3711605,226.5,226.5,226.5
2026-09-18,6285,227.5,4485576,227.5,227.5,227.5
2026-09-21,6285,234.0,3297313,234.0,234.0,234.0
2026-09-22,6285,233.5,2876664,233.5,233.5,233.5
2026-09-23,6285,230.0,2561386,230.0,230.0,230.0
2026-09-24,6285,238.0,5064342,238.0,238.0,238.0
2026-09-29,6285,232.5,2760613,232.5,232.5,232.5
2026-09-30,6285,236.0,2235971,236.0,236.0,236.0
2026-10-01,6285,235.5,1866928,235.5,235.5,235.5
2026-10-02,6285,238.0,3030823,238.0,238.0,238.0
2026-10-05,6285,249.5,8838953,249.5,249.5,249.5
2026-09-07,6405,39.2,491523,39.2,39.2,39.2
2026-09-08,6405,38.65,416013,38.65,38.65,38.65
2026-09-09,6405,38.9,479029,38.9,38.9,38.9
2026-09-10,6405,39.2,207959,39.2,39.2,39.2
2026-09-11,6405,38.35,282207,38.35,38.35,38.35
2026-09-14,6405,37.6,172239,37.6,37.6,37.6
2026-09-15,6405,37.1,143069,37.1,37.1,37.1
2026-09-16,6405,37.6,285607,37.6,37.6,37.6
2026-09-17,6405,41.35,610708,41.35,41.35,41.35
2026-09-18,6405,40.6,1879987,40.6,40.6,40.6
2026-09-21,6405,41.6,925436,41.6,41.6,41.6
2026-09-22,6405,41.95,1641771,41.95,41.95,41.95
2026-09-23,6405,41.55,760808,41.55,41.55,41.55
2026-09-24,6405,41.45,538439,41.45,41.45,41.45
2026-09-29,6405,45.55,1486305,45.55,45.55,45.55
2026-09-30,6405,50.1,470287,50.1,50.1,50.1
2026-10-01,6405,45.1,1637248,45.1,45.1,45.1
2026-10-02,6405,42.5,3961514,42.5,42.5,42.5
2026-10-05,6405,41.9,2056113,41.9,41.9,41.9
2026-09-07,6409,977.0,358702,977.0,977.0,977.0
2026-09-08,6409,958.0,377702,958.0,958.0,958.0
2026-09-09,6409,926.0,830888,926.0,926.0,926.0
2026-09-10,6409,876.0,612655,876.0,876.0,876.0
2026-09-11,6409,861.0,416961,861.0,861.0,861.0
2026-09-14,6409,874.0,342595,874.0,874.0,874.0
2026-09-15,6409,870.0,274170,870.0,870.0,870.0
2026-09-16,6409,880.0,300551,880.0,880.0,880.0
2026-09-17,6409,877.0,280912,877.0,877.0,877.0
2026-09-18,6409,908.0,684311,908.0,908.0,908.0
2026-09-21,6409,894.0,270422,894.0,894.0,894.0
2026-09-22,6409,888.0,249947,888.0,888.0,888.0
2026-09-23,6409,883.0,143032,883.0,883.0,883.0
2026-09-24,6409,879.0,234051,879.0,879.0,879.0
2026-09-29,6409,877.0,225342,877.0,877.0,877.0
2026-09-30,6409,907.0,261917,907.0,907.0,907.0
2026-10-01,6409,891.0,175120,891.0,891.0,891.0
2026-10-02,6409,886.0,170094,886.0,886.0,886.0
2026-10-05,6409,891.0,349376,891.0,891.0,891.0
2026-09-07,6412,77.0,684884,77.0,77.0,77.0
2026-09-08,6412,74.7,1487988,74.7,74.7,74.7
2026-09-09,6412,74.7,479482,74.7,74.7,74.7
2026-09-10,6412,73.7,494271,73.7,73.7,73.7
2026-09-11,6412,73.7,444314,73.7,73.7,73.7
2026-09-14,6412,73.8,448152,73.8,73.8,73.8
2026-09-15,6412,73.8,351266,73.8,73.8,73.8
2026-09-16,6412,73.8,398001,73.8,73.8,73.8
2026-09-17,6412,74.0,423878,74.0,74.0,74.0
2026-09-18,6412,74.0,631274,74.0,74.0,74.0
2026-09-21,6412,74.1,501733,74.1,74.1,74.1
2026-09-22,6412,74.3,295697,74.3,74.3,74.3
2026-09-23,6412,74.3,244247,74.3,74.3,74.3
2026-09-24,6412,74.6,319411,74.6,74.6,74.6
2026-09-29,6412,74.1,437674,74.1,74.1,74.1
2026-09-30,6412,74.8,298725,74.8,74.8,74.8
2026-10-01,6412,74.6,551443,74.6,74.6,74.6
2026-10-02,6412,75.0,425531,75.0,75.0,75.0
2026-10-05,6412,75.1,698374,75.1,75.1,75.1
2026-09-07,6414,389.5,849905,389.5,389.5,389.5
2026-09-08,6414,376.0,1639469,376.0,376.0,376.0
2026-09-09,6414,378.5,691327,378.5,378.5,378.5
2026-09-10,6414,372.5,1232570,372.5,372.5,372.5
2026-09-11,6414,370.0,953289,370.0,370.0,370.0
2026-09-14,6414,371.5,658353,371.5,371.5,371.5
2026-09-15,6414,369.5,882570,369.5,369.5,369.5
2026-09-16,6414,367.5,1124779,367.5,367.5,367.5
2026-09-17,6414,371.5,1136338,371.5,371.5,371.5
2026-09-18,6414,372.5,695350,372.5,372.5,372.5
2026-09-21,6414,375.0,554166,375.0,375.0,375.0
2026-09-22,6414,376.0,764855,376.0,376.0,376.0
2026-09-23,6414,371.5,786602,371.5,371.5,371.5
2026-09-24,6414,374.0,590230,374.0,374.0,374.0
2026-09-29,6414,398.0,3643742,398.0,398.0,398.0
2026-09-30,6414,392.0,2337611,392.0,392.0,392.0
2026-10-01,6414,402.5,1615318,402.5,402.5,402.5
2026-10-02,6414,401.5,896466,401.5,401.5,401.5
2026-10-05,6414,407.5,1231927,407.5,407.5,407.5
2026-09-07,6415,418.0,2669790,418.0,418.0,418.0
2026-09-08,6415,410.0,2783162,410.0,410.0,410.0
2026-09-09,6415,417.0,1934832,417.0,417.0,417.0
2026-09-10,6415,405.0,4011235,405.0,405.0,405.0
2026-09-11,6415,401.0,2303227,401.0,401.0,401.0
2026-09-14,6415,414.0,2971389,414.0,414.0,414.0
2026-09-15,6415,406.0,2869603,406.0,406.0,406.0
2026-09-16,6415,418.5,1839686,418.5,418.5,418.5
2026-09-17,6415,411.0,1654266,411.0,411.0,411.0
2026-09-18,6415,437.5,3854994,437.5,437.5,437.5
2026-09-21,6415,427.5,1909525,427.5,427.5,427.5
2026-09-22,6415,430.0,1574814,430.0,430.0,430.0
2026-09-23,6415,426.0,1554330,426.0,426.0,426.0
2026-09-24,6415,425.5,1518168,425.5,425.5,425.5
2026-09-29,6415,409.0,3215719,409.0,409.0,409.0
2026-09-30,6415,409.0,1878392,409.0,409.0,409.0
2026-10-01,6415,413.0,1082903,413.0,413.0,413.0
2026-10-02,6415,425.0,2189982,425.0,425.0,425.0
2026-10-05,6415,442.0,2534848,442.0,442.0,442.0
2026-09-07,6416,99.8,289839,99.8,99.8,99.8
2026-09-08,6416,105.5,2854526,105.5,105.5,105.5
2026-09-09,6416,105.5,899641,105.5,105.5,105.5
2026-09-10,6416,110.5,1849892,110.5,110.5,110.5
2026-09-11,6416,115.5,2758405,115.5,115.5,115.5
2026-09-14,6416,119.0,2469968,119.0,119.0,119.0
2026-09-15,6416,118.0,2341906,118.0,118.0,118.0
2026-09-16,6416,118.0,1112172,118.0,118.0,118.0
2026-09-17,6416,119.0,1252363,119.0,119.0,119.0
2026-09-18,6416,120.0,910516,120.0,120.0,120.0
2026-09-21,6416,121.0,630622,121.0,121.0,121.0
2026-09-22,6416,115.5,921621,115.5,115.5,115.5
2026-09-23,6416,116.0,562115,116.0,116.0,116.0
2026-09-24,6416,116.5,257186,116.5,116.5,116.5
2026-09-29,6416,116.0,276356,116.0,116.0,116.0
2026-09-30,6416,114.5,596099,114.5,114.5,114.5
2026-10-01,6416,120.5,1336888,120.5,120.5,120.5
2026-10-02,6416,117.5,674694,117.5,117.5,117.5
2026-10-05,6416,119.5,921410,119.5,119.5,119.5
2026-09-07,6426,296.0,3492160,296.0,296.0,296.0
2026-09-08,6426,307.0,8927916,307.0,307.0,307.0
2026-09-09,6426,321.0,6239357,321.0,321.0,321.0
2026-09-10,6426,322.0,4977145,322.0,322.0,322.0
2026-09-11,6426,302.0,4640884,302.0,302.0,302.0
2026-09-14,6426,312.0,4544689,312.0,312.0,312.0
2026-09-15,6426,300.0,2409765,300.0,300.0,300.0
2026-09-16,6426,330.0,2826802,330.0,330.0,330.0
2026-09-17,6426,363.0,1230185,363.0,363.0,363.0
2026-09-18,6426,373.5,7320096,373.5,373.5,373.5
2026-09-21,6426,374.0,2656404,374.0,374.0,374.0
2026-09-22,6426,356.0,3056802,356.0,356.0,356.0
2026-09-23,6426,391.5,3158672,391.5,391.5,391.5
2026-09-24,6426,389.0,4891886,389.0,389.0,389.0
2026-09-29,6426,354.0,3408026,354.0,354.0,354.0
2026-09-30,6426,345.0,2470102,345.0,345.0,345.0
2026-10-01,6426,339.5,2159773,339.5,339.5,339.5
2026-10-02,6426,361.5,4936579,361.5,361.5,361.5
2026-10-05,6426,357.5,3509288,357.5,357.5,357.5
2026-09-07,6431,19.55,29102,19.55,19.55,19.55
2026-09-08,6431,19.25,15520,19.25,19.25,19.25
2026-09-09,6431,19.2,35004,19.2,19.2,19.2
2026-09-10,6431,18.25,127117,18.25,18.25,18.25
2026-09-11,6431,18.25,5003,18.25,18.25,18.25
2026-09-14,6431,17.55,90063,17.55,17.55,17.55
2026-09-15,6431,17.3,8034,17.3,17.3,17.3
2026-09-16,6431,17.55,26002,17.55,17.55,17.55
2026-09-17,6431,17.4,35307,17.4,17.4,17.4
2026-09-18,6431,17.05,153322,17.05,17.05,17.05
2026-09-21,6431,17.3,91049,17.3,17.3,17.3
2026-09-22,6431,17.4,55044,17.4,17.4,17.4
2026-09-23,6431,17.45,16047,17.45,17.45,17.45
2026-09-24,6431,17.15,11004,17.15,17.15,17.15
2026-09-29,6431,17.55,40001,17.55,17.55,17.55
2026-09-30,6431,17.6,49379,17.6,17.6,17.6
2026-10-01,6431,17.6,91812,17.6,17.6,17.6
2026-10-02,6431,17.05,73842,17.05,17.05,17.05
2026-10-05,6431,16.9,66332,16.9,16.9,16.9
2026-09-07,6438,155.5,392894,155.5,155.5,155.5
2026-09-08,6438,152.5,251085,152.5,152.5,152.5
2026-09-09,6438,152.0,300647,152.0,152.0,152.0
2026-09-10,6438,151.0,302697,151.0,151.0,151.0
2026-09-11,6438,148.0,251203,148.0,148.0,148.0
2026-09-14,6438,144.0,211336,144.0,144.0,144.0
2026-09-15,6438,142.5,160313,142.5,142.5,142.5
2026-09-16,6438,144.0,139758,144.0,144.0,144.0
2026-09-17,6438,145.5,267450,145.5,145.5,145.5
2026-09-18,6438,148.5,228162,148.5,148.5,148.5
2026-09-21,6438,150.5,220433,150.5,150.5,150.5
2026-09-22,6438,152.5,470430,152.5,152.5,152.5
2026-09-23,6438,153.0,146087,153.0,153.0,153.0
2026-09-24,6438,157.5,1118497,157.5,157.5,157.5
2026-09-29,6438,162.0,1008689,162.0,162.0,162.0
2026-09-30,6438,164.0,1457858,164.0,164.0,164.0
2026-10-01,6438,164.5,714358,164.5,164.5,164.5
2026-10-02,6438,168.0,1599682,168.0,168.0,168.0
2026-10-05,6438,167.5,1042800,167.5,167.5,167.5
2026-09-07,6442,1700.0,2020789,1700.0,1700.0,1700.0
2026-09-08,6442,1695.0,1850559,1695.0,1695.0,1695.0
2026-09-09,6442,1700.0,3488226,1700.0,1700.0,1700.0
2026-09-10,6442,1800.0,4008101,1800.0,1800.0,1800.0
2026-09-11,6442,1670.0,2086098,1670.0,1670.0,1670.0
2026-09-14,6442,1590.0,1802295,1590.0,1590.0,1590.0
2026-09-15,6442,1510.0,2407912,1510.0,1510.0,1510.0
2026-09-16,6442,1575.0,2503186,1575.0,1575.0,1575.0
2026-09-17,6442,1510.0,2347299,1510.0,1510.0,1510.0
2026-09-18,6442,1575.0,1887686,1575.0,1575.0,1575.0
2026-09-21,6442,1525.0,1794761,1525.0,1525.0,1525.0
2026-09-22,6442,1510.0,1173320,1510.0,1510.0,1510.0
2026-09-23,6442,1515.0,1392524,1515.0,1515.0,1515.0
2026-09-24,6442,1530.0,895074,1530.0,1530.0,1530.0
2026-09-29,6442,1500.0,850892,1500.0,1500.0,1500.0
2026-09-30,6442,1490.0,1329824,1490.0,1490.0,1490.0
2026-10-01,6442,1480.0,1019944,1480.0,1480.0,1480.0
2026-10-02,6442,1625.0,3748600,1625.0,1625.0,1625.0
2026-10-05,6442,1705.0,4078448,1705.0,1705.0,1705.0
2026-09-07,6443,24.6,2766162,24.6,24.6,24.6
2026-09-08,6443,24.0,2764685,24.0,24.0,24.0
2026-09-09,6443,23.95,2628073,23.95,23.95,23.95
2026-09-10,6443,23.65,1996113,23.65,23.65,23.65
2026-09-11,6443,23.2,1802892,23.2,23.2,23.2
2026-09-14,6443,23.35,3571378,23.35,23.35,23.35
2026-09-15,6443,22.7,3113764,22.7,22.7,22.7
2026-09-16,6443,23.8,4067362,23.8,23.8,23.8
2026-09-17,6443,23.75,3522880,23.75,23.75,23.75
2026-09-18,6443,25.5,10928041,25.5,25.5,25.5
2026-09-21,6443,28.05,10747044,28.05,28.05,28.05
2026-09-22,6443,28.4,43017402,28.4,28.4,28.4
2026-09-23,6443,27.7,10047199,27.7,27.7,27.7
2026-09-24,6443,28.25,15942276,28.25,28.25,28.25
2026-09-29,6443,27.5,3356314,27.5,27.5,27.5
2026-09-30,6443,28.75,13159959,28.75,28.75,28.75
2026-10-01,6443,27.9,4764648,27.9,27.9,27.9
2026-10-02,6443,28.75,7963358,28.75,28.75,28.75
2026-10-05,6443,28.2,8164139,28.2,28.2,28.2
2026-09-07,6446,1325.0,4821947,1325.0,1325.0,1325.0
2026-09-08,6446,1405.0,4860872,1405.0,1405.0,1405.0
2026-09-09,6446,1345.0,4564007,1345.0,1345.0,1345.0
2026-09-10,6446,1320.0,2750274,1320.0,1320.0,1320.0
2026-09-11,6446,1280.0,2676454,1280.0,1280.0,1280.0
2026-09-14,6446,1190.0,5500524,1190.0,1190.0,1190.0
2026-09-15,6446,1205.0,2315449,1205.0,1205.0,1205.0
2026-09-16,6446,1205.0,2565604,1205.0,1205.0,1205.0
2026-09-17,6446,1195.0,2713445,1195.0,1195.0,1195.0
2026-09-18,6446,1180.0,12722966,1180.0,1180.0,1180.0
2026-09-21,6446,1150.0,2811409,1150.0,1150.0,1150.0
2026-09-22,6446,1160.0,3254526,1160.0,1160.0,1160.0
2026-09-23,6446,1175.0,2241457,1175.0,1175.0,1175.0
2026-09-24,6446,1155.0,1460375,1155.0,1155.0,1155.0
2026-09-29,6446,1195.0,2230766,1195.0,1195.0,1195.0
2026-09-30,6446,1215.0,1685359,1215.0,1215.0,1215.0
2026-10-01,6446,1170.0,2506975,1170.0,1170.0,1170.0
2026-10-02,6446,1165.0,1255233,1165.0,1165.0,1165.0
2026-10-05,6446,1190.0,1604038,1190.0,1190.0,1190.0
2026-09-07,6449,231.5,2566505,231.5,231.5,231.5
2026-09-08,6449,225.0,1749066,225.0,225.0,225.0
2026-09-09,6449,225.5,1576460,225.5,225.5,225.5
2026-09-10,6449,226.5,1865017,226.5,226.5,226.5
2026-09-11,6449,217.0,1938261,217.0,217.0,217.0
2026-09-14,6449,214.5,1209797,214.5,214.5,214.5
2026-09-15,6449,209.5,1204011,209.5,209.5,209.5
2026-09-16,6449,217.0,444419,217.0,217.0,217.0
2026-09-17,6449,211.5,679922,211.5,211.5,211.5
2026-09-18,6449,217.0,451180,217.0,217.0,217.0
2026-09-21,6449,215.5,551726,215.5,215.5,215.5
2026-09-22,6449,211.0,1097239,211.0,211.0,211.0
2026-09-23,6449,210.5,530024,210.5,210.5,210.5
2026-09-24,6449,209.5,447534,209.5,209.5,209.5
2026-09-29,6449,205.5,510332,205.5,205.5,205.5
2026-09-30,6449,209.5,802853,209.5,209.5,209.5
2026-10-01,6449,230.0,2592335,230.0,230.0,230.0
2026-10-02,6449,224.5,3152829,224.5,224.5,224.5
2026-10-05,6449,227.0,1695626,227.0,227.0,227.0
2026-09-07,6451,448.5,5514785,448.5,448.5,448.5
2026-09-08,6451,435.0,2689560,435.0,435.0,435.0
2026-09-09,6451,427.0,3734080,427.0,427.0,427.0
2026-09-10,6451,425.0,2689509,425.0,425.0,425.0
2026-09-11,6451,409.5,1880454,409.5,409.5,409.5
2026-09-14,6451,417.5,2234288,417.5,417.5,417.5
2026-09-15,6451,394.0,2301670,394.0,394.0,394.0
2026-09-16,6451,421.0,3127610,421.0,421.0,421.0
2026-09-17,6451,419.0,4393185,419.0,419.0,419.0
2026-09-18,6451,443.5,4028344,443.5,443.5,443.5
2026-09-21,6451,434.0,1711346,434.0,434.0,434.0
2026-09-22,6451,425.0,2126953,425.0,425.0,425.0
2026-09-23,6451,416.0,1320450,416.0,416.0,416.0
2026-09-24,6451,412.0,992621,412.0,412.0,412.0
2026-09-29,6451,416.5,822428,416.5,416.5,416.5
2026-09-30,6451,420.5,1219243,420.5,420.5,420.5
2026-10-01,6451,413.0,858989,413.0,413.0,413.0
2026-10-02,6451,429.0,2590932,429.0,429.0,429.0
2026-10-05,6451,432.0,2568357,432.0,432.0,432.0
2026-09-07,6456,68.8,2412004,68.8,68.8,68.8
2026-09-08,6456,66.8,2827203,66.8,66.8,66.8
2026-09-09,6456,67.5,1788666,67.5,67.5,67.5
2026-09-10,6456,64.1,4059532,64.1,64.1,64.1
2026-09-11,6456,63.4,1579556,63.4,63.4,63.4
2026-09-14,6456,63.3,1658835,63.3,63.3,63.3
2026-09-15,6456,61.6,1606173,61.6,61.6,61.6
2026-09-16,6456,64.8,1886675,64.8,64.8,64.8
2026-09-17,6456,65.1,2358821,65.1,65.1,65.1
2026-09-18,6456,65.4,2256595,65.4,65.4,65.4
2026-09-21,6456,71.9,12215288,71.9,71.9,71.9
2026-09-22,6456,73.6,23340535,73.6,73.6,73.6
2026-09-23,6456,78.6,26940277,78.6,78.6,78.6
2026-09-24,6456,81.3,14497011,81.3,81.3,81.3
2026-09-29,6456,89.4,18926798,89.4,89.4,89.4
2026-09-30,6456,92.0,63213414,92.0,92.0,92.0
2026-10-01,6456,87.9,20200523,87.9,87.9,87.9
2026-10-02,6456,92.9,20444355,92.9,92.9,92.9
2026-10-05,6456,90.6,18149753,90.6,90.6,90.6
2026-09-07,6464,78.0,20159,78.0,78.0,78.0
2026-09-08,6464,78.0,6214,78.0,78.0,78.0
2026-09-09,6464,77.7,16006,77.7,77.7,77.7
2026-09-10,6464,77.7,5693,77.7,77.7,77.7
2026-09-11,6464,76.5,12965,76.5,76.5,76.5
2026-09-14,6464,75.9,7666,75.9,75.9,75.9
2026-09-15,6464,78.0,24088,78.0,78.0,78.0
2026-09-16,6464,77.3,4585,77.3,77.3,77.3
2026-09-17,6464,77.8,19054,77.8,77.8,77.8
2026-09-18,6464,78.0,32394,78.0,78.0,78.0
2026-09-21,6464,77.6,6354,77.6,77.6,77.6
2026-09-22,6464,77.9,318053,77.9,77.9,77.9
2026-09-23,6464,77.0,302300,77.0,77.0,77.0
2026-09-24,6464,77.0,1105,77.0,77.0,77.0
2026-09-29,6464,75.8,19400,75.8,75.8,75.8
2026-09-30,6464,76.8,17923,76.8,76.8,76.8
2026-10-01,6464,77.0,10970,77.0,77.0,77.0
2026-10-02,6464,76.3,45000,76.3,76.3,76.3
2026-10-05,6464,77.2,16641,77.2,77.2,77.2
2026-09-07,6472,416.0,371207,416.0,416.0,416.0
2026-09-08,6472,412.5,650695,412.5,412.5,412.5
2026-09-09,6472,407.5,520684,407.5,407.5,407.5
2026-09-10,6472,405.5,344416,405.5,405.5,405.5
2026-09-11,6472,399.0,490077,399.0,399.0,399.0
2026-09-14,6472,403.5,282241,403.5,403.5,403.5
2026-09-15,6472,411.0,460996,411.0,411.0,411.0
2026-09-16,6472,412.0,410320,412.0,412.0,412.0
2026-09-17,6472,425.0,835861,425.0,425.0,425.0
2026-09-18,6472,444.5,1690749,444.5,444.5,444.5
2026-09-21,6472,420.5,1013146,420.5,420.5,420.5
2026-09-22,6472,420.0,437306,420.0,420.0,420.0
2026-09-23,6472,436.0,812243,436.0,436.0,436.0
2026-09-24,6472,421.5,508828,421.5,421.5,421.5
2026-09-29,6472,422.5,277944,422.5,422.5,422.5
2026-09-30,6472,424.0,280635,424.0,424.0,424.0
2026-10-01,6472,429.5,737615,429.5,429.5,429.5
2026-10-02,6472,420.5,428488,420.5,420.5,420.5
2026-10-05,6472,420.5,306031,420.5,420.5,420.5
2026-09-07,6477,34.6,463362,34.6,34.6,34.6
2026-09-08,6477,34.2,503720,34.2,34.2,34.2
2026-09-09,6477,34.4,338786,34.4,34.4,34.4
2026-09-10,6477,33.85,473390,33.85,33.85,33.85
2026-09-11,6477,33.7,825149,33.7,33.7,33.7
2026-09-14,6477,34.05,368499,34.05,34.05,34.05
2026-09-15,6477,33.5,292810,33.5,33.5,33.5
2026-09-16,6477,33.95,363563,33.95,33.95,33.95
2026-09-17,6477,33.8,454355,33.8,33.8,33.8
2026-09-18,6477,34.35,1206040,34.35,34.35,34.35
2026-09-21,6477,37.4,6170287,37.4,37.4,37.4
2026-09-22,6477,34.5,3066180,34.5,34.5,34.5
2026-09-23,6477,34.2,683856,34.2,34.2,34.2
2026-09-24,6477,34.0,852394,34.0,34.0,34.0
2026-09-29,6477,34.1,230701,34.1,34.1,34.1
2026-09-30,6477,35.6,2304661,35.6,35.6,35.6
2026-10-01,6477,34.8,643318,34.8,34.8,34.8
2026-10-02,6477,34.6,614379,34.6,34.6,34.6
2026-10-05,6477,34.05,651241,34.05,34.05,34.05
2026-09-07,6491,379.5,200324,379.5,379.5,379.5
2026-09-08,6491,376.0,128416,376.0,376.0,376.0
2026-09-09,6491,373.0,138631,373.0,373.0,373.0
2026-09-10,6491,366.5,158639,366.5,366.5,366.5
2026-09-11,6491,367.5,274414,367.5,367.5,367.5
2026-09-14,6491,381.5,224638,381.5,381.5,381.5
2026-09-15,6491,390.0,590199,390.0,390.0,390.0
2026-09-16,6491,393.0,370715,393.0,393.0,393.0
2026-09-17,6491,401.0,505905,401.0,401.0,401.0
2026-09-18,6491,396.0,432230,396.0,396.0,396.0
2026-09-21,6491,407.0,690487,407.0,407.0,407.0
2026-09-22,6491,404.0,232492,404.0,404.0,404.0
2026-09-23,6491,407.5,167889,407.5,407.5,407.5
2026-09-24,6491,402.0,177464,402.0,402.0,402.0
2026-09-29,6491,406.0,213667,406.0,406.0,406.0
2026-09-30,6491,413.0,445515,413.0,413.0,413.0
2026-10-01,6491,421.5,654214,421.5,421.5,421.5
2026-10-02,6491,424.0,487235,424.0,424.0,424.0
2026-10-05,6491,403.0,681330,403.0,403.0,403.0
2026-09-07,6504,37.7,97175,37.7,37.7,37.7
2026-09-08,6504,37.35,30118,37.35,37.35,37.35
2026-09-09,6504,37.9,21704,37.9,37.9,37.9
2026-09-10,6504,37.2,82308,37.2,37.2,37.2
2026-09-11,6504,36.7,26092,36.7,36.7,36.7
2026-09-14,6504,37.25,40000,37.25,37.25,37.25
2026-09-15,6504,36.55,30043,36.55,36.55,36.55
2026-09-16,6504,36.6,43544,36.6,36.6,36.6
2026-09-17,6504,36.95,34020,36.95,36.95,36.95
2026-09-18,6504,37.2,22250,37.2,37.2,37.2
2026-09-21,6504,37.6,70170,37.6,37.6,37.6
2026-09-22,6504,36.7,21122,36.7,36.7,36.7
2026-09-23,6504,36.75,24863,36.75,36.75,36.75
2026-09-24,6504,37.05,16000,37.05,37.05,37.05
2026-09-29,6504,37.2,3094,37.2,37.2,37.2
2026-09-30,6504,36.95,31050,36.95,36.95,36.95
2026-10-01,6504,37.2,16155,37.2,37.2,37.2
2026-10-02,6504,37.55,31883,37.55,37.55,37.55
2026-10-05,6504,37.05,32059,37.05,37.05,37.05
2026-09-07,6505,79.7,21188783,79.7,79.7,79.7
2026-09-08,6505,79.6,11368497,79.6,79.6,79.6
2026-09-09,6505,87.5,45847473,87.5,87.5,87.5
2026-09-10,6505,86.2,43101277,86.2,86.2,86.2
2026-09-11,6505,83.6,54971557,83.6,83.6,83.6
2026-09-14,6505,82.8,26088377,82.8,82.8,82.8
2026-09-15,6505,82.9,17586676,82.9,82.9,82.9
2026-09-16,6505,80.5,24128549,80.5,80.5,80.5
2026-09-17,6505,86.2,36254128,86.2,86.2,86.2
2026-09-18,6505,86.5,23493760,86.5,86.5,86.5
2026-09-21,6505,88.5,15280658,88.5,88.5,88.5
2026-09-22,6505,87.2,16511927,87.2,87.2,87.2
2026-09-23,6505,87.3,12809652,87.3,87.3,87.3
2026-09-24,6505,87.2,10807153,87.2,87.2,87.2
2026-09-29,6505,94.3,40587920,94.3,94.3,94.3
2026-09-30,6505,97.3,37924444,97.3,97.3,97.3
2026-10-01,6505,94.2,27316952,94.2,94.2,94.2
2026-10-02,6505,100.0,35503078,100.0,100.0,100.0
2026-10-05,6505,98.6,20175570,98.6,98.6,98.6
2026-09-07,6515,7000.0,432307,7000.0,7000.0,7000.0
2026-09-08,6515,7700.0,819272,7700.0,7700.0,7700.0
2026-09-09,6515,7280.0,1512278,7280.0,7280.0,7280.0
2026-09-10,6515,7195.0,366735,7195.0,7195.0,7195.0
2026-09-11,6515,6890.0,477979,6890.0,6890.0,6890.0
2026-09-14,6515,6600.0,357074,6600.0,6600.0,6600.0
2026-09-15,6515,6310.0,362102,6310.0,6310.0,6310.0
2026-09-16,6515,6210.0,337561,6210.0,6210.0,6210.0
2026-09-17,6515,6120.0,466502,6120.0,6120.0,6120.0
2026-09-18,6515,6435.0,531845,6435.0,6435.0,6435.0
2026-09-21,6515,5795.0,1406461,5795.0,5795.0,5795.0
2026-09-22,6515,5765.0,1415513,5765.0,5765.0,5765.0
2026-09-23,6515,5995.0,776762,5995.0,5995.0,5995.0
2026-09-24,6515,5850.0,445040,5850.0,5850.0,5850.0
2026-09-29,6515,5675.0,384513,5675.0,5675.0,5675.0
2026-09-30,6515,5930.0,478498,5930.0,5930.0,5930.0
2026-10-01,6515,5770.0,436839,5770.0,5770.0,5770.0
2026-10-02,6515,6070.0,685143,6070.0,6070.0,6070.0
2026-10-05,6515,6205.0,599727,6205.0,6205.0,6205.0
2026-09-07,6525,133.5,1269531,133.5,133.5,133.5
2026-09-08,6525,130.5,989725,130.5,130.5,130.5
2026-09-09,6525,130.5,815493,130.5,130.5,130.5
2026-09-10,6525,129.5,667173,129.5,129.5,129.5
2026-09-11,6525,124.5,891252,124.5,124.5,124.5
2026-09-14,6525,128.0,915342,128.0,128.0,128.0
2026-09-15,6525,125.5,531566,125.5,125.5,125.5
2026-09-16,6525,128.5,840308,128.5,128.5,128.5
2026-09-17,6525,129.0,672942,129.0,129.0,129.0
2026-09-18,6525,135.5,1517543,135.5,135.5,135.5
2026-09-21,6525,132.5,609992,132.5,132.5,132.5
2026-09-22,6525,133.0,558294,133.0,133.0,133.0
2026-09-23,6525,133.0,910585,133.0,133.0,133.0
2026-09-24,6525,133.5,449529,133.5,133.5,133.5
2026-09-29,6525,133.5,552653,133.5,133.5,133.5
2026-09-30,6525,135.5,477358,135.5,135.5,135.5
2026-10-01,6525,136.5,738981,136.5,136.5,136.5
2026-10-02,6525,139.5,1020905,139.5,139.5,139.5
2026-10-05,6525,140.0,2503717,140.0,140.0,140.0
2026-09-07,6526,644.0,775824,644.0,644.0,644.0
2026-09-08,6526,643.0,335172,643.0,643.0,643.0
2026-09-09,6526,643.0,319608,643.0,643.0,643.0
2026-09-10,6526,642.0,301594,642.0,642.0,642.0
2026-09-11,6526,624.0,371358,624.0,624.0,624.0
2026-09-14,6526,630.0,255880,630.0,630.0,630.0
2026-09-15,6526,623.0,202854,623.0,623.0,623.0
2026-09-16,6526,629.0,398507,629.0,629.0,629.0
2026-09-17,6526,629.0,443827,629.0,629.0,629.0
2026-09-18,6526,691.0,2751706,691.0,691.0,691.0
2026-09-21,6526,724.0,2896069,724.0,724.0,724.0
2026-09-22,6526,764.0,4916606,764.0,764.0,764.0
2026-09-23,6526,840.0,4748267,840.0,840.0,840.0
2026-09-24,6526,840.0,4581078,840.0,840.0,840.0
2026-09-29,6526,814.0,1776119,814.0,814.0,814.0
2026-09-30,6526,840.0,987850,840.0,840.0,840.0
2026-10-01,6526,829.0,621003,829.0,829.0,829.0
2026-10-02,6526,835.0,437729,835.0,835.0,835.0
2026-10-05,6526,841.0,1419661,841.0,841.0,841.0
2026-09-07,6531,960.0,2887072,960.0,960.0,960.0
2026-09-08,6531,931.0,2388928,931.0,931.0,931.0
2026-09-09,6531,999.0,5337019,999.0,999.0,999.0
2026-09-10,6531,1030.0,6397932,1030.0,1030.0,1030.0
2026-09-11,6531,988.0,3956907,988.0,988.0,988.0
2026-09-14,6531,962.0,2627923,962.0,962.0,962.0
2026-09-15,6531,890.0,4824312,890.0,890.0,890.0
2026-09-16,6531,949.0,3297045,949.0,949.0,949.0
2026-09-17,6531,920.0,3045428,920.0,920.0,920.0
2026-09-18,6531,968.0,2693087,968.0,968.0,968.0
2026-09-21,6531,948.0,1894948,948.0,948.0,948.0
2026-09-22,6531,934.0,1936612,934.0,934.0,934.0
2026-09-23,6531,987.0,3924896,987.0,987.0,987.0
2026-09-24,6531,993.0,3109128,993.0,993.0,993.0
2026-09-29,6531,929.0,4705817,929.0,929.0,929.0
2026-09-30,6531,927.0,2135333,927.0,927.0,927.0
2026-10-01,6531,933.0,1859447,933.0,933.0,933.0
2026-10-02,6531,1000.0,5926915,1000.0,1000.0,1000.0
2026-10-05,6531,1055.0,4949972,1055.0,1055.0,1055.0
2026-09-07,6533,257.0,1508129,257.0,257.0,257.0
2026-09-08,6533,256.0,1516453,256.0,256.0,256.0
2026-09-09,6533,253.5,563432,253.5,253.5,253.5
2026-09-10,6533,246.0,993166,246.0,246.0,246.0
2026-09-11,6533,232.5,1125823,232.5,232.5,232.5
2026-09-14,6533,232.0,1020624,232.0,232.0,232.0
2026-09-15,6533,224.5,612997,224.5,224.5,224.5
2026-09-16,6533,229.0,503592,229.0,229.0,229.0
2026-09-17,6533,251.5,2132108,251.5,251.5,251.5
2026-09-18,6533,270.5,4601141,270.5,270.5,270.5
2026-09-21,6533,263.5,1937477,263.5,263.5,263.5
2026-09-22,6533,254.5,4446657,254.5,254.5,254.5
2026-09-23,6533,251.0,1894521,251.0,251.0,251.0
2026-09-24,6533,276.0,6688397,276.0,276.0,276.0
2026-09-29,6533,303.5,11054299,303.5,303.5,303.5
2026-09-30,6533,333.5,9824741,333.5,333.5,333.5
2026-10-01,6533,366.5,16660559,366.5,366.5,366.5
2026-10-02,6533,352.0,7574941,352.0,352.0,352.0
2026-10-05,6533,336.0,6040399,336.0,336.0,336.0
2026-09-07,6534,92.4,60101,92.4,92.4,92.4
2026-09-08,6534,92.1,33039,92.1,92.1,92.1
2026-09-09,6534,92.2,35159,92.2,92.2,92.2
2026-09-10,6534,92.0,23364,92.0,92.0,92.0
2026-09-11,6534,90.7,70515,90.7,90.7,90.7
2026-09-14,6534,90.5,33218,90.5,90.5,90.5
2026-09-15,6534,89.8,25539,89.8,89.8,89.8
2026-09-16,6534,89.8,20035,89.8,89.8,89.8
2026-09-17,6534,90.1,16070,90.1,90.1,90.1
2026-09-18,6534,89.4,72064,89.4,89.4,89.4
2026-09-21,6534,90.2,14702,90.2,90.2,90.2
2026-09-22,6534,90.2,10363,90.2,90.2,90.2
2026-09-23,6534,90.9,21032,90.9,90.9,90.9
2026-09-24,6534,90.5,54140,90.5,90.5,90.5
2026-09-29,6534,89.8,13284,89.8,89.8,89.8
2026-09-30,6534,90.6,23100,90.6,90.6,90.6
2026-10-01,6534,90.8,13448,90.8,90.8,90.8
2026-10-02,6534,92.8,117997,92.8,92.8,92.8
2026-10-05,6534,93.0,115665,93.0,93.0,93.0
2026-09-07,6541,31.6,284019,31.6,31.6,31.6
2026-09-08,6541,31.8,203704,31.8,31.8,31.8
2026-09-09,6541,31.55,220527,31.55,31.55,31.55
2026-09-10,6541,31.55,327158,31.55,31.55,31.55
2026-09-11,6541,30.8,512263,30.8,30.8,30.8
2026-09-14,6541,30.75,281560,30.75,30.75,30.75
2026-09-15,6541,30.3,293163,30.3,30.3,30.3
2026-09-16,6541,30.55,207977,30.55,30.55,30.55
2026-09-17,6541,30.8,306578,30.8,30.8,30.8
2026-09-18,6541,32.5,966221,32.5,32.5,32.5
2026-09-21,6541,31.35,450609,31.35,31.35,31.35
2026-09-22,6541,31.1,228823,31.1,31.1,31.1
2026-09-23,6541,31.45,395760,31.45,31.45,31.45
2026-09-24,6541,30.3,501087,30.3,30.3,30.3
2026-09-29,6541,29.95,711417,29.95,29.95,29.95
2026-09-30,6541,31.1,434509,31.1,31.1,31.1
2026-10-01,6541,30.25,385265,30.25,30.25,30.25
2026-10-02,6541,29.6,747941,29.6,29.6,29.6
2026-10-05,6541,31.45,765775,31.45,31.45,31.45
2026-09-07,6550,10.3,808499,10.3,10.3,10.3
2026-09-08,6550,10.15,2022559,10.15,10.15,10.15
2026-09-09,6550,10.25,2692273,10.25,10.25,10.25
2026-09-10,6550,10.2,697251,10.2,10.2,10.2
2026-09-11,6550,9.97,2230580,9.97,9.97,9.97
2026-09-14,6550,9.9,1843391,9.9,9.9,9.9
2026-09-15,6550,9.9,1026794,9.9,9.9,9.9
2026-09-16,6550,9.92,1037484,9.92,9.92,9.92
2026-09-29,6550,17.4,1596103,17.4,17.4,17.4
2026-09-30,6550,17.85,1576465,17.85,17.85,17.85
2026-10-01,6550,17.5,512868,17.5,17.5,17.5
2026-10-02,6550,16.75,1215634,16.75,16.75,16.75
2026-10-05,6550,16.2,939366,16.2,16.2,16.2
2026-09-07,6552,24.0,61820,24.0,24.0,24.0
2026-09-08,6552,23.75,28600,23.75,23.75,23.75
2026-09-09,6552,23.65,36465,23.65,23.65,23.65
2026-09-10,6552,23.3,94093,23.3,23.3,23.3
2026-09-11,6552,23.3,73695,23.3,23.3,23.3
2026-09-14,6552,23.35,34920,23.35,23.35,23.35
2026-09-15,6552,23.35,27835,23.35,23.35,23.35
2026-09-16,6552,23.4,26100,23.4,23.4,23.4
2026-09-17,6552,23.95,89734,23.95,23.95,23.95
2026-09-18,6552,24.2,54977,24.2,24.2,24.2
2026-09-21,6552,24.5,48203,24.5,24.5,24.5
2026-09-22,6552,24.25,35168,24.25,24.25,24.25
2026-09-23,6552,24.9,85166,24.9,24.9,24.9
2026-09-24,6552,24.65,44502,24.65,24.65,24.65
2026-09-29,6552,24.8,59443,24.8,24.8,24.8
2026-09-30,6552,25.0,60143,25.0,25.0,25.0
2026-10-01,6552,25.1,27778,25.1,25.1,25.1
2026-10-02,6552,24.65,69295,24.65,24.65,24.65
2026-10-05,6552,24.95,71983,24.95,24.95,24.95
2026-09-07,6558,24.25,178025,24.25,24.25,24.25
2026-09-08,6558,23.55,207150,23.55,23.55,23.55
2026-09-09,6558,24.0,113906,24.0,24.0,24.0
2026-09-10,6558,23.65,109055,23.65,23.65,23.65
2026-09-11,6558,24.0,195579,24.0,24.0,24.0
2026-09-14,6558,23.4,140417,23.4,23.4,23.4
2026-09-15,6558,23.05,173822,23.05,23.05,23.05
2026-09-16,6558,23.45,60148,23.45,23.45,23.45
2026-09-17,6558,23.8,101473,23.8,23.8,23.8
2026-09-18,6558,23.9,359769,23.9,23.9,23.9
2026-09-21,6558,24.1,160852,24.1,24.1,24.1
2026-09-22,6558,24.45,172519,24.45,24.45,24.45
2026-09-23,6558,24.8,445636,24.8,24.8,24.8
2026-09-24,6558,24.5,147224,24.5,24.5,24.5
2026-09-29,6558,25.4,761437,25.4,25.4,25.4
2026-09-30,6558,25.0,353873,25.0,25.0,25.0
2026-10-01,6558,25.35,139942,25.35,25.35,25.35
2026-10-02,6558,25.5,161383,25.5,25.5,25.5
2026-10-05,6558,25.4,199649,25.4,25.4,25.4
2026-09-07,6573,16.2,246776,16.2,16.2,16.2
2026-09-08,6573,16.3,196787,16.3,16.3,16.3
2026-09-09,6573,16.1,228930,16.1,16.1,16.1
2026-09-10,6573,16.05,128085,16.05,16.05,16.05
2026-09-11,6573,15.9,121014,15.9,15.9,15.9
2026-09-14,6573,15.85,94724,15.85,15.85,15.85
2026-09-15,6573,15.55,89311,15.55,15.55,15.55
2026-09-16,6573,16.2,106938,16.2,16.2,16.2
2026-09-17,6573,16.75,273661,16.75,16.75,16.75
2026-09-18,6573,16.6,104729,16.6,16.6,16.6
2026-09-21,6573,16.5,106890,16.5,16.5,16.5
2026-09-22,6573,16.2,147735,16.2,16.2,16.2
2026-09-23,6573,16.1,120732,16.1,16.1,16.1
2026-09-24,6573,15.9,105089,15.9,15.9,15.9
2026-09-29,6573,15.9,77020,15.9,15.9,15.9
2026-09-30,6573,16.45,186907,16.45,16.45,16.45
2026-10-01,6573,16.3,77678,16.3,16.3,16.3
2026-10-02,6573,16.3,297400,16.3,16.3,16.3
2026-10-05,6573,16.55,476852,16.55,16.55,16.55
2026-09-07,6579,152.0,368537,152.0,152.0,152.0
2026-09-08,6579,147.5,388630,147.5,147.5,147.5
2026-09-09,6579,149.0,192458,149.0,149.0,149.0
2026-09-10,6579,148.5,150769,148.5,148.5,148.5
2026-09-11,6579,148.0,221847,148.0,148.0,148.0
2026-09-14,6579,149.0,167830,149.0,149.0,149.0
2026-09-15,6579,147.5,233090,147.5,147.5,147.5
2026-09-16,6579,149.0,177634,149.0,149.0,149.0
2026-09-17,6579,152.0,296375,152.0,152.0,152.0
2026-09-18,6579,152.0,245885,152.0,152.0,152.0
2026-09-21,6579,153.0,205335,153.0,153.0,153.0
2026-09-22,6579,153.0,213915,153.0,153.0,153.0
2026-09-23,6579,150.0,142169,150.0,150.0,150.0
2026-09-24,6579,153.5,170694,153.5,153.5,153.5
2026-09-29,6579,157.5,667432,157.5,157.5,157.5
2026-09-30,6579,159.0,457961,159.0,159.0,159.0
2026-10-01,6579,160.5,225157,160.5,160.5,160.5
2026-10-02,6579,158.5,155093,158.5,158.5,158.5
2026-10-05,6579,158.0,262201,158.0,158.0,158.0
2026-09-07,6581,109.0,15225,109.0,109.0,109.0
2026-09-08,6581,111.5,39626,111.5,111.5,111.5
2026-09-09,6581,111.0,20299,111.0,111.0,111.0
2026-09-10,6581,111.5,23111,111.5,111.5,111.5
2026-09-11,6581,111.5,20593,111.5,111.5,111.5
2026-09-14,6581,110.5,10450,110.5,110.5,110.5
2026-09-15,6581,109.0,36271,109.0,109.0,109.0
2026-09-16,6581,109.5,14671,109.5,109.5,109.5
2026-09-17,6581,109.5,7215,109.5,109.5,109.5
2026-09-18,6581,109.5,12000,109.5,109.5,109.5
2026-09-21,6581,109.5,9181,109.5,109.5,109.5
2026-09-22,6581,109.0,2469,109.0,109.0,109.0
2026-09-23,6581,109.0,4075,109.0,109.0,109.0
2026-09-24,6581,108.5,6045,108.5,108.5,108.5
2026-09-29,6581,108.0,11296,108.0,108.0,108.0
2026-09-30,6581,108.5,11265,108.5,108.5,108.5
2026-10-01,6581,108.0,14133,108.0,108.0,108.0
2026-10-02,6581,108.0,14200,108.0,108.0,108.0
2026-10-05,6581,108.0,10615,108.0,108.0,108.0
2026-09-07,6582,31.9,23588,31.9,31.9,31.9
2026-09-08,6582,31.95,13498,31.95,31.95,31.95
2026-09-09,6582,32.0,21185,32.0,32.0,32.0
2026-09-10,6582,31.6,15525,31.6,31.6,31.6
2026-09-11,6582,31.5,30365,31.5,31.5,31.5
2026-09-14,6582,31.2,20907,31.2,31.2,31.2
2026-09-15,6582,31.2,21437,31.2,31.2,31.2
2026-09-16,6582,31.05,31466,31.05,31.05,31.05
2026-09-17,6582,31.3,102310,31.3,31.3,31.3
2026-09-18,6582,31.5,80202,31.5,31.5,31.5
2026-09-21,6582,31.1,43830,31.1,31.1,31.1
2026-09-22,6582,31.3,15359,31.3,31.3,31.3
2026-09-23,6582,30.8,122630,30.8,30.8,30.8
2026-09-24,6582,31.0,38714,31.0,31.0,31.0
2026-09-29,6582,30.8,74462,30.8,30.8,30.8
2026-09-30,6582,31.1,24323,31.1,31.1,31.1
2026-10-01,6582,31.3,8739,31.3,31.3,31.3
2026-10-02,6582,31.4,18677,31.4,31.4,31.4
2026-10-05,6582,31.35,22737,31.35,31.35,31.35
2026-09-07,6585,114.0,154612,114.0,114.0,114.0
2026-09-08,6585,111.0,138609,111.0,111.0,111.0
2026-09-09,6585,105.5,405882,105.5,105.5,105.5
2026-09-10,6585,103.5,222919,103.5,103.5,103.5
2026-09-11,6585,103.0,183004,103.0,103.0,103.0
2026-09-14,6585,103.5,118306,103.5,103.5,103.5
2026-09-15,6585,102.5,66736,102.5,102.5,102.5
2026-09-16,6585,103.0,150043,103.0,103.0,103.0
2026-09-17,6585,104.5,69010,104.5,104.5,104.5
2026-09-18,6585,105.5,124622,105.5,105.5,105.5
2026-09-21,6585,106.0,59199,106.0,106.0,106.0
2026-09-22,6585,105.5,114559,105.5,105.5,105.5
2026-09-23,6585,106.0,41523,106.0,106.0,106.0
2026-09-24,6585,105.5,49421,105.5,105.5,105.5
2026-09-29,6585,103.5,79882,103.5,103.5,103.5
2026-09-30,6585,104.0,132610,104.0,104.0,104.0
2026-10-01,6585,102.5,134485,102.5,102.5,102.5
2026-10-02,6585,104.5,108786,104.5,104.5,104.5
2026-10-05,6585,103.5,94989,103.5,103.5,103.5
2026-09-07,6589,47.5,387555,47.5,47.5,47.5
2026-09-08,6589,47.45,490988,47.45,47.45,47.45
2026-09-09,6589,48.2,312942,48.2,48.2,48.2
2026-09-10,6589,47.9,388240,47.9,47.9,47.9
2026-09-11,6589,45.3,974907,45.3,45.3,45.3
2026-09-14,6589,48.05,781892,48.05,48.05,48.05
2026-09-15,6589,48.65,620762,48.65,48.65,48.65
2026-09-16,6589,48.95,628129,48.95,48.95,48.95
2026-09-17,6589,51.2,1508629,51.2,51.2,51.2
2026-09-18,6589,52.7,1748855,52.7,52.7,52.7
2026-09-21,6589,51.7,525105,51.7,51.7,51.7
2026-09-22,6589,51.9,587448,51.9,51.9,51.9
2026-09-23,6589,53.9,1185265,53.9,53.9,53.9
2026-09-24,6589,51.4,832462,51.4,51.4,51.4
2026-09-29,6589,51.6,355887,51.6,51.6,51.6
2026-09-30,6589,53.4,951463,53.4,53.4,53.4
2026-10-01,6589,52.4,554109,52.4,52.4,52.4
2026-10-02,6589,50.8,800773,50.8,50.8,50.8
2026-10-05,6589,50.7,491168,50.7,50.7,50.7
2026-09-07,6591,42.05,116854,42.05,42.05,42.05
2026-09-08,6591,42.1,39716,42.1,42.1,42.1
2026-09-09,6591,42.7,130960,42.7,42.7,42.7
2026-09-10,6591,42.15,62052,42.15,42.15,42.15
2026-09-11,6591,41.9,89737,41.9,41.9,41.9
2026-09-14,6591,41.65,74212,41.65,41.65,41.65
2026-09-15,6591,41.5,24295,41.5,41.5,41.5
2026-09-16,6591,42.05,76820,42.05,42.05,42.05
2026-09-17,6591,42.65,70372,42.65,42.65,42.65
2026-09-18,6591,43.9,98125,43.9,43.9,43.9
2026-09-21,6591,45.2,310666,45.2,45.2,45.2
2026-09-22,6591,45.45,156310,45.45,45.45,45.45
2026-09-23,6591,44.15,89449,44.15,44.15,44.15
2026-09-24,6591,44.2,140273,44.2,44.2,44.2
2026-09-29,6591,43.2,64009,43.2,43.2,43.2
2026-09-30,6591,42.85,109515,42.85,42.85,42.85
2026-10-01,6591,43.1,57174,43.1,43.1,43.1
2026-10-02,6591,42.55,75656,42.55,42.55,42.55
2026-10-05,6591,42.9,100016,42.9,42.9,42.9
2026-09-07,6592,60.6,487734,60.6,60.6,60.6
2026-09-08,6592,60.3,289057,60.3,60.3,60.3
2026-09-09,6592,60.5,179362,60.5,60.5,60.5
2026-09-10,6592,60.0,393815,60.0,60.0,60.0
2026-09-11,6592,59.8,191228,59.8,59.8,59.8
2026-09-14,6592,59.7,210297,59.7,59.7,59.7
2026-09-15,6592,59.7,155943,59.7,59.7,59.7
2026-09-16,6592,59.6,433942,59.6,59.6,59.6
2026-09-17,6592,59.8,158879,59.8,59.8,59.8
2026-09-18,6592,58.8,942536,58.8,58.8,58.8
2026-09-21,6592,58.8,416842,58.8,58.8,58.8
2026-09-22,6592,58.2,931868,58.2,58.2,58.2
2026-09-23,6592,58.0,388213,58.0,58.0,58.0
2026-09-24,6592,57.6,459236,57.6,57.6,57.6
2026-09-29,6592,56.9,740809,56.9,56.9,56.9
2026-09-30,6592,56.9,475961,56.9,56.9,56.9
2026-10-01,6592,57.0,704165,57.0,57.0,57.0
2026-10-02,6592,56.3,1010759,56.3,56.3,56.3
2026-10-05,6592,55.4,1313000,55.4,55.4,55.4
2026-09-07,6598,27.1,67663,27.1,27.1,27.1
2026-09-08,6598,28.4,255878,28.4,28.4,28.4
2026-09-09,6598,28.4,227200,28.4,28.4,28.4
2026-09-10,6598,29.25,574653,29.25,29.25,29.25
2026-09-11,6598,28.2,174237,28.2,28.2,28.2
2026-09-14,6598,27.75,89423,27.75,27.75,27.75
2026-09-15,6598,27.15,107991,27.15,27.15,27.15
2026-09-16,6598,27.4,40136,27.4,27.4,27.4
2026-09-17,6598,27.9,69275,27.9,27.9,27.9
2026-09-18,6598,28.55,139530,28.55,28.55,28.55
2026-09-21,6598,27.85,109824,27.85,27.85,27.85
2026-09-22,6598,27.4,128313,27.4,27.4,27.4
2026-09-23,6598,27.6,118835,27.6,27.6,27.6
2026-09-24,6598,27.3,96158,27.3,27.3,27.3
2026-09-29,6598,27.2,87846,27.2,27.2,27.2
2026-09-30,6598,27.4,194798,27.4,27.4,27.4
2026-10-01,6598,26.65,265199,26.65,26.65,26.65
2026-10-02,6598,27.25,305555,27.25,27.25,27.25
2026-10-05,6598,26.8,162798,26.8,26.8,26.8
2026-09-07,6605,137.5,205227,137.5,137.5,137.5
2026-09-08,6605,135.5,185192,135.5,135.5,135.5
2026-09-09,6605,136.0,138213,136.0,136.0,136.0
2026-09-10,6605,135.5,125068,135.5,135.5,135.5
2026-09-11,6605,137.5,519749,137.5,137.5,137.5
2026-09-14,6605,136.0,145270,136.0,136.0,136.0
2026-09-15,6605,137.5,278582,137.5,137.5,137.5
2026-09-16,6605,136.0,172096,136.0,136.0,136.0
2026-09-17,6605,136.0,1028650,136.0,136.0,136.0
2026-09-18,6605,139.0,538715,139.0,139.0,139.0
2026-09-21,6605,140.0,207792,140.0,140.0,140.0
2026-09-22,6605,140.0,155344,140.0,140.0,140.0
2026-09-23,6605,138.5,148000,138.5,138.5,138.5
2026-09-24,6605,138.5,109831,138.5,138.5,138.5
2026-09-29,6605,138.0,177541,138.0,138.0,138.0
2026-09-30,6605,137.5,156952,137.5,137.5,137.5
2026-10-01,6605,139.0,276197,139.0,139.0,139.0
2026-10-02,6605,136.5,474219,136.5,136.5,136.5
2026-10-05,6605,135.5,230352,135.5,135.5,135.5
2026-09-07,6606,25.05,199058,25.05,25.05,25.05
2026-09-08,6606,25.85,138811,25.85,25.85,25.85
2026-09-09,6606,25.75,51330,25.75,25.75,25.75
2026-09-10,6606,25.8,38226,25.8,25.8,25.8
2026-09-11,6606,25.7,26345,25.7,25.7,25.7
2026-09-14,6606,25.25,59821,25.25,25.25,25.25
2026-09-15,6606,25.05,82672,25.05,25.05,25.05
2026-09-16,6606,24.7,139292,24.7,24.7,24.7
2026-09-17,6606,25.05,72000,25.05,25.05,25.05
2026-09-18,6606,25.55,43171,25.55,25.55,25.55
2026-09-21,6606,25.4,14061,25.4,25.4,25.4
2026-09-22,6606,25.15,32100,25.15,25.15,25.15
2026-09-23,6606,25.1,64000,25.1,25.1,25.1
2026-09-24,6606,25.1,72606,25.1,25.1,25.1
2026-09-29,6606,24.75,77626,24.75,24.75,24.75
2026-09-30,6606,24.8,64034,24.8,24.8,24.8
2026-10-01,6606,25.0,35000,25.0,25.0,25.0
2026-10-02,6606,25.25,50500,25.25,25.25,25.25
2026-10-05,6606,24.85,111959,24.85,24.85,24.85
2026-09-07,6614,35.85,23699,35.85,35.85,35.85
2026-09-08,6614,35.85,15740,35.85,35.85,35.85
2026-09-09,6614,35.7,21406,35.7,35.7,35.7
2026-09-10,6614,35.65,18000,35.65,35.65,35.65
2026-09-11,6614,35.7,22450,35.7,35.7,35.7
2026-09-14,6614,35.45,61312,35.45,35.45,35.45
2026-09-15,6614,35.45,21860,35.45,35.45,35.45
2026-09-16,6614,35.45,10131,35.45,35.45,35.45
2026-09-17,6614,35.65,36151,35.65,35.65,35.65
2026-09-18,6614,35.85,29332,35.85,35.85,35.85
2026-09-21,6614,35.55,23000,35.55,35.55,35.55
2026-09-22,6614,35.8,14226,35.8,35.8,35.8
2026-09-23,6614,35.55,25000,35.55,35.55,35.55
2026-09-24,6614,35.6,12220,35.6,35.6,35.6
2026-09-29,6614,35.15,37754,35.15,35.15,35.15
2026-09-30,6614,35.3,33278,35.3,35.3,35.3
2026-10-01,6614,35.3,8118,35.3,35.3,35.3
2026-10-02,6614,35.4,23633,35.4,35.4,35.4
2026-10-05,6614,35.3,64308,35.3,35.3,35.3
2026-09-07,6625,75.8,73999,75.8,75.8,75.8
2026-09-08,6625,75.9,69515,75.9,75.9,75.9
2026-09-09,6625,76.0,39936,76.0,76.0,76.0
2026-09-10,6625,75.7,29362,75.7,75.7,75.7
2026-09-11,6625,73.3,185715,73.3,73.3,73.3
2026-09-14,6625,73.3,79869,73.3,73.3,73.3
2026-09-15,6625,73.3,83413,73.3,73.3,73.3
2026-09-16,6625,73.5,23514,73.5,73.5,73.5
2026-09-17,6625,74.4,40389,74.4,74.4,74.4
2026-09-18,6625,75.1,41165,75.1,75.1,75.1
2026-09-21,6625,74.3,49587,74.3,74.3,74.3
2026-09-22,6625,74.3,48955,74.3,74.3,74.3
2026-09-23,6625,73.8,55028,73.8,73.8,73.8
2026-09-24,6625,74.0,30553,74.0,74.0,74.0
2026-09-29,6625,73.9,115776,73.9,73.9,73.9
2026-09-30,6625,74.0,48873,74.0,74.0,74.0
2026-10-01,6625,74.0,57097,74.0,74.0,74.0
2026-10-02,6625,73.8,40751,73.8,73.8,73.8
2026-10-05,6625,73.7,77921,73.7,73.7,73.7
2026-09-07,6641,17.25,23000,17.25,17.25,17.25
2026-09-08,6641,17.1,43322,17.1,17.1,17.1
2026-09-09,6641,17.15,6000,17.15,17.15,17.15
2026-09-10,6641,17.0,4000,17.0,17.0,17.0
2026-09-11,6641,16.9,37070,16.9,16.9,16.9
2026-09-15,6641,16.8,10535,16.8,16.8,16.8
2026-09-16,6641,16.9,3720,16.9,16.9,16.9
2026-09-17,6641,17.05,14200,17.05,17.05,17.05
2026-09-18,6641,17.1,11100,17.1,17.1,17.1
2026-09-21,6641,17.0,9153,17.0,17.0,17.0
2026-09-22,6641,16.95,1002,16.95,16.95,16.95
2026-09-23,6641,16.75,4111,16.75,16.75,16.75
2026-09-24,6641,16.95,9000,16.95,16.95,16.95
2026-09-29,6641,16.95,1000,16.95,16.95,16.95
2026-09-30,6641,17.0,12014,17.0,17.0,17.0
2026-10-01,6641,16.9,6000,16.9,16.9,16.9
2026-10-02,6641,17.0,30025,17.0,17.0,17.0
2026-10-05,6641,17.05,22300,17.05,17.05,17.05
2026-09-07,6645,12.2,30632,12.2,12.2,12.2
2026-09-08,6645,12.2,49203,12.2,12.2,12.2
2026-09-09,6645,12.4,9197,12.4,12.4,12.4
2026-09-10,6645,12.4,11000,12.4,12.4,12.4
2026-09-11,6645,13.0,78550,13.0,13.0,13.0
2026-09-14,6645,13.0,59731,13.0,13.0,13.0
2026-09-15,6645,12.65,38894,12.65,12.65,12.65
2026-09-16,6645,12.65,35000,12.65,12.65,12.65
2026-09-17,6645,12.5,38382,12.5,12.5,12.5
2026-09-18,6645,12.6,47359,12.6,12.6,12.6
2026-09-21,6645,12.45,41900,12.45,12.45,12.45
2026-09-22,6645,12.6,44605,12.6,12.6,12.6
2026-09-23,6645,12.5,2773,12.5,12.5,12.5
2026-09-24,6645,12.5,12200,12.5,12.5,12.5
2026-09-29,6645,12.5,53051,12.5,12.5,12.5
2026-09-30,6645,12.85,12061,12.85,12.85,12.85
2026-10-01,6645,12.75,8943,12.75,12.75,12.75
2026-10-02,6645,12.8,23563,12.8,12.8,12.8
2026-10-05,6645,12.75,21250,12.75,12.75,12.75
2026-09-07,6655,120.0,23023,120.0,120.0,120.0
2026-09-08,6655,122.5,20205,122.5,122.5,122.5
2026-09-09,6655,121.5,27263,121.5,121.5,121.5
2026-09-10,6655,121.5,12100,121.5,121.5,121.5
2026-09-11,6655,122.5,7500,122.5,122.5,122.5
2026-09-14,6655,122.5,12526,122.5,122.5,122.5
2026-09-15,6655,123.0,14793,123.0,123.0,123.0
2026-09-16,6655,123.0,1010,123.0,123.0,123.0
2026-09-17,6655,124.5,13034,124.5,124.5,124.5
2026-09-18,6655,123.0,38040,123.0,123.0,123.0
2026-09-21,6655,124.5,40500,124.5,124.5,124.5
2026-09-22,6655,124.5,40458,124.5,124.5,124.5
2026-09-23,6655,124.5,2008,124.5,124.5,124.5
2026-09-29,6655,124.5,3010,124.5,124.5,124.5
2026-09-30,6655,125.0,2404,125.0,125.0,125.0
2026-10-02,6655,125.0,59000,125.0,125.0,125.0
2026-10-05,6655,125.5,7040,125.5,125.5,125.5
2026-09-07,6657,30.45,223618,30.45,30.45,30.45
2026-09-08,6657,33.45,361956,33.45,33.45,33.45
2026-09-09,6657,36.6,1110831,36.6,36.6,36.6
2026-09-10,6657,37.3,864075,37.3,37.3,37.3
2026-09-11,6657,35.6,377232,35.6,35.6,35.6
2026-09-14,6657,33.85,253713,33.85,33.85,33.85
2026-09-15,6657,33.6,173306,33.6,33.6,33.6
2026-09-16,6657,33.85,115366,33.85,33.85,33.85
2026-09-17,6657,34.3,123304,34.3,34.3,34.3
2026-09-18,6657,33.65,187134,33.65,33.65,33.65
2026-09-21,6657,32.95,140618,32.95,32.95,32.95
2026-09-22,6657,32.95,298876,32.95,32.95,32.95
2026-09-23,6657,33.25,170287,33.25,33.25,33.25
2026-09-24,6657,32.8,81194,32.8,32.8,32.8
2026-09-29,6657,32.45,76576,32.45,32.45,32.45
2026-09-30,6657,32.7,97680,32.7,32.7,32.7
2026-10-01,6657,32.6,63107,32.6,32.6,32.6
2026-10-02,6657,32.9,82058,32.9,32.9,32.9
2026-10-05,6657,33.0,97783,33.0,33.0,33.0
2026-09-07,6658,175.5,237159,175.5,175.5,175.5
2026-09-08,6658,171.5,240032,171.5,171.5,171.5
2026-09-09,6658,176.5,224422,176.5,176.5,176.5
2026-09-10,6658,172.5,101247,172.5,172.5,172.5
2026-09-11,6658,167.5,139040,167.5,167.5,167.5
2026-09-14,6658,166.0,106172,166.0,166.0,166.0
2026-09-15,6658,163.0,96868,163.0,163.0,163.0
2026-09-16,6658,167.5,175145,167.5,167.5,167.5
2026-09-17,6658,169.0,215023,169.0,169.0,169.0
2026-09-18,6658,174.5,144070,174.5,174.5,174.5
2026-09-21,6658,173.5,225028,173.5,173.5,173.5
2026-09-22,6658,176.5,395954,176.5,176.5,176.5
2026-09-23,6658,177.5,158352,177.5,177.5,177.5
2026-09-24,6658,179.0,484819,179.0,179.0,179.0
2026-09-29,6658,181.0,206713,181.0,181.0,181.0
2026-09-30,6658,180.5,363469,180.5,180.5,180.5
2026-10-01,6658,181.0,162459,181.0,181.0,181.0
2026-10-02,6658,182.0,168445,182.0,182.0,182.0
2026-10-05,6658,200.0,1602697,200.0,200.0,200.0
2026-09-07,6666,44.8,57002,44.8,44.8,44.8
2026-09-08,6666,44.95,26521,44.95,44.95,44.95
2026-09-09,6666,44.9,8218,44.9,44.9,44.9
2026-09-10,6666,44.85,27416,44.85,44.85,44.85
2026-09-11,6666,44.0,57134,44.0,44.0,44.0
2026-09-14,6666,44.2,28301,44.2,44.2,44.2
2026-09-15,6666,44.0,32061,44.0,44.0,44.0
2026-09-16,6666,44.35,28101,44.35,44.35,44.35
2026-09-17,6666,44.75,16500,44.75,44.75,44.75
2026-09-18,6666,44.85,22355,44.85,44.85,44.85
2026-09-21,6666,44.95,6221,44.95,44.95,44.95
2026-09-22,6666,45.0,31892,45.0,45.0,45.0
2026-09-23,6666,45.15,14002,45.15,45.15,45.15
2026-09-24,6666,44.85,9818,44.85,44.85,44.85
2026-09-29,6666,45.65,20185,45.65,45.65,45.65
2026-09-30,6666,45.55,20511,45.55,45.55,45.55
2026-10-01,6666,45.95,1201,45.95,45.95,45.95
2026-10-02,6666,45.5,23132,45.5,45.5,45.5
2026-10-05,6666,45.35,32620,45.35,45.35,45.35
2026-09-07,6668,40.9,1384012,40.9,40.9,40.9
2026-09-08,6668,40.2,737832,40.2,40.2,40.2
2026-09-09,6668,41.85,1567131,41.85,41.85,41.85
2026-09-10,6668,41.05,528884,41.05,41.05,41.05
2026-09-11,6668,39.3,809275,39.3,39.3,39.3
2026-09-14,6668,42.2,2630633,42.2,42.2,42.2
2026-09-15,6668,42.7,5594952,42.7,42.7,42.7
2026-09-16,6668,43.2,4951332,43.2,43.2,43.2
2026-09-17,6668,44.8,3244397,44.8,44.8,44.8
2026-09-18,6668,49.25,9271067,49.25,49.25,49.25
2026-09-21,6668,50.3,18858378,50.3,50.3,50.3
2026-09-22,6668,49.4,6915990,49.4,49.4,49.4
2026-09-23,6668,46.95,3591142,46.95,46.95,46.95
2026-09-24,6668,47.55,2272592,47.55,47.55,47.55
2026-09-29,6668,47.65,1980484,47.65,47.65,47.65
2026-09-30,6668,47.05,1721346,47.05,47.05,47.05
2026-10-01,6668,47.1,2134337,47.1,47.1,47.1
2026-10-02,6668,47.35,1776027,47.35,47.35,47.35
2026-10-05,6668,48.25,6136507,48.25,48.25,48.25
2026-09-07,6669,2490.0,5526691,2490.0,2490.0,2490.0
2026-09-08,6669,2340.0,5080716,2340.0,2340.0,2340.0
2026-09-09,6669,2325.0,5055743,2325.0,2325.0,2325.0
2026-09-10,6669,2345.0,2793152,2345.0,2345.0,2345.0
2026-09-11,6669,2310.0,1896940,2310.0,2310.0,2310.0
2026-09-14,6669,2270.0,1985361,2270.0,2270.0,2270.0
2026-09-15,6669,2315.0,2767688,2315.0,2315.0,2315.0
2026-09-16,6669,2165.0,9125545,2165.0,2165.0,2165.0
2026-09-17,6669,2135.0,5761930,2135.0,2135.0,2135.0
2026-09-18,6669,2140.0,4839353,2140.0,2140.0,2140.0
2026-09-21,6669,2150.0,3304766,2150.0,2150.0,2150.0
2026-09-22,6669,2115.0,6260344,2115.0,2115.0,2115.0
2026-09-23,6669,2105.0,2904191,2105.0,2105.0,2105.0
2026-09-24,6669,2115.0,3554942,2115.0,2115.0,2115.0
2026-09-29,6669,2100.0,1642771,2100.0,2100.0,2100.0
2026-09-30,6669,2090.0,1887580,2090.0,2090.0,2090.0
2026-10-01,6669,2110.0,1259173,2110.0,2110.0,2110.0
2026-10-02,6669,2085.0,2329609,2085.0,2085.0,2085.0
2026-10-05,6669,2150.0,3007826,2150.0,2150.0,2150.0
2026-09-07,6670,276.0,104114,276.0,276.0,276.0
2026-09-08,6670,279.0,182864,279.0,279.0,279.0
2026-09-09,6670,279.5,149473,279.5,279.5,279.5
2026-09-10,6670,276.0,68598,276.0,276.0,276.0
2026-09-11,6670,275.0,212003,275.0,275.0,275.0
2026-09-14,6670,272.5,90773,272.5,272.5,272.5
2026-09-15,6670,270.5,164177,270.5,270.5,270.5
2026-09-16,6670,270.0,89235,270.0,270.0,270.0
2026-09-17,6670,273.5,113298,273.5,273.5,273.5
2026-09-18,6670,275.5,230780,275.5,275.5,275.5
2026-09-21,6670,272.5,123287,272.5,272.5,272.5
2026-09-22,6670,271.0,193609,271.0,271.0,271.0
2026-09-23,6670,273.0,197980,273.0,273.0,273.0
2026-09-24,6670,273.0,126922,273.0,273.0,273.0
2026-09-29,6670,273.0,232821,273.0,273.0,273.0
2026-09-30,6670,272.0,181000,272.0,272.0,272.0
2026-10-01,6670,271.0,208364,271.0,271.0,271.0
2026-10-02,6670,270.5,109754,270.5,270.5,270.5
2026-10-05,6670,270.0,96598,270.0,270.0,270.0
2026-09-07,6671,23.1,14000,23.1,23.1,23.1
2026-09-08,6671,23.1,19992,23.1,23.1,23.1
2026-09-09,6671,23.0,4165,23.0,23.0,23.0
2026-09-10,6671,23.0,2000,23.0,23.0,23.0
2026-09-11,6671,23.0,4200,23.0,23.0,23.0
2026-09-14,6671,22.55,7050,22.55,22.55,22.55
2026-09-15,6671,22.75,3496,22.75,22.75,22.75
2026-09-16,6671,22.85,12070,22.85,22.85,22.85
2026-09-17,6671,22.95,20000,22.95,22.95,22.95
2026-09-18,6671,23.05,13000,23.05,23.05,23.05
2026-09-21,6671,23.05,3044,23.05,23.05,23.05
2026-09-22,6671,23.0,4100,23.0,23.0,23.0
2026-09-23,6671,22.7,8448,22.7,22.7,22.7
2026-09-24,6671,22.85,5030,22.85,22.85,22.85
2026-09-29,6671,22.85,9000,22.85,22.85,22.85
2026-09-30,6671,22.7,7143,22.7,22.7,22.7
2026-10-01,6671,22.85,34000,22.85,22.85,22.85
2026-10-02,6671,22.95,5050,22.95,22.95,22.95
2026-10-05,6671,23.3,7000,23.3,23.3,23.3
2026-09-07,6672,299.5,14526240,299.5,299.5,299.5
2026-09-08,6672,294.0,7324357,294.0,294.0,294.0
2026-09-09,6672,299.5,9019982,299.5,299.5,299.5
2026-09-10,6672,299.0,3575776,299.0,299.0,299.0
2026-09-11,6672,292.0,3675064,292.0,292.0,292.0
2026-09-14,6672,294.5,2549602,294.5,294.5,294.5
2026-09-15,6672,291.0,4204679,291.0,291.0,291.0
2026-09-16,6672,304.0,5010539,304.0,304.0,304.0
2026-09-17,6672,293.5,10176575,293.5,293.5,293.5
2026-09-18,6672,302.0,6002632,302.0,302.0,302.0
2026-09-21,6672,310.0,4860040,310.0,310.0,310.0
2026-09-22,6672,302.0,4972041,302.0,302.0,302.0
2026-09-23,6672,307.0,3276768,307.0,307.0,307.0
2026-09-24,6672,337.5,15309823,337.5,337.5,337.5
2026-09-29,6672,335.5,8175142,335.5,335.5,335.5
2026-09-30,6672,369.0,8259557,369.0,369.0,369.0
2026-10-01,6672,405.5,18447532,405.5,405.5,405.5
2026-10-02,6672,439.0,16620827,439.0,439.0,439.0
2026-10-05,6672,451.0,13344761,451.0,451.0,451.0
2026-09-07,6674,16.5,292309,16.5,16.5,16.5
2026-09-08,6674,16.15,22786,16.15,16.15,16.15
2026-09-09,6674,16.1,16000,16.1,16.1,16.1
2026-09-10,6674,16.0,14000,16.0,16.0,16.0
2026-09-11,6674,15.8,13070,15.8,15.8,15.8
2026-09-14,6674,15.9,5600,15.9,15.9,15.9
2026-09-15,6674,15.6,4000,15.6,15.6,15.6
2026-09-16,6674,15.95,3487,15.95,15.95,15.95
2026-09-17,6674,15.65,22103,15.65,15.65,15.65
2026-09-18,6674,15.8,16000,15.8,15.8,15.8
2026-09-21,6674,17.35,75024,17.35,17.35,17.35
2026-09-22,6674,18.2,3422973,18.2,18.2,18.2
2026-09-23,6674,18.4,678803,18.4,18.4,18.4
2026-09-24,6674,18.35,199815,18.35,18.35,18.35
2026-09-29,6674,18.25,327304,18.25,18.25,18.25
2026-09-30,6674,18.25,148899,18.25,18.25,18.25
2026-10-01,6674,18.35,183356,18.35,18.35,18.35
2026-10-02,6674,18.35,85674,18.35,18.35,18.35
2026-10-05,6674,18.3,93284,18.3,18.3,18.3
2026-09-07,6689,62.0,74278,62.0,62.0,62.0
2026-09-08,6689,61.0,43306,61.0,61.0,61.0
2026-09-09,6689,61.4,73109,61.4,61.4,61.4
2026-09-10,6689,60.1,135177,60.1,60.1,60.1
2026-09-11,6689,64.1,658239,64.1,64.1,64.1
2026-09-14,6689,70.5,2999752,70.5,70.5,70.5
2026-09-15,6689,69.3,7763172,69.3,69.3,69.3
2026-09-16,6689,67.0,2460921,67.0,67.0,67.0
2026-09-17,6689,65.5,940604,65.5,65.5,65.5
2026-09-18,6689,66.8,1050703,66.8,66.8,66.8
2026-09-21,6689,65.4,519739,65.4,65.4,65.4
2026-09-22,6689,64.1,496404,64.1,64.1,64.1
2026-09-23,6689,64.0,125584,64.0,64.0,64.0
2026-09-24,6689,63.9,490273,63.9,63.9,63.9
2026-09-29,6689,64.4,131757,64.4,64.4,64.4
2026-09-30,6689,64.8,188502,64.8,64.8,64.8
2026-10-01,6689,64.2,142347,64.2,64.2,64.2
2026-10-02,6689,64.8,150925,64.8,64.8,64.8
2026-10-05,6689,63.1,268854,63.1,63.1,63.1
2026-09-07,6691,624.0,537844,624.0,624.0,624.0
2026-09-08,6691,615.0,258676,615.0,615.0,615.0
2026-09-09,6691,619.0,360316,619.0,619.0,619.0
2026-09-10,6691,622.0,447277,622.0,622.0,622.0
2026-09-11,6691,609.0,417102,609.0,609.0,609.0
2026-09-14,6691,613.0,262367,613.0,613.0,613.0
2026-09-15,6691,608.0,246634,608.0,608.0,608.0
2026-09-16,6691,618.0,578902,618.0,618.0,618.0
2026-09-17,6691,610.0,463671,610.0,610.0,610.0
2026-09-18,6691,650.0,1363773,650.0,650.0,650.0
2026-09-21,6691,632.0,599914,632.0,632.0,632.0
2026-09-22,6691,635.0,536554,635.0,635.0,635.0
2026-09-23,6691,646.0,527865,646.0,646.0,646.0
2026-09-24,6691,667.0,736040,667.0,667.0,667.0
2026-09-29,6691,654.0,923010,654.0,654.0,654.0
2026-09-30,6691,719.0,2580611,719.0,719.0,719.0
2026-10-01,6691,733.0,1746877,733.0,733.0,733.0
2026-10-02,6691,741.0,1319885,741.0,741.0,741.0
2026-10-05,6691,794.0,2022038,794.0,794.0,794.0
2026-09-07,6695,48.6,327664,48.6,48.6,48.6
2026-09-08,6695,47.1,503656,47.1,47.1,47.1
2026-09-09,6695,47.1,197564,47.1,47.1,47.1
2026-09-10,6695,48.0,320527,48.0,48.0,48.0
2026-09-11,6695,46.5,293188,46.5,46.5,46.5
2026-09-14,6695,46.0,197636,46.0,46.0,46.0
2026-09-15,6695,45.6,225604,45.6,45.6,45.6
2026-09-16,6695,47.9,270512,47.9,47.9,47.9
2026-09-17,6695,49.55,483297,49.55,49.55,49.55
2026-09-18,6695,50.6,702017,50.6,50.6,50.6
2026-09-21,6695,50.5,227529,50.5,50.5,50.5
2026-09-22,6695,50.3,479775,50.3,50.3,50.3
2026-09-23,6695,50.1,295642,50.1,50.1,50.1
2026-09-24,6695,49.9,156551,49.9,49.9,49.9
2026-09-29,6695,54.1,1257413,54.1,54.1,54.1
2026-09-30,6695,55.0,1104717,55.0,55.0,55.0
2026-10-01,6695,55.4,905563,55.4,55.4,55.4
2026-10-02,6695,54.4,575601,54.4,54.4,54.4
2026-10-05,6695,52.7,546813,52.7,52.7,52.7
2026-09-07,6698,31.6,133144,31.6,31.6,31.6
2026-09-08,6698,31.5,93014,31.5,31.5,31.5
2026-09-09,6698,31.35,209256,31.35,31.35,31.35
2026-09-10,6698,31.8,101803,31.8,31.8,31.8
2026-09-11,6698,31.1,77073,31.1,31.1,31.1
2026-09-14,6698,31.35,95413,31.35,31.35,31.35
2026-09-15,6698,31.45,131318,31.45,31.45,31.45
2026-09-16,6698,31.9,106373,31.9,31.9,31.9
2026-09-17,6698,31.65,115582,31.65,31.65,31.65
2026-09-18,6698,32.35,87029,32.35,32.35,32.35
2026-09-21,6698,32.2,89798,32.2,32.2,32.2
2026-09-22,6698,31.35,177179,31.35,31.35,31.35
2026-09-23,6698,31.6,136960,31.6,31.6,31.6
2026-09-24,6698,31.7,52578,31.7,31.7,31.7
2026-09-29,6698,33.9,241170,33.9,33.9,33.9
2026-09-30,6698,33.3,489189,33.3,33.3,33.3
2026-10-01,6698,32.25,199960,32.25,32.25,32.25
2026-10-02,6698,31.65,219379,31.65,31.65,31.65
2026-10-05,6698,31.35,170776,31.35,31.35,31.35
2026-09-07,6706,123.5,1097853,123.5,123.5,123.5
2026-09-08,6706,123.0,768978,123.0,123.0,123.0
2026-09-09,6706,124.0,1039868,124.0,124.0,124.0
2026-09-10,6706,125.0,953231,125.0,125.0,125.0
2026-09-11,6706,137.5,6196518,137.5,137.5,137.5
2026-09-14,6706,151.0,22983083,151.0,151.0,151.0
2026-09-15,6706,143.5,19143749,143.5,143.5,143.5
2026-09-16,6706,147.0,11524955,147.0,147.0,147.0
2026-09-17,6706,145.0,12351126,145.0,145.0,145.0
2026-09-18,6706,149.5,6106039,149.5,149.5,149.5
2026-09-21,6706,164.0,14648276,164.0,164.0,164.0
2026-09-22,6706,149.0,13997656,149.0,149.0,149.0
2026-09-23,6706,144.0,4580832,144.0,144.0,144.0
2026-09-24,6706,143.0,2291537,143.0,143.0,143.0
2026-09-29,6706,151.0,4511914,151.0,151.0,151.0
2026-09-30,6706,150.0,4351935,150.0,150.0,150.0
2026-10-01,6706,154.5,7046801,154.5,154.5,154.5
2026-10-02,6706,154.5,4150630,154.5,154.5,154.5
2026-10-05,6706,151.5,2280897,151.5,151.5,151.5
2026-09-07,6715,339.0,1454017,339.0,339.0,339.0
2026-09-08,6715,325.0,717970,325.0,325.0,325.0
2026-09-09,6715,354.5,1703369,354.5,354.5,354.5
2026-09-10,6715,336.5,840406,336.5,336.5,336.5
2026-09-11,6715,321.5,984121,321.5,321.5,321.5
2026-09-14,6715,346.0,937585,346.0,346.0,346.0
2026-09-15,6715,357.5,2625978,357.5,357.5,357.5
2026-09-16,6715,393.0,3523438,393.0,393.0,393.0
2026-09-17,6715,394.0,5910220,394.0,394.0,394.0
2026-09-18,6715,433.0,4535425,433.0,433.0,433.0
2026-09-21,6715,451.5,5331633,451.5,451.5,451.5
2026-09-22,6715,451.5,3208138,451.5,451.5,451.5
2026-09-23,6715,459.5,1172849,459.5,459.5,459.5
2026-09-24,6715,468.5,560936,468.5,468.5,468.5
2026-09-29,6715,452.0,346088,452.0,452.0,452.0
2026-09-30,6715,442.0,686089,442.0,442.0,442.0
2026-10-01,6715,453.0,536514,453.0,453.0,453.0
2026-10-02,6715,449.0,1913083,449.0,449.0,449.0
2026-10-05,6715,480.5,2676511,480.5,480.5,480.5
2026-09-07,6719,190.0,336309,190.0,190.0,190.0
2026-09-08,6719,183.5,842219,183.5,183.5,183.5
2026-09-09,6719,182.5,743966,182.5,182.5,182.5
2026-09-10,6719,184.5,386373,184.5,184.5,184.5
2026-09-11,6719,180.0,693702,180.0,180.0,180.0
2026-09-14,6719,182.5,348990,182.5,182.5,182.5
2026-09-15,6719,179.0,285019,179.0,179.0,179.0
2026-09-16,6719,180.5,205327,180.5,180.5,180.5
2026-09-17,6719,181.0,466716,181.0,181.0,181.0
2026-09-18,6719,184.5,868071,184.5,184.5,184.5
2026-09-21,6719,183.0,270830,183.0,183.0,183.0
2026-09-22,6719,187.5,721463,187.5,187.5,187.5
2026-09-23,6719,183.0,428669,183.0,183.0,183.0
2026-09-24,6719,184.0,283508,184.0,184.0,184.0
2026-09-29,6719,184.0,432838,184.0,184.0,184.0
2026-09-30,6719,186.5,577285,186.5,186.5,186.5
2026-10-01,6719,188.0,492395,188.0,188.0,188.0
2026-10-02,6719,189.5,443925,189.5,189.5,189.5
2026-10-05,6719,191.5,859669,191.5,191.5,191.5
2026-09-07,6722,32.9,52974,32.9,32.9,32.9
2026-09-08,6722,32.55,42286,32.55,32.55,32.55
2026-09-09,6722,32.85,29419,32.85,32.85,32.85
2026-09-10,6722,33.2,35005,33.2,33.2,33.2
2026-09-11,6722,32.65,22816,32.65,32.65,32.65
2026-09-14,6722,32.15,21555,32.15,32.15,32.15
2026-09-15,6722,32.0,13025,32.0,32.0,32.0
2026-09-16,6722,32.5,24477,32.5,32.5,32.5
2026-09-17,6722,32.4,25015,32.4,32.4,32.4
2026-09-18,6722,32.9,26000,32.9,32.9,32.9
2026-09-21,6722,32.95,35910,32.95,32.95,32.95
2026-09-22,6722,32.7,44617,32.7,32.7,32.7
2026-09-23,6722,32.55,8330,32.55,32.55,32.55
2026-09-24,6722,32.45,9521,32.45,32.45,32.45
2026-09-29,6722,32.3,15187,32.3,32.3,32.3
2026-09-30,6722,32.5,13701,32.5,32.5,32.5
2026-10-01,6722,32.5,24527,32.5,32.5,32.5
2026-10-02,6722,32.5,23000,32.5,32.5,32.5
2026-10-05,6722,33.05,99750,33.05,33.05,33.05
2026-09-07,6742,44.2,353453,44.2,44.2,44.2
2026-09-08,6742,44.25,459382,44.25,44.25,44.25
2026-09-09,6742,45.2,300987,45.2,45.2,45.2
2026-09-10,6742,45.75,434605,45.75,45.75,45.75
2026-09-11,6742,45.2,364344,45.2,45.2,45.2
2026-09-14,6742,45.5,270427,45.5,45.5,45.5
2026-09-15,6742,44.2,245117,44.2,44.2,44.2
2026-09-16,6742,46.6,492106,46.6,46.6,46.6
2026-09-17,6742,51.2,1748558,51.2,51.2,51.2
2026-09-18,6742,54.7,4060130,54.7,54.7,54.7
2026-09-21,6742,54.0,2612628,54.0,54.0,54.0
2026-09-22,6742,52.7,1532708,52.7,52.7,52.7
2026-09-23,6742,55.2,3935558,55.2,55.2,55.2
2026-09-24,6742,54.7,2199168,54.7,54.7,54.7
2026-09-29,6742,54.2,723913,54.2,54.2,54.2
2026-09-30,6742,56.3,1743025,56.3,56.3,56.3
2026-10-01,6742,55.6,967057,55.6,55.6,55.6
2026-10-02,6742,57.7,1414175,57.7,57.7,57.7
2026-10-05,6742,60.2,2919762,60.2,60.2,60.2
2026-09-07,6743,28.65,245983,28.65,28.65,28.65
2026-09-08,6743,29.0,274697,29.0,29.0,29.0
2026-09-09,6743,29.1,185009,29.1,29.1,29.1
2026-09-10,6743,29.35,280513,29.35,29.35,29.35
2026-09-11,6743,29.3,466421,29.3,29.3,29.3
2026-09-14,6743,29.25,156031,29.25,29.25,29.25
2026-09-15,6743,29.5,392619,29.5,29.5,29.5
2026-09-16,6743,29.15,314087,29.15,29.15,29.15
2026-09-17,6743,29.3,298656,29.3,29.3,29.3
2026-09-18,6743,29.4,272413,29.4,29.4,29.4
2026-09-21,6743,29.5,298316,29.5,29.5,29.5
2026-09-22,6743,29.85,386921,29.85,29.85,29.85
2026-09-23,6743,30.35,535714,30.35,30.35,30.35
2026-09-24,6743,30.6,535034,30.6,30.6,30.6
2026-09-29,6743,31.1,692999,31.1,31.1,31.1
2026-09-30,6743,31.85,553663,31.85,31.85,31.85
2026-10-01,6743,33.5,1118714,33.5,33.5,33.5
2026-10-02,6743,35.45,1562415,35.45,35.45,35.45
2026-10-05,6743,35.6,978174,35.6,35.6,35.6
2026-09-07,6753,137.5,451820,137.5,137.5,137.5
2026-09-08,6753,134.5,741569,134.5,134.5,134.5
2026-09-09,6753,135.0,383902,135.0,135.0,135.0
2026-09-10,6753,135.5,822749,135.5,135.5,135.5
2026-09-11,6753,134.0,1292433,134.0,134.0,134.0
2026-09-14,6753,133.0,450184,133.0,133.0,133.0
2026-09-15,6753,130.0,451999,130.0,130.0,130.0
2026-09-16,6753,132.5,281970,132.5,132.5,132.5
2026-09-17,6753,133.0,367785,133.0,133.0,133.0
2026-09-18,6753,134.5,532096,134.5,134.5,134.5
2026-09-21,6753,133.5,325183,133.5,133.5,133.5
2026-09-22,6753,133.5,196062,133.5,133.5,133.5
2026-09-23,6753,131.5,672372,131.5,131.5,131.5
2026-09-24,6753,132.5,248283,132.5,132.5,132.5
2026-09-29,6753,132.5,206011,132.5,132.5,132.5
2026-09-30,6753,133.5,299764,133.5,133.5,133.5
2026-10-01,6753,133.0,251815,133.0,133.0,133.0
2026-10-02,6753,133.0,233147,133.0,133.0,133.0
2026-10-05,6753,131.0,412401,131.0,131.0,131.0
2026-09-07,6754,42.65,11027,42.65,42.65,42.65
2026-09-08,6754,42.75,11315,42.75,42.75,42.75
2026-09-09,6754,42.6,12242,42.6,42.6,42.6
2026-09-10,6754,42.5,13100,42.5,42.5,42.5
2026-09-11,6754,42.05,5300,42.05,42.05,42.05
2026-09-14,6754,41.7,14080,41.7,41.7,41.7
2026-09-15,6754,41.3,11000,41.3,41.3,41.3
2026-09-16,6754,40.9,17436,40.9,40.9,40.9
2026-09-17,6754,41.8,44020,41.8,41.8,41.8
2026-09-18,6754,41.85,20010,41.85,41.85,41.85
2026-09-21,6754,42.25,8650,42.25,42.25,42.25
2026-09-22,6754,41.8,7200,41.8,41.8,41.8
2026-09-23,6754,42.0,8100,42.0,42.0,42.0
2026-09-24,6754,41.5,7102,41.5,41.5,41.5
2026-09-29,6754,41.4,11301,41.4,41.4,41.4
2026-09-30,6754,41.5,13201,41.5,41.5,41.5
2026-10-01,6754,41.0,16320,41.0,41.0,41.0
2026-10-02,6754,41.3,14100,41.3,41.3,41.3
2026-10-05,6754,41.0,67478,41.0,41.0,41.0
2026-09-07,6756,99.9,104953,99.9,99.9,99.9
2026-09-08,6756,98.3,187153,98.3,98.3,98.3
2026-09-09,6756,99.3,124431,99.3,99.3,99.3
2026-09-10,6756,97.9,98227,97.9,97.9,97.9
2026-09-11,6756,96.0,96170,96.0,96.0,96.0
2026-09-14,6756,94.5,66769,94.5,94.5,94.5
2026-09-15,6756,93.8,71459,93.8,93.8,93.8
2026-09-16,6756,95.6,78361,95.6,95.6,95.6
2026-09-17,6756,95.7,127700,95.7,95.7,95.7
2026-09-18,6756,97.8,106010,97.8,97.8,97.8
2026-09-21,6756,97.0,56276,97.0,97.0,97.0
2026-09-22,6756,97.6,69379,97.6,97.6,97.6
2026-09-23,6756,98.5,118270,98.5,98.5,98.5
2026-09-24,6756,97.5,78807,97.5,97.5,97.5
2026-09-29,6756,98.8,79769,98.8,98.8,98.8
2026-09-30,6756,98.7,76342,98.7,98.7,98.7
2026-10-01,6756,98.0,118518,98.0,98.0,98.0
2026-10-02,6756,97.1,91658,97.1,97.1,97.1
2026-10-05,6756,98.2,108968,98.2,98.2,98.2
2026-09-07,6757,55.5,604325,55.5,55.5,55.5
2026-09-08,6757,55.4,288253,55.4,55.4,55.4
2026-09-09,6757,54.9,515170,54.9,54.9,54.9
2026-09-10,6757,54.2,665010,54.2,54.2,54.2
2026-09-11,6757,54.2,652538,54.2,54.2,54.2
2026-09-14,6757,53.9,299330,53.9,53.9,53.9
2026-09-15,6757,52.8,920004,52.8,52.8,52.8
2026-09-16,6757,53.0,624216,53.0,53.0,53.0
2026-09-17,6757,53.4,398011,53.4,53.4,53.4
2026-09-18,6757,54.0,621991,54.0,54.0,54.0
2026-09-21,6757,54.2,258415,54.2,54.2,54.2
2026-09-22,6757,54.3,402531,54.3,54.3,54.3
2026-09-23,6757,54.1,506351,54.1,54.1,54.1
2026-09-24,6757,53.4,485683,53.4,53.4,53.4
2026-09-29,6757,53.4,346431,53.4,53.4,53.4
2026-09-30,6757,54.0,875362,54.0,54.0,54.0
2026-10-01,6757,53.4,331003,53.4,53.4,53.4
2026-10-02,6757,53.4,355033,53.4,53.4,53.4
2026-10-05,6757,53.0,438462,53.0,53.0,53.0
2026-09-07,6768,63.8,284110,63.8,63.8,63.8
2026-09-08,6768,63.7,114582,63.7,63.7,63.7
2026-09-09,6768,63.4,155404,63.4,63.4,63.4
2026-09-10,6768,62.4,491231,62.4,62.4,62.4
2026-09-11,6768,61.5,450923,61.5,61.5,61.5
2026-09-14,6768,61.7,247303,61.7,61.7,61.7
2026-09-15,6768,62.4,241559,62.4,62.4,62.4
2026-09-16,6768,62.0,343833,62.0,62.0,62.0
2026-09-17,6768,62.5,463997,62.5,62.5,62.5
2026-09-18,6768,62.9,157393,62.9,62.9,62.9
2026-09-21,6768,62.4,175546,62.4,62.4,62.4
2026-09-22,6768,62.4,94907,62.4,62.4,62.4
2026-09-23,6768,62.9,163002,62.9,62.9,62.9
2026-09-24,6768,62.8,48690,62.8,62.8,62.8
2026-09-29,6768,62.5,101164,62.5,62.5,62.5
2026-09-30,6768,62.7,88705,62.7,62.7,62.7
2026-10-01,6768,63.3,106131,63.3,63.3,63.3
2026-10-02,6768,63.7,149591,63.7,63.7,63.7
2026-10-05,6768,63.1,156116,63.1,63.1,63.1
2026-09-07,6770,72.9,242829617,72.9,72.9,72.9
2026-09-08,6770,72.4,172801850,72.4,72.4,72.4
2026-09-09,6770,72.4,114261094,72.4,72.4,72.4
2026-09-10,6770,73.5,144134387,73.5,73.5,73.5
2026-09-11,6770,70.7,131561180,70.7,70.7,70.7
2026-09-14,6770,70.7,90532617,70.7,70.7,70.7
2026-09-15,6770,66.9,162022743,66.9,66.9,66.9
2026-09-16,6770,69.9,91880819,69.9,69.9,69.9
2026-09-17,6770,71.2,119460580,71.2,71.2,71.2
2026-09-18,6770,74.0,175587517,74.0,74.0,74.0
2026-09-21,6770,72.7,93490025,72.7,72.7,72.7
2026-09-22,6770,71.8,95975202,71.8,71.8,71.8
2026-09-23,6770,73.1,118630577,73.1,73.1,73.1
2026-09-24,6770,72.0,95567951,72.0,72.0,72.0
2026-09-29,6770,72.3,63341436,72.3,72.3,72.3
2026-09-30,6770,75.3,137017155,75.3,75.3,75.3
2026-10-01,6770,74.5,92791273,74.5,74.5,74.5
2026-10-02,6770,76.5,178851877,76.5,76.5,76.5
2026-10-05,6770,75.8,125964867,75.8,75.8,75.8
2026-09-07,6771,41.8,17013,41.8,41.8,41.8
2026-09-08,6771,41.8,16381,41.8,41.8,41.8
2026-09-09,6771,41.5,28368,41.5,41.5,41.5
2026-09-10,6771,41.7,35050,41.7,41.7,41.7
2026-09-11,6771,41.75,24008,41.75,41.75,41.75
2026-09-14,6771,41.7,4012,41.7,41.7,41.7
2026-09-15,6771,41.7,29291,41.7,41.7,41.7
2026-09-16,6771,42.2,118180,42.2,42.2,42.2
2026-09-17,6771,42.4,68000,42.4,42.4,42.4
2026-09-18,6771,42.4,12000,42.4,42.4,42.4
2026-09-21,6771,42.4,16030,42.4,42.4,42.4
2026-09-22,6771,42.4,25020,42.4,42.4,42.4
2026-09-23,6771,42.0,14000,42.0,42.0,42.0
2026-09-24,6771,42.0,9000,42.0,42.0,42.0
2026-09-29,6771,41.8,20118,41.8,41.8,41.8
2026-09-30,6771,42.6,56644,42.6,42.6,42.6
2026-10-01,6771,43.0,59156,43.0,43.0,43.0
2026-10-02,6771,42.7,47000,42.7,42.7,42.7
2026-10-05,6771,42.5,17070,42.5,42.5,42.5
2026-09-07,6776,53.0,106870,53.0,53.0,53.0
2026-09-08,6776,52.4,86687,52.4,52.4,52.4
2026-09-09,6776,52.7,45356,52.7,52.7,52.7
2026-09-10,6776,52.0,118372,52.0,52.0,52.0
2026-09-11,6776,51.6,111833,51.6,51.6,51.6
2026-09-14,6776,51.6,52821,51.6,51.6,51.6
2026-09-15,6776,51.7,43351,51.7,51.7,51.7
2026-09-16,6776,52.0,38321,52.0,52.0,52.0
2026-09-17,6776,52.0,72174,52.0,52.0,52.0
2026-09-18,6776,52.3,184479,52.3,52.3,52.3
2026-09-21,6776,52.5,46981,52.5,52.5,52.5
2026-09-22,6776,52.4,89542,52.4,52.4,52.4
2026-09-23,6776,52.4,35056,52.4,52.4,52.4
2026-09-24,6776,52.2,63140,52.2,52.2,52.2
2026-09-29,6776,51.9,70436,51.9,51.9,51.9
2026-09-30,6776,52.9,64252,52.9,52.9,52.9
2026-10-01,6776,52.8,60431,52.8,52.8,52.8
2026-10-02,6776,52.7,75109,52.7,52.7,52.7
2026-10-05,6776,52.4,62697,52.4,52.4,52.4
2026-09-07,6781,1080.0,476773,1080.0,1080.0,1080.0
2026-09-08,6781,1065.0,327967,1065.0,1065.0,1065.0
2026-09-09,6781,1065.0,289717,1065.0,1065.0,1065.0
2026-09-10,6781,1030.0,295609,1030.0,1030.0,1030.0
2026-09-11,6781,1005.0,342381,1005.0,1005.0,1005.0
2026-09-14,6781,998.0,242818,998.0,998.0,998.0
2026-09-15,6781,982.0,313842,982.0,982.0,982.0
2026-09-16,6781,1005.0,212301,1005.0,1005.0,1005.0
2026-09-17,6781,996.0,243840,996.0,996.0,996.0
2026-09-18,6781,1010.0,357582,1010.0,1010.0,1010.0
2026-09-21,6781,1010.0,203562,1010.0,1010.0,1010.0
2026-09-22,6781,1015.0,361683,1015.0,1015.0,1015.0
2026-09-23,6781,1015.0,177115,1015.0,1015.0,1015.0
2026-09-24,6781,1005.0,143940,1005.0,1005.0,1005.0
2026-09-29,6781,1010.0,253538,1010.0,1010.0,1010.0
2026-09-30,6781,1020.0,310063,1020.0,1020.0,1020.0
2026-10-01,6781,1025.0,173934,1025.0,1025.0,1025.0
2026-10-02,6781,1025.0,249309,1025.0,1025.0,1025.0
2026-10-05,6781,1050.0,468370,1050.0,1050.0,1050.0
2026-09-07,6782,229.0,313866,229.0,229.0,229.0
2026-09-08,6782,232.5,245971,232.5,232.5,232.5
2026-09-09,6782,235.0,367618,235.0,235.0,235.0
2026-09-10,6782,227.5,210120,227.5,227.5,227.5
2026-09-11,6782,223.5,261263,223.5,223.5,223.5
2026-09-14,6782,227.0,157812,227.0,227.0,227.0
2026-09-15,6782,231.0,195636,231.0,231.0,231.0
2026-09-16,6782,231.5,179167,231.5,231.5,231.5
2026-09-17,6782,249.0,862116,249.0,249.0,249.0
2026-09-18,6782,240.0,450547,240.0,240.0,240.0
2026-09-21,6782,248.0,313938,248.0,248.0,248.0
2026-09-22,6782,237.5,282659,237.5,237.5,237.5
2026-09-23,6782,240.0,272456,240.0,240.0,240.0
2026-09-24,6782,233.5,156032,233.5,233.5,233.5
2026-09-29,6782,234.5,129912,234.5,234.5,234.5
2026-09-30,6782,242.0,228952,242.0,242.0,242.0
2026-10-01,6782,237.5,242118,237.5,237.5,237.5
2026-10-02,6782,236.0,127648,236.0,236.0,236.0
2026-10-05,6782,229.0,220251,229.0,229.0,229.0
2026-09-07,6789,471.0,1105025,471.0,471.0,471.0
2026-09-08,6789,463.0,1140485,463.0,463.0,463.0
2026-09-09,6789,475.5,1376381,475.5,475.5,475.5
2026-09-10,6789,469.5,727353,469.5,469.5,469.5
2026-09-11,6789,446.0,1333966,446.0,446.0,446.0
2026-09-14,6789,436.0,803180,436.0,436.0,436.0
2026-09-15,6789,425.0,756040,425.0,425.0,425.0
2026-09-16,6789,434.0,1068142,434.0,434.0,434.0
2026-09-17,6789,433.5,780066,433.5,433.5,433.5
2026-09-18,6789,459.5,1128975,459.5,459.5,459.5
2026-09-21,6789,458.5,603507,458.5,458.5,458.5
2026-09-22,6789,468.5,2247650,468.5,468.5,468.5
2026-09-23,6789,468.0,884364,468.0,468.0,468.0
2026-09-24,6789,465.5,862427,465.5,465.5,465.5
2026-09-29,6789,478.5,922802,478.5,478.5,478.5
2026-09-30,6789,494.0,2486076,494.0,494.0,494.0
2026-10-01,6789,489.0,1576642,489.0,489.0,489.0
2026-10-02,6789,490.5,1150752,490.5,490.5,490.5
2026-10-05,6789,488.0,1148477,488.0,488.0,488.0
2026-09-07,6790,38.1,62170,38.1,38.1,38.1
2026-09-08,6790,38.0,56131,38.0,38.0,38.0
2026-09-09,6790,37.95,47392,37.95,37.95,37.95
2026-09-10,6790,37.9,80750,37.9,37.9,37.9
2026-09-11,6790,37.8,177608,37.8,37.8,37.8
2026-09-14,6790,37.8,223611,37.8,37.8,37.8
2026-09-15,6790,37.7,46930,37.7,37.7,37.7
2026-09-16,6790,37.65,116940,37.65,37.65,37.65
2026-09-17,6790,38.0,112805,38.0,38.0,38.0
2026-09-18,6790,37.8,109067,37.8,37.8,37.8
2026-09-21,6790,37.85,78406,37.85,37.85,37.85
2026-09-22,6790,37.9,137078,37.9,37.9,37.9
2026-09-23,6790,37.75,98586,37.75,37.75,37.75
2026-09-24,6790,37.7,51018,37.7,37.7,37.7
2026-09-29,6790,37.6,128761,37.6,37.6,37.6
2026-09-30,6790,37.8,57248,37.8,37.8,37.8
2026-10-01,6790,37.65,128014,37.65,37.65,37.65
2026-10-02,6790,37.5,112914,37.5,37.5,37.5
2026-10-05,6790,37.25,161457,37.25,37.25,37.25
2026-09-07,6792,60.2,45380,60.2,60.2,60.2
2026-09-08,6792,60.2,172941,60.2,60.2,60.2
2026-09-09,6792,59.2,73771,59.2,59.2,59.2
2026-09-10,6792,58.6,18011,58.6,58.6,58.6
2026-09-11,6792,57.6,29259,57.6,57.6,57.6
2026-09-14,6792,59.4,29000,59.4,59.4,59.4
2026-09-15,6792,58.7,31000,58.7,58.7,58.7
2026-09-16,6792,58.7,25000,58.7,58.7,58.7
2026-09-17,6792,59.1,21200,59.1,59.1,59.1
2026-09-18,6792,59.4,37096,59.4,59.4,59.4
2026-09-21,6792,59.7,26010,59.7,59.7,59.7
2026-09-22,6792,58.8,44000,58.8,58.8,58.8
2026-09-23,6792,59.1,11005,59.1,59.1,59.1
2026-09-24,6792,58.8,13000,58.8,58.8,58.8
2026-09-29,6792,58.9,21104,58.9,58.9,58.9
2026-09-30,6792,59.6,30112,59.6,59.6,59.6
2026-10-01,6792,59.0,13037,59.0,59.0,59.0
2026-10-02,6792,58.8,44490,58.8,58.8,58.8
2026-10-05,6792,58.5,42020,58.5,58.5,58.5
2026-09-07,6794,75.0,19000,75.0,75.0,75.0
2026-09-08,6794,75.0,9416,75.0,75.0,75.0
2026-09-09,6794,76.5,21010,76.5,76.5,76.5
2026-09-10,6794,76.3,10001,76.3,76.3,76.3
2026-09-11,6794,77.0,12100,77.0,77.0,77.0
2026-09-14,6794,76.5,13000,76.5,76.5,76.5
2026-09-15,6794,76.5,16000,76.5,76.5,76.5
2026-09-16,6794,75.1,18000,75.1,75.1,75.1
2026-09-17,6794,76.0,22065,76.0,76.0,76.0
2026-09-18,6794,75.5,22001,75.5,75.5,75.5
2026-09-21,6794,75.5,14214,75.5,75.5,75.5
2026-09-22,6794,74.2,33101,74.2,74.2,74.2
2026-09-23,6794,75.0,24094,75.0,75.0,75.0
2026-09-24,6794,72.9,38000,72.9,72.9,72.9
2026-09-29,6794,71.8,36010,71.8,71.8,71.8
2026-09-30,6794,71.8,19022,71.8,71.8,71.8
2026-10-01,6794,73.2,20126,73.2,73.2,73.2
2026-10-02,6794,78.9,349167,78.9,78.9,78.9
2026-10-05,6794,76.0,116257,76.0,76.0,76.0
2026-09-07,6796,58.6,224608,58.6,58.6,58.6
2026-09-08,6796,56.8,92371,56.8,56.8,56.8
2026-09-09,6796,55.7,148766,55.7,55.7,55.7
2026-09-10,6796,55.6,47395,55.6,55.6,55.6
2026-09-11,6796,51.7,201536,51.7,51.7,51.7
2026-09-14,6796,50.2,136379,50.2,50.2,50.2
2026-09-15,6796,50.9,43882,50.9,50.9,50.9
2026-09-16,6796,50.2,45604,50.2,50.2,50.2
2026-09-17,6796,50.4,76000,50.4,50.4,50.4
2026-09-18,6796,52.0,39943,52.0,52.0,52.0
2026-09-21,6796,51.3,19404,51.3,51.3,51.3
2026-09-22,6796,50.4,63308,50.4,50.4,50.4
2026-09-23,6796,50.9,24072,50.9,50.9,50.9
2026-09-24,6796,51.4,22998,51.4,51.4,51.4
2026-09-29,6796,51.7,26423,51.7,51.7,51.7
2026-09-30,6796,53.0,26823,53.0,53.0,53.0
2026-10-01,6796,53.1,18544,53.1,53.1,53.1
2026-10-02,6796,57.7,80595,57.7,57.7,57.7
2026-10-05,6796,57.0,70694,57.0,57.0,57.0
2026-09-07,6799,79.6,111209,79.6,79.6,79.6
2026-09-08,6799,78.3,125830,78.3,78.3,78.3
2026-09-09,6799,80.4,126169,80.4,80.4,80.4
2026-09-10,6799,78.8,115992,78.8,78.8,78.8
2026-09-11,6799,78.7,125714,78.7,78.7,78.7
2026-09-14,6799,78.7,104381,78.7,78.7,78.7
2026-09-15,6799,77.5,82153,77.5,77.5,77.5
2026-09-16,6799,78.4,97374,78.4,78.4,78.4
2026-09-17,6799,81.2,274151,81.2,81.2,81.2
2026-09-18,6799,84.1,458506,84.1,84.1,84.1
2026-09-21,6799,83.8,125636,83.8,83.8,83.8
2026-09-22,6799,85.2,554825,85.2,85.2,85.2
2026-09-23,6799,87.8,496570,87.8,87.8,87.8
2026-09-24,6799,86.6,219429,86.6,86.6,86.6
2026-09-29,6799,90.3,744102,90.3,90.3,90.3
2026-09-30,6799,91.7,363126,91.7,91.7,91.7
2026-10-01,6799,92.2,324626,92.2,92.2,92.2
2026-10-02,6799,91.7,286307,91.7,91.7,91.7
2026-10-05,6799,91.8,289267,91.8,91.8,91.8
2026-09-07,6805,2265.0,536333,2265.0,2265.0,2265.0
2026-09-08,6805,2155.0,325778,2155.0,2155.0,2155.0
2026-09-09,6805,2295.0,1576206,2295.0,2295.0,2295.0
2026-09-10,6805,2190.0,1486989,2190.0,2190.0,2190.0
2026-09-11,6805,2150.0,1018040,2150.0,2150.0,2150.0
2026-09-14,6805,2165.0,917127,2165.0,2165.0,2165.0
2026-09-15,6805,2025.0,1303815,2025.0,2025.0,2025.0
2026-09-16,6805,2045.0,1046754,2045.0,2045.0,2045.0
2026-09-17,6805,2090.0,1107601,2090.0,2090.0,2090.0
2026-09-18,6805,2295.0,1519334,2295.0,2295.0,2295.0
2026-09-21,6805,2415.0,2483339,2415.0,2415.0,2415.0
2026-09-22,6805,2500.0,1915047,2500.0,2500.0,2500.0
2026-09-23,6805,2600.0,2550860,2600.0,2600.0,2600.0
2026-09-24,6805,2530.0,1046299,2530.0,2530.0,2530.0
2026-09-29,6805,2515.0,1045620,2515.0,2515.0,2515.0
2026-09-30,6805,2455.0,2379419,2455.0,2455.0,2455.0
2026-10-01,6805,2390.0,2121012,2390.0,2390.0,2390.0
2026-10-02,6805,2310.0,1860964,2310.0,2310.0,2310.0
2026-10-05,6805,2450.0,2557802,2450.0,2450.0,2450.0
2026-09-07,6807,33.75,27231,33.75,33.75,33.75
2026-09-08,6807,33.35,1465,33.35,33.35,33.35
2026-09-09,6807,34.2,6040,34.2,34.2,34.2
2026-09-11,6807,33.45,2000,33.45,33.45,33.45
2026-09-14,6807,33.75,6305,33.75,33.75,33.75
2026-09-15,6807,32.6,2000,32.6,32.6,32.6
2026-09-16,6807,33.0,1083,33.0,33.0,33.0
2026-09-17,6807,32.9,9000,32.9,32.9,32.9
2026-09-18,6807,33.5,3000,33.5,33.5,33.5
2026-09-21,6807,32.5,14000,32.5,32.5,32.5
2026-09-22,6807,32.45,21000,32.45,32.45,32.45
2026-09-23,6807,32.85,8000,32.85,32.85,32.85
2026-09-29,6807,31.9,13913,31.9,31.9,31.9
2026-09-30,6807,32.3,7031,32.3,32.3,32.3
2026-10-01,6807,32.3,15057,32.3,32.3,32.3
2026-10-02,6807,32.05,12000,32.05,32.05,32.05
2026-10-05,6807,32.05,7083,32.05,32.05,32.05
2026-09-07,6830,582.0,1563039,582.0,582.0,582.0
2026-09-08,6830,576.0,2067152,576.0,576.0,576.0
2026-09-09,6830,576.0,1746902,576.0,576.0,576.0
2026-09-10,6830,591.0,1690917,591.0,591.0,591.0
2026-09-11,6830,551.0,1179502,551.0,551.0,551.0
2026-09-14,6830,556.0,1625120,556.0,556.0,556.0
2026-09-15,6830,532.0,1006110,532.0,532.0,532.0
2026-09-16,6830,529.0,1668659,529.0,529.0,529.0
2026-09-17,6830,512.0,1600231,512.0,512.0,512.0
2026-09-18,6830,563.0,2580595,563.0,563.0,563.0
2026-09-21,6830,553.0,2635979,553.0,553.0,553.0
2026-09-22,6830,547.0,1560833,547.0,547.0,547.0
2026-09-23,6830,545.0,799077,545.0,545.0,545.0
2026-09-24,6830,540.0,942448,540.0,540.0,540.0
2026-09-29,6830,533.0,911857,533.0,533.0,533.0
2026-09-30,6830,533.0,749406,533.0,533.0,533.0
2026-10-01,6830,531.0,794025,531.0,531.0,531.0
2026-10-02,6830,547.0,1744163,547.0,547.0,547.0
2026-10-05,6830,550.0,1769211,550.0,550.0,550.0
2026-09-07,6831,568.0,1264644,568.0,568.0,568.0
2026-09-08,6831,560.0,733589,560.0,560.0,560.0
2026-09-09,6831,575.0,917333,575.0,575.0,575.0
2026-09-10,6831,552.0,909200,552.0,552.0,552.0
2026-09-11,6831,567.0,661071,567.0,567.0,567.0
2026-09-14,6831,541.0,780502,541.0,541.0,541.0
2026-09-15,6831,513.0,532270,513.0,513.0,513.0
2026-09-16,6831,525.0,361609,525.0,525.0,525.0
2026-09-17,6831,525.0,341117,525.0,525.0,525.0
2026-09-18,6831,535.0,1950355,535.0,535.0,535.0
2026-09-21,6831,513.0,854155,513.0,513.0,513.0
2026-09-22,6831,512.0,563117,512.0,512.0,512.0
2026-09-23,6831,515.0,483120,515.0,515.0,515.0
2026-09-24,6831,497.5,1166953,497.5,497.5,497.5
2026-09-29,6831,492.0,786787,492.0,492.0,492.0
2026-09-30,6831,471.5,1088907,471.5,471.5,471.5
2026-10-01,6831,474.5,701310,474.5,474.5,474.5
2026-10-02,6831,481.0,609050,481.0,481.0,481.0
2026-10-05,6831,489.0,751784,489.0,489.0,489.0
2026-09-07,6834,97.0,5532933,97.0,97.0,97.0
2026-09-08,6834,98.7,7653879,98.7,98.7,98.7
2026-09-09,6834,101.0,6748749,101.0,101.0,101.0
2026-09-10,6834,105.5,7261240,105.5,105.5,105.5
2026-09-11,6834,108.0,15065804,108.0,108.0,108.0
2026-09-14,6834,98.2,7659329,98.2,98.2,98.2
2026-09-15,6834,97.1,5641078,97.1,97.1,97.1
2026-09-16,6834,100.0,2882279,100.0,100.0,100.0
2026-09-17,6834,101.5,6365386,101.5,101.5,101.5
2026-09-18,6834,110.5,6734855,110.5,110.5,110.5
2026-09-21,6834,115.0,12137974,115.0,115.0,115.0
2026-09-22,6834,111.5,6166638,111.5,111.5,111.5
2026-09-23,6834,113.5,5500627,113.5,113.5,113.5
2026-09-24,6834,116.0,5943310,116.0,116.0,116.0
2026-09-29,6834,112.5,2757804,112.5,112.5,112.5
2026-09-30,6834,109.0,2684385,109.0,109.0,109.0
2026-10-01,6834,119.5,9597928,119.5,119.5,119.5
2026-10-02,6834,131.0,12078273,131.0,131.0,131.0
2026-10-05,6834,125.5,10894293,125.5,125.5,125.5
2026-09-07,6835,31.3,19383,31.3,31.3,31.3
2026-09-08,6835,31.15,38197,31.15,31.15,31.15
2026-09-09,6835,31.1,12088,31.1,31.1,31.1
2026-09-10,6835,31.0,12062,31.0,31.0,31.0
2026-09-11,6835,30.15,37008,30.15,30.15,30.15
2026-09-14,6835,30.1,8295,30.1,30.1,30.1
2026-09-15,6835,30.35,15000,30.35,30.35,30.35
2026-09-16,6835,30.7,15010,30.7,30.7,30.7
2026-09-17,6835,30.75,33442,30.75,30.75,30.75
2026-09-18,6835,30.95,9010,30.95,30.95,30.95
2026-09-21,6835,31.1,20449,31.1,31.1,31.1
2026-09-22,6835,31.75,70544,31.75,31.75,31.75
2026-09-23,6835,31.2,21008,31.2,31.2,31.2
2026-09-24,6835,31.3,20180,31.3,31.3,31.3
2026-09-29,6835,30.9,7241,30.9,30.9,30.9
2026-09-30,6835,31.2,8299,31.2,31.2,31.2
2026-10-01,6835,31.15,14178,31.15,31.15,31.15
2026-10-02,6835,31.1,15294,31.1,31.1,31.1
2026-10-05,6835,32.0,65189,32.0,32.0,32.0
2026-09-07,6838,24.7,131061,24.7,24.7,24.7
2026-09-08,6838,23.95,88065,23.95,23.95,23.95
2026-09-09,6838,23.95,90360,23.95,23.95,23.95
2026-09-10,6838,23.9,147319,23.9,23.9,23.9
2026-09-11,6838,23.6,90902,23.6,23.6,23.6
2026-09-14,6838,23.4,51525,23.4,23.4,23.4
2026-09-15,6838,23.35,72365,23.35,23.35,23.35
2026-09-16,6838,23.65,79818,23.65,23.65,23.65
2026-09-17,6838,24.2,204170,24.2,24.2,24.2
2026-09-18,6838,23.65,213041,23.65,23.65,23.65
2026-09-21,6838,23.9,94890,23.9,23.9,23.9
2026-09-22,6838,23.9,63089,23.9,23.9,23.9
2026-09-23,6838,26.25,889639,26.25,26.25,26.25
2026-09-24,6838,25.5,603017,25.5,25.5,25.5
2026-09-29,6838,25.65,274766,25.65,25.65,25.65
2026-09-30,6838,25.8,135088,25.8,25.8,25.8
2026-10-01,6838,25.8,149573,25.8,25.8,25.8
2026-10-02,6838,25.3,204255,25.3,25.3,25.3
2026-10-05,6838,25.3,183512,25.3,25.3,25.3
2026-09-07,6854,95.1,191038,95.1,95.1,95.1
2026-09-08,6854,91.0,203238,91.0,91.0,91.0
2026-09-09,6854,90.6,150939,90.6,90.6,90.6
2026-09-10,6854,89.6,199477,89.6,89.6,89.6
2026-09-11,6854,89.1,167594,89.1,89.1,89.1
2026-09-14,6854,89.2,77672,89.2,89.2,89.2
2026-09-15,6854,87.4,212464,87.4,87.4,87.4
2026-09-16,6854,89.2,158660,89.2,89.2,89.2
2026-09-17,6854,89.0,102356,89.0,89.0,89.0
2026-09-18,6854,93.6,328461,93.6,93.6,93.6
2026-09-21,6854,92.9,143806,92.9,92.9,92.9
2026-09-22,6854,93.7,190611,93.7,93.7,93.7
2026-09-23,6854,92.6,207381,92.6,92.6,92.6
2026-09-24,6854,91.4,153317,91.4,91.4,91.4
2026-09-29,6854,91.0,88099,91.0,91.0,91.0
2026-09-30,6854,93.3,228806,93.3,93.3,93.3
2026-10-01,6854,93.7,209199,93.7,93.7,93.7
2026-10-02,6854,94.9,189703,94.9,94.9,94.9
2026-10-05,6854,93.0,186553,93.0,93.0,93.0
2026-09-07,6861,186.5,252842,186.5,186.5,186.5
2026-09-08,6861,195.5,1596997,195.5,195.5,195.5
2026-09-09,6861,185.5,969831,185.5,185.5,185.5
2026-09-10,6861,204.0,1493423,204.0,204.0,204.0
2026-09-11,6861,214.5,3995263,214.5,214.5,214.5
2026-09-14,6861,235.5,1105031,235.5,235.5,235.5
2026-09-15,6861,228.0,3944720,228.0,228.0,228.0
2026-09-16,6861,223.0,2650095,223.0,223.0,223.0
2026-09-17,6861,209.0,2357371,209.0,209.0,209.0
2026-09-18,6861,229.5,1451647,229.5,229.5,229.5
2026-09-21,6861,246.0,4377975,246.0,246.0,246.0
2026-09-22,6861,267.0,5402990,267.0,267.0,267.0
2026-09-23,6861,273.0,5900806,273.0,273.0,273.0
2026-09-24,6861,279.5,4029976,279.5,279.5,279.5
2026-09-29,6861,285.0,2318339,285.0,285.0,285.0
2026-09-30,6861,313.5,2023999,313.5,313.5,313.5
2026-10-01,6861,292.0,5529447,292.0,292.0,292.0
2026-10-02,6861,296.0,1565281,296.0,296.0,296.0
2026-10-05,6861,295.5,1986467,295.5,295.5,295.5
2026-09-07,6862,140.5,111654,140.5,140.5,140.5
2026-09-08,6862,138.0,90162,138.0,138.0,138.0
2026-09-09,6862,136.5,114058,136.5,136.5,136.5
2026-09-10,6862,134.0,101319,134.0,134.0,134.0
2026-09-11,6862,133.0,122789,133.0,133.0,133.0
2026-09-14,6862,132.0,70368,132.0,132.0,132.0
2026-09-15,6862,130.0,138260,130.0,130.0,130.0
2026-09-16,6862,131.5,91400,131.5,131.5,131.5
2026-09-17,6862,130.0,104147,130.0,130.0,130.0
2026-09-18,6862,131.0,63849,131.0,131.0,131.0
2026-09-21,6862,144.0,298253,144.0,144.0,144.0
2026-09-22,6862,138.5,407929,138.5,138.5,138.5
2026-09-23,6862,139.5,148506,139.5,139.5,139.5
2026-09-24,6862,139.0,49026,139.0,139.0,139.0
2026-09-29,6862,138.0,40327,138.0,138.0,138.0
2026-09-30,6862,138.0,78777,138.0,138.0,138.0
2026-10-01,6862,142.0,341341,142.0,142.0,142.0
2026-10-02,6862,142.0,205387,142.0,142.0,142.0
2026-10-05,6862,140.5,138253,140.5,140.5,140.5
2026-09-07,6863,103.5,61309,103.5,103.5,103.5
2026-09-08,6863,101.0,61257,101.0,101.0,101.0
2026-09-09,6863,99.9,81879,99.9,99.9,99.9
2026-09-10,6863,99.2,54908,99.2,99.2,99.2
2026-09-11,6863,91.2,332673,91.2,91.2,91.2
2026-09-14,6863,92.9,127991,92.9,92.9,92.9
2026-09-15,6863,92.9,109926,92.9,92.9,92.9
2026-09-16,6863,92.7,70206,92.7,92.7,92.7
2026-09-17,6863,94.5,100289,94.5,94.5,94.5
2026-09-18,6863,94.5,136495,94.5,94.5,94.5
2026-09-21,6863,98.3,85176,98.3,98.3,98.3
2026-09-22,6863,97.6,94048,97.6,97.6,97.6
2026-09-23,6863,98.0,47691,98.0,98.0,98.0
2026-09-24,6863,97.3,50850,97.3,97.3,97.3
2026-09-29,6863,96.2,35979,96.2,96.2,96.2
2026-09-30,6863,95.3,104641,95.3,95.3,95.3
2026-10-01,6863,95.5,53107,95.5,95.5,95.5
2026-10-02,6863,96.0,66376,96.0,96.0,96.0
2026-10-05,6863,96.1,43156,96.1,96.1,96.1
2026-09-07,6869,65.0,208721,65.0,65.0,65.0
2026-09-08,6869,64.1,223942,64.1,64.1,64.1
2026-09-09,6869,64.2,166460,64.2,64.2,64.2
2026-09-10,6869,63.5,303749,63.5,63.5,63.5
2026-09-11,6869,63.5,374122,63.5,63.5,63.5
2026-09-14,6869,63.5,178257,63.5,63.5,63.5
2026-09-15,6869,63.5,325886,63.5,63.5,63.5
2026-09-16,6869,64.8,242869,64.8,64.8,64.8
2026-09-17,6869,68.0,769876,68.0,68.0,68.0
2026-09-18,6869,68.1,667113,68.1,68.1,68.1
2026-09-21,6869,69.3,547419,69.3,69.3,69.3
2026-09-22,6869,69.5,676178,69.5,69.5,69.5
2026-09-23,6869,71.0,1115215,71.0,71.0,71.0
2026-09-24,6869,69.5,371509,69.5,69.5,69.5
2026-09-29,6869,70.9,457988,70.9,70.9,70.9
2026-09-30,6869,71.9,377186,71.9,71.9,71.9
2026-10-01,6869,69.4,491626,69.4,69.4,69.4
2026-10-02,6869,70.5,421697,70.5,70.5,70.5
2026-10-05,6869,68.6,474875,68.6,68.6,68.6
2026-09-07,6873,68.6,110959,68.6,68.6,68.6
2026-09-08,6873,68.3,126843,68.3,68.3,68.3
2026-09-09,6873,68.8,162056,68.8,68.8,68.8
2026-09-10,6873,69.1,206601,69.1,69.1,69.1
2026-09-11,6873,68.1,207982,68.1,68.1,68.1
2026-09-14,6873,68.0,210754,68.0,68.0,68.0
2026-09-15,6873,67.1,156299,67.1,67.1,67.1
2026-09-16,6873,67.1,191004,67.1,67.1,67.1
2026-09-17,6873,69.4,287814,69.4,69.4,69.4
2026-09-18,6873,70.1,394047,70.1,70.1,70.1
2026-09-21,6873,69.4,348982,69.4,69.4,69.4
2026-09-22,6873,69.1,274996,69.1,69.1,69.1
2026-09-23,6873,69.5,419948,69.5,69.5,69.5
2026-09-24,6873,67.9,226797,67.9,67.9,67.9
2026-09-29,6873,67.9,133311,67.9,67.9,67.9
2026-09-30,6873,68.4,145527,68.4,68.4,68.4
2026-10-01,6873,67.9,192440,67.9,67.9,67.9
2026-10-02,6873,67.5,203315,67.5,67.5,67.5
2026-10-05,6873,65.9,466356,65.9,65.9,65.9
2026-09-07,6885,25.15,1286251,25.15,25.15,25.15
2026-09-08,6885,25.35,559479,25.35,25.35,25.35
2026-09-09,6885,26.65,638411,26.65,26.65,26.65
2026-09-10,6885,26.25,719343,26.25,26.25,26.25
2026-09-11,6885,27.1,1574997,27.1,27.1,27.1
2026-09-14,6885,27.6,939721,27.6,27.6,27.6
2026-09-15,6885,26.6,578526,26.6,26.6,26.6
2026-09-16,6885,27.2,763093,27.2,27.2,27.2
2026-09-17,6885,29.5,2011633,29.5,29.5,29.5
2026-09-18,6885,31.6,1962009,31.6,31.6,31.6
2026-09-21,6885,31.5,3001983,31.5,31.5,31.5
2026-09-22,6885,29.7,1906847,29.7,29.7,29.7
2026-09-23,6885,30.25,1898379,30.25,30.25,30.25
2026-09-24,6885,31.15,1319077,31.15,31.15,31.15
2026-09-29,6885,31.0,1297844,31.0,31.0,31.0
2026-09-30,6885,32.0,1025210,32.0,32.0,32.0
2026-10-01,6885,31.5,728383,31.5,31.5,31.5
2026-10-02,6885,30.4,883614,30.4,30.4,30.4
2026-10-05,6885,29.3,1129632,29.3,29.3,29.3
2026-09-07,6887,37.95,15000,37.95,37.95,37.95
2026-09-08,6887,37.75,13690,37.75,37.75,37.75
2026-09-09,6887,38.0,18000,38.0,38.0,38.0
2026-09-10,6887,36.9,42227,36.9,36.9,36.9
2026-09-11,6887,37.35,10000,37.35,37.35,37.35
2026-09-14,6887,38.2,31220,38.2,38.2,38.2
2026-09-15,6887,37.15,19010,37.15,37.15,37.15
2026-09-16,6887,37.05,10000,37.05,37.05,37.05
2026-09-17,6887,38.3,13000,38.3,38.3,38.3
2026-09-18,6887,38.9,16000,38.9,38.9,38.9
2026-09-21,6887,38.9,18033,38.9,38.9,38.9
2026-09-22,6887,39.0,16000,39.0,39.0,39.0
2026-09-23,6887,38.3,12002,38.3,38.3,38.3
2026-09-24,6887,38.95,10000,38.95,38.95,38.95
2026-09-29,6887,38.1,17108,38.1,38.1,38.1
2026-09-30,6887,38.1,39319,38.1,38.1,38.1
2026-10-01,6887,37.95,10317,37.95,37.95,37.95
2026-10-02,6887,38.9,18080,38.9,38.9,38.9
2026-10-05,6887,37.55,76415,37.55,37.55,37.55
2026-09-07,6890,166.0,265521,166.0,166.0,166.0
2026-09-08,6890,162.0,327605,162.0,162.0,162.0
2026-09-09,6890,157.0,511041,157.0,157.0,157.0
2026-09-10,6890,154.0,192253,154.0,154.0,154.0
2026-09-11,6890,150.0,284239,150.0,150.0,150.0
2026-09-14,6890,147.5,242749,147.5,147.5,147.5
2026-09-15,6890,148.5,157125,148.5,148.5,148.5
2026-09-16,6890,146.0,205622,146.0,146.0,146.0
2026-09-17,6890,147.5,203250,147.5,147.5,147.5
2026-09-18,6890,149.0,226293,149.0,149.0,149.0
2026-09-21,6890,146.0,195215,146.0,146.0,146.0
2026-09-22,6890,148.5,139203,148.5,148.5,148.5
2026-09-23,6890,148.5,76844,148.5,148.5,148.5
2026-09-24,6890,146.5,140614,146.5,146.5,146.5
2026-09-29,6890,147.0,86198,147.0,147.0,147.0
2026-09-30,6890,148.0,66816,148.0,148.0,148.0
2026-10-01,6890,148.5,152759,148.5,148.5,148.5
2026-10-02,6890,147.0,149846,147.0,147.0,147.0
2026-10-05,6890,147.0,87163,147.0,147.0,147.0
2026-09-07,6901,14.95,1134896,14.95,14.95,14.95
2026-09-08,6901,15.25,977186,15.25,15.25,15.25
2026-09-09,6901,15.1,730811,15.1,15.1,15.1
2026-09-10,6901,15.0,574748,15.0,15.0,15.0
2026-09-11,6901,14.75,788528,14.75,14.75,14.75
2026-09-14,6901,15.05,746786,15.05,15.05,15.05
2026-09-15,6901,15.1,530157,15.1,15.1,15.1
2026-09-16,6901,15.2,658792,15.2,15.2,15.2
2026-09-17,6901,15.5,826908,15.5,15.5,15.5
2026-09-18,6901,15.45,1236322,15.45,15.45,15.45
2026-09-21,6901,15.5,719877,15.5,15.5,15.5
2026-09-22,6901,15.35,697124,15.35,15.35,15.35
2026-09-23,6901,15.75,1534735,15.75,15.75,15.75
2026-09-24,6901,15.7,1233148,15.7,15.7,15.7
2026-09-29,6901,17.25,4821111,17.25,17.25,17.25
2026-09-30,6901,16.85,5739727,16.85,16.85,16.85
2026-10-01,6901,16.65,2764815,16.65,16.65,16.65
2026-10-02,6901,17.0,1721017,17.0,17.0,17.0
2026-10-05,6901,18.0,6644376,18.0,18.0,18.0
2026-09-07,6902,126.0,81398,126.0,126.0,126.0
2026-09-08,6902,127.0,58118,127.0,127.0,127.0
2026-09-09,6902,128.0,54901,128.0,128.0,128.0
2026-09-10,6902,126.5,68501,126.5,126.5,126.5
2026-09-11,6902,121.0,86586,121.0,121.0,121.0
2026-09-14,6902,124.0,58430,124.0,124.0,124.0
2026-09-15,6902,124.5,65270,124.5,124.5,124.5
2026-09-16,6902,125.5,22478,125.5,125.5,125.5
2026-09-17,6902,128.5,117869,128.5,128.5,128.5
2026-09-18,6902,141.0,924702,141.0,141.0,141.0
2026-09-21,6902,155.0,317546,155.0,155.0,155.0
2026-09-22,6902,169.5,2984863,169.5,169.5,169.5
2026-09-23,6902,168.5,1344254,168.5,168.5,168.5
2026-09-24,6902,176.5,1144665,176.5,176.5,176.5
2026-09-29,6902,162.5,739617,162.5,162.5,162.5
2026-09-30,6902,159.0,556230,159.0,159.0,159.0
2026-10-01,6902,155.0,390751,155.0,155.0,155.0
2026-10-02,6902,150.0,473649,150.0,150.0,150.0
2026-10-05,6902,147.5,424338,147.5,147.5,147.5
2026-09-07,6906,86.5,450562,86.5,86.5,86.5
2026-09-08,6906,81.9,168082,81.9,81.9,81.9
2026-09-09,6906,81.2,74249,81.2,81.2,81.2
2026-09-10,6906,83.0,86267,83.0,83.0,83.0
2026-09-11,6906,80.7,21258,80.7,80.7,80.7
2026-09-14,6906,83.0,51003,83.0,83.0,83.0
2026-09-15,6906,83.0,24704,83.0,83.0,83.0
2026-09-16,6906,81.8,20718,81.8,81.8,81.8
2026-09-17,6906,81.7,25317,81.7,81.7,81.7
2026-09-18,6906,84.4,54417,84.4,84.4,84.4
2026-09-21,6906,80.0,140863,80.0,80.0,80.0
2026-09-22,6906,82.8,63395,82.8,82.8,82.8
2026-09-23,6906,81.9,29266,81.9,81.9,81.9
2026-09-24,6906,83.0,47047,83.0,83.0,83.0
2026-09-29,6906,83.7,27331,83.7,83.7,83.7
2026-09-30,6906,83.6,51103,83.6,83.6,83.6
2026-10-01,6906,84.0,41424,84.0,84.0,84.0
2026-10-02,6906,83.7,27775,83.7,83.7,83.7
2026-10-05,6906,82.7,40786,82.7,82.7,82.7
2026-09-07,6908,30.1,20365,30.1,30.1,30.1
2026-09-08,6908,30.4,17372,30.4,30.4,30.4
2026-09-09,6908,30.1,21333,30.1,30.1,30.1
2026-09-10,6908,30.2,8000,30.2,30.2,30.2
2026-09-11,6908,29.95,4000,29.95,29.95,29.95
2026-09-14,6908,30.85,3000,30.85,30.85,30.85
2026-09-15,6908,30.1,9040,30.1,30.1,30.1
2026-09-16,6908,30.1,6200,30.1,30.1,30.1
2026-09-17,6908,30.2,13100,30.2,30.2,30.2
2026-09-18,6908,30.0,15000,30.0,30.0,30.0
2026-09-21,6908,29.8,13507,29.8,29.8,29.8
2026-09-22,6908,29.6,27521,29.6,29.6,29.6
2026-09-23,6908,29.7,2018,29.7,29.7,29.7
2026-09-24,6908,30.0,12062,30.0,30.0,30.0
2026-09-29,6908,27.05,262835,27.05,27.05,27.05
2026-09-30,6908,26.65,110917,26.65,26.65,26.65
2026-10-01,6908,27.5,174332,27.5,27.5,27.5
2026-10-02,6908,26.9,84727,26.9,26.9,26.9
2026-10-05,6908,26.55,53545,26.55,26.55,26.55
2026-09-07,6909,40.1,150095,40.1,40.1,40.1
2026-09-08,6909,39.95,155372,39.95,39.95,39.95
2026-09-09,6909,40.05,176458,40.05,40.05,40.05
2026-09-10,6909,39.95,179240,39.95,39.95,39.95
2026-09-11,6909,43.9,818553,43.9,43.9,43.9
2026-09-14,6909,41.8,1773620,41.8,41.8,41.8
2026-09-15,6909,40.35,379125,40.35,40.35,40.35
2026-09-16,6909,41.7,331575,41.7,41.7,41.7
2026-09-17,6909,41.7,294635,41.7,41.7,41.7
2026-09-18,6909,42.15,464983,42.15,42.15,42.15
2026-09-21,6909,42.85,466383,42.85,42.85,42.85
2026-09-22,6909,41.9,328170,41.9,41.9,41.9
2026-09-23,6909,41.45,173704,41.45,41.45,41.45
2026-09-24,6909,41.5,167616,41.5,41.5,41.5
2026-09-29,6909,41.95,261738,41.95,41.95,41.95
2026-09-30,6909,42.85,242662,42.85,42.85,42.85
2026-10-01,6909,42.75,159114,42.75,42.75,42.75
2026-10-02,6909,44.35,818121,44.35,44.35,44.35
2026-10-05,6909,43.95,513961,43.95,43.95,43.95
2026-09-07,6914,121.0,56667,121.0,121.0,121.0
2026-09-08,6914,120.5,37298,120.5,120.5,120.5
2026-09-09,6914,121.0,27624,121.0,121.0,121.0
2026-09-10,6914,121.0,10106,121.0,121.0,121.0
2026-09-11,6914,120.0,39143,120.0,120.0,120.0
2026-09-14,6914,120.0,112104,120.0,120.0,120.0
2026-09-15,6914,119.5,35104,119.5,119.5,119.5
2026-09-16,6914,119.5,20767,119.5,119.5,119.5
2026-09-17,6914,121.5,55970,121.5,121.5,121.5
2026-09-18,6914,121.5,47461,121.5,121.5,121.5
2026-09-21,6914,121.0,14228,121.0,121.0,121.0
2026-09-22,6914,120.5,22862,120.5,120.5,120.5
2026-09-23,6914,120.5,36227,120.5,120.5,120.5
2026-09-24,6914,120.5,20655,120.5,120.5,120.5
2026-09-29,6914,119.5,43637,119.5,119.5,119.5
2026-09-30,6914,119.0,84330,119.0,119.0,119.0
2026-10-01,6914,118.0,75504,118.0,118.0,118.0
2026-10-02,6914,118.5,64481,118.5,118.5,118.5
2026-10-05,6914,118.5,135409,118.5,118.5,118.5
2026-09-07,6916,18.55,13229,18.55,18.55,18.55
2026-09-08,6916,18.8,175733,18.8,18.8,18.8
2026-09-09,6916,19.05,31550,19.05,19.05,19.05
2026-09-10,6916,18.85,12034,18.85,18.85,18.85
2026-09-11,6916,18.5,11001,18.5,18.5,18.5
2026-09-14,6916,18.15,25000,18.15,18.15,18.15
2026-09-15,6916,17.95,31000,17.95,17.95,17.95
2026-09-16,6916,18.0,24007,18.0,18.0,18.0
2026-09-17,6916,18.1,14000,18.1,18.1,18.1
2026-09-18,6916,18.55,13000,18.55,18.55,18.55
2026-09-21,6916,18.1,21000,18.1,18.1,18.1
2026-09-22,6916,18.15,25101,18.15,18.15,18.15
2026-09-23,6916,18.1,17216,18.1,18.1,18.1
2026-09-24,6916,18.3,15210,18.3,18.3,18.3
2026-09-29,6916,18.45,36717,18.45,18.45,18.45
2026-09-30,6916,18.7,35000,18.7,18.7,18.7
2026-10-01,6916,18.5,13150,18.5,18.5,18.5
2026-10-02,6916,18.8,26587,18.8,18.8,18.8
2026-10-05,6916,19.05,75172,19.05,19.05,19.05
2026-09-07,6918,78.0,18256,78.0,78.0,78.0
2026-09-08,6918,77.5,35708,77.5,77.5,77.5
2026-09-09,6918,77.4,22044,77.4,77.4,77.4
2026-09-10,6918,74.7,111046,74.7,74.7,74.7
2026-09-11,6918,72.9,64770,72.9,72.9,72.9
2026-09-14,6918,73.1,36100,73.1,73.1,73.1
2026-09-15,6918,73.5,3200,73.5,73.5,73.5
2026-09-16,6918,74.0,9050,74.0,74.0,74.0
2026-09-17,6918,74.9,25002,74.9,74.9,74.9
2026-09-18,6918,75.2,4002,75.2,75.2,75.2
2026-09-21,6918,75.0,2053,75.0,75.0,75.0
2026-09-22,6918,74.8,5153,74.8,74.8,74.8
2026-09-23,6918,75.1,24028,75.1,75.1,75.1
2026-09-24,6918,74.2,16115,74.2,74.2,74.2
2026-09-29,6918,74.0,277687,74.0,74.0,74.0
2026-09-30,6918,74.3,12045,74.3,74.3,74.3
2026-10-01,6918,73.9,31233,73.9,73.9,73.9
2026-10-02,6918,73.6,21329,73.6,73.6,73.6
2026-10-05,6918,73.8,26050,73.8,73.8,73.8
2026-09-07,6919,85.2,4358520,85.2,85.2,85.2
2026-09-08,6919,81.6,7796917,81.6,81.6,81.6
2026-09-09,6919,82.4,5051469,82.4,82.4,82.4
2026-09-10,6919,85.6,13731804,85.6,85.6,85.6
2026-09-11,6919,79.5,8422562,79.5,79.5,79.5
2026-09-14,6919,79.3,2862127,79.3,79.3,79.3
2026-09-15,6919,79.9,4142059,79.9,79.9,79.9
2026-09-16,6919,81.6,4166800,81.6,81.6,81.6
2026-09-17,6919,82.9,2593148,82.9,82.9,82.9
2026-09-18,6919,85.8,6464359,85.8,85.8,85.8
2026-09-21,6919,83.1,6857975,83.1,83.1,83.1
2026-09-22,6919,82.6,8245884,82.6,82.6,82.6
2026-09-23,6919,80.6,5166903,80.6,80.6,80.6
2026-09-24,6919,80.1,3951337,80.1,80.1,80.1
2026-09-29,6919,79.5,3299496,79.5,79.5,79.5
2026-09-30,6919,79.0,5214982,79.0,79.0,79.0
2026-10-01,6919,79.1,2747160,79.1,79.1,79.1
2026-10-02,6919,79.9,3635766,79.9,79.9,79.9
2026-10-05,6919,78.8,3565795,78.8,78.8,78.8
2026-09-07,6921,64.0,38100,64.0,64.0,64.0
2026-09-08,6921,62.9,9515,62.9,62.9,62.9
2026-09-09,6921,63.9,2257,63.9,63.9,63.9
2026-09-10,6921,63.0,1000,63.0,63.0,63.0
2026-09-11,6921,61.0,7000,61.0,61.0,61.0
2026-09-14,6921,61.0,6000,61.0,61.0,61.0
2026-09-15,6921,59.9,15000,59.9,59.9,59.9
2026-09-16,6921,59.7,8226,59.7,59.7,59.7
2026-09-17,6921,60.6,11435,60.6,60.6,60.6
2026-09-18,6921,63.6,2059,63.6,63.6,63.6
2026-09-21,6921,69.8,89772,69.8,69.8,69.8
2026-09-22,6921,68.0,15001,68.0,68.0,68.0
2026-09-23,6921,64.9,37533,64.9,64.9,64.9
2026-09-24,6921,63.9,36100,63.9,63.9,63.9
2026-09-29,6921,67.0,27012,67.0,67.0,67.0
2026-09-30,6921,68.0,51043,68.0,68.0,68.0
2026-10-01,6921,66.4,11000,66.4,66.4,66.4
2026-10-02,6921,66.0,18000,66.0,66.0,66.0
2026-10-05,6921,66.0,13015,66.0,66.0,66.0
2026-09-07,6923,76.6,33780,76.6,76.6,76.6
2026-09-08,6923,76.4,27811,76.4,76.4,76.4
2026-09-09,6923,76.4,36181,76.4,76.4,76.4
2026-09-10,6923,76.5,24147,76.5,76.5,76.5
2026-09-11,6923,76.3,54408,76.3,76.3,76.3
2026-09-14,6923,75.7,34795,75.7,75.7,75.7
2026-09-15,6923,76.0,61698,76.0,76.0,76.0
2026-09-16,6923,75.6,26388,75.6,75.6,75.6
2026-09-17,6923,76.0,42312,76.0,76.0,76.0
2026-09-18,6923,76.9,305560,76.9,76.9,76.9
2026-09-21,6923,76.8,76257,76.8,76.8,76.8
2026-09-22,6923,76.1,48178,76.1,76.1,76.1
2026-09-23,6923,76.7,96115,76.7,76.7,76.7
2026-09-24,6923,75.9,62772,75.9,75.9,75.9
2026-09-29,6923,74.8,57356,74.8,74.8,74.8
2026-09-30,6923,75.2,47949,75.2,75.2,75.2
2026-10-01,6923,75.0,39363,75.0,75.0,75.0
2026-10-02,6923,74.6,37762,74.6,74.6,74.6
2026-10-05,6923,73.5,81625,73.5,73.5,73.5
2026-09-07,6924,125.0,219941,125.0,125.0,125.0
2026-09-08,6924,125.5,46988,125.5,125.5,125.5
2026-09-09,6924,125.5,13360,125.5,125.5,125.5
2026-09-10,6924,129.0,31905,129.0,129.0,129.0
2026-09-11,6924,141.5,77998,141.5,141.5,141.5
2026-09-14,6924,142.5,116184,142.5,142.5,142.5
2026-09-15,6924,128.0,76567,128.0,128.0,128.0
2026-09-16,6924,135.0,54589,135.0,135.0,135.0
2026-09-17,6924,132.0,48987,132.0,132.0,132.0
2026-09-18,6924,134.5,26118,134.5,134.5,134.5
2026-09-21,6924,133.5,16268,133.5,133.5,133.5
2026-09-22,6924,135.0,35321,135.0,135.0,135.0
2026-09-23,6924,136.0,15463,136.0,136.0,136.0
2026-09-24,6924,134.0,19247,134.0,134.0,134.0
2026-09-29,6924,135.0,11462,135.0,135.0,135.0
2026-09-30,6924,135.0,25372,135.0,135.0,135.0
2026-10-01,6924,134.0,20234,134.0,134.0,134.0
2026-10-02,6924,133.5,12000,133.5,133.5,133.5
2026-10-05,6924,132.5,29180,132.5,132.5,132.5
2026-09-07,6928,47.9,101588,47.9,47.9,47.9
2026-09-08,6928,48.0,46300,48.0,48.0,48.0
2026-09-09,6928,48.3,19933,48.3,48.3,48.3
2026-09-10,6928,47.85,30746,47.85,47.85,47.85
2026-09-11,6928,46.05,75963,46.05,46.05,46.05
2026-09-14,6928,47.0,41187,47.0,47.0,47.0
2026-09-15,6928,45.5,51460,45.5,45.5,45.5
2026-09-16,6928,46.7,50047,46.7,46.7,46.7
2026-09-17,6928,46.9,47293,46.9,46.9,46.9
2026-09-18,6928,47.15,105359,47.15,47.15,47.15
2026-09-21,6928,47.2,35555,47.2,47.2,47.2
2026-09-22,6928,46.0,41912,46.0,46.0,46.0
2026-09-23,6928,46.0,16287,46.0,46.0,46.0
2026-09-24,6928,45.4,31556,45.4,45.4,45.4
2026-09-29,6928,45.5,29926,45.5,45.5,45.5
2026-09-30,6928,46.0,38980,46.0,46.0,46.0
2026-10-01,6928,46.5,57589,46.5,46.5,46.5
2026-10-02,6928,45.85,38231,45.85,45.85,45.85
2026-10-05,6928,45.7,93762,45.7,45.7,45.7
2026-09-07,6931,41.0,28032,41.0,41.0,41.0
2026-09-08,6931,40.65,40054,40.65,40.65,40.65
2026-09-09,6931,40.3,17607,40.3,40.3,40.3
2026-09-10,6931,39.4,49700,39.4,39.4,39.4
2026-09-11,6931,39.3,53627,39.3,39.3,39.3
2026-09-14,6931,40.0,85548,40.0,40.0,40.0
2026-09-15,6931,39.5,24728,39.5,39.5,39.5
2026-09-16,6931,39.3,29310,39.3,39.3,39.3
2026-09-17,6931,39.3,37008,39.3,39.3,39.3
2026-09-18,6931,39.2,54099,39.2,39.2,39.2
2026-09-21,6931,39.1,56040,39.1,39.1,39.1
2026-09-22,6931,39.0,70856,39.0,39.0,39.0
2026-09-23,6931,38.8,34206,38.8,38.8,38.8
2026-09-24,6931,38.75,20182,38.75,38.75,38.75
2026-09-29,6931,38.75,45371,38.75,38.75,38.75
2026-09-30,6931,38.9,24293,38.9,38.9,38.9
2026-10-01,6931,38.9,34220,38.9,38.9,38.9
2026-10-02,6931,38.4,48975,38.4,38.4,38.4
2026-10-05,6931,38.05,53051,38.05,38.05,38.05
2026-09-07,6933,313.0,404357,313.0,313.0,313.0
2026-09-08,6933,317.5,345717,317.5,317.5,317.5
2026-09-09,6933,338.0,562921,338.0,338.0,338.0
2026-09-10,6933,336.0,510177,336.0,336.0,336.0
2026-09-11,6933,320.0,493403,320.0,320.0,320.0
2026-09-14,6933,305.5,1977486,305.5,305.5,305.5
2026-09-15,6933,286.0,1753249,286.0,286.0,286.0
2026-09-16,6933,314.5,932211,314.5,314.5,314.5
2026-09-17,6933,345.5,2860719,345.5,345.5,345.5
2026-09-18,6933,342.0,3660865,342.0,342.0,342.0
2026-09-21,6933,317.5,1620072,317.5,317.5,317.5
2026-09-22,6933,318.5,1197818,318.5,318.5,318.5
2026-09-23,6933,350.0,1318689,350.0,350.0,350.0
2026-09-24,6933,385.0,6076267,385.0,385.0,385.0
2026-09-29,6933,378.0,4137444,378.0,378.0,378.0
2026-09-30,6933,371.0,2429689,371.0,371.0,371.0
2026-10-01,6933,394.5,3166449,394.5,394.5,394.5
2026-10-02,6933,379.0,3286200,379.0,379.0,379.0
2026-10-05,6933,384.0,2154273,384.0,384.0,384.0
2026-09-07,6934,77.6,91308,77.6,77.6,77.6
2026-09-08,6934,76.8,34449,76.8,76.8,76.8
2026-09-09,6934,76.7,16550,76.7,76.7,76.7
2026-09-10,6934,76.4,21005,76.4,76.4,76.4
2026-09-11,6934,75.1,24339,75.1,75.1,75.1
2026-09-14,6934,73.1,41714,73.1,73.1,73.1
2026-09-15,6934,72.3,29650,72.3,72.3,72.3
2026-09-16,6934,73.3,26163,73.3,73.3,73.3
2026-09-17,6934,75.5,32000,75.5,75.5,75.5
2026-09-18,6934,76.8,191143,76.8,76.8,76.8
2026-09-21,6934,73.1,154259,73.1,73.1,73.1
2026-09-22,6934,73.0,118272,73.0,73.0,73.0
2026-09-23,6934,74.5,96100,74.5,74.5,74.5
2026-09-24,6934,75.5,60109,75.5,75.5,75.5
2026-09-29,6934,76.1,42232,76.1,76.1,76.1
2026-09-30,6934,75.3,56001,75.3,75.3,75.3
2026-10-01,6934,75.2,54048,75.2,75.2,75.2
2026-10-02,6934,73.9,101215,73.9,73.9,73.9
2026-10-05,6934,74.4,91257,74.4,74.4,74.4
2026-09-07,6936,32.9,13725,32.9,32.9,32.9
2026-09-08,6936,32.8,16006,32.8,32.8,32.8
2026-09-09,6936,32.7,23156,32.7,32.7,32.7
2026-09-10,6936,32.3,13060,32.3,32.3,32.3
2026-09-11,6936,31.7,34573,31.7,31.7,31.7
2026-09-14,6936,31.6,12020,31.6,31.6,31.6
2026-09-15,6936,31.8,27109,31.8,31.8,31.8
2026-09-16,6936,31.8,11400,31.8,31.8,31.8
2026-09-17,6936,31.85,4384,31.85,31.85,31.85
2026-09-18,6936,32.05,10422,32.05,32.05,32.05
2026-09-21,6936,32.0,12432,32.0,32.0,32.0
2026-09-22,6936,31.95,15272,31.95,31.95,31.95
2026-09-23,6936,31.7,9735,31.7,31.7,31.7
2026-09-24,6936,31.7,10469,31.7,31.7,31.7
2026-09-29,6936,31.7,3150,31.7,31.7,31.7
2026-09-30,6936,32.0,15333,32.0,32.0,32.0
2026-10-01,6936,32.0,2095,32.0,32.0,32.0
2026-10-02,6936,32.2,7779,32.2,32.2,32.2
2026-10-05,6936,32.0,33595,32.0,32.0,32.0
2026-09-07,6937,286.5,270684,286.5,286.5,286.5
2026-09-08,6937,287.5,301998,287.5,287.5,287.5
2026-09-09,6937,291.0,280481,291.0,291.0,291.0
2026-09-10,6937,296.0,1528367,296.0,296.0,296.0
2026-09-11,6937,288.5,420315,288.5,288.5,288.5
2026-09-14,6937,283.5,327163,283.5,283.5,283.5
2026-09-15,6937,277.5,274117,277.5,277.5,277.5
2026-09-16,6937,290.0,396107,290.0,290.0,290.0
2026-09-17,6937,291.0,534217,291.0,291.0,291.0
2026-09-18,6937,303.5,735294,303.5,303.5,303.5
2026-09-21,6937,300.5,416452,300.5,300.5,300.5
2026-09-22,6937,301.5,712081,301.5,301.5,301.5
2026-09-23,6937,300.0,358542,300.0,300.0,300.0
2026-09-24,6937,300.5,678835,300.5,300.5,300.5
2026-09-29,6937,308.0,1184738,308.0,308.0,308.0
2026-09-30,6937,308.0,748880,308.0,308.0,308.0
2026-10-01,6937,301.5,516330,301.5,301.5,301.5
2026-10-02,6937,303.5,368933,303.5,303.5,303.5
2026-10-05,6937,302.5,363690,302.5,302.5,302.5
2026-09-07,6944,719.0,597836,719.0,719.0,719.0
2026-09-08,6944,706.0,277390,706.0,706.0,706.0
2026-09-09,6944,715.0,242694,715.0,715.0,715.0
2026-09-10,6944,709.0,224769,709.0,709.0,709.0
2026-09-11,6944,690.0,423732,690.0,690.0,690.0
2026-09-14,6944,694.0,313537,694.0,694.0,694.0
2026-09-15,6944,691.0,138983,691.0,691.0,691.0
2026-09-16,6944,685.0,233341,685.0,685.0,685.0
2026-09-17,6944,686.0,263225,686.0,686.0,686.0
2026-09-18,6944,708.0,363536,708.0,708.0,708.0
2026-09-21,6944,712.0,244569,712.0,712.0,712.0
2026-09-22,6944,722.0,325028,722.0,722.0,722.0
2026-09-23,6944,731.0,316163,731.0,731.0,731.0
2026-09-24,6944,760.0,469755,760.0,760.0,760.0
2026-09-29,6944,776.0,674422,776.0,776.0,776.0
2026-09-30,6944,775.0,494392,775.0,775.0,775.0
2026-10-01,6944,800.0,653674,800.0,800.0,800.0
2026-10-02,6944,799.0,450959,799.0,799.0,799.0
2026-10-05,6944,814.0,591668,814.0,814.0,814.0
2026-09-07,6947,69.3,159724,69.3,69.3,69.3
2026-09-08,6947,68.7,148768,68.7,68.7,68.7
2026-09-09,6947,70.0,178249,70.0,70.0,70.0
2026-09-10,6947,69.9,74993,69.9,69.9,69.9
2026-09-11,6947,68.6,135248,68.6,68.6,68.6
2026-09-14,6947,67.7,88372,67.7,67.7,67.7
2026-09-15,6947,66.6,175483,66.6,66.6,66.6
2026-09-16,6947,66.7,85842,66.7,66.7,66.7
2026-09-17,6947,67.1,82054,67.1,67.1,67.1
2026-09-18,6947,67.7,146230,67.7,67.7,67.7
2026-09-21,6947,67.9,79882,67.9,67.9,67.9
2026-09-22,6947,68.5,96679,68.5,68.5,68.5
2026-09-23,6947,67.5,149674,67.5,67.5,67.5
2026-09-24,6947,67.2,134696,67.2,67.2,67.2
2026-09-29,6947,67.2,147551,67.2,67.2,67.2
2026-09-30,6947,68.4,193105,68.4,68.4,68.4
2026-10-01,6947,68.5,221733,68.5,68.5,68.5
2026-10-02,6947,68.3,168311,68.3,68.3,68.3
2026-10-05,6947,68.7,297587,68.7,68.7,68.7
2026-09-07,6949,67.1,24486488,67.1,67.1,67.1
2026-09-08,6949,60.4,18561472,60.4,60.4,60.4
2026-09-09,6949,54.9,34556728,54.9,54.9,54.9
2026-09-10,6949,58.8,26068201,58.8,58.8,58.8
2026-09-11,6949,53.0,13618885,53.0,53.0,53.0
2026-09-14,6949,55.8,7805082,55.8,55.8,55.8
2026-09-15,6949,51.4,7426041,51.4,51.4,51.4
2026-09-16,6949,53.1,4290274,53.1,53.1,53.1
2026-09-17,6949,54.4,4524535,54.4,54.4,54.4
2026-09-18,6949,54.5,8705561,54.5,54.5,54.5
2026-09-21,6949,53.8,2711421,53.8,53.8,53.8
2026-09-22,6949,50.8,3651236,50.8,50.8,50.8
2026-09-23,6949,50.3,2870742,50.3,50.3,50.3
2026-09-24,6949,50.3,2671825,50.3,50.3,50.3
2026-09-29,6949,49.2,3077533,49.2,49.2,49.2
2026-09-30,6949,50.6,2970817,50.6,50.6,50.6
2026-10-01,6949,49.4,2139054,49.4,49.4,49.4
2026-10-02,6949,44.5,14023533,44.5,44.5,44.5
2026-10-05,6949,47.6,3960715,47.6,47.6,47.6
2026-09-07,6951,71.3,31476,71.3,71.3,71.3
2026-09-08,6951,71.0,19881,71.0,71.0,71.0
2026-09-09,6951,70.8,53332,70.8,70.8,70.8
2026-09-10,6951,70.5,7607,70.5,70.5,70.5
2026-09-11,6951,70.2,31044,70.2,70.2,70.2
2026-09-14,6951,69.9,27574,69.9,69.9,69.9
2026-09-15,6951,69.9,13758,69.9,69.9,69.9
2026-09-16,6951,69.6,26247,69.6,69.6,69.6
2026-09-17,6951,70.4,5113,70.4,70.4,70.4
2026-09-18,6951,69.9,22210,69.9,69.9,69.9
2026-09-21,6951,69.3,28987,69.3,69.3,69.3
2026-09-22,6951,69.3,45732,69.3,69.3,69.3
2026-09-23,6951,69.3,14872,69.3,69.3,69.3
2026-09-24,6951,69.2,17699,69.2,69.2,69.2
2026-09-29,6951,69.1,28225,69.1,69.1,69.1
2026-09-30,6951,69.2,23347,69.2,69.2,69.2
2026-10-01,6951,69.4,19383,69.4,69.4,69.4
2026-10-02,6951,69.3,9637,69.3,69.3,69.3
2026-10-05,6951,69.1,25609,69.1,69.1,69.1
2026-09-07,6952,39.25,22500,39.25,39.25,39.25
2026-09-08,6952,39.15,5800,39.15,39.15,39.15
2026-09-09,6952,38.9,4750,38.9,38.9,38.9
2026-09-10,6952,38.9,11327,38.9,38.9,38.9
2026-09-11,6952,38.8,14040,38.8,38.8,38.8
2026-09-14,6952,38.55,18981,38.55,38.55,38.55
2026-09-15,6952,38.75,9000,38.75,38.75,38.75
2026-09-16,6952,39.0,17000,39.0,39.0,39.0
2026-09-17,6952,39.25,12025,39.25,39.25,39.25
2026-09-18,6952,39.35,10495,39.35,39.35,39.35
2026-09-21,6952,38.75,58410,38.75,38.75,38.75
2026-09-22,6952,38.45,11220,38.45,38.45,38.45
2026-09-24,6952,38.5,2000,38.5,38.5,38.5
2026-09-29,6952,38.8,19852,38.8,38.8,38.8
2026-09-30,6952,38.8,2014,38.8,38.8,38.8
2026-10-01,6952,38.8,5032,38.8,38.8,38.8
2026-10-02,6952,38.9,13023,38.9,38.9,38.9
2026-10-05,6952,38.75,15306,38.75,38.75,38.75
2026-09-07,6955,100.0,25384,100.0,100.0,100.0
2026-09-08,6955,99.9,2264,99.9,99.9,99.9
2026-09-09,6955,98.7,4282,98.7,98.7,98.7
2026-09-10,6955,99.5,6000,99.5,99.5,99.5
2026-09-11,6955,99.0,1002,99.0,99.0,99.0
2026-09-15,6955,97.7,5000,97.7,97.7,97.7
2026-09-16,6955,95.1,12190,95.1,95.1,95.1
2026-09-17,6955,96.0,16063,96.0,96.0,96.0
2026-09-18,6955,95.0,6010,95.0,95.0,95.0
2026-09-21,6955,94.5,7281,94.5,94.5,94.5
2026-09-22,6955,95.0,23905,95.0,95.0,95.0
2026-09-23,6955,95.0,8000,95.0,95.0,95.0
2026-09-24,6955,94.2,1161,94.2,94.2,94.2
2026-09-29,6955,95.3,1008,95.3,95.3,95.3
2026-09-30,6955,96.0,5001,96.0,96.0,96.0
2026-10-01,6955,95.2,7407,95.2,95.2,95.2
2026-10-02,6955,93.5,10807,93.5,93.5,93.5
2026-10-05,6955,93.5,15072,93.5,93.5,93.5
2026-09-07,6957,221.0,55038,221.0,221.0,221.0
2026-09-08,6957,216.0,81970,216.0,216.0,216.0
2026-09-09,6957,220.5,73203,220.5,220.5,220.5
2026-09-10,6957,224.5,118860,224.5,224.5,224.5
2026-09-11,6957,231.5,161581,231.5,231.5,231.5
2026-09-14,6957,240.0,193102,240.0,240.0,240.0
2026-09-15,6957,245.0,170601,245.0,245.0,245.0
2026-09-16,6957,258.5,390360,258.5,258.5,258.5
2026-09-17,6957,274.0,692018,274.0,274.0,274.0
2026-09-18,6957,270.5,430572,270.5,270.5,270.5
2026-09-21,6957,290.0,639987,290.0,290.0,290.0
2026-09-22,6957,303.0,698734,303.0,303.0,303.0
2026-09-23,6957,295.5,499912,295.5,295.5,295.5
2026-09-24,6957,307.0,467387,307.0,307.0,307.0
2026-09-29,6957,337.5,842520,337.5,337.5,337.5
2026-09-30,6957,371.0,302581,371.0,371.0,371.0
2026-10-01,6957,384.0,1907750,384.0,384.0,384.0
2026-10-02,6957,377.0,598230,377.0,377.0,377.0
2026-10-05,6957,410.0,932297,410.0,410.0,410.0
2026-09-07,6958,17.45,26557,17.45,17.45,17.45
2026-09-08,6958,17.4,18482,17.4,17.4,17.4
2026-09-09,6958,17.45,20384,17.45,17.45,17.45
2026-09-10,6958,17.55,54106,17.55,17.55,17.55
2026-09-11,6958,17.3,30058,17.3,17.3,17.3
2026-09-14,6958,17.35,22027,17.35,17.35,17.35
2026-09-15,6958,17.15,70002,17.15,17.15,17.15
2026-09-16,6958,17.55,41116,17.55,17.55,17.55
2026-09-17,6958,17.5,30141,17.5,17.5,17.5
2026-09-18,6958,17.6,42359,17.6,17.6,17.6
2026-09-21,6958,17.75,59310,17.75,17.75,17.75
2026-09-22,6958,17.5,24141,17.5,17.5,17.5
2026-09-23,6958,17.4,33106,17.4,17.4,17.4
2026-09-24,6958,17.3,20238,17.3,17.3,17.3
2026-09-29,6958,17.05,35256,17.05,17.05,17.05
2026-09-30,6958,17.5,37766,17.5,17.5,17.5
2026-10-01,6958,17.5,10277,17.5,17.5,17.5
2026-10-02,6958,17.0,82269,17.0,17.0,17.0
2026-10-05,6958,16.65,76888,16.65,16.65,16.65
2026-09-07,6962,31.8,1024513,31.8,31.8,31.8
2026-09-08,6962,31.25,1844932,31.25,31.25,31.25
2026-09-09,6962,31.1,1119643,31.1,31.1,31.1
2026-09-10,6962,30.8,1052178,30.8,30.8,30.8
2026-09-11,6962,30.4,1073054,30.4,30.4,30.4
2026-09-14,6962,30.75,1099973,30.75,30.75,30.75
2026-09-15,6962,30.55,720664,30.55,30.55,30.55
2026-09-16,6962,30.8,646316,30.8,30.8,30.8
2026-09-17,6962,30.9,917263,30.9,30.9,30.9
2026-09-18,6962,30.9,1036957,30.9,30.9,30.9
2026-09-21,6962,31.2,973586,31.2,31.2,31.2
2026-09-22,6962,31.9,1800838,31.9,31.9,31.9
2026-09-23,6962,31.55,1160548,31.55,31.55,31.55
2026-09-24,6962,31.45,686362,31.45,31.45,31.45
2026-09-29,6962,31.85,1348910,31.85,31.85,31.85
2026-09-30,6962,32.45,2061933,32.45,32.45,32.45
2026-10-01,6962,33.15,2751544,33.15,33.15,33.15
2026-10-02,6962,33.4,2227485,33.4,33.4,33.4
2026-10-05,6962,33.9,2892534,33.9,33.9,33.9
2026-09-07,6965,74.8,26000,74.8,74.8,74.8
2026-09-08,6965,74.9,8377,74.9,74.9,74.9
2026-09-09,6965,73.8,26148,73.8,73.8,73.8
2026-09-10,6965,71.0,59740,71.0,71.0,71.0
2026-09-11,6965,69.8,78100,69.8,69.8,69.8
2026-09-14,6965,68.6,76714,68.6,68.6,68.6
2026-09-15,6965,69.0,26290,69.0,69.0,69.0
2026-09-16,6965,69.1,24000,69.1,69.1,69.1
2026-09-17,6965,70.5,33017,70.5,70.5,70.5
2026-09-18,6965,71.0,16465,71.0,71.0,71.0
2026-09-21,6965,70.1,15111,70.1,70.1,70.1
2026-09-22,6965,69.2,28151,69.2,69.2,69.2
2026-09-23,6965,68.6,23565,68.6,68.6,68.6
2026-09-24,6965,67.1,31654,67.1,67.1,67.1
2026-09-29,6965,64.8,84456,64.8,64.8,64.8
2026-09-30,6965,63.7,245983,63.7,63.7,63.7
2026-10-01,6965,63.2,47737,63.2,63.2,63.2
2026-10-02,6965,61.6,128044,61.6,61.6,61.6
2026-10-05,6965,59.8,127359,59.8,59.8,59.8
2026-09-07,6969,33.8,61310,33.8,33.8,33.8
2026-09-08,6969,36.95,799920,36.95,36.95,36.95
2026-09-09,6969,34.5,448985,34.5,34.5,34.5
2026-09-10,6969,34.25,110164,34.25,34.25,34.25
2026-09-11,6969,33.65,178075,33.65,33.65,33.65
2026-09-14,6969,32.65,158049,32.65,32.65,32.65
2026-09-15,6969,32.2,157126,32.2,32.2,32.2
2026-09-16,6969,32.0,91200,32.0,32.0,32.0
2026-09-17,6969,32.4,82501,32.4,32.4,32.4
2026-09-18,6969,33.2,44330,33.2,33.2,33.2
2026-09-21,6969,32.85,51770,32.85,32.85,32.85
2026-09-22,6969,32.25,175724,32.25,32.25,32.25
2026-09-23,6969,31.8,91445,31.8,31.8,31.8
2026-09-24,6969,30.65,281313,30.65,30.65,30.65
2026-09-29,6969,31.65,163053,31.65,31.65,31.65
2026-09-30,6969,31.35,99500,31.35,31.35,31.35
2026-10-01,6969,30.45,161667,30.45,30.45,30.45
2026-10-02,6969,30.0,210148,30.0,30.0,30.0
2026-10-05,6969,31.3,193240,31.3,31.3,31.3
2026-09-07,6988,12.25,17056,12.25,12.25,12.25
2026-09-08,6988,11.95,78421,11.95,11.95,11.95
2026-09-09,6988,12.0,42000,12.0,12.0,12.0
2026-09-10,6988,11.9,57000,11.9,11.9,11.9
2026-09-11,6988,11.9,24000,11.9,11.9,11.9
2026-09-14,6988,12.0,24000,12.0,12.0,12.0
2026-09-15,6988,11.8,11001,11.8,11.8,11.8
2026-09-16,6988,11.8,16000,11.8,11.8,11.8
2026-09-17,6988,11.9,64000,11.9,11.9,11.9
2026-09-18,6988,12.0,54000,12.0,12.0,12.0
2026-09-21,6988,12.05,83000,12.05,12.05,12.05
2026-09-22,6988,11.9,61000,11.9,11.9,11.9
2026-09-23,6988,11.9,45000,11.9,11.9,11.9
2026-09-24,6988,11.7,49000,11.7,11.7,11.7
2026-09-29,6988,11.5,143000,11.5,11.5,11.5
2026-09-30,6988,11.7,352000,11.7,11.7,11.7
2026-10-01,6988,11.65,94000,11.65,11.65,11.65
2026-10-02,6988,11.45,140020,11.45,11.45,11.45
2026-10-05,6988,11.7,24000,11.7,11.7,11.7
2026-09-07,6994,35.5,383134,35.5,35.5,35.5
2026-09-08,6994,35.2,306767,35.2,35.2,35.2
2026-09-09,6994,34.0,990910,34.0,34.0,34.0
2026-09-10,6994,32.6,1099365,32.6,32.6,32.6
2026-09-11,6994,29.35,2234014,29.35,29.35,29.35
2026-09-14,6994,28.0,1022128,28.0,28.0,28.0
2026-09-15,6994,26.1,1892332,26.1,26.1,26.1
2026-09-16,6994,27.0,1120272,27.0,27.0,27.0
2026-09-17,6994,26.75,534726,26.75,26.75,26.75
2026-09-18,6994,27.8,567875,27.8,27.8,27.8
2026-09-21,6994,28.25,541467,28.25,28.25,28.25
2026-09-22,6994,27.3,400953,27.3,27.3,27.3
2026-09-23,6994,27.3,207446,27.3,27.3,27.3
2026-09-24,6994,26.8,240031,26.8,26.8,26.8
2026-09-29,6994,26.6,299424,26.6,26.6,26.6
2026-09-30,6994,26.5,626298,26.5,26.5,26.5
2026-10-01,6994,29.15,998022,29.15,29.15,29.15
2026-10-02,6994,32.05,2578924,32.05,32.05,32.05
2026-10-05,6994,31.95,3177305,31.95,31.95,31.95
2026-09-07,7610,2000.0,327155,2000.0,2000.0,2000.0
2026-09-08,7610,2065.0,2424763,2065.0,2065.0,2065.0
2026-09-09,7610,2030.0,1223081,2030.0,2030.0,2030.0
2026-09-10,7610,2035.0,1027843,2035.0,2035.0,2035.0
2026-09-11,7610,1975.0,587269,1975.0,1975.0,1975.0
2026-09-14,7610,1780.0,972335,1780.0,1780.0,1780.0
2026-09-15,7610,1655.0,878535,1655.0,1655.0,1655.0
2026-09-16,7610,1730.0,1215127,1730.0,1730.0,1730.0
2026-09-17,7610,1770.0,866311,1770.0,1770.0,1770.0
2026-09-18,7610,1945.0,2608870,1945.0,1945.0,1945.0
2026-09-21,7610,1890.0,696823,1890.0,1890.0,1890.0
2026-09-22,7610,1905.0,605272,1905.0,1905.0,1905.0
2026-09-23,7610,1825.0,508685,1825.0,1825.0,1825.0
2026-09-24,7610,1830.0,540902,1830.0,1830.0,1830.0
2026-09-29,7610,1730.0,565924,1730.0,1730.0,1730.0
2026-09-30,7610,1735.0,764301,1735.0,1735.0,1735.0
2026-10-01,7610,1780.0,526796,1780.0,1780.0,1780.0
2026-10-02,7610,1725.0,663600,1725.0,1725.0,1725.0
2026-10-05,7610,1800.0,1256506,1800.0,1800.0,1800.0
2026-09-07,7631,145.5,17434,145.5,145.5,145.5
2026-09-08,7631,142.0,17687,142.0,142.0,142.0
2026-09-09,7631,144.0,18471,144.0,144.0,144.0
2026-09-10,7631,141.5,72415,141.5,141.5,141.5
2026-09-11,7631,138.0,93268,138.0,138.0,138.0
2026-09-14,7631,134.0,55086,134.0,134.0,134.0
2026-09-15,7631,134.0,13246,134.0,134.0,134.0
2026-09-16,7631,135.5,11431,135.5,135.5,135.5
2026-09-17,7631,136.5,64225,136.5,136.5,136.5
2026-09-18,7631,138.0,95732,138.0,138.0,138.0
2026-09-21,7631,141.5,111296,141.5,141.5,141.5
2026-09-22,7631,138.5,71325,138.5,138.5,138.5
2026-09-23,7631,138.0,41309,138.0,138.0,138.0
2026-09-24,7631,138.5,41366,138.5,138.5,138.5
2026-09-29,7631,137.5,20037,137.5,137.5,137.5
2026-09-30,7631,140.5,125692,140.5,140.5,140.5
2026-10-01,7631,145.5,276501,145.5,145.5,145.5
2026-10-02,7631,144.0,70867,144.0,144.0,144.0
2026-10-05,7631,141.5,97253,141.5,141.5,141.5
2026-09-07,7689,174.0,46531,174.0,174.0,174.0
2026-09-08,7689,165.0,124438,165.0,165.0,165.0
2026-09-09,7689,163.5,48770,163.5,163.5,163.5
2026-09-10,7689,159.5,71067,159.5,159.5,159.5
2026-09-11,7689,156.5,65177,156.5,156.5,156.5
2026-09-14,7689,154.5,16454,154.5,154.5,154.5
2026-09-15,7689,153.5,15716,153.5,153.5,153.5
2026-09-16,7689,154.0,16425,154.0,154.0,154.0
2026-09-17,7689,161.0,56666,161.0,161.0,161.0
2026-09-18,7689,161.5,23114,161.5,161.5,161.5
2026-09-21,7689,161.0,26996,161.0,161.0,161.0
2026-09-22,7689,160.0,31978,160.0,160.0,160.0
2026-09-23,7689,157.5,29052,157.5,157.5,157.5
2026-09-24,7689,158.5,15131,158.5,158.5,158.5
2026-09-29,7689,158.5,26406,158.5,158.5,158.5
2026-09-30,7689,159.5,86269,159.5,159.5,159.5
2026-10-01,7689,161.0,59530,161.0,161.0,161.0
2026-10-02,7689,161.0,180472,161.0,161.0,161.0
2026-10-05,7689,164.0,240771,164.0,164.0,164.0
2026-09-07,7705,29.8,70472,29.8,29.8,29.8
2026-09-08,7705,29.8,28694,29.8,29.8,29.8
2026-09-09,7705,29.95,7168,29.95,29.95,29.95
2026-09-10,7705,29.9,37867,29.9,29.9,29.9
2026-09-11,7705,29.95,20362,29.95,29.95,29.95
2026-09-14,7705,29.85,46409,29.85,29.85,29.85
2026-09-15,7705,29.9,27365,29.9,29.9,29.9
2026-09-16,7705,30.0,55332,30.0,30.0,30.0
2026-09-17,7705,29.95,34061,29.95,29.95,29.95
2026-09-18,7705,30.1,52168,30.1,30.1,30.1
2026-09-21,7705,29.95,52752,29.95,29.95,29.95
2026-09-22,7705,29.95,43500,29.95,29.95,29.95
2026-09-23,7705,30.0,11267,30.0,30.0,30.0
2026-09-24,7705,29.9,19771,29.9,29.9,29.9
2026-09-29,7705,29.75,39583,29.75,29.75,29.75
2026-09-30,7705,29.85,39354,29.85,29.85,29.85
2026-10-01,7705,29.7,21204,29.7,29.7,29.7
2026-10-02,7705,29.85,12728,29.85,29.85,29.85
2026-10-05,7705,29.85,52704,29.85,29.85,29.85
2026-09-07,7711,660.0,2867311,660.0,660.0,660.0
2026-09-08,7711,594.0,2433484,594.0,594.0,594.0
2026-09-09,7711,610.0,1865679,610.0,610.0,610.0
2026-09-10,7711,590.0,1268789,590.0,590.0,590.0
2026-09-11,7711,531.0,318431,531.0,531.0,531.0
2026-09-14,7711,478.0,411129,478.0,478.0,478.0
2026-09-15,7711,468.0,3570247,468.0,468.0,468.0
2026-09-16,7711,514.0,1415029,514.0,514.0,514.0
2026-09-17,7711,565.0,613102,565.0,565.0,565.0
2026-09-18,7711,570.0,1904132,570.0,570.0,570.0
2026-09-21,7711,544.0,1170824,544.0,544.0,544.0
2026-09-22,7711,537.0,1174530,537.0,537.0,537.0
2026-09-23,7711,543.0,737214,543.0,543.0,543.0
2026-09-24,7711,542.0,458792,542.0,542.0,542.0
2026-09-29,7711,546.0,438674,546.0,546.0,546.0
2026-09-30,7711,560.0,806691,560.0,560.0,560.0
2026-10-01,7711,616.0,1893247,616.0,616.0,616.0
2026-10-02,7711,610.0,1491739,610.0,610.0,610.0
2026-10-05,7711,634.0,1875540,634.0,634.0,634.0
2026-09-07,7721,61.1,60028,61.1,61.1,61.1
2026-09-08,7721,60.7,21556,60.7,60.7,60.7
2026-09-09,7721,63.0,91102,63.0,63.0,63.0
2026-09-10,7721,61.1,24457,61.1,61.1,61.1
2026-09-11,7721,59.2,81261,59.2,59.2,59.2
2026-09-14,7721,58.9,35917,58.9,58.9,58.9
2026-09-15,7721,57.5,73122,57.5,57.5,57.5
2026-09-16,7721,58.4,56603,58.4,58.4,58.4
2026-09-17,7721,60.5,91733,60.5,60.5,60.5
2026-09-18,7721,60.6,75565,60.6,60.6,60.6
2026-09-21,7721,62.8,93870,62.8,62.8,62.8
2026-09-22,7721,62.1,74542,62.1,62.1,62.1
2026-09-23,7721,62.0,31305,62.0,62.0,62.0
2026-09-24,7721,61.7,34150,61.7,61.7,61.7
2026-09-29,7721,61.8,33463,61.8,61.8,61.8
2026-09-30,7721,62.2,33227,62.2,62.2,62.2
2026-10-01,7721,61.9,30611,61.9,61.9,61.9
2026-10-02,7721,63.3,36053,63.3,63.3,63.3
2026-10-05,7721,63.0,25058,63.0,63.0,63.0
2026-09-07,7722,279.0,110636,279.0,279.0,279.0
2026-09-08,7722,272.5,83524,272.5,272.5,272.5
2026-09-09,7722,272.0,35469,272.0,272.0,272.0
2026-09-10,7722,267.5,63869,267.5,267.5,267.5
2026-09-11,7722,261.5,126604,261.5,261.5,261.5
2026-09-14,7722,265.5,49166,265.5,265.5,265.5
2026-09-15,7722,264.0,29380,264.0,264.0,264.0
2026-09-16,7722,262.0,38949,262.0,262.0,262.0
2026-09-17,7722,265.5,61089,265.5,265.5,265.5
2026-09-18,7722,262.5,41569,262.5,262.5,262.5
2026-09-21,7722,262.0,28807,262.0,262.0,262.0
2026-09-22,7722,260.5,38502,260.5,260.5,260.5
2026-09-23,7722,262.0,43938,262.0,262.0,262.0
2026-09-24,7722,260.0,43574,260.0,260.0,260.0
2026-09-29,7722,258.0,53965,258.0,258.0,258.0
2026-09-30,7722,259.0,32803,259.0,259.0,259.0
2026-10-01,7722,260.0,26410,260.0,260.0,260.0
2026-10-02,7722,260.0,30038,260.0,260.0,260.0
2026-10-05,7722,262.0,38816,262.0,262.0,262.0
2026-09-07,7730,180.5,194952,180.5,180.5,180.5
2026-09-08,7730,172.5,79384,172.5,172.5,172.5
2026-09-09,7730,175.0,27130,175.0,175.0,175.0
2026-09-10,7730,173.0,45161,173.0,173.0,173.0
2026-09-11,7730,172.0,70771,172.0,172.0,172.0
2026-09-14,7730,168.0,25500,168.0,168.0,168.0
2026-09-15,7730,169.0,95271,169.0,169.0,169.0
2026-09-16,7730,169.0,43150,169.0,169.0,169.0
2026-09-17,7730,175.5,114453,175.5,175.5,175.5
2026-09-18,7730,175.0,75610,175.0,175.0,175.0
2026-09-21,7730,170.5,208000,170.5,170.5,170.5
2026-09-22,7730,172.0,48867,172.0,172.0,172.0
2026-09-23,7730,170.5,54565,170.5,170.5,170.5
2026-09-24,7730,172.0,10341,172.0,172.0,172.0
2026-09-29,7730,174.5,66534,174.5,174.5,174.5
2026-09-30,7730,179.5,93887,179.5,179.5,179.5
2026-10-01,7730,194.5,444008,194.5,194.5,194.5
2026-10-02,7730,187.0,154153,187.0,187.0,187.0
2026-10-05,7730,188.0,122649,188.0,188.0,188.0
2026-09-07,7732,34.85,10000,34.85,34.85,34.85
2026-09-08,7732,34.5,3574,34.5,34.5,34.5
2026-09-09,7732,34.7,5000,34.7,34.7,34.7
2026-09-10,7732,34.15,10000,34.15,34.15,34.15
2026-09-11,7732,33.5,8000,33.5,33.5,33.5
2026-09-14,7732,34.15,7000,34.15,34.15,34.15
2026-09-15,7732,33.8,3000,33.8,33.8,33.8
2026-09-17,7732,34.1,10000,34.1,34.1,34.1
2026-09-18,7732,34.45,3000,34.45,34.45,34.45
2026-09-21,7732,34.45,2001,34.45,34.45,34.45
2026-09-22,7732,34.3,1000,34.3,34.3,34.3
2026-09-24,7732,33.5,11007,33.5,33.5,33.5
2026-09-29,7732,33.5,23025,33.5,33.5,33.5
2026-09-30,7732,33.5,1026,33.5,33.5,33.5
2026-10-01,7732,33.2,6030,33.2,33.2,33.2
2026-10-02,7732,32.7,23086,32.7,32.7,32.7
2026-10-05,7732,32.7,30002,32.7,32.7,32.7
2026-09-07,7736,69.4,12200,69.4,69.4,69.4
2026-09-08,7736,69.4,9677,69.4,69.4,69.4
2026-09-09,7736,69.9,7084,69.9,69.9,69.9
2026-09-10,7736,69.8,8355,69.8,69.8,69.8
2026-09-11,7736,69.1,3000,69.1,69.1,69.1
2026-09-14,7736,68.4,50697,68.4,68.4,68.4
2026-09-15,7736,69.0,6889,69.0,69.0,69.0
2026-09-16,7736,68.6,4700,68.6,68.6,68.6
2026-09-17,7736,69.5,5017,69.5,69.5,69.5
2026-09-18,7736,68.6,42215,68.6,68.6,68.6
2026-09-21,7736,68.4,58002,68.4,68.4,68.4
2026-09-22,7736,68.2,12106,68.2,68.2,68.2
2026-09-23,7736,69.4,48015,69.4,69.4,69.4
2026-09-24,7736,68.7,13002,68.7,68.7,68.7
2026-09-29,7736,68.2,27095,68.2,68.2,68.2
2026-09-30,7736,68.5,16073,68.5,68.5,68.5
2026-10-01,7736,68.7,58011,68.7,68.7,68.7
2026-10-02,7736,69.8,50054,69.8,69.8,69.8
2026-10-05,7736,71.0,182804,71.0,71.0,71.0
2026-09-07,7740,128.0,89412,128.0,128.0,128.0
2026-09-08,7740,129.0,48133,129.0,129.0,129.0
2026-09-09,7740,133.0,118214,133.0,133.0,133.0
2026-09-10,7740,132.0,90407,132.0,132.0,132.0
2026-09-11,7740,129.0,222207,129.0,129.0,129.0
2026-09-14,7740,124.0,139213,124.0,124.0,124.0
2026-09-15,7740,123.5,177665,123.5,123.5,123.5
2026-09-16,7740,122.5,248896,122.5,122.5,122.5
2026-09-17,7740,121.0,116521,121.0,121.0,121.0
2026-09-18,7740,124.5,271275,124.5,124.5,124.5
2026-09-21,7740,120.5,181991,120.5,120.5,120.5
2026-09-22,7740,120.0,233796,120.0,120.0,120.0
2026-09-23,7740,111.5,405929,111.5,111.5,111.5
2026-09-24,7740,109.5,448580,109.5,109.5,109.5
2026-09-29,7740,102.0,337585,102.0,102.0,102.0
2026-09-30,7740,104.5,143471,104.5,104.5,104.5
2026-10-01,7740,102.5,169455,102.5,102.5,102.5
2026-10-02,7740,102.0,129528,102.0,102.0,102.0
2026-10-05,7740,102.5,189440,102.5,102.5,102.5
2026-09-07,7749,354.0,892657,354.0,354.0,354.0
2026-09-08,7749,355.0,183788,355.0,355.0,355.0
2026-09-09,7749,355.5,214458,355.5,355.5,355.5
2026-09-10,7749,355.5,90714,355.5,355.5,355.5
2026-09-11,7749,349.5,193800,349.5,349.5,349.5
2026-09-14,7749,339.0,162773,339.0,339.0,339.0
2026-09-15,7749,352.5,193727,352.5,352.5,352.5
2026-09-16,7749,359.0,218843,359.0,359.0,359.0
2026-09-17,7749,358.0,140763,358.0,358.0,358.0
2026-09-18,7749,360.5,147372,360.5,360.5,360.5
2026-09-21,7749,377.5,257048,377.5,377.5,377.5
2026-09-22,7749,380.0,219109,380.0,380.0,380.0
2026-09-23,7749,402.0,658596,402.0,402.0,402.0
2026-09-24,7749,395.5,295771,395.5,395.5,395.5
2026-09-29,7749,386.0,226401,386.0,386.0,386.0
2026-09-30,7749,391.0,200702,391.0,391.0,391.0
2026-10-01,7749,401.5,283560,401.5,401.5,401.5
2026-10-02,7749,397.5,197925,397.5,397.5,397.5
2026-10-05,7749,399.0,248250,399.0,399.0,399.0
2026-09-07,7750,2375.0,336295,2375.0,2375.0,2375.0
2026-09-08,7750,2315.0,327199,2315.0,2315.0,2315.0
2026-09-09,7750,2270.0,110295,2270.0,2270.0,2270.0
2026-09-10,7750,2215.0,199671,2215.0,2215.0,2215.0
2026-09-11,7750,1995.0,526912,1995.0,1995.0,1995.0
2026-09-14,7750,1960.0,476393,1960.0,1960.0,1960.0
2026-09-15,7750,1890.0,139284,1890.0,1890.0,1890.0
2026-09-16,7750,1895.0,127185,1895.0,1895.0,1895.0
2026-09-17,7750,1900.0,106755,1900.0,1900.0,1900.0
2026-09-18,7750,1950.0,188676,1950.0,1950.0,1950.0
2026-09-21,7750,1960.0,95874,1960.0,1960.0,1960.0
2026-09-22,7750,1945.0,170848,1945.0,1945.0,1945.0
2026-09-23,7750,1950.0,101072,1950.0,1950.0,1950.0
2026-09-24,7750,1970.0,132618,1970.0,1970.0,1970.0
2026-09-29,7750,1960.0,82412,1960.0,1960.0,1960.0
2026-09-30,7750,1915.0,128342,1915.0,1915.0,1915.0
2026-10-01,7750,1895.0,97494,1895.0,1895.0,1895.0
2026-10-02,7750,1885.0,132180,1885.0,1885.0,1885.0
2026-10-05,7750,2070.0,278325,2070.0,2070.0,2070.0
2026-09-07,7760,33.2,37268,33.2,33.2,33.2
2026-09-08,7760,33.0,53640,33.0,33.0,33.0
2026-09-09,7760,32.9,9013,32.9,32.9,32.9
2026-09-10,7760,32.7,7413,32.7,32.7,32.7
2026-09-11,7760,32.5,38061,32.5,32.5,32.5
2026-09-14,7760,33.0,40011,33.0,33.0,33.0
2026-09-15,7760,32.95,18060,32.95,32.95,32.95
2026-09-16,7760,32.5,15028,32.5,32.5,32.5
2026-09-17,7760,32.8,25160,32.8,32.8,32.8
2026-09-18,7760,32.8,17110,32.8,32.8,32.8
2026-09-21,7760,33.0,67101,33.0,33.0,33.0
2026-09-22,7760,32.5,62065,32.5,32.5,32.5
2026-09-23,7760,33.3,43173,33.3,33.3,33.3
2026-09-24,7760,33.0,43092,33.0,33.0,33.0
2026-09-29,7760,33.25,17030,33.25,33.25,33.25
2026-09-30,7760,32.55,35224,32.55,32.55,32.55
2026-10-01,7760,32.5,42946,32.5,32.5,32.5
2026-10-02,7760,32.5,10061,32.5,32.5,32.5
2026-10-05,7760,32.8,17552,32.8,32.8,32.8
2026-09-07,7765,220.5,43921,220.5,220.5,220.5
2026-09-08,7765,218.5,130408,218.5,218.5,218.5
2026-09-09,7765,218.5,53769,218.5,218.5,218.5
2026-09-10,7765,215.0,142567,215.0,215.0,215.0
2026-09-11,7765,218.5,102026,218.5,218.5,218.5
2026-09-14,7765,240.0,536159,240.0,240.0,240.0
2026-09-15,7765,235.0,2000032,235.0,235.0,235.0
2026-09-16,7765,240.0,669563,240.0,240.0,240.0
2026-09-17,7765,231.0,387841,231.0,231.0,231.0
2026-09-18,7765,243.0,419452,243.0,243.0,243.0
2026-09-21,7765,240.0,272306,240.0,240.0,240.0
2026-09-22,7765,241.0,200262,241.0,241.0,241.0
2026-09-23,7765,243.0,161623,243.0,243.0,243.0
2026-09-24,7765,241.0,99930,241.0,241.0,241.0
2026-09-29,7765,237.0,111626,237.0,237.0,237.0
2026-09-30,7765,237.0,74827,237.0,237.0,237.0
2026-10-01,7765,236.5,70820,236.5,236.5,236.5
2026-10-02,7765,232.5,86853,232.5,232.5,232.5
2026-10-05,7765,229.0,244431,229.0,229.0,229.0
2026-09-07,7768,283.0,58022,283.0,283.0,283.0
2026-09-08,7768,275.5,57676,275.5,275.5,275.5
2026-09-09,7768,276.5,56147,276.5,276.5,276.5
2026-09-10,7768,271.5,42942,271.5,271.5,271.5
2026-09-11,7768,263.0,62715,263.0,263.0,263.0
2026-09-14,7768,255.5,43557,255.5,255.5,255.5
2026-09-15,7768,252.5,33937,252.5,252.5,252.5
2026-09-16,7768,260.0,52566,260.0,260.0,260.0
2026-09-17,7768,262.5,27666,262.5,262.5,262.5
2026-09-18,7768,286.0,102618,286.0,286.0,286.0
2026-09-21,7768,299.5,177500,299.5,299.5,299.5
2026-09-22,7768,293.5,127508,293.5,293.5,293.5
2026-09-23,7768,292.0,55405,292.0,292.0,292.0
2026-09-24,7768,304.5,209303,304.5,304.5,304.5
2026-09-29,7768,304.0,114668,304.0,304.0,304.0
2026-09-30,7768,299.5,84548,299.5,299.5,299.5
2026-10-01,7768,301.0,121020,301.0,301.0,301.0
2026-10-02,7768,313.0,290889,313.0,313.0,313.0
2026-10-05,7768,306.5,152073,306.5,306.5,306.5
2026-09-07,7769,6565.0,1408004,6565.0,6565.0,6565.0
2026-09-08,7769,6970.0,1903897,6970.0,6970.0,6970.0
2026-09-09,7769,6720.0,1004541,6720.0,6720.0,6720.0
2026-09-10,7769,6475.0,599317,6475.0,6475.0,6475.0
2026-09-11,7769,6310.0,497739,6310.0,6310.0,6310.0
2026-09-14,7769,6305.0,464710,6305.0,6305.0,6305.0
2026-09-15,7769,6135.0,420235,6135.0,6135.0,6135.0
2026-09-16,7769,6125.0,437655,6125.0,6125.0,6125.0
2026-09-17,7769,6135.0,1042674,6135.0,6135.0,6135.0
2026-09-18,7769,6540.0,3329210,6540.0,6540.0,6540.0
2026-09-21,7769,6000.0,1732162,6000.0,6000.0,6000.0
2026-09-22,7769,6155.0,1210764,6155.0,6155.0,6155.0
2026-09-23,7769,5975.0,696624,5975.0,5975.0,5975.0
2026-09-24,7769,5670.0,1333263,5670.0,5670.0,5670.0
2026-09-29,7769,5585.0,992836,5585.0,5585.0,5585.0
2026-09-30,7769,5505.0,926671,5505.0,5505.0,5505.0
2026-10-01,7769,5490.0,487125,5490.0,5490.0,5490.0
2026-10-02,7769,5580.0,457266,5580.0,5580.0,5580.0
2026-10-05,7769,5815.0,738855,5815.0,5815.0,5815.0
2026-09-07,7780,16.65,701835,16.65,16.65,16.65
2026-09-08,7780,16.55,636335,16.55,16.55,16.55
2026-09-09,7780,16.65,392472,16.65,16.65,16.65
2026-09-10,7780,16.55,541096,16.55,16.55,16.55
2026-09-11,7780,16.4,711546,16.4,16.4,16.4
2026-09-14,7780,16.1,1198755,16.1,16.1,16.1
2026-09-15,7780,16.05,602925,16.05,16.05,16.05
2026-09-16,7780,16.15,377122,16.15,16.15,16.15
2026-09-17,7780,16.25,440848,16.25,16.25,16.25
2026-09-18,7780,16.4,686399,16.4,16.4,16.4
2026-09-21,7780,16.25,525843,16.25,16.25,16.25
2026-09-22,7780,16.1,645675,16.1,16.1,16.1
2026-09-23,7780,16.2,624593,16.2,16.2,16.2
2026-09-24,7780,16.05,493328,16.05,16.05,16.05
2026-09-29,7780,16.05,450257,16.05,16.05,16.05
2026-09-30,7780,16.25,585103,16.25,16.25,16.25
2026-10-01,7780,16.15,862735,16.15,16.15,16.15
2026-10-02,7780,16.05,1055671,16.05,16.05,16.05
2026-10-05,7780,15.8,1869839,15.8,15.8,15.8
2026-09-07,7786,115.5,234207,115.5,115.5,115.5
2026-09-08,7786,115.0,51261,115.0,115.0,115.0
2026-09-09,7786,115.5,236640,115.5,115.5,115.5
2026-09-10,7786,114.5,149944,114.5,114.5,114.5
2026-09-11,7786,115.0,220150,115.0,115.0,115.0
2026-09-14,7786,114.0,51357,114.0,114.0,114.0
2026-09-15,7786,119.5,117863,119.5,119.5,119.5
2026-09-16,7786,117.0,126979,117.0,117.0,117.0
2026-09-17,7786,120.5,189815,120.5,120.5,120.5
2026-09-18,7786,120.0,153892,120.0,120.0,120.0
2026-09-21,7786,120.0,82018,120.0,120.0,120.0
2026-09-22,7786,118.0,65364,118.0,118.0,118.0
2026-09-23,7786,117.0,56936,117.0,117.0,117.0
2026-09-24,7786,118.0,73689,118.0,118.0,118.0
2026-09-29,7786,118.5,110073,118.5,118.5,118.5
2026-09-30,7786,119.5,71350,119.5,119.5,119.5
2026-10-01,7786,118.5,77730,118.5,118.5,118.5
2026-10-02,7786,117.5,95267,117.5,117.5,117.5
2026-10-05,7786,120.5,224794,120.5,120.5,120.5
2026-09-07,7788,316.5,3776454,316.5,316.5,316.5
2026-09-08,7788,291.5,3837173,291.5,291.5,291.5
2026-09-09,7788,320.5,2978086,320.5,320.5,320.5
2026-09-10,7788,308.0,6140631,308.0,308.0,308.0
2026-09-11,7788,286.5,1966280,286.5,286.5,286.5
2026-09-14,7788,282.0,1779323,282.0,282.0,282.0
2026-09-15,7788,280.5,1428881,280.5,280.5,280.5
2026-09-16,7788,292.0,1282512,292.0,292.0,292.0
2026-09-17,7788,287.0,1085774,287.0,287.0,287.0
2026-09-18,7788,297.0,1729061,297.0,297.0,297.0
2026-09-21,7788,291.0,1039243,291.0,291.0,291.0
2026-09-22,7788,290.5,1025001,290.5,290.5,290.5
2026-09-23,7788,290.0,914131,290.0,290.0,290.0
2026-09-24,7788,289.5,470469,289.5,289.5,289.5
2026-09-29,7788,287.5,928026,287.5,287.5,287.5
2026-09-30,7788,294.0,926113,294.0,294.0,294.0
2026-10-01,7788,290.5,2530364,290.5,290.5,290.5
2026-10-02,7788,307.0,2364467,307.0,307.0,307.0
2026-10-05,7788,332.5,3149388,332.5,332.5,332.5
2026-09-07,7791,55.8,30289,55.8,55.8,55.8
2026-09-08,7791,57.2,36213,57.2,57.2,57.2
2026-09-09,7791,55.6,55081,55.6,55.6,55.6
2026-09-10,7791,55.5,34553,55.5,55.5,55.5
2026-09-11,7791,55.3,24224,55.3,55.3,55.3
2026-09-14,7791,55.1,25107,55.1,55.1,55.1
2026-09-15,7791,55.4,19730,55.4,55.4,55.4
2026-09-16,7791,55.4,27390,55.4,55.4,55.4
2026-09-17,7791,55.8,10236,55.8,55.8,55.8
2026-09-18,7791,56.5,26909,56.5,56.5,56.5
2026-09-21,7791,56.1,22704,56.1,56.1,56.1
2026-09-22,7791,55.7,28709,55.7,55.7,55.7
2026-09-23,7791,55.6,7255,55.6,55.6,55.6
2026-09-24,7791,55.8,10698,55.8,55.8,55.8
2026-09-29,7791,55.4,41945,55.4,55.4,55.4
2026-09-30,7791,55.3,18558,55.3,55.3,55.3
2026-10-01,7791,54.8,58971,54.8,54.8,54.8
2026-10-02,7791,55.0,25906,55.0,55.0,55.0
2026-10-05,7791,54.3,37864,54.3,54.3,54.3
2026-09-07,7795,536.0,1861003,536.0,536.0,536.0
2026-09-08,7795,555.0,2757172,555.0,555.0,555.0
2026-09-09,7795,548.0,1406569,548.0,548.0,548.0
2026-09-10,7795,534.0,2589903,534.0,534.0,534.0
2026-09-11,7795,507.0,1392730,507.0,507.0,507.0
2026-09-14,7795,491.0,1242531,491.0,491.0,491.0
2026-09-15,7795,466.0,932332,466.0,466.0,466.0
2026-09-16,7795,476.0,914868,476.0,476.0,476.0
2026-09-17,7795,483.0,2112780,483.0,483.0,483.0
2026-09-18,7795,487.0,1165664,487.0,487.0,487.0
2026-09-21,7795,484.0,497416,484.0,484.0,484.0
2026-09-22,7795,505.0,1099491,505.0,505.0,505.0
2026-09-23,7795,490.5,1221801,490.5,490.5,490.5
2026-09-24,7795,490.5,502168,490.5,490.5,490.5
2026-09-29,7795,496.0,517331,496.0,496.0,496.0
2026-09-30,7795,488.0,538793,488.0,488.0,488.0
2026-10-01,7795,536.0,1890557,536.0,536.0,536.0
2026-10-02,7795,548.0,1641333,548.0,548.0,548.0
2026-10-05,7795,559.0,1359092,559.0,559.0,559.0
2026-09-07,7799,395.0,670481,395.0,395.0,395.0
2026-09-08,7799,382.5,318908,382.5,382.5,382.5
2026-09-09,7799,386.5,297254,386.5,386.5,386.5
2026-09-10,7799,425.0,997569,425.0,425.0,425.0
2026-09-11,7799,414.5,1310142,414.5,414.5,414.5
2026-09-14,7799,418.0,418070,418.0,418.0,418.0
2026-09-15,7799,415.5,277482,415.5,415.5,415.5
2026-09-16,7799,457.0,1643273,457.0,457.0,457.0
2026-09-17,7799,502.0,2515618,502.0,502.0,502.0
2026-09-18,7799,504.0,2318907,504.0,504.0,504.0
2026-09-21,7799,522.0,1128287,522.0,522.0,522.0
2026-09-22,7799,508.0,998102,508.0,508.0,508.0
2026-09-23,7799,531.0,2545868,531.0,531.0,531.0
2026-09-24,7799,498.0,1987002,498.0,498.0,498.0
2026-09-29,7799,490.5,621797,490.5,490.5,490.5
2026-09-30,7799,539.0,2151874,539.0,539.0,539.0
2026-10-01,7799,555.0,2198114,555.0,555.0,555.0
2026-10-02,7799,543.0,954743,543.0,543.0,543.0
2026-10-05,7799,537.0,670073,537.0,537.0,537.0
2026-09-07,7803,19.5,58827,19.5,19.5,19.5
2026-09-08,7803,19.25,14831,19.25,19.25,19.25
2026-09-09,7803,19.3,23410,19.3,19.3,19.3
2026-09-10,7803,19.6,57125,19.6,19.6,19.6
2026-09-11,7803,19.05,61035,19.05,19.05,19.05
2026-09-14,7803,19.0,49100,19.0,19.0,19.0
2026-09-15,7803,18.55,35210,18.55,18.55,18.55
2026-09-16,7803,18.2,114491,18.2,18.2,18.2
2026-09-17,7803,19.3,128845,19.3,19.3,19.3
2026-09-18,7803,18.9,76902,18.9,18.9,18.9
2026-09-21,7803,18.9,31706,18.9,18.9,18.9
2026-09-22,7803,18.25,84519,18.25,18.25,18.25
2026-09-23,7803,18.05,59956,18.05,18.05,18.05
2026-09-24,7803,18.0,27099,18.0,18.0,18.0
2026-09-29,7803,17.75,52156,17.75,17.75,17.75
2026-09-30,7803,17.95,144259,17.95,17.95,17.95
2026-10-01,7803,17.8,40080,17.8,17.8,17.8
2026-10-02,7803,17.6,101000,17.6,17.6,17.6
2026-10-05,7803,17.65,133295,17.65,17.65,17.65
2026-09-22,7812,70.0,478021,70.0,70.0,70.0
2026-09-23,7812,70.9,225228,70.9,70.9,70.9
2026-09-24,7812,69.8,126071,69.8,69.8,69.8
2026-09-29,7812,69.4,64523,69.4,69.4,69.4
2026-09-30,7812,66.7,248351,66.7,66.7,66.7
2026-10-01,7812,64.5,292086,64.5,64.5,64.5
2026-10-02,7812,65.9,171803,65.9,65.9,65.9
2026-10-05,7812,65.5,214366,65.5,65.5,65.5
2026-09-07,7818,60.7,56569,60.7,60.7,60.7
2026-09-08,7818,60.2,28658,60.2,60.2,60.2
2026-09-09,7818,60.0,75120,60.0,60.0,60.0
2026-09-10,7818,60.7,110815,60.7,60.7,60.7
2026-09-11,7818,60.0,71982,60.0,60.0,60.0
2026-09-14,7818,60.2,61450,60.2,60.2,60.2
2026-09-15,7818,60.0,96519,60.0,60.0,60.0
2026-09-16,7818,60.0,36601,60.0,60.0,60.0
2026-09-17,7818,60.1,46262,60.1,60.1,60.1
2026-09-18,7818,60.0,35009,60.0,60.0,60.0
2026-09-21,7818,60.2,41302,60.2,60.2,60.2
2026-09-22,7818,60.1,54257,60.1,60.1,60.1
2026-09-23,7818,60.2,25818,60.2,60.2,60.2
2026-09-24,7818,59.9,26743,59.9,59.9,59.9
2026-09-29,7818,59.9,54677,59.9,59.9,59.9
2026-09-30,7818,60.1,66255,60.1,60.1,60.1
2026-10-01,7818,60.1,55153,60.1,60.1,60.1
2026-10-02,7818,60.0,93762,60.0,60.0,60.0
2026-10-05,7818,60.0,92532,60.0,60.0,60.0
2026-09-07,7821,39.75,99657,39.75,39.75,39.75
2026-09-08,7821,39.65,58993,39.65,39.65,39.65
2026-09-09,7821,40.0,97910,40.0,40.0,40.0
2026-09-10,7821,39.8,136110,39.8,39.8,39.8
2026-09-11,7821,38.9,62828,38.9,38.9,38.9
2026-09-14,7821,38.7,78749,38.7,38.7,38.7
2026-09-15,7821,38.6,75390,38.6,38.6,38.6
2026-09-16,7821,38.6,29542,38.6,38.6,38.6
2026-09-17,7821,38.75,42334,38.75,38.75,38.75
2026-09-18,7821,39.1,107364,39.1,39.1,39.1
2026-09-21,7821,38.9,84063,38.9,38.9,38.9
2026-09-22,7821,37.05,673629,37.05,37.05,37.05
2026-09-23,7821,36.8,127873,36.8,36.8,36.8
2026-09-24,7821,36.75,63919,36.75,36.75,36.75
2026-09-29,7821,36.1,176922,36.1,36.1,36.1
2026-09-30,7821,35.9,197607,35.9,35.9,35.9
2026-10-01,7821,35.85,160670,35.85,35.85,35.85
2026-10-02,7821,35.35,122057,35.35,35.35,35.35
2026-10-05,7821,35.15,102659,35.15,35.15,35.15
2026-09-07,7822,930.0,254988,930.0,930.0,930.0
2026-09-08,7822,899.0,192009,899.0,899.0,899.0
2026-09-09,7822,902.0,135595,902.0,902.0,902.0
2026-09-10,7822,866.0,184709,866.0,866.0,866.0
2026-09-11,7822,834.0,130921,834.0,834.0,834.0
2026-09-14,7822,810.0,122091,810.0,810.0,810.0
2026-09-15,7822,800.0,129355,800.0,800.0,800.0
2026-09-16,7822,810.0,94411,810.0,810.0,810.0
2026-09-17,7822,850.0,160261,850.0,850.0,850.0
2026-09-18,7822,850.0,86446,850.0,850.0,850.0
2026-09-21,7822,850.0,87976,850.0,850.0,850.0
2026-09-22,7822,865.0,172371,865.0,865.0,865.0
2026-09-23,7822,883.0,101924,883.0,883.0,883.0
2026-09-24,7822,920.0,292136,920.0,920.0,920.0
2026-09-29,7822,976.0,361243,976.0,976.0,976.0
2026-09-30,7822,998.0,469058,998.0,998.0,998.0
2026-10-01,7822,1000.0,295608,1000.0,1000.0,1000.0
2026-10-02,7822,1000.0,215376,1000.0,1000.0,1000.0
2026-10-05,7822,990.0,222114,990.0,990.0,990.0
2026-09-07,7823,83.2,27071,83.2,83.2,83.2
2026-09-08,7823,80.7,61019,80.7,80.7,80.7
2026-09-09,7823,80.1,12120,80.1,80.1,80.1
2026-09-10,7823,79.1,6193,79.1,79.1,79.1
2026-09-11,7823,81.0,33000,81.0,81.0,81.0
2026-09-14,7823,81.8,162402,81.8,81.8,81.8
2026-09-15,7823,80.3,72158,80.3,80.3,80.3
2026-09-16,7823,79.4,31110,79.4,79.4,79.4
2026-09-17,7823,80.5,22452,80.5,80.5,80.5
2026-09-18,7823,81.0,36048,81.0,81.0,81.0
2026-09-21,7823,82.1,22580,82.1,82.1,82.1
2026-09-22,7823,80.0,59685,80.0,80.0,80.0
2026-09-23,7823,80.4,24053,80.4,80.4,80.4
2026-09-24,7823,81.0,37865,81.0,81.0,81.0
2026-09-29,7823,80.0,39162,80.0,80.0,80.0
2026-09-30,7823,80.2,37185,80.2,80.2,80.2
2026-10-01,7823,79.9,53100,79.9,79.9,79.9
2026-10-02,7823,79.5,25450,79.5,79.5,79.5
2026-10-05,7823,79.9,78616,79.9,79.9,79.9
2026-09-07,7827,154.0,147036,154.0,154.0,154.0
2026-09-08,7827,151.0,114971,151.0,151.0,151.0
2026-09-09,7827,151.5,140490,151.5,151.5,151.5
2026-09-10,7827,153.0,113955,153.0,153.0,153.0
2026-09-11,7827,152.5,127913,152.5,152.5,152.5
2026-09-14,7827,152.0,81945,152.0,152.0,152.0
2026-09-15,7827,149.5,100172,149.5,149.5,149.5
2026-09-16,7827,148.5,95174,148.5,148.5,148.5
2026-09-17,7827,150.0,152762,150.0,150.0,150.0
2026-09-18,7827,162.0,468830,162.0,162.0,162.0
2026-09-21,7827,162.0,191807,162.0,162.0,162.0
2026-09-22,7827,163.0,321478,163.0,163.0,163.0
2026-09-23,7827,163.0,286810,163.0,163.0,163.0
2026-09-24,7827,162.5,370700,162.5,162.5,162.5
2026-09-29,7827,163.5,407175,163.5,163.5,163.5
2026-09-30,7827,165.0,205107,165.0,165.0,165.0
2026-10-01,7827,165.0,352923,165.0,165.0,165.0
2026-10-02,7827,167.0,418961,167.0,167.0,167.0
2026-10-05,7827,167.5,275143,167.5,167.5,167.5
2026-09-07,7835,23.2,73153,23.2,23.2,23.2
2026-09-08,7835,23.1,46000,23.1,23.1,23.1
2026-09-09,7835,22.9,30000,22.9,22.9,22.9
2026-09-10,7835,22.5,19000,22.5,22.5,22.5
2026-09-11,7835,21.6,34557,21.6,21.6,21.6
2026-09-14,7835,20.85,47160,20.85,20.85,20.85
2026-09-15,7835,21.25,12053,21.25,21.25,21.25
2026-09-16,7835,21.15,44075,21.15,21.15,21.15
2026-09-17,7835,21.0,27025,21.0,21.0,21.0
2026-09-18,7835,21.2,22562,21.2,21.2,21.2
2026-09-21,7835,20.2,50000,20.2,20.2,20.2
2026-09-22,7835,20.05,80075,20.05,20.05,20.05
2026-09-23,7835,20.0,68775,20.0,20.0,20.0
2026-09-24,7835,20.0,33080,20.0,20.0,20.0
2026-09-29,7835,20.0,44054,20.0,20.0,20.0
2026-09-30,7835,20.2,66347,20.2,20.2,20.2
2026-10-01,7835,19.75,98060,19.75,19.75,19.75
2026-10-02,7835,19.95,21000,19.95,19.95,19.95
2026-10-05,7835,19.9,28000,19.9,19.9,19.9
2026-09-07,7855,42.2,2098313,42.2,42.2,42.2
2026-09-08,7855,42.1,880794,42.1,42.1,42.1
2026-09-09,7855,42.15,557349,42.15,42.15,42.15
2026-09-10,7855,42.05,573518,42.05,42.05,42.05
2026-09-11,7855,42.1,576354,42.1,42.1,42.1
2026-09-14,7855,42.0,396126,42.0,42.0,42.0
2026-09-15,7855,42.0,367485,42.0,42.0,42.0
2026-09-16,7855,42.05,362217,42.05,42.05,42.05
2026-09-17,7855,42.1,376860,42.1,42.1,42.1
2026-09-18,7855,42.1,374554,42.1,42.1,42.1
2026-09-21,7855,42.15,241343,42.15,42.15,42.15
2026-09-22,7855,42.0,770642,42.0,42.0,42.0
2026-09-23,7855,42.0,356241,42.0,42.0,42.0
2026-09-24,7855,41.85,688907,41.85,41.85,41.85
2026-09-29,7855,41.5,867500,41.5,41.5,41.5
2026-09-30,7855,41.4,486814,41.4,41.4,41.4
2026-10-01,7855,41.4,378013,41.4,41.4,41.4
2026-10-02,7855,41.4,293839,41.4,41.4,41.4
2026-10-05,7855,41.3,288862,41.3,41.3,41.3
2026-09-07,8011,15.7,167825,15.7,15.7,15.7
2026-09-08,8011,15.5,262309,15.5,15.5,15.5
2026-09-09,8011,15.55,226945,15.55,15.55,15.55
2026-09-10,8011,15.45,322378,15.45,15.45,15.45
2026-09-11,8011,15.55,276480,15.55,15.55,15.55
2026-09-14,8011,15.55,233338,15.55,15.55,15.55
2026-09-15,8011,15.4,197565,15.4,15.4,15.4
2026-09-16,8011,15.7,219476,15.7,15.7,15.7
2026-09-17,8011,15.8,188198,15.8,15.8,15.8
2026-09-18,8011,15.7,341374,15.7,15.7,15.7
2026-09-21,8011,16.5,1419140,16.5,16.5,16.5
2026-09-22,8011,16.05,393126,16.05,16.05,16.05
2026-09-23,8011,15.9,630716,15.9,15.9,15.9
2026-09-24,8011,15.9,135271,15.9,15.9,15.9
2026-09-29,8011,15.8,169654,15.8,15.8,15.8
2026-09-30,8011,16.1,893666,16.1,16.1,16.1
2026-10-01,8011,16.05,127920,16.05,16.05,16.05
2026-10-02,8011,16.1,149109,16.1,16.1,16.1
2026-10-05,8011,16.1,333516,16.1,16.1,16.1
2026-09-07,8016,291.5,252670,291.5,291.5,291.5
2026-09-08,8016,278.0,1445548,278.0,278.0,278.0
2026-09-09,8016,284.0,704719,284.0,284.0,284.0
2026-09-10,8016,279.0,513363,279.0,279.0,279.0
2026-09-11,8016,277.5,542020,277.5,277.5,277.5
2026-09-14,8016,277.0,423108,277.0,277.0,277.0
2026-09-15,8016,274.0,388121,274.0,274.0,274.0
2026-09-16,8016,277.5,450572,277.5,277.5,277.5
2026-09-17,8016,276.0,379208,276.0,276.0,276.0
2026-09-18,8016,281.0,817528,281.0,281.0,281.0
2026-09-21,8016,281.5,461821,281.5,281.5,281.5
2026-09-22,8016,282.0,376653,282.0,282.0,282.0
2026-09-23,8016,281.5,366700,281.5,281.5,281.5
2026-09-24,8016,283.5,323090,283.5,283.5,283.5
2026-09-29,8016,285.0,334696,285.0,285.0,285.0
2026-09-30,8016,284.0,420563,284.0,284.0,284.0
2026-10-01,8016,288.5,499987,288.5,288.5,288.5
2026-10-02,8016,291.0,391697,291.0,291.0,291.0
2026-10-05,8016,293.5,443998,293.5,293.5,293.5
2026-09-07,8021,462.0,13046649,462.0,462.0,462.0
2026-09-08,8021,450.0,15127276,450.0,450.0,450.0
2026-09-09,8021,442.5,1319886,442.5,442.5,442.5
2026-09-10,8021,438.0,995636,438.0,438.0,438.0
2026-09-11,8021,418.5,1115991,418.5,418.5,418.5
2026-09-14,8021,442.5,836712,442.5,442.5,442.5
2026-09-15,8021,431.5,563545,431.5,431.5,431.5
2026-09-16,8021,440.0,8326562,440.0,440.0,440.0
2026-09-17,8021,450.0,10346171,450.0,450.0,450.0
2026-09-18,8021,460.0,8380475,460.0,460.0,460.0
2026-09-21,8021,466.0,8458274,466.0,466.0,466.0
2026-09-22,8021,477.0,13222841,477.0,477.0,477.0
2026-09-23,8021,478.0,2016917,478.0,478.0,478.0
2026-09-24,8021,480.0,949881,480.0,480.0,480.0
2026-09-29,8021,480.0,755727,480.0,480.0,480.0
2026-09-30,8021,486.0,855758,486.0,486.0,486.0
2026-10-01,8021,503.0,1461511,503.0,503.0,503.0
2026-10-02,8021,553.0,9216082,553.0,553.0,553.0
2026-10-05,8021,560.0,12199882,560.0,560.0,560.0
2026-09-07,8028,249.5,5872402,249.5,249.5,249.5
2026-09-08,8028,236.5,5180911,236.5,236.5,236.5
2026-09-09,8028,236.0,1546612,236.0,236.0,236.0
2026-09-10,8028,229.5,2746280,229.5,229.5,229.5
2026-09-11,8028,225.5,2654941,225.5,225.5,225.5
2026-09-14,8028,221.5,2320122,221.5,221.5,221.5
2026-09-15,8028,226.5,3338771,226.5,226.5,226.5
2026-09-16,8028,233.0,3815963,233.0,233.0,233.0
2026-09-17,8028,244.0,9261432,244.0,244.0,244.0
2026-09-18,8028,257.0,11292233,257.0,257.0,257.0
2026-09-21,8028,257.5,12260077,257.5,257.5,257.5
2026-09-22,8028,263.5,13456615,263.5,263.5,263.5
2026-09-23,8028,258.0,5523337,258.0,258.0,258.0
2026-09-24,8028,269.0,10321779,269.0,269.0,269.0
2026-09-29,8028,289.0,18892813,289.0,289.0,289.0
2026-09-30,8028,282.5,11750104,282.5,282.5,282.5
2026-10-01,8028,280.0,5165195,280.0,280.0,280.0
2026-10-02,8028,283.5,5010534,283.5,283.5,283.5
2026-10-05,8028,281.5,6222005,281.5,281.5,281.5
2026-09-07,8033,177.0,2356741,177.0,177.0,177.0
2026-09-08,8033,174.5,2067173,174.5,174.5,174.5
2026-09-09,8033,174.5,1379610,174.5,174.5,174.5
2026-09-10,8033,171.5,1726973,171.5,171.5,171.5
2026-09-11,8033,172.5,8654378,172.5,172.5,172.5
2026-09-14,8033,174.0,3146206,174.0,174.0,174.0
2026-09-15,8033,166.5,2429775,166.5,166.5,166.5
2026-09-16,8033,169.0,1680089,169.0,169.0,169.0
2026-09-17,8033,168.0,2003257,168.0,168.0,168.0
2026-09-18,8033,172.5,1609386,172.5,172.5,172.5
2026-09-21,8033,171.0,1953817,171.0,171.0,171.0
2026-09-22,8033,169.5,1554195,169.5,169.5,169.5
2026-09-23,8033,168.5,1445787,168.5,168.5,168.5
2026-09-24,8033,168.5,1182926,168.5,168.5,168.5
2026-09-29,8033,169.0,1566222,169.0,169.0,169.0
2026-09-30,8033,174.5,2559779,174.5,174.5,174.5
2026-10-01,8033,175.5,1716075,175.5,175.5,175.5
2026-10-02,8033,175.0,1830423,175.0,175.0,175.0
2026-10-05,8033,173.0,1982665,173.0,173.0,173.0
2026-09-07,8039,327.0,22298940,327.0,327.0,327.0
2026-09-08,8039,294.5,40437247,294.5,294.5,294.5
2026-09-09,8039,289.5,33308686,289.5,289.5,289.5
2026-09-10,8039,275.0,23501063,275.0,275.0,275.0
2026-09-11,8039,272.0,22099927,272.0,272.0,272.0
2026-09-14,8039,274.0,14851591,274.0,274.0,274.0
2026-09-15,8039,270.0,17266429,270.0,270.0,270.0
2026-09-16,8039,275.5,12424803,275.5,275.5,275.5
2026-09-17,8039,257.0,22338443,257.0,257.0,257.0
2026-09-18,8039,269.5,18951532,269.5,269.5,269.5
2026-09-21,8039,265.0,9175138,265.0,265.0,265.0
2026-09-22,8039,262.5,10462920,262.5,262.5,262.5
2026-09-23,8039,256.0,8527489,256.0,256.0,256.0
2026-09-24,8039,258.5,7006740,258.5,258.5,258.5
2026-09-29,8039,273.5,14052899,273.5,273.5,273.5
2026-09-30,8039,300.5,31798678,300.5,300.5,300.5
2026-10-01,8039,288.5,30321735,288.5,288.5,288.5
2026-10-02,8039,296.0,19171352,296.0,296.0,296.0
2026-10-05,8039,303.5,49438408,303.5,303.5,303.5
2026-09-07,8045,49.8,198342,49.8,49.8,49.8
2026-09-08,8045,48.9,93427,48.9,48.9,48.9
2026-09-09,8045,48.3,156020,48.3,48.3,48.3
2026-09-10,8045,48.0,99948,48.0,48.0,48.0
2026-09-11,8045,47.2,75565,47.2,47.2,47.2
2026-09-14,8045,47.85,373774,47.85,47.85,47.85
2026-09-15,8045,52.6,144843,52.6,52.6,52.6
2026-09-16,8045,52.8,867843,52.8,52.8,52.8
2026-09-17,8045,54.6,468137,54.6,54.6,54.6
2026-09-18,8045,54.6,375834,54.6,54.6,54.6
2026-09-21,8045,53.8,216721,53.8,53.8,53.8
2026-09-22,8045,53.8,157571,53.8,53.8,53.8
2026-09-23,8045,52.6,265882,52.6,52.6,52.6
2026-09-24,8045,53.3,80890,53.3,53.3,53.3
2026-09-29,8045,53.4,85861,53.4,53.4,53.4
2026-09-30,8045,53.9,75705,53.9,53.9,53.9
2026-10-01,8045,54.7,174112,54.7,54.7,54.7
2026-10-02,8045,56.3,225827,56.3,56.3,56.3
2026-10-05,8045,55.5,243648,55.5,55.5,55.5
2026-09-07,8046,1050.0,7294802,1050.0,1050.0,1050.0
2026-09-08,8046,1025.0,6472507,1025.0,1025.0,1025.0
2026-09-09,8046,1110.0,12270561,1110.0,1110.0,1110.0
2026-09-10,8046,1070.0,6755869,1070.0,1070.0,1070.0
2026-09-11,8046,1080.0,6348878,1080.0,1080.0,1080.0
2026-09-14,8046,1055.0,6139066,1055.0,1055.0,1055.0
2026-09-15,8046,1085.0,7742890,1085.0,1085.0,1085.0
2026-09-16,8046,1105.0,7955496,1105.0,1105.0,1105.0
2026-09-17,8046,1065.0,8133171,1065.0,1065.0,1065.0
2026-09-18,8046,1100.0,10172303,1100.0,1100.0,1100.0
2026-09-21,8046,1060.0,13819215,1060.0,1060.0,1060.0
2026-09-22,8046,1165.0,17065812,1165.0,1165.0,1165.0
2026-09-23,8046,1210.0,17566625,1210.0,1210.0,1210.0
2026-09-24,8046,1240.0,13910571,1240.0,1240.0,1240.0
2026-09-29,8046,1270.0,9218794,1270.0,1270.0,1270.0
2026-09-30,8046,1340.0,13649185,1340.0,1340.0,1340.0
2026-10-01,8046,1420.0,19869429,1420.0,1420.0,1420.0
2026-10-02,8046,1460.0,16705151,1460.0,1460.0,1460.0
2026-10-05,8046,1495.0,15131229,1495.0,1495.0,1495.0
2026-09-07,8070,49.9,1655755,49.9,49.9,49.9
2026-09-08,8070,50.0,2123393,50.0,50.0,50.0
2026-09-09,8070,49.85,1221478,49.85,49.85,49.85
2026-09-10,8070,49.45,1251187,49.45,49.45,49.45
2026-09-11,8070,49.0,1242250,49.0,49.0,49.0
2026-09-14,8070,50.2,2255437,50.2,50.2,50.2
2026-09-15,8070,49.45,878758,49.45,49.45,49.45
2026-09-16,8070,49.25,890121,49.25,49.25,49.25
2026-09-17,8070,50.1,1868960,50.1,50.1,50.1
2026-09-18,8070,50.7,2481596,50.7,50.7,50.7
2026-09-21,8070,49.9,1358076,49.9,49.9,49.9
2026-09-22,8070,49.9,1792453,49.9,49.9,49.9
2026-09-23,8070,49.55,1029111,49.55,49.55,49.55
2026-09-24,8070,49.7,1577793,49.7,49.7,49.7
2026-09-29,8070,49.7,667296,49.7,49.7,49.7
2026-09-30,8070,50.2,942453,50.2,50.2,50.2
2026-10-01,8070,50.2,885030,50.2,50.2,50.2
2026-10-02,8070,50.7,1987144,50.7,50.7,50.7
2026-10-05,8070,51.7,4704235,51.7,51.7,51.7
2026-09-07,8072,25.9,93107,25.9,25.9,25.9
2026-09-08,8072,26.05,78181,26.05,26.05,26.05
2026-09-09,8072,26.05,65308,26.05,26.05,26.05
2026-09-10,8072,25.9,53957,25.9,25.9,25.9
2026-09-11,8072,26.1,52899,26.1,26.1,26.1
2026-09-14,8072,26.35,182196,26.35,26.35,26.35
2026-09-15,8072,26.95,1107818,26.95,26.95,26.95
2026-09-16,8072,26.75,633573,26.75,26.75,26.75
2026-09-17,8072,26.6,127078,26.6,26.6,26.6
2026-09-18,8072,27.8,893248,27.8,27.8,27.8
2026-09-21,8072,27.5,232728,27.5,27.5,27.5
2026-09-22,8072,27.3,74697,27.3,27.3,27.3
2026-09-23,8072,27.15,74535,27.15,27.15,27.15
2026-09-24,8072,28.35,740235,28.35,28.35,28.35
2026-09-29,8072,27.8,148699,27.8,27.8,27.8
2026-09-30,8072,27.85,99285,27.85,27.85,27.85
2026-10-01,8072,27.8,99062,27.8,27.8,27.8
2026-10-02,8072,27.7,129960,27.7,27.7,27.7
2026-10-05,8072,27.1,202654,27.1,27.1,27.1
2026-09-07,8081,253.0,316148,253.0,253.0,253.0
2026-09-08,8081,248.5,511500,248.5,248.5,248.5
2026-09-09,8081,251.0,223835,251.0,251.0,251.0
2026-09-10,8081,247.5,255703,247.5,247.5,247.5
2026-09-11,8081,247.0,253053,247.0,247.0,247.0
2026-09-14,8081,246.5,251738,246.5,246.5,246.5
2026-09-15,8081,246.0,149828,246.0,246.0,246.0
2026-09-16,8081,247.5,219443,247.5,247.5,247.5
2026-09-17,8081,251.0,350702,251.0,251.0,251.0
2026-09-18,8081,253.0,309905,253.0,253.0,253.0
2026-09-21,8081,250.5,174636,250.5,250.5,250.5
2026-09-22,8081,252.0,259181,252.0,252.0,252.0
2026-09-23,8081,250.5,184763,250.5,250.5,250.5
2026-09-24,8081,254.0,224628,254.0,254.0,254.0
2026-09-29,8081,255.5,360523,255.5,255.5,255.5
2026-09-30,8081,251.5,457504,251.5,251.5,251.5
2026-10-01,8081,255.0,411748,255.0,255.0,255.0
2026-10-02,8081,257.0,476238,257.0,257.0,257.0
2026-10-05,8081,259.0,589844,259.0,259.0,259.0
2026-09-07,8101,12.0,1003,12.0,12.0,12.0
2026-09-08,8101,11.95,4067,11.95,11.95,11.95
2026-09-09,8101,11.75,4079,11.75,11.75,11.75
2026-09-10,8101,11.6,1144,11.6,11.6,11.6
2026-09-11,8101,12.15,8320,12.15,12.15,12.15
2026-09-14,8101,12.55,2341,12.55,12.55,12.55
2026-09-15,8101,11.8,5909,11.8,11.8,11.8
2026-09-16,8101,12.25,3667,12.25,12.25,12.25
2026-09-17,8101,12.3,8120,12.3,12.3,12.3
2026-09-18,8101,11.8,1349,11.8,11.8,11.8
2026-09-21,8101,11.25,1469,11.25,11.25,11.25
2026-09-22,8101,11.35,11671,11.35,11.35,11.35
2026-09-23,8101,11.45,1314,11.45,11.45,11.45
2026-09-24,8101,10.95,6931,10.95,10.95,10.95
2026-09-29,8101,10.7,6828,10.7,10.7,10.7
2026-09-30,8101,11.05,9092,11.05,11.05,11.05
2026-10-01,8101,11.05,5605,11.05,11.05,11.05
2026-10-02,8101,10.7,8510,10.7,10.7,10.7
2026-10-05,8101,11.2,26378,11.2,11.2,11.2
2026-09-07,8103,123.5,4391489,123.5,123.5,123.5
2026-09-08,8103,119.5,3392006,119.5,119.5,119.5
2026-09-09,8103,113.0,4299159,113.0,113.0,113.0
2026-09-10,8103,110.0,2321551,110.0,110.0,110.0
2026-09-11,8103,113.0,3454472,113.0,113.0,113.0
2026-09-14,8103,113.0,2666232,113.0,113.0,113.0
2026-09-15,8103,114.0,1820514,114.0,114.0,114.0
2026-09-16,8103,120.0,5849716,120.0,120.0,120.0
2026-09-17,8103,132.0,10401607,132.0,132.0,132.0
2026-09-18,8103,129.5,20154901,129.5,129.5,129.5
2026-09-21,8103,128.5,8348872,128.5,128.5,128.5
2026-09-22,8103,122.5,6183566,122.5,122.5,122.5
2026-09-23,8103,123.5,5647479,123.5,123.5,123.5
2026-09-24,8103,123.0,2944400,123.0,123.0,123.0
2026-09-29,8103,117.0,3898756,117.0,117.0,117.0
2026-09-30,8103,121.5,3891707,121.5,121.5,121.5
2026-10-01,8103,124.0,4022075,124.0,124.0,124.0
2026-10-02,8103,121.0,1955142,121.0,121.0,121.0
2026-10-05,8103,121.5,3823115,121.5,121.5,121.5
2026-09-07,8104,30.55,187203,30.55,30.55,30.55
2026-09-08,8104,30.1,308823,30.1,30.1,30.1
2026-09-09,8104,30.1,173858,30.1,30.1,30.1
2026-09-10,8104,29.95,185788,29.95,29.95,29.95
2026-09-11,8104,29.8,146371,29.8,29.8,29.8
2026-09-14,8104,29.65,235573,29.65,29.65,29.65
2026-09-15,8104,28.9,290666,28.9,28.9,28.9
2026-09-16,8104,29.5,160175,29.5,29.5,29.5
2026-09-17,8104,30.1,279750,30.1,30.1,30.1
2026-09-18,8104,31.0,1004807,31.0,31.0,31.0
2026-09-21,8104,31.2,470558,31.2,31.2,31.2
2026-09-22,8104,30.75,319038,30.75,30.75,30.75
2026-09-23,8104,30.85,196245,30.85,30.85,30.85
2026-09-24,8104,31.05,189594,31.05,31.05,31.05
2026-09-29,8104,31.4,414116,31.4,31.4,31.4
2026-09-30,8104,32.1,654927,32.1,32.1,32.1
2026-10-01,8104,31.7,217875,31.7,31.7,31.7
2026-10-02,8104,31.75,183050,31.75,31.75,31.75
2026-10-05,8104,31.35,307528,31.35,31.35,31.35
2026-09-07,8105,15.2,2555909,15.2,15.2,15.2
2026-09-08,8105,15.1,1837254,15.1,15.1,15.1
2026-09-09,8105,15.25,2079762,15.25,15.25,15.25
2026-09-10,8105,14.65,2200502,14.65,14.65,14.65
2026-09-11,8105,14.65,1339591,14.65,14.65,14.65
2026-09-14,8105,14.5,1108990,14.5,14.5,14.5
2026-09-15,8105,14.15,1668621,14.15,14.15,14.15
2026-09-16,8105,14.4,1147996,14.4,14.4,14.4
2026-09-17,8105,14.6,1274585,14.6,14.6,14.6
2026-09-18,8105,14.8,1194399,14.8,14.8,14.8
2026-09-21,8105,15.1,1752262,15.1,15.1,15.1
2026-09-22,8105,15.3,3509010,15.3,15.3,15.3
2026-09-23,8105,14.9,1428833,14.9,14.9,14.9
2026-09-24,8105,14.85,1003115,14.85,14.85,14.85
2026-09-29,8105,14.9,988490,14.9,14.9,14.9
2026-09-30,8105,16.35,8120178,16.35,16.35,16.35
2026-10-01,8105,15.45,6433836,15.45,15.45,15.45
2026-10-02,8105,15.6,2228765,15.6,15.6,15.6
2026-10-05,8105,15.3,3642000,15.3,15.3,15.3
2026-09-07,8110,43.85,1900525,43.85,43.85,43.85
2026-09-08,8110,43.75,2739098,43.75,43.75,43.75
2026-09-09,8110,43.3,2197941,43.3,43.3,43.3
2026-09-10,8110,42.75,2448023,42.75,42.75,42.75
2026-09-11,8110,42.15,2307197,42.15,42.15,42.15
2026-09-14,8110,41.5,2663437,41.5,41.5,41.5
2026-09-15,8110,40.5,1901645,40.5,40.5,40.5
2026-09-16,8110,41.9,2378545,41.9,41.9,41.9
2026-09-17,8110,43.1,8718839,43.1,43.1,43.1
2026-09-18,8110,47.4,16536574,47.4,47.4,47.4
2026-09-21,8110,52.1,30985739,52.1,52.1,52.1
2026-09-22,8110,48.95,47786757,48.95,48.95,48.95
2026-09-23,8110,49.7,25500944,49.7,49.7,49.7
2026-09-24,8110,49.0,6592866,49.0,49.0,49.0
2026-09-29,8110,48.4,4399510,48.4,48.4,48.4
2026-09-30,8110,49.2,6104836,49.2,49.2,49.2
2026-10-01,8110,48.7,4341907,48.7,48.7,48.7
2026-10-02,8110,49.95,9920246,49.95,49.95,49.95
2026-10-05,8110,49.2,7409030,49.2,49.2,49.2
2026-09-07,8112,90.4,4624442,90.4,90.4,90.4
2026-09-08,8112,89.5,5469272,89.5,89.5,89.5
2026-09-09,8112,86.5,21363125,86.5,86.5,86.5
2026-09-10,8112,85.9,5639452,85.9,85.9,85.9
2026-09-11,8112,84.6,6187886,84.6,84.6,84.6
2026-09-14,8112,83.6,4438980,83.6,83.6,83.6
2026-09-15,8112,82.6,3987720,82.6,82.6,82.6
2026-09-16,8112,82.5,4889102,82.5,82.5,82.5
2026-09-17,8112,82.8,5188936,82.8,82.8,82.8
2026-09-18,8112,83.1,4809582,83.1,83.1,83.1
2026-09-21,8112,83.1,3579738,83.1,83.1,83.1
2026-09-22,8112,82.2,6088483,82.2,82.2,82.2
2026-09-23,8112,82.6,3702383,82.6,82.6,82.6
2026-09-24,8112,83.5,2893819,83.5,83.5,83.5
2026-09-29,8112,82.7,3568622,82.7,82.7,82.7
2026-09-30,8112,82.8,5267062,82.8,82.8,82.8
2026-10-01,8112,83.8,5690582,83.8,83.8,83.8
2026-10-02,8112,84.1,5045893,84.1,84.1,84.1
2026-10-05,8112,84.1,5336243,84.1,84.1,84.1
2026-09-07,8114,189.5,562614,189.5,189.5,189.5
2026-09-08,8114,180.0,1287310,180.0,180.0,180.0
2026-09-09,8114,180.0,525861,180.0,180.0,180.0
2026-09-10,8114,178.5,318809,178.5,178.5,178.5
2026-09-11,8114,177.5,483677,177.5,177.5,177.5
2026-09-14,8114,179.5,282827,179.5,179.5,179.5
2026-09-15,8114,176.0,263909,176.0,176.0,176.0
2026-09-16,8114,177.0,316820,177.0,177.0,177.0
2026-09-17,8114,178.5,347672,178.5,178.5,178.5
2026-09-18,8114,179.0,325127,179.0,179.0,179.0
2026-09-21,8114,177.5,360055,177.5,177.5,177.5
2026-09-22,8114,176.0,312192,176.0,176.0,176.0
2026-09-23,8114,175.0,318439,175.0,175.0,175.0
2026-09-24,8114,177.5,228963,177.5,177.5,177.5
2026-09-29,8114,179.0,213036,179.0,179.0,179.0
2026-09-30,8114,179.0,291044,179.0,179.0,179.0
2026-10-01,8114,178.0,227586,178.0,178.0,178.0
2026-10-02,8114,178.5,135896,178.5,178.5,178.5
2026-10-05,8114,179.0,139553,179.0,179.0,179.0
2026-09-07,8131,61.9,1190124,61.9,61.9,61.9
2026-09-08,8131,61.9,1898288,61.9,61.9,61.9
2026-09-09,8131,63.5,8925029,63.5,63.5,63.5
2026-09-10,8131,62.0,2036948,62.0,62.0,62.0
2026-09-11,8131,60.3,1652441,60.3,60.3,60.3
2026-09-14,8131,59.0,1369546,59.0,59.0,59.0
2026-09-15,8131,57.5,1423126,57.5,57.5,57.5
2026-09-16,8131,58.9,741036,58.9,58.9,58.9
2026-09-17,8131,59.1,977299,59.1,59.1,59.1
2026-09-18,8131,61.3,3628127,61.3,61.3,61.3
2026-09-21,8131,61.7,2714877,61.7,61.7,61.7
2026-09-22,8131,61.4,2568558,61.4,61.4,61.4
2026-09-23,8131,61.4,2122858,61.4,61.4,61.4
2026-09-24,8131,61.4,792721,61.4,61.4,61.4
2026-09-29,8131,61.6,607921,61.6,61.6,61.6
2026-09-30,8131,62.6,1896520,62.6,62.6,62.6
2026-10-01,8131,62.5,1213878,62.5,62.5,62.5
2026-10-02,8131,63.5,3629621,63.5,63.5,63.5
2026-10-05,8131,63.5,1950288,63.5,63.5,63.5
2026-09-07,8150,91.3,17151866,91.3,91.3,91.3
2026-09-08,8150,90.3,13892407,90.3,90.3,90.3
2026-09-09,8150,91.5,38445198,91.5,91.5,91.5
2026-09-10,8150,90.9,11730848,90.9,90.9,90.9
2026-09-11,8150,86.7,22223021,86.7,86.7,86.7
2026-09-14,8150,86.6,10859992,86.6,86.6,86.6
2026-09-15,8150,84.4,11605119,84.4,84.4,84.4
2026-09-16,8150,87.1,8426884,87.1,87.1,87.1
2026-09-17,8150,86.7,15264426,86.7,86.7,86.7
2026-09-18,8150,94.0,41434324,94.0,94.0,94.0
2026-09-21,8150,103.0,63139168,103.0,103.0,103.0
2026-09-22,8150,105.5,130239665,105.5,105.5,105.5
2026-09-23,8150,107.0,116219432,107.0,107.0,107.0
2026-09-24,8150,112.0,83883329,112.0,112.0,112.0
2026-09-29,8150,104.5,53281367,104.5,104.5,104.5
2026-09-30,8150,114.5,78992086,114.5,114.5,114.5
2026-10-01,8150,115.5,72187178,115.5,115.5,115.5
2026-10-02,8150,127.0,99203568,127.0,127.0,127.0
2026-10-05,8150,124.0,98413877,124.0,124.0,124.0
2026-09-07,8162,61.1,61644,61.1,61.1,61.1
2026-09-08,8162,61.2,194256,61.2,61.2,61.2
2026-09-09,8162,60.2,44692,60.2,60.2,60.2
2026-09-10,8162,60.5,78301,60.5,60.5,60.5
2026-09-11,8162,61.2,87496,61.2,61.2,61.2
2026-09-14,8162,60.4,99050,60.4,60.4,60.4
2026-09-15,8162,58.8,96728,58.8,58.8,58.8
2026-09-16,8162,59.7,21105,59.7,59.7,59.7
2026-09-17,8162,60.1,133620,60.1,60.1,60.1
2026-09-18,8162,61.0,111391,61.0,61.0,61.0
2026-09-21,8162,60.4,190408,60.4,60.4,60.4
2026-09-22,8162,59.8,149000,59.8,59.8,59.8
2026-09-23,8162,63.0,928659,63.0,63.0,63.0
2026-09-24,8162,65.1,1079258,65.1,65.1,65.1
2026-09-29,8162,65.4,412662,65.4,65.4,65.4
2026-09-30,8162,66.8,495524,66.8,66.8,66.8
2026-10-01,8162,68.0,422474,68.0,68.0,68.0
2026-10-02,8162,67.4,328373,67.4,67.4,67.4
2026-10-05,8162,66.9,324701,66.9,66.9,66.9
2026-09-07,8163,30.95,705155,30.95,30.95,30.95
2026-09-08,8163,30.15,926953,30.15,30.15,30.15
2026-09-09,8163,30.2,613078,30.2,30.2,30.2
2026-09-10,8163,30.0,641043,30.0,30.0,30.0
2026-09-11,8163,29.6,452194,29.6,29.6,29.6
2026-09-14,8163,29.7,357693,29.7,29.7,29.7
2026-09-15,8163,29.05,617702,29.05,29.05,29.05
2026-09-16,8163,29.65,478881,29.65,29.65,29.65
2026-09-17,8163,29.8,349519,29.8,29.8,29.8
2026-09-18,8163,29.85,669921,29.85,29.85,29.85
2026-09-21,8163,30.4,401670,30.4,30.4,30.4
2026-09-22,8163,30.3,640456,30.3,30.3,30.3
2026-09-23,8163,29.8,494225,29.8,29.8,29.8
2026-09-24,8163,30.05,579483,30.05,30.05,30.05
2026-09-29,8163,30.15,385982,30.15,30.15,30.15
2026-09-30,8163,30.25,670760,30.25,30.25,30.25
2026-10-01,8163,30.6,732384,30.6,30.6,30.6
2026-10-02,8163,31.2,963152,31.2,31.2,31.2
2026-10-05,8163,30.7,770051,30.7,30.7,30.7
2026-09-07,8201,11.6,31175,11.6,11.6,11.6
2026-09-08,8201,11.55,11842,11.55,11.55,11.55
2026-09-09,8201,11.7,18018,11.7,11.7,11.7
2026-09-10,8201,12.0,111685,12.0,12.0,12.0
2026-09-11,8201,11.95,21010,11.95,11.95,11.95
2026-09-14,8201,11.9,31002,11.9,11.9,11.9
2026-09-15,8201,11.6,41242,11.6,11.6,11.6
2026-09-16,8201,11.75,8877,11.75,11.75,11.75
2026-09-17,8201,11.65,15845,11.65,11.65,11.65
2026-09-18,8201,12.05,52489,12.05,12.05,12.05
2026-09-21,8201,12.0,2687,12.0,12.0,12.0
2026-09-22,8201,12.3,43812,12.3,12.3,12.3
2026-09-23,8201,12.1,52272,12.1,12.1,12.1
2026-09-24,8201,13.3,421852,13.3,13.3,13.3
2026-09-29,8201,14.6,843746,14.6,14.6,14.6
2026-09-30,8201,16.05,1763068,16.05,16.05,16.05
2026-10-01,8201,17.65,2774334,17.65,17.65,17.65
2026-10-02,8201,17.1,1540654,17.1,17.1,17.1
2026-10-05,8201,16.35,1102314,16.35,16.35,16.35
2026-09-07,8210,937.0,2294432,937.0,937.0,937.0
2026-09-08,8210,907.0,2470120,907.0,907.0,907.0
2026-09-09,8210,916.0,1442048,916.0,916.0,916.0
2026-09-10,8210,910.0,1276988,910.0,910.0,910.0
2026-09-11,8210,900.0,751039,900.0,900.0,900.0
2026-09-14,8210,886.0,836211,886.0,886.0,886.0
2026-09-15,8210,874.0,852882,874.0,874.0,874.0
2026-09-16,8210,883.0,570341,883.0,883.0,883.0
2026-09-17,8210,891.0,882451,891.0,891.0,891.0
2026-09-18,8210,902.0,1163708,902.0,902.0,902.0
2026-09-21,8210,900.0,979590,900.0,900.0,900.0
2026-09-22,8210,898.0,1083226,898.0,898.0,898.0
2026-09-23,8210,892.0,1253555,892.0,892.0,892.0
2026-09-24,8210,897.0,554178,897.0,897.0,897.0
2026-09-29,8210,877.0,1137156,877.0,877.0,877.0
2026-09-30,8210,836.0,4742387,836.0,836.0,836.0
2026-10-01,8210,845.0,2063602,845.0,845.0,845.0
2026-10-02,8210,841.0,1636063,841.0,841.0,841.0
2026-10-05,8210,890.0,5109884,890.0,890.0,890.0
2026-09-07,8213,32.95,261717,32.95,32.95,32.95
2026-09-08,8213,32.55,277278,32.55,32.55,32.55
2026-09-09,8213,32.8,184197,32.8,32.8,32.8
2026-09-10,8213,32.3,177166,32.3,32.3,32.3
2026-09-11,8213,32.25,500715,32.25,32.25,32.25
2026-09-14,8213,32.85,264147,32.85,32.85,32.85
2026-09-15,8213,32.3,268725,32.3,32.3,32.3
2026-09-16,8213,32.5,309655,32.5,32.5,32.5
2026-09-17,8213,32.55,173174,32.55,32.55,32.55
2026-09-18,8213,33.0,805791,33.0,33.0,33.0
2026-09-21,8213,33.2,339153,33.2,33.2,33.2
2026-09-22,8213,33.25,224149,33.25,33.25,33.25
2026-09-23,8213,33.15,166539,33.15,33.15,33.15
2026-09-24,8213,33.1,179430,33.1,33.1,33.1
2026-09-29,8213,32.8,529799,32.8,32.8,32.8
2026-09-30,8213,34.5,1000110,34.5,34.5,34.5
2026-10-01,8213,34.0,385406,34.0,34.0,34.0
2026-10-02,8213,34.25,416892,34.25,34.25,34.25
2026-10-05,8213,33.85,278351,33.85,33.85,33.85
2026-09-07,8215,25.35,410067,25.35,25.35,25.35
2026-09-08,8215,25.15,426607,25.15,25.15,25.15
2026-09-09,8215,25.5,409396,25.5,25.5,25.5
2026-09-10,8215,25.05,634182,25.05,25.05,25.05
2026-09-11,8215,25.05,501843,25.05,25.05,25.05
2026-09-14,8215,24.95,397110,24.95,24.95,24.95
2026-09-15,8215,24.5,316404,24.5,24.5,24.5
2026-09-16,8215,25.85,3256276,25.85,25.85,25.85
2026-09-17,8215,27.0,3835092,27.0,27.0,27.0
2026-09-18,8215,27.35,6504404,27.35,27.35,27.35
2026-09-21,8215,30.05,7641871,30.05,30.05,30.05
2026-09-22,8215,28.35,12705569,28.35,28.35,28.35
2026-09-23,8215,27.85,2096658,27.85,27.85,27.85
2026-09-24,8215,27.9,1084525,27.9,27.9,27.9
2026-09-29,8215,28.0,1185197,28.0,28.0,28.0
2026-09-30,8215,29.65,4627241,29.65,29.65,29.65
2026-10-01,8215,29.1,2446726,29.1,29.1,29.1
2026-10-02,8215,29.7,1925721,29.7,29.7,29.7
2026-10-05,8215,28.6,2080719,28.6,28.6,28.6
2026-09-07,8222,36.7,319589,36.7,36.7,36.7
2026-09-08,8222,36.45,313723,36.45,36.45,36.45
2026-09-09,8222,35.9,474899,35.9,35.9,35.9
2026-09-10,8222,34.7,764771,34.7,34.7,34.7
2026-09-11,8222,34.7,444313,34.7,34.7,34.7
2026-09-14,8222,34.7,259367,34.7,34.7,34.7
2026-09-15,8222,34.25,252099,34.25,34.25,34.25
2026-09-16,8222,34.65,199043,34.65,34.65,34.65
2026-09-17,8222,35.0,194183,35.0,35.0,35.0
2026-09-18,8222,35.55,210753,35.55,35.55,35.55
2026-09-21,8222,35.75,249503,35.75,35.75,35.75
2026-09-22,8222,35.25,191614,35.25,35.25,35.25
2026-09-23,8222,35.2,134983,35.2,35.2,35.2
2026-09-24,8222,35.15,95393,35.15,35.15,35.15
2026-09-29,8222,35.3,101144,35.3,35.3,35.3
2026-09-30,8222,35.8,250901,35.8,35.8,35.8
2026-10-01,8222,35.55,112361,35.55,35.55,35.55
2026-10-02,8222,35.4,210920,35.4,35.4,35.4
2026-10-05,8222,35.4,347546,35.4,35.4,35.4
2026-09-07,8249,40.0,235646,40.0,40.0,40.0
2026-09-08,8249,39.75,162176,39.75,39.75,39.75
2026-09-09,8249,39.8,164559,39.8,39.8,39.8
2026-09-10,8249,38.4,408412,38.4,38.4,38.4
2026-09-11,8249,37.6,268236,37.6,37.6,37.6
2026-09-14,8249,37.55,83111,37.55,37.55,37.55
2026-09-15,8249,37.1,141470,37.1,37.1,37.1
2026-09-16,8249,37.95,138683,37.95,37.95,37.95
2026-09-17,8249,38.4,154044,38.4,38.4,38.4
2026-09-18,8249,39.2,214282,39.2,39.2,39.2
2026-09-21,8249,39.35,122454,39.35,39.35,39.35
2026-09-22,8249,39.25,82837,39.25,39.25,39.25
2026-09-23,8249,39.55,133972,39.55,39.55,39.55
2026-09-24,8249,39.35,66852,39.35,39.35,39.35
2026-09-29,8249,39.05,384513,39.05,39.05,39.05
2026-09-30,8249,39.5,218355,39.5,39.5,39.5
2026-10-01,8249,39.4,99799,39.4,39.4,39.4
2026-10-02,8249,41.0,464058,41.0,41.0,41.0
2026-10-05,8249,40.5,318501,40.5,40.5,40.5
2026-09-07,8261,181.0,3161086,181.0,181.0,181.0
2026-09-08,8261,170.5,4186344,170.5,170.5,170.5
2026-09-09,8261,170.5,1715914,170.5,170.5,170.5
2026-09-10,8261,168.0,2049028,168.0,168.0,168.0
2026-09-11,8261,162.0,1680219,162.0,162.0,162.0
2026-09-14,8261,166.5,2715820,166.5,166.5,166.5
2026-09-15,8261,165.0,1836022,165.0,165.0,165.0
2026-09-16,8261,173.5,2851869,173.5,173.5,173.5
2026-09-17,8261,169.0,2090294,169.0,169.0,169.0
2026-09-18,8261,177.0,5019570,177.0,177.0,177.0
2026-09-21,8261,173.5,1716225,173.5,173.5,173.5
2026-09-22,8261,176.5,2746376,176.5,176.5,176.5
2026-09-23,8261,180.5,3534255,180.5,180.5,180.5
2026-09-24,8261,176.0,2571057,176.0,176.0,176.0
2026-09-29,8261,176.5,1003785,176.5,176.5,176.5
2026-09-30,8261,176.0,1185324,176.0,176.0,176.0
2026-10-01,8261,181.5,3960633,181.5,181.5,181.5
2026-10-02,8261,186.5,5681906,186.5,186.5,186.5
2026-10-05,8261,205.0,15767944,205.0,205.0,205.0
2026-09-07,8271,222.0,1855792,222.0,222.0,222.0
2026-09-08,8271,219.5,1607586,219.5,219.5,219.5
2026-09-09,8271,217.5,1425181,217.5,217.5,217.5
2026-09-10,8271,211.0,2410888,211.0,211.0,211.0
2026-09-11,8271,206.0,1384179,206.0,206.0,206.0
2026-09-14,8271,202.0,993657,202.0,202.0,202.0
2026-09-15,8271,199.5,1043149,199.5,199.5,199.5
2026-09-16,8271,210.0,2217042,210.0,210.0,210.0
2026-09-17,8271,204.0,2162395,204.0,204.0,204.0
2026-09-18,8271,205.5,1188790,205.5,205.5,205.5
2026-09-21,8271,204.0,904844,204.0,204.0,204.0
2026-09-22,8271,201.5,1067905,201.5,201.5,201.5
2026-09-23,8271,200.5,1098294,200.5,200.5,200.5
2026-09-24,8271,200.0,977099,200.0,200.0,200.0
2026-09-29,8271,199.5,564200,199.5,199.5,199.5
2026-09-30,8271,202.0,700298,202.0,202.0,202.0
2026-10-01,8271,201.0,696257,201.0,201.0,201.0
2026-10-02,8271,202.5,681048,202.5,202.5,202.5
2026-10-05,8271,200.5,1113436,200.5,200.5,200.5
2026-09-07,8341,75.1,162170,75.1,75.1,75.1
2026-09-08,8341,74.6,238417,74.6,74.6,74.6
2026-09-09,8341,74.9,136516,74.9,74.9,74.9
2026-09-10,8341,74.6,180230,74.6,74.6,74.6
2026-09-11,8341,74.4,144361,74.4,74.4,74.4
2026-09-14,8341,74.2,278352,74.2,74.2,74.2
2026-09-15,8341,74.2,132619,74.2,74.2,74.2
2026-09-16,8341,74.1,93654,74.1,74.1,74.1
2026-09-17,8341,74.5,103438,74.5,74.5,74.5
2026-09-18,8341,75.3,154499,75.3,75.3,75.3
2026-09-21,8341,74.8,84393,74.8,74.8,74.8
2026-09-22,8341,74.7,126767,74.7,74.7,74.7
2026-09-23,8341,74.6,89431,74.6,74.6,74.6
2026-09-24,8341,74.5,104313,74.5,74.5,74.5
2026-09-29,8341,74.3,101431,74.3,74.3,74.3
2026-09-30,8341,74.4,159705,74.4,74.4,74.4
2026-10-01,8341,74.2,106612,74.2,74.2,74.2
2026-10-02,8341,74.2,112529,74.2,74.2,74.2
2026-10-05,8341,73.8,285825,73.8,73.8,73.8
2026-09-07,8367,41.2,8411,41.2,41.2,41.2
2026-09-08,8367,40.7,23885,40.7,40.7,40.7
2026-09-09,8367,40.9,6045,40.9,40.9,40.9
2026-09-10,8367,40.5,11079,40.5,40.5,40.5
2026-09-11,8367,40.2,47375,40.2,40.2,40.2
2026-09-14,8367,40.7,7138,40.7,40.7,40.7
2026-09-15,8367,40.5,7065,40.5,40.5,40.5
2026-09-16,8367,40.8,1079,40.8,40.8,40.8
2026-09-17,8367,40.8,22623,40.8,40.8,40.8
2026-09-18,8367,40.75,12998,40.75,40.75,40.75
2026-09-21,8367,40.65,17176,40.65,40.65,40.65
2026-09-22,8367,40.5,54101,40.5,40.5,40.5
2026-09-23,8367,40.25,26086,40.25,40.25,40.25
2026-09-24,8367,40.6,9000,40.6,40.6,40.6
2026-09-29,8367,40.05,7068,40.05,40.05,40.05
2026-09-30,8367,40.45,12141,40.45,40.45,40.45
2026-10-01,8367,40.8,13706,40.8,40.8,40.8
2026-10-02,8367,40.65,55146,40.65,40.65,40.65
2026-10-05,8367,40.75,12226,40.75,40.75,40.75
2026-09-07,8374,82.9,1114276,82.9,82.9,82.9
2026-09-08,8374,80.1,386493,80.1,80.1,80.1
2026-09-09,8374,80.4,228455,80.4,80.4,80.4
2026-09-10,8374,79.5,162101,79.5,79.5,79.5
2026-09-11,8374,78.6,200599,78.6,78.6,78.6
2026-09-14,8374,77.2,191303,77.2,77.2,77.2
2026-09-15,8374,76.0,124293,76.0,76.0,76.0
2026-09-16,8374,76.7,129123,76.7,76.7,76.7
2026-09-17,8374,77.3,121447,77.3,77.3,77.3
2026-09-18,8374,77.0,142564,77.0,77.0,77.0
2026-09-21,8374,77.4,196402,77.4,77.4,77.4
2026-09-22,8374,76.5,127134,76.5,76.5,76.5
2026-09-23,8374,76.1,121593,76.1,76.1,76.1
2026-09-24,8374,75.3,147506,75.3,75.3,75.3
2026-09-29,8374,76.0,105764,76.0,76.0,76.0
2026-09-30,8374,77.6,134980,77.6,77.6,77.6
2026-10-01,8374,76.9,116667,76.9,76.9,76.9
2026-10-02,8374,77.6,152048,77.6,77.6,77.6
2026-10-05,8374,76.9,184904,76.9,76.9,76.9
2026-09-07,8404,15.95,517530,15.95,15.95,15.95
2026-09-08,8404,15.55,832347,15.55,15.55,15.55
2026-09-09,8404,15.0,814831,15.0,15.0,15.0
2026-09-10,8404,14.35,863977,14.35,14.35,14.35
2026-09-11,8404,13.9,803329,13.9,13.9,13.9
2026-09-14,8404,13.9,346241,13.9,13.9,13.9
2026-09-15,8404,13.65,427126,13.65,13.65,13.65
2026-09-16,8404,13.65,278687,13.65,13.65,13.65
2026-09-17,8404,13.6,385315,13.6,13.6,13.6
2026-09-18,8404,13.55,418762,13.55,13.55,13.55
2026-09-21,8404,13.85,132672,13.85,13.85,13.85
2026-09-22,8404,13.55,293678,13.55,13.55,13.55
2026-09-23,8404,13.7,232860,13.7,13.7,13.7
2026-09-24,8404,13.55,215582,13.55,13.55,13.55
2026-09-29,8404,13.15,378530,13.15,13.15,13.15
2026-09-30,8404,13.25,313492,13.25,13.25,13.25
2026-10-01,8404,13.3,316826,13.3,13.3,13.3
2026-10-02,8404,13.15,708954,13.15,13.15,13.15
2026-10-05,8404,13.0,687868,13.0,13.0,13.0
2026-09-07,8411,13.0,40915,13.0,13.0,13.0
2026-09-08,8411,12.8,60320,12.8,12.8,12.8
2026-09-09,8411,12.95,42581,12.95,12.95,12.95
2026-09-10,8411,13.0,27273,13.0,13.0,13.0
2026-09-11,8411,13.0,65791,13.0,13.0,13.0
2026-09-14,8411,12.65,164927,12.65,12.65,12.65
2026-09-15,8411,12.75,129927,12.75,12.75,12.75
2026-09-16,8411,12.65,56845,12.65,12.65,12.65
2026-09-17,8411,12.6,78072,12.6,12.6,12.6
2026-09-18,8411,12.6,99796,12.6,12.6,12.6
2026-09-21,8411,12.5,138578,12.5,12.5,12.5
2026-09-22,8411,12.45,101036,12.45,12.45,12.45
2026-09-23,8411,12.2,104097,12.2,12.2,12.2
2026-09-24,8411,12.1,238519,12.1,12.1,12.1
2026-09-29,8411,11.9,435221,11.9,11.9,11.9
2026-09-30,8411,11.9,347046,11.9,11.9,11.9
2026-10-01,8411,11.9,82100,11.9,11.9,11.9
2026-10-02,8411,11.6,241808,11.6,11.6,11.6
2026-10-05,8411,11.7,161107,11.7,11.7,11.7
2026-09-07,8422,26.05,3685181,26.05,26.05,26.05
2026-09-08,8422,26.6,4435785,26.6,26.6,26.6
2026-09-09,8422,26.25,2939296,26.25,26.25,26.25
2026-09-10,8422,26.3,2931766,26.3,26.3,26.3
2026-09-11,8422,26.05,2447685,26.05,26.05,26.05
2026-09-14,8422,26.1,2808148,26.1,26.1,26.1
2026-09-15,8422,25.95,4672298,25.95,25.95,25.95
2026-09-16,8422,26.0,3346952,26.0,26.0,26.0
2026-09-17,8422,25.85,6767421,25.85,25.85,25.85
2026-09-18,8422,26.55,11558270,26.55,26.55,26.55
2026-09-21,8422,26.0,4346271,26.0,26.0,26.0
2026-09-22,8422,25.7,5860709,25.7,25.7,25.7
2026-09-23,8422,25.65,2412054,25.65,25.65,25.65
2026-09-24,8422,25.55,3243126,25.55,25.55,25.55
2026-09-29,8422,25.5,2697535,25.5,25.5,25.5
2026-09-30,8422,25.9,2700362,25.9,25.9,25.9
2026-10-01,8422,25.6,2860578,25.6,25.6,25.6
2026-10-02,8422,25.5,2992277,25.5,25.5,25.5
2026-10-05,8422,25.3,5201338,25.3,25.3,25.3
2026-09-07,8429,5.98,216748,5.98,5.98,5.98
2026-09-08,8429,5.96,179043,5.96,5.96,5.96
2026-09-09,8429,5.98,51712,5.98,5.98,5.98
2026-09-10,8429,5.97,109417,5.97,5.97,5.97
2026-09-11,8429,5.95,232330,5.95,5.95,5.95
2026-09-14,8429,5.92,78613,5.92,5.92,5.92
2026-09-15,8429,5.88,170626,5.88,5.88,5.88
2026-09-16,8429,5.92,95616,5.92,5.92,5.92
2026-09-17,8429,5.93,186234,5.93,5.93,5.93
2026-09-18,8429,5.91,121399,5.91,5.91,5.91
2026-09-21,8429,5.91,66820,5.91,5.91,5.91
2026-09-22,8429,5.88,174087,5.88,5.88,5.88
2026-09-23,8429,5.87,254652,5.87,5.87,5.87
2026-09-24,8429,5.89,91426,5.89,5.89,5.89
2026-09-29,8429,5.85,149803,5.85,5.85,5.85
2026-09-30,8429,5.91,263105,5.91,5.91,5.91
2026-10-01,8429,5.91,97112,5.91,5.91,5.91
2026-10-02,8429,5.9,126137,5.9,5.9,5.9
2026-10-05,8429,5.9,119693,5.9,5.9,5.9
2026-09-07,8438,68.7,108946,68.7,68.7,68.7
2026-09-08,8438,68.0,99416,68.0,68.0,68.0
2026-09-09,8438,69.0,109779,69.0,69.0,69.0
2026-09-10,8438,68.9,89059,68.9,68.9,68.9
2026-09-11,8438,67.0,88635,67.0,67.0,67.0
2026-09-14,8438,67.7,63400,67.7,67.7,67.7
2026-09-15,8438,67.2,72393,67.2,67.2,67.2
2026-09-16,8438,68.4,161020,68.4,68.4,68.4
2026-09-17,8438,68.8,188127,68.8,68.8,68.8
2026-09-18,8438,68.5,547959,68.5,68.5,68.5
2026-09-21,8438,69.0,132639,69.0,69.0,69.0
2026-09-22,8438,74.6,1068146,74.6,74.6,74.6
2026-09-23,8438,78.0,1526211,78.0,78.0,78.0
2026-09-24,8438,76.6,998074,76.6,76.6,76.6
2026-09-29,8438,80.0,682528,80.0,80.0,80.0
2026-09-30,8438,80.8,431834,80.8,80.8,80.8
2026-10-01,8438,80.9,508451,80.9,80.9,80.9
2026-10-02,8438,84.2,900296,84.2,84.2,84.2
2026-10-05,8438,81.0,843552,81.0,81.0,81.0
2026-09-07,8442,45.65,42500,45.65,45.65,45.65
2026-09-08,8442,46.65,85027,46.65,46.65,46.65
2026-09-09,8442,46.4,37230,46.4,46.4,46.4
2026-09-10,8442,46.35,21220,46.35,46.35,46.35
2026-09-11,8442,45.75,19917,45.75,45.75,45.75
2026-09-14,8442,45.45,21000,45.45,45.45,45.45
2026-09-15,8442,45.65,48403,45.65,45.65,45.65
2026-09-16,8442,45.7,37552,45.7,45.7,45.7
2026-09-17,8442,46.1,25624,46.1,46.1,46.1
2026-09-18,8442,46.2,26433,46.2,46.2,46.2
2026-09-21,8442,46.2,40119,46.2,46.2,46.2
2026-09-22,8442,46.2,38846,46.2,46.2,46.2
2026-09-23,8442,45.1,54299,45.1,45.1,45.1
2026-09-24,8442,44.45,73000,44.45,44.45,44.45
2026-09-29,8442,44.8,39185,44.8,44.8,44.8
2026-09-30,8442,45.6,66431,45.6,45.6,45.6
2026-10-01,8442,45.6,22328,45.6,45.6,45.6
2026-10-02,8442,45.9,77554,45.9,45.9,45.9
2026-10-05,8442,45.95,28046,45.95,45.95,45.95
2026-09-07,8443,11.25,46590,11.25,11.25,11.25
2026-09-08,8443,11.15,10328,11.15,11.15,11.15
2026-09-09,8443,11.2,33361,11.2,11.2,11.2
2026-09-10,8443,11.2,30022,11.2,11.2,11.2
2026-09-11,8443,11.15,28175,11.15,11.15,11.15
2026-09-14,8443,11.2,755929,11.2,11.2,11.2
2026-09-15,8443,11.2,21244,11.2,11.2,11.2
2026-09-16,8443,11.2,30346,11.2,11.2,11.2
2026-09-17,8443,11.2,30029,11.2,11.2,11.2
2026-09-18,8443,11.2,25514,11.2,11.2,11.2
2026-09-21,8443,11.25,36067,11.25,11.25,11.25
2026-09-22,8443,11.25,18053,11.25,11.25,11.25
2026-09-23,8443,11.25,7939,11.25,11.25,11.25
2026-09-24,8443,11.2,8298,11.2,11.2,11.2
2026-09-29,8443,11.15,3566,11.15,11.15,11.15
2026-09-30,8443,11.15,45352,11.15,11.15,11.15
2026-10-01,8443,11.1,7906,11.1,11.1,11.1
2026-10-02,8443,11.0,36085,11.0,11.0,11.0
2026-10-05,8443,11.15,6670,11.15,11.15,11.15
2026-09-07,8454,242.0,309355,242.0,242.0,242.0
2026-09-08,8454,239.5,194492,239.5,239.5,239.5
2026-09-09,8454,238.5,300049,238.5,238.5,238.5
2026-09-10,8454,234.0,338663,234.0,234.0,234.0
2026-09-11,8454,241.0,674132,241.0,241.0,241.0
2026-09-14,8454,245.0,448426,245.0,245.0,245.0
2026-09-15,8454,242.0,335448,242.0,242.0,242.0
2026-09-16,8454,243.0,235747,243.0,243.0,243.0
2026-09-17,8454,249.0,353251,249.0,249.0,249.0
2026-09-18,8454,249.0,528415,249.0,249.0,249.0
2026-09-21,8454,246.5,350863,246.5,246.5,246.5
2026-09-22,8454,241.0,432051,241.0,241.0,241.0
2026-09-23,8454,244.5,314826,244.5,244.5,244.5
2026-09-24,8454,239.0,246679,239.0,239.0,239.0
2026-09-29,8454,236.0,339721,236.0,236.0,236.0
2026-09-30,8454,240.5,417352,240.5,240.5,240.5
2026-10-01,8454,239.0,233272,239.0,239.0,239.0
2026-10-02,8454,239.0,203142,239.0,239.0,239.0
2026-10-05,8454,234.5,508046,234.5,234.5,234.5
2026-09-07,8462,164.5,112753,164.5,164.5,164.5
2026-09-08,8462,167.0,44886,167.0,167.0,167.0
2026-09-09,8462,165.5,33016,165.5,165.5,165.5
2026-09-10,8462,164.5,48832,164.5,164.5,164.5
2026-09-11,8462,159.5,175142,159.5,159.5,159.5
2026-09-14,8462,162.0,32033,162.0,162.0,162.0
2026-09-15,8462,160.5,43371,160.5,160.5,160.5
2026-09-16,8462,158.5,108937,158.5,158.5,158.5
2026-09-17,8462,161.5,44601,161.5,161.5,161.5
2026-09-18,8462,162.0,35184,162.0,162.0,162.0
2026-09-21,8462,161.5,19651,161.5,161.5,161.5
2026-09-22,8462,160.0,42570,160.0,160.0,160.0
2026-09-23,8462,158.0,89482,158.0,158.0,158.0
2026-09-24,8462,158.0,55682,158.0,158.0,158.0
2026-09-29,8462,157.0,55925,157.0,157.0,157.0
2026-09-30,8462,158.5,28747,158.5,158.5,158.5
2026-10-01,8462,157.0,122968,157.0,157.0,157.0
2026-10-02,8462,157.0,64969,157.0,157.0,157.0
2026-10-05,8462,157.5,27077,157.5,157.5,157.5
2026-09-07,8463,21.5,39000,21.5,21.5,21.5
2026-09-08,8463,21.5,9471,21.5,21.5,21.5
2026-09-09,8463,21.5,15307,21.5,21.5,21.5
2026-09-10,8463,21.4,9050,21.4,21.4,21.4
2026-09-11,8463,21.35,13011,21.35,21.35,21.35
2026-09-14,8463,21.1,19012,21.1,21.1,21.1
2026-09-15,8463,21.15,17025,21.15,21.15,21.15
2026-09-16,8463,21.2,34155,21.2,21.2,21.2
2026-09-17,8463,20.9,169016,20.9,20.9,20.9
2026-09-18,8463,21.3,30997,21.3,21.3,21.3
2026-09-21,8463,21.25,29200,21.25,21.25,21.25
2026-09-22,8463,21.15,78374,21.15,21.15,21.15
2026-09-23,8463,21.05,85096,21.05,21.05,21.05
2026-09-24,8463,21.2,25500,21.2,21.2,21.2
2026-09-29,8463,20.95,101166,20.95,20.95,20.95
2026-09-30,8463,21.25,30140,21.25,21.25,21.25
2026-10-01,8463,21.2,17010,21.2,21.2,21.2
2026-10-02,8463,21.2,24018,21.2,21.2,21.2
2026-10-05,8463,21.0,160142,21.0,21.0,21.0
2026-09-07,8464,361.0,330177,361.0,361.0,361.0
2026-09-08,8464,371.5,262648,371.5,371.5,371.5
2026-09-09,8464,375.0,197353,375.0,375.0,375.0
2026-09-10,8464,368.5,376982,368.5,368.5,368.5
2026-09-11,8464,371.0,340665,371.0,371.0,371.0
2026-09-14,8464,377.5,327377,377.5,377.5,377.5
2026-09-15,8464,382.0,318653,382.0,382.0,382.0
2026-09-16,8464,374.0,317533,374.0,374.0,374.0
2026-09-17,8464,372.5,488463,372.5,372.5,372.5
2026-09-18,8464,370.0,1092920,370.0,370.0,370.0
2026-09-21,8464,370.0,769961,370.0,370.0,370.0
2026-09-22,8464,375.0,388945,375.0,375.0,375.0
2026-09-23,8464,374.5,232233,374.5,374.5,374.5
2026-09-24,8464,372.5,172907,372.5,372.5,372.5
2026-09-29,8464,372.5,525038,372.5,372.5,372.5
2026-09-30,8464,366.5,349317,366.5,366.5,366.5
2026-10-01,8464,362.5,188926,362.5,362.5,362.5
2026-10-02,8464,361.0,158244,361.0,361.0,361.0
2026-10-05,8464,362.5,114691,362.5,362.5,362.5
2026-09-07,8466,15.3,13020,15.3,15.3,15.3
2026-09-08,8466,15.0,5835,15.0,15.0,15.0
2026-09-09,8466,14.7,65000,14.7,14.7,14.7
2026-09-10,8466,14.05,34643,14.05,14.05,14.05
2026-09-11,8466,14.05,27064,14.05,14.05,14.05
2026-09-14,8466,13.75,23000,13.75,13.75,13.75
2026-09-15,8466,13.6,6307,13.6,13.6,13.6
2026-09-16,8466,13.8,9000,13.8,13.8,13.8
2026-09-17,8466,13.95,44004,13.95,13.95,13.95
2026-09-18,8466,14.35,18102,14.35,14.35,14.35
2026-09-21,8466,15.75,178745,15.75,15.75,15.75
2026-09-22,8466,16.0,220100,16.0,16.0,16.0
2026-09-23,8466,16.05,50000,16.05,16.05,16.05
2026-09-24,8466,15.6,43346,15.6,15.6,15.6
2026-09-29,8466,15.25,33002,15.25,15.25,15.25
2026-09-30,8466,15.1,31241,15.1,15.1,15.1
2026-10-01,8466,15.15,15000,15.15,15.15,15.15
2026-10-02,8466,15.05,16014,15.05,15.05,15.05
2026-10-05,8466,15.15,5010,15.15,15.15,15.15
2026-09-07,8467,90.3,25021,90.3,90.3,90.3
2026-09-08,8467,90.4,9669,90.4,90.4,90.4
2026-09-09,8467,90.7,12167,90.7,90.7,90.7
2026-09-10,8467,89.7,3005,89.7,89.7,89.7
2026-09-11,8467,83.5,44569,83.5,83.5,83.5
2026-09-14,8467,83.2,14155,83.2,83.2,83.2
2026-09-15,8467,84.3,8260,84.3,84.3,84.3
2026-09-16,8467,84.0,23276,84.0,84.0,84.0
2026-09-17,8467,88.6,18886,88.6,88.6,88.6
2026-09-18,8467,90.0,6635,90.0,90.0,90.0
2026-09-21,8467,91.1,6372,91.1,91.1,91.1
2026-09-22,8467,89.0,4306,89.0,89.0,89.0
2026-09-23,8467,87.7,9427,87.7,87.7,87.7
2026-09-24,8467,89.0,3123,89.0,89.0,89.0
2026-09-29,8467,88.0,5340,88.0,88.0,88.0
2026-09-30,8467,87.7,7709,87.7,87.7,87.7
2026-10-01,8467,88.1,6320,88.1,88.1,88.1
2026-10-02,8467,88.2,14027,88.2,88.2,88.2
2026-10-05,8467,88.3,7152,88.3,88.3,88.3
2026-09-07,8473,45.5,1147278,45.5,45.5,45.5
2026-09-08,8473,39.5,1689140,39.5,39.5,39.5
2026-09-09,8473,39.95,450764,39.95,39.95,39.95
2026-09-10,8473,39.6,193739,39.6,39.6,39.6
2026-09-11,8473,38.3,892140,38.3,38.3,38.3
2026-09-14,8473,38.4,334535,38.4,38.4,38.4
2026-09-15,8473,37.85,461515,37.85,37.85,37.85
2026-09-16,8473,37.75,603863,37.75,37.75,37.75
2026-09-17,8473,38.15,1097260,38.15,38.15,38.15
2026-09-18,8473,38.75,867777,38.75,38.75,38.75
2026-09-21,8473,38.7,336478,38.7,38.7,38.7
2026-09-22,8473,38.65,235850,38.65,38.65,38.65
2026-09-23,8473,38.85,295576,38.85,38.85,38.85
2026-09-24,8473,39.4,270278,39.4,39.4,39.4
2026-09-29,8473,39.5,286371,39.5,39.5,39.5
2026-09-30,8473,39.75,393467,39.75,39.75,39.75
2026-10-01,8473,39.05,391226,39.05,39.05,39.05
2026-10-02,8473,38.95,419346,38.95,38.95,38.95
2026-10-05,8473,40.35,608140,40.35,40.35,40.35
2026-09-07,8476,18.85,522057,18.85,18.85,18.85
2026-09-08,8476,19.4,244094,19.4,19.4,19.4
2026-09-09,8476,19.8,190044,19.8,19.8,19.8
2026-09-10,8476,19.9,130365,19.9,19.9,19.9
2026-09-11,8476,19.9,174940,19.9,19.9,19.9
2026-09-14,8476,19.7,159610,19.7,19.7,19.7
2026-09-15,8476,19.5,232621,19.5,19.5,19.5
2026-09-16,8476,19.5,249048,19.5,19.5,19.5
2026-09-17,8476,19.9,256838,19.9,19.9,19.9
2026-09-18,8476,19.75,268321,19.75,19.75,19.75
2026-09-21,8476,19.5,214585,19.5,19.5,19.5
2026-09-22,8476,19.5,447248,19.5,19.5,19.5
2026-09-23,8476,19.5,89488,19.5,19.5,19.5
2026-09-24,8476,19.5,304998,19.5,19.5,19.5
2026-09-29,8476,19.85,247315,19.85,19.85,19.85
2026-09-30,8476,20.1,171300,20.1,20.1,20.1
2026-10-01,8476,20.3,256988,20.3,20.3,20.3
2026-10-02,8476,20.0,254033,20.0,20.0,20.0
2026-10-05,8476,20.2,307080,20.2,20.2,20.2
2026-09-07,8478,142.5,98090,142.5,142.5,142.5
2026-09-08,8478,141.5,28677,141.5,141.5,141.5
2026-09-09,8478,141.0,37663,141.0,141.0,141.0
2026-09-10,8478,141.0,49137,141.0,141.0,141.0
2026-09-11,8478,141.5,44366,141.5,141.5,141.5
2026-09-14,8478,142.0,48980,142.0,142.0,142.0
2026-09-15,8478,141.5,41040,141.5,141.5,141.5
2026-09-16,8478,142.0,34260,142.0,142.0,142.0
2026-09-17,8478,143.5,129096,143.5,143.5,143.5
2026-09-18,8478,141.5,88369,141.5,141.5,141.5
2026-09-21,8478,140.0,84078,140.0,140.0,140.0
2026-09-22,8478,139.5,93792,139.5,139.5,139.5
2026-09-23,8478,139.5,54191,139.5,139.5,139.5
2026-09-24,8478,139.5,67019,139.5,139.5,139.5
2026-09-29,8478,139.0,48714,139.0,139.0,139.0
2026-09-30,8478,141.0,60602,141.0,141.0,141.0
2026-10-01,8478,141.5,46001,141.5,141.5,141.5
2026-10-02,8478,141.0,57550,141.0,141.0,141.0
2026-10-05,8478,139.5,60064,139.5,139.5,139.5
2026-09-07,8481,41.5,19150,41.5,41.5,41.5
2026-09-08,8481,41.4,9830,41.4,41.4,41.4
2026-09-09,8481,41.2,5128,41.2,41.2,41.2
2026-09-10,8481,41.4,1024,41.4,41.4,41.4
2026-09-11,8481,40.9,10000,40.9,40.9,40.9
2026-09-14,8481,40.8,13050,40.8,40.8,40.8
2026-09-15,8481,40.8,2003,40.8,40.8,40.8
2026-09-16,8481,41.15,1262,41.15,41.15,41.15
2026-09-17,8481,41.0,5098,41.0,41.0,41.0
2026-09-18,8481,41.05,9051,41.05,41.05,41.05
2026-09-21,8481,41.0,17184,41.0,41.0,41.0
2026-09-22,8481,41.1,26108,41.1,41.1,41.1
2026-09-23,8481,40.95,6050,40.95,40.95,40.95
2026-09-24,8481,40.95,4094,40.95,40.95,40.95
2026-09-29,8481,40.7,23000,40.7,40.7,40.7
2026-09-30,8481,40.95,9000,40.95,40.95,40.95
2026-10-01,8481,40.65,9000,40.65,40.65,40.65
2026-10-02,8481,40.55,22030,40.55,40.55,40.55
2026-10-05,8481,40.65,12096,40.65,40.65,40.65
2026-09-07,8482,48.95,5007,48.95,48.95,48.95
2026-09-08,8482,49.6,3976,49.6,49.6,49.6
2026-09-09,8482,50.9,4119,50.9,50.9,50.9
2026-09-10,8482,49.6,2000,49.6,49.6,49.6
2026-09-11,8482,47.6,6080,47.6,47.6,47.6
2026-09-14,8482,47.3,4050,47.3,47.3,47.3
2026-09-15,8482,47.3,1150,47.3,47.3,47.3
2026-09-16,8482,47.15,5050,47.15,47.15,47.15
2026-09-17,8482,47.25,32050,47.25,47.25,47.25
2026-09-18,8482,47.85,24050,47.85,47.85,47.85
2026-09-21,8482,48.4,6089,48.4,48.4,48.4
2026-09-22,8482,48.0,1000,48.0,48.0,48.0
2026-09-23,8482,47.2,3057,47.2,47.2,47.2
2026-09-24,8482,47.05,2050,47.05,47.05,47.05
2026-09-29,8482,47.05,1000,47.05,47.05,47.05
2026-09-30,8482,49.2,6000,49.2,49.2,49.2
2026-10-01,8482,48.85,1000,48.85,48.85,48.85
2026-10-02,8482,48.1,7056,48.1,48.1,48.1
2026-10-05,8482,48.35,8050,48.35,48.35,48.35
2026-09-07,8487,71.4,17916,71.4,71.4,71.4
2026-09-08,8487,71.3,6339,71.3,71.3,71.3
2026-09-09,8487,70.9,3747,70.9,70.9,70.9
2026-09-10,8487,71.1,3104,71.1,71.1,71.1
2026-09-11,8487,70.5,2762,70.5,70.5,70.5
2026-09-14,8487,70.1,10025,70.1,70.1,70.1
2026-09-15,8487,70.0,7216,70.0,70.0,70.0
2026-09-16,8487,70.6,1339,70.6,70.6,70.6
2026-09-17,8487,71.0,22298,71.0,71.0,71.0
2026-09-18,8487,70.6,3335,70.6,70.6,70.6
2026-09-21,8487,71.5,10854,71.5,71.5,71.5
2026-09-22,8487,71.5,9898,71.5,71.5,71.5
2026-09-23,8487,70.1,7720,70.1,70.1,70.1
2026-09-24,8487,71.1,4769,71.1,71.1,71.1
2026-09-29,8487,70.4,15023,70.4,70.4,70.4
2026-09-30,8487,70.8,11006,70.8,70.8,70.8
2026-10-01,8487,70.3,27430,70.3,70.3,70.3
2026-10-02,8487,70.3,7453,70.3,70.3,70.3
2026-10-05,8487,70.0,27192,70.0,70.0,70.0
2026-09-07,8488,10.75,366476,10.75,10.75,10.75
2026-09-08,8488,10.35,67869,10.35,10.35,10.35
2026-09-09,8488,10.25,28150,10.25,10.25,10.25
2026-09-10,8488,10.2,15107,10.2,10.2,10.2
2026-09-11,8488,10.05,33370,10.05,10.05,10.05
2026-09-14,8488,9.94,23270,9.94,9.94,9.94
2026-09-15,8488,9.86,21573,9.86,9.86,9.86
2026-09-16,8488,9.95,12180,9.95,9.95,9.95
2026-09-17,8488,9.82,59000,9.82,9.82,9.82
2026-09-18,8488,10.2,53000,10.2,10.2,10.2
2026-09-21,8488,9.91,29000,9.91,9.91,9.91
2026-09-22,8488,9.99,13011,9.99,9.99,9.99
2026-09-23,8488,9.92,354300,9.92,9.92,9.92
2026-09-24,8488,9.85,371009,9.85,9.85,9.85
2026-09-29,8488,9.8,8000,9.8,9.8,9.8
2026-09-30,8488,9.95,19078,9.95,9.95,9.95
2026-10-01,8488,9.84,13415,9.84,9.84,9.84
2026-10-02,8488,9.74,31000,9.74,9.74,9.74
2026-10-05,8488,9.84,89503,9.84,9.84,9.84
2026-09-07,8499,258.0,25100,258.0,258.0,258.0
2026-09-08,8499,257.0,18443,257.0,257.0,257.0
2026-09-09,8499,257.5,9101,257.5,257.5,257.5
2026-09-10,8499,256.0,5150,256.0,256.0,256.0
2026-09-11,8499,251.5,32565,251.5,251.5,251.5
2026-09-14,8499,251.5,27742,251.5,251.5,251.5
2026-09-15,8499,251.0,22406,251.0,251.0,251.0
2026-09-17,8499,251.5,38092,251.5,251.5,251.5
2026-09-18,8499,255.5,34572,255.5,255.5,255.5
2026-09-21,8499,255.0,14508,255.0,255.0,255.0
2026-09-22,8499,252.5,16786,252.5,252.5,252.5
2026-09-23,8499,253.0,12158,253.0,253.0,253.0
2026-09-24,8499,254.5,10354,254.5,254.5,254.5
2026-09-29,8499,257.0,17191,257.0,257.0,257.0
2026-09-30,8499,258.0,14215,258.0,258.0,258.0
2026-10-01,8499,256.0,8170,256.0,256.0,256.0
2026-10-02,8499,254.5,22201,254.5,254.5,254.5
2026-10-05,8499,256.0,31516,256.0,256.0,256.0
2026-09-07,8926,57.9,3270402,57.9,57.9,57.9
2026-09-08,8926,57.2,1903278,57.2,57.2,57.2
2026-09-09,8926,59.3,5880983,59.3,59.3,59.3
2026-09-10,8926,58.7,8631847,58.7,58.7,58.7
2026-09-11,8926,58.0,3258492,58.0,58.0,58.0
2026-09-14,8926,57.4,1956528,57.4,57.4,57.4
2026-09-15,8926,57.4,1459609,57.4,57.4,57.4
2026-09-16,8926,58.5,2432315,58.5,58.5,58.5
2026-09-17,8926,58.8,1987497,58.8,58.8,58.8
2026-09-18,8926,59.8,4102406,59.8,59.8,59.8
2026-09-21,8926,59.5,3221140,59.5,59.5,59.5
2026-09-22,8926,58.7,2112213,58.7,58.7,58.7
2026-09-23,8926,58.4,1476603,58.4,58.4,58.4
2026-09-24,8926,58.8,1170114,58.8,58.8,58.8
2026-09-29,8926,58.3,1273804,58.3,58.3,58.3
2026-09-30,8926,59.2,1978422,59.2,59.2,59.2
2026-10-01,8926,58.9,1154934,58.9,58.9,58.9
2026-10-02,8926,59.0,1416775,59.0,59.0,59.0
2026-10-05,8926,59.1,1880273,59.1,59.1,59.1
2026-09-07,8940,14.95,154485,14.95,14.95,14.95
2026-09-08,8940,14.85,23639,14.85,14.85,14.85
2026-09-09,8940,14.9,25257,14.9,14.9,14.9
2026-09-10,8940,14.9,15327,14.9,14.9,14.9
2026-09-11,8940,14.75,39807,14.75,14.75,14.75
2026-09-14,8940,14.65,70158,14.65,14.65,14.65
2026-09-15,8940,14.7,27563,14.7,14.7,14.7
2026-09-16,8940,14.8,23206,14.8,14.8,14.8
2026-09-17,8940,14.75,28918,14.75,14.75,14.75
2026-09-18,8940,15.1,26017,15.1,15.1,15.1
2026-09-21,8940,15.0,23319,15.0,15.0,15.0
2026-09-22,8940,14.9,22372,14.9,14.9,14.9
2026-09-23,8940,14.95,29231,14.95,14.95,14.95
2026-09-24,8940,15.0,15223,15.0,15.0,15.0
2026-09-29,8940,15.0,13923,15.0,15.0,15.0
2026-09-30,8940,15.1,42047,15.1,15.1,15.1
2026-10-01,8940,15.05,11029,15.05,15.05,15.05
2026-10-02,8940,14.85,11406,14.85,14.85,14.85
2026-10-05,8940,14.95,12979,14.95,14.95,14.95
2026-09-07,8996,1240.0,8775069,1240.0,1240.0,1240.0
2026-09-08,8996,1225.0,4527634,1225.0,1225.0,1225.0
2026-09-09,8996,1345.0,6087009,1345.0,1345.0,1345.0
2026-09-10,8996,1300.0,4932329,1300.0,1300.0,1300.0
2026-09-11,8996,1330.0,5053896,1330.0,1330.0,1330.0
2026-09-14,8996,1235.0,6220878,1235.0,1235.0,1235.0
2026-09-15,8996,1220.0,973745,1220.0,1220.0,1220.0
2026-09-16,8996,1300.0,1197638,1300.0,1300.0,1300.0
2026-09-17,8996,1300.0,1360555,1300.0,1300.0,1300.0
2026-09-18,8996,1430.0,2477151,1430.0,1430.0,1430.0
2026-09-21,8996,1505.0,2063073,1505.0,1505.0,1505.0
2026-09-22,8996,1655.0,5780868,1655.0,1655.0,1655.0
2026-09-23,8996,1540.0,5776754,1540.0,1540.0,1540.0
2026-09-24,8996,1530.0,2887200,1530.0,1530.0,1530.0
2026-09-29,8996,1585.0,5083158,1585.0,1585.0,1585.0
2026-09-30,8996,1605.0,4880876,1605.0,1605.0,1605.0
2026-10-01,8996,1565.0,5416446,1565.0,1565.0,1565.0
2026-10-02,8996,1510.0,5868925,1510.0,1510.0,1510.0
2026-10-05,8996,1595.0,1594799,1595.0,1595.0,1595.0
2026-09-07,9103,5.15,615462,5.15,5.15,5.15
2026-09-08,9103,5.11,362153,5.11,5.11,5.11
2026-09-09,9103,5.07,469787,5.07,5.07,5.07
2026-09-10,9103,5.0,822175,5.0,5.0,5.0
2026-09-11,9103,5.0,388501,5.0,5.0,5.0
2026-09-14,9103,4.96,529998,4.96,4.96,4.96
2026-09-15,9103,4.96,460315,4.96,4.96,4.96
2026-09-16,9103,4.96,301424,4.96,4.96,4.96
2026-09-17,9103,4.96,329692,4.96,4.96,4.96
2026-09-18,9103,4.99,463884,4.99,4.99,4.99
2026-09-21,9103,4.98,498380,4.98,4.98,4.98
2026-09-22,9103,4.96,384959,4.96,4.96,4.96
2026-09-23,9103,5.0,548866,5.0,5.0,5.0
2026-09-24,9103,4.97,265091,4.97,4.97,4.97
2026-09-29,9103,4.96,524463,4.96,4.96,4.96
2026-09-30,9103,4.98,369795,4.98,4.98,4.98
2026-10-01,9103,4.94,433054,4.94,4.94,4.94
2026-10-02,9103,4.95,350330,4.95,4.95,4.95
2026-10-05,9103,4.89,820644,4.89,4.89,4.89
2026-09-07,9105,8.85,27003447,8.85,8.85,8.85
2026-09-08,9105,8.68,24981848,8.68,8.68,8.68
2026-09-09,9105,8.89,20965788,8.89,8.89,8.89
2026-09-10,9105,8.63,26344647,8.63,8.63,8.63
2026-09-11,9105,8.59,15246314,8.59,8.59,8.59
2026-09-14,9105,8.38,16196412,8.38,8.38,8.38
2026-09-15,9105,8.42,11512792,8.42,8.42,8.42
2026-09-16,9105,8.44,10939555,8.44,8.44,8.44
2026-09-17,9105,8.43,10456156,8.43,8.43,8.43
2026-09-18,9105,8.37,12668205,8.37,8.37,8.37
2026-09-21,9105,8.38,11038027,8.38,8.38,8.38
2026-09-22,9105,8.35,11697091,8.35,8.35,8.35
2026-09-23,9105,8.33,14360876,8.33,8.33,8.33
2026-09-24,9105,8.43,9537724,8.43,8.43,8.43
2026-09-29,9105,8.66,22593426,8.66,8.66,8.66
2026-09-30,9105,8.53,26440436,8.53,8.53,8.53
2026-10-01,9105,8.45,10908550,8.45,8.45,8.45
2026-10-02,9105,8.4,9479177,8.4,8.4,8.4
2026-10-05,9105,8.32,15204752,8.32,8.32,8.32
2026-09-07,9110,2.99,8000,2.99,2.99,2.99
2026-09-08,9110,2.98,5005,2.98,2.98,2.98
2026-09-09,9110,2.96,31001,2.96,2.96,2.96
2026-09-11,9110,2.94,6000,2.94,2.94,2.94
2026-09-14,9110,3.03,1005,3.03,3.03,3.03
2026-09-17,9110,2.96,2005,2.96,2.96,2.96
2026-09-18,9110,3.0,2495,3.0,3.0,3.0
2026-09-21,9110,2.9,83006,2.9,2.9,2.9
2026-09-22,9110,2.69,28042,2.69,2.69,2.69
2026-09-23,9110,2.92,34901,2.92,2.92,2.92
2026-09-24,9110,2.82,22000,2.82,2.82,2.82
2026-09-29,9110,2.85,13000,2.85,2.85,2.85
2026-09-30,9110,2.99,8005,2.99,2.99,2.99
2026-10-01,9110,2.98,7030,2.98,2.98,2.98
2026-10-02,9110,2.98,6000,2.98,2.98,2.98
2026-10-05,9110,2.95,13080,2.95,2.95,2.95
2026-09-07,9136,11.05,93100,11.05,11.05,11.05
2026-09-08,9136,10.45,174060,10.45,10.45,10.45
2026-09-09,9136,10.35,113119,10.35,10.35,10.35
2026-09-10,9136,10.05,153100,10.05,10.05,10.05
2026-09-11,9136,9.41,1524531,9.41,9.41,9.41
2026-09-14,9136,9.39,113495,9.39,9.39,9.39
2026-09-15,9136,9.59,269288,9.59,9.59,9.59
2026-09-16,9136,9.61,189750,9.61,9.61,9.61
2026-09-17,9136,9.56,93000,9.56,9.56,9.56
2026-09-18,9136,9.7,230000,9.7,9.7,9.7
2026-09-21,9136,9.72,306761,9.72,9.72,9.72
2026-09-22,9136,9.28,372754,9.28,9.28,9.28
2026-09-23,9136,9.19,432275,9.19,9.19,9.19
2026-09-24,9136,9.19,172100,9.19,9.19,9.19
2026-09-29,9136,9.13,331515,9.13,9.13,9.13
2026-09-30,9136,9.14,177001,9.14,9.14,9.14
2026-10-01,9136,9.13,135856,9.13,9.13,9.13
2026-10-02,9136,9.38,307857,9.38,9.38,9.38
2026-10-05,9136,9.37,130171,9.37,9.37,9.37
2026-09-07,9802,72.0,424532,72.0,72.0,72.0
2026-09-08,9802,71.2,680120,71.2,71.2,71.2
2026-09-09,9802,71.2,703206,71.2,71.2,71.2
2026-09-10,9802,66.0,1994740,66.0,66.0,66.0
2026-09-11,9802,64.7,1074213,64.7,64.7,64.7
2026-09-14,9802,64.0,647825,64.0,64.0,64.0
2026-09-15,9802,63.8,450323,63.8,63.8,63.8
2026-09-16,9802,63.7,367752,63.7,63.7,63.7
2026-09-17,9802,65.5,375092,65.5,65.5,65.5
2026-09-18,9802,64.9,413805,64.9,64.9,64.9
2026-09-21,9802,63.6,587289,63.6,63.6,63.6
2026-09-22,9802,63.5,450390,63.5,63.5,63.5
2026-09-23,9802,64.2,294067,64.2,64.2,64.2
2026-09-24,9802,63.7,524913,63.7,63.7,63.7
2026-09-29,9802,64.7,372962,64.7,64.7,64.7
2026-09-30,9802,64.8,489032,64.8,64.8,64.8
2026-10-01,9802,64.8,565927,64.8,64.8,64.8
2026-10-02,9802,64.4,397916,64.4,64.4,64.4
2026-10-05,9802,64.2,299170,64.2,64.2,64.2
2026-09-07,9902,13.65,160770,13.65,13.65,13.65
2026-09-08,9902,13.65,82107,13.65,13.65,13.65
2026-09-09,9902,13.6,244895,13.6,13.6,13.6
2026-09-10,9902,13.55,47249,13.55,13.55,13.55
2026-09-11,9902,13.4,99637,13.4,13.4,13.4
2026-09-14,9902,13.3,114844,13.3,13.3,13.3
2026-09-15,9902,13.15,59332,13.15,13.15,13.15
2026-09-16,9902,13.2,38749,13.2,13.2,13.2
2026-09-17,9902,13.25,164304,13.25,13.25,13.25
2026-09-18,9902,13.4,120147,13.4,13.4,13.4
2026-09-21,9902,13.4,63815,13.4,13.4,13.4
2026-09-22,9902,13.45,28681,13.45,13.45,13.45
2026-09-23,9902,13.3,54148,13.3,13.3,13.3
2026-09-24,9902,13.2,67252,13.2,13.2,13.2
2026-09-29,9902,13.05,106715,13.05,13.05,13.05
2026-09-30,9902,13.2,65224,13.2,13.2,13.2
2026-10-01,9902,13.2,158795,13.2,13.2,13.2
2026-10-02,9902,13.05,92177,13.05,13.05,13.05
2026-10-05,9902,12.95,142403,12.95,12.95,12.95
2026-09-07,9904,24.6,7781808,24.6,24.6,24.6
2026-09-08,9904,24.7,6406499,24.7,24.7,24.7
2026-09-09,9904,24.55,10430519,24.55,24.55,24.55
2026-09-10,9904,24.1,16925885,24.1,24.1,24.1
2026-09-11,9904,24.2,9628628,24.2,24.2,24.2
2026-09-14,9904,24.05,7377138,24.05,24.05,24.05
2026-09-15,9904,24.25,6567302,24.25,24.25,24.25
2026-09-16,9904,24.5,12968117,24.5,24.5,24.5
2026-09-17,9904,24.8,14262042,24.8,24.8,24.8
2026-09-18,9904,24.7,19788623,24.7,24.7,24.7
2026-09-21,9904,24.85,9552021,24.85,24.85,24.85
2026-09-22,9904,24.6,6702241,24.6,24.6,24.6
2026-09-23,9904,24.9,10884657,24.9,24.9,24.9
2026-09-24,9904,24.95,8323733,24.95,24.95,24.95
2026-09-29,9904,24.8,8331264,24.8,24.8,24.8
2026-09-30,9904,24.95,8192793,24.95,24.95,24.95
2026-10-01,9904,24.85,8975716,24.85,24.85,24.85
2026-10-02,9904,24.7,8170592,24.7,24.7,24.7
2026-10-05,9904,24.3,14875833,24.3,24.3,24.3
2026-09-07,9905,21.4,89295,21.4,21.4,21.4
2026-09-08,9905,21.4,50251,21.4,21.4,21.4
2026-09-09,9905,21.35,97804,21.35,21.35,21.35
2026-09-10,9905,21.5,172194,21.5,21.5,21.5
2026-09-11,9905,21.35,121390,21.35,21.35,21.35
2026-09-14,9905,21.25,143130,21.25,21.25,21.25
2026-09-15,9905,21.2,203413,21.2,21.2,21.2
2026-09-16,9905,21.25,67732,21.25,21.25,21.25
2026-09-17,9905,21.3,138990,21.3,21.3,21.3
2026-09-18,9905,21.3,140262,21.3,21.3,21.3
2026-09-21,9905,21.2,143571,21.2,21.2,21.2
2026-09-22,9905,21.2,64258,21.2,21.2,21.2
2026-09-23,9905,21.2,61252,21.2,21.2,21.2
2026-09-24,9905,21.2,52579,21.2,21.2,21.2
2026-09-29,9905,21.2,62421,21.2,21.2,21.2
2026-09-30,9905,21.35,89183,21.35,21.35,21.35
2026-10-01,9905,21.4,43147,21.4,21.4,21.4
2026-10-02,9905,21.3,71310,21.3,21.3,21.3
2026-10-05,9905,21.25,72423,21.25,21.25,21.25
2026-09-07,9906,42.55,99144,42.55,42.55,42.55
2026-09-08,9906,41.8,87948,41.8,41.8,41.8
2026-09-09,9906,41.4,51590,41.4,41.4,41.4
2026-09-10,9906,39.75,58953,39.75,39.75,39.75
2026-09-11,9906,39.2,40266,39.2,39.2,39.2
2026-09-14,9906,38.55,39757,38.55,38.55,38.55
2026-09-15,9906,36.95,93242,36.95,36.95,36.95
2026-09-16,9906,37.3,61558,37.3,37.3,37.3
2026-09-17,9906,37.6,73513,37.6,37.6,37.6
2026-09-18,9906,41.35,268632,41.35,41.35,41.35
2026-09-21,9906,41.6,341320,41.6,41.6,41.6
2026-09-22,9906,40.1,133941,40.1,40.1,40.1
2026-09-23,9906,39.95,48633,39.95,39.95,39.95
2026-09-24,9906,39.6,30191,39.6,39.6,39.6
2026-09-29,9906,39.3,54943,39.3,39.3,39.3
2026-09-30,9906,39.45,21351,39.45,39.45,39.45
2026-10-01,9906,40.25,37220,40.25,40.25,40.25
2026-10-02,9906,39.55,49406,39.55,39.55,39.55
2026-10-05,9906,38.85,94593,38.85,38.85,38.85
2026-09-07,9907,15.3,1269621,15.3,15.3,15.3
2026-09-08,9907,15.25,451893,15.25,15.25,15.25
2026-09-09,9907,15.35,645806,15.35,15.35,15.35
2026-09-10,9907,15.3,836397,15.3,15.3,15.3
2026-09-11,9907,15.1,1302316,15.1,15.1,15.1
2026-09-14,9907,15.0,851983,15.0,15.0,15.0
2026-09-15,9907,14.9,1312596,14.9,14.9,14.9
2026-09-16,9907,14.85,848159,14.85,14.85,14.85
2026-09-17,9907,14.95,1698985,14.95,14.95,14.95
2026-09-18,9907,15.0,1743527,15.0,15.0,15.0
2026-09-21,9907,14.95,730293,14.95,14.95,14.95
2026-09-22,9907,14.9,1386501,14.9,14.9,14.9
2026-09-23,9907,14.85,582088,14.85,14.85,14.85
2026-09-24,9907,14.85,448732,14.85,14.85,14.85
2026-09-29,9907,14.7,2608962,14.7,14.7,14.7
2026-09-30,9907,14.9,1106791,14.9,14.9,14.9
2026-10-01,9907,14.85,677777,14.85,14.85,14.85
2026-10-02,9907,14.95,951733,14.95,14.95,14.95
2026-10-05,9907,14.8,1475663,14.8,14.8,14.8
2026-09-07,9908,29.2,281504,29.2,29.2,29.2
2026-09-08,9908,29.1,66716,29.1,29.1,29.1
2026-09-09,9908,29.05,106402,29.05,29.05,29.05
2026-09-10,9908,29.05,113907,29.05,29.05,29.05
2026-09-11,9908,28.95,91094,28.95,28.95,28.95
2026-09-14,9908,28.95,155746,28.95,28.95,28.95
2026-09-15,9908,29.0,90067,29.0,29.0,29.0
2026-09-16,9908,29.0,76784,29.0,29.0,29.0
2026-09-17,9908,29.05,152106,29.05,29.05,29.05
2026-09-18,9908,29.0,125160,29.0,29.0,29.0
2026-09-21,9908,29.05,156831,29.05,29.05,29.05
2026-09-22,9908,29.0,77014,29.0,29.0,29.0
2026-09-23,9908,28.95,81856,28.95,28.95,28.95
2026-09-24,9908,28.95,69417,28.95,28.95,28.95
2026-09-29,9908,28.9,105882,28.9,28.9,28.9
2026-09-30,9908,29.0,99014,29.0,29.0,29.0
2026-10-01,9908,28.95,67493,28.95,28.95,28.95
2026-10-02,9908,28.95,96958,28.95,28.95,28.95
2026-10-05,9908,28.95,79685,28.95,28.95,28.95
2026-09-07,9910,69.8,1038117,69.8,69.8,69.8
2026-09-08,9910,71.8,3761722,71.8,71.8,71.8
2026-09-09,9910,68.6,1984433,68.6,68.6,68.6
2026-09-10,9910,68.5,448248,68.5,68.5,68.5
2026-09-11,9910,67.8,1161483,67.8,67.8,67.8
2026-09-14,9910,67.8,513843,67.8,67.8,67.8
2026-09-15,9910,68.4,821779,68.4,68.4,68.4
2026-09-16,9910,67.5,1620541,67.5,67.5,67.5
2026-09-17,9910,69.1,1077673,69.1,69.1,69.1
2026-09-18,9910,68.4,1626837,68.4,68.4,68.4
2026-09-21,9910,68.4,676005,68.4,68.4,68.4
2026-09-22,9910,68.6,757311,68.6,68.6,68.6
2026-09-23,9910,70.0,1710442,70.0,70.0,70.0
2026-09-24,9910,69.4,643314,69.4,69.4,69.4
2026-09-29,9910,69.1,691928,69.1,69.1,69.1
2026-09-30,9910,68.8,604415,68.8,68.8,68.8
2026-10-01,9910,68.8,875341,68.8,68.8,68.8
2026-10-02,9910,67.8,899806,67.8,67.8,67.8
2026-10-05,9910,66.7,2538458,66.7,66.7,66.7
2026-09-07,9911,81.7,143886,81.7,81.7,81.7
2026-09-08,9911,81.7,142177,81.7,81.7,81.7
2026-09-09,9911,82.0,132988,82.0,82.0,82.0
2026-09-10,9911,81.8,131883,81.8,81.8,81.8
2026-09-11,9911,81.8,180485,81.8,81.8,81.8
2026-09-14,9911,81.6,153375,81.6,81.6,81.6
2026-09-15,9911,81.3,291881,81.3,81.3,81.3
2026-09-16,9911,81.3,157958,81.3,81.3,81.3
2026-09-17,9911,81.5,261066,81.5,81.5,81.5
2026-09-18,9911,82.0,221162,82.0,82.0,82.0
2026-09-21,9911,81.5,182722,81.5,81.5,81.5
2026-09-22,9911,81.5,217228,81.5,81.5,81.5
2026-09-23,9911,81.5,112947,81.5,81.5,81.5
2026-09-24,9911,81.4,152929,81.4,81.4,81.4
2026-09-29,9911,81.6,196240,81.6,81.6,81.6
2026-09-30,9911,81.5,180209,81.5,81.5,81.5
2026-10-01,9911,81.5,107539,81.5,81.5,81.5
2026-10-02,9911,81.4,164664,81.4,81.4,81.4
2026-10-05,9911,81.3,360655,81.3,81.3,81.3
2026-09-07,9912,12.9,61260,12.9,12.9,12.9
2026-09-08,9912,12.8,81330,12.8,12.8,12.8
2026-09-09,9912,12.65,80630,12.65,12.65,12.65
2026-09-10,9912,13.0,59539,13.0,13.0,13.0
2026-09-11,9912,13.0,54751,13.0,13.0,13.0
2026-09-14,9912,13.1,14318,13.1,13.1,13.1
2026-09-15,9912,13.0,23074,13.0,13.0,13.0
2026-09-16,9912,13.1,54131,13.1,13.1,13.1
2026-09-17,9912,13.0,14561,13.0,13.0,13.0
2026-09-18,9912,13.1,18988,13.1,13.1,13.1
2026-09-21,9912,12.95,35712,12.95,12.95,12.95
2026-09-22,9912,13.0,9079,13.0,13.0,13.0
2026-09-23,9912,12.9,33838,12.9,12.9,12.9
2026-09-24,9912,12.9,7731,12.9,12.9,12.9
2026-09-29,9912,12.95,12357,12.95,12.95,12.95
2026-09-30,9912,13.1,15869,13.1,13.1,13.1
2026-10-01,9912,12.95,12180,12.95,12.95,12.95
2026-10-02,9912,12.8,34375,12.8,12.8,12.8
2026-10-05,9912,13.1,41237,13.1,13.1,13.1
2026-09-07,9914,77.8,1437081,77.8,77.8,77.8
2026-09-08,9914,77.0,896379,77.0,77.0,77.0
2026-09-09,9914,79.2,1270221,79.2,79.2,79.2
2026-09-10,9914,77.4,1165755,77.4,77.4,77.4
2026-09-11,9914,69.7,5894846,69.7,69.7,69.7
2026-09-14,9914,68.7,3490279,68.7,68.7,68.7
2026-09-15,9914,68.1,2615301,68.1,68.1,68.1
2026-09-16,9914,67.9,1374165,67.9,67.9,67.9
2026-09-17,9914,67.6,1187634,67.6,67.6,67.6
2026-09-18,9914,67.6,1808491,67.6,67.6,67.6
2026-09-21,9914,67.5,1000638,67.5,67.5,67.5
2026-09-22,9914,66.7,1356365,66.7,66.7,66.7
2026-09-23,9914,66.4,1635698,66.4,66.4,66.4
2026-09-24,9914,66.7,1734779,66.7,66.7,66.7
2026-09-29,9914,67.1,1913117,67.1,67.1,67.1
2026-09-30,9914,68.3,1937571,68.3,68.3,68.3
2026-10-01,9914,68.3,789781,68.3,68.3,68.3
2026-10-02,9914,68.3,633839,68.3,68.3,68.3
2026-10-05,9914,66.4,1860153,66.4,66.4,66.4
2026-09-07,9917,106.5,339043,106.5,106.5,106.5
2026-09-08,9917,106.5,260810,106.5,106.5,106.5
2026-09-09,9917,106.0,324933,106.0,106.0,106.0
2026-09-10,9917,105.5,267522,105.5,105.5,105.5
2026-09-11,9917,105.5,274676,105.5,105.5,105.5
2026-09-14,9917,106.5,287227,106.5,106.5,106.5
2026-09-15,9917,106.0,336597,106.0,106.0,106.0
2026-09-16,9917,106.0,391351,106.0,106.0,106.0
2026-09-17,9917,106.0,480653,106.0,106.0,106.0
2026-09-18,9917,108.5,727439,108.5,108.5,108.5
2026-09-21,9917,106.5,246930,106.5,106.5,106.5
2026-09-22,9917,106.0,349315,106.0,106.0,106.0
2026-09-23,9917,106.5,229677,106.5,106.5,106.5
2026-09-24,9917,106.0,96786,106.0,106.0,106.0
2026-09-29,9917,105.5,337338,105.5,105.5,105.5
2026-09-30,9917,105.5,321080,105.5,105.5,105.5
2026-10-01,9917,106.5,204764,106.5,106.5,106.5
2026-10-02,9917,106.0,305124,106.0,106.0,106.0
2026-10-05,9917,106.5,365930,106.5,106.5,106.5
2026-09-07,9918,43.15,14176,43.15,43.15,43.15
2026-09-08,9918,43.2,9138,43.2,43.2,43.2
2026-09-09,9918,43.4,10139,43.4,43.4,43.4
2026-09-10,9918,43.5,11363,43.5,43.5,43.5
2026-09-11,9918,43.2,24165,43.2,43.2,43.2
2026-09-14,9918,43.5,16252,43.5,43.5,43.5
2026-09-15,9918,42.8,38153,42.8,42.8,42.8
2026-09-16,9918,42.9,17343,42.9,42.9,42.9
2026-09-17,9918,43.2,52429,43.2,43.2,43.2
2026-09-18,9918,43.25,11303,43.25,43.25,43.25
2026-09-21,9918,43.1,6363,43.1,43.1,43.1
2026-09-22,9918,43.0,19010,43.0,43.0,43.0
2026-09-23,9918,42.7,35054,42.7,42.7,42.7
2026-09-24,9918,42.7,9760,42.7,42.7,42.7
2026-09-29,9918,42.5,14677,42.5,42.5,42.5
2026-09-30,9918,43.15,12142,43.15,43.15,43.15
2026-10-01,9918,43.2,11928,43.2,43.2,43.2
2026-10-02,9918,43.2,23039,43.2,43.2,43.2
2026-10-05,9918,42.8,16353,42.8,42.8,42.8
2026-09-07,9919,13.95,855123,13.95,13.95,13.95
2026-09-08,9919,14.05,196207,14.05,14.05,14.05
2026-09-09,9919,14.15,287202,14.15,14.15,14.15
2026-09-10,9919,14.15,125183,14.15,14.15,14.15
2026-09-11,9919,13.95,106397,13.95,13.95,13.95
2026-09-14,9919,13.95,63973,13.95,13.95,13.95
2026-09-15,9919,13.9,94790,13.9,13.9,13.9
2026-09-16,9919,14.0,119708,14.0,14.0,14.0
2026-09-17,9919,13.95,147213,13.95,13.95,13.95
2026-09-18,9919,14.0,85508,14.0,14.0,14.0
2026-09-21,9919,13.95,135375,13.95,13.95,13.95
2026-09-22,9919,14.0,168329,14.0,14.0,14.0
2026-09-23,9919,14.0,165723,14.0,14.0,14.0
2026-09-24,9919,13.85,437689,13.85,13.85,13.85
2026-09-29,9919,13.7,725134,13.7,13.7,13.7
2026-09-30,9919,13.85,171604,13.85,13.85,13.85
2026-10-01,9919,13.8,124594,13.8,13.8,13.8
2026-10-02,9919,13.9,140080,13.9,13.9,13.9
2026-10-05,9919,13.9,208511,13.9,13.9,13.9
2026-09-07,9921,97.3,1038267,97.3,97.3,97.3
2026-09-08,9921,95.6,1773467,95.6,95.6,95.6
2026-09-09,9921,98.5,1829124,98.5,98.5,98.5
2026-09-10,9921,97.3,1082790,97.3,97.3,97.3
2026-09-11,9921,87.6,5413165,87.6,87.6,87.6
2026-09-14,9921,89.7,2570098,89.7,89.7,89.7
2026-09-15,9921,91.1,1449432,91.1,91.1,91.1
2026-09-16,9921,90.7,1129238,90.7,90.7,90.7
2026-09-17,9921,90.0,1298284,90.0,90.0,90.0
2026-09-18,9921,90.8,5756054,90.8,90.8,90.8
2026-09-21,9921,90.5,682782,90.5,90.5,90.5
2026-09-22,9921,89.7,796143,89.7,89.7,89.7
2026-09-23,9921,90.3,559589,90.3,90.3,90.3
2026-09-24,9921,90.6,646617,90.6,90.6,90.6
2026-09-29,9921,94.1,1580527,94.1,94.1,94.1
2026-09-30,9921,93.1,1131060,93.1,93.1,93.1
2026-10-01,9921,91.8,1035498,91.8,91.8,91.8
2026-10-02,9921,91.4,1196095,91.4,91.4,91.4
2026-10-05,9921,89.1,1440346,89.1,89.1,89.1
2026-09-07,9924,38.45,150650,38.45,38.45,38.45
2026-09-08,9924,38.45,120914,38.45,38.45,38.45
2026-09-09,9924,38.6,57221,38.6,38.6,38.6
2026-09-10,9924,38.25,72958,38.25,38.25,38.25
2026-09-11,9924,38.2,84985,38.2,38.2,38.2
2026-09-14,9924,38.0,111287,38.0,38.0,38.0
2026-09-15,9924,37.7,145334,37.7,37.7,37.7
2026-09-16,9924,37.7,66261,37.7,37.7,37.7
2026-09-17,9924,37.95,92108,37.95,37.95,37.95
2026-09-18,9924,38.0,126168,38.0,38.0,38.0
2026-09-21,9924,38.2,46508,38.2,38.2,38.2
2026-09-22,9924,37.8,158271,37.8,37.8,37.8
2026-09-23,9924,37.8,78871,37.8,37.8,37.8
2026-09-24,9924,37.8,39591,37.8,37.8,37.8
2026-09-29,9924,37.75,51682,37.75,37.75,37.75
2026-09-30,9924,38.2,111746,38.2,38.2,38.2
2026-10-01,9924,38.2,50617,38.2,38.2,38.2
2026-10-02,9924,37.95,34395,37.95,37.95,37.95
2026-10-05,9924,37.9,105592,37.9,37.9,37.9
2026-09-07,9925,39.55,766341,39.55,39.55,39.55
2026-09-08,9925,39.6,298228,39.6,39.6,39.6
2026-09-09,9925,39.75,289110,39.75,39.75,39.75
2026-09-10,9925,39.7,332518,39.7,39.7,39.7
2026-09-11,9925,39.55,384563,39.55,39.55,39.55
2026-09-14,9925,39.4,825476,39.4,39.4,39.4
2026-09-15,9925,39.45,274170,39.45,39.45,39.45
2026-09-16,9925,39.5,302737,39.5,39.5,39.5
2026-09-17,9925,39.5,366989,39.5,39.5,39.5
2026-09-18,9925,39.65,406383,39.65,39.65,39.65
2026-09-21,9925,39.6,362982,39.6,39.6,39.6
2026-09-22,9925,39.65,310576,39.65,39.65,39.65
2026-09-23,9925,39.75,295356,39.75,39.75,39.75
2026-09-24,9925,39.65,207382,39.65,39.65,39.65
2026-09-29,9925,39.45,581438,39.45,39.45,39.45
2026-09-30,9925,39.55,401737,39.55,39.55,39.55
2026-10-01,9925,39.55,319171,39.55,39.55,39.55
2026-10-02,9925,39.5,150998,39.5,39.5,39.5
2026-10-05,9925,39.4,840563,39.4,39.4,39.4
2026-09-07,9926,49.55,34607,49.55,49.55,49.55
2026-09-08,9926,49.5,13000,49.5,49.5,49.5
2026-09-09,9926,49.2,10027,49.2,49.2,49.2
2026-09-10,9926,49.45,11023,49.45,49.45,49.45
2026-09-11,9926,49.4,9001,49.4,49.4,49.4
2026-09-14,9926,49.5,8338,49.5,49.5,49.5
2026-09-15,9926,49.0,7174,49.0,49.0,49.0
2026-09-16,9926,49.05,10243,49.05,49.05,49.05
2026-09-17,9926,49.4,10469,49.4,49.4,49.4
2026-09-18,9926,49.35,8154,49.35,49.35,49.35
2026-09-21,9926,49.35,8760,49.35,49.35,49.35
2026-09-22,9926,49.3,4942,49.3,49.3,49.3
2026-09-23,9926,49.05,3612,49.05,49.05,49.05
2026-09-24,9926,48.9,5536,48.9,48.9,48.9
2026-09-29,9926,48.8,12055,48.8,48.8,48.8
2026-09-30,9926,49.1,19672,49.1,49.1,49.1
2026-10-01,9926,49.1,9000,49.1,49.1,49.1
2026-10-02,9926,48.8,13769,48.8,48.8,48.8
2026-10-05,9926,48.85,10300,48.85,48.85,48.85
2026-09-07,9927,69.7,76195,69.7,69.7,69.7
2026-09-08,9927,69.5,37426,69.5,69.5,69.5
2026-09-09,9927,70.1,117946,70.1,70.1,70.1
2026-09-10,9927,69.8,63795,69.8,69.8,69.8
2026-09-11,9927,69.9,65977,69.9,69.9,69.9
2026-09-14,9927,69.6,38347,69.6,69.6,69.6
2026-09-15,9927,69.7,79512,69.7,69.7,69.7
2026-09-16,9927,69.5,132614,69.5,69.5,69.5
2026-09-17,9927,69.8,53384,69.8,69.8,69.8
2026-09-18,9927,70.0,55516,70.0,70.0,70.0
2026-09-21,9927,70.3,132097,70.3,70.3,70.3
2026-09-22,9927,70.2,100273,70.2,70.2,70.2
2026-09-23,9927,70.3,94100,70.3,70.3,70.3
2026-09-24,9927,70.2,207769,70.2,70.2,70.2
2026-09-29,9927,69.9,448407,69.9,69.9,69.9
2026-09-30,9927,70.1,863826,70.1,70.1,70.1
2026-10-01,9927,64.0,748435,64.0,64.0,64.0
2026-10-02,9927,62.9,442219,62.9,62.9,62.9
2026-10-05,9927,62.1,209859,62.1,62.1,62.1
2026-09-07,9928,17.8,32166,17.8,17.8,17.8
2026-09-08,9928,17.75,59101,17.75,17.75,17.75
2026-09-09,9928,17.75,44516,17.75,17.75,17.75
2026-09-10,9928,17.7,56648,17.7,17.7,17.7
2026-09-11,9928,17.6,60036,17.6,17.6,17.6
2026-09-14,9928,17.6,53420,17.6,17.6,17.6
2026-09-15,9928,17.7,32000,17.7,17.7,17.7
2026-09-16,9928,17.75,80253,17.75,17.75,17.75
2026-09-17,9928,17.7,19502,17.7,17.7,17.7
2026-09-18,9928,17.6,67173,17.6,17.6,17.6
2026-09-21,9928,17.7,12159,17.7,17.7,17.7
2026-09-22,9928,17.65,19960,17.65,17.65,17.65
2026-09-23,9928,17.6,9177,17.6,17.6,17.6
2026-09-24,9928,17.55,40105,17.55,17.55,17.55
2026-09-29,9928,17.8,62990,17.8,17.8,17.8
2026-09-30,9928,17.75,31338,17.75,17.75,17.75
2026-10-01,9928,18.05,72144,18.05,18.05,18.05
2026-10-02,9928,18.0,14000,18.0,18.0,18.0
2026-10-05,9928,18.0,52442,18.0,18.0,18.0
2026-09-07,9929,11.3,13231,11.3,11.3,11.3
2026-09-08,9929,11.25,2183,11.25,11.25,11.25
2026-09-09,9929,11.55,17001,11.55,11.55,11.55
2026-09-10,9929,11.1,26401,11.1,11.1,11.1
2026-09-11,9929,11.1,1000,11.1,11.1,11.1
2026-09-14,9929,10.95,8000,10.95,10.95,10.95
2026-09-15,9929,10.95,10001,10.95,10.95,10.95
2026-09-16,9929,11.0,10100,11.0,11.0,11.0
2026-09-17,9929,11.2,4000,11.2,11.2,11.2
2026-09-18,9929,11.3,7000,11.3,11.3,11.3
2026-09-21,9929,11.1,33001,11.1,11.1,11.1
2026-09-22,9929,11.0,71307,11.0,11.0,11.0
2026-09-23,9929,10.9,4447,10.9,10.9,10.9
2026-09-24,9929,10.9,11145,10.9,10.9,10.9
2026-09-29,9929,10.9,6694,10.9,10.9,10.9
2026-09-30,9929,11.1,13001,11.1,11.1,11.1
2026-10-01,9929,11.1,2503247,11.1,11.1,11.1
2026-10-02,9929,11.05,3251,11.05,11.05,11.05
2026-10-05,9929,11.05,1771600,11.05,11.05,11.05
2026-09-07,9930,63.1,122846,63.1,63.1,63.1
2026-09-08,9930,62.7,77273,62.7,62.7,62.7
2026-09-09,9930,62.6,124388,62.6,62.6,62.6
2026-09-10,9930,62.2,172237,62.2,62.2,62.2
2026-09-11,9930,62.0,104736,62.0,62.0,62.0
2026-09-14,9930,61.4,180932,61.4,61.4,61.4
2026-09-15,9930,61.0,139278,61.0,61.0,61.0
2026-09-16,9930,61.0,105470,61.0,61.0,61.0
2026-09-17,9930,61.0,158323,61.0,61.0,61.0
2026-09-18,9930,61.3,108604,61.3,61.3,61.3
2026-09-21,9930,60.7,151501,60.7,60.7,60.7
2026-09-22,9930,60.8,137742,60.8,60.8,60.8
2026-09-23,9930,60.8,91040,60.8,60.8,60.8
2026-09-24,9930,60.4,125755,60.4,60.4,60.4
2026-09-29,9930,60.2,99688,60.2,60.2,60.2
2026-09-30,9930,60.2,207014,60.2,60.2,60.2
2026-10-01,9930,60.2,64546,60.2,60.2,60.2
2026-10-02,9930,59.8,99015,59.8,59.8,59.8
2026-10-05,9930,59.4,111420,59.4,59.4,59.4
2026-09-07,9931,34.2,45000,34.2,34.2,34.2
2026-09-08,9931,34.1,24519,34.1,34.1,34.1
2026-09-09,9931,34.2,31393,34.2,34.2,34.2
2026-09-10,9931,34.15,13228,34.15,34.15,34.15
2026-09-11,9931,34.2,13217,34.2,34.2,34.2
2026-09-14,9931,33.9,16100,33.9,33.9,33.9
2026-09-15,9931,33.9,3006,33.9,33.9,33.9
2026-09-16,9931,33.95,18151,33.95,33.95,33.95
2026-09-17,9931,34.1,30239,34.1,34.1,34.1
2026-09-18,9931,34.1,29103,34.1,34.1,34.1
2026-09-21,9931,34.05,3008,34.05,34.05,34.05
2026-09-22,9931,33.95,22411,33.95,33.95,33.95
2026-09-23,9931,33.9,3192,33.9,33.9,33.9
2026-09-24,9931,33.8,12246,33.8,33.8,33.8
2026-09-29,9931,33.7,22798,33.7,33.7,33.7
2026-09-30,9931,34.2,14641,34.2,34.2,34.2
2026-10-01,9931,34.1,5120,34.1,34.1,34.1
2026-10-02,9931,33.85,14335,33.85,33.85,33.85
2026-10-05,9931,33.85,18626,33.85,33.85,33.85
2026-09-07,9933,40.3,2634538,40.3,40.3,40.3
2026-09-08,9933,39.1,3250532,39.1,39.1,39.1
2026-09-09,9933,40.15,1720100,40.15,40.15,40.15
2026-09-10,9933,40.35,1603629,40.35,40.35,40.35
2026-09-11,9933,41.7,4303607,41.7,41.7,41.7
2026-09-14,9933,41.2,2058153,41.2,41.2,41.2
2026-09-15,9933,41.9,3421059,41.9,41.9,41.9
2026-09-16,9933,42.75,4281491,42.75,42.75,42.75
2026-09-17,9933,42.4,2251532,42.4,42.4,42.4
2026-09-18,9933,42.3,4724595,42.3,42.3,42.3
2026-09-21,9933,41.35,2115919,41.35,41.35,41.35
2026-09-22,9933,40.9,1235623,40.9,40.9,40.9
2026-09-23,9933,41.1,942345,41.1,41.1,41.1
2026-09-24,9933,41.0,1284584,41.0,41.0,41.0
2026-09-29,9933,40.35,1752598,40.35,40.35,40.35
2026-09-30,9933,40.7,1377637,40.7,40.7,40.7
2026-10-01,9933,41.65,3030280,41.65,41.65,41.65
2026-10-02,9933,45.8,21275998,45.8,45.8,45.8
2026-10-05,9933,46.35,23071356,46.35,46.35,46.35
2026-09-07,9934,10.8,945752,10.8,10.8,10.8
2026-09-08,9934,10.8,455589,10.8,10.8,10.8
2026-09-09,9934,10.6,1278408,10.6,10.6,10.6
2026-09-10,9934,10.15,3035070,10.15,10.15,10.15
2026-09-11,9934,9.93,2192891,9.93,9.93,9.93
2026-09-14,9934,9.85,778890,9.85,9.85,9.85
2026-09-15,9934,9.75,706017,9.75,9.75,9.75
2026-09-16,9934,9.78,441822,9.78,9.78,9.78
2026-09-17,9934,9.87,393847,9.87,9.87,9.87
2026-09-18,9934,9.81,885961,9.81,9.81,9.81
2026-09-21,9934,9.88,216811,9.88,9.88,9.88
2026-09-22,9934,9.82,523202,9.82,9.82,9.82
2026-09-23,9934,9.84,372731,9.84,9.84,9.84
2026-09-24,9934,9.84,176300,9.84,9.84,9.84
2026-09-29,9934,9.85,352758,9.85,9.85,9.85
2026-09-30,9934,9.87,418919,9.87,9.87,9.87
2026-10-01,9934,9.86,302566,9.86,9.86,9.86
2026-10-02,9934,9.83,338796,9.83,9.83,9.83
2026-10-05,9934,9.69,955114,9.69,9.69,9.69
2026-09-07,9935,19.45,436363,19.45,19.45,19.45
2026-09-08,9935,19.5,75098,19.5,19.5,19.5
2026-09-09,9935,19.65,119514,19.65,19.65,19.65
2026-09-10,9935,19.3,193702,19.3,19.3,19.3
2026-09-11,9935,18.1,1824504,18.1,18.1,18.1
2026-09-14,9935,17.85,508673,17.85,17.85,17.85
2026-09-15,9935,17.9,261765,17.9,17.9,17.9
2026-09-16,9935,18.0,164539,18.0,18.0,18.0
2026-09-17,9935,18.05,160423,18.05,18.05,18.05
2026-09-18,9935,18.25,443513,18.25,18.25,18.25
2026-09-21,9935,18.2,117702,18.2,18.2,18.2
2026-09-22,9935,18.35,229109,18.35,18.35,18.35
2026-09-23,9935,18.3,210891,18.3,18.3,18.3
2026-09-24,9935,18.25,62149,18.25,18.25,18.25
2026-09-29,9935,18.2,209319,18.2,18.2,18.2
2026-09-30,9935,18.3,94453,18.3,18.3,18.3
2026-10-01,9935,18.35,140355,18.35,18.35,18.35
2026-10-02,9935,18.3,93268,18.3,18.3,18.3
2026-10-05,9935,18.3,139558,18.3,18.3,18.3
2026-09-07,9937,55.7,54132,55.7,55.7,55.7
2026-09-08,9937,55.2,11923,55.2,55.2,55.2
2026-09-09,9937,55.7,17691,55.7,55.7,55.7
2026-09-10,9937,55.6,16192,55.6,55.6,55.6
2026-09-11,9937,55.0,90522,55.0,55.0,55.0
2026-09-14,9937,54.8,112149,54.8,54.8,54.8
2026-09-15,9937,54.8,138988,54.8,54.8,54.8
2026-09-16,9937,54.1,94210,54.1,54.1,54.1
2026-09-17,9937,54.4,21029,54.4,54.4,54.4
2026-09-18,9937,54.5,25017,54.5,54.5,54.5
2026-09-21,9937,54.2,20453,54.2,54.2,54.2
2026-09-22,9937,54.2,13428,54.2,54.2,54.2
2026-09-23,9937,54.2,11066,54.2,54.2,54.2
2026-09-24,9937,54.2,12004,54.2,54.2,54.2
2026-09-29,9937,54.1,30473,54.1,54.1,54.1
2026-09-30,9937,54.5,22000,54.5,54.5,54.5
2026-10-01,9937,54.5,14157,54.5,54.5,54.5
2026-10-02,9937,54.2,22201,54.2,54.2,54.2
2026-10-05,9937,54.4,21920,54.4,54.4,54.4
2026-09-07,9938,41.1,999181,41.1,41.1,41.1
2026-09-08,9938,40.35,1332660,40.35,40.35,40.35
2026-09-09,9938,39.9,1765373,39.9,39.9,39.9
2026-09-10,9938,39.1,1520204,39.1,39.1,39.1
2026-09-11,9938,38.15,2501545,38.15,38.15,38.15
2026-09-14,9938,37.95,1421848,37.95,37.95,37.95
2026-09-15,9938,37.85,875487,37.85,37.85,37.85
2026-09-16,9938,37.9,866776,37.9,37.9,37.9
2026-09-17,9938,38.0,815942,38.0,38.0,38.0
2026-09-18,9938,37.7,1438252,37.7,37.7,37.7
2026-09-21,9938,38.4,1060321,38.4,38.4,38.4
2026-09-22,9938,38.35,891796,38.35,38.35,38.35
2026-09-23,9938,38.35,969822,38.35,38.35,38.35
2026-09-24,9938,38.05,694238,38.05,38.05,38.05
2026-09-29,9938,38.2,511066,38.2,38.2,38.2
2026-09-30,9938,38.25,497792,38.25,38.25,38.25
2026-10-01,9938,38.55,533525,38.55,38.55,38.55
2026-10-02,9938,38.25,391812,38.25,38.25,38.25
2026-10-05,9938,37.9,789057,37.9,37.9,37.9
2026-09-07,9939,129.0,1255257,129.0,129.0,129.0
2026-09-08,9939,128.5,699671,128.5,128.5,128.5
2026-09-09,9939,127.5,616599,127.5,127.5,127.5
2026-09-10,9939,128.0,723259,128.0,128.0,128.0
2026-09-11,9939,129.5,632517,129.5,129.5,129.5
2026-09-14,9939,126.0,779922,126.0,126.0,126.0
2026-09-15,9939,125.5,820511,125.5,125.5,125.5
2026-09-16,9939,125.5,268156,125.5,125.5,125.5
2026-09-17,9939,126.5,338344,126.5,126.5,126.5
2026-09-18,9939,127.0,638601,127.0,127.0,127.0
2026-09-21,9939,126.0,388371,126.0,126.0,126.0
2026-09-22,9939,125.5,779562,125.5,125.5,125.5
2026-09-23,9939,125.0,344698,125.0,125.0,125.0
2026-09-24,9939,124.5,312764,124.5,124.5,124.5
2026-09-29,9939,124.5,401073,124.5,124.5,124.5
2026-09-30,9939,126.0,1079093,126.0,126.0,126.0
2026-10-01,9939,124.5,798328,124.5,124.5,124.5
2026-10-02,9939,124.5,728621,124.5,124.5,124.5
2026-10-05,9939,126.5,891636,126.5,126.5,126.5
2026-09-07,9940,20.4,234786,20.4,20.4,20.4
2026-09-08,9940,20.25,209167,20.25,20.25,20.25
2026-09-09,9940,20.3,120414,20.3,20.3,20.3
2026-09-10,9940,20.25,139030,20.25,20.25,20.25
2026-09-11,9940,20.1,205197,20.1,20.1,20.1
2026-09-14,9940,19.85,479039,19.85,19.85,19.85
2026-09-15,9940,19.85,231983,19.85,19.85,19.85
2026-09-16,9940,19.85,176341,19.85,19.85,19.85
2026-09-17,9940,20.3,220290,20.3,20.3,20.3
2026-09-18,9940,20.75,1282739,20.75,20.75,20.75
2026-09-21,9940,20.6,542949,20.6,20.6,20.6
2026-09-22,9940,20.35,185883,20.35,20.35,20.35
2026-09-23,9940,20.3,413853,20.3,20.3,20.3
2026-09-24,9940,20.05,560778,20.05,20.05,20.05
2026-09-29,9940,19.9,417812,19.9,19.9,19.9
2026-09-30,9940,20.1,192092,20.1,20.1,20.1
2026-10-01,9940,20.05,150932,20.05,20.05,20.05
2026-10-02,9940,20.1,220102,20.1,20.1,20.1
2026-10-05,9940,19.9,270654,19.9,19.9,19.9
2026-09-07,9941,80.5,1199197,80.5,80.5,80.5
2026-09-08,9941,81.0,657911,81.0,81.0,81.0
2026-09-09,9941,80.3,843177,80.3,80.3,80.3
2026-09-10,9941,80.3,600308,80.3,80.3,80.3
2026-09-11,9941,80.3,664359,80.3,80.3,80.3
2026-09-14,9941,81.6,1560254,81.6,81.6,81.6
2026-09-15,9941,81.0,428413,81.0,81.0,81.0
2026-09-16,9941,80.8,1407033,80.8,80.8,80.8
2026-09-17,9941,80.7,898461,80.7,80.7,80.7
2026-09-18,9941,79.8,1385581,79.8,79.8,79.8
2026-09-21,9941,80.2,571029,80.2,80.2,80.2
2026-09-22,9941,79.7,686487,79.7,79.7,79.7
2026-09-23,9941,79.7,886315,79.7,79.7,79.7
2026-09-24,9941,79.2,836717,79.2,79.2,79.2
2026-09-29,9941,78.3,1151910,78.3,78.3,78.3
2026-09-30,9941,77.9,838459,77.9,77.9,77.9
2026-10-01,9941,77.9,1273517,77.9,77.9,77.9
2026-10-02,9941,76.7,1690865,76.7,76.7,76.7
2026-10-05,9941,75.9,1901757,75.9,75.9,75.9
2026-09-07,9942,114.0,49298,114.0,114.0,114.0
2026-09-08,9942,114.0,61155,114.0,114.0,114.0
2026-09-09,9942,114.0,51435,114.0,114.0,114.0
2026-09-10,9942,113.5,66897,113.5,113.5,113.5
2026-09-11,9942,113.5,60403,113.5,113.5,113.5
2026-09-14,9942,113.5,45354,113.5,113.5,113.5
2026-09-15,9942,113.5,22482,113.5,113.5,113.5
2026-09-16,9942,114.0,41245,114.0,114.0,114.0
2026-09-17,9942,114.0,32099,114.0,114.0,114.0
2026-09-18,9942,115.0,90333,115.0,115.0,115.0
2026-09-21,9942,114.5,19997,114.5,114.5,114.5
2026-09-22,9942,114.5,30248,114.5,114.5,114.5
2026-09-23,9942,114.0,35407,114.0,114.0,114.0
2026-09-24,9942,114.0,43351,114.0,114.0,114.0
2026-09-29,9942,113.0,115960,113.0,113.0,113.0
2026-09-30,9942,114.5,39570,114.5,114.5,114.5
2026-10-01,9942,114.5,22539,114.5,114.5,114.5
2026-10-02,9942,113.5,29549,113.5,113.5,113.5
2026-10-05,9942,113.0,89782,113.0,113.0,113.0
2026-09-07,9943,51.5,64146,51.5,51.5,51.5
2026-09-08,9943,51.0,62298,51.0,51.0,51.0
2026-09-09,9943,51.0,77061,51.0,51.0,51.0
2026-09-10,9943,51.0,28957,51.0,51.0,51.0
2026-09-11,9943,50.8,63972,50.8,50.8,50.8
2026-09-14,9943,50.9,36361,50.9,50.9,50.9
2026-09-15,9943,50.5,31152,50.5,50.5,50.5
2026-09-16,9943,50.6,10745,50.6,50.6,50.6
2026-09-17,9943,50.8,72051,50.8,50.8,50.8
2026-09-18,9943,50.4,110585,50.4,50.4,50.4
2026-09-21,9943,50.6,36021,50.6,50.6,50.6
2026-09-22,9943,50.4,72928,50.4,50.4,50.4
2026-09-23,9943,50.5,35754,50.5,50.5,50.5
2026-09-24,9943,50.5,36502,50.5,50.5,50.5
2026-09-29,9943,50.2,80614,50.2,50.2,50.2
2026-09-30,9943,50.4,68891,50.4,50.4,50.4
2026-10-01,9943,50.4,18138,50.4,50.4,50.4
2026-10-02,9943,50.5,49836,50.5,50.5,50.5
2026-10-05,9943,50.5,43838,50.5,50.5,50.5
2026-09-07,9944,17.2,39137,17.2,17.2,17.2
2026-09-08,9944,17.2,26418,17.2,17.2,17.2
2026-09-09,9944,17.4,24451,17.4,17.4,17.4
2026-09-10,9944,17.3,16569,17.3,17.3,17.3
2026-09-11,9944,17.4,41237,17.4,17.4,17.4
2026-09-14,9944,17.15,25136,17.15,17.15,17.15
2026-09-15,9944,17.15,28024,17.15,17.15,17.15
2026-09-16,9944,17.2,33513,17.2,17.2,17.2
2026-09-17,9944,17.25,41599,17.25,17.25,17.25
2026-09-18,9944,17.35,30634,17.35,17.35,17.35
2026-09-21,9944,17.25,23497,17.25,17.25,17.25
2026-09-22,9944,17.2,24168,17.2,17.2,17.2
2026-09-23,9944,17.15,29114,17.15,17.15,17.15
2026-09-24,9944,17.25,18641,17.25,17.25,17.25
2026-09-29,9944,17.1,32754,17.1,17.1,17.1
2026-09-30,9944,17.2,29624,17.2,17.2,17.2
2026-10-01,9944,17.15,26896,17.15,17.15,17.15
2026-10-02,9944,17.1,22193,17.1,17.1,17.1
2026-10-05,9944,17.25,35151,17.25,17.25,17.25
2026-09-07,9945,27.9,5082933,27.9,27.9,27.9
2026-09-08,9945,28.05,2456877,28.05,28.05,28.05
2026-09-09,9945,28.2,3065040,28.2,28.2,28.2
2026-09-10,9945,27.75,2448901,27.75,27.75,27.75
2026-09-11,9945,28.1,5061036,28.1,28.1,28.1
2026-09-14,9945,27.85,2798187,27.85,27.85,27.85
2026-09-15,9945,27.95,3583516,27.95,27.95,27.95
2026-09-16,9945,28.05,4061805,28.05,28.05,28.05
2026-09-17,9945,28.95,10535444,28.95,28.95,28.95
2026-09-18,9945,28.95,11972321,28.95,28.95,28.95
2026-09-21,9945,29.25,4897359,29.25,29.25,29.25
2026-09-22,9945,28.95,5007814,28.95,28.95,28.95
2026-09-23,9945,29.55,8610289,29.55,29.55,29.55
2026-09-24,9945,29.9,13127733,29.9,29.9,29.9
2026-09-29,9945,29.05,7370448,29.05,29.05,29.05
2026-09-30,9945,29.45,4088023,29.45,29.45,29.45
2026-10-01,9945,29.25,3828692,29.25,29.25,29.25
2026-10-02,9945,29.1,3575449,29.1,29.1,29.1
2026-10-05,9945,28.65,5792753,28.65,28.65,28.65
2026-09-07,9946,17.2,256081,17.2,17.2,17.2
2026-09-08,9946,17.1,309837,17.1,17.1,17.1
2026-09-09,9946,17.05,117318,17.05,17.05,17.05
2026-09-10,9946,17.15,230857,17.15,17.15,17.15
2026-09-11,9946,17.0,140921,17.0,17.0,17.0
2026-09-14,9946,16.9,182523,16.9,16.9,16.9
2026-09-15,9946,16.7,224867,16.7,16.7,16.7
2026-09-16,9946,16.65,160443,16.65,16.65,16.65
2026-09-17,9946,17.0,127552,17.0,17.0,17.0
2026-09-18,9946,16.7,1087958,16.7,16.7,16.7
2026-09-21,9946,17.55,537279,17.55,17.55,17.55
2026-09-22,9946,17.25,197476,17.25,17.25,17.25
2026-09-23,9946,17.3,138121,17.3,17.3,17.3
2026-09-24,9946,17.1,233111,17.1,17.1,17.1
2026-09-29,9946,16.85,232370,16.85,16.85,16.85
2026-09-30,9946,17.0,181251,17.0,17.0,17.0
2026-10-01,9946,16.85,136072,16.85,16.85,16.85
2026-10-02,9946,16.85,96165,16.85,16.85,16.85
2026-10-05,9946,16.7,290019,16.7,16.7,16.7
2026-09-07,9955,23.9,229477,23.9,23.9,23.9
2026-09-08,9955,23.8,126904,23.8,23.8,23.8
2026-09-09,9955,23.5,153722,23.5,23.5,23.5
2026-09-10,9955,23.65,123055,23.65,23.65,23.65
2026-09-11,9955,23.5,211522,23.5,23.5,23.5
2026-09-14,9955,23.35,85646,23.35,23.35,23.35
2026-09-15,9955,23.1,107382,23.1,23.1,23.1
2026-09-16,9955,23.45,152169,23.45,23.45,23.45
2026-09-17,9955,23.65,94689,23.65,23.65,23.65
2026-09-18,9955,23.5,100816,23.5,23.5,23.5
2026-09-21,9955,23.4,131646,23.4,23.4,23.4
2026-09-22,9955,23.3,170629,23.3,23.3,23.3
2026-09-23,9955,23.2,147573,23.2,23.2,23.2
2026-09-24,9955,23.0,138353,23.0,23.0,23.0
2026-09-29,9955,22.7,378978,22.7,22.7,22.7
2026-09-30,9955,23.1,204353,23.1,23.1,23.1
2026-10-01,9955,23.1,115084,23.1,23.1,23.1
2026-10-02,9955,23.0,101426,23.0,23.0,23.0
2026-10-05,9955,22.9,164052,22.9,22.9,22.9
2026-09-07,9958,91.6,4682375,91.6,91.6,91.6
2026-09-08,9958,90.1,1441757,90.1,90.1,90.1
2026-09-09,9958,91.7,1259423,91.7,91.7,91.7
2026-09-10,9958,91.4,579900,91.4,91.4,91.4
2026-09-11,9958,90.1,791712,90.1,90.1,90.1
2026-09-14,9958,91.1,867635,91.1,91.1,91.1
2026-09-15,9958,90.5,1329255,90.5,90.5,90.5
2026-09-16,9958,89.2,5815544,89.2,89.2,89.2
2026-09-17,9958,91.9,2073073,91.9,91.9,91.9
2026-09-18,9958,94.0,2733414,94.0,94.0,94.0
2026-09-21,9958,91.9,1117456,91.9,91.9,91.9
2026-09-22,9958,91.1,908665,91.1,91.1,91.1
2026-09-23,9958,91.9,1038289,91.9,91.9,91.9
2026-09-24,9958,92.2,930936,92.2,92.2,92.2
2026-09-29,9958,92.1,596425,92.1,92.1,92.1
2026-09-30,9958,93.0,763092,93.0,93.0,93.0
2026-10-01,9958,92.0,871632,92.0,92.0,92.0
2026-10-02,9958,91.4,634075,91.4,91.4,91.4
2026-10-05,9958,89.8,1235777,89.8,89.8,89.8
