stock_id,stock_name,action,final_action,state_today_v26660,state_rank_today_v26660,state_transition_score_v26660,state_transition_label_v26660,state_transition_reason_v26660,ignition_upgrade_flag_v26660,chip_score,chip_signal,chip_reason,state_adjusted_score_v26660,memory_updated_at
2330,台積電,WATCH,SELL,觀察,0,0,持續觀察,前狀態:nan→今日:觀察,NO,4.0,一般,法人偏多,85.16,2026-10-01 01:22:42
2409,友達,,SELL,觀察,0,0,持續觀察,前狀態:nan→今日:觀察,NO,0.0,一般,,9.25,2026-10-01 01:22:42
4540,全球傳動,WATCH,EVOLUTION,發動中,5,16,準IGNITION,前狀態:nan→今日:發動中｜狀態跳升｜具備點火條件,READY,17.0,主力吸籌,爆量不跌｜均線結構｜法人偏多,99.413,2026-10-01 01:22:42
6438,迅得,WATCH,EVOLUTION,發動中,5,16,準IGNITION,前狀態:nan→今日:發動中｜狀態跳升｜具備點火條件,READY,17.0,主力吸籌,爆量不跌｜均線結構｜法人偏多,108.36,2026-10-01 01:22:42
1303,南亞,WATCH,EVOLUTION,突破中,4,13,準IGNITION,前狀態:nan→今日:突破中｜狀態跳升｜具備點火條件,READY,13.0,一般,爆量不跌｜均線結構,103.568,2026-10-01 01:22:42
8150,南茂,TEST,EVOLUTION,突破中,4,13,準IGNITION,前狀態:nan→今日:突破中｜狀態跳升｜具備點火條件,READY,17.0,主力吸籌,爆量不跌｜均線結構｜法人偏多,102.697,2026-10-01 01:22:42
3189,景碩,WATCH,EVOLUTION,突破中,4,13,準IGNITION,前狀態:nan→今日:突破中｜狀態跳升｜具備點火條件,READY,9.0,一般,均線結構｜法人偏多,101.208,2026-10-01 01:22:42
6213,聯茂,WATCH,EVOLUTION,突破中,4,13,準IGNITION,前狀態:nan→今日:突破中｜狀態跳升｜具備點火條件,READY,9.0,一般,均線結構｜法人偏多,110.564,2026-10-01 01:22:42
3042,晶技,WATCH,EVOLUTION,突破中,4,13,準IGNITION,前狀態:nan→今日:突破中｜狀態跳升｜具備點火條件,READY,13.0,一般,爆量不跌｜均線結構,101.096,2026-10-01 01:22:42
6505,台塑化,TEST,EVOLUTION,突破中,4,13,準IGNITION,前狀態:nan→今日:突破中｜狀態跳升｜具備點火條件,READY,9.0,一般,均線結構｜法人偏多,113.364,2026-10-01 01:22:42
6116,彩晶,WATCH,EVOLUTION,突破中,4,13,準IGNITION,首次追蹤:突破中｜狀態跳升｜具備點火條件,READY,13.0,一般,爆量不跌｜均線結構,110.239,2026-10-01 01:22:42
8046,南電,WATCH,EVOLUTION,觀察,0,0,持續觀察,前狀態:nan→今日:觀察,NO,4.0,一般,法人偏多,97.398,2026-10-01 01:22:42
3532,台勝科,WATCH,EVOLUTION,突破中,4,13,準IGNITION,前狀態:nan→今日:突破中｜狀態跳升｜具備點火條件,READY,13.0,一般,爆量不跌｜均線結構,103.876,2026-10-01 01:22:42
4956,光鋐,WATCH,EVOLUTION,突破中,4,13,準IGNITION,前狀態:nan→今日:突破中｜狀態跳升｜具備點火條件,READY,7.0,一般,爆量不跌｜均線結構｜籌碼風險,96.568,2026-10-01 01:22:42
3665,貿聯-KY,WATCH,EVOLUTION,突破中,4,13,準IGNITION,前狀態:nan→今日:突破中｜狀態跳升｜具備點火條件,READY,17.0,主力吸籌,爆量不跌｜均線結構｜法人偏多,114.436,2026-10-01 01:22:42
6672,騰輝電子-KY,TEST,EVOLUTION,突破中,4,13,準IGNITION,前狀態:nan→今日:突破中｜狀態跳升｜具備點火條件,READY,9.0,一般,均線結構｜法人偏多,120.384,2026-10-01 01:22:42
2371,大同,TEST,EVOLUTION,突破中,4,13,準IGNITION,前狀態:nan→今日:突破中｜狀態跳升｜具備點火條件,READY,13.0,一般,爆量不跌｜均線結構,102.543,2026-10-01 01:22:42
6278,台表科,WATCH,EVOLUTION,突破中,4,13,準IGNITION,前狀態:nan→今日:突破中｜狀態跳升｜具備點火條件,READY,13.0,一般,爆量不跌｜均線結構,106.992,2026-10-01 01:22:42
8996,高力,WATCH,EVOLUTION,突破中,4,13,準IGNITION,前狀態:nan→今日:突破中｜狀態跳升｜具備點火條件,READY,9.0,一般,均線結構｜法人偏多,98.367,2026-10-01 01:22:42
4906,正文,TEST,EVOLUTION,突破中,4,13,準IGNITION,前狀態:nan→今日:突破中｜狀態跳升｜具備點火條件,READY,17.0,主力吸籌,爆量不跌｜均線結構｜法人偏多,117.293,2026-10-01 01:22:42
6133,金橋,WATCH,EVOLUTION,突破中,4,13,準IGNITION,前狀態:nan→今日:突破中｜狀態跳升｜具備點火條件,READY,17.0,主力吸籌,爆量不跌｜均線結構｜法人偏多,113.009,2026-10-01 01:22:42
2342,茂矽,WATCH,EVOLUTION,突破中,4,13,準IGNITION,前狀態:nan→今日:突破中｜狀態跳升｜具備點火條件,READY,17.0,主力吸籌,爆量不跌｜均線結構｜法人偏多,101.303,2026-10-01 01:22:42
1303,南亞,WATCH,EVOLUTION,突破中,4,13,準IGNITION,前狀態:nan→今日:突破中｜狀態跳升｜具備點火條件,READY,13.0,一般,爆量不跌｜均線結構,103.568,2026-10-01 01:22:42
2404,漢唐,TEST,EVOLUTION,吸籌中,1,5,持續觀察,前狀態:nan→今日:吸籌中｜狀態升級,NO,8.0,一般,爆量不跌,97.97,2026-10-01 01:22:42
2436,偉詮電,WATCH,EVOLUTION,突破中,4,13,準IGNITION,前狀態:nan→今日:突破中｜狀態跳升｜具備點火條件,READY,9.0,一般,均線結構｜法人偏多,101.844,2026-10-01 01:22:42
2498,宏達電,WATCH,EVOLUTION,試盤中,3,11,升級觀察,前狀態:nan→今日:試盤中｜狀態跳升｜狀態轉強,WATCH_UP,12.0,一般,爆量不跌｜法人偏多,86.317,2026-10-01 01:22:42
3035,智原,WATCH,EVOLUTION,突破中,4,13,準IGNITION,前狀態:nan→今日:突破中｜狀態跳升｜具備點火條件,READY,9.0,一般,均線結構｜法人偏多,99.986,2026-10-01 01:22:42
2498,宏達電,WATCH,EVOLUTION,試盤中,3,11,升級觀察,前狀態:nan→今日:試盤中｜狀態跳升｜狀態轉強,WATCH_UP,12.0,一般,爆量不跌｜法人偏多,89.949,2026-10-01 01:22:42
6443,元晶,WATCH,EVOLUTION,試盤中,3,11,升級觀察,前狀態:nan→今日:試盤中｜狀態跳升｜狀態轉強,WATCH_UP,12.0,一般,爆量不跌｜法人偏多,93.779,2026-10-01 01:22:42
6278,台表科,WATCH,EVOLUTION,突破中,4,13,準IGNITION,前狀態:nan→今日:突破中｜狀態跳升｜具備點火條件,READY,13.0,一般,爆量不跌｜均線結構,106.992,2026-10-01 01:22:42
6196,帆宣,TEST,EVOLUTION,突破中,4,13,準IGNITION,前狀態:nan→今日:突破中｜狀態跳升｜具備點火條件,READY,13.0,一般,爆量不跌｜均線結構,108.488,2026-10-01 01:22:42
1708,東鹼,TEST,EVOLUTION,試盤中,3,11,升級觀察,前狀態:nan→今日:試盤中｜狀態跳升｜狀態轉強,WATCH_UP,12.0,一般,爆量不跌｜法人偏多,86.501,2026-10-01 01:22:42
6691,洋基工程,TEST,EVOLUTION,吸籌中,1,5,持續觀察,前狀態:nan→今日:吸籌中｜狀態升級,NO,8.0,一般,爆量不跌,100.963,2026-10-01 01:22:42
6789,采鈺,WATCH,EVOLUTION,突破中,4,13,準IGNITION,前狀態:nan→今日:突破中｜狀態跳升｜具備點火條件,READY,17.0,主力吸籌,爆量不跌｜均線結構｜法人偏多,94.756,2026-10-01 01:22:42
6933,AMA-KY,WATCH,EVOLUTION,突破中,4,13,準IGNITION,前狀態:nan→今日:突破中｜狀態跳升｜具備點火條件,READY,9.0,一般,均線結構｜法人偏多,106.608,2026-10-01 01:22:42
4526,東台,TEST,EVOLUTION,試盤中,3,11,升級觀察,前狀態:nan→今日:試盤中｜狀態跳升｜狀態轉強,WATCH_UP,12.0,一般,爆量不跌｜法人偏多,96.526,2026-10-01 01:22:42
3563,牧德,WATCH,EVOLUTION,突破中,4,13,準IGNITION,前狀態:nan→今日:突破中｜狀態跳升｜具備點火條件,READY,17.0,主力吸籌,爆量不跌｜均線結構｜法人偏多,107.228,2026-10-01 01:22:42
2466,冠西電,TEST,EVOLUTION,突破中,4,13,準IGNITION,前狀態:nan→今日:突破中｜狀態跳升｜具備點火條件,READY,13.0,一般,爆量不跌｜均線結構,121.608,2026-10-01 01:22:42
3653,健策,WATCH,EVOLUTION,突破中,4,13,準IGNITION,前狀態:nan→今日:突破中｜狀態跳升｜具備點火條件,READY,9.0,一般,均線結構｜法人偏多,99.802,2026-10-01 01:22:42
4540,全球傳動,WATCH,EVOLUTION,突破中,4,13,準IGNITION,前狀態:nan→今日:突破中｜狀態跳升｜具備點火條件,READY,17.0,主力吸籌,爆量不跌｜均線結構｜法人偏多,98.363,2026-10-01 01:22:42
2347,聯強,WATCH,EVOLUTION,突破中,4,13,準IGNITION,前狀態:nan→今日:突破中｜狀態跳升｜具備點火條件,READY,5.0,一般,均線結構,94.81,2026-10-01 01:22:42
3701,大眾控,TEST,EVOLUTION,突破中,4,13,準IGNITION,前狀態:nan→今日:突破中｜狀態跳升｜具備點火條件,READY,13.0,一般,爆量不跌｜均線結構,116.307,2026-10-01 01:22:42
4566,時碩工業,WATCH,EVOLUTION,吸籌中,1,5,持續觀察,前狀態:nan→今日:吸籌中｜狀態升級,NO,8.0,一般,爆量不跌,90.159,2026-10-01 01:22:42
3042,晶技,WATCH,EVOLUTION,突破中,4,13,準IGNITION,前狀態:nan→今日:突破中｜狀態跳升｜具備點火條件,READY,13.0,一般,爆量不跌｜均線結構,101.096,2026-10-01 01:22:42
8215,明基材,WATCH,EVOLUTION,突破中,4,13,準IGNITION,前狀態:nan→今日:突破中｜狀態跳升｜具備點火條件,READY,17.0,主力吸籌,爆量不跌｜均線結構｜法人偏多,101.402,2026-10-01 01:22:42
3014,聯陽,WATCH,EVOLUTION,突破中,4,13,準IGNITION,前狀態:nan→今日:突破中｜狀態跳升｜具備點火條件,READY,9.0,一般,均線結構｜法人偏多,83.066,2026-10-01 01:22:42
3031,佰鴻,WATCH,EVOLUTION,突破中,4,13,準IGNITION,前狀態:nan→今日:突破中｜狀態跳升｜具備點火條件,READY,5.0,一般,均線結構,99.41,2026-10-01 01:22:42
1721,三晃,TEST,EVOLUTION,突破中,4,13,準IGNITION,前狀態:nan→今日:突破中｜狀態跳升｜具備點火條件,READY,17.0,主力吸籌,爆量不跌｜均線結構｜法人偏多,102.943,2026-10-01 01:22:42
2006,東和鋼鐵,,EVOLUTION,突破中,4,13,準IGNITION,前狀態:nan→今日:突破中｜狀態跳升｜具備點火條件,READY,9.0,一般,均線結構｜法人偏多,17.371,2026-10-01 01:22:42
6789,采鈺,WATCH,EVOLUTION,突破中,4,13,準IGNITION,前狀態:nan→今日:突破中｜狀態跳升｜具備點火條件,READY,17.0,主力吸籌,爆量不跌｜均線結構｜法人偏多,94.756,2026-10-01 01:22:42
6579,研揚,WATCH,EVOLUTION,試盤中,3,11,升級觀察,前狀態:nan→今日:試盤中｜狀態跳升｜狀態轉強,WATCH_UP,12.0,一般,爆量不跌｜法人偏多,94.394,2026-10-01 01:22:42
4566,時碩工業,WATCH,EVOLUTION,吸籌中,1,5,持續觀察,前狀態:nan→今日:吸籌中｜狀態升級,NO,8.0,一般,爆量不跌,90.159,2026-10-01 01:22:42
4770,上品,WATCH,EVOLUTION,突破中,4,13,準IGNITION,前狀態:nan→今日:突破中｜狀態跳升｜具備點火條件,READY,5.0,一般,均線結構,98.746,2026-10-01 01:22:42
7822,倍利科,WATCH,EVOLUTION,吸籌中,1,5,持續觀察,前狀態:nan→今日:吸籌中｜狀態升級,NO,8.0,一般,爆量不跌,86.92,2026-10-01 01:22:42
6438,迅得,WATCH,EVOLUTION,突破中,4,13,準IGNITION,前狀態:nan→今日:突破中｜狀態跳升｜具備點火條件,READY,17.0,主力吸籌,爆量不跌｜均線結構｜法人偏多,107.31,2026-10-01 01:22:42
5434,崇越,WATCH,EVOLUTION,突破中,4,13,準IGNITION,前狀態:nan→今日:突破中｜狀態跳升｜具備點火條件,READY,13.0,一般,爆量不跌｜均線結構,96.024,2026-10-01 01:22:42
6742,澤米,WATCH,EVOLUTION,突破中,4,13,準IGNITION,首次追蹤:突破中｜狀態跳升｜具備點火條件,READY,9.0,一般,均線結構｜法人偏多,102.303,2026-10-01 01:22:42
3591,艾笛森,WATCH,EVOLUTION,突破中,4,13,準IGNITION,前狀態:nan→今日:突破中｜狀態跳升｜具備點火條件,READY,5.0,一般,均線結構,95.322,2026-10-01 01:22:42
2069,運錩,WATCH,EVOLUTION,突破中,4,13,準IGNITION,前狀態:nan→今日:突破中｜狀態跳升｜具備點火條件,READY,5.0,一般,均線結構,98.868,2026-10-01 01:22:42
6743,安普新,TEST,EVOLUTION,突破中,4,13,準IGNITION,前狀態:nan→今日:突破中｜狀態跳升｜具備點火條件,READY,13.0,一般,爆量不跌｜均線結構,108.55,2026-10-01 01:22:42
2527,宏璟,TEST,EVOLUTION,突破中,4,13,準IGNITION,前狀態:nan→今日:突破中｜狀態跳升｜具備點火條件,READY,13.0,一般,爆量不跌｜均線結構,113.716,2026-10-01 01:22:42
2614,東森,TEST,EVOLUTION,吸籌中,1,5,持續觀察,前狀態:nan→今日:吸籌中｜狀態升級,NO,8.0,一般,爆量不跌,96.649,2026-10-01 01:22:42
6213,聯茂,WATCH,EVOLUTION,突破中,4,13,準IGNITION,前狀態:nan→今日:突破中｜狀態跳升｜具備點火條件,READY,9.0,一般,均線結構｜法人偏多,110.564,2026-10-01 01:22:42
5434,崇越,WATCH,EVOLUTION,突破中,4,13,準IGNITION,前狀態:nan→今日:突破中｜狀態跳升｜具備點火條件,READY,13.0,一般,爆量不跌｜均線結構,96.024,2026-10-01 01:22:42
6937,天虹,WATCH,EVOLUTION,突破中,4,13,準IGNITION,前狀態:nan→今日:突破中｜狀態跳升｜具備點火條件,READY,9.0,一般,均線結構｜法人偏多,95.53,2026-10-01 01:22:42
6695,芯鼎,TEST,EVOLUTION,吸籌中,1,5,持續觀察,前狀態:nan→今日:吸籌中｜狀態升級,NO,8.0,一般,爆量不跌,92.332,2026-10-01 01:22:42
3041,揚智,TEST,EVOLUTION,試盤中,3,11,升級觀察,前狀態:nan→今日:試盤中｜狀態跳升｜狀態轉強,WATCH_UP,12.0,一般,爆量不跌｜法人偏多,95.943,2026-10-01 01:22:42
7822,倍利科,WATCH,EVOLUTION,吸籌中,1,5,持續觀察,前狀態:nan→今日:吸籌中｜狀態升級,NO,8.0,一般,爆量不跌,86.92,2026-10-01 01:22:42
8213,志超,TEST,EVOLUTION,突破中,4,13,準IGNITION,前狀態:nan→今日:突破中｜狀態跳升｜具備點火條件,READY,17.0,主力吸籌,爆量不跌｜均線結構｜法人偏多,108.068,2026-10-01 01:22:42
2614,東森,TEST,EVOLUTION,吸籌中,1,5,持續觀察,前狀態:nan→今日:吸籌中｜狀態升級,NO,8.0,一般,爆量不跌,96.649,2026-10-01 01:22:42
4906,正文,TEST,EVOLUTION,突破中,4,13,準IGNITION,前狀態:nan→今日:突破中｜狀態跳升｜具備點火條件,READY,17.0,主力吸籌,爆量不跌｜均線結構｜法人偏多,117.293,2026-10-01 01:22:42
2436,偉詮電,WATCH,EVOLUTION,突破中,4,13,準IGNITION,前狀態:nan→今日:突破中｜狀態跳升｜具備點火條件,READY,9.0,一般,均線結構｜法人偏多,101.844,2026-10-01 01:22:42
6695,芯鼎,TEST,EVOLUTION,吸籌中,1,5,持續觀察,前狀態:nan→今日:吸籌中｜狀態升級,NO,8.0,一般,爆量不跌,92.332,2026-10-01 01:22:42
3563,牧德,WATCH,EVOLUTION,突破中,4,13,準IGNITION,前狀態:nan→今日:突破中｜狀態跳升｜具備點火條件,READY,17.0,主力吸籌,爆量不跌｜均線結構｜法人偏多,107.228,2026-10-01 01:22:42
6579,研揚,WATCH,EVOLUTION,試盤中,3,11,升級觀察,前狀態:nan→今日:試盤中｜狀態跳升｜狀態轉強,WATCH_UP,12.0,一般,爆量不跌｜法人偏多,94.394,2026-10-01 01:22:42
4934,太極,WATCH,EVOLUTION,吸籌中,1,5,持續觀察,前狀態:nan→今日:吸籌中｜狀態升級,NO,8.0,一般,爆量不跌,83.529,2026-10-01 01:22:42
5292,華懋,WATCH,EVOLUTION,突破中,4,13,準IGNITION,首次追蹤:突破中｜狀態跳升｜具備點火條件,READY,17.0,主力吸籌,爆量不跌｜均線結構｜法人偏多,100.073,2026-10-01 01:22:42
2347,聯強,WATCH,EVOLUTION,突破中,4,13,準IGNITION,前狀態:nan→今日:突破中｜狀態跳升｜具備點火條件,READY,5.0,一般,均線結構,94.81,2026-10-01 01:22:42
6743,安普新,TEST,EVOLUTION,突破中,4,13,準IGNITION,前狀態:nan→今日:突破中｜狀態跳升｜具備點火條件,READY,13.0,一般,爆量不跌｜均線結構,108.55,2026-10-01 01:22:42
1708,東鹼,TEST,EVOLUTION,試盤中,3,11,升級觀察,前狀態:nan→今日:試盤中｜狀態跳升｜狀態轉強,WATCH_UP,12.0,一般,爆量不跌｜法人偏多,86.501,2026-10-01 01:22:42
6799,來頡,WATCH,EVOLUTION,吸籌中,1,5,持續觀察,前狀態:nan→今日:吸籌中｜狀態升級,NO,8.0,一般,爆量不跌,91.594,2026-10-01 01:22:42
1568,倉佑,TEST,EVOLUTION,突破中,4,13,準IGNITION,前狀態:nan→今日:突破中｜狀態跳升｜具備點火條件,READY,17.0,主力吸籌,爆量不跌｜均線結構｜法人偏多,103.796,2026-10-01 01:22:42
6189,豐藝,WATCH,EVOLUTION,觀察,0,0,持續觀察,前狀態:nan→今日:觀察,NO,4.0,一般,法人偏多,77.779,2026-10-01 01:22:42
3041,揚智,TEST,EVOLUTION,試盤中,3,11,升級觀察,前狀態:nan→今日:試盤中｜狀態跳升｜狀態轉強,WATCH_UP,12.0,一般,爆量不跌｜法人偏多,95.943,2026-10-01 01:22:42
6799,來頡,WATCH,EVOLUTION,吸籌中,1,5,持續觀察,前狀態:nan→今日:吸籌中｜狀態升級,NO,8.0,一般,爆量不跌,91.594,2026-10-01 01:22:42
3308,聯德,WATCH,EVOLUTION,突破中,4,13,準IGNITION,前狀態:nan→今日:突破中｜狀態跳升｜具備點火條件,READY,13.0,一般,爆量不跌｜均線結構,77.111,2026-10-01 01:22:42
7827,,WATCH,EVOLUTION,觀察,0,0,持續觀察,前狀態:nan→今日:觀察,NO,0.0,一般,,81.979,2026-10-01 01:22:42
2527,宏璟,TEST,EVOLUTION,突破中,4,13,準IGNITION,前狀態:nan→今日:突破中｜狀態跳升｜具備點火條件,READY,13.0,一般,爆量不跌｜均線結構,113.716,2026-10-01 01:22:42
1459,聯發,TEST,EVOLUTION,突破中,4,13,準IGNITION,前狀態:nan→今日:突破中｜狀態跳升｜具備點火條件,READY,13.0,一般,爆量不跌｜均線結構,121.977,2026-10-01 01:22:42
6937,天虹,WATCH,EVOLUTION,突破中,4,13,準IGNITION,前狀態:nan→今日:突破中｜狀態跳升｜具備點火條件,READY,9.0,一般,均線結構｜法人偏多,95.53,2026-10-01 01:22:42
1568,倉佑,TEST,EVOLUTION,突破中,4,13,準IGNITION,前狀態:nan→今日:突破中｜狀態跳升｜具備點火條件,READY,17.0,主力吸籌,爆量不跌｜均線結構｜法人偏多,103.796,2026-10-01 01:22:42
8213,志超,TEST,EVOLUTION,突破中,4,13,準IGNITION,前狀態:nan→今日:突破中｜狀態跳升｜具備點火條件,READY,17.0,主力吸籌,爆量不跌｜均線結構｜法人偏多,108.068,2026-10-01 01:22:42
3308,聯德,WATCH,EVOLUTION,突破中,4,13,準IGNITION,前狀態:nan→今日:突破中｜狀態跳升｜具備點火條件,READY,13.0,一般,爆量不跌｜均線結構,77.111,2026-10-01 01:22:42
6189,豐藝,WATCH,EVOLUTION,觀察,0,0,持續觀察,前狀態:nan→今日:觀察,NO,4.0,一般,法人偏多,77.779,2026-10-01 01:22:42
2939,永邑-KY,TEST,EVOLUTION,突破中,4,13,準IGNITION,首次追蹤:突破中｜狀態跳升｜具備點火條件,READY,5.0,一般,均線結構,116.17,2026-10-01 01:22:42
7827,,WATCH,EVOLUTION,觀察,0,0,持續觀察,前狀態:nan→今日:觀察,NO,0.0,一般,,86.465,2026-10-01 01:22:42
1459,聯發,TEST,EVOLUTION,突破中,4,13,準IGNITION,前狀態:nan→今日:突破中｜狀態跳升｜具備點火條件,READY,13.0,一般,爆量不跌｜均線結構,121.977,2026-10-01 01:22:42
2002,中鋼,WATCH,IGNITION,吸籌中,1,5,持續觀察,前狀態:nan→今日:吸籌中｜狀態升級,NO,8.0,一般,爆量不跌,75.768,2026-10-01 01:22:42
1513,中興電,,IGNITION,發動中,5,16,準IGNITION,前狀態:nan→今日:發動中｜狀態跳升｜具備點火條件,READY,17.0,主力吸籌,爆量不跌｜均線結構｜法人偏多,23.744,2026-10-01 01:22:42
1609,大亞,TEST,IGNITION,發動中,5,16,準IGNITION,前狀態:nan→今日:發動中｜狀態跳升｜具備點火條件,READY,17.0,主力吸籌,爆量不跌｜均線結構｜法人偏多,95.252,2026-10-01 01:22:42
6770,力積電,WATCH,IGNITION,突破中,4,13,準IGNITION,前狀態:nan→今日:突破中｜狀態跳升｜具備點火條件,READY,5.0,一般,均線結構,90.422,2026-10-01 01:22:42
2010,春源,TEST,IGNITION,突破中,4,13,準IGNITION,前狀態:nan→今日:突破中｜狀態跳升｜具備點火條件,READY,13.0,一般,爆量不跌｜均線結構,102.141,2026-10-01 01:22:42
1301,台塑,WATCH,IGNITION,突破中,4,13,準IGNITION,首次追蹤:突破中｜狀態跳升｜具備點火條件,READY,17.0,主力吸籌,爆量不跌｜均線結構｜法人偏多,99.983,2026-10-01 01:22:42
2002,中鋼,WATCH,IGNITION,吸籌中,1,5,持續觀察,前狀態:nan→今日:吸籌中｜狀態升級,NO,8.0,一般,爆量不跌,75.768,2026-10-01 01:22:42
2618,長榮航,WATCH,IGNITION,突破中,4,13,準IGNITION,前狀態:nan→今日:突破中｜狀態跳升｜具備點火條件,READY,13.0,一般,爆量不跌｜均線結構,85.836,2026-10-01 01:22:42
3717,聯嘉投控,WATCH,IGNITION,突破中,4,13,準IGNITION,前狀態:nan→今日:突破中｜狀態跳升｜具備點火條件,READY,13.0,一般,爆量不跌｜均線結構,101.342,2026-10-01 01:22:42
1612,宏泰,WATCH,IGNITION,發動中,5,16,準IGNITION,前狀態:nan→今日:發動中｜狀態跳升｜具備點火條件,READY,17.0,主力吸籌,爆量不跌｜均線結構｜法人偏多,100.918,2026-10-01 01:22:42
4142,國光生,TEST,IGNITION,突破中,4,13,準IGNITION,前狀態:nan→今日:突破中｜狀態跳升｜具備點火條件,READY,13.0,一般,爆量不跌｜均線結構,107.156,2026-10-01 01:22:42
2031,新光鋼,TEST,IGNITION,發動中,5,16,準IGNITION,前狀態:nan→今日:發動中｜狀態跳升｜具備點火條件,READY,17.0,主力吸籌,爆量不跌｜均線結構｜法人偏多,105.4,2026-10-01 01:22:42
2618,長榮航,WATCH,IGNITION,突破中,4,13,準IGNITION,前狀態:nan→今日:突破中｜狀態跳升｜具備點火條件,READY,13.0,一般,爆量不跌｜均線結構,85.836,2026-10-01 01:22:42
1597,直得,WATCH,IGNITION,突破中,4,13,準IGNITION,首次追蹤:突破中｜狀態跳升｜具備點火條件,READY,9.0,一般,均線結構｜法人偏多,87.83,2026-10-01 01:22:42
1609,大亞,TEST,IGNITION,突破中,4,13,準IGNITION,前狀態:nan→今日:突破中｜狀態跳升｜具備點火條件,READY,17.0,主力吸籌,爆量不跌｜均線結構｜法人偏多,94.202,2026-10-01 01:22:42
2014,中鴻,TEST,IGNITION,試盤中,3,11,升級觀察,前狀態:nan→今日:試盤中｜狀態跳升｜狀態轉強,WATCH_UP,12.0,一般,爆量不跌｜法人偏多,94.701,2026-10-01 01:22:42
6153,嘉聯益,TEST,IGNITION,突破中,4,13,準IGNITION,前狀態:nan→今日:突破中｜狀態跳升｜具備點火條件,READY,17.0,主力吸籌,爆量不跌｜均線結構｜法人偏多,95.063,2026-10-01 01:22:42
5243,乙盛-KY,WATCH,IGNITION,突破中,4,13,準IGNITION,首次追蹤:突破中｜狀態跳升｜具備點火條件,READY,17.0,主力吸籌,爆量不跌｜均線結構｜法人偏多,89.721,2026-10-01 01:22:42
1773,勝一,WATCH,IGNITION,吸籌中,1,5,持續觀察,前狀態:nan→今日:吸籌中｜狀態升級,NO,8.0,一般,爆量不跌,82.709,2026-10-01 01:22:42
2010,春源,TEST,IGNITION,突破中,4,13,準IGNITION,前狀態:nan→今日:突破中｜狀態跳升｜具備點火條件,READY,13.0,一般,爆量不跌｜均線結構,102.141,2026-10-01 01:22:42
6962,奕力-KY,WATCH,IGNITION,觀察,0,0,持續觀察,前狀態:nan→今日:觀察,NO,0.0,一般,,69.79,2026-10-01 01:22:42
6108,競國,WATCH,IGNITION,突破中,4,13,準IGNITION,前狀態:nan→今日:突破中｜狀態跳升｜具備點火條件,READY,5.0,一般,均線結構,91.755,2026-10-01 01:22:42
1307,三芳,WATCH,IGNITION,試盤中,3,11,升級觀察,前狀態:nan→今日:試盤中｜狀態跳升｜狀態轉強,WATCH_UP,12.0,一般,爆量不跌｜法人偏多,95.103,2026-10-01 01:22:42
3038,全台,WATCH,IGNITION,吸籌中,1,5,持續觀察,前狀態:nan→今日:吸籌中｜狀態升級,NO,8.0,一般,爆量不跌,83.128,2026-10-01 01:22:42
6153,嘉聯益,TEST,IGNITION,突破中,4,13,準IGNITION,前狀態:nan→今日:突破中｜狀態跳升｜具備點火條件,READY,17.0,主力吸籌,爆量不跌｜均線結構｜法人偏多,95.063,2026-10-01 01:22:42
4912,聯德控股-KY,WATCH,IGNITION,突破中,4,13,準IGNITION,首次追蹤:突破中｜狀態跳升｜具備點火條件,READY,13.0,一般,爆量不跌｜均線結構,104.675,2026-10-01 01:22:42
1773,勝一,WATCH,IGNITION,吸籌中,1,5,持續觀察,前狀態:nan→今日:吸籌中｜狀態升級,NO,8.0,一般,爆量不跌,82.709,2026-10-01 01:22:42
6770,力積電,WATCH,IGNITION,突破中,4,13,準IGNITION,前狀態:nan→今日:突破中｜狀態跳升｜具備點火條件,READY,5.0,一般,均線結構,90.422,2026-10-01 01:22:42
1612,宏泰,WATCH,IGNITION,突破中,4,13,準IGNITION,前狀態:nan→今日:突破中｜狀態跳升｜具備點火條件,READY,17.0,主力吸籌,爆量不跌｜均線結構｜法人偏多,99.868,2026-10-01 01:22:42
4142,國光生,TEST,IGNITION,突破中,4,13,準IGNITION,前狀態:nan→今日:突破中｜狀態跳升｜具備點火條件,READY,13.0,一般,爆量不跌｜均線結構,107.156,2026-10-01 01:22:42
1301,台塑,WATCH,IGNITION,突破中,4,13,準IGNITION,首次追蹤:突破中｜狀態跳升｜具備點火條件,READY,17.0,主力吸籌,爆量不跌｜均線結構｜法人偏多,99.983,2026-10-01 01:22:42
2031,新光鋼,TEST,IGNITION,突破中,4,13,準IGNITION,前狀態:nan→今日:突破中｜狀態跳升｜具備點火條件,READY,17.0,主力吸籌,爆量不跌｜均線結構｜法人偏多,104.35,2026-10-01 01:22:42
3051,力特,WATCH,IGNITION,試盤中,3,11,升級觀察,首次追蹤:試盤中｜狀態跳升｜狀態轉強,WATCH_UP,12.0,一般,爆量不跌｜法人偏多,73.566,2026-10-01 01:22:42
6491,晶碩,TEST,IGNITION,突破中,4,13,準IGNITION,前狀態:nan→今日:突破中｜狀態跳升｜具備點火條件,READY,9.0,一般,均線結構｜法人偏多,91.922,2026-10-01 01:22:42
6902,GOGOLOOK,WATCH,IGNITION,突破中,4,13,準IGNITION,前狀態:nan→今日:突破中｜狀態跳升｜具備點火條件,READY,9.0,一般,均線結構｜法人偏多,103.574,2026-10-01 01:22:42
6491,晶碩,TEST,IGNITION,突破中,4,13,準IGNITION,前狀態:nan→今日:突破中｜狀態跳升｜具備點火條件,READY,9.0,一般,均線結構｜法人偏多,91.922,2026-10-01 01:22:42
2029,盛餘,WATCH,IGNITION,突破中,4,13,準IGNITION,前狀態:nan→今日:突破中｜狀態跳升｜具備點火條件,READY,13.0,一般,爆量不跌｜均線結構,92.014,2026-10-01 01:22:42
1307,三芳,WATCH,IGNITION,試盤中,3,11,升級觀察,前狀態:nan→今日:試盤中｜狀態跳升｜狀態轉強,WATCH_UP,12.0,一般,爆量不跌｜法人偏多,95.103,2026-10-01 01:22:42
2029,盛餘,WATCH,IGNITION,突破中,4,13,準IGNITION,前狀態:nan→今日:突破中｜狀態跳升｜具備點火條件,READY,13.0,一般,爆量不跌｜均線結構,92.014,2026-10-01 01:22:42
3054,立萬利,WATCH,IGNITION,突破中,4,13,準IGNITION,前狀態:nan→今日:突破中｜狀態跳升｜具備點火條件,READY,13.0,一般,爆量不跌｜均線結構,94.036,2026-10-01 01:22:42
2038,海光,WATCH,IGNITION,吸籌中,1,5,持續觀察,前狀態:nan→今日:吸籌中｜狀態升級,NO,8.0,一般,爆量不跌,81.344,2026-10-01 01:22:42
3038,全台,WATCH,IGNITION,吸籌中,1,5,持續觀察,前狀態:nan→今日:吸籌中｜狀態升級,NO,8.0,一般,爆量不跌,83.128,2026-10-01 01:22:42
3051,力特,WATCH,IGNITION,試盤中,3,11,升級觀察,首次追蹤:試盤中｜狀態跳升｜狀態轉強,WATCH_UP,12.0,一般,爆量不跌｜法人偏多,73.566,2026-10-01 01:22:42
5243,乙盛-KY,WATCH,IGNITION,突破中,4,13,準IGNITION,首次追蹤:突破中｜狀態跳升｜具備點火條件,READY,17.0,主力吸籌,爆量不跌｜均線結構｜法人偏多,89.721,2026-10-01 01:22:42
4560,強信-KY,WATCH,IGNITION,觀察,0,0,持續觀察,首次追蹤:觀察,NO,4.0,一般,法人偏多,68.091,2026-10-01 01:22:42
2028,威致,TEST,IGNITION,突破中,4,13,準IGNITION,前狀態:nan→今日:突破中｜狀態跳升｜具備點火條件,READY,13.0,一般,爆量不跌｜均線結構,116.307,2026-10-01 01:22:42
2328,廣宇,,IGNITION,突破中,4,13,準IGNITION,前狀態:nan→今日:突破中｜狀態跳升｜具備點火條件,READY,5.0,一般,均線結構,17.963,2026-10-01 01:22:42
6108,競國,WATCH,IGNITION,突破中,4,13,準IGNITION,前狀態:nan→今日:突破中｜狀態跳升｜具備點火條件,READY,5.0,一般,均線結構,91.755,2026-10-01 01:22:42
1338,廣華-KY,WATCH,IGNITION,吸籌中,1,5,持續觀察,前狀態:nan→今日:吸籌中｜狀態升級,NO,8.0,一般,爆量不跌,92.332,2026-10-01 01:22:42
1210,大成,,IGNITION,觀察,0,0,持續觀察,前狀態:nan→今日:觀察,NO,0.0,一般,,14.317,2026-10-01 01:22:42
6206,飛捷,,IGNITION,突破中,4,13,準IGNITION,前狀態:nan→今日:突破中｜狀態跳升｜具備點火條件,READY,9.0,一般,均線結構｜法人偏多,19.839,2026-10-01 01:22:42
4560,強信-KY,WATCH,IGNITION,觀察,0,0,持續觀察,首次追蹤:觀察,NO,4.0,一般,法人偏多,68.091,2026-10-01 01:22:42
3054,立萬利,WATCH,IGNITION,突破中,4,13,準IGNITION,前狀態:nan→今日:突破中｜狀態跳升｜具備點火條件,READY,13.0,一般,爆量不跌｜均線結構,94.036,2026-10-01 01:22:42
2607,榮運,,IGNITION,突破中,4,13,準IGNITION,前狀態:nan→今日:突破中｜狀態跳升｜具備點火條件,READY,5.0,一般,均線結構,25.335,2026-10-01 01:22:42
2430,燦坤,WATCH,IGNITION,突破中,4,12,準IGNITION,前狀態:突破中→今日:突破中｜強狀態維持｜強狀態連續維持｜具備點火條件,READY,9.0,一般,均線結構｜法人偏多,91.633,2026-10-01 01:22:42
2430,燦坤,WATCH,IGNITION,突破中,4,12,準IGNITION,前狀態:突破中→今日:突破中｜強狀態維持｜強狀態連續維持｜具備點火條件,READY,9.0,一般,均線結構｜法人偏多,91.633,2026-10-01 01:22:42
1418,東華,WATCH,IGNITION,吸籌中,1,5,持續觀察,前狀態:nan→今日:吸籌中｜狀態升級,NO,8.0,一般,爆量不跌,82.094,2026-10-01 01:22:42
3164,景岳,WATCH,IGNITION,觀察,0,0,持續觀察,前狀態:nan→今日:觀察,NO,4.0,一般,法人偏多,85.426,2026-10-01 01:22:42
1418,東華,WATCH,IGNITION,吸籌中,1,5,持續觀察,前狀態:nan→今日:吸籌中｜狀態升級,NO,8.0,一般,爆量不跌,82.094,2026-10-01 01:22:42
2008,高興昌,WATCH,IGNITION,突破中,4,13,準IGNITION,前狀態:nan→今日:突破中｜狀態跳升｜具備點火條件,READY,5.0,一般,均線結構,72.075,2026-10-01 01:22:42
1468,昶和,,IGNITION,觀察,0,0,持續觀察,前狀態:nan→今日:觀察,NO,0.0,一般,,20.967,2026-10-01 01:22:42
6958,日盛台駿,,IGNITION,觀察,0,0,持續觀察,前狀態:nan→今日:觀察,NO,0.0,一般,,13.973,2026-10-01 01:22:42
2430,燦坤,WATCH,IGNITION,突破中,4,12,準IGNITION,前狀態:突破中→今日:突破中｜強狀態維持｜強狀態連續維持｜具備點火條件,READY,9.0,一般,均線結構｜法人偏多,91.633,2026-10-01 01:22:42
3164,景岳,WATCH,IGNITION,觀察,0,0,持續觀察,前狀態:nan→今日:觀察,NO,4.0,一般,法人偏多,85.426,2026-10-01 01:22:42
2329,華泰,TEST,TEST,試盤中,3,11,升級觀察,首次追蹤:試盤中｜狀態跳升｜狀態轉強,WATCH_UP,12.0,一般,爆量不跌｜法人偏多,86.288,2026-10-01 01:22:42
6533,晶心科,TEST,TEST,突破中,4,13,準IGNITION,前狀態:nan→今日:突破中｜狀態跳升｜具備點火條件,READY,17.0,主力吸籌,爆量不跌｜均線結構｜法人偏多,120.204,2026-10-01 01:22:42
1809,中釉,WATCH,TEST,吸籌中,1,5,持續觀察,前狀態:nan→今日:吸籌中｜狀態升級,NO,8.0,一般,爆量不跌,91.348,2026-10-01 01:22:42
3034,聯詠,,TEST,突破中,4,13,準IGNITION,前狀態:nan→今日:突破中｜狀態跳升｜具備點火條件,READY,5.0,一般,均線結構,16.135,2026-10-01 01:22:42
6139,亞翔,WATCH,TEST,觀察,0,0,持續觀察,首次追蹤:觀察,NO,0.0,一般,,75.018,2026-10-01 01:22:42
3162,精確,,TEST,突破中,4,13,準IGNITION,前狀態:nan→今日:突破中｜狀態跳升｜具備點火條件,READY,9.0,一般,均線結構｜法人偏多,15.395,2026-10-01 01:22:42
2241,艾姆勒,WATCH,TEST,突破中,4,13,準IGNITION,前狀態:nan→今日:突破中｜狀態跳升｜具備點火條件,READY,11.0,一般,爆量不跌｜均線結構｜法人偏多｜籌碼風險,100.551,2026-10-01 01:22:42
3518,柏騰,WATCH,TEST,突破中,4,13,準IGNITION,前狀態:nan→今日:突破中｜狀態跳升｜具備點火條件,READY,17.0,主力吸籌,爆量不跌｜均線結構｜法人偏多,119.589,2026-10-01 01:22:42
1595,川寶,,TEST,突破中,4,13,準IGNITION,首次追蹤:突破中｜狀態跳升｜具備點火條件,READY,9.0,一般,均線結構｜法人偏多,19.347,2026-10-01 01:22:42
3580,友威科,,TEST,突破中,4,13,準IGNITION,前狀態:nan→今日:突破中｜狀態跳升｜具備點火條件,READY,9.0,一般,均線結構｜法人偏多,14.755,2026-10-01 01:22:42
6120,達運,TEST,TEST,吸籌中,1,5,持續觀察,前狀態:nan→今日:吸籌中｜狀態升級,NO,8.0,一般,爆量不跌,104.407,2026-10-01 01:22:42
3645,達邁,TEST,TEST,突破中,4,13,準IGNITION,前狀態:nan→今日:突破中｜狀態跳升｜具備點火條件,READY,13.0,一般,爆量不跌｜均線結構,102.543,2026-10-01 01:22:42
6425,易發,,TEST,突破中,4,13,準IGNITION,前狀態:nan→今日:突破中｜狀態跳升｜具備點火條件,READY,9.0,一般,均線結構｜法人偏多,18.24,2026-10-01 01:22:42
3311,閎暉,WATCH,TEST,突破中,4,13,準IGNITION,前狀態:nan→今日:突破中｜狀態跳升｜具備點火條件,READY,13.0,一般,爆量不跌｜均線結構,108.394,2026-10-01 01:22:42
1109,信大,,TEST,出貨疑慮,-2,-15,降級風險,前狀態:nan→今日:出貨疑慮｜狀態降級,RISK,-6.0,籌碼風險,籌碼風險,1.583,2026-10-01 01:22:42
2329,華泰,TEST,TEST,試盤中,3,11,升級觀察,首次追蹤:試盤中｜狀態跳升｜狀態轉強,WATCH_UP,12.0,一般,爆量不跌｜法人偏多,86.288,2026-10-01 01:22:42
6197,佳必琪,WATCH,TEST,觀察,0,0,持續觀察,首次追蹤:觀察,NO,4.0,一般,法人偏多,73.598,2026-10-01 01:22:42
4927,泰鼎-KY,WATCH,TEST,突破中,4,13,準IGNITION,前狀態:nan→今日:突破中｜狀態跳升｜具備點火條件,READY,5.0,一般,均線結構,91.21,2026-10-01 01:22:42
1304,台聚,WATCH,TEST,觀察,0,0,持續觀察,首次追蹤:觀察,NO,4.0,一般,法人偏多,62.425,2026-10-01 01:22:42
3105,穩懋,,TEST,突破中,4,13,準IGNITION,前狀態:nan→今日:突破中｜狀態跳升｜具備點火條件,READY,9.0,一般,均線結構｜法人偏多,18.363,2026-10-01 01:22:42
9949,琉園,,TEST,觀察,0,0,持續觀察,前狀態:nan→今日:觀察,NO,0.0,一般,,11.865,2026-10-01 01:22:42
4755,三福化,WATCH,TEST,吸籌中,1,5,持續觀察,前狀態:nan→今日:吸籌中｜狀態升級,NO,8.0,一般,爆量不跌,78.474,2026-10-01 01:22:42
5013,強新,,TEST,突破中,4,13,準IGNITION,前狀態:nan→今日:突破中｜狀態跳升｜具備點火條件,READY,5.0,一般,均線結構,18.627,2026-10-01 01:22:42
2317,鴻海,,TEST,突破中,4,13,準IGNITION,前狀態:nan→今日:突破中｜狀態跳升｜具備點火條件,READY,9.0,一般,均線結構｜法人偏多,18.003,2026-10-01 01:22:42
4746,台耀,WATCH,TEST,觀察,0,0,持續觀察,首次追蹤:觀察,NO,4.0,一般,法人偏多,75.984,2026-10-01 01:22:42
2882,國泰金,,TEST,觀察,0,0,持續觀察,首次追蹤:觀察,NO,0.0,一般,,6.888,2026-10-01 01:22:42
5309,系統電,,TEST,觀察,0,0,持續觀察,前狀態:nan→今日:觀察,NO,4.0,一般,法人偏多,9.715,2026-10-01 01:22:42
6274,台燿,,TEST,突破中,4,13,準IGNITION,前狀態:nan→今日:突破中｜狀態跳升｜具備點火條件,READY,9.0,一般,均線結構｜法人偏多,15.821,2026-10-01 01:22:42
6885,全福生技,WATCH,TEST,突破中,4,13,準IGNITION,前狀態:nan→今日:突破中｜狀態跳升｜具備點火條件,READY,9.0,一般,均線結構｜法人偏多,100.581,2026-10-01 01:22:42
3211,順達,,TEST,觀察,0,0,持續觀察,前狀態:nan→今日:觀察,NO,4.0,一般,法人偏多,11.683,2026-10-01 01:22:42
3219,倚強科,,TEST,突破中,4,13,準IGNITION,前狀態:nan→今日:突破中｜狀態跳升｜具備點火條件,READY,9.0,一般,均線結構｜法人偏多,16.149,2026-10-01 01:22:42
4931,新盛力,,TEST,突破中,4,13,準IGNITION,前狀態:nan→今日:突破中｜狀態跳升｜具備點火條件,READY,9.0,一般,均線結構｜法人偏多,13.788,2026-10-01 01:22:42
3498,陽程,,TEST,突破中,4,13,準IGNITION,前狀態:nan→今日:突破中｜狀態跳升｜具備點火條件,READY,9.0,一般,均線結構｜法人偏多,17.133,2026-10-01 01:22:42
3017,奇鋐,,TEST,突破中,4,13,準IGNITION,前狀態:nan→今日:突破中｜狀態跳升｜具備點火條件,READY,9.0,一般,均線結構｜法人偏多,16.969,2026-10-01 01:22:42
4968,立積,WATCH,TEST,吸籌中,1,5,持續觀察,前狀態:nan→今日:吸籌中｜狀態升級,NO,8.0,一般,爆量不跌,92.283,2026-10-01 01:22:42
5469,瀚宇博,,TEST,觀察,0,0,持續觀察,首次追蹤:觀察,NO,0.0,一般,,14.555,2026-10-01 01:22:42
3455,由田,,TEST,突破中,4,13,準IGNITION,前狀態:nan→今日:突破中｜狀態跳升｜具備點火條件,READY,9.0,一般,均線結構｜法人偏多,14.854,2026-10-01 01:22:42
8299,群聯,,TEST,突破中,4,13,準IGNITION,前狀態:nan→今日:突破中｜狀態跳升｜具備點火條件,READY,9.0,一般,均線結構｜法人偏多,12.049,2026-10-01 01:22:42
2376,技嘉,,TEST,突破中,4,13,準IGNITION,前狀態:nan→今日:突破中｜狀態跳升｜具備點火條件,READY,9.0,一般,均線結構｜法人偏多,15.977,2026-10-01 01:22:42
8111,立碁,,TEST,突破中,4,13,準IGNITION,前狀態:nan→今日:突破中｜狀態跳升｜具備點火條件,READY,9.0,一般,均線結構｜法人偏多,15.272,2026-10-01 01:22:42
1603,華電,WATCH,TEST,突破中,4,13,準IGNITION,前狀態:nan→今日:突破中｜狀態跳升｜具備點火條件,READY,13.0,一般,爆量不跌｜均線結構,80.916,2026-10-01 01:22:42
6290,良維,,TEST,突破中,4,13,準IGNITION,前狀態:nan→今日:突破中｜狀態跳升｜具備點火條件,READY,9.0,一般,均線結構｜法人偏多,16.461,2026-10-01 01:22:42
3419,譁裕,WATCH,TEST,試盤中,3,11,升級觀察,前狀態:nan→今日:試盤中｜狀態跳升｜狀態轉強,WATCH_UP,12.0,一般,爆量不跌｜法人偏多,78.773,2026-10-01 01:22:42
4768,晶呈科技,,TEST,觀察,0,0,持續觀察,前狀態:nan→今日:觀察,NO,4.0,一般,法人偏多,12.79,2026-10-01 01:22:42
8086,宏捷科,,TEST,觀察,0,0,持續觀察,前狀態:nan→今日:觀察,NO,4.0,一般,法人偏多,9.084,2026-10-01 01:22:42
6244,茂迪,,TEST,觀察,0,0,持續觀察,前狀態:nan→今日:觀察,NO,4.0,一般,法人偏多,12.585,2026-10-01 01:22:42
3044,健鼎,,TEST,突破中,4,13,準IGNITION,前狀態:nan→今日:突破中｜狀態跳升｜具備點火條件,READY,5.0,一般,均線結構,14.445,2026-10-01 01:22:42
8040,九暘,,TEST,突破中,4,13,準IGNITION,前狀態:nan→今日:突破中｜狀態跳升｜具備點火條件,READY,9.0,一般,均線結構｜法人偏多,14.755,2026-10-01 01:22:42
9904,寶成,,TEST,突破中,4,13,準IGNITION,前狀態:nan→今日:突破中｜狀態跳升｜具備點火條件,READY,5.0,一般,均線結構,21.333,2026-10-01 01:22:42
1102,亞泥,,TEST,突破中,4,13,準IGNITION,前狀態:nan→今日:突破中｜狀態跳升｜具備點火條件,READY,5.0,一般,均線結構,20.579,2026-10-01 01:22:42
6530,創威,,TEST,突破中,4,13,準IGNITION,前狀態:nan→今日:突破中｜狀態跳升｜具備點火條件,READY,9.0,一般,均線結構｜法人偏多,17.609,2026-10-01 01:22:42
4772,台特化,,TEST,觀察,0,0,持續觀察,前狀態:nan→今日:觀察,NO,4.0,一般,法人偏多,7.895,2026-10-01 01:22:42
5864,致和證,,TEST,突破中,4,13,準IGNITION,前狀態:nan→今日:突破中｜狀態跳升｜具備點火條件,READY,5.0,一般,均線結構,17.971,2026-10-01 01:22:42
3680,家登,,TEST,突破中,4,13,準IGNITION,前狀態:nan→今日:突破中｜狀態跳升｜具備點火條件,READY,9.0,一般,均線結構｜法人偏多,17.133,2026-10-01 01:22:42
3265,台星科,,TEST,突破中,4,13,準IGNITION,前狀態:nan→今日:突破中｜狀態跳升｜具備點火條件,READY,9.0,一般,均線結構｜法人偏多,14.444,2026-10-01 01:22:42
6547,高端疫苗,,TEST,突破中,4,13,準IGNITION,前狀態:nan→今日:突破中｜狀態跳升｜具備點火條件,READY,9.0,一般,均線結構｜法人偏多,17.748,2026-10-01 01:22:42
2405,輔信,,TEST,觀察,0,0,持續觀察,首次追蹤:觀察,NO,0.0,一般,,12.8,2026-10-01 01:22:42
6016,康和證,,TEST,觀察,0,0,持續觀察,前狀態:nan→今日:觀察,NO,0.0,一般,,13.407,2026-10-01 01:22:42
1731,美吾華,,TEST,觀察,0,0,持續觀察,前狀態:nan→今日:觀察,NO,0.0,一般,,12.71,2026-10-01 01:22:42
6683,雍智科技,,TEST,突破中,4,13,準IGNITION,首次追蹤:突破中｜狀態跳升｜具備點火條件,READY,9.0,一般,均線結構｜法人偏多,14.821,2026-10-01 01:22:42
2727,王品,WATCH,TEST,觀察,0,0,持續觀察,前狀態:nan→今日:觀察,NO,4.0,一般,法人偏多,89.567,2026-10-01 01:22:42
1732,毛寶,,TEST,吸籌中,1,5,持續觀察,前狀態:nan→今日:吸籌中｜狀態升級,NO,8.0,一般,爆量不跌,19.393,2026-10-01 01:22:42
3663,鑫科,,TEST,觀察,0,0,持續觀察,前狀態:nan→今日:觀察,NO,4.0,一般,法人偏多,11.478,2026-10-01 01:22:42
4927,泰鼎-KY,WATCH,TEST,突破中,4,13,準IGNITION,前狀態:nan→今日:突破中｜狀態跳升｜具備點火條件,READY,5.0,一般,均線結構,91.21,2026-10-01 01:22:42
2727,王品,WATCH,TEST,觀察,0,0,持續觀察,前狀態:nan→今日:觀察,NO,4.0,一般,法人偏多,89.567,2026-10-01 01:22:42
6869,雲豹能源,WATCH,TEST,觀察,0,0,持續觀察,前狀態:nan→今日:觀察,NO,4.0,一般,法人偏多,83.671,2026-10-01 01:22:42
8240,華宏,,TEST,突破中,4,13,準IGNITION,前狀態:nan→今日:突破中｜狀態跳升｜具備點火條件,READY,9.0,一般,均線結構｜法人偏多,19.347,2026-10-01 01:22:42
6485,點序,,TEST,觀察,0,0,持續觀察,前狀態:nan→今日:觀察,NO,4.0,一般,法人偏多,13.241,2026-10-01 01:22:42
3675,德微,,TEST,突破中,4,13,準IGNITION,前狀態:nan→今日:突破中｜狀態跳升｜具備點火條件,READY,9.0,一般,均線結構｜法人偏多,15.657,2026-10-01 01:22:42
4541,晟田,,TEST,觀察,0,0,持續觀察,前狀態:nan→今日:觀察,NO,4.0,一般,法人偏多,8.633,2026-10-01 01:22:42
6190,萬泰科,,TEST,觀察,0,0,持續觀察,前狀態:nan→今日:觀察,NO,4.0,一般,法人偏多,8.633,2026-10-01 01:22:42
3289,宜特,,TEST,觀察,0,0,持續觀察,前狀態:nan→今日:觀察,NO,4.0,一般,法人偏多,7.6,2026-10-01 01:22:42
3354,律勝,,TEST,突破中,4,13,準IGNITION,首次追蹤:突破中｜狀態跳升｜具備點火條件,READY,5.0,一般,均線結構,17.643,2026-10-01 01:22:42
6532,瑞耘,,TEST,突破中,4,13,準IGNITION,前狀態:nan→今日:突破中｜狀態跳升｜具備點火條件,READY,9.0,一般,均線結構｜法人偏多,17.609,2026-10-01 01:22:42
2548,華固,,TEST,觀察,0,0,持續觀察,首次追蹤:觀察,NO,-2.0,一般,法人偏多｜籌碼風險,5.159,2026-10-01 01:22:42
3491,昇達科,,TEST,突破中,4,13,準IGNITION,首次追蹤:突破中｜狀態跳升｜具備點火條件,READY,3.0,一般,均線結構｜法人偏多｜籌碼風險,12.101,2026-10-01 01:22:42
4755,三福化,WATCH,TEST,吸籌中,1,5,持續觀察,前狀態:nan→今日:吸籌中｜狀態升級,NO,8.0,一般,爆量不跌,78.474,2026-10-01 01:22:42
5515,建國,WATCH,TEST,突破中,4,13,準IGNITION,前狀態:nan→今日:突破中｜狀態跳升｜具備點火條件,READY,5.0,一般,均線結構,79.935,2026-10-01 01:22:42
3066,李洲,,TEST,突破中,4,13,準IGNITION,前狀態:nan→今日:突破中｜狀態跳升｜具備點火條件,READY,5.0,一般,均線結構,14.019,2026-10-01 01:22:42
6015,宏遠證,,TEST,突破中,4,13,準IGNITION,前狀態:nan→今日:突破中｜狀態跳升｜具備點火條件,READY,5.0,一般,均線結構,16.864,2026-10-01 01:22:42
8147,正淩,,TEST,突破中,4,13,準IGNITION,前狀態:nan→今日:突破中｜狀態跳升｜具備點火條件,READY,9.0,一般,均線結構｜法人偏多,18.24,2026-10-01 01:22:42
6291,沛亨,,TEST,突破中,4,13,準IGNITION,首次追蹤:突破中｜狀態跳升｜具備點火條件,READY,9.0,一般,均線結構｜法人偏多,13.96,2026-10-01 01:22:42
2420,新巨,WATCH,TEST,觀察,0,0,持續觀察,首次追蹤:觀察,NO,4.0,一般,法人偏多,57.698,2026-10-01 01:22:42
2208,台船,,TEST,觀察,0,0,持續觀察,前狀態:nan→今日:觀察,NO,0.0,一般,,9.889,2026-10-01 01:22:42
8431,匯鑽科,,TEST,突破中,4,13,準IGNITION,前狀態:nan→今日:突破中｜狀態跳升｜具備點火條件,READY,9.0,一般,均線結構｜法人偏多,18.978,2026-10-01 01:22:42
4577,達航科技,,TEST,突破中,4,13,準IGNITION,前狀態:nan→今日:突破中｜狀態跳升｜具備點火條件,READY,9.0,一般,均線結構｜法人偏多,18.495,2026-10-01 01:22:42
1103,嘉泥,,TEST,吸籌中,1,5,持續觀察,前狀態:nan→今日:吸籌中｜狀態升級,NO,8.0,一般,爆量不跌,18.311,2026-10-01 01:22:42
1584,精剛,,TEST,觀察,0,0,持續觀察,前狀態:nan→今日:觀察,NO,0.0,一般,,8.569,2026-10-01 01:22:42
1540,喬福,,TEST,觀察,0,0,持續觀察,首次追蹤:觀察,NO,-2.0,一般,法人偏多｜籌碼風險,6.749,2026-10-01 01:22:42
6163,華電網,,TEST,觀察,0,0,持續觀察,前狀態:nan→今日:觀察,NO,4.0,一般,法人偏多,7.977,2026-10-01 01:22:42
5220,萬達光電,,TEST,觀察,0,0,持續觀察,前狀態:nan→今日:觀察,NO,0.0,一般,,13.177,2026-10-01 01:22:42
6245,立端,,TEST,突破中,4,13,準IGNITION,前狀態:nan→今日:突破中｜狀態跳升｜具備點火條件,READY,9.0,一般,均線結構｜法人偏多,17.01,2026-10-01 01:22:42
1603,華電,WATCH,TEST,突破中,4,13,準IGNITION,前狀態:nan→今日:突破中｜狀態跳升｜具備點火條件,READY,13.0,一般,爆量不跌｜均線結構,80.916,2026-10-01 01:22:42
3227,原相,,TEST,觀察,0,0,持續觀察,前狀態:nan→今日:觀察,NO,4.0,一般,法人偏多,7.239,2026-10-01 01:22:42
2753,八方雲集,,TEST,觀察,0,0,持續觀察,前狀態:nan→今日:觀察,NO,4.0,一般,法人偏多,15.365,2026-10-01 01:22:42
3528,安馳,WATCH,TEST,觀察,0,0,持續觀察,前狀態:nan→今日:觀察,NO,4.0,一般,法人偏多,69.444,2026-10-01 01:22:42
2115,六暉-KY,,TEST,突破中,4,13,準IGNITION,前狀態:nan→今日:突破中｜狀態跳升｜具備點火條件,READY,13.0,一般,爆量不跌｜均線結構,23.544,2026-10-01 01:22:42
6903,巨漢,,TEST,觀察,0,0,持續觀察,前狀態:nan→今日:觀察,NO,4.0,一般,法人偏多,11.478,2026-10-01 01:22:42
3479,安勤,,TEST,觀察,0,0,持續觀察,前狀態:nan→今日:觀察,NO,0.0,一般,,9.569,2026-10-01 01:22:42
6617,共信-KY,,TEST,突破中,4,13,準IGNITION,首次追蹤:突破中｜狀態跳升｜具備點火條件,READY,5.0,一般,均線結構,13.035,2026-10-01 01:22:42
6708,天擎,,TEST,觀察,0,0,持續觀察,前狀態:nan→今日:觀察,NO,0.0,一般,,10.373,2026-10-01 01:22:42
7751,竑騰,,TEST,突破中,4,13,準IGNITION,前狀態:nan→今日:突破中｜狀態跳升｜具備點火條件,READY,9.0,一般,均線結構｜法人偏多,17.543,2026-10-01 01:22:42
7547,碩網,,TEST,觀察,0,0,持續觀察,前狀態:nan→今日:觀察,NO,0.0,一般,,10.307,2026-10-01 01:22:42
3228,金麗科,,TEST,突破中,4,13,準IGNITION,前狀態:nan→今日:突破中｜狀態跳升｜具備點火條件,READY,9.0,一般,均線結構｜法人偏多,17.133,2026-10-01 01:22:42
3287,廣寰科,,TEST,突破中,4,13,準IGNITION,前狀態:nan→今日:突破中｜狀態跳升｜具備點火條件,READY,5.0,一般,均線結構,11.329,2026-10-01 01:22:42
3147,大綜,,TEST,突破中,4,13,準IGNITION,前狀態:nan→今日:突破中｜狀態跳升｜具備點火條件,READY,9.0,一般,均線結構｜法人偏多,13.788,2026-10-01 01:22:42
4123,晟德,,TEST,觀察,0,0,持續觀察,前狀態:nan→今日:觀察,NO,4.0,一般,法人偏多,11.437,2026-10-01 01:22:42
6841,長佳智能,,TEST,觀察,0,0,持續觀察,前狀態:nan→今日:觀察,NO,4.0,一般,法人偏多,11.503,2026-10-01 01:22:42
2641,正德,,TEST,觀察,0,0,持續觀察,前狀態:nan→今日:觀察,NO,0.0,一般,,10.25,2026-10-01 01:22:42
4729,熒茂,,TEST,觀察,0,0,持續觀察,前狀態:nan→今日:觀察,NO,0.0,一般,,11.669,2026-10-01 01:22:42
6121,新普,,TEST,觀察,0,0,持續觀察,前狀態:nan→今日:觀察,NO,4.0,一般,法人偏多,9.182,2026-10-01 01:22:42
6026,福邦證,,TEST,突破中,4,13,準IGNITION,前狀態:nan→今日:突破中｜狀態跳升｜具備點火條件,READY,5.0,一般,均線結構,19.513,2026-10-01 01:22:42
8255,朋程,,TEST,觀察,0,0,持續觀察,前狀態:nan→今日:觀察,NO,4.0,一般,法人偏多,8.092,2026-10-01 01:22:42
1587,吉茂,WATCH,TEST,試盤中,3,11,升級觀察,首次追蹤:試盤中｜狀態跳升｜狀態轉強,WATCH_UP,12.0,一般,爆量不跌｜法人偏多,90.868,2026-10-01 01:22:42
4439,冠星-KY,WATCH,TEST,吸籌中,1,5,持續觀察,前狀態:nan→今日:吸籌中｜狀態升級,NO,8.0,一般,爆量不跌,84.083,2026-10-01 01:22:42
4951,精拓科,,TEST,突破中,4,13,準IGNITION,前狀態:nan→今日:突破中｜狀態跳升｜具備點火條件,READY,9.0,一般,均線結構｜法人偏多,14.739,2026-10-01 01:22:42
4167,松瑞藥,,TEST,觀察,0,0,持續觀察,前狀態:nan→今日:觀察,NO,0.0,一般,,12.325,2026-10-01 01:22:42
4966,譜瑞-KY,,TEST,觀察,0,0,持續觀察,前狀態:nan→今日:觀察,NO,4.0,一般,法人偏多,8.895,2026-10-01 01:22:42
4147,中裕,,TEST,觀察,0,0,持續觀察,前狀態:nan→今日:觀察,NO,4.0,一般,法人偏多,8.633,2026-10-01 01:22:42
6156,松上,,TEST,觀察,0,0,持續觀察,前狀態:nan→今日:觀察,NO,0.0,一般,,10.266,2026-10-01 01:22:42
6499,益安,,TEST,突破中,4,13,準IGNITION,前狀態:nan→今日:突破中｜狀態跳升｜具備點火條件,READY,9.0,一般,均線結構｜法人偏多,17.609,2026-10-01 01:22:42
2516,新建,WATCH,TEST,突破中,4,13,準IGNITION,前狀態:nan→今日:突破中｜狀態跳升｜具備點火條件,READY,5.0,一般,均線結構,95.322,2026-10-01 01:22:42
2477,美隆電,WATCH,TEST,突破中,4,13,準IGNITION,前狀態:nan→今日:突破中｜狀態跳升｜具備點火條件,READY,5.0,一般,均線結構,78.164,2026-10-01 01:22:42
6125,廣運,,TEST,觀察,0,0,持續觀察,前狀態:nan→今日:觀察,NO,4.0,一般,法人偏多,10.806,2026-10-01 01:22:42
3338,泰碩,,TEST,突破中,4,13,準IGNITION,前狀態:nan→今日:突破中｜狀態跳升｜具備點火條件,READY,9.0,一般,均線結構｜法人偏多,18.97,2026-10-01 01:22:42
6279,胡連,,TEST,觀察,0,0,持續觀察,前狀態:nan→今日:觀察,NO,4.0,一般,法人偏多,12.118,2026-10-01 01:22:42
4533,協易機,,TEST,觀察,0,0,持續觀察,前狀態:nan→今日:觀察,NO,4.0,一般,法人偏多,8.633,2026-10-01 01:22:42
3594,磐儀,,TEST,觀察,0,0,持續觀察,前狀態:nan→今日:觀察,NO,4.0,一般,法人偏多,11.462,2026-10-01 01:22:42
6679,鈺太,,TEST,觀察,0,0,持續觀察,前狀態:nan→今日:觀察,NO,4.0,一般,法人偏多,10.248,2026-10-01 01:22:42
6261,久元,,TEST,觀察,0,0,持續觀察,前狀態:nan→今日:觀察,NO,4.0,一般,法人偏多,8.633,2026-10-01 01:22:42
8047,星雲,,TEST,突破中,4,13,準IGNITION,前狀態:nan→今日:突破中｜狀態跳升｜具備點火條件,READY,5.0,一般,均線結構,16.643,2026-10-01 01:22:42
3508,位速,,TEST,突破中,4,13,準IGNITION,前狀態:nan→今日:突破中｜狀態跳升｜具備點火條件,READY,9.0,一般,均線結構｜法人偏多,14.591,2026-10-01 01:22:42
3483,力致,,TEST,觀察,0,0,持續觀察,前狀態:nan→今日:觀察,NO,4.0,一般,法人偏多,11.027,2026-10-01 01:22:42
9917,中保科,,TEST,觀察,0,0,持續觀察,首次追蹤:觀察,NO,0.0,一般,,5.904,2026-10-01 01:22:42
3709,鑫聯大投控,,TEST,觀察,0,0,持續觀察,前狀態:nan→今日:觀察,NO,4.0,一般,法人偏多,7.977,2026-10-01 01:22:42
8436,大江,,TEST,觀察,0,0,持續觀察,前狀態:nan→今日:觀察,NO,4.0,一般,法人偏多,7.641,2026-10-01 01:22:42
8076,伍豐,,TEST,觀察,0,0,持續觀察,前狀態:nan→今日:觀察,NO,0.0,一般,,12.751,2026-10-01 01:22:42
4114,健喬,,TEST,觀察,0,0,持續觀察,前狀態:nan→今日:觀察,NO,4.0,一般,法人偏多,9.945,2026-10-01 01:22:42
2482,連宇,WATCH,TEST,觀察,0,0,持續觀察,前狀態:nan→今日:觀察,NO,0.0,一般,,79.97,2026-10-01 01:22:42
5272,笙科,,TEST,觀察,0,0,持續觀察,前狀態:nan→今日:觀察,NO,4.0,一般,法人偏多,10.371,2026-10-01 01:22:42
6419,京晨科,,TEST,突破中,4,13,準IGNITION,前狀態:nan→今日:突破中｜狀態跳升｜具備點火條件,READY,5.0,一般,均線結構,15.29,2026-10-01 01:22:42
6150,撼訊,,TEST,突破中,4,13,準IGNITION,前狀態:nan→今日:突破中｜狀態跳升｜具備點火條件,READY,9.0,一般,均線結構｜法人偏多,17.117,2026-10-01 01:22:42
2482,連宇,WATCH,TEST,觀察,0,0,持續觀察,前狀態:nan→今日:觀察,NO,0.0,一般,,79.97,2026-10-01 01:22:42
4563,百德,,TEST,突破中,4,13,準IGNITION,前狀態:nan→今日:突破中｜狀態跳升｜具備點火條件,READY,9.0,一般,均線結構｜法人偏多,18.24,2026-10-01 01:22:42
3078,僑威,,TEST,觀察,0,0,持續觀察,前狀態:nan→今日:觀察,NO,4.0,一般,法人偏多,12.544,2026-10-01 01:22:42
5515,建國,WATCH,TEST,突破中,4,13,準IGNITION,前狀態:nan→今日:突破中｜狀態跳升｜具備點火條件,READY,5.0,一般,均線結構,79.935,2026-10-01 01:22:42
4909,新復興,,TEST,觀察,0,0,持續觀察,前狀態:nan→今日:觀察,NO,4.0,一般,法人偏多,9.043,2026-10-01 01:22:42
7810,捷創科技,,TEST,突破中,4,13,準IGNITION,前狀態:nan→今日:突破中｜狀態跳升｜具備點火條件,READY,9.0,一般,均線結構｜法人偏多,19.347,2026-10-01 01:22:42
1336,台翰,,TEST,突破中,4,13,準IGNITION,前狀態:nan→今日:突破中｜狀態跳升｜具備點火條件,READY,5.0,一般,均線結構,18.39,2026-10-01 01:22:42
6922,宸曜,,TEST,突破中,4,13,準IGNITION,前狀態:nan→今日:突破中｜狀態跳升｜具備點火條件,READY,9.0,一般,均線結構｜法人偏多,16.395,2026-10-01 01:22:42
3623,富晶通,,TEST,突破中,4,13,準IGNITION,前狀態:nan→今日:突破中｜狀態跳升｜具備點火條件,READY,9.0,一般,均線結構｜法人偏多,17.748,2026-10-01 01:22:42
5474,聰泰,,TEST,突破中,4,13,準IGNITION,前狀態:nan→今日:突破中｜狀態跳升｜具備點火條件,READY,9.0,一般,均線結構｜法人偏多,17.117,2026-10-01 01:22:42
6146,耕興,,TEST,觀察,0,0,持續觀察,前狀態:nan→今日:觀察,NO,4.0,一般,法人偏多,11.027,2026-10-01 01:22:42
2420,新巨,WATCH,TEST,觀察,0,0,持續觀察,首次追蹤:觀察,NO,4.0,一般,法人偏多,57.698,2026-10-01 01:22:42
6788,華景電,,TEST,觀察,0,0,持續觀察,前狀態:nan→今日:觀察,NO,4.0,一般,法人偏多,8.592,2026-10-01 01:22:42
6568,宏觀,,TEST,觀察,0,0,持續觀察,前狀態:nan→今日:觀察,NO,4.0,一般,法人偏多,9.551,2026-10-01 01:22:42
1472,三洋實業,,TEST,突破中,4,13,準IGNITION,首次追蹤:突破中｜狀態跳升｜具備點火條件,READY,13.0,一般,爆量不跌｜均線結構,22.363,2026-10-01 01:22:42
6535,順藥,,TEST,觀察,0,0,持續觀察,前狀態:nan→今日:觀察,NO,4.0,一般,法人偏多,10.371,2026-10-01 01:22:42
3444,利機,,TEST,突破中,4,13,準IGNITION,首次追蹤:突破中｜狀態跳升｜具備點火條件,READY,5.0,一般,均線結構,11.288,2026-10-01 01:22:42
5007,三星,,TEST,吸籌中,1,5,持續觀察,前狀態:nan→今日:吸籌中｜狀態升級,NO,8.0,一般,爆量不跌,20.049,2026-10-01 01:22:42
6129,普誠,,TEST,觀察,0,0,持續觀察,前狀態:nan→今日:觀察,NO,4.0,一般,法人偏多,10.986,2026-10-01 01:22:42
8109,博大,,TEST,觀察,0,0,持續觀察,前狀態:nan→今日:觀察,NO,4.0,一般,法人偏多,9.289,2026-10-01 01:22:42
6469,大樹,,TEST,觀察,0,0,持續觀察,前狀態:nan→今日:觀察,NO,4.0,一般,法人偏多,6.788,2026-10-01 01:22:42
4561,健椿,,TEST,突破中,4,13,準IGNITION,前狀態:nan→今日:突破中｜狀態跳升｜具備點火條件,READY,9.0,一般,均線結構｜法人偏多,19.577,2026-10-01 01:22:42
6712,長聖,,TEST,突破中,4,13,準IGNITION,前狀態:nan→今日:突破中｜狀態跳升｜具備點火條件,READY,9.0,一般,均線結構｜法人偏多,15.739,2026-10-01 01:22:42
7712,博盛半導體,,TEST,突破中,4,13,準IGNITION,前狀態:nan→今日:突破中｜狀態跳升｜具備點火條件,READY,5.0,一般,均線結構,14.281,2026-10-01 01:22:42
5381,光譜,,TEST,觀察,0,0,持續觀察,前狀態:nan→今日:觀察,NO,0.0,一般,,9.61,2026-10-01 01:22:42
5426,振發,,TEST,突破中,4,13,準IGNITION,前狀態:nan→今日:突破中｜狀態跳升｜具備點火條件,READY,9.0,一般,均線結構｜法人偏多,17.568,2026-10-01 01:22:42
6870,騰雲,,TEST,突破中,4,13,準IGNITION,前狀態:nan→今日:突破中｜狀態跳升｜具備點火條件,READY,5.0,一般,均線結構,15.06,2026-10-01 01:22:42
6546,正基,,TEST,觀察,0,0,持續觀察,前狀態:nan→今日:觀察,NO,-2.0,一般,法人偏多｜籌碼風險,3.141,2026-10-01 01:22:42
4557,永新-KY,,TEST,觀察,0,0,持續觀察,前狀態:nan→今日:觀察,NO,0.0,一般,,13.628,2026-10-01 01:22:42
6411,晶焱,,TEST,觀察,0,0,持續觀察,前狀態:nan→今日:觀察,NO,4.0,一般,法人偏多,6.706,2026-10-01 01:22:42
2012,春雨,WATCH,TEST,觀察,0,0,持續觀察,前狀態:nan→今日:觀察,NO,4.0,一般,法人偏多,61.47,2026-10-01 01:22:42
1439,雋揚,,TEST,突破中,4,13,準IGNITION,首次追蹤:突破中｜狀態跳升｜具備點火條件,READY,13.0,一般,爆量不跌｜均線結構,15.951,2026-10-01 01:22:42
2107,厚生,,TEST,突破中,4,13,準IGNITION,首次追蹤:突破中｜狀態跳升｜具備點火條件,READY,9.0,一般,均線結構｜法人偏多,20.725,2026-10-01 01:22:42
6180,橘子,,TEST,觀察,0,0,持續觀察,前狀態:nan→今日:觀察,NO,4.0,一般,法人偏多,12.348,2026-10-01 01:22:42
2012,春雨,WATCH,TEST,觀察,0,0,持續觀察,前狀態:nan→今日:觀察,NO,4.0,一般,法人偏多,61.47,2026-10-01 01:22:42
6275,元山,,TEST,突破中,4,13,準IGNITION,前狀態:nan→今日:突破中｜狀態跳升｜具備點火條件,READY,9.0,一般,均線結構｜法人偏多,17.092,2026-10-01 01:22:42
4439,冠星-KY,WATCH,TEST,吸籌中,1,5,持續觀察,前狀態:nan→今日:吸籌中｜狀態升級,NO,8.0,一般,爆量不跌,84.083,2026-10-01 01:22:42
5011,久陽,,TEST,觀察,0,0,持續觀察,前狀態:nan→今日:觀察,NO,4.0,一般,法人偏多,7.682,2026-10-01 01:22:42
4953,緯軟,,TEST,觀察,0,0,持續觀察,前狀態:nan→今日:觀察,NO,-2.0,一般,法人偏多｜籌碼風險,3.592,2026-10-01 01:22:42
6642,富致,,TEST,突破中,4,13,準IGNITION,前狀態:nan→今日:突破中｜狀態跳升｜具備點火條件,READY,5.0,一般,均線結構,19.242,2026-10-01 01:22:42
5452,佶優,,TEST,觀察,0,0,持續觀察,前狀態:nan→今日:觀察,NO,4.0,一般,法人偏多,10.904,2026-10-01 01:22:42
4162,智擎,,TEST,觀察,0,0,持續觀察,前狀態:nan→今日:觀察,NO,-2.0,一般,法人偏多｜籌碼風險,4.166,2026-10-01 01:22:42
6561,是方,,TEST,觀察,0,0,持續觀察,前狀態:nan→今日:觀察,NO,4.0,一般,法人偏多,6.091,2026-10-01 01:22:42
5468,凱鈺,,TEST,觀察,0,0,持續觀察,前狀態:nan→今日:觀察,NO,0.0,一般,,7.872,2026-10-01 01:22:42
6921,嘉雨思-創,WATCH,TEST,試盤中,3,11,升級觀察,前狀態:nan→今日:試盤中｜狀態跳升｜狀態轉強,WATCH_UP,12.0,一般,爆量不跌｜法人偏多,90.343,2026-10-01 01:22:42
4581,光隆精密-KY,,TEST,吸籌中,1,5,持續觀察,前狀態:nan→今日:吸籌中｜狀態升級,NO,8.0,一般,爆量不跌,17.097,2026-10-01 01:22:42
3526,凡甲,,TEST,觀察,0,0,持續觀察,前狀態:nan→今日:觀察,NO,4.0,一般,法人偏多,10.806,2026-10-01 01:22:42
3564,其陽,,TEST,突破中,4,13,準IGNITION,前狀態:nan→今日:突破中｜狀態跳升｜具備點火條件,READY,9.0,一般,均線結構｜法人偏多,12.049,2026-10-01 01:22:42
3390,旭軟,,TEST,觀察,0,0,持續觀察,前狀態:nan→今日:觀察,NO,0.0,一般,,8.799,2026-10-01 01:22:42
6887,寶綠特-KY,,TEST,突破中,4,13,準IGNITION,前狀態:nan→今日:突破中｜狀態跳升｜具備點火條件,READY,13.0,一般,爆量不跌｜均線結構,17.96,2026-10-01 01:22:42
3152,璟德,,TEST,觀察,0,0,持續觀察,前狀態:nan→今日:觀察,NO,4.0,一般,法人偏多,9.633,2026-10-01 01:22:42
4168,醣聯,,TEST,觀察,0,0,持續觀察,前狀態:nan→今日:觀察,NO,4.0,一般,法人偏多,12.585,2026-10-01 01:22:42
3303,岱稜,,TEST,觀察,0,0,持續觀察,前狀態:nan→今日:觀察,NO,0.0,一般,,7.913,2026-10-01 01:22:42
6821,聯寶,,TEST,觀察,0,0,持續觀察,前狀態:nan→今日:觀察,NO,0.0,一般,,12.48,2026-10-01 01:22:42
6134,萬旭,,TEST,突破中,4,13,準IGNITION,前狀態:nan→今日:突破中｜狀態跳升｜具備點火條件,READY,9.0,一般,均線結構｜法人偏多,15.739,2026-10-01 01:22:42
6523,達爾膚,,TEST,觀察,0,0,持續觀察,前狀態:nan→今日:觀察,NO,0.0,一般,,5.879,2026-10-01 01:22:42
5344,立衛,,TEST,觀察,0,0,持續觀察,前狀態:nan→今日:觀察,NO,0.0,一般,,9.651,2026-10-01 01:22:42
6654,天正國際,,TEST,突破中,4,13,準IGNITION,前狀態:nan→今日:突破中｜狀態跳升｜具備點火條件,READY,5.0,一般,均線結構,15.372,2026-10-01 01:22:42
5438,東友,,TEST,觀察,0,0,持續觀察,前狀態:nan→今日:觀察,NO,0.0,一般,,9.651,2026-10-01 01:22:42
5493,三聯,,TEST,突破中,4,13,準IGNITION,前狀態:nan→今日:突破中｜狀態跳升｜具備點火條件,READY,9.0,一般,均線結構｜法人偏多,16.313,2026-10-01 01:22:42
3631,晟楠,,TEST,突破中,4,13,準IGNITION,前狀態:nan→今日:突破中｜狀態跳升｜具備點火條件,READY,5.0,一般,均線結構,16.413,2026-10-01 01:22:42
6208,日揚,,TEST,觀察,0,0,持續觀察,前狀態:nan→今日:觀察,NO,0.0,一般,,10.742,2026-10-01 01:22:42
7556,意德士,,TEST,突破中,4,13,準IGNITION,前狀態:nan→今日:突破中｜狀態跳升｜具備點火條件,READY,5.0,一般,均線結構,15.019,2026-10-01 01:22:42
7709,榮田,,TEST,突破中,4,13,準IGNITION,首次追蹤:突破中｜狀態跳升｜具備點火條件,READY,9.0,一般,均線結構｜法人偏多,16.502,2026-10-01 01:22:42
3540,曜越,,TEST,突破中,4,13,準IGNITION,前狀態:nan→今日:突破中｜狀態跳升｜具備點火條件,READY,9.0,一般,均線結構｜法人偏多,17.568,2026-10-01 01:22:42
6496,科懋,,TEST,觀察,0,0,持續觀察,首次追蹤:觀察,NO,0.0,一般,,7.954,2026-10-01 01:22:42
5529,鉅陞,,TEST,突破中,4,13,準IGNITION,前狀態:nan→今日:突破中｜狀態跳升｜具備點火條件,READY,5.0,一般,均線結構,17.028,2026-10-01 01:22:42
6170,統振,,TEST,突破中,4,13,準IGNITION,前狀態:nan→今日:突破中｜狀態跳升｜具備點火條件,READY,5.0,一般,均線結構,15.019,2026-10-01 01:22:42
6266,泰詠,,TEST,觀察,0,0,持續觀察,前狀態:nan→今日:觀察,NO,0.0,一般,,13.177,2026-10-01 01:22:42
6171,大城地產,,TEST,突破中,4,13,準IGNITION,前狀態:nan→今日:突破中｜狀態跳升｜具備點火條件,READY,5.0,一般,均線結構,16.413,2026-10-01 01:22:42
4129,聯合,,TEST,觀察,0,0,持續觀察,前狀態:nan→今日:觀察,NO,4.0,一般,法人偏多,10.355,2026-10-01 01:22:42
8097,常珵,,TEST,觀察,0,0,持續觀察,前狀態:nan→今日:觀察,NO,4.0,一般,法人偏多,7.444,2026-10-01 01:22:42
6596,寬宏藝術,,TEST,突破中,4,13,準IGNITION,前狀態:nan→今日:突破中｜狀態跳升｜具備點火條件,READY,9.0,一般,均線結構｜法人偏多,15.272,2026-10-01 01:22:42
6763,綠界科技*,,TEST,觀察,0,0,持續觀察,前狀態:nan→今日:觀察,NO,4.0,一般,法人偏多,11.79,2026-10-01 01:22:42
3520,華盈,,TEST,觀察,0,0,持續觀察,前狀態:nan→今日:觀察,NO,0.0,一般,,9.717,2026-10-01 01:22:42
5016,松和,,TEST,突破中,4,13,準IGNITION,前狀態:nan→今日:突破中｜狀態跳升｜具備點火條件,READY,5.0,一般,均線結構,16.413,2026-10-01 01:22:42
2477,美隆電,WATCH,TEST,突破中,4,13,準IGNITION,前狀態:nan→今日:突破中｜狀態跳升｜具備點火條件,READY,5.0,一般,均線結構,82.624,2026-10-01 01:22:42
8277,商丞,,TEST,突破中,4,13,準IGNITION,前狀態:nan→今日:突破中｜狀態跳升｜具備點火條件,READY,9.0,一般,均線結構｜法人偏多,17.789,2026-10-01 01:22:42
6114,久威,,TEST,觀察,0,0,持續觀察,前狀態:nan→今日:觀察,NO,0.0,一般,,7.191,2026-10-01 01:22:42
1780,,,TEST,突破中,4,13,準IGNITION,前狀態:nan→今日:突破中｜狀態跳升｜具備點火條件,READY,5.0,一般,均線結構,16.889,2026-10-01 01:22:42
5201,凱衛,,TEST,突破中,4,13,準IGNITION,前狀態:nan→今日:突破中｜狀態跳升｜具備點火條件,READY,9.0,一般,均線結構｜法人偏多,17.748,2026-10-01 01:22:42
6229,研通,,TEST,觀察,0,0,持續觀察,前狀態:nan→今日:觀察,NO,0.0,一般,,11.865,2026-10-01 01:22:42
8048,德勝,,TEST,觀察,0,0,持續觀察,前狀態:nan→今日:觀察,NO,0.0,一般,,10.717,2026-10-01 01:22:42
6823,濾能,,TEST,觀察,0,0,持續觀察,前狀態:nan→今日:觀察,NO,4.0,一般,法人偏多,8.321,2026-10-01 01:22:42
6203,海韻電,,TEST,觀察,0,0,持續觀察,前狀態:nan→今日:觀察,NO,4.0,一般,法人偏多,11.478,2026-10-01 01:22:42
6666,羅麗芬-KY,WATCH,TEST,突破中,4,13,準IGNITION,前狀態:nan→今日:突破中｜狀態跳升｜具備點火條件,READY,5.0,一般,均線結構,71.583,2026-10-01 01:22:42
8049,晶采,,TEST,觀察,0,0,持續觀察,前狀態:nan→今日:觀察,NO,0.0,一般,,9.635,2026-10-01 01:22:42
3438,類比科,,TEST,觀察,0,0,持續觀察,前狀態:nan→今日:觀察,NO,0.0,一般,,9.061,2026-10-01 01:22:42
1784,訊聯,,TEST,觀察,0,0,持續觀察,前狀態:nan→今日:觀察,NO,0.0,一般,,10.02,2026-10-01 01:22:42
6894,衛司特,,TEST,突破中,4,13,準IGNITION,前狀態:nan→今日:突破中｜狀態跳升｜具備點火條件,READY,9.0,一般,均線結構｜法人偏多,16.928,2026-10-01 01:22:42
3484,崧騰,,TEST,觀察,0,0,持續觀察,前狀態:nan→今日:觀察,NO,0.0,一般,,7.134,2026-10-01 01:22:42
6123,上奇,,TEST,突破中,4,13,準IGNITION,前狀態:nan→今日:突破中｜狀態跳升｜具備點火條件,READY,9.0,一般,均線結構｜法人偏多,17.388,2026-10-01 01:22:42
4974,亞泰,,TEST,觀察,0,0,持續觀察,前狀態:nan→今日:觀察,NO,4.0,一般,法人偏多,11.708,2026-10-01 01:22:42
4543,萬在,,TEST,觀察,0,0,持續觀察,前狀態:nan→今日:觀察,NO,0.0,一般,,9.471,2026-10-01 01:22:42
2070,精湛,,TEST,突破中,4,13,準IGNITION,前狀態:nan→今日:突破中｜狀態跳升｜具備點火條件,READY,5.0,一般,均線結構,16.848,2026-10-01 01:22:42
6953,家碩,,TEST,突破中,4,13,準IGNITION,前狀態:nan→今日:突破中｜狀態跳升｜具備點火條件,READY,9.0,一般,均線結構｜法人偏多,17.117,2026-10-01 01:22:42
6418,詠昇,,TEST,觀察,0,0,持續觀察,前狀態:nan→今日:觀察,NO,4.0,一般,法人偏多,8.543,2026-10-01 01:22:42
2488,漢平,,TEST,觀察,0,0,持續觀察,前狀態:nan→今日:觀察,NO,4.0,一般,法人偏多,14.316,2026-10-01 01:22:42
6609,瀧澤科,,TEST,觀察,0,0,持續觀察,前狀態:nan→今日:觀察,NO,4.0,一般,法人偏多,12.749,2026-10-01 01:22:42
3489,森寶,,TEST,突破中,4,13,準IGNITION,前狀態:nan→今日:突破中｜狀態跳升｜具備點火條件,READY,5.0,一般,均線結構,16.372,2026-10-01 01:22:42
4933,友輝,,TEST,觀察,0,0,持續觀察,前狀態:nan→今日:觀察,NO,4.0,一般,法人偏多,12.585,2026-10-01 01:22:42
6803,崑鼎,,TEST,觀察,0,0,持續觀察,前狀態:nan→今日:觀察,NO,0.0,一般,,9.676,2026-10-01 01:22:42
9905,大華,,TEST,突破中,4,13,準IGNITION,前狀態:nan→今日:突破中｜狀態跳升｜具備點火條件,READY,5.0,一般,均線結構,21.842,2026-10-01 01:22:42
3558,神準,,TEST,觀察,0,0,持續觀察,前狀態:nan→今日:觀察,NO,4.0,一般,法人偏多,12.544,2026-10-01 01:22:42
5704,老爺知,,TEST,觀察,0,0,持續觀察,前狀態:nan→今日:觀察,NO,0.0,一般,,9.266,2026-10-01 01:22:42
3226,,,TEST,突破中,4,13,準IGNITION,前狀態:nan→今日:突破中｜狀態跳升｜具備點火條件,READY,5.0,一般,均線結構,16.413,2026-10-01 01:22:42
5315,光聯,,TEST,觀察,0,0,持續觀察,前狀態:nan→今日:觀察,NO,0.0,一般,,7.495,2026-10-01 01:22:42
8446,華研,,TEST,觀察,0,0,持續觀察,前狀態:nan→今日:觀察,NO,0.0,一般,,12.07,2026-10-01 01:22:42
2013,中鋼構,,TEST,突破中,4,13,準IGNITION,前狀態:nan→今日:突破中｜狀態跳升｜具備點火條件,READY,5.0,一般,均線結構,20.891,2026-10-01 01:22:42
6248,沛波,,TEST,觀察,0,0,持續觀察,前狀態:nan→今日:觀察,NO,0.0,一般,,10.127,2026-10-01 01:22:42
4139,馬光-KY,,TEST,突破中,4,13,準IGNITION,前狀態:nan→今日:突破中｜狀態跳升｜具備點火條件,READY,5.0,一般,均線結構,15.561,2026-10-01 01:22:42
8440,綠電,,TEST,觀察,0,0,持續觀察,前狀態:nan→今日:觀察,NO,4.0,一般,法人偏多,14.512,2026-10-01 01:22:42
4995,晶達,,TEST,突破中,4,13,準IGNITION,前狀態:nan→今日:突破中｜狀態跳升｜具備點火條件,READY,9.0,一般,均線結構｜法人偏多,15.272,2026-10-01 01:22:42
6113,亞矽,,TEST,觀察,0,0,持續觀察,前狀態:nan→今日:觀察,NO,0.0,一般,,8.528,2026-10-01 01:22:42
3527,聚積,,TEST,觀察,0,0,持續觀察,前狀態:nan→今日:觀察,NO,0.0,一般,,13.366,2026-10-01 01:22:42
8034,榮群,,TEST,突破中,4,13,準IGNITION,前狀態:nan→今日:突破中｜狀態跳升｜具備點火條件,READY,5.0,一般,均線結構,14.896,2026-10-01 01:22:42
6219,富旺,,TEST,觀察,0,0,持續觀察,前狀態:nan→今日:觀察,NO,4.0,一般,法人偏多,9.904,2026-10-01 01:22:42
1432,大魯閣,,TEST,觀察,0,0,持續觀察,前狀態:nan→今日:觀察,NO,0.0,一般,,12.677,2026-10-01 01:22:42
6461,益得,,TEST,觀察,0,0,持續觀察,首次追蹤:觀察,NO,0.0,一般,,8.938,2026-10-01 01:22:42
2230,泰茂,,TEST,觀察,0,0,持續觀察,前狀態:nan→今日:觀察,NO,-2.0,一般,法人偏多｜籌碼風險,4.839,2026-10-01 01:22:42
3679,新至陞,,TEST,觀察,0,0,持續觀察,前狀態:nan→今日:觀察,NO,0.0,一般,,10.184,2026-10-01 01:22:42
1742,台蠟,,TEST,突破中,4,13,準IGNITION,前狀態:nan→今日:突破中｜狀態跳升｜具備點火條件,READY,5.0,一般,均線結構,13.937,2026-10-01 01:22:42
8435,鉅邁,,TEST,突破中,4,13,準IGNITION,前狀態:nan→今日:突破中｜狀態跳升｜具備點火條件,READY,5.0,一般,均線結構,16.889,2026-10-01 01:22:42
1570,力肯,,TEST,觀察,0,0,持續觀察,前狀態:nan→今日:觀察,NO,0.0,一般,,12.095,2026-10-01 01:22:42
2065,世豐,,TEST,突破中,4,13,準IGNITION,前狀態:nan→今日:突破中｜狀態跳升｜具備點火條件,READY,9.0,一般,均線結構｜法人偏多,17.748,2026-10-01 01:22:42
5460,同協,,TEST,突破中,4,13,準IGNITION,前狀態:nan→今日:突破中｜狀態跳升｜具備點火條件,READY,5.0,一般,均線結構,17.734,2026-10-01 01:22:42
8107,大億金茂,,TEST,觀察,0,0,持續觀察,前狀態:nan→今日:觀察,NO,4.0,一般,法人偏多,10.986,2026-10-01 01:22:42
8032,光菱,,TEST,觀察,0,0,持續觀察,前狀態:nan→今日:觀察,NO,4.0,一般,法人偏多,10.371,2026-10-01 01:22:42
3118,進階,,TEST,觀察,0,0,持續觀察,前狀態:nan→今日:觀察,NO,0.0,一般,,6.765,2026-10-01 01:22:42
4554,橙的,,TEST,觀察,0,0,持續觀察,前狀態:nan→今日:觀察,NO,4.0,一般,法人偏多,8.018,2026-10-01 01:22:42
4754,國碳科,,TEST,突破中,4,13,準IGNITION,前狀態:nan→今日:突破中｜狀態跳升｜具備點火條件,READY,5.0,一般,均線結構,17.971,2026-10-01 01:22:42
1264,德麥,,TEST,觀察,0,0,持續觀察,前狀態:nan→今日:觀察,NO,0.0,一般,,10.799,2026-10-01 01:22:42
6804,明係,,TEST,突破中,4,13,準IGNITION,前狀態:nan→今日:突破中｜狀態跳升｜具備點火條件,READY,5.0,一般,均線結構,17.028,2026-10-01 01:22:42
8426,紅木-KY,,TEST,突破中,4,13,準IGNITION,前狀態:nan→今日:突破中｜狀態跳升｜具備點火條件,READY,5.0,一般,均線結構,18.627,2026-10-01 01:22:42
5478,智冠,,TEST,觀察,0,0,持續觀察,前狀態:nan→今日:觀察,NO,4.0,一般,法人偏多,6.599,2026-10-01 01:22:42
4523,永彰,,TEST,觀察,0,0,持續觀察,前狀態:nan→今日:觀察,NO,0.0,一般,,4.772,2026-10-01 01:22:42
6423,億而得,,TEST,突破中,4,13,準IGNITION,前狀態:nan→今日:突破中｜狀態跳升｜具備點火條件,READY,9.0,一般,均線結構｜法人偏多,19.044,2026-10-01 01:22:42
6194,育富,,TEST,觀察,0,0,持續觀察,前狀態:nan→今日:觀察,NO,0.0,一般,,7.765,2026-10-01 01:22:42
4163,鐿鈦,,TEST,突破中,4,13,準IGNITION,前狀態:nan→今日:突破中｜狀態跳升｜具備點火條件,READY,9.0,一般,均線結構｜法人偏多,19.306,2026-10-01 01:22:42
6577,勁豐,,TEST,觀察,0,0,持續觀察,前狀態:nan→今日:觀察,NO,0.0,一般,,13.136,2026-10-01 01:22:42
5903,全家,,TEST,觀察,0,0,持續觀察,前狀態:nan→今日:觀察,NO,4.0,一般,法人偏多,10.207,2026-10-01 01:22:42
6792,詠業,,TEST,突破中,4,13,準IGNITION,首次追蹤:突破中｜狀態跳升｜具備點火條件,READY,5.0,一般,均線結構,15.798,2026-10-01 01:22:42
8930,青鋼,,TEST,觀察,0,0,持續觀察,前狀態:nan→今日:觀察,NO,0.0,一般,,9.61,2026-10-01 01:22:42
6697,東捷資訊,,TEST,突破中,4,13,準IGNITION,前狀態:nan→今日:突破中｜狀態跳升｜具備點火條件,READY,5.0,一般,均線結構,14.552,2026-10-01 01:22:42
5548,安倉,,TEST,觀察,0,0,持續觀察,前狀態:nan→今日:觀察,NO,0.0,一般,,8.503,2026-10-01 01:22:42
6470,宇智,,TEST,觀察,0,0,持續觀察,前狀態:nan→今日:觀察,NO,4.0,一般,法人偏多,11.355,2026-10-01 01:22:42
3666,光耀,,TEST,觀察,0,0,持續觀察,首次追蹤:觀察,NO,0.0,一般,,14.063,2026-10-01 01:22:42
8481,政伸,,TEST,觀察,0,0,持續觀察,前狀態:nan→今日:觀察,NO,4.0,一般,法人偏多,10.716,2026-10-01 01:22:42
6859,伯特光,,TEST,突破中,4,13,準IGNITION,首次追蹤:突破中｜狀態跳升｜具備點火條件,READY,9.0,一般,均線結構｜法人偏多,18.158,2026-10-01 01:22:42
6895,宏碩系統,,TEST,突破中,4,13,準IGNITION,前狀態:nan→今日:突破中｜狀態跳升｜具備點火條件,READY,5.0,一般,均線結構,17.561,2026-10-01 01:22:42
4173,久裕,,TEST,觀察,0,0,持續觀察,前狀態:nan→今日:觀察,NO,0.0,一般,,11.398,2026-10-01 01:22:42
5015,華祺,,TEST,突破中,4,13,準IGNITION,前狀態:nan→今日:突破中｜狀態跳升｜具備點火條件,READY,5.0,一般,均線結構,16.889,2026-10-01 01:22:42
2642,宅配通,,TEST,觀察,0,0,持續觀察,前狀態:nan→今日:觀察,NO,4.0,一般,法人偏多,17.005,2026-10-01 01:22:42
2373,震旦行,,TEST,觀察,0,0,持續觀察,前狀態:nan→今日:觀察,NO,0.0,一般,,11.414,2026-10-01 01:22:42
4111,濟生,,TEST,觀察,0,0,持續觀察,前狀態:nan→今日:觀察,NO,0.0,一般,,11.398,2026-10-01 01:22:42
4102,永日,,TEST,觀察,0,0,持續觀察,前狀態:nan→今日:觀察,NO,0.0,一般,,7.872,2026-10-01 01:22:42
4126,太醫,,TEST,觀察,0,0,持續觀察,前狀態:nan→今日:觀察,NO,0.0,一般,,13.792,2026-10-01 01:22:42
5356,協益,,TEST,觀察,0,0,持續觀察,前狀態:nan→今日:觀察,NO,0.0,一般,,5.797,2026-10-01 01:22:42
6728,上洋,,TEST,觀察,0,0,持續觀察,前狀態:nan→今日:觀察,NO,0.0,一般,,13.177,2026-10-01 01:22:42
2718,全心投控,,TEST,觀察,0,0,持續觀察,前狀態:nan→今日:觀察,NO,0.0,一般,,9.61,2026-10-01 01:22:42
2732,六角,,TEST,觀察,0,0,持續觀察,首次追蹤:觀察,NO,0.0,一般,,7.536,2026-10-01 01:22:42
6874,倍力,,TEST,觀察,0,0,持續觀察,前狀態:nan→今日:觀察,NO,4.0,一般,法人偏多,7.559,2026-10-01 01:22:42
2722,夏都,,TEST,觀察,0,0,持續觀察,前狀態:nan→今日:觀察,NO,0.0,一般,,13.555,2026-10-01 01:22:42
6666,羅麗芬-KY,WATCH,TEST,突破中,4,13,準IGNITION,前狀態:nan→今日:突破中｜狀態跳升｜具備點火條件,READY,5.0,一般,均線結構,71.583,2026-10-01 01:22:42
4430,耀億,,TEST,突破中,4,13,準IGNITION,前狀態:nan→今日:突破中｜狀態跳升｜具備點火條件,READY,5.0,一般,均線結構,16.864,2026-10-01 01:22:42
6720,久昌,,TEST,觀察,0,0,持續觀察,前狀態:nan→今日:觀察,NO,4.0,一般,法人偏多,5.492,2026-10-01 01:22:42
8092,建暐,,TEST,觀察,0,0,持續觀察,前狀態:nan→今日:觀察,NO,0.0,一般,,7.109,2026-10-01 01:22:42
8450,霹靂,,TEST,觀察,0,0,持續觀察,前狀態:nan→今日:觀察,NO,0.0,一般,,12.218,2026-10-01 01:22:42
4558,寶緯,,TEST,出貨疑慮,-2,-15,降級風險,前狀態:nan→今日:出貨疑慮｜狀態降級,RISK,-6.0,籌碼風險,籌碼風險,-3.649,2026-10-01 01:22:42
4745,合富-KY,,TEST,觀察,0,0,持續觀察,前狀態:nan→今日:觀察,NO,0.0,一般,,13.366,2026-10-01 01:22:42
8929,富堡,,TEST,觀察,0,0,持續觀察,前狀態:nan→今日:觀察,NO,0.0,一般,,11.398,2026-10-01 01:22:42
4568,,,TEST,觀察,0,0,持續觀察,前狀態:nan→今日:觀察,NO,0.0,一般,,8.569,2026-10-01 01:22:42
7753,星亞,,TEST,觀察,0,0,持續觀察,前狀態:nan→今日:觀察,NO,0.0,一般,,9.676,2026-10-01 01:22:42
4116,明基醫,,TEST,突破中,4,13,準IGNITION,前狀態:nan→今日:突破中｜狀態跳升｜具備點火條件,READY,5.0,一般,均線結構,13.092,2026-10-01 01:22:42
6246,臺龍,,TEST,觀察,0,0,持續觀察,前狀態:nan→今日:觀察,NO,0.0,一般,,8.913,2026-10-01 01:22:42
6474,華豫寧,,TEST,觀察,0,0,持續觀察,前狀態:nan→今日:觀察,NO,0.0,一般,,11.398,2026-10-01 01:22:42
5211,蒙恬,,TEST,突破中,4,13,準IGNITION,前狀態:nan→今日:突破中｜狀態跳升｜具備點火條件,READY,5.0,一般,均線結構,16.848,2026-10-01 01:22:42
6210,慶生,,TEST,觀察,0,0,持續觀察,前狀態:nan→今日:觀察,NO,0.0,一般,,11.644,2026-10-01 01:22:42
3646,艾恩特,,TEST,突破中,4,13,準IGNITION,前狀態:nan→今日:突破中｜狀態跳升｜具備點火條件,READY,5.0,一般,均線結構,17.053,2026-10-01 01:22:42
3310,佳穎,,TEST,突破中,4,13,準IGNITION,前狀態:nan→今日:突破中｜狀態跳升｜具備點火條件,READY,5.0,一般,均線結構,15.782,2026-10-01 01:22:42
1233,天仁,,TEST,觀察,0,0,持續觀察,前狀態:nan→今日:觀察,NO,0.0,一般,,12.562,2026-10-01 01:22:42
1240,茂生農經,,TEST,觀察,0,0,持續觀察,前狀態:nan→今日:觀察,NO,0.0,一般,,9.61,2026-10-01 01:22:42
6936,永鴻生技,,TEST,觀察,0,0,持續觀察,前狀態:nan→今日:觀察,NO,0.0,一般,,11.472,2026-10-01 01:22:42
8279,生展,,TEST,觀察,0,0,持續觀察,前狀態:nan→今日:觀察,NO,0.0,一般,,6.027,2026-10-01 01:22:42
6856,,,TEST,觀察,0,0,持續觀察,前狀態:nan→今日:觀察,NO,0.0,一般,,10.02,2026-10-01 01:22:42
3168,眾福科,,TEST,觀察,0,0,持續觀察,前狀態:nan→今日:觀察,NO,4.0,一般,法人偏多,13.938,2026-10-01 01:22:42
6124,業強,,TEST,突破中,4,13,準IGNITION,前狀態:nan→今日:突破中｜狀態跳升｜具備點火條件,READY,5.0,一般,均線結構,14.281,2026-10-01 01:22:42
6721,信實,,TEST,觀察,0,0,持續觀察,前狀態:nan→今日:觀察,NO,0.0,一般,,8.405,2026-10-01 01:22:42
1593,祺驊,,TEST,突破中,4,13,準IGNITION,前狀態:nan→今日:突破中｜狀態跳升｜具備點火條件,READY,5.0,一般,均線結構,14.593,2026-10-01 01:22:42
6881,潤德,,TEST,突破中,4,13,準IGNITION,前狀態:nan→今日:突破中｜狀態跳升｜具備點火條件,READY,5.0,一般,均線結構,15.29,2026-10-01 01:22:42
6195,詩肯,,TEST,突破中,4,13,準IGNITION,前狀態:nan→今日:突破中｜狀態跳升｜具備點火條件,READY,5.0,一般,均線結構,16.782,2026-10-01 01:22:42
6020,大展證,,TEST,觀察,0,0,持續觀察,前狀態:nan→今日:觀察,NO,0.0,一般,,10.742,2026-10-01 01:22:42
2643,捷迅,,TEST,觀察,0,0,持續觀察,前狀態:nan→今日:觀察,NO,0.0,一般,,9.815,2026-10-01 01:22:42
6762,達亞,,TEST,觀察,0,0,持續觀察,首次追蹤:觀察,NO,0.0,一般,,6.765,2026-10-01 01:22:42
4153,鈺緯,,TEST,觀察,0,0,持續觀察,前狀態:nan→今日:觀察,NO,0.0,一般,,6.765,2026-10-01 01:22:42
6846,綠茵,,TEST,觀察,0,0,持續觀察,前狀態:nan→今日:觀察,NO,0.0,一般,,9.036,2026-10-01 01:22:42
5514,三豐,,TEST,觀察,0,0,持續觀察,前狀態:nan→今日:觀察,NO,0.0,一般,,8.774,2026-10-01 01:22:42
6242,立康,,TEST,觀察,0,0,持續觀察,前狀態:nan→今日:觀察,NO,4.0,一般,法人偏多,11.093,2026-10-01 01:22:42
6843,進典,,TEST,觀察,0,0,持續觀察,前狀態:nan→今日:觀察,NO,0.0,一般,,7.979,2026-10-01 01:22:42
4198,欣大健康,,TEST,突破中,4,13,準IGNITION,前狀態:nan→今日:突破中｜狀態跳升｜具備點火條件,READY,5.0,一般,均線結構,15.085,2026-10-01 01:22:42
9939,宏全,,BLOCK,觀察,0,0,持續觀察,首次追蹤:觀察,NO,4.0,一般,法人偏多,12.43,2026-10-01 01:22:42
6414,樺漢,WATCH,BLOCK,試盤中,3,11,升級觀察,前狀態:nan→今日:試盤中｜狀態跳升｜狀態轉強,WATCH_UP,12.0,一般,爆量不跌｜法人偏多,79.429,2026-10-01 01:22:42
2484,希華,TEST,BLOCK,吸籌中,1,5,持續觀察,前狀態:nan→今日:吸籌中｜狀態升級,NO,8.0,一般,爆量不跌,77.142,2026-10-01 01:22:42
6165,浪凡,,BLOCK,試盤中,3,11,升級觀察,首次追蹤:試盤中｜狀態跳升｜狀態轉強,WATCH_UP,12.0,一般,爆量不跌｜法人偏多,16.842,2026-10-01 01:22:42
6901,鑽石投資,WATCH,BLOCK,吸籌中,1,5,持續觀察,前狀態:nan→今日:吸籌中｜狀態升級,NO,8.0,一般,爆量不跌,75.932,2026-10-01 01:22:42
6282,康舒,,BLOCK,吸籌中,1,5,持續觀察,首次追蹤:吸籌中｜狀態升級,NO,8.0,一般,爆量不跌,13.793,2026-10-01 01:22:42
3481,群創,WATCH,BLOCK,試盤中,3,11,升級觀察,前狀態:nan→今日:試盤中｜狀態跳升｜狀態轉強,WATCH_UP,12.0,一般,爆量不跌｜法人偏多,103.68,2026-10-01 01:22:42
2850,新產,,BLOCK,發動中,5,16,準IGNITION,前狀態:nan→今日:發動中｜狀態跳升｜具備點火條件,READY,17.0,主力吸籌,爆量不跌｜均線結構｜法人偏多,24.043,2026-10-01 01:22:42
2426,鼎元,WATCH,BLOCK,突破中,4,13,準IGNITION,首次追蹤:突破中｜狀態跳升｜具備點火條件,READY,5.0,一般,均線結構,98.315,2026-10-01 01:22:42
6456,GIS-KY,WATCH,BLOCK,突破中,4,13,準IGNITION,前狀態:nan→今日:突破中｜狀態跳升｜具備點火條件,READY,13.0,一般,爆量不跌｜均線結構,105.36,2026-10-01 01:22:42
8039,台虹,WATCH,BLOCK,突破中,4,13,準IGNITION,首次追蹤:突破中｜狀態跳升｜具備點火條件,READY,5.0,一般,均線結構,93.702,2026-10-01 01:22:42
2368,金像電,WATCH,BLOCK,突破中,4,13,準IGNITION,首次追蹤:突破中｜狀態跳升｜具備點火條件,READY,17.0,主力吸籌,爆量不跌｜均線結構｜法人偏多,93.894,2026-10-01 01:22:42
1101,台泥,TEST,BLOCK,突破中,4,13,準IGNITION,前狀態:nan→今日:突破中｜狀態跳升｜具備點火條件,READY,13.0,一般,爆量不跌｜均線結構,108.23,2026-10-01 01:22:42
3673,TPK-KY,WATCH,BLOCK,突破中,4,13,準IGNITION,前狀態:nan→今日:突破中｜狀態跳升｜具備點火條件,READY,13.0,一般,爆量不跌｜均線結構,105.565,2026-10-01 01:22:42
1727,中華化,WATCH,BLOCK,突破中,4,13,準IGNITION,前狀態:nan→今日:突破中｜狀態跳升｜具備點火條件,READY,13.0,一般,爆量不跌｜均線結構,104.294,2026-10-01 01:22:42
3576,聯合再生,WATCH,BLOCK,吸籌中,1,5,持續觀察,前狀態:nan→今日:吸籌中｜狀態升級,NO,8.0,一般,爆量不跌,104.981,2026-10-01 01:22:42
3037,欣興,WATCH,BLOCK,突破中,4,13,準IGNITION,前狀態:nan→今日:突破中｜狀態跳升｜具備點火條件,READY,9.0,一般,均線結構｜法人偏多,101.208,2026-10-01 01:22:42
1605,華新,WATCH,BLOCK,突破中,4,13,準IGNITION,首次追蹤:突破中｜狀態跳升｜具備點火條件,READY,13.0,一般,爆量不跌｜均線結構,88.755,2026-10-01 01:22:42
2484,希華,TEST,BLOCK,吸籌中,1,5,持續觀察,前狀態:nan→今日:吸籌中｜狀態升級,NO,8.0,一般,爆量不跌,77.142,2026-10-01 01:22:42
2340,台亞,WATCH,BLOCK,突破中,4,13,準IGNITION,前狀態:nan→今日:突破中｜狀態跳升｜具備點火條件,READY,13.0,一般,爆量不跌｜均線結構,102.285,2026-10-01 01:22:42
8028,昇陽半導體,WATCH,BLOCK,試盤中,3,11,升級觀察,前狀態:nan→今日:試盤中｜狀態跳升｜狀態轉強,WATCH_UP,12.0,一般,爆量不跌｜法人偏多,93.553,2026-10-01 01:22:42
3714,富采,WATCH,BLOCK,突破中,4,13,準IGNITION,前狀態:nan→今日:突破中｜狀態跳升｜具備點火條件,READY,5.0,一般,均線結構,111.968,2026-10-01 01:22:42
3149,正達,TEST,BLOCK,吸籌中,1,5,持續觀察,前狀態:nan→今日:吸籌中｜狀態升級,NO,8.0,一般,爆量不跌,100.389,2026-10-01 01:22:42
4919,新唐,WATCH,BLOCK,吸籌中,1,5,持續觀察,前狀態:nan→今日:吸籌中｜狀態升級,NO,8.0,一般,爆量不跌,91.594,2026-10-01 01:22:42
2903,遠百,,BLOCK,觀察,0,0,持續觀察,前狀態:nan→今日:觀察,NO,0.0,一般,,12.784,2026-10-01 01:22:42
2406,國碩,TEST,BLOCK,試盤中,3,11,升級觀察,前狀態:nan→今日:試盤中｜狀態跳升｜狀態轉強,WATCH_UP,12.0,一般,爆量不跌｜法人偏多,94.086,2026-10-01 01:22:42
3045,台灣大,,BLOCK,出貨疑慮,-2,-15,降級風險,前狀態:nan→今日:出貨疑慮｜狀態降級,RISK,-6.0,籌碼風險,籌碼風險,1.936,2026-10-01 01:22:42
2034,允強,WATCH,BLOCK,突破中,4,13,準IGNITION,前狀態:nan→今日:突破中｜狀態跳升｜具備點火條件,READY,17.0,主力吸籌,爆量不跌｜均線結構｜法人偏多,112.578,2026-10-01 01:22:42
2439,美律,,BLOCK,出貨疑慮,-2,-15,降級風險,前狀態:nan→今日:出貨疑慮｜狀態降級,RISK,-6.0,籌碼風險,籌碼風險,-1.426,2026-10-01 01:22:42
3543,州巧,WATCH,BLOCK,突破中,4,13,準IGNITION,前狀態:nan→今日:突破中｜狀態跳升｜具備點火條件,READY,13.0,一般,爆量不跌｜均線結構,92.773,2026-10-01 01:22:42
4551,智伸科,WATCH,BLOCK,試盤中,3,11,升級觀察,前狀態:nan→今日:試盤中｜狀態跳升｜狀態轉強,WATCH_UP,12.0,一般,爆量不跌｜法人偏多,93.512,2026-10-01 01:22:42
6209,今國光,WATCH,BLOCK,突破中,4,12,準IGNITION,前狀態:突破中→今日:突破中｜強狀態維持｜強狀態連續維持｜具備點火條件,READY,5.0,一般,均線結構,80.384,2026-10-01 01:22:42
3533,嘉澤,TEST,BLOCK,試盤中,3,11,升級觀察,前狀態:nan→今日:試盤中｜狀態跳升｜狀態轉強,WATCH_UP,12.0,一般,爆量不跌｜法人偏多,85.579,2026-10-01 01:22:42
4904,遠傳,,BLOCK,出貨疑慮,-2,-15,降級風險,前狀態:nan→今日:出貨疑慮｜狀態降級,RISK,-6.0,籌碼風險,籌碼風險,2.469,2026-10-01 01:22:42
9105,泰金寶-DR,,BLOCK,觀察,0,0,持續觀察,前狀態:nan→今日:觀察,NO,0.0,一般,,11.505,2026-10-01 01:22:42
3535,晶彩科,WATCH,BLOCK,吸籌中,1,5,持續觀察,前狀態:nan→今日:吸籌中｜狀態升級,NO,8.0,一般,爆量不跌,83.468,2026-10-01 01:22:42
3060,銘異,WATCH,BLOCK,吸籌中,1,5,持續觀察,前狀態:nan→今日:吸籌中｜狀態升級,NO,8.0,一般,爆量不跌,76.24,2026-10-01 01:22:42
4960,誠美材,TEST,BLOCK,突破中,4,13,準IGNITION,前狀態:nan→今日:突破中｜狀態跳升｜具備點火條件,READY,13.0,一般,爆量不跌｜均線結構,103.33,2026-10-01 01:22:42
2395,研華,WATCH,BLOCK,突破中,4,12,準IGNITION,前狀態:突破中→今日:突破中｜強狀態維持｜強狀態連續維持｜具備點火條件,READY,9.0,一般,均線結構｜法人偏多,99.8,2026-10-01 01:22:42
2892,第一金,,BLOCK,突破中,4,13,準IGNITION,首次追蹤:突破中｜狀態跳升｜具備點火條件,READY,3.0,一般,均線結構｜法人偏多｜籌碼風險,12.757,2026-10-01 01:22:42
2867,三商壽,,BLOCK,突破中,4,13,準IGNITION,前狀態:nan→今日:突破中｜狀態跳升｜具備點火條件,READY,13.0,一般,爆量不跌｜均線結構,17.46,2026-10-01 01:22:42
9927,泰銘,,BLOCK,突破中,4,13,準IGNITION,前狀態:nan→今日:突破中｜狀態跳升｜具備點火條件,READY,13.0,一般,爆量不跌｜均線結構,15.426,2026-10-01 01:22:42
3550,聯穎,WATCH,BLOCK,吸籌中,1,5,持續觀察,前狀態:nan→今日:吸籌中｜狀態升級,NO,8.0,一般,爆量不跌,89.831,2026-10-01 01:22:42
2323,中環,TEST,BLOCK,突破中,4,13,準IGNITION,前狀態:nan→今日:突破中｜狀態跳升｜具備點火條件,READY,13.0,一般,爆量不跌｜均線結構,88.714,2026-10-01 01:22:42
6414,樺漢,WATCH,BLOCK,試盤中,3,11,升級觀察,前狀態:nan→今日:試盤中｜狀態跳升｜狀態轉強,WATCH_UP,12.0,一般,爆量不跌｜法人偏多,79.429,2026-10-01 01:22:42
4739,康普,TEST,BLOCK,吸籌中,1,5,持續觀察,前狀態:nan→今日:吸籌中｜狀態升級,NO,8.0,一般,爆量不跌,77.757,2026-10-01 01:22:42
6757,台灣虎航,,BLOCK,觀察,0,0,持續觀察,首次追蹤:觀察,NO,4.0,一般,法人偏多,13.34,2026-10-01 01:22:42
2032,新鋼,WATCH,BLOCK,突破中,4,13,準IGNITION,前狀態:nan→今日:突破中｜狀態跳升｜具備點火條件,READY,13.0,一般,爆量不跌｜均線結構,110.813,2026-10-01 01:22:42
8105,凌巨,WATCH,BLOCK,吸籌中,1,5,持續觀察,首次追蹤:吸籌中｜狀態升級,NO,8.0,一般,爆量不跌,85.178,2026-10-01 01:22:42
1617,榮星,WATCH,BLOCK,吸籌中,1,5,持續觀察,前狀態:nan→今日:吸籌中｜狀態升級,NO,8.0,一般,爆量不跌,99.261,2026-10-01 01:22:42
2352,佳世達,WATCH,BLOCK,觀察,0,0,持續觀察,前狀態:觀察→今日:觀察,NO,0.0,一般,,76.158,2026-10-01 01:22:42
2367,燿華,WATCH,BLOCK,觀察,0,0,持續觀察,前狀態:nan→今日:觀察,NO,0.0,一般,,75.973,2026-10-01 01:22:42
6155,鈞寶,WATCH,BLOCK,吸籌中,1,5,持續觀察,前狀態:nan→今日:吸籌中｜狀態升級,NO,8.0,一般,爆量不跌,90.733,2026-10-01 01:22:42
3049,精金,WATCH,BLOCK,突破中,4,13,準IGNITION,首次追蹤:突破中｜狀態跳升｜具備點火條件,READY,13.0,一般,爆量不跌｜均線結構,81.887,2026-10-01 01:22:42
1711,永光,WATCH,BLOCK,突破中,4,13,準IGNITION,前狀態:nan→今日:突破中｜狀態跳升｜具備點火條件,READY,9.0,一般,均線結構｜法人偏多,86.846,2026-10-01 01:22:42
6166,凌華,WATCH,BLOCK,觀察,0,0,持續觀察,前狀態:nan→今日:觀察,NO,4.0,一般,法人偏多,76.783,2026-10-01 01:22:42
2020,美亞,WATCH,BLOCK,突破中,4,13,準IGNITION,前狀態:nan→今日:突破中｜狀態跳升｜具備點火條件,READY,13.0,一般,爆量不跌｜均線結構,115.138,2026-10-01 01:22:42
2105,正新,WATCH,BLOCK,觀察,0,0,持續觀察,前狀態:觀察→今日:觀察,NO,0.0,一般,,68.572,2026-10-01 01:22:42
2485,兆赫,WATCH,BLOCK,吸籌中,1,5,持續觀察,首次追蹤:吸籌中｜狀態升級,NO,8.0,一般,爆量不跌,78.761,2026-10-01 01:22:42
3013,晟銘電,WATCH,BLOCK,吸籌中,1,5,持續觀察,首次追蹤:吸籌中｜狀態升級,NO,8.0,一般,爆量不跌,76.281,2026-10-01 01:22:42
2402,毅嘉,WATCH,BLOCK,吸籌中,1,5,持續觀察,首次追蹤:吸籌中｜狀態升級,NO,8.0,一般,爆量不跌,77.572,2026-10-01 01:22:42
2105,正新,WATCH,BLOCK,觀察,0,0,持續觀察,前狀態:觀察→今日:觀察,NO,0.0,一般,,68.572,2026-10-01 01:22:42
3592,瑞鼎,WATCH,BLOCK,試盤中,3,11,升級觀察,首次追蹤:試盤中｜狀態跳升｜狀態轉強,WATCH_UP,12.0,一般,爆量不跌｜法人偏多,95.46,2026-10-01 01:22:42
1560,中砂,WATCH,BLOCK,突破中,4,13,準IGNITION,前狀態:nan→今日:突破中｜狀態跳升｜具備點火條件,READY,9.0,一般,均線結構｜法人偏多,100.396,2026-10-01 01:22:42
1216,統一,,BLOCK,觀察,0,0,持續觀察,前狀態:nan→今日:觀察,NO,0.0,一般,,7.298,2026-10-01 01:22:42
6901,鑽石投資,WATCH,BLOCK,吸籌中,1,5,持續觀察,前狀態:nan→今日:吸籌中｜狀態升級,NO,8.0,一般,爆量不跌,75.932,2026-10-01 01:22:42
2401,凌陽,TEST,BLOCK,試盤中,3,11,升級觀察,前狀態:nan→今日:試盤中｜狀態跳升｜狀態轉強,WATCH_UP,12.0,一般,爆量不跌｜法人偏多,86.657,2026-10-01 01:22:42
2254,巨鎧精密-創,WATCH,BLOCK,突破中,4,13,準IGNITION,前狀態:nan→今日:突破中｜狀態跳升｜具備點火條件,READY,5.0,一般,均線結構,109.004,2026-10-01 01:22:42
2493,揚博,WATCH,BLOCK,觀察,0,0,持續觀察,前狀態:nan→今日:觀察,NO,4.0,一般,法人偏多,78.054,2026-10-01 01:22:42
2316,楠梓電,WATCH,BLOCK,觀察,0,0,持續觀察,前狀態:nan→今日:觀察,NO,4.0,一般,法人偏多,69.916,2026-10-01 01:22:42
1310,台苯,TEST,BLOCK,試盤中,3,11,升級觀察,前狀態:nan→今日:試盤中｜狀態跳升｜狀態轉強,WATCH_UP,12.0,一般,爆量不跌｜法人偏多,86.501,2026-10-01 01:22:42
2025,千興,WATCH,BLOCK,突破中,4,13,準IGNITION,前狀態:nan→今日:突破中｜狀態跳升｜具備點火條件,READY,13.0,一般,爆量不跌｜均線結構,110.485,2026-10-01 01:22:42
3290,東浦,,BLOCK,觀察,0,0,持續觀察,前狀態:nan→今日:觀察,NO,4.0,一般,法人偏多,10.191,2026-10-01 01:22:42
2323,中環,TEST,BLOCK,突破中,4,13,準IGNITION,前狀態:nan→今日:突破中｜狀態跳升｜具備點火條件,READY,13.0,一般,爆量不跌｜均線結構,88.714,2026-10-01 01:22:42
2349,錸德,WATCH,BLOCK,吸籌中,1,5,持續觀察,首次追蹤:吸籌中｜狀態升級,NO,8.0,一般,爆量不跌,76.609,2026-10-01 01:22:42
5234,達興材料,WATCH,BLOCK,吸籌中,1,5,持續觀察,前狀態:nan→今日:吸籌中｜狀態升級,NO,8.0,一般,爆量不跌,81.303,2026-10-01 01:22:42
2104,國際中橡,WATCH,BLOCK,突破中,4,13,準IGNITION,前狀態:nan→今日:突破中｜狀態跳升｜具備點火條件,READY,5.0,一般,均線結構,84.744,2026-10-01 01:22:42
3062,建漢,WATCH,BLOCK,吸籌中,1,5,持續觀察,前狀態:nan→今日:吸籌中｜狀態升級,NO,8.0,一般,爆量不跌,85.727,2026-10-01 01:22:42
2458,義隆,WATCH,BLOCK,觀察,0,0,持續觀察,前狀態:nan→今日:觀察,NO,4.0,一般,法人偏多,63.971,2026-10-01 01:22:42
2233,宇隆,WATCH,BLOCK,試盤中,3,11,升級觀察,前狀態:nan→今日:試盤中｜狀態跳升｜狀態轉強,WATCH_UP,12.0,一般,爆量不跌｜法人偏多,79.736,2026-10-01 01:22:42
8131,福懋科,WATCH,BLOCK,觀察,0,0,持續觀察,前狀態:觀察→今日:觀察,NO,0.0,一般,,57.716,2026-10-01 01:22:42
6526,達發,WATCH,BLOCK,突破中,4,13,準IGNITION,前狀態:nan→今日:突破中｜狀態跳升｜具備點火條件,READY,9.0,一般,均線結構｜法人偏多,99.556,2026-10-01 01:22:42
2017,官田鋼,WATCH,BLOCK,吸籌中,1,5,持續觀察,前狀態:nan→今日:吸籌中｜狀態升級,NO,8.0,一般,爆量不跌,78.741,2026-10-01 01:22:42
3535,晶彩科,WATCH,BLOCK,吸籌中,1,5,持續觀察,前狀態:nan→今日:吸籌中｜狀態升級,NO,8.0,一般,爆量不跌,83.468,2026-10-01 01:22:42
3060,銘異,WATCH,BLOCK,吸籌中,1,5,持續觀察,前狀態:nan→今日:吸籌中｜狀態升級,NO,8.0,一般,爆量不跌,76.24,2026-10-01 01:22:42
6214,精誠,,BLOCK,出貨疑慮,-2,-15,降級風險,前狀態:nan→今日:出貨疑慮｜狀態降級,RISK,-6.0,籌碼風險,籌碼風險,3.321,2026-10-01 01:22:42
2483,百容,WATCH,BLOCK,吸籌中,1,5,持續觀察,首次追蹤:吸籌中｜狀態升級,NO,8.0,一般,爆量不跌,77.326,2026-10-01 01:22:42
6155,鈞寶,WATCH,BLOCK,吸籌中,1,5,持續觀察,前狀態:nan→今日:吸籌中｜狀態升級,NO,8.0,一般,爆量不跌,90.733,2026-10-01 01:22:42
8021,尖點,WATCH,BLOCK,突破中,4,13,準IGNITION,前狀態:nan→今日:突破中｜狀態跳升｜具備點火條件,READY,9.0,一般,均線結構｜法人偏多,100.429,2026-10-01 01:22:42
3059,華晶科,WATCH,BLOCK,觀察,0,0,持續觀察,首次追蹤:觀察,NO,0.0,一般,,76.084,2026-10-01 01:22:42
3533,嘉澤,TEST,BLOCK,試盤中,3,11,升級觀察,前狀態:nan→今日:試盤中｜狀態跳升｜狀態轉強,WATCH_UP,12.0,一般,爆量不跌｜法人偏多,85.579,2026-10-01 01:22:42
1444,力麗,WATCH,BLOCK,吸籌中,1,5,持續觀察,首次追蹤:吸籌中｜狀態升級,NO,8.0,一般,爆量不跌,78.966,2026-10-01 01:22:42
3583,辛耘,,BLOCK,觀察,0,0,持續觀察,首次追蹤:觀察,NO,4.0,一般,法人偏多,11.298,2026-10-01 01:22:42
8201,無敵,WATCH,BLOCK,突破中,4,13,準IGNITION,前狀態:nan→今日:突破中｜狀態跳升｜具備點火條件,READY,13.0,一般,爆量不跌｜均線結構,105.585,2026-10-01 01:22:42
2457,飛宏,WATCH,BLOCK,觀察,0,0,持續觀察,首次追蹤:觀察,NO,4.0,一般,法人偏多,77.378,2026-10-01 01:22:42
4938,和碩,,BLOCK,觀察,0,0,持續觀察,首次追蹤:觀察,NO,0.0,一般,,9.118,2026-10-01 01:22:42
1810,和成,,BLOCK,試盤中,3,11,升級觀察,前狀態:nan→今日:試盤中｜狀態跳升｜狀態轉強,WATCH_UP,12.0,一般,爆量不跌｜法人偏多,23.665,2026-10-01 01:22:42
2408,南亞科,,BLOCK,突破中,4,13,準IGNITION,首次追蹤:突破中｜狀態跳升｜具備點火條件,READY,5.0,一般,均線結構,19.972,2026-10-01 01:22:42
3413,京鼎,WATCH,BLOCK,觀察,0,0,持續觀察,前狀態:nan→今日:觀察,NO,4.0,一般,法人偏多,68.87,2026-10-01 01:22:42
6209,今國光,WATCH,BLOCK,突破中,4,12,準IGNITION,前狀態:突破中→今日:突破中｜強狀態維持｜強狀態連續維持｜具備點火條件,READY,5.0,一般,均線結構,80.384,2026-10-01 01:22:42
8104,錸寶,WATCH,BLOCK,吸籌中,1,5,持續觀察,前狀態:nan→今日:吸籌中｜狀態升級,NO,8.0,一般,爆量不跌,78.454,2026-10-01 01:22:42
3092,鴻碩,WATCH,BLOCK,吸籌中,1,5,持續觀察,首次追蹤:吸籌中｜狀態升級,NO,8.0,一般,爆量不跌,72.386,2026-10-01 01:22:42
6488,環球晶,,BLOCK,觀察,0,0,持續觀察,前狀態:nan→今日:觀察,NO,4.0,一般,法人偏多,12.585,2026-10-01 01:22:42
1447,力鵬,WATCH,BLOCK,吸籌中,1,5,持續觀察,前狀態:nan→今日:吸籌中｜狀態升級,NO,8.0,一般,爆量不跌,77.88,2026-10-01 01:22:42
8162,微矽電子-創,WATCH,BLOCK,突破中,4,13,準IGNITION,前狀態:nan→今日:突破中｜狀態跳升｜具備點火條件,READY,13.0,一般,爆量不跌｜均線結構,87.217,2026-10-01 01:22:42
1305,華夏,WATCH,BLOCK,突破中,4,13,準IGNITION,首次追蹤:突破中｜狀態跳升｜具備點火條件,READY,9.0,一般,均線結構｜法人偏多,77.026,2026-10-01 01:22:42
6944,兆聯實業,WATCH,BLOCK,觀察,0,0,持續觀察,前狀態:nan→今日:觀察,NO,4.0,一般,法人偏多,88.858,2026-10-01 01:22:42
2459,敦吉,,BLOCK,觀察,0,0,持續觀察,前狀態:nan→今日:觀察,NO,-2.0,一般,法人偏多｜籌碼風險,8.972,2026-10-01 01:22:42
1605,華新,WATCH,BLOCK,突破中,4,13,準IGNITION,首次追蹤:突破中｜狀態跳升｜具備點火條件,READY,13.0,一般,爆量不跌｜均線結構,88.755,2026-10-01 01:22:42
2015,豐興,,BLOCK,觀察,0,0,持續觀察,前狀態:nan→今日:觀察,NO,0.0,一般,,10.988,2026-10-01 01:22:42
2395,研華,WATCH,BLOCK,突破中,4,12,準IGNITION,前狀態:突破中→今日:突破中｜強狀態維持｜強狀態連續維持｜具備點火條件,READY,9.0,一般,均線結構｜法人偏多,99.8,2026-10-01 01:22:42
2233,宇隆,WATCH,BLOCK,試盤中,3,11,升級觀察,前狀態:nan→今日:試盤中｜狀態跳升｜狀態轉強,WATCH_UP,12.0,一般,爆量不跌｜法人偏多,79.736,2026-10-01 01:22:42
6589,台康生技,WATCH,BLOCK,突破中,4,13,準IGNITION,首次追蹤:突破中｜狀態跳升｜具備點火條件,READY,5.0,一般,均線結構,107.356,2026-10-01 01:22:42
2382,廣達,,BLOCK,出貨疑慮,-2,-15,降級風險,前狀態:nan→今日:出貨疑慮｜狀態降級,RISK,-6.0,籌碼風險,籌碼風險,1.435,2026-10-01 01:22:42
3624,光頡,,BLOCK,突破中,4,13,準IGNITION,前狀態:nan→今日:突破中｜狀態跳升｜具備點火條件,READY,9.0,一般,均線結構｜法人偏多,14.017,2026-10-01 01:22:42
3545,敦泰,,BLOCK,突破中,4,13,準IGNITION,前狀態:nan→今日:突破中｜狀態跳升｜具備點火條件,READY,5.0,一般,均線結構,20.005,2026-10-01 01:22:42
3543,州巧,WATCH,BLOCK,突破中,4,13,準IGNITION,前狀態:nan→今日:突破中｜狀態跳升｜具備點火條件,READY,13.0,一般,爆量不跌｜均線結構,92.773,2026-10-01 01:22:42
2401,凌陽,TEST,BLOCK,試盤中,3,11,升級觀察,前狀態:nan→今日:試盤中｜狀態跳升｜狀態轉強,WATCH_UP,12.0,一般,爆量不跌｜法人偏多,86.657,2026-10-01 01:22:42
2881,富邦金,,BLOCK,突破中,4,13,準IGNITION,前狀態:nan→今日:突破中｜狀態跳升｜具備點火條件,READY,-1.0,一般,均線結構｜籌碼風險,12.037,2026-10-01 01:22:42
1586,和勤,,BLOCK,觀察,0,0,持續觀察,前狀態:nan→今日:觀察,NO,0.0,一般,,7.765,2026-10-01 01:22:42
2885,元大金,,BLOCK,出貨疑慮,-2,-15,降級風險,前狀態:nan→今日:出貨疑慮｜狀態降級,RISK,-6.0,籌碼風險,籌碼風險,-0.385,2026-10-01 01:22:42
4545,銘鈺,WATCH,BLOCK,吸籌中,1,5,持續觀察,前狀態:nan→今日:吸籌中｜狀態升級,NO,8.0,一般,爆量不跌,100.225,2026-10-01 01:22:42
2412,中華電,,BLOCK,突破中,4,13,準IGNITION,前狀態:nan→今日:突破中｜狀態跳升｜具備點火條件,READY,5.0,一般,均線結構,15.921,2026-10-01 01:22:42
2609,陽明,,BLOCK,突破中,4,13,準IGNITION,首次追蹤:突破中｜狀態跳升｜具備點火條件,READY,5.0,一般,均線結構,16.512,2026-10-01 01:22:42
2890,永豐金,,BLOCK,突破中,4,13,準IGNITION,首次追蹤:突破中｜狀態跳升｜具備點火條件,READY,-1.0,一般,均線結構｜籌碼風險,10.085,2026-10-01 01:22:42
3059,華晶科,WATCH,BLOCK,觀察,0,0,持續觀察,首次追蹤:觀察,NO,0.0,一般,,76.084,2026-10-01 01:22:42
1785,光洋科,,BLOCK,觀察,0,0,持續觀察,前狀態:nan→今日:觀察,NO,4.0,一般,法人偏多,5.943,2026-10-01 01:22:42
2349,錸德,WATCH,BLOCK,吸籌中,1,5,持續觀察,首次追蹤:吸籌中｜狀態升級,NO,8.0,一般,爆量不跌,76.609,2026-10-01 01:22:42
2206,三陽工業,,BLOCK,出貨疑慮,-2,-15,降級風險,前狀態:nan→今日:出貨疑慮｜狀態降級,RISK,-6.0,籌碼風險,籌碼風險,1.813,2026-10-01 01:22:42
5871,中租-KY,,BLOCK,出貨疑慮,-2,-15,降級風險,首次追蹤:出貨疑慮｜狀態降級,RISK,-6.0,籌碼風險,籌碼風險,-1.303,2026-10-01 01:22:42
5880,合庫金,,BLOCK,出貨疑慮,-2,-15,降級風險,前狀態:nan→今日:出貨疑慮｜狀態降級,RISK,-6.0,籌碼風險,籌碼風險,0.271,2026-10-01 01:22:42
2258,鴻華先進-創,WATCH,BLOCK,吸籌中,1,5,持續觀察,首次追蹤:吸籌中｜狀態升級,NO,8.0,一般,爆量不跌,92.283,2026-10-01 01:22:42
6142,友勁,WATCH,BLOCK,吸籌中,1,5,持續觀察,前狀態:nan→今日:吸籌中｜狀態升級,NO,8.0,一般,爆量不跌,92.537,2026-10-01 01:22:42
1711,永光,WATCH,BLOCK,突破中,4,13,準IGNITION,前狀態:nan→今日:突破中｜狀態跳升｜具備點火條件,READY,9.0,一般,均線結構｜法人偏多,86.846,2026-10-01 01:22:42
2354,鴻準,,BLOCK,突破中,4,13,準IGNITION,前狀態:nan→今日:突破中｜狀態跳升｜具備點火條件,READY,9.0,一般,均線結構｜法人偏多,18.29,2026-10-01 01:22:42
5425,台半,,BLOCK,觀察,0,0,持續觀察,前狀態:nan→今日:觀察,NO,4.0,一般,法人偏多,10.371,2026-10-01 01:22:42
9930,中聯資源,,BLOCK,出貨疑慮,-2,-15,降級風險,前狀態:nan→今日:出貨疑慮｜狀態降級,RISK,-6.0,籌碼風險,籌碼風險,0.583,2026-10-01 01:22:42
2504,國產,,BLOCK,出貨疑慮,-2,-15,降級風險,前狀態:nan→今日:出貨疑慮｜狀態降級,RISK,-6.0,籌碼風險,籌碼風險,-1.574,2026-10-01 01:22:42
2610,華航,,BLOCK,觀察,0,0,持續觀察,首次追蹤:觀察,NO,0.0,一般,,15.752,2026-10-01 01:22:42
2603,長榮,,BLOCK,突破中,4,13,準IGNITION,前狀態:nan→今日:突破中｜狀態跳升｜具備點火條件,READY,9.0,一般,均線結構｜法人偏多,18.117,2026-10-01 01:22:42
8069,元太,,BLOCK,觀察,0,0,持續觀察,前狀態:nan→今日:觀察,NO,4.0,一般,法人偏多,6.091,2026-10-01 01:22:42
2812,台中銀,,BLOCK,出貨疑慮,-2,-15,降級風險,前狀態:nan→今日:出貨疑慮｜狀態降級,RISK,-6.0,籌碼風險,籌碼風險,-3.649,2026-10-01 01:22:42
8028,昇陽半導體,WATCH,BLOCK,試盤中,3,11,升級觀察,前狀態:nan→今日:試盤中｜狀態跳升｜狀態轉強,WATCH_UP,12.0,一般,爆量不跌｜法人偏多,93.553,2026-10-01 01:22:42
1506,正道,,BLOCK,出貨疑慮,-2,-15,降級風險,前狀態:nan→今日:出貨疑慮｜狀態降級,RISK,-6.0,籌碼風險,籌碼風險,-2.082,2026-10-01 01:22:42
2634,漢翔,,BLOCK,觀察,0,0,持續觀察,首次追蹤:觀察,NO,0.0,一般,,10.078,2026-10-01 01:22:42
2395,研華,WATCH,BLOCK,突破中,4,12,準IGNITION,前狀態:突破中→今日:突破中｜強狀態維持｜強狀態連續維持｜具備點火條件,READY,9.0,一般,均線結構｜法人偏多,99.8,2026-10-01 01:22:42
2451,創見,,BLOCK,突破中,4,13,準IGNITION,前狀態:nan→今日:突破中｜狀態跳升｜具備點火條件,READY,5.0,一般,均線結構,19.267,2026-10-01 01:22:42
2379,瑞昱,,BLOCK,觀察,0,0,持續觀察,前狀態:nan→今日:觀察,NO,4.0,一般,法人偏多,11.831,2026-10-01 01:22:42
8104,錸寶,WATCH,BLOCK,吸籌中,1,5,持續觀察,前狀態:nan→今日:吸籌中｜狀態升級,NO,8.0,一般,爆量不跌,78.454,2026-10-01 01:22:42
5439,高技,,BLOCK,觀察,0,0,持續觀察,前狀態:nan→今日:觀察,NO,4.0,一般,法人偏多,8.092,2026-10-01 01:22:42
6944,兆聯實業,WATCH,BLOCK,觀察,0,0,持續觀察,前狀態:nan→今日:觀察,NO,4.0,一般,法人偏多,88.858,2026-10-01 01:22:42
2423,固緯,,BLOCK,出貨疑慮,-2,-15,降級風險,前狀態:nan→今日:出貨疑慮｜狀態降級,RISK,-6.0,籌碼風險,籌碼風險,-0.237,2026-10-01 01:22:42
4195,,WATCH,BLOCK,吸籌中,1,5,持續觀察,前狀態:nan→今日:吸籌中｜狀態升級,NO,8.0,一般,爆量不跌,91.0,2026-10-01 01:22:42
2332,友訊,,BLOCK,觀察,0,0,持續觀察,前狀態:nan→今日:觀察,NO,0.0,一般,,14.211,2026-10-01 01:22:42
3015,全漢,WATCH,BLOCK,吸籌中,1,5,持續觀察,前狀態:nan→今日:吸籌中｜狀態升級,NO,8.0,一般,爆量不跌,87.248,2026-10-01 01:22:42
2017,官田鋼,WATCH,BLOCK,吸籌中,1,5,持續觀察,前狀態:nan→今日:吸籌中｜狀態升級,NO,8.0,一般,爆量不跌,78.741,2026-10-01 01:22:42
8162,微矽電子-創,WATCH,BLOCK,突破中,4,13,準IGNITION,前狀態:nan→今日:突破中｜狀態跳升｜具備點火條件,READY,13.0,一般,爆量不跌｜均線結構,87.217,2026-10-01 01:22:42
6558,興能高,WATCH,BLOCK,吸籌中,1,5,持續觀察,前狀態:nan→今日:吸籌中｜狀態升級,NO,8.0,一般,爆量不跌,77.142,2026-10-01 01:22:42
1444,力麗,WATCH,BLOCK,吸籌中,1,5,持續觀察,首次追蹤:吸籌中｜狀態升級,NO,8.0,一般,爆量不跌,78.966,2026-10-01 01:22:42
5288,豐祥-KY,,BLOCK,出貨疑慮,-2,-15,降級風險,前狀態:nan→今日:出貨疑慮｜狀態降級,RISK,-6.0,籌碼風險,籌碼風險,-1.377,2026-10-01 01:22:42
3380,明泰,,BLOCK,突破中,4,13,準IGNITION,前狀態:nan→今日:突破中｜狀態跳升｜具備點火條件,READY,5.0,一般,均線結構,17.496,2026-10-01 01:22:42
5536,聖暉*,,BLOCK,觀察,0,0,持續觀察,前狀態:nan→今日:觀察,NO,4.0,一般,法人偏多,8.748,2026-10-01 01:22:42
2352,佳世達,WATCH,BLOCK,觀察,0,0,持續觀察,前狀態:觀察→今日:觀察,NO,0.0,一般,,80.807,2026-10-01 01:22:42
2399,映泰,,BLOCK,突破中,4,13,準IGNITION,前狀態:nan→今日:突破中｜狀態跳升｜具備點火條件,READY,5.0,一般,均線結構,14.175,2026-10-01 01:22:42
6127,九豪,,BLOCK,觀察,0,0,持續觀察,前狀態:nan→今日:觀察,NO,4.0,一般,法人偏多,9.74,2026-10-01 01:22:42
8438,昶昕,WATCH,BLOCK,觀察,0,0,持續觀察,前狀態:nan→今日:觀察,NO,0.0,一般,,77.654,2026-10-01 01:22:42
3050,鈺德,WATCH,BLOCK,吸籌中,1,5,持續觀察,前狀態:nan→今日:吸籌中｜狀態升級,NO,8.0,一般,爆量不跌,87.117,2026-10-01 01:22:42
6405,悅城,WATCH,BLOCK,觀察,0,0,持續觀察,前狀態:nan→今日:觀察,NO,4.0,一般,法人偏多,85.291,2026-10-01 01:22:42
2032,新鋼,WATCH,BLOCK,突破中,4,13,準IGNITION,前狀態:nan→今日:突破中｜狀態跳升｜具備點火條件,READY,13.0,一般,爆量不跌｜均線結構,110.813,2026-10-01 01:22:42
9945,潤泰新,,BLOCK,突破中,4,13,準IGNITION,前狀態:nan→今日:突破中｜狀態跳升｜具備點火條件,READY,5.0,一般,均線結構,16.069,2026-10-01 01:22:42
6698,旭暉應材,WATCH,BLOCK,試盤中,3,11,升級觀察,前狀態:nan→今日:試盤中｜狀態跳升｜狀態轉強,WATCH_UP,12.0,一般,爆量不跌｜法人偏多,84.902,2026-10-01 01:22:42
4916,事欣科,,BLOCK,觀察,0,0,持續觀察,前狀態:nan→今日:觀察,NO,0.0,一般,,14.555,2026-10-01 01:22:42
2912,統一超,,BLOCK,出貨疑慮,-2,-15,降級風險,前狀態:nan→今日:出貨疑慮｜狀態降級,RISK,-6.0,籌碼風險,籌碼風險,-0.155,2026-10-01 01:22:42
8011,台通,,BLOCK,吸籌中,1,5,持續觀察,首次追蹤:吸籌中｜狀態升級,NO,8.0,一般,爆量不跌,13.489,2026-10-01 01:22:42
8081,致新,,BLOCK,試盤中,3,11,升級觀察,前狀態:nan→今日:試盤中｜狀態跳升｜狀態轉強,WATCH_UP,12.0,一般,爆量不跌｜法人偏多,17.843,2026-10-01 01:22:42
4564,元翎,WATCH,BLOCK,觀察,0,0,持續觀察,前狀態:nan→今日:觀察,NO,0.0,一般,,64.337,2026-10-01 01:22:42
3686,達能,WATCH,BLOCK,吸籌中,1,5,持續觀察,前狀態:nan→今日:吸籌中｜狀態升級,NO,8.0,一般,爆量不跌,100.389,2026-10-01 01:22:42
2474,可成,,BLOCK,觀察,0,0,持續觀察,前狀態:nan→今日:觀察,NO,0.0,一般,,8.889,2026-10-01 01:22:42
2633,台灣高鐵,,BLOCK,出貨疑慮,-2,-15,降級風險,前狀態:nan→今日:出貨疑慮｜狀態降級,RISK,-6.0,籌碼風險,籌碼風險,-2.173,2026-10-01 01:22:42
8429,金麗-KY,,BLOCK,觀察,0,0,持續觀察,前狀態:nan→今日:觀察,NO,0.0,一般,,10.603,2026-10-01 01:22:42
1460,宏遠,,BLOCK,出貨疑慮,-2,-15,降級風險,首次追蹤:出貨疑慮｜狀態降級,RISK,-6.0,籌碼風險,籌碼風險,-3.419,2026-10-01 01:22:42
2538,基泰,WATCH,BLOCK,觀察,0,0,持續觀察,前狀態:觀察→今日:觀察,NO,0.0,一般,,56.293,2026-10-01 01:22:42
4967,十銓,,BLOCK,觀察,0,0,持續觀察,前狀態:nan→今日:觀察,NO,4.0,一般,法人偏多,11.15,2026-10-01 01:22:42
1710,東聯,,BLOCK,突破中,4,13,準IGNITION,前狀態:nan→今日:突破中｜狀態跳升｜具備點火條件,READY,5.0,一般,均線結構,18.988,2026-10-01 01:22:42
2636,台驊控股,WATCH,BLOCK,突破中,4,13,準IGNITION,前狀態:nan→今日:突破中｜狀態跳升｜具備點火條件,READY,5.0,一般,均線結構,73.715,2026-10-01 01:22:42
1608,華榮,,BLOCK,突破中,4,13,準IGNITION,首次追蹤:突破中｜狀態跳升｜具備點火條件,READY,9.0,一般,均線結構｜法人偏多,22.562,2026-10-01 01:22:42
2103,台橡,,BLOCK,突破中,4,13,準IGNITION,首次追蹤:突破中｜狀態跳升｜具備點火條件,READY,9.0,一般,均線結構｜法人偏多,21.57,2026-10-01 01:22:42
8422,可寧衛*,,BLOCK,出貨疑慮,-2,-15,降級風險,首次追蹤:出貨疑慮｜狀態降級,RISK,-6.0,籌碼風險,籌碼風險,2.034,2026-10-01 01:22:42
6477,安集,,BLOCK,吸籌中,1,5,持續觀察,首次追蹤:吸籌中｜狀態升級,NO,8.0,一般,爆量不跌,12.858,2026-10-01 01:22:42
1337,再生-KY,,BLOCK,觀察,0,0,持續觀察,首次追蹤:觀察,NO,4.0,一般,法人偏多,11.782,2026-10-01 01:22:42
2009,第一銅,,BLOCK,突破中,4,13,準IGNITION,首次追蹤:突破中｜狀態跳升｜具備點火條件,READY,5.0,一般,均線結構,20.358,2026-10-01 01:22:42
3131,弘塑,,BLOCK,觀察,0,0,持續觀察,前狀態:nan→今日:觀察,NO,4.0,一般,法人偏多,8.633,2026-10-01 01:22:42
6164,華興,WATCH,BLOCK,觀察,0,0,持續觀察,前狀態:nan→今日:觀察,NO,0.0,一般,,68.798,2026-10-01 01:22:42
1229,聯華,,BLOCK,觀察,0,0,持續觀察,前狀態:nan→今日:觀察,NO,0.0,一般,,6.847,2026-10-01 01:22:42
2393,億光,,BLOCK,觀察,0,0,持續觀察,前狀態:nan→今日:觀察,NO,0.0,一般,,15.129,2026-10-01 01:22:42
5538,東明-KY,WATCH,BLOCK,突破中,4,13,準IGNITION,首次追蹤:突破中｜狀態跳升｜具備點火條件,READY,13.0,一般,爆量不跌｜均線結構,80.669,2026-10-01 01:22:42
3005,神基,,BLOCK,突破中,4,13,準IGNITION,前狀態:nan→今日:突破中｜狀態跳升｜具備點火條件,READY,9.0,一般,均線結構｜法人偏多,17.117,2026-10-01 01:22:42
1319,東陽,,BLOCK,觀察,0,0,持續觀察,首次追蹤:觀察,NO,-2.0,一般,法人偏多｜籌碼風險,7.127,2026-10-01 01:22:42
2231,為升,WATCH,BLOCK,試盤中,3,11,升級觀察,前狀態:nan→今日:試盤中｜狀態跳升｜狀態轉強,WATCH_UP,12.0,一般,爆量不跌｜法人偏多,90.068,2026-10-01 01:22:42
3441,聯一光,,BLOCK,突破中,4,13,準IGNITION,首次追蹤:突破中｜狀態跳升｜具備點火條件,READY,5.0,一般,均線結構,14.347,2026-10-01 01:22:42
2501,國建,,BLOCK,出貨疑慮,-2,-15,降級風險,首次追蹤:出貨疑慮｜狀態降級,RISK,-6.0,籌碼風險,籌碼風險,-0.811,2026-10-01 01:22:42
6176,瑞儀,,BLOCK,觀察,0,0,持續觀察,首次追蹤:觀察,NO,0.0,一般,,7.749,2026-10-01 01:22:42
2352,佳世達,WATCH,BLOCK,觀察,0,0,持續觀察,前狀態:觀察→今日:觀察,NO,0.0,一般,,80.807,2026-10-01 01:22:42
6558,興能高,WATCH,BLOCK,吸籌中,1,5,持續觀察,前狀態:nan→今日:吸籌中｜狀態升級,NO,8.0,一般,爆量不跌,77.142,2026-10-01 01:22:42
2101,南港,,BLOCK,出貨疑慮,-2,-15,降級風險,首次追蹤:出貨疑慮｜狀態降級,RISK,-6.0,籌碼風險,籌碼風險,-0.073,2026-10-01 01:22:42
2105,正新,WATCH,BLOCK,觀察,0,0,持續觀察,前狀態:觀察→今日:觀察,NO,0.0,一般,,68.572,2026-10-01 01:22:42
2838,聯邦銀,,BLOCK,出貨疑慮,-2,-15,降級風險,前狀態:nan→今日:出貨疑慮｜狀態降級,RISK,-6.0,籌碼風險,籌碼風險,-3.649,2026-10-01 01:22:42
4414,如興,,BLOCK,出貨疑慮,-2,-15,降級風險,前狀態:nan→今日:出貨疑慮｜狀態降級,RISK,-6.0,籌碼風險,籌碼風險,2.009,2026-10-01 01:22:42
1446,宏和,,BLOCK,觀察,0,0,持續觀察,前狀態:nan→今日:觀察,NO,-2.0,一般,法人偏多｜籌碼風險,4.839,2026-10-01 01:22:42
1340,勝悅-KY,,BLOCK,吸籌中,1,5,持續觀察,前狀態:nan→今日:吸籌中｜狀態升級,NO,8.0,一般,爆量不跌,17.835,2026-10-01 01:22:42
2915,潤泰全,,BLOCK,突破中,4,13,準IGNITION,前狀態:nan→今日:突破中｜狀態跳升｜具備點火條件,READY,9.0,一般,均線結構｜法人偏多,15.748,2026-10-01 01:22:42
2247,汎德永業,,BLOCK,出貨疑慮,-2,-15,降級風險,前狀態:nan→今日:出貨疑慮｜狀態降級,RISK,-6.0,籌碼風險,籌碼風險,1.731,2026-10-01 01:22:42
2429,銘旺科,,BLOCK,出貨疑慮,-2,-15,降級風險,首次追蹤:出貨疑慮｜狀態降級,RISK,-6.0,籌碼風險,籌碼風險,2.583,2026-10-01 01:22:42
9933,中鼎,,BLOCK,觀察,0,0,持續觀察,首次追蹤:觀察,NO,4.0,一般,法人偏多,9.125,2026-10-01 01:22:42
1473,台南,,BLOCK,出貨疑慮,-2,-15,降級風險,前狀態:nan→今日:出貨疑慮｜狀態降級,RISK,-6.0,籌碼風險,籌碼風險,-2.312,2026-10-01 01:22:42
4707,磐亞,,BLOCK,觀察,0,0,持續觀察,前狀態:nan→今日:觀察,NO,0.0,一般,,9.651,2026-10-01 01:22:42
1437,勤益控,,BLOCK,出貨疑慮,-2,-15,降級風險,前狀態:nan→今日:出貨疑慮｜狀態降級,RISK,-6.0,籌碼風險,籌碼風險,-0.344,2026-10-01 01:22:42
1434,福懋,,BLOCK,觀察,0,0,持續觀察,前狀態:nan→今日:觀察,NO,0.0,一般,,15.662,2026-10-01 01:22:42
4536,拓凱,,BLOCK,出貨疑慮,-2,-15,降級風險,首次追蹤:出貨疑慮｜狀態降級,RISK,-6.0,籌碼風險,籌碼風險,1.476,2026-10-01 01:22:42
7717,萊德光電-KY,,BLOCK,突破中,4,13,準IGNITION,前狀態:nan→今日:突破中｜狀態跳升｜具備點火條件,READY,9.0,一般,均線結構｜法人偏多,15.682,2026-10-01 01:22:42
6227,茂綸,,BLOCK,突破中,4,13,準IGNITION,首次追蹤:突破中｜狀態跳升｜具備點火條件,READY,9.0,一般,均線結構｜法人偏多,16.313,2026-10-01 01:22:42
2250,IKKA-KY,,BLOCK,吸籌中,1,5,持續觀察,首次追蹤:吸籌中｜狀態升級,NO,8.0,一般,爆量不跌,11.759,2026-10-01 01:22:42
3413,京鼎,WATCH,BLOCK,觀察,0,0,持續觀察,前狀態:nan→今日:觀察,NO,4.0,一般,法人偏多,68.87,2026-10-01 01:22:42
3015,全漢,WATCH,BLOCK,吸籌中,1,5,持續觀察,前狀態:nan→今日:吸籌中｜狀態升級,NO,8.0,一般,爆量不跌,87.248,2026-10-01 01:22:42
3588,通嘉,WATCH,BLOCK,觀察,0,0,持續觀察,前狀態:nan→今日:觀察,NO,4.0,一般,法人偏多,75.205,2026-10-01 01:22:42
6907,雅特力-KY,,BLOCK,觀察,0,0,持續觀察,前狀態:nan→今日:觀察,NO,0.0,一般,,10.291,2026-10-01 01:22:42
1805,寶徠,,BLOCK,出貨疑慮,-2,-15,降級風險,前狀態:nan→今日:出貨疑慮｜狀態降級,RISK,-6.0,籌碼風險,籌碼風險,0.558,2026-10-01 01:22:42
4164,承業醫,WATCH,BLOCK,觀察,0,0,持續觀察,前狀態:觀察→今日:觀察,NO,0.0,一般,,76.658,2026-10-01 01:22:42
8121,越峰,,BLOCK,觀察,0,0,持續觀察,前狀態:nan→今日:觀察,NO,4.0,一般,法人偏多,9.633,2026-10-01 01:22:42
5608,四維航,,BLOCK,突破中,4,13,準IGNITION,首次追蹤:突破中｜狀態跳升｜具備點火條件,READY,9.0,一般,均線結構｜法人偏多,18.109,2026-10-01 01:22:42
2851,中再保,,BLOCK,突破中,4,13,準IGNITION,前狀態:nan→今日:突破中｜狀態跳升｜具備點火條件,READY,5.0,一般,均線結構,17.602,2026-10-01 01:22:42
1795,美時,,BLOCK,出貨疑慮,-2,-15,降級風險,首次追蹤:出貨疑慮｜狀態降級,RISK,-6.0,籌碼風險,籌碼風險,3.912,2026-10-01 01:22:42
8131,福懋科,WATCH,BLOCK,觀察,0,0,持續觀察,前狀態:觀察→今日:觀察,NO,0.0,一般,,57.716,2026-10-01 01:22:42
6914,阜爾運通,,BLOCK,出貨疑慮,-2,-15,降級風險,首次追蹤:出貨疑慮｜狀態降級,RISK,-6.0,籌碼風險,籌碼風險,-0.155,2026-10-01 01:22:42
8932,智通*,,BLOCK,觀察,0,0,持續觀察,前狀態:nan→今日:觀察,NO,4.0,一般,法人偏多,8.51,2026-10-01 01:22:42
1533,車王電,,BLOCK,觀察,0,0,持續觀察,首次追蹤:觀察,NO,0.0,一般,,8.733,2026-10-01 01:22:42
9926,新海,,BLOCK,觀察,0,0,持續觀察,前狀態:nan→今日:觀察,NO,0.0,一般,,12.53,2026-10-01 01:22:42
8070,長華*,,BLOCK,突破中,4,13,準IGNITION,首次追蹤:突破中｜狀態跳升｜具備點火條件,READY,9.0,一般,均線結構｜法人偏多,16.994,2026-10-01 01:22:42
2207,和泰車,,BLOCK,出貨疑慮,-2,-15,降級風險,首次追蹤:出貨疑慮｜狀態降級,RISK,-6.0,籌碼風險,籌碼風險,0.501,2026-10-01 01:22:42
8442,威宏-KY,,BLOCK,觀察,0,0,持續觀察,前狀態:nan→今日:觀察,NO,0.0,一般,,11.086,2026-10-01 01:22:42
6698,旭暉應材,WATCH,BLOCK,試盤中,3,11,升級觀察,前狀態:nan→今日:試盤中｜狀態跳升｜狀態轉強,WATCH_UP,12.0,一般,爆量不跌｜法人偏多,84.902,2026-10-01 01:22:42
6023,元大期,,BLOCK,觀察,0,0,持續觀察,前狀態:nan→今日:觀察,NO,0.0,一般,,6.027,2026-10-01 01:22:42
2023,燁輝,,BLOCK,觀察,0,0,持續觀察,首次追蹤:觀察,NO,0.0,一般,,11.07,2026-10-01 01:22:42
1325,恆大,WATCH,BLOCK,觀察,0,0,持續觀察,前狀態:觀察→今日:觀察,NO,0.0,一般,,63.345,2026-10-01 01:22:42
3501,維熹,,BLOCK,出貨疑慮,-2,-15,降級風險,前狀態:nan→今日:出貨疑慮｜狀態降級,RISK,-6.0,籌碼風險,籌碼風險,-0.073,2026-10-01 01:22:42
2331,精英,,BLOCK,觀察,0,0,持續觀察,首次追蹤:觀察,NO,0.0,一般,,14.875,2026-10-01 01:22:42
1325,恆大,WATCH,BLOCK,觀察,0,0,持續觀察,前狀態:觀察→今日:觀察,NO,0.0,一般,,68.117,2026-10-01 01:22:42
3577,泓格,,BLOCK,觀察,0,0,持續觀察,前狀態:nan→今日:觀察,NO,4.0,一般,法人偏多,7.239,2026-10-01 01:22:42
2476,鉅祥,,BLOCK,觀察,0,0,持續觀察,前狀態:nan→今日:觀察,NO,0.0,一般,,10.381,2026-10-01 01:22:42
9907,統一實,,BLOCK,觀察,0,0,持續觀察,前狀態:nan→今日:觀察,NO,4.0,一般,法人偏多,6.911,2026-10-01 01:22:42
2543,皇昌,,BLOCK,觀察,0,0,持續觀察,首次追蹤:觀察,NO,0.0,一般,,11.71,2026-10-01 01:22:42
8383,千附,,BLOCK,觀察,0,0,持續觀察,前狀態:nan→今日:觀察,NO,4.0,一般,法人偏多,11.503,2026-10-01 01:22:42
3025,星通,WATCH,BLOCK,觀察,0,0,持續觀察,前狀態:nan→今日:觀察,NO,4.0,一般,法人偏多,58.477,2026-10-01 01:22:42
6142,友勁,WATCH,BLOCK,吸籌中,1,5,持續觀察,前狀態:nan→今日:吸籌中｜狀態升級,NO,8.0,一般,爆量不跌,92.537,2026-10-01 01:22:42
2007,燁興,WATCH,BLOCK,吸籌中,1,5,持續觀察,前狀態:nan→今日:吸籌中｜狀態升級,NO,8.0,一般,爆量不跌,71.34,2026-10-01 01:22:42
8411,福貞-KY,,BLOCK,出貨疑慮,-2,-15,降級風險,前狀態:nan→今日:出貨疑慮｜狀態降級,RISK,-6.0,籌碼風險,籌碼風險,-4.485,2026-10-01 01:22:42
6771,平和環保-創,,BLOCK,突破中,4,13,準IGNITION,前狀態:nan→今日:突破中｜狀態跳升｜具備點火條件,READY,13.0,一般,爆量不跌｜均線結構,23.544,2026-10-01 01:22:42
5236,凌陽創新,WATCH,BLOCK,觀察,0,0,持續觀察,前狀態:nan→今日:觀察,NO,4.0,一般,法人偏多,77.378,2026-10-01 01:22:42
3607,谷崧,WATCH,BLOCK,觀察,0,0,持續觀察,前狀態:nan→今日:觀察,NO,0.0,一般,,61.652,2026-10-01 01:22:42
8088,品安,,BLOCK,觀察,0,0,持續觀察,前狀態:nan→今日:觀察,NO,4.0,一般,法人偏多,10.847,2026-10-01 01:22:42
8182,加高,,BLOCK,觀察,0,0,持續觀察,前狀態:nan→今日:觀察,NO,4.0,一般,法人偏多,7.026,2026-10-01 01:22:42
1316,上曜,,BLOCK,觀察,0,0,持續觀察,首次追蹤:觀察,NO,0.0,一般,,9.947,2026-10-01 01:22:42
8464,億豐,,BLOCK,觀察,0,0,持續觀察,前狀態:nan→今日:觀察,NO,-2.0,一般,法人偏多｜籌碼風險,4.929,2026-10-01 01:22:42
3588,通嘉,WATCH,BLOCK,觀察,0,0,持續觀察,前狀態:nan→今日:觀察,NO,4.0,一般,法人偏多,75.205,2026-10-01 01:22:42
2231,為升,WATCH,BLOCK,試盤中,3,11,升級觀察,前狀態:nan→今日:試盤中｜狀態跳升｜狀態轉強,WATCH_UP,12.0,一般,爆量不跌｜法人偏多,90.068,2026-10-01 01:22:42
2538,基泰,WATCH,BLOCK,觀察,0,0,持續觀察,前狀態:觀察→今日:觀察,NO,0.0,一般,,56.293,2026-10-01 01:22:42
4416,三圓,,BLOCK,突破中,4,13,準IGNITION,前狀態:nan→今日:突破中｜狀態跳升｜具備點火條件,READY,5.0,一般,均線結構,13.297,2026-10-01 01:22:42
8476,台境*,WATCH,BLOCK,觀察,0,0,持續觀察,前狀態:觀察→今日:觀察,NO,0.0,一般,,54.723,2026-10-01 01:22:42
6175,立敦,,BLOCK,觀察,0,0,持續觀察,前狀態:nan→今日:觀察,NO,4.0,一般,法人偏多,10.33,2026-10-01 01:22:42
2905,三商,,BLOCK,觀察,0,0,持續觀察,前狀態:nan→今日:觀察,NO,0.0,一般,,9.717,2026-10-01 01:22:42
4441,振大環球,,BLOCK,觀察,0,0,持續觀察,前狀態:nan→今日:觀察,NO,0.0,一般,,9.947,2026-10-01 01:22:42
4534,慶騰,,BLOCK,觀察,0,0,持續觀察,前狀態:nan→今日:觀察,NO,0.0,一般,,8.79,2026-10-01 01:22:42
2913,農林,,BLOCK,觀察,0,0,持續觀察,前狀態:nan→今日:觀察,NO,0.0,一般,,15.851,2026-10-01 01:22:42
2461,光群雷,,BLOCK,突破中,4,13,準IGNITION,首次追蹤:突破中｜狀態跳升｜具備點火條件,READY,5.0,一般,均線結構,21.998,2026-10-01 01:22:42
6472,保瑞,,BLOCK,突破中,4,13,準IGNITION,前狀態:nan→今日:突破中｜狀態跳升｜具備點火條件,READY,9.0,一般,均線結構｜法人偏多,18.618,2026-10-01 01:22:42
2397,友通,WATCH,BLOCK,突破中,4,13,準IGNITION,前狀態:nan→今日:突破中｜狀態跳升｜具備點火條件,READY,5.0,一般,均線結構,75.683,2026-10-01 01:22:42
8091,翔名,,BLOCK,觀察,0,0,持續觀察,前狀態:nan→今日:觀察,NO,4.0,一般,法人偏多,9.633,2026-10-01 01:22:42
5538,東明-KY,WATCH,BLOCK,突破中,4,13,準IGNITION,首次追蹤:突破中｜狀態跳升｜具備點火條件,READY,13.0,一般,爆量不跌｜均線結構,80.669,2026-10-01 01:22:42
3689,湧德,,BLOCK,觀察,0,0,持續觀察,前狀態:nan→今日:觀察,NO,4.0,一般,法人偏多,11.642,2026-10-01 01:22:42
6174,安碁,,BLOCK,觀察,0,0,持續觀察,前狀態:nan→今日:觀察,NO,0.0,一般,,9.651,2026-10-01 01:22:42
1442,名軒,,BLOCK,出貨疑慮,-2,-15,降級風險,首次追蹤:出貨疑慮｜狀態降級,RISK,-6.0,籌碼風險,籌碼風險,-3.296,2026-10-01 01:22:42
2007,燁興,WATCH,BLOCK,吸籌中,1,5,持續觀察,前狀態:nan→今日:吸籌中｜狀態升級,NO,8.0,一般,爆量不跌,71.34,2026-10-01 01:22:42
3712,永崴投控,,BLOCK,觀察,0,0,持續觀察,首次追蹤:觀察,NO,0.0,一般,,12.275,2026-10-01 01:22:42
6435,大中,,BLOCK,觀察,0,0,持續觀察,前狀態:nan→今日:觀察,NO,4.0,一般,法人偏多,8.895,2026-10-01 01:22:42
3050,鈺德,WATCH,BLOCK,吸籌中,1,5,持續觀察,前狀態:nan→今日:吸籌中｜狀態升級,NO,8.0,一般,爆量不跌,87.117,2026-10-01 01:22:42
4716,大立,,BLOCK,觀察,0,0,持續觀察,前狀態:nan→今日:觀察,NO,0.0,一般,,7.109,2026-10-01 01:22:42
4306,炎洲,,BLOCK,觀察,0,0,持續觀察,前狀態:nan→今日:觀察,NO,0.0,一般,,10.89,2026-10-01 01:22:42
6674,鋐寶科技,WATCH,BLOCK,突破中,4,13,準IGNITION,前狀態:nan→今日:突破中｜狀態跳升｜具備點火條件,READY,5.0,一般,均線結構,91.866,2026-10-01 01:22:42
5521,工信,,BLOCK,突破中,4,13,準IGNITION,前狀態:nan→今日:突破中｜狀態跳升｜具備點火條件,READY,9.0,一般,均線結構｜法人偏多,19.938,2026-10-01 01:22:42
2204,中華,,BLOCK,觀察,0,0,持續觀察,前狀態:nan→今日:觀察,NO,4.0,一般,法人偏多,8.33,2026-10-01 01:22:42
3010,華立,,BLOCK,觀察,0,0,持續觀察,前狀態:nan→今日:觀察,NO,0.0,一般,,9.873,2026-10-01 01:22:42
1730,花仙子,,BLOCK,觀察,0,0,持續觀察,前狀態:nan→今日:觀察,NO,0.0,一般,,12.243,2026-10-01 01:22:42
9955,佳龍,,BLOCK,觀察,0,0,持續觀察,前狀態:nan→今日:觀察,NO,0.0,一般,,6.068,2026-10-01 01:22:42
6988,威力暘-創,,BLOCK,觀察,0,0,持續觀察,首次追蹤:觀察,NO,-2.0,一般,法人偏多｜籌碼風險,4.462,2026-10-01 01:22:42
8289,泰藝,,BLOCK,觀察,0,0,持續觀察,前狀態:nan→今日:觀察,NO,4.0,一般,法人偏多,9.715,2026-10-01 01:22:42
1227,佳格,,BLOCK,觀察,0,0,持續觀察,前狀態:nan→今日:觀察,NO,0.0,一般,,6.109,2026-10-01 01:22:42
6667,信紘科,,BLOCK,突破中,4,13,準IGNITION,前狀態:nan→今日:突破中｜狀態跳升｜具備點火條件,READY,9.0,一般,均線結構｜法人偏多,16.666,2026-10-01 01:22:42
1558,伸興,WATCH,BLOCK,突破中,4,13,準IGNITION,前狀態:nan→今日:突破中｜狀態跳升｜具備點火條件,READY,9.0,一般,均線結構｜法人偏多,94.648,2026-10-01 01:22:42
1615,大山,,BLOCK,觀察,0,0,持續觀察,前狀態:nan→今日:觀察,NO,0.0,一般,,8.61,2026-10-01 01:22:42
5236,凌陽創新,WATCH,BLOCK,觀察,0,0,持續觀察,前狀態:nan→今日:觀察,NO,4.0,一般,法人偏多,77.378,2026-10-01 01:22:42
4564,元翎,WATCH,BLOCK,觀察,0,0,持續觀察,前狀態:nan→今日:觀察,NO,0.0,一般,,64.337,2026-10-01 01:22:42
1471,首利,,BLOCK,觀察,0,0,持續觀察,首次追蹤:觀察,NO,4.0,一般,法人偏多,12.405,2026-10-01 01:22:42
3607,谷崧,WATCH,BLOCK,觀察,0,0,持續觀察,前狀態:nan→今日:觀察,NO,0.0,一般,,61.652,2026-10-01 01:22:42
5227,立凱-KY,,BLOCK,觀察,0,0,持續觀察,首次追蹤:觀察,NO,0.0,一般,,7.257,2026-10-01 01:22:42
6283,淳安,WATCH,BLOCK,觀察,0,0,持續觀察,首次追蹤:觀察,NO,0.0,一般,,64.583,2026-10-01 01:22:42
4714,永捷,,BLOCK,突破中,4,13,準IGNITION,前狀態:nan→今日:突破中｜狀態跳升｜具備點火條件,READY,5.0,一般,均線結構,19.046,2026-10-01 01:22:42
3217,優群,,BLOCK,觀察,0,0,持續觀察,前狀態:nan→今日:觀察,NO,4.0,一般,法人偏多,7.936,2026-10-01 01:22:42
9925,新保,,BLOCK,觀察,0,0,持續觀察,首次追蹤:觀察,NO,0.0,一般,,10.709,2026-10-01 01:22:42
6243,迅杰,,BLOCK,觀察,0,0,持續觀察,前狀態:nan→今日:觀察,NO,4.0,一般,法人偏多,10.814,2026-10-01 01:22:42
1614,三洋電,,BLOCK,觀察,0,0,持續觀察,前狀態:nan→今日:觀察,NO,0.0,一般,,14.243,2026-10-01 01:22:42
4157,太景*-KY,,BLOCK,突破中,4,13,準IGNITION,前狀態:nan→今日:突破中｜狀態跳升｜具備點火條件,READY,9.0,一般,均線結構｜法人偏多,16.461,2026-10-01 01:22:42
2636,台驊控股,WATCH,BLOCK,突破中,4,13,準IGNITION,前狀態:nan→今日:突破中｜狀態跳升｜具備點火條件,READY,5.0,一般,均線結構,73.715,2026-10-01 01:22:42
1438,三地開發,,BLOCK,出貨疑慮,-2,-15,降級風險,首次追蹤:出貨疑慮｜狀態降級,RISK,-6.0,籌碼風險,籌碼風險,-3.394,2026-10-01 01:22:42
1736,喬山,,BLOCK,觀察,0,0,持續觀察,前狀態:nan→今日:觀察,NO,0.0,一般,,12.71,2026-10-01 01:22:42
2836,高雄銀,,BLOCK,觀察,0,0,持續觀察,前狀態:nan→今日:觀察,NO,0.0,一般,,7.954,2026-10-01 01:22:42
6613,朋億*,,BLOCK,觀察,0,0,持續觀察,前狀態:nan→今日:觀察,NO,4.0,一般,法人偏多,9.363,2026-10-01 01:22:42
3708,上緯投控,,BLOCK,觀察,0,0,持續觀察,前狀態:nan→今日:觀察,NO,0.0,一般,,12.226,2026-10-01 01:22:42
3703,欣陸,,BLOCK,出貨疑慮,-2,-15,降級風險,首次追蹤:出貨疑慮｜狀態降級,RISK,-6.0,籌碼風險,籌碼風險,0.148,2026-10-01 01:22:42
2425,承啟,,BLOCK,觀察,0,0,持續觀察,前狀態:nan→今日:觀察,NO,4.0,一般,法人偏多,10.347,2026-10-01 01:22:42
3169,亞信,,BLOCK,突破中,4,13,準IGNITION,前狀態:nan→今日:突破中｜狀態跳升｜具備點火條件,READY,9.0,一般,均線結構｜法人偏多,15.739,2026-10-01 01:22:42
4164,承業醫,WATCH,BLOCK,觀察,0,0,持續觀察,前狀態:觀察→今日:觀察,NO,0.0,一般,,76.658,2026-10-01 01:22:42
2910,統領,,BLOCK,觀察,0,0,持續觀察,前狀態:nan→今日:觀察,NO,0.0,一般,,12.169,2026-10-01 01:22:42
2611,志信,,BLOCK,觀察,0,0,持續觀察,首次追蹤:觀察,NO,0.0,一般,,12.685,2026-10-01 01:22:42
3130,一零四,,BLOCK,觀察,0,0,持續觀察,前狀態:nan→今日:觀察,NO,0.0,一般,,9.479,2026-10-01 01:22:42
3466,德晉,,BLOCK,觀察,0,0,持續觀察,前狀態:nan→今日:觀察,NO,0.0,一般,,7.954,2026-10-01 01:22:42
4924,欣厚-KY,,BLOCK,突破中,4,13,準IGNITION,首次追蹤:突破中｜狀態跳升｜具備點火條件,READY,5.0,一般,均線結構,15.88,2026-10-01 01:22:42
6670,復盛應用,,BLOCK,觀察,0,0,持續觀察,首次追蹤:觀察,NO,4.0,一般,法人偏多,8.485,2026-10-01 01:22:42
2511,太子,,BLOCK,觀察,0,0,持續觀察,前狀態:nan→今日:觀察,NO,0.0,一般,,9.799,2026-10-01 01:22:42
3230,錦明,,BLOCK,觀察,0,0,持續觀察,前狀態:nan→今日:觀察,NO,4.0,一般,法人偏多,6.649,2026-10-01 01:22:42
9943,好樂迪,,BLOCK,觀察,0,0,持續觀察,前狀態:nan→今日:觀察,NO,0.0,一般,,8.61,2026-10-01 01:22:42
1231,聯華食,,BLOCK,觀察,0,0,持續觀察,前狀態:nan→今日:觀察,NO,0.0,一般,,8.717,2026-10-01 01:22:42
3176,基亞,,BLOCK,突破中,4,13,準IGNITION,首次追蹤:突破中｜狀態跳升｜具備點火條件,READY,9.0,一般,均線結構｜法人偏多,17.035,2026-10-01 01:22:42
4582,,,BLOCK,觀察,0,0,持續觀察,首次追蹤:觀察,NO,0.0,一般,,12.366,2026-10-01 01:22:42
1413,宏洲,,BLOCK,觀察,0,0,持續觀察,前狀態:nan→今日:觀察,NO,0.0,一般,,13.719,2026-10-01 01:22:42
1618,合機,,BLOCK,觀察,0,0,持續觀察,前狀態:nan→今日:觀察,NO,0.0,一般,,9.733,2026-10-01 01:22:42
8071,能率網通,,BLOCK,觀察,0,0,持續觀察,前狀態:nan→今日:觀察,NO,0.0,一般,,10.086,2026-10-01 01:22:42
3430,奇鈦科,,BLOCK,觀察,0,0,持續觀察,前狀態:nan→今日:觀察,NO,4.0,一般,法人偏多,6.944,2026-10-01 01:22:42
7402,邑錡,,BLOCK,觀察,0,0,持續觀察,前狀態:nan→今日:觀察,NO,4.0,一般,法人偏多,7.526,2026-10-01 01:22:42
1441,大東,WATCH,BLOCK,吸籌中,1,5,持續觀察,前狀態:nan→今日:吸籌中｜狀態升級,NO,8.0,一般,爆量不跌,96.35,2026-10-01 01:22:42
1532,勤美,,BLOCK,觀察,0,0,持續觀察,前狀態:nan→今日:觀察,NO,0.0,一般,,6.642,2026-10-01 01:22:42
3360,尚立,,BLOCK,觀察,0,0,持續觀察,前狀態:nan→今日:觀察,NO,0.0,一般,,11.209,2026-10-01 01:22:42
3716,中化控股,,BLOCK,觀察,0,0,持續觀察,前狀態:nan→今日:觀察,NO,0.0,一般,,14.022,2026-10-01 01:22:42
5014,建錩,,BLOCK,觀察,0,0,持續觀察,前狀態:nan→今日:觀察,NO,0.0,一般,,6.962,2026-10-01 01:22:42
6605,帝寶,,BLOCK,觀察,0,0,持續觀察,前狀態:nan→今日:觀察,NO,0.0,一般,,10.422,2026-10-01 01:22:42
3485,,,BLOCK,觀察,0,0,持續觀察,首次追蹤:觀察,NO,0.0,一般,,8.995,2026-10-01 01:22:42
1217,愛之味,,BLOCK,觀察,0,0,持續觀察,前狀態:nan→今日:觀察,NO,0.0,一般,,7.954,2026-10-01 01:22:42
6235,華孚,,BLOCK,觀察,0,0,持續觀察,前狀態:nan→今日:觀察,NO,0.0,一般,,9.799,2026-10-01 01:22:42
3093,港建*,,BLOCK,觀察,0,0,持續觀察,前狀態:nan→今日:觀察,NO,4.0,一般,法人偏多,10.904,2026-10-01 01:22:42
4736,泰博,,BLOCK,觀察,0,0,持續觀察,前狀態:nan→今日:觀察,NO,0.0,一般,,11.062,2026-10-01 01:22:42
6101,寬魚國際,,BLOCK,觀察,0,0,持續觀察,前狀態:nan→今日:觀察,NO,0.0,一般,,7.38,2026-10-01 01:22:42
6552,易華電,WATCH,BLOCK,觀察,0,0,持續觀察,前狀態:nan→今日:觀察,NO,4.0,一般,法人偏多,61.757,2026-10-01 01:22:42
2534,宏盛,,BLOCK,觀察,0,0,持續觀察,前狀態:nan→今日:觀察,NO,0.0,一般,,15.129,2026-10-01 01:22:42
5530,龍巖,,BLOCK,觀察,0,0,持續觀察,前狀態:nan→今日:觀察,NO,0.0,一般,,9.881,2026-10-01 01:22:42
6292,迅德,,BLOCK,突破中,4,13,準IGNITION,前狀態:nan→今日:突破中｜狀態跳升｜具備點火條件,READY,5.0,一般,均線結構,15.126,2026-10-01 01:22:42
5905,南仁湖,,BLOCK,觀察,0,0,持續觀察,前狀態:nan→今日:觀察,NO,4.0,一般,法人偏多,6.788,2026-10-01 01:22:42
1524,耿鼎,,BLOCK,觀察,0,0,持續觀察,首次追蹤:觀察,NO,0.0,一般,,11.923,2026-10-01 01:22:42
3630,新鉅科,,BLOCK,突破中,4,13,準IGNITION,前狀態:nan→今日:突破中｜狀態跳升｜具備點火條件,READY,9.0,一般,均線結構｜法人偏多,16.846,2026-10-01 01:22:42
8476,台境*,WATCH,BLOCK,觀察,0,0,持續觀察,前狀態:觀察→今日:觀察,NO,0.0,一般,,54.723,2026-10-01 01:22:42
8341,日友,,BLOCK,觀察,0,0,持續觀察,前狀態:nan→今日:觀察,NO,0.0,一般,,9.118,2026-10-01 01:22:42
1323,永裕,,BLOCK,突破中,4,13,準IGNITION,前狀態:nan→今日:突破中｜狀態跳升｜具備點火條件,READY,5.0,一般,均線結構,20.456,2026-10-01 01:22:42
6183,關貿,,BLOCK,觀察,0,0,持續觀察,前狀態:nan→今日:觀察,NO,0.0,一般,,13.612,2026-10-01 01:22:42
6492,生華科,,BLOCK,觀察,0,0,持續觀察,前狀態:nan→今日:觀察,NO,0.0,一般,,13.366,2026-10-01 01:22:42
1537,廣隆,,BLOCK,觀察,0,0,持續觀察,前狀態:nan→今日:觀察,NO,4.0,一般,法人偏多,9.642,2026-10-01 01:22:42
3207,耀勝,,BLOCK,觀察,0,0,持續觀察,前狀態:nan→今日:觀察,NO,4.0,一般,法人偏多,7.936,2026-10-01 01:22:42
1464,得力,,BLOCK,觀察,0,0,持續觀察,前狀態:nan→今日:觀察,NO,0.0,一般,,11.997,2026-10-01 01:22:42
9103,美德醫療-DR,,BLOCK,觀察,0,0,持續觀察,前狀態:nan→今日:觀察,NO,0.0,一般,,10.586,2026-10-01 01:22:42
1441,大東,WATCH,BLOCK,吸籌中,1,5,持續觀察,前狀態:nan→今日:吸籌中｜狀態升級,NO,8.0,一般,爆量不跌,96.35,2026-10-01 01:22:42
2535,達欣工,,BLOCK,觀察,0,0,持續觀察,前狀態:nan→今日:觀察,NO,0.0,一般,,8.651,2026-10-01 01:22:42
3213,茂訊,,BLOCK,觀察,0,0,持續觀察,前狀態:nan→今日:觀察,NO,4.0,一般,法人偏多,11.56,2026-10-01 01:22:42
1906,寶隆,,BLOCK,觀察,0,0,持續觀察,前狀態:nan→今日:觀察,NO,0.0,一般,,11.357,2026-10-01 01:22:42
2613,中櫃,,BLOCK,突破中,4,13,準IGNITION,首次追蹤:突破中｜狀態跳升｜具備點火條件,READY,5.0,一般,均線結構,22.309,2026-10-01 01:22:42
3284,太普高,,BLOCK,觀察,0,0,持續觀察,前狀態:nan→今日:觀察,NO,4.0,一般,法人偏多,7.977,2026-10-01 01:22:42
6598,ABC-KY,,BLOCK,觀察,0,0,持續觀察,首次追蹤:觀察,NO,0.0,一般,,10.316,2026-10-01 01:22:42
2702,華園,,BLOCK,出貨疑慮,-2,-15,降級風險,前狀態:nan→今日:出貨疑慮｜狀態降級,RISK,-6.0,籌碼風險,籌碼風險,-6.822,2026-10-01 01:22:42
1315,達新,WATCH,BLOCK,突破中,4,12,準IGNITION,前狀態:突破中→今日:突破中｜強狀態維持｜強狀態連續維持｜具備點火條件,READY,9.0,一般,均線結構｜法人偏多,88.906,2026-10-01 01:22:42
4741,泓瀚,,BLOCK,觀察,0,0,持續觀察,前狀態:nan→今日:觀察,NO,4.0,一般,法人偏多,6.173,2026-10-01 01:22:42
8044,網家,,BLOCK,觀察,0,0,持續觀察,前狀態:nan→今日:觀察,NO,0.0,一般,,11.865,2026-10-01 01:22:42
6259,百徽,,BLOCK,觀察,0,0,持續觀察,前狀態:nan→今日:觀察,NO,0.0,一般,,10.742,2026-10-01 01:22:42
2471,資通,,BLOCK,突破中,4,13,準IGNITION,前狀態:nan→今日:突破中｜狀態跳升｜具備點火條件,READY,9.0,一般,均線結構｜法人偏多,18.052,2026-10-01 01:22:42
3322,建舜電,,BLOCK,觀察,0,0,持續觀察,前狀態:nan→今日:觀察,NO,0.0,一般,,12.48,2026-10-01 01:22:42
1702,南僑,,BLOCK,觀察,0,0,持續觀察,前狀態:nan→今日:觀察,NO,0.0,一般,,12.915,2026-10-01 01:22:42
4766,南寶,,BLOCK,觀察,0,0,持續觀察,前狀態:nan→今日:觀察,NO,0.0,一般,,8.905,2026-10-01 01:22:42
3556,禾瑞亞,,BLOCK,觀察,0,0,持續觀察,前狀態:nan→今日:觀察,NO,0.0,一般,,7.872,2026-10-01 01:22:42
6024,群益期,,BLOCK,觀察,0,0,持續觀察,前狀態:nan→今日:觀察,NO,-2.0,一般,法人偏多｜籌碼風險,6.774,2026-10-01 01:22:42
6270,倍微,,BLOCK,觀察,0,0,持續觀察,前狀態:nan→今日:觀察,NO,0.0,一般,,8.913,2026-10-01 01:22:42
3710,連展投控,,BLOCK,突破中,4,13,準IGNITION,前狀態:nan→今日:突破中｜狀態跳升｜具備點火條件,READY,5.0,一般,均線結構,12.912,2026-10-01 01:22:42
2546,根基,,BLOCK,觀察,0,0,持續觀察,前狀態:nan→今日:觀察,NO,0.0,一般,,10.029,2026-10-01 01:22:42
4503,金雨,,BLOCK,觀察,0,0,持續觀察,前狀態:nan→今日:觀察,NO,0.0,一般,,9.446,2026-10-01 01:22:42
2480,敦陽科,,BLOCK,突破中,4,13,準IGNITION,前狀態:nan→今日:突破中｜狀態跳升｜具備點火條件,READY,9.0,一般,均線結構｜法人偏多,16.125,2026-10-01 01:22:42
4583,台灣精銳,,BLOCK,觀察,0,0,持續觀察,首次追蹤:觀察,NO,4.0,一般,法人偏多,9.453,2026-10-01 01:22:42
8942,森鉅,,BLOCK,觀察,0,0,持續觀察,前狀態:nan→今日:觀察,NO,0.0,一般,,8.421,2026-10-01 01:22:42
5511,德昌,,BLOCK,觀察,0,0,持續觀察,前狀態:nan→今日:觀察,NO,0.0,一般,,7.569,2026-10-01 01:22:42
2707,晶華,,BLOCK,出貨疑慮,-2,-15,降級風險,前狀態:nan→今日:出貨疑慮｜狀態降級,RISK,-6.0,籌碼風險,籌碼風險,-0.918,2026-10-01 01:22:42
2832,台產,,BLOCK,觀察,0,0,持續觀察,首次追蹤:觀察,NO,-2.0,一般,法人偏多｜籌碼風險,5.864,2026-10-01 01:22:42
6277,宏正,,BLOCK,出貨疑慮,-2,-15,降級風險,首次追蹤:出貨疑慮｜狀態降級,RISK,-6.0,籌碼風險,籌碼風險,1.739,2026-10-01 01:22:42
4433,興采,,BLOCK,觀察,0,0,持續觀察,前狀態:nan→今日:觀察,NO,0.0,一般,,9.61,2026-10-01 01:22:42
2852,第一保,,BLOCK,觀察,0,0,持續觀察,前狀態:nan→今日:觀察,NO,4.0,一般,法人偏多,9.781,2026-10-01 01:22:42
6167,久正,,BLOCK,觀察,0,0,持續觀察,前狀態:nan→今日:觀察,NO,0.0,一般,,10.455,2026-10-01 01:22:42
3218,大學光,,BLOCK,觀察,0,0,持續觀察,前狀態:nan→今日:觀察,NO,4.0,一般,法人偏多,12.134,2026-10-01 01:22:42
2397,友通,WATCH,BLOCK,突破中,4,13,準IGNITION,前狀態:nan→今日:突破中｜狀態跳升｜具備點火條件,READY,5.0,一般,均線結構,75.683,2026-10-01 01:22:42
4580,捷流閥業,,BLOCK,突破中,4,13,準IGNITION,前狀態:nan→今日:突破中｜狀態跳升｜具備點火條件,READY,5.0,一般,均線結構,15.782,2026-10-01 01:22:42
1417,嘉裕,,BLOCK,觀察,0,0,持續觀察,首次追蹤:觀察,NO,0.0,一般,,14.867,2026-10-01 01:22:42
9919,康那香,,BLOCK,出貨疑慮,-2,-15,降級風險,前狀態:nan→今日:出貨疑慮｜狀態降級,RISK,-6.0,籌碼風險,籌碼風險,2.813,2026-10-01 01:22:42
5324,士開,,BLOCK,突破中,4,13,準IGNITION,前狀態:nan→今日:突破中｜狀態跳升｜具備點火條件,READY,5.0,一般,均線結構,18.135,2026-10-01 01:22:42
6151,晉倫,,BLOCK,觀察,0,0,持續觀察,前狀態:nan→今日:觀察,NO,0.0,一般,,6.765,2026-10-01 01:22:42
2022,聚亨,,BLOCK,觀察,0,0,持續觀察,前狀態:nan→今日:觀察,NO,0.0,一般,,11.792,2026-10-01 01:22:42
4108,懷特,,BLOCK,觀察,0,0,持續觀察,首次追蹤:觀察,NO,0.0,一般,,14.645,2026-10-01 01:22:42
6732,昇佳電子,,BLOCK,觀察,0,0,持續觀察,前狀態:nan→今日:觀察,NO,4.0,一般,法人偏多,6.558,2026-10-01 01:22:42
1604,聲寶,,BLOCK,觀察,0,0,持續觀察,前狀態:nan→今日:觀察,NO,0.0,一般,,14.235,2026-10-01 01:22:42
5432,新門,,BLOCK,突破中,4,13,準IGNITION,前狀態:nan→今日:突破中｜狀態跳升｜具備點火條件,READY,5.0,一般,均線結構,14.322,2026-10-01 01:22:42
3593,力銘,WATCH,BLOCK,觀察,0,0,持續觀察,首次追蹤:觀察,NO,2.0,一般,爆量不跌｜籌碼風險,80.646,2026-10-01 01:22:42
7705,三商餐飲,,BLOCK,觀察,0,0,持續觀察,前狀態:nan→今日:觀察,NO,0.0,一般,,9.594,2026-10-01 01:22:42
1325,恆大,WATCH,BLOCK,觀察,0,0,持續觀察,前狀態:觀察→今日:觀察,NO,0.0,一般,,68.117,2026-10-01 01:22:42
3567,逸昌,,BLOCK,觀察,0,0,持續觀察,前狀態:nan→今日:觀察,NO,0.0,一般,,10.758,2026-10-01 01:22:42
1232,大統益,,BLOCK,出貨疑慮,-2,-15,降級風險,前狀態:nan→今日:出貨疑慮｜狀態降級,RISK,-6.0,籌碼風險,籌碼風險,-0.836,2026-10-01 01:22:42
8403,盛弘,,BLOCK,觀察,0,0,持續觀察,前狀態:nan→今日:觀察,NO,0.0,一般,,7.175,2026-10-01 01:22:42
5488,松普,,BLOCK,觀察,0,0,持續觀察,前狀態:nan→今日:觀察,NO,0.0,一般,,12.48,2026-10-01 01:22:42
5206,坤悅,,BLOCK,突破中,4,13,準IGNITION,前狀態:nan→今日:突破中｜狀態跳升｜具備點火條件,READY,5.0,一般,均線結構,16.946,2026-10-01 01:22:42
1720,生達,,BLOCK,觀察,0,0,持續觀察,前狀態:nan→今日:觀察,NO,0.0,一般,,15.195,2026-10-01 01:22:42
5490,同亨,,BLOCK,觀察,0,0,持續觀察,前狀態:nan→今日:觀察,NO,4.0,一般,法人偏多,13.856,2026-10-01 01:22:42
1799,易威,,BLOCK,觀察,0,0,持續觀察,前狀態:nan→今日:觀察,NO,0.0,一般,,10.143,2026-10-01 01:22:42
7786,東方風能,,BLOCK,觀察,0,0,持續觀察,首次追蹤:觀察,NO,4.0,一般,法人偏多,13.053,2026-10-01 01:22:42
4513,福裕,,BLOCK,觀察,0,0,持續觀察,前狀態:nan→今日:觀察,NO,0.0,一般,,8.79,2026-10-01 01:22:42
1558,伸興,WATCH,BLOCK,突破中,4,13,準IGNITION,前狀態:nan→今日:突破中｜狀態跳升｜具備點火條件,READY,9.0,一般,均線結構｜法人偏多,94.648,2026-10-01 01:22:42
3684,榮昌,,BLOCK,觀察,0,0,持續觀察,前狀態:nan→今日:觀察,NO,0.0,一般,,8.692,2026-10-01 01:22:42
8927,北基,,BLOCK,觀察,0,0,持續觀察,前狀態:nan→今日:觀察,NO,0.0,一般,,7.724,2026-10-01 01:22:42
6417,韋僑,,BLOCK,出貨疑慮,-2,-15,降級風險,前狀態:nan→今日:出貨疑慮｜狀態降級,RISK,-6.0,籌碼風險,籌碼風險,-2.829,2026-10-01 01:22:42
8478,東哥遊艇,,BLOCK,觀察,0,0,持續觀察,前狀態:nan→今日:觀察,NO,0.0,一般,,11.808,2026-10-01 01:22:42
6983,,,BLOCK,觀察,0,0,持續觀察,前狀態:nan→今日:觀察,NO,0.0,一般,,9.184,2026-10-01 01:22:42
9908,大台北,,BLOCK,觀察,0,0,持續觀察,前狀態:nan→今日:觀察,NO,0.0,一般,,10.16,2026-10-01 01:22:42
1219,福壽,,BLOCK,觀察,0,0,持續觀察,前狀態:nan→今日:觀察,NO,0.0,一般,,12.349,2026-10-01 01:22:42
1806,冠軍,,BLOCK,觀察,0,0,持續觀察,前狀態:nan→今日:觀察,NO,0.0,一般,,13.464,2026-10-01 01:22:42
2364,倫飛,,BLOCK,觀察,0,0,持續觀察,前狀態:nan→今日:觀察,NO,-2.0,一般,法人偏多｜籌碼風險,6.044,2026-10-01 01:22:42
2109,華豐,,BLOCK,出貨疑慮,-2,-15,降級風險,前狀態:nan→今日:出貨疑慮｜狀態降級,RISK,-6.0,籌碼風險,籌碼風險,0.435,2026-10-01 01:22:42
6614,資拓宏宇,,BLOCK,出貨疑慮,-2,-15,降級風險,前狀態:nan→今日:出貨疑慮｜狀態降級,RISK,-6.0,籌碼風險,籌碼風險,-0.385,2026-10-01 01:22:42
7704,明遠精密,,BLOCK,突破中,4,13,準IGNITION,前狀態:nan→今日:突破中｜狀態跳升｜具備點火條件,READY,5.0,一般,均線結構,11.903,2026-10-01 01:22:42
4138,曜亞,,BLOCK,突破中,4,13,準IGNITION,前狀態:nan→今日:突破中｜狀態跳升｜具備點火條件,READY,5.0,一般,均線結構,13.666,2026-10-01 01:22:42
6109,亞元,,BLOCK,觀察,0,0,持續觀察,前狀態:nan→今日:觀察,NO,0.0,一般,,5.896,2026-10-01 01:22:42
6733,博晟生醫,,BLOCK,觀察,0,0,持續觀察,前狀態:nan→今日:觀察,NO,0.0,一般,,6.109,2026-10-01 01:22:42
1423,利華,WATCH,BLOCK,吸籌中,1,0,持續觀察,前狀態:吸籌中→今日:吸籌中,NO,8.0,一般,爆量不跌,67.602,2026-10-01 01:22:42
7703,銳澤,,BLOCK,突破中,4,13,準IGNITION,前狀態:nan→今日:突破中｜狀態跳升｜具備點火條件,READY,5.0,一般,均線結構,16.946,2026-10-01 01:22:42
3511,矽瑪,,BLOCK,觀察,0,0,持續觀察,前狀態:nan→今日:觀察,NO,4.0,一般,法人偏多,11.478,2026-10-01 01:22:42
2705,六福,,BLOCK,出貨疑慮,-2,-15,降級風險,前狀態:nan→今日:出貨疑慮｜狀態降級,RISK,-6.0,籌碼風險,籌碼風險,-0.114,2026-10-01 01:22:42
5450,南良,,BLOCK,觀察,0,0,持續觀察,前狀態:nan→今日:觀察,NO,0.0,一般,,10.455,2026-10-01 01:22:42
1580,新麥,,BLOCK,觀察,0,0,持續觀察,前狀態:nan→今日:觀察,NO,0.0,一般,,6.724,2026-10-01 01:22:42
7805,威聯通,,BLOCK,觀察,0,0,持續觀察,前狀態:nan→今日:觀察,NO,-2.0,一般,法人偏多｜籌碼風險,4.642,2026-10-01 01:22:42
4413,飛寶企業,,BLOCK,突破中,4,13,準IGNITION,前狀態:nan→今日:突破中｜狀態跳升｜具備點火條件,READY,5.0,一般,均線結構,14.322,2026-10-01 01:22:42
4106,雃博,,BLOCK,觀察,0,0,持續觀察,前狀態:nan→今日:觀察,NO,0.0,一般,,11.874,2026-10-01 01:22:42
1527,鑽全,,BLOCK,觀察,0,0,持續觀察,前狀態:nan→今日:觀察,NO,4.0,一般,法人偏多,11.831,2026-10-01 01:22:42
6185,幃翔,,BLOCK,觀察,0,0,持續觀察,前狀態:nan→今日:觀察,NO,0.0,一般,,10.307,2026-10-01 01:22:42
6776,展碁國際,,BLOCK,觀察,0,0,持續觀察,前狀態:nan→今日:觀察,NO,0.0,一般,,15.851,2026-10-01 01:22:42
5902,德記,,BLOCK,突破中,4,13,準IGNITION,前狀態:nan→今日:突破中｜狀態跳升｜具備點火條件,READY,5.0,一般,均線結構,12.6,2026-10-01 01:22:42
1321,大洋,,BLOCK,觀察,0,0,持續觀察,前狀態:nan→今日:觀察,NO,0.0,一般,,10.775,2026-10-01 01:22:42
3546,宇峻,,BLOCK,觀察,0,0,持續觀察,前狀態:nan→今日:觀察,NO,0.0,一般,,8.266,2026-10-01 01:22:42
6703,軒郁,,BLOCK,觀察,0,0,持續觀察,前狀態:nan→今日:觀察,NO,0.0,一般,,9.061,2026-10-01 01:22:42
1234,黑松,,BLOCK,觀察,0,0,持續觀察,前狀態:nan→今日:觀察,NO,0.0,一般,,8.323,2026-10-01 01:22:42
8284,三竹,,BLOCK,觀察,0,0,持續觀察,前狀態:nan→今日:觀察,NO,0.0,一般,,10.291,2026-10-01 01:22:42
6158,禾昌,,BLOCK,觀察,0,0,持續觀察,前狀態:nan→今日:觀察,NO,0.0,一般,,9.487,2026-10-01 01:22:42
4178,永笙-KY,,BLOCK,出貨疑慮,-2,-15,降級風險,前狀態:nan→今日:出貨疑慮｜狀態降級,RISK,-6.0,籌碼風險,籌碼風險,1.862,2026-10-01 01:22:42
5603,陸海,,BLOCK,觀察,0,0,持續觀察,前狀態:nan→今日:觀察,NO,0.0,一般,,8.38,2026-10-01 01:22:42
2596,綠意,,BLOCK,觀察,0,0,持續觀察,前狀態:nan→今日:觀察,NO,0.0,一般,,11.537,2026-10-01 01:22:42
6625,必應,,BLOCK,觀察,0,0,持續觀察,前狀態:nan→今日:觀察,NO,0.0,一般,,8.848,2026-10-01 01:22:42
3122,笙泉,,BLOCK,觀察,0,0,持續觀察,前狀態:nan→今日:觀察,NO,4.0,一般,法人偏多,8.018,2026-10-01 01:22:42
9962,有益,,BLOCK,突破中,4,13,準IGNITION,前狀態:nan→今日:突破中｜狀態跳升｜具備點火條件,READY,5.0,一般,均線結構,18.627,2026-10-01 01:22:42
6923,中台,,BLOCK,出貨疑慮,-2,-15,降級風險,前狀態:nan→今日:出貨疑慮｜狀態降級,RISK,-6.0,籌碼風險,籌碼風險,-2.312,2026-10-01 01:22:42
6220,岳豐,,BLOCK,觀察,0,0,持續觀察,前狀態:nan→今日:觀察,NO,4.0,一般,法人偏多,9.838,2026-10-01 01:22:42
5244,弘凱,,BLOCK,突破中,4,13,準IGNITION,前狀態:nan→今日:突破中｜狀態跳升｜具備點火條件,READY,5.0,一般,均線結構,17.881,2026-10-01 01:22:42
4987,科誠,,BLOCK,突破中,4,13,準IGNITION,前狀態:nan→今日:突破中｜狀態跳升｜具備點火條件,READY,5.0,一般,均線結構,18.381,2026-10-01 01:22:42
2450,神腦,,BLOCK,觀察,0,0,持續觀察,前狀態:nan→今日:觀察,NO,0.0,一般,,5.346,2026-10-01 01:22:42
9942,茂順,,BLOCK,觀察,0,0,持續觀察,前狀態:nan→今日:觀察,NO,0.0,一般,,9.299,2026-10-01 01:22:42
2704,國賓,,BLOCK,觀察,0,0,持續觀察,前狀態:nan→今日:觀察,NO,0.0,一般,,9.225,2026-10-01 01:22:42
8024,佑華,,BLOCK,觀察,0,0,持續觀察,首次追蹤:觀察,NO,0.0,一般,,6.109,2026-10-01 01:22:42
8176,智捷,,BLOCK,觀察,0,0,持續觀察,前狀態:nan→今日:觀察,NO,0.0,一般,,10.25,2026-10-01 01:22:42
5355,佳總,,BLOCK,突破中,4,13,準IGNITION,前狀態:nan→今日:突破中｜狀態跳升｜具備點火條件,READY,5.0,一般,均線結構,15.29,2026-10-01 01:22:42
6486,互動,,BLOCK,觀察,0,0,持續觀察,前狀態:nan→今日:觀察,NO,4.0,一般,法人偏多,9.412,2026-10-01 01:22:42
1339,昭輝,,BLOCK,出貨疑慮,-2,-15,降級風險,前狀態:nan→今日:出貨疑慮｜狀態降級,RISK,-6.0,籌碼風險,籌碼風險,0.64,2026-10-01 01:22:42
1410,南染,,BLOCK,出貨疑慮,-2,-15,降級風險,前狀態:nan→今日:出貨疑慮｜狀態降級,RISK,-6.0,籌碼風險,籌碼風險,-4.075,2026-10-01 01:22:42
5907,大洋-KY,,BLOCK,觀察,0,0,持續觀察,前狀態:nan→今日:觀察,NO,0.0,一般,,5.773,2026-10-01 01:22:42
6790,永豐實,,BLOCK,觀察,0,0,持續觀察,前狀態:nan→今日:觀察,NO,4.0,一般,法人偏多,8.633,2026-10-01 01:22:42
4417,金洲,,BLOCK,突破中,4,13,準IGNITION,前狀態:nan→今日:突破中｜狀態跳升｜具備點火條件,READY,5.0,一般,均線結構,14.511,2026-10-01 01:22:42
2906,高林,,BLOCK,觀察,0,0,持續觀察,前狀態:nan→今日:觀察,NO,0.0,一般,,8.635,2026-10-01 01:22:42
5706,鳳凰,,BLOCK,觀察,0,0,持續觀察,前狀態:nan→今日:觀察,NO,0.0,一般,,11.242,2026-10-01 01:22:42
5525,順天,,BLOCK,觀察,0,0,持續觀察,前狀態:nan→今日:觀察,NO,0.0,一般,,10.816,2026-10-01 01:22:42
3611,鼎翰,,BLOCK,觀察,0,0,持續觀察,前狀態:nan→今日:觀察,NO,0.0,一般,,7.577,2026-10-01 01:22:42
8099,大世科,,BLOCK,突破中,4,13,準IGNITION,前狀態:nan→今日:突破中｜狀態跳升｜具備點火條件,READY,9.0,一般,均線結構｜法人偏多,17.707,2026-10-01 01:22:42
3652,精聯,,BLOCK,突破中,4,13,準IGNITION,前狀態:nan→今日:突破中｜狀態跳升｜具備點火條件,READY,5.0,一般,均線結構,20.981,2026-10-01 01:22:42
4160,訊聯基因,,BLOCK,觀察,0,0,持續觀察,前狀態:nan→今日:觀察,NO,0.0,一般,,10.266,2026-10-01 01:22:42
4726,永昕,,BLOCK,觀察,0,0,持續觀察,前狀態:nan→今日:觀察,NO,0.0,一般,,9.02,2026-10-01 01:22:42
4121,優盛,,BLOCK,觀察,0,0,持續觀察,前狀態:nan→今日:觀察,NO,0.0,一般,,10.676,2026-10-01 01:22:42
2911,麗嬰房,,BLOCK,出貨疑慮,-2,-15,降級風險,前狀態:nan→今日:出貨疑慮｜狀態降級,RISK,-6.0,籌碼風險,籌碼風險,-0.918,2026-10-01 01:22:42
1474,弘裕,,BLOCK,觀察,0,0,持續觀察,前狀態:nan→今日:觀察,NO,0.0,一般,,15.441,2026-10-01 01:22:42
5213,亞昕,,BLOCK,觀察,0,0,持續觀察,前狀態:nan→今日:觀察,NO,0.0,一般,,14.022,2026-10-01 01:22:42
1762,中化生,,BLOCK,觀察,0,0,持續觀察,首次追蹤:觀察,NO,0.0,一般,,13.989,2026-10-01 01:22:42
3083,網龍,,BLOCK,觀察,0,0,持續觀察,前狀態:nan→今日:觀察,NO,0.0,一般,,9.717,2026-10-01 01:22:42
1419,新紡,,BLOCK,觀察,0,0,持續觀察,前狀態:nan→今日:觀察,NO,0.0,一般,,9.225,2026-10-01 01:22:42
3128,昇銳,,BLOCK,觀察,0,0,持續觀察,前狀態:nan→今日:觀察,NO,0.0,一般,,10.291,2026-10-01 01:22:42
1535,中宇,,BLOCK,觀察,0,0,持續觀察,前狀態:nan→今日:觀察,NO,0.0,一般,,15.531,2026-10-01 01:22:42
2748,雲品,,BLOCK,觀察,0,0,持續觀察,前狀態:nan→今日:觀察,NO,0.0,一般,,11.874,2026-10-01 01:22:42
5403,中菲,,BLOCK,觀察,0,0,持續觀察,前狀態:nan→今日:觀察,NO,0.0,一般,,10.143,2026-10-01 01:22:42
7819,,,BLOCK,觀察,0,0,持續觀察,前狀態:nan→今日:觀察,NO,0.0,一般,,7.339,2026-10-01 01:22:42
6527,明達醫,,BLOCK,突破中,4,13,準IGNITION,前狀態:nan→今日:突破中｜狀態跳升｜具備點火條件,READY,5.0,一般,均線結構,18.627,2026-10-01 01:22:42
2496,卓越,,BLOCK,觀察,0,0,持續觀察,首次追蹤:觀察,NO,0.0,一般,,13.538,2026-10-01 01:22:42
2739,寒舍,,BLOCK,觀察,0,0,持續觀察,首次追蹤:觀察,NO,4.0,一般,法人偏多,10.093,2026-10-01 01:22:42
1451,年興,,BLOCK,觀察,0,0,持續觀察,前狀態:nan→今日:觀察,NO,0.0,一般,,10.291,2026-10-01 01:22:42
9902,台火,,BLOCK,觀察,0,0,持續觀察,前狀態:nan→今日:觀察,NO,0.0,一般,,5.986,2026-10-01 01:22:42
6574,霈方,,BLOCK,觀察,0,0,持續觀察,前狀態:nan→今日:觀察,NO,0.0,一般,,7.503,2026-10-01 01:22:42
6281,全國電,,BLOCK,觀察,0,0,持續觀察,前狀態:nan→今日:觀察,NO,0.0,一般,,9.61,2026-10-01 01:22:42
8421,旭源,,BLOCK,觀察,0,0,持續觀察,首次追蹤:觀察,NO,0.0,一般,,11.398,2026-10-01 01:22:42
4131,浩泰,,BLOCK,出貨疑慮,-2,-15,降級風險,前狀態:nan→今日:出貨疑慮｜狀態降級,RISK,-6.0,籌碼風險,籌碼風險,0.041,2026-10-01 01:22:42
4171,瑞基,,BLOCK,觀察,0,0,持續觀察,前狀態:nan→今日:觀察,NO,0.0,一般,,8.446,2026-10-01 01:22:42
2616,山隆,,BLOCK,觀察,0,0,持續觀察,前狀態:nan→今日:觀察,NO,0.0,一般,,9.947,2026-10-01 01:22:42
7743,金利食安,,BLOCK,突破中,4,13,準IGNITION,前狀態:nan→今日:突破中｜狀態跳升｜具備點火條件,READY,5.0,一般,均線結構,17.438,2026-10-01 01:22:42
3373,熱映,,BLOCK,觀察,0,0,持續觀察,前狀態:nan→今日:觀察,NO,0.0,一般,,10.184,2026-10-01 01:22:42
5287,數字,,BLOCK,觀察,0,0,持續觀察,前狀態:nan→今日:觀察,NO,0.0,一般,,11.398,2026-10-01 01:22:42
6506,雙邦,,BLOCK,突破中,4,13,準IGNITION,前狀態:nan→今日:突破中｜狀態跳升｜具備點火條件,READY,5.0,一般,均線結構,17.52,2026-10-01 01:22:42
7718,友鋮,,BLOCK,觀察,0,0,持續觀察,前狀態:nan→今日:觀察,NO,0.0,一般,,7.38,2026-10-01 01:22:42
2929,淘帝-KY,,BLOCK,突破中,4,13,準IGNITION,前狀態:nan→今日:突破中｜狀態跳升｜具備點火條件,READY,9.0,一般,均線結構｜法人偏多,17.404,2026-10-01 01:22:42
1315,達新,WATCH,BLOCK,突破中,4,12,準IGNITION,前狀態:突破中→今日:突破中｜強狀態維持｜強狀態連續維持｜具備點火條件,READY,9.0,一般,均線結構｜法人偏多,88.906,2026-10-01 01:22:42
3276,宇環,,BLOCK,觀察,0,0,持續觀察,前狀態:nan→今日:觀察,NO,0.0,一般,,9.184,2026-10-01 01:22:42
4166,友霖,,BLOCK,觀察,0,0,持續觀察,前狀態:nan→今日:觀察,NO,0.0,一般,,9.061,2026-10-01 01:22:42
1416,廣豐,,BLOCK,觀察,0,0,持續觀察,前狀態:nan→今日:觀察,NO,4.0,一般,法人偏多,13.578,2026-10-01 01:22:42
4506,崇友,,BLOCK,觀察,0,0,持續觀察,前狀態:nan→今日:觀察,NO,4.0,一般,法人偏多,9.207,2026-10-01 01:22:42
3557,嘉威,,BLOCK,出貨疑慮,-2,-15,降級風險,首次追蹤:出貨疑慮｜狀態降級,RISK,-6.0,籌碼風險,籌碼風險,2.132,2026-10-01 01:22:42
4161,聿新科,,BLOCK,觀察,0,0,持續觀察,前狀態:nan→今日:觀察,NO,0.0,一般,,7.765,2026-10-01 01:22:42
4702,中美實,,BLOCK,觀察,0,0,持續觀察,前狀態:nan→今日:觀察,NO,0.0,一般,,6.027,2026-10-01 01:22:42
4107,邦特,,BLOCK,觀察,0,0,持續觀察,前狀態:nan→今日:觀察,NO,0.0,一般,,7.38,2026-10-01 01:22:42
8482,商億-KY,WATCH,BLOCK,觀察,0,0,持續觀察,首次追蹤:觀察,NO,0.0,一般,,67.322,2026-10-01 01:22:42
8938,明安,,BLOCK,觀察,0,0,持續觀察,前狀態:nan→今日:觀察,NO,4.0,一般,法人偏多,9.609,2026-10-01 01:22:42
1457,宜進,,BLOCK,觀察,0,0,持續觀察,前狀態:nan→今日:觀察,NO,0.0,一般,,8.774,2026-10-01 01:22:42
2762,世界健身-KY,,BLOCK,出貨疑慮,-2,-15,降級風險,前狀態:nan→今日:出貨疑慮｜狀態降級,RISK,-6.0,籌碼風險,籌碼風險,-0.114,2026-10-01 01:22:42
3043,科風,,BLOCK,觀察,0,0,持續觀察,前狀態:nan→今日:觀察,NO,-2.0,一般,法人偏多｜籌碼風險,5.675,2026-10-01 01:22:42
5312,寶島科,,BLOCK,出貨疑慮,-2,-15,降級風險,前狀態:nan→今日:出貨疑慮｜狀態降級,RISK,-6.0,籌碼風險,籌碼風險,-1.599,2026-10-01 01:22:42
2755,揚秦,,BLOCK,觀察,0,0,持續觀察,前狀態:nan→今日:觀察,NO,0.0,一般,,11.373,2026-10-01 01:22:42
1470,大統新創,,BLOCK,突破中,4,13,準IGNITION,首次追蹤:突破中｜狀態跳升｜具備點火條件,READY,13.0,一般,爆量不跌｜均線結構,16.886,2026-10-01 01:22:42
3379,彬台,,BLOCK,觀察,0,0,持續觀察,前狀態:nan→今日:觀察,NO,4.0,一般,法人偏多,8.592,2026-10-01 01:22:42
1531,高林股,,BLOCK,出貨疑慮,-2,-15,降級風險,首次追蹤:出貨疑慮｜狀態降級,RISK,-6.0,籌碼風險,籌碼風險,-2.041,2026-10-01 01:22:42
3713,新晶投控,,BLOCK,觀察,0,0,持續觀察,前狀態:nan→今日:觀察,NO,0.0,一般,,8.487,2026-10-01 01:22:42
5489,彩富,,BLOCK,觀察,0,0,持續觀察,前狀態:nan→今日:觀察,NO,0.0,一般,,5.609,2026-10-01 01:22:42
2745,五福,,BLOCK,觀察,0,0,持續觀察,前狀態:nan→今日:觀察,NO,0.0,一般,,8.298,2026-10-01 01:22:42
1725,元禎,,BLOCK,突破中,4,13,準IGNITION,前狀態:nan→今日:突破中｜狀態跳升｜具備點火條件,READY,5.0,一般,均線結構,15.954,2026-10-01 01:22:42
6961,旅天下,,BLOCK,觀察,0,0,持續觀察,前狀態:nan→今日:觀察,NO,0.0,一般,,8.405,2026-10-01 01:22:42
3687,歐買尬,,BLOCK,出貨疑慮,-2,-15,降級風險,前狀態:nan→今日:出貨疑慮｜狀態降級,RISK,-6.0,籌碼風險,籌碼風險,-3.485,2026-10-01 01:22:42
3570,大塚,,BLOCK,觀察,0,0,持續觀察,前狀態:nan→今日:觀察,NO,0.0,一般,,6.658,2026-10-01 01:22:42
4205,中華食,,BLOCK,觀察,0,0,持續觀察,前狀態:nan→今日:觀察,NO,0.0,一般,,6.847,2026-10-01 01:22:42
1268,漢來美食,,BLOCK,觀察,0,0,持續觀察,前狀態:nan→今日:觀察,NO,0.0,一般,,11.496,2026-10-01 01:22:42
5533,皇鼎,,BLOCK,觀察,0,0,持續觀察,前狀態:nan→今日:觀察,NO,0.0,一般,,12.07,2026-10-01 01:22:42
4109,加捷生醫,,BLOCK,觀察,0,0,持續觀察,前狀態:nan→今日:觀察,NO,0.0,一般,,7.503,2026-10-01 01:22:42
8924,大田,,BLOCK,觀察,0,0,持續觀察,前狀態:nan→今日:觀察,NO,0.0,一般,,9.676,2026-10-01 01:22:42
6534,正瀚-創,,BLOCK,觀察,0,0,持續觀察,前狀態:nan→今日:觀察,NO,0.0,一般,,13.309,2026-10-01 01:22:42
1452,宏益,,BLOCK,觀察,0,0,持續觀察,首次追蹤:觀察,NO,0.0,一般,,6.806,2026-10-01 01:22:42
2063,世鎧,,BLOCK,觀察,0,0,持續觀察,前狀態:nan→今日:觀察,NO,0.0,一般,,8.528,2026-10-01 01:22:42
1236,宏亞,,BLOCK,觀察,0,0,持續觀察,前狀態:nan→今日:觀察,NO,0.0,一般,,11.259,2026-10-01 01:22:42
6240,松崗,,BLOCK,突破中,4,13,準IGNITION,前狀態:nan→今日:突破中｜狀態跳升｜具備點火條件,READY,5.0,一般,均線結構,12.986,2026-10-01 01:22:42
8916,光隆,,BLOCK,觀察,0,0,持續觀察,前狀態:nan→今日:觀察,NO,0.0,一般,,9.332,2026-10-01 01:22:42
4133,亞諾法,,BLOCK,觀察,0,0,持續觀察,前狀態:nan→今日:觀察,NO,0.0,一般,,15.4,2026-10-01 01:22:42
2729,瓦城,,BLOCK,觀察,0,0,持續觀察,首次追蹤:觀察,NO,0.0,一般,,10.102,2026-10-01 01:22:42
7757,金色三麥,,BLOCK,觀察,0,0,持續觀察,前狀態:nan→今日:觀察,NO,0.0,一般,,10.676,2026-10-01 01:22:42
4907,富宇,,BLOCK,突破中,4,13,準IGNITION,前狀態:nan→今日:突破中｜狀態跳升｜具備點火條件,READY,5.0,一般,均線結構,14.593,2026-10-01 01:22:42
4946,辣椒,,BLOCK,突破中,4,13,準IGNITION,前狀態:nan→今日:突破中｜狀態跳升｜具備點火條件,READY,5.0,一般,均線結構,17.971,2026-10-01 01:22:42
9937,全國,,BLOCK,觀察,0,0,持續觀察,前狀態:nan→今日:觀察,NO,0.0,一般,,12.234,2026-10-01 01:22:42
2248,華勝-KY,,BLOCK,觀察,0,0,持續觀察,前狀態:nan→今日:觀察,NO,0.0,一般,,13.333,2026-10-01 01:22:42
1259,安心,,BLOCK,突破中,4,13,準IGNITION,前狀態:nan→今日:突破中｜狀態跳升｜具備點火條件,READY,5.0,一般,均線結構,17.971,2026-10-01 01:22:42
6294,智基,,BLOCK,觀察,0,0,持續觀察,前狀態:nan→今日:觀察,NO,0.0,一般,,7.339,2026-10-01 01:22:42
4572,駐龍,,BLOCK,觀察,0,0,持續觀察,首次追蹤:觀察,NO,-2.0,一般,法人偏多｜籌碼風險,3.002,2026-10-01 01:22:42
6154,順發,,BLOCK,突破中,4,13,準IGNITION,前狀態:nan→今日:突破中｜狀態跳升｜具備點火條件,READY,5.0,一般,均線結構,16.413,2026-10-01 01:22:42
9928,中視,,BLOCK,觀察,0,0,持續觀察,前狀態:nan→今日:觀察,NO,0.0,一般,,9.25,2026-10-01 01:22:42
2114,鑫永銓,,BLOCK,突破中,4,13,準IGNITION,前狀態:nan→今日:突破中｜狀態跳升｜具備點火條件,READY,9.0,一般,均線結構｜法人偏多,21.299,2026-10-01 01:22:42
2433,互盛電,,BLOCK,觀察,0,0,持續觀察,首次追蹤:觀察,NO,0.0,一般,,14.391,2026-10-01 01:22:42
1315,達新,WATCH,BLOCK,突破中,4,12,準IGNITION,前狀態:突破中→今日:突破中｜強狀態維持｜強狀態連續維持｜具備點火條件,READY,9.0,一般,均線結構｜法人偏多,88.906,2026-10-01 01:22:42
5523,豐謙,,BLOCK,觀察,0,0,持續觀察,前狀態:nan→今日:觀察,NO,0.0,一般,,13.136,2026-10-01 01:22:42
6582,申豐,,BLOCK,出貨疑慮,-2,-15,降級風險,前狀態:nan→今日:出貨疑慮｜狀態降級,RISK,-6.0,籌碼風險,籌碼風險,0.312,2026-10-01 01:22:42
1324,地球,,BLOCK,出貨疑慮,-2,-15,降級風險,首次追蹤:出貨疑慮｜狀態降級,RISK,-6.0,籌碼風險,籌碼風險,0.255,2026-10-01 01:22:42
6968,萬達寵物,,BLOCK,觀察,0,0,持續觀察,前狀態:nan→今日:觀察,NO,0.0,一般,,10.43,2026-10-01 01:22:42
4440,宜新實業,,BLOCK,觀察,0,0,持續觀察,前狀態:nan→今日:觀察,NO,0.0,一般,,7.872,2026-10-01 01:22:42
9944,新麗,,BLOCK,觀察,0,0,持續觀察,前狀態:nan→今日:觀察,NO,0.0,一般,,10.611,2026-10-01 01:22:42
6569,醫揚,,BLOCK,觀察,0,0,持續觀察,前狀態:nan→今日:觀察,NO,4.0,一般,法人偏多,13.118,2026-10-01 01:22:42
4432,銘旺實,,BLOCK,觀察,0,0,持續觀察,前狀態:nan→今日:觀察,NO,0.0,一般,,8.528,2026-10-01 01:22:42
2949,欣新網,,BLOCK,觀察,0,0,持續觀察,首次追蹤:觀察,NO,0.0,一般,,10.291,2026-10-01 01:22:42
4535,至興,,BLOCK,觀察,0,0,持續觀察,前狀態:nan→今日:觀察,NO,0.0,一般,,9.717,2026-10-01 01:22:42
8443,阿瘦,,BLOCK,觀察,0,0,持續觀察,首次追蹤:觀察,NO,0.0,一般,,9.102,2026-10-01 01:22:42
3252,海灣,,BLOCK,觀察,0,0,持續觀察,前狀態:nan→今日:觀察,NO,0.0,一般,,8.462,2026-10-01 01:22:42
3288,點晶,,BLOCK,觀察,0,0,持續觀察,前狀態:nan→今日:觀察,NO,0.0,一般,,8.995,2026-10-01 01:22:42
6637,醫影,,BLOCK,觀察,0,0,持續觀察,前狀態:nan→今日:觀察,NO,0.0,一般,,5.371,2026-10-01 01:22:42
1726,永記,,BLOCK,觀察,0,0,持續觀察,前狀態:nan→今日:觀察,NO,0.0,一般,,7.872,2026-10-01 01:22:42
2734,易飛網,,BLOCK,觀察,0,0,持續觀察,前狀態:nan→今日:觀察,NO,0.0,一般,,9.61,2026-10-01 01:22:42
6264,富裔,,BLOCK,觀察,0,0,持續觀察,前狀態:nan→今日:觀察,NO,0.0,一般,,14.678,2026-10-01 01:22:42
3206,志豐,,BLOCK,觀察,0,0,持續觀察,前狀態:nan→今日:觀察,NO,0.0,一般,,9.635,2026-10-01 01:22:42
5398,慕康生醫,,BLOCK,觀察,0,0,持續觀察,前狀態:nan→今日:觀察,NO,0.0,一般,,7.765,2026-10-01 01:22:42
2066,世德,,BLOCK,觀察,0,0,持續觀察,前狀態:nan→今日:觀察,NO,0.0,一般,,9.036,2026-10-01 01:22:42
4401,東隆興,,BLOCK,觀察,0,0,持續觀察,前狀態:nan→今日:觀察,NO,0.0,一般,,7.913,2026-10-01 01:22:42
2736,富野,,BLOCK,觀察,0,0,持續觀察,前狀態:nan→今日:觀察,NO,0.0,一般,,8.61,2026-10-01 01:22:42
3426,台興,,BLOCK,突破中,4,13,準IGNITION,前狀態:nan→今日:突破中｜狀態跳升｜具備點火條件,READY,5.0,一般,均線結構,14.708,2026-10-01 01:22:42
6844,諾貝兒,,BLOCK,觀察,0,0,持續觀察,前狀態:nan→今日:觀察,NO,0.0,一般,,9.02,2026-10-01 01:22:42
6752,叡揚,,BLOCK,觀察,0,0,持續觀察,前狀態:nan→今日:觀察,NO,0.0,一般,,7.298,2026-10-01 01:22:42
3191,雲嘉南,,BLOCK,觀察,0,0,持續觀察,前狀態:nan→今日:觀察,NO,0.0,一般,,10.799,2026-10-01 01:22:42
4911,德英,,BLOCK,出貨疑慮,-2,-15,降級風險,前狀態:nan→今日:出貨疑慮｜狀態降級,RISK,-6.0,籌碼風險,籌碼風險,-3.649,2026-10-01 01:22:42
7708,全家餐飲,,BLOCK,觀察,0,0,持續觀察,前狀態:nan→今日:觀察,NO,0.0,一般,,13.136,2026-10-01 01:22:42
3512,皇龍,,BLOCK,觀察,0,0,持續觀察,前狀態:nan→今日:觀察,NO,0.0,一般,,13.284,2026-10-01 01:22:42
1453,大將,,BLOCK,觀察,0,0,持續觀察,前狀態:nan→今日:觀察,NO,0.0,一般,,8.799,2026-10-01 01:22:42
7814,,,BLOCK,觀察,0,0,持續觀察,前狀態:nan→今日:觀察,NO,0.0,一般,,6.027,2026-10-01 01:22:42
4305,世坤,,BLOCK,出貨疑慮,-2,-15,降級風險,前狀態:nan→今日:出貨疑慮｜狀態降級,RISK,-6.0,籌碼風險,籌碼風險,3.649,2026-10-01 01:22:42
4175,杏一,,BLOCK,觀察,0,0,持續觀察,首次追蹤:觀察,NO,0.0,一般,,9.881,2026-10-01 01:22:42
1530,亞崴,,BLOCK,出貨疑慮,-2,-15,降級風險,首次追蹤:出貨疑慮｜狀態降級,RISK,-6.0,籌碼風險,籌碼風險,1.378,2026-10-01 01:22:42
3272,東碩,,BLOCK,觀察,0,0,持續觀察,前狀態:nan→今日:觀察,NO,0.0,一般,,6.068,2026-10-01 01:22:42
6028,公勝保經,,BLOCK,突破中,4,13,準IGNITION,前狀態:nan→今日:突破中｜狀態跳升｜具備點火條件,READY,5.0,一般,均線結構,17.438,2026-10-01 01:22:42
2924,,,BLOCK,觀察,0,0,持續觀察,前狀態:nan→今日:觀察,NO,0.0,一般,,12.259,2026-10-01 01:22:42
9950,萬國通,,BLOCK,觀察,0,0,持續觀察,前狀態:nan→今日:觀察,NO,0.0,一般,,8.38,2026-10-01 01:22:42
6754,匯僑設計,,BLOCK,觀察,0,0,持續觀察,前狀態:nan→今日:觀察,NO,0.0,一般,,10.004,2026-10-01 01:22:42
4711,永純,,BLOCK,觀察,0,0,持續觀察,前狀態:nan→今日:觀察,NO,0.0,一般,,7.38,2026-10-01 01:22:42
8908,欣雄,,BLOCK,突破中,4,13,準IGNITION,前狀態:nan→今日:突破中｜狀態跳升｜具備點火條件,READY,5.0,一般,均線結構,16.233,2026-10-01 01:22:42
3492,長盛,,BLOCK,觀察,0,0,持續觀察,前狀態:nan→今日:觀察,NO,0.0,一般,,12.48,2026-10-01 01:22:42
4735,豪展,,BLOCK,觀察,0,0,持續觀察,前狀態:nan→今日:觀察,NO,0.0,一般,,6.084,2026-10-01 01:22:42
6593,台灣銘板,,BLOCK,觀察,0,0,持續觀察,前狀態:nan→今日:觀察,NO,0.0,一般,,12.685,2026-10-01 01:22:42
3632,研勤,,BLOCK,觀察,0,0,持續觀察,前狀態:nan→今日:觀察,NO,0.0,一般,,7.765,2026-10-01 01:22:42
6722,輝創,,BLOCK,觀察,0,0,持續觀察,前狀態:nan→今日:觀察,NO,4.0,一般,法人偏多,11.331,2026-10-01 01:22:42
1781,合世,,BLOCK,觀察,0,0,持續觀察,前狀態:nan→今日:觀察,NO,0.0,一般,,7.872,2026-10-01 01:22:42
3521,台鋼建設,,BLOCK,觀察,0,0,持續觀察,前狀態:nan→今日:觀察,NO,0.0,一般,,10.988,2026-10-01 01:22:42
1539,巨庭,,BLOCK,出貨疑慮,-2,-15,降級風險,前狀態:nan→今日:出貨疑慮｜狀態降級,RISK,-6.0,籌碼風險,籌碼風險,-3.649,2026-10-01 01:22:42
6899,創為精密,,BLOCK,觀察,0,0,持續觀察,前狀態:nan→今日:觀察,NO,0.0,一般,,10.742,2026-10-01 01:22:42
1583,程泰,,BLOCK,出貨疑慮,-2,-15,降級風險,前狀態:nan→今日:出貨疑慮｜狀態降級,RISK,-6.0,籌碼風險,籌碼風險,-0.918,2026-10-01 01:22:42
4972,湯石照明,,BLOCK,觀察,0,0,持續觀察,前狀態:nan→今日:觀察,NO,0.0,一般,,11.988,2026-10-01 01:22:42
6791,虎門科技,,BLOCK,觀察,0,0,持續觀察,前狀態:nan→今日:觀察,NO,4.0,一般,法人偏多,9.863,2026-10-01 01:22:42
3285,微端,,BLOCK,突破中,4,13,準IGNITION,前狀態:nan→今日:突破中｜狀態跳升｜具備點火條件,READY,5.0,一般,均線結構,16.864,2026-10-01 01:22:42
1599,宏佳騰,,BLOCK,觀察,0,0,持續觀察,前狀態:nan→今日:觀察,NO,0.0,一般,,8.774,2026-10-01 01:22:42
4584,君帆,,BLOCK,觀察,0,0,持續觀察,首次追蹤:觀察,NO,0.0,一般,,7.339,2026-10-01 01:22:42
4406,新昕纖,,BLOCK,突破中,4,13,準IGNITION,前狀態:nan→今日:突破中｜狀態跳升｜具備點火條件,READY,5.0,一般,均線結構,19.898,2026-10-01 01:22:42
2926,誠品生活,,BLOCK,觀察,0,0,持續觀察,前狀態:nan→今日:觀察,NO,0.0,一般,,11.209,2026-10-01 01:22:42
9912,偉聯,,BLOCK,突破中,4,13,準IGNITION,首次追蹤:突破中｜狀態跳升｜具備點火條件,READY,5.0,一般,均線結構,17.422,2026-10-01 01:22:42
8077,,,BLOCK,觀察,0,0,持續觀察,首次追蹤:觀察,NO,0.0,一般,,6.494,2026-10-01 01:22:42
2916,滿心,,BLOCK,突破中,4,13,準IGNITION,前狀態:nan→今日:突破中｜狀態跳升｜具備點火條件,READY,5.0,一般,均線結構,19.816,2026-10-01 01:22:42
2947,振宇五金,,BLOCK,觀察,0,0,持續觀察,首次追蹤:觀察,NO,0.0,一般,,9.569,2026-10-01 01:22:42
7794,宏碁智新,,BLOCK,觀察,0,0,持續觀察,前狀態:nan→今日:觀察,NO,0.0,一般,,10.988,2026-10-01 01:22:42
3664,安瑞-KY,,BLOCK,突破中,4,13,準IGNITION,前狀態:nan→今日:突破中｜狀態跳升｜具備點火條件,READY,5.0,一般,均線結構,14.183,2026-10-01 01:22:42
3465,進泰電子,,BLOCK,觀察,0,0,持續觀察,前狀態:nan→今日:觀察,NO,0.0,一般,,11.209,2026-10-01 01:22:42
2726,雅茗-KY,,BLOCK,觀察,0,0,持續觀察,前狀態:nan→今日:觀察,NO,0.0,一般,,9.118,2026-10-01 01:22:42
7839,,,BLOCK,觀察,0,0,持續觀察,前狀態:nan→今日:觀察,NO,0.0,一般,,7.954,2026-10-01 01:22:42
1788,杏昌,,BLOCK,觀察,0,0,持續觀察,前狀態:nan→今日:觀察,NO,0.0,一般,,10.635,2026-10-01 01:22:42
5604,中連,,BLOCK,突破中,4,13,準IGNITION,前狀態:nan→今日:突破中｜狀態跳升｜具備點火條件,READY,5.0,一般,均線結構,18.791,2026-10-01 01:22:42
1423,利華,WATCH,BLOCK,吸籌中,1,0,持續觀察,前狀態:吸籌中→今日:吸籌中,NO,8.0,一般,爆量不跌,67.602,2026-10-01 01:22:42
8401,白紗科,,BLOCK,觀察,0,0,持續觀察,前狀態:nan→今日:觀察,NO,0.0,一般,,13.136,2026-10-01 01:22:42
4930,燦星網,,BLOCK,觀察,0,0,持續觀察,前狀態:nan→今日:觀察,NO,0.0,一般,,8.889,2026-10-01 01:22:42
5345,馥鴻,,BLOCK,觀察,0,0,持續觀察,前狀態:nan→今日:觀察,NO,0.0,一般,,6.806,2026-10-01 01:22:42
6641,基士德-KY,,BLOCK,觀察,0,0,持續觀察,首次追蹤:觀察,NO,0.0,一般,,6.388,2026-10-01 01:22:42
6597,立誠,,BLOCK,觀察,0,0,持續觀察,首次追蹤:觀察,NO,0.0,一般,,10.332,2026-10-01 01:22:42
6629,泰金-KY,,BLOCK,觀察,0,0,持續觀察,前狀態:nan→今日:觀察,NO,0.0,一般,,8.61,2026-10-01 01:22:42
2024,志聯,,BLOCK,觀察,0,0,持續觀察,首次追蹤:觀察,NO,0.0,一般,,11.669,2026-10-01 01:22:42
8423,保綠-KY,,BLOCK,突破中,4,13,準IGNITION,前狀態:nan→今日:突破中｜狀態跳升｜具備點火條件,READY,5.0,一般,均線結構,19.898,2026-10-01 01:22:42
4120,友華,,BLOCK,觀察,0,0,持續觀察,前狀態:nan→今日:觀察,NO,0.0,一般,,10.143,2026-10-01 01:22:42
6835,圓裕,,BLOCK,觀察,0,0,持續觀察,前狀態:nan→今日:觀察,NO,0.0,一般,,13.907,2026-10-01 01:22:42
4538,大詠城,,BLOCK,觀察,0,0,持續觀察,前狀態:nan→今日:觀察,NO,0.0,一般,,8.503,2026-10-01 01:22:42
7713,威力德生醫,,BLOCK,突破中,4,13,準IGNITION,前狀態:nan→今日:突破中｜狀態跳升｜具備點火條件,READY,5.0,一般,均線結構,18.627,2026-10-01 01:22:42
8433,弘帆,,BLOCK,觀察,0,0,持續觀察,前狀態:nan→今日:觀察,NO,0.0,一般,,6.765,2026-10-01 01:22:42
6730,常廣,,BLOCK,觀察,0,0,持續觀察,首次追蹤:觀察,NO,0.0,一般,,9.569,2026-10-01 01:22:42
3205,佰研,,BLOCK,觀察,0,0,持續觀察,前狀態:nan→今日:觀察,NO,0.0,一般,,6.863,2026-10-01 01:22:42
4950,金耘國際,,BLOCK,觀察,0,0,持續觀察,前狀態:nan→今日:觀察,NO,0.0,一般,,8.487,2026-10-01 01:22:42
5364,力麗店,,BLOCK,觀察,0,0,持續觀察,前狀態:nan→今日:觀察,NO,0.0,一般,,9.84,2026-10-01 01:22:42
6751,智聯服務,,BLOCK,突破中,4,13,準IGNITION,前狀態:nan→今日:突破中｜狀態跳升｜具備點火條件,READY,5.0,一般,均線結構,15.675,2026-10-01 01:22:42
3672,康聯訊,,BLOCK,觀察,0,0,持續觀察,前狀態:nan→今日:觀察,NO,0.0,一般,,10.84,2026-10-01 01:22:42
1475,業旺,,BLOCK,觀察,0,0,持續觀察,前狀態:nan→今日:觀察,NO,0.0,一般,,5.158,2026-10-01 01:22:42
6671,三能-KY,,BLOCK,觀察,0,0,持續觀察,前狀態:nan→今日:觀察,NO,-2.0,一般,法人偏多｜籌碼風險,5.249,2026-10-01 01:22:42
5878,台名,,BLOCK,觀察,0,0,持續觀察,前狀態:nan→今日:觀察,NO,0.0,一般,,7.298,2026-10-01 01:22:42
1796,金穎生技,,BLOCK,觀察,0,0,持續觀察,前狀態:nan→今日:觀察,NO,0.0,一般,,7.38,2026-10-01 01:22:42
4767,誠泰科技,,BLOCK,突破中,4,13,準IGNITION,前狀態:nan→今日:突破中｜狀態跳升｜具備點火條件,READY,5.0,一般,均線結構,14.634,2026-10-01 01:22:42
8272,全景軟體,,BLOCK,觀察,0,0,持續觀察,前狀態:nan→今日:觀察,NO,0.0,一般,,10.742,2026-10-01 01:22:42
1813,寶利徠,,BLOCK,觀察,0,0,持續觀察,前狀態:nan→今日:觀察,NO,0.0,一般,,8.118,2026-10-01 01:22:42
6556,勝品,,BLOCK,觀察,0,0,持續觀察,前狀態:nan→今日:觀察,NO,0.0,一般,,13.136,2026-10-01 01:22:42
8409,商之器,,BLOCK,觀察,0,0,持續觀察,前狀態:nan→今日:觀察,NO,0.0,一般,,6.683,2026-10-01 01:22:42
4528,江興鍛,,BLOCK,觀察,0,0,持續觀察,前狀態:nan→今日:觀察,NO,0.0,一般,,10.184,2026-10-01 01:22:42
6616,特昇-KY,,BLOCK,觀察,0,0,持續觀察,前狀態:nan→今日:觀察,NO,0.0,一般,,6.847,2026-10-01 01:22:42
8905,裕國,,BLOCK,突破中,4,13,準IGNITION,前狀態:nan→今日:突破中｜狀態跳升｜具備點火條件,READY,5.0,一般,均線結構,14.47,2026-10-01 01:22:42
6144,得利影,,BLOCK,觀察,0,0,持續觀察,前狀態:nan→今日:觀察,NO,0.0,一般,,9.02,2026-10-01 01:22:42
6615,慧智,,BLOCK,觀察,0,0,持續觀察,前狀態:nan→今日:觀察,NO,0.0,一般,,9.02,2026-10-01 01:22:42
4192,杏國,,BLOCK,觀察,0,0,持續觀察,首次追蹤:觀察,NO,0.0,一般,,12.48,2026-10-01 01:22:42
6512,啟發電,,BLOCK,突破中,4,13,準IGNITION,前狀態:nan→今日:突破中｜狀態跳升｜具備點火條件,READY,5.0,一般,均線結構,18.627,2026-10-01 01:22:42
6649,台生材,,BLOCK,觀察,0,0,持續觀察,前狀態:nan→今日:觀察,NO,0.0,一般,,10.717,2026-10-01 01:22:42
6482,弘煜科,,BLOCK,觀察,0,0,持續觀察,首次追蹤:觀察,NO,0.0,一般,,6.888,2026-10-01 01:22:42
4728,,,BLOCK,突破中,4,13,準IGNITION,前狀態:nan→今日:突破中｜狀態跳升｜具備點火條件,READY,5.0,一般,均線結構,14.183,2026-10-01 01:22:42
6929,佑全,,BLOCK,觀察,0,0,持續觀察,前狀態:nan→今日:觀察,NO,0.0,一般,,6.724,2026-10-01 01:22:42
2235,謚源,,BLOCK,觀察,0,0,持續觀察,首次追蹤:觀察,NO,0.0,一般,,10.225,2026-10-01 01:22:42
4609,唐鋒,,BLOCK,觀察,0,0,持續觀察,首次追蹤:觀察,NO,0.0,一般,,6.109,2026-10-01 01:22:42
1341,富林-KY,,BLOCK,突破中,4,13,準IGNITION,前狀態:nan→今日:突破中｜狀態跳升｜具備點火條件,READY,5.0,一般,均線結構,18.726,2026-10-01 01:22:42
7782,光速火箭,,BLOCK,觀察,0,0,持續觀察,前狀態:nan→今日:觀察,NO,0.0,一般,,10.332,2026-10-01 01:22:42
5516,雙喜,,BLOCK,突破中,4,13,準IGNITION,前狀態:nan→今日:突破中｜狀態跳升｜具備點火條件,READY,5.0,一般,均線結構,13.683,2026-10-01 01:22:42
2073,,,BLOCK,觀察,0,0,持續觀察,前狀態:nan→今日:觀察,NO,0.0,一般,,10.545,2026-10-01 01:22:42
6767,台微醫,,BLOCK,觀察,0,0,持續觀察,前狀態:nan→今日:觀察,NO,0.0,一般,,13.792,2026-10-01 01:22:42
5703,,,BLOCK,觀察,0,0,持續觀察,首次追蹤:觀察,NO,0.0,一般,,8.036,2026-10-01 01:22:42
8416,實威,,BLOCK,觀察,0,0,持續觀察,前狀態:nan→今日:觀察,NO,0.0,一般,,7.503,2026-10-01 01:22:42
4183,福永生技,,BLOCK,觀察,0,0,持續觀察,首次追蹤:觀察,NO,0.0,一般,,8.913,2026-10-01 01:22:42
6952,大武山,,BLOCK,突破中,4,13,準IGNITION,前狀態:nan→今日:突破中｜狀態跳升｜具備點火條件,READY,5.0,一般,均線結構,14.675,2026-10-01 01:22:42
6997,博弘,,BLOCK,出貨疑慮,-2,-15,降級風險,前狀態:nan→今日:出貨疑慮｜狀態降級,RISK,-6.0,籌碼風險,籌碼風險,0.025,2026-10-01 01:22:42
2035,唐榮,,BLOCK,觀察,0,0,持續觀察,前狀態:nan→今日:觀察,NO,0.0,一般,,8.774,2026-10-01 01:22:42
7747,昕奇雲端,,BLOCK,觀察,0,0,持續觀察,首次追蹤:觀察,NO,0.0,一般,,8.036,2026-10-01 01:22:42
8921,,,BLOCK,觀察,0,0,持續觀察,首次追蹤:觀察,NO,0.0,一般,,10.783,2026-10-01 01:22:42
3531,先益,,BLOCK,觀察,0,0,持續觀察,首次追蹤:觀察,NO,4.0,一般,法人偏多,10.986,2026-10-01 01:22:42
8342,益張,,BLOCK,觀察,0,0,持續觀察,前狀態:nan→今日:觀察,NO,0.0,一般,,7.257,2026-10-01 01:22:42
2948,寶陞,,BLOCK,觀察,0,0,持續觀察,前狀態:nan→今日:觀察,NO,0.0,一般,,9.184,2026-10-01 01:22:42
2756,聯發國際,,BLOCK,突破中,4,13,準IGNITION,前狀態:nan→今日:突破中｜狀態跳升｜具備點火條件,READY,5.0,一般,均線結構,15.741,2026-10-01 01:22:42
5520,,,BLOCK,觀察,0,0,持續觀察,前狀態:nan→今日:觀察,NO,0.0,一般,,9.586,2026-10-01 01:22:42
6169,昱泉,,BLOCK,觀察,0,0,持續觀察,前狀態:nan→今日:觀察,NO,0.0,一般,,9.184,2026-10-01 01:22:42
7811,民盛,,BLOCK,突破中,4,13,準IGNITION,前狀態:nan→今日:突破中｜狀態跳升｜具備點火條件,READY,5.0,一般,均線結構,14.511,2026-10-01 01:22:42
2937,集雅社,,BLOCK,觀察,0,0,持續觀察,前狀態:nan→今日:觀察,NO,0.0,一般,,10.332,2026-10-01 01:22:42
2719,燦星旅,,BLOCK,觀察,0,0,持續觀察,前狀態:nan→今日:觀察,NO,0.0,一般,,9.717,2026-10-01 01:22:42
7716,昱臺國際,,BLOCK,觀察,0,0,持續觀察,前狀態:nan→今日:觀察,NO,0.0,一般,,10.906,2026-10-01 01:22:42
5223,安力-KY,,BLOCK,觀察,0,0,持續觀察,前狀態:nan→今日:觀察,NO,0.0,一般,,9.184,2026-10-01 01:22:42
8923,,,BLOCK,觀察,0,0,持續觀察,前狀態:nan→今日:觀察,NO,0.0,一般,,8.651,2026-10-01 01:22:42
1704,,,BLOCK,突破中,4,13,準IGNITION,前狀態:nan→今日:突破中｜狀態跳升｜具備點火條件,READY,5.0,一般,均線結構,16.889,2026-10-01 01:22:42
