stock_id,strategy_lane,entry_type,entry_note,timing_score,close,ma5,ma10,ma20,ma60,atr20_pct,mom5,mom20,volume_ratio20,ma_compression,near_20d_high,pullback_to_ma20,reversal_signal,breakout_signal,trigger_event_score_v26662,trigger_event_reason_v26662,trigger_event_label_v26662,trigger_action_hint_v26662,trigger_adjusted_score_v26662,trigger_rank_v26662,trigger_patch_version,trigger_updated_at,first_trigger_score_v26663,first_trigger_reason_v26663,first_trigger_label_v26663,first_trigger_rank_v26663,turn_event_score_v26664_1,turn_event_label_v26664_1,turn_event_reason_v26664_1,turn_first_rank_v26664_1,compression_score_v26668,first_volume_trigger_v26668,accumulation_score_v26668,fake_breakout_risk_v26668,ignition_score_v26668,ignition_reason_v26668,ignition_patch_version,ignition_updated_at,ignition_phase_v26668,ignition_hint_v26668,ignition_suggested_mode_v26668,ignition_rank_v26668
6202,ALPHA,WAIT,ALPHA 時機未明，先觀察,15,58.2,57.72,56.61,55.97,54.15,0.0592,0.0228,0.1434,0.1521,0.0205,False,False,False,False,0.0,,無事件,等待下一次確認。,0.0,125,v266.62,2026-09-27 13:49:01,10.0,第一次站上MA20,NONE,59,20,NONE,MA20剛站回,1,45.0,0.0,0.0,0.0,6.4,靠近MA20臨界區｜均線收斂｜量能安靜,v266.68,2026-09-27 13:49:03,BUILDING_WAIT,主力潛伏：尚未放量，不急進場。,WATCH,1
2104,ALPHA,PULLBACK,回檔型：可觀察是否轉強，不追高,50,11.15,10.44,10.48,10.81,11.73,0.0359,0.0878,-0.0551,2.6216,0.0312,False,True,False,False,0.0,,無事件,等待下一次確認。,0.0,3,v266.62,2026-09-27 13:49:01,10.0,第一次站上MA20,NONE,8,20,NONE,MA20剛站回,2,45.0,0.0,0.0,0.0,6.4,靠近MA20臨界區｜均線收斂｜量能安靜,v266.68,2026-09-27 13:49:03,BUILDING_WAIT,主力潛伏：尚未放量，不急進場。,WATCH,2
2015,PRE,WAIT,PRE 佈局型：等待突破確認，小倉觀察，不主動重倉,70,64.5,63.54,62.42,62.32,64.82,0.0166,0.032,0.0142,0.0952,0.0103,True,False,False,False,0.0,,無事件,等待下一次確認。,0.0,305,v266.62,2026-09-27 13:49:01,10.0,第一次站上MA20,NONE,18,20,NONE,MA20剛站回,3,45.0,0.0,0.0,0.0,6.4,靠近MA20臨界區｜均線收斂｜量能安靜,v266.68,2026-09-27 13:49:03,BUILDING_WAIT,主力潛伏：尚未放量，不急進場。,WATCH,3
9927,PRE,WAIT,PRE 佈局型：等待突破確認，小倉觀察，不主動重倉,80,70.2,68.9,68.7,69.15,68.63,0.0115,0.0248,0.0029,1.9754,0.0051,True,True,False,False,0.0,,無事件,等待下一次確認。,0.0,307,v266.62,2026-09-27 13:49:01,10.0,第一次站上MA20,NONE,19,20,NONE,MA20剛站回,4,45.0,0.0,0.0,0.0,6.4,靠近MA20臨界區｜均線收斂｜量能安靜,v266.68,2026-09-27 13:49:03,BUILDING_WAIT,主力潛伏：尚未放量，不急進場。,WATCH,4
2230,PRE,WAIT,PRE 佈局型：等待突破確認，小倉觀察，不主動重倉,75,22.45,22.45,22.32,22.38,22.48,0.058,0.0,0.0,1.0298,0.003,False,True,False,False,0.0,,無事件,等待下一次確認。,0.0,308,v266.62,2026-09-27 13:49:01,10.0,第一次站上MA20,NONE,20,20,NONE,MA20剛站回,5,45.0,0.0,0.0,0.0,6.4,靠近MA20臨界區｜均線收斂｜量能安靜,v266.68,2026-09-27 13:49:03,BUILDING_WAIT,主力潛伏：尚未放量，不急進場。,WATCH,5
6712,PRE,WAIT,PRE 佈局型：等待突破確認，小倉觀察，不主動重倉,100,159.5,159.5,159.1,159.18,159.19,0.0246,0.0,0.0,0.9549,0.0013,True,True,False,False,0.0,,無事件,等待下一次確認。,0.0,263,v266.62,2026-09-27 13:49:01,10.0,第一次站上MA20,NONE,21,20,NONE,MA20剛站回,6,45.0,0.0,0.0,0.0,6.4,靠近MA20臨界區｜均線收斂｜量能安靜,v266.68,2026-09-27 13:49:03,BUILDING_WAIT,主力潛伏：尚未放量，不急進場。,WATCH,6
6728,PRE,WAIT,PRE 佈局型：等待突破確認，小倉觀察，不主動重倉,100,108.5,108.5,108.4,108.47,108.43,0.0018,0.0,0.0,1.0164,0.0005,True,True,False,False,0.0,,無事件,等待下一次確認。,0.0,264,v266.62,2026-09-27 13:49:01,10.0,第一次站上MA20,NONE,22,20,NONE,MA20剛站回,7,45.0,0.0,0.0,0.0,6.4,靠近MA20臨界區｜均線收斂｜量能安靜,v266.68,2026-09-27 13:49:03,BUILDING_WAIT,主力潛伏：尚未放量，不急進場。,WATCH,7
3374,PRE,WAIT,PRE 佈局型：等待突破確認，小倉觀察，不主動重倉,75,449.0,449.0,444.95,445.65,445.82,0.0624,0.0,0.0,0.9045,0.0045,False,True,False,False,0.0,,無事件,等待下一次確認。,0.0,313,v266.62,2026-09-27 13:49:01,10.0,第一次站上MA20,NONE,23,20,NONE,MA20剛站回,8,45.0,0.0,0.0,0.0,6.4,靠近MA20臨界區｜均線收斂｜量能安靜,v266.68,2026-09-27 13:49:03,BUILDING_WAIT,主力潛伏：尚未放量，不急進場。,WATCH,8
8201,PRE,WAIT,PRE 佈局型：等待突破確認，小倉觀察，不主動重倉,80,13.3,12.8,12.79,13.07,13.3,0.0295,0.0472,-0.0112,4.7935,0.0209,False,True,False,False,0.0,,無事件,等待下一次確認。,0.0,315,v266.62,2026-09-27 13:49:01,10.0,第一次站上MA20,NONE,24,20,NONE,MA20剛站回,9,45.0,0.0,0.0,0.0,6.4,靠近MA20臨界區｜均線收斂｜量能安靜,v266.68,2026-09-27 13:49:03,BUILDING_WAIT,主力潛伏：尚未放量，不急進場。,WATCH,9
8284,PRE,WAIT,PRE 佈局型：等待突破確認，小倉觀察，不主動重倉,80,68.0,68.0,68.1,67.99,67.93,0.0164,0.0,0.0,0.7112,0.0009,True,True,False,False,0.0,,無事件,等待下一次確認。,0.0,316,v266.62,2026-09-27 13:49:01,10.0,第一次站上MA20,NONE,25,20,NONE,MA20剛站回,10,45.0,0.0,0.0,0.0,6.4,靠近MA20臨界區｜均線收斂｜量能安靜,v266.68,2026-09-27 13:49:03,BUILDING_WAIT,主力潛伏：尚未放量，不急進場。,WATCH,10
1521,ALPHA,PULLBACK,回檔型：可觀察是否轉強，不追高,50,25.8,25.31,25.04,25.09,25.4,0.0186,0.0445,0.032,1.137,0.0051,True,True,False,False,0.0,,無事件,等待下一次確認。,0.0,2,v266.62,2026-09-27 13:49:01,10.0,第一次站上MA20,NONE,10,20,NONE,MA20剛站回,11,45.0,0.0,0.0,0.0,6.4,靠近MA20臨界區｜均線收斂｜量能安靜,v266.68,2026-09-27 13:49:03,BUILDING_WAIT,主力潛伏：尚未放量，不急進場。,WATCH,11
3228,PRE,WAIT,PRE 佈局型：等待突破確認，小倉觀察，不主動重倉,75,174.0,174.0,172.65,173.2,173.32,0.0611,0.0,0.0,0.8796,0.0039,True,True,False,False,0.0,,無事件,等待下一次確認。,0.0,311,v266.62,2026-09-27 13:49:01,10.0,第一次站上MA20,NONE,11,20,NONE,MA20剛站回,12,45.0,0.0,0.0,0.0,6.4,靠近MA20臨界區｜均線收斂｜量能安靜,v266.68,2026-09-27 13:49:03,BUILDING_WAIT,主力潛伏：尚未放量，不急進場。,WATCH,12
3234,PRE,WAIT,PRE 佈局型：等待突破確認，小倉觀察，不主動重倉,75,178.0,178.0,176.55,177.62,177.26,0.1008,0.0,0.0,0.9931,0.0041,False,True,False,False,0.0,,無事件,等待下一次確認。,0.0,312,v266.62,2026-09-27 13:49:01,10.0,第一次站上MA20,NONE,12,20,NONE,MA20剛站回,13,45.0,0.0,0.0,0.0,6.4,靠近MA20臨界區｜均線收斂｜量能安靜,v266.68,2026-09-27 13:49:03,BUILDING_WAIT,主力潛伏：尚未放量，不急進場。,WATCH,13
3498,PRE,WAIT,PRE 佈局型：等待突破確認，小倉觀察，不主動重倉,75,214.0,214.0,209.95,211.68,212.06,0.096,0.0,0.0,0.9907,0.0095,True,True,False,False,0.0,,無事件,等待下一次確認。,0.0,298,v266.62,2026-09-27 13:49:01,10.0,第一次站上MA20,NONE,13,20,NONE,MA20剛站回,14,45.0,0.0,0.0,0.0,6.4,靠近MA20臨界區｜均線收斂｜量能安靜,v266.68,2026-09-27 13:49:03,BUILDING_WAIT,主力潛伏：尚未放量，不急進場。,WATCH,14
4503,PRE,WAIT,PRE 佈局型：等待突破確認，小倉觀察，不主動重倉,75,24.1,24.1,23.91,24.05,24.16,0.0404,0.0,0.0,0.9839,0.0039,False,True,False,False,0.0,,無事件,等待下一次確認。,0.0,299,v266.62,2026-09-27 13:49:01,10.0,第一次站上MA20,NONE,14,20,NONE,MA20剛站回,15,45.0,0.0,0.0,0.0,6.4,靠近MA20臨界區｜均線收斂｜量能安靜,v266.68,2026-09-27 13:49:03,BUILDING_WAIT,主力潛伏：尚未放量，不急進場。,WATCH,15
5013,PRE,WAIT,PRE 佈局型：等待突破確認，小倉觀察，不主動重倉,75,32.05,32.05,31.84,31.82,31.88,0.0367,0.0,0.0,1.0308,0.0039,True,True,False,False,0.0,,無事件,等待下一次確認。,0.0,300,v266.62,2026-09-27 13:49:01,10.0,第一次站上MA20,NONE,15,20,NONE,MA20剛站回,16,45.0,0.0,0.0,0.0,6.4,靠近MA20臨界區｜均線收斂｜量能安靜,v266.68,2026-09-27 13:49:03,BUILDING_WAIT,主力潛伏：尚未放量，不急進場。,WATCH,16
6240,PRE,WAIT,PRE 佈局型：等待突破確認，小倉觀察，不主動重倉,75,26.2,26.2,26.04,26.07,26.05,0.0872,0.0,0.0,0.8965,0.0031,True,True,False,False,0.0,,無事件,等待下一次確認。,0.0,301,v266.62,2026-09-27 13:49:01,10.0,第一次站上MA20,NONE,16,20,NONE,MA20剛站回,17,45.0,0.0,0.0,0.0,6.4,靠近MA20臨界區｜均線收斂｜量能安靜,v266.68,2026-09-27 13:49:03,BUILDING_WAIT,主力潛伏：尚未放量，不急進場。,WATCH,17
6290,PRE,WAIT,PRE 佈局型：等待突破確認，小倉觀察，不主動重倉,75,274.0,274.0,271.95,271.95,272.43,0.0495,0.0,0.0,0.9142,0.0037,True,True,False,False,0.0,,無事件,等待下一次確認。,0.0,302,v266.62,2026-09-27 13:49:01,10.0,第一次站上MA20,NONE,17,20,NONE,MA20剛站回,18,45.0,0.0,0.0,0.0,6.4,靠近MA20臨界區｜均線收斂｜量能安靜,v266.68,2026-09-27 13:49:03,BUILDING_WAIT,主力潛伏：尚未放量，不急進場。,WATCH,18
2107,ALPHA,PULLBACK,回檔型：可觀察是否轉強，不追高,40,26.95,26.31,26.24,26.13,25.54,0.0135,0.0326,0.0446,0.5333,0.0052,True,True,False,False,0.0,,無事件,等待下一次確認。,0.0,7,v266.62,2026-09-27 13:49:01,10.0,第一次站上MA20,NONE,2,20,NONE,MA20剛站回,19,45.0,0.0,0.0,0.0,6.4,靠近MA20臨界區｜均線收斂｜量能安靜,v266.68,2026-09-27 13:49:03,BUILDING_WAIT,主力潛伏：尚未放量，不急進場。,WATCH,19
1419,ALPHA,PULLBACK,回檔型：可觀察是否轉強，不追高,40,66.0,64.24,64.14,63.84,64.06,0.024,0.0264,0.0443,0.2398,0.0053,True,True,False,False,0.0,,無事件,等待下一次確認。,0.0,6,v266.62,2026-09-27 13:49:01,10.0,第一次站上MA20,NONE,3,20,NONE,MA20剛站回,20,45.0,0.0,0.0,0.0,6.4,靠近MA20臨界區｜均線收斂｜量能安靜,v266.68,2026-09-27 13:49:03,BUILDING_WAIT,主力潛伏：尚未放量，不急進場。,WATCH,20
1319,ALPHA,PULLBACK,回檔型：可觀察是否轉強，不追高,40,78.9,79.98,77.63,77.42,85.55,0.0285,0.0464,0.0233,0.2018,0.0175,False,True,False,False,0.0,,無事件,等待下一次確認。,0.0,5,v266.62,2026-09-27 13:49:01,10.0,第一次站上MA20,NONE,5,20,NONE,MA20剛站回,21,45.0,0.0,0.0,0.0,6.4,靠近MA20臨界區｜均線收斂｜量能安靜,v266.68,2026-09-27 13:49:03,BUILDING_WAIT,主力潛伏：尚未放量，不急進場。,WATCH,21
1232,ALPHA,PULLBACK,回檔型：可觀察是否轉強，不追高,40,154.5,149.2,148.8,149.4,149.78,0.0108,0.0404,0.0334,0.5355,0.0026,True,True,False,False,0.0,,無事件,等待下一次確認。,0.0,4,v266.62,2026-09-27 13:49:01,10.0,第一次站上MA20,NONE,6,20,NONE,MA20剛站回,22,45.0,0.0,0.0,0.0,6.4,靠近MA20臨界區｜均線收斂｜量能安靜,v266.68,2026-09-27 13:49:03,BUILDING_WAIT,主力潛伏：尚未放量，不急進場。,WATCH,22
6969,ALPHA,WAIT,ALPHA 時機未明，先觀察,25,30.65,29.07,28.94,29.51,29.51,0.0308,0.0569,0.0407,2.8085,0.0165,False,False,False,False,0.0,,無事件,等待下一次確認。,0.0,330,v266.62,2026-09-27 13:49:01,10.0,第一次站上MA20,NONE,7,20,NONE,MA20剛站回,23,45.0,0.0,0.0,0.0,6.4,靠近MA20臨界區｜均線收斂｜量能安靜,v266.68,2026-09-27 13:49:03,BUILDING_WAIT,主力潛伏：尚未放量，不急進場。,WATCH,23
1216,ALPHA,WAIT,ALPHA 時機未明，先觀察,15,74.5,72.82,71.08,71.57,71.79,0.016,0.0844,0.0333,0.3626,0.0117,True,False,False,False,0.0,,無事件,等待下一次確認。,0.0,332,v266.62,2026-09-27 13:49:01,10.0,第一次站上MA20,NONE,9,20,NONE,MA20剛站回,24,45.0,0.0,0.0,0.0,6.4,靠近MA20臨界區｜均線收斂｜量能安靜,v266.68,2026-09-27 13:49:03,BUILDING_WAIT,主力潛伏：尚未放量，不急進場。,WATCH,24
2207,ALPHA,PULLBACK,回檔型：可觀察是否轉強，不追高,40,510.0,485.9,481.1,493.3,506.43,0.0254,0.0759,-0.002,0.7194,0.0192,True,True,False,False,0.0,,無事件,等待下一次確認。,0.0,8,v266.62,2026-09-27 13:49:01,10.0,第一次站上MA20,NONE,1,20,NONE,MA20剛站回,25,45.0,0.0,0.0,0.0,6.4,靠近MA20臨界區｜均線收斂｜量能安靜,v266.68,2026-09-27 13:49:03,BUILDING_WAIT,主力潛伏：尚未放量，不急進場。,WATCH,25
2323,CORE,PULLBACK,回檔型：接近 MA20，適合分批低接,0,10.8,10.68,10.53,10.56,10.83,0.0255,0.0189,-0.0092,0.5995,0.0072,True,True,False,False,0.0,,無事件,等待下一次確認。,0.0,215,v266.62,2026-09-27 13:49:01,10.0,第一次站上MA20,NONE,94,20,NONE,MA20剛站回,26,45.0,0.0,0.0,0.0,6.4,靠近MA20臨界區｜均線收斂｜量能安靜,v266.68,2026-09-27 13:49:03,BUILDING_WAIT,主力潛伏：尚未放量，不急進場。,WATCH,26
2739,CORE,WAIT,CORE 尚未到理想進場點，等待突破或回檔,0,36.4,34.99,34.8,35.09,34.35,0.0209,0.049,0.0111,0.7163,0.0054,True,False,False,False,0.0,,無事件,等待下一次確認。,0.0,216,v266.62,2026-09-27 13:49:01,10.0,第一次站上MA20,NONE,95,20,NONE,MA20剛站回,27,45.0,0.0,0.0,0.0,6.4,靠近MA20臨界區｜均線收斂｜量能安靜,v266.68,2026-09-27 13:49:03,BUILDING_WAIT,主力潛伏：尚未放量，不急進場。,WATCH,27
2756,PRE,WAIT,PRE 佈局型：等待突破確認，小倉觀察，不主動重倉,100,63.0,63.0,62.9,62.91,62.86,0.0348,0.0,0.0,0.9978,0.0008,True,True,False,False,0.0,,無事件,等待下一次確認。,0.0,201,v266.62,2026-09-27 13:49:01,10.0,第一次站上MA20,NONE,96,20,NONE,MA20剛站回,28,45.0,0.0,0.0,0.0,6.4,靠近MA20臨界區｜均線收斂｜量能安靜,v266.68,2026-09-27 13:49:03,BUILDING_WAIT,主力潛伏：尚未放量，不急進場。,WATCH,28
3213,PRE,WAIT,PRE 佈局型：等待突破確認，小倉觀察，不主動重倉,100,124.5,124.5,124.15,124.42,124.65,0.012,0.0,0.0,0.9612,0.0014,True,True,False,False,0.0,,無事件,等待下一次確認。,0.0,252,v266.62,2026-09-27 13:49:01,10.0,第一次站上MA20,NONE,81,20,NONE,MA20剛站回,29,45.0,0.0,0.0,0.0,6.4,靠近MA20臨界區｜均線收斂｜量能安靜,v266.68,2026-09-27 13:49:03,BUILDING_WAIT,主力潛伏：尚未放量，不急進場。,WATCH,29
1796,PRE,WAIT,PRE 佈局型：等待突破確認，小倉觀察，不主動重倉,100,29.5,29.5,29.47,29.49,29.53,0.0126,0.0,0.0,0.9989,0.0005,False,True,False,False,0.0,,無事件,等待下一次確認。,0.0,208,v266.62,2026-09-27 13:49:01,10.0,第一次站上MA20,NONE,82,20,NONE,MA20剛站回,30,45.0,0.0,0.0,0.0,6.4,靠近MA20臨界區｜均線收斂｜量能安靜,v266.68,2026-09-27 13:49:03,BUILDING_WAIT,主力潛伏：尚未放量，不急進場。,WATCH,30
5484,PRE,WAIT,PRE 佈局型：等待突破確認，小倉觀察，不主動重倉,80,39.45,38.62,38.68,38.52,39.22,0.0339,0.022,-0.0013,0.2241,0.0033,True,True,False,False,0.0,,無事件,等待下一次確認。,0.0,34,v266.62,2026-09-27 13:49:01,10.0,第一次站上MA20,NONE,36,20,NONE,MA20剛站回,31,45.0,0.0,0.0,0.0,6.4,靠近MA20臨界區｜均線收斂｜量能安靜,v266.68,2026-09-27 13:49:03,BUILDING_WAIT,主力潛伏：尚未放量，不急進場。,WATCH,31
2640,PRE,WAIT,PRE 佈局型：等待突破確認，小倉觀察，不主動重倉,100,157.0,157.0,156.9,156.95,156.83,0.01,0.0,0.0,0.9506,0.0003,True,True,False,False,0.0,,無事件,等待下一次確認。,0.0,198,v266.62,2026-09-27 13:49:01,10.0,第一次站上MA20,NONE,85,20,NONE,MA20剛站回,32,45.0,0.0,0.0,0.0,6.4,靠近MA20臨界區｜均線收斂｜量能安靜,v266.68,2026-09-27 13:49:03,BUILDING_WAIT,主力潛伏：尚未放量，不急進場。,WATCH,32
1723,PRE,WAIT,PRE 佈局型：等待突破確認，小倉觀察，不主動重倉,80,80.5,80.18,79.11,79.98,76.81,0.0257,0.0216,-0.0111,0.2478,0.0066,False,True,False,False,0.0,,無事件,等待下一次確認。,0.0,151,v266.62,2026-09-27 13:49:01,10.0,第一次站上MA20,NONE,86,20,NONE,MA20剛站回,33,45.0,0.0,0.0,0.0,6.4,靠近MA20臨界區｜均線收斂｜量能安靜,v266.68,2026-09-27 13:49:03,BUILDING_WAIT,主力潛伏：尚未放量，不急進場。,WATCH,33
1726,PRE,WAIT,PRE 佈局型：等待突破確認，小倉觀察，不主動重倉,80,76.3,76.2,76.01,76.17,75.98,0.0079,0.0013,0.0066,3.2273,0.0012,True,True,False,False,0.0,,無事件,等待下一次確認。,0.0,152,v266.62,2026-09-27 13:49:01,10.0,第一次站上MA20,NONE,87,20,NONE,MA20剛站回,34,45.0,0.0,0.0,0.0,6.4,靠近MA20臨界區｜均線收斂｜量能安靜,v266.68,2026-09-27 13:49:03,BUILDING_WAIT,主力潛伏：尚未放量，不急進場。,WATCH,34
3611,PRE,WAIT,PRE 佈局型：等待突破確認，小倉觀察，不主動重倉,100,183.0,183.0,182.75,182.93,183.07,0.0068,0.0,0.0,0.7645,0.0007,True,True,False,False,0.0,,無事件,等待下一次確認。,0.0,244,v266.62,2026-09-27 13:49:01,10.0,第一次站上MA20,NONE,73,20,NONE,MA20剛站回,35,45.0,0.0,0.0,0.0,6.4,靠近MA20臨界區｜均線收斂｜量能安靜,v266.68,2026-09-27 13:49:03,BUILDING_WAIT,主力潛伏：尚未放量，不急進場。,WATCH,35
4105,PRE,WAIT,PRE 佈局型：等待突破確認，小倉觀察，不主動重倉,100,78.3,78.3,78.3,78.28,78.27,0.0036,0.0,0.0,0.8768,0.0003,True,True,False,False,0.0,,無事件,等待下一次確認。,0.0,245,v266.62,2026-09-27 13:49:01,10.0,第一次站上MA20,NONE,74,20,NONE,MA20剛站回,36,45.0,0.0,0.0,0.0,6.4,靠近MA20臨界區｜均線收斂｜量能安靜,v266.68,2026-09-27 13:49:03,BUILDING_WAIT,主力潛伏：尚未放量，不急進場。,WATCH,36
4123,PRE,WAIT,PRE 佈局型：等待突破確認，小倉觀察，不主動重倉,100,30.95,30.95,30.89,30.93,31.01,0.0237,0.0,0.0,0.9506,0.001,True,True,False,False,0.0,,無事件,等待下一次確認。,0.0,246,v266.62,2026-09-27 13:49:01,10.0,第一次站上MA20,NONE,75,20,NONE,MA20剛站回,37,45.0,0.0,0.0,0.0,6.4,靠近MA20臨界區｜均線收斂｜量能安靜,v266.68,2026-09-27 13:49:03,BUILDING_WAIT,主力潛伏：尚未放量，不急進場。,WATCH,37
2704,ALPHA,WAIT,ALPHA 時機未明，先觀察,15,45.05,43.03,42.52,42.61,42.67,0.0181,0.0713,0.0526,0.1349,0.0057,True,False,False,False,0.0,,無事件,等待下一次確認。,0.0,112,v266.62,2026-09-27 13:49:01,10.0,第一次站上MA20,NONE,92,20,NONE,MA20剛站回,38,45.0,0.0,0.0,0.0,6.4,靠近MA20臨界區｜均線收斂｜量能安靜,v266.68,2026-09-27 13:49:03,BUILDING_WAIT,主力潛伏：尚未放量，不急進場。,WATCH,38
2727,PRE,WAIT,PRE 佈局型：等待突破確認，小倉觀察，不主動重倉,100,232.0,233.6,230.95,228.6,225.72,0.0134,0.0,0.0265,1.332,0.0158,True,True,False,False,0.0,,無事件,等待下一次確認。,0.0,200,v266.62,2026-09-27 13:49:01,10.0,第一次站上MA20,NONE,77,20,NONE,MA20剛站回,39,45.0,0.0,0.0,0.0,6.4,靠近MA20臨界區｜均線收斂｜量能安靜,v266.68,2026-09-27 13:49:03,BUILDING_WAIT,主力潛伏：尚未放量，不急進場。,WATCH,39
4139,PRE,WAIT,PRE 佈局型：等待突破確認，小倉觀察，不主動重倉,100,41.55,41.55,41.44,41.51,41.43,0.0299,0.0,0.0,0.9657,0.0013,True,True,False,False,0.0,,無事件,等待下一次確認。,0.0,249,v266.62,2026-09-27 13:49:01,10.0,第一次站上MA20,NONE,78,20,NONE,MA20剛站回,40,45.0,0.0,0.0,0.0,6.4,靠近MA20臨界區｜均線收斂｜量能安靜,v266.68,2026-09-27 13:49:03,BUILDING_WAIT,主力潛伏：尚未放量，不急進場。,WATCH,40
3131,PRE,WAIT,PRE 佈局型：等待突破確認，小倉觀察，不主動重倉,100,2410.0,2410.0,2401.0,2405.5,2412.25,0.0315,0.0,0.0,0.8281,0.0019,True,True,False,False,0.0,,無事件,等待下一次確認。,0.0,250,v266.62,2026-09-27 13:49:01,10.0,第一次站上MA20,NONE,79,20,NONE,MA20剛站回,41,45.0,0.0,0.0,0.0,6.4,靠近MA20臨界區｜均線收斂｜量能安靜,v266.68,2026-09-27 13:49:03,BUILDING_WAIT,主力潛伏：尚未放量，不急進場。,WATCH,41
3205,PRE,WAIT,PRE 佈局型：等待突破確認，小倉觀察，不主動重倉,100,46.95,46.95,46.89,46.92,46.97,0.0099,0.0,0.0,0.7801,0.0006,True,True,False,False,0.0,,無事件,等待下一次確認。,0.0,251,v266.62,2026-09-27 13:49:01,10.0,第一次站上MA20,NONE,80,20,NONE,MA20剛站回,42,45.0,0.0,0.0,0.0,6.4,靠近MA20臨界區｜均線收斂｜量能安靜,v266.68,2026-09-27 13:49:03,BUILDING_WAIT,主力潛伏：尚未放量，不急進場。,WATCH,42
1525,ALPHA,WAIT,ALPHA 時機未明，先觀察,15,64.4,62.26,62.52,61.69,62.1,0.0221,0.0271,0.0523,0.4892,0.0109,True,False,False,False,0.0,,無事件,等待下一次確認。,0.0,69,v266.62,2026-09-27 13:49:01,10.0,第一次站上MA20,NONE,65,20,NONE,MA20剛站回,43,45.0,0.0,0.0,0.0,6.4,靠近MA20臨界區｜均線收斂｜量能安靜,v266.68,2026-09-27 13:49:03,BUILDING_WAIT,主力潛伏：尚未放量，不急進場。,WATCH,43
1532,ALPHA,WAIT,ALPHA 時機未明，先觀察,15,22.3,20.95,20.82,21.15,22.42,0.0194,0.0825,0.0159,0.4038,0.012,True,False,False,False,0.0,,無事件,等待下一次確認。,0.0,70,v266.62,2026-09-27 13:49:01,10.0,第一次站上MA20,NONE,66,20,NONE,MA20剛站回,44,45.0,0.0,0.0,0.0,6.4,靠近MA20臨界區｜均線收斂｜量能安靜,v266.68,2026-09-27 13:49:03,BUILDING_WAIT,主力潛伏：尚未放量，不急進場。,WATCH,44
4129,PRE,WAIT,PRE 佈局型：等待突破確認，小倉觀察，不主動重倉,100,82.3,82.3,82.33,82.28,82.39,0.0094,0.0,0.0,0.764,0.0004,True,True,False,False,0.0,,無事件,等待下一次確認。,0.0,248,v266.62,2026-09-27 13:49:01,10.0,第一次站上MA20,NONE,67,20,NONE,MA20剛站回,45,45.0,0.0,0.0,0.0,6.4,靠近MA20臨界區｜均線收斂｜量能安靜,v266.68,2026-09-27 13:49:03,BUILDING_WAIT,主力潛伏：尚未放量，不急進場。,WATCH,45
2498,PRE,WAIT,PRE 佈局型：等待突破確認，小倉觀察，不主動重倉,100,41.8,40.63,40.53,40.6,41.63,0.0337,0.0424,0.0347,0.9244,0.0012,True,True,False,False,0.0,,無事件,等待下一次確認。,0.0,196,v266.62,2026-09-27 13:49:01,10.0,第一次站上MA20,NONE,84,20,NONE,MA20剛站回,46,45.0,0.0,0.0,0.0,6.4,靠近MA20臨界區｜均線收斂｜量能安靜,v266.68,2026-09-27 13:49:03,BUILDING_WAIT,主力潛伏：尚未放量，不急進場。,WATCH,46
2718,PRE,WAIT,PRE 佈局型：等待突破確認，小倉觀察，不主動重倉,100,40.8,40.8,40.68,40.79,40.93,0.016,0.0,0.0,0.8633,0.0014,False,True,False,False,0.0,,無事件,等待下一次確認。,0.0,199,v266.62,2026-09-27 13:49:01,10.0,第一次站上MA20,NONE,76,20,NONE,MA20剛站回,47,45.0,0.0,0.0,0.0,6.4,靠近MA20臨界區｜均線收斂｜量能安靜,v266.68,2026-09-27 13:49:03,BUILDING_WAIT,主力潛伏：尚未放量，不急進場。,WATCH,47
9946,PRE,WAIT,PRE 佈局型：等待突破確認，小倉觀察，不主動重倉,70,17.1,16.48,16.13,16.34,17.0,0.0199,0.0927,-0.0,0.4712,0.0102,True,False,False,False,0.0,,無事件,等待下一次確認。,0.0,295,v266.62,2026-09-27 13:49:01,10.0,第一次站上MA20,NONE,125,20,NONE,MA20剛站回,48,45.0,0.0,0.0,0.0,6.4,靠近MA20臨界區｜均線收斂｜量能安靜,v266.68,2026-09-27 13:49:03,BUILDING_WAIT,主力潛伏：尚未放量，不急進場。,WATCH,48
2636,PRE,WAIT,PRE 條件未完整，僅保留觀察,55,71.9,68.86,68.18,67.91,67.46,0.0145,0.0574,0.0589,2.9927,0.0085,True,False,False,True,0.0,,無事件,等待下一次確認。,0.0,296,v266.62,2026-09-27 13:49:01,10.0,第一次站上MA20,NONE,126,20,NONE,MA20剛站回,49,45.0,0.0,0.0,0.0,6.4,靠近MA20臨界區｜均線收斂｜量能安靜,v266.68,2026-09-27 13:49:03,BUILDING_WAIT,主力潛伏：尚未放量，不急進場。,WATCH,49
6881,PRE,WAIT,PRE 佈局型：等待突破確認，小倉觀察，不主動重倉,80,214.0,214.0,213.7,213.95,213.75,0.0035,0.0,0.0,0.6062,0.0007,True,True,False,False,0.0,,無事件,等待下一次確認。,0.0,26,v266.62,2026-09-27 13:49:01,10.0,第一次站上MA20,NONE,127,20,NONE,MA20剛站回,50,45.0,0.0,0.0,0.0,6.4,靠近MA20臨界區｜均線收斂｜量能安靜,v266.68,2026-09-27 13:49:03,BUILDING_WAIT,主力潛伏：尚未放量，不急進場。,WATCH,50
6617,PRE,WAIT,PRE 佈局型：等待突破確認，小倉觀察，不主動重倉,75,137.0,137.0,135.85,135.6,135.95,0.0504,0.0,0.0,0.9433,0.006,True,True,False,False,0.0,,無事件,等待下一次確認。,0.0,303,v266.62,2026-09-27 13:49:01,10.0,第一次站上MA20,NONE,128,20,NONE,MA20剛站回,51,45.0,0.0,0.0,0.0,6.4,靠近MA20臨界區｜均線收斂｜量能安靜,v266.68,2026-09-27 13:49:03,BUILDING_WAIT,主力潛伏：尚未放量，不急進場。,WATCH,51
6670,ALPHA,WAIT,ALPHA 時機未明，先觀察,15,273.0,264.5,259.7,258.8,266.04,0.0221,0.0602,0.0361,0.2966,0.0121,True,False,False,False,0.0,,無事件,等待下一次確認。,0.0,190,v266.62,2026-09-27 13:49:01,10.0,第一次站上MA20,NONE,114,20,NONE,MA20剛站回,52,45.0,0.0,0.0,0.0,6.4,靠近MA20臨界區｜均線收斂｜量能安靜,v266.68,2026-09-27 13:49:03,BUILDING_WAIT,主力潛伏：尚未放量，不急進場。,WATCH,52
5468,PRE,WAIT,PRE 佈局型：等待突破確認，小倉觀察，不主動重倉,100,24.55,24.55,24.52,24.53,24.64,0.011,0.0,0.0,0.8774,0.0007,True,True,False,False,0.0,,無事件,等待下一次確認。,0.0,233,v266.62,2026-09-27 13:49:01,10.0,第一次站上MA20,NONE,68,20,NONE,MA20剛站回,53,45.0,0.0,0.0,0.0,6.4,靠近MA20臨界區｜均線收斂｜量能安靜,v266.68,2026-09-27 13:49:03,BUILDING_WAIT,主力潛伏：尚未放量，不急進場。,WATCH,53
4763,ALPHA,WAIT,ALPHA 時機未明，先觀察,15,46.1,42.76,42.8,43.79,44.77,0.0398,0.0784,0.0989,0.7801,0.0221,False,False,False,False,0.0,,無事件,等待下一次確認。,0.0,133,v266.62,2026-09-27 13:49:01,10.0,第一次站上MA20,NONE,117,20,NONE,MA20剛站回,54,45.0,0.0,0.0,0.0,6.4,靠近MA20臨界區｜均線收斂｜量能安靜,v266.68,2026-09-27 13:49:03,BUILDING_WAIT,主力潛伏：尚未放量，不急進場。,WATCH,54
6581,PRE,WAIT,PRE 佈局型：等待突破確認，小倉觀察，不主動重倉,80,108.5,108.8,108.4,108.1,108.65,0.0159,-0.0091,0.0093,0.2599,0.0046,True,True,False,False,0.0,,無事件,等待下一次確認。,0.0,23,v266.62,2026-09-27 13:49:01,10.0,第一次站上MA20,NONE,118,20,NONE,MA20剛站回,55,45.0,0.0,0.0,0.0,6.4,靠近MA20臨界區｜均線收斂｜量能安靜,v266.68,2026-09-27 13:49:03,BUILDING_WAIT,主力潛伏：尚未放量，不急進場。,WATCH,55
6615,PRE,WAIT,PRE 佈局型：等待突破確認，小倉觀察，不主動重倉,80,33.7,33.65,33.42,33.57,34.04,0.0208,0.0322,-0.0146,0.0533,0.0033,True,True,False,False,0.0,,無事件,等待下一次確認。,0.0,24,v266.62,2026-09-27 13:49:01,10.0,第一次站上MA20,NONE,119,20,NONE,MA20剛站回,56,45.0,0.0,0.0,0.0,6.4,靠近MA20臨界區｜均線收斂｜量能安靜,v266.68,2026-09-27 13:49:03,BUILDING_WAIT,主力潛伏：尚未放量，不急進場。,WATCH,56
3266,ALPHA,PULLBACK,回檔型：可觀察是否轉強，不追高,40,14.0,13.6,13.56,13.69,13.59,0.0254,0.0256,0.0072,0.222,0.0077,True,True,False,False,0.0,,無事件,等待下一次確認。,0.0,9,v266.62,2026-09-27 13:49:01,10.0,第一次站上MA20,NONE,120,20,NONE,MA20剛站回,57,45.0,0.0,0.0,0.0,6.4,靠近MA20臨界區｜均線收斂｜量能安靜,v266.68,2026-09-27 13:49:03,BUILDING_WAIT,主力潛伏：尚未放量，不急進場。,WATCH,57
7713,PRE,WAIT,PRE 佈局型：等待突破確認，小倉觀察，不主動重倉,100,73.8,73.8,73.77,73.78,73.74,0.0094,0.0,0.0,1.0098,0.0002,True,True,False,False,0.0,,無事件,等待下一次確認。,0.0,163,v266.62,2026-09-27 13:49:01,10.0,第一次站上MA20,NONE,105,20,NONE,MA20剛站回,58,45.0,0.0,0.0,0.0,6.4,靠近MA20臨界區｜均線收斂｜量能安靜,v266.68,2026-09-27 13:49:03,BUILDING_WAIT,主力潛伏：尚未放量，不急進場。,WATCH,58
8464,ALPHA,WAIT,ALPHA 時機未明，先觀察,15,372.5,342.4,344.3,354.23,370.78,0.0379,0.0956,-0.0119,0.1976,0.0292,True,False,False,False,0.0,,無事件,等待下一次確認。,0.0,183,v266.62,2026-09-27 13:49:01,10.0,第一次站上MA20,NONE,106,20,NONE,MA20剛站回,59,45.0,0.0,0.0,0.0,6.4,靠近MA20臨界區｜均線收斂｜量能安靜,v266.68,2026-09-27 13:49:03,BUILDING_WAIT,主力潛伏：尚未放量，不急進場。,WATCH,59
6763,PRE,WAIT,PRE 佈局型：等待突破確認，小倉觀察，不主動重倉,100,41.4,41.4,41.35,41.38,41.42,0.0107,0.0,0.0,0.9644,0.0006,True,True,False,False,0.0,,無事件,等待下一次確認。,0.0,171,v266.62,2026-09-27 13:49:01,10.0,第一次站上MA20,NONE,107,20,NONE,MA20剛站回,60,45.0,0.0,0.0,0.0,6.4,靠近MA20臨界區｜均線收斂｜量能安靜,v266.68,2026-09-27 13:49:03,BUILDING_WAIT,主力潛伏：尚未放量，不急進場。,WATCH,60
8070,ALPHA,WAIT,ALPHA 時機未明，先觀察,15,49.7,48.44,48.34,47.94,45.2,0.0351,0.0174,0.0354,0.4181,0.0092,True,False,False,False,0.0,,無事件,等待下一次確認。,0.0,179,v266.62,2026-09-27 13:49:01,10.0,第一次站上MA20,NONE,109,20,NONE,MA20剛站回,61,45.0,0.0,0.0,0.0,6.4,靠近MA20臨界區｜均線收斂｜量能安靜,v266.68,2026-09-27 13:49:03,BUILDING_WAIT,主力潛伏：尚未放量，不急進場。,WATCH,61
7631,ALPHA,WAIT,ALPHA 時機未明，先觀察,15,138.5,129.2,127.85,130.88,120.93,0.056,0.0863,0.1688,0.3909,0.017,False,False,False,False,0.0,,無事件,等待下一次確認。,0.0,186,v266.62,2026-09-27 13:49:01,10.0,第一次站上MA20,NONE,112,20,NONE,MA20剛站回,62,45.0,0.0,0.0,0.0,6.4,靠近MA20臨界區｜均線收斂｜量能安靜,v266.68,2026-09-27 13:49:03,BUILDING_WAIT,主力潛伏：尚未放量，不急進場。,WATCH,62
9944,ALPHA,WAIT,ALPHA 時機未明，先觀察,15,17.25,16.88,16.62,16.59,16.54,0.0143,0.0486,0.036,0.2616,0.0093,True,False,False,False,0.0,,無事件,等待下一次確認。,0.0,224,v266.62,2026-09-27 13:49:01,10.0,第一次站上MA20,NONE,97,20,NONE,MA20剛站回,63,45.0,0.0,0.0,0.0,6.4,靠近MA20臨界區｜均線收斂｜量能安靜,v266.68,2026-09-27 13:49:03,BUILDING_WAIT,主力潛伏：尚未放量，不急進場。,WATCH,63
2066,PRE,WAIT,PRE 佈局型：等待突破確認，小倉觀察，不主動重倉,100,52.9,52.9,52.68,52.84,52.97,0.0161,0.0,0.0,0.9901,0.0021,True,True,False,False,0.0,,無事件,等待下一次確認。,0.0,210,v266.62,2026-09-27 13:49:01,10.0,第一次站上MA20,NONE,98,20,NONE,MA20剛站回,64,45.0,0.0,0.0,0.0,6.4,靠近MA20臨界區｜均線收斂｜量能安靜,v266.68,2026-09-27 13:49:03,BUILDING_WAIT,主力潛伏：尚未放量，不急進場。,WATCH,64
2235,PRE,WAIT,PRE 佈局型：等待突破確認，小倉觀察，不主動重倉,100,28.3,28.3,28.27,28.29,28.28,0.002,0.0,0.0,0.8696,0.0004,True,True,False,False,0.0,,無事件,等待下一次確認。,0.0,211,v266.62,2026-09-27 13:49:01,10.0,第一次站上MA20,NONE,99,20,NONE,MA20剛站回,65,45.0,0.0,0.0,0.0,6.4,靠近MA20臨界區｜均線收斂｜量能安靜,v266.68,2026-09-27 13:49:03,BUILDING_WAIT,主力潛伏：尚未放量，不急進場。,WATCH,65
6189,PRE,WAIT,PRE 佈局型：等待突破確認，小倉觀察，不主動重倉,80,49.2,48.53,48.61,47.99,46.75,0.0253,0.0082,0.0424,0.2663,0.0117,True,True,False,False,0.0,,無事件,等待下一次確認。,0.0,36,v266.62,2026-09-27 13:49:01,10.0,第一次站上MA20,NONE,37,20,NONE,MA20剛站回,66,45.0,0.0,0.0,0.0,6.4,靠近MA20臨界區｜均線收斂｜量能安靜,v266.68,2026-09-27 13:49:03,BUILDING_WAIT,主力潛伏：尚未放量，不急進場。,WATCH,66
6419,PRE,WAIT,PRE 佈局型：等待突破確認，小倉觀察，不主動重倉,80,149.0,149.0,148.4,148.97,149.3,0.0141,0.0,0.0,0.6815,0.002,False,True,False,False,0.0,,無事件,等待下一次確認。,0.0,37,v266.62,2026-09-27 13:49:01,10.0,第一次站上MA20,NONE,38,20,NONE,MA20剛站回,67,45.0,0.0,0.0,0.0,6.4,靠近MA20臨界區｜均線收斂｜量能安靜,v266.68,2026-09-27 13:49:03,BUILDING_WAIT,主力潛伏：尚未放量，不急進場。,WATCH,67
6464,PRE,WAIT,PRE 佈局型：等待突破確認，小倉觀察，不主動重倉,80,77.0,76.48,76.3,76.25,76.78,0.0138,0.0079,0.0026,0.0294,0.0019,True,True,False,False,0.0,,無事件,等待下一次確認。,0.0,38,v266.62,2026-09-27 13:49:01,10.0,第一次站上MA20,NONE,39,20,NONE,MA20剛站回,68,45.0,0.0,0.0,0.0,6.4,靠近MA20臨界區｜均線收斂｜量能安靜,v266.68,2026-09-27 13:49:03,BUILDING_WAIT,主力潛伏：尚未放量，不急進場。,WATCH,68
6266,PRE,WAIT,PRE 佈局型：等待突破確認，小倉觀察，不主動重倉,100,24.9,24.9,24.89,24.89,24.91,0.0067,0.0,0.0,0.9424,0.0001,True,True,False,False,0.0,,無事件,等待下一次確認。,0.0,268,v266.62,2026-09-27 13:49:01,10.0,第一次站上MA20,NONE,40,20,NONE,MA20剛站回,69,45.0,0.0,0.0,0.0,6.4,靠近MA20臨界區｜均線收斂｜量能安靜,v266.68,2026-09-27 13:49:03,BUILDING_WAIT,主力潛伏：尚未放量，不急進場。,WATCH,69
1527,PRE,WAIT,PRE 佈局型：等待突破確認，小倉觀察，不主動重倉,80,32.65,32.46,32.52,32.64,32.89,0.0125,0.0,-0.0136,0.4094,0.0044,True,True,False,False,0.0,,無事件,等待下一次確認。,0.0,148,v266.62,2026-09-27 13:49:01,10.0,第一次站上MA20,NONE,89,20,NONE,MA20剛站回,70,45.0,0.0,0.0,0.0,6.4,靠近MA20臨界區｜均線收斂｜量能安靜,v266.68,2026-09-27 13:49:03,BUILDING_WAIT,主力潛伏：尚未放量，不急進場。,WATCH,70
1704,PRE,WAIT,PRE 佈局型：等待突破確認，小倉觀察，不主動重倉,80,53.1,53.1,52.99,52.9,52.37,0.0017,0.0038,0.0076,0.0,0.0026,True,True,False,False,0.0,,無事件,等待下一次確認。,0.0,150,v266.62,2026-09-27 13:49:01,10.0,第一次站上MA20,NONE,90,20,NONE,MA20剛站回,71,45.0,0.0,0.0,0.0,6.4,靠近MA20臨界區｜均線收斂｜量能安靜,v266.68,2026-09-27 13:49:03,BUILDING_WAIT,主力潛伏：尚未放量，不急進場。,WATCH,71
6907,PRE,WAIT,PRE 佈局型：等待突破確認，小倉觀察，不主動重倉,100,182.0,182.0,181.45,181.82,181.75,0.0225,0.0,0.0,0.9074,0.0015,False,True,False,False,0.0,,無事件,等待下一次確認。,0.0,177,v266.62,2026-09-27 13:49:01,10.0,第一次站上MA20,NONE,108,20,NONE,MA20剛站回,72,45.0,0.0,0.0,0.0,6.4,靠近MA20臨界區｜均線收斂｜量能安靜,v266.68,2026-09-27 13:49:03,BUILDING_WAIT,主力潛伏：尚未放量，不急進場。,WATCH,72
1313,ALPHA,WAIT,ALPHA 時機未明，先觀察,15,12.15,11.36,11.17,11.52,11.93,0.0395,0.125,-0.0795,0.3067,0.0214,False,False,False,False,0.0,,無事件,等待下一次確認。,0.0,323,v266.62,2026-09-27 13:49:01,10.0,第一次站上MA20,NONE,145,20,NONE,MA20剛站回,73,45.0,0.0,0.0,0.0,6.4,靠近MA20臨界區｜均線收斂｜量能安靜,v266.68,2026-09-27 13:49:03,BUILDING_WAIT,主力潛伏：尚未放量，不急進場。,WATCH,73
1321,ALPHA,WAIT,ALPHA 時機未明，先觀察,15,32.45,30.11,30.13,31.12,32.68,0.0205,0.1094,-0.0211,0.2106,0.031,True,False,False,False,0.0,,無事件,等待下一次確認。,0.0,325,v266.62,2026-09-27 13:49:01,10.0,第一次站上MA20,NONE,147,20,NONE,MA20剛站回,74,45.0,0.0,0.0,0.0,6.4,靠近MA20臨界區｜均線收斂｜量能安靜,v266.68,2026-09-27 13:49:03,BUILDING_WAIT,主力潛伏：尚未放量，不急進場。,WATCH,74
1323,ALPHA,WAIT,ALPHA 時機未明，先觀察,15,21.4,19.82,19.91,20.54,19.96,0.0403,0.0863,-0.0183,0.0598,0.0315,False,False,False,False,0.0,,無事件,等待下一次確認。,0.0,326,v266.62,2026-09-27 13:49:01,10.0,第一次站上MA20,NONE,148,20,NONE,MA20剛站回,75,45.0,0.0,0.0,0.0,6.4,靠近MA20臨界區｜均線收斂｜量能安靜,v266.68,2026-09-27 13:49:03,BUILDING_WAIT,主力潛伏：尚未放量，不急進場。,WATCH,75
1101,CORE,PULLBACK,回檔型：接近 MA20，適合分批低接,20,25.25,25.22,24.87,24.76,24.72,0.0221,0.008,-0.002,1.4565,0.0113,True,True,False,False,0.0,,無事件,等待下一次確認。,0.0,212,v266.62,2026-09-27 13:49:01,10.0,第一次站上MA20,NONE,100,20,NONE,MA20剛站回,76,45.0,0.0,0.0,0.0,6.4,靠近MA20臨界區｜均線收斂｜量能安靜,v266.68,2026-09-27 13:49:03,BUILDING_WAIT,主力潛伏：尚未放量，不急進場。,WATCH,76
2820,PRE,WAIT,PRE 佈局型：等待突破確認，小倉觀察，不主動重倉,80,17.0,16.94,16.9,16.97,16.92,0.0116,0.0089,-0.0087,2.2409,0.0029,True,True,False,False,0.0,,無事件,等待下一次確認。,0.0,51,v266.62,2026-09-27 13:49:01,10.0,第一次站上MA20,NONE,138,20,NONE,MA20剛站回,77,45.0,0.0,0.0,0.0,6.4,靠近MA20臨界區｜均線收斂｜量能安靜,v266.68,2026-09-27 13:49:03,BUILDING_WAIT,主力潛伏：尚未放量，不急進場。,WATCH,77
2836,PRE,WAIT,PRE 佈局型：等待突破確認，小倉觀察，不主動重倉,80,12.15,11.94,11.9,11.97,12.17,0.0117,0.021,-0.0082,0.3039,0.0041,True,True,False,False,0.0,,無事件,等待下一次確認。,0.0,52,v266.62,2026-09-27 13:49:01,10.0,第一次站上MA20,NONE,139,20,NONE,MA20剛站回,78,45.0,0.0,0.0,0.0,6.4,靠近MA20臨界區｜均線收斂｜量能安靜,v266.68,2026-09-27 13:49:03,BUILDING_WAIT,主力潛伏：尚未放量，不急進場。,WATCH,78
2838,PRE,WAIT,PRE 佈局型：等待突破確認，小倉觀察，不主動重倉,80,21.0,20.68,20.49,20.51,20.24,0.0177,0.0145,-0.0024,0.7081,0.0045,True,True,False,False,0.0,,無事件,等待下一次確認。,0.0,53,v266.62,2026-09-27 13:49:01,10.0,第一次站上MA20,NONE,140,20,NONE,MA20剛站回,79,45.0,0.0,0.0,0.0,6.4,靠近MA20臨界區｜均線收斂｜量能安靜,v266.68,2026-09-27 13:49:03,BUILDING_WAIT,主力潛伏：尚未放量，不急進場。,WATCH,79
1608,ALPHA,WAIT,ALPHA 時機未明，先觀察,15,35.5,34.37,33.7,33.57,33.44,0.0302,0.0741,0.079,0.2546,0.0129,True,False,False,False,0.0,,無事件,等待下一次確認。,0.0,61,v266.62,2026-09-27 13:49:01,10.0,第一次站上MA20,NONE,144,20,NONE,MA20剛站回,80,45.0,0.0,0.0,0.0,6.4,靠近MA20臨界區｜均線收斂｜量能安靜,v266.68,2026-09-27 13:49:03,BUILDING_WAIT,主力潛伏：尚未放量，不急進場。,WATCH,80
6161,PRE,WAIT,PRE 佈局型：等待突破確認，小倉觀察，不主動重倉,100,49.15,49.15,49.01,49.1,49.18,0.0162,0.0,0.0,0.9307,0.0015,True,True,False,False,0.0,,無事件,等待下一次確認。,0.0,289,v266.62,2026-09-27 13:49:01,10.0,第一次站上MA20,NONE,130,20,NONE,MA20剛站回,81,45.0,0.0,0.0,0.0,6.4,靠近MA20臨界區｜均線收斂｜量能安靜,v266.68,2026-09-27 13:49:03,BUILDING_WAIT,主力潛伏：尚未放量，不急進場。,WATCH,81
2109,PRE,WAIT,PRE 佈局型：等待突破確認，小倉觀察，不主動重倉,70,15.0,14.2,14.22,14.4,14.73,0.0125,0.0714,0.0135,2.3031,0.0125,True,False,False,False,0.0,,無事件,等待下一次確認。,0.0,290,v266.62,2026-09-27 13:49:01,10.0,第一次站上MA20,NONE,131,20,NONE,MA20剛站回,82,45.0,0.0,0.0,0.0,6.4,靠近MA20臨界區｜均線收斂｜量能安靜,v266.68,2026-09-27 13:49:03,BUILDING_WAIT,主力潛伏：尚未放量，不急進場。,WATCH,82
2397,PRE,WAIT,PRE 佈局型：等待突破確認，小倉觀察，不主動重倉,70,62.2,60.06,58.84,58.74,57.84,0.0245,0.0525,0.0315,0.4124,0.0114,True,False,False,False,0.0,,無事件,等待下一次確認。,0.0,291,v266.62,2026-09-27 13:49:01,10.0,第一次站上MA20,NONE,132,20,NONE,MA20剛站回,83,45.0,0.0,0.0,0.0,6.4,靠近MA20臨界區｜均線收斂｜量能安靜,v266.68,2026-09-27 13:49:03,BUILDING_WAIT,主力潛伏：尚未放量，不急進場。,WATCH,83
3426,PRE,WAIT,PRE 佈局型：等待突破確認，小倉觀察，不主動重倉,80,47.8,47.7,47.68,47.64,46.89,0.0008,0.0031,0.0074,0.4592,0.0009,True,True,False,False,0.0,,無事件,等待下一次確認。,0.0,42,v266.62,2026-09-27 13:49:01,10.0,第一次站上MA20,NONE,134,20,NONE,MA20剛站回,84,45.0,0.0,0.0,0.0,6.4,靠近MA20臨界區｜均線收斂｜量能安靜,v266.68,2026-09-27 13:49:03,BUILDING_WAIT,主力潛伏：尚未放量，不急進場。,WATCH,84
3492,PRE,WAIT,PRE 佈局型：等待突破確認，小倉觀察，不主動重倉,80,19.15,19.15,19.11,19.13,19.2,0.0103,0.0,0.0,0.5368,0.0009,True,True,False,False,0.0,,無事件,等待下一次確認。,0.0,43,v266.62,2026-09-27 13:49:01,10.0,第一次站上MA20,NONE,135,20,NONE,MA20剛站回,85,45.0,0.0,0.0,0.0,6.4,靠近MA20臨界區｜均線收斂｜量能安靜,v266.68,2026-09-27 13:49:03,BUILDING_WAIT,主力潛伏：尚未放量，不急進場。,WATCH,85
1733,ALPHA,WAIT,ALPHA 時機未明，先觀察,15,30.3,28.77,28.59,28.96,29.44,0.0188,0.0745,0.0202,0.2643,0.0091,True,False,False,False,0.0,,無事件,等待下一次確認。,0.0,63,v266.62,2026-09-27 13:49:01,10.0,第一次站上MA20,NONE,136,20,NONE,MA20剛站回,86,45.0,0.0,0.0,0.0,6.4,靠近MA20臨界區｜均線收斂｜量能安靜,v266.68,2026-09-27 13:49:03,BUILDING_WAIT,主力潛伏：尚未放量，不急進場。,WATCH,86
2753,PRE,WAIT,PRE 佈局型：等待突破確認，小倉觀察，不主動重倉,80,180.0,179.8,179.4,179.97,181.86,0.0122,-0.0028,-0.0164,0.1537,0.0021,True,True,False,False,0.0,,無事件,等待下一次確認。,0.0,50,v266.62,2026-09-27 13:49:01,10.0,第一次站上MA20,NONE,137,20,NONE,MA20剛站回,87,45.0,0.0,0.0,0.0,6.4,靠近MA20臨界區｜均線收斂｜量能安靜,v266.68,2026-09-27 13:49:03,BUILDING_WAIT,主力潛伏：尚未放量，不急進場。,WATCH,87
4183,PRE,WAIT,PRE 佈局型：等待突破確認，小倉觀察，不主動重倉,100,13.3,13.3,13.29,13.29,13.32,0.0008,0.0,0.0,1.0487,0.0004,True,True,False,False,0.0,,無事件,等待下一次確認。,0.0,237,v266.62,2026-09-27 13:49:01,10.0,第一次站上MA20,NONE,69,20,NONE,MA20剛站回,88,45.0,0.0,0.0,0.0,6.4,靠近MA20臨界區｜均線收斂｜量能安靜,v266.68,2026-09-27 13:49:03,BUILDING_WAIT,主力潛伏：尚未放量，不急進場。,WATCH,88
3489,PRE,WAIT,PRE 佈局型：等待突破確認，小倉觀察，不主動重倉,100,22.65,22.65,22.51,22.6,22.69,0.0195,0.0,0.0,0.9571,0.003,True,True,False,False,0.0,,無事件,等待下一次確認。,0.0,255,v266.62,2026-09-27 13:49:01,10.0,第一次站上MA20,NONE,70,20,NONE,MA20剛站回,89,45.0,0.0,0.0,0.0,6.4,靠近MA20臨界區｜均線收斂｜量能安靜,v266.68,2026-09-27 13:49:03,BUILDING_WAIT,主力潛伏：尚未放量，不急進場。,WATCH,89
3558,PRE,WAIT,PRE 佈局型：等待突破確認，小倉觀察，不主動重倉,100,122.0,122.0,121.75,121.9,122.12,0.0213,0.0,0.0,0.9396,0.001,True,True,False,False,0.0,,無事件,等待下一次確認。,0.0,242,v266.62,2026-09-27 13:49:01,10.0,第一次站上MA20,NONE,71,20,NONE,MA20剛站回,90,45.0,0.0,0.0,0.0,6.4,靠近MA20臨界區｜均線收斂｜量能安靜,v266.68,2026-09-27 13:49:03,BUILDING_WAIT,主力潛伏：尚未放量，不急進場。,WATCH,90
3577,PRE,WAIT,PRE 佈局型：等待突破確認，小倉觀察，不主動重倉,100,114.0,114.0,113.55,113.92,114.22,0.0268,0.0,0.0,0.8,0.002,False,True,False,False,0.0,,無事件,等待下一次確認。,0.0,243,v266.62,2026-09-27 13:49:01,10.0,第一次站上MA20,NONE,72,20,NONE,MA20剛站回,91,45.0,0.0,0.0,0.0,6.4,靠近MA20臨界區｜均線收斂｜量能安靜,v266.68,2026-09-27 13:49:03,BUILDING_WAIT,主力潛伏：尚未放量，不急進場。,WATCH,91
1456,ALPHA,WAIT,ALPHA 時機未明，先觀察,25,14.7,14.37,13.87,13.94,13.79,0.0442,0.1351,0.0138,2.2634,0.0172,True,False,False,False,0.0,,無事件,等待下一次確認。,0.0,11,v266.62,2026-09-27 13:49:01,10.0,第一次站上MA20,NONE,121,20,NONE,MA20剛站回,92,45.0,0.0,0.0,0.0,6.4,靠近MA20臨界區｜均線收斂｜量能安靜,v266.68,2026-09-27 13:49:03,BUILDING_WAIT,主力潛伏：尚未放量，不急進場。,WATCH,92
3441,PRE,WAIT,PRE 條件未完整，僅保留觀察,55,181.0,181.0,179.85,178.18,178.46,0.063,0.0,0.0,0.2135,0.0124,True,True,False,False,0.0,,無事件,等待下一次確認。,0.0,20,v266.62,2026-09-27 13:49:01,10.0,第一次站上MA20,NONE,123,20,NONE,MA20剛站回,93,45.0,0.0,0.0,0.0,6.4,靠近MA20臨界區｜均線收斂｜量能安靜,v266.68,2026-09-27 13:49:03,BUILDING_WAIT,主力潛伏：尚未放量，不急進場。,WATCH,93
6840,PRE,WAIT,PRE 佈局型：等待突破確認，小倉觀察，不主動重倉,75,103.0,103.0,101.7,101.9,102.18,0.0358,0.0,0.0,0.979,0.0063,True,True,False,False,0.0,,無事件,等待下一次確認。,0.0,304,v266.62,2026-09-27 13:49:01,10.0,第一次站上MA20,NONE,129,20,NONE,MA20剛站回,94,45.0,0.0,0.0,0.0,6.4,靠近MA20臨界區｜均線收斂｜量能安靜,v266.68,2026-09-27 13:49:03,BUILDING_WAIT,主力潛伏：尚未放量，不急進場。,WATCH,94
3015,CORE,WAIT,CORE 尚未到理想進場點，等待突破或回檔,15,53.3,51.32,50.96,50.81,51.5,0.0232,0.0492,0.0431,0.656,0.0062,True,False,False,False,0.0,,無事件,等待下一次確認。,0.0,214,v266.62,2026-09-27 13:49:01,10.0,第一次站上MA20,NONE,102,20,NONE,MA20剛站回,95,45.0,0.0,0.0,0.0,6.4,靠近MA20臨界區｜均線收斂｜量能安靜,v266.68,2026-09-27 13:49:03,BUILDING_WAIT,主力潛伏：尚未放量，不急進場。,WATCH,95
8354,PRE,WAIT,PRE 佈局型：等待突破確認，小倉觀察，不主動重倉,100,17.1,17.1,17.07,17.09,17.11,0.0126,0.0,0.0,0.9213,0.0009,True,True,False,False,0.0,,無事件,等待下一次確認。,0.0,168,v266.62,2026-09-27 13:49:01,10.0,第一次站上MA20,NONE,103,20,NONE,MA20剛站回,96,45.0,0.0,0.0,0.0,6.4,靠近MA20臨界區｜均線收斂｜量能安靜,v266.68,2026-09-27 13:49:03,BUILDING_WAIT,主力潛伏：尚未放量，不急進場。,WATCH,96
9934,ALPHA,WAIT,ALPHA 時機未明，先觀察,15,9.84,9.57,9.37,9.45,9.57,0.0185,0.0837,0.025,0.2344,0.0104,True,False,False,False,0.0,,無事件,等待下一次確認。,0.0,222,v266.62,2026-09-27 13:49:01,10.0,第一次站上MA20,NONE,104,20,NONE,MA20剛站回,97,45.0,0.0,0.0,0.0,6.4,靠近MA20臨界區｜均線收斂｜量能安靜,v266.68,2026-09-27 13:49:03,BUILDING_WAIT,主力潛伏：尚未放量，不急進場。,WATCH,97
2476,ALPHA,WAIT,ALPHA 時機未明，先觀察,15,122.5,117.4,116.2,116.88,95.29,0.0563,0.0746,0.1611,0.0989,0.0049,False,False,False,False,0.0,,無事件,等待下一次確認。,0.0,80,v266.62,2026-09-27 13:49:01,10.0,第一次站上MA20,NONE,61,20,NONE,MA20剛站回,98,45.0,0.0,0.0,0.0,6.4,靠近MA20臨界區｜均線收斂｜量能安靜,v266.68,2026-09-27 13:49:03,BUILDING_WAIT,主力潛伏：尚未放量，不急進場。,WATCH,98
1817,ALPHA,WAIT,ALPHA 時機未明，先觀察,15,40.15,38.92,38.76,38.73,38.77,0.0085,0.0402,0.0361,0.4073,0.0028,True,False,False,False,0.0,,無事件,等待下一次確認。,0.0,66,v266.62,2026-09-27 13:49:01,10.0,第一次站上MA20,NONE,62,20,NONE,MA20剛站回,99,45.0,0.0,0.0,0.0,6.4,靠近MA20臨界區｜均線收斂｜量能安靜,v266.68,2026-09-27 13:49:03,BUILDING_WAIT,主力潛伏：尚未放量，不急進場。,WATCH,99
4946,PRE,WAIT,PRE 佈局型：等待突破確認，小倉觀察，不主動重倉,100,98.0,98.0,97.42,97.46,97.53,0.0317,0.0,0.0,0.9992,0.003,True,True,False,False,0.0,,無事件,等待下一次確認。,0.0,229,v266.62,2026-09-27 13:49:01,10.0,第一次站上MA20,NONE,49,20,NONE,MA20剛站回,101,45.0,0.0,0.0,0.0,6.4,靠近MA20臨界區｜均線收斂｜量能安靜,v266.68,2026-09-27 13:49:03,BUILDING_WAIT,主力潛伏：尚未放量，不急進場。,WATCH,100
4987,PRE,WAIT,PRE 佈局型：等待突破確認，小倉觀察，不主動重倉,100,81.5,81.48,81.46,81.38,81.06,0.0011,0.0,0.0037,0.8836,0.0011,True,True,False,False,0.0,,無事件,等待下一次確認。,0.0,230,v266.62,2026-09-27 13:49:01,10.0,第一次站上MA20,NONE,50,20,NONE,MA20剛站回,102,45.0,0.0,0.0,0.0,6.4,靠近MA20臨界區｜均線收斂｜量能安靜,v266.68,2026-09-27 13:49:03,BUILDING_WAIT,主力潛伏：尚未放量，不急進場。,WATCH,101
2910,ALPHA,WAIT,ALPHA 時機未明，先觀察,15,23.55,22.67,22.24,22.35,21.78,0.0305,0.0608,0.0632,0.1776,0.0092,True,False,False,False,0.0,,無事件,等待下一次確認。,0.0,114,v266.62,2026-09-27 13:49:01,10.0,第一次站上MA20,NONE,54,20,NONE,MA20剛站回,103,45.0,0.0,0.0,0.0,6.4,靠近MA20臨界區｜均線收斂｜量能安靜,v266.68,2026-09-27 13:49:03,BUILDING_WAIT,主力潛伏：尚未放量，不急進場。,WATCH,102
6492,PRE,WAIT,PRE 佈局型：等待突破確認，小倉觀察，不主動重倉,100,34.2,34.2,34.11,34.17,34.27,0.0195,0.0,0.0,0.8848,0.0013,True,True,False,False,0.0,,無事件,等待下一次確認。,0.0,273,v266.62,2026-09-27 13:49:01,10.0,第一次站上MA20,NONE,41,20,NONE,MA20剛站回,104,45.0,0.0,0.0,0.0,6.4,靠近MA20臨界區｜均線收斂｜量能安靜,v266.68,2026-09-27 13:49:03,BUILDING_WAIT,主力潛伏：尚未放量，不急進場。,WATCH,103
6170,PRE,WAIT,PRE 佈局型：等待突破確認，小倉觀察，不主動重倉,100,48.4,48.4,48.36,48.37,48.37,0.0132,0.0,0.0,1.0146,0.0004,True,True,False,False,0.0,,無事件,等待下一次確認。,0.0,275,v266.62,2026-09-27 13:49:01,10.0,第一次站上MA20,NONE,42,20,NONE,MA20剛站回,105,45.0,0.0,0.0,0.0,6.4,靠近MA20臨界區｜均線收斂｜量能安靜,v266.68,2026-09-27 13:49:03,BUILDING_WAIT,主力潛伏：尚未放量，不急進場。,WATCH,104
6171,PRE,WAIT,PRE 佈局型：等待突破確認，小倉觀察，不主動重倉,100,26.4,26.4,26.34,26.38,26.36,0.0139,0.0,0.0,0.9574,0.001,True,True,False,False,0.0,,無事件,等待下一次確認。,0.0,276,v266.62,2026-09-27 13:49:01,10.0,第一次站上MA20,NONE,43,20,NONE,MA20剛站回,106,45.0,0.0,0.0,0.0,6.4,靠近MA20臨界區｜均線收斂｜量能安靜,v266.68,2026-09-27 13:49:03,BUILDING_WAIT,主力潛伏：尚未放量，不急進場。,WATCH,105
5287,PRE,WAIT,PRE 佈局型：等待突破確認，小倉觀察，不主動重倉,100,137.0,137.0,136.75,136.82,137.26,0.0089,0.0,0.0,0.8869,0.0009,True,True,False,False,0.0,,無事件,等待下一次確認。,0.0,232,v266.62,2026-09-27 13:49:01,10.0,第一次站上MA20,NONE,45,20,NONE,MA20剛站回,107,45.0,0.0,0.0,0.0,6.4,靠近MA20臨界區｜均線收斂｜量能安靜,v266.68,2026-09-27 13:49:03,BUILDING_WAIT,主力潛伏：尚未放量，不急進場。,WATCH,106
5488,PRE,WAIT,PRE 佈局型：等待突破確認，小倉觀察，不主動重倉,100,11.85,11.85,11.82,11.84,11.87,0.0192,0.0,0.0,0.8084,0.0011,True,True,False,False,0.0,,無事件,等待下一次確認。,0.0,283,v266.62,2026-09-27 13:49:01,10.0,第一次站上MA20,NONE,46,20,NONE,MA20剛站回,108,45.0,0.0,0.0,0.0,6.4,靠近MA20臨界區｜均線收斂｜量能安靜,v266.68,2026-09-27 13:49:03,BUILDING_WAIT,主力潛伏：尚未放量，不急進場。,WATCH,107
2029,CORE,BREAK,突破型：可分批追，但避免開盤急拉直接追,50,21.55,20.51,20.34,20.41,20.77,0.0175,0.0642,0.0386,1.3332,0.0038,True,False,False,True,0.0,,無事件,等待下一次確認。,0.0,225,v266.62,2026-09-27 13:49:01,10.0,第一次站上MA20,NONE,47,20,NONE,MA20剛站回,109,45.0,0.0,0.0,0.0,6.4,靠近MA20臨界區｜均線收斂｜量能安靜,v266.68,2026-09-27 13:49:03,BUILDING_WAIT,主力潛伏：尚未放量，不急進場。,WATCH,108
4729,PRE,WAIT,PRE 佈局型：等待突破確認，小倉觀察，不主動重倉,100,18.8,18.8,18.75,18.78,18.81,0.0106,0.0,0.0,0.9369,0.0013,True,True,False,False,0.0,,無事件,等待下一次確認。,0.0,228,v266.62,2026-09-27 13:49:01,10.0,第一次站上MA20,NONE,48,20,NONE,MA20剛站回,110,45.0,0.0,0.0,0.0,6.4,靠近MA20臨界區｜均線收斂｜量能安靜,v266.68,2026-09-27 13:49:03,BUILDING_WAIT,主力潛伏：尚未放量，不急進場。,WATCH,109
2401,ALPHA,WAIT,ALPHA 時機未明，先觀察,15,25.55,25.57,25.09,24.59,22.24,0.0527,0.0179,0.164,0.1241,0.0291,False,False,False,False,0.0,,無事件,等待下一次確認。,0.0,86,v266.62,2026-09-27 13:49:01,10.0,第一次站上MA20,NONE,33,20,NONE,MA20剛站回,111,45.0,0.0,0.0,0.0,6.4,靠近MA20臨界區｜均線收斂｜量能安靜,v266.68,2026-09-27 13:49:03,BUILDING_WAIT,主力潛伏：尚未放量，不急進場。,WATCH,110
3207,PRE,WAIT,PRE 佈局型：等待突破確認，小倉觀察，不主動重倉,80,37.95,37.95,37.82,37.93,38.01,0.0162,0.0,0.0,0.6636,0.0017,False,True,False,False,0.0,,無事件,等待下一次確認。,0.0,40,v266.62,2026-09-27 13:49:01,10.0,第一次站上MA20,NONE,34,20,NONE,MA20剛站回,112,45.0,0.0,0.0,0.0,6.4,靠近MA20臨界區｜均線收斂｜量能安靜,v266.68,2026-09-27 13:49:03,BUILDING_WAIT,主力潛伏：尚未放量，不急進場。,WATCH,111
6486,PRE,WAIT,PRE 佈局型：等待突破確認，小倉觀察，不主動重倉,100,80.6,80.6,80.5,80.41,80.43,0.0123,0.0,0.0,0.9252,0.0017,True,True,False,False,0.0,,無事件,等待下一次確認。,0.0,272,v266.62,2026-09-27 13:49:01,10.0,第一次站上MA20,NONE,26,20,NONE,MA20剛站回,113,45.0,0.0,0.0,0.0,6.4,靠近MA20臨界區｜均線收斂｜量能安靜,v266.68,2026-09-27 13:49:03,BUILDING_WAIT,主力潛伏：尚未放量，不急進場。,WATCH,112
6642,PRE,WAIT,PRE 佈局型：等待突破確認，小倉觀察，不主動重倉,100,78.4,78.4,78.07,78.34,78.52,0.0196,0.0,0.0,0.8957,0.0021,False,True,False,False,0.0,,無事件,等待下一次確認。,0.0,262,v266.62,2026-09-27 13:49:01,10.0,第一次站上MA20,NONE,27,20,NONE,MA20剛站回,114,45.0,0.0,0.0,0.0,6.4,靠近MA20臨界區｜均線收斂｜量能安靜,v266.68,2026-09-27 13:49:03,BUILDING_WAIT,主力潛伏：尚未放量，不急進場。,WATCH,113
1414,ALPHA,WAIT,ALPHA 時機未明，先觀察,15,17.45,16.48,16.51,16.52,18.09,0.0294,0.0576,0.0449,0.4863,0.0011,True,False,False,False,0.0,,無事件,等待下一次確認。,0.0,73,v266.62,2026-09-27 13:49:01,10.0,第一次站上MA20,NONE,28,20,NONE,MA20剛站回,115,45.0,0.0,0.0,0.0,6.4,靠近MA20臨界區｜均線收斂｜量能安靜,v266.68,2026-09-27 13:49:03,BUILDING_WAIT,主力潛伏：尚未放量，不急進場。,WATCH,114
1439,ALPHA,WAIT,ALPHA 時機未明，先觀察,15,28.15,26.91,26.73,26.93,27.86,0.0287,0.0583,0.0274,0.0794,0.0041,True,False,False,False,0.0,,無事件,等待下一次確認。,0.0,75,v266.62,2026-09-27 13:49:01,10.0,第一次站上MA20,NONE,29,20,NONE,MA20剛站回,116,45.0,0.0,0.0,0.0,6.4,靠近MA20臨界區｜均線收斂｜量能安靜,v266.68,2026-09-27 13:49:03,BUILDING_WAIT,主力潛伏：尚未放量，不急進場。,WATCH,115
2477,ALPHA,WAIT,ALPHA 時機未明，先觀察,15,23.05,21.5,21.12,22.25,23.42,0.0271,0.1299,-0.0335,0.2791,0.0409,False,False,False,False,0.0,,無事件,等待下一次確認。,0.0,81,v266.62,2026-09-27 13:49:01,10.0,第一次站上MA20,NONE,31,20,NONE,MA20剛站回,117,45.0,0.0,0.0,0.0,6.4,靠近MA20臨界區｜均線收斂｜量能安靜,v266.68,2026-09-27 13:49:03,BUILDING_WAIT,主力潛伏：尚未放量，不急進場。,WATCH,116
2511,ALPHA,WAIT,ALPHA 時機未明，先觀察,15,8.39,7.92,7.92,8.0,8.12,0.0158,0.062,0.0182,0.2838,0.01,True,False,False,False,0.0,,無事件,等待下一次確認。,0.0,83,v266.62,2026-09-27 13:49:01,10.0,第一次站上MA20,NONE,32,20,NONE,MA20剛站回,118,45.0,0.0,0.0,0.0,6.4,靠近MA20臨界區｜均線收斂｜量能安靜,v266.68,2026-09-27 13:49:03,BUILDING_WAIT,主力潛伏：尚未放量，不急進場。,WATCH,117
5227,PRE,WAIT,PRE 佈局型：等待突破確認，小倉觀察，不主動重倉,100,30.1,30.1,30.0,30.06,30.16,0.0207,0.0,0.0,0.9848,0.0017,True,True,False,False,0.0,,無事件,等待下一次確認。,0.0,231,v266.62,2026-09-27 13:49:01,10.0,第一次站上MA20,NONE,44,20,NONE,MA20剛站回,119,45.0,0.0,0.0,0.0,6.4,靠近MA20臨界區｜均線收斂｜量能安靜,v266.68,2026-09-27 13:49:03,BUILDING_WAIT,主力潛伏：尚未放量，不急進場。,WATCH,118
6637,PRE,WAIT,PRE 佈局型：等待突破確認，小倉觀察，不主動重倉,100,54.4,54.4,54.36,54.46,54.54,0.0217,0.0,0.0,0.9052,0.0016,False,True,False,False,0.0,,無事件,等待下一次確認。,0.0,261,v266.62,2026-09-27 13:49:01,0.0,,NONE,321,0,AVOID_CHASE,,125,45.0,0.0,0.0,0.0,4.6,靠近MA20臨界區｜均線收斂｜量能安靜,v266.68,2026-09-27 13:49:03,BUILDING_WAIT,主力潛伏：尚未放量，不急進場。,WATCH,119
8176,PRE,WAIT,PRE 佈局型：等待突破確認，小倉觀察，不主動重倉,80,9.78,9.78,9.79,9.79,9.79,0.0118,0.0,0.0,0.4572,0.0007,True,True,False,False,0.0,,無事件,等待下一次確認。,0.0,314,v266.62,2026-09-27 13:49:01,0.0,,NONE,322,0,AVOID_CHASE,,126,45.0,0.0,0.0,0.0,4.6,靠近MA20臨界區｜均線收斂｜量能安靜,v266.68,2026-09-27 13:49:03,BUILDING_WAIT,主力潛伏：尚未放量，不急進場。,WATCH,120
4167,PRE,WAIT,PRE 佈局型：等待突破確認，小倉觀察，不主動重倉,100,19.4,19.4,19.37,19.4,19.38,0.0224,0.0,0.0,0.9779,0.0009,False,True,False,False,0.0,,無事件,等待下一次確認。,0.0,236,v266.62,2026-09-27 13:49:01,0.0,,NONE,257,0,AVOID_CHASE,,128,45.0,0.0,0.0,0.0,4.6,靠近MA20臨界區｜均線收斂｜量能安靜,v266.68,2026-09-27 13:49:03,BUILDING_WAIT,主力潛伏：尚未放量，不急進場。,WATCH,121
4432,PRE,WAIT,PRE 佈局型：等待突破確認，小倉觀察，不主動重倉,100,15.5,15.5,15.53,15.53,15.52,0.0176,0.0,0.0,1.023,0.0008,True,True,False,False,0.0,,無事件,等待下一次確認。,0.0,238,v266.62,2026-09-27 13:49:01,0.0,,NONE,258,0,AVOID_CHASE,,129,45.0,0.0,0.0,0.0,4.6,靠近MA20臨界區｜均線收斂｜量能安靜,v266.68,2026-09-27 13:49:03,BUILDING_WAIT,主力潛伏：尚未放量，不急進場。,WATCH,122
4433,PRE,WAIT,PRE 佈局型：等待突破確認，小倉觀察，不主動重倉,100,18.3,18.3,18.31,18.34,18.34,0.0225,0.0,0.0,0.7517,0.0018,False,True,False,False,0.0,,無事件,等待下一次確認。,0.0,239,v266.62,2026-09-27 13:49:01,0.0,,NONE,275,0,AVOID_CHASE,,136,45.0,0.0,0.0,0.0,4.6,靠近MA20臨界區｜均線收斂｜量能安靜,v266.68,2026-09-27 13:49:03,BUILDING_WAIT,主力潛伏：尚未放量，不急進場。,WATCH,123
4523,PRE,WAIT,PRE 佈局型：等待突破確認，小倉觀察，不主動重倉,100,23.6,23.6,23.59,23.6,23.62,0.0101,0.0,0.0,0.8165,0.0004,True,True,False,False,0.0,,無事件,等待下一次確認。,0.0,240,v266.62,2026-09-27 13:49:01,0.0,,NONE,276,0,AVOID_CHASE,,137,45.0,0.0,0.0,0.0,4.6,靠近MA20臨界區｜均線收斂｜量能安靜,v266.68,2026-09-27 13:49:03,BUILDING_WAIT,主力潛伏：尚未放量，不急進場。,WATCH,124
4535,PRE,WAIT,PRE 佈局型：等待突破確認，小倉觀察，不主動重倉,100,26.8,26.8,26.81,26.86,26.86,0.0115,0.0,0.0,0.9171,0.0021,False,True,False,False,0.0,,無事件,等待下一次確認。,0.0,226,v266.62,2026-09-27 13:49:01,0.0,,NONE,277,0,AVOID_CHASE,,138,45.0,0.0,0.0,0.0,4.6,靠近MA20臨界區｜均線收斂｜量能安靜,v266.68,2026-09-27 13:49:03,BUILDING_WAIT,主力潛伏：尚未放量，不急進場。,WATCH,125
4584,PRE,WAIT,PRE 佈局型：等待突破確認，小倉觀察，不主動重倉,100,37.0,37.0,37.0,37.0,37.03,0.0186,0.0,0.0,0.8385,0.0,True,True,False,False,0.0,,無事件,等待下一次確認。,0.0,227,v266.62,2026-09-27 13:49:01,0.0,,NONE,278,0,AVOID_CHASE,,139,45.0,0.0,0.0,0.0,4.6,靠近MA20臨界區｜均線收斂｜量能安靜,v266.68,2026-09-27 13:49:03,BUILDING_WAIT,主力潛伏：尚未放量，不急進場。,WATCH,126
6219,PRE,WAIT,PRE 佈局型：等待突破確認，小倉觀察，不主動重倉,100,12.05,12.05,12.04,12.05,12.05,0.0127,0.0,0.0,0.9733,0.0002,True,True,False,False,0.0,,無事件,等待下一次確認。,0.0,281,v266.62,2026-09-27 13:49:01,0.0,,NONE,279,0,AVOID_CHASE,,140,45.0,0.0,0.0,0.0,4.6,靠近MA20臨界區｜均線收斂｜量能安靜,v266.68,2026-09-27 13:49:03,BUILDING_WAIT,主力潛伏：尚未放量，不急進場。,WATCH,127
5478,PRE,WAIT,PRE 佈局型：等待突破確認，小倉觀察，不主動重倉,100,97.0,97.0,96.96,97.05,97.06,0.0067,0.0,0.0,0.89,0.0007,True,True,False,False,0.0,,無事件,等待下一次確認。,0.0,282,v266.62,2026-09-27 13:49:01,0.0,,NONE,280,0,AVOID_CHASE,,141,45.0,0.0,0.0,0.0,4.6,靠近MA20臨界區｜均線收斂｜量能安靜,v266.68,2026-09-27 13:49:03,BUILDING_WAIT,主力潛伏：尚未放量，不急進場。,WATCH,128
5902,PRE,WAIT,PRE 佈局型：等待突破確認，小倉觀察，不主動重倉,100,34.25,34.25,34.27,34.26,34.26,0.0242,0.0,0.0,0.9799,0.0002,True,True,False,False,0.0,,無事件,等待下一次確認。,0.0,285,v266.62,2026-09-27 13:49:01,0.0,,NONE,282,0,AVOID_CHASE,,143,45.0,0.0,0.0,0.0,4.6,靠近MA20臨界區｜均線收斂｜量能安靜,v266.68,2026-09-27 13:49:03,BUILDING_WAIT,主力潛伏：尚未放量，不急進場。,WATCH,129
6101,PRE,WAIT,PRE 佈局型：等待突破確認，小倉觀察，不主動重倉,100,37.95,37.95,37.96,37.98,37.92,0.0189,0.0,0.0,0.7502,0.0006,True,True,False,False,0.0,,無事件,等待下一次確認。,0.0,287,v266.62,2026-09-27 13:49:01,0.0,,NONE,284,0,AVOID_CHASE,,145,45.0,0.0,0.0,0.0,4.6,靠近MA20臨界區｜均線收斂｜量能安靜,v266.68,2026-09-27 13:49:03,BUILDING_WAIT,主力潛伏：尚未放量，不急進場。,WATCH,130
6113,PRE,WAIT,PRE 佈局型：等待突破確認，小倉觀察，不主動重倉,100,22.2,22.2,22.18,22.22,22.25,0.0124,0.0,0.0,0.8005,0.0014,False,True,False,False,0.0,,無事件,等待下一次確認。,0.0,288,v266.62,2026-09-27 13:49:01,0.0,,NONE,285,0,AVOID_CHASE,,146,45.0,0.0,0.0,0.0,4.6,靠近MA20臨界區｜均線收斂｜量能安靜,v266.68,2026-09-27 13:49:03,BUILDING_WAIT,主力潛伏：尚未放量，不急進場。,WATCH,131
6169,PRE,WAIT,PRE 佈局型：等待突破確認，小倉觀察，不主動重倉,100,12.1,12.1,12.11,12.12,12.12,0.0178,0.0,0.0,0.8617,0.0012,False,True,False,False,0.0,,無事件,等待下一次確認。,0.0,274,v266.62,2026-09-27 13:49:01,0.0,,NONE,286,0,AVOID_CHASE,,147,45.0,0.0,0.0,0.0,4.6,靠近MA20臨界區｜均線收斂｜量能安靜,v266.68,2026-09-27 13:49:03,BUILDING_WAIT,主力潛伏：尚未放量，不急進場。,WATCH,132
6180,PRE,WAIT,PRE 佈局型：等待突破確認，小倉觀察，不主動重倉,100,40.6,40.6,40.61,40.64,40.63,0.0146,0.0,0.0,0.8783,0.0007,False,True,False,False,0.0,,無事件,等待下一次確認。,0.0,277,v266.62,2026-09-27 13:49:01,0.0,,NONE,287,0,AVOID_CHASE,,148,45.0,0.0,0.0,0.0,4.6,靠近MA20臨界區｜均線收斂｜量能安靜,v266.68,2026-09-27 13:49:03,BUILDING_WAIT,主力潛伏：尚未放量，不急進場。,WATCH,133
6185,PRE,WAIT,PRE 佈局型：等待突破確認，小倉觀察，不主動重倉,100,12.45,12.45,12.43,12.46,12.48,0.0265,0.0,0.0,0.8195,0.002,False,True,False,False,0.0,,無事件,等待下一次確認。,0.0,278,v266.62,2026-09-27 13:49:01,0.0,,NONE,288,0,AVOID_CHASE,,149,45.0,0.0,0.0,0.0,4.6,靠近MA20臨界區｜均線收斂｜量能安靜,v266.68,2026-09-27 13:49:03,BUILDING_WAIT,主力潛伏：尚未放量，不急進場。,WATCH,134
1614,PRE,WAIT,PRE 佈局型：等待突破確認，小倉觀察，不主動重倉,80,31.15,31.72,31.8,31.98,32.57,0.0119,-0.025,-0.0296,0.5157,0.0071,False,True,False,False,0.0,,無事件,等待下一次確認。,0.0,149,v266.62,2026-09-27 13:49:01,0.0,,NONE,239,0,AVOID_CHASE,,151,45.0,0.0,0.0,0.0,4.6,靠近MA20臨界區｜均線收斂｜量能安靜,v266.68,2026-09-27 13:49:03,BUILDING_WAIT,主力潛伏：尚未放量，不急進場。,WATCH,135
8411,PRE,WAIT,PRE 佈局型：等待突破確認，小倉觀察，不主動重倉,80,12.1,12.23,12.21,12.24,12.26,0.0159,-0.0041,-0.0202,2.604,0.0012,True,True,True,False,0.0,,無事件,等待下一次確認。,0.0,318,v266.62,2026-09-27 13:49:01,0.0,,NONE,324,0,AVOID_CHASE,,161,45.0,0.0,0.0,0.0,4.6,靠近MA20臨界區｜均線收斂｜量能安靜,v266.68,2026-09-27 13:49:03,BUILDING_WAIT,主力潛伏：尚未放量，不急進場。,WATCH,136
6624,PRE,WAIT,PRE 佈局型：等待突破確認，小倉觀察，不主動重倉,80,39.25,39.25,39.26,39.25,39.27,0.0027,0.0,0.0,0.6643,0.0001,True,True,False,False,0.0,,無事件,等待下一次確認。,0.0,25,v266.62,2026-09-27 13:49:01,0.0,,NONE,168,0,AVOID_CHASE,,166,45.0,0.0,0.0,0.0,4.6,靠近MA20臨界區｜均線收斂｜量能安靜,v266.68,2026-09-27 13:49:03,BUILDING_WAIT,主力潛伏：尚未放量，不急進場。,WATCH,137
2941,PRE,WAIT,PRE 佈局型：等待突破確認，小倉觀察，不主動重倉,100,32.3,32.3,32.3,32.3,32.27,0.0,0.0,0.0,1.0,0.0,True,True,False,False,0.0,,無事件,等待下一次確認。,0.0,202,v266.62,2026-09-27 13:49:01,0.0,,NONE,217,0,AVOID_CHASE,,167,45.0,0.0,0.0,0.0,4.6,靠近MA20臨界區｜均線收斂｜量能安靜,v266.68,2026-09-27 13:49:03,BUILDING_WAIT,主力潛伏：尚未放量，不急進場。,WATCH,138
3085,PRE,WAIT,PRE 佈局型：等待突破確認，小倉觀察，不主動重倉,100,11.45,11.45,11.45,11.46,11.47,0.0338,0.0,0.0,0.8413,0.0015,False,True,False,False,0.0,,無事件,等待下一次確認。,0.0,203,v266.62,2026-09-27 13:49:01,0.0,,NONE,218,0,AVOID_CHASE,,168,45.0,0.0,0.0,0.0,4.6,靠近MA20臨界區｜均線收斂｜量能安靜,v266.68,2026-09-27 13:49:03,BUILDING_WAIT,主力潛伏：尚未放量，不急進場。,WATCH,139
1586,PRE,WAIT,PRE 佈局型：等待突破確認，小倉觀察，不主動重倉,100,18.0,18.0,18.0,18.01,18.01,0.009,0.0,0.0,0.8565,0.0003,True,True,False,False,0.0,,無事件,等待下一次確認。,0.0,204,v266.62,2026-09-27 13:49:01,0.0,,NONE,219,0,AVOID_CHASE,,169,45.0,0.0,0.0,0.0,4.6,靠近MA20臨界區｜均線收斂｜量能安靜,v266.68,2026-09-27 13:49:03,BUILDING_WAIT,主力潛伏：尚未放量，不急進場。,WATCH,140
1780,PRE,WAIT,PRE 佈局型：等待突破確認，小倉觀察，不主動重倉,100,24.7,24.7,24.71,24.7,24.68,0.0244,0.0,0.0,1.0691,0.0004,True,True,False,False,0.0,,無事件,等待下一次確認。,0.0,205,v266.62,2026-09-27 13:49:01,0.0,,NONE,220,0,AVOID_CHASE,,170,45.0,0.0,0.0,0.0,4.6,靠近MA20臨界區｜均線收斂｜量能安靜,v266.68,2026-09-27 13:49:03,BUILDING_WAIT,主力潛伏：尚未放量，不急進場。,WATCH,141
1781,PRE,WAIT,PRE 佈局型：等待突破確認，小倉觀察，不主動重倉,100,10.05,10.05,10.07,10.08,10.08,0.0109,0.0,0.0,0.8287,0.0022,False,True,False,False,0.0,,無事件,等待下一次確認。,0.0,206,v266.62,2026-09-27 13:49:01,0.0,,NONE,221,0,AVOID_CHASE,,171,45.0,0.0,0.0,0.0,4.6,靠近MA20臨界區｜均線收斂｜量能安靜,v266.68,2026-09-27 13:49:03,BUILDING_WAIT,主力潛伏：尚未放量，不急進場。,WATCH,142
8279,PRE,WAIT,PRE 佈局型：等待突破確認，小倉觀察，不主動重倉,100,78.2,78.2,78.22,78.3,78.41,0.0115,0.0,0.0,1.0058,0.0012,True,True,False,False,0.0,,無事件,等待下一次確認。,0.0,167,v266.62,2026-09-27 13:49:01,0.0,,NONE,209,0,AVOID_CHASE,,173,45.0,0.0,0.0,0.0,4.6,靠近MA20臨界區｜均線收斂｜量能安靜,v266.68,2026-09-27 13:49:03,BUILDING_WAIT,主力潛伏：尚未放量，不急進場。,WATCH,143
3252,PRE,WAIT,PRE 佈局型：等待突破確認，小倉觀察，不主動重倉,80,15.3,15.3,15.3,15.3,15.31,0.0011,0.0,0.0,0.6661,0.0,True,True,False,False,0.0,,無事件,等待下一次確認。,0.0,41,v266.62,2026-09-27 13:49:01,0.0,,NONE,162,0,AVOID_CHASE,,176,45.0,0.0,0.0,0.0,4.6,靠近MA20臨界區｜均線收斂｜量能安靜,v266.68,2026-09-27 13:49:03,BUILDING_WAIT,主力潛伏：尚未放量，不急進場。,WATCH,144
4111,PRE,WAIT,PRE 佈局型：等待突破確認，小倉觀察，不主動重倉,80,28.7,28.7,28.7,28.7,28.72,0.0037,0.0,0.0,0.6001,0.0002,True,True,False,False,0.0,,無事件,等待下一次確認。,0.0,44,v266.62,2026-09-27 13:49:01,0.0,,NONE,163,0,AVOID_CHASE,,177,45.0,0.0,0.0,0.0,4.6,靠近MA20臨界區｜均線收斂｜量能安靜,v266.68,2026-09-27 13:49:03,BUILDING_WAIT,主力潛伏：尚未放量，不急進場。,WATCH,145
4439,PRE,WAIT,PRE 佈局型：等待突破確認，小倉觀察，不主動重倉,80,96.4,97.72,98.36,99.18,94.81,0.0291,-0.0302,-0.0113,0.4807,0.0118,False,True,True,False,0.0,,無事件,等待下一次確認。,0.0,45,v266.62,2026-09-27 13:49:01,0.0,,NONE,164,0,AVOID_CHASE,,178,45.0,0.0,0.0,0.0,4.6,靠近MA20臨界區｜均線收斂｜量能安靜,v266.68,2026-09-27 13:49:03,BUILDING_WAIT,主力潛伏：尚未放量，不急進場。,WATCH,146
4550,PRE,WAIT,PRE 佈局型：等待突破確認，小倉觀察，不主動重倉,80,24.0,24.0,24.02,24.01,24.01,0.0064,0.0,0.0,0.6467,0.0004,True,True,False,False,0.0,,無事件,等待下一次確認。,0.0,46,v266.62,2026-09-27 13:49:01,0.0,,NONE,165,0,AVOID_CHASE,,179,45.0,0.0,0.0,0.0,4.6,靠近MA20臨界區｜均線收斂｜量能安靜,v266.68,2026-09-27 13:49:03,BUILDING_WAIT,主力潛伏：尚未放量，不急進場。,WATCH,147
6983,PRE,WAIT,PRE 佈局型：等待突破確認，小倉觀察，不主動重倉,80,348.5,348.5,348.6,348.52,347.68,0.0268,0.0,0.0,0.7333,0.0001,False,True,False,False,0.0,,無事件,等待下一次確認。,0.0,27,v266.62,2026-09-27 13:49:01,0.0,,NONE,169,0,AVOID_CHASE,,183,45.0,0.0,0.0,0.0,4.6,靠近MA20臨界區｜均線收斂｜量能安靜,v266.68,2026-09-27 13:49:03,BUILDING_WAIT,主力潛伏：尚未放量，不急進場。,WATCH,148
7805,PRE,WAIT,PRE 佈局型：等待突破確認，小倉觀察，不主動重倉,80,498.0,498.0,497.9,498.45,501.27,0.0077,0.0,0.0,0.6259,0.001,True,True,False,False,0.0,,無事件,等待下一次確認。,0.0,28,v266.62,2026-09-27 13:49:01,0.0,,NONE,170,0,AVOID_CHASE,,184,45.0,0.0,0.0,0.0,4.6,靠近MA20臨界區｜均線收斂｜量能安靜,v266.68,2026-09-27 13:49:03,BUILDING_WAIT,主力潛伏：尚未放量，不急進場。,WATCH,149
7819,PRE,WAIT,PRE 佈局型：等待突破確認，小倉觀察，不主動重倉,80,34.35,34.35,34.33,34.35,34.41,0.0028,0.0,0.0,0.3148,0.0004,True,True,False,False,0.0,,無事件,等待下一次確認。,0.0,29,v266.62,2026-09-27 13:49:01,0.0,,NONE,171,0,AVOID_CHASE,,185,45.0,0.0,0.0,0.0,4.6,靠近MA20臨界區｜均線收斂｜量能安靜,v266.68,2026-09-27 13:49:03,BUILDING_WAIT,主力潛伏：尚未放量，不急進場。,WATCH,150
7842,PRE,WAIT,PRE 佈局型：等待突破確認，小倉觀察，不主動重倉,80,98.0,98.0,97.96,98.06,97.87,0.0164,0.0,0.0,0.4733,0.0008,True,True,False,False,0.0,,無事件,等待下一次確認。,0.0,30,v266.62,2026-09-27 13:49:01,0.0,,NONE,172,0,AVOID_CHASE,,186,45.0,0.0,0.0,0.0,4.6,靠近MA20臨界區｜均線收斂｜量能安靜,v266.68,2026-09-27 13:49:03,BUILDING_WAIT,主力潛伏：尚未放量，不急進場。,WATCH,151
4554,PRE,WAIT,PRE 佈局型：等待突破確認，小倉觀察，不主動重倉,80,28.25,28.25,28.24,28.32,28.34,0.0159,0.0,0.0,0.7037,0.0028,False,True,False,False,0.0,,無事件,等待下一次確認。,0.0,31,v266.62,2026-09-27 13:49:01,0.0,,NONE,173,0,AVOID_CHASE,,187,45.0,0.0,0.0,0.0,4.6,靠近MA20臨界區｜均線收斂｜量能安靜,v266.68,2026-09-27 13:49:03,BUILDING_WAIT,主力潛伏：尚未放量，不急進場。,WATCH,152
4950,PRE,WAIT,PRE 佈局型：等待突破確認，小倉觀察，不主動重倉,80,15.75,15.75,15.74,15.76,15.76,0.0052,0.0,0.0,0.2217,0.0008,False,True,False,False,0.0,,無事件,等待下一次確認。,0.0,32,v266.62,2026-09-27 13:49:01,0.0,,NONE,174,0,AVOID_CHASE,,188,45.0,0.0,0.0,0.0,4.6,靠近MA20臨界區｜均線收斂｜量能安靜,v266.68,2026-09-27 13:49:03,BUILDING_WAIT,主力潛伏：尚未放量，不急進場。,WATCH,153
8072,PRE,WAIT,PRE 條件未完整，僅保留觀察,55,28.35,28.23,28.13,28.55,28.67,0.0362,0.0,-0.0139,2.5442,0.0131,False,True,True,False,0.0,,無事件,等待下一次確認。,0.0,17,v266.62,2026-09-27 13:49:01,0.0,,NONE,175,0,AVOID_CHASE,,189,45.0,0.0,0.0,0.0,4.6,靠近MA20臨界區｜均線收斂｜量能安靜,v266.68,2026-09-27 13:49:03,BUILDING_WAIT,主力潛伏：尚未放量，不急進場。,WATCH,154
6474,PRE,WAIT,PRE 佈局型：等待突破確認，小倉觀察，不主動重倉,100,35.55,35.55,35.52,35.58,35.62,0.011,0.0,0.0,0.8949,0.0013,False,True,False,False,0.0,,無事件,等待下一次確認。,0.0,271,v266.62,2026-09-27 13:49:01,0.0,,NONE,316,0,AVOID_CHASE,,199,45.0,0.0,0.0,0.0,4.6,靠近MA20臨界區｜均線收斂｜量能安靜,v266.68,2026-09-27 13:49:03,BUILDING_WAIT,主力潛伏：尚未放量，不急進場。,WATCH,155
3521,PRE,WAIT,PRE 佈局型：等待突破確認，小倉觀察，不主動重倉,100,11.8,11.8,11.82,11.83,11.82,0.0131,0.0,0.0,0.9259,0.0013,False,True,False,False,0.0,,無事件,等待下一次確認。,0.0,257,v266.62,2026-09-27 13:49:01,0.0,,NONE,317,0,AVOID_CHASE,,200,45.0,0.0,0.0,0.0,4.6,靠近MA20臨界區｜均線收斂｜量能安靜,v266.68,2026-09-27 13:49:03,BUILDING_WAIT,主力潛伏：尚未放量，不急進場。,WATCH,156
6516,PRE,WAIT,PRE 佈局型：等待突破確認，小倉觀察，不主動重倉,100,57.0,57.0,56.99,57.04,57.05,0.0217,0.0,0.0,0.8733,0.0008,False,True,False,False,0.0,,無事件,等待下一次確認。,0.0,258,v266.62,2026-09-27 13:49:01,0.0,,NONE,318,0,AVOID_CHASE,,201,45.0,0.0,0.0,0.0,4.6,靠近MA20臨界區｜均線收斂｜量能安靜,v266.68,2026-09-27 13:49:03,BUILDING_WAIT,主力潛伏：尚未放量，不急進場。,WATCH,157
6548,PRE,WAIT,PRE 佈局型：等待突破確認，小倉觀察，不主動重倉,100,71.3,71.3,71.34,71.33,71.36,0.0236,0.0,0.0,0.9313,0.0003,True,True,False,False,0.0,,無事件,等待下一次確認。,0.0,259,v266.62,2026-09-27 13:49:01,0.0,,NONE,319,0,AVOID_CHASE,,202,45.0,0.0,0.0,0.0,4.6,靠近MA20臨界區｜均線收斂｜量能安靜,v266.68,2026-09-27 13:49:03,BUILDING_WAIT,主力潛伏：尚未放量，不急進場。,WATCH,158
6574,PRE,WAIT,PRE 佈局型：等待突破確認，小倉觀察，不主動重倉,100,118.5,118.5,118.6,118.7,118.76,0.0177,0.0,0.0,1.0099,0.0013,True,True,False,False,0.0,,無事件,等待下一次確認。,0.0,260,v266.62,2026-09-27 13:49:01,0.0,,NONE,320,0,AVOID_CHASE,,203,45.0,0.0,0.0,0.0,4.6,靠近MA20臨界區｜均線收斂｜量能安靜,v266.68,2026-09-27 13:49:03,BUILDING_WAIT,主力潛伏：尚未放量，不急進場。,WATCH,159
8401,PRE,WAIT,PRE 佈局型：等待突破確認，小倉觀察，不主動重倉,100,22.75,22.75,22.75,22.75,22.75,0.0129,0.0,0.0,0.9664,0.0001,True,True,False,False,0.0,,無事件,等待下一次確認。,0.0,169,v266.62,2026-09-27 13:49:01,0.0,,NONE,197,0,AVOID_CHASE,,209,45.0,0.0,0.0,0.0,4.6,靠近MA20臨界區｜均線收斂｜量能安靜,v266.68,2026-09-27 13:49:03,BUILDING_WAIT,主力潛伏：尚未放量，不急進場。,WATCH,160
6762,PRE,WAIT,PRE 佈局型：等待突破確認，小倉觀察，不主動重倉,100,159.0,159.0,159.0,159.0,159.18,0.0126,0.0,0.0,0.8579,0.0,True,True,False,False,0.0,,無事件,等待下一次確認。,0.0,170,v266.62,2026-09-27 13:49:01,0.0,,NONE,198,0,AVOID_CHASE,,210,45.0,0.0,0.0,0.0,4.6,靠近MA20臨界區｜均線收斂｜量能安靜,v266.68,2026-09-27 13:49:03,BUILDING_WAIT,主力潛伏：尚未放量，不急進場。,WATCH,161
6791,PRE,WAIT,PRE 佈局型：等待突破確認，小倉觀察，不主動重倉,100,99.1,99.1,99.19,99.19,99.18,0.0058,0.0,0.0,0.8047,0.0005,False,True,False,False,0.0,,無事件,等待下一次確認。,0.0,172,v266.62,2026-09-27 13:49:01,0.0,,NONE,199,0,AVOID_CHASE,,211,45.0,0.0,0.0,0.0,4.6,靠近MA20臨界區｜均線收斂｜量能安靜,v266.68,2026-09-27 13:49:03,BUILDING_WAIT,主力潛伏：尚未放量，不急進場。,WATCH,162
6804,PRE,WAIT,PRE 佈局型：等待突破確認，小倉觀察，不主動重倉,100,18.25,18.25,18.25,18.26,18.26,0.0108,0.0,0.0,1.0,0.0005,True,True,False,False,0.0,,無事件,等待下一次確認。,0.0,173,v266.62,2026-09-27 13:49:01,0.0,,NONE,200,0,AVOID_CHASE,,212,45.0,0.0,0.0,0.0,4.6,靠近MA20臨界區｜均線收斂｜量能安靜,v266.68,2026-09-27 13:49:03,BUILDING_WAIT,主力潛伏：尚未放量，不急進場。,WATCH,163
6843,PRE,WAIT,PRE 佈局型：等待突破確認，小倉觀察，不主動重倉,100,38.6,38.6,38.59,38.62,38.62,0.0207,0.0,0.0,0.9449,0.0006,True,True,False,False,0.0,,無事件,等待下一次確認。,0.0,175,v266.62,2026-09-27 13:49:01,0.0,,NONE,202,0,AVOID_CHASE,,214,45.0,0.0,0.0,0.0,4.6,靠近MA20臨界區｜均線收斂｜量能安靜,v266.68,2026-09-27 13:49:03,BUILDING_WAIT,主力潛伏：尚未放量，不急進場。,WATCH,164
6899,PRE,WAIT,PRE 佈局型：等待突破確認，小倉觀察，不主動重倉,100,49.4,49.4,49.38,49.42,49.43,0.0129,0.0,0.0,0.8718,0.0006,True,True,False,False,0.0,,無事件,等待下一次確認。,0.0,176,v266.62,2026-09-27 13:49:01,0.0,,NONE,203,0,AVOID_CHASE,,215,45.0,0.0,0.0,0.0,4.6,靠近MA20臨界區｜均線收斂｜量能安靜,v266.68,2026-09-27 13:49:03,BUILDING_WAIT,主力潛伏：尚未放量，不急進場。,WATCH,165
6968,PRE,WAIT,PRE 佈局型：等待突破確認，小倉觀察，不主動重倉,100,41.55,41.55,41.55,41.57,41.59,0.0132,0.0,0.0,0.9416,0.0005,True,True,False,False,0.0,,無事件,等待下一次確認。,0.0,162,v266.62,2026-09-27 13:49:01,0.0,,NONE,205,0,AVOID_CHASE,,217,45.0,0.0,0.0,0.0,4.6,靠近MA20臨界區｜均線收斂｜量能安靜,v266.68,2026-09-27 13:49:03,BUILDING_WAIT,主力潛伏：尚未放量，不急進場。,WATCH,166
8044,PRE,WAIT,PRE 佈局型：等待突破確認，小倉觀察，不主動重倉,100,23.85,23.85,23.81,23.85,23.89,0.0166,0.0,0.0,0.9027,0.0008,True,True,False,False,0.0,,無事件,等待下一次確認。,0.0,164,v266.62,2026-09-27 13:49:01,0.0,,NONE,206,0,AVOID_CHASE,,218,45.0,0.0,0.0,0.0,4.6,靠近MA20臨界區｜均線收斂｜量能安靜,v266.68,2026-09-27 13:49:03,BUILDING_WAIT,主力潛伏：尚未放量，不急進場。,WATCH,167
8049,PRE,WAIT,PRE 佈局型：等待突破確認，小倉觀察，不主動重倉,100,24.5,24.5,24.51,24.5,24.53,0.0029,0.0,0.0,0.8514,0.0001,True,True,False,False,0.0,,無事件,等待下一次確認。,0.0,165,v266.62,2026-09-27 13:49:01,0.0,,NONE,207,0,AVOID_CHASE,,219,45.0,0.0,0.0,0.0,4.6,靠近MA20臨界區｜均線收斂｜量能安靜,v266.68,2026-09-27 13:49:03,BUILDING_WAIT,主力潛伏：尚未放量，不急進場。,WATCH,168
8097,PRE,WAIT,PRE 佈局型：等待突破確認，小倉觀察，不主動重倉,100,48.15,48.15,48.16,48.21,48.22,0.0157,0.0,0.0,0.9234,0.0011,True,True,False,False,0.0,,無事件,等待下一次確認。,0.0,166,v266.62,2026-09-27 13:49:01,0.0,,NONE,208,0,AVOID_CHASE,,220,45.0,0.0,0.0,0.0,4.6,靠近MA20臨界區｜均線收斂｜量能安靜,v266.68,2026-09-27 13:49:03,BUILDING_WAIT,主力潛伏：尚未放量，不急進場。,WATCH,169
1264,PRE,WAIT,PRE 佈局型：等待突破確認，小倉觀察，不主動重倉,100,244.5,244.5,244.35,244.78,244.83,0.0092,0.0,0.0,0.7621,0.0014,True,True,False,False,0.0,,無事件,等待下一次確認。,0.0,217,v266.62,2026-09-27 13:49:01,0.0,,NONE,210,0,AVOID_CHASE,,222,45.0,0.0,0.0,0.0,4.6,靠近MA20臨界區｜均線收斂｜量能安靜,v266.68,2026-09-27 13:49:03,BUILDING_WAIT,主力潛伏：尚未放量，不急進場。,WATCH,170
1570,PRE,WAIT,PRE 佈局型：等待突破確認，小倉觀察，不主動重倉,100,32.85,32.85,32.81,32.85,32.87,0.0261,0.0,0.0,1.0207,0.0006,True,True,False,False,0.0,,無事件,等待下一次確認。,0.0,218,v266.62,2026-09-27 13:49:01,0.0,,NONE,211,0,AVOID_CHASE,,223,45.0,0.0,0.0,0.0,4.6,靠近MA20臨界區｜均線收斂｜量能安靜,v266.68,2026-09-27 13:49:03,BUILDING_WAIT,主力潛伏：尚未放量，不急進場。,WATCH,171
1584,PRE,WAIT,PRE 佈局型：等待突破確認，小倉觀察，不主動重倉,100,18.0,18.0,18.0,18.0,18.0,0.0142,0.0,0.0,0.979,0.0,True,True,False,False,0.0,,無事件,等待下一次確認。,0.0,219,v266.62,2026-09-27 13:49:01,0.0,,NONE,212,0,AVOID_CHASE,,224,45.0,0.0,0.0,0.0,4.6,靠近MA20臨界區｜均線收斂｜量能安靜,v266.68,2026-09-27 13:49:03,BUILDING_WAIT,主力潛伏：尚未放量，不急進場。,WATCH,172
2063,PRE,WAIT,PRE 佈局型：等待突破確認，小倉觀察，不主動重倉,100,23.6,23.6,23.61,23.62,23.62,0.0068,0.0,0.0,0.986,0.0008,True,True,False,False,0.0,,無事件,等待下一次確認。,0.0,209,v266.62,2026-09-27 13:49:01,0.0,,NONE,216,0,AVOID_CHASE,,228,45.0,0.0,0.0,0.0,4.6,靠近MA20臨界區｜均線收斂｜量能安靜,v266.68,2026-09-27 13:49:03,BUILDING_WAIT,主力潛伏：尚未放量，不急進場。,WATCH,173
6821,PRE,WAIT,PRE 佈局型：等待突破確認，小倉觀察，不主動重倉,100,40.6,40.6,40.55,40.62,40.65,0.0192,0.0,0.0,0.9282,0.0012,False,True,False,False,0.0,,無事件,等待下一次確認。,0.0,174,v266.62,2026-09-27 13:49:01,0.0,,NONE,201,0,AVOID_CHASE,,229,45.0,0.0,0.0,0.0,4.6,靠近MA20臨界區｜均線收斂｜量能安靜,v266.68,2026-09-27 13:49:03,BUILDING_WAIT,主力潛伏：尚未放量，不急進場。,WATCH,174
1788,PRE,WAIT,PRE 佈局型：等待突破確認，小倉觀察，不主動重倉,100,128.0,128.0,128.05,128.07,128.07,0.0051,0.0,0.0,0.9487,0.0004,True,True,False,False,0.0,,無事件,等待下一次確認。,0.0,207,v266.62,2026-09-27 13:49:01,0.0,,NONE,246,0,AVOID_CHASE,,230,45.0,0.0,0.0,0.0,4.6,靠近MA20臨界區｜均線收斂｜量能安靜,v266.68,2026-09-27 13:49:03,BUILDING_WAIT,主力潛伏：尚未放量，不急進場。,WATCH,175
8455,PRE,WAIT,PRE 佈局型：等待突破確認，小倉觀察，不主動重倉,100,22.1,22.1,22.24,22.2,22.18,0.0124,0.0,0.0,1.0301,0.0032,False,True,False,False,0.0,,無事件,等待下一次確認。,0.0,157,v266.62,2026-09-27 13:49:01,0.0,,NONE,233,0,AVOID_CHASE,,232,45.0,0.0,0.0,0.0,4.6,靠近MA20臨界區｜均線收斂｜量能安靜,v266.68,2026-09-27 13:49:03,BUILDING_WAIT,主力潛伏：尚未放量，不急進場。,WATCH,176
8916,PRE,WAIT,PRE 佈局型：等待突破確認，小倉觀察，不主動重倉,100,40.85,40.85,40.84,40.86,40.84,0.0247,0.0,0.0,0.9462,0.0002,True,True,False,False,0.0,,無事件,等待下一次確認。,0.0,158,v266.62,2026-09-27 13:49:01,0.0,,NONE,234,0,AVOID_CHASE,,233,45.0,0.0,0.0,0.0,4.6,靠近MA20臨界區｜均線收斂｜量能安靜,v266.68,2026-09-27 13:49:03,BUILDING_WAIT,主力潛伏：尚未放量，不急進場。,WATCH,177
8924,PRE,WAIT,PRE 佈局型：等待突破確認，小倉觀察，不主動重倉,100,49.3,49.3,49.36,49.38,49.36,0.0093,0.0,0.0,0.9451,0.001,True,True,False,False,0.0,,無事件,等待下一次確認。,0.0,159,v266.62,2026-09-27 13:49:01,0.0,,NONE,235,0,AVOID_CHASE,,234,45.0,0.0,0.0,0.0,4.6,靠近MA20臨界區｜均線收斂｜量能安靜,v266.68,2026-09-27 13:49:03,BUILDING_WAIT,主力潛伏：尚未放量，不急進場。,WATCH,178
1341,PRE,WAIT,PRE 佈局型：等待突破確認，小倉觀察，不主動重倉,80,60.0,61.24,61.18,60.95,59.95,0.0156,-0.0291,0.0033,0.1221,0.0043,False,True,False,False,0.0,,無事件,等待下一次確認。,0.0,146,v266.62,2026-09-27 13:49:01,0.0,,NONE,237,0,AVOID_CHASE,,236,45.0,0.0,0.0,0.0,4.6,靠近MA20臨界區｜均線收斂｜量能安靜,v266.68,2026-09-27 13:49:03,BUILDING_WAIT,主力潛伏：尚未放量，不急進場。,WATCH,179
1457,PRE,WAIT,PRE 佈局型：等待突破確認，小倉觀察，不主動重倉,80,14.35,14.43,14.46,14.63,15.2,0.0136,-0.0171,-0.0337,0.3293,0.0132,False,True,False,False,0.0,,無事件,等待下一次確認。,0.0,147,v266.62,2026-09-27 13:49:01,0.0,,NONE,238,0,AVOID_CHASE,,237,45.0,0.0,0.0,0.0,4.6,靠近MA20臨界區｜均線收斂｜量能安靜,v266.68,2026-09-27 13:49:03,BUILDING_WAIT,主力潛伏：尚未放量，不急進場。,WATCH,180
2596,PRE,WAIT,PRE 佈局型：等待突破確認，小倉觀察，不主動重倉,100,35.45,35.45,35.54,35.46,35.4,0.0234,0.0,0.0,1.001,0.0013,False,True,False,False,0.0,,無事件,等待下一次確認。,0.0,197,v266.62,2026-09-27 13:49:01,0.0,,NONE,249,0,AVOID_CHASE,,238,45.0,0.0,0.0,0.0,4.6,靠近MA20臨界區｜均線收斂｜量能安靜,v266.68,2026-09-27 13:49:03,BUILDING_WAIT,主力潛伏：尚未放量，不急進場。,WATCH,181
3284,PRE,WAIT,PRE 佈局型：等待突破確認，小倉觀察，不主動重倉,100,19.75,19.75,19.7,19.76,19.78,0.0265,0.0,0.0,0.9998,0.0019,False,True,False,False,0.0,,無事件,等待下一次確認。,0.0,253,v266.62,2026-09-27 13:49:01,0.0,,NONE,250,0,AVOID_CHASE,,239,45.0,0.0,0.0,0.0,4.6,靠近MA20臨界區｜均線收斂｜量能安靜,v266.68,2026-09-27 13:49:03,BUILDING_WAIT,主力潛伏：尚未放量，不急進場。,WATCH,182
3332,PRE,WAIT,PRE 佈局型：等待突破確認，小倉觀察，不主動重倉,100,61.5,61.5,61.49,61.5,61.52,0.032,0.0,0.0,1.019,0.0001,True,True,False,False,0.0,,無事件,等待下一次確認。,0.0,254,v266.62,2026-09-27 13:49:01,0.0,,NONE,251,0,AVOID_CHASE,,240,45.0,0.0,0.0,0.0,4.6,靠近MA20臨界區｜均線收斂｜量能安靜,v266.68,2026-09-27 13:49:03,BUILDING_WAIT,主力潛伏：尚未放量，不急進場。,WATCH,183
3520,PRE,WAIT,PRE 佈局型：等待突破確認，小倉觀察，不主動重倉,100,17.2,17.2,17.2,17.21,17.22,0.0137,0.0,0.0,0.8528,0.0007,True,True,False,False,0.0,,無事件,等待下一次確認。,0.0,256,v266.62,2026-09-27 13:49:01,0.0,,NONE,252,0,AVOID_CHASE,,241,45.0,0.0,0.0,0.0,4.6,靠近MA20臨界區｜均線收斂｜量能安靜,v266.68,2026-09-27 13:49:03,BUILDING_WAIT,主力潛伏：尚未放量，不急進場。,WATCH,184
4533,PRE,WAIT,PRE 佈局型：等待突破確認，小倉觀察，不主動重倉,100,25.15,25.15,25.07,25.17,25.21,0.0291,0.0,0.0,1.0297,0.0023,False,True,False,False,0.0,,無事件,等待下一次確認。,0.0,241,v266.62,2026-09-27 13:49:01,0.0,,NONE,253,0,AVOID_CHASE,,242,45.0,0.0,0.0,0.0,4.6,靠近MA20臨界區｜均線收斂｜量能安靜,v266.68,2026-09-27 13:49:03,BUILDING_WAIT,主力潛伏：尚未放量，不急進場。,WATCH,185
4126,PRE,WAIT,PRE 佈局型：等待突破確認，小倉觀察，不主動重倉,100,77.8,77.8,77.79,77.8,77.79,0.0048,0.0,0.0,0.8302,0.0001,True,True,False,False,0.0,,無事件,等待下一次確認。,0.0,247,v266.62,2026-09-27 13:49:01,0.0,,NONE,254,0,AVOID_CHASE,,243,45.0,0.0,0.0,0.0,4.6,靠近MA20臨界區｜均線收斂｜量能安靜,v266.68,2026-09-27 13:49:03,BUILDING_WAIT,主力潛伏：尚未放量，不急進場。,WATCH,186
4154,PRE,WAIT,PRE 佈局型：等待突破確認，小倉觀察，不主動重倉,100,11.85,11.85,11.85,11.85,11.87,0.0044,0.0,0.0,0.9655,0.0002,True,True,False,False,0.0,,無事件,等待下一次確認。,0.0,234,v266.62,2026-09-27 13:49:01,0.0,,NONE,255,0,AVOID_CHASE,,244,45.0,0.0,0.0,0.0,4.6,靠近MA20臨界區｜均線收斂｜量能安靜,v266.68,2026-09-27 13:49:03,BUILDING_WAIT,主力潛伏：尚未放量，不急進場。,WATCH,187
4160,PRE,WAIT,PRE 佈局型：等待突破確認，小倉觀察，不主動重倉,100,39.45,39.45,39.46,39.47,39.46,0.0133,0.0,0.0,0.9213,0.0003,True,True,False,False,0.0,,無事件,等待下一次確認。,0.0,235,v266.62,2026-09-27 13:49:01,0.0,,NONE,256,0,AVOID_CHASE,,245,45.0,0.0,0.0,0.0,4.6,靠近MA20臨界區｜均線收斂｜量能安靜,v266.68,2026-09-27 13:49:03,BUILDING_WAIT,主力潛伏：尚未放量，不急進場。,WATCH,188
6198,PRE,WAIT,PRE 佈局型：等待突破確認，小倉觀察，不主動重倉,100,19.4,19.4,19.4,19.4,19.4,0.0,0.0,0.0,0.9997,0.0,True,True,False,False,0.0,,無事件,等待下一次確認。,0.0,279,v266.62,2026-09-27 13:49:01,0.0,,NONE,289,0,AVOID_CHASE,,246,45.0,0.0,0.0,0.0,4.6,靠近MA20臨界區｜均線收斂｜量能安靜,v266.68,2026-09-27 13:49:03,BUILDING_WAIT,主力潛伏：尚未放量，不急進場。,WATCH,189
6203,PRE,WAIT,PRE 佈局型：等待突破確認，小倉觀察，不主動重倉,100,59.6,59.6,59.57,59.6,59.61,0.006,0.0,0.0,0.8687,0.0003,True,True,False,False,0.0,,無事件,等待下一次確認。,0.0,280,v266.62,2026-09-27 13:49:01,0.0,,NONE,290,0,AVOID_CHASE,,247,45.0,0.0,0.0,0.0,4.6,靠近MA20臨界區｜均線收斂｜量能安靜,v266.68,2026-09-27 13:49:03,BUILDING_WAIT,主力潛伏：尚未放量，不急進場。,WATCH,190
6730,PRE,WAIT,PRE 佈局型：等待突破確認，小倉觀察，不主動重倉,100,32.1,32.1,32.08,32.14,32.14,0.0202,0.0,0.0,1.0509,0.0014,True,True,False,False,0.0,,無事件,等待下一次確認。,0.0,265,v266.62,2026-09-27 13:49:01,0.0,,NONE,291,0,AVOID_CHASE,,248,45.0,0.0,0.0,0.0,4.6,靠近MA20臨界區｜均線收斂｜量能安靜,v266.68,2026-09-27 13:49:03,BUILDING_WAIT,主力潛伏：尚未放量，不急進場。,WATCH,191
6236,PRE,WAIT,PRE 佈局型：等待突破確認，小倉觀察，不主動重倉,100,17.85,17.85,17.85,17.85,17.81,0.0,0.0,0.0,1.0,0.0,True,True,False,False,0.0,,無事件,等待下一次確認。,0.0,266,v266.62,2026-09-27 13:49:01,0.0,,NONE,292,0,AVOID_CHASE,,249,45.0,0.0,0.0,0.0,4.6,靠近MA20臨界區｜均線收斂｜量能安靜,v266.68,2026-09-27 13:49:03,BUILDING_WAIT,主力潛伏：尚未放量，不急進場。,WATCH,192
6248,PRE,WAIT,PRE 佈局型：等待突破確認，小倉觀察，不主動重倉,100,16.8,16.8,16.8,16.81,16.83,0.0101,0.0,0.0,0.9667,0.0007,True,True,False,False,0.0,,無事件,等待下一次確認。,0.0,267,v266.62,2026-09-27 13:49:01,0.0,,NONE,293,0,AVOID_CHASE,,250,45.0,0.0,0.0,0.0,4.6,靠近MA20臨界區｜均線收斂｜量能安靜,v266.68,2026-09-27 13:49:03,BUILDING_WAIT,主力潛伏：尚未放量，不急進場。,WATCH,193
6294,PRE,WAIT,PRE 佈局型：等待突破確認，小倉觀察，不主動重倉,100,28.5,28.5,28.5,28.51,28.51,0.0289,0.0,0.0,0.9316,0.0004,False,True,False,False,0.0,,無事件,等待下一次確認。,0.0,269,v266.62,2026-09-27 13:49:01,0.0,,NONE,294,0,AVOID_CHASE,,251,45.0,0.0,0.0,0.0,4.6,靠近MA20臨界區｜均線收斂｜量能安靜,v266.68,2026-09-27 13:49:03,BUILDING_WAIT,主力潛伏：尚未放量，不急進場。,WATCH,194
6417,PRE,WAIT,PRE 佈局型：等待突破確認，小倉觀察，不主動重倉,100,102.0,102.0,101.85,102.12,102.17,0.0279,0.0,0.0,1.0594,0.002,False,True,False,False,0.0,,無事件,等待下一次確認。,0.0,270,v266.62,2026-09-27 13:49:01,0.0,,NONE,295,0,AVOID_CHASE,,252,45.0,0.0,0.0,0.0,4.6,靠近MA20臨界區｜均線收斂｜量能安靜,v266.68,2026-09-27 13:49:03,BUILDING_WAIT,主力潛伏：尚未放量，不急進場。,WATCH,195
2471,PRE,WAIT,PRE 佈局型：等待突破確認，小倉觀察，不主動重倉,80,51.4,52.08,52.34,52.66,51.7,0.0252,-0.0265,-0.0039,1.5006,0.0088,False,True,False,False,0.0,,無事件,等待下一次確認。,0.0,47,v266.62,2026-09-27 13:49:01,0.0,,NONE,296,0,AVOID_CHASE,,253,45.0,0.0,0.0,0.0,4.6,靠近MA20臨界區｜均線收斂｜量能安靜,v266.68,2026-09-27 13:49:03,BUILDING_WAIT,主力潛伏：尚未放量，不急進場。,WATCH,196
2726,PRE,WAIT,PRE 佈局型：等待突破確認，小倉觀察，不主動重倉,80,8.08,8.08,8.08,8.08,8.09,0.0165,0.0,0.0,0.6491,0.0009,True,True,False,False,0.0,,無事件,等待下一次確認。,0.0,49,v266.62,2026-09-27 13:49:01,0.0,,NONE,158,0,AVOID_CHASE,,261,45.0,0.0,0.0,0.0,4.6,靠近MA20臨界區｜均線收斂｜量能安靜,v266.68,2026-09-27 13:49:03,BUILDING_WAIT,主力潛伏：尚未放量，不急進場。,WATCH,197
2901,PRE,WAIT,PRE 佈局型：等待突破確認，小倉觀察，不主動重倉,80,23.35,23.41,23.86,23.58,23.77,0.0242,-0.043,-0.0085,3.3387,0.0096,False,True,False,False,0.0,,無事件,等待下一次確認。,0.0,54,v266.62,2026-09-27 13:49:01,0.0,,NONE,159,0,AVOID_CHASE,,262,45.0,0.0,0.0,0.0,4.6,靠近MA20臨界區｜均線收斂｜量能安靜,v266.68,2026-09-27 13:49:03,BUILDING_WAIT,主力潛伏：尚未放量，不急進場。,WATCH,198
9911,PRE,WAIT,PRE 佈局型：等待突破確認，小倉觀察，不主動重倉,80,81.4,82.98,82.9,82.93,86.13,0.0123,-0.0228,-0.0412,0.448,0.0005,False,True,False,False,0.0,,無事件,等待下一次確認。,0.0,321,v266.62,2026-09-27 13:49:01,0.0,,NONE,151,0,AVOID_CHASE,,264,45.0,0.0,0.0,0.0,4.6,靠近MA20臨界區｜均線收斂｜量能安靜,v266.68,2026-09-27 13:49:03,BUILDING_WAIT,主力潛伏：尚未放量，不急進場。,WATCH,199
2204,PRE,WAIT,PRE 佈局型：等待突破確認，小倉觀察，不主動重倉,80,52.5,54.0,54.05,54.05,55.51,0.0178,-0.0278,-0.0385,0.1858,0.0006,False,True,False,False,0.0,,無事件,等待下一次確認。,0.0,153,v266.62,2026-09-27 13:49:01,0.0,,NONE,229,0,AVOID_CHASE,,274,45.0,0.0,0.0,0.0,4.6,靠近MA20臨界區｜均線收斂｜量能安靜,v266.68,2026-09-27 13:49:03,BUILDING_WAIT,主力潛伏：尚未放量，不急進場。,WATCH,200
8416,PRE,WAIT,PRE 佈局型：等待突破確認，小倉觀察，不主動重倉,100,169.0,169.0,169.05,169.03,169.03,0.0059,0.0,0.0,0.9831,0.0001,True,True,False,False,0.0,,無事件,等待下一次確認。,0.0,154,v266.62,2026-09-27 13:49:01,0.0,,NONE,230,0,AVOID_CHASE,,275,45.0,0.0,0.0,0.0,4.6,靠近MA20臨界區｜均線收斂｜量能安靜,v266.68,2026-09-27 13:49:03,BUILDING_WAIT,主力潛伏：尚未放量，不急進場。,WATCH,201
8432,PRE,WAIT,PRE 佈局型：等待突破確認，小倉觀察，不主動重倉,100,50.2,50.2,50.17,50.2,50.21,0.0137,0.0,0.0,1.0874,0.0003,True,True,False,False,0.0,,無事件,等待下一次確認。,0.0,155,v266.62,2026-09-27 13:49:01,0.0,,NONE,231,0,AVOID_CHASE,,276,45.0,0.0,0.0,0.0,4.6,靠近MA20臨界區｜均線收斂｜量能安靜,v266.68,2026-09-27 13:49:03,BUILDING_WAIT,主力潛伏：尚未放量，不急進場。,WATCH,202
8450,PRE,WAIT,PRE 佈局型：等待突破確認，小倉觀察，不主動重倉,100,14.35,14.35,14.35,14.36,14.37,0.016,0.0,0.0,0.9805,0.0007,True,True,False,False,0.0,,無事件,等待下一次確認。,0.0,156,v266.62,2026-09-27 13:49:01,0.0,,NONE,232,0,AVOID_CHASE,,277,45.0,0.0,0.0,0.0,4.6,靠近MA20臨界區｜均線收斂｜量能安靜,v266.68,2026-09-27 13:49:03,BUILDING_WAIT,主力潛伏：尚未放量，不急進場。,WATCH,203
5601,PRE,WAIT,PRE 佈局型：等待突破確認，小倉觀察，不主動重倉,100,29.0,29.0,29.0,29.0,29.01,0.0,0.0,0.0,0.9692,0.0,True,True,False,False,0.0,,無事件,等待下一次確認。,0.0,284,v266.62,2026-09-27 13:49:01,0.0,,NONE,281,0,AVOID_CHASE,,278,45.0,0.0,0.0,0.0,4.6,靠近MA20臨界區｜均線收斂｜量能安靜,v266.68,2026-09-27 13:49:03,BUILDING_WAIT,主力潛伏：尚未放量，不急進場。,WATCH,204
2613,PRE,WAIT,PRE 佈局型：等待突破確認，小倉觀察，不主動重倉,80,22.2,22.3,22.38,22.59,23.87,0.0184,-0.0089,-0.0327,0.3715,0.0111,False,True,False,False,0.0,,無事件,等待下一次確認。,0.0,48,v266.62,2026-09-27 13:49:01,0.0,,NONE,297,0,AVOID_CHASE,,285,45.0,0.0,0.0,0.0,4.6,靠近MA20臨界區｜均線收斂｜量能安靜,v266.68,2026-09-27 13:49:03,BUILDING_WAIT,主力潛伏：尚未放量，不急進場。,WATCH,205
5364,PRE,WAIT,PRE 佈局型：等待突破確認，小倉觀察，不主動重倉,80,8.33,8.33,8.33,8.34,8.34,0.0106,0.0,0.0,0.6719,0.0008,True,True,False,False,0.0,,無事件,等待下一次確認。,0.0,33,v266.62,2026-09-27 13:49:01,0.0,,NONE,298,0,AVOID_CHASE,,286,45.0,0.0,0.0,0.0,4.6,靠近MA20臨界區｜均線收斂｜量能安靜,v266.68,2026-09-27 13:49:03,BUILDING_WAIT,主力潛伏：尚未放量，不急進場。,WATCH,206
5514,PRE,WAIT,PRE 佈局型：等待突破確認，小倉觀察，不主動重倉,80,14.9,14.9,14.93,14.91,14.89,0.0047,0.0,0.0,0.177,0.0008,True,True,False,False,0.0,,無事件,等待下一次確認。,0.0,35,v266.62,2026-09-27 13:49:01,0.0,,NONE,299,0,AVOID_CHASE,,287,45.0,0.0,0.0,0.0,4.6,靠近MA20臨界區｜均線收斂｜量能安靜,v266.68,2026-09-27 13:49:03,BUILDING_WAIT,主力潛伏：尚未放量，不急進場。,WATCH,207
2903,PRE,WAIT,PRE 佈局型：等待突破確認，小倉觀察，不主動重倉,80,22.1,22.17,22.25,22.42,22.79,0.0122,-0.0134,-0.037,0.4283,0.0096,False,True,False,False,0.0,,無事件,等待下一次確認。,0.0,39,v266.62,2026-09-27 13:49:01,0.0,,NONE,300,0,AVOID_CHASE,,288,45.0,0.0,0.0,0.0,4.6,靠近MA20臨界區｜均線收斂｜量能安靜,v266.68,2026-09-27 13:49:03,BUILDING_WAIT,主力潛伏：尚未放量，不急進場。,WATCH,208
8341,PRE,WAIT,PRE 佈局型：等待突破確認，小倉觀察，不主動重倉,80,74.5,75.62,75.15,75.27,76.29,0.0128,-0.0106,-0.0159,0.4033,0.0032,True,True,False,False,0.0,,無事件,等待下一次確認。,0.0,317,v266.62,2026-09-27 13:49:01,0.0,,NONE,323,0,AVOID_CHASE,,290,45.0,0.0,0.0,0.0,4.6,靠近MA20臨界區｜均線收斂｜量能安靜,v266.68,2026-09-27 13:49:03,BUILDING_WAIT,主力潛伏：尚未放量，不急進場。,WATCH,209
9908,PRE,WAIT,PRE 佈局型：等待突破確認，小倉觀察，不主動重倉,80,28.95,29.3,29.44,29.57,30.02,0.0085,-0.0186,-0.0285,0.1589,0.0069,False,True,False,False,0.0,,無事件,等待下一次確認。,0.0,320,v266.62,2026-09-27 13:49:01,0.0,,NONE,326,0,AVOID_CHASE,,292,45.0,0.0,0.0,0.0,4.6,靠近MA20臨界區｜均線收斂｜量能安靜,v266.68,2026-09-27 13:49:03,BUILDING_WAIT,主力潛伏：尚未放量，不急進場。,WATCH,210
9926,PRE,WAIT,PRE 佈局型：等待突破確認，小倉觀察，不主動重倉,80,48.9,49.2,49.29,49.49,50.0,0.0085,-0.0111,-0.022,0.109,0.005,False,True,False,False,0.0,,無事件,等待下一次確認。,0.0,306,v266.62,2026-09-27 13:49:01,0.0,,NONE,327,0,AVOID_CHASE,,293,45.0,0.0,0.0,0.0,4.6,靠近MA20臨界區｜均線收斂｜量能安靜,v266.68,2026-09-27 13:49:03,BUILDING_WAIT,主力潛伏：尚未放量，不急進場。,WATCH,211
3115,PRE,WAIT,PRE 佈局型：等待突破確認，小倉觀察，不主動重倉,75,7.98,7.98,8.02,8.0,8.0,0.0535,0.0,0.0,1.0461,0.0024,False,True,False,False,0.0,,無事件,等待下一次確認。,0.0,309,v266.62,2026-09-27 13:49:01,0.0,,NONE,328,0,AVOID_CHASE,,294,45.0,0.0,0.0,0.0,4.6,靠近MA20臨界區｜均線收斂｜量能安靜,v266.68,2026-09-27 13:49:03,BUILDING_WAIT,主力潛伏：尚未放量，不急進場。,WATCH,212
3176,PRE,WAIT,PRE 佈局型：等待突破確認，小倉觀察，不主動重倉,75,37.75,37.75,37.78,37.75,37.69,0.0443,0.0,0.0,0.9251,0.0004,False,True,False,False,0.0,,無事件,等待下一次確認。,0.0,310,v266.62,2026-09-27 13:49:01,0.0,,NONE,329,0,AVOID_CHASE,,297,45.0,0.0,0.0,0.0,4.6,靠近MA20臨界區｜均線收斂｜量能安靜,v266.68,2026-09-27 13:49:03,BUILDING_WAIT,主力潛伏：尚未放量，不急進場。,WATCH,213
1504,ALPHA,WAIT,ALPHA 時機未明，先觀察,15,68.5,72.08,68.94,65.54,68.72,0.0427,0.0178,0.1102,0.2458,0.0726,False,False,False,False,0.0,,無事件,等待下一次確認。,0.0,67,v266.62,2026-09-27 13:49:01,10.0,第一次站上MA20,NONE,63,20,NONE,MA20剛站回,100,30.0,0.0,0.0,0.0,2.2,靠近MA20臨界區｜量能安靜,v266.68,2026-09-27 13:49:03,NOISE,雜訊：條件不足。,WATCH,214
2201,ALPHA,WAIT,ALPHA 時機未明，先觀察,15,29.25,28.03,27.54,27.43,28.2,0.0266,0.0773,0.1038,0.4475,0.0123,True,False,False,False,0.0,,無事件,等待下一次確認。,0.0,95,v266.62,2026-09-27 13:49:01,10.0,第一次站上MA20,NONE,30,0,AVOID_CHASE,,152,27.0,0.0,0.0,0.0,0.16,均線收斂｜量能安靜,v266.68,2026-09-27 13:49:03,NOISE,雜訊：條件不足。,WATCH,215
2359,ALPHA,WAIT,ALPHA 時機未明，先觀察,15,127.5,123.6,122.25,118.17,118.23,0.0453,0.0537,0.1135,0.3731,0.0373,True,False,False,False,0.0,,無事件,等待下一次確認。,0.0,92,v266.62,2026-09-27 13:49:01,10.0,第一次站上MA20,NONE,35,0,AVOID_CHASE,,153,27.0,0.0,0.0,0.0,0.16,均線收斂｜量能安靜,v266.68,2026-09-27 13:49:03,NOISE,雜訊：條件不足。,WATCH,216
5306,ALPHA,WAIT,ALPHA 時機未明，先觀察,15,88.7,82.74,81.79,82.77,86.98,0.0171,0.1046,0.0472,0.1338,0.0057,True,False,False,False,0.0,,無事件,等待下一次確認。,0.0,128,v266.62,2026-09-27 13:49:01,10.0,第一次站上MA20,NONE,52,0,AVOID_CHASE,,154,27.0,0.0,0.0,0.0,0.16,均線收斂｜量能安靜,v266.68,2026-09-27 13:49:03,NOISE,雜訊：條件不足。,WATCH,217
2906,ALPHA,WAIT,ALPHA 時機未明，先觀察,15,13.5,12.61,12.51,12.63,12.73,0.0159,0.0843,0.0385,0.7251,0.0056,True,False,False,False,0.0,,無事件,等待下一次確認。,0.0,113,v266.62,2026-09-27 13:49:01,10.0,第一次站上MA20,NONE,53,0,AVOID_CHASE,,155,27.0,0.0,0.0,0.0,0.16,均線收斂｜量能安靜,v266.68,2026-09-27 13:49:03,NOISE,雜訊：條件不足。,WATCH,218
2597,ALPHA,WAIT,ALPHA 時機未明，先觀察,15,167.5,160.4,157.5,156.1,159.86,0.0288,0.0772,0.0948,0.208,0.017,True,False,False,False,0.0,,無事件,等待下一次確認。,0.0,115,v266.62,2026-09-27 13:49:01,10.0,第一次站上MA20,NONE,55,0,AVOID_CHASE,,156,27.0,0.0,0.0,0.0,0.16,均線收斂｜量能安靜,v266.68,2026-09-27 13:49:03,NOISE,雜訊：條件不足。,WATCH,219
2605,ALPHA,WAIT,ALPHA 時機未明，先觀察,15,36.5,34.21,34.45,34.34,35.86,0.043,0.0282,0.0069,0.8001,0.0032,True,False,False,False,0.0,,無事件,等待下一次確認。,0.0,117,v266.62,2026-09-27 13:49:01,10.0,第一次站上MA20,NONE,56,0,AVOID_CHASE,,157,27.0,0.0,0.0,0.0,0.16,均線收斂｜量能安靜,v266.68,2026-09-27 13:49:03,NOISE,雜訊：條件不足。,WATCH,220
1468,ALPHA,WAIT,ALPHA 時機未明，先觀察,15,13.2,12.62,12.38,12.33,12.43,0.0324,0.082,0.0435,0.9717,0.0127,True,False,False,False,0.0,,無事件,等待下一次確認。,0.0,79,v266.62,2026-09-27 13:49:01,10.0,第一次站上MA20,NONE,60,0,AVOID_CHASE,,158,27.0,0.0,0.0,0.0,0.16,均線收斂｜量能安靜,v266.68,2026-09-27 13:49:03,NOISE,雜訊：條件不足。,WATCH,221
1513,ALPHA,WAIT,ALPHA 時機未明，先觀察,15,166.0,159.2,155.8,154.05,156.39,0.0276,0.0675,0.0957,0.1994,0.0208,True,False,False,False,0.0,,無事件,等待下一次確認。,0.0,68,v266.62,2026-09-27 13:49:01,10.0,第一次站上MA20,NONE,64,0,AVOID_CHASE,,159,27.0,0.0,0.0,0.0,0.16,均線收斂｜量能安靜,v266.68,2026-09-27 13:49:03,NOISE,雜訊：條件不足。,WATCH,222
3023,ALPHA,WAIT,ALPHA 時機未明，先觀察,15,311.0,305.4,297.6,288.57,261.28,0.0385,0.018,0.1604,0.1561,0.0416,True,False,False,False,0.0,,無事件,等待下一次確認。,0.0,106,v266.62,2026-09-27 13:49:01,10.0,第一次站上MA20,NONE,51,0,AVOID_CHASE,,160,27.0,0.0,0.0,0.0,0.16,均線收斂｜量能安靜,v266.68,2026-09-27 13:49:03,NOISE,雜訊：條件不足。,WATCH,223
2412,CORE,WAIT,CORE 尚未到理想進場點，等待突破或回檔,15,145.0,137.6,136.8,136.68,135.47,0.0129,0.0662,0.0741,0.6166,0.0036,True,False,False,False,0.0,,無事件,等待下一次確認。,0.0,213,v266.62,2026-09-27 13:49:01,10.0,第一次站上MA20,NONE,101,0,AVOID_CHASE,,162,27.0,0.0,0.0,0.0,0.16,均線收斂｜量能安靜,v266.68,2026-09-27 13:49:03,NOISE,雜訊：條件不足。,WATCH,224
1725,PRE,WAIT,PRE 條件未完整，僅保留觀察,45,33.9,32.51,31.8,31.73,30.24,0.0444,0.1024,0.1078,0.1158,0.0125,False,False,False,False,0.0,,無事件,等待下一次確認。,0.0,13,v266.62,2026-09-27 13:49:01,10.0,第一次站上MA20,NONE,122,0,AVOID_CHASE,,255,27.0,0.0,0.0,0.0,0.16,均線收斂｜量能安靜,v266.68,2026-09-27 13:49:03,NOISE,雜訊：條件不足。,WATCH,225
2762,PRE,WAIT,PRE 佈局型：等待突破確認，小倉觀察，不主動重倉,70,79.0,75.84,74.33,73.73,74.23,0.0161,0.0822,0.0778,0.7382,0.0171,True,False,False,False,0.0,,無事件,等待下一次確認。,0.0,292,v266.62,2026-09-27 13:49:01,10.0,第一次站上MA20,NONE,133,0,AVOID_CHASE,,256,27.0,0.0,0.0,0.0,0.16,均線收斂｜量能安靜,v266.68,2026-09-27 13:49:03,NOISE,雜訊：條件不足。,WATCH,226
1342,ALPHA,WAIT,ALPHA 時機未明，先觀察,15,101.0,96.26,94.76,94.49,92.99,0.0291,0.0768,0.1323,0.1049,0.0101,True,False,False,False,0.0,,無事件,等待下一次確認。,0.0,327,v266.62,2026-09-27 13:49:01,10.0,第一次站上MA20,NONE,141,0,AVOID_CHASE,,257,27.0,0.0,0.0,0.0,0.16,均線收斂｜量能安靜,v266.68,2026-09-27 13:49:03,NOISE,雜訊：條件不足。,WATCH,227
1402,ALPHA,WAIT,ALPHA 時機未明，先觀察,15,28.15,26.65,26.23,26.2,27.04,0.0147,0.0785,0.0663,0.4204,0.0085,True,False,False,False,0.0,,無事件,等待下一次確認。,0.0,328,v266.62,2026-09-27 13:49:01,10.0,第一次站上MA20,NONE,142,0,AVOID_CHASE,,258,27.0,0.0,0.0,0.0,0.16,均線收斂｜量能安靜,v266.68,2026-09-27 13:49:03,NOISE,雜訊：條件不足。,WATCH,228
2108,ALPHA,WAIT,ALPHA 時機未明，先觀察,15,28.7,28.21,27.47,26.95,26.03,0.0385,0.0689,0.0769,0.0937,0.0309,False,False,False,False,0.0,,無事件,等待下一次確認。,0.0,59,v266.62,2026-09-27 13:49:01,10.0,第一次站上MA20,NONE,143,0,AVOID_CHASE,,259,27.0,0.0,0.0,0.0,0.16,均線收斂｜量能安靜,v266.68,2026-09-27 13:49:03,NOISE,雜訊：條件不足。,WATCH,229
1315,ALPHA,WAIT,ALPHA 時機未明，先觀察,15,68.3,62.98,62.67,63.52,63.85,0.0155,0.0946,0.0589,0.493,0.0102,True,False,False,False,0.0,,無事件,等待下一次確認。,0.0,324,v266.62,2026-09-27 13:49:01,10.0,第一次站上MA20,NONE,146,0,AVOID_CHASE,,263,27.0,0.0,0.0,0.0,0.16,均線收斂｜量能安靜,v266.68,2026-09-27 13:49:03,NOISE,雜訊：條件不足。,WATCH,230
2645,ALPHA,WAIT,ALPHA 時機未明，先觀察,15,172.0,161.3,159.0,160.32,159.12,0.0411,0.0955,0.1391,0.5174,0.0067,True,False,False,False,0.0,,無事件,等待下一次確認。,0.0,111,v266.62,2026-09-27 13:49:01,10.0,第一次站上MA20,NONE,91,0,AVOID_CHASE,,265,27.0,0.0,0.0,0.0,0.16,均線收斂｜量能安靜,v266.68,2026-09-27 13:49:03,NOISE,雜訊：條件不足。,WATCH,231
8105,ALPHA,WAIT,ALPHA 時機未明，先觀察,15,14.85,14.09,13.73,13.8,13.2,0.0345,0.1082,0.0206,0.4349,0.0121,True,False,False,False,0.0,,無事件,等待下一次確認。,0.0,180,v266.62,2026-09-27 13:49:01,10.0,第一次站上MA20,NONE,110,0,AVOID_CHASE,,266,27.0,0.0,0.0,0.0,0.16,均線收斂｜量能安靜,v266.68,2026-09-27 13:49:03,NOISE,雜訊：條件不足。,WATCH,232
8163,ALPHA,WAIT,ALPHA 時機未明，先觀察,15,30.05,29.62,28.4,28.14,28.61,0.0256,0.0618,0.0848,0.4517,0.029,False,False,False,False,0.0,,無事件,等待下一次確認。,0.0,181,v266.62,2026-09-27 13:49:01,10.0,第一次站上MA20,NONE,111,0,AVOID_CHASE,,267,27.0,0.0,0.0,0.0,0.16,均線收斂｜量能安靜,v266.68,2026-09-27 13:49:03,NOISE,雜訊：條件不足。,WATCH,233
5607,ALPHA,WAIT,ALPHA 時機未明，先觀察,15,52.2,50.54,48.81,48.42,48.74,0.0245,0.0966,0.0921,0.7619,0.024,True,False,False,False,0.0,,無事件,等待下一次確認。,0.0,130,v266.62,2026-09-27 13:49:01,10.0,第一次站上MA20,NONE,116,0,AVOID_CHASE,,268,27.0,0.0,0.0,0.0,0.16,均線收斂｜量能安靜,v266.68,2026-09-27 13:49:03,NOISE,雜訊：條件不足。,WATCH,234
2908,ALPHA,WAIT,ALPHA 時機未明，先觀察,25,22.15,21.1,20.88,20.63,20.34,0.015,0.07,0.102,1.0871,0.0159,True,False,False,False,0.0,,無事件,等待下一次確認。,0.0,21,v266.62,2026-09-27 13:49:01,10.0,第一次站上MA20,NONE,124,0,AVOID_CHASE,,269,27.0,0.0,0.0,0.0,0.16,均線收斂｜量能安靜,v266.68,2026-09-27 13:49:03,NOISE,雜訊：條件不足。,WATCH,235
6605,ALPHA,WAIT,ALPHA 時機未明，先觀察,15,138.5,131.2,128.9,128.68,134.62,0.0244,0.0992,0.0453,0.2601,0.0099,True,False,False,False,0.0,,無事件,等待下一次確認。,0.0,188,v266.62,2026-09-27 13:49:01,10.0,第一次站上MA20,NONE,113,0,AVOID_CHASE,,270,27.0,0.0,0.0,0.0,0.16,均線收斂｜量能安靜,v266.68,2026-09-27 13:49:03,NOISE,雜訊：條件不足。,WATCH,236
4532,ALPHA,WAIT,ALPHA 時機未明，先觀察,15,25.2,23.49,23.23,23.59,25.15,0.0222,0.1028,0.0435,0.672,0.0093,True,False,False,False,0.0,,無事件,等待下一次確認。,0.0,144,v266.62,2026-09-27 13:49:01,10.0,第一次站上MA20,NONE,115,0,AVOID_CHASE,,271,27.0,0.0,0.0,0.0,0.16,均線收斂｜量能安靜,v266.68,2026-09-27 13:49:03,NOISE,雜訊：條件不足。,WATCH,237
4536,ALPHA,WAIT,ALPHA 時機未明，先觀察,15,165.0,154.1,152.45,153.4,155.92,0.0188,0.0927,0.0714,0.6391,0.005,True,False,False,False,0.0,,無事件,等待下一次確認。,0.0,145,v266.62,2026-09-27 13:49:01,10.0,第一次站上MA20,NONE,88,0,AVOID_CHASE,,279,27.0,0.0,0.0,0.0,0.16,均線收斂｜量能安靜,v266.68,2026-09-27 13:49:03,NOISE,雜訊：條件不足。,WATCH,238
2258,ALPHA,WAIT,ALPHA 時機未明，先觀察,15,30.5,28.84,28.59,28.66,31.53,0.0339,0.0758,0.0873,0.2202,0.0042,True,False,False,False,0.0,,無事件,等待下一次確認。,0.0,98,v266.62,2026-09-27 13:49:01,10.0,第一次站上MA20,NONE,93,0,AVOID_CHASE,,280,27.0,0.0,0.0,0.0,0.16,均線收斂｜量能安靜,v266.68,2026-09-27 13:49:03,NOISE,雜訊：條件不足。,WATCH,239
4106,ALPHA,WAIT,ALPHA 時機未明，先觀察,25,24.2,22.6,22.41,22.41,22.52,0.0143,0.0876,0.0852,1.2659,0.0041,True,False,False,True,0.0,,無事件,等待下一次確認。,0.0,339,v266.62,2026-09-27 13:49:01,10.0,第一次站上MA20,NONE,4,0,AVOID_CHASE,,289,27.0,0.0,0.0,0.0,0.16,均線收斂｜量能安靜,v266.68,2026-09-27 13:49:03,NOISE,雜訊：條件不足。,WATCH,240
6024,ALPHA,WAIT,ALPHA 時機未明，先觀察,15,60.8,58.58,57.67,56.78,55.07,0.0145,0.0556,0.0761,0.284,0.0221,True,False,False,False,0.0,,無事件,等待下一次確認。,0.0,123,v266.62,2026-09-27 13:49:01,10.0,第一次站上MA20,NONE,57,0,AVOID_CHASE,,295,27.0,0.0,0.0,0.0,0.16,均線收斂｜量能安靜,v266.68,2026-09-27 13:49:03,NOISE,雜訊：條件不足。,WATCH,241
6139,ALPHA,WAIT,ALPHA 時機未明，先觀察,15,753.0,709.4,698.9,698.55,604.8,0.0527,0.0531,0.1858,0.7578,0.0074,True,False,False,False,0.0,,無事件,等待下一次確認。,0.0,124,v266.62,2026-09-27 13:49:01,10.0,第一次站上MA20,NONE,58,0,AVOID_CHASE,,296,27.0,0.0,0.0,0.0,0.16,均線收斂｜量能安靜,v266.68,2026-09-27 13:49:03,NOISE,雜訊：條件不足。,WATCH,242
3018,ALPHA,WAIT,ALPHA 時機未明，先觀察,25,12.0,10.78,10.69,10.75,11.77,0.0244,0.1483,0.1009,1.0793,0.0035,True,False,False,False,0.0,,無事件,等待下一次確認。,0.0,297,v266.62,2026-09-27 13:49:01,0.0,,NONE,330,0,AVOID_CHASE,,120,27.0,0.0,0.0,0.0,-0.44,均線收斂｜量能安靜,v266.68,2026-09-27 13:49:03,NOISE,雜訊：條件不足。,WATCH,243
2034,ALPHA,WAIT,ALPHA 時機未明，先觀察,25,22.8,21.38,21.32,21.04,20.67,0.0304,0.0654,0.1122,3.7711,0.0135,True,False,False,True,0.0,,無事件,等待下一次確認。,0.0,16,v266.62,2026-09-27 13:49:01,0.0,,NONE,332,0,AVOID_CHASE,,121,27.0,0.0,0.0,0.0,-0.44,均線收斂｜量能安靜,v266.68,2026-09-27 13:49:03,NOISE,雜訊：條件不足。,WATCH,244
3576,PRE,WAIT,PRE 條件未完整，僅保留觀察,30,18.25,17.44,16.49,16.48,19.38,0.0714,0.1661,0.1851,1.589,0.0267,False,False,False,False,0.0,,無事件,等待下一次確認。,0.0,1,v266.62,2026-09-27 13:49:01,0.0,,NONE,333,0,AVOID_CHASE,,122,27.0,0.0,0.0,0.0,-0.44,均線收斂｜量能安靜,v266.68,2026-09-27 13:49:03,NOISE,雜訊：條件不足。,WATCH,245
5608,ALPHA,WAIT,ALPHA 時機未明，先觀察,25,17.0,15.58,15.45,15.64,16.58,0.0294,0.0968,0.0526,1.5979,0.0074,True,False,False,True,0.0,,無事件,等待下一次確認。,0.0,334,v266.62,2026-09-27 13:49:01,0.0,,NONE,334,0,AVOID_CHASE,,123,27.0,0.0,0.0,0.0,-0.44,均線收斂｜量能安靜,v266.68,2026-09-27 13:49:03,NOISE,雜訊：條件不足。,WATCH,246
4566,ALPHA,WAIT,ALPHA 時機未明，先觀察,25,74.3,68.92,68.69,68.7,62.17,0.0561,0.0959,0.0234,3.2792,0.0015,True,False,False,False,0.0,,無事件,等待下一次確認。,0.0,333,v266.62,2026-09-27 13:49:01,0.0,,NONE,335,0,AVOID_CHASE,,124,27.0,0.0,0.0,0.0,-0.44,均線收斂｜量能安靜,v266.68,2026-09-27 13:49:03,NOISE,雜訊：條件不足。,WATCH,247
2610,ALPHA,WAIT,ALPHA 時機未明，先觀察,15,20.3,19.09,18.55,18.32,19.12,0.0172,0.1309,0.1123,0.921,0.0245,True,False,False,False,0.0,,無事件,等待下一次確認。,0.0,120,v266.62,2026-09-27 13:49:01,0.0,,NONE,269,0,AVOID_CHASE,,127,27.0,0.0,0.0,0.0,-0.44,均線收斂｜量能安靜,v266.68,2026-09-27 13:49:03,NOISE,雜訊：條件不足。,WATCH,248
1808,ALPHA,WAIT,ALPHA 時機未明，先觀察,15,31.9,29.28,28.96,29.5,30.31,0.0254,0.1272,0.0669,0.9507,0.0119,True,False,False,False,0.0,,無事件,等待下一次確認。,0.0,65,v266.62,2026-09-27 13:49:01,0.0,,NONE,259,0,AVOID_CHASE,,130,27.0,0.0,0.0,0.0,-0.44,均線收斂｜量能安靜,v266.68,2026-09-27 13:49:03,NOISE,雜訊：條件不足。,WATCH,249
1568,ALPHA,WAIT,ALPHA 時機未明，先觀察,15,30.9,29.39,29.27,28.3,24.52,0.0456,0.0637,0.2286,0.2553,0.0334,True,False,False,False,0.0,,無事件,等待下一次確認。,0.0,71,v266.62,2026-09-27 13:49:01,0.0,,NONE,260,0,AVOID_CHASE,,131,27.0,0.0,0.0,0.0,-0.44,均線收斂｜量能安靜,v266.68,2026-09-27 13:49:03,NOISE,雜訊：條件不足。,WATCH,250
2612,ALPHA,WAIT,ALPHA 時機未明，先觀察,15,62.2,58.4,56.85,57.09,58.39,0.0335,0.0836,0.1147,0.3675,0.0125,True,False,False,False,0.0,,無事件,等待下一次確認。,0.0,121,v266.62,2026-09-27 13:49:01,0.0,,NONE,262,0,AVOID_CHASE,,132,27.0,0.0,0.0,0.0,-0.44,均線收斂｜量能安靜,v266.68,2026-09-27 13:49:03,NOISE,雜訊：條件不足。,WATCH,251
2617,ALPHA,WAIT,ALPHA 時機未明，先觀察,15,32.8,30.07,29.75,29.95,30.64,0.0207,0.1119,0.0861,0.7174,0.0049,True,False,False,False,0.0,,無事件,等待下一次確認。,0.0,110,v266.62,2026-09-27 13:49:01,0.0,,NONE,274,0,AVOID_CHASE,,135,27.0,0.0,0.0,0.0,-0.44,均線收斂｜量能安靜,v266.68,2026-09-27 13:49:03,NOISE,雜訊：條件不足。,WATCH,252
2607,ALPHA,WAIT,ALPHA 時機未明，先觀察,15,53.7,49.17,48.34,48.9,52.11,0.0191,0.1305,0.0592,0.405,0.0077,True,False,False,False,0.0,,無事件,等待下一次確認。,0.0,118,v266.62,2026-09-27 13:49:01,0.0,,NONE,267,0,AVOID_CHASE,,142,27.0,0.0,0.0,0.0,-0.44,均線收斂｜量能安靜,v266.68,2026-09-27 13:49:03,NOISE,雜訊：條件不足。,WATCH,253
5906,PRE,WAIT,PRE 佈局型：等待突破確認，小倉觀察，不主動重倉,100,47.9,48.98,49.46,49.5,49.58,0.02,-0.0362,-0.0021,0.8292,0.0057,False,True,True,False,0.0,,無事件,等待下一次確認。,0.0,286,v266.62,2026-09-27 13:49:01,0.0,,NONE,283,0,AVOID_CHASE,,144,27.0,0.0,0.0,0.0,-0.44,均線收斂｜量能安靜,v266.68,2026-09-27 13:49:03,NOISE,雜訊：條件不足。,WATCH,254
3045,ALPHA,WAIT,ALPHA 時機未明，先觀察,15,122.5,112.5,111.7,111.88,109.37,0.0159,0.1136,0.1136,0.4532,0.0033,True,False,False,False,0.0,,無事件,等待下一次確認。,0.0,109,v266.62,2026-09-27 13:49:01,0.0,,NONE,273,0,AVOID_CHASE,,150,27.0,0.0,0.0,0.0,-0.44,均線收斂｜量能安靜,v266.68,2026-09-27 13:49:03,NOISE,雜訊：條件不足。,WATCH,255
2008,ALPHA,WAIT,ALPHA 時機未明，先觀察,15,30.5,28.34,28.02,27.73,28.23,0.0241,0.0893,0.1193,0.4035,0.0147,True,False,False,False,0.0,,無事件,等待下一次確認。,0.0,57,v266.62,2026-09-27 13:49:01,0.0,,NONE,153,0,AVOID_CHASE,,163,27.0,0.0,0.0,0.0,-0.44,均線收斂｜量能安靜,v266.68,2026-09-27 13:49:03,NOISE,雜訊：條件不足。,WATCH,256
2115,ALPHA,WAIT,ALPHA 時機未明，先觀察,15,23.7,21.62,21.33,21.46,22.26,0.0235,0.134,0.1023,0.1358,0.0061,True,False,False,False,0.0,,無事件,等待下一次確認。,0.0,60,v266.62,2026-09-27 13:49:01,0.0,,NONE,155,0,AVOID_CHASE,,164,27.0,0.0,0.0,0.0,-0.44,均線收斂｜量能安靜,v266.68,2026-09-27 13:49:03,NOISE,雜訊：條件不足。,WATCH,257
1609,ALPHA,WAIT,ALPHA 時機未明，先觀察,15,37.85,35.92,34.31,33.89,35.23,0.0293,0.1505,0.1132,0.3606,0.0323,True,False,False,False,0.0,,無事件,等待下一次確認。,0.0,62,v266.62,2026-09-27 13:49:01,0.0,,NONE,156,0,AVOID_CHASE,,165,27.0,0.0,0.0,0.0,-0.44,均線收斂｜量能安靜,v266.68,2026-09-27 13:49:03,NOISE,雜訊：條件不足。,WATCH,258
2248,ALPHA,WAIT,ALPHA 時機未明，先觀察,15,61.0,56.58,56.24,56.36,51.46,0.0398,0.1193,0.1466,0.3454,0.0028,True,False,False,False,0.0,,無事件,等待下一次確認。,0.0,97,v266.62,2026-09-27 13:49:01,0.0,,NONE,222,0,AVOID_CHASE,,172,27.0,0.0,0.0,0.0,-0.44,均線收斂｜量能安靜,v266.68,2026-09-27 13:49:03,NOISE,雜訊：條件不足。,WATCH,259
2444,ALPHA,WAIT,ALPHA 時機未明，先觀察,25,14.8,13.54,13.54,13.51,13.21,0.052,0.0725,0.2231,2.2149,0.0017,True,False,False,True,0.0,,無事件,等待下一次確認。,0.0,18,v266.62,2026-09-27 13:49:01,0.0,,NONE,176,0,AVOID_CHASE,,174,27.0,0.0,0.0,0.0,-0.44,均線收斂｜量能安靜,v266.68,2026-09-27 13:49:03,NOISE,雜訊：條件不足。,WATCH,260
1909,ALPHA,WAIT,ALPHA 時機未明，先觀察,15,10.1,9.38,9.21,9.29,9.55,0.0225,0.126,0.0317,0.3635,0.0081,True,False,False,False,0.0,,無事件,等待下一次確認。,0.0,56,v266.62,2026-09-27 13:49:01,0.0,,NONE,161,0,AVOID_CHASE,,175,27.0,0.0,0.0,0.0,-0.44,均線收斂｜量能安靜,v266.68,2026-09-27 13:49:03,NOISE,雜訊：條件不足。,WATCH,261
3003,PRE,WAIT,PRE 佈局型：等待突破確認，小倉觀察，不主動重倉,70,60.1,58.1,56.77,55.62,51.82,0.0349,0.0732,0.1048,0.4789,0.0302,True,False,False,False,0.0,,無事件,等待下一次確認。,0.0,293,v266.62,2026-09-27 13:49:01,0.0,,NONE,166,0,AVOID_CHASE,,180,27.0,0.0,0.0,0.0,-0.44,均線收斂｜量能安靜,v266.68,2026-09-27 13:49:03,NOISE,雜訊：條件不足。,WATCH,262
3046,PRE,WAIT,PRE 佈局型：等待突破確認，小倉觀察，不主動重倉,70,53.8,51.69,50.28,49.36,48.45,0.0221,0.0836,0.1047,0.2941,0.0302,True,False,False,False,0.0,,無事件,等待下一次確認。,0.0,294,v266.62,2026-09-27 13:49:01,0.0,,NONE,167,0,AVOID_CHASE,,181,27.0,0.0,0.0,0.0,-0.44,均線收斂｜量能安靜,v266.68,2026-09-27 13:49:03,NOISE,雜訊：條件不足。,WATCH,263
4545,ALPHA,WAIT,ALPHA 時機未明，先觀察,15,33.1,30.88,30.64,30.59,31.9,0.035,0.1089,0.0677,0.4775,0.0049,True,False,False,False,0.0,,無事件,等待下一次確認。,0.0,131,v266.62,2026-09-27 13:49:01,0.0,,NONE,184,0,AVOID_CHASE,,182,27.0,0.0,0.0,0.0,-0.44,均線收斂｜量能安靜,v266.68,2026-09-27 13:49:03,NOISE,雜訊：條件不足。,WATCH,264
4771,ALPHA,WAIT,ALPHA 時機未明，先觀察,15,212.0,192.7,190.5,191.35,185.93,0.0317,0.0984,0.1187,0.6155,0.0052,True,False,False,False,0.0,,無事件,等待下一次確認。,0.0,134,v266.62,2026-09-27 13:49:01,0.0,,NONE,186,0,AVOID_CHASE,,190,27.0,0.0,0.0,0.0,-0.44,均線收斂｜量能安靜,v266.68,2026-09-27 13:49:03,NOISE,雜訊：條件不足。,WATCH,265
4904,ALPHA,WAIT,ALPHA 時機未明，先觀察,15,105.5,97.7,96.42,96.24,94.01,0.0209,0.1094,0.1188,0.3282,0.0078,True,False,False,False,0.0,,無事件,等待下一次確認。,0.0,135,v266.62,2026-09-27 13:49:01,0.0,,NONE,187,0,AVOID_CHASE,,191,27.0,0.0,0.0,0.0,-0.44,均線收斂｜量能安靜,v266.68,2026-09-27 13:49:03,NOISE,雜訊：條件不足。,WATCH,266
6666,ALPHA,WAIT,ALPHA 時機未明，先觀察,15,44.85,41.98,41.23,41.45,41.86,0.0278,0.0912,0.0691,0.4329,0.0083,True,False,False,False,0.0,,無事件,等待下一次確認。,0.0,189,v266.62,2026-09-27 13:49:01,0.0,,NONE,191,0,AVOID_CHASE,,194,27.0,0.0,0.0,0.0,-0.44,均線收斂｜量能安靜,v266.68,2026-09-27 13:49:03,NOISE,雜訊：條件不足。,WATCH,267
4306,ALPHA,WAIT,ALPHA 時機未明，先觀察,15,14.5,13.46,13.32,13.42,13.48,0.0174,0.1069,0.032,0.7304,0.0047,True,False,False,False,0.0,,無事件,等待下一次確認。,0.0,143,v266.62,2026-09-27 13:49:01,0.0,,NONE,182,0,AVOID_CHASE,,197,27.0,0.0,0.0,0.0,-0.44,均線收斂｜量能安靜,v266.68,2026-09-27 13:49:03,NOISE,雜訊：條件不足。,WATCH,268
1467,ALPHA,WAIT,ALPHA 時機未明，先觀察,15,8.05,7.32,7.26,7.28,7.23,0.0334,0.1243,0.1402,0.0441,0.0038,False,False,False,False,0.0,,無事件,等待下一次確認。,0.0,78,v266.62,2026-09-27 13:49:01,0.0,,NONE,315,0,AVOID_CHASE,,198,27.0,0.0,0.0,0.0,-0.44,均線收斂｜量能安靜,v266.68,2026-09-27 13:49:03,NOISE,雜訊：條件不足。,WATCH,269
2392,ALPHA,WAIT,ALPHA 時機未明，先觀察,15,41.85,39.7,38.78,38.2,37.27,0.0437,0.0731,0.2237,0.4498,0.0249,True,False,False,False,0.0,,無事件,等待下一次確認。,0.0,94,v266.62,2026-09-27 13:49:01,0.0,,NONE,305,0,AVOID_CHASE,,204,27.0,0.0,0.0,0.0,-0.44,均線收斂｜量能安靜,v266.68,2026-09-27 13:49:03,NOISE,雜訊：條件不足。,WATCH,270
2206,ALPHA,WAIT,ALPHA 時機未明，先觀察,15,62.9,59.16,58.01,57.65,58.85,0.0215,0.0882,0.0716,0.166,0.0148,True,False,False,False,0.0,,無事件,等待下一次確認。,0.0,96,v266.62,2026-09-27 13:49:01,0.0,,NONE,306,0,AVOID_CHASE,,205,27.0,0.0,0.0,0.0,-0.44,均線收斂｜量能安靜,v266.68,2026-09-27 13:49:03,NOISE,雜訊：條件不足。,WATCH,271
8033,ALPHA,WAIT,ALPHA 時機未明，先觀察,15,168.5,152.9,150.9,150.5,146.32,0.0574,0.1196,0.2299,0.2054,0.0083,True,False,False,False,0.0,,無事件,等待下一次確認。,0.0,178,v266.62,2026-09-27 13:49:01,0.0,,NONE,194,0,AVOID_CHASE,,206,27.0,0.0,0.0,0.0,-0.44,均線收斂｜量能安靜,v266.68,2026-09-27 13:49:03,NOISE,雜訊：條件不足。,WATCH,272
8462,ALPHA,WAIT,ALPHA 時機未明，先觀察,15,158.0,149.5,148.9,146.22,143.14,0.0198,0.0712,0.1286,0.4224,0.0188,True,False,False,False,0.0,,無事件,等待下一次確認。,0.0,182,v266.62,2026-09-27 13:49:01,0.0,,NONE,195,0,AVOID_CHASE,,207,27.0,0.0,0.0,0.0,-0.44,均線收斂｜量能安靜,v266.68,2026-09-27 13:49:03,NOISE,雜訊：條件不足。,WATCH,273
8473,ALPHA,WAIT,ALPHA 時機未明，先觀察,15,39.4,35.5,35.55,36.29,37.31,0.0217,0.1209,0.0549,0.5318,0.0196,True,False,False,False,0.0,,無事件,等待下一次確認。,0.0,184,v266.62,2026-09-27 13:49:01,0.0,,NONE,196,0,AVOID_CHASE,,208,27.0,0.0,0.0,0.0,-0.44,均線收斂｜量能安靜,v266.68,2026-09-27 13:49:03,NOISE,雜訊：條件不足。,WATCH,274
1444,ALPHA,WAIT,ALPHA 時機未明，先觀察,15,6.86,6.15,6.1,6.26,6.27,0.0259,0.1414,0.0208,0.7011,0.0206,True,False,False,False,0.0,,無事件,等待下一次確認。,0.0,76,v266.62,2026-09-27 13:49:01,0.0,,NONE,313,0,AVOID_CHASE,,213,27.0,0.0,0.0,0.0,-0.44,均線收斂｜量能安靜,v266.68,2026-09-27 13:49:03,NOISE,雜訊：條件不足。,WATCH,275
1110,PRE,WAIT,PRE 佈局型：等待突破確認，小倉觀察，不主動重倉,80,14.75,15.04,15.13,15.24,15.54,0.031,-0.0232,-0.0453,3.6791,0.01,False,True,True,False,0.0,,無事件,等待下一次確認。,0.0,161,v266.62,2026-09-27 13:49:01,0.0,,NONE,204,0,AVOID_CHASE,,216,27.0,0.0,0.0,0.0,-0.44,均線收斂｜量能安靜,v266.68,2026-09-27 13:49:03,NOISE,雜訊：條件不足。,WATCH,276
6277,ALPHA,WAIT,ALPHA 時機未明，先觀察,15,77.8,72.48,71.46,71.19,65.51,0.0292,0.0912,0.1004,0.2428,0.01,True,False,False,False,0.0,,無事件,等待下一次確認。,0.0,192,v266.62,2026-09-27 13:49:01,0.0,,NONE,193,0,AVOID_CHASE,,221,27.0,0.0,0.0,0.0,-0.44,均線收斂｜量能安靜,v266.68,2026-09-27 13:49:03,NOISE,雜訊：條件不足。,WATCH,277
8476,ALPHA,WAIT,ALPHA 時機未明，先觀察,15,19.5,17.61,17.48,17.79,18.63,0.0287,0.1337,0.0484,0.5089,0.0126,True,False,False,False,0.0,,無事件,等待下一次確認。,0.0,220,v266.62,2026-09-27 13:49:01,0.0,,NONE,213,0,AVOID_CHASE,,225,27.0,0.0,0.0,0.0,-0.44,均線收斂｜量能安靜,v266.68,2026-09-27 13:49:03,NOISE,雜訊：條件不足。,WATCH,278
9933,ALPHA,WAIT,ALPHA 時機未明，先觀察,15,41.0,37.73,37.27,37.26,34.7,0.0371,0.1141,0.1833,0.2185,0.0059,True,False,False,False,0.0,,無事件,等待下一次確認。,0.0,221,v266.62,2026-09-27 13:49:01,0.0,,NONE,214,0,AVOID_CHASE,,226,27.0,0.0,0.0,0.0,-0.44,均線收斂｜量能安靜,v266.68,2026-09-27 13:49:03,NOISE,雜訊：條件不足。,WATCH,279
9939,ALPHA,WAIT,ALPHA 時機未明，先觀察,15,124.5,117.8,114.8,114.85,117.68,0.0237,0.1216,0.1318,0.201,0.012,True,False,False,False,0.0,,無事件,等待下一次確認。,0.0,223,v266.62,2026-09-27 13:49:01,0.0,,NONE,215,0,AVOID_CHASE,,227,27.0,0.0,0.0,0.0,-0.44,均線收斂｜量能安靜,v266.68,2026-09-27 13:49:03,NOISE,雜訊：條件不足。,WATCH,280
6409,ALPHA,WAIT,ALPHA 時機未明，先觀察,15,879.0,803.6,793.0,785.95,801.5,0.0452,0.1015,0.2058,0.2359,0.0141,True,False,False,False,0.0,,無事件,等待下一次確認。,0.0,193,v266.62,2026-09-27 13:49:01,0.0,,NONE,247,0,AVOID_CHASE,,231,27.0,0.0,0.0,0.0,-0.44,均線收斂｜量能安靜,v266.68,2026-09-27 13:49:03,NOISE,雜訊：條件不足。,WATCH,281
5007,PRE,WAIT,PRE 佈局型：等待突破確認，小倉觀察，不主動重倉,90,55.6,57.42,57.69,57.82,57.6,0.0175,-0.0463,-0.043,0.9868,0.0048,False,False,False,False,0.0,,無事件,等待下一次確認。,0.0,160,v266.62,2026-09-27 13:49:01,0.0,,NONE,236,0,AVOID_CHASE,,235,27.0,0.0,0.0,0.0,-0.44,均線收斂｜量能安靜,v266.68,2026-09-27 13:49:03,NOISE,雜訊：條件不足。,WATCH,282
2480,ALPHA,WAIT,ALPHA 時機未明，先觀察,15,161.0,150.7,148.55,144.05,142.47,0.0211,0.0769,0.1583,0.2232,0.0346,True,False,False,False,0.0,,無事件,等待下一次確認。,0.0,82,v266.62,2026-09-27 13:49:01,0.0,,NONE,307,0,AVOID_CHASE,,254,27.0,0.0,0.0,0.0,-0.44,均線收斂｜量能安靜,v266.68,2026-09-27 13:49:03,NOISE,雜訊：條件不足。,WATCH,283
1776,ALPHA,WAIT,ALPHA 時機未明，先觀察,15,18.1,17.23,17.0,16.69,15.9,0.0297,0.0678,0.1173,0.0548,0.0232,True,False,False,False,0.0,,無事件,等待下一次確認。,0.0,64,v266.62,2026-09-27 13:49:01,0.0,,NONE,157,0,AVOID_CHASE,,260,27.0,0.0,0.0,0.0,-0.44,均線收斂｜量能安靜,v266.68,2026-09-27 13:49:03,NOISE,雜訊：條件不足。,WATCH,284
4938,ALPHA,WAIT,ALPHA 時機未明，先觀察,15,91.3,84.9,83.52,83.13,77.52,0.0262,0.0921,0.1631,0.625,0.0118,True,False,False,False,0.0,,無事件,等待下一次確認。,0.0,137,v266.62,2026-09-27 13:49:01,0.0,,NONE,240,0,AVOID_CHASE,,272,27.0,0.0,0.0,0.0,-0.44,均線收斂｜量能安靜,v266.68,2026-09-27 13:49:03,NOISE,雜訊：條件不足。,WATCH,285
3543,ALPHA,WAIT,ALPHA 時機未明，先觀察,15,45.7,40.28,40.39,41.32,45.64,0.0495,0.1658,0.0133,0.5782,0.0216,True,False,False,False,0.0,,無事件,等待下一次確認。,0.0,103,v266.62,2026-09-27 13:49:01,0.0,,NONE,227,0,AVOID_CHASE,,273,27.0,0.0,0.0,0.0,-0.44,均線收斂｜量能安靜,v266.68,2026-09-27 13:49:03,NOISE,雜訊：條件不足。,WATCH,286
2537,ALPHA,WAIT,ALPHA 時機未明，先觀察,15,11.4,10.5,10.39,10.43,10.36,0.0243,0.1068,0.0857,0.2148,0.0046,True,False,False,False,0.0,,無事件,等待下一次確認。,0.0,84,v266.62,2026-09-27 13:49:01,0.0,,NONE,308,0,AVOID_CHASE,,282,27.0,0.0,0.0,0.0,-0.44,均線收斂｜量能安靜,v266.68,2026-09-27 13:49:03,NOISE,雜訊：條件不足。,WATCH,287
2413,ALPHA,WAIT,ALPHA 時機未明，先觀察,15,51.3,46.6,45.57,46.95,49.19,0.0532,0.158,-0.0058,0.985,0.017,False,False,False,False,0.0,,無事件,等待下一次確認。,0.0,87,v266.62,2026-09-27 13:49:01,0.0,,NONE,310,0,AVOID_CHASE,,283,27.0,0.0,0.0,0.0,-0.44,均線收斂｜量能安靜,v266.68,2026-09-27 13:49:03,NOISE,雜訊：條件不足。,WATCH,288
1434,ALPHA,WAIT,ALPHA 時機未明，先觀察,15,17.95,16.27,16.13,16.23,16.75,0.023,0.1149,0.0528,0.6702,0.0038,True,False,False,False,0.0,,無事件,等待下一次確認。,0.0,74,v266.62,2026-09-27 13:49:01,0.0,,NONE,312,0,AVOID_CHASE,,284,27.0,0.0,0.0,0.0,-0.44,均線收斂｜量能安靜,v266.68,2026-09-27 13:49:03,NOISE,雜訊：條件不足。,WATCH,289
8488,PRE,WAIT,PRE 佈局型：等待突破確認，小倉觀察，不主動重倉,80,9.85,9.98,10.07,10.17,9.98,0.0236,-0.0248,-0.0051,7.9254,0.0141,False,True,False,False,0.0,,無事件,等待下一次確認。,0.0,319,v266.62,2026-09-27 13:49:01,0.0,,NONE,325,0,AVOID_CHASE,,291,27.0,0.0,0.0,0.0,-0.44,均線收斂｜量能安靜,v266.68,2026-09-27 13:49:03,NOISE,雜訊：條件不足。,WATCH,290
6456,ALPHA,WAIT,ALPHA 時機未明，先觀察,15,81.3,70.42,73.88,75.51,61.63,0.079,0.1152,0.2743,0.948,0.0413,False,False,False,False,0.0,,無事件,等待下一次確認。,0.0,195,v266.62,2026-09-27 13:49:01,10.0,第一次站上MA20,NONE,83,0,AVOID_CHASE,,281,12.0,0.0,0.0,0.0,-4.04,量能安靜,v266.68,2026-09-27 13:49:03,NOISE,雜訊：條件不足。,WATCH,291
6005,ALPHA,WAIT,ALPHA 時機未明，先觀察,15,32.0,31.53,30.25,29.15,28.88,0.0273,0.0667,0.1449,0.3262,0.0545,True,False,False,False,0.0,,無事件,等待下一次確認。,0.0,122,v266.62,2026-09-27 13:49:01,0.0,,NONE,263,0,AVOID_CHASE,,133,12.0,0.0,0.0,0.0,-4.64,量能安靜,v266.68,2026-09-27 13:49:03,NOISE,雜訊：條件不足。,WATCH,292
5269,ALPHA,WAIT,ALPHA 時機未明，先觀察,15,1480.0,1435.0,1392.5,1334.75,1245.67,0.0569,0.1045,0.2437,0.1314,0.0534,True,False,False,False,0.0,,無事件,等待下一次確認。,0.0,126,v266.62,2026-09-27 13:49:01,0.0,,NONE,264,0,AVOID_CHASE,,134,12.0,0.0,0.0,0.0,-4.64,量能安靜,v266.68,2026-09-27 13:49:03,NOISE,雜訊：條件不足。,WATCH,293
4912,ALPHA,WAIT,ALPHA 時機未明，先觀察,15,96.8,94.52,87.99,87.77,89.51,0.0355,0.1649,0.0926,0.6091,0.036,False,False,False,False,0.0,,無事件,等待下一次確認。,0.0,136,v266.62,2026-09-27 13:49:01,0.0,,NONE,188,0,AVOID_CHASE,,192,12.0,0.0,0.0,0.0,-4.64,量能安靜,v266.68,2026-09-27 13:49:03,NOISE,雜訊：條件不足。,WATCH,294
6756,ALPHA,WAIT,ALPHA 時機未明，先觀察,15,97.5,97.64,92.23,87.17,79.54,0.0621,0.1017,0.3374,0.1217,0.0796,False,False,False,False,0.0,,無事件,等待下一次確認。,0.0,185,v266.62,2026-09-27 13:49:01,0.0,,NONE,189,0,AVOID_CHASE,,193,12.0,0.0,0.0,0.0,-4.64,量能安靜,v266.68,2026-09-27 13:49:03,NOISE,雜訊：條件不足。,WATCH,295
6715,ALPHA,WAIT,ALPHA 時機未明，先觀察,15,468.5,470.0,442.65,429.85,322.5,0.0791,0.077,0.1982,0.3254,0.0565,False,False,False,False,0.0,,無事件,等待下一次確認。,0.0,191,v266.62,2026-09-27 13:49:01,0.0,,NONE,192,0,AVOID_CHASE,,195,12.0,0.0,0.0,0.0,-4.64,量能安靜,v266.68,2026-09-27 13:49:03,NOISE,雜訊：條件不足。,WATCH,296
3014,ALPHA,WAIT,ALPHA 時機未明，先觀察,25,140.5,137.3,132.5,128.28,121.72,0.0258,0.0604,0.166,1.0637,0.0472,False,False,False,False,0.0,,無事件,等待下一次確認。,0.0,22,v266.62,2026-09-27 13:49:01,0.0,,NONE,178,0,AVOID_CHASE,,196,12.0,0.0,0.0,0.0,-4.64,量能安靜,v266.68,2026-09-27 13:49:03,NOISE,雜訊：條件不足。,WATCH,297
2421,ALPHA,WAIT,ALPHA 時機未明，先觀察,15,167.0,153.1,150.45,147.53,142.68,0.0398,0.1284,0.1802,0.3339,0.0254,True,False,False,False,0.0,,無事件,等待下一次確認。,0.0,89,v266.62,2026-09-27 13:49:01,0.0,,NONE,301,-25,AVOID_CHASE,過熱扣分,298,27.0,0.0,0.0,53.0,-31.09,均線收斂｜量能安靜｜假突破/出貨文字風險｜離MA20過遠,v266.68,2026-09-27 13:49:03,FAKE_BREAKOUT_RISK,假突破/追高風險：避免追價。,WATCH,298
5288,ALPHA,WAIT,ALPHA 時機未明，先觀察,15,187.5,160.9,163.4,165.9,150.19,0.0493,0.2019,0.0933,0.2566,0.02,True,False,False,False,0.0,,無事件,等待下一次確認。,0.0,127,v266.62,2026-09-27 13:49:01,0.0,,NONE,265,-25,AVOID_CHASE,過熱扣分,299,27.0,0.0,0.0,53.0,-31.09,均線收斂｜量能安靜｜假突破/出貨文字風險｜離MA20過遠,v266.68,2026-09-27 13:49:03,FAKE_BREAKOUT_RISK,假突破/追高風險：避免追價。,WATCH,299
2609,ALPHA,WAIT,ALPHA 時機未明，先觀察,15,59.6,52.22,51.02,50.69,53.97,0.0238,0.1779,0.1825,0.777,0.0156,True,False,False,False,0.0,,無事件,等待下一次確認。,0.0,119,v266.62,2026-09-27 13:49:01,0.0,,NONE,268,-25,AVOID_CHASE,過熱扣分,301,27.0,0.0,0.0,53.0,-31.09,均線收斂｜量能安靜｜假突破/出貨文字風險｜離MA20過遠,v266.68,2026-09-27 13:49:03,FAKE_BREAKOUT_RISK,假突破/追高風險：避免追價。,WATCH,300
3005,ALPHA,WAIT,ALPHA 時機未明，先觀察,15,116.5,102.42,100.2,99.47,110.4,0.0251,0.1949,0.1876,0.1919,0.0158,True,False,False,False,0.0,,無事件,等待下一次確認。,0.0,105,v266.62,2026-09-27 13:49:01,0.0,,NONE,270,-25,AVOID_CHASE,過熱扣分,302,27.0,0.0,0.0,53.0,-31.09,均線收斂｜量能安靜｜假突破/出貨文字風險｜離MA20過遠,v266.68,2026-09-27 13:49:03,FAKE_BREAKOUT_RISK,假突破/追高風險：避免追價。,WATCH,301
2352,ALPHA,WAIT,ALPHA 時機未明，先觀察,15,29.0,26.14,25.41,25.24,24.61,0.0296,0.1219,0.1983,0.4104,0.0184,True,False,False,False,0.0,,無事件,等待下一次確認。,0.0,101,v266.62,2026-09-27 13:49:01,0.0,,NONE,225,-25,AVOID_CHASE,過熱扣分,305,27.0,0.0,0.0,53.0,-31.09,均線收斂｜量能安靜｜假突破/出貨文字風險｜離MA20過遠,v266.68,2026-09-27 13:49:03,FAKE_BREAKOUT_RISK,假突破/追高風險：避免追價。,WATCH,302
3312,ALPHA,WAIT,ALPHA 時機未明，先觀察,15,50.5,44.96,43.22,42.9,38.34,0.05,0.2125,0.2625,0.254,0.0236,True,False,False,False,0.0,,無事件,等待下一次確認。,0.0,102,v266.62,2026-09-27 13:49:01,0.0,,NONE,226,-25,AVOID_CHASE,過熱扣分,306,27.0,0.0,0.0,53.0,-31.09,均線收斂｜量能安靜｜假突破/出貨文字風險｜離MA20過遠,v266.68,2026-09-27 13:49:03,FAKE_BREAKOUT_RISK,假突破/追高風險：避免追價。,WATCH,303
3550,ALPHA,WAIT,ALPHA 時機未明，先觀察,15,23.85,21.78,21.8,20.81,19.17,0.0637,0.0719,0.1955,0.1828,0.0411,True,False,False,False,0.0,,無事件,等待下一次確認。,0.0,104,v266.62,2026-09-27 13:49:01,0.0,,NONE,228,-25,AVOID_CHASE,過熱扣分,307,27.0,0.0,0.0,53.0,-31.09,均線收斂｜量能安靜｜假突破/出貨文字風險｜離MA20過遠,v266.68,2026-09-27 13:49:03,FAKE_BREAKOUT_RISK,假突破/追高風險：避免追價。,WATCH,304
3652,ALPHA,WAIT,ALPHA 時機未明，先觀察,15,34.1,31.03,30.8,29.98,28.29,0.0411,0.1443,0.2333,0.2694,0.0275,True,False,False,False,0.0,,無事件,等待下一次確認。,0.0,139,v266.62,2026-09-27 13:49:01,0.0,,NONE,242,-25,AVOID_CHASE,過熱扣分,309,27.0,0.0,0.0,53.0,-31.09,均線收斂｜量能安靜｜假突破/出貨文字風險｜離MA20過遠,v266.68,2026-09-27 13:49:03,FAKE_BREAKOUT_RISK,假突破/追高風險：避免追價。,WATCH,305
3704,ALPHA,WAIT,ALPHA 時機未明，先觀察,15,40.5,36.66,35.68,36.08,34.26,0.0401,0.1538,0.1219,0.3275,0.012,True,False,False,False,0.0,,無事件,等待下一次確認。,0.0,141,v266.62,2026-09-27 13:49:01,0.0,,NONE,244,-25,AVOID_CHASE,過熱扣分,311,27.0,0.0,0.0,53.0,-31.09,均線收斂｜量能安靜｜假突破/出貨文字風險｜離MA20過遠,v266.68,2026-09-27 13:49:03,FAKE_BREAKOUT_RISK,假突破/追高風險：避免追價。,WATCH,306
4155,ALPHA,WAIT,ALPHA 時機未明，先觀察,15,14.85,13.4,13.25,13.23,13.54,0.0234,0.125,0.1293,0.7715,0.0064,True,False,False,False,0.0,,無事件,等待下一次確認。,0.0,142,v266.62,2026-09-27 13:49:01,0.0,,NONE,245,-25,AVOID_CHASE,過熱扣分,312,27.0,0.0,0.0,53.0,-31.09,均線收斂｜量能安靜｜假突破/出貨文字風險｜離MA20過遠,v266.68,2026-09-27 13:49:03,FAKE_BREAKOUT_RISK,假突破/追高風險：避免追價。,WATCH,307
6133,ALPHA,WAIT,ALPHA 時機未明，先觀察,25,25.95,22.87,22.57,22.6,23.41,0.0381,0.1559,0.0858,1.8248,0.0058,True,False,False,True,0.0,,無事件,等待下一次確認。,0.0,335,v266.62,2026-09-27 13:49:01,0.0,,NONE,149,-25,AVOID_CHASE,過熱扣分,315,27.0,0.0,0.0,53.0,-31.09,均線收斂｜量能安靜｜假突破/出貨文字風險｜離MA20過遠,v266.68,2026-09-27 13:49:03,FAKE_BREAKOUT_RISK,假突破/追高風險：避免追價。,WATCH,308
8021,ALPHA,WAIT,ALPHA 時機未明，先觀察,15,480.0,441.4,426.8,417.5,304.79,0.0605,0.1321,0.3714,0.3148,0.0346,True,False,False,False,0.0,,無事件,等待下一次確認。,0.0,187,v266.62,2026-09-27 13:49:01,0.0,,NONE,190,-25,AVOID_CHASE,過熱扣分,316,27.0,0.0,0.0,53.0,-31.09,均線收斂｜量能安靜｜假突破/出貨文字風險｜離MA20過遠,v266.68,2026-09-27 13:49:03,FAKE_BREAKOUT_RISK,假突破/追高風險：避免追價。,WATCH,309
4590,ALPHA,WAIT,ALPHA 時機未明，先觀察,15,89.7,79.9,78.14,77.1,76.16,0.0366,0.1471,0.1787,0.7741,0.0214,True,False,False,False,0.0,,無事件,等待下一次確認。,0.0,132,v266.62,2026-09-27 13:49:01,0.0,,NONE,185,-25,AVOID_CHASE,過熱扣分,317,27.0,0.0,0.0,53.0,-31.09,均線收斂｜量能安靜｜假突破/出貨文字風險｜離MA20過遠,v266.68,2026-09-27 13:49:03,FAKE_BREAKOUT_RISK,假突破/追高風險：避免追價。,WATCH,310
2025,ALPHA,WAIT,ALPHA 時機未明，先觀察,25,13.1,12.01,11.54,11.65,11.57,0.0401,0.2018,0.1391,5.2403,0.0179,True,False,False,True,0.0,,無事件,等待下一次確認。,0.0,14,v266.62,2026-09-27 13:49:01,0.0,,NONE,181,-25,AVOID_CHASE,過熱扣分,319,27.0,0.0,0.0,53.0,-31.09,均線收斂｜量能安靜｜假突破/出貨文字風險｜離MA20過遠,v266.68,2026-09-27 13:49:03,FAKE_BREAKOUT_RISK,假突破/追高風險：避免追價。,WATCH,311
3629,PRE,WAIT,PRE 條件未完整，僅保留觀察,45,19.6,17.06,16.66,17.49,18.66,0.0587,0.225,-0.0151,1.5314,0.0321,True,False,False,False,0.0,,無事件,等待下一次確認。,0.0,12,v266.62,2026-09-27 13:49:01,0.0,,NONE,180,-25,AVOID_CHASE,過熱扣分,320,27.0,0.0,0.0,53.0,-31.09,均線收斂｜量能安靜｜假突破/出貨文字風險｜離MA20過遠,v266.68,2026-09-27 13:49:03,FAKE_BREAKOUT_RISK,假突破/追高風險：避免追價。,WATCH,312
6533,ALPHA,WAIT,ALPHA 時機未明，先觀察,25,276.0,251.8,244.05,238.32,210.37,0.0639,0.1429,0.4413,3.3007,0.0348,True,False,False,True,0.0,,無事件,等待下一次確認。,0.0,337,v266.62,2026-09-27 13:49:01,0.0,,NONE,340,-25,AVOID_CHASE,過熱扣分,321,27.0,0.0,0.0,53.0,-31.09,均線收斂｜量能安靜｜假突破/出貨文字風險｜離MA20過遠,v266.68,2026-09-27 13:49:03,FAKE_BREAKOUT_RISK,假突破/追高風險：避免追價。,WATCH,313
4551,ALPHA,WAIT,ALPHA 時機未明，先觀察,25,163.5,147.5,141.75,139.3,130.34,0.0387,0.2111,0.1848,1.3658,0.0326,True,False,False,True,0.0,,無事件,等待下一次確認。,0.0,340,v266.62,2026-09-27 13:49:01,0.0,,NONE,338,-25,AVOID_CHASE,過熱扣分,323,27.0,0.0,0.0,53.0,-31.09,均線收斂｜量能安靜｜假突破/出貨文字風險｜離MA20過遠,v266.68,2026-09-27 13:49:03,FAKE_BREAKOUT_RISK,假突破/追高風險：避免追價。,WATCH,314
6901,ALPHA,WAIT,ALPHA 時機未明，先觀察,25,15.7,13.88,13.71,13.95,14.69,0.0393,0.1985,0.1254,1.177,0.01,True,False,False,True,0.0,,無事件,等待下一次確認。,0.0,329,v266.62,2026-09-27 13:49:01,0.0,,NONE,337,-25,AVOID_CHASE,過熱扣分,324,27.0,0.0,0.0,53.0,-31.09,均線收斂｜量能安靜｜假突破/出貨文字風險｜離MA20過遠,v266.68,2026-09-27 13:49:03,FAKE_BREAKOUT_RISK,假突破/追高風險：避免追價。,WATCH,315
9914,ALPHA,WAIT,ALPHA 時機未明，先觀察,25,66.7,59.1,58.38,59.13,66.71,0.0304,0.1826,0.1025,1.2374,0.0058,True,False,False,True,0.0,,無事件,等待下一次確認。,0.0,331,v266.62,2026-09-27 13:49:01,0.0,,NONE,336,-25,AVOID_CHASE,過熱扣分,325,27.0,0.0,0.0,53.0,-31.09,均線收斂｜量能安靜｜假突破/出貨文字風險｜離MA20過遠,v266.68,2026-09-27 13:49:03,FAKE_BREAKOUT_RISK,假突破/追高風險：避免追價。,WATCH,316
1907,ALPHA,WAIT,ALPHA 時機未明，先觀察,15,28.25,24.84,24.29,24.63,25.11,0.0265,0.1845,0.0824,0.7168,0.0098,True,False,False,False,0.0,,無事件,等待下一次確認。,0.0,55,v266.62,2026-09-27 13:49:01,0.0,,NONE,160,-25,AVOID_CHASE,過熱扣分,327,27.0,0.0,0.0,53.0,-31.09,均線收斂｜量能安靜｜假突破/出貨文字風險｜離MA20過遠,v266.68,2026-09-27 13:49:03,FAKE_BREAKOUT_RISK,假突破/追高風險：避免追價。,WATCH,317
2031,ALPHA,WAIT,ALPHA 時機未明，先觀察,15,46.1,40.92,40.7,40.29,39.84,0.0234,0.1701,0.1189,0.8762,0.0112,True,False,False,False,0.0,,無事件,等待下一次確認。,0.0,58,v266.62,2026-09-27 13:49:01,0.0,,NONE,154,-25,AVOID_CHASE,過熱扣分,328,27.0,0.0,0.0,53.0,-31.09,均線收斂｜量能安靜｜假突破/出貨文字風險｜離MA20過遠,v266.68,2026-09-27 13:49:03,FAKE_BREAKOUT_RISK,假突破/追高風險：避免追價。,WATCH,318
1312,ALPHA,WAIT,ALPHA 時機未明，先觀察,15,14.6,12.32,12.17,12.72,13.22,0.0483,0.2532,-0.0168,0.7377,0.0329,False,False,False,False,0.0,,無事件,等待下一次確認。,0.0,322,v266.62,2026-09-27 13:49:01,0.0,,NONE,152,-25,AVOID_CHASE,過熱扣分,329,27.0,0.0,0.0,53.0,-31.09,均線收斂｜量能安靜｜假突破/出貨文字風險｜離MA20過遠,v266.68,2026-09-27 13:49:03,FAKE_BREAKOUT_RISK,假突破/追高風險：避免追價。,WATCH,319
6243,ALPHA,WAIT,ALPHA 時機未明，先觀察,25,39.5,35.72,34.81,33.87,32.58,0.0602,0.1652,0.3079,2.351,0.0354,False,False,False,False,0.0,,無事件,等待下一次確認。,0.0,336,v266.62,2026-09-27 13:49:01,0.0,,NONE,150,-25,AVOID_CHASE,過熱扣分,330,27.0,0.0,0.0,53.0,-31.09,均線收斂｜量能安靜｜假突破/出貨文字風險｜離MA20過遠,v266.68,2026-09-27 13:49:03,FAKE_BREAKOUT_RISK,假突破/追高風險：避免追價。,WATCH,320
2347,ALPHA,WAIT,ALPHA 時機未明，先觀察,15,94.5,86.38,84.61,83.73,77.19,0.0295,0.1183,0.1496,0.4755,0.0186,True,False,False,False,0.0,,無事件,等待下一次確認。,0.0,100,v266.62,2026-09-27 13:49:01,0.0,,NONE,224,-25,AVOID_CHASE,過熱扣分,331,27.0,0.0,0.0,53.0,-31.09,均線收斂｜量能安靜｜假突破/出貨文字風險｜離MA20過遠,v266.68,2026-09-27 13:49:03,FAKE_BREAKOUT_RISK,假突破/追高風險：避免追價。,WATCH,321
2330,ALPHA,WAIT,ALPHA 時機未明，先觀察,15,2475.0,2313.0,2265.5,2186.0,1981.67,0.0305,0.1,0.2044,0.3529,0.0417,True,False,False,False,0.0,,無事件,等待下一次確認。,0.0,99,v266.62,2026-09-27 13:49:01,0.0,,NONE,223,-25,AVOID_CHASE,過熱扣分,332,27.0,0.0,0.0,53.0,-31.09,均線收斂｜量能安靜｜假突破/出貨文字風險｜離MA20過遠,v266.68,2026-09-27 13:49:03,FAKE_BREAKOUT_RISK,假突破/追高風險：避免追價。,WATCH,322
1455,ALPHA,WAIT,ALPHA 時機未明，先觀察,15,9.68,8.42,8.29,8.56,8.66,0.0291,0.1965,0.1126,0.2565,0.0209,True,False,False,False,0.0,,無事件,等待下一次確認。,0.0,77,v266.62,2026-09-27 13:49:01,0.0,,NONE,314,-25,AVOID_CHASE,過熱扣分,333,27.0,0.0,0.0,53.0,-31.09,均線收斂｜量能安靜｜假突破/出貨文字風險｜離MA20過遠,v266.68,2026-09-27 13:49:03,FAKE_BREAKOUT_RISK,假突破/追高風險：避免追價。,WATCH,323
2414,ALPHA,WAIT,ALPHA 時機未明，先觀察,15,52.9,49.13,47.74,46.68,44.08,0.0238,0.1021,0.1848,0.1642,0.0333,True,False,False,False,0.0,,無事件,等待下一次確認。,0.0,88,v266.62,2026-09-27 13:49:01,0.0,,NONE,311,-25,AVOID_CHASE,過熱扣分,334,27.0,0.0,0.0,53.0,-31.09,均線收斂｜量能安靜｜假突破/出貨文字風險｜離MA20過遠,v266.68,2026-09-27 13:49:03,FAKE_BREAKOUT_RISK,假突破/追高風險：避免追價。,WATCH,324
1314,ALPHA,WAIT,ALPHA 時機未明，先觀察,25,8.86,7.48,7.41,7.52,8.05,0.03,0.2254,0.1287,2.2496,0.0084,True,False,False,True,0.0,,無事件,等待下一次確認。,0.0,10,v266.62,2026-09-27 13:49:01,0.0,,NONE,179,-25,AVOID_CHASE,過熱扣分,337,27.0,0.0,0.0,53.0,-31.09,均線收斂｜量能安靜｜假突破/出貨文字風險｜離MA20過遠,v266.68,2026-09-27 13:49:03,FAKE_BREAKOUT_RISK,假突破/追高風險：避免追價。,WATCH,325
2516,ALPHA,WAIT,ALPHA 時機未明，先觀察,25,15.45,13.59,13.63,13.45,13.91,0.0345,0.136,0.1155,2.1382,0.0105,True,False,False,True,0.0,,無事件,等待下一次確認。,0.0,19,v266.62,2026-09-27 13:49:01,0.0,,NONE,177,-25,AVOID_CHASE,過熱扣分,338,27.0,0.0,0.0,53.0,-31.09,均線收斂｜量能安靜｜假突破/出貨文字風險｜離MA20過遠,v266.68,2026-09-27 13:49:03,FAKE_BREAKOUT_RISK,假突破/追高風險：避免追價。,WATCH,326
2353,ALPHA,WAIT,ALPHA 時機未明，先觀察,15,31.75,28.95,28.36,28.15,27.48,0.0264,0.1299,0.1651,0.3355,0.0159,True,False,False,False,0.0,,無事件,等待下一次確認。,0.0,91,v266.62,2026-09-27 13:49:01,0.0,,NONE,303,-25,AVOID_CHASE,過熱扣分,339,27.0,0.0,0.0,53.0,-31.09,均線收斂｜量能安靜｜假突破/出貨文字風險｜離MA20過遠,v266.68,2026-09-27 13:49:03,FAKE_BREAKOUT_RISK,假突破/追高風險：避免追價。,WATCH,327
2603,ALPHA,WAIT,ALPHA 時機未明，先觀察,15,243.0,219.2,212.55,206.53,204.07,0.0208,0.1462,0.209,0.4724,0.0385,True,False,False,False,0.0,,無事件,等待下一次確認。,0.0,116,v266.62,2026-09-27 13:49:01,0.0,,NONE,266,-25,AVOID_CHASE,過熱扣分,300,12.0,0.0,0.0,53.0,-35.29,量能安靜｜假突破/出貨文字風險｜離MA20過遠,v266.68,2026-09-27 13:49:03,FAKE_BREAKOUT_RISK,假突破/追高風險：避免追價。,WATCH,328
3035,ALPHA,WAIT,ALPHA 時機未明，先觀察,15,206.5,193.9,183.35,177.43,162.66,0.0558,0.1377,0.3497,0.2753,0.0542,True,False,False,False,0.0,,無事件,等待下一次確認。,0.0,107,v266.62,2026-09-27 13:49:01,0.0,,NONE,271,-25,AVOID_CHASE,過熱扣分,303,12.0,0.0,0.0,53.0,-35.29,量能安靜｜假突破/出貨文字風險｜離MA20過遠,v266.68,2026-09-27 13:49:03,FAKE_BREAKOUT_RISK,假突破/追高風險：避免追價。,WATCH,329
3044,ALPHA,WAIT,ALPHA 時機未明，先觀察,15,538.0,497.9,483.0,462.6,400.83,0.0535,0.1025,0.4102,0.2353,0.0518,True,False,False,False,0.0,,無事件,等待下一次確認。,0.0,108,v266.62,2026-09-27 13:49:01,0.0,,NONE,272,-25,AVOID_CHASE,過熱扣分,304,12.0,0.0,0.0,53.0,-35.29,量能安靜｜假突破/出貨文字風險｜離MA20過遠,v266.68,2026-09-27 13:49:03,FAKE_BREAKOUT_RISK,假突破/追高風險：避免追價。,WATCH,330
4961,ALPHA,WAIT,ALPHA 時機未明，先觀察,15,180.5,171.9,164.0,160.82,151.2,0.0398,0.1534,0.1797,0.2365,0.0395,True,False,False,False,0.0,,無事件,等待下一次確認。,0.0,138,v266.62,2026-09-27 13:49:01,0.0,,NONE,241,-25,AVOID_CHASE,過熱扣分,308,12.0,0.0,0.0,53.0,-35.29,量能安靜｜假突破/出貨文字風險｜離MA20過遠,v266.68,2026-09-27 13:49:03,FAKE_BREAKOUT_RISK,假突破/追高風險：避免追價。,WATCH,331
3702,ALPHA,WAIT,ALPHA 時機未明，先觀察,15,117.5,112.5,107.65,103.18,87.53,0.0363,0.1298,0.2176,0.5283,0.0586,True,False,False,False,0.0,,無事件,等待下一次確認。,0.0,140,v266.62,2026-09-27 13:49:01,0.0,,NONE,243,-25,AVOID_CHASE,過熱扣分,310,12.0,0.0,0.0,53.0,-35.29,量能安靜｜假突破/出貨文字風險｜離MA20過遠,v266.68,2026-09-27 13:49:03,FAKE_BREAKOUT_RISK,假突破/追高風險：避免追價。,WATCH,332
6414,ALPHA,WAIT,ALPHA 時機未明，先觀察,15,374.0,358.6,346.2,328.23,293.32,0.0278,0.0732,0.2721,0.3294,0.0646,True,False,False,False,0.0,,無事件,等待下一次確認。,0.0,194,v266.62,2026-09-27 13:49:01,0.0,,NONE,248,-25,AVOID_CHASE,過熱扣分,313,12.0,0.0,0.0,53.0,-35.29,量能安靜｜假突破/出貨文字風險｜離MA20過遠,v266.68,2026-09-27 13:49:03,FAKE_BREAKOUT_RISK,假突破/追高風險：避免追價。,WATCH,333
1605,ALPHA,WAIT,ALPHA 時機未明，先觀察,15,36.65,35.15,33.34,32.45,32.77,0.0432,0.1242,0.1382,0.1562,0.0489,True,False,False,False,0.0,,無事件,等待下一次確認。,0.0,72,v266.62,2026-09-27 13:49:01,0.0,,NONE,261,-25,AVOID_CHASE,過熱扣分,314,12.0,0.0,0.0,53.0,-35.29,量能安靜｜假突破/出貨文字風險｜離MA20過遠,v266.68,2026-09-27 13:49:03,FAKE_BREAKOUT_RISK,假突破/追高風險：避免追價。,WATCH,334
5471,ALPHA,WAIT,ALPHA 時機未明，先觀察,15,51.7,48.68,45.95,44.31,41.88,0.0475,0.1777,0.2518,0.2903,0.0582,False,False,False,False,0.0,,無事件,等待下一次確認。,0.0,129,v266.62,2026-09-27 13:49:01,0.0,,NONE,183,-25,AVOID_CHASE,過熱扣分,318,12.0,0.0,0.0,53.0,-35.29,量能安靜｜假突破/出貨文字風險｜離MA20過遠,v266.68,2026-09-27 13:49:03,FAKE_BREAKOUT_RISK,假突破/追高風險：避免追價。,WATCH,335
3717,ALPHA,WAIT,ALPHA 時機未明，先觀察,25,25.35,23.94,22.38,21.89,20.3,0.0437,0.107,0.1602,5.0024,0.0503,False,False,False,False,0.0,,無事件,等待下一次確認。,0.0,338,v266.62,2026-09-27 13:49:01,0.0,,NONE,339,-25,AVOID_CHASE,過熱扣分,322,12.0,0.0,0.0,53.0,-35.29,量能安靜｜假突破/出貨文字風險｜離MA20過遠,v266.68,2026-09-27 13:49:03,FAKE_BREAKOUT_RISK,假突破/追高風險：避免追價。,WATCH,336
2032,ALPHA,WAIT,ALPHA 時機未明，先觀察,25,18.55,17.39,16.62,16.35,16.27,0.0353,0.1741,0.0944,4.2571,0.0352,True,False,False,True,0.0,,無事件,等待下一次確認。,0.0,15,v266.62,2026-09-27 13:49:01,0.0,,NONE,331,-25,AVOID_CHASE,過熱扣分,326,12.0,0.0,0.0,53.0,-35.29,量能安靜｜假突破/出貨文字風險｜離MA20過遠,v266.68,2026-09-27 13:49:03,FAKE_BREAKOUT_RISK,假突破/追高風險：避免追價。,WATCH,337
2399,ALPHA,WAIT,ALPHA 時機未明，先觀察,15,47.3,44.87,44.11,41.76,32.5,0.0658,0.0558,0.4036,0.0697,0.0577,True,False,False,False,0.0,,無事件,等待下一次確認。,0.0,85,v266.62,2026-09-27 13:49:01,0.0,,NONE,309,-25,AVOID_CHASE,過熱扣分,335,12.0,0.0,0.0,53.0,-35.29,量能安靜｜假突破/出貨文字風險｜離MA20過遠,v266.68,2026-09-27 13:49:03,FAKE_BREAKOUT_RISK,假突破/追高風險：避免追價。,WATCH,338
2383,ALPHA,WAIT,ALPHA 時機未明，先觀察,15,5050.0,4902.0,4793.0,4446.0,3216.67,0.0547,0.0202,0.4008,0.7154,0.0795,True,False,False,False,0.0,,無事件,等待下一次確認。,0.0,93,v266.62,2026-09-27 13:49:01,0.0,,NONE,304,-25,AVOID_CHASE,過熱扣分,336,12.0,0.0,0.0,53.0,-35.29,量能安靜｜假突破/出貨文字風險｜離MA20過遠,v266.68,2026-09-27 13:49:03,FAKE_BREAKOUT_RISK,假突破/追高風險：避免追價。,WATCH,339
2472,ALPHA,WAIT,ALPHA 時機未明，先觀察,15,218.5,217.9,200.25,189.55,145.03,0.0617,0.1716,0.2241,0.3059,0.0894,False,False,False,False,0.0,,無事件,等待下一次確認。,0.0,90,v266.62,2026-09-27 13:49:01,0.0,,NONE,302,-25,AVOID_CHASE,過熱扣分,340,12.0,0.0,0.0,53.0,-35.29,量能安靜｜假突破/出貨文字風險｜離MA20過遠,v266.68,2026-09-27 13:49:03,FAKE_BREAKOUT_RISK,假突破/追高風險：避免追價。,WATCH,340
2723,ALPHA,WAIT,ALPHA 時機未明，先觀察,15,78.5,69.32,67.06,66.29,69.48,0.0255,0.1805,0.1561,0.3395,0.0242,True,False,False,False,-12.0,遠離MA20過熱扣分,過熱/風險事件,避免追高，等回檔不破再評估。,-12.0,381,v266.62,2026-09-27 13:49:01,-20.0,乖離過大,NONE,369,-55,AVOID_CHASE,過熱扣分｜風險文字,341,27.0,0.0,0.0,85.0,-52.41,均線收斂｜量能安靜｜假突破/出貨文字風險｜離MA20過遠｜MA20乖離過熱,v266.68,2026-09-27 13:49:03,FAKE_BREAKOUT_RISK,假突破/追高風險：避免追價。,WATCH,341
2634,ALPHA,WAIT,ALPHA 時機未明，先觀察,15,63.1,51.32,49.9,49.52,50.45,0.0388,0.2891,0.3284,0.5693,0.0172,True,False,False,False,-12.0,遠離MA20過熱扣分,過熱/風險事件,避免追高，等回檔不破再評估。,-12.0,380,v266.62,2026-09-27 13:49:01,-20.0,乖離過大,NONE,368,-55,AVOID_CHASE,過熱扣分｜風險文字,342,27.0,0.0,0.0,85.0,-52.41,均線收斂｜量能安靜｜假突破/出貨文字風險｜離MA20過遠｜MA20乖離過熱,v266.68,2026-09-27 13:49:03,FAKE_BREAKOUT_RISK,假突破/追高風險：避免追價。,WATCH,342
2618,ALPHA,WAIT,ALPHA 時機未明，先觀察,15,42.0,36.8,35.33,34.92,35.38,0.0232,0.2371,0.1949,0.7358,0.0272,True,False,False,False,-12.0,遠離MA20過熱扣分,過熱/風險事件,避免追高，等回檔不破再評估。,-12.0,379,v266.62,2026-09-27 13:49:01,-20.0,乖離過大,NONE,367,-55,AVOID_CHASE,過熱扣分｜風險文字,345,27.0,0.0,0.0,85.0,-52.41,均線收斂｜量能安靜｜假突破/出貨文字風險｜離MA20過遠｜MA20乖離過熱,v266.68,2026-09-27 13:49:03,FAKE_BREAKOUT_RISK,假突破/追高風險：避免追價。,WATCH,343
2606,ALPHA,WAIT,ALPHA 時機未明，先觀察,15,76.7,67.2,64.65,63.53,62.12,0.0322,0.1947,0.272,0.6301,0.0313,True,False,False,False,-12.0,遠離MA20過熱扣分,過熱/風險事件,避免追高，等回檔不破再評估。,-12.0,378,v266.62,2026-09-27 13:49:01,-20.0,乖離過大,NONE,366,-55,AVOID_CHASE,過熱扣分｜風險文字,346,27.0,0.0,0.0,85.0,-52.41,均線收斂｜量能安靜｜假突破/出貨文字風險｜離MA20過遠｜MA20乖離過熱,v266.68,2026-09-27 13:49:03,FAKE_BREAKOUT_RISK,假突破/追高風險：避免追價。,WATCH,344
3346,ALPHA,WAIT,ALPHA 時機未明，先觀察,25,23.6,18.31,17.73,17.91,19.06,0.0362,0.3882,0.3075,1.1889,0.0124,True,False,False,True,-12.0,遠離MA20過熱扣分,過熱/風險事件,避免追高，等回檔不破再評估。,-12.0,345,v266.62,2026-09-27 13:49:01,-20.0,乖離過大,NONE,377,-55,AVOID_CHASE,過熱扣分｜風險文字,347,27.0,0.0,0.0,85.0,-52.41,均線收斂｜量能安靜｜假突破/出貨文字風險｜離MA20過遠｜MA20乖離過熱,v266.68,2026-09-27 13:49:03,FAKE_BREAKOUT_RISK,假突破/追高風險：避免追價。,WATCH,345
3029,ALPHA,WAIT,ALPHA 時機未明，先觀察,25,120.0,103.28,101.87,99.14,105.03,0.0322,0.1823,0.2208,1.3208,0.0286,True,False,False,True,-12.0,遠離MA20過熱扣分,過熱/風險事件,避免追高，等回檔不破再評估。,-12.0,342,v266.62,2026-09-27 13:49:01,-20.0,乖離過大,NONE,374,-55,AVOID_CHASE,過熱扣分｜風險文字,351,27.0,0.0,0.0,85.0,-52.41,均線收斂｜量能安靜｜假突破/出貨文字風險｜離MA20過遠｜MA20乖離過熱,v266.68,2026-09-27 13:49:03,FAKE_BREAKOUT_RISK,假突破/追高風險：避免追價。,WATCH,346
3311,ALPHA,WAIT,ALPHA 時機未明，先觀察,25,38.05,33.58,32.14,32.21,32.22,0.0284,0.2455,0.1601,3.0047,0.0189,True,False,False,True,-12.0,遠離MA20過熱扣分,過熱/風險事件,避免追高，等回檔不破再評估。,-12.0,344,v266.62,2026-09-27 13:49:01,-20.0,乖離過大,NONE,376,-55,AVOID_CHASE,過熱扣分｜風險文字,353,27.0,0.0,0.0,85.0,-52.41,均線收斂｜量能安靜｜假突破/出貨文字風險｜離MA20過遠｜MA20乖離過熱,v266.68,2026-09-27 13:49:03,FAKE_BREAKOUT_RISK,假突破/追高風險：避免追價。,WATCH,347
6885,ALPHA,WAIT,ALPHA 時機未明，先觀察,25,31.15,24.19,23.75,23.66,24.93,0.0382,0.3312,0.3006,3.3568,0.0101,True,False,False,True,-12.0,遠離MA20過熱扣分,過熱/風險事件,避免追高，等回檔不破再評估。,-12.0,349,v266.62,2026-09-27 13:49:01,-20.0,乖離過大,NONE,381,-55,AVOID_CHASE,過熱扣分｜風險文字,355,27.0,0.0,0.0,85.0,-52.41,均線收斂｜量能安靜｜假突破/出貨文字風險｜離MA20過遠｜MA20乖離過熱,v266.68,2026-09-27 13:49:03,FAKE_BREAKOUT_RISK,假突破/追高風險：避免追價。,WATCH,348
4770,ALPHA,WAIT,ALPHA 時機未明，先觀察,25,281.5,240.8,234.9,233.47,234.44,0.0479,0.2374,0.2319,5.4621,0.0155,True,False,False,True,-12.0,遠離MA20過熱扣分,過熱/風險事件,避免追高，等回檔不破再評估。,-12.0,346,v266.62,2026-09-27 13:49:01,-20.0,乖離過大,NONE,378,-55,AVOID_CHASE,過熱扣分｜風險文字,356,27.0,0.0,0.0,85.0,-52.41,均線收斂｜量能安靜｜假突破/出貨文字風險｜離MA20過遠｜MA20乖離過熱,v266.68,2026-09-27 13:49:03,FAKE_BREAKOUT_RISK,假突破/追高風險：避免追價。,WATCH,349
6742,ALPHA,WAIT,ALPHA 時機未明，先觀察,25,54.7,42.37,40.93,41.65,41.84,0.0438,0.4044,0.2765,5.4925,0.0131,False,False,False,False,-12.0,遠離MA20過熱扣分,過熱/風險事件,避免追高，等回檔不破再評估。,-12.0,348,v266.62,2026-09-27 13:49:01,-20.0,乖離過大,NONE,380,-55,AVOID_CHASE,過熱扣分｜風險文字,357,27.0,0.0,0.0,85.0,-52.41,均線收斂｜量能安靜｜假突破/出貨文字風險｜離MA20過遠｜MA20乖離過熱,v266.68,2026-09-27 13:49:03,FAKE_BREAKOUT_RISK,假突破/追高風險：避免追價。,WATCH,350
9945,ALPHA,WAIT,ALPHA 時機未明，先觀察,25,29.9,24.79,24.16,24.34,26.22,0.0245,0.2751,0.1889,1.876,0.0106,True,False,False,True,-12.0,遠離MA20過熱扣分,過熱/風險事件,避免追高，等回檔不破再評估。,-12.0,351,v266.62,2026-09-27 13:49:01,-20.0,乖離過大,NONE,383,-55,AVOID_CHASE,過熱扣分｜風險文字,359,27.0,0.0,0.0,85.0,-52.41,均線收斂｜量能安靜｜假突破/出貨文字風險｜離MA20過遠｜MA20乖離過熱,v266.68,2026-09-27 13:49:03,FAKE_BREAKOUT_RISK,假突破/追高風險：避免追價。,WATCH,351
8996,ALPHA,WAIT,ALPHA 時機未明，先觀察,25,1530.0,1146.0,1172.0,1167.25,977.27,0.0779,0.3133,0.3722,1.1559,0.0085,True,False,False,True,-12.0,遠離MA20過熱扣分,過熱/風險事件,避免追高，等回檔不破再評估。,-12.0,350,v266.62,2026-09-27 13:49:01,-20.0,乖離過大,NONE,382,-55,AVOID_CHASE,過熱扣分｜風險文字,360,27.0,0.0,0.0,85.0,-52.41,均線收斂｜量能安靜｜假突破/出貨文字風險｜離MA20過遠｜MA20乖離過熱,v266.68,2026-09-27 13:49:03,FAKE_BREAKOUT_RISK,假突破/追高風險：避免追價。,WATCH,352
1301,ALPHA,WAIT,ALPHA 時機未明，先觀察,15,64.1,51.82,51.44,51.68,48.98,0.0435,0.2643,0.1805,0.6762,0.003,True,False,False,False,-12.0,遠離MA20過熱扣分,過熱/風險事件,避免追高，等回檔不破再評估。,-12.0,352,v266.62,2026-09-27 13:49:01,-20.0,乖離過大,NONE,384,-55,AVOID_CHASE,過熱扣分｜風險文字,361,27.0,0.0,0.0,85.0,-52.41,均線收斂｜量能安靜｜假突破/出貨文字風險｜離MA20過遠｜MA20乖離過熱,v266.68,2026-09-27 13:49:03,FAKE_BREAKOUT_RISK,假突破/追高風險：避免追價。,WATCH,353
6906,ALPHA,WAIT,ALPHA 時機未明，先觀察,15,83.0,70.02,65.95,66.23,69.18,0.0394,0.3629,0.2407,0.2952,0.0245,True,False,False,False,-12.0,遠離MA20過熱扣分,過熱/風險事件,避免追高，等回檔不破再評估。,-12.0,365,v266.62,2026-09-27 13:49:01,-20.0,乖離過大,NONE,353,-55,AVOID_CHASE,過熱扣分｜風險文字,362,27.0,0.0,0.0,85.0,-52.41,均線收斂｜量能安靜｜假突破/出貨文字風險｜離MA20過遠｜MA20乖離過熱,v266.68,2026-09-27 13:49:03,FAKE_BREAKOUT_RISK,假突破/追高風險：避免追價。,WATCH,354
7795,ALPHA,WAIT,ALPHA 時機未明，先觀察,15,490.5,399.5,394.95,400.7,388.63,0.0652,0.3045,0.284,0.6747,0.0071,True,False,False,False,-12.0,遠離MA20過熱扣分,過熱/風險事件,避免追高，等回檔不破再評估。,-12.0,366,v266.62,2026-09-27 13:49:01,-20.0,乖離過大,NONE,354,-55,AVOID_CHASE,過熱扣分｜風險文字,363,27.0,0.0,0.0,85.0,-52.41,均線收斂｜量能安靜｜假突破/出貨文字風險｜離MA20過遠｜MA20乖離過熱,v266.68,2026-09-27 13:49:03,FAKE_BREAKOUT_RISK,假突破/追高風險：避免追價。,WATCH,355
4119,ALPHA,WAIT,ALPHA 時機未明，先觀察,15,56.7,47.41,47.44,47.9,50.89,0.0315,0.2038,0.125,0.3941,0.0084,True,False,False,False,-12.0,遠離MA20過熱扣分,過熱/風險事件,避免追高，等回檔不破再評估。,-12.0,370,v266.62,2026-09-27 13:49:01,-20.0,乖離過大,NONE,358,-55,AVOID_CHASE,過熱扣分｜風險文字,367,27.0,0.0,0.0,85.0,-52.41,均線收斂｜量能安靜｜假突破/出貨文字風險｜離MA20過遠｜MA20乖離過熱,v266.68,2026-09-27 13:49:03,FAKE_BREAKOUT_RISK,假突破/追高風險：避免追價。,WATCH,356
4976,ALPHA,WAIT,ALPHA 時機未明，先觀察,15,35.2,30.47,29.76,29.81,29.59,0.0374,0.2265,0.1792,0.874,0.0101,True,False,False,False,-12.0,遠離MA20過熱扣分,過熱/風險事件,避免追高，等回檔不破再評估。,-12.0,371,v266.62,2026-09-27 13:49:01,-20.0,乖離過大,NONE,359,-55,AVOID_CHASE,過熱扣分｜風險文字,368,27.0,0.0,0.0,85.0,-52.41,均線收斂｜量能安靜｜假突破/出貨文字風險｜離MA20過遠｜MA20乖離過熱,v266.68,2026-09-27 13:49:03,FAKE_BREAKOUT_RISK,假突破/追高風險：避免追價。,WATCH,357
5434,ALPHA,WAIT,ALPHA 時機未明，先觀察,15,542.0,447.6,430.45,424.57,364.73,0.0346,0.2753,0.3516,0.2944,0.0267,True,False,False,False,-12.0,遠離MA20過熱扣分,過熱/風險事件,避免追高，等回檔不破再評估。,-12.0,372,v266.62,2026-09-27 13:49:01,-20.0,乖離過大,NONE,360,-55,AVOID_CHASE,過熱扣分｜風險文字,369,27.0,0.0,0.0,85.0,-52.41,均線收斂｜量能安靜｜假突破/出貨文字風險｜離MA20過遠｜MA20乖離過熱,v266.68,2026-09-27 13:49:03,FAKE_BREAKOUT_RISK,假突破/追高風險：避免追價。,WATCH,358
5515,ALPHA,WAIT,ALPHA 時機未明，先觀察,15,52.7,41.78,40.89,40.98,37.29,0.0336,0.3241,0.2199,0.8826,0.0085,True,False,False,False,-12.0,遠離MA20過熱扣分,過熱/風險事件,避免追高，等回檔不破再評估。,-12.0,373,v266.62,2026-09-27 13:49:01,-20.0,乖離過大,NONE,361,-55,AVOID_CHASE,過熱扣分｜風險文字,370,27.0,0.0,0.0,85.0,-52.41,均線收斂｜量能安靜｜假突破/出貨文字風險｜離MA20過遠｜MA20乖離過熱,v266.68,2026-09-27 13:49:03,FAKE_BREAKOUT_RISK,假突破/追高風險：避免追價。,WATCH,359
1326,ALPHA,WAIT,ALPHA 時機未明，先觀察,15,67.0,51.65,51.66,51.11,46.94,0.0478,0.3137,0.2271,0.6374,0.0081,True,False,False,False,-12.0,遠離MA20過熱扣分,過熱/風險事件,避免追高，等回檔不破再評估。,-12.0,353,v266.62,2026-09-27 13:49:01,-20.0,乖離過大,NONE,341,-55,AVOID_CHASE,過熱扣分｜風險文字,373,27.0,0.0,0.0,85.0,-52.41,均線收斂｜量能安靜｜假突破/出貨文字風險｜離MA20過遠｜MA20乖離過熱,v266.68,2026-09-27 13:49:03,FAKE_BREAKOUT_RISK,假突破/追高風險：避免追價。,WATCH,360
9921,ALPHA,WAIT,ALPHA 時機未明，先觀察,15,90.6,73.26,70.71,69.67,73.93,0.0346,0.3169,0.3169,0.3368,0.0256,True,False,False,False,-12.0,遠離MA20過熱扣分,過熱/風險事件,避免追高，等回檔不破再評估。,-12.0,355,v266.62,2026-09-27 13:49:01,-20.0,乖離過大,NONE,343,-55,AVOID_CHASE,過熱扣分｜風險文字,375,27.0,0.0,0.0,85.0,-52.41,均線收斂｜量能安靜｜假突破/出貨文字風險｜離MA20過遠｜MA20乖離過熱,v266.68,2026-09-27 13:49:03,FAKE_BREAKOUT_RISK,假突破/追高風險：避免追價。,WATCH,361
6271,ALPHA,WAIT,ALPHA 時機未明，先觀察,15,229.0,191.8,184.0,182.78,165.97,0.0417,0.2758,0.3011,0.2212,0.0224,True,False,False,False,-12.0,遠離MA20過熱扣分,過熱/風險事件,避免追高，等回檔不破再評估。,-12.0,358,v266.62,2026-09-27 13:49:01,-20.0,乖離過大,NONE,346,-55,AVOID_CHASE,過熱扣分｜風險文字,378,27.0,0.0,0.0,85.0,-52.41,均線收斂｜量能安靜｜假突破/出貨文字風險｜離MA20過遠｜MA20乖離過熱,v266.68,2026-09-27 13:49:03,FAKE_BREAKOUT_RISK,假突破/追高風險：避免追價。,WATCH,362
6573,ALPHA,WAIT,ALPHA 時機未明，先觀察,15,15.9,13.42,13.11,13.01,13.48,0.0453,0.2619,0.2927,0.5356,0.016,True,False,False,False,-12.0,遠離MA20過熱扣分,過熱/風險事件,避免追高，等回檔不破再評估。,-12.0,360,v266.62,2026-09-27 13:49:01,-20.0,乖離過大,NONE,348,-55,AVOID_CHASE,過熱扣分｜風險文字,380,27.0,0.0,0.0,85.0,-52.41,均線收斂｜量能安靜｜假突破/出貨文字風險｜離MA20過遠｜MA20乖離過熱,v266.68,2026-09-27 13:49:03,FAKE_BREAKOUT_RISK,假突破/追高風險：避免追價。,WATCH,363
6598,ALPHA,WAIT,ALPHA 時機未明，先觀察,15,27.3,23.69,22.99,22.65,23.57,0.0326,0.1921,0.208,0.6937,0.0251,True,False,False,False,-12.0,遠離MA20過熱扣分,過熱/風險事件,避免追高，等回檔不破再評估。,-12.0,363,v266.62,2026-09-27 13:49:01,-20.0,乖離過大,NONE,351,-55,AVOID_CHASE,過熱扣分｜風險文字,383,27.0,0.0,0.0,85.0,-52.41,均線收斂｜量能安靜｜假突破/出貨文字風險｜離MA20過遠｜MA20乖離過熱,v266.68,2026-09-27 13:49:03,FAKE_BREAKOUT_RISK,假突破/追高風險：避免追價。,WATCH,364
3231,ALPHA,WAIT,ALPHA 時機未明，先觀察,15,184.5,151.5,146.4,143.03,134.43,0.0381,0.2594,0.3516,0.644,0.0321,True,False,False,False,-12.0,遠離MA20過熱扣分,過熱/風險事件,避免追高，等回檔不破再評估。,-12.0,385,v266.62,2026-09-27 13:49:01,-20.0,乖離過大,NONE,385,-55,AVOID_CHASE,過熱扣分｜風險文字,385,27.0,0.0,0.0,85.0,-52.41,均線收斂｜量能安靜｜假突破/出貨文字風險｜離MA20過遠｜MA20乖離過熱,v266.68,2026-09-27 13:49:03,FAKE_BREAKOUT_RISK,假突破/追高風險：避免追價。,WATCH,365
3504,ALPHA,WAIT,ALPHA 時機未明，先觀察,15,78.5,66.86,65.84,66.51,59.94,0.0559,0.2077,0.2911,0.6042,0.0065,True,False,False,False,-12.0,遠離MA20過熱扣分,過熱/風險事件,避免追高，等回檔不破再評估。,-12.0,388,v266.62,2026-09-27 13:49:01,-20.0,乖離過大,NONE,388,-55,AVOID_CHASE,過熱扣分｜風險文字,388,27.0,0.0,0.0,85.0,-52.41,均線收斂｜量能安靜｜假突破/出貨文字風險｜離MA20過遠｜MA20乖離過熱,v266.68,2026-09-27 13:49:03,FAKE_BREAKOUT_RISK,假突破/追高風險：避免追價。,WATCH,366
3617,ALPHA,WAIT,ALPHA 時機未明，先觀察,15,242.5,206.2,198.85,194.78,185.57,0.0332,0.2278,0.351,0.5323,0.032,True,False,False,False,-12.0,遠離MA20過熱扣分,過熱/風險事件,避免追高，等回檔不破再評估。,-12.0,389,v266.62,2026-09-27 13:49:01,-20.0,乖離過大,NONE,389,-55,AVOID_CHASE,過熱扣分｜風險文字,389,27.0,0.0,0.0,85.0,-52.41,均線收斂｜量能安靜｜假突破/出貨文字風險｜離MA20過遠｜MA20乖離過熱,v266.68,2026-09-27 13:49:03,FAKE_BREAKOUT_RISK,假突破/追高風險：避免追價。,WATCH,367
2324,ALPHA,WAIT,ALPHA 時機未明，先觀察,15,36.5,31.26,30.27,30.39,30.45,0.0428,0.25,0.2373,0.3427,0.0136,True,False,False,False,-12.0,遠離MA20過熱扣分,過熱/風險事件,避免追高，等回檔不破再評估。,-12.0,390,v266.62,2026-09-27 13:49:01,-20.0,乖離過大,NONE,390,-55,AVOID_CHASE,過熱扣分｜風險文字,390,27.0,0.0,0.0,85.0,-52.41,均線收斂｜量能安靜｜假突破/出貨文字風險｜離MA20過遠｜MA20乖離過熱,v266.68,2026-09-27 13:49:03,FAKE_BREAKOUT_RISK,假突破/追高風險：避免追價。,WATCH,368
2362,ALPHA,WAIT,ALPHA 時機未明，先觀察,15,47.6,41.5,40.16,39.36,38.7,0.0254,0.2081,0.2268,0.3548,0.0308,True,False,False,False,-12.0,遠離MA20過熱扣分,過熱/風險事件,避免追高，等回檔不破再評估。,-12.0,393,v266.62,2026-09-27 13:49:01,-20.0,乖離過大,NONE,393,-55,AVOID_CHASE,過熱扣分｜風險文字,393,27.0,0.0,0.0,85.0,-52.41,均線收斂｜量能安靜｜假突破/出貨文字風險｜離MA20過遠｜MA20乖離過熱,v266.68,2026-09-27 13:49:03,FAKE_BREAKOUT_RISK,假突破/追高風險：避免追價。,WATCH,369
2520,ALPHA,WAIT,ALPHA 時機未明，先觀察,15,37.3,31.54,30.46,30.69,31.47,0.0275,0.2796,0.2071,0.5936,0.0145,True,False,False,False,-12.0,遠離MA20過熱扣分,過熱/風險事件,避免追高，等回檔不破再評估。,-12.0,397,v266.62,2026-09-27 13:49:01,-20.0,乖離過大,NONE,397,-55,AVOID_CHASE,過熱扣分｜風險文字,397,27.0,0.0,0.0,85.0,-52.41,均線收斂｜量能安靜｜假突破/出貨文字風險｜離MA20過遠｜MA20乖離過熱,v266.68,2026-09-27 13:49:03,FAKE_BREAKOUT_RISK,假突破/追高風險：避免追價。,WATCH,370
2535,ALPHA,WAIT,ALPHA 時機未明，先觀察,15,89.8,77.66,75.56,74.04,72.47,0.0341,0.2218,0.2774,0.4337,0.0286,True,False,False,False,-12.0,遠離MA20過熱扣分,過熱/風險事件,避免追高，等回檔不破再評估。,-12.0,398,v266.62,2026-09-27 13:49:01,-20.0,乖離過大,NONE,398,-55,AVOID_CHASE,過熱扣分｜風險文字,398,27.0,0.0,0.0,85.0,-52.41,均線收斂｜量能安靜｜假突破/出貨文字風險｜離MA20過遠｜MA20乖離過熱,v266.68,2026-09-27 13:49:03,FAKE_BREAKOUT_RISK,假突破/追高風險：避免追價。,WATCH,371
2546,ALPHA,WAIT,ALPHA 時機未明，先觀察,15,106.5,89.48,87.2,86.39,85.03,0.0187,0.2559,0.2369,0.5231,0.0183,True,False,False,False,-12.0,遠離MA20過熱扣分,過熱/風險事件,避免追高，等回檔不破再評估。,-12.0,399,v266.62,2026-09-27 13:49:01,-20.0,乖離過大,NONE,399,-55,AVOID_CHASE,過熱扣分｜風險文字,399,27.0,0.0,0.0,85.0,-52.41,均線收斂｜量能安靜｜假突破/出貨文字風險｜離MA20過遠｜MA20乖離過熱,v266.68,2026-09-27 13:49:03,FAKE_BREAKOUT_RISK,假突破/追高風險：避免追價。,WATCH,372
1447,ALPHA,WAIT,ALPHA 時機未明，先觀察,15,6.39,5.24,5.12,5.16,5.28,0.0258,0.2883,0.2057,0.6901,0.0099,True,False,False,False,-12.0,遠離MA20過熱扣分,過熱/風險事件,避免追高，等回檔不破再評估。,-12.0,400,v266.62,2026-09-27 13:49:01,-20.0,乖離過大,NONE,400,-55,AVOID_CHASE,過熱扣分｜風險文字,400,27.0,0.0,0.0,85.0,-52.41,均線收斂｜量能安靜｜假突破/出貨文字風險｜離MA20過遠｜MA20乖離過熱,v266.68,2026-09-27 13:49:03,FAKE_BREAKOUT_RISK,假突破/追高風險：避免追價。,WATCH,373
1515,ALPHA,WAIT,ALPHA 時機未明，先觀察,15,29.45,24.1,23.0,22.94,24.31,0.0341,0.3417,0.2945,0.8935,0.0207,True,False,False,False,-12.0,遠離MA20過熱扣分,過熱/風險事件,避免追高，等回檔不破再評估。,-12.0,401,v266.62,2026-09-27 13:49:01,-20.0,乖離過大,NONE,401,-55,AVOID_CHASE,過熱扣分｜風險文字,401,27.0,0.0,0.0,85.0,-52.41,均線收斂｜量能安靜｜假突破/出貨文字風險｜離MA20過遠｜MA20乖離過熱,v266.68,2026-09-27 13:49:03,FAKE_BREAKOUT_RISK,假突破/追高風險：避免追價。,WATCH,374
1558,ALPHA,WAIT,ALPHA 時機未明，先觀察,15,112.0,95.6,93.54,93.0,93.98,0.0184,0.2214,0.2082,0.657,0.0141,True,False,False,False,-12.0,遠離MA20過熱扣分,過熱/風險事件,避免追高，等回檔不破再評估。,-12.0,402,v266.62,2026-09-27 13:49:01,-20.0,乖離過大,NONE,402,-55,AVOID_CHASE,過熱扣分｜風險文字,402,27.0,0.0,0.0,85.0,-52.41,均線收斂｜量能安靜｜假突破/出貨文字風險｜離MA20過遠｜MA20乖離過熱,v266.68,2026-09-27 13:49:03,FAKE_BREAKOUT_RISK,假突破/追高風險：避免追價。,WATCH,375
1710,ALPHA,WAIT,ALPHA 時機未明，先觀察,15,16.4,13.11,12.94,13.22,13.61,0.0396,0.3279,0.1271,0.9037,0.0117,True,False,False,False,-12.0,遠離MA20過熱扣分,過熱/風險事件,避免追高，等回檔不破再評估。,-12.0,403,v266.62,2026-09-27 13:49:01,-20.0,乖離過大,NONE,403,-55,AVOID_CHASE,過熱扣分｜風險文字,403,27.0,0.0,0.0,85.0,-52.41,均線收斂｜量能安靜｜假突破/出貨文字風險｜離MA20過遠｜MA20乖離過熱,v266.68,2026-09-27 13:49:03,FAKE_BREAKOUT_RISK,假突破/追高風險：避免追價。,WATCH,376
1810,ALPHA,WAIT,ALPHA 時機未明，先觀察,15,23.95,19.45,18.68,18.38,18.12,0.0412,0.2842,0.3844,0.4989,0.0288,True,False,False,False,-12.0,遠離MA20過熱扣分,過熱/風險事件,避免追高，等回檔不破再評估。,-12.0,404,v266.62,2026-09-27 13:49:01,-20.0,乖離過大,NONE,404,-55,AVOID_CHASE,過熱扣分｜風險文字,404,27.0,0.0,0.0,85.0,-52.41,均線收斂｜量能安靜｜假突破/出貨文字風險｜離MA20過遠｜MA20乖離過熱,v266.68,2026-09-27 13:49:03,FAKE_BREAKOUT_RISK,假突破/追高風險：避免追價。,WATCH,377
2006,ALPHA,WAIT,ALPHA 時機未明，先觀察,15,87.8,71.34,68.91,69.09,72.26,0.0289,0.3163,0.2419,0.6855,0.0138,True,False,False,False,-12.0,遠離MA20過熱扣分,過熱/風險事件,避免追高，等回檔不破再評估。,-12.0,405,v266.62,2026-09-27 13:49:01,-20.0,乖離過大,NONE,405,-55,AVOID_CHASE,過熱扣分｜風險文字,405,27.0,0.0,0.0,85.0,-52.41,均線收斂｜量能安靜｜假突破/出貨文字風險｜離MA20過遠｜MA20乖離過熱,v266.68,2026-09-27 13:49:03,FAKE_BREAKOUT_RISK,假突破/追高風險：避免追價。,WATCH,378
2905,ALPHA,WAIT,ALPHA 時機未明，先觀察,25,18.3,14.41,13.99,14.13,14.76,0.0298,0.3556,0.2491,1.5743,0.0115,True,False,False,True,-12.0,遠離MA20過熱扣分,過熱/風險事件,避免追高，等回檔不破再評估。,-12.0,407,v266.62,2026-09-27 13:49:01,-20.0,乖離過大,NONE,407,-55,AVOID_CHASE,過熱扣分｜風險文字,407,27.0,0.0,0.0,85.0,-52.41,均線收斂｜量能安靜｜假突破/出貨文字風險｜離MA20過遠｜MA20乖離過熱,v266.68,2026-09-27 13:49:03,FAKE_BREAKOUT_RISK,假突破/追高風險：避免追價。,WATCH,379
2254,ALPHA,WAIT,ALPHA 時機未明，先觀察,25,88.8,70.32,70.6,73.44,69.27,0.0501,0.2668,0.2888,14.5627,0.0336,False,False,False,False,-12.0,遠離MA20過熱扣分,過熱/風險事件,避免追高，等回檔不破再評估。,-12.0,408,v266.62,2026-09-27 13:49:01,-20.0,乖離過大,NONE,408,-55,AVOID_CHASE,過熱扣分｜風險文字,408,27.0,0.0,0.0,85.0,-52.41,均線收斂｜量能安靜｜假突破/出貨文字風險｜離MA20過遠｜MA20乖離過熱,v266.68,2026-09-27 13:49:03,FAKE_BREAKOUT_RISK,假突破/追高風險：避免追價。,WATCH,380
1708,ALPHA,WAIT,ALPHA 時機未明，先觀察,25,52.3,41.9,41.25,40.77,39.76,0.0421,0.3342,0.2663,1.4315,0.0154,True,False,False,True,-12.0,遠離MA20過熱扣分,過熱/風險事件,避免追高，等回檔不破再評估。,-12.0,409,v266.62,2026-09-27 13:49:01,-20.0,乖離過大,NONE,409,-55,AVOID_CHASE,過熱扣分｜風險文字,409,27.0,0.0,0.0,85.0,-52.41,均線收斂｜量能安靜｜假突破/出貨文字風險｜離MA20過遠｜MA20乖離過熱,v266.68,2026-09-27 13:49:03,FAKE_BREAKOUT_RISK,假突破/追高風險：避免追價。,WATCH,381
1617,ALPHA,WAIT,ALPHA 時機未明，先觀察,25,19.95,15.96,15.53,15.55,15.3,0.0382,0.3256,0.2955,3.1599,0.0109,False,False,False,False,-12.0,遠離MA20過熱扣分,過熱/風險事件,避免追高，等回檔不破再評估。,-12.0,410,v266.62,2026-09-27 13:49:01,-20.0,乖離過大,NONE,410,-55,AVOID_CHASE,過熱扣分｜風險文字,410,27.0,0.0,0.0,85.0,-52.41,均線收斂｜量能安靜｜假突破/出貨文字風險｜離MA20過遠｜MA20乖離過熱,v266.68,2026-09-27 13:49:03,FAKE_BREAKOUT_RISK,假突破/追高風險：避免追價。,WATCH,382
6209,ALPHA,WAIT,ALPHA 時機未明，先觀察,15,79.9,69.98,67.45,65.48,59.1,0.0593,0.1716,0.2723,0.6563,0.0404,True,False,False,False,-12.0,遠離MA20過熱扣分,過熱/風險事件,避免追高，等回檔不破再評估。,-12.0,377,v266.62,2026-09-27 13:49:01,-20.0,乖離過大,NONE,365,-55,AVOID_CHASE,過熱扣分｜風險文字,343,12.0,0.0,0.0,85.0,-56.61,量能安靜｜假突破/出貨文字風險｜離MA20過遠｜MA20乖離過熱,v266.68,2026-09-27 13:49:03,FAKE_BREAKOUT_RISK,假突破/追高風險：避免追價。,WATCH,383
6206,ALPHA,WAIT,ALPHA 時機未明，先觀察,15,139.0,129.1,119.15,113.08,102.94,0.0329,0.2579,0.3495,0.1561,0.0795,True,False,False,False,-12.0,遠離MA20過熱扣分,過熱/風險事件,避免追高，等回檔不破再評估。,-12.0,376,v266.62,2026-09-27 13:49:01,-20.0,乖離過大,NONE,364,-55,AVOID_CHASE,過熱扣分｜風險文字,344,12.0,0.0,0.0,85.0,-56.61,量能安靜｜假突破/出貨文字風險｜離MA20過遠｜MA20乖離過熱,v266.68,2026-09-27 13:49:03,FAKE_BREAKOUT_RISK,假突破/追高風險：避免追價。,WATCH,384
3032,ALPHA,WAIT,ALPHA 時機未明，先觀察,15,79.0,75.56,70.01,66.41,66.6,0.0378,0.188,0.2887,0.5968,0.0806,False,False,False,False,-12.0,遠離MA20過熱扣分,過熱/風險事件,避免追高，等回檔不破再評估。,-12.0,382,v266.62,2026-09-27 13:49:01,-20.0,乖離過大,NONE,370,-55,AVOID_CHASE,過熱扣分｜風險文字,348,12.0,0.0,0.0,85.0,-56.61,量能安靜｜假突破/出貨文字風險｜離MA20過遠｜MA20乖離過熱,v266.68,2026-09-27 13:49:03,FAKE_BREAKOUT_RISK,假突破/追高風險：避免追價。,WATCH,385
3048,ALPHA,WAIT,ALPHA 時機未明，先觀察,15,51.9,45.66,42.47,40.83,38.71,0.0425,0.2597,0.3308,0.2526,0.0623,True,False,False,False,-12.0,遠離MA20過熱扣分,過熱/風險事件,避免追高，等回檔不破再評估。,-12.0,384,v266.62,2026-09-27 13:49:01,-20.0,乖離過大,NONE,372,-55,AVOID_CHASE,過熱扣分｜風險文字,349,12.0,0.0,0.0,85.0,-56.61,量能安靜｜假突破/出貨文字風險｜離MA20過遠｜MA20乖離過熱,v266.68,2026-09-27 13:49:03,FAKE_BREAKOUT_RISK,假突破/追高風險：避免追價。,WATCH,386
3034,ALPHA,WAIT,ALPHA 時機未明，先觀察,15,543.0,495.5,457.2,436.0,400.23,0.0327,0.2299,0.3626,0.5633,0.0743,True,False,False,False,-12.0,遠離MA20過熱扣分,過熱/風險事件,避免追高，等回檔不破再評估。,-12.0,383,v266.62,2026-09-27 13:49:01,-20.0,乖離過大,NONE,371,-55,AVOID_CHASE,過熱扣分｜風險文字,350,12.0,0.0,0.0,85.0,-56.61,量能安靜｜假突破/出貨文字風險｜離MA20過遠｜MA20乖離過熱,v266.68,2026-09-27 13:49:03,FAKE_BREAKOUT_RISK,假突破/追高風險：避免追價。,WATCH,387
3167,ALPHA,WAIT,ALPHA 時機未明，先觀察,25,949.0,775.2,797.0,738.0,484.27,0.0809,0.1937,0.4122,3.8757,0.0507,True,False,False,True,-12.0,遠離MA20過熱扣分,過熱/風險事件,避免追高，等回檔不破再評估。,-12.0,343,v266.62,2026-09-27 13:49:01,-20.0,乖離過大,NONE,375,-55,AVOID_CHASE,過熱扣分｜風險文字,352,12.0,0.0,0.0,85.0,-56.61,量能安靜｜假突破/出貨文字風險｜離MA20過遠｜MA20乖離過熱,v266.68,2026-09-27 13:49:03,FAKE_BREAKOUT_RISK,假突破/追高風險：避免追價。,WATCH,388
3022,ALPHA,WAIT,ALPHA 時機未明，先觀察,25,93.1,76.16,73.86,71.62,65.25,0.0383,0.2581,0.3772,1.2505,0.0365,True,False,False,True,-12.0,遠離MA20過熱扣分,過熱/風險事件,避免追高，等回檔不破再評估。,-12.0,341,v266.62,2026-09-27 13:49:01,-20.0,乖離過大,NONE,373,-55,AVOID_CHASE,過熱扣分｜風險文字,354,12.0,0.0,0.0,85.0,-56.61,量能安靜｜假突破/出貨文字風險｜離MA20過遠｜MA20乖離過熱,v266.68,2026-09-27 13:49:03,FAKE_BREAKOUT_RISK,假突破/追高風險：避免追價。,WATCH,389
6668,ALPHA,WAIT,ALPHA 時機未明，先觀察,25,47.55,39.02,37.26,36.81,35.66,0.0484,0.2383,0.3723,2.8875,0.0278,True,False,False,True,-12.0,遠離MA20過熱扣分,過熱/風險事件,避免追高，等回檔不破再評估。,-12.0,347,v266.62,2026-09-27 13:49:01,-20.0,乖離過大,NONE,379,-55,AVOID_CHASE,過熱扣分｜風險文字,358,12.0,0.0,0.0,85.0,-56.61,量能安靜｜假突破/出貨文字風險｜離MA20過遠｜MA20乖離過熱,v266.68,2026-09-27 13:49:03,FAKE_BREAKOUT_RISK,假突破/追高風險：避免追價。,WATCH,390
8016,ALPHA,WAIT,ALPHA 時機未明，先觀察,15,283.5,272.9,253.25,237.25,209.69,0.0385,0.1739,0.3966,0.1468,0.0911,True,False,False,False,-12.0,遠離MA20過熱扣分,過熱/風險事件,避免追高，等回檔不破再評估。,-12.0,367,v266.62,2026-09-27 13:49:01,-20.0,乖離過大,NONE,355,-55,AVOID_CHASE,過熱扣分｜風險文字,364,12.0,0.0,0.0,85.0,-56.61,量能安靜｜假突破/出貨文字風險｜離MA20過遠｜MA20乖離過熱,v266.68,2026-09-27 13:49:03,FAKE_BREAKOUT_RISK,假突破/追高風險：避免追價。,WATCH,391
8028,ALPHA,WAIT,ALPHA 時機未明，先觀察,15,269.0,239.3,240.95,226.6,196.31,0.0638,0.1374,0.4047,0.5832,0.0503,True,False,False,False,-12.0,遠離MA20過熱扣分,過熱/風險事件,避免追高，等回檔不破再評估。,-12.0,368,v266.62,2026-09-27 13:49:01,-20.0,乖離過大,NONE,356,-55,AVOID_CHASE,過熱扣分｜風險文字,365,12.0,0.0,0.0,85.0,-56.61,量能安靜｜假突破/出貨文字風險｜離MA20過遠｜MA20乖離過熱,v266.68,2026-09-27 13:49:03,FAKE_BREAKOUT_RISK,假突破/追高風險：避免追價。,WATCH,392
8454,ALPHA,WAIT,ALPHA 時機未明，先觀察,15,239.0,201.4,188.55,181.45,181.86,0.0312,0.3241,0.3132,0.3673,0.0566,True,False,False,False,-12.0,遠離MA20過熱扣分,過熱/風險事件,避免追高，等回檔不破再評估。,-12.0,369,v266.62,2026-09-27 13:49:01,-20.0,乖離過大,NONE,357,-55,AVOID_CHASE,過熱扣分｜風險文字,366,12.0,0.0,0.0,85.0,-56.61,量能安靜｜假突破/出貨文字風險｜離MA20過遠｜MA20乖離過熱,v266.68,2026-09-27 13:49:03,FAKE_BREAKOUT_RISK,假突破/追高風險：避免追價。,WATCH,393
6108,ALPHA,WAIT,ALPHA 時機未明，先觀察,15,24.4,22.15,21.09,19.77,17.12,0.0595,0.1091,0.3983,0.3088,0.0758,True,False,False,False,-12.0,遠離MA20過熱扣分,過熱/風險事件,避免追高，等回檔不破再評估。,-12.0,374,v266.62,2026-09-27 13:49:01,-20.0,乖離過大,NONE,362,-55,AVOID_CHASE,過熱扣分｜風險文字,371,12.0,0.0,0.0,85.0,-56.61,量能安靜｜假突破/出貨文字風險｜離MA20過遠｜MA20乖離過熱,v266.68,2026-09-27 13:49:03,FAKE_BREAKOUT_RISK,假突破/追高風險：避免追價。,WATCH,394
6155,ALPHA,WAIT,ALPHA 時機未明，先觀察,15,60.2,53.46,50.27,49.28,47.4,0.0645,0.2988,0.2149,0.9302,0.0429,True,False,False,False,-12.0,遠離MA20過熱扣分,過熱/風險事件,避免追高，等回檔不破再評估。,-12.0,375,v266.62,2026-09-27 13:49:01,-20.0,乖離過大,NONE,363,-55,AVOID_CHASE,過熱扣分｜風險文字,372,12.0,0.0,0.0,85.0,-56.61,量能安靜｜假突破/出貨文字風險｜離MA20過遠｜MA20乖離過熱,v266.68,2026-09-27 13:49:03,FAKE_BREAKOUT_RISK,假突破/追高風險：避免追價。,WATCH,395
8926,ALPHA,WAIT,ALPHA 時機未明，先觀察,15,58.8,51.55,48.74,47.09,45.7,0.0284,0.2591,0.3425,0.4467,0.052,True,False,False,False,-12.0,遠離MA20過熱扣分,過熱/風險事件,避免追高，等回檔不破再評估。,-12.0,354,v266.62,2026-09-27 13:49:01,-20.0,乖離過大,NONE,342,-55,AVOID_CHASE,過熱扣分｜風險文字,374,12.0,0.0,0.0,85.0,-56.61,量能安靜｜假突破/出貨文字風險｜離MA20過遠｜MA20乖離過熱,v266.68,2026-09-27 13:49:03,FAKE_BREAKOUT_RISK,假突破/追高風險：避免追價。,WATCH,396
6239,ALPHA,WAIT,ALPHA 時機未明，先觀察,15,287.0,238.3,228.4,220.3,218.79,0.0528,0.2239,0.3195,0.282,0.0455,True,False,False,False,-12.0,遠離MA20過熱扣分,過熱/風險事件,避免追高，等回檔不破再評估。,-12.0,356,v266.62,2026-09-27 13:49:01,-20.0,乖離過大,NONE,344,-55,AVOID_CHASE,過熱扣分｜風險文字,376,12.0,0.0,0.0,85.0,-56.61,量能安靜｜假突破/出貨文字風險｜離MA20過遠｜MA20乖離過熱,v266.68,2026-09-27 13:49:03,FAKE_BREAKOUT_RISK,假突破/追高風險：避免追價。,WATCH,397
6257,ALPHA,WAIT,ALPHA 時機未明，先觀察,15,243.0,217.9,203.8,192.6,157.28,0.0487,0.1941,0.3352,0.7013,0.0751,True,False,False,False,-12.0,遠離MA20過熱扣分,過熱/風險事件,避免追高，等回檔不破再評估。,-12.0,357,v266.62,2026-09-27 13:49:01,-20.0,乖離過大,NONE,345,-55,AVOID_CHASE,過熱扣分｜風險文字,377,12.0,0.0,0.0,85.0,-56.61,量能安靜｜假突破/出貨文字風險｜離MA20過遠｜MA20乖離過熱,v266.68,2026-09-27 13:49:03,FAKE_BREAKOUT_RISK,假突破/追高風險：避免追價。,WATCH,398
6449,ALPHA,WAIT,ALPHA 時機未明，先觀察,15,209.5,190.1,178.35,174.35,165.81,0.049,0.2251,0.2145,0.3556,0.0471,True,False,False,False,-12.0,遠離MA20過熱扣分,過熱/風險事件,避免追高，等回檔不破再評估。,-12.0,359,v266.62,2026-09-27 13:49:01,-20.0,乖離過大,NONE,347,-55,AVOID_CHASE,過熱扣分｜風險文字,379,12.0,0.0,0.0,85.0,-56.61,量能安靜｜假突破/出貨文字風險｜離MA20過遠｜MA20乖離過熱,v266.68,2026-09-27 13:49:03,FAKE_BREAKOUT_RISK,假突破/追高風險：避免追價。,WATCH,399
6579,ALPHA,WAIT,ALPHA 時機未明，先觀察,15,153.5,140.4,133.65,125.75,117.54,0.0337,0.1413,0.3064,0.3923,0.0735,True,False,False,False,-12.0,遠離MA20過熱扣分,過熱/風險事件,避免追高，等回檔不破再評估。,-12.0,361,v266.62,2026-09-27 13:49:01,-20.0,乖離過大,NONE,349,-55,AVOID_CHASE,過熱扣分｜風險文字,381,12.0,0.0,0.0,85.0,-56.61,量能安靜｜假突破/出貨文字風險｜離MA20過遠｜MA20乖離過熱,v266.68,2026-09-27 13:49:03,FAKE_BREAKOUT_RISK,假突破/追高風險：避免追價。,WATCH,400
6585,ALPHA,WAIT,ALPHA 時機未明，先觀察,15,105.5,94.58,89.61,88.97,89.66,0.0361,0.2441,0.1356,0.3197,0.0297,True,False,False,False,-12.0,遠離MA20過熱扣分,過熱/風險事件,避免追高，等回檔不破再評估。,-12.0,362,v266.62,2026-09-27 13:49:01,-20.0,乖離過大,NONE,350,-55,AVOID_CHASE,過熱扣分｜風險文字,382,12.0,0.0,0.0,85.0,-56.61,量能安靜｜假突破/出貨文字風險｜離MA20過遠｜MA20乖離過熱,v266.68,2026-09-27 13:49:03,FAKE_BREAKOUT_RISK,假突破/追高風險：避免追價。,WATCH,401
6770,ALPHA,WAIT,ALPHA 時機未明，先觀察,15,72.0,64.38,59.39,56.57,61.42,0.0506,0.2392,0.3187,0.606,0.0738,True,False,False,False,-12.0,遠離MA20過熱扣分,過熱/風險事件,避免追高，等回檔不破再評估。,-12.0,364,v266.62,2026-09-27 13:49:01,-20.0,乖離過大,NONE,352,-55,AVOID_CHASE,過熱扣分｜風險文字,384,12.0,0.0,0.0,85.0,-56.61,量能安靜｜假突破/出貨文字風險｜離MA20過遠｜MA20乖離過熱,v266.68,2026-09-27 13:49:03,FAKE_BREAKOUT_RISK,假突破/追高風險：避免追價。,WATCH,402
3296,ALPHA,WAIT,ALPHA 時機未明，先觀察,15,27.95,23.58,21.68,21.22,22.02,0.0345,0.3837,0.3,0.3135,0.0503,True,False,False,False,-12.0,遠離MA20過熱扣分,過熱/風險事件,避免追高，等回檔不破再評估。,-12.0,386,v266.62,2026-09-27 13:49:01,-20.0,乖離過大,NONE,386,-55,AVOID_CHASE,過熱扣分｜風險文字,386,12.0,0.0,0.0,85.0,-56.61,量能安靜｜假突破/出貨文字風險｜離MA20過遠｜MA20乖離過熱,v266.68,2026-09-27 13:49:03,FAKE_BREAKOUT_RISK,假突破/追高風險：避免追價。,WATCH,403
3356,ALPHA,WAIT,ALPHA 時機未明，先觀察,15,65.2,59.4,57.02,54.72,50.34,0.0357,0.1833,0.2587,0.3097,0.0536,True,False,False,False,-12.0,遠離MA20過熱扣分,過熱/風險事件,避免追高，等回檔不破再評估。,-12.0,387,v266.62,2026-09-27 13:49:01,-20.0,乖離過大,NONE,387,-55,AVOID_CHASE,過熱扣分｜風險文字,387,12.0,0.0,0.0,85.0,-56.61,量能安靜｜假突破/出貨文字風險｜離MA20過遠｜MA20乖離過熱,v266.68,2026-09-27 13:49:03,FAKE_BREAKOUT_RISK,假突破/追高風險：避免追價。,WATCH,404
2354,ALPHA,WAIT,ALPHA 時機未明，先觀察,15,65.9,62.94,59.35,55.69,54.75,0.0347,0.0249,0.2871,0.3454,0.0827,True,False,False,False,-12.0,遠離MA20過熱扣分,過熱/風險事件,避免追高，等回檔不破再評估。,-12.0,391,v266.62,2026-09-27 13:49:01,-20.0,乖離過大,NONE,391,-55,AVOID_CHASE,過熱扣分｜風險文字,391,12.0,0.0,0.0,85.0,-56.61,量能安靜｜假突破/出貨文字風險｜離MA20過遠｜MA20乖離過熱,v266.68,2026-09-27 13:49:03,FAKE_BREAKOUT_RISK,假突破/追高風險：避免追價。,WATCH,405
2356,ALPHA,WAIT,ALPHA 時機未明，先觀察,15,59.9,51.66,49.31,47.87,44.73,0.038,0.2175,0.343,0.3603,0.0436,True,False,False,False,-12.0,遠離MA20過熱扣分,過熱/風險事件,避免追高，等回檔不破再評估。,-12.0,392,v266.62,2026-09-27 13:49:01,-20.0,乖離過大,NONE,392,-55,AVOID_CHASE,過熱扣分｜風險文字,392,12.0,0.0,0.0,85.0,-56.61,量能安靜｜假突破/出貨文字風險｜離MA20過遠｜MA20乖離過熱,v266.68,2026-09-27 13:49:03,FAKE_BREAKOUT_RISK,假突破/追高風險：避免追價。,WATCH,406
2376,ALPHA,WAIT,ALPHA 時機未明，先觀察,15,361.5,326.6,303.8,292.57,253.46,0.0385,0.201,0.3719,0.3117,0.0626,True,False,False,False,-12.0,遠離MA20過熱扣分,過熱/風險事件,避免追高，等回檔不破再評估。,-12.0,394,v266.62,2026-09-27 13:49:01,-20.0,乖離過大,NONE,394,-55,AVOID_CHASE,過熱扣分｜風險文字,394,12.0,0.0,0.0,85.0,-56.61,量能安靜｜假突破/出貨文字風險｜離MA20過遠｜MA20乖離過熱,v266.68,2026-09-27 13:49:03,FAKE_BREAKOUT_RISK,假突破/追高風險：避免追價。,WATCH,407
2404,ALPHA,WAIT,ALPHA 時機未明，先觀察,15,1285.0,1063.0,1016.3,998.0,969.02,0.0415,0.3059,0.4044,0.6277,0.0324,True,False,False,False,-12.0,遠離MA20過熱扣分,過熱/風險事件,避免追高，等回檔不破再評估。,-12.0,395,v266.62,2026-09-27 13:49:01,-20.0,乖離過大,NONE,395,-55,AVOID_CHASE,過熱扣分｜風險文字,395,12.0,0.0,0.0,85.0,-56.61,量能安靜｜假突破/出貨文字風險｜離MA20過遠｜MA20乖離過熱,v266.68,2026-09-27 13:49:03,FAKE_BREAKOUT_RISK,假突破/追高風險：避免追價。,WATCH,408
2425,ALPHA,WAIT,ALPHA 時機未明，先觀察,15,36.95,33.14,32.05,31.19,29.24,0.0394,0.1712,0.2195,0.3868,0.038,True,False,False,False,-12.0,遠離MA20過熱扣分,過熱/風險事件,避免追高，等回檔不破再評估。,-12.0,396,v266.62,2026-09-27 13:49:01,-20.0,乖離過大,NONE,396,-55,AVOID_CHASE,過熱扣分｜風險文字,396,12.0,0.0,0.0,85.0,-56.61,量能安靜｜假突破/出貨文字風險｜離MA20過遠｜MA20乖離過熱,v266.68,2026-09-27 13:49:03,FAKE_BREAKOUT_RISK,假突破/追高風險：避免追價。,WATCH,409
2027,ALPHA,WAIT,ALPHA 時機未明，先觀察,15,47.6,41.19,39.6,38.3,37.61,0.0258,0.238,0.238,0.4673,0.0439,True,False,False,False,-12.0,遠離MA20過熱扣分,過熱/風險事件,避免追高，等回檔不破再評估。,-12.0,406,v266.62,2026-09-27 13:49:01,-20.0,乖離過大,NONE,406,-55,AVOID_CHASE,過熱扣分｜風險文字,406,12.0,0.0,0.0,85.0,-56.61,量能安靜｜假突破/出貨文字風險｜離MA20過遠｜MA20乖離過熱,v266.68,2026-09-27 13:49:03,FAKE_BREAKOUT_RISK,假突破/追高風險：避免追價。,WATCH,410
